date,total_balance_normal,unlocked_balance_normal,benchmark
2025-01-18T10:30:00.000+0000,1000000.0,1000000.0,999999.9999999999
2025-01-18T10:40:00.000+0000,1000000.0,1000000.0,999999.9999999999
2025-01-18T10:50:00.000+0000,1000000.0,1000000.0,999999.9999999999
2025-01-18T11:00:00.000+0000,1000000.0,1000000.0,999999.9999999999
2025-01-18T11:10:00.000+0000,1000000.0,1000000.0,999999.9999999999
2025-01-18T11:20:00.000+0000,1000000.0,1000000.0,999999.9999999999
2025-01-18T11:30:00.000+0000,1000000.0,1000000.0,999999.9999999999
2025-01-18T11:40:00.000+0000,1000000.0,1000000.0,999999.9999999999
2025-01-18T11:50:00.000+0000,1000000.0,1000000.0,999999.9999999999
2025-01-18T12:00:00.000+0000,1000000.0,1000000.0,999999.9999999999
2025-01-18T12:10:00.000+0000,1000000.0,1000000.0,999999.9999999999
2025-01-18T12:20:00.000+0000,1000000.0,1000000.0,999999.9999999999
2025-01-18T12:30:00.000+0000,1000000.0,1000000.0,999999.9999999999
2025-01-18T12:40:00.000+0000,1000000.0,1000000.0,999999.9999999999
2025-01-18T12:50:00.000+0000,1000000.0,1000000.0,999999.9999999999
2025-01-18T13:00:00.000+0000,1000000.0,1000000.0,999999.9999999999
2025-01-18T13:10:00.000+0000,1000000.0,1000000.0,999999.9999999999
2025-01-18T13:20:00.000+0000,1000000.0,1000000.0,999999.9999999999
2025-01-18T13:30:00.000+0000,1000000.0,1000000.0,999999.9999999999
2025-01-18T13:40:00.000+0000,985861.8529741596,731038.0928999996,999999.9999999999
2025-01-18T13:50:00.000+0000,975304.4481601596,731038.0928999996,999999.9999999999
2025-01-18T14:00:00.000+0000,946293.9794167196,731038.0928999996,999999.9999999999
2025-01-18T14:10:00.000+0000,933804.2496003995,731038.0928999996,999999.9999999999
2025-01-18T14:20:00.000+0000,942787.6413330396,731038.0928999996,999999.9999999999
2025-01-18T14:30:00.000+0000,927968.8840304796,731038.0928999996,999999.9999999999
2025-01-18T14:40:00.000+0000,903578.0796965596,731038.0928999996,999999.9999999999
2025-01-18T14:50:00.000+0000,861130.9139171196,731038.0928999996,999999.9999999999
2025-01-18T15:00:00.000+0000,876371.9674122396,731038.0928999996,999999.9999999999
2025-01-18T15:10:00.000+0000,892572.7849813596,731038.0928999996,999999.9999999999
2025-01-18T15:20:00.000+0000,895426.4834947196,731038.0928999996,999999.9999999999
2025-01-18T15:30:00.000+0000,881298.7563254395,731038.0928999996,999999.9999999999
2025-01-18T15:40:00.000+0000,840476.7910446395,731038.0928999996,999999.9999999999
2025-01-18T15:50:00.000+0000,827206.4531147996,731038.0928999996,999999.9999999999
2025-01-18T16:00:00.000+0000,826976.1097370395,731038.0928999996,999999.9999999999
2025-01-18T16:10:00.000+0000,833912.0047784796,731038.0928999996,999999.9999999999
2025-01-18T16:20:00.000+0000,863331.9728601596,731038.0928999996,999999.9999999999
2025-01-18T16:30:00.000+0000,868220.3712103995,731038.0928999996,999999.9999999999
2025-01-18T16:40:00.000+0000,884613.1415943196,731038.0928999996,999999.9999999999
2025-01-18T16:50:00.000+0000,902707.8936027996,731038.0928999996,999999.9999999999
2025-01-18T17:00:00.000+0000,911486.5356663195,731038.0928999996,999999.9999999999
2025-01-18T17:10:00.000+0000,893289.4088232797,731038.0928999996,999999.9999999999
2025-01-18T17:20:00.000+0000,906291.0128123997,731038.0928999996,999999.9999999999
2025-01-18T17:30:00.000+0000,906572.5436074396,731038.0928999996,999999.9999999999
2025-01-18T17:40:00.000+0000,876640.7013529596,731038.0928999996,999999.9999999999
2025-01-18T17:50:00.000+0000,867004.6700499996,731038.0928999996,999999.9999999999
2025-01-18T18:00:00.000+0000,865392.2664056796,731038.0928999996,999999.9999999999
2025-01-18T18:10:00.000+0000,863869.4407415995,731038.0928999996,999999.9999999999
2025-01-18T18:20:00.000+0000,883461.4247055196,731038.0928999996,999999.9999999999
2025-01-18T18:30:00.000+0000,878573.0263552796,731038.0928999996,999999.9999999999
2025-01-18T18:40:00.000+0000,873761.4091309595,731038.0928999996,999999.9999999999
2025-01-18T18:50:00.000+0000,892854.3157763996,731038.0928999996,999999.9999999999
2025-01-18T19:00:00.000+0000,898830.4467438397,731038.0928999996,999999.9999999999
2025-01-18T19:10:00.000+0000,901185.0679387196,731038.0928999996,999999.9999999999
2025-01-18T19:20:00.000+0000,907673.0730789596,731038.0928999996,999999.9999999999
2025-01-18T19:30:00.000+0000,908018.5881455996,731038.0928999996,999999.9999999999
2025-01-18T19:40:00.000+0000,908939.9616566396,731038.0928999996,999999.9999999999
2025-01-18T19:50:00.000+0000,929056.6166476797,731038.0928999996,999999.9999999999
2025-01-18T20:00:00.000+0000,920137.2091866396,731038.0928999996,999999.9999999999
2025-01-18T20:10:00.000+0000,933458.7345337596,731038.0928999996,999999.9999999999
2025-01-18T20:20:00.000+0000,954326.4144238399,731038.0928999996,999999.9999999999
2025-01-18T20:30:00.000+0000,960023.7550021599,843591.1815374398,999999.9999999999
2025-01-18T20:40:00.000+0000,950125.6695103998,843591.1815374398,999999.9999999999
2025-01-18T20:50:00.000+0000,949329.1979977598,843591.1815374398,999999.9999999999
2025-01-18T21:00:00.000+0000,942051.7607088798,843591.1815374398,999999.9999999999
2025-01-18T21:10:00.000+0000,942462.8427799199,843591.1815374398,999999.9999999999
2025-01-18T21:20:00.000+0000,939084.2620085599,843591.1815374398,999999.9999999999
2025-01-18T21:30:00.000+0000,937414.2410949599,843591.1815374398,999999.9999999999
2025-01-18T21:40:00.000+0000,934009.9676941598,843591.1815374398,999999.9999999999
2025-01-18T21:50:00.000+0000,936187.4180391998,843591.1815374398,999999.9999999999
2025-01-18T22:00:00.000+0000,941306.6744551198,843591.1815374398,999999.9999999999
2025-01-18T22:10:00.000+0000,939797.2324755199,843591.1815374398,999999.9999999999
2025-01-18T22:20:00.000+0000,938165.7505060799,843591.1815374398,999999.9999999999
2025-01-18T22:30:00.000+0000,938666.7567801599,843591.1815374398,999999.9999999999
2025-01-18T22:40:00.000+0000,939745.8472166398,843591.1815374398,999999.9999999999
2025-01-18T22:50:00.000+0000,935859.8370138399,843591.1815374398,999999.9999999999
2025-01-18T23:00:00.000+0000,927105.0735321598,843591.1815374398,999999.9999999999
2025-01-18T23:10:00.000+0000,921182.9224462399,843591.1815374398,999999.9999999999
2025-01-18T23:20:00.000+0000,924856.9684561598,843591.1815374398,999999.9999999999
2025-01-18T23:30:00.000+0000,925435.0526185598,843591.1815374398,999999.9999999999
2025-01-18T23:40:00.000+0000,925531.3999789598,843591.1815374398,999999.9999999999
2025-01-18T23:50:00.000+0000,926225.1009738399,843591.1815374398,999999.9999999999
2025-01-19T00:00:00.000+0000,930817.6584862398,843591.1815374398,999999.9999999999
2025-01-19T00:10:00.000+0000,935506.5633590398,843591.1815374398,999999.9999999999
2025-01-19T00:20:00.000+0000,932545.4878160799,843591.1815374398,999999.9999999999
2025-01-19T00:30:00.000+0000,931466.3973795999,843591.1815374398,999999.9999999999
2025-01-19T00:40:00.000+0000,933566.7698363198,843591.1815374398,999999.9999999999
2025-01-19T00:50:00.000+0000,937497.7421406398,843591.1815374398,999999.9999999999
2025-01-19T01:00:00.000+0000,939553.1524958399,843591.1815374398,999999.9999999999
2025-01-19T01:10:00.000+0000,937748.2452776799,843591.1815374398,999999.9999999999
2025-01-19T01:20:00.000+0000,939855.0408917598,843591.1815374398,999999.9999999999
2025-01-19T01:30:00.000+0000,940914.8618561599,843591.1815374398,999999.9999999999
2025-01-19T01:40:00.000+0000,941717.7565261598,843591.1815374398,999999.9999999999
2025-01-19T01:50:00.000+0000,944454.0215615198,843591.1815374398,999999.9999999999
2025-01-19T02:00:00.000+0000,947023.2845055198,843591.1815374398,999999.9999999999
2025-01-19T02:10:00.000+0000,946573.6634903199,843591.1815374398,999999.9999999999
2025-01-19T02:20:00.000+0000,941081.8639475198,843591.1815374398,999999.9999999999
2025-01-19T02:30:00.000+0000,940439.5482115198,843591.1815374398,999999.9999999999
2025-01-19T02:40:00.000+0000,937459.2031964798,843591.1815374398,999999.9999999999
2025-01-19T02:50:00.000+0000,935834.1443843999,843591.1815374398,999999.9999999999
2025-01-19T03:00:00.000+0000,927978.6229331198,843591.1815374398,999999.9999999999
2025-01-19T03:10:00.000+0000,929712.8754203198,843591.1815374398,999999.9999999999
2025-01-19T03:20:00.000+0000,926552.6819991998,843591.1815374398,999999.9999999999
2025-01-19T03:30:00.000+0000,916590.3649338399,843591.1815374398,999999.9999999999
2025-01-19T03:40:00.000+0000,919268.8215529599,843591.1815374398,999999.9999999999
2025-01-19T03:50:00.000+0000,901104.1325388799,843591.1815374398,999999.9999999999
2025-01-19T04:00:00.000+0000,895034.2488336798,843591.1815374398,999999.9999999999
2025-01-19T04:10:00.000+0000,884365.3844587199,843591.1815374398,999999.9999999999
2025-01-19T04:20:00.000+0000,888977.2114431999,843591.1815374398,999999.9999999999
2025-01-19T04:30:00.000+0000,890936.2744379998,843591.1815374398,999999.9999999999
2025-01-19T04:40:00.000+0000,874351.6821344799,843591.1815374398,999999.9999999999
2025-01-19T04:50:00.000+0000,870407.8635154398,843591.1815374398,999999.9999999999
2025-01-19T05:00:00.000+0000,862295.4157697598,843591.1815374398,999999.9999999999
2025-01-19T05:10:00.000+0000,862545.9189067999,843591.1815374398,999999.9999999999
2025-01-19T05:20:00.000+0000,866168.5796578398,843591.1815374398,999999.9999999999
2025-01-19T05:30:00.000+0000,869752.7014647198,843591.1815374398,999999.9999999999
2025-01-19T05:40:00.000+0000,873047.7811903999,843591.1815374398,999999.9999999999
2025-01-19T05:50:00.000+0000,878809.3533423198,843591.1815374398,999999.9999999999
2025-01-19T06:00:00.000+0000,878892.8543879999,843591.1815374398,999999.9999999999
2025-01-19T06:10:00.000+0000,866335.5817491999,843591.1815374398,999999.9999999999
2025-01-19T06:20:00.000+0000,858261.6729476798,843591.1815374398,999999.9999999999
2025-01-19T06:30:00.000+0000,860021.6180643198,843591.1815374398,999999.9999999999
2025-01-19T06:40:00.000+0000,846545.8339230398,843591.1815374398,999999.9999999999
2025-01-19T06:50:00.000+0000,828663.7638327999,843591.1815374398,999999.9999999999
2025-01-19T07:00:00.000+0000,825445.7619954399,843591.1815374398,999999.9999999999
2025-01-19T07:10:00.000+0000,819896.1540363998,843591.1815374398,999999.9999999999
2025-01-19T07:20:00.000+0000,803446.4480374398,843591.1815374398,999999.9999999999
2025-01-19T07:30:00.000+0000,810691.7695395198,843591.1815374398,999999.9999999999
2025-01-19T07:40:00.000+0000,815496.2912447999,843591.1815374398,999999.9999999999
2025-01-19T07:50:00.000+0000,808083.9676513599,843591.1815374398,999999.9999999999
2025-01-19T08:00:00.000+0000,810466.9590319198,843591.1815374398,999999.9999999999
2025-01-19T08:10:00.000+0000,805026.5447479999,843591.1815374398,999999.9999999999
2025-01-19T08:20:00.000+0000,805880.8246768799,843591.1815374398,999999.9999999999
2025-01-19T08:30:00.000+0000,794839.4171750399,843591.1815374398,999999.9999999999
2025-01-19T08:40:00.000+0000,722964.2863166399,843591.1815374398,999999.9999999999
2025-01-19T08:50:00.000+0000,734525.9695646398,843591.1815374398,999999.9999999999
2025-01-19T09:00:00.000+0000,670866.0569696798,843591.1815374398,999999.9999999999
2025-01-19T09:10:00.000+0000,587178.7397262398,843591.1815374398,999999.9999999999
2025-01-19T09:20:00.000+0000,605099.3487606398,843591.1815374398,999999.9999999999
2025-01-19T09:30:00.000+0000,688632.5102274399,843591.1815374398,999999.9999999999
2025-01-19T09:40:00.000+0000,690630.1121663998,843591.1815374398,999999.9999999999
2025-01-19T09:50:00.000+0000,697130.3474147199,843591.1815374398,999999.9999999999
2025-01-19T10:00:00.000+0000,672581.0399847998,843591.1815374398,999999.9999999999
2025-01-19T10:10:00.000+0000,677173.5974971998,843591.1815374398,999999.9999999999
2025-01-19T10:20:00.000+0000,660961.5483205598,843591.1815374398,999999.9999999999
2025-01-19T10:30:00.000+0000,679126.2373346398,843591.1815374398,999999.9999999999
2025-01-19T10:40:00.000+0000,686429.3672529599,843591.1815374398,999999.9999999999
2025-01-19T10:50:00.000+0000,677886.5679641599,843591.1815374398,999999.9999999999
2025-01-19T11:00:00.000+0000,651603.0080470399,843591.1815374398,999999.9999999999
2025-01-19T11:10:00.000+0000,640420.2910832798,843591.1815374398,999999.9999999999
2025-01-19T11:20:00.000+0000,644209.9539256798,843591.1815374398,999999.9999999999
2025-01-19T11:30:00.000+0000,624317.4355817598,843591.1815374398,999999.9999999999
2025-01-19T11:40:00.000+0000,626456.3469826399,843591.1815374398,999999.9999999999
2025-01-19T11:50:00.000+0000,623469.5788102398,843591.1815374398,999999.9999999999
2025-01-19T12:00:00.000+0000,633830.1316319198,843591.1815374398,999999.9999999999
2025-01-19T12:10:00.000+0000,657216.8475796799,843591.1815374398,999999.9999999999
2025-01-19T12:20:00.000+0000,649541.1745344799,843591.1815374398,999999.9999999999
2025-01-19T12:30:00.000+0000,643323.5582099998,843591.1815374398,999999.9999999999
2025-01-19T12:40:00.000+0000,651249.7343922398,843591.1815374398,999999.9999999999
2025-01-19T12:50:00.000+0000,660377.0410007999,843591.1815374398,999999.9999999999
2025-01-19T13:00:00.000+0000,649598.9829507199,843591.1815374398,999999.9999999999
2025-01-19T13:10:00.000+0000,643143.7098039198,843591.1815374398,999999.9999999999
2025-01-19T13:20:00.000+0000,647620.6504838399,843591.1815374398,999999.9999999999
2025-01-19T13:30:00.000+0000,654403.5046559998,843591.1815374398,999999.9999999999
2025-01-19T13:40:00.000+0000,653446.4542093598,843591.1815374398,999999.9999999999
2025-01-19T13:50:00.000+0000,650099.9892247998,843591.1815374398,999999.9999999999
2025-01-19T14:00:00.000+0000,654821.0098843998,843591.1815374398,999999.9999999999
2025-01-19T14:10:00.000+0000,668598.6824216,843591.1815374398,999999.9999999999
2025-01-19T14:20:00.000+0000,686461.4830397598,843591.1815374398,999999.9999999999
2025-01-19T14:30:00.000+0000,692203.7857195998,843591.1815374398,999999.9999999999
2025-01-19T14:40:00.000+0000,721127.2633116799,843591.1815374398,999999.9999999999
2025-01-19T14:50:00.000+0000,710015.2010788799,843591.1815374398,999999.9999999999
2025-01-19T15:00:00.000+0000,709507.7716474398,843591.1815374398,999999.9999999999
2025-01-19T15:10:00.000+0000,729220.4415852798,843591.1815374398,999999.9999999999
2025-01-19T15:20:00.000+0000,735919.7947117598,843591.1815374398,999999.9999999999
2025-01-19T15:30:00.000+0000,722039.3516567998,843591.1815374398,999999.9999999999
2025-01-19T15:40:00.000+0000,700830.0860540799,843591.1815374398,999999.9999999999
2025-01-19T15:50:00.000+0000,703861.8163279998,843591.1815374398,999999.9999999999
2025-01-19T16:00:00.000+0000,708460.7969977598,843591.1815374398,999999.9999999999
2025-01-19T16:10:00.000+0000,714781.1838399998,843591.1815374398,999999.9999999999
2025-01-19T16:20:00.000+0000,704928.0604497598,843591.1815374398,999999.9999999999
2025-01-19T16:30:00.000+0000,692724.0614657599,843591.1815374398,999999.9999999999
2025-01-19T16:40:00.000+0000,678567.4226443198,843591.1815374398,999999.9999999999
2025-01-19T16:50:00.000+0000,683307.7127759998,843591.1815374398,999999.9999999999
2025-01-19T17:00:00.000+0000,686673.4472326399,843591.1815374398,999999.9999999999
2025-01-19T17:10:00.000+0000,698787.5220135998,843591.1815374398,999999.9999999999
2025-01-19T17:20:00.000+0000,695826.4464706398,843591.1815374398,999999.9999999999
2025-01-19T17:30:00.000+0000,693308.5687855198,843591.1815374398,999999.9999999999
2025-01-19T17:40:00.000+0000,695980.6022472798,843591.1815374398,999999.9999999999
2025-01-19T17:50:00.000+0000,686243.0956895199,843591.1815374398,999999.9999999999
2025-01-19T18:00:00.000+0000,685697.1273139198,843591.1815374398,999999.9999999999
2025-01-19T18:10:00.000+0000,666742.3899445599,843591.1815374398,999999.9999999999
2025-01-19T18:20:00.000+0000,659876.0347267198,843591.1815374398,999999.9999999999
2025-01-19T18:30:00.000+0000,665990.8805334398,843591.1815374398,999999.9999999999
2025-01-19T18:40:00.000+0000,665348.5647974398,843591.1815374398,999999.9999999999
2025-01-19T18:50:00.000+0000,668534.4508479998,843591.1815374398,999999.9999999999
2025-01-19T19:00:00.000+0000,670082.4317717599,843591.1815374398,999999.9999999999
2025-01-19T19:10:00.000+0000,674321.7156293598,843591.1815374398,999999.9999999999
2025-01-19T19:20:00.000+0000,673332.5493959198,843591.1815374398,999999.9999999999
2025-01-19T19:30:00.000+0000,679190.4689082399,843591.1815374398,999999.9999999999
2025-01-19T19:40:00.000+0000,690084.1437907999,843591.1815374398,999999.9999999999
2025-01-19T19:50:00.000+0000,687270.8008671198,843591.1815374398,999999.9999999999
2025-01-19T20:00:00.000+0000,679781.3993853598,843591.1815374398,999999.9999999999
2025-01-19T20:10:00.000+0000,675921.0818119999,843591.1815374398,999999.9999999999
2025-01-19T20:20:00.000+0000,666716.6973151198,843591.1815374398,999999.9999999999
2025-01-19T20:30:00.000+0000,667898.5582693599,843591.1815374398,999999.9999999999
2025-01-19T20:40:00.000+0000,645038.5412251198,843591.1815374398,999999.9999999999
2025-01-19T20:50:00.000+0000,641332.3794283998,843591.1815374398,999999.9999999999
2025-01-19T21:00:00.000+0000,629796.3888098398,843591.1815374398,999999.9999999999
2025-01-19T21:10:00.000+0000,647408.6862909598,843591.1815374398,999999.9999999999
2025-01-19T21:20:00.000+0000,712629.4261243999,829450.7685249597,999999.9999999999
2025-01-19T21:30:00.000+0000,738338.6368887196,829450.7685249597,999999.9999999999
2025-01-19T21:40:00.000+0000,766518.5206321597,829450.7685249597,999999.9999999999
2025-01-19T21:50:00.000+0000,770752.2352487197,829450.7685249597,999999.9999999999
2025-01-19T22:00:00.000+0000,788195.7378738397,829450.7685249597,999999.9999999999
2025-01-19T22:10:00.000+0000,789572.0691272797,829450.7685249597,999999.9999999999
2025-01-19T22:20:00.000+0000,774203.0367971996,829450.7685249597,999999.9999999999
2025-01-19T22:30:00.000+0000,784380.9066822397,829450.7685249597,999999.9999999999
2025-01-19T22:40:00.000+0000,806137.9112429597,829450.7685249597,999999.9999999999
2025-01-19T22:50:00.000+0000,802068.7579719197,829450.7685249597,999999.9999999999
2025-01-19T23:00:00.000+0000,802348.0135885597,829450.7685249597,999999.9999999999
2025-01-19T23:10:00.000+0000,797889.8971371996,829450.7685249597,999999.9999999999
2025-01-19T23:20:00.000+0000,820549.4957445597,829450.7685249597,999999.9999999999
2025-01-19T23:30:00.000+0000,832093.7234681597,829450.7685249597,999999.9999999999
2025-01-19T23:40:00.000+0000,817058.8005365597,829450.7685249597,999999.9999999999
2025-01-19T23:50:00.000+0000,806232.6586843197,829450.7685249597,999999.9999999999
2025-01-20T00:00:00.000+0000,806551.8079604796,829450.7685249597,999999.9999999999
2025-01-20T00:10:00.000+0000,788629.5814211197,829450.7685249597,999999.9999999999
2025-01-20T00:20:00.000+0000,778681.1000783197,829450.7685249597,999999.9999999999
2025-01-20T00:30:00.000+0000,782570.7318815197,829450.7685249597,999999.9999999999
2025-01-20T00:40:00.000+0000,798598.0095936797,829450.7685249597,999999.9999999999
2025-01-20T00:50:00.000+0000,802367.9604183197,829450.7685249597,999999.9999999999
2025-01-20T01:00:00.000+0000,796064.7622141597,829450.7685249597,999999.9999999999
2025-01-20T01:10:00.000+0000,797186.7713881597,829450.7685249597,999999.9999999999
2025-01-20T01:20:00.000+0000,789711.6969355997,829450.7685249597,999999.9999999999
2025-01-20T01:30:00.000+0000,788863.9566707998,829450.7685249597,999999.9999999999
2025-01-20T01:40:00.000+0000,793227.3256807997,336120.5281249597,999999.9999999999
2025-01-20T01:50:00.000+0000,797121.2298868797,336120.5281249597,999999.9999999999
2025-01-20T02:00:00.000+0000,797470.2994076796,336120.5281249597,999999.9999999999
2025-01-20T02:10:00.000+0000,796069.0346170396,336120.5281249597,999999.9999999999
2025-01-20T02:20:00.000+0000,793311.3854027197,829056.1043326397,999999.9999999999
2025-01-20T02:30:00.000+0000,800173.0948401598,829056.1043326397,999999.9999999999
2025-01-20T02:40:00.000+0000,808171.7735739198,829056.1043326397,999999.9999999999
2025-01-20T02:50:00.000+0000,816519.5218284797,829056.1043326397,999999.9999999999
2025-01-20T03:00:00.000+0000,814789.1343467997,829056.1043326397,999999.9999999999
2025-01-20T03:10:00.000+0000,807548.4351439198,829056.1043326397,999999.9999999999
2025-01-20T03:20:00.000+0000,807708.0097819997,829056.1043326397,999999.9999999999
2025-01-20T03:30:00.000+0000,817182.7539179997,829056.1043326397,999999.9999999999
2025-01-20T03:40:00.000+0000,811158.8113304797,829056.1043326397,999999.9999999999
2025-01-20T03:50:00.000+0000,811064.0638891198,829056.1043326397,999999.9999999999
2025-01-20T04:00:00.000+0000,798871.5641983198,829056.1043326397,999999.9999999999
2025-01-20T04:10:00.000+0000,796752.2135363198,829056.1043326397,999999.9999999999
2025-01-20T04:20:00.000+0000,792633.1931908798,829056.1043326397,999999.9999999999
2025-01-20T04:30:00.000+0000,789586.3149450397,829056.1043326397,999999.9999999999
2025-01-20T04:40:00.000+0000,766313.3513225598,829056.1043326397,999999.9999999999
2025-01-20T04:50:00.000+0000,768756.8379681597,829056.1043326397,999999.9999999999
2025-01-20T05:00:00.000+0000,768592.2766226397,829056.1043326397,999999.9999999999
2025-01-20T05:10:00.000+0000,741379.8141225597,829056.1043326397,999999.9999999999
2025-01-20T05:20:00.000+0000,730050.0148188797,829056.1043326397,999999.9999999999
2025-01-20T05:30:00.000+0000,720480.5232415197,829056.1043326397,999999.9999999999
2025-01-20T05:40:00.000+0000,729421.6896814398,829056.1043326397,999999.9999999999
2025-01-20T05:50:00.000+0000,737819.3050103998,829056.1043326397,999999.9999999999
2025-01-20T06:00:00.000+0000,739145.7691894397,829056.1043326397,999999.9999999999
2025-01-20T06:10:00.000+0000,744431.6790758397,829056.1043326397,999999.9999999999
2025-01-20T06:20:00.000+0000,738288.0555097597,829056.1043326397,999999.9999999999
2025-01-20T06:30:00.000+0000,733371.1619739197,829056.1043326397,999999.9999999999
2025-01-20T06:40:00.000+0000,729177.3410168798,829056.1043326397,999999.9999999999
2025-01-20T06:50:00.000+0000,735036.7222588797,829056.1043326397,999999.9999999999
2025-01-20T07:00:00.000+0000,743259.8028274397,829056.1043326397,999999.9999999999
2025-01-20T07:10:00.000+0000,737375.4880482397,829056.1043326397,999999.9999999999
2025-01-20T07:20:00.000+0000,733750.1517393597,829056.1043326397,999999.9999999999
2025-01-20T07:30:00.000+0000,731027.4094771198,829056.1043326397,999999.9999999999
2025-01-20T07:40:00.000+0000,739180.6761415197,829056.1043326397,999999.9999999999
2025-01-20T07:50:00.000+0000,739295.3704126397,829056.1043326397,999999.9999999999
2025-01-20T08:00:00.000+0000,744750.8283519997,829056.1043326397,999999.9999999999
2025-01-20T08:10:00.000+0000,743997.8355285597,829056.1043326397,999999.9999999999
2025-01-20T08:20:00.000+0000,746206.9469244798,829056.1043326397,999999.9999999999
2025-01-20T08:30:00.000+0000,749203.9580959198,829056.1043326397,999999.9999999999
2025-01-20T08:40:00.000+0000,748341.2577087998,829056.1043326397,999999.9999999999
2025-01-20T08:50:00.000+0000,744755.8150594397,829056.1043326397,999999.9999999999
2025-01-20T09:00:00.000+0000,747358.8763431197,829056.1043326397,999999.9999999999
2025-01-20T09:10:00.000+0000,751039.0664338397,829056.1043326397,999999.9999999999
2025-01-20T09:20:00.000+0000,761994.8626795197,829056.1043326397,999999.9999999999
2025-01-20T09:30:00.000+0000,770123.1958067197,829056.1043326397,999999.9999999999
2025-01-20T09:40:00.000+0000,769130.8410261597,829056.1043326397,999999.9999999999
2025-01-20T09:50:00.000+0000,769529.7776213597,829056.1043326397,999999.9999999999
2025-01-20T10:00:00.000+0000,763266.4730767197,829056.1043326397,999999.9999999999
2025-01-20T10:10:00.000+0000,764757.4986012797,829056.1043326397,999999.9999999999
2025-01-20T10:20:00.000+0000,758414.4067375998,829056.1043326397,999999.9999999999
2025-01-20T10:30:00.000+0000,764268.8012721597,829056.1043326397,999999.9999999999
2025-01-20T10:40:00.000+0000,768452.6488143197,829056.1043326397,999999.9999999999
2025-01-20T10:50:00.000+0000,767924.0578256797,829056.1043326397,999999.9999999999
2025-01-20T11:00:00.000+0000,765281.1028824798,829056.1043326397,999999.9999999999
2025-01-20T11:10:00.000+0000,770666.7469176798,829056.1043326397,999999.9999999999
2025-01-20T11:20:00.000+0000,764966.9403137597,829056.1043326397,999999.9999999999
2025-01-20T11:30:00.000+0000,766727.2480400797,829056.1043326397,999999.9999999999
2025-01-20T11:40:00.000+0000,770227.9166629597,829056.1043326397,999999.9999999999
2025-01-20T11:50:00.000+0000,771743.8757247197,829056.1043326397,999999.9999999999
2025-01-20T12:00:00.000+0000,759666.0703050398,829056.1043326397,999999.9999999999
2025-01-20T12:10:00.000+0000,764044.3994373598,829056.1043326397,999999.9999999999
2025-01-20T12:20:00.000+0000,768238.2203943997,829056.1043326397,999999.9999999999
2025-01-20T12:30:00.000+0000,768218.2735646397,829056.1043326397,999999.9999999999
2025-01-20T12:40:00.000+0000,788140.1697874398,829056.1043326397,999999.9999999999
2025-01-20T12:50:00.000+0000,786888.5062199997,829056.1043326397,999999.9999999999
2025-01-20T13:00:00.000+0000,789272.1523763197,829056.1043326397,999999.9999999999
2025-01-20T13:10:00.000+0000,797604.9405085597,829056.1043326397,999999.9999999999
2025-01-20T13:20:00.000+0000,802297.4322095998,829056.1043326397,999999.9999999999
2025-01-20T13:30:00.000+0000,798911.4578578398,829056.1043326397,999999.9999999999
2025-01-20T13:40:00.000+0000,800866.2471743197,829056.1043326397,999999.9999999999
2025-01-20T13:50:00.000+0000,790643.4969223198,829056.1043326397,999999.9999999999
2025-01-20T14:00:00.000+0000,788778.4683397597,829056.1043326397,999999.9999999999
2025-01-20T14:10:00.000+0000,780131.5176387997,829056.1043326397,999999.9999999999
2025-01-20T14:20:00.000+0000,774461.6312795198,829056.1043326397,999999.9999999999
2025-01-20T14:30:00.000+0000,778745.2129704797,829056.1043326397,999999.9999999999
2025-01-20T14:40:00.000+0000,773005.5127070397,829056.1043326397,999999.9999999999
2025-01-20T14:50:00.000+0000,767101.2510980797,829056.1043326397,999999.9999999999
2025-01-20T15:00:00.000+0000,764807.3656756798,829056.1043326397,999999.9999999999
2025-01-20T15:10:00.000+0000,767779.4433099197,829056.1043326397,999999.9999999999
2025-01-20T15:20:00.000+0000,777992.2201470397,829056.1043326397,999999.9999999999
2025-01-20T15:30:00.000+0000,776256.8459579197,829056.1043326397,999999.9999999999
2025-01-20T15:40:00.000+0000,779248.8704219197,829056.1043326397,999999.9999999999
2025-01-20T15:50:00.000+0000,789805.7300723997,793849.9498062399,999999.9999999999
2025-01-20T16:00:00.000+0000,793849.9498062399,793849.9498062399,999999.9999999999
2025-01-20T16:10:00.000+0000,793849.9498062399,793849.9498062399,999999.9999999999
2025-01-20T16:20:00.000+0000,793849.9498062399,793849.9498062399,999999.9999999999
2025-01-20T16:30:00.000+0000,793849.9498062399,793849.9498062399,999999.9999999999
2025-01-20T16:40:00.000+0000,793849.9498062399,793849.9498062399,999999.9999999999
2025-01-20T16:50:00.000+0000,793849.9498062399,793849.9498062399,999999.9999999999
2025-01-20T17:00:00.000+0000,793849.9498062399,793849.9498062399,999999.9999999999
2025-01-20T17:10:00.000+0000,793849.9498062399,793849.9498062399,999999.9999999999
2025-01-20T17:20:00.000+0000,793849.9498062399,793849.9498062399,999999.9999999999
2025-01-20T17:30:00.000+0000,793849.9498062399,793849.9498062399,999999.9999999999
2025-01-20T17:40:00.000+0000,793849.9498062399,793849.9498062399,999999.9999999999
2025-01-20T17:50:00.000+0000,793849.9498062399,793849.9498062399,999999.9999999999
2025-01-20T18:00:00.000+0000,793849.9498062399,793849.9498062399,999999.9999999999
2025-01-20T18:10:00.000+0000,793849.9498062399,793849.9498062399,999999.9999999999
2025-01-20T18:20:00.000+0000,793849.9498062399,793849.9498062399,999999.9999999999
2025-01-20T18:30:00.000+0000,793849.9498062399,793849.9498062399,999999.9999999999
2025-01-20T18:40:00.000+0000,793849.9498062399,793849.9498062399,999999.9999999999
2025-01-20T18:50:00.000+0000,793849.9498062399,793849.9498062399,999999.9999999999
2025-01-20T19:00:00.000+0000,793849.9498062399,793849.9498062399,999999.9999999999
2025-01-20T19:10:00.000+0000,793849.9498062399,793849.9498062399,999999.9999999999
2025-01-20T19:20:00.000+0000,793849.9498062399,793849.9498062399,999999.9999999999
2025-01-20T19:30:00.000+0000,793849.9498062399,793849.9498062399,999999.9999999999
2025-01-20T19:40:00.000+0000,793849.9498062399,793849.9498062399,999999.9999999999
2025-01-20T19:50:00.000+0000,793849.9498062399,793849.9498062399,999999.9999999999
2025-01-20T20:00:00.000+0000,793849.9498062399,793849.9498062399,999999.9999999999
2025-01-20T20:10:00.000+0000,793849.9498062399,793849.9498062399,999999.9999999999
2025-01-20T20:20:00.000+0000,793849.9498062399,793849.9498062399,999999.9999999999
2025-01-20T20:30:00.000+0000,793849.9498062399,793849.9498062399,999999.9999999999
2025-01-20T20:40:00.000+0000,793849.9498062399,793849.9498062399,999999.9999999999
2025-01-20T20:50:00.000+0000,793849.9498062399,793849.9498062399,999999.9999999999
2025-01-20T21:00:00.000+0000,793849.9498062399,793849.9498062399,999999.9999999999
2025-01-20T21:10:00.000+0000,793849.9498062399,793849.9498062399,999999.9999999999
2025-01-20T21:20:00.000+0000,793849.9498062399,793849.9498062399,999999.9999999999
2025-01-20T21:30:00.000+0000,793849.9498062399,793849.9498062399,999999.9999999999
2025-01-20T21:40:00.000+0000,793849.9498062399,793849.9498062399,999999.9999999999
2025-01-20T21:50:00.000+0000,793849.9498062399,793849.9498062399,999999.9999999999
2025-01-20T22:00:00.000+0000,793849.9498062399,793849.9498062399,999999.9999999999
2025-01-20T22:10:00.000+0000,793849.9498062399,793849.9498062399,999999.9999999999
2025-01-20T22:20:00.000+0000,793849.9498062399,793849.9498062399,999999.9999999999
2025-01-20T22:30:00.000+0000,793849.9498062399,793849.9498062399,999999.9999999999
2025-01-20T22:40:00.000+0000,793849.9498062399,793849.9498062399,999999.9999999999
2025-01-20T22:50:00.000+0000,793849.9498062399,793849.9498062399,999999.9999999999
2025-01-20T23:00:00.000+0000,793849.9498062399,793849.9498062399,999999.9999999999
2025-01-20T23:10:00.000+0000,793849.9498062399,793849.9498062399,999999.9999999999
2025-01-20T23:20:00.000+0000,793849.9498062399,793849.9498062399,999999.9999999999
2025-01-20T23:30:00.000+0000,793849.9498062399,793849.9498062399,999999.9999999999
2025-01-20T23:40:00.000+0000,793849.9498062399,793849.9498062399,999999.9999999999
2025-01-20T23:50:00.000+0000,793849.9498062399,793849.9498062399,999999.9999999999
2025-01-21T00:00:00.000+0000,793849.9498062399,793849.9498062399,999999.9999999999
2025-01-21T00:10:00.000+0000,793849.9498062399,793849.9498062399,999999.9999999999
2025-01-21T00:20:00.000+0000,793849.9498062399,793849.9498062399,999999.9999999999
2025-01-21T00:30:00.000+0000,793849.9498062399,793849.9498062399,999999.9999999999
2025-01-21T00:40:00.000+0000,793849.9498062399,793849.9498062399,999999.9999999999
2025-01-21T00:50:00.000+0000,793849.9498062399,793849.9498062399,999999.9999999999
2025-01-21T01:00:00.000+0000,793849.9498062399,793849.9498062399,999999.9999999999
2025-01-21T01:10:00.000+0000,793849.9498062399,793849.9498062399,999999.9999999999
2025-01-21T01:20:00.000+0000,793849.9498062399,793849.9498062399,999999.9999999999
2025-01-21T01:30:00.000+0000,793849.9498062399,793849.9498062399,999999.9999999999
2025-01-21T01:40:00.000+0000,793849.9498062399,793849.9498062399,999999.9999999999
2025-01-21T01:50:00.000+0000,793849.9498062399,793849.9498062399,999999.9999999999
2025-01-21T02:00:00.000+0000,793849.9498062399,793849.9498062399,999999.9999999999
2025-01-21T02:10:00.000+0000,793849.9498062399,793849.9498062399,999999.9999999999
2025-01-21T02:20:00.000+0000,793849.9498062399,793849.9498062399,999999.9999999999
2025-01-21T02:30:00.000+0000,793849.9498062399,793849.9498062399,999999.9999999999
2025-01-21T02:40:00.000+0000,793849.9498062399,793849.9498062399,999999.9999999999
2025-01-21T02:50:00.000+0000,793849.9498062399,793849.9498062399,999999.9999999999
2025-01-21T03:00:00.000+0000,793849.9498062399,793849.9498062399,999999.9999999999
2025-01-21T03:10:00.000+0000,793849.9498062399,793849.9498062399,999999.9999999999
2025-01-21T03:20:00.000+0000,793849.9498062399,793849.9498062399,999999.9999999999
2025-01-21T03:30:00.000+0000,793849.9498062399,793849.9498062399,999999.9999999999
2025-01-21T03:40:00.000+0000,793849.9498062399,793849.9498062399,999999.9999999999
2025-01-21T03:50:00.000+0000,793849.9498062399,793849.9498062399,999999.9999999999
2025-01-21T04:00:00.000+0000,793849.9498062399,793849.9498062399,999999.9999999999
2025-01-21T04:10:00.000+0000,793849.9498062399,793849.9498062399,999999.9999999999
2025-01-21T04:20:00.000+0000,793849.9498062399,793849.9498062399,999999.9999999999
2025-01-21T04:30:00.000+0000,793849.9498062399,793849.9498062399,999999.9999999999
2025-01-21T04:40:00.000+0000,793849.9498062399,793849.9498062399,999999.9999999999
2025-01-21T04:50:00.000+0000,793849.9498062399,793849.9498062399,999999.9999999999
2025-01-21T05:00:00.000+0000,793849.9498062399,793849.9498062399,999999.9999999999
2025-01-21T05:10:00.000+0000,793849.9498062399,793849.9498062399,999999.9999999999
2025-01-21T05:20:00.000+0000,793849.9498062399,793849.9498062399,999999.9999999999
2025-01-21T05:30:00.000+0000,793849.9498062399,793849.9498062399,999999.9999999999
2025-01-21T05:40:00.000+0000,793849.9498062399,793849.9498062399,999999.9999999999
2025-01-21T05:50:00.000+0000,793849.9498062399,793849.9498062399,999999.9999999999
2025-01-21T06:00:00.000+0000,793849.9498062399,793849.9498062399,999999.9999999999
2025-01-21T06:10:00.000+0000,793849.9498062399,793849.9498062399,999999.9999999999
2025-01-21T06:20:00.000+0000,793849.9498062399,793849.9498062399,999999.9999999999
2025-01-21T06:30:00.000+0000,793849.9498062399,793849.9498062399,999999.9999999999
2025-01-21T06:40:00.000+0000,793849.9498062399,793849.9498062399,999999.9999999999
2025-01-21T06:50:00.000+0000,793849.9498062399,793849.9498062399,999999.9999999999
2025-01-21T07:00:00.000+0000,793849.9498062399,793849.9498062399,999999.9999999999
2025-01-21T07:10:00.000+0000,793849.9498062399,793849.9498062399,999999.9999999999
2025-01-21T07:20:00.000+0000,793849.9498062399,793849.9498062399,999999.9999999999
2025-01-21T07:30:00.000+0000,793849.9498062399,793849.9498062399,999999.9999999999
2025-01-21T07:40:00.000+0000,793849.9498062399,793849.9498062399,999999.9999999999
2025-01-21T07:50:00.000+0000,793849.9498062399,793849.9498062399,999999.9999999999
2025-01-21T08:00:00.000+0000,793849.9498062399,793849.9498062399,999999.9999999999
2025-01-21T08:10:00.000+0000,793849.9498062399,793849.9498062399,999999.9999999999
2025-01-21T08:20:00.000+0000,793849.9498062399,793849.9498062399,999999.9999999999
2025-01-21T08:30:00.000+0000,793849.9498062399,793849.9498062399,999999.9999999999
2025-01-21T08:40:00.000+0000,793849.9498062399,793849.9498062399,999999.9999999999
2025-01-21T08:50:00.000+0000,793849.9498062399,793849.9498062399,999999.9999999999
2025-01-21T09:00:00.000+0000,793849.9498062399,793849.9498062399,999999.9999999999
2025-01-21T09:10:00.000+0000,793849.9498062399,793849.9498062399,999999.9999999999
2025-01-21T09:20:00.000+0000,793849.9498062399,793849.9498062399,999999.9999999999
2025-01-21T09:30:00.000+0000,793849.9498062399,793849.9498062399,999999.9999999999
2025-01-21T09:40:00.000+0000,793849.9498062399,793849.9498062399,999999.9999999999
2025-01-21T09:50:00.000+0000,793849.9498062399,793849.9498062399,999999.9999999999
2025-01-21T10:00:00.000+0000,793849.9498062399,793849.9498062399,999999.9999999999
2025-01-21T10:10:00.000+0000,793849.9498062399,793849.9498062399,999999.9999999999
2025-01-21T10:20:00.000+0000,793849.9498062399,793849.9498062399,999999.9999999999
2025-01-21T10:30:00.000+0000,793849.9498062399,793849.9498062399,999999.9999999999
2025-01-21T10:40:00.000+0000,793849.9498062399,793849.9498062399,999999.9999999999
2025-01-21T10:50:00.000+0000,793849.9498062399,793849.9498062399,999999.9999999999
2025-01-21T11:00:00.000+0000,793849.9498062399,793849.9498062399,999999.9999999999
2025-01-21T11:10:00.000+0000,793849.9498062399,793849.9498062399,999999.9999999999
2025-01-21T11:20:00.000+0000,793849.9498062399,793849.9498062399,999999.9999999999
2025-01-21T11:30:00.000+0000,793849.9498062399,793849.9498062399,999999.9999999999
2025-01-21T11:40:00.000+0000,793849.9498062399,793849.9498062399,999999.9999999999
2025-01-21T11:50:00.000+0000,793849.9498062399,793849.9498062399,999999.9999999999
2025-01-21T12:00:00.000+0000,793849.9498062399,793849.9498062399,999999.9999999999
2025-01-21T12:10:00.000+0000,793849.9498062399,793849.9498062399,999999.9999999999
2025-01-21T12:20:00.000+0000,793849.9498062399,793849.9498062399,999999.9999999999
2025-01-21T12:30:00.000+0000,793849.9498062399,793849.9498062399,999999.9999999999
2025-01-21T12:40:00.000+0000,793849.9498062399,793849.9498062399,999999.9999999999
2025-01-21T12:50:00.000+0000,793849.9498062399,793849.9498062399,999999.9999999999
2025-01-21T13:00:00.000+0000,793849.9498062399,793849.9498062399,999999.9999999999
2025-01-21T13:10:00.000+0000,793849.9498062399,793849.9498062399,999999.9999999999
2025-01-21T13:20:00.000+0000,793849.9498062399,793849.9498062399,999999.9999999999
2025-01-21T13:30:00.000+0000,793849.9498062399,793849.9498062399,999999.9999999999
2025-01-21T13:40:00.000+0000,793849.9498062399,793849.9498062399,999999.9999999999
2025-01-21T13:50:00.000+0000,793849.9498062399,793849.9498062399,999999.9999999999
2025-01-21T14:00:00.000+0000,793849.9498062399,793849.9498062399,999999.9999999999
2025-01-21T14:10:00.000+0000,793849.9498062399,793849.9498062399,999999.9999999999
2025-01-21T14:20:00.000+0000,793849.9498062399,793849.9498062399,999999.9999999999
2025-01-21T14:30:00.000+0000,793849.9498062399,793849.9498062399,999999.9999999999
2025-01-21T14:40:00.000+0000,793849.9498062399,793849.9498062399,999999.9999999999
2025-01-21T14:50:00.000+0000,793849.9498062399,793849.9498062399,999999.9999999999
2025-01-21T15:00:00.000+0000,793849.9498062399,793849.9498062399,999999.9999999999
2025-01-21T15:10:00.000+0000,793849.9498062399,793849.9498062399,999999.9999999999
2025-01-21T15:20:00.000+0000,793849.9498062399,793849.9498062399,999999.9999999999
2025-01-21T15:30:00.000+0000,793849.9498062399,793849.9498062399,999999.9999999999
2025-01-21T15:40:00.000+0000,793849.9498062399,793849.9498062399,999999.9999999999
2025-01-21T15:50:00.000+0000,793849.9498062399,793849.9498062399,999999.9999999999
2025-01-21T16:00:00.000+0000,793849.9498062399,793849.9498062399,999999.9999999999
2025-01-21T16:10:00.000+0000,793849.9498062399,793849.9498062399,999999.9999999999
2025-01-21T16:20:00.000+0000,793849.9498062399,793849.9498062399,999999.9999999999
2025-01-21T16:30:00.000+0000,793849.9498062399,793849.9498062399,999999.9999999999
2025-01-21T16:40:00.000+0000,793849.9498062399,793849.9498062399,999999.9999999999
2025-01-21T16:50:00.000+0000,793849.9498062399,793849.9498062399,999999.9999999999
2025-01-21T17:00:00.000+0000,793849.9498062399,793849.9498062399,999999.9999999999
2025-01-21T17:10:00.000+0000,793849.9498062399,793849.9498062399,999999.9999999999
2025-01-21T17:20:00.000+0000,793849.9498062399,793849.9498062399,999999.9999999999
2025-01-21T17:30:00.000+0000,793849.9498062399,793849.9498062399,999999.9999999999
2025-01-21T17:40:00.000+0000,793849.9498062399,793849.9498062399,999999.9999999999
2025-01-21T17:50:00.000+0000,793849.9498062399,793849.9498062399,999999.9999999999
2025-01-21T18:00:00.000+0000,793849.9498062399,793849.9498062399,999999.9999999999
2025-01-21T18:10:00.000+0000,793849.9498062399,793849.9498062399,999999.9999999999
2025-01-21T18:20:00.000+0000,793849.9498062399,793849.9498062399,999999.9999999999
2025-01-21T18:30:00.000+0000,793849.9498062399,793849.9498062399,999999.9999999999
2025-01-21T18:40:00.000+0000,793849.9498062399,793849.9498062399,999999.9999999999
2025-01-21T18:50:00.000+0000,793849.9498062399,793849.9498062399,999999.9999999999
2025-01-21T19:00:00.000+0000,793849.9498062399,793849.9498062399,999999.9999999999
2025-01-21T19:10:00.000+0000,793849.9498062399,793849.9498062399,999999.9999999999
2025-01-21T19:20:00.000+0000,793849.9498062399,793849.9498062399,999999.9999999999
2025-01-21T19:30:00.000+0000,793849.9498062399,793849.9498062399,999999.9999999999
2025-01-21T19:40:00.000+0000,793849.9498062399,793849.9498062399,999999.9999999999
2025-01-21T19:50:00.000+0000,793849.9498062399,793849.9498062399,999999.9999999999
2025-01-21T20:00:00.000+0000,793849.9498062399,793849.9498062399,999999.9999999999
2025-01-21T20:10:00.000+0000,793849.9498062399,793849.9498062399,999999.9999999999
2025-01-21T20:20:00.000+0000,793849.9498062399,793849.9498062399,999999.9999999999
2025-01-21T20:30:00.000+0000,793849.9498062399,793849.9498062399,999999.9999999999
2025-01-21T20:40:00.000+0000,793849.9498062399,793849.9498062399,999999.9999999999
2025-01-21T20:50:00.000+0000,793849.9498062399,793849.9498062399,999999.9999999999
2025-01-21T21:00:00.000+0000,793849.9498062399,793849.9498062399,999999.9999999999
2025-01-21T21:10:00.000+0000,793849.9498062399,793849.9498062399,999999.9999999999
2025-01-21T21:20:00.000+0000,793849.9498062399,793849.9498062399,999999.9999999999
2025-01-21T21:30:00.000+0000,793849.9498062399,793849.9498062399,999999.9999999999
2025-01-21T21:40:00.000+0000,793849.9498062399,793849.9498062399,999999.9999999999
2025-01-21T21:50:00.000+0000,793849.9498062399,793849.9498062399,999999.9999999999
2025-01-21T22:00:00.000+0000,793849.9498062399,793849.9498062399,999999.9999999999
2025-01-21T22:10:00.000+0000,793849.9498062399,793849.9498062399,999999.9999999999
2025-01-21T22:20:00.000+0000,793849.9498062399,793849.9498062399,999999.9999999999
2025-01-21T22:30:00.000+0000,793849.9498062399,793849.9498062399,999999.9999999999
2025-01-21T22:40:00.000+0000,793849.9498062399,793849.9498062399,999999.9999999999
2025-01-21T22:50:00.000+0000,793849.9498062399,793849.9498062399,999999.9999999999
2025-01-21T23:00:00.000+0000,793849.9498062399,793849.9498062399,999999.9999999999
2025-01-21T23:10:00.000+0000,793849.9498062399,793849.9498062399,999999.9999999999
2025-01-21T23:20:00.000+0000,793849.9498062399,793849.9498062399,999999.9999999999
2025-01-21T23:30:00.000+0000,793849.9498062399,793849.9498062399,999999.9999999999
2025-01-21T23:40:00.000+0000,793849.9498062399,793849.9498062399,999999.9999999999
2025-01-21T23:50:00.000+0000,793849.9498062399,793849.9498062399,999999.9999999999
2025-01-22T00:00:00.000+0000,793849.9498062399,793849.9498062399,999999.9999999999
2025-01-22T00:10:00.000+0000,793849.9498062399,793849.9498062399,999999.9999999999
2025-01-22T00:20:00.000+0000,793849.9498062399,793849.9498062399,999999.9999999999
2025-01-22T00:30:00.000+0000,793849.9498062399,793849.9498062399,999999.9999999999
2025-01-22T00:40:00.000+0000,793849.9498062399,793849.9498062399,999999.9999999999
2025-01-22T00:50:00.000+0000,793849.9498062399,793849.9498062399,999999.9999999999
2025-01-22T01:00:00.000+0000,793849.9498062399,793849.9498062399,999999.9999999999
2025-01-22T01:10:00.000+0000,793849.9498062399,793849.9498062399,999999.9999999999
2025-01-22T01:20:00.000+0000,793849.9498062399,793849.9498062399,999999.9999999999
2025-01-22T01:30:00.000+0000,793849.9498062399,793849.9498062399,999999.9999999999
2025-01-22T01:40:00.000+0000,793849.9498062399,793849.9498062399,999999.9999999999
2025-01-22T01:50:00.000+0000,793849.9498062399,793849.9498062399,999999.9999999999
2025-01-22T02:00:00.000+0000,793849.9498062399,793849.9498062399,999999.9999999999
2025-01-22T02:10:00.000+0000,793849.9498062399,793849.9498062399,999999.9999999999
2025-01-22T02:20:00.000+0000,793849.9498062399,793849.9498062399,999999.9999999999
2025-01-22T02:30:00.000+0000,793849.9498062399,793849.9498062399,999999.9999999999
2025-01-22T02:40:00.000+0000,793849.9498062399,793849.9498062399,999999.9999999999
2025-01-22T02:50:00.000+0000,793849.9498062399,793849.9498062399,999999.9999999999
2025-01-22T03:00:00.000+0000,793849.9498062399,793849.9498062399,999999.9999999999
2025-01-22T03:10:00.000+0000,793849.9498062399,793849.9498062399,999999.9999999999
2025-01-22T03:20:00.000+0000,793849.9498062399,793849.9498062399,999999.9999999999
2025-01-22T03:30:00.000+0000,793849.9498062399,793849.9498062399,999999.9999999999
2025-01-22T03:40:00.000+0000,793849.9498062399,793849.9498062399,999999.9999999999
2025-01-22T03:50:00.000+0000,793849.9498062399,793849.9498062399,999999.9999999999
2025-01-22T04:00:00.000+0000,793849.9498062399,793849.9498062399,999999.9999999999
2025-01-22T04:10:00.000+0000,793849.9498062399,793849.9498062399,999999.9999999999
2025-01-22T04:20:00.000+0000,793849.9498062399,793849.9498062399,999999.9999999999
2025-01-22T04:30:00.000+0000,793849.9498062399,793849.9498062399,999999.9999999999
2025-01-22T04:40:00.000+0000,793849.9498062399,793849.9498062399,999999.9999999999
2025-01-22T04:50:00.000+0000,793849.9498062399,793849.9498062399,999999.9999999999
2025-01-22T05:00:00.000+0000,793849.9498062399,793849.9498062399,999999.9999999999
2025-01-22T05:10:00.000+0000,793849.9498062399,793849.9498062399,999999.9999999999
2025-01-22T05:20:00.000+0000,793849.9498062399,793849.9498062399,999999.9999999999
2025-01-22T05:30:00.000+0000,793849.9498062399,793849.9498062399,999999.9999999999
2025-01-22T05:40:00.000+0000,793849.9498062399,793849.9498062399,999999.9999999999
2025-01-22T05:50:00.000+0000,793849.9498062399,793849.9498062399,999999.9999999999
2025-01-22T06:00:00.000+0000,793849.9498062399,793849.9498062399,999999.9999999999
2025-01-22T06:10:00.000+0000,793849.9498062399,793849.9498062399,999999.9999999999
2025-01-22T06:20:00.000+0000,793849.9498062399,793849.9498062399,999999.9999999999
2025-01-22T06:30:00.000+0000,793849.9498062399,793849.9498062399,999999.9999999999
2025-01-22T06:40:00.000+0000,793849.9498062399,793849.9498062399,999999.9999999999
2025-01-22T06:50:00.000+0000,793849.9498062399,793849.9498062399,999999.9999999999
2025-01-22T07:00:00.000+0000,793849.9498062399,793849.9498062399,999999.9999999999
2025-01-22T07:10:00.000+0000,793849.9498062399,793849.9498062399,999999.9999999999
2025-01-22T07:20:00.000+0000,793849.9498062399,793849.9498062399,999999.9999999999
2025-01-22T07:30:00.000+0000,793849.9498062399,793849.9498062399,999999.9999999999
2025-01-22T07:40:00.000+0000,793849.9498062399,793849.9498062399,999999.9999999999
2025-01-22T07:50:00.000+0000,793849.9498062399,793849.9498062399,999999.9999999999
2025-01-22T08:00:00.000+0000,793849.9498062399,793849.9498062399,999999.9999999999
2025-01-22T08:10:00.000+0000,793849.9498062399,793849.9498062399,999999.9999999999
2025-01-22T08:20:00.000+0000,793849.9498062399,793849.9498062399,999999.9999999999
2025-01-22T08:30:00.000+0000,793849.9498062399,793849.9498062399,999999.9999999999
2025-01-22T08:40:00.000+0000,793849.9498062399,793849.9498062399,999999.9999999999
2025-01-22T08:50:00.000+0000,793849.9498062399,793849.9498062399,999999.9999999999
2025-01-22T09:00:00.000+0000,793849.9498062399,793849.9498062399,999999.9999999999
2025-01-22T09:10:00.000+0000,793849.9498062399,793849.9498062399,999999.9999999999
2025-01-22T09:20:00.000+0000,793849.9498062399,793849.9498062399,999999.9999999999
2025-01-22T09:30:00.000+0000,793849.9498062399,793849.9498062399,999999.9999999999
2025-01-22T09:40:00.000+0000,793849.9498062399,793849.9498062399,999999.9999999999
2025-01-22T09:50:00.000+0000,793849.9498062399,793849.9498062399,999999.9999999999
2025-01-22T10:00:00.000+0000,793849.9498062399,793849.9498062399,999999.9999999999
2025-01-22T10:10:00.000+0000,793849.9498062399,793849.9498062399,999999.9999999999
2025-01-22T10:20:00.000+0000,793849.9498062399,793849.9498062399,999999.9999999999
2025-01-22T10:30:00.000+0000,793849.9498062399,793849.9498062399,999999.9999999999
2025-01-22T10:40:00.000+0000,793849.9498062399,793849.9498062399,999999.9999999999
2025-01-22T10:50:00.000+0000,793849.9498062399,793849.9498062399,999999.9999999999
2025-01-22T11:00:00.000+0000,793849.9498062399,793849.9498062399,999999.9999999999
2025-01-22T11:10:00.000+0000,793849.9498062399,793849.9498062399,999999.9999999999
2025-01-22T11:20:00.000+0000,793849.9498062399,793849.9498062399,999999.9999999999
2025-01-22T11:30:00.000+0000,793849.9498062399,793849.9498062399,999999.9999999999
2025-01-22T11:40:00.000+0000,793849.9498062399,793849.9498062399,999999.9999999999
2025-01-22T11:50:00.000+0000,793849.9498062399,793849.9498062399,999999.9999999999
2025-01-22T12:00:00.000+0000,793849.9498062399,793849.9498062399,999999.9999999999
2025-01-22T12:10:00.000+0000,793849.9498062399,793849.9498062399,999999.9999999999
2025-01-22T12:20:00.000+0000,793849.9498062399,793849.9498062399,999999.9999999999
2025-01-22T12:30:00.000+0000,793849.9498062399,793849.9498062399,999999.9999999999
2025-01-22T12:40:00.000+0000,793849.9498062399,793849.9498062399,999999.9999999999
2025-01-22T12:50:00.000+0000,793849.9498062399,793849.9498062399,999999.9999999999
2025-01-22T13:00:00.000+0000,793849.9498062399,793849.9498062399,999999.9999999999
2025-01-22T13:10:00.000+0000,793849.9498062399,793849.9498062399,999999.9999999999
2025-01-22T13:20:00.000+0000,793849.9498062399,793849.9498062399,999999.9999999999
2025-01-22T13:30:00.000+0000,793849.9498062399,793849.9498062399,999999.9999999999
2025-01-22T13:40:00.000+0000,793849.9498062399,793849.9498062399,999999.9999999999
2025-01-22T13:50:00.000+0000,793849.9498062399,793849.9498062399,999999.9999999999
2025-01-22T14:00:00.000+0000,793849.9498062399,793849.9498062399,999999.9999999999
2025-01-22T14:10:00.000+0000,793849.9498062399,793849.9498062399,999999.9999999999
2025-01-22T14:20:00.000+0000,793849.9498062399,793849.9498062399,999999.9999999999
2025-01-22T14:30:00.000+0000,793849.9498062399,793849.9498062399,999999.9999999999
2025-01-22T14:40:00.000+0000,793849.9498062399,793849.9498062399,999999.9999999999
2025-01-22T14:50:00.000+0000,793849.9498062399,793849.9498062399,999999.9999999999
2025-01-22T15:00:00.000+0000,793849.9498062399,793849.9498062399,999999.9999999999
2025-01-22T15:10:00.000+0000,793849.9498062399,793849.9498062399,999999.9999999999
2025-01-22T15:20:00.000+0000,793849.9498062399,793849.9498062399,999999.9999999999
2025-01-22T15:30:00.000+0000,793849.9498062399,793849.9498062399,999999.9999999999
2025-01-22T15:40:00.000+0000,793849.9498062399,793849.9498062399,999999.9999999999
2025-01-22T15:50:00.000+0000,793849.9498062399,793849.9498062399,999999.9999999999
2025-01-22T16:00:00.000+0000,793849.9498062399,793849.9498062399,999999.9999999999
2025-01-22T16:10:00.000+0000,793849.9498062399,793849.9498062399,999999.9999999999
2025-01-22T16:20:00.000+0000,793849.9498062399,793849.9498062399,999999.9999999999
2025-01-22T16:30:00.000+0000,793849.9498062399,793849.9498062399,999999.9999999999
2025-01-22T16:40:00.000+0000,793849.9498062399,793849.9498062399,999999.9999999999
2025-01-22T16:50:00.000+0000,793849.9498062399,793849.9498062399,999999.9999999999
2025-01-22T17:00:00.000+0000,793849.9498062399,793849.9498062399,999999.9999999999
2025-01-22T17:10:00.000+0000,793849.9498062399,793849.9498062399,999999.9999999999
2025-01-22T17:20:00.000+0000,793849.9498062399,793849.9498062399,999999.9999999999
2025-01-22T17:30:00.000+0000,793849.9498062399,793849.9498062399,999999.9999999999
2025-01-22T17:40:00.000+0000,793849.9498062399,793849.9498062399,999999.9999999999
2025-01-22T17:50:00.000+0000,793849.9498062399,793849.9498062399,999999.9999999999
2025-01-22T18:00:00.000+0000,793849.9498062399,793849.9498062399,999999.9999999999
2025-01-22T18:10:00.000+0000,793849.9498062399,793849.9498062399,999999.9999999999
2025-01-22T18:20:00.000+0000,793849.9498062399,793849.9498062399,999999.9999999999
2025-01-22T18:30:00.000+0000,793849.9498062399,793849.9498062399,999999.9999999999
2025-01-22T18:40:00.000+0000,793849.9498062399,793849.9498062399,999999.9999999999
2025-01-22T18:50:00.000+0000,793849.9498062399,793849.9498062399,999999.9999999999
2025-01-22T19:00:00.000+0000,793849.9498062399,793849.9498062399,999999.9999999999
2025-01-22T19:10:00.000+0000,793849.9498062399,793849.9498062399,999999.9999999999
2025-01-22T19:20:00.000+0000,793849.9498062399,793849.9498062399,999999.9999999999
2025-01-22T19:30:00.000+0000,793849.9498062399,793849.9498062399,999999.9999999999
2025-01-22T19:40:00.000+0000,793849.9498062399,793849.9498062399,999999.9999999999
2025-01-22T19:50:00.000+0000,793849.9498062399,793849.9498062399,999999.9999999999
2025-01-22T20:00:00.000+0000,793849.9498062399,793849.9498062399,999999.9999999999
2025-01-22T20:10:00.000+0000,793849.9498062399,793849.9498062399,999999.9999999999
2025-01-22T20:20:00.000+0000,793849.9498062399,793849.9498062399,999999.9999999999
2025-01-22T20:30:00.000+0000,793849.9498062399,793849.9498062399,999999.9999999999
2025-01-22T20:40:00.000+0000,793849.9498062399,793849.9498062399,999999.9999999999
2025-01-22T20:50:00.000+0000,793849.9498062399,793849.9498062399,999999.9999999999
2025-01-22T21:00:00.000+0000,793849.9498062399,793849.9498062399,999999.9999999999
2025-01-22T21:10:00.000+0000,793849.9498062399,793849.9498062399,999999.9999999999
2025-01-22T21:20:00.000+0000,793849.9498062399,793849.9498062399,999999.9999999999
2025-01-22T21:30:00.000+0000,793849.9498062399,793849.9498062399,999999.9999999999
2025-01-22T21:40:00.000+0000,793849.9498062399,793849.9498062399,999999.9999999999
2025-01-22T21:50:00.000+0000,793849.9498062399,793849.9498062399,999999.9999999999
2025-01-22T22:00:00.000+0000,793849.9498062399,793849.9498062399,999999.9999999999
2025-01-22T22:10:00.000+0000,793849.9498062399,793849.9498062399,999999.9999999999
2025-01-22T22:20:00.000+0000,793849.9498062399,793849.9498062399,999999.9999999999
2025-01-22T22:30:00.000+0000,793849.9498062399,793849.9498062399,999999.9999999999
2025-01-22T22:40:00.000+0000,793849.9498062399,793849.9498062399,999999.9999999999
2025-01-22T22:50:00.000+0000,793849.9498062399,793849.9498062399,999999.9999999999
2025-01-22T23:00:00.000+0000,793849.9498062399,793849.9498062399,999999.9999999999
2025-01-22T23:10:00.000+0000,793849.9498062399,793849.9498062399,999999.9999999999
2025-01-22T23:20:00.000+0000,793849.9498062399,793849.9498062399,999999.9999999999
2025-01-22T23:30:00.000+0000,793849.9498062399,793849.9498062399,999999.9999999999
2025-01-22T23:40:00.000+0000,793849.9498062399,793849.9498062399,999999.9999999999
2025-01-22T23:50:00.000+0000,793849.9498062399,793849.9498062399,999999.9999999999
2025-01-23T00:00:00.000+0000,793849.9498062399,793849.9498062399,999999.9999999999
2025-01-23T00:10:00.000+0000,793849.9498062399,793849.9498062399,999999.9999999999
2025-01-23T00:20:00.000+0000,793849.9498062399,793849.9498062399,999999.9999999999
2025-01-23T00:30:00.000+0000,793849.9498062399,793849.9498062399,999999.9999999999
2025-01-23T00:40:00.000+0000,793849.9498062399,793849.9498062399,999999.9999999999
2025-01-23T00:50:00.000+0000,793849.9498062399,793849.9498062399,999999.9999999999
2025-01-23T01:00:00.000+0000,793849.9498062399,793849.9498062399,999999.9999999999
2025-01-23T01:10:00.000+0000,793849.9498062399,793849.9498062399,999999.9999999999
2025-01-23T01:20:00.000+0000,793849.9498062399,793849.9498062399,999999.9999999999
2025-01-23T01:30:00.000+0000,793849.9498062399,793849.9498062399,999999.9999999999
2025-01-23T01:40:00.000+0000,793849.9498062399,793849.9498062399,999999.9999999999
2025-01-23T01:50:00.000+0000,793849.9498062399,793849.9498062399,999999.9999999999
2025-01-23T02:00:00.000+0000,793849.9498062399,793849.9498062399,999999.9999999999
2025-01-23T02:10:00.000+0000,793849.9498062399,793849.9498062399,999999.9999999999
2025-01-23T02:20:00.000+0000,793849.9498062399,793849.9498062399,999999.9999999999
2025-01-23T02:30:00.000+0000,793849.9498062399,793849.9498062399,999999.9999999999
2025-01-23T02:40:00.000+0000,793849.9498062399,793849.9498062399,999999.9999999999
2025-01-23T02:50:00.000+0000,793849.9498062399,793849.9498062399,999999.9999999999
2025-01-23T03:00:00.000+0000,793849.9498062399,793849.9498062399,999999.9999999999
2025-01-23T03:10:00.000+0000,793849.9498062399,793849.9498062399,999999.9999999999
2025-01-23T03:20:00.000+0000,793849.9498062399,793849.9498062399,999999.9999999999
2025-01-23T03:30:00.000+0000,793849.9498062399,793849.9498062399,999999.9999999999
2025-01-23T03:40:00.000+0000,793849.9498062399,793849.9498062399,999999.9999999999
2025-01-23T03:50:00.000+0000,793849.9498062399,793849.9498062399,999999.9999999999
2025-01-23T04:00:00.000+0000,793849.9498062399,793849.9498062399,999999.9999999999
2025-01-23T04:10:00.000+0000,793849.9498062399,793849.9498062399,999999.9999999999
2025-01-23T04:20:00.000+0000,793849.9498062399,793849.9498062399,999999.9999999999
2025-01-23T04:30:00.000+0000,793849.9498062399,793849.9498062399,999999.9999999999
2025-01-23T04:40:00.000+0000,793849.9498062399,793849.9498062399,999999.9999999999
2025-01-23T04:50:00.000+0000,793849.9498062399,793849.9498062399,999999.9999999999
2025-01-23T05:00:00.000+0000,793849.9498062399,793849.9498062399,999999.9999999999
2025-01-23T05:10:00.000+0000,793849.9498062399,793849.9498062399,999999.9999999999
2025-01-23T05:20:00.000+0000,793849.9498062399,793849.9498062399,999999.9999999999
2025-01-23T05:30:00.000+0000,793849.9498062399,793849.9498062399,999999.9999999999
2025-01-23T05:40:00.000+0000,793849.9498062399,793849.9498062399,999999.9999999999
2025-01-23T05:50:00.000+0000,793849.9498062399,793849.9498062399,999999.9999999999
2025-01-23T06:00:00.000+0000,793849.9498062399,793849.9498062399,999999.9999999999
2025-01-23T06:10:00.000+0000,793849.9498062399,793849.9498062399,999999.9999999999
2025-01-23T06:20:00.000+0000,793849.9498062399,793849.9498062399,999999.9999999999
2025-01-23T06:30:00.000+0000,793849.9498062399,793849.9498062399,999999.9999999999
2025-01-23T06:40:00.000+0000,793849.9498062399,793849.9498062399,999999.9999999999
2025-01-23T06:50:00.000+0000,793849.9498062399,793849.9498062399,999999.9999999999
2025-01-23T07:00:00.000+0000,793849.9498062399,793849.9498062399,999999.9999999999
2025-01-23T07:10:00.000+0000,793849.9498062399,793849.9498062399,999999.9999999999
2025-01-23T07:20:00.000+0000,793849.9498062399,793849.9498062399,999999.9999999999
2025-01-23T07:30:00.000+0000,793849.9498062399,793849.9498062399,999999.9999999999
2025-01-23T07:40:00.000+0000,793849.9498062399,793849.9498062399,999999.9999999999
2025-01-23T07:50:00.000+0000,793849.9498062399,793849.9498062399,999999.9999999999
2025-01-23T08:00:00.000+0000,793849.9498062399,793849.9498062399,999999.9999999999
2025-01-23T08:10:00.000+0000,793849.9498062399,793849.9498062399,999999.9999999999
2025-01-23T08:20:00.000+0000,793849.9498062399,793849.9498062399,999999.9999999999
2025-01-23T08:30:00.000+0000,793849.9498062399,793849.9498062399,999999.9999999999
2025-01-23T08:40:00.000+0000,793849.9498062399,793849.9498062399,999999.9999999999
2025-01-23T08:50:00.000+0000,793849.9498062399,793849.9498062399,999999.9999999999
2025-01-23T09:00:00.000+0000,793849.9498062399,793849.9498062399,999999.9999999999
2025-01-23T09:10:00.000+0000,793849.9498062399,793849.9498062399,999999.9999999999
2025-01-23T09:20:00.000+0000,793849.9498062399,793849.9498062399,999999.9999999999
2025-01-23T09:30:00.000+0000,793849.9498062399,793849.9498062399,999999.9999999999
2025-01-23T09:40:00.000+0000,793849.9498062399,793849.9498062399,999999.9999999999
2025-01-23T09:50:00.000+0000,793849.9498062399,793849.9498062399,999999.9999999999
2025-01-23T10:00:00.000+0000,793849.9498062399,793849.9498062399,999999.9999999999
2025-01-23T10:10:00.000+0000,793849.9498062399,793849.9498062399,999999.9999999999
2025-01-23T10:20:00.000+0000,793849.9498062399,793849.9498062399,999999.9999999999
2025-01-23T10:30:00.000+0000,793849.9498062399,793849.9498062399,999999.9999999999
2025-01-23T10:40:00.000+0000,793849.9498062399,793849.9498062399,999999.9999999999
2025-01-23T10:50:00.000+0000,793849.9498062399,793849.9498062399,999999.9999999999
2025-01-23T11:00:00.000+0000,793849.9498062399,793849.9498062399,999999.9999999999
2025-01-23T11:10:00.000+0000,793849.9498062399,793849.9498062399,999999.9999999999
2025-01-23T11:20:00.000+0000,793849.9498062399,793849.9498062399,999999.9999999999
2025-01-23T11:30:00.000+0000,793849.9498062399,793849.9498062399,999999.9999999999
2025-01-23T11:40:00.000+0000,793849.9498062399,793849.9498062399,999999.9999999999
2025-01-23T11:50:00.000+0000,793849.9498062399,793849.9498062399,999999.9999999999
2025-01-23T12:00:00.000+0000,793849.9498062399,793849.9498062399,999999.9999999999
2025-01-23T12:10:00.000+0000,793849.9498062399,793849.9498062399,999999.9999999999
2025-01-23T12:20:00.000+0000,793849.9498062399,793849.9498062399,999999.9999999999
2025-01-23T12:30:00.000+0000,793849.9498062399,793849.9498062399,999999.9999999999
2025-01-23T12:40:00.000+0000,793849.9498062399,793849.9498062399,999999.9999999999
2025-01-23T12:50:00.000+0000,793849.9498062399,793849.9498062399,999999.9999999999
2025-01-23T13:00:00.000+0000,793849.9498062399,793849.9498062399,999999.9999999999
2025-01-23T13:10:00.000+0000,793849.9498062399,793849.9498062399,999999.9999999999
2025-01-23T13:20:00.000+0000,793849.9498062399,793849.9498062399,999999.9999999999
2025-01-23T13:30:00.000+0000,793849.9498062399,793849.9498062399,999999.9999999999
2025-01-23T13:40:00.000+0000,793849.9498062399,793849.9498062399,999999.9999999999
2025-01-23T13:50:00.000+0000,793849.9498062399,793849.9498062399,999999.9999999999
2025-01-23T14:00:00.000+0000,793849.9498062399,793849.9498062399,999999.9999999999
2025-01-23T14:10:00.000+0000,793849.9498062399,793849.9498062399,999999.9999999999
2025-01-23T14:20:00.000+0000,793849.9498062399,793849.9498062399,999999.9999999999
2025-01-23T14:30:00.000+0000,793849.9498062399,793849.9498062399,999999.9999999999
2025-01-23T14:40:00.000+0000,793849.9498062399,793849.9498062399,999999.9999999999
2025-01-23T14:50:00.000+0000,793849.9498062399,793849.9498062399,999999.9999999999
2025-01-23T15:00:00.000+0000,793849.9498062399,793849.9498062399,999999.9999999999
2025-01-23T15:10:00.000+0000,793849.9498062399,793849.9498062399,999999.9999999999
2025-01-23T15:20:00.000+0000,793849.9498062399,793849.9498062399,999999.9999999999
2025-01-23T15:30:00.000+0000,793849.9498062399,793849.9498062399,999999.9999999999
2025-01-23T15:40:00.000+0000,793849.9498062399,793849.9498062399,999999.9999999999
2025-01-23T15:50:00.000+0000,793849.9498062399,793849.9498062399,999999.9999999999
2025-01-23T16:00:00.000+0000,793849.9498062399,793849.9498062399,999999.9999999999
2025-01-23T16:10:00.000+0000,793849.9498062399,793849.9498062399,999999.9999999999
2025-01-23T16:20:00.000+0000,793849.9498062399,793849.9498062399,999999.9999999999
2025-01-23T16:30:00.000+0000,793849.9498062399,793849.9498062399,999999.9999999999
2025-01-23T16:40:00.000+0000,793849.9498062399,793849.9498062399,999999.9999999999
2025-01-23T16:50:00.000+0000,793849.9498062399,793849.9498062399,999999.9999999999
2025-01-23T17:00:00.000+0000,793849.9498062399,793849.9498062399,999999.9999999999
2025-01-23T17:10:00.000+0000,793849.9498062399,793849.9498062399,999999.9999999999
2025-01-23T17:20:00.000+0000,793849.9498062399,793849.9498062399,999999.9999999999
2025-01-23T17:30:00.000+0000,793849.9498062399,793849.9498062399,999999.9999999999
2025-01-23T17:40:00.000+0000,793849.9498062399,793849.9498062399,999999.9999999999
2025-01-23T17:50:00.000+0000,793849.9498062399,793849.9498062399,999999.9999999999
2025-01-23T18:00:00.000+0000,793849.9498062399,793849.9498062399,999999.9999999999
2025-01-23T18:10:00.000+0000,793849.9498062399,793849.9498062399,999999.9999999999
2025-01-23T18:20:00.000+0000,793849.9498062399,793849.9498062399,999999.9999999999
2025-01-23T18:30:00.000+0000,793849.9498062399,793849.9498062399,999999.9999999999
2025-01-23T18:40:00.000+0000,793849.9498062399,793849.9498062399,999999.9999999999
2025-01-23T18:50:00.000+0000,793849.9498062399,793849.9498062399,999999.9999999999
2025-01-23T19:00:00.000+0000,793849.9498062399,793849.9498062399,999999.9999999999
2025-01-23T19:10:00.000+0000,793849.9498062399,793849.9498062399,999999.9999999999
2025-01-23T19:20:00.000+0000,793849.9498062399,793849.9498062399,999999.9999999999
2025-01-23T19:30:00.000+0000,793849.9498062399,793849.9498062399,999999.9999999999
2025-01-23T19:40:00.000+0000,793849.9498062399,793849.9498062399,999999.9999999999
2025-01-23T19:50:00.000+0000,793849.9498062399,793849.9498062399,999999.9999999999
2025-01-23T20:00:00.000+0000,793849.9498062399,793849.9498062399,999999.9999999999
2025-01-23T20:10:00.000+0000,793849.9498062399,793849.9498062399,999999.9999999999
2025-01-23T20:20:00.000+0000,793849.9498062399,793849.9498062399,999999.9999999999
2025-01-23T20:30:00.000+0000,793849.9498062399,793849.9498062399,999999.9999999999
2025-01-23T20:40:00.000+0000,793849.9498062399,793849.9498062399,999999.9999999999
2025-01-23T20:50:00.000+0000,793849.9498062399,793849.9498062399,999999.9999999999
2025-01-23T21:00:00.000+0000,793849.9498062399,793849.9498062399,999999.9999999999
2025-01-23T21:10:00.000+0000,793849.9498062399,793849.9498062399,999999.9999999999
2025-01-23T21:20:00.000+0000,793849.9498062399,793849.9498062399,999999.9999999999
2025-01-23T21:30:00.000+0000,793849.9498062399,793849.9498062399,999999.9999999999
2025-01-23T21:40:00.000+0000,793849.9498062399,793849.9498062399,999999.9999999999
2025-01-23T21:50:00.000+0000,793849.9498062399,793849.9498062399,999999.9999999999
2025-01-23T22:00:00.000+0000,793849.9498062399,793849.9498062399,999999.9999999999
2025-01-23T22:10:00.000+0000,793849.9498062399,793849.9498062399,999999.9999999999
2025-01-23T22:20:00.000+0000,793849.9498062399,793849.9498062399,999999.9999999999
2025-01-23T22:30:00.000+0000,793849.9498062399,793849.9498062399,999999.9999999999
2025-01-23T22:40:00.000+0000,793849.9498062399,793849.9498062399,999999.9999999999
2025-01-23T22:50:00.000+0000,793849.9498062399,793849.9498062399,999999.9999999999
2025-01-23T23:00:00.000+0000,793849.9498062399,793849.9498062399,999999.9999999999
2025-01-23T23:10:00.000+0000,793849.9498062399,793849.9498062399,999999.9999999999
2025-01-23T23:20:00.000+0000,793849.9498062399,793849.9498062399,999999.9999999999
2025-01-23T23:30:00.000+0000,793849.9498062399,793849.9498062399,999999.9999999999
2025-01-23T23:40:00.000+0000,793849.9498062399,793849.9498062399,999999.9999999999
2025-01-23T23:50:00.000+0000,793849.9498062399,793849.9498062399,999999.9999999999
2025-01-24T00:00:00.000+0000,793849.9498062399,793849.9498062399,999999.9999999999
2025-01-24T00:10:00.000+0000,793849.9498062399,793849.9498062399,999999.9999999999
2025-01-24T00:20:00.000+0000,793849.9498062399,793849.9498062399,999999.9999999999
2025-01-24T00:30:00.000+0000,793849.9498062399,793849.9498062399,999999.9999999999
2025-01-24T00:40:00.000+0000,793849.9498062399,793849.9498062399,999999.9999999999
2025-01-24T00:50:00.000+0000,793849.9498062399,793849.9498062399,999999.9999999999
2025-01-24T01:00:00.000+0000,793849.9498062399,793849.9498062399,999999.9999999999
2025-01-24T01:10:00.000+0000,793849.9498062399,793849.9498062399,999999.9999999999
2025-01-24T01:20:00.000+0000,793849.9498062399,793849.9498062399,999999.9999999999
2025-01-24T01:30:00.000+0000,793849.9498062399,793849.9498062399,999999.9999999999
2025-01-24T01:40:00.000+0000,793849.9498062399,793849.9498062399,999999.9999999999
2025-01-24T01:50:00.000+0000,793849.9498062399,793849.9498062399,999999.9999999999
2025-01-24T02:00:00.000+0000,793849.9498062399,793849.9498062399,999999.9999999999
2025-01-24T02:10:00.000+0000,793849.9498062399,793849.9498062399,999999.9999999999
2025-01-24T02:20:00.000+0000,793849.9498062399,793849.9498062399,999999.9999999999
2025-01-24T02:30:00.000+0000,793849.9498062399,793849.9498062399,999999.9999999999
2025-01-24T02:40:00.000+0000,793849.9498062399,793849.9498062399,999999.9999999999
2025-01-24T02:50:00.000+0000,793849.9498062399,793849.9498062399,999999.9999999999
2025-01-24T03:00:00.000+0000,793849.9498062399,793849.9498062399,999999.9999999999
2025-01-24T03:10:00.000+0000,793849.9498062399,793849.9498062399,999999.9999999999
2025-01-24T03:20:00.000+0000,793849.9498062399,793849.9498062399,999999.9999999999
2025-01-24T03:30:00.000+0000,793849.9498062399,793849.9498062399,999999.9999999999
2025-01-24T03:40:00.000+0000,793849.9498062399,793849.9498062399,999999.9999999999
2025-01-24T03:50:00.000+0000,793849.9498062399,793849.9498062399,999999.9999999999
2025-01-24T04:00:00.000+0000,793849.9498062399,793849.9498062399,999999.9999999999
2025-01-24T04:10:00.000+0000,793849.9498062399,793849.9498062399,999999.9999999999
2025-01-24T04:20:00.000+0000,793849.9498062399,793849.9498062399,999999.9999999999
2025-01-24T04:30:00.000+0000,793849.9498062399,793849.9498062399,999999.9999999999
2025-01-24T04:40:00.000+0000,793849.9498062399,793849.9498062399,999999.9999999999
2025-01-24T04:50:00.000+0000,793849.9498062399,793849.9498062399,999999.9999999999
2025-01-24T05:00:00.000+0000,793849.9498062399,793849.9498062399,999999.9999999999
2025-01-24T05:10:00.000+0000,793849.9498062399,793849.9498062399,999999.9999999999
2025-01-24T05:20:00.000+0000,793849.9498062399,793849.9498062399,999999.9999999999
2025-01-24T05:30:00.000+0000,793849.9498062399,793849.9498062399,999999.9999999999
2025-01-24T05:40:00.000+0000,793849.9498062399,793849.9498062399,999999.9999999999
2025-01-24T05:50:00.000+0000,793849.9498062399,793849.9498062399,999999.9999999999
2025-01-24T06:00:00.000+0000,793849.9498062399,793849.9498062399,999999.9999999999
2025-01-24T06:10:00.000+0000,793849.9498062399,793849.9498062399,999999.9999999999
2025-01-24T06:20:00.000+0000,793849.9498062399,793849.9498062399,999999.9999999999
2025-01-24T06:30:00.000+0000,793849.9498062399,793849.9498062399,999999.9999999999
2025-01-24T06:40:00.000+0000,793849.9498062399,793849.9498062399,999999.9999999999
2025-01-24T06:50:00.000+0000,793849.9498062399,793849.9498062399,999999.9999999999
2025-01-24T07:00:00.000+0000,793849.9498062399,793849.9498062399,999999.9999999999
2025-01-24T07:10:00.000+0000,793849.9498062399,793849.9498062399,999999.9999999999
2025-01-24T07:20:00.000+0000,793849.9498062399,793849.9498062399,999999.9999999999
2025-01-24T07:30:00.000+0000,793849.9498062399,793849.9498062399,999999.9999999999
2025-01-24T07:40:00.000+0000,793849.9498062399,793849.9498062399,999999.9999999999
2025-01-24T07:50:00.000+0000,793849.9498062399,793849.9498062399,999999.9999999999
2025-01-24T08:00:00.000+0000,793849.9498062399,793849.9498062399,999999.9999999999
2025-01-24T08:10:00.000+0000,793849.9498062399,793849.9498062399,999999.9999999999
2025-01-24T08:20:00.000+0000,793849.9498062399,793849.9498062399,999999.9999999999
2025-01-24T08:30:00.000+0000,793849.9498062399,793849.9498062399,999999.9999999999
2025-01-24T08:40:00.000+0000,793849.9498062399,793849.9498062399,999999.9999999999
2025-01-24T08:50:00.000+0000,793849.9498062399,793849.9498062399,999999.9999999999
2025-01-24T09:00:00.000+0000,793849.9498062399,793849.9498062399,999999.9999999999
2025-01-24T09:10:00.000+0000,793849.9498062399,793849.9498062399,999999.9999999999
2025-01-24T09:20:00.000+0000,793849.9498062399,793849.9498062399,999999.9999999999
2025-01-24T09:30:00.000+0000,793849.9498062399,793849.9498062399,999999.9999999999
2025-01-24T09:40:00.000+0000,793849.9498062399,793849.9498062399,999999.9999999999
2025-01-24T09:50:00.000+0000,793849.9498062399,793849.9498062399,999999.9999999999
2025-01-24T10:00:00.000+0000,793849.9498062399,793849.9498062399,999999.9999999999
2025-01-24T10:10:00.000+0000,793849.9498062399,793849.9498062399,999999.9999999999
2025-01-24T10:20:00.000+0000,793849.9498062399,793849.9498062399,999999.9999999999
2025-01-24T10:30:00.000+0000,793849.9498062399,793849.9498062399,999999.9999999999
2025-01-24T10:40:00.000+0000,793849.9498062399,793849.9498062399,999999.9999999999
2025-01-24T10:50:00.000+0000,793849.9498062399,793849.9498062399,999999.9999999999
2025-01-24T11:00:00.000+0000,793849.9498062399,793849.9498062399,999999.9999999999
2025-01-24T11:10:00.000+0000,793849.9498062399,793849.9498062399,999999.9999999999
2025-01-24T11:20:00.000+0000,793849.9498062399,793849.9498062399,999999.9999999999
2025-01-24T11:30:00.000+0000,793849.9498062399,793849.9498062399,999999.9999999999
2025-01-24T11:40:00.000+0000,793849.9498062399,793849.9498062399,999999.9999999999
2025-01-24T11:50:00.000+0000,793849.9498062399,793849.9498062399,999999.9999999999
2025-01-24T12:00:00.000+0000,793849.9498062399,793849.9498062399,999999.9999999999
2025-01-24T12:10:00.000+0000,793849.9498062399,793849.9498062399,999999.9999999999
2025-01-24T12:20:00.000+0000,793849.9498062399,793849.9498062399,999999.9999999999
2025-01-24T12:30:00.000+0000,793849.9498062399,793849.9498062399,999999.9999999999
2025-01-24T12:40:00.000+0000,793849.9498062399,793849.9498062399,999999.9999999999
2025-01-24T12:50:00.000+0000,793849.9498062399,793849.9498062399,999999.9999999999
2025-01-24T13:00:00.000+0000,793849.9498062399,793849.9498062399,999999.9999999999
2025-01-24T13:10:00.000+0000,793849.9498062399,793849.9498062399,999999.9999999999
2025-01-24T13:20:00.000+0000,793849.9498062399,793849.9498062399,999999.9999999999
2025-01-24T13:30:00.000+0000,793849.9498062399,793849.9498062399,999999.9999999999
2025-01-24T13:40:00.000+0000,793849.9498062399,793849.9498062399,999999.9999999999
2025-01-24T13:50:00.000+0000,793849.9498062399,793849.9498062399,999999.9999999999
2025-01-24T14:00:00.000+0000,793849.9498062399,793849.9498062399,999999.9999999999
2025-01-24T14:10:00.000+0000,793849.9498062399,793849.9498062399,999999.9999999999
2025-01-24T14:20:00.000+0000,793849.9498062399,793849.9498062399,999999.9999999999
2025-01-24T14:30:00.000+0000,793849.9498062399,793849.9498062399,999999.9999999999
2025-01-24T14:40:00.000+0000,793849.9498062399,793849.9498062399,999999.9999999999
2025-01-24T14:50:00.000+0000,793849.9498062399,793849.9498062399,999999.9999999999
2025-01-24T15:00:00.000+0000,793849.9498062399,793849.9498062399,999999.9999999999
2025-01-24T15:10:00.000+0000,793849.9498062399,793849.9498062399,999999.9999999999
2025-01-24T15:20:00.000+0000,793849.9498062399,793849.9498062399,999999.9999999999
2025-01-24T15:30:00.000+0000,793849.9498062399,793849.9498062399,999999.9999999999
2025-01-24T15:40:00.000+0000,793849.9498062399,793849.9498062399,999999.9999999999
2025-01-24T15:50:00.000+0000,793849.9498062399,793849.9498062399,999999.9999999999
2025-01-24T16:00:00.000+0000,793849.9498062399,793849.9498062399,999999.9999999999
2025-01-24T16:10:00.000+0000,793849.9498062399,793849.9498062399,999999.9999999999
2025-01-24T16:20:00.000+0000,793849.9498062399,793849.9498062399,999999.9999999999
2025-01-24T16:30:00.000+0000,793849.9498062399,793849.9498062399,999999.9999999999
2025-01-24T16:40:00.000+0000,793849.9498062399,793849.9498062399,999999.9999999999
2025-01-24T16:50:00.000+0000,793849.9498062399,793849.9498062399,999999.9999999999
2025-01-24T17:00:00.000+0000,793849.9498062399,793849.9498062399,999999.9999999999
2025-01-24T17:10:00.000+0000,793849.9498062399,793849.9498062399,999999.9999999999
2025-01-24T17:20:00.000+0000,793849.9498062399,793849.9498062399,999999.9999999999
2025-01-24T17:30:00.000+0000,793849.9498062399,793849.9498062399,999999.9999999999
2025-01-24T17:40:00.000+0000,793849.9498062399,793849.9498062399,999999.9999999999
2025-01-24T17:50:00.000+0000,793849.9498062399,793849.9498062399,999999.9999999999
2025-01-24T18:00:00.000+0000,793849.9498062399,793849.9498062399,999999.9999999999
2025-01-24T18:10:00.000+0000,793849.9498062399,793849.9498062399,999999.9999999999
2025-01-24T18:20:00.000+0000,793849.9498062399,793849.9498062399,999999.9999999999
2025-01-24T18:30:00.000+0000,793849.9498062399,793849.9498062399,999999.9999999999
2025-01-24T18:40:00.000+0000,793849.9498062399,793849.9498062399,999999.9999999999
2025-01-24T18:50:00.000+0000,793849.9498062399,793849.9498062399,999999.9999999999
2025-01-24T19:00:00.000+0000,793849.9498062399,793849.9498062399,999999.9999999999
2025-01-24T19:10:00.000+0000,793849.9498062399,793849.9498062399,999999.9999999999
2025-01-24T19:20:00.000+0000,793849.9498062399,793849.9498062399,999999.9999999999
2025-01-24T19:30:00.000+0000,793849.9498062399,793849.9498062399,999999.9999999999
2025-01-24T19:40:00.000+0000,793849.9498062399,793849.9498062399,999999.9999999999
2025-01-24T19:50:00.000+0000,793849.9498062399,793849.9498062399,999999.9999999999
2025-01-24T20:00:00.000+0000,793849.9498062399,793849.9498062399,999999.9999999999
2025-01-24T20:10:00.000+0000,793849.9498062399,793849.9498062399,999999.9999999999
2025-01-24T20:20:00.000+0000,793849.9498062399,793849.9498062399,999999.9999999999
2025-01-24T20:30:00.000+0000,793849.9498062399,793849.9498062399,999999.9999999999
2025-01-24T20:40:00.000+0000,793849.9498062399,793849.9498062399,999999.9999999999
2025-01-24T20:50:00.000+0000,793849.9498062399,793849.9498062399,999999.9999999999
2025-01-24T21:00:00.000+0000,793849.9498062399,793849.9498062399,999999.9999999999
2025-01-24T21:10:00.000+0000,793849.9498062399,793849.9498062399,999999.9999999999
2025-01-24T21:20:00.000+0000,793849.9498062399,793849.9498062399,999999.9999999999
2025-01-24T21:30:00.000+0000,793849.9498062399,793849.9498062399,999999.9999999999
2025-01-24T21:40:00.000+0000,793849.9498062399,793849.9498062399,999999.9999999999
2025-01-24T21:50:00.000+0000,793849.9498062399,793849.9498062399,999999.9999999999
2025-01-24T22:00:00.000+0000,793849.9498062399,793849.9498062399,999999.9999999999
2025-01-24T22:10:00.000+0000,793849.9498062399,793849.9498062399,999999.9999999999
2025-01-24T22:20:00.000+0000,793849.9498062399,793849.9498062399,999999.9999999999
2025-01-24T22:30:00.000+0000,793849.9498062399,793849.9498062399,999999.9999999999
2025-01-24T22:40:00.000+0000,793849.9498062399,793849.9498062399,999999.9999999999
2025-01-24T22:50:00.000+0000,793849.9498062399,793849.9498062399,999999.9999999999
2025-01-24T23:00:00.000+0000,793849.9498062399,793849.9498062399,999999.9999999999
2025-01-24T23:10:00.000+0000,793849.9498062399,793849.9498062399,999999.9999999999
2025-01-24T23:20:00.000+0000,793849.9498062399,793849.9498062399,999999.9999999999
2025-01-24T23:30:00.000+0000,793849.9498062399,793849.9498062399,999999.9999999999
2025-01-24T23:40:00.000+0000,793849.9498062399,793849.9498062399,999999.9999999999
2025-01-24T23:50:00.000+0000,793849.9498062399,793849.9498062399,999999.9999999999
2025-01-25T00:00:00.000+0000,793849.9498062399,793849.9498062399,999999.9999999999
2025-01-25T00:10:00.000+0000,793849.9498062399,793849.9498062399,999999.9999999999
2025-01-25T00:20:00.000+0000,793849.9498062399,793849.9498062399,999999.9999999999
2025-01-25T00:30:00.000+0000,793849.9498062399,793849.9498062399,999999.9999999999
2025-01-25T00:40:00.000+0000,793849.9498062399,793849.9498062399,999999.9999999999
2025-01-25T00:50:00.000+0000,793849.9498062399,793849.9498062399,999999.9999999999
2025-01-25T01:00:00.000+0000,793849.9498062399,793849.9498062399,999999.9999999999
2025-01-25T01:10:00.000+0000,793849.9498062399,793849.9498062399,999999.9999999999
2025-01-25T01:20:00.000+0000,793849.9498062399,793849.9498062399,999999.9999999999
2025-01-25T01:30:00.000+0000,793849.9498062399,793849.9498062399,999999.9999999999
2025-01-25T01:40:00.000+0000,793849.9498062399,793849.9498062399,999999.9999999999
2025-01-25T01:50:00.000+0000,793849.9498062399,793849.9498062399,999999.9999999999
2025-01-25T02:00:00.000+0000,793849.9498062399,793849.9498062399,999999.9999999999
2025-01-25T02:10:00.000+0000,793849.9498062399,793849.9498062399,999999.9999999999
2025-01-25T02:20:00.000+0000,793849.9498062399,793849.9498062399,999999.9999999999
2025-01-25T02:30:00.000+0000,793849.9498062399,793849.9498062399,999999.9999999999
2025-01-25T02:40:00.000+0000,793849.9498062399,793849.9498062399,999999.9999999999
2025-01-25T02:50:00.000+0000,793849.9498062399,793849.9498062399,999999.9999999999
2025-01-25T03:00:00.000+0000,793849.9498062399,793849.9498062399,999999.9999999999
2025-01-25T03:10:00.000+0000,793849.9498062399,793849.9498062399,999999.9999999999
2025-01-25T03:20:00.000+0000,793849.9498062399,793849.9498062399,999999.9999999999
2025-01-25T03:30:00.000+0000,793849.9498062399,793849.9498062399,999999.9999999999
2025-01-25T03:40:00.000+0000,793849.9498062399,793849.9498062399,999999.9999999999
2025-01-25T03:50:00.000+0000,793849.9498062399,793849.9498062399,999999.9999999999
2025-01-25T04:00:00.000+0000,793849.9498062399,793849.9498062399,999999.9999999999
2025-01-25T04:10:00.000+0000,793849.9498062399,793849.9498062399,999999.9999999999
2025-01-25T04:20:00.000+0000,793849.9498062399,793849.9498062399,999999.9999999999
2025-01-25T04:30:00.000+0000,793849.9498062399,793849.9498062399,999999.9999999999
2025-01-25T04:40:00.000+0000,793849.9498062399,793849.9498062399,999999.9999999999
2025-01-25T04:50:00.000+0000,793849.9498062399,793849.9498062399,999999.9999999999
2025-01-25T05:00:00.000+0000,793849.9498062399,793849.9498062399,999999.9999999999
2025-01-25T05:10:00.000+0000,793849.9498062399,793849.9498062399,999999.9999999999
2025-01-25T05:20:00.000+0000,793849.9498062399,793849.9498062399,999999.9999999999
2025-01-25T05:30:00.000+0000,793849.9498062399,793849.9498062399,999999.9999999999
2025-01-25T05:40:00.000+0000,793849.9498062399,793849.9498062399,999999.9999999999
2025-01-25T05:50:00.000+0000,793849.9498062399,793849.9498062399,999999.9999999999
2025-01-25T06:00:00.000+0000,793849.9498062399,793849.9498062399,999999.9999999999
2025-01-25T06:10:00.000+0000,793849.9498062399,793849.9498062399,999999.9999999999
2025-01-25T06:20:00.000+0000,793849.9498062399,793849.9498062399,999999.9999999999
2025-01-25T06:30:00.000+0000,793849.9498062399,793849.9498062399,999999.9999999999
2025-01-25T06:40:00.000+0000,793849.9498062399,793849.9498062399,999999.9999999999
2025-01-25T06:50:00.000+0000,793849.9498062399,793849.9498062399,999999.9999999999
2025-01-25T07:00:00.000+0000,793849.9498062399,793849.9498062399,999999.9999999999
2025-01-25T07:10:00.000+0000,793849.9498062399,793849.9498062399,999999.9999999999
2025-01-25T07:20:00.000+0000,793849.9498062399,793849.9498062399,999999.9999999999
2025-01-25T07:30:00.000+0000,793849.9498062399,793849.9498062399,999999.9999999999
2025-01-25T07:40:00.000+0000,793849.9498062399,793849.9498062399,999999.9999999999
2025-01-25T07:50:00.000+0000,793849.9498062399,793849.9498062399,999999.9999999999
2025-01-25T08:00:00.000+0000,793849.9498062399,793849.9498062399,999999.9999999999
2025-01-25T08:10:00.000+0000,793849.9498062399,793849.9498062399,999999.9999999999
2025-01-25T08:20:00.000+0000,793849.9498062399,793849.9498062399,999999.9999999999
2025-01-25T08:30:00.000+0000,793849.9498062399,793849.9498062399,999999.9999999999
2025-01-25T08:40:00.000+0000,793849.9498062399,793849.9498062399,999999.9999999999
2025-01-25T08:50:00.000+0000,793849.9498062399,793849.9498062399,999999.9999999999
2025-01-25T09:00:00.000+0000,793849.9498062399,793849.9498062399,999999.9999999999
2025-01-25T09:10:00.000+0000,793849.9498062399,793849.9498062399,999999.9999999999
2025-01-25T09:20:00.000+0000,793849.9498062399,793849.9498062399,999999.9999999999
2025-01-25T09:30:00.000+0000,793849.9498062399,793849.9498062399,999999.9999999999
2025-01-25T09:40:00.000+0000,793849.9498062399,793849.9498062399,999999.9999999999
2025-01-25T09:50:00.000+0000,793849.9498062399,793849.9498062399,999999.9999999999
2025-01-25T10:00:00.000+0000,793849.9498062399,793849.9498062399,999999.9999999999
2025-01-25T10:10:00.000+0000,793849.9498062399,793849.9498062399,999999.9999999999
2025-01-25T10:20:00.000+0000,793849.9498062399,793849.9498062399,999999.9999999999
2025-01-25T10:30:00.000+0000,793849.9498062399,793849.9498062399,999999.9999999999
2025-01-25T10:40:00.000+0000,793849.9498062399,793849.9498062399,999999.9999999999
2025-01-25T10:50:00.000+0000,793849.9498062399,793849.9498062399,999999.9999999999
2025-01-25T11:00:00.000+0000,793849.9498062399,793849.9498062399,999999.9999999999
2025-01-25T11:10:00.000+0000,793849.9498062399,793849.9498062399,999999.9999999999
2025-01-25T11:20:00.000+0000,793849.9498062399,793849.9498062399,999999.9999999999
2025-01-25T11:30:00.000+0000,793849.9498062399,793849.9498062399,999999.9999999999
2025-01-25T11:40:00.000+0000,793849.9498062399,793849.9498062399,999999.9999999999
2025-01-25T11:50:00.000+0000,793849.9498062399,793849.9498062399,999999.9999999999
2025-01-25T12:00:00.000+0000,793849.9498062399,793849.9498062399,999999.9999999999
2025-01-25T12:10:00.000+0000,793849.9498062399,793849.9498062399,999999.9999999999
2025-01-25T12:20:00.000+0000,793849.9498062399,793849.9498062399,999999.9999999999
2025-01-25T12:30:00.000+0000,793849.9498062399,793849.9498062399,999999.9999999999
2025-01-25T12:40:00.000+0000,793849.9498062399,793849.9498062399,999999.9999999999
2025-01-25T12:50:00.000+0000,793849.9498062399,793849.9498062399,999999.9999999999
2025-01-25T13:00:00.000+0000,793849.9498062399,793849.9498062399,999999.9999999999
2025-01-25T13:10:00.000+0000,793849.9498062399,793849.9498062399,999999.9999999999
2025-01-25T13:20:00.000+0000,793849.9498062399,793849.9498062399,999999.9999999999
2025-01-25T13:30:00.000+0000,793849.9498062399,793849.9498062399,999999.9999999999
2025-01-25T13:40:00.000+0000,793849.9498062399,793849.9498062399,999999.9999999999
2025-01-25T13:50:00.000+0000,793849.9498062399,793849.9498062399,999999.9999999999
2025-01-25T14:00:00.000+0000,793849.9498062399,793849.9498062399,999999.9999999999
2025-01-25T14:10:00.000+0000,793849.9498062399,793849.9498062399,999999.9999999999
2025-01-25T14:20:00.000+0000,793849.9498062399,793849.9498062399,999999.9999999999
2025-01-25T14:30:00.000+0000,793849.9498062399,793849.9498062399,999999.9999999999
2025-01-25T14:40:00.000+0000,793849.9498062399,793849.9498062399,999999.9999999999
2025-01-25T14:50:00.000+0000,793849.9498062399,793849.9498062399,999999.9999999999
2025-01-25T15:00:00.000+0000,793849.9498062399,793849.9498062399,999999.9999999999
2025-01-25T15:10:00.000+0000,793849.9498062399,793849.9498062399,999999.9999999999
2025-01-25T15:20:00.000+0000,793849.9498062399,793849.9498062399,999999.9999999999
2025-01-25T15:30:00.000+0000,793849.9498062399,793849.9498062399,999999.9999999999
2025-01-25T15:40:00.000+0000,793849.9498062399,793849.9498062399,999999.9999999999
2025-01-25T15:50:00.000+0000,793849.9498062399,793849.9498062399,999999.9999999999
2025-01-25T16:00:00.000+0000,793849.9498062399,793849.9498062399,999999.9999999999
2025-01-25T16:10:00.000+0000,793849.9498062399,793849.9498062399,999999.9999999999
2025-01-25T16:20:00.000+0000,793849.9498062399,793849.9498062399,999999.9999999999
2025-01-25T16:30:00.000+0000,793849.9498062399,793849.9498062399,999999.9999999999
2025-01-25T16:40:00.000+0000,793849.9498062399,793849.9498062399,999999.9999999999
2025-01-25T16:50:00.000+0000,793849.9498062399,793849.9498062399,999999.9999999999
2025-01-25T17:00:00.000+0000,793849.9498062399,793849.9498062399,999999.9999999999
2025-01-25T17:10:00.000+0000,793849.9498062399,793849.9498062399,999999.9999999999
2025-01-25T17:20:00.000+0000,793849.9498062399,793849.9498062399,999999.9999999999
2025-01-25T17:30:00.000+0000,793849.9498062399,793849.9498062399,999999.9999999999
2025-01-25T17:40:00.000+0000,793849.9498062399,793849.9498062399,999999.9999999999
2025-01-25T17:50:00.000+0000,793849.9498062399,793849.9498062399,999999.9999999999
2025-01-25T18:00:00.000+0000,793849.9498062399,793849.9498062399,999999.9999999999
2025-01-25T18:10:00.000+0000,793849.9498062399,793849.9498062399,999999.9999999999
2025-01-25T18:20:00.000+0000,793849.9498062399,793849.9498062399,999999.9999999999
2025-01-25T18:30:00.000+0000,793849.9498062399,793849.9498062399,999999.9999999999
2025-01-25T18:40:00.000+0000,793849.9498062399,793849.9498062399,999999.9999999999
2025-01-25T18:50:00.000+0000,793849.9498062399,793849.9498062399,999999.9999999999
2025-01-25T19:00:00.000+0000,793849.9498062399,793849.9498062399,999999.9999999999
2025-01-25T19:10:00.000+0000,793849.9498062399,793849.9498062399,999999.9999999999
2025-01-25T19:20:00.000+0000,793849.9498062399,793849.9498062399,999999.9999999999
2025-01-25T19:30:00.000+0000,793849.9498062399,793849.9498062399,999999.9999999999
2025-01-25T19:40:00.000+0000,793849.9498062399,793849.9498062399,999999.9999999999
2025-01-25T19:50:00.000+0000,793849.9498062399,793849.9498062399,999999.9999999999
2025-01-25T20:00:00.000+0000,793849.9498062399,793849.9498062399,999999.9999999999
2025-01-25T20:10:00.000+0000,793849.9498062399,793849.9498062399,999999.9999999999
2025-01-25T20:20:00.000+0000,793849.9498062399,793849.9498062399,999999.9999999999
2025-01-25T20:30:00.000+0000,793849.9498062399,793849.9498062399,999999.9999999999
2025-01-25T20:40:00.000+0000,793849.9498062399,793849.9498062399,999999.9999999999
2025-01-25T20:50:00.000+0000,793849.9498062399,793849.9498062399,999999.9999999999
2025-01-25T21:00:00.000+0000,793849.9498062399,793849.9498062399,999999.9999999999
2025-01-25T21:10:00.000+0000,793849.9498062399,793849.9498062399,999999.9999999999
2025-01-25T21:20:00.000+0000,793849.9498062399,793849.9498062399,999999.9999999999
2025-01-25T21:30:00.000+0000,793849.9498062399,793849.9498062399,999999.9999999999
2025-01-25T21:40:00.000+0000,793849.9498062399,793849.9498062399,999999.9999999999
2025-01-25T21:50:00.000+0000,793849.9498062399,793849.9498062399,999999.9999999999
2025-01-25T22:00:00.000+0000,793849.9498062399,793849.9498062399,999999.9999999999
2025-01-25T22:10:00.000+0000,793849.9498062399,793849.9498062399,999999.9999999999
2025-01-25T22:20:00.000+0000,793849.9498062399,793849.9498062399,999999.9999999999
2025-01-25T22:30:00.000+0000,793849.9498062399,793849.9498062399,999999.9999999999
2025-01-25T22:40:00.000+0000,793849.9498062399,793849.9498062399,999999.9999999999
2025-01-25T22:50:00.000+0000,793849.9498062399,793849.9498062399,999999.9999999999
2025-01-25T23:00:00.000+0000,793849.9498062399,793849.9498062399,999999.9999999999
2025-01-25T23:10:00.000+0000,793849.9498062399,793849.9498062399,999999.9999999999
2025-01-25T23:20:00.000+0000,793849.9498062399,793849.9498062399,999999.9999999999
2025-01-25T23:30:00.000+0000,793849.9498062399,793849.9498062399,999999.9999999999
2025-01-25T23:40:00.000+0000,793849.9498062399,793849.9498062399,999999.9999999999
2025-01-25T23:50:00.000+0000,793849.9498062399,793849.9498062399,999999.9999999999
2025-01-26T00:00:00.000+0000,793849.9498062399,793849.9498062399,999999.9999999999
2025-01-26T00:10:00.000+0000,793849.9498062399,793849.9498062399,999999.9999999999
2025-01-26T00:20:00.000+0000,793849.9498062399,793849.9498062399,999999.9999999999
2025-01-26T00:30:00.000+0000,793849.9498062399,793849.9498062399,999999.9999999999
2025-01-26T00:40:00.000+0000,793849.9498062399,793849.9498062399,999999.9999999999
2025-01-26T00:50:00.000+0000,793849.9498062399,793849.9498062399,999999.9999999999
2025-01-26T01:00:00.000+0000,793849.9498062399,793849.9498062399,999999.9999999999
2025-01-26T01:10:00.000+0000,793849.9498062399,793849.9498062399,999999.9999999999
2025-01-26T01:20:00.000+0000,793849.9498062399,793849.9498062399,999999.9999999999
2025-01-26T01:30:00.000+0000,793849.9498062399,793849.9498062399,999999.9999999999
2025-01-26T01:40:00.000+0000,793849.9498062399,793849.9498062399,999999.9999999999
2025-01-26T01:50:00.000+0000,793849.9498062399,793849.9498062399,999999.9999999999
2025-01-26T02:00:00.000+0000,793849.9498062399,793849.9498062399,999999.9999999999
2025-01-26T02:10:00.000+0000,793849.9498062399,793849.9498062399,999999.9999999999
2025-01-26T02:20:00.000+0000,793849.9498062399,793849.9498062399,999999.9999999999
2025-01-26T02:30:00.000+0000,793849.9498062399,793849.9498062399,999999.9999999999
2025-01-26T02:40:00.000+0000,793849.9498062399,793849.9498062399,999999.9999999999
2025-01-26T02:50:00.000+0000,793849.9498062399,793849.9498062399,999999.9999999999
2025-01-26T03:00:00.000+0000,793849.9498062399,793849.9498062399,999999.9999999999
2025-01-26T03:10:00.000+0000,793849.9498062399,793849.9498062399,999999.9999999999
2025-01-26T03:20:00.000+0000,793849.9498062399,793849.9498062399,999999.9999999999
2025-01-26T03:30:00.000+0000,793849.9498062399,793849.9498062399,999999.9999999999
2025-01-26T03:40:00.000+0000,793849.9498062399,793849.9498062399,999999.9999999999
2025-01-26T03:50:00.000+0000,793849.9498062399,793849.9498062399,999999.9999999999
2025-01-26T04:00:00.000+0000,793849.9498062399,793849.9498062399,999999.9999999999
2025-01-26T04:10:00.000+0000,793849.9498062399,793849.9498062399,999999.9999999999
2025-01-26T04:20:00.000+0000,793849.9498062399,793849.9498062399,999999.9999999999
2025-01-26T04:30:00.000+0000,793849.9498062399,793849.9498062399,999999.9999999999
2025-01-26T04:40:00.000+0000,793849.9498062399,793849.9498062399,999999.9999999999
2025-01-26T04:50:00.000+0000,793849.9498062399,793849.9498062399,999999.9999999999
2025-01-26T05:00:00.000+0000,793849.9498062399,793849.9498062399,999999.9999999999
2025-01-26T05:10:00.000+0000,793849.9498062399,793849.9498062399,999999.9999999999
2025-01-26T05:20:00.000+0000,793849.9498062399,793849.9498062399,999999.9999999999
2025-01-26T05:30:00.000+0000,793849.9498062399,793849.9498062399,999999.9999999999
2025-01-26T05:40:00.000+0000,793849.9498062399,793849.9498062399,999999.9999999999
2025-01-26T05:50:00.000+0000,793849.9498062399,793849.9498062399,999999.9999999999
2025-01-26T06:00:00.000+0000,793849.9498062399,793849.9498062399,999999.9999999999
2025-01-26T06:10:00.000+0000,793849.9498062399,793849.9498062399,999999.9999999999
2025-01-26T06:20:00.000+0000,793849.9498062399,793849.9498062399,999999.9999999999
2025-01-26T06:30:00.000+0000,793849.9498062399,793849.9498062399,999999.9999999999
2025-01-26T06:40:00.000+0000,793849.9498062399,793849.9498062399,999999.9999999999
2025-01-26T06:50:00.000+0000,793849.9498062399,793849.9498062399,999999.9999999999
2025-01-26T07:00:00.000+0000,793849.9498062399,793849.9498062399,999999.9999999999
2025-01-26T07:10:00.000+0000,793849.9498062399,793849.9498062399,999999.9999999999
2025-01-26T07:20:00.000+0000,793849.9498062399,793849.9498062399,999999.9999999999
2025-01-26T07:30:00.000+0000,793849.9498062399,793849.9498062399,999999.9999999999
2025-01-26T07:40:00.000+0000,793849.9498062399,793849.9498062399,999999.9999999999
2025-01-26T07:50:00.000+0000,793849.9498062399,793849.9498062399,999999.9999999999
2025-01-26T08:00:00.000+0000,793849.9498062399,793849.9498062399,999999.9999999999
2025-01-26T08:10:00.000+0000,793849.9498062399,793849.9498062399,999999.9999999999
2025-01-26T08:20:00.000+0000,793849.9498062399,793849.9498062399,999999.9999999999
2025-01-26T08:30:00.000+0000,793849.9498062399,793849.9498062399,999999.9999999999
2025-01-26T08:40:00.000+0000,793849.9498062399,793849.9498062399,999999.9999999999
2025-01-26T08:50:00.000+0000,793849.9498062399,793849.9498062399,999999.9999999999
2025-01-26T09:00:00.000+0000,793849.9498062399,793849.9498062399,999999.9999999999
2025-01-26T09:10:00.000+0000,793849.9498062399,793849.9498062399,999999.9999999999
2025-01-26T09:20:00.000+0000,793849.9498062399,793849.9498062399,999999.9999999999
2025-01-26T09:30:00.000+0000,793849.9498062399,793849.9498062399,999999.9999999999
2025-01-26T09:40:00.000+0000,793849.9498062399,793849.9498062399,999999.9999999999
2025-01-26T09:50:00.000+0000,793849.9498062399,793849.9498062399,999999.9999999999
2025-01-26T10:00:00.000+0000,793849.9498062399,793849.9498062399,999999.9999999999
2025-01-26T10:10:00.000+0000,793849.9498062399,793849.9498062399,999999.9999999999
2025-01-26T10:20:00.000+0000,793849.9498062399,793849.9498062399,999999.9999999999
2025-01-26T10:30:00.000+0000,793849.9498062399,793849.9498062399,999999.9999999999
2025-01-26T10:40:00.000+0000,793849.9498062399,793849.9498062399,999999.9999999999
2025-01-26T10:50:00.000+0000,793849.9498062399,793849.9498062399,999999.9999999999
2025-01-26T11:00:00.000+0000,793849.9498062399,793849.9498062399,999999.9999999999
2025-01-26T11:10:00.000+0000,793849.9498062399,793849.9498062399,999999.9999999999
2025-01-26T11:20:00.000+0000,793849.9498062399,793849.9498062399,999999.9999999999
2025-01-26T11:30:00.000+0000,793849.9498062399,793849.9498062399,999999.9999999999
2025-01-26T11:40:00.000+0000,793849.9498062399,793849.9498062399,999999.9999999999
2025-01-26T11:50:00.000+0000,793849.9498062399,793849.9498062399,999999.9999999999
2025-01-26T12:00:00.000+0000,793849.9498062399,793849.9498062399,999999.9999999999
2025-01-26T12:10:00.000+0000,793849.9498062399,793849.9498062399,999999.9999999999
2025-01-26T12:20:00.000+0000,793849.9498062399,793849.9498062399,999999.9999999999
2025-01-26T12:30:00.000+0000,793849.9498062399,793849.9498062399,999999.9999999999
2025-01-26T12:40:00.000+0000,793849.9498062399,793849.9498062399,999999.9999999999
2025-01-26T12:50:00.000+0000,793849.9498062399,793849.9498062399,999999.9999999999
2025-01-26T13:00:00.000+0000,793849.9498062399,793849.9498062399,999999.9999999999
2025-01-26T13:10:00.000+0000,793849.9498062399,793849.9498062399,999999.9999999999
2025-01-26T13:20:00.000+0000,793849.9498062399,793849.9498062399,999999.9999999999
2025-01-26T13:30:00.000+0000,793849.9498062399,793849.9498062399,999999.9999999999
2025-01-26T13:40:00.000+0000,793849.9498062399,793849.9498062399,999999.9999999999
2025-01-26T13:50:00.000+0000,793849.9498062399,793849.9498062399,999999.9999999999
2025-01-26T14:00:00.000+0000,793849.9498062399,793849.9498062399,999999.9999999999
2025-01-26T14:10:00.000+0000,793849.9498062399,793849.9498062399,999999.9999999999
2025-01-26T14:20:00.000+0000,793849.9498062399,793849.9498062399,999999.9999999999
2025-01-26T14:30:00.000+0000,793849.9498062399,793849.9498062399,999999.9999999999
2025-01-26T14:40:00.000+0000,793849.9498062399,793849.9498062399,999999.9999999999
2025-01-26T14:50:00.000+0000,793849.9498062399,793849.9498062399,999999.9999999999
2025-01-26T15:00:00.000+0000,793849.9498062399,793849.9498062399,999999.9999999999
2025-01-26T15:10:00.000+0000,793849.9498062399,793849.9498062399,999999.9999999999
2025-01-26T15:20:00.000+0000,793849.9498062399,793849.9498062399,999999.9999999999
2025-01-26T15:30:00.000+0000,793849.9498062399,793849.9498062399,999999.9999999999
2025-01-26T15:40:00.000+0000,793849.9498062399,793849.9498062399,999999.9999999999
2025-01-26T15:50:00.000+0000,793849.9498062399,793849.9498062399,999999.9999999999
2025-01-26T16:00:00.000+0000,793849.9498062399,793849.9498062399,999999.9999999999
2025-01-26T16:10:00.000+0000,793849.9498062399,793849.9498062399,999999.9999999999
2025-01-26T16:20:00.000+0000,793849.9498062399,793849.9498062399,999999.9999999999
2025-01-26T16:30:00.000+0000,793849.9498062399,793849.9498062399,999999.9999999999
2025-01-26T16:40:00.000+0000,793849.9498062399,793849.9498062399,999999.9999999999
2025-01-26T16:50:00.000+0000,793849.9498062399,793849.9498062399,999999.9999999999
2025-01-26T17:00:00.000+0000,793849.9498062399,793849.9498062399,999999.9999999999
2025-01-26T17:10:00.000+0000,793849.9498062399,793849.9498062399,999999.9999999999
2025-01-26T17:20:00.000+0000,793849.9498062399,793849.9498062399,999999.9999999999
2025-01-26T17:30:00.000+0000,793849.9498062399,793849.9498062399,999999.9999999999
2025-01-26T17:40:00.000+0000,793849.9498062399,793849.9498062399,999999.9999999999
2025-01-26T17:50:00.000+0000,793849.9498062399,793849.9498062399,999999.9999999999
2025-01-26T18:00:00.000+0000,793849.9498062399,793849.9498062399,999999.9999999999
2025-01-26T18:10:00.000+0000,793849.9498062399,793849.9498062399,999999.9999999999
2025-01-26T18:20:00.000+0000,793849.9498062399,793849.9498062399,999999.9999999999
2025-01-26T18:30:00.000+0000,793849.9498062399,793849.9498062399,999999.9999999999
2025-01-26T18:40:00.000+0000,793849.9498062399,793849.9498062399,999999.9999999999
2025-01-26T18:50:00.000+0000,793849.9498062399,793849.9498062399,999999.9999999999
2025-01-26T19:00:00.000+0000,793849.9498062399,793849.9498062399,999999.9999999999
2025-01-26T19:10:00.000+0000,793849.9498062399,793849.9498062399,999999.9999999999
2025-01-26T19:20:00.000+0000,793849.9498062399,793849.9498062399,999999.9999999999
2025-01-26T19:30:00.000+0000,793849.9498062399,793849.9498062399,999999.9999999999
2025-01-26T19:40:00.000+0000,793849.9498062399,793849.9498062399,999999.9999999999
2025-01-26T19:50:00.000+0000,793849.9498062399,793849.9498062399,999999.9999999999
2025-01-26T20:00:00.000+0000,793849.9498062399,793849.9498062399,999999.9999999999
2025-01-26T20:10:00.000+0000,793849.9498062399,793849.9498062399,999999.9999999999
2025-01-26T20:20:00.000+0000,793849.9498062399,793849.9498062399,999999.9999999999
2025-01-26T20:30:00.000+0000,793849.9498062399,793849.9498062399,999999.9999999999
2025-01-26T20:40:00.000+0000,793849.9498062399,793849.9498062399,999999.9999999999
2025-01-26T20:50:00.000+0000,793849.9498062399,793849.9498062399,999999.9999999999
2025-01-26T21:00:00.000+0000,793849.9498062399,793849.9498062399,999999.9999999999
2025-01-26T21:10:00.000+0000,793849.9498062399,793849.9498062399,999999.9999999999
2025-01-26T21:20:00.000+0000,793849.9498062399,793849.9498062399,999999.9999999999
2025-01-26T21:30:00.000+0000,793849.9498062399,793849.9498062399,999999.9999999999
2025-01-26T21:40:00.000+0000,793849.9498062399,793849.9498062399,999999.9999999999
2025-01-26T21:50:00.000+0000,793849.9498062399,793849.9498062399,999999.9999999999
2025-01-26T22:00:00.000+0000,793218.9619542402,5115.1348062399975,999999.9999999999
2025-01-26T22:10:00.000+0000,793218.9619542402,5115.1348062399975,999999.9999999999
2025-01-26T22:20:00.000+0000,793218.9619542402,793218.9619542402,999999.9999999999
2025-01-26T22:30:00.000+0000,793218.9619542402,793218.9619542402,999999.9999999999
2025-01-26T22:40:00.000+0000,793218.9619542402,793218.9619542402,999999.9999999999
2025-01-26T22:50:00.000+0000,793218.9619542402,793218.9619542402,999999.9999999999
2025-01-26T23:00:00.000+0000,793218.9619542402,793218.9619542402,999999.9999999999
2025-01-26T23:10:00.000+0000,793218.9619542402,793218.9619542402,999999.9999999999
2025-01-26T23:20:00.000+0000,793218.9619542402,793218.9619542402,999999.9999999999
2025-01-26T23:30:00.000+0000,793218.9619542402,793218.9619542402,999999.9999999999
2025-01-26T23:40:00.000+0000,793218.9619542402,793218.9619542402,999999.9999999999
2025-01-26T23:50:00.000+0000,793218.9619542402,793218.9619542402,999999.9999999999
2025-01-27T00:00:00.000+0000,793218.9619542402,793218.9619542402,999999.9999999999
2025-01-27T00:10:00.000+0000,793218.9619542402,793218.9619542402,999999.9999999999
2025-01-27T00:20:00.000+0000,793218.9619542402,793218.9619542402,999999.9999999999
2025-01-27T00:30:00.000+0000,793218.9619542402,793218.9619542402,999999.9999999999
2025-01-27T00:40:00.000+0000,793218.9619542402,793218.9619542402,999999.9999999999
2025-01-27T00:50:00.000+0000,793218.9619542402,793218.9619542402,999999.9999999999
2025-01-27T01:00:00.000+0000,793218.9619542402,793218.9619542402,999999.9999999999
2025-01-27T01:10:00.000+0000,793218.9619542402,793218.9619542402,999999.9999999999
2025-01-27T01:20:00.000+0000,793218.9619542402,793218.9619542402,999999.9999999999
2025-01-27T01:30:00.000+0000,793218.9619542402,793218.9619542402,999999.9999999999
2025-01-27T01:40:00.000+0000,793218.9619542402,793218.9619542402,999999.9999999999
2025-01-27T01:50:00.000+0000,793218.9619542402,793218.9619542402,999999.9999999999
2025-01-27T02:00:00.000+0000,793218.9619542402,793218.9619542402,999999.9999999999
2025-01-27T02:10:00.000+0000,793218.9619542402,793218.9619542402,999999.9999999999
2025-01-27T02:20:00.000+0000,793218.9619542402,793218.9619542402,999999.9999999999
2025-01-27T02:30:00.000+0000,793218.9619542402,793218.9619542402,999999.9999999999
2025-01-27T02:40:00.000+0000,793218.9619542402,793218.9619542402,999999.9999999999
2025-01-27T02:50:00.000+0000,793218.9619542402,793218.9619542402,999999.9999999999
2025-01-27T03:00:00.000+0000,793218.9619542402,793218.9619542402,999999.9999999999
2025-01-27T03:10:00.000+0000,793218.9619542402,793218.9619542402,999999.9999999999
2025-01-27T03:20:00.000+0000,793218.9619542402,793218.9619542402,999999.9999999999
2025-01-27T03:30:00.000+0000,793218.9619542402,793218.9619542402,999999.9999999999
2025-01-27T03:40:00.000+0000,793218.9619542402,793218.9619542402,999999.9999999999
2025-01-27T03:50:00.000+0000,793218.9619542402,793218.9619542402,999999.9999999999
2025-01-27T04:00:00.000+0000,793218.9619542402,793218.9619542402,999999.9999999999
2025-01-27T04:10:00.000+0000,793218.9619542402,793218.9619542402,999999.9999999999
2025-01-27T04:20:00.000+0000,793218.9619542402,793218.9619542402,999999.9999999999
2025-01-27T04:30:00.000+0000,793218.9619542402,793218.9619542402,999999.9999999999
2025-01-27T04:40:00.000+0000,793218.9619542402,793218.9619542402,999999.9999999999
2025-01-27T04:50:00.000+0000,793218.9619542402,793218.9619542402,999999.9999999999
2025-01-27T05:00:00.000+0000,793218.9619542402,793218.9619542402,999999.9999999999
2025-01-27T05:10:00.000+0000,793218.9619542402,793218.9619542402,999999.9999999999
2025-01-27T05:20:00.000+0000,793218.9619542402,793218.9619542402,999999.9999999999
2025-01-27T05:30:00.000+0000,793218.9619542402,793218.9619542402,999999.9999999999
2025-01-27T05:40:00.000+0000,793218.9619542402,793218.9619542402,999999.9999999999
2025-01-27T05:50:00.000+0000,793218.9619542402,793218.9619542402,999999.9999999999
2025-01-27T06:00:00.000+0000,793218.9619542402,793218.9619542402,999999.9999999999
2025-01-27T06:10:00.000+0000,793218.9619542402,793218.9619542402,999999.9999999999
2025-01-27T06:20:00.000+0000,793218.9619542402,793218.9619542402,999999.9999999999
2025-01-27T06:30:00.000+0000,793218.9619542402,793218.9619542402,999999.9999999999
2025-01-27T06:40:00.000+0000,793218.9619542402,793218.9619542402,999999.9999999999
2025-01-27T06:50:00.000+0000,793218.9619542402,793218.9619542402,999999.9999999999
2025-01-27T07:00:00.000+0000,793218.9619542402,793218.9619542402,999999.9999999999
2025-01-27T07:10:00.000+0000,793218.9619542402,793218.9619542402,999999.9999999999
2025-01-27T07:20:00.000+0000,793218.9619542402,793218.9619542402,999999.9999999999
2025-01-27T07:30:00.000+0000,793218.9619542402,793218.9619542402,999999.9999999999
2025-01-27T07:40:00.000+0000,793218.9619542402,793218.9619542402,999999.9999999999
2025-01-27T07:50:00.000+0000,793218.9619542402,793218.9619542402,999999.9999999999
2025-01-27T08:00:00.000+0000,793218.9619542402,793218.9619542402,999999.9999999999
2025-01-27T08:10:00.000+0000,793218.9619542402,793218.9619542402,999999.9999999999
2025-01-27T08:20:00.000+0000,793218.9619542402,793218.9619542402,999999.9999999999
2025-01-27T08:30:00.000+0000,793218.9619542402,793218.9619542402,999999.9999999999
2025-01-27T08:40:00.000+0000,793218.9619542402,793218.9619542402,999999.9999999999
2025-01-27T08:50:00.000+0000,793218.9619542402,793218.9619542402,999999.9999999999
2025-01-27T09:00:00.000+0000,793218.9619542402,793218.9619542402,999999.9999999999
2025-01-27T09:10:00.000+0000,793218.9619542402,793218.9619542402,999999.9999999999
2025-01-27T09:20:00.000+0000,793218.9619542402,793218.9619542402,999999.9999999999
2025-01-27T09:30:00.000+0000,793218.9619542402,793218.9619542402,999999.9999999999
2025-01-27T09:40:00.000+0000,793218.9619542402,793218.9619542402,999999.9999999999
2025-01-27T09:50:00.000+0000,793218.9619542402,793218.9619542402,999999.9999999999
2025-01-27T10:00:00.000+0000,793218.9619542402,793218.9619542402,999999.9999999999
2025-01-27T10:10:00.000+0000,793218.9619542402,793218.9619542402,999999.9999999999
2025-01-27T10:20:00.000+0000,793218.9619542402,793218.9619542402,999999.9999999999
2025-01-27T10:30:00.000+0000,793218.9619542402,793218.9619542402,999999.9999999999
2025-01-27T10:40:00.000+0000,793218.9619542402,793218.9619542402,999999.9999999999
2025-01-27T10:50:00.000+0000,793218.9619542402,793218.9619542402,999999.9999999999
2025-01-27T11:00:00.000+0000,793218.9619542402,793218.9619542402,999999.9999999999
2025-01-27T11:10:00.000+0000,793218.9619542402,793218.9619542402,999999.9999999999
2025-01-27T11:20:00.000+0000,793218.9619542402,793218.9619542402,999999.9999999999
2025-01-27T11:30:00.000+0000,793218.9619542402,793218.9619542402,999999.9999999999
2025-01-27T11:40:00.000+0000,793218.9619542402,793218.9619542402,999999.9999999999
2025-01-27T11:50:00.000+0000,793218.9619542402,793218.9619542402,999999.9999999999
2025-01-27T12:00:00.000+0000,793218.9619542402,793218.9619542402,999999.9999999999
2025-01-27T12:10:00.000+0000,793218.9619542402,793218.9619542402,999999.9999999999
2025-01-27T12:20:00.000+0000,793218.9619542402,793218.9619542402,999999.9999999999
2025-01-27T12:30:00.000+0000,793218.9619542402,793218.9619542402,999999.9999999999
2025-01-27T12:40:00.000+0000,793218.9619542402,793218.9619542402,999999.9999999999
2025-01-27T12:50:00.000+0000,793218.9619542402,793218.9619542402,999999.9999999999
2025-01-27T13:00:00.000+0000,793218.9619542402,793218.9619542402,999999.9999999999
2025-01-27T13:10:00.000+0000,793218.9619542402,793218.9619542402,999999.9999999999
2025-01-27T13:20:00.000+0000,793218.9619542402,793218.9619542402,999999.9999999999
2025-01-27T13:30:00.000+0000,793218.9619542402,793218.9619542402,999999.9999999999
2025-01-27T13:40:00.000+0000,793218.9619542402,793218.9619542402,999999.9999999999
2025-01-27T13:50:00.000+0000,793218.9619542402,793218.9619542402,999999.9999999999
2025-01-27T14:00:00.000+0000,793218.9619542402,793218.9619542402,999999.9999999999
2025-01-27T14:10:00.000+0000,793218.9619542402,793218.9619542402,999999.9999999999
2025-01-27T14:20:00.000+0000,793218.9619542402,793218.9619542402,999999.9999999999
2025-01-27T14:30:00.000+0000,793218.9619542402,793218.9619542402,999999.9999999999
2025-01-27T14:40:00.000+0000,793218.9619542402,793218.9619542402,999999.9999999999
2025-01-27T14:50:00.000+0000,793218.9619542402,793218.9619542402,999999.9999999999
2025-01-27T15:00:00.000+0000,793218.9619542402,793218.9619542402,999999.9999999999
2025-01-27T15:10:00.000+0000,793218.9619542402,793218.9619542402,999999.9999999999
2025-01-27T15:20:00.000+0000,793218.9619542402,793218.9619542402,999999.9999999999
2025-01-27T15:30:00.000+0000,793218.9619542402,793218.9619542402,999999.9999999999
2025-01-27T15:40:00.000+0000,793218.9619542402,793218.9619542402,999999.9999999999
2025-01-27T15:50:00.000+0000,793218.9619542402,793218.9619542402,999999.9999999999
2025-01-27T16:00:00.000+0000,793218.9619542402,793218.9619542402,999999.9999999999
2025-01-27T16:10:00.000+0000,793218.9619542402,793218.9619542402,999999.9999999999
2025-01-27T16:20:00.000+0000,793218.9619542402,793218.9619542402,999999.9999999999
2025-01-27T16:30:00.000+0000,793218.9619542402,793218.9619542402,999999.9999999999
2025-01-27T16:40:00.000+0000,793218.9619542402,793218.9619542402,999999.9999999999
2025-01-27T16:50:00.000+0000,793218.9619542402,793218.9619542402,999999.9999999999
2025-01-27T17:00:00.000+0000,793218.9619542402,793218.9619542402,999999.9999999999
2025-01-27T17:10:00.000+0000,793218.9619542402,793218.9619542402,999999.9999999999
2025-01-27T17:20:00.000+0000,793218.9619542402,793218.9619542402,999999.9999999999
2025-01-27T17:30:00.000+0000,793218.9619542402,793218.9619542402,999999.9999999999
2025-01-27T17:40:00.000+0000,793218.9619542402,793218.9619542402,999999.9999999999
2025-01-27T17:50:00.000+0000,793218.9619542402,793218.9619542402,999999.9999999999
2025-01-27T18:00:00.000+0000,793218.9619542402,793218.9619542402,999999.9999999999
2025-01-27T18:10:00.000+0000,793218.9619542402,793218.9619542402,999999.9999999999
2025-01-27T18:20:00.000+0000,793218.9619542402,793218.9619542402,999999.9999999999
2025-01-27T18:30:00.000+0000,793218.9619542402,793218.9619542402,999999.9999999999
2025-01-27T18:40:00.000+0000,793218.9619542402,793218.9619542402,999999.9999999999
2025-01-27T18:50:00.000+0000,793218.9619542402,793218.9619542402,999999.9999999999
2025-01-27T19:00:00.000+0000,793218.9619542402,793218.9619542402,999999.9999999999
2025-01-27T19:10:00.000+0000,793218.9619542402,793218.9619542402,999999.9999999999
2025-01-27T19:20:00.000+0000,793218.9619542402,793218.9619542402,999999.9999999999
2025-01-27T19:30:00.000+0000,793218.9619542402,793218.9619542402,999999.9999999999
2025-01-27T19:40:00.000+0000,793218.9619542402,793218.9619542402,999999.9999999999
2025-01-27T19:50:00.000+0000,793218.9619542402,793218.9619542402,999999.9999999999
2025-01-27T20:00:00.000+0000,793218.9619542402,793218.9619542402,999999.9999999999
2025-01-27T20:10:00.000+0000,793218.9619542402,793218.9619542402,999999.9999999999
2025-01-27T20:20:00.000+0000,793218.9619542402,793218.9619542402,999999.9999999999
2025-01-27T20:30:00.000+0000,793218.9619542402,793218.9619542402,999999.9999999999
2025-01-27T20:40:00.000+0000,793218.9619542402,793218.9619542402,999999.9999999999
2025-01-27T20:50:00.000+0000,793218.9619542402,793218.9619542402,999999.9999999999
2025-01-27T21:00:00.000+0000,793218.9619542402,793218.9619542402,999999.9999999999
2025-01-27T21:10:00.000+0000,793218.9619542402,793218.9619542402,999999.9999999999
2025-01-27T21:20:00.000+0000,793218.9619542402,793218.9619542402,999999.9999999999
2025-01-27T21:30:00.000+0000,793218.9619542402,793218.9619542402,999999.9999999999
2025-01-27T21:40:00.000+0000,793218.9619542402,793218.9619542402,999999.9999999999
2025-01-27T21:50:00.000+0000,793218.9619542402,793218.9619542402,999999.9999999999
2025-01-27T22:00:00.000+0000,793218.9619542402,793218.9619542402,999999.9999999999
2025-01-27T22:10:00.000+0000,793218.9619542402,793218.9619542402,999999.9999999999
2025-01-27T22:20:00.000+0000,793218.9619542402,793218.9619542402,999999.9999999999
2025-01-27T22:30:00.000+0000,793218.9619542402,793218.9619542402,999999.9999999999
2025-01-27T22:40:00.000+0000,793218.9619542402,793218.9619542402,999999.9999999999
2025-01-27T22:50:00.000+0000,793218.9619542402,793218.9619542402,999999.9999999999
2025-01-27T23:00:00.000+0000,793218.9619542402,793218.9619542402,999999.9999999999
2025-01-27T23:10:00.000+0000,793218.9619542402,793218.9619542402,999999.9999999999
2025-01-27T23:20:00.000+0000,793218.9619542402,793218.9619542402,999999.9999999999
2025-01-27T23:30:00.000+0000,793218.9619542402,793218.9619542402,999999.9999999999
2025-01-27T23:40:00.000+0000,793218.9619542402,793218.9619542402,999999.9999999999
2025-01-27T23:50:00.000+0000,793218.9619542402,793218.9619542402,999999.9999999999
2025-01-28T00:00:00.000+0000,793218.9619542402,793218.9619542402,999999.9999999999
2025-01-28T00:10:00.000+0000,793218.9619542402,793218.9619542402,999999.9999999999
2025-01-28T00:20:00.000+0000,793218.9619542402,793218.9619542402,999999.9999999999
2025-01-28T00:30:00.000+0000,793218.9619542402,793218.9619542402,999999.9999999999
2025-01-28T00:40:00.000+0000,793218.9619542402,793218.9619542402,999999.9999999999
2025-01-28T00:50:00.000+0000,793218.9619542402,793218.9619542402,999999.9999999999
2025-01-28T01:00:00.000+0000,793218.9619542402,793218.9619542402,999999.9999999999
2025-01-28T01:10:00.000+0000,793218.9619542402,793218.9619542402,999999.9999999999
2025-01-28T01:20:00.000+0000,793218.9619542402,793218.9619542402,999999.9999999999
2025-01-28T01:30:00.000+0000,793218.9619542402,793218.9619542402,999999.9999999999
2025-01-28T01:40:00.000+0000,793218.9619542402,793218.9619542402,999999.9999999999
2025-01-28T01:50:00.000+0000,793218.9619542402,793218.9619542402,999999.9999999999
2025-01-28T02:00:00.000+0000,793218.9619542402,793218.9619542402,999999.9999999999
2025-01-28T02:10:00.000+0000,793218.9619542402,793218.9619542402,999999.9999999999
2025-01-28T02:20:00.000+0000,793218.9619542402,793218.9619542402,999999.9999999999
2025-01-28T02:30:00.000+0000,793218.9619542402,793218.9619542402,999999.9999999999
2025-01-28T02:40:00.000+0000,793218.9619542402,793218.9619542402,999999.9999999999
2025-01-28T02:50:00.000+0000,793218.9619542402,793218.9619542402,999999.9999999999
2025-01-28T03:00:00.000+0000,793218.9619542402,793218.9619542402,999999.9999999999
2025-01-28T03:10:00.000+0000,793218.9619542402,793218.9619542402,999999.9999999999
2025-01-28T03:20:00.000+0000,793218.9619542402,793218.9619542402,999999.9999999999
2025-01-28T03:30:00.000+0000,793218.9619542402,793218.9619542402,999999.9999999999
2025-01-28T03:40:00.000+0000,793218.9619542402,793218.9619542402,999999.9999999999
2025-01-28T03:50:00.000+0000,793218.9619542402,793218.9619542402,999999.9999999999
2025-01-28T04:00:00.000+0000,793218.9619542402,793218.9619542402,999999.9999999999
2025-01-28T04:10:00.000+0000,793218.9619542402,793218.9619542402,999999.9999999999
2025-01-28T04:20:00.000+0000,793218.9619542402,793218.9619542402,999999.9999999999
2025-01-28T04:30:00.000+0000,793218.9619542402,793218.9619542402,999999.9999999999
2025-01-28T04:40:00.000+0000,793218.9619542402,793218.9619542402,999999.9999999999
2025-01-28T04:50:00.000+0000,793218.9619542402,793218.9619542402,999999.9999999999
2025-01-28T05:00:00.000+0000,793218.9619542402,793218.9619542402,999999.9999999999
2025-01-28T05:10:00.000+0000,793218.9619542402,793218.9619542402,999999.9999999999
2025-01-28T05:20:00.000+0000,793218.9619542402,793218.9619542402,999999.9999999999
2025-01-28T05:30:00.000+0000,793218.9619542402,793218.9619542402,999999.9999999999
2025-01-28T05:40:00.000+0000,793218.9619542402,793218.9619542402,999999.9999999999
2025-01-28T05:50:00.000+0000,793218.9619542402,793218.9619542402,999999.9999999999
2025-01-28T06:00:00.000+0000,793218.9619542402,793218.9619542402,999999.9999999999
2025-01-28T06:10:00.000+0000,793218.9619542402,793218.9619542402,999999.9999999999
2025-01-28T06:20:00.000+0000,793218.9619542402,793218.9619542402,999999.9999999999
2025-01-28T06:30:00.000+0000,793218.9619542402,793218.9619542402,999999.9999999999
2025-01-28T06:40:00.000+0000,793218.9619542402,793218.9619542402,999999.9999999999
2025-01-28T06:50:00.000+0000,793218.9619542402,793218.9619542402,999999.9999999999
2025-01-28T07:00:00.000+0000,793218.9619542402,793218.9619542402,999999.9999999999
2025-01-28T07:10:00.000+0000,793218.9619542402,793218.9619542402,999999.9999999999
2025-01-28T07:20:00.000+0000,793218.9619542402,793218.9619542402,999999.9999999999
2025-01-28T07:30:00.000+0000,793218.9619542402,793218.9619542402,999999.9999999999
2025-01-28T07:40:00.000+0000,793218.9619542402,793218.9619542402,999999.9999999999
2025-01-28T07:50:00.000+0000,793218.9619542402,793218.9619542402,999999.9999999999
2025-01-28T08:00:00.000+0000,793218.9619542402,793218.9619542402,999999.9999999999
2025-01-28T08:10:00.000+0000,793218.9619542402,793218.9619542402,999999.9999999999
2025-01-28T08:20:00.000+0000,793218.9619542402,793218.9619542402,999999.9999999999
2025-01-28T08:30:00.000+0000,793218.9619542402,793218.9619542402,999999.9999999999
2025-01-28T08:40:00.000+0000,793218.9619542402,793218.9619542402,999999.9999999999
2025-01-28T08:50:00.000+0000,793218.9619542402,793218.9619542402,999999.9999999999
2025-01-28T09:00:00.000+0000,793218.9619542402,793218.9619542402,999999.9999999999
2025-01-28T09:10:00.000+0000,793218.9619542402,793218.9619542402,999999.9999999999
2025-01-28T09:20:00.000+0000,793218.9619542402,793218.9619542402,999999.9999999999
2025-01-28T09:30:00.000+0000,793218.9619542402,793218.9619542402,999999.9999999999
2025-01-28T09:40:00.000+0000,793218.9619542402,793218.9619542402,999999.9999999999
2025-01-28T09:50:00.000+0000,793218.9619542402,793218.9619542402,999999.9999999999
2025-01-28T10:00:00.000+0000,793218.9619542402,793218.9619542402,999999.9999999999
2025-01-28T10:10:00.000+0000,793218.9619542402,793218.9619542402,999999.9999999999
2025-01-28T10:20:00.000+0000,793218.9619542402,793218.9619542402,999999.9999999999
2025-01-28T10:30:00.000+0000,793218.9619542402,793218.9619542402,999999.9999999999
2025-01-28T10:40:00.000+0000,793218.9619542402,793218.9619542402,999999.9999999999
2025-01-28T10:50:00.000+0000,793218.9619542402,793218.9619542402,999999.9999999999
2025-01-28T11:00:00.000+0000,793218.9619542402,793218.9619542402,999999.9999999999
2025-01-28T11:10:00.000+0000,793218.9619542402,793218.9619542402,999999.9999999999
2025-01-28T11:20:00.000+0000,793218.9619542402,793218.9619542402,999999.9999999999
2025-01-28T11:30:00.000+0000,793218.9619542402,793218.9619542402,999999.9999999999
2025-01-28T11:40:00.000+0000,793218.9619542402,793218.9619542402,999999.9999999999
2025-01-28T11:50:00.000+0000,793218.9619542402,793218.9619542402,999999.9999999999
2025-01-28T12:00:00.000+0000,793218.9619542402,793218.9619542402,999999.9999999999
2025-01-28T12:10:00.000+0000,793218.9619542402,793218.9619542402,999999.9999999999
2025-01-28T12:20:00.000+0000,793218.9619542402,793218.9619542402,999999.9999999999
2025-01-28T12:30:00.000+0000,793218.9619542402,793218.9619542402,999999.9999999999
2025-01-28T12:40:00.000+0000,793218.9619542402,793218.9619542402,999999.9999999999
2025-01-28T12:50:00.000+0000,793218.9619542402,793218.9619542402,999999.9999999999
2025-01-28T13:00:00.000+0000,793218.9619542402,793218.9619542402,999999.9999999999
2025-01-28T13:10:00.000+0000,793218.9619542402,793218.9619542402,999999.9999999999
2025-01-28T13:20:00.000+0000,793218.9619542402,793218.9619542402,999999.9999999999
2025-01-28T13:30:00.000+0000,793218.9619542402,793218.9619542402,999999.9999999999
2025-01-28T13:40:00.000+0000,793218.9619542402,793218.9619542402,999999.9999999999
2025-01-28T13:50:00.000+0000,793218.9619542402,793218.9619542402,999999.9999999999
2025-01-28T14:00:00.000+0000,793218.9619542402,793218.9619542402,999999.9999999999
2025-01-28T14:10:00.000+0000,793218.9619542402,793218.9619542402,999999.9999999999
2025-01-28T14:20:00.000+0000,793218.9619542402,793218.9619542402,999999.9999999999
2025-01-28T14:30:00.000+0000,793218.9619542402,793218.9619542402,999999.9999999999
2025-01-28T14:40:00.000+0000,793218.9619542402,793218.9619542402,999999.9999999999
2025-01-28T14:50:00.000+0000,793218.9619542402,793218.9619542402,999999.9999999999
2025-01-28T15:00:00.000+0000,793218.9619542402,793218.9619542402,999999.9999999999
2025-01-28T15:10:00.000+0000,793218.9619542402,793218.9619542402,999999.9999999999
2025-01-28T15:20:00.000+0000,793218.9619542402,793218.9619542402,999999.9999999999
2025-01-28T15:30:00.000+0000,793218.9619542402,793218.9619542402,999999.9999999999
2025-01-28T15:40:00.000+0000,793218.9619542402,793218.9619542402,999999.9999999999
2025-01-28T15:50:00.000+0000,793218.9619542402,793218.9619542402,999999.9999999999
2025-01-28T16:00:00.000+0000,793218.9619542402,793218.9619542402,999999.9999999999
2025-01-28T16:10:00.000+0000,793218.9619542402,793218.9619542402,999999.9999999999
2025-01-28T16:20:00.000+0000,793218.9619542402,793218.9619542402,999999.9999999999
2025-01-28T16:30:00.000+0000,793218.9619542402,793218.9619542402,999999.9999999999
2025-01-28T16:40:00.000+0000,793218.9619542402,793218.9619542402,999999.9999999999
2025-01-28T16:50:00.000+0000,793218.9619542402,793218.9619542402,999999.9999999999
2025-01-28T17:00:00.000+0000,793218.9619542402,793218.9619542402,999999.9999999999
2025-01-28T17:10:00.000+0000,793218.9619542402,793218.9619542402,999999.9999999999
2025-01-28T17:20:00.000+0000,793218.9619542402,793218.9619542402,999999.9999999999
2025-01-28T17:30:00.000+0000,793218.9619542402,793218.9619542402,999999.9999999999
2025-01-28T17:40:00.000+0000,793218.9619542402,793218.9619542402,999999.9999999999
2025-01-28T17:50:00.000+0000,793218.9619542402,793218.9619542402,999999.9999999999
2025-01-28T18:00:00.000+0000,793218.9619542402,793218.9619542402,999999.9999999999
2025-01-28T18:10:00.000+0000,793218.9619542402,793218.9619542402,999999.9999999999
2025-01-28T18:20:00.000+0000,793218.9619542402,793218.9619542402,999999.9999999999
2025-01-28T18:30:00.000+0000,793218.9619542402,793218.9619542402,999999.9999999999
2025-01-28T18:40:00.000+0000,793218.9619542402,793218.9619542402,999999.9999999999
2025-01-28T18:50:00.000+0000,793218.9619542402,793218.9619542402,999999.9999999999
2025-01-28T19:00:00.000+0000,793218.9619542402,793218.9619542402,999999.9999999999
2025-01-28T19:10:00.000+0000,793218.9619542402,793218.9619542402,999999.9999999999
2025-01-28T19:20:00.000+0000,793218.9619542402,793218.9619542402,999999.9999999999
2025-01-28T19:30:00.000+0000,793218.9619542402,793218.9619542402,999999.9999999999
2025-01-28T19:40:00.000+0000,793218.9619542402,793218.9619542402,999999.9999999999
2025-01-28T19:50:00.000+0000,793218.9619542402,793218.9619542402,999999.9999999999
2025-01-28T20:00:00.000+0000,793218.9619542402,793218.9619542402,999999.9999999999
2025-01-28T20:10:00.000+0000,793218.9619542402,793218.9619542402,999999.9999999999
2025-01-28T20:20:00.000+0000,793218.9619542402,793218.9619542402,999999.9999999999
2025-01-28T20:30:00.000+0000,793218.9619542402,793218.9619542402,999999.9999999999
2025-01-28T20:40:00.000+0000,793218.9619542402,793218.9619542402,999999.9999999999
2025-01-28T20:50:00.000+0000,793218.9619542402,793218.9619542402,999999.9999999999
2025-01-28T21:00:00.000+0000,793218.9619542402,793218.9619542402,999999.9999999999
2025-01-28T21:10:00.000+0000,793218.9619542402,793218.9619542402,999999.9999999999
2025-01-28T21:20:00.000+0000,793218.9619542402,793218.9619542402,999999.9999999999
2025-01-28T21:30:00.000+0000,793218.9619542402,793218.9619542402,999999.9999999999
2025-01-28T21:40:00.000+0000,793218.9619542402,793218.9619542402,999999.9999999999
2025-01-28T21:50:00.000+0000,793218.9619542402,793218.9619542402,999999.9999999999
2025-01-28T22:00:00.000+0000,793218.9619542402,793218.9619542402,999999.9999999999
2025-01-28T22:10:00.000+0000,793218.9619542402,793218.9619542402,999999.9999999999
2025-01-28T22:20:00.000+0000,793218.9619542402,793218.9619542402,999999.9999999999
2025-01-28T22:30:00.000+0000,793218.9619542402,793218.9619542402,999999.9999999999
2025-01-28T22:40:00.000+0000,793218.9619542402,793218.9619542402,999999.9999999999
2025-01-28T22:50:00.000+0000,793218.9619542402,793218.9619542402,999999.9999999999
2025-01-28T23:00:00.000+0000,793218.9619542402,793218.9619542402,999999.9999999999
2025-01-28T23:10:00.000+0000,793218.9619542402,793218.9619542402,999999.9999999999
2025-01-28T23:20:00.000+0000,793218.9619542402,793218.9619542402,999999.9999999999
2025-01-28T23:30:00.000+0000,793218.9619542402,793218.9619542402,999999.9999999999
2025-01-28T23:40:00.000+0000,793218.9619542402,793218.9619542402,999999.9999999999
2025-01-28T23:50:00.000+0000,793218.9619542402,793218.9619542402,999999.9999999999
2025-01-29T00:00:00.000+0000,793218.9619542402,793218.9619542402,999999.9999999999
2025-01-29T00:10:00.000+0000,793218.9619542402,793218.9619542402,999999.9999999999
2025-01-29T00:20:00.000+0000,793218.9619542402,793218.9619542402,999999.9999999999
2025-01-29T00:30:00.000+0000,793218.9619542402,793218.9619542402,999999.9999999999
2025-01-29T00:40:00.000+0000,793218.9619542402,793218.9619542402,999999.9999999999
2025-01-29T00:50:00.000+0000,793218.9619542402,793218.9619542402,999999.9999999999
2025-01-29T01:00:00.000+0000,793218.9619542402,793218.9619542402,999999.9999999999
2025-01-29T01:10:00.000+0000,793218.9619542402,793218.9619542402,999999.9999999999
2025-01-29T01:20:00.000+0000,793218.9619542402,793218.9619542402,999999.9999999999
2025-01-29T01:30:00.000+0000,793218.9619542402,793218.9619542402,999999.9999999999
2025-01-29T01:40:00.000+0000,793218.9619542402,793218.9619542402,999999.9999999999
2025-01-29T01:50:00.000+0000,793218.9619542402,793218.9619542402,999999.9999999999
2025-01-29T02:00:00.000+0000,793218.9619542402,793218.9619542402,999999.9999999999
2025-01-29T02:10:00.000+0000,793218.9619542402,793218.9619542402,999999.9999999999
2025-01-29T02:20:00.000+0000,793218.9619542402,793218.9619542402,999999.9999999999
2025-01-29T02:30:00.000+0000,793218.9619542402,793218.9619542402,999999.9999999999
2025-01-29T02:40:00.000+0000,793218.9619542402,793218.9619542402,999999.9999999999
2025-01-29T02:50:00.000+0000,793218.9619542402,793218.9619542402,999999.9999999999
2025-01-29T03:00:00.000+0000,793218.9619542402,793218.9619542402,999999.9999999999
2025-01-29T03:10:00.000+0000,793218.9619542402,793218.9619542402,999999.9999999999
2025-01-29T03:20:00.000+0000,793218.9619542402,793218.9619542402,999999.9999999999
2025-01-29T03:30:00.000+0000,793218.9619542402,793218.9619542402,999999.9999999999
2025-01-29T03:40:00.000+0000,793218.9619542402,793218.9619542402,999999.9999999999
2025-01-29T03:50:00.000+0000,793218.9619542402,793218.9619542402,999999.9999999999
2025-01-29T04:00:00.000+0000,793218.9619542402,793218.9619542402,999999.9999999999
2025-01-29T04:10:00.000+0000,793218.9619542402,793218.9619542402,999999.9999999999
2025-01-29T04:20:00.000+0000,793218.9619542402,793218.9619542402,999999.9999999999
2025-01-29T04:30:00.000+0000,793218.9619542402,793218.9619542402,999999.9999999999
2025-01-29T04:40:00.000+0000,793218.9619542402,793218.9619542402,999999.9999999999
2025-01-29T04:50:00.000+0000,793218.9619542402,793218.9619542402,999999.9999999999
2025-01-29T05:00:00.000+0000,793218.9619542402,793218.9619542402,999999.9999999999
2025-01-29T05:10:00.000+0000,793218.9619542402,793218.9619542402,999999.9999999999
2025-01-29T05:20:00.000+0000,793218.9619542402,793218.9619542402,999999.9999999999
2025-01-29T05:30:00.000+0000,793218.9619542402,793218.9619542402,999999.9999999999
2025-01-29T05:40:00.000+0000,793218.9619542402,793218.9619542402,999999.9999999999
2025-01-29T05:50:00.000+0000,793218.9619542402,793218.9619542402,999999.9999999999
2025-01-29T06:00:00.000+0000,793218.9619542402,793218.9619542402,999999.9999999999
2025-01-29T06:10:00.000+0000,793218.9619542402,793218.9619542402,999999.9999999999
2025-01-29T06:20:00.000+0000,793218.9619542402,793218.9619542402,999999.9999999999
2025-01-29T06:30:00.000+0000,793218.9619542402,793218.9619542402,999999.9999999999
2025-01-29T06:40:00.000+0000,793218.9619542402,793218.9619542402,999999.9999999999
2025-01-29T06:50:00.000+0000,793218.9619542402,793218.9619542402,999999.9999999999
2025-01-29T07:00:00.000+0000,793218.9619542402,793218.9619542402,999999.9999999999
2025-01-29T07:10:00.000+0000,793218.9619542402,793218.9619542402,999999.9999999999
2025-01-29T07:20:00.000+0000,793218.9619542402,793218.9619542402,999999.9999999999
2025-01-29T07:30:00.000+0000,793218.9619542402,793218.9619542402,999999.9999999999
2025-01-29T07:40:00.000+0000,793218.9619542402,793218.9619542402,999999.9999999999
2025-01-29T07:50:00.000+0000,793218.9619542402,793218.9619542402,999999.9999999999
2025-01-29T08:00:00.000+0000,793218.9619542402,793218.9619542402,999999.9999999999
2025-01-29T08:10:00.000+0000,793218.9619542402,793218.9619542402,999999.9999999999
2025-01-29T08:20:00.000+0000,793218.9619542402,793218.9619542402,999999.9999999999
2025-01-29T08:30:00.000+0000,793218.9619542402,793218.9619542402,999999.9999999999
2025-01-29T08:40:00.000+0000,793218.9619542402,793218.9619542402,999999.9999999999
2025-01-29T08:50:00.000+0000,793218.9619542402,793218.9619542402,999999.9999999999
2025-01-29T09:00:00.000+0000,793218.9619542402,793218.9619542402,999999.9999999999
2025-01-29T09:10:00.000+0000,793218.9619542402,793218.9619542402,999999.9999999999
2025-01-29T09:20:00.000+0000,793218.9619542402,793218.9619542402,999999.9999999999
2025-01-29T09:30:00.000+0000,793218.9619542402,793218.9619542402,999999.9999999999
2025-01-29T09:40:00.000+0000,793218.9619542402,793218.9619542402,999999.9999999999
2025-01-29T09:50:00.000+0000,793218.9619542402,793218.9619542402,999999.9999999999
2025-01-29T10:00:00.000+0000,793218.9619542402,793218.9619542402,999999.9999999999
2025-01-29T10:10:00.000+0000,793218.9619542402,793218.9619542402,999999.9999999999
2025-01-29T10:20:00.000+0000,793218.9619542402,793218.9619542402,999999.9999999999
2025-01-29T10:30:00.000+0000,793218.9619542402,793218.9619542402,999999.9999999999
2025-01-29T10:40:00.000+0000,793218.9619542402,793218.9619542402,999999.9999999999
2025-01-29T10:50:00.000+0000,793218.9619542402,793218.9619542402,999999.9999999999
2025-01-29T11:00:00.000+0000,793218.9619542402,793218.9619542402,999999.9999999999
2025-01-29T11:10:00.000+0000,793218.9619542402,793218.9619542402,999999.9999999999
2025-01-29T11:20:00.000+0000,793218.9619542402,793218.9619542402,999999.9999999999
2025-01-29T11:30:00.000+0000,793218.9619542402,793218.9619542402,999999.9999999999
2025-01-29T11:40:00.000+0000,793218.9619542402,793218.9619542402,999999.9999999999
2025-01-29T11:50:00.000+0000,793218.9619542402,793218.9619542402,999999.9999999999
2025-01-29T12:00:00.000+0000,793218.9619542402,793218.9619542402,999999.9999999999
2025-01-29T12:10:00.000+0000,793218.9619542402,793218.9619542402,999999.9999999999
2025-01-29T12:20:00.000+0000,793218.9619542402,793218.9619542402,999999.9999999999
2025-01-29T12:30:00.000+0000,793218.9619542402,793218.9619542402,999999.9999999999
2025-01-29T12:40:00.000+0000,793218.9619542402,793218.9619542402,999999.9999999999
2025-01-29T12:50:00.000+0000,793218.9619542402,793218.9619542402,999999.9999999999
2025-01-29T13:00:00.000+0000,793218.9619542402,793218.9619542402,999999.9999999999
2025-01-29T13:10:00.000+0000,793218.9619542402,793218.9619542402,999999.9999999999
2025-01-29T13:20:00.000+0000,793218.9619542402,793218.9619542402,999999.9999999999
2025-01-29T13:30:00.000+0000,793218.9619542402,793218.9619542402,999999.9999999999
2025-01-29T13:40:00.000+0000,793218.9619542402,793218.9619542402,999999.9999999999
2025-01-29T13:50:00.000+0000,793218.9619542402,793218.9619542402,999999.9999999999
2025-01-29T14:00:00.000+0000,793218.9619542402,793218.9619542402,999999.9999999999
2025-01-29T14:10:00.000+0000,793218.9619542402,793218.9619542402,999999.9999999999
2025-01-29T14:20:00.000+0000,793218.9619542402,793218.9619542402,999999.9999999999
2025-01-29T14:30:00.000+0000,793218.9619542402,793218.9619542402,999999.9999999999
2025-01-29T14:40:00.000+0000,793218.9619542402,793218.9619542402,999999.9999999999
2025-01-29T14:50:00.000+0000,793218.9619542402,793218.9619542402,999999.9999999999
2025-01-29T15:00:00.000+0000,793218.9619542402,793218.9619542402,999999.9999999999
2025-01-29T15:10:00.000+0000,793218.9619542402,793218.9619542402,999999.9999999999
2025-01-29T15:20:00.000+0000,793218.9619542402,793218.9619542402,999999.9999999999
2025-01-29T15:30:00.000+0000,793218.9619542402,793218.9619542402,999999.9999999999
2025-01-29T15:40:00.000+0000,793218.9619542402,793218.9619542402,999999.9999999999
2025-01-29T15:50:00.000+0000,793218.9619542402,793218.9619542402,999999.9999999999
2025-01-29T16:00:00.000+0000,793218.9619542402,793218.9619542402,999999.9999999999
2025-01-29T16:10:00.000+0000,793218.9619542402,793218.9619542402,999999.9999999999
2025-01-29T16:20:00.000+0000,793218.9619542402,793218.9619542402,999999.9999999999
2025-01-29T16:30:00.000+0000,793218.9619542402,793218.9619542402,999999.9999999999
2025-01-29T16:40:00.000+0000,793218.9619542402,793218.9619542402,999999.9999999999
2025-01-29T16:50:00.000+0000,793218.9619542402,793218.9619542402,999999.9999999999
2025-01-29T17:00:00.000+0000,793218.9619542402,793218.9619542402,999999.9999999999
2025-01-29T17:10:00.000+0000,793218.9619542402,793218.9619542402,999999.9999999999
2025-01-29T17:20:00.000+0000,793218.9619542402,793218.9619542402,999999.9999999999
2025-01-29T17:30:00.000+0000,793218.9619542402,793218.9619542402,999999.9999999999
2025-01-29T17:40:00.000+0000,793218.9619542402,793218.9619542402,999999.9999999999
2025-01-29T17:50:00.000+0000,793218.9619542402,793218.9619542402,999999.9999999999
2025-01-29T18:00:00.000+0000,793218.9619542402,793218.9619542402,999999.9999999999
2025-01-29T18:10:00.000+0000,793218.9619542402,793218.9619542402,999999.9999999999
2025-01-29T18:20:00.000+0000,793218.9619542402,793218.9619542402,999999.9999999999
2025-01-29T18:30:00.000+0000,793218.9619542402,793218.9619542402,999999.9999999999
2025-01-29T18:40:00.000+0000,793218.9619542402,793218.9619542402,999999.9999999999
2025-01-29T18:50:00.000+0000,793218.9619542402,793218.9619542402,999999.9999999999
2025-01-29T19:00:00.000+0000,793218.9619542402,793218.9619542402,999999.9999999999
2025-01-29T19:10:00.000+0000,793218.9619542402,793218.9619542402,999999.9999999999
2025-01-29T19:20:00.000+0000,793218.9619542402,793218.9619542402,999999.9999999999
2025-01-29T19:30:00.000+0000,793218.9619542402,793218.9619542402,999999.9999999999
2025-01-29T19:40:00.000+0000,793218.9619542402,793218.9619542402,999999.9999999999
2025-01-29T19:50:00.000+0000,793218.9619542402,793218.9619542402,999999.9999999999
2025-01-29T20:00:00.000+0000,793218.9619542402,793218.9619542402,999999.9999999999
2025-01-29T20:10:00.000+0000,793218.9619542402,793218.9619542402,999999.9999999999
2025-01-29T20:20:00.000+0000,793218.9619542402,793218.9619542402,999999.9999999999
2025-01-29T20:30:00.000+0000,793218.9619542402,793218.9619542402,999999.9999999999
2025-01-29T20:40:00.000+0000,793218.9619542402,793218.9619542402,999999.9999999999
2025-01-29T20:50:00.000+0000,793218.9619542402,793218.9619542402,999999.9999999999
2025-01-29T21:00:00.000+0000,793218.9619542402,793218.9619542402,999999.9999999999
2025-01-29T21:10:00.000+0000,793218.9619542402,793218.9619542402,999999.9999999999
2025-01-29T21:20:00.000+0000,793218.9619542402,793218.9619542402,999999.9999999999
2025-01-29T21:30:00.000+0000,793218.9619542402,793218.9619542402,999999.9999999999
2025-01-29T21:40:00.000+0000,793218.9619542402,793218.9619542402,999999.9999999999
2025-01-29T21:50:00.000+0000,793218.9619542402,793218.9619542402,999999.9999999999
2025-01-29T22:00:00.000+0000,793218.9619542402,793218.9619542402,999999.9999999999
2025-01-29T22:10:00.000+0000,793218.9619542402,793218.9619542402,999999.9999999999
2025-01-29T22:20:00.000+0000,793218.9619542402,793218.9619542402,999999.9999999999
2025-01-29T22:30:00.000+0000,793218.9619542402,793218.9619542402,999999.9999999999
2025-01-29T22:40:00.000+0000,793218.9619542402,793218.9619542402,999999.9999999999
2025-01-29T22:50:00.000+0000,793218.9619542402,793218.9619542402,999999.9999999999
2025-01-29T23:00:00.000+0000,793218.9619542402,793218.9619542402,999999.9999999999
2025-01-29T23:10:00.000+0000,793218.9619542402,793218.9619542402,999999.9999999999
2025-01-29T23:20:00.000+0000,793218.9619542402,793218.9619542402,999999.9999999999
2025-01-29T23:30:00.000+0000,793218.9619542402,793218.9619542402,999999.9999999999
2025-01-29T23:40:00.000+0000,793218.9619542402,793218.9619542402,999999.9999999999
2025-01-29T23:50:00.000+0000,793218.9619542402,793218.9619542402,999999.9999999999
2025-01-30T00:00:00.000+0000,793218.9619542402,793218.9619542402,999999.9999999999
2025-01-30T00:10:00.000+0000,793218.9619542402,793218.9619542402,999999.9999999999
2025-01-30T00:20:00.000+0000,793218.9619542402,793218.9619542402,999999.9999999999
2025-01-30T00:30:00.000+0000,793218.9619542402,793218.9619542402,999999.9999999999
2025-01-30T00:40:00.000+0000,793218.9619542402,793218.9619542402,999999.9999999999
2025-01-30T00:50:00.000+0000,793218.9619542402,793218.9619542402,999999.9999999999
2025-01-30T01:00:00.000+0000,793218.9619542402,793218.9619542402,999999.9999999999
2025-01-30T01:10:00.000+0000,793218.9619542402,793218.9619542402,999999.9999999999
2025-01-30T01:20:00.000+0000,793218.9619542402,793218.9619542402,999999.9999999999
2025-01-30T01:30:00.000+0000,793218.9619542402,793218.9619542402,999999.9999999999
2025-01-30T01:40:00.000+0000,793218.9619542402,793218.9619542402,999999.9999999999
2025-01-30T01:50:00.000+0000,793218.9619542402,793218.9619542402,999999.9999999999
2025-01-30T02:00:00.000+0000,793218.9619542402,793218.9619542402,999999.9999999999
2025-01-30T02:10:00.000+0000,793218.9619542402,793218.9619542402,999999.9999999999
2025-01-30T02:20:00.000+0000,793218.9619542402,793218.9619542402,999999.9999999999
2025-01-30T02:30:00.000+0000,793218.9619542402,793218.9619542402,999999.9999999999
2025-01-30T02:40:00.000+0000,793218.9619542402,793218.9619542402,999999.9999999999
2025-01-30T02:50:00.000+0000,793218.9619542402,793218.9619542402,999999.9999999999
2025-01-30T03:00:00.000+0000,793218.9619542402,793218.9619542402,999999.9999999999
2025-01-30T03:10:00.000+0000,793218.9619542402,793218.9619542402,999999.9999999999
2025-01-30T03:20:00.000+0000,793218.9619542402,793218.9619542402,999999.9999999999
2025-01-30T03:30:00.000+0000,793218.9619542402,793218.9619542402,999999.9999999999
2025-01-30T03:40:00.000+0000,793218.9619542402,793218.9619542402,999999.9999999999
2025-01-30T03:50:00.000+0000,793218.9619542402,793218.9619542402,999999.9999999999
2025-01-30T04:00:00.000+0000,793218.9619542402,793218.9619542402,999999.9999999999
2025-01-30T04:10:00.000+0000,793218.9619542402,793218.9619542402,999999.9999999999
2025-01-30T04:20:00.000+0000,793218.9619542402,793218.9619542402,999999.9999999999
2025-01-30T04:30:00.000+0000,793218.9619542402,793218.9619542402,999999.9999999999
2025-01-30T04:40:00.000+0000,793218.9619542402,793218.9619542402,999999.9999999999
2025-01-30T04:50:00.000+0000,793218.9619542402,793218.9619542402,999999.9999999999
2025-01-30T05:00:00.000+0000,793218.9619542402,793218.9619542402,999999.9999999999
2025-01-30T05:10:00.000+0000,793218.9619542402,793218.9619542402,999999.9999999999
2025-01-30T05:20:00.000+0000,793218.9619542402,793218.9619542402,999999.9999999999
2025-01-30T05:30:00.000+0000,793218.9619542402,793218.9619542402,999999.9999999999
2025-01-30T05:40:00.000+0000,793218.9619542402,793218.9619542402,999999.9999999999
2025-01-30T05:50:00.000+0000,793218.9619542402,793218.9619542402,999999.9999999999
2025-01-30T06:00:00.000+0000,793218.9619542402,793218.9619542402,999999.9999999999
2025-01-30T06:10:00.000+0000,793218.9619542402,793218.9619542402,999999.9999999999
2025-01-30T06:20:00.000+0000,793218.9619542402,793218.9619542402,999999.9999999999
2025-01-30T06:30:00.000+0000,793218.9619542402,793218.9619542402,999999.9999999999
2025-01-30T06:40:00.000+0000,793218.9619542402,793218.9619542402,999999.9999999999
2025-01-30T06:50:00.000+0000,793218.9619542402,793218.9619542402,999999.9999999999
2025-01-30T07:00:00.000+0000,793218.9619542402,793218.9619542402,999999.9999999999
2025-01-30T07:10:00.000+0000,793218.9619542402,793218.9619542402,999999.9999999999
2025-01-30T07:20:00.000+0000,793218.9619542402,793218.9619542402,999999.9999999999
2025-01-30T07:30:00.000+0000,793218.9619542402,793218.9619542402,999999.9999999999
2025-01-30T07:40:00.000+0000,793218.9619542402,793218.9619542402,999999.9999999999
2025-01-30T07:50:00.000+0000,793218.9619542402,793218.9619542402,999999.9999999999
2025-01-30T08:00:00.000+0000,793218.9619542402,793218.9619542402,999999.9999999999
2025-01-30T08:10:00.000+0000,793218.9619542402,793218.9619542402,999999.9999999999
2025-01-30T08:20:00.000+0000,793218.9619542402,793218.9619542402,999999.9999999999
2025-01-30T08:30:00.000+0000,793218.9619542402,793218.9619542402,999999.9999999999
2025-01-30T08:40:00.000+0000,793218.9619542402,793218.9619542402,999999.9999999999
2025-01-30T08:50:00.000+0000,793218.9619542402,793218.9619542402,999999.9999999999
2025-01-30T09:00:00.000+0000,793218.9619542402,793218.9619542402,999999.9999999999
2025-01-30T09:10:00.000+0000,793218.9619542402,793218.9619542402,999999.9999999999
2025-01-30T09:20:00.000+0000,793218.9619542402,793218.9619542402,999999.9999999999
2025-01-30T09:30:00.000+0000,793218.9619542402,793218.9619542402,999999.9999999999
2025-01-30T09:40:00.000+0000,793218.9619542402,793218.9619542402,999999.9999999999
2025-01-30T09:50:00.000+0000,793218.9619542402,793218.9619542402,999999.9999999999
2025-01-30T10:00:00.000+0000,793218.9619542402,793218.9619542402,999999.9999999999
2025-01-30T10:10:00.000+0000,793218.9619542402,793218.9619542402,999999.9999999999
2025-01-30T10:20:00.000+0000,793218.9619542402,793218.9619542402,999999.9999999999
2025-01-30T10:30:00.000+0000,793218.9619542402,793218.9619542402,999999.9999999999
2025-01-30T10:40:00.000+0000,793218.9619542402,793218.9619542402,999999.9999999999
2025-01-30T10:50:00.000+0000,793218.9619542402,793218.9619542402,999999.9999999999
2025-01-30T11:00:00.000+0000,793218.9619542402,793218.9619542402,999999.9999999999
2025-01-30T11:10:00.000+0000,793218.9619542402,793218.9619542402,999999.9999999999
2025-01-30T11:20:00.000+0000,793218.9619542402,793218.9619542402,999999.9999999999
2025-01-30T11:30:00.000+0000,793218.9619542402,793218.9619542402,999999.9999999999
2025-01-30T11:40:00.000+0000,793218.9619542402,793218.9619542402,999999.9999999999
2025-01-30T11:50:00.000+0000,793218.9619542402,793218.9619542402,999999.9999999999
2025-01-30T12:00:00.000+0000,793218.9619542402,793218.9619542402,999999.9999999999
2025-01-30T12:10:00.000+0000,793218.9619542402,793218.9619542402,999999.9999999999
2025-01-30T12:20:00.000+0000,793218.9619542402,793218.9619542402,999999.9999999999
2025-01-30T12:30:00.000+0000,793218.9619542402,793218.9619542402,999999.9999999999
2025-01-30T12:40:00.000+0000,793218.9619542402,793218.9619542402,999999.9999999999
2025-01-30T12:50:00.000+0000,793218.9619542402,793218.9619542402,999999.9999999999
2025-01-30T13:00:00.000+0000,793218.9619542402,793218.9619542402,999999.9999999999
2025-01-30T13:10:00.000+0000,793218.9619542402,793218.9619542402,999999.9999999999
2025-01-30T13:20:00.000+0000,793218.9619542402,793218.9619542402,999999.9999999999
2025-01-30T13:30:00.000+0000,793218.9619542402,793218.9619542402,999999.9999999999
2025-01-30T13:40:00.000+0000,793218.9619542402,793218.9619542402,999999.9999999999
2025-01-30T13:50:00.000+0000,793218.9619542402,793218.9619542402,999999.9999999999
2025-01-30T14:00:00.000+0000,793218.9619542402,793218.9619542402,999999.9999999999
2025-01-30T14:10:00.000+0000,793218.9619542402,793218.9619542402,999999.9999999999
2025-01-30T14:20:00.000+0000,793218.9619542402,793218.9619542402,999999.9999999999
2025-01-30T14:30:00.000+0000,793218.9619542402,793218.9619542402,999999.9999999999
2025-01-30T14:40:00.000+0000,793218.9619542402,793218.9619542402,999999.9999999999
2025-01-30T14:50:00.000+0000,793218.9619542402,793218.9619542402,999999.9999999999
2025-01-30T15:00:00.000+0000,793218.9619542402,793218.9619542402,999999.9999999999
2025-01-30T15:10:00.000+0000,793218.9619542402,793218.9619542402,999999.9999999999
2025-01-30T15:20:00.000+0000,793218.9619542402,793218.9619542402,999999.9999999999
2025-01-30T15:30:00.000+0000,793218.9619542402,793218.9619542402,999999.9999999999
2025-01-30T15:40:00.000+0000,793218.9619542402,793218.9619542402,999999.9999999999
2025-01-30T15:50:00.000+0000,793218.9619542402,793218.9619542402,999999.9999999999
2025-01-30T16:00:00.000+0000,793218.9619542402,793218.9619542402,999999.9999999999
2025-01-30T16:10:00.000+0000,793218.9619542402,793218.9619542402,999999.9999999999
2025-01-30T16:20:00.000+0000,793218.9619542402,793218.9619542402,999999.9999999999
2025-01-30T16:30:00.000+0000,793218.9619542402,793218.9619542402,999999.9999999999
2025-01-30T16:40:00.000+0000,793218.9619542402,793218.9619542402,999999.9999999999
2025-01-30T16:50:00.000+0000,793218.9619542402,793218.9619542402,999999.9999999999
2025-01-30T17:00:00.000+0000,793218.9619542402,793218.9619542402,999999.9999999999
2025-01-30T17:10:00.000+0000,793218.9619542402,793218.9619542402,999999.9999999999
2025-01-30T17:20:00.000+0000,793218.9619542402,793218.9619542402,999999.9999999999
2025-01-30T17:30:00.000+0000,793218.9619542402,793218.9619542402,999999.9999999999
2025-01-30T17:40:00.000+0000,793218.9619542402,793218.9619542402,999999.9999999999
2025-01-30T17:50:00.000+0000,793218.9619542402,793218.9619542402,999999.9999999999
2025-01-30T18:00:00.000+0000,793218.9619542402,793218.9619542402,999999.9999999999
2025-01-30T18:10:00.000+0000,793218.9619542402,793218.9619542402,999999.9999999999
2025-01-30T18:20:00.000+0000,793218.9619542402,793218.9619542402,999999.9999999999
2025-01-30T18:30:00.000+0000,793218.9619542402,793218.9619542402,999999.9999999999
2025-01-30T18:40:00.000+0000,793218.9619542402,793218.9619542402,999999.9999999999
2025-01-30T18:50:00.000+0000,793218.9619542402,793218.9619542402,999999.9999999999
2025-01-30T19:00:00.000+0000,793218.9619542402,793218.9619542402,999999.9999999999
2025-01-30T19:10:00.000+0000,793218.9619542402,793218.9619542402,999999.9999999999
2025-01-30T19:20:00.000+0000,793218.9619542402,793218.9619542402,999999.9999999999
2025-01-30T19:30:00.000+0000,793218.9619542402,793218.9619542402,999999.9999999999
2025-01-30T19:40:00.000+0000,793218.9619542402,793218.9619542402,999999.9999999999
2025-01-30T19:50:00.000+0000,793218.9619542402,793218.9619542402,999999.9999999999
2025-01-30T20:00:00.000+0000,793218.9619542402,793218.9619542402,999999.9999999999
2025-01-30T20:10:00.000+0000,793218.9619542402,793218.9619542402,999999.9999999999
2025-01-30T20:20:00.000+0000,793218.9619542402,793218.9619542402,999999.9999999999
2025-01-30T20:30:00.000+0000,793218.9619542402,793218.9619542402,999999.9999999999
2025-01-30T20:40:00.000+0000,793218.9619542402,793218.9619542402,999999.9999999999
2025-01-30T20:50:00.000+0000,793218.9619542402,793218.9619542402,999999.9999999999
2025-01-30T21:00:00.000+0000,793218.9619542402,793218.9619542402,999999.9999999999
2025-01-30T21:10:00.000+0000,793218.9619542402,793218.9619542402,999999.9999999999
2025-01-30T21:20:00.000+0000,793218.9619542402,793218.9619542402,999999.9999999999
2025-01-30T21:30:00.000+0000,793218.9619542402,793218.9619542402,999999.9999999999
2025-01-30T21:40:00.000+0000,793218.9619542402,793218.9619542402,999999.9999999999
2025-01-30T21:50:00.000+0000,793218.9619542402,793218.9619542402,999999.9999999999
2025-01-30T22:00:00.000+0000,793218.9619542402,793218.9619542402,999999.9999999999
2025-01-30T22:10:00.000+0000,793218.9619542402,793218.9619542402,999999.9999999999
2025-01-30T22:20:00.000+0000,793218.9619542402,793218.9619542402,999999.9999999999
2025-01-30T22:30:00.000+0000,793218.9619542402,793218.9619542402,999999.9999999999
2025-01-30T22:40:00.000+0000,793218.9619542402,793218.9619542402,999999.9999999999
2025-01-30T22:50:00.000+0000,793218.9619542402,793218.9619542402,999999.9999999999
2025-01-30T23:00:00.000+0000,793218.9619542402,793218.9619542402,999999.9999999999
2025-01-30T23:10:00.000+0000,793218.9619542402,793218.9619542402,999999.9999999999
2025-01-30T23:20:00.000+0000,793218.9619542402,793218.9619542402,999999.9999999999
2025-01-30T23:30:00.000+0000,793218.9619542402,793218.9619542402,999999.9999999999
2025-01-30T23:40:00.000+0000,793218.9619542402,793218.9619542402,999999.9999999999
2025-01-30T23:50:00.000+0000,793218.9619542402,793218.9619542402,999999.9999999999
2025-01-31T00:00:00.000+0000,793218.9619542402,793218.9619542402,999999.9999999999
2025-01-31T00:10:00.000+0000,793218.9619542402,793218.9619542402,999999.9999999999
2025-01-31T00:20:00.000+0000,793218.9619542402,793218.9619542402,999999.9999999999
2025-01-31T00:30:00.000+0000,793218.9619542402,793218.9619542402,999999.9999999999
2025-01-31T00:40:00.000+0000,793218.9619542402,793218.9619542402,999999.9999999999
2025-01-31T00:50:00.000+0000,793218.9619542402,793218.9619542402,999999.9999999999
2025-01-31T01:00:00.000+0000,793218.9619542402,793218.9619542402,999999.9999999999
2025-01-31T01:10:00.000+0000,793218.9619542402,793218.9619542402,999999.9999999999
2025-01-31T01:20:00.000+0000,793218.9619542402,793218.9619542402,999999.9999999999
2025-01-31T01:30:00.000+0000,793218.9619542402,793218.9619542402,999999.9999999999
2025-01-31T01:40:00.000+0000,793218.9619542402,793218.9619542402,999999.9999999999
2025-01-31T01:50:00.000+0000,793218.9619542402,793218.9619542402,999999.9999999999
2025-01-31T02:00:00.000+0000,793218.9619542402,793218.9619542402,999999.9999999999
2025-01-31T02:10:00.000+0000,793218.9619542402,793218.9619542402,999999.9999999999
2025-01-31T02:20:00.000+0000,793218.9619542402,793218.9619542402,999999.9999999999
2025-01-31T02:30:00.000+0000,793218.9619542402,793218.9619542402,999999.9999999999
2025-01-31T02:40:00.000+0000,793218.9619542402,793218.9619542402,999999.9999999999
2025-01-31T02:50:00.000+0000,793218.9619542402,793218.9619542402,999999.9999999999
2025-01-31T03:00:00.000+0000,793218.9619542402,793218.9619542402,999999.9999999999
2025-01-31T03:10:00.000+0000,793218.9619542402,793218.9619542402,999999.9999999999
2025-01-31T03:20:00.000+0000,793218.9619542402,793218.9619542402,999999.9999999999
2025-01-31T03:30:00.000+0000,793218.9619542402,793218.9619542402,999999.9999999999
2025-01-31T03:40:00.000+0000,793218.9619542402,793218.9619542402,999999.9999999999
2025-01-31T03:50:00.000+0000,793218.9619542402,793218.9619542402,999999.9999999999
2025-01-31T04:00:00.000+0000,793218.9619542402,793218.9619542402,999999.9999999999
2025-01-31T04:10:00.000+0000,793218.9619542402,793218.9619542402,999999.9999999999
2025-01-31T04:20:00.000+0000,793218.9619542402,793218.9619542402,999999.9999999999
2025-01-31T04:30:00.000+0000,793218.9619542402,793218.9619542402,999999.9999999999
2025-01-31T04:40:00.000+0000,793218.9619542402,793218.9619542402,999999.9999999999
2025-01-31T04:50:00.000+0000,793218.9619542402,793218.9619542402,999999.9999999999
2025-01-31T05:00:00.000+0000,793218.9619542402,793218.9619542402,999999.9999999999
2025-01-31T05:10:00.000+0000,793218.9619542402,793218.9619542402,999999.9999999999
2025-01-31T05:20:00.000+0000,793218.9619542402,793218.9619542402,999999.9999999999
2025-01-31T05:30:00.000+0000,793218.9619542402,793218.9619542402,999999.9999999999
2025-01-31T05:40:00.000+0000,793218.9619542402,793218.9619542402,999999.9999999999
2025-01-31T05:50:00.000+0000,793218.9619542402,793218.9619542402,999999.9999999999
2025-01-31T06:00:00.000+0000,793218.9619542402,793218.9619542402,999999.9999999999
2025-01-31T06:10:00.000+0000,793218.9619542402,793218.9619542402,999999.9999999999
2025-01-31T06:20:00.000+0000,793218.9619542402,793218.9619542402,999999.9999999999
2025-01-31T06:30:00.000+0000,793218.9619542402,793218.9619542402,999999.9999999999
2025-01-31T06:40:00.000+0000,793218.9619542402,793218.9619542402,999999.9999999999
2025-01-31T06:50:00.000+0000,793218.9619542402,793218.9619542402,999999.9999999999
2025-01-31T07:00:00.000+0000,793218.9619542402,793218.9619542402,999999.9999999999
2025-01-31T07:10:00.000+0000,793218.9619542402,793218.9619542402,999999.9999999999
2025-01-31T07:20:00.000+0000,793218.9619542402,793218.9619542402,999999.9999999999
2025-01-31T07:30:00.000+0000,793218.9619542402,793218.9619542402,999999.9999999999
2025-01-31T07:40:00.000+0000,793218.9619542402,793218.9619542402,999999.9999999999
2025-01-31T07:50:00.000+0000,793218.9619542402,793218.9619542402,999999.9999999999
2025-01-31T08:00:00.000+0000,793218.9619542402,793218.9619542402,999999.9999999999
2025-01-31T08:10:00.000+0000,793218.9619542402,793218.9619542402,999999.9999999999
2025-01-31T08:20:00.000+0000,793218.9619542402,793218.9619542402,999999.9999999999
2025-01-31T08:30:00.000+0000,793218.9619542402,793218.9619542402,999999.9999999999
2025-01-31T08:40:00.000+0000,793218.9619542402,793218.9619542402,999999.9999999999
2025-01-31T08:50:00.000+0000,793218.9619542402,793218.9619542402,999999.9999999999
2025-01-31T09:00:00.000+0000,793218.9619542402,793218.9619542402,999999.9999999999
2025-01-31T09:10:00.000+0000,793218.9619542402,793218.9619542402,999999.9999999999
2025-01-31T09:20:00.000+0000,793218.9619542402,793218.9619542402,999999.9999999999
2025-01-31T09:30:00.000+0000,793218.9619542402,793218.9619542402,999999.9999999999
2025-01-31T09:40:00.000+0000,793218.9619542402,793218.9619542402,999999.9999999999
2025-01-31T09:50:00.000+0000,793218.9619542402,793218.9619542402,999999.9999999999
2025-01-31T10:00:00.000+0000,793218.9619542402,793218.9619542402,999999.9999999999
2025-01-31T10:10:00.000+0000,793218.9619542402,793218.9619542402,999999.9999999999
2025-01-31T10:20:00.000+0000,793218.9619542402,793218.9619542402,999999.9999999999
2025-01-31T10:30:00.000+0000,793218.9619542402,793218.9619542402,999999.9999999999
2025-01-31T10:40:00.000+0000,793218.9619542402,793218.9619542402,999999.9999999999
2025-01-31T10:50:00.000+0000,793218.9619542402,793218.9619542402,999999.9999999999
2025-01-31T11:00:00.000+0000,793218.9619542402,793218.9619542402,999999.9999999999
2025-01-31T11:10:00.000+0000,793218.9619542402,793218.9619542402,999999.9999999999
2025-01-31T11:20:00.000+0000,793218.9619542402,793218.9619542402,999999.9999999999
2025-01-31T11:30:00.000+0000,793218.9619542402,793218.9619542402,999999.9999999999
2025-01-31T11:40:00.000+0000,793218.9619542402,793218.9619542402,999999.9999999999
2025-01-31T11:50:00.000+0000,793218.9619542402,793218.9619542402,999999.9999999999
2025-01-31T12:00:00.000+0000,793218.9619542402,793218.9619542402,999999.9999999999
2025-01-31T12:10:00.000+0000,793218.9619542402,793218.9619542402,999999.9999999999
2025-01-31T12:20:00.000+0000,793218.9619542402,793218.9619542402,999999.9999999999
2025-01-31T12:30:00.000+0000,793218.9619542402,793218.9619542402,999999.9999999999
2025-01-31T12:40:00.000+0000,793218.9619542402,793218.9619542402,999999.9999999999
2025-01-31T12:50:00.000+0000,793218.9619542402,793218.9619542402,999999.9999999999
2025-01-31T13:00:00.000+0000,793218.9619542402,793218.9619542402,999999.9999999999
2025-01-31T13:10:00.000+0000,793218.9619542402,793218.9619542402,999999.9999999999
2025-01-31T13:20:00.000+0000,793218.9619542402,793218.9619542402,999999.9999999999
2025-01-31T13:30:00.000+0000,793218.9619542402,793218.9619542402,999999.9999999999
2025-01-31T13:40:00.000+0000,793218.9619542402,793218.9619542402,999999.9999999999
2025-01-31T13:50:00.000+0000,793218.9619542402,793218.9619542402,999999.9999999999
2025-01-31T14:00:00.000+0000,793218.9619542402,793218.9619542402,999999.9999999999
2025-01-31T14:10:00.000+0000,793218.9619542402,793218.9619542402,999999.9999999999
2025-01-31T14:20:00.000+0000,793218.9619542402,793218.9619542402,999999.9999999999
2025-01-31T14:30:00.000+0000,793218.9619542402,793218.9619542402,999999.9999999999
2025-01-31T14:40:00.000+0000,793218.9619542402,793218.9619542402,999999.9999999999
2025-01-31T14:50:00.000+0000,793218.9619542402,793218.9619542402,999999.9999999999
2025-01-31T15:00:00.000+0000,793218.9619542402,793218.9619542402,999999.9999999999
2025-01-31T15:10:00.000+0000,793218.9619542402,793218.9619542402,999999.9999999999
2025-01-31T15:20:00.000+0000,793218.9619542402,793218.9619542402,999999.9999999999
2025-01-31T15:30:00.000+0000,793218.9619542402,793218.9619542402,999999.9999999999
2025-01-31T15:40:00.000+0000,793218.9619542402,793218.9619542402,999999.9999999999
2025-01-31T15:50:00.000+0000,793218.9619542402,793218.9619542402,999999.9999999999
2025-01-31T16:00:00.000+0000,793218.9619542402,793218.9619542402,999999.9999999999
2025-01-31T16:10:00.000+0000,793218.9619542402,793218.9619542402,999999.9999999999
2025-01-31T16:20:00.000+0000,793218.9619542402,793218.9619542402,999999.9999999999
2025-01-31T16:30:00.000+0000,793218.9619542402,793218.9619542402,999999.9999999999
2025-01-31T16:40:00.000+0000,793218.9619542402,793218.9619542402,999999.9999999999
2025-01-31T16:50:00.000+0000,793218.9619542402,793218.9619542402,999999.9999999999
2025-01-31T17:00:00.000+0000,793218.9619542402,793218.9619542402,999999.9999999999
2025-01-31T17:10:00.000+0000,793218.9619542402,793218.9619542402,999999.9999999999
2025-01-31T17:20:00.000+0000,793218.9619542402,793218.9619542402,999999.9999999999
2025-01-31T17:30:00.000+0000,793218.9619542402,793218.9619542402,999999.9999999999
2025-01-31T17:40:00.000+0000,793218.9619542402,793218.9619542402,999999.9999999999
2025-01-31T17:50:00.000+0000,793218.9619542402,793218.9619542402,999999.9999999999
2025-01-31T18:00:00.000+0000,793218.9619542402,793218.9619542402,999999.9999999999
2025-01-31T18:10:00.000+0000,793218.9619542402,793218.9619542402,999999.9999999999
2025-01-31T18:20:00.000+0000,793218.9619542402,793218.9619542402,999999.9999999999
2025-01-31T18:30:00.000+0000,793218.9619542402,793218.9619542402,999999.9999999999
2025-01-31T18:40:00.000+0000,793218.9619542402,793218.9619542402,999999.9999999999
2025-01-31T18:50:00.000+0000,793218.9619542402,793218.9619542402,999999.9999999999
2025-01-31T19:00:00.000+0000,793218.9619542402,793218.9619542402,999999.9999999999
2025-01-31T19:10:00.000+0000,793218.9619542402,793218.9619542402,999999.9999999999
2025-01-31T19:20:00.000+0000,793218.9619542402,793218.9619542402,999999.9999999999
2025-01-31T19:30:00.000+0000,793218.9619542402,793218.9619542402,999999.9999999999
2025-01-31T19:40:00.000+0000,793218.9619542402,793218.9619542402,999999.9999999999
2025-01-31T19:50:00.000+0000,793218.9619542402,793218.9619542402,999999.9999999999
2025-01-31T20:00:00.000+0000,793218.9619542402,793218.9619542402,999999.9999999999
2025-01-31T20:10:00.000+0000,793218.9619542402,793218.9619542402,999999.9999999999
2025-01-31T20:20:00.000+0000,793218.9619542402,793218.9619542402,999999.9999999999
2025-01-31T20:30:00.000+0000,793218.9619542402,793218.9619542402,999999.9999999999
2025-01-31T20:40:00.000+0000,793218.9619542402,793218.9619542402,999999.9999999999
2025-01-31T20:50:00.000+0000,793218.9619542402,793218.9619542402,999999.9999999999
2025-01-31T21:00:00.000+0000,793218.9619542402,793218.9619542402,999999.9999999999
2025-01-31T21:10:00.000+0000,793218.9619542402,793218.9619542402,999999.9999999999
2025-01-31T21:20:00.000+0000,793218.9619542402,793218.9619542402,999999.9999999999
2025-01-31T21:30:00.000+0000,793218.9619542402,793218.9619542402,999999.9999999999
2025-01-31T21:40:00.000+0000,793218.9619542402,793218.9619542402,999999.9999999999
2025-01-31T21:50:00.000+0000,793218.9619542402,793218.9619542402,999999.9999999999
2025-01-31T22:00:00.000+0000,793218.9619542402,793218.9619542402,999999.9999999999
2025-01-31T22:10:00.000+0000,793218.9619542402,793218.9619542402,999999.9999999999
2025-01-31T22:20:00.000+0000,793218.9619542402,793218.9619542402,999999.9999999999
2025-01-31T22:30:00.000+0000,793218.9619542402,793218.9619542402,999999.9999999999
2025-01-31T22:40:00.000+0000,793218.9619542402,793218.9619542402,999999.9999999999
2025-01-31T22:50:00.000+0000,793218.9619542402,793218.9619542402,999999.9999999999
2025-01-31T23:00:00.000+0000,793218.9619542402,793218.9619542402,999999.9999999999
2025-01-31T23:10:00.000+0000,793218.9619542402,793218.9619542402,999999.9999999999
2025-01-31T23:20:00.000+0000,793218.9619542402,793218.9619542402,999999.9999999999
2025-01-31T23:30:00.000+0000,793218.9619542402,793218.9619542402,999999.9999999999
2025-01-31T23:40:00.000+0000,793218.9619542402,793218.9619542402,999999.9999999999
2025-01-31T23:50:00.000+0000,793218.9619542402,793218.9619542402,999999.9999999999
2025-02-01T00:00:00.000+0000,793218.9619542402,793218.9619542402,999999.9999999999
2025-02-01T00:10:00.000+0000,793218.9619542402,793218.9619542402,999999.9999999999
2025-02-01T00:20:00.000+0000,793218.9619542402,793218.9619542402,999999.9999999999
2025-02-01T00:30:00.000+0000,793218.9619542402,793218.9619542402,999999.9999999999
2025-02-01T00:40:00.000+0000,793218.9619542402,793218.9619542402,999999.9999999999
2025-02-01T00:50:00.000+0000,793218.9619542402,793218.9619542402,999999.9999999999
2025-02-01T01:00:00.000+0000,793218.9619542402,793218.9619542402,999999.9999999999
2025-02-01T01:10:00.000+0000,793218.9619542402,793218.9619542402,999999.9999999999
2025-02-01T01:20:00.000+0000,793218.9619542402,793218.9619542402,999999.9999999999
2025-02-01T01:30:00.000+0000,793218.9619542402,793218.9619542402,999999.9999999999
2025-02-01T01:40:00.000+0000,793218.9619542402,793218.9619542402,999999.9999999999
2025-02-01T01:50:00.000+0000,793218.9619542402,793218.9619542402,999999.9999999999
2025-02-01T02:00:00.000+0000,793218.9619542402,793218.9619542402,999999.9999999999
2025-02-01T02:10:00.000+0000,793218.9619542402,793218.9619542402,999999.9999999999
2025-02-01T02:20:00.000+0000,793218.9619542402,793218.9619542402,999999.9999999999
2025-02-01T02:30:00.000+0000,793218.9619542402,793218.9619542402,999999.9999999999
2025-02-01T02:40:00.000+0000,793218.9619542402,793218.9619542402,999999.9999999999
2025-02-01T02:50:00.000+0000,793218.9619542402,793218.9619542402,999999.9999999999
2025-02-01T03:00:00.000+0000,793218.9619542402,793218.9619542402,999999.9999999999
2025-02-01T03:10:00.000+0000,793218.9619542402,793218.9619542402,999999.9999999999
2025-02-01T03:20:00.000+0000,793218.9619542402,793218.9619542402,999999.9999999999
2025-02-01T03:30:00.000+0000,793218.9619542402,793218.9619542402,999999.9999999999
2025-02-01T03:40:00.000+0000,793218.9619542402,793218.9619542402,999999.9999999999
2025-02-01T03:50:00.000+0000,793218.9619542402,793218.9619542402,999999.9999999999
2025-02-01T04:00:00.000+0000,793218.9619542402,793218.9619542402,999999.9999999999
2025-02-01T04:10:00.000+0000,793218.9619542402,793218.9619542402,999999.9999999999
2025-02-01T04:20:00.000+0000,793218.9619542402,793218.9619542402,999999.9999999999
2025-02-01T04:30:00.000+0000,793218.9619542402,793218.9619542402,999999.9999999999
2025-02-01T04:40:00.000+0000,793218.9619542402,793218.9619542402,999999.9999999999
2025-02-01T04:50:00.000+0000,793218.9619542402,793218.9619542402,999999.9999999999
2025-02-01T05:00:00.000+0000,793218.9619542402,793218.9619542402,999999.9999999999
2025-02-01T05:10:00.000+0000,793218.9619542402,793218.9619542402,999999.9999999999
2025-02-01T05:20:00.000+0000,793218.9619542402,793218.9619542402,999999.9999999999
2025-02-01T05:30:00.000+0000,793218.9619542402,793218.9619542402,999999.9999999999
2025-02-01T05:40:00.000+0000,793218.9619542402,793218.9619542402,999999.9999999999
2025-02-01T05:50:00.000+0000,793218.9619542402,793218.9619542402,999999.9999999999
2025-02-01T06:00:00.000+0000,793218.9619542402,793218.9619542402,999999.9999999999
2025-02-01T06:10:00.000+0000,793218.9619542402,793218.9619542402,999999.9999999999
2025-02-01T06:20:00.000+0000,793218.9619542402,793218.9619542402,999999.9999999999
2025-02-01T06:30:00.000+0000,793218.9619542402,793218.9619542402,999999.9999999999
2025-02-01T06:40:00.000+0000,793218.9619542402,793218.9619542402,999999.9999999999
2025-02-01T06:50:00.000+0000,793218.9619542402,793218.9619542402,999999.9999999999
2025-02-01T07:00:00.000+0000,793218.9619542402,793218.9619542402,999999.9999999999
2025-02-01T07:10:00.000+0000,793218.9619542402,793218.9619542402,999999.9999999999
2025-02-01T07:20:00.000+0000,793218.9619542402,793218.9619542402,999999.9999999999
2025-02-01T07:30:00.000+0000,793218.9619542402,793218.9619542402,999999.9999999999
2025-02-01T07:40:00.000+0000,793218.9619542402,793218.9619542402,999999.9999999999
2025-02-01T07:50:00.000+0000,793218.9619542402,793218.9619542402,999999.9999999999
2025-02-01T08:00:00.000+0000,793218.9619542402,793218.9619542402,999999.9999999999
2025-02-01T08:10:00.000+0000,793218.9619542402,793218.9619542402,999999.9999999999
2025-02-01T08:20:00.000+0000,793218.9619542402,793218.9619542402,999999.9999999999
2025-02-01T08:30:00.000+0000,793218.9619542402,793218.9619542402,999999.9999999999
2025-02-01T08:40:00.000+0000,793218.9619542402,793218.9619542402,999999.9999999999
2025-02-01T08:50:00.000+0000,793218.9619542402,793218.9619542402,999999.9999999999
2025-02-01T09:00:00.000+0000,793218.9619542402,793218.9619542402,999999.9999999999
2025-02-01T09:10:00.000+0000,793218.9619542402,793218.9619542402,999999.9999999999
2025-02-01T09:20:00.000+0000,793218.9619542402,793218.9619542402,999999.9999999999
2025-02-01T09:30:00.000+0000,793218.9619542402,793218.9619542402,999999.9999999999
2025-02-01T09:40:00.000+0000,793218.9619542402,793218.9619542402,999999.9999999999
2025-02-01T09:50:00.000+0000,793218.9619542402,793218.9619542402,999999.9999999999
2025-02-01T10:00:00.000+0000,793218.9619542402,793218.9619542402,999999.9999999999
2025-02-01T10:10:00.000+0000,793218.9619542402,793218.9619542402,999999.9999999999
2025-02-01T10:20:00.000+0000,793218.9619542402,793218.9619542402,999999.9999999999
2025-02-01T10:30:00.000+0000,793218.9619542402,793218.9619542402,999999.9999999999
2025-02-01T10:40:00.000+0000,793218.9619542402,793218.9619542402,999999.9999999999
2025-02-01T10:50:00.000+0000,793218.9619542402,793218.9619542402,999999.9999999999
2025-02-01T11:00:00.000+0000,793218.9619542402,793218.9619542402,999999.9999999999
2025-02-01T11:10:00.000+0000,793218.9619542402,793218.9619542402,999999.9999999999
2025-02-01T11:20:00.000+0000,793218.9619542402,793218.9619542402,999999.9999999999
2025-02-01T11:30:00.000+0000,793218.9619542402,793218.9619542402,999999.9999999999
2025-02-01T11:40:00.000+0000,793218.9619542402,793218.9619542402,999999.9999999999
2025-02-01T11:50:00.000+0000,793218.9619542402,793218.9619542402,999999.9999999999
2025-02-01T12:00:00.000+0000,793218.9619542402,793218.9619542402,999999.9999999999
2025-02-01T12:10:00.000+0000,793218.9619542402,793218.9619542402,999999.9999999999
2025-02-01T12:20:00.000+0000,793218.9619542402,793218.9619542402,999999.9999999999
2025-02-01T12:30:00.000+0000,793218.9619542402,793218.9619542402,999999.9999999999
2025-02-01T12:40:00.000+0000,793218.9619542402,793218.9619542402,999999.9999999999
2025-02-01T12:50:00.000+0000,793218.9619542402,793218.9619542402,999999.9999999999
2025-02-01T13:00:00.000+0000,793218.9619542402,793218.9619542402,999999.9999999999
2025-02-01T13:10:00.000+0000,793218.9619542402,793218.9619542402,999999.9999999999
2025-02-01T13:20:00.000+0000,793218.9619542402,793218.9619542402,999999.9999999999
2025-02-01T13:30:00.000+0000,793218.9619542402,793218.9619542402,999999.9999999999
2025-02-01T13:40:00.000+0000,793218.9619542402,793218.9619542402,999999.9999999999
2025-02-01T13:50:00.000+0000,793218.9619542402,793218.9619542402,999999.9999999999
2025-02-01T14:00:00.000+0000,793218.9619542402,793218.9619542402,999999.9999999999
2025-02-01T14:10:00.000+0000,793218.9619542402,793218.9619542402,999999.9999999999
2025-02-01T14:20:00.000+0000,793218.9619542402,793218.9619542402,999999.9999999999
2025-02-01T14:30:00.000+0000,793218.9619542402,793218.9619542402,999999.9999999999
2025-02-01T14:40:00.000+0000,793218.9619542402,793218.9619542402,999999.9999999999
2025-02-01T14:50:00.000+0000,793218.9619542402,793218.9619542402,999999.9999999999
2025-02-01T15:00:00.000+0000,793218.9619542402,793218.9619542402,999999.9999999999
2025-02-01T15:10:00.000+0000,793218.9619542402,793218.9619542402,999999.9999999999
2025-02-01T15:20:00.000+0000,793218.9619542402,793218.9619542402,999999.9999999999
2025-02-01T15:30:00.000+0000,793218.9619542402,793218.9619542402,999999.9999999999
2025-02-01T15:40:00.000+0000,793218.9619542402,793218.9619542402,999999.9999999999
2025-02-01T15:50:00.000+0000,793218.9619542402,793218.9619542402,999999.9999999999
2025-02-01T16:00:00.000+0000,793218.9619542402,793218.9619542402,999999.9999999999
2025-02-01T16:10:00.000+0000,793218.9619542402,793218.9619542402,999999.9999999999
2025-02-01T16:20:00.000+0000,793218.9619542402,793218.9619542402,999999.9999999999
2025-02-01T16:30:00.000+0000,793218.9619542402,793218.9619542402,999999.9999999999
2025-02-01T16:40:00.000+0000,793218.9619542402,793218.9619542402,999999.9999999999
2025-02-01T16:50:00.000+0000,793218.9619542402,793218.9619542402,999999.9999999999
2025-02-01T17:00:00.000+0000,793218.9619542402,793218.9619542402,999999.9999999999
2025-02-01T17:10:00.000+0000,793218.9619542402,793218.9619542402,999999.9999999999
2025-02-01T17:20:00.000+0000,793218.9619542402,793218.9619542402,999999.9999999999
2025-02-01T17:30:00.000+0000,793218.9619542402,793218.9619542402,999999.9999999999
2025-02-01T17:40:00.000+0000,793218.9619542402,793218.9619542402,999999.9999999999
2025-02-01T17:50:00.000+0000,793218.9619542402,793218.9619542402,999999.9999999999
2025-02-01T18:00:00.000+0000,793218.9619542402,793218.9619542402,999999.9999999999
2025-02-01T18:10:00.000+0000,793218.9619542402,793218.9619542402,999999.9999999999
2025-02-01T18:20:00.000+0000,793218.9619542402,793218.9619542402,999999.9999999999
2025-02-01T18:30:00.000+0000,793218.9619542402,793218.9619542402,999999.9999999999
2025-02-01T18:40:00.000+0000,793218.9619542402,793218.9619542402,999999.9999999999
2025-02-01T18:50:00.000+0000,793218.9619542402,793218.9619542402,999999.9999999999
2025-02-01T19:00:00.000+0000,793218.9619542402,793218.9619542402,999999.9999999999
2025-02-01T19:10:00.000+0000,793218.9619542402,793218.9619542402,999999.9999999999
2025-02-01T19:20:00.000+0000,793218.9619542402,793218.9619542402,999999.9999999999
2025-02-01T19:30:00.000+0000,793218.9619542402,793218.9619542402,999999.9999999999
2025-02-01T19:40:00.000+0000,793218.9619542402,793218.9619542402,999999.9999999999
2025-02-01T19:50:00.000+0000,793218.9619542402,793218.9619542402,999999.9999999999
2025-02-01T20:00:00.000+0000,793218.9619542402,793218.9619542402,999999.9999999999
2025-02-01T20:10:00.000+0000,793218.9619542402,793218.9619542402,999999.9999999999
2025-02-01T20:20:00.000+0000,793218.9619542402,793218.9619542402,999999.9999999999
2025-02-01T20:30:00.000+0000,793218.9619542402,793218.9619542402,999999.9999999999
2025-02-01T20:40:00.000+0000,793218.9619542402,793218.9619542402,999999.9999999999
2025-02-01T20:50:00.000+0000,793218.9619542402,793218.9619542402,999999.9999999999
2025-02-01T21:00:00.000+0000,793218.9619542402,793218.9619542402,999999.9999999999
2025-02-01T21:10:00.000+0000,793218.9619542402,793218.9619542402,999999.9999999999
2025-02-01T21:20:00.000+0000,793218.9619542402,793218.9619542402,999999.9999999999
2025-02-01T21:30:00.000+0000,793218.9619542402,793218.9619542402,999999.9999999999
2025-02-01T21:40:00.000+0000,793218.9619542402,793218.9619542402,999999.9999999999
2025-02-01T21:50:00.000+0000,793218.9619542402,793218.9619542402,999999.9999999999
2025-02-01T22:00:00.000+0000,793218.9619542402,793218.9619542402,999999.9999999999
2025-02-01T22:10:00.000+0000,793218.9619542402,793218.9619542402,999999.9999999999
2025-02-01T22:20:00.000+0000,793218.9619542402,793218.9619542402,999999.9999999999
2025-02-01T22:30:00.000+0000,793218.9619542402,793218.9619542402,999999.9999999999
2025-02-01T22:40:00.000+0000,793218.9619542402,793218.9619542402,999999.9999999999
2025-02-01T22:50:00.000+0000,793218.9619542402,793218.9619542402,999999.9999999999
2025-02-01T23:00:00.000+0000,793218.9619542402,793218.9619542402,999999.9999999999
2025-02-01T23:10:00.000+0000,793218.9619542402,793218.9619542402,999999.9999999999
2025-02-01T23:20:00.000+0000,793218.9619542402,793218.9619542402,999999.9999999999
2025-02-01T23:30:00.000+0000,793218.9619542402,793218.9619542402,999999.9999999999
2025-02-01T23:40:00.000+0000,793218.9619542402,793218.9619542402,999999.9999999999
2025-02-01T23:50:00.000+0000,793218.9619542402,793218.9619542402,999999.9999999999
2025-02-02T00:00:00.000+0000,793218.9619542402,793218.9619542402,999999.9999999999
2025-02-02T00:10:00.000+0000,793218.9619542402,793218.9619542402,999999.9999999999
2025-02-02T00:20:00.000+0000,793218.9619542402,793218.9619542402,999999.9999999999
2025-02-02T00:30:00.000+0000,793218.9619542402,793218.9619542402,999999.9999999999
2025-02-02T00:40:00.000+0000,793218.9619542402,793218.9619542402,999999.9999999999
2025-02-02T00:50:00.000+0000,793218.9619542402,793218.9619542402,999999.9999999999
2025-02-02T01:00:00.000+0000,793218.9619542402,793218.9619542402,999999.9999999999
2025-02-02T01:10:00.000+0000,793218.9619542402,793218.9619542402,999999.9999999999
2025-02-02T01:20:00.000+0000,793218.9619542402,793218.9619542402,999999.9999999999
2025-02-02T01:30:00.000+0000,793218.9619542402,793218.9619542402,999999.9999999999
2025-02-02T01:40:00.000+0000,793218.9619542402,793218.9619542402,999999.9999999999
2025-02-02T01:50:00.000+0000,793218.9619542402,793218.9619542402,999999.9999999999
2025-02-02T02:00:00.000+0000,793218.9619542402,793218.9619542402,999999.9999999999
2025-02-02T02:10:00.000+0000,793218.9619542402,793218.9619542402,999999.9999999999
2025-02-02T02:20:00.000+0000,793218.9619542402,793218.9619542402,999999.9999999999
2025-02-02T02:30:00.000+0000,793218.9619542402,793218.9619542402,999999.9999999999
2025-02-02T02:40:00.000+0000,793218.9619542402,793218.9619542402,999999.9999999999
2025-02-02T02:50:00.000+0000,793218.9619542402,793218.9619542402,999999.9999999999
2025-02-02T03:00:00.000+0000,793218.9619542402,793218.9619542402,999999.9999999999
2025-02-02T03:10:00.000+0000,793218.9619542402,793218.9619542402,999999.9999999999
2025-02-02T03:20:00.000+0000,793218.9619542402,793218.9619542402,999999.9999999999
2025-02-02T03:30:00.000+0000,793218.9619542402,793218.9619542402,999999.9999999999
2025-02-02T03:40:00.000+0000,793218.9619542402,793218.9619542402,999999.9999999999
2025-02-02T03:50:00.000+0000,793218.9619542402,793218.9619542402,999999.9999999999
2025-02-02T04:00:00.000+0000,793218.9619542402,793218.9619542402,999999.9999999999
2025-02-02T04:10:00.000+0000,793218.9619542402,793218.9619542402,999999.9999999999
2025-02-02T04:20:00.000+0000,793218.9619542402,793218.9619542402,999999.9999999999
2025-02-02T04:30:00.000+0000,793218.9619542402,793218.9619542402,999999.9999999999
2025-02-02T04:40:00.000+0000,793218.9619542402,793218.9619542402,999999.9999999999
2025-02-02T04:50:00.000+0000,793218.9619542402,793218.9619542402,999999.9999999999
2025-02-02T05:00:00.000+0000,793218.9619542402,793218.9619542402,999999.9999999999
2025-02-02T05:10:00.000+0000,793218.9619542402,793218.9619542402,999999.9999999999
2025-02-02T05:20:00.000+0000,793218.9619542402,793218.9619542402,999999.9999999999
2025-02-02T05:30:00.000+0000,793218.9619542402,793218.9619542402,999999.9999999999
2025-02-02T05:40:00.000+0000,793218.9619542402,793218.9619542402,999999.9999999999
2025-02-02T05:50:00.000+0000,793218.9619542402,793218.9619542402,999999.9999999999
2025-02-02T06:00:00.000+0000,793218.9619542402,793218.9619542402,999999.9999999999
2025-02-02T06:10:00.000+0000,793218.9619542402,793218.9619542402,999999.9999999999
2025-02-02T06:20:00.000+0000,793218.9619542402,793218.9619542402,999999.9999999999
2025-02-02T06:30:00.000+0000,793218.9619542402,793218.9619542402,999999.9999999999
2025-02-02T06:40:00.000+0000,793218.9619542402,793218.9619542402,999999.9999999999
2025-02-02T06:50:00.000+0000,793218.9619542402,793218.9619542402,999999.9999999999
2025-02-02T07:00:00.000+0000,793218.9619542402,793218.9619542402,999999.9999999999
2025-02-02T07:10:00.000+0000,793218.9619542402,793218.9619542402,999999.9999999999
2025-02-02T07:20:00.000+0000,793218.9619542402,793218.9619542402,999999.9999999999
2025-02-02T07:30:00.000+0000,793218.9619542402,793218.9619542402,999999.9999999999
2025-02-02T07:40:00.000+0000,793218.9619542402,793218.9619542402,999999.9999999999
2025-02-02T07:50:00.000+0000,793218.9619542402,793218.9619542402,999999.9999999999
2025-02-02T08:00:00.000+0000,793218.9619542402,793218.9619542402,999999.9999999999
2025-02-02T08:10:00.000+0000,793218.9619542402,793218.9619542402,999999.9999999999
2025-02-02T08:20:00.000+0000,793218.9619542402,793218.9619542402,999999.9999999999
2025-02-02T08:30:00.000+0000,793218.9619542402,793218.9619542402,999999.9999999999
2025-02-02T08:40:00.000+0000,793218.9619542402,793218.9619542402,999999.9999999999
2025-02-02T08:50:00.000+0000,793218.9619542402,793218.9619542402,999999.9999999999
2025-02-02T09:00:00.000+0000,793218.9619542402,793218.9619542402,999999.9999999999
2025-02-02T09:10:00.000+0000,793218.9619542402,793218.9619542402,999999.9999999999
2025-02-02T09:20:00.000+0000,793218.9619542402,793218.9619542402,999999.9999999999
2025-02-02T09:30:00.000+0000,793218.9619542402,793218.9619542402,999999.9999999999
2025-02-02T09:40:00.000+0000,793218.9619542402,793218.9619542402,999999.9999999999
2025-02-02T09:50:00.000+0000,793218.9619542402,793218.9619542402,999999.9999999999
2025-02-02T10:00:00.000+0000,793218.9619542402,793218.9619542402,999999.9999999999
2025-02-02T10:10:00.000+0000,793218.9619542402,793218.9619542402,999999.9999999999
2025-02-02T10:20:00.000+0000,793218.9619542402,793218.9619542402,999999.9999999999
2025-02-02T10:30:00.000+0000,793218.9619542402,793218.9619542402,999999.9999999999
2025-02-02T10:40:00.000+0000,793218.9619542402,793218.9619542402,999999.9999999999
2025-02-02T10:50:00.000+0000,793218.9619542402,793218.9619542402,999999.9999999999
2025-02-02T11:00:00.000+0000,793218.9619542402,793218.9619542402,999999.9999999999
2025-02-02T11:10:00.000+0000,793218.9619542402,793218.9619542402,999999.9999999999
2025-02-02T11:20:00.000+0000,793218.9619542402,793218.9619542402,999999.9999999999
2025-02-02T11:30:00.000+0000,793218.9619542402,793218.9619542402,999999.9999999999
2025-02-02T11:40:00.000+0000,793218.9619542402,793218.9619542402,999999.9999999999
2025-02-02T11:50:00.000+0000,793218.9619542402,793218.9619542402,999999.9999999999
2025-02-02T12:00:00.000+0000,793218.9619542402,793218.9619542402,999999.9999999999
2025-02-02T12:10:00.000+0000,793218.9619542402,793218.9619542402,999999.9999999999
2025-02-02T12:20:00.000+0000,793218.9619542402,793218.9619542402,999999.9999999999
2025-02-02T12:30:00.000+0000,793218.9619542402,793218.9619542402,999999.9999999999
2025-02-02T12:40:00.000+0000,793218.9619542402,793218.9619542402,999999.9999999999
2025-02-02T12:50:00.000+0000,793218.9619542402,793218.9619542402,999999.9999999999
2025-02-02T13:00:00.000+0000,793218.9619542402,793218.9619542402,999999.9999999999
2025-02-02T13:10:00.000+0000,793218.9619542402,793218.9619542402,999999.9999999999
2025-02-02T13:20:00.000+0000,793218.9619542402,793218.9619542402,999999.9999999999
2025-02-02T13:30:00.000+0000,793218.9619542402,793218.9619542402,999999.9999999999
2025-02-02T13:40:00.000+0000,793218.9619542402,793218.9619542402,999999.9999999999
2025-02-02T13:50:00.000+0000,793218.9619542402,793218.9619542402,999999.9999999999
2025-02-02T14:00:00.000+0000,793218.9619542402,793218.9619542402,999999.9999999999
2025-02-02T14:10:00.000+0000,793218.9619542402,793218.9619542402,999999.9999999999
2025-02-02T14:20:00.000+0000,793218.9619542402,793218.9619542402,999999.9999999999
2025-02-02T14:30:00.000+0000,793218.9619542402,793218.9619542402,999999.9999999999
2025-02-02T14:40:00.000+0000,793218.9619542402,793218.9619542402,999999.9999999999
2025-02-02T14:50:00.000+0000,793218.9619542402,793218.9619542402,999999.9999999999
2025-02-02T15:00:00.000+0000,793218.9619542402,793218.9619542402,999999.9999999999
2025-02-02T15:10:00.000+0000,793218.9619542402,793218.9619542402,999999.9999999999
2025-02-02T15:20:00.000+0000,793218.9619542402,793218.9619542402,999999.9999999999
2025-02-02T15:30:00.000+0000,793218.9619542402,793218.9619542402,999999.9999999999
2025-02-02T15:40:00.000+0000,793218.9619542402,793218.9619542402,999999.9999999999
2025-02-02T15:50:00.000+0000,793218.9619542402,793218.9619542402,999999.9999999999
2025-02-02T16:00:00.000+0000,793218.9619542402,793218.9619542402,999999.9999999999
2025-02-02T16:10:00.000+0000,793218.9619542402,793218.9619542402,999999.9999999999
2025-02-02T16:20:00.000+0000,793218.9619542402,793218.9619542402,999999.9999999999
2025-02-02T16:30:00.000+0000,793218.9619542402,793218.9619542402,999999.9999999999
2025-02-02T16:40:00.000+0000,793218.9619542402,793218.9619542402,999999.9999999999
2025-02-02T16:50:00.000+0000,793218.9619542402,793218.9619542402,999999.9999999999
2025-02-02T17:00:00.000+0000,793218.9619542402,793218.9619542402,999999.9999999999
2025-02-02T17:10:00.000+0000,793218.9619542402,793218.9619542402,999999.9999999999
2025-02-02T17:20:00.000+0000,793218.9619542402,793218.9619542402,999999.9999999999
2025-02-02T17:30:00.000+0000,793218.9619542402,793218.9619542402,999999.9999999999
2025-02-02T17:40:00.000+0000,793218.9619542402,793218.9619542402,999999.9999999999
2025-02-02T17:50:00.000+0000,793218.9619542402,793218.9619542402,999999.9999999999
2025-02-02T18:00:00.000+0000,793218.9619542402,793218.9619542402,999999.9999999999
2025-02-02T18:10:00.000+0000,793218.9619542402,793218.9619542402,999999.9999999999
2025-02-02T18:20:00.000+0000,793218.9619542402,793218.9619542402,999999.9999999999
2025-02-02T18:30:00.000+0000,793218.9619542402,793218.9619542402,999999.9999999999
2025-02-02T18:40:00.000+0000,793218.9619542402,793218.9619542402,999999.9999999999
2025-02-02T18:50:00.000+0000,793218.9619542402,793218.9619542402,999999.9999999999
2025-02-02T19:00:00.000+0000,793218.9619542402,793218.9619542402,999999.9999999999
2025-02-02T19:10:00.000+0000,793218.9619542402,793218.9619542402,999999.9999999999
2025-02-02T19:20:00.000+0000,793218.9619542402,793218.9619542402,999999.9999999999
2025-02-02T19:30:00.000+0000,793218.9619542402,793218.9619542402,999999.9999999999
2025-02-02T19:40:00.000+0000,793218.9619542402,793218.9619542402,999999.9999999999
2025-02-02T19:50:00.000+0000,793218.9619542402,793218.9619542402,999999.9999999999
2025-02-02T20:00:00.000+0000,793218.9619542402,793218.9619542402,999999.9999999999
2025-02-02T20:10:00.000+0000,793218.9619542402,793218.9619542402,999999.9999999999
2025-02-02T20:20:00.000+0000,793218.9619542402,793218.9619542402,999999.9999999999
2025-02-02T20:30:00.000+0000,793218.9619542402,793218.9619542402,999999.9999999999
2025-02-02T20:40:00.000+0000,793218.9619542402,793218.9619542402,999999.9999999999
2025-02-02T20:50:00.000+0000,793218.9619542402,793218.9619542402,999999.9999999999
2025-02-02T21:00:00.000+0000,793218.9619542402,793218.9619542402,999999.9999999999
2025-02-02T21:10:00.000+0000,793218.9619542402,793218.9619542402,999999.9999999999
2025-02-02T21:20:00.000+0000,793218.9619542402,793218.9619542402,999999.9999999999
2025-02-02T21:30:00.000+0000,793218.9619542402,793218.9619542402,999999.9999999999
2025-02-02T21:40:00.000+0000,793218.9619542402,793218.9619542402,999999.9999999999
2025-02-02T21:50:00.000+0000,793218.9619542402,793218.9619542402,999999.9999999999
2025-02-02T22:00:00.000+0000,793218.9619542402,793218.9619542402,999999.9999999999
2025-02-02T22:10:00.000+0000,793218.9619542402,793218.9619542402,999999.9999999999
2025-02-02T22:20:00.000+0000,793218.9619542402,793218.9619542402,999999.9999999999
2025-02-02T22:30:00.000+0000,793218.9619542402,793218.9619542402,999999.9999999999
2025-02-02T22:40:00.000+0000,793218.9619542402,793218.9619542402,999999.9999999999
2025-02-02T22:50:00.000+0000,793218.9619542402,793218.9619542402,999999.9999999999
2025-02-02T23:00:00.000+0000,793218.9619542402,793218.9619542402,999999.9999999999
2025-02-02T23:10:00.000+0000,793218.9619542402,793218.9619542402,999999.9999999999
2025-02-02T23:20:00.000+0000,793218.9619542402,793218.9619542402,999999.9999999999
2025-02-02T23:30:00.000+0000,793218.9619542402,793218.9619542402,999999.9999999999
2025-02-02T23:40:00.000+0000,793218.9619542402,793218.9619542402,999999.9999999999
2025-02-02T23:50:00.000+0000,793218.9619542402,793218.9619542402,999999.9999999999
2025-02-03T00:00:00.000+0000,793218.9619542402,793218.9619542402,999999.9999999999
2025-02-03T00:10:00.000+0000,793218.9619542402,793218.9619542402,999999.9999999999
2025-02-03T00:20:00.000+0000,793218.9619542402,793218.9619542402,999999.9999999999
2025-02-03T00:30:00.000+0000,793218.9619542402,793218.9619542402,999999.9999999999
2025-02-03T00:40:00.000+0000,793218.9619542402,793218.9619542402,999999.9999999999
2025-02-03T00:50:00.000+0000,793218.9619542402,793218.9619542402,999999.9999999999
2025-02-03T01:00:00.000+0000,793218.9619542402,793218.9619542402,999999.9999999999
2025-02-03T01:10:00.000+0000,793218.9619542402,793218.9619542402,999999.9999999999
2025-02-03T01:20:00.000+0000,793218.9619542402,793218.9619542402,999999.9999999999
2025-02-03T01:30:00.000+0000,793218.9619542402,793218.9619542402,999999.9999999999
2025-02-03T01:40:00.000+0000,793218.9619542402,793218.9619542402,999999.9999999999
2025-02-03T01:50:00.000+0000,793218.9619542402,793218.9619542402,999999.9999999999
2025-02-03T02:00:00.000+0000,793218.9619542402,793218.9619542402,999999.9999999999
2025-02-03T02:10:00.000+0000,793218.9619542402,793218.9619542402,999999.9999999999
2025-02-03T02:20:00.000+0000,793218.9619542402,793218.9619542402,999999.9999999999
2025-02-03T02:30:00.000+0000,793218.9619542402,793218.9619542402,999999.9999999999
2025-02-03T02:40:00.000+0000,793218.9619542402,793218.9619542402,999999.9999999999
2025-02-03T02:50:00.000+0000,793218.9619542402,793218.9619542402,999999.9999999999
2025-02-03T03:00:00.000+0000,793218.9619542402,793218.9619542402,999999.9999999999
2025-02-03T03:10:00.000+0000,793218.9619542402,793218.9619542402,999999.9999999999
2025-02-03T03:20:00.000+0000,793218.9619542402,793218.9619542402,999999.9999999999
2025-02-03T03:30:00.000+0000,793218.9619542402,793218.9619542402,999999.9999999999
2025-02-03T03:40:00.000+0000,793218.9619542402,793218.9619542402,999999.9999999999
2025-02-03T03:50:00.000+0000,793218.9619542402,793218.9619542402,999999.9999999999
2025-02-03T04:00:00.000+0000,793218.9619542402,793218.9619542402,999999.9999999999
2025-02-03T04:10:00.000+0000,793218.9619542402,793218.9619542402,999999.9999999999
2025-02-03T04:20:00.000+0000,793218.9619542402,793218.9619542402,999999.9999999999
2025-02-03T04:30:00.000+0000,793218.9619542402,793218.9619542402,999999.9999999999
2025-02-03T04:40:00.000+0000,793218.9619542402,793218.9619542402,999999.9999999999
2025-02-03T04:50:00.000+0000,793218.9619542402,793218.9619542402,999999.9999999999
2025-02-03T05:00:00.000+0000,793218.9619542402,793218.9619542402,999999.9999999999
2025-02-03T05:10:00.000+0000,793218.9619542402,793218.9619542402,999999.9999999999
2025-02-03T05:20:00.000+0000,793218.9619542402,793218.9619542402,999999.9999999999
2025-02-03T05:30:00.000+0000,793218.9619542402,793218.9619542402,999999.9999999999
2025-02-03T05:40:00.000+0000,793218.9619542402,793218.9619542402,999999.9999999999
2025-02-03T05:50:00.000+0000,793218.9619542402,793218.9619542402,999999.9999999999
2025-02-03T06:00:00.000+0000,793218.9619542402,793218.9619542402,999999.9999999999
2025-02-03T06:10:00.000+0000,793218.9619542402,793218.9619542402,999999.9999999999
2025-02-03T06:20:00.000+0000,793218.9619542402,793218.9619542402,999999.9999999999
2025-02-03T06:30:00.000+0000,793218.9619542402,793218.9619542402,999999.9999999999
2025-02-03T06:40:00.000+0000,793218.9619542402,793218.9619542402,999999.9999999999
2025-02-03T06:50:00.000+0000,793218.9619542402,793218.9619542402,999999.9999999999
2025-02-03T07:00:00.000+0000,793218.9619542402,793218.9619542402,999999.9999999999
2025-02-03T07:10:00.000+0000,793218.9619542402,793218.9619542402,999999.9999999999
2025-02-03T07:20:00.000+0000,793218.9619542402,793218.9619542402,999999.9999999999
2025-02-03T07:30:00.000+0000,793218.9619542402,793218.9619542402,999999.9999999999
2025-02-03T07:40:00.000+0000,793218.9619542402,793218.9619542402,999999.9999999999
2025-02-03T07:50:00.000+0000,793218.9619542402,793218.9619542402,999999.9999999999
2025-02-03T08:00:00.000+0000,793218.9619542402,793218.9619542402,999999.9999999999
2025-02-03T08:10:00.000+0000,793218.9619542402,793218.9619542402,999999.9999999999
2025-02-03T08:20:00.000+0000,793218.9619542402,793218.9619542402,999999.9999999999
2025-02-03T08:30:00.000+0000,793218.9619542402,793218.9619542402,999999.9999999999
2025-02-03T08:40:00.000+0000,793218.9619542402,793218.9619542402,999999.9999999999
2025-02-03T08:50:00.000+0000,793218.9619542402,793218.9619542402,999999.9999999999
2025-02-03T09:00:00.000+0000,793218.9619542402,793218.9619542402,999999.9999999999
2025-02-03T09:10:00.000+0000,793218.9619542402,793218.9619542402,999999.9999999999
2025-02-03T09:20:00.000+0000,793218.9619542402,793218.9619542402,999999.9999999999
2025-02-03T09:30:00.000+0000,793218.9619542402,793218.9619542402,999999.9999999999
2025-02-03T09:40:00.000+0000,793218.9619542402,793218.9619542402,999999.9999999999
2025-02-03T09:50:00.000+0000,793218.9619542402,793218.9619542402,999999.9999999999
2025-02-03T10:00:00.000+0000,793218.9619542402,793218.9619542402,999999.9999999999
2025-02-03T10:10:00.000+0000,793218.9619542402,793218.9619542402,999999.9999999999
2025-02-03T10:20:00.000+0000,793218.9619542402,793218.9619542402,999999.9999999999
2025-02-03T10:30:00.000+0000,793218.9619542402,793218.9619542402,999999.9999999999
2025-02-03T10:40:00.000+0000,793218.9619542402,793218.9619542402,999999.9999999999
2025-02-03T10:50:00.000+0000,793218.9619542402,793218.9619542402,999999.9999999999
2025-02-03T11:00:00.000+0000,793218.9619542402,793218.9619542402,999999.9999999999
2025-02-03T11:10:00.000+0000,793218.9619542402,793218.9619542402,999999.9999999999
2025-02-03T11:20:00.000+0000,793218.9619542402,793218.9619542402,999999.9999999999
2025-02-03T11:30:00.000+0000,793218.9619542402,793218.9619542402,999999.9999999999
2025-02-03T11:40:00.000+0000,793218.9619542402,793218.9619542402,999999.9999999999
2025-02-03T11:50:00.000+0000,793218.9619542402,793218.9619542402,999999.9999999999
2025-02-03T12:00:00.000+0000,793218.9619542402,793218.9619542402,999999.9999999999
2025-02-03T12:10:00.000+0000,793218.9619542402,793218.9619542402,999999.9999999999
2025-02-03T12:20:00.000+0000,793218.9619542402,793218.9619542402,999999.9999999999
2025-02-03T12:30:00.000+0000,793218.9619542402,793218.9619542402,999999.9999999999
2025-02-03T12:40:00.000+0000,793218.9619542402,793218.9619542402,999999.9999999999
2025-02-03T12:50:00.000+0000,793218.9619542402,793218.9619542402,999999.9999999999
2025-02-03T13:00:00.000+0000,793218.9619542402,793218.9619542402,999999.9999999999
2025-02-03T13:10:00.000+0000,793218.9619542402,793218.9619542402,999999.9999999999
2025-02-03T13:20:00.000+0000,793218.9619542402,793218.9619542402,999999.9999999999
2025-02-03T13:30:00.000+0000,793218.9619542402,793218.9619542402,999999.9999999999
2025-02-03T13:40:00.000+0000,793218.9619542402,793218.9619542402,999999.9999999999
2025-02-03T13:50:00.000+0000,793218.9619542402,793218.9619542402,999999.9999999999
2025-02-03T14:00:00.000+0000,793218.9619542402,793218.9619542402,999999.9999999999
2025-02-03T14:10:00.000+0000,793218.9619542402,793218.9619542402,999999.9999999999
2025-02-03T14:20:00.000+0000,793218.9619542402,793218.9619542402,999999.9999999999
2025-02-03T14:30:00.000+0000,793218.9619542402,793218.9619542402,999999.9999999999
2025-02-03T14:40:00.000+0000,793218.9619542402,793218.9619542402,999999.9999999999
2025-02-03T14:50:00.000+0000,793218.9619542402,793218.9619542402,999999.9999999999
2025-02-03T15:00:00.000+0000,793218.9619542402,793218.9619542402,999999.9999999999
2025-02-03T15:10:00.000+0000,793218.9619542402,793218.9619542402,999999.9999999999
2025-02-03T15:20:00.000+0000,793218.9619542402,793218.9619542402,999999.9999999999
2025-02-03T15:30:00.000+0000,793218.9619542402,793218.9619542402,999999.9999999999
2025-02-03T15:40:00.000+0000,793218.9619542402,793218.9619542402,999999.9999999999
2025-02-03T15:50:00.000+0000,793218.9619542402,793218.9619542402,999999.9999999999
2025-02-03T16:00:00.000+0000,793218.9619542402,793218.9619542402,999999.9999999999
2025-02-03T16:10:00.000+0000,793218.9619542402,793218.9619542402,999999.9999999999
2025-02-03T16:20:00.000+0000,793218.9619542402,793218.9619542402,999999.9999999999
2025-02-03T16:30:00.000+0000,793218.9619542402,793218.9619542402,999999.9999999999
2025-02-03T16:40:00.000+0000,793218.9619542402,793218.9619542402,999999.9999999999
2025-02-03T16:50:00.000+0000,793218.9619542402,793218.9619542402,999999.9999999999
2025-02-03T17:00:00.000+0000,793218.9619542402,793218.9619542402,999999.9999999999
2025-02-03T17:10:00.000+0000,793218.9619542402,793218.9619542402,999999.9999999999
2025-02-03T17:20:00.000+0000,793218.9619542402,793218.9619542402,999999.9999999999
2025-02-03T17:30:00.000+0000,793218.9619542402,793218.9619542402,999999.9999999999
2025-02-03T17:40:00.000+0000,793218.9619542402,793218.9619542402,999999.9999999999
2025-02-03T17:50:00.000+0000,793218.9619542402,793218.9619542402,999999.9999999999
2025-02-03T18:00:00.000+0000,793218.9619542402,793218.9619542402,999999.9999999999
2025-02-03T18:10:00.000+0000,793218.9619542402,793218.9619542402,999999.9999999999
2025-02-03T18:20:00.000+0000,793218.9619542402,793218.9619542402,999999.9999999999
2025-02-03T18:30:00.000+0000,793218.9619542402,793218.9619542402,999999.9999999999
2025-02-03T18:40:00.000+0000,793218.9619542402,793218.9619542402,999999.9999999999
2025-02-03T18:50:00.000+0000,793218.9619542402,793218.9619542402,999999.9999999999
2025-02-03T19:00:00.000+0000,793218.9619542402,793218.9619542402,999999.9999999999
2025-02-03T19:10:00.000+0000,793218.9619542402,793218.9619542402,999999.9999999999
2025-02-03T19:20:00.000+0000,793218.9619542402,793218.9619542402,999999.9999999999
2025-02-03T19:30:00.000+0000,793218.9619542402,793218.9619542402,999999.9999999999
2025-02-03T19:40:00.000+0000,793218.9619542402,793218.9619542402,999999.9999999999
2025-02-03T19:50:00.000+0000,793218.9619542402,793218.9619542402,999999.9999999999
2025-02-03T20:00:00.000+0000,793218.9619542402,793218.9619542402,999999.9999999999
2025-02-03T20:10:00.000+0000,793218.9619542402,793218.9619542402,999999.9999999999
2025-02-03T20:20:00.000+0000,793218.9619542402,793218.9619542402,999999.9999999999
2025-02-03T20:30:00.000+0000,793218.9619542402,793218.9619542402,999999.9999999999
2025-02-03T20:40:00.000+0000,793218.9619542402,793218.9619542402,999999.9999999999
2025-02-03T20:50:00.000+0000,793218.9619542402,793218.9619542402,999999.9999999999
2025-02-03T21:00:00.000+0000,793218.9619542402,793218.9619542402,999999.9999999999
2025-02-03T21:10:00.000+0000,793218.9619542402,793218.9619542402,999999.9999999999
2025-02-03T21:20:00.000+0000,793218.9619542402,793218.9619542402,999999.9999999999
2025-02-03T21:30:00.000+0000,793218.9619542402,793218.9619542402,999999.9999999999
2025-02-03T21:40:00.000+0000,793218.9619542402,793218.9619542402,999999.9999999999
2025-02-03T21:50:00.000+0000,793218.9619542402,793218.9619542402,999999.9999999999
2025-02-03T22:00:00.000+0000,793218.9619542402,793218.9619542402,999999.9999999999
2025-02-03T22:10:00.000+0000,793218.9619542402,793218.9619542402,999999.9999999999
2025-02-03T22:20:00.000+0000,793218.9619542402,793218.9619542402,999999.9999999999
2025-02-03T22:30:00.000+0000,793218.9619542402,793218.9619542402,999999.9999999999
2025-02-03T22:40:00.000+0000,793218.9619542402,793218.9619542402,999999.9999999999
2025-02-03T22:50:00.000+0000,793218.9619542402,793218.9619542402,999999.9999999999
2025-02-03T23:00:00.000+0000,793218.9619542402,793218.9619542402,999999.9999999999
2025-02-03T23:10:00.000+0000,793218.9619542402,793218.9619542402,999999.9999999999
2025-02-03T23:20:00.000+0000,793218.9619542402,793218.9619542402,999999.9999999999
2025-02-03T23:30:00.000+0000,793218.9619542402,793218.9619542402,999999.9999999999
2025-02-03T23:40:00.000+0000,793218.9619542402,793218.9619542402,999999.9999999999
2025-02-03T23:50:00.000+0000,793218.9619542402,793218.9619542402,999999.9999999999
2025-02-04T00:00:00.000+0000,793218.9619542402,793218.9619542402,999999.9999999999
2025-02-04T00:10:00.000+0000,793218.9619542402,793218.9619542402,999999.9999999999
2025-02-04T00:20:00.000+0000,793218.9619542402,793218.9619542402,999999.9999999999
2025-02-04T00:30:00.000+0000,793218.9619542402,793218.9619542402,999999.9999999999
2025-02-04T00:40:00.000+0000,793218.9619542402,793218.9619542402,999999.9999999999
2025-02-04T00:50:00.000+0000,793218.9619542402,793218.9619542402,999999.9999999999
2025-02-04T01:00:00.000+0000,793218.9619542402,793218.9619542402,999999.9999999999
2025-02-04T01:10:00.000+0000,793218.9619542402,793218.9619542402,999999.9999999999
2025-02-04T01:20:00.000+0000,793218.9619542402,793218.9619542402,999999.9999999999
2025-02-04T01:30:00.000+0000,793218.9619542402,793218.9619542402,999999.9999999999
2025-02-04T01:40:00.000+0000,793218.9619542402,793218.9619542402,999999.9999999999
2025-02-04T01:50:00.000+0000,793218.9619542402,793218.9619542402,999999.9999999999
2025-02-04T02:00:00.000+0000,793218.9619542402,793218.9619542402,999999.9999999999
2025-02-04T02:10:00.000+0000,793218.9619542402,793218.9619542402,999999.9999999999
2025-02-04T02:20:00.000+0000,793218.9619542402,793218.9619542402,999999.9999999999
2025-02-04T02:30:00.000+0000,793218.9619542402,793218.9619542402,999999.9999999999
2025-02-04T02:40:00.000+0000,793218.9619542402,793218.9619542402,999999.9999999999
2025-02-04T02:50:00.000+0000,793218.9619542402,793218.9619542402,999999.9999999999
2025-02-04T03:00:00.000+0000,793218.9619542402,793218.9619542402,999999.9999999999
2025-02-04T03:10:00.000+0000,793218.9619542402,793218.9619542402,999999.9999999999
2025-02-04T03:20:00.000+0000,793218.9619542402,793218.9619542402,999999.9999999999
2025-02-04T03:30:00.000+0000,793218.9619542402,793218.9619542402,999999.9999999999
2025-02-04T03:40:00.000+0000,793218.9619542402,793218.9619542402,999999.9999999999
2025-02-04T03:50:00.000+0000,793218.9619542402,793218.9619542402,999999.9999999999
2025-02-04T04:00:00.000+0000,793218.9619542402,793218.9619542402,999999.9999999999
2025-02-04T04:10:00.000+0000,793218.9619542402,793218.9619542402,999999.9999999999
2025-02-04T04:20:00.000+0000,793218.9619542402,793218.9619542402,999999.9999999999
2025-02-04T04:30:00.000+0000,793218.9619542402,793218.9619542402,999999.9999999999
2025-02-04T04:40:00.000+0000,793218.9619542402,793218.9619542402,999999.9999999999
2025-02-04T04:50:00.000+0000,793218.9619542402,793218.9619542402,999999.9999999999
2025-02-04T05:00:00.000+0000,793218.9619542402,793218.9619542402,999999.9999999999
2025-02-04T05:10:00.000+0000,793218.9619542402,793218.9619542402,999999.9999999999
2025-02-04T05:20:00.000+0000,793218.9619542402,793218.9619542402,999999.9999999999
2025-02-04T05:30:00.000+0000,793218.9619542402,793218.9619542402,999999.9999999999
2025-02-04T05:40:00.000+0000,793218.9619542402,793218.9619542402,999999.9999999999
2025-02-04T05:50:00.000+0000,793218.9619542402,793218.9619542402,999999.9999999999
2025-02-04T06:00:00.000+0000,793218.9619542402,793218.9619542402,999999.9999999999
2025-02-04T06:10:00.000+0000,793218.9619542402,793218.9619542402,999999.9999999999
2025-02-04T06:20:00.000+0000,793218.9619542402,793218.9619542402,999999.9999999999
2025-02-04T06:30:00.000+0000,793218.9619542402,793218.9619542402,999999.9999999999
2025-02-04T06:40:00.000+0000,793218.9619542402,793218.9619542402,999999.9999999999
2025-02-04T06:50:00.000+0000,793218.9619542402,793218.9619542402,999999.9999999999
2025-02-04T07:00:00.000+0000,793218.9619542402,793218.9619542402,999999.9999999999
2025-02-04T07:10:00.000+0000,793218.9619542402,793218.9619542402,999999.9999999999
2025-02-04T07:20:00.000+0000,793218.9619542402,793218.9619542402,999999.9999999999
2025-02-04T07:30:00.000+0000,793218.9619542402,793218.9619542402,999999.9999999999
2025-02-04T07:40:00.000+0000,793218.9619542402,793218.9619542402,999999.9999999999
2025-02-04T07:50:00.000+0000,793218.9619542402,793218.9619542402,999999.9999999999
2025-02-04T08:00:00.000+0000,793218.9619542402,793218.9619542402,999999.9999999999
2025-02-04T08:10:00.000+0000,793218.9619542402,793218.9619542402,999999.9999999999
2025-02-04T08:20:00.000+0000,793218.9619542402,793218.9619542402,999999.9999999999
2025-02-04T08:30:00.000+0000,793218.9619542402,793218.9619542402,999999.9999999999
2025-02-04T08:40:00.000+0000,793218.9619542402,793218.9619542402,999999.9999999999
2025-02-04T08:50:00.000+0000,793218.9619542402,793218.9619542402,999999.9999999999
2025-02-04T09:00:00.000+0000,793218.9619542402,793218.9619542402,999999.9999999999
2025-02-04T09:10:00.000+0000,793218.9619542402,793218.9619542402,999999.9999999999
2025-02-04T09:20:00.000+0000,793218.9619542402,793218.9619542402,999999.9999999999
2025-02-04T09:30:00.000+0000,793218.9619542402,793218.9619542402,999999.9999999999
2025-02-04T09:40:00.000+0000,793218.9619542402,793218.9619542402,999999.9999999999
2025-02-04T09:50:00.000+0000,793218.9619542402,793218.9619542402,999999.9999999999
2025-02-04T10:00:00.000+0000,793218.9619542402,793218.9619542402,999999.9999999999
2025-02-04T10:10:00.000+0000,793218.9619542402,793218.9619542402,999999.9999999999
2025-02-04T10:20:00.000+0000,793218.9619542402,793218.9619542402,999999.9999999999
2025-02-04T10:30:00.000+0000,793218.9619542402,793218.9619542402,999999.9999999999
2025-02-04T10:40:00.000+0000,793218.9619542402,793218.9619542402,999999.9999999999
2025-02-04T10:50:00.000+0000,793218.9619542402,793218.9619542402,999999.9999999999
2025-02-04T11:00:00.000+0000,793218.9619542402,793218.9619542402,999999.9999999999
2025-02-04T11:10:00.000+0000,793218.9619542402,793218.9619542402,999999.9999999999
2025-02-04T11:20:00.000+0000,793218.9619542402,793218.9619542402,999999.9999999999
2025-02-04T11:30:00.000+0000,793218.9619542402,793218.9619542402,999999.9999999999
2025-02-04T11:40:00.000+0000,793218.9619542402,793218.9619542402,999999.9999999999
2025-02-04T11:50:00.000+0000,793218.9619542402,793218.9619542402,999999.9999999999
2025-02-04T12:00:00.000+0000,793218.9619542402,793218.9619542402,999999.9999999999
2025-02-04T12:10:00.000+0000,793218.9619542402,793218.9619542402,999999.9999999999
2025-02-04T12:20:00.000+0000,793218.9619542402,793218.9619542402,999999.9999999999
2025-02-04T12:30:00.000+0000,793218.9619542402,793218.9619542402,999999.9999999999
2025-02-04T12:40:00.000+0000,793218.9619542402,793218.9619542402,999999.9999999999
2025-02-04T12:50:00.000+0000,793218.9619542402,793218.9619542402,999999.9999999999
2025-02-04T13:00:00.000+0000,793218.9619542402,793218.9619542402,999999.9999999999
2025-02-04T13:10:00.000+0000,793218.9619542402,793218.9619542402,999999.9999999999
2025-02-04T13:20:00.000+0000,793218.9619542402,793218.9619542402,999999.9999999999
2025-02-04T13:30:00.000+0000,793218.9619542402,793218.9619542402,999999.9999999999
2025-02-04T13:40:00.000+0000,793218.9619542402,793218.9619542402,999999.9999999999
2025-02-04T13:50:00.000+0000,793218.9619542402,793218.9619542402,999999.9999999999
2025-02-04T14:00:00.000+0000,793218.9619542402,793218.9619542402,999999.9999999999
2025-02-04T14:10:00.000+0000,793218.9619542402,793218.9619542402,999999.9999999999
2025-02-04T14:20:00.000+0000,793218.9619542402,793218.9619542402,999999.9999999999
2025-02-04T14:30:00.000+0000,793218.9619542402,793218.9619542402,999999.9999999999
2025-02-04T14:40:00.000+0000,793218.9619542402,793218.9619542402,999999.9999999999
2025-02-04T14:50:00.000+0000,793218.9619542402,793218.9619542402,999999.9999999999
2025-02-04T15:00:00.000+0000,793218.9619542402,793218.9619542402,999999.9999999999
2025-02-04T15:10:00.000+0000,793218.9619542402,793218.9619542402,999999.9999999999
2025-02-04T15:20:00.000+0000,793218.9619542402,793218.9619542402,999999.9999999999
2025-02-04T15:30:00.000+0000,793218.9619542402,793218.9619542402,999999.9999999999
2025-02-04T15:40:00.000+0000,793218.9619542402,793218.9619542402,999999.9999999999
2025-02-04T15:50:00.000+0000,793218.9619542402,793218.9619542402,999999.9999999999
2025-02-04T16:00:00.000+0000,793218.9619542402,793218.9619542402,999999.9999999999
2025-02-04T16:10:00.000+0000,793218.9619542402,793218.9619542402,999999.9999999999
2025-02-04T16:20:00.000+0000,793218.9619542402,793218.9619542402,999999.9999999999
2025-02-04T16:30:00.000+0000,793218.9619542402,793218.9619542402,999999.9999999999
2025-02-04T16:40:00.000+0000,793218.9619542402,793218.9619542402,999999.9999999999
2025-02-04T16:50:00.000+0000,793218.9619542402,793218.9619542402,999999.9999999999
2025-02-04T17:00:00.000+0000,793218.9619542402,793218.9619542402,999999.9999999999
2025-02-04T17:10:00.000+0000,793218.9619542402,793218.9619542402,999999.9999999999
2025-02-04T17:20:00.000+0000,793218.9619542402,793218.9619542402,999999.9999999999
2025-02-04T17:30:00.000+0000,793218.9619542402,793218.9619542402,999999.9999999999
2025-02-04T17:40:00.000+0000,793218.9619542402,793218.9619542402,999999.9999999999
2025-02-04T17:50:00.000+0000,793218.9619542402,793218.9619542402,999999.9999999999
2025-02-04T18:00:00.000+0000,793218.9619542402,793218.9619542402,999999.9999999999
2025-02-04T18:10:00.000+0000,793218.9619542402,793218.9619542402,999999.9999999999
2025-02-04T18:20:00.000+0000,793218.9619542402,793218.9619542402,999999.9999999999
2025-02-04T18:30:00.000+0000,793218.9619542402,793218.9619542402,999999.9999999999
2025-02-04T18:40:00.000+0000,793218.9619542402,793218.9619542402,999999.9999999999
2025-02-04T18:50:00.000+0000,793218.9619542402,793218.9619542402,999999.9999999999
2025-02-04T19:00:00.000+0000,793218.9619542402,793218.9619542402,999999.9999999999
2025-02-04T19:10:00.000+0000,793218.9619542402,793218.9619542402,999999.9999999999
2025-02-04T19:20:00.000+0000,793218.9619542402,793218.9619542402,999999.9999999999
2025-02-04T19:30:00.000+0000,793218.9619542402,793218.9619542402,999999.9999999999
2025-02-04T19:40:00.000+0000,793218.9619542402,793218.9619542402,999999.9999999999
2025-02-04T19:50:00.000+0000,793218.9619542402,793218.9619542402,999999.9999999999
2025-02-04T20:00:00.000+0000,793218.9619542402,793218.9619542402,999999.9999999999
2025-02-04T20:10:00.000+0000,793218.9619542402,793218.9619542402,999999.9999999999
2025-02-04T20:20:00.000+0000,793218.9619542402,793218.9619542402,999999.9999999999
2025-02-04T20:30:00.000+0000,793218.9619542402,793218.9619542402,999999.9999999999
2025-02-04T20:40:00.000+0000,793218.9619542402,793218.9619542402,999999.9999999999
2025-02-04T20:50:00.000+0000,793218.9619542402,793218.9619542402,999999.9999999999
2025-02-04T21:00:00.000+0000,793218.9619542402,793218.9619542402,999999.9999999999
2025-02-04T21:10:00.000+0000,793218.9619542402,793218.9619542402,999999.9999999999
2025-02-04T21:20:00.000+0000,793218.9619542402,793218.9619542402,999999.9999999999
2025-02-04T21:30:00.000+0000,793218.9619542402,793218.9619542402,999999.9999999999
2025-02-04T21:40:00.000+0000,793218.9619542402,793218.9619542402,999999.9999999999
2025-02-04T21:50:00.000+0000,793218.9619542402,793218.9619542402,999999.9999999999
2025-02-04T22:00:00.000+0000,793218.9619542402,793218.9619542402,999999.9999999999
2025-02-04T22:10:00.000+0000,793218.9619542402,793218.9619542402,999999.9999999999
2025-02-04T22:20:00.000+0000,793218.9619542402,793218.9619542402,999999.9999999999
2025-02-04T22:30:00.000+0000,793218.9619542402,793218.9619542402,999999.9999999999
2025-02-04T22:40:00.000+0000,793218.9619542402,793218.9619542402,999999.9999999999
2025-02-04T22:50:00.000+0000,793218.9619542402,793218.9619542402,999999.9999999999
2025-02-04T23:00:00.000+0000,793218.9619542402,793218.9619542402,999999.9999999999
2025-02-04T23:10:00.000+0000,793218.9619542402,793218.9619542402,999999.9999999999
2025-02-04T23:20:00.000+0000,793218.9619542402,793218.9619542402,999999.9999999999
2025-02-04T23:30:00.000+0000,793218.9619542402,793218.9619542402,999999.9999999999
2025-02-04T23:40:00.000+0000,793218.9619542402,793218.9619542402,999999.9999999999
2025-02-04T23:50:00.000+0000,793218.9619542402,793218.9619542402,999999.9999999999
2025-02-05T00:00:00.000+0000,793218.9619542402,793218.9619542402,999999.9999999999
2025-02-05T00:10:00.000+0000,793218.9619542402,793218.9619542402,999999.9999999999
2025-02-05T00:20:00.000+0000,793218.9619542402,793218.9619542402,999999.9999999999
2025-02-05T00:30:00.000+0000,793218.9619542402,793218.9619542402,999999.9999999999
2025-02-05T00:40:00.000+0000,793218.9619542402,793218.9619542402,999999.9999999999
2025-02-05T00:50:00.000+0000,793218.9619542402,793218.9619542402,999999.9999999999
2025-02-05T01:00:00.000+0000,793218.9619542402,793218.9619542402,999999.9999999999
2025-02-05T01:10:00.000+0000,793218.9619542402,793218.9619542402,999999.9999999999
2025-02-05T01:20:00.000+0000,793218.9619542402,793218.9619542402,999999.9999999999
2025-02-05T01:30:00.000+0000,793218.9619542402,793218.9619542402,999999.9999999999
2025-02-05T01:40:00.000+0000,793218.9619542402,793218.9619542402,999999.9999999999
2025-02-05T01:50:00.000+0000,793218.9619542402,793218.9619542402,999999.9999999999
2025-02-05T02:00:00.000+0000,793218.9619542402,793218.9619542402,999999.9999999999
2025-02-05T02:10:00.000+0000,793218.9619542402,793218.9619542402,999999.9999999999
2025-02-05T02:20:00.000+0000,793218.9619542402,793218.9619542402,999999.9999999999
2025-02-05T02:30:00.000+0000,793218.9619542402,793218.9619542402,999999.9999999999
2025-02-05T02:40:00.000+0000,793218.9619542402,793218.9619542402,999999.9999999999
2025-02-05T02:50:00.000+0000,793218.9619542402,793218.9619542402,999999.9999999999
2025-02-05T03:00:00.000+0000,793218.9619542402,793218.9619542402,999999.9999999999
2025-02-05T03:10:00.000+0000,793218.9619542402,793218.9619542402,999999.9999999999
2025-02-05T03:20:00.000+0000,793218.9619542402,793218.9619542402,999999.9999999999
2025-02-05T03:30:00.000+0000,793218.9619542402,793218.9619542402,999999.9999999999
2025-02-05T03:40:00.000+0000,793218.9619542402,793218.9619542402,999999.9999999999
2025-02-05T03:50:00.000+0000,793218.9619542402,793218.9619542402,999999.9999999999
2025-02-05T04:00:00.000+0000,793218.9619542402,793218.9619542402,999999.9999999999
2025-02-05T04:10:00.000+0000,793218.9619542402,793218.9619542402,999999.9999999999
2025-02-05T04:20:00.000+0000,793218.9619542402,793218.9619542402,999999.9999999999
2025-02-05T04:30:00.000+0000,793218.9619542402,793218.9619542402,999999.9999999999
2025-02-05T04:40:00.000+0000,793218.9619542402,793218.9619542402,999999.9999999999
2025-02-05T04:50:00.000+0000,793218.9619542402,793218.9619542402,999999.9999999999
2025-02-05T05:00:00.000+0000,793218.9619542402,793218.9619542402,999999.9999999999
2025-02-05T05:10:00.000+0000,793218.9619542402,793218.9619542402,999999.9999999999
2025-02-05T05:20:00.000+0000,793218.9619542402,793218.9619542402,999999.9999999999
2025-02-05T05:30:00.000+0000,793218.9619542402,793218.9619542402,999999.9999999999
2025-02-05T05:40:00.000+0000,793218.9619542402,793218.9619542402,999999.9999999999
2025-02-05T05:50:00.000+0000,793218.9619542402,793218.9619542402,999999.9999999999
2025-02-05T06:00:00.000+0000,793218.9619542402,793218.9619542402,999999.9999999999
2025-02-05T06:10:00.000+0000,793218.9619542402,793218.9619542402,999999.9999999999
2025-02-05T06:20:00.000+0000,793218.9619542402,793218.9619542402,999999.9999999999
2025-02-05T06:30:00.000+0000,793218.9619542402,793218.9619542402,999999.9999999999
2025-02-05T06:40:00.000+0000,793218.9619542402,793218.9619542402,999999.9999999999
2025-02-05T06:50:00.000+0000,793218.9619542402,793218.9619542402,999999.9999999999
2025-02-05T07:00:00.000+0000,793218.9619542402,793218.9619542402,999999.9999999999
2025-02-05T07:10:00.000+0000,793218.9619542402,793218.9619542402,999999.9999999999
2025-02-05T07:20:00.000+0000,793218.9619542402,793218.9619542402,999999.9999999999
2025-02-05T07:30:00.000+0000,793218.9619542402,793218.9619542402,999999.9999999999
2025-02-05T07:40:00.000+0000,793218.9619542402,793218.9619542402,999999.9999999999
2025-02-05T07:50:00.000+0000,793218.9619542402,793218.9619542402,999999.9999999999
2025-02-05T08:00:00.000+0000,793218.9619542402,793218.9619542402,999999.9999999999
2025-02-05T08:10:00.000+0000,793218.9619542402,793218.9619542402,999999.9999999999
2025-02-05T08:20:00.000+0000,793218.9619542402,793218.9619542402,999999.9999999999
2025-02-05T08:30:00.000+0000,793218.9619542402,793218.9619542402,999999.9999999999
2025-02-05T08:40:00.000+0000,793218.9619542402,793218.9619542402,999999.9999999999
2025-02-05T08:50:00.000+0000,793218.9619542402,793218.9619542402,999999.9999999999
2025-02-05T09:00:00.000+0000,793218.9619542402,793218.9619542402,999999.9999999999
2025-02-05T09:10:00.000+0000,793218.9619542402,793218.9619542402,999999.9999999999
2025-02-05T09:20:00.000+0000,793218.9619542402,793218.9619542402,999999.9999999999
2025-02-05T09:30:00.000+0000,793218.9619542402,793218.9619542402,999999.9999999999
2025-02-05T09:40:00.000+0000,793218.9619542402,793218.9619542402,999999.9999999999
2025-02-05T09:50:00.000+0000,793218.9619542402,793218.9619542402,999999.9999999999
2025-02-05T10:00:00.000+0000,793218.9619542402,793218.9619542402,999999.9999999999
2025-02-05T10:10:00.000+0000,793218.9619542402,793218.9619542402,999999.9999999999
2025-02-05T10:20:00.000+0000,793218.9619542402,793218.9619542402,999999.9999999999
2025-02-05T10:30:00.000+0000,793218.9619542402,793218.9619542402,999999.9999999999
2025-02-05T10:40:00.000+0000,793218.9619542402,793218.9619542402,999999.9999999999
2025-02-05T10:50:00.000+0000,793218.9619542402,793218.9619542402,999999.9999999999
2025-02-05T11:00:00.000+0000,793218.9619542402,793218.9619542402,999999.9999999999
2025-02-05T11:10:00.000+0000,793218.9619542402,793218.9619542402,999999.9999999999
2025-02-05T11:20:00.000+0000,793218.9619542402,793218.9619542402,999999.9999999999
2025-02-05T11:30:00.000+0000,793218.9619542402,793218.9619542402,999999.9999999999
2025-02-05T11:40:00.000+0000,793218.9619542402,793218.9619542402,999999.9999999999
2025-02-05T11:50:00.000+0000,793218.9619542402,793218.9619542402,999999.9999999999
2025-02-05T12:00:00.000+0000,793218.9619542402,793218.9619542402,999999.9999999999
2025-02-05T12:10:00.000+0000,793218.9619542402,793218.9619542402,999999.9999999999
2025-02-05T12:20:00.000+0000,793218.9619542402,793218.9619542402,999999.9999999999
2025-02-05T12:30:00.000+0000,793218.9619542402,793218.9619542402,999999.9999999999
2025-02-05T12:40:00.000+0000,793218.9619542402,793218.9619542402,999999.9999999999
2025-02-05T12:50:00.000+0000,793218.9619542402,793218.9619542402,999999.9999999999
2025-02-05T13:00:00.000+0000,793218.9619542402,793218.9619542402,999999.9999999999
2025-02-05T13:10:00.000+0000,793218.9619542402,793218.9619542402,999999.9999999999
2025-02-05T13:20:00.000+0000,793218.9619542402,793218.9619542402,999999.9999999999
2025-02-05T13:30:00.000+0000,793218.9619542402,793218.9619542402,999999.9999999999
2025-02-05T13:40:00.000+0000,793218.9619542402,793218.9619542402,999999.9999999999
2025-02-05T13:50:00.000+0000,793218.9619542402,793218.9619542402,999999.9999999999
2025-02-05T14:00:00.000+0000,793218.9619542402,793218.9619542402,999999.9999999999
2025-02-05T14:10:00.000+0000,793218.9619542402,793218.9619542402,999999.9999999999
2025-02-05T14:20:00.000+0000,793218.9619542402,793218.9619542402,999999.9999999999
2025-02-05T14:30:00.000+0000,793218.9619542402,793218.9619542402,999999.9999999999
2025-02-05T14:40:00.000+0000,793218.9619542402,793218.9619542402,999999.9999999999
2025-02-05T14:50:00.000+0000,793218.9619542402,793218.9619542402,999999.9999999999
2025-02-05T15:00:00.000+0000,793218.9619542402,793218.9619542402,999999.9999999999
2025-02-05T15:10:00.000+0000,793218.9619542402,793218.9619542402,999999.9999999999
2025-02-05T15:20:00.000+0000,793218.9619542402,793218.9619542402,999999.9999999999
2025-02-05T15:30:00.000+0000,793218.9619542402,793218.9619542402,999999.9999999999
2025-02-05T15:40:00.000+0000,793218.9619542402,793218.9619542402,999999.9999999999
2025-02-05T15:50:00.000+0000,793218.9619542402,793218.9619542402,999999.9999999999
2025-02-05T16:00:00.000+0000,793218.9619542402,793218.9619542402,999999.9999999999
2025-02-05T16:10:00.000+0000,793218.9619542402,793218.9619542402,999999.9999999999
2025-02-05T16:20:00.000+0000,793218.9619542402,793218.9619542402,999999.9999999999
2025-02-05T16:30:00.000+0000,793218.9619542402,793218.9619542402,999999.9999999999
2025-02-05T16:40:00.000+0000,793218.9619542402,793218.9619542402,999999.9999999999
2025-02-05T16:50:00.000+0000,793218.9619542402,793218.9619542402,999999.9999999999
2025-02-05T17:00:00.000+0000,793218.9619542402,793218.9619542402,999999.9999999999
2025-02-05T17:10:00.000+0000,793218.9619542402,793218.9619542402,999999.9999999999
2025-02-05T17:20:00.000+0000,793218.9619542402,793218.9619542402,999999.9999999999
2025-02-05T17:30:00.000+0000,793218.9619542402,793218.9619542402,999999.9999999999
2025-02-05T17:40:00.000+0000,793218.9619542402,793218.9619542402,999999.9999999999
2025-02-05T17:50:00.000+0000,793218.9619542402,793218.9619542402,999999.9999999999
2025-02-05T18:00:00.000+0000,793218.9619542402,793218.9619542402,999999.9999999999
2025-02-05T18:10:00.000+0000,793218.9619542402,793218.9619542402,999999.9999999999
2025-02-05T18:20:00.000+0000,793218.9619542402,793218.9619542402,999999.9999999999
2025-02-05T18:30:00.000+0000,793218.9619542402,793218.9619542402,999999.9999999999
2025-02-05T18:40:00.000+0000,793218.9619542402,793218.9619542402,999999.9999999999
2025-02-05T18:50:00.000+0000,793218.9619542402,793218.9619542402,999999.9999999999
2025-02-05T19:00:00.000+0000,793218.9619542402,793218.9619542402,999999.9999999999
2025-02-05T19:10:00.000+0000,793218.9619542402,793218.9619542402,999999.9999999999
2025-02-05T19:20:00.000+0000,793218.9619542402,793218.9619542402,999999.9999999999
2025-02-05T19:30:00.000+0000,793218.9619542402,793218.9619542402,999999.9999999999
2025-02-05T19:40:00.000+0000,793218.9619542402,793218.9619542402,999999.9999999999
2025-02-05T19:50:00.000+0000,793218.9619542402,793218.9619542402,999999.9999999999
2025-02-05T20:00:00.000+0000,793218.9619542402,793218.9619542402,999999.9999999999
2025-02-05T20:10:00.000+0000,793218.9619542402,793218.9619542402,999999.9999999999
2025-02-05T20:20:00.000+0000,793218.9619542402,793218.9619542402,999999.9999999999
2025-02-05T20:30:00.000+0000,793218.9619542402,793218.9619542402,999999.9999999999
2025-02-05T20:40:00.000+0000,793218.9619542402,793218.9619542402,999999.9999999999
2025-02-05T20:50:00.000+0000,793218.9619542402,793218.9619542402,999999.9999999999
2025-02-05T21:00:00.000+0000,793218.9619542402,793218.9619542402,999999.9999999999
2025-02-05T21:10:00.000+0000,793218.9619542402,793218.9619542402,999999.9999999999
2025-02-05T21:20:00.000+0000,793218.9619542402,793218.9619542402,999999.9999999999
2025-02-05T21:30:00.000+0000,793218.9619542402,793218.9619542402,999999.9999999999
2025-02-05T21:40:00.000+0000,793218.9619542402,793218.9619542402,999999.9999999999
2025-02-05T21:50:00.000+0000,793218.9619542402,793218.9619542402,999999.9999999999
2025-02-05T22:00:00.000+0000,793218.9619542402,793218.9619542402,999999.9999999999
2025-02-05T22:10:00.000+0000,793218.9619542402,793218.9619542402,999999.9999999999
2025-02-05T22:20:00.000+0000,793218.9619542402,793218.9619542402,999999.9999999999
2025-02-05T22:30:00.000+0000,793218.9619542402,793218.9619542402,999999.9999999999
2025-02-05T22:40:00.000+0000,793218.9619542402,793218.9619542402,999999.9999999999
2025-02-05T22:50:00.000+0000,793218.9619542402,793218.9619542402,999999.9999999999
2025-02-05T23:00:00.000+0000,793218.9619542402,793218.9619542402,999999.9999999999
2025-02-05T23:10:00.000+0000,793218.9619542402,793218.9619542402,999999.9999999999
2025-02-05T23:20:00.000+0000,793218.9619542402,793218.9619542402,999999.9999999999
2025-02-05T23:30:00.000+0000,793218.9619542402,793218.9619542402,999999.9999999999
2025-02-05T23:40:00.000+0000,793218.9619542402,793218.9619542402,999999.9999999999
2025-02-05T23:50:00.000+0000,793218.9619542402,793218.9619542402,999999.9999999999
2025-02-06T00:00:00.000+0000,793218.9619542402,793218.9619542402,999999.9999999999
2025-02-06T00:10:00.000+0000,793218.9619542402,793218.9619542402,999999.9999999999
2025-02-06T00:20:00.000+0000,793218.9619542402,793218.9619542402,999999.9999999999
2025-02-06T00:30:00.000+0000,793218.9619542402,793218.9619542402,999999.9999999999
2025-02-06T00:40:00.000+0000,793218.9619542402,793218.9619542402,999999.9999999999
2025-02-06T00:50:00.000+0000,793218.9619542402,793218.9619542402,999999.9999999999
2025-02-06T01:00:00.000+0000,793218.9619542402,793218.9619542402,999999.9999999999
2025-02-06T01:10:00.000+0000,793218.9619542402,793218.9619542402,999999.9999999999
2025-02-06T01:20:00.000+0000,793218.9619542402,793218.9619542402,999999.9999999999
2025-02-06T01:30:00.000+0000,793218.9619542402,793218.9619542402,999999.9999999999
2025-02-06T01:40:00.000+0000,793218.9619542402,793218.9619542402,999999.9999999999
2025-02-06T01:50:00.000+0000,793218.9619542402,793218.9619542402,999999.9999999999
2025-02-06T02:00:00.000+0000,793218.9619542402,793218.9619542402,999999.9999999999
2025-02-06T02:10:00.000+0000,793218.9619542402,793218.9619542402,999999.9999999999
2025-02-06T02:20:00.000+0000,793218.9619542402,793218.9619542402,999999.9999999999
2025-02-06T02:30:00.000+0000,793218.9619542402,793218.9619542402,999999.9999999999
2025-02-06T02:40:00.000+0000,793218.9619542402,793218.9619542402,999999.9999999999
2025-02-06T02:50:00.000+0000,793218.9619542402,793218.9619542402,999999.9999999999
2025-02-06T03:00:00.000+0000,793218.9619542402,793218.9619542402,999999.9999999999
2025-02-06T03:10:00.000+0000,793218.9619542402,793218.9619542402,999999.9999999999
2025-02-06T03:20:00.000+0000,793218.9619542402,793218.9619542402,999999.9999999999
2025-02-06T03:30:00.000+0000,793218.9619542402,793218.9619542402,999999.9999999999
2025-02-06T03:40:00.000+0000,793218.9619542402,793218.9619542402,999999.9999999999
2025-02-06T03:50:00.000+0000,793218.9619542402,793218.9619542402,999999.9999999999
2025-02-06T04:00:00.000+0000,793218.9619542402,793218.9619542402,999999.9999999999
2025-02-06T04:10:00.000+0000,793218.9619542402,793218.9619542402,999999.9999999999
2025-02-06T04:20:00.000+0000,793218.9619542402,793218.9619542402,999999.9999999999
2025-02-06T04:30:00.000+0000,793218.9619542402,793218.9619542402,999999.9999999999
2025-02-06T04:40:00.000+0000,793218.9619542402,793218.9619542402,999999.9999999999
2025-02-06T04:50:00.000+0000,793218.9619542402,793218.9619542402,999999.9999999999
2025-02-06T05:00:00.000+0000,793218.9619542402,793218.9619542402,999999.9999999999
2025-02-06T05:10:00.000+0000,793218.9619542402,793218.9619542402,999999.9999999999
2025-02-06T05:20:00.000+0000,793218.9619542402,793218.9619542402,999999.9999999999
2025-02-06T05:30:00.000+0000,793218.9619542402,793218.9619542402,999999.9999999999
2025-02-06T05:40:00.000+0000,793218.9619542402,793218.9619542402,999999.9999999999
2025-02-06T05:50:00.000+0000,793218.9619542402,793218.9619542402,999999.9999999999
2025-02-06T06:00:00.000+0000,793218.9619542402,793218.9619542402,999999.9999999999
2025-02-06T06:10:00.000+0000,793218.9619542402,793218.9619542402,999999.9999999999
2025-02-06T06:20:00.000+0000,793218.9619542402,793218.9619542402,999999.9999999999
2025-02-06T06:30:00.000+0000,793218.9619542402,793218.9619542402,999999.9999999999
2025-02-06T06:40:00.000+0000,793218.9619542402,793218.9619542402,999999.9999999999
2025-02-06T06:50:00.000+0000,793218.9619542402,793218.9619542402,999999.9999999999
2025-02-06T07:00:00.000+0000,793218.9619542402,793218.9619542402,999999.9999999999
2025-02-06T07:10:00.000+0000,793218.9619542402,793218.9619542402,999999.9999999999
2025-02-06T07:20:00.000+0000,793218.9619542402,793218.9619542402,999999.9999999999
2025-02-06T07:30:00.000+0000,793218.9619542402,793218.9619542402,999999.9999999999
2025-02-06T07:40:00.000+0000,793218.9619542402,793218.9619542402,999999.9999999999
2025-02-06T07:50:00.000+0000,793218.9619542402,793218.9619542402,999999.9999999999
2025-02-06T08:00:00.000+0000,793218.9619542402,793218.9619542402,999999.9999999999
2025-02-06T08:10:00.000+0000,793218.9619542402,793218.9619542402,999999.9999999999
2025-02-06T08:20:00.000+0000,793218.9619542402,793218.9619542402,999999.9999999999
2025-02-06T08:30:00.000+0000,793218.9619542402,793218.9619542402,999999.9999999999
2025-02-06T08:40:00.000+0000,793218.9619542402,793218.9619542402,999999.9999999999
2025-02-06T08:50:00.000+0000,793218.9619542402,793218.9619542402,999999.9999999999
2025-02-06T09:00:00.000+0000,793218.9619542402,793218.9619542402,999999.9999999999
2025-02-06T09:10:00.000+0000,793218.9619542402,793218.9619542402,999999.9999999999
2025-02-06T09:20:00.000+0000,793218.9619542402,793218.9619542402,999999.9999999999
2025-02-06T09:30:00.000+0000,793218.9619542402,793218.9619542402,999999.9999999999
2025-02-06T09:40:00.000+0000,793218.9619542402,793218.9619542402,999999.9999999999
2025-02-06T09:50:00.000+0000,793218.9619542402,793218.9619542402,999999.9999999999
2025-02-06T10:00:00.000+0000,793218.9619542402,793218.9619542402,999999.9999999999
2025-02-06T10:10:00.000+0000,793218.9619542402,793218.9619542402,999999.9999999999
2025-02-06T10:20:00.000+0000,793218.9619542402,793218.9619542402,999999.9999999999
2025-02-06T10:30:00.000+0000,793218.9619542402,793218.9619542402,999999.9999999999
2025-02-06T10:40:00.000+0000,793218.9619542402,793218.9619542402,999999.9999999999
2025-02-06T10:50:00.000+0000,793218.9619542402,793218.9619542402,999999.9999999999
2025-02-06T11:00:00.000+0000,793218.9619542402,793218.9619542402,999999.9999999999
2025-02-06T11:10:00.000+0000,793218.9619542402,793218.9619542402,999999.9999999999
2025-02-06T11:20:00.000+0000,793218.9619542402,793218.9619542402,999999.9999999999
2025-02-06T11:30:00.000+0000,793218.9619542402,793218.9619542402,999999.9999999999
2025-02-06T11:40:00.000+0000,793218.9619542402,793218.9619542402,999999.9999999999
2025-02-06T11:50:00.000+0000,793218.9619542402,793218.9619542402,999999.9999999999
2025-02-06T12:00:00.000+0000,793218.9619542402,793218.9619542402,999999.9999999999
2025-02-06T12:10:00.000+0000,793218.9619542402,793218.9619542402,999999.9999999999
2025-02-06T12:20:00.000+0000,793218.9619542402,793218.9619542402,999999.9999999999
2025-02-06T12:30:00.000+0000,793218.9619542402,793218.9619542402,999999.9999999999
2025-02-06T12:40:00.000+0000,793218.9619542402,793218.9619542402,999999.9999999999
2025-02-06T12:50:00.000+0000,793218.9619542402,793218.9619542402,999999.9999999999
2025-02-06T13:00:00.000+0000,793218.9619542402,793218.9619542402,999999.9999999999
2025-02-06T13:10:00.000+0000,793218.9619542402,793218.9619542402,999999.9999999999
2025-02-06T13:20:00.000+0000,793218.9619542402,793218.9619542402,999999.9999999999
2025-02-06T13:30:00.000+0000,793218.9619542402,793218.9619542402,999999.9999999999
2025-02-06T13:40:00.000+0000,793218.9619542402,793218.9619542402,999999.9999999999
2025-02-06T13:50:00.000+0000,793218.9619542402,793218.9619542402,999999.9999999999
2025-02-06T14:00:00.000+0000,793218.9619542402,793218.9619542402,999999.9999999999
2025-02-06T14:10:00.000+0000,793218.9619542402,793218.9619542402,999999.9999999999
2025-02-06T14:20:00.000+0000,793218.9619542402,793218.9619542402,999999.9999999999
2025-02-06T14:30:00.000+0000,793218.9619542402,793218.9619542402,999999.9999999999
2025-02-06T14:40:00.000+0000,793218.9619542402,793218.9619542402,999999.9999999999
2025-02-06T14:50:00.000+0000,793218.9619542402,793218.9619542402,999999.9999999999
2025-02-06T15:00:00.000+0000,793218.9619542402,793218.9619542402,999999.9999999999
2025-02-06T15:10:00.000+0000,793218.9619542402,793218.9619542402,999999.9999999999
2025-02-06T15:20:00.000+0000,793218.9619542402,793218.9619542402,999999.9999999999
2025-02-06T15:30:00.000+0000,793218.9619542402,793218.9619542402,999999.9999999999
2025-02-06T15:40:00.000+0000,793218.9619542402,793218.9619542402,999999.9999999999
2025-02-06T15:50:00.000+0000,793218.9619542402,793218.9619542402,999999.9999999999
2025-02-06T16:00:00.000+0000,793218.9619542402,793218.9619542402,999999.9999999999
2025-02-06T16:10:00.000+0000,793218.9619542402,793218.9619542402,999999.9999999999
2025-02-06T16:20:00.000+0000,793218.9619542402,793218.9619542402,999999.9999999999
2025-02-06T16:30:00.000+0000,793218.9619542402,793218.9619542402,999999.9999999999
2025-02-06T16:40:00.000+0000,793218.9619542402,793218.9619542402,999999.9999999999
2025-02-06T16:50:00.000+0000,793218.9619542402,793218.9619542402,999999.9999999999
2025-02-06T17:00:00.000+0000,793218.9619542402,793218.9619542402,999999.9999999999
2025-02-06T17:10:00.000+0000,793218.9619542402,793218.9619542402,999999.9999999999
2025-02-06T17:20:00.000+0000,793218.9619542402,793218.9619542402,999999.9999999999
2025-02-06T17:30:00.000+0000,793218.9619542402,793218.9619542402,999999.9999999999
2025-02-06T17:40:00.000+0000,793218.9619542402,793218.9619542402,999999.9999999999
2025-02-06T17:50:00.000+0000,793218.9619542402,793218.9619542402,999999.9999999999
2025-02-06T18:00:00.000+0000,793218.9619542402,793218.9619542402,999999.9999999999
2025-02-06T18:10:00.000+0000,793218.9619542402,793218.9619542402,999999.9999999999
2025-02-06T18:20:00.000+0000,793218.9619542402,793218.9619542402,999999.9999999999
2025-02-06T18:30:00.000+0000,793218.9619542402,793218.9619542402,999999.9999999999
2025-02-06T18:40:00.000+0000,793218.9619542402,793218.9619542402,999999.9999999999
2025-02-06T18:50:00.000+0000,793218.9619542402,793218.9619542402,999999.9999999999
2025-02-06T19:00:00.000+0000,793218.9619542402,793218.9619542402,999999.9999999999
2025-02-06T19:10:00.000+0000,793218.9619542402,793218.9619542402,999999.9999999999
2025-02-06T19:20:00.000+0000,793218.9619542402,793218.9619542402,999999.9999999999
2025-02-06T19:30:00.000+0000,793218.9619542402,793218.9619542402,999999.9999999999
2025-02-06T19:40:00.000+0000,793218.9619542402,793218.9619542402,999999.9999999999
2025-02-06T19:50:00.000+0000,793218.9619542402,793218.9619542402,999999.9999999999
2025-02-06T20:00:00.000+0000,793218.9619542402,793218.9619542402,999999.9999999999
2025-02-06T20:10:00.000+0000,793218.9619542402,793218.9619542402,999999.9999999999
2025-02-06T20:20:00.000+0000,793218.9619542402,793218.9619542402,999999.9999999999
2025-02-06T20:30:00.000+0000,793218.9619542402,793218.9619542402,999999.9999999999
2025-02-06T20:40:00.000+0000,793218.9619542402,793218.9619542402,999999.9999999999
2025-02-06T20:50:00.000+0000,793218.9619542402,793218.9619542402,999999.9999999999
2025-02-06T21:00:00.000+0000,793218.9619542402,793218.9619542402,999999.9999999999
2025-02-06T21:10:00.000+0000,793218.9619542402,793218.9619542402,999999.9999999999
2025-02-06T21:20:00.000+0000,793218.9619542402,793218.9619542402,999999.9999999999
2025-02-06T21:30:00.000+0000,793218.9619542402,793218.9619542402,999999.9999999999
2025-02-06T21:40:00.000+0000,793218.9619542402,793218.9619542402,999999.9999999999
2025-02-06T21:50:00.000+0000,793218.9619542402,793218.9619542402,999999.9999999999
2025-02-06T22:00:00.000+0000,793218.9619542402,793218.9619542402,999999.9999999999
2025-02-06T22:10:00.000+0000,793218.9619542402,793218.9619542402,999999.9999999999
2025-02-06T22:20:00.000+0000,793218.9619542402,793218.9619542402,999999.9999999999
2025-02-06T22:30:00.000+0000,793218.9619542402,793218.9619542402,999999.9999999999
2025-02-06T22:40:00.000+0000,793218.9619542402,793218.9619542402,999999.9999999999
2025-02-06T22:50:00.000+0000,793218.9619542402,793218.9619542402,999999.9999999999
2025-02-06T23:00:00.000+0000,793218.9619542402,793218.9619542402,999999.9999999999
2025-02-06T23:10:00.000+0000,793218.9619542402,793218.9619542402,999999.9999999999
2025-02-06T23:20:00.000+0000,793218.9619542402,793218.9619542402,999999.9999999999
2025-02-06T23:30:00.000+0000,793218.9619542402,793218.9619542402,999999.9999999999
2025-02-06T23:40:00.000+0000,793218.9619542402,793218.9619542402,999999.9999999999
2025-02-06T23:50:00.000+0000,793218.9619542402,793218.9619542402,999999.9999999999
2025-02-07T00:00:00.000+0000,793218.9619542402,793218.9619542402,999999.9999999999
2025-02-07T00:10:00.000+0000,793218.9619542402,793218.9619542402,999999.9999999999
2025-02-07T00:20:00.000+0000,793218.9619542402,793218.9619542402,999999.9999999999
2025-02-07T00:30:00.000+0000,793218.9619542402,793218.9619542402,999999.9999999999
2025-02-07T00:40:00.000+0000,793218.9619542402,793218.9619542402,999999.9999999999
2025-02-07T00:50:00.000+0000,793218.9619542402,793218.9619542402,999999.9999999999
2025-02-07T01:00:00.000+0000,793218.9619542402,793218.9619542402,999999.9999999999
2025-02-07T01:10:00.000+0000,793218.9619542402,793218.9619542402,999999.9999999999
2025-02-07T01:20:00.000+0000,793218.9619542402,793218.9619542402,999999.9999999999
2025-02-07T01:30:00.000+0000,793218.9619542402,793218.9619542402,999999.9999999999
2025-02-07T01:40:00.000+0000,793218.9619542402,793218.9619542402,999999.9999999999
2025-02-07T01:50:00.000+0000,793218.9619542402,793218.9619542402,999999.9999999999
2025-02-07T02:00:00.000+0000,793218.9619542402,793218.9619542402,999999.9999999999
2025-02-07T02:10:00.000+0000,793218.9619542402,793218.9619542402,999999.9999999999
2025-02-07T02:20:00.000+0000,793218.9619542402,793218.9619542402,999999.9999999999
2025-02-07T02:30:00.000+0000,793218.9619542402,793218.9619542402,999999.9999999999
2025-02-07T02:40:00.000+0000,793218.9619542402,793218.9619542402,999999.9999999999
2025-02-07T02:50:00.000+0000,793218.9619542402,793218.9619542402,999999.9999999999
2025-02-07T03:00:00.000+0000,793218.9619542402,793218.9619542402,999999.9999999999
2025-02-07T03:10:00.000+0000,793218.9619542402,793218.9619542402,999999.9999999999
2025-02-07T03:20:00.000+0000,793218.9619542402,793218.9619542402,999999.9999999999
2025-02-07T03:30:00.000+0000,793218.9619542402,793218.9619542402,999999.9999999999
2025-02-07T03:40:00.000+0000,793218.9619542402,793218.9619542402,999999.9999999999
2025-02-07T03:50:00.000+0000,793218.9619542402,793218.9619542402,999999.9999999999
2025-02-07T04:00:00.000+0000,793218.9619542402,793218.9619542402,999999.9999999999
2025-02-07T04:10:00.000+0000,793218.9619542402,793218.9619542402,999999.9999999999
2025-02-07T04:20:00.000+0000,793218.9619542402,793218.9619542402,999999.9999999999
2025-02-07T04:30:00.000+0000,793218.9619542402,793218.9619542402,999999.9999999999
2025-02-07T04:40:00.000+0000,793218.9619542402,793218.9619542402,999999.9999999999
2025-02-07T04:50:00.000+0000,793218.9619542402,793218.9619542402,999999.9999999999
2025-02-07T05:00:00.000+0000,793218.9619542402,793218.9619542402,999999.9999999999
2025-02-07T05:10:00.000+0000,793218.9619542402,793218.9619542402,999999.9999999999
2025-02-07T05:20:00.000+0000,793218.9619542402,793218.9619542402,999999.9999999999
2025-02-07T05:30:00.000+0000,793218.9619542402,793218.9619542402,999999.9999999999
2025-02-07T05:40:00.000+0000,793218.9619542402,793218.9619542402,999999.9999999999
2025-02-07T05:50:00.000+0000,793218.9619542402,793218.9619542402,999999.9999999999
2025-02-07T06:00:00.000+0000,793218.9619542402,793218.9619542402,999999.9999999999
2025-02-07T06:10:00.000+0000,793218.9619542402,793218.9619542402,999999.9999999999
2025-02-07T06:20:00.000+0000,793218.9619542402,793218.9619542402,999999.9999999999
2025-02-07T06:30:00.000+0000,793218.9619542402,793218.9619542402,999999.9999999999
2025-02-07T06:40:00.000+0000,793218.9619542402,793218.9619542402,999999.9999999999
2025-02-07T06:50:00.000+0000,793218.9619542402,793218.9619542402,999999.9999999999
2025-02-07T07:00:00.000+0000,793218.9619542402,793218.9619542402,999999.9999999999
2025-02-07T07:10:00.000+0000,793218.9619542402,793218.9619542402,999999.9999999999
2025-02-07T07:20:00.000+0000,793218.9619542402,793218.9619542402,999999.9999999999
2025-02-07T07:30:00.000+0000,793218.9619542402,793218.9619542402,999999.9999999999
2025-02-07T07:40:00.000+0000,793218.9619542402,793218.9619542402,999999.9999999999
2025-02-07T07:50:00.000+0000,793218.9619542402,793218.9619542402,999999.9999999999
2025-02-07T08:00:00.000+0000,793218.9619542402,793218.9619542402,999999.9999999999
2025-02-07T08:10:00.000+0000,793218.9619542402,793218.9619542402,999999.9999999999
2025-02-07T08:20:00.000+0000,793218.9619542402,793218.9619542402,999999.9999999999
2025-02-07T08:30:00.000+0000,793218.9619542402,793218.9619542402,999999.9999999999
2025-02-07T08:40:00.000+0000,793218.9619542402,793218.9619542402,999999.9999999999
2025-02-07T08:50:00.000+0000,793218.9619542402,793218.9619542402,999999.9999999999
2025-02-07T09:00:00.000+0000,793218.9619542402,793218.9619542402,999999.9999999999
2025-02-07T09:10:00.000+0000,793218.9619542402,793218.9619542402,999999.9999999999
2025-02-07T09:20:00.000+0000,793218.9619542402,793218.9619542402,999999.9999999999
2025-02-07T09:30:00.000+0000,793218.9619542402,793218.9619542402,999999.9999999999
2025-02-07T09:40:00.000+0000,793218.9619542402,793218.9619542402,999999.9999999999
2025-02-07T09:50:00.000+0000,793218.9619542402,793218.9619542402,999999.9999999999
2025-02-07T10:00:00.000+0000,793218.9619542402,793218.9619542402,999999.9999999999
2025-02-07T10:10:00.000+0000,793218.9619542402,793218.9619542402,999999.9999999999
2025-02-07T10:20:00.000+0000,793218.9619542402,793218.9619542402,999999.9999999999
2025-02-07T10:30:00.000+0000,793218.9619542402,793218.9619542402,999999.9999999999
2025-02-07T10:40:00.000+0000,793218.9619542402,793218.9619542402,999999.9999999999
2025-02-07T10:50:00.000+0000,793218.9619542402,793218.9619542402,999999.9999999999
2025-02-07T11:00:00.000+0000,793218.9619542402,793218.9619542402,999999.9999999999
2025-02-07T11:10:00.000+0000,793218.9619542402,793218.9619542402,999999.9999999999
2025-02-07T11:20:00.000+0000,793218.9619542402,793218.9619542402,999999.9999999999
2025-02-07T11:30:00.000+0000,793218.9619542402,793218.9619542402,999999.9999999999
2025-02-07T11:40:00.000+0000,793218.9619542402,793218.9619542402,999999.9999999999
2025-02-07T11:50:00.000+0000,793218.9619542402,793218.9619542402,999999.9999999999
2025-02-07T12:00:00.000+0000,793218.9619542402,793218.9619542402,999999.9999999999
2025-02-07T12:10:00.000+0000,793218.9619542402,793218.9619542402,999999.9999999999
2025-02-07T12:20:00.000+0000,793218.9619542402,793218.9619542402,999999.9999999999
2025-02-07T12:30:00.000+0000,793218.9619542402,793218.9619542402,999999.9999999999
2025-02-07T12:40:00.000+0000,793218.9619542402,793218.9619542402,999999.9999999999
2025-02-07T12:50:00.000+0000,793218.9619542402,793218.9619542402,999999.9999999999
2025-02-07T13:00:00.000+0000,793218.9619542402,793218.9619542402,999999.9999999999
2025-02-07T13:10:00.000+0000,793218.9619542402,793218.9619542402,999999.9999999999
2025-02-07T13:20:00.000+0000,793218.9619542402,793218.9619542402,999999.9999999999
2025-02-07T13:30:00.000+0000,793218.9619542402,793218.9619542402,999999.9999999999
2025-02-07T13:40:00.000+0000,793218.9619542402,793218.9619542402,999999.9999999999
2025-02-07T13:50:00.000+0000,793218.9619542402,793218.9619542402,999999.9999999999
2025-02-07T14:00:00.000+0000,793218.9619542402,793218.9619542402,999999.9999999999
2025-02-07T14:10:00.000+0000,793218.9619542402,793218.9619542402,999999.9999999999
2025-02-07T14:20:00.000+0000,793218.9619542402,793218.9619542402,999999.9999999999
2025-02-07T14:30:00.000+0000,793218.9619542402,793218.9619542402,999999.9999999999
2025-02-07T14:40:00.000+0000,793218.9619542402,793218.9619542402,999999.9999999999
2025-02-07T14:50:00.000+0000,793218.9619542402,793218.9619542402,999999.9999999999
2025-02-07T15:00:00.000+0000,793218.9619542402,793218.9619542402,999999.9999999999
2025-02-07T15:10:00.000+0000,793218.9619542402,793218.9619542402,999999.9999999999
2025-02-07T15:20:00.000+0000,793218.9619542402,793218.9619542402,999999.9999999999
2025-02-07T15:30:00.000+0000,793218.9619542402,793218.9619542402,999999.9999999999
2025-02-07T15:40:00.000+0000,793218.9619542402,793218.9619542402,999999.9999999999
2025-02-07T15:50:00.000+0000,793218.9619542402,793218.9619542402,999999.9999999999
2025-02-07T16:00:00.000+0000,793218.9619542402,793218.9619542402,999999.9999999999
2025-02-07T16:10:00.000+0000,793218.9619542402,793218.9619542402,999999.9999999999
2025-02-07T16:20:00.000+0000,793218.9619542402,793218.9619542402,999999.9999999999
2025-02-07T16:30:00.000+0000,793218.9619542402,793218.9619542402,999999.9999999999
2025-02-07T16:40:00.000+0000,793218.9619542402,793218.9619542402,999999.9999999999
2025-02-07T16:50:00.000+0000,793218.9619542402,793218.9619542402,999999.9999999999
2025-02-07T17:00:00.000+0000,793218.9619542402,793218.9619542402,999999.9999999999
2025-02-07T17:10:00.000+0000,793218.9619542402,793218.9619542402,999999.9999999999
2025-02-07T17:20:00.000+0000,793218.9619542402,793218.9619542402,999999.9999999999
2025-02-07T17:30:00.000+0000,793218.9619542402,793218.9619542402,999999.9999999999
2025-02-07T17:40:00.000+0000,793218.9619542402,793218.9619542402,999999.9999999999
2025-02-07T17:50:00.000+0000,793218.9619542402,793218.9619542402,999999.9999999999
2025-02-07T18:00:00.000+0000,793218.9619542402,793218.9619542402,999999.9999999999
2025-02-07T18:10:00.000+0000,793218.9619542402,793218.9619542402,999999.9999999999
2025-02-07T18:20:00.000+0000,793218.9619542402,793218.9619542402,999999.9999999999
2025-02-07T18:30:00.000+0000,793218.9619542402,793218.9619542402,999999.9999999999
2025-02-07T18:40:00.000+0000,793218.9619542402,793218.9619542402,999999.9999999999
2025-02-07T18:50:00.000+0000,793218.9619542402,793218.9619542402,999999.9999999999
2025-02-07T19:00:00.000+0000,793218.9619542402,793218.9619542402,999999.9999999999
2025-02-07T19:10:00.000+0000,793218.9619542402,793218.9619542402,999999.9999999999
2025-02-07T19:20:00.000+0000,793218.9619542402,793218.9619542402,999999.9999999999
2025-02-07T19:30:00.000+0000,793218.9619542402,793218.9619542402,999999.9999999999
2025-02-07T19:40:00.000+0000,793218.9619542402,793218.9619542402,999999.9999999999
2025-02-07T19:50:00.000+0000,793218.9619542402,793218.9619542402,999999.9999999999
2025-02-07T20:00:00.000+0000,793218.9619542402,793218.9619542402,999999.9999999999
2025-02-07T20:10:00.000+0000,793218.9619542402,793218.9619542402,999999.9999999999
2025-02-07T20:20:00.000+0000,793218.9619542402,793218.9619542402,999999.9999999999
2025-02-07T20:30:00.000+0000,793218.9619542402,793218.9619542402,999999.9999999999
2025-02-07T20:40:00.000+0000,793218.9619542402,793218.9619542402,999999.9999999999
2025-02-07T20:50:00.000+0000,793218.9619542402,793218.9619542402,999999.9999999999
2025-02-07T21:00:00.000+0000,793218.9619542402,793218.9619542402,999999.9999999999
2025-02-07T21:10:00.000+0000,793218.9619542402,793218.9619542402,999999.9999999999
2025-02-07T21:20:00.000+0000,793218.9619542402,793218.9619542402,999999.9999999999
2025-02-07T21:30:00.000+0000,793218.9619542402,793218.9619542402,999999.9999999999
2025-02-07T21:40:00.000+0000,793218.9619542402,793218.9619542402,999999.9999999999
2025-02-07T21:50:00.000+0000,793218.9619542402,793218.9619542402,999999.9999999999
2025-02-07T22:00:00.000+0000,793218.9619542402,793218.9619542402,999999.9999999999
2025-02-07T22:10:00.000+0000,793218.9619542402,793218.9619542402,999999.9999999999
2025-02-07T22:20:00.000+0000,793218.9619542402,793218.9619542402,999999.9999999999
2025-02-07T22:30:00.000+0000,793218.9619542402,793218.9619542402,999999.9999999999
2025-02-07T22:40:00.000+0000,793218.9619542402,793218.9619542402,999999.9999999999
2025-02-07T22:50:00.000+0000,793218.9619542402,793218.9619542402,999999.9999999999
2025-02-07T23:00:00.000+0000,793218.9619542402,793218.9619542402,999999.9999999999
2025-02-07T23:10:00.000+0000,793218.9619542402,793218.9619542402,999999.9999999999
2025-02-07T23:20:00.000+0000,793218.9619542402,793218.9619542402,999999.9999999999
2025-02-07T23:30:00.000+0000,793218.9619542402,793218.9619542402,999999.9999999999
2025-02-07T23:40:00.000+0000,793218.9619542402,793218.9619542402,999999.9999999999
2025-02-07T23:50:00.000+0000,793218.9619542402,793218.9619542402,999999.9999999999
2025-02-08T00:00:00.000+0000,793218.9619542402,793218.9619542402,999999.9999999999
2025-02-08T00:10:00.000+0000,793218.9619542402,793218.9619542402,999999.9999999999
2025-02-08T00:20:00.000+0000,793218.9619542402,793218.9619542402,999999.9999999999
2025-02-08T00:30:00.000+0000,793218.9619542402,793218.9619542402,999999.9999999999
2025-02-08T00:40:00.000+0000,793218.9619542402,793218.9619542402,999999.9999999999
2025-02-08T00:50:00.000+0000,793218.9619542402,793218.9619542402,999999.9999999999
2025-02-08T01:00:00.000+0000,793218.9619542402,793218.9619542402,999999.9999999999
2025-02-08T01:10:00.000+0000,793218.9619542402,793218.9619542402,999999.9999999999
2025-02-08T01:20:00.000+0000,793218.9619542402,793218.9619542402,999999.9999999999
2025-02-08T01:30:00.000+0000,793218.9619542402,793218.9619542402,999999.9999999999
2025-02-08T01:40:00.000+0000,793218.9619542402,793218.9619542402,999999.9999999999
2025-02-08T01:50:00.000+0000,793218.9619542402,793218.9619542402,999999.9999999999
2025-02-08T02:00:00.000+0000,793218.9619542402,793218.9619542402,999999.9999999999
2025-02-08T02:10:00.000+0000,793218.9619542402,793218.9619542402,999999.9999999999
2025-02-08T02:20:00.000+0000,793218.9619542402,793218.9619542402,999999.9999999999
2025-02-08T02:30:00.000+0000,793218.9619542402,793218.9619542402,999999.9999999999
2025-02-08T02:40:00.000+0000,793218.9619542402,793218.9619542402,999999.9999999999
2025-02-08T02:50:00.000+0000,793218.9619542402,793218.9619542402,999999.9999999999
2025-02-08T03:00:00.000+0000,793218.9619542402,793218.9619542402,999999.9999999999
2025-02-08T03:10:00.000+0000,793218.9619542402,793218.9619542402,999999.9999999999
2025-02-08T03:20:00.000+0000,793218.9619542402,793218.9619542402,999999.9999999999
2025-02-08T03:30:00.000+0000,793218.9619542402,793218.9619542402,999999.9999999999
2025-02-08T03:40:00.000+0000,793218.9619542402,793218.9619542402,999999.9999999999
2025-02-08T03:50:00.000+0000,793218.9619542402,793218.9619542402,999999.9999999999
2025-02-08T04:00:00.000+0000,793218.9619542402,793218.9619542402,999999.9999999999
2025-02-08T04:10:00.000+0000,793218.9619542402,793218.9619542402,999999.9999999999
2025-02-08T04:20:00.000+0000,793218.9619542402,793218.9619542402,999999.9999999999
2025-02-08T04:30:00.000+0000,793218.9619542402,793218.9619542402,999999.9999999999
2025-02-08T04:40:00.000+0000,793218.9619542402,793218.9619542402,999999.9999999999
2025-02-08T04:50:00.000+0000,793218.9619542402,793218.9619542402,999999.9999999999
2025-02-08T05:00:00.000+0000,793218.9619542402,793218.9619542402,999999.9999999999
2025-02-08T05:10:00.000+0000,793218.9619542402,793218.9619542402,999999.9999999999
2025-02-08T05:20:00.000+0000,793218.9619542402,793218.9619542402,999999.9999999999
2025-02-08T05:30:00.000+0000,793218.9619542402,793218.9619542402,999999.9999999999
2025-02-08T05:40:00.000+0000,793218.9619542402,793218.9619542402,999999.9999999999
2025-02-08T05:50:00.000+0000,793218.9619542402,793218.9619542402,999999.9999999999
2025-02-08T06:00:00.000+0000,793218.9619542402,793218.9619542402,999999.9999999999
2025-02-08T06:10:00.000+0000,793218.9619542402,793218.9619542402,999999.9999999999
2025-02-08T06:20:00.000+0000,793218.9619542402,793218.9619542402,999999.9999999999
2025-02-08T06:30:00.000+0000,793218.9619542402,793218.9619542402,999999.9999999999
2025-02-08T06:40:00.000+0000,793218.9619542402,793218.9619542402,999999.9999999999
2025-02-08T06:50:00.000+0000,793218.9619542402,793218.9619542402,999999.9999999999
2025-02-08T07:00:00.000+0000,793218.9619542402,793218.9619542402,999999.9999999999
2025-02-08T07:10:00.000+0000,793218.9619542402,793218.9619542402,999999.9999999999
2025-02-08T07:20:00.000+0000,793218.9619542402,793218.9619542402,999999.9999999999
2025-02-08T07:30:00.000+0000,793218.9619542402,793218.9619542402,999999.9999999999
2025-02-08T07:40:00.000+0000,793218.9619542402,793218.9619542402,999999.9999999999
2025-02-08T07:50:00.000+0000,793218.9619542402,793218.9619542402,999999.9999999999
2025-02-08T08:00:00.000+0000,793218.9619542402,793218.9619542402,999999.9999999999
2025-02-08T08:10:00.000+0000,793218.9619542402,793218.9619542402,999999.9999999999
2025-02-08T08:20:00.000+0000,793218.9619542402,793218.9619542402,999999.9999999999
2025-02-08T08:30:00.000+0000,793218.9619542402,793218.9619542402,999999.9999999999
2025-02-08T08:40:00.000+0000,793218.9619542402,793218.9619542402,999999.9999999999
2025-02-08T08:50:00.000+0000,793218.9619542402,793218.9619542402,999999.9999999999
2025-02-08T09:00:00.000+0000,793218.9619542402,793218.9619542402,999999.9999999999
2025-02-08T09:10:00.000+0000,793218.9619542402,793218.9619542402,999999.9999999999
2025-02-08T09:20:00.000+0000,793218.9619542402,793218.9619542402,999999.9999999999
2025-02-08T09:30:00.000+0000,793218.9619542402,793218.9619542402,999999.9999999999
2025-02-08T09:40:00.000+0000,793218.9619542402,793218.9619542402,999999.9999999999
2025-02-08T09:50:00.000+0000,793218.9619542402,793218.9619542402,999999.9999999999
2025-02-08T10:00:00.000+0000,793218.9619542402,793218.9619542402,999999.9999999999
2025-02-08T10:10:00.000+0000,793218.9619542402,793218.9619542402,999999.9999999999
2025-02-08T10:20:00.000+0000,793218.9619542402,793218.9619542402,999999.9999999999
2025-02-08T10:30:00.000+0000,793218.9619542402,793218.9619542402,999999.9999999999
2025-02-08T10:40:00.000+0000,793218.9619542402,793218.9619542402,999999.9999999999
2025-02-08T10:50:00.000+0000,793218.9619542402,793218.9619542402,999999.9999999999
2025-02-08T11:00:00.000+0000,793218.9619542402,793218.9619542402,999999.9999999999
2025-02-08T11:10:00.000+0000,793218.9619542402,793218.9619542402,999999.9999999999
2025-02-08T11:20:00.000+0000,793218.9619542402,793218.9619542402,999999.9999999999
2025-02-08T11:30:00.000+0000,793218.9619542402,793218.9619542402,999999.9999999999
2025-02-08T11:40:00.000+0000,793218.9619542402,793218.9619542402,999999.9999999999
2025-02-08T11:50:00.000+0000,793218.9619542402,793218.9619542402,999999.9999999999
2025-02-08T12:00:00.000+0000,793218.9619542402,793218.9619542402,999999.9999999999
2025-02-08T12:10:00.000+0000,793218.9619542402,793218.9619542402,999999.9999999999
2025-02-08T12:20:00.000+0000,793218.9619542402,793218.9619542402,999999.9999999999
2025-02-08T12:30:00.000+0000,793218.9619542402,793218.9619542402,999999.9999999999
2025-02-08T12:40:00.000+0000,793218.9619542402,793218.9619542402,999999.9999999999
2025-02-08T12:50:00.000+0000,793218.9619542402,793218.9619542402,999999.9999999999
2025-02-08T13:00:00.000+0000,793218.9619542402,793218.9619542402,999999.9999999999
2025-02-08T13:10:00.000+0000,793218.9619542402,793218.9619542402,999999.9999999999
2025-02-08T13:20:00.000+0000,793218.9619542402,793218.9619542402,999999.9999999999
2025-02-08T13:30:00.000+0000,793218.9619542402,793218.9619542402,999999.9999999999
2025-02-08T13:40:00.000+0000,793218.9619542402,793218.9619542402,999999.9999999999
2025-02-08T13:50:00.000+0000,793218.9619542402,793218.9619542402,999999.9999999999
2025-02-08T14:00:00.000+0000,793218.9619542402,793218.9619542402,999999.9999999999
2025-02-08T14:10:00.000+0000,793218.9619542402,793218.9619542402,999999.9999999999
2025-02-08T14:20:00.000+0000,793218.9619542402,793218.9619542402,999999.9999999999
2025-02-08T14:30:00.000+0000,793218.9619542402,793218.9619542402,999999.9999999999
2025-02-08T14:40:00.000+0000,793218.9619542402,793218.9619542402,999999.9999999999
2025-02-08T14:50:00.000+0000,793218.9619542402,793218.9619542402,999999.9999999999
2025-02-08T15:00:00.000+0000,793218.9619542402,793218.9619542402,999999.9999999999
2025-02-08T15:10:00.000+0000,793218.9619542402,793218.9619542402,999999.9999999999
2025-02-08T15:20:00.000+0000,793218.9619542402,793218.9619542402,999999.9999999999
2025-02-08T15:30:00.000+0000,793218.9619542402,793218.9619542402,999999.9999999999
2025-02-08T15:40:00.000+0000,793218.9619542402,793218.9619542402,999999.9999999999
2025-02-08T15:50:00.000+0000,793218.9619542402,793218.9619542402,999999.9999999999
2025-02-08T16:00:00.000+0000,793218.9619542402,793218.9619542402,999999.9999999999
2025-02-08T16:10:00.000+0000,793218.9619542402,793218.9619542402,999999.9999999999
2025-02-08T16:20:00.000+0000,793218.9619542402,793218.9619542402,999999.9999999999
2025-02-08T16:30:00.000+0000,793218.9619542402,793218.9619542402,999999.9999999999
2025-02-08T16:40:00.000+0000,793218.9619542402,793218.9619542402,999999.9999999999
2025-02-08T16:50:00.000+0000,793218.9619542402,793218.9619542402,999999.9999999999
2025-02-08T17:00:00.000+0000,793218.9619542402,793218.9619542402,999999.9999999999
2025-02-08T17:10:00.000+0000,793218.9619542402,793218.9619542402,999999.9999999999
2025-02-08T17:20:00.000+0000,793218.9619542402,793218.9619542402,999999.9999999999
2025-02-08T17:30:00.000+0000,793218.9619542402,793218.9619542402,999999.9999999999
2025-02-08T17:40:00.000+0000,793218.9619542402,793218.9619542402,999999.9999999999
2025-02-08T17:50:00.000+0000,793218.9619542402,793218.9619542402,999999.9999999999
2025-02-08T18:00:00.000+0000,793218.9619542402,793218.9619542402,999999.9999999999
2025-02-08T18:10:00.000+0000,793218.9619542402,793218.9619542402,999999.9999999999
2025-02-08T18:20:00.000+0000,793218.9619542402,793218.9619542402,999999.9999999999
2025-02-08T18:30:00.000+0000,793218.9619542402,793218.9619542402,999999.9999999999
2025-02-08T18:40:00.000+0000,793218.9619542402,793218.9619542402,999999.9999999999
2025-02-08T18:50:00.000+0000,793218.9619542402,793218.9619542402,999999.9999999999
2025-02-08T19:00:00.000+0000,793218.9619542402,793218.9619542402,999999.9999999999
2025-02-08T19:10:00.000+0000,793218.9619542402,793218.9619542402,999999.9999999999
2025-02-08T19:20:00.000+0000,793218.9619542402,793218.9619542402,999999.9999999999
2025-02-08T19:30:00.000+0000,793218.9619542402,793218.9619542402,999999.9999999999
2025-02-08T19:40:00.000+0000,793218.9619542402,793218.9619542402,999999.9999999999
2025-02-08T19:50:00.000+0000,793218.9619542402,793218.9619542402,999999.9999999999
2025-02-08T20:00:00.000+0000,793218.9619542402,793218.9619542402,999999.9999999999
2025-02-08T20:10:00.000+0000,793218.9619542402,793218.9619542402,999999.9999999999
2025-02-08T20:20:00.000+0000,793218.9619542402,793218.9619542402,999999.9999999999
2025-02-08T20:30:00.000+0000,793218.9619542402,793218.9619542402,999999.9999999999
2025-02-08T20:40:00.000+0000,793218.9619542402,793218.9619542402,999999.9999999999
2025-02-08T20:50:00.000+0000,793218.9619542402,793218.9619542402,999999.9999999999
2025-02-08T21:00:00.000+0000,793218.9619542402,793218.9619542402,999999.9999999999
2025-02-08T21:10:00.000+0000,793218.9619542402,793218.9619542402,999999.9999999999
2025-02-08T21:20:00.000+0000,793218.9619542402,793218.9619542402,999999.9999999999
2025-02-08T21:30:00.000+0000,793218.9619542402,793218.9619542402,999999.9999999999
2025-02-08T21:40:00.000+0000,793218.9619542402,793218.9619542402,999999.9999999999
2025-02-08T21:50:00.000+0000,793218.9619542402,793218.9619542402,999999.9999999999
2025-02-08T22:00:00.000+0000,793218.9619542402,793218.9619542402,999999.9999999999
2025-02-08T22:10:00.000+0000,793218.9619542402,793218.9619542402,999999.9999999999
2025-02-08T22:20:00.000+0000,793218.9619542402,793218.9619542402,999999.9999999999
2025-02-08T22:30:00.000+0000,793218.9619542402,793218.9619542402,999999.9999999999
2025-02-08T22:40:00.000+0000,793218.9619542402,793218.9619542402,999999.9999999999
2025-02-08T22:50:00.000+0000,793218.9619542402,793218.9619542402,999999.9999999999
2025-02-08T23:00:00.000+0000,793218.9619542402,793218.9619542402,999999.9999999999
2025-02-08T23:10:00.000+0000,793218.9619542402,793218.9619542402,999999.9999999999
2025-02-08T23:20:00.000+0000,793218.9619542402,793218.9619542402,999999.9999999999
2025-02-08T23:30:00.000+0000,793218.9619542402,793218.9619542402,999999.9999999999
2025-02-08T23:40:00.000+0000,793218.9619542402,793218.9619542402,999999.9999999999
2025-02-08T23:50:00.000+0000,793218.9619542402,793218.9619542402,999999.9999999999
2025-02-09T00:00:00.000+0000,793218.9619542402,793218.9619542402,999999.9999999999
2025-02-09T00:10:00.000+0000,793218.9619542402,793218.9619542402,999999.9999999999
2025-02-09T00:20:00.000+0000,793218.9619542402,793218.9619542402,999999.9999999999
2025-02-09T00:30:00.000+0000,793218.9619542402,793218.9619542402,999999.9999999999
2025-02-09T00:40:00.000+0000,793218.9619542402,793218.9619542402,999999.9999999999
2025-02-09T00:50:00.000+0000,793218.9619542402,793218.9619542402,999999.9999999999
2025-02-09T01:00:00.000+0000,793218.9619542402,793218.9619542402,999999.9999999999
2025-02-09T01:10:00.000+0000,793218.9619542402,793218.9619542402,999999.9999999999
2025-02-09T01:20:00.000+0000,793218.9619542402,793218.9619542402,999999.9999999999
2025-02-09T01:30:00.000+0000,793218.9619542402,793218.9619542402,999999.9999999999
2025-02-09T01:40:00.000+0000,793218.9619542402,793218.9619542402,999999.9999999999
2025-02-09T01:50:00.000+0000,793218.9619542402,793218.9619542402,999999.9999999999
2025-02-09T02:00:00.000+0000,793218.9619542402,793218.9619542402,999999.9999999999
2025-02-09T02:10:00.000+0000,793218.9619542402,793218.9619542402,999999.9999999999
2025-02-09T02:20:00.000+0000,793218.9619542402,793218.9619542402,999999.9999999999
2025-02-09T02:30:00.000+0000,793218.9619542402,793218.9619542402,999999.9999999999
2025-02-09T02:40:00.000+0000,793218.9619542402,793218.9619542402,999999.9999999999
2025-02-09T02:50:00.000+0000,793218.9619542402,793218.9619542402,999999.9999999999
2025-02-09T03:00:00.000+0000,793218.9619542402,793218.9619542402,999999.9999999999
2025-02-09T03:10:00.000+0000,793218.9619542402,793218.9619542402,999999.9999999999
2025-02-09T03:20:00.000+0000,793218.9619542402,793218.9619542402,999999.9999999999
2025-02-09T03:30:00.000+0000,793218.9619542402,793218.9619542402,999999.9999999999
2025-02-09T03:40:00.000+0000,793218.9619542402,793218.9619542402,999999.9999999999
2025-02-09T03:50:00.000+0000,793218.9619542402,793218.9619542402,999999.9999999999
2025-02-09T04:00:00.000+0000,793218.9619542402,793218.9619542402,999999.9999999999
2025-02-09T04:10:00.000+0000,793218.9619542402,793218.9619542402,999999.9999999999
2025-02-09T04:20:00.000+0000,793218.9619542402,793218.9619542402,999999.9999999999
2025-02-09T04:30:00.000+0000,793218.9619542402,793218.9619542402,999999.9999999999
2025-02-09T04:40:00.000+0000,793218.9619542402,793218.9619542402,999999.9999999999
2025-02-09T04:50:00.000+0000,793218.9619542402,793218.9619542402,999999.9999999999
2025-02-09T05:00:00.000+0000,793218.9619542402,793218.9619542402,999999.9999999999
2025-02-09T05:10:00.000+0000,793218.9619542402,793218.9619542402,999999.9999999999
2025-02-09T05:20:00.000+0000,793218.9619542402,793218.9619542402,999999.9999999999
2025-02-09T05:30:00.000+0000,793218.9619542402,793218.9619542402,999999.9999999999
2025-02-09T05:40:00.000+0000,793218.9619542402,793218.9619542402,999999.9999999999
2025-02-09T05:50:00.000+0000,793218.9619542402,793218.9619542402,999999.9999999999
2025-02-09T06:00:00.000+0000,793218.9619542402,793218.9619542402,999999.9999999999
2025-02-09T06:10:00.000+0000,793218.9619542402,793218.9619542402,999999.9999999999
2025-02-09T06:20:00.000+0000,793218.9619542402,793218.9619542402,999999.9999999999
2025-02-09T06:30:00.000+0000,793218.9619542402,793218.9619542402,999999.9999999999
2025-02-09T06:40:00.000+0000,793218.9619542402,793218.9619542402,999999.9999999999
2025-02-09T06:50:00.000+0000,793218.9619542402,793218.9619542402,999999.9999999999
2025-02-09T07:00:00.000+0000,793218.9619542402,793218.9619542402,999999.9999999999
2025-02-09T07:10:00.000+0000,793218.9619542402,793218.9619542402,999999.9999999999
2025-02-09T07:20:00.000+0000,793218.9619542402,793218.9619542402,999999.9999999999
2025-02-09T07:30:00.000+0000,793218.9619542402,793218.9619542402,999999.9999999999
2025-02-09T07:40:00.000+0000,793218.9619542402,793218.9619542402,999999.9999999999
2025-02-09T07:50:00.000+0000,793218.9619542402,793218.9619542402,999999.9999999999
2025-02-09T08:00:00.000+0000,793218.9619542402,793218.9619542402,999999.9999999999
2025-02-09T08:10:00.000+0000,793218.9619542402,793218.9619542402,999999.9999999999
2025-02-09T08:20:00.000+0000,793218.9619542402,793218.9619542402,999999.9999999999
2025-02-09T08:30:00.000+0000,793218.9619542402,793218.9619542402,999999.9999999999
2025-02-09T08:40:00.000+0000,793218.9619542402,793218.9619542402,999999.9999999999
2025-02-09T08:50:00.000+0000,793218.9619542402,793218.9619542402,999999.9999999999
2025-02-09T09:00:00.000+0000,793218.9619542402,793218.9619542402,999999.9999999999
2025-02-09T09:10:00.000+0000,793218.9619542402,793218.9619542402,999999.9999999999
2025-02-09T09:20:00.000+0000,793218.9619542402,793218.9619542402,999999.9999999999
2025-02-09T09:30:00.000+0000,793218.9619542402,793218.9619542402,999999.9999999999
2025-02-09T09:40:00.000+0000,793218.9619542402,793218.9619542402,999999.9999999999
2025-02-09T09:50:00.000+0000,793218.9619542402,793218.9619542402,999999.9999999999
2025-02-09T10:00:00.000+0000,793218.9619542402,793218.9619542402,999999.9999999999
2025-02-09T10:10:00.000+0000,793218.9619542402,793218.9619542402,999999.9999999999
2025-02-09T10:20:00.000+0000,793218.9619542402,793218.9619542402,999999.9999999999
2025-02-09T10:30:00.000+0000,793218.9619542402,793218.9619542402,999999.9999999999
2025-02-09T10:40:00.000+0000,793218.9619542402,793218.9619542402,999999.9999999999
2025-02-09T10:50:00.000+0000,793218.9619542402,793218.9619542402,999999.9999999999
2025-02-09T11:00:00.000+0000,793218.9619542402,793218.9619542402,999999.9999999999
2025-02-09T11:10:00.000+0000,793218.9619542402,793218.9619542402,999999.9999999999
2025-02-09T11:20:00.000+0000,793218.9619542402,793218.9619542402,999999.9999999999
2025-02-09T11:30:00.000+0000,793218.9619542402,793218.9619542402,999999.9999999999
2025-02-09T11:40:00.000+0000,793218.9619542402,793218.9619542402,999999.9999999999
2025-02-09T11:50:00.000+0000,793218.9619542402,793218.9619542402,999999.9999999999
2025-02-09T12:00:00.000+0000,793218.9619542402,793218.9619542402,999999.9999999999
2025-02-09T12:10:00.000+0000,793218.9619542402,793218.9619542402,999999.9999999999
2025-02-09T12:20:00.000+0000,793218.9619542402,793218.9619542402,999999.9999999999
2025-02-09T12:30:00.000+0000,793218.9619542402,793218.9619542402,999999.9999999999
2025-02-09T12:40:00.000+0000,793218.9619542402,793218.9619542402,999999.9999999999
2025-02-09T12:50:00.000+0000,793218.9619542402,793218.9619542402,999999.9999999999
2025-02-09T13:00:00.000+0000,793218.9619542402,793218.9619542402,999999.9999999999
2025-02-09T13:10:00.000+0000,793218.9619542402,793218.9619542402,999999.9999999999
2025-02-09T13:20:00.000+0000,793218.9619542402,793218.9619542402,999999.9999999999
2025-02-09T13:30:00.000+0000,793218.9619542402,793218.9619542402,999999.9999999999
2025-02-09T13:40:00.000+0000,793218.9619542402,793218.9619542402,999999.9999999999
2025-02-09T13:50:00.000+0000,793218.9619542402,793218.9619542402,999999.9999999999
2025-02-09T14:00:00.000+0000,793218.9619542402,793218.9619542402,999999.9999999999
2025-02-09T14:10:00.000+0000,793218.9619542402,793218.9619542402,999999.9999999999
2025-02-09T14:20:00.000+0000,793218.9619542402,793218.9619542402,999999.9999999999
2025-02-09T14:30:00.000+0000,793218.9619542402,793218.9619542402,999999.9999999999
2025-02-09T14:40:00.000+0000,793218.9619542402,793218.9619542402,999999.9999999999
2025-02-09T14:50:00.000+0000,793218.9619542402,793218.9619542402,999999.9999999999
2025-02-09T15:00:00.000+0000,793218.9619542402,793218.9619542402,999999.9999999999
2025-02-09T15:10:00.000+0000,793218.9619542402,793218.9619542402,999999.9999999999
2025-02-09T15:20:00.000+0000,793218.9619542402,793218.9619542402,999999.9999999999
2025-02-09T15:30:00.000+0000,793218.9619542402,793218.9619542402,999999.9999999999
2025-02-09T15:40:00.000+0000,793218.9619542402,793218.9619542402,999999.9999999999
2025-02-09T15:50:00.000+0000,793218.9619542402,793218.9619542402,999999.9999999999
2025-02-09T16:00:00.000+0000,793218.9619542402,793218.9619542402,999999.9999999999
2025-02-09T16:10:00.000+0000,793218.9619542402,793218.9619542402,999999.9999999999
2025-02-09T16:20:00.000+0000,793218.9619542402,793218.9619542402,999999.9999999999
2025-02-09T16:30:00.000+0000,793218.9619542402,793218.9619542402,999999.9999999999
2025-02-09T16:40:00.000+0000,793218.9619542402,793218.9619542402,999999.9999999999
2025-02-09T16:50:00.000+0000,793218.9619542402,793218.9619542402,999999.9999999999
2025-02-09T17:00:00.000+0000,793218.9619542402,793218.9619542402,999999.9999999999
2025-02-09T17:10:00.000+0000,793218.9619542402,793218.9619542402,999999.9999999999
2025-02-09T17:20:00.000+0000,793218.9619542402,793218.9619542402,999999.9999999999
2025-02-09T17:30:00.000+0000,793218.9619542402,793218.9619542402,999999.9999999999
2025-02-09T17:40:00.000+0000,793218.9619542402,793218.9619542402,999999.9999999999
2025-02-09T17:50:00.000+0000,793218.9619542402,793218.9619542402,999999.9999999999
2025-02-09T18:00:00.000+0000,793218.9619542402,793218.9619542402,999999.9999999999
2025-02-09T18:10:00.000+0000,793218.9619542402,793218.9619542402,999999.9999999999
2025-02-09T18:20:00.000+0000,793218.9619542402,793218.9619542402,999999.9999999999
2025-02-09T18:30:00.000+0000,793218.9619542402,793218.9619542402,999999.9999999999
2025-02-09T18:40:00.000+0000,793218.9619542402,793218.9619542402,999999.9999999999
2025-02-09T18:50:00.000+0000,793218.9619542402,793218.9619542402,999999.9999999999
2025-02-09T19:00:00.000+0000,793218.9619542402,793218.9619542402,999999.9999999999
2025-02-09T19:10:00.000+0000,793218.9619542402,793218.9619542402,999999.9999999999
2025-02-09T19:20:00.000+0000,793218.9619542402,793218.9619542402,999999.9999999999
2025-02-09T19:30:00.000+0000,793218.9619542402,793218.9619542402,999999.9999999999
2025-02-09T19:40:00.000+0000,793218.9619542402,793218.9619542402,999999.9999999999
2025-02-09T19:50:00.000+0000,793218.9619542402,793218.9619542402,999999.9999999999
2025-02-09T20:00:00.000+0000,793218.9619542402,793218.9619542402,999999.9999999999
2025-02-09T20:10:00.000+0000,793218.9619542402,793218.9619542402,999999.9999999999
2025-02-09T20:20:00.000+0000,793218.9619542402,793218.9619542402,999999.9999999999
2025-02-09T20:30:00.000+0000,793218.9619542402,793218.9619542402,999999.9999999999
2025-02-09T20:40:00.000+0000,793218.9619542402,793218.9619542402,999999.9999999999
2025-02-09T20:50:00.000+0000,793218.9619542402,793218.9619542402,999999.9999999999
2025-02-09T21:00:00.000+0000,793218.9619542402,793218.9619542402,999999.9999999999
2025-02-09T21:10:00.000+0000,793218.9619542402,793218.9619542402,999999.9999999999
2025-02-09T21:20:00.000+0000,793218.9619542402,793218.9619542402,999999.9999999999
2025-02-09T21:30:00.000+0000,793218.9619542402,793218.9619542402,999999.9999999999
2025-02-09T21:40:00.000+0000,793218.9619542402,793218.9619542402,999999.9999999999
2025-02-09T21:50:00.000+0000,793218.9619542402,793218.9619542402,999999.9999999999
2025-02-09T22:00:00.000+0000,793218.9619542402,793218.9619542402,999999.9999999999
2025-02-09T22:10:00.000+0000,793218.9619542402,793218.9619542402,999999.9999999999
2025-02-09T22:20:00.000+0000,793218.9619542402,793218.9619542402,999999.9999999999
2025-02-09T22:30:00.000+0000,793218.9619542402,793218.9619542402,999999.9999999999
2025-02-09T22:40:00.000+0000,793218.9619542402,793218.9619542402,999999.9999999999
2025-02-09T22:50:00.000+0000,793218.9619542402,793218.9619542402,999999.9999999999
2025-02-09T23:00:00.000+0000,793218.9619542402,793218.9619542402,999999.9999999999
2025-02-09T23:10:00.000+0000,793218.9619542402,793218.9619542402,999999.9999999999
2025-02-09T23:20:00.000+0000,793218.9619542402,793218.9619542402,999999.9999999999
2025-02-09T23:30:00.000+0000,793218.9619542402,793218.9619542402,999999.9999999999
2025-02-09T23:40:00.000+0000,793218.9619542402,793218.9619542402,999999.9999999999
2025-02-09T23:50:00.000+0000,793218.9619542402,793218.9619542402,999999.9999999999
2025-02-10T00:00:00.000+0000,793218.9619542402,793218.9619542402,999999.9999999999
2025-02-10T00:10:00.000+0000,793218.9619542402,793218.9619542402,999999.9999999999
2025-02-10T00:20:00.000+0000,793218.9619542402,793218.9619542402,999999.9999999999
2025-02-10T00:30:00.000+0000,793218.9619542402,793218.9619542402,999999.9999999999
2025-02-10T00:40:00.000+0000,793218.9619542402,793218.9619542402,999999.9999999999
2025-02-10T00:50:00.000+0000,793218.9619542402,793218.9619542402,999999.9999999999
2025-02-10T01:00:00.000+0000,793218.9619542402,793218.9619542402,999999.9999999999
2025-02-10T01:10:00.000+0000,793218.9619542402,793218.9619542402,999999.9999999999
2025-02-10T01:20:00.000+0000,793218.9619542402,793218.9619542402,999999.9999999999
2025-02-10T01:30:00.000+0000,793218.9619542402,793218.9619542402,999999.9999999999
2025-02-10T01:40:00.000+0000,793218.9619542402,793218.9619542402,999999.9999999999
2025-02-10T01:50:00.000+0000,793218.9619542402,793218.9619542402,999999.9999999999
2025-02-10T02:00:00.000+0000,793218.9619542402,793218.9619542402,999999.9999999999
2025-02-10T02:10:00.000+0000,793218.9619542402,793218.9619542402,999999.9999999999
2025-02-10T02:20:00.000+0000,793218.9619542402,793218.9619542402,999999.9999999999
2025-02-10T02:30:00.000+0000,793218.9619542402,793218.9619542402,999999.9999999999
2025-02-10T02:40:00.000+0000,793218.9619542402,793218.9619542402,999999.9999999999
2025-02-10T02:50:00.000+0000,793218.9619542402,793218.9619542402,999999.9999999999
2025-02-10T03:00:00.000+0000,793218.9619542402,793218.9619542402,999999.9999999999
2025-02-10T03:10:00.000+0000,793218.9619542402,793218.9619542402,999999.9999999999
2025-02-10T03:20:00.000+0000,793218.9619542402,793218.9619542402,999999.9999999999
2025-02-10T03:30:00.000+0000,793218.9619542402,793218.9619542402,999999.9999999999
2025-02-10T03:40:00.000+0000,793218.9619542402,793218.9619542402,999999.9999999999
2025-02-10T03:50:00.000+0000,793218.9619542402,793218.9619542402,999999.9999999999
2025-02-10T04:00:00.000+0000,793218.9619542402,793218.9619542402,999999.9999999999
2025-02-10T04:10:00.000+0000,793218.9619542402,793218.9619542402,999999.9999999999
2025-02-10T04:20:00.000+0000,793218.9619542402,793218.9619542402,999999.9999999999
2025-02-10T04:30:00.000+0000,793218.9619542402,793218.9619542402,999999.9999999999
2025-02-10T04:40:00.000+0000,793218.9619542402,793218.9619542402,999999.9999999999
2025-02-10T04:50:00.000+0000,793218.9619542402,793218.9619542402,999999.9999999999
2025-02-10T05:00:00.000+0000,793218.9619542402,793218.9619542402,999999.9999999999
2025-02-10T05:10:00.000+0000,793218.9619542402,793218.9619542402,999999.9999999999
2025-02-10T05:20:00.000+0000,793218.9619542402,793218.9619542402,999999.9999999999
2025-02-10T05:30:00.000+0000,793218.9619542402,793218.9619542402,999999.9999999999
2025-02-10T05:40:00.000+0000,793218.9619542402,793218.9619542402,999999.9999999999
2025-02-10T05:50:00.000+0000,793218.9619542402,793218.9619542402,999999.9999999999
2025-02-10T06:00:00.000+0000,793218.9619542402,793218.9619542402,999999.9999999999
2025-02-10T06:10:00.000+0000,793218.9619542402,793218.9619542402,999999.9999999999
2025-02-10T06:20:00.000+0000,793218.9619542402,793218.9619542402,999999.9999999999
2025-02-10T06:30:00.000+0000,793218.9619542402,793218.9619542402,999999.9999999999
2025-02-10T06:40:00.000+0000,793218.9619542402,793218.9619542402,999999.9999999999
2025-02-10T06:50:00.000+0000,793218.9619542402,793218.9619542402,999999.9999999999
2025-02-10T07:00:00.000+0000,793218.9619542402,793218.9619542402,999999.9999999999
2025-02-10T07:10:00.000+0000,793218.9619542402,793218.9619542402,999999.9999999999
2025-02-10T07:20:00.000+0000,793218.9619542402,793218.9619542402,999999.9999999999
2025-02-10T07:30:00.000+0000,793218.9619542402,793218.9619542402,999999.9999999999
2025-02-10T07:40:00.000+0000,793218.9619542402,793218.9619542402,999999.9999999999
2025-02-10T07:50:00.000+0000,793218.9619542402,793218.9619542402,999999.9999999999
2025-02-10T08:00:00.000+0000,793218.9619542402,793218.9619542402,999999.9999999999
2025-02-10T08:10:00.000+0000,793218.9619542402,793218.9619542402,999999.9999999999
2025-02-10T08:20:00.000+0000,793218.9619542402,793218.9619542402,999999.9999999999
2025-02-10T08:30:00.000+0000,793218.9619542402,793218.9619542402,999999.9999999999
2025-02-10T08:40:00.000+0000,793218.9619542402,793218.9619542402,999999.9999999999
2025-02-10T08:50:00.000+0000,793218.9619542402,793218.9619542402,999999.9999999999
2025-02-10T09:00:00.000+0000,793218.9619542402,793218.9619542402,999999.9999999999
2025-02-10T09:10:00.000+0000,793218.9619542402,793218.9619542402,999999.9999999999
2025-02-10T09:20:00.000+0000,793218.9619542402,793218.9619542402,999999.9999999999
2025-02-10T09:30:00.000+0000,793218.9619542402,793218.9619542402,999999.9999999999
2025-02-10T09:40:00.000+0000,793218.9619542402,793218.9619542402,999999.9999999999
2025-02-10T09:50:00.000+0000,793218.9619542402,793218.9619542402,999999.9999999999
2025-02-10T10:00:00.000+0000,793218.9619542402,793218.9619542402,999999.9999999999
2025-02-10T10:10:00.000+0000,793218.9619542402,793218.9619542402,999999.9999999999
2025-02-10T10:20:00.000+0000,793218.9619542402,793218.9619542402,999999.9999999999
2025-02-10T10:30:00.000+0000,793218.9619542402,793218.9619542402,999999.9999999999
2025-02-10T10:40:00.000+0000,793218.9619542402,793218.9619542402,999999.9999999999
2025-02-10T10:50:00.000+0000,793218.9619542402,793218.9619542402,999999.9999999999
2025-02-10T11:00:00.000+0000,793218.9619542402,793218.9619542402,999999.9999999999
2025-02-10T11:10:00.000+0000,793218.9619542402,793218.9619542402,999999.9999999999
2025-02-10T11:20:00.000+0000,793218.9619542402,793218.9619542402,999999.9999999999
2025-02-10T11:30:00.000+0000,793218.9619542402,793218.9619542402,999999.9999999999
2025-02-10T11:40:00.000+0000,793218.9619542402,793218.9619542402,999999.9999999999
2025-02-10T11:50:00.000+0000,793218.9619542402,793218.9619542402,999999.9999999999
2025-02-10T12:00:00.000+0000,793218.9619542402,793218.9619542402,999999.9999999999
2025-02-10T12:10:00.000+0000,793218.9619542402,793218.9619542402,999999.9999999999
2025-02-10T12:20:00.000+0000,793218.9619542402,793218.9619542402,999999.9999999999
2025-02-10T12:30:00.000+0000,793218.9619542402,793218.9619542402,999999.9999999999
2025-02-10T12:40:00.000+0000,793218.9619542402,793218.9619542402,999999.9999999999
2025-02-10T12:50:00.000+0000,793218.9619542402,793218.9619542402,999999.9999999999
2025-02-10T13:00:00.000+0000,793218.9619542402,793218.9619542402,999999.9999999999
2025-02-10T13:10:00.000+0000,793218.9619542402,793218.9619542402,999999.9999999999
2025-02-10T13:20:00.000+0000,793218.9619542402,793218.9619542402,999999.9999999999
2025-02-10T13:30:00.000+0000,793218.9619542402,793218.9619542402,999999.9999999999
2025-02-10T13:40:00.000+0000,793218.9619542402,793218.9619542402,999999.9999999999
2025-02-10T13:50:00.000+0000,793218.9619542402,793218.9619542402,999999.9999999999
2025-02-10T14:00:00.000+0000,793218.9619542402,793218.9619542402,999999.9999999999
2025-02-10T14:10:00.000+0000,793218.9619542402,793218.9619542402,999999.9999999999
2025-02-10T14:20:00.000+0000,793218.9619542402,793218.9619542402,999999.9999999999
2025-02-10T14:30:00.000+0000,793218.9619542402,793218.9619542402,999999.9999999999
2025-02-10T14:40:00.000+0000,793218.9619542402,793218.9619542402,999999.9999999999
2025-02-10T14:50:00.000+0000,793218.9619542402,793218.9619542402,999999.9999999999
2025-02-10T15:00:00.000+0000,793218.9619542402,793218.9619542402,999999.9999999999
2025-02-10T15:10:00.000+0000,793218.9619542402,793218.9619542402,999999.9999999999
2025-02-10T15:20:00.000+0000,793218.9619542402,793218.9619542402,999999.9999999999
2025-02-10T15:30:00.000+0000,793218.9619542402,793218.9619542402,999999.9999999999
2025-02-10T15:40:00.000+0000,793218.9619542402,793218.9619542402,999999.9999999999
2025-02-10T15:50:00.000+0000,793218.9619542402,793218.9619542402,999999.9999999999
2025-02-10T16:00:00.000+0000,793218.9619542402,793218.9619542402,999999.9999999999
2025-02-10T16:10:00.000+0000,793218.9619542402,793218.9619542402,999999.9999999999
2025-02-10T16:20:00.000+0000,793218.9619542402,793218.9619542402,999999.9999999999
2025-02-10T16:30:00.000+0000,793218.9619542402,793218.9619542402,999999.9999999999
2025-02-10T16:40:00.000+0000,793218.9619542402,793218.9619542402,999999.9999999999
2025-02-10T16:50:00.000+0000,793218.9619542402,793218.9619542402,999999.9999999999
2025-02-10T17:00:00.000+0000,793218.9619542402,793218.9619542402,999999.9999999999
2025-02-10T17:10:00.000+0000,793218.9619542402,793218.9619542402,999999.9999999999
2025-02-10T17:20:00.000+0000,793218.9619542402,793218.9619542402,999999.9999999999
2025-02-10T17:30:00.000+0000,793218.9619542402,793218.9619542402,999999.9999999999
2025-02-10T17:40:00.000+0000,793218.9619542402,793218.9619542402,999999.9999999999
2025-02-10T17:50:00.000+0000,793218.9619542402,793218.9619542402,999999.9999999999
2025-02-10T18:00:00.000+0000,793218.9619542402,793218.9619542402,999999.9999999999
2025-02-10T18:10:00.000+0000,793218.9619542402,793218.9619542402,999999.9999999999
2025-02-10T18:20:00.000+0000,793218.9619542402,793218.9619542402,999999.9999999999
2025-02-10T18:30:00.000+0000,793218.9619542402,793218.9619542402,999999.9999999999
2025-02-10T18:40:00.000+0000,793218.9619542402,793218.9619542402,999999.9999999999
2025-02-10T18:50:00.000+0000,793218.9619542402,793218.9619542402,999999.9999999999
2025-02-10T19:00:00.000+0000,793218.9619542402,793218.9619542402,999999.9999999999
2025-02-10T19:10:00.000+0000,793218.9619542402,793218.9619542402,999999.9999999999
2025-02-10T19:20:00.000+0000,793218.9619542402,793218.9619542402,999999.9999999999
2025-02-10T19:30:00.000+0000,793218.9619542402,793218.9619542402,999999.9999999999
2025-02-10T19:40:00.000+0000,793218.9619542402,793218.9619542402,999999.9999999999
2025-02-10T19:50:00.000+0000,793218.9619542402,793218.9619542402,999999.9999999999
2025-02-10T20:00:00.000+0000,793218.9619542402,793218.9619542402,999999.9999999999
2025-02-10T20:10:00.000+0000,793218.9619542402,793218.9619542402,999999.9999999999
2025-02-10T20:20:00.000+0000,793218.9619542402,793218.9619542402,999999.9999999999
2025-02-10T20:30:00.000+0000,793218.9619542402,793218.9619542402,999999.9999999999
2025-02-10T20:40:00.000+0000,793218.9619542402,793218.9619542402,999999.9999999999
2025-02-10T20:50:00.000+0000,793218.9619542402,793218.9619542402,999999.9999999999
2025-02-10T21:00:00.000+0000,793218.9619542402,793218.9619542402,999999.9999999999
2025-02-10T21:10:00.000+0000,793218.9619542402,793218.9619542402,999999.9999999999
2025-02-10T21:20:00.000+0000,793218.9619542402,793218.9619542402,999999.9999999999
2025-02-10T21:30:00.000+0000,793218.9619542402,793218.9619542402,999999.9999999999
2025-02-10T21:40:00.000+0000,793218.9619542402,793218.9619542402,999999.9999999999
2025-02-10T21:50:00.000+0000,793218.9619542402,793218.9619542402,999999.9999999999
2025-02-10T22:00:00.000+0000,793218.9619542402,793218.9619542402,999999.9999999999
2025-02-10T22:10:00.000+0000,793218.9619542402,793218.9619542402,999999.9999999999
2025-02-10T22:20:00.000+0000,793218.9619542402,793218.9619542402,999999.9999999999
2025-02-10T22:30:00.000+0000,793218.9619542402,793218.9619542402,999999.9999999999
2025-02-10T22:40:00.000+0000,793218.9619542402,793218.9619542402,999999.9999999999
2025-02-10T22:50:00.000+0000,793218.9619542402,793218.9619542402,999999.9999999999
2025-02-10T23:00:00.000+0000,793218.9619542402,793218.9619542402,999999.9999999999
2025-02-10T23:10:00.000+0000,793218.9619542402,793218.9619542402,999999.9999999999
2025-02-10T23:20:00.000+0000,793218.9619542402,793218.9619542402,999999.9999999999
2025-02-10T23:30:00.000+0000,793218.9619542402,793218.9619542402,999999.9999999999
2025-02-10T23:40:00.000+0000,793218.9619542402,793218.9619542402,999999.9999999999
2025-02-10T23:50:00.000+0000,793218.9619542402,793218.9619542402,999999.9999999999
2025-02-11T00:00:00.000+0000,793218.9619542402,793218.9619542402,999999.9999999999
2025-02-11T00:10:00.000+0000,793218.9619542402,793218.9619542402,999999.9999999999
2025-02-11T00:20:00.000+0000,793218.9619542402,793218.9619542402,999999.9999999999
2025-02-11T00:30:00.000+0000,793218.9619542402,793218.9619542402,999999.9999999999
2025-02-11T00:40:00.000+0000,793218.9619542402,793218.9619542402,999999.9999999999
2025-02-11T00:50:00.000+0000,793218.9619542402,793218.9619542402,999999.9999999999
2025-02-11T01:00:00.000+0000,793218.9619542402,793218.9619542402,999999.9999999999
2025-02-11T01:10:00.000+0000,793218.9619542402,793218.9619542402,999999.9999999999
2025-02-11T01:20:00.000+0000,793218.9619542402,793218.9619542402,999999.9999999999
2025-02-11T01:30:00.000+0000,793218.9619542402,793218.9619542402,999999.9999999999
2025-02-11T01:40:00.000+0000,793218.9619542402,793218.9619542402,999999.9999999999
2025-02-11T01:50:00.000+0000,793218.9619542402,793218.9619542402,999999.9999999999
2025-02-11T02:00:00.000+0000,793218.9619542402,793218.9619542402,999999.9999999999
2025-02-11T02:10:00.000+0000,793218.9619542402,793218.9619542402,999999.9999999999
2025-02-11T02:20:00.000+0000,793218.9619542402,793218.9619542402,999999.9999999999
2025-02-11T02:30:00.000+0000,793218.9619542402,793218.9619542402,999999.9999999999
2025-02-11T02:40:00.000+0000,793218.9619542402,793218.9619542402,999999.9999999999
2025-02-11T02:50:00.000+0000,793218.9619542402,793218.9619542402,999999.9999999999
2025-02-11T03:00:00.000+0000,793218.9619542402,793218.9619542402,999999.9999999999
2025-02-11T03:10:00.000+0000,793218.9619542402,793218.9619542402,999999.9999999999
2025-02-11T03:20:00.000+0000,793218.9619542402,793218.9619542402,999999.9999999999
2025-02-11T03:30:00.000+0000,793218.9619542402,793218.9619542402,999999.9999999999
2025-02-11T03:40:00.000+0000,793218.9619542402,793218.9619542402,999999.9999999999
2025-02-11T03:50:00.000+0000,793218.9619542402,793218.9619542402,999999.9999999999
2025-02-11T04:00:00.000+0000,793218.9619542402,793218.9619542402,999999.9999999999
2025-02-11T04:10:00.000+0000,793218.9619542402,793218.9619542402,999999.9999999999
2025-02-11T04:20:00.000+0000,793218.9619542402,793218.9619542402,999999.9999999999
2025-02-11T04:30:00.000+0000,793218.9619542402,793218.9619542402,999999.9999999999
2025-02-11T04:40:00.000+0000,793218.9619542402,793218.9619542402,999999.9999999999
2025-02-11T04:50:00.000+0000,793218.9619542402,793218.9619542402,999999.9999999999
2025-02-11T05:00:00.000+0000,793218.9619542402,793218.9619542402,999999.9999999999
2025-02-11T05:10:00.000+0000,793218.9619542402,793218.9619542402,999999.9999999999
2025-02-11T05:20:00.000+0000,793218.9619542402,793218.9619542402,999999.9999999999
2025-02-11T05:30:00.000+0000,793218.9619542402,793218.9619542402,999999.9999999999
2025-02-11T05:40:00.000+0000,793218.9619542402,793218.9619542402,999999.9999999999
2025-02-11T05:50:00.000+0000,793218.9619542402,793218.9619542402,999999.9999999999
2025-02-11T06:00:00.000+0000,793218.9619542402,793218.9619542402,999999.9999999999
2025-02-11T06:10:00.000+0000,793218.9619542402,793218.9619542402,999999.9999999999
2025-02-11T06:20:00.000+0000,793218.9619542402,793218.9619542402,999999.9999999999
2025-02-11T06:30:00.000+0000,793218.9619542402,793218.9619542402,999999.9999999999
2025-02-11T06:40:00.000+0000,793218.9619542402,793218.9619542402,999999.9999999999
2025-02-11T06:50:00.000+0000,793218.9619542402,793218.9619542402,999999.9999999999
2025-02-11T07:00:00.000+0000,793218.9619542402,793218.9619542402,999999.9999999999
2025-02-11T07:10:00.000+0000,793218.9619542402,793218.9619542402,999999.9999999999
2025-02-11T07:20:00.000+0000,793218.9619542402,793218.9619542402,999999.9999999999
2025-02-11T07:30:00.000+0000,793218.9619542402,793218.9619542402,999999.9999999999
2025-02-11T07:40:00.000+0000,793218.9619542402,793218.9619542402,999999.9999999999
2025-02-11T07:50:00.000+0000,793218.9619542402,793218.9619542402,999999.9999999999
2025-02-11T08:00:00.000+0000,793218.9619542402,793218.9619542402,999999.9999999999
2025-02-11T08:10:00.000+0000,793218.9619542402,793218.9619542402,999999.9999999999
2025-02-11T08:20:00.000+0000,793218.9619542402,793218.9619542402,999999.9999999999
2025-02-11T08:30:00.000+0000,793218.9619542402,793218.9619542402,999999.9999999999
2025-02-11T08:40:00.000+0000,793218.9619542402,793218.9619542402,999999.9999999999
2025-02-11T08:50:00.000+0000,793218.9619542402,793218.9619542402,999999.9999999999
2025-02-11T09:00:00.000+0000,793218.9619542402,793218.9619542402,999999.9999999999
2025-02-11T09:10:00.000+0000,793218.9619542402,793218.9619542402,999999.9999999999
2025-02-11T09:20:00.000+0000,793218.9619542402,793218.9619542402,999999.9999999999
2025-02-11T09:30:00.000+0000,793218.9619542402,793218.9619542402,999999.9999999999
2025-02-11T09:40:00.000+0000,793218.9619542402,793218.9619542402,999999.9999999999
2025-02-11T09:50:00.000+0000,793218.9619542402,793218.9619542402,999999.9999999999
2025-02-11T10:00:00.000+0000,793218.9619542402,793218.9619542402,999999.9999999999
2025-02-11T10:10:00.000+0000,793218.9619542402,793218.9619542402,999999.9999999999
2025-02-11T10:20:00.000+0000,793218.9619542402,793218.9619542402,999999.9999999999
2025-02-11T10:30:00.000+0000,793218.9619542402,793218.9619542402,999999.9999999999
2025-02-11T10:40:00.000+0000,793218.9619542402,793218.9619542402,999999.9999999999
2025-02-11T10:50:00.000+0000,793218.9619542402,793218.9619542402,999999.9999999999
2025-02-11T11:00:00.000+0000,793218.9619542402,793218.9619542402,999999.9999999999
2025-02-11T11:10:00.000+0000,793218.9619542402,793218.9619542402,999999.9999999999
2025-02-11T11:20:00.000+0000,793218.9619542402,793218.9619542402,999999.9999999999
2025-02-11T11:30:00.000+0000,793218.9619542402,793218.9619542402,999999.9999999999
2025-02-11T11:40:00.000+0000,793218.9619542402,793218.9619542402,999999.9999999999
2025-02-11T11:50:00.000+0000,793218.9619542402,793218.9619542402,999999.9999999999
2025-02-11T12:00:00.000+0000,793218.9619542402,793218.9619542402,999999.9999999999
2025-02-11T12:10:00.000+0000,793218.9619542402,793218.9619542402,999999.9999999999
2025-02-11T12:20:00.000+0000,793218.9619542402,793218.9619542402,999999.9999999999
2025-02-11T12:30:00.000+0000,793218.9619542402,793218.9619542402,999999.9999999999
2025-02-11T12:40:00.000+0000,793218.9619542402,793218.9619542402,999999.9999999999
2025-02-11T12:50:00.000+0000,793218.9619542402,793218.9619542402,999999.9999999999
2025-02-11T13:00:00.000+0000,793218.9619542402,793218.9619542402,999999.9999999999
2025-02-11T13:10:00.000+0000,793218.9619542402,793218.9619542402,999999.9999999999
2025-02-11T13:20:00.000+0000,793218.9619542402,793218.9619542402,999999.9999999999
2025-02-11T13:30:00.000+0000,793218.9619542402,793218.9619542402,999999.9999999999
2025-02-11T13:40:00.000+0000,793218.9619542402,793218.9619542402,999999.9999999999
2025-02-11T13:50:00.000+0000,793218.9619542402,793218.9619542402,999999.9999999999
2025-02-11T14:00:00.000+0000,793218.9619542402,793218.9619542402,999999.9999999999
2025-02-11T14:10:00.000+0000,793218.9619542402,793218.9619542402,999999.9999999999
2025-02-11T14:20:00.000+0000,793218.9619542402,793218.9619542402,999999.9999999999
2025-02-11T14:30:00.000+0000,793218.9619542402,793218.9619542402,999999.9999999999
2025-02-11T14:40:00.000+0000,793218.9619542402,793218.9619542402,999999.9999999999
2025-02-11T14:50:00.000+0000,793218.9619542402,793218.9619542402,999999.9999999999
2025-02-11T15:00:00.000+0000,793218.9619542402,793218.9619542402,999999.9999999999
2025-02-11T15:10:00.000+0000,793218.9619542402,793218.9619542402,999999.9999999999
2025-02-11T15:20:00.000+0000,793218.9619542402,793218.9619542402,999999.9999999999
2025-02-11T15:30:00.000+0000,793218.9619542402,793218.9619542402,999999.9999999999
2025-02-11T15:40:00.000+0000,793218.9619542402,793218.9619542402,999999.9999999999
2025-02-11T15:50:00.000+0000,793218.9619542402,793218.9619542402,999999.9999999999
2025-02-11T16:00:00.000+0000,793218.9619542402,793218.9619542402,999999.9999999999
2025-02-11T16:10:00.000+0000,793218.9619542402,793218.9619542402,999999.9999999999
2025-02-11T16:20:00.000+0000,793218.9619542402,793218.9619542402,999999.9999999999
2025-02-11T16:30:00.000+0000,793218.9619542402,793218.9619542402,999999.9999999999
2025-02-11T16:40:00.000+0000,793218.9619542402,793218.9619542402,999999.9999999999
2025-02-11T16:50:00.000+0000,793218.9619542402,793218.9619542402,999999.9999999999
2025-02-11T17:00:00.000+0000,793218.9619542402,793218.9619542402,999999.9999999999
2025-02-11T17:10:00.000+0000,793218.9619542402,793218.9619542402,999999.9999999999
2025-02-11T17:20:00.000+0000,793218.9619542402,793218.9619542402,999999.9999999999
2025-02-11T17:30:00.000+0000,793218.9619542402,793218.9619542402,999999.9999999999
2025-02-11T17:40:00.000+0000,793218.9619542402,793218.9619542402,999999.9999999999
2025-02-11T17:50:00.000+0000,793218.9619542402,793218.9619542402,999999.9999999999
2025-02-11T18:00:00.000+0000,793218.9619542402,793218.9619542402,999999.9999999999
2025-02-11T18:10:00.000+0000,793218.9619542402,793218.9619542402,999999.9999999999
2025-02-11T18:20:00.000+0000,793218.9619542402,793218.9619542402,999999.9999999999
2025-02-11T18:30:00.000+0000,793218.9619542402,793218.9619542402,999999.9999999999
2025-02-11T18:40:00.000+0000,793218.9619542402,793218.9619542402,999999.9999999999
2025-02-11T18:50:00.000+0000,793218.9619542402,793218.9619542402,999999.9999999999
2025-02-11T19:00:00.000+0000,793218.9619542402,793218.9619542402,999999.9999999999
2025-02-11T19:10:00.000+0000,793218.9619542402,793218.9619542402,999999.9999999999
2025-02-11T19:20:00.000+0000,793218.9619542402,793218.9619542402,999999.9999999999
2025-02-11T19:30:00.000+0000,793218.9619542402,793218.9619542402,999999.9999999999
2025-02-11T19:40:00.000+0000,793218.9619542402,793218.9619542402,999999.9999999999
2025-02-11T19:50:00.000+0000,793218.9619542402,793218.9619542402,999999.9999999999
2025-02-11T20:00:00.000+0000,793218.9619542402,793218.9619542402,999999.9999999999
2025-02-11T20:10:00.000+0000,793218.9619542402,793218.9619542402,999999.9999999999
2025-02-11T20:20:00.000+0000,793218.9619542402,793218.9619542402,999999.9999999999
2025-02-11T20:30:00.000+0000,793218.9619542402,793218.9619542402,999999.9999999999
2025-02-11T20:40:00.000+0000,793218.9619542402,793218.9619542402,999999.9999999999
2025-02-11T20:50:00.000+0000,793218.9619542402,793218.9619542402,999999.9999999999
2025-02-11T21:00:00.000+0000,793218.9619542402,793218.9619542402,999999.9999999999
2025-02-11T21:10:00.000+0000,793218.9619542402,793218.9619542402,999999.9999999999
2025-02-11T21:20:00.000+0000,793218.9619542402,793218.9619542402,999999.9999999999
2025-02-11T21:30:00.000+0000,793218.9619542402,793218.9619542402,999999.9999999999
2025-02-11T21:40:00.000+0000,793218.9619542402,793218.9619542402,999999.9999999999
2025-02-11T21:50:00.000+0000,793218.9619542402,793218.9619542402,999999.9999999999
2025-02-11T22:00:00.000+0000,793218.9619542402,793218.9619542402,999999.9999999999
2025-02-11T22:10:00.000+0000,793218.9619542402,793218.9619542402,999999.9999999999
2025-02-11T22:20:00.000+0000,793218.9619542402,793218.9619542402,999999.9999999999
2025-02-11T22:30:00.000+0000,793218.9619542402,793218.9619542402,999999.9999999999
2025-02-11T22:40:00.000+0000,793218.9619542402,793218.9619542402,999999.9999999999
2025-02-11T22:50:00.000+0000,793218.9619542402,793218.9619542402,999999.9999999999
2025-02-11T23:00:00.000+0000,793218.9619542402,793218.9619542402,999999.9999999999
2025-02-11T23:10:00.000+0000,793218.9619542402,793218.9619542402,999999.9999999999
2025-02-11T23:20:00.000+0000,793218.9619542402,793218.9619542402,999999.9999999999
2025-02-11T23:30:00.000+0000,793218.9619542402,793218.9619542402,999999.9999999999
2025-02-11T23:40:00.000+0000,793218.9619542402,793218.9619542402,999999.9999999999
2025-02-11T23:50:00.000+0000,793218.9619542402,793218.9619542402,999999.9999999999
2025-02-12T00:00:00.000+0000,793218.9619542402,793218.9619542402,999999.9999999999
2025-02-12T00:10:00.000+0000,793218.9619542402,793218.9619542402,999999.9999999999
2025-02-12T00:20:00.000+0000,793218.9619542402,793218.9619542402,999999.9999999999
2025-02-12T00:30:00.000+0000,793218.9619542402,793218.9619542402,999999.9999999999
2025-02-12T00:40:00.000+0000,793218.9619542402,793218.9619542402,999999.9999999999
2025-02-12T00:50:00.000+0000,793218.9619542402,793218.9619542402,999999.9999999999
2025-02-12T01:00:00.000+0000,793218.9619542402,793218.9619542402,999999.9999999999
2025-02-12T01:10:00.000+0000,793218.9619542402,793218.9619542402,999999.9999999999
2025-02-12T01:20:00.000+0000,793218.9619542402,793218.9619542402,999999.9999999999
2025-02-12T01:30:00.000+0000,793218.9619542402,793218.9619542402,999999.9999999999
2025-02-12T01:40:00.000+0000,793218.9619542402,793218.9619542402,999999.9999999999
2025-02-12T01:50:00.000+0000,793218.9619542402,793218.9619542402,999999.9999999999
2025-02-12T02:00:00.000+0000,793218.9619542402,793218.9619542402,999999.9999999999
2025-02-12T02:10:00.000+0000,793218.9619542402,793218.9619542402,999999.9999999999
2025-02-12T02:20:00.000+0000,793218.9619542402,793218.9619542402,999999.9999999999
2025-02-12T02:30:00.000+0000,793218.9619542402,793218.9619542402,999999.9999999999
2025-02-12T02:40:00.000+0000,793218.9619542402,793218.9619542402,999999.9999999999
2025-02-12T02:50:00.000+0000,793218.9619542402,793218.9619542402,999999.9999999999
2025-02-12T03:00:00.000+0000,793218.9619542402,793218.9619542402,999999.9999999999
2025-02-12T03:10:00.000+0000,793218.9619542402,793218.9619542402,999999.9999999999
2025-02-12T03:20:00.000+0000,793218.9619542402,793218.9619542402,999999.9999999999
2025-02-12T03:30:00.000+0000,793218.9619542402,793218.9619542402,999999.9999999999
2025-02-12T03:40:00.000+0000,793218.9619542402,793218.9619542402,999999.9999999999
2025-02-12T03:50:00.000+0000,793218.9619542402,793218.9619542402,999999.9999999999
2025-02-12T04:00:00.000+0000,793218.9619542402,793218.9619542402,999999.9999999999
2025-02-12T04:10:00.000+0000,793218.9619542402,793218.9619542402,999999.9999999999
2025-02-12T04:20:00.000+0000,793218.9619542402,793218.9619542402,999999.9999999999
2025-02-12T04:30:00.000+0000,793218.9619542402,793218.9619542402,999999.9999999999
2025-02-12T04:40:00.000+0000,793218.9619542402,793218.9619542402,999999.9999999999
2025-02-12T04:50:00.000+0000,793218.9619542402,793218.9619542402,999999.9999999999
2025-02-12T05:00:00.000+0000,793218.9619542402,793218.9619542402,999999.9999999999
2025-02-12T05:10:00.000+0000,793218.9619542402,793218.9619542402,999999.9999999999
2025-02-12T05:20:00.000+0000,793218.9619542402,793218.9619542402,999999.9999999999
2025-02-12T05:30:00.000+0000,793218.9619542402,793218.9619542402,999999.9999999999
2025-02-12T05:40:00.000+0000,793218.9619542402,793218.9619542402,999999.9999999999
2025-02-12T05:50:00.000+0000,793218.9619542402,793218.9619542402,999999.9999999999
2025-02-12T06:00:00.000+0000,793218.9619542402,793218.9619542402,999999.9999999999
2025-02-12T06:10:00.000+0000,793218.9619542402,793218.9619542402,999999.9999999999
2025-02-12T06:20:00.000+0000,793218.9619542402,793218.9619542402,999999.9999999999
2025-02-12T06:30:00.000+0000,793218.9619542402,793218.9619542402,999999.9999999999
2025-02-12T06:40:00.000+0000,793218.9619542402,793218.9619542402,999999.9999999999
2025-02-12T06:50:00.000+0000,793218.9619542402,793218.9619542402,999999.9999999999
2025-02-12T07:00:00.000+0000,793218.9619542402,793218.9619542402,999999.9999999999
2025-02-12T07:10:00.000+0000,793218.9619542402,793218.9619542402,999999.9999999999
2025-02-12T07:20:00.000+0000,793218.9619542402,793218.9619542402,999999.9999999999
2025-02-12T07:30:00.000+0000,793218.9619542402,793218.9619542402,999999.9999999999
2025-02-12T07:40:00.000+0000,793218.9619542402,793218.9619542402,999999.9999999999
2025-02-12T07:50:00.000+0000,793218.9619542402,793218.9619542402,999999.9999999999
2025-02-12T08:00:00.000+0000,793218.9619542402,793218.9619542402,999999.9999999999
2025-02-12T08:10:00.000+0000,793218.9619542402,793218.9619542402,999999.9999999999
2025-02-12T08:20:00.000+0000,793218.9619542402,793218.9619542402,999999.9999999999
2025-02-12T08:30:00.000+0000,793218.9619542402,793218.9619542402,999999.9999999999
2025-02-12T08:40:00.000+0000,793218.9619542402,793218.9619542402,999999.9999999999
2025-02-12T08:50:00.000+0000,793218.9619542402,793218.9619542402,999999.9999999999
2025-02-12T09:00:00.000+0000,793218.9619542402,793218.9619542402,999999.9999999999
2025-02-12T09:10:00.000+0000,793218.9619542402,793218.9619542402,999999.9999999999
2025-02-12T09:20:00.000+0000,793218.9619542402,793218.9619542402,999999.9999999999
2025-02-12T09:30:00.000+0000,793218.9619542402,793218.9619542402,999999.9999999999
2025-02-12T09:40:00.000+0000,793218.9619542402,793218.9619542402,999999.9999999999
2025-02-12T09:50:00.000+0000,793218.9619542402,793218.9619542402,999999.9999999999
2025-02-12T10:00:00.000+0000,793218.9619542402,793218.9619542402,999999.9999999999
2025-02-12T10:10:00.000+0000,793218.9619542402,793218.9619542402,999999.9999999999
2025-02-12T10:20:00.000+0000,793218.9619542402,793218.9619542402,999999.9999999999
2025-02-12T10:30:00.000+0000,793218.9619542402,793218.9619542402,999999.9999999999
2025-02-12T10:40:00.000+0000,793218.9619542402,793218.9619542402,999999.9999999999
2025-02-12T10:50:00.000+0000,793218.9619542402,793218.9619542402,999999.9999999999
2025-02-12T11:00:00.000+0000,793218.9619542402,793218.9619542402,999999.9999999999
2025-02-12T11:10:00.000+0000,793218.9619542402,793218.9619542402,999999.9999999999
2025-02-12T11:20:00.000+0000,793218.9619542402,793218.9619542402,999999.9999999999
2025-02-12T11:30:00.000+0000,793218.9619542402,793218.9619542402,999999.9999999999
2025-02-12T11:40:00.000+0000,793218.9619542402,793218.9619542402,999999.9999999999
2025-02-12T11:50:00.000+0000,793218.9619542402,793218.9619542402,999999.9999999999
2025-02-12T12:00:00.000+0000,793218.9619542402,793218.9619542402,999999.9999999999
2025-02-12T12:10:00.000+0000,793218.9619542402,793218.9619542402,999999.9999999999
2025-02-12T12:20:00.000+0000,793218.9619542402,793218.9619542402,999999.9999999999
2025-02-12T12:30:00.000+0000,793218.9619542402,793218.9619542402,999999.9999999999
2025-02-12T12:40:00.000+0000,793218.9619542402,793218.9619542402,999999.9999999999
2025-02-12T12:50:00.000+0000,793218.9619542402,793218.9619542402,999999.9999999999
2025-02-12T13:00:00.000+0000,793218.9619542402,793218.9619542402,999999.9999999999
2025-02-12T13:10:00.000+0000,793218.9619542402,793218.9619542402,999999.9999999999
2025-02-12T13:20:00.000+0000,793218.9619542402,793218.9619542402,999999.9999999999
2025-02-12T13:30:00.000+0000,793218.9619542402,793218.9619542402,999999.9999999999
2025-02-12T13:40:00.000+0000,793218.9619542402,793218.9619542402,999999.9999999999
2025-02-12T13:50:00.000+0000,793218.9619542402,793218.9619542402,999999.9999999999
2025-02-12T14:00:00.000+0000,793218.9619542402,793218.9619542402,999999.9999999999
2025-02-12T14:10:00.000+0000,793218.9619542402,793218.9619542402,999999.9999999999
2025-02-12T14:20:00.000+0000,793218.9619542402,793218.9619542402,999999.9999999999
2025-02-12T14:30:00.000+0000,793218.9619542402,793218.9619542402,999999.9999999999
2025-02-12T14:40:00.000+0000,793218.9619542402,793218.9619542402,999999.9999999999
2025-02-12T14:50:00.000+0000,793218.9619542402,793218.9619542402,999999.9999999999
2025-02-12T15:00:00.000+0000,793218.9619542402,793218.9619542402,999999.9999999999
2025-02-12T15:10:00.000+0000,793218.9619542402,793218.9619542402,999999.9999999999
2025-02-12T15:20:00.000+0000,793218.9619542402,793218.9619542402,999999.9999999999
2025-02-12T15:30:00.000+0000,793218.9619542402,793218.9619542402,999999.9999999999
2025-02-12T15:40:00.000+0000,793218.9619542402,793218.9619542402,999999.9999999999
2025-02-12T15:50:00.000+0000,793218.9619542402,793218.9619542402,999999.9999999999
2025-02-12T16:00:00.000+0000,793218.9619542402,793218.9619542402,999999.9999999999
2025-02-12T16:10:00.000+0000,793218.9619542402,793218.9619542402,999999.9999999999
2025-02-12T16:20:00.000+0000,793218.9619542402,793218.9619542402,999999.9999999999
2025-02-12T16:30:00.000+0000,793218.9619542402,793218.9619542402,999999.9999999999
2025-02-12T16:40:00.000+0000,793218.9619542402,793218.9619542402,999999.9999999999
2025-02-12T16:50:00.000+0000,793218.9619542402,793218.9619542402,999999.9999999999
2025-02-12T17:00:00.000+0000,793218.9619542402,793218.9619542402,999999.9999999999
2025-02-12T17:10:00.000+0000,793218.9619542402,793218.9619542402,999999.9999999999
2025-02-12T17:20:00.000+0000,793218.9619542402,793218.9619542402,999999.9999999999
2025-02-12T17:30:00.000+0000,793218.9619542402,793218.9619542402,999999.9999999999
2025-02-12T17:40:00.000+0000,793218.9619542402,793218.9619542402,999999.9999999999
2025-02-12T17:50:00.000+0000,793218.9619542402,793218.9619542402,999999.9999999999
2025-02-12T18:00:00.000+0000,793218.9619542402,793218.9619542402,999999.9999999999
2025-02-12T18:10:00.000+0000,793218.9619542402,793218.9619542402,999999.9999999999
2025-02-12T18:20:00.000+0000,793218.9619542402,793218.9619542402,999999.9999999999
2025-02-12T18:30:00.000+0000,793218.9619542402,793218.9619542402,999999.9999999999
2025-02-12T18:40:00.000+0000,793218.9619542402,793218.9619542402,999999.9999999999
2025-02-12T18:50:00.000+0000,793218.9619542402,793218.9619542402,999999.9999999999
2025-02-12T19:00:00.000+0000,793218.9619542402,793218.9619542402,999999.9999999999
2025-02-12T19:10:00.000+0000,793218.9619542402,793218.9619542402,999999.9999999999
2025-02-12T19:20:00.000+0000,793218.9619542402,793218.9619542402,999999.9999999999
2025-02-12T19:30:00.000+0000,793218.9619542402,793218.9619542402,999999.9999999999
2025-02-12T19:40:00.000+0000,793218.9619542402,793218.9619542402,999999.9999999999
2025-02-12T19:50:00.000+0000,793218.9619542402,793218.9619542402,999999.9999999999
2025-02-12T20:00:00.000+0000,793218.9619542402,793218.9619542402,999999.9999999999
2025-02-12T20:10:00.000+0000,793218.9619542402,793218.9619542402,999999.9999999999
2025-02-12T20:20:00.000+0000,793218.9619542402,793218.9619542402,999999.9999999999
2025-02-12T20:30:00.000+0000,793218.9619542402,793218.9619542402,999999.9999999999
2025-02-12T20:40:00.000+0000,793218.9619542402,793218.9619542402,999999.9999999999
2025-02-12T20:50:00.000+0000,793218.9619542402,793218.9619542402,999999.9999999999
2025-02-12T21:00:00.000+0000,793218.9619542402,793218.9619542402,999999.9999999999
2025-02-12T21:10:00.000+0000,793218.9619542402,793218.9619542402,999999.9999999999
2025-02-12T21:20:00.000+0000,793218.9619542402,793218.9619542402,999999.9999999999
2025-02-12T21:30:00.000+0000,793218.9619542402,793218.9619542402,999999.9999999999
2025-02-12T21:40:00.000+0000,793218.9619542402,793218.9619542402,999999.9999999999
2025-02-12T21:50:00.000+0000,793218.9619542402,793218.9619542402,999999.9999999999
2025-02-12T22:00:00.000+0000,793218.9619542402,793218.9619542402,999999.9999999999
2025-02-12T22:10:00.000+0000,793218.9619542402,793218.9619542402,999999.9999999999
2025-02-12T22:20:00.000+0000,793218.9619542402,793218.9619542402,999999.9999999999
2025-02-12T22:30:00.000+0000,793218.9619542402,793218.9619542402,999999.9999999999
2025-02-12T22:40:00.000+0000,793218.9619542402,793218.9619542402,999999.9999999999
2025-02-12T22:50:00.000+0000,793218.9619542402,793218.9619542402,999999.9999999999
2025-02-12T23:00:00.000+0000,793218.9619542402,793218.9619542402,999999.9999999999
2025-02-12T23:10:00.000+0000,793218.9619542402,793218.9619542402,999999.9999999999
2025-02-12T23:20:00.000+0000,793218.9619542402,793218.9619542402,999999.9999999999
2025-02-12T23:30:00.000+0000,793218.9619542402,793218.9619542402,999999.9999999999
2025-02-12T23:40:00.000+0000,793218.9619542402,793218.9619542402,999999.9999999999
2025-02-12T23:50:00.000+0000,793218.9619542402,793218.9619542402,999999.9999999999
2025-02-13T00:00:00.000+0000,793218.9619542402,793218.9619542402,999999.9999999999
2025-02-13T00:10:00.000+0000,793218.9619542402,793218.9619542402,999999.9999999999
2025-02-13T00:20:00.000+0000,793218.9619542402,793218.9619542402,999999.9999999999
2025-02-13T00:30:00.000+0000,793218.9619542402,793218.9619542402,999999.9999999999
2025-02-13T00:40:00.000+0000,793218.9619542402,793218.9619542402,999999.9999999999
2025-02-13T00:50:00.000+0000,793218.9619542402,793218.9619542402,999999.9999999999
2025-02-13T01:00:00.000+0000,793218.9619542402,793218.9619542402,999999.9999999999
2025-02-13T01:10:00.000+0000,793218.9619542402,793218.9619542402,999999.9999999999
2025-02-13T01:20:00.000+0000,793218.9619542402,793218.9619542402,999999.9999999999
2025-02-13T01:30:00.000+0000,793218.9619542402,793218.9619542402,999999.9999999999
2025-02-13T01:40:00.000+0000,793218.9619542402,793218.9619542402,999999.9999999999
2025-02-13T01:50:00.000+0000,793218.9619542402,793218.9619542402,999999.9999999999
2025-02-13T02:00:00.000+0000,793218.9619542402,793218.9619542402,999999.9999999999
2025-02-13T02:10:00.000+0000,793218.9619542402,793218.9619542402,999999.9999999999
2025-02-13T02:20:00.000+0000,793218.9619542402,793218.9619542402,999999.9999999999
2025-02-13T02:30:00.000+0000,793218.9619542402,793218.9619542402,999999.9999999999
2025-02-13T02:40:00.000+0000,793218.9619542402,793218.9619542402,999999.9999999999
2025-02-13T02:50:00.000+0000,793218.9619542402,793218.9619542402,999999.9999999999
2025-02-13T03:00:00.000+0000,793218.9619542402,793218.9619542402,999999.9999999999
2025-02-13T03:10:00.000+0000,793218.9619542402,793218.9619542402,999999.9999999999
2025-02-13T03:20:00.000+0000,793218.9619542402,793218.9619542402,999999.9999999999
2025-02-13T03:30:00.000+0000,793218.9619542402,793218.9619542402,999999.9999999999
2025-02-13T03:40:00.000+0000,793218.9619542402,793218.9619542402,999999.9999999999
2025-02-13T03:50:00.000+0000,793218.9619542402,793218.9619542402,999999.9999999999
2025-02-13T04:00:00.000+0000,793218.9619542402,793218.9619542402,999999.9999999999
2025-02-13T04:10:00.000+0000,793218.9619542402,793218.9619542402,999999.9999999999
2025-02-13T04:20:00.000+0000,793218.9619542402,793218.9619542402,999999.9999999999
2025-02-13T04:30:00.000+0000,793218.9619542402,793218.9619542402,999999.9999999999
2025-02-13T04:40:00.000+0000,793218.9619542402,793218.9619542402,999999.9999999999
2025-02-13T04:50:00.000+0000,793218.9619542402,793218.9619542402,999999.9999999999
2025-02-13T05:00:00.000+0000,793218.9619542402,793218.9619542402,999999.9999999999
2025-02-13T05:10:00.000+0000,793218.9619542402,793218.9619542402,999999.9999999999
2025-02-13T05:20:00.000+0000,793218.9619542402,793218.9619542402,999999.9999999999
2025-02-13T05:30:00.000+0000,793218.9619542402,793218.9619542402,999999.9999999999
2025-02-13T05:40:00.000+0000,793218.9619542402,793218.9619542402,999999.9999999999
2025-02-13T05:50:00.000+0000,793218.9619542402,793218.9619542402,999999.9999999999
2025-02-13T06:00:00.000+0000,793218.9619542402,793218.9619542402,999999.9999999999
2025-02-13T06:10:00.000+0000,793218.9619542402,793218.9619542402,999999.9999999999
2025-02-13T06:20:00.000+0000,793218.9619542402,793218.9619542402,999999.9999999999
2025-02-13T06:30:00.000+0000,793218.9619542402,793218.9619542402,999999.9999999999
2025-02-13T06:40:00.000+0000,793218.9619542402,793218.9619542402,999999.9999999999
2025-02-13T06:50:00.000+0000,793218.9619542402,793218.9619542402,999999.9999999999
2025-02-13T07:00:00.000+0000,793218.9619542402,793218.9619542402,999999.9999999999
2025-02-13T07:10:00.000+0000,793218.9619542402,793218.9619542402,999999.9999999999
2025-02-13T07:20:00.000+0000,793218.9619542402,793218.9619542402,999999.9999999999
2025-02-13T07:30:00.000+0000,793218.9619542402,793218.9619542402,999999.9999999999
2025-02-13T07:40:00.000+0000,793218.9619542402,793218.9619542402,999999.9999999999
2025-02-13T07:50:00.000+0000,793218.9619542402,793218.9619542402,999999.9999999999
2025-02-13T08:00:00.000+0000,793218.9619542402,793218.9619542402,999999.9999999999
2025-02-13T08:10:00.000+0000,793218.9619542402,793218.9619542402,999999.9999999999
2025-02-13T08:20:00.000+0000,793218.9619542402,793218.9619542402,999999.9999999999
2025-02-13T08:30:00.000+0000,793218.9619542402,793218.9619542402,999999.9999999999
2025-02-13T08:40:00.000+0000,793218.9619542402,793218.9619542402,999999.9999999999
2025-02-13T08:50:00.000+0000,793218.9619542402,793218.9619542402,999999.9999999999
2025-02-13T09:00:00.000+0000,793218.9619542402,793218.9619542402,999999.9999999999
2025-02-13T09:10:00.000+0000,793218.9619542402,793218.9619542402,999999.9999999999
2025-02-13T09:20:00.000+0000,793218.9619542402,793218.9619542402,999999.9999999999
2025-02-13T09:30:00.000+0000,793218.9619542402,793218.9619542402,999999.9999999999
2025-02-13T09:40:00.000+0000,793218.9619542402,793218.9619542402,999999.9999999999
2025-02-13T09:50:00.000+0000,793218.9619542402,793218.9619542402,999999.9999999999
2025-02-13T10:00:00.000+0000,793218.9619542402,793218.9619542402,999999.9999999999
2025-02-13T10:10:00.000+0000,793218.9619542402,793218.9619542402,999999.9999999999
2025-02-13T10:20:00.000+0000,793218.9619542402,793218.9619542402,999999.9999999999
2025-02-13T10:30:00.000+0000,793218.9619542402,793218.9619542402,999999.9999999999
2025-02-13T10:40:00.000+0000,793218.9619542402,793218.9619542402,999999.9999999999
2025-02-13T10:50:00.000+0000,793218.9619542402,793218.9619542402,999999.9999999999
2025-02-13T11:00:00.000+0000,793218.9619542402,793218.9619542402,999999.9999999999
2025-02-13T11:10:00.000+0000,793218.9619542402,793218.9619542402,999999.9999999999
2025-02-13T11:20:00.000+0000,793218.9619542402,793218.9619542402,999999.9999999999
2025-02-13T11:30:00.000+0000,793218.9619542402,793218.9619542402,999999.9999999999
2025-02-13T11:40:00.000+0000,793218.9619542402,793218.9619542402,999999.9999999999
2025-02-13T11:50:00.000+0000,793218.9619542402,793218.9619542402,999999.9999999999
2025-02-13T12:00:00.000+0000,793218.9619542402,793218.9619542402,999999.9999999999
2025-02-13T12:10:00.000+0000,793218.9619542402,793218.9619542402,999999.9999999999
2025-02-13T12:20:00.000+0000,793218.9619542402,793218.9619542402,999999.9999999999
2025-02-13T12:30:00.000+0000,793218.9619542402,793218.9619542402,999999.9999999999
2025-02-13T12:40:00.000+0000,793218.9619542402,793218.9619542402,999999.9999999999
2025-02-13T12:50:00.000+0000,793218.9619542402,793218.9619542402,999999.9999999999
2025-02-13T13:00:00.000+0000,793218.9619542402,793218.9619542402,999999.9999999999
2025-02-13T13:10:00.000+0000,793218.9619542402,793218.9619542402,999999.9999999999
2025-02-13T13:20:00.000+0000,793218.9619542402,793218.9619542402,999999.9999999999
2025-02-13T13:30:00.000+0000,793218.9619542402,793218.9619542402,999999.9999999999
2025-02-13T13:40:00.000+0000,793218.9619542402,793218.9619542402,999999.9999999999
2025-02-13T13:50:00.000+0000,793218.9619542402,793218.9619542402,999999.9999999999
2025-02-13T14:00:00.000+0000,793218.9619542402,793218.9619542402,999999.9999999999
2025-02-13T14:10:00.000+0000,793218.9619542402,793218.9619542402,999999.9999999999
2025-02-13T14:20:00.000+0000,793218.9619542402,793218.9619542402,999999.9999999999
2025-02-13T14:30:00.000+0000,793218.9619542402,793218.9619542402,999999.9999999999
2025-02-13T14:40:00.000+0000,793218.9619542402,793218.9619542402,999999.9999999999
2025-02-13T14:50:00.000+0000,793218.9619542402,793218.9619542402,999999.9999999999
2025-02-13T15:00:00.000+0000,793218.9619542402,793218.9619542402,999999.9999999999
2025-02-13T15:10:00.000+0000,793218.9619542402,793218.9619542402,999999.9999999999
2025-02-13T15:20:00.000+0000,793218.9619542402,793218.9619542402,999999.9999999999
2025-02-13T15:30:00.000+0000,793218.9619542402,793218.9619542402,999999.9999999999
2025-02-13T15:40:00.000+0000,793218.9619542402,793218.9619542402,999999.9999999999
2025-02-13T15:50:00.000+0000,793218.9619542402,793218.9619542402,999999.9999999999
2025-02-13T16:00:00.000+0000,793218.9619542402,793218.9619542402,999999.9999999999
2025-02-13T16:10:00.000+0000,793218.9619542402,793218.9619542402,999999.9999999999
2025-02-13T16:20:00.000+0000,793218.9619542402,793218.9619542402,999999.9999999999
2025-02-13T16:30:00.000+0000,793218.9619542402,793218.9619542402,999999.9999999999
2025-02-13T16:40:00.000+0000,793218.9619542402,793218.9619542402,999999.9999999999
2025-02-13T16:50:00.000+0000,793218.9619542402,793218.9619542402,999999.9999999999
2025-02-13T17:00:00.000+0000,793218.9619542402,793218.9619542402,999999.9999999999
2025-02-13T17:10:00.000+0000,793218.9619542402,793218.9619542402,999999.9999999999
2025-02-13T17:20:00.000+0000,793218.9619542402,793218.9619542402,999999.9999999999
2025-02-13T17:30:00.000+0000,793218.9619542402,793218.9619542402,999999.9999999999
2025-02-13T17:40:00.000+0000,793218.9619542402,793218.9619542402,999999.9999999999
2025-02-13T17:50:00.000+0000,793218.9619542402,793218.9619542402,999999.9999999999
2025-02-13T18:00:00.000+0000,793218.9619542402,793218.9619542402,999999.9999999999
2025-02-13T18:10:00.000+0000,793218.9619542402,793218.9619542402,999999.9999999999
2025-02-13T18:20:00.000+0000,793218.9619542402,793218.9619542402,999999.9999999999
2025-02-13T18:30:00.000+0000,793218.9619542402,793218.9619542402,999999.9999999999
2025-02-13T18:40:00.000+0000,793218.9619542402,793218.9619542402,999999.9999999999
2025-02-13T18:50:00.000+0000,793218.9619542402,793218.9619542402,999999.9999999999
2025-02-13T19:00:00.000+0000,793218.9619542402,793218.9619542402,999999.9999999999
2025-02-13T19:10:00.000+0000,793218.9619542402,793218.9619542402,999999.9999999999
2025-02-13T19:20:00.000+0000,793218.9619542402,793218.9619542402,999999.9999999999
2025-02-13T19:30:00.000+0000,793218.9619542402,793218.9619542402,999999.9999999999
2025-02-13T19:40:00.000+0000,793218.9619542402,793218.9619542402,999999.9999999999
2025-02-13T19:50:00.000+0000,793218.9619542402,793218.9619542402,999999.9999999999
2025-02-13T20:00:00.000+0000,793218.9619542402,793218.9619542402,999999.9999999999
2025-02-13T20:10:00.000+0000,793218.9619542402,793218.9619542402,999999.9999999999
2025-02-13T20:20:00.000+0000,793218.9619542402,793218.9619542402,999999.9999999999
2025-02-13T20:30:00.000+0000,793218.9619542402,793218.9619542402,999999.9999999999
2025-02-13T20:40:00.000+0000,793218.9619542402,793218.9619542402,999999.9999999999
2025-02-13T20:50:00.000+0000,793218.9619542402,793218.9619542402,999999.9999999999
2025-02-13T21:00:00.000+0000,793218.9619542402,793218.9619542402,999999.9999999999
2025-02-13T21:10:00.000+0000,793218.9619542402,793218.9619542402,999999.9999999999
2025-02-13T21:20:00.000+0000,793218.9619542402,793218.9619542402,999999.9999999999
2025-02-13T21:30:00.000+0000,793218.9619542402,793218.9619542402,999999.9999999999
2025-02-13T21:40:00.000+0000,793218.9619542402,793218.9619542402,999999.9999999999
2025-02-13T21:50:00.000+0000,793218.9619542402,793218.9619542402,999999.9999999999
2025-02-13T22:00:00.000+0000,793218.9619542402,793218.9619542402,999999.9999999999
2025-02-13T22:10:00.000+0000,793218.9619542402,793218.9619542402,999999.9999999999
2025-02-13T22:20:00.000+0000,793218.9619542402,793218.9619542402,999999.9999999999
2025-02-13T22:30:00.000+0000,793218.9619542402,793218.9619542402,999999.9999999999
2025-02-13T22:40:00.000+0000,793218.9619542402,793218.9619542402,999999.9999999999
2025-02-13T22:50:00.000+0000,793218.9619542402,793218.9619542402,999999.9999999999
2025-02-13T23:00:00.000+0000,793218.9619542402,793218.9619542402,999999.9999999999
2025-02-13T23:10:00.000+0000,793218.9619542402,793218.9619542402,999999.9999999999
2025-02-13T23:20:00.000+0000,793218.9619542402,793218.9619542402,999999.9999999999
2025-02-13T23:30:00.000+0000,793218.9619542402,793218.9619542402,999999.9999999999
2025-02-13T23:40:00.000+0000,793218.9619542402,793218.9619542402,999999.9999999999
2025-02-13T23:50:00.000+0000,793218.9619542402,793218.9619542402,999999.9999999999
2025-02-14T00:00:00.000+0000,793218.9619542402,793218.9619542402,999999.9999999999
2025-02-14T00:10:00.000+0000,793218.9619542402,793218.9619542402,999999.9999999999
2025-02-14T00:20:00.000+0000,793218.9619542402,793218.9619542402,999999.9999999999
2025-02-14T00:30:00.000+0000,793218.9619542402,793218.9619542402,999999.9999999999
2025-02-14T00:40:00.000+0000,793218.9619542402,793218.9619542402,999999.9999999999
2025-02-14T00:50:00.000+0000,793218.9619542402,793218.9619542402,999999.9999999999
2025-02-14T01:00:00.000+0000,793218.9619542402,793218.9619542402,999999.9999999999
2025-02-14T01:10:00.000+0000,793218.9619542402,793218.9619542402,999999.9999999999
2025-02-14T01:20:00.000+0000,793218.9619542402,793218.9619542402,999999.9999999999
2025-02-14T01:30:00.000+0000,793218.9619542402,793218.9619542402,999999.9999999999
2025-02-14T01:40:00.000+0000,793218.9619542402,793218.9619542402,999999.9999999999
2025-02-14T01:50:00.000+0000,793218.9619542402,793218.9619542402,999999.9999999999
2025-02-14T02:00:00.000+0000,793218.9619542402,793218.9619542402,999999.9999999999
2025-02-14T02:10:00.000+0000,793218.9619542402,793218.9619542402,999999.9999999999
2025-02-14T02:20:00.000+0000,793218.9619542402,793218.9619542402,999999.9999999999
2025-02-14T02:30:00.000+0000,793218.9619542402,793218.9619542402,999999.9999999999
2025-02-14T02:40:00.000+0000,793218.9619542402,793218.9619542402,999999.9999999999
2025-02-14T02:50:00.000+0000,793218.9619542402,793218.9619542402,999999.9999999999
2025-02-14T03:00:00.000+0000,793218.9619542402,793218.9619542402,999999.9999999999
2025-02-14T03:10:00.000+0000,793218.9619542402,793218.9619542402,999999.9999999999
2025-02-14T03:20:00.000+0000,793218.9619542402,793218.9619542402,999999.9999999999
2025-02-14T03:30:00.000+0000,793218.9619542402,793218.9619542402,999999.9999999999
2025-02-14T03:40:00.000+0000,793218.9619542402,793218.9619542402,999999.9999999999
2025-02-14T03:50:00.000+0000,793218.9619542402,793218.9619542402,999999.9999999999
2025-02-14T04:00:00.000+0000,793218.9619542402,793218.9619542402,999999.9999999999
2025-02-14T04:10:00.000+0000,793218.9619542402,793218.9619542402,999999.9999999999
2025-02-14T04:20:00.000+0000,793218.9619542402,793218.9619542402,999999.9999999999
2025-02-14T04:30:00.000+0000,793218.9619542402,793218.9619542402,999999.9999999999
2025-02-14T04:40:00.000+0000,793218.9619542402,793218.9619542402,999999.9999999999
2025-02-14T04:50:00.000+0000,793218.9619542402,793218.9619542402,999999.9999999999
2025-02-14T05:00:00.000+0000,793218.9619542402,793218.9619542402,999999.9999999999
2025-02-14T05:10:00.000+0000,793218.9619542402,793218.9619542402,999999.9999999999
2025-02-14T05:20:00.000+0000,793218.9619542402,793218.9619542402,999999.9999999999
2025-02-14T05:30:00.000+0000,793218.9619542402,793218.9619542402,999999.9999999999
2025-02-14T05:40:00.000+0000,793218.9619542402,793218.9619542402,999999.9999999999
2025-02-14T05:50:00.000+0000,793218.9619542402,793218.9619542402,999999.9999999999
2025-02-14T06:00:00.000+0000,793218.9619542402,793218.9619542402,999999.9999999999
2025-02-14T06:10:00.000+0000,793218.9619542402,793218.9619542402,999999.9999999999
2025-02-14T06:20:00.000+0000,793218.9619542402,793218.9619542402,999999.9999999999
2025-02-14T06:30:00.000+0000,793218.9619542402,793218.9619542402,999999.9999999999
2025-02-14T06:40:00.000+0000,793218.9619542402,793218.9619542402,999999.9999999999
2025-02-14T06:50:00.000+0000,793218.9619542402,793218.9619542402,999999.9999999999
2025-02-14T07:00:00.000+0000,793218.9619542402,793218.9619542402,999999.9999999999
2025-02-14T07:10:00.000+0000,793218.9619542402,793218.9619542402,999999.9999999999
2025-02-14T07:20:00.000+0000,793218.9619542402,793218.9619542402,999999.9999999999
2025-02-14T07:30:00.000+0000,793218.9619542402,793218.9619542402,999999.9999999999
2025-02-14T07:40:00.000+0000,793218.9619542402,793218.9619542402,999999.9999999999
2025-02-14T07:50:00.000+0000,793218.9619542402,793218.9619542402,999999.9999999999
2025-02-14T08:00:00.000+0000,793218.9619542402,793218.9619542402,999999.9999999999
2025-02-14T08:10:00.000+0000,793218.9619542402,793218.9619542402,999999.9999999999
2025-02-14T08:20:00.000+0000,793218.9619542402,793218.9619542402,999999.9999999999
2025-02-14T08:30:00.000+0000,793218.9619542402,793218.9619542402,999999.9999999999
2025-02-14T08:40:00.000+0000,793218.9619542402,793218.9619542402,999999.9999999999
2025-02-14T08:50:00.000+0000,793218.9619542402,793218.9619542402,999999.9999999999
2025-02-14T09:00:00.000+0000,793218.9619542402,793218.9619542402,999999.9999999999
2025-02-14T09:10:00.000+0000,793218.9619542402,793218.9619542402,999999.9999999999
2025-02-14T09:20:00.000+0000,793218.9619542402,793218.9619542402,999999.9999999999
2025-02-14T09:30:00.000+0000,793218.9619542402,793218.9619542402,999999.9999999999
2025-02-14T09:40:00.000+0000,793218.9619542402,793218.9619542402,999999.9999999999
2025-02-14T09:50:00.000+0000,793218.9619542402,793218.9619542402,999999.9999999999
2025-02-14T10:00:00.000+0000,793218.9619542402,793218.9619542402,999999.9999999999
2025-02-14T10:10:00.000+0000,793218.9619542402,793218.9619542402,999999.9999999999
2025-02-14T10:20:00.000+0000,793218.9619542402,793218.9619542402,999999.9999999999
2025-02-14T10:30:00.000+0000,793218.9619542402,793218.9619542402,999999.9999999999
2025-02-14T10:40:00.000+0000,793218.9619542402,793218.9619542402,999999.9999999999
2025-02-14T10:50:00.000+0000,793218.9619542402,793218.9619542402,999999.9999999999
2025-02-14T11:00:00.000+0000,793218.9619542402,793218.9619542402,999999.9999999999
2025-02-14T11:10:00.000+0000,793218.9619542402,793218.9619542402,999999.9999999999
2025-02-14T11:20:00.000+0000,793218.9619542402,793218.9619542402,999999.9999999999
2025-02-14T11:30:00.000+0000,793218.9619542402,793218.9619542402,999999.9999999999
2025-02-14T11:40:00.000+0000,793218.9619542402,793218.9619542402,999999.9999999999
2025-02-14T11:50:00.000+0000,793218.9619542402,793218.9619542402,999999.9999999999
2025-02-14T12:00:00.000+0000,793218.9619542402,793218.9619542402,999999.9999999999
2025-02-14T12:10:00.000+0000,793218.9619542402,793218.9619542402,999999.9999999999
2025-02-14T12:20:00.000+0000,793218.9619542402,793218.9619542402,999999.9999999999
2025-02-14T12:30:00.000+0000,793218.9619542402,793218.9619542402,999999.9999999999
2025-02-14T12:40:00.000+0000,793218.9619542402,793218.9619542402,999999.9999999999
2025-02-14T12:50:00.000+0000,793218.9619542402,793218.9619542402,999999.9999999999
2025-02-14T13:00:00.000+0000,793218.9619542402,793218.9619542402,999999.9999999999
2025-02-14T13:10:00.000+0000,793218.9619542402,793218.9619542402,999999.9999999999
2025-02-14T13:20:00.000+0000,793218.9619542402,793218.9619542402,999999.9999999999
2025-02-14T13:30:00.000+0000,793218.9619542402,793218.9619542402,999999.9999999999
2025-02-14T13:40:00.000+0000,793218.9619542402,793218.9619542402,999999.9999999999
2025-02-14T13:50:00.000+0000,793218.9619542402,793218.9619542402,999999.9999999999
2025-02-14T14:00:00.000+0000,793218.9619542402,793218.9619542402,999999.9999999999
2025-02-14T14:10:00.000+0000,793218.9619542402,793218.9619542402,999999.9999999999
2025-02-14T14:20:00.000+0000,793218.9619542402,793218.9619542402,999999.9999999999
2025-02-14T14:30:00.000+0000,793218.9619542402,793218.9619542402,999999.9999999999
2025-02-14T14:40:00.000+0000,793218.9619542402,793218.9619542402,999999.9999999999
2025-02-14T14:50:00.000+0000,793218.9619542402,793218.9619542402,999999.9999999999
2025-02-14T15:00:00.000+0000,793218.9619542402,793218.9619542402,999999.9999999999
2025-02-14T15:10:00.000+0000,793218.9619542402,793218.9619542402,999999.9999999999
2025-02-14T15:20:00.000+0000,793218.9619542402,793218.9619542402,999999.9999999999
2025-02-14T15:30:00.000+0000,793218.9619542402,793218.9619542402,999999.9999999999
2025-02-14T15:40:00.000+0000,793218.9619542402,793218.9619542402,999999.9999999999
2025-02-14T15:50:00.000+0000,793218.9619542402,793218.9619542402,999999.9999999999
2025-02-14T16:00:00.000+0000,793218.9619542402,793218.9619542402,999999.9999999999
2025-02-14T16:10:00.000+0000,793218.9619542402,793218.9619542402,999999.9999999999
2025-02-14T16:20:00.000+0000,793218.9619542402,793218.9619542402,999999.9999999999
2025-02-14T16:30:00.000+0000,793218.9619542402,793218.9619542402,999999.9999999999
2025-02-14T16:40:00.000+0000,793218.9619542402,793218.9619542402,999999.9999999999
2025-02-14T16:50:00.000+0000,793218.9619542402,793218.9619542402,999999.9999999999
2025-02-14T17:00:00.000+0000,793218.9619542402,793218.9619542402,999999.9999999999
2025-02-14T17:10:00.000+0000,793218.9619542402,793218.9619542402,999999.9999999999
2025-02-14T17:20:00.000+0000,793218.9619542402,793218.9619542402,999999.9999999999
2025-02-14T17:30:00.000+0000,793218.9619542402,793218.9619542402,999999.9999999999
2025-02-14T17:40:00.000+0000,793218.9619542402,793218.9619542402,999999.9999999999
2025-02-14T17:50:00.000+0000,793218.9619542402,793218.9619542402,999999.9999999999
2025-02-14T18:00:00.000+0000,793218.9619542402,793218.9619542402,999999.9999999999
2025-02-14T18:10:00.000+0000,793218.9619542402,793218.9619542402,999999.9999999999
2025-02-14T18:20:00.000+0000,793218.9619542402,793218.9619542402,999999.9999999999
2025-02-14T18:30:00.000+0000,793218.9619542402,793218.9619542402,999999.9999999999
2025-02-14T18:40:00.000+0000,793218.9619542402,793218.9619542402,999999.9999999999
2025-02-14T18:50:00.000+0000,793218.9619542402,793218.9619542402,999999.9999999999
2025-02-14T19:00:00.000+0000,793218.9619542402,793218.9619542402,999999.9999999999
2025-02-14T19:10:00.000+0000,793218.9619542402,793218.9619542402,999999.9999999999
2025-02-14T19:20:00.000+0000,793218.9619542402,793218.9619542402,999999.9999999999
2025-02-14T19:30:00.000+0000,793218.9619542402,793218.9619542402,999999.9999999999
2025-02-14T19:40:00.000+0000,793218.9619542402,793218.9619542402,999999.9999999999
2025-02-14T19:50:00.000+0000,793218.9619542402,793218.9619542402,999999.9999999999
2025-02-14T20:00:00.000+0000,793218.9619542402,793218.9619542402,999999.9999999999
2025-02-14T20:10:00.000+0000,793218.9619542402,793218.9619542402,999999.9999999999
2025-02-14T20:20:00.000+0000,793218.9619542402,793218.9619542402,999999.9999999999
2025-02-14T20:30:00.000+0000,793218.9619542402,793218.9619542402,999999.9999999999
2025-02-14T20:40:00.000+0000,793218.9619542402,793218.9619542402,999999.9999999999
2025-02-14T20:50:00.000+0000,793218.9619542402,793218.9619542402,999999.9999999999
2025-02-14T21:00:00.000+0000,793218.9619542402,793218.9619542402,999999.9999999999
2025-02-14T21:10:00.000+0000,793218.9619542402,793218.9619542402,999999.9999999999
2025-02-14T21:20:00.000+0000,793218.9619542402,793218.9619542402,999999.9999999999
2025-02-14T21:30:00.000+0000,793218.9619542402,793218.9619542402,999999.9999999999
2025-02-14T21:40:00.000+0000,793218.9619542402,793218.9619542402,999999.9999999999
2025-02-14T21:50:00.000+0000,793218.9619542402,793218.9619542402,999999.9999999999
2025-02-14T22:00:00.000+0000,793218.9619542402,793218.9619542402,999999.9999999999
2025-02-14T22:10:00.000+0000,793218.9619542402,793218.9619542402,999999.9999999999
2025-02-14T22:20:00.000+0000,793218.9619542402,793218.9619542402,999999.9999999999
2025-02-14T22:30:00.000+0000,793218.9619542402,793218.9619542402,999999.9999999999
2025-02-14T22:40:00.000+0000,793218.9619542402,793218.9619542402,999999.9999999999
2025-02-14T22:50:00.000+0000,793218.9619542402,793218.9619542402,999999.9999999999
2025-02-14T23:00:00.000+0000,793218.9619542402,793218.9619542402,999999.9999999999
2025-02-14T23:10:00.000+0000,793218.9619542402,793218.9619542402,999999.9999999999
2025-02-14T23:20:00.000+0000,793218.9619542402,793218.9619542402,999999.9999999999
2025-02-14T23:30:00.000+0000,793218.9619542402,793218.9619542402,999999.9999999999
2025-02-14T23:40:00.000+0000,793218.9619542402,793218.9619542402,999999.9999999999
2025-02-14T23:50:00.000+0000,793218.9619542402,793218.9619542402,999999.9999999999
2025-02-15T00:00:00.000+0000,793218.9619542402,793218.9619542402,999999.9999999999
2025-02-15T00:10:00.000+0000,793218.9619542402,793218.9619542402,999999.9999999999
2025-02-15T00:20:00.000+0000,793218.9619542402,793218.9619542402,999999.9999999999
2025-02-15T00:30:00.000+0000,793218.9619542402,793218.9619542402,999999.9999999999
2025-02-15T00:40:00.000+0000,793218.9619542402,793218.9619542402,999999.9999999999
2025-02-15T00:50:00.000+0000,793218.9619542402,793218.9619542402,999999.9999999999
2025-02-15T01:00:00.000+0000,793218.9619542402,793218.9619542402,999999.9999999999
2025-02-15T01:10:00.000+0000,793218.9619542402,793218.9619542402,999999.9999999999
2025-02-15T01:20:00.000+0000,793218.9619542402,793218.9619542402,999999.9999999999
2025-02-15T01:30:00.000+0000,793218.9619542402,793218.9619542402,999999.9999999999
2025-02-15T01:40:00.000+0000,793218.9619542402,793218.9619542402,999999.9999999999
2025-02-15T01:50:00.000+0000,793218.9619542402,793218.9619542402,999999.9999999999
2025-02-15T02:00:00.000+0000,793218.9619542402,793218.9619542402,999999.9999999999
2025-02-15T02:10:00.000+0000,793218.9619542402,793218.9619542402,999999.9999999999
2025-02-15T02:20:00.000+0000,793218.9619542402,793218.9619542402,999999.9999999999
2025-02-15T02:30:00.000+0000,793218.9619542402,793218.9619542402,999999.9999999999
2025-02-15T02:40:00.000+0000,793218.9619542402,793218.9619542402,999999.9999999999
2025-02-15T02:50:00.000+0000,793218.9619542402,793218.9619542402,999999.9999999999
2025-02-15T03:00:00.000+0000,793218.9619542402,793218.9619542402,999999.9999999999
2025-02-15T03:10:00.000+0000,793218.9619542402,793218.9619542402,999999.9999999999
2025-02-15T03:20:00.000+0000,793218.9619542402,793218.9619542402,999999.9999999999
2025-02-15T03:30:00.000+0000,793218.9619542402,793218.9619542402,999999.9999999999
2025-02-15T03:40:00.000+0000,793218.9619542402,793218.9619542402,999999.9999999999
2025-02-15T03:50:00.000+0000,793218.9619542402,793218.9619542402,999999.9999999999
2025-02-15T04:00:00.000+0000,793218.9619542402,793218.9619542402,999999.9999999999
2025-02-15T04:10:00.000+0000,793218.9619542402,793218.9619542402,999999.9999999999
2025-02-15T04:20:00.000+0000,793218.9619542402,793218.9619542402,999999.9999999999
2025-02-15T04:30:00.000+0000,793218.9619542402,793218.9619542402,999999.9999999999
2025-02-15T04:40:00.000+0000,793218.9619542402,793218.9619542402,999999.9999999999
2025-02-15T04:50:00.000+0000,793218.9619542402,793218.9619542402,999999.9999999999
2025-02-15T05:00:00.000+0000,793218.9619542402,793218.9619542402,999999.9999999999
2025-02-15T05:10:00.000+0000,793218.9619542402,793218.9619542402,999999.9999999999
2025-02-15T05:20:00.000+0000,793218.9619542402,793218.9619542402,999999.9999999999
2025-02-15T05:30:00.000+0000,793218.9619542402,793218.9619542402,999999.9999999999
2025-02-15T05:40:00.000+0000,793218.9619542402,793218.9619542402,999999.9999999999
2025-02-15T05:50:00.000+0000,793218.9619542402,793218.9619542402,999999.9999999999
2025-02-15T06:00:00.000+0000,793218.9619542402,793218.9619542402,999999.9999999999
2025-02-15T06:10:00.000+0000,793218.9619542402,793218.9619542402,999999.9999999999
2025-02-15T06:20:00.000+0000,793218.9619542402,793218.9619542402,999999.9999999999
2025-02-15T06:30:00.000+0000,793218.9619542402,793218.9619542402,999999.9999999999
2025-02-15T06:40:00.000+0000,793218.9619542402,793218.9619542402,999999.9999999999
2025-02-15T06:50:00.000+0000,793218.9619542402,793218.9619542402,999999.9999999999
2025-02-15T07:00:00.000+0000,793218.9619542402,793218.9619542402,999999.9999999999
2025-02-15T07:10:00.000+0000,793218.9619542402,793218.9619542402,999999.9999999999
2025-02-15T07:20:00.000+0000,793218.9619542402,793218.9619542402,999999.9999999999
2025-02-15T07:30:00.000+0000,793218.9619542402,793218.9619542402,999999.9999999999
2025-02-15T07:40:00.000+0000,793218.9619542402,793218.9619542402,999999.9999999999
2025-02-15T07:50:00.000+0000,793218.9619542402,793218.9619542402,999999.9999999999
2025-02-15T08:00:00.000+0000,793218.9619542402,793218.9619542402,999999.9999999999
2025-02-15T08:10:00.000+0000,793218.9619542402,793218.9619542402,999999.9999999999
2025-02-15T08:20:00.000+0000,793218.9619542402,793218.9619542402,999999.9999999999
2025-02-15T08:30:00.000+0000,793218.9619542402,793218.9619542402,999999.9999999999
2025-02-15T08:40:00.000+0000,793218.9619542402,793218.9619542402,999999.9999999999
2025-02-15T08:50:00.000+0000,793218.9619542402,793218.9619542402,999999.9999999999
2025-02-15T09:00:00.000+0000,793218.9619542402,793218.9619542402,999999.9999999999
2025-02-15T09:10:00.000+0000,793218.9619542402,793218.9619542402,999999.9999999999
2025-02-15T09:20:00.000+0000,793218.9619542402,793218.9619542402,999999.9999999999
2025-02-15T09:30:00.000+0000,793218.9619542402,793218.9619542402,999999.9999999999
2025-02-15T09:40:00.000+0000,793218.9619542402,793218.9619542402,999999.9999999999
2025-02-15T09:50:00.000+0000,793218.9619542402,793218.9619542402,999999.9999999999
2025-02-15T10:00:00.000+0000,793218.9619542402,793218.9619542402,999999.9999999999
2025-02-15T10:10:00.000+0000,793218.9619542402,793218.9619542402,999999.9999999999
2025-02-15T10:20:00.000+0000,793218.9619542402,793218.9619542402,999999.9999999999
2025-02-15T10:30:00.000+0000,793218.9619542402,793218.9619542402,999999.9999999999
2025-02-15T10:40:00.000+0000,793218.9619542402,793218.9619542402,999999.9999999999
2025-02-15T10:50:00.000+0000,793218.9619542402,793218.9619542402,999999.9999999999
2025-02-15T11:00:00.000+0000,793218.9619542402,793218.9619542402,999999.9999999999
2025-02-15T11:10:00.000+0000,793218.9619542402,793218.9619542402,999999.9999999999
2025-02-15T11:20:00.000+0000,793218.9619542402,793218.9619542402,999999.9999999999
2025-02-15T11:30:00.000+0000,793218.9619542402,793218.9619542402,999999.9999999999
2025-02-15T11:40:00.000+0000,793218.9619542402,793218.9619542402,999999.9999999999
2025-02-15T11:50:00.000+0000,793218.9619542402,793218.9619542402,999999.9999999999
2025-02-15T12:00:00.000+0000,793218.9619542402,793218.9619542402,999999.9999999999
2025-02-15T12:10:00.000+0000,793218.9619542402,793218.9619542402,999999.9999999999
2025-02-15T12:20:00.000+0000,793218.9619542402,793218.9619542402,999999.9999999999
2025-02-15T12:30:00.000+0000,793218.9619542402,793218.9619542402,999999.9999999999
2025-02-15T12:40:00.000+0000,793218.9619542402,793218.9619542402,999999.9999999999
2025-02-15T12:50:00.000+0000,793218.9619542402,793218.9619542402,999999.9999999999
2025-02-15T13:00:00.000+0000,793218.9619542402,793218.9619542402,999999.9999999999
2025-02-15T13:10:00.000+0000,793218.9619542402,793218.9619542402,999999.9999999999
2025-02-15T13:20:00.000+0000,793218.9619542402,793218.9619542402,999999.9999999999
2025-02-15T13:30:00.000+0000,793218.9619542402,793218.9619542402,999999.9999999999
2025-02-15T13:40:00.000+0000,793218.9619542402,793218.9619542402,999999.9999999999
2025-02-15T13:50:00.000+0000,793218.9619542402,793218.9619542402,999999.9999999999
2025-02-15T14:00:00.000+0000,793218.9619542402,793218.9619542402,999999.9999999999
2025-02-15T14:10:00.000+0000,793218.9619542402,793218.9619542402,999999.9999999999
2025-02-15T14:20:00.000+0000,793218.9619542402,793218.9619542402,999999.9999999999
2025-02-15T14:30:00.000+0000,793218.9619542402,793218.9619542402,999999.9999999999
2025-02-15T14:40:00.000+0000,793218.9619542402,793218.9619542402,999999.9999999999
2025-02-15T14:50:00.000+0000,793218.9619542402,793218.9619542402,999999.9999999999
2025-02-15T15:00:00.000+0000,793218.9619542402,793218.9619542402,999999.9999999999
2025-02-15T15:10:00.000+0000,793218.9619542402,793218.9619542402,999999.9999999999
2025-02-15T15:20:00.000+0000,793218.9619542402,793218.9619542402,999999.9999999999
2025-02-15T15:30:00.000+0000,793218.9619542402,793218.9619542402,999999.9999999999
2025-02-15T15:40:00.000+0000,793218.9619542402,793218.9619542402,999999.9999999999
2025-02-15T15:50:00.000+0000,793218.9619542402,793218.9619542402,999999.9999999999
2025-02-15T16:00:00.000+0000,793218.9619542402,793218.9619542402,999999.9999999999
2025-02-15T16:10:00.000+0000,793218.9619542402,793218.9619542402,999999.9999999999
2025-02-15T16:20:00.000+0000,793218.9619542402,793218.9619542402,999999.9999999999
2025-02-15T16:30:00.000+0000,793218.9619542402,793218.9619542402,999999.9999999999
2025-02-15T16:40:00.000+0000,793218.9619542402,793218.9619542402,999999.9999999999
2025-02-15T16:50:00.000+0000,793218.9619542402,793218.9619542402,999999.9999999999
2025-02-15T17:00:00.000+0000,793218.9619542402,793218.9619542402,999999.9999999999
2025-02-15T17:10:00.000+0000,793218.9619542402,793218.9619542402,999999.9999999999
2025-02-15T17:20:00.000+0000,793218.9619542402,793218.9619542402,999999.9999999999
2025-02-15T17:30:00.000+0000,793218.9619542402,793218.9619542402,999999.9999999999
2025-02-15T17:40:00.000+0000,793218.9619542402,793218.9619542402,999999.9999999999
2025-02-15T17:50:00.000+0000,793218.9619542402,793218.9619542402,999999.9999999999
2025-02-15T18:00:00.000+0000,793218.9619542402,793218.9619542402,999999.9999999999
2025-02-15T18:10:00.000+0000,793218.9619542402,793218.9619542402,999999.9999999999
2025-02-15T18:20:00.000+0000,793218.9619542402,793218.9619542402,999999.9999999999
2025-02-15T18:30:00.000+0000,793218.9619542402,793218.9619542402,999999.9999999999
2025-02-15T18:40:00.000+0000,793218.9619542402,793218.9619542402,999999.9999999999
2025-02-15T18:50:00.000+0000,793218.9619542402,793218.9619542402,999999.9999999999
2025-02-15T19:00:00.000+0000,793218.9619542402,793218.9619542402,999999.9999999999
2025-02-15T19:10:00.000+0000,793218.9619542402,793218.9619542402,999999.9999999999
2025-02-15T19:20:00.000+0000,793218.9619542402,793218.9619542402,999999.9999999999
2025-02-15T19:30:00.000+0000,793218.9619542402,793218.9619542402,999999.9999999999
2025-02-15T19:40:00.000+0000,793218.9619542402,793218.9619542402,999999.9999999999
2025-02-15T19:50:00.000+0000,793218.9619542402,793218.9619542402,999999.9999999999
2025-02-15T20:00:00.000+0000,793218.9619542402,793218.9619542402,999999.9999999999
2025-02-15T20:10:00.000+0000,793218.9619542402,793218.9619542402,999999.9999999999
2025-02-15T20:20:00.000+0000,793218.9619542402,793218.9619542402,999999.9999999999
2025-02-15T20:30:00.000+0000,793218.9619542402,793218.9619542402,999999.9999999999
2025-02-15T20:40:00.000+0000,793218.9619542402,793218.9619542402,999999.9999999999
2025-02-15T20:50:00.000+0000,793218.9619542402,793218.9619542402,999999.9999999999
2025-02-15T21:00:00.000+0000,793218.9619542402,793218.9619542402,999999.9999999999
2025-02-15T21:10:00.000+0000,793218.9619542402,793218.9619542402,999999.9999999999
2025-02-15T21:20:00.000+0000,793218.9619542402,793218.9619542402,999999.9999999999
2025-02-15T21:30:00.000+0000,793218.9619542402,793218.9619542402,999999.9999999999
2025-02-15T21:40:00.000+0000,793218.9619542402,793218.9619542402,999999.9999999999
2025-02-15T21:50:00.000+0000,793218.9619542402,793218.9619542402,999999.9999999999
2025-02-15T22:00:00.000+0000,793218.9619542402,793218.9619542402,999999.9999999999
2025-02-15T22:10:00.000+0000,793218.9619542402,793218.9619542402,999999.9999999999
2025-02-15T22:20:00.000+0000,793218.9619542402,793218.9619542402,999999.9999999999
2025-02-15T22:30:00.000+0000,793218.9619542402,793218.9619542402,999999.9999999999
2025-02-15T22:40:00.000+0000,793218.9619542402,793218.9619542402,999999.9999999999
2025-02-15T22:50:00.000+0000,793218.9619542402,793218.9619542402,999999.9999999999
2025-02-15T23:00:00.000+0000,793218.9619542402,793218.9619542402,999999.9999999999
2025-02-15T23:10:00.000+0000,793218.9619542402,793218.9619542402,999999.9999999999
2025-02-15T23:20:00.000+0000,793218.9619542402,793218.9619542402,999999.9999999999
2025-02-15T23:30:00.000+0000,793218.9619542402,793218.9619542402,999999.9999999999
2025-02-15T23:40:00.000+0000,793218.9619542402,793218.9619542402,999999.9999999999
2025-02-15T23:50:00.000+0000,793218.9619542402,793218.9619542402,999999.9999999999
2025-02-16T00:00:00.000+0000,793218.9619542402,793218.9619542402,999999.9999999999
2025-02-16T00:10:00.000+0000,793218.9619542402,793218.9619542402,999999.9999999999
2025-02-16T00:20:00.000+0000,793218.9619542402,793218.9619542402,999999.9999999999
2025-02-16T00:30:00.000+0000,793218.9619542402,793218.9619542402,999999.9999999999
2025-02-16T00:40:00.000+0000,793218.9619542402,793218.9619542402,999999.9999999999
2025-02-16T00:50:00.000+0000,793218.9619542402,793218.9619542402,999999.9999999999
2025-02-16T01:00:00.000+0000,793218.9619542402,793218.9619542402,999999.9999999999
2025-02-16T01:10:00.000+0000,793218.9619542402,793218.9619542402,999999.9999999999
2025-02-16T01:20:00.000+0000,793218.9619542402,793218.9619542402,999999.9999999999
2025-02-16T01:30:00.000+0000,793218.9619542402,793218.9619542402,999999.9999999999
2025-02-16T01:40:00.000+0000,793218.9619542402,793218.9619542402,999999.9999999999
2025-02-16T01:50:00.000+0000,793218.9619542402,793218.9619542402,999999.9999999999
2025-02-16T02:00:00.000+0000,793218.9619542402,793218.9619542402,999999.9999999999
2025-02-16T02:10:00.000+0000,793218.9619542402,793218.9619542402,999999.9999999999
2025-02-16T02:20:00.000+0000,793218.9619542402,793218.9619542402,999999.9999999999
2025-02-16T02:30:00.000+0000,793218.9619542402,793218.9619542402,999999.9999999999
2025-02-16T02:40:00.000+0000,793218.9619542402,793218.9619542402,999999.9999999999
2025-02-16T02:50:00.000+0000,793218.9619542402,793218.9619542402,999999.9999999999
2025-02-16T03:00:00.000+0000,793218.9619542402,793218.9619542402,999999.9999999999
2025-02-16T03:10:00.000+0000,793218.9619542402,793218.9619542402,999999.9999999999
2025-02-16T03:20:00.000+0000,793218.9619542402,793218.9619542402,999999.9999999999
2025-02-16T03:30:00.000+0000,793218.9619542402,793218.9619542402,999999.9999999999
2025-02-16T03:40:00.000+0000,793218.9619542402,793218.9619542402,999999.9999999999
2025-02-16T03:50:00.000+0000,793218.9619542402,793218.9619542402,999999.9999999999
2025-02-16T04:00:00.000+0000,793218.9619542402,793218.9619542402,999999.9999999999
2025-02-16T04:10:00.000+0000,793218.9619542402,793218.9619542402,999999.9999999999
2025-02-16T04:20:00.000+0000,793218.9619542402,793218.9619542402,999999.9999999999
2025-02-16T04:30:00.000+0000,793218.9619542402,793218.9619542402,999999.9999999999
2025-02-16T04:40:00.000+0000,793218.9619542402,793218.9619542402,999999.9999999999
2025-02-16T04:50:00.000+0000,793218.9619542402,793218.9619542402,999999.9999999999
2025-02-16T05:00:00.000+0000,793218.9619542402,793218.9619542402,999999.9999999999
2025-02-16T05:10:00.000+0000,793218.9619542402,793218.9619542402,999999.9999999999
2025-02-16T05:20:00.000+0000,793218.9619542402,793218.9619542402,999999.9999999999
2025-02-16T05:30:00.000+0000,793218.9619542402,793218.9619542402,999999.9999999999
2025-02-16T05:40:00.000+0000,793218.9619542402,793218.9619542402,999999.9999999999
2025-02-16T05:50:00.000+0000,793218.9619542402,793218.9619542402,999999.9999999999
2025-02-16T06:00:00.000+0000,793218.9619542402,793218.9619542402,999999.9999999999
2025-02-16T06:10:00.000+0000,793218.9619542402,793218.9619542402,999999.9999999999
2025-02-16T06:20:00.000+0000,793218.9619542402,793218.9619542402,999999.9999999999
2025-02-16T06:30:00.000+0000,793218.9619542402,793218.9619542402,999999.9999999999
2025-02-16T06:40:00.000+0000,793218.9619542402,793218.9619542402,999999.9999999999
2025-02-16T06:50:00.000+0000,793218.9619542402,793218.9619542402,999999.9999999999
2025-02-16T07:00:00.000+0000,793218.9619542402,793218.9619542402,999999.9999999999
2025-02-16T07:10:00.000+0000,793218.9619542402,793218.9619542402,999999.9999999999
2025-02-16T07:20:00.000+0000,793218.9619542402,793218.9619542402,999999.9999999999
2025-02-16T07:30:00.000+0000,793218.9619542402,793218.9619542402,999999.9999999999
2025-02-16T07:40:00.000+0000,793218.9619542402,793218.9619542402,999999.9999999999
2025-02-16T07:50:00.000+0000,793218.9619542402,793218.9619542402,999999.9999999999
2025-02-16T08:00:00.000+0000,793218.9619542402,793218.9619542402,999999.9999999999
2025-02-16T08:10:00.000+0000,793218.9619542402,793218.9619542402,999999.9999999999
2025-02-16T08:20:00.000+0000,793218.9619542402,793218.9619542402,999999.9999999999
2025-02-16T08:30:00.000+0000,793218.9619542402,793218.9619542402,999999.9999999999
2025-02-16T08:40:00.000+0000,793218.9619542402,793218.9619542402,999999.9999999999
2025-02-16T08:50:00.000+0000,793218.9619542402,793218.9619542402,999999.9999999999
2025-02-16T09:00:00.000+0000,793218.9619542402,793218.9619542402,999999.9999999999
2025-02-16T09:10:00.000+0000,793218.9619542402,793218.9619542402,999999.9999999999
2025-02-16T09:20:00.000+0000,793218.9619542402,793218.9619542402,999999.9999999999
2025-02-16T09:30:00.000+0000,793218.9619542402,793218.9619542402,999999.9999999999
2025-02-16T09:40:00.000+0000,793218.9619542402,793218.9619542402,999999.9999999999
2025-02-16T09:50:00.000+0000,793218.9619542402,793218.9619542402,999999.9999999999
2025-02-16T10:00:00.000+0000,793218.9619542402,793218.9619542402,999999.9999999999
2025-02-16T10:10:00.000+0000,793218.9619542402,793218.9619542402,999999.9999999999
2025-02-16T10:20:00.000+0000,793218.9619542402,793218.9619542402,999999.9999999999
2025-02-16T10:30:00.000+0000,793218.9619542402,793218.9619542402,999999.9999999999
2025-02-16T10:40:00.000+0000,793218.9619542402,793218.9619542402,999999.9999999999
2025-02-16T10:50:00.000+0000,793218.9619542402,793218.9619542402,999999.9999999999
2025-02-16T11:00:00.000+0000,793218.9619542402,793218.9619542402,999999.9999999999
2025-02-16T11:10:00.000+0000,793218.9619542402,793218.9619542402,999999.9999999999
2025-02-16T11:20:00.000+0000,793218.9619542402,793218.9619542402,999999.9999999999
2025-02-16T11:30:00.000+0000,793218.9619542402,793218.9619542402,999999.9999999999
2025-02-16T11:40:00.000+0000,793218.9619542402,793218.9619542402,999999.9999999999
2025-02-16T11:50:00.000+0000,793218.9619542402,793218.9619542402,999999.9999999999
2025-02-16T12:00:00.000+0000,793218.9619542402,793218.9619542402,999999.9999999999
2025-02-16T12:10:00.000+0000,793218.9619542402,793218.9619542402,999999.9999999999
2025-02-16T12:20:00.000+0000,793218.9619542402,793218.9619542402,999999.9999999999
2025-02-16T12:30:00.000+0000,793218.9619542402,793218.9619542402,999999.9999999999
2025-02-16T12:40:00.000+0000,793218.9619542402,793218.9619542402,999999.9999999999
2025-02-16T12:50:00.000+0000,793218.9619542402,793218.9619542402,999999.9999999999
2025-02-16T13:00:00.000+0000,793218.9619542402,793218.9619542402,999999.9999999999
2025-02-16T13:10:00.000+0000,793218.9619542402,793218.9619542402,999999.9999999999
2025-02-16T13:20:00.000+0000,793218.9619542402,793218.9619542402,999999.9999999999
2025-02-16T13:30:00.000+0000,793218.9619542402,793218.9619542402,999999.9999999999
2025-02-16T13:40:00.000+0000,793218.9619542402,793218.9619542402,999999.9999999999
2025-02-16T13:50:00.000+0000,793218.9619542402,793218.9619542402,999999.9999999999
2025-02-16T14:00:00.000+0000,793218.9619542402,793218.9619542402,999999.9999999999
2025-02-16T14:10:00.000+0000,793218.9619542402,793218.9619542402,999999.9999999999
2025-02-16T14:20:00.000+0000,793218.9619542402,793218.9619542402,999999.9999999999
2025-02-16T14:30:00.000+0000,793218.9619542402,793218.9619542402,999999.9999999999
2025-02-16T14:40:00.000+0000,793218.9619542402,793218.9619542402,999999.9999999999
2025-02-16T14:50:00.000+0000,793218.9619542402,793218.9619542402,999999.9999999999
2025-02-16T15:00:00.000+0000,793218.9619542402,793218.9619542402,999999.9999999999
2025-02-16T15:10:00.000+0000,793218.9619542402,793218.9619542402,999999.9999999999
2025-02-16T15:20:00.000+0000,793218.9619542402,793218.9619542402,999999.9999999999
2025-02-16T15:30:00.000+0000,793218.9619542402,793218.9619542402,999999.9999999999
2025-02-16T15:40:00.000+0000,793218.9619542402,793218.9619542402,999999.9999999999
2025-02-16T15:50:00.000+0000,793218.9619542402,793218.9619542402,999999.9999999999
2025-02-16T16:00:00.000+0000,793218.9619542402,793218.9619542402,999999.9999999999
2025-02-16T16:10:00.000+0000,793218.9619542402,793218.9619542402,999999.9999999999
2025-02-16T16:20:00.000+0000,793218.9619542402,793218.9619542402,999999.9999999999
2025-02-16T16:30:00.000+0000,793218.9619542402,793218.9619542402,999999.9999999999
2025-02-16T16:40:00.000+0000,793218.9619542402,793218.9619542402,999999.9999999999
2025-02-16T16:50:00.000+0000,793218.9619542402,793218.9619542402,999999.9999999999
2025-02-16T17:00:00.000+0000,793218.9619542402,793218.9619542402,999999.9999999999
2025-02-16T17:10:00.000+0000,793218.9619542402,793218.9619542402,999999.9999999999
2025-02-16T17:20:00.000+0000,793218.9619542402,793218.9619542402,999999.9999999999
2025-02-16T17:30:00.000+0000,793218.9619542402,793218.9619542402,999999.9999999999
2025-02-16T17:40:00.000+0000,793218.9619542402,793218.9619542402,999999.9999999999
2025-02-16T17:50:00.000+0000,793218.9619542402,793218.9619542402,999999.9999999999
2025-02-16T18:00:00.000+0000,793218.9619542402,793218.9619542402,999999.9999999999
2025-02-16T18:10:00.000+0000,793218.9619542402,793218.9619542402,999999.9999999999
2025-02-16T18:20:00.000+0000,793218.9619542402,793218.9619542402,999999.9999999999
2025-02-16T18:30:00.000+0000,793218.9619542402,793218.9619542402,999999.9999999999
2025-02-16T18:40:00.000+0000,793218.9619542402,793218.9619542402,999999.9999999999
2025-02-16T18:50:00.000+0000,793218.9619542402,793218.9619542402,999999.9999999999
2025-02-16T19:00:00.000+0000,793218.9619542402,793218.9619542402,999999.9999999999
2025-02-16T19:10:00.000+0000,793218.9619542402,793218.9619542402,999999.9999999999
2025-02-16T19:20:00.000+0000,793218.9619542402,793218.9619542402,999999.9999999999
2025-02-16T19:30:00.000+0000,793218.9619542402,793218.9619542402,999999.9999999999
2025-02-16T19:40:00.000+0000,793218.9619542402,793218.9619542402,999999.9999999999
2025-02-16T19:50:00.000+0000,793218.9619542402,793218.9619542402,999999.9999999999
2025-02-16T20:00:00.000+0000,793218.9619542402,793218.9619542402,999999.9999999999
2025-02-16T20:10:00.000+0000,793218.9619542402,793218.9619542402,999999.9999999999
2025-02-16T20:20:00.000+0000,793218.9619542402,793218.9619542402,999999.9999999999
2025-02-16T20:30:00.000+0000,793218.9619542402,793218.9619542402,999999.9999999999
2025-02-16T20:40:00.000+0000,793218.9619542402,793218.9619542402,999999.9999999999
2025-02-16T20:50:00.000+0000,793218.9619542402,793218.9619542402,999999.9999999999
2025-02-16T21:00:00.000+0000,793218.9619542402,793218.9619542402,999999.9999999999
2025-02-16T21:10:00.000+0000,793218.9619542402,793218.9619542402,999999.9999999999
2025-02-16T21:20:00.000+0000,793218.9619542402,793218.9619542402,999999.9999999999
2025-02-16T21:30:00.000+0000,793218.9619542402,793218.9619542402,999999.9999999999
2025-02-16T21:40:00.000+0000,793218.9619542402,793218.9619542402,999999.9999999999
2025-02-16T21:50:00.000+0000,793218.9619542402,793218.9619542402,999999.9999999999
2025-02-16T22:00:00.000+0000,793218.9619542402,793218.9619542402,999999.9999999999
2025-02-16T22:10:00.000+0000,793218.9619542402,793218.9619542402,999999.9999999999
2025-02-16T22:20:00.000+0000,793218.9619542402,793218.9619542402,999999.9999999999
2025-02-16T22:30:00.000+0000,793218.9619542402,793218.9619542402,999999.9999999999
2025-02-16T22:40:00.000+0000,793218.9619542402,793218.9619542402,999999.9999999999
2025-02-16T22:50:00.000+0000,793218.9619542402,793218.9619542402,999999.9999999999
2025-02-16T23:00:00.000+0000,793218.9619542402,793218.9619542402,999999.9999999999
2025-02-16T23:10:00.000+0000,793218.9619542402,793218.9619542402,999999.9999999999
2025-02-16T23:20:00.000+0000,793218.9619542402,793218.9619542402,999999.9999999999
2025-02-16T23:30:00.000+0000,793218.9619542402,793218.9619542402,999999.9999999999
2025-02-16T23:40:00.000+0000,793218.9619542402,793218.9619542402,999999.9999999999
2025-02-16T23:50:00.000+0000,793218.9619542402,793218.9619542402,999999.9999999999
2025-02-17T00:00:00.000+0000,793218.9619542402,793218.9619542402,999999.9999999999
2025-02-17T00:10:00.000+0000,793218.9619542402,793218.9619542402,999999.9999999999
2025-02-17T00:20:00.000+0000,793218.9619542402,793218.9619542402,999999.9999999999
2025-02-17T00:30:00.000+0000,793218.9619542402,793218.9619542402,999999.9999999999
2025-02-17T00:40:00.000+0000,793218.9619542402,793218.9619542402,999999.9999999999
2025-02-17T00:50:00.000+0000,793218.9619542402,793218.9619542402,999999.9999999999
2025-02-17T01:00:00.000+0000,793218.9619542402,793218.9619542402,999999.9999999999
2025-02-17T01:10:00.000+0000,793218.9619542402,793218.9619542402,999999.9999999999
2025-02-17T01:20:00.000+0000,793218.9619542402,793218.9619542402,999999.9999999999
2025-02-17T01:30:00.000+0000,793218.9619542402,793218.9619542402,999999.9999999999
2025-02-17T01:40:00.000+0000,793218.9619542402,793218.9619542402,999999.9999999999
2025-02-17T01:50:00.000+0000,793218.9619542402,793218.9619542402,999999.9999999999
2025-02-17T02:00:00.000+0000,793218.9619542402,793218.9619542402,999999.9999999999
2025-02-17T02:10:00.000+0000,793218.9619542402,793218.9619542402,999999.9999999999
2025-02-17T02:20:00.000+0000,793218.9619542402,793218.9619542402,999999.9999999999
2025-02-17T02:30:00.000+0000,793218.9619542402,793218.9619542402,999999.9999999999
2025-02-17T02:40:00.000+0000,793218.9619542402,793218.9619542402,999999.9999999999
2025-02-17T02:50:00.000+0000,793218.9619542402,793218.9619542402,999999.9999999999
2025-02-17T03:00:00.000+0000,793218.9619542402,793218.9619542402,999999.9999999999
2025-02-17T03:10:00.000+0000,793218.9619542402,793218.9619542402,999999.9999999999
2025-02-17T03:20:00.000+0000,793218.9619542402,793218.9619542402,999999.9999999999
2025-02-17T03:30:00.000+0000,793218.9619542402,793218.9619542402,999999.9999999999
2025-02-17T03:40:00.000+0000,793218.9619542402,793218.9619542402,999999.9999999999
2025-02-17T03:50:00.000+0000,793218.9619542402,793218.9619542402,999999.9999999999
2025-02-17T04:00:00.000+0000,793218.9619542402,793218.9619542402,999999.9999999999
2025-02-17T04:10:00.000+0000,793218.9619542402,793218.9619542402,999999.9999999999
2025-02-17T04:20:00.000+0000,793218.9619542402,793218.9619542402,999999.9999999999
2025-02-17T04:30:00.000+0000,793218.9619542402,793218.9619542402,999999.9999999999
2025-02-17T04:40:00.000+0000,793218.9619542402,793218.9619542402,999999.9999999999
2025-02-17T04:50:00.000+0000,793218.9619542402,793218.9619542402,999999.9999999999
2025-02-17T05:00:00.000+0000,793218.9619542402,793218.9619542402,999999.9999999999
2025-02-17T05:10:00.000+0000,793218.9619542402,793218.9619542402,999999.9999999999
2025-02-17T05:20:00.000+0000,793218.9619542402,793218.9619542402,999999.9999999999
2025-02-17T05:30:00.000+0000,793218.9619542402,793218.9619542402,999999.9999999999
2025-02-17T05:40:00.000+0000,793218.9619542402,793218.9619542402,999999.9999999999
2025-02-17T05:50:00.000+0000,793218.9619542402,793218.9619542402,999999.9999999999
2025-02-17T06:00:00.000+0000,793218.9619542402,793218.9619542402,999999.9999999999
2025-02-17T06:10:00.000+0000,793218.9619542402,793218.9619542402,999999.9999999999
2025-02-17T06:20:00.000+0000,793218.9619542402,793218.9619542402,999999.9999999999
2025-02-17T06:30:00.000+0000,793218.9619542402,793218.9619542402,999999.9999999999
2025-02-17T06:40:00.000+0000,793218.9619542402,793218.9619542402,999999.9999999999
2025-02-17T06:50:00.000+0000,793218.9619542402,793218.9619542402,999999.9999999999
2025-02-17T07:00:00.000+0000,793218.9619542402,793218.9619542402,999999.9999999999
2025-02-17T07:10:00.000+0000,793218.9619542402,793218.9619542402,999999.9999999999
2025-02-17T07:20:00.000+0000,793218.9619542402,793218.9619542402,999999.9999999999
2025-02-17T07:30:00.000+0000,793218.9619542402,793218.9619542402,999999.9999999999
2025-02-17T07:40:00.000+0000,793218.9619542402,793218.9619542402,999999.9999999999
2025-02-17T07:50:00.000+0000,793218.9619542402,793218.9619542402,999999.9999999999
2025-02-17T08:00:00.000+0000,793218.9619542402,793218.9619542402,999999.9999999999
2025-02-17T08:10:00.000+0000,793218.9619542402,793218.9619542402,999999.9999999999
2025-02-17T08:20:00.000+0000,793218.9619542402,793218.9619542402,999999.9999999999
2025-02-17T08:30:00.000+0000,793218.9619542402,793218.9619542402,999999.9999999999
2025-02-17T08:40:00.000+0000,793218.9619542402,793218.9619542402,999999.9999999999
2025-02-17T08:50:00.000+0000,793218.9619542402,793218.9619542402,999999.9999999999
2025-02-17T09:00:00.000+0000,793218.9619542402,793218.9619542402,999999.9999999999
2025-02-17T09:10:00.000+0000,793218.9619542402,793218.9619542402,999999.9999999999
2025-02-17T09:20:00.000+0000,793218.9619542402,793218.9619542402,999999.9999999999
2025-02-17T09:30:00.000+0000,793218.9619542402,793218.9619542402,999999.9999999999
2025-02-17T09:40:00.000+0000,793218.9619542402,793218.9619542402,999999.9999999999
2025-02-17T09:50:00.000+0000,793218.9619542402,793218.9619542402,999999.9999999999
2025-02-17T10:00:00.000+0000,793218.9619542402,793218.9619542402,999999.9999999999
2025-02-17T10:10:00.000+0000,793218.9619542402,793218.9619542402,999999.9999999999
2025-02-17T10:20:00.000+0000,793218.9619542402,793218.9619542402,999999.9999999999
2025-02-17T10:30:00.000+0000,793218.9619542402,793218.9619542402,999999.9999999999
2025-02-17T10:40:00.000+0000,793218.9619542402,793218.9619542402,999999.9999999999
2025-02-17T10:50:00.000+0000,793218.9619542402,793218.9619542402,999999.9999999999
2025-02-17T11:00:00.000+0000,793218.9619542402,793218.9619542402,999999.9999999999
2025-02-17T11:10:00.000+0000,793218.9619542402,793218.9619542402,999999.9999999999
2025-02-17T11:20:00.000+0000,793218.9619542402,793218.9619542402,999999.9999999999
2025-02-17T11:30:00.000+0000,793218.9619542402,793218.9619542402,999999.9999999999
2025-02-17T11:40:00.000+0000,793218.9619542402,793218.9619542402,999999.9999999999
2025-02-17T11:50:00.000+0000,793218.9619542402,793218.9619542402,999999.9999999999
2025-02-17T12:00:00.000+0000,793218.9619542402,793218.9619542402,999999.9999999999
2025-02-17T12:10:00.000+0000,793218.9619542402,793218.9619542402,999999.9999999999
2025-02-17T12:20:00.000+0000,793218.9619542402,793218.9619542402,999999.9999999999
2025-02-17T12:30:00.000+0000,793218.9619542402,793218.9619542402,999999.9999999999
2025-02-17T12:40:00.000+0000,793218.9619542402,793218.9619542402,999999.9999999999
2025-02-17T12:50:00.000+0000,793218.9619542402,793218.9619542402,999999.9999999999
2025-02-17T13:00:00.000+0000,793218.9619542402,793218.9619542402,999999.9999999999
2025-02-17T13:10:00.000+0000,793218.9619542402,793218.9619542402,999999.9999999999
2025-02-17T13:20:00.000+0000,793218.9619542402,793218.9619542402,999999.9999999999
2025-02-17T13:30:00.000+0000,793218.9619542402,793218.9619542402,999999.9999999999
2025-02-17T13:40:00.000+0000,793218.9619542402,793218.9619542402,999999.9999999999
2025-02-17T13:50:00.000+0000,793218.9619542402,793218.9619542402,999999.9999999999
2025-02-17T14:00:00.000+0000,793218.9619542402,793218.9619542402,999999.9999999999
2025-02-17T14:10:00.000+0000,793218.9619542402,793218.9619542402,999999.9999999999
2025-02-17T14:20:00.000+0000,793218.9619542402,793218.9619542402,999999.9999999999
2025-02-17T14:30:00.000+0000,793218.9619542402,793218.9619542402,999999.9999999999
2025-02-17T14:40:00.000+0000,793218.9619542402,793218.9619542402,999999.9999999999
2025-02-17T14:50:00.000+0000,793218.9619542402,793218.9619542402,999999.9999999999
2025-02-17T15:00:00.000+0000,793218.9619542402,793218.9619542402,999999.9999999999
2025-02-17T15:10:00.000+0000,793218.9619542402,793218.9619542402,999999.9999999999
2025-02-17T15:20:00.000+0000,793218.9619542402,793218.9619542402,999999.9999999999
2025-02-17T15:30:00.000+0000,793218.9619542402,793218.9619542402,999999.9999999999
2025-02-17T15:40:00.000+0000,793218.9619542402,793218.9619542402,999999.9999999999
2025-02-17T15:50:00.000+0000,793218.9619542402,793218.9619542402,999999.9999999999
2025-02-17T16:00:00.000+0000,793218.9619542402,793218.9619542402,999999.9999999999
2025-02-17T16:10:00.000+0000,793218.9619542402,793218.9619542402,999999.9999999999
2025-02-17T16:20:00.000+0000,793218.9619542402,793218.9619542402,999999.9999999999
2025-02-17T16:30:00.000+0000,793218.9619542402,793218.9619542402,999999.9999999999
2025-02-17T16:40:00.000+0000,793218.9619542402,793218.9619542402,999999.9999999999
2025-02-17T16:50:00.000+0000,793218.9619542402,793218.9619542402,999999.9999999999
2025-02-17T17:00:00.000+0000,793218.9619542402,793218.9619542402,999999.9999999999
2025-02-17T17:10:00.000+0000,793218.9619542402,793218.9619542402,999999.9999999999
2025-02-17T17:20:00.000+0000,793218.9619542402,793218.9619542402,999999.9999999999
2025-02-17T17:30:00.000+0000,793218.9619542402,793218.9619542402,999999.9999999999
2025-02-17T17:40:00.000+0000,793218.9619542402,793218.9619542402,999999.9999999999
2025-02-17T17:50:00.000+0000,793218.9619542402,793218.9619542402,999999.9999999999
2025-02-17T18:00:00.000+0000,793218.9619542402,793218.9619542402,999999.9999999999
2025-02-17T18:10:00.000+0000,793218.9619542402,793218.9619542402,999999.9999999999
2025-02-17T18:20:00.000+0000,793218.9619542402,793218.9619542402,999999.9999999999
2025-02-17T18:30:00.000+0000,793218.9619542402,793218.9619542402,999999.9999999999
2025-02-17T18:40:00.000+0000,793218.9619542402,793218.9619542402,999999.9999999999
2025-02-17T18:50:00.000+0000,793218.9619542402,793218.9619542402,999999.9999999999
2025-02-17T19:00:00.000+0000,793218.9619542402,793218.9619542402,999999.9999999999
2025-02-17T19:10:00.000+0000,793218.9619542402,793218.9619542402,999999.9999999999
2025-02-17T19:20:00.000+0000,793218.9619542402,793218.9619542402,999999.9999999999
2025-02-17T19:30:00.000+0000,793218.9619542402,793218.9619542402,999999.9999999999
2025-02-17T19:40:00.000+0000,793218.9619542402,793218.9619542402,999999.9999999999
2025-02-17T19:50:00.000+0000,793218.9619542402,793218.9619542402,999999.9999999999
2025-02-17T20:00:00.000+0000,793218.9619542402,793218.9619542402,999999.9999999999
2025-02-17T20:10:00.000+0000,793218.9619542402,793218.9619542402,999999.9999999999
2025-02-17T20:20:00.000+0000,793218.9619542402,793218.9619542402,999999.9999999999
2025-02-17T20:30:00.000+0000,793218.9619542402,793218.9619542402,999999.9999999999
2025-02-17T20:40:00.000+0000,793218.9619542402,793218.9619542402,999999.9999999999
2025-02-17T20:50:00.000+0000,793218.9619542402,793218.9619542402,999999.9999999999
2025-02-17T21:00:00.000+0000,793218.9619542402,793218.9619542402,999999.9999999999
2025-02-17T21:10:00.000+0000,793218.9619542402,793218.9619542402,999999.9999999999
2025-02-17T21:20:00.000+0000,793218.9619542402,793218.9619542402,999999.9999999999
2025-02-17T21:30:00.000+0000,793218.9619542402,793218.9619542402,999999.9999999999
2025-02-17T21:40:00.000+0000,793218.9619542402,793218.9619542402,999999.9999999999
2025-02-17T21:50:00.000+0000,793218.9619542402,793218.9619542402,999999.9999999999
2025-02-17T22:00:00.000+0000,793218.9619542402,793218.9619542402,999999.9999999999
2025-02-17T22:10:00.000+0000,793218.9619542402,793218.9619542402,999999.9999999999
2025-02-17T22:20:00.000+0000,793218.9619542402,793218.9619542402,999999.9999999999
2025-02-17T22:30:00.000+0000,793218.9619542402,793218.9619542402,999999.9999999999
2025-02-17T22:40:00.000+0000,793218.9619542402,793218.9619542402,999999.9999999999
2025-02-17T22:50:00.000+0000,793218.9619542402,793218.9619542402,999999.9999999999
2025-02-17T23:00:00.000+0000,793218.9619542402,793218.9619542402,999999.9999999999
2025-02-17T23:10:00.000+0000,793218.9619542402,793218.9619542402,999999.9999999999
2025-02-17T23:20:00.000+0000,793218.9619542402,793218.9619542402,999999.9999999999
2025-02-17T23:30:00.000+0000,793218.9619542402,793218.9619542402,999999.9999999999
2025-02-17T23:40:00.000+0000,793218.9619542402,793218.9619542402,999999.9999999999
2025-02-17T23:50:00.000+0000,793218.9619542402,793218.9619542402,999999.9999999999
2025-02-18T00:00:00.000+0000,793218.9619542402,793218.9619542402,999999.9999999999
2025-02-18T00:10:00.000+0000,793218.9619542402,793218.9619542402,999999.9999999999
2025-02-18T00:20:00.000+0000,793218.9619542402,793218.9619542402,999999.9999999999
2025-02-18T00:30:00.000+0000,793218.9619542402,793218.9619542402,999999.9999999999
2025-02-18T00:40:00.000+0000,793218.9619542402,793218.9619542402,999999.9999999999
2025-02-18T00:50:00.000+0000,793218.9619542402,793218.9619542402,999999.9999999999
2025-02-18T01:00:00.000+0000,793218.9619542402,793218.9619542402,999999.9999999999
2025-02-18T01:10:00.000+0000,793218.9619542402,793218.9619542402,999999.9999999999
2025-02-18T01:20:00.000+0000,793218.9619542402,793218.9619542402,999999.9999999999
2025-02-18T01:30:00.000+0000,793218.9619542402,793218.9619542402,999999.9999999999
2025-02-18T01:40:00.000+0000,793218.9619542402,793218.9619542402,999999.9999999999
2025-02-18T01:50:00.000+0000,793218.9619542402,793218.9619542402,999999.9999999999
2025-02-18T02:00:00.000+0000,793218.9619542402,793218.9619542402,999999.9999999999
2025-02-18T02:10:00.000+0000,793218.9619542402,793218.9619542402,999999.9999999999
2025-02-18T02:20:00.000+0000,793218.9619542402,793218.9619542402,999999.9999999999
2025-02-18T02:30:00.000+0000,793218.9619542402,793218.9619542402,999999.9999999999
2025-02-18T02:40:00.000+0000,793218.9619542402,793218.9619542402,999999.9999999999
2025-02-18T02:50:00.000+0000,793218.9619542402,793218.9619542402,999999.9999999999
2025-02-18T03:00:00.000+0000,793218.9619542402,793218.9619542402,999999.9999999999
2025-02-18T03:10:00.000+0000,793218.9619542402,793218.9619542402,999999.9999999999
2025-02-18T03:20:00.000+0000,793218.9619542402,793218.9619542402,999999.9999999999
2025-02-18T03:30:00.000+0000,793218.9619542402,793218.9619542402,999999.9999999999
2025-02-18T03:40:00.000+0000,793218.9619542402,793218.9619542402,999999.9999999999
2025-02-18T03:50:00.000+0000,793218.9619542402,793218.9619542402,999999.9999999999
2025-02-18T04:00:00.000+0000,793218.9619542402,793218.9619542402,999999.9999999999
2025-02-18T04:10:00.000+0000,793218.9619542402,793218.9619542402,999999.9999999999
2025-02-18T04:20:00.000+0000,793218.9619542402,793218.9619542402,999999.9999999999
2025-02-18T04:30:00.000+0000,793218.9619542402,793218.9619542402,999999.9999999999
2025-02-18T04:40:00.000+0000,793218.9619542402,793218.9619542402,999999.9999999999
2025-02-18T04:50:00.000+0000,793218.9619542402,793218.9619542402,999999.9999999999
2025-02-18T05:00:00.000+0000,793218.9619542402,793218.9619542402,999999.9999999999
2025-02-18T05:10:00.000+0000,793218.9619542402,793218.9619542402,999999.9999999999
2025-02-18T05:20:00.000+0000,793218.9619542402,793218.9619542402,999999.9999999999
2025-02-18T05:30:00.000+0000,793218.9619542402,793218.9619542402,999999.9999999999
2025-02-18T05:40:00.000+0000,793218.9619542402,793218.9619542402,999999.9999999999
2025-02-18T05:50:00.000+0000,793218.9619542402,793218.9619542402,999999.9999999999
2025-02-18T06:00:00.000+0000,793218.9619542402,793218.9619542402,999999.9999999999
2025-02-18T06:10:00.000+0000,793218.9619542402,793218.9619542402,999999.9999999999
2025-02-18T06:20:00.000+0000,793218.9619542402,793218.9619542402,999999.9999999999
2025-02-18T06:30:00.000+0000,793218.9619542402,793218.9619542402,999999.9999999999
2025-02-18T06:40:00.000+0000,793218.9619542402,793218.9619542402,999999.9999999999
2025-02-18T06:50:00.000+0000,793218.9619542402,793218.9619542402,999999.9999999999
2025-02-18T07:00:00.000+0000,793218.9619542402,793218.9619542402,999999.9999999999
2025-02-18T07:10:00.000+0000,793218.9619542402,793218.9619542402,999999.9999999999
2025-02-18T07:20:00.000+0000,793218.9619542402,793218.9619542402,999999.9999999999
2025-02-18T07:30:00.000+0000,793218.9619542402,793218.9619542402,999999.9999999999
2025-02-18T07:40:00.000+0000,793218.9619542402,793218.9619542402,999999.9999999999
2025-02-18T07:50:00.000+0000,793218.9619542402,793218.9619542402,999999.9999999999
2025-02-18T08:00:00.000+0000,793218.9619542402,793218.9619542402,999999.9999999999
2025-02-18T08:10:00.000+0000,793218.9619542402,793218.9619542402,999999.9999999999
2025-02-18T08:20:00.000+0000,793218.9619542402,793218.9619542402,999999.9999999999
2025-02-18T08:30:00.000+0000,793218.9619542402,793218.9619542402,999999.9999999999
2025-02-18T08:40:00.000+0000,793218.9619542402,793218.9619542402,999999.9999999999
2025-02-18T08:50:00.000+0000,793218.9619542402,793218.9619542402,999999.9999999999
2025-02-18T09:00:00.000+0000,793218.9619542402,793218.9619542402,999999.9999999999
2025-02-18T09:10:00.000+0000,793218.9619542402,793218.9619542402,999999.9999999999
2025-02-18T09:20:00.000+0000,793218.9619542402,793218.9619542402,999999.9999999999
2025-02-18T09:30:00.000+0000,793218.9619542402,793218.9619542402,999999.9999999999
2025-02-18T09:40:00.000+0000,793218.9619542402,793218.9619542402,999999.9999999999
2025-02-18T09:50:00.000+0000,793218.9619542402,793218.9619542402,999999.9999999999
2025-02-18T10:00:00.000+0000,793218.9619542402,793218.9619542402,999999.9999999999
2025-02-18T10:10:00.000+0000,793218.9619542402,793218.9619542402,999999.9999999999
2025-02-18T10:20:00.000+0000,793218.9619542402,793218.9619542402,999999.9999999999
2025-02-18T10:30:00.000+0000,793218.9619542402,793218.9619542402,999999.9999999999
2025-02-18T10:40:00.000+0000,793218.9619542402,793218.9619542402,999999.9999999999
2025-02-18T10:50:00.000+0000,793218.9619542402,793218.9619542402,999999.9999999999
2025-02-18T11:00:00.000+0000,793218.9619542402,793218.9619542402,999999.9999999999
2025-02-18T11:10:00.000+0000,793218.9619542402,793218.9619542402,999999.9999999999
2025-02-18T11:20:00.000+0000,793218.9619542402,793218.9619542402,999999.9999999999
2025-02-18T11:30:00.000+0000,793218.9619542402,793218.9619542402,999999.9999999999
2025-02-18T11:40:00.000+0000,793218.9619542402,793218.9619542402,999999.9999999999
2025-02-18T11:50:00.000+0000,793218.9619542402,793218.9619542402,999999.9999999999
2025-02-18T12:00:00.000+0000,793218.9619542402,793218.9619542402,999999.9999999999
2025-02-18T12:10:00.000+0000,793218.9619542402,793218.9619542402,999999.9999999999
2025-02-18T12:20:00.000+0000,793218.9619542402,793218.9619542402,999999.9999999999
2025-02-18T12:30:00.000+0000,793218.9619542402,793218.9619542402,999999.9999999999
2025-02-18T12:40:00.000+0000,793218.9619542402,793218.9619542402,999999.9999999999
2025-02-18T12:50:00.000+0000,793218.9619542402,793218.9619542402,999999.9999999999
2025-02-18T13:00:00.000+0000,793218.9619542402,793218.9619542402,999999.9999999999
2025-02-18T13:10:00.000+0000,793218.9619542402,793218.9619542402,999999.9999999999
2025-02-18T13:20:00.000+0000,793218.9619542402,793218.9619542402,999999.9999999999
2025-02-18T13:30:00.000+0000,793218.9619542402,793218.9619542402,999999.9999999999
2025-02-18T13:40:00.000+0000,793218.9619542402,793218.9619542402,999999.9999999999
2025-02-18T13:50:00.000+0000,793218.9619542402,793218.9619542402,999999.9999999999
2025-02-18T14:00:00.000+0000,793218.9619542402,793218.9619542402,999999.9999999999
2025-02-18T14:10:00.000+0000,793218.9619542402,793218.9619542402,999999.9999999999
2025-02-18T14:20:00.000+0000,793218.9619542402,793218.9619542402,999999.9999999999
2025-02-18T14:30:00.000+0000,793218.9619542402,793218.9619542402,999999.9999999999
2025-02-18T14:40:00.000+0000,793218.9619542402,793218.9619542402,999999.9999999999
2025-02-18T14:50:00.000+0000,793218.9619542402,793218.9619542402,999999.9999999999
2025-02-18T15:00:00.000+0000,793218.9619542402,793218.9619542402,999999.9999999999
2025-02-18T15:10:00.000+0000,793218.9619542402,793218.9619542402,999999.9999999999
2025-02-18T15:20:00.000+0000,793218.9619542402,793218.9619542402,999999.9999999999
2025-02-18T15:30:00.000+0000,793218.9619542402,793218.9619542402,999999.9999999999
2025-02-18T15:40:00.000+0000,793218.9619542402,793218.9619542402,999999.9999999999
2025-02-18T15:50:00.000+0000,793218.9619542402,793218.9619542402,999999.9999999999
2025-02-18T16:00:00.000+0000,793218.9619542402,793218.9619542402,999999.9999999999
2025-02-18T16:10:00.000+0000,793218.9619542402,793218.9619542402,999999.9999999999
2025-02-18T16:20:00.000+0000,793218.9619542402,793218.9619542402,999999.9999999999
2025-02-18T16:30:00.000+0000,793218.9619542402,793218.9619542402,999999.9999999999
2025-02-18T16:40:00.000+0000,793218.9619542402,793218.9619542402,999999.9999999999
2025-02-18T16:50:00.000+0000,793218.9619542402,793218.9619542402,999999.9999999999
2025-02-18T17:00:00.000+0000,793218.9619542402,793218.9619542402,999999.9999999999
2025-02-18T17:10:00.000+0000,793218.9619542402,793218.9619542402,999999.9999999999
2025-02-18T17:20:00.000+0000,793218.9619542402,793218.9619542402,999999.9999999999
2025-02-18T17:30:00.000+0000,793218.9619542402,793218.9619542402,999999.9999999999
2025-02-18T17:40:00.000+0000,793218.9619542402,793218.9619542402,999999.9999999999
2025-02-18T17:50:00.000+0000,793218.9619542402,793218.9619542402,999999.9999999999
2025-02-18T18:00:00.000+0000,793218.9619542402,793218.9619542402,999999.9999999999
2025-02-18T18:10:00.000+0000,793218.9619542402,793218.9619542402,999999.9999999999
2025-02-18T18:20:00.000+0000,793218.9619542402,793218.9619542402,999999.9999999999
2025-02-18T18:30:00.000+0000,793218.9619542402,793218.9619542402,999999.9999999999
2025-02-18T18:40:00.000+0000,793218.9619542402,793218.9619542402,999999.9999999999
2025-02-18T18:50:00.000+0000,793218.9619542402,793218.9619542402,999999.9999999999
2025-02-18T19:00:00.000+0000,793218.9619542402,793218.9619542402,999999.9999999999
2025-02-18T19:10:00.000+0000,793218.9619542402,793218.9619542402,999999.9999999999
2025-02-18T19:20:00.000+0000,793218.9619542402,793218.9619542402,999999.9999999999
2025-02-18T19:30:00.000+0000,793218.9619542402,793218.9619542402,999999.9999999999
2025-02-18T19:40:00.000+0000,793218.9619542402,793218.9619542402,999999.9999999999
2025-02-18T19:50:00.000+0000,793218.9619542402,793218.9619542402,999999.9999999999
2025-02-18T20:00:00.000+0000,793218.9619542402,793218.9619542402,999999.9999999999
2025-02-18T20:10:00.000+0000,793218.9619542402,793218.9619542402,999999.9999999999
2025-02-18T20:20:00.000+0000,793218.9619542402,793218.9619542402,999999.9999999999
2025-02-18T20:30:00.000+0000,793218.9619542402,793218.9619542402,999999.9999999999
2025-02-18T20:40:00.000+0000,793218.9619542402,793218.9619542402,999999.9999999999
2025-02-18T20:50:00.000+0000,793218.9619542402,793218.9619542402,999999.9999999999
2025-02-18T21:00:00.000+0000,793218.9619542402,793218.9619542402,999999.9999999999
2025-02-18T21:10:00.000+0000,793218.9619542402,793218.9619542402,999999.9999999999
2025-02-18T21:20:00.000+0000,793218.9619542402,793218.9619542402,999999.9999999999
2025-02-18T21:30:00.000+0000,793218.9619542402,793218.9619542402,999999.9999999999
2025-02-18T21:40:00.000+0000,793218.9619542402,793218.9619542402,999999.9999999999
2025-02-18T21:50:00.000+0000,793218.9619542402,793218.9619542402,999999.9999999999
2025-02-18T22:00:00.000+0000,793218.9619542402,793218.9619542402,999999.9999999999
2025-02-18T22:10:00.000+0000,793218.9619542402,793218.9619542402,999999.9999999999
2025-02-18T22:20:00.000+0000,793218.9619542402,793218.9619542402,999999.9999999999
2025-02-18T22:30:00.000+0000,793218.9619542402,793218.9619542402,999999.9999999999
2025-02-18T22:40:00.000+0000,793218.9619542402,793218.9619542402,999999.9999999999
2025-02-18T22:50:00.000+0000,793218.9619542402,793218.9619542402,999999.9999999999
2025-02-18T23:00:00.000+0000,793218.9619542402,793218.9619542402,999999.9999999999
2025-02-18T23:10:00.000+0000,793218.9619542402,793218.9619542402,999999.9999999999
2025-02-18T23:20:00.000+0000,793218.9619542402,793218.9619542402,999999.9999999999
2025-02-18T23:30:00.000+0000,793218.9619542402,793218.9619542402,999999.9999999999
2025-02-18T23:40:00.000+0000,793218.9619542402,793218.9619542402,999999.9999999999
2025-02-18T23:50:00.000+0000,793218.9619542402,793218.9619542402,999999.9999999999
2025-02-19T00:00:00.000+0000,793218.9619542402,793218.9619542402,999999.9999999999
2025-02-19T00:10:00.000+0000,793218.9619542402,793218.9619542402,999999.9999999999
2025-02-19T00:20:00.000+0000,793218.9619542402,793218.9619542402,999999.9999999999
2025-02-19T00:30:00.000+0000,793218.9619542402,793218.9619542402,999999.9999999999
2025-02-19T00:40:00.000+0000,793218.9619542402,793218.9619542402,999999.9999999999
2025-02-19T00:50:00.000+0000,793218.9619542402,793218.9619542402,999999.9999999999
2025-02-19T01:00:00.000+0000,793218.9619542402,793218.9619542402,999999.9999999999
2025-02-19T01:10:00.000+0000,793218.9619542402,793218.9619542402,999999.9999999999
2025-02-19T01:20:00.000+0000,793218.9619542402,793218.9619542402,999999.9999999999
2025-02-19T01:30:00.000+0000,793218.9619542402,793218.9619542402,999999.9999999999
2025-02-19T01:40:00.000+0000,793218.9619542402,793218.9619542402,999999.9999999999
2025-02-19T01:50:00.000+0000,793218.9619542402,793218.9619542402,999999.9999999999
2025-02-19T02:00:00.000+0000,793218.9619542402,793218.9619542402,999999.9999999999
2025-02-19T02:10:00.000+0000,793218.9619542402,793218.9619542402,999999.9999999999
2025-02-19T02:20:00.000+0000,793218.9619542402,793218.9619542402,999999.9999999999
2025-02-19T02:30:00.000+0000,793218.9619542402,793218.9619542402,999999.9999999999
2025-02-19T02:40:00.000+0000,793218.9619542402,793218.9619542402,999999.9999999999
2025-02-19T02:50:00.000+0000,793218.9619542402,793218.9619542402,999999.9999999999
2025-02-19T03:00:00.000+0000,793218.9619542402,793218.9619542402,999999.9999999999
2025-02-19T03:10:00.000+0000,793218.9619542402,793218.9619542402,999999.9999999999
2025-02-19T03:20:00.000+0000,793218.9619542402,793218.9619542402,999999.9999999999
2025-02-19T03:30:00.000+0000,793218.9619542402,793218.9619542402,999999.9999999999
2025-02-19T03:40:00.000+0000,793218.9619542402,793218.9619542402,999999.9999999999
2025-02-19T03:50:00.000+0000,793218.9619542402,793218.9619542402,999999.9999999999
2025-02-19T04:00:00.000+0000,793218.9619542402,793218.9619542402,999999.9999999999
2025-02-19T04:10:00.000+0000,793218.9619542402,793218.9619542402,999999.9999999999
2025-02-19T04:20:00.000+0000,793218.9619542402,793218.9619542402,999999.9999999999
2025-02-19T04:30:00.000+0000,793218.9619542402,793218.9619542402,999999.9999999999
2025-02-19T04:40:00.000+0000,793218.9619542402,793218.9619542402,999999.9999999999
2025-02-19T04:50:00.000+0000,793218.9619542402,793218.9619542402,999999.9999999999
2025-02-19T05:00:00.000+0000,793218.9619542402,793218.9619542402,999999.9999999999
2025-02-19T05:10:00.000+0000,793218.9619542402,793218.9619542402,999999.9999999999
2025-02-19T05:20:00.000+0000,793218.9619542402,793218.9619542402,999999.9999999999
2025-02-19T05:30:00.000+0000,793218.9619542402,793218.9619542402,999999.9999999999
2025-02-19T05:40:00.000+0000,793218.9619542402,793218.9619542402,999999.9999999999
2025-02-19T05:50:00.000+0000,793218.9619542402,793218.9619542402,999999.9999999999
2025-02-19T06:00:00.000+0000,793218.9619542402,793218.9619542402,999999.9999999999
2025-02-19T06:10:00.000+0000,793218.9619542402,793218.9619542402,999999.9999999999
2025-02-19T06:20:00.000+0000,793218.9619542402,793218.9619542402,999999.9999999999
2025-02-19T06:30:00.000+0000,793218.9619542402,793218.9619542402,999999.9999999999
2025-02-19T06:40:00.000+0000,793218.9619542402,793218.9619542402,999999.9999999999
2025-02-19T06:50:00.000+0000,793218.9619542402,793218.9619542402,999999.9999999999
2025-02-19T07:00:00.000+0000,793218.9619542402,793218.9619542402,999999.9999999999
2025-02-19T07:10:00.000+0000,793218.9619542402,793218.9619542402,999999.9999999999
2025-02-19T07:20:00.000+0000,793218.9619542402,793218.9619542402,999999.9999999999
2025-02-19T07:30:00.000+0000,793218.9619542402,793218.9619542402,999999.9999999999
2025-02-19T07:40:00.000+0000,793218.9619542402,793218.9619542402,999999.9999999999
2025-02-19T07:50:00.000+0000,793218.9619542402,793218.9619542402,999999.9999999999
2025-02-19T08:00:00.000+0000,793218.9619542402,793218.9619542402,999999.9999999999
2025-02-19T08:10:00.000+0000,793218.9619542402,793218.9619542402,999999.9999999999
2025-02-19T08:20:00.000+0000,793218.9619542402,793218.9619542402,999999.9999999999
2025-02-19T08:30:00.000+0000,793218.9619542402,793218.9619542402,999999.9999999999
2025-02-19T08:40:00.000+0000,793218.9619542402,793218.9619542402,999999.9999999999
2025-02-19T08:50:00.000+0000,793218.9619542402,793218.9619542402,999999.9999999999
2025-02-19T09:00:00.000+0000,793218.9619542402,793218.9619542402,999999.9999999999
2025-02-19T09:10:00.000+0000,793218.9619542402,793218.9619542402,999999.9999999999
2025-02-19T09:20:00.000+0000,793218.9619542402,793218.9619542402,999999.9999999999
2025-02-19T09:30:00.000+0000,793218.9619542402,793218.9619542402,999999.9999999999
2025-02-19T09:40:00.000+0000,793218.9619542402,793218.9619542402,999999.9999999999
2025-02-19T09:50:00.000+0000,793218.9619542402,793218.9619542402,999999.9999999999
2025-02-19T10:00:00.000+0000,793218.9619542402,793218.9619542402,999999.9999999999
2025-02-19T10:10:00.000+0000,793218.9619542402,793218.9619542402,999999.9999999999
2025-02-19T10:20:00.000+0000,793218.9619542402,793218.9619542402,999999.9999999999
2025-02-19T10:30:00.000+0000,793218.9619542402,793218.9619542402,999999.9999999999
2025-02-19T10:40:00.000+0000,793218.9619542402,793218.9619542402,999999.9999999999
2025-02-19T10:50:00.000+0000,793218.9619542402,793218.9619542402,999999.9999999999
2025-02-19T11:00:00.000+0000,793218.9619542402,793218.9619542402,999999.9999999999
2025-02-19T11:10:00.000+0000,793218.9619542402,793218.9619542402,999999.9999999999
2025-02-19T11:20:00.000+0000,793218.9619542402,793218.9619542402,999999.9999999999
2025-02-19T11:30:00.000+0000,793218.9619542402,793218.9619542402,999999.9999999999
2025-02-19T11:40:00.000+0000,793218.9619542402,793218.9619542402,999999.9999999999
2025-02-19T11:50:00.000+0000,793218.9619542402,793218.9619542402,999999.9999999999
2025-02-19T12:00:00.000+0000,793218.9619542402,793218.9619542402,999999.9999999999
2025-02-19T12:10:00.000+0000,793218.9619542402,793218.9619542402,999999.9999999999
2025-02-19T12:20:00.000+0000,793218.9619542402,793218.9619542402,999999.9999999999
2025-02-19T12:30:00.000+0000,793218.9619542402,793218.9619542402,999999.9999999999
2025-02-19T12:40:00.000+0000,793218.9619542402,793218.9619542402,999999.9999999999
2025-02-19T12:50:00.000+0000,793218.9619542402,793218.9619542402,999999.9999999999
2025-02-19T13:00:00.000+0000,793218.9619542402,793218.9619542402,999999.9999999999
2025-02-19T13:10:00.000+0000,793218.9619542402,793218.9619542402,999999.9999999999
2025-02-19T13:20:00.000+0000,793218.9619542402,793218.9619542402,999999.9999999999
2025-02-19T13:30:00.000+0000,793218.9619542402,793218.9619542402,999999.9999999999
2025-02-19T13:40:00.000+0000,793218.9619542402,793218.9619542402,999999.9999999999
2025-02-19T13:50:00.000+0000,793218.9619542402,793218.9619542402,999999.9999999999
2025-02-19T14:00:00.000+0000,793218.9619542402,793218.9619542402,999999.9999999999
2025-02-19T14:10:00.000+0000,793218.9619542402,793218.9619542402,999999.9999999999
2025-02-19T14:20:00.000+0000,793218.9619542402,793218.9619542402,999999.9999999999
2025-02-19T14:30:00.000+0000,793218.9619542402,793218.9619542402,999999.9999999999
2025-02-19T14:40:00.000+0000,793218.9619542402,793218.9619542402,999999.9999999999
2025-02-19T14:50:00.000+0000,793218.9619542402,793218.9619542402,999999.9999999999
2025-02-19T15:00:00.000+0000,793218.9619542402,793218.9619542402,999999.9999999999
2025-02-19T15:10:00.000+0000,793218.9619542402,793218.9619542402,999999.9999999999
2025-02-19T15:20:00.000+0000,793218.9619542402,793218.9619542402,999999.9999999999
2025-02-19T15:30:00.000+0000,793218.9619542402,793218.9619542402,999999.9999999999
2025-02-19T15:40:00.000+0000,793218.9619542402,793218.9619542402,999999.9999999999
2025-02-19T15:50:00.000+0000,793218.9619542402,793218.9619542402,999999.9999999999
2025-02-19T16:00:00.000+0000,793218.9619542402,793218.9619542402,999999.9999999999
2025-02-19T16:10:00.000+0000,793218.9619542402,793218.9619542402,999999.9999999999
2025-02-19T16:20:00.000+0000,793218.9619542402,793218.9619542402,999999.9999999999
2025-02-19T16:30:00.000+0000,793218.9619542402,793218.9619542402,999999.9999999999
2025-02-19T16:40:00.000+0000,793218.9619542402,793218.9619542402,999999.9999999999
2025-02-19T16:50:00.000+0000,793218.9619542402,793218.9619542402,999999.9999999999
2025-02-19T17:00:00.000+0000,793218.9619542402,793218.9619542402,999999.9999999999
2025-02-19T17:10:00.000+0000,793218.9619542402,793218.9619542402,999999.9999999999
2025-02-19T17:20:00.000+0000,793218.9619542402,793218.9619542402,999999.9999999999
2025-02-19T17:30:00.000+0000,793218.9619542402,793218.9619542402,999999.9999999999
2025-02-19T17:40:00.000+0000,793218.9619542402,793218.9619542402,999999.9999999999
2025-02-19T17:50:00.000+0000,793218.9619542402,793218.9619542402,999999.9999999999
2025-02-19T18:00:00.000+0000,793218.9619542402,793218.9619542402,999999.9999999999
2025-02-19T18:10:00.000+0000,793218.9619542402,793218.9619542402,999999.9999999999
2025-02-19T18:20:00.000+0000,793218.9619542402,793218.9619542402,999999.9999999999
2025-02-19T18:30:00.000+0000,793218.9619542402,793218.9619542402,999999.9999999999
2025-02-19T18:40:00.000+0000,793218.9619542402,793218.9619542402,999999.9999999999
2025-02-19T18:50:00.000+0000,793218.9619542402,793218.9619542402,999999.9999999999
2025-02-19T19:00:00.000+0000,793218.9619542402,793218.9619542402,999999.9999999999
2025-02-19T19:10:00.000+0000,793218.9619542402,793218.9619542402,999999.9999999999
2025-02-19T19:20:00.000+0000,793218.9619542402,793218.9619542402,999999.9999999999
2025-02-19T19:30:00.000+0000,793218.9619542402,793218.9619542402,999999.9999999999
2025-02-19T19:40:00.000+0000,793218.9619542402,793218.9619542402,999999.9999999999
2025-02-19T19:50:00.000+0000,793218.9619542402,793218.9619542402,999999.9999999999
2025-02-19T20:00:00.000+0000,793218.9619542402,793218.9619542402,999999.9999999999
2025-02-19T20:10:00.000+0000,793218.9619542402,793218.9619542402,999999.9999999999
2025-02-19T20:20:00.000+0000,793218.9619542402,793218.9619542402,999999.9999999999
2025-02-19T20:30:00.000+0000,793218.9619542402,793218.9619542402,999999.9999999999
2025-02-19T20:40:00.000+0000,793218.9619542402,793218.9619542402,999999.9999999999
2025-02-19T20:50:00.000+0000,793218.9619542402,793218.9619542402,999999.9999999999
2025-02-19T21:00:00.000+0000,793218.9619542402,793218.9619542402,999999.9999999999
2025-02-19T21:10:00.000+0000,793218.9619542402,793218.9619542402,999999.9999999999
2025-02-19T21:20:00.000+0000,793218.9619542402,793218.9619542402,999999.9999999999
2025-02-19T21:30:00.000+0000,793218.9619542402,793218.9619542402,999999.9999999999
2025-02-19T21:40:00.000+0000,793218.9619542402,793218.9619542402,999999.9999999999
2025-02-19T21:50:00.000+0000,793218.9619542402,793218.9619542402,999999.9999999999
2025-02-19T22:00:00.000+0000,793218.9619542402,793218.9619542402,999999.9999999999
2025-02-19T22:10:00.000+0000,793218.9619542402,793218.9619542402,999999.9999999999
2025-02-19T22:20:00.000+0000,793218.9619542402,793218.9619542402,999999.9999999999
2025-02-19T22:30:00.000+0000,793218.9619542402,793218.9619542402,999999.9999999999
2025-02-19T22:40:00.000+0000,793218.9619542402,793218.9619542402,999999.9999999999
2025-02-19T22:50:00.000+0000,793218.9619542402,793218.9619542402,999999.9999999999
2025-02-19T23:00:00.000+0000,793218.9619542402,793218.9619542402,999999.9999999999
2025-02-19T23:10:00.000+0000,793218.9619542402,793218.9619542402,999999.9999999999
2025-02-19T23:20:00.000+0000,793218.9619542402,793218.9619542402,999999.9999999999
2025-02-19T23:30:00.000+0000,793218.9619542402,793218.9619542402,999999.9999999999
2025-02-19T23:40:00.000+0000,793218.9619542402,793218.9619542402,999999.9999999999
2025-02-19T23:50:00.000+0000,793218.9619542402,793218.9619542402,999999.9999999999
2025-02-20T00:00:00.000+0000,793218.9619542402,793218.9619542402,999999.9999999999
2025-02-20T00:10:00.000+0000,793218.9619542402,793218.9619542402,999999.9999999999
2025-02-20T00:20:00.000+0000,793218.9619542402,793218.9619542402,999999.9999999999
2025-02-20T00:30:00.000+0000,793218.9619542402,793218.9619542402,999999.9999999999
2025-02-20T00:40:00.000+0000,793218.9619542402,793218.9619542402,999999.9999999999
2025-02-20T00:50:00.000+0000,793218.9619542402,793218.9619542402,999999.9999999999
2025-02-20T01:00:00.000+0000,793218.9619542402,793218.9619542402,999999.9999999999
2025-02-20T01:10:00.000+0000,793218.9619542402,793218.9619542402,999999.9999999999
2025-02-20T01:20:00.000+0000,793218.9619542402,793218.9619542402,999999.9999999999
2025-02-20T01:30:00.000+0000,793218.9619542402,793218.9619542402,999999.9999999999
2025-02-20T01:40:00.000+0000,793218.9619542402,793218.9619542402,999999.9999999999
2025-02-20T01:50:00.000+0000,793218.9619542402,793218.9619542402,999999.9999999999
2025-02-20T02:00:00.000+0000,793218.9619542402,793218.9619542402,999999.9999999999
2025-02-20T02:10:00.000+0000,793218.9619542402,793218.9619542402,999999.9999999999
2025-02-20T02:20:00.000+0000,793218.9619542402,793218.9619542402,999999.9999999999
2025-02-20T02:30:00.000+0000,793218.9619542402,793218.9619542402,999999.9999999999
2025-02-20T02:40:00.000+0000,793218.9619542402,793218.9619542402,999999.9999999999
2025-02-20T02:50:00.000+0000,793218.9619542402,793218.9619542402,999999.9999999999
2025-02-20T03:00:00.000+0000,793218.9619542402,793218.9619542402,999999.9999999999
2025-02-20T03:10:00.000+0000,793218.9619542402,793218.9619542402,999999.9999999999
2025-02-20T03:20:00.000+0000,793218.9619542402,793218.9619542402,999999.9999999999
2025-02-20T03:30:00.000+0000,793218.9619542402,793218.9619542402,999999.9999999999
2025-02-20T03:40:00.000+0000,793218.9619542402,793218.9619542402,999999.9999999999
2025-02-20T03:50:00.000+0000,793218.9619542402,793218.9619542402,999999.9999999999
2025-02-20T04:00:00.000+0000,793218.9619542402,793218.9619542402,999999.9999999999
2025-02-20T04:10:00.000+0000,793218.9619542402,793218.9619542402,999999.9999999999
2025-02-20T04:20:00.000+0000,793218.9619542402,793218.9619542402,999999.9999999999
2025-02-20T04:30:00.000+0000,793218.9619542402,793218.9619542402,999999.9999999999
2025-02-20T04:40:00.000+0000,793218.9619542402,793218.9619542402,999999.9999999999
2025-02-20T04:50:00.000+0000,793218.9619542402,793218.9619542402,999999.9999999999
2025-02-20T05:00:00.000+0000,793218.9619542402,793218.9619542402,999999.9999999999
2025-02-20T05:10:00.000+0000,793218.9619542402,793218.9619542402,999999.9999999999
2025-02-20T05:20:00.000+0000,793218.9619542402,793218.9619542402,999999.9999999999
2025-02-20T05:30:00.000+0000,793218.9619542402,793218.9619542402,999999.9999999999
2025-02-20T05:40:00.000+0000,793218.9619542402,793218.9619542402,999999.9999999999
2025-02-20T05:50:00.000+0000,793218.9619542402,793218.9619542402,999999.9999999999
2025-02-20T06:00:00.000+0000,793218.9619542402,793218.9619542402,999999.9999999999
2025-02-20T06:10:00.000+0000,793218.9619542402,793218.9619542402,999999.9999999999
2025-02-20T06:20:00.000+0000,793218.9619542402,793218.9619542402,999999.9999999999
2025-02-20T06:30:00.000+0000,793218.9619542402,793218.9619542402,999999.9999999999
2025-02-20T06:40:00.000+0000,793218.9619542402,793218.9619542402,999999.9999999999
2025-02-20T06:50:00.000+0000,793218.9619542402,793218.9619542402,999999.9999999999
2025-02-20T07:00:00.000+0000,793218.9619542402,793218.9619542402,999999.9999999999
2025-02-20T07:10:00.000+0000,793218.9619542402,793218.9619542402,999999.9999999999
2025-02-20T07:20:00.000+0000,793218.9619542402,793218.9619542402,999999.9999999999
2025-02-20T07:30:00.000+0000,793218.9619542402,793218.9619542402,999999.9999999999
2025-02-20T07:40:00.000+0000,793218.9619542402,793218.9619542402,999999.9999999999
2025-02-20T07:50:00.000+0000,793218.9619542402,793218.9619542402,999999.9999999999
2025-02-20T08:00:00.000+0000,793218.9619542402,793218.9619542402,999999.9999999999
2025-02-20T08:10:00.000+0000,793218.9619542402,793218.9619542402,999999.9999999999
2025-02-20T08:20:00.000+0000,793218.9619542402,793218.9619542402,999999.9999999999
2025-02-20T08:30:00.000+0000,793218.9619542402,793218.9619542402,999999.9999999999
2025-02-20T08:40:00.000+0000,793218.9619542402,793218.9619542402,999999.9999999999
2025-02-20T08:50:00.000+0000,793218.9619542402,793218.9619542402,999999.9999999999
2025-02-20T09:00:00.000+0000,793218.9619542402,793218.9619542402,999999.9999999999
2025-02-20T09:10:00.000+0000,793218.9619542402,793218.9619542402,999999.9999999999
2025-02-20T09:20:00.000+0000,793218.9619542402,793218.9619542402,999999.9999999999
2025-02-20T09:30:00.000+0000,793218.9619542402,793218.9619542402,999999.9999999999
2025-02-20T09:40:00.000+0000,793218.9619542402,793218.9619542402,999999.9999999999
2025-02-20T09:50:00.000+0000,793218.9619542402,793218.9619542402,999999.9999999999
2025-02-20T10:00:00.000+0000,793218.9619542402,793218.9619542402,999999.9999999999
2025-02-20T10:10:00.000+0000,793218.9619542402,793218.9619542402,999999.9999999999
2025-02-20T10:20:00.000+0000,793218.9619542402,793218.9619542402,999999.9999999999
2025-02-20T10:30:00.000+0000,793218.9619542402,793218.9619542402,999999.9999999999
2025-02-20T10:40:00.000+0000,793218.9619542402,793218.9619542402,999999.9999999999
2025-02-20T10:50:00.000+0000,793218.9619542402,793218.9619542402,999999.9999999999
2025-02-20T11:00:00.000+0000,793218.9619542402,793218.9619542402,999999.9999999999
2025-02-20T11:10:00.000+0000,793218.9619542402,793218.9619542402,999999.9999999999
2025-02-20T11:20:00.000+0000,793218.9619542402,793218.9619542402,999999.9999999999
2025-02-20T11:30:00.000+0000,793218.9619542402,793218.9619542402,999999.9999999999
2025-02-20T11:40:00.000+0000,793218.9619542402,793218.9619542402,999999.9999999999
2025-02-20T11:50:00.000+0000,793218.9619542402,793218.9619542402,999999.9999999999
2025-02-20T12:00:00.000+0000,793218.9619542402,793218.9619542402,999999.9999999999
2025-02-20T12:10:00.000+0000,793218.9619542402,793218.9619542402,999999.9999999999
2025-02-20T12:20:00.000+0000,793218.9619542402,793218.9619542402,999999.9999999999
2025-02-20T12:30:00.000+0000,793218.9619542402,793218.9619542402,999999.9999999999
2025-02-20T12:40:00.000+0000,793218.9619542402,793218.9619542402,999999.9999999999
2025-02-20T12:50:00.000+0000,793218.9619542402,793218.9619542402,999999.9999999999
2025-02-20T13:00:00.000+0000,793218.9619542402,793218.9619542402,999999.9999999999
2025-02-20T13:10:00.000+0000,793218.9619542402,793218.9619542402,999999.9999999999
2025-02-20T13:20:00.000+0000,793218.9619542402,793218.9619542402,999999.9999999999
2025-02-20T13:30:00.000+0000,793218.9619542402,793218.9619542402,999999.9999999999
2025-02-20T13:40:00.000+0000,793218.9619542402,793218.9619542402,999999.9999999999
2025-02-20T13:50:00.000+0000,793218.9619542402,793218.9619542402,999999.9999999999
2025-02-20T14:00:00.000+0000,793218.9619542402,793218.9619542402,999999.9999999999
2025-02-20T14:10:00.000+0000,793218.9619542402,793218.9619542402,999999.9999999999
2025-02-20T14:20:00.000+0000,793218.9619542402,793218.9619542402,999999.9999999999
2025-02-20T14:30:00.000+0000,793218.9619542402,793218.9619542402,999999.9999999999
2025-02-20T14:40:00.000+0000,793218.9619542402,793218.9619542402,999999.9999999999
2025-02-20T14:50:00.000+0000,793218.9619542402,793218.9619542402,999999.9999999999
2025-02-20T15:00:00.000+0000,793218.9619542402,793218.9619542402,999999.9999999999
2025-02-20T15:10:00.000+0000,793218.9619542402,793218.9619542402,999999.9999999999
2025-02-20T15:20:00.000+0000,793218.9619542402,793218.9619542402,999999.9999999999
2025-02-20T15:30:00.000+0000,793218.9619542402,793218.9619542402,999999.9999999999
2025-02-20T15:40:00.000+0000,793218.9619542402,793218.9619542402,999999.9999999999
2025-02-20T15:50:00.000+0000,793218.9619542402,793218.9619542402,999999.9999999999
2025-02-20T16:00:00.000+0000,793218.9619542402,793218.9619542402,999999.9999999999
2025-02-20T16:10:00.000+0000,793218.9619542402,793218.9619542402,999999.9999999999
2025-02-20T16:20:00.000+0000,793218.9619542402,793218.9619542402,999999.9999999999
2025-02-20T16:30:00.000+0000,793218.9619542402,793218.9619542402,999999.9999999999
2025-02-20T16:40:00.000+0000,793218.9619542402,793218.9619542402,999999.9999999999
2025-02-20T16:50:00.000+0000,793218.9619542402,793218.9619542402,999999.9999999999
2025-02-20T17:00:00.000+0000,793218.9619542402,793218.9619542402,999999.9999999999
2025-02-20T17:10:00.000+0000,793218.9619542402,793218.9619542402,999999.9999999999
2025-02-20T17:20:00.000+0000,793218.9619542402,793218.9619542402,999999.9999999999
2025-02-20T17:30:00.000+0000,793218.9619542402,793218.9619542402,999999.9999999999
2025-02-20T17:40:00.000+0000,793218.9619542402,793218.9619542402,999999.9999999999
2025-02-20T17:50:00.000+0000,793218.9619542402,793218.9619542402,999999.9999999999
2025-02-20T18:00:00.000+0000,793218.9619542402,793218.9619542402,999999.9999999999
2025-02-20T18:10:00.000+0000,793218.9619542402,793218.9619542402,999999.9999999999
2025-02-20T18:20:00.000+0000,793218.9619542402,793218.9619542402,999999.9999999999
2025-02-20T18:30:00.000+0000,793218.9619542402,793218.9619542402,999999.9999999999
2025-02-20T18:40:00.000+0000,793218.9619542402,793218.9619542402,999999.9999999999
2025-02-20T18:50:00.000+0000,793218.9619542402,793218.9619542402,999999.9999999999
2025-02-20T19:00:00.000+0000,793218.9619542402,793218.9619542402,999999.9999999999
2025-02-20T19:10:00.000+0000,793218.9619542402,793218.9619542402,999999.9999999999
2025-02-20T19:20:00.000+0000,793218.9619542402,793218.9619542402,999999.9999999999
2025-02-20T19:30:00.000+0000,793218.9619542402,793218.9619542402,999999.9999999999
2025-02-20T19:40:00.000+0000,793218.9619542402,793218.9619542402,999999.9999999999
2025-02-20T19:50:00.000+0000,793218.9619542402,793218.9619542402,999999.9999999999
2025-02-20T20:00:00.000+0000,793218.9619542402,793218.9619542402,999999.9999999999
2025-02-20T20:10:00.000+0000,793218.9619542402,793218.9619542402,999999.9999999999
2025-02-20T20:20:00.000+0000,793218.9619542402,793218.9619542402,999999.9999999999
2025-02-20T20:30:00.000+0000,793218.9619542402,793218.9619542402,999999.9999999999
2025-02-20T20:40:00.000+0000,793218.9619542402,793218.9619542402,999999.9999999999
2025-02-20T20:50:00.000+0000,793218.9619542402,793218.9619542402,999999.9999999999
2025-02-20T21:00:00.000+0000,793218.9619542402,793218.9619542402,999999.9999999999
2025-02-20T21:10:00.000+0000,793218.9619542402,793218.9619542402,999999.9999999999
2025-02-20T21:20:00.000+0000,793218.9619542402,793218.9619542402,999999.9999999999
2025-02-20T21:30:00.000+0000,793218.9619542402,793218.9619542402,999999.9999999999
2025-02-20T21:40:00.000+0000,793218.9619542402,793218.9619542402,999999.9999999999
2025-02-20T21:50:00.000+0000,793218.9619542402,793218.9619542402,999999.9999999999
2025-02-20T22:00:00.000+0000,793218.9619542402,793218.9619542402,999999.9999999999
2025-02-20T22:10:00.000+0000,793218.9619542402,793218.9619542402,999999.9999999999
2025-02-20T22:20:00.000+0000,793218.9619542402,793218.9619542402,999999.9999999999
2025-02-20T22:30:00.000+0000,793218.9619542402,793218.9619542402,999999.9999999999
2025-02-20T22:40:00.000+0000,793218.9619542402,793218.9619542402,999999.9999999999
2025-02-20T22:50:00.000+0000,793218.9619542402,793218.9619542402,999999.9999999999
2025-02-20T23:00:00.000+0000,793218.9619542402,793218.9619542402,999999.9999999999
2025-02-20T23:10:00.000+0000,793218.9619542402,793218.9619542402,999999.9999999999
2025-02-20T23:20:00.000+0000,793218.9619542402,793218.9619542402,999999.9999999999
2025-02-20T23:30:00.000+0000,793218.9619542402,793218.9619542402,999999.9999999999
2025-02-20T23:40:00.000+0000,793218.9619542402,793218.9619542402,999999.9999999999
2025-02-20T23:50:00.000+0000,793218.9619542402,793218.9619542402,999999.9999999999
2025-02-21T00:00:00.000+0000,793218.9619542402,793218.9619542402,999999.9999999999
2025-02-21T00:10:00.000+0000,793218.9619542402,793218.9619542402,999999.9999999999
2025-02-21T00:20:00.000+0000,793218.9619542402,793218.9619542402,999999.9999999999
2025-02-21T00:30:00.000+0000,793218.9619542402,793218.9619542402,999999.9999999999
2025-02-21T00:40:00.000+0000,793218.9619542402,793218.9619542402,999999.9999999999
2025-02-21T00:50:00.000+0000,793218.9619542402,793218.9619542402,999999.9999999999
2025-02-21T01:00:00.000+0000,793218.9619542402,793218.9619542402,999999.9999999999
2025-02-21T01:10:00.000+0000,793218.9619542402,793218.9619542402,999999.9999999999
2025-02-21T01:20:00.000+0000,793218.9619542402,793218.9619542402,999999.9999999999
2025-02-21T01:30:00.000+0000,793218.9619542402,793218.9619542402,999999.9999999999
2025-02-21T01:40:00.000+0000,793218.9619542402,793218.9619542402,999999.9999999999
2025-02-21T01:50:00.000+0000,793218.9619542402,793218.9619542402,999999.9999999999
2025-02-21T02:00:00.000+0000,793218.9619542402,793218.9619542402,999999.9999999999
2025-02-21T02:10:00.000+0000,793218.9619542402,793218.9619542402,999999.9999999999
2025-02-21T02:20:00.000+0000,793218.9619542402,793218.9619542402,999999.9999999999
2025-02-21T02:30:00.000+0000,793218.9619542402,793218.9619542402,999999.9999999999
2025-02-21T02:40:00.000+0000,793218.9619542402,793218.9619542402,999999.9999999999
2025-02-21T02:50:00.000+0000,793218.9619542402,793218.9619542402,999999.9999999999
2025-02-21T03:00:00.000+0000,793218.9619542402,793218.9619542402,999999.9999999999
2025-02-21T03:10:00.000+0000,793218.9619542402,793218.9619542402,999999.9999999999
2025-02-21T03:20:00.000+0000,793218.9619542402,793218.9619542402,999999.9999999999
2025-02-21T03:30:00.000+0000,793218.9619542402,793218.9619542402,999999.9999999999
2025-02-21T03:40:00.000+0000,793218.9619542402,793218.9619542402,999999.9999999999
2025-02-21T03:50:00.000+0000,793218.9619542402,793218.9619542402,999999.9999999999
2025-02-21T04:00:00.000+0000,793218.9619542402,793218.9619542402,999999.9999999999
2025-02-21T04:10:00.000+0000,793218.9619542402,793218.9619542402,999999.9999999999
2025-02-21T04:20:00.000+0000,793218.9619542402,793218.9619542402,999999.9999999999
2025-02-21T04:30:00.000+0000,793218.9619542402,793218.9619542402,999999.9999999999
2025-02-21T04:40:00.000+0000,793218.9619542402,793218.9619542402,999999.9999999999
2025-02-21T04:50:00.000+0000,793218.9619542402,793218.9619542402,999999.9999999999
2025-02-21T05:00:00.000+0000,793218.9619542402,793218.9619542402,999999.9999999999
2025-02-21T05:10:00.000+0000,793218.9619542402,793218.9619542402,999999.9999999999
2025-02-21T05:20:00.000+0000,793218.9619542402,793218.9619542402,999999.9999999999
2025-02-21T05:30:00.000+0000,793218.9619542402,793218.9619542402,999999.9999999999
2025-02-21T05:40:00.000+0000,793218.9619542402,793218.9619542402,999999.9999999999
2025-02-21T05:50:00.000+0000,793218.9619542402,793218.9619542402,999999.9999999999
2025-02-21T06:00:00.000+0000,793218.9619542402,793218.9619542402,999999.9999999999
2025-02-21T06:10:00.000+0000,793218.9619542402,793218.9619542402,999999.9999999999
2025-02-21T06:20:00.000+0000,793218.9619542402,793218.9619542402,999999.9999999999
2025-02-21T06:30:00.000+0000,793218.9619542402,793218.9619542402,999999.9999999999
2025-02-21T06:40:00.000+0000,793218.9619542402,793218.9619542402,999999.9999999999
2025-02-21T06:50:00.000+0000,793218.9619542402,793218.9619542402,999999.9999999999
2025-02-21T07:00:00.000+0000,793218.9619542402,793218.9619542402,999999.9999999999
2025-02-21T07:10:00.000+0000,793218.9619542402,793218.9619542402,999999.9999999999
2025-02-21T07:20:00.000+0000,793218.9619542402,793218.9619542402,999999.9999999999
2025-02-21T07:30:00.000+0000,793218.9619542402,793218.9619542402,999999.9999999999
2025-02-21T07:40:00.000+0000,793218.9619542402,793218.9619542402,999999.9999999999
2025-02-21T07:50:00.000+0000,793218.9619542402,793218.9619542402,999999.9999999999
2025-02-21T08:00:00.000+0000,793218.9619542402,793218.9619542402,999999.9999999999
2025-02-21T08:10:00.000+0000,793218.9619542402,793218.9619542402,999999.9999999999
2025-02-21T08:20:00.000+0000,793218.9619542402,793218.9619542402,999999.9999999999
2025-02-21T08:30:00.000+0000,793218.9619542402,793218.9619542402,999999.9999999999
2025-02-21T08:40:00.000+0000,793218.9619542402,793218.9619542402,999999.9999999999
2025-02-21T08:50:00.000+0000,793218.9619542402,793218.9619542402,999999.9999999999
2025-02-21T09:00:00.000+0000,793218.9619542402,793218.9619542402,999999.9999999999
2025-02-21T09:10:00.000+0000,793218.9619542402,793218.9619542402,999999.9999999999
2025-02-21T09:20:00.000+0000,793218.9619542402,793218.9619542402,999999.9999999999
2025-02-21T09:30:00.000+0000,793218.9619542402,793218.9619542402,999999.9999999999
2025-02-21T09:40:00.000+0000,793218.9619542402,793218.9619542402,999999.9999999999
2025-02-21T09:50:00.000+0000,793218.9619542402,793218.9619542402,999999.9999999999
2025-02-21T10:00:00.000+0000,793218.9619542402,793218.9619542402,999999.9999999999
2025-02-21T10:10:00.000+0000,793218.9619542402,793218.9619542402,999999.9999999999
2025-02-21T10:20:00.000+0000,793218.9619542402,793218.9619542402,999999.9999999999
2025-02-21T10:30:00.000+0000,793218.9619542402,793218.9619542402,999999.9999999999
2025-02-21T10:40:00.000+0000,793218.9619542402,793218.9619542402,999999.9999999999
2025-02-21T10:50:00.000+0000,793218.9619542402,793218.9619542402,999999.9999999999
2025-02-21T11:00:00.000+0000,793218.9619542402,793218.9619542402,999999.9999999999
2025-02-21T11:10:00.000+0000,793218.9619542402,793218.9619542402,999999.9999999999
2025-02-21T11:20:00.000+0000,793218.9619542402,793218.9619542402,999999.9999999999
2025-02-21T11:30:00.000+0000,793218.9619542402,793218.9619542402,999999.9999999999
2025-02-21T11:40:00.000+0000,793218.9619542402,793218.9619542402,999999.9999999999
2025-02-21T11:50:00.000+0000,793218.9619542402,793218.9619542402,999999.9999999999
2025-02-21T12:00:00.000+0000,793218.9619542402,793218.9619542402,999999.9999999999
2025-02-21T12:10:00.000+0000,793218.9619542402,793218.9619542402,999999.9999999999
2025-02-21T12:20:00.000+0000,793218.9619542402,793218.9619542402,999999.9999999999
2025-02-21T12:30:00.000+0000,793218.9619542402,793218.9619542402,999999.9999999999
2025-02-21T12:40:00.000+0000,793218.9619542402,793218.9619542402,999999.9999999999
2025-02-21T12:50:00.000+0000,793218.9619542402,793218.9619542402,999999.9999999999
2025-02-21T13:00:00.000+0000,793218.9619542402,793218.9619542402,999999.9999999999
2025-02-21T13:10:00.000+0000,793218.9619542402,793218.9619542402,999999.9999999999
2025-02-21T13:20:00.000+0000,793218.9619542402,793218.9619542402,999999.9999999999
2025-02-21T13:30:00.000+0000,793218.9619542402,793218.9619542402,999999.9999999999
2025-02-21T13:40:00.000+0000,793218.9619542402,793218.9619542402,999999.9999999999
2025-02-21T13:50:00.000+0000,793218.9619542402,793218.9619542402,999999.9999999999
2025-02-21T14:00:00.000+0000,793218.9619542402,793218.9619542402,999999.9999999999
2025-02-21T14:10:00.000+0000,793218.9619542402,793218.9619542402,999999.9999999999
2025-02-21T14:20:00.000+0000,793218.9619542402,793218.9619542402,999999.9999999999
2025-02-21T14:30:00.000+0000,793218.9619542402,793218.9619542402,999999.9999999999
2025-02-21T14:40:00.000+0000,793218.9619542402,793218.9619542402,999999.9999999999
2025-02-21T14:50:00.000+0000,793218.9619542402,793218.9619542402,999999.9999999999
2025-02-21T15:00:00.000+0000,793218.9619542402,793218.9619542402,999999.9999999999
2025-02-21T15:10:00.000+0000,793218.9619542402,793218.9619542402,999999.9999999999
2025-02-21T15:20:00.000+0000,793218.9619542402,793218.9619542402,999999.9999999999
2025-02-21T15:30:00.000+0000,793218.9619542402,793218.9619542402,999999.9999999999
2025-02-21T15:40:00.000+0000,793218.9619542402,793218.9619542402,999999.9999999999
2025-02-21T15:50:00.000+0000,793218.9619542402,793218.9619542402,999999.9999999999
2025-02-21T16:00:00.000+0000,793218.9619542402,793218.9619542402,999999.9999999999
2025-02-21T16:10:00.000+0000,793218.9619542402,793218.9619542402,999999.9999999999
2025-02-21T16:20:00.000+0000,793218.9619542402,793218.9619542402,999999.9999999999
2025-02-21T16:30:00.000+0000,793218.9619542402,793218.9619542402,999999.9999999999
2025-02-21T16:40:00.000+0000,793218.9619542402,793218.9619542402,999999.9999999999
2025-02-21T16:50:00.000+0000,793218.9619542402,793218.9619542402,999999.9999999999
2025-02-21T17:00:00.000+0000,793218.9619542402,793218.9619542402,999999.9999999999
2025-02-21T17:10:00.000+0000,793218.9619542402,793218.9619542402,999999.9999999999
2025-02-21T17:20:00.000+0000,793218.9619542402,793218.9619542402,999999.9999999999
2025-02-21T17:30:00.000+0000,793218.9619542402,793218.9619542402,999999.9999999999
2025-02-21T17:40:00.000+0000,793218.9619542402,793218.9619542402,999999.9999999999
2025-02-21T17:50:00.000+0000,793218.9619542402,793218.9619542402,999999.9999999999
2025-02-21T18:00:00.000+0000,793218.9619542402,793218.9619542402,999999.9999999999
2025-02-21T18:10:00.000+0000,793218.9619542402,793218.9619542402,999999.9999999999
2025-02-21T18:20:00.000+0000,793218.9619542402,793218.9619542402,999999.9999999999
2025-02-21T18:30:00.000+0000,793218.9619542402,793218.9619542402,999999.9999999999
2025-02-21T18:40:00.000+0000,793218.9619542402,793218.9619542402,999999.9999999999
2025-02-21T18:50:00.000+0000,793218.9619542402,793218.9619542402,999999.9999999999
2025-02-21T19:00:00.000+0000,793218.9619542402,793218.9619542402,999999.9999999999
2025-02-21T19:10:00.000+0000,793218.9619542402,793218.9619542402,999999.9999999999
2025-02-21T19:20:00.000+0000,793218.9619542402,793218.9619542402,999999.9999999999
2025-02-21T19:30:00.000+0000,793218.9619542402,793218.9619542402,999999.9999999999
2025-02-21T19:40:00.000+0000,793218.9619542402,793218.9619542402,999999.9999999999
2025-02-21T19:50:00.000+0000,793218.9619542402,793218.9619542402,999999.9999999999
2025-02-21T20:00:00.000+0000,793218.9619542402,793218.9619542402,999999.9999999999
2025-02-21T20:10:00.000+0000,793218.9619542402,793218.9619542402,999999.9999999999
2025-02-21T20:20:00.000+0000,793218.9619542402,793218.9619542402,999999.9999999999
2025-02-21T20:30:00.000+0000,793218.9619542402,793218.9619542402,999999.9999999999
2025-02-21T20:40:00.000+0000,793218.9619542402,793218.9619542402,999999.9999999999
2025-02-21T20:50:00.000+0000,793218.9619542402,793218.9619542402,999999.9999999999
2025-02-21T21:00:00.000+0000,793218.9619542402,793218.9619542402,999999.9999999999
2025-02-21T21:10:00.000+0000,793218.9619542402,793218.9619542402,999999.9999999999
2025-02-21T21:20:00.000+0000,793218.9619542402,793218.9619542402,999999.9999999999
2025-02-21T21:30:00.000+0000,793218.9619542402,793218.9619542402,999999.9999999999
2025-02-21T21:40:00.000+0000,793218.9619542402,793218.9619542402,999999.9999999999
2025-02-21T21:50:00.000+0000,793218.9619542402,793218.9619542402,999999.9999999999
2025-02-21T22:00:00.000+0000,793218.9619542402,793218.9619542402,999999.9999999999
2025-02-21T22:10:00.000+0000,793218.9619542402,793218.9619542402,999999.9999999999
2025-02-21T22:20:00.000+0000,793218.9619542402,793218.9619542402,999999.9999999999
2025-02-21T22:30:00.000+0000,793218.9619542402,793218.9619542402,999999.9999999999
2025-02-21T22:40:00.000+0000,793218.9619542402,793218.9619542402,999999.9999999999
2025-02-21T22:50:00.000+0000,793218.9619542402,793218.9619542402,999999.9999999999
2025-02-21T23:00:00.000+0000,793218.9619542402,793218.9619542402,999999.9999999999
2025-02-21T23:10:00.000+0000,793218.9619542402,793218.9619542402,999999.9999999999
2025-02-21T23:20:00.000+0000,793218.9619542402,793218.9619542402,999999.9999999999
2025-02-21T23:30:00.000+0000,793218.9619542402,793218.9619542402,999999.9999999999
2025-02-21T23:40:00.000+0000,793218.9619542402,793218.9619542402,999999.9999999999
2025-02-21T23:50:00.000+0000,793218.9619542402,793218.9619542402,999999.9999999999
2025-02-22T00:00:00.000+0000,793218.9619542402,793218.9619542402,999999.9999999999
2025-02-22T00:10:00.000+0000,793218.9619542402,793218.9619542402,999999.9999999999
2025-02-22T00:20:00.000+0000,793218.9619542402,793218.9619542402,999999.9999999999
2025-02-22T00:30:00.000+0000,793218.9619542402,793218.9619542402,999999.9999999999
2025-02-22T00:40:00.000+0000,793218.9619542402,793218.9619542402,999999.9999999999
2025-02-22T00:50:00.000+0000,793218.9619542402,793218.9619542402,999999.9999999999
2025-02-22T01:00:00.000+0000,793218.9619542402,793218.9619542402,999999.9999999999
2025-02-22T01:10:00.000+0000,793218.9619542402,793218.9619542402,999999.9999999999
2025-02-22T01:20:00.000+0000,793218.9619542402,793218.9619542402,999999.9999999999
2025-02-22T01:30:00.000+0000,793218.9619542402,793218.9619542402,999999.9999999999
2025-02-22T01:40:00.000+0000,793218.9619542402,793218.9619542402,999999.9999999999
2025-02-22T01:50:00.000+0000,793218.9619542402,793218.9619542402,999999.9999999999
2025-02-22T02:00:00.000+0000,793218.9619542402,793218.9619542402,999999.9999999999
2025-02-22T02:10:00.000+0000,793218.9619542402,793218.9619542402,999999.9999999999
2025-02-22T02:20:00.000+0000,793218.9619542402,793218.9619542402,999999.9999999999
2025-02-22T02:30:00.000+0000,793218.9619542402,793218.9619542402,999999.9999999999
2025-02-22T02:40:00.000+0000,793218.9619542402,793218.9619542402,999999.9999999999
2025-02-22T02:50:00.000+0000,793218.9619542402,793218.9619542402,999999.9999999999
2025-02-22T03:00:00.000+0000,793218.9619542402,793218.9619542402,999999.9999999999
2025-02-22T03:10:00.000+0000,793218.9619542402,793218.9619542402,999999.9999999999
2025-02-22T03:20:00.000+0000,793218.9619542402,793218.9619542402,999999.9999999999
2025-02-22T03:30:00.000+0000,793218.9619542402,793218.9619542402,999999.9999999999
2025-02-22T03:40:00.000+0000,793218.9619542402,793218.9619542402,999999.9999999999
2025-02-22T03:50:00.000+0000,793218.9619542402,793218.9619542402,999999.9999999999
2025-02-22T04:00:00.000+0000,793218.9619542402,793218.9619542402,999999.9999999999
2025-02-22T04:10:00.000+0000,793218.9619542402,793218.9619542402,999999.9999999999
2025-02-22T04:20:00.000+0000,793218.9619542402,793218.9619542402,999999.9999999999
2025-02-22T04:30:00.000+0000,793218.9619542402,793218.9619542402,999999.9999999999
2025-02-22T04:40:00.000+0000,793218.9619542402,793218.9619542402,999999.9999999999
2025-02-22T04:50:00.000+0000,793218.9619542402,793218.9619542402,999999.9999999999
2025-02-22T05:00:00.000+0000,793218.9619542402,793218.9619542402,999999.9999999999
2025-02-22T05:10:00.000+0000,793218.9619542402,793218.9619542402,999999.9999999999
2025-02-22T05:20:00.000+0000,793218.9619542402,793218.9619542402,999999.9999999999
2025-02-22T05:30:00.000+0000,793218.9619542402,793218.9619542402,999999.9999999999
2025-02-22T05:40:00.000+0000,793218.9619542402,793218.9619542402,999999.9999999999
2025-02-22T05:50:00.000+0000,793218.9619542402,793218.9619542402,999999.9999999999
2025-02-22T06:00:00.000+0000,793218.9619542402,793218.9619542402,999999.9999999999
2025-02-22T06:10:00.000+0000,793218.9619542402,793218.9619542402,999999.9999999999
2025-02-22T06:20:00.000+0000,793218.9619542402,793218.9619542402,999999.9999999999
2025-02-22T06:30:00.000+0000,793218.9619542402,793218.9619542402,999999.9999999999
2025-02-22T06:40:00.000+0000,793218.9619542402,793218.9619542402,999999.9999999999
2025-02-22T06:50:00.000+0000,793218.9619542402,793218.9619542402,999999.9999999999
2025-02-22T07:00:00.000+0000,793218.9619542402,793218.9619542402,999999.9999999999
2025-02-22T07:10:00.000+0000,793218.9619542402,793218.9619542402,999999.9999999999
2025-02-22T07:20:00.000+0000,793218.9619542402,793218.9619542402,999999.9999999999
2025-02-22T07:30:00.000+0000,793218.9619542402,793218.9619542402,999999.9999999999
2025-02-22T07:40:00.000+0000,793218.9619542402,793218.9619542402,999999.9999999999
2025-02-22T07:50:00.000+0000,793218.9619542402,793218.9619542402,999999.9999999999
2025-02-22T08:00:00.000+0000,793218.9619542402,793218.9619542402,999999.9999999999
2025-02-22T08:10:00.000+0000,793218.9619542402,793218.9619542402,999999.9999999999
2025-02-22T08:20:00.000+0000,793218.9619542402,793218.9619542402,999999.9999999999
2025-02-22T08:30:00.000+0000,793218.9619542402,793218.9619542402,999999.9999999999
2025-02-22T08:40:00.000+0000,793218.9619542402,793218.9619542402,999999.9999999999
2025-02-22T08:50:00.000+0000,793218.9619542402,793218.9619542402,999999.9999999999
2025-02-22T09:00:00.000+0000,793218.9619542402,793218.9619542402,999999.9999999999
2025-02-22T09:10:00.000+0000,793218.9619542402,793218.9619542402,999999.9999999999
2025-02-22T09:20:00.000+0000,793218.9619542402,793218.9619542402,999999.9999999999
2025-02-22T09:30:00.000+0000,793218.9619542402,793218.9619542402,999999.9999999999
2025-02-22T09:40:00.000+0000,793218.9619542402,793218.9619542402,999999.9999999999
2025-02-22T09:50:00.000+0000,793218.9619542402,793218.9619542402,999999.9999999999
2025-02-22T10:00:00.000+0000,793218.9619542402,793218.9619542402,999999.9999999999
2025-02-22T10:10:00.000+0000,793218.9619542402,793218.9619542402,999999.9999999999
2025-02-22T10:20:00.000+0000,793218.9619542402,793218.9619542402,999999.9999999999
2025-02-22T10:30:00.000+0000,793218.9619542402,793218.9619542402,999999.9999999999
2025-02-22T10:40:00.000+0000,793218.9619542402,793218.9619542402,999999.9999999999
2025-02-22T10:50:00.000+0000,793218.9619542402,793218.9619542402,999999.9999999999
2025-02-22T11:00:00.000+0000,793218.9619542402,793218.9619542402,999999.9999999999
2025-02-22T11:10:00.000+0000,793218.9619542402,793218.9619542402,999999.9999999999
2025-02-22T11:20:00.000+0000,793218.9619542402,793218.9619542402,999999.9999999999
2025-02-22T11:30:00.000+0000,793218.9619542402,793218.9619542402,999999.9999999999
2025-02-22T11:40:00.000+0000,793218.9619542402,793218.9619542402,999999.9999999999
2025-02-22T11:50:00.000+0000,793218.9619542402,793218.9619542402,999999.9999999999
2025-02-22T12:00:00.000+0000,793218.9619542402,793218.9619542402,999999.9999999999
2025-02-22T12:10:00.000+0000,793218.9619542402,793218.9619542402,999999.9999999999
2025-02-22T12:20:00.000+0000,793218.9619542402,793218.9619542402,999999.9999999999
2025-02-22T12:30:00.000+0000,793218.9619542402,793218.9619542402,999999.9999999999
2025-02-22T12:40:00.000+0000,793218.9619542402,793218.9619542402,999999.9999999999
2025-02-22T12:50:00.000+0000,793218.9619542402,793218.9619542402,999999.9999999999
2025-02-22T13:00:00.000+0000,793218.9619542402,793218.9619542402,999999.9999999999
2025-02-22T13:10:00.000+0000,793218.9619542402,793218.9619542402,999999.9999999999
2025-02-22T13:20:00.000+0000,793218.9619542402,793218.9619542402,999999.9999999999
2025-02-22T13:30:00.000+0000,793218.9619542402,793218.9619542402,999999.9999999999
2025-02-22T13:40:00.000+0000,793218.9619542402,793218.9619542402,999999.9999999999
2025-02-22T13:50:00.000+0000,793218.9619542402,793218.9619542402,999999.9999999999
2025-02-22T14:00:00.000+0000,793218.9619542402,793218.9619542402,999999.9999999999
2025-02-22T14:10:00.000+0000,793218.9619542402,793218.9619542402,999999.9999999999
2025-02-22T14:20:00.000+0000,793218.9619542402,793218.9619542402,999999.9999999999
2025-02-22T14:30:00.000+0000,793218.9619542402,793218.9619542402,999999.9999999999
2025-02-22T14:40:00.000+0000,793218.9619542402,793218.9619542402,999999.9999999999
2025-02-22T14:50:00.000+0000,793218.9619542402,793218.9619542402,999999.9999999999
2025-02-22T15:00:00.000+0000,793218.9619542402,793218.9619542402,999999.9999999999
2025-02-22T15:10:00.000+0000,793218.9619542402,793218.9619542402,999999.9999999999
2025-02-22T15:20:00.000+0000,793218.9619542402,793218.9619542402,999999.9999999999
2025-02-22T15:30:00.000+0000,793218.9619542402,793218.9619542402,999999.9999999999
2025-02-22T15:40:00.000+0000,793218.9619542402,793218.9619542402,999999.9999999999
2025-02-22T15:50:00.000+0000,793218.9619542402,793218.9619542402,999999.9999999999
2025-02-22T16:00:00.000+0000,793218.9619542402,793218.9619542402,999999.9999999999
2025-02-22T16:10:00.000+0000,793218.9619542402,793218.9619542402,999999.9999999999
2025-02-22T16:20:00.000+0000,793218.9619542402,793218.9619542402,999999.9999999999
2025-02-22T16:30:00.000+0000,793218.9619542402,793218.9619542402,999999.9999999999
2025-02-22T16:40:00.000+0000,793218.9619542402,793218.9619542402,999999.9999999999
2025-02-22T16:50:00.000+0000,793218.9619542402,793218.9619542402,999999.9999999999
2025-02-22T17:00:00.000+0000,793218.9619542402,793218.9619542402,999999.9999999999
2025-02-22T17:10:00.000+0000,793218.9619542402,793218.9619542402,999999.9999999999
2025-02-22T17:20:00.000+0000,793218.9619542402,793218.9619542402,999999.9999999999
2025-02-22T17:30:00.000+0000,793218.9619542402,793218.9619542402,999999.9999999999
2025-02-22T17:40:00.000+0000,793218.9619542402,793218.9619542402,999999.9999999999
2025-02-22T17:50:00.000+0000,793218.9619542402,793218.9619542402,999999.9999999999
2025-02-22T18:00:00.000+0000,793218.9619542402,793218.9619542402,999999.9999999999
2025-02-22T18:10:00.000+0000,793218.9619542402,793218.9619542402,999999.9999999999
2025-02-22T18:20:00.000+0000,793218.9619542402,793218.9619542402,999999.9999999999
2025-02-22T18:30:00.000+0000,793218.9619542402,793218.9619542402,999999.9999999999
2025-02-22T18:40:00.000+0000,793218.9619542402,793218.9619542402,999999.9999999999
2025-02-22T18:50:00.000+0000,793218.9619542402,793218.9619542402,999999.9999999999
2025-02-22T19:00:00.000+0000,793218.9619542402,793218.9619542402,999999.9999999999
2025-02-22T19:10:00.000+0000,793218.9619542402,793218.9619542402,999999.9999999999
2025-02-22T19:20:00.000+0000,793218.9619542402,793218.9619542402,999999.9999999999
2025-02-22T19:30:00.000+0000,793218.9619542402,793218.9619542402,999999.9999999999
2025-02-22T19:40:00.000+0000,793218.9619542402,793218.9619542402,999999.9999999999
2025-02-22T19:50:00.000+0000,793218.9619542402,793218.9619542402,999999.9999999999
2025-02-22T20:00:00.000+0000,793218.9619542402,793218.9619542402,999999.9999999999
2025-02-22T20:10:00.000+0000,793218.9619542402,793218.9619542402,999999.9999999999
2025-02-22T20:20:00.000+0000,793218.9619542402,793218.9619542402,999999.9999999999
2025-02-22T20:30:00.000+0000,793218.9619542402,793218.9619542402,999999.9999999999
2025-02-22T20:40:00.000+0000,793218.9619542402,793218.9619542402,999999.9999999999
2025-02-22T20:50:00.000+0000,793218.9619542402,793218.9619542402,999999.9999999999
2025-02-22T21:00:00.000+0000,793218.9619542402,793218.9619542402,999999.9999999999
2025-02-22T21:10:00.000+0000,793218.9619542402,793218.9619542402,999999.9999999999
2025-02-22T21:20:00.000+0000,793218.9619542402,793218.9619542402,999999.9999999999
2025-02-22T21:30:00.000+0000,793218.9619542402,793218.9619542402,999999.9999999999
2025-02-22T21:40:00.000+0000,793218.9619542402,793218.9619542402,999999.9999999999
2025-02-22T21:50:00.000+0000,793218.9619542402,793218.9619542402,999999.9999999999
2025-02-22T22:00:00.000+0000,793218.9619542402,793218.9619542402,999999.9999999999
2025-02-22T22:10:00.000+0000,793218.9619542402,793218.9619542402,999999.9999999999
2025-02-22T22:20:00.000+0000,793218.9619542402,793218.9619542402,999999.9999999999
2025-02-22T22:30:00.000+0000,793218.9619542402,793218.9619542402,999999.9999999999
2025-02-22T22:40:00.000+0000,793218.9619542402,793218.9619542402,999999.9999999999
2025-02-22T22:50:00.000+0000,793218.9619542402,793218.9619542402,999999.9999999999
2025-02-22T23:00:00.000+0000,793218.9619542402,793218.9619542402,999999.9999999999
2025-02-22T23:10:00.000+0000,793218.9619542402,793218.9619542402,999999.9999999999
2025-02-22T23:20:00.000+0000,793218.9619542402,793218.9619542402,999999.9999999999
2025-02-22T23:30:00.000+0000,793218.9619542402,793218.9619542402,999999.9999999999
2025-02-22T23:40:00.000+0000,793218.9619542402,793218.9619542402,999999.9999999999
2025-02-22T23:50:00.000+0000,793218.9619542402,793218.9619542402,999999.9999999999
2025-02-23T00:00:00.000+0000,793218.9619542402,793218.9619542402,999999.9999999999
2025-02-23T00:10:00.000+0000,793218.9619542402,793218.9619542402,999999.9999999999
2025-02-23T00:20:00.000+0000,793218.9619542402,793218.9619542402,999999.9999999999
2025-02-23T00:30:00.000+0000,793218.9619542402,793218.9619542402,999999.9999999999
2025-02-23T00:40:00.000+0000,793218.9619542402,793218.9619542402,999999.9999999999
2025-02-23T00:50:00.000+0000,793218.9619542402,793218.9619542402,999999.9999999999
2025-02-23T01:00:00.000+0000,793218.9619542402,793218.9619542402,999999.9999999999
2025-02-23T01:10:00.000+0000,793218.9619542402,793218.9619542402,999999.9999999999
2025-02-23T01:20:00.000+0000,793218.9619542402,793218.9619542402,999999.9999999999
2025-02-23T01:30:00.000+0000,793218.9619542402,793218.9619542402,999999.9999999999
2025-02-23T01:40:00.000+0000,793218.9619542402,793218.9619542402,999999.9999999999
2025-02-23T01:50:00.000+0000,793218.9619542402,793218.9619542402,999999.9999999999
2025-02-23T02:00:00.000+0000,793218.9619542402,793218.9619542402,999999.9999999999
2025-02-23T02:10:00.000+0000,793218.9619542402,793218.9619542402,999999.9999999999
2025-02-23T02:20:00.000+0000,793218.9619542402,793218.9619542402,999999.9999999999
2025-02-23T02:30:00.000+0000,793218.9619542402,793218.9619542402,999999.9999999999
2025-02-23T02:40:00.000+0000,793218.9619542402,793218.9619542402,999999.9999999999
2025-02-23T02:50:00.000+0000,793218.9619542402,793218.9619542402,999999.9999999999
2025-02-23T03:00:00.000+0000,793218.9619542402,793218.9619542402,999999.9999999999
2025-02-23T03:10:00.000+0000,793218.9619542402,793218.9619542402,999999.9999999999
2025-02-23T03:20:00.000+0000,793218.9619542402,793218.9619542402,999999.9999999999
2025-02-23T03:30:00.000+0000,793218.9619542402,793218.9619542402,999999.9999999999
2025-02-23T03:40:00.000+0000,793218.9619542402,793218.9619542402,999999.9999999999
2025-02-23T03:50:00.000+0000,793218.9619542402,793218.9619542402,999999.9999999999
2025-02-23T04:00:00.000+0000,793218.9619542402,793218.9619542402,999999.9999999999
2025-02-23T04:10:00.000+0000,793218.9619542402,793218.9619542402,999999.9999999999
2025-02-23T04:20:00.000+0000,793218.9619542402,793218.9619542402,999999.9999999999
2025-02-23T04:30:00.000+0000,793218.9619542402,793218.9619542402,999999.9999999999
2025-02-23T04:40:00.000+0000,793218.9619542402,793218.9619542402,999999.9999999999
2025-02-23T04:50:00.000+0000,793218.9619542402,793218.9619542402,999999.9999999999
2025-02-23T05:00:00.000+0000,793218.9619542402,793218.9619542402,999999.9999999999
2025-02-23T05:10:00.000+0000,793218.9619542402,793218.9619542402,999999.9999999999
2025-02-23T05:20:00.000+0000,793218.9619542402,793218.9619542402,999999.9999999999
2025-02-23T05:30:00.000+0000,793218.9619542402,793218.9619542402,999999.9999999999
2025-02-23T05:40:00.000+0000,793218.9619542402,793218.9619542402,999999.9999999999
2025-02-23T05:50:00.000+0000,793218.9619542402,793218.9619542402,999999.9999999999
2025-02-23T06:00:00.000+0000,793218.9619542402,793218.9619542402,999999.9999999999
2025-02-23T06:10:00.000+0000,793218.9619542402,793218.9619542402,999999.9999999999
2025-02-23T06:20:00.000+0000,793218.9619542402,793218.9619542402,999999.9999999999
2025-02-23T06:30:00.000+0000,793218.9619542402,793218.9619542402,999999.9999999999
2025-02-23T06:40:00.000+0000,793218.9619542402,793218.9619542402,999999.9999999999
2025-02-23T06:50:00.000+0000,793218.9619542402,793218.9619542402,999999.9999999999
2025-02-23T07:00:00.000+0000,793218.9619542402,793218.9619542402,999999.9999999999
2025-02-23T07:10:00.000+0000,793218.9619542402,793218.9619542402,999999.9999999999
2025-02-23T07:20:00.000+0000,793218.9619542402,793218.9619542402,999999.9999999999
2025-02-23T07:30:00.000+0000,793218.9619542402,793218.9619542402,999999.9999999999
2025-02-23T07:40:00.000+0000,793218.9619542402,793218.9619542402,999999.9999999999
2025-02-23T07:50:00.000+0000,793218.9619542402,793218.9619542402,999999.9999999999
2025-02-23T08:00:00.000+0000,793218.9619542402,793218.9619542402,999999.9999999999
2025-02-23T08:10:00.000+0000,793218.9619542402,793218.9619542402,999999.9999999999
2025-02-23T08:20:00.000+0000,793218.9619542402,793218.9619542402,999999.9999999999
2025-02-23T08:30:00.000+0000,793218.9619542402,793218.9619542402,999999.9999999999
2025-02-23T08:40:00.000+0000,793218.9619542402,793218.9619542402,999999.9999999999
2025-02-23T08:50:00.000+0000,793218.9619542402,793218.9619542402,999999.9999999999
2025-02-23T09:00:00.000+0000,793218.9619542402,793218.9619542402,999999.9999999999
2025-02-23T09:10:00.000+0000,793218.9619542402,793218.9619542402,999999.9999999999
2025-02-23T09:20:00.000+0000,793218.9619542402,793218.9619542402,999999.9999999999
2025-02-23T09:30:00.000+0000,793218.9619542402,793218.9619542402,999999.9999999999
2025-02-23T09:40:00.000+0000,793218.9619542402,793218.9619542402,999999.9999999999
2025-02-23T09:50:00.000+0000,793218.9619542402,793218.9619542402,999999.9999999999
2025-02-23T10:00:00.000+0000,793218.9619542402,793218.9619542402,999999.9999999999
2025-02-23T10:10:00.000+0000,793218.9619542402,793218.9619542402,999999.9999999999
2025-02-23T10:20:00.000+0000,793218.9619542402,793218.9619542402,999999.9999999999
2025-02-23T10:30:00.000+0000,793218.9619542402,793218.9619542402,999999.9999999999
2025-02-23T10:40:00.000+0000,793218.9619542402,793218.9619542402,999999.9999999999
2025-02-23T10:50:00.000+0000,793218.9619542402,793218.9619542402,999999.9999999999
2025-02-23T11:00:00.000+0000,793218.9619542402,793218.9619542402,999999.9999999999
2025-02-23T11:10:00.000+0000,793218.9619542402,793218.9619542402,999999.9999999999
2025-02-23T11:20:00.000+0000,793218.9619542402,793218.9619542402,999999.9999999999
2025-02-23T11:30:00.000+0000,793218.9619542402,793218.9619542402,999999.9999999999
2025-02-23T11:40:00.000+0000,793218.9619542402,793218.9619542402,999999.9999999999
2025-02-23T11:50:00.000+0000,793218.9619542402,793218.9619542402,999999.9999999999
2025-02-23T12:00:00.000+0000,793218.9619542402,793218.9619542402,999999.9999999999
2025-02-23T12:10:00.000+0000,793218.9619542402,793218.9619542402,999999.9999999999
2025-02-23T12:20:00.000+0000,793218.9619542402,793218.9619542402,999999.9999999999
2025-02-23T12:30:00.000+0000,793218.9619542402,793218.9619542402,999999.9999999999
2025-02-23T12:40:00.000+0000,793218.9619542402,793218.9619542402,999999.9999999999
2025-02-23T12:50:00.000+0000,793218.9619542402,793218.9619542402,999999.9999999999
2025-02-23T13:00:00.000+0000,793218.9619542402,793218.9619542402,999999.9999999999
2025-02-23T13:10:00.000+0000,793218.9619542402,793218.9619542402,999999.9999999999
2025-02-23T13:20:00.000+0000,793218.9619542402,793218.9619542402,999999.9999999999
2025-02-23T13:30:00.000+0000,793218.9619542402,793218.9619542402,999999.9999999999
2025-02-23T13:40:00.000+0000,793218.9619542402,793218.9619542402,999999.9999999999
2025-02-23T13:50:00.000+0000,793218.9619542402,793218.9619542402,999999.9999999999
2025-02-23T14:00:00.000+0000,793218.9619542402,793218.9619542402,999999.9999999999
2025-02-23T14:10:00.000+0000,793218.9619542402,793218.9619542402,999999.9999999999
2025-02-23T14:20:00.000+0000,793218.9619542402,793218.9619542402,999999.9999999999
2025-02-23T14:30:00.000+0000,793218.9619542402,793218.9619542402,999999.9999999999
2025-02-23T14:40:00.000+0000,793218.9619542402,793218.9619542402,999999.9999999999
2025-02-23T14:50:00.000+0000,793218.9619542402,793218.9619542402,999999.9999999999
2025-02-23T15:00:00.000+0000,793218.9619542402,793218.9619542402,999999.9999999999
2025-02-23T15:10:00.000+0000,793218.9619542402,793218.9619542402,999999.9999999999
2025-02-23T15:20:00.000+0000,793218.9619542402,793218.9619542402,999999.9999999999
2025-02-23T15:30:00.000+0000,793218.9619542402,793218.9619542402,999999.9999999999
2025-02-23T15:40:00.000+0000,793218.9619542402,793218.9619542402,999999.9999999999
2025-02-23T15:50:00.000+0000,793218.9619542402,793218.9619542402,999999.9999999999
2025-02-23T16:00:00.000+0000,793218.9619542402,793218.9619542402,999999.9999999999
2025-02-23T16:10:00.000+0000,793218.9619542402,793218.9619542402,999999.9999999999
2025-02-23T16:20:00.000+0000,793218.9619542402,793218.9619542402,999999.9999999999
2025-02-23T16:30:00.000+0000,793218.9619542402,793218.9619542402,999999.9999999999
2025-02-23T16:40:00.000+0000,793218.9619542402,793218.9619542402,999999.9999999999
2025-02-23T16:50:00.000+0000,793218.9619542402,793218.9619542402,999999.9999999999
2025-02-23T17:00:00.000+0000,793218.9619542402,793218.9619542402,999999.9999999999
2025-02-23T17:10:00.000+0000,793218.9619542402,793218.9619542402,999999.9999999999
2025-02-23T17:20:00.000+0000,793218.9619542402,793218.9619542402,999999.9999999999
2025-02-23T17:30:00.000+0000,793218.9619542402,793218.9619542402,999999.9999999999
2025-02-23T17:40:00.000+0000,793218.9619542402,793218.9619542402,999999.9999999999
2025-02-23T17:50:00.000+0000,793218.9619542402,793218.9619542402,999999.9999999999
2025-02-23T18:00:00.000+0000,793218.9619542402,793218.9619542402,999999.9999999999
2025-02-23T18:10:00.000+0000,793218.9619542402,793218.9619542402,999999.9999999999
2025-02-23T18:20:00.000+0000,793218.9619542402,793218.9619542402,999999.9999999999
2025-02-23T18:30:00.000+0000,793218.9619542402,793218.9619542402,999999.9999999999
2025-02-23T18:40:00.000+0000,793218.9619542402,793218.9619542402,999999.9999999999
2025-02-23T18:50:00.000+0000,793218.9619542402,793218.9619542402,999999.9999999999
2025-02-23T19:00:00.000+0000,793218.9619542402,793218.9619542402,999999.9999999999
2025-02-23T19:10:00.000+0000,793218.9619542402,793218.9619542402,999999.9999999999
2025-02-23T19:20:00.000+0000,793218.9619542402,793218.9619542402,999999.9999999999
2025-02-23T19:30:00.000+0000,793218.9619542402,793218.9619542402,999999.9999999999
2025-02-23T19:40:00.000+0000,793218.9619542402,793218.9619542402,999999.9999999999
2025-02-23T19:50:00.000+0000,793218.9619542402,793218.9619542402,999999.9999999999
2025-02-23T20:00:00.000+0000,793218.9619542402,793218.9619542402,999999.9999999999
2025-02-23T20:10:00.000+0000,793218.9619542402,793218.9619542402,999999.9999999999
2025-02-23T20:20:00.000+0000,793218.9619542402,793218.9619542402,999999.9999999999
2025-02-23T20:30:00.000+0000,793218.9619542402,793218.9619542402,999999.9999999999
2025-02-23T20:40:00.000+0000,793218.9619542402,793218.9619542402,999999.9999999999
2025-02-23T20:50:00.000+0000,793218.9619542402,793218.9619542402,999999.9999999999
2025-02-23T21:00:00.000+0000,793218.9619542402,793218.9619542402,999999.9999999999
2025-02-23T21:10:00.000+0000,793218.9619542402,793218.9619542402,999999.9999999999
2025-02-23T21:20:00.000+0000,793218.9619542402,793218.9619542402,999999.9999999999
2025-02-23T21:30:00.000+0000,793218.9619542402,793218.9619542402,999999.9999999999
2025-02-23T21:40:00.000+0000,793218.9619542402,793218.9619542402,999999.9999999999
2025-02-23T21:50:00.000+0000,793218.9619542402,793218.9619542402,999999.9999999999
2025-02-23T22:00:00.000+0000,793218.9619542402,793218.9619542402,999999.9999999999
2025-02-23T22:10:00.000+0000,793218.9619542402,793218.9619542402,999999.9999999999
2025-02-23T22:20:00.000+0000,793218.9619542402,793218.9619542402,999999.9999999999
2025-02-23T22:30:00.000+0000,793218.9619542402,793218.9619542402,999999.9999999999
2025-02-23T22:40:00.000+0000,793218.9619542402,793218.9619542402,999999.9999999999
2025-02-23T22:50:00.000+0000,793218.9619542402,793218.9619542402,999999.9999999999
2025-02-23T23:00:00.000+0000,793218.9619542402,793218.9619542402,999999.9999999999
2025-02-23T23:10:00.000+0000,793218.9619542402,793218.9619542402,999999.9999999999
2025-02-23T23:20:00.000+0000,793218.9619542402,793218.9619542402,999999.9999999999
2025-02-23T23:30:00.000+0000,793218.9619542402,793218.9619542402,999999.9999999999
2025-02-23T23:40:00.000+0000,793218.9619542402,793218.9619542402,999999.9999999999
2025-02-23T23:50:00.000+0000,793218.9619542402,793218.9619542402,999999.9999999999
2025-02-24T00:00:00.000+0000,793218.9619542402,793218.9619542402,999999.9999999999
2025-02-24T00:10:00.000+0000,793218.9619542402,793218.9619542402,999999.9999999999
2025-02-24T00:20:00.000+0000,793218.9619542402,793218.9619542402,999999.9999999999
2025-02-24T00:30:00.000+0000,793218.9619542402,793218.9619542402,999999.9999999999
2025-02-24T00:40:00.000+0000,793218.9619542402,793218.9619542402,999999.9999999999
2025-02-24T00:50:00.000+0000,793218.9619542402,793218.9619542402,999999.9999999999
2025-02-24T01:00:00.000+0000,793218.9619542402,793218.9619542402,999999.9999999999
2025-02-24T01:10:00.000+0000,793218.9619542402,793218.9619542402,999999.9999999999
2025-02-24T01:20:00.000+0000,793218.9619542402,793218.9619542402,999999.9999999999
2025-02-24T01:30:00.000+0000,793218.9619542402,793218.9619542402,999999.9999999999
2025-02-24T01:40:00.000+0000,793218.9619542402,793218.9619542402,999999.9999999999
2025-02-24T01:50:00.000+0000,793218.9619542402,793218.9619542402,999999.9999999999
2025-02-24T02:00:00.000+0000,793218.9619542402,793218.9619542402,999999.9999999999
2025-02-24T02:10:00.000+0000,793218.9619542402,793218.9619542402,999999.9999999999
2025-02-24T02:20:00.000+0000,793218.9619542402,793218.9619542402,999999.9999999999
2025-02-24T02:30:00.000+0000,793218.9619542402,793218.9619542402,999999.9999999999
2025-02-24T02:40:00.000+0000,793218.9619542402,793218.9619542402,999999.9999999999
2025-02-24T02:50:00.000+0000,793218.9619542402,793218.9619542402,999999.9999999999
2025-02-24T03:00:00.000+0000,793218.9619542402,793218.9619542402,999999.9999999999
2025-02-24T03:10:00.000+0000,793218.9619542402,793218.9619542402,999999.9999999999
2025-02-24T03:20:00.000+0000,793218.9619542402,793218.9619542402,999999.9999999999
2025-02-24T03:30:00.000+0000,793218.9619542402,793218.9619542402,999999.9999999999
2025-02-24T03:40:00.000+0000,793218.9619542402,793218.9619542402,999999.9999999999
2025-02-24T03:50:00.000+0000,793218.9619542402,793218.9619542402,999999.9999999999
2025-02-24T04:00:00.000+0000,793218.9619542402,793218.9619542402,999999.9999999999
2025-02-24T04:10:00.000+0000,793218.9619542402,793218.9619542402,999999.9999999999
2025-02-24T04:20:00.000+0000,793218.9619542402,793218.9619542402,999999.9999999999
2025-02-24T04:30:00.000+0000,793218.9619542402,793218.9619542402,999999.9999999999
2025-02-24T04:40:00.000+0000,793218.9619542402,793218.9619542402,999999.9999999999
2025-02-24T04:50:00.000+0000,793218.9619542402,793218.9619542402,999999.9999999999
2025-02-24T05:00:00.000+0000,793218.9619542402,793218.9619542402,999999.9999999999
2025-02-24T05:10:00.000+0000,793218.9619542402,793218.9619542402,999999.9999999999
2025-02-24T05:20:00.000+0000,793218.9619542402,793218.9619542402,999999.9999999999
2025-02-24T05:30:00.000+0000,793218.9619542402,793218.9619542402,999999.9999999999
2025-02-24T05:40:00.000+0000,793218.9619542402,793218.9619542402,999999.9999999999
2025-02-24T05:50:00.000+0000,793218.9619542402,793218.9619542402,999999.9999999999
2025-02-24T06:00:00.000+0000,793218.9619542402,793218.9619542402,999999.9999999999
2025-02-24T06:10:00.000+0000,793218.9619542402,793218.9619542402,999999.9999999999
2025-02-24T06:20:00.000+0000,793218.9619542402,793218.9619542402,999999.9999999999
2025-02-24T06:30:00.000+0000,793218.9619542402,793218.9619542402,999999.9999999999
2025-02-24T06:40:00.000+0000,793218.9619542402,793218.9619542402,999999.9999999999
2025-02-24T06:50:00.000+0000,793218.9619542402,793218.9619542402,999999.9999999999
2025-02-24T07:00:00.000+0000,793218.9619542402,793218.9619542402,999999.9999999999
2025-02-24T07:10:00.000+0000,793218.9619542402,793218.9619542402,999999.9999999999
2025-02-24T07:20:00.000+0000,793218.9619542402,793218.9619542402,999999.9999999999
2025-02-24T07:30:00.000+0000,793218.9619542402,793218.9619542402,999999.9999999999
2025-02-24T07:40:00.000+0000,793218.9619542402,793218.9619542402,999999.9999999999
2025-02-24T07:50:00.000+0000,793218.9619542402,793218.9619542402,999999.9999999999
2025-02-24T08:00:00.000+0000,793218.9619542402,793218.9619542402,999999.9999999999
2025-02-24T08:10:00.000+0000,793218.9619542402,793218.9619542402,999999.9999999999
2025-02-24T08:20:00.000+0000,793218.9619542402,793218.9619542402,999999.9999999999
2025-02-24T08:30:00.000+0000,793218.9619542402,793218.9619542402,999999.9999999999
2025-02-24T08:40:00.000+0000,793218.9619542402,793218.9619542402,999999.9999999999
2025-02-24T08:50:00.000+0000,793218.9619542402,793218.9619542402,999999.9999999999
2025-02-24T09:00:00.000+0000,793218.9619542402,793218.9619542402,999999.9999999999
2025-02-24T09:10:00.000+0000,793218.9619542402,793218.9619542402,999999.9999999999
2025-02-24T09:20:00.000+0000,793218.9619542402,793218.9619542402,999999.9999999999
2025-02-24T09:30:00.000+0000,793218.9619542402,793218.9619542402,999999.9999999999
2025-02-24T09:40:00.000+0000,793218.9619542402,793218.9619542402,999999.9999999999
2025-02-24T09:50:00.000+0000,793218.9619542402,793218.9619542402,999999.9999999999
2025-02-24T10:00:00.000+0000,793218.9619542402,793218.9619542402,999999.9999999999
2025-02-24T10:10:00.000+0000,793218.9619542402,793218.9619542402,999999.9999999999
2025-02-24T10:20:00.000+0000,793218.9619542402,793218.9619542402,999999.9999999999
2025-02-24T10:30:00.000+0000,793218.9619542402,793218.9619542402,999999.9999999999
2025-02-24T10:40:00.000+0000,793218.9619542402,793218.9619542402,999999.9999999999
2025-02-24T10:50:00.000+0000,793218.9619542402,793218.9619542402,999999.9999999999
2025-02-24T11:00:00.000+0000,793218.9619542402,793218.9619542402,999999.9999999999
2025-02-24T11:10:00.000+0000,793218.9619542402,793218.9619542402,999999.9999999999
2025-02-24T11:20:00.000+0000,793218.9619542402,793218.9619542402,999999.9999999999
2025-02-24T11:30:00.000+0000,793218.9619542402,793218.9619542402,999999.9999999999
2025-02-24T11:40:00.000+0000,793218.9619542402,793218.9619542402,999999.9999999999
2025-02-24T11:50:00.000+0000,793218.9619542402,793218.9619542402,999999.9999999999
2025-02-24T12:00:00.000+0000,793218.9619542402,793218.9619542402,999999.9999999999
2025-02-24T12:10:00.000+0000,793218.9619542402,793218.9619542402,999999.9999999999
2025-02-24T12:20:00.000+0000,793218.9619542402,793218.9619542402,999999.9999999999
2025-02-24T12:30:00.000+0000,793218.9619542402,793218.9619542402,999999.9999999999
2025-02-24T12:40:00.000+0000,793218.9619542402,793218.9619542402,999999.9999999999
2025-02-24T12:50:00.000+0000,793218.9619542402,793218.9619542402,999999.9999999999
2025-02-24T13:00:00.000+0000,793218.9619542402,793218.9619542402,999999.9999999999
2025-02-24T13:10:00.000+0000,793218.9619542402,793218.9619542402,999999.9999999999
2025-02-24T13:20:00.000+0000,793218.9619542402,793218.9619542402,999999.9999999999
2025-02-24T13:30:00.000+0000,793218.9619542402,793218.9619542402,999999.9999999999
2025-02-24T13:40:00.000+0000,793218.9619542402,793218.9619542402,999999.9999999999
2025-02-24T13:50:00.000+0000,793218.9619542402,793218.9619542402,999999.9999999999
2025-02-24T14:00:00.000+0000,793218.9619542402,793218.9619542402,999999.9999999999
2025-02-24T14:10:00.000+0000,793218.9619542402,793218.9619542402,999999.9999999999
2025-02-24T14:20:00.000+0000,793218.9619542402,793218.9619542402,999999.9999999999
2025-02-24T14:30:00.000+0000,793218.9619542402,793218.9619542402,999999.9999999999
2025-02-24T14:40:00.000+0000,793218.9619542402,793218.9619542402,999999.9999999999
2025-02-24T14:50:00.000+0000,793218.9619542402,793218.9619542402,999999.9999999999
2025-02-24T15:00:00.000+0000,793218.9619542402,793218.9619542402,999999.9999999999
2025-02-24T15:10:00.000+0000,793218.9619542402,793218.9619542402,999999.9999999999
2025-02-24T15:20:00.000+0000,793218.9619542402,793218.9619542402,999999.9999999999
2025-02-24T15:30:00.000+0000,793218.9619542402,793218.9619542402,999999.9999999999
2025-02-24T15:40:00.000+0000,793218.9619542402,793218.9619542402,999999.9999999999
2025-02-24T15:50:00.000+0000,793218.9619542402,793218.9619542402,999999.9999999999
2025-02-24T16:00:00.000+0000,793218.9619542402,793218.9619542402,999999.9999999999
2025-02-24T16:10:00.000+0000,793218.9619542402,793218.9619542402,999999.9999999999
2025-02-24T16:20:00.000+0000,793218.9619542402,793218.9619542402,999999.9999999999
2025-02-24T16:30:00.000+0000,793218.9619542402,793218.9619542402,999999.9999999999
2025-02-24T16:40:00.000+0000,793218.9619542402,793218.9619542402,999999.9999999999
2025-02-24T16:50:00.000+0000,793218.9619542402,793218.9619542402,999999.9999999999
2025-02-24T17:00:00.000+0000,793218.9619542402,793218.9619542402,999999.9999999999
2025-02-24T17:10:00.000+0000,793218.9619542402,793218.9619542402,999999.9999999999
2025-02-24T17:20:00.000+0000,793218.9619542402,793218.9619542402,999999.9999999999
2025-02-24T17:30:00.000+0000,793218.9619542402,793218.9619542402,999999.9999999999
2025-02-24T17:40:00.000+0000,793218.9619542402,793218.9619542402,999999.9999999999
2025-02-24T17:50:00.000+0000,793218.9619542402,793218.9619542402,999999.9999999999
2025-02-24T18:00:00.000+0000,793218.9619542402,793218.9619542402,999999.9999999999
2025-02-24T18:10:00.000+0000,793218.9619542402,793218.9619542402,999999.9999999999
2025-02-24T18:20:00.000+0000,793218.9619542402,793218.9619542402,999999.9999999999
2025-02-24T18:30:00.000+0000,793218.9619542402,793218.9619542402,999999.9999999999
2025-02-24T18:40:00.000+0000,793218.9619542402,793218.9619542402,999999.9999999999
2025-02-24T18:50:00.000+0000,793218.9619542402,793218.9619542402,999999.9999999999
2025-02-24T19:00:00.000+0000,793218.9619542402,793218.9619542402,999999.9999999999
2025-02-24T19:10:00.000+0000,793218.9619542402,793218.9619542402,999999.9999999999
2025-02-24T19:20:00.000+0000,793218.9619542402,793218.9619542402,999999.9999999999
2025-02-24T19:30:00.000+0000,793218.9619542402,793218.9619542402,999999.9999999999
2025-02-24T19:40:00.000+0000,793218.9619542402,793218.9619542402,999999.9999999999
2025-02-24T19:50:00.000+0000,793218.9619542402,793218.9619542402,999999.9999999999
2025-02-24T20:00:00.000+0000,793218.9619542402,793218.9619542402,999999.9999999999
2025-02-24T20:10:00.000+0000,793218.9619542402,793218.9619542402,999999.9999999999
2025-02-24T20:20:00.000+0000,793218.9619542402,793218.9619542402,999999.9999999999
2025-02-24T20:30:00.000+0000,793218.9619542402,793218.9619542402,999999.9999999999
2025-02-24T20:40:00.000+0000,793218.9619542402,793218.9619542402,999999.9999999999
2025-02-24T20:50:00.000+0000,793218.9619542402,793218.9619542402,999999.9999999999
2025-02-24T21:00:00.000+0000,793218.9619542402,793218.9619542402,999999.9999999999
2025-02-24T21:10:00.000+0000,793218.9619542402,793218.9619542402,999999.9999999999
2025-02-24T21:20:00.000+0000,793218.9619542402,793218.9619542402,999999.9999999999
2025-02-24T21:30:00.000+0000,793218.9619542402,793218.9619542402,999999.9999999999
2025-02-24T21:40:00.000+0000,793218.9619542402,793218.9619542402,999999.9999999999
2025-02-24T21:50:00.000+0000,793218.9619542402,793218.9619542402,999999.9999999999
2025-02-24T22:00:00.000+0000,793218.9619542402,793218.9619542402,999999.9999999999
2025-02-24T22:10:00.000+0000,793218.9619542402,793218.9619542402,999999.9999999999
2025-02-24T22:20:00.000+0000,793218.9619542402,793218.9619542402,999999.9999999999
2025-02-24T22:30:00.000+0000,793218.9619542402,793218.9619542402,999999.9999999999
2025-02-24T22:40:00.000+0000,793218.9619542402,793218.9619542402,999999.9999999999
2025-02-24T22:50:00.000+0000,793218.9619542402,793218.9619542402,999999.9999999999
2025-02-24T23:00:00.000+0000,793218.9619542402,793218.9619542402,999999.9999999999
2025-02-24T23:10:00.000+0000,793218.9619542402,793218.9619542402,999999.9999999999
2025-02-24T23:20:00.000+0000,793218.9619542402,793218.9619542402,999999.9999999999
2025-02-24T23:30:00.000+0000,793218.9619542402,793218.9619542402,999999.9999999999
2025-02-24T23:40:00.000+0000,793218.9619542402,793218.9619542402,999999.9999999999
2025-02-24T23:50:00.000+0000,793218.9619542402,793218.9619542402,999999.9999999999
2025-02-25T00:00:00.000+0000,793218.9619542402,793218.9619542402,999999.9999999999
2025-02-25T00:10:00.000+0000,793218.9619542402,793218.9619542402,999999.9999999999
2025-02-25T00:20:00.000+0000,793218.9619542402,793218.9619542402,999999.9999999999
2025-02-25T00:30:00.000+0000,793218.9619542402,793218.9619542402,999999.9999999999
2025-02-25T00:40:00.000+0000,793218.9619542402,793218.9619542402,999999.9999999999
2025-02-25T00:50:00.000+0000,793218.9619542402,793218.9619542402,999999.9999999999
2025-02-25T01:00:00.000+0000,793218.9619542402,793218.9619542402,999999.9999999999
2025-02-25T01:10:00.000+0000,793218.9619542402,793218.9619542402,999999.9999999999
2025-02-25T01:20:00.000+0000,793218.9619542402,793218.9619542402,999999.9999999999
2025-02-25T01:30:00.000+0000,793218.9619542402,793218.9619542402,999999.9999999999
2025-02-25T01:40:00.000+0000,793218.9619542402,793218.9619542402,999999.9999999999
2025-02-25T01:50:00.000+0000,793218.9619542402,793218.9619542402,999999.9999999999
2025-02-25T02:00:00.000+0000,793218.9619542402,793218.9619542402,999999.9999999999
2025-02-25T02:10:00.000+0000,793218.9619542402,793218.9619542402,999999.9999999999
2025-02-25T02:20:00.000+0000,793218.9619542402,793218.9619542402,999999.9999999999
2025-02-25T02:30:00.000+0000,793218.9619542402,793218.9619542402,999999.9999999999
2025-02-25T02:40:00.000+0000,793218.9619542402,793218.9619542402,999999.9999999999
2025-02-25T02:50:00.000+0000,793218.9619542402,793218.9619542402,999999.9999999999
2025-02-25T03:00:00.000+0000,793218.9619542402,793218.9619542402,999999.9999999999
2025-02-25T03:10:00.000+0000,793218.9619542402,793218.9619542402,999999.9999999999
2025-02-25T03:20:00.000+0000,793218.9619542402,793218.9619542402,999999.9999999999
2025-02-25T03:30:00.000+0000,793218.9619542402,793218.9619542402,999999.9999999999
2025-02-25T03:40:00.000+0000,793218.9619542402,793218.9619542402,999999.9999999999
2025-02-25T03:50:00.000+0000,793218.9619542402,793218.9619542402,999999.9999999999
2025-02-25T04:00:00.000+0000,793218.9619542402,793218.9619542402,999999.9999999999
2025-02-25T04:10:00.000+0000,793218.9619542402,793218.9619542402,999999.9999999999
2025-02-25T04:20:00.000+0000,793218.9619542402,793218.9619542402,999999.9999999999
2025-02-25T04:30:00.000+0000,793218.9619542402,793218.9619542402,999999.9999999999
2025-02-25T04:40:00.000+0000,793218.9619542402,793218.9619542402,999999.9999999999
2025-02-25T04:50:00.000+0000,793218.9619542402,793218.9619542402,999999.9999999999
2025-02-25T05:00:00.000+0000,793218.9619542402,793218.9619542402,999999.9999999999
2025-02-25T05:10:00.000+0000,793218.9619542402,793218.9619542402,999999.9999999999
2025-02-25T05:20:00.000+0000,793218.9619542402,793218.9619542402,999999.9999999999
2025-02-25T05:30:00.000+0000,793218.9619542402,793218.9619542402,999999.9999999999
2025-02-25T05:40:00.000+0000,793218.9619542402,793218.9619542402,999999.9999999999
2025-02-25T05:50:00.000+0000,793218.9619542402,793218.9619542402,999999.9999999999
2025-02-25T06:00:00.000+0000,793218.9619542402,793218.9619542402,999999.9999999999
2025-02-25T06:10:00.000+0000,793218.9619542402,793218.9619542402,999999.9999999999
2025-02-25T06:20:00.000+0000,793218.9619542402,793218.9619542402,999999.9999999999
2025-02-25T06:30:00.000+0000,793218.9619542402,793218.9619542402,999999.9999999999
2025-02-25T06:40:00.000+0000,793218.9619542402,793218.9619542402,999999.9999999999
2025-02-25T06:50:00.000+0000,793218.9619542402,793218.9619542402,999999.9999999999
2025-02-25T07:00:00.000+0000,793218.9619542402,793218.9619542402,999999.9999999999
2025-02-25T07:10:00.000+0000,793218.9619542402,793218.9619542402,999999.9999999999
2025-02-25T07:20:00.000+0000,793218.9619542402,793218.9619542402,999999.9999999999
2025-02-25T07:30:00.000+0000,793218.9619542402,793218.9619542402,999999.9999999999
2025-02-25T07:40:00.000+0000,793218.9619542402,793218.9619542402,999999.9999999999
2025-02-25T07:50:00.000+0000,793218.9619542402,793218.9619542402,999999.9999999999
2025-02-25T08:00:00.000+0000,793218.9619542402,793218.9619542402,999999.9999999999
2025-02-25T08:10:00.000+0000,793218.9619542402,793218.9619542402,999999.9999999999
2025-02-25T08:20:00.000+0000,793218.9619542402,793218.9619542402,999999.9999999999
2025-02-25T08:30:00.000+0000,793218.9619542402,793218.9619542402,999999.9999999999
2025-02-25T08:40:00.000+0000,793218.9619542402,793218.9619542402,999999.9999999999
2025-02-25T08:50:00.000+0000,793218.9619542402,793218.9619542402,999999.9999999999
2025-02-25T09:00:00.000+0000,793218.9619542402,793218.9619542402,999999.9999999999
2025-02-25T09:10:00.000+0000,793218.9619542402,793218.9619542402,999999.9999999999
2025-02-25T09:20:00.000+0000,793218.9619542402,793218.9619542402,999999.9999999999
2025-02-25T09:30:00.000+0000,793218.9619542402,793218.9619542402,999999.9999999999
2025-02-25T09:40:00.000+0000,793218.9619542402,793218.9619542402,999999.9999999999
2025-02-25T09:50:00.000+0000,793218.9619542402,793218.9619542402,999999.9999999999
2025-02-25T10:00:00.000+0000,793218.9619542402,793218.9619542402,999999.9999999999
2025-02-25T10:10:00.000+0000,793218.9619542402,793218.9619542402,999999.9999999999
2025-02-25T10:20:00.000+0000,793218.9619542402,793218.9619542402,999999.9999999999
2025-02-25T10:30:00.000+0000,793218.9619542402,793218.9619542402,999999.9999999999
2025-02-25T10:40:00.000+0000,793218.9619542402,793218.9619542402,999999.9999999999
2025-02-25T10:50:00.000+0000,793218.9619542402,793218.9619542402,999999.9999999999
2025-02-25T11:00:00.000+0000,793218.9619542402,793218.9619542402,999999.9999999999
2025-02-25T11:10:00.000+0000,793218.9619542402,793218.9619542402,999999.9999999999
2025-02-25T11:20:00.000+0000,793218.9619542402,793218.9619542402,999999.9999999999
2025-02-25T11:30:00.000+0000,793218.9619542402,793218.9619542402,999999.9999999999
2025-02-25T11:40:00.000+0000,793218.9619542402,793218.9619542402,999999.9999999999
2025-02-25T11:50:00.000+0000,793218.9619542402,793218.9619542402,999999.9999999999
2025-02-25T12:00:00.000+0000,793218.9619542402,793218.9619542402,999999.9999999999
2025-02-25T12:10:00.000+0000,793218.9619542402,793218.9619542402,999999.9999999999
2025-02-25T12:20:00.000+0000,793218.9619542402,793218.9619542402,999999.9999999999
2025-02-25T12:30:00.000+0000,793218.9619542402,793218.9619542402,999999.9999999999
2025-02-25T12:40:00.000+0000,793218.9619542402,793218.9619542402,999999.9999999999
2025-02-25T12:50:00.000+0000,793218.9619542402,793218.9619542402,999999.9999999999
2025-02-25T13:00:00.000+0000,793218.9619542402,793218.9619542402,999999.9999999999
2025-02-25T13:10:00.000+0000,793218.9619542402,793218.9619542402,999999.9999999999
2025-02-25T13:20:00.000+0000,793218.9619542402,793218.9619542402,999999.9999999999
2025-02-25T13:30:00.000+0000,793218.9619542402,793218.9619542402,999999.9999999999
2025-02-25T13:40:00.000+0000,793218.9619542402,793218.9619542402,999999.9999999999
2025-02-25T13:50:00.000+0000,793218.9619542402,793218.9619542402,999999.9999999999
2025-02-25T14:00:00.000+0000,793218.9619542402,793218.9619542402,999999.9999999999
2025-02-25T14:10:00.000+0000,793218.9619542402,793218.9619542402,999999.9999999999
2025-02-25T14:20:00.000+0000,793218.9619542402,793218.9619542402,999999.9999999999
2025-02-25T14:30:00.000+0000,793218.9619542402,793218.9619542402,999999.9999999999
2025-02-25T14:40:00.000+0000,793218.9619542402,793218.9619542402,999999.9999999999
2025-02-25T14:50:00.000+0000,793218.9619542402,793218.9619542402,999999.9999999999
2025-02-25T15:00:00.000+0000,793218.9619542402,793218.9619542402,999999.9999999999
2025-02-25T15:10:00.000+0000,793218.9619542402,793218.9619542402,999999.9999999999
2025-02-25T15:20:00.000+0000,793218.9619542402,793218.9619542402,999999.9999999999
2025-02-25T15:30:00.000+0000,793218.9619542402,793218.9619542402,999999.9999999999
2025-02-25T15:40:00.000+0000,793218.9619542402,793218.9619542402,999999.9999999999
2025-02-25T15:50:00.000+0000,793218.9619542402,793218.9619542402,999999.9999999999
2025-02-25T16:00:00.000+0000,793218.9619542402,793218.9619542402,999999.9999999999
2025-02-25T16:10:00.000+0000,793218.9619542402,793218.9619542402,999999.9999999999
2025-02-25T16:20:00.000+0000,793218.9619542402,793218.9619542402,999999.9999999999
2025-02-25T16:30:00.000+0000,793218.9619542402,793218.9619542402,999999.9999999999
2025-02-25T16:40:00.000+0000,793218.9619542402,793218.9619542402,999999.9999999999
2025-02-25T16:50:00.000+0000,793218.9619542402,793218.9619542402,999999.9999999999
2025-02-25T17:00:00.000+0000,793218.9619542402,793218.9619542402,999999.9999999999
2025-02-25T17:10:00.000+0000,793218.9619542402,793218.9619542402,999999.9999999999
2025-02-25T17:20:00.000+0000,793218.9619542402,793218.9619542402,999999.9999999999
2025-02-25T17:30:00.000+0000,793218.9619542402,793218.9619542402,999999.9999999999
2025-02-25T17:40:00.000+0000,793218.9619542402,793218.9619542402,999999.9999999999
2025-02-25T17:50:00.000+0000,793218.9619542402,793218.9619542402,999999.9999999999
2025-02-25T18:00:00.000+0000,793218.9619542402,793218.9619542402,999999.9999999999
2025-02-25T18:10:00.000+0000,793218.9619542402,793218.9619542402,999999.9999999999
2025-02-25T18:20:00.000+0000,793218.9619542402,793218.9619542402,999999.9999999999
2025-02-25T18:30:00.000+0000,793218.9619542402,793218.9619542402,999999.9999999999
2025-02-25T18:40:00.000+0000,793218.9619542402,793218.9619542402,999999.9999999999
2025-02-25T18:50:00.000+0000,793218.9619542402,793218.9619542402,999999.9999999999
2025-02-25T19:00:00.000+0000,793218.9619542402,793218.9619542402,999999.9999999999
2025-02-25T19:10:00.000+0000,793218.9619542402,793218.9619542402,999999.9999999999
2025-02-25T19:20:00.000+0000,793218.9619542402,793218.9619542402,999999.9999999999
2025-02-25T19:30:00.000+0000,793218.9619542402,793218.9619542402,999999.9999999999
2025-02-25T19:40:00.000+0000,793218.9619542402,793218.9619542402,999999.9999999999
2025-02-25T19:50:00.000+0000,793218.9619542402,793218.9619542402,999999.9999999999
2025-02-25T20:00:00.000+0000,793218.9619542402,793218.9619542402,999999.9999999999
2025-02-25T20:10:00.000+0000,793218.9619542402,793218.9619542402,999999.9999999999
2025-02-25T20:20:00.000+0000,793218.9619542402,793218.9619542402,999999.9999999999
2025-02-25T20:30:00.000+0000,793218.9619542402,793218.9619542402,999999.9999999999
2025-02-25T20:40:00.000+0000,793218.9619542402,793218.9619542402,999999.9999999999
2025-02-25T20:50:00.000+0000,793218.9619542402,793218.9619542402,999999.9999999999
2025-02-25T21:00:00.000+0000,793218.9619542402,793218.9619542402,999999.9999999999
2025-02-25T21:10:00.000+0000,793218.9619542402,793218.9619542402,999999.9999999999
2025-02-25T21:20:00.000+0000,793218.9619542402,793218.9619542402,999999.9999999999
2025-02-25T21:30:00.000+0000,793218.9619542402,793218.9619542402,999999.9999999999
2025-02-25T21:40:00.000+0000,793218.9619542402,793218.9619542402,999999.9999999999
2025-02-25T21:50:00.000+0000,793218.9619542402,793218.9619542402,999999.9999999999
2025-02-25T22:00:00.000+0000,793218.9619542402,793218.9619542402,999999.9999999999
2025-02-25T22:10:00.000+0000,793218.9619542402,793218.9619542402,999999.9999999999
2025-02-25T22:20:00.000+0000,793218.9619542402,793218.9619542402,999999.9999999999
2025-02-25T22:30:00.000+0000,793218.9619542402,793218.9619542402,999999.9999999999
2025-02-25T22:40:00.000+0000,793218.9619542402,793218.9619542402,999999.9999999999
2025-02-25T22:50:00.000+0000,793218.9619542402,793218.9619542402,999999.9999999999
2025-02-25T23:00:00.000+0000,793218.9619542402,793218.9619542402,999999.9999999999
2025-02-25T23:10:00.000+0000,793218.9619542402,793218.9619542402,999999.9999999999
2025-02-25T23:20:00.000+0000,793218.9619542402,793218.9619542402,999999.9999999999
2025-02-25T23:30:00.000+0000,793218.9619542402,793218.9619542402,999999.9999999999
2025-02-25T23:40:00.000+0000,793218.9619542402,793218.9619542402,999999.9999999999
2025-02-25T23:50:00.000+0000,793218.9619542402,793218.9619542402,999999.9999999999
2025-02-26T00:00:00.000+0000,793218.9619542402,793218.9619542402,999999.9999999999
2025-02-26T00:10:00.000+0000,793218.9619542402,793218.9619542402,999999.9999999999
2025-02-26T00:20:00.000+0000,793218.9619542402,793218.9619542402,999999.9999999999
2025-02-26T00:30:00.000+0000,793218.9619542402,793218.9619542402,999999.9999999999
2025-02-26T00:40:00.000+0000,793218.9619542402,793218.9619542402,999999.9999999999
2025-02-26T00:50:00.000+0000,793218.9619542402,793218.9619542402,999999.9999999999
2025-02-26T01:00:00.000+0000,793218.9619542402,793218.9619542402,999999.9999999999
2025-02-26T01:10:00.000+0000,793218.9619542402,793218.9619542402,999999.9999999999
2025-02-26T01:20:00.000+0000,793218.9619542402,793218.9619542402,999999.9999999999
2025-02-26T01:30:00.000+0000,793218.9619542402,793218.9619542402,999999.9999999999
2025-02-26T01:40:00.000+0000,793218.9619542402,793218.9619542402,999999.9999999999
2025-02-26T01:50:00.000+0000,793218.9619542402,793218.9619542402,999999.9999999999
2025-02-26T02:00:00.000+0000,793218.9619542402,793218.9619542402,999999.9999999999
2025-02-26T02:10:00.000+0000,793218.9619542402,793218.9619542402,999999.9999999999
2025-02-26T02:20:00.000+0000,793218.9619542402,793218.9619542402,999999.9999999999
2025-02-26T02:30:00.000+0000,793218.9619542402,793218.9619542402,999999.9999999999
2025-02-26T02:40:00.000+0000,793218.9619542402,793218.9619542402,999999.9999999999
2025-02-26T02:50:00.000+0000,793218.9619542402,793218.9619542402,999999.9999999999
2025-02-26T03:00:00.000+0000,793218.9619542402,793218.9619542402,999999.9999999999
2025-02-26T03:10:00.000+0000,793218.9619542402,793218.9619542402,999999.9999999999
2025-02-26T03:20:00.000+0000,793218.9619542402,793218.9619542402,999999.9999999999
2025-02-26T03:30:00.000+0000,793218.9619542402,793218.9619542402,999999.9999999999
2025-02-26T03:40:00.000+0000,793218.9619542402,793218.9619542402,999999.9999999999
2025-02-26T03:50:00.000+0000,793218.9619542402,793218.9619542402,999999.9999999999
2025-02-26T04:00:00.000+0000,793218.9619542402,793218.9619542402,999999.9999999999
2025-02-26T04:10:00.000+0000,793218.9619542402,793218.9619542402,999999.9999999999
2025-02-26T04:20:00.000+0000,793218.9619542402,793218.9619542402,999999.9999999999
2025-02-26T04:30:00.000+0000,793218.9619542402,793218.9619542402,999999.9999999999
2025-02-26T04:40:00.000+0000,793218.9619542402,793218.9619542402,999999.9999999999
2025-02-26T04:50:00.000+0000,793218.9619542402,793218.9619542402,999999.9999999999
2025-02-26T05:00:00.000+0000,793218.9619542402,793218.9619542402,999999.9999999999
2025-02-26T05:10:00.000+0000,793218.9619542402,793218.9619542402,999999.9999999999
2025-02-26T05:20:00.000+0000,793218.9619542402,793218.9619542402,999999.9999999999
2025-02-26T05:30:00.000+0000,793218.9619542402,793218.9619542402,999999.9999999999
2025-02-26T05:40:00.000+0000,793218.9619542402,793218.9619542402,999999.9999999999
2025-02-26T05:50:00.000+0000,793218.9619542402,793218.9619542402,999999.9999999999
2025-02-26T06:00:00.000+0000,793218.9619542402,793218.9619542402,999999.9999999999
2025-02-26T06:10:00.000+0000,793218.9619542402,793218.9619542402,999999.9999999999
2025-02-26T06:20:00.000+0000,793218.9619542402,793218.9619542402,999999.9999999999
2025-02-26T06:30:00.000+0000,793218.9619542402,793218.9619542402,999999.9999999999
2025-02-26T06:40:00.000+0000,793218.9619542402,793218.9619542402,999999.9999999999
2025-02-26T06:50:00.000+0000,793218.9619542402,793218.9619542402,999999.9999999999
2025-02-26T07:00:00.000+0000,793218.9619542402,793218.9619542402,999999.9999999999
2025-02-26T07:10:00.000+0000,793218.9619542402,793218.9619542402,999999.9999999999
2025-02-26T07:20:00.000+0000,793218.9619542402,793218.9619542402,999999.9999999999
2025-02-26T07:30:00.000+0000,793218.9619542402,793218.9619542402,999999.9999999999
2025-02-26T07:40:00.000+0000,793218.9619542402,793218.9619542402,999999.9999999999
2025-02-26T07:50:00.000+0000,793218.9619542402,793218.9619542402,999999.9999999999
2025-02-26T08:00:00.000+0000,793218.9619542402,793218.9619542402,999999.9999999999
2025-02-26T08:10:00.000+0000,793218.9619542402,793218.9619542402,999999.9999999999
2025-02-26T08:20:00.000+0000,793218.9619542402,793218.9619542402,999999.9999999999
2025-02-26T08:30:00.000+0000,793218.9619542402,793218.9619542402,999999.9999999999
2025-02-26T08:40:00.000+0000,793218.9619542402,793218.9619542402,999999.9999999999
2025-02-26T08:50:00.000+0000,793218.9619542402,793218.9619542402,999999.9999999999
2025-02-26T09:00:00.000+0000,793218.9619542402,793218.9619542402,999999.9999999999
2025-02-26T09:10:00.000+0000,793218.9619542402,793218.9619542402,999999.9999999999
2025-02-26T09:20:00.000+0000,793218.9619542402,793218.9619542402,999999.9999999999
2025-02-26T09:30:00.000+0000,793218.9619542402,793218.9619542402,999999.9999999999
2025-02-26T09:40:00.000+0000,793218.9619542402,793218.9619542402,999999.9999999999
2025-02-26T09:50:00.000+0000,793218.9619542402,793218.9619542402,999999.9999999999
2025-02-26T10:00:00.000+0000,793218.9619542402,793218.9619542402,999999.9999999999
2025-02-26T10:10:00.000+0000,793218.9619542402,793218.9619542402,999999.9999999999
2025-02-26T10:20:00.000+0000,793218.9619542402,793218.9619542402,999999.9999999999
2025-02-26T10:30:00.000+0000,793218.9619542402,793218.9619542402,999999.9999999999
2025-02-26T10:40:00.000+0000,793218.9619542402,793218.9619542402,999999.9999999999
2025-02-26T10:50:00.000+0000,793218.9619542402,793218.9619542402,999999.9999999999
2025-02-26T11:00:00.000+0000,793218.9619542402,793218.9619542402,999999.9999999999
2025-02-26T11:10:00.000+0000,793218.9619542402,793218.9619542402,999999.9999999999
2025-02-26T11:20:00.000+0000,793218.9619542402,793218.9619542402,999999.9999999999
2025-02-26T11:30:00.000+0000,793218.9619542402,793218.9619542402,999999.9999999999
2025-02-26T11:40:00.000+0000,793218.9619542402,793218.9619542402,999999.9999999999
2025-02-26T11:50:00.000+0000,793218.9619542402,793218.9619542402,999999.9999999999
2025-02-26T12:00:00.000+0000,793218.9619542402,793218.9619542402,999999.9999999999
2025-02-26T12:10:00.000+0000,793218.9619542402,793218.9619542402,999999.9999999999
2025-02-26T12:20:00.000+0000,793218.9619542402,793218.9619542402,999999.9999999999
2025-02-26T12:30:00.000+0000,793218.9619542402,793218.9619542402,999999.9999999999
2025-02-26T12:40:00.000+0000,793218.9619542402,793218.9619542402,999999.9999999999
2025-02-26T12:50:00.000+0000,793218.9619542402,793218.9619542402,999999.9999999999
2025-02-26T13:00:00.000+0000,793218.9619542402,793218.9619542402,999999.9999999999
2025-02-26T13:10:00.000+0000,793218.9619542402,793218.9619542402,999999.9999999999
2025-02-26T13:20:00.000+0000,793218.9619542402,793218.9619542402,999999.9999999999
2025-02-26T13:30:00.000+0000,793218.9619542402,793218.9619542402,999999.9999999999
2025-02-26T13:40:00.000+0000,793218.9619542402,793218.9619542402,999999.9999999999
2025-02-26T13:50:00.000+0000,793218.9619542402,793218.9619542402,999999.9999999999
2025-02-26T14:00:00.000+0000,793218.9619542402,793218.9619542402,999999.9999999999
2025-02-26T14:10:00.000+0000,793218.9619542402,793218.9619542402,999999.9999999999
2025-02-26T14:20:00.000+0000,793218.9619542402,793218.9619542402,999999.9999999999
2025-02-26T14:30:00.000+0000,793218.9619542402,793218.9619542402,999999.9999999999
2025-02-26T14:40:00.000+0000,793218.9619542402,793218.9619542402,999999.9999999999
2025-02-26T14:50:00.000+0000,793218.9619542402,793218.9619542402,999999.9999999999
2025-02-26T15:00:00.000+0000,793218.9619542402,793218.9619542402,999999.9999999999
2025-02-26T15:10:00.000+0000,793218.9619542402,793218.9619542402,999999.9999999999
2025-02-26T15:20:00.000+0000,793218.9619542402,793218.9619542402,999999.9999999999
2025-02-26T15:30:00.000+0000,793218.9619542402,793218.9619542402,999999.9999999999
2025-02-26T15:40:00.000+0000,793218.9619542402,793218.9619542402,999999.9999999999
2025-02-26T15:50:00.000+0000,793218.9619542402,793218.9619542402,999999.9999999999
2025-02-26T16:00:00.000+0000,793218.9619542402,793218.9619542402,999999.9999999999
2025-02-26T16:10:00.000+0000,793218.9619542402,793218.9619542402,999999.9999999999
2025-02-26T16:20:00.000+0000,793218.9619542402,793218.9619542402,999999.9999999999
2025-02-26T16:30:00.000+0000,793218.9619542402,793218.9619542402,999999.9999999999
2025-02-26T16:40:00.000+0000,793218.9619542402,793218.9619542402,999999.9999999999
2025-02-26T16:50:00.000+0000,793218.9619542402,793218.9619542402,999999.9999999999
2025-02-26T17:00:00.000+0000,793218.9619542402,793218.9619542402,999999.9999999999
2025-02-26T17:10:00.000+0000,793218.9619542402,793218.9619542402,999999.9999999999
2025-02-26T17:20:00.000+0000,793218.9619542402,793218.9619542402,999999.9999999999
2025-02-26T17:30:00.000+0000,793218.9619542402,793218.9619542402,999999.9999999999
2025-02-26T17:40:00.000+0000,793218.9619542402,793218.9619542402,999999.9999999999
2025-02-26T17:50:00.000+0000,793218.9619542402,793218.9619542402,999999.9999999999
2025-02-26T18:00:00.000+0000,793218.9619542402,793218.9619542402,999999.9999999999
2025-02-26T18:10:00.000+0000,793218.9619542402,793218.9619542402,999999.9999999999
2025-02-26T18:20:00.000+0000,793218.9619542402,793218.9619542402,999999.9999999999
2025-02-26T18:30:00.000+0000,793218.9619542402,793218.9619542402,999999.9999999999
2025-02-26T18:40:00.000+0000,793218.9619542402,793218.9619542402,999999.9999999999
2025-02-26T18:50:00.000+0000,793218.9619542402,793218.9619542402,999999.9999999999
2025-02-26T19:00:00.000+0000,793218.9619542402,793218.9619542402,999999.9999999999
2025-02-26T19:10:00.000+0000,793218.9619542402,793218.9619542402,999999.9999999999
2025-02-26T19:20:00.000+0000,793218.9619542402,793218.9619542402,999999.9999999999
2025-02-26T19:30:00.000+0000,793218.9619542402,793218.9619542402,999999.9999999999
2025-02-26T19:40:00.000+0000,793218.9619542402,793218.9619542402,999999.9999999999
2025-02-26T19:50:00.000+0000,793218.9619542402,793218.9619542402,999999.9999999999
2025-02-26T20:00:00.000+0000,793218.9619542402,793218.9619542402,999999.9999999999
2025-02-26T20:10:00.000+0000,793218.9619542402,793218.9619542402,999999.9999999999
2025-02-26T20:20:00.000+0000,793218.9619542402,793218.9619542402,999999.9999999999
2025-02-26T20:30:00.000+0000,793218.9619542402,793218.9619542402,999999.9999999999
2025-02-26T20:40:00.000+0000,793218.9619542402,793218.9619542402,999999.9999999999
2025-02-26T20:50:00.000+0000,793218.9619542402,793218.9619542402,999999.9999999999
2025-02-26T21:00:00.000+0000,793218.9619542402,793218.9619542402,999999.9999999999
2025-02-26T21:10:00.000+0000,793218.9619542402,793218.9619542402,999999.9999999999
2025-02-26T21:20:00.000+0000,793218.9619542402,793218.9619542402,999999.9999999999
2025-02-26T21:30:00.000+0000,793218.9619542402,793218.9619542402,999999.9999999999
2025-02-26T21:40:00.000+0000,793218.9619542402,793218.9619542402,999999.9999999999
2025-02-26T21:50:00.000+0000,793218.9619542402,793218.9619542402,999999.9999999999
2025-02-26T22:00:00.000+0000,793218.9619542402,793218.9619542402,999999.9999999999
2025-02-26T22:10:00.000+0000,793218.9619542402,793218.9619542402,999999.9999999999
2025-02-26T22:20:00.000+0000,793218.9619542402,793218.9619542402,999999.9999999999
2025-02-26T22:30:00.000+0000,793218.9619542402,793218.9619542402,999999.9999999999
2025-02-26T22:40:00.000+0000,793218.9619542402,793218.9619542402,999999.9999999999
2025-02-26T22:50:00.000+0000,793218.9619542402,793218.9619542402,999999.9999999999
2025-02-26T23:00:00.000+0000,793218.9619542402,793218.9619542402,999999.9999999999
2025-02-26T23:10:00.000+0000,793218.9619542402,793218.9619542402,999999.9999999999
2025-02-26T23:20:00.000+0000,793218.9619542402,793218.9619542402,999999.9999999999
2025-02-26T23:30:00.000+0000,793218.9619542402,793218.9619542402,999999.9999999999
2025-02-26T23:40:00.000+0000,793218.9619542402,793218.9619542402,999999.9999999999
2025-02-26T23:50:00.000+0000,793218.9619542402,793218.9619542402,999999.9999999999
2025-02-27T00:00:00.000+0000,793218.9619542402,793218.9619542402,999999.9999999999
2025-02-27T00:10:00.000+0000,793218.9619542402,793218.9619542402,999999.9999999999
2025-02-27T00:20:00.000+0000,793218.9619542402,793218.9619542402,999999.9999999999
2025-02-27T00:30:00.000+0000,793218.9619542402,793218.9619542402,999999.9999999999
2025-02-27T00:40:00.000+0000,793218.9619542402,793218.9619542402,999999.9999999999
2025-02-27T00:50:00.000+0000,793218.9619542402,793218.9619542402,999999.9999999999
2025-02-27T01:00:00.000+0000,793218.9619542402,793218.9619542402,999999.9999999999
2025-02-27T01:10:00.000+0000,793218.9619542402,793218.9619542402,999999.9999999999
2025-02-27T01:20:00.000+0000,793218.9619542402,793218.9619542402,999999.9999999999
2025-02-27T01:30:00.000+0000,793218.9619542402,793218.9619542402,999999.9999999999
2025-02-27T01:40:00.000+0000,793218.9619542402,793218.9619542402,999999.9999999999
2025-02-27T01:50:00.000+0000,793218.9619542402,793218.9619542402,999999.9999999999
2025-02-27T02:00:00.000+0000,793218.9619542402,793218.9619542402,999999.9999999999
2025-02-27T02:10:00.000+0000,793218.9619542402,793218.9619542402,999999.9999999999
2025-02-27T02:20:00.000+0000,793218.9619542402,793218.9619542402,999999.9999999999
2025-02-27T02:30:00.000+0000,793218.9619542402,793218.9619542402,999999.9999999999
2025-02-27T02:40:00.000+0000,793218.9619542402,793218.9619542402,999999.9999999999
2025-02-27T02:50:00.000+0000,793218.9619542402,793218.9619542402,999999.9999999999
2025-02-27T03:00:00.000+0000,793218.9619542402,793218.9619542402,999999.9999999999
2025-02-27T03:10:00.000+0000,793218.9619542402,793218.9619542402,999999.9999999999
2025-02-27T03:20:00.000+0000,793218.9619542402,793218.9619542402,999999.9999999999
2025-02-27T03:30:00.000+0000,793218.9619542402,793218.9619542402,999999.9999999999
2025-02-27T03:40:00.000+0000,793218.9619542402,793218.9619542402,999999.9999999999
2025-02-27T03:50:00.000+0000,793218.9619542402,793218.9619542402,999999.9999999999
2025-02-27T04:00:00.000+0000,793218.9619542402,793218.9619542402,999999.9999999999
2025-02-27T04:10:00.000+0000,793218.9619542402,793218.9619542402,999999.9999999999
2025-02-27T04:20:00.000+0000,793218.9619542402,793218.9619542402,999999.9999999999
2025-02-27T04:30:00.000+0000,793218.9619542402,793218.9619542402,999999.9999999999
2025-02-27T04:40:00.000+0000,793218.9619542402,793218.9619542402,999999.9999999999
2025-02-27T04:50:00.000+0000,793218.9619542402,793218.9619542402,999999.9999999999
2025-02-27T05:00:00.000+0000,793218.9619542402,793218.9619542402,999999.9999999999
2025-02-27T05:10:00.000+0000,793218.9619542402,793218.9619542402,999999.9999999999
2025-02-27T05:20:00.000+0000,793218.9619542402,793218.9619542402,999999.9999999999
2025-02-27T05:30:00.000+0000,793218.9619542402,793218.9619542402,999999.9999999999
2025-02-27T05:40:00.000+0000,793218.9619542402,793218.9619542402,999999.9999999999
2025-02-27T05:50:00.000+0000,793218.9619542402,793218.9619542402,999999.9999999999
2025-02-27T06:00:00.000+0000,793218.9619542402,793218.9619542402,999999.9999999999
2025-02-27T06:10:00.000+0000,793218.9619542402,793218.9619542402,999999.9999999999
2025-02-27T06:20:00.000+0000,793218.9619542402,793218.9619542402,999999.9999999999
2025-02-27T06:30:00.000+0000,793218.9619542402,793218.9619542402,999999.9999999999
2025-02-27T06:40:00.000+0000,793218.9619542402,793218.9619542402,999999.9999999999
2025-02-27T06:50:00.000+0000,793218.9619542402,793218.9619542402,999999.9999999999
2025-02-27T07:00:00.000+0000,793218.9619542402,793218.9619542402,999999.9999999999
2025-02-27T07:10:00.000+0000,793218.9619542402,793218.9619542402,999999.9999999999
2025-02-27T07:20:00.000+0000,793218.9619542402,793218.9619542402,999999.9999999999
2025-02-27T07:30:00.000+0000,793218.9619542402,793218.9619542402,999999.9999999999
2025-02-27T07:40:00.000+0000,793218.9619542402,793218.9619542402,999999.9999999999
2025-02-27T07:50:00.000+0000,793218.9619542402,793218.9619542402,999999.9999999999
2025-02-27T08:00:00.000+0000,793218.9619542402,793218.9619542402,999999.9999999999
2025-02-27T08:10:00.000+0000,793218.9619542402,793218.9619542402,999999.9999999999
2025-02-27T08:20:00.000+0000,793218.9619542402,793218.9619542402,999999.9999999999
2025-02-27T08:30:00.000+0000,793218.9619542402,793218.9619542402,999999.9999999999
2025-02-27T08:40:00.000+0000,793218.9619542402,793218.9619542402,999999.9999999999
2025-02-27T08:50:00.000+0000,793218.9619542402,793218.9619542402,999999.9999999999
2025-02-27T09:00:00.000+0000,793218.9619542402,793218.9619542402,999999.9999999999
2025-02-27T09:10:00.000+0000,793218.9619542402,793218.9619542402,999999.9999999999
2025-02-27T09:20:00.000+0000,793218.9619542402,793218.9619542402,999999.9999999999
2025-02-27T09:30:00.000+0000,793218.9619542402,793218.9619542402,999999.9999999999
2025-02-27T09:40:00.000+0000,793218.9619542402,793218.9619542402,999999.9999999999
2025-02-27T09:50:00.000+0000,793218.9619542402,793218.9619542402,999999.9999999999
2025-02-27T10:00:00.000+0000,793218.9619542402,793218.9619542402,999999.9999999999
2025-02-27T10:10:00.000+0000,793218.9619542402,793218.9619542402,999999.9999999999
2025-02-27T10:20:00.000+0000,793218.9619542402,793218.9619542402,999999.9999999999
2025-02-27T10:30:00.000+0000,793218.9619542402,793218.9619542402,999999.9999999999
2025-02-27T10:40:00.000+0000,793218.9619542402,793218.9619542402,999999.9999999999
2025-02-27T10:50:00.000+0000,793218.9619542402,793218.9619542402,999999.9999999999
2025-02-27T11:00:00.000+0000,793218.9619542402,793218.9619542402,999999.9999999999
2025-02-27T11:10:00.000+0000,793218.9619542402,793218.9619542402,999999.9999999999
2025-02-27T11:20:00.000+0000,793218.9619542402,793218.9619542402,999999.9999999999
2025-02-27T11:30:00.000+0000,793218.9619542402,793218.9619542402,999999.9999999999
2025-02-27T11:40:00.000+0000,793218.9619542402,793218.9619542402,999999.9999999999
2025-02-27T11:50:00.000+0000,793218.9619542402,793218.9619542402,999999.9999999999
2025-02-27T12:00:00.000+0000,793218.9619542402,793218.9619542402,999999.9999999999
2025-02-27T12:10:00.000+0000,793218.9619542402,793218.9619542402,999999.9999999999
2025-02-27T12:20:00.000+0000,793218.9619542402,793218.9619542402,999999.9999999999
2025-02-27T12:30:00.000+0000,793218.9619542402,793218.9619542402,999999.9999999999
2025-02-27T12:40:00.000+0000,793218.9619542402,793218.9619542402,999999.9999999999
2025-02-27T12:50:00.000+0000,793218.9619542402,793218.9619542402,999999.9999999999
2025-02-27T13:00:00.000+0000,793218.9619542402,793218.9619542402,999999.9999999999
2025-02-27T13:10:00.000+0000,793218.9619542402,793218.9619542402,999999.9999999999
2025-02-27T13:20:00.000+0000,793218.9619542402,793218.9619542402,999999.9999999999
2025-02-27T13:30:00.000+0000,793218.9619542402,793218.9619542402,999999.9999999999
2025-02-27T13:40:00.000+0000,793218.9619542402,793218.9619542402,999999.9999999999
2025-02-27T13:50:00.000+0000,793218.9619542402,793218.9619542402,999999.9999999999
2025-02-27T14:00:00.000+0000,793218.9619542402,793218.9619542402,999999.9999999999
2025-02-27T14:10:00.000+0000,793218.9619542402,793218.9619542402,999999.9999999999
2025-02-27T14:20:00.000+0000,793218.9619542402,793218.9619542402,999999.9999999999
2025-02-27T14:30:00.000+0000,793218.9619542402,793218.9619542402,999999.9999999999
2025-02-27T14:40:00.000+0000,793218.9619542402,793218.9619542402,999999.9999999999
2025-02-27T14:50:00.000+0000,793218.9619542402,793218.9619542402,999999.9999999999
2025-02-27T15:00:00.000+0000,793218.9619542402,793218.9619542402,999999.9999999999
2025-02-27T15:10:00.000+0000,793218.9619542402,793218.9619542402,999999.9999999999
2025-02-27T15:20:00.000+0000,793218.9619542402,793218.9619542402,999999.9999999999
2025-02-27T15:30:00.000+0000,793218.9619542402,793218.9619542402,999999.9999999999
2025-02-27T15:40:00.000+0000,793218.9619542402,793218.9619542402,999999.9999999999
2025-02-27T15:50:00.000+0000,793218.9619542402,793218.9619542402,999999.9999999999
2025-02-27T16:00:00.000+0000,793218.9619542402,793218.9619542402,999999.9999999999
2025-02-27T16:10:00.000+0000,793218.9619542402,793218.9619542402,999999.9999999999
2025-02-27T16:20:00.000+0000,793218.9619542402,793218.9619542402,999999.9999999999
2025-02-27T16:30:00.000+0000,793218.9619542402,793218.9619542402,999999.9999999999
2025-02-27T16:40:00.000+0000,793218.9619542402,793218.9619542402,999999.9999999999
2025-02-27T16:50:00.000+0000,793218.9619542402,793218.9619542402,999999.9999999999
2025-02-27T17:00:00.000+0000,793218.9619542402,793218.9619542402,999999.9999999999
2025-02-27T17:10:00.000+0000,793218.9619542402,793218.9619542402,999999.9999999999
2025-02-27T17:20:00.000+0000,793218.9619542402,793218.9619542402,999999.9999999999
2025-02-27T17:30:00.000+0000,793218.9619542402,793218.9619542402,999999.9999999999
2025-02-27T17:40:00.000+0000,793218.9619542402,793218.9619542402,999999.9999999999
2025-02-27T17:50:00.000+0000,793218.9619542402,793218.9619542402,999999.9999999999
2025-02-27T18:00:00.000+0000,793218.9619542402,793218.9619542402,999999.9999999999
2025-02-27T18:10:00.000+0000,793218.9619542402,793218.9619542402,999999.9999999999
2025-02-27T18:20:00.000+0000,793218.9619542402,793218.9619542402,999999.9999999999
2025-02-27T18:30:00.000+0000,793218.9619542402,793218.9619542402,999999.9999999999
2025-02-27T18:40:00.000+0000,793218.9619542402,793218.9619542402,999999.9999999999
2025-02-27T18:50:00.000+0000,793218.9619542402,793218.9619542402,999999.9999999999
2025-02-27T19:00:00.000+0000,793218.9619542402,793218.9619542402,999999.9999999999
2025-02-27T19:10:00.000+0000,793218.9619542402,793218.9619542402,999999.9999999999
2025-02-27T19:20:00.000+0000,793218.9619542402,793218.9619542402,999999.9999999999
2025-02-27T19:30:00.000+0000,793218.9619542402,793218.9619542402,999999.9999999999
2025-02-27T19:40:00.000+0000,793218.9619542402,793218.9619542402,999999.9999999999
2025-02-27T19:50:00.000+0000,793218.9619542402,793218.9619542402,999999.9999999999
2025-02-27T20:00:00.000+0000,793218.9619542402,793218.9619542402,999999.9999999999
2025-02-27T20:10:00.000+0000,793218.9619542402,793218.9619542402,999999.9999999999
2025-02-27T20:20:00.000+0000,793218.9619542402,793218.9619542402,999999.9999999999
2025-02-27T20:30:00.000+0000,793218.9619542402,793218.9619542402,999999.9999999999
2025-02-27T20:40:00.000+0000,793218.9619542402,793218.9619542402,999999.9999999999
2025-02-27T20:50:00.000+0000,793218.9619542402,793218.9619542402,999999.9999999999
2025-02-27T21:00:00.000+0000,793218.9619542402,793218.9619542402,999999.9999999999
2025-02-27T21:10:00.000+0000,793218.9619542402,793218.9619542402,999999.9999999999
2025-02-27T21:20:00.000+0000,793218.9619542402,793218.9619542402,999999.9999999999
2025-02-27T21:30:00.000+0000,793218.9619542402,793218.9619542402,999999.9999999999
2025-02-27T21:40:00.000+0000,793218.9619542402,793218.9619542402,999999.9999999999
2025-02-27T21:50:00.000+0000,793218.9619542402,793218.9619542402,999999.9999999999
2025-02-27T22:00:00.000+0000,793218.9619542402,793218.9619542402,999999.9999999999
2025-02-27T22:10:00.000+0000,793218.9619542402,793218.9619542402,999999.9999999999
2025-02-27T22:20:00.000+0000,793218.9619542402,793218.9619542402,999999.9999999999
2025-02-27T22:30:00.000+0000,793218.9619542402,793218.9619542402,999999.9999999999
2025-02-27T22:40:00.000+0000,793218.9619542402,793218.9619542402,999999.9999999999
2025-02-27T22:50:00.000+0000,793218.9619542402,793218.9619542402,999999.9999999999
2025-02-27T23:00:00.000+0000,793218.9619542402,793218.9619542402,999999.9999999999
2025-02-27T23:10:00.000+0000,793218.9619542402,793218.9619542402,999999.9999999999
2025-02-27T23:20:00.000+0000,793218.9619542402,793218.9619542402,999999.9999999999
2025-02-27T23:30:00.000+0000,793218.9619542402,793218.9619542402,999999.9999999999
2025-02-27T23:40:00.000+0000,793218.9619542402,793218.9619542402,999999.9999999999
2025-02-27T23:50:00.000+0000,793218.9619542402,793218.9619542402,999999.9999999999
2025-02-28T00:00:00.000+0000,793218.9619542402,793218.9619542402,999999.9999999999
2025-02-28T00:10:00.000+0000,793218.9619542402,793218.9619542402,999999.9999999999
2025-02-28T00:20:00.000+0000,793218.9619542402,793218.9619542402,999999.9999999999
2025-02-28T00:30:00.000+0000,793218.9619542402,793218.9619542402,999999.9999999999
2025-02-28T00:40:00.000+0000,793218.9619542402,793218.9619542402,999999.9999999999
2025-02-28T00:50:00.000+0000,793218.9619542402,793218.9619542402,999999.9999999999
2025-02-28T01:00:00.000+0000,793218.9619542402,793218.9619542402,999999.9999999999
2025-02-28T01:10:00.000+0000,793218.9619542402,793218.9619542402,999999.9999999999
2025-02-28T01:20:00.000+0000,793218.9619542402,793218.9619542402,999999.9999999999
2025-02-28T01:30:00.000+0000,793218.9619542402,793218.9619542402,999999.9999999999
2025-02-28T01:40:00.000+0000,793218.9619542402,793218.9619542402,999999.9999999999
2025-02-28T01:50:00.000+0000,793218.9619542402,793218.9619542402,999999.9999999999
2025-02-28T02:00:00.000+0000,793218.9619542402,793218.9619542402,999999.9999999999
2025-02-28T02:10:00.000+0000,793218.9619542402,793218.9619542402,999999.9999999999
2025-02-28T02:20:00.000+0000,793218.9619542402,793218.9619542402,999999.9999999999
2025-02-28T02:30:00.000+0000,793218.9619542402,793218.9619542402,999999.9999999999
2025-02-28T02:40:00.000+0000,793218.9619542402,793218.9619542402,999999.9999999999
2025-02-28T02:50:00.000+0000,793218.9619542402,793218.9619542402,999999.9999999999
2025-02-28T03:00:00.000+0000,793218.9619542402,793218.9619542402,999999.9999999999
2025-02-28T03:10:00.000+0000,793218.9619542402,793218.9619542402,999999.9999999999
2025-02-28T03:20:00.000+0000,793218.9619542402,793218.9619542402,999999.9999999999
2025-02-28T03:30:00.000+0000,793218.9619542402,793218.9619542402,999999.9999999999
2025-02-28T03:40:00.000+0000,793218.9619542402,793218.9619542402,999999.9999999999
2025-02-28T03:50:00.000+0000,793218.9619542402,793218.9619542402,999999.9999999999
2025-02-28T04:00:00.000+0000,793218.9619542402,793218.9619542402,999999.9999999999
2025-02-28T04:10:00.000+0000,793218.9619542402,793218.9619542402,999999.9999999999
2025-02-28T04:20:00.000+0000,793218.9619542402,793218.9619542402,999999.9999999999
2025-02-28T04:30:00.000+0000,793218.9619542402,793218.9619542402,999999.9999999999
2025-02-28T04:40:00.000+0000,793218.9619542402,793218.9619542402,999999.9999999999
2025-02-28T04:50:00.000+0000,793218.9619542402,793218.9619542402,999999.9999999999
2025-02-28T05:00:00.000+0000,793218.9619542402,793218.9619542402,999999.9999999999
2025-02-28T05:10:00.000+0000,793218.9619542402,793218.9619542402,999999.9999999999
2025-02-28T05:20:00.000+0000,793218.9619542402,793218.9619542402,999999.9999999999
2025-02-28T05:30:00.000+0000,793218.9619542402,793218.9619542402,999999.9999999999
2025-02-28T05:40:00.000+0000,793218.9619542402,793218.9619542402,999999.9999999999
2025-02-28T05:50:00.000+0000,793218.9619542402,793218.9619542402,999999.9999999999
2025-02-28T06:00:00.000+0000,793218.9619542402,793218.9619542402,999999.9999999999
2025-02-28T06:10:00.000+0000,793218.9619542402,793218.9619542402,999999.9999999999
2025-02-28T06:20:00.000+0000,793218.9619542402,793218.9619542402,999999.9999999999
2025-02-28T06:30:00.000+0000,793218.9619542402,793218.9619542402,999999.9999999999
2025-02-28T06:40:00.000+0000,793218.9619542402,793218.9619542402,999999.9999999999
2025-02-28T06:50:00.000+0000,793218.9619542402,793218.9619542402,999999.9999999999
2025-02-28T07:00:00.000+0000,793218.9619542402,793218.9619542402,999999.9999999999
2025-02-28T07:10:00.000+0000,793218.9619542402,793218.9619542402,999999.9999999999
2025-02-28T07:20:00.000+0000,793218.9619542402,793218.9619542402,999999.9999999999
2025-02-28T07:30:00.000+0000,793218.9619542402,793218.9619542402,999999.9999999999
2025-02-28T07:40:00.000+0000,793218.9619542402,793218.9619542402,999999.9999999999
2025-02-28T07:50:00.000+0000,793218.9619542402,793218.9619542402,999999.9999999999
2025-02-28T08:00:00.000+0000,793218.9619542402,793218.9619542402,999999.9999999999
2025-02-28T08:10:00.000+0000,793218.9619542402,793218.9619542402,999999.9999999999
2025-02-28T08:20:00.000+0000,793218.9619542402,793218.9619542402,999999.9999999999
2025-02-28T08:30:00.000+0000,793218.9619542402,793218.9619542402,999999.9999999999
2025-02-28T08:40:00.000+0000,793218.9619542402,793218.9619542402,999999.9999999999
2025-02-28T08:50:00.000+0000,793218.9619542402,793218.9619542402,999999.9999999999
2025-02-28T09:00:00.000+0000,793218.9619542402,793218.9619542402,999999.9999999999
2025-02-28T09:10:00.000+0000,793218.9619542402,793218.9619542402,999999.9999999999
2025-02-28T09:20:00.000+0000,793218.9619542402,793218.9619542402,999999.9999999999
2025-02-28T09:30:00.000+0000,793218.9619542402,793218.9619542402,999999.9999999999
2025-02-28T09:40:00.000+0000,793218.9619542402,793218.9619542402,999999.9999999999
2025-02-28T09:50:00.000+0000,793218.9619542402,793218.9619542402,999999.9999999999
2025-02-28T10:00:00.000+0000,793218.9619542402,793218.9619542402,999999.9999999999
2025-02-28T10:10:00.000+0000,793218.9619542402,793218.9619542402,999999.9999999999
2025-02-28T10:20:00.000+0000,793218.9619542402,793218.9619542402,999999.9999999999
2025-02-28T10:30:00.000+0000,793218.9619542402,793218.9619542402,999999.9999999999
2025-02-28T10:40:00.000+0000,793218.9619542402,793218.9619542402,999999.9999999999
2025-02-28T10:50:00.000+0000,793218.9619542402,793218.9619542402,999999.9999999999
2025-02-28T11:00:00.000+0000,793218.9619542402,793218.9619542402,999999.9999999999
2025-02-28T11:10:00.000+0000,793218.9619542402,793218.9619542402,999999.9999999999
2025-02-28T11:20:00.000+0000,793218.9619542402,793218.9619542402,999999.9999999999
2025-02-28T11:30:00.000+0000,793218.9619542402,793218.9619542402,999999.9999999999
2025-02-28T11:40:00.000+0000,793218.9619542402,793218.9619542402,999999.9999999999
2025-02-28T11:50:00.000+0000,793218.9619542402,793218.9619542402,999999.9999999999
2025-02-28T12:00:00.000+0000,793218.9619542402,793218.9619542402,999999.9999999999
2025-02-28T12:10:00.000+0000,793218.9619542402,793218.9619542402,999999.9999999999
2025-02-28T12:20:00.000+0000,793218.9619542402,793218.9619542402,999999.9999999999
2025-02-28T12:30:00.000+0000,793218.9619542402,793218.9619542402,999999.9999999999
2025-02-28T12:40:00.000+0000,793218.9619542402,793218.9619542402,999999.9999999999
2025-02-28T12:50:00.000+0000,793218.9619542402,793218.9619542402,999999.9999999999
2025-02-28T13:00:00.000+0000,793218.9619542402,793218.9619542402,999999.9999999999
2025-02-28T13:10:00.000+0000,793218.9619542402,793218.9619542402,999999.9999999999
2025-02-28T13:20:00.000+0000,793218.9619542402,793218.9619542402,999999.9999999999
2025-02-28T13:30:00.000+0000,793218.9619542402,793218.9619542402,999999.9999999999
2025-02-28T13:40:00.000+0000,793218.9619542402,793218.9619542402,999999.9999999999
2025-02-28T13:50:00.000+0000,793218.9619542402,793218.9619542402,999999.9999999999
2025-02-28T14:00:00.000+0000,793218.9619542402,793218.9619542402,999999.9999999999
2025-02-28T14:10:00.000+0000,793218.9619542402,793218.9619542402,999999.9999999999
2025-02-28T14:20:00.000+0000,793218.9619542402,793218.9619542402,999999.9999999999
2025-02-28T14:30:00.000+0000,793218.9619542402,793218.9619542402,999999.9999999999
2025-02-28T14:40:00.000+0000,793218.9619542402,793218.9619542402,999999.9999999999
2025-02-28T14:50:00.000+0000,793218.9619542402,793218.9619542402,999999.9999999999
2025-02-28T15:00:00.000+0000,793218.9619542402,793218.9619542402,999999.9999999999
2025-02-28T15:10:00.000+0000,793218.9619542402,793218.9619542402,999999.9999999999
2025-02-28T15:20:00.000+0000,793218.9619542402,793218.9619542402,999999.9999999999
2025-02-28T15:30:00.000+0000,793218.9619542402,793218.9619542402,999999.9999999999
2025-02-28T15:40:00.000+0000,793218.9619542402,793218.9619542402,999999.9999999999
2025-02-28T15:50:00.000+0000,793218.9619542402,793218.9619542402,999999.9999999999
2025-02-28T16:00:00.000+0000,793218.9619542402,793218.9619542402,999999.9999999999
2025-02-28T16:10:00.000+0000,793218.9619542402,793218.9619542402,999999.9999999999
2025-02-28T16:20:00.000+0000,793218.9619542402,793218.9619542402,999999.9999999999
2025-02-28T16:30:00.000+0000,793218.9619542402,793218.9619542402,999999.9999999999
2025-02-28T16:40:00.000+0000,793218.9619542402,793218.9619542402,999999.9999999999
2025-02-28T16:50:00.000+0000,793218.9619542402,793218.9619542402,999999.9999999999
2025-02-28T17:00:00.000+0000,793218.9619542402,793218.9619542402,999999.9999999999
2025-02-28T17:10:00.000+0000,793218.9619542402,793218.9619542402,999999.9999999999
2025-02-28T17:20:00.000+0000,793218.9619542402,793218.9619542402,999999.9999999999
2025-02-28T17:30:00.000+0000,793218.9619542402,793218.9619542402,999999.9999999999
2025-02-28T17:40:00.000+0000,793218.9619542402,793218.9619542402,999999.9999999999
2025-02-28T17:50:00.000+0000,793218.9619542402,793218.9619542402,999999.9999999999
2025-02-28T18:00:00.000+0000,793218.9619542402,793218.9619542402,999999.9999999999
2025-02-28T18:10:00.000+0000,793218.9619542402,793218.9619542402,999999.9999999999
2025-02-28T18:20:00.000+0000,793218.9619542402,793218.9619542402,999999.9999999999
2025-02-28T18:30:00.000+0000,793218.9619542402,793218.9619542402,999999.9999999999
2025-02-28T18:40:00.000+0000,793218.9619542402,793218.9619542402,999999.9999999999
2025-02-28T18:50:00.000+0000,793218.9619542402,793218.9619542402,999999.9999999999
2025-02-28T19:00:00.000+0000,793218.9619542402,793218.9619542402,999999.9999999999
2025-02-28T19:10:00.000+0000,793218.9619542402,793218.9619542402,999999.9999999999
2025-02-28T19:20:00.000+0000,793218.9619542402,793218.9619542402,999999.9999999999
2025-02-28T19:30:00.000+0000,793218.9619542402,793218.9619542402,999999.9999999999
2025-02-28T19:40:00.000+0000,793218.9619542402,793218.9619542402,999999.9999999999
2025-02-28T19:50:00.000+0000,793218.9619542402,793218.9619542402,999999.9999999999
2025-02-28T20:00:00.000+0000,793218.9619542402,793218.9619542402,999999.9999999999
2025-02-28T20:10:00.000+0000,793218.9619542402,793218.9619542402,999999.9999999999
2025-02-28T20:20:00.000+0000,793218.9619542402,793218.9619542402,999999.9999999999
2025-02-28T20:30:00.000+0000,793218.9619542402,793218.9619542402,999999.9999999999
2025-02-28T20:40:00.000+0000,793218.9619542402,793218.9619542402,999999.9999999999
2025-02-28T20:50:00.000+0000,793218.9619542402,793218.9619542402,999999.9999999999
2025-02-28T21:00:00.000+0000,793218.9619542402,793218.9619542402,999999.9999999999
2025-02-28T21:10:00.000+0000,793218.9619542402,793218.9619542402,999999.9999999999
2025-02-28T21:20:00.000+0000,793218.9619542402,793218.9619542402,999999.9999999999
2025-02-28T21:30:00.000+0000,793218.9619542402,793218.9619542402,999999.9999999999
2025-02-28T21:40:00.000+0000,793218.9619542402,793218.9619542402,999999.9999999999
2025-02-28T21:50:00.000+0000,793218.9619542402,793218.9619542402,999999.9999999999
2025-02-28T22:00:00.000+0000,793218.9619542402,793218.9619542402,999999.9999999999
2025-02-28T22:10:00.000+0000,793218.9619542402,793218.9619542402,999999.9999999999
2025-02-28T22:20:00.000+0000,793218.9619542402,793218.9619542402,999999.9999999999
2025-02-28T22:30:00.000+0000,793218.9619542402,793218.9619542402,999999.9999999999
2025-02-28T22:40:00.000+0000,793218.9619542402,793218.9619542402,999999.9999999999
2025-02-28T22:50:00.000+0000,793218.9619542402,793218.9619542402,999999.9999999999
2025-02-28T23:00:00.000+0000,793218.9619542402,793218.9619542402,999999.9999999999
2025-02-28T23:10:00.000+0000,793218.9619542402,793218.9619542402,999999.9999999999
2025-02-28T23:20:00.000+0000,793218.9619542402,793218.9619542402,999999.9999999999
2025-02-28T23:30:00.000+0000,793218.9619542402,793218.9619542402,999999.9999999999
2025-02-28T23:40:00.000+0000,793218.9619542402,793218.9619542402,999999.9999999999
2025-02-28T23:50:00.000+0000,793218.9619542402,793218.9619542402,999999.9999999999
2025-03-01T00:00:00.000+0000,793218.9619542402,793218.9619542402,999999.9999999999
2025-03-01T00:10:00.000+0000,793218.9619542402,793218.9619542402,999999.9999999999
2025-03-01T00:20:00.000+0000,793218.9619542402,793218.9619542402,999999.9999999999
2025-03-01T00:30:00.000+0000,793218.9619542402,793218.9619542402,999999.9999999999
2025-03-01T00:40:00.000+0000,793218.9619542402,793218.9619542402,999999.9999999999
2025-03-01T00:50:00.000+0000,793218.9619542402,793218.9619542402,999999.9999999999
2025-03-01T01:00:00.000+0000,793218.9619542402,793218.9619542402,999999.9999999999
2025-03-01T01:10:00.000+0000,793218.9619542402,793218.9619542402,999999.9999999999
2025-03-01T01:20:00.000+0000,793218.9619542402,793218.9619542402,999999.9999999999
2025-03-01T01:30:00.000+0000,793218.9619542402,793218.9619542402,999999.9999999999
2025-03-01T01:40:00.000+0000,793218.9619542402,793218.9619542402,999999.9999999999
2025-03-01T01:50:00.000+0000,793218.9619542402,793218.9619542402,999999.9999999999
2025-03-01T02:00:00.000+0000,793218.9619542402,793218.9619542402,999999.9999999999
2025-03-01T02:10:00.000+0000,793218.9619542402,793218.9619542402,999999.9999999999
2025-03-01T02:20:00.000+0000,793218.9619542402,793218.9619542402,999999.9999999999
2025-03-01T02:30:00.000+0000,793218.9619542402,793218.9619542402,999999.9999999999
2025-03-01T02:40:00.000+0000,793218.9619542402,793218.9619542402,999999.9999999999
2025-03-01T02:50:00.000+0000,793218.9619542402,793218.9619542402,999999.9999999999
2025-03-01T03:00:00.000+0000,793218.9619542402,793218.9619542402,999999.9999999999
2025-03-01T03:10:00.000+0000,793218.9619542402,793218.9619542402,999999.9999999999
2025-03-01T03:20:00.000+0000,793218.9619542402,793218.9619542402,999999.9999999999
2025-03-01T03:30:00.000+0000,793218.9619542402,793218.9619542402,999999.9999999999
2025-03-01T03:40:00.000+0000,793218.9619542402,793218.9619542402,999999.9999999999
2025-03-01T03:50:00.000+0000,793218.9619542402,793218.9619542402,999999.9999999999
2025-03-01T04:00:00.000+0000,793218.9619542402,793218.9619542402,999999.9999999999
2025-03-01T04:10:00.000+0000,793218.9619542402,793218.9619542402,999999.9999999999
2025-03-01T04:20:00.000+0000,793218.9619542402,793218.9619542402,999999.9999999999
2025-03-01T04:30:00.000+0000,793218.9619542402,793218.9619542402,999999.9999999999
2025-03-01T04:40:00.000+0000,793218.9619542402,793218.9619542402,999999.9999999999
2025-03-01T04:50:00.000+0000,793218.9619542402,793218.9619542402,999999.9999999999
2025-03-01T05:00:00.000+0000,793218.9619542402,793218.9619542402,999999.9999999999
2025-03-01T05:10:00.000+0000,793218.9619542402,793218.9619542402,999999.9999999999
2025-03-01T05:20:00.000+0000,793218.9619542402,793218.9619542402,999999.9999999999
2025-03-01T05:30:00.000+0000,793218.9619542402,793218.9619542402,999999.9999999999
2025-03-01T05:40:00.000+0000,793218.9619542402,793218.9619542402,999999.9999999999
2025-03-01T05:50:00.000+0000,793218.9619542402,793218.9619542402,999999.9999999999
2025-03-01T06:00:00.000+0000,793218.9619542402,793218.9619542402,999999.9999999999
2025-03-01T06:10:00.000+0000,793218.9619542402,793218.9619542402,999999.9999999999
2025-03-01T06:20:00.000+0000,793218.9619542402,793218.9619542402,999999.9999999999
2025-03-01T06:30:00.000+0000,793218.9619542402,793218.9619542402,999999.9999999999
2025-03-01T06:40:00.000+0000,793218.9619542402,793218.9619542402,999999.9999999999
2025-03-01T06:50:00.000+0000,793218.9619542402,793218.9619542402,999999.9999999999
2025-03-01T07:00:00.000+0000,793218.9619542402,793218.9619542402,999999.9999999999
2025-03-01T07:10:00.000+0000,793218.9619542402,793218.9619542402,999999.9999999999
2025-03-01T07:20:00.000+0000,793218.9619542402,793218.9619542402,999999.9999999999
2025-03-01T07:30:00.000+0000,793218.9619542402,793218.9619542402,999999.9999999999
2025-03-01T07:40:00.000+0000,793218.9619542402,793218.9619542402,999999.9999999999
2025-03-01T07:50:00.000+0000,793218.9619542402,793218.9619542402,999999.9999999999
2025-03-01T08:00:00.000+0000,793218.9619542402,793218.9619542402,999999.9999999999
2025-03-01T08:10:00.000+0000,793218.9619542402,793218.9619542402,999999.9999999999
2025-03-01T08:20:00.000+0000,793218.9619542402,793218.9619542402,999999.9999999999
2025-03-01T08:30:00.000+0000,793218.9619542402,793218.9619542402,999999.9999999999
2025-03-01T08:40:00.000+0000,793218.9619542402,793218.9619542402,999999.9999999999
2025-03-01T08:50:00.000+0000,793218.9619542402,793218.9619542402,999999.9999999999
2025-03-01T09:00:00.000+0000,793218.9619542402,793218.9619542402,999999.9999999999
2025-03-01T09:10:00.000+0000,793218.9619542402,793218.9619542402,999999.9999999999
2025-03-01T09:20:00.000+0000,793218.9619542402,793218.9619542402,999999.9999999999
2025-03-01T09:30:00.000+0000,793218.9619542402,793218.9619542402,999999.9999999999
2025-03-01T09:40:00.000+0000,793218.9619542402,793218.9619542402,999999.9999999999
2025-03-01T09:50:00.000+0000,793218.9619542402,793218.9619542402,999999.9999999999
2025-03-01T10:00:00.000+0000,793218.9619542402,793218.9619542402,999999.9999999999
2025-03-01T10:10:00.000+0000,793218.9619542402,793218.9619542402,999999.9999999999
2025-03-01T10:20:00.000+0000,793218.9619542402,793218.9619542402,999999.9999999999
2025-03-01T10:30:00.000+0000,793218.9619542402,793218.9619542402,999999.9999999999
2025-03-01T10:40:00.000+0000,793218.9619542402,793218.9619542402,999999.9999999999
2025-03-01T10:50:00.000+0000,793218.9619542402,793218.9619542402,999999.9999999999
2025-03-01T11:00:00.000+0000,793218.9619542402,793218.9619542402,999999.9999999999
2025-03-01T11:10:00.000+0000,793218.9619542402,793218.9619542402,999999.9999999999
2025-03-01T11:20:00.000+0000,793218.9619542402,793218.9619542402,999999.9999999999
2025-03-01T11:30:00.000+0000,793218.9619542402,793218.9619542402,999999.9999999999
2025-03-01T11:40:00.000+0000,793218.9619542402,793218.9619542402,999999.9999999999
2025-03-01T11:50:00.000+0000,793218.9619542402,793218.9619542402,999999.9999999999
2025-03-01T12:00:00.000+0000,793218.9619542402,793218.9619542402,999999.9999999999
2025-03-01T12:10:00.000+0000,793218.9619542402,793218.9619542402,999999.9999999999
2025-03-01T12:20:00.000+0000,793218.9619542402,793218.9619542402,999999.9999999999
2025-03-01T12:30:00.000+0000,793218.9619542402,793218.9619542402,999999.9999999999
2025-03-01T12:40:00.000+0000,793218.9619542402,793218.9619542402,999999.9999999999
2025-03-01T12:50:00.000+0000,793218.9619542402,793218.9619542402,999999.9999999999
2025-03-01T13:00:00.000+0000,793218.9619542402,793218.9619542402,999999.9999999999
2025-03-01T13:10:00.000+0000,793218.9619542402,793218.9619542402,999999.9999999999
2025-03-01T13:20:00.000+0000,793218.9619542402,793218.9619542402,999999.9999999999
2025-03-01T13:30:00.000+0000,793218.9619542402,793218.9619542402,999999.9999999999
2025-03-01T13:40:00.000+0000,793218.9619542402,793218.9619542402,999999.9999999999
2025-03-01T13:50:00.000+0000,793218.9619542402,793218.9619542402,999999.9999999999
2025-03-01T14:00:00.000+0000,793218.9619542402,793218.9619542402,999999.9999999999
2025-03-01T14:10:00.000+0000,793218.9619542402,793218.9619542402,999999.9999999999
2025-03-01T14:20:00.000+0000,793218.9619542402,793218.9619542402,999999.9999999999
2025-03-01T14:30:00.000+0000,793218.9619542402,793218.9619542402,999999.9999999999
2025-03-01T14:40:00.000+0000,793218.9619542402,793218.9619542402,999999.9999999999
2025-03-01T14:50:00.000+0000,793218.9619542402,793218.9619542402,999999.9999999999
2025-03-01T15:00:00.000+0000,793218.9619542402,793218.9619542402,999999.9999999999
2025-03-01T15:10:00.000+0000,793218.9619542402,793218.9619542402,999999.9999999999
2025-03-01T15:20:00.000+0000,793218.9619542402,793218.9619542402,999999.9999999999
2025-03-01T15:30:00.000+0000,793218.9619542402,793218.9619542402,999999.9999999999
2025-03-01T15:40:00.000+0000,793218.9619542402,793218.9619542402,999999.9999999999
2025-03-01T15:50:00.000+0000,793218.9619542402,793218.9619542402,999999.9999999999
2025-03-01T16:00:00.000+0000,793218.9619542402,793218.9619542402,999999.9999999999
2025-03-01T16:10:00.000+0000,793218.9619542402,793218.9619542402,999999.9999999999
2025-03-01T16:20:00.000+0000,793218.9619542402,793218.9619542402,999999.9999999999
2025-03-01T16:30:00.000+0000,793218.9619542402,793218.9619542402,999999.9999999999
2025-03-01T16:40:00.000+0000,793218.9619542402,793218.9619542402,999999.9999999999
2025-03-01T16:50:00.000+0000,793218.9619542402,793218.9619542402,999999.9999999999
2025-03-01T17:00:00.000+0000,793218.9619542402,793218.9619542402,999999.9999999999
2025-03-01T17:10:00.000+0000,793218.9619542402,793218.9619542402,999999.9999999999
2025-03-01T17:20:00.000+0000,793218.9619542402,793218.9619542402,999999.9999999999
2025-03-01T17:30:00.000+0000,793218.9619542402,793218.9619542402,999999.9999999999
2025-03-01T17:40:00.000+0000,793218.9619542402,793218.9619542402,999999.9999999999
2025-03-01T17:50:00.000+0000,793218.9619542402,793218.9619542402,999999.9999999999
2025-03-01T18:00:00.000+0000,793218.9619542402,793218.9619542402,999999.9999999999
2025-03-01T18:10:00.000+0000,793218.9619542402,793218.9619542402,999999.9999999999
2025-03-01T18:20:00.000+0000,793218.9619542402,793218.9619542402,999999.9999999999
2025-03-01T18:30:00.000+0000,793218.9619542402,793218.9619542402,999999.9999999999
2025-03-01T18:40:00.000+0000,793218.9619542402,793218.9619542402,999999.9999999999
2025-03-01T18:50:00.000+0000,793218.9619542402,793218.9619542402,999999.9999999999
2025-03-01T19:00:00.000+0000,793218.9619542402,793218.9619542402,999999.9999999999
2025-03-01T19:10:00.000+0000,793218.9619542402,793218.9619542402,999999.9999999999
2025-03-01T19:20:00.000+0000,793218.9619542402,793218.9619542402,999999.9999999999
2025-03-01T19:30:00.000+0000,793218.9619542402,793218.9619542402,999999.9999999999
2025-03-01T19:40:00.000+0000,793218.9619542402,793218.9619542402,999999.9999999999
2025-03-01T19:50:00.000+0000,793218.9619542402,793218.9619542402,999999.9999999999
2025-03-01T20:00:00.000+0000,793218.9619542402,793218.9619542402,999999.9999999999
2025-03-01T20:10:00.000+0000,793218.9619542402,793218.9619542402,999999.9999999999
2025-03-01T20:20:00.000+0000,793218.9619542402,793218.9619542402,999999.9999999999
2025-03-01T20:30:00.000+0000,793218.9619542402,793218.9619542402,999999.9999999999
2025-03-01T20:40:00.000+0000,793218.9619542402,793218.9619542402,999999.9999999999
2025-03-01T20:50:00.000+0000,793218.9619542402,793218.9619542402,999999.9999999999
2025-03-01T21:00:00.000+0000,793218.9619542402,793218.9619542402,999999.9999999999
2025-03-01T21:10:00.000+0000,793218.9619542402,793218.9619542402,999999.9999999999
2025-03-01T21:20:00.000+0000,793218.9619542402,793218.9619542402,999999.9999999999
2025-03-01T21:30:00.000+0000,793218.9619542402,793218.9619542402,999999.9999999999
2025-03-01T21:40:00.000+0000,793218.9619542402,793218.9619542402,999999.9999999999
2025-03-01T21:50:00.000+0000,793218.9619542402,793218.9619542402,999999.9999999999
2025-03-01T22:00:00.000+0000,793218.9619542402,793218.9619542402,999999.9999999999
2025-03-01T22:10:00.000+0000,793218.9619542402,793218.9619542402,999999.9999999999
2025-03-01T22:20:00.000+0000,793218.9619542402,793218.9619542402,999999.9999999999
2025-03-01T22:30:00.000+0000,793218.9619542402,793218.9619542402,999999.9999999999
2025-03-01T22:40:00.000+0000,793218.9619542402,793218.9619542402,999999.9999999999
2025-03-01T22:50:00.000+0000,793218.9619542402,793218.9619542402,999999.9999999999
2025-03-01T23:00:00.000+0000,793218.9619542402,793218.9619542402,999999.9999999999
2025-03-01T23:10:00.000+0000,793218.9619542402,793218.9619542402,999999.9999999999
2025-03-01T23:20:00.000+0000,793218.9619542402,793218.9619542402,999999.9999999999
2025-03-01T23:30:00.000+0000,793218.9619542402,793218.9619542402,999999.9999999999
2025-03-01T23:40:00.000+0000,793218.9619542402,793218.9619542402,999999.9999999999
2025-03-01T23:50:00.000+0000,793218.9619542402,793218.9619542402,999999.9999999999
2025-03-02T00:00:00.000+0000,793218.9619542402,793218.9619542402,999999.9999999999
2025-03-02T00:10:00.000+0000,793218.9619542402,793218.9619542402,999999.9999999999
2025-03-02T00:20:00.000+0000,793218.9619542402,793218.9619542402,999999.9999999999
2025-03-02T00:30:00.000+0000,793218.9619542402,793218.9619542402,999999.9999999999
2025-03-02T00:40:00.000+0000,793218.9619542402,793218.9619542402,999999.9999999999
2025-03-02T00:50:00.000+0000,793218.9619542402,793218.9619542402,999999.9999999999
2025-03-02T01:00:00.000+0000,793218.9619542402,793218.9619542402,999999.9999999999
2025-03-02T01:10:00.000+0000,793218.9619542402,793218.9619542402,999999.9999999999
2025-03-02T01:20:00.000+0000,793218.9619542402,793218.9619542402,999999.9999999999
2025-03-02T01:30:00.000+0000,793218.9619542402,793218.9619542402,999999.9999999999
2025-03-02T01:40:00.000+0000,793218.9619542402,793218.9619542402,999999.9999999999
2025-03-02T01:50:00.000+0000,793218.9619542402,793218.9619542402,999999.9999999999
2025-03-02T02:00:00.000+0000,793218.9619542402,793218.9619542402,999999.9999999999
2025-03-02T02:10:00.000+0000,793218.9619542402,793218.9619542402,999999.9999999999
2025-03-02T02:20:00.000+0000,793218.9619542402,793218.9619542402,999999.9999999999
2025-03-02T02:30:00.000+0000,793218.9619542402,793218.9619542402,999999.9999999999
2025-03-02T02:40:00.000+0000,793218.9619542402,793218.9619542402,999999.9999999999
2025-03-02T02:50:00.000+0000,793218.9619542402,793218.9619542402,999999.9999999999
2025-03-02T03:00:00.000+0000,793218.9619542402,793218.9619542402,999999.9999999999
2025-03-02T03:10:00.000+0000,793218.9619542402,793218.9619542402,999999.9999999999
2025-03-02T03:20:00.000+0000,793218.9619542402,793218.9619542402,999999.9999999999
2025-03-02T03:30:00.000+0000,793218.9619542402,793218.9619542402,999999.9999999999
2025-03-02T03:40:00.000+0000,793218.9619542402,793218.9619542402,999999.9999999999
2025-03-02T03:50:00.000+0000,793218.9619542402,793218.9619542402,999999.9999999999
2025-03-02T04:00:00.000+0000,793218.9619542402,793218.9619542402,999999.9999999999
2025-03-02T04:10:00.000+0000,793218.9619542402,793218.9619542402,999999.9999999999
2025-03-02T04:20:00.000+0000,793218.9619542402,793218.9619542402,999999.9999999999
2025-03-02T04:30:00.000+0000,793218.9619542402,793218.9619542402,999999.9999999999
2025-03-02T04:40:00.000+0000,793218.9619542402,793218.9619542402,999999.9999999999
2025-03-02T04:50:00.000+0000,793218.9619542402,793218.9619542402,999999.9999999999
2025-03-02T05:00:00.000+0000,793218.9619542402,793218.9619542402,999999.9999999999
2025-03-02T05:10:00.000+0000,793218.9619542402,793218.9619542402,999999.9999999999
2025-03-02T05:20:00.000+0000,793218.9619542402,793218.9619542402,999999.9999999999
2025-03-02T05:30:00.000+0000,793218.9619542402,793218.9619542402,999999.9999999999
2025-03-02T05:40:00.000+0000,793218.9619542402,793218.9619542402,999999.9999999999
2025-03-02T05:50:00.000+0000,793218.9619542402,793218.9619542402,999999.9999999999
2025-03-02T06:00:00.000+0000,793218.9619542402,793218.9619542402,999999.9999999999
2025-03-02T06:10:00.000+0000,793218.9619542402,793218.9619542402,999999.9999999999
2025-03-02T06:20:00.000+0000,793218.9619542402,793218.9619542402,999999.9999999999
2025-03-02T06:30:00.000+0000,793218.9619542402,793218.9619542402,999999.9999999999
2025-03-02T06:40:00.000+0000,793218.9619542402,793218.9619542402,999999.9999999999
2025-03-02T06:50:00.000+0000,793218.9619542402,793218.9619542402,999999.9999999999
2025-03-02T07:00:00.000+0000,793218.9619542402,793218.9619542402,999999.9999999999
2025-03-02T07:10:00.000+0000,793218.9619542402,793218.9619542402,999999.9999999999
2025-03-02T07:20:00.000+0000,793218.9619542402,793218.9619542402,999999.9999999999
2025-03-02T07:30:00.000+0000,793218.9619542402,793218.9619542402,999999.9999999999
2025-03-02T07:40:00.000+0000,793218.9619542402,793218.9619542402,999999.9999999999
2025-03-02T07:50:00.000+0000,793218.9619542402,793218.9619542402,999999.9999999999
2025-03-02T08:00:00.000+0000,793218.9619542402,793218.9619542402,999999.9999999999
2025-03-02T08:10:00.000+0000,793218.9619542402,793218.9619542402,999999.9999999999
2025-03-02T08:20:00.000+0000,793218.9619542402,793218.9619542402,999999.9999999999
2025-03-02T08:30:00.000+0000,793218.9619542402,793218.9619542402,999999.9999999999
2025-03-02T08:40:00.000+0000,793218.9619542402,793218.9619542402,999999.9999999999
2025-03-02T08:50:00.000+0000,793218.9619542402,793218.9619542402,999999.9999999999
2025-03-02T09:00:00.000+0000,793218.9619542402,793218.9619542402,999999.9999999999
2025-03-02T09:10:00.000+0000,793218.9619542402,793218.9619542402,999999.9999999999
2025-03-02T09:20:00.000+0000,793218.9619542402,793218.9619542402,999999.9999999999
2025-03-02T09:30:00.000+0000,793218.9619542402,793218.9619542402,999999.9999999999
2025-03-02T09:40:00.000+0000,793218.9619542402,793218.9619542402,999999.9999999999
2025-03-02T09:50:00.000+0000,793218.9619542402,793218.9619542402,999999.9999999999
2025-03-02T10:00:00.000+0000,793218.9619542402,793218.9619542402,999999.9999999999
2025-03-02T10:10:00.000+0000,793218.9619542402,793218.9619542402,999999.9999999999
2025-03-02T10:20:00.000+0000,793218.9619542402,793218.9619542402,999999.9999999999
2025-03-02T10:30:00.000+0000,793218.9619542402,793218.9619542402,999999.9999999999
2025-03-02T10:40:00.000+0000,793218.9619542402,793218.9619542402,999999.9999999999
2025-03-02T10:50:00.000+0000,793218.9619542402,793218.9619542402,999999.9999999999
2025-03-02T11:00:00.000+0000,793218.9619542402,793218.9619542402,999999.9999999999
2025-03-02T11:10:00.000+0000,793218.9619542402,793218.9619542402,999999.9999999999
2025-03-02T11:20:00.000+0000,793218.9619542402,793218.9619542402,999999.9999999999
2025-03-02T11:30:00.000+0000,793218.9619542402,793218.9619542402,999999.9999999999
2025-03-02T11:40:00.000+0000,793218.9619542402,793218.9619542402,999999.9999999999
2025-03-02T11:50:00.000+0000,793218.9619542402,793218.9619542402,999999.9999999999
2025-03-02T12:00:00.000+0000,793218.9619542402,793218.9619542402,999999.9999999999
2025-03-02T12:10:00.000+0000,793218.9619542402,793218.9619542402,999999.9999999999
2025-03-02T12:20:00.000+0000,793218.9619542402,793218.9619542402,999999.9999999999
2025-03-02T12:30:00.000+0000,793218.9619542402,793218.9619542402,999999.9999999999
2025-03-02T12:40:00.000+0000,793218.9619542402,793218.9619542402,999999.9999999999
2025-03-02T12:50:00.000+0000,793218.9619542402,793218.9619542402,999999.9999999999
2025-03-02T13:00:00.000+0000,793218.9619542402,793218.9619542402,999999.9999999999
2025-03-02T13:10:00.000+0000,793218.9619542402,793218.9619542402,999999.9999999999
2025-03-02T13:20:00.000+0000,793218.9619542402,793218.9619542402,999999.9999999999
2025-03-02T13:30:00.000+0000,793218.9619542402,793218.9619542402,999999.9999999999
2025-03-02T13:40:00.000+0000,793218.9619542402,793218.9619542402,999999.9999999999
2025-03-02T13:50:00.000+0000,793218.9619542402,793218.9619542402,999999.9999999999
2025-03-02T14:00:00.000+0000,793218.9619542402,793218.9619542402,999999.9999999999
2025-03-02T14:10:00.000+0000,793218.9619542402,793218.9619542402,999999.9999999999
2025-03-02T14:20:00.000+0000,793218.9619542402,793218.9619542402,999999.9999999999
2025-03-02T14:30:00.000+0000,793218.9619542402,793218.9619542402,999999.9999999999
2025-03-02T14:40:00.000+0000,793218.9619542402,793218.9619542402,999999.9999999999
2025-03-02T14:50:00.000+0000,793218.9619542402,793218.9619542402,999999.9999999999
2025-03-02T15:00:00.000+0000,793218.9619542402,793218.9619542402,999999.9999999999
2025-03-02T15:10:00.000+0000,793218.9619542402,793218.9619542402,999999.9999999999
2025-03-02T15:20:00.000+0000,793218.9619542402,793218.9619542402,999999.9999999999
2025-03-02T15:30:00.000+0000,793218.9619542402,793218.9619542402,999999.9999999999
2025-03-02T15:40:00.000+0000,793218.9619542402,793218.9619542402,999999.9999999999
2025-03-02T15:50:00.000+0000,793218.9619542402,793218.9619542402,999999.9999999999
2025-03-02T16:00:00.000+0000,793218.9619542402,793218.9619542402,999999.9999999999
2025-03-02T16:10:00.000+0000,793218.9619542402,793218.9619542402,999999.9999999999
2025-03-02T16:20:00.000+0000,793218.9619542402,793218.9619542402,999999.9999999999
2025-03-02T16:30:00.000+0000,793218.9619542402,793218.9619542402,999999.9999999999
2025-03-02T16:40:00.000+0000,793218.9619542402,793218.9619542402,999999.9999999999
2025-03-02T16:50:00.000+0000,793218.9619542402,793218.9619542402,999999.9999999999
2025-03-02T17:00:00.000+0000,793218.9619542402,793218.9619542402,999999.9999999999
2025-03-02T17:10:00.000+0000,793218.9619542402,793218.9619542402,999999.9999999999
2025-03-02T17:20:00.000+0000,793218.9619542402,793218.9619542402,999999.9999999999
2025-03-02T17:30:00.000+0000,793218.9619542402,793218.9619542402,999999.9999999999
2025-03-02T17:40:00.000+0000,793218.9619542402,793218.9619542402,999999.9999999999
2025-03-02T17:50:00.000+0000,793218.9619542402,793218.9619542402,999999.9999999999
2025-03-02T18:00:00.000+0000,793218.9619542402,793218.9619542402,999999.9999999999
2025-03-02T18:10:00.000+0000,793218.9619542402,793218.9619542402,999999.9999999999
2025-03-02T18:20:00.000+0000,793218.9619542402,793218.9619542402,999999.9999999999
2025-03-02T18:30:00.000+0000,793218.9619542402,793218.9619542402,999999.9999999999
2025-03-02T18:40:00.000+0000,793218.9619542402,793218.9619542402,999999.9999999999
2025-03-02T18:50:00.000+0000,793218.9619542402,793218.9619542402,999999.9999999999
2025-03-02T19:00:00.000+0000,793218.9619542402,793218.9619542402,999999.9999999999
2025-03-02T19:10:00.000+0000,793218.9619542402,793218.9619542402,999999.9999999999
2025-03-02T19:20:00.000+0000,793218.9619542402,793218.9619542402,999999.9999999999
2025-03-02T19:30:00.000+0000,793218.9619542402,793218.9619542402,999999.9999999999
2025-03-02T19:40:00.000+0000,793218.9619542402,793218.9619542402,999999.9999999999
2025-03-02T19:50:00.000+0000,793218.9619542402,793218.9619542402,999999.9999999999
2025-03-02T20:00:00.000+0000,793218.9619542402,793218.9619542402,999999.9999999999
2025-03-02T20:10:00.000+0000,793218.9619542402,793218.9619542402,999999.9999999999
2025-03-02T20:20:00.000+0000,793218.9619542402,793218.9619542402,999999.9999999999
2025-03-02T20:30:00.000+0000,793218.9619542402,793218.9619542402,999999.9999999999
2025-03-02T20:40:00.000+0000,793218.9619542402,793218.9619542402,999999.9999999999
2025-03-02T20:50:00.000+0000,793218.9619542402,793218.9619542402,999999.9999999999
2025-03-02T21:00:00.000+0000,793218.9619542402,793218.9619542402,999999.9999999999
2025-03-02T21:10:00.000+0000,793218.9619542402,793218.9619542402,999999.9999999999
2025-03-02T21:20:00.000+0000,793218.9619542402,793218.9619542402,999999.9999999999
2025-03-02T21:30:00.000+0000,793218.9619542402,793218.9619542402,999999.9999999999
2025-03-02T21:40:00.000+0000,793218.9619542402,793218.9619542402,999999.9999999999
2025-03-02T21:50:00.000+0000,793218.9619542402,793218.9619542402,999999.9999999999
2025-03-02T22:00:00.000+0000,793218.9619542402,793218.9619542402,999999.9999999999
2025-03-02T22:10:00.000+0000,793218.9619542402,793218.9619542402,999999.9999999999
2025-03-02T22:20:00.000+0000,793218.9619542402,793218.9619542402,999999.9999999999
2025-03-02T22:30:00.000+0000,793218.9619542402,793218.9619542402,999999.9999999999
2025-03-02T22:40:00.000+0000,793218.9619542402,793218.9619542402,999999.9999999999
2025-03-02T22:50:00.000+0000,793218.9619542402,793218.9619542402,999999.9999999999
2025-03-02T23:00:00.000+0000,793218.9619542402,793218.9619542402,999999.9999999999
2025-03-02T23:10:00.000+0000,793218.9619542402,793218.9619542402,999999.9999999999
2025-03-02T23:20:00.000+0000,793218.9619542402,793218.9619542402,999999.9999999999
2025-03-02T23:30:00.000+0000,793218.9619542402,793218.9619542402,999999.9999999999
2025-03-02T23:40:00.000+0000,793218.9619542402,793218.9619542402,999999.9999999999
2025-03-02T23:50:00.000+0000,793218.9619542402,793218.9619542402,999999.9999999999
2025-03-03T00:00:00.000+0000,793218.9619542402,793218.9619542402,999999.9999999999
2025-03-03T00:10:00.000+0000,793218.9619542402,793218.9619542402,999999.9999999999
2025-03-03T00:20:00.000+0000,793218.9619542402,793218.9619542402,999999.9999999999
2025-03-03T00:30:00.000+0000,793218.9619542402,793218.9619542402,999999.9999999999
2025-03-03T00:40:00.000+0000,793218.9619542402,793218.9619542402,999999.9999999999
2025-03-03T00:50:00.000+0000,793218.9619542402,793218.9619542402,999999.9999999999
2025-03-03T01:00:00.000+0000,793218.9619542402,793218.9619542402,999999.9999999999
2025-03-03T01:10:00.000+0000,793218.9619542402,793218.9619542402,999999.9999999999
2025-03-03T01:20:00.000+0000,793218.9619542402,793218.9619542402,999999.9999999999
2025-03-03T01:30:00.000+0000,793218.9619542402,793218.9619542402,999999.9999999999
2025-03-03T01:40:00.000+0000,793218.9619542402,793218.9619542402,999999.9999999999
2025-03-03T01:50:00.000+0000,793218.9619542402,793218.9619542402,999999.9999999999
2025-03-03T02:00:00.000+0000,793218.9619542402,793218.9619542402,999999.9999999999
2025-03-03T02:10:00.000+0000,793218.9619542402,793218.9619542402,999999.9999999999
2025-03-03T02:20:00.000+0000,793218.9619542402,793218.9619542402,999999.9999999999
2025-03-03T02:30:00.000+0000,793218.9619542402,793218.9619542402,999999.9999999999
2025-03-03T02:40:00.000+0000,793218.9619542402,793218.9619542402,999999.9999999999
2025-03-03T02:50:00.000+0000,793218.9619542402,793218.9619542402,999999.9999999999
2025-03-03T03:00:00.000+0000,793218.9619542402,793218.9619542402,999999.9999999999
2025-03-03T03:10:00.000+0000,793218.9619542402,793218.9619542402,999999.9999999999
2025-03-03T03:20:00.000+0000,793218.9619542402,793218.9619542402,999999.9999999999
2025-03-03T03:30:00.000+0000,793218.9619542402,793218.9619542402,999999.9999999999
2025-03-03T03:40:00.000+0000,793218.9619542402,793218.9619542402,999999.9999999999
2025-03-03T03:50:00.000+0000,793218.9619542402,793218.9619542402,999999.9999999999
2025-03-03T04:00:00.000+0000,793218.9619542402,793218.9619542402,999999.9999999999
2025-03-03T04:10:00.000+0000,793218.9619542402,793218.9619542402,999999.9999999999
2025-03-03T04:20:00.000+0000,793218.9619542402,793218.9619542402,999999.9999999999
2025-03-03T04:30:00.000+0000,793218.9619542402,793218.9619542402,999999.9999999999
2025-03-03T04:40:00.000+0000,793218.9619542402,793218.9619542402,999999.9999999999
2025-03-03T04:50:00.000+0000,793218.9619542402,793218.9619542402,999999.9999999999
2025-03-03T05:00:00.000+0000,793218.9619542402,793218.9619542402,999999.9999999999
2025-03-03T05:10:00.000+0000,793218.9619542402,793218.9619542402,999999.9999999999
2025-03-03T05:20:00.000+0000,793218.9619542402,793218.9619542402,999999.9999999999
2025-03-03T05:30:00.000+0000,793218.9619542402,793218.9619542402,999999.9999999999
2025-03-03T05:40:00.000+0000,793218.9619542402,793218.9619542402,999999.9999999999
2025-03-03T05:50:00.000+0000,793218.9619542402,793218.9619542402,999999.9999999999
2025-03-03T06:00:00.000+0000,793218.9619542402,793218.9619542402,999999.9999999999
2025-03-03T06:10:00.000+0000,793218.9619542402,793218.9619542402,999999.9999999999
2025-03-03T06:20:00.000+0000,793218.9619542402,793218.9619542402,999999.9999999999
2025-03-03T06:30:00.000+0000,793218.9619542402,793218.9619542402,999999.9999999999
2025-03-03T06:40:00.000+0000,793218.9619542402,793218.9619542402,999999.9999999999
2025-03-03T06:50:00.000+0000,793218.9619542402,793218.9619542402,999999.9999999999
2025-03-03T07:00:00.000+0000,793218.9619542402,793218.9619542402,999999.9999999999
2025-03-03T07:10:00.000+0000,793218.9619542402,793218.9619542402,999999.9999999999
2025-03-03T07:20:00.000+0000,793218.9619542402,793218.9619542402,999999.9999999999
2025-03-03T07:30:00.000+0000,793218.9619542402,793218.9619542402,999999.9999999999
2025-03-03T07:40:00.000+0000,793218.9619542402,793218.9619542402,999999.9999999999
2025-03-03T07:50:00.000+0000,793218.9619542402,793218.9619542402,999999.9999999999
2025-03-03T08:00:00.000+0000,793218.9619542402,793218.9619542402,999999.9999999999
2025-03-03T08:10:00.000+0000,793218.9619542402,793218.9619542402,999999.9999999999
2025-03-03T08:20:00.000+0000,793218.9619542402,793218.9619542402,999999.9999999999
2025-03-03T08:30:00.000+0000,793218.9619542402,793218.9619542402,999999.9999999999
2025-03-03T08:40:00.000+0000,793218.9619542402,793218.9619542402,999999.9999999999
2025-03-03T08:50:00.000+0000,793218.9619542402,793218.9619542402,999999.9999999999
2025-03-03T09:00:00.000+0000,793218.9619542402,793218.9619542402,999999.9999999999
2025-03-03T09:10:00.000+0000,793218.9619542402,793218.9619542402,999999.9999999999
2025-03-03T09:20:00.000+0000,793218.9619542402,793218.9619542402,999999.9999999999
2025-03-03T09:30:00.000+0000,793218.9619542402,793218.9619542402,999999.9999999999
2025-03-03T09:40:00.000+0000,793218.9619542402,793218.9619542402,999999.9999999999
2025-03-03T09:50:00.000+0000,793218.9619542402,793218.9619542402,999999.9999999999
2025-03-03T10:00:00.000+0000,793218.9619542402,793218.9619542402,999999.9999999999
2025-03-03T10:10:00.000+0000,793218.9619542402,793218.9619542402,999999.9999999999
2025-03-03T10:20:00.000+0000,793218.9619542402,793218.9619542402,999999.9999999999
2025-03-03T10:30:00.000+0000,793218.9619542402,793218.9619542402,999999.9999999999
2025-03-03T10:40:00.000+0000,793218.9619542402,793218.9619542402,999999.9999999999
2025-03-03T10:50:00.000+0000,793218.9619542402,793218.9619542402,999999.9999999999
2025-03-03T11:00:00.000+0000,793218.9619542402,793218.9619542402,999999.9999999999
2025-03-03T11:10:00.000+0000,793218.9619542402,793218.9619542402,999999.9999999999
2025-03-03T11:20:00.000+0000,793218.9619542402,793218.9619542402,999999.9999999999
2025-03-03T11:30:00.000+0000,793218.9619542402,793218.9619542402,999999.9999999999
2025-03-03T11:40:00.000+0000,793218.9619542402,793218.9619542402,999999.9999999999
2025-03-03T11:50:00.000+0000,793218.9619542402,793218.9619542402,999999.9999999999
2025-03-03T12:00:00.000+0000,793218.9619542402,793218.9619542402,999999.9999999999
2025-03-03T12:10:00.000+0000,793218.9619542402,793218.9619542402,999999.9999999999
2025-03-03T12:20:00.000+0000,793218.9619542402,793218.9619542402,999999.9999999999
2025-03-03T12:30:00.000+0000,793218.9619542402,793218.9619542402,999999.9999999999
2025-03-03T12:40:00.000+0000,793218.9619542402,793218.9619542402,999999.9999999999
2025-03-03T12:50:00.000+0000,793218.9619542402,793218.9619542402,999999.9999999999
2025-03-03T13:00:00.000+0000,793218.9619542402,793218.9619542402,999999.9999999999
2025-03-03T13:10:00.000+0000,793218.9619542402,793218.9619542402,999999.9999999999
2025-03-03T13:20:00.000+0000,793218.9619542402,793218.9619542402,999999.9999999999
2025-03-03T13:30:00.000+0000,793218.9619542402,793218.9619542402,999999.9999999999
2025-03-03T13:40:00.000+0000,793218.9619542402,793218.9619542402,999999.9999999999
2025-03-03T13:50:00.000+0000,793218.9619542402,793218.9619542402,999999.9999999999
2025-03-03T14:00:00.000+0000,793218.9619542402,793218.9619542402,999999.9999999999
2025-03-03T14:10:00.000+0000,793218.9619542402,793218.9619542402,999999.9999999999
2025-03-03T14:20:00.000+0000,793218.9619542402,793218.9619542402,999999.9999999999
2025-03-03T14:30:00.000+0000,793218.9619542402,793218.9619542402,999999.9999999999
2025-03-03T14:40:00.000+0000,793218.9619542402,793218.9619542402,999999.9999999999
2025-03-03T14:50:00.000+0000,793218.9619542402,793218.9619542402,999999.9999999999
2025-03-03T15:00:00.000+0000,793218.9619542402,793218.9619542402,999999.9999999999
2025-03-03T15:10:00.000+0000,793218.9619542402,793218.9619542402,999999.9999999999
2025-03-03T15:20:00.000+0000,793218.9619542402,793218.9619542402,999999.9999999999
2025-03-03T15:30:00.000+0000,793218.9619542402,793218.9619542402,999999.9999999999
2025-03-03T15:40:00.000+0000,793218.9619542402,793218.9619542402,999999.9999999999
2025-03-03T15:50:00.000+0000,793218.9619542402,793218.9619542402,999999.9999999999
2025-03-03T16:00:00.000+0000,793218.9619542402,793218.9619542402,999999.9999999999
2025-03-03T16:10:00.000+0000,793218.9619542402,793218.9619542402,999999.9999999999
2025-03-03T16:20:00.000+0000,793218.9619542402,793218.9619542402,999999.9999999999
2025-03-03T16:30:00.000+0000,793218.9619542402,793218.9619542402,999999.9999999999
2025-03-03T16:40:00.000+0000,793218.9619542402,793218.9619542402,999999.9999999999
2025-03-03T16:50:00.000+0000,793218.9619542402,793218.9619542402,999999.9999999999
2025-03-03T17:00:00.000+0000,793218.9619542402,793218.9619542402,999999.9999999999
2025-03-03T17:10:00.000+0000,793218.9619542402,793218.9619542402,999999.9999999999
2025-03-03T17:20:00.000+0000,793218.9619542402,793218.9619542402,999999.9999999999
2025-03-03T17:30:00.000+0000,793218.9619542402,793218.9619542402,999999.9999999999
2025-03-03T17:40:00.000+0000,793218.9619542402,793218.9619542402,999999.9999999999
2025-03-03T17:50:00.000+0000,793218.9619542402,793218.9619542402,999999.9999999999
2025-03-03T18:00:00.000+0000,793218.9619542402,793218.9619542402,999999.9999999999
2025-03-03T18:10:00.000+0000,793218.9619542402,793218.9619542402,999999.9999999999
2025-03-03T18:20:00.000+0000,793218.9619542402,793218.9619542402,999999.9999999999
2025-03-03T18:30:00.000+0000,793218.9619542402,793218.9619542402,999999.9999999999
2025-03-03T18:40:00.000+0000,793218.9619542402,793218.9619542402,999999.9999999999
2025-03-03T18:50:00.000+0000,793218.9619542402,793218.9619542402,999999.9999999999
2025-03-03T19:00:00.000+0000,793218.9619542402,793218.9619542402,999999.9999999999
2025-03-03T19:10:00.000+0000,793218.9619542402,793218.9619542402,999999.9999999999
2025-03-03T19:20:00.000+0000,793218.9619542402,793218.9619542402,999999.9999999999
2025-03-03T19:30:00.000+0000,793218.9619542402,793218.9619542402,999999.9999999999
2025-03-03T19:40:00.000+0000,793218.9619542402,793218.9619542402,999999.9999999999
2025-03-03T19:50:00.000+0000,793218.9619542402,793218.9619542402,999999.9999999999
2025-03-03T20:00:00.000+0000,793218.9619542402,793218.9619542402,999999.9999999999
2025-03-03T20:10:00.000+0000,793218.9619542402,793218.9619542402,999999.9999999999
2025-03-03T20:20:00.000+0000,793218.9619542402,793218.9619542402,999999.9999999999
2025-03-03T20:30:00.000+0000,793218.9619542402,793218.9619542402,999999.9999999999
2025-03-03T20:40:00.000+0000,793218.9619542402,793218.9619542402,999999.9999999999
2025-03-03T20:50:00.000+0000,793218.9619542402,793218.9619542402,999999.9999999999
2025-03-03T21:00:00.000+0000,793218.9619542402,793218.9619542402,999999.9999999999
2025-03-03T21:10:00.000+0000,793218.9619542402,793218.9619542402,999999.9999999999
2025-03-03T21:20:00.000+0000,793218.9619542402,793218.9619542402,999999.9999999999
2025-03-03T21:30:00.000+0000,793218.9619542402,793218.9619542402,999999.9999999999
2025-03-03T21:40:00.000+0000,793218.9619542402,793218.9619542402,999999.9999999999
2025-03-03T21:50:00.000+0000,793218.9619542402,793218.9619542402,999999.9999999999
2025-03-03T22:00:00.000+0000,793218.9619542402,793218.9619542402,999999.9999999999
2025-03-03T22:10:00.000+0000,793218.9619542402,793218.9619542402,999999.9999999999
2025-03-03T22:20:00.000+0000,793218.9619542402,793218.9619542402,999999.9999999999
2025-03-03T22:30:00.000+0000,793218.9619542402,793218.9619542402,999999.9999999999
2025-03-03T22:40:00.000+0000,793218.9619542402,793218.9619542402,999999.9999999999
2025-03-03T22:50:00.000+0000,793218.9619542402,793218.9619542402,999999.9999999999
2025-03-03T23:00:00.000+0000,793218.9619542402,793218.9619542402,999999.9999999999
2025-03-03T23:10:00.000+0000,793218.9619542402,793218.9619542402,999999.9999999999
2025-03-03T23:20:00.000+0000,793218.9619542402,793218.9619542402,999999.9999999999
2025-03-03T23:30:00.000+0000,793218.9619542402,793218.9619542402,999999.9999999999
2025-03-03T23:40:00.000+0000,793218.9619542402,793218.9619542402,999999.9999999999
2025-03-03T23:50:00.000+0000,793218.9619542402,793218.9619542402,999999.9999999999
2025-03-04T00:00:00.000+0000,793218.9619542402,793218.9619542402,999999.9999999999
2025-03-04T00:10:00.000+0000,793218.9619542402,793218.9619542402,999999.9999999999
2025-03-04T00:20:00.000+0000,793218.9619542402,793218.9619542402,999999.9999999999
2025-03-04T00:30:00.000+0000,793218.9619542402,793218.9619542402,999999.9999999999
2025-03-04T00:40:00.000+0000,793218.9619542402,793218.9619542402,999999.9999999999
2025-03-04T00:50:00.000+0000,793218.9619542402,793218.9619542402,999999.9999999999
2025-03-04T01:00:00.000+0000,793218.9619542402,793218.9619542402,999999.9999999999
2025-03-04T01:10:00.000+0000,793218.9619542402,793218.9619542402,999999.9999999999
2025-03-04T01:20:00.000+0000,793218.9619542402,793218.9619542402,999999.9999999999
2025-03-04T01:30:00.000+0000,793218.9619542402,793218.9619542402,999999.9999999999
2025-03-04T01:40:00.000+0000,793218.9619542402,793218.9619542402,999999.9999999999
2025-03-04T01:50:00.000+0000,793218.9619542402,793218.9619542402,999999.9999999999
2025-03-04T02:00:00.000+0000,793218.9619542402,793218.9619542402,999999.9999999999
2025-03-04T02:10:00.000+0000,793218.9619542402,793218.9619542402,999999.9999999999
2025-03-04T02:20:00.000+0000,793218.9619542402,793218.9619542402,999999.9999999999
2025-03-04T02:30:00.000+0000,793218.9619542402,793218.9619542402,999999.9999999999
2025-03-04T02:40:00.000+0000,793218.9619542402,793218.9619542402,999999.9999999999
2025-03-04T02:50:00.000+0000,793218.9619542402,793218.9619542402,999999.9999999999
2025-03-04T03:00:00.000+0000,793218.9619542402,793218.9619542402,999999.9999999999
2025-03-04T03:10:00.000+0000,793218.9619542402,793218.9619542402,999999.9999999999
2025-03-04T03:20:00.000+0000,793218.9619542402,793218.9619542402,999999.9999999999
2025-03-04T03:30:00.000+0000,793218.9619542402,793218.9619542402,999999.9999999999
2025-03-04T03:40:00.000+0000,793218.9619542402,793218.9619542402,999999.9999999999
2025-03-04T03:50:00.000+0000,793218.9619542402,793218.9619542402,999999.9999999999
2025-03-04T04:00:00.000+0000,793218.9619542402,793218.9619542402,999999.9999999999
2025-03-04T04:10:00.000+0000,793218.9619542402,793218.9619542402,999999.9999999999
2025-03-04T04:20:00.000+0000,793218.9619542402,793218.9619542402,999999.9999999999
2025-03-04T04:30:00.000+0000,793218.9619542402,793218.9619542402,999999.9999999999
2025-03-04T04:40:00.000+0000,793218.9619542402,793218.9619542402,999999.9999999999
2025-03-04T04:50:00.000+0000,793218.9619542402,793218.9619542402,999999.9999999999
2025-03-04T05:00:00.000+0000,793218.9619542402,793218.9619542402,999999.9999999999
2025-03-04T05:10:00.000+0000,793218.9619542402,793218.9619542402,999999.9999999999
2025-03-04T05:20:00.000+0000,793218.9619542402,793218.9619542402,999999.9999999999
2025-03-04T05:30:00.000+0000,793218.9619542402,793218.9619542402,999999.9999999999
2025-03-04T05:40:00.000+0000,793218.9619542402,793218.9619542402,999999.9999999999
2025-03-04T05:50:00.000+0000,793218.9619542402,793218.9619542402,999999.9999999999
2025-03-04T06:00:00.000+0000,793218.9619542402,793218.9619542402,999999.9999999999
2025-03-04T06:10:00.000+0000,793218.9619542402,793218.9619542402,999999.9999999999
2025-03-04T06:20:00.000+0000,793218.9619542402,793218.9619542402,999999.9999999999
2025-03-04T06:30:00.000+0000,793218.9619542402,793218.9619542402,999999.9999999999
2025-03-04T06:40:00.000+0000,793218.9619542402,793218.9619542402,999999.9999999999
2025-03-04T06:50:00.000+0000,793218.9619542402,793218.9619542402,999999.9999999999
2025-03-04T07:00:00.000+0000,793218.9619542402,793218.9619542402,999999.9999999999
2025-03-04T07:10:00.000+0000,793218.9619542402,793218.9619542402,999999.9999999999
2025-03-04T07:20:00.000+0000,793218.9619542402,793218.9619542402,999999.9999999999
2025-03-04T07:30:00.000+0000,793218.9619542402,793218.9619542402,999999.9999999999
2025-03-04T07:40:00.000+0000,793218.9619542402,793218.9619542402,999999.9999999999
2025-03-04T07:50:00.000+0000,793218.9619542402,793218.9619542402,999999.9999999999
2025-03-04T08:00:00.000+0000,793218.9619542402,793218.9619542402,999999.9999999999
2025-03-04T08:10:00.000+0000,793218.9619542402,793218.9619542402,999999.9999999999
2025-03-04T08:20:00.000+0000,793218.9619542402,793218.9619542402,999999.9999999999
2025-03-04T08:30:00.000+0000,793218.9619542402,793218.9619542402,999999.9999999999
2025-03-04T08:40:00.000+0000,793218.9619542402,793218.9619542402,999999.9999999999
2025-03-04T08:50:00.000+0000,793218.9619542402,793218.9619542402,999999.9999999999
2025-03-04T09:00:00.000+0000,793218.9619542402,793218.9619542402,999999.9999999999
2025-03-04T09:10:00.000+0000,793218.9619542402,793218.9619542402,999999.9999999999
2025-03-04T09:20:00.000+0000,793218.9619542402,793218.9619542402,999999.9999999999
2025-03-04T09:30:00.000+0000,793218.9619542402,793218.9619542402,999999.9999999999
2025-03-04T09:40:00.000+0000,793218.9619542402,793218.9619542402,999999.9999999999
2025-03-04T09:50:00.000+0000,793218.9619542402,793218.9619542402,999999.9999999999
2025-03-04T10:00:00.000+0000,793218.9619542402,793218.9619542402,999999.9999999999
2025-03-04T10:10:00.000+0000,793218.9619542402,793218.9619542402,999999.9999999999
2025-03-04T10:20:00.000+0000,793218.9619542402,793218.9619542402,999999.9999999999
2025-03-04T10:30:00.000+0000,793218.9619542402,793218.9619542402,999999.9999999999
2025-03-04T10:40:00.000+0000,793218.9619542402,793218.9619542402,999999.9999999999
2025-03-04T10:50:00.000+0000,793218.9619542402,793218.9619542402,999999.9999999999
2025-03-04T11:00:00.000+0000,793218.9619542402,793218.9619542402,999999.9999999999
2025-03-04T11:10:00.000+0000,793218.9619542402,793218.9619542402,999999.9999999999
2025-03-04T11:20:00.000+0000,793218.9619542402,793218.9619542402,999999.9999999999
2025-03-04T11:30:00.000+0000,793218.9619542402,793218.9619542402,999999.9999999999
2025-03-04T11:40:00.000+0000,793218.9619542402,793218.9619542402,999999.9999999999
2025-03-04T11:50:00.000+0000,793218.9619542402,793218.9619542402,999999.9999999999
2025-03-04T12:00:00.000+0000,793218.9619542402,793218.9619542402,999999.9999999999
2025-03-04T12:10:00.000+0000,793218.9619542402,793218.9619542402,999999.9999999999
2025-03-04T12:20:00.000+0000,793218.9619542402,793218.9619542402,999999.9999999999
2025-03-04T12:30:00.000+0000,793218.9619542402,793218.9619542402,999999.9999999999
2025-03-04T12:40:00.000+0000,793218.9619542402,793218.9619542402,999999.9999999999
2025-03-04T12:50:00.000+0000,793218.9619542402,793218.9619542402,999999.9999999999
2025-03-04T13:00:00.000+0000,793218.9619542402,793218.9619542402,999999.9999999999
2025-03-04T13:10:00.000+0000,793218.9619542402,793218.9619542402,999999.9999999999
2025-03-04T13:20:00.000+0000,793218.9619542402,793218.9619542402,999999.9999999999
2025-03-04T13:30:00.000+0000,793218.9619542402,793218.9619542402,999999.9999999999
2025-03-04T13:40:00.000+0000,793218.9619542402,793218.9619542402,999999.9999999999
2025-03-04T13:50:00.000+0000,793218.9619542402,793218.9619542402,999999.9999999999
2025-03-04T14:00:00.000+0000,793218.9619542402,793218.9619542402,999999.9999999999
2025-03-04T14:10:00.000+0000,793218.9619542402,793218.9619542402,999999.9999999999
2025-03-04T14:20:00.000+0000,793218.9619542402,793218.9619542402,999999.9999999999
2025-03-04T14:30:00.000+0000,793218.9619542402,793218.9619542402,999999.9999999999
2025-03-04T14:40:00.000+0000,793218.9619542402,793218.9619542402,999999.9999999999
2025-03-04T14:50:00.000+0000,793218.9619542402,793218.9619542402,999999.9999999999
2025-03-04T15:00:00.000+0000,793218.9619542402,793218.9619542402,999999.9999999999
2025-03-04T15:10:00.000+0000,793218.9619542402,793218.9619542402,999999.9999999999
2025-03-04T15:20:00.000+0000,793218.9619542402,793218.9619542402,999999.9999999999
2025-03-04T15:30:00.000+0000,793218.9619542402,793218.9619542402,999999.9999999999
2025-03-04T15:40:00.000+0000,793218.9619542402,793218.9619542402,999999.9999999999
2025-03-04T15:50:00.000+0000,793218.9619542402,793218.9619542402,999999.9999999999
2025-03-04T16:00:00.000+0000,793218.9619542402,793218.9619542402,999999.9999999999
2025-03-04T16:10:00.000+0000,793218.9619542402,793218.9619542402,999999.9999999999
2025-03-04T16:20:00.000+0000,793218.9619542402,793218.9619542402,999999.9999999999
2025-03-04T16:30:00.000+0000,793218.9619542402,793218.9619542402,999999.9999999999
2025-03-04T16:40:00.000+0000,793218.9619542402,793218.9619542402,999999.9999999999
2025-03-04T16:50:00.000+0000,793218.9619542402,793218.9619542402,999999.9999999999
2025-03-04T17:00:00.000+0000,793218.9619542402,793218.9619542402,999999.9999999999
2025-03-04T17:10:00.000+0000,793218.9619542402,793218.9619542402,999999.9999999999
2025-03-04T17:20:00.000+0000,793218.9619542402,793218.9619542402,999999.9999999999
2025-03-04T17:30:00.000+0000,793218.9619542402,793218.9619542402,999999.9999999999
2025-03-04T17:40:00.000+0000,793218.9619542402,793218.9619542402,999999.9999999999
2025-03-04T17:50:00.000+0000,793218.9619542402,793218.9619542402,999999.9999999999
2025-03-04T18:00:00.000+0000,793218.9619542402,793218.9619542402,999999.9999999999
2025-03-04T18:10:00.000+0000,793218.9619542402,793218.9619542402,999999.9999999999
2025-03-04T18:20:00.000+0000,793218.9619542402,793218.9619542402,999999.9999999999
2025-03-04T18:30:00.000+0000,793218.9619542402,793218.9619542402,999999.9999999999
2025-03-04T18:40:00.000+0000,793218.9619542402,793218.9619542402,999999.9999999999
2025-03-04T18:50:00.000+0000,793218.9619542402,793218.9619542402,999999.9999999999
2025-03-04T19:00:00.000+0000,793218.9619542402,793218.9619542402,999999.9999999999
2025-03-04T19:10:00.000+0000,793218.9619542402,793218.9619542402,999999.9999999999
2025-03-04T19:20:00.000+0000,793218.9619542402,793218.9619542402,999999.9999999999
2025-03-04T19:30:00.000+0000,793218.9619542402,793218.9619542402,999999.9999999999
2025-03-04T19:40:00.000+0000,793218.9619542402,793218.9619542402,999999.9999999999
2025-03-04T19:50:00.000+0000,793218.9619542402,793218.9619542402,999999.9999999999
2025-03-04T20:00:00.000+0000,793218.9619542402,793218.9619542402,999999.9999999999
2025-03-04T20:10:00.000+0000,793218.9619542402,793218.9619542402,999999.9999999999
2025-03-04T20:20:00.000+0000,793218.9619542402,793218.9619542402,999999.9999999999
2025-03-04T20:30:00.000+0000,793218.9619542402,793218.9619542402,999999.9999999999
2025-03-04T20:40:00.000+0000,793218.9619542402,793218.9619542402,999999.9999999999
2025-03-04T20:50:00.000+0000,793218.9619542402,793218.9619542402,999999.9999999999
2025-03-04T21:00:00.000+0000,793218.9619542402,793218.9619542402,999999.9999999999
2025-03-04T21:10:00.000+0000,793218.9619542402,793218.9619542402,999999.9999999999
2025-03-04T21:20:00.000+0000,793218.9619542402,793218.9619542402,999999.9999999999
2025-03-04T21:30:00.000+0000,793218.9619542402,793218.9619542402,999999.9999999999
2025-03-04T21:40:00.000+0000,793218.9619542402,793218.9619542402,999999.9999999999
2025-03-04T21:50:00.000+0000,793218.9619542402,793218.9619542402,999999.9999999999
2025-03-04T22:00:00.000+0000,793218.9619542402,793218.9619542402,999999.9999999999
2025-03-04T22:10:00.000+0000,793218.9619542402,793218.9619542402,999999.9999999999
2025-03-04T22:20:00.000+0000,793218.9619542402,793218.9619542402,999999.9999999999
2025-03-04T22:30:00.000+0000,793218.9619542402,793218.9619542402,999999.9999999999
2025-03-04T22:40:00.000+0000,793218.9619542402,793218.9619542402,999999.9999999999
2025-03-04T22:50:00.000+0000,793218.9619542402,793218.9619542402,999999.9999999999
2025-03-04T23:00:00.000+0000,793218.9619542402,793218.9619542402,999999.9999999999
2025-03-04T23:10:00.000+0000,793218.9619542402,793218.9619542402,999999.9999999999
2025-03-04T23:20:00.000+0000,793218.9619542402,793218.9619542402,999999.9999999999
2025-03-04T23:30:00.000+0000,793218.9619542402,793218.9619542402,999999.9999999999
2025-03-04T23:40:00.000+0000,793218.9619542402,793218.9619542402,999999.9999999999
2025-03-04T23:50:00.000+0000,793218.9619542402,793218.9619542402,999999.9999999999
2025-03-05T00:00:00.000+0000,793218.9619542402,793218.9619542402,999999.9999999999
2025-03-05T00:10:00.000+0000,793218.9619542402,793218.9619542402,999999.9999999999
2025-03-05T00:20:00.000+0000,793218.9619542402,793218.9619542402,999999.9999999999
2025-03-05T00:30:00.000+0000,793218.9619542402,793218.9619542402,999999.9999999999
2025-03-05T00:40:00.000+0000,793218.9619542402,793218.9619542402,999999.9999999999
2025-03-05T00:50:00.000+0000,793218.9619542402,793218.9619542402,999999.9999999999
2025-03-05T01:00:00.000+0000,793218.9619542402,793218.9619542402,999999.9999999999
2025-03-05T01:10:00.000+0000,793218.9619542402,793218.9619542402,999999.9999999999
2025-03-05T01:20:00.000+0000,793218.9619542402,793218.9619542402,999999.9999999999
2025-03-05T01:30:00.000+0000,793218.9619542402,793218.9619542402,999999.9999999999
2025-03-05T01:40:00.000+0000,793218.9619542402,793218.9619542402,999999.9999999999
2025-03-05T01:50:00.000+0000,793218.9619542402,793218.9619542402,999999.9999999999
2025-03-05T02:00:00.000+0000,793218.9619542402,793218.9619542402,999999.9999999999
2025-03-05T02:10:00.000+0000,793218.9619542402,793218.9619542402,999999.9999999999
2025-03-05T02:20:00.000+0000,793218.9619542402,793218.9619542402,999999.9999999999
2025-03-05T02:30:00.000+0000,793218.9619542402,793218.9619542402,999999.9999999999
2025-03-05T02:40:00.000+0000,793218.9619542402,793218.9619542402,999999.9999999999
2025-03-05T02:50:00.000+0000,793218.9619542402,793218.9619542402,999999.9999999999
2025-03-05T03:00:00.000+0000,793218.9619542402,793218.9619542402,999999.9999999999
2025-03-05T03:10:00.000+0000,793218.9619542402,793218.9619542402,999999.9999999999
2025-03-05T03:20:00.000+0000,793218.9619542402,793218.9619542402,999999.9999999999
2025-03-05T03:30:00.000+0000,793218.9619542402,793218.9619542402,999999.9999999999
2025-03-05T03:40:00.000+0000,793218.9619542402,793218.9619542402,999999.9999999999
2025-03-05T03:50:00.000+0000,793218.9619542402,793218.9619542402,999999.9999999999
2025-03-05T04:00:00.000+0000,793218.9619542402,793218.9619542402,999999.9999999999
2025-03-05T04:10:00.000+0000,793218.9619542402,793218.9619542402,999999.9999999999
2025-03-05T04:20:00.000+0000,793218.9619542402,793218.9619542402,999999.9999999999
2025-03-05T04:30:00.000+0000,793218.9619542402,793218.9619542402,999999.9999999999
2025-03-05T04:40:00.000+0000,793218.9619542402,793218.9619542402,999999.9999999999
2025-03-05T04:50:00.000+0000,793218.9619542402,793218.9619542402,999999.9999999999
2025-03-05T05:00:00.000+0000,793218.9619542402,793218.9619542402,999999.9999999999
2025-03-05T05:10:00.000+0000,793218.9619542402,793218.9619542402,999999.9999999999
2025-03-05T05:20:00.000+0000,793218.9619542402,793218.9619542402,999999.9999999999
2025-03-05T05:30:00.000+0000,793218.9619542402,793218.9619542402,999999.9999999999
2025-03-05T05:40:00.000+0000,793218.9619542402,793218.9619542402,999999.9999999999
2025-03-05T05:50:00.000+0000,793218.9619542402,793218.9619542402,999999.9999999999
2025-03-05T06:00:00.000+0000,793218.9619542402,793218.9619542402,999999.9999999999
2025-03-05T06:10:00.000+0000,793218.9619542402,793218.9619542402,999999.9999999999
2025-03-05T06:20:00.000+0000,793218.9619542402,793218.9619542402,999999.9999999999
2025-03-05T06:30:00.000+0000,793218.9619542402,793218.9619542402,999999.9999999999
2025-03-05T06:40:00.000+0000,793218.9619542402,793218.9619542402,999999.9999999999
2025-03-05T06:50:00.000+0000,793218.9619542402,793218.9619542402,999999.9999999999
2025-03-05T07:00:00.000+0000,793218.9619542402,793218.9619542402,999999.9999999999
2025-03-05T07:10:00.000+0000,793218.9619542402,793218.9619542402,999999.9999999999
2025-03-05T07:20:00.000+0000,793218.9619542402,793218.9619542402,999999.9999999999
2025-03-05T07:30:00.000+0000,793218.9619542402,793218.9619542402,999999.9999999999
2025-03-05T07:40:00.000+0000,793218.9619542402,793218.9619542402,999999.9999999999
2025-03-05T07:50:00.000+0000,793218.9619542402,793218.9619542402,999999.9999999999
2025-03-05T08:00:00.000+0000,793218.9619542402,793218.9619542402,999999.9999999999
2025-03-05T08:10:00.000+0000,793218.9619542402,793218.9619542402,999999.9999999999
2025-03-05T08:20:00.000+0000,793218.9619542402,793218.9619542402,999999.9999999999
2025-03-05T08:30:00.000+0000,793218.9619542402,793218.9619542402,999999.9999999999
2025-03-05T08:40:00.000+0000,793218.9619542402,793218.9619542402,999999.9999999999
2025-03-05T08:50:00.000+0000,793218.9619542402,793218.9619542402,999999.9999999999
2025-03-05T09:00:00.000+0000,793218.9619542402,793218.9619542402,999999.9999999999
2025-03-05T09:10:00.000+0000,793218.9619542402,793218.9619542402,999999.9999999999
2025-03-05T09:20:00.000+0000,793218.9619542402,793218.9619542402,999999.9999999999
2025-03-05T09:30:00.000+0000,793218.9619542402,793218.9619542402,999999.9999999999
2025-03-05T09:40:00.000+0000,793218.9619542402,793218.9619542402,999999.9999999999
2025-03-05T09:50:00.000+0000,793218.9619542402,793218.9619542402,999999.9999999999
2025-03-05T10:00:00.000+0000,793218.9619542402,793218.9619542402,999999.9999999999
2025-03-05T10:10:00.000+0000,793218.9619542402,793218.9619542402,999999.9999999999
2025-03-05T10:20:00.000+0000,793218.9619542402,793218.9619542402,999999.9999999999
2025-03-05T10:30:00.000+0000,793218.9619542402,793218.9619542402,999999.9999999999
2025-03-05T10:40:00.000+0000,793218.9619542402,793218.9619542402,999999.9999999999
2025-03-05T10:50:00.000+0000,793218.9619542402,793218.9619542402,999999.9999999999
2025-03-05T11:00:00.000+0000,793218.9619542402,793218.9619542402,999999.9999999999
2025-03-05T11:10:00.000+0000,793218.9619542402,793218.9619542402,999999.9999999999
2025-03-05T11:20:00.000+0000,793218.9619542402,793218.9619542402,999999.9999999999
2025-03-05T11:30:00.000+0000,793218.9619542402,793218.9619542402,999999.9999999999
2025-03-05T11:40:00.000+0000,793218.9619542402,793218.9619542402,999999.9999999999
2025-03-05T11:50:00.000+0000,793218.9619542402,793218.9619542402,999999.9999999999
2025-03-05T12:00:00.000+0000,793218.9619542402,793218.9619542402,999999.9999999999
2025-03-05T12:10:00.000+0000,793218.9619542402,793218.9619542402,999999.9999999999
2025-03-05T12:20:00.000+0000,793218.9619542402,793218.9619542402,999999.9999999999
2025-03-05T12:30:00.000+0000,793218.9619542402,793218.9619542402,999999.9999999999
2025-03-05T12:40:00.000+0000,793218.9619542402,793218.9619542402,999999.9999999999
2025-03-05T12:50:00.000+0000,793218.9619542402,793218.9619542402,999999.9999999999
2025-03-05T13:00:00.000+0000,793218.9619542402,793218.9619542402,999999.9999999999
2025-03-05T13:10:00.000+0000,793218.9619542402,793218.9619542402,999999.9999999999
2025-03-05T13:20:00.000+0000,793218.9619542402,793218.9619542402,999999.9999999999
2025-03-05T13:30:00.000+0000,793218.9619542402,793218.9619542402,999999.9999999999
2025-03-05T13:40:00.000+0000,793218.9619542402,793218.9619542402,999999.9999999999
2025-03-05T13:50:00.000+0000,793218.9619542402,793218.9619542402,999999.9999999999
2025-03-05T14:00:00.000+0000,793218.9619542402,793218.9619542402,999999.9999999999
2025-03-05T14:10:00.000+0000,793218.9619542402,793218.9619542402,999999.9999999999
2025-03-05T14:20:00.000+0000,793218.9619542402,793218.9619542402,999999.9999999999
2025-03-05T14:30:00.000+0000,793218.9619542402,793218.9619542402,999999.9999999999
2025-03-05T14:40:00.000+0000,793218.9619542402,793218.9619542402,999999.9999999999
2025-03-05T14:50:00.000+0000,793218.9619542402,793218.9619542402,999999.9999999999
2025-03-05T15:00:00.000+0000,793218.9619542402,793218.9619542402,999999.9999999999
2025-03-05T15:10:00.000+0000,793218.9619542402,793218.9619542402,999999.9999999999
2025-03-05T15:20:00.000+0000,793218.9619542402,793218.9619542402,999999.9999999999
2025-03-05T15:30:00.000+0000,793218.9619542402,793218.9619542402,999999.9999999999
2025-03-05T15:40:00.000+0000,793218.9619542402,793218.9619542402,999999.9999999999
2025-03-05T15:50:00.000+0000,793218.9619542402,793218.9619542402,999999.9999999999
2025-03-05T16:00:00.000+0000,793218.9619542402,793218.9619542402,999999.9999999999
2025-03-05T16:10:00.000+0000,793218.9619542402,793218.9619542402,999999.9999999999
2025-03-05T16:20:00.000+0000,793218.9619542402,793218.9619542402,999999.9999999999
2025-03-05T16:30:00.000+0000,793218.9619542402,793218.9619542402,999999.9999999999
2025-03-05T16:40:00.000+0000,793218.9619542402,793218.9619542402,999999.9999999999
2025-03-05T16:50:00.000+0000,793218.9619542402,793218.9619542402,999999.9999999999
2025-03-05T17:00:00.000+0000,793218.9619542402,793218.9619542402,999999.9999999999
2025-03-05T17:10:00.000+0000,793218.9619542402,793218.9619542402,999999.9999999999
2025-03-05T17:20:00.000+0000,793218.9619542402,793218.9619542402,999999.9999999999
2025-03-05T17:30:00.000+0000,793218.9619542402,793218.9619542402,999999.9999999999
2025-03-05T17:40:00.000+0000,793218.9619542402,793218.9619542402,999999.9999999999
2025-03-05T17:50:00.000+0000,793218.9619542402,793218.9619542402,999999.9999999999
2025-03-05T18:00:00.000+0000,793218.9619542402,793218.9619542402,999999.9999999999
2025-03-05T18:10:00.000+0000,793218.9619542402,793218.9619542402,999999.9999999999
2025-03-05T18:20:00.000+0000,793218.9619542402,793218.9619542402,999999.9999999999
2025-03-05T18:30:00.000+0000,793218.9619542402,793218.9619542402,999999.9999999999
2025-03-05T18:40:00.000+0000,793218.9619542402,793218.9619542402,999999.9999999999
2025-03-05T18:50:00.000+0000,793218.9619542402,793218.9619542402,999999.9999999999
2025-03-05T19:00:00.000+0000,793218.9619542402,793218.9619542402,999999.9999999999
2025-03-05T19:10:00.000+0000,793218.9619542402,793218.9619542402,999999.9999999999
2025-03-05T19:20:00.000+0000,793218.9619542402,793218.9619542402,999999.9999999999
2025-03-05T19:30:00.000+0000,793218.9619542402,793218.9619542402,999999.9999999999
2025-03-05T19:40:00.000+0000,793218.9619542402,793218.9619542402,999999.9999999999
2025-03-05T19:50:00.000+0000,793218.9619542402,793218.9619542402,999999.9999999999
2025-03-05T20:00:00.000+0000,793218.9619542402,793218.9619542402,999999.9999999999
2025-03-05T20:10:00.000+0000,793218.9619542402,793218.9619542402,999999.9999999999
2025-03-05T20:20:00.000+0000,793218.9619542402,793218.9619542402,999999.9999999999
2025-03-05T20:30:00.000+0000,793218.9619542402,793218.9619542402,999999.9999999999
2025-03-05T20:40:00.000+0000,793218.9619542402,793218.9619542402,999999.9999999999
2025-03-05T20:50:00.000+0000,793218.9619542402,793218.9619542402,999999.9999999999
2025-03-05T21:00:00.000+0000,793218.9619542402,793218.9619542402,999999.9999999999
2025-03-05T21:10:00.000+0000,793218.9619542402,793218.9619542402,999999.9999999999
2025-03-05T21:20:00.000+0000,793218.9619542402,793218.9619542402,999999.9999999999
2025-03-05T21:30:00.000+0000,793218.9619542402,793218.9619542402,999999.9999999999
2025-03-05T21:40:00.000+0000,793218.9619542402,793218.9619542402,999999.9999999999
2025-03-05T21:50:00.000+0000,793218.9619542402,793218.9619542402,999999.9999999999
2025-03-05T22:00:00.000+0000,793218.9619542402,793218.9619542402,999999.9999999999
2025-03-05T22:10:00.000+0000,793218.9619542402,793218.9619542402,999999.9999999999
2025-03-05T22:20:00.000+0000,793218.9619542402,793218.9619542402,999999.9999999999
2025-03-05T22:30:00.000+0000,793218.9619542402,793218.9619542402,999999.9999999999
2025-03-05T22:40:00.000+0000,793218.9619542402,793218.9619542402,999999.9999999999
2025-03-05T22:50:00.000+0000,793218.9619542402,793218.9619542402,999999.9999999999
2025-03-05T23:00:00.000+0000,793218.9619542402,793218.9619542402,999999.9999999999
2025-03-05T23:10:00.000+0000,793218.9619542402,793218.9619542402,999999.9999999999
2025-03-05T23:20:00.000+0000,793218.9619542402,793218.9619542402,999999.9999999999
2025-03-05T23:30:00.000+0000,793218.9619542402,793218.9619542402,999999.9999999999
2025-03-05T23:40:00.000+0000,793218.9619542402,793218.9619542402,999999.9999999999
2025-03-05T23:50:00.000+0000,793218.9619542402,793218.9619542402,999999.9999999999
2025-03-06T00:00:00.000+0000,793218.9619542402,793218.9619542402,999999.9999999999
2025-03-06T00:10:00.000+0000,793218.9619542402,793218.9619542402,999999.9999999999
2025-03-06T00:20:00.000+0000,793218.9619542402,793218.9619542402,999999.9999999999
2025-03-06T00:30:00.000+0000,793218.9619542402,793218.9619542402,999999.9999999999
2025-03-06T00:40:00.000+0000,793218.9619542402,793218.9619542402,999999.9999999999
2025-03-06T00:50:00.000+0000,793218.9619542402,793218.9619542402,999999.9999999999
2025-03-06T01:00:00.000+0000,793218.9619542402,793218.9619542402,999999.9999999999
2025-03-06T01:10:00.000+0000,793218.9619542402,793218.9619542402,999999.9999999999
2025-03-06T01:20:00.000+0000,793218.9619542402,793218.9619542402,999999.9999999999
2025-03-06T01:30:00.000+0000,793218.9619542402,793218.9619542402,999999.9999999999
2025-03-06T01:40:00.000+0000,793218.9619542402,793218.9619542402,999999.9999999999
2025-03-06T01:50:00.000+0000,793218.9619542402,793218.9619542402,999999.9999999999
2025-03-06T02:00:00.000+0000,793218.9619542402,793218.9619542402,999999.9999999999
2025-03-06T02:10:00.000+0000,793218.9619542402,793218.9619542402,999999.9999999999
2025-03-06T02:20:00.000+0000,793218.9619542402,793218.9619542402,999999.9999999999
2025-03-06T02:30:00.000+0000,793218.9619542402,793218.9619542402,999999.9999999999
2025-03-06T02:40:00.000+0000,793218.9619542402,793218.9619542402,999999.9999999999
2025-03-06T02:50:00.000+0000,793218.9619542402,793218.9619542402,999999.9999999999
2025-03-06T03:00:00.000+0000,793218.9619542402,793218.9619542402,999999.9999999999
2025-03-06T03:10:00.000+0000,793218.9619542402,793218.9619542402,999999.9999999999
2025-03-06T03:20:00.000+0000,793218.9619542402,793218.9619542402,999999.9999999999
2025-03-06T03:30:00.000+0000,793218.9619542402,793218.9619542402,999999.9999999999
2025-03-06T03:40:00.000+0000,793218.9619542402,793218.9619542402,999999.9999999999
2025-03-06T03:50:00.000+0000,793218.9619542402,793218.9619542402,999999.9999999999
2025-03-06T04:00:00.000+0000,793218.9619542402,793218.9619542402,999999.9999999999
2025-03-06T04:10:00.000+0000,793218.9619542402,793218.9619542402,999999.9999999999
2025-03-06T04:20:00.000+0000,793218.9619542402,793218.9619542402,999999.9999999999
2025-03-06T04:30:00.000+0000,793218.9619542402,793218.9619542402,999999.9999999999
2025-03-06T04:40:00.000+0000,793218.9619542402,793218.9619542402,999999.9999999999
2025-03-06T04:50:00.000+0000,793218.9619542402,793218.9619542402,999999.9999999999
2025-03-06T05:00:00.000+0000,793218.9619542402,793218.9619542402,999999.9999999999
2025-03-06T05:10:00.000+0000,793218.9619542402,793218.9619542402,999999.9999999999
2025-03-06T05:20:00.000+0000,793218.9619542402,793218.9619542402,999999.9999999999
2025-03-06T05:30:00.000+0000,793218.9619542402,793218.9619542402,999999.9999999999
2025-03-06T05:40:00.000+0000,793218.9619542402,793218.9619542402,999999.9999999999
2025-03-06T05:50:00.000+0000,793218.9619542402,793218.9619542402,999999.9999999999
2025-03-06T06:00:00.000+0000,793218.9619542402,793218.9619542402,999999.9999999999
2025-03-06T06:10:00.000+0000,793218.9619542402,793218.9619542402,999999.9999999999
2025-03-06T06:20:00.000+0000,793218.9619542402,793218.9619542402,999999.9999999999
2025-03-06T06:30:00.000+0000,793218.9619542402,793218.9619542402,999999.9999999999
2025-03-06T06:40:00.000+0000,793218.9619542402,793218.9619542402,999999.9999999999
2025-03-06T06:50:00.000+0000,793218.9619542402,793218.9619542402,999999.9999999999
2025-03-06T07:00:00.000+0000,793218.9619542402,793218.9619542402,999999.9999999999
2025-03-06T07:10:00.000+0000,793218.9619542402,793218.9619542402,999999.9999999999
2025-03-06T07:20:00.000+0000,793218.9619542402,793218.9619542402,999999.9999999999
2025-03-06T07:30:00.000+0000,793218.9619542402,793218.9619542402,999999.9999999999
2025-03-06T07:40:00.000+0000,793218.9619542402,793218.9619542402,999999.9999999999
2025-03-06T07:50:00.000+0000,793218.9619542402,793218.9619542402,999999.9999999999
2025-03-06T08:00:00.000+0000,793218.9619542402,793218.9619542402,999999.9999999999
2025-03-06T08:10:00.000+0000,793218.9619542402,793218.9619542402,999999.9999999999
2025-03-06T08:20:00.000+0000,793218.9619542402,793218.9619542402,999999.9999999999
2025-03-06T08:30:00.000+0000,793218.9619542402,793218.9619542402,999999.9999999999
2025-03-06T08:40:00.000+0000,793218.9619542402,793218.9619542402,999999.9999999999
2025-03-06T08:50:00.000+0000,793218.9619542402,793218.9619542402,999999.9999999999
2025-03-06T09:00:00.000+0000,793218.9619542402,793218.9619542402,999999.9999999999
2025-03-06T09:10:00.000+0000,793218.9619542402,793218.9619542402,999999.9999999999
2025-03-06T09:20:00.000+0000,793218.9619542402,793218.9619542402,999999.9999999999
2025-03-06T09:30:00.000+0000,793218.9619542402,793218.9619542402,999999.9999999999
2025-03-06T09:40:00.000+0000,793218.9619542402,793218.9619542402,999999.9999999999
2025-03-06T09:50:00.000+0000,793218.9619542402,793218.9619542402,999999.9999999999
2025-03-06T10:00:00.000+0000,793218.9619542402,793218.9619542402,999999.9999999999
2025-03-06T10:10:00.000+0000,793218.9619542402,793218.9619542402,999999.9999999999
2025-03-06T10:20:00.000+0000,793218.9619542402,793218.9619542402,999999.9999999999
2025-03-06T10:30:00.000+0000,793218.9619542402,793218.9619542402,999999.9999999999
2025-03-06T10:40:00.000+0000,793218.9619542402,793218.9619542402,999999.9999999999
2025-03-06T10:50:00.000+0000,793218.9619542402,793218.9619542402,999999.9999999999
2025-03-06T11:00:00.000+0000,793218.9619542402,793218.9619542402,999999.9999999999
2025-03-06T11:10:00.000+0000,793218.9619542402,793218.9619542402,999999.9999999999
2025-03-06T11:20:00.000+0000,793218.9619542402,793218.9619542402,999999.9999999999
2025-03-06T11:30:00.000+0000,793218.9619542402,793218.9619542402,999999.9999999999
2025-03-06T11:40:00.000+0000,793218.9619542402,793218.9619542402,999999.9999999999
2025-03-06T11:50:00.000+0000,793218.9619542402,793218.9619542402,999999.9999999999
2025-03-06T12:00:00.000+0000,793218.9619542402,793218.9619542402,999999.9999999999
2025-03-06T12:10:00.000+0000,793218.9619542402,793218.9619542402,999999.9999999999
2025-03-06T12:20:00.000+0000,793218.9619542402,793218.9619542402,999999.9999999999
2025-03-06T12:30:00.000+0000,793218.9619542402,793218.9619542402,999999.9999999999
2025-03-06T12:40:00.000+0000,793218.9619542402,793218.9619542402,999999.9999999999
2025-03-06T12:50:00.000+0000,793218.9619542402,793218.9619542402,999999.9999999999
2025-03-06T13:00:00.000+0000,793218.9619542402,793218.9619542402,999999.9999999999
2025-03-06T13:10:00.000+0000,793218.9619542402,793218.9619542402,999999.9999999999
2025-03-06T13:20:00.000+0000,793218.9619542402,793218.9619542402,999999.9999999999
2025-03-06T13:30:00.000+0000,793218.9619542402,793218.9619542402,999999.9999999999
2025-03-06T13:40:00.000+0000,793218.9619542402,793218.9619542402,999999.9999999999
2025-03-06T13:50:00.000+0000,793218.9619542402,793218.9619542402,999999.9999999999
2025-03-06T14:00:00.000+0000,793218.9619542402,793218.9619542402,999999.9999999999
2025-03-06T14:10:00.000+0000,793218.9619542402,793218.9619542402,999999.9999999999
2025-03-06T14:20:00.000+0000,793218.9619542402,793218.9619542402,999999.9999999999
2025-03-06T14:30:00.000+0000,793218.9619542402,793218.9619542402,999999.9999999999
2025-03-06T14:40:00.000+0000,793218.9619542402,793218.9619542402,999999.9999999999
2025-03-06T14:50:00.000+0000,793218.9619542402,793218.9619542402,999999.9999999999
2025-03-06T15:00:00.000+0000,793218.9619542402,793218.9619542402,999999.9999999999
2025-03-06T15:10:00.000+0000,793218.9619542402,793218.9619542402,999999.9999999999
2025-03-06T15:20:00.000+0000,793218.9619542402,793218.9619542402,999999.9999999999
2025-03-06T15:30:00.000+0000,793218.9619542402,793218.9619542402,999999.9999999999
2025-03-06T15:40:00.000+0000,793218.9619542402,793218.9619542402,999999.9999999999
2025-03-06T15:50:00.000+0000,793218.9619542402,793218.9619542402,999999.9999999999
2025-03-06T16:00:00.000+0000,793218.9619542402,793218.9619542402,999999.9999999999
2025-03-06T16:10:00.000+0000,793218.9619542402,793218.9619542402,999999.9999999999
2025-03-06T16:20:00.000+0000,793218.9619542402,793218.9619542402,999999.9999999999
2025-03-06T16:30:00.000+0000,793218.9619542402,793218.9619542402,999999.9999999999
2025-03-06T16:40:00.000+0000,793218.9619542402,793218.9619542402,999999.9999999999
2025-03-06T16:50:00.000+0000,793218.9619542402,793218.9619542402,999999.9999999999
2025-03-06T17:00:00.000+0000,793218.9619542402,793218.9619542402,999999.9999999999
2025-03-06T17:10:00.000+0000,793218.9619542402,793218.9619542402,999999.9999999999
2025-03-06T17:20:00.000+0000,793218.9619542402,793218.9619542402,999999.9999999999
2025-03-06T17:30:00.000+0000,793218.9619542402,793218.9619542402,999999.9999999999
2025-03-06T17:40:00.000+0000,793218.9619542402,793218.9619542402,999999.9999999999
2025-03-06T17:50:00.000+0000,793218.9619542402,793218.9619542402,999999.9999999999
2025-03-06T18:00:00.000+0000,793218.9619542402,793218.9619542402,999999.9999999999
2025-03-06T18:10:00.000+0000,793218.9619542402,793218.9619542402,999999.9999999999
2025-03-06T18:20:00.000+0000,793218.9619542402,793218.9619542402,999999.9999999999
2025-03-06T18:30:00.000+0000,793218.9619542402,793218.9619542402,999999.9999999999
2025-03-06T18:40:00.000+0000,793218.9619542402,793218.9619542402,999999.9999999999
2025-03-06T18:50:00.000+0000,793218.9619542402,793218.9619542402,999999.9999999999
2025-03-06T19:00:00.000+0000,793218.9619542402,793218.9619542402,999999.9999999999
2025-03-06T19:10:00.000+0000,793218.9619542402,793218.9619542402,999999.9999999999
2025-03-06T19:20:00.000+0000,793218.9619542402,793218.9619542402,999999.9999999999
2025-03-06T19:30:00.000+0000,793218.9619542402,793218.9619542402,999999.9999999999
2025-03-06T19:40:00.000+0000,793218.9619542402,793218.9619542402,999999.9999999999
2025-03-06T19:50:00.000+0000,793218.9619542402,793218.9619542402,999999.9999999999
2025-03-06T20:00:00.000+0000,793218.9619542402,793218.9619542402,999999.9999999999
2025-03-06T20:10:00.000+0000,793218.9619542402,793218.9619542402,999999.9999999999
2025-03-06T20:20:00.000+0000,793218.9619542402,793218.9619542402,999999.9999999999
2025-03-06T20:30:00.000+0000,793218.9619542402,793218.9619542402,999999.9999999999
2025-03-06T20:40:00.000+0000,793218.9619542402,793218.9619542402,999999.9999999999
2025-03-06T20:50:00.000+0000,793218.9619542402,793218.9619542402,999999.9999999999
2025-03-06T21:00:00.000+0000,793218.9619542402,793218.9619542402,999999.9999999999
2025-03-06T21:10:00.000+0000,793218.9619542402,793218.9619542402,999999.9999999999
2025-03-06T21:20:00.000+0000,793218.9619542402,793218.9619542402,999999.9999999999
2025-03-06T21:30:00.000+0000,793218.9619542402,793218.9619542402,999999.9999999999
2025-03-06T21:40:00.000+0000,793218.9619542402,793218.9619542402,999999.9999999999
2025-03-06T21:50:00.000+0000,793218.9619542402,793218.9619542402,999999.9999999999
2025-03-06T22:00:00.000+0000,793218.9619542402,793218.9619542402,999999.9999999999
2025-03-06T22:10:00.000+0000,793218.9619542402,793218.9619542402,999999.9999999999
2025-03-06T22:20:00.000+0000,793218.9619542402,793218.9619542402,999999.9999999999
2025-03-06T22:30:00.000+0000,793218.9619542402,793218.9619542402,999999.9999999999
2025-03-06T22:40:00.000+0000,793218.9619542402,793218.9619542402,999999.9999999999
2025-03-06T22:50:00.000+0000,793218.9619542402,793218.9619542402,999999.9999999999
2025-03-06T23:00:00.000+0000,793218.9619542402,793218.9619542402,999999.9999999999
2025-03-06T23:10:00.000+0000,793218.9619542402,793218.9619542402,999999.9999999999
2025-03-06T23:20:00.000+0000,793218.9619542402,793218.9619542402,999999.9999999999
2025-03-06T23:30:00.000+0000,793218.9619542402,793218.9619542402,999999.9999999999
2025-03-06T23:40:00.000+0000,793218.9619542402,793218.9619542402,999999.9999999999
2025-03-06T23:50:00.000+0000,793218.9619542402,793218.9619542402,999999.9999999999
2025-03-07T00:00:00.000+0000,793218.9619542402,793218.9619542402,999999.9999999999
2025-03-07T00:10:00.000+0000,793218.9619542402,793218.9619542402,999999.9999999999
2025-03-07T00:20:00.000+0000,793218.9619542402,793218.9619542402,999999.9999999999
2025-03-07T00:30:00.000+0000,793218.9619542402,793218.9619542402,999999.9999999999
2025-03-07T00:40:00.000+0000,793218.9619542402,793218.9619542402,999999.9999999999
2025-03-07T00:50:00.000+0000,793218.9619542402,793218.9619542402,999999.9999999999
2025-03-07T01:00:00.000+0000,793218.9619542402,793218.9619542402,999999.9999999999
2025-03-07T01:10:00.000+0000,793218.9619542402,793218.9619542402,999999.9999999999
2025-03-07T01:20:00.000+0000,793218.9619542402,793218.9619542402,999999.9999999999
2025-03-07T01:30:00.000+0000,793218.9619542402,793218.9619542402,999999.9999999999
2025-03-07T01:40:00.000+0000,793218.9619542402,793218.9619542402,999999.9999999999
2025-03-07T01:50:00.000+0000,793218.9619542402,793218.9619542402,999999.9999999999
2025-03-07T02:00:00.000+0000,793218.9619542402,793218.9619542402,999999.9999999999
2025-03-07T02:10:00.000+0000,793218.9619542402,793218.9619542402,999999.9999999999
2025-03-07T02:20:00.000+0000,793218.9619542402,793218.9619542402,999999.9999999999
2025-03-07T02:30:00.000+0000,793218.9619542402,793218.9619542402,999999.9999999999
2025-03-07T02:40:00.000+0000,793218.9619542402,793218.9619542402,999999.9999999999
2025-03-07T02:50:00.000+0000,793218.9619542402,793218.9619542402,999999.9999999999
2025-03-07T03:00:00.000+0000,793218.9619542402,793218.9619542402,999999.9999999999
2025-03-07T03:10:00.000+0000,793218.9619542402,793218.9619542402,999999.9999999999
2025-03-07T03:20:00.000+0000,793218.9619542402,793218.9619542402,999999.9999999999
2025-03-07T03:30:00.000+0000,793218.9619542402,793218.9619542402,999999.9999999999
2025-03-07T03:40:00.000+0000,793218.9619542402,793218.9619542402,999999.9999999999
2025-03-07T03:50:00.000+0000,793218.9619542402,793218.9619542402,999999.9999999999
2025-03-07T04:00:00.000+0000,793218.9619542402,793218.9619542402,999999.9999999999
2025-03-07T04:10:00.000+0000,793218.9619542402,793218.9619542402,999999.9999999999
2025-03-07T04:20:00.000+0000,793218.9619542402,793218.9619542402,999999.9999999999
2025-03-07T04:30:00.000+0000,793218.9619542402,793218.9619542402,999999.9999999999
2025-03-07T04:40:00.000+0000,793218.9619542402,793218.9619542402,999999.9999999999
2025-03-07T04:50:00.000+0000,793218.9619542402,793218.9619542402,999999.9999999999
2025-03-07T05:00:00.000+0000,793218.9619542402,793218.9619542402,999999.9999999999
2025-03-07T05:10:00.000+0000,793218.9619542402,793218.9619542402,999999.9999999999
2025-03-07T05:20:00.000+0000,793218.9619542402,793218.9619542402,999999.9999999999
2025-03-07T05:30:00.000+0000,793218.9619542402,793218.9619542402,999999.9999999999
2025-03-07T05:40:00.000+0000,793218.9619542402,793218.9619542402,999999.9999999999
2025-03-07T05:50:00.000+0000,793218.9619542402,793218.9619542402,999999.9999999999
2025-03-07T06:00:00.000+0000,793218.9619542402,793218.9619542402,999999.9999999999
2025-03-07T06:10:00.000+0000,793218.9619542402,793218.9619542402,999999.9999999999
2025-03-07T06:20:00.000+0000,793218.9619542402,793218.9619542402,999999.9999999999
2025-03-07T06:30:00.000+0000,793218.9619542402,793218.9619542402,999999.9999999999
2025-03-07T06:40:00.000+0000,793218.9619542402,793218.9619542402,999999.9999999999
2025-03-07T06:50:00.000+0000,793218.9619542402,793218.9619542402,999999.9999999999
2025-03-07T07:00:00.000+0000,793218.9619542402,793218.9619542402,999999.9999999999
2025-03-07T07:10:00.000+0000,793218.9619542402,793218.9619542402,999999.9999999999
2025-03-07T07:20:00.000+0000,793218.9619542402,793218.9619542402,999999.9999999999
2025-03-07T07:30:00.000+0000,793218.9619542402,793218.9619542402,999999.9999999999
2025-03-07T07:40:00.000+0000,793218.9619542402,793218.9619542402,999999.9999999999
2025-03-07T07:50:00.000+0000,793218.9619542402,793218.9619542402,999999.9999999999
2025-03-07T08:00:00.000+0000,793218.9619542402,793218.9619542402,999999.9999999999
2025-03-07T08:10:00.000+0000,793218.9619542402,793218.9619542402,999999.9999999999
2025-03-07T08:20:00.000+0000,793218.9619542402,793218.9619542402,999999.9999999999
2025-03-07T08:30:00.000+0000,793218.9619542402,793218.9619542402,999999.9999999999
2025-03-07T08:40:00.000+0000,793218.9619542402,793218.9619542402,999999.9999999999
2025-03-07T08:50:00.000+0000,793218.9619542402,793218.9619542402,999999.9999999999
2025-03-07T09:00:00.000+0000,793218.9619542402,793218.9619542402,999999.9999999999
2025-03-07T09:10:00.000+0000,793218.9619542402,793218.9619542402,999999.9999999999
2025-03-07T09:20:00.000+0000,793218.9619542402,793218.9619542402,999999.9999999999
2025-03-07T09:30:00.000+0000,793218.9619542402,793218.9619542402,999999.9999999999
2025-03-07T09:40:00.000+0000,793218.9619542402,793218.9619542402,999999.9999999999
2025-03-07T09:50:00.000+0000,793218.9619542402,793218.9619542402,999999.9999999999
2025-03-07T10:00:00.000+0000,793218.9619542402,793218.9619542402,999999.9999999999
2025-03-07T10:10:00.000+0000,793218.9619542402,793218.9619542402,999999.9999999999
2025-03-07T10:20:00.000+0000,793218.9619542402,793218.9619542402,999999.9999999999
2025-03-07T10:30:00.000+0000,793218.9619542402,793218.9619542402,999999.9999999999
2025-03-07T10:40:00.000+0000,793218.9619542402,793218.9619542402,999999.9999999999
2025-03-07T10:50:00.000+0000,793218.9619542402,793218.9619542402,999999.9999999999
2025-03-07T11:00:00.000+0000,793218.9619542402,793218.9619542402,999999.9999999999
2025-03-07T11:10:00.000+0000,793218.9619542402,793218.9619542402,999999.9999999999
2025-03-07T11:20:00.000+0000,793218.9619542402,793218.9619542402,999999.9999999999
2025-03-07T11:30:00.000+0000,793218.9619542402,793218.9619542402,999999.9999999999
2025-03-07T11:40:00.000+0000,793218.9619542402,793218.9619542402,999999.9999999999
2025-03-07T11:50:00.000+0000,793218.9619542402,793218.9619542402,999999.9999999999
2025-03-07T12:00:00.000+0000,793218.9619542402,793218.9619542402,999999.9999999999
2025-03-07T12:10:00.000+0000,793218.9619542402,793218.9619542402,999999.9999999999
2025-03-07T12:20:00.000+0000,793218.9619542402,793218.9619542402,999999.9999999999
2025-03-07T12:30:00.000+0000,793218.9619542402,793218.9619542402,999999.9999999999
2025-03-07T12:40:00.000+0000,793218.9619542402,793218.9619542402,999999.9999999999
2025-03-07T12:50:00.000+0000,793218.9619542402,793218.9619542402,999999.9999999999
2025-03-07T13:00:00.000+0000,793218.9619542402,793218.9619542402,999999.9999999999
2025-03-07T13:10:00.000+0000,793218.9619542402,793218.9619542402,999999.9999999999
2025-03-07T13:20:00.000+0000,793218.9619542402,793218.9619542402,999999.9999999999
2025-03-07T13:30:00.000+0000,793218.9619542402,793218.9619542402,999999.9999999999
2025-03-07T13:40:00.000+0000,793218.9619542402,793218.9619542402,999999.9999999999
2025-03-07T13:50:00.000+0000,793218.9619542402,793218.9619542402,999999.9999999999
2025-03-07T14:00:00.000+0000,793218.9619542402,793218.9619542402,999999.9999999999
2025-03-07T14:10:00.000+0000,793218.9619542402,793218.9619542402,999999.9999999999
2025-03-07T14:20:00.000+0000,793218.9619542402,793218.9619542402,999999.9999999999
2025-03-07T14:30:00.000+0000,793218.9619542402,793218.9619542402,999999.9999999999
2025-03-07T14:40:00.000+0000,793218.9619542402,793218.9619542402,999999.9999999999
2025-03-07T14:50:00.000+0000,793218.9619542402,793218.9619542402,999999.9999999999
2025-03-07T15:00:00.000+0000,793218.9619542402,793218.9619542402,999999.9999999999
2025-03-07T15:10:00.000+0000,793218.9619542402,793218.9619542402,999999.9999999999
2025-03-07T15:20:00.000+0000,793218.9619542402,793218.9619542402,999999.9999999999
2025-03-07T15:30:00.000+0000,793218.9619542402,793218.9619542402,999999.9999999999
2025-03-07T15:40:00.000+0000,793218.9619542402,793218.9619542402,999999.9999999999
2025-03-07T15:50:00.000+0000,793218.9619542402,793218.9619542402,999999.9999999999
2025-03-07T16:00:00.000+0000,793218.9619542402,793218.9619542402,999999.9999999999
2025-03-07T16:10:00.000+0000,793218.9619542402,793218.9619542402,999999.9999999999
2025-03-07T16:20:00.000+0000,793218.9619542402,793218.9619542402,999999.9999999999
2025-03-07T16:30:00.000+0000,793218.9619542402,793218.9619542402,999999.9999999999
2025-03-07T16:40:00.000+0000,793218.9619542402,793218.9619542402,999999.9999999999
2025-03-07T16:50:00.000+0000,793218.9619542402,793218.9619542402,999999.9999999999
2025-03-07T17:00:00.000+0000,793218.9619542402,793218.9619542402,999999.9999999999
2025-03-07T17:10:00.000+0000,793218.9619542402,793218.9619542402,999999.9999999999
2025-03-07T17:20:00.000+0000,793218.9619542402,793218.9619542402,999999.9999999999
2025-03-07T17:30:00.000+0000,793218.9619542402,793218.9619542402,999999.9999999999
2025-03-07T17:40:00.000+0000,793218.9619542402,793218.9619542402,999999.9999999999
2025-03-07T17:50:00.000+0000,793218.9619542402,793218.9619542402,999999.9999999999
2025-03-07T18:00:00.000+0000,793218.9619542402,793218.9619542402,999999.9999999999
2025-03-07T18:10:00.000+0000,793218.9619542402,793218.9619542402,999999.9999999999
2025-03-07T18:20:00.000+0000,793218.9619542402,793218.9619542402,999999.9999999999
2025-03-07T18:30:00.000+0000,793218.9619542402,793218.9619542402,999999.9999999999
2025-03-07T18:40:00.000+0000,793218.9619542402,793218.9619542402,999999.9999999999
2025-03-07T18:50:00.000+0000,793218.9619542402,793218.9619542402,999999.9999999999
2025-03-07T19:00:00.000+0000,793218.9619542402,793218.9619542402,999999.9999999999
2025-03-07T19:10:00.000+0000,793218.9619542402,793218.9619542402,999999.9999999999
2025-03-07T19:20:00.000+0000,793218.9619542402,793218.9619542402,999999.9999999999
2025-03-07T19:30:00.000+0000,793218.9619542402,793218.9619542402,999999.9999999999
2025-03-07T19:40:00.000+0000,793218.9619542402,793218.9619542402,999999.9999999999
2025-03-07T19:50:00.000+0000,793218.9619542402,793218.9619542402,999999.9999999999
2025-03-07T20:00:00.000+0000,793218.9619542402,793218.9619542402,999999.9999999999
2025-03-07T20:10:00.000+0000,793218.9619542402,793218.9619542402,999999.9999999999
2025-03-07T20:20:00.000+0000,793218.9619542402,793218.9619542402,999999.9999999999
2025-03-07T20:30:00.000+0000,793218.9619542402,793218.9619542402,999999.9999999999
2025-03-07T20:40:00.000+0000,793218.9619542402,793218.9619542402,999999.9999999999
2025-03-07T20:50:00.000+0000,793218.9619542402,793218.9619542402,999999.9999999999
2025-03-07T21:00:00.000+0000,793218.9619542402,793218.9619542402,999999.9999999999
2025-03-07T21:10:00.000+0000,793218.9619542402,793218.9619542402,999999.9999999999
2025-03-07T21:20:00.000+0000,793218.9619542402,793218.9619542402,999999.9999999999
2025-03-07T21:30:00.000+0000,793218.9619542402,793218.9619542402,999999.9999999999
2025-03-07T21:40:00.000+0000,793218.9619542402,793218.9619542402,999999.9999999999
2025-03-07T21:50:00.000+0000,793218.9619542402,793218.9619542402,999999.9999999999
2025-03-07T22:00:00.000+0000,793218.9619542402,793218.9619542402,999999.9999999999
2025-03-07T22:10:00.000+0000,793218.9619542402,793218.9619542402,999999.9999999999
2025-03-07T22:20:00.000+0000,793218.9619542402,793218.9619542402,999999.9999999999
2025-03-07T22:30:00.000+0000,793218.9619542402,793218.9619542402,999999.9999999999
2025-03-07T22:40:00.000+0000,793218.9619542402,793218.9619542402,999999.9999999999
2025-03-07T22:50:00.000+0000,793218.9619542402,793218.9619542402,999999.9999999999
2025-03-07T23:00:00.000+0000,793218.9619542402,793218.9619542402,999999.9999999999
2025-03-07T23:10:00.000+0000,793218.9619542402,793218.9619542402,999999.9999999999
2025-03-07T23:20:00.000+0000,793218.9619542402,793218.9619542402,999999.9999999999
2025-03-07T23:30:00.000+0000,793218.9619542402,793218.9619542402,999999.9999999999
2025-03-07T23:40:00.000+0000,793218.9619542402,793218.9619542402,999999.9999999999
2025-03-07T23:50:00.000+0000,793218.9619542402,793218.9619542402,999999.9999999999
2025-03-08T00:00:00.000+0000,793218.9619542402,793218.9619542402,999999.9999999999
2025-03-08T00:10:00.000+0000,793218.9619542402,793218.9619542402,999999.9999999999
2025-03-08T00:20:00.000+0000,793218.9619542402,793218.9619542402,999999.9999999999
2025-03-08T00:30:00.000+0000,793218.9619542402,793218.9619542402,999999.9999999999
2025-03-08T00:40:00.000+0000,793218.9619542402,793218.9619542402,999999.9999999999
2025-03-08T00:50:00.000+0000,793218.9619542402,793218.9619542402,999999.9999999999
2025-03-08T01:00:00.000+0000,793218.9619542402,793218.9619542402,999999.9999999999
2025-03-08T01:10:00.000+0000,793218.9619542402,793218.9619542402,999999.9999999999
2025-03-08T01:20:00.000+0000,793218.9619542402,793218.9619542402,999999.9999999999
2025-03-08T01:30:00.000+0000,793218.9619542402,793218.9619542402,999999.9999999999
2025-03-08T01:40:00.000+0000,793218.9619542402,793218.9619542402,999999.9999999999
2025-03-08T01:50:00.000+0000,793218.9619542402,793218.9619542402,999999.9999999999
2025-03-08T02:00:00.000+0000,793218.9619542402,793218.9619542402,999999.9999999999
2025-03-08T02:10:00.000+0000,793218.9619542402,793218.9619542402,999999.9999999999
2025-03-08T02:20:00.000+0000,793218.9619542402,793218.9619542402,999999.9999999999
2025-03-08T02:30:00.000+0000,793218.9619542402,793218.9619542402,999999.9999999999
2025-03-08T02:40:00.000+0000,793218.9619542402,793218.9619542402,999999.9999999999
2025-03-08T02:50:00.000+0000,793218.9619542402,793218.9619542402,999999.9999999999
2025-03-08T03:00:00.000+0000,793218.9619542402,793218.9619542402,999999.9999999999
2025-03-08T03:10:00.000+0000,793218.9619542402,793218.9619542402,999999.9999999999
2025-03-08T03:20:00.000+0000,793218.9619542402,793218.9619542402,999999.9999999999
2025-03-08T03:30:00.000+0000,793218.9619542402,793218.9619542402,999999.9999999999
2025-03-08T03:40:00.000+0000,793218.9619542402,793218.9619542402,999999.9999999999
2025-03-08T03:50:00.000+0000,793218.9619542402,793218.9619542402,999999.9999999999
2025-03-08T04:00:00.000+0000,793218.9619542402,793218.9619542402,999999.9999999999
2025-03-08T04:10:00.000+0000,793218.9619542402,793218.9619542402,999999.9999999999
2025-03-08T04:20:00.000+0000,793218.9619542402,793218.9619542402,999999.9999999999
2025-03-08T04:30:00.000+0000,793218.9619542402,793218.9619542402,999999.9999999999
2025-03-08T04:40:00.000+0000,793218.9619542402,793218.9619542402,999999.9999999999
2025-03-08T04:50:00.000+0000,793218.9619542402,793218.9619542402,999999.9999999999
2025-03-08T05:00:00.000+0000,793218.9619542402,793218.9619542402,999999.9999999999
2025-03-08T05:10:00.000+0000,793218.9619542402,793218.9619542402,999999.9999999999
2025-03-08T05:20:00.000+0000,793218.9619542402,793218.9619542402,999999.9999999999
2025-03-08T05:30:00.000+0000,793218.9619542402,793218.9619542402,999999.9999999999
2025-03-08T05:40:00.000+0000,793218.9619542402,793218.9619542402,999999.9999999999
2025-03-08T05:50:00.000+0000,793218.9619542402,793218.9619542402,999999.9999999999
2025-03-08T06:00:00.000+0000,793218.9619542402,793218.9619542402,999999.9999999999
2025-03-08T06:10:00.000+0000,793218.9619542402,793218.9619542402,999999.9999999999
2025-03-08T06:20:00.000+0000,793218.9619542402,793218.9619542402,999999.9999999999
2025-03-08T06:30:00.000+0000,793218.9619542402,793218.9619542402,999999.9999999999
2025-03-08T06:40:00.000+0000,793218.9619542402,793218.9619542402,999999.9999999999
2025-03-08T06:50:00.000+0000,793218.9619542402,793218.9619542402,999999.9999999999
2025-03-08T07:00:00.000+0000,793218.9619542402,793218.9619542402,999999.9999999999
2025-03-08T07:10:00.000+0000,793218.9619542402,793218.9619542402,999999.9999999999
2025-03-08T07:20:00.000+0000,793218.9619542402,793218.9619542402,999999.9999999999
2025-03-08T07:30:00.000+0000,793218.9619542402,793218.9619542402,999999.9999999999
2025-03-08T07:40:00.000+0000,793218.9619542402,793218.9619542402,999999.9999999999
2025-03-08T07:50:00.000+0000,793218.9619542402,793218.9619542402,999999.9999999999
2025-03-08T08:00:00.000+0000,793218.9619542402,793218.9619542402,999999.9999999999
2025-03-08T08:10:00.000+0000,793218.9619542402,793218.9619542402,999999.9999999999
2025-03-08T08:20:00.000+0000,793218.9619542402,793218.9619542402,999999.9999999999
2025-03-08T08:30:00.000+0000,793218.9619542402,793218.9619542402,999999.9999999999
2025-03-08T08:40:00.000+0000,793218.9619542402,793218.9619542402,999999.9999999999
2025-03-08T08:50:00.000+0000,793218.9619542402,793218.9619542402,999999.9999999999
2025-03-08T09:00:00.000+0000,793218.9619542402,793218.9619542402,999999.9999999999
2025-03-08T09:10:00.000+0000,793218.9619542402,793218.9619542402,999999.9999999999
2025-03-08T09:20:00.000+0000,793218.9619542402,793218.9619542402,999999.9999999999
2025-03-08T09:30:00.000+0000,793218.9619542402,793218.9619542402,999999.9999999999
2025-03-08T09:40:00.000+0000,793218.9619542402,793218.9619542402,999999.9999999999
2025-03-08T09:50:00.000+0000,793218.9619542402,793218.9619542402,999999.9999999999
2025-03-08T10:00:00.000+0000,793218.9619542402,793218.9619542402,999999.9999999999
2025-03-08T10:10:00.000+0000,793218.9619542402,793218.9619542402,999999.9999999999
2025-03-08T10:20:00.000+0000,793218.9619542402,793218.9619542402,999999.9999999999
2025-03-08T10:30:00.000+0000,793218.9619542402,793218.9619542402,999999.9999999999
2025-03-08T10:40:00.000+0000,793218.9619542402,793218.9619542402,999999.9999999999
2025-03-08T10:50:00.000+0000,793218.9619542402,793218.9619542402,999999.9999999999
2025-03-08T11:00:00.000+0000,793218.9619542402,793218.9619542402,999999.9999999999
2025-03-08T11:10:00.000+0000,793218.9619542402,793218.9619542402,999999.9999999999
2025-03-08T11:20:00.000+0000,793218.9619542402,793218.9619542402,999999.9999999999
2025-03-08T11:30:00.000+0000,793218.9619542402,793218.9619542402,999999.9999999999
2025-03-08T11:40:00.000+0000,793218.9619542402,793218.9619542402,999999.9999999999
2025-03-08T11:50:00.000+0000,793218.9619542402,793218.9619542402,999999.9999999999
2025-03-08T12:00:00.000+0000,793218.9619542402,793218.9619542402,999999.9999999999
2025-03-08T12:10:00.000+0000,793218.9619542402,793218.9619542402,999999.9999999999
2025-03-08T12:20:00.000+0000,793218.9619542402,793218.9619542402,999999.9999999999
2025-03-08T12:30:00.000+0000,793218.9619542402,793218.9619542402,999999.9999999999
2025-03-08T12:40:00.000+0000,793218.9619542402,793218.9619542402,999999.9999999999
2025-03-08T12:50:00.000+0000,793218.9619542402,793218.9619542402,999999.9999999999
2025-03-08T13:00:00.000+0000,793218.9619542402,793218.9619542402,999999.9999999999
2025-03-08T13:10:00.000+0000,793218.9619542402,793218.9619542402,999999.9999999999
2025-03-08T13:20:00.000+0000,793218.9619542402,793218.9619542402,999999.9999999999
2025-03-08T13:30:00.000+0000,793218.9619542402,793218.9619542402,999999.9999999999
2025-03-08T13:40:00.000+0000,793218.9619542402,793218.9619542402,999999.9999999999
2025-03-08T13:50:00.000+0000,793218.9619542402,793218.9619542402,999999.9999999999
2025-03-08T14:00:00.000+0000,793218.9619542402,793218.9619542402,999999.9999999999
2025-03-08T14:10:00.000+0000,793218.9619542402,793218.9619542402,999999.9999999999
2025-03-08T14:20:00.000+0000,793218.9619542402,793218.9619542402,999999.9999999999
2025-03-08T14:30:00.000+0000,793218.9619542402,793218.9619542402,999999.9999999999
2025-03-08T14:40:00.000+0000,793218.9619542402,793218.9619542402,999999.9999999999
2025-03-08T14:50:00.000+0000,793218.9619542402,793218.9619542402,999999.9999999999
2025-03-08T15:00:00.000+0000,793218.9619542402,793218.9619542402,999999.9999999999
2025-03-08T15:10:00.000+0000,793218.9619542402,793218.9619542402,999999.9999999999
2025-03-08T15:20:00.000+0000,793218.9619542402,793218.9619542402,999999.9999999999
2025-03-08T15:30:00.000+0000,793218.9619542402,793218.9619542402,999999.9999999999
2025-03-08T15:40:00.000+0000,793218.9619542402,793218.9619542402,999999.9999999999
2025-03-08T15:50:00.000+0000,793218.9619542402,793218.9619542402,999999.9999999999
2025-03-08T16:00:00.000+0000,793218.9619542402,793218.9619542402,999999.9999999999
2025-03-08T16:10:00.000+0000,793218.9619542402,793218.9619542402,999999.9999999999
2025-03-08T16:20:00.000+0000,793218.9619542402,793218.9619542402,999999.9999999999
2025-03-08T16:30:00.000+0000,793218.9619542402,793218.9619542402,999999.9999999999
2025-03-08T16:40:00.000+0000,793218.9619542402,793218.9619542402,999999.9999999999
2025-03-08T16:50:00.000+0000,793218.9619542402,793218.9619542402,999999.9999999999
2025-03-08T17:00:00.000+0000,793218.9619542402,793218.9619542402,999999.9999999999
2025-03-08T17:10:00.000+0000,793218.9619542402,793218.9619542402,999999.9999999999
2025-03-08T17:20:00.000+0000,793218.9619542402,793218.9619542402,999999.9999999999
2025-03-08T17:30:00.000+0000,793218.9619542402,793218.9619542402,999999.9999999999
2025-03-08T17:40:00.000+0000,793218.9619542402,793218.9619542402,999999.9999999999
2025-03-08T17:50:00.000+0000,793218.9619542402,793218.9619542402,999999.9999999999
2025-03-08T18:00:00.000+0000,793218.9619542402,793218.9619542402,999999.9999999999
2025-03-08T18:10:00.000+0000,793218.9619542402,793218.9619542402,999999.9999999999
2025-03-08T18:20:00.000+0000,793218.9619542402,793218.9619542402,999999.9999999999
2025-03-08T18:30:00.000+0000,793218.9619542402,793218.9619542402,999999.9999999999
2025-03-08T18:40:00.000+0000,793218.9619542402,793218.9619542402,999999.9999999999
2025-03-08T18:50:00.000+0000,793218.9619542402,793218.9619542402,999999.9999999999
2025-03-08T19:00:00.000+0000,793218.9619542402,793218.9619542402,999999.9999999999
2025-03-08T19:10:00.000+0000,793218.9619542402,793218.9619542402,999999.9999999999
2025-03-08T19:20:00.000+0000,793218.9619542402,793218.9619542402,999999.9999999999
2025-03-08T19:30:00.000+0000,793218.9619542402,793218.9619542402,999999.9999999999
2025-03-08T19:40:00.000+0000,793218.9619542402,793218.9619542402,999999.9999999999
2025-03-08T19:50:00.000+0000,793218.9619542402,793218.9619542402,999999.9999999999
2025-03-08T20:00:00.000+0000,793218.9619542402,793218.9619542402,999999.9999999999
2025-03-08T20:10:00.000+0000,793218.9619542402,793218.9619542402,999999.9999999999
2025-03-08T20:20:00.000+0000,793218.9619542402,793218.9619542402,999999.9999999999
2025-03-08T20:30:00.000+0000,793218.9619542402,793218.9619542402,999999.9999999999
2025-03-08T20:40:00.000+0000,793218.9619542402,793218.9619542402,999999.9999999999
2025-03-08T20:50:00.000+0000,793218.9619542402,793218.9619542402,999999.9999999999
2025-03-08T21:00:00.000+0000,793218.9619542402,793218.9619542402,999999.9999999999
2025-03-08T21:10:00.000+0000,793218.9619542402,793218.9619542402,999999.9999999999
2025-03-08T21:20:00.000+0000,793218.9619542402,793218.9619542402,999999.9999999999
2025-03-08T21:30:00.000+0000,793218.9619542402,793218.9619542402,999999.9999999999
2025-03-08T21:40:00.000+0000,793218.9619542402,793218.9619542402,999999.9999999999
2025-03-08T21:50:00.000+0000,793218.9619542402,793218.9619542402,999999.9999999999
2025-03-08T22:00:00.000+0000,793218.9619542402,793218.9619542402,999999.9999999999
2025-03-08T22:10:00.000+0000,793218.9619542402,793218.9619542402,999999.9999999999
2025-03-08T22:20:00.000+0000,793218.9619542402,793218.9619542402,999999.9999999999
2025-03-08T22:30:00.000+0000,793218.9619542402,793218.9619542402,999999.9999999999
2025-03-08T22:40:00.000+0000,793218.9619542402,793218.9619542402,999999.9999999999
2025-03-08T22:50:00.000+0000,793218.9619542402,793218.9619542402,999999.9999999999
2025-03-08T23:00:00.000+0000,793218.9619542402,793218.9619542402,999999.9999999999
2025-03-08T23:10:00.000+0000,793218.9619542402,793218.9619542402,999999.9999999999
2025-03-08T23:20:00.000+0000,793218.9619542402,793218.9619542402,999999.9999999999
2025-03-08T23:30:00.000+0000,793218.9619542402,793218.9619542402,999999.9999999999
2025-03-08T23:40:00.000+0000,793218.9619542402,793218.9619542402,999999.9999999999
2025-03-08T23:50:00.000+0000,793218.9619542402,793218.9619542402,999999.9999999999
2025-03-09T00:00:00.000+0000,793218.9619542402,793218.9619542402,999999.9999999999
2025-03-09T00:10:00.000+0000,793218.9619542402,793218.9619542402,999999.9999999999
2025-03-09T00:20:00.000+0000,793218.9619542402,793218.9619542402,999999.9999999999
2025-03-09T00:30:00.000+0000,793218.9619542402,793218.9619542402,999999.9999999999
2025-03-09T00:40:00.000+0000,793218.9619542402,793218.9619542402,999999.9999999999
2025-03-09T00:50:00.000+0000,793218.9619542402,793218.9619542402,999999.9999999999
2025-03-09T01:00:00.000+0000,793218.9619542402,793218.9619542402,999999.9999999999
2025-03-09T01:10:00.000+0000,793218.9619542402,793218.9619542402,999999.9999999999
2025-03-09T01:20:00.000+0000,793218.9619542402,793218.9619542402,999999.9999999999
2025-03-09T01:30:00.000+0000,793218.9619542402,793218.9619542402,999999.9999999999
2025-03-09T01:40:00.000+0000,793218.9619542402,793218.9619542402,999999.9999999999
2025-03-09T01:50:00.000+0000,793218.9619542402,793218.9619542402,999999.9999999999
2025-03-09T02:00:00.000+0000,793218.9619542402,793218.9619542402,999999.9999999999
2025-03-09T02:10:00.000+0000,793218.9619542402,793218.9619542402,999999.9999999999
2025-03-09T02:20:00.000+0000,793218.9619542402,793218.9619542402,999999.9999999999
2025-03-09T02:30:00.000+0000,793218.9619542402,793218.9619542402,999999.9999999999
2025-03-09T02:40:00.000+0000,793218.9619542402,793218.9619542402,999999.9999999999
2025-03-09T02:50:00.000+0000,793218.9619542402,793218.9619542402,999999.9999999999
2025-03-09T03:00:00.000+0000,793218.9619542402,793218.9619542402,999999.9999999999
2025-03-09T03:10:00.000+0000,793218.9619542402,793218.9619542402,999999.9999999999
2025-03-09T03:20:00.000+0000,793218.9619542402,793218.9619542402,999999.9999999999
2025-03-09T03:30:00.000+0000,793218.9619542402,793218.9619542402,999999.9999999999
2025-03-09T03:40:00.000+0000,793218.9619542402,793218.9619542402,999999.9999999999
2025-03-09T03:50:00.000+0000,793218.9619542402,793218.9619542402,999999.9999999999
2025-03-09T04:00:00.000+0000,793218.9619542402,793218.9619542402,999999.9999999999
2025-03-09T04:10:00.000+0000,793218.9619542402,793218.9619542402,999999.9999999999
2025-03-09T04:20:00.000+0000,793218.9619542402,793218.9619542402,999999.9999999999
2025-03-09T04:30:00.000+0000,793218.9619542402,793218.9619542402,999999.9999999999
2025-03-09T04:40:00.000+0000,793218.9619542402,793218.9619542402,999999.9999999999
2025-03-09T04:50:00.000+0000,793218.9619542402,793218.9619542402,999999.9999999999
2025-03-09T05:00:00.000+0000,793218.9619542402,793218.9619542402,999999.9999999999
2025-03-09T05:10:00.000+0000,793218.9619542402,793218.9619542402,999999.9999999999
2025-03-09T05:20:00.000+0000,793218.9619542402,793218.9619542402,999999.9999999999
2025-03-09T05:30:00.000+0000,793218.9619542402,793218.9619542402,999999.9999999999
2025-03-09T05:40:00.000+0000,793218.9619542402,793218.9619542402,999999.9999999999
2025-03-09T05:50:00.000+0000,793218.9619542402,793218.9619542402,999999.9999999999
2025-03-09T06:00:00.000+0000,793218.9619542402,793218.9619542402,999999.9999999999
2025-03-09T06:10:00.000+0000,793218.9619542402,793218.9619542402,999999.9999999999
2025-03-09T06:20:00.000+0000,793218.9619542402,793218.9619542402,999999.9999999999
2025-03-09T06:30:00.000+0000,793218.9619542402,793218.9619542402,999999.9999999999
2025-03-09T06:40:00.000+0000,793218.9619542402,793218.9619542402,999999.9999999999
2025-03-09T06:50:00.000+0000,793218.9619542402,793218.9619542402,999999.9999999999
2025-03-09T07:00:00.000+0000,793218.9619542402,793218.9619542402,999999.9999999999
2025-03-09T07:10:00.000+0000,793218.9619542402,793218.9619542402,999999.9999999999
2025-03-09T07:20:00.000+0000,793218.9619542402,793218.9619542402,999999.9999999999
2025-03-09T07:30:00.000+0000,793218.9619542402,793218.9619542402,999999.9999999999
2025-03-09T07:40:00.000+0000,793218.9619542402,793218.9619542402,999999.9999999999
2025-03-09T07:50:00.000+0000,793218.9619542402,793218.9619542402,999999.9999999999
2025-03-09T08:00:00.000+0000,793218.9619542402,793218.9619542402,999999.9999999999
2025-03-09T08:10:00.000+0000,793218.9619542402,793218.9619542402,999999.9999999999
2025-03-09T08:20:00.000+0000,793218.9619542402,793218.9619542402,999999.9999999999
2025-03-09T08:30:00.000+0000,793218.9619542402,793218.9619542402,999999.9999999999
2025-03-09T08:40:00.000+0000,793218.9619542402,793218.9619542402,999999.9999999999
2025-03-09T08:50:00.000+0000,793218.9619542402,793218.9619542402,999999.9999999999
2025-03-09T09:00:00.000+0000,793218.9619542402,793218.9619542402,999999.9999999999
2025-03-09T09:10:00.000+0000,793218.9619542402,793218.9619542402,999999.9999999999
2025-03-09T09:20:00.000+0000,793218.9619542402,793218.9619542402,999999.9999999999
2025-03-09T09:30:00.000+0000,793218.9619542402,793218.9619542402,999999.9999999999
2025-03-09T09:40:00.000+0000,793218.9619542402,793218.9619542402,999999.9999999999
2025-03-09T09:50:00.000+0000,793218.9619542402,793218.9619542402,999999.9999999999
2025-03-09T10:00:00.000+0000,793218.9619542402,793218.9619542402,999999.9999999999
2025-03-09T10:10:00.000+0000,793218.9619542402,793218.9619542402,999999.9999999999
2025-03-09T10:20:00.000+0000,793218.9619542402,793218.9619542402,999999.9999999999
2025-03-09T10:30:00.000+0000,793218.9619542402,793218.9619542402,999999.9999999999
2025-03-09T10:40:00.000+0000,793218.9619542402,793218.9619542402,999999.9999999999
2025-03-09T10:50:00.000+0000,793218.9619542402,793218.9619542402,999999.9999999999
2025-03-09T11:00:00.000+0000,793218.9619542402,793218.9619542402,999999.9999999999
2025-03-09T11:10:00.000+0000,793218.9619542402,793218.9619542402,999999.9999999999
2025-03-09T11:20:00.000+0000,793218.9619542402,793218.9619542402,999999.9999999999
2025-03-09T11:30:00.000+0000,793218.9619542402,793218.9619542402,999999.9999999999
2025-03-09T11:40:00.000+0000,793218.9619542402,793218.9619542402,999999.9999999999
2025-03-09T11:50:00.000+0000,793218.9619542402,793218.9619542402,999999.9999999999
2025-03-09T12:00:00.000+0000,793218.9619542402,793218.9619542402,999999.9999999999
2025-03-09T12:10:00.000+0000,793218.9619542402,793218.9619542402,999999.9999999999
2025-03-09T12:20:00.000+0000,793218.9619542402,793218.9619542402,999999.9999999999
2025-03-09T12:30:00.000+0000,793218.9619542402,793218.9619542402,999999.9999999999
2025-03-09T12:40:00.000+0000,793218.9619542402,793218.9619542402,999999.9999999999
2025-03-09T12:50:00.000+0000,793218.9619542402,793218.9619542402,999999.9999999999
2025-03-09T13:00:00.000+0000,793218.9619542402,793218.9619542402,999999.9999999999
2025-03-09T13:10:00.000+0000,793218.9619542402,793218.9619542402,999999.9999999999
2025-03-09T13:20:00.000+0000,793218.9619542402,793218.9619542402,999999.9999999999
2025-03-09T13:30:00.000+0000,793218.9619542402,793218.9619542402,999999.9999999999
2025-03-09T13:40:00.000+0000,793218.9619542402,793218.9619542402,999999.9999999999
2025-03-09T13:50:00.000+0000,793218.9619542402,793218.9619542402,999999.9999999999
2025-03-09T14:00:00.000+0000,793218.9619542402,793218.9619542402,999999.9999999999
2025-03-09T14:10:00.000+0000,793218.9619542402,793218.9619542402,999999.9999999999
2025-03-09T14:20:00.000+0000,793218.9619542402,793218.9619542402,999999.9999999999
2025-03-09T14:30:00.000+0000,793218.9619542402,793218.9619542402,999999.9999999999
2025-03-09T14:40:00.000+0000,793218.9619542402,793218.9619542402,999999.9999999999
2025-03-09T14:50:00.000+0000,793218.9619542402,793218.9619542402,999999.9999999999
2025-03-09T15:00:00.000+0000,793218.9619542402,793218.9619542402,999999.9999999999
2025-03-09T15:10:00.000+0000,793218.9619542402,793218.9619542402,999999.9999999999
2025-03-09T15:20:00.000+0000,793218.9619542402,793218.9619542402,999999.9999999999
2025-03-09T15:30:00.000+0000,793218.9619542402,793218.9619542402,999999.9999999999
2025-03-09T15:40:00.000+0000,793218.9619542402,793218.9619542402,999999.9999999999
2025-03-09T15:50:00.000+0000,793218.9619542402,793218.9619542402,999999.9999999999
2025-03-09T16:00:00.000+0000,793218.9619542402,793218.9619542402,999999.9999999999
2025-03-09T16:10:00.000+0000,793218.9619542402,793218.9619542402,999999.9999999999
2025-03-09T16:20:00.000+0000,793218.9619542402,793218.9619542402,999999.9999999999
2025-03-09T16:30:00.000+0000,793218.9619542402,793218.9619542402,999999.9999999999
2025-03-09T16:40:00.000+0000,793218.9619542402,793218.9619542402,999999.9999999999
2025-03-09T16:50:00.000+0000,793218.9619542402,793218.9619542402,999999.9999999999
2025-03-09T17:00:00.000+0000,793218.9619542402,793218.9619542402,999999.9999999999
2025-03-09T17:10:00.000+0000,793218.9619542402,793218.9619542402,999999.9999999999
2025-03-09T17:20:00.000+0000,793218.9619542402,793218.9619542402,999999.9999999999
2025-03-09T17:30:00.000+0000,793218.9619542402,793218.9619542402,999999.9999999999
2025-03-09T17:40:00.000+0000,793218.9619542402,793218.9619542402,999999.9999999999
2025-03-09T17:50:00.000+0000,793218.9619542402,793218.9619542402,999999.9999999999
2025-03-09T18:00:00.000+0000,793218.9619542402,793218.9619542402,999999.9999999999
2025-03-09T18:10:00.000+0000,793218.9619542402,793218.9619542402,999999.9999999999
2025-03-09T18:20:00.000+0000,793218.9619542402,793218.9619542402,999999.9999999999
2025-03-09T18:30:00.000+0000,793218.9619542402,793218.9619542402,999999.9999999999
2025-03-09T18:40:00.000+0000,793218.9619542402,793218.9619542402,999999.9999999999
2025-03-09T18:50:00.000+0000,793218.9619542402,793218.9619542402,999999.9999999999
2025-03-09T19:00:00.000+0000,793218.9619542402,793218.9619542402,999999.9999999999
2025-03-09T19:10:00.000+0000,793218.9619542402,793218.9619542402,999999.9999999999
2025-03-09T19:20:00.000+0000,793218.9619542402,793218.9619542402,999999.9999999999
2025-03-09T19:30:00.000+0000,793218.9619542402,793218.9619542402,999999.9999999999
2025-03-09T19:40:00.000+0000,793218.9619542402,793218.9619542402,999999.9999999999
2025-03-09T19:50:00.000+0000,793218.9619542402,793218.9619542402,999999.9999999999
2025-03-09T20:00:00.000+0000,793218.9619542402,793218.9619542402,999999.9999999999
2025-03-09T20:10:00.000+0000,793218.9619542402,793218.9619542402,999999.9999999999
2025-03-09T20:20:00.000+0000,793218.9619542402,793218.9619542402,999999.9999999999
2025-03-09T20:30:00.000+0000,793218.9619542402,793218.9619542402,999999.9999999999
2025-03-09T20:40:00.000+0000,793218.9619542402,793218.9619542402,999999.9999999999
2025-03-09T20:50:00.000+0000,793218.9619542402,793218.9619542402,999999.9999999999
2025-03-09T21:00:00.000+0000,793218.9619542402,793218.9619542402,999999.9999999999
2025-03-09T21:10:00.000+0000,793218.9619542402,793218.9619542402,999999.9999999999
2025-03-09T21:20:00.000+0000,793218.9619542402,793218.9619542402,999999.9999999999
2025-03-09T21:30:00.000+0000,793218.9619542402,793218.9619542402,999999.9999999999
2025-03-09T21:40:00.000+0000,793218.9619542402,793218.9619542402,999999.9999999999
2025-03-09T21:50:00.000+0000,793218.9619542402,793218.9619542402,999999.9999999999
2025-03-09T22:00:00.000+0000,793218.9619542402,793218.9619542402,999999.9999999999
2025-03-09T22:10:00.000+0000,793218.9619542402,793218.9619542402,999999.9999999999
2025-03-09T22:20:00.000+0000,793218.9619542402,793218.9619542402,999999.9999999999
2025-03-09T22:30:00.000+0000,793218.9619542402,793218.9619542402,999999.9999999999
2025-03-09T22:40:00.000+0000,793218.9619542402,793218.9619542402,999999.9999999999
2025-03-09T22:50:00.000+0000,793218.9619542402,793218.9619542402,999999.9999999999
2025-03-09T23:00:00.000+0000,793218.9619542402,793218.9619542402,999999.9999999999
2025-03-09T23:10:00.000+0000,793218.9619542402,793218.9619542402,999999.9999999999
2025-03-09T23:20:00.000+0000,793218.9619542402,793218.9619542402,999999.9999999999
2025-03-09T23:30:00.000+0000,793218.9619542402,793218.9619542402,999999.9999999999
2025-03-09T23:40:00.000+0000,793218.9619542402,793218.9619542402,999999.9999999999
2025-03-09T23:50:00.000+0000,793218.9619542402,793218.9619542402,999999.9999999999
2025-03-10T00:00:00.000+0000,793218.9619542402,793218.9619542402,999999.9999999999
2025-03-10T00:10:00.000+0000,793218.9619542402,793218.9619542402,999999.9999999999
2025-03-10T00:20:00.000+0000,793218.9619542402,793218.9619542402,999999.9999999999
2025-03-10T00:30:00.000+0000,793218.9619542402,793218.9619542402,999999.9999999999
2025-03-10T00:40:00.000+0000,793218.9619542402,793218.9619542402,999999.9999999999
2025-03-10T00:50:00.000+0000,793218.9619542402,793218.9619542402,999999.9999999999
2025-03-10T01:00:00.000+0000,793218.9619542402,793218.9619542402,999999.9999999999
2025-03-10T01:10:00.000+0000,793218.9619542402,793218.9619542402,999999.9999999999
2025-03-10T01:20:00.000+0000,793218.9619542402,793218.9619542402,999999.9999999999
2025-03-10T01:30:00.000+0000,793218.9619542402,793218.9619542402,999999.9999999999
2025-03-10T01:40:00.000+0000,793218.9619542402,793218.9619542402,999999.9999999999
2025-03-10T01:50:00.000+0000,793218.9619542402,793218.9619542402,999999.9999999999
2025-03-10T02:00:00.000+0000,793218.9619542402,793218.9619542402,999999.9999999999
2025-03-10T02:10:00.000+0000,793218.9619542402,793218.9619542402,999999.9999999999
2025-03-10T02:20:00.000+0000,793218.9619542402,793218.9619542402,999999.9999999999
2025-03-10T02:30:00.000+0000,793218.9619542402,793218.9619542402,999999.9999999999
2025-03-10T02:40:00.000+0000,793218.9619542402,793218.9619542402,999999.9999999999
2025-03-10T02:50:00.000+0000,793218.9619542402,793218.9619542402,999999.9999999999
2025-03-10T03:00:00.000+0000,793218.9619542402,793218.9619542402,999999.9999999999
2025-03-10T03:10:00.000+0000,793218.9619542402,793218.9619542402,999999.9999999999
2025-03-10T03:20:00.000+0000,793218.9619542402,793218.9619542402,999999.9999999999
2025-03-10T03:30:00.000+0000,793218.9619542402,793218.9619542402,999999.9999999999
2025-03-10T03:40:00.000+0000,793218.9619542402,793218.9619542402,999999.9999999999
2025-03-10T03:50:00.000+0000,793218.9619542402,793218.9619542402,999999.9999999999
2025-03-10T04:00:00.000+0000,793218.9619542402,793218.9619542402,999999.9999999999
2025-03-10T04:10:00.000+0000,793218.9619542402,793218.9619542402,999999.9999999999
2025-03-10T04:20:00.000+0000,793218.9619542402,793218.9619542402,999999.9999999999
2025-03-10T04:30:00.000+0000,793218.9619542402,793218.9619542402,999999.9999999999
2025-03-10T04:40:00.000+0000,793218.9619542402,793218.9619542402,999999.9999999999
2025-03-10T04:50:00.000+0000,793218.9619542402,793218.9619542402,999999.9999999999
2025-03-10T05:00:00.000+0000,793218.9619542402,793218.9619542402,999999.9999999999
2025-03-10T05:10:00.000+0000,793218.9619542402,793218.9619542402,999999.9999999999
2025-03-10T05:20:00.000+0000,793218.9619542402,793218.9619542402,999999.9999999999
2025-03-10T05:30:00.000+0000,793218.9619542402,793218.9619542402,999999.9999999999
2025-03-10T05:40:00.000+0000,793218.9619542402,793218.9619542402,999999.9999999999
2025-03-10T05:50:00.000+0000,793218.9619542402,793218.9619542402,999999.9999999999
2025-03-10T06:00:00.000+0000,793218.9619542402,793218.9619542402,999999.9999999999
2025-03-10T06:10:00.000+0000,793218.9619542402,793218.9619542402,999999.9999999999
2025-03-10T06:20:00.000+0000,793218.9619542402,793218.9619542402,999999.9999999999
2025-03-10T06:30:00.000+0000,793218.9619542402,793218.9619542402,999999.9999999999
2025-03-10T06:40:00.000+0000,793218.9619542402,793218.9619542402,999999.9999999999
2025-03-10T06:50:00.000+0000,793218.9619542402,793218.9619542402,999999.9999999999
2025-03-10T07:00:00.000+0000,793218.9619542402,793218.9619542402,999999.9999999999
2025-03-10T07:10:00.000+0000,793218.9619542402,793218.9619542402,999999.9999999999
2025-03-10T07:20:00.000+0000,793218.9619542402,793218.9619542402,999999.9999999999
2025-03-10T07:30:00.000+0000,793218.9619542402,793218.9619542402,999999.9999999999
2025-03-10T07:40:00.000+0000,793218.9619542402,793218.9619542402,999999.9999999999
2025-03-10T07:50:00.000+0000,793218.9619542402,793218.9619542402,999999.9999999999
2025-03-10T08:00:00.000+0000,793218.9619542402,793218.9619542402,999999.9999999999
2025-03-10T08:10:00.000+0000,793218.9619542402,793218.9619542402,999999.9999999999
2025-03-10T08:20:00.000+0000,793218.9619542402,793218.9619542402,999999.9999999999
2025-03-10T08:30:00.000+0000,793218.9619542402,793218.9619542402,999999.9999999999
2025-03-10T08:40:00.000+0000,793218.9619542402,793218.9619542402,999999.9999999999
2025-03-10T08:50:00.000+0000,793218.9619542402,793218.9619542402,999999.9999999999
2025-03-10T09:00:00.000+0000,793218.9619542402,793218.9619542402,999999.9999999999
2025-03-10T09:10:00.000+0000,793218.9619542402,793218.9619542402,999999.9999999999
2025-03-10T09:20:00.000+0000,793218.9619542402,793218.9619542402,999999.9999999999
2025-03-10T09:30:00.000+0000,793218.9619542402,793218.9619542402,999999.9999999999
2025-03-10T09:40:00.000+0000,793218.9619542402,793218.9619542402,999999.9999999999
2025-03-10T09:50:00.000+0000,793218.9619542402,793218.9619542402,999999.9999999999
2025-03-10T10:00:00.000+0000,793218.9619542402,793218.9619542402,999999.9999999999
2025-03-10T10:10:00.000+0000,793218.9619542402,793218.9619542402,999999.9999999999
2025-03-10T10:20:00.000+0000,793218.9619542402,793218.9619542402,999999.9999999999
2025-03-10T10:30:00.000+0000,793218.9619542402,793218.9619542402,999999.9999999999
2025-03-10T10:40:00.000+0000,793218.9619542402,793218.9619542402,999999.9999999999
2025-03-10T10:50:00.000+0000,793218.9619542402,793218.9619542402,999999.9999999999
2025-03-10T11:00:00.000+0000,793218.9619542402,793218.9619542402,999999.9999999999
2025-03-10T11:10:00.000+0000,793218.9619542402,793218.9619542402,999999.9999999999
2025-03-10T11:20:00.000+0000,793218.9619542402,793218.9619542402,999999.9999999999
2025-03-10T11:30:00.000+0000,793218.9619542402,793218.9619542402,999999.9999999999
2025-03-10T11:40:00.000+0000,793218.9619542402,793218.9619542402,999999.9999999999
2025-03-10T11:50:00.000+0000,793218.9619542402,793218.9619542402,999999.9999999999
2025-03-10T12:00:00.000+0000,793218.9619542402,793218.9619542402,999999.9999999999
2025-03-10T12:10:00.000+0000,793218.9619542402,793218.9619542402,999999.9999999999
2025-03-10T12:20:00.000+0000,793218.9619542402,793218.9619542402,999999.9999999999
2025-03-10T12:30:00.000+0000,793218.9619542402,793218.9619542402,999999.9999999999
2025-03-10T12:40:00.000+0000,793218.9619542402,793218.9619542402,999999.9999999999
2025-03-10T12:50:00.000+0000,793218.9619542402,793218.9619542402,999999.9999999999
2025-03-10T13:00:00.000+0000,793218.9619542402,793218.9619542402,999999.9999999999
2025-03-10T13:10:00.000+0000,793218.9619542402,793218.9619542402,999999.9999999999
2025-03-10T13:20:00.000+0000,793218.9619542402,793218.9619542402,999999.9999999999
2025-03-10T13:30:00.000+0000,793218.9619542402,793218.9619542402,999999.9999999999
2025-03-10T13:40:00.000+0000,793218.9619542402,793218.9619542402,999999.9999999999
2025-03-10T13:50:00.000+0000,793218.9619542402,793218.9619542402,999999.9999999999
2025-03-10T14:00:00.000+0000,793218.9619542402,793218.9619542402,999999.9999999999
2025-03-10T14:10:00.000+0000,793218.9619542402,793218.9619542402,999999.9999999999
2025-03-10T14:20:00.000+0000,793218.9619542402,793218.9619542402,999999.9999999999
2025-03-10T14:30:00.000+0000,793218.9619542402,793218.9619542402,999999.9999999999
2025-03-10T14:40:00.000+0000,793218.9619542402,793218.9619542402,999999.9999999999
2025-03-10T14:50:00.000+0000,793218.9619542402,793218.9619542402,999999.9999999999
2025-03-10T15:00:00.000+0000,793218.9619542402,793218.9619542402,999999.9999999999
2025-03-10T15:10:00.000+0000,793218.9619542402,793218.9619542402,999999.9999999999
2025-03-10T15:20:00.000+0000,793218.9619542402,793218.9619542402,999999.9999999999
2025-03-10T15:30:00.000+0000,793218.9619542402,793218.9619542402,999999.9999999999
2025-03-10T15:40:00.000+0000,793218.9619542402,793218.9619542402,999999.9999999999
2025-03-10T15:50:00.000+0000,793218.9619542402,793218.9619542402,999999.9999999999
2025-03-10T16:00:00.000+0000,793218.9619542402,793218.9619542402,999999.9999999999
2025-03-10T16:10:00.000+0000,793218.9619542402,793218.9619542402,999999.9999999999
2025-03-10T16:20:00.000+0000,793218.9619542402,793218.9619542402,999999.9999999999
2025-03-10T16:30:00.000+0000,793218.9619542402,793218.9619542402,999999.9999999999
2025-03-10T16:40:00.000+0000,793218.9619542402,793218.9619542402,999999.9999999999
2025-03-10T16:50:00.000+0000,793218.9619542402,793218.9619542402,999999.9999999999
2025-03-10T17:00:00.000+0000,793218.9619542402,793218.9619542402,999999.9999999999
2025-03-10T17:10:00.000+0000,793218.9619542402,793218.9619542402,999999.9999999999
2025-03-10T17:20:00.000+0000,793218.9619542402,793218.9619542402,999999.9999999999
2025-03-10T17:30:00.000+0000,793218.9619542402,793218.9619542402,999999.9999999999
2025-03-10T17:40:00.000+0000,793218.9619542402,793218.9619542402,999999.9999999999
2025-03-10T17:50:00.000+0000,793218.9619542402,793218.9619542402,999999.9999999999
2025-03-10T18:00:00.000+0000,793218.9619542402,793218.9619542402,999999.9999999999
2025-03-10T18:10:00.000+0000,793218.9619542402,793218.9619542402,999999.9999999999
2025-03-10T18:20:00.000+0000,793218.9619542402,793218.9619542402,999999.9999999999
2025-03-10T18:30:00.000+0000,793218.9619542402,793218.9619542402,999999.9999999999
2025-03-10T18:40:00.000+0000,793218.9619542402,793218.9619542402,999999.9999999999
2025-03-10T18:50:00.000+0000,793218.9619542402,793218.9619542402,999999.9999999999
2025-03-10T19:00:00.000+0000,793218.9619542402,793218.9619542402,999999.9999999999
2025-03-10T19:10:00.000+0000,793218.9619542402,793218.9619542402,999999.9999999999
2025-03-10T19:20:00.000+0000,793218.9619542402,793218.9619542402,999999.9999999999
2025-03-10T19:30:00.000+0000,793218.9619542402,793218.9619542402,999999.9999999999
2025-03-10T19:40:00.000+0000,793218.9619542402,793218.9619542402,999999.9999999999
2025-03-10T19:50:00.000+0000,793218.9619542402,793218.9619542402,999999.9999999999
2025-03-10T20:00:00.000+0000,793218.9619542402,793218.9619542402,999999.9999999999
2025-03-10T20:10:00.000+0000,793218.9619542402,793218.9619542402,999999.9999999999
2025-03-10T20:20:00.000+0000,793218.9619542402,793218.9619542402,999999.9999999999
2025-03-10T20:30:00.000+0000,793218.9619542402,793218.9619542402,999999.9999999999
2025-03-10T20:40:00.000+0000,793218.9619542402,793218.9619542402,999999.9999999999
2025-03-10T20:50:00.000+0000,793218.9619542402,793218.9619542402,999999.9999999999
2025-03-10T21:00:00.000+0000,793218.9619542402,793218.9619542402,999999.9999999999
2025-03-10T21:10:00.000+0000,793218.9619542402,793218.9619542402,999999.9999999999
2025-03-10T21:20:00.000+0000,793218.9619542402,793218.9619542402,999999.9999999999
2025-03-10T21:30:00.000+0000,793218.9619542402,793218.9619542402,999999.9999999999
2025-03-10T21:40:00.000+0000,793218.9619542402,793218.9619542402,999999.9999999999
2025-03-10T21:50:00.000+0000,793218.9619542402,793218.9619542402,999999.9999999999
2025-03-10T22:00:00.000+0000,793218.9619542402,793218.9619542402,999999.9999999999
2025-03-10T22:10:00.000+0000,793218.9619542402,793218.9619542402,999999.9999999999
2025-03-10T22:20:00.000+0000,793218.9619542402,793218.9619542402,999999.9999999999
2025-03-10T22:30:00.000+0000,793218.9619542402,793218.9619542402,999999.9999999999
2025-03-10T22:40:00.000+0000,793218.9619542402,793218.9619542402,999999.9999999999
2025-03-10T22:50:00.000+0000,793218.9619542402,793218.9619542402,999999.9999999999
2025-03-10T23:00:00.000+0000,793218.9619542402,793218.9619542402,999999.9999999999
2025-03-10T23:10:00.000+0000,793218.9619542402,793218.9619542402,999999.9999999999
2025-03-10T23:20:00.000+0000,793218.9619542402,793218.9619542402,999999.9999999999
2025-03-10T23:30:00.000+0000,793218.9619542402,793218.9619542402,999999.9999999999
2025-03-10T23:40:00.000+0000,793218.9619542402,793218.9619542402,999999.9999999999
2025-03-10T23:50:00.000+0000,793218.9619542402,793218.9619542402,999999.9999999999
2025-03-11T00:00:00.000+0000,793218.9619542402,793218.9619542402,999999.9999999999
2025-03-11T00:10:00.000+0000,793218.9619542402,793218.9619542402,999999.9999999999
2025-03-11T00:20:00.000+0000,793218.9619542402,793218.9619542402,999999.9999999999
2025-03-11T00:30:00.000+0000,793218.9619542402,793218.9619542402,999999.9999999999
2025-03-11T00:40:00.000+0000,793218.9619542402,793218.9619542402,999999.9999999999
2025-03-11T00:50:00.000+0000,793218.9619542402,793218.9619542402,999999.9999999999
2025-03-11T01:00:00.000+0000,793218.9619542402,793218.9619542402,999999.9999999999
2025-03-11T01:10:00.000+0000,793218.9619542402,793218.9619542402,999999.9999999999
2025-03-11T01:20:00.000+0000,793218.9619542402,793218.9619542402,999999.9999999999
2025-03-11T01:30:00.000+0000,793218.9619542402,793218.9619542402,999999.9999999999
2025-03-11T01:40:00.000+0000,793218.9619542402,793218.9619542402,999999.9999999999
2025-03-11T01:50:00.000+0000,793218.9619542402,793218.9619542402,999999.9999999999
2025-03-11T02:00:00.000+0000,793218.9619542402,793218.9619542402,999999.9999999999
2025-03-11T02:10:00.000+0000,793218.9619542402,793218.9619542402,999999.9999999999
2025-03-11T02:20:00.000+0000,793218.9619542402,793218.9619542402,999999.9999999999
2025-03-11T02:30:00.000+0000,793218.9619542402,793218.9619542402,999999.9999999999
2025-03-11T02:40:00.000+0000,793218.9619542402,793218.9619542402,999999.9999999999
2025-03-11T02:50:00.000+0000,793218.9619542402,793218.9619542402,999999.9999999999
2025-03-11T03:00:00.000+0000,793218.9619542402,793218.9619542402,999999.9999999999
2025-03-11T03:10:00.000+0000,793218.9619542402,793218.9619542402,999999.9999999999
2025-03-11T03:20:00.000+0000,793218.9619542402,793218.9619542402,999999.9999999999
2025-03-11T03:30:00.000+0000,793218.9619542402,793218.9619542402,999999.9999999999
2025-03-11T03:40:00.000+0000,793218.9619542402,793218.9619542402,999999.9999999999
2025-03-11T03:50:00.000+0000,793218.9619542402,793218.9619542402,999999.9999999999
2025-03-11T04:00:00.000+0000,793218.9619542402,793218.9619542402,999999.9999999999
2025-03-11T04:10:00.000+0000,793218.9619542402,793218.9619542402,999999.9999999999
2025-03-11T04:20:00.000+0000,793218.9619542402,793218.9619542402,999999.9999999999
2025-03-11T04:30:00.000+0000,793218.9619542402,793218.9619542402,999999.9999999999
2025-03-11T04:40:00.000+0000,793218.9619542402,793218.9619542402,999999.9999999999
2025-03-11T04:50:00.000+0000,793218.9619542402,793218.9619542402,999999.9999999999
2025-03-11T05:00:00.000+0000,793218.9619542402,793218.9619542402,999999.9999999999
2025-03-11T05:10:00.000+0000,793218.9619542402,793218.9619542402,999999.9999999999
2025-03-11T05:20:00.000+0000,793218.9619542402,793218.9619542402,999999.9999999999
2025-03-11T05:30:00.000+0000,793218.9619542402,793218.9619542402,999999.9999999999
2025-03-11T05:40:00.000+0000,793218.9619542402,793218.9619542402,999999.9999999999
2025-03-11T05:50:00.000+0000,793218.9619542402,793218.9619542402,999999.9999999999
2025-03-11T06:00:00.000+0000,793218.9619542402,793218.9619542402,999999.9999999999
2025-03-11T06:10:00.000+0000,793218.9619542402,793218.9619542402,999999.9999999999
2025-03-11T06:20:00.000+0000,793218.9619542402,793218.9619542402,999999.9999999999
2025-03-11T06:30:00.000+0000,793218.9619542402,793218.9619542402,999999.9999999999
2025-03-11T06:40:00.000+0000,793218.9619542402,793218.9619542402,999999.9999999999
2025-03-11T06:50:00.000+0000,793218.9619542402,793218.9619542402,999999.9999999999
2025-03-11T07:00:00.000+0000,793218.9619542402,793218.9619542402,999999.9999999999
2025-03-11T07:10:00.000+0000,793218.9619542402,793218.9619542402,999999.9999999999
2025-03-11T07:20:00.000+0000,793218.9619542402,793218.9619542402,999999.9999999999
2025-03-11T07:30:00.000+0000,793218.9619542402,793218.9619542402,999999.9999999999
2025-03-11T07:40:00.000+0000,793218.9619542402,793218.9619542402,999999.9999999999
2025-03-11T07:50:00.000+0000,793218.9619542402,793218.9619542402,999999.9999999999
2025-03-11T08:00:00.000+0000,793218.9619542402,793218.9619542402,999999.9999999999
2025-03-11T08:10:00.000+0000,793218.9619542402,793218.9619542402,999999.9999999999
2025-03-11T08:20:00.000+0000,793218.9619542402,793218.9619542402,999999.9999999999
2025-03-11T08:30:00.000+0000,793218.9619542402,793218.9619542402,999999.9999999999
2025-03-11T08:40:00.000+0000,793218.9619542402,793218.9619542402,999999.9999999999
2025-03-11T08:50:00.000+0000,793218.9619542402,793218.9619542402,999999.9999999999
2025-03-11T09:00:00.000+0000,793218.9619542402,793218.9619542402,999999.9999999999
2025-03-11T09:10:00.000+0000,793218.9619542402,793218.9619542402,999999.9999999999
2025-03-11T09:20:00.000+0000,793218.9619542402,793218.9619542402,999999.9999999999
2025-03-11T09:30:00.000+0000,793218.9619542402,793218.9619542402,999999.9999999999
2025-03-11T09:40:00.000+0000,793218.9619542402,793218.9619542402,999999.9999999999
2025-03-11T09:50:00.000+0000,793218.9619542402,793218.9619542402,999999.9999999999
2025-03-11T10:00:00.000+0000,793218.9619542402,793218.9619542402,999999.9999999999
2025-03-11T10:10:00.000+0000,793218.9619542402,793218.9619542402,999999.9999999999
2025-03-11T10:20:00.000+0000,793218.9619542402,793218.9619542402,999999.9999999999
2025-03-11T10:30:00.000+0000,793218.9619542402,793218.9619542402,999999.9999999999
2025-03-11T10:40:00.000+0000,793218.9619542402,793218.9619542402,999999.9999999999
2025-03-11T10:50:00.000+0000,793218.9619542402,793218.9619542402,999999.9999999999
2025-03-11T11:00:00.000+0000,793218.9619542402,793218.9619542402,999999.9999999999
2025-03-11T11:10:00.000+0000,793218.9619542402,793218.9619542402,999999.9999999999
2025-03-11T11:20:00.000+0000,793218.9619542402,793218.9619542402,999999.9999999999
2025-03-11T11:30:00.000+0000,793218.9619542402,793218.9619542402,999999.9999999999
2025-03-11T11:40:00.000+0000,793218.9619542402,793218.9619542402,999999.9999999999
2025-03-11T11:50:00.000+0000,793218.9619542402,793218.9619542402,999999.9999999999
2025-03-11T12:00:00.000+0000,793218.9619542402,793218.9619542402,999999.9999999999
2025-03-11T12:10:00.000+0000,793218.9619542402,793218.9619542402,999999.9999999999
2025-03-11T12:20:00.000+0000,793218.9619542402,793218.9619542402,999999.9999999999
2025-03-11T12:30:00.000+0000,793218.9619542402,793218.9619542402,999999.9999999999
2025-03-11T12:40:00.000+0000,793218.9619542402,793218.9619542402,999999.9999999999
2025-03-11T12:50:00.000+0000,793218.9619542402,793218.9619542402,999999.9999999999
2025-03-11T13:00:00.000+0000,793218.9619542402,793218.9619542402,999999.9999999999
2025-03-11T13:10:00.000+0000,793218.9619542402,793218.9619542402,999999.9999999999
2025-03-11T13:20:00.000+0000,793218.9619542402,793218.9619542402,999999.9999999999
2025-03-11T13:30:00.000+0000,793218.9619542402,793218.9619542402,999999.9999999999
2025-03-11T13:40:00.000+0000,793218.9619542402,793218.9619542402,999999.9999999999
2025-03-11T13:50:00.000+0000,793218.9619542402,793218.9619542402,999999.9999999999
2025-03-11T14:00:00.000+0000,793218.9619542402,793218.9619542402,999999.9999999999
2025-03-11T14:10:00.000+0000,793218.9619542402,793218.9619542402,999999.9999999999
2025-03-11T14:20:00.000+0000,793218.9619542402,793218.9619542402,999999.9999999999
2025-03-11T14:30:00.000+0000,793218.9619542402,793218.9619542402,999999.9999999999
2025-03-11T14:40:00.000+0000,793218.9619542402,793218.9619542402,999999.9999999999
2025-03-11T14:50:00.000+0000,793218.9619542402,793218.9619542402,999999.9999999999
2025-03-11T15:00:00.000+0000,793218.9619542402,793218.9619542402,999999.9999999999
2025-03-11T15:10:00.000+0000,793218.9619542402,793218.9619542402,999999.9999999999
2025-03-11T15:20:00.000+0000,793218.9619542402,793218.9619542402,999999.9999999999
2025-03-11T15:30:00.000+0000,793218.9619542402,793218.9619542402,999999.9999999999
2025-03-11T15:40:00.000+0000,793218.9619542402,793218.9619542402,999999.9999999999
2025-03-11T15:50:00.000+0000,793218.9619542402,793218.9619542402,999999.9999999999
2025-03-11T16:00:00.000+0000,793218.9619542402,793218.9619542402,999999.9999999999
2025-03-11T16:10:00.000+0000,793218.9619542402,793218.9619542402,999999.9999999999
2025-03-11T16:20:00.000+0000,793218.9619542402,793218.9619542402,999999.9999999999
2025-03-11T16:30:00.000+0000,793218.9619542402,793218.9619542402,999999.9999999999
2025-03-11T16:40:00.000+0000,793218.9619542402,793218.9619542402,999999.9999999999
2025-03-11T16:50:00.000+0000,793218.9619542402,793218.9619542402,999999.9999999999
2025-03-11T17:00:00.000+0000,793218.9619542402,793218.9619542402,999999.9999999999
2025-03-11T17:10:00.000+0000,793218.9619542402,793218.9619542402,999999.9999999999
2025-03-11T17:20:00.000+0000,793218.9619542402,793218.9619542402,999999.9999999999
2025-03-11T17:30:00.000+0000,793218.9619542402,793218.9619542402,999999.9999999999
2025-03-11T17:40:00.000+0000,793218.9619542402,793218.9619542402,999999.9999999999
2025-03-11T17:50:00.000+0000,793218.9619542402,793218.9619542402,999999.9999999999
2025-03-11T18:00:00.000+0000,793218.9619542402,793218.9619542402,999999.9999999999
2025-03-11T18:10:00.000+0000,793218.9619542402,793218.9619542402,999999.9999999999
2025-03-11T18:20:00.000+0000,793218.9619542402,793218.9619542402,999999.9999999999
2025-03-11T18:30:00.000+0000,793218.9619542402,793218.9619542402,999999.9999999999
2025-03-11T18:40:00.000+0000,793218.9619542402,793218.9619542402,999999.9999999999
2025-03-11T18:50:00.000+0000,793218.9619542402,793218.9619542402,999999.9999999999
2025-03-11T19:00:00.000+0000,793218.9619542402,793218.9619542402,999999.9999999999
2025-03-11T19:10:00.000+0000,793218.9619542402,793218.9619542402,999999.9999999999
2025-03-11T19:20:00.000+0000,793218.9619542402,793218.9619542402,999999.9999999999
2025-03-11T19:30:00.000+0000,793218.9619542402,793218.9619542402,999999.9999999999
2025-03-11T19:40:00.000+0000,793218.9619542402,793218.9619542402,999999.9999999999
2025-03-11T19:50:00.000+0000,793218.9619542402,793218.9619542402,999999.9999999999
2025-03-11T20:00:00.000+0000,793218.9619542402,793218.9619542402,999999.9999999999
2025-03-11T20:10:00.000+0000,793218.9619542402,793218.9619542402,999999.9999999999
2025-03-11T20:20:00.000+0000,793218.9619542402,793218.9619542402,999999.9999999999
2025-03-11T20:30:00.000+0000,793218.9619542402,793218.9619542402,999999.9999999999
2025-03-11T20:40:00.000+0000,793218.9619542402,793218.9619542402,999999.9999999999
2025-03-11T20:50:00.000+0000,793218.9619542402,793218.9619542402,999999.9999999999
2025-03-11T21:00:00.000+0000,793218.9619542402,793218.9619542402,999999.9999999999
2025-03-11T21:10:00.000+0000,793218.9619542402,793218.9619542402,999999.9999999999
2025-03-11T21:20:00.000+0000,793218.9619542402,793218.9619542402,999999.9999999999
2025-03-11T21:30:00.000+0000,793218.9619542402,793218.9619542402,999999.9999999999
2025-03-11T21:40:00.000+0000,793218.9619542402,793218.9619542402,999999.9999999999
2025-03-11T21:50:00.000+0000,793218.9619542402,793218.9619542402,999999.9999999999
2025-03-11T22:00:00.000+0000,793218.9619542402,793218.9619542402,999999.9999999999
2025-03-11T22:10:00.000+0000,793218.9619542402,793218.9619542402,999999.9999999999
2025-03-11T22:20:00.000+0000,793218.9619542402,793218.9619542402,999999.9999999999
2025-03-11T22:30:00.000+0000,793218.9619542402,793218.9619542402,999999.9999999999
2025-03-11T22:40:00.000+0000,793218.9619542402,793218.9619542402,999999.9999999999
2025-03-11T22:50:00.000+0000,793218.9619542402,793218.9619542402,999999.9999999999
2025-03-11T23:00:00.000+0000,793218.9619542402,793218.9619542402,999999.9999999999
2025-03-11T23:10:00.000+0000,793218.9619542402,793218.9619542402,999999.9999999999
2025-03-11T23:20:00.000+0000,793218.9619542402,793218.9619542402,999999.9999999999
2025-03-11T23:30:00.000+0000,793218.9619542402,793218.9619542402,999999.9999999999
2025-03-11T23:40:00.000+0000,793218.9619542402,793218.9619542402,999999.9999999999
2025-03-11T23:50:00.000+0000,793218.9619542402,793218.9619542402,999999.9999999999
2025-03-12T00:00:00.000+0000,793218.9619542402,793218.9619542402,999999.9999999999
2025-03-12T00:10:00.000+0000,793218.9619542402,793218.9619542402,999999.9999999999
2025-03-12T00:20:00.000+0000,793218.9619542402,793218.9619542402,999999.9999999999
2025-03-12T00:30:00.000+0000,793218.9619542402,793218.9619542402,999999.9999999999
2025-03-12T00:40:00.000+0000,793218.9619542402,793218.9619542402,999999.9999999999
2025-03-12T00:50:00.000+0000,793218.9619542402,793218.9619542402,999999.9999999999
2025-03-12T01:00:00.000+0000,793218.9619542402,793218.9619542402,999999.9999999999
2025-03-12T01:10:00.000+0000,793218.9619542402,793218.9619542402,999999.9999999999
2025-03-12T01:20:00.000+0000,793218.9619542402,793218.9619542402,999999.9999999999
2025-03-12T01:30:00.000+0000,793218.9619542402,793218.9619542402,999999.9999999999
2025-03-12T01:40:00.000+0000,793218.9619542402,793218.9619542402,999999.9999999999
2025-03-12T01:50:00.000+0000,793218.9619542402,793218.9619542402,999999.9999999999
2025-03-12T02:00:00.000+0000,793218.9619542402,793218.9619542402,999999.9999999999
2025-03-12T02:10:00.000+0000,793218.9619542402,793218.9619542402,999999.9999999999
2025-03-12T02:20:00.000+0000,793218.9619542402,793218.9619542402,999999.9999999999
2025-03-12T02:30:00.000+0000,793218.9619542402,793218.9619542402,999999.9999999999
2025-03-12T02:40:00.000+0000,793218.9619542402,793218.9619542402,999999.9999999999
2025-03-12T02:50:00.000+0000,793218.9619542402,793218.9619542402,999999.9999999999
2025-03-12T03:00:00.000+0000,793218.9619542402,793218.9619542402,999999.9999999999
2025-03-12T03:10:00.000+0000,793218.9619542402,793218.9619542402,999999.9999999999
2025-03-12T03:20:00.000+0000,793218.9619542402,793218.9619542402,999999.9999999999
2025-03-12T03:30:00.000+0000,793218.9619542402,793218.9619542402,999999.9999999999
2025-03-12T03:40:00.000+0000,793218.9619542402,793218.9619542402,999999.9999999999
2025-03-12T03:50:00.000+0000,793218.9619542402,793218.9619542402,999999.9999999999
2025-03-12T04:00:00.000+0000,793218.9619542402,793218.9619542402,999999.9999999999
2025-03-12T04:10:00.000+0000,793218.9619542402,793218.9619542402,999999.9999999999
2025-03-12T04:20:00.000+0000,793218.9619542402,793218.9619542402,999999.9999999999
2025-03-12T04:30:00.000+0000,793218.9619542402,793218.9619542402,999999.9999999999
2025-03-12T04:40:00.000+0000,793218.9619542402,793218.9619542402,999999.9999999999
2025-03-12T04:50:00.000+0000,793218.9619542402,793218.9619542402,999999.9999999999
2025-03-12T05:00:00.000+0000,793218.9619542402,793218.9619542402,999999.9999999999
2025-03-12T05:10:00.000+0000,793218.9619542402,793218.9619542402,999999.9999999999
2025-03-12T05:20:00.000+0000,793218.9619542402,793218.9619542402,999999.9999999999
2025-03-12T05:30:00.000+0000,793218.9619542402,793218.9619542402,999999.9999999999
2025-03-12T05:40:00.000+0000,793218.9619542402,793218.9619542402,999999.9999999999
2025-03-12T05:50:00.000+0000,793218.9619542402,793218.9619542402,999999.9999999999
2025-03-12T06:00:00.000+0000,793218.9619542402,793218.9619542402,999999.9999999999
2025-03-12T06:10:00.000+0000,793218.9619542402,793218.9619542402,999999.9999999999
2025-03-12T06:20:00.000+0000,793218.9619542402,793218.9619542402,999999.9999999999
2025-03-12T06:30:00.000+0000,793218.9619542402,793218.9619542402,999999.9999999999
2025-03-12T06:40:00.000+0000,793218.9619542402,793218.9619542402,999999.9999999999
2025-03-12T06:50:00.000+0000,793218.9619542402,793218.9619542402,999999.9999999999
2025-03-12T07:00:00.000+0000,793218.9619542402,793218.9619542402,999999.9999999999
2025-03-12T07:10:00.000+0000,793218.9619542402,793218.9619542402,999999.9999999999
2025-03-12T07:20:00.000+0000,793218.9619542402,793218.9619542402,999999.9999999999
2025-03-12T07:30:00.000+0000,793218.9619542402,793218.9619542402,999999.9999999999
2025-03-12T07:40:00.000+0000,793218.9619542402,793218.9619542402,999999.9999999999
2025-03-12T07:50:00.000+0000,793218.9619542402,793218.9619542402,999999.9999999999
2025-03-12T08:00:00.000+0000,793218.9619542402,793218.9619542402,999999.9999999999
2025-03-12T08:10:00.000+0000,793218.9619542402,793218.9619542402,999999.9999999999
2025-03-12T08:20:00.000+0000,793218.9619542402,793218.9619542402,999999.9999999999
2025-03-12T08:30:00.000+0000,793218.9619542402,793218.9619542402,999999.9999999999
2025-03-12T08:40:00.000+0000,793218.9619542402,793218.9619542402,999999.9999999999
2025-03-12T08:50:00.000+0000,793218.9619542402,793218.9619542402,999999.9999999999
2025-03-12T09:00:00.000+0000,793218.9619542402,793218.9619542402,999999.9999999999
2025-03-12T09:10:00.000+0000,793218.9619542402,793218.9619542402,999999.9999999999
2025-03-12T09:20:00.000+0000,793218.9619542402,793218.9619542402,999999.9999999999
2025-03-12T09:30:00.000+0000,793218.9619542402,793218.9619542402,999999.9999999999
2025-03-12T09:40:00.000+0000,793218.9619542402,793218.9619542402,999999.9999999999
2025-03-12T09:50:00.000+0000,793218.9619542402,793218.9619542402,999999.9999999999
2025-03-12T10:00:00.000+0000,793218.9619542402,793218.9619542402,999999.9999999999
2025-03-12T10:10:00.000+0000,793218.9619542402,793218.9619542402,999999.9999999999
2025-03-12T10:20:00.000+0000,793218.9619542402,793218.9619542402,999999.9999999999
2025-03-12T10:30:00.000+0000,793218.9619542402,793218.9619542402,999999.9999999999
2025-03-12T10:40:00.000+0000,793218.9619542402,793218.9619542402,999999.9999999999
2025-03-12T10:50:00.000+0000,793218.9619542402,793218.9619542402,999999.9999999999
2025-03-12T11:00:00.000+0000,793218.9619542402,793218.9619542402,999999.9999999999
2025-03-12T11:10:00.000+0000,793218.9619542402,793218.9619542402,999999.9999999999
2025-03-12T11:20:00.000+0000,793218.9619542402,793218.9619542402,999999.9999999999
2025-03-12T11:30:00.000+0000,793218.9619542402,793218.9619542402,999999.9999999999
2025-03-12T11:40:00.000+0000,793218.9619542402,793218.9619542402,999999.9999999999
2025-03-12T11:50:00.000+0000,793218.9619542402,793218.9619542402,999999.9999999999
2025-03-12T12:00:00.000+0000,793218.9619542402,793218.9619542402,999999.9999999999
2025-03-12T12:10:00.000+0000,793218.9619542402,793218.9619542402,999999.9999999999
2025-03-12T12:20:00.000+0000,793218.9619542402,793218.9619542402,999999.9999999999
2025-03-12T12:30:00.000+0000,793218.9619542402,793218.9619542402,999999.9999999999
2025-03-12T12:40:00.000+0000,793218.9619542402,793218.9619542402,999999.9999999999
2025-03-12T12:50:00.000+0000,793218.9619542402,793218.9619542402,999999.9999999999
2025-03-12T13:00:00.000+0000,793218.9619542402,793218.9619542402,999999.9999999999
2025-03-12T13:10:00.000+0000,793218.9619542402,793218.9619542402,999999.9999999999
2025-03-12T13:20:00.000+0000,793218.9619542402,793218.9619542402,999999.9999999999
2025-03-12T13:30:00.000+0000,793218.9619542402,793218.9619542402,999999.9999999999
2025-03-12T13:40:00.000+0000,793218.9619542402,793218.9619542402,999999.9999999999
2025-03-12T13:50:00.000+0000,793218.9619542402,793218.9619542402,999999.9999999999
2025-03-12T14:00:00.000+0000,793218.9619542402,793218.9619542402,999999.9999999999
2025-03-12T14:10:00.000+0000,793218.9619542402,793218.9619542402,999999.9999999999
2025-03-12T14:20:00.000+0000,793218.9619542402,793218.9619542402,999999.9999999999
2025-03-12T14:30:00.000+0000,793218.9619542402,793218.9619542402,999999.9999999999
2025-03-12T14:40:00.000+0000,793218.9619542402,793218.9619542402,999999.9999999999
2025-03-12T14:50:00.000+0000,793218.9619542402,793218.9619542402,999999.9999999999
2025-03-12T15:00:00.000+0000,793218.9619542402,793218.9619542402,999999.9999999999
2025-03-12T15:10:00.000+0000,793218.9619542402,793218.9619542402,999999.9999999999
2025-03-12T15:20:00.000+0000,793218.9619542402,793218.9619542402,999999.9999999999
2025-03-12T15:30:00.000+0000,793218.9619542402,793218.9619542402,999999.9999999999
2025-03-12T15:40:00.000+0000,793218.9619542402,793218.9619542402,999999.9999999999
2025-03-12T15:50:00.000+0000,793218.9619542402,793218.9619542402,999999.9999999999
2025-03-12T16:00:00.000+0000,793218.9619542402,793218.9619542402,999999.9999999999
2025-03-12T16:10:00.000+0000,793218.9619542402,793218.9619542402,999999.9999999999
2025-03-12T16:20:00.000+0000,793218.9619542402,793218.9619542402,999999.9999999999
2025-03-12T16:30:00.000+0000,793218.9619542402,793218.9619542402,999999.9999999999
2025-03-12T16:40:00.000+0000,793218.9619542402,793218.9619542402,999999.9999999999
2025-03-12T16:50:00.000+0000,793218.9619542402,793218.9619542402,999999.9999999999
2025-03-12T17:00:00.000+0000,793218.9619542402,793218.9619542402,999999.9999999999
2025-03-12T17:10:00.000+0000,793218.9619542402,793218.9619542402,999999.9999999999
2025-03-12T17:20:00.000+0000,793218.9619542402,793218.9619542402,999999.9999999999
2025-03-12T17:30:00.000+0000,793218.9619542402,793218.9619542402,999999.9999999999
2025-03-12T17:40:00.000+0000,793218.9619542402,793218.9619542402,999999.9999999999
2025-03-12T17:50:00.000+0000,793218.9619542402,793218.9619542402,999999.9999999999
2025-03-12T18:00:00.000+0000,793218.9619542402,793218.9619542402,999999.9999999999
2025-03-12T18:10:00.000+0000,793218.9619542402,793218.9619542402,999999.9999999999
2025-03-12T18:20:00.000+0000,793218.9619542402,793218.9619542402,999999.9999999999
2025-03-12T18:30:00.000+0000,793218.9619542402,793218.9619542402,999999.9999999999
2025-03-12T18:40:00.000+0000,793218.9619542402,793218.9619542402,999999.9999999999
2025-03-12T18:50:00.000+0000,793218.9619542402,793218.9619542402,999999.9999999999
2025-03-12T19:00:00.000+0000,793218.9619542402,793218.9619542402,999999.9999999999
2025-03-12T19:10:00.000+0000,793218.9619542402,793218.9619542402,999999.9999999999
2025-03-12T19:20:00.000+0000,793218.9619542402,793218.9619542402,999999.9999999999
2025-03-12T19:30:00.000+0000,793218.9619542402,793218.9619542402,999999.9999999999
2025-03-12T19:40:00.000+0000,793218.9619542402,793218.9619542402,999999.9999999999
2025-03-12T19:50:00.000+0000,793218.9619542402,793218.9619542402,999999.9999999999
2025-03-12T20:00:00.000+0000,793218.9619542402,793218.9619542402,999999.9999999999
2025-03-12T20:10:00.000+0000,793218.9619542402,793218.9619542402,999999.9999999999
2025-03-12T20:20:00.000+0000,793218.9619542402,793218.9619542402,999999.9999999999
2025-03-12T20:30:00.000+0000,793218.9619542402,793218.9619542402,999999.9999999999
2025-03-12T20:40:00.000+0000,793218.9619542402,793218.9619542402,999999.9999999999
2025-03-12T20:50:00.000+0000,793218.9619542402,793218.9619542402,999999.9999999999
2025-03-12T21:00:00.000+0000,793218.9619542402,793218.9619542402,999999.9999999999
2025-03-12T21:10:00.000+0000,793218.9619542402,793218.9619542402,999999.9999999999
2025-03-12T21:20:00.000+0000,793218.9619542402,793218.9619542402,999999.9999999999
2025-03-12T21:30:00.000+0000,793218.9619542402,793218.9619542402,999999.9999999999
2025-03-12T21:40:00.000+0000,793218.9619542402,793218.9619542402,999999.9999999999
2025-03-12T21:50:00.000+0000,793218.9619542402,793218.9619542402,999999.9999999999
2025-03-12T22:00:00.000+0000,793218.9619542402,793218.9619542402,999999.9999999999
2025-03-12T22:10:00.000+0000,793218.9619542402,793218.9619542402,999999.9999999999
2025-03-12T22:20:00.000+0000,793218.9619542402,793218.9619542402,999999.9999999999
2025-03-12T22:30:00.000+0000,793218.9619542402,793218.9619542402,999999.9999999999
2025-03-12T22:40:00.000+0000,793218.9619542402,793218.9619542402,999999.9999999999
2025-03-12T22:50:00.000+0000,793218.9619542402,793218.9619542402,999999.9999999999
2025-03-12T23:00:00.000+0000,793218.9619542402,793218.9619542402,999999.9999999999
2025-03-12T23:10:00.000+0000,793218.9619542402,793218.9619542402,999999.9999999999
2025-03-12T23:20:00.000+0000,793218.9619542402,793218.9619542402,999999.9999999999
2025-03-12T23:30:00.000+0000,793218.9619542402,793218.9619542402,999999.9999999999
2025-03-12T23:40:00.000+0000,793218.9619542402,793218.9619542402,999999.9999999999
2025-03-12T23:50:00.000+0000,793218.9619542402,793218.9619542402,999999.9999999999
2025-03-13T00:00:00.000+0000,793218.9619542402,793218.9619542402,999999.9999999999
2025-03-13T00:10:00.000+0000,793218.9619542402,793218.9619542402,999999.9999999999
2025-03-13T00:20:00.000+0000,793218.9619542402,793218.9619542402,999999.9999999999
2025-03-13T00:30:00.000+0000,793218.9619542402,793218.9619542402,999999.9999999999
2025-03-13T00:40:00.000+0000,793218.9619542402,793218.9619542402,999999.9999999999
2025-03-13T00:50:00.000+0000,793218.9619542402,793218.9619542402,999999.9999999999
2025-03-13T01:00:00.000+0000,793218.9619542402,793218.9619542402,999999.9999999999
2025-03-13T01:10:00.000+0000,793218.9619542402,793218.9619542402,999999.9999999999
2025-03-13T01:20:00.000+0000,793218.9619542402,793218.9619542402,999999.9999999999
2025-03-13T01:30:00.000+0000,793218.9619542402,793218.9619542402,999999.9999999999
2025-03-13T01:40:00.000+0000,793218.9619542402,793218.9619542402,999999.9999999999
2025-03-13T01:50:00.000+0000,793218.9619542402,793218.9619542402,999999.9999999999
2025-03-13T02:00:00.000+0000,793218.9619542402,793218.9619542402,999999.9999999999
2025-03-13T02:10:00.000+0000,793218.9619542402,793218.9619542402,999999.9999999999
2025-03-13T02:20:00.000+0000,793218.9619542402,793218.9619542402,999999.9999999999
2025-03-13T02:30:00.000+0000,793218.9619542402,793218.9619542402,999999.9999999999
2025-03-13T02:40:00.000+0000,793218.9619542402,793218.9619542402,999999.9999999999
2025-03-13T02:50:00.000+0000,793218.9619542402,793218.9619542402,999999.9999999999
2025-03-13T03:00:00.000+0000,793218.9619542402,793218.9619542402,999999.9999999999
2025-03-13T03:10:00.000+0000,793218.9619542402,793218.9619542402,999999.9999999999
2025-03-13T03:20:00.000+0000,793218.9619542402,793218.9619542402,999999.9999999999
2025-03-13T03:30:00.000+0000,793218.9619542402,793218.9619542402,999999.9999999999
2025-03-13T03:40:00.000+0000,793218.9619542402,793218.9619542402,999999.9999999999
2025-03-13T03:50:00.000+0000,793218.9619542402,793218.9619542402,999999.9999999999
2025-03-13T04:00:00.000+0000,793218.9619542402,793218.9619542402,999999.9999999999
2025-03-13T04:10:00.000+0000,793218.9619542402,793218.9619542402,999999.9999999999
2025-03-13T04:20:00.000+0000,793218.9619542402,793218.9619542402,999999.9999999999
2025-03-13T04:30:00.000+0000,793218.9619542402,793218.9619542402,999999.9999999999
2025-03-13T04:40:00.000+0000,793218.9619542402,793218.9619542402,999999.9999999999
2025-03-13T04:50:00.000+0000,793218.9619542402,793218.9619542402,999999.9999999999
2025-03-13T05:00:00.000+0000,793218.9619542402,793218.9619542402,999999.9999999999
2025-03-13T05:10:00.000+0000,793218.9619542402,793218.9619542402,999999.9999999999
2025-03-13T05:20:00.000+0000,793218.9619542402,793218.9619542402,999999.9999999999
2025-03-13T05:30:00.000+0000,793218.9619542402,793218.9619542402,999999.9999999999
2025-03-13T05:40:00.000+0000,793218.9619542402,793218.9619542402,999999.9999999999
2025-03-13T05:50:00.000+0000,793218.9619542402,793218.9619542402,999999.9999999999
2025-03-13T06:00:00.000+0000,793218.9619542402,793218.9619542402,999999.9999999999
2025-03-13T06:10:00.000+0000,793218.9619542402,793218.9619542402,999999.9999999999
2025-03-13T06:20:00.000+0000,793218.9619542402,793218.9619542402,999999.9999999999
2025-03-13T06:30:00.000+0000,793218.9619542402,793218.9619542402,999999.9999999999
2025-03-13T06:40:00.000+0000,793218.9619542402,793218.9619542402,999999.9999999999
2025-03-13T06:50:00.000+0000,793218.9619542402,793218.9619542402,999999.9999999999
2025-03-13T07:00:00.000+0000,793218.9619542402,793218.9619542402,999999.9999999999
2025-03-13T07:10:00.000+0000,793218.9619542402,793218.9619542402,999999.9999999999
2025-03-13T07:20:00.000+0000,793218.9619542402,793218.9619542402,999999.9999999999
2025-03-13T07:30:00.000+0000,793218.9619542402,793218.9619542402,999999.9999999999
2025-03-13T07:40:00.000+0000,793218.9619542402,793218.9619542402,999999.9999999999
2025-03-13T07:50:00.000+0000,793218.9619542402,793218.9619542402,999999.9999999999
2025-03-13T08:00:00.000+0000,793218.9619542402,793218.9619542402,999999.9999999999
2025-03-13T08:10:00.000+0000,793218.9619542402,793218.9619542402,999999.9999999999
2025-03-13T08:20:00.000+0000,793218.9619542402,793218.9619542402,999999.9999999999
2025-03-13T08:30:00.000+0000,793218.9619542402,793218.9619542402,999999.9999999999
2025-03-13T08:40:00.000+0000,793218.9619542402,793218.9619542402,999999.9999999999
2025-03-13T08:50:00.000+0000,793218.9619542402,793218.9619542402,999999.9999999999
2025-03-13T09:00:00.000+0000,793218.9619542402,793218.9619542402,999999.9999999999
2025-03-13T09:10:00.000+0000,793218.9619542402,793218.9619542402,999999.9999999999
2025-03-13T09:20:00.000+0000,793218.9619542402,793218.9619542402,999999.9999999999
2025-03-13T09:30:00.000+0000,793218.9619542402,793218.9619542402,999999.9999999999
2025-03-13T09:40:00.000+0000,793218.9619542402,793218.9619542402,999999.9999999999
2025-03-13T09:50:00.000+0000,793218.9619542402,793218.9619542402,999999.9999999999
2025-03-13T10:00:00.000+0000,793218.9619542402,793218.9619542402,999999.9999999999
2025-03-13T10:10:00.000+0000,793218.9619542402,793218.9619542402,999999.9999999999
2025-03-13T10:20:00.000+0000,793218.9619542402,793218.9619542402,999999.9999999999
2025-03-13T10:30:00.000+0000,793218.9619542402,793218.9619542402,999999.9999999999
2025-03-13T10:40:00.000+0000,793218.9619542402,793218.9619542402,999999.9999999999
2025-03-13T10:50:00.000+0000,793218.9619542402,793218.9619542402,999999.9999999999
2025-03-13T11:00:00.000+0000,793218.9619542402,793218.9619542402,999999.9999999999
2025-03-13T11:10:00.000+0000,793218.9619542402,793218.9619542402,999999.9999999999
2025-03-13T11:20:00.000+0000,793218.9619542402,793218.9619542402,999999.9999999999
2025-03-13T11:30:00.000+0000,793218.9619542402,793218.9619542402,999999.9999999999
2025-03-13T11:40:00.000+0000,793218.9619542402,793218.9619542402,999999.9999999999
2025-03-13T11:50:00.000+0000,793218.9619542402,793218.9619542402,999999.9999999999
2025-03-13T12:00:00.000+0000,793218.9619542402,793218.9619542402,999999.9999999999
2025-03-13T12:10:00.000+0000,793218.9619542402,793218.9619542402,999999.9999999999
2025-03-13T12:20:00.000+0000,793218.9619542402,793218.9619542402,999999.9999999999
2025-03-13T12:30:00.000+0000,793218.9619542402,793218.9619542402,999999.9999999999
2025-03-13T12:40:00.000+0000,793218.9619542402,793218.9619542402,999999.9999999999
2025-03-13T12:50:00.000+0000,793218.9619542402,793218.9619542402,999999.9999999999
2025-03-13T13:00:00.000+0000,793218.9619542402,793218.9619542402,999999.9999999999
2025-03-13T13:10:00.000+0000,793218.9619542402,793218.9619542402,999999.9999999999
2025-03-13T13:20:00.000+0000,793218.9619542402,793218.9619542402,999999.9999999999
2025-03-13T13:30:00.000+0000,793218.9619542402,793218.9619542402,999999.9999999999
2025-03-13T13:40:00.000+0000,793218.9619542402,793218.9619542402,999999.9999999999
2025-03-13T13:50:00.000+0000,793218.9619542402,793218.9619542402,999999.9999999999
2025-03-13T14:00:00.000+0000,793218.9619542402,793218.9619542402,999999.9999999999
2025-03-13T14:10:00.000+0000,793218.9619542402,793218.9619542402,999999.9999999999
2025-03-13T14:20:00.000+0000,793218.9619542402,793218.9619542402,999999.9999999999
2025-03-13T14:30:00.000+0000,793218.9619542402,793218.9619542402,999999.9999999999
2025-03-13T14:40:00.000+0000,793218.9619542402,793218.9619542402,999999.9999999999
2025-03-13T14:50:00.000+0000,793218.9619542402,793218.9619542402,999999.9999999999
2025-03-13T15:00:00.000+0000,793218.9619542402,793218.9619542402,999999.9999999999
2025-03-13T15:10:00.000+0000,793218.9619542402,793218.9619542402,999999.9999999999
2025-03-13T15:20:00.000+0000,793218.9619542402,793218.9619542402,999999.9999999999
2025-03-13T15:30:00.000+0000,793218.9619542402,793218.9619542402,999999.9999999999
2025-03-13T15:40:00.000+0000,793218.9619542402,793218.9619542402,999999.9999999999
2025-03-13T15:50:00.000+0000,793218.9619542402,793218.9619542402,999999.9999999999
2025-03-13T16:00:00.000+0000,793218.9619542402,793218.9619542402,999999.9999999999
2025-03-13T16:10:00.000+0000,793218.9619542402,793218.9619542402,999999.9999999999
2025-03-13T16:20:00.000+0000,793218.9619542402,793218.9619542402,999999.9999999999
2025-03-13T16:30:00.000+0000,793218.9619542402,793218.9619542402,999999.9999999999
2025-03-13T16:40:00.000+0000,793218.9619542402,793218.9619542402,999999.9999999999
2025-03-13T16:50:00.000+0000,793218.9619542402,793218.9619542402,999999.9999999999
2025-03-13T17:00:00.000+0000,793218.9619542402,793218.9619542402,999999.9999999999
2025-03-13T17:10:00.000+0000,793218.9619542402,793218.9619542402,999999.9999999999
2025-03-13T17:20:00.000+0000,793218.9619542402,793218.9619542402,999999.9999999999
2025-03-13T17:30:00.000+0000,793218.9619542402,793218.9619542402,999999.9999999999
2025-03-13T17:40:00.000+0000,793218.9619542402,793218.9619542402,999999.9999999999
2025-03-13T17:50:00.000+0000,793218.9619542402,793218.9619542402,999999.9999999999
2025-03-13T18:00:00.000+0000,793218.9619542402,793218.9619542402,999999.9999999999
2025-03-13T18:10:00.000+0000,793218.9619542402,793218.9619542402,999999.9999999999
2025-03-13T18:20:00.000+0000,793218.9619542402,793218.9619542402,999999.9999999999
2025-03-13T18:30:00.000+0000,793218.9619542402,793218.9619542402,999999.9999999999
2025-03-13T18:40:00.000+0000,793218.9619542402,793218.9619542402,999999.9999999999
2025-03-13T18:50:00.000+0000,793218.9619542402,793218.9619542402,999999.9999999999
2025-03-13T19:00:00.000+0000,793218.9619542402,793218.9619542402,999999.9999999999
2025-03-13T19:10:00.000+0000,793218.9619542402,793218.9619542402,999999.9999999999
2025-03-13T19:20:00.000+0000,793218.9619542402,793218.9619542402,999999.9999999999
2025-03-13T19:30:00.000+0000,793218.9619542402,793218.9619542402,999999.9999999999
2025-03-13T19:40:00.000+0000,793218.9619542402,793218.9619542402,999999.9999999999
2025-03-13T19:50:00.000+0000,793218.9619542402,793218.9619542402,999999.9999999999
2025-03-13T20:00:00.000+0000,793218.9619542402,793218.9619542402,999999.9999999999
2025-03-13T20:10:00.000+0000,793218.9619542402,793218.9619542402,999999.9999999999
2025-03-13T20:20:00.000+0000,793218.9619542402,793218.9619542402,999999.9999999999
2025-03-13T20:30:00.000+0000,793218.9619542402,793218.9619542402,999999.9999999999
2025-03-13T20:40:00.000+0000,793218.9619542402,793218.9619542402,999999.9999999999
2025-03-13T20:50:00.000+0000,793218.9619542402,793218.9619542402,999999.9999999999
2025-03-13T21:00:00.000+0000,793218.9619542402,793218.9619542402,999999.9999999999
2025-03-13T21:10:00.000+0000,793218.9619542402,793218.9619542402,999999.9999999999
2025-03-13T21:20:00.000+0000,793218.9619542402,793218.9619542402,999999.9999999999
2025-03-13T21:30:00.000+0000,793218.9619542402,793218.9619542402,999999.9999999999
2025-03-13T21:40:00.000+0000,793218.9619542402,793218.9619542402,999999.9999999999
2025-03-13T21:50:00.000+0000,793218.9619542402,793218.9619542402,999999.9999999999
2025-03-13T22:00:00.000+0000,793218.9619542402,793218.9619542402,999999.9999999999
2025-03-13T22:10:00.000+0000,793218.9619542402,793218.9619542402,999999.9999999999
2025-03-13T22:20:00.000+0000,793218.9619542402,793218.9619542402,999999.9999999999
2025-03-13T22:30:00.000+0000,793218.9619542402,793218.9619542402,999999.9999999999
2025-03-13T22:40:00.000+0000,793218.9619542402,793218.9619542402,999999.9999999999
2025-03-13T22:50:00.000+0000,793218.9619542402,793218.9619542402,999999.9999999999
2025-03-13T23:00:00.000+0000,793218.9619542402,793218.9619542402,999999.9999999999
2025-03-13T23:10:00.000+0000,793218.9619542402,793218.9619542402,999999.9999999999
2025-03-13T23:20:00.000+0000,793218.9619542402,793218.9619542402,999999.9999999999
2025-03-13T23:30:00.000+0000,793218.9619542402,793218.9619542402,999999.9999999999
2025-03-13T23:40:00.000+0000,793218.9619542402,793218.9619542402,999999.9999999999
2025-03-13T23:50:00.000+0000,793218.9619542402,793218.9619542402,999999.9999999999
2025-03-14T00:00:00.000+0000,793218.9619542402,793218.9619542402,999999.9999999999
2025-03-14T00:10:00.000+0000,793218.9619542402,793218.9619542402,999999.9999999999
2025-03-14T00:20:00.000+0000,793218.9619542402,793218.9619542402,999999.9999999999
2025-03-14T00:30:00.000+0000,793218.9619542402,793218.9619542402,999999.9999999999
2025-03-14T00:40:00.000+0000,793218.9619542402,793218.9619542402,999999.9999999999
2025-03-14T00:50:00.000+0000,793218.9619542402,793218.9619542402,999999.9999999999
2025-03-14T01:00:00.000+0000,793218.9619542402,793218.9619542402,999999.9999999999
2025-03-14T01:10:00.000+0000,793218.9619542402,793218.9619542402,999999.9999999999
2025-03-14T01:20:00.000+0000,793218.9619542402,793218.9619542402,999999.9999999999
2025-03-14T01:30:00.000+0000,793218.9619542402,793218.9619542402,999999.9999999999
2025-03-14T01:40:00.000+0000,793218.9619542402,793218.9619542402,999999.9999999999
2025-03-14T01:50:00.000+0000,793218.9619542402,793218.9619542402,999999.9999999999
2025-03-14T02:00:00.000+0000,793218.9619542402,793218.9619542402,999999.9999999999
2025-03-14T02:10:00.000+0000,793218.9619542402,793218.9619542402,999999.9999999999
2025-03-14T02:20:00.000+0000,793218.9619542402,793218.9619542402,999999.9999999999
2025-03-14T02:30:00.000+0000,793218.9619542402,793218.9619542402,999999.9999999999
2025-03-14T02:40:00.000+0000,793218.9619542402,793218.9619542402,999999.9999999999
2025-03-14T02:50:00.000+0000,793218.9619542402,793218.9619542402,999999.9999999999
2025-03-14T03:00:00.000+0000,793218.9619542402,793218.9619542402,999999.9999999999
2025-03-14T03:10:00.000+0000,793218.9619542402,793218.9619542402,999999.9999999999
2025-03-14T03:20:00.000+0000,793218.9619542402,793218.9619542402,999999.9999999999
2025-03-14T03:30:00.000+0000,793218.9619542402,793218.9619542402,999999.9999999999
2025-03-14T03:40:00.000+0000,793218.9619542402,793218.9619542402,999999.9999999999
2025-03-14T03:50:00.000+0000,793218.9619542402,793218.9619542402,999999.9999999999
2025-03-14T04:00:00.000+0000,793218.9619542402,793218.9619542402,999999.9999999999
2025-03-14T04:10:00.000+0000,793218.9619542402,793218.9619542402,999999.9999999999
2025-03-14T04:20:00.000+0000,793218.9619542402,793218.9619542402,999999.9999999999
2025-03-14T04:30:00.000+0000,793218.9619542402,793218.9619542402,999999.9999999999
2025-03-14T04:40:00.000+0000,793218.9619542402,793218.9619542402,999999.9999999999
2025-03-14T04:50:00.000+0000,793218.9619542402,793218.9619542402,999999.9999999999
2025-03-14T05:00:00.000+0000,793218.9619542402,793218.9619542402,999999.9999999999
2025-03-14T05:10:00.000+0000,793218.9619542402,793218.9619542402,999999.9999999999
2025-03-14T05:20:00.000+0000,793218.9619542402,793218.9619542402,999999.9999999999
2025-03-14T05:30:00.000+0000,793218.9619542402,793218.9619542402,999999.9999999999
2025-03-14T05:40:00.000+0000,793218.9619542402,793218.9619542402,999999.9999999999
2025-03-14T05:50:00.000+0000,793218.9619542402,793218.9619542402,999999.9999999999
2025-03-14T06:00:00.000+0000,793218.9619542402,793218.9619542402,999999.9999999999
2025-03-14T06:10:00.000+0000,793218.9619542402,793218.9619542402,999999.9999999999
2025-03-14T06:20:00.000+0000,793218.9619542402,793218.9619542402,999999.9999999999
2025-03-14T06:30:00.000+0000,793218.9619542402,793218.9619542402,999999.9999999999
2025-03-14T06:40:00.000+0000,793218.9619542402,793218.9619542402,999999.9999999999
2025-03-14T06:50:00.000+0000,793218.9619542402,793218.9619542402,999999.9999999999
2025-03-14T07:00:00.000+0000,793218.9619542402,793218.9619542402,999999.9999999999
2025-03-14T07:10:00.000+0000,793218.9619542402,793218.9619542402,999999.9999999999
2025-03-14T07:20:00.000+0000,793218.9619542402,793218.9619542402,999999.9999999999
2025-03-14T07:30:00.000+0000,793218.9619542402,793218.9619542402,999999.9999999999
2025-03-14T07:40:00.000+0000,793218.9619542402,793218.9619542402,999999.9999999999
2025-03-14T07:50:00.000+0000,793218.9619542402,793218.9619542402,999999.9999999999
2025-03-14T08:00:00.000+0000,793218.9619542402,793218.9619542402,999999.9999999999
2025-03-14T08:10:00.000+0000,793218.9619542402,793218.9619542402,999999.9999999999
2025-03-14T08:20:00.000+0000,793218.9619542402,793218.9619542402,999999.9999999999
2025-03-14T08:30:00.000+0000,793218.9619542402,793218.9619542402,999999.9999999999
2025-03-14T08:40:00.000+0000,793218.9619542402,793218.9619542402,999999.9999999999
2025-03-14T08:50:00.000+0000,793218.9619542402,793218.9619542402,999999.9999999999
2025-03-14T09:00:00.000+0000,793218.9619542402,793218.9619542402,999999.9999999999
2025-03-14T09:10:00.000+0000,793218.9619542402,793218.9619542402,999999.9999999999
2025-03-14T09:20:00.000+0000,793218.9619542402,793218.9619542402,999999.9999999999
2025-03-14T09:30:00.000+0000,793218.9619542402,793218.9619542402,999999.9999999999
2025-03-14T09:40:00.000+0000,793218.9619542402,793218.9619542402,999999.9999999999
2025-03-14T09:50:00.000+0000,793218.9619542402,793218.9619542402,999999.9999999999
2025-03-14T10:00:00.000+0000,793218.9619542402,793218.9619542402,999999.9999999999
2025-03-14T10:10:00.000+0000,793218.9619542402,793218.9619542402,999999.9999999999
2025-03-14T10:20:00.000+0000,793218.9619542402,793218.9619542402,999999.9999999999
2025-03-14T10:30:00.000+0000,793218.9619542402,793218.9619542402,999999.9999999999
2025-03-14T10:40:00.000+0000,793218.9619542402,793218.9619542402,999999.9999999999
2025-03-14T10:50:00.000+0000,793218.9619542402,793218.9619542402,999999.9999999999
2025-03-14T11:00:00.000+0000,793218.9619542402,793218.9619542402,999999.9999999999
2025-03-14T11:10:00.000+0000,793218.9619542402,793218.9619542402,999999.9999999999
2025-03-14T11:20:00.000+0000,793218.9619542402,793218.9619542402,999999.9999999999
2025-03-14T11:30:00.000+0000,793218.9619542402,793218.9619542402,999999.9999999999
2025-03-14T11:40:00.000+0000,793218.9619542402,793218.9619542402,999999.9999999999
2025-03-14T11:50:00.000+0000,793218.9619542402,793218.9619542402,999999.9999999999
2025-03-14T12:00:00.000+0000,793218.9619542402,793218.9619542402,999999.9999999999
2025-03-14T12:10:00.000+0000,793218.9619542402,793218.9619542402,999999.9999999999
2025-03-14T12:20:00.000+0000,793218.9619542402,793218.9619542402,999999.9999999999
2025-03-14T12:30:00.000+0000,793218.9619542402,793218.9619542402,999999.9999999999
2025-03-14T12:40:00.000+0000,793218.9619542402,793218.9619542402,999999.9999999999
2025-03-14T12:50:00.000+0000,793218.9619542402,793218.9619542402,999999.9999999999
2025-03-14T13:00:00.000+0000,793218.9619542402,793218.9619542402,999999.9999999999
2025-03-14T13:10:00.000+0000,793218.9619542402,793218.9619542402,999999.9999999999
2025-03-14T13:20:00.000+0000,793218.9619542402,793218.9619542402,999999.9999999999
2025-03-14T13:30:00.000+0000,793218.9619542402,793218.9619542402,999999.9999999999
2025-03-14T13:40:00.000+0000,793218.9619542402,793218.9619542402,999999.9999999999
2025-03-14T13:50:00.000+0000,793218.9619542402,793218.9619542402,999999.9999999999
2025-03-14T14:00:00.000+0000,793218.9619542402,793218.9619542402,999999.9999999999
2025-03-14T14:10:00.000+0000,793218.9619542402,793218.9619542402,999999.9999999999
2025-03-14T14:20:00.000+0000,793218.9619542402,793218.9619542402,999999.9999999999
2025-03-14T14:30:00.000+0000,793218.9619542402,793218.9619542402,999999.9999999999
2025-03-14T14:40:00.000+0000,793218.9619542402,793218.9619542402,999999.9999999999
2025-03-14T14:50:00.000+0000,793218.9619542402,793218.9619542402,999999.9999999999
2025-03-14T15:00:00.000+0000,793218.9619542402,793218.9619542402,999999.9999999999
2025-03-14T15:10:00.000+0000,793218.9619542402,793218.9619542402,999999.9999999999
2025-03-14T15:20:00.000+0000,793218.9619542402,793218.9619542402,999999.9999999999
2025-03-14T15:30:00.000+0000,793218.9619542402,793218.9619542402,999999.9999999999
2025-03-14T15:40:00.000+0000,793218.9619542402,793218.9619542402,999999.9999999999
2025-03-14T15:50:00.000+0000,793218.9619542402,793218.9619542402,999999.9999999999
2025-03-14T16:00:00.000+0000,793218.9619542402,793218.9619542402,999999.9999999999
2025-03-14T16:10:00.000+0000,793218.9619542402,793218.9619542402,999999.9999999999
2025-03-14T16:20:00.000+0000,793218.9619542402,793218.9619542402,999999.9999999999
2025-03-14T16:30:00.000+0000,793218.9619542402,793218.9619542402,999999.9999999999
2025-03-14T16:40:00.000+0000,793218.9619542402,793218.9619542402,999999.9999999999
2025-03-14T16:50:00.000+0000,793218.9619542402,793218.9619542402,999999.9999999999
2025-03-14T17:00:00.000+0000,793218.9619542402,793218.9619542402,999999.9999999999
2025-03-14T17:10:00.000+0000,793218.9619542402,793218.9619542402,999999.9999999999
2025-03-14T17:20:00.000+0000,793218.9619542402,793218.9619542402,999999.9999999999
2025-03-14T17:30:00.000+0000,793218.9619542402,793218.9619542402,999999.9999999999
2025-03-14T17:40:00.000+0000,793218.9619542402,793218.9619542402,999999.9999999999
2025-03-14T17:50:00.000+0000,793218.9619542402,793218.9619542402,999999.9999999999
2025-03-14T18:00:00.000+0000,793218.9619542402,793218.9619542402,999999.9999999999
2025-03-14T18:10:00.000+0000,793218.9619542402,793218.9619542402,999999.9999999999
2025-03-14T18:20:00.000+0000,793218.9619542402,793218.9619542402,999999.9999999999
2025-03-14T18:30:00.000+0000,793218.9619542402,793218.9619542402,999999.9999999999
2025-03-14T18:40:00.000+0000,793218.9619542402,793218.9619542402,999999.9999999999
2025-03-14T18:50:00.000+0000,793218.9619542402,793218.9619542402,999999.9999999999
2025-03-14T19:00:00.000+0000,793218.9619542402,793218.9619542402,999999.9999999999
2025-03-14T19:10:00.000+0000,793218.9619542402,793218.9619542402,999999.9999999999
2025-03-14T19:20:00.000+0000,793218.9619542402,793218.9619542402,999999.9999999999
2025-03-14T19:30:00.000+0000,793218.9619542402,793218.9619542402,999999.9999999999
2025-03-14T19:40:00.000+0000,793218.9619542402,793218.9619542402,999999.9999999999
2025-03-14T19:50:00.000+0000,793218.9619542402,793218.9619542402,999999.9999999999
2025-03-14T20:00:00.000+0000,793218.9619542402,793218.9619542402,999999.9999999999
2025-03-14T20:10:00.000+0000,793218.9619542402,793218.9619542402,999999.9999999999
2025-03-14T20:20:00.000+0000,793218.9619542402,793218.9619542402,999999.9999999999
2025-03-14T20:30:00.000+0000,793218.9619542402,793218.9619542402,999999.9999999999
2025-03-14T20:40:00.000+0000,793218.9619542402,793218.9619542402,999999.9999999999
2025-03-14T20:50:00.000+0000,793218.9619542402,793218.9619542402,999999.9999999999
2025-03-14T21:00:00.000+0000,793218.9619542402,793218.9619542402,999999.9999999999
2025-03-14T21:10:00.000+0000,793218.9619542402,793218.9619542402,999999.9999999999
2025-03-14T21:20:00.000+0000,793218.9619542402,793218.9619542402,999999.9999999999
2025-03-14T21:30:00.000+0000,793218.9619542402,793218.9619542402,999999.9999999999
2025-03-14T21:40:00.000+0000,793218.9619542402,793218.9619542402,999999.9999999999
2025-03-14T21:50:00.000+0000,793218.9619542402,793218.9619542402,999999.9999999999
2025-03-14T22:00:00.000+0000,793218.9619542402,793218.9619542402,999999.9999999999
2025-03-14T22:10:00.000+0000,793218.9619542402,793218.9619542402,999999.9999999999
2025-03-14T22:20:00.000+0000,793218.9619542402,793218.9619542402,999999.9999999999
2025-03-14T22:30:00.000+0000,793218.9619542402,793218.9619542402,999999.9999999999
2025-03-14T22:40:00.000+0000,793218.9619542402,793218.9619542402,999999.9999999999
2025-03-14T22:50:00.000+0000,793218.9619542402,793218.9619542402,999999.9999999999
2025-03-14T23:00:00.000+0000,793218.9619542402,793218.9619542402,999999.9999999999
2025-03-14T23:10:00.000+0000,793218.9619542402,793218.9619542402,999999.9999999999
2025-03-14T23:20:00.000+0000,793218.9619542402,793218.9619542402,999999.9999999999
2025-03-14T23:30:00.000+0000,793218.9619542402,793218.9619542402,999999.9999999999
2025-03-14T23:40:00.000+0000,793218.9619542402,793218.9619542402,999999.9999999999
2025-03-14T23:50:00.000+0000,793218.9619542402,793218.9619542402,999999.9999999999
2025-03-15T00:00:00.000+0000,793218.9619542402,793218.9619542402,999999.9999999999
2025-03-15T00:10:00.000+0000,793218.9619542402,793218.9619542402,999999.9999999999
2025-03-15T00:20:00.000+0000,793218.9619542402,793218.9619542402,999999.9999999999
2025-03-15T00:30:00.000+0000,793218.9619542402,793218.9619542402,999999.9999999999
2025-03-15T00:40:00.000+0000,793218.9619542402,793218.9619542402,999999.9999999999
2025-03-15T00:50:00.000+0000,793218.9619542402,793218.9619542402,999999.9999999999
2025-03-15T01:00:00.000+0000,793218.9619542402,793218.9619542402,999999.9999999999
2025-03-15T01:10:00.000+0000,793218.9619542402,793218.9619542402,999999.9999999999
2025-03-15T01:20:00.000+0000,793218.9619542402,793218.9619542402,999999.9999999999
2025-03-15T01:30:00.000+0000,793218.9619542402,793218.9619542402,999999.9999999999
2025-03-15T01:40:00.000+0000,793218.9619542402,793218.9619542402,999999.9999999999
2025-03-15T01:50:00.000+0000,793218.9619542402,793218.9619542402,999999.9999999999
2025-03-15T02:00:00.000+0000,793218.9619542402,793218.9619542402,999999.9999999999
2025-03-15T02:10:00.000+0000,793218.9619542402,793218.9619542402,999999.9999999999
2025-03-15T02:20:00.000+0000,793218.9619542402,793218.9619542402,999999.9999999999
2025-03-15T02:30:00.000+0000,793218.9619542402,793218.9619542402,999999.9999999999
2025-03-15T02:40:00.000+0000,793218.9619542402,793218.9619542402,999999.9999999999
2025-03-15T02:50:00.000+0000,793218.9619542402,793218.9619542402,999999.9999999999
2025-03-15T03:00:00.000+0000,793218.9619542402,793218.9619542402,999999.9999999999
2025-03-15T03:10:00.000+0000,793218.9619542402,793218.9619542402,999999.9999999999
2025-03-15T03:20:00.000+0000,793218.9619542402,793218.9619542402,999999.9999999999
2025-03-15T03:30:00.000+0000,793218.9619542402,793218.9619542402,999999.9999999999
2025-03-15T03:40:00.000+0000,793218.9619542402,793218.9619542402,999999.9999999999
2025-03-15T03:50:00.000+0000,793218.9619542402,793218.9619542402,999999.9999999999
2025-03-15T04:00:00.000+0000,793218.9619542402,793218.9619542402,999999.9999999999
2025-03-15T04:10:00.000+0000,793218.9619542402,793218.9619542402,999999.9999999999
2025-03-15T04:20:00.000+0000,793218.9619542402,793218.9619542402,999999.9999999999
2025-03-15T04:30:00.000+0000,793218.9619542402,793218.9619542402,999999.9999999999
2025-03-15T04:40:00.000+0000,793218.9619542402,793218.9619542402,999999.9999999999
2025-03-15T04:50:00.000+0000,793218.9619542402,793218.9619542402,999999.9999999999
2025-03-15T05:00:00.000+0000,793218.9619542402,793218.9619542402,999999.9999999999
2025-03-15T05:10:00.000+0000,793218.9619542402,793218.9619542402,999999.9999999999
2025-03-15T05:20:00.000+0000,793218.9619542402,793218.9619542402,999999.9999999999
2025-03-15T05:30:00.000+0000,793218.9619542402,793218.9619542402,999999.9999999999
2025-03-15T05:40:00.000+0000,793218.9619542402,793218.9619542402,999999.9999999999
2025-03-15T05:50:00.000+0000,793218.9619542402,793218.9619542402,999999.9999999999
2025-03-15T06:00:00.000+0000,793218.9619542402,793218.9619542402,999999.9999999999
2025-03-15T06:10:00.000+0000,793218.9619542402,793218.9619542402,999999.9999999999
2025-03-15T06:20:00.000+0000,793218.9619542402,793218.9619542402,999999.9999999999
2025-03-15T06:30:00.000+0000,793218.9619542402,793218.9619542402,999999.9999999999
2025-03-15T06:40:00.000+0000,793218.9619542402,793218.9619542402,999999.9999999999
2025-03-15T06:50:00.000+0000,793218.9619542402,793218.9619542402,999999.9999999999
2025-03-15T07:00:00.000+0000,793218.9619542402,793218.9619542402,999999.9999999999
2025-03-15T07:10:00.000+0000,793218.9619542402,793218.9619542402,999999.9999999999
2025-03-15T07:20:00.000+0000,793218.9619542402,793218.9619542402,999999.9999999999
2025-03-15T07:30:00.000+0000,793218.9619542402,793218.9619542402,999999.9999999999
2025-03-15T07:40:00.000+0000,793218.9619542402,793218.9619542402,999999.9999999999
2025-03-15T07:50:00.000+0000,793218.9619542402,793218.9619542402,999999.9999999999
2025-03-15T08:00:00.000+0000,793218.9619542402,793218.9619542402,999999.9999999999
2025-03-15T08:10:00.000+0000,793218.9619542402,793218.9619542402,999999.9999999999
2025-03-15T08:20:00.000+0000,793218.9619542402,793218.9619542402,999999.9999999999
2025-03-15T08:30:00.000+0000,793218.9619542402,793218.9619542402,999999.9999999999
2025-03-15T08:40:00.000+0000,793218.9619542402,793218.9619542402,999999.9999999999
2025-03-15T08:50:00.000+0000,793218.9619542402,793218.9619542402,999999.9999999999
2025-03-15T09:00:00.000+0000,793218.9619542402,793218.9619542402,999999.9999999999
2025-03-15T09:10:00.000+0000,793218.9619542402,793218.9619542402,999999.9999999999
2025-03-15T09:20:00.000+0000,793218.9619542402,793218.9619542402,999999.9999999999
2025-03-15T09:30:00.000+0000,793218.9619542402,793218.9619542402,999999.9999999999
2025-03-15T09:40:00.000+0000,793218.9619542402,793218.9619542402,999999.9999999999
2025-03-15T09:50:00.000+0000,793218.9619542402,793218.9619542402,999999.9999999999
2025-03-15T10:00:00.000+0000,793218.9619542402,793218.9619542402,999999.9999999999
2025-03-15T10:10:00.000+0000,793218.9619542402,793218.9619542402,999999.9999999999
2025-03-15T10:20:00.000+0000,793218.9619542402,793218.9619542402,999999.9999999999
2025-03-15T10:30:00.000+0000,793218.9619542402,793218.9619542402,999999.9999999999
2025-03-15T10:40:00.000+0000,793218.9619542402,793218.9619542402,999999.9999999999
2025-03-15T10:50:00.000+0000,793218.9619542402,793218.9619542402,999999.9999999999
2025-03-15T11:00:00.000+0000,793218.9619542402,793218.9619542402,999999.9999999999
2025-03-15T11:10:00.000+0000,793218.9619542402,793218.9619542402,999999.9999999999
2025-03-15T11:20:00.000+0000,793218.9619542402,793218.9619542402,999999.9999999999
2025-03-15T11:30:00.000+0000,793218.9619542402,793218.9619542402,999999.9999999999
2025-03-15T11:40:00.000+0000,793218.9619542402,793218.9619542402,999999.9999999999
2025-03-15T11:50:00.000+0000,793218.9619542402,793218.9619542402,999999.9999999999
2025-03-15T12:00:00.000+0000,793218.9619542402,793218.9619542402,999999.9999999999
2025-03-15T12:10:00.000+0000,793218.9619542402,793218.9619542402,999999.9999999999
2025-03-15T12:20:00.000+0000,793218.9619542402,793218.9619542402,999999.9999999999
2025-03-15T12:30:00.000+0000,793218.9619542402,793218.9619542402,999999.9999999999
2025-03-15T12:40:00.000+0000,793218.9619542402,793218.9619542402,999999.9999999999
2025-03-15T12:50:00.000+0000,793218.9619542402,793218.9619542402,999999.9999999999
2025-03-15T13:00:00.000+0000,793218.9619542402,793218.9619542402,999999.9999999999
2025-03-15T13:10:00.000+0000,793218.9619542402,793218.9619542402,999999.9999999999
2025-03-15T13:20:00.000+0000,793218.9619542402,793218.9619542402,999999.9999999999
2025-03-15T13:30:00.000+0000,793218.9619542402,793218.9619542402,999999.9999999999
2025-03-15T13:40:00.000+0000,793218.9619542402,793218.9619542402,999999.9999999999
2025-03-15T13:50:00.000+0000,793218.9619542402,793218.9619542402,999999.9999999999
2025-03-15T14:00:00.000+0000,793218.9619542402,793218.9619542402,999999.9999999999
2025-03-15T14:10:00.000+0000,793218.9619542402,793218.9619542402,999999.9999999999
2025-03-15T14:20:00.000+0000,793218.9619542402,793218.9619542402,999999.9999999999
2025-03-15T14:30:00.000+0000,793218.9619542402,793218.9619542402,999999.9999999999
2025-03-15T14:40:00.000+0000,793218.9619542402,793218.9619542402,999999.9999999999
2025-03-15T14:50:00.000+0000,793218.9619542402,793218.9619542402,999999.9999999999
2025-03-15T15:00:00.000+0000,793218.9619542402,793218.9619542402,999999.9999999999
2025-03-15T15:10:00.000+0000,793218.9619542402,793218.9619542402,999999.9999999999
2025-03-15T15:20:00.000+0000,793218.9619542402,793218.9619542402,999999.9999999999
2025-03-15T15:30:00.000+0000,793218.9619542402,793218.9619542402,999999.9999999999
2025-03-15T15:40:00.000+0000,793218.9619542402,793218.9619542402,999999.9999999999
2025-03-15T15:50:00.000+0000,793218.9619542402,793218.9619542402,999999.9999999999
2025-03-15T16:00:00.000+0000,793218.9619542402,793218.9619542402,999999.9999999999
2025-03-15T16:10:00.000+0000,793218.9619542402,793218.9619542402,999999.9999999999
2025-03-15T16:20:00.000+0000,793218.9619542402,793218.9619542402,999999.9999999999
2025-03-15T16:30:00.000+0000,793218.9619542402,793218.9619542402,999999.9999999999
2025-03-15T16:40:00.000+0000,793218.9619542402,793218.9619542402,999999.9999999999
2025-03-15T16:50:00.000+0000,793218.9619542402,793218.9619542402,999999.9999999999
2025-03-15T17:00:00.000+0000,793218.9619542402,793218.9619542402,999999.9999999999
2025-03-15T17:10:00.000+0000,793218.9619542402,793218.9619542402,999999.9999999999
2025-03-15T17:20:00.000+0000,793218.9619542402,793218.9619542402,999999.9999999999
2025-03-15T17:30:00.000+0000,793218.9619542402,793218.9619542402,999999.9999999999
2025-03-15T17:40:00.000+0000,793218.9619542402,793218.9619542402,999999.9999999999
2025-03-15T17:50:00.000+0000,793218.9619542402,793218.9619542402,999999.9999999999
2025-03-15T18:00:00.000+0000,793218.9619542402,793218.9619542402,999999.9999999999
2025-03-15T18:10:00.000+0000,793218.9619542402,793218.9619542402,999999.9999999999
2025-03-15T18:20:00.000+0000,793218.9619542402,793218.9619542402,999999.9999999999
2025-03-15T18:30:00.000+0000,793218.9619542402,793218.9619542402,999999.9999999999
2025-03-15T18:40:00.000+0000,793218.9619542402,793218.9619542402,999999.9999999999
2025-03-15T18:50:00.000+0000,793218.9619542402,793218.9619542402,999999.9999999999
2025-03-15T19:00:00.000+0000,793218.9619542402,793218.9619542402,999999.9999999999
2025-03-15T19:10:00.000+0000,793218.9619542402,793218.9619542402,999999.9999999999
2025-03-15T19:20:00.000+0000,793218.9619542402,793218.9619542402,999999.9999999999
2025-03-15T19:30:00.000+0000,793218.9619542402,793218.9619542402,999999.9999999999
2025-03-15T19:40:00.000+0000,793218.9619542402,793218.9619542402,999999.9999999999
2025-03-15T19:50:00.000+0000,793218.9619542402,793218.9619542402,999999.9999999999
2025-03-15T20:00:00.000+0000,793218.9619542402,793218.9619542402,999999.9999999999
2025-03-15T20:10:00.000+0000,793218.9619542402,793218.9619542402,999999.9999999999
2025-03-15T20:20:00.000+0000,793218.9619542402,793218.9619542402,999999.9999999999
2025-03-15T20:30:00.000+0000,793218.9619542402,793218.9619542402,999999.9999999999
2025-03-15T20:40:00.000+0000,793218.9619542402,793218.9619542402,999999.9999999999
2025-03-15T20:50:00.000+0000,793218.9619542402,793218.9619542402,999999.9999999999
2025-03-15T21:00:00.000+0000,793218.9619542402,793218.9619542402,999999.9999999999
2025-03-15T21:10:00.000+0000,793218.9619542402,793218.9619542402,999999.9999999999
2025-03-15T21:20:00.000+0000,793218.9619542402,793218.9619542402,999999.9999999999
2025-03-15T21:30:00.000+0000,793218.9619542402,793218.9619542402,999999.9999999999
2025-03-15T21:40:00.000+0000,793218.9619542402,793218.9619542402,999999.9999999999
2025-03-15T21:50:00.000+0000,793218.9619542402,793218.9619542402,999999.9999999999
2025-03-15T22:00:00.000+0000,793218.9619542402,793218.9619542402,999999.9999999999
2025-03-15T22:10:00.000+0000,793218.9619542402,793218.9619542402,999999.9999999999
2025-03-15T22:20:00.000+0000,793218.9619542402,793218.9619542402,999999.9999999999
2025-03-15T22:30:00.000+0000,793218.9619542402,793218.9619542402,999999.9999999999
2025-03-15T22:40:00.000+0000,793218.9619542402,793218.9619542402,999999.9999999999
2025-03-15T22:50:00.000+0000,793218.9619542402,793218.9619542402,999999.9999999999
2025-03-15T23:00:00.000+0000,793218.9619542402,793218.9619542402,999999.9999999999
2025-03-15T23:10:00.000+0000,793218.9619542402,793218.9619542402,999999.9999999999
2025-03-15T23:20:00.000+0000,793218.9619542402,793218.9619542402,999999.9999999999
2025-03-15T23:30:00.000+0000,793218.9619542402,793218.9619542402,999999.9999999999
2025-03-15T23:40:00.000+0000,793218.9619542402,793218.9619542402,999999.9999999999
2025-03-15T23:50:00.000+0000,793218.9619542402,793218.9619542402,999999.9999999999
2025-03-16T00:00:00.000+0000,793218.9619542402,793218.9619542402,999999.9999999999
2025-03-16T00:10:00.000+0000,793218.9619542402,793218.9619542402,999999.9999999999
2025-03-16T00:20:00.000+0000,793218.9619542402,793218.9619542402,999999.9999999999
2025-03-16T00:30:00.000+0000,793218.9619542402,793218.9619542402,999999.9999999999
2025-03-16T00:40:00.000+0000,793218.9619542402,793218.9619542402,999999.9999999999
2025-03-16T00:50:00.000+0000,793218.9619542402,793218.9619542402,999999.9999999999
2025-03-16T01:00:00.000+0000,793218.9619542402,793218.9619542402,999999.9999999999
2025-03-16T01:10:00.000+0000,793218.9619542402,793218.9619542402,999999.9999999999
2025-03-16T01:20:00.000+0000,793218.9619542402,793218.9619542402,999999.9999999999
2025-03-16T01:30:00.000+0000,793218.9619542402,793218.9619542402,999999.9999999999
2025-03-16T01:40:00.000+0000,793218.9619542402,793218.9619542402,999999.9999999999
2025-03-16T01:50:00.000+0000,793218.9619542402,793218.9619542402,999999.9999999999
2025-03-16T02:00:00.000+0000,793218.9619542402,793218.9619542402,999999.9999999999
2025-03-16T02:10:00.000+0000,793218.9619542402,793218.9619542402,999999.9999999999
2025-03-16T02:20:00.000+0000,793218.9619542402,793218.9619542402,999999.9999999999
2025-03-16T02:30:00.000+0000,793218.9619542402,793218.9619542402,999999.9999999999
2025-03-16T02:40:00.000+0000,793218.9619542402,793218.9619542402,999999.9999999999
2025-03-16T02:50:00.000+0000,793218.9619542402,793218.9619542402,999999.9999999999
2025-03-16T03:00:00.000+0000,793218.9619542402,793218.9619542402,999999.9999999999
2025-03-16T03:10:00.000+0000,793218.9619542402,793218.9619542402,999999.9999999999
2025-03-16T03:20:00.000+0000,793218.9619542402,793218.9619542402,999999.9999999999
2025-03-16T03:30:00.000+0000,793218.9619542402,793218.9619542402,999999.9999999999
2025-03-16T03:40:00.000+0000,793218.9619542402,793218.9619542402,999999.9999999999
2025-03-16T03:50:00.000+0000,793218.9619542402,793218.9619542402,999999.9999999999
2025-03-16T04:00:00.000+0000,793218.9619542402,793218.9619542402,999999.9999999999
2025-03-16T04:10:00.000+0000,793218.9619542402,793218.9619542402,999999.9999999999
2025-03-16T04:20:00.000+0000,793218.9619542402,793218.9619542402,999999.9999999999
2025-03-16T04:30:00.000+0000,793218.9619542402,793218.9619542402,999999.9999999999
2025-03-16T04:40:00.000+0000,793218.9619542402,793218.9619542402,999999.9999999999
2025-03-16T04:50:00.000+0000,793218.9619542402,793218.9619542402,999999.9999999999
2025-03-16T05:00:00.000+0000,793218.9619542402,793218.9619542402,999999.9999999999
2025-03-16T05:10:00.000+0000,793218.9619542402,793218.9619542402,999999.9999999999
2025-03-16T05:20:00.000+0000,793218.9619542402,793218.9619542402,999999.9999999999
2025-03-16T05:30:00.000+0000,793218.9619542402,793218.9619542402,999999.9999999999
2025-03-16T05:40:00.000+0000,793218.9619542402,793218.9619542402,999999.9999999999
2025-03-16T05:50:00.000+0000,793218.9619542402,793218.9619542402,999999.9999999999
2025-03-16T06:00:00.000+0000,793218.9619542402,793218.9619542402,999999.9999999999
2025-03-16T06:10:00.000+0000,793218.9619542402,793218.9619542402,999999.9999999999
2025-03-16T06:20:00.000+0000,793218.9619542402,793218.9619542402,999999.9999999999
2025-03-16T06:30:00.000+0000,793218.9619542402,793218.9619542402,999999.9999999999
2025-03-16T06:40:00.000+0000,793218.9619542402,793218.9619542402,999999.9999999999
2025-03-16T06:50:00.000+0000,793218.9619542402,793218.9619542402,999999.9999999999
2025-03-16T07:00:00.000+0000,793218.9619542402,793218.9619542402,999999.9999999999
2025-03-16T07:10:00.000+0000,793218.9619542402,793218.9619542402,999999.9999999999
2025-03-16T07:20:00.000+0000,793218.9619542402,793218.9619542402,999999.9999999999
2025-03-16T07:30:00.000+0000,793218.9619542402,793218.9619542402,999999.9999999999
2025-03-16T07:40:00.000+0000,793218.9619542402,793218.9619542402,999999.9999999999
2025-03-16T07:50:00.000+0000,793218.9619542402,793218.9619542402,999999.9999999999
2025-03-16T08:00:00.000+0000,793218.9619542402,793218.9619542402,999999.9999999999
2025-03-16T08:10:00.000+0000,793218.9619542402,793218.9619542402,999999.9999999999
2025-03-16T08:20:00.000+0000,793218.9619542402,793218.9619542402,999999.9999999999
2025-03-16T08:30:00.000+0000,793218.9619542402,793218.9619542402,999999.9999999999
2025-03-16T08:40:00.000+0000,793218.9619542402,793218.9619542402,999999.9999999999
2025-03-16T08:50:00.000+0000,793218.9619542402,793218.9619542402,999999.9999999999
2025-03-16T09:00:00.000+0000,793218.9619542402,793218.9619542402,999999.9999999999
2025-03-16T09:10:00.000+0000,793218.9619542402,793218.9619542402,999999.9999999999
2025-03-16T09:20:00.000+0000,793218.9619542402,793218.9619542402,999999.9999999999
2025-03-16T09:30:00.000+0000,793218.9619542402,793218.9619542402,999999.9999999999
2025-03-16T09:40:00.000+0000,793218.9619542402,793218.9619542402,999999.9999999999
2025-03-16T09:50:00.000+0000,793218.9619542402,793218.9619542402,999999.9999999999
2025-03-16T10:00:00.000+0000,793218.9619542402,793218.9619542402,999999.9999999999
2025-03-16T10:10:00.000+0000,793218.9619542402,793218.9619542402,999999.9999999999
2025-03-16T10:20:00.000+0000,793218.9619542402,793218.9619542402,999999.9999999999
2025-03-16T10:30:00.000+0000,793218.9619542402,793218.9619542402,999999.9999999999
2025-03-16T10:40:00.000+0000,793218.9619542402,793218.9619542402,999999.9999999999
2025-03-16T10:50:00.000+0000,793218.9619542402,793218.9619542402,999999.9999999999
2025-03-16T11:00:00.000+0000,793218.9619542402,793218.9619542402,999999.9999999999
2025-03-16T11:10:00.000+0000,793218.9619542402,793218.9619542402,999999.9999999999
2025-03-16T11:20:00.000+0000,793218.9619542402,793218.9619542402,999999.9999999999
2025-03-16T11:30:00.000+0000,793218.9619542402,793218.9619542402,999999.9999999999
2025-03-16T11:40:00.000+0000,793218.9619542402,793218.9619542402,999999.9999999999
2025-03-16T11:50:00.000+0000,793218.9619542402,793218.9619542402,999999.9999999999
2025-03-16T12:00:00.000+0000,793218.9619542402,793218.9619542402,999999.9999999999
2025-03-16T12:10:00.000+0000,793218.9619542402,793218.9619542402,999999.9999999999
2025-03-16T12:20:00.000+0000,793218.9619542402,793218.9619542402,999999.9999999999
2025-03-16T12:30:00.000+0000,793218.9619542402,793218.9619542402,999999.9999999999
2025-03-16T12:40:00.000+0000,793218.9619542402,793218.9619542402,999999.9999999999
2025-03-16T12:50:00.000+0000,793218.9619542402,793218.9619542402,999999.9999999999
2025-03-16T13:00:00.000+0000,793218.9619542402,793218.9619542402,999999.9999999999
2025-03-16T13:10:00.000+0000,793218.9619542402,793218.9619542402,999999.9999999999
2025-03-16T13:20:00.000+0000,793218.9619542402,793218.9619542402,999999.9999999999
2025-03-16T13:30:00.000+0000,793218.9619542402,793218.9619542402,999999.9999999999
2025-03-16T13:40:00.000+0000,793218.9619542402,793218.9619542402,999999.9999999999
2025-03-16T13:50:00.000+0000,793218.9619542402,793218.9619542402,999999.9999999999
2025-03-16T14:00:00.000+0000,793218.9619542402,793218.9619542402,999999.9999999999
2025-03-16T14:10:00.000+0000,793218.9619542402,793218.9619542402,999999.9999999999
2025-03-16T14:20:00.000+0000,793218.9619542402,793218.9619542402,999999.9999999999
2025-03-16T14:30:00.000+0000,793218.9619542402,793218.9619542402,999999.9999999999
2025-03-16T14:40:00.000+0000,793218.9619542402,793218.9619542402,999999.9999999999
2025-03-16T14:50:00.000+0000,793218.9619542402,793218.9619542402,999999.9999999999
2025-03-16T15:00:00.000+0000,793218.9619542402,793218.9619542402,999999.9999999999
2025-03-16T15:10:00.000+0000,793218.9619542402,793218.9619542402,999999.9999999999
2025-03-16T15:20:00.000+0000,793218.9619542402,793218.9619542402,999999.9999999999
2025-03-16T15:30:00.000+0000,793218.9619542402,793218.9619542402,999999.9999999999
2025-03-16T15:40:00.000+0000,793218.9619542402,793218.9619542402,999999.9999999999
2025-03-16T15:50:00.000+0000,793218.9619542402,793218.9619542402,999999.9999999999
2025-03-16T16:00:00.000+0000,793218.9619542402,793218.9619542402,999999.9999999999
2025-03-16T16:10:00.000+0000,793218.9619542402,793218.9619542402,999999.9999999999
2025-03-16T16:20:00.000+0000,793218.9619542402,793218.9619542402,999999.9999999999
2025-03-16T16:30:00.000+0000,793218.9619542402,793218.9619542402,999999.9999999999
2025-03-16T16:40:00.000+0000,793218.9619542402,793218.9619542402,999999.9999999999
2025-03-16T16:50:00.000+0000,793218.9619542402,793218.9619542402,999999.9999999999
2025-03-16T17:00:00.000+0000,793218.9619542402,793218.9619542402,999999.9999999999
2025-03-16T17:10:00.000+0000,793218.9619542402,793218.9619542402,999999.9999999999
2025-03-16T17:20:00.000+0000,793218.9619542402,793218.9619542402,999999.9999999999
2025-03-16T17:30:00.000+0000,793218.9619542402,793218.9619542402,999999.9999999999
2025-03-16T17:40:00.000+0000,793218.9619542402,793218.9619542402,999999.9999999999
2025-03-16T17:50:00.000+0000,793218.9619542402,793218.9619542402,999999.9999999999
2025-03-16T18:00:00.000+0000,793218.9619542402,793218.9619542402,999999.9999999999
2025-03-16T18:10:00.000+0000,793218.9619542402,793218.9619542402,999999.9999999999
2025-03-16T18:20:00.000+0000,793218.9619542402,793218.9619542402,999999.9999999999
2025-03-16T18:30:00.000+0000,793218.9619542402,793218.9619542402,999999.9999999999
2025-03-16T18:40:00.000+0000,793218.9619542402,793218.9619542402,999999.9999999999
2025-03-16T18:50:00.000+0000,793218.9619542402,793218.9619542402,999999.9999999999
2025-03-16T19:00:00.000+0000,793218.9619542402,793218.9619542402,999999.9999999999
2025-03-16T19:10:00.000+0000,793218.9619542402,793218.9619542402,999999.9999999999
2025-03-16T19:20:00.000+0000,793218.9619542402,793218.9619542402,999999.9999999999
2025-03-16T19:30:00.000+0000,793218.9619542402,793218.9619542402,999999.9999999999
2025-03-16T19:40:00.000+0000,793218.9619542402,793218.9619542402,999999.9999999999
2025-03-16T19:50:00.000+0000,793218.9619542402,793218.9619542402,999999.9999999999
2025-03-16T20:00:00.000+0000,793218.9619542402,793218.9619542402,999999.9999999999
2025-03-16T20:10:00.000+0000,793218.9619542402,793218.9619542402,999999.9999999999
2025-03-16T20:20:00.000+0000,793218.9619542402,793218.9619542402,999999.9999999999
2025-03-16T20:30:00.000+0000,793218.9619542402,793218.9619542402,999999.9999999999
2025-03-16T20:40:00.000+0000,793218.9619542402,793218.9619542402,999999.9999999999
2025-03-16T20:50:00.000+0000,793218.9619542402,793218.9619542402,999999.9999999999
2025-03-16T21:00:00.000+0000,793218.9619542402,793218.9619542402,999999.9999999999
2025-03-16T21:10:00.000+0000,793218.9619542402,793218.9619542402,999999.9999999999
2025-03-16T21:20:00.000+0000,793218.9619542402,793218.9619542402,999999.9999999999
2025-03-16T21:30:00.000+0000,793218.9619542402,793218.9619542402,999999.9999999999
2025-03-16T21:40:00.000+0000,793218.9619542402,793218.9619542402,999999.9999999999
2025-03-16T21:50:00.000+0000,793218.9619542402,793218.9619542402,999999.9999999999
2025-03-16T22:00:00.000+0000,793218.9619542402,793218.9619542402,999999.9999999999
2025-03-16T22:10:00.000+0000,793218.9619542402,793218.9619542402,999999.9999999999
2025-03-16T22:20:00.000+0000,793218.9619542402,793218.9619542402,999999.9999999999
2025-03-16T22:30:00.000+0000,793218.9619542402,793218.9619542402,999999.9999999999
2025-03-16T22:40:00.000+0000,793218.9619542402,793218.9619542402,999999.9999999999
2025-03-16T22:50:00.000+0000,793218.9619542402,793218.9619542402,999999.9999999999
2025-03-16T23:00:00.000+0000,793218.9619542402,793218.9619542402,999999.9999999999
2025-03-16T23:10:00.000+0000,793218.9619542402,793218.9619542402,999999.9999999999
2025-03-16T23:20:00.000+0000,793218.9619542402,793218.9619542402,999999.9999999999
2025-03-16T23:30:00.000+0000,793218.9619542402,793218.9619542402,999999.9999999999
2025-03-16T23:40:00.000+0000,793218.9619542402,793218.9619542402,999999.9999999999
2025-03-16T23:50:00.000+0000,793218.9619542402,793218.9619542402,999999.9999999999
2025-03-17T00:00:00.000+0000,793218.9619542402,793218.9619542402,999999.9999999999
2025-03-17T00:10:00.000+0000,793218.9619542402,793218.9619542402,999999.9999999999
2025-03-17T00:20:00.000+0000,793218.9619542402,793218.9619542402,999999.9999999999
2025-03-17T00:30:00.000+0000,793218.9619542402,793218.9619542402,999999.9999999999
2025-03-17T00:40:00.000+0000,793218.9619542402,793218.9619542402,999999.9999999999
2025-03-17T00:50:00.000+0000,793218.9619542402,793218.9619542402,999999.9999999999
2025-03-17T01:00:00.000+0000,793218.9619542402,793218.9619542402,999999.9999999999
2025-03-17T01:10:00.000+0000,793218.9619542402,793218.9619542402,999999.9999999999
2025-03-17T01:20:00.000+0000,793218.9619542402,793218.9619542402,999999.9999999999
2025-03-17T01:30:00.000+0000,793218.9619542402,793218.9619542402,999999.9999999999
2025-03-17T01:40:00.000+0000,793218.9619542402,793218.9619542402,999999.9999999999
2025-03-17T01:50:00.000+0000,793218.9619542402,793218.9619542402,999999.9999999999
2025-03-17T02:00:00.000+0000,793218.9619542402,793218.9619542402,999999.9999999999
2025-03-17T02:10:00.000+0000,793218.9619542402,793218.9619542402,999999.9999999999
2025-03-17T02:20:00.000+0000,793218.9619542402,793218.9619542402,999999.9999999999
2025-03-17T02:30:00.000+0000,793218.9619542402,793218.9619542402,999999.9999999999
2025-03-17T02:40:00.000+0000,793218.9619542402,793218.9619542402,999999.9999999999
2025-03-17T02:50:00.000+0000,793218.9619542402,793218.9619542402,999999.9999999999
2025-03-17T03:00:00.000+0000,793218.9619542402,793218.9619542402,999999.9999999999
2025-03-17T03:10:00.000+0000,793218.9619542402,793218.9619542402,999999.9999999999
2025-03-17T03:20:00.000+0000,793218.9619542402,793218.9619542402,999999.9999999999
2025-03-17T03:30:00.000+0000,793218.9619542402,793218.9619542402,999999.9999999999
2025-03-17T03:40:00.000+0000,793218.9619542402,793218.9619542402,999999.9999999999
2025-03-17T03:50:00.000+0000,793218.9619542402,793218.9619542402,999999.9999999999
2025-03-17T04:00:00.000+0000,793218.9619542402,793218.9619542402,999999.9999999999
2025-03-17T04:10:00.000+0000,793218.9619542402,793218.9619542402,999999.9999999999
2025-03-17T04:20:00.000+0000,793218.9619542402,793218.9619542402,999999.9999999999
2025-03-17T04:30:00.000+0000,793218.9619542402,793218.9619542402,999999.9999999999
2025-03-17T04:40:00.000+0000,793218.9619542402,793218.9619542402,999999.9999999999
2025-03-17T04:50:00.000+0000,793218.9619542402,793218.9619542402,999999.9999999999
2025-03-17T05:00:00.000+0000,793218.9619542402,793218.9619542402,999999.9999999999
2025-03-17T05:10:00.000+0000,793218.9619542402,793218.9619542402,999999.9999999999
2025-03-17T05:20:00.000+0000,793218.9619542402,793218.9619542402,999999.9999999999
2025-03-17T05:30:00.000+0000,793218.9619542402,793218.9619542402,999999.9999999999
2025-03-17T05:40:00.000+0000,793218.9619542402,793218.9619542402,999999.9999999999
2025-03-17T05:50:00.000+0000,793218.9619542402,793218.9619542402,999999.9999999999
2025-03-17T06:00:00.000+0000,793218.9619542402,793218.9619542402,999999.9999999999
2025-03-17T06:10:00.000+0000,793218.9619542402,793218.9619542402,999999.9999999999
2025-03-17T06:20:00.000+0000,793218.9619542402,793218.9619542402,999999.9999999999
2025-03-17T06:30:00.000+0000,793218.9619542402,793218.9619542402,999999.9999999999
2025-03-17T06:40:00.000+0000,793218.9619542402,793218.9619542402,999999.9999999999
2025-03-17T06:50:00.000+0000,793218.9619542402,793218.9619542402,999999.9999999999
2025-03-17T07:00:00.000+0000,793218.9619542402,793218.9619542402,999999.9999999999
2025-03-17T07:10:00.000+0000,793218.9619542402,793218.9619542402,999999.9999999999
2025-03-17T07:20:00.000+0000,793218.9619542402,793218.9619542402,999999.9999999999
2025-03-17T07:30:00.000+0000,793218.9619542402,793218.9619542402,999999.9999999999
2025-03-17T07:40:00.000+0000,793218.9619542402,793218.9619542402,999999.9999999999
2025-03-17T07:50:00.000+0000,793218.9619542402,793218.9619542402,999999.9999999999
2025-03-17T08:00:00.000+0000,793218.9619542402,793218.9619542402,999999.9999999999
2025-03-17T08:10:00.000+0000,793218.9619542402,793218.9619542402,999999.9999999999
2025-03-17T08:20:00.000+0000,793218.9619542402,793218.9619542402,999999.9999999999
2025-03-17T08:30:00.000+0000,793218.9619542402,793218.9619542402,999999.9999999999
2025-03-17T08:40:00.000+0000,793218.9619542402,793218.9619542402,999999.9999999999
2025-03-17T08:50:00.000+0000,793218.9619542402,793218.9619542402,999999.9999999999
2025-03-17T09:00:00.000+0000,793218.9619542402,793218.9619542402,999999.9999999999
2025-03-17T09:10:00.000+0000,793218.9619542402,793218.9619542402,999999.9999999999
2025-03-17T09:20:00.000+0000,793218.9619542402,793218.9619542402,999999.9999999999
2025-03-17T09:30:00.000+0000,793218.9619542402,793218.9619542402,999999.9999999999
2025-03-17T09:40:00.000+0000,793218.9619542402,793218.9619542402,999999.9999999999
2025-03-17T09:50:00.000+0000,793218.9619542402,793218.9619542402,999999.9999999999
2025-03-17T10:00:00.000+0000,793218.9619542402,793218.9619542402,999999.9999999999
2025-03-17T10:10:00.000+0000,793218.9619542402,793218.9619542402,999999.9999999999
2025-03-17T10:20:00.000+0000,793218.9619542402,793218.9619542402,999999.9999999999
2025-03-17T10:30:00.000+0000,793218.9619542402,793218.9619542402,999999.9999999999
2025-03-17T10:40:00.000+0000,793218.9619542402,793218.9619542402,999999.9999999999
2025-03-17T10:50:00.000+0000,793218.9619542402,793218.9619542402,999999.9999999999
2025-03-17T11:00:00.000+0000,793218.9619542402,793218.9619542402,999999.9999999999
2025-03-17T11:10:00.000+0000,793218.9619542402,793218.9619542402,999999.9999999999
2025-03-17T11:20:00.000+0000,793218.9619542402,793218.9619542402,999999.9999999999
2025-03-17T11:30:00.000+0000,793218.9619542402,793218.9619542402,999999.9999999999
2025-03-17T11:40:00.000+0000,793218.9619542402,793218.9619542402,999999.9999999999
2025-03-17T11:50:00.000+0000,793218.9619542402,793218.9619542402,999999.9999999999
2025-03-17T12:00:00.000+0000,793218.9619542402,793218.9619542402,999999.9999999999
2025-03-17T12:10:00.000+0000,793218.9619542402,793218.9619542402,999999.9999999999
2025-03-17T12:20:00.000+0000,793218.9619542402,793218.9619542402,999999.9999999999
2025-03-17T12:30:00.000+0000,793218.9619542402,793218.9619542402,999999.9999999999
2025-03-17T12:40:00.000+0000,793218.9619542402,793218.9619542402,999999.9999999999
2025-03-17T12:50:00.000+0000,793218.9619542402,793218.9619542402,999999.9999999999
2025-03-17T13:00:00.000+0000,793218.9619542402,793218.9619542402,999999.9999999999
2025-03-17T13:10:00.000+0000,793218.9619542402,793218.9619542402,999999.9999999999
2025-03-17T13:20:00.000+0000,793218.9619542402,793218.9619542402,999999.9999999999
2025-03-17T13:30:00.000+0000,793218.9619542402,793218.9619542402,999999.9999999999
2025-03-17T13:40:00.000+0000,793218.9619542402,793218.9619542402,999999.9999999999
2025-03-17T13:50:00.000+0000,793218.9619542402,793218.9619542402,999999.9999999999
2025-03-17T14:00:00.000+0000,793218.9619542402,793218.9619542402,999999.9999999999
2025-03-17T14:10:00.000+0000,793218.9619542402,793218.9619542402,999999.9999999999
2025-03-17T14:20:00.000+0000,793218.9619542402,793218.9619542402,999999.9999999999
2025-03-17T14:30:00.000+0000,793218.9619542402,793218.9619542402,999999.9999999999
2025-03-17T14:40:00.000+0000,793218.9619542402,793218.9619542402,999999.9999999999
2025-03-17T14:50:00.000+0000,793218.9619542402,793218.9619542402,999999.9999999999
2025-03-17T15:00:00.000+0000,793218.9619542402,793218.9619542402,999999.9999999999
2025-03-17T15:10:00.000+0000,793218.9619542402,793218.9619542402,999999.9999999999
2025-03-17T15:20:00.000+0000,793218.9619542402,793218.9619542402,999999.9999999999
2025-03-17T15:30:00.000+0000,793218.9619542402,793218.9619542402,999999.9999999999
2025-03-17T15:40:00.000+0000,793218.9619542402,793218.9619542402,999999.9999999999
2025-03-17T15:50:00.000+0000,793218.9619542402,793218.9619542402,999999.9999999999
2025-03-17T16:00:00.000+0000,793218.9619542402,793218.9619542402,999999.9999999999
2025-03-17T16:10:00.000+0000,793218.9619542402,793218.9619542402,999999.9999999999
2025-03-17T16:20:00.000+0000,793218.9619542402,793218.9619542402,999999.9999999999
2025-03-17T16:30:00.000+0000,793218.9619542402,793218.9619542402,999999.9999999999
2025-03-17T16:40:00.000+0000,793218.9619542402,793218.9619542402,999999.9999999999
2025-03-17T16:50:00.000+0000,793218.9619542402,793218.9619542402,999999.9999999999
2025-03-17T17:00:00.000+0000,793218.9619542402,793218.9619542402,999999.9999999999
2025-03-17T17:10:00.000+0000,793218.9619542402,793218.9619542402,999999.9999999999
2025-03-17T17:20:00.000+0000,793218.9619542402,793218.9619542402,999999.9999999999
2025-03-17T17:30:00.000+0000,793218.9619542402,793218.9619542402,999999.9999999999
2025-03-17T17:40:00.000+0000,793218.9619542402,793218.9619542402,999999.9999999999
2025-03-17T17:50:00.000+0000,793218.9619542402,793218.9619542402,999999.9999999999
2025-03-17T18:00:00.000+0000,793218.9619542402,793218.9619542402,999999.9999999999
2025-03-17T18:10:00.000+0000,793218.9619542402,793218.9619542402,999999.9999999999
2025-03-17T18:20:00.000+0000,793218.9619542402,793218.9619542402,999999.9999999999
2025-03-17T18:30:00.000+0000,793218.9619542402,793218.9619542402,999999.9999999999
2025-03-17T18:40:00.000+0000,793218.9619542402,793218.9619542402,999999.9999999999
2025-03-17T18:50:00.000+0000,793218.9619542402,793218.9619542402,999999.9999999999
2025-03-17T19:00:00.000+0000,793218.9619542402,793218.9619542402,999999.9999999999
2025-03-17T19:10:00.000+0000,793218.9619542402,793218.9619542402,999999.9999999999
2025-03-17T19:20:00.000+0000,793218.9619542402,793218.9619542402,999999.9999999999
2025-03-17T19:30:00.000+0000,793218.9619542402,793218.9619542402,999999.9999999999
2025-03-17T19:40:00.000+0000,793218.9619542402,793218.9619542402,999999.9999999999
2025-03-17T19:50:00.000+0000,793218.9619542402,793218.9619542402,999999.9999999999
2025-03-17T20:00:00.000+0000,793218.9619542402,793218.9619542402,999999.9999999999
2025-03-17T20:10:00.000+0000,793218.9619542402,793218.9619542402,999999.9999999999
2025-03-17T20:20:00.000+0000,793218.9619542402,793218.9619542402,999999.9999999999
2025-03-17T20:30:00.000+0000,793218.9619542402,793218.9619542402,999999.9999999999
2025-03-17T20:40:00.000+0000,793218.9619542402,793218.9619542402,999999.9999999999
2025-03-17T20:50:00.000+0000,793218.9619542402,793218.9619542402,999999.9999999999
2025-03-17T21:00:00.000+0000,793218.9619542402,793218.9619542402,999999.9999999999
2025-03-17T21:10:00.000+0000,793218.9619542402,793218.9619542402,999999.9999999999
2025-03-17T21:20:00.000+0000,793218.9619542402,793218.9619542402,999999.9999999999
2025-03-17T21:30:00.000+0000,793218.9619542402,793218.9619542402,999999.9999999999
2025-03-17T21:40:00.000+0000,793218.9619542402,793218.9619542402,999999.9999999999
2025-03-17T21:50:00.000+0000,793218.9619542402,793218.9619542402,999999.9999999999
2025-03-17T22:00:00.000+0000,793218.9619542402,793218.9619542402,999999.9999999999
2025-03-17T22:10:00.000+0000,793218.9619542402,793218.9619542402,999999.9999999999
2025-03-17T22:20:00.000+0000,793218.9619542402,793218.9619542402,999999.9999999999
2025-03-17T22:30:00.000+0000,793218.9619542402,793218.9619542402,999999.9999999999
2025-03-17T22:40:00.000+0000,793218.9619542402,793218.9619542402,999999.9999999999
2025-03-17T22:50:00.000+0000,793218.9619542402,793218.9619542402,999999.9999999999
2025-03-17T23:00:00.000+0000,793218.9619542402,793218.9619542402,999999.9999999999
2025-03-17T23:10:00.000+0000,793218.9619542402,793218.9619542402,999999.9999999999
2025-03-17T23:20:00.000+0000,793218.9619542402,793218.9619542402,999999.9999999999
2025-03-17T23:30:00.000+0000,793218.9619542402,793218.9619542402,999999.9999999999
2025-03-17T23:40:00.000+0000,793218.9619542402,793218.9619542402,999999.9999999999
2025-03-17T23:50:00.000+0000,793218.9619542402,793218.9619542402,999999.9999999999
2025-03-18T00:00:00.000+0000,793218.9619542402,793218.9619542402,999999.9999999999
2025-03-18T00:10:00.000+0000,793218.9619542402,793218.9619542402,999999.9999999999
2025-03-18T00:20:00.000+0000,793218.9619542402,793218.9619542402,999999.9999999999
2025-03-18T00:30:00.000+0000,793218.9619542402,793218.9619542402,999999.9999999999
2025-03-18T00:40:00.000+0000,793218.9619542402,793218.9619542402,999999.9999999999
2025-03-18T00:50:00.000+0000,793218.9619542402,793218.9619542402,999999.9999999999
2025-03-18T01:00:00.000+0000,793218.9619542402,793218.9619542402,999999.9999999999
2025-03-18T01:10:00.000+0000,793218.9619542402,793218.9619542402,999999.9999999999
2025-03-18T01:20:00.000+0000,793218.9619542402,793218.9619542402,999999.9999999999
2025-03-18T01:30:00.000+0000,793218.9619542402,793218.9619542402,999999.9999999999
2025-03-18T01:40:00.000+0000,793218.9619542402,793218.9619542402,999999.9999999999
2025-03-18T01:50:00.000+0000,793218.9619542402,793218.9619542402,999999.9999999999
2025-03-18T02:00:00.000+0000,793218.9619542402,793218.9619542402,999999.9999999999
2025-03-18T02:10:00.000+0000,793218.9619542402,793218.9619542402,999999.9999999999
2025-03-18T02:20:00.000+0000,793218.9619542402,793218.9619542402,999999.9999999999
2025-03-18T02:30:00.000+0000,793218.9619542402,793218.9619542402,999999.9999999999
2025-03-18T02:40:00.000+0000,793218.9619542402,793218.9619542402,999999.9999999999
2025-03-18T02:50:00.000+0000,793218.9619542402,793218.9619542402,999999.9999999999
2025-03-18T03:00:00.000+0000,793218.9619542402,793218.9619542402,999999.9999999999
2025-03-18T03:10:00.000+0000,793218.9619542402,793218.9619542402,999999.9999999999
2025-03-18T03:20:00.000+0000,793218.9619542402,793218.9619542402,999999.9999999999
2025-03-18T03:30:00.000+0000,793218.9619542402,793218.9619542402,999999.9999999999
2025-03-18T03:40:00.000+0000,793218.9619542402,793218.9619542402,999999.9999999999
2025-03-18T03:50:00.000+0000,793218.9619542402,793218.9619542402,999999.9999999999
2025-03-18T04:00:00.000+0000,793218.9619542402,793218.9619542402,999999.9999999999
2025-03-18T04:10:00.000+0000,793218.9619542402,793218.9619542402,999999.9999999999
2025-03-18T04:20:00.000+0000,793218.9619542402,793218.9619542402,999999.9999999999
2025-03-18T04:30:00.000+0000,793218.9619542402,793218.9619542402,999999.9999999999
2025-03-18T04:40:00.000+0000,793218.9619542402,793218.9619542402,999999.9999999999
2025-03-18T04:50:00.000+0000,793218.9619542402,793218.9619542402,999999.9999999999
2025-03-18T05:00:00.000+0000,793218.9619542402,793218.9619542402,999999.9999999999
2025-03-18T05:10:00.000+0000,793218.9619542402,793218.9619542402,999999.9999999999
2025-03-18T05:20:00.000+0000,793218.9619542402,793218.9619542402,999999.9999999999
2025-03-18T05:30:00.000+0000,793218.9619542402,793218.9619542402,999999.9999999999
2025-03-18T05:40:00.000+0000,793218.9619542402,793218.9619542402,999999.9999999999
2025-03-18T05:50:00.000+0000,793218.9619542402,793218.9619542402,999999.9999999999
2025-03-18T06:00:00.000+0000,793218.9619542402,793218.9619542402,999999.9999999999
2025-03-18T06:10:00.000+0000,793218.9619542402,793218.9619542402,999999.9999999999
2025-03-18T06:20:00.000+0000,793218.9619542402,793218.9619542402,999999.9999999999
2025-03-18T06:30:00.000+0000,793218.9619542402,793218.9619542402,999999.9999999999
2025-03-18T06:40:00.000+0000,793218.9619542402,793218.9619542402,999999.9999999999
2025-03-18T06:50:00.000+0000,793218.9619542402,793218.9619542402,999999.9999999999
2025-03-18T07:00:00.000+0000,793218.9619542402,793218.9619542402,999999.9999999999
2025-03-18T07:10:00.000+0000,793218.9619542402,793218.9619542402,999999.9999999999
2025-03-18T07:20:00.000+0000,793218.9619542402,793218.9619542402,999999.9999999999
2025-03-18T07:30:00.000+0000,793218.9619542402,793218.9619542402,999999.9999999999
2025-03-18T07:40:00.000+0000,793218.9619542402,793218.9619542402,999999.9999999999
2025-03-18T07:50:00.000+0000,793218.9619542402,793218.9619542402,999999.9999999999
2025-03-18T08:00:00.000+0000,793218.9619542402,793218.9619542402,999999.9999999999
2025-03-18T08:10:00.000+0000,793218.9619542402,793218.9619542402,999999.9999999999
2025-03-18T08:20:00.000+0000,793218.9619542402,793218.9619542402,999999.9999999999
2025-03-18T08:30:00.000+0000,793218.9619542402,793218.9619542402,999999.9999999999
2025-03-18T08:40:00.000+0000,793218.9619542402,793218.9619542402,999999.9999999999
2025-03-18T08:50:00.000+0000,793218.9619542402,793218.9619542402,999999.9999999999
2025-03-18T09:00:00.000+0000,793218.9619542402,793218.9619542402,999999.9999999999
2025-03-18T09:10:00.000+0000,793218.9619542402,793218.9619542402,999999.9999999999
2025-03-18T09:20:00.000+0000,793218.9619542402,793218.9619542402,999999.9999999999
2025-03-18T09:30:00.000+0000,793218.9619542402,793218.9619542402,999999.9999999999
2025-03-18T09:40:00.000+0000,793218.9619542402,793218.9619542402,999999.9999999999
2025-03-18T09:50:00.000+0000,793218.9619542402,793218.9619542402,999999.9999999999
2025-03-18T10:00:00.000+0000,793218.9619542402,793218.9619542402,999999.9999999999
2025-03-18T10:10:00.000+0000,793218.9619542402,793218.9619542402,999999.9999999999
2025-03-18T10:20:00.000+0000,793218.9619542402,793218.9619542402,999999.9999999999
2025-03-18T10:30:00.000+0000,793218.9619542402,793218.9619542402,999999.9999999999
2025-03-18T10:40:00.000+0000,793218.9619542402,793218.9619542402,999999.9999999999
2025-03-18T10:50:00.000+0000,793218.9619542402,793218.9619542402,999999.9999999999
2025-03-18T11:00:00.000+0000,793218.9619542402,793218.9619542402,999999.9999999999
2025-03-18T11:10:00.000+0000,793218.9619542402,793218.9619542402,999999.9999999999
2025-03-18T11:20:00.000+0000,793218.9619542402,793218.9619542402,999999.9999999999
2025-03-18T11:30:00.000+0000,793218.9619542402,793218.9619542402,999999.9999999999
2025-03-18T11:40:00.000+0000,793218.9619542402,793218.9619542402,999999.9999999999
2025-03-18T11:50:00.000+0000,793218.9619542402,793218.9619542402,999999.9999999999
2025-03-18T12:00:00.000+0000,793218.9619542402,793218.9619542402,999999.9999999999
2025-03-18T12:10:00.000+0000,793218.9619542402,793218.9619542402,999999.9999999999
2025-03-18T12:20:00.000+0000,793218.9619542402,793218.9619542402,999999.9999999999
2025-03-18T12:30:00.000+0000,793218.9619542402,793218.9619542402,999999.9999999999
2025-03-18T12:40:00.000+0000,793218.9619542402,793218.9619542402,999999.9999999999
2025-03-18T12:50:00.000+0000,793218.9619542402,793218.9619542402,999999.9999999999
2025-03-18T13:00:00.000+0000,793218.9619542402,793218.9619542402,999999.9999999999
2025-03-18T13:10:00.000+0000,793218.9619542402,793218.9619542402,999999.9999999999
2025-03-18T13:20:00.000+0000,793218.9619542402,793218.9619542402,999999.9999999999
2025-03-18T13:30:00.000+0000,793218.9619542402,793218.9619542402,999999.9999999999
2025-03-18T13:40:00.000+0000,793218.9619542402,793218.9619542402,999999.9999999999
2025-03-18T13:50:00.000+0000,793218.9619542402,793218.9619542402,999999.9999999999
2025-03-18T14:00:00.000+0000,793218.9619542402,793218.9619542402,999999.9999999999
2025-03-18T14:10:00.000+0000,793218.9619542402,793218.9619542402,999999.9999999999
2025-03-18T14:20:00.000+0000,793218.9619542402,793218.9619542402,999999.9999999999
2025-03-18T14:30:00.000+0000,793218.9619542402,793218.9619542402,999999.9999999999
2025-03-18T14:40:00.000+0000,793218.9619542402,793218.9619542402,999999.9999999999
2025-03-18T14:50:00.000+0000,793218.9619542402,793218.9619542402,999999.9999999999
2025-03-18T15:00:00.000+0000,793218.9619542402,793218.9619542402,999999.9999999999
2025-03-18T15:10:00.000+0000,793218.9619542402,793218.9619542402,999999.9999999999
2025-03-18T15:20:00.000+0000,793218.9619542402,793218.9619542402,999999.9999999999
2025-03-18T15:30:00.000+0000,793218.9619542402,793218.9619542402,999999.9999999999
2025-03-18T15:40:00.000+0000,793218.9619542402,793218.9619542402,999999.9999999999
2025-03-18T15:50:00.000+0000,793218.9619542402,793218.9619542402,999999.9999999999
2025-03-18T16:00:00.000+0000,793218.9619542402,793218.9619542402,999999.9999999999
2025-03-18T16:10:00.000+0000,793218.9619542402,793218.9619542402,999999.9999999999
2025-03-18T16:20:00.000+0000,793218.9619542402,793218.9619542402,999999.9999999999
2025-03-18T16:30:00.000+0000,793218.9619542402,793218.9619542402,999999.9999999999
2025-03-18T16:40:00.000+0000,793218.9619542402,793218.9619542402,999999.9999999999
2025-03-18T16:50:00.000+0000,793218.9619542402,793218.9619542402,999999.9999999999
2025-03-18T17:00:00.000+0000,793218.9619542402,793218.9619542402,999999.9999999999
2025-03-18T17:10:00.000+0000,793218.9619542402,793218.9619542402,999999.9999999999
2025-03-18T17:20:00.000+0000,793218.9619542402,793218.9619542402,999999.9999999999
2025-03-18T17:30:00.000+0000,793218.9619542402,793218.9619542402,999999.9999999999
2025-03-18T17:40:00.000+0000,793218.9619542402,793218.9619542402,999999.9999999999
2025-03-18T17:50:00.000+0000,793218.9619542402,793218.9619542402,999999.9999999999
2025-03-18T18:00:00.000+0000,793218.9619542402,793218.9619542402,999999.9999999999
2025-03-18T18:10:00.000+0000,793218.9619542402,793218.9619542402,999999.9999999999
2025-03-18T18:20:00.000+0000,793218.9619542402,793218.9619542402,999999.9999999999
2025-03-18T18:30:00.000+0000,793218.9619542402,793218.9619542402,999999.9999999999
2025-03-18T18:40:00.000+0000,793218.9619542402,793218.9619542402,999999.9999999999
2025-03-18T18:50:00.000+0000,793218.9619542402,793218.9619542402,999999.9999999999
2025-03-18T19:00:00.000+0000,793218.9619542402,793218.9619542402,999999.9999999999
2025-03-18T19:10:00.000+0000,793218.9619542402,793218.9619542402,999999.9999999999
2025-03-18T19:20:00.000+0000,793218.9619542402,793218.9619542402,999999.9999999999
2025-03-18T19:30:00.000+0000,793218.9619542402,793218.9619542402,999999.9999999999
2025-03-18T19:40:00.000+0000,793218.9619542402,793218.9619542402,999999.9999999999
2025-03-18T19:50:00.000+0000,793218.9619542402,793218.9619542402,999999.9999999999
2025-03-18T20:00:00.000+0000,793218.9619542402,793218.9619542402,999999.9999999999
2025-03-18T20:10:00.000+0000,793218.9619542402,793218.9619542402,999999.9999999999
2025-03-18T20:20:00.000+0000,793218.9619542402,793218.9619542402,999999.9999999999
2025-03-18T20:30:00.000+0000,793218.9619542402,793218.9619542402,999999.9999999999
2025-03-18T20:40:00.000+0000,793218.9619542402,793218.9619542402,999999.9999999999
2025-03-18T20:50:00.000+0000,793218.9619542402,793218.9619542402,999999.9999999999
2025-03-18T21:00:00.000+0000,793218.9619542402,793218.9619542402,999999.9999999999
2025-03-18T21:10:00.000+0000,793218.9619542402,793218.9619542402,999999.9999999999
2025-03-18T21:20:00.000+0000,793218.9619542402,793218.9619542402,999999.9999999999
2025-03-18T21:30:00.000+0000,793218.9619542402,793218.9619542402,999999.9999999999
2025-03-18T21:40:00.000+0000,793218.9619542402,793218.9619542402,999999.9999999999
2025-03-18T21:50:00.000+0000,793218.9619542402,793218.9619542402,999999.9999999999
2025-03-18T22:00:00.000+0000,793218.9619542402,793218.9619542402,999999.9999999999
2025-03-18T22:10:00.000+0000,793218.9619542402,793218.9619542402,999999.9999999999
2025-03-18T22:20:00.000+0000,793218.9619542402,793218.9619542402,999999.9999999999
2025-03-18T22:30:00.000+0000,793218.9619542402,793218.9619542402,999999.9999999999
2025-03-18T22:40:00.000+0000,793218.9619542402,793218.9619542402,999999.9999999999
2025-03-18T22:50:00.000+0000,793218.9619542402,793218.9619542402,999999.9999999999
2025-03-18T23:00:00.000+0000,793218.9619542402,793218.9619542402,999999.9999999999
2025-03-18T23:10:00.000+0000,793218.9619542402,793218.9619542402,999999.9999999999
2025-03-18T23:20:00.000+0000,793218.9619542402,793218.9619542402,999999.9999999999
2025-03-18T23:30:00.000+0000,793218.9619542402,793218.9619542402,999999.9999999999
2025-03-18T23:40:00.000+0000,793218.9619542402,793218.9619542402,999999.9999999999
2025-03-18T23:50:00.000+0000,793218.9619542402,793218.9619542402,999999.9999999999
2025-03-19T00:00:00.000+0000,793218.9619542402,793218.9619542402,999999.9999999999
2025-03-19T00:10:00.000+0000,793218.9619542402,793218.9619542402,999999.9999999999
2025-03-19T00:20:00.000+0000,793218.9619542402,793218.9619542402,999999.9999999999
2025-03-19T00:30:00.000+0000,793218.9619542402,793218.9619542402,999999.9999999999
2025-03-19T00:40:00.000+0000,793218.9619542402,793218.9619542402,999999.9999999999
2025-03-19T00:50:00.000+0000,793218.9619542402,793218.9619542402,999999.9999999999
2025-03-19T01:00:00.000+0000,793218.9619542402,793218.9619542402,999999.9999999999
2025-03-19T01:10:00.000+0000,793218.9619542402,793218.9619542402,999999.9999999999
2025-03-19T01:20:00.000+0000,793218.9619542402,793218.9619542402,999999.9999999999
2025-03-19T01:30:00.000+0000,793218.9619542402,793218.9619542402,999999.9999999999
2025-03-19T01:40:00.000+0000,793218.9619542402,793218.9619542402,999999.9999999999
2025-03-19T01:50:00.000+0000,793218.9619542402,793218.9619542402,999999.9999999999
2025-03-19T02:00:00.000+0000,793218.9619542402,793218.9619542402,999999.9999999999
2025-03-19T02:10:00.000+0000,793218.9619542402,793218.9619542402,999999.9999999999
2025-03-19T02:20:00.000+0000,793218.9619542402,793218.9619542402,999999.9999999999
2025-03-19T02:30:00.000+0000,793218.9619542402,793218.9619542402,999999.9999999999
2025-03-19T02:40:00.000+0000,793218.9619542402,793218.9619542402,999999.9999999999
2025-03-19T02:50:00.000+0000,793218.9619542402,793218.9619542402,999999.9999999999
2025-03-19T03:00:00.000+0000,793218.9619542402,793218.9619542402,999999.9999999999
2025-03-19T03:10:00.000+0000,793218.9619542402,793218.9619542402,999999.9999999999
2025-03-19T03:20:00.000+0000,793218.9619542402,793218.9619542402,999999.9999999999
2025-03-19T03:30:00.000+0000,793218.9619542402,793218.9619542402,999999.9999999999
2025-03-19T03:40:00.000+0000,793218.9619542402,793218.9619542402,999999.9999999999
2025-03-19T03:50:00.000+0000,793218.9619542402,793218.9619542402,999999.9999999999
2025-03-19T04:00:00.000+0000,793218.9619542402,793218.9619542402,999999.9999999999
2025-03-19T04:10:00.000+0000,793218.9619542402,793218.9619542402,999999.9999999999
2025-03-19T04:20:00.000+0000,793218.9619542402,793218.9619542402,999999.9999999999
2025-03-19T04:30:00.000+0000,793218.9619542402,793218.9619542402,999999.9999999999
2025-03-19T04:40:00.000+0000,793218.9619542402,793218.9619542402,999999.9999999999
2025-03-19T04:50:00.000+0000,793218.9619542402,793218.9619542402,999999.9999999999
2025-03-19T05:00:00.000+0000,793218.9619542402,793218.9619542402,999999.9999999999
2025-03-19T05:10:00.000+0000,793218.9619542402,793218.9619542402,999999.9999999999
2025-03-19T05:20:00.000+0000,793218.9619542402,793218.9619542402,999999.9999999999
2025-03-19T05:30:00.000+0000,793218.9619542402,793218.9619542402,999999.9999999999
2025-03-19T05:40:00.000+0000,793218.9619542402,793218.9619542402,999999.9999999999
2025-03-19T05:50:00.000+0000,793218.9619542402,793218.9619542402,999999.9999999999
2025-03-19T06:00:00.000+0000,793218.9619542402,793218.9619542402,999999.9999999999
2025-03-19T06:10:00.000+0000,793218.9619542402,793218.9619542402,999999.9999999999
2025-03-19T06:20:00.000+0000,793218.9619542402,793218.9619542402,999999.9999999999
2025-03-19T06:30:00.000+0000,793218.9619542402,793218.9619542402,999999.9999999999
2025-03-19T06:40:00.000+0000,793218.9619542402,793218.9619542402,999999.9999999999
2025-03-19T06:50:00.000+0000,793218.9619542402,793218.9619542402,999999.9999999999
2025-03-19T07:00:00.000+0000,793218.9619542402,793218.9619542402,999999.9999999999
2025-03-19T07:10:00.000+0000,793218.9619542402,793218.9619542402,999999.9999999999
2025-03-19T07:20:00.000+0000,793218.9619542402,793218.9619542402,999999.9999999999
2025-03-19T07:30:00.000+0000,793218.9619542402,793218.9619542402,999999.9999999999
2025-03-19T07:40:00.000+0000,793218.9619542402,793218.9619542402,999999.9999999999
2025-03-19T07:50:00.000+0000,793218.9619542402,793218.9619542402,999999.9999999999
2025-03-19T08:00:00.000+0000,793218.9619542402,793218.9619542402,999999.9999999999
2025-03-19T08:10:00.000+0000,793218.9619542402,793218.9619542402,999999.9999999999
2025-03-19T08:20:00.000+0000,793218.9619542402,793218.9619542402,999999.9999999999
2025-03-19T08:30:00.000+0000,793218.9619542402,793218.9619542402,999999.9999999999
2025-03-19T08:40:00.000+0000,793218.9619542402,793218.9619542402,999999.9999999999
2025-03-19T08:50:00.000+0000,793218.9619542402,793218.9619542402,999999.9999999999
2025-03-19T09:00:00.000+0000,793218.9619542402,793218.9619542402,999999.9999999999
2025-03-19T09:10:00.000+0000,793218.9619542402,793218.9619542402,999999.9999999999
2025-03-19T09:20:00.000+0000,793218.9619542402,793218.9619542402,999999.9999999999
2025-03-19T09:30:00.000+0000,793218.9619542402,793218.9619542402,999999.9999999999
2025-03-19T09:40:00.000+0000,793218.9619542402,793218.9619542402,999999.9999999999
2025-03-19T09:50:00.000+0000,793218.9619542402,793218.9619542402,999999.9999999999
2025-03-19T10:00:00.000+0000,793218.9619542402,793218.9619542402,999999.9999999999
2025-03-19T10:10:00.000+0000,793218.9619542402,793218.9619542402,999999.9999999999
2025-03-19T10:20:00.000+0000,793218.9619542402,793218.9619542402,999999.9999999999
2025-03-19T10:30:00.000+0000,793218.9619542402,793218.9619542402,999999.9999999999
2025-03-19T10:40:00.000+0000,793218.9619542402,793218.9619542402,999999.9999999999
2025-03-19T10:50:00.000+0000,793218.9619542402,793218.9619542402,999999.9999999999
2025-03-19T11:00:00.000+0000,793218.9619542402,793218.9619542402,999999.9999999999
2025-03-19T11:10:00.000+0000,793218.9619542402,793218.9619542402,999999.9999999999
2025-03-19T11:20:00.000+0000,793218.9619542402,793218.9619542402,999999.9999999999
2025-03-19T11:30:00.000+0000,793218.9619542402,793218.9619542402,999999.9999999999
2025-03-19T11:40:00.000+0000,793218.9619542402,793218.9619542402,999999.9999999999
2025-03-19T11:50:00.000+0000,793218.9619542402,793218.9619542402,999999.9999999999
2025-03-19T12:00:00.000+0000,793218.9619542402,793218.9619542402,999999.9999999999
2025-03-19T12:10:00.000+0000,793218.9619542402,793218.9619542402,999999.9999999999
2025-03-19T12:20:00.000+0000,793218.9619542402,793218.9619542402,999999.9999999999
2025-03-19T12:30:00.000+0000,793218.9619542402,793218.9619542402,999999.9999999999
2025-03-19T12:40:00.000+0000,793218.9619542402,793218.9619542402,999999.9999999999
2025-03-19T12:50:00.000+0000,793218.9619542402,793218.9619542402,999999.9999999999
2025-03-19T13:00:00.000+0000,793218.9619542402,793218.9619542402,999999.9999999999
2025-03-19T13:10:00.000+0000,793218.9619542402,793218.9619542402,999999.9999999999
2025-03-19T13:20:00.000+0000,793218.9619542402,793218.9619542402,999999.9999999999
2025-03-19T13:30:00.000+0000,793218.9619542402,793218.9619542402,999999.9999999999
2025-03-19T13:40:00.000+0000,792584.8152524806,535.5847542406106,999999.9999999999
2025-03-19T13:50:00.000+0000,792584.8152524806,535.5847542406106,999999.9999999999
2025-03-19T14:00:00.000+0000,792584.8152524806,535.5847542406106,999999.9999999999
2025-03-19T14:10:00.000+0000,792584.8152524806,535.5847542406106,999999.9999999999
2025-03-19T14:20:00.000+0000,792584.8152524806,535.5847542406106,999999.9999999999
2025-03-19T14:30:00.000+0000,792584.8152524806,535.5847542406106,999999.9999999999
2025-03-19T14:40:00.000+0000,792584.8152524806,535.5847542406106,999999.9999999999
2025-03-19T14:50:00.000+0000,792584.8152524806,535.5847542406106,999999.9999999999
2025-03-19T15:00:00.000+0000,792584.8152524806,535.5847542406106,999999.9999999999
2025-03-19T15:10:00.000+0000,792584.8152524806,535.5847542406106,999999.9999999999
2025-03-19T15:20:00.000+0000,792584.8152524806,535.5847542406106,999999.9999999999
2025-03-19T15:30:00.000+0000,792584.8152524806,535.5847542406106,999999.9999999999
2025-03-19T15:40:00.000+0000,792584.8152524806,535.5847542406106,999999.9999999999
2025-03-19T15:50:00.000+0000,792584.8152524806,535.5847542406106,999999.9999999999
2025-03-19T16:00:00.000+0000,792584.8152524806,535.5847542406106,999999.9999999999
2025-03-19T16:10:00.000+0000,792584.8152524806,535.5847542406106,999999.9999999999
2025-03-19T16:20:00.000+0000,792584.8152524806,535.5847542406106,999999.9999999999
2025-03-19T16:30:00.000+0000,792584.8152524806,535.5847542406106,999999.9999999999
2025-03-19T16:40:00.000+0000,792584.8152524806,535.5847542406106,999999.9999999999
2025-03-19T16:50:00.000+0000,792584.8152524806,535.5847542406106,999999.9999999999
2025-03-19T17:00:00.000+0000,792584.8152524806,535.5847542406106,999999.9999999999
2025-03-19T17:10:00.000+0000,792584.8152524806,535.5847542406106,999999.9999999999
2025-03-19T17:20:00.000+0000,792564.6372348802,535.5847542406106,999999.9999999999
2025-03-19T17:30:00.000+0000,792564.6372348802,767362.2932524802,999999.9999999999
2025-03-19T17:40:00.000+0000,792564.6372348802,767362.2932524802,999999.9999999999
2025-03-19T17:50:00.000+0000,792564.6372348802,767362.2932524802,999999.9999999999
2025-03-19T18:00:00.000+0000,792564.6372348802,767362.2932524802,999999.9999999999
2025-03-19T18:10:00.000+0000,792564.6372348802,767362.2932524802,999999.9999999999
2025-03-19T18:20:00.000+0000,792564.6372348802,767362.2932524802,999999.9999999999
2025-03-19T18:30:00.000+0000,792564.6372348802,767362.2932524802,999999.9999999999
2025-03-19T18:40:00.000+0000,792564.6372348802,767362.2932524802,999999.9999999999
2025-03-19T18:50:00.000+0000,792564.6372348802,767362.2932524802,999999.9999999999
2025-03-19T19:00:00.000+0000,792564.6372348802,767362.2932524802,999999.9999999999
2025-03-19T19:10:00.000+0000,792564.6372348802,767362.2932524802,999999.9999999999
2025-03-19T19:20:00.000+0000,792564.6372348802,767362.2932524802,999999.9999999999
2025-03-19T19:30:00.000+0000,792564.6372348802,767362.2932524802,999999.9999999999
2025-03-19T19:40:00.000+0000,792564.6372348802,767362.2932524802,999999.9999999999
2025-03-19T19:50:00.000+0000,792564.6372348802,767362.2932524802,999999.9999999999
2025-03-19T20:00:00.000+0000,792564.6372348802,767362.2932524802,999999.9999999999
2025-03-19T20:10:00.000+0000,792564.6372348802,767362.2932524802,999999.9999999999
2025-03-19T20:20:00.000+0000,792564.6372348802,767362.2932524802,999999.9999999999
2025-03-19T20:30:00.000+0000,792564.6372348802,767362.2932524802,999999.9999999999
2025-03-19T20:40:00.000+0000,792564.6372348802,767362.2932524802,999999.9999999999
2025-03-19T20:50:00.000+0000,792564.6372348802,767362.2932524802,999999.9999999999
2025-03-19T21:00:00.000+0000,792564.6372348802,767362.2932524802,999999.9999999999
2025-03-19T21:10:00.000+0000,792564.6372348802,767362.2932524802,999999.9999999999
2025-03-19T21:20:00.000+0000,792564.6372348802,767362.2932524802,999999.9999999999
2025-03-19T21:30:00.000+0000,792564.6372348802,767362.2932524802,999999.9999999999
2025-03-19T21:40:00.000+0000,792564.6372348802,767362.2932524802,999999.9999999999
2025-03-19T21:50:00.000+0000,792564.6372348802,767362.2932524802,999999.9999999999
2025-03-19T22:00:00.000+0000,792564.6372348802,767362.2932524802,999999.9999999999
2025-03-19T22:10:00.000+0000,792564.6372348802,767362.2932524802,999999.9999999999
2025-03-19T22:20:00.000+0000,792564.6372348802,767362.2932524802,999999.9999999999
2025-03-19T22:30:00.000+0000,792564.6372348802,767362.2932524802,999999.9999999999
2025-03-19T22:40:00.000+0000,792564.6372348802,767362.2932524802,999999.9999999999
2025-03-19T22:50:00.000+0000,792564.6372348802,767362.2932524802,999999.9999999999
2025-03-19T23:00:00.000+0000,792564.6372348802,767362.2932524802,999999.9999999999
2025-03-19T23:10:00.000+0000,792564.6372348802,767362.2932524802,999999.9999999999
2025-03-19T23:20:00.000+0000,792564.6372348802,767362.2932524802,999999.9999999999
2025-03-19T23:30:00.000+0000,792564.6372348802,767362.2932524802,999999.9999999999
2025-03-19T23:40:00.000+0000,792564.6372348802,767362.2932524802,999999.9999999999
2025-03-19T23:50:00.000+0000,792564.6372348802,767362.2932524802,999999.9999999999
2025-03-20T00:00:00.000+0000,792564.6372348802,767362.2932524802,999999.9999999999
2025-03-20T00:10:00.000+0000,792564.6372348802,767362.2932524802,999999.9999999999
2025-03-20T00:20:00.000+0000,792564.6372348802,767362.2932524802,999999.9999999999
2025-03-20T00:30:00.000+0000,792564.6372348802,767362.2932524802,999999.9999999999
2025-03-20T00:40:00.000+0000,792564.6372348802,767362.2932524802,999999.9999999999
2025-03-20T00:50:00.000+0000,792564.6372348802,767362.2932524802,999999.9999999999
2025-03-20T01:00:00.000+0000,792564.6372348802,767362.2932524802,999999.9999999999
2025-03-20T01:10:00.000+0000,792564.6372348802,767362.2932524802,999999.9999999999
2025-03-20T01:20:00.000+0000,792564.6372348802,767362.2932524802,999999.9999999999
2025-03-20T01:30:00.000+0000,792564.6372348802,767362.2932524802,999999.9999999999
2025-03-20T01:40:00.000+0000,792564.6372348802,767362.2932524802,999999.9999999999
2025-03-20T01:50:00.000+0000,792564.6372348802,767362.2932524802,999999.9999999999
2025-03-20T02:00:00.000+0000,792564.6372348802,767362.2932524802,999999.9999999999
2025-03-20T02:10:00.000+0000,792564.6372348802,767362.2932524802,999999.9999999999
2025-03-20T02:20:00.000+0000,792564.6372348802,767362.2932524802,999999.9999999999
2025-03-20T02:30:00.000+0000,792564.6372348802,767362.2932524802,999999.9999999999
2025-03-20T02:40:00.000+0000,792564.6372348802,767362.2932524802,999999.9999999999
2025-03-20T02:50:00.000+0000,792564.6372348802,767362.2932524802,999999.9999999999
2025-03-20T03:00:00.000+0000,792564.6372348802,767362.2932524802,999999.9999999999
2025-03-20T03:10:00.000+0000,792564.6372348802,767362.2932524802,999999.9999999999
2025-03-20T03:20:00.000+0000,792564.6372348802,767362.2932524802,999999.9999999999
2025-03-20T03:30:00.000+0000,792564.6372348802,767362.2932524802,999999.9999999999
2025-03-20T03:40:00.000+0000,792564.6372348802,767362.2932524802,999999.9999999999
2025-03-20T03:50:00.000+0000,792564.6372348802,767362.2932524802,999999.9999999999
2025-03-20T04:00:00.000+0000,792564.6372348802,767362.2932524802,999999.9999999999
2025-03-20T04:10:00.000+0000,792564.6372348802,767362.2932524802,999999.9999999999
2025-03-20T04:20:00.000+0000,792564.6372348802,767362.2932524802,999999.9999999999
2025-03-20T04:30:00.000+0000,792564.6372348802,767362.2932524802,999999.9999999999
2025-03-20T04:40:00.000+0000,792564.6372348802,767362.2932524802,999999.9999999999
2025-03-20T04:50:00.000+0000,792564.6372348802,767362.2932524802,999999.9999999999
2025-03-20T05:00:00.000+0000,792564.6372348802,767362.2932524802,999999.9999999999
2025-03-20T05:10:00.000+0000,792564.6372348802,767362.2932524802,999999.9999999999
2025-03-20T05:20:00.000+0000,791951.2420445601,618.3053524804491,999999.9999999999
2025-03-20T05:30:00.000+0000,791951.2420445601,618.3053524804491,999999.9999999999
2025-03-20T05:40:00.000+0000,791951.2420445601,618.3053524804491,999999.9999999999
2025-03-20T05:50:00.000+0000,791951.2420445601,618.3053524804491,999999.9999999999
2025-03-20T06:00:00.000+0000,791951.2420445601,618.3053524804491,999999.9999999999
2025-03-20T06:10:00.000+0000,791951.2420445601,618.3053524804491,999999.9999999999
2025-03-20T06:20:00.000+0000,791951.2420445601,618.3053524804491,999999.9999999999
2025-03-20T06:30:00.000+0000,791951.2420445601,618.3053524804491,999999.9999999999
2025-03-20T06:40:00.000+0000,791951.2420445601,618.3053524804491,999999.9999999999
2025-03-20T06:50:00.000+0000,791951.2420445601,618.3053524804491,999999.9999999999
2025-03-20T07:00:00.000+0000,791951.2420445601,618.3053524804491,999999.9999999999
2025-03-20T07:10:00.000+0000,791951.2420445601,618.3053524804491,999999.9999999999
2025-03-20T07:20:00.000+0000,791951.2420445601,618.3053524804491,999999.9999999999
2025-03-20T07:30:00.000+0000,791951.2420445601,618.3053524804491,999999.9999999999
2025-03-20T07:40:00.000+0000,791951.2420445601,618.3053524804491,999999.9999999999
2025-03-20T07:50:00.000+0000,791951.2420445601,618.3053524804491,999999.9999999999
2025-03-20T08:00:00.000+0000,791951.2420445601,618.3053524804491,999999.9999999999
2025-03-20T08:10:00.000+0000,791951.2420445601,618.3053524804491,999999.9999999999
2025-03-20T08:20:00.000+0000,791951.2420445601,618.3053524804491,999999.9999999999
2025-03-20T08:30:00.000+0000,791951.2420445601,618.3053524804491,999999.9999999999
2025-03-20T08:40:00.000+0000,791951.2420445601,618.3053524804491,999999.9999999999
2025-03-20T08:50:00.000+0000,791951.2420445601,618.3053524804491,999999.9999999999
2025-03-20T09:00:00.000+0000,791951.2420445601,618.3053524804491,999999.9999999999
2025-03-20T09:10:00.000+0000,791951.2420445601,618.3053524804491,999999.9999999999
2025-03-20T09:20:00.000+0000,791951.2420445601,618.3053524804491,999999.9999999999
2025-03-20T09:30:00.000+0000,791951.2420445601,618.3053524804491,999999.9999999999
2025-03-20T09:40:00.000+0000,791951.2420445601,618.3053524804491,999999.9999999999
2025-03-20T09:50:00.000+0000,791951.2420445601,618.3053524804491,999999.9999999999
2025-03-20T10:00:00.000+0000,791951.2420445601,618.3053524804491,999999.9999999999
2025-03-20T10:10:00.000+0000,791951.2420445601,618.3053524804491,999999.9999999999
2025-03-20T10:20:00.000+0000,791951.2420445601,618.3053524804491,999999.9999999999
2025-03-20T10:30:00.000+0000,791951.2420445601,618.3053524804491,999999.9999999999
2025-03-20T10:40:00.000+0000,791951.2420445601,618.3053524804491,999999.9999999999
2025-03-20T10:50:00.000+0000,791951.2420445601,618.3053524804491,999999.9999999999
2025-03-20T11:00:00.000+0000,791951.2420445601,618.3053524804491,999999.9999999999
2025-03-20T11:10:00.000+0000,791951.2420445601,618.3053524804491,999999.9999999999
2025-03-20T11:20:00.000+0000,791951.2420445601,618.3053524804491,999999.9999999999
2025-03-20T11:30:00.000+0000,791951.2420445601,618.3053524804491,999999.9999999999
2025-03-20T11:40:00.000+0000,791951.2420445601,618.3053524804491,999999.9999999999
2025-03-20T11:50:00.000+0000,791951.2420445601,618.3053524804491,999999.9999999999
2025-03-20T12:00:00.000+0000,791951.2420445601,618.3053524804491,999999.9999999999
2025-03-20T12:10:00.000+0000,791951.2420445601,618.3053524804491,999999.9999999999
2025-03-20T12:20:00.000+0000,791951.2420445601,618.3053524804491,999999.9999999999
2025-03-20T12:30:00.000+0000,791951.2420445601,618.3053524804491,999999.9999999999
2025-03-20T12:40:00.000+0000,791951.2420445601,618.3053524804491,999999.9999999999
2025-03-20T12:50:00.000+0000,791951.2420445601,618.3053524804491,999999.9999999999
2025-03-20T13:00:00.000+0000,791951.2420445601,618.3053524804491,999999.9999999999
2025-03-20T13:10:00.000+0000,791951.2420445601,618.3053524804491,999999.9999999999
2025-03-20T13:20:00.000+0000,791951.2420445601,618.3053524804491,999999.9999999999
2025-03-20T13:30:00.000+0000,791951.2420445601,618.3053524804491,999999.9999999999
2025-03-20T13:40:00.000+0000,791951.2420445601,618.3053524804491,999999.9999999999
2025-03-20T13:50:00.000+0000,791951.2420445601,618.3053524804491,999999.9999999999
2025-03-20T14:00:00.000+0000,791951.2420445601,618.3053524804491,999999.9999999999
2025-03-20T14:10:00.000+0000,791951.2420445601,618.3053524804491,999999.9999999999
2025-03-20T14:20:00.000+0000,791951.2420445601,618.3053524804491,999999.9999999999
2025-03-20T14:30:00.000+0000,791951.2420445601,618.3053524804491,999999.9999999999
2025-03-20T14:40:00.000+0000,791951.2420445601,618.3053524804491,999999.9999999999
2025-03-20T14:50:00.000+0000,791951.2420445601,618.3053524804491,999999.9999999999
2025-03-20T15:00:00.000+0000,791951.2420445601,618.3053524804491,999999.9999999999
2025-03-20T15:10:00.000+0000,791951.2420445601,618.3053524804491,999999.9999999999
2025-03-20T15:20:00.000+0000,791951.2420445601,618.3053524804491,999999.9999999999
2025-03-20T15:30:00.000+0000,791951.2420445601,618.3053524804491,999999.9999999999
2025-03-20T15:40:00.000+0000,791951.2420445601,618.3053524804491,999999.9999999999
2025-03-20T15:50:00.000+0000,791951.2420445601,618.3053524804491,999999.9999999999
2025-03-20T16:00:00.000+0000,791951.2420445601,618.3053524804491,999999.9999999999
2025-03-20T16:10:00.000+0000,791951.2420445601,618.3053524804491,999999.9999999999
2025-03-20T16:20:00.000+0000,791951.2420445601,618.3053524804491,999999.9999999999
2025-03-20T16:30:00.000+0000,791951.2420445601,618.3053524804491,999999.9999999999
2025-03-20T16:40:00.000+0000,791951.2420445601,618.3053524804491,999999.9999999999
2025-03-20T16:50:00.000+0000,791951.2420445601,618.3053524804491,999999.9999999999
2025-03-20T17:00:00.000+0000,791951.2420445601,618.3053524804491,999999.9999999999
2025-03-20T17:10:00.000+0000,791951.2420445601,618.3053524804491,999999.9999999999
2025-03-20T17:20:00.000+0000,791951.2420445601,618.3053524804491,999999.9999999999
2025-03-20T17:30:00.000+0000,791951.2420445601,618.3053524804491,999999.9999999999
2025-03-20T17:40:00.000+0000,791951.2420445601,618.3053524804491,999999.9999999999
2025-03-20T17:50:00.000+0000,791951.2420445601,618.3053524804491,999999.9999999999
2025-03-20T18:00:00.000+0000,791951.2420445601,618.3053524804491,999999.9999999999
2025-03-20T18:10:00.000+0000,791951.2420445601,618.3053524804491,999999.9999999999
2025-03-20T18:20:00.000+0000,791951.2420445601,618.3053524804491,999999.9999999999
2025-03-20T18:30:00.000+0000,791951.2420445601,618.3053524804491,999999.9999999999
2025-03-20T18:40:00.000+0000,791951.2420445601,618.3053524804491,999999.9999999999
2025-03-20T18:50:00.000+0000,791951.2420445601,618.3053524804491,999999.9999999999
2025-03-20T19:00:00.000+0000,791951.2420445601,618.3053524804491,999999.9999999999
2025-03-20T19:10:00.000+0000,791951.2420445601,618.3053524804491,999999.9999999999
2025-03-20T19:20:00.000+0000,791951.2420445601,618.3053524804491,999999.9999999999
2025-03-20T19:30:00.000+0000,791951.2420445601,618.3053524804491,999999.9999999999
2025-03-20T19:40:00.000+0000,791951.2420445601,618.3053524804491,999999.9999999999
2025-03-20T19:50:00.000+0000,791951.2420445601,618.3053524804491,999999.9999999999
2025-03-20T20:00:00.000+0000,791951.2420445601,618.3053524804491,999999.9999999999
2025-03-20T20:10:00.000+0000,791951.2420445601,618.3053524804491,999999.9999999999
2025-03-20T20:20:00.000+0000,791951.2420445601,618.3053524804491,999999.9999999999
2025-03-20T20:30:00.000+0000,791951.2420445601,618.3053524804491,999999.9999999999
2025-03-20T20:40:00.000+0000,791951.2420445601,618.3053524804491,999999.9999999999
2025-03-20T20:50:00.000+0000,791951.2420445601,618.3053524804491,999999.9999999999
2025-03-20T21:00:00.000+0000,791951.2420445601,618.3053524804491,999999.9999999999
2025-03-20T21:10:00.000+0000,791951.2420445601,618.3053524804491,999999.9999999999
2025-03-20T21:20:00.000+0000,791951.2420445601,618.3053524804491,999999.9999999999
2025-03-20T21:30:00.000+0000,791951.2420445601,618.3053524804491,999999.9999999999
2025-03-20T21:40:00.000+0000,791951.2420445601,618.3053524804491,999999.9999999999
2025-03-20T21:50:00.000+0000,791951.2420445601,618.3053524804491,999999.9999999999
2025-03-20T22:00:00.000+0000,791951.2420445601,618.3053524804491,999999.9999999999
2025-03-20T22:10:00.000+0000,791951.2420445601,618.3053524804491,999999.9999999999
2025-03-20T22:20:00.000+0000,791951.2420445601,618.3053524804491,999999.9999999999
2025-03-20T22:30:00.000+0000,791951.2420445601,618.3053524804491,999999.9999999999
2025-03-20T22:40:00.000+0000,791951.2420445601,618.3053524804491,999999.9999999999
2025-03-20T22:50:00.000+0000,791951.2420445601,618.3053524804491,999999.9999999999
2025-03-20T23:00:00.000+0000,791951.2420445601,618.3053524804491,999999.9999999999
2025-03-20T23:10:00.000+0000,791951.2420445601,618.3053524804491,999999.9999999999
2025-03-20T23:20:00.000+0000,791951.2420445601,618.3053524804491,999999.9999999999
2025-03-20T23:30:00.000+0000,791951.2420445601,618.3053524804491,999999.9999999999
2025-03-20T23:40:00.000+0000,791951.2420445601,618.3053524804491,999999.9999999999
2025-03-20T23:50:00.000+0000,791951.2420445601,618.3053524804491,999999.9999999999
2025-03-21T00:00:00.000+0000,791951.2420445601,618.3053524804491,999999.9999999999
2025-03-21T00:10:00.000+0000,791951.2420445601,618.3053524804491,999999.9999999999
2025-03-21T00:20:00.000+0000,791951.2420445601,618.3053524804491,999999.9999999999
2025-03-21T00:30:00.000+0000,791951.2420445601,618.3053524804491,999999.9999999999
2025-03-21T00:40:00.000+0000,791951.2420445601,618.3053524804491,999999.9999999999
2025-03-21T00:50:00.000+0000,791951.2420445601,618.3053524804491,999999.9999999999
2025-03-21T01:00:00.000+0000,791951.2420445601,618.3053524804491,999999.9999999999
2025-03-21T01:10:00.000+0000,791951.2420445601,618.3053524804491,999999.9999999999
2025-03-21T01:20:00.000+0000,791951.2420445601,618.3053524804491,999999.9999999999
2025-03-21T01:30:00.000+0000,791951.2420445601,618.3053524804491,999999.9999999999
2025-03-21T01:40:00.000+0000,791951.2420445601,618.3053524804491,999999.9999999999
2025-03-21T01:50:00.000+0000,791951.2420445601,618.3053524804491,999999.9999999999
2025-03-21T02:00:00.000+0000,791951.2420445601,618.3053524804491,999999.9999999999
2025-03-21T02:10:00.000+0000,791951.2420445601,618.3053524804491,999999.9999999999
2025-03-21T02:20:00.000+0000,791951.2420445601,618.3053524804491,999999.9999999999
2025-03-21T02:30:00.000+0000,791951.2420445601,618.3053524804491,999999.9999999999
2025-03-21T02:40:00.000+0000,791951.2420445601,618.3053524804491,999999.9999999999
2025-03-21T02:50:00.000+0000,791951.2420445601,618.3053524804491,999999.9999999999
2025-03-21T03:00:00.000+0000,791951.2420445601,618.3053524804491,999999.9999999999
2025-03-21T03:10:00.000+0000,791951.2420445601,618.3053524804491,999999.9999999999
2025-03-21T03:20:00.000+0000,791951.2420445601,618.3053524804491,999999.9999999999
2025-03-21T03:30:00.000+0000,791951.2420445601,618.3053524804491,999999.9999999999
2025-03-21T03:40:00.000+0000,791951.2420445601,618.3053524804491,999999.9999999999
2025-03-21T03:50:00.000+0000,791951.2420445601,618.3053524804491,999999.9999999999
2025-03-21T04:00:00.000+0000,791951.2420445601,618.3053524804491,999999.9999999999
2025-03-21T04:10:00.000+0000,791951.2420445601,618.3053524804491,999999.9999999999
2025-03-21T04:20:00.000+0000,791951.2420445601,618.3053524804491,999999.9999999999
2025-03-21T04:30:00.000+0000,791951.2420445601,618.3053524804491,999999.9999999999
2025-03-21T04:40:00.000+0000,791951.2420445601,618.3053524804491,999999.9999999999
2025-03-21T04:50:00.000+0000,791951.2420445601,618.3053524804491,999999.9999999999
2025-03-21T05:00:00.000+0000,791951.2420445601,618.3053524804491,999999.9999999999
2025-03-21T05:10:00.000+0000,791951.2420445601,618.3053524804491,999999.9999999999
2025-03-21T05:20:00.000+0000,791951.2420445601,618.3053524804491,999999.9999999999
2025-03-21T05:30:00.000+0000,791951.2420445601,618.3053524804491,999999.9999999999
2025-03-21T05:40:00.000+0000,791951.2420445601,618.3053524804491,999999.9999999999
2025-03-21T05:50:00.000+0000,791951.2420445601,618.3053524804491,999999.9999999999
2025-03-21T06:00:00.000+0000,791951.2420445601,618.3053524804491,999999.9999999999
2025-03-21T06:10:00.000+0000,791951.2420445601,618.3053524804491,999999.9999999999
2025-03-21T06:20:00.000+0000,791951.2420445601,618.3053524804491,999999.9999999999
2025-03-21T06:30:00.000+0000,791951.2420445601,618.3053524804491,999999.9999999999
2025-03-21T06:40:00.000+0000,791951.2420445601,618.3053524804491,999999.9999999999
2025-03-21T06:50:00.000+0000,791951.2420445601,618.3053524804491,999999.9999999999
2025-03-21T07:00:00.000+0000,791951.2420445601,618.3053524804491,999999.9999999999
2025-03-21T07:10:00.000+0000,791951.2420445601,618.3053524804491,999999.9999999999
2025-03-21T07:20:00.000+0000,791951.2420445601,618.3053524804491,999999.9999999999
2025-03-21T07:30:00.000+0000,791951.2420445601,618.3053524804491,999999.9999999999
2025-03-21T07:40:00.000+0000,791951.2420445601,618.3053524804491,999999.9999999999
2025-03-21T07:50:00.000+0000,791951.2420445601,618.3053524804491,999999.9999999999
2025-03-21T08:00:00.000+0000,791951.2420445601,618.3053524804491,999999.9999999999
2025-03-21T08:10:00.000+0000,791951.2420445601,618.3053524804491,999999.9999999999
2025-03-21T08:20:00.000+0000,791951.2420445601,618.3053524804491,999999.9999999999
2025-03-21T08:30:00.000+0000,791951.2420445601,618.3053524804491,999999.9999999999
2025-03-21T08:40:00.000+0000,791951.2420445601,618.3053524804491,999999.9999999999
2025-03-21T08:50:00.000+0000,791951.2420445601,618.3053524804491,999999.9999999999
2025-03-21T09:00:00.000+0000,791951.2420445601,618.3053524804491,999999.9999999999
2025-03-21T09:10:00.000+0000,791951.2420445601,618.3053524804491,999999.9999999999
2025-03-21T09:20:00.000+0000,791951.2420445601,618.3053524804491,999999.9999999999
2025-03-21T09:30:00.000+0000,791951.2420445601,618.3053524804491,999999.9999999999
2025-03-21T09:40:00.000+0000,791951.2420445601,618.3053524804491,999999.9999999999
2025-03-21T09:50:00.000+0000,791951.2420445601,618.3053524804491,999999.9999999999
2025-03-21T10:00:00.000+0000,791951.2420445601,618.3053524804491,999999.9999999999
2025-03-21T10:10:00.000+0000,791951.2420445601,618.3053524804491,999999.9999999999
2025-03-21T10:20:00.000+0000,791951.2420445601,618.3053524804491,999999.9999999999
2025-03-21T10:30:00.000+0000,791951.2420445601,618.3053524804491,999999.9999999999
2025-03-21T10:40:00.000+0000,791951.2420445601,618.3053524804491,999999.9999999999
2025-03-21T10:50:00.000+0000,791951.2420445601,618.3053524804491,999999.9999999999
2025-03-21T11:00:00.000+0000,791951.2420445601,618.3053524804491,999999.9999999999
2025-03-21T11:10:00.000+0000,791951.2420445601,618.3053524804491,999999.9999999999
2025-03-21T11:20:00.000+0000,791951.2420445601,618.3053524804491,999999.9999999999
2025-03-21T11:30:00.000+0000,791951.2420445601,618.3053524804491,999999.9999999999
2025-03-21T11:40:00.000+0000,791951.2420445601,618.3053524804491,999999.9999999999
2025-03-21T11:50:00.000+0000,791951.2420445601,618.3053524804491,999999.9999999999
2025-03-21T12:00:00.000+0000,791951.2420445601,618.3053524804491,999999.9999999999
2025-03-21T12:10:00.000+0000,791951.2420445601,618.3053524804491,999999.9999999999
2025-03-21T12:20:00.000+0000,791951.2420445601,618.3053524804491,999999.9999999999
2025-03-21T12:30:00.000+0000,791951.2420445601,618.3053524804491,999999.9999999999
2025-03-21T12:40:00.000+0000,791951.2420445601,618.3053524804491,999999.9999999999
2025-03-21T12:50:00.000+0000,791951.2420445601,618.3053524804491,999999.9999999999
2025-03-21T13:00:00.000+0000,791951.2420445601,618.3053524804491,999999.9999999999
2025-03-21T13:10:00.000+0000,791951.2420445601,618.3053524804491,999999.9999999999
2025-03-21T13:20:00.000+0000,791951.2420445601,618.3053524804491,999999.9999999999
2025-03-21T13:30:00.000+0000,791951.2420445601,618.3053524804491,999999.9999999999
2025-03-21T13:40:00.000+0000,791951.2420445601,618.3053524804491,999999.9999999999
2025-03-21T13:50:00.000+0000,791951.2420445601,618.3053524804491,999999.9999999999
2025-03-21T14:00:00.000+0000,791951.2420445601,618.3053524804491,999999.9999999999
2025-03-21T14:10:00.000+0000,791951.2420445601,618.3053524804491,999999.9999999999
2025-03-21T14:20:00.000+0000,791951.2420445601,618.3053524804491,999999.9999999999
2025-03-21T14:30:00.000+0000,791951.2420445601,618.3053524804491,999999.9999999999
2025-03-21T14:40:00.000+0000,791951.2420445601,618.3053524804491,999999.9999999999
2025-03-21T14:50:00.000+0000,791951.2420445601,618.3053524804491,999999.9999999999
2025-03-21T15:00:00.000+0000,791951.2420445601,618.3053524804491,999999.9999999999
2025-03-21T15:10:00.000+0000,791951.2420445601,618.3053524804491,999999.9999999999
2025-03-21T15:20:00.000+0000,791951.2420445601,618.3053524804491,999999.9999999999
2025-03-21T15:30:00.000+0000,791951.2420445601,618.3053524804491,999999.9999999999
2025-03-21T15:40:00.000+0000,791951.2420445601,618.3053524804491,999999.9999999999
2025-03-21T15:50:00.000+0000,791951.2420445601,618.3053524804491,999999.9999999999
2025-03-21T16:00:00.000+0000,791951.2420445601,618.3053524804491,999999.9999999999
2025-03-21T16:10:00.000+0000,791951.2420445601,618.3053524804491,999999.9999999999
2025-03-21T16:20:00.000+0000,791951.2420445601,618.3053524804491,999999.9999999999
2025-03-21T16:30:00.000+0000,791951.2420445601,618.3053524804491,999999.9999999999
2025-03-21T16:40:00.000+0000,791951.2420445601,618.3053524804491,999999.9999999999
2025-03-21T16:50:00.000+0000,791951.2420445601,618.3053524804491,999999.9999999999
2025-03-21T17:00:00.000+0000,791951.2420445601,618.3053524804491,999999.9999999999
2025-03-21T17:10:00.000+0000,791951.2420445601,618.3053524804491,999999.9999999999
2025-03-21T17:20:00.000+0000,791951.2420445601,618.3053524804491,999999.9999999999
2025-03-21T17:30:00.000+0000,791951.2420445601,618.3053524804491,999999.9999999999
2025-03-21T17:40:00.000+0000,791951.2420445601,618.3053524804491,999999.9999999999
2025-03-21T17:50:00.000+0000,791951.2420445601,618.3053524804491,999999.9999999999
2025-03-21T18:00:00.000+0000,791951.2420445601,618.3053524804491,999999.9999999999
2025-03-21T18:10:00.000+0000,791951.2420445601,618.3053524804491,999999.9999999999
2025-03-21T18:20:00.000+0000,791951.2420445601,618.3053524804491,999999.9999999999
2025-03-21T18:30:00.000+0000,791951.2420445601,618.3053524804491,999999.9999999999
2025-03-21T18:40:00.000+0000,791951.2420445601,618.3053524804491,999999.9999999999
2025-03-21T18:50:00.000+0000,791951.2420445601,618.3053524804491,999999.9999999999
2025-03-21T19:00:00.000+0000,791951.2420445601,618.3053524804491,999999.9999999999
2025-03-21T19:10:00.000+0000,791951.2420445601,618.3053524804491,999999.9999999999
2025-03-21T19:20:00.000+0000,791951.2420445601,618.3053524804491,999999.9999999999
2025-03-21T19:30:00.000+0000,791951.2420445601,618.3053524804491,999999.9999999999
2025-03-21T19:40:00.000+0000,791951.2420445601,618.3053524804491,999999.9999999999
2025-03-21T19:50:00.000+0000,791951.2420445601,618.3053524804491,999999.9999999999
2025-03-21T20:00:00.000+0000,791951.2420445601,618.3053524804491,999999.9999999999
2025-03-21T20:10:00.000+0000,791951.2420445601,618.3053524804491,999999.9999999999
2025-03-21T20:20:00.000+0000,791951.2420445601,618.3053524804491,999999.9999999999
2025-03-21T20:30:00.000+0000,791951.2420445601,618.3053524804491,999999.9999999999
2025-03-21T20:40:00.000+0000,791951.2420445601,618.3053524804491,999999.9999999999
2025-03-21T20:50:00.000+0000,791951.2420445601,618.3053524804491,999999.9999999999
2025-03-21T21:00:00.000+0000,791951.2420445601,618.3053524804491,999999.9999999999
2025-03-21T21:10:00.000+0000,791951.2420445601,618.3053524804491,999999.9999999999
2025-03-21T21:20:00.000+0000,791951.2420445601,618.3053524804491,999999.9999999999
2025-03-21T21:30:00.000+0000,791951.2420445601,618.3053524804491,999999.9999999999
2025-03-21T21:40:00.000+0000,791951.2420445601,618.3053524804491,999999.9999999999
2025-03-21T21:50:00.000+0000,791951.2420445601,618.3053524804491,999999.9999999999
2025-03-21T22:00:00.000+0000,791951.2420445601,618.3053524804491,999999.9999999999
2025-03-21T22:10:00.000+0000,791951.2420445601,618.3053524804491,999999.9999999999
2025-03-21T22:20:00.000+0000,791951.2420445601,618.3053524804491,999999.9999999999
2025-03-21T22:30:00.000+0000,791951.2420445601,618.3053524804491,999999.9999999999
2025-03-21T22:40:00.000+0000,791951.2420445601,618.3053524804491,999999.9999999999
2025-03-21T22:50:00.000+0000,791951.2420445601,618.3053524804491,999999.9999999999
2025-03-21T23:00:00.000+0000,791951.2420445601,618.3053524804491,999999.9999999999
2025-03-21T23:10:00.000+0000,791951.2420445601,618.3053524804491,999999.9999999999
2025-03-21T23:20:00.000+0000,791951.2420445601,618.3053524804491,999999.9999999999
2025-03-21T23:30:00.000+0000,791951.2420445601,618.3053524804491,999999.9999999999
2025-03-21T23:40:00.000+0000,791951.2420445601,618.3053524804491,999999.9999999999
2025-03-21T23:50:00.000+0000,791951.2420445601,618.3053524804491,999999.9999999999
2025-03-22T00:00:00.000+0000,791951.2420445601,618.3053524804491,999999.9999999999
2025-03-22T00:10:00.000+0000,791951.2420445601,618.3053524804491,999999.9999999999
2025-03-22T00:20:00.000+0000,791951.2420445601,618.3053524804491,999999.9999999999
2025-03-22T00:30:00.000+0000,791951.2420445601,618.3053524804491,999999.9999999999
2025-03-22T00:40:00.000+0000,791951.2420445601,618.3053524804491,999999.9999999999
2025-03-22T00:50:00.000+0000,791951.2420445601,618.3053524804491,999999.9999999999
2025-03-22T01:00:00.000+0000,791951.2420445601,618.3053524804491,999999.9999999999
2025-03-22T01:10:00.000+0000,791951.2420445601,618.3053524804491,999999.9999999999
2025-03-22T01:20:00.000+0000,791951.2420445601,618.3053524804491,999999.9999999999
2025-03-22T01:30:00.000+0000,791951.2420445601,618.3053524804491,999999.9999999999
2025-03-22T01:40:00.000+0000,791951.2420445601,618.3053524804491,999999.9999999999
2025-03-22T01:50:00.000+0000,791951.2420445601,618.3053524804491,999999.9999999999
2025-03-22T02:00:00.000+0000,791951.2420445601,618.3053524804491,999999.9999999999
2025-03-22T02:10:00.000+0000,791951.2420445601,618.3053524804491,999999.9999999999
2025-03-22T02:20:00.000+0000,791951.2420445601,618.3053524804491,999999.9999999999
2025-03-22T02:30:00.000+0000,791951.2420445601,618.3053524804491,999999.9999999999
2025-03-22T02:40:00.000+0000,791951.2420445601,618.3053524804491,999999.9999999999
2025-03-22T02:50:00.000+0000,791951.2420445601,618.3053524804491,999999.9999999999
2025-03-22T03:00:00.000+0000,791951.2420445601,618.3053524804491,999999.9999999999
2025-03-22T03:10:00.000+0000,791951.2420445601,618.3053524804491,999999.9999999999
2025-03-22T03:20:00.000+0000,791951.2420445601,618.3053524804491,999999.9999999999
2025-03-22T03:30:00.000+0000,791951.2420445601,618.3053524804491,999999.9999999999
2025-03-22T03:40:00.000+0000,791951.2420445601,618.3053524804491,999999.9999999999
2025-03-22T03:50:00.000+0000,791951.2420445601,618.3053524804491,999999.9999999999
2025-03-22T04:00:00.000+0000,791951.2420445601,618.3053524804491,999999.9999999999
2025-03-22T04:10:00.000+0000,791951.2420445601,618.3053524804491,999999.9999999999
2025-03-22T04:20:00.000+0000,791951.2420445601,618.3053524804491,999999.9999999999
2025-03-22T04:30:00.000+0000,791951.2420445601,618.3053524804491,999999.9999999999
2025-03-22T04:40:00.000+0000,791951.2420445601,618.3053524804491,999999.9999999999
2025-03-22T04:50:00.000+0000,791951.2420445601,618.3053524804491,999999.9999999999
2025-03-22T05:00:00.000+0000,791951.2420445601,618.3053524804491,999999.9999999999
2025-03-22T05:10:00.000+0000,791951.2420445601,618.3053524804491,999999.9999999999
2025-03-22T05:20:00.000+0000,791951.2420445601,618.3053524804491,999999.9999999999
2025-03-22T05:30:00.000+0000,791951.2420445601,618.3053524804491,999999.9999999999
2025-03-22T05:40:00.000+0000,791951.2420445601,618.3053524804491,999999.9999999999
2025-03-22T05:50:00.000+0000,791951.2420445601,618.3053524804491,999999.9999999999
2025-03-22T06:00:00.000+0000,791951.2420445601,618.3053524804491,999999.9999999999
2025-03-22T06:10:00.000+0000,791951.2420445601,618.3053524804491,999999.9999999999
2025-03-22T06:20:00.000+0000,791951.2420445601,618.3053524804491,999999.9999999999
2025-03-22T06:30:00.000+0000,791951.2420445601,618.3053524804491,999999.9999999999
2025-03-22T06:40:00.000+0000,791951.2420445601,618.3053524804491,999999.9999999999
2025-03-22T06:50:00.000+0000,791951.2420445601,618.3053524804491,999999.9999999999
2025-03-22T07:00:00.000+0000,791951.2420445601,618.3053524804491,999999.9999999999
2025-03-22T07:10:00.000+0000,791951.2420445601,618.3053524804491,999999.9999999999
2025-03-22T07:20:00.000+0000,791951.2420445601,618.3053524804491,999999.9999999999
2025-03-22T07:30:00.000+0000,791951.2420445601,618.3053524804491,999999.9999999999
2025-03-22T07:40:00.000+0000,791951.2420445601,618.3053524804491,999999.9999999999
2025-03-22T07:50:00.000+0000,791951.2420445601,618.3053524804491,999999.9999999999
2025-03-22T08:00:00.000+0000,791951.2420445601,618.3053524804491,999999.9999999999
2025-03-22T08:10:00.000+0000,791951.2420445601,618.3053524804491,999999.9999999999
2025-03-22T08:20:00.000+0000,791951.2420445601,618.3053524804491,999999.9999999999
2025-03-22T08:30:00.000+0000,791951.2420445601,618.3053524804491,999999.9999999999
2025-03-22T08:40:00.000+0000,791951.2420445601,618.3053524804491,999999.9999999999
2025-03-22T08:50:00.000+0000,791951.2420445601,618.3053524804491,999999.9999999999
2025-03-22T09:00:00.000+0000,791951.2420445601,618.3053524804491,999999.9999999999
2025-03-22T09:10:00.000+0000,791951.2420445601,618.3053524804491,999999.9999999999
2025-03-22T09:20:00.000+0000,791951.2420445601,618.3053524804491,999999.9999999999
2025-03-22T09:30:00.000+0000,791951.2420445601,618.3053524804491,999999.9999999999
2025-03-22T09:40:00.000+0000,791951.2420445601,618.3053524804491,999999.9999999999
2025-03-22T09:50:00.000+0000,791951.2420445601,618.3053524804491,999999.9999999999
2025-03-22T10:00:00.000+0000,791951.2420445601,618.3053524804491,999999.9999999999
2025-03-22T10:10:00.000+0000,791951.2420445601,618.3053524804491,999999.9999999999
2025-03-22T10:20:00.000+0000,791951.2420445601,618.3053524804491,999999.9999999999
2025-03-22T10:30:00.000+0000,791951.2420445601,618.3053524804491,999999.9999999999
2025-03-22T10:40:00.000+0000,791951.2420445601,618.3053524804491,999999.9999999999
2025-03-22T10:50:00.000+0000,791951.2420445601,618.3053524804491,999999.9999999999
2025-03-22T11:00:00.000+0000,791951.2420445601,618.3053524804491,999999.9999999999
2025-03-22T11:10:00.000+0000,791951.2420445601,618.3053524804491,999999.9999999999
2025-03-22T11:20:00.000+0000,791951.2420445601,618.3053524804491,999999.9999999999
2025-03-22T11:30:00.000+0000,791951.2420445601,618.3053524804491,999999.9999999999
2025-03-22T11:40:00.000+0000,791951.2420445601,618.3053524804491,999999.9999999999
2025-03-22T11:50:00.000+0000,791951.2420445601,618.3053524804491,999999.9999999999
2025-03-22T12:00:00.000+0000,791951.2420445601,618.3053524804491,999999.9999999999
2025-03-22T12:10:00.000+0000,791951.2420445601,618.3053524804491,999999.9999999999
2025-03-22T12:20:00.000+0000,791951.2420445601,618.3053524804491,999999.9999999999
2025-03-22T12:30:00.000+0000,791951.2420445601,618.3053524804491,999999.9999999999
2025-03-22T12:40:00.000+0000,791951.2420445601,618.3053524804491,999999.9999999999
2025-03-22T12:50:00.000+0000,791951.2420445601,618.3053524804491,999999.9999999999
2025-03-22T13:00:00.000+0000,791951.2420445601,618.3053524804491,999999.9999999999
2025-03-22T13:10:00.000+0000,791951.2420445601,618.3053524804491,999999.9999999999
2025-03-22T13:20:00.000+0000,791951.2420445601,618.3053524804491,999999.9999999999
2025-03-22T13:30:00.000+0000,791951.2420445601,618.3053524804491,999999.9999999999
2025-03-22T13:40:00.000+0000,791951.2420445601,618.3053524804491,999999.9999999999
2025-03-22T13:50:00.000+0000,791951.2420445601,618.3053524804491,999999.9999999999
2025-03-22T14:00:00.000+0000,791951.2420445601,618.3053524804491,999999.9999999999
2025-03-22T14:10:00.000+0000,791951.2420445601,618.3053524804491,999999.9999999999
2025-03-22T14:20:00.000+0000,791951.2420445601,618.3053524804491,999999.9999999999
2025-03-22T14:30:00.000+0000,791951.2420445601,618.3053524804491,999999.9999999999
2025-03-22T14:40:00.000+0000,791951.2420445601,618.3053524804491,999999.9999999999
2025-03-22T14:50:00.000+0000,791951.2420445601,618.3053524804491,999999.9999999999
2025-03-22T15:00:00.000+0000,791951.2420445601,618.3053524804491,999999.9999999999
2025-03-22T15:10:00.000+0000,791951.2420445601,618.3053524804491,999999.9999999999
2025-03-22T15:20:00.000+0000,791951.2420445601,618.3053524804491,999999.9999999999
2025-03-22T15:30:00.000+0000,791951.2420445601,618.3053524804491,999999.9999999999
2025-03-22T15:40:00.000+0000,791951.2420445601,618.3053524804491,999999.9999999999
2025-03-22T15:50:00.000+0000,791951.2420445601,618.3053524804491,999999.9999999999
2025-03-22T16:00:00.000+0000,791951.2420445601,618.3053524804491,999999.9999999999
2025-03-22T16:10:00.000+0000,791951.2420445601,618.3053524804491,999999.9999999999
2025-03-22T16:20:00.000+0000,791951.2420445601,618.3053524804491,999999.9999999999
2025-03-22T16:30:00.000+0000,791951.2420445601,618.3053524804491,999999.9999999999
2025-03-22T16:40:00.000+0000,791951.2420445601,618.3053524804491,999999.9999999999
2025-03-22T16:50:00.000+0000,791951.2420445601,618.3053524804491,999999.9999999999
2025-03-22T17:00:00.000+0000,791951.2420445601,618.3053524804491,999999.9999999999
2025-03-22T17:10:00.000+0000,791951.2420445601,618.3053524804491,999999.9999999999
2025-03-22T17:20:00.000+0000,791951.2420445601,618.3053524804491,999999.9999999999
2025-03-22T17:30:00.000+0000,791951.2420445601,618.3053524804491,999999.9999999999
2025-03-22T17:40:00.000+0000,791951.2420445601,618.3053524804491,999999.9999999999
2025-03-22T17:50:00.000+0000,791951.2420445601,618.3053524804491,999999.9999999999
2025-03-22T18:00:00.000+0000,791951.2420445601,618.3053524804491,999999.9999999999
2025-03-22T18:10:00.000+0000,791951.2420445601,618.3053524804491,999999.9999999999
2025-03-22T18:20:00.000+0000,791951.2420445601,618.3053524804491,999999.9999999999
2025-03-22T18:30:00.000+0000,791951.2420445601,618.3053524804491,999999.9999999999
2025-03-22T18:40:00.000+0000,791951.2420445601,618.3053524804491,999999.9999999999
2025-03-22T18:50:00.000+0000,791951.2420445601,618.3053524804491,999999.9999999999
2025-03-22T19:00:00.000+0000,791951.2420445601,618.3053524804491,999999.9999999999
2025-03-22T19:10:00.000+0000,791951.2420445601,618.3053524804491,999999.9999999999
2025-03-22T19:20:00.000+0000,791951.2420445601,618.3053524804491,999999.9999999999
2025-03-22T19:30:00.000+0000,791951.2420445601,618.3053524804491,999999.9999999999
2025-03-22T19:40:00.000+0000,791951.2420445601,618.3053524804491,999999.9999999999
2025-03-22T19:50:00.000+0000,791951.2420445601,618.3053524804491,999999.9999999999
2025-03-22T20:00:00.000+0000,791951.2420445601,618.3053524804491,999999.9999999999
2025-03-22T20:10:00.000+0000,791951.2420445601,618.3053524804491,999999.9999999999
2025-03-22T20:20:00.000+0000,791951.2420445601,618.3053524804491,999999.9999999999
2025-03-22T20:30:00.000+0000,791951.2420445601,618.3053524804491,999999.9999999999
2025-03-22T20:40:00.000+0000,791951.2420445601,618.3053524804491,999999.9999999999
2025-03-22T20:50:00.000+0000,791951.2420445601,618.3053524804491,999999.9999999999
2025-03-22T21:00:00.000+0000,791951.2420445601,618.3053524804491,999999.9999999999
2025-03-22T21:10:00.000+0000,791951.2420445601,618.3053524804491,999999.9999999999
2025-03-22T21:20:00.000+0000,791951.2420445601,618.3053524804491,999999.9999999999
2025-03-22T21:30:00.000+0000,791951.2420445601,618.3053524804491,999999.9999999999
2025-03-22T21:40:00.000+0000,791951.2420445601,618.3053524804491,999999.9999999999
2025-03-22T21:50:00.000+0000,791951.2420445601,618.3053524804491,999999.9999999999
2025-03-22T22:00:00.000+0000,791951.2420445601,618.3053524804491,999999.9999999999
2025-03-22T22:10:00.000+0000,791951.2420445601,618.3053524804491,999999.9999999999
2025-03-22T22:20:00.000+0000,791951.2420445601,618.3053524804491,999999.9999999999
2025-03-22T22:30:00.000+0000,791951.2420445601,618.3053524804491,999999.9999999999
2025-03-22T22:40:00.000+0000,791951.2420445601,618.3053524804491,999999.9999999999
2025-03-22T22:50:00.000+0000,791951.2420445601,618.3053524804491,999999.9999999999
2025-03-22T23:00:00.000+0000,791951.2420445601,618.3053524804491,999999.9999999999
2025-03-22T23:10:00.000+0000,791951.2420445601,618.3053524804491,999999.9999999999
2025-03-22T23:20:00.000+0000,791951.2420445601,618.3053524804491,999999.9999999999
2025-03-22T23:30:00.000+0000,791951.2420445601,618.3053524804491,999999.9999999999
2025-03-22T23:40:00.000+0000,791951.2420445601,618.3053524804491,999999.9999999999
2025-03-22T23:50:00.000+0000,791951.2420445601,618.3053524804491,999999.9999999999
2025-03-23T00:00:00.000+0000,791951.2420445601,618.3053524804491,999999.9999999999
2025-03-23T00:10:00.000+0000,791951.2420445601,618.3053524804491,999999.9999999999
2025-03-23T00:20:00.000+0000,791951.2420445601,618.3053524804491,999999.9999999999
2025-03-23T00:30:00.000+0000,791951.2420445601,618.3053524804491,999999.9999999999
2025-03-23T00:40:00.000+0000,791951.2420445601,618.3053524804491,999999.9999999999
2025-03-23T00:50:00.000+0000,791951.2420445601,618.3053524804491,999999.9999999999
2025-03-23T01:00:00.000+0000,791951.2420445601,618.3053524804491,999999.9999999999
2025-03-23T01:10:00.000+0000,791951.2420445601,618.3053524804491,999999.9999999999
2025-03-23T01:20:00.000+0000,791951.2420445601,618.3053524804491,999999.9999999999
2025-03-23T01:30:00.000+0000,791951.2420445601,618.3053524804491,999999.9999999999
2025-03-23T01:40:00.000+0000,791951.2420445601,618.3053524804491,999999.9999999999
2025-03-23T01:50:00.000+0000,791951.2420445601,618.3053524804491,999999.9999999999
2025-03-23T02:00:00.000+0000,791951.2420445601,618.3053524804491,999999.9999999999
2025-03-23T02:10:00.000+0000,791951.2420445601,618.3053524804491,999999.9999999999
2025-03-23T02:20:00.000+0000,791951.2420445601,618.3053524804491,999999.9999999999
2025-03-23T02:30:00.000+0000,791951.2420445601,618.3053524804491,999999.9999999999
2025-03-23T02:40:00.000+0000,791951.2420445601,618.3053524804491,999999.9999999999
2025-03-23T02:50:00.000+0000,791951.2420445601,618.3053524804491,999999.9999999999
2025-03-23T03:00:00.000+0000,791951.2420445601,618.3053524804491,999999.9999999999
2025-03-23T03:10:00.000+0000,791951.2420445601,618.3053524804491,999999.9999999999
2025-03-23T03:20:00.000+0000,791951.2420445601,618.3053524804491,999999.9999999999
2025-03-23T03:30:00.000+0000,791951.2420445601,618.3053524804491,999999.9999999999
2025-03-23T03:40:00.000+0000,791951.2420445601,618.3053524804491,999999.9999999999
2025-03-23T03:50:00.000+0000,791951.2420445601,618.3053524804491,999999.9999999999
2025-03-23T04:00:00.000+0000,791951.2420445601,618.3053524804491,999999.9999999999
2025-03-23T04:10:00.000+0000,791951.2420445601,618.3053524804491,999999.9999999999
2025-03-23T04:20:00.000+0000,791951.2420445601,618.3053524804491,999999.9999999999
2025-03-23T04:30:00.000+0000,791951.2420445601,618.3053524804491,999999.9999999999
2025-03-23T04:40:00.000+0000,791951.2420445601,618.3053524804491,999999.9999999999
2025-03-23T04:50:00.000+0000,791951.2420445601,618.3053524804491,999999.9999999999
2025-03-23T05:00:00.000+0000,791951.2420445601,618.3053524804491,999999.9999999999
2025-03-23T05:10:00.000+0000,791951.2420445601,618.3053524804491,999999.9999999999
2025-03-23T05:20:00.000+0000,791951.2420445601,618.3053524804491,999999.9999999999
2025-03-23T05:30:00.000+0000,791951.2420445601,618.3053524804491,999999.9999999999
2025-03-23T05:40:00.000+0000,791951.2420445601,618.3053524804491,999999.9999999999
2025-03-23T05:50:00.000+0000,791951.2420445601,618.3053524804491,999999.9999999999
2025-03-23T06:00:00.000+0000,791951.2420445601,618.3053524804491,999999.9999999999
2025-03-23T06:10:00.000+0000,791951.2420445601,618.3053524804491,999999.9999999999
2025-03-23T06:20:00.000+0000,791951.2420445601,618.3053524804491,999999.9999999999
2025-03-23T06:30:00.000+0000,791951.2420445601,618.3053524804491,999999.9999999999
2025-03-23T06:40:00.000+0000,791951.2420445601,618.3053524804491,999999.9999999999
2025-03-23T06:50:00.000+0000,791951.2420445601,618.3053524804491,999999.9999999999
2025-03-23T07:00:00.000+0000,791951.2420445601,618.3053524804491,999999.9999999999
2025-03-23T07:10:00.000+0000,791951.2420445601,618.3053524804491,999999.9999999999
2025-03-23T07:20:00.000+0000,791951.2420445601,618.3053524804491,999999.9999999999
2025-03-23T07:30:00.000+0000,791951.2420445601,618.3053524804491,999999.9999999999
2025-03-23T07:40:00.000+0000,791951.2420445601,618.3053524804491,999999.9999999999
2025-03-23T07:50:00.000+0000,791951.2420445601,618.3053524804491,999999.9999999999
2025-03-23T08:00:00.000+0000,791951.2420445601,618.3053524804491,999999.9999999999
2025-03-23T08:10:00.000+0000,791951.2420445601,618.3053524804491,999999.9999999999
2025-03-23T08:20:00.000+0000,791951.2420445601,618.3053524804491,999999.9999999999
2025-03-23T08:30:00.000+0000,791951.2420445601,618.3053524804491,999999.9999999999
2025-03-23T08:40:00.000+0000,791951.2420445601,618.3053524804491,999999.9999999999
2025-03-23T08:50:00.000+0000,791951.2420445601,618.3053524804491,999999.9999999999
2025-03-23T09:00:00.000+0000,791951.2420445601,618.3053524804491,999999.9999999999
2025-03-23T09:10:00.000+0000,791951.2420445601,618.3053524804491,999999.9999999999
2025-03-23T09:20:00.000+0000,791951.2420445601,618.3053524804491,999999.9999999999
2025-03-23T09:30:00.000+0000,791951.2420445601,618.3053524804491,999999.9999999999
2025-03-23T09:40:00.000+0000,791951.2420445601,618.3053524804491,999999.9999999999
2025-03-23T09:50:00.000+0000,791951.2420445601,618.3053524804491,999999.9999999999
2025-03-23T10:00:00.000+0000,791951.2420445601,618.3053524804491,999999.9999999999
2025-03-23T10:10:00.000+0000,791951.2420445601,618.3053524804491,999999.9999999999
2025-03-23T10:20:00.000+0000,791951.2420445601,618.3053524804491,999999.9999999999
2025-03-23T10:30:00.000+0000,791951.2420445601,618.3053524804491,999999.9999999999
2025-03-23T10:40:00.000+0000,791951.2420445601,618.3053524804491,999999.9999999999
2025-03-23T10:50:00.000+0000,791951.2420445601,618.3053524804491,999999.9999999999
2025-03-23T11:00:00.000+0000,791951.2420445601,618.3053524804491,999999.9999999999
2025-03-23T11:10:00.000+0000,791951.2420445601,618.3053524804491,999999.9999999999
2025-03-23T11:20:00.000+0000,791951.2420445601,618.3053524804491,999999.9999999999
2025-03-23T11:30:00.000+0000,791951.2420445601,618.3053524804491,999999.9999999999
2025-03-23T11:40:00.000+0000,791951.2420445601,618.3053524804491,999999.9999999999
2025-03-23T11:50:00.000+0000,791951.2420445601,618.3053524804491,999999.9999999999
2025-03-23T12:00:00.000+0000,791951.2420445601,618.3053524804491,999999.9999999999
2025-03-23T12:10:00.000+0000,791951.2420445601,618.3053524804491,999999.9999999999
2025-03-23T12:20:00.000+0000,791951.2420445601,618.3053524804491,999999.9999999999
2025-03-23T12:30:00.000+0000,791951.2420445601,618.3053524804491,999999.9999999999
2025-03-23T12:40:00.000+0000,791951.2420445601,618.3053524804491,999999.9999999999
2025-03-23T12:50:00.000+0000,791951.2420445601,618.3053524804491,999999.9999999999
2025-03-23T13:00:00.000+0000,791951.2420445601,618.3053524804491,999999.9999999999
2025-03-23T13:10:00.000+0000,791951.2420445601,618.3053524804491,999999.9999999999
2025-03-23T13:20:00.000+0000,791951.2420445601,618.3053524804491,999999.9999999999
2025-03-23T13:30:00.000+0000,791951.2420445601,618.3053524804491,999999.9999999999
2025-03-23T13:40:00.000+0000,791951.2420445601,618.3053524804491,999999.9999999999
2025-03-23T13:50:00.000+0000,791951.2420445601,618.3053524804491,999999.9999999999
2025-03-23T14:00:00.000+0000,791951.2420445601,618.3053524804491,999999.9999999999
2025-03-23T14:10:00.000+0000,791951.2420445601,618.3053524804491,999999.9999999999
2025-03-23T14:20:00.000+0000,791951.2420445601,618.3053524804491,999999.9999999999
2025-03-23T14:30:00.000+0000,791951.2420445601,618.3053524804491,999999.9999999999
2025-03-23T14:40:00.000+0000,791951.2420445601,618.3053524804491,999999.9999999999
2025-03-23T14:50:00.000+0000,791951.2420445601,618.3053524804491,999999.9999999999
2025-03-23T15:00:00.000+0000,791951.2420445601,618.3053524804491,999999.9999999999
2025-03-23T15:10:00.000+0000,791951.2420445601,618.3053524804491,999999.9999999999
2025-03-23T15:20:00.000+0000,791951.2420445601,618.3053524804491,999999.9999999999
2025-03-23T15:30:00.000+0000,791951.2420445601,618.3053524804491,999999.9999999999
2025-03-23T15:40:00.000+0000,791951.2420445601,618.3053524804491,999999.9999999999
2025-03-23T15:50:00.000+0000,791951.2420445601,618.3053524804491,999999.9999999999
2025-03-23T16:00:00.000+0000,791951.2420445601,618.3053524804491,999999.9999999999
2025-03-23T16:10:00.000+0000,791951.2420445601,618.3053524804491,999999.9999999999
2025-03-23T16:20:00.000+0000,791951.2420445601,618.3053524804491,999999.9999999999
2025-03-23T16:30:00.000+0000,791951.2420445601,618.3053524804491,999999.9999999999
2025-03-23T16:40:00.000+0000,791951.2420445601,618.3053524804491,999999.9999999999
2025-03-23T16:50:00.000+0000,791951.2420445601,618.3053524804491,999999.9999999999
2025-03-23T17:00:00.000+0000,791951.2420445601,618.3053524804491,999999.9999999999
2025-03-23T17:10:00.000+0000,791951.2420445601,618.3053524804491,999999.9999999999
2025-03-23T17:20:00.000+0000,791951.2420445601,618.3053524804491,999999.9999999999
2025-03-23T17:30:00.000+0000,791951.2420445601,618.3053524804491,999999.9999999999
2025-03-23T17:40:00.000+0000,791951.2420445601,618.3053524804491,999999.9999999999
2025-03-23T17:50:00.000+0000,791951.2420445601,618.3053524804491,999999.9999999999
2025-03-23T18:00:00.000+0000,791951.2420445601,618.3053524804491,999999.9999999999
2025-03-23T18:10:00.000+0000,791951.2420445601,618.3053524804491,999999.9999999999
2025-03-23T18:20:00.000+0000,791951.2420445601,618.3053524804491,999999.9999999999
2025-03-23T18:30:00.000+0000,791951.2420445601,618.3053524804491,999999.9999999999
2025-03-23T18:40:00.000+0000,791951.2420445601,618.3053524804491,999999.9999999999
2025-03-23T18:50:00.000+0000,791951.2420445601,618.3053524804491,999999.9999999999
2025-03-23T19:00:00.000+0000,791951.2420445601,618.3053524804491,999999.9999999999
2025-03-23T19:10:00.000+0000,791951.2420445601,618.3053524804491,999999.9999999999
2025-03-23T19:20:00.000+0000,791951.2420445601,618.3053524804491,999999.9999999999
2025-03-23T19:30:00.000+0000,791951.2420445601,618.3053524804491,999999.9999999999
2025-03-23T19:40:00.000+0000,791951.2420445601,618.3053524804491,999999.9999999999
2025-03-23T19:50:00.000+0000,791951.2420445601,618.3053524804491,999999.9999999999
2025-03-23T20:00:00.000+0000,791951.2420445601,618.3053524804491,999999.9999999999
2025-03-23T20:10:00.000+0000,791951.2420445601,618.3053524804491,999999.9999999999
2025-03-23T20:20:00.000+0000,791951.2420445601,618.3053524804491,999999.9999999999
2025-03-23T20:30:00.000+0000,791951.2420445601,618.3053524804491,999999.9999999999
2025-03-23T20:40:00.000+0000,791951.2420445601,618.3053524804491,999999.9999999999
2025-03-23T20:50:00.000+0000,791951.2420445601,618.3053524804491,999999.9999999999
2025-03-23T21:00:00.000+0000,791951.2420445601,618.3053524804491,999999.9999999999
2025-03-23T21:10:00.000+0000,791951.2420445601,618.3053524804491,999999.9999999999
2025-03-23T21:20:00.000+0000,791951.2420445601,618.3053524804491,999999.9999999999
2025-03-23T21:30:00.000+0000,791951.2420445601,618.3053524804491,999999.9999999999
2025-03-23T21:40:00.000+0000,791951.2420445601,618.3053524804491,999999.9999999999
2025-03-23T21:50:00.000+0000,791951.2420445601,618.3053524804491,999999.9999999999
2025-03-23T22:00:00.000+0000,791951.2420445601,618.3053524804491,999999.9999999999
2025-03-23T22:10:00.000+0000,791951.2420445601,618.3053524804491,999999.9999999999
2025-03-23T22:20:00.000+0000,791951.2420445601,618.3053524804491,999999.9999999999
2025-03-23T22:30:00.000+0000,791951.2420445601,618.3053524804491,999999.9999999999
2025-03-23T22:40:00.000+0000,791951.2420445601,618.3053524804491,999999.9999999999
2025-03-23T22:50:00.000+0000,791951.2420445601,618.3053524804491,999999.9999999999
2025-03-23T23:00:00.000+0000,791951.2420445601,618.3053524804491,999999.9999999999
2025-03-23T23:10:00.000+0000,791951.2420445601,618.3053524804491,999999.9999999999
2025-03-23T23:20:00.000+0000,791951.2420445601,618.3053524804491,999999.9999999999
2025-03-23T23:30:00.000+0000,791951.2420445601,618.3053524804491,999999.9999999999
2025-03-23T23:40:00.000+0000,791951.2420445601,618.3053524804491,999999.9999999999
2025-03-23T23:50:00.000+0000,791951.2420445601,618.3053524804491,999999.9999999999
2025-03-24T00:00:00.000+0000,791951.2420445601,618.3053524804491,999999.9999999999
2025-03-24T00:10:00.000+0000,791951.2420445601,618.3053524804491,999999.9999999999
2025-03-24T00:20:00.000+0000,791951.2420445601,618.3053524804491,999999.9999999999
2025-03-24T00:30:00.000+0000,791951.2420445601,618.3053524804491,999999.9999999999
2025-03-24T00:40:00.000+0000,791951.2420445601,618.3053524804491,999999.9999999999
2025-03-24T00:50:00.000+0000,791951.2420445601,618.3053524804491,999999.9999999999
2025-03-24T01:00:00.000+0000,791951.2420445601,618.3053524804491,999999.9999999999
2025-03-24T01:10:00.000+0000,791951.2420445601,618.3053524804491,999999.9999999999
2025-03-24T01:20:00.000+0000,791951.2420445601,618.3053524804491,999999.9999999999
2025-03-24T01:30:00.000+0000,791951.2420445601,618.3053524804491,999999.9999999999
2025-03-24T01:40:00.000+0000,791951.2420445601,618.3053524804491,999999.9999999999
2025-03-24T01:50:00.000+0000,791951.2420445601,618.3053524804491,999999.9999999999
2025-03-24T02:00:00.000+0000,791951.2420445601,618.3053524804491,999999.9999999999
2025-03-24T02:10:00.000+0000,791951.2420445601,618.3053524804491,999999.9999999999
2025-03-24T02:20:00.000+0000,791951.2420445601,618.3053524804491,999999.9999999999
2025-03-24T02:30:00.000+0000,791951.2420445601,618.3053524804491,999999.9999999999
2025-03-24T02:40:00.000+0000,791951.2420445601,618.3053524804491,999999.9999999999
2025-03-24T02:50:00.000+0000,791951.2420445601,618.3053524804491,999999.9999999999
2025-03-24T03:00:00.000+0000,791951.2420445601,618.3053524804491,999999.9999999999
2025-03-24T03:10:00.000+0000,791951.2420445601,618.3053524804491,999999.9999999999
2025-03-24T03:20:00.000+0000,791951.2420445601,618.3053524804491,999999.9999999999
2025-03-24T03:30:00.000+0000,791951.2420445601,618.3053524804491,999999.9999999999
2025-03-24T03:40:00.000+0000,791951.2420445601,618.3053524804491,999999.9999999999
2025-03-24T03:50:00.000+0000,791951.2420445601,618.3053524804491,999999.9999999999
2025-03-24T04:00:00.000+0000,791951.2420445601,618.3053524804491,999999.9999999999
2025-03-24T04:10:00.000+0000,791951.2420445601,618.3053524804491,999999.9999999999
2025-03-24T04:20:00.000+0000,791951.2420445601,618.3053524804491,999999.9999999999
2025-03-24T04:30:00.000+0000,791951.2420445601,618.3053524804491,999999.9999999999
2025-03-24T04:40:00.000+0000,791951.2420445601,618.3053524804491,999999.9999999999
2025-03-24T04:50:00.000+0000,791951.2420445601,618.3053524804491,999999.9999999999
2025-03-24T05:00:00.000+0000,791951.2420445601,618.3053524804491,999999.9999999999
2025-03-24T05:10:00.000+0000,791951.2420445601,618.3053524804491,999999.9999999999
2025-03-24T05:20:00.000+0000,791951.2420445601,618.3053524804491,999999.9999999999
2025-03-24T05:30:00.000+0000,791951.2420445601,618.3053524804491,999999.9999999999
2025-03-24T05:40:00.000+0000,791951.2420445601,618.3053524804491,999999.9999999999
2025-03-24T05:50:00.000+0000,791951.2420445601,618.3053524804491,999999.9999999999
2025-03-24T06:00:00.000+0000,791951.2420445601,618.3053524804491,999999.9999999999
2025-03-24T06:10:00.000+0000,791951.2420445601,618.3053524804491,999999.9999999999
2025-03-24T06:20:00.000+0000,791951.2420445601,618.3053524804491,999999.9999999999
2025-03-24T06:30:00.000+0000,791951.2420445601,618.3053524804491,999999.9999999999
2025-03-24T06:40:00.000+0000,791951.2420445601,618.3053524804491,999999.9999999999
2025-03-24T06:50:00.000+0000,791951.2420445601,618.3053524804491,999999.9999999999
2025-03-24T07:00:00.000+0000,791951.2420445601,618.3053524804491,999999.9999999999
2025-03-24T07:10:00.000+0000,791951.2420445601,618.3053524804491,999999.9999999999
2025-03-24T07:20:00.000+0000,791951.2420445601,618.3053524804491,999999.9999999999
2025-03-24T07:30:00.000+0000,791951.2420445601,618.3053524804491,999999.9999999999
2025-03-24T07:40:00.000+0000,791951.2420445601,618.3053524804491,999999.9999999999
2025-03-24T07:50:00.000+0000,791951.2420445601,618.3053524804491,999999.9999999999
2025-03-24T08:00:00.000+0000,791951.2420445601,618.3053524804491,999999.9999999999
2025-03-24T08:10:00.000+0000,791951.2420445601,618.3053524804491,999999.9999999999
2025-03-24T08:20:00.000+0000,791951.2420445601,618.3053524804491,999999.9999999999
2025-03-24T08:30:00.000+0000,791951.2420445601,618.3053524804491,999999.9999999999
2025-03-24T08:40:00.000+0000,791951.2420445601,618.3053524804491,999999.9999999999
2025-03-24T08:50:00.000+0000,791951.2420445601,618.3053524804491,999999.9999999999
2025-03-24T09:00:00.000+0000,791951.2420445601,618.3053524804491,999999.9999999999
2025-03-24T09:10:00.000+0000,791951.2420445601,618.3053524804491,999999.9999999999
2025-03-24T09:20:00.000+0000,791951.2420445601,618.3053524804491,999999.9999999999
2025-03-24T09:30:00.000+0000,791951.2420445601,618.3053524804491,999999.9999999999
2025-03-24T09:40:00.000+0000,791951.2420445601,618.3053524804491,999999.9999999999
2025-03-24T09:50:00.000+0000,791951.2420445601,618.3053524804491,999999.9999999999
2025-03-24T10:00:00.000+0000,791951.2420445604,139339.11435288057,999999.9999999999
2025-03-24T10:10:00.000+0000,791951.2420445604,139339.11435288057,999999.9999999999
2025-03-24T10:20:00.000+0000,791951.2420445604,139339.11435288057,999999.9999999999
2025-03-24T10:30:00.000+0000,791951.2420445604,139339.11435288057,999999.9999999999
2025-03-24T10:40:00.000+0000,791951.2420445604,139339.11435288057,999999.9999999999
2025-03-24T10:50:00.000+0000,791951.2420445604,139339.11435288057,999999.9999999999
2025-03-24T11:00:00.000+0000,791951.2420445604,139339.11435288057,999999.9999999999
2025-03-24T11:10:00.000+0000,791951.2420445604,139339.11435288057,999999.9999999999
2025-03-24T11:20:00.000+0000,791951.2420445604,139339.11435288057,999999.9999999999
2025-03-24T11:30:00.000+0000,791951.2420445604,139339.11435288057,999999.9999999999
2025-03-24T11:40:00.000+0000,791951.2420445604,139339.11435288057,999999.9999999999
2025-03-24T11:50:00.000+0000,791951.2420445604,139339.11435288057,999999.9999999999
2025-03-24T12:00:00.000+0000,791951.2420445604,139339.11435288057,999999.9999999999
2025-03-24T12:10:00.000+0000,791951.2420445604,139339.11435288057,999999.9999999999
2025-03-24T12:20:00.000+0000,791951.2420445604,139339.11435288057,999999.9999999999
2025-03-24T12:30:00.000+0000,791951.2420445604,139339.11435288057,999999.9999999999
2025-03-24T12:40:00.000+0000,791951.2420445604,139339.11435288057,999999.9999999999
2025-03-24T12:50:00.000+0000,791951.2420445604,139339.11435288057,999999.9999999999
2025-03-24T13:00:00.000+0000,791951.2420445604,139339.11435288057,999999.9999999999
2025-03-24T13:10:00.000+0000,791951.2420445604,139339.11435288057,999999.9999999999
2025-03-24T13:20:00.000+0000,791951.2420445604,139339.11435288057,999999.9999999999
2025-03-24T13:30:00.000+0000,791951.2420445604,139339.11435288057,999999.9999999999
2025-03-24T13:40:00.000+0000,791951.2420445604,139339.11435288057,999999.9999999999
2025-03-24T13:50:00.000+0000,791951.2420445604,139339.11435288057,999999.9999999999
2025-03-24T14:00:00.000+0000,791951.2420445604,139339.11435288057,999999.9999999999
2025-03-24T14:10:00.000+0000,791951.2420445604,139339.11435288057,999999.9999999999
2025-03-24T14:20:00.000+0000,791951.2420445604,139339.11435288057,999999.9999999999
2025-03-24T14:30:00.000+0000,791951.2420445604,139339.11435288057,999999.9999999999
2025-03-24T14:40:00.000+0000,791951.2420445604,139339.11435288057,999999.9999999999
2025-03-24T14:50:00.000+0000,791951.2420445604,139339.11435288057,999999.9999999999
2025-03-24T15:00:00.000+0000,791951.2420445604,139339.11435288057,999999.9999999999
2025-03-24T15:10:00.000+0000,791951.2420445604,139339.11435288057,999999.9999999999
2025-03-24T15:20:00.000+0000,791951.2420445604,139339.11435288057,999999.9999999999
2025-03-24T15:30:00.000+0000,791951.2420445604,139339.11435288057,999999.9999999999
2025-03-24T15:40:00.000+0000,791951.2420445604,139339.11435288057,999999.9999999999
2025-03-24T15:50:00.000+0000,791951.2420445604,139339.11435288057,999999.9999999999
2025-03-24T16:00:00.000+0000,791951.2420445604,139339.11435288057,999999.9999999999
2025-03-24T16:10:00.000+0000,791951.2420445604,139339.11435288057,999999.9999999999
2025-03-24T16:20:00.000+0000,791951.2420445604,139339.11435288057,999999.9999999999
2025-03-24T16:30:00.000+0000,791951.2420445604,139339.11435288057,999999.9999999999
2025-03-24T16:40:00.000+0000,791951.2420445604,139339.11435288057,999999.9999999999
2025-03-24T16:50:00.000+0000,791951.2420445604,139339.11435288057,999999.9999999999
2025-03-24T17:00:00.000+0000,791951.2420445604,139339.11435288057,999999.9999999999
2025-03-24T17:10:00.000+0000,791951.2420445604,139339.11435288057,999999.9999999999
2025-03-24T17:20:00.000+0000,791951.2420445604,139339.11435288057,999999.9999999999
2025-03-24T17:30:00.000+0000,791951.2420445604,139339.11435288057,999999.9999999999
2025-03-24T17:40:00.000+0000,791951.2420445604,139339.11435288057,999999.9999999999
2025-03-24T17:50:00.000+0000,791951.2420445604,139339.11435288057,999999.9999999999
2025-03-24T18:00:00.000+0000,791951.2420445604,139339.11435288057,999999.9999999999
2025-03-24T18:10:00.000+0000,791951.2420445604,139339.11435288057,999999.9999999999
2025-03-24T18:20:00.000+0000,791951.2420445604,139339.11435288057,999999.9999999999
2025-03-24T18:30:00.000+0000,791951.2420445604,139339.11435288057,999999.9999999999
2025-03-24T18:40:00.000+0000,791951.2420445604,139339.11435288057,999999.9999999999
2025-03-24T18:50:00.000+0000,791951.2420445604,139339.11435288057,999999.9999999999
2025-03-24T19:00:00.000+0000,791951.2420445604,139339.11435288057,999999.9999999999
2025-03-24T19:10:00.000+0000,791951.2420445604,139339.11435288057,999999.9999999999
2025-03-24T19:20:00.000+0000,791951.2420445604,139339.11435288057,999999.9999999999
2025-03-24T19:30:00.000+0000,791951.2420445604,139339.11435288057,999999.9999999999
2025-03-24T19:40:00.000+0000,791951.2420445604,139339.11435288057,999999.9999999999
2025-03-24T19:50:00.000+0000,791951.2420445604,139339.11435288057,999999.9999999999
2025-03-24T20:00:00.000+0000,791951.2420445604,139339.11435288057,999999.9999999999
2025-03-24T20:10:00.000+0000,791951.2420445604,139339.11435288057,999999.9999999999
2025-03-24T20:20:00.000+0000,791951.2420445604,139339.11435288057,999999.9999999999
2025-03-24T20:30:00.000+0000,791951.2420445604,139339.11435288057,999999.9999999999
2025-03-24T20:40:00.000+0000,791951.2420445604,139339.11435288057,999999.9999999999
2025-03-24T20:50:00.000+0000,791951.2420445604,139339.11435288057,999999.9999999999
2025-03-24T21:00:00.000+0000,791951.2420445604,139339.11435288057,999999.9999999999
2025-03-24T21:10:00.000+0000,791951.2420445604,139339.11435288057,999999.9999999999
2025-03-24T21:20:00.000+0000,791951.2420445604,139339.11435288057,999999.9999999999
2025-03-24T21:30:00.000+0000,791951.2420445604,139339.11435288057,999999.9999999999
2025-03-24T21:40:00.000+0000,791951.2420445604,139339.11435288057,999999.9999999999
2025-03-24T21:50:00.000+0000,791951.2420445604,139339.11435288057,999999.9999999999
2025-03-24T22:00:00.000+0000,791951.2420445604,139339.11435288057,999999.9999999999
2025-03-24T22:10:00.000+0000,791951.2420445604,139339.11435288057,999999.9999999999
2025-03-24T22:20:00.000+0000,791951.2420445604,139339.11435288057,999999.9999999999
2025-03-24T22:30:00.000+0000,791951.2420445604,139339.11435288057,999999.9999999999
2025-03-24T22:40:00.000+0000,791951.2420445604,139339.11435288057,999999.9999999999
2025-03-24T22:50:00.000+0000,791951.2420445604,139339.11435288057,999999.9999999999
2025-03-24T23:00:00.000+0000,791951.2420445604,139339.11435288057,999999.9999999999
2025-03-24T23:10:00.000+0000,791951.2420445604,139339.11435288057,999999.9999999999
2025-03-24T23:20:00.000+0000,791951.2420445604,139339.11435288057,999999.9999999999
2025-03-24T23:30:00.000+0000,791951.2420445604,139339.11435288057,999999.9999999999
2025-03-24T23:40:00.000+0000,791951.2420445604,139339.11435288057,999999.9999999999
2025-03-24T23:50:00.000+0000,791951.2420445604,139339.11435288057,999999.9999999999
2025-03-25T00:00:00.000+0000,791951.2420445604,139339.11435288057,999999.9999999999
2025-03-25T00:10:00.000+0000,791951.2420445604,139339.11435288057,999999.9999999999
2025-03-25T00:20:00.000+0000,791951.2420445604,139339.11435288057,999999.9999999999
2025-03-25T00:30:00.000+0000,791951.2420445604,139339.11435288057,999999.9999999999
2025-03-25T00:40:00.000+0000,791951.2420445604,139339.11435288057,999999.9999999999
2025-03-25T00:50:00.000+0000,791951.2420445604,139339.11435288057,999999.9999999999
2025-03-25T01:00:00.000+0000,791951.2420445604,139339.11435288057,999999.9999999999
2025-03-25T01:10:00.000+0000,791951.2420445604,139339.11435288057,999999.9999999999
2025-03-25T01:20:00.000+0000,791951.2420445604,139339.11435288057,999999.9999999999
2025-03-25T01:30:00.000+0000,791951.2420445604,139339.11435288057,999999.9999999999
2025-03-25T01:40:00.000+0000,791951.2420445604,139339.11435288057,999999.9999999999
2025-03-25T01:50:00.000+0000,791951.2420445604,139339.11435288057,999999.9999999999
2025-03-25T02:00:00.000+0000,791951.2420445604,139339.11435288057,999999.9999999999
2025-03-25T02:10:00.000+0000,791951.2420445604,139339.11435288057,999999.9999999999
2025-03-25T02:20:00.000+0000,791951.2420445604,139339.11435288057,999999.9999999999
2025-03-25T02:30:00.000+0000,791951.2420445604,139339.11435288057,999999.9999999999
2025-03-25T02:40:00.000+0000,791951.2420445604,139339.11435288057,999999.9999999999
2025-03-25T02:50:00.000+0000,791951.2420445604,139339.11435288057,999999.9999999999
2025-03-25T03:00:00.000+0000,791951.2420445604,139339.11435288057,999999.9999999999
2025-03-25T03:10:00.000+0000,791951.2420445604,139339.11435288057,999999.9999999999
2025-03-25T03:20:00.000+0000,791951.2420445604,139339.11435288057,999999.9999999999
2025-03-25T03:30:00.000+0000,791951.2420445604,139339.11435288057,999999.9999999999
2025-03-25T03:40:00.000+0000,791951.2420445604,139339.11435288057,999999.9999999999
2025-03-25T03:50:00.000+0000,791951.2420445604,139339.11435288057,999999.9999999999
2025-03-25T04:00:00.000+0000,791951.2420445604,139339.11435288057,999999.9999999999
2025-03-25T04:10:00.000+0000,791951.2420445604,139339.11435288057,999999.9999999999
2025-03-25T04:20:00.000+0000,791951.2420445604,139339.11435288057,999999.9999999999
2025-03-25T04:30:00.000+0000,791951.2420445604,139339.11435288057,999999.9999999999
2025-03-25T04:40:00.000+0000,791951.2420445604,139339.11435288057,999999.9999999999
2025-03-25T04:50:00.000+0000,791951.2420445604,139339.11435288057,999999.9999999999
2025-03-25T05:00:00.000+0000,791951.2420445604,139339.11435288057,999999.9999999999
2025-03-25T05:10:00.000+0000,791951.2420445604,139339.11435288057,999999.9999999999
2025-03-25T05:20:00.000+0000,791951.2420445604,139339.11435288057,999999.9999999999
2025-03-25T05:30:00.000+0000,791951.2420445604,139339.11435288057,999999.9999999999
2025-03-25T05:40:00.000+0000,791951.2420445604,139339.11435288057,999999.9999999999
2025-03-25T05:50:00.000+0000,791951.2420445604,139339.11435288057,999999.9999999999
2025-03-25T06:00:00.000+0000,791951.2420445604,139339.11435288057,999999.9999999999
2025-03-25T06:10:00.000+0000,791951.2420445604,139339.11435288057,999999.9999999999
2025-03-25T06:20:00.000+0000,791951.2420445604,139339.11435288057,999999.9999999999
2025-03-25T06:30:00.000+0000,791951.2420445604,139339.11435288057,999999.9999999999
2025-03-25T06:40:00.000+0000,791951.2420445604,139339.11435288057,999999.9999999999
2025-03-25T06:50:00.000+0000,791951.2420445604,139339.11435288057,999999.9999999999
2025-03-25T07:00:00.000+0000,791951.2420445604,139339.11435288057,999999.9999999999
2025-03-25T07:10:00.000+0000,791951.2420445604,139339.11435288057,999999.9999999999
2025-03-25T07:20:00.000+0000,791951.2420445604,139339.11435288057,999999.9999999999
2025-03-25T07:30:00.000+0000,791951.2420445604,139339.11435288057,999999.9999999999
2025-03-25T07:40:00.000+0000,791951.2420445604,139339.11435288057,999999.9999999999
2025-03-25T07:50:00.000+0000,791951.2420445604,139339.11435288057,999999.9999999999
2025-03-25T08:00:00.000+0000,791951.2420445604,139339.11435288057,999999.9999999999
2025-03-25T08:10:00.000+0000,791951.2420445604,139339.11435288057,999999.9999999999
2025-03-25T08:20:00.000+0000,791951.2420445604,139339.11435288057,999999.9999999999
2025-03-25T08:30:00.000+0000,791951.2420445604,139339.11435288057,999999.9999999999
2025-03-25T08:40:00.000+0000,791951.2420445604,139339.11435288057,999999.9999999999
2025-03-25T08:50:00.000+0000,791951.2420445604,139339.11435288057,999999.9999999999
2025-03-25T09:00:00.000+0000,791951.2420445604,139339.11435288057,999999.9999999999
2025-03-25T09:10:00.000+0000,791951.2420445604,139339.11435288057,999999.9999999999
2025-03-25T09:20:00.000+0000,791951.2420445604,139339.11435288057,999999.9999999999
2025-03-25T09:30:00.000+0000,791951.2420445604,139339.11435288057,999999.9999999999
2025-03-25T09:40:00.000+0000,791951.2420445604,139339.11435288057,999999.9999999999
2025-03-25T09:50:00.000+0000,791951.2420445604,139339.11435288057,999999.9999999999
2025-03-25T10:00:00.000+0000,791951.2420445604,139339.11435288057,999999.9999999999
2025-03-25T10:10:00.000+0000,791951.2420445604,139339.11435288057,999999.9999999999
2025-03-25T10:20:00.000+0000,791951.2420445604,139339.11435288057,999999.9999999999
2025-03-25T10:30:00.000+0000,791951.2420445604,139339.11435288057,999999.9999999999
2025-03-25T10:40:00.000+0000,791951.2420445604,139339.11435288057,999999.9999999999
2025-03-25T10:50:00.000+0000,791951.2420445604,139339.11435288057,999999.9999999999
2025-03-25T11:00:00.000+0000,791951.2420445604,139339.11435288057,999999.9999999999
2025-03-25T11:10:00.000+0000,791951.2420445604,139339.11435288057,999999.9999999999
2025-03-25T11:20:00.000+0000,791951.2420445604,139339.11435288057,999999.9999999999
2025-03-25T11:30:00.000+0000,791951.2420445604,139339.11435288057,999999.9999999999
2025-03-25T11:40:00.000+0000,791951.2420445604,139339.11435288057,999999.9999999999
2025-03-25T11:50:00.000+0000,791951.2420445604,139339.11435288057,999999.9999999999
2025-03-25T12:00:00.000+0000,791951.2420445604,139339.11435288057,999999.9999999999
2025-03-25T12:10:00.000+0000,791951.2420445604,139339.11435288057,999999.9999999999
2025-03-25T12:20:00.000+0000,791951.2420445604,139339.11435288057,999999.9999999999
2025-03-25T12:30:00.000+0000,791951.2420445604,139339.11435288057,999999.9999999999
2025-03-25T12:40:00.000+0000,791951.2420445604,139339.11435288057,999999.9999999999
2025-03-25T12:50:00.000+0000,791951.2420445604,139339.11435288057,999999.9999999999
2025-03-25T13:00:00.000+0000,791951.2420445604,139339.11435288057,999999.9999999999
2025-03-25T13:10:00.000+0000,791951.2420445604,139339.11435288057,999999.9999999999
2025-03-25T13:20:00.000+0000,791951.2420445604,139339.11435288057,999999.9999999999
2025-03-25T13:30:00.000+0000,791951.2420445604,139339.11435288057,999999.9999999999
2025-03-25T13:40:00.000+0000,791951.2420445604,139339.11435288057,999999.9999999999
2025-03-25T13:50:00.000+0000,791951.2420445604,139339.11435288057,999999.9999999999
2025-03-25T14:00:00.000+0000,791951.2420445604,139339.11435288057,999999.9999999999
2025-03-25T14:10:00.000+0000,791951.2420445604,139339.11435288057,999999.9999999999
2025-03-25T14:20:00.000+0000,791951.2420445604,139339.11435288057,999999.9999999999
2025-03-25T14:30:00.000+0000,791951.2420445604,139339.11435288057,999999.9999999999
2025-03-25T14:40:00.000+0000,791951.2420445604,139339.11435288057,999999.9999999999
2025-03-25T14:50:00.000+0000,791951.2420445604,139339.11435288057,999999.9999999999
2025-03-25T15:00:00.000+0000,791951.2420445604,139339.11435288057,999999.9999999999
2025-03-25T15:10:00.000+0000,791951.2420445604,139339.11435288057,999999.9999999999
2025-03-25T15:20:00.000+0000,791951.2420445604,139339.11435288057,999999.9999999999
2025-03-25T15:30:00.000+0000,791951.2420445604,139339.11435288057,999999.9999999999
2025-03-25T15:40:00.000+0000,791951.2420445604,139339.11435288057,999999.9999999999
2025-03-25T15:50:00.000+0000,791951.2420445604,139339.11435288057,999999.9999999999
2025-03-25T16:00:00.000+0000,791951.2420445604,139339.11435288057,999999.9999999999
2025-03-25T16:10:00.000+0000,791951.2420445604,139339.11435288057,999999.9999999999
2025-03-25T16:20:00.000+0000,791951.2420445604,139339.11435288057,999999.9999999999
2025-03-25T16:30:00.000+0000,791951.2420445604,139339.11435288057,999999.9999999999
2025-03-25T16:40:00.000+0000,791951.2420445604,139339.11435288057,999999.9999999999
2025-03-25T16:50:00.000+0000,791951.2420445604,139339.11435288057,999999.9999999999
2025-03-25T17:00:00.000+0000,791951.2420445604,139339.11435288057,999999.9999999999
2025-03-25T17:10:00.000+0000,791951.2420445604,139339.11435288057,999999.9999999999
2025-03-25T17:20:00.000+0000,791951.2420445604,139339.11435288057,999999.9999999999
2025-03-25T17:30:00.000+0000,791951.2420445604,139339.11435288057,999999.9999999999
2025-03-25T17:40:00.000+0000,791951.2420445604,139339.11435288057,999999.9999999999
2025-03-25T17:50:00.000+0000,791951.2420445604,139339.11435288057,999999.9999999999
2025-03-25T18:00:00.000+0000,791951.2420445604,139339.11435288057,999999.9999999999
2025-03-25T18:10:00.000+0000,791951.2420445604,139339.11435288057,999999.9999999999
2025-03-25T18:20:00.000+0000,791951.2420445604,139339.11435288057,999999.9999999999
2025-03-25T18:30:00.000+0000,791951.2420445604,139339.11435288057,999999.9999999999
2025-03-25T18:40:00.000+0000,791951.2420445604,139339.11435288057,999999.9999999999
2025-03-25T18:50:00.000+0000,791951.2420445604,139339.11435288057,999999.9999999999
2025-03-25T19:00:00.000+0000,791951.2420445604,139339.11435288057,999999.9999999999
2025-03-25T19:10:00.000+0000,791951.2420445604,139339.11435288057,999999.9999999999
2025-03-25T19:20:00.000+0000,791951.2420445604,139339.11435288057,999999.9999999999
2025-03-25T19:30:00.000+0000,791951.2420445604,139339.11435288057,999999.9999999999
2025-03-25T19:40:00.000+0000,791951.2420445604,139339.11435288057,999999.9999999999
2025-03-25T19:50:00.000+0000,791951.2420445604,139339.11435288057,999999.9999999999
2025-03-25T20:00:00.000+0000,791951.2420445604,139339.11435288057,999999.9999999999
2025-03-25T20:10:00.000+0000,791951.2420445604,139339.11435288057,999999.9999999999
2025-03-25T20:20:00.000+0000,791951.2420445604,139339.11435288057,999999.9999999999
2025-03-25T20:30:00.000+0000,791951.2420445604,139339.11435288057,999999.9999999999
2025-03-25T20:40:00.000+0000,791951.2420445604,139339.11435288057,999999.9999999999
2025-03-25T20:50:00.000+0000,791951.2420445604,139339.11435288057,999999.9999999999
2025-03-25T21:00:00.000+0000,791951.2420445604,139339.11435288057,999999.9999999999
2025-03-25T21:10:00.000+0000,791951.2420445604,139339.11435288057,999999.9999999999
2025-03-25T21:20:00.000+0000,791951.2420445604,139339.11435288057,999999.9999999999
2025-03-25T21:30:00.000+0000,791951.2420445604,139339.11435288057,999999.9999999999
2025-03-25T21:40:00.000+0000,791951.2420445604,139339.11435288057,999999.9999999999
2025-03-25T21:50:00.000+0000,791951.2420445604,139339.11435288057,999999.9999999999
2025-03-25T22:00:00.000+0000,791951.2420445604,139339.11435288057,999999.9999999999
2025-03-25T22:10:00.000+0000,791951.2420445604,139339.11435288057,999999.9999999999
2025-03-25T22:20:00.000+0000,791951.2420445604,139339.11435288057,999999.9999999999
2025-03-25T22:30:00.000+0000,791951.2420445604,139339.11435288057,999999.9999999999
2025-03-25T22:40:00.000+0000,791951.2420445604,139339.11435288057,999999.9999999999
2025-03-25T22:50:00.000+0000,791951.2420445604,139339.11435288057,999999.9999999999
2025-03-25T23:00:00.000+0000,791951.2420445604,139339.11435288057,999999.9999999999
2025-03-25T23:10:00.000+0000,791951.2420445604,139339.11435288057,999999.9999999999
2025-03-25T23:20:00.000+0000,791951.2420445604,139339.11435288057,999999.9999999999
2025-03-25T23:30:00.000+0000,791951.2420445604,139339.11435288057,999999.9999999999
2025-03-25T23:40:00.000+0000,791951.2420445604,139339.11435288057,999999.9999999999
2025-03-25T23:50:00.000+0000,791951.2420445604,139339.11435288057,999999.9999999999
2025-03-26T00:00:00.000+0000,791951.2420445604,139339.11435288057,999999.9999999999
2025-03-26T00:10:00.000+0000,791951.2420445604,139339.11435288057,999999.9999999999
2025-03-26T00:20:00.000+0000,791951.2420445604,139339.11435288057,999999.9999999999
2025-03-26T00:30:00.000+0000,791951.2420445604,139339.11435288057,999999.9999999999
2025-03-26T00:40:00.000+0000,791951.2420445604,139339.11435288057,999999.9999999999
2025-03-26T00:50:00.000+0000,791951.2420445604,139339.11435288057,999999.9999999999
2025-03-26T01:00:00.000+0000,791951.2420445604,139339.11435288057,999999.9999999999
2025-03-26T01:10:00.000+0000,791951.2420445604,139339.11435288057,999999.9999999999
2025-03-26T01:20:00.000+0000,791951.2420445604,139339.11435288057,999999.9999999999
2025-03-26T01:30:00.000+0000,791951.2420445604,139339.11435288057,999999.9999999999
2025-03-26T01:40:00.000+0000,791951.2420445604,139339.11435288057,999999.9999999999
2025-03-26T01:50:00.000+0000,791951.2420445604,139339.11435288057,999999.9999999999
2025-03-26T02:00:00.000+0000,791951.2420445604,139339.11435288057,999999.9999999999
2025-03-26T02:10:00.000+0000,791951.2420445604,139339.11435288057,999999.9999999999
2025-03-26T02:20:00.000+0000,791951.2420445604,139339.11435288057,999999.9999999999
2025-03-26T02:30:00.000+0000,791951.2420445604,139339.11435288057,999999.9999999999
2025-03-26T02:40:00.000+0000,791951.2420445604,139339.11435288057,999999.9999999999
2025-03-26T02:50:00.000+0000,791951.2420445604,139339.11435288057,999999.9999999999
2025-03-26T03:00:00.000+0000,791951.2420445604,139339.11435288057,999999.9999999999
2025-03-26T03:10:00.000+0000,791951.2420445604,139339.11435288057,999999.9999999999
2025-03-26T03:20:00.000+0000,791951.2420445604,139339.11435288057,999999.9999999999
2025-03-26T03:30:00.000+0000,791951.2420445604,139339.11435288057,999999.9999999999
2025-03-26T03:40:00.000+0000,791951.2420445604,139339.11435288057,999999.9999999999
2025-03-26T03:50:00.000+0000,791951.2420445604,139339.11435288057,999999.9999999999
2025-03-26T04:00:00.000+0000,791951.2420445604,139339.11435288057,999999.9999999999
2025-03-26T04:10:00.000+0000,791951.2420445604,139339.11435288057,999999.9999999999
2025-03-26T04:20:00.000+0000,791951.2420445604,139339.11435288057,999999.9999999999
2025-03-26T04:30:00.000+0000,791951.2420445604,139339.11435288057,999999.9999999999
2025-03-26T04:40:00.000+0000,791951.2420445604,139339.11435288057,999999.9999999999
2025-03-26T04:50:00.000+0000,791951.2420445604,139339.11435288057,999999.9999999999
2025-03-26T05:00:00.000+0000,791951.2420445604,139339.11435288057,999999.9999999999
2025-03-26T05:10:00.000+0000,791951.2420445604,139339.11435288057,999999.9999999999
2025-03-26T05:20:00.000+0000,791951.2420445604,139339.11435288057,999999.9999999999
2025-03-26T05:30:00.000+0000,791951.2420445604,139339.11435288057,999999.9999999999
2025-03-26T05:40:00.000+0000,791951.2420445604,139339.11435288057,999999.9999999999
2025-03-26T05:50:00.000+0000,791951.2420445604,139339.11435288057,999999.9999999999
2025-03-26T06:00:00.000+0000,791951.2420445604,139339.11435288057,999999.9999999999
2025-03-26T06:10:00.000+0000,791951.2420445604,139339.11435288057,999999.9999999999
2025-03-26T06:20:00.000+0000,791951.2420445604,139339.11435288057,999999.9999999999
2025-03-26T06:30:00.000+0000,791951.2420445604,139339.11435288057,999999.9999999999
2025-03-26T06:40:00.000+0000,791951.2420445604,139339.11435288057,999999.9999999999
2025-03-26T06:50:00.000+0000,791951.2420445604,139339.11435288057,999999.9999999999
2025-03-26T07:00:00.000+0000,791951.2420445604,139339.11435288057,999999.9999999999
2025-03-26T07:10:00.000+0000,791951.2420445604,139339.11435288057,999999.9999999999
2025-03-26T07:20:00.000+0000,791951.2420445604,139339.11435288057,999999.9999999999
2025-03-26T07:30:00.000+0000,791951.2420445604,139339.11435288057,999999.9999999999
2025-03-26T07:40:00.000+0000,791951.2420445604,139339.11435288057,999999.9999999999
2025-03-26T07:50:00.000+0000,791951.2420445604,139339.11435288057,999999.9999999999
2025-03-26T08:00:00.000+0000,791951.2420445604,139339.11435288057,999999.9999999999
2025-03-26T08:10:00.000+0000,791951.2420445604,139339.11435288057,999999.9999999999
2025-03-26T08:20:00.000+0000,791951.2420445604,139339.11435288057,999999.9999999999
2025-03-26T08:30:00.000+0000,791951.2420445604,139339.11435288057,999999.9999999999
2025-03-26T08:40:00.000+0000,791951.2420445604,139339.11435288057,999999.9999999999
2025-03-26T08:50:00.000+0000,791951.2420445604,139339.11435288057,999999.9999999999
2025-03-26T09:00:00.000+0000,791951.2420445604,139339.11435288057,999999.9999999999
2025-03-26T09:10:00.000+0000,791951.2420445604,139339.11435288057,999999.9999999999
2025-03-26T09:20:00.000+0000,791951.2420445604,139339.11435288057,999999.9999999999
2025-03-26T09:30:00.000+0000,791951.2420445604,139339.11435288057,999999.9999999999
2025-03-26T09:40:00.000+0000,791951.2420445604,139339.11435288057,999999.9999999999
2025-03-26T09:50:00.000+0000,791951.2420445604,139339.11435288057,999999.9999999999
2025-03-26T10:00:00.000+0000,791951.2420445604,139339.11435288057,999999.9999999999
2025-03-26T10:10:00.000+0000,791951.2420445604,139339.11435288057,999999.9999999999
2025-03-26T10:20:00.000+0000,791951.2420445604,139339.11435288057,999999.9999999999
2025-03-26T10:30:00.000+0000,791951.2420445604,139339.11435288057,999999.9999999999
2025-03-26T10:40:00.000+0000,791951.2420445604,139339.11435288057,999999.9999999999
2025-03-26T10:50:00.000+0000,791951.2420445604,139339.11435288057,999999.9999999999
2025-03-26T11:00:00.000+0000,791951.2420445604,139339.11435288057,999999.9999999999
2025-03-26T11:10:00.000+0000,791951.2420445604,139339.11435288057,999999.9999999999
2025-03-26T11:20:00.000+0000,791951.2420445604,139339.11435288057,999999.9999999999
2025-03-26T11:30:00.000+0000,791951.2420445604,139339.11435288057,999999.9999999999
2025-03-26T11:40:00.000+0000,791951.2420445604,139339.11435288057,999999.9999999999
2025-03-26T11:50:00.000+0000,791951.2420445604,139339.11435288057,999999.9999999999
2025-03-26T12:00:00.000+0000,791951.2420445604,139339.11435288057,999999.9999999999
2025-03-26T12:10:00.000+0000,791951.2420445604,139339.11435288057,999999.9999999999
2025-03-26T12:20:00.000+0000,791951.2420445604,139339.11435288057,999999.9999999999
2025-03-26T12:30:00.000+0000,791951.2420445604,139339.11435288057,999999.9999999999
2025-03-26T12:40:00.000+0000,791951.2420445604,139339.11435288057,999999.9999999999
2025-03-26T12:50:00.000+0000,791951.2420445604,139339.11435288057,999999.9999999999
2025-03-26T13:00:00.000+0000,791951.2420445604,139339.11435288057,999999.9999999999
2025-03-26T13:10:00.000+0000,791951.2420445604,139339.11435288057,999999.9999999999
2025-03-26T13:20:00.000+0000,791951.2420445604,139339.11435288057,999999.9999999999
2025-03-26T13:30:00.000+0000,791951.2420445604,139339.11435288057,999999.9999999999
2025-03-26T13:40:00.000+0000,791951.2420445604,139339.11435288057,999999.9999999999
2025-03-26T13:50:00.000+0000,791951.2420445604,139339.11435288057,999999.9999999999
2025-03-26T14:00:00.000+0000,791951.2420445604,139339.11435288057,999999.9999999999
2025-03-26T14:10:00.000+0000,791951.2420445604,139339.11435288057,999999.9999999999
2025-03-26T14:20:00.000+0000,791951.2420445604,139339.11435288057,999999.9999999999
2025-03-26T14:30:00.000+0000,791951.2420445604,139339.11435288057,999999.9999999999
2025-03-26T14:40:00.000+0000,791951.2420445604,139339.11435288057,999999.9999999999
2025-03-26T14:50:00.000+0000,791951.2420445604,139339.11435288057,999999.9999999999
2025-03-26T15:00:00.000+0000,791951.2420445604,139339.11435288057,999999.9999999999
2025-03-26T15:10:00.000+0000,791951.2420445604,139339.11435288057,999999.9999999999
2025-03-26T15:20:00.000+0000,791951.2420445604,139339.11435288057,999999.9999999999
2025-03-26T15:30:00.000+0000,791951.2420445604,139339.11435288057,999999.9999999999
2025-03-26T15:40:00.000+0000,791951.2420445604,139339.11435288057,999999.9999999999
2025-03-26T15:50:00.000+0000,791951.2420445604,139339.11435288057,999999.9999999999
2025-03-26T16:00:00.000+0000,791951.2420445604,139339.11435288057,999999.9999999999
2025-03-26T16:10:00.000+0000,791951.2420445604,139339.11435288057,999999.9999999999
2025-03-26T16:20:00.000+0000,791951.2420445604,139339.11435288057,999999.9999999999
2025-03-26T16:30:00.000+0000,791951.2420445604,139339.11435288057,999999.9999999999
2025-03-26T16:40:00.000+0000,791951.2420445604,139339.11435288057,999999.9999999999
2025-03-26T16:50:00.000+0000,791951.2420445604,139339.11435288057,999999.9999999999
2025-03-26T17:00:00.000+0000,791951.2420445604,139339.11435288057,999999.9999999999
2025-03-26T17:10:00.000+0000,791951.2420445604,139339.11435288057,999999.9999999999
2025-03-26T17:20:00.000+0000,791951.2420445604,139339.11435288057,999999.9999999999
2025-03-26T17:30:00.000+0000,791951.2420445604,139339.11435288057,999999.9999999999
2025-03-26T17:40:00.000+0000,791951.2420445604,139339.11435288057,999999.9999999999
2025-03-26T17:50:00.000+0000,791951.2420445604,139339.11435288057,999999.9999999999
2025-03-26T18:00:00.000+0000,791951.2420445604,139339.11435288057,999999.9999999999
2025-03-26T18:10:00.000+0000,791951.2420445604,139339.11435288057,999999.9999999999
2025-03-26T18:20:00.000+0000,791951.2420445604,139339.11435288057,999999.9999999999
2025-03-26T18:30:00.000+0000,791951.2420445604,139339.11435288057,999999.9999999999
2025-03-26T18:40:00.000+0000,791951.2420445604,139339.11435288057,999999.9999999999
2025-03-26T18:50:00.000+0000,791951.2420445604,139339.11435288057,999999.9999999999
2025-03-26T19:00:00.000+0000,791951.2420445604,139339.11435288057,999999.9999999999
2025-03-26T19:10:00.000+0000,791951.2420445604,139339.11435288057,999999.9999999999
2025-03-26T19:20:00.000+0000,791951.2420445604,139339.11435288057,999999.9999999999
2025-03-26T19:30:00.000+0000,791951.2420445604,139339.11435288057,999999.9999999999
2025-03-26T19:40:00.000+0000,791951.2420445604,139339.11435288057,999999.9999999999
2025-03-26T19:50:00.000+0000,791951.2420445604,139339.11435288057,999999.9999999999
2025-03-26T20:00:00.000+0000,791951.2420445604,139339.11435288057,999999.9999999999
2025-03-26T20:10:00.000+0000,791951.2420445604,139339.11435288057,999999.9999999999
2025-03-26T20:20:00.000+0000,791951.2420445604,139339.11435288057,999999.9999999999
2025-03-26T20:30:00.000+0000,791951.2420445604,139339.11435288057,999999.9999999999
2025-03-26T20:40:00.000+0000,791951.2420445604,139339.11435288057,999999.9999999999
2025-03-26T20:50:00.000+0000,791951.2420445604,139339.11435288057,999999.9999999999
2025-03-26T21:00:00.000+0000,791951.2420445604,139339.11435288057,999999.9999999999
2025-03-26T21:10:00.000+0000,791951.2420445604,139339.11435288057,999999.9999999999
2025-03-26T21:20:00.000+0000,791951.2420445604,139339.11435288057,999999.9999999999
2025-03-26T21:30:00.000+0000,791951.2420445604,139339.11435288057,999999.9999999999
2025-03-26T21:40:00.000+0000,791951.2420445604,139339.11435288057,999999.9999999999
2025-03-26T21:50:00.000+0000,791951.2420445604,139339.11435288057,999999.9999999999
2025-03-26T22:00:00.000+0000,791951.2420445604,139339.11435288057,999999.9999999999
2025-03-26T22:10:00.000+0000,791951.2420445604,139339.11435288057,999999.9999999999
2025-03-26T22:20:00.000+0000,791951.2420445604,139339.11435288057,999999.9999999999
2025-03-26T22:30:00.000+0000,791951.2420445604,139339.11435288057,999999.9999999999
2025-03-26T22:40:00.000+0000,791951.2420445604,139339.11435288057,999999.9999999999
2025-03-26T22:50:00.000+0000,791951.2420445604,139339.11435288057,999999.9999999999
2025-03-26T23:00:00.000+0000,791951.2420445604,139339.11435288057,999999.9999999999
2025-03-26T23:10:00.000+0000,791951.2420445604,139339.11435288057,999999.9999999999
2025-03-26T23:20:00.000+0000,791951.2420445604,139339.11435288057,999999.9999999999
2025-03-26T23:30:00.000+0000,791951.2420445604,139339.11435288057,999999.9999999999
2025-03-26T23:40:00.000+0000,791951.2420445604,139339.11435288057,999999.9999999999
2025-03-26T23:50:00.000+0000,791951.2420445604,139339.11435288057,999999.9999999999
2025-03-27T00:00:00.000+0000,791951.2420445604,139339.11435288057,999999.9999999999
2025-03-27T00:10:00.000+0000,791951.2420445604,139339.11435288057,999999.9999999999
2025-03-27T00:20:00.000+0000,791951.2420445604,139339.11435288057,999999.9999999999
2025-03-27T00:30:00.000+0000,791951.2420445604,139339.11435288057,999999.9999999999
2025-03-27T00:40:00.000+0000,791951.2420445604,139339.11435288057,999999.9999999999
2025-03-27T00:50:00.000+0000,791951.2420445604,139339.11435288057,999999.9999999999
2025-03-27T01:00:00.000+0000,791951.2420445604,139339.11435288057,999999.9999999999
2025-03-27T01:10:00.000+0000,791951.2420445604,139339.11435288057,999999.9999999999
2025-03-27T01:20:00.000+0000,791951.2420445604,139339.11435288057,999999.9999999999
2025-03-27T01:30:00.000+0000,791951.2420445604,139339.11435288057,999999.9999999999
2025-03-27T01:40:00.000+0000,791951.2420445604,139339.11435288057,999999.9999999999
2025-03-27T01:50:00.000+0000,791951.2420445604,139339.11435288057,999999.9999999999
2025-03-27T02:00:00.000+0000,791951.2420445604,139339.11435288057,999999.9999999999
2025-03-27T02:10:00.000+0000,791951.2420445604,139339.11435288057,999999.9999999999
2025-03-27T02:20:00.000+0000,791951.2420445604,139339.11435288057,999999.9999999999
2025-03-27T02:30:00.000+0000,791951.2420445604,139339.11435288057,999999.9999999999
2025-03-27T02:40:00.000+0000,791951.2420445604,139339.11435288057,999999.9999999999
2025-03-27T02:50:00.000+0000,791951.2420445604,139339.11435288057,999999.9999999999
2025-03-27T03:00:00.000+0000,791951.2420445604,139339.11435288057,999999.9999999999
2025-03-27T03:10:00.000+0000,791951.2420445604,139339.11435288057,999999.9999999999
2025-03-27T03:20:00.000+0000,791951.2420445604,139339.11435288057,999999.9999999999
2025-03-27T03:30:00.000+0000,791951.2420445604,139339.11435288057,999999.9999999999
2025-03-27T03:40:00.000+0000,791951.2420445604,139339.11435288057,999999.9999999999
2025-03-27T03:50:00.000+0000,791951.2420445604,139339.11435288057,999999.9999999999
2025-03-27T04:00:00.000+0000,791951.2420445604,139339.11435288057,999999.9999999999
2025-03-27T04:10:00.000+0000,791951.2420445604,139339.11435288057,999999.9999999999
2025-03-27T04:20:00.000+0000,791951.2420445604,139339.11435288057,999999.9999999999
2025-03-27T04:30:00.000+0000,791951.2420445604,139339.11435288057,999999.9999999999
2025-03-27T04:40:00.000+0000,791951.2420445604,139339.11435288057,999999.9999999999
2025-03-27T04:50:00.000+0000,791951.2420445604,139339.11435288057,999999.9999999999
2025-03-27T05:00:00.000+0000,791951.2420445604,139339.11435288057,999999.9999999999
2025-03-27T05:10:00.000+0000,791951.2420445604,139339.11435288057,999999.9999999999
2025-03-27T05:20:00.000+0000,791951.2420445604,139339.11435288057,999999.9999999999
2025-03-27T05:30:00.000+0000,791951.2420445604,139339.11435288057,999999.9999999999
2025-03-27T05:40:00.000+0000,791951.2420445604,139339.11435288057,999999.9999999999
2025-03-27T05:50:00.000+0000,791951.2420445604,139339.11435288057,999999.9999999999
2025-03-27T06:00:00.000+0000,791951.2420445604,139339.11435288057,999999.9999999999
2025-03-27T06:10:00.000+0000,791951.2420445604,139339.11435288057,999999.9999999999
2025-03-27T06:20:00.000+0000,791951.2420445604,139339.11435288057,999999.9999999999
2025-03-27T06:30:00.000+0000,791951.2420445604,139339.11435288057,999999.9999999999
2025-03-27T06:40:00.000+0000,791951.2420445604,139339.11435288057,999999.9999999999
2025-03-27T06:50:00.000+0000,791951.2420445604,139339.11435288057,999999.9999999999
2025-03-27T07:00:00.000+0000,791951.2420445604,139339.11435288057,999999.9999999999
2025-03-27T07:10:00.000+0000,791951.2420445604,139339.11435288057,999999.9999999999
2025-03-27T07:20:00.000+0000,791951.2420445604,139339.11435288057,999999.9999999999
2025-03-27T07:30:00.000+0000,791951.2420445604,139339.11435288057,999999.9999999999
2025-03-27T07:40:00.000+0000,791951.2420445604,139339.11435288057,999999.9999999999
2025-03-27T07:50:00.000+0000,791951.2420445604,139339.11435288057,999999.9999999999
2025-03-27T08:00:00.000+0000,791951.2420445604,139339.11435288057,999999.9999999999
2025-03-27T08:10:00.000+0000,791951.2420445604,139339.11435288057,999999.9999999999
2025-03-27T08:20:00.000+0000,791951.2420445604,139339.11435288057,999999.9999999999
2025-03-27T08:30:00.000+0000,791951.2420445604,139339.11435288057,999999.9999999999
2025-03-27T08:40:00.000+0000,791951.2420445604,139339.11435288057,999999.9999999999
2025-03-27T08:50:00.000+0000,791951.2420445604,139339.11435288057,999999.9999999999
2025-03-27T09:00:00.000+0000,791951.2420445604,139339.11435288057,999999.9999999999
2025-03-27T09:10:00.000+0000,791951.2420445604,139339.11435288057,999999.9999999999
2025-03-27T09:20:00.000+0000,791951.2420445604,139339.11435288057,999999.9999999999
2025-03-27T09:30:00.000+0000,791951.2420445604,139339.11435288057,999999.9999999999
2025-03-27T09:40:00.000+0000,791951.2420445604,139339.11435288057,999999.9999999999
2025-03-27T09:50:00.000+0000,791951.2420445604,139339.11435288057,999999.9999999999
2025-03-27T10:00:00.000+0000,791951.2420445604,139339.11435288057,999999.9999999999
2025-03-27T10:10:00.000+0000,791951.2420445604,139339.11435288057,999999.9999999999
2025-03-27T10:20:00.000+0000,791951.2420445604,139339.11435288057,999999.9999999999
2025-03-27T10:30:00.000+0000,791951.2420445604,139339.11435288057,999999.9999999999
2025-03-27T10:40:00.000+0000,791951.2420445604,139339.11435288057,999999.9999999999
2025-03-27T10:50:00.000+0000,791951.2420445604,139339.11435288057,999999.9999999999
2025-03-27T11:00:00.000+0000,791951.2420445604,139339.11435288057,999999.9999999999
2025-03-27T11:10:00.000+0000,791951.2420445604,139339.11435288057,999999.9999999999
2025-03-27T11:20:00.000+0000,791951.2420445604,139339.11435288057,999999.9999999999
2025-03-27T11:30:00.000+0000,791951.2420445604,139339.11435288057,999999.9999999999
2025-03-27T11:40:00.000+0000,791951.2420445604,139339.11435288057,999999.9999999999
2025-03-27T11:50:00.000+0000,791951.2420445604,139339.11435288057,999999.9999999999
2025-03-27T12:00:00.000+0000,791951.2420445604,139339.11435288057,999999.9999999999
2025-03-27T12:10:00.000+0000,791951.2420445604,139339.11435288057,999999.9999999999
2025-03-27T12:20:00.000+0000,791951.2420445604,139339.11435288057,999999.9999999999
2025-03-27T12:30:00.000+0000,791951.2420445604,139339.11435288057,999999.9999999999
2025-03-27T12:40:00.000+0000,791951.2420445604,139339.11435288057,999999.9999999999
2025-03-27T12:50:00.000+0000,791951.2420445604,139339.11435288057,999999.9999999999
2025-03-27T13:00:00.000+0000,791951.2420445604,139339.11435288057,999999.9999999999
2025-03-27T13:10:00.000+0000,791951.2420445604,139339.11435288057,999999.9999999999
2025-03-27T13:20:00.000+0000,791951.2420445604,139339.11435288057,999999.9999999999
2025-03-27T13:30:00.000+0000,791951.2420445604,139339.11435288057,999999.9999999999
2025-03-27T13:40:00.000+0000,791951.2420445604,139339.11435288057,999999.9999999999
2025-03-27T13:50:00.000+0000,791951.2420445604,139339.11435288057,999999.9999999999
2025-03-27T14:00:00.000+0000,791951.2420445604,139339.11435288057,999999.9999999999
2025-03-27T14:10:00.000+0000,791951.2420445604,139339.11435288057,999999.9999999999
2025-03-27T14:20:00.000+0000,791951.2420445604,139339.11435288057,999999.9999999999
2025-03-27T14:30:00.000+0000,791951.2420445604,139339.11435288057,999999.9999999999
2025-03-27T14:40:00.000+0000,791951.2420445604,139339.11435288057,999999.9999999999
2025-03-27T14:50:00.000+0000,791951.2420445604,139339.11435288057,999999.9999999999
2025-03-27T15:00:00.000+0000,791951.2420445604,139339.11435288057,999999.9999999999
2025-03-27T15:10:00.000+0000,791951.2420445604,139339.11435288057,999999.9999999999
2025-03-27T15:20:00.000+0000,791951.2420445604,139339.11435288057,999999.9999999999
2025-03-27T15:30:00.000+0000,791951.2420445604,139339.11435288057,999999.9999999999
2025-03-27T15:40:00.000+0000,791951.2420445604,139339.11435288057,999999.9999999999
2025-03-27T15:50:00.000+0000,791951.2420445604,139339.11435288057,999999.9999999999
2025-03-27T16:00:00.000+0000,791951.2420445604,139339.11435288057,999999.9999999999
2025-03-27T16:10:00.000+0000,791951.2420445604,139339.11435288057,999999.9999999999
2025-03-27T16:20:00.000+0000,791951.2420445604,139339.11435288057,999999.9999999999
2025-03-27T16:30:00.000+0000,791951.2420445604,139339.11435288057,999999.9999999999
2025-03-27T16:40:00.000+0000,791951.2420445604,139339.11435288057,999999.9999999999
2025-03-27T16:50:00.000+0000,791951.2420445604,139339.11435288057,999999.9999999999
2025-03-27T17:00:00.000+0000,791951.2420445604,139339.11435288057,999999.9999999999
2025-03-27T17:10:00.000+0000,791951.2420445604,139339.11435288057,999999.9999999999
2025-03-27T17:20:00.000+0000,791951.2420445604,139339.11435288057,999999.9999999999
2025-03-27T17:30:00.000+0000,791951.2420445604,139339.11435288057,999999.9999999999
2025-03-27T17:40:00.000+0000,791951.2420445604,139339.11435288057,999999.9999999999
2025-03-27T17:50:00.000+0000,791951.2420445604,139339.11435288057,999999.9999999999
2025-03-27T18:00:00.000+0000,791951.2420445604,139339.11435288057,999999.9999999999
2025-03-27T18:10:00.000+0000,791951.2420445604,139339.11435288057,999999.9999999999
2025-03-27T18:20:00.000+0000,791951.2420445604,139339.11435288057,999999.9999999999
2025-03-27T18:30:00.000+0000,791951.2420445604,139339.11435288057,999999.9999999999
2025-03-27T18:40:00.000+0000,791951.2420445604,139339.11435288057,999999.9999999999
2025-03-27T18:50:00.000+0000,791951.2420445604,139339.11435288057,999999.9999999999
2025-03-27T19:00:00.000+0000,791951.2420445604,139339.11435288057,999999.9999999999
2025-03-27T19:10:00.000+0000,791951.2420445604,139339.11435288057,999999.9999999999
2025-03-27T19:20:00.000+0000,791951.2420445604,139339.11435288057,999999.9999999999
2025-03-27T19:30:00.000+0000,791951.2420445604,139339.11435288057,999999.9999999999
2025-03-27T19:40:00.000+0000,791951.2420445604,139339.11435288057,999999.9999999999
2025-03-27T19:50:00.000+0000,791951.2420445604,139339.11435288057,999999.9999999999
2025-03-27T20:00:00.000+0000,791951.2420445604,139339.11435288057,999999.9999999999
2025-03-27T20:10:00.000+0000,791951.2420445604,139339.11435288057,999999.9999999999
2025-03-27T20:20:00.000+0000,791951.2420445604,139339.11435288057,999999.9999999999
2025-03-27T20:30:00.000+0000,791951.2420445604,139339.11435288057,999999.9999999999
2025-03-27T20:40:00.000+0000,791951.2420445604,139339.11435288057,999999.9999999999
2025-03-27T20:50:00.000+0000,791951.2420445604,139339.11435288057,999999.9999999999
2025-03-27T21:00:00.000+0000,791951.2420445604,139339.11435288057,999999.9999999999
2025-03-27T21:10:00.000+0000,791951.2420445604,139339.11435288057,999999.9999999999
2025-03-27T21:20:00.000+0000,791951.2420445604,139339.11435288057,999999.9999999999
2025-03-27T21:30:00.000+0000,791951.2420445604,139339.11435288057,999999.9999999999
2025-03-27T21:40:00.000+0000,791951.2420445604,139339.11435288057,999999.9999999999
2025-03-27T21:50:00.000+0000,791951.2420445604,139339.11435288057,999999.9999999999
2025-03-27T22:00:00.000+0000,791951.2420445604,139339.11435288057,999999.9999999999
2025-03-27T22:10:00.000+0000,791951.2420445604,139339.11435288057,999999.9999999999
2025-03-27T22:20:00.000+0000,791951.2420445604,139339.11435288057,999999.9999999999
2025-03-27T22:30:00.000+0000,791951.2420445604,139339.11435288057,999999.9999999999
2025-03-27T22:40:00.000+0000,791951.2420445604,139339.11435288057,999999.9999999999
2025-03-27T22:50:00.000+0000,791951.2420445604,139339.11435288057,999999.9999999999
2025-03-27T23:00:00.000+0000,791951.2420445604,139339.11435288057,999999.9999999999
2025-03-27T23:10:00.000+0000,791951.2420445604,139339.11435288057,999999.9999999999
2025-03-27T23:20:00.000+0000,791951.2420445604,139339.11435288057,999999.9999999999
2025-03-27T23:30:00.000+0000,791951.2420445604,139339.11435288057,999999.9999999999
2025-03-27T23:40:00.000+0000,791951.2420445604,139339.11435288057,999999.9999999999
2025-03-27T23:50:00.000+0000,791951.2420445604,139339.11435288057,999999.9999999999
2025-03-28T00:00:00.000+0000,791951.2420445604,139339.11435288057,999999.9999999999
2025-03-28T00:10:00.000+0000,791951.2420445604,139339.11435288057,999999.9999999999
2025-03-28T00:20:00.000+0000,791951.2420445604,139339.11435288057,999999.9999999999
2025-03-28T00:30:00.000+0000,791951.2420445604,139339.11435288057,999999.9999999999
2025-03-28T00:40:00.000+0000,791951.2420445604,139339.11435288057,999999.9999999999
2025-03-28T00:50:00.000+0000,791951.2420445604,139339.11435288057,999999.9999999999
2025-03-28T01:00:00.000+0000,791951.2420445604,139339.11435288057,999999.9999999999
2025-03-28T01:10:00.000+0000,791951.2420445604,139339.11435288057,999999.9999999999
2025-03-28T01:20:00.000+0000,791951.2420445604,139339.11435288057,999999.9999999999
2025-03-28T01:30:00.000+0000,791951.2420445604,139339.11435288057,999999.9999999999
2025-03-28T01:40:00.000+0000,791951.2420445604,139339.11435288057,999999.9999999999
2025-03-28T01:50:00.000+0000,791951.2420445604,139339.11435288057,999999.9999999999
2025-03-28T02:00:00.000+0000,791951.2420445604,139339.11435288057,999999.9999999999
2025-03-28T02:10:00.000+0000,791951.2420445604,139339.11435288057,999999.9999999999
2025-03-28T02:20:00.000+0000,791951.2420445604,139339.11435288057,999999.9999999999
2025-03-28T02:30:00.000+0000,791951.2420445604,139339.11435288057,999999.9999999999
2025-03-28T02:40:00.000+0000,791951.2420445604,139339.11435288057,999999.9999999999
2025-03-28T02:50:00.000+0000,791951.2420445604,139339.11435288057,999999.9999999999
2025-03-28T03:00:00.000+0000,791951.2420445604,139339.11435288057,999999.9999999999
2025-03-28T03:10:00.000+0000,791951.2420445604,139339.11435288057,999999.9999999999
2025-03-28T03:20:00.000+0000,791951.2420445604,139339.11435288057,999999.9999999999
2025-03-28T03:30:00.000+0000,791951.2420445604,139339.11435288057,999999.9999999999
2025-03-28T03:40:00.000+0000,791951.2420445604,139339.11435288057,999999.9999999999
2025-03-28T03:50:00.000+0000,791951.2420445604,139339.11435288057,999999.9999999999
2025-03-28T04:00:00.000+0000,791951.2420445604,139339.11435288057,999999.9999999999
2025-03-28T04:10:00.000+0000,791951.2420445604,139339.11435288057,999999.9999999999
2025-03-28T04:20:00.000+0000,791951.2420445604,139339.11435288057,999999.9999999999
2025-03-28T04:30:00.000+0000,791951.2420445604,139339.11435288057,999999.9999999999
2025-03-28T04:40:00.000+0000,791951.2420445604,139339.11435288057,999999.9999999999
2025-03-28T04:50:00.000+0000,791951.2420445604,139339.11435288057,999999.9999999999
2025-03-28T05:00:00.000+0000,791951.2420445604,139339.11435288057,999999.9999999999
2025-03-28T05:10:00.000+0000,791951.2420445604,139339.11435288057,999999.9999999999
2025-03-28T05:20:00.000+0000,791951.2420445604,139339.11435288057,999999.9999999999
2025-03-28T05:30:00.000+0000,791951.2420445604,139339.11435288057,999999.9999999999
2025-03-28T05:40:00.000+0000,791951.2420445604,139339.11435288057,999999.9999999999
2025-03-28T05:50:00.000+0000,791951.2420445604,139339.11435288057,999999.9999999999
2025-03-28T06:00:00.000+0000,791951.2420445604,139339.11435288057,999999.9999999999
2025-03-28T06:10:00.000+0000,791951.2420445604,139339.11435288057,999999.9999999999
2025-03-28T06:20:00.000+0000,791951.2420445604,139339.11435288057,999999.9999999999
2025-03-28T06:30:00.000+0000,791951.2420445604,139339.11435288057,999999.9999999999
2025-03-28T06:40:00.000+0000,791951.2420445604,139339.11435288057,999999.9999999999
2025-03-28T06:50:00.000+0000,791951.2420445604,139339.11435288057,999999.9999999999
2025-03-28T07:00:00.000+0000,791951.2420445604,139339.11435288057,999999.9999999999
2025-03-28T07:10:00.000+0000,791951.2420445604,139339.11435288057,999999.9999999999
2025-03-28T07:20:00.000+0000,791951.2420445604,139339.11435288057,999999.9999999999
2025-03-28T07:30:00.000+0000,791951.2420445604,139339.11435288057,999999.9999999999
2025-03-28T07:40:00.000+0000,791951.2420445604,139339.11435288057,999999.9999999999
2025-03-28T07:50:00.000+0000,791951.2420445604,139339.11435288057,999999.9999999999
2025-03-28T08:00:00.000+0000,791951.2420445604,139339.11435288057,999999.9999999999
2025-03-28T08:10:00.000+0000,791951.2420445604,139339.11435288057,999999.9999999999
2025-03-28T08:20:00.000+0000,791951.2420445604,139339.11435288057,999999.9999999999
2025-03-28T08:30:00.000+0000,791951.2420445604,139339.11435288057,999999.9999999999
2025-03-28T08:40:00.000+0000,791951.2420445604,139339.11435288057,999999.9999999999
2025-03-28T08:50:00.000+0000,791951.2420445604,139339.11435288057,999999.9999999999
2025-03-28T09:00:00.000+0000,791951.2420445604,139339.11435288057,999999.9999999999
2025-03-28T09:10:00.000+0000,791951.2420445604,139339.11435288057,999999.9999999999
2025-03-28T09:20:00.000+0000,791951.2420445604,139339.11435288057,999999.9999999999
2025-03-28T09:30:00.000+0000,791951.2420445604,139339.11435288057,999999.9999999999
2025-03-28T09:40:00.000+0000,791951.2420445604,139339.11435288057,999999.9999999999
2025-03-28T09:50:00.000+0000,791951.2420445604,139339.11435288057,999999.9999999999
2025-03-28T10:00:00.000+0000,791951.2420445604,139339.11435288057,999999.9999999999
2025-03-28T10:10:00.000+0000,791951.2420445604,139339.11435288057,999999.9999999999
2025-03-28T10:20:00.000+0000,791951.2420445604,139339.11435288057,999999.9999999999
2025-03-28T10:30:00.000+0000,791951.2420445604,139339.11435288057,999999.9999999999
2025-03-28T10:40:00.000+0000,791951.2420445604,139339.11435288057,999999.9999999999
2025-03-28T10:50:00.000+0000,791951.2420445604,139339.11435288057,999999.9999999999
2025-03-28T11:00:00.000+0000,791951.2420445604,139339.11435288057,999999.9999999999
2025-03-28T11:10:00.000+0000,791951.2420445604,139339.11435288057,999999.9999999999
2025-03-28T11:20:00.000+0000,791951.2420445604,139339.11435288057,999999.9999999999
2025-03-28T11:30:00.000+0000,791951.2420445604,139339.11435288057,999999.9999999999
2025-03-28T11:40:00.000+0000,791951.2420445604,139339.11435288057,999999.9999999999
2025-03-28T11:50:00.000+0000,791951.2420445604,139339.11435288057,999999.9999999999
2025-03-28T12:00:00.000+0000,791951.2420445604,139339.11435288057,999999.9999999999
2025-03-28T12:10:00.000+0000,791951.2420445604,139339.11435288057,999999.9999999999
2025-03-28T12:20:00.000+0000,791951.2420445604,139339.11435288057,999999.9999999999
2025-03-28T12:30:00.000+0000,791951.2420445604,139339.11435288057,999999.9999999999
2025-03-28T12:40:00.000+0000,791951.2420445604,139339.11435288057,999999.9999999999
2025-03-28T12:50:00.000+0000,791951.2420445604,139339.11435288057,999999.9999999999
2025-03-28T13:00:00.000+0000,791951.2420445604,139339.11435288057,999999.9999999999
2025-03-28T13:10:00.000+0000,791951.2420445604,139339.11435288057,999999.9999999999
2025-03-28T13:20:00.000+0000,791951.2420445604,139339.11435288057,999999.9999999999
2025-03-28T13:30:00.000+0000,791951.2420445604,139339.11435288057,999999.9999999999
2025-03-28T13:40:00.000+0000,791951.2420445604,139339.11435288057,999999.9999999999
2025-03-28T13:50:00.000+0000,791951.2420445604,139339.11435288057,999999.9999999999
2025-03-28T14:00:00.000+0000,791951.2420445604,139339.11435288057,999999.9999999999
2025-03-28T14:10:00.000+0000,791951.2420445604,139339.11435288057,999999.9999999999
2025-03-28T14:20:00.000+0000,791951.2420445604,139339.11435288057,999999.9999999999
2025-03-28T14:30:00.000+0000,791951.2420445604,139339.11435288057,999999.9999999999
2025-03-28T14:40:00.000+0000,791951.2420445604,139339.11435288057,999999.9999999999
2025-03-28T14:50:00.000+0000,791951.2420445604,139339.11435288057,999999.9999999999
2025-03-28T15:00:00.000+0000,791951.2420445604,139339.11435288057,999999.9999999999
2025-03-28T15:10:00.000+0000,791951.2420445604,139339.11435288057,999999.9999999999
2025-03-28T15:20:00.000+0000,791951.2420445604,139339.11435288057,999999.9999999999
2025-03-28T15:30:00.000+0000,791951.2420445604,139339.11435288057,999999.9999999999
2025-03-28T15:40:00.000+0000,791951.2420445604,139339.11435288057,999999.9999999999
2025-03-28T15:50:00.000+0000,791951.2420445604,139339.11435288057,999999.9999999999
2025-03-28T16:00:00.000+0000,791951.2420445604,139339.11435288057,999999.9999999999
2025-03-28T16:10:00.000+0000,791951.2420445604,139339.11435288057,999999.9999999999
2025-03-28T16:20:00.000+0000,791951.2420445604,139339.11435288057,999999.9999999999
2025-03-28T16:30:00.000+0000,791951.2420445604,139339.11435288057,999999.9999999999
2025-03-28T16:40:00.000+0000,791951.2420445604,139339.11435288057,999999.9999999999
2025-03-28T16:50:00.000+0000,791951.2420445604,139339.11435288057,999999.9999999999
2025-03-28T17:00:00.000+0000,791951.2420445604,139339.11435288057,999999.9999999999
2025-03-28T17:10:00.000+0000,791951.2420445604,139339.11435288057,999999.9999999999
2025-03-28T17:20:00.000+0000,791951.2420445604,139339.11435288057,999999.9999999999
2025-03-28T17:30:00.000+0000,791951.2420445604,139339.11435288057,999999.9999999999
2025-03-28T17:40:00.000+0000,791951.2420445604,139339.11435288057,999999.9999999999
2025-03-28T17:50:00.000+0000,791951.2420445604,139339.11435288057,999999.9999999999
2025-03-28T18:00:00.000+0000,791951.2420445604,139339.11435288057,999999.9999999999
2025-03-28T18:10:00.000+0000,791951.2420445604,139339.11435288057,999999.9999999999
2025-03-28T18:20:00.000+0000,791951.2420445604,139339.11435288057,999999.9999999999
2025-03-28T18:30:00.000+0000,791951.2420445604,139339.11435288057,999999.9999999999
2025-03-28T18:40:00.000+0000,791951.2420445604,139339.11435288057,999999.9999999999
2025-03-28T18:50:00.000+0000,791951.2420445604,139339.11435288057,999999.9999999999
2025-03-28T19:00:00.000+0000,791951.2420445604,139339.11435288057,999999.9999999999
2025-03-28T19:10:00.000+0000,791951.2420445604,139339.11435288057,999999.9999999999
2025-03-28T19:20:00.000+0000,791951.2420445604,139339.11435288057,999999.9999999999
2025-03-28T19:30:00.000+0000,791951.2420445604,139339.11435288057,999999.9999999999
2025-03-28T19:40:00.000+0000,791951.2420445604,139339.11435288057,999999.9999999999
2025-03-28T19:50:00.000+0000,791951.2420445604,139339.11435288057,999999.9999999999
2025-03-28T20:00:00.000+0000,791951.2420445604,139339.11435288057,999999.9999999999
2025-03-28T20:10:00.000+0000,791951.2420445604,139339.11435288057,999999.9999999999
2025-03-28T20:20:00.000+0000,791951.2420445604,139339.11435288057,999999.9999999999
2025-03-28T20:30:00.000+0000,791951.2420445604,139339.11435288057,999999.9999999999
2025-03-28T20:40:00.000+0000,791951.2420445604,139339.11435288057,999999.9999999999
2025-03-28T20:50:00.000+0000,791951.2420445604,139339.11435288057,999999.9999999999
2025-03-28T21:00:00.000+0000,791951.2420445604,139339.11435288057,999999.9999999999
2025-03-28T21:10:00.000+0000,791951.2420445604,139339.11435288057,999999.9999999999
2025-03-28T21:20:00.000+0000,791951.2420445604,139339.11435288057,999999.9999999999
2025-03-28T21:30:00.000+0000,791951.2420445604,139339.11435288057,999999.9999999999
2025-03-28T21:40:00.000+0000,791951.2420445604,139339.11435288057,999999.9999999999
2025-03-28T21:50:00.000+0000,791951.2420445604,139339.11435288057,999999.9999999999
2025-03-28T22:00:00.000+0000,791951.2420445604,139339.11435288057,999999.9999999999
2025-03-28T22:10:00.000+0000,791951.2420445604,139339.11435288057,999999.9999999999
2025-03-28T22:20:00.000+0000,791951.2420445604,139339.11435288057,999999.9999999999
2025-03-28T22:30:00.000+0000,791951.2420445604,139339.11435288057,999999.9999999999
2025-03-28T22:40:00.000+0000,791951.2420445604,139339.11435288057,999999.9999999999
2025-03-28T22:50:00.000+0000,791951.2420445604,139339.11435288057,999999.9999999999
2025-03-28T23:00:00.000+0000,791951.2420445604,139339.11435288057,999999.9999999999
2025-03-28T23:10:00.000+0000,791951.2420445604,139339.11435288057,999999.9999999999
2025-03-28T23:20:00.000+0000,791951.2420445604,139339.11435288057,999999.9999999999
2025-03-28T23:30:00.000+0000,791951.2420445604,139339.11435288057,999999.9999999999
2025-03-28T23:40:00.000+0000,791951.2420445604,139339.11435288057,999999.9999999999
2025-03-28T23:50:00.000+0000,791951.2420445604,139339.11435288057,999999.9999999999
2025-03-29T00:00:00.000+0000,791951.2420445604,139339.11435288057,999999.9999999999
2025-03-29T00:10:00.000+0000,791951.2420445604,139339.11435288057,999999.9999999999
2025-03-29T00:20:00.000+0000,791951.2420445604,139339.11435288057,999999.9999999999
2025-03-29T00:30:00.000+0000,791951.2420445604,139339.11435288057,999999.9999999999
2025-03-29T00:40:00.000+0000,791951.2420445604,139339.11435288057,999999.9999999999
2025-03-29T00:50:00.000+0000,791951.2420445604,139339.11435288057,999999.9999999999
2025-03-29T01:00:00.000+0000,791951.2420445604,139339.11435288057,999999.9999999999
2025-03-29T01:10:00.000+0000,791951.2420445604,139339.11435288057,999999.9999999999
2025-03-29T01:20:00.000+0000,791951.2420445604,139339.11435288057,999999.9999999999
2025-03-29T01:30:00.000+0000,791951.2420445604,139339.11435288057,999999.9999999999
2025-03-29T01:40:00.000+0000,791951.2420445604,139339.11435288057,999999.9999999999
2025-03-29T01:50:00.000+0000,791951.2420445604,139339.11435288057,999999.9999999999
2025-03-29T02:00:00.000+0000,791951.2420445604,139339.11435288057,999999.9999999999
2025-03-29T02:10:00.000+0000,791951.2420445604,139339.11435288057,999999.9999999999
2025-03-29T02:20:00.000+0000,791951.2420445604,139339.11435288057,999999.9999999999
2025-03-29T02:30:00.000+0000,791951.2420445604,139339.11435288057,999999.9999999999
2025-03-29T02:40:00.000+0000,791951.2420445604,139339.11435288057,999999.9999999999
2025-03-29T02:50:00.000+0000,791951.2420445604,139339.11435288057,999999.9999999999
2025-03-29T03:00:00.000+0000,791951.2420445604,139339.11435288057,999999.9999999999
2025-03-29T03:10:00.000+0000,791951.2420445604,139339.11435288057,999999.9999999999
2025-03-29T03:20:00.000+0000,791951.2420445604,139339.11435288057,999999.9999999999
2025-03-29T03:30:00.000+0000,791951.2420445604,139339.11435288057,999999.9999999999
2025-03-29T03:40:00.000+0000,791951.2420445604,139339.11435288057,999999.9999999999
2025-03-29T03:50:00.000+0000,791951.2420445604,139339.11435288057,999999.9999999999
2025-03-29T04:00:00.000+0000,791951.2420445604,139339.11435288057,999999.9999999999
2025-03-29T04:10:00.000+0000,791951.2420445604,139339.11435288057,999999.9999999999
2025-03-29T04:20:00.000+0000,791951.2420445604,139339.11435288057,999999.9999999999
2025-03-29T04:30:00.000+0000,791951.2420445604,139339.11435288057,999999.9999999999
2025-03-29T04:40:00.000+0000,791951.2420445604,139339.11435288057,999999.9999999999
2025-03-29T04:50:00.000+0000,791951.2420445604,139339.11435288057,999999.9999999999
2025-03-29T05:00:00.000+0000,791951.2420445604,139339.11435288057,999999.9999999999
2025-03-29T05:10:00.000+0000,791951.2420445604,139339.11435288057,999999.9999999999
2025-03-29T05:20:00.000+0000,791951.2420445604,139339.11435288057,999999.9999999999
2025-03-29T05:30:00.000+0000,791951.2420445604,139339.11435288057,999999.9999999999
2025-03-29T05:40:00.000+0000,791951.2420445604,139339.11435288057,999999.9999999999
2025-03-29T05:50:00.000+0000,791951.2420445604,139339.11435288057,999999.9999999999
2025-03-29T06:00:00.000+0000,791951.2420445604,139339.11435288057,999999.9999999999
2025-03-29T06:10:00.000+0000,791951.2420445604,139339.11435288057,999999.9999999999
2025-03-29T06:20:00.000+0000,791951.2420445604,139339.11435288057,999999.9999999999
2025-03-29T06:30:00.000+0000,791951.2420445604,139339.11435288057,999999.9999999999
2025-03-29T06:40:00.000+0000,791951.2420445604,139339.11435288057,999999.9999999999
2025-03-29T06:50:00.000+0000,791951.2420445604,139339.11435288057,999999.9999999999
2025-03-29T07:00:00.000+0000,791951.2420445604,139339.11435288057,999999.9999999999
2025-03-29T07:10:00.000+0000,791951.2420445604,139339.11435288057,999999.9999999999
2025-03-29T07:20:00.000+0000,791951.2420445604,139339.11435288057,999999.9999999999
2025-03-29T07:30:00.000+0000,791951.2420445604,139339.11435288057,999999.9999999999
2025-03-29T07:40:00.000+0000,791951.2420445604,139339.11435288057,999999.9999999999
2025-03-29T07:50:00.000+0000,791951.2420445604,139339.11435288057,999999.9999999999
2025-03-29T08:00:00.000+0000,791951.2420445604,139339.11435288057,999999.9999999999
2025-03-29T08:10:00.000+0000,791951.2420445604,139339.11435288057,999999.9999999999
2025-03-29T08:20:00.000+0000,791951.2420445604,139339.11435288057,999999.9999999999
2025-03-29T08:30:00.000+0000,791951.2420445604,139339.11435288057,999999.9999999999
2025-03-29T08:40:00.000+0000,791951.2420445604,139339.11435288057,999999.9999999999
2025-03-29T08:50:00.000+0000,791951.2420445604,139339.11435288057,999999.9999999999
2025-03-29T09:00:00.000+0000,791951.2420445604,139339.11435288057,999999.9999999999
2025-03-29T09:10:00.000+0000,791951.2420445604,139339.11435288057,999999.9999999999
2025-03-29T09:20:00.000+0000,791951.2420445604,139339.11435288057,999999.9999999999
2025-03-29T09:30:00.000+0000,791951.2420445604,139339.11435288057,999999.9999999999
2025-03-29T09:40:00.000+0000,791951.2420445604,139339.11435288057,999999.9999999999
2025-03-29T09:50:00.000+0000,791951.2420445604,139339.11435288057,999999.9999999999
2025-03-29T10:00:00.000+0000,791951.2420445604,139339.11435288057,999999.9999999999
2025-03-29T10:10:00.000+0000,791951.2420445604,139339.11435288057,999999.9999999999
2025-03-29T10:20:00.000+0000,791951.2420445604,139339.11435288057,999999.9999999999
2025-03-29T10:30:00.000+0000,791951.2420445604,139339.11435288057,999999.9999999999
2025-03-29T10:40:00.000+0000,791951.2420445604,139339.11435288057,999999.9999999999
2025-03-29T10:50:00.000+0000,791951.2420445604,139339.11435288057,999999.9999999999
2025-03-29T11:00:00.000+0000,791951.2420445604,139339.11435288057,999999.9999999999
2025-03-29T11:10:00.000+0000,791951.2420445604,139339.11435288057,999999.9999999999
2025-03-29T11:20:00.000+0000,791951.2420445604,139339.11435288057,999999.9999999999
2025-03-29T11:30:00.000+0000,791951.2420445604,139339.11435288057,999999.9999999999
2025-03-29T11:40:00.000+0000,791951.2420445604,139339.11435288057,999999.9999999999
2025-03-29T11:50:00.000+0000,791951.2420445604,139339.11435288057,999999.9999999999
2025-03-29T12:00:00.000+0000,791951.2420445604,139339.11435288057,999999.9999999999
2025-03-29T12:10:00.000+0000,791951.2420445604,139339.11435288057,999999.9999999999
2025-03-29T12:20:00.000+0000,791951.2420445604,139339.11435288057,999999.9999999999
2025-03-29T12:30:00.000+0000,791951.2420445604,139339.11435288057,999999.9999999999
2025-03-29T12:40:00.000+0000,791951.2420445604,139339.11435288057,999999.9999999999
2025-03-29T12:50:00.000+0000,791951.2420445604,139339.11435288057,999999.9999999999
2025-03-29T13:00:00.000+0000,791951.2420445604,139339.11435288057,999999.9999999999
2025-03-29T13:10:00.000+0000,791951.2420445604,139339.11435288057,999999.9999999999
2025-03-29T13:20:00.000+0000,791951.2420445604,139339.11435288057,999999.9999999999
2025-03-29T13:30:00.000+0000,791951.2420445604,139339.11435288057,999999.9999999999
2025-03-29T13:40:00.000+0000,791951.2420445604,139339.11435288057,999999.9999999999
2025-03-29T13:50:00.000+0000,791951.2420445604,139339.11435288057,999999.9999999999
2025-03-29T14:00:00.000+0000,791951.2420445604,139339.11435288057,999999.9999999999
2025-03-29T14:10:00.000+0000,791951.2420445604,139339.11435288057,999999.9999999999
2025-03-29T14:20:00.000+0000,791951.2420445604,139339.11435288057,999999.9999999999
2025-03-29T14:30:00.000+0000,791951.2420445604,139339.11435288057,999999.9999999999
2025-03-29T14:40:00.000+0000,791951.2420445604,139339.11435288057,999999.9999999999
2025-03-29T14:50:00.000+0000,791951.2420445604,139339.11435288057,999999.9999999999
2025-03-29T15:00:00.000+0000,791951.2420445604,139339.11435288057,999999.9999999999
2025-03-29T15:10:00.000+0000,791951.2420445604,139339.11435288057,999999.9999999999
2025-03-29T15:20:00.000+0000,791951.2420445604,139339.11435288057,999999.9999999999
2025-03-29T15:30:00.000+0000,791951.2420445604,139339.11435288057,999999.9999999999
2025-03-29T15:40:00.000+0000,791951.2420445604,139339.11435288057,999999.9999999999
2025-03-29T15:50:00.000+0000,791951.2420445604,139339.11435288057,999999.9999999999
2025-03-29T16:00:00.000+0000,791951.2420445604,139339.11435288057,999999.9999999999
2025-03-29T16:10:00.000+0000,791951.2420445604,139339.11435288057,999999.9999999999
2025-03-29T16:20:00.000+0000,791951.2420445604,139339.11435288057,999999.9999999999
2025-03-29T16:30:00.000+0000,791951.2420445604,139339.11435288057,999999.9999999999
2025-03-29T16:40:00.000+0000,791951.2420445604,139339.11435288057,999999.9999999999
2025-03-29T16:50:00.000+0000,791951.2420445604,139339.11435288057,999999.9999999999
2025-03-29T17:00:00.000+0000,791951.2420445604,139339.11435288057,999999.9999999999
2025-03-29T17:10:00.000+0000,791951.2420445604,139339.11435288057,999999.9999999999
2025-03-29T17:20:00.000+0000,791951.2420445604,139339.11435288057,999999.9999999999
2025-03-29T17:30:00.000+0000,791951.2420445604,139339.11435288057,999999.9999999999
2025-03-29T17:40:00.000+0000,791951.2420445604,139339.11435288057,999999.9999999999
2025-03-29T17:50:00.000+0000,791951.2420445604,139339.11435288057,999999.9999999999
2025-03-29T18:00:00.000+0000,791951.2420445604,139339.11435288057,999999.9999999999
2025-03-29T18:10:00.000+0000,791951.2420445604,139339.11435288057,999999.9999999999
2025-03-29T18:20:00.000+0000,791951.2420445604,139339.11435288057,999999.9999999999
2025-03-29T18:30:00.000+0000,791951.2420445604,139339.11435288057,999999.9999999999
2025-03-29T18:40:00.000+0000,791951.2420445604,139339.11435288057,999999.9999999999
2025-03-29T18:50:00.000+0000,791951.2420445604,139339.11435288057,999999.9999999999
2025-03-29T19:00:00.000+0000,791951.2420445604,139339.11435288057,999999.9999999999
2025-03-29T19:10:00.000+0000,791951.2420445604,139339.11435288057,999999.9999999999
2025-03-29T19:20:00.000+0000,791951.2420445604,139339.11435288057,999999.9999999999
2025-03-29T19:30:00.000+0000,791951.2420445604,139339.11435288057,999999.9999999999
2025-03-29T19:40:00.000+0000,791951.2420445604,139339.11435288057,999999.9999999999
2025-03-29T19:50:00.000+0000,791951.2420445604,139339.11435288057,999999.9999999999
2025-03-29T20:00:00.000+0000,791951.2420445604,139339.11435288057,999999.9999999999
2025-03-29T20:10:00.000+0000,791951.2420445604,139339.11435288057,999999.9999999999
2025-03-29T20:20:00.000+0000,791951.2420445604,139339.11435288057,999999.9999999999
2025-03-29T20:30:00.000+0000,791951.2420445604,139339.11435288057,999999.9999999999
2025-03-29T20:40:00.000+0000,791951.2420445604,139339.11435288057,999999.9999999999
2025-03-29T20:50:00.000+0000,791951.2420445604,139339.11435288057,999999.9999999999
2025-03-29T21:00:00.000+0000,791951.2420445604,139339.11435288057,999999.9999999999
2025-03-29T21:10:00.000+0000,791951.2420445604,139339.11435288057,999999.9999999999
2025-03-29T21:20:00.000+0000,791951.2420445604,139339.11435288057,999999.9999999999
2025-03-29T21:30:00.000+0000,791951.2420445604,139339.11435288057,999999.9999999999
2025-03-29T21:40:00.000+0000,791951.2420445604,139339.11435288057,999999.9999999999
2025-03-29T21:50:00.000+0000,791951.2420445604,139339.11435288057,999999.9999999999
2025-03-29T22:00:00.000+0000,791951.2420445604,139339.11435288057,999999.9999999999
2025-03-29T22:10:00.000+0000,791951.2420445604,139339.11435288057,999999.9999999999
2025-03-29T22:20:00.000+0000,791951.2420445604,139339.11435288057,999999.9999999999
2025-03-29T22:30:00.000+0000,791951.2420445604,139339.11435288057,999999.9999999999
2025-03-29T22:40:00.000+0000,791951.2420445604,139339.11435288057,999999.9999999999
2025-03-29T22:50:00.000+0000,791951.2420445604,139339.11435288057,999999.9999999999
2025-03-29T23:00:00.000+0000,791951.2420445604,139339.11435288057,999999.9999999999
2025-03-29T23:10:00.000+0000,791951.2420445604,139339.11435288057,999999.9999999999
2025-03-29T23:20:00.000+0000,791951.2420445604,139339.11435288057,999999.9999999999
2025-03-29T23:30:00.000+0000,791951.2420445604,139339.11435288057,999999.9999999999
2025-03-29T23:40:00.000+0000,791951.2420445604,139339.11435288057,999999.9999999999
2025-03-29T23:50:00.000+0000,791951.2420445604,139339.11435288057,999999.9999999999
2025-03-30T00:00:00.000+0000,791951.2420445604,139339.11435288057,999999.9999999999
2025-03-30T00:10:00.000+0000,791951.2420445604,139339.11435288057,999999.9999999999
2025-03-30T00:20:00.000+0000,791951.2420445604,139339.11435288057,999999.9999999999
2025-03-30T00:30:00.000+0000,791951.2420445604,139339.11435288057,999999.9999999999
2025-03-30T00:40:00.000+0000,791951.2420445604,139339.11435288057,999999.9999999999
2025-03-30T00:50:00.000+0000,791951.2420445604,139339.11435288057,999999.9999999999
2025-03-30T01:00:00.000+0000,791951.2420445604,139339.11435288057,999999.9999999999
2025-03-30T01:10:00.000+0000,791951.2420445604,139339.11435288057,999999.9999999999
2025-03-30T01:20:00.000+0000,791951.2420445604,139339.11435288057,999999.9999999999
2025-03-30T01:30:00.000+0000,791951.2420445604,139339.11435288057,999999.9999999999
2025-03-30T01:40:00.000+0000,791951.2420445604,139339.11435288057,999999.9999999999
2025-03-30T01:50:00.000+0000,791951.2420445604,139339.11435288057,999999.9999999999
2025-03-30T02:00:00.000+0000,791951.2420445604,139339.11435288057,999999.9999999999
2025-03-30T02:10:00.000+0000,791951.2420445604,139339.11435288057,999999.9999999999
2025-03-30T02:20:00.000+0000,791951.2420445604,139339.11435288057,999999.9999999999
2025-03-30T02:30:00.000+0000,791951.2420445604,139339.11435288057,999999.9999999999
2025-03-30T02:40:00.000+0000,791951.2420445604,139339.11435288057,999999.9999999999
2025-03-30T02:50:00.000+0000,791951.2420445604,139339.11435288057,999999.9999999999
2025-03-30T03:00:00.000+0000,791951.2420445604,139339.11435288057,999999.9999999999
2025-03-30T03:10:00.000+0000,791951.2420445604,139339.11435288057,999999.9999999999
2025-03-30T03:20:00.000+0000,791951.2420445604,139339.11435288057,999999.9999999999
2025-03-30T03:30:00.000+0000,791951.2420445604,139339.11435288057,999999.9999999999
2025-03-30T03:40:00.000+0000,791951.2420445604,139339.11435288057,999999.9999999999
2025-03-30T03:50:00.000+0000,791951.2420445604,139339.11435288057,999999.9999999999
2025-03-30T04:00:00.000+0000,791951.2420445604,139339.11435288057,999999.9999999999
2025-03-30T04:10:00.000+0000,791951.2420445604,139339.11435288057,999999.9999999999
2025-03-30T04:20:00.000+0000,791951.2420445604,139339.11435288057,999999.9999999999
2025-03-30T04:30:00.000+0000,791951.2420445604,139339.11435288057,999999.9999999999
2025-03-30T04:40:00.000+0000,791951.2420445604,139339.11435288057,999999.9999999999
2025-03-30T04:50:00.000+0000,791951.2420445604,139339.11435288057,999999.9999999999
2025-03-30T05:00:00.000+0000,791951.2420445604,139339.11435288057,999999.9999999999
2025-03-30T05:10:00.000+0000,791951.2420445604,139339.11435288057,999999.9999999999
2025-03-30T05:20:00.000+0000,791951.2420445604,139339.11435288057,999999.9999999999
2025-03-30T05:30:00.000+0000,791951.2420445604,139339.11435288057,999999.9999999999
2025-03-30T05:40:00.000+0000,791951.2420445604,139339.11435288057,999999.9999999999
2025-03-30T05:50:00.000+0000,791951.2420445604,139339.11435288057,999999.9999999999
2025-03-30T06:00:00.000+0000,791951.2420445604,139339.11435288057,999999.9999999999
2025-03-30T06:10:00.000+0000,791951.2420445604,139339.11435288057,999999.9999999999
2025-03-30T06:20:00.000+0000,791951.2420445604,139339.11435288057,999999.9999999999
2025-03-30T06:30:00.000+0000,791951.2420445604,139339.11435288057,999999.9999999999
2025-03-30T06:40:00.000+0000,791951.2420445604,139339.11435288057,999999.9999999999
2025-03-30T06:50:00.000+0000,791951.2420445604,139339.11435288057,999999.9999999999
2025-03-30T07:00:00.000+0000,791951.2420445604,139339.11435288057,999999.9999999999
2025-03-30T07:10:00.000+0000,791951.2420445604,139339.11435288057,999999.9999999999
2025-03-30T07:20:00.000+0000,791951.2420445604,139339.11435288057,999999.9999999999
2025-03-30T07:30:00.000+0000,791951.2420445604,139339.11435288057,999999.9999999999
2025-03-30T07:40:00.000+0000,791951.2420445604,139339.11435288057,999999.9999999999
2025-03-30T07:50:00.000+0000,791951.2420445604,139339.11435288057,999999.9999999999
2025-03-30T08:00:00.000+0000,791951.2420445604,139339.11435288057,999999.9999999999
2025-03-30T08:10:00.000+0000,791951.2420445604,139339.11435288057,999999.9999999999
2025-03-30T08:20:00.000+0000,791951.2420445604,139339.11435288057,999999.9999999999
2025-03-30T08:30:00.000+0000,791951.2420445604,139339.11435288057,999999.9999999999
2025-03-30T08:40:00.000+0000,791951.2420445604,139339.11435288057,999999.9999999999
2025-03-30T08:50:00.000+0000,791951.2420445604,139339.11435288057,999999.9999999999
2025-03-30T09:00:00.000+0000,791951.2420445604,139339.11435288057,999999.9999999999
2025-03-30T09:10:00.000+0000,791951.2420445604,139339.11435288057,999999.9999999999
2025-03-30T09:20:00.000+0000,791951.2420445604,139339.11435288057,999999.9999999999
2025-03-30T09:30:00.000+0000,791951.2420445604,139339.11435288057,999999.9999999999
2025-03-30T09:40:00.000+0000,791951.2420445604,139339.11435288057,999999.9999999999
2025-03-30T09:50:00.000+0000,791951.2420445604,139339.11435288057,999999.9999999999
2025-03-30T10:00:00.000+0000,791951.2420445604,139339.11435288057,999999.9999999999
2025-03-30T10:10:00.000+0000,791951.2420445604,139339.11435288057,999999.9999999999
2025-03-30T10:20:00.000+0000,791951.2420445604,139339.11435288057,999999.9999999999
2025-03-30T10:30:00.000+0000,791951.2420445604,139339.11435288057,999999.9999999999
2025-03-30T10:40:00.000+0000,791951.2420445604,139339.11435288057,999999.9999999999
2025-03-30T10:50:00.000+0000,791951.2420445604,139339.11435288057,999999.9999999999
2025-03-30T11:00:00.000+0000,791951.2420445604,139339.11435288057,999999.9999999999
2025-03-30T11:10:00.000+0000,791951.2420445604,139339.11435288057,999999.9999999999
2025-03-30T11:20:00.000+0000,791951.2420445604,139339.11435288057,999999.9999999999
2025-03-30T11:30:00.000+0000,791951.2420445604,139339.11435288057,999999.9999999999
2025-03-30T11:40:00.000+0000,791951.2420445604,139339.11435288057,999999.9999999999
2025-03-30T11:50:00.000+0000,791951.2420445604,139339.11435288057,999999.9999999999
2025-03-30T12:00:00.000+0000,791951.2420445604,139339.11435288057,999999.9999999999
2025-03-30T12:10:00.000+0000,791951.2420445604,139339.11435288057,999999.9999999999
2025-03-30T12:20:00.000+0000,791951.2420445604,139339.11435288057,999999.9999999999
2025-03-30T12:30:00.000+0000,791951.2420445604,139339.11435288057,999999.9999999999
2025-03-30T12:40:00.000+0000,791951.2420445604,139339.11435288057,999999.9999999999
2025-03-30T12:50:00.000+0000,791951.2420445604,139339.11435288057,999999.9999999999
2025-03-30T13:00:00.000+0000,791951.2420445604,139339.11435288057,999999.9999999999
2025-03-30T13:10:00.000+0000,791951.2420445604,139339.11435288057,999999.9999999999
2025-03-30T13:20:00.000+0000,791951.2420445604,139339.11435288057,999999.9999999999
2025-03-30T13:30:00.000+0000,791951.2420445604,139339.11435288057,999999.9999999999
2025-03-30T13:40:00.000+0000,791951.2420445604,139339.11435288057,999999.9999999999
2025-03-30T13:50:00.000+0000,791951.2420445604,139339.11435288057,999999.9999999999
2025-03-30T14:00:00.000+0000,791951.2420445604,139339.11435288057,999999.9999999999
2025-03-30T14:10:00.000+0000,791951.2420445604,139339.11435288057,999999.9999999999
2025-03-30T14:20:00.000+0000,791951.2420445604,139339.11435288057,999999.9999999999
2025-03-30T14:30:00.000+0000,791951.2420445604,139339.11435288057,999999.9999999999
2025-03-30T14:40:00.000+0000,791951.2420445604,139339.11435288057,999999.9999999999
2025-03-30T14:50:00.000+0000,791951.2420445604,139339.11435288057,999999.9999999999
2025-03-30T15:00:00.000+0000,791951.2420445604,139339.11435288057,999999.9999999999
2025-03-30T15:10:00.000+0000,791951.2420445604,139339.11435288057,999999.9999999999
2025-03-30T15:20:00.000+0000,791951.2420445604,139339.11435288057,999999.9999999999
2025-03-30T15:30:00.000+0000,791951.2420445604,139339.11435288057,999999.9999999999
2025-03-30T15:40:00.000+0000,791951.2420445604,139339.11435288057,999999.9999999999
2025-03-30T15:50:00.000+0000,791951.2420445604,139339.11435288057,999999.9999999999
2025-03-30T16:00:00.000+0000,791951.2420445604,139339.11435288057,999999.9999999999
2025-03-30T16:10:00.000+0000,791951.2420445604,139339.11435288057,999999.9999999999
2025-03-30T16:20:00.000+0000,791951.2420445604,139339.11435288057,999999.9999999999
2025-03-30T16:30:00.000+0000,791951.2420445604,139339.11435288057,999999.9999999999
2025-03-30T16:40:00.000+0000,791951.2420445604,139339.11435288057,999999.9999999999
2025-03-30T16:50:00.000+0000,791951.2420445604,139339.11435288057,999999.9999999999
2025-03-30T17:00:00.000+0000,791951.2420445604,139339.11435288057,999999.9999999999
2025-03-30T17:10:00.000+0000,791951.2420445604,139339.11435288057,999999.9999999999
2025-03-30T17:20:00.000+0000,791951.2420445604,139339.11435288057,999999.9999999999
2025-03-30T17:30:00.000+0000,791951.2420445604,139339.11435288057,999999.9999999999
2025-03-30T17:40:00.000+0000,791951.2420445604,139339.11435288057,999999.9999999999
2025-03-30T17:50:00.000+0000,791951.2420445604,139339.11435288057,999999.9999999999
2025-03-30T18:00:00.000+0000,791951.2420445604,139339.11435288057,999999.9999999999
2025-03-30T18:10:00.000+0000,791951.2420445604,139339.11435288057,999999.9999999999
2025-03-30T18:20:00.000+0000,791951.2420445604,139339.11435288057,999999.9999999999
2025-03-30T18:30:00.000+0000,791951.2420445604,139339.11435288057,999999.9999999999
2025-03-30T18:40:00.000+0000,791951.2420445604,139339.11435288057,999999.9999999999
2025-03-30T18:50:00.000+0000,791951.2420445604,139339.11435288057,999999.9999999999
2025-03-30T19:00:00.000+0000,791951.2420445604,139339.11435288057,999999.9999999999
2025-03-30T19:10:00.000+0000,791951.2420445604,139339.11435288057,999999.9999999999
2025-03-30T19:20:00.000+0000,791951.2420445604,139339.11435288057,999999.9999999999
2025-03-30T19:30:00.000+0000,791951.2420445604,139339.11435288057,999999.9999999999
2025-03-30T19:40:00.000+0000,791951.2420445604,139339.11435288057,999999.9999999999
2025-03-30T19:50:00.000+0000,791951.2420445604,139339.11435288057,999999.9999999999
2025-03-30T20:00:00.000+0000,791951.2420445604,139339.11435288057,999999.9999999999
2025-03-30T20:10:00.000+0000,791951.2420445604,139339.11435288057,999999.9999999999
2025-03-30T20:20:00.000+0000,791951.2420445604,139339.11435288057,999999.9999999999
2025-03-30T20:30:00.000+0000,791951.2420445604,139339.11435288057,999999.9999999999
2025-03-30T20:40:00.000+0000,791951.2420445604,139339.11435288057,999999.9999999999
2025-03-30T20:50:00.000+0000,791951.2420445604,139339.11435288057,999999.9999999999
2025-03-30T21:00:00.000+0000,791951.2420445604,139339.11435288057,999999.9999999999
2025-03-30T21:10:00.000+0000,791951.2420445604,139339.11435288057,999999.9999999999
2025-03-30T21:20:00.000+0000,791951.2420445604,139339.11435288057,999999.9999999999
2025-03-30T21:30:00.000+0000,791951.2420445604,139339.11435288057,999999.9999999999
2025-03-30T21:40:00.000+0000,791951.2420445604,139339.11435288057,999999.9999999999
2025-03-30T21:50:00.000+0000,791951.2420445604,139339.11435288057,999999.9999999999
2025-03-30T22:00:00.000+0000,791951.2420445604,139339.11435288057,999999.9999999999
2025-03-30T22:10:00.000+0000,791951.2420445604,139339.11435288057,999999.9999999999
2025-03-30T22:20:00.000+0000,791951.2420445604,139339.11435288057,999999.9999999999
2025-03-30T22:30:00.000+0000,791951.2420445604,139339.11435288057,999999.9999999999
2025-03-30T22:40:00.000+0000,791951.2420445604,139339.11435288057,999999.9999999999
2025-03-30T22:50:00.000+0000,791951.2420445604,139339.11435288057,999999.9999999999
2025-03-30T23:00:00.000+0000,791951.2420445604,139339.11435288057,999999.9999999999
2025-03-30T23:10:00.000+0000,791951.2420445604,139339.11435288057,999999.9999999999
2025-03-30T23:20:00.000+0000,791951.2420445604,139339.11435288057,999999.9999999999
2025-03-30T23:30:00.000+0000,791951.2420445604,139339.11435288057,999999.9999999999
2025-03-30T23:40:00.000+0000,791951.2420445604,139339.11435288057,999999.9999999999
2025-03-30T23:50:00.000+0000,791951.2420445604,139339.11435288057,999999.9999999999
2025-03-31T00:00:00.000+0000,791951.2420445604,139339.11435288057,999999.9999999999
2025-03-31T00:10:00.000+0000,791951.2420445604,139339.11435288057,999999.9999999999
2025-03-31T00:20:00.000+0000,791951.2420445604,139339.11435288057,999999.9999999999
2025-03-31T00:30:00.000+0000,791951.2420445604,139339.11435288057,999999.9999999999
2025-03-31T00:40:00.000+0000,791951.2420445604,139339.11435288057,999999.9999999999
2025-03-31T00:50:00.000+0000,791951.2420445604,139339.11435288057,999999.9999999999
2025-03-31T01:00:00.000+0000,791951.2420445604,139339.11435288057,999999.9999999999
2025-03-31T01:10:00.000+0000,791951.2420445604,139339.11435288057,999999.9999999999
2025-03-31T01:20:00.000+0000,791951.2420445604,139339.11435288057,999999.9999999999
2025-03-31T01:30:00.000+0000,791951.2420445604,139339.11435288057,999999.9999999999
2025-03-31T01:40:00.000+0000,791951.2420445604,139339.11435288057,999999.9999999999
2025-03-31T01:50:00.000+0000,791951.2420445604,139339.11435288057,999999.9999999999
2025-03-31T02:00:00.000+0000,791951.2420445604,139339.11435288057,999999.9999999999
2025-03-31T02:10:00.000+0000,791951.2420445604,139339.11435288057,999999.9999999999
2025-03-31T02:20:00.000+0000,791951.2420445604,139339.11435288057,999999.9999999999
2025-03-31T02:30:00.000+0000,791951.2420445604,139339.11435288057,999999.9999999999
2025-03-31T02:40:00.000+0000,791951.2420445604,139339.11435288057,999999.9999999999
2025-03-31T02:50:00.000+0000,791951.2420445604,139339.11435288057,999999.9999999999
2025-03-31T03:00:00.000+0000,791951.2420445604,139339.11435288057,999999.9999999999
2025-03-31T03:10:00.000+0000,791951.2420445604,139339.11435288057,999999.9999999999
2025-03-31T03:20:00.000+0000,791951.2420445604,139339.11435288057,999999.9999999999
2025-03-31T03:30:00.000+0000,791951.2420445604,139339.11435288057,999999.9999999999
2025-03-31T03:40:00.000+0000,791951.2420445604,139339.11435288057,999999.9999999999
2025-03-31T03:50:00.000+0000,791951.2420445604,139339.11435288057,999999.9999999999
2025-03-31T04:00:00.000+0000,791951.2420445604,139339.11435288057,999999.9999999999
2025-03-31T04:10:00.000+0000,791951.2420445604,139339.11435288057,999999.9999999999
2025-03-31T04:20:00.000+0000,791951.2420445604,139339.11435288057,999999.9999999999
2025-03-31T04:30:00.000+0000,791951.2420445604,139339.11435288057,999999.9999999999
2025-03-31T04:40:00.000+0000,791951.2420445604,139339.11435288057,999999.9999999999
2025-03-31T04:50:00.000+0000,791951.2420445604,139339.11435288057,999999.9999999999
2025-03-31T05:00:00.000+0000,791951.2420445604,139339.11435288057,999999.9999999999
2025-03-31T05:10:00.000+0000,791951.2420445604,139339.11435288057,999999.9999999999
2025-03-31T05:20:00.000+0000,791951.2420445604,139339.11435288057,999999.9999999999
2025-03-31T05:30:00.000+0000,791951.2420445604,139339.11435288057,999999.9999999999
2025-03-31T05:40:00.000+0000,791951.2420445604,139339.11435288057,999999.9999999999
2025-03-31T05:50:00.000+0000,791951.2420445604,139339.11435288057,999999.9999999999
2025-03-31T06:00:00.000+0000,791951.2420445604,139339.11435288057,999999.9999999999
2025-03-31T06:10:00.000+0000,791951.2420445604,139339.11435288057,999999.9999999999
2025-03-31T06:20:00.000+0000,791951.2420445604,139339.11435288057,999999.9999999999
2025-03-31T06:30:00.000+0000,791951.2420445604,139339.11435288057,999999.9999999999
2025-03-31T06:40:00.000+0000,791951.2420445604,139339.11435288057,999999.9999999999
2025-03-31T06:50:00.000+0000,791951.2420445604,139339.11435288057,999999.9999999999
2025-03-31T07:00:00.000+0000,791951.2420445604,139339.11435288057,999999.9999999999
2025-03-31T07:10:00.000+0000,791951.2420445604,139339.11435288057,999999.9999999999
2025-03-31T07:20:00.000+0000,791951.2420445604,139339.11435288057,999999.9999999999
2025-03-31T07:30:00.000+0000,791951.2420445604,139339.11435288057,999999.9999999999
2025-03-31T07:40:00.000+0000,791951.2420445604,139339.11435288057,999999.9999999999
2025-03-31T07:50:00.000+0000,791951.2420445604,139339.11435288057,999999.9999999999
2025-03-31T08:00:00.000+0000,791951.2420445604,139339.11435288057,999999.9999999999
2025-03-31T08:10:00.000+0000,791951.2420445604,139339.11435288057,999999.9999999999
2025-03-31T08:20:00.000+0000,791951.2420445604,139339.11435288057,999999.9999999999
2025-03-31T08:30:00.000+0000,791951.2420445604,139339.11435288057,999999.9999999999
2025-03-31T08:40:00.000+0000,791951.2420445604,139339.11435288057,999999.9999999999
2025-03-31T08:50:00.000+0000,791951.2420445604,139339.11435288057,999999.9999999999
2025-03-31T09:00:00.000+0000,791951.2420445604,139339.11435288057,999999.9999999999
2025-03-31T09:10:00.000+0000,791951.2420445604,139339.11435288057,999999.9999999999
2025-03-31T09:20:00.000+0000,791951.2420445604,139339.11435288057,999999.9999999999
2025-03-31T09:30:00.000+0000,791951.2420445604,139339.11435288057,999999.9999999999
2025-03-31T09:40:00.000+0000,791951.2420445604,139339.11435288057,999999.9999999999
2025-03-31T09:50:00.000+0000,791951.2420445604,139339.11435288057,999999.9999999999
2025-03-31T10:00:00.000+0000,791951.2420445604,139339.11435288057,999999.9999999999
2025-03-31T10:10:00.000+0000,791951.2420445604,139339.11435288057,999999.9999999999
2025-03-31T10:20:00.000+0000,791951.2420445604,139339.11435288057,999999.9999999999
2025-03-31T10:30:00.000+0000,791951.2420445604,139339.11435288057,999999.9999999999
2025-03-31T10:40:00.000+0000,791951.2420445604,139339.11435288057,999999.9999999999
2025-03-31T10:50:00.000+0000,791951.2420445604,139339.11435288057,999999.9999999999
2025-03-31T11:00:00.000+0000,791951.2420445604,139339.11435288057,999999.9999999999
2025-03-31T11:10:00.000+0000,791951.2420445604,139339.11435288057,999999.9999999999
2025-03-31T11:20:00.000+0000,791951.2420445604,139339.11435288057,999999.9999999999
2025-03-31T11:30:00.000+0000,791951.2420445604,139339.11435288057,999999.9999999999
2025-03-31T11:40:00.000+0000,791951.2420445604,139339.11435288057,999999.9999999999
2025-03-31T11:50:00.000+0000,791951.2420445604,139339.11435288057,999999.9999999999
2025-03-31T12:00:00.000+0000,791951.2420445604,139339.11435288057,999999.9999999999
2025-03-31T12:10:00.000+0000,791951.2420445604,139339.11435288057,999999.9999999999
2025-03-31T12:20:00.000+0000,791951.2420445604,139339.11435288057,999999.9999999999
2025-03-31T12:30:00.000+0000,791951.2420445604,139339.11435288057,999999.9999999999
2025-03-31T12:40:00.000+0000,791951.2420445604,139339.11435288057,999999.9999999999
2025-03-31T12:50:00.000+0000,791951.2420445604,139339.11435288057,999999.9999999999
2025-03-31T13:00:00.000+0000,791951.2420445604,139339.11435288057,999999.9999999999
2025-03-31T13:10:00.000+0000,791951.2420445604,139339.11435288057,999999.9999999999
2025-03-31T13:20:00.000+0000,791951.2420445604,139339.11435288057,999999.9999999999
2025-03-31T13:30:00.000+0000,791951.2420445604,139339.11435288057,999999.9999999999
2025-03-31T13:40:00.000+0000,791951.2420445604,139339.11435288057,999999.9999999999
2025-03-31T13:50:00.000+0000,791951.2420445604,139339.11435288057,999999.9999999999
2025-03-31T14:00:00.000+0000,791951.2420445604,139339.11435288057,999999.9999999999
2025-03-31T14:10:00.000+0000,791951.2420445604,139339.11435288057,999999.9999999999
2025-03-31T14:20:00.000+0000,791951.2420445604,139339.11435288057,999999.9999999999
2025-03-31T14:30:00.000+0000,791951.2420445604,139339.11435288057,999999.9999999999
2025-03-31T14:40:00.000+0000,791951.2420445604,139339.11435288057,999999.9999999999
2025-03-31T14:50:00.000+0000,791951.2420445604,139339.11435288057,999999.9999999999
2025-03-31T15:00:00.000+0000,791951.2420445604,139339.11435288057,999999.9999999999
2025-03-31T15:10:00.000+0000,791951.2420445604,139339.11435288057,999999.9999999999
2025-03-31T15:20:00.000+0000,791951.2420445604,139339.11435288057,999999.9999999999
2025-03-31T15:30:00.000+0000,791951.2420445604,139339.11435288057,999999.9999999999
2025-03-31T15:40:00.000+0000,791951.2420445604,139339.11435288057,999999.9999999999
2025-03-31T15:50:00.000+0000,791951.2420445604,139339.11435288057,999999.9999999999
2025-03-31T16:00:00.000+0000,791951.2420445604,139339.11435288057,999999.9999999999
2025-03-31T16:10:00.000+0000,791951.2420445604,139339.11435288057,999999.9999999999
2025-03-31T16:20:00.000+0000,791951.2420445604,139339.11435288057,999999.9999999999
2025-03-31T16:30:00.000+0000,791951.2420445604,139339.11435288057,999999.9999999999
2025-03-31T16:40:00.000+0000,791951.2420445604,139339.11435288057,999999.9999999999
2025-03-31T16:50:00.000+0000,791951.2420445604,139339.11435288057,999999.9999999999
2025-03-31T17:00:00.000+0000,791951.2420445604,139339.11435288057,999999.9999999999
2025-03-31T17:10:00.000+0000,791951.2420445604,139339.11435288057,999999.9999999999
2025-03-31T17:20:00.000+0000,791951.2420445604,139339.11435288057,999999.9999999999
2025-03-31T17:30:00.000+0000,791951.2420445604,139339.11435288057,999999.9999999999
2025-03-31T17:40:00.000+0000,791951.2420445604,139339.11435288057,999999.9999999999
2025-03-31T17:50:00.000+0000,791951.2420445604,139339.11435288057,999999.9999999999
2025-03-31T18:00:00.000+0000,791951.2420445604,139339.11435288057,999999.9999999999
2025-03-31T18:10:00.000+0000,791951.2420445604,139339.11435288057,999999.9999999999
2025-03-31T18:20:00.000+0000,791951.2420445604,139339.11435288057,999999.9999999999
2025-03-31T18:30:00.000+0000,791951.2420445604,139339.11435288057,999999.9999999999
2025-03-31T18:40:00.000+0000,791951.2420445604,139339.11435288057,999999.9999999999
2025-03-31T18:50:00.000+0000,791951.2420445604,139339.11435288057,999999.9999999999
2025-03-31T19:00:00.000+0000,791951.2420445604,139339.11435288057,999999.9999999999
2025-03-31T19:10:00.000+0000,791951.2420445604,139339.11435288057,999999.9999999999
2025-03-31T19:20:00.000+0000,791951.2420445604,139339.11435288057,999999.9999999999
2025-03-31T19:30:00.000+0000,791951.2420445604,139339.11435288057,999999.9999999999
2025-03-31T19:40:00.000+0000,791951.2420445604,139339.11435288057,999999.9999999999
2025-03-31T19:50:00.000+0000,791951.2420445604,139339.11435288057,999999.9999999999
2025-03-31T20:00:00.000+0000,791951.2420445604,139339.11435288057,999999.9999999999
2025-03-31T20:10:00.000+0000,791951.2420445604,139339.11435288057,999999.9999999999
2025-03-31T20:20:00.000+0000,791951.2420445604,139339.11435288057,999999.9999999999
2025-03-31T20:30:00.000+0000,791951.2420445604,139339.11435288057,999999.9999999999
2025-03-31T20:40:00.000+0000,791951.2420445604,139339.11435288057,999999.9999999999
2025-03-31T20:50:00.000+0000,791951.2420445604,139339.11435288057,999999.9999999999
2025-03-31T21:00:00.000+0000,791951.2420445604,139339.11435288057,999999.9999999999
2025-03-31T21:10:00.000+0000,791951.2420445604,139339.11435288057,999999.9999999999
2025-03-31T21:20:00.000+0000,791951.2420445604,139339.11435288057,999999.9999999999
2025-03-31T21:30:00.000+0000,791951.2420445604,139339.11435288057,999999.9999999999
2025-03-31T21:40:00.000+0000,791951.2420445604,139339.11435288057,999999.9999999999
2025-03-31T21:50:00.000+0000,791951.2420445604,139339.11435288057,999999.9999999999
2025-03-31T22:00:00.000+0000,791951.2420445604,139339.11435288057,999999.9999999999
2025-03-31T22:10:00.000+0000,791951.2420445604,139339.11435288057,999999.9999999999
2025-03-31T22:20:00.000+0000,791951.2420445604,139339.11435288057,999999.9999999999
2025-03-31T22:30:00.000+0000,791951.2420445604,139339.11435288057,999999.9999999999
2025-03-31T22:40:00.000+0000,791951.2420445604,139339.11435288057,999999.9999999999
2025-03-31T22:50:00.000+0000,791951.2420445604,139339.11435288057,999999.9999999999
2025-03-31T23:00:00.000+0000,791951.2420445604,139339.11435288057,999999.9999999999
2025-03-31T23:10:00.000+0000,791951.2420445604,139339.11435288057,999999.9999999999
2025-03-31T23:20:00.000+0000,791951.2420445604,139339.11435288057,999999.9999999999
2025-03-31T23:30:00.000+0000,791951.2420445604,139339.11435288057,999999.9999999999
2025-03-31T23:40:00.000+0000,791951.2420445604,139339.11435288057,999999.9999999999
2025-03-31T23:50:00.000+0000,791951.2420445604,139339.11435288057,999999.9999999999
2025-04-01T00:00:00.000+0000,791951.2420445604,139339.11435288057,999999.9999999999
2025-04-01T00:10:00.000+0000,791951.2420445604,139339.11435288057,999999.9999999999
2025-04-01T00:20:00.000+0000,791951.2420445604,139339.11435288057,999999.9999999999
2025-04-01T00:30:00.000+0000,791951.2420445604,139339.11435288057,999999.9999999999
2025-04-01T00:40:00.000+0000,791951.2420445604,139339.11435288057,999999.9999999999
2025-04-01T00:50:00.000+0000,791951.2420445604,139339.11435288057,999999.9999999999
2025-04-01T01:00:00.000+0000,791951.2420445604,139339.11435288057,999999.9999999999
2025-04-01T01:10:00.000+0000,791951.2420445604,139339.11435288057,999999.9999999999
2025-04-01T01:20:00.000+0000,791951.2420445604,139339.11435288057,999999.9999999999
2025-04-01T01:30:00.000+0000,791951.2420445604,139339.11435288057,999999.9999999999
2025-04-01T01:40:00.000+0000,791951.2420445604,139339.11435288057,999999.9999999999
2025-04-01T01:50:00.000+0000,791951.2420445604,139339.11435288057,999999.9999999999
2025-04-01T02:00:00.000+0000,791951.2420445604,139339.11435288057,999999.9999999999
2025-04-01T02:10:00.000+0000,791951.2420445604,139339.11435288057,999999.9999999999
2025-04-01T02:20:00.000+0000,791951.2420445604,139339.11435288057,999999.9999999999
2025-04-01T02:30:00.000+0000,791951.2420445604,139339.11435288057,999999.9999999999
2025-04-01T02:40:00.000+0000,791951.2420445604,139339.11435288057,999999.9999999999
2025-04-01T02:50:00.000+0000,791951.2420445604,139339.11435288057,999999.9999999999
2025-04-01T03:00:00.000+0000,791951.2420445604,139339.11435288057,999999.9999999999
2025-04-01T03:10:00.000+0000,791951.2420445604,139339.11435288057,999999.9999999999
2025-04-01T03:20:00.000+0000,791951.2420445604,139339.11435288057,999999.9999999999
2025-04-01T03:30:00.000+0000,791951.2420445604,139339.11435288057,999999.9999999999
2025-04-01T03:40:00.000+0000,791951.2420445604,139339.11435288057,999999.9999999999
2025-04-01T03:50:00.000+0000,791951.2420445604,139339.11435288057,999999.9999999999
2025-04-01T04:00:00.000+0000,791951.2420445604,139339.11435288057,999999.9999999999
2025-04-01T04:10:00.000+0000,791951.2420445604,139339.11435288057,999999.9999999999
2025-04-01T04:20:00.000+0000,791951.2420445604,139339.11435288057,999999.9999999999
2025-04-01T04:30:00.000+0000,791951.2420445604,139339.11435288057,999999.9999999999
2025-04-01T04:40:00.000+0000,791951.2420445604,139339.11435288057,999999.9999999999
2025-04-01T04:50:00.000+0000,791951.2420445604,139339.11435288057,999999.9999999999
2025-04-01T05:00:00.000+0000,791951.2420445604,139339.11435288057,999999.9999999999
2025-04-01T05:10:00.000+0000,791951.2420445604,139339.11435288057,999999.9999999999
2025-04-01T05:20:00.000+0000,791951.2420445604,139339.11435288057,999999.9999999999
2025-04-01T05:30:00.000+0000,791951.2420445604,139339.11435288057,999999.9999999999
2025-04-01T05:40:00.000+0000,791951.2420445604,139339.11435288057,999999.9999999999
2025-04-01T05:50:00.000+0000,791951.2420445604,139339.11435288057,999999.9999999999
2025-04-01T06:00:00.000+0000,791951.2420445604,139339.11435288057,999999.9999999999
2025-04-01T06:10:00.000+0000,791951.2420445604,139339.11435288057,999999.9999999999
2025-04-01T06:20:00.000+0000,791951.2420445604,139339.11435288057,999999.9999999999
2025-04-01T06:30:00.000+0000,791951.2420445604,139339.11435288057,999999.9999999999
2025-04-01T06:40:00.000+0000,791951.2420445604,139339.11435288057,999999.9999999999
2025-04-01T06:50:00.000+0000,791951.2420445604,139339.11435288057,999999.9999999999
2025-04-01T07:00:00.000+0000,791951.2420445604,139339.11435288057,999999.9999999999
2025-04-01T07:10:00.000+0000,791951.2420445604,139339.11435288057,999999.9999999999
2025-04-01T07:20:00.000+0000,791951.2420445604,139339.11435288057,999999.9999999999
2025-04-01T07:30:00.000+0000,791951.2420445604,139339.11435288057,999999.9999999999
2025-04-01T07:40:00.000+0000,791951.2420445604,139339.11435288057,999999.9999999999
2025-04-01T07:50:00.000+0000,791951.2420445604,139339.11435288057,999999.9999999999
2025-04-01T08:00:00.000+0000,791951.2420445604,139339.11435288057,999999.9999999999
2025-04-01T08:10:00.000+0000,791951.2420445604,139339.11435288057,999999.9999999999
2025-04-01T08:20:00.000+0000,791951.2420445604,139339.11435288057,999999.9999999999
2025-04-01T08:30:00.000+0000,791951.2420445604,139339.11435288057,999999.9999999999
2025-04-01T08:40:00.000+0000,791951.2420445604,139339.11435288057,999999.9999999999
2025-04-01T08:50:00.000+0000,791951.2420445604,139339.11435288057,999999.9999999999
2025-04-01T09:00:00.000+0000,791951.2420445604,139339.11435288057,999999.9999999999
2025-04-01T09:10:00.000+0000,791951.2420445604,139339.11435288057,999999.9999999999
2025-04-01T09:20:00.000+0000,791951.2420445604,139339.11435288057,999999.9999999999
2025-04-01T09:30:00.000+0000,791951.2420445604,139339.11435288057,999999.9999999999
2025-04-01T09:40:00.000+0000,791951.2420445604,139339.11435288057,999999.9999999999
2025-04-01T09:50:00.000+0000,791951.2420445604,139339.11435288057,999999.9999999999
2025-04-01T10:00:00.000+0000,791951.2420445604,139339.11435288057,999999.9999999999
2025-04-01T10:10:00.000+0000,791951.2420445604,139339.11435288057,999999.9999999999
2025-04-01T10:20:00.000+0000,791951.2420445604,139339.11435288057,999999.9999999999
2025-04-01T10:30:00.000+0000,791951.2420445604,139339.11435288057,999999.9999999999
2025-04-01T10:40:00.000+0000,791951.2420445604,139339.11435288057,999999.9999999999
2025-04-01T10:50:00.000+0000,791951.2420445604,139339.11435288057,999999.9999999999
2025-04-01T11:00:00.000+0000,791951.2420445604,139339.11435288057,999999.9999999999
2025-04-01T11:10:00.000+0000,791951.2420445604,139339.11435288057,999999.9999999999
2025-04-01T11:20:00.000+0000,791951.2420445604,139339.11435288057,999999.9999999999
2025-04-01T11:30:00.000+0000,791951.2420445604,139339.11435288057,999999.9999999999
2025-04-01T11:40:00.000+0000,791951.2420445604,139339.11435288057,999999.9999999999
2025-04-01T11:50:00.000+0000,791951.2420445604,139339.11435288057,999999.9999999999
2025-04-01T12:00:00.000+0000,791951.2420445604,139339.11435288057,999999.9999999999
2025-04-01T12:10:00.000+0000,791951.2420445604,139339.11435288057,999999.9999999999
2025-04-01T12:20:00.000+0000,791951.2420445604,139339.11435288057,999999.9999999999
2025-04-01T12:30:00.000+0000,791951.2420445604,139339.11435288057,999999.9999999999
2025-04-01T12:40:00.000+0000,791951.2420445604,139339.11435288057,999999.9999999999
2025-04-01T12:50:00.000+0000,791951.2420445604,139339.11435288057,999999.9999999999
2025-04-01T13:00:00.000+0000,791951.2420445604,139339.11435288057,999999.9999999999
2025-04-01T13:10:00.000+0000,791951.2420445604,139339.11435288057,999999.9999999999
2025-04-01T13:20:00.000+0000,791951.2420445604,139339.11435288057,999999.9999999999
2025-04-01T13:30:00.000+0000,791951.2420445604,139339.11435288057,999999.9999999999
2025-04-01T13:40:00.000+0000,791951.2420445604,139339.11435288057,999999.9999999999
2025-04-01T13:50:00.000+0000,791951.2420445604,139339.11435288057,999999.9999999999
2025-04-01T14:00:00.000+0000,791951.2420445604,139339.11435288057,999999.9999999999
2025-04-01T14:10:00.000+0000,791951.2420445604,139339.11435288057,999999.9999999999
2025-04-01T14:20:00.000+0000,791951.2420445604,139339.11435288057,999999.9999999999
2025-04-01T14:30:00.000+0000,791951.2420445604,139339.11435288057,999999.9999999999
2025-04-01T14:40:00.000+0000,791951.2420445604,139339.11435288057,999999.9999999999
2025-04-01T14:50:00.000+0000,791951.2420445604,139339.11435288057,999999.9999999999
2025-04-01T15:00:00.000+0000,791951.2420445604,139339.11435288057,999999.9999999999
2025-04-01T15:10:00.000+0000,791951.2420445604,139339.11435288057,999999.9999999999
2025-04-01T15:20:00.000+0000,791951.2420445604,139339.11435288057,999999.9999999999
2025-04-01T15:30:00.000+0000,791951.2420445604,139339.11435288057,999999.9999999999
2025-04-01T15:40:00.000+0000,791951.2420445604,139339.11435288057,999999.9999999999
2025-04-01T15:50:00.000+0000,791951.2420445604,139339.11435288057,999999.9999999999
2025-04-01T16:00:00.000+0000,791951.2420445604,139339.11435288057,999999.9999999999
2025-04-01T16:10:00.000+0000,791951.2420445604,139339.11435288057,999999.9999999999
2025-04-01T16:20:00.000+0000,791951.2420445604,139339.11435288057,999999.9999999999
2025-04-01T16:30:00.000+0000,791951.2420445604,139339.11435288057,999999.9999999999
2025-04-01T16:40:00.000+0000,791951.2420445604,139339.11435288057,999999.9999999999
2025-04-01T16:50:00.000+0000,791951.2420445604,139339.11435288057,999999.9999999999
2025-04-01T17:00:00.000+0000,791951.2420445604,139339.11435288057,999999.9999999999
2025-04-01T17:10:00.000+0000,791951.2420445604,139339.11435288057,999999.9999999999
2025-04-01T17:20:00.000+0000,791951.2420445604,139339.11435288057,999999.9999999999
2025-04-01T17:30:00.000+0000,791951.2420445604,139339.11435288057,999999.9999999999
2025-04-01T17:40:00.000+0000,791951.2420445604,139339.11435288057,999999.9999999999
2025-04-01T17:50:00.000+0000,791951.2420445604,139339.11435288057,999999.9999999999
2025-04-01T18:00:00.000+0000,791951.2420445604,139339.11435288057,999999.9999999999
2025-04-01T18:10:00.000+0000,791951.2420445604,139339.11435288057,999999.9999999999
2025-04-01T18:20:00.000+0000,791951.2420445604,139339.11435288057,999999.9999999999
2025-04-01T18:30:00.000+0000,791951.2420445604,139339.11435288057,999999.9999999999
2025-04-01T18:40:00.000+0000,791951.2420445604,139339.11435288057,999999.9999999999
2025-04-01T18:50:00.000+0000,791951.2420445604,139339.11435288057,999999.9999999999
2025-04-01T19:00:00.000+0000,791951.2420445604,139339.11435288057,999999.9999999999
2025-04-01T19:10:00.000+0000,791951.2420445604,139339.11435288057,999999.9999999999
2025-04-01T19:20:00.000+0000,791951.2420445604,139339.11435288057,999999.9999999999
2025-04-01T19:30:00.000+0000,791951.2420445604,139339.11435288057,999999.9999999999
2025-04-01T19:40:00.000+0000,791951.2420445604,139339.11435288057,999999.9999999999
2025-04-01T19:50:00.000+0000,791951.2420445604,139339.11435288057,999999.9999999999
2025-04-01T20:00:00.000+0000,791951.2420445604,139339.11435288057,999999.9999999999
2025-04-01T20:10:00.000+0000,791951.2420445604,139339.11435288057,999999.9999999999
2025-04-01T20:20:00.000+0000,791951.2420445604,139339.11435288057,999999.9999999999
2025-04-01T20:30:00.000+0000,791951.2420445604,139339.11435288057,999999.9999999999
2025-04-01T20:40:00.000+0000,791951.2420445604,139339.11435288057,999999.9999999999
2025-04-01T20:50:00.000+0000,791951.2420445604,139339.11435288057,999999.9999999999
2025-04-01T21:00:00.000+0000,791951.2420445604,139339.11435288057,999999.9999999999
2025-04-01T21:10:00.000+0000,791951.2420445604,139339.11435288057,999999.9999999999
2025-04-01T21:20:00.000+0000,791951.2420445604,139339.11435288057,999999.9999999999
2025-04-01T21:30:00.000+0000,791951.2420445604,139339.11435288057,999999.9999999999
2025-04-01T21:40:00.000+0000,791951.2420445604,139339.11435288057,999999.9999999999
2025-04-01T21:50:00.000+0000,791951.2420445604,139339.11435288057,999999.9999999999
2025-04-01T22:00:00.000+0000,791951.2420445604,139339.11435288057,999999.9999999999
2025-04-01T22:10:00.000+0000,791951.2420445604,139339.11435288057,999999.9999999999
2025-04-01T22:20:00.000+0000,791951.2420445604,139339.11435288057,999999.9999999999
2025-04-01T22:30:00.000+0000,791951.2420445604,139339.11435288057,999999.9999999999
2025-04-01T22:40:00.000+0000,791951.2420445604,139339.11435288057,999999.9999999999
2025-04-01T22:50:00.000+0000,791951.2420445604,139339.11435288057,999999.9999999999
2025-04-01T23:00:00.000+0000,791951.2420445604,139339.11435288057,999999.9999999999
2025-04-01T23:10:00.000+0000,791951.2420445604,139339.11435288057,999999.9999999999
2025-04-01T23:20:00.000+0000,791951.2420445604,139339.11435288057,999999.9999999999
2025-04-01T23:30:00.000+0000,791951.2420445604,139339.11435288057,999999.9999999999
2025-04-01T23:40:00.000+0000,791951.2420445604,139339.11435288057,999999.9999999999
2025-04-01T23:50:00.000+0000,791951.2420445604,139339.11435288057,999999.9999999999
2025-04-02T00:00:00.000+0000,791951.2420445604,139339.11435288057,999999.9999999999
2025-04-02T00:10:00.000+0000,791951.2420445604,139339.11435288057,999999.9999999999
2025-04-02T00:20:00.000+0000,791951.2420445604,139339.11435288057,999999.9999999999
2025-04-02T00:30:00.000+0000,791951.2420445604,139339.11435288057,999999.9999999999
2025-04-02T00:40:00.000+0000,791951.2420445604,139339.11435288057,999999.9999999999
2025-04-02T00:50:00.000+0000,791951.2420445604,139339.11435288057,999999.9999999999
2025-04-02T01:00:00.000+0000,791951.2420445604,139339.11435288057,999999.9999999999
2025-04-02T01:10:00.000+0000,791951.2420445604,139339.11435288057,999999.9999999999
2025-04-02T01:20:00.000+0000,791951.2420445604,139339.11435288057,999999.9999999999
2025-04-02T01:30:00.000+0000,791951.2420445604,139339.11435288057,999999.9999999999
2025-04-02T01:40:00.000+0000,791951.2420445604,139339.11435288057,999999.9999999999
2025-04-02T01:50:00.000+0000,791951.2420445604,139339.11435288057,999999.9999999999
2025-04-02T02:00:00.000+0000,791951.2420445604,139339.11435288057,999999.9999999999
2025-04-02T02:10:00.000+0000,791951.2420445604,139339.11435288057,999999.9999999999
2025-04-02T02:20:00.000+0000,791951.2420445604,139339.11435288057,999999.9999999999
2025-04-02T02:30:00.000+0000,791951.2420445604,139339.11435288057,999999.9999999999
2025-04-02T02:40:00.000+0000,791951.2420445604,139339.11435288057,999999.9999999999
2025-04-02T02:50:00.000+0000,791951.2420445604,139339.11435288057,999999.9999999999
2025-04-02T03:00:00.000+0000,791951.2420445604,139339.11435288057,999999.9999999999
2025-04-02T03:10:00.000+0000,791951.2420445604,139339.11435288057,999999.9999999999
2025-04-02T03:20:00.000+0000,791951.2420445604,139339.11435288057,999999.9999999999
2025-04-02T03:30:00.000+0000,791951.2420445604,139339.11435288057,999999.9999999999
2025-04-02T03:40:00.000+0000,791951.2420445604,139339.11435288057,999999.9999999999
2025-04-02T03:50:00.000+0000,791951.2420445604,139339.11435288057,999999.9999999999
2025-04-02T04:00:00.000+0000,791951.2420445604,139339.11435288057,999999.9999999999
2025-04-02T04:10:00.000+0000,791951.2420445604,139339.11435288057,999999.9999999999
2025-04-02T04:20:00.000+0000,791951.2420445604,139339.11435288057,999999.9999999999
2025-04-02T04:30:00.000+0000,791951.2420445604,139339.11435288057,999999.9999999999
2025-04-02T04:40:00.000+0000,791951.2420445604,139339.11435288057,999999.9999999999
2025-04-02T04:50:00.000+0000,791951.2420445604,139339.11435288057,999999.9999999999
2025-04-02T05:00:00.000+0000,791951.2420445604,139339.11435288057,999999.9999999999
2025-04-02T05:10:00.000+0000,791951.2420445604,139339.11435288057,999999.9999999999
2025-04-02T05:20:00.000+0000,791951.2420445604,139339.11435288057,999999.9999999999
2025-04-02T05:30:00.000+0000,791951.2420445604,139339.11435288057,999999.9999999999
2025-04-02T05:40:00.000+0000,791951.2420445604,139339.11435288057,999999.9999999999
2025-04-02T05:50:00.000+0000,791951.2420445604,139339.11435288057,999999.9999999999
2025-04-02T06:00:00.000+0000,791951.2420445604,139339.11435288057,999999.9999999999
2025-04-02T06:10:00.000+0000,791951.2420445604,139339.11435288057,999999.9999999999
2025-04-02T06:20:00.000+0000,791951.2420445604,139339.11435288057,999999.9999999999
2025-04-02T06:30:00.000+0000,791951.2420445604,139339.11435288057,999999.9999999999
2025-04-02T06:40:00.000+0000,791951.2420445604,139339.11435288057,999999.9999999999
2025-04-02T06:50:00.000+0000,791951.2420445604,139339.11435288057,999999.9999999999
2025-04-02T07:00:00.000+0000,791951.2420445604,139339.11435288057,999999.9999999999
2025-04-02T07:10:00.000+0000,791951.2420445604,139339.11435288057,999999.9999999999
2025-04-02T07:20:00.000+0000,791951.2420445604,139339.11435288057,999999.9999999999
2025-04-02T07:30:00.000+0000,791951.2420445604,139339.11435288057,999999.9999999999
2025-04-02T07:40:00.000+0000,791951.2420445604,139339.11435288057,999999.9999999999
2025-04-02T07:50:00.000+0000,791951.2420445604,139339.11435288057,999999.9999999999
2025-04-02T08:00:00.000+0000,791951.2420445604,139339.11435288057,999999.9999999999
2025-04-02T08:10:00.000+0000,791951.2420445604,139339.11435288057,999999.9999999999
2025-04-02T08:20:00.000+0000,791951.2420445604,139339.11435288057,999999.9999999999
2025-04-02T08:30:00.000+0000,791951.2420445604,139339.11435288057,999999.9999999999
2025-04-02T08:40:00.000+0000,791951.2420445604,139339.11435288057,999999.9999999999
2025-04-02T08:50:00.000+0000,791951.2420445604,139339.11435288057,999999.9999999999
2025-04-02T09:00:00.000+0000,791951.2420445604,139339.11435288057,999999.9999999999
2025-04-02T09:10:00.000+0000,791951.2420445604,139339.11435288057,999999.9999999999
2025-04-02T09:20:00.000+0000,791951.2420445604,139339.11435288057,999999.9999999999
2025-04-02T09:30:00.000+0000,791951.2420445604,139339.11435288057,999999.9999999999
2025-04-02T09:40:00.000+0000,791951.2420445604,139339.11435288057,999999.9999999999
2025-04-02T09:50:00.000+0000,791951.2420445604,139339.11435288057,999999.9999999999
2025-04-02T10:00:00.000+0000,791951.2420445604,139339.11435288057,999999.9999999999
2025-04-02T10:10:00.000+0000,791951.2420445604,139339.11435288057,999999.9999999999
2025-04-02T10:20:00.000+0000,791951.2420445604,139339.11435288057,999999.9999999999
2025-04-02T10:30:00.000+0000,791951.2420445604,139339.11435288057,999999.9999999999
2025-04-02T10:40:00.000+0000,791951.2420445604,139339.11435288057,999999.9999999999
2025-04-02T10:50:00.000+0000,791951.2420445604,139339.11435288057,999999.9999999999
2025-04-02T11:00:00.000+0000,791951.2420445604,139339.11435288057,999999.9999999999
2025-04-02T11:10:00.000+0000,791951.2420445604,139339.11435288057,999999.9999999999
2025-04-02T11:20:00.000+0000,791951.2420445604,139339.11435288057,999999.9999999999
2025-04-02T11:30:00.000+0000,791951.2420445604,139339.11435288057,999999.9999999999
2025-04-02T11:40:00.000+0000,791951.2420445604,139339.11435288057,999999.9999999999
2025-04-02T11:50:00.000+0000,791951.2420445604,139339.11435288057,999999.9999999999
2025-04-02T12:00:00.000+0000,791951.2420445604,139339.11435288057,999999.9999999999
2025-04-02T12:10:00.000+0000,791951.2420445604,139339.11435288057,999999.9999999999
2025-04-02T12:20:00.000+0000,791951.2420445604,139339.11435288057,999999.9999999999
2025-04-02T12:30:00.000+0000,791951.2420445604,139339.11435288057,999999.9999999999
2025-04-02T12:40:00.000+0000,791951.2420445604,139339.11435288057,999999.9999999999
2025-04-02T12:50:00.000+0000,791951.2420445604,139339.11435288057,999999.9999999999
2025-04-02T13:00:00.000+0000,791951.2420445604,139339.11435288057,999999.9999999999
2025-04-02T13:10:00.000+0000,791951.2420445604,139339.11435288057,999999.9999999999
2025-04-02T13:20:00.000+0000,791951.2420445604,139339.11435288057,999999.9999999999
2025-04-02T13:30:00.000+0000,791951.2420445604,139339.11435288057,999999.9999999999
2025-04-02T13:40:00.000+0000,791951.2420445604,139339.11435288057,999999.9999999999
2025-04-02T13:50:00.000+0000,791951.2420445604,139339.11435288057,999999.9999999999
2025-04-02T14:00:00.000+0000,791951.2420445604,139339.11435288057,999999.9999999999
2025-04-02T14:10:00.000+0000,791951.2420445604,139339.11435288057,999999.9999999999
2025-04-02T14:20:00.000+0000,791951.2420445604,139339.11435288057,999999.9999999999
2025-04-02T14:30:00.000+0000,791951.2420445604,139339.11435288057,999999.9999999999
2025-04-02T14:40:00.000+0000,791951.2420445604,139339.11435288057,999999.9999999999
2025-04-02T14:50:00.000+0000,791951.2420445604,139339.11435288057,999999.9999999999
2025-04-02T15:00:00.000+0000,791951.2420445604,139339.11435288057,999999.9999999999
2025-04-02T15:10:00.000+0000,791951.2420445604,139339.11435288057,999999.9999999999
2025-04-02T15:20:00.000+0000,791951.2420445604,139339.11435288057,999999.9999999999
2025-04-02T15:30:00.000+0000,791951.2420445604,139339.11435288057,999999.9999999999
2025-04-02T15:40:00.000+0000,791951.2420445604,139339.11435288057,999999.9999999999
2025-04-02T15:50:00.000+0000,791951.2420445604,139339.11435288057,999999.9999999999
2025-04-02T16:00:00.000+0000,791951.2420445604,139339.11435288057,999999.9999999999
2025-04-02T16:10:00.000+0000,791951.2420445604,139339.11435288057,999999.9999999999
2025-04-02T16:20:00.000+0000,791951.2420445604,139339.11435288057,999999.9999999999
2025-04-02T16:30:00.000+0000,791951.2420445604,139339.11435288057,999999.9999999999
2025-04-02T16:40:00.000+0000,791951.2420445604,139339.11435288057,999999.9999999999
2025-04-02T16:50:00.000+0000,791951.2420445604,139339.11435288057,999999.9999999999
2025-04-02T17:00:00.000+0000,791951.2420445604,139339.11435288057,999999.9999999999
2025-04-02T17:10:00.000+0000,791951.2420445604,139339.11435288057,999999.9999999999
2025-04-02T17:20:00.000+0000,791951.2420445604,139339.11435288057,999999.9999999999
2025-04-02T17:30:00.000+0000,791951.2420445604,139339.11435288057,999999.9999999999
2025-04-02T17:40:00.000+0000,791951.2420445604,139339.11435288057,999999.9999999999
2025-04-02T17:50:00.000+0000,791951.2420445604,139339.11435288057,999999.9999999999
2025-04-02T18:00:00.000+0000,791951.2420445604,139339.11435288057,999999.9999999999
2025-04-02T18:10:00.000+0000,791951.2420445604,139339.11435288057,999999.9999999999
2025-04-02T18:20:00.000+0000,791951.2420445604,139339.11435288057,999999.9999999999
2025-04-02T18:30:00.000+0000,791951.2420445604,139339.11435288057,999999.9999999999
2025-04-02T18:40:00.000+0000,791951.2420445604,139339.11435288057,999999.9999999999
2025-04-02T18:50:00.000+0000,791951.2420445604,139339.11435288057,999999.9999999999
2025-04-02T19:00:00.000+0000,791951.2420445604,139339.11435288057,999999.9999999999
2025-04-02T19:10:00.000+0000,791951.2420445604,139339.11435288057,999999.9999999999
2025-04-02T19:20:00.000+0000,791951.2420445604,139339.11435288057,999999.9999999999
2025-04-02T19:30:00.000+0000,791951.2420445604,139339.11435288057,999999.9999999999
2025-04-02T19:40:00.000+0000,791951.2420445604,139339.11435288057,999999.9999999999
2025-04-02T19:50:00.000+0000,792993.691217521,139339.11435288057,1001463.2053029134
2025-04-02T20:00:00.000+0000,790444.5081967205,139339.11435288057,1000958.7793212394
2025-04-02T20:10:00.000+0000,785570.3894136805,139339.11435288057,993353.4788388573
2025-04-02T20:20:00.000+0000,788329.5623080808,139339.11435288057,993872.5162567087
2025-04-02T20:30:00.000+0000,783398.6581896804,139339.11435288057,984967.5449864719
2025-04-02T20:40:00.000+0000,780132.4232696804,139339.11435288057,981511.091497816
2025-04-02T20:50:00.000+0000,783235.6439055207,139339.11435288057,986253.8179126799
2025-04-02T21:00:00.000+0000,775915.8406365608,139339.11435288057,973386.3322957599
2025-04-02T21:10:00.000+0000,775936.7720780007,139339.11435288057,970312.7145460143
2025-04-02T21:20:00.000+0000,776948.9918538404,139339.11435288057,970597.3332766711
2025-04-02T21:30:00.000+0000,777256.9700740003,139339.11435288057,971617.6570077213
2025-04-02T21:40:00.000+0000,777589.7610280805,139339.11435288057,972084.3753174548
2025-04-02T21:50:00.000+0000,776322.7892170408,139339.11435288057,971211.8749612357
2025-04-02T22:00:00.000+0000,772092.0972804005,139339.11435288057,963377.4803449803
2025-04-02T22:10:00.000+0000,763486.3417968807,139339.11435288057,951625.2547867014
2025-04-02T22:20:00.000+0000,761861.3012701606,139339.11435288057,950040.5750163066
2025-04-02T22:30:00.000+0000,759039.2275367205,139339.11435288057,944669.6351687831
2025-04-02T22:40:00.000+0000,753791.0004799205,139339.11435288057,937923.1171490375
2025-04-02T22:50:00.000+0000,754463.5396178404,139339.11435288057,936726.5769144958
2025-04-02T23:00:00.000+0000,750361.9928823207,139339.11435288057,933103.1571837286
2025-04-02T23:10:00.000+0000,750299.3544332003,139339.11435288057,932498.0932778644
2025-04-02T23:20:00.000+0000,750478.0523604003,139339.11435288057,933348.5387049417
2025-04-02T23:30:00.000+0000,754618.7965128806,139339.11435288057,937188.5469894563
2025-04-02T23:40:00.000+0000,754572.1170863204,139339.11435288057,936001.556363288
2025-04-02T23:50:00.000+0000,753812.5839992804,139339.11435288057,932480.3521445044
2025-04-03T00:00:00.000+0000,752367.4858034404,139339.11435288057,928203.5536536102
2025-04-03T00:10:00.000+0000,757276.7050836005,139339.11435288057,935684.8305289027
2025-04-03T00:20:00.000+0000,759880.5535370403,139339.11435288057,941031.0799726079
2025-04-03T00:30:00.000+0000,760994.6429519204,139339.11435288057,942645.652968953
2025-04-03T00:40:00.000+0000,761400.1782639202,139339.11435288057,943084.8460262935
2025-04-03T00:50:00.000+0000,760551.7469524005,139339.11435288057,942224.5990682694
2025-04-03T01:00:00.000+0000,761728.1448805605,139339.11435288057,944439.3043697766
2025-04-03T01:10:00.000+0000,762673.9384399207,139339.11435288057,945167.9973739617
2025-04-03T01:20:00.000+0000,762980.9814088803,139339.11435288057,944300.9252466105
2025-04-03T01:30:00.000+0000,764120.5304397605,139339.11435288057,946376.9056731126
2025-04-03T01:40:00.000+0000,763567.4618488803,139339.11435288057,946649.6167752726
2025-04-03T01:50:00.000+0000,764726.9057511205,139339.11435288057,948112.4235004545
2025-04-03T02:00:00.000+0000,763977.1953996005,139339.11435288057,947675.118404485
2025-04-03T02:10:00.000+0000,762577.4516911209,139339.11435288057,945134.4054385556
2025-04-03T02:20:00.000+0000,762421.3063074407,139339.11435288057,944974.6663687371
2025-04-03T02:30:00.000+0000,762862.9241303207,139339.11435288057,946212.2808708625
2025-04-03T02:40:00.000+0000,763935.4208460005,139339.11435288057,948642.674673182
2025-04-03T02:50:00.000+0000,764612.7167754406,139339.11435288057,949832.6681946653
2025-04-03T03:00:00.000+0000,764104.9351260005,139339.11435288057,948965.2803458408
2025-04-03T03:10:00.000+0000,763566.7759980006,139339.11435288057,948451.2589768169
2025-04-03T03:20:00.000+0000,764628.0704826403,139339.11435288057,950261.9404491072
2025-04-03T03:30:00.000+0000,762951.1027309608,139339.11435288057,948492.93119603
2025-04-03T03:40:00.000+0000,762249.9760813602,139339.11435288057,947368.4677995713
2025-04-03T03:50:00.000+0000,762798.8126605606,139339.11435288057,947565.950143232
2025-04-03T04:00:00.000+0000,763639.4528100006,139339.11435288057,946994.1090888327
2025-04-03T04:10:00.000+0000,764156.6675069606,139339.11435288057,947703.2255648207
2025-04-03T04:20:00.000+0000,764022.2874970406,139339.11435288057,946797.8298832697
2025-04-03T04:30:00.000+0000,764125.5366316007,139339.11435288057,946381.8954476025
2025-04-03T04:40:00.000+0000,766066.3595301604,139339.11435288057,949358.5139218825
2025-04-03T04:50:00.000+0000,767719.8732600806,139339.11435288057,951422.6239850922
2025-04-03T05:00:00.000+0000,767909.1005570404,139339.11435288057,951283.7557279575
2025-04-03T05:10:00.000+0000,767520.8699901605,139339.11435288057,950358.4508856803
2025-04-03T05:20:00.000+0000,766472.3858490406,139339.11435288057,948773.6478279468
2025-04-03T05:30:00.000+0000,764789.2350477608,139339.11435288057,947242.227909044
2025-04-03T05:40:00.000+0000,764060.0118933606,139339.11435288057,946976.8316288964
2025-04-03T05:50:00.000+0000,762952.4484535204,139339.11435288057,944646.960252702
2025-04-03T06:00:00.000+0000,763314.9440248804,139339.11435288057,944745.5706429962
2025-04-03T06:10:00.000+0000,762667.9918010405,139339.11435288057,943428.900350616
2025-04-03T06:20:00.000+0000,763302.3960712806,139339.11435288057,944042.700683563
2025-04-03T06:30:00.000+0000,762862.9449136804,139339.11435288057,942883.1693824444
2025-04-03T06:40:00.000+0000,762692.2200029606,139339.11435288057,943076.2687835272
2025-04-03T06:50:00.000+0000,760399.9894556005,139339.11435288057,939845.6457484326
2025-04-03T07:00:00.000+0000,760994.4559016806,139339.11435288057,941201.9764925995
2025-04-03T07:10:00.000+0000,758097.0476840809,139339.11435288057,939242.9205816938
2025-04-03T07:20:00.000+0000,758237.7588250404,139339.11435288057,938927.6736945154
2025-04-03T07:30:00.000+0000,759293.0183415208,139339.11435288057,940916.0658473982
2025-04-03T07:40:00.000+0000,758326.6908224806,139339.11435288057,940016.4535276953
2025-04-03T07:50:00.000+0000,758091.7193501606,139339.11435288057,940363.9959016326
2025-04-03T08:00:00.000+0000,760659.5658282405,139339.11435288057,943870.0169533708
2025-04-03T08:10:00.000+0000,761528.0738655205,139339.11435288057,943881.3855999601
2025-04-03T08:20:00.000+0000,761038.8751378409,139339.11435288057,943632.590559541
2025-04-03T08:30:00.000+0000,761155.7217856805,139339.11435288057,943685.817992866
2025-04-03T08:40:00.000+0000,761778.1704280804,139339.11435288057,945250.8094573086
2025-04-03T08:50:00.000+0000,761321.9393052004,139339.11435288057,944416.0497099134
2025-04-03T09:00:00.000+0000,760955.0974136806,139339.11435288057,944194.6694945002
2025-04-03T09:10:00.000+0000,760422.5497928804,139339.11435288057,943370.2371406493
2025-04-03T09:20:00.000+0000,760040.6503570407,139339.11435288057,942844.5123462052
2025-04-03T09:30:00.000+0000,760586.6006471205,139339.11435288057,943786.5762800185
2025-04-03T09:40:00.000+0000,759592.3714672802,139339.11435288057,942410.6582761459
2025-04-03T09:50:00.000+0000,757933.8723288807,139339.11435288057,939918.9843456827
2025-04-03T10:00:00.000+0000,757946.0098111203,139339.11435288057,940321.3547599057
2025-04-03T10:10:00.000+0000,758265.3045708007,139339.11435288057,941012.2744420241
2025-04-03T10:20:00.000+0000,754700.2283152805,139339.11435288057,935275.7444696531
2025-04-03T10:30:00.000+0000,754040.8424463207,139339.11435288057,932768.122187567
2025-04-03T10:40:00.000+0000,751963.3585640806,139339.11435288057,930521.4092367103
2025-04-03T10:50:00.000+0000,751573.8498205605,139339.11435288057,930881.8249422061
2025-04-03T11:00:00.000+0000,750705.4898647205,139339.11435288057,929015.1382886532
2025-04-03T11:10:00.000+0000,753245.1593024804,139339.11435288057,932107.1804031652
2025-04-03T11:20:00.000+0000,752459.8912199205,139339.11435288057,930868.3719025833
2025-04-03T11:30:00.000+0000,752086.6844244006,139339.11435288057,930766.9306791007
2025-04-03T11:40:00.000+0000,752780.4641562403,139339.11435288057,930393.8512287363
2025-04-03T11:50:00.000+0000,752257.6249624805,139339.11435288057,929905.9999888127
2025-04-03T12:00:00.000+0000,751514.1652064808,139339.11435288057,928741.7461549654
2025-04-03T12:10:00.000+0000,753108.1891663204,139339.11435288057,929466.3132634006
2025-04-03T12:20:00.000+0000,750080.5991775205,139339.11435288057,925003.9095082604
2025-04-03T12:30:00.000+0000,750399.5640013604,139339.11435288057,923710.5509049452
2025-04-03T12:40:00.000+0000,738378.6270504803,139339.11435288057,911107.7429585059
2025-04-03T12:50:00.000+0000,740676.5028780006,139339.11435288057,913364.9427822994
2025-04-03T13:00:00.000+0000,739791.3967298404,139339.11435288057,912343.014670402
2025-04-03T13:10:00.000+0000,741887.9883136809,139339.11435288057,914541.9220136141
2025-04-03T13:20:00.000+0000,741955.2354728808,139339.11435288057,913836.3471912085
2025-04-03T13:30:00.000+0000,746191.0946724006,139339.11435288057,919711.6542921839
2025-04-03T13:40:00.000+0000,747939.7572223207,139339.11435288057,920917.1976054177
2025-04-03T13:50:00.000+0000,748613.8369268007,139339.11435288057,922874.9150090104
2025-04-03T14:00:00.000+0000,743300.7242200805,139339.11435288057,915727.1367333832
2025-04-03T14:10:00.000+0000,742454.2439464806,139339.11435288057,913613.9704821522
2025-04-03T14:20:00.000+0000,743730.7631135206,139339.11435288057,915238.3576100371
2025-04-03T14:30:00.000+0000,743051.9603904802,139339.11435288057,914049.9177898106
2025-04-03T14:40:00.000+0000,740845.3313071204,139339.11435288057,911319.6022991197
2025-04-03T14:50:00.000+0000,738796.9934893607,139339.11435288057,908474.1258222787
2025-04-03T15:00:00.000+0000,739549.4420485607,139339.11435288057,910314.5129155633
2025-04-03T15:10:00.000+0000,741304.7448820006,139339.11435288057,911701.02231743
2025-04-03T15:20:00.000+0000,743223.9504882405,139339.11435288057,915061.1031086706
2025-04-03T15:30:00.000+0000,745695.4375156002,139339.11435288057,917946.977096312
2025-04-03T15:40:00.000+0000,745514.2975436002,139339.11435288057,917977.861172934
2025-04-03T15:50:00.000+0000,744864.8357290409,139339.11435288057,916374.258039665
2025-04-03T16:00:00.000+0000,748183.0316469604,139339.11435288057,920828.1756984277
2025-04-03T16:10:00.000+0000,747371.9142604006,139339.11435288057,920100.4076354298
2025-04-03T16:20:00.000+0000,748350.6416516003,139339.11435288057,921586.0237963982
2025-04-03T16:30:00.000+0000,746881.7802815207,139339.11435288057,919183.5291238743
2025-04-03T16:40:00.000+0000,746036.2352591207,139339.11435288057,917912.2080199287
2025-04-03T16:50:00.000+0000,744058.4751340004,139339.11435288057,915577.967911476
2025-04-03T17:00:00.000+0000,744938.9725720803,139339.11435288057,916862.8047807944
2025-04-03T17:10:00.000+0000,744675.2317336806,139339.11435288057,916413.7675794072
2025-04-03T17:20:00.000+0000,743323.5599368806,139339.11435288057,915069.271578772
2025-04-03T17:30:00.000+0000,743561.1890813605,139339.11435288057,914910.6946615363
2025-04-03T17:40:00.000+0000,746150.4580077605,139339.11435288057,919169.3408764633
2025-04-03T17:50:00.000+0000,745719.7800260002,139339.11435288057,918705.7171628682
2025-04-03T18:00:00.000+0000,744641.5107320806,139339.11435288057,917662.1935026493
2025-04-03T18:10:00.000+0000,743678.8904448807,139339.11435288057,916755.8080435775
2025-04-03T18:20:00.000+0000,744011.3384735207,139339.11435288057,916794.3087663004
2025-04-03T18:30:00.000+0000,744293.3998437605,139339.11435288057,918514.3443746794
2025-04-03T18:40:00.000+0000,748330.7000176806,139339.11435288057,923958.2479046171
2025-04-03T18:50:00.000+0000,749248.6256892004,139339.11435288057,923038.805765917
2025-04-03T19:00:00.000+0000,749533.3109586406,139339.11435288057,923827.1300173549
2025-04-03T19:10:00.000+0000,748423.5678639202,139339.11435288057,922379.4091332825
2025-04-03T19:20:00.000+0000,748059.9889599204,139339.11435288057,922683.0244247138
2025-04-03T19:30:00.000+0000,747916.9163096806,139339.11435288057,922084.1081176009
2025-04-03T19:40:00.000+0000,748898.5637629605,139339.11435288057,923962.6067370179
2025-04-03T19:50:00.000+0000,748747.1751708004,139339.11435288057,923868.3350843333
2025-04-03T20:00:00.000+0000,748365.1614264804,139339.11435288057,922830.1447862829
2025-04-03T20:10:00.000+0000,748382.6610156005,139339.11435288057,923491.2977849599
2025-04-03T20:20:00.000+0000,747330.8801140006,139339.11435288057,922134.2669697667
2025-04-03T20:30:00.000+0000,747387.1874320806,139339.11435288057,922058.1532181622
2025-04-03T20:40:00.000+0000,749239.4082690404,139339.11435288057,923909.8987631027
2025-04-03T20:50:00.000+0000,752000.9764456804,139339.11435288057,928252.7896930317
2025-04-03T21:00:00.000+0000,752675.7290114408,139339.11435288057,929176.0208380666
2025-04-03T21:10:00.000+0000,753246.1023474407,139339.11435288057,929638.7284550399
2025-04-03T21:20:00.000+0000,754241.9526293604,139339.11435288057,931201.5733372746
2025-04-03T21:30:00.000+0000,753828.1689213605,139339.11435288057,929708.8564929457
2025-04-03T21:40:00.000+0000,753432.7057452004,139339.11435288057,929527.4824811583
2025-04-03T21:50:00.000+0000,754893.2849463208,139339.11435288057,932858.3888976153
2025-04-03T22:00:00.000+0000,756242.1509895206,139339.11435288057,933715.0636708336
2025-04-03T22:10:00.000+0000,756458.5395400806,139339.11435288057,934163.373730923
2025-04-03T22:20:00.000+0000,755996.4345200805,139339.11435288057,933402.1970627299
2025-04-03T22:30:00.000+0000,758094.3042805606,139339.11435288057,935237.2976995498
2025-04-03T22:40:00.000+0000,757695.8872693606,139339.11435288057,935137.7066356583
2025-04-03T22:50:00.000+0000,757589.0789844008,139339.11435288057,934581.1269633066
2025-04-03T23:00:00.000+0000,755937.5500653607,139339.11435288057,932096.9493159822
2025-04-03T23:10:00.000+0000,755574.2673242404,139339.11435288057,931120.8895568533
2025-04-03T23:20:00.000+0000,755920.1985576806,139339.11435288057,932300.2941038616
2025-04-03T23:30:00.000+0000,758348.3029189602,139339.11435288057,935762.7239072167
2025-04-03T23:40:00.000+0000,758838.9616776806,139339.11435288057,936008.5058395283
2025-04-03T23:50:00.000+0000,759627.1498223206,139339.11435288057,937960.9809916237
2025-04-04T00:00:00.000+0000,759299.3105037606,139339.11435288057,937004.2126061595
2025-04-04T00:10:00.000+0000,759533.0375724004,139339.11435288057,936721.4748256755
2025-04-04T00:20:00.000+0000,760139.6882632807,139339.11435288057,937695.842813596
2025-04-04T00:30:00.000+0000,760335.2804642405,139339.11435288057,938405.9316551914
2025-04-04T00:40:00.000+0000,758151.0220700005,139339.11435288057,935533.0218682801
2025-04-04T00:50:00.000+0000,756984.4131044003,139339.11435288057,933517.1540337261
2025-04-04T01:00:00.000+0000,757069.4560156004,139339.11435288057,933148.6212979357
2025-04-04T01:10:00.000+0000,757849.8529981605,139339.11435288057,934287.4015770394
2025-04-04T01:20:00.000+0000,758099.2429264806,139339.11435288057,934141.0697500088
2025-04-04T01:30:00.000+0000,756946.0833927204,139339.11435288057,932235.2755775384
2025-04-04T01:40:00.000+0000,757138.1969788007,139339.11435288057,932109.805441409
2025-04-04T01:50:00.000+0000,745531.4542072807,139339.11435288057,922991.1697254453
2025-04-04T02:00:00.000+0000,750418.9418866406,139339.11435288057,927330.3255302238
2025-04-04T02:10:00.000+0000,753041.2589533606,139339.11435288057,931302.3455218122
2025-04-04T02:20:00.000+0000,751523.5047288808,139339.11435288057,929655.1720308843
2025-04-04T02:30:00.000+0000,751391.7823911208,139339.11435288057,929669.41656514
2025-04-04T02:40:00.000+0000,750703.5466205608,139339.11435288057,928951.1434155385
2025-04-04T02:50:00.000+0000,749105.4387304806,139339.11435288057,927231.6591303023
2025-04-04T03:00:00.000+0000,748598.1480879209,139339.11435288057,926458.515050098
2025-04-04T03:10:00.000+0000,748979.5227439208,139339.11435288057,926430.4315169404
2025-04-04T03:20:00.000+0000,751247.8420356009,139339.11435288057,929415.2533208667
2025-04-04T03:30:00.000+0000,749520.8980968804,139339.11435288057,926247.4311604303
2025-04-04T03:40:00.000+0000,749788.3799400807,139339.11435288057,926908.0119273813
2025-04-04T03:50:00.000+0000,750104.3441663203,139339.11435288057,927487.1664891427
2025-04-04T04:00:00.000+0000,749305.7747333609,139339.11435288057,926338.6824880269
2025-04-04T04:10:00.000+0000,748360.8826522403,139339.11435288057,924962.7746612288
2025-04-04T04:20:00.000+0000,748035.2905344807,139339.11435288057,924499.4170805265
2025-04-04T04:30:00.000+0000,749632.3488648806,139339.11435288057,927232.8617318245
2025-04-04T04:40:00.000+0000,749350.5498845604,139339.11435288057,926555.3749945383
2025-04-04T04:50:00.000+0000,748600.7252245604,139339.11435288057,925551.0183595339
2025-04-04T05:00:00.000+0000,748249.5461927205,139339.11435288057,924777.8678582831
2025-04-04T05:10:00.000+0000,750544.3201037606,139339.11435288057,927671.6039756932
2025-04-04T05:20:00.000+0000,752210.0856244004,139339.11435288057,929156.7698597652
2025-04-04T05:30:00.000+0000,752955.3483368808,139339.11435288057,931536.0552398383
2025-04-04T05:40:00.000+0000,753968.5371368808,139339.11435288057,933590.1018960944
2025-04-04T05:50:00.000+0000,753957.5972957603,139339.11435288057,933465.2382968015
2025-04-04T06:00:00.000+0000,755455.5709573606,139339.11435288057,934372.528342911
2025-04-04T06:10:00.000+0000,754655.5752663206,139339.11435288057,934082.564445426
2025-04-04T06:20:00.000+0000,755031.8164324006,139339.11435288057,934976.9541075648
2025-04-04T06:30:00.000+0000,752791.6559956004,139339.11435288057,933386.1468332093
2025-04-04T06:40:00.000+0000,752710.7100042404,139339.11435288057,932801.8886086191
2025-04-04T06:50:00.000+0000,752921.4870476008,139339.11435288057,932460.6131053853
2025-04-04T07:00:00.000+0000,753065.4611760809,139339.11435288057,932463.8532120961
2025-04-04T07:10:00.000+0000,756905.8909724007,139339.11435288057,937169.5028971088
2025-04-04T07:20:00.000+0000,756889.5552514405,139339.11435288057,938863.7125006416
2025-04-04T07:30:00.000+0000,756598.0140711206,139339.11435288057,938999.573015423
2025-04-04T07:40:00.000+0000,757254.3993424803,139339.11435288057,940731.6207952152
2025-04-04T07:50:00.000+0000,758599.0333740005,139339.11435288057,944151.8924469823
2025-04-04T08:00:00.000+0000,758133.5172850403,139339.11435288057,944331.5610316761
2025-04-04T08:10:00.000+0000,759745.3369968805,139339.11435288057,946955.6047622875
2025-04-04T08:20:00.000+0000,762575.9552892009,139339.11435288057,948840.829910445
2025-04-04T08:30:00.000+0000,761945.3725592805,139339.11435288057,948065.4794823776
2025-04-04T08:40:00.000+0000,761924.2332842404,139339.11435288057,949434.7685249449
2025-04-04T08:50:00.000+0000,762302.8359596005,139339.11435288057,949589.3144131303
2025-04-04T09:00:00.000+0000,761168.2593476006,139339.11435288057,947681.0753667509
2025-04-04T09:10:00.000+0000,761996.2034620007,139339.11435288057,948959.4832030961
2025-04-04T09:20:00.000+0000,761289.1561527203,139339.11435288057,948766.2144049043
2025-04-04T09:30:00.000+0000,760870.8442701602,139339.11435288057,948344.8589752082
2025-04-04T09:40:00.000+0000,762409.5299360804,139339.11435288057,951672.8597687094
2025-04-04T09:50:00.000+0000,762853.3949597606,139339.11435288057,952602.4304279138
2025-04-04T10:00:00.000+0000,758092.0388943208,139339.11435288057,944457.9046691856
2025-04-04T10:10:00.000+0000,754807.8601408805,139339.11435288057,939087.1460055717
2025-04-04T10:20:00.000+0000,750540.0491232802,139339.11435288057,930905.8986499724
2025-04-04T10:30:00.000+0000,750478.8707052008,139339.11435288057,931325.3846390793
2025-04-04T10:40:00.000+0000,748019.1444616803,139339.11435288057,927401.964674145
2025-04-04T10:50:00.000+0000,746060.4115026402,139339.11435288057,923731.4924741515
2025-04-04T11:00:00.000+0000,745298.1064349603,139339.11435288057,922712.3107830344
2025-04-04T11:10:00.000+0000,744662.1278252006,139339.11435288057,921829.5832835839
2025-04-04T11:20:00.000+0000,741253.1294074407,139339.11435288057,915187.5528452463
2025-04-04T11:30:00.000+0000,740701.6351560807,139339.11435288057,915493.7387214443
2025-04-04T11:40:00.000+0000,741183.7831288804,139339.11435288057,916238.560447369
2025-04-04T11:50:00.000+0000,744525.2382245604,139339.11435288057,920713.0045173445
2025-04-04T12:00:00.000+0000,744766.0835940008,139339.11435288057,921878.6788652528
2025-04-04T12:10:00.000+0000,744351.1360178408,139339.11435288057,921500.8645587834
2025-04-04T12:20:00.000+0000,743273.0953408806,139339.11435288057,919500.3101183767
2025-04-04T12:30:00.000+0000,742252.7206941606,139339.11435288057,920549.3426638437
2025-04-04T12:40:00.000+0000,743503.6191741608,139339.11435288057,922229.112893326
2025-04-04T12:50:00.000+0000,745304.2894845604,139339.11435288057,924398.191605422
2025-04-04T13:00:00.000+0000,747844.4499292007,139339.11435288057,927556.010142419
2025-04-04T13:10:00.000+0000,746924.0146669608,139339.11435288057,926221.7032417362
2025-04-04T13:20:00.000+0000,745492.3191404005,139339.11435288057,924178.6586073645
2025-04-04T13:30:00.000+0000,743441.5055048808,139339.11435288057,920709.4658238565
2025-04-04T13:40:00.000+0000,743073.9907520807,139339.11435288057,919389.538012852
2025-04-04T13:50:00.000+0000,747512.6747618406,139339.11435288057,925682.0416394549
2025-04-04T14:00:00.000+0000,748578.1674852006,139339.11435288057,928444.3205566688
2025-04-04T14:10:00.000+0000,748081.9309922406,139339.11435288057,928120.3024185807
2025-04-04T14:20:00.000+0000,748232.6467231204,139339.11435288057,930259.4726391146
2025-04-04T14:30:00.000+0000,747204.2055348004,139339.11435288057,927779.921083811
2025-04-04T14:40:00.000+0000,745140.0567759206,139339.11435288057,922826.2952005002
2025-04-04T14:50:00.000+0000,744635.8005039203,139339.11435288057,921900.5797521913
2025-04-04T15:00:00.000+0000,750622.5019082405,139339.11435288057,935066.8552124827
2025-04-04T15:10:00.000+0000,755948.6535754404,139339.11435288057,942758.13316659
2025-04-04T15:20:00.000+0000,753669.0982797605,139339.11435288057,941624.6189540843
2025-04-04T15:30:00.000+0000,749688.7782852005,139339.11435288057,934756.8912850996
2025-04-04T15:40:00.000+0000,749620.4815663208,139339.11435288057,934334.0853288358
2025-04-04T15:50:00.000+0000,750934.1665768805,139339.11435288057,937231.5096835515
2025-04-04T16:00:00.000+0000,751181.6860028005,139339.11435288057,937757.7844507704
2025-04-04T16:10:00.000+0000,750225.4436092005,139339.11435288057,939214.734929139
2025-04-04T16:20:00.000+0000,747215.1921384805,139339.11435288057,934192.8552598319
2025-04-04T16:30:00.000+0000,749166.2014813606,139339.11435288057,935794.6650569297
2025-04-04T16:40:00.000+0000,748919.6173066405,139339.11435288057,938729.8359227988
2025-04-04T16:50:00.000+0000,750255.8548607201,139339.11435288057,943547.0816618535
2025-04-04T17:00:00.000+0000,751345.0977687206,139339.11435288057,943552.0349313549
2025-04-04T17:10:00.000+0000,749178.1103466406,139339.11435288057,940497.9518926397
2025-04-04T17:20:00.000+0000,751302.6503538404,139339.11435288057,944038.6213984409
2025-04-04T17:30:00.000+0000,752507.5084956004,139339.11435288057,947105.0897257556
2025-04-04T17:40:00.000+0000,757070.6146879203,139339.11435288057,954457.3126990942
2025-04-04T17:50:00.000+0000,760293.3526333607,139339.11435288057,958212.966100578
2025-04-04T18:00:00.000+0000,757620.9112981606,139339.11435288057,954706.5100375549
2025-04-04T18:10:00.000+0000,756475.2805365607,139339.11435288057,952171.6801472104
2025-04-04T18:20:00.000+0000,756102.3699039205,139339.11435288057,951656.3334080423
2025-04-04T18:30:00.000+0000,755098.6946869607,139339.11435288057,950584.4670215363
2025-04-04T18:40:00.000+0000,755135.7462220006,139339.11435288057,951268.1128850161
2025-04-04T18:50:00.000+0000,754698.7371092006,139339.11435288057,951187.1307950346
2025-04-04T19:00:00.000+0000,753763.6547740008,139339.11435288057,949653.4769214219
2025-04-04T19:10:00.000+0000,755645.3983738403,139339.11435288057,953845.759994601
2025-04-04T19:20:00.000+0000,756557.6995485604,139339.11435288057,955068.7169150616
2025-04-04T19:30:00.000+0000,756376.3777221605,139339.11435288057,955741.453253414
2025-04-04T19:40:00.000+0000,756721.3399314405,139339.11435288057,955103.8076152483
2025-04-04T19:50:00.000+0000,756266.7974565602,139339.11435288057,953480.1176340133
2025-04-04T20:00:00.000+0000,756446.1006991206,139339.11435288057,954267.7715675731
2025-04-04T20:10:00.000+0000,755568.4090146401,139339.11435288057,950335.9505088213
2025-04-04T20:20:00.000+0000,755577.8888247209,139339.11435288057,952005.543165794
2025-04-04T20:30:00.000+0000,756710.1377004007,139339.11435288057,954871.5605235255
2025-04-04T20:40:00.000+0000,758708.9903380006,139339.11435288057,957585.364051792
2025-04-04T20:50:00.000+0000,758806.2045044003,139339.11435288057,958800.4223732129
2025-04-04T21:00:00.000+0000,758357.4683807207,139339.11435288057,957611.2819632433
2025-04-04T21:10:00.000+0000,759548.0561479202,139339.11435288057,958435.8499278091
2025-04-04T21:20:00.000+0000,758914.3247389606,139339.11435288057,957566.5945074799
2025-04-04T21:30:00.000+0000,757719.6192685605,139339.11435288057,955962.9500936198
2025-04-04T21:40:00.000+0000,760037.4705029607,139339.11435288057,959668.2484349161
2025-04-04T21:50:00.000+0000,759107.4878847209,139339.11435288057,958059.4287879122
2025-04-04T22:00:00.000+0000,758688.3550594406,139339.11435288057,957042.7999924312
2025-04-04T22:10:00.000+0000,759586.3858596007,139339.11435288057,958595.8508557754
2025-04-04T22:20:00.000+0000,760657.3887712806,139339.11435288057,959817.0072230846
2025-04-04T22:30:00.000+0000,759673.5954360806,139339.11435288057,958862.187619939
2025-04-04T22:40:00.000+0000,759415.3985589605,139339.11435288057,958430.9159393059
2025-04-04T22:50:00.000+0000,759561.8485052005,139339.11435288057,958093.336444792
2025-04-04T23:00:00.000+0000,757993.2633780006,139339.11435288057,955418.4965167381
2025-04-04T23:10:00.000+0000,757394.8610831207,139339.11435288057,954500.7185245405
2025-04-04T23:20:00.000+0000,756453.7100068008,139339.11435288057,952641.3895833173
2025-04-04T23:30:00.000+0000,756553.8104623206,139339.11435288057,952152.2663178584
2025-04-04T23:40:00.000+0000,757119.3594608804,139339.11435288057,952660.5421089557
2025-04-04T23:50:00.000+0000,757888.5879853602,139339.11435288057,955175.1889521255
2025-04-05T00:00:00.000+0000,757546.5588277607,139339.11435288057,952937.6592264371
2025-04-05T00:10:00.000+0000,758044.3358872803,139339.11435288057,953446.183219797
2025-04-05T00:20:00.000+0000,759056.0984292006,139339.11435288057,953491.0950091453
2025-04-05T00:30:00.000+0000,758888.8651229608,139339.11435288057,952655.6770078901
2025-04-05T00:40:00.000+0000,757976.7120296804,139339.11435288057,951424.3487110429
2025-04-05T00:50:00.000+0000,759802.2963928806,139339.11435288057,953317.2727714074
2025-04-05T01:00:00.000+0000,760511.8532928807,139339.11435288057,955177.3888789422
2025-04-05T01:10:00.000+0000,760196.5619279204,139339.11435288057,955167.3927318417
2025-04-05T01:20:00.000+0000,762171.5162994406,139339.11435288057,955858.5557870435
2025-04-05T01:30:00.000+0000,761112.3884800806,139339.11435288057,956445.7279425795
2025-04-05T01:40:00.000+0000,760338.9954898404,139339.11435288057,954129.7044277112
2025-04-05T01:50:00.000+0000,760021.1945341604,139339.11435288057,953980.1742932773
2025-04-05T02:00:00.000+0000,758977.467184561,139339.11435288057,952494.6722978652
2025-04-05T02:10:00.000+0000,758784.9769000807,139339.11435288057,952207.693883782
2025-04-05T02:20:00.000+0000,758190.2142911204,139339.11435288057,950334.8279913858
2025-04-05T02:30:00.000+0000,757918.1912837608,139339.11435288057,950005.13073929
2025-04-05T02:40:00.000+0000,759134.9582908006,139339.11435288057,952177.7875206629
2025-04-05T02:50:00.000+0000,758259.8905055203,139339.11435288057,950895.6858040409
2025-04-05T03:00:00.000+0000,757313.9358751206,139339.11435288057,949883.8537944807
2025-04-05T03:10:00.000+0000,757006.0252008805,139339.11435288057,949828.6738406679
2025-04-05T03:20:00.000+0000,756259.2686844007,139339.11435288057,948630.1443748679
2025-04-05T03:30:00.000+0000,756370.9480693602,139339.11435288057,948938.7121755845
2025-04-05T03:40:00.000+0000,756780.7959285604,139339.11435288057,949468.142100531
2025-04-05T03:50:00.000+0000,756319.6599327204,139339.11435288057,948357.0770844361
2025-04-05T04:00:00.000+0000,756411.1820564005,139339.11435288057,948750.05120799
2025-04-05T04:10:00.000+0000,757317.1521000805,139339.11435288057,950043.9981224353
2025-04-05T04:20:00.000+0000,757178.0152986405,139339.11435288057,950053.9242910886
2025-04-05T04:30:00.000+0000,757293.6643053605,139339.11435288057,950266.2550229637
2025-04-05T04:40:00.000+0000,756592.8000456804,139339.11435288057,948780.7913659071
2025-04-05T04:50:00.000+0000,755240.1124621604,139339.11435288057,947012.7928167926
2025-04-05T05:00:00.000+0000,755250.4132149604,139339.11435288057,947157.7086995833
2025-04-05T05:10:00.000+0000,756208.1624021606,139339.11435288057,948285.4164953562
2025-04-05T05:20:00.000+0000,757114.8520696805,139339.11435288057,949906.5294707783
2025-04-05T05:30:00.000+0000,756913.9315348004,139339.11435288057,949547.2917200519
2025-04-05T05:40:00.000+0000,756306.7222911204,139339.11435288057,949070.0876283913
2025-04-05T05:50:00.000+0000,756026.4638773606,139339.11435288057,948300.5739067807
2025-04-05T06:00:00.000+0000,755899.9893380008,139339.11435288057,948239.4304803615
2025-04-05T06:10:00.000+0000,756817.2759212005,139339.11435288057,949315.7647762874
2025-04-05T06:20:00.000+0000,756485.1240554403,139339.11435288057,948817.852016354
2025-04-05T06:30:00.000+0000,755713.8301845606,139339.11435288057,947842.7472287777
2025-04-05T06:40:00.000+0000,754072.9787167206,139339.11435288057,944798.8572875422
2025-04-05T06:50:00.000+0000,754496.8007876005,139339.11435288057,945500.7840800824
2025-04-05T07:00:00.000+0000,755119.8885183206,139339.11435288057,946170.7659668815
2025-04-05T07:10:00.000+0000,755008.7339132007,139339.11435288057,945578.6640975869
2025-04-05T07:20:00.000+0000,755578.4006149606,139339.11435288057,946610.3830267809
2025-04-05T07:30:00.000+0000,755922.9861258403,139339.11435288057,946928.7185899094
2025-04-05T07:40:00.000+0000,755823.5585316004,139339.11435288057,947235.5327253193
2025-04-05T07:50:00.000+0000,756750.2911519203,139339.11435288057,948880.538725456
2025-04-05T08:00:00.000+0000,757143.8500527205,139339.11435288057,949727.9292451185
2025-04-05T08:10:00.000+0000,756266.6831480808,139339.11435288057,948110.4316041779
2025-04-05T08:20:00.000+0000,756282.9045605606,139339.11435288057,947432.7950458571
2025-04-05T08:30:00.000+0000,756392.5991346407,139339.11435288057,948004.6602282922
2025-04-05T08:40:00.000+0000,757176.1785692006,139339.11435288057,949652.4488234044
2025-04-05T08:50:00.000+0000,757393.1256725605,139339.11435288057,949591.6819751238
2025-04-05T09:00:00.000+0000,757675.1870428005,139339.11435288057,949893.1627483653
2025-04-05T09:10:00.000+0000,758825.1303516007,139339.11435288057,951736.8893670221
2025-04-05T09:20:00.000+0000,758665.5738989606,139339.11435288057,951600.0240327487
2025-04-05T09:30:00.000+0000,758608.2975567206,139339.11435288057,951126.4580532373
2025-04-05T09:40:00.000+0000,759053.3264485607,139339.11435288057,951849.1985756829
2025-04-05T09:50:00.000+0000,759893.0988927204,139339.11435288057,952888.9495683296
2025-04-05T10:00:00.000+0000,759219.5101951207,139339.11435288057,952806.3403198329
2025-04-05T10:10:00.000+0000,759143.5366226403,139339.11435288057,951836.0639225519
2025-04-05T10:20:00.000+0000,758771.4131597608,139339.11435288057,951169.7764526054
2025-04-05T10:30:00.000+0000,759072.5016960804,139339.11435288057,950571.0231036956
2025-04-05T10:40:00.000+0000,758619.0425538411,139339.11435288057,949499.7203815674
2025-04-05T10:50:00.000+0000,759053.2796860005,139339.11435288057,950220.414831476
2025-04-05T11:00:00.000+0000,757875.8451877607,139339.11435288057,949285.052225217
2025-04-05T11:10:00.000+0000,756261.7782751204,139339.11435288057,946426.2464969498
2025-04-05T11:20:00.000+0000,756410.2468052005,139339.11435288057,947187.3690067416
2025-04-05T11:30:00.000+0000,755266.3852271207,139339.11435288057,945317.3974870758
2025-04-05T11:40:00.000+0000,755764.4584495209,139339.11435288057,945588.946454512
2025-04-05T11:50:00.000+0000,755359.7440802407,139339.11435288057,946036.1678192774
2025-04-05T12:00:00.000+0000,755036.251081841,139339.11435288057,945055.6374678515
2025-04-05T12:10:00.000+0000,754557.1712525603,139339.11435288057,945181.2300775272
2025-04-05T12:20:00.000+0000,753791.9123498404,139339.11435288057,943747.6738315469
2025-04-05T12:30:00.000+0000,753119.2589034404,139339.11435288057,942108.9714307429
2025-04-05T12:40:00.000+0000,750768.7362271209,139339.11435288057,939109.515654471
2025-04-05T12:50:00.000+0000,750865.5399221608,139339.11435288057,939172.9018801653
2025-04-05T13:00:00.000+0000,750277.5864615203,139339.11435288057,938613.1729524159
2025-04-05T13:10:00.000+0000,748866.7210575201,139339.11435288057,935936.5083431746
2025-04-05T13:20:00.000+0000,747912.120549361,139339.11435288057,934461.8440789343
2025-04-05T13:30:00.000+0000,748238.7959997607,139339.11435288057,934352.5578782383
2025-04-05T13:40:00.000+0000,746933.5750125604,139339.11435288057,931390.7754509377
2025-04-05T13:50:00.000+0000,747326.5623709604,139339.11435288057,931911.0264433194
2025-04-05T14:00:00.000+0000,748055.2607455206,139339.11435288057,933138.2159487475
2025-04-05T14:10:00.000+0000,748287.0835388006,139339.11435288057,932394.5534153109
2025-04-05T14:20:00.000+0000,748863.7542328807,139339.11435288057,933260.6386716593
2025-04-05T14:30:00.000+0000,748596.1918541605,139339.11435288057,933492.0723584506
2025-04-05T14:40:00.000+0000,749140.5678047207,139339.11435288057,935018.4081905985
2025-04-05T14:50:00.000+0000,749568.2114159206,139339.11435288057,935516.0639215629
2025-04-05T15:00:00.000+0000,748330.0089709603,139339.11435288057,933283.3920799596
2025-04-05T15:10:00.000+0000,747848.5676324004,139339.11435288057,932467.0845278181
2025-04-05T15:20:00.000+0000,747311.3437556007,139339.11435288057,931591.1374204337
2025-04-05T15:30:00.000+0000,746863.6571916009,139339.11435288057,931312.1926795295
2025-04-05T15:40:00.000+0000,745232.4673882407,139339.11435288057,929251.7314778368
2025-04-05T15:50:00.000+0000,745770.7070517603,139339.11435288057,930418.5199816141
2025-04-05T16:00:00.000+0000,746016.2078938405,139339.11435288057,931405.2925391324
2025-04-05T16:10:00.000+0000,747091.7389800802,139339.11435288057,932809.5672023947
2025-04-05T16:20:00.000+0000,746479.1806191206,139339.11435288057,931901.3280870621
2025-04-05T16:30:00.000+0000,747853.5530408808,139339.11435288057,933372.0883656187
2025-04-05T16:40:00.000+0000,747501.9635376806,139339.11435288057,933062.4653608956
2025-04-05T16:50:00.000+0000,746835.2307509604,139339.11435288057,931960.9003645934
2025-04-05T17:00:00.000+0000,746625.1733314403,139339.11435288057,932007.0654171957
2025-04-05T17:10:00.000+0000,746533.7992892005,139339.11435288057,932142.2435500814
2025-04-05T17:20:00.000+0000,747578.9866698408,139339.11435288057,933714.6388366234
2025-04-05T17:30:00.000+0000,748017.4558136808,139339.11435288057,934691.2927913535
2025-04-05T17:40:00.000+0000,748425.7293333606,139339.11435288057,934761.0911568243
2025-04-05T17:50:00.000+0000,748194.0546215205,139339.11435288057,934217.171473313
2025-04-05T18:00:00.000+0000,748451.2019389606,139339.11435288057,934729.9301979422
2025-04-05T18:10:00.000+0000,749147.0807901606,139339.11435288057,935910.3615283177
2025-04-05T18:20:00.000+0000,749103.1733442405,139339.11435288057,936156.1166675752
2025-04-05T18:30:00.000+0000,749142.9968599203,139339.11435288057,936051.8735502602
2025-04-05T18:40:00.000+0000,749574.8387098406,139339.11435288057,936356.1787356434
2025-04-05T18:50:00.000+0000,750056.6905197604,139339.11435288057,937568.8723208187
2025-04-05T19:00:00.000+0000,750002.6304024804,139339.11435288057,938763.7526836023
2025-04-05T19:10:00.000+0000,749756.0462277606,139339.11435288057,938736.03553365
2025-04-05T19:20:00.000+0000,749282.6584412004,139339.11435288057,938860.4199166908
2025-04-05T19:30:00.000+0000,748357.9911672806,139339.11435288057,937536.9657355744
2025-04-05T19:40:00.000+0000,746701.8197652005,139339.11435288057,934714.6843587235
2025-04-05T19:50:00.000+0000,745922.8828136807,139339.11435288057,934203.7586232712
2025-04-05T20:00:00.000+0000,746603.5898120805,139339.11435288057,935596.8468791458
2025-04-05T20:10:00.000+0000,747358.8103519205,139339.11435288057,936748.4736967541
2025-04-05T20:20:00.000+0000,747918.8491621607,139339.11435288057,937537.6524100738
2025-04-05T20:30:00.000+0000,747621.0911592806,139339.11435288057,936670.4510930541
2025-04-05T20:40:00.000+0000,742136.8898330405,139339.11435288057,932336.339981383
2025-04-05T20:50:00.000+0000,746833.4277944808,139339.11435288057,936092.7545699165
2025-04-05T21:00:00.000+0000,747432.50295064,139339.11435288057,937297.6122818018
2025-04-05T21:10:00.000+0000,747539.3112356006,139339.11435288057,937469.3812121638
2025-04-05T21:20:00.000+0000,748112.5370877604,139339.11435288057,937647.3880738737
2025-04-05T21:30:00.000+0000,748871.2024695205,139339.11435288057,938046.314956384
2025-04-05T21:40:00.000+0000,749129.9578994403,139339.11435288057,937716.8728641728
2025-04-05T21:50:00.000+0000,748784.0604389606,139339.11435288057,937396.1532659417
2025-04-05T22:00:00.000+0000,749067.4675317605,139339.11435288057,937674.8798349489
2025-04-05T22:10:00.000+0000,750052.9027524006,139339.11435288057,939099.4378135572
2025-04-05T22:20:00.000+0000,749650.2875024806,139339.11435288057,938520.3231820192
2025-04-05T22:30:00.000+0000,750099.9588773603,139339.11435288057,938902.5737756749
2025-04-05T22:40:00.000+0000,750448.7426269604,139339.11435288057,938776.5812557589
2025-04-05T22:50:00.000+0000,750858.8191031205,139339.11435288057,939617.0763861472
2025-04-05T23:00:00.000+0000,751863.6244152808,139339.11435288057,940573.4253210144
2025-04-05T23:10:00.000+0000,752510.2129303204,139339.11435288057,941198.2678654273
2025-04-05T23:20:00.000+0000,752526.4343428008,139339.11435288057,940896.726512738
2025-04-05T23:30:00.000+0000,753351.9026394407,139339.11435288057,941590.5488934354
2025-04-05T23:40:00.000+0000,753829.8991360808,139339.11435288057,942575.1804938584
2025-04-05T23:50:00.000+0000,754594.7475674405,139339.11435288057,943615.567499273
2025-04-06T00:00:00.000+0000,753998.3638564006,139339.11435288057,945406.3231948571
2025-04-06T00:10:00.000+0000,754107.4531151204,139339.11435288057,944236.2648133615
2025-04-06T00:20:00.000+0000,755572.7553348005,139339.11435288057,945950.6320392415
2025-04-06T00:30:00.000+0000,755569.9833541604,139339.11435288057,945614.1080259513
2025-04-06T00:40:00.000+0000,756464.7511668005,139339.11435288057,946958.7216888124
2025-04-06T00:50:00.000+0000,755488.008586481,139339.11435288057,946266.6291226028
2025-04-06T01:00:00.000+0000,755511.348299761,139339.11435288057,945952.4701348147
2025-04-06T01:10:00.000+0000,755928.0182968804,139339.11435288057,947220.1833984766
2025-04-06T01:20:00.000+0000,756704.7080476005,139339.11435288057,948522.2092820783
2025-04-06T01:30:00.000+0000,756395.0749524006,139339.11435288057,947297.5592579002
2025-04-06T01:40:00.000+0000,755524.5015687208,139339.11435288057,945955.6043839591
2025-04-06T01:50:00.000+0000,755946.7155271205,139339.11435288057,945895.0361315014
2025-04-06T02:00:00.000+0000,756500.0127349606,139339.11435288057,947483.0401795153
2025-04-06T02:10:00.000+0000,755242.5545069606,139339.11435288057,945243.099589952
2025-04-06T02:20:00.000+0000,755069.2862325604,139339.11435288057,944686.8477030918
2025-04-06T02:30:00.000+0000,755380.2312773608,139339.11435288057,944841.0507995323
2025-04-06T02:40:00.000+0000,755067.5300386404,139339.11435288057,944762.0450987163
2025-04-06T02:50:00.000+0000,754476.8851328804,139339.11435288057,944299.0061995817
2025-04-06T03:00:00.000+0000,753750.9587389606,139339.11435288057,942766.8025753195
2025-04-06T03:10:00.000+0000,754672.8202592807,139339.11435288057,944576.0434387582
2025-04-06T03:20:00.000+0000,753882.1562968805,139339.11435288057,942985.1562860982
2025-04-06T03:30:00.000+0000,753784.6797405607,139339.11435288057,942142.9439418152
2025-04-06T03:40:00.000+0000,754779.2180728805,139339.11435288057,943325.9608810695
2025-04-06T03:50:00.000+0000,756074.5150056805,139339.11435288057,944764.5462773285
2025-04-06T04:00:00.000+0000,755891.3564498405,139339.11435288057,943996.7763033082
2025-04-06T04:10:00.000+0000,755472.4392519204,139339.11435288057,943507.5018664467
2025-04-06T04:20:00.000+0000,755474.2759813603,139339.11435288057,943293.9376888913
2025-04-06T04:30:00.000+0000,755922.6691796007,139339.11435288057,944891.0809807463
2025-04-06T04:40:00.000+0000,755495.6308837603,139339.11435288057,944139.0516228848
2025-04-06T04:50:00.000+0000,755900.9038058406,139339.11435288057,944805.1024358701
2025-04-06T05:00:00.000+0000,755618.3981912805,139339.11435288057,944744.2567824356
2025-04-06T05:10:00.000+0000,755791.1754588004,139339.11435288057,944495.4708637989
2025-04-06T05:20:00.000+0000,756322.8216013606,139339.11435288057,945649.1630528008
2025-04-06T05:30:00.000+0000,756021.3901396005,139339.11435288057,944529.8853437778
2025-04-06T05:40:00.000+0000,755892.8164808806,139339.11435288057,944289.9653012508
2025-04-06T05:50:00.000+0000,757180.9951128806,139339.11435288057,946752.4058872089
2025-04-06T06:00:00.000+0000,756261.1184034406,139339.11435288057,945376.5680209993
2025-04-06T06:10:00.000+0000,756236.0562692003,139339.11435288057,945565.6122649962
2025-04-06T06:20:00.000+0000,756272.6505703207,139339.11435288057,946342.3027922439
2025-04-06T06:30:00.000+0000,754257.7583746406,139339.11435288057,943294.9395661474
2025-04-06T06:40:00.000+0000,753952.2092096803,139339.11435288057,943088.4265012303
2025-04-06T06:50:00.000+0000,752450.1983804004,139339.11435288057,940846.9139668455
2025-04-06T07:00:00.000+0000,751635.7842333606,139339.11435288057,939693.0103042102
2025-04-06T07:10:00.000+0000,752540.5228629607,139339.11435288057,940696.5122179746
2025-04-06T07:20:00.000+0000,752181.9969133603,139339.11435288057,939620.8305686549
2025-04-06T07:30:00.000+0000,751751.0565416804,139339.11435288057,939011.9771020217
2025-04-06T07:40:00.000+0000,752597.2406524005,139339.11435288057,940165.1463885203
2025-04-06T07:50:00.000+0000,752047.2739780007,139339.11435288057,939890.4350463762
2025-04-06T08:00:00.000+0000,750765.2446226404,139339.11435288057,938488.8883188297
2025-04-06T08:10:00.000+0000,750059.2131000806,139339.11435288057,937334.0388064242
2025-04-06T08:20:00.000+0000,747516.3612103206,139339.11435288057,934700.7410941224
2025-04-06T08:30:00.000+0000,748666.2577565606,139339.11435288057,936199.8127360914
2025-04-06T08:40:00.000+0000,749555.4140620006,139339.11435288057,938041.4737061372
2025-04-06T08:50:00.000+0000,749827.0941439207,139339.11435288057,938259.2002487134
2025-04-06T09:00:00.000+0000,750265.2671248806,139339.11435288057,939121.471038182
2025-04-06T09:10:00.000+0000,750297.3332514407,139339.11435288057,938935.7087180625
2025-04-06T09:20:00.000+0000,750868.3119028002,139339.11435288057,940948.5476423217
2025-04-06T09:30:00.000+0000,749879.5461487202,139339.11435288057,940325.3670981098
2025-04-06T09:40:00.000+0000,750277.5189156008,139339.11435288057,940963.8186827272
2025-04-06T09:50:00.000+0000,749402.9759101606,139339.11435288057,939606.1033393362
2025-04-06T10:00:00.000+0000,748535.8473684007,139339.11435288057,937787.2059546654
2025-04-06T10:10:00.000+0000,748291.3623130405,139339.11435288057,936657.8133810237
2025-04-06T10:20:00.000+0000,747954.0094114407,139339.11435288057,936208.7582132886
2025-04-06T10:30:00.000+0000,748009.0385528806,139339.11435288057,935937.2446241137
2025-04-06T10:40:00.000+0000,748680.2657412007,139339.11435288057,936050.2346228028
2025-04-06T10:50:00.000+0000,749267.9905848807,139339.11435288057,937502.1613166474
2025-04-06T11:00:00.000+0000,749017.3224799205,139339.11435288057,936458.1064280763
2025-04-06T11:10:00.000+0000,747340.6171181607,139339.11435288057,933715.6959275731
2025-04-06T11:20:00.000+0000,747581.8054130403,139339.11435288057,934072.1344673443
2025-04-06T11:30:00.000+0000,747897.9177207206,139339.11435288057,934394.0156815823
2025-04-06T11:40:00.000+0000,748281.3914960804,139339.11435288057,934964.1842993479
2025-04-06T11:50:00.000+0000,748903.5777485607,139339.11435288057,935191.5094844443
2025-04-06T12:00:00.000+0000,748566.5210098405,139339.11435288057,935512.1615456056
2025-04-06T12:10:00.000+0000,749069.3510237603,139339.11435288057,935326.5283972959
2025-04-06T12:20:00.000+0000,747891.7684440806,139339.11435288057,933671.6811953478
2025-04-06T12:30:00.000+0000,746800.6888066404,139339.11435288057,931097.5124591613
2025-04-06T12:40:00.000+0000,746895.3933823205,139339.11435288057,931517.400469093
2025-04-06T12:50:00.000+0000,745033.3965724008,139339.11435288057,928099.2724037217
2025-04-06T13:00:00.000+0000,744387.3795997604,139339.11435288057,926623.9688894023
2025-04-06T13:10:00.000+0000,743516.1333548003,139339.11435288057,924768.0681964213
2025-04-06T13:20:00.000+0000,741933.2778530407,139339.11435288057,922155.5893025621
2025-04-06T13:30:00.000+0000,740051.0432463203,139339.11435288057,921436.8932235527
2025-04-06T13:40:00.000+0000,738364.4138301606,139339.11435288057,918897.4377956218
2025-04-06T13:50:00.000+0000,734859.2378160807,139339.11435288057,916670.3190799515
2025-04-06T14:00:00.000+0000,734250.9452397608,139339.11435288057,915818.9288762547
2025-04-06T14:10:00.000+0000,736615.8863720803,139339.11435288057,919871.5530471767
2025-04-06T14:20:00.000+0000,735887.4503874405,139339.11435288057,917672.2281403111
2025-04-06T14:30:00.000+0000,736437.4846077607,139339.11435288057,918211.5751121283
2025-04-06T14:40:00.000+0000,737953.8125741605,139339.11435288057,918952.8428789534
2025-04-06T14:50:00.000+0000,740659.8606024804,139339.11435288057,921878.9664254453
2025-04-06T15:00:00.000+0000,740453.8533402404,139339.11435288057,922071.3172579305
2025-04-06T15:10:00.000+0000,739632.5832823209,139339.11435288057,920609.6798844526
2025-04-06T15:20:00.000+0000,738518.9511013606,139339.11435288057,919870.7256734251
2025-04-06T15:30:00.000+0000,739152.7500562407,139339.11435288057,920489.8116490445
2025-04-06T15:40:00.000+0000,739680.6084314409,139339.11435288057,921863.3196028352
2025-04-06T15:50:00.000+0000,738499.6147828008,139339.11435288057,920443.6849169388
2025-04-06T16:00:00.000+0000,736756.7118215205,139339.11435288057,918935.8412102675
2025-04-06T16:10:00.000+0000,735148.7136500005,139339.11435288057,916496.3668387525
2025-04-06T16:20:00.000+0000,735334.1194066405,139339.11435288057,916525.5530181957
2025-04-06T16:30:00.000+0000,735677.5410493608,139339.11435288057,917610.8335872525
2025-04-06T16:40:00.000+0000,732838.4587336807,139339.11435288057,914416.6177600647
2025-04-06T16:50:00.000+0000,728713.1955864803,139339.11435288057,911009.0293756637
2025-04-06T17:00:00.000+0000,727219.2383092005,139339.11435288057,909514.1552176182
2025-04-06T17:10:00.000+0000,724621.9496037608,139339.11435288057,907151.436512805
2025-04-06T17:20:00.000+0000,717830.3943980009,139339.11435288057,901118.2817464757
2025-04-06T17:30:00.000+0000,715590.844472401,139339.11435288057,898535.5510867112
2025-04-06T17:40:00.000+0000,709086.1412013607,139339.11435288057,889551.3586087797
2025-04-06T17:50:00.000+0000,712652.4150980006,139339.11435288057,891303.2089136567
2025-04-06T18:00:00.000+0000,706182.0589272804,139339.11435288057,883461.6830649584
2025-04-06T18:10:00.000+0000,701460.7549944803,139339.11435288057,877679.9917506085
2025-04-06T18:20:00.000+0000,693095.1398448802,157462.30818968036,867729.4048793456
2025-04-06T18:30:00.000+0000,692603.8415981602,191198.44667048028,867639.0551965514
2025-04-06T18:40:00.000+0000,690221.50859048,191198.44667048028,865032.3999255565
2025-04-06T18:50:00.000+0000,686016.1191956002,191198.44667048028,858747.7919200398
2025-04-06T19:00:00.000+0000,689690.0413047203,191198.44667048028,859492.4450269309
2025-04-06T19:10:00.000+0000,689875.4368695201,191198.44667048028,860818.8495725463
2025-04-06T19:20:00.000+0000,690193.6992557605,191198.44667048028,862892.3612743206
2025-04-06T19:30:00.000+0000,690932.1915888804,191198.44667048028,865663.1750627
2025-04-06T19:40:00.000+0000,689690.0413047203,191198.44667048028,862436.8315361354
2025-04-06T19:50:00.000+0000,690039.2029517601,191198.44667048028,862901.3708276355
2025-04-06T20:00:00.000+0000,691726.30259144,191198.44667048028,866882.7897570526
2025-04-06T20:10:00.000+0000,690573.7601636001,191198.44667048028,864372.1536066427
2025-04-06T20:20:00.000+0000,690376.0048944803,191198.44667048028,864603.7767853334
2025-04-06T20:30:00.000+0000,672880.8434295204,191198.44667048028,846468.4017008226
2025-04-06T20:40:00.000+0000,678844.4007639203,191198.44667048028,854610.1132780598
2025-04-06T20:50:00.000+0000,676687.6323600805,191198.44667048028,851429.0251106634
2025-04-06T21:00:00.000+0000,678751.7029815201,191198.44667048028,852990.3454903555
2025-04-06T21:10:00.000+0000,680580.93922088,191198.44667048028,854663.5140881622
2025-04-06T21:20:00.000+0000,681047.5180589602,191198.44667048028,856581.784123328
2025-04-06T21:30:00.000+0000,681955.95632648,191198.44667048028,857250.5915341682
2025-04-06T21:40:00.000+0000,681844.7189876003,191198.44667048028,856932.2047905917
2025-04-06T21:50:00.000+0000,681121.6762848804,191198.44667048028,855198.5019860794
2025-04-06T22:00:00.000+0000,677407.5851367204,191198.44667048028,850715.3201743707
2025-04-06T22:10:00.000+0000,683568.8977402403,191198.44667048028,857497.0293861151
2025-04-06T22:20:00.000+0000,681473.9278580004,191198.44667048028,855164.0165259372
2025-04-06T22:30:00.000+0000,680092.7309002402,191198.44667048028,854242.040495382
2025-04-06T22:40:00.000+0000,677552.8116624801,191198.44667048028,848286.9314412143
2025-04-06T22:50:00.000+0000,674873.8457511202,191198.44667048028,845255.7012294608
2025-04-06T23:00:00.000+0000,672763.4262384804,191198.44667048028,841393.2764796375
2025-04-06T23:10:00.000+0000,667247.9081856802,191198.44667048028,834803.1872030525
2025-04-06T23:20:00.000+0000,667872.0732538403,191198.44667048028,834240.184417916
2025-04-06T23:30:00.000+0000,672491.51274344,191198.44667048028,839102.251855222
2025-04-06T23:40:00.000+0000,677846.3546400805,191198.44667048028,847805.5244998757
2025-04-06T23:50:00.000+0000,676669.0928036004,191198.44667048028,846988.988580904
2025-04-07T00:00:00.000+0000,677951.4121268004,191198.44667048028,845349.5033063919
2025-04-07T00:10:00.000+0000,675312.6152544802,191198.44667048028,839740.7645558629
2025-04-07T00:20:00.000+0000,676128.3557396003,191198.44667048028,840576.8083570937
2025-04-07T00:30:00.000+0000,676242.6830045602,191198.44667048028,841167.1401866013
2025-04-07T00:40:00.000+0000,672364.8257741603,191198.44667048028,837491.0263971632
2025-04-07T00:50:00.000+0000,671722.1211495203,191198.44667048028,836627.4707222078
2025-04-07T01:00:00.000+0000,676548.5856864802,191198.44667048028,846292.6486649727
2025-04-07T01:10:00.000+0000,679502.55501896,191198.44667048028,851271.5390529123
2025-04-07T01:20:00.000+0000,687097.5933236002,191198.44667048028,860424.7645125758
2025-04-07T01:30:00.000+0000,684063.2859130403,191198.44667048028,855925.4381412226
2025-04-07T01:40:00.000+0000,682314.3877517601,191198.44667048028,854404.1780878401
2025-04-07T01:50:00.000+0000,684879.02639816,191198.44667048028,858329.0869176975
2025-04-07T02:00:00.000+0000,683732.6638224805,191198.44667048028,857638.2604746935
2025-04-07T02:10:00.000+0000,683154.8476455205,191198.44667048028,856997.353803375
2025-04-07T02:20:00.000+0000,680441.8925472804,191198.44667048028,852569.0238649119
2025-04-07T02:30:00.000+0000,677166.5709024805,191198.44667048028,847961.7197519513
2025-04-07T02:40:00.000+0000,677806.1856010404,191198.44667048028,848272.7310940677
2025-04-07T02:50:00.000+0000,677886.5236791201,191198.44667048028,848655.1207951084
2025-04-07T03:00:00.000+0000,678124.4479872802,191198.44667048028,848238.6634747966
2025-04-07T03:10:00.000+0000,675003.6226464801,191198.44667048028,845129.0683863147
2025-04-07T03:20:00.000+0000,674024.1160791202,191198.44667048028,844022.4187309643
2025-04-07T03:30:00.000+0000,668734.1626301603,191198.44667048028,835841.5825001134
2025-04-07T03:40:00.000+0000,663091.9576080805,191198.44667048028,828060.6621155012
2025-04-07T03:50:00.000+0000,665650.4164023203,191198.44667048028,829661.285685557
2025-04-07T04:00:00.000+0000,667689.7676151206,191198.44667048028,831430.8853782073
2025-04-07T04:10:00.000+0000,665304.3446813601,191198.44667048028,827206.7884580404
2025-04-07T04:20:00.000+0000,670257.4961876004,191198.44667048028,833050.9552672172
2025-04-07T04:30:00.000+0000,667270.8344394404,17527.256670480274,829828.4889511408
2025-04-07T04:40:00.000+0000,664131.4015965604,17527.256670480274,826412.0947335025
2025-04-07T04:50:00.000+0000,664646.8121380003,17527.256670480274,826276.620973934
2025-04-07T05:00:00.000+0000,663683.8878941602,17527.256670480274,825251.2525319176
2025-04-07T05:10:00.000+0000,667053.2438512801,17527.256670480274,828932.531618925
2025-04-07T05:20:00.000+0000,668538.2704788,17527.256670480274,830947.4728847068
2025-04-07T05:30:00.000+0000,665074.3953975202,17527.256670480274,826938.3638398912
2025-04-07T05:40:00.000+0000,661448.5076301603,17527.256670480274,824390.3738180118
2025-04-07T05:50:00.000+0000,661136.3979178403,17527.256670480274,824860.9848632037
2025-04-07T06:00:00.000+0000,660486.7976141603,17527.256670480274,826291.1337695252
2025-04-07T06:10:00.000+0000,652007.9317376805,17527.256670480274,816255.501378922
2025-04-07T06:20:00.000+0000,645467.5957956004,17527.256670480274,810336.2353317079
2025-04-07T06:30:00.000+0000,635707.0312989604,17527.256670480274,801502.9908372527
2025-04-07T06:40:00.000+0000,619828.35880744,17527.256670480274,785428.6872294402
2025-04-07T06:50:00.000+0000,616771.1940973601,17527.256670480274,782304.2745611845
2025-04-07T07:00:00.000+0000,620132.9657268,17527.256670480274,789348.3278463976
2025-04-07T07:10:00.000+0000,624580.7194749604,17527.256670480274,792337.9799097036
2025-04-07T07:20:00.000+0000,627682.5340365602,17527.256670480274,792984.985404985
2025-04-07T07:30:00.000+0000,625120.2830784803,17527.256670480274,791108.0592669654
2025-04-07T07:40:00.000+0000,629214.4079562402,17527.256670480274,796092.6665706928
2025-04-07T07:50:00.000+0000,620077.5464976805,17527.256670480274,792962.5279005845
2025-04-07T08:00:00.000+0000,622932.8420324,17527.256670480274,793198.508561308
2025-04-07T08:10:00.000+0000,623825.8170804001,17527.256670480274,795446.3160919598
2025-04-07T08:20:00.000+0000,636177.1712858402,17527.256670480274,809269.8453765649
2025-04-07T08:30:00.000+0000,637819.3265098404,17527.256670480274,809111.6383213452
2025-04-07T08:40:00.000+0000,643360.8461447202,17527.256670480274,815586.1018652059
2025-04-07T08:50:00.000+0000,640168.8709693601,17527.256670480274,812311.0585982502
2025-04-07T09:00:00.000+0000,637083.1946868002,17527.256670480274,810172.7779406419
2025-04-07T09:10:00.000+0000,633032.8679424805,17527.256670480274,804569.6003468186
2025-04-07T09:20:00.000+0000,633046.4554637601,17527.256670480274,806060.3965522512
2025-04-07T09:30:00.000+0000,639223.3128215206,17527.256670480274,812017.3796525465
2025-04-07T09:40:00.000+0000,640207.7850132002,17527.256670480274,814585.8338964642
2025-04-07T09:50:00.000+0000,635389.8608384804,17527.256670480274,810805.0674389713
2025-04-07T10:00:00.000+0000,634512.2946535203,17527.256670480274,810156.6457400912
2025-04-07T10:10:00.000+0000,639665.1043053602,17527.256670480274,816446.5779681351
2025-04-07T10:20:00.000+0000,642295.3200480804,17527.256670480274,820571.7099016034
2025-04-07T10:30:00.000+0000,639421.6887936803,17527.256670480274,817027.0996457718
2025-04-07T10:40:00.000+0000,639507.5316644004,17527.256670480274,817566.8105951343
2025-04-07T10:50:00.000+0000,636832.8563178404,17527.256670480274,813674.4307252624
2025-04-07T11:00:00.000+0000,637653.5488381605,17527.256670480274,814428.0644461125
2025-04-07T11:10:00.000+0000,638518.7960861602,17527.256670480274,813670.9365139592
2025-04-07T11:20:00.000+0000,638291.9764871204,17527.256670480274,813996.6670546215
2025-04-07T11:30:00.000+0000,631778.2900084,17527.256670480274,807530.3596574862
2025-04-07T11:40:00.000+0000,631413.6243744803,17527.256670480274,807869.9329709378
2025-04-07T11:50:00.000+0000,632471.6476781602,17527.256670480274,809633.4011620998
2025-04-07T12:00:00.000+0000,633135.99537448,17527.256670480274,810001.5787649106
2025-04-07T12:10:00.000+0000,632169.44203624,17527.256670480274,809149.8253974612
2025-04-07T12:20:00.000+0000,635319.4132416804,17527.256670480274,811474.4247690099
2025-04-07T12:30:00.000+0000,646222.1312839205,17527.256670480274,821152.7877851382
2025-04-07T12:40:00.000+0000,641263.8918512801,17527.256670480274,816954.4940742906
2025-04-07T12:50:00.000+0000,647745.4784304805,17527.256670480274,823290.4375185159
2025-04-07T13:00:00.000+0000,648373.3948951203,17527.256670480274,825286.5653479525
2025-04-07T13:10:00.000+0000,645487.2816343204,17527.256670480274,822690.8846799186
2025-04-07T13:20:00.000+0000,642154.4248544804,17527.256670480274,820824.6099827654
2025-04-07T13:30:00.000+0000,639076.7905332003,17527.256670480274,815296.4336122624
2025-04-07T13:40:00.000+0000,636981.7662944803,17527.256670480274,812138.9600490294
2025-04-07T13:50:00.000+0000,650751.45092712,17527.256670480274,826486.9822742657
2025-04-07T14:00:00.000+0000,661782.2060576803,17527.256670480274,839528.2102149012
2025-04-07T14:10:00.000+0000,674076.6865984804,17527.256670480274,852273.2811039644
2025-04-07T14:20:00.000+0000,667729.0995338403,17527.256670480274,842730.6862130137
2025-04-07T14:30:00.000+0000,662736.8709143205,17527.256670480274,841727.8194982244
2025-04-07T14:40:00.000+0000,663992.01519496,17527.256670480274,844061.0711438064
2025-04-07T14:50:00.000+0000,670534.7252362402,17527.256670480274,852926.4282956674
2025-04-07T15:00:00.000+0000,665188.4508800802,17527.256670480274,847235.1551042681
2025-04-07T15:10:00.000+0000,660602.3119287201,17527.256670480274,838040.4356670652
2025-04-07T15:20:00.000+0000,656729.1485402401,17527.256670480274,838906.9304741533
2025-04-07T15:30:00.000+0000,659251.81039496,17527.256670480274,843107.523011762
2025-04-07T15:40:00.000+0000,662996.8279821599,17527.256670480274,849492.0525673975
2025-04-07T15:50:00.000+0000,661176.8207536801,17527.256670480274,846770.5836361004
2025-04-07T16:00:00.000+0000,656733.3847485603,17527.256670480274,843489.6449701835
2025-04-07T16:10:00.000+0000,650883.7877728805,17527.256670480274,840993.767930684
2025-04-07T16:20:00.000+0000,647809.8776698402,17527.256670480274,837130.8728091735
2025-04-07T16:30:00.000+0000,652700.1251396001,17527.256670480274,842391.455691307
2025-04-07T16:40:00.000+0000,647303.1705600802,17527.256670480274,834411.895398131
2025-04-07T16:50:00.000+0000,643585.17853512,17527.256670480274,831275.8431390733
2025-04-07T17:00:00.000+0000,648673.81556616,17527.256670480274,836395.7625588161
2025-04-07T17:10:00.000+0000,650132.3014432802,17527.256670480274,838838.3358012142
2025-04-07T17:20:00.000+0000,652832.3169015205,17527.256670480274,842650.9045782527
2025-04-07T17:30:00.000+0000,656308.0125188006,17527.256670480274,846319.1117378788
2025-04-07T17:40:00.000+0000,659803.4347421604,17527.256670480274,849711.8509202726
2025-04-07T17:50:00.000+0000,658594.59858536,17527.256670480274,850450.420227313
2025-04-07T18:00:00.000+0000,658569.9335332,17527.256670480274,850090.9975366492
2025-04-07T18:10:00.000+0000,658571.7684640802,17527.256670480274,850071.0618422271
2025-04-07T18:20:00.000+0000,656125.7340583203,17527.256670480274,846817.080748939
2025-04-07T18:30:00.000+0000,655169.0712013601,17527.256670480274,845689.697796422
2025-04-07T18:40:00.000+0000,659352.3327127201,17527.256670480274,848726.0528568047
2025-04-07T18:50:00.000+0000,655530.0533844002,17527.256670480274,843790.1777473531
2025-04-07T19:00:00.000+0000,654747.0199127202,17527.256670480274,842599.3085781876
2025-04-07T19:10:00.000+0000,653797.7647248805,17527.256670480274,842339.3740539432
2025-04-07T19:20:00.000+0000,653021.5318084003,17527.256670480274,842353.1071952789
2025-04-07T19:30:00.000+0000,655305.0279488801,17527.256670480274,845137.2649641207
2025-04-07T19:40:00.000+0000,652890.4591504801,17527.256670480274,843485.6801456937
2025-04-07T19:50:00.000+0000,651637.7433255202,17527.256670480274,842421.5373360058
2025-04-07T20:00:00.000+0000,651939.9489674403,17527.256670480274,843079.3598953753
2025-04-07T20:10:00.000+0000,655126.3242263203,17527.256670480274,845707.8503853239
2025-04-07T20:20:00.000+0000,657972.78043816,17527.256670480274,849269.0211011508
2025-04-07T20:30:00.000+0000,660629.5233421603,17527.256670480274,852971.8480169836
2025-04-07T20:40:00.000+0000,662398.8911146403,17527.256670480274,854904.8962025581
2025-04-07T20:50:00.000+0000,660461.4666951204,17527.256670480274,852999.2690036776
2025-04-07T21:00:00.000+0000,657057.5687936803,17527.256670480274,849170.2611313214
2025-04-07T21:10:00.000+0000,659721.1666093601,17527.256670480274,851951.0219969372
2025-04-07T21:20:00.000+0000,658161.3610528801,17527.256670480274,850509.7491317606
2025-04-07T21:30:00.000+0000,658653.3615373605,17527.256670480274,850061.7309423259
2025-04-07T21:40:00.000+0000,659170.0270740001,17527.256670480274,850447.4944917078
2025-04-07T21:50:00.000+0000,665144.2858404004,17527.256670480274,856535.3571947189
2025-04-07T22:00:00.000+0000,664709.2133770402,17527.256670480274,855620.5770092995
2025-04-07T22:10:00.000+0000,667885.7253328803,17527.256670480274,858789.3731629283
2025-04-07T22:20:00.000+0000,668873.9217428002,17527.256670480274,860854.6611630488
2025-04-07T22:30:00.000+0000,670772.4864749602,17527.256670480274,862073.2335312054
2025-04-07T22:40:00.000+0000,671533.2154045604,17527.256670480274,862325.827218458
2025-04-07T22:50:00.000+0000,672174.1258656802,17527.256670480274,862669.0520227273
2025-04-07T23:00:00.000+0000,670568.5377645601,17527.256670480274,860510.6933617183
2025-04-07T23:10:00.000+0000,668447.6478349605,17527.256670480274,858306.8102128366
2025-04-07T23:20:00.000+0000,667667.7722349603,17527.256670480274,856935.4145182846
2025-04-07T23:30:00.000+0000,662638.3829677603,17527.256670480274,852766.2348799899
2025-04-07T23:40:00.000+0000,661534.6314759204,17527.256670480274,851440.9294839903
2025-04-07T23:50:00.000+0000,660639.7943188001,17527.256670480274,850354.190357593
2025-04-08T00:00:00.000+0000,658931.5364192801,17527.256670480274,850116.4048332558
2025-04-08T00:10:00.000+0000,659742.9455722405,17527.256670480274,853246.6670322022
2025-04-08T00:20:00.000+0000,657432.1928544802,17527.256670480274,852563.3816495978
2025-04-08T00:30:00.000+0000,654955.2320096802,17527.256670480274,849424.4741520989
2025-04-08T00:40:00.000+0000,655786.40853608,17527.256670480274,851938.3469482672
2025-04-08T00:50:00.000+0000,653894.1867255206,17527.256670480274,849100.4227820511
2025-04-08T01:00:00.000+0000,653043.1748800803,17527.256670480274,847808.7310081162
2025-04-08T01:10:00.000+0000,653939.9013245603,17527.256670480274,850112.7897759915
2025-04-08T01:20:00.000+0000,658131.2047972003,17527.256670480274,855053.2805053133
2025-04-08T01:30:00.000+0000,663176.5013284003,17527.256670480274,861620.1599171545
2025-04-08T01:40:00.000+0000,669150.6921492001,17527.256670480274,868031.6966161409
2025-04-08T01:50:00.000+0000,671468.1910656802,17527.256670480274,871637.0868217042
2025-04-08T02:00:00.000+0000,673218.9785143203,17527.256670480274,871949.361899225
2025-04-08T02:10:00.000+0000,679098.58226536,17527.256670480274,877154.8927204225
2025-04-08T02:20:00.000+0000,677090.0623677605,17527.256670480274,877339.3763167432
2025-04-08T02:30:00.000+0000,672408.6341088803,17527.256670480274,874274.3668418447
2025-04-08T02:40:00.000+0000,670973.6805908,17527.256670480274,873296.8286899432
2025-04-08T02:50:00.000+0000,670131.9521127203,17527.256670480274,870895.8172572297
2025-04-08T03:00:00.000+0000,668817.4649444002,17527.256670480274,869429.6666604958
2025-04-08T03:10:00.000+0000,666946.1432004,17527.256670480274,867710.4332425407
2025-04-08T03:20:00.000+0000,667064.7882084002,17527.256670480274,868175.4533600195
2025-04-08T03:30:00.000+0000,666829.8722916003,17527.256670480274,870136.4693034692
2025-04-08T03:40:00.000+0000,665343.5906688804,17527.256670480274,868546.5963514415
2025-04-08T03:50:00.000+0000,664103.8688404004,17527.256670480274,867776.3552291747
2025-04-08T04:00:00.000+0000,665598.7859492002,17527.256670480274,869663.3820214935
2025-04-08T04:10:00.000+0000,667751.2909664803,17527.256670480274,871569.7296634084
2025-04-08T04:20:00.000+0000,669176.3540032803,17527.256670480274,873868.5890879626
2025-04-08T04:30:00.000+0000,667804.9931703205,17527.256670480274,873071.2595758135
2025-04-08T04:40:00.000+0000,667544.7371418403,17527.256670480274,872824.701986774
2025-04-08T04:50:00.000+0000,669858.5526074399,17527.256670480274,874520.4500438108
2025-04-08T05:00:00.000+0000,667243.2065594401,17527.256670480274,870391.3076947993
2025-04-08T05:10:00.000+0000,663117.3850592802,17527.256670480274,867802.6524195005
2025-04-08T05:20:00.000+0000,661399.3046240803,17527.256670480274,866788.1428765976
2025-04-08T05:30:00.000+0000,661423.3897405604,17527.256670480274,867032.4032486021
2025-04-08T05:40:00.000+0000,663627.2364516002,17527.256670480274,867282.774767946
2025-04-08T05:50:00.000+0000,663627.8571546403,17527.256670480274,867051.9500236508
2025-04-08T06:00:00.000+0000,658139.22877288,17527.256670480274,864262.5127738246
2025-04-08T06:10:00.000+0000,654542.3645680805,17527.256670480274,861841.3664964319
2025-04-08T06:20:00.000+0000,653389.7813728801,17527.256670480274,861351.8564757598
2025-04-08T06:30:00.000+0000,654224.1157709603,17527.256670480274,860616.1035143711
2025-04-08T06:40:00.000+0000,653892.8186208803,17527.256670480274,861422.8534273666
2025-04-08T06:50:00.000+0000,651381.8278218403,17527.256670480274,859967.4587965563
2025-04-08T07:00:00.000+0000,648022.9422816802,17527.256670480274,857674.595003417
2025-04-08T07:10:00.000+0000,648124.9777879205,17527.256670480274,858137.5392773516
2025-04-08T07:20:00.000+0000,649164.4343568801,17527.256670480274,859772.7351613347
2025-04-08T07:30:00.000+0000,646835.8035530404,17527.256670480274,858290.3633996808
2025-04-08T07:40:00.000+0000,646827.1544778403,17527.256670480274,856685.3794053568
2025-04-08T07:50:00.000+0000,647782.0911168803,17527.256670480274,855638.4398202719
2025-04-08T08:00:00.000+0000,648541.0122938404,17527.256670480274,855916.9970100294
2025-04-08T08:10:00.000+0000,645607.9566170403,17527.256670480274,852815.944823486
2025-04-08T08:20:00.000+0000,643606.83079944,17527.256670480274,851551.8321652693
2025-04-08T08:30:00.000+0000,643879.9041658402,17527.256670480274,853191.6106786628
2025-04-08T08:40:00.000+0000,646031.8292474404,17527.256670480274,854305.4762560809
2025-04-08T08:50:00.000+0000,645085.6503965603,17527.256670480274,853915.0159117326
2025-04-08T09:00:00.000+0000,646751.7684349604,17527.256670480274,854972.564324584
2025-04-08T09:10:00.000+0000,648673.7568132003,17527.256670480274,855556.7311612857
2025-04-08T09:20:00.000+0000,647458.1880468002,17527.256670480274,854262.3851682511
2025-04-08T09:30:00.000+0000,647859.2713232804,17527.256670480274,854654.7331967535
2025-04-08T09:40:00.000+0000,649581.6287341604,17527.256670480274,857733.9861327563
2025-04-08T09:50:00.000+0000,648600.8671716002,17527.256670480274,855975.1244396821
2025-04-08T10:00:00.000+0000,647447.0425703204,17527.256670480274,855289.470824162
2025-04-08T10:10:00.000+0000,647802.3568912803,17527.256670480274,856440.2959879218
2025-04-08T10:20:00.000+0000,647908.0350810401,17527.256670480274,857309.419553564
2025-04-08T10:30:00.000+0000,647701.6035584803,17527.256670480274,857583.4104526739
2025-04-08T10:40:00.000+0000,646679.4043725604,17527.256670480274,858686.379087699
2025-04-08T10:50:00.000+0000,646464.3781312804,17527.256670480274,856957.5373688658
2025-04-08T11:00:00.000+0000,646110.8715629603,17527.256670480274,856835.1157012461
2025-04-08T11:10:00.000+0000,646552.7309924002,17527.256670480274,858358.3309579939
2025-04-08T11:20:00.000+0000,647906.1457936803,17527.256670480274,860821.0561797678
2025-04-08T11:30:00.000+0000,650603.0985040804,17527.256670480274,864648.255432482
2025-04-08T11:40:00.000+0000,651763.0893684004,17527.256670480274,865987.4866811691
2025-04-08T11:50:00.000+0000,656282.6000650399,17527.256670480274,870065.8666191315
2025-04-08T12:00:00.000+0000,655459.4111434402,17527.256670480274,869108.0990392884
2025-04-08T12:10:00.000+0000,653749.34549128,17527.256670480274,868763.586094362
2025-04-08T12:20:00.000+0000,650551.8111668002,17527.256670480274,866051.1301773321
2025-04-08T12:30:00.000+0000,649347.3335204,17527.256670480274,864002.5779545044
2025-04-08T12:40:00.000+0000,648070.5597572003,17527.256670480274,862338.5325211347
2025-04-08T12:50:00.000+0000,648056.97223592,17527.256670480274,861941.7924282723
2025-04-08T13:00:00.000+0000,649254.0693914401,17527.256670480274,864633.5072410037
2025-04-08T13:10:00.000+0000,650757.0556397601,17527.256670480274,865415.411044675
2025-04-08T13:20:00.000+0000,654083.7597456803,17527.256670480274,868887.8854927019
2025-04-08T13:30:00.000+0000,645606.7288000803,17527.256670480274,860316.8612299424
2025-04-08T13:40:00.000+0000,646487.9784359202,17527.256670480274,861342.4837408336
2025-04-08T13:50:00.000+0000,645860.7234416802,17527.256670480274,860670.0400869285
2025-04-08T14:00:00.000+0000,648565.0702320805,17527.256670480274,862833.3713341546
2025-04-08T14:10:00.000+0000,651746.5206340002,17527.256670480274,865938.4971807073
2025-04-08T14:20:00.000+0000,645974.47077096,17527.256670480274,859128.601261116
2025-04-08T14:30:00.000+0000,644889.2588356002,17527.256670480274,856696.8665458236
2025-04-08T14:40:00.000+0000,640926.6778384801,17527.256670480274,852973.9181818385
2025-04-08T14:50:00.000+0000,635957.4152314402,17527.256670480274,846490.5295506471
2025-04-08T15:00:00.000+0000,634390.7683524002,17527.256670480274,845563.9735914178
2025-04-08T15:10:00.000+0000,632219.8053133602,17527.256670480274,842960.0022390946
2025-04-08T15:20:00.000+0000,632868.0826762402,17527.256670480274,843267.8085755442
2025-04-08T15:30:00.000+0000,635773.2746618402,17527.256670480274,843996.0207716094
2025-04-08T15:40:00.000+0000,635733.1056228001,17527.256670480274,844388.5545181241
2025-04-08T15:50:00.000+0000,635159.6207780004,17527.256670480274,842617.9727836499
2025-04-08T16:00:00.000+0000,635181.8573744802,17527.256670480274,842801.7758671591
2025-04-08T16:10:00.000+0000,628805.8402720804,17527.256670480274,837751.7893504512
2025-04-08T16:20:00.000+0000,627131.1139258404,17527.256670480274,835438.0394611575
2025-04-08T16:30:00.000+0000,621356.0013149601,17527.256670480274,829130.7027119517
2025-04-08T16:40:00.000+0000,618916.7131079203,17527.256670480274,826523.7284464543
2025-04-08T16:50:00.000+0000,615581.4142832803,17527.256670480274,823632.4661423091
2025-04-08T17:00:00.000+0000,612386.3220036004,17527.256670480274,821480.826793061
2025-04-08T17:10:00.000+0000,607728.4532820003,17527.256670480274,818250.8620118264
2025-04-08T17:20:00.000+0000,603346.2902192803,17527.256670480274,813849.4840208793
2025-04-08T17:30:00.000+0000,604076.6862346401,17527.256670480274,816492.7912768092
2025-04-08T17:40:00.000+0000,608137.5377524002,17527.256670480274,821864.9913452085
2025-04-08T17:50:00.000+0000,609441.5001472804,17527.256670480274,823172.3039446333
2025-04-08T18:00:00.000+0000,609906.2576436003,17527.256670480274,823334.5106838874
2025-04-08T18:10:00.000+0000,609802.44156296,17527.256670480274,823452.3604357466
2025-04-08T18:20:00.000+0000,614409.0501255202,17527.256670480274,827499.7308455878
2025-04-08T18:30:00.000+0000,615011.0193645605,17527.256670480274,828832.1975222547
2025-04-08T18:40:00.000+0000,612170.0815344803,17527.256670480274,826938.5047627841
2025-04-08T18:50:00.000+0000,612282.5738685599,17527.256670480274,825946.2393815638
2025-04-08T19:00:00.000+0000,609667.8485236005,17527.256670480274,822610.3298298074
2025-04-08T19:10:00.000+0000,607397.3463796001,17527.256670480274,818590.8430247917
2025-04-08T19:20:00.000+0000,609790.8792202399,17527.256670480274,821770.0595695794
2025-04-08T19:30:00.000+0000,605938.2533885604,17527.256670480274,816316.9722957568
2025-04-08T19:40:00.000+0000,605023.5809124003,17527.256670480274,814897.454181077
2025-04-08T19:50:00.000+0000,607720.43849896,17527.256670480274,818996.6164682114
2025-04-08T20:00:00.000+0000,605709.4629674398,17527.256670480274,817698.8542730936
2025-04-08T20:10:00.000+0000,607603.0213079201,17527.256670480274,818906.043247766
2025-04-08T20:20:00.000+0000,606637.0750836001,17527.256670480274,818282.6349090168
2025-04-08T20:30:00.000+0000,608254.9821216804,17527.256670480274,820283.1432575122
2025-04-08T20:40:00.000+0000,610209.6639242407,17527.256670480274,824849.3602250786
2025-04-08T20:50:00.000+0000,611079.1745588002,17527.256670480274,826214.6694190437
2025-04-08T21:00:00.000+0000,608718.9966128803,17527.256670480274,824814.8634789936
2025-04-08T21:10:00.000+0000,608061.4494717602,17527.256670480274,823837.9331964375
2025-04-08T21:20:00.000+0000,606430.5756154404,17527.256670480274,823504.046768408
2025-04-08T21:30:00.000+0000,604826.8768016801,17527.256670480274,821819.8247089103
2025-04-08T21:40:00.000+0000,609496.5117027999,17527.256670480274,826231.0889382875
2025-04-08T21:50:00.000+0000,610447.6154106404,17527.256670480274,826281.7245831867
2025-04-08T22:00:00.000+0000,605779.8969751202,17527.256670480274,820805.2848762833
2025-04-08T22:10:00.000+0000,605645.1816336804,17527.256670480274,822033.8032485256
2025-04-08T22:20:00.000+0000,600069.0792871204,17527.256670480274,818804.6907650122
2025-04-08T22:30:00.000+0000,601293.2835396004,17527.256670480274,815884.7105603857
2025-04-08T22:40:00.000+0000,602330.2980637602,17527.256670480274,816965.3481978016
2025-04-08T22:50:00.000+0000,603840.6376247201,17527.256670480274,819630.1107857997
2025-04-08T23:00:00.000+0000,606239.6752580001,17527.256670480274,820338.4810809912
2025-04-08T23:10:00.000+0000,605308.3253344801,17527.256670480274,818601.8077993304
2025-04-08T23:20:00.000+0000,606802.6217402401,17527.256670480274,820099.8893865615
2025-04-08T23:30:00.000+0000,608254.9005869604,17527.256670480274,821705.9757499536
2025-04-08T23:40:00.000+0000,606975.6304224802,17527.256670480274,821484.6735437608
2025-04-08T23:50:00.000+0000,607185.1246928801,17527.256670480274,821784.8479863567
2025-04-09T00:00:00.000+0000,604045.0575578404,17527.256670480274,817567.7316816642
2025-04-09T00:10:00.000+0000,605801.3362100002,17527.256670480274,822053.8984580578
2025-04-09T00:20:00.000+0000,605450.9059786404,17527.256670480274,824096.7359113996
2025-04-09T00:30:00.000+0000,601310.1876055205,17527.256670480274,821575.678001604
2025-04-09T00:40:00.000+0000,600354.1454516005,17527.256670480274,819657.2616063559
2025-04-09T00:50:00.000+0000,600592.1377053601,17527.256670480274,818108.0268553352
2025-04-09T01:00:00.000+0000,593249.0416855203,17527.256670480274,811234.022952365
2025-04-09T01:10:00.000+0000,579690.8900909603,17527.256670480274,799268.5830016148
2025-04-09T01:20:00.000+0000,569899.9926800802,17527.256670480274,790678.4461255812
2025-04-09T01:30:00.000+0000,571020.2177824801,17527.256670480274,793908.8869214742
2025-04-09T01:40:00.000+0000,579349.5529792802,17527.256670480274,803057.5289200761
2025-04-09T01:50:00.000+0000,584059.3840976804,17527.256670480274,808918.8286624742
2025-04-09T02:00:00.000+0000,588009.64615784,17527.256670480274,813635.2404750986
2025-04-09T02:10:00.000+0000,590445.7764932003,17527.256670480274,814803.0308739909
2025-04-09T02:20:00.000+0000,586522.7574212002,17527.256670480274,809871.6276714867
2025-04-09T02:30:00.000+0000,587478.8131642402,17527.256670480274,810377.3966767178
2025-04-09T02:40:00.000+0000,583849.3506589603,17527.256670480274,806099.2905048099
2025-04-09T02:50:00.000+0000,581289.6504586402,17527.256670480274,804755.0450942387
2025-04-09T03:00:00.000+0000,580588.29159496,17527.256670480274,802950.3337928184
2025-04-09T03:10:00.000+0000,582892.7421584802,17527.256670480274,804565.6374092721
2025-04-09T03:20:00.000+0000,581088.1845604002,17527.256670480274,802573.5878275243
2025-04-09T03:30:00.000+0000,580891.0364052004,17527.256670480274,802729.7083434088
2025-04-09T03:40:00.000+0000,577956.1865648802,17527.256670480274,799311.5111669588
2025-04-09T03:50:00.000+0000,579665.4956228003,17527.256670480274,801564.1155192491
2025-04-09T04:00:00.000+0000,579082.0659402404,17527.256670480274,801267.0402068949
2025-04-09T04:10:00.000+0000,581744.9751072805,17527.256670480274,805411.3064581542
2025-04-09T04:20:00.000+0000,580957.0031895206,17527.256670480274,806034.365306895
2025-04-09T04:30:00.000+0000,583317.1403680802,17527.256670480274,808809.3805767256
2025-04-09T04:40:00.000+0000,590404.40681544,17527.256670480274,816044.2164341949
2025-04-09T04:50:00.000+0000,588364.3669540001,17527.256670480274,815259.1518476831
2025-04-09T05:00:00.000+0000,589817.2936820001,17527.256670480274,815111.4115706095
2025-04-09T05:10:00.000+0000,593653.2148880803,17527.256670480274,818092.4657955009
2025-04-09T05:20:00.000+0000,594308.8863309604,17527.256670480274,819477.1263881444
2025-04-09T05:30:00.000+0000,595636.4082631202,17527.256670480274,819068.552624901
2025-04-09T05:40:00.000+0000,593823.7271690402,17527.256670480274,818339.1568668124
2025-04-09T05:50:00.000+0000,593909.5972180002,17527.256670480274,819425.1015742003
2025-04-09T06:00:00.000+0000,595275.9652484002,17527.256670480274,821218.7953109073
2025-04-09T06:10:00.000+0000,598700.8855184801,17527.256670480274,825445.1867830907
2025-04-09T06:20:00.000+0000,597492.7108320803,17527.256670480274,823065.548952915
2025-04-09T06:30:00.000+0000,596550.2290212002,17527.256670480274,822824.3769796434
2025-04-09T06:40:00.000+0000,596361.1364164003,17527.256670480274,823189.8454268784
2025-04-09T06:50:00.000+0000,595045.4214311201,17527.256670480274,822175.7950054372
2025-04-09T07:00:00.000+0000,595143.0576596004,17527.256670480274,822910.4951684797
2025-04-09T07:10:00.000+0000,600019.0697268003,17527.256670480274,829692.1167126461
2025-04-09T07:20:00.000+0000,599454.86824936,17527.256670480274,829007.5408015831
2025-04-09T07:30:00.000+0000,604309.9123044002,17527.256670480274,833181.7364529877
2025-04-09T07:40:00.000+0000,606501.3177764001,17527.256670480274,834238.6003376412
2025-04-09T07:50:00.000+0000,605541.5649933603,17527.256670480274,833294.7323540066
2025-04-09T08:00:00.000+0000,604538.0140768801,17527.256670480274,830709.3340786155
2025-04-09T08:10:00.000+0000,604351.4178733602,17527.256670480274,829629.4769271065
2025-04-09T08:20:00.000+0000,606934.6640218401,17527.256670480274,831237.6015916213
2025-04-09T08:30:00.000+0000,604458.3510583205,17527.256670480274,828324.8970925765
2025-04-09T08:40:00.000+0000,605072.0592986403,17527.256670480274,828306.6461760232
2025-04-09T08:50:00.000+0000,605973.0898970403,17527.256670480274,829141.0036253764
2025-04-09T09:00:00.000+0000,607108.2934071202,17527.256670480274,831402.974756687
2025-04-09T09:10:00.000+0000,605068.8470704805,17527.256670480274,829714.5924606114
2025-04-09T09:20:00.000+0000,602825.4656125604,17527.256670480274,828416.3882787284
2025-04-09T09:30:00.000+0000,600990.6022784803,17527.256670480274,827016.1066012369
2025-04-09T09:40:00.000+0000,602285.9155981605,17527.256670480274,828540.7769543726
2025-04-09T09:50:00.000+0000,602932.9651440803,17527.256670480274,830021.3990661064
2025-04-09T10:00:00.000+0000,603318.0188544805,17527.256670480274,828308.2853806976
2025-04-09T10:10:00.000+0000,604776.5183207203,17527.256670480274,830000.3151700632
2025-04-09T10:20:00.000+0000,604169.5970464802,17527.256670480274,829064.2332117795
2025-04-09T10:30:00.000+0000,602178.4296557602,17527.256670480274,826188.7201447177
2025-04-09T10:40:00.000+0000,602890.3268820003,17527.256670480274,827564.6089320172
2025-04-09T10:50:00.000+0000,606746.6225754403,17527.256670480274,830844.9418748906
2025-04-09T11:00:00.000+0000,593910.2722775203,17527.256670480274,815228.5543116792
2025-04-09T11:10:00.000+0000,594989.8842964002,17527.256670480274,816926.8654414264
2025-04-09T11:20:00.000+0000,594760.6362416805,17527.256670480274,815947.9976089185
2025-04-09T11:30:00.000+0000,591293.0505312802,17527.256670480274,810327.3825570494
2025-04-09T11:40:00.000+0000,591477.8389821603,17527.256670480274,808905.7095700307
2025-04-09T11:50:00.000+0000,594222.9755146401,17527.256670480274,812477.4178026674
2025-04-09T12:00:00.000+0000,592828.7573821602,17527.256670480274,811408.0853080163
2025-04-09T12:10:00.000+0000,594476.9973344803,17527.256670480274,814104.4419792378
2025-04-09T12:20:00.000+0000,592442.5438004003,17527.256670480274,811062.4919578969
2025-04-09T12:30:00.000+0000,589791.9399812004,17527.256670480274,808438.2734644226
2025-04-09T12:40:00.000+0000,592147.1251245602,17527.256670480274,811544.7284192888
2025-04-09T12:50:00.000+0000,598153.4566122403,17527.256670480274,818578.1733597347
2025-04-09T13:00:00.000+0000,597848.7817472803,17527.256670480274,819032.3391479207
2025-04-09T13:10:00.000+0000,597866.7277789603,17527.256670480274,818678.9228201807
2025-04-09T13:20:00.000+0000,595606.0753488801,17527.256670480274,816561.0104447606
2025-04-09T13:30:00.000+0000,598214.6208416803,17527.256670480274,819867.1398986897
2025-04-09T13:40:00.000+0000,603955.2050973603,17527.256670480274,825880.2485253508
2025-04-09T13:50:00.000+0000,607849.1870176801,17527.256670480274,828846.4835964595
2025-04-09T14:00:00.000+0000,604839.4903028002,17527.256670480274,829039.5071346241
2025-04-09T14:10:00.000+0000,603266.0836359202,17527.256670480274,827446.9971339109
2025-04-09T14:20:00.000+0000,605488.3611904802,17527.256670480274,830597.509693461
2025-04-09T14:30:00.000+0000,605264.6315175204,17527.256670480274,831489.9752200337
2025-04-09T14:40:00.000+0000,602620.8146644004,17527.256670480274,828752.785248652
2025-04-09T14:50:00.000+0000,598850.3890199204,17527.256670480274,824918.626047547
2025-04-09T15:00:00.000+0000,599327.4518640804,17527.256670480274,826603.4983301322
2025-04-09T15:10:00.000+0000,602168.9696298401,17527.256670480274,830070.58633074
2025-04-09T15:20:00.000+0000,605521.0002583204,17527.256670480274,831997.6458603803
2025-04-09T15:30:00.000+0000,602679.46890344,17527.256670480274,829003.9123656505
2025-04-09T15:40:00.000+0000,602564.5345245602,17527.256670480274,828494.8625096929
2025-04-09T15:50:00.000+0000,603584.8580122401,17527.256670480274,829514.7190885085
2025-04-09T16:00:00.000+0000,604153.4180000802,17527.256670480274,829646.9556836017
2025-04-09T16:10:00.000+0000,609602.3893328801,17527.256670480274,833530.3769391077
2025-04-09T16:20:00.000+0000,611267.9682029603,17527.256670480274,833228.8240589758
2025-04-09T16:30:00.000+0000,611933.6388400807,17527.256670480274,833852.8392117784
2025-04-09T16:40:00.000+0000,612905.7105600805,17527.256670480274,835995.8858111491
2025-04-09T16:50:00.000+0000,615506.3228045604,17527.256670480274,838031.6499286188
2025-04-09T17:00:00.000+0000,617874.4475879202,17527.256670480274,841882.721556823
2025-04-09T17:10:00.000+0000,611811.2696138403,17527.256670480274,836285.0212617317
2025-04-09T17:20:00.000+0000,626730.8915600801,17527.256670480274,853096.1615899254
2025-04-09T17:30:00.000+0000,648748.8846628002,17527.256670480274,884824.3456862271
2025-04-09T17:40:00.000+0000,656654.0254868001,17527.256670480274,887197.4250701201
2025-04-09T17:50:00.000+0000,681874.7811280803,17527.256670480274,894678.4119438424
2025-04-09T18:00:00.000+0000,684403.3646416805,17527.256670480274,901107.0936936443
2025-04-09T18:10:00.000+0000,686337.6176004,17527.256670480274,905271.5751866042
2025-04-09T18:20:00.000+0000,693391.2573706403,17527.256670480274,913796.6986962871
2025-04-09T18:30:00.000+0000,693405.6014861603,17527.256670480274,911909.2530078054
2025-04-09T18:40:00.000+0000,686012.4187677604,17527.256670480274,903683.7989867041
2025-04-09T18:50:00.000+0000,680876.7441968801,17527.256670480274,901461.6587774395
2025-04-09T19:00:00.000+0000,681214.8011348003,17527.256670480274,902305.9354199655
2025-04-09T19:10:00.000+0000,683808.5992349602,17527.256670480274,905811.4788651774
2025-04-09T19:20:00.000+0000,683516.0842254485,1428.263577680178,909736.3453234341
2025-04-09T19:30:00.000+0000,682522.513938072,1428.263577680178,908450.1455594087
2025-04-09T19:40:00.000+0000,676767.6451691522,1428.263577680178,907276.280759665
2025-04-09T19:50:00.000+0000,674888.0667357921,1428.263577680178,907790.0059654305
2025-04-09T20:00:00.000+0000,675390.402805184,1428.263577680178,909419.4133990287
2025-04-09T20:10:00.000+0000,676571.3790677441,182950.58745128007,910054.0572328888
2025-04-09T20:20:00.000+0000,677637.6954516481,182950.58745128007,908287.218412838
2025-04-09T20:30:00.000+0000,678097.7948474321,182950.58745128007,908625.6912263058
2025-04-09T20:40:00.000+0000,678111.6492950001,182950.58745128007,911436.4953625472
2025-04-09T20:50:00.000+0000,678700.0367981282,182950.58745128007,913807.2758482439
2025-04-09T21:00:00.000+0000,681992.6006581121,182950.58745128007,916299.9757661404
2025-04-09T21:10:00.000+0000,684855.8486257921,182950.58745128007,918712.5303310892
2025-04-09T21:20:00.000+0000,684141.7082455121,182950.58745128007,917781.5621948501
2025-04-09T21:30:00.000+0000,681914.7160956481,182950.58745128007,913806.8770290129
2025-04-09T21:40:00.000+0000,681760.91659376,182950.58745128007,915294.1972667072
2025-04-09T21:50:00.000+0000,682440.768716608,182950.58745128007,917066.9891229314
2025-04-09T22:00:00.000+0000,681006.6981715842,182950.58745128007,918115.95868329
2025-04-09T22:10:00.000+0000,683903.8563993361,182950.58745128007,920103.1016061644
2025-04-09T22:20:00.000+0000,683375.3978346721,182950.58745128007,920452.5131613327
2025-04-09T22:30:00.000+0000,683809.189133784,182950.58745128007,919516.2272414718
2025-04-09T22:40:00.000+0000,683907.480048096,182950.58745128007,917337.2612356534
2025-04-09T22:50:00.000+0000,684110.2375122561,182950.58745128007,916960.2922692834
2025-04-09T23:00:00.000+0000,683115.1008290001,182950.58745128007,916168.2341894868
2025-04-09T23:10:00.000+0000,680332.8099038322,182950.58745128007,913274.0405603413
2025-04-09T23:20:00.000+0000,681069.1494405679,182950.58745128007,912268.5770043066
2025-04-09T23:30:00.000+0000,681430.9618289121,182950.58745128007,913385.6451638725
2025-04-09T23:40:00.000+0000,682656.213362896,182950.58745128007,914300.0281576462
2025-04-09T23:50:00.000+0000,682162.855425248,182950.58745128007,913985.6971077311
2025-04-10T00:00:00.000+0000,679862.359035856,182950.58745128007,912420.6289844364
2025-04-10T00:10:00.000+0000,679032.5568990641,182950.58745128007,910833.0599477073
2025-04-10T00:20:00.000+0000,677888.1262066402,182950.58745128007,909757.5439216094
2025-04-10T00:30:00.000+0000,673213.9892400561,182950.58745128007,905406.9508421621
2025-04-10T00:40:00.000+0000,669239.421250208,182950.58745128007,902161.3958023788
2025-04-10T00:50:00.000+0000,669405.2514098642,182950.58745128007,902429.7805081639
2025-04-10T01:00:00.000+0000,672935.5139886241,182950.58745128007,906218.4283942822
2025-04-10T01:10:00.000+0000,671896.048726624,182950.58745128007,905592.6024576774
2025-04-10T01:20:00.000+0000,671044.0587243361,182950.58745128007,903895.8761148448
2025-04-10T01:30:00.000+0000,668238.9023661602,182950.58745128007,900958.3268211267
2025-04-10T01:40:00.000+0000,668181.9839373601,182950.58745128007,902940.2178698634
2025-04-10T01:50:00.000+0000,668770.4762765521,182950.58745128007,903053.4986839155
2025-04-10T02:00:00.000+0000,667702.4193761761,182950.58745128007,902208.743621071
2025-04-10T02:10:00.000+0000,669189.463538376,182950.58745128007,905520.0051406097
2025-04-10T02:20:00.000+0000,671044.5338839041,182950.58745128007,905983.1437534813
2025-04-10T02:30:00.000+0000,670583.41580372,182950.58745128007,904359.108816341
2025-04-10T02:40:00.000+0000,668037.5858183443,182950.58745128007,902692.0259053286
2025-04-10T02:50:00.000+0000,668148.753752792,182950.58745128007,901928.3022438292
2025-04-10T03:00:00.000+0000,667358.4496322881,182950.58745128007,899553.4089459751
2025-04-10T03:10:00.000+0000,660746.2973592721,182950.58745128007,890721.113502884
2025-04-10T03:20:00.000+0000,659524.6487606321,182950.58745128007,889731.8432277057
2025-04-10T03:30:00.000+0000,659145.326061752,182950.58745128007,888808.1025766946
2025-04-10T03:40:00.000+0000,660772.1849726,182950.58745128007,891431.7118504555
2025-04-10T03:50:00.000+0000,661120.9761162801,182950.58745128007,891534.5741245743
2025-04-10T04:00:00.000+0000,660951.4429414081,182950.58745128007,892644.4408138918
2025-04-10T04:10:00.000+0000,661085.7809249761,182950.58745128007,892115.5911693029
2025-04-10T04:20:00.000+0000,658486.1763337281,182950.58745128007,891323.1281264459
2025-04-10T04:30:00.000+0000,656808.8031466561,182950.58745128007,890471.7003981862
2025-04-10T04:40:00.000+0000,658878.483776496,182950.58745128007,893624.0451509798
2025-04-10T04:50:00.000+0000,661354.593562688,182950.58745128007,895064.1009092387
2025-04-10T05:00:00.000+0000,662069.8607308161,182950.58745128007,894736.2851617502
2025-04-10T05:10:00.000+0000,663555.712657568,182950.58745128007,896018.2493807138
2025-04-10T05:20:00.000+0000,667115.1041245601,182950.58745128007,896568.2534185102
2025-04-10T05:30:00.000+0000,666043.656848656,182950.58745128007,896984.0321308129
2025-04-10T05:40:00.000+0000,665828.2459553439,182950.58745128007,896360.3217086168
2025-04-10T05:50:00.000+0000,664854.056730704,182950.58745128007,895788.2429062466
2025-04-10T06:00:00.000+0000,664614.1637787201,182950.58745128007,897127.27448596
2025-04-10T06:10:00.000+0000,665744.562945352,182950.58745128007,898914.2564408212
2025-04-10T06:20:00.000+0000,664643.7551666562,182950.58745128007,897133.3642059993
2025-04-10T06:30:00.000+0000,663320.4262973601,182950.58745128007,895430.8424551599
2025-04-10T06:40:00.000+0000,661841.7309607522,182950.58745128007,894337.9766207357
2025-04-10T06:50:00.000+0000,662693.7045361921,182950.58745128007,895421.2328217727
2025-04-10T07:00:00.000+0000,661733.8036617201,182950.58745128007,895709.6582657539
2025-04-10T07:10:00.000+0000,662380.824900304,182950.58745128007,895061.3231255835
2025-04-10T07:20:00.000+0000,662893.020385848,286917.1220417519,893121.8464614697
2025-04-10T07:30:00.000+0000,659514.0003661679,286917.1220417519,884477.0026861875
2025-04-10T07:40:00.000+0000,659840.3655449839,286917.1220417519,885548.7642525606
2025-04-10T07:50:00.000+0000,661613.72360268,286917.1220417519,887385.9964474759
2025-04-10T08:00:00.000+0000,660857.4650339279,286917.1220417519,886141.5307967615
2025-04-10T08:10:00.000+0000,661106.6204899759,286917.1220417519,887107.5325146915
2025-04-10T08:20:00.000+0000,660084.811751448,286917.1220417519,886309.4766750371
2025-04-10T08:30:00.000+0000,657712.3706838799,286917.1220417519,883825.9479182907
2025-04-10T08:40:00.000+0000,657741.398503032,286917.1220417519,884408.7564122472
2025-04-10T08:50:00.000+0000,658350.0422382,286917.1220417519,885585.4274162856
2025-04-10T09:00:00.000+0000,657450.504424616,286917.1220417519,884053.773782657
2025-04-10T09:10:00.000+0000,656996.509931,286917.1220417519,884143.9615982573
2025-04-10T09:20:00.000+0000,658457.730078952,286917.1220417519,887803.0477040305
2025-04-10T09:30:00.000+0000,658497.1018363279,286917.1220417519,888401.2993183783
2025-04-10T09:40:00.000+0000,659848.371075432,286917.1220417519,887966.1198781747
2025-04-10T09:50:00.000+0000,660670.900225272,286917.1220417519,889726.4069144886
2025-04-10T10:00:00.000+0000,659526.787748072,286917.1220417519,889657.1585217927
2025-04-10T10:10:00.000+0000,658311.375816104,286917.1220417519,887406.8237975492
2025-04-10T10:20:00.000+0000,657316.740661304,286917.1220417519,885900.0221755744
2025-04-10T10:30:00.000+0000,658499.034488968,286917.1220417519,886155.1189283829
2025-04-10T10:40:00.000+0000,657885.1248299121,286917.1220417519,884133.7212821394
2025-04-10T10:50:00.000+0000,658270.9052984399,286917.1220417519,885001.7872202564
2025-04-10T11:00:00.000+0000,656670.8411146479,286917.1220417519,885330.2724896893
2025-04-10T11:10:00.000+0000,654156.4787350318,286917.1220417519,881832.6029610466
2025-04-10T11:20:00.000+0000,654515.8958511278,286917.1220417519,882963.0635986467
2025-04-10T11:30:00.000+0000,654878.7868458959,286917.1220417519,883157.8783445394
2025-04-10T11:40:00.000+0000,655539.9896801199,286917.1220417519,885748.0554395036
2025-04-10T11:50:00.000+0000,655367.340869752,286917.1220417519,884452.0134005161
2025-04-10T12:00:00.000+0000,656406.470660344,286917.1220417519,883185.9165817196
2025-04-10T12:10:00.000+0000,657453.748407352,286917.1220417519,884532.7167570115
2025-04-10T12:20:00.000+0000,658385.1615202798,286917.1220417519,886191.3347753058
2025-04-10T12:30:00.000+0000,659931.399319656,286917.1220417519,890190.7559181557
2025-04-10T12:40:00.000+0000,657354.6326634319,286917.1220417519,883311.4904469727
2025-04-10T12:50:00.000+0000,656084.879279432,286917.1220417519,880511.5684705115
2025-04-10T13:00:00.000+0000,654731.199750104,286917.1220417519,880012.8433252209
2025-04-10T13:10:00.000+0000,655024.0765210959,286917.1220417519,879829.5237505676
2025-04-10T13:20:00.000+0000,656694.8123223279,286917.1220417519,883114.4631736696
2025-04-10T13:30:00.000+0000,652438.789166888,286917.1220417519,872885.2824554553
2025-04-10T13:40:00.000+0000,651263.998232104,286917.1220417519,872247.6097470183
2025-04-10T13:50:00.000+0000,653451.6839622799,286917.1220417519,874906.5654174257
2025-04-10T14:00:00.000+0000,652332.471489128,286917.1220417519,872898.1073073011
2025-04-10T14:10:00.000+0000,651638.359763096,286917.1220417519,872594.6989018237
2025-04-10T14:20:00.000+0000,655466.4117695759,286917.1220417519,876955.3719684868
2025-04-10T14:30:00.000+0000,657064.0199797199,286917.1220417519,880209.2161006918
2025-04-10T14:40:00.000+0000,657862.274704648,286917.1220417519,880717.6738716322
2025-04-10T14:50:00.000+0000,656038.609105208,286917.1220417519,876314.7761894627
2025-04-10T15:00:00.000+0000,654924.1026242479,286917.1220417519,872694.758450459
2025-04-10T15:10:00.000+0000,650873.366487704,286917.1220417519,865348.6013106236
2025-04-10T15:20:00.000+0000,648235.1511697681,286917.1220417519,861317.9181626451
2025-04-10T15:30:00.000+0000,642505.8927062,286917.1220417519,849215.821721954
2025-04-10T15:40:00.000+0000,641083.87263308,286917.1220417519,843696.6621217462
2025-04-10T15:50:00.000+0000,641622.53875516,286917.1220417519,845987.76020342
2025-04-10T16:00:00.000+0000,641027.9426329039,286917.1220417519,842378.6587056662
2025-04-10T16:10:00.000+0000,642891.251492344,286917.1220417519,844051.3646853413
2025-04-10T16:20:00.000+0000,641181.401567464,286917.1220417519,840075.0164104346
2025-04-10T16:30:00.000+0000,643250.8909704079,286917.1220417519,846309.3299352117
2025-04-10T16:40:00.000+0000,642628.8325355919,286917.1220417519,846183.5052026778
2025-04-10T16:50:00.000+0000,644560.4649124559,286917.1220417519,849066.6600991684
2025-04-10T17:00:00.000+0000,643521.0170365359,286917.1220417519,844702.1152234892
2025-04-10T17:10:00.000+0000,643575.0968780239,286917.1220417519,843335.527046367
2025-04-10T17:20:00.000+0000,644622.25116388,286917.1220417519,843439.6589225023
2025-04-10T17:30:00.000+0000,646347.902317656,286917.1220417519,847153.3037162158
2025-04-10T17:40:00.000+0000,647643.3576836081,286917.1220417519,847968.3303982568
2025-04-10T17:50:00.000+0000,649129.71660444,286917.1220417519,850587.6315192075
2025-04-10T18:00:00.000+0000,650908.7085314319,286917.1220417519,853018.357399622
2025-04-10T18:10:00.000+0000,650797.015337528,286917.1220417519,851846.8967476304
2025-04-10T18:20:00.000+0000,652043.9053468718,286917.1220417519,855496.054019732
2025-04-10T18:30:00.000+0000,651520.8751860079,286917.1220417519,856038.7442908081
2025-04-10T18:40:00.000+0000,651585.281739512,286917.1220417519,855299.9174003645
2025-04-10T18:50:00.000+0000,651371.9489224079,286917.1220417519,854747.4159578427
2025-04-10T19:00:00.000+0000,652151.0356939759,286917.1220417519,857233.466265209
2025-04-10T19:10:00.000+0000,652122.8801964079,286917.1220417519,856083.7697269963
2025-04-10T19:20:00.000+0000,652337.9740635438,286917.1220417519,854169.7052243856
2025-04-10T19:30:00.000+0000,652768.9580602959,286917.1220417519,855311.8883090455
2025-04-10T19:40:00.000+0000,653254.6219980719,286917.1220417519,854659.63042091
2025-04-10T19:50:00.000+0000,654745.5405083119,286917.1220417519,857077.2682766799
2025-04-10T20:00:00.000+0000,655662.8988540559,286917.1220417519,858798.7742470589
2025-04-10T20:10:00.000+0000,657190.0635241519,286917.1220417519,859437.9101005155
2025-04-10T20:20:00.000+0000,656616.303119976,286917.1220417519,858014.9433834444
2025-04-10T20:30:00.000+0000,656806.620444216,286917.1220417519,859063.0046364546
2025-04-10T20:40:00.000+0000,656336.5712646319,286917.1220417519,862066.366821929
2025-04-10T20:50:00.000+0000,656069.3499728241,286917.1220417519,863697.7042755643
2025-04-10T21:00:00.000+0000,656492.4215245999,286917.1220417519,863694.6809903826
2025-04-10T21:10:00.000+0000,657263.2500280719,286917.1220417519,861891.6791314422
2025-04-10T21:20:00.000+0000,655868.9242217999,286917.1220417519,859873.1535989781
2025-04-10T21:30:00.000+0000,656230.0173560081,286917.1220417519,861970.5853957382
2025-04-10T21:40:00.000+0000,654968.592583784,286917.1220417519,861194.8881605398
2025-04-10T21:50:00.000+0000,654666.691557976,286917.1220417519,860967.0596311553
2025-04-10T22:00:00.000+0000,653891.914176136,286917.1220417519,860592.93117419
2025-04-10T22:10:00.000+0000,655143.027823864,286917.1220417519,863038.5049062434
2025-04-10T22:20:00.000+0000,654203.8509269359,286917.1220417519,863219.4787662909
2025-04-10T22:30:00.000+0000,654373.399519464,286917.1220417519,864188.2684449507
2025-04-10T22:40:00.000+0000,653901.7356926319,286917.1220417519,863916.4246467653
2025-04-10T22:50:00.000+0000,652823.482705656,286917.1220417519,862495.9489133732
2025-04-10T23:00:00.000+0000,651523.211035832,286917.1220417519,861485.5768115214
2025-04-10T23:10:00.000+0000,650660.9274949679,286917.1220417519,861076.9773283745
2025-04-10T23:20:00.000+0000,651312.854255992,286917.1220417519,859282.1656619117
2025-04-10T23:30:00.000+0000,651246.2198062319,286917.1220417519,859684.1587020624
2025-04-10T23:40:00.000+0000,652994.7703258479,286917.1220417519,862327.5811788407
2025-04-10T23:50:00.000+0000,652442.6771739919,286917.1220417519,862061.9895223227
2025-04-11T00:00:00.000+0000,652339.8071758798,286917.1220417519,860350.2840275983
2025-04-11T00:10:00.000+0000,652879.6384251118,286917.1220417519,861789.708065693
2025-04-11T00:20:00.000+0000,653369.686992376,286917.1220417519,861689.5198461062
2025-04-11T00:30:00.000+0000,651000.0255992879,286917.1220417519,860403.0764496386
2025-04-11T00:40:00.000+0000,651579.2825427118,286917.1220417519,859970.518273792
2025-04-11T00:50:00.000+0000,649753.954794056,286917.1220417519,856133.2550954078
2025-04-11T01:00:00.000+0000,649851.8793117199,286917.1220417519,856662.2982472825
2025-04-11T01:10:00.000+0000,650774.262454408,286917.1220417519,859955.3849904033
2025-04-11T01:20:00.000+0000,651059.760513096,286917.1220417519,862782.7922711757
2025-04-11T01:30:00.000+0000,651418.88900028,286917.1220417519,864690.3031209651
2025-04-11T01:40:00.000+0000,651779.933913096,286917.1220417519,865015.5107412654
2025-04-11T01:50:00.000+0000,653484.4296247759,286917.1220417519,868769.2917242069
2025-04-11T02:00:00.000+0000,654214.5562757999,286917.1220417519,868619.9387225783
2025-04-11T02:10:00.000+0000,654615.9744441521,286917.1220417519,869068.4814242427
2025-04-11T02:20:00.000+0000,655485.5237277679,286917.1220417519,870892.3607941302
2025-04-11T02:30:00.000+0000,656872.4816330799,286917.1220417519,873430.2003137711
2025-04-11T02:40:00.000+0000,656503.5201985519,286917.1220417519,872458.2257420942
2025-04-11T02:50:00.000+0000,656493.6839938159,286917.1220417519,870408.0273391113
2025-04-11T03:00:00.000+0000,657546.218691896,286917.1220417519,871850.4735892373
2025-04-11T03:10:00.000+0000,658157.7328488879,286917.1220417519,873362.7943092517
2025-04-11T03:20:00.000+0000,659478.079146152,286917.1220417519,874863.3226394766
2025-04-11T03:30:00.000+0000,659896.037611672,286917.1220417519,874562.5789252489
2025-04-11T03:40:00.000+0000,660836.71720548,286917.1220417519,875847.3707579484
2025-04-11T03:50:00.000+0000,661056.04929932,286917.1220417519,876070.1961341747
2025-04-11T04:00:00.000+0000,662740.403397192,286917.1220417519,876814.9704178204
2025-04-11T04:10:00.000+0000,664110.484155032,286917.1220417519,878434.996567003
2025-04-11T04:20:00.000+0000,664871.592480872,286917.1220417519,878555.6104287733
2025-04-11T04:30:00.000+0000,665834.060350104,286917.1220417519,877062.1176504993
2025-04-11T04:40:00.000+0000,665617.658410264,286917.1220417519,876899.9907895501
2025-04-11T04:50:00.000+0000,666045.0802390319,286917.1220417519,877035.8826672066
2025-04-11T05:00:00.000+0000,664851.6618981039,286917.1220417519,874717.3995315342
2025-04-11T05:10:00.000+0000,664436.7505329519,286917.1220417519,875444.7706622446
2025-04-11T05:20:00.000+0000,664902.4371054161,286917.1220417519,875241.7255164344
2025-04-11T05:30:00.000+0000,666455.5899283438,286917.1220417519,876991.8722454435
2025-04-11T05:40:00.000+0000,665891.1596341039,286917.1220417519,877392.9331095682
2025-04-11T05:50:00.000+0000,665701.696585896,286917.1220417519,877474.7026430783
2025-04-11T06:00:00.000+0000,667355.9689684081,286917.1220417519,881074.8023767906
2025-04-11T06:10:00.000+0000,669291.12916076,286917.1220417519,883705.6275904779
2025-04-11T06:20:00.000+0000,668012.227141528,286917.1220417519,883453.0183603961
2025-04-11T06:30:00.000+0000,668272.3413235759,286917.1220417519,883380.1088006659
2025-04-11T06:40:00.000+0000,668540.056380056,286917.1220417519,884600.479316314
2025-04-11T06:50:00.000+0000,667617.983888648,286917.1220417519,883425.1982772541
2025-04-11T07:00:00.000+0000,665111.9942654639,286917.1220417519,881216.6097481988
2025-04-11T07:10:00.000+0000,662384.8672538319,286917.1220417519,881779.5919019692
2025-04-11T07:20:00.000+0000,662476.789137448,286917.1220417519,880419.5378194528
2025-04-11T07:30:00.000+0000,662619.850097048,286917.1220417519,880951.4949022732
2025-04-11T07:40:00.000+0000,664862.868985256,286917.1220417519,884261.7424805376
2025-04-11T07:50:00.000+0000,664911.265097368,286917.1220417519,883317.0562270752
2025-04-11T08:00:00.000+0000,662825.3032029679,286917.1220417519,878573.4670780574
2025-04-11T08:10:00.000+0000,663951.7477858,286917.1220417519,882874.654685257
2025-04-11T08:20:00.000+0000,663488.218765912,286917.1220417519,882429.2078943815
2025-04-11T08:30:00.000+0000,664360.1709057039,286917.1220417519,882720.6402847818
2025-04-11T08:40:00.000+0000,663758.9744879119,286917.1220417519,885008.1929389865
2025-04-11T08:50:00.000+0000,662920.6261635439,286917.1220417519,885198.0948643174
2025-04-11T09:00:00.000+0000,663129.1467535121,286917.1220417519,884971.0200099268
2025-04-11T09:10:00.000+0000,663192.3923565199,286917.1220417519,884483.232828262
2025-04-11T09:20:00.000+0000,664814.413960312,286917.1220417519,886466.3422807081
2025-04-11T09:30:00.000+0000,666754.776347576,286917.1220417519,890807.8081267558
2025-04-11T09:40:00.000+0000,667619.055630568,286917.1220417519,891875.6890216884
2025-04-11T09:50:00.000+0000,667649.1062508239,286917.1220417519,892342.8634927893
2025-04-11T10:00:00.000+0000,668974.207581016,286917.1220417519,891607.1182849562
2025-04-11T10:10:00.000+0000,666388.72304468,286917.1220417519,891871.43308676
2025-04-11T10:20:00.000+0000,669013.7697859119,286917.1220417519,895809.9112680983
2025-04-11T10:30:00.000+0000,668124.250471112,286917.1220417519,896776.6958775949
2025-04-11T10:40:00.000+0000,667397.782630696,286917.1220417519,894838.9608147698
2025-04-11T10:50:00.000+0000,666994.8658421999,286917.1220417519,895038.9842851246
2025-04-11T11:00:00.000+0000,667511.536115048,286917.1220417519,896433.3952282663
2025-04-11T11:10:00.000+0000,668234.1884303279,286917.1220417519,894805.0215535158
2025-04-11T11:20:00.000+0000,667943.419451752,286917.1220417519,893032.6178207314
2025-04-11T11:30:00.000+0000,666795.2135119438,286917.1220417519,891356.0802037625
2025-04-11T11:40:00.000+0000,666555.9081295279,286917.1220417519,892093.4343265462
2025-04-11T11:50:00.000+0000,665433.2839679118,286917.1220417519,890029.5831792491
2025-04-11T12:00:00.000+0000,665034.043835736,286917.1220417519,890393.6997405025
2025-04-11T12:10:00.000+0000,665369.0368667438,286917.1220417519,890461.5493236549
2025-04-11T12:20:00.000+0000,665411.112339416,286917.1220417519,891998.615106747
2025-04-11T12:30:00.000+0000,666802.60607316,286917.1220417519,894610.3821249201
2025-04-11T12:40:00.000+0000,666338.899655304,286917.1220417519,891877.5431966658
2025-04-11T12:50:00.000+0000,665683.3715776398,286917.1220417519,889415.8458314098
2025-04-11T13:00:00.000+0000,664304.995741176,286917.1220417519,889849.7055265821
2025-04-11T13:10:00.000+0000,662669.256040648,286917.1220417519,889796.7619688567
2025-04-11T13:20:00.000+0000,663381.936439848,286917.1220417519,891286.3574418518
2025-04-11T13:30:00.000+0000,666150.223177336,286917.1220417519,892431.3601094745
2025-04-11T13:40:00.000+0000,670567.999526616,286917.1220417519,901899.2639270421
2025-04-11T13:50:00.000+0000,670489.7228580879,286917.1220417519,901036.2322277409
2025-04-11T14:00:00.000+0000,668449.3675092399,286917.1220417519,896216.1189804453
2025-04-11T14:10:00.000+0000,669294.5009611598,286917.1220417519,896519.3113781862
2025-04-11T14:20:00.000+0000,664645.268764808,286917.1220417519,887268.3509522697
2025-04-11T14:30:00.000+0000,666293.1354759599,286917.1220417519,891731.5885200667
2025-04-11T14:40:00.000+0000,668156.610222584,286917.1220417519,893686.675814737
2025-04-11T14:50:00.000+0000,667043.24500788,286917.1220417519,893962.7915915374
2025-04-11T15:00:00.000+0000,667037.289056456,286917.1220417519,892490.7110492326
2025-04-11T15:10:00.000+0000,666155.5538293999,286917.1220417519,891741.4398810936
2025-04-11T15:20:00.000+0000,666568.049288824,286917.1220417519,892311.2139543728
2025-04-11T15:30:00.000+0000,667545.2946665839,286917.1220417519,896398.0089549732
2025-04-11T15:40:00.000+0000,668276.959905752,286917.1220417519,898849.7678103407
2025-04-11T15:50:00.000+0000,668119.707568344,286917.1220417519,899024.8891617442
2025-04-11T16:00:00.000+0000,667120.2381640399,286917.1220417519,896030.9889349244
2025-04-11T16:10:00.000+0000,665845.2146794959,286917.1220417519,894741.9733439637
2025-04-11T16:20:00.000+0000,666554.417942632,286917.1220417519,893205.8137397771
2025-04-11T16:30:00.000+0000,668429.005152168,286917.1220417519,897172.4998147627
2025-04-11T16:40:00.000+0000,670595.06777468,286917.1220417519,900144.8752497835
2025-04-11T16:50:00.000+0000,669881.3163529839,286917.1220417519,900430.1452766787
2025-04-11T17:00:00.000+0000,669366.8428812879,286917.1220417519,899806.3622288757
2025-04-11T17:10:00.000+0000,668900.377991976,286917.1220417519,900809.2005230257
2025-04-11T17:20:00.000+0000,668199.4427890959,286917.1220417519,901408.2020384803
2025-04-11T17:30:00.000+0000,667837.2320297039,286917.1220417519,901171.8547173345
2025-04-11T17:40:00.000+0000,673767.7486978,286917.1220417519,910026.8129231951
2025-04-11T17:50:00.000+0000,675070.4486034799,286917.1220417519,910468.8670855891
2025-04-11T18:00:00.000+0000,676490.387382968,286917.1220417519,910172.2876054668
2025-04-11T18:10:00.000+0000,678158.847885896,286917.1220417519,906626.1995112969
2025-04-11T18:20:00.000+0000,681103.918702888,286917.1220417519,905518.3928276188
2025-04-11T18:30:00.000+0000,681436.4395332399,286917.1220417519,907454.692906705
2025-04-11T18:40:00.000+0000,679474.7793778318,286917.1220417519,906084.4974258739
2025-04-11T18:50:00.000+0000,677368.9111812238,286917.1220417519,902966.9327224721
2025-04-11T19:00:00.000+0000,677936.0402946799,286917.1220417519,903803.6002488119
2025-04-11T19:10:00.000+0000,677144.072656056,286917.1220417519,906617.8219553633
2025-04-11T19:20:00.000+0000,675614.635945048,286917.1220417519,906213.9428586436
2025-04-11T19:30:00.000+0000,675372.093014744,286917.1220417519,904827.7660714472
2025-04-11T19:40:00.000+0000,675106.5444836561,286917.1220417519,905649.8561716442
2025-04-11T19:50:00.000+0000,674023.9958759281,286917.1220417519,905842.1922572345
2025-04-11T20:00:00.000+0000,673941.413894408,286917.1220417519,905798.2279273826
2025-04-11T20:10:00.000+0000,673360.0810730159,286917.1220417519,906049.5890006064
2025-04-11T20:20:00.000+0000,674049.982310136,286917.1220417519,907154.7465537223
2025-04-11T20:30:00.000+0000,674375.9019456719,286917.1220417519,908793.7743522164
2025-04-11T20:40:00.000+0000,674221.896128968,286917.1220417519,909363.4358696656
2025-04-11T20:50:00.000+0000,673751.1986284559,286917.1220417519,908849.1625602099
2025-04-11T21:00:00.000+0000,674771.0583074801,286917.1220417519,910483.6570406575
2025-04-11T21:10:00.000+0000,677609.963544936,286917.1220417519,912202.7500187189
2025-04-11T21:20:00.000+0000,675740.9398610159,286917.1220417519,911277.7429494262
2025-04-11T21:30:00.000+0000,675039.1593549199,286917.1220417519,907159.7628619081
2025-04-11T21:40:00.000+0000,674833.7184991919,286917.1220417519,907221.9526477683
2025-04-11T21:50:00.000+0000,675265.3606090319,286917.1220417519,908023.4329974959
2025-04-11T22:00:00.000+0000,675203.74687948,286917.1220417519,906868.6108325787
2025-04-11T22:10:00.000+0000,676183.2398377359,286917.1220417519,905592.2088613305
2025-04-11T22:20:00.000+0000,676797.6972981999,286917.1220417519,906285.0307151396
2025-04-11T22:30:00.000+0000,675626.7522642319,286917.1220417519,905614.9815684878
2025-04-11T22:40:00.000+0000,675490.3136225359,286917.1220417519,905298.1442514234
2025-04-11T22:50:00.000+0000,675326.4790351439,286917.1220417519,905591.324664159
2025-04-11T23:00:00.000+0000,673397.25602924,286917.1220417519,904022.8682228453
2025-04-11T23:10:00.000+0000,672047.6636275919,286917.1220417519,901667.7232559569
2025-04-11T23:20:00.000+0000,670980.0087553359,286917.1220417519,900979.7984205225
2025-04-11T23:30:00.000+0000,671308.1840249201,286917.1220417519,902453.2582141558
2025-04-11T23:40:00.000+0000,672250.371211688,286917.1220417519,905083.344759103
2025-04-11T23:50:00.000+0000,672391.0121888239,286917.1220417519,906199.3802329721
2025-04-12T00:00:00.000+0000,671189.275747704,286917.1220417519,905142.1274646625
2025-04-12T00:10:00.000+0000,672505.184298008,286917.1220417519,903864.4129832218
2025-04-12T00:20:00.000+0000,672066.8446305039,286917.1220417519,904355.7726269094
2025-04-12T00:30:00.000+0000,674937.1396560238,286917.1220417519,905951.1823661074
2025-04-12T00:40:00.000+0000,675514.234970136,286917.1220417519,906868.6207681536
2025-04-12T00:50:00.000+0000,675071.5859129039,286917.1220417519,904925.6874172997
2025-04-12T01:00:00.000+0000,675191.9535616881,286917.1220417519,904058.0058108768
2025-04-12T01:10:00.000+0000,675684.5676948559,286917.1220417519,903121.784208633
2025-04-12T01:20:00.000+0000,675018.054692168,286917.1220417519,902108.8811750205
2025-04-12T01:30:00.000+0000,674802.8904813519,286917.1220417519,903026.1124138955
2025-04-12T01:40:00.000+0000,676061.1079814481,286917.1220417519,903404.2933629286
2025-04-12T01:50:00.000+0000,675461.167338232,286917.1220417519,902121.0512160996
2025-04-12T02:00:00.000+0000,677594.828802424,286917.1220417519,902360.3376515191
2025-04-12T02:10:00.000+0000,678404.2376968719,286917.1220417519,900303.7445206733
2025-04-12T02:20:00.000+0000,678558.2205719439,286917.1220417519,901455.2424258301
2025-04-12T02:30:00.000+0000,678656.9380946959,286917.1220417519,901114.9272420445
2025-04-12T02:40:00.000+0000,678505.036713096,286917.1220417519,899027.5020288175
2025-04-12T02:50:00.000+0000,673904.9756683279,286917.1220417519,896427.1497670036
2025-04-12T03:00:00.000+0000,671810.713699304,286917.1220417519,897246.3784849299
2025-04-12T03:10:00.000+0000,671073.1014815279,286917.1220417519,898034.7517883733
2025-04-12T03:20:00.000+0000,670885.72736084,286917.1220417519,898307.0595193405
2025-04-12T03:30:00.000+0000,671506.166971752,286917.1220417519,898178.6071014032
2025-04-12T03:40:00.000+0000,673817.2183104239,286917.1220417519,899990.5721266711
2025-04-12T03:50:00.000+0000,675093.576066696,286917.1220417519,899554.9091954704
2025-04-12T04:00:00.000+0000,673401.7780087601,286917.1220417519,897855.0856093396
2025-04-12T04:10:00.000+0000,673918.3502001358,286917.1220417519,898106.5555002242
2025-04-12T04:20:00.000+0000,676089.937919032,286917.1220417519,899684.2752865106
2025-04-12T04:30:00.000+0000,675857.751976504,286917.1220417519,902597.0615865211
2025-04-12T04:40:00.000+0000,676715.417914408,286917.1220417519,904957.0925809168
2025-04-12T04:50:00.000+0000,676464.6019278481,286917.1220417519,906480.0274944522
2025-04-12T05:00:00.000+0000,675430.3325857839,286917.1220417519,907869.8255006007
2025-04-12T05:10:00.000+0000,675794.740146328,286917.1220417519,908110.6868409363
2025-04-12T05:20:00.000+0000,675841.4724705359,286917.1220417519,909267.2511437174
2025-04-12T05:30:00.000+0000,676549.624375432,286917.1220417519,909658.8334332082
2025-04-12T05:40:00.000+0000,677641.2822698958,286917.1220417519,908614.375191303
2025-04-12T05:50:00.000+0000,677746.020472248,286917.1220417519,908686.8548461447
2025-04-12T06:00:00.000+0000,677516.5921818318,286917.1220417519,909824.7680806324
2025-04-12T06:10:00.000+0000,679193.474481928,286917.1220417519,911612.8548280807
2025-04-12T06:20:00.000+0000,679296.176054888,286917.1220417519,912095.9746907104
2025-04-12T06:30:00.000+0000,678127.0557999279,286917.1220417519,912430.7863192852
2025-04-12T06:40:00.000+0000,678114.5984537839,286917.1220417519,912655.4771207145
2025-04-12T06:50:00.000+0000,676319.6663291599,286917.1220417519,912024.2814062466
2025-04-12T07:00:00.000+0000,676761.3375492881,286917.1220417519,911492.8643784849
2025-04-12T07:10:00.000+0000,676766.6648440398,286917.1220417519,912463.4948355949
2025-04-12T07:20:00.000+0000,676503.7676302,286917.1220417519,913007.3362505278
2025-04-12T07:30:00.000+0000,676670.087647656,286917.1220417519,914301.4120952832
2025-04-12T07:40:00.000+0000,677780.7303820889,368236.8994335129,915407.4503667597
2025-04-12T07:50:00.000+0000,677752.2813595289,368236.8994335129,917024.9973190641
2025-04-12T08:00:00.000+0000,677314.6848370329,368236.8994335129,917184.2188521334
2025-04-12T08:10:00.000+0000,678785.6743032727,368236.8994335129,922024.1386399003
2025-04-12T08:20:00.000+0000,678161.4288594648,368236.8994335129,919486.8182845935
2025-04-12T08:30:00.000+0000,678453.7765940249,368236.8994335129,918699.83252261
2025-04-12T08:40:00.000+0000,677924.129011337,368236.8994335129,918434.0768347378
2025-04-12T08:50:00.000+0000,677959.978668649,368236.8994335129,918791.9913616213
2025-04-12T09:00:00.000+0000,677613.279689897,368236.8994335129,919564.2970593481
2025-04-12T09:10:00.000+0000,676328.939144969,368236.8994335129,917622.2800823329
2025-04-12T09:20:00.000+0000,676746.183921897,368236.8994335129,919074.7146902862
2025-04-12T09:30:00.000+0000,676220.2366565849,368236.8994335129,919052.5190440337
2025-04-12T09:40:00.000+0000,677564.478921769,368236.8994335129,919734.2048749698
2025-04-12T09:50:00.000+0000,676976.0831352728,368236.8994335129,920629.9268648745
2025-04-12T10:00:00.000+0000,676408.735736585,368236.8994335129,919822.6912967216
2025-04-12T10:10:00.000+0000,675535.3928502809,368236.8994335129,918627.0505606805
2025-04-12T10:20:00.000+0000,674794.3476410968,368236.8994335129,918524.7275456868
2025-04-12T10:30:00.000+0000,673458.2026529049,368236.8994335129,918710.4078590585
2025-04-12T10:40:00.000+0000,672856.8557555928,368236.8994335129,917335.9127749067
2025-04-12T10:50:00.000+0000,673922.3980392729,368236.8994335129,917798.8945912629
2025-04-12T11:00:00.000+0000,674863.043280585,368236.8994335129,919641.4909567875
2025-04-12T11:10:00.000+0000,675411.8890923928,368236.8994335129,920906.11421199
2025-04-12T11:20:00.000+0000,676000.2848788889,368236.8994335129,921907.0423215353
2025-04-12T11:30:00.000+0000,675083.6917005209,368236.8994335129,919833.9342503122
2025-04-12T11:40:00.000+0000,675040.4414084569,368236.8994335129,919289.729930985
2025-04-12T11:50:00.000+0000,675600.3881723928,368236.8994335129,919857.6267922604
2025-04-12T12:00:00.000+0000,675128.7921512728,368236.8994335129,919200.4048673972
2025-04-12T12:10:00.000+0000,675381.5899111448,368236.8994335129,920948.5604603458
2025-04-12T12:20:00.000+0000,676725.8321763289,368236.8994335129,921786.6053332121
2025-04-12T12:30:00.000+0000,676610.8825696409,368236.8994335129,922174.6143647463
2025-04-12T12:40:00.000+0000,676447.1321948249,368236.8994335129,924826.2385793028
2025-04-12T12:50:00.000+0000,675989.1839267609,368236.8994335129,924719.6789639548
2025-04-12T13:00:00.000+0000,676881.028399945,368236.8994335129,927199.4774068708
2025-04-12T13:10:00.000+0000,678668.417663689,368236.8994335129,931034.5642856165
2025-04-12T13:20:00.000+0000,676784.580380137,368236.8994335129,927251.9326801377
2025-04-12T13:30:00.000+0000,677697.4732411288,368236.8994335129,929111.0528306048
2025-04-12T13:40:00.000+0000,678610.3661021208,368236.8994335129,930894.2034253895
2025-04-12T13:50:00.000+0000,681440.399103049,368236.8994335129,937663.796182163
2025-04-12T14:00:00.000+0000,682415.043842985,368236.8994335129,940432.4786718051
2025-04-12T14:10:00.000+0000,682882.9395467287,368236.8994335129,942740.8459054255
2025-04-12T14:20:00.000+0000,683876.7825157848,368236.8994335129,944144.8361922305
2025-04-12T14:30:00.000+0000,684790.3720190169,368236.8994335129,950156.9884969709
2025-04-12T14:40:00.000+0000,684177.2275273368,368236.8994335129,948065.2982627507
2025-04-12T14:50:00.000+0000,684635.872437641,368236.8994335129,948998.3081789231
2025-04-12T15:00:00.000+0000,680782.3939286489,368236.8994335129,947986.7948330719
2025-04-12T15:10:00.000+0000,681080.2921392729,368236.8994335129,947845.3653723114
2025-04-12T15:20:00.000+0000,683601.325977449,368236.8994335129,953825.779156407
2025-04-12T15:30:00.000+0000,683956.1222331929,368236.8994335129,953979.6211996792
2025-04-12T15:40:00.000+0000,683263.8777921367,368236.8994335129,952728.8382937467
2025-04-12T15:50:00.000+0000,683305.2779255129,368236.8994335129,951710.6332786991
2025-04-12T16:00:00.000+0000,684543.1247352089,368236.8994335129,951184.8969746716
2025-04-12T16:10:00.000+0000,685040.6229779609,368236.8994335129,949474.8285383198
2025-04-12T16:20:00.000+0000,686072.1657630169,368236.8994335129,952428.4261388974
2025-04-12T16:30:00.000+0000,685684.066650889,368236.8994335129,950377.565189451
2025-04-12T16:40:00.000+0000,684118.4793235288,368236.8994335129,944839.153036933
2025-04-12T16:50:00.000+0000,684080.7795075289,368236.8994335129,945315.70048446
2025-04-12T17:00:00.000+0000,683779.1809795288,368236.8994335129,941509.778617216
2025-04-12T17:10:00.000+0000,681929.3431946009,368236.8994335129,939088.8684602091
2025-04-12T17:20:00.000+0000,682266.7913799129,368236.8994335129,940693.4825925168
2025-04-12T17:30:00.000+0000,683628.3817155288,368236.8994335129,943741.8195345886
2025-04-12T17:40:00.000+0000,682902.1377758487,368236.8994335129,942427.2282694877
2025-04-12T17:50:00.000+0000,683422.5345650968,368236.8994335129,942844.1428600355
2025-04-12T18:00:00.000+0000,683840.9328584728,368236.8994335129,944607.7345978946
2025-04-12T18:10:00.000+0000,684323.6298317208,368236.8994335129,944809.4431233353
2025-04-12T18:20:00.000+0000,684027.5817797849,368236.8994335129,946434.8404186075
2025-04-12T18:30:00.000+0000,684387.9285115929,368236.8994335129,947559.3598425521
2025-04-12T18:40:00.000+0000,686970.714228713,368236.8994335129,949069.7553717087
2025-04-12T18:50:00.000+0000,688005.957331145,368236.8994335129,951641.7952148179
2025-04-12T19:00:00.000+0000,687328.5141595929,368236.8994335129,950298.2322040014
2025-04-12T19:10:00.000+0000,687915.059787401,368236.8994335129,951195.3921377393
2025-04-12T19:20:00.000+0000,686862.4686145368,368236.8994335129,948586.3741875063
2025-04-12T19:30:00.000+0000,684824.1317496089,368236.8994335129,947167.5851010678
2025-04-12T19:40:00.000+0000,684366.1834815448,368236.8994335129,948103.0795977314
2025-04-12T19:50:00.000+0000,683842.0863749208,368236.8994335129,948638.9109309457
2025-04-12T20:00:00.000+0000,684340.2812599129,368236.8994335129,949621.9011803925
2025-04-12T20:10:00.000+0000,684295.1808091609,368236.8994335129,949989.0557380056
2025-04-12T20:20:00.000+0000,684083.7831826649,368236.8994335129,951246.1583048163
2025-04-12T20:30:00.000+0000,684970.0771797849,368236.8994335129,954400.4328004299
2025-04-12T20:40:00.000+0000,685975.0211009689,368236.8994335129,958846.9911371369
2025-04-12T20:50:00.000+0000,685933.6209675929,368236.8994335129,957093.1398320599
2025-04-12T21:00:00.000+0000,684148.0818625368,368236.8994335129,953129.3306643148
2025-04-12T21:10:00.000+0000,684698.7778330329,368236.8994335129,954691.660156102
2025-04-12T21:20:00.000+0000,684009.0801929049,368236.8994335129,955263.1243730048
2025-04-12T21:30:00.000+0000,684382.3780355288,368236.8994335129,955225.6745795435
2025-04-12T21:40:00.000+0000,684659.2278583449,368236.8994335129,956554.8788905483
2025-04-12T21:50:00.000+0000,684640.0296292249,368236.8994335129,956448.1573901479
2025-04-12T22:00:00.000+0000,684970.0771797849,368236.8994335129,956844.1496924874
2025-04-12T22:10:00.000+0000,685632.022439593,368236.8994335129,958401.7059898144
2025-04-12T22:20:00.000+0000,683556.6824009048,368236.8994335129,958584.7283280586
2025-04-12T22:30:00.000+0000,683251.3835555288,368236.8994335129,957590.9660332836
2025-04-12T22:40:00.000+0000,683143.834583593,368236.8994335129,956974.7401074255
2025-04-12T22:50:00.000+0000,683221.084374281,368236.8994335129,955656.0885967012
2025-04-12T23:00:00.000+0000,683285.383054153,368236.8994335129,955467.8848636246
2025-04-12T23:10:00.000+0000,683230.3351677209,368236.8994335129,953996.0543748084
2025-04-12T23:20:00.000+0000,682957.1856622809,368236.8994335129,955057.0492794665
2025-04-12T23:30:00.000+0000,682987.4848435288,368236.8994335129,954057.1980784446
2025-04-12T23:40:00.000+0000,683304.581283273,368236.8994335129,954983.1933333904
2025-04-12T23:50:00.000+0000,683104.2846089049,368236.8994335129,955041.456597399
2025-04-13T00:00:00.000+0000,681617.3403567129,368236.8994335129,954927.8150431132
2025-04-13T00:10:00.000+0000,681494.9901152729,368236.8994335129,957018.4562528739
2025-04-13T00:20:00.000+0000,679886.1524958488,368236.8994335129,953375.926868927
2025-04-13T00:30:00.000+0000,678499.813455049,368236.8994335129,951500.1245451341
2025-04-13T00:40:00.000+0000,678303.9137402968,368236.8994335129,954653.3615437306
2025-04-13T00:50:00.000+0000,678967.709158793,368236.8994335129,957652.3308331936
2025-04-13T01:00:00.000+0000,677049.8723766169,368236.8994335129,955743.5578577261
2025-04-13T01:10:00.000+0000,678017.1164818008,368236.8994335129,956953.985588741
2025-04-13T01:20:00.000+0000,678052.9661391128,368236.8994335129,957352.7259215878
2025-04-13T01:30:00.000+0000,677025.820313673,368236.8994335129,954633.6554950716
2025-04-13T01:40:00.000+0000,675635.780955497,368236.8994335129,951488.041027047
2025-04-13T01:50:00.000+0000,674903.9865397528,368236.8994335129,947194.6085831812
2025-04-13T02:00:00.000+0000,675492.3823262489,368236.8994335129,947783.6188342904
2025-04-13T02:10:00.000+0000,675152.387340009,368236.8994335129,944806.3555026774
2025-04-13T02:20:00.000+0000,675082.5381840728,368236.8994335129,944374.2977288836
2025-04-13T02:30:00.000+0000,675748.183761257,368236.8994335129,946852.1157672477
2025-04-13T02:40:00.000+0000,675693.8325170649,368236.8994335129,949502.5770332881
2025-04-13T02:50:00.000+0000,675954.0309116889,368236.8994335129,951196.6700477458
2025-04-13T03:00:00.000+0000,676581.9766728729,368236.8994335129,953050.9079088746
2025-04-13T03:10:00.000+0000,676883.575200873,368236.8994335129,951630.0019933768
2025-04-13T03:20:00.000+0000,676619.676488873,368236.8994335129,950784.7224004436
2025-04-13T03:30:00.000+0000,676808.175568873,368236.8994335129,951148.0279088495
2025-04-13T03:40:00.000+0000,678222.2669899929,368236.8994335129,951600.9002084825
2025-04-13T03:50:00.000+0000,677240.2216153049,368236.8994335129,950422.5589141122
2025-04-13T04:00:00.000+0000,676070.8306770648,368236.8994335129,948204.9292452263
2025-04-13T04:10:00.000+0000,674450.8921055128,368236.8994335129,945770.0691253548
2025-04-13T04:20:00.000+0000,675378.5862360089,368236.8994335129,947500.9998070421
2025-04-13T04:30:00.000+0000,674752.4906335128,368236.8994335129,944772.8105265512
2025-04-13T04:40:00.000+0000,674709.2403414489,368236.8994335129,945209.383929261
2025-04-13T04:50:00.000+0000,674139.3461418329,368236.8994335129,939846.200613298
2025-04-13T05:00:00.000+0000,674282.744771081,368236.8994335129,939792.3773746454
2025-04-13T05:10:00.000+0000,673631.9004634009,368236.8994335129,937248.3623721891
2025-04-13T05:20:00.000+0000,674352.593927017,368236.8994335129,939645.0828046476
2025-04-13T05:30:00.000+0000,674601.6913695128,368236.8994335129,940278.1404655073
2025-04-13T05:40:00.000+0000,674501.543032329,368236.8994335129,939025.114241583
2025-04-13T05:50:00.000+0000,674575.0925056408,368236.8994335129,938578.5894690335
2025-04-13T06:00:00.000+0000,674524.4415788249,368236.8994335129,939134.4543234636
2025-04-13T06:10:00.000+0000,675232.183931625,368236.8994335129,938603.6041438146
2025-04-13T06:20:00.000+0000,675763.6816730008,368236.8994335129,939276.9598789549
2025-04-13T06:30:00.000+0000,677432.4210126809,368236.8994335129,940294.1775042827
2025-04-13T06:40:00.000+0000,677403.9719901208,368236.8994335129,940984.4319749193
2025-04-13T06:50:00.000+0000,677208.0722753688,368236.8994335129,939323.57922384
2025-04-13T07:00:00.000+0000,677227.2705044888,368236.8994335129,939972.6259624795
2025-04-13T07:10:00.000+0000,677244.6185749208,368236.8994335129,940048.2293943153
2025-04-13T07:20:00.000+0000,677033.2209484249,368236.8994335129,938744.6902583961
2025-04-13T07:30:00.000+0000,676469.5738671129,368236.8994335129,936576.3118945436
2025-04-13T07:40:00.000+0000,676324.3250791769,368236.8994335129,936043.1387958153
2025-04-13T07:50:00.000+0000,676261.876557993,368236.8994335129,936736.580582988
2025-04-13T08:00:00.000+0000,674960.884584873,368236.8994335129,935220.1154464416
2025-04-13T08:10:00.000+0000,675137.586070505,368236.8994335129,934819.3721907338
2025-04-13T08:20:00.000+0000,676095.5793822489,368236.8994335129,937538.1485824345
2025-04-13T08:30:00.000+0000,676567.1754033689,368236.8994335129,939088.2729142399
2025-04-13T08:40:00.000+0000,677410.2191084248,368236.8994335129,940188.4927228242
2025-04-13T08:50:00.000+0000,676923.8218178009,368236.8994335129,940860.8176413523
2025-04-13T09:00:00.000+0000,676373.1258473049,368236.8994335129,941291.6505725316
2025-04-13T09:10:00.000+0000,675965.8285060569,368236.8994335129,940589.3193356479
2025-04-13T09:20:00.000+0000,676216.7761072409,368236.8994335129,941465.0453288998
2025-04-13T09:30:00.000+0000,676835.4710749849,368236.8994335129,943563.2932491865
2025-04-13T09:40:00.000+0000,678035.1611944728,368236.8994335129,945092.8841942984
2025-04-13T09:50:00.000+0000,678103.1601917208,368236.8994335129,946596.1471585028
2025-04-13T10:00:00.000+0000,679064.853820841,368236.8994335129,945754.2084591689
2025-04-13T10:10:00.000+0000,678144.5603250968,368236.8994335129,944282.5221662743
2025-04-13T10:20:00.000+0000,677918.3614290968,368236.8994335129,942266.4608244346
2025-04-13T10:30:00.000+0000,677308.9172547929,368236.8994335129,941663.8978199654
2025-04-13T10:40:00.000+0000,678435.0579009689,368236.8994335129,942921.5428653536
2025-04-13T10:50:00.000+0000,678931.4026272729,368236.8994335129,944126.0400963634
2025-04-13T11:00:00.000+0000,678569.2057367768,368236.8994335129,942623.6573139443
2025-04-13T11:10:00.000+0000,677550.6140625369,368236.8994335129,936686.9929072561
2025-04-13T11:20:00.000+0000,677001.7682507287,368236.8994335129,934736.208936217
2025-04-13T11:30:00.000+0000,676439.971328105,368236.8994335129,936102.7982043492
2025-04-13T11:40:00.000+0000,676319.471245353,368236.8994335129,934753.7578948005
2025-04-13T11:50:00.000+0000,676353.4707439768,368236.8994335129,934671.029114993
2025-04-13T12:00:00.000+0000,676349.7704266009,368236.8994335129,936644.5227902229
2025-04-13T12:10:00.000+0000,677045.7151850329,368236.8994335129,939496.4837730888
2025-04-13T12:20:00.000+0000,675453.5289938007,368236.8994335129,936673.3616259592
2025-04-13T12:30:00.000+0000,676454.7725976089,368236.8994335129,936820.8472975825
2025-04-13T12:40:00.000+0000,676795.921100297,368236.8994335129,936813.5750708118
2025-04-13T12:50:00.000+0000,677161.8183081688,368236.8994335129,937637.8423201574
2025-04-13T13:00:00.000+0000,676532.0223882969,368236.8994335129,936804.2176372147
2025-04-13T13:10:00.000+0000,677981.9634667288,368236.8994335129,937409.3863453532
2025-04-13T13:20:00.000+0000,677274.2211139288,368236.8994335129,932486.0117274909
2025-04-13T13:30:00.000+0000,676559.7747686169,368236.8994335129,932991.6906773427
2025-04-13T13:40:00.000+0000,674093.0921746329,368236.8994335129,927694.3824423101
2025-04-13T13:50:00.000+0000,670440.367214217,368236.8994335129,921015.1018437678
2025-04-13T14:00:00.000+0000,671060.9123406489,368236.8994335129,924327.2872492013
2025-04-13T14:10:00.000+0000,670653.6149994009,368236.8994335129,925262.9334181255
2025-04-13T14:20:00.000+0000,671017.6620485849,368236.8994335129,925817.0622963796
2025-04-13T14:30:00.000+0000,671764.2577338328,368236.8994335129,926805.7303094664
2025-04-13T14:40:00.000+0000,672752.5502268249,368236.8994335129,929314.6256723799
2025-04-13T14:50:00.000+0000,672941.0493068249,368236.8994335129,929709.5038188504
2025-04-13T15:00:00.000+0000,670866.8627845849,368236.8994335129,927100.8297692307
2025-04-13T15:10:00.000+0000,671916.907156521,368236.8994335129,928435.1570419215
2025-04-13T15:20:00.000+0000,671360.6607099609,368236.8994335129,928713.422361024
2025-04-13T15:30:00.000+0000,670579.368883849,368236.8994335129,928200.0702367272
2025-04-13T15:40:00.000+0000,670807.4179385368,368236.8994335129,927597.571290517
2025-04-13T15:50:00.000+0000,670562.717455657,368236.8994335129,929982.1101544537
2025-04-13T16:00:00.000+0000,670753.0666943449,368236.8994335129,931961.5158267654
2025-04-13T16:10:00.000+0000,671517.0104500249,368236.8994335129,932106.3416541766
2025-04-13T16:20:00.000+0000,672635.053819209,368236.8994335129,935030.946859814
2025-04-13T16:30:00.000+0000,672069.5565792089,368236.8994335129,935637.9855451173
2025-04-13T16:40:00.000+0000,671662.2592379609,368236.8994335129,933959.35359954
2025-04-13T16:50:00.000+0000,671619.008945897,368236.8994335129,934293.2617320863
2025-04-13T17:00:00.000+0000,672424.3528349529,368236.8994335129,935520.070125273
2025-04-13T17:10:00.000+0000,673676.5440399449,368236.8994335129,938384.4434312922
2025-04-13T17:20:00.000+0000,676875.021049673,368236.8994335129,944492.166260883
2025-04-13T17:30:00.000+0000,675724.828340553,368236.8994335129,943003.4257684862
2025-04-13T17:40:00.000+0000,677014.7193615449,368236.8994335129,945862.6402158418
2025-04-13T17:50:00.000+0000,679711.9978111449,368236.8994335129,950143.6354304433
2025-04-13T18:00:00.000+0000,679751.5477858329,368236.8994335129,948912.7981366492
2025-04-13T18:10:00.000+0000,678547.0038325209,368236.8994335129,947697.6224123606
2025-04-13T18:20:00.000+0000,677537.6629517209,368236.8994335129,946492.6550690221
2025-04-13T18:30:00.000+0000,678233.6077101529,368236.8994335129,948267.3471742761
2025-04-13T18:40:00.000+0000,677671.8107875289,368236.8994335129,948992.5052410011
2025-04-13T18:50:00.000+0000,677008.0153690329,368236.8994335129,948269.2182245918
2025-04-13T19:00:00.000+0000,674829.9801922329,368236.8994335129,942561.6900283019
2025-04-13T19:10:00.000+0000,672881.8442288089,368236.8994335129,943709.8175639282
2025-04-13T19:20:00.000+0000,672184.049311689,368236.8994335129,942152.7029761496
2025-04-13T19:30:00.000+0000,666782.7884199768,368236.8994335129,928218.2686403231
2025-04-13T19:40:00.000+0000,663874.808986121,368236.8994335129,921677.2503165134
2025-04-13T19:50:00.000+0000,665117.749397673,368236.8994335129,928251.36842809
2025-04-13T20:00:00.000+0000,666433.5426402969,368236.8994335129,926751.5117482526
2025-04-13T20:10:00.000+0000,669007.7742062169,368236.8994335129,934868.8666273511
2025-04-13T20:20:00.000+0000,669111.622860777,368236.8994335129,935441.1732421177
2025-04-13T20:30:00.000+0000,666107.195407113,368236.8994335129,925004.5491520446
2025-04-13T20:40:00.000+0000,665594.1992526168,368236.8994335129,921617.2103323136
2025-04-13T20:50:00.000+0000,665434.1491951769,368236.8994335129,923115.4803025754
2025-04-13T21:00:00.000+0000,663529.263523817,368236.8994335129,916826.8610855818
2025-04-13T21:10:00.000+0000,663740.661150313,368236.8994335129,919482.3847338605
2025-04-13T21:20:00.000+0000,663561.4128637529,368236.8994335129,924172.2450100672
2025-04-13T21:30:00.000+0000,660519.285594089,368236.8994335129,918073.3939767745
2025-04-13T21:40:00.000+0000,661468.028112393,368236.8994335129,919486.4476623612
2025-04-13T21:50:00.000+0000,663534.8139998808,368236.8994335129,924134.5108401485
2025-04-13T22:00:00.000+0000,661482.829381897,368236.8994335129,924429.0152905192
2025-04-13T22:10:00.000+0000,660202.189154345,368236.8994335129,923991.0420051147
2025-04-13T22:20:00.000+0000,660763.9860769688,368236.8994335129,925250.5144324263
2025-04-13T22:30:00.000+0000,660024.7910264728,368236.8994335129,923009.806511984
2025-04-13T22:40:00.000+0000,658720.098735977,368236.8994335129,923146.721953555
2025-04-13T22:50:00.000+0000,657857.8568018009,368236.8994335129,923894.4479520675
2025-04-13T23:00:00.000+0000,658134.706624617,368236.8994335129,922940.3356547875
2025-04-13T23:10:00.000+0000,660171.889973097,368236.8994335129,928059.9063983144
2025-04-13T23:20:00.000+0000,659990.7915278489,368236.8994335129,927682.9650387912
2025-04-13T23:30:00.000+0000,660364.0893704728,368236.8994335129,926268.7596549137
2025-04-13T23:40:00.000+0000,660294.2402145369,368236.8994335129,925138.1151505273
2025-04-13T23:50:00.000+0000,662120.0259365209,368236.8994335129,929333.6474521998
2025-04-14T00:00:00.000+0000,661473.5785884568,368236.8994335129,930170.2372465364
2025-04-14T00:10:00.000+0000,662350.6217921368,368236.8994335129,933891.0931688563
2025-04-14T00:20:00.000+0000,666627.5921963609,368236.8994335129,943042.7519958762
2025-04-14T00:30:00.000+0000,665196.1527048089,368236.8994335129,942187.2463328624
2025-04-14T00:40:00.000+0000,664803.656633065,368236.8994335129,943083.3518763864
2025-04-14T00:50:00.000+0000,663802.4130292569,368236.8994335129,940172.0563461013
2025-04-14T01:00:00.000+0000,663772.1138480089,368236.8994335129,940998.882393413
2025-04-14T01:10:00.000+0000,663578.064291945,368236.8994335129,942338.6344340194
2025-04-14T01:20:00.000+0000,664394.5091331289,368236.8994335129,943554.6061870437
2025-04-14T01:30:00.000+0000,664115.1125093849,368236.8994335129,943115.2303360674
2025-04-14T01:40:00.000+0000,663417.3175922649,368236.8994335129,941574.2712630826
2025-04-14T01:50:00.000+0000,664221.9648390808,368236.8994335129,939689.5808220882
2025-04-14T02:00:00.000+0000,664417.8645538329,368236.8994335129,940421.616347457
2025-04-14T02:10:00.000+0000,664943.811819145,368236.8994335129,943328.9569531097
2025-04-14T02:20:00.000+0000,665568.0572629529,368236.8994335129,945297.6222201855
2025-04-14T02:30:00.000+0000,669964.3742334809,368236.8994335129,957375.2322722117
2025-04-14T02:40:00.000+0000,670450.7715241048,368236.8994335129,957334.4715976585
2025-04-14T02:50:00.000+0000,669779.5754708569,368236.8994335129,956020.3252436996
2025-04-14T03:00:00.000+0000,668757.283479241,368236.8994335129,952953.6341925263
2025-04-14T03:10:00.000+0000,667186.842318057,368236.8994335129,950218.6519193756
2025-04-14T03:20:00.000+0000,667356.8398111769,368236.8994335129,950798.6794280829
2025-04-14T03:30:00.000+0000,667694.2879964889,368236.8994335129,949599.4222844096
2025-04-14T03:40:00.000+0000,667580.4919062488,368236.8994335129,948600.9602345738
2025-04-14T03:50:00.000+0000,666220.7517293209,368236.8994335129,946574.7237258848
2025-04-14T04:00:00.000+0000,666920.3968051288,368236.8994335129,948894.2735930061
2025-04-14T04:10:00.000+0000,667355.4465266969,368236.8994335129,948550.0932984677
2025-04-14T04:20:00.000+0000,668684.8875223768,368236.8994335129,951462.2505254736
2025-04-14T04:30:00.000+0000,669607.0311768088,368236.8994335129,953253.3326561812
2025-04-14T04:40:00.000+0000,670851.821747049,368236.8994335129,955986.8086703538
2025-04-14T04:50:00.000+0000,670514.3735617369,368236.8994335129,955838.5955980744
2025-04-14T05:00:00.000+0000,670803.7176211609,368236.8994335129,954555.5190923262
2025-04-14T05:10:00.000+0000,671169.6148290329,368236.8994335129,955409.1625674487
2025-04-14T05:20:00.000+0000,671421.7159466648,368236.8994335129,954816.1097598465
2025-04-14T05:30:00.000+0000,669992.1266138009,368236.8994335129,949132.6217264289
2025-04-14T05:40:00.000+0000,668840.083745993,368236.8994335129,947772.0833034052
2025-04-14T05:50:00.000+0000,669592.229907305,368236.8994335129,948635.7000943841
2025-04-14T06:00:00.000+0000,668136.7383528089,368236.8994335129,946145.3847660245
2025-04-14T06:10:00.000+0000,668570.6345579289,368236.8994335129,948014.7837946061
2025-04-14T06:20:00.000+0000,667094.094615625,368236.8994335129,946294.2110734041
2025-04-14T06:30:00.000+0000,666656.4980931289,368236.8994335129,946347.6279807694
2025-04-14T06:40:00.000+0000,667414.8913727449,368236.8994335129,949370.8802874717
2025-04-14T06:50:00.000+0000,666315.349590441,368236.8994335129,947237.2262048831
2025-04-14T07:00:00.000+0000,664891.3107336408,368236.8994335129,946119.0929235943
2025-04-14T07:10:00.000+0000,663807.2668630809,368236.8994335129,943948.2444846462
2025-04-14T07:20:00.000+0000,664991.4590708249,368236.8994335129,946320.6537743022
2025-04-14T07:30:00.000+0000,666058.851513193,368236.8994335129,947285.256700547
2025-04-14T07:40:00.000+0000,666786.9456115608,368236.8994335129,948268.6540772149
2025-04-14T07:50:00.000+0000,666594.7462141849,368236.8994335129,948010.2780834062
2025-04-14T08:00:00.000+0000,666436.546315433,368236.8994335129,951233.8339443171
2025-04-14T08:10:00.000+0000,665290.0539236888,368236.8994335129,948519.1456823035
2025-04-14T08:20:00.000+0000,666996.4930793688,368236.8994335129,949079.5079399433
2025-04-14T08:30:00.000+0000,667888.3375525528,368236.8994335129,951616.6908154507
2025-04-14T08:40:00.000+0000,668507.032520297,368236.8994335129,954364.3574826947
2025-04-14T08:50:00.000+0000,667694.2879964889,368236.8994335129,953243.2084282804
2025-04-14T09:00:00.000+0000,667541.6385738009,368236.8994335129,953564.2901349722
2025-04-14T09:10:00.000+0000,667366.0906046169,368236.8994335129,955538.533469809
2025-04-14T09:20:00.000+0000,665278.2563293208,368236.8994335129,951337.4062250374
2025-04-14T09:30:00.000+0000,664863.5583533208,368236.8994335129,949632.6671354675
2025-04-14T09:40:00.000+0000,664348.7120401369,368236.8994335129,948027.2669099992
2025-04-14T09:50:00.000+0000,664239.3129095129,368236.8994335129,947883.3376031356
2025-04-14T10:00:00.000+0000,665457.5046158808,368236.8994335129,950581.2780416972
2025-04-14T10:10:00.000+0000,667893.8880286169,368236.8994335129,953189.9344200452
2025-04-14T10:20:00.000+0000,669342.6755906008,368236.8994335129,955774.0110991789
2025-04-14T10:30:00.000+0000,669765.4708435929,368236.8994335129,957630.7496202032
2025-04-14T10:40:00.000+0000,670110.3196636569,368236.8994335129,959851.2565271233
2025-04-14T10:50:00.000+0000,671480.007276265,368236.8994335129,962649.8890661355
2025-04-14T11:00:00.000+0000,671617.158787209,368236.8994335129,960240.5995140085
2025-04-14T11:10:00.000+0000,673035.6471679449,368236.8994335129,962064.8720601553
2025-04-14T11:20:00.000+0000,672456.502174889,368236.8994335129,960289.9912410771
2025-04-14T11:30:00.000+0000,672612.8519149529,368236.8994335129,960828.8190485602
2025-04-14T11:40:00.000+0000,672980.5992815129,368236.8994335129,960367.8511459322
2025-04-14T11:50:00.000+0000,673701.2927451289,368236.8994335129,961307.0705728128
2025-04-14T12:00:00.000+0000,674338.4892997529,368236.8994335129,959703.0675293033
2025-04-14T12:10:00.000+0000,674172.888766249,368236.8994335129,957809.9762181316
2025-04-14T12:20:00.000+0000,674840.3845021209,368236.8994335129,959858.5651695887
2025-04-14T12:30:00.000+0000,674868.8335246808,368236.8994335129,961571.6619618009
2025-04-14T12:40:00.000+0000,674444.188113001,368236.8994335129,962752.827668313
2025-04-14T12:50:00.000+0000,674253.8388743128,368236.8994335129,962416.1224711132
2025-04-14T13:00:00.000+0000,674923.1847688729,368236.8994335129,963633.0336528614
2025-04-14T13:10:00.000+0000,674889.1852702489,368236.8994335129,963447.4648400275
2025-04-14T13:20:00.000+0000,673959.6409810649,368236.8994335129,961468.1974434492
2025-04-14T13:30:00.000+0000,672348.9532029529,368236.8994335129,955318.6006150873
2025-04-14T13:40:00.000+0000,670425.5659447128,368236.8994335129,949292.4117530549
2025-04-14T13:50:00.000+0000,671243.860944585,368236.8994335129,952332.1961348308
2025-04-14T14:00:00.000+0000,670955.2135274009,368236.8994335129,950821.5240006312
2025-04-14T14:10:00.000+0000,672820.5492240728,368236.8994335129,952926.1210755862
2025-04-14T14:20:00.000+0000,673499.8425543129,368236.8994335129,955640.2499658256
2025-04-14T14:30:00.000+0000,674402.7879796249,368236.8994335129,958262.4435368457
2025-04-14T14:40:00.000+0000,675728.5286579288,368236.8994335129,963689.3306690613
2025-04-14T14:50:00.000+0000,676298.4228575449,368236.8994335129,963626.7994239654
2025-04-14T15:00:00.000+0000,673381.192630249,368236.8994335129,952417.5008294415
2025-04-14T15:10:00.000+0000,672136.4020600088,368236.8994335129,949918.6517030672
2025-04-14T15:20:00.000+0000,669569.5711288408,368236.8994335129,947144.7655596416
2025-04-14T15:30:00.000+0000,666401.3933003609,368236.8994335129,940115.55962521
2025-04-14T15:40:00.000+0000,664819.1545448089,368236.8994335129,936049.9466246641
2025-04-14T15:50:00.000+0000,664711.6055728729,368236.8994335129,936685.1846362664
2025-04-14T16:00:00.000+0000,664089.2102877529,368236.8994335129,936622.0752571148
2025-04-14T16:10:00.000+0000,663727.0133972568,368236.8994335129,934426.4246544521
2025-04-14T16:20:00.000+0000,663902.561366441,368236.8994335129,937543.6489539105
2025-04-14T16:30:00.000+0000,664575.6075783768,368236.8994335129,938577.4514802042
2025-04-14T16:40:00.000+0000,666842.6901402329,368236.8994335129,943073.8003989283
2025-04-14T16:50:00.000+0000,665277.7994551129,368236.8994335129,940668.6287296372
2025-04-14T17:00:00.000+0000,666096.0944549849,368236.8994335129,940454.1975074654
2025-04-14T17:10:00.000+0000,667411.887697609,368236.8994335129,941889.243172803
2025-04-14T17:20:00.000+0000,669618.371896969,368236.8994335129,944326.5205775956
2025-04-14T17:30:00.000+0000,669119.023495529,368236.8994335129,943629.5744020455
2025-04-14T17:40:00.000+0000,668236.4298157848,368236.8994335129,943938.3761768462
2025-04-14T17:50:00.000+0000,668984.875659721,368236.8994335129,946163.6570563015
2025-04-14T18:00:00.000+0000,670716.063520585,368236.8994335129,948790.6040042085
2025-04-14T18:10:00.000+0000,670015.2649283289,368236.8994335129,947511.7019096403
2025-04-14T18:20:00.000+0000,670942.9590588249,368236.8994335129,947676.9989345707
2025-04-14T18:30:00.000+0000,670352.7131136409,368236.8994335129,945814.5649607759
2025-04-14T18:40:00.000+0000,669258.7218074009,368236.8994335129,944778.1972154698
2025-04-14T18:50:00.000+0000,670003.4673339608,368236.8994335129,946519.8739275059
2025-04-14T19:00:00.000+0000,670083.7207997849,368236.8994335129,949283.4125468789
2025-04-14T19:10:00.000+0000,669306.8259332889,368236.8994335129,949649.6175165523
2025-04-14T19:20:00.000+0000,669244.3774121049,368236.8994335129,949310.0739741081
2025-04-14T19:30:00.000+0000,669244.3774121049,368236.8994335129,948580.5996880827
2025-04-14T19:40:00.000+0000,670006.4710090968,368236.8994335129,950132.2828275408
2025-04-14T19:50:00.000+0000,669753.6732492248,368236.8994335129,946856.3923335423
2025-04-14T20:00:00.000+0000,669689.374569353,368236.8994335129,945626.3489221821
2025-04-14T20:10:00.000+0000,670390.8698038489,368236.8994335129,945431.101051948
2025-04-14T20:20:00.000+0000,669766.6243600409,368236.8994335129,942419.9292675214
2025-04-14T20:30:00.000+0000,670030.5230720409,368236.8994335129,942815.4080484984
2025-04-14T20:40:00.000+0000,670971.1683133529,368236.8994335129,943702.4978770195
2025-04-14T20:50:00.000+0000,671024.3660410967,368236.8994335129,945973.7503017915
2025-04-14T21:00:00.000+0000,670360.5706226008,368236.8994335129,944317.7476633834
2025-04-14T21:10:00.000+0000,670177.6220186648,368236.8994335129,944293.9613100274
2025-04-14T21:20:00.000+0000,669368.5778122329,368236.8994335129,943538.5693540503
2025-04-14T21:30:00.000+0000,667524.2905033688,368236.8994335129,938221.5114198249
2025-04-14T21:40:00.000+0000,667703.5387899289,368236.8994335129,937997.0468210655
2025-04-14T21:50:00.000+0000,668767.2309149209,368236.8994335129,939832.8065076792
2025-04-14T22:00:00.000+0000,669455.7750386009,368236.8994335129,940456.2687454714
2025-04-14T22:10:00.000+0000,669133.1281227929,368236.8994335129,939415.6287264741
2025-04-14T22:20:00.000+0000,668916.1800202329,368236.8994335129,938295.9602289929
2025-04-14T22:30:00.000+0000,669146.0792336089,368236.8994335129,939044.5894641757
2025-04-14T22:40:00.000+0000,669323.4773614809,368236.8994335129,940995.4884145636
2025-04-14T22:50:00.000+0000,669208.527754793,368236.8994335129,940737.2611864975
2025-04-14T23:00:00.000+0000,668286.3841003608,368236.8994335129,940747.9681004157
2025-04-14T23:10:00.000+0000,668252.3846017369,368236.8994335129,943046.0824351835
2025-04-14T23:20:00.000+0000,668029.8860231129,368236.8994335129,943101.3937071076
2025-04-14T23:30:00.000+0000,668229.486055241,368236.8994335129,943576.8438741035
2025-04-14T23:40:00.000+0000,666584.798778505,368236.8994335129,940075.4649402138
2025-04-14T23:50:00.000+0000,667435.2431183129,368236.8994335129,940481.0963697309
2025-04-15T00:00:00.000+0000,667178.7450410649,368236.8994335129,939514.2578790498
2025-04-15T00:10:00.000+0000,665202.1600550809,368236.8994335129,935655.4814184502
2025-04-15T00:20:00.000+0000,665313.409344393,368236.8994335129,936119.8550688697
2025-04-15T00:30:00.000+0000,666377.1014693849,368236.8994335129,940749.9450082979
2025-04-15T00:40:00.000+0000,668550.7396865688,368236.8994335129,943349.7802520792
2025-04-15T00:50:00.000+0000,668263.9424280729,368236.8994335129,941703.5099978215
2025-04-15T01:00:00.000+0000,666291.057759465,368236.8994335129,937084.3759526493
2025-04-15T01:10:00.000+0000,666696.5049420248,368236.8994335129,937761.5863621095
2025-04-15T01:20:00.000+0000,667685.9509514649,368236.8994335129,940034.1588091302
2025-04-15T01:30:00.000+0000,670172.985291017,368236.8994335129,943101.0197939877
2025-04-15T01:40:00.000+0000,671391.1769973849,368236.8994335129,944523.6380942011
2025-04-15T01:50:00.000+0000,671839.8744720089,368236.8994335129,946372.1700661266
2025-04-15T02:00:00.000+0000,670520.3809120089,368236.8994335129,945994.8580307949
2025-04-15T02:10:00.000+0000,671218.1758291288,368236.8994335129,945892.8783441212
2025-04-15T02:20:00.000+0000,669997.437321833,368236.8994335129,941073.6653555424
2025-04-15T02:30:00.000+0000,669086.3946195289,368236.8994335129,938487.217760616
2025-04-15T02:40:00.000+0000,669855.8888512729,368236.8994335129,940398.1281965086
2025-04-15T02:50:00.000+0000,670519.6842697689,368236.8994335129,942090.3965297791
2025-04-15T03:00:00.000+0000,671931.9255322008,368236.8994335129,944427.256811579
2025-04-15T03:10:00.000+0000,670537.0323402009,368236.8994335129,944297.6907743479
2025-04-15T03:20:00.000+0000,671091.428628073,368236.8994335129,945551.3819682543
2025-04-15T03:30:00.000+0000,671649.5252333209,368236.8994335129,947874.1998261503
2025-04-15T03:40:00.000+0000,671762.6246813209,368236.8994335129,948406.43271808
2025-04-15T03:50:00.000+0000,671340.526070569,368236.8994335129,948959.3024307503
2025-04-15T04:00:00.000+0000,670159.3375379608,368236.8994335129,948751.7810675309
2025-04-15T04:10:00.000+0000,669414.592011401,368236.8994335129,948176.6039308526
2025-04-15T04:20:00.000+0000,668972.5985292889,368236.8994335129,946400.3085179019
2025-04-15T04:30:00.000+0000,668077.053738729,368236.8994335129,946644.8559492412
2025-04-15T04:40:00.000+0000,668096.251967849,368236.8994335129,947726.1202182841
2025-04-15T04:50:00.000+0000,668279.200571785,368236.8994335129,949013.8677990955
2025-04-15T05:00:00.000+0000,670349.6867766489,368236.8994335129,952237.1432989351
2025-04-15T05:10:00.000+0000,669983.789568777,368236.8994335129,952476.9936580907
2025-04-15T05:20:00.000+0000,670409.5884969049,368236.8994335129,953312.8742774774
2025-04-15T05:30:00.000+0000,670015.2422664728,368236.8994335129,952493.7916245576
2025-04-15T05:40:00.000+0000,671944.180000777,368236.8994335129,954807.5586664063
2025-04-15T05:50:00.000+0000,670422.5396077208,368236.8994335129,952617.3858811925
2025-04-15T06:00:00.000+0000,670007.8416317209,368236.8994335129,951193.9211677288
2025-04-15T06:10:00.000+0000,669848.9450907289,368236.8994335129,950913.0978644531
2025-04-15T06:20:00.000+0000,668968.2015696729,368236.8994335129,950794.7380700421
2025-04-15T06:30:00.000+0000,669644.9480989849,368236.8994335129,952401.6110810293
2025-04-15T06:40:00.000+0000,670314.2939935449,368236.8994335129,951995.5138317867
2025-04-15T06:50:00.000+0000,670811.7922362969,368236.8994335129,950444.5511353628
2025-04-15T07:00:00.000+0000,670736.3926042969,368236.8994335129,951821.0746029209
2025-04-15T07:10:00.000+0000,672397.7313092251,368236.8994335129,953743.9130571773
2025-04-15T07:20:00.000+0000,673989.2208582169,368236.8994335129,955145.4737178261
2025-04-15T07:30:00.000+0000,671440.4346397208,368236.8994335129,954534.2536280036
2025-04-15T07:40:00.000+0000,670808.7885611609,368236.8994335129,954527.4906478507
2025-04-15T07:50:00.000+0000,670691.988795785,368236.8994335129,954262.813478228
2025-04-15T08:00:00.000+0000,669823.0428690969,368236.8994335129,954968.1505705214
2025-04-15T08:10:00.000+0000,669638.2441064728,368236.8994335129,955750.3770711471
2025-04-15T08:20:00.000+0000,669936.1423170969,368236.8994335129,955675.2469532341
2025-04-15T08:30:00.000+0000,669811.9419169689,368236.8994335129,954427.9346671444
2025-04-15T08:40:00.000+0000,668986.2462823449,368236.8994335129,955158.6515027739
2025-04-15T08:50:00.000+0000,668279.200571785,368236.8994335129,954566.3992758691
2025-04-15T09:00:00.000+0000,667947.302862537,368236.8994335129,954318.1625340737
2025-04-15T09:10:00.000+0000,669612.3418848409,368236.8994335129,957939.4592919522
2025-04-15T09:20:00.000+0000,669832.9903047769,368236.8994335129,958923.5302059506
2025-04-15T09:30:00.000+0000,667679.7038331609,368236.8994335129,954666.5827019948
2025-04-15T09:40:00.000+0000,668531.9983316569,368236.8994335129,956602.5775138992
2025-04-15T09:50:00.000+0000,669342.8926967769,368236.8994335129,959395.5542531471
2025-04-15T10:00:00.000+0000,669791.5901714009,368236.8994335129,960594.8749363626
2025-04-15T10:10:00.000+0000,668471.3999691609,368236.8994335129,957572.2361241187
2025-04-15T10:20:00.000+0000,668164.250965097,368236.8994335129,955664.4028367333
2025-04-15T10:30:00.000+0000,667900.3522530969,368236.8994335129,952481.218748861
2025-04-15T10:40:00.000+0000,667455.3550958489,368236.8994335129,952150.7316475766
2025-04-15T10:50:00.000+0000,668155.000171657,368236.8994335129,953922.2621740565
2025-04-15T11:00:00.000+0000,667278.6536102169,368236.8994335129,953396.2369416094
2025-04-15T11:10:00.000+0000,666496.208267657,368236.8994335129,951232.6084401156
2025-04-15T11:20:00.000+0000,666686.557506345,368236.8994335129,951483.1182709102
2025-04-15T11:30:00.000+0000,667342.9522900889,368236.8994335129,952604.0317236555
2025-04-15T11:40:00.000+0000,667647.0976190169,368236.8994335129,952680.8158109966
2025-04-15T11:50:00.000+0000,667236.0999603929,368236.8994335129,951934.0088513412
2025-04-15T12:00:00.000+0000,667354.7498844569,368236.8994335129,953187.6102492269
2025-04-15T12:10:00.000+0000,668980.238932073,368236.8994335129,954737.3030664173
2025-04-15T12:20:00.000+0000,667818.2486285849,368236.8994335129,952002.8736904182
2025-04-15T12:30:00.000+0000,667509.249465833,368236.8994335129,951256.7193595099
2025-04-15T12:40:00.000+0000,667111.899560265,368236.8994335129,952508.6207139152
2025-04-15T12:50:00.000+0000,668000.0437160729,368236.8994335129,955162.4030202633
2025-04-15T13:00:00.000+0000,667937.5951948889,368236.8994335129,956815.0787160341
2025-04-15T13:10:00.000+0000,667969.744534825,368236.8994335129,956736.9210381944
2025-04-15T13:20:00.000+0000,667647.0976190169,368236.8994335129,954308.971036633
2025-04-15T13:30:00.000+0000,668352.2931708888,368236.8994335129,955321.977522152
2025-04-15T13:40:00.000+0000,670368.4281315609,368236.8994335129,959854.2136885149
2025-04-15T13:50:00.000+0000,669517.983791753,368236.8994335129,953122.2079635025
2025-04-15T14:00:00.000+0000,667901.745537577,368236.8994335129,949000.1619873896
2025-04-15T14:10:00.000+0000,664931.317582537,368236.8994335129,945024.502810501
2025-04-15T14:20:00.000+0000,665042.5668718489,368236.8994335129,941748.6718227996
2025-04-15T14:30:00.000+0000,665089.5174812889,368236.8994335129,942122.21816604
2025-04-15T14:40:00.000+0000,665642.7602527129,368236.8994335129,945022.4846220282
2025-04-15T14:50:00.000+0000,664739.814827401,368236.8994335129,946323.3834719502
2025-04-15T15:00:00.000+0000,664342.464921833,368236.8994335129,945573.6060351463
2025-04-15T15:10:00.000+0000,665340.0082082648,368236.8994335129,947309.7189075996
2025-04-15T15:20:00.000+0000,666482.8002826329,368236.8994335129,947969.1474396843
2025-04-15T15:30:00.000+0000,665746.6089072728,368236.8994335129,943218.4935042837
2025-04-15T15:40:00.000+0000,665701.5084565209,368236.8994335129,941358.0348643623
2025-04-15T15:50:00.000+0000,664901.7150435289,368236.8994335129,938755.0002400267
2025-04-15T16:00:00.000+0000,666491.3544338329,368236.8994335129,941764.6089063382
2025-04-15T16:10:00.000+0000,665967.2573272089,368236.8994335129,943579.8054709691
2025-04-15T16:20:00.000+0000,665673.0594339608,368236.8994335129,942498.4366768689
2025-04-15T16:30:00.000+0000,666325.7539003289,368236.8994335129,943993.1449344754
2025-04-15T16:40:00.000+0000,665752.159383337,368236.8994335129,943487.1907299485
2025-04-15T16:50:00.000+0000,664527.7205586649,368236.8994335129,942340.547230066
2025-04-15T17:00:00.000+0000,663909.0255909208,368236.8994335129,941441.6548168219
2025-04-15T17:10:00.000+0000,663841.0265936728,368236.8994335129,942097.5918383393
2025-04-15T17:20:00.000+0000,661664.8415755609,368236.8994335129,938764.9218388596
2025-04-15T17:30:00.000+0000,661253.8439169369,368236.8994335129,938748.593448146
2025-04-15T17:40:00.000+0000,662168.5869366169,368236.8994335129,940520.7806366186
2025-04-15T17:50:00.000+0000,660703.147946441,368236.8994335129,935914.299899882
2025-04-15T18:00:00.000+0000,660955.9457063129,368236.8994335129,936094.2432205341
2025-04-15T18:10:00.000+0000,659769.9033398809,368236.8994335129,932620.8585782154
2025-04-15T18:20:00.000+0000,659145.657896073,368236.8994335129,932140.146342149
2025-04-15T18:30:00.000+0000,659438.0056306329,368236.8994335129,933517.6389737205
2025-04-15T18:40:00.000+0000,659792.8018863768,368236.8994335129,934020.4640354991
2025-04-15T18:50:00.000+0000,658750.1581491929,368236.8994335129,933889.1483662064
2025-04-15T19:00:00.000+0000,658574.6101800088,368236.8994335129,932234.1336540934
2025-04-15T19:10:00.000+0000,659198.8556238168,368236.8994335129,933062.1848390953
2025-04-15T19:20:00.000+0000,657401.518924393,368236.8994335129,930170.4274986521
2025-04-15T19:30:00.000+0000,657973.2632826968,368236.8994335129,932058.2744477422
2025-04-15T19:40:00.000+0000,658002.8658217049,368236.8994335129,930227.4249166718
2025-04-15T19:50:00.000+0000,658589.4114495129,368236.8994335129,931651.6256159986
2025-04-15T20:00:00.000+0000,659343.4077695129,368236.8994335129,931953.2843715558
2025-04-15T20:10:00.000+0000,659963.9528959449,368236.8994335129,932495.2169343932
2025-04-15T20:20:00.000+0000,660480.6493678167,368236.8994335129,932728.5112350674
2025-04-15T20:30:00.000+0000,660192.001950633,368236.8994335129,932302.6286490128
2025-04-15T20:40:00.000+0000,658962.7092921368,368236.8994335129,930508.122526949
2025-04-15T20:50:00.000+0000,657612.2199086489,368236.8994335129,926742.1232289977
2025-04-15T21:00:00.000+0000,658202.4658538329,368236.8994335129,928823.7806410645
2025-04-15T21:10:00.000+0000,657795.1685125849,368236.8994335129,928123.0245505963
2025-04-15T21:20:00.000+0000,658368.7630295769,368236.8994335129,929569.4997013295
2025-04-15T21:30:00.000+0000,658397.2120521369,368236.8994335129,932356.5847976443
2025-04-15T21:40:00.000+0000,659753.251911689,368236.8994335129,933003.5854637469
2025-04-15T21:50:00.000+0000,659568.4531490649,368236.8994335129,931502.9263341273
2025-04-15T22:00:00.000+0000,659613.5535998167,368236.8994335129,928778.388821671
2025-04-15T22:10:00.000+0000,659143.8077373849,368236.8994335129,927468.6447270056
2025-04-15T22:20:00.000+0000,658332.913372265,368236.8994335129,925198.0813645341
2025-04-15T22:30:00.000+0000,658627.1112655129,368236.8994335129,926997.5482860142
2025-04-15T22:40:00.000+0000,657418.866994825,368236.8994335129,924100.9344297124
2025-04-15T22:50:00.000+0000,657460.267128201,368236.8994335129,922539.0871142717
2025-04-15T23:00:00.000+0000,658502.910865385,368236.8994335129,923916.1710267549
2025-04-15T23:10:00.000+0000,658612.3099960089,368236.8994335129,924579.1733712304
2025-04-15T23:20:00.000+0000,659087.6063345049,368236.8994335129,925977.5145743933
2025-04-15T23:30:00.000+0000,658725.4094440088,368236.8994335129,925846.4133209696
2025-04-15T23:40:00.000+0000,658546.1611574489,368236.8994335129,923479.2376618863
2025-04-15T23:50:00.000+0000,658104.8643175769,368236.8994335129,922645.7609308935
2025-04-16T00:00:00.000+0000,658384.2609413208,368236.8994335129,921782.5059711582
2025-04-16T00:10:00.000+0000,656091.2761578329,368236.8994335129,919009.3949836025
2025-04-16T00:20:00.000+0000,656276.0749204569,368236.8994335129,919600.1634519802
2025-04-16T00:30:00.000+0000,658543.157482313,368236.8994335129,923520.5542472617
2025-04-16T00:40:00.000+0000,657368.2160680088,368236.8994335129,921876.0079051619
2025-04-16T00:50:00.000+0000,655819.9768110809,368236.8994335129,917584.0702106905
2025-04-16T01:00:00.000+0000,655733.476226953,368236.8994335129,918250.5737062324
2025-04-16T01:10:00.000+0000,656533.2696399449,368236.8994335129,920949.9903912649
2025-04-16T01:20:00.000+0000,657378.1635036889,368236.8994335129,922894.8647530229
2025-04-16T01:30:00.000+0000,656477.0682370649,368236.8994335129,920626.087491884
2025-04-16T01:40:00.000+0000,656511.0677356889,368236.8994335129,921063.7136929402
2025-04-16T01:50:00.000+0000,657124.212227369,368236.8994335129,923840.7265377364
2025-04-16T02:00:00.000+0000,657914.0582046809,368236.8994335129,925379.3578446037
2025-04-16T02:10:00.000+0000,658213.8065739928,368236.8994335129,924975.7384418716
2025-04-16T02:20:00.000+0000,657346.710805993,368236.8994335129,925335.6848488313
2025-04-16T02:30:00.000+0000,656252.7194997529,368236.8994335129,924877.1690549513
2025-04-16T02:40:00.000+0000,655933.7729013208,368236.8994335129,923647.8037328834
2025-04-16T02:50:00.000+0000,655102.5267906329,368236.8994335129,924977.0970261166
2025-04-16T03:00:00.000+0000,656454.1696905689,368236.8994335129,926902.6821783707
2025-04-16T03:10:00.000+0000,656823.7672158168,368236.8994335129,928455.2390607086
2025-04-16T03:20:00.000+0000,656252.7194997529,368236.8994335129,926213.0074336575
2025-04-16T03:30:00.000+0000,656407.219081129,368236.8994335129,925511.5603939452
2025-04-16T03:40:00.000+0000,657276.8616500569,368236.8994335129,924285.0789903163
2025-04-16T03:50:00.000+0000,656692.1661809369,368236.8994335129,923920.7249761675
2025-04-16T04:00:00.000+0000,655807.7223425049,368236.8994335129,923818.49469943
2025-04-16T04:10:00.000+0000,654099.4330281368,368236.8994335129,920472.7471295975
2025-04-16T04:20:00.000+0000,653083.3881548248,368236.8994335129,919213.4684867887
2025-04-16T04:30:00.000+0000,652415.8924189529,368236.8994335129,919184.6990929241
2025-04-16T04:40:00.000+0000,651940.5960804569,368236.8994335129,918150.7456724448
2025-04-16T04:50:00.000+0000,652527.1417082648,368236.8994335129,920473.2260864915
2025-04-16T05:00:00.000+0000,653485.1350200088,368236.8994335129,922655.4450768312
2025-04-16T05:10:00.000+0000,655666.8705141849,368236.8994335129,923501.8374752654
2025-04-16T05:20:00.000+0000,652147.5967473369,368236.8994335129,913799.4342962649
2025-04-16T05:30:00.000+0000,651187.7532769049,368236.8994335129,913216.8043033406
2025-04-16T05:40:00.000+0000,652315.7440817689,368236.8994335129,917182.5877139494
2025-04-16T05:50:00.000+0000,652244.044767145,368236.8994335129,916881.5247815786
2025-04-16T06:00:00.000+0000,651747.7000408408,368236.8994335129,915856.7044611111
2025-04-16T06:10:00.000+0000,651866.349964905,368236.8994335129,916216.2008505327
2025-04-16T06:20:00.000+0000,652829.893752713,368236.8994335129,918699.384132657
2025-04-16T06:30:00.000+0000,653080.8413538968,368236.8994335129,919676.9158635121
2025-04-16T06:40:00.000+0000,653190.240484521,368236.8994335129,920609.8354470879
2025-04-16T06:50:00.000+0000,653267.4902752088,368236.8994335129,921072.084756392
2025-04-16T07:00:00.000+0000,652311.3471221529,368236.8994335129,918541.1382025064
2025-04-16T07:10:00.000+0000,650968.9550156569,368236.8994335129,917749.6421773611
2025-04-16T07:20:00.000+0000,650118.5106758489,368236.8994335129,915166.4271949483
2025-04-16T07:30:00.000+0000,650321.8110253529,368236.8994335129,914316.840504497
2025-04-16T07:40:00.000+0000,650389.8100226009,368236.8994335129,914817.0384174476
2025-04-16T07:50:00.000+0000,650436.7606320409,368236.8994335129,913600.2674162351
2025-04-16T08:00:00.000+0000,649118.4205884889,368236.8994335129,911524.501387743
2025-04-16T08:10:00.000+0000,648490.474827305,368236.8994335129,909357.4612361278
2025-04-16T08:20:00.000+0000,648994.2201883609,368236.8994335129,910783.484210982
2025-04-16T08:30:00.000+0000,652413.3456180249,368236.8994335129,916877.6848005773
2025-04-16T08:40:00.000+0000,654163.0350657689,368236.8994335129,918905.5642699688
2025-04-16T08:50:00.000+0000,653595.6876670809,368236.8994335129,917595.5162584893
2025-04-16T09:00:00.000+0000,653150.6905098329,368236.8994335129,918736.7760116884
2025-04-16T09:10:00.000+0000,653509.1870829529,368236.8994335129,919054.8907200426
2025-04-16T09:20:00.000+0000,652924.4916138329,368236.8994335129,918256.400682896
2025-04-16T09:30:00.000+0000,652364.5448498968,368236.8994335129,918006.4925597587
2025-04-16T09:40:00.000+0000,650222.359330409,368236.8994335129,915460.5250189557
2025-04-16T09:50:00.000+0000,650373.1585944089,368236.8994335129,914994.2666444764
2025-04-16T10:00:00.000+0000,650231.6101238489,368236.8994335129,915510.6642950475
2025-04-16T10:10:00.000+0000,650855.8555676569,368236.8994335129,917855.6335763694
2025-04-16T10:20:00.000+0000,651465.299741961,368236.8994335129,920110.431917429
2025-04-16T10:30:00.000+0000,651090.1517406488,368236.8994335129,920822.1334478615
2025-04-16T10:40:00.000+0000,650980.752610025,368236.8994335129,920483.9139251937
2025-04-16T10:50:00.000+0000,649636.5103448408,368236.8994335129,922357.9119398067
2025-04-16T11:00:00.000+0000,649385.5627436569,368236.8994335129,921586.0787600689
2025-04-16T11:10:00.000+0000,650777.452260521,368236.8994335129,922145.0727572471
2025-04-16T11:20:00.000+0000,648646.3676931609,368236.8994335129,919773.1595770407
2025-04-16T11:30:00.000+0000,647466.5724450329,368236.8994335129,918891.9895348748
2025-04-16T11:40:00.000+0000,648501.8155474649,368236.8994335129,922297.974075004
2025-04-16T11:50:00.000+0000,649987.6062832088,368236.8994335129,923836.414280246
2025-04-16T12:00:00.000+0000,649712.606619081,368236.8994335129,923261.2103505136
2025-04-16T12:10:00.000+0000,649525.9576977689,368236.8994335129,922691.400344539
2025-04-16T12:20:00.000+0000,650197.1537510168,368236.8994335129,924300.8428671418
2025-04-16T12:30:00.000+0000,649433.2099953368,368236.8994335129,922554.4379972643
2025-04-16T12:40:00.000+0000,647835.4733280409,368236.8994335129,919827.0725938554
2025-04-16T12:50:00.000+0000,647564.1739812888,368236.8994335129,919439.4390673088
2025-04-16T13:00:00.000+0000,648082.7206118489,368236.8994335129,918718.4422924537
2025-04-16T13:10:00.000+0000,646749.5792987928,368236.8994335129,917110.7183162544
2025-04-16T13:20:00.000+0000,646734.7780292889,368236.8994335129,916980.2624388803
2025-04-16T13:30:00.000+0000,646684.127102473,368236.8994335129,916764.9740898083
2025-04-16T13:40:00.000+0000,646660.0750395288,368236.8994335129,919694.8115935092
2025-04-16T13:50:00.000+0000,645338.034678601,368236.8994335129,916108.1520394682
2025-04-16T14:00:00.000+0000,645281.833275721,368236.8994335129,917302.12701928
2025-04-16T14:10:00.000+0000,646460.4750074008,368236.8994335129,918980.371673069
2025-04-16T14:20:00.000+0000,648035.3131282009,368236.8994335129,922553.1348503537
2025-04-16T14:30:00.000+0000,650360.4472516249,368236.8994335129,927823.3257918656
2025-04-16T14:40:00.000+0000,650243.647486249,368236.8994335129,928201.6836322043
2025-04-16T14:50:00.000+0000,650173.798330313,368236.8994335129,930106.9216702117
2025-04-16T15:00:00.000+0000,650356.746934249,368236.8994335129,931073.167557159
2025-04-16T15:10:00.000+0000,650988.3930128089,368236.8994335129,932090.522420787
2025-04-16T15:20:00.000+0000,652502.6327711128,368236.8994335129,934534.0688247263
2025-04-16T15:30:00.000+0000,653964.3714439129,368236.8994335129,936292.1983058245
2025-04-16T15:40:00.000+0000,652755.4305309849,368236.8994335129,934349.3895748184
2025-04-16T15:50:00.000+0000,651835.1370352409,368236.8994335129,933166.8569582126
2025-04-16T16:00:00.000+0000,651356.1403793689,368236.8994335129,934060.8033010768
2025-04-16T16:10:00.000+0000,651425.989535305,368236.8994335129,933859.3024932414
2025-04-16T16:20:00.000+0000,649924.7008878168,368236.8994335129,931686.4221742174
2025-04-16T16:30:00.000+0000,648417.861764265,368236.8994335129,928113.9436148896
2025-04-16T16:40:00.000+0000,648257.8117068249,368236.8994335129,928876.0218921676
2025-04-16T16:50:00.000+0000,648814.058153385,368236.8994335129,932318.6379559299
2025-04-16T17:00:00.000+0000,651686.1879299289,368236.8994335129,937303.3197722076
2025-04-16T17:10:00.000+0000,651964.8879114329,368236.8994335129,936758.9961809281
2025-04-16T17:20:00.000+0000,654501.4196613529,368236.8994335129,942117.2195112673
2025-04-16T17:30:00.000+0000,652408.034909993,368236.8994335129,934742.2983076042
2025-04-16T17:40:00.000+0000,648715.7599748888,368236.8994335129,921461.6989289897
2025-04-16T17:50:00.000+0000,645072.2858079129,368236.8994335129,910997.1738043191
2025-04-16T18:00:00.000+0000,646067.978935657,368236.8994335129,913998.8670141117
2025-04-16T18:10:00.000+0000,649913.5999356889,368236.8994335129,919172.477540603
2025-04-16T18:20:00.000+0000,650541.5456968729,368236.8994335129,920565.9005574498
2025-04-16T18:30:00.000+0000,651793.7369018649,368236.8994335129,923610.8617999547
2025-04-16T18:40:00.000+0000,650997.6438062489,368236.8994335129,920997.6104688204
2025-04-16T18:50:00.000+0000,651586.0395927449,368236.8994335129,922602.1849302633
2025-04-16T19:00:00.000+0000,653609.5751881689,368236.8994335129,926732.0608773367
2025-04-16T19:10:00.000+0000,653765.9249282328,368236.8994335129,926797.8070458155
2025-04-16T19:20:00.000+0000,652110.136699369,368236.8994335129,924679.3918626825
2025-04-16T19:30:00.000+0000,652006.2880448089,368236.8994335129,925669.1759185819
2025-04-16T19:40:00.000+0000,653353.0771109208,368236.8994335129,930036.5900015223
2025-04-16T19:50:00.000+0000,658158.5415813848,368236.8994335129,941811.4301557929
2025-04-16T20:00:00.000+0000,658092.392742825,368236.8994335129,941861.3282051027
2025-04-16T20:10:00.000+0000,657800.045008265,368236.8994335129,942519.0947548451
2025-04-16T20:20:00.000+0000,658205.4921908249,368236.8994335129,943239.2960375403
2025-04-16T20:30:00.000+0000,657089.2989803288,368236.8994335129,941518.1810971191
2025-04-16T20:40:00.000+0000,655959.458016777,368236.8994335129,938795.242599756
2025-04-16T20:50:00.000+0000,654222.719679849,368236.8994335129,936735.1448211742
2025-04-16T21:00:00.000+0000,653600.324394729,368236.8994335129,936928.4463147498
2025-04-16T21:10:00.000+0000,655086.8117727129,368236.8994335129,940252.1247451212
2025-04-16T21:20:00.000+0000,655826.0068232089,368236.8994335129,942758.6580368073
2025-04-16T21:30:00.000+0000,655183.2597925209,368236.8994335129,942146.9260353481
2025-04-16T21:40:00.000+0000,654855.0624006488,368236.8994335129,942367.877678382
2025-04-16T21:50:00.000+0000,655260.5095832088,368236.8994335129,943645.3436982018
2025-04-16T22:00:00.000+0000,655439.7578697689,368236.8994335129,942657.4529515692
2025-04-16T22:10:00.000+0000,655517.0076604569,368236.8994335129,941203.2542418765
2025-04-16T22:20:00.000+0000,655235.7608780249,368236.8994335129,940583.0406960021
2025-04-16T22:30:00.000+0000,655531.8089299608,368236.8994335129,940185.8447011304
2025-04-16T22:40:00.000+0000,656853.8492908889,368236.8994335129,942633.9788408761
2025-04-16T22:50:00.000+0000,656186.3535550169,368236.8994335129,941594.9649072434
2025-04-16T23:00:00.000+0000,655049.1119567128,368236.8994335129,939397.793280849
2025-04-16T23:10:00.000+0000,654308.066747529,368236.8994335129,938496.728824852
2025-04-16T23:20:00.000+0000,653902.6195649689,368236.8994335129,937635.8118083082
2025-04-16T23:30:00.000+0000,652503.3294133528,368236.8994335129,934982.1329538666
2025-04-16T23:40:00.000+0000,652352.5301493529,368236.8994335129,934917.1897896039
2025-04-16T23:50:00.000+0000,652335.8787211608,368236.8994335129,936251.1892946619
2025-04-17T00:00:00.000+0000,652481.1275090969,368236.8994335129,934849.0821221903
2025-04-17T00:10:00.000+0000,651715.333594729,368236.8994335129,935462.18721329
2025-04-17T00:20:00.000+0000,651607.7846227929,368236.8994335129,934580.2972646654
2025-04-17T00:30:00.000+0000,652939.0757771608,368236.8994335129,936350.7988614764
2025-04-17T00:40:00.000+0000,652908.7765959129,368236.8994335129,936738.3238475793
2025-04-17T00:50:00.000+0000,653219.6259173529,368236.8994335129,937175.3081335379
2025-04-17T01:00:00.000+0000,653123.1778975448,368236.8994335129,937486.8040576611
2025-04-17T01:10:00.000+0000,655150.4138103449,368236.8994335129,939621.92500558
2025-04-17T01:20:00.000+0000,654780.8162850969,368236.8994335129,939808.099282099
2025-04-17T01:30:00.000+0000,655419.8629984088,368236.8994335129,940421.7152116841
2025-04-17T01:40:00.000+0000,655137.919573737,368236.8994335129,939243.7057181913
2025-04-17T01:50:00.000+0000,654840.0213631128,368236.8994335129,938471.1834582943
2025-04-17T02:00:00.000+0000,654429.023704489,368236.8994335129,939069.9011695842
2025-04-17T02:10:00.000+0000,652624.2863703129,368236.8994335129,935980.0034909784
2025-04-17T02:20:00.000+0000,652556.2873730649,368236.8994335129,934758.7080162845
2025-04-17T02:30:00.000+0000,652769.535158249,368236.8994335129,935859.1851310553
2025-04-17T02:40:00.000+0000,653116.234137001,368236.8994335129,936907.010800255
2025-04-17T02:50:00.000+0000,653665.079948809,368236.8994335129,937302.3287693304
2025-04-17T03:00:00.000+0000,653941.9297716249,368236.8994335129,938370.3029390951
2025-04-17T03:10:00.000+0000,654049.4787435608,368236.8994335129,936258.2328952443
2025-04-17T03:20:00.000+0000,653011.6888402009,368236.8994335129,931312.4557094576
2025-04-17T03:30:00.000+0000,653313.287368201,368236.8994335129,931495.450440855
2025-04-17T03:40:00.000+0000,653822.5832053209,368236.8994335129,931222.130932774
2025-04-17T03:50:00.000+0000,654226.180229193,368236.8994335129,933232.789765649
2025-04-17T04:00:00.000+0000,653973.3824693208,368236.8994335129,933039.7490570707
2025-04-17T04:10:00.000+0000,653754.584208073,368236.8994335129,932780.4063227675
2025-04-17T04:20:00.000+0000,654459.7797599449,368236.8994335129,933140.1125760961
2025-04-17T04:30:00.000+0000,655093.275997193,368236.8994335129,933251.4209985103
2025-04-17T04:40:00.000+0000,655757.0714156888,368236.8994335129,933760.0229832316
2025-04-17T04:50:00.000+0000,655765.168692681,368236.8994335129,937498.2265854347
2025-04-17T05:00:00.000+0000,656242.315189865,368236.8994335129,938179.1507106042
2025-04-17T05:10:00.000+0000,657422.8070802328,368236.8994335129,939878.4500438636
2025-04-17T05:20:00.000+0000,658082.902181353,368236.8994335129,941426.9488268798
2025-04-17T05:30:00.000+0000,658775.1466224089,368236.8994335129,942643.2282706049
2025-04-17T05:40:00.000+0000,658988.3944075928,368236.8994335129,946126.8810952469
2025-04-17T05:50:00.000+0000,658581.0970663449,368236.8994335129,945722.5452827255
2025-04-17T06:00:00.000+0000,658554.4982024728,368236.8994335129,945589.3003893294
2025-04-17T06:10:00.000+0000,656586.7071357209,368236.8994335129,945556.2321880782
2025-04-17T06:20:00.000+0000,657103.4036075928,368236.8994335129,947181.9387837774
2025-04-17T06:30:00.000+0000,657827.7973885849,368236.8994335129,949619.1062977584
2025-04-17T06:40:00.000+0000,657526.1988605849,368236.8994335129,950970.0026335104
2025-04-17T06:50:00.000+0000,657976.7464938969,368236.8994335129,951604.8471916362
2025-04-17T07:00:00.000+0000,657573.149470025,368236.8994335129,949584.6768115261
2025-04-17T07:10:00.000+0000,658189.9942790809,368236.8994335129,949183.1804174
2025-04-17T07:20:00.000+0000,658625.7406428888,368236.8994335129,950677.902330892
2025-04-17T07:30:00.000+0000,659008.9859211929,368236.8994335129,953325.3491563159
2025-04-17T07:40:00.000+0000,658106.0404958808,368236.8994335129,950789.0649655168
2025-04-17T07:50:00.000+0000,657883.5419172569,368236.8994335129,949561.1879717966
2025-04-17T08:00:00.000+0000,658132.6393597529,368236.8994335129,950682.8063247472
2025-04-17T08:10:00.000+0000,657824.7937134489,368236.8994335129,950544.0624459609
2025-04-17T08:20:00.000+0000,657638.1447921369,368236.8994335129,949005.7203268711
2025-04-17T08:30:00.000+0000,657487.3455281368,368236.8994335129,948606.9017254463
2025-04-17T08:40:00.000+0000,657751.2442401368,368236.8994335129,947980.2085027252
2025-04-17T08:50:00.000+0000,656917.4513285209,368236.8994335129,945787.4206327013
2025-04-17T09:00:00.000+0000,655825.3101809688,368236.8994335129,943895.6439601653
2025-04-17T09:10:00.000+0000,656270.3073382169,368236.8994335129,943840.5832783048
2025-04-17T09:20:00.000+0000,656249.9555926488,368236.8994335129,944586.632011005
2025-04-17T09:30:00.000+0000,656081.808258217,368236.8994335129,944318.7297409249
2025-04-17T09:40:00.000+0000,656266.6070208409,368236.8994335129,946402.5892082512
2025-04-17T09:50:00.000+0000,655898.8596542809,368236.8994335129,946139.0473802981
2025-04-17T10:00:00.000+0000,655615.7627131608,368236.8994335129,946086.2072566203
2025-04-17T10:10:00.000+0000,654144.7732469209,368236.8994335129,942964.096115862
2025-04-17T10:20:00.000+0000,654327.7218508569,368236.8994335129,943889.449196352
2025-04-17T10:30:00.000+0000,654426.0200293529,368236.8994335129,944035.2712580481
2025-04-17T10:40:00.000+0000,653990.2736655448,368236.8994335129,943725.0369051688
2025-04-17T10:50:00.000+0000,654539.1194773528,368236.8994335129,944076.1833633622
2025-04-17T11:00:00.000+0000,655432.8141092251,368236.8994335129,945231.9146494204
2025-04-17T11:10:00.000+0000,655657.162846537,368236.8994335129,942607.5396366478
2025-04-17T11:20:00.000+0000,656801.8050795929,368236.8994335129,943660.7978273188
2025-04-17T11:30:00.000+0000,657146.653899657,368236.8994335129,944267.8265949062
2025-04-17T11:40:00.000+0000,657028.0039755928,368236.8994335129,945674.7399165803
2025-04-17T11:50:00.000+0000,656260.359902537,368236.8994335129,945511.1753711563
2025-04-17T12:00:00.000+0000,656335.759534537,368236.8994335129,945513.3155144589
2025-04-17T12:10:00.000+0000,656247.4087917209,368236.8994335129,946651.6967328324
2025-04-17T12:20:00.000+0000,657120.7516780249,368236.8994335129,949091.0791798835
2025-04-17T12:30:00.000+0000,656670.2040447128,368236.8994335129,948659.266630399
2025-04-17T12:40:00.000+0000,657002.1017539608,368236.8994335129,949311.1297325487
2025-04-17T12:50:00.000+0000,657859.9467285209,368236.8994335129,949806.6378081546
2025-04-17T13:00:00.000+0000,656879.0548702809,368236.8994335129,947183.9320304219
2025-04-17T13:10:00.000+0000,655768.4121358489,368236.8994335129,945322.0418855728
2025-04-17T13:20:00.000+0000,656013.8092609688,368236.8994335129,945973.0966356108
2025-04-17T13:30:00.000+0000,654013.1722120409,368236.8994335129,943379.5614944925
2025-04-17T13:40:00.000+0000,654013.1722120409,368236.8994335129,943703.7929931574
2025-04-17T13:50:00.000+0000,654403.8181250968,368236.8994335129,943872.3097527907
2025-04-17T14:00:00.000+0000,652235.033741737,368236.8994335129,938312.4652873718
2025-04-17T14:10:00.000+0000,651712.7867938009,368236.8994335129,936719.6904684163
2025-04-17T14:20:00.000+0000,651054.541851369,368236.8994335129,935610.7808790943
2025-04-17T14:30:00.000+0000,648684.307277193,368236.8994335129,931704.3301468203
2025-04-17T14:40:00.000+0000,649351.8030130649,368236.8994335129,933738.4973954987
2025-04-17T14:50:00.000+0000,649895.0983488089,368236.8994335129,934612.6029284988
2025-04-17T15:00:00.000+0000,650905.5927460568,368236.8994335129,936047.2422446908
2025-04-17T15:10:00.000+0000,653672.7203515929,368236.8994335129,940907.5458217572
2025-04-17T15:20:00.000+0000,653717.8208023449,368236.8994335129,939509.0282638639
2025-04-17T15:30:00.000+0000,654370.5152687129,368236.8994335129,941155.0117360039
2025-04-17T15:40:00.000+0000,654148.0166900889,368236.8994335129,942902.0424415745
2025-04-17T15:50:00.000+0000,654678.3609150168,368236.8994335129,944103.1663786774
2025-04-17T16:00:00.000+0000,653643.117812585,368236.8994335129,941410.2596602149
2025-04-17T16:10:00.000+0000,655074.5573041368,368236.8994335129,944550.5161193185
2025-04-17T16:20:00.000+0000,657239.6413701209,368236.8994335129,948675.53016692
2025-04-17T16:30:00.000+0000,659014.079523049,368236.8994335129,951994.5101747399
2025-04-17T16:40:00.000+0000,658287.8355833688,368236.8994335129,949532.1580344345
2025-04-17T16:50:00.000+0000,658895.4295989849,368236.8994335129,950688.9413229054
2025-04-17T17:00:00.000+0000,658242.735132617,368236.8994335129,951015.3362791161
2025-04-17T17:10:00.000+0000,659000.4317699929,368236.8994335129,953039.3782267426
2025-04-17T17:20:00.000+0000,658943.5337248729,368236.8994335129,951991.6629849301
2025-04-17T17:30:00.000+0000,659598.0783499288,368236.8994335129,954980.8503195203
2025-04-17T17:40:00.000+0000,658896.5831154329,368236.8994335129,953744.7362276192
2025-04-17T17:50:00.000+0000,659481.2785845529,368236.8994335129,956507.823774162
2025-04-17T18:00:00.000+0000,659224.7805073049,368236.8994335129,955589.2414452394
2025-04-17T18:10:00.000+0000,660065.974053673,368236.8994335129,957453.1098483384
2025-04-17T18:20:00.000+0000,659928.1259004888,368236.8994335129,956311.9460349898
2025-04-17T18:30:00.000+0000,659963.9755578008,368236.8994335129,956274.4913944909
2025-04-17T18:40:00.000+0000,659298.3299806169,368236.8994335129,954193.3167132051
2025-04-17T18:50:00.000+0000,659170.429263113,368236.8994335129,951181.3934000863
2025-04-17T19:00:00.000+0000,659083.9286789849,368236.8994335129,952303.4242281534
2025-04-17T19:10:00.000+0000,656132.698953065,368236.8994335129,945981.0506719846
2025-04-17T19:20:00.000+0000,654867.5566372569,368236.8994335129,943208.9117728192
2025-04-17T19:30:00.000+0000,654081.4109773209,368236.8994335129,940204.4482914275
2025-04-17T19:40:00.000+0000,654588.8566557529,368236.8994335129,942599.2754146191
2025-04-17T19:50:00.000+0000,654211.8584957529,368236.8994335129,942319.1559383979
2025-04-17T20:00:00.000+0000,656229.843615113,368236.8994335129,945765.1651493583
2025-04-17T20:10:00.000+0000,657218.1361081048,368236.8994335129,947089.7434219187
2025-04-17T20:20:00.000+0000,658029.0304732248,368236.8994335129,948518.8213041879
2025-04-17T20:30:00.000+0000,657504.9333666009,368236.8994335129,947432.1044188829
2025-04-17T20:40:00.000+0000,657425.8334172248,368236.8994335129,946981.0385568722
2025-04-17T20:50:00.000+0000,658393.0775224089,368236.8994335129,950349.5917707458
2025-04-17T21:00:00.000+0000,657410.3355054809,368236.8994335129,948589.8287100862
2025-04-17T21:10:00.000+0000,657333.0857147928,368236.8994335129,948548.8605951448
2025-04-17T21:20:00.000+0000,656744.689928297,368236.8994335129,947373.8352525448
2025-04-17T21:30:00.000+0000,656610.5420924888,368236.8994335129,948362.8224837745
2025-04-17T21:40:00.000+0000,656416.4925364249,368236.8994335129,948831.9092857821
2025-04-17T21:50:00.000+0000,656938.7394843609,368236.8994335129,950077.7453075422
2025-04-17T22:00:00.000+0000,656820.0895602969,368236.8994335129,949010.582986559
2025-04-17T22:10:00.000+0000,657517.8844774169,368236.8994335129,950436.189989627
2025-04-17T22:20:00.000+0000,657139.036158729,368236.8994335129,949413.8199088229
2025-04-17T22:30:00.000+0000,657083.988272297,368236.8994335129,948346.7985643093
2025-04-17T22:40:00.000+0000,656084.5948271769,368236.8994335129,947333.4152412934
2025-04-17T22:50:00.000+0000,654947.3532288729,368236.8994335129,944700.2855757321
2025-04-17T23:00:00.000+0000,655134.0021501849,368236.8994335129,945905.6276102659
2025-04-17T23:10:00.000+0000,656227.9934564249,368236.8994335129,947931.1005262451
2025-04-17T23:20:00.000+0000,655467.2931439129,368236.8994335129,949141.6842578417
2025-04-17T23:30:00.000+0000,652922.9038850329,368236.8994335129,948892.8305249179
2025-04-17T23:40:00.000+0000,648979.2244745368,368236.8994335129,948001.6067341568
2025-04-17T23:50:00.000+0000,650138.6679770967,368236.8994335129,948746.3582401348
2025-04-18T00:00:00.000+0000,652167.0574063449,368236.8994335129,948029.6779439383
2025-04-18T00:10:00.000+0000,650941.4650652248,368236.8994335129,947039.5315202201
2025-04-18T00:20:00.000+0000,650528.6172479129,368236.8994335129,946719.3476844442
2025-04-18T00:30:00.000+0000,650047.7704333528,368236.8994335129,947209.6746424349
2025-04-18T00:40:00.000+0000,648901.278041609,368236.8994335129,945885.3949566514
2025-04-18T00:50:00.000+0000,647792.4854658649,368236.8994335129,945498.4196839652
2025-04-18T01:00:00.000+0000,647207.789996745,368236.8994335129,946229.8239900279
2025-04-18T01:10:00.000+0000,649295.6242720409,368236.8994335129,951109.581916821
2025-04-18T01:20:00.000+0000,648997.7260614169,368236.8994335129,950739.610977839
2025-04-18T01:30:00.000+0000,647922.9329842969,368236.8994335129,950695.8007616252
2025-04-18T01:40:00.000+0000,647456.8874392409,368236.8994335129,948937.4767000906
2025-04-18T01:50:00.000+0000,648050.833701801,368236.8994335129,948947.1536111892
2025-04-18T02:00:00.000+0000,648539.0811511129,368236.8994335129,947973.131357249
2025-04-18T02:10:00.000+0000,649216.5243226648,368236.8994335129,947986.1317321742
2025-04-18T02:20:00.000+0000,649586.8184901528,368236.8994335129,948737.0903432004
2025-04-18T02:30:00.000+0000,649254.9207809048,368236.8994335129,949478.4192081899
2025-04-18T02:40:00.000+0000,649488.520311657,368236.8994335129,949977.6334874488
2025-04-18T02:50:00.000+0000,650122.7131911449,368236.8994335129,951023.1908968285
2025-04-18T03:00:00.000+0000,648724.1196817689,368236.8994335129,948341.7541484188
2025-04-18T03:10:00.000+0000,648322.3728165849,368236.8994335129,948622.403243266
2025-04-18T03:20:00.000+0000,648479.4191988888,368236.8994335129,946993.7036521088
2025-04-18T03:30:00.000+0000,649839.1593758169,368236.8994335129,946818.7141732508
2025-04-18T03:40:00.000+0000,649977.0075290009,368236.8994335129,948018.6424485948
2025-04-18T03:50:00.000+0000,650712.5022621208,368236.8994335129,948307.3884610871
2025-04-18T04:00:00.000+0000,651027.051900937,368236.8994335129,945832.244736613
2025-04-18T04:10:00.000+0000,651093.200739497,368236.8994335129,944448.9022792747
2025-04-18T04:20:00.000+0000,652257.041201673,368236.8994335129,945568.4190866367
2025-04-18T04:30:00.000+0000,653401.6834347288,368236.8994335129,945716.6967537504
2025-04-18T04:40:00.000+0000,653175.4845387288,368236.8994335129,945552.4782470698
2025-04-18T04:50:00.000+0000,653396.1329586649,368236.8994335129,945335.2435213394
2025-04-18T05:00:00.000+0000,653100.0849067288,368236.8994335129,945010.0929838171
2025-04-18T05:10:00.000+0000,653156.9829518488,368236.8994335129,944758.7458615549
2025-04-18T05:20:00.000+0000,652498.7380094168,368236.8994335129,943200.1343602214
2025-04-18T05:30:00.000+0000,652640.2864799768,368236.8994335129,942942.7205728046
2025-04-18T05:40:00.000+0000,654158.9231978969,368236.8994335129,945010.3974550655
2025-04-18T05:50:00.000+0000,654986.4689912089,368236.8994335129,945641.138340675
2025-04-18T06:00:00.000+0000,656188.705911625,368236.8994335129,944997.9358026896
2025-04-18T06:10:00.000+0000,655973.6079677528,368236.8994335129,945976.8041539144
2025-04-18T06:20:00.000+0000,656084.8572570649,368236.8994335129,945553.579006412
2025-04-18T06:30:00.000+0000,655892.6578596889,368236.8994335129,943763.555540663
2025-04-18T06:40:00.000+0000,657026.1991406169,368236.8994335129,944154.1598215748
2025-04-18T06:50:00.000+0000,657180.6987219928,368236.8994335129,944885.3853672469
2025-04-18T07:00:00.000+0000,655624.3621880729,368236.8994335129,946385.3326390393
2025-04-18T07:10:00.000+0000,654602.0701964567,368236.8994335129,945706.6730355206
2025-04-18T07:20:00.000+0000,653610.077386089,368236.8994335129,943979.9950693091
2025-04-18T07:30:00.000+0000,654949.4658174489,368236.8994335129,946168.7039314283
2025-04-18T07:40:00.000+0000,654528.5207231449,368236.8994335129,947384.5861656489
2025-04-18T07:50:00.000+0000,654901.8185657689,368236.8994335129,948022.3366060888
2025-04-18T08:00:00.000+0000,653600.8265926489,368236.8994335129,949344.7573055746
2025-04-18T08:10:00.000+0000,653412.3275126489,368236.8994335129,949496.1019441212
2025-04-18T08:20:00.000+0000,653564.9769353368,368236.8994335129,949846.2173263442
2025-04-18T08:30:00.000+0000,652874.5826529688,368236.8994335129,949541.5722914516
2025-04-18T08:40:00.000+0000,653230.532425161,368236.8994335129,949990.2613353396
2025-04-18T08:50:00.000+0000,653515.4795249689,368236.8994335129,947937.0436625613
2025-04-18T09:00:00.000+0000,652551.935737161,368236.8994335129,947930.0716322938
2025-04-18T09:10:00.000+0000,652336.8377932889,368236.8994335129,947279.2197706823
2025-04-18T09:20:00.000+0000,653465.982114601,368236.8994335129,948376.7470396707
2025-04-18T09:30:00.000+0000,653754.6295317849,368236.8994335129,948015.1753611391
2025-04-18T09:40:00.000+0000,654431.3760610968,368236.8994335129,949841.1219893639
2025-04-18T09:50:00.000+0000,654095.7780344728,368236.8994335129,948162.9052017799
2025-04-18T10:00:00.000+0000,653477.0830667288,368236.8994335129,947414.2207529037
2025-04-18T10:10:00.000+0000,653604.9837842329,368236.8994335129,948315.9946610681
2025-04-18T10:20:00.000+0000,653719.9333909209,368236.8994335129,948413.0081647122
2025-04-18T10:30:00.000+0000,653086.437153673,368236.8994335129,946262.1993908095
2025-04-18T10:40:00.000+0000,649729.3033709849,368236.8994335129,945300.6977411078
2025-04-18T10:50:00.000+0000,647348.6644869208,368236.8994335129,945183.6713476137
2025-04-18T11:00:00.000+0000,648160.7123684889,368236.8994335129,944786.0918169818
2025-04-18T11:10:00.000+0000,649440.199079593,368236.8994335129,946842.7833111967
2025-04-18T11:20:00.000+0000,649788.7482170329,368236.8994335129,945446.4091160585
2025-04-18T11:30:00.000+0000,646182.5169918488,368236.8994335129,945545.7887241752
2025-04-18T11:40:00.000+0000,646546.5640410329,368236.8994335129,946231.2788449165
2025-04-18T11:50:00.000+0000,648070.0545927768,368236.8994335129,947245.432736123
2025-04-18T12:00:00.000+0000,648837.0020235929,368236.8994335129,947368.2867142912
2025-04-18T12:10:00.000+0000,648689.9030769689,368236.8994335129,946757.7473966382
2025-04-18T12:20:00.000+0000,648893.9000687129,368236.8994335129,947281.2709317564
2025-04-18T12:30:00.000+0000,649335.1969085849,368236.8994335129,949313.9793458774
2025-04-18T12:40:00.000+0000,649950.1915589528,368236.8994335129,950729.7271986451
2025-04-18T12:50:00.000+0000,649725.8428216409,368236.8994335129,950183.300988626
2025-04-18T13:00:00.000+0000,648765.9993512089,368236.8994335129,948563.3279068354
2025-04-18T13:10:00.000+0000,648425.5474907609,368236.8994335129,947516.8670014273
2025-04-18T13:20:00.000+0000,648340.8970653208,368236.8994335129,948373.0614852423
2025-04-18T13:30:00.000+0000,648180.8470078809,368236.8994335129,948628.8545530492
2025-04-18T13:40:00.000+0000,647596.1515387609,368236.8994335129,947177.921947188
2025-04-18T13:50:00.000+0000,647860.050250761,368236.8994335129,948184.9925669471
2025-04-18T14:00:00.000+0000,646245.6621552729,368236.8994335129,947905.5074937672
2025-04-18T14:10:00.000+0000,644970.5724037848,368236.8994335129,946352.2934128613
2025-04-18T14:20:00.000+0000,645900.1166929689,368236.8994335129,945723.6514078219
2025-04-18T14:30:00.000+0000,646237.564878281,368236.8994335129,945444.9299094932
2025-04-18T14:40:00.000+0000,646960.1085005848,368236.8994335129,944883.5135209976
2025-04-18T14:50:00.000+0000,646253.0627900248,368236.8994335129,944138.5183825777
2025-04-18T15:00:00.000+0000,645011.9725371609,368236.8994335129,942118.8371364363
2025-04-18T15:10:00.000+0000,645157.2213250968,368236.8994335129,942094.9706454173
2025-04-18T15:20:00.000+0000,644906.2737239129,368236.8994335129,941314.2370251012
2025-04-18T15:30:00.000+0000,644864.8735905369,368236.8994335129,941453.192654738
2025-04-18T15:40:00.000+0000,644942.1233812249,368236.8994335129,941851.4561769923
2025-04-18T15:50:00.000+0000,645900.1166929689,368236.8994335129,942227.1750995609
2025-04-18T16:00:00.000+0000,645963.7187306009,368236.8994335129,942127.6252984016
2025-04-18T16:10:00.000+0000,645658.4198852249,368236.8994335129,942893.7498882004
2025-04-18T16:20:00.000+0000,646878.4617502809,368236.8994335129,943943.9156468937
2025-04-18T16:30:00.000+0000,648163.9558116569,368236.8994335129,944242.7060268408
2025-04-18T16:40:00.000+0000,648243.752403273,368236.8994335129,943472.5938170254
2025-04-18T16:50:00.000+0000,647949.5545100248,368236.8994335129,943696.8866130162
2025-04-18T17:00:00.000+0000,648013.8531898968,368236.8994335129,943809.2596205777
2025-04-18T17:10:00.000+0000,649712.8917108248,368236.8994335129,944832.1191125674
2025-04-18T17:20:00.000+0000,649597.9421041368,368236.8994335129,944188.1162711016
2025-04-18T17:30:00.000+0000,650482.385942569,368236.8994335129,945026.8845470967
2025-04-18T17:40:00.000+0000,651943.4279731289,368236.8994335129,946839.1524338864
2025-04-18T17:50:00.000+0000,651843.9762781849,368236.8994335129,947016.5763502205
2025-04-18T18:00:00.000+0000,650966.933074505,368236.8994335129,945982.0121003012
2025-04-18T18:10:00.000+0000,651712.3752433049,368236.8994335129,946967.4582323832
2025-04-18T18:20:00.000+0000,650884.1328077528,368236.8994335129,946925.4148007857
2025-04-18T18:30:00.000+0000,650824.231087497,368236.8994335129,947351.6576083575
2025-04-18T18:40:00.000+0000,651297.6772673049,368236.8994335129,947622.8353634096
2025-04-18T18:50:00.000+0000,651154.278638057,368236.8994335129,947962.2411488369
2025-04-18T19:00:00.000+0000,650944.7311702489,368236.8994335129,947155.1371760126
2025-04-18T19:10:00.000+0000,650939.1806941848,368236.8994335129,947993.4557116864
2025-04-18T19:20:00.000+0000,650737.7305033689,368236.8994335129,948409.0934475198
2025-04-18T19:30:00.000+0000,650038.0854275608,368236.8994335129,946971.1805154406
2025-04-18T19:40:00.000+0000,649651.8364741208,368236.8994335129,946646.3333760158
2025-04-18T19:50:00.000+0000,649551.6881369369,368236.8994335129,946933.0879930893
2025-04-18T20:00:00.000+0000,649947.8845260569,368236.8994335129,947404.9941187016
2025-04-18T20:10:00.000+0000,650068.3846088089,368236.8994335129,946562.4714008407
2025-04-18T20:20:00.000+0000,651356.4254711128,368236.8994335129,946895.2651003008
2025-04-18T20:30:00.000+0000,651320.5758138008,368236.8994335129,946406.396717509
2025-04-18T20:40:00.000+0000,651360.1257884889,368236.8994335129,945853.3332203359
2025-04-18T20:50:00.000+0000,651677.2222282329,368236.8994335129,947382.8376067382
2025-04-18T21:00:00.000+0000,650922.5292659928,368236.8994335129,947426.130008986
2025-04-18T21:10:00.000+0000,650775.430319369,368236.8994335129,947691.102268716
2025-04-18T21:20:00.000+0000,650441.6824514328,368236.8994335129,947435.8197800362
2025-04-18T21:30:00.000+0000,650335.9836381848,368236.8994335129,947686.8064214233
2025-04-18T21:40:00.000+0000,650294.583504809,368236.8994335129,948851.8452931391
2025-04-18T21:50:00.000+0000,650300.1339808728,368236.8994335129,948463.0847329132
2025-04-18T22:00:00.000+0000,649968.2362716249,368236.8994335129,948440.6701188298
2025-04-18T22:10:00.000+0000,649932.3866143129,368236.8994335129,947355.0379134627
2025-04-18T22:20:00.000+0000,649864.3876170649,368236.8994335129,948286.8047434557
2025-04-18T22:30:00.000+0000,650162.2858276889,368236.8994335129,948259.7313776852
2025-04-18T22:40:00.000+0000,650239.5356183769,368236.8994335129,948057.1968110022
2025-04-18T22:50:00.000+0000,650520.782400809,368236.8994335129,947358.0694887757
2025-04-18T23:00:00.000+0000,649534.3400665049,368236.8994335129,944829.0076589496
2025-04-18T23:10:00.000+0000,648594.8483416409,368236.8994335129,944078.0726393837
2025-04-18T23:20:00.000+0000,648402.6489442649,368236.8994335129,944187.0878780084
2025-04-18T23:30:00.000+0000,648621.4472055128,368236.8994335129,945657.9143611253
2025-04-18T23:40:00.000+0000,649516.9919960729,368236.8994335129,946627.830000314
2025-04-18T23:50:00.000+0000,649139.993836073,368236.8994335129,946314.7162988161
2025-04-19T00:00:00.000+0000,648361.248810889,368236.8994335129,945824.2338946781
2025-04-19T00:10:00.000+0000,648978.0936199449,368236.8994335129,944801.7064807834
2025-04-19T00:20:00.000+0000,648980.6404208728,368236.8994335129,944953.0283416621
2025-04-19T00:30:00.000+0000,649421.9372607449,368236.8994335129,945833.1246947573
2025-04-19T00:40:00.000+0000,649631.4847285528,368236.8994335129,946085.8357848779
2025-04-19T00:50:00.000+0000,650176.6302229849,368236.8994335129,946523.3869368082
2025-04-19T01:00:00.000+0000,650800.8756667929,368236.8994335129,946631.245129246
2025-04-19T01:10:00.000+0000,651444.3193397209,368236.8994335129,947929.5570377803
2025-04-19T01:20:00.000+0000,652596.3622075289,368236.8994335129,947992.7237590684
2025-04-19T01:30:00.000+0000,653324.4563058969,368236.8994335129,948254.5255954592
2025-04-19T01:40:00.000+0000,653051.3068004568,368236.8994335129,947709.3743532109
2025-04-19T01:50:00.000+0000,653404.252897513,368236.8994335129,947949.4948785042
2025-04-19T02:00:00.000+0000,653589.0516601369,368236.8994335129,948797.1108049026
2025-04-19T02:10:00.000+0000,654524.8430676248,368236.8994335129,952478.3277384534
2025-04-19T02:20:00.000+0000,655445.8332056089,368236.8994335129,955011.7738612251
2025-04-19T02:30:00.000+0000,656225.2748730328,368236.8994335129,955885.0104805245
2025-04-19T02:40:00.000+0000,656315.475774537,368236.8994335129,955382.4057369444
2025-04-19T02:50:00.000+0000,656298.1277041049,368236.8994335129,956964.4144129016
2025-04-19T03:00:00.000+0000,656801.8730651608,368236.8994335129,957043.4109919354
2025-04-19T03:10:00.000+0000,657899.5646887769,368236.8994335129,958167.6398777345
2025-04-19T03:20:00.000+0000,660399.0932649369,368236.8994335129,960246.2571292811
2025-04-19T03:30:00.000+0000,660650.040866121,368236.8994335129,961426.8361522483
2025-04-19T03:40:00.000+0000,659491.7508800088,368236.8994335129,960602.8136084954
2025-04-19T03:50:00.000+0000,659931.197561193,368236.8994335129,961983.1309115671
2025-04-19T04:00:00.000+0000,659363.8501625049,368236.8994335129,961176.9647398812
2025-04-19T04:10:00.000+0000,660557.2931636889,368236.8994335129,962731.079097363
2025-04-19T04:20:00.000+0000,660990.4927265688,368236.8994335129,962410.5819457737
2025-04-19T04:30:00.000+0000,662712.429793993,368236.8994335129,964172.4401131169
2025-04-19T04:40:00.000+0000,662892.3747227929,368236.8994335129,963733.6729452786
2025-04-19T04:50:00.000+0000,663543.2190304729,368236.8994335129,962252.0034009526
2025-04-19T05:00:00.000+0000,663538.8220708568,368236.8994335129,961950.3875357127
2025-04-19T05:10:00.000+0000,663940.5689360409,368236.8994335129,960861.5591692443
2025-04-19T05:20:00.000+0000,664196.3703710488,368236.8994335129,962772.256262419
2025-04-19T05:30:00.000+0000,663243.9275353688,368236.8994335129,962776.6528787409
2025-04-19T05:40:00.000+0000,662658.5354240088,368236.8994335129,962619.9770243275
2025-04-19T05:50:00.000+0000,661685.0442005208,368236.8994335129,962506.2612347081
2025-04-19T06:00:00.000+0000,661117.6968018329,368236.8994335129,961154.0357727839
2025-04-19T06:10:00.000+0000,660894.501580969,368236.8994335129,960980.1304372887
2025-04-19T06:20:00.000+0000,660345.6557691608,368236.8994335129,961238.7077097973
2025-04-19T06:30:00.000+0000,658990.7694260569,368236.8994335129,959458.9502622107
2025-04-19T06:40:00.000+0000,658951.916093609,368236.8994335129,959746.4253223188
2025-04-19T06:50:00.000+0000,658211.5675266648,368236.8994335129,960313.2334882703
2025-04-19T07:00:00.000+0000,658648.4674069209,368236.8994335129,960903.5053106232
2025-04-19T07:10:00.000+0000,659042.8136373529,368236.8994335129,961833.1676349331
2025-04-19T07:20:00.000+0000,659742.4587131608,368236.8994335129,961930.2074129147
2025-04-19T07:30:00.000+0000,660551.5029195929,368236.8994335129,962731.2554342349
2025-04-19T07:40:00.000+0000,660259.1551850329,368236.8994335129,964388.2612824084
2025-04-19T07:50:00.000+0000,659748.0091892248,368236.8994335129,963678.287142945
2025-04-19T08:00:00.000+0000,660762.9005460888,368236.8994335129,963204.7326908761
2025-04-19T08:10:00.000+0000,662875.4835265689,368236.8994335129,962521.5400465282
2025-04-19T08:20:00.000+0000,663552.926698121,368236.8994335129,963701.9199192382
2025-04-19T08:30:00.000+0000,663306.376056553,368236.8994335129,963376.5412921029
2025-04-19T08:40:00.000+0000,663014.028321993,368236.8994335129,965285.5704827467
2025-04-19T08:50:00.000+0000,662774.8783151769,368236.8994335129,965047.7412721587
2025-04-19T09:00:00.000+0000,663695.1718109209,368236.8994335129,965113.4517851592
2025-04-19T09:10:00.000+0000,663159.2771099289,368236.8994335129,966559.7108924385
2025-04-19T09:20:00.000+0000,663833.0199641049,368236.8994335129,966389.5651052053
2025-04-19T09:30:00.000+0000,662803.327337737,368236.8994335129,964984.040934717
2025-04-19T09:40:00.000+0000,662111.0828966809,368236.8994335129,966357.4842936734
2025-04-19T09:50:00.000+0000,662218.6318686169,368236.8994335129,965288.9078796759
2025-04-19T10:00:00.000+0000,662768.6311968729,368236.8994335129,964600.7120821698
2025-04-19T10:10:00.000+0000,662923.1307782489,368236.8994335129,965738.0222943496
2025-04-19T10:20:00.000+0000,662889.1312796249,368236.8994335129,965078.5835673318
2025-04-19T10:30:00.000+0000,662821.1322823769,368236.8994335129,963224.1242969946
2025-04-19T10:40:00.000+0000,662494.785049193,368236.8994335129,963469.9890498467
2025-04-19T10:50:00.000+0000,662706.1826756889,368236.8994335129,963446.4733992041
2025-04-19T11:00:00.000+0000,663337.8287542489,368236.8994335129,963784.0989856292
2025-04-19T11:10:00.000+0000,663246.9312105048,368236.8994335129,964564.2309161468
2025-04-19T11:20:00.000+0000,662820.435640137,368236.8994335129,963766.8636200761
2025-04-19T11:30:00.000+0000,661254.8483127769,368236.8994335129,962146.4675910186
2025-04-19T11:40:00.000+0000,661152.8498169049,368236.8994335129,962081.3161725752
2025-04-19T11:50:00.000+0000,661239.3504010328,368236.8994335129,962318.9033604478
2025-04-19T12:00:00.000+0000,660351.2062452248,368236.8994335129,963371.8846867176
2025-04-19T12:10:00.000+0000,661435.2501157849,368236.8994335129,963442.2107838709
2025-04-19T12:20:00.000+0000,661056.401797097,368236.8994335129,963440.6581379061
2025-04-19T12:30:00.000+0000,660238.1067972248,368236.8994335129,963802.9261314361
2025-04-19T12:40:00.000+0000,660096.5583266648,368236.8994335129,962629.3644525723
2025-04-19T12:50:00.000+0000,660788.8027677208,368236.8994335129,962888.3788648087
2025-04-19T13:00:00.000+0000,661050.8513210329,368236.8994335129,962383.2035364623
2025-04-19T13:10:00.000+0000,661232.6464085209,368236.8994335129,964225.5519947999
2025-04-19T13:20:00.000+0000,661553.4431656408,368236.8994335129,964801.5942891508
2025-04-19T13:30:00.000+0000,662257.485201065,368236.8994335129,965312.6350039518
2025-04-19T13:40:00.000+0000,662402.733989001,368236.8994335129,965744.1883781652
2025-04-19T13:50:00.000+0000,662329.1845156888,368236.8994335129,966012.7025329773
2025-04-19T14:00:00.000+0000,661283.9939775768,368236.8994335129,966817.964394842
2025-04-19T14:10:00.000+0000,661217.8451390169,368236.8994335129,966794.3396671807
2025-04-19T14:20:00.000+0000,661793.2898146969,368236.8994335129,967313.5000772947
2025-04-19T14:30:00.000+0000,661874.2399227608,368236.8994335129,966749.8510844571
2025-04-19T14:40:00.000+0000,662164.737498633,368236.8994335129,966532.3775554637
2025-04-19T14:50:00.000+0000,662356.9368960089,368236.8994335129,966924.9869055387
2025-04-19T15:00:00.000+0000,661741.9422456408,368236.8994335129,967051.8145706208
2025-04-19T15:10:00.000+0000,662255.6350423768,368236.8994335129,967014.6732637944
2025-04-19T15:20:00.000+0000,662549.832935625,368236.8994335129,968938.805448103
2025-04-19T15:30:00.000+0000,661137.591673193,368236.8994335129,965644.5035028665
2025-04-19T15:40:00.000+0000,660073.8995482009,368236.8994335129,963476.8461186237
2025-04-19T15:50:00.000+0000,660879.2434372569,368236.8994335129,964483.3359393091
2025-04-19T16:00:00.000+0000,661962.1337913689,368236.8994335129,965558.749828151
2025-04-19T16:10:00.000+0000,662275.529913737,368236.8994335129,964707.2084709103
2025-04-19T16:20:00.000+0000,662153.1796722969,368236.8994335129,963185.6088452355
2025-04-19T16:30:00.000+0000,661559.233409737,368236.8994335129,961703.4713348824
2025-04-19T16:40:00.000+0000,660902.8386259929,368236.8994335129,959291.3654371039
2025-04-19T16:50:00.000+0000,660476.343055625,368236.8994335129,959216.2779322912
2025-04-19T17:00:00.000+0000,660250.1441596249,368236.8994335129,959875.6174821472
2025-04-19T17:10:00.000+0000,660433.0927635609,368236.8994335129,959784.462371618
2025-04-19T17:20:00.000+0000,661834.9297161049,368236.8994335129,961780.2999044086
2025-04-19T17:30:00.000+0000,661124.183688169,368236.8994335129,963467.1480574426
2025-04-19T17:40:00.000+0000,662921.520387593,368236.8994335129,966137.645250359
2025-04-19T17:50:00.000+0000,663145.8691249049,368236.8994335129,964354.047857489
2025-04-19T18:00:00.000+0000,664124.910824457,368236.8994335129,966610.0187875638
2025-04-19T18:10:00.000+0000,665043.3541615128,368236.8994335129,966805.7338100325
2025-04-19T18:20:00.000+0000,664955.0034186969,368236.8994335129,966418.1088508342
2025-04-19T18:30:00.000+0000,664681.853913257,368236.8994335129,966721.1074283549
2025-04-19T18:40:00.000+0000,665644.244184617,368236.8994335129,965515.0535359939
2025-04-19T18:50:00.000+0000,665325.2975861849,368236.8994335129,965433.1293522703
2025-04-19T19:00:00.000+0000,664337.0050931928,368236.8994335129,964475.5421604026
2025-04-19T19:10:00.000+0000,664069.406063817,368236.8994335129,964728.5654931859
2025-04-19T19:20:00.000+0000,664001.4070665688,368236.8994335129,964658.0815263664
2025-04-19T19:30:00.000+0000,664344.4057279449,368236.8994335129,965164.5739168674
2025-04-19T19:40:00.000+0000,664450.1045411928,368236.8994335129,965842.5315802749
2025-04-19T19:50:00.000+0000,663718.3101254489,368236.8994335129,965179.315633723
2025-04-19T20:00:00.000+0000,663599.6602013849,368236.8994335129,964158.7822981242
2025-04-19T20:10:00.000+0000,663761.5604175129,368236.8994335129,964260.3291198148
2025-04-19T20:20:00.000+0000,663576.761654889,368236.8994335129,964536.7279227048
2025-04-19T20:30:00.000+0000,663150.2660845208,368236.8994335129,965639.6282068677
2025-04-19T20:40:00.000+0000,663003.1671378969,368236.8994335129,967025.6650907454
2025-04-19T20:50:00.000+0000,663318.4134189528,368236.8994335129,966054.8408669916
2025-04-19T21:00:00.000+0000,663433.363025641,368236.8994335129,965966.6610627896
2025-04-19T21:10:00.000+0000,664204.7074160728,368236.8994335129,967266.6038858669
2025-04-19T21:20:00.000+0000,664303.0055945689,368236.8994335129,967521.1278703739
2025-04-19T21:30:00.000+0000,663938.9585453849,368236.8994335129,966722.1693306249
2025-04-19T21:40:00.000+0000,663951.9096562008,368236.8994335129,967547.2210812636
2025-04-19T21:50:00.000+0000,664508.1561027609,368236.8994335129,968294.2939144536
2025-04-19T22:00:00.000+0000,664332.6081335769,368236.8994335129,967353.3462828113
2025-04-19T22:10:00.000+0000,663590.866282153,368236.8994335129,967334.4330970114
2025-04-19T22:20:00.000+0000,663519.166967529,368236.8994335129,966903.2420906167
2025-04-19T22:30:00.000+0000,663813.3648607769,368236.8994335129,967170.6503975494
2025-04-19T22:40:00.000+0000,664422.809035081,368236.8994335129,968111.9823787445
2025-04-19T22:50:00.000+0000,664668.2061602009,368236.8994335129,968212.7500648964
2025-04-19T23:00:00.000+0000,665445.1010266969,368236.8994335129,968516.0748360411
2025-04-19T23:10:00.000+0000,664786.856084265,368236.8994335129,967393.6979789176
2025-04-19T23:20:00.000+0000,665561.9007920728,368236.8994335129,966752.9617778588
2025-04-19T23:30:00.000+0000,665669.4497640089,368236.8994335129,966906.8877326809
2025-04-19T23:40:00.000+0000,666267.7929861849,368236.8994335129,967775.4141426277
2025-04-19T23:50:00.000+0000,666443.3409553689,368236.8994335129,967956.6203848915
2025-04-20T00:00:00.000+0000,662838.7201208409,368236.8994335129,966768.6882015567
2025-04-20T00:10:00.000+0000,662529.024315849,368236.8994335129,969461.7297348003
2025-04-20T00:20:00.000+0000,662889.3710476568,368236.8994335129,969956.1874355786
2025-04-20T00:30:00.000+0000,662353.4763466648,368236.8994335129,969489.9909730564
2025-04-20T00:40:00.000+0000,662250.3243343448,368236.8994335129,969509.4940797128
2025-04-20T00:50:00.000+0000,661744.728814601,368236.8994335129,969151.2954357299
2025-04-20T01:00:00.000+0000,662071.0760477849,368236.8994335129,968894.3110166262
2025-04-20T01:10:00.000+0000,664313.4099044569,368236.8994335129,971807.367724274
2025-04-20T01:20:00.000+0000,665682.400874825,368236.8994335129,972398.751296836
2025-04-20T01:30:00.000+0000,667018.0889888089,368236.8994335129,971686.9554184207
2025-04-20T01:40:00.000+0000,667149.6900236888,368236.8994335129,973450.9931584317
2025-04-20T01:50:00.000+0000,667943.2363183768,368236.8994335129,974540.8558203236
2025-04-20T02:00:00.000+0000,666654.4988138329,368236.8994335129,973542.881571947
2025-04-20T02:10:00.000+0000,666614.9488391448,368236.8994335129,973250.4164958497
2025-04-20T02:20:00.000+0000,666107.5031607129,368236.8994335129,972434.5886965359
2025-04-20T02:30:00.000+0000,666290.451764649,368236.8994335129,972947.5931999087
2025-04-20T02:40:00.000+0000,666213.201973961,368236.8994335129,973756.3264775502
2025-04-20T02:50:00.000+0000,666201.4043795929,368236.8994335129,973110.05241617
2025-04-20T03:00:00.000+0000,665558.6573489048,368236.8994335129,971796.8202897481
2025-04-20T03:10:00.000+0000,666182.9027927129,368236.8994335129,971410.5201641188
2025-04-20T03:20:00.000+0000,665711.3067715929,368236.8994335129,970873.656404566
2025-04-20T03:30:00.000+0000,665551.2567141529,368236.8994335129,969898.1474320045
2025-04-20T03:40:00.000+0000,666275.6504951448,368236.8994335129,969971.9553992257
2025-04-20T03:50:00.000+0000,666826.3464656409,368236.8994335129,970570.8119406835
2025-04-20T04:00:00.000+0000,668543.8865734489,368236.8994335129,970182.7597594738
2025-04-20T04:10:00.000+0000,669220.6331027609,368236.8994335129,970528.3865830522
2025-04-20T04:20:00.000+0000,669433.880887945,368236.8994335129,971232.6154218062
2025-04-20T04:30:00.000+0000,669981.5731833049,368236.8994335129,971955.890651415
2025-04-20T04:40:00.000+0000,669320.781439945,368236.8994335129,972852.3939231604
2025-04-20T04:50:00.000+0000,668576.035913385,368236.8994335129,972207.5779004038
2025-04-20T05:00:00.000+0000,668534.6357800089,368236.8994335129,971133.9425829793
2025-04-20T05:10:00.000+0000,669443.8283236249,368236.8994335129,970969.8594276552
2025-04-20T05:20:00.000+0000,669647.8253153688,368236.8994335129,971491.9375247431
2025-04-20T05:30:00.000+0000,668798.5344920089,368236.8994335129,970833.6662982033
2025-04-20T05:40:00.000+0000,668500.636281385,368236.8994335129,970927.5056403391
2025-04-20T05:50:00.000+0000,668783.733222505,368236.8994335129,969992.0535152759
2025-04-20T06:00:00.000+0000,668225.636617257,368236.8994335129,969698.2038399547
2025-04-20T06:10:00.000+0000,669723.9215896088,368236.8994335129,970215.814286981
2025-04-20T06:20:00.000+0000,670482.3148692249,368236.8994335129,969194.008925847
2025-04-20T06:30:00.000+0000,670799.4113089688,368236.8994335129,969130.9344062395
2025-04-20T06:40:00.000+0000,670685.1583445208,368236.8994335129,965733.5839144378
2025-04-20T06:50:00.000+0000,670654.8591632729,368236.8994335129,966415.8307090155
2025-04-20T07:00:00.000+0000,669228.9701477849,368236.8994335129,963998.5758345717
2025-04-20T07:10:00.000+0000,667580.582553673,368236.8994335129,961729.4833706757
2025-04-20T07:20:00.000+0000,667693.6820016729,368236.8994335129,961177.1470148005
2025-04-20T07:30:00.000+0000,668299.425858601,368236.8994335129,961351.2959827377
2025-04-20T07:40:00.000+0000,668710.4235172248,368236.8994335129,961805.3256236333
2025-04-20T07:50:00.000+0000,668982.4195062169,368236.8994335129,962828.2687320972
2025-04-20T08:00:00.000+0000,668765.4714036569,368236.8994335129,961610.9882249082
2025-04-20T08:10:00.000+0000,669629.5634965209,368236.8994335129,962077.9228195951
2025-04-20T08:20:00.000+0000,670013.9622912728,368236.8994335129,962064.711525471
2025-04-20T08:30:00.000+0000,666786.339616745,368236.8994335129,961863.5331552315
2025-04-20T08:40:00.000+0000,667141.1358724888,368236.8994335129,961331.1509788428
2025-04-20T08:50:00.000+0000,666575.6386324889,368236.8994335129,958963.0286740554
2025-04-20T09:00:00.000+0000,666500.239000489,368236.8994335129,959457.9752494439
2025-04-20T09:10:00.000+0000,667826.6763210329,368236.8994335129,960443.4007501598
2025-04-20T09:20:00.000+0000,667900.2257943449,368236.8994335129,960905.3265665759
2025-04-20T09:30:00.000+0000,666986.1794169049,368236.8994335129,960238.8949007073
2025-04-20T09:40:00.000+0000,664941.595433673,368236.8994335129,959375.2526491834
2025-04-20T09:50:00.000+0000,664937.8951162968,368236.8994335129,959219.5218307476
2025-04-20T10:00:00.000+0000,664118.9034741849,368236.8994335129,959640.398857984
2025-04-20T10:10:00.000+0000,664954.5465444889,368236.8994335129,960163.3630391867
2025-04-20T10:20:00.000+0000,665409.4911374168,368236.8994335129,960130.1195563555
2025-04-20T10:30:00.000+0000,665615.3382878489,368236.8994335129,959702.7985077512
2025-04-20T10:40:00.000+0000,663604.7538032408,368236.8994335129,954855.5649711229
2025-04-20T10:50:00.000+0000,661935.3178213208,368236.8994335129,952083.0838167882
2025-04-20T11:00:00.000+0000,662606.5138745689,368236.8994335129,953004.5910496649
2025-04-20T11:10:00.000+0000,662568.8140585688,368236.8994335129,953096.9458194808
2025-04-20T11:20:00.000+0000,662312.772855529,368236.8994335129,949673.7816462091
2025-04-20T11:30:00.000+0000,662322.0236489689,368236.8994335129,948211.4029211137
2025-04-20T11:40:00.000+0000,662209.6208432089,368236.8994335129,945887.5604082935
2025-04-20T11:50:00.000+0000,662194.1229314648,368236.8994335129,946446.0371280813
2025-04-20T12:00:00.000+0000,662624.3188192088,368236.8994335129,947838.3491906526
2025-04-20T12:10:00.000+0000,662933.317981961,368236.8994335129,950115.6757926351
2025-04-20T12:20:00.000+0000,662797.3199874649,368236.8994335129,950912.7675568133
2025-04-20T12:30:00.000+0000,662963.6171632088,368236.8994335129,951559.8580010782
2025-04-20T12:40:00.000+0000,662403.6703992729,368236.8994335129,951600.2935730171
2025-04-20T12:50:00.000+0000,662531.5711167769,368236.8994335129,951156.6133073999
2025-04-20T13:00:00.000+0000,662244.7738582809,368236.8994335129,950494.6959200792
2025-04-20T13:10:00.000+0000,660958.5831546648,368236.8994335129,948727.2299318261
2025-04-20T13:20:00.000+0000,661462.328515721,368236.8994335129,949976.4416888707
2025-04-20T13:30:00.000+0000,661181.081733289,368236.8994335129,950937.7350843914
2025-04-20T13:40:00.000+0000,661739.1783385369,368236.8994335129,951983.0552823757
2025-04-20T13:50:00.000+0000,661048.784056169,368236.8994335129,951810.0593452384
2025-04-20T14:00:00.000+0000,661039.533262729,368236.8994335129,951320.4067383708
2025-04-20T14:10:00.000+0000,662386.322328841,368236.8994335129,953684.7911994129
2025-04-20T14:20:00.000+0000,662307.2223794649,368236.8994335129,952722.6752414606
2025-04-20T14:30:00.000+0000,662378.921694089,368236.8994335129,954252.6081823835
2025-04-20T14:40:00.000+0000,661988.2757810329,368236.8994335129,953545.8977410913
2025-04-20T14:50:00.000+0000,661990.125939721,368236.8994335129,954009.6742358154
2025-04-20T15:00:00.000+0000,661048.784056169,368236.8994335129,952329.0956542211
2025-04-20T15:10:00.000+0000,661090.1841895449,368236.8994335129,951781.154045583
2025-04-20T15:20:00.000+0000,660654.4378257368,368236.8994335129,949958.4258195523
2025-04-20T15:30:00.000+0000,660833.6861122968,368236.8994335129,950428.6629694827
2025-04-20T15:40:00.000+0000,660484.4403326169,368236.8994335129,949971.5569760134
2025-04-20T15:50:00.000+0000,659709.3956248089,368236.8994335129,947363.0844644522
2025-04-20T16:00:00.000+0000,660254.5411192409,368236.8994335129,947647.417244643
2025-04-20T16:10:00.000+0000,662553.7730210329,368236.8994335129,949784.5604142798
2025-04-20T16:20:00.000+0000,663749.0661809049,368236.8994335129,950943.2570889492
2025-04-20T16:30:00.000+0000,662441.8270894809,368236.8994335129,950005.8047239021
2025-04-20T16:40:00.000+0000,662072.2295642329,368236.8994335129,951387.4299852047
2025-04-20T16:50:00.000+0000,663437.5202172248,368236.8994335129,952411.8689162135
2025-04-20T17:00:00.000+0000,664161.913998217,368236.8994335129,951237.1635876906
2025-04-20T17:10:00.000+0000,662332.4279588569,368236.8994335129,950632.3446467774
2025-04-20T17:20:00.000+0000,661579.5851553049,368236.8994335129,950542.5374247017
2025-04-20T17:30:00.000+0000,661998.6800909209,368236.8994335129,949926.505542705
2025-04-20T17:40:00.000+0000,662396.726638729,368236.8994335129,950727.3217362424
2025-04-20T17:50:00.000+0000,662166.8274253529,368236.8994335129,951393.8423843395
2025-04-20T18:00:00.000+0000,661978.3283453529,368236.8994335129,950864.2470955296
2025-04-20T18:10:00.000+0000,662778.1217583449,368236.8994335129,951944.2288847454
2025-04-20T18:20:00.000+0000,665051.451438505,368236.8994335129,951948.7147605128
2025-04-20T18:30:00.000+0000,664066.8592628889,368236.8994335129,950670.5355324976
2025-04-20T18:40:00.000+0000,664476.006762825,368236.8994335129,950418.8322041044
2025-04-20T18:50:00.000+0000,665656.4986531928,368236.8994335129,951585.4285509639
2025-04-20T19:00:00.000+0000,665445.1010266969,368236.8994335129,951390.4101028522
2025-04-20T19:10:00.000+0000,665631.7499480089,368236.8994335129,951187.9117282229
2025-04-20T19:20:00.000+0000,665235.553558889,368236.8994335129,952168.9513262666
2025-04-20T19:30:00.000+0000,665710.849897385,368236.8994335129,952466.0515625905
2025-04-20T19:40:00.000+0000,665723.8010082009,368236.8994335129,953082.584642574
2025-04-20T19:50:00.000+0000,666921.640969001,368236.8994335129,954205.8274711627
2025-04-20T20:00:00.000+0000,667281.9877008089,368236.8994335129,954267.3769516516
2025-04-20T20:10:00.000+0000,667877.7841220568,368236.8994335129,957568.0382286313
2025-04-20T20:20:00.000+0000,668134.282199305,368236.8994335129,959757.0847760992
2025-04-20T20:30:00.000+0000,667255.3888369368,368236.8994335129,957864.7666981367
2025-04-20T20:40:00.000+0000,666883.9411530009,368236.8994335129,958315.2863255419
2025-04-20T20:50:00.000+0000,666026.0961784408,368236.8994335129,956404.0164640656
2025-04-20T21:00:00.000+0000,665692.3483105049,368236.8994335129,955443.0455061407
2025-04-20T21:10:00.000+0000,664956.853577385,368236.8994335129,954951.3454763683
2025-04-20T21:20:00.000+0000,664626.806026825,368236.8994335129,954897.0652804145
2025-04-20T21:30:00.000+0000,665222.6024480728,368236.8994335129,956265.6882798483
2025-04-20T21:40:00.000+0000,666226.3928528088,368236.8994335129,956988.3701097898
2025-04-20T21:50:00.000+0000,665851.2448514969,368236.8994335129,957287.411634235
2025-04-20T22:00:00.000+0000,665079.900461065,368236.8994335129,953890.5813620591
2025-04-20T22:10:00.000+0000,663901.258729385,368236.8994335129,953577.4400537147
2025-04-20T22:20:00.000+0000,662705.2689272729,368236.8994335129,951088.3519914886
2025-04-20T22:30:00.000+0000,663126.2140215769,368236.8994335129,952367.6869331812
2025-04-20T22:40:00.000+0000,663741.2086719449,368236.8994335129,953360.7239557428
2025-04-20T22:50:00.000+0000,663739.358513257,368236.8994335129,953104.9475039158
2025-04-20T23:00:00.000+0000,664352.5030049367,368236.8994335129,955019.0136162529
2025-04-20T23:10:00.000+0000,665063.249032873,368236.8994335129,956427.0893498678
2025-04-20T23:20:00.000+0000,664893.2515397529,368236.8994335129,956738.1556284606
2025-04-20T23:30:00.000+0000,664649.7045733209,368236.8994335129,956385.2490839141
2025-04-20T23:40:00.000+0000,663024.912167945,368236.8994335129,956187.1529507195
2025-04-20T23:50:00.000+0000,663777.058329257,368236.8994335129,957764.1799186771
2025-04-21T00:00:00.000+0000,663712.759649385,368236.8994335129,958354.3951769685
2025-04-21T00:10:00.000+0000,664909.902967945,368236.8994335129,963361.8202066134
2025-04-21T00:20:00.000+0000,665283.2008105689,368236.8994335129,964880.966891889
2025-04-21T00:30:00.000+0000,668620.2226157209,368236.8994335129,975947.1649036687
2025-04-21T00:40:00.000+0000,669395.2673235289,368236.8994335129,978080.0245493895
2025-04-21T00:50:00.000+0000,669627.0166955929,368236.8994335129,977160.7563240419
2025-04-21T01:00:00.000+0000,671151.2038895768,368236.8994335129,979446.3894125011
2025-04-21T01:10:00.000+0000,671613.549117257,368236.8994335129,977025.2559950601
2025-04-21T01:20:00.000+0000,672172.3423647449,368236.8994335129,977334.1724898512
2025-04-21T01:30:00.000+0000,672098.0962491928,368236.8994335129,979471.9808709701
2025-04-21T01:40:00.000+0000,672280.3482108889,368236.8994335129,981801.0800692479
2025-04-21T01:50:00.000+0000,670754.3108582168,368236.8994335129,982752.0768975237
2025-04-21T02:00:00.000+0000,669176.9259364889,368236.8994335129,982290.2880421905
2025-04-21T02:10:00.000+0000,668184.9331261208,368236.8994335129,982725.6250748432
2025-04-21T02:20:00.000+0000,668286.931621993,368236.8994335129,984003.6662507657
2025-04-21T02:30:00.000+0000,668264.0330754969,368236.8994335129,980364.5037396792
2025-04-21T02:40:00.000+0000,667413.5887356888,368236.8994335129,978528.71161704
2025-04-21T02:50:00.000+0000,667000.740918377,368236.8994335129,981010.0195562451
2025-04-21T03:00:00.000+0000,667076.1405503768,368236.8994335129,981680.6146602853
2025-04-21T03:10:00.000+0000,666828.8932665689,368236.8994335129,980690.6775638987
2025-04-21T03:20:00.000+0000,665757.800506825,368236.8994335129,979314.1377397191
2025-04-21T03:30:00.000+0000,665757.800506825,368236.8994335129,979787.3547657977
2025-04-21T03:40:00.000+0000,665650.251534889,368236.8994335129,979835.4720973885
2025-04-21T03:50:00.000+0000,666555.0471188889,368236.8994335129,978602.6053470371
2025-04-21T04:00:00.000+0000,667364.0913253209,368236.8994335129,979922.1673292707
2025-04-21T04:10:00.000+0000,665828.8031792089,368236.8994335129,978698.3304863833
2025-04-21T04:20:00.000+0000,666230.5500443929,368236.8994335129,979278.7664726796
2025-04-21T04:30:00.000+0000,666944.9963897049,368236.8994335129,978374.182362693
2025-04-21T04:40:00.000+0000,668048.238489385,368236.8994335129,980694.2484340541
2025-04-21T04:50:00.000+0000,667902.9897014489,368236.8994335129,983119.9877951489
2025-04-21T05:00:00.000+0000,667793.590570825,368236.8994335129,983799.6457792539
2025-04-21T05:10:00.000+0000,668223.7864585689,368236.8994335129,983823.0188437006
2025-04-21T05:20:00.000+0000,669521.0781143128,368236.8994335129,984947.7977022745
2025-04-21T05:30:00.000+0000,669600.1780636889,368236.8994335129,984601.0283021877
2025-04-21T05:40:00.000+0000,669930.2256142489,368236.8994335129,985259.0443688431
2025-04-21T05:50:00.000+0000,670728.1688685529,368236.8994335129,986450.3715684608
2025-04-21T06:00:00.000+0000,669942.023208617,368236.8994335129,986426.5945962457
2025-04-21T06:10:00.000+0000,669891.3722818008,368236.8994335129,986674.2679687394
2025-04-21T06:20:00.000+0000,670429.117141481,368236.8994335129,986906.0337336258
2025-04-21T06:30:00.000+0000,670246.168537545,368236.8994335129,985677.7035207737
2025-04-21T06:40:00.000+0000,670495.2659800409,368236.8994335129,985229.9085917734
2025-04-21T06:50:00.000+0000,670429.117141481,368236.8994335129,986278.3303256589
2025-04-21T07:00:00.000+0000,669087.878551433,368236.8994335129,986737.0184410245
2025-04-21T07:10:00.000+0000,668720.1311848729,368236.8994335129,984378.7585238486
2025-04-21T07:20:00.000+0000,668916.0308996249,368236.8994335129,983577.3575158507
2025-04-21T07:30:00.000+0000,669327.0285582489,368236.8994335129,984260.7452772106
2025-04-21T07:40:00.000+0000,669568.7253659929,368236.8994335129,985329.4495305086
2025-04-21T07:50:00.000+0000,669546.5234617369,368236.8994335129,984019.7960277975
2025-04-21T08:00:00.000+0000,670370.3689376729,368236.8994335129,984372.050220814
2025-04-21T08:10:00.000+0000,671945.2070584729,368236.8994335129,983397.3632562496
2025-04-21T08:20:00.000+0000,672546.5539557849,368236.8994335129,984409.5882005696
2025-04-21T08:30:00.000+0000,673506.3974262169,368236.8994335129,985057.5325522819
2025-04-21T08:40:00.000+0000,674720.1921729688,368236.8994335129,984477.4198173743
2025-04-21T08:50:00.000+0000,675877.785516841,368236.8994335129,985757.3229575476
2025-04-21T09:00:00.000+0000,675772.783345833,368236.8994335129,986869.1706058511
2025-04-21T09:10:00.000+0000,673690.499546601,368236.8994335129,983195.9986135636
2025-04-21T09:20:00.000+0000,673596.5983277209,368236.8994335129,983069.2318051464
2025-04-21T09:30:00.000+0000,672434.608024233,368236.8994335129,981323.4374696328
2025-04-21T09:40:00.000+0000,672238.7083094809,368236.8994335129,982280.8014010661
2025-04-21T09:50:00.000+0000,672112.6577506649,368236.8994335129,983169.5955656713
2025-04-21T10:00:00.000+0000,672587.9540891609,368236.8994335129,981834.5095294496
2025-04-21T10:10:00.000+0000,673574.3964234649,368236.8994335129,981790.4977573187
2025-04-21T10:20:00.000+0000,673147.900853097,368236.8994335129,979662.2094729242
2025-04-21T10:30:00.000+0000,672714.0046479768,368236.8994335129,978516.1175555431
2025-04-21T10:40:00.000+0000,674054.5465957848,368236.8994335129,979197.7843648392
2025-04-21T10:50:00.000+0000,674203.495701097,368236.8994335129,980454.0713446991
2025-04-21T11:00:00.000+0000,674471.0947304729,368236.8994335129,980046.5190169276
2025-04-21T11:10:00.000+0000,670921.5217823768,368236.8994335129,974895.4123639648
2025-04-21T11:20:00.000+0000,670033.3776265689,368236.8994335129,972126.0424038897
2025-04-21T11:30:00.000+0000,671087.8189581208,368236.8994335129,973800.2313640168
2025-04-21T11:40:00.000+0000,672832.6545720409,368236.8994335129,975141.4430351146
2025-04-21T11:50:00.000+0000,672972.3528839129,368236.8994335129,974976.8072062797
2025-04-21T12:00:00.000+0000,672042.111952489,368236.8994335129,975786.9899194792
2025-04-21T12:10:00.000+0000,672971.6562416729,368236.8994335129,977641.0085355602
2025-04-21T12:20:00.000+0000,673173.8030747288,368236.8994335129,976925.5059169163
2025-04-21T12:30:00.000+0000,673413.6497237849,368236.8994335129,976258.5505347517
2025-04-21T12:40:00.000+0000,673110.201037097,368236.8994335129,975013.2237596097
2025-04-21T12:50:00.000+0000,672810.4526677849,368236.8994335129,973659.7241258485
2025-04-21T13:00:00.000+0000,672788.2507635289,368236.8994335129,970844.6072312586
2025-04-21T13:10:00.000+0000,673814.9397147609,368236.8994335129,970788.7089807134
2025-04-21T13:20:00.000+0000,674327.935869257,368236.8994335129,971448.5926188733
2025-04-21T13:30:00.000+0000,674076.2916258329,368236.8994335129,971414.5911505863
2025-04-21T13:40:00.000+0000,674295.089887081,368236.8994335129,973269.0436869422
2025-04-21T13:50:00.000+0000,672933.4995514648,368236.8994335129,968667.2865560851
2025-04-21T14:00:00.000+0000,672364.3019940889,368236.8994335129,966948.3399202476
2025-04-21T14:10:00.000+0000,675533.1764648089,368236.8994335129,972256.6225346004
2025-04-21T14:20:00.000+0000,677632.1116922328,368236.8994335129,978495.7695560688
2025-04-21T14:30:00.000+0000,679224.994525705,368236.8994335129,981897.2502540828
2025-04-21T14:40:00.000+0000,679600.8391692569,368236.8994335129,978417.4585783837
2025-04-21T14:50:00.000+0000,679800.439201385,368236.8994335129,978430.3402179317
2025-04-21T15:00:00.000+0000,678974.046924521,368236.8994335129,978089.3198567238
2025-04-21T15:10:00.000+0000,679522.8927363289,368236.8994335129,976666.8436061302
2025-04-21T15:20:00.000+0000,679624.1945899609,368236.8994335129,979587.5292475378
2025-04-21T15:30:00.000+0000,680131.640268393,368236.8994335129,979033.4330646675
2025-04-21T15:40:00.000+0000,677673.5118256089,368236.8994335129,976117.1177652446
2025-04-21T15:50:00.000+0000,678224.207796105,368236.8994335129,976223.9821290578
2025-04-21T16:00:00.000+0000,671844.3620790489,368236.8994335129,975092.8913631614
2025-04-21T16:10:00.000+0000,672484.105434601,368236.8994335129,976356.1975562095
2025-04-21T16:20:00.000+0000,672371.0059866009,368236.8994335129,971591.5226242049
2025-04-21T16:30:00.000+0000,672803.7486752729,368236.8994335129,971824.411389526
2025-04-21T16:40:00.000+0000,670612.0657454168,368236.8994335129,967566.6282038287
2025-04-21T16:50:00.000+0000,667826.4365530009,368236.8994335129,960592.1347937582
2025-04-21T17:00:00.000+0000,664552.5599112728,368236.8994335129,951775.9932914523
2025-04-21T17:10:00.000+0000,665082.2074939609,368236.8994335129,954910.7673454278
2025-04-21T17:20:00.000+0000,667150.8435401369,368236.8994335129,955929.5569155774
2025-04-21T17:30:00.000+0000,667814.6389586328,368236.8994335129,957182.8050674266
2025-04-21T17:40:00.000+0000,667323.8447083929,368236.8994335129,956480.012026204
2025-04-21T17:50:00.000+0000,666637.1507434008,368236.8994335129,954376.9445601875
2025-04-21T18:00:00.000+0000,666352.2036435928,368236.8994335129,954355.215806811
2025-04-21T18:10:00.000+0000,666399.154253033,368236.8994335129,955681.857563822
2025-04-21T18:20:00.000+0000,666108.6566771609,368236.8994335129,954334.3889397369
2025-04-21T18:30:00.000+0000,666544.403040969,368236.8994335129,954797.3080303436
2025-04-21T18:40:00.000+0000,665835.507171721,368236.8994335129,955925.6497104412
2025-04-21T18:50:00.000+0000,665795.2605547928,368236.8994335129,955003.0730632383
2025-04-21T19:00:00.000+0000,665942.3595014168,368236.8994335129,954710.7840825133
2025-04-21T19:10:00.000+0000,666401.0044117209,368236.8994335129,958564.9033832934
2025-04-21T19:20:00.000+0000,666922.0978432088,368236.8994335129,960672.215238937
2025-04-21T19:30:00.000+0000,666923.9480018968,368236.8994335129,961736.6743066742
2025-04-21T19:40:00.000+0000,666614.9488391448,368236.8994335129,960880.7041564442
2025-04-21T19:50:00.000+0000,667195.943990889,368236.8994335129,961543.7375865774
2025-04-21T20:00:00.000+0000,666750.946833641,368236.8994335129,961019.5820540779
2025-04-21T20:10:00.000+0000,666244.6546716568,368236.8994335129,960964.9231515425
2025-04-21T20:20:00.000+0000,666093.8554076569,368236.8994335129,960546.5427509567
2025-04-21T20:30:00.000+0000,665980.7559596568,368236.8994335129,960732.871141114
2025-04-21T20:40:00.000+0000,666997.4974752088,368236.8994335129,961552.1582921867
2025-04-21T20:50:00.000+0000,667265.0965045849,368236.8994335129,962522.6828738714
2025-04-21T21:00:00.000+0000,666300.8560745368,368236.8994335129,961137.9550035165
2025-04-21T21:10:00.000+0000,666146.356493161,368236.8994335129,961130.8947869544
2025-04-21T21:20:00.000+0000,665656.2588851609,368236.8994335129,960271.6984631162
2025-04-21T21:30:00.000+0000,665693.9587011609,368236.8994335129,959424.5427491891
2025-04-21T21:40:00.000+0000,665584.5595705368,368236.8994335129,961380.0570065124
2025-04-21T21:50:00.000+0000,665805.2079904729,368236.8994335129,962725.7250595873
2025-04-21T22:00:00.000+0000,664697.5689311769,368236.8994335129,959385.735149558
2025-04-21T22:10:00.000+0000,663569.5781263129,368236.8994335129,958557.1090678116
2025-04-21T22:20:00.000+0000,663826.0762035609,368236.8994335129,959034.9440837026
2025-04-21T22:30:00.000+0000,664972.5685953049,368236.8994335129,959450.4319985015
2025-04-21T22:40:00.000+0000,665288.9683928089,368236.8994335129,960378.6185950572
2025-04-21T22:50:00.000+0000,665264.9163298649,368236.8994335129,959942.2164406818
2025-04-21T23:00:00.000+0000,664408.224871753,368236.8994335129,957841.4555371234
2025-04-21T23:10:00.000+0000,664759.320810121,368236.8994335129,958703.481620999
2025-04-21T23:20:00.000+0000,665272.3169646169,368236.8994335129,959937.6544247789
2025-04-21T23:30:00.000+0000,663948.426445001,368236.8994335129,959309.4361629402
2025-04-21T23:40:00.000+0000,662888.434637385,368236.8994335129,959466.7775060527
2025-04-21T23:50:00.000+0000,663869.326495625,368236.8994335129,962801.1135211198
2025-04-22T00:00:00.000+0000,662605.337696265,368236.8994335129,962799.098793599
2025-04-22T00:10:00.000+0000,661415.5950124569,368236.8994335129,961192.7184132503
2025-04-22T00:20:00.000+0000,661871.6931218328,368236.8994335129,962691.4799409995
2025-04-22T00:30:00.000+0000,659719.5601666649,368236.8994335129,951763.1994716877
2025-04-22T00:40:00.000+0000,662442.7408378969,368236.8994335129,955747.9534280912
2025-04-22T00:50:00.000+0000,664698.025805385,368236.8994335129,959004.0344751007
2025-04-22T01:00:00.000+0000,664641.8244025048,368236.8994335129,961676.3070378406
2025-04-22T01:10:00.000+0000,665809.3651820569,368236.8994335129,965077.9372975309
2025-04-22T01:20:00.000+0000,669496.786283337,368236.8994335129,970902.2953842173
2025-04-22T01:30:00.000+0000,669783.583541833,368236.8994335129,971572.6291666848
2025-04-22T01:40:00.000+0000,668923.8884085849,368236.8994335129,972374.2191657242
2025-04-22T01:50:00.000+0000,670181.630089641,368236.8994335129,974621.54668419
2025-04-22T02:00:00.000+0000,670922.675298825,368236.8994335129,975404.8806424215
2025-04-22T02:10:00.000+0000,668739.0896459608,368236.8994335129,970700.3164511393
2025-04-22T02:20:00.000+0000,668842.9383005209,368236.8994335129,969342.8117854479
2025-04-22T02:30:00.000+0000,668740.939804649,368236.8994335129,968677.7003833276
2025-04-22T02:40:00.000+0000,668554.2908833369,368236.8994335129,969047.2323134973
2025-04-22T02:50:00.000+0000,668995.5877232088,368236.8994335129,970719.5606597419
2025-04-22T03:00:00.000+0000,668786.0402554008,368236.8994335129,970301.6747767377
2025-04-22T03:10:00.000+0000,667086.3050922329,368236.8994335129,968981.9694123745
2025-04-22T03:20:00.000+0000,667912.000726857,368236.8994335129,972152.5398626763
2025-04-22T03:30:00.000+0000,667411.9556831769,368236.8994335129,972158.2741725186
2025-04-22T03:40:00.000+0000,668241.3516351769,368236.8994335129,972813.7209869167
2025-04-22T03:50:00.000+0000,668990.4941213529,368236.8994335129,972357.8717712297
2025-04-22T04:00:00.000+0000,668222.8500482969,368236.8994335129,973215.5596540708
2025-04-22T04:10:00.000+0000,668381.746589289,368236.8994335129,972436.1495169555
2025-04-22T04:20:00.000+0000,669137.5930679769,368236.8994335129,972618.0252633048
2025-04-22T04:30:00.000+0000,668128.2521871768,368236.8994335129,972866.1880291256
2025-04-22T04:40:00.000+0000,667917.5512029208,368236.8994335129,972514.3270302275
2025-04-22T04:50:00.000+0000,666210.415405001,368236.8994335129,970677.0382891095
2025-04-22T05:00:00.000+0000,665154.1239147608,368236.8994335129,970167.6030283066
2025-04-22T05:10:00.000+0000,664473.6770680731,368236.8994335129,969426.5108202784
2025-04-22T05:20:00.000+0000,664190.580126953,368236.8994335129,970790.836103335
2025-04-22T05:30:00.000+0000,663919.2807802008,368236.8994335129,971708.6998583081
2025-04-22T05:40:00.000+0000,664253.0286481369,368236.8994335129,973354.6045252943
2025-04-22T05:50:00.000+0000,665201.7711664408,368236.8994335129,973652.2359721116
2025-04-22T06:00:00.000+0000,664209.778356073,368236.8994335129,974079.5891973833
2025-04-22T06:10:00.000+0000,661190.5496329049,368236.8994335129,972134.6529236678
2025-04-22T06:20:00.000+0000,660117.6067144729,368236.8994335129,971233.3689632647
2025-04-22T06:30:00.000+0000,656889.984039945,368236.8994335129,969432.5345951156
2025-04-22T06:40:00.000+0000,655319.9997529688,368236.8994335129,969788.8460915198
2025-04-22T06:50:00.000+0000,656506.0421194008,368236.8994335129,971862.8975889944
2025-04-22T07:00:00.000+0000,656068.445596905,368236.8994335129,973431.0101654126
2025-04-22T07:10:00.000+0000,656824.9887178328,368236.8994335129,972831.4353272223
2025-04-22T07:20:00.000+0000,658245.3272572568,368236.8994335129,975067.8554490034
2025-04-22T07:30:00.000+0000,659367.7675860568,368236.8994335129,977701.5241143312
2025-04-22T07:40:00.000+0000,661301.1022799769,368236.8994335129,981336.6432729911
2025-04-22T07:50:00.000+0000,661806.6977997208,368236.8994335129,981980.0669251089
2025-04-22T08:00:00.000+0000,662341.8958584729,368236.8994335129,983511.1539699831
2025-04-22T08:10:00.000+0000,662375.8953570969,368236.8994335129,984093.920646773
2025-04-22T08:20:00.000+0000,661040.9038853529,368236.8994335129,981154.1119378001
2025-04-22T08:30:00.000+0000,661378.3520706649,368236.8994335129,981151.6426586381
2025-04-22T08:40:00.000+0000,661288.1511691608,368236.8994335129,981298.4263901503
2025-04-22T08:50:00.000+0000,660631.756385417,368236.8994335129,981793.1915044123
2025-04-22T09:00:00.000+0000,660656.5050906009,368236.8994335129,982015.0482532006
2025-04-22T09:10:00.000+0000,659913.6097227288,368236.8994335129,980479.9936831009
2025-04-22T09:20:00.000+0000,659658.961804169,368236.8994335129,981629.5205648463
2025-04-22T09:30:00.000+0000,659881.4603827929,368236.8994335129,981837.5058608481
2025-04-22T09:40:00.000+0000,660019.3085359769,368236.8994335129,983275.2309107545
2025-04-22T09:50:00.000+0000,660154.6098882329,368236.8994335129,982362.9567331263
2025-04-22T10:00:00.000+0000,660552.6564360409,368236.8994335129,982910.0433611661
2025-04-22T10:10:00.000+0000,661099.6520891609,368236.8994335129,983171.0381779541
2025-04-22T10:20:00.000+0000,660769.6045386009,368236.8994335129,979649.98890446
2025-04-22T10:30:00.000+0000,661623.7491957849,368236.8994335129,981071.7074646732
2025-04-22T10:40:00.000+0000,662872.2400834009,368236.8994335129,983685.8617552606
2025-04-22T10:50:00.000+0000,663304.2861298328,368236.8994335129,983524.0187163346
2025-04-22T11:00:00.000+0000,663823.529402633,368236.8994335129,983896.8151227506
2025-04-22T11:10:00.000+0000,663936.628850633,368236.8994335129,984179.0509093143
2025-04-22T11:20:00.000+0000,665315.5672566809,368236.8994335129,985748.6062408857
2025-04-22T11:30:00.000+0000,665066.4698141849,368236.8994335129,985643.775349016
2025-04-22T11:40:00.000+0000,664298.8257411289,368236.8994335129,985012.1513393857
2025-04-22T11:50:00.000+0000,666415.1090389849,368236.8994335129,986155.7820083778
2025-04-22T12:00:00.000+0000,666404.0080868569,368236.8994335129,985193.767373889
2025-04-22T12:10:00.000+0000,675211.2261912408,368236.8994335129,986086.2739038354
2025-04-22T12:20:00.000+0000,675050.479491561,368236.8994335129,986001.4406183449
2025-04-22T12:30:00.000+0000,676336.670195177,368236.8994335129,987459.9936084764
2025-04-22T12:40:00.000+0000,675863.9206576089,368236.8994335129,985245.7795872395
2025-04-22T12:50:00.000+0000,682692.0069750808,368236.8994335129,989773.5355029479
2025-04-22T13:00:00.000+0000,685097.6343323609,368236.8994335129,991120.5594573903
2025-04-22T13:10:00.000+0000,689486.0937939289,368236.8994335129,995237.9318992039
2025-04-22T13:20:00.000+0000,696167.777807017,368236.8994335129,994691.1449132334
2025-04-22T13:30:00.000+0000,704845.245035209,368236.8994335129,993908.8685646685
2025-04-22T13:40:00.000+0000,705879.0948531609,368236.8994335129,998179.248199664
2025-04-22T13:50:00.000+0000,703010.4256259609,368236.8994335129,997479.2423053784
2025-04-22T14:00:00.000+0000,701898.389607049,368236.8994335129,999006.8407819208
2025-04-22T14:10:00.000+0000,702951.437654121,368236.8994335129,1003798.0578692025
2025-04-22T14:20:00.000+0000,700296.0162121049,368236.8994335129,1002271.7641135793
2025-04-22T14:30:00.000+0000,699864.6668079129,368236.8994335129,1002827.9707044623
2025-04-22T14:40:00.000+0000,701513.7510442649,368236.8994335129,1006309.8700874384
2025-04-22T14:50:00.000+0000,700733.6127346008,368236.8994335129,1008887.2387407544
2025-04-22T15:00:00.000+0000,701374.5096066009,368236.8994335129,1015805.1330511782
2025-04-22T15:10:00.000+0000,700197.0213913689,368236.8994335129,1021911.1094324426
2025-04-22T15:20:00.000+0000,699169.8755659289,368236.8994335129,1020655.1894080809
2025-04-22T15:30:00.000+0000,695001.6076500888,368236.8994335129,1015654.3842358177
2025-04-22T15:40:00.000+0000,694068.3630435287,368236.8994335129,1012501.2812739274
2025-04-22T15:50:00.000+0000,696397.8941265689,368236.8994335129,1015858.1021230248
2025-04-22T16:00:00.000+0000,697258.285902057,368236.8994335129,1020235.0971772135
2025-04-22T16:10:00.000+0000,697098.235844617,368236.8994335129,1015270.668645916
2025-04-22T16:20:00.000+0000,699183.066444777,368236.8994335129,1016938.0847260333
2025-04-22T16:30:00.000+0000,698192.9237930969,368236.8994335129,1017274.8617529063
2025-04-22T16:40:00.000+0000,697783.7762931609,368236.8994335129,1015182.321331549
2025-04-22T16:50:00.000+0000,696479.5408768728,368236.8994335129,1014548.6694572293
2025-04-22T17:00:00.000+0000,697524.7314149849,368236.8994335129,1017358.0579443064
2025-04-22T17:10:00.000+0000,697949.3768266649,368236.8994335129,1014094.7944665473
2025-04-22T17:20:00.000+0000,700594.154190761,368236.8994335129,1014582.3251558184
2025-04-22T17:30:00.000+0000,697736.1290414808,368236.8994335129,1016270.5787809421
2025-04-22T17:40:00.000+0000,698782.4730960409,368236.8994335129,1016911.0592676824
2025-04-22T17:50:00.000+0000,699390.067111657,368236.8994335129,1018264.0903988413
2025-04-22T18:00:00.000+0000,699752.264002153,368236.8994335129,1020017.0323055603
2025-04-22T18:10:00.000+0000,700469.257148393,368236.8994335129,1019214.8937198315
2025-04-22T18:20:00.000+0000,702288.3388778649,368236.8994335129,1018705.2132168605
2025-04-22T18:30:00.000+0000,704236.474841289,368236.8994335129,1018814.1997754877
2025-04-22T18:40:00.000+0000,703198.684937929,368236.8994335129,1019326.3155118683
2025-04-22T18:50:00.000+0000,702613.989468809,368236.8994335129,1020473.9118191428
2025-04-22T19:00:00.000+0000,702093.5926795609,368236.8994335129,1021279.1409677649
2025-04-22T19:10:00.000+0000,702321.641734249,368236.8994335129,1020888.7063433197
2025-04-22T19:20:00.000+0000,702482.3884339291,368236.8994335129,1019394.0013051658
2025-04-22T19:30:00.000+0000,699469.863703273,368236.8994335129,1014054.860852811
2025-04-22T19:40:00.000+0000,699037.8176568409,368236.8994335129,1014378.4375585678
2025-04-22T19:50:00.000+0000,699416.6659755288,368236.8994335129,1016601.2459572675
2025-04-22T20:00:00.000+0000,698559.9745174169,368236.8994335129,1017240.1186022081
2025-04-22T20:10:00.000+0000,698729.9720105369,368236.8994335129,1016036.5353215183
2025-04-22T20:20:00.000+0000,698220.6761734169,368236.8994335129,1015975.1292410175
2025-04-22T20:30:00.000+0000,697954.9273027289,368236.8994335129,1017063.3569908384
2025-04-22T20:40:00.000+0000,697122.9845498009,368236.8994335129,1017482.0981495169
2025-04-22T20:50:00.000+0000,697583.4796187929,368236.8994335129,1017303.6091293192
2025-04-22T21:00:00.000+0000,697560.581072297,368236.8994335129,1017057.0794064847
2025-04-22T21:10:00.000+0000,697378.7859848088,368236.8994335129,1018622.9942023879
2025-04-22T21:20:00.000+0000,699529.0687812888,368236.8994335129,1022433.8926890941
2025-04-22T21:30:00.000+0000,700549.5106142169,368236.8994335129,1023082.5237510235
2025-04-22T21:40:00.000+0000,699750.870717673,368236.8994335129,1025683.0984773376
2025-04-22T21:50:00.000+0000,702297.3499032729,368236.8994335129,1040191.1738305632
2025-04-22T22:00:00.000+0000,703730.6395535129,368236.8994335129,1040233.1172712061
2025-04-22T22:10:00.000+0000,703174.393106953,368236.8994335129,1038498.9419487049
2025-04-22T22:20:00.000+0000,704390.734654633,368236.8994335129,1042450.3462696351
2025-04-22T22:30:00.000+0000,704489.729475369,368236.8994335129,1037737.0188403571
2025-04-22T22:40:00.000+0000,705416.2700894169,368236.8994335129,1037662.2610079792
2025-04-22T22:50:00.000+0000,704254.7366601368,368236.8994335129,1039776.8408156489
2025-04-22T23:00:00.000+0000,704469.8346040088,368236.8994335129,1045144.4033538792
2025-04-22T23:10:00.000+0000,702419.7001447129,368236.8994335129,1045072.5398585142
2025-04-22T23:20:00.000+0000,702091.5027528409,368236.8994335129,1043642.5131842394
2025-04-22T23:30:00.000+0000,703657.0900802009,368236.8994335129,1047550.538490636
2025-04-22T23:40:00.000+0000,703617.540105513,368236.8994335129,1048316.2012760963
2025-04-22T23:50:00.000+0000,706722.812538601,368236.8994335129,1048031.051594304
2025-04-23T00:00:00.000+0000,705521.2722604248,368236.8994335129,1046669.440814719
2025-04-23T00:10:00.000+0000,710570.5234653528,368236.8994335129,1046816.2620707941
2025-04-23T00:20:00.000+0000,716395.9728945368,368236.8994335129,1046619.9909138626
2025-04-23T00:30:00.000+0000,734854.8460928409,368236.8994335129,1045053.7528844299
2025-04-23T00:40:00.000+0000,732312.0672246169,368236.8994335129,1042295.8159064197
2025-04-23T00:50:00.000+0000,732686.0617094808,368236.8994335129,1042316.6360930894
2025-04-23T01:00:00.000+0000,733678.7511620888,368236.8994335129,1041875.7839777833
2025-04-23T01:10:00.000+0000,735290.5924566488,368236.8994335129,1049457.8663410076
2025-04-23T01:20:00.000+0000,730471.9371073369,368236.8994335129,1047434.582083761
2025-04-23T01:30:00.000+0000,731409.5786735129,368236.8994335129,1048321.833278618
2025-04-23T01:40:00.000+0000,728626.9531562331,368236.8994335129,1046397.4566659336
2025-04-23T01:50:00.000+0000,729185.7464037208,368236.8994335129,1042807.5243097977
2025-04-23T02:00:00.000+0000,729109.1932552729,368236.8994335129,1043056.7345082103
2025-04-23T02:10:00.000+0000,728440.304234921,368236.8994335129,1045579.1344041298
2025-04-23T02:20:00.000+0000,729150.353620617,368236.8994335129,1050419.176388226
2025-04-23T02:30:00.000+0000,729665.199933801,368236.8994335129,1050616.3422323382
2025-04-23T02:40:00.000+0000,731096.6394253529,368236.8994335129,1052402.7782476698
2025-04-23T02:50:00.000+0000,731073.5011108249,368236.8994335129,1051811.4954441367
2025-04-23T03:00:00.000+0000,732158.2416236249,368236.8994335129,1049815.8779523277
2025-04-23T03:10:00.000+0000,728779.8196850969,368236.8994335129,1048608.3389510717
2025-04-23T03:20:00.000+0000,729308.313751337,368236.8994335129,1049780.0520800706
2025-04-23T03:30:00.000+0000,729711.9107752088,368236.8994335129,1050349.4112725733
2025-04-23T03:40:00.000+0000,732488.985816425,368236.8994335129,1053210.0674019312
2025-04-23T03:50:00.000+0000,732807.2357726169,368236.8994335129,1053923.243586967
2025-04-23T04:00:00.000+0000,735951.3615381529,368236.8994335129,1054270.108667546
2025-04-23T04:10:00.000+0000,734665.1708345369,368236.8994335129,1052467.617387733
2025-04-23T04:20:00.000+0000,734852.516398089,368236.8994335129,1051035.7676241384
2025-04-23T04:30:00.000+0000,735858.8536037528,368236.8994335129,1052283.826886958
2025-04-23T04:40:00.000+0000,739451.219969705,368236.8994335129,1055829.3154376314
2025-04-23T04:50:00.000+0000,743003.3397187289,368236.8994335129,1060360.0351500832
2025-04-23T05:00:00.000+0000,745344.6683961368,368236.8994335129,1060752.794321193
2025-04-23T05:10:00.000+0000,751984.2556336088,368236.8994335129,1059406.1501286237
2025-04-23T05:20:00.000+0000,746413.4541229849,368236.8994335129,1060456.9068813242
2025-04-23T05:30:00.000+0000,744109.128619337,368236.8994335129,1060765.3859591708
2025-04-23T05:40:00.000+0000,743379.8810045208,368236.8994335129,1062026.7819854731
2025-04-23T05:50:00.000+0000,742804.4363288409,368236.8994335129,1060303.6946534142
2025-04-23T06:00:00.000+0000,743965.2731158809,368236.8994335129,1059055.523353481
2025-04-23T06:10:00.000+0000,739136.670330889,368236.8994335129,1062401.8600125187
2025-04-23T06:20:00.000+0000,738394.9284794648,368236.8994335129,1062242.4468591074
2025-04-23T06:30:00.000+0000,739623.764263753,368236.8994335129,1062140.1608321005
2025-04-23T06:40:00.000+0000,738802.9224629528,368236.8994335129,1061377.041561136
2025-04-23T06:50:00.000+0000,735996.2448827289,368236.8994335129,1059585.2668357403
2025-04-23T07:00:00.000+0000,734436.4477994648,368236.8994335129,1057196.0692201168
2025-04-23T07:10:00.000+0000,732778.5696438808,368236.8994335129,1056799.465551762
2025-04-23T07:20:00.000+0000,733669.2606006169,368236.8994335129,1057251.3215401783
2025-04-23T07:30:00.000+0000,735697.1931556569,368236.8994335129,1059255.287353489
2025-04-23T07:40:00.000+0000,735132.849432105,368236.8994335129,1059148.0450611692
2025-04-23T07:50:00.000+0000,735577.8465893529,368236.8994335129,1060217.4504586444
2025-04-23T08:00:00.000+0000,736262.6903956569,368236.8994335129,1061814.5816864816
2025-04-23T08:10:00.000+0000,741459.7371894489,368236.8994335129,1063371.6123805693
2025-04-23T08:20:00.000+0000,743972.9135186649,368236.8994335129,1065750.0827102666
2025-04-23T08:30:00.000+0000,741050.589689513,368236.8994335129,1064489.1179392212
2025-04-23T08:40:00.000+0000,740344.6974954008,368236.8994335129,1065300.3531914086
2025-04-23T08:50:00.000+0000,740590.0946205208,368236.8994335129,1066209.7407855797
2025-04-23T09:00:00.000+0000,739092.506290409,368236.8994335129,1067122.3869715256
2025-04-23T09:10:00.000+0000,740017.1967457689,368236.8994335129,1068483.9650557267
2025-04-23T09:20:00.000+0000,736820.3301266968,368236.8994335129,1067271.035609524
2025-04-23T09:30:00.000+0000,738190.0177393048,368236.8994335129,1066265.4924524017
2025-04-23T09:40:00.000+0000,738541.1136776728,368236.8994335129,1066090.8385304497
2025-04-23T09:50:00.000+0000,736683.178615753,368236.8994335129,1062663.3257197107
2025-04-23T10:00:00.000+0000,732171.2153962969,368236.8994335129,1058523.4606545938
2025-04-23T10:10:00.000+0000,732733.708961161,368236.8994335129,1059705.8016508573
2025-04-23T10:20:00.000+0000,733751.603993161,368236.8994335129,1061552.6123935021
2025-04-23T10:30:00.000+0000,731836.7708861209,368236.8994335129,1063288.4789506362
2025-04-23T10:40:00.000+0000,732725.6116841689,368236.8994335129,1063585.0822815772
2025-04-23T10:50:00.000+0000,735307.940527081,368236.8994335129,1065565.5359230563
2025-04-23T11:00:00.000+0000,735075.4945127768,368236.8994335129,1066132.6351637288
2025-04-23T11:10:00.000+0000,736041.585101513,368236.8994335129,1067141.9973754103
2025-04-23T11:20:00.000+0000,736143.5835973849,368236.8994335129,1066492.2859440055
2025-04-23T11:30:00.000+0000,736033.030950313,368236.8994335129,1065928.7733756755
2025-04-23T11:40:00.000+0000,737716.114685289,368236.8994335129,1064031.7702895473
2025-04-23T11:50:00.000+0000,739465.347258825,368236.8994335129,1062203.7663385605
2025-04-23T12:00:00.000+0000,739889.992670505,368236.8994335129,1063667.587541592
2025-04-23T12:10:00.000+0000,739839.798617897,368236.8994335129,1067089.5750926035
2025-04-23T12:20:00.000+0000,739475.751568713,368236.8994335129,1066231.8721856498
2025-04-23T12:30:00.000+0000,739837.948459209,368236.8994335129,1067131.936391976
2025-04-23T12:40:00.000+0000,736754.8779303769,368236.8994335129,1066563.7291571223
2025-04-23T12:50:00.000+0000,735276.9447035928,368236.8994335129,1068081.406016973
2025-04-23T13:00:00.000+0000,716454.7210983449,368236.8994335129,1067364.1266959966
2025-04-23T13:10:00.000+0000,717854.011249961,368236.8994335129,1070356.8473583206
2025-04-23T13:20:00.000+0000,720400.4904355609,368236.8994335129,1070383.6087407866
2025-04-23T13:30:00.000+0000,718417.8980993049,368236.8994335129,1063301.8202482215
2025-04-23T13:40:00.000+0000,718783.7953071769,368236.8994335129,1062351.3230260648
2025-04-23T13:50:00.000+0000,718408.1904316569,368236.8994335129,1054901.9449824607
2025-04-23T14:00:00.000+0000,719220.9349554649,368236.8994335129,1057090.8714620427
2025-04-23T14:10:00.000+0000,718900.834840585,368236.8994335129,1052514.6640082058
2025-04-23T14:20:00.000+0000,718133.1907675288,368236.8994335129,1053587.9369578115
2025-04-23T14:30:00.000+0000,718989.1855834009,368236.8994335129,1057451.3148101028
2025-04-23T14:40:00.000+0000,719334.7310457049,368236.8994335129,1058790.2861054442
2025-04-23T14:50:00.000+0000,718629.535493833,368236.8994335129,1057371.7545666916
2025-04-23T15:00:00.000+0000,716813.0005652888,368236.8994335129,1055454.484280339
2025-04-23T15:10:00.000+0000,715563.3561612249,368236.8994335129,1047990.6183293961
2025-04-23T15:20:00.000+0000,712997.6787465048,368236.8994335129,1043779.4343937933
2025-04-23T15:30:00.000+0000,714431.665038985,368236.8994335129,1047328.4037235249
2025-04-23T15:40:00.000+0000,717724.7399098331,368236.8994335129,1053672.2854197957
2025-04-23T15:50:00.000+0000,718360.7829480087,368236.8994335129,1054931.802052075
2025-04-23T16:00:00.000+0000,717430.5420165849,368236.8994335129,1058183.1224694995
2025-04-23T16:10:00.000+0000,715140.5609082328,368236.8994335129,1057004.998792592
2025-04-23T16:20:00.000+0000,716049.7534518489,368236.8994335129,1053591.8864988307
2025-04-23T16:30:00.000+0000,712685.4361405849,368236.8994335129,1059020.144556526
2025-04-23T16:40:00.000+0000,717151.1453928408,368236.8994335129,1061616.0972419237
2025-04-23T16:50:00.000+0000,716602.299581033,368236.8994335129,1061428.471088469
2025-04-23T17:00:00.000+0000,717319.292727273,368236.8994335129,1062332.023049334
2025-04-23T17:10:00.000+0000,717004.046446217,368236.8994335129,1064630.5796123669
2025-04-23T17:20:00.000+0000,716790.7986610329,368236.8994335129,1062185.4818771128
2025-04-23T17:30:00.000+0000,716309.9518464729,368236.8994335129,1061169.1666746626
2025-04-23T17:40:00.000+0000,715623.2578814809,368236.8994335129,1060923.832059153
2025-04-23T17:50:00.000+0000,716047.9032931608,368236.8994335129,1061005.247532834
2025-04-23T18:00:00.000+0000,717524.4432354649,368236.8994335129,1064030.1717574534
2025-04-23T18:10:00.000+0000,718491.6873406488,368236.8994335129,1067313.3457284481
2025-04-23T18:20:00.000+0000,720375.524624201,368236.8994335129,1065466.9783050779
2025-04-23T18:30:00.000+0000,719647.430525833,368236.8994335129,1063732.224848521
2025-04-23T18:40:00.000+0000,718397.0894795288,368236.8994335129,1061298.0505893563
2025-04-23T18:50:00.000+0000,718393.389162153,368236.8994335129,1061060.0530726688
2025-04-23T19:00:00.000+0000,718958.1897599129,368236.8994335129,1057990.7351498846
2025-04-23T19:10:00.000+0000,717457.597754665,368236.8994335129,1054119.2402851572
2025-04-23T19:20:00.000+0000,715233.765484873,368236.8994335129,1050530.095649767
2025-04-23T19:30:00.000+0000,715617.010763177,368236.8994335129,1051700.3033157217
2025-04-23T19:40:00.000+0000,716488.5034907928,368236.8994335129,1055476.3986802925
2025-04-23T19:50:00.000+0000,715330.2135046809,368236.8994335129,1053881.5171914937
2025-04-23T20:00:00.000+0000,716971.2004640409,368236.8994335129,1056989.2567724886
2025-04-23T20:10:00.000+0000,716444.556556489,368236.8994335129,1057881.7019270535
2025-04-23T20:20:00.000+0000,716552.105528425,368236.8994335129,1061023.2706191328
2025-04-23T20:30:00.000+0000,716184.3581618649,368236.8994335129,1062016.2955955353
2025-04-23T20:40:00.000+0000,716144.8081871769,368236.8994335129,1060597.7061959293
2025-04-23T20:50:00.000+0000,715555.7157584408,368236.8994335129,1060552.0694115846
2025-04-23T21:00:00.000+0000,715415.3208043289,368236.8994335129,1061680.8760976153
2025-04-23T21:10:00.000+0000,713915.8823155288,368236.8994335129,1062219.8036009767
2025-04-23T21:20:00.000+0000,712968.9899559129,368236.8994335129,1061456.3846879425
2025-04-23T21:30:00.000+0000,712522.1426399769,368236.8994335129,1061157.2729435507
2025-04-23T21:40:00.000+0000,710031.8648572569,368236.8994335129,1058766.1702675768
2025-04-23T21:50:00.000+0000,711112.9050526809,368236.8994335129,1058324.1195839937
2025-04-23T22:00:00.000+0000,712692.1401330968,368236.8994335129,1058546.663543857
2025-04-23T22:10:00.000+0000,711899.7473548569,368236.8994335129,1058314.9588949936
2025-04-23T22:20:00.000+0000,712550.5916625368,368236.8994335129,1060054.817346889
2025-04-23T22:30:00.000+0000,713274.9854435289,368236.8994335129,1061483.8105395332
2025-04-23T22:40:00.000+0000,715886.9168254489,368236.8994335129,1063055.0785151783
2025-04-23T22:50:00.000+0000,716048.8170415768,368236.8994335129,1063717.584732346
2025-04-23T23:00:00.000+0000,715110.0219589529,368236.8994335129,1063978.8947518908
2025-04-23T23:10:00.000+0000,715845.5166920729,368236.8994335129,1063893.2276537437
2025-04-23T23:20:00.000+0000,714736.0274740888,368236.8994335129,1063564.5724684855
2025-04-23T23:30:00.000+0000,714404.1297648409,368236.8994335129,1062712.6963502727
2025-04-23T23:40:00.000+0000,714142.0812115289,368236.8994335129,1060470.3374026376
2025-04-23T23:50:00.000+0000,713766.9332102168,368236.8994335129,1060015.0826419105
2025-04-24T00:00:00.000+0000,712954.6455606169,368236.8994335129,1060746.7142416523
2025-04-24T00:10:00.000+0000,721871.9594378648,368236.8994335129,1059562.4459260877
2025-04-24T00:20:00.000+0000,718504.1815772568,368236.8994335129,1056736.1332251106
2025-04-24T00:30:00.000+0000,716734.597258153,368236.8994335129,1056107.883600397
2025-04-24T00:40:00.000+0000,719385.621740553,368236.8994335129,1057822.1519084736
2025-04-24T00:50:00.000+0000,718881.1797372568,368236.8994335129,1057387.5825017758
2025-04-24T01:00:00.000+0000,716941.597925033,368236.8994335129,1057393.1720969798
2025-04-24T01:10:00.000+0000,716831.0452779608,368236.8994335129,1053306.8273554172
2025-04-24T01:20:00.000+0000,716052.300252777,368236.8994335129,1053077.1124922466
2025-04-24T01:30:00.000+0000,715886.003077033,368236.8994335129,1055929.9584682179
2025-04-24T01:40:00.000+0000,718147.5351628249,368236.8994335129,1055823.8456330965
2025-04-24T01:50:00.000+0000,717639.392842153,368236.8994335129,1057271.516150513
2025-04-24T02:00:00.000+0000,715562.659518985,368236.8994335129,1057455.8410812337
2025-04-24T02:10:00.000+0000,715935.9573616089,368236.8994335129,1058716.5504151776
2025-04-24T02:20:00.000+0000,716117.055806857,368236.8994335129,1059009.9640239223
2025-04-24T02:30:00.000+0000,715970.653502473,368236.8994335129,1057456.9932982412
2025-04-24T02:40:00.000+0000,712432.8781487448,368236.8994335129,1051375.7705474026
2025-04-24T02:50:00.000+0000,712405.125768425,368236.8994335129,1051034.0924867685
2025-04-24T03:00:00.000+0000,711269.734328809,368236.8994335129,1050421.027325892
2025-04-24T03:10:00.000+0000,712731.4730016089,368236.8994335129,1052385.814067829
2025-04-24T03:20:00.000+0000,714081.9623850968,368236.8994335129,1053622.369332703
2025-04-24T03:30:00.000+0000,710783.3370381849,368236.8994335129,1049727.0267392383
2025-04-24T03:40:00.000+0000,708515.5578340888,368236.8994335129,1047567.0082243299
2025-04-24T03:50:00.000+0000,704421.9929080089,368236.8994335129,1044450.0618445652
2025-04-24T04:00:00.000+0000,703846.548232329,368236.8994335129,1043820.9907484297
2025-04-24T04:10:00.000+0000,703197.554083337,368236.8994335129,1042041.1226140979
2025-04-24T04:20:00.000+0000,703499.1526113369,368236.8994335129,1045280.4246984215
2025-04-24T04:30:00.000+0000,700065.6827863769,368236.8994335129,1043417.2376040672
2025-04-24T04:40:00.000+0000,700431.5799942489,368236.8994335129,1043555.7330390915
2025-04-24T04:50:00.000+0000,703257.4558035929,368236.8994335129,1045582.5779537014
2025-04-24T05:00:00.000+0000,703164.011458921,368236.8994335129,1048315.1946946725
2025-04-24T05:10:00.000+0000,702178.7226410648,368236.8994335129,1047432.8654600184
2025-04-24T05:20:00.000+0000,702416.7191314329,368236.8994335129,1044183.103832388
2025-04-24T05:30:00.000+0000,702631.8170753049,368236.8994335129,1045664.1837330742
2025-04-24T05:40:00.000+0000,703097.862620361,368236.8994335129,1046743.0880771913
2025-04-24T05:50:00.000+0000,703522.5080320409,368236.8994335129,1045472.5043094766
2025-04-24T06:00:00.000+0000,702900.1127469209,368236.8994335129,1046054.338291524
2025-04-24T06:10:00.000+0000,701948.366553481,368236.8994335129,1043372.2883258734
2025-04-24T06:20:00.000+0000,702525.6613878489,368236.8994335129,1044625.3654887466
2025-04-24T06:30:00.000+0000,702871.2068501529,368236.8994335129,1046891.2055046966
2025-04-24T06:40:00.000+0000,701575.7653530969,368236.8994335129,1046042.9827821035
2025-04-24T06:50:00.000+0000,700342.075734985,368236.8994335129,1043810.2736752958
2025-04-24T07:00:00.000+0000,699981.7290031769,368236.8994335129,1043773.4475533674
2025-04-24T07:10:00.000+0000,701309.3198401689,368236.8994335129,1046146.0830456929
2025-04-24T07:20:00.000+0000,700132.5282671768,368236.8994335129,1041677.9026091096
2025-04-24T07:30:00.000+0000,699302.435672937,368236.8994335129,1040647.5018152208
2025-04-24T07:40:00.000+0000,698012.5446519449,368236.8994335129,1038891.4982849646
2025-04-24T07:50:00.000+0000,698006.9941758807,368236.8994335129,1038239.887659822
2025-04-24T08:00:00.000+0000,697851.797952265,368236.8994335129,1037832.5441049476
2025-04-24T08:10:00.000+0000,697500.7020138969,368236.8994335129,1035994.8101754703
2025-04-24T08:20:00.000+0000,696602.6104224089,368236.8994335129,1032833.5647048815
2025-04-24T08:30:00.000+0000,695329.370829609,368236.8994335129,1029960.5575920345
2025-04-24T08:40:00.000+0000,694253.881110249,368236.8994335129,1028643.2006430137
2025-04-24T08:50:00.000+0000,694619.7783181209,368236.8994335129,1030078.5858627849
2025-04-24T09:00:00.000+0000,695056.2213241688,368236.8994335129,1032950.9641619856
2025-04-24T09:10:00.000+0000,695535.2179800409,368236.8994335129,1035089.8009540566
2025-04-24T09:20:00.000+0000,696712.0095530329,368236.8994335129,1036689.7959876831
2025-04-24T09:30:00.000+0000,696927.107496905,368236.8994335129,1035530.1145883128
2025-04-24T09:40:00.000+0000,697617.5017792728,368236.8994335129,1035580.2321598874
2025-04-24T09:50:00.000+0000,697915.3999898969,368236.8994335129,1034778.6076142382
2025-04-24T10:00:00.000+0000,698496.3951416408,368236.8994335129,1036405.7733038532
2025-04-24T10:10:00.000+0000,698571.7947736408,368236.8994335129,1036515.8260573535
2025-04-24T10:20:00.000+0000,700557.6305530649,368236.8994335129,1038477.888083027
2025-04-24T10:30:00.000+0000,700363.5809970009,368236.8994335129,1036984.813422841
2025-04-24T10:40:00.000+0000,701025.5262568088,368236.8994335129,1038248.1557900843
2025-04-24T10:50:00.000+0000,703815.3126408088,368236.8994335129,1037889.1367478303
2025-04-24T11:00:00.000+0000,701798.0241636889,368236.8994335129,1036924.1293951005
2025-04-24T11:10:00.000+0000,701677.5240809368,368236.8994335129,1036137.7418619634
2025-04-24T11:20:00.000+0000,701709.6734208729,368236.8994335129,1036394.8040130702
2025-04-24T11:30:00.000+0000,701396.973940745,368236.8994335129,1036258.4629316684
2025-04-24T11:40:00.000+0000,701955.0705459929,368236.8994335129,1036397.5348731632
2025-04-24T11:50:00.000+0000,702937.812562921,368236.8994335129,1039949.9118197709
2025-04-24T12:00:00.000+0000,701788.7733702488,368236.8994335129,1039169.6831534693
2025-04-24T12:10:00.000+0000,701496.4256356889,368236.8994335129,1039000.7721265667
2025-04-24T12:20:00.000+0000,701592.177013257,368236.8994335129,1042200.0340150889
2025-04-24T12:30:00.000+0000,701131.681944265,368236.8994335129,1042179.0755526859
2025-04-24T12:40:00.000+0000,701169.381760265,368236.8994335129,1042692.0537817213
2025-04-24T12:50:00.000+0000,701531.5786507608,368236.8994335129,1043143.5063989449
2025-04-24T13:00:00.000+0000,701958.074221129,368236.8994335129,1043711.9591353252
2025-04-24T13:10:00.000+0000,703457.5127099288,368236.8994335129,1044166.4982821969
2025-04-24T13:20:00.000+0000,703525.5117071769,368236.8994335129,1045038.2007405958
2025-04-24T13:30:00.000+0000,705011.9990851609,368236.8994335129,1046994.2671348545
2025-04-24T13:40:00.000+0000,703858.1060586649,368236.8994335129,1042811.9991946983
2025-04-24T13:50:00.000+0000,702884.6148351768,368236.8994335129,1041536.300236712
2025-04-24T14:00:00.000+0000,704031.8038691609,368236.8994335129,1046218.838974784
2025-04-24T14:10:00.000+0000,704711.097199401,368236.8994335129,1048751.8244020853
2025-04-24T14:20:00.000+0000,704066.5000100249,368236.8994335129,1044833.9521973296
2025-04-24T14:30:00.000+0000,706476.9812011289,368236.8994335129,1047453.5668755935
2025-04-24T14:40:00.000+0000,709689.8026061528,368236.8994335129,1049773.9422473817
2025-04-24T14:50:00.000+0000,710129.2492873368,368236.8994335129,1050564.812973409
2025-04-24T15:00:00.000+0000,708501.213438793,368236.8994335129,1049921.8661318836
2025-04-24T15:10:00.000+0000,712003.1391352089,368236.8994335129,1054733.1322832098
2025-04-24T15:20:00.000+0000,711354.1449862168,368236.8994335129,1052454.4746859702
2025-04-24T15:30:00.000+0000,711275.045036841,368236.8994335129,1051046.2887843265
2025-04-24T15:40:00.000+0000,712660.6874354009,368236.8994335129,1052172.5187060435
2025-04-24T15:50:00.000+0000,711702.694123657,368236.8994335129,1050452.550098159
2025-04-24T16:00:00.000+0000,710314.5049241688,368236.8994335129,1050629.0437075514
2025-04-24T16:10:00.000+0000,710897.350234601,368236.8994335129,1052043.8666012734
2025-04-24T16:20:00.000+0000,710923.9490984728,368236.8994335129,1053811.5869534772
2025-04-24T16:30:00.000+0000,712425.237745961,368236.8994335129,1056656.8050688398
2025-04-24T16:40:00.000+0000,712629.2347377049,368236.8994335129,1057503.2835072668
2025-04-24T16:50:00.000+0000,713472.2784427609,368236.8994335129,1056568.627965374
2025-04-24T17:00:00.000+0000,713075.3854114009,368236.8994335129,1054306.8632191594
2025-04-24T17:10:00.000+0000,711758.4386523289,368236.8994335129,1048771.1575571988
2025-04-24T17:20:00.000+0000,711017.3934431449,368236.8994335129,1046351.8214913153
2025-04-24T17:30:00.000+0000,711381.440492329,368236.8994335129,1049478.7696254347
2025-04-24T17:40:00.000+0000,710304.797256521,368236.8994335129,1045484.7207018253
2025-04-24T17:50:00.000+0000,710770.842801577,368236.8994335129,1045037.6990060338
2025-04-24T18:00:00.000+0000,713665.8711246169,368236.8994335129,1052344.135704787
2025-04-24T18:10:00.000+0000,714453.8669432409,368236.8994335129,1053543.9891903629
2025-04-24T18:20:00.000+0000,712031.588157769,368236.8994335129,1053325.8319291056
2025-04-24T18:30:00.000+0000,712608.8829921369,368236.8994335129,1055464.7695080645
2025-04-24T18:40:00.000+0000,712736.7837096408,368236.8994335129,1056291.2179219455
2025-04-24T18:50:00.000+0000,713289.3298388249,368236.8994335129,1056797.1222606744
2025-04-24T19:00:00.000+0000,712008.689611273,368236.8994335129,1055158.532952276
2025-04-24T19:10:00.000+0000,713344.377725257,368236.8994335129,1053760.3137039428
2025-04-24T19:20:00.000+0000,715245.563079241,368236.8994335129,1054965.76187326
2025-04-24T19:30:00.000+0000,715170.1634472408,368236.8994335129,1056721.8787552803
2025-04-24T19:40:00.000+0000,715241.8627618649,368236.8994335129,1055990.7893568985
2025-04-24T19:50:00.000+0000,716003.956358857,368236.8994335129,1056879.737912359
2025-04-24T20:00:00.000+0000,715639.9093096729,368236.8994335129,1056268.5617860043
2025-04-24T20:10:00.000+0000,716403.8530653529,368236.8994335129,1057056.6753954603
2025-04-24T20:20:00.000+0000,716873.598927785,368236.8994335129,1056538.7157177837
2025-04-24T20:30:00.000+0000,716803.7497718489,368236.8994335129,1056105.851720321
2025-04-24T20:40:00.000+0000,717441.642968713,368236.8994335129,1056006.3533768272
2025-04-24T20:50:00.000+0000,718133.8874097689,368236.8994335129,1056142.547302213
2025-04-24T21:00:00.000+0000,717281.592911273,368236.8994335129,1055755.755619096
2025-04-24T21:10:00.000+0000,718483.1331894489,368236.8994335129,1055531.8023953976
2025-04-24T21:20:00.000+0000,715559.655843849,368236.8994335129,1049410.2842710144
2025-04-24T21:30:00.000+0000,716176.500652905,368236.8994335129,1050718.0023879337
2025-04-24T21:40:00.000+0000,717013.993881897,368236.8994335129,1052207.3992651058
2025-04-24T21:50:00.000+0000,717659.287713513,368236.8994335129,1053404.487308262
2025-04-24T22:00:00.000+0000,718793.5256366809,368236.8994335129,1052954.901466609
2025-04-24T22:10:00.000+0000,718787.2785183769,368236.8994335129,1055317.5416434852
2025-04-24T22:20:00.000+0000,718351.5321545687,368236.8994335129,1055186.6330835547
2025-04-24T22:30:00.000+0000,719341.674806249,368236.8994335129,1056355.449988597
2025-04-24T22:40:00.000+0000,718068.4352134487,368236.8994335129,1053761.3404694512
2025-04-24T22:50:00.000+0000,717221.6911910168,368236.8994335129,1052928.5831083418
2025-04-24T23:00:00.000+0000,718368.8802250009,368236.8994335129,1053598.4685008563
2025-04-24T23:10:00.000+0000,719249.6237460568,368236.8994335129,1056257.84736003
2025-04-24T23:20:00.000+0000,718596.929279689,368236.8994335129,1056130.1874920172
2025-04-24T23:30:00.000+0000,719949.2688218649,368236.8994335129,1060408.9535453704
2025-04-24T23:40:00.000+0000,720731.7141644249,368236.8994335129,1061226.553217838
2025-04-24T23:50:00.000+0000,720923.913561801,368236.8994335129,1060637.240105207
2025-04-25T00:00:00.000+0000,720356.3263950809,368236.8994335129,1059983.5673281234
2025-04-25T00:10:00.000+0000,717894.4976349209,368236.8994335129,1058817.6254969544
2025-04-25T00:20:00.000+0000,718848.7906292889,368236.8994335129,1060451.8262376627
2025-04-25T00:30:00.000+0000,717474.2491828569,368236.8994335129,1060483.3155186116
2025-04-25T00:40:00.000+0000,715474.7656503769,368236.8994335129,1061634.5649442887
2025-04-25T00:50:00.000+0000,714949.9719015129,368236.8994335129,1061179.3777206312
2025-04-25T01:00:00.000+0000,714508.6750616409,368236.8994335129,1062026.9121589984
2025-04-25T01:10:00.000+0000,717286.4467450969,368236.8994335129,1063926.734309373
2025-04-25T01:20:00.000+0000,715607.7599697369,368236.8994335129,1060792.201446462
2025-04-25T01:30:00.000+0000,715218.964215369,368236.8994335129,1059916.3527024467
2025-04-25T01:40:00.000+0000,715835.809024425,368236.8994335129,1061320.394446917
2025-04-25T01:50:00.000+0000,714788.7683276248,368236.8994335129,1060157.1778507284
2025-04-25T02:00:00.000+0000,714081.722617065,368236.8994335129,1059650.0730389203
2025-04-25T02:10:00.000+0000,713157.7288039448,368236.8994335129,1057473.4388146054
2025-04-25T02:20:00.000+0000,711516.7418445849,368236.8994335129,1054837.3295679719
2025-04-25T02:30:00.000+0000,711105.744185961,368236.8994335129,1053266.1714652795
2025-04-25T02:40:00.000+0000,709730.5060972889,368236.8994335129,1053056.5131603512
2025-04-25T02:50:00.000+0000,708310.1675578649,368236.8994335129,1048396.9307190059
2025-04-25T03:00:00.000+0000,708004.8687124889,368236.8994335129,1048608.5721113633
2025-04-25T03:10:00.000+0000,710668.147663465,368236.8994335129,1051665.74116101
2025-04-25T03:20:00.000+0000,710821.493728393,368236.8994335129,1051164.353506489
2025-04-25T03:30:00.000+0000,711287.539273449,368236.8994335129,1051966.1412697001
2025-04-25T03:40:00.000+0000,712407.4328013209,368236.8994335129,1055277.779108019
2025-04-25T03:50:00.000+0000,712565.6327000728,368236.8994335129,1055391.195255569
2025-04-25T04:00:00.000+0000,711912.9382337049,368236.8994335129,1054988.0419497793
2025-04-25T04:10:00.000+0000,714238.0723571288,368236.8994335129,1057241.3886911203
2025-04-25T04:20:00.000+0000,712902.3842431449,368236.8994335129,1055999.729781276
2025-04-25T04:30:00.000+0000,711768.8429622168,368236.8994335129,1054125.1297996473
2025-04-25T04:40:00.000+0000,711961.0423595929,368236.8994335129,1055536.4199200699
2025-04-25T04:50:00.000+0000,711100.6505841049,368236.8994335129,1053625.5172555917
2025-04-25T05:00:00.000+0000,711377.5004069208,368236.8994335129,1053636.750568683
2025-04-25T05:10:00.000+0000,713127.8864969049,368236.8994335129,1056033.7759911062
2025-04-25T05:20:00.000+0000,712577.1905264088,368236.8994335129,1056782.6351849867
2025-04-25T05:30:00.000+0000,713303.4344660889,368236.8994335129,1056011.0008782889
2025-04-25T05:40:00.000+0000,713588.3815658968,368236.8994335129,1055447.623920674
2025-04-25T05:50:00.000+0000,714990.2185184408,368236.8994335129,1056753.13328407
2025-04-25T06:00:00.000+0000,715135.4673063769,368236.8994335129,1057194.027475901
2025-04-25T06:10:00.000+0000,717510.0988401689,368236.8994335129,1058637.5533174274
2025-04-25T06:20:00.000+0000,717712.245673225,368236.8994335129,1057833.277772131
2025-04-25T06:30:00.000+0000,720533.7245229529,368236.8994335129,1062053.3300073622
2025-04-25T06:40:00.000+0000,721176.471553641,368236.8994335129,1061874.3204724623
2025-04-25T06:50:00.000+0000,722949.7561901209,368236.8994335129,1063812.8478258536
2025-04-25T07:00:00.000+0000,724691.348360873,368236.8994335129,1065278.8000682641
2025-04-25T07:10:00.000+0000,723811.7583562649,368236.8994335129,1063964.8726999946
2025-04-25T07:20:00.000+0000,721752.3731035289,368236.8994335129,1061643.6356314856
2025-04-25T07:30:00.000+0000,721620.075426409,368236.8994335129,1063046.9438136118
2025-04-25T07:40:00.000+0000,722450.1680206489,368236.8994335129,1063852.7025808597
2025-04-25T07:50:00.000+0000,723643.611021833,368236.8994335129,1064635.7224273435
2025-04-25T08:00:00.000+0000,723638.0605457689,368236.8994335129,1067230.0442339156
2025-04-25T08:10:00.000+0000,723253.6617510167,368236.8994335129,1066581.204676306
2025-04-25T08:20:00.000+0000,723217.8120937049,368236.8994335129,1067530.0015777657
2025-04-25T08:30:00.000+0000,722778.3654125208,368236.8994335129,1066688.070909204
2025-04-25T08:40:00.000+0000,722316.0201848409,368236.8994335129,1066913.4481257743
2025-04-25T08:50:00.000+0000,722595.4168085849,368236.8994335129,1066591.8995262065
2025-04-25T09:00:00.000+0000,721624.4723860249,368236.8994335129,1063586.3009625035
2025-04-25T09:10:00.000+0000,719794.986346665,368236.8994335129,1062564.3811585961
2025-04-25T09:20:00.000+0000,720479.8301529689,368236.8994335129,1064185.5228140156
2025-04-25T09:30:00.000+0000,720804.3272274649,368236.8994335129,1065279.1061492385
2025-04-25T09:40:00.000+0000,720730.777754153,368236.8994335129,1064733.6568567886
2025-04-25T09:50:00.000+0000,721405.6741247769,368236.8994335129,1066573.7132044875
2025-04-25T10:00:00.000+0000,719532.2411511128,368236.8994335129,1066816.1279867215
2025-04-25T10:10:00.000+0000,719739.9384602329,368236.8994335129,1067055.211274356
2025-04-25T10:20:00.000+0000,719840.0867974169,368236.8994335129,1067050.3986862483
2025-04-25T10:30:00.000+0000,717650.2540262489,368236.8994335129,1063109.0877490607
2025-04-25T10:40:00.000+0000,717501.3049209369,368236.8994335129,1062563.7990091539
2025-04-25T10:50:00.000+0000,717607.0037341849,368236.8994335129,1062340.9688037485
2025-04-25T11:00:00.000+0000,719165.190426793,368236.8994335129,1063802.3936304422
2025-04-25T11:10:00.000+0000,720175.6848240409,368236.8994335129,1066243.8843392045
2025-04-25T11:20:00.000+0000,721995.9200699609,368236.8994335129,1067767.9315216653
2025-04-25T11:30:00.000+0000,722614.6150377049,368236.8994335129,1067785.396845916
2025-04-25T11:40:00.000+0000,723199.3105068249,368236.8994335129,1069359.2488207137
2025-04-25T11:50:00.000+0000,722965.014333833,368236.8994335129,1070474.438140691
2025-04-25T12:00:00.000+0000,721982.272316905,368236.8994335129,1072221.3533124786
2025-04-25T12:10:00.000+0000,722734.418478217,368236.8994335129,1073643.9289995919
2025-04-25T12:20:00.000+0000,721162.127158345,368236.8994335129,1071889.0819968055
2025-04-25T12:30:00.000+0000,720477.2833520409,368236.8994335129,1071117.022873756
2025-04-25T12:40:00.000+0000,721312.926422345,368236.8994335129,1071723.2958021888
2025-04-25T12:50:00.000+0000,719998.2866961688,368236.8994335129,1067144.2266710056
2025-04-25T13:00:00.000+0000,719579.8884027929,368236.8994335129,1066134.3833739872
2025-04-25T13:10:00.000+0000,719474.189589545,368236.8994335129,1065276.2111684976
2025-04-25T13:20:00.000+0000,719868.5358199768,368236.8994335129,1063739.4249148252
2025-04-25T13:30:00.000+0000,718548.3456177369,368236.8994335129,1061240.005980244
2025-04-25T13:40:00.000+0000,720534.1813971609,368236.8994335129,1066284.6961227707
2025-04-25T13:50:00.000+0000,720044.0837891608,368236.8994335129,1064493.249737301
2025-04-25T14:00:00.000+0000,721605.9707991449,368236.8994335129,1067278.2590079303
2025-04-25T14:10:00.000+0000,724778.545587241,368236.8994335129,1073564.3397811067
2025-04-25T14:20:00.000+0000,722428.662758633,368236.8994335129,1069282.1492355396
2025-04-25T14:30:00.000+0000,722141.865500137,368236.8994335129,1068997.9938832303
2025-04-25T14:40:00.000+0000,723761.804071689,368236.8994335129,1073257.9560871609
2025-04-25T14:50:00.000+0000,725282.2909482969,368236.8994335129,1078646.0755499685
2025-04-25T15:00:00.000+0000,726141.7463135129,368236.8994335129,1077636.3381105163
2025-04-25T15:10:00.000+0000,726394.544073385,368236.8994335129,1076105.4684237465
2025-04-25T15:20:00.000+0000,726638.0910398168,368236.8994335129,1077597.254978993
2025-04-25T15:30:00.000+0000,722579.2222546008,368236.8994335129,1072689.8233648578
2025-04-25T15:40:00.000+0000,721994.5267854808,368236.8994335129,1072909.4823331311
2025-04-25T15:50:00.000+0000,722311.6232252249,368236.8994335129,1073138.6555136582
2025-04-25T16:00:00.000+0000,720928.984501801,368236.8994335129,1071006.548729139
2025-04-25T16:10:00.000+0000,718944.998881065,368236.8994335129,1066872.4476912953
2025-04-25T16:20:00.000+0000,718362.1535706329,368236.8994335129,1066784.146209481
2025-04-25T16:30:00.000+0000,720753.436532617,368236.8994335129,1069053.941391563
2025-04-25T16:40:00.000+0000,724207.7149773529,368236.8994335129,1071935.647371212
2025-04-25T16:50:00.000+0000,723689.1683467929,368236.8994335129,1071021.3289901318
2025-04-25T17:00:00.000+0000,723873.967109417,368236.8994335129,1072687.2245830926
2025-04-25T17:10:00.000+0000,724700.3593862809,368236.8994335129,1074033.968194323
2025-04-25T17:20:00.000+0000,725347.503376585,368236.8994335129,1074319.1438910943
2025-04-25T17:30:00.000+0000,721713.2800030488,368236.8994335129,1067271.6621339982
2025-04-25T17:40:00.000+0000,719933.9880162969,368236.8994335129,1061783.8009724722
2025-04-25T17:50:00.000+0000,718732.4477381209,368236.8994335129,1062178.7316676178
2025-04-25T18:00:00.000+0000,719392.5428392409,368236.8994335129,1063622.9800806213
2025-04-25T18:10:00.000+0000,719675.6397803609,368236.8994335129,1064635.4612401181
2025-04-25T18:20:00.000+0000,721007.6275769689,368236.8994335129,1066460.5716321669
2025-04-25T18:30:00.000+0000,722319.7205022168,368236.8994335129,1067419.0853749479
2025-04-25T18:40:00.000+0000,721895.0750905368,368236.8994335129,1069454.371072099
2025-04-25T18:50:00.000+0000,720650.2845202968,368236.8994335129,1067067.8705480332
2025-04-25T19:00:00.000+0000,720142.838841865,368236.8994335129,1067580.4647047329
2025-04-25T19:10:00.000+0000,719263.9454794971,368236.8994335129,1066426.5672037858
2025-04-25T19:20:00.000+0000,720516.136684489,368236.8994335129,1066350.0624222234
2025-04-25T19:30:00.000+0000,720482.137185865,368236.8994335129,1065972.5485537571
2025-04-25T19:40:00.000+0000,721967.9279216088,368236.8994335129,1066562.239577036
2025-04-25T19:50:00.000+0000,722708.9731307928,368236.8994335129,1067450.1141662085
2025-04-25T20:00:00.000+0000,721896.228606985,368236.8994335129,1068325.6040212156
2025-04-25T20:10:00.000+0000,723080.4208147288,368236.8994335129,1067383.436912713
2025-04-25T20:20:00.000+0000,721466.0327192409,368236.8994335129,1066953.3051257115
2025-04-25T20:30:00.000+0000,721888.1313299929,368236.8994335129,1067756.8623921338
2025-04-25T20:40:00.000+0000,722846.124641737,368236.8994335129,1067194.648660252
2025-04-25T20:50:00.000+0000,723227.5197613528,368236.8994335129,1068954.3902757533
2025-04-25T21:00:00.000+0000,722976.5721601689,368236.8994335129,1068143.2930577998
2025-04-25T21:10:00.000+0000,722082.8775282969,368236.8994335129,1068449.6073277323
2025-04-25T21:20:00.000+0000,721121.1838991769,368236.8994335129,1065722.1081826931
2025-04-25T21:30:00.000+0000,720647.7377193689,368236.8994335129,1065847.5649222955
2025-04-25T21:40:00.000+0000,718233.556210889,368236.8994335129,1062467.16299607
2025-04-25T21:50:00.000+0000,716896.0179382169,368236.8994335129,1061292.9698564005
2025-04-25T22:00:00.000+0000,717844.7604565208,368236.8994335129,1063604.8741559237
2025-04-25T22:10:00.000+0000,719380.048602633,368236.8994335129,1063891.4853730092
2025-04-25T22:20:00.000+0000,720183.542333001,368236.8994335129,1064634.7622243837
2025-04-25T22:30:00.000+0000,721799.7805871769,368236.8994335129,1065625.9643708249
2025-04-25T22:40:00.000+0000,723508.7665437849,368236.8994335129,1067171.176678002
2025-04-25T22:50:00.000+0000,722337.525446857,368236.8994335129,1066183.8313521824
2025-04-25T23:00:00.000+0000,722271.3766082969,368236.8994335129,1065307.8555648003
2025-04-25T23:10:00.000+0000,721735.4819073048,368236.8994335129,1065418.8884731813
2025-04-25T23:20:00.000+0000,720768.2378021209,368236.8994335129,1063577.4791663503
2025-04-25T23:30:00.000+0000,722228.1263162328,368236.8994335129,1062648.2716708987
2025-04-25T23:40:00.000+0000,723037.1705226649,368236.8994335129,1063220.1344476736
2025-04-25T23:50:00.000+0000,723114.4203133528,368236.8994335129,1062697.9081392775
2025-04-26T00:00:00.000+0000,723940.1159479769,368236.8994335129,1063647.1933787717
2025-04-26T00:10:00.000+0000,721515.5301296089,368236.8994335129,1065118.2696560188
2025-04-26T00:20:00.000+0000,721515.5301296089,368236.8994335129,1065703.5211726583
2025-04-26T00:30:00.000+0000,721469.7330366169,368236.8994335129,1064419.6558730137
2025-04-26T00:40:00.000+0000,721775.0318819928,368236.8994335129,1065311.1182076796
2025-04-26T00:50:00.000+0000,723934.5654719129,368236.8994335129,1067778.6578866462
2025-04-26T01:00:00.000+0000,723940.812590217,368236.8994335129,1065710.104301411
2025-04-26T01:10:00.000+0000,725293.1521323929,368236.8994335129,1067772.6504505717
2025-04-26T01:20:00.000+0000,727373.5857729369,368236.8994335129,1070501.634704506
2025-04-26T01:30:00.000+0000,728369.278900681,368236.8994335129,1071691.4290935912
2025-04-26T01:40:00.000+0000,731238.405002089,368236.8994335129,1072347.5733139971
2025-04-26T01:50:00.000+0000,731121.6052367128,368236.8994335129,1071991.3934129216
2025-04-26T02:00:00.000+0000,731981.997012201,368236.8994335129,1070693.4591556771
2025-04-26T02:10:00.000+0000,731395.4513843929,368236.8994335129,1069264.4654443162
2025-04-26T02:20:00.000+0000,733111.837975753,368236.8994335129,1069913.4328412262
2025-04-26T02:30:00.000+0000,733921.578824425,368236.8994335129,1069673.5307471883
2025-04-26T02:40:00.000+0000,736120.662389033,368236.8994335129,1071369.2222401632
2025-04-26T02:50:00.000+0000,735368.5162277209,368236.8994335129,1070633.689060398
2025-04-26T03:00:00.000+0000,735618.310312457,368236.8994335129,1069764.6670775772
2025-04-26T03:10:00.000+0000,734318.4718557849,368236.8994335129,1069224.6069154232
2025-04-26T03:20:00.000+0000,731926.4922515609,368236.8994335129,1066145.5423803101
2025-04-26T03:30:00.000+0000,731967.8923849369,368236.8994335129,1066630.1639678145
2025-04-26T03:40:00.000+0000,732273.887872553,368236.8994335129,1066749.3610715521
2025-04-26T03:50:00.000+0000,730893.0993078169,368236.8994335129,1065940.5768728205
2025-04-26T04:00:00.000+0000,730525.351941257,368236.8994335129,1066504.7887162433
2025-04-26T04:10:00.000+0000,730623.6501197529,368236.8994335129,1067072.3870086006
2025-04-26T04:20:00.000+0000,728004.3181030808,368236.8994335129,1065084.98437388
2025-04-26T04:30:00.000+0000,725916.4838277849,368236.8994335129,1063373.6074605808
2025-04-26T04:40:00.000+0000,725993.7336184729,368236.8994335129,1064155.3941386016
2025-04-26T04:50:00.000+0000,725625.289609673,368236.8994335129,1063098.4603112184
2025-04-26T05:00:00.000+0000,725001.0441658648,368236.8994335129,1062090.6191232686
2025-04-26T05:10:00.000+0000,724986.2428963609,368236.8994335129,1061487.1461838656
2025-04-26T05:20:00.000+0000,725946.7830090328,368236.8994335129,1061647.5287785078
2025-04-26T05:30:00.000+0000,727278.7708056408,368236.8994335129,1063979.597121425
2025-04-26T05:40:00.000+0000,728806.6583170008,368236.8994335129,1064242.2890573167
2025-04-26T05:50:00.000+0000,728949.3603040089,368236.8994335129,1065250.678608315
2025-04-26T06:00:00.000+0000,728117.4175510808,368236.8994335129,1065026.6956493268
2025-04-26T06:10:00.000+0000,728589.0135722009,368236.8994335129,1065733.7813183893
2025-04-26T06:20:00.000+0000,728541.3663205209,368236.8994335129,1066010.3173595797
2025-04-26T06:30:00.000+0000,728694.0157432088,368236.8994335129,1066690.6349479125
2025-04-26T06:40:00.000+0000,728057.9727050329,368236.8994335129,1067784.9917935617
2025-04-26T06:50:00.000+0000,728465.2700462809,368236.8994335129,1068416.1298886759
2025-04-26T07:00:00.000+0000,728895.4659340249,368236.8994335129,1068671.4992132825
2025-04-26T07:10:00.000+0000,730236.7045240729,368236.8994335129,1069602.3652301244
2025-04-26T07:20:00.000+0000,730569.7557497689,368236.8994335129,1069944.608287645
2025-04-26T07:30:00.000+0000,729530.812329961,368236.8994335129,1069269.4042798572
2025-04-26T07:40:00.000+0000,727730.928829609,368236.8994335129,1068084.5050222033
2025-04-26T07:50:00.000+0000,726367.4883353049,368236.8994335129,1067001.8210528921
2025-04-26T08:00:00.000+0000,726738.9360192409,368236.8994335129,1066704.7985485713
2025-04-26T08:10:00.000+0000,726449.1350856089,368236.8994335129,1065139.580604242
2025-04-26T08:20:00.000+0000,726218.5392299929,368236.8994335129,1067798.0465862467
2025-04-26T08:30:00.000+0000,728053.5757454169,368236.8994335129,1070914.8160925645
2025-04-26T08:40:00.000+0000,725473.7937034329,368236.8994335129,1065943.008680996
2025-04-26T08:50:00.000+0000,724308.1030825689,368236.8994335129,1064707.0819346923
2025-04-26T09:00:00.000+0000,723622.1057598168,368236.8994335129,1063398.8551077305
2025-04-26T09:10:00.000+0000,724225.9994580569,368236.8994335129,1064670.0542568467
2025-04-26T09:20:00.000+0000,725038.7439818649,368236.8994335129,1063337.0552965356
2025-04-26T09:30:00.000+0000,722862.5589637529,368236.8994335129,1059253.6105349576
2025-04-26T09:40:00.000+0000,722692.5614706329,368236.8994335129,1059183.8092272512
2025-04-26T09:50:00.000+0000,722803.1141177049,368236.8994335129,1059937.950584993
2025-04-26T10:00:00.000+0000,723457.658742761,368236.8994335129,1060339.5737631277
2025-04-26T10:10:00.000+0000,724857.6455366168,368236.8994335129,1060837.1166431862
2025-04-26T10:20:00.000+0000,725359.5407389848,368236.8994335129,1061541.2382740057
2025-04-26T10:30:00.000+0000,725336.6421924889,368236.8994335129,1061789.8513167226
2025-04-26T10:40:00.000+0000,726064.736290857,368236.8994335129,1062175.8957458923
2025-04-26T10:50:00.000+0000,725404.6411897368,368236.8994335129,1060585.3873176724
2025-04-26T11:00:00.000+0000,724131.4015969369,368236.8994335129,1059227.9134604216
2025-04-26T11:10:00.000+0000,723697.5053918168,368236.8994335129,1058602.1012154198
2025-04-26T11:20:00.000+0000,722392.116459081,368236.8994335129,1056652.2786369799
2025-04-26T11:30:00.000+0000,721447.7709003929,368236.8994335129,1056104.4906054046
2025-04-26T11:40:00.000+0000,719212.837678473,368236.8994335129,1054081.8423609254
2025-04-26T11:50:00.000+0000,718192.395845545,368236.8994335129,1053264.4353819508
2025-04-26T12:00:00.000+0000,720129.4308568408,368236.8994335129,1055335.426883473
2025-04-26T12:10:00.000+0000,721553.469713641,368236.8994335129,1056893.6765357042
2025-04-26T12:20:00.000+0000,721804.4173148249,368236.8994335129,1056525.2949713161
2025-04-26T12:30:00.000+0000,721449.6210590809,368236.8994335129,1057041.416294061
2025-04-26T12:40:00.000+0000,721666.569161641,368236.8994335129,1056229.763201003
2025-04-26T12:50:00.000+0000,721006.4740605209,368236.8994335129,1055609.4877431716
2025-04-26T13:00:00.000+0000,721466.272487273,368236.8994335129,1056093.680221721
2025-04-26T13:10:00.000+0000,721838.4168134488,368236.8994335129,1056019.1118812424
2025-04-26T13:20:00.000+0000,720461.3285660888,368236.8994335129,1054553.859173283
2025-04-26T13:30:00.000+0000,718809.2406546008,368236.8994335129,1053603.3659665124
2025-04-26T13:40:00.000+0000,717432.8490494809,368236.8994335129,1051679.7593675843
2025-04-26T13:50:00.000+0000,718537.9413078489,368236.8994335129,1054358.910167043
2025-04-26T14:00:00.000+0000,719266.035406217,368236.8994335129,1054215.1143424516
2025-04-26T14:10:00.000+0000,718539.7914665369,368236.8994335129,1054192.5976089712
2025-04-26T14:20:00.000+0000,718681.3399370969,368236.8994335129,1054033.7684740862
2025-04-26T14:30:00.000+0000,720805.0238697049,368236.8994335129,1056590.5088561508
2025-04-26T14:40:00.000+0000,722361.3604036248,368236.8994335129,1057034.5520083038
2025-04-26T14:50:00.000+0000,722646.307503433,368236.8994335129,1056904.5335478743
2025-04-26T15:00:00.000+0000,722974.5048953049,368236.8994335129,1057469.140177283
2025-04-26T15:10:00.000+0000,723923.247413609,368236.8994335129,1058335.4058394656
2025-04-26T15:20:00.000+0000,723774.298308297,368236.8994335129,1058380.9303273384
2025-04-26T15:30:00.000+0000,724608.091219913,368236.8994335129,1059729.8280328326
2025-04-26T15:40:00.000+0000,725404.184315529,368236.8994335129,1059665.2978981205
2025-04-26T15:50:00.000+0000,726456.7754883929,368236.8994335129,1061081.1987735166
2025-04-26T16:00:00.000+0000,725206.4344420889,368236.8994335129,1058964.9505445994
2025-04-26T16:10:00.000+0000,725530.9315165849,368236.8994335129,1059270.2994065469
2025-04-26T16:20:00.000+0000,727513.066978633,368236.8994335129,1060450.1885355618
2025-04-26T16:30:00.000+0000,725728.681390025,368236.8994335129,1059474.5101837504
2025-04-26T16:40:00.000+0000,724261.3922411609,368236.8994335129,1057638.5923681124
2025-04-26T16:50:00.000+0000,726030.9765602648,368236.8994335129,1059339.0886777812
2025-04-26T17:00:00.000+0000,726053.178464521,368236.8994335129,1059979.3756750943
2025-04-26T17:10:00.000+0000,726872.170106633,368236.8994335129,1059515.314803913
2025-04-26T17:20:00.000+0000,727064.3695040089,368236.8994335129,1059889.618300958
2025-04-26T17:30:00.000+0000,729307.400002921,368236.8994335129,1060949.504657001
2025-04-26T17:40:00.000+0000,729599.7477374809,368236.8994335129,1060939.6077049207
2025-04-26T17:50:00.000+0000,729311.1003202968,368236.8994335129,1060483.6276719803
2025-04-26T18:00:00.000+0000,729479.2476547289,368236.8994335129,1059736.4819359663
2025-04-26T18:10:00.000+0000,728686.8548764889,368236.8994335129,1059408.757317008
2025-04-26T18:20:00.000+0000,729154.750580233,368236.8994335129,1059883.171856071
2025-04-26T18:30:00.000+0000,729931.6454467289,368236.8994335129,1060859.4875710183
2025-04-26T18:40:00.000+0000,730141.1929145368,368236.8994335129,1060379.4982015053
2025-04-26T18:50:00.000+0000,728060.7592739929,368236.8994335129,1058680.57248629
2025-04-26T19:00:00.000+0000,728528.6549777369,368236.8994335129,1058102.8285208736
2025-04-26T19:10:00.000+0000,729879.8410034649,368236.8994335129,1057771.2537795568
2025-04-26T19:20:00.000+0000,730385.4365232089,368236.8994335129,1058925.9454222962
2025-04-26T19:30:00.000+0000,730855.1823856409,368236.8994335129,1059395.3819915294
2025-04-26T19:40:00.000+0000,731611.725506569,368236.8994335129,1060380.7640653525
2025-04-26T19:50:00.000+0000,730215.439030089,368236.8994335129,1061301.273472077
2025-04-26T20:00:00.000+0000,730671.5371394649,368236.8994335129,1062888.7042152137
2025-04-26T20:10:00.000+0000,730043.5913782809,368236.8994335129,1061493.7666135407
2025-04-26T20:20:00.000+0000,729689.4917647769,368236.8994335129,1060658.154291207
2025-04-26T20:30:00.000+0000,729485.494773033,368236.8994335129,1060609.8155861257
2025-04-26T20:40:00.000+0000,730175.8890554009,368236.8994335129,1060751.5396004182
2025-04-26T20:50:00.000+0000,727823.4594258649,368236.8994335129,1058569.8580001188
2025-04-26T21:00:00.000+0000,728189.3566337369,368236.8994335129,1059105.063774857
2025-04-26T21:10:00.000+0000,729915.690660777,368236.8994335129,1060566.9640796338
2025-04-26T21:20:00.000+0000,729285.8947409049,368236.8994335129,1060491.799120035
2025-04-26T21:30:00.000+0000,729648.0916314009,368236.8994335129,1061037.415368216
2025-04-26T21:40:00.000+0000,729504.693002153,368236.8994335129,1061419.789785786
2025-04-26T21:50:00.000+0000,728961.397666409,368236.8994335129,1060731.3356089427
2025-04-26T22:00:00.000+0000,729766.7415554648,368236.8994335129,1061599.712457213
2025-04-26T22:10:00.000+0000,730943.533128457,368236.8994335129,1064352.9759545
2025-04-26T22:20:00.000+0000,730160.3911436569,368236.8994335129,1065454.9470048724
2025-04-26T22:30:00.000+0000,730377.3392462169,368236.8994335129,1065506.320245361
2025-04-26T22:40:00.000+0000,730612.7889356569,368236.8994335129,1066268.3264157486
2025-04-26T22:50:00.000+0000,730277.190909033,368236.8994335129,1063957.151403825
2025-04-26T23:00:00.000+0000,730858.1860607769,368236.8994335129,1064490.9926741298
2025-04-26T23:10:00.000+0000,731224.083268649,368236.8994335129,1063278.9484982493
2025-04-26T23:20:00.000+0000,732248.2254189529,368236.8994335129,1064473.9449135326
2025-04-26T23:30:00.000+0000,732297.0261870809,368236.8994335129,1063711.5324297168
2025-04-26T23:40:00.000+0000,732822.9734523928,368236.8994335129,1063870.2865154757
2025-04-26T23:50:00.000+0000,732753.124296457,368236.8994335129,1064705.1652754648
2025-04-27T00:00:00.000+0000,729827.1001499289,368236.8994335129,1064753.7730735333
2025-04-27T00:10:00.000+0000,730668.2936962969,368236.8994335129,1068736.4898019654
2025-04-27T00:20:00.000+0000,729828.2536663768,368236.8994335129,1070854.3517928708
2025-04-27T00:30:00.000+0000,728877.6609893849,368236.8994335129,1071595.188045081
2025-04-27T00:40:00.000+0000,728668.1135215769,368236.8994335129,1071291.6536872466
2025-04-27T00:50:00.000+0000,729134.159066633,368236.8994335129,1071491.9966351027
2025-04-27T01:00:00.000+0000,729267.6102602009,368236.8994335129,1070746.3252764752
2025-04-27T01:10:00.000+0000,728463.4198875929,368236.8994335129,1071513.5198171756
2025-04-27T01:20:00.000+0000,723011.5080690649,368236.8994335129,1064006.0017611845
2025-04-27T01:30:00.000+0000,720495.3280647129,368236.8994335129,1056008.140685657
2025-04-27T01:40:00.000+0000,722265.6090260568,368236.8994335129,1058101.9295410893
2025-04-27T01:50:00.000+0000,719342.1316804569,368236.8994335129,1052447.570863695
2025-04-27T02:00:00.000+0000,719313.6826578969,368236.8994335129,1053701.0149463487
2025-04-27T02:10:00.000+0000,718325.390164905,368236.8994335129,1057479.0848310003
2025-04-27T02:20:00.000+0000,719504.0318965849,368236.8994335129,1059431.0094916043
2025-04-27T02:30:00.000+0000,719790.829155081,368236.8994335129,1057533.7209737266
2025-04-27T02:40:00.000+0000,719159.1830765208,368236.8994335129,1053972.9608460725
2025-04-27T02:50:00.000+0000,719241.9833432729,368236.8994335129,1054652.5735342002
2025-04-27T03:00:00.000+0000,721186.418989321,368236.8994335129,1057261.8267910266
2025-04-27T03:10:00.000+0000,721538.6684441369,368236.8994335129,1056986.6670410708
2025-04-27T03:20:00.000+0000,720069.529136585,368236.8994335129,1054775.1300166012
2025-04-27T03:30:00.000+0000,719850.7308753368,368236.8994335129,1055174.5725667758
2025-04-27T03:40:00.000+0000,720416.9247575769,368236.8994335129,1056377.1821314904
2025-04-27T03:50:00.000+0000,720011.4775750168,368236.8994335129,1055477.2648039637
2025-04-27T04:00:00.000+0000,720122.7268643288,368236.8994335129,1056663.1769118821
2025-04-27T04:10:00.000+0000,720490.4742308889,368236.8994335129,1057341.6984811667
2025-04-27T04:20:00.000+0000,719307.435539593,368236.8994335129,1057122.4712868668
2025-04-27T04:30:00.000+0000,716731.3538149849,368236.8994335129,1053688.1558251102
2025-04-27T04:40:00.000+0000,716594.2023040409,368236.8994335129,1053412.4678068964
2025-04-27T04:50:00.000+0000,713095.280282761,368236.8994335129,1052064.949334872
2025-04-27T05:00:00.000+0000,713398.728969449,368236.8994335129,1052140.5878856105
2025-04-27T05:10:00.000+0000,714408.0698502489,368236.8994335129,1052719.4709487248
2025-04-27T05:20:00.000+0000,711414.7433487129,368236.8994335129,1047564.3935510837
2025-04-27T05:30:00.000+0000,712548.2846296409,368236.8994335129,1048618.2754311464
2025-04-27T05:40:00.000+0000,713417.9271985689,368236.8994335129,1050668.7496253797
2025-04-27T05:50:00.000+0000,713821.5242224408,368236.8994335129,1050387.0118352084
2025-04-27T06:00:00.000+0000,714989.0650019929,368236.8994335129,1051503.1218216282
2025-04-27T06:10:00.000+0000,715426.661524489,368236.8994335129,1052612.946434421
2025-04-27T06:20:00.000+0000,715943.3579963609,368236.8994335129,1052700.4786984127
2025-04-27T06:30:00.000+0000,715613.3104458009,368236.8994335129,1053372.0309203072
2025-04-27T06:40:00.000+0000,714919.2158460568,368236.8994335129,1052211.4216375144
2025-04-27T06:50:00.000+0000,715217.1140566809,368236.8994335129,1052269.026111087
2025-04-27T07:00:00.000+0000,715473.6121339289,368236.8994335129,1053341.6059472882
2025-04-27T07:10:00.000+0000,714632.4185875609,368236.8994335129,1052402.6009362761
2025-04-27T07:20:00.000+0000,715992.158764489,368236.8994335129,1054869.6396944735
2025-04-27T07:30:00.000+0000,716484.8031734169,368236.8994335129,1055088.3249467716
2025-04-27T07:40:00.000+0000,717112.7489346009,368236.8994335129,1055691.3390419297
2025-04-27T07:50:00.000+0000,715590.4118993048,368236.8994335129,1055408.299732433
2025-04-27T08:00:00.000+0000,714835.718937065,368236.8994335129,1055023.5887041804
2025-04-27T08:10:00.000+0000,716544.7048936728,368236.8994335129,1055874.4139109903
2025-04-27T08:20:00.000+0000,717419.897938665,368236.8994335129,1057774.011709921
2025-04-27T08:30:00.000+0000,717612.0973360409,368236.8994335129,1058972.704947717
2025-04-27T08:40:00.000+0000,718047.1470576089,368236.8994335129,1059482.6800042198
2025-04-27T08:50:00.000+0000,718550.8924186649,368236.8994335129,1059508.467134135
2025-04-27T09:00:00.000+0000,718021.244835977,368236.8994335129,1058743.8359612213
2025-04-27T09:10:00.000+0000,717511.9489988569,368236.8994335129,1058113.9471139743
2025-04-27T09:20:00.000+0000,717693.0474441049,368236.8994335129,1058419.2407622281
2025-04-27T09:30:00.000+0000,717287.600261545,368236.8994335129,1058519.1647180072
2025-04-27T09:40:00.000+0000,717653.4974694169,368236.8994335129,1059705.5675696204
2025-04-27T09:50:00.000+0000,717253.6007629208,368236.8994335129,1059474.4691803765
2025-04-27T10:00:00.000+0000,716851.8538977369,368236.8994335129,1058896.1307421415
2025-04-27T10:10:00.000+0000,717359.2995761689,368236.8994335129,1058844.1641019855
2025-04-27T10:20:00.000+0000,716559.5061631768,368236.8994335129,1058010.8082526713
2025-04-27T10:30:00.000+0000,715642.9129848089,368236.8994335129,1057273.1957684094
2025-04-27T10:40:00.000+0000,715831.4120648089,368236.8994335129,1058021.2835981655
2025-04-27T10:50:00.000+0000,716440.159596873,368236.8994335129,1058874.26397239
2025-04-27T11:00:00.000+0000,716485.2600476248,368236.8994335129,1057424.8783873809
2025-04-27T11:10:00.000+0000,716019.2145025689,368236.8994335129,1057212.044570576
2025-04-27T11:20:00.000+0000,715830.715422569,368236.8994335129,1057436.0597062316
2025-04-27T11:30:00.000+0000,715977.8143691929,368236.8994335129,1057888.5015822593
2025-04-27T11:40:00.000+0000,715336.9174971929,368236.8994335129,1057573.6795114323
2025-04-27T11:50:00.000+0000,715402.3696935129,368236.8994335129,1056906.1358181373
2025-04-27T12:00:00.000+0000,715270.768658633,368236.8994335129,1055623.3026676143
2025-04-27T12:10:00.000+0000,714197.8257402009,368236.8994335129,1055170.0309943159
2025-04-27T12:20:00.000+0000,713882.579459145,368236.8994335129,1054292.4738809713
2025-04-27T12:30:00.000+0000,712779.337359465,368236.8994335129,1052807.9590159205
2025-04-27T12:40:00.000+0000,713064.284459273,368236.8994335129,1054339.510011435
2025-04-27T12:50:00.000+0000,711852.7967454169,368236.8994335129,1053520.8543211685
2025-04-27T13:00:00.000+0000,709861.4104899289,368236.8994335129,1050379.5217494753
2025-04-27T13:10:00.000+0000,710048.0594112409,368236.8994335129,1053090.5180181551
2025-04-27T13:20:00.000+0000,710413.956619113,368236.8994335129,1053005.6029852754
2025-04-27T13:30:00.000+0000,712203.892683785,368236.8994335129,1054429.5450459067
2025-04-27T13:40:00.000+0000,714878.272586889,368236.8994335129,1056970.378097581
2025-04-27T13:50:00.000+0000,714948.1217428249,368236.8994335129,1056744.139738724
2025-04-27T14:00:00.000+0000,714334.9772511448,368236.8994335129,1057435.53785902
2025-04-27T14:10:00.000+0000,714310.228545961,368236.8994335129,1056900.279812824
2025-04-27T14:20:00.000+0000,715522.8697762649,368236.8994335129,1059730.7154851742
2025-04-27T14:30:00.000+0000,715153.2722510169,368236.8994335129,1059491.0208493832
2025-04-27T14:40:00.000+0000,715000.622828329,368236.8994335129,1058516.0449742582
2025-04-27T14:50:00.000+0000,713991.281947529,368236.8994335129,1057920.1511385345
2025-04-27T15:00:00.000+0000,712265.6445627289,368236.8994335129,1055893.8205590798
2025-04-27T15:10:00.000+0000,712505.491211785,368236.8994335129,1057312.2542531802
2025-04-27T15:20:00.000+0000,711485.0493788568,368236.8994335129,1055679.578569449
2025-04-27T15:30:00.000+0000,710966.5027482968,368236.8994335129,1056201.7445756143
2025-04-27T15:40:00.000+0000,711260.7006415449,368236.8994335129,1056595.7722934484
2025-04-27T15:50:00.000+0000,711515.348560105,368236.8994335129,1057182.64317933
2025-04-27T16:00:00.000+0000,711190.8514856087,368236.8994335129,1057396.1443717775
2025-04-27T16:10:00.000+0000,710973.903383049,368236.8994335129,1056305.228929398
2025-04-27T16:20:00.000+0000,710640.1555151129,368236.8994335129,1055800.7914559995
2025-04-27T16:30:00.000+0000,709137.016708937,368236.8994335129,1054187.8466913207
2025-04-27T16:40:00.000+0000,709804.512444809,368236.8994335129,1055252.4124304168
2025-04-27T16:50:00.000+0000,708961.4687397529,368236.8994335129,1055089.4994584478
2025-04-27T17:00:00.000+0000,709069.0177116889,368236.8994335129,1055525.854966478
2025-04-27T17:10:00.000+0000,710722.9557818649,368236.8994335129,1057339.0236664189
2025-04-27T17:20:00.000+0000,711128.4029644249,368236.8994335129,1058582.0870109196
2025-04-27T17:30:00.000+0000,710609.8563338649,368236.8994335129,1057335.8489504762
2025-04-27T17:40:00.000+0000,711017.153675113,368236.8994335129,1058053.4453432942
2025-04-27T17:50:00.000+0000,711865.7478562329,368236.8994335129,1059127.3392994143
2025-04-27T18:00:00.000+0000,711354.6018604249,368236.8994335129,1058372.9886143408
2025-04-27T18:10:00.000+0000,712159.9457494809,368236.8994335129,1060205.8729677226
2025-04-27T18:20:00.000+0000,713006.6897719129,368236.8994335129,1061085.3440216999
2025-04-27T18:30:00.000+0000,712934.9904572889,368236.8994335129,1061637.4252176909
2025-04-27T18:40:00.000+0000,713242.1394613528,368236.8994335129,1063457.7677810336
2025-04-27T18:50:00.000+0000,713771.7870440409,368236.8994335129,1062602.5612235134
2025-04-27T19:00:00.000+0000,713221.0910735449,368236.8994335129,1062258.0898363953
2025-04-27T19:10:00.000+0000,712509.6484033689,368236.8994335129,1061574.479610535
2025-04-27T19:20:00.000+0000,712098.6507447448,368236.8994335129,1061448.4806695725
2025-04-27T19:30:00.000+0000,712215.4505101208,368236.8994335129,1062480.6297630135
2025-04-27T19:40:00.000+0000,712692.597007305,368236.8994335129,1063060.2091411261
2025-04-27T19:50:00.000+0000,712792.7453444889,368236.8994335129,1063896.45238769
2025-04-27T20:00:00.000+0000,711438.555643625,368236.8994335129,1061811.053670926
2025-04-27T20:10:00.000+0000,711010.2099145689,368236.8994335129,1061551.6002320186
2025-04-27T20:20:00.000+0000,710742.6108851929,368236.8994335129,1059732.9729956267
2025-04-27T20:30:00.000+0000,710999.1089624409,368236.8994335129,1060347.2225323196
2025-04-27T20:40:00.000+0000,711065.2578010008,368236.8994335129,1060023.2092055515
2025-04-27T20:50:00.000+0000,711217.9072236889,368236.8994335129,1059604.1539351258
2025-04-27T21:00:00.000+0000,709725.869369641,368236.8994335129,1058219.749834876
2025-04-27T21:10:00.000+0000,710784.0110185689,368236.8994335129,1058360.4049892765
2025-04-27T21:20:00.000+0000,711272.2584678809,368236.8994335129,1060232.6659545628
2025-04-27T21:30:00.000+0000,711728.3565772569,368236.8994335129,1061254.268686629
2025-04-27T21:40:00.000+0000,712488.6000155609,368236.8994335129,1062370.1243090979
2025-04-27T21:50:00.000+0000,713771.7870440409,368236.8994335129,1061467.0869606053
2025-04-27T22:00:00.000+0000,711499.1540061209,368236.8994335129,1056960.1179638896
2025-04-27T22:10:00.000+0000,711504.7044821848,368236.8994335129,1055386.1483268656
2025-04-27T22:20:00.000+0000,711912.0018234329,368236.8994335129,1054481.4634478502
2025-04-27T22:30:00.000+0000,710776.610383817,368236.8994335129,1052875.209037717
2025-04-27T22:40:00.000+0000,712240.1992153049,368236.8994335129,1054863.876722492
2025-04-27T22:50:00.000+0000,711672.155174377,368236.8994335129,1055723.0837599805
2025-04-27T23:00:00.000+0000,709855.6202458328,368236.8994335129,1053528.4564797326
2025-04-27T23:10:00.000+0000,710138.7171869528,368236.8994335129,1053253.0573899385
2025-04-27T23:20:00.000+0000,710332.7667430169,368236.8994335129,1054538.2721699043
2025-04-27T23:30:00.000+0000,710709.7649030169,368236.8994335129,1054757.0994718228
2025-04-27T23:40:00.000+0000,710485.4161657048,368236.8994335129,1053690.1880181208
2025-04-27T23:50:00.000+0000,710941.5142750809,368236.8994335129,1053610.312312594
2025-04-28T00:00:00.000+0000,709265.3743006488,368236.8994335129,1047755.8580758134
2025-04-28T00:10:00.000+0000,708382.7806209049,368236.8994335129,1047233.2442162703
2025-04-28T00:20:00.000+0000,708733.8765592729,368236.8994335129,1047707.6246917229
2025-04-28T00:30:00.000+0000,710870.511602697,368236.8994335129,1050446.9425008898
2025-04-28T00:40:00.000+0000,705768.542206089,368236.8994335129,1047479.2842328432
2025-04-28T00:50:00.000+0000,702993.5570915929,368236.8994335129,1046835.6193718023
2025-04-28T01:00:00.000+0000,700279.627213801,368236.8994335129,1045461.1350013004
2025-04-28T01:10:00.000+0000,701380.3225125528,368236.8994335129,1044959.1721906768
2025-04-28T01:20:00.000+0000,698700.392133385,368236.8994335129,1041875.6829136781
2025-04-28T01:30:00.000+0000,696551.9594955929,368236.8994335129,1035689.3617698504
2025-04-28T01:40:00.000+0000,697759.0502498329,368236.8994335129,1035689.7962267007
2025-04-28T01:50:00.000+0000,698743.6424254489,368236.8994335129,1037304.6099132523
2025-04-28T02:00:00.000+0000,699788.1363213209,368236.8994335129,1037181.1949535832
2025-04-28T02:10:00.000+0000,702330.2185473049,368236.8994335129,1039520.3165375816
2025-04-28T02:20:00.000+0000,704385.9034826648,368236.8994335129,1041576.3122355147
2025-04-28T02:30:00.000+0000,705657.292916777,368236.8994335129,1042426.2593889823
2025-04-28T02:40:00.000+0000,705874.241019337,368236.8994335129,1042424.3127529656
2025-04-28T02:50:00.000+0000,706193.1876177689,368236.8994335129,1043973.0881231661
2025-04-28T03:00:00.000+0000,705708.6404858329,368236.8994335129,1042824.2886599354
2025-04-28T03:10:00.000+0000,705670.9406698329,368236.8994335129,1043242.7625947115
2025-04-28T03:20:00.000+0000,707866.3239170648,368236.8994335129,1046995.3066710206
2025-04-28T03:30:00.000+0000,708750.767755497,368236.8994335129,1051590.8535130941
2025-04-28T03:40:00.000+0000,708124.6721530008,368236.8994335129,1052222.369518856
2025-04-28T03:50:00.000+0000,708303.9204395609,368236.8994335129,1053706.471094998
2025-04-28T04:00:00.000+0000,709742.760565865,368236.8994335129,1054886.1774303776
2025-04-28T04:10:00.000+0000,709999.258643113,368236.8994335129,1055732.035935441
2025-04-28T04:20:00.000+0000,710815.7034842969,368236.8994335129,1056368.6379149016
2025-04-28T04:30:00.000+0000,711083.302513673,368236.8994335129,1057419.768545005
2025-04-28T04:40:00.000+0000,710989.4012947929,368236.8994335129,1056575.1335500465
2025-04-28T04:50:00.000+0000,710151.9080658008,368236.8994335129,1055480.1428379316
2025-04-28T05:00:00.000+0000,710589.5045882969,368236.8994335129,1055558.7952927114
2025-04-28T05:10:00.000+0000,711173.5034151769,368236.8994335129,1057860.2885643574
2025-04-28T05:20:00.000+0000,710371.859843497,368236.8994335129,1058236.345726709
2025-04-28T05:30:00.000+0000,709383.5673505049,368236.8994335129,1057705.5612329042
2025-04-28T05:40:00.000+0000,709323.6656302488,368236.8994335129,1058520.764806251
2025-04-28T05:50:00.000+0000,709718.0118606808,368236.8994335129,1058952.3165707383
2025-04-28T06:00:00.000+0000,710688.9562832408,368236.8994335129,1061535.6352822748
2025-04-28T06:10:00.000+0000,710866.354411113,368236.8994335129,1061827.1971217021
2025-04-28T06:20:00.000+0000,711773.6967960409,368236.8994335129,1061598.5907892878
2025-04-28T06:30:00.000+0000,712592.6884381529,368236.8994335129,1062641.4379699407
2025-04-28T06:40:00.000+0000,713098.2839578968,368236.8994335129,1065085.0122758027
2025-04-28T06:50:00.000+0000,714675.6688796248,368236.8994335129,1064990.085570852
2025-04-28T07:00:00.000+0000,714456.870618377,368236.8994335129,1065898.2244358724
2025-04-28T07:10:00.000+0000,716056.457444361,368236.8994335129,1065316.929194233
2025-04-28T07:20:00.000+0000,716837.0526282329,368236.8994335129,1066870.6278571459
2025-04-28T07:30:00.000+0000,718311.742411849,368236.8994335129,1067690.9833315345
2025-04-28T07:40:00.000+0000,717836.4460733528,368236.8994335129,1067594.1576922045
2025-04-28T07:50:00.000+0000,718157.242830473,368236.8994335129,1067310.6667733025
2025-04-28T08:00:00.000+0000,718469.9423106008,368236.8994335129,1066670.3969285442
2025-04-28T08:10:00.000+0000,718311.742411849,368236.8994335129,1067657.869834306
2025-04-28T08:20:00.000+0000,718709.7889596568,368236.8994335129,1067487.3455819907
2025-04-28T08:30:00.000+0000,720199.9766550168,368236.8994335129,1068752.0698834397
2025-04-28T08:40:00.000+0000,718588.5922346651,368236.8994335129,1068160.597069291
2025-04-28T08:50:00.000+0000,718348.7455856089,368236.8994335129,1067573.1330431
2025-04-28T09:00:00.000+0000,718904.9920321689,368236.8994335129,1069487.3792661955
2025-04-28T09:10:00.000+0000,717939.5980856728,368236.8994335129,1068596.6116546607
2025-04-28T09:20:00.000+0000,717620.6514872409,368236.8994335129,1069120.969539011
2025-04-28T09:30:00.000+0000,717105.8051740569,368236.8994335129,1070124.8973422777
2025-04-28T09:40:00.000+0000,717264.7017150489,368236.8994335129,1070031.6690889404
2025-04-28T09:50:00.000+0000,717856.7978189208,368236.8994335129,1069375.8593701478
2025-04-28T10:00:00.000+0000,716454.960866377,368236.8994335129,1063478.8347481627
2025-04-28T10:10:00.000+0000,719061.3417722329,368236.8994335129,1066094.823396154
2025-04-28T10:20:00.000+0000,717001.956519497,368236.8994335129,1063105.3862674334
2025-04-28T10:30:00.000+0000,718809.6975288088,368236.8994335129,1068864.5267846922
2025-04-28T10:40:00.000+0000,723817.3088323289,368236.8994335129,1075681.3955483434
2025-04-28T10:50:00.000+0000,721932.7749065369,368236.8994335129,1074112.9254332855
2025-04-28T11:00:00.000+0000,719875.2398124889,368236.8994335129,1072335.1767930312
2025-04-28T11:10:00.000+0000,720723.8339936088,368236.8994335129,1073479.9473377957
2025-04-28T11:20:00.000+0000,720212.6879978009,368236.8994335129,1074605.884592924
2025-04-28T11:30:00.000+0000,721256.0283772249,368236.8994335129,1076097.0372638456
2025-04-28T11:40:00.000+0000,719321.540166857,368236.8994335129,1074330.644705305
2025-04-28T11:50:00.000+0000,719221.3918296729,368236.8994335129,1072557.7791503228
2025-04-28T12:00:00.000+0000,718179.9016089368,368236.8994335129,1069768.035282947
2025-04-28T12:10:00.000+0000,718226.8522183769,368236.8994335129,1069534.9966787326
2025-04-28T12:20:00.000+0000,719333.7946354329,368236.8994335129,1069234.8305441267
2025-04-28T12:30:00.000+0000,719965.4407139929,368236.8994335129,1070116.196499238
2025-04-28T12:40:00.000+0000,719580.3452770009,368236.8994335129,1070895.5230020205
2025-04-28T12:50:00.000+0000,718807.150727881,368236.8994335129,1069231.333372729
2025-04-28T13:00:00.000+0000,718089.0040651929,368236.8994335129,1068639.0648070618
2025-04-28T13:10:00.000+0000,717166.8604107609,368236.8994335129,1067191.3047708415
2025-04-28T13:20:00.000+0000,716525.963538761,368236.8994335129,1063899.318250487
2025-04-28T13:30:00.000+0000,713913.335514601,368236.8994335129,1058183.8043777319
2025-04-28T13:40:00.000+0000,714897.9276902168,368236.8994335129,1058683.522555713
2025-04-28T13:50:00.000+0000,711525.752869993,368236.8994335129,1053355.619709053
2025-04-28T14:00:00.000+0000,711297.703815305,368236.8994335129,1053526.089007033
2025-04-28T14:10:00.000+0000,713870.0852225368,368236.8994335129,1057465.1356462105
2025-04-28T14:20:00.000+0000,714366.429948841,368236.8994335129,1057251.084722488
2025-04-28T14:30:00.000+0000,711916.398783049,368236.8994335129,1052766.4649490872
2025-04-28T14:40:00.000+0000,712570.9434081049,368236.8994335129,1054050.325142336
2025-04-28T14:50:00.000+0000,711565.9994869209,368236.8994335129,1051742.1468818986
2025-04-28T15:00:00.000+0000,710794.6550964889,368236.8994335129,1048744.8934559622
2025-04-28T15:10:00.000+0000,708761.1720653849,368236.8994335129,1047319.6263024035
2025-04-28T15:20:00.000+0000,705516.8979626648,368236.8994335129,1041954.6997932843
2025-04-28T15:30:00.000+0000,705387.1470864728,368236.8994335129,1041262.1162061628
2025-04-28T15:40:00.000+0000,706219.089839401,368236.8994335129,1041393.4927321204
2025-04-28T15:50:00.000+0000,705505.7970105369,368236.8994335129,1041488.2433416989
2025-04-28T16:00:00.000+0000,705997.744777225,368236.8994335129,1042156.8245498695
2025-04-28T16:10:00.000+0000,704445.8052029209,368236.8994335129,1039528.9046819209
2025-04-28T16:20:00.000+0000,705353.147587849,368236.8994335129,1040121.1727288715
2025-04-28T16:30:00.000+0000,707442.8320218329,368236.8994335129,1043285.4690736302
2025-04-28T16:40:00.000+0000,710735.9068926808,368236.8994335129,1044583.0650910919
2025-04-28T16:50:00.000+0000,709596.8151356889,368236.8994335129,1042294.7919759941
2025-04-28T17:00:00.000+0000,710617.2569686169,368236.8994335129,1043082.6745357426
2025-04-28T17:10:00.000+0000,710687.1061245529,368236.8994335129,1041615.3671700393
2025-04-28T17:20:00.000+0000,710556.6586061209,368236.8994335129,1041808.0168486602
2025-04-28T17:30:00.000+0000,710800.205572553,368236.8994335129,1041169.1988808375
2025-04-28T17:40:00.000+0000,712927.5898225368,368236.8994335129,1045212.0048869746
2025-04-28T17:50:00.000+0000,714019.7309700889,368236.8994335129,1047912.1854240755
2025-04-28T18:00:00.000+0000,713553.6854250331,368236.8994335129,1047955.2084739776
2025-04-28T18:10:00.000+0000,712375.0436933528,368236.8994335129,1045143.1193986728
2025-04-28T18:20:00.000+0000,713463.4845235288,368236.8994335129,1046311.088817314
2025-04-28T18:30:00.000+0000,712554.2919799129,368236.8994335129,1045576.5625854833
2025-04-28T18:40:00.000+0000,713273.1352848411,368236.8994335129,1047315.1932346697
2025-04-28T18:50:00.000+0000,714432.578787401,368236.8994335129,1049231.7310318288
2025-04-28T19:00:00.000+0000,714766.3266553369,368236.8994335129,1049559.9721322441
2025-04-28T19:10:00.000+0000,715596.419249577,368236.8994335129,1053886.429609827
2025-04-28T19:20:00.000+0000,716775.0609812569,368236.8994335129,1057703.5928030761
2025-04-28T19:30:00.000+0000,716810.9106385689,368236.8994335129,1058364.5311086671
2025-04-28T19:40:00.000+0000,716601.3631707609,368236.8994335129,1059107.8103657018
2025-04-28T19:50:00.000+0000,717074.8093505689,368236.8994335129,1059672.9179337383
2025-04-28T20:00:00.000+0000,715943.1182283289,368236.8994335129,1055690.3834623666
2025-04-28T20:10:00.000+0000,716256.5143506968,368236.8994335129,1054373.7900881968
2025-04-28T20:20:00.000+0000,717162.0065769369,368236.8994335129,1053863.2760319274
2025-04-28T20:30:00.000+0000,717352.3558156248,368236.8994335129,1053642.2080770358
2025-04-28T20:40:00.000+0000,715898.0177775768,368236.8994335129,1051990.966291853
2025-04-28T20:50:00.000+0000,715317.0226258329,368236.8994335129,1051839.1745958624
2025-04-28T21:00:00.000+0000,715480.773000649,368236.8994335129,1052735.798212711
2025-04-28T21:10:00.000+0000,714503.5814597849,368236.8994335129,1051624.8315599852
2025-04-28T21:20:00.000+0000,714392.3321704728,368236.8994335129,1051750.9409283348
2025-04-28T21:30:00.000+0000,715656.320969833,368236.8994335129,1052639.97526443
2025-04-28T21:40:00.000+0000,715618.6211538329,368236.8994335129,1053290.0935458383
2025-04-28T21:50:00.000+0000,715880.6697071448,368236.8994335129,1053479.355961732
2025-04-28T22:00:00.000+0000,717438.8563997529,368236.8994335129,1055455.3947611833
2025-04-28T22:10:00.000+0000,716748.4621173849,368236.8994335129,1055800.6755735641
2025-04-28T22:20:00.000+0000,716965.4102199448,368236.8994335129,1054930.8607814608
2025-04-28T22:30:00.000+0000,716389.9655442649,368236.8994335129,1054507.5085905911
2025-04-28T22:40:00.000+0000,716197.766146889,368236.8994335129,1056368.9069185946
2025-04-28T22:50:00.000+0000,717380.1081959449,368236.8994335129,1059368.4894610164
2025-04-28T23:00:00.000+0000,716919.6131269529,368236.8994335129,1059196.8368425122
2025-04-28T23:10:00.000+0000,716860.8649231449,368236.8994335129,1058032.81696489
2025-04-28T23:20:00.000+0000,716402.9166550809,368236.8994335129,1058499.170483286
2025-04-28T23:30:00.000+0000,716325.6668643929,368236.8994335129,1058990.7884884519
2025-04-28T23:40:00.000+0000,716849.7639710169,368236.8994335129,1058938.9454128516
2025-04-28T23:50:00.000+0000,716961.0132603289,368236.8994335129,1058667.769267526
2025-04-29T00:00:00.000+0000,715486.3234767129,368236.8994335129,1057584.4219379586
2025-04-29T00:10:00.000+0000,715540.6747209049,368236.8994335129,1056950.7105752006
2025-04-29T00:20:00.000+0000,715340.3780465368,368236.8994335129,1057554.882512479
2025-04-29T00:30:00.000+0000,718318.206636329,368236.8994335129,1059993.6128673581
2025-04-29T00:40:00.000+0000,719240.3502907609,368236.8994335129,1059671.5244720902
2025-04-29T00:50:00.000+0000,719022.248671753,368236.8994335129,1058822.6405355427
2025-04-29T01:00:00.000+0000,719889.344439753,368236.8994335129,1060432.6493875417
2025-04-29T01:10:00.000+0000,718850.4010199448,368236.8994335129,1057621.2223399838
2025-04-29T01:20:00.000+0000,718816.4015213209,368236.8994335129,1058543.5781324124
2025-04-29T01:30:00.000+0000,718412.804497449,368236.8994335129,1059901.9710285203
2025-04-29T01:40:00.000+0000,719372.6479678809,368236.8994335129,1063121.784234366
2025-04-29T01:50:00.000+0000,717716.8597390169,368236.8994335129,1059613.691926763
2025-04-29T02:00:00.000+0000,715908.422087465,368236.8994335129,1056281.4984785172
2025-04-29T02:10:00.000+0000,715935.0209513368,368236.8994335129,1057228.1434320142
2025-04-29T02:20:00.000+0000,715913.9725635289,368236.8994335129,1057088.0052956461
2025-04-29T02:30:00.000+0000,716154.9727290331,368236.8994335129,1057658.1278036416
2025-04-29T02:40:00.000+0000,716429.9723931609,368236.8994335129,1055120.6474323669
2025-04-29T02:50:00.000+0000,715773.5776094169,368236.8994335129,1054203.2125091315
2025-04-29T03:00:00.000+0000,717260.064987401,368236.8994335129,1055914.5963979114
2025-04-29T03:10:00.000+0000,717629.6625126489,368236.8994335129,1055210.8312504399
2025-04-29T03:20:00.000+0000,718133.4078737049,368236.8994335129,1057006.5989437473
2025-04-29T03:30:00.000+0000,718646.4040282009,368236.8994335129,1057375.9322423767
2025-04-29T03:40:00.000+0000,718440.556877769,368236.8994335129,1057396.1388988704
2025-04-29T03:50:00.000+0000,718715.5565418969,368236.8994335129,1057693.848354908
2025-04-29T04:00:00.000+0000,718627.2057990809,368236.8994335129,1056375.299500156
2025-04-29T04:10:00.000+0000,718734.7547710169,368236.8994335129,1058262.7939812846
2025-04-29T04:20:00.000+0000,718514.1063510809,368236.8994335129,1058413.3578745662
2025-04-29T04:30:00.000+0000,717740.911801961,368236.8994335129,1057600.3877193537
2025-04-29T04:40:00.000+0000,713800.692940809,368236.8994335129,1052401.2189484942
2025-04-29T04:50:00.000+0000,713287.6967863129,368236.8994335129,1051756.556243442
2025-04-29T05:00:00.000+0000,714338.4378004889,368236.8994335129,1050722.8933611084
2025-04-29T05:10:00.000+0000,713759.2928074329,368236.8994335129,1049417.8790340105
2025-04-29T05:20:00.000+0000,714398.339520745,368236.8994335129,1051180.437290239
2025-04-29T05:30:00.000+0000,715230.282273673,368236.8994335129,1052071.5632542064
2025-04-29T05:40:00.000+0000,715341.5315629849,368236.8994335129,1052053.3321909443
2025-04-29T05:50:00.000+0000,714638.1861698008,368236.8994335129,1052500.9365548945
2025-04-29T06:00:00.000+0000,715649.377209289,368236.8994335129,1053517.367013911
2025-04-29T06:10:00.000+0000,716349.0222850968,368236.8994335129,1055190.5168494359
2025-04-29T06:20:00.000+0000,718082.756946889,368236.8994335129,1060446.3946464718
2025-04-29T06:30:00.000+0000,718314.5063189529,368236.8994335129,1060890.4273621917
2025-04-29T06:40:00.000+0000,717386.8121884569,368236.8994335129,1060387.2903349677
2025-04-29T06:50:00.000+0000,718022.158584393,368236.8994335129,1061336.6144315337
2025-04-29T07:00:00.000+0000,718949.852714889,368236.8994335129,1062125.8210110585
2025-04-29T07:10:00.000+0000,720367.6444533848,368236.8994335129,1063036.3594897278
2025-04-29T07:20:00.000+0000,721779.885715817,368236.8994335129,1063588.5159942028
2025-04-29T07:30:00.000+0000,720866.2962125848,368236.8994335129,1064000.1599483318
2025-04-29T07:40:00.000+0000,720925.044416393,368236.8994335129,1063575.6796506322
2025-04-29T07:50:00.000+0000,721986.8863826968,368236.8994335129,1065390.9946734225
2025-04-29T08:00:00.000+0000,721945.4862493209,368236.8994335129,1065267.3202791244
2025-04-29T08:10:00.000+0000,722211.2351200089,368236.8994335129,1067503.1368241636
2025-04-29T08:20:00.000+0000,720855.195260457,368236.8994335129,1065292.82438295
2025-04-29T08:30:00.000+0000,720059.102164841,368236.8994335129,1064807.0556669754
2025-04-29T08:40:00.000+0000,720298.9488138969,368236.8994335129,1065177.6183958987
2025-04-29T08:50:00.000+0000,720747.6462885209,368236.8994335129,1065159.36453711
2025-04-29T09:00:00.000+0000,719500.3089173529,368236.8994335129,1067508.4248903547
2025-04-29T09:10:00.000+0000,718408.1677698009,368236.8994335129,1066566.8460751236
2025-04-29T09:20:00.000+0000,717678.2235127448,368236.8994335129,1065611.1436073156
2025-04-29T09:30:00.000+0000,717965.0207712408,368236.8994335129,1066849.0684473016
2025-04-29T09:40:00.000+0000,717473.0730045529,368236.8994335129,1065878.009435671
2025-04-29T09:50:00.000+0000,717625.7224272409,368236.8994335129,1066392.0024019144
2025-04-29T10:00:00.000+0000,717857.4717993049,368236.8994335129,1068039.2294968092
2025-04-29T10:10:00.000+0000,718153.5198512409,368236.8994335129,1068069.2234917886
2025-04-29T10:20:00.000+0000,717542.2255182489,368236.8994335129,1066702.3069747407
2025-04-29T10:30:00.000+0000,716738.7317878809,368236.8994335129,1065876.783761405
2025-04-29T10:40:00.000+0000,713414.6610935449,368236.8994335129,1062644.175751938
2025-04-29T10:50:00.000+0000,714067.3555599129,368236.8994335129,1063956.3880526144
2025-04-29T11:00:00.000+0000,714868.9991315929,368236.8994335129,1064853.9505437529
2025-04-29T11:10:00.000+0000,717154.5832803289,368236.8994335129,1068114.6774646386
2025-04-29T11:20:00.000+0000,716647.8342441369,368236.8994335129,1068788.39662289
2025-04-29T11:30:00.000+0000,716843.7339588889,368236.8994335129,1067614.0182839248
2025-04-29T11:40:00.000+0000,717635.4300948889,368236.8994335129,1066936.9582320745
2025-04-29T11:50:00.000+0000,718819.6223026329,368236.8994335129,1067947.4418344642
2025-04-29T12:00:00.000+0000,718485.874434697,368236.8994335129,1067212.3369498611
2025-04-29T12:10:00.000+0000,716754.6865738329,368236.8994335129,1067231.2471934254
2025-04-29T12:20:00.000+0000,714652.0510290329,368236.8994335129,1064736.7901314113
2025-04-29T12:30:00.000+0000,712922.7133268568,368236.8994335129,1063723.4258300355
2025-04-29T12:40:00.000+0000,714404.803745225,368236.8994335129,1064591.799199495
2025-04-29T12:50:00.000+0000,714146.4555092889,368236.8994335129,1062723.2192366754
2025-04-29T13:00:00.000+0000,714223.7052999769,368236.8994335129,1062229.1370408847
2025-04-29T13:10:00.000+0000,711936.2709925529,368236.8994335129,1056641.0259714553
2025-04-29T13:20:00.000+0000,713256.4611947929,368236.8994335129,1057878.6474133437
2025-04-29T13:30:00.000+0000,714309.0523676567,368236.8994335129,1058590.9616423005
2025-04-29T13:40:00.000+0000,714367.8005714648,368236.8994335129,1058928.517545354
2025-04-29T13:50:00.000+0000,714980.9450631449,368236.8994335129,1060343.6202635719
2025-04-29T14:00:00.000+0000,714950.6458818968,368236.8994335129,1059101.2098250357
2025-04-29T14:10:00.000+0000,715597.7898722009,368236.8994335129,1060453.4532354488
2025-04-29T14:20:00.000+0000,714408.0471883928,368236.8994335129,1058711.887210158
2025-04-29T14:30:00.000+0000,714487.1471377689,368236.8994335129,1058515.441826939
2025-04-29T14:40:00.000+0000,717325.277415689,368236.8994335129,1063115.9271916188
2025-04-29T14:50:00.000+0000,716563.183818697,368236.8994335129,1062717.848332085
2025-04-29T15:00:00.000+0000,715370.8943339608,368236.8994335129,1063280.9310133853
2025-04-29T15:10:00.000+0000,715250.394251209,368236.8994335129,1061344.7384015915
2025-04-29T15:20:00.000+0000,715352.3927470809,368236.8994335129,1060935.7004283494
2025-04-29T15:30:00.000+0000,716335.8314062488,368236.8994335129,1060403.04486637
2025-04-29T15:40:00.000+0000,717633.1230619929,368236.8994335129,1062336.6234665043
2025-04-29T15:50:00.000+0000,717616.4716338008,368236.8994335129,1061818.4756472965
2025-04-29T16:00:00.000+0000,716665.1823145689,368236.8994335129,1062196.5309033305
2025-04-29T16:10:00.000+0000,716770.8811278169,368236.8994335129,1063169.668960099
2025-04-29T16:20:00.000+0000,717302.3788691929,368236.8994335129,1065278.3490762045
2025-04-29T16:30:00.000+0000,719094.1650925529,368236.8994335129,1067054.0197266126
2025-04-29T16:40:00.000+0000,718286.971044809,368236.8994335129,1068125.6421856007
2025-04-29T16:50:00.000+0000,717164.5307160089,368236.8994335129,1063470.12106303
2025-04-29T17:00:00.000+0000,715976.6381908889,368236.8994335129,1059802.4762174138
2025-04-29T17:10:00.000+0000,716108.9358680089,368236.8994335129,1061754.6343155266
2025-04-29T17:20:00.000+0000,717310.4761461848,368236.8994335129,1066040.882164482
2025-04-29T17:30:00.000+0000,716782.6787221848,368236.8994335129,1065145.9411970591
2025-04-29T17:40:00.000+0000,716812.9779034329,368236.8994335129,1065594.6573112183
2025-04-29T17:50:00.000+0000,717144.8756126808,368236.8994335129,1067059.3994400506
2025-04-29T18:00:00.000+0000,716462.578607305,368236.8994335129,1065631.3960606449
2025-04-29T18:10:00.000+0000,716607.8273952409,368236.8994335129,1065890.1038553312
2025-04-29T18:20:00.000+0000,716754.926341865,368236.8994335129,1067553.0522675281
2025-04-29T18:30:00.000+0000,718238.170276681,368236.8994335129,1069461.562571055
2025-04-29T18:40:00.000+0000,719209.8113414809,368236.8994335129,1069373.9196203179
2025-04-29T18:50:00.000+0000,720145.6027489689,368236.8994335129,1069674.60356889
2025-04-29T19:00:00.000+0000,719517.6569877849,368236.8994335129,1070432.046426583
2025-04-29T19:10:00.000+0000,718642.463942793,368236.8994335129,1069331.5173175714
2025-04-29T19:20:00.000+0000,719125.1609160409,368236.8994335129,1069791.723237216
2025-04-29T19:30:00.000+0000,718849.464609673,368236.8994335129,1068450.0637127408
2025-04-29T19:40:00.000+0000,718766.6643429208,368236.8994335129,1067762.5776267601
2025-04-29T19:50:00.000+0000,718806.9109598489,368236.8994335129,1068224.0711147687
2025-04-29T20:00:00.000+0000,717397.673372553,368236.8994335129,1066521.6335169787
2025-04-29T20:10:00.000+0000,717324.1238992409,368236.8994335129,1064431.8030828487
2025-04-29T20:20:00.000+0000,717720.3202883608,368236.8994335129,1063662.0620854176
2025-04-29T20:30:00.000+0000,718593.6631746648,368236.8994335129,1061709.5654703046
2025-04-29T20:40:00.000+0000,719159.1604146649,368236.8994335129,1062217.4724725366
2025-04-29T20:50:00.000+0000,719049.7612840409,368236.8994335129,1062278.1870672181
2025-04-29T21:00:00.000+0000,718836.5134988569,368236.8994335129,1061614.410952958
2025-04-29T21:10:00.000+0000,715998.383220937,368236.8994335129,1054912.2976222448
2025-04-29T21:20:00.000+0000,714304.8951760728,368236.8994335129,1050721.9295449904
2025-04-29T21:30:00.000+0000,714838.939718377,368236.8994335129,1052102.504950182
2025-04-29T21:40:00.000+0000,713229.6452247449,368236.8994335129,1054174.0831531081
2025-04-29T21:50:00.000+0000,713055.9474142488,368236.8994335129,1054278.1032872063
2025-04-29T22:00:00.000+0000,712499.0043254489,368236.8994335129,1052398.3345291973
2025-04-29T22:10:00.000+0000,711961.2594657689,368236.8994335129,1052291.7537280493
2025-04-29T22:20:00.000+0000,710569.3699489048,368236.8994335129,1050641.6395131215
2025-04-29T22:30:00.000+0000,710350.5716876568,368236.8994335129,1050953.6964187452
2025-04-29T22:40:00.000+0000,710365.3729571609,368236.8994335129,1049928.6241399872
2025-04-29T22:50:00.000+0000,711008.1199878489,368236.8994335129,1050436.7825460755
2025-04-29T23:00:00.000+0000,708650.1398822488,368236.8994335129,1046888.529921209
2025-04-29T23:10:00.000+0000,706768.1527573849,368236.8994335129,1044291.7565424645
2025-04-29T23:20:00.000+0000,707109.301260073,368236.8994335129,1044547.6994313059
2025-04-29T23:30:00.000+0000,709231.1350339929,368236.8994335129,1047301.070932461
2025-04-29T23:40:00.000+0000,711017.370781289,368236.8994335129,1048751.32304337
2025-04-29T23:50:00.000+0000,712384.511592969,368236.8994335129,1052330.26892045
2025-04-30T00:00:00.000+0000,711756.5658317847,368236.8994335129,1051486.3841216746
2025-04-30T00:10:00.000+0000,712736.7610477848,368236.8994335129,1053762.0704279728
2025-04-30T00:20:00.000+0000,712712.0123426009,368236.8994335129,1053909.2843237321
2025-04-30T00:30:00.000+0000,712140.9646265368,368236.8994335129,1053465.9731241972
2025-04-30T00:40:00.000+0000,712908.608699593,368236.8994335129,1055120.3641647778
2025-04-30T00:50:00.000+0000,712110.6654452889,368236.8994335129,1054395.48000236
2025-04-30T01:00:00.000+0000,710801.5761951769,368236.8994335129,1053769.277246117
2025-04-30T01:10:00.000+0000,709313.935300745,368236.8994335129,1051676.3991215522
2025-04-30T01:20:00.000+0000,710341.7777684248,368236.8994335129,1053174.7023237736
2025-04-30T01:30:00.000+0000,710160.6793231769,368236.8994335129,1051547.0166560318
2025-04-30T01:40:00.000+0000,708650.1398822488,368236.8994335129,1048175.901961315
2025-04-30T01:50:00.000+0000,709708.281531177,368236.8994335129,1048423.451769253
2025-04-30T02:00:00.000+0000,710111.878555049,368236.8994335129,1051825.6293188408
2025-04-30T02:10:00.000+0000,710660.7243668569,368236.8994335129,1052540.935470105
2025-04-30T02:20:00.000+0000,711505.6182306008,368236.8994335129,1053245.422688196
2025-04-30T02:30:00.000+0000,711270.168541161,368236.8994335129,1052567.1836084253
2025-04-30T02:40:00.000+0000,712337.5609835288,368236.8994335129,1054583.7094374807
2025-04-30T02:50:00.000+0000,712339.4111422169,368236.8994335129,1056416.174876841
2025-04-30T03:00:00.000+0000,711739.9144035929,368236.8994335129,1054884.56304252
2025-04-30T03:10:00.000+0000,711361.0660849048,368236.8994335129,1053724.6029096637
2025-04-30T03:20:00.000+0000,711000.7193530968,368236.8994335129,1057491.880117621
2025-04-30T03:30:00.000+0000,711296.7674050329,368236.8994335129,1057684.8216668968
2025-04-30T03:40:00.000+0000,712139.8111100891,368236.8994335129,1057664.8591615614
2025-04-30T03:50:00.000+0000,712733.7573726489,368236.8994335129,1059159.1763534928
2025-04-30T04:00:00.000+0000,712715.2557857689,368236.8994335129,1060236.3345443592
2025-04-30T04:10:00.000+0000,712783.2547830169,368236.8994335129,1059992.225862474
2025-04-30T04:20:00.000+0000,713332.1005948249,368236.8994335129,1060241.227010772
2025-04-30T04:30:00.000+0000,712650.9571058969,368236.8994335129,1059694.7372612106
2025-04-30T04:40:00.000+0000,713235.652575017,368236.8994335129,1059258.468052532
2025-04-30T04:50:00.000+0000,713678.7995735769,368236.8994335129,1060118.2757245265
2025-04-30T05:00:00.000+0000,714001.446489385,368236.8994335129,1059084.699937478
2025-04-30T05:10:00.000+0000,713420.4513376409,368236.8994335129,1058595.6739443785
2025-04-30T05:20:00.000+0000,712905.6050244569,368236.8994335129,1058433.187935063
2025-04-30T05:30:00.000+0000,712973.604021705,368236.8994335129,1058711.6888379757
2025-04-30T05:40:00.000+0000,712009.3635916568,368236.8994335129,1057434.9821182624
2025-04-30T05:50:00.000+0000,711969.8136169689,368236.8994335129,1057838.8824007823
2025-04-30T06:00:00.000+0000,711262.7679064089,368236.8994335129,1057187.668448569
2025-04-30T06:10:00.000+0000,711474.1655329049,368236.8994335129,1057535.761609074
2025-04-30T06:20:00.000+0000,711715.8623406489,368236.8994335129,1059181.6662939189
2025-04-30T06:30:00.000+0000,711361.7627271449,368236.8994335129,1058702.3145468996
2025-04-30T06:40:00.000+0000,711039.1158113369,368236.8994335129,1057759.5352585893
2025-04-30T06:50:00.000+0000,710895.7171820889,368236.8994335129,1057298.4663097148
2025-04-30T07:00:00.000+0000,709460.577373161,368236.8994335129,1056401.5918255853
2025-04-30T07:10:00.000+0000,709336.3769730328,368236.8994335129,1057060.7984476038
2025-04-30T07:20:00.000+0000,709914.825323849,368236.8994335129,1056857.4432054327
2025-04-30T07:30:00.000+0000,708302.2873870488,368236.8994335129,1054357.4378288058
2025-04-30T07:40:00.000+0000,706716.348314121,368236.8994335129,1052168.98895575
2025-04-30T07:50:00.000+0000,706425.8507382489,368236.8994335129,1051972.7955129626
2025-04-30T08:00:00.000+0000,706822.0471273689,368236.8994335129,1052348.917529507
2025-04-30T08:10:00.000+0000,707783.7407564889,368236.8994335129,1054117.8388735068
2025-04-30T08:20:00.000+0000,707394.945002121,368236.8994335129,1053618.7819451971
2025-04-30T08:30:00.000+0000,706834.998238185,368236.8994335129,1053848.3006182048
2025-04-30T08:40:00.000+0000,707569.3394548569,368236.8994335129,1054394.7222762622
2025-04-30T08:50:00.000+0000,708087.8860854169,368236.8994335129,1054277.2804475576
2025-04-30T09:00:00.000+0000,708319.635457481,368236.8994335129,1055735.319084675
2025-04-30T09:10:00.000+0000,708438.2853815448,368236.8994335129,1055790.0849536452
2025-04-30T09:20:00.000+0000,709471.6783252889,368236.8994335129,1056348.5598043483
2025-04-30T09:30:00.000+0000,710690.566673897,368236.8994335129,1058043.189135695
2025-04-30T09:40:00.000+0000,711366.159686761,368236.8994335129,1058451.2571311314
2025-04-30T09:50:00.000+0000,711225.3078584408,368236.8994335129,1058434.0667843386
2025-04-30T10:00:00.000+0000,710793.2618120089,368236.8994335129,1057516.7728375727
2025-04-30T10:10:00.000+0000,710966.9596225049,368236.8994335129,1058180.0831321075
2025-04-30T10:20:00.000+0000,710434.7652388889,368236.8994335129,1058325.5846431511
2025-04-30T10:30:00.000+0000,710648.0130240729,368236.8994335129,1058008.118807516
2025-04-30T10:40:00.000+0000,711202.409311945,368236.8994335129,1059475.482996639
2025-04-30T10:50:00.000+0000,712120.8526490008,368236.8994335129,1059934.041662978
2025-04-30T11:00:00.000+0000,712647.496556553,368236.8994335129,1060400.110545558
2025-04-30T11:10:00.000+0000,713377.4408136088,368236.8994335129,1060218.925489094
2025-04-30T11:20:00.000+0000,714239.682747785,368236.8994335129,1060706.8686534818
2025-04-30T11:30:00.000+0000,713640.1860091609,368236.8994335129,1061297.4076818784
2025-04-30T11:40:00.000+0000,713179.6909401689,368236.8994335129,1061594.7877426979
2025-04-30T11:50:00.000+0000,713647.586643913,368236.8994335129,1062296.4532136656
2025-04-30T12:00:00.000+0000,714090.7336424729,368236.8994335129,1061942.9462939708
2025-04-30T12:10:00.000+0000,712972.690273289,368236.8994335129,1059490.5460422223
2025-04-30T12:20:00.000+0000,711129.5564808728,368236.8994335129,1056031.9357942843
2025-04-30T12:30:00.000+0000,707806.182428777,368236.8994335129,1048231.0103269541
2025-04-30T12:40:00.000+0000,703806.0618473688,368236.8994335129,1043543.621977069
2025-04-30T12:50:00.000+0000,705128.1022082969,368236.8994335129,1045184.449514922
2025-04-30T13:00:00.000+0000,702584.1698236249,368236.8994335129,1040715.4148936742
2025-04-30T13:10:00.000+0000,700417.235598953,368236.8994335129,1036597.6910213325
2025-04-30T13:20:00.000+0000,701927.7750398808,368236.8994335129,1037201.5381153552
2025-04-30T13:30:00.000+0000,699930.141666089,368236.8994335129,1035231.1768201852
2025-04-30T13:40:00.000+0000,697099.4120229209,368236.8994335129,1028877.9746604462
2025-04-30T13:50:00.000+0000,694583.2320185689,368236.8994335129,1023348.4630378005
2025-04-30T14:00:00.000+0000,695935.5715607449,368236.8994335129,1025279.4876691476
2025-04-30T14:10:00.000+0000,696345.4157029209,368236.8994335129,1026208.8543667747
2025-04-30T14:20:00.000+0000,697622.355613097,368236.8994335129,1028961.2277467015
2025-04-30T14:30:00.000+0000,699050.5516614808,368236.8994335129,1033397.194926914
2025-04-30T14:40:00.000+0000,698219.7624250009,368236.8994335129,1032165.211041225
2025-04-30T14:50:00.000+0000,697435.466923753,368236.8994335129,1029810.8596974122
2025-04-30T15:00:00.000+0000,699766.8481654809,368236.8994335129,1033921.8578369468
2025-04-30T15:10:00.000+0000,700681.5911851609,368236.8994335129,1034963.5953958335
2025-04-30T15:20:00.000+0000,700157.4940785369,368236.8994335129,1033115.745287087
2025-04-30T15:30:00.000+0000,700959.1376502169,368236.8994335129,1034160.421423672
2025-04-30T15:40:00.000+0000,700734.788912905,368236.8994335129,1035768.8816450925
2025-04-30T15:50:00.000+0000,699637.0972892889,368236.8994335129,1035062.0926758635
2025-04-30T16:00:00.000+0000,698607.4046629209,368236.8994335129,1032342.818564987
2025-04-30T16:10:00.000+0000,697019.6154313049,368236.8994335129,1030619.931769271
2025-04-30T16:20:00.000+0000,696693.2681981209,368236.8994335129,1030854.7122341322
2025-04-30T16:30:00.000+0000,698203.8076390489,368236.8994335129,1032858.304688757
2025-04-30T16:40:00.000+0000,700687.8383034649,368236.8994335129,1037196.4854093335
2025-04-30T16:50:00.000+0000,700612.438671465,368236.8994335129,1036594.7677628226
2025-04-30T17:00:00.000+0000,699146.999681289,368236.8994335129,1035912.2502655312
2025-04-30T17:10:00.000+0000,698664.3027080409,368236.8994335129,1035185.0021628013
2025-04-30T17:20:00.000+0000,698881.2508106009,368236.8994335129,1036179.5382273607
2025-04-30T17:30:00.000+0000,699788.593195529,368236.8994335129,1039183.1448412107
2025-04-30T17:40:00.000+0000,700712.5870086489,368236.8994335129,1041971.1910707664
2025-04-30T17:50:00.000+0000,701493.8788347609,368236.8994335129,1043745.2077874638
2025-04-30T18:00:00.000+0000,701275.0805735129,368236.8994335129,1043316.0971587163
2025-04-30T18:10:00.000+0000,703425.3633699929,368236.8994335129,1048676.7642898138
2025-04-30T18:20:00.000+0000,702214.5722983768,368236.8994335129,1046174.0969405319
2025-04-30T18:30:00.000+0000,701852.3754078809,368236.8994335129,1045602.5024608101
2025-04-30T18:40:00.000+0000,701628.026670569,368236.8994335129,1044709.2082101176
2025-04-30T18:50:00.000+0000,701733.7254838169,368236.8994335129,1046924.5540942133
2025-04-30T19:00:00.000+0000,700162.5876803928,368236.8994335129,1047310.3455276587
2025-04-30T19:10:00.000+0000,699355.393632649,368236.8994335129,1045912.8523474724
2025-04-30T19:20:00.000+0000,697744.7058545368,368236.8994335129,1042673.8514970859
2025-04-30T19:30:00.000+0000,697855.955143849,368236.8994335129,1043004.2129053713
2025-04-30T19:40:00.000+0000,698723.747554089,368236.8994335129,1044539.658505429
2025-04-30T19:50:00.000+0000,699038.9938351449,368236.8994335129,1048202.6724834222
2025-04-30T20:00:00.000+0000,699006.8444952089,368236.8994335129,1048307.3074444873
2025-04-30T20:10:00.000+0000,701288.7283265688,368236.8994335129,1054729.226509212
2025-04-30T20:20:00.000+0000,702469.9168591769,368236.8994335129,1056425.6556156354
2025-04-30T20:30:00.000+0000,703328.915350185,368236.8994335129,1055640.1696915831
2025-04-30T20:40:00.000+0000,702482.171327753,368236.8994335129,1055192.867116004
2025-04-30T20:50:00.000+0000,702276.3241773208,368236.8994335129,1054568.232548555
2025-04-30T21:00:00.000+0000,702091.5254146969,368236.8994335129,1054776.5512730193
2025-04-30T21:10:00.000+0000,702374.6223558169,368236.8994335129,1053653.1060925797
2025-04-30T21:20:00.000+0000,702800.421283945,368236.8994335129,1054856.318956819
2025-04-30T21:30:00.000+0000,701880.1277882009,368236.8994335129,1053832.4860260712
2025-04-30T21:40:00.000+0000,701957.377578889,368236.8994335129,1053780.3829614075
2025-04-30T21:50:00.000+0000,699929.445023849,368236.8994335129,1051920.2421892614
2025-04-30T22:00:00.000+0000,700847.888360905,368236.8994335129,1054210.046782382
2025-04-30T22:10:00.000+0000,701245.9349087129,368236.8994335129,1055080.1068166539
2025-04-30T22:20:00.000+0000,701922.681438025,368236.8994335129,1053995.6766940928
2025-04-30T22:30:00.000+0000,701475.8341220889,368236.8994335129,1052757.9507271468
2025-04-30T22:40:00.000+0000,701085.1882090329,368236.8994335129,1051198.3349786147
2025-04-30T22:50:00.000+0000,700688.9918199129,368236.8994335129,1051536.853347418
2025-04-30T23:00:00.000+0000,700534.4922385368,368236.8994335129,1052683.110109946
2025-04-30T23:10:00.000+0000,701424.4865530329,368236.8994335129,1055295.8931978364
2025-04-30T23:20:00.000+0000,701426.3367117209,368236.8994335129,1054869.4357150374
2025-04-30T23:30:00.000+0000,701711.2838115289,368236.8994335129,1055715.7927352106
2025-04-30T23:40:00.000+0000,701833.6340529689,368236.8994335129,1054728.6588830242
2025-04-30T23:50:00.000+0000,702274.9308928408,368236.8994335129,1054474.6907736217
2025-05-01T00:00:00.000+0000,702057.9827902808,368236.8994335129,1054688.4634647164
2025-05-01T00:10:00.000+0000,702434.9809502808,368236.8994335129,1055962.2157866857
2025-05-01T00:20:00.000+0000,702365.131794345,368236.8994335129,1056295.9663267832
2025-05-01T00:30:00.000+0000,701558.6343888409,368236.8994335129,1055066.4431350492
2025-05-01T00:40:00.000+0000,701888.6819394007,368236.8994335129,1056107.8866769793
2025-05-01T00:50:00.000+0000,703363.371723017,368236.8994335129,1056379.681145942
2025-05-01T01:00:00.000+0000,704120.6114861849,368236.8994335129,1057734.1874682799
2025-05-01T01:10:00.000+0000,704867.2071714329,368236.8994335129,1058946.1174607452
2025-05-01T01:20:00.000+0000,704027.8637837529,368236.8994335129,1060019.3802154174
2025-05-01T01:30:00.000+0000,704016.762831625,368236.8994335129,1060754.4307001196
2025-05-01T01:40:00.000+0000,703137.869469257,368236.8994335129,1059990.663093011
2025-05-01T01:50:00.000+0000,703179.2696026328,368236.8994335129,1060866.4456324656
2025-05-01T02:00:00.000+0000,703364.068365257,368236.8994335129,1062519.9650586094
2025-05-01T02:10:00.000+0000,703030.3204973208,368236.8994335129,1063677.175032516
2025-05-01T02:20:00.000+0000,702894.322502825,368236.8994335129,1064772.3045747986
2025-05-01T02:30:00.000+0000,703403.618339945,368236.8994335129,1065466.4641042694
2025-05-01T02:40:00.000+0000,703182.9699200089,368236.8994335129,1064637.5539232828
2025-05-01T02:50:00.000+0000,702490.725478953,368236.8994335129,1062733.9583094022
2025-05-01T03:00:00.000+0000,703000.0213160729,368236.8994335129,1063226.293815367
2025-05-01T03:10:00.000+0000,700710.7368499609,368236.8994335129,1062074.2400529645
2025-05-01T03:20:00.000+0000,700861.5361139609,368236.8994335129,1062785.575736767
2025-05-01T03:30:00.000+0000,701044.4847178969,368236.8994335129,1062185.8888614636
2025-05-01T03:40:00.000+0000,699801.544306345,368236.8994335129,1062519.7492923725
2025-05-01T03:50:00.000+0000,699428.2464637209,368236.8994335129,1062190.0863453872
2025-05-01T04:00:00.000+0000,699566.0946169051,368236.8994335129,1061745.5559104916
2025-05-01T04:10:00.000+0000,700086.491406153,368236.8994335129,1060837.4722413062
2025-05-01T04:20:00.000+0000,700310.840143465,368236.8994335129,1060705.1120816572
2025-05-01T04:30:00.000+0000,700274.9904861529,368236.8994335129,1060606.3065743512
2025-05-01T04:40:00.000+0000,700395.4905689051,368236.8994335129,1061479.738310662
2025-05-01T04:50:00.000+0000,700587.6899662808,368236.8994335129,1061913.6899302984
2025-05-01T05:00:00.000+0000,700320.090936905,368236.8994335129,1061400.6551372013
2025-05-01T05:10:00.000+0000,700787.9866406489,368236.8994335129,1062739.342852019
2025-05-01T05:20:00.000+0000,700936.935745961,368236.8994335129,1062640.188650638
2025-05-01T05:30:00.000+0000,700734.788912905,368236.8994335129,1062729.0658429894
2025-05-01T05:40:00.000+0000,701566.7316658329,368236.8994335129,1064404.912510714
2025-05-01T05:50:00.000+0000,701550.0802376409,368236.8994335129,1064941.6108885447
2025-05-01T06:00:00.000+0000,700414.688798025,368236.8994335129,1064563.8043534898
2025-05-01T06:10:00.000+0000,699831.8434875929,368236.8994335129,1063361.3781189865
2025-05-01T06:20:00.000+0000,700301.589350025,368236.8994335129,1063368.737181684
2025-05-01T06:30:00.000+0000,700073.540295337,368236.8994335129,1062848.0251987563
2025-05-01T06:40:00.000+0000,699715.043722217,368236.8994335129,1061373.7010433837
2025-05-01T06:50:00.000+0000,699935.6921421529,368236.8994335129,1062298.742954362
2025-05-01T07:00:00.000+0000,699775.6420847129,368236.8994335129,1061005.1525054057
2025-05-01T07:10:00.000+0000,700252.7885818969,368236.8994335129,1062772.6844210022
2025-05-01T07:20:00.000+0000,700328.1882138969,368236.8994335129,1063095.564015827
2025-05-01T07:30:00.000+0000,700988.283315017,368236.8994335129,1064681.553613537
2025-05-01T07:40:00.000+0000,701276.9307322009,368236.8994335129,1066278.421927934
2025-05-01T07:50:00.000+0000,701318.3308655769,368236.8994335129,1066686.1594728604
2025-05-01T08:00:00.000+0000,700503.7361830808,368236.8994335129,1065883.6523397658
2025-05-01T08:10:00.000+0000,700613.135313705,368236.8994335129,1066678.3890081975
2025-05-01T08:20:00.000+0000,701854.2255665689,368236.8994335129,1069769.9417115236
2025-05-01T08:30:00.000+0000,702289.9719303768,368236.8994335129,1069677.7188142533
2025-05-01T08:40:00.000+0000,702169.4718476249,368236.8994335129,1069511.0974923298
2025-05-01T08:50:00.000+0000,702608.9185288087,368236.8994335129,1070069.5565229869
2025-05-01T09:00:00.000+0000,703337.0126271769,368236.8994335129,1069766.4499237393
2025-05-01T09:10:00.000+0000,703712.1606284889,368236.8994335129,1069502.1715733476
2025-05-01T09:20:00.000+0000,704557.054492233,368236.8994335129,1071307.0401899999
2025-05-01T09:30:00.000+0000,705324.6985652889,368236.8994335129,1071655.536185122
2025-05-01T09:40:00.000+0000,705377.1996507929,368236.8994335129,1074192.9742205138
2025-05-01T09:50:00.000+0000,705675.0978614169,368236.8994335129,1073433.920543068
2025-05-01T10:00:00.000+0000,705733.1494229849,368236.8994335129,1074357.843987715
2025-05-01T10:10:00.000+0000,705234.954537993,368236.8994335129,1074507.8589813726
2025-05-01T10:20:00.000+0000,706780.1901197848,368236.8994335129,1079973.7573975795
2025-05-01T10:30:00.000+0000,705667.6972266649,368236.8994335129,1079806.0152215231
2025-05-01T10:40:00.000+0000,704747.403730921,368236.8994335129,1078717.4339841662
2025-05-01T10:50:00.000+0000,705400.0981972889,368236.8994335129,1080422.6592654688
2025-05-01T11:00:00.000+0000,706118.9415022167,368236.8994335129,1083041.3720752895
2025-05-01T11:10:00.000+0000,706090.4924796568,368236.8994335129,1082467.0172416845
2025-05-01T11:20:00.000+0000,704310.503850665,368236.8994335129,1079479.246665127
2025-05-01T11:30:00.000+0000,704770.3022774169,368236.8994335129,1080370.6066031787
2025-05-01T11:40:00.000+0000,704913.7009066648,368236.8994335129,1081808.019133205
2025-05-01T11:50:00.000+0000,705577.496325161,368236.8994335129,1082029.7777779829
2025-05-01T12:00:00.000+0000,705204.1984825368,368236.8994335129,1081448.3171546212
2025-05-01T12:10:00.000+0000,705924.8919461528,368236.8994335129,1081831.0716291408
2025-05-01T12:20:00.000+0000,705447.745448969,368236.8994335129,1081684.8829070223
2025-05-01T12:30:00.000+0000,704945.8502466009,368236.8994335129,1080734.2117357948
2025-05-01T12:40:00.000+0000,706411.289236777,368236.8994335129,1083523.4134018107
2025-05-01T12:50:00.000+0000,707269.8308535769,368236.8994335129,1084133.1368552959
2025-05-01T13:00:00.000+0000,707829.777617513,368236.8994335129,1083744.8890204986
2025-05-01T13:10:00.000+0000,708373.072953257,368236.8994335129,1085017.5550349453
2025-05-01T13:20:00.000+0000,711311.3515683608,368236.8994335129,1085419.8466440141
2025-05-01T13:30:00.000+0000,711134.193208521,368236.8994335129,1079494.3817818826
2025-05-01T13:40:00.000+0000,709653.256306601,368236.8994335129,1077504.042715766
2025-05-01T13:50:00.000+0000,706767.4787770009,368236.8994335129,1074699.1953181494
2025-05-01T14:00:00.000+0000,708476.4647336088,368236.8994335129,1077899.3534500024
2025-05-01T14:10:00.000+0000,709206.4089906649,368236.8994335129,1079060.2240543677
2025-05-01T14:20:00.000+0000,714262.364188105,368236.8994335129,1082646.899947171
2025-05-01T14:30:00.000+0000,715143.8043514008,368236.8994335129,1081609.9213724253
2025-05-01T14:40:00.000+0000,717406.033079433,368236.8994335129,1083049.319672758
2025-05-01T14:50:00.000+0000,717192.785294249,368236.8994335129,1085103.6340716332
2025-05-01T15:00:00.000+0000,717347.2848756248,368236.8994335129,1087671.3855616474
2025-05-01T15:10:00.000+0000,718684.8231482969,368236.8994335129,1092942.7512206174
2025-05-01T15:20:00.000+0000,716522.7427574487,368236.8994335129,1091544.6611619527
2025-05-01T15:30:00.000+0000,716153.145232201,368236.8994335129,1089949.4537746056
2025-05-01T15:40:00.000+0000,714921.305772777,368236.8994335129,1088148.6242177766
2025-05-01T15:50:00.000+0000,714397.208666153,368236.8994335129,1085754.3859244317
2025-05-01T16:00:00.000+0000,716281.7425919449,368236.8994335129,1087475.1122226964
2025-05-01T16:10:00.000+0000,716198.942325193,368236.8994335129,1086614.2922370126
2025-05-01T16:20:00.000+0000,716433.2384981848,368236.8994335129,1087529.1758564794
2025-05-01T16:30:00.000+0000,716349.7415891929,368236.8994335129,1090913.7784503635
2025-05-01T16:40:00.000+0000,715795.3453013209,368236.8994335129,1090592.1612405751
2025-05-01T16:50:00.000+0000,713301.3672012249,368236.8994335129,1087655.172391782
2025-05-01T17:00:00.000+0000,714312.558240713,368236.8994335129,1087221.4574291075
2025-05-01T17:10:00.000+0000,715400.9990708889,368236.8994335129,1088874.2681990177
2025-05-01T17:20:00.000+0000,715382.4974840088,368236.8994335129,1087009.4258205849
2025-05-01T17:30:00.000+0000,713662.410575273,368236.8994335129,1084272.9173994476
2025-05-01T17:40:00.000+0000,711923.125437417,368236.8994335129,1082117.0320508457
2025-05-01T17:50:00.000+0000,712709.2710973527,368236.8994335129,1084095.764463044
2025-05-01T18:00:00.000+0000,712143.7738573528,368236.8994335129,1083949.0493417524
2025-05-01T18:10:00.000+0000,711238.2816311128,368236.8994335129,1080662.0742825463
2025-05-01T18:20:00.000+0000,712062.8237492889,368236.8994335129,1080198.5258774355
2025-05-01T18:30:00.000+0000,711913.8746439769,368236.8994335129,1080703.8255841306
2025-05-01T18:40:00.000+0000,712170.3727212249,368236.8994335129,1082887.61918431
2025-05-01T18:50:00.000+0000,713298.3635260889,368236.8994335129,1084454.4484671087
2025-05-01T19:00:00.000+0000,711695.0763827289,368236.8994335129,1081947.5889996574
2025-05-01T19:10:00.000+0000,711149.9308882969,368236.8994335129,1080347.4736209274
2025-05-01T19:20:00.000+0000,712222.8738067289,368236.8994335129,1080973.330088756
2025-05-01T19:30:00.000+0000,713130.2161916569,368236.8994335129,1081659.323813144
2025-05-01T19:40:00.000+0000,712289.0226452888,368236.8994335129,1080517.5569596284
2025-05-01T19:50:00.000+0000,711849.575964105,368236.8994335129,1078890.497386938
2025-05-01T20:00:00.000+0000,710879.7850579929,368236.8994335129,1076905.7990964733
2025-05-01T20:10:00.000+0000,711279.681764489,368236.8994335129,1078674.3229537513
2025-05-01T20:20:00.000+0000,712886.669225225,368236.8994335129,1080858.4017263222
2025-05-01T20:30:00.000+0000,711462.630368425,368236.8994335129,1078138.553255277
2025-05-01T20:40:00.000+0000,711430.481028489,368236.8994335129,1077907.0466656615
2025-05-01T20:50:00.000+0000,711756.8282616729,368236.8994335129,1077242.4898239952
2025-05-01T21:00:00.000+0000,712165.9757616089,368236.8994335129,1078244.8097676034
2025-05-01T21:10:00.000+0000,712384.774022857,368236.8994335129,1080892.4557254256
2025-05-01T21:20:00.000+0000,712086.8758122327,368236.8994335129,1080399.0550977383
2025-05-01T21:30:00.000+0000,711590.5310859289,368236.8994335129,1079145.7318967632
2025-05-01T21:40:00.000+0000,712073.2280591768,368236.8994335129,1080636.088279591
2025-05-01T21:50:00.000+0000,712197.4284593049,368236.8994335129,1079883.656104971
2025-05-01T22:00:00.000+0000,711290.086074377,368236.8994335129,1078665.3163783895
2025-05-01T22:10:00.000+0000,711880.332019561,368236.8994335129,1080174.5151904947
2025-05-01T22:20:00.000+0000,712553.378231497,368236.8994335129,1079556.7036460708
2025-05-01T22:30:00.000+0000,712581.8272540569,368236.8994335129,1077568.4205702068
2025-05-01T22:40:00.000+0000,713028.6745699928,368236.8994335129,1077550.1273177704
2025-05-01T22:50:00.000+0000,713634.4184269208,368236.8994335129,1077566.475007341
2025-05-01T23:00:00.000+0000,712312.3780659928,368236.8994335129,1076463.5219330033
2025-05-01T23:10:00.000+0000,712314.228224681,368236.8994335129,1076545.5227755792
2025-05-01T23:20:00.000+0000,712423.6273553049,368236.8994335129,1078867.7067491505
2025-05-01T23:30:00.000+0000,709413.6494255769,368236.8994335129,1076654.465647955
2025-05-01T23:40:00.000+0000,708828.9539564569,368236.8994335129,1077056.015109473
2025-05-01T23:50:00.000+0000,709975.4463482009,368236.8994335129,1078767.314290769
2025-05-02T00:00:00.000+0000,710712.791240009,368236.8994335129,1078958.9596686147
2025-05-02T00:10:00.000+0000,712827.2243791769,368236.8994335129,1079220.3500851812
2025-05-02T00:20:00.000+0000,718271.518456777,368236.8994335129,1080834.4773565915
2025-05-02T00:30:00.000+0000,722892.8808068569,368236.8994335129,1081835.7356572882
2025-05-02T00:40:00.000+0000,724459.164776457,368236.8994335129,1081897.143884091
2025-05-02T00:50:00.000+0000,727689.334251913,368236.8994335129,1083481.460213516
2025-05-02T01:00:00.000+0000,731632.0999139928,368236.8994335129,1084551.1003810088
2025-05-02T01:10:00.000+0000,736298.8024828569,368236.8994335129,1083164.523978648
2025-05-02T01:20:00.000+0000,739161.2245917529,368236.8994335129,1083183.8140019448
2025-05-02T01:30:00.000+0000,735663.4560869208,368236.8994335129,1081517.296883753
2025-05-02T01:40:00.000+0000,733090.378037449,368236.8994335129,1079631.4839610406
2025-05-02T01:50:00.000+0000,736367.4981223448,368236.8994335129,1080396.661091343
2025-05-02T02:00:00.000+0000,738269.3801185689,368236.8994335129,1079251.230128558
2025-05-02T02:10:00.000+0000,736299.499125097,368236.8994335129,1079649.4842696714
2025-05-02T02:20:00.000+0000,735541.1058454809,368236.8994335129,1081155.0554239189
2025-05-02T02:30:00.000+0000,735861.2059603609,368236.8994335129,1082654.3441467753
2025-05-02T02:40:00.000+0000,735857.5056429849,368236.8994335129,1081928.4369570184
2025-05-02T02:50:00.000+0000,737868.7867698328,368236.8994335129,1082520.2284527349
2025-05-02T03:00:00.000+0000,736774.0988213529,368236.8994335129,1082363.2264046976
2025-05-02T03:10:00.000+0000,736536.7989732248,368236.8994335129,1081553.351087123
2025-05-02T03:20:00.000+0000,735295.7087203609,368236.8994335129,1081032.2121415418
2025-05-02T03:30:00.000+0000,735554.0569562968,368236.8994335129,1082811.6294624018
2025-05-02T03:40:00.000+0000,735020.012413993,368236.8994335129,1083177.9038382298
2025-05-02T03:50:00.000+0000,735561.4575910489,368236.8994335129,1083573.6530625615
2025-05-02T04:00:00.000+0000,737217.9424621528,368236.8994335129,1082988.9863782413
2025-05-02T04:10:00.000+0000,735191.860065801,368236.8994335129,1082608.2377688186
2025-05-02T04:20:00.000+0000,735523.7577750488,368236.8994335129,1083359.7388584223
2025-05-02T04:30:00.000+0000,730318.8534722968,368236.8994335129,1081373.3161192238
2025-05-02T04:40:00.000+0000,728975.7647235609,368236.8994335129,1079997.086132047
2025-05-02T04:50:00.000+0000,729266.2622994329,368236.8994335129,1080190.1716000275
2025-05-02T05:00:00.000+0000,729558.6100339928,368236.8994335129,1080340.0209526047
2025-05-02T05:10:00.000+0000,725881.1363683929,368236.8994335129,1077931.9246208593
2025-05-02T05:20:00.000+0000,724855.144059401,368236.8994335129,1077281.177561522
2025-05-02T05:30:00.000+0000,725617.2376563929,368236.8994335129,1077618.4935881617
2025-05-02T05:40:00.000+0000,725990.5354990169,368236.8994335129,1078081.6399724477
2025-05-02T05:50:00.000+0000,724473.748939785,368236.8994335129,1075928.0898841603
2025-05-02T06:00:00.000+0000,724509.5985970969,368236.8994335129,1074731.6308782916
2025-05-02T06:10:00.000+0000,727100.0247170009,368236.8994335129,1075220.474319255
2025-05-02T06:20:00.000+0000,726646.9302827609,335662.6515833208,1074364.8595792218
2025-05-02T06:30:00.000+0000,726465.4410377208,335662.6515833208,1075506.5830058446
2025-05-02T06:40:00.000+0000,725314.3266665208,335662.6515833208,1073066.8746423866
2025-05-02T06:50:00.000+0000,725922.1520169207,335662.6515833208,1074124.4702202997
2025-05-02T07:00:00.000+0000,724780.6579433208,335662.6515833208,1071899.2630396024
2025-05-02T07:10:00.000+0000,724126.5296649208,335662.6515833208,1071365.5166359972
2025-05-02T07:20:00.000+0000,724817.3505657208,335662.6515833208,1073051.9370125853
2025-05-02T07:30:00.000+0000,723784.6813625208,335662.6515833208,1070294.5328726536
2025-05-02T07:40:00.000+0000,723137.3136713208,335662.6515833208,1069674.0277154827
2025-05-02T07:50:00.000+0000,722742.2100073209,335662.6515833208,1069660.5944934334
2025-05-02T08:00:00.000+0000,722548.4291561208,335662.6515833208,1069249.2268671305
2025-05-02T08:10:00.000+0000,723553.9720777208,335662.6515833208,1071502.860390589
2025-05-02T08:20:00.000+0000,724298.8197225208,335662.6515833208,1073257.0226058199
2025-05-02T08:30:00.000+0000,724620.4841849208,335662.6515833208,1072684.6042311573
2025-05-02T08:40:00.000+0000,725421.2010985208,335662.6515833208,1074379.1191018717
2025-05-02T08:50:00.000+0000,725048.7772761207,335662.6515833208,1073290.1843412616
2025-05-02T09:00:00.000+0000,724707.9361673207,335662.6515833208,1072460.2495232094
2025-05-02T09:10:00.000+0000,725471.9604585208,335662.6515833208,1075156.5842126966
2025-05-02T09:20:00.000+0000,725089.4447161208,335662.6515833208,1074000.443653116
2025-05-02T09:30:00.000+0000,724777.2186969208,335662.6515833208,1073986.369052545
2025-05-02T09:40:00.000+0000,724374.5730713208,335662.6515833208,1073845.6948765041
2025-05-02T09:50:00.000+0000,724877.0227897208,335662.6515833208,1073623.7089380475
2025-05-02T10:00:00.000+0000,724714.1711753209,335662.6515833208,1073831.7757220801
2025-05-02T10:10:00.000+0000,725310.7155577207,335662.6515833208,1075713.791053251
2025-05-02T10:20:00.000+0000,724956.1614281208,335662.6515833208,1075598.0490086684
2025-05-02T10:30:00.000+0000,725661.2309209208,335662.6515833208,1076678.8954368406
2025-05-02T10:40:00.000+0000,725636.0550777208,335662.6515833208,1076611.6011922176
2025-05-02T10:50:00.000+0000,725608.5650873207,335662.6515833208,1076753.0531712875
2025-05-02T11:00:00.000+0000,726067.9053209207,335662.6515833208,1078118.2462948943
2025-05-02T11:10:00.000+0000,726197.4496025208,335662.6515833208,1078377.6539012487
2025-05-02T11:20:00.000+0000,726971.0941913207,335662.6515833208,1079898.5751782728
2025-05-02T11:30:00.000+0000,726605.0232825208,335662.6515833208,1078724.7406503942
2025-05-02T11:40:00.000+0000,726650.5008713207,335662.6515833208,1078977.0936652995
2025-05-02T11:50:00.000+0000,726652.9329241208,335662.6515833208,1080030.1712086366
2025-05-02T12:00:00.000+0000,726751.3661145207,335662.6515833208,1080010.7163580519
2025-05-02T12:10:00.000+0000,725731.4566953208,335662.6515833208,1077865.7909190923
2025-05-02T12:20:00.000+0000,725856.6084937208,335662.6515833208,1077550.1350356084
2025-05-02T12:30:00.000+0000,724745.5720345208,335662.6515833208,1074384.9590277812
2025-05-02T12:40:00.000+0000,725993.2770713208,335662.6515833208,1078168.7637588507
2025-05-02T12:50:00.000+0000,727638.3459625207,335662.6515833208,1080713.6396442351
2025-05-02T13:00:00.000+0000,727151.6336441208,335662.6515833208,1080311.8956022807
2025-05-02T13:10:00.000+0000,726865.1190393209,335662.6515833208,1078253.0671842159
2025-05-02T13:20:00.000+0000,727154.0117401208,335662.6515833208,1079512.320885196
2025-05-02T13:30:00.000+0000,726168.7166073208,335662.6515833208,1077735.3018276175
2025-05-02T13:40:00.000+0000,726738.3065705209,335662.6515833208,1078427.648462702
2025-05-02T13:50:00.000+0000,726660.0572201208,335662.6515833208,1078618.6463181963
2025-05-02T14:00:00.000+0000,727465.4024281207,335662.6515833208,1080836.791413247
2025-05-02T14:10:00.000+0000,727350.9960265207,335662.6515833208,1080748.5880354433
2025-05-02T14:20:00.000+0000,728332.0165817208,335662.6515833208,1082740.407121918
2025-05-02T14:30:00.000+0000,728806.7944553208,335662.6515833208,1083412.693961449
2025-05-02T14:40:00.000+0000,728947.8555161208,335662.6515833208,1084356.35528277
2025-05-02T14:50:00.000+0000,729936.8896553208,335662.6515833208,1086515.9497772607
2025-05-02T15:00:00.000+0000,729430.2293081209,335662.6515833208,1084794.8686053744
2025-05-02T15:10:00.000+0000,728741.9583657208,335662.6515833208,1084008.2009883833
2025-05-02T15:20:00.000+0000,726167.5815161208,335662.6515833208,1078557.3002269913
2025-05-02T15:30:00.000+0000,726607.7451033208,335662.6515833208,1079737.1955176946
2025-05-02T15:40:00.000+0000,727260.7482825208,335662.6515833208,1081688.717862398
2025-05-02T15:50:00.000+0000,727207.9105865208,335662.6515833208,1080695.8593408684
2025-05-02T16:00:00.000+0000,727713.6176969208,335662.6515833208,1081826.3818904255
2025-05-02T16:10:00.000+0000,730923.6536121208,335662.6515833208,1088371.9051473597
2025-05-02T16:20:00.000+0000,730814.2392137209,335662.6515833208,1087812.454693738
2025-05-02T16:30:00.000+0000,730097.3531817207,335662.6515833208,1087273.153017898
2025-05-02T16:40:00.000+0000,729642.9410025207,335662.6515833208,1085654.778414625
2025-05-02T16:50:00.000+0000,729342.9491881208,335662.6515833208,1083452.9000755479
2025-05-02T17:00:00.000+0000,727545.1845513207,335662.6515833208,1079501.2253112625
2025-05-02T17:10:00.000+0000,727332.2270537207,335662.6515833208,1079037.531637079
2025-05-02T17:20:00.000+0000,728369.8243113207,335662.6515833208,1081635.295884354
2025-05-02T17:30:00.000+0000,728138.2796953209,335662.6515833208,1082500.3176287059
2025-05-02T17:40:00.000+0000,727692.6524825208,335662.6515833208,1080853.006121403
2025-05-02T17:50:00.000+0000,728103.5475033207,335662.6515833208,1081189.5215673451
2025-05-02T18:00:00.000+0000,728454.1807721208,335662.6515833208,1082891.6914046574
2025-05-02T18:10:00.000+0000,728656.1570617207,335662.6515833208,1083454.2565134908
2025-05-02T18:20:00.000+0000,728173.6014153208,335662.6515833208,1083283.414929976
2025-05-02T18:30:00.000+0000,728191.3532025208,335662.6515833208,1083464.4180065964
2025-05-02T18:40:00.000+0000,728478.5852329208,335662.6515833208,1083578.3468795752
2025-05-02T18:50:00.000+0000,727617.2528505208,335662.6515833208,1080565.0738267768
2025-05-02T19:00:00.000+0000,727235.9801129207,335662.6515833208,1078832.1790971593
2025-05-02T19:10:00.000+0000,726976.5378329208,335662.6515833208,1076513.5179791714
2025-05-02T19:20:00.000+0000,727500.6502073208,335662.6515833208,1077872.031756958
2025-05-02T19:30:00.000+0000,726580.6627865208,335662.6515833208,1075286.073573217
2025-05-02T19:40:00.000+0000,723445.9525625207,335662.6515833208,1072280.156345805
2025-05-02T19:50:00.000+0000,724070.3406521208,335662.6515833208,1073471.731470468
2025-05-02T20:00:00.000+0000,724075.6224233208,335662.6515833208,1072885.8943255753
2025-05-02T20:10:00.000+0000,725213.3774905207,335662.6515833208,1075026.7544125156
2025-05-02T20:20:00.000+0000,724752.1947321207,335662.6515833208,1074579.782582522
2025-05-02T20:30:00.000+0000,725575.1738217208,335662.6515833208,1075526.9767128602
2025-05-02T20:40:00.000+0000,726131.7042409207,335662.6515833208,1076098.034079759
2025-05-02T20:50:00.000+0000,725879.7399737207,335662.6515833208,1076076.961988375
2025-05-02T21:00:00.000+0000,725939.4661545209,335662.6515833208,1075965.8666314615
2025-05-02T21:10:00.000+0000,725615.4875449208,335662.6515833208,1075847.2749914096
2025-05-02T21:20:00.000+0000,725227.5081769208,335662.6515833208,1075096.8658344413
2025-05-02T21:30:00.000+0000,725332.1763753206,335662.6515833208,1074586.7645483643
2025-05-02T21:40:00.000+0000,723868.3643625207,335662.6515833208,1071371.3230348711
2025-05-02T21:50:00.000+0000,722632.7656329208,335662.6515833208,1070402.1967261548
2025-05-02T22:00:00.000+0000,723044.3141305208,335662.6515833208,1070858.0422036722
2025-05-02T22:10:00.000+0000,722813.4869401208,335662.6515833208,1070896.5225543873
2025-05-02T22:20:00.000+0000,723339.5597449208,335662.6515833208,1071555.8449695471
2025-05-02T22:30:00.000+0000,723833.9319305208,335662.6515833208,1071492.121559362
2025-05-02T22:40:00.000+0000,723730.0351145208,335662.6515833208,1071074.407738485
2025-05-02T22:50:00.000+0000,723975.5285625209,335662.6515833208,1071357.996484181
2025-05-02T23:00:00.000+0000,724045.8822345207,335662.6515833208,1071565.3310383786
2025-05-02T23:10:00.000+0000,724610.7799545208,335662.6515833208,1072704.4854899608
2025-05-02T23:20:00.000+0000,724867.5543705208,335662.6515833208,1072309.296433337
2025-05-02T23:30:00.000+0000,724886.7310169208,335662.6515833208,1072799.474366227
2025-05-02T23:40:00.000+0000,725355.8094537207,335662.6515833208,1073794.3551094746
2025-05-02T23:50:00.000+0000,725474.6083385207,335662.6515833208,1073651.6439648208
2025-05-03T00:00:00.000+0000,724907.150668121,335662.6515833208,1074434.442160597
2025-05-03T00:10:00.000+0000,725023.7533113208,335662.6515833208,1074646.44162817
2025-05-03T00:20:00.000+0000,724918.1958249208,335662.6515833208,1073640.8931052932
2025-05-03T00:30:00.000+0000,724931.6730345208,335662.6515833208,1073937.9022130868
2025-05-03T00:40:00.000+0000,724014.4713833207,335662.6515833208,1072712.2396158613
2025-05-03T00:50:00.000+0000,723405.9925561207,335662.6515833208,1072296.394698998
2025-05-03T01:00:00.000+0000,723464.9473545208,335662.6515833208,1071697.6788746512
2025-05-03T01:10:00.000+0000,723129.5698713207,335662.6515833208,1070857.4871423603
2025-05-03T01:20:00.000+0000,723555.2490553207,335662.6515833208,1071399.8233536072
2025-05-03T01:30:00.000+0000,722483.6370313207,335662.6515833208,1069682.8938509508
2025-05-03T01:40:00.000+0000,722529.7680969208,335662.6515833208,1070068.2098063133
2025-05-03T01:50:00.000+0000,722268.0656265208,335662.6515833208,1069939.6333051033
2025-05-03T02:00:00.000+0000,722915.1335577208,335662.6515833208,1071519.7990563083
2025-05-03T02:10:00.000+0000,723410.0952713208,335662.6515833208,1072486.201739771
2025-05-03T02:20:00.000+0000,723741.0802713208,335662.6515833208,1073491.2466590013
2025-05-03T02:30:00.000+0000,723587.1954777208,335662.6515833208,1073711.2765803004
2025-05-03T02:40:00.000+0000,723080.5351305208,335662.6515833208,1072667.8030452377
2025-05-03T02:50:00.000+0000,723517.0776169207,335662.6515833208,1073137.2179099538
2025-05-03T03:00:00.000+0000,723823.1865337207,335662.6515833208,1073940.3147045467
2025-05-03T03:10:00.000+0000,723574.3717449207,335662.6515833208,1072206.972917485
2025-05-03T03:20:00.000+0000,723456.2263369208,335662.6515833208,1071833.1357767407
2025-05-03T03:30:00.000+0000,723755.9823401208,335662.6515833208,1071137.7773839168
2025-05-03T03:40:00.000+0000,724344.2133785208,335662.6515833208,1072385.2502225498
2025-05-03T03:50:00.000+0000,723955.4626281208,335662.6515833208,1072031.4002338932
2025-05-03T04:00:00.000+0000,723706.5838905207,335662.6515833208,1071946.1083635164
2025-05-03T04:10:00.000+0000,723990.3127257208,335662.6515833208,1072697.481855319
2025-05-03T04:20:00.000+0000,723944.8351369208,335662.6515833208,1072536.192822413
2025-05-03T04:30:00.000+0000,724057.6348249208,335662.6515833208,1072901.1997246675
2025-05-03T04:40:00.000+0000,724108.9297561208,335662.6515833208,1072767.5367131834
2025-05-03T04:50:00.000+0000,724378.1102393208,335662.6515833208,1072973.9972472843
2025-05-03T05:00:00.000+0000,723637.0016009208,335662.6515833208,1071845.3623640228
2025-05-03T05:10:00.000+0000,723598.5304025208,335662.6515833208,1071577.377014044
2025-05-03T05:20:00.000+0000,723695.4208281208,335662.6515833208,1071924.258969961
2025-05-03T05:30:00.000+0000,723322.9970057207,335662.6515833208,1071003.9543386064
2025-05-03T05:40:00.000+0000,723879.4095193208,335662.6515833208,1072236.862628907
2025-05-03T05:50:00.000+0000,723554.0060505208,335662.6515833208,1070743.1064006174
2025-05-03T06:00:00.000+0000,722671.4186857208,335662.6515833208,1069719.089603083
2025-05-03T06:10:00.000+0000,721614.5268761208,335662.6515833208,1068052.538179781
2025-05-03T06:20:00.000+0000,721750.5419769208,335662.6515833208,1068088.2187829656
2025-05-03T06:30:00.000+0000,721890.2960841208,335662.6515833208,1068549.062325104
2025-05-03T06:40:00.000+0000,721959.9962793208,335662.6515833208,1068593.4667547778
2025-05-03T06:50:00.000+0000,721702.2146697207,335662.6515833208,1068095.034571152
2025-05-03T07:00:00.000+0000,721565.3642377207,335662.6515833208,1068633.3196406993
2025-05-03T07:10:00.000+0000,721223.0982697208,335662.6515833208,1068724.6165236316
2025-05-03T07:20:00.000+0000,720501.2841833208,335662.6515833208,1067477.322463248
2025-05-03T07:30:00.000+0000,720852.2172121208,335662.6515833208,1068349.3288563194
2025-05-03T07:40:00.000+0000,721017.5008793208,335662.6515833208,1069390.1990933726
2025-05-03T07:50:00.000+0000,721059.8929385208,335662.6515833208,1069449.67704078
2025-05-03T08:00:00.000+0000,720655.8864025208,335662.6515833208,1067841.1798313719
2025-05-03T08:10:00.000+0000,720630.3568425208,335662.6515833208,1067882.0404790204
2025-05-03T08:20:00.000+0000,720884.6352569207,335662.6515833208,1068723.109450861
2025-05-03T08:30:00.000+0000,721718.8953145208,335662.6515833208,1070009.6734339313
2025-05-03T08:40:00.000+0000,721669.6787193208,335662.6515833208,1070565.0263767252
2025-05-03T08:50:00.000+0000,721255.2805033207,335662.6515833208,1069225.7959239718
2025-05-03T09:00:00.000+0000,720894.2555545208,335662.6515833208,1067931.6270816014
2025-05-03T09:10:00.000+0000,720966.8054681208,335662.6515833208,1067832.5270207631
2025-05-03T09:20:00.000+0000,721709.3389657207,335662.6515833208,1068803.7838322832
2025-05-03T09:30:00.000+0000,721422.5246009207,335662.6515833208,1067964.8585004145
2025-05-03T09:40:00.000+0000,721707.6782953208,335662.6515833208,1068001.954788481
2025-05-03T09:50:00.000+0000,720669.8991833208,335662.6515833208,1066038.6073228861
2025-05-03T10:00:00.000+0000,721270.4183833208,335662.6515833208,1067284.1002935427
2025-05-03T10:10:00.000+0000,720448.0927705208,335662.6515833208,1066508.731380411
2025-05-03T10:20:00.000+0000,720293.8442681208,335662.6515833208,1067354.8597922544
2025-05-03T10:30:00.000+0000,719340.7853257208,335662.6515833208,1066213.511056827
2025-05-03T10:40:00.000+0000,719113.6971417208,335662.6515833208,1064868.7057736234
2025-05-03T10:50:00.000+0000,718347.8303257208,335662.6515833208,1063974.9585631576
2025-05-03T11:00:00.000+0000,718094.4411993208,335662.6515833208,1064193.8692221916
2025-05-03T11:10:00.000+0000,718252.4826649207,335662.6515833208,1064542.5780234565
2025-05-03T11:20:00.000+0000,719069.7623177208,335662.6515833208,1065913.4529439479
2025-05-03T11:30:00.000+0000,718694.6066825208,335662.6515833208,1064950.3166415337
2025-05-03T11:40:00.000+0000,718805.7457001207,335662.6515833208,1065103.9512622764
2025-05-03T11:50:00.000+0000,718769.5886489208,335662.6515833208,1065337.2249137256
2025-05-03T12:00:00.000+0000,719316.7985305209,335662.6515833208,1066159.2062141206
2025-05-03T12:10:00.000+0000,719558.6708777207,335662.6515833208,1066234.1468401344
2025-05-03T12:20:00.000+0000,720476.5799625207,335662.6515833208,1068158.3449696454
2025-05-03T12:30:00.000+0000,720588.2545513208,335662.6515833208,1068507.1840337296
2025-05-03T12:40:00.000+0000,721161.7653753208,335662.6515833208,1068993.8634805714
2025-05-03T12:50:00.000+0000,720456.7498393208,335662.6515833208,1069543.7388652747
2025-05-03T13:00:00.000+0000,720637.4711465208,335662.6515833208,1069668.1133305994
2025-05-03T13:10:00.000+0000,720815.8143577208,335662.6515833208,1070645.397136409
2025-05-03T13:20:00.000+0000,720732.1013817207,335662.6515833208,1071092.8782130205
2025-05-03T13:30:00.000+0000,719954.1182665208,335662.6515833208,1070944.0162501629
2025-05-03T13:40:00.000+0000,720372.7910601208,335662.6515833208,1071723.9353566791
2025-05-03T13:50:00.000+0000,720486.9616505208,335662.6515833208,1071859.1067913012
2025-05-03T14:00:00.000+0000,720247.0497337207,335662.6515833208,1071983.6675290726
2025-05-03T14:10:00.000+0000,720002.9811449208,335662.6515833208,1071276.8262883855
2025-05-03T14:20:00.000+0000,720064.7856617208,335662.6515833208,1071525.1455735043
2025-05-03T14:30:00.000+0000,719959.9995577207,335662.6515833208,1071010.9529382875
2025-05-03T14:40:00.000+0000,720114.0022569208,335662.6515833208,1071725.7209035773
2025-05-03T14:50:00.000+0000,720291.3382745208,335662.6515833208,1072076.2656541134
2025-05-03T15:00:00.000+0000,720802.5090105208,335662.6515833208,1073179.5090072383
2025-05-03T15:10:00.000+0000,721060.1727145208,335662.6515833208,1073699.2102862035
2025-05-03T15:20:00.000+0000,720702.2332953208,335662.6515833208,1073304.537174461
2025-05-03T15:30:00.000+0000,720672.4291577208,335662.6515833208,1073290.2100968824
2025-05-03T15:40:00.000+0000,720799.0058153208,335662.6515833208,1073266.95845069
2025-05-03T15:50:00.000+0000,720302.6192425208,335662.6515833208,1072213.7206320262
2025-05-03T16:00:00.000+0000,720279.5856841208,335662.6515833208,1071280.6201238995
2025-05-03T16:10:00.000+0000,719267.6898489208,335662.6515833208,1070707.3832021917
2025-05-03T16:20:00.000+0000,718821.2273049208,335662.6515833208,1070370.0923767388
2025-05-03T16:30:00.000+0000,716731.4204889208,335662.6515833208,1067747.7768330302
2025-05-03T16:40:00.000+0000,715638.4255849208,335662.6515833208,1066808.1049829512
2025-05-03T16:50:00.000+0000,716343.2592665209,335662.6515833208,1068026.4045020929
2025-05-03T17:00:00.000+0000,712246.9949017208,335662.6515833208,1062606.4580194112
2025-05-03T17:10:00.000+0000,712430.3940649207,335662.6515833208,1060610.8978875973
2025-05-03T17:20:00.000+0000,712603.8731705208,335662.6515833208,1061063.9894501371
2025-05-03T17:30:00.000+0000,713272.1960841208,335662.6515833208,1061480.3433364015
2025-05-03T17:40:00.000+0000,713466.6304121208,335662.6515833208,1061777.452953866
2025-05-03T17:50:00.000+0000,714697.6548041208,335662.6515833208,1064197.9881424608
2025-05-03T18:00:00.000+0000,714977.4627785208,335662.6515833208,1064770.2181162336
2025-05-03T18:10:00.000+0000,715457.2866121208,335662.6515833208,1066109.1607137187
2025-05-03T18:20:00.000+0000,715814.3907001207,335662.6515833208,1066810.7937665195
2025-05-03T18:30:00.000+0000,714958.3400889208,335662.6515833208,1065547.6213151016
2025-05-03T18:40:00.000+0000,714430.9603305208,335662.6515833208,1064903.0290893544
2025-05-03T18:50:00.000+0000,714190.5128425207,335662.6515833208,1064749.038003123
2025-05-03T19:00:00.000+0000,714435.2349081208,335662.6515833208,1065128.825479305
2025-05-03T19:10:00.000+0000,714749.8290313208,335662.6515833208,1067033.6164598686
2025-05-03T19:20:00.000+0000,715572.4544041208,335662.6515833208,1067302.3541523316
2025-05-03T19:30:00.000+0000,716083.6251401207,335662.6515833208,1068531.2362249019
2025-05-03T19:40:00.000+0000,716729.3861177207,335662.6515833208,1068975.375611981
2025-05-03T19:50:00.000+0000,717360.2450265208,335662.6515833208,1069664.7421294178
2025-05-03T20:00:00.000+0000,716781.5703369208,335662.6515833208,1070498.6007864447
2025-05-03T20:10:00.000+0000,716207.2881305208,335662.6515833208,1069621.015529678
2025-05-03T20:20:00.000+0000,716097.6279289208,335662.6515833208,1069915.2409693454
2025-05-03T20:30:00.000+0000,715618.6933833207,335662.6515833208,1069969.2826392532
2025-05-03T20:40:00.000+0000,715454.8345753207,335662.6515833208,1069416.2451392007
2025-05-03T20:50:00.000+0000,715340.1284137208,335662.6515833208,1070340.6113665465
2025-05-03T21:00:00.000+0000,714732.1851577208,335662.6515833208,1068799.630848403
2025-05-03T21:10:00.000+0000,714976.3716521207,335662.6515833208,1068951.661624874
2025-05-03T21:20:00.000+0000,716641.6243833208,335662.6515833208,1071626.093647632
2025-05-03T21:30:00.000+0000,716741.6642873208,335662.6515833208,1071777.21315666
2025-05-03T21:40:00.000+0000,716347.0961945207,335662.6515833208,1070979.9889833606
2025-05-03T21:50:00.000+0000,716374.7040905207,335662.6515833208,1070615.7001006217
2025-05-03T22:00:00.000+0000,715704.1849353208,335662.6515833208,1069725.2321311557
2025-05-03T22:10:00.000+0000,715285.7479529209,335662.6515833208,1069775.198531328
2025-05-03T22:20:00.000+0000,715746.1593289208,335662.6515833208,1069767.7271721587
2025-05-03T22:30:00.000+0000,716520.0397289208,335662.6515833208,1070928.206469349
2025-05-03T22:40:00.000+0000,717029.7856057208,335662.6515833208,1071233.0994292875
2025-05-03T22:50:00.000+0000,716623.4009737207,335662.6515833208,1070396.2477768026
2025-05-03T23:00:00.000+0000,716187.7477753208,335662.6515833208,1069490.7582838442
2025-05-03T23:10:00.000+0000,716199.1466489208,335662.6515833208,1069042.0051816977
2025-05-03T23:20:00.000+0000,714878.3021705208,335662.6515833208,1066048.0942412275
2025-05-03T23:30:00.000+0000,715047.7425097207,335662.6515833208,1065551.5971840345
2025-05-03T23:40:00.000+0000,715589.6066713207,335662.6515833208,1066529.2894495744
2025-05-03T23:50:00.000+0000,714959.8728617207,335662.6515833208,1065642.1004617503
2025-05-04T00:00:00.000+0000,714550.6385113208,335662.6515833208,1065457.524663749
2025-05-04T00:10:00.000+0000,716345.7352841208,335662.6515833208,1067155.2421344703
2025-05-04T00:20:00.000+0000,715950.0960489208,335662.6515833208,1066350.8609909657
2025-05-04T00:30:00.000+0000,714280.5047913208,335662.6515833208,1064512.0413084
2025-05-04T00:40:00.000+0000,712892.1463673208,335662.6515833208,1063484.4279208067
2025-05-04T00:50:00.000+0000,712403.1738585208,335662.6515833208,1063968.827857603
2025-05-04T01:00:00.000+0000,713059.5623273208,335662.6515833208,1064559.0798445237
2025-05-04T01:10:00.000+0000,713823.8863785208,335662.6515833208,1066193.912028179
2025-05-04T01:20:00.000+0000,714608.9298409207,335662.6515833208,1067331.5039160803
2025-05-04T01:30:00.000+0000,714177.9688857207,335662.6515833208,1066087.6742959926
2025-05-04T01:40:00.000+0000,711903.9375673208,335662.6515833208,1062016.5038590515
2025-05-04T01:50:00.000+0000,712657.8699385207,335662.6515833208,1064349.1460255617
2025-05-04T02:00:00.000+0000,714436.7576889207,335662.6515833208,1068485.2601454824
2025-05-04T02:10:00.000+0000,715886.3850585208,335662.6515833208,1069833.906724337
2025-05-04T02:20:00.000+0000,715658.1078265207,335662.6515833208,1069461.774196894
2025-05-04T02:30:00.000+0000,713551.6203657208,335662.6515833208,1065834.1805558049
2025-05-04T02:40:00.000+0000,711775.7541961207,335662.6515833208,1064224.7766309157
2025-05-04T02:50:00.000+0000,711959.9786985207,335662.6515833208,1064291.8473557464
2025-05-04T03:00:00.000+0000,710653.7904857208,335662.6515833208,1061835.8081959148
2025-05-04T03:10:00.000+0000,710021.6785801208,335662.6515833208,1061725.1387285038
2025-05-04T03:20:00.000+0000,710173.9027033208,335662.6515833208,1062280.8505424466
2025-05-04T03:30:00.000+0000,711709.0216249208,335662.6515833208,1063598.8041284462
2025-05-04T03:40:00.000+0000,712071.1177161208,335662.6515833208,1063049.7502330237
2025-05-04T03:50:00.000+0000,711158.4264537208,335662.6515833208,1062933.5699755629
2025-05-04T04:00:00.000+0000,710493.8425465208,335662.6515833208,1062124.106873746
2025-05-04T04:10:00.000+0000,711156.1662633208,335662.6515833208,1063434.7826078625
2025-05-04T04:20:00.000+0000,710855.1033065207,335662.6515833208,1063432.3063532198
2025-05-04T04:30:00.000+0000,709394.0770633208,335662.6515833208,1061414.2919364583
2025-05-04T04:40:00.000+0000,709507.8299881208,335662.6515833208,1061359.1776506305
2025-05-04T04:50:00.000+0000,709566.6668809208,335662.6515833208,1061169.5113269687
2025-05-04T05:00:00.000+0000,710482.0260073207,335662.6515833208,1062456.9469423345
2025-05-04T05:10:00.000+0000,709751.6527737208,335662.6515833208,1063377.8288939523
2025-05-04T05:20:00.000+0000,710655.6130265207,335662.6515833208,1064500.3504835728
2025-05-04T05:30:00.000+0000,711815.2765529208,335662.6515833208,1066169.35778951
2025-05-04T05:40:00.000+0000,711712.1511193208,335662.6515833208,1066212.26397312
2025-05-04T05:50:00.000+0000,711838.5459225208,335662.6515833208,1067692.549454797
2025-05-04T06:00:00.000+0000,711625.8242361208,335662.6515833208,1066897.3282043587
2025-05-04T06:10:00.000+0000,710776.5442041208,335662.6515833208,1065973.8030245085
2025-05-04T06:20:00.000+0000,709827.224268121,335662.6515833208,1064859.8329220333
2025-05-04T06:30:00.000+0000,709598.0577481207,335662.6515833208,1064673.2992377894
2025-05-04T06:40:00.000+0000,710382.0940169208,335662.6515833208,1064674.0665865273
2025-05-04T06:50:00.000+0000,711105.6866793208,335662.6515833208,1065330.8725396045
2025-05-04T07:00:00.000+0000,710929.6576153208,335662.6515833208,1064391.0310330587
2025-05-04T07:10:00.000+0000,710845.5909225207,335662.6515833208,1064606.8540892939
2025-05-04T07:20:00.000+0000,710337.3878105208,335662.6515833208,1064226.0612570443
2025-05-04T07:30:00.000+0000,709204.0252265208,335662.6515833208,1062676.615828324
2025-05-04T07:40:00.000+0000,708692.5547305208,335662.6515833208,1062689.8394636835
2025-05-04T07:50:00.000+0000,709009.4090441208,335662.6515833208,1063303.8011451075
2025-05-04T08:00:00.000+0000,709626.4370265207,335662.6515833208,1064225.5777481885
2025-05-04T08:10:00.000+0000,708918.7536265209,335662.6515833208,1063446.366484113
2025-05-04T08:20:00.000+0000,708795.6262073208,335662.6515833208,1062102.4207513288
2025-05-04T08:30:00.000+0000,708543.0084633208,335662.6515833208,1061838.8692828768
2025-05-04T08:40:00.000+0000,706227.2925193207,335662.6515833208,1060218.5185497967
2025-05-04T08:50:00.000+0000,704855.3149801207,335662.6515833208,1060980.7042943672
2025-05-04T09:00:00.000+0000,705572.8644809208,335662.6515833208,1059320.6143222055
2025-05-04T09:10:00.000+0000,705013.8380601208,335662.6515833208,1058874.6089733485
2025-05-04T09:20:00.000+0000,704675.1392361207,335662.6515833208,1057940.0544598429
2025-05-04T09:30:00.000+0000,703425.0461113208,335662.6515833208,1057914.9558735115
2025-05-04T09:40:00.000+0000,703196.2972569208,335662.6515833208,1058682.093590792
2025-05-04T09:50:00.000+0000,703723.1414441208,335662.6515833208,1058704.9357041041
2025-05-04T10:00:00.000+0000,703761.2589257208,335662.6515833208,1058381.369711997
2025-05-04T10:10:00.000+0000,703578.5232313208,335662.6515833208,1057092.2158274443
2025-05-04T10:20:00.000+0000,704222.6235385208,335662.6515833208,1057650.4489147903
2025-05-04T10:30:00.000+0000,704542.5633817208,335662.6515833208,1059328.3258528647
2025-05-04T10:40:00.000+0000,704960.7645529208,335662.6515833208,1059251.9751670817
2025-05-04T10:50:00.000+0000,704869.9272809208,335662.6515833208,1059316.9928438948
2025-05-04T11:00:00.000+0000,704988.6082601207,335662.6515833208,1059470.5363361074
2025-05-04T11:10:00.000+0000,706532.7479593208,335662.6515833208,1061606.6776463469
2025-05-04T11:20:00.000+0000,706857.7977113208,335662.6515833208,1061495.1971439468
2025-05-04T11:30:00.000+0000,706683.0756009208,335662.6515833208,1060668.7546323957
2025-05-04T11:40:00.000+0000,706392.1045641208,335662.6515833208,1060567.3377963072
2025-05-04T11:50:00.000+0000,705680.0286809208,335662.6515833208,1059253.6851461374
2025-05-04T12:00:00.000+0000,705754.8927417208,335662.6515833208,1060209.7333657844
2025-05-04T12:10:00.000+0000,706453.0197929208,335662.6515833208,1060771.4670854798
2025-05-04T12:20:00.000+0000,705795.6780873208,335662.6515833208,1060731.3949545105
2025-05-04T12:30:00.000+0000,705827.1428953208,335662.6515833208,1060923.7200492339
2025-05-04T12:40:00.000+0000,705991.1196089208,335662.6515833208,1061461.6221195962
2025-05-04T12:50:00.000+0000,705551.3097385208,335662.6515833208,1060979.7560567958
2025-05-04T13:00:00.000+0000,705519.4272649208,335662.6515833208,1061353.0783258094
2025-05-04T13:10:00.000+0000,704059.5900697208,335662.6515833208,1058940.90405931
2025-05-04T13:20:00.000+0000,703663.2973577208,335662.6515833208,1058870.7398472093
2025-05-04T13:30:00.000+0000,703749.9779577208,335662.6515833208,1058851.9571835871
2025-05-04T13:40:00.000+0000,702064.7132489209,335662.6515833208,1057427.3552593691
2025-05-04T13:50:00.000+0000,702273.8677913208,335662.6515833208,1059368.0525092117
2025-05-04T14:00:00.000+0000,703192.7940617208,335662.6515833208,1059370.8128630947
2025-05-04T14:10:00.000+0000,703748.5530985207,335662.6515833208,1060751.3314448665
2025-05-04T14:20:00.000+0000,704369.8556585207,335662.6515833208,1061995.1516838137
2025-05-04T14:30:00.000+0000,705139.6433353208,335662.6515833208,1062322.3359704963
2025-05-04T14:40:00.000+0000,705182.6249225208,335662.6515833208,1062962.8188986143
2025-05-04T14:50:00.000+0000,705544.1854425208,335662.6515833208,1063666.7419157522
2025-05-04T15:00:00.000+0000,705822.4506521209,335662.6515833208,1064582.4395303023
2025-05-04T15:10:00.000+0000,705462.4328969207,335662.6515833208,1064853.2972712773
2025-05-04T15:20:00.000+0000,705125.5126489208,335662.6515833208,1063926.440060252
2025-05-04T15:30:00.000+0000,704784.0180633208,335662.6515833208,1063544.774558274
2025-05-04T15:40:00.000+0000,703578.4592825207,335662.6515833208,1062266.9317009572
2025-05-04T15:50:00.000+0000,704663.4945593209,335662.6515833208,1064060.573461282
2025-05-04T16:00:00.000+0000,704083.4489673208,335662.6515833208,1064836.112567456
2025-05-04T16:10:00.000+0000,703269.3187929208,335662.6515833208,1062782.9091049975
2025-05-04T16:20:00.000+0000,703712.9855753209,335662.6515833208,1063908.2156952536
2025-05-04T16:30:00.000+0000,703040.8057497208,335662.6515833208,1063015.5722042243
2025-05-04T16:40:00.000+0000,702504.6410249209,335662.6515833208,1061737.271835172
2025-05-04T16:50:00.000+0000,702664.4610665208,335662.6515833208,1061756.6760418836
2025-05-04T17:00:00.000+0000,702608.0562265208,335662.6515833208,1063222.8335962393
2025-05-04T17:10:00.000+0000,702916.3613849208,335662.6515833208,1063915.2397376206
2025-05-04T17:20:00.000+0000,701674.1739305208,335662.6515833208,1062415.287117933
2025-05-04T17:30:00.000+0000,701207.7094009208,335662.6515833208,1061192.5459458504
2025-05-04T17:40:00.000+0000,702362.0911561209,335662.6515833208,1062330.2147519623
2025-05-04T17:50:00.000+0000,703542.0024713208,335662.6515833208,1064127.7824797048
2025-05-04T18:00:00.000+0000,703188.3376297208,335662.6515833208,1064495.7566575138
2025-05-04T18:10:00.000+0000,703202.5862217208,335662.6515833208,1064170.205431676
2025-05-04T18:20:00.000+0000,703463.8710265209,335662.6515833208,1065045.611670209
2025-05-04T18:30:00.000+0000,703490.7075401208,335662.6515833208,1064059.8798291606
2025-05-04T18:40:00.000+0000,702828.2019689208,335662.6515833208,1063252.6112884067
2025-05-04T18:50:00.000+0000,702585.5582393208,335662.6515833208,1062426.0854197396
2025-05-04T19:00:00.000+0000,702368.6798809208,335662.6515833208,1061158.878979177
2025-05-04T19:10:00.000+0000,702242.5208889209,335662.6515833208,1061139.8009482303
2025-05-04T19:20:00.000+0000,702561.3356329207,335662.6515833208,1061447.0042445133
2025-05-04T19:30:00.000+0000,703338.6013225208,335662.6515833208,1062428.9175854372
2025-05-04T19:40:00.000+0000,704013.8127209208,335662.6515833208,1063068.2903552135
2025-05-04T19:50:00.000+0000,703631.7686009208,335662.6515833208,1062218.0443377513
2025-05-04T20:00:00.000+0000,703781.9143881208,335662.6515833208,1062803.6088929875
2025-05-04T20:10:00.000+0000,704208.9005257208,335662.6515833208,1062983.1753761426
2025-05-04T20:20:00.000+0000,705063.7620889207,335662.6515833208,1064395.0087710763
2025-05-04T20:30:00.000+0000,706227.8180985209,335662.6515833208,1065858.6742686024
2025-05-04T20:40:00.000+0000,705538.8936793208,335662.6515833208,1065992.2804566664
2025-05-04T20:50:00.000+0000,705545.3644985207,335662.6515833208,1066121.0204526554
2025-05-04T21:00:00.000+0000,705322.4329865208,335662.6515833208,1065093.8943299458
2025-05-04T21:10:00.000+0000,704787.1575497208,335662.6515833208,1064144.2829146865
2025-05-04T21:20:00.000+0000,704822.2434585207,335662.6515833208,1064895.714580277
2025-05-04T21:30:00.000+0000,705000.1150473207,335662.6515833208,1065200.7088458198
2025-05-04T21:40:00.000+0000,705760.9359033208,335662.6515833208,1065927.9942137545
2025-05-04T21:50:00.000+0000,705784.2692217208,335662.6515833208,1066163.984532836
2025-05-04T22:00:00.000+0000,703432.2343561208,335662.6515833208,1060719.7746625654
2025-05-04T22:10:00.000+0000,703059.0391513208,335662.6515833208,1060290.2231380623
2025-05-04T22:20:00.000+0000,703434.5485033207,335662.6515833208,1060005.8941138994
2025-05-04T22:30:00.000+0000,701828.9679961208,335662.6515833208,1054959.7464693242
2025-05-04T22:40:00.000+0000,702011.1141625207,335662.6515833208,1054276.0635999981
