date,total_balance_normal,unlocked_balance_normal,benchmark
2025-01-31T00:40:00.000+0000,1000000.0,1000000.0,999999.9999999999
2025-01-31T00:50:00.000+0000,999999.0130188001,998766.2735,999999.9999999999
2025-01-31T01:00:00.000+0000,999999.0130188001,999382.47584344,999999.9999999999
2025-01-31T01:10:00.000+0000,999998.6204603199,998891.77774344,999999.9999999999
2025-01-31T01:20:00.000+0000,999998.6204603199,999998.6204603199,999999.9999999999
2025-01-31T01:30:00.000+0000,999998.6204603199,999998.6204603199,999999.9999999999
2025-01-31T01:40:00.000+0000,999998.6204603199,999998.6204603199,999999.9999999999
2025-01-31T01:50:00.000+0000,999998.6204603199,999998.6204603199,999999.9999999999
2025-01-31T02:00:00.000+0000,999998.6204603199,999998.6204603199,999999.9999999999
2025-01-31T02:10:00.000+0000,999998.6204603199,999998.6204603199,999999.9999999999
2025-01-31T02:20:00.000+0000,999998.6204603199,999998.6204603199,999999.9999999999
2025-01-31T02:30:00.000+0000,999998.6204603199,999998.6204603199,999999.9999999999
2025-01-31T02:40:00.000+0000,999998.6204603199,999998.6204603199,999999.9999999999
2025-01-31T02:50:00.000+0000,999998.6204603199,999998.6204603199,999999.9999999999
2025-01-31T03:00:00.000+0000,999998.6204603199,999998.6204603199,999999.9999999999
2025-01-31T03:10:00.000+0000,999998.6204603199,999998.6204603199,999999.9999999999
2025-01-31T03:20:00.000+0000,999998.6204603199,999998.6204603199,999999.9999999999
2025-01-31T03:30:00.000+0000,999998.6204603199,999998.6204603199,999999.9999999999
2025-01-31T03:40:00.000+0000,999998.6204603199,999998.6204603199,999999.9999999999
2025-01-31T03:50:00.000+0000,999998.6204603199,999998.6204603199,999999.9999999999
2025-01-31T04:00:00.000+0000,999998.6204603199,999998.6204603199,999999.9999999999
2025-01-31T04:10:00.000+0000,999998.6204603199,999998.6204603199,999999.9999999999
2025-01-31T04:20:00.000+0000,999998.6204603199,999998.6204603199,999999.9999999999
2025-01-31T04:30:00.000+0000,999998.6204603199,999998.6204603199,999999.9999999999
2025-01-31T04:40:00.000+0000,999998.6204603199,999998.6204603199,999999.9999999999
2025-01-31T04:50:00.000+0000,999998.6204603199,999998.6204603199,999999.9999999999
2025-01-31T05:00:00.000+0000,999998.6204603199,999998.6204603199,999999.9999999999
2025-01-31T05:10:00.000+0000,999998.6204603199,999998.6204603199,999999.9999999999
2025-01-31T05:20:00.000+0000,999998.6204603199,999998.6204603199,999999.9999999999
2025-01-31T05:30:00.000+0000,999998.6204603199,999998.6204603199,999999.9999999999
2025-01-31T05:40:00.000+0000,999998.6204603199,999998.6204603199,999999.9999999999
2025-01-31T05:50:00.000+0000,999998.6204603199,999998.6204603199,999999.9999999999
2025-01-31T06:00:00.000+0000,999998.6204603199,999998.6204603199,999999.9999999999
2025-01-31T06:10:00.000+0000,999998.6204603199,999998.6204603199,999999.9999999999
2025-01-31T06:20:00.000+0000,999998.6204603199,999998.6204603199,999999.9999999999
2025-01-31T06:30:00.000+0000,999998.6204603199,999998.6204603199,999999.9999999999
2025-01-31T06:40:00.000+0000,999998.6204603199,999998.6204603199,999999.9999999999
2025-01-31T06:50:00.000+0000,999998.6204603199,999998.6204603199,999999.9999999999
2025-01-31T07:00:00.000+0000,999998.6204603199,999998.6204603199,999999.9999999999
2025-01-31T07:10:00.000+0000,999998.6204603199,999998.6204603199,999999.9999999999
2025-01-31T07:20:00.000+0000,999998.6204603199,999998.6204603199,999999.9999999999
2025-01-31T07:30:00.000+0000,999998.6204603199,999998.6204603199,999999.9999999999
2025-01-31T07:40:00.000+0000,999998.6204603199,999998.6204603199,999999.9999999999
2025-01-31T07:50:00.000+0000,999998.6204603199,999998.6204603199,999999.9999999999
2025-01-31T08:00:00.000+0000,999998.6204603199,999998.6204603199,999999.9999999999
2025-01-31T08:10:00.000+0000,999998.6204603199,999998.6204603199,999999.9999999999
2025-01-31T08:20:00.000+0000,999998.6204603199,999998.6204603199,999999.9999999999
2025-01-31T08:30:00.000+0000,999998.6204603199,999998.6204603199,999999.9999999999
2025-01-31T08:40:00.000+0000,999998.6204603199,999998.6204603199,999999.9999999999
2025-01-31T08:50:00.000+0000,999998.6204603199,999998.6204603199,999999.9999999999
2025-01-31T09:00:00.000+0000,999998.6204603199,999998.6204603199,999999.9999999999
2025-01-31T09:10:00.000+0000,999998.6204603199,999998.6204603199,999999.9999999999
2025-01-31T09:20:00.000+0000,999998.6204603199,999998.6204603199,999999.9999999999
2025-01-31T09:30:00.000+0000,999998.6204603199,999998.6204603199,999999.9999999999
2025-01-31T09:40:00.000+0000,999998.6204603199,999998.6204603199,999999.9999999999
2025-01-31T09:50:00.000+0000,999998.6204603199,999998.6204603199,999999.9999999999
2025-01-31T10:00:00.000+0000,999998.6204603199,999998.6204603199,999999.9999999999
2025-01-31T10:10:00.000+0000,999998.6204603199,999998.6204603199,999999.9999999999
2025-01-31T10:20:00.000+0000,999998.6204603199,999998.6204603199,999999.9999999999
2025-01-31T10:30:00.000+0000,999998.6204603199,999998.6204603199,999999.9999999999
2025-01-31T10:40:00.000+0000,999998.6204603199,999998.6204603199,999999.9999999999
2025-01-31T10:50:00.000+0000,999998.6204603199,999998.6204603199,999999.9999999999
2025-01-31T11:00:00.000+0000,999998.6204603199,999998.6204603199,999999.9999999999
2025-01-31T11:10:00.000+0000,999998.6204603199,999998.6204603199,999999.9999999999
2025-01-31T11:20:00.000+0000,999998.6204603199,999998.6204603199,999999.9999999999
2025-01-31T11:30:00.000+0000,999998.6204603199,999998.6204603199,999999.9999999999
2025-01-31T11:40:00.000+0000,999998.6204603199,999998.6204603199,999999.9999999999
2025-01-31T11:50:00.000+0000,999998.6204603199,999998.6204603199,999999.9999999999
2025-01-31T12:00:00.000+0000,999998.6204603199,999998.6204603199,999999.9999999999
2025-01-31T12:10:00.000+0000,999998.6204603199,999998.6204603199,999999.9999999999
2025-01-31T12:20:00.000+0000,999998.6204603199,999998.6204603199,999999.9999999999
2025-01-31T12:30:00.000+0000,999998.6204603199,999998.6204603199,999999.9999999999
2025-01-31T12:40:00.000+0000,999998.6204603199,999998.6204603199,999999.9999999999
2025-01-31T12:50:00.000+0000,999998.6204603199,999998.6204603199,999999.9999999999
2025-01-31T13:00:00.000+0000,999998.6204603199,999998.6204603199,999999.9999999999
2025-01-31T13:10:00.000+0000,999998.6204603199,999998.6204603199,999999.9999999999
2025-01-31T13:20:00.000+0000,999998.6204603199,999998.6204603199,999999.9999999999
2025-01-31T13:30:00.000+0000,999998.6204603199,999998.6204603199,999999.9999999999
2025-01-31T13:40:00.000+0000,999998.6204603199,999998.6204603199,999999.9999999999
2025-01-31T13:50:00.000+0000,999998.6204603199,999998.6204603199,999999.9999999999
2025-01-31T14:00:00.000+0000,999998.6204603199,999998.6204603199,999999.9999999999
2025-01-31T14:10:00.000+0000,999998.6204603199,999998.6204603199,999999.9999999999
2025-01-31T14:20:00.000+0000,999998.6204603199,999998.6204603199,999999.9999999999
2025-01-31T14:30:00.000+0000,999998.6204603199,999998.6204603199,999999.9999999999
2025-01-31T14:40:00.000+0000,999998.6204603199,999998.6204603199,999999.9999999999
2025-01-31T14:50:00.000+0000,999998.6204603199,999998.6204603199,999999.9999999999
2025-01-31T15:00:00.000+0000,999998.6204603199,999998.6204603199,999999.9999999999
2025-01-31T15:10:00.000+0000,999998.6204603199,999998.6204603199,999999.9999999999
2025-01-31T15:20:00.000+0000,999998.6204603199,999998.6204603199,999999.9999999999
2025-01-31T15:30:00.000+0000,999998.6204603199,999998.6204603199,999999.9999999999
2025-01-31T15:40:00.000+0000,999998.6204603199,999998.6204603199,999999.9999999999
2025-01-31T15:50:00.000+0000,999998.6204603199,999998.6204603199,999999.9999999999
2025-01-31T16:00:00.000+0000,999998.6204603199,999998.6204603199,999999.9999999999
2025-01-31T16:10:00.000+0000,999998.6204603199,999998.6204603199,999999.9999999999
2025-01-31T16:20:00.000+0000,999998.6204603199,999998.6204603199,999999.9999999999
2025-01-31T16:30:00.000+0000,999998.6204603199,999998.6204603199,999999.9999999999
2025-01-31T16:40:00.000+0000,999998.6204603199,999998.6204603199,999999.9999999999
2025-01-31T16:50:00.000+0000,999998.6204603199,999998.6204603199,999999.9999999999
2025-01-31T17:00:00.000+0000,999998.6204603199,999998.6204603199,999999.9999999999
2025-01-31T17:10:00.000+0000,999998.6204603199,999998.6204603199,999999.9999999999
2025-01-31T17:20:00.000+0000,999998.6204603199,999998.6204603199,999999.9999999999
2025-01-31T17:30:00.000+0000,999998.6204603199,999998.6204603199,999999.9999999999
2025-01-31T17:40:00.000+0000,999998.6204603199,999998.6204603199,999999.9999999999
2025-01-31T17:50:00.000+0000,999998.6204603199,999998.6204603199,999999.9999999999
2025-01-31T18:00:00.000+0000,999998.6204603199,999998.6204603199,999999.9999999999
2025-01-31T18:10:00.000+0000,999998.6204603199,999998.6204603199,999999.9999999999
2025-01-31T18:20:00.000+0000,999998.6204603199,999998.6204603199,999999.9999999999
2025-01-31T18:30:00.000+0000,999998.6204603199,999998.6204603199,999999.9999999999
2025-01-31T18:40:00.000+0000,999998.6204603199,999998.6204603199,999999.9999999999
2025-01-31T18:50:00.000+0000,999998.6204603199,999998.6204603199,999999.9999999999
2025-01-31T19:00:00.000+0000,999998.6204603199,999998.6204603199,999999.9999999999
2025-01-31T19:10:00.000+0000,999998.6204603199,999998.6204603199,999999.9999999999
2025-01-31T19:20:00.000+0000,999998.6204603199,999998.6204603199,999999.9999999999
2025-01-31T19:30:00.000+0000,999998.6204603199,999998.6204603199,999999.9999999999
2025-01-31T19:40:00.000+0000,999998.6204603199,999998.6204603199,999999.9999999999
2025-01-31T19:50:00.000+0000,999998.6204603199,999998.6204603199,999999.9999999999
2025-01-31T20:00:00.000+0000,999998.6204603199,999998.6204603199,999999.9999999999
2025-01-31T20:10:00.000+0000,999998.6204603199,999998.6204603199,999999.9999999999
2025-01-31T20:20:00.000+0000,999998.6204603199,999998.6204603199,999999.9999999999
2025-01-31T20:30:00.000+0000,999998.6204603199,999998.6204603199,999999.9999999999
2025-01-31T20:40:00.000+0000,999998.6204603199,999998.6204603199,999999.9999999999
2025-01-31T20:50:00.000+0000,999998.6204603199,999998.6204603199,999999.9999999999
2025-01-31T21:00:00.000+0000,999998.6204603199,999998.6204603199,999999.9999999999
2025-01-31T21:10:00.000+0000,999998.6204603199,999998.6204603199,999999.9999999999
2025-01-31T21:20:00.000+0000,999998.6204603199,999998.6204603199,999999.9999999999
2025-01-31T21:30:00.000+0000,999998.6204603199,999998.6204603199,999999.9999999999
2025-01-31T21:40:00.000+0000,999998.6204603199,999998.6204603199,999999.9999999999
2025-01-31T21:50:00.000+0000,999998.6204603199,999998.6204603199,999999.9999999999
2025-01-31T22:00:00.000+0000,999998.6204603199,999998.6204603199,999999.9999999999
2025-01-31T22:10:00.000+0000,999998.6204603199,999998.6204603199,999999.9999999999
2025-01-31T22:20:00.000+0000,999998.6204603199,999998.6204603199,999999.9999999999
2025-01-31T22:30:00.000+0000,999998.6204603199,999998.6204603199,999999.9999999999
2025-01-31T22:40:00.000+0000,999998.6204603199,999998.6204603199,999999.9999999999
2025-01-31T22:50:00.000+0000,999998.6204603199,999998.6204603199,999999.9999999999
2025-01-31T23:00:00.000+0000,999980.4012073597,977224.5542603198,999999.9999999999
2025-01-31T23:10:00.000+0000,999980.4012073597,977224.5542603198,999999.9999999999
2025-01-31T23:20:00.000+0000,999980.4012073597,977224.5542603198,999999.9999999999
2025-01-31T23:30:00.000+0000,999980.4012073597,977224.5542603198,999999.9999999999
2025-01-31T23:40:00.000+0000,999980.4012073597,977224.5542603198,999999.9999999999
2025-01-31T23:50:00.000+0000,999980.4012073597,977224.5542603198,999999.9999999999
2025-02-01T00:00:00.000+0000,999980.4012073597,977224.5542603198,999999.9999999999
2025-02-01T00:10:00.000+0000,999980.4012073597,977224.5542603198,999999.9999999999
2025-02-01T00:20:00.000+0000,999980.4012073597,977224.5542603198,999999.9999999999
2025-02-01T00:30:00.000+0000,999980.4012073597,977224.5542603198,999999.9999999999
2025-02-01T00:40:00.000+0000,999980.4012073597,977224.5542603198,999999.9999999999
2025-02-01T00:50:00.000+0000,999980.4012073597,977224.5542603198,999999.9999999999
2025-02-01T01:00:00.000+0000,999980.4012073597,977224.5542603198,999999.9999999999
2025-02-01T01:10:00.000+0000,999980.4012073597,977224.5542603198,999999.9999999999
2025-02-01T01:20:00.000+0000,999980.4012073597,977224.5542603198,999999.9999999999
2025-02-01T01:30:00.000+0000,999980.4012073597,977224.5542603198,999999.9999999999
2025-02-01T01:40:00.000+0000,999980.4012073597,977224.5542603198,999999.9999999999
2025-02-01T01:50:00.000+0000,999980.4012073599,982842.9222672798,999999.9999999999
2025-02-01T02:00:00.000+0000,999980.4012073599,982842.9222672798,999999.9999999999
2025-02-01T02:10:00.000+0000,999980.4012073599,988481.9382426399,999999.9999999999
2025-02-01T02:20:00.000+0000,999980.4012073599,999980.4012073599,999999.9999999999
2025-02-01T02:30:00.000+0000,999980.4012073599,999980.4012073599,999999.9999999999
2025-02-01T02:40:00.000+0000,999980.4012073599,999980.4012073599,999999.9999999999
2025-02-01T02:50:00.000+0000,999978.1000086399,997103.9028073598,999999.9999999999
2025-02-01T03:00:00.000+0000,999978.1000086399,999978.1000086399,999999.9999999999
2025-02-01T03:10:00.000+0000,999978.1000086399,999978.1000086399,999999.9999999999
2025-02-01T03:20:00.000+0000,999978.1000086399,999978.1000086399,999999.9999999999
2025-02-01T03:30:00.000+0000,999978.1000086399,999978.1000086399,999999.9999999999
2025-02-01T03:40:00.000+0000,999978.1000086399,999978.1000086399,999999.9999999999
2025-02-01T03:50:00.000+0000,999978.1000086399,999978.1000086399,999999.9999999999
2025-02-01T04:00:00.000+0000,999978.1000086399,999978.1000086399,999999.9999999999
2025-02-01T04:10:00.000+0000,999978.1000086399,999978.1000086399,999999.9999999999
2025-02-01T04:20:00.000+0000,999978.1000086399,999978.1000086399,999999.9999999999
2025-02-01T04:30:00.000+0000,999978.1000086399,999978.1000086399,999999.9999999999
2025-02-01T04:40:00.000+0000,999978.1000086399,999978.1000086399,999999.9999999999
2025-02-01T04:50:00.000+0000,999978.1000086399,999978.1000086399,999999.9999999999
2025-02-01T05:00:00.000+0000,999978.1000086399,999978.1000086399,999999.9999999999
2025-02-01T05:10:00.000+0000,999978.1000086399,999978.1000086399,999999.9999999999
2025-02-01T05:20:00.000+0000,999978.1000086399,999978.1000086399,999999.9999999999
2025-02-01T05:30:00.000+0000,999978.1000086399,999978.1000086399,999999.9999999999
2025-02-01T05:40:00.000+0000,999978.1000086399,999978.1000086399,999999.9999999999
2025-02-01T05:50:00.000+0000,999978.1000086399,999978.1000086399,999999.9999999999
2025-02-01T06:00:00.000+0000,999978.1000086399,999978.1000086399,999999.9999999999
2025-02-01T06:10:00.000+0000,999978.1000086399,999978.1000086399,999999.9999999999
2025-02-01T06:20:00.000+0000,999978.1000086399,999978.1000086399,999999.9999999999
2025-02-01T06:30:00.000+0000,999978.1000086399,999978.1000086399,999999.9999999999
2025-02-01T06:40:00.000+0000,999978.1000086399,999978.1000086399,999999.9999999999
2025-02-01T06:50:00.000+0000,999978.1000086399,999978.1000086399,999999.9999999999
2025-02-01T07:00:00.000+0000,999978.1000086399,999978.1000086399,999999.9999999999
2025-02-01T07:10:00.000+0000,999978.1000086399,999978.1000086399,999999.9999999999
2025-02-01T07:20:00.000+0000,999978.1000086399,999978.1000086399,999999.9999999999
2025-02-01T07:30:00.000+0000,999978.1000086399,999978.1000086399,999999.9999999999
2025-02-01T07:40:00.000+0000,999978.1000086399,999978.1000086399,999999.9999999999
2025-02-01T07:50:00.000+0000,999978.1000086399,999978.1000086399,999999.9999999999
2025-02-01T08:00:00.000+0000,999978.1000086399,999978.1000086399,999999.9999999999
2025-02-01T08:10:00.000+0000,999978.1000086399,999978.1000086399,999999.9999999999
2025-02-01T08:20:00.000+0000,999978.1000086399,999978.1000086399,999999.9999999999
2025-02-01T08:30:00.000+0000,999978.1000086399,999978.1000086399,999999.9999999999
2025-02-01T08:40:00.000+0000,999978.1000086399,999978.1000086399,999999.9999999999
2025-02-01T08:50:00.000+0000,999978.1000086399,999978.1000086399,999999.9999999999
2025-02-01T09:00:00.000+0000,999978.1000086399,999978.1000086399,999999.9999999999
2025-02-01T09:10:00.000+0000,999978.1000086399,999978.1000086399,999999.9999999999
2025-02-01T09:20:00.000+0000,999978.1000086399,999978.1000086399,999999.9999999999
2025-02-01T09:30:00.000+0000,999978.1000086399,999978.1000086399,999999.9999999999
2025-02-01T09:40:00.000+0000,999978.1000086399,999978.1000086399,999999.9999999999
2025-02-01T09:50:00.000+0000,999978.1000086399,999978.1000086399,999999.9999999999
2025-02-01T10:00:00.000+0000,999978.1000086399,999978.1000086399,999999.9999999999
2025-02-01T10:10:00.000+0000,999978.1000086399,999978.1000086399,999999.9999999999
2025-02-01T10:20:00.000+0000,999978.1000086399,999978.1000086399,999999.9999999999
2025-02-01T10:30:00.000+0000,999978.1000086399,999978.1000086399,999999.9999999999
2025-02-01T10:40:00.000+0000,999978.1000086399,999978.1000086399,999999.9999999999
2025-02-01T10:50:00.000+0000,999978.1000086399,999978.1000086399,999999.9999999999
2025-02-01T11:00:00.000+0000,999978.1000086399,999978.1000086399,999999.9999999999
2025-02-01T11:10:00.000+0000,999978.1000086399,999978.1000086399,999999.9999999999
2025-02-01T11:20:00.000+0000,999978.1000086399,999978.1000086399,999999.9999999999
2025-02-01T11:30:00.000+0000,999978.1000086399,999978.1000086399,999999.9999999999
2025-02-01T11:40:00.000+0000,999978.1000086399,999978.1000086399,999999.9999999999
2025-02-01T11:50:00.000+0000,999978.1000086399,999978.1000086399,999999.9999999999
2025-02-01T12:00:00.000+0000,999978.1000086399,999978.1000086399,999999.9999999999
2025-02-01T12:10:00.000+0000,999978.1000086399,999978.1000086399,999999.9999999999
2025-02-01T12:20:00.000+0000,999978.1000086399,999978.1000086399,999999.9999999999
2025-02-01T12:30:00.000+0000,999978.1000086399,999978.1000086399,999999.9999999999
2025-02-01T12:40:00.000+0000,999978.1000086399,999978.1000086399,999999.9999999999
2025-02-01T12:50:00.000+0000,999978.1000086399,999978.1000086399,999999.9999999999
2025-02-01T13:00:00.000+0000,999978.1000086399,999978.1000086399,999999.9999999999
2025-02-01T13:10:00.000+0000,999978.1000086399,999978.1000086399,999999.9999999999
2025-02-01T13:20:00.000+0000,999978.1000086399,999978.1000086399,999999.9999999999
2025-02-01T13:30:00.000+0000,999978.1000086399,999978.1000086399,999999.9999999999
2025-02-01T13:40:00.000+0000,999978.1000086399,999978.1000086399,999999.9999999999
2025-02-01T13:50:00.000+0000,999978.1000086399,999978.1000086399,999999.9999999999
2025-02-01T14:00:00.000+0000,999978.1000086399,999978.1000086399,999999.9999999999
2025-02-01T14:10:00.000+0000,999978.1000086399,999978.1000086399,999999.9999999999
2025-02-01T14:20:00.000+0000,999978.1000086399,999978.1000086399,999999.9999999999
2025-02-01T14:30:00.000+0000,999978.1000086399,999978.1000086399,999999.9999999999
2025-02-01T14:40:00.000+0000,999978.1000086399,999978.1000086399,999999.9999999999
2025-02-01T14:50:00.000+0000,999978.1000086399,999978.1000086399,999999.9999999999
2025-02-01T15:00:00.000+0000,999978.1000086399,999978.1000086399,999999.9999999999
2025-02-01T15:10:00.000+0000,999978.1000086399,999978.1000086399,999999.9999999999
2025-02-01T15:20:00.000+0000,999978.1000086399,999978.1000086399,999999.9999999999
2025-02-01T15:30:00.000+0000,999978.1000086399,999978.1000086399,999999.9999999999
2025-02-01T15:40:00.000+0000,999978.1000086399,999978.1000086399,999999.9999999999
2025-02-01T15:50:00.000+0000,999978.1000086399,999978.1000086399,999999.9999999999
2025-02-01T16:00:00.000+0000,999978.1000086399,999978.1000086399,999999.9999999999
2025-02-01T16:10:00.000+0000,999978.1000086399,999978.1000086399,999999.9999999999
2025-02-01T16:20:00.000+0000,999978.1000086399,999978.1000086399,999999.9999999999
2025-02-01T16:30:00.000+0000,999978.1000086399,999978.1000086399,999999.9999999999
2025-02-01T16:40:00.000+0000,999978.1000086399,999978.1000086399,999999.9999999999
2025-02-01T16:50:00.000+0000,999978.1000086399,999978.1000086399,999999.9999999999
2025-02-01T17:00:00.000+0000,999978.1000086399,999978.1000086399,999999.9999999999
2025-02-01T17:10:00.000+0000,999978.1000086399,999978.1000086399,999999.9999999999
2025-02-01T17:20:00.000+0000,999978.1000086399,999978.1000086399,999999.9999999999
2025-02-01T17:30:00.000+0000,999978.1000086399,999978.1000086399,999999.9999999999
2025-02-01T17:40:00.000+0000,999978.1000086399,999978.1000086399,999999.9999999999
2025-02-01T17:50:00.000+0000,999978.1000086399,999978.1000086399,999999.9999999999
2025-02-01T18:00:00.000+0000,999967.1490708238,986289.4277386399,999999.9999999999
2025-02-01T18:10:00.000+0000,999967.1490708238,999967.1490708238,999999.9999999999
2025-02-01T18:20:00.000+0000,999967.1490708238,999967.1490708238,999999.9999999999
2025-02-01T18:30:00.000+0000,999967.1490708238,999967.1490708238,999999.9999999999
2025-02-01T18:40:00.000+0000,999967.1490708238,999967.1490708238,999999.9999999999
2025-02-01T18:50:00.000+0000,999967.1490708238,999967.1490708238,999999.9999999999
2025-02-01T19:00:00.000+0000,999967.1490708238,999967.1490708238,999999.9999999999
2025-02-01T19:10:00.000+0000,999967.1490708238,999967.1490708238,999999.9999999999
2025-02-01T19:20:00.000+0000,999967.1490708238,999967.1490708238,999999.9999999999
2025-02-01T19:30:00.000+0000,999967.1490708238,999967.1490708238,999999.9999999999
2025-02-01T19:40:00.000+0000,999967.1490708238,999967.1490708238,999999.9999999999
2025-02-01T19:50:00.000+0000,999967.1490708238,999967.1490708238,999999.9999999999
2025-02-01T20:00:00.000+0000,999967.1490708238,999967.1490708238,999999.9999999999
2025-02-01T20:10:00.000+0000,999967.1490708238,999967.1490708238,999999.9999999999
2025-02-01T20:20:00.000+0000,999967.1490708238,999967.1490708238,999999.9999999999
2025-02-01T20:30:00.000+0000,999967.1490708238,999967.1490708238,999999.9999999999
2025-02-01T20:40:00.000+0000,999967.1490708238,999967.1490708238,999999.9999999999
2025-02-01T20:50:00.000+0000,999967.1490708238,999967.1490708238,999999.9999999999
2025-02-01T21:00:00.000+0000,999967.1490708238,999967.1490708238,999999.9999999999
2025-02-01T21:10:00.000+0000,999967.1490708238,999967.1490708238,999999.9999999999
2025-02-01T21:20:00.000+0000,999967.1490708238,999967.1490708238,999999.9999999999
2025-02-01T21:30:00.000+0000,999967.1490708238,999967.1490708238,999999.9999999999
2025-02-01T21:40:00.000+0000,999967.1490708238,999967.1490708238,999999.9999999999
2025-02-01T21:50:00.000+0000,999967.1490708238,999967.1490708238,999999.9999999999
2025-02-01T22:00:00.000+0000,999967.1490708238,999967.1490708238,999999.9999999999
2025-02-01T22:10:00.000+0000,999967.1490708238,999967.1490708238,999999.9999999999
2025-02-01T22:20:00.000+0000,999967.1490708238,999967.1490708238,999999.9999999999
2025-02-01T22:30:00.000+0000,999950.8432835438,993125.3006708238,999999.9999999999
2025-02-01T22:40:00.000+0000,999940.0489529838,986457.9300835439,999999.9999999999
2025-02-01T22:50:00.000+0000,999918.4479601838,986429.6324523438,999999.9999999999
2025-02-01T23:00:00.000+0000,999907.6270897038,986392.3598601838,999999.9999999999
2025-02-01T23:10:00.000+0000,999907.6270897038,986392.3598601838,999999.9999999999
2025-02-01T23:20:00.000+0000,999907.6270897038,986392.3598601838,999999.9999999999
2025-02-01T23:30:00.000+0000,999907.6270897038,986392.3598601838,999999.9999999999
2025-02-01T23:40:00.000+0000,999907.6270897038,999907.6270897038,999999.9999999999
2025-02-01T23:50:00.000+0000,999907.6270897038,999907.6270897038,999999.9999999999
2025-02-02T00:00:00.000+0000,999907.6270897038,999907.6270897038,999999.9999999999
2025-02-02T00:10:00.000+0000,999907.6270897038,999907.6270897038,999999.9999999999
2025-02-02T00:20:00.000+0000,999907.6270897038,999907.6270897038,999999.9999999999
2025-02-02T00:30:00.000+0000,999907.6270897038,999907.6270897038,999999.9999999999
2025-02-02T00:40:00.000+0000,999907.6270897038,999907.6270897038,999999.9999999999
2025-02-02T00:50:00.000+0000,999907.6270897038,999907.6270897038,999999.9999999999
2025-02-02T01:00:00.000+0000,999891.2554441039,979443.0700897039,999999.9999999999
2025-02-02T01:10:00.000+0000,999891.2554441039,986313.7094774639,999999.9999999999
2025-02-02T01:20:00.000+0000,999891.2554441039,986313.7094774639,999999.9999999999
2025-02-02T01:30:00.000+0000,999891.2554441039,999891.2554441039,999999.9999999999
2025-02-02T01:40:00.000+0000,999891.2554441039,999891.2554441039,999999.9999999999
2025-02-02T01:50:00.000+0000,999891.2554441039,999891.2554441039,999999.9999999999
2025-02-02T02:00:00.000+0000,999891.2554441039,999891.2554441039,999999.9999999999
2025-02-02T02:10:00.000+0000,999891.2554441039,999891.2554441039,999999.9999999999
2025-02-02T02:20:00.000+0000,999891.2554441039,999891.2554441039,999999.9999999999
2025-02-02T02:30:00.000+0000,999891.2554441039,999891.2554441039,999999.9999999999
2025-02-02T02:40:00.000+0000,999891.2554441039,999891.2554441039,999999.9999999999
2025-02-02T02:50:00.000+0000,999891.2554441039,999891.2554441039,999999.9999999999
2025-02-02T03:00:00.000+0000,999891.2554441039,999891.2554441039,999999.9999999999
2025-02-02T03:10:00.000+0000,999891.2554441039,999891.2554441039,999999.9999999999
2025-02-02T03:20:00.000+0000,999891.2554441039,999891.2554441039,999999.9999999999
2025-02-02T03:30:00.000+0000,999891.2554441039,999891.2554441039,999999.9999999999
2025-02-02T03:40:00.000+0000,999891.2554441039,999891.2554441039,999999.9999999999
2025-02-02T03:50:00.000+0000,999891.2554441039,999891.2554441039,999999.9999999999
2025-02-02T04:00:00.000+0000,999891.2554441039,999891.2554441039,999999.9999999999
2025-02-02T04:10:00.000+0000,999891.2554441039,999891.2554441039,999999.9999999999
2025-02-02T04:20:00.000+0000,999891.2554441039,999891.2554441039,999999.9999999999
2025-02-02T04:30:00.000+0000,999891.2554441039,999891.2554441039,999999.9999999999
2025-02-02T04:40:00.000+0000,999891.2554441039,999891.2554441039,999999.9999999999
2025-02-02T04:50:00.000+0000,999891.2554441039,999891.2554441039,999999.9999999999
2025-02-02T05:00:00.000+0000,999891.2554441039,999891.2554441039,999999.9999999999
2025-02-02T05:10:00.000+0000,999891.2554441039,999891.2554441039,999999.9999999999
2025-02-02T05:20:00.000+0000,999891.2554441039,999891.2554441039,999999.9999999999
2025-02-02T05:30:00.000+0000,999891.2554441039,999891.2554441039,999999.9999999999
2025-02-02T05:40:00.000+0000,999891.2554441039,999891.2554441039,999999.9999999999
2025-02-02T05:50:00.000+0000,999891.2554441039,999891.2554441039,999999.9999999999
2025-02-02T06:00:00.000+0000,999891.2554441039,999891.2554441039,999999.9999999999
2025-02-02T06:10:00.000+0000,999891.2554441039,999891.2554441039,999999.9999999999
2025-02-02T06:20:00.000+0000,999891.2554441039,999891.2554441039,999999.9999999999
2025-02-02T06:30:00.000+0000,999891.2554441039,999891.2554441039,999999.9999999999
2025-02-02T06:40:00.000+0000,999891.2554441039,999891.2554441039,999999.9999999999
2025-02-02T06:50:00.000+0000,999891.2554441039,999891.2554441039,999999.9999999999
2025-02-02T07:00:00.000+0000,999891.2554441039,999891.2554441039,999999.9999999999
2025-02-02T07:10:00.000+0000,999891.2554441039,999891.2554441039,999999.9999999999
2025-02-02T07:20:00.000+0000,999891.2554441039,999891.2554441039,999999.9999999999
2025-02-02T07:30:00.000+0000,999891.2554441039,999891.2554441039,999999.9999999999
2025-02-02T07:40:00.000+0000,999891.2554441039,999891.2554441039,999999.9999999999
2025-02-02T07:50:00.000+0000,999891.2554441039,999891.2554441039,999999.9999999999
2025-02-02T08:00:00.000+0000,999891.2554441039,999891.2554441039,999999.9999999999
2025-02-02T08:10:00.000+0000,999891.2554441039,999891.2554441039,999999.9999999999
2025-02-02T08:20:00.000+0000,999891.2554441039,999891.2554441039,999999.9999999999
2025-02-02T08:30:00.000+0000,999891.2554441039,999891.2554441039,999999.9999999999
2025-02-02T08:40:00.000+0000,999891.2554441039,999891.2554441039,999999.9999999999
2025-02-02T08:50:00.000+0000,999891.2554441039,999891.2554441039,999999.9999999999
2025-02-02T09:00:00.000+0000,999891.2554441039,999891.2554441039,999999.9999999999
2025-02-02T09:10:00.000+0000,999891.2554441039,999891.2554441039,999999.9999999999
2025-02-02T09:20:00.000+0000,999891.2554441039,999891.2554441039,999999.9999999999
2025-02-02T09:30:00.000+0000,999891.2554441039,999891.2554441039,999999.9999999999
2025-02-02T09:40:00.000+0000,999891.2554441039,999891.2554441039,999999.9999999999
2025-02-02T09:50:00.000+0000,999891.2554441039,999891.2554441039,999999.9999999999
2025-02-02T10:00:00.000+0000,999891.2554441039,999891.2554441039,999999.9999999999
2025-02-02T10:10:00.000+0000,999891.2554441039,999891.2554441039,999999.9999999999
2025-02-02T10:20:00.000+0000,999891.2554441039,999891.2554441039,999999.9999999999
2025-02-02T10:30:00.000+0000,999891.2554441039,999891.2554441039,999999.9999999999
2025-02-02T10:40:00.000+0000,999891.2554441039,999891.2554441039,999999.9999999999
2025-02-02T10:50:00.000+0000,999891.2554441039,999891.2554441039,999999.9999999999
2025-02-02T11:00:00.000+0000,999891.2554441039,999891.2554441039,999999.9999999999
2025-02-02T11:10:00.000+0000,999891.2554441039,999891.2554441039,999999.9999999999
2025-02-02T11:20:00.000+0000,999891.2554441039,999891.2554441039,999999.9999999999
2025-02-02T11:30:00.000+0000,999891.2554441039,999891.2554441039,999999.9999999999
2025-02-02T11:40:00.000+0000,999891.2554441039,999891.2554441039,999999.9999999999
2025-02-02T11:50:00.000+0000,999891.2554441039,999891.2554441039,999999.9999999999
2025-02-02T12:00:00.000+0000,999891.2554441039,999891.2554441039,999999.9999999999
2025-02-02T12:10:00.000+0000,999891.2554441039,999891.2554441039,999999.9999999999
2025-02-02T12:20:00.000+0000,999891.2554441039,999891.2554441039,999999.9999999999
2025-02-02T12:30:00.000+0000,999891.2554441039,999891.2554441039,999999.9999999999
2025-02-02T12:40:00.000+0000,999891.2554441039,999891.2554441039,999999.9999999999
2025-02-02T12:50:00.000+0000,999891.2554441039,999891.2554441039,999999.9999999999
2025-02-02T13:00:00.000+0000,999891.2554441039,999891.2554441039,999999.9999999999
2025-02-02T13:10:00.000+0000,999891.2554441039,999891.2554441039,999999.9999999999
2025-02-02T13:20:00.000+0000,999891.2554441039,999891.2554441039,999999.9999999999
2025-02-02T13:30:00.000+0000,999891.2554441039,999891.2554441039,999999.9999999999
2025-02-02T13:40:00.000+0000,999891.2554441039,999891.2554441039,999999.9999999999
2025-02-02T13:50:00.000+0000,999891.2554441039,999891.2554441039,999999.9999999999
2025-02-02T14:00:00.000+0000,999891.2554441039,999891.2554441039,999999.9999999999
2025-02-02T14:10:00.000+0000,999891.2554441039,999891.2554441039,999999.9999999999
2025-02-02T14:20:00.000+0000,999891.2554441039,999891.2554441039,999999.9999999999
2025-02-02T14:30:00.000+0000,999891.2554441039,999891.2554441039,999999.9999999999
2025-02-02T14:40:00.000+0000,999891.2554441039,999891.2554441039,999999.9999999999
2025-02-02T14:50:00.000+0000,999891.2554441039,999891.2554441039,999999.9999999999
2025-02-02T15:00:00.000+0000,999891.2554441039,999891.2554441039,999999.9999999999
2025-02-02T15:10:00.000+0000,999891.2554441039,999891.2554441039,999999.9999999999
2025-02-02T15:20:00.000+0000,999891.2554441039,999891.2554441039,999999.9999999999
2025-02-02T15:30:00.000+0000,999891.2554441039,999891.2554441039,999999.9999999999
2025-02-02T15:40:00.000+0000,999891.2554441039,999891.2554441039,999999.9999999999
2025-02-02T15:50:00.000+0000,999891.2554441039,999891.2554441039,999999.9999999999
2025-02-02T16:00:00.000+0000,999891.2554441039,999891.2554441039,999999.9999999999
2025-02-02T16:10:00.000+0000,999891.2554441039,999891.2554441039,999999.9999999999
2025-02-02T16:20:00.000+0000,999891.2554441039,999891.2554441039,999999.9999999999
2025-02-02T16:30:00.000+0000,999891.2554441039,999891.2554441039,999999.9999999999
2025-02-02T16:40:00.000+0000,999891.2554441039,999891.2554441039,999999.9999999999
2025-02-02T16:50:00.000+0000,999891.2554441039,999891.2554441039,999999.9999999999
2025-02-02T17:00:00.000+0000,999891.2554441039,999891.2554441039,999999.9999999999
2025-02-02T17:10:00.000+0000,999891.2554441039,999891.2554441039,999999.9999999999
2025-02-02T17:20:00.000+0000,999891.2554441039,999891.2554441039,999999.9999999999
2025-02-02T17:30:00.000+0000,999891.2554441039,999891.2554441039,999999.9999999999
2025-02-02T17:40:00.000+0000,999891.2554441039,999891.2554441039,999999.9999999999
2025-02-02T17:50:00.000+0000,999891.2554441039,999891.2554441039,999999.9999999999
2025-02-02T18:00:00.000+0000,999891.2554441039,999891.2554441039,999999.9999999999
2025-02-02T18:10:00.000+0000,999891.2554441039,999891.2554441039,999999.9999999999
2025-02-02T18:20:00.000+0000,999891.2554441039,999891.2554441039,999999.9999999999
2025-02-02T18:30:00.000+0000,999891.2554441039,999891.2554441039,999999.9999999999
2025-02-02T18:40:00.000+0000,999891.2554441039,999891.2554441039,999999.9999999999
2025-02-02T18:50:00.000+0000,999891.2554441039,999891.2554441039,999999.9999999999
2025-02-02T19:00:00.000+0000,999891.2554441039,999891.2554441039,999999.9999999999
2025-02-02T19:10:00.000+0000,999891.2554441039,999891.2554441039,999999.9999999999
2025-02-02T19:20:00.000+0000,999891.2554441039,999891.2554441039,999999.9999999999
2025-02-02T19:30:00.000+0000,999891.2554441039,999891.2554441039,999999.9999999999
2025-02-02T19:40:00.000+0000,999891.2554441039,999891.2554441039,999999.9999999999
2025-02-02T19:50:00.000+0000,999891.2554441039,999891.2554441039,999999.9999999999
2025-02-02T20:00:00.000+0000,999891.2554441039,999891.2554441039,999999.9999999999
2025-02-02T20:10:00.000+0000,999891.2554441039,999891.2554441039,999999.9999999999
2025-02-02T20:20:00.000+0000,999891.2554441039,999891.2554441039,999999.9999999999
2025-02-02T20:30:00.000+0000,999891.2554441039,999891.2554441039,999999.9999999999
2025-02-02T20:40:00.000+0000,999891.2554441039,999891.2554441039,999999.9999999999
2025-02-02T20:50:00.000+0000,999891.2554441039,999891.2554441039,999999.9999999999
2025-02-02T21:00:00.000+0000,999891.2554441039,999891.2554441039,999999.9999999999
2025-02-02T21:10:00.000+0000,999891.2554441039,999891.2554441039,999999.9999999999
2025-02-02T21:20:00.000+0000,999891.2554441039,999891.2554441039,999999.9999999999
2025-02-02T21:30:00.000+0000,999891.2554441039,999891.2554441039,999999.9999999999
2025-02-02T21:40:00.000+0000,999891.2554441039,999891.2554441039,999999.9999999999
2025-02-02T21:50:00.000+0000,999891.2554441039,999891.2554441039,999999.9999999999
2025-02-02T22:00:00.000+0000,999891.2554441039,999891.2554441039,999999.9999999999
2025-02-02T22:10:00.000+0000,999891.2554441039,999891.2554441039,999999.9999999999
2025-02-02T22:20:00.000+0000,999891.2554441039,999891.2554441039,999999.9999999999
2025-02-02T22:30:00.000+0000,999891.2554441039,999891.2554441039,999999.9999999999
2025-02-02T22:40:00.000+0000,999891.2554441039,999891.2554441039,999999.9999999999
2025-02-02T22:50:00.000+0000,999891.2554441039,999891.2554441039,999999.9999999999
2025-02-02T23:00:00.000+0000,999891.2554441039,999891.2554441039,999999.9999999999
2025-02-02T23:10:00.000+0000,999891.2554441039,999891.2554441039,999999.9999999999
2025-02-02T23:20:00.000+0000,999891.2554441039,999891.2554441039,999999.9999999999
2025-02-02T23:30:00.000+0000,999891.2554441039,999891.2554441039,999999.9999999999
2025-02-02T23:40:00.000+0000,999891.2554441039,999891.2554441039,999999.9999999999
2025-02-02T23:50:00.000+0000,999891.2554441039,999891.2554441039,999999.9999999999
2025-02-03T00:00:00.000+0000,999891.2554441039,999891.2554441039,999999.9999999999
2025-02-03T00:10:00.000+0000,999891.2554441039,999891.2554441039,999999.9999999999
2025-02-03T00:20:00.000+0000,999891.2554441039,999891.2554441039,999999.9999999999
2025-02-03T00:30:00.000+0000,999891.2554441039,999891.2554441039,999999.9999999999
2025-02-03T00:40:00.000+0000,999891.2554441039,999891.2554441039,999999.9999999999
2025-02-03T00:50:00.000+0000,999891.2554441039,999891.2554441039,999999.9999999999
2025-02-03T01:00:00.000+0000,999891.2554441039,999891.2554441039,999999.9999999999
2025-02-03T01:10:00.000+0000,999891.2554441039,999891.2554441039,999999.9999999999
2025-02-03T01:20:00.000+0000,999891.2554441039,999891.2554441039,999999.9999999999
2025-02-03T01:30:00.000+0000,999891.2554441039,999891.2554441039,999999.9999999999
2025-02-03T01:40:00.000+0000,999891.2554441039,999891.2554441039,999999.9999999999
2025-02-03T01:50:00.000+0000,999891.2554441039,999891.2554441039,999999.9999999999
2025-02-03T02:00:00.000+0000,999891.2554441039,999891.2554441039,999999.9999999999
2025-02-03T02:10:00.000+0000,999891.2554441039,999891.2554441039,999999.9999999999
2025-02-03T02:20:00.000+0000,999891.2554441039,999891.2554441039,999999.9999999999
2025-02-03T02:30:00.000+0000,999891.2554441039,999891.2554441039,999999.9999999999
2025-02-03T02:40:00.000+0000,999891.2554441039,999891.2554441039,999999.9999999999
2025-02-03T02:50:00.000+0000,999891.2554441039,999891.2554441039,999999.9999999999
2025-02-03T03:00:00.000+0000,999891.2554441039,999891.2554441039,999999.9999999999
2025-02-03T03:10:00.000+0000,999891.2554441039,999891.2554441039,999999.9999999999
2025-02-03T03:20:00.000+0000,999891.2554441039,999891.2554441039,999999.9999999999
2025-02-03T03:30:00.000+0000,999891.2554441039,999891.2554441039,999999.9999999999
2025-02-03T03:40:00.000+0000,999891.2554441039,999891.2554441039,999999.9999999999
2025-02-03T03:50:00.000+0000,999891.2554441039,999891.2554441039,999999.9999999999
2025-02-03T04:00:00.000+0000,999891.2554441039,999891.2554441039,999999.9999999999
2025-02-03T04:10:00.000+0000,999891.2554441039,999891.2554441039,999999.9999999999
2025-02-03T04:20:00.000+0000,999891.2554441039,999891.2554441039,999999.9999999999
2025-02-03T04:30:00.000+0000,999891.2554441039,999891.2554441039,999999.9999999999
2025-02-03T04:40:00.000+0000,999891.2554441039,999891.2554441039,999999.9999999999
2025-02-03T04:50:00.000+0000,999891.2554441039,999891.2554441039,999999.9999999999
2025-02-03T05:00:00.000+0000,999891.2554441039,999891.2554441039,999999.9999999999
2025-02-03T05:10:00.000+0000,999891.2554441039,999891.2554441039,999999.9999999999
2025-02-03T05:20:00.000+0000,999891.2554441039,999891.2554441039,999999.9999999999
2025-02-03T05:30:00.000+0000,999891.2554441039,999891.2554441039,999999.9999999999
2025-02-03T05:40:00.000+0000,999891.2554441039,999891.2554441039,999999.9999999999
2025-02-03T05:50:00.000+0000,999891.2554441039,999891.2554441039,999999.9999999999
2025-02-03T06:00:00.000+0000,999891.2554441039,999891.2554441039,999999.9999999999
2025-02-03T06:10:00.000+0000,999891.2554441039,999891.2554441039,999999.9999999999
2025-02-03T06:20:00.000+0000,999891.2554441039,999891.2554441039,999999.9999999999
2025-02-03T06:30:00.000+0000,999891.2554441039,999891.2554441039,999999.9999999999
2025-02-03T06:40:00.000+0000,999891.2554441039,999891.2554441039,999999.9999999999
2025-02-03T06:50:00.000+0000,999891.2554441039,999891.2554441039,999999.9999999999
2025-02-03T07:00:00.000+0000,999891.2554441039,999891.2554441039,999999.9999999999
2025-02-03T07:10:00.000+0000,999891.2554441039,999891.2554441039,999999.9999999999
2025-02-03T07:20:00.000+0000,999891.2554441039,999891.2554441039,999999.9999999999
2025-02-03T07:30:00.000+0000,999891.2554441039,999891.2554441039,999999.9999999999
2025-02-03T07:40:00.000+0000,999891.2554441039,999891.2554441039,999999.9999999999
2025-02-03T07:50:00.000+0000,999891.2554441039,999891.2554441039,999999.9999999999
2025-02-03T08:00:00.000+0000,999891.2554441039,999891.2554441039,999999.9999999999
2025-02-03T08:10:00.000+0000,999891.2554441039,999891.2554441039,999999.9999999999
2025-02-03T08:20:00.000+0000,999891.2554441039,999891.2554441039,999999.9999999999
2025-02-03T08:30:00.000+0000,999891.2554441039,999891.2554441039,999999.9999999999
2025-02-03T08:40:00.000+0000,999891.2554441039,999891.2554441039,999999.9999999999
2025-02-03T08:50:00.000+0000,999891.2554441039,999891.2554441039,999999.9999999999
2025-02-03T09:00:00.000+0000,999891.2554441039,999891.2554441039,999999.9999999999
2025-02-03T09:10:00.000+0000,999891.2554441039,999891.2554441039,999999.9999999999
2025-02-03T09:20:00.000+0000,999891.2554441039,999891.2554441039,999999.9999999999
2025-02-03T09:30:00.000+0000,999891.2554441039,999891.2554441039,999999.9999999999
2025-02-03T09:40:00.000+0000,999891.2554441039,999891.2554441039,999999.9999999999
2025-02-03T09:50:00.000+0000,999891.2554441039,999891.2554441039,999999.9999999999
2025-02-03T10:00:00.000+0000,999891.2554441039,999891.2554441039,999999.9999999999
2025-02-03T10:10:00.000+0000,999891.2554441039,999891.2554441039,999999.9999999999
2025-02-03T10:20:00.000+0000,999891.2554441039,999891.2554441039,999999.9999999999
2025-02-03T10:30:00.000+0000,999891.2554441039,999891.2554441039,999999.9999999999
2025-02-03T10:40:00.000+0000,999891.2554441039,999891.2554441039,999999.9999999999
2025-02-03T10:50:00.000+0000,999891.2554441039,999891.2554441039,999999.9999999999
2025-02-03T11:00:00.000+0000,999891.2554441039,999891.2554441039,999999.9999999999
2025-02-03T11:10:00.000+0000,999891.2554441039,999891.2554441039,999999.9999999999
2025-02-03T11:20:00.000+0000,999891.2554441039,999891.2554441039,999999.9999999999
2025-02-03T11:30:00.000+0000,999891.2554441039,999891.2554441039,999999.9999999999
2025-02-03T11:40:00.000+0000,999891.2554441039,999891.2554441039,999999.9999999999
2025-02-03T11:50:00.000+0000,999891.2554441039,999891.2554441039,999999.9999999999
2025-02-03T12:00:00.000+0000,999891.2554441039,999891.2554441039,999999.9999999999
2025-02-03T12:10:00.000+0000,999891.2554441039,999891.2554441039,999999.9999999999
2025-02-03T12:20:00.000+0000,999891.2554441039,999891.2554441039,999999.9999999999
2025-02-03T12:30:00.000+0000,999891.2554441039,999891.2554441039,999999.9999999999
2025-02-03T12:40:00.000+0000,999891.2554441039,999891.2554441039,999999.9999999999
2025-02-03T12:50:00.000+0000,999891.2554441039,999891.2554441039,999999.9999999999
2025-02-03T13:00:00.000+0000,999891.2554441039,999891.2554441039,999999.9999999999
2025-02-03T13:10:00.000+0000,999891.2554441039,999891.2554441039,999999.9999999999
2025-02-03T13:20:00.000+0000,999891.2554441039,999891.2554441039,999999.9999999999
2025-02-03T13:30:00.000+0000,999891.2554441039,999891.2554441039,999999.9999999999
2025-02-03T13:40:00.000+0000,999891.2554441039,999891.2554441039,999999.9999999999
2025-02-03T13:50:00.000+0000,999891.2554441039,999891.2554441039,999999.9999999999
2025-02-03T14:00:00.000+0000,999891.2554441039,999891.2554441039,999999.9999999999
2025-02-03T14:10:00.000+0000,999891.2554441039,999891.2554441039,999999.9999999999
2025-02-03T14:20:00.000+0000,999891.2554441039,999891.2554441039,999999.9999999999
2025-02-03T14:30:00.000+0000,999891.2554441039,999891.2554441039,999999.9999999999
2025-02-03T14:40:00.000+0000,999891.2554441039,999891.2554441039,999999.9999999999
2025-02-03T14:50:00.000+0000,999891.2554441039,999891.2554441039,999999.9999999999
2025-02-03T15:00:00.000+0000,999891.2554441039,999891.2554441039,999999.9999999999
2025-02-03T15:10:00.000+0000,999891.2554441039,999891.2554441039,999999.9999999999
2025-02-03T15:20:00.000+0000,999891.2554441039,999891.2554441039,999999.9999999999
2025-02-03T15:30:00.000+0000,999891.2554441039,999891.2554441039,999999.9999999999
2025-02-03T15:40:00.000+0000,999891.2554441039,999891.2554441039,999999.9999999999
2025-02-03T15:50:00.000+0000,999891.2554441039,999891.2554441039,999999.9999999999
2025-02-03T16:00:00.000+0000,999891.2554441039,999891.2554441039,999999.9999999999
2025-02-03T16:10:00.000+0000,999891.2554441039,999891.2554441039,999999.9999999999
2025-02-03T16:20:00.000+0000,999891.2554441039,999891.2554441039,999999.9999999999
2025-02-03T16:30:00.000+0000,999891.2554441039,999891.2554441039,999999.9999999999
2025-02-03T16:40:00.000+0000,999891.2554441039,999891.2554441039,999999.9999999999
2025-02-03T16:50:00.000+0000,999891.2554441039,999891.2554441039,999999.9999999999
2025-02-03T17:00:00.000+0000,999891.2554441039,999891.2554441039,999999.9999999999
2025-02-03T17:10:00.000+0000,999891.2554441039,999891.2554441039,999999.9999999999
2025-02-03T17:20:00.000+0000,999891.2554441039,999891.2554441039,999999.9999999999
2025-02-03T17:30:00.000+0000,999891.2554441039,999891.2554441039,999999.9999999999
2025-02-03T17:40:00.000+0000,999891.2554441039,999891.2554441039,999999.9999999999
2025-02-03T17:50:00.000+0000,999891.2554441039,999891.2554441039,999999.9999999999
2025-02-03T18:00:00.000+0000,999891.2554441039,999891.2554441039,999999.9999999999
2025-02-03T18:10:00.000+0000,999891.2554441039,999891.2554441039,999999.9999999999
2025-02-03T18:20:00.000+0000,999891.2554441039,999891.2554441039,999999.9999999999
2025-02-03T18:30:00.000+0000,999891.2554441039,999891.2554441039,999999.9999999999
2025-02-03T18:40:00.000+0000,999891.2554441039,999891.2554441039,999999.9999999999
2025-02-03T18:50:00.000+0000,999891.2554441039,999891.2554441039,999999.9999999999
2025-02-03T19:00:00.000+0000,999891.2554441039,999891.2554441039,999999.9999999999
2025-02-03T19:10:00.000+0000,999891.2554441039,999891.2554441039,999999.9999999999
2025-02-03T19:20:00.000+0000,999891.2554441039,999891.2554441039,999999.9999999999
2025-02-03T19:30:00.000+0000,999891.2554441039,999891.2554441039,999999.9999999999
2025-02-03T19:40:00.000+0000,999891.2554441039,999891.2554441039,999999.9999999999
2025-02-03T19:50:00.000+0000,999891.2554441039,999891.2554441039,999999.9999999999
2025-02-03T20:00:00.000+0000,999891.2554441039,999891.2554441039,999999.9999999999
2025-02-03T20:10:00.000+0000,999891.2554441039,999891.2554441039,999999.9999999999
2025-02-03T20:20:00.000+0000,999891.2554441039,999891.2554441039,999999.9999999999
2025-02-03T20:30:00.000+0000,999891.2554441039,999891.2554441039,999999.9999999999
2025-02-03T20:40:00.000+0000,999891.2554441039,999891.2554441039,999999.9999999999
2025-02-03T20:50:00.000+0000,999891.2554441039,999891.2554441039,999999.9999999999
2025-02-03T21:00:00.000+0000,999891.2554441039,999891.2554441039,999999.9999999999
2025-02-03T21:10:00.000+0000,999891.2554441039,999891.2554441039,999999.9999999999
2025-02-03T21:20:00.000+0000,999891.2554441039,999891.2554441039,999999.9999999999
2025-02-03T21:30:00.000+0000,999891.2554441039,999891.2554441039,999999.9999999999
2025-02-03T21:40:00.000+0000,999891.2554441039,999891.2554441039,999999.9999999999
2025-02-03T21:50:00.000+0000,999891.2554441039,999891.2554441039,999999.9999999999
2025-02-03T22:00:00.000+0000,999891.2554441039,999891.2554441039,999999.9999999999
2025-02-03T22:10:00.000+0000,999891.2554441039,999891.2554441039,999999.9999999999
2025-02-03T22:20:00.000+0000,999891.2554441039,999891.2554441039,999999.9999999999
2025-02-03T22:30:00.000+0000,999891.2554441039,999891.2554441039,999999.9999999999
2025-02-03T22:40:00.000+0000,999891.2554441039,999891.2554441039,999999.9999999999
2025-02-03T22:50:00.000+0000,999891.2554441039,999891.2554441039,999999.9999999999
2025-02-03T23:00:00.000+0000,999891.2554441039,999891.2554441039,999999.9999999999
2025-02-03T23:10:00.000+0000,999891.2554441039,999891.2554441039,999999.9999999999
2025-02-03T23:20:00.000+0000,999891.2554441039,999891.2554441039,999999.9999999999
2025-02-03T23:30:00.000+0000,999891.2554441039,999891.2554441039,999999.9999999999
2025-02-03T23:40:00.000+0000,999891.2554441039,999891.2554441039,999999.9999999999
2025-02-03T23:50:00.000+0000,999891.2554441039,999891.2554441039,999999.9999999999
2025-02-04T00:00:00.000+0000,999891.2554441039,999891.2554441039,999999.9999999999
2025-02-04T00:10:00.000+0000,999891.2554441039,999891.2554441039,999999.9999999999
2025-02-04T00:20:00.000+0000,999891.2554441039,999891.2554441039,999999.9999999999
2025-02-04T00:30:00.000+0000,999891.2554441039,999891.2554441039,999999.9999999999
2025-02-04T00:40:00.000+0000,999891.2554441039,999891.2554441039,999999.9999999999
2025-02-04T00:50:00.000+0000,999891.2554441039,999891.2554441039,999999.9999999999
2025-02-04T01:00:00.000+0000,999891.2554441039,999891.2554441039,999999.9999999999
2025-02-04T01:10:00.000+0000,999891.2554441039,999891.2554441039,999999.9999999999
2025-02-04T01:20:00.000+0000,999891.2554441039,999891.2554441039,999999.9999999999
2025-02-04T01:30:00.000+0000,999891.2554441039,999891.2554441039,999999.9999999999
2025-02-04T01:40:00.000+0000,999891.2554441039,999891.2554441039,999999.9999999999
2025-02-04T01:50:00.000+0000,999891.2554441039,999891.2554441039,999999.9999999999
2025-02-04T02:00:00.000+0000,999891.2554441039,999891.2554441039,999999.9999999999
2025-02-04T02:10:00.000+0000,999891.2554441039,999891.2554441039,999999.9999999999
2025-02-04T02:20:00.000+0000,999891.2554441039,999891.2554441039,999999.9999999999
2025-02-04T02:30:00.000+0000,999891.2554441039,999891.2554441039,999999.9999999999
2025-02-04T02:40:00.000+0000,999891.2554441039,999891.2554441039,999999.9999999999
2025-02-04T02:50:00.000+0000,999891.2554441039,999891.2554441039,999999.9999999999
2025-02-04T03:00:00.000+0000,999891.2554441039,999891.2554441039,999999.9999999999
2025-02-04T03:10:00.000+0000,999891.2554441039,999891.2554441039,999999.9999999999
2025-02-04T03:20:00.000+0000,999891.2554441039,999891.2554441039,999999.9999999999
2025-02-04T03:30:00.000+0000,999891.2554441039,999891.2554441039,999999.9999999999
2025-02-04T03:40:00.000+0000,999891.2554441039,999891.2554441039,999999.9999999999
2025-02-04T03:50:00.000+0000,999891.2554441039,999891.2554441039,999999.9999999999
2025-02-04T04:00:00.000+0000,999891.2554441039,999891.2554441039,999999.9999999999
2025-02-04T04:10:00.000+0000,999891.2554441039,999891.2554441039,999999.9999999999
2025-02-04T04:20:00.000+0000,999891.2554441039,999891.2554441039,999999.9999999999
2025-02-04T04:30:00.000+0000,999891.2554441039,999891.2554441039,999999.9999999999
2025-02-04T04:40:00.000+0000,999891.2554441039,999891.2554441039,999999.9999999999
2025-02-04T04:50:00.000+0000,999891.2554441039,999891.2554441039,999999.9999999999
2025-02-04T05:00:00.000+0000,999891.2554441039,999891.2554441039,999999.9999999999
2025-02-04T05:10:00.000+0000,999891.2554441039,999891.2554441039,999999.9999999999
2025-02-04T05:20:00.000+0000,999891.2554441039,999891.2554441039,999999.9999999999
2025-02-04T05:30:00.000+0000,999891.2554441039,999891.2554441039,999999.9999999999
2025-02-04T05:40:00.000+0000,999891.2554441039,999891.2554441039,999999.9999999999
2025-02-04T05:50:00.000+0000,999891.2554441039,999891.2554441039,999999.9999999999
2025-02-04T06:00:00.000+0000,999891.2554441039,999891.2554441039,999999.9999999999
2025-02-04T06:10:00.000+0000,999891.2554441039,999891.2554441039,999999.9999999999
2025-02-04T06:20:00.000+0000,999891.2554441039,999891.2554441039,999999.9999999999
2025-02-04T06:30:00.000+0000,999891.2554441039,999891.2554441039,999999.9999999999
2025-02-04T06:40:00.000+0000,999891.2554441039,999891.2554441039,999999.9999999999
2025-02-04T06:50:00.000+0000,999891.2554441039,999891.2554441039,999999.9999999999
2025-02-04T07:00:00.000+0000,999891.2554441039,999891.2554441039,999999.9999999999
2025-02-04T07:10:00.000+0000,999891.2554441039,999891.2554441039,999999.9999999999
2025-02-04T07:20:00.000+0000,999891.2554441039,999891.2554441039,999999.9999999999
2025-02-04T07:30:00.000+0000,999891.2554441039,999891.2554441039,999999.9999999999
2025-02-04T07:40:00.000+0000,999891.2554441039,999891.2554441039,999999.9999999999
2025-02-04T07:50:00.000+0000,999891.2554441039,999891.2554441039,999999.9999999999
2025-02-04T08:00:00.000+0000,999891.2554441039,999891.2554441039,999999.9999999999
2025-02-04T08:10:00.000+0000,999891.2554441039,999891.2554441039,999999.9999999999
2025-02-04T08:20:00.000+0000,999891.2554441039,999891.2554441039,999999.9999999999
2025-02-04T08:30:00.000+0000,999891.2554441039,999891.2554441039,999999.9999999999
2025-02-04T08:40:00.000+0000,999891.2554441039,999891.2554441039,999999.9999999999
2025-02-04T08:50:00.000+0000,999891.2554441039,999891.2554441039,999999.9999999999
2025-02-04T09:00:00.000+0000,999891.2554441039,999891.2554441039,999999.9999999999
2025-02-04T09:10:00.000+0000,999891.2554441039,999891.2554441039,999999.9999999999
2025-02-04T09:20:00.000+0000,999891.2554441039,999891.2554441039,999999.9999999999
2025-02-04T09:30:00.000+0000,999891.2554441039,999891.2554441039,999999.9999999999
2025-02-04T09:40:00.000+0000,999891.2554441039,999891.2554441039,999999.9999999999
2025-02-04T09:50:00.000+0000,999891.2554441039,999891.2554441039,999999.9999999999
2025-02-04T10:00:00.000+0000,999891.2554441039,999891.2554441039,999999.9999999999
2025-02-04T10:10:00.000+0000,999891.2554441039,999891.2554441039,999999.9999999999
2025-02-04T10:20:00.000+0000,999891.2554441039,999891.2554441039,999999.9999999999
2025-02-04T10:30:00.000+0000,999891.2554441039,999891.2554441039,999999.9999999999
2025-02-04T10:40:00.000+0000,999891.2554441039,999891.2554441039,999999.9999999999
2025-02-04T10:50:00.000+0000,999891.2554441039,999891.2554441039,999999.9999999999
2025-02-04T11:00:00.000+0000,999891.2554441039,999891.2554441039,999999.9999999999
2025-02-04T11:10:00.000+0000,999891.2554441039,999891.2554441039,999999.9999999999
2025-02-04T11:20:00.000+0000,999891.2554441039,999891.2554441039,999999.9999999999
2025-02-04T11:30:00.000+0000,999891.2554441039,999891.2554441039,999999.9999999999
2025-02-04T11:40:00.000+0000,999891.2554441039,999891.2554441039,999999.9999999999
2025-02-04T11:50:00.000+0000,999891.2554441039,999891.2554441039,999999.9999999999
2025-02-04T12:00:00.000+0000,999891.2554441039,999891.2554441039,999999.9999999999
2025-02-04T12:10:00.000+0000,999891.2554441039,999891.2554441039,999999.9999999999
2025-02-04T12:20:00.000+0000,999891.2554441039,999891.2554441039,999999.9999999999
2025-02-04T12:30:00.000+0000,999891.2554441039,999891.2554441039,999999.9999999999
2025-02-04T12:40:00.000+0000,999891.2554441039,999891.2554441039,999999.9999999999
2025-02-04T12:50:00.000+0000,999891.2554441039,999891.2554441039,999999.9999999999
2025-02-04T13:00:00.000+0000,999891.2554441039,999891.2554441039,999999.9999999999
2025-02-04T13:10:00.000+0000,999891.2554441039,999891.2554441039,999999.9999999999
2025-02-04T13:20:00.000+0000,999891.2554441039,999891.2554441039,999999.9999999999
2025-02-04T13:30:00.000+0000,999891.2554441039,999891.2554441039,999999.9999999999
2025-02-04T13:40:00.000+0000,999891.2554441039,999891.2554441039,999999.9999999999
2025-02-04T13:50:00.000+0000,999891.2554441039,999891.2554441039,999999.9999999999
2025-02-04T14:00:00.000+0000,999891.2554441039,999891.2554441039,999999.9999999999
2025-02-04T14:10:00.000+0000,999891.2554441039,999891.2554441039,999999.9999999999
2025-02-04T14:20:00.000+0000,999891.2554441039,999891.2554441039,999999.9999999999
2025-02-04T14:30:00.000+0000,999891.2554441039,999891.2554441039,999999.9999999999
2025-02-04T14:40:00.000+0000,999891.2554441039,999891.2554441039,999999.9999999999
2025-02-04T14:50:00.000+0000,999891.2554441039,999891.2554441039,999999.9999999999
2025-02-04T15:00:00.000+0000,999891.2554441039,999891.2554441039,999999.9999999999
2025-02-04T15:10:00.000+0000,999891.2554441039,999891.2554441039,999999.9999999999
2025-02-04T15:20:00.000+0000,999891.2554441039,999891.2554441039,999999.9999999999
2025-02-04T15:30:00.000+0000,999891.2554441039,999891.2554441039,999999.9999999999
2025-02-04T15:40:00.000+0000,999891.2554441039,999891.2554441039,999999.9999999999
2025-02-04T15:50:00.000+0000,999891.2554441039,999891.2554441039,999999.9999999999
2025-02-04T16:00:00.000+0000,999891.2554441039,999891.2554441039,999999.9999999999
2025-02-04T16:10:00.000+0000,999891.2554441039,999891.2554441039,999999.9999999999
2025-02-04T16:20:00.000+0000,999891.2554441039,999891.2554441039,999999.9999999999
2025-02-04T16:30:00.000+0000,999891.2554441039,999891.2554441039,999999.9999999999
2025-02-04T16:40:00.000+0000,999891.2554441039,999891.2554441039,999999.9999999999
2025-02-04T16:50:00.000+0000,999891.2554441039,999891.2554441039,999999.9999999999
2025-02-04T17:00:00.000+0000,999891.2554441039,999891.2554441039,999999.9999999999
2025-02-04T17:10:00.000+0000,999891.2554441039,999891.2554441039,999999.9999999999
2025-02-04T17:20:00.000+0000,999891.2554441039,999891.2554441039,999999.9999999999
2025-02-04T17:30:00.000+0000,999891.2554441039,999891.2554441039,999999.9999999999
2025-02-04T17:40:00.000+0000,999891.2554441039,999891.2554441039,999999.9999999999
2025-02-04T17:50:00.000+0000,999891.2554441039,999891.2554441039,999999.9999999999
2025-02-04T18:00:00.000+0000,999891.2554441039,999891.2554441039,999999.9999999999
2025-02-04T18:10:00.000+0000,999891.2554441039,999891.2554441039,999999.9999999999
2025-02-04T18:20:00.000+0000,999891.2554441039,999891.2554441039,999999.9999999999
2025-02-04T18:30:00.000+0000,999891.2554441039,999891.2554441039,999999.9999999999
2025-02-04T18:40:00.000+0000,999891.2554441039,999891.2554441039,999999.9999999999
2025-02-04T18:50:00.000+0000,999891.2554441039,999891.2554441039,999999.9999999999
2025-02-04T19:00:00.000+0000,999891.2554441039,999891.2554441039,999999.9999999999
2025-02-04T19:10:00.000+0000,999891.2554441039,999891.2554441039,999999.9999999999
2025-02-04T19:20:00.000+0000,999891.2554441039,999891.2554441039,999999.9999999999
2025-02-04T19:30:00.000+0000,999891.2554441039,999891.2554441039,999999.9999999999
2025-02-04T19:40:00.000+0000,999891.2554441039,999891.2554441039,999999.9999999999
2025-02-04T19:50:00.000+0000,999891.2554441039,999891.2554441039,999999.9999999999
2025-02-04T20:00:00.000+0000,999891.2554441039,999891.2554441039,999999.9999999999
2025-02-04T20:10:00.000+0000,999891.2554441039,999891.2554441039,999999.9999999999
2025-02-04T20:20:00.000+0000,999891.2554441039,999891.2554441039,999999.9999999999
2025-02-04T20:30:00.000+0000,999891.2554441039,999891.2554441039,999999.9999999999
2025-02-04T20:40:00.000+0000,999891.2554441039,999891.2554441039,999999.9999999999
2025-02-04T20:50:00.000+0000,999891.2554441039,999891.2554441039,999999.9999999999
2025-02-04T21:00:00.000+0000,999891.2554441039,999891.2554441039,999999.9999999999
2025-02-04T21:10:00.000+0000,999891.2554441039,999891.2554441039,999999.9999999999
2025-02-04T21:20:00.000+0000,999891.2554441039,999891.2554441039,999999.9999999999
2025-02-04T21:30:00.000+0000,999891.2554441039,999891.2554441039,999999.9999999999
2025-02-04T21:40:00.000+0000,999891.2554441039,999891.2554441039,999999.9999999999
2025-02-04T21:50:00.000+0000,999891.2554441039,999891.2554441039,999999.9999999999
2025-02-04T22:00:00.000+0000,999891.2554441039,999891.2554441039,999999.9999999999
2025-02-04T22:10:00.000+0000,999891.2554441039,999891.2554441039,999999.9999999999
2025-02-04T22:20:00.000+0000,999891.2554441039,999891.2554441039,999999.9999999999
2025-02-04T22:30:00.000+0000,999891.2554441039,999891.2554441039,999999.9999999999
2025-02-04T22:40:00.000+0000,999891.2554441039,999891.2554441039,999999.9999999999
2025-02-04T22:50:00.000+0000,999891.2554441039,999891.2554441039,999999.9999999999
2025-02-04T23:00:00.000+0000,999891.2554441039,999891.2554441039,999999.9999999999
2025-02-04T23:10:00.000+0000,999891.2554441039,999891.2554441039,999999.9999999999
2025-02-04T23:20:00.000+0000,999891.2554441039,999891.2554441039,999999.9999999999
2025-02-04T23:30:00.000+0000,999891.2554441039,999891.2554441039,999999.9999999999
2025-02-04T23:40:00.000+0000,999891.2554441039,999891.2554441039,999999.9999999999
2025-02-04T23:50:00.000+0000,999891.2554441039,999891.2554441039,999999.9999999999
2025-02-05T00:00:00.000+0000,999891.2554441039,999891.2554441039,999999.9999999999
2025-02-05T00:10:00.000+0000,999891.2554441039,999891.2554441039,999999.9999999999
2025-02-05T00:20:00.000+0000,999891.2554441039,999891.2554441039,999999.9999999999
2025-02-05T00:30:00.000+0000,999891.2554441039,999891.2554441039,999999.9999999999
2025-02-05T00:40:00.000+0000,999891.2554441039,999891.2554441039,999999.9999999999
2025-02-05T00:50:00.000+0000,999891.2554441039,999891.2554441039,999999.9999999999
2025-02-05T01:00:00.000+0000,999891.2554441039,999891.2554441039,999999.9999999999
2025-02-05T01:10:00.000+0000,999891.2554441039,999891.2554441039,999999.9999999999
2025-02-05T01:20:00.000+0000,999891.2554441039,999891.2554441039,999999.9999999999
2025-02-05T01:30:00.000+0000,999891.2554441039,999891.2554441039,999999.9999999999
2025-02-05T01:40:00.000+0000,999891.2554441039,999891.2554441039,999999.9999999999
2025-02-05T01:50:00.000+0000,999891.2554441039,999891.2554441039,999999.9999999999
2025-02-05T02:00:00.000+0000,999891.2554441039,999891.2554441039,999999.9999999999
2025-02-05T02:10:00.000+0000,999891.2554441039,999891.2554441039,999999.9999999999
2025-02-05T02:20:00.000+0000,999891.2554441039,999891.2554441039,999999.9999999999
2025-02-05T02:30:00.000+0000,999891.2554441039,999891.2554441039,999999.9999999999
2025-02-05T02:40:00.000+0000,999891.2554441039,999891.2554441039,999999.9999999999
2025-02-05T02:50:00.000+0000,999891.2554441039,999891.2554441039,999999.9999999999
2025-02-05T03:00:00.000+0000,999891.2554441039,999891.2554441039,999999.9999999999
2025-02-05T03:10:00.000+0000,999891.2554441039,999891.2554441039,999999.9999999999
2025-02-05T03:20:00.000+0000,999891.2554441039,999891.2554441039,999999.9999999999
2025-02-05T03:30:00.000+0000,999891.2554441039,999891.2554441039,999999.9999999999
2025-02-05T03:40:00.000+0000,999891.2554441039,999891.2554441039,999999.9999999999
2025-02-05T03:50:00.000+0000,999891.2554441039,999891.2554441039,999999.9999999999
2025-02-05T04:00:00.000+0000,999891.2554441039,999891.2554441039,999999.9999999999
2025-02-05T04:10:00.000+0000,999891.2554441039,999891.2554441039,999999.9999999999
2025-02-05T04:20:00.000+0000,999891.2554441039,999891.2554441039,999999.9999999999
2025-02-05T04:30:00.000+0000,999891.2554441039,999891.2554441039,999999.9999999999
2025-02-05T04:40:00.000+0000,999891.2554441039,999891.2554441039,999999.9999999999
2025-02-05T04:50:00.000+0000,999891.2554441039,999891.2554441039,999999.9999999999
2025-02-05T05:00:00.000+0000,999891.2554441039,999891.2554441039,999999.9999999999
2025-02-05T05:10:00.000+0000,999891.2554441039,999891.2554441039,999999.9999999999
2025-02-05T05:20:00.000+0000,999891.2554441039,999891.2554441039,999999.9999999999
2025-02-05T05:30:00.000+0000,999891.2554441039,999891.2554441039,999999.9999999999
2025-02-05T05:40:00.000+0000,999891.2554441039,999891.2554441039,999999.9999999999
2025-02-05T05:50:00.000+0000,999891.2554441039,999891.2554441039,999999.9999999999
2025-02-05T06:00:00.000+0000,999891.2554441039,999891.2554441039,999999.9999999999
2025-02-05T06:10:00.000+0000,999891.2554441039,999891.2554441039,999999.9999999999
2025-02-05T06:20:00.000+0000,999891.2554441039,999891.2554441039,999999.9999999999
2025-02-05T06:30:00.000+0000,999891.2554441039,999891.2554441039,999999.9999999999
2025-02-05T06:40:00.000+0000,999891.2554441039,999891.2554441039,999999.9999999999
2025-02-05T06:50:00.000+0000,999891.2554441039,999891.2554441039,999999.9999999999
2025-02-05T07:00:00.000+0000,999891.2554441039,999891.2554441039,999999.9999999999
2025-02-05T07:10:00.000+0000,999891.2554441039,999891.2554441039,999999.9999999999
2025-02-05T07:20:00.000+0000,999891.2554441039,999891.2554441039,999999.9999999999
2025-02-05T07:30:00.000+0000,999891.2554441039,999891.2554441039,999999.9999999999
2025-02-05T07:40:00.000+0000,999891.2554441039,999891.2554441039,999999.9999999999
2025-02-05T07:50:00.000+0000,999891.2554441039,999891.2554441039,999999.9999999999
2025-02-05T08:00:00.000+0000,999891.2554441039,999891.2554441039,999999.9999999999
2025-02-05T08:10:00.000+0000,999891.2554441039,999891.2554441039,999999.9999999999
2025-02-05T08:20:00.000+0000,999891.2554441039,999891.2554441039,999999.9999999999
2025-02-05T08:30:00.000+0000,999891.2554441039,999891.2554441039,999999.9999999999
2025-02-05T08:40:00.000+0000,999891.2554441039,999891.2554441039,999999.9999999999
2025-02-05T08:50:00.000+0000,999891.2554441039,999891.2554441039,999999.9999999999
2025-02-05T09:00:00.000+0000,999891.2554441039,999891.2554441039,999999.9999999999
2025-02-05T09:10:00.000+0000,999891.2554441039,999891.2554441039,999999.9999999999
2025-02-05T09:20:00.000+0000,999891.2554441039,999891.2554441039,999999.9999999999
2025-02-05T09:30:00.000+0000,999891.2554441039,999891.2554441039,999999.9999999999
2025-02-05T09:40:00.000+0000,999891.2554441039,999891.2554441039,999999.9999999999
2025-02-05T09:50:00.000+0000,999891.2554441039,999891.2554441039,999999.9999999999
2025-02-05T10:00:00.000+0000,999891.2554441039,999891.2554441039,999999.9999999999
2025-02-05T10:10:00.000+0000,999891.2554441039,999891.2554441039,999999.9999999999
2025-02-05T10:20:00.000+0000,999891.2554441039,999891.2554441039,999999.9999999999
2025-02-05T10:30:00.000+0000,999891.2554441039,999891.2554441039,999999.9999999999
2025-02-05T10:40:00.000+0000,999891.2554441039,999891.2554441039,999999.9999999999
2025-02-05T10:50:00.000+0000,999891.2554441039,999891.2554441039,999999.9999999999
2025-02-05T11:00:00.000+0000,999891.2554441039,999891.2554441039,999999.9999999999
2025-02-05T11:10:00.000+0000,999891.2554441039,999891.2554441039,999999.9999999999
2025-02-05T11:20:00.000+0000,999891.2554441039,999891.2554441039,999999.9999999999
2025-02-05T11:30:00.000+0000,999891.2554441039,999891.2554441039,999999.9999999999
2025-02-05T11:40:00.000+0000,999891.2554441039,999891.2554441039,999999.9999999999
2025-02-05T11:50:00.000+0000,999891.2554441039,999891.2554441039,999999.9999999999
2025-02-05T12:00:00.000+0000,999891.2554441039,999891.2554441039,999999.9999999999
2025-02-05T12:10:00.000+0000,999891.2554441039,999891.2554441039,999999.9999999999
2025-02-05T12:20:00.000+0000,999891.2554441039,999891.2554441039,999999.9999999999
2025-02-05T12:30:00.000+0000,999891.2554441039,999891.2554441039,999999.9999999999
2025-02-05T12:40:00.000+0000,999891.2554441039,999891.2554441039,999999.9999999999
2025-02-05T12:50:00.000+0000,999891.2554441039,999891.2554441039,999999.9999999999
2025-02-05T13:00:00.000+0000,999891.2554441039,999891.2554441039,999999.9999999999
2025-02-05T13:10:00.000+0000,999891.2554441039,999891.2554441039,999999.9999999999
2025-02-05T13:20:00.000+0000,999891.2554441039,999891.2554441039,999999.9999999999
2025-02-05T13:30:00.000+0000,999891.2554441039,999891.2554441039,999999.9999999999
2025-02-05T13:40:00.000+0000,999891.2554441039,999891.2554441039,999999.9999999999
2025-02-05T13:50:00.000+0000,999891.2554441039,999891.2554441039,999999.9999999999
2025-02-05T14:00:00.000+0000,999891.2554441039,999891.2554441039,999999.9999999999
2025-02-05T14:10:00.000+0000,999891.2554441039,999891.2554441039,999999.9999999999
2025-02-05T14:20:00.000+0000,999891.2554441039,999891.2554441039,999999.9999999999
2025-02-05T14:30:00.000+0000,999891.2554441039,999891.2554441039,999999.9999999999
2025-02-05T14:40:00.000+0000,999891.2554441039,999891.2554441039,999999.9999999999
2025-02-05T14:50:00.000+0000,999891.2554441039,999891.2554441039,999999.9999999999
2025-02-05T15:00:00.000+0000,999891.2554441039,999891.2554441039,999999.9999999999
2025-02-05T15:10:00.000+0000,999891.2554441039,999891.2554441039,999999.9999999999
2025-02-05T15:20:00.000+0000,999891.2554441039,999891.2554441039,999999.9999999999
2025-02-05T15:30:00.000+0000,999891.2554441039,999891.2554441039,999999.9999999999
2025-02-05T15:40:00.000+0000,999891.2554441039,999891.2554441039,999999.9999999999
2025-02-05T15:50:00.000+0000,999891.2554441039,999891.2554441039,999999.9999999999
2025-02-05T16:00:00.000+0000,999891.2554441039,999891.2554441039,999999.9999999999
2025-02-05T16:10:00.000+0000,999891.2554441039,999891.2554441039,999999.9999999999
2025-02-05T16:20:00.000+0000,999891.2554441039,999891.2554441039,999999.9999999999
2025-02-05T16:30:00.000+0000,999891.2554441039,999891.2554441039,999999.9999999999
2025-02-05T16:40:00.000+0000,999891.2554441039,999891.2554441039,999999.9999999999
2025-02-05T16:50:00.000+0000,999891.2554441039,999891.2554441039,999999.9999999999
2025-02-05T17:00:00.000+0000,999891.2554441039,999891.2554441039,999999.9999999999
2025-02-05T17:10:00.000+0000,999891.2554441039,999891.2554441039,999999.9999999999
2025-02-05T17:20:00.000+0000,999891.2554441039,999891.2554441039,999999.9999999999
2025-02-05T17:30:00.000+0000,999891.2554441039,999891.2554441039,999999.9999999999
2025-02-05T17:40:00.000+0000,999891.2554441039,999891.2554441039,999999.9999999999
2025-02-05T17:50:00.000+0000,999891.2554441039,999891.2554441039,999999.9999999999
2025-02-05T18:00:00.000+0000,999891.2554441039,999891.2554441039,999999.9999999999
2025-02-05T18:10:00.000+0000,999891.2554441039,999891.2554441039,999999.9999999999
2025-02-05T18:20:00.000+0000,999891.2554441039,999891.2554441039,999999.9999999999
2025-02-05T18:30:00.000+0000,999891.2554441039,999891.2554441039,999999.9999999999
2025-02-05T18:40:00.000+0000,999891.2554441039,999891.2554441039,999999.9999999999
2025-02-05T18:50:00.000+0000,999891.2554441039,999891.2554441039,999999.9999999999
2025-02-05T19:00:00.000+0000,999891.2554441039,999891.2554441039,999999.9999999999
2025-02-05T19:10:00.000+0000,999891.2554441039,999891.2554441039,999999.9999999999
2025-02-05T19:20:00.000+0000,999891.2554441039,999891.2554441039,999999.9999999999
2025-02-05T19:30:00.000+0000,999891.2554441039,999891.2554441039,999999.9999999999
2025-02-05T19:40:00.000+0000,999891.2554441039,999891.2554441039,999999.9999999999
2025-02-05T19:50:00.000+0000,999891.2554441039,999891.2554441039,999999.9999999999
2025-02-05T20:00:00.000+0000,999891.2554441039,999891.2554441039,999999.9999999999
2025-02-05T20:10:00.000+0000,999891.2554441039,999891.2554441039,999999.9999999999
2025-02-05T20:20:00.000+0000,999891.2554441039,999891.2554441039,999999.9999999999
2025-02-05T20:30:00.000+0000,999891.2554441039,999891.2554441039,999999.9999999999
2025-02-05T20:40:00.000+0000,999891.2554441039,999891.2554441039,999999.9999999999
2025-02-05T20:50:00.000+0000,999891.2554441039,999891.2554441039,999999.9999999999
2025-02-05T21:00:00.000+0000,999891.2554441039,999891.2554441039,999999.9999999999
2025-02-05T21:10:00.000+0000,999891.2554441039,999891.2554441039,999999.9999999999
2025-02-05T21:20:00.000+0000,999891.2554441039,999891.2554441039,999999.9999999999
2025-02-05T21:30:00.000+0000,999891.2554441039,999891.2554441039,999999.9999999999
2025-02-05T21:40:00.000+0000,999891.2554441039,999891.2554441039,999999.9999999999
2025-02-05T21:50:00.000+0000,999891.2554441039,999891.2554441039,999999.9999999999
2025-02-05T22:00:00.000+0000,999891.2554441039,999891.2554441039,999999.9999999999
2025-02-05T22:10:00.000+0000,999891.2554441039,999891.2554441039,999999.9999999999
2025-02-05T22:20:00.000+0000,999891.2554441039,999891.2554441039,999999.9999999999
2025-02-05T22:30:00.000+0000,999891.2554441039,999891.2554441039,999999.9999999999
2025-02-05T22:40:00.000+0000,999891.2554441039,999891.2554441039,999999.9999999999
2025-02-05T22:50:00.000+0000,999891.2554441039,999891.2554441039,999999.9999999999
2025-02-05T23:00:00.000+0000,999891.2554441039,999891.2554441039,999999.9999999999
2025-02-05T23:10:00.000+0000,999891.2554441039,999891.2554441039,999999.9999999999
2025-02-05T23:20:00.000+0000,999891.2554441039,999891.2554441039,999999.9999999999
2025-02-05T23:30:00.000+0000,999891.2554441039,999891.2554441039,999999.9999999999
2025-02-05T23:40:00.000+0000,999891.2554441039,999891.2554441039,999999.9999999999
2025-02-05T23:50:00.000+0000,999891.2554441039,999891.2554441039,999999.9999999999
2025-02-06T00:00:00.000+0000,999891.2554441039,999891.2554441039,999999.9999999999
2025-02-06T00:10:00.000+0000,999891.2554441039,999891.2554441039,999999.9999999999
2025-02-06T00:20:00.000+0000,999891.2554441039,999891.2554441039,999999.9999999999
2025-02-06T00:30:00.000+0000,999891.2554441039,999891.2554441039,999999.9999999999
2025-02-06T00:40:00.000+0000,999891.2554441039,999891.2554441039,999999.9999999999
2025-02-06T00:50:00.000+0000,999891.2554441039,999891.2554441039,999999.9999999999
2025-02-06T01:00:00.000+0000,999891.2554441039,999891.2554441039,999999.9999999999
2025-02-06T01:10:00.000+0000,999891.2554441039,999891.2554441039,999999.9999999999
2025-02-06T01:20:00.000+0000,999891.2554441039,999891.2554441039,999999.9999999999
2025-02-06T01:30:00.000+0000,999891.2554441039,999891.2554441039,999999.9999999999
2025-02-06T01:40:00.000+0000,999891.2554441039,999891.2554441039,999999.9999999999
2025-02-06T01:50:00.000+0000,999891.2554441039,999891.2554441039,999999.9999999999
2025-02-06T02:00:00.000+0000,999891.2554441039,999891.2554441039,999999.9999999999
2025-02-06T02:10:00.000+0000,999891.2554441039,999891.2554441039,999999.9999999999
2025-02-06T02:20:00.000+0000,999891.2554441039,999891.2554441039,999999.9999999999
2025-02-06T02:30:00.000+0000,999891.2554441039,999891.2554441039,999999.9999999999
2025-02-06T02:40:00.000+0000,999891.2554441039,999891.2554441039,999999.9999999999
2025-02-06T02:50:00.000+0000,999891.2554441039,999891.2554441039,999999.9999999999
2025-02-06T03:00:00.000+0000,999891.2554441039,999891.2554441039,999999.9999999999
2025-02-06T03:10:00.000+0000,999891.2554441039,999891.2554441039,999999.9999999999
2025-02-06T03:20:00.000+0000,999891.2554441039,999891.2554441039,999999.9999999999
2025-02-06T03:30:00.000+0000,999891.2554441039,999891.2554441039,999999.9999999999
2025-02-06T03:40:00.000+0000,999891.2554441039,999891.2554441039,999999.9999999999
2025-02-06T03:50:00.000+0000,999891.2554441039,999891.2554441039,999999.9999999999
2025-02-06T04:00:00.000+0000,999891.2554441039,999891.2554441039,999999.9999999999
2025-02-06T04:10:00.000+0000,999891.2554441039,999891.2554441039,999999.9999999999
2025-02-06T04:20:00.000+0000,999891.2554441039,999891.2554441039,999999.9999999999
2025-02-06T04:30:00.000+0000,999891.2554441039,999891.2554441039,999999.9999999999
2025-02-06T04:40:00.000+0000,999891.2554441039,999891.2554441039,999999.9999999999
2025-02-06T04:50:00.000+0000,999891.2554441039,999891.2554441039,999999.9999999999
2025-02-06T05:00:00.000+0000,999891.2554441039,999891.2554441039,999999.9999999999
2025-02-06T05:10:00.000+0000,999891.2554441039,999891.2554441039,999999.9999999999
2025-02-06T05:20:00.000+0000,999891.2554441039,999891.2554441039,999999.9999999999
2025-02-06T05:30:00.000+0000,999891.2554441039,999891.2554441039,999999.9999999999
2025-02-06T05:40:00.000+0000,999891.2554441039,999891.2554441039,999999.9999999999
2025-02-06T05:50:00.000+0000,999891.2554441039,999891.2554441039,999999.9999999999
2025-02-06T06:00:00.000+0000,999891.2554441039,999891.2554441039,999999.9999999999
2025-02-06T06:10:00.000+0000,999891.2554441039,999891.2554441039,999999.9999999999
2025-02-06T06:20:00.000+0000,999891.2554441039,999891.2554441039,999999.9999999999
2025-02-06T06:30:00.000+0000,999891.2554441039,999891.2554441039,999999.9999999999
2025-02-06T06:40:00.000+0000,999891.2554441039,999891.2554441039,999999.9999999999
2025-02-06T06:50:00.000+0000,999891.2554441039,999891.2554441039,999999.9999999999
2025-02-06T07:00:00.000+0000,999891.2554441039,999891.2554441039,999999.9999999999
2025-02-06T07:10:00.000+0000,999891.2554441039,999891.2554441039,999999.9999999999
2025-02-06T07:20:00.000+0000,999891.2554441039,999891.2554441039,999999.9999999999
2025-02-06T07:30:00.000+0000,999891.2554441039,999891.2554441039,999999.9999999999
2025-02-06T07:40:00.000+0000,999891.2554441039,999891.2554441039,999999.9999999999
2025-02-06T07:50:00.000+0000,999891.2554441039,999891.2554441039,999999.9999999999
2025-02-06T08:00:00.000+0000,999891.2554441039,999891.2554441039,999999.9999999999
2025-02-06T08:10:00.000+0000,999891.2554441039,999891.2554441039,999999.9999999999
2025-02-06T08:20:00.000+0000,999891.2554441039,999891.2554441039,999999.9999999999
2025-02-06T08:30:00.000+0000,999891.2554441039,999891.2554441039,999999.9999999999
2025-02-06T08:40:00.000+0000,999891.2554441039,999891.2554441039,999999.9999999999
2025-02-06T08:50:00.000+0000,999891.2554441039,999891.2554441039,999999.9999999999
2025-02-06T09:00:00.000+0000,999891.2554441039,999891.2554441039,999999.9999999999
2025-02-06T09:10:00.000+0000,999891.2554441039,999891.2554441039,999999.9999999999
2025-02-06T09:20:00.000+0000,999891.2554441039,999891.2554441039,999999.9999999999
2025-02-06T09:30:00.000+0000,999891.2554441039,999891.2554441039,999999.9999999999
2025-02-06T09:40:00.000+0000,999891.2554441039,999891.2554441039,999999.9999999999
2025-02-06T09:50:00.000+0000,999891.2554441039,999891.2554441039,999999.9999999999
2025-02-06T10:00:00.000+0000,999891.2554441039,999891.2554441039,999999.9999999999
2025-02-06T10:10:00.000+0000,999891.2554441039,999891.2554441039,999999.9999999999
2025-02-06T10:20:00.000+0000,999891.2554441039,999891.2554441039,999999.9999999999
2025-02-06T10:30:00.000+0000,999891.2554441039,999891.2554441039,999999.9999999999
2025-02-06T10:40:00.000+0000,999891.2554441039,999891.2554441039,999999.9999999999
2025-02-06T10:50:00.000+0000,999891.2554441039,999891.2554441039,999999.9999999999
2025-02-06T11:00:00.000+0000,999891.2554441039,999891.2554441039,999999.9999999999
2025-02-06T11:10:00.000+0000,999891.2554441039,999891.2554441039,999999.9999999999
2025-02-06T11:20:00.000+0000,999891.2554441039,999891.2554441039,999999.9999999999
2025-02-06T11:30:00.000+0000,999891.2554441039,999891.2554441039,999999.9999999999
2025-02-06T11:40:00.000+0000,999891.2554441039,999891.2554441039,999999.9999999999
2025-02-06T11:50:00.000+0000,999891.2554441039,999891.2554441039,999999.9999999999
2025-02-06T12:00:00.000+0000,999891.2554441039,999891.2554441039,999999.9999999999
2025-02-06T12:10:00.000+0000,999891.2554441039,999891.2554441039,999999.9999999999
2025-02-06T12:20:00.000+0000,999891.2554441039,999891.2554441039,999999.9999999999
2025-02-06T12:30:00.000+0000,999891.2554441039,999891.2554441039,999999.9999999999
2025-02-06T12:40:00.000+0000,999891.2554441039,999891.2554441039,999999.9999999999
2025-02-06T12:50:00.000+0000,999891.2554441039,999891.2554441039,999999.9999999999
2025-02-06T13:00:00.000+0000,999891.2554441039,999891.2554441039,999999.9999999999
2025-02-06T13:10:00.000+0000,999891.2554441039,999891.2554441039,999999.9999999999
2025-02-06T13:20:00.000+0000,999891.2554441039,999891.2554441039,999999.9999999999
2025-02-06T13:30:00.000+0000,999891.2554441039,999891.2554441039,999999.9999999999
2025-02-06T13:40:00.000+0000,999891.2554441039,999891.2554441039,999999.9999999999
2025-02-06T13:50:00.000+0000,999891.2554441039,999891.2554441039,999999.9999999999
2025-02-06T14:00:00.000+0000,999891.2554441039,999891.2554441039,999999.9999999999
2025-02-06T14:10:00.000+0000,999891.2554441039,999891.2554441039,999999.9999999999
2025-02-06T14:20:00.000+0000,999891.2554441039,999891.2554441039,999999.9999999999
2025-02-06T14:30:00.000+0000,999891.2554441039,999891.2554441039,999999.9999999999
2025-02-06T14:40:00.000+0000,999891.2554441039,999891.2554441039,999999.9999999999
2025-02-06T14:50:00.000+0000,999891.2554441039,999891.2554441039,999999.9999999999
2025-02-06T15:00:00.000+0000,999891.2554441039,999891.2554441039,999999.9999999999
2025-02-06T15:10:00.000+0000,999891.2554441039,999891.2554441039,999999.9999999999
2025-02-06T15:20:00.000+0000,999891.2554441039,999891.2554441039,999999.9999999999
2025-02-06T15:30:00.000+0000,999891.2554441039,999891.2554441039,999999.9999999999
2025-02-06T15:40:00.000+0000,999891.2554441039,999891.2554441039,999999.9999999999
2025-02-06T15:50:00.000+0000,999891.2554441039,999891.2554441039,999999.9999999999
2025-02-06T16:00:00.000+0000,999891.2554441039,999891.2554441039,999999.9999999999
2025-02-06T16:10:00.000+0000,999891.2554441039,999891.2554441039,999999.9999999999
2025-02-06T16:20:00.000+0000,999891.2554441039,999891.2554441039,999999.9999999999
2025-02-06T16:30:00.000+0000,999891.2554441039,999891.2554441039,999999.9999999999
2025-02-06T16:40:00.000+0000,999891.2554441039,999891.2554441039,999999.9999999999
2025-02-06T16:50:00.000+0000,999891.2554441039,999891.2554441039,999999.9999999999
2025-02-06T17:00:00.000+0000,999891.2554441039,999891.2554441039,999999.9999999999
2025-02-06T17:10:00.000+0000,999891.2554441039,999891.2554441039,999999.9999999999
2025-02-06T17:20:00.000+0000,999891.2554441039,999891.2554441039,999999.9999999999
2025-02-06T17:30:00.000+0000,999891.2554441039,999891.2554441039,999999.9999999999
2025-02-06T17:40:00.000+0000,999891.2554441039,999891.2554441039,999999.9999999999
2025-02-06T17:50:00.000+0000,999891.2554441039,999891.2554441039,999999.9999999999
2025-02-06T18:00:00.000+0000,999891.2554441039,999891.2554441039,999999.9999999999
2025-02-06T18:10:00.000+0000,999891.2554441039,999891.2554441039,999999.9999999999
2025-02-06T18:20:00.000+0000,999891.2554441039,999891.2554441039,999999.9999999999
2025-02-06T18:30:00.000+0000,999891.2554441039,999891.2554441039,999999.9999999999
2025-02-06T18:40:00.000+0000,999891.2554441039,999891.2554441039,999999.9999999999
2025-02-06T18:50:00.000+0000,999891.2554441039,999891.2554441039,999999.9999999999
2025-02-06T19:00:00.000+0000,999891.2554441039,999891.2554441039,999999.9999999999
2025-02-06T19:10:00.000+0000,999891.2554441039,999891.2554441039,999999.9999999999
2025-02-06T19:20:00.000+0000,999891.2554441039,999891.2554441039,999999.9999999999
2025-02-06T19:30:00.000+0000,999891.2554441039,999891.2554441039,999999.9999999999
2025-02-06T19:40:00.000+0000,999891.2554441039,999891.2554441039,999999.9999999999
2025-02-06T19:50:00.000+0000,999891.2554441039,999891.2554441039,999999.9999999999
2025-02-06T20:00:00.000+0000,999891.2554441039,999891.2554441039,999999.9999999999
2025-02-06T20:10:00.000+0000,999891.2554441039,999891.2554441039,999999.9999999999
2025-02-06T20:20:00.000+0000,999891.2554441039,999891.2554441039,999999.9999999999
2025-02-06T20:30:00.000+0000,999891.2554441039,999891.2554441039,999999.9999999999
2025-02-06T20:40:00.000+0000,999891.2554441039,999891.2554441039,999999.9999999999
2025-02-06T20:50:00.000+0000,999891.2554441039,999891.2554441039,999999.9999999999
2025-02-06T21:00:00.000+0000,999891.2554441039,999891.2554441039,999999.9999999999
2025-02-06T21:10:00.000+0000,999891.2554441039,999891.2554441039,999999.9999999999
2025-02-06T21:20:00.000+0000,999891.2554441039,999891.2554441039,999999.9999999999
2025-02-06T21:30:00.000+0000,999891.2554441039,999891.2554441039,999999.9999999999
2025-02-06T21:40:00.000+0000,999891.2554441039,999891.2554441039,999999.9999999999
2025-02-06T21:50:00.000+0000,999891.2554441039,999891.2554441039,999999.9999999999
2025-02-06T22:00:00.000+0000,999891.2554441039,999891.2554441039,999999.9999999999
2025-02-06T22:10:00.000+0000,999891.2554441039,999891.2554441039,999999.9999999999
2025-02-06T22:20:00.000+0000,999891.2554441039,999891.2554441039,999999.9999999999
2025-02-06T22:30:00.000+0000,999891.2554441039,999891.2554441039,999999.9999999999
2025-02-06T22:40:00.000+0000,999891.2554441039,999891.2554441039,999999.9999999999
2025-02-06T22:50:00.000+0000,999891.2554441039,999891.2554441039,999999.9999999999
2025-02-06T23:00:00.000+0000,999891.2554441039,999891.2554441039,999999.9999999999
2025-02-06T23:10:00.000+0000,999891.2554441039,999891.2554441039,999999.9999999999
2025-02-06T23:20:00.000+0000,999891.2554441039,999891.2554441039,999999.9999999999
2025-02-06T23:30:00.000+0000,999891.2554441039,999891.2554441039,999999.9999999999
2025-02-06T23:40:00.000+0000,999891.2554441039,999891.2554441039,999999.9999999999
2025-02-06T23:50:00.000+0000,999891.2554441039,999891.2554441039,999999.9999999999
2025-02-07T00:00:00.000+0000,999891.2554441039,999891.2554441039,999999.9999999999
2025-02-07T00:10:00.000+0000,999891.2554441039,999891.2554441039,999999.9999999999
2025-02-07T00:20:00.000+0000,999891.2554441039,999891.2554441039,999999.9999999999
2025-02-07T00:30:00.000+0000,999891.2554441039,999891.2554441039,999999.9999999999
2025-02-07T00:40:00.000+0000,999891.2554441039,999891.2554441039,999999.9999999999
2025-02-07T00:50:00.000+0000,999891.2554441039,999891.2554441039,999999.9999999999
2025-02-07T01:00:00.000+0000,999891.2554441039,999891.2554441039,999999.9999999999
2025-02-07T01:10:00.000+0000,999891.2554441039,999891.2554441039,999999.9999999999
2025-02-07T01:20:00.000+0000,999891.2554441039,999891.2554441039,999999.9999999999
2025-02-07T01:30:00.000+0000,999891.2554441039,999891.2554441039,999999.9999999999
2025-02-07T01:40:00.000+0000,999891.2554441039,999891.2554441039,999999.9999999999
2025-02-07T01:50:00.000+0000,999891.2554441039,999891.2554441039,999999.9999999999
2025-02-07T02:00:00.000+0000,999891.2554441039,999891.2554441039,999999.9999999999
2025-02-07T02:10:00.000+0000,999891.2554441039,999891.2554441039,999999.9999999999
2025-02-07T02:20:00.000+0000,999891.2554441039,999891.2554441039,999999.9999999999
2025-02-07T02:30:00.000+0000,999891.2554441039,999891.2554441039,999999.9999999999
2025-02-07T02:40:00.000+0000,999891.2554441039,999891.2554441039,999999.9999999999
2025-02-07T02:50:00.000+0000,999891.2554441039,999891.2554441039,999999.9999999999
2025-02-07T03:00:00.000+0000,999891.2554441039,999891.2554441039,999999.9999999999
2025-02-07T03:10:00.000+0000,999891.2554441039,999891.2554441039,999999.9999999999
2025-02-07T03:20:00.000+0000,999891.2554441039,999891.2554441039,999999.9999999999
2025-02-07T03:30:00.000+0000,999891.2554441039,999891.2554441039,999999.9999999999
2025-02-07T03:40:00.000+0000,999891.2554441039,999891.2554441039,999999.9999999999
2025-02-07T03:50:00.000+0000,999891.2554441039,999891.2554441039,999999.9999999999
2025-02-07T04:00:00.000+0000,999891.2554441039,999891.2554441039,999999.9999999999
2025-02-07T04:10:00.000+0000,999891.2554441039,999891.2554441039,999999.9999999999
2025-02-07T04:20:00.000+0000,999891.2554441039,999891.2554441039,999999.9999999999
2025-02-07T04:30:00.000+0000,999891.2554441039,999891.2554441039,999999.9999999999
2025-02-07T04:40:00.000+0000,999891.2554441039,999891.2554441039,999999.9999999999
2025-02-07T04:50:00.000+0000,999891.2554441039,999891.2554441039,999999.9999999999
2025-02-07T05:00:00.000+0000,999891.2554441039,999891.2554441039,999999.9999999999
2025-02-07T05:10:00.000+0000,999891.2554441039,999891.2554441039,999999.9999999999
2025-02-07T05:20:00.000+0000,999891.2554441039,999891.2554441039,999999.9999999999
2025-02-07T05:30:00.000+0000,999891.2554441039,999891.2554441039,999999.9999999999
2025-02-07T05:40:00.000+0000,999891.2554441039,999891.2554441039,999999.9999999999
2025-02-07T05:50:00.000+0000,999891.2554441039,999891.2554441039,999999.9999999999
2025-02-07T06:00:00.000+0000,999891.2554441039,999891.2554441039,999999.9999999999
2025-02-07T06:10:00.000+0000,999891.2554441039,999891.2554441039,999999.9999999999
2025-02-07T06:20:00.000+0000,999891.2554441039,999891.2554441039,999999.9999999999
2025-02-07T06:30:00.000+0000,999891.2554441039,999891.2554441039,999999.9999999999
2025-02-07T06:40:00.000+0000,999891.2554441039,999891.2554441039,999999.9999999999
2025-02-07T06:50:00.000+0000,999891.2554441039,999891.2554441039,999999.9999999999
2025-02-07T07:00:00.000+0000,999891.2554441039,999891.2554441039,999999.9999999999
2025-02-07T07:10:00.000+0000,999891.2554441039,999891.2554441039,999999.9999999999
2025-02-07T07:20:00.000+0000,999891.2554441039,999891.2554441039,999999.9999999999
2025-02-07T07:30:00.000+0000,999891.2554441039,999891.2554441039,999999.9999999999
2025-02-07T07:40:00.000+0000,999891.2554441039,999891.2554441039,999999.9999999999
2025-02-07T07:50:00.000+0000,999891.2554441039,999891.2554441039,999999.9999999999
2025-02-07T08:00:00.000+0000,999891.2554441039,999891.2554441039,999999.9999999999
2025-02-07T08:10:00.000+0000,999891.2554441039,999891.2554441039,999999.9999999999
2025-02-07T08:20:00.000+0000,999891.2554441039,999891.2554441039,999999.9999999999
2025-02-07T08:30:00.000+0000,999891.2554441039,999891.2554441039,999999.9999999999
2025-02-07T08:40:00.000+0000,999891.2554441039,999891.2554441039,999999.9999999999
2025-02-07T08:50:00.000+0000,999891.2554441039,999891.2554441039,999999.9999999999
2025-02-07T09:00:00.000+0000,999891.2554441039,999891.2554441039,999999.9999999999
2025-02-07T09:10:00.000+0000,999891.2554441039,999891.2554441039,999999.9999999999
2025-02-07T09:20:00.000+0000,999891.2554441039,999891.2554441039,999999.9999999999
2025-02-07T09:30:00.000+0000,999891.2554441039,999891.2554441039,999999.9999999999
2025-02-07T09:40:00.000+0000,999891.2554441039,999891.2554441039,999999.9999999999
2025-02-07T09:50:00.000+0000,999891.2554441039,999891.2554441039,999999.9999999999
2025-02-07T10:00:00.000+0000,999891.2554441039,999891.2554441039,999999.9999999999
2025-02-07T10:10:00.000+0000,999891.2554441039,999891.2554441039,999999.9999999999
2025-02-07T10:20:00.000+0000,999891.2554441039,999891.2554441039,999999.9999999999
2025-02-07T10:30:00.000+0000,999891.2554441039,999891.2554441039,999999.9999999999
2025-02-07T10:40:00.000+0000,999891.2554441039,999891.2554441039,999999.9999999999
2025-02-07T10:50:00.000+0000,999891.2554441039,999891.2554441039,999999.9999999999
2025-02-07T11:00:00.000+0000,999891.2554441039,999891.2554441039,999999.9999999999
2025-02-07T11:10:00.000+0000,999891.2554441039,999891.2554441039,999999.9999999999
2025-02-07T11:20:00.000+0000,999891.2554441039,999891.2554441039,999999.9999999999
2025-02-07T11:30:00.000+0000,999891.2554441039,999891.2554441039,999999.9999999999
2025-02-07T11:40:00.000+0000,999891.2554441039,999891.2554441039,999999.9999999999
2025-02-07T11:50:00.000+0000,999891.2554441039,999891.2554441039,999999.9999999999
2025-02-07T12:00:00.000+0000,999891.2554441039,999891.2554441039,999999.9999999999
2025-02-07T12:10:00.000+0000,999891.2554441039,999891.2554441039,999999.9999999999
2025-02-07T12:20:00.000+0000,999891.2554441039,999891.2554441039,999999.9999999999
2025-02-07T12:30:00.000+0000,999891.2554441039,999891.2554441039,999999.9999999999
2025-02-07T12:40:00.000+0000,999891.2554441039,999891.2554441039,999999.9999999999
2025-02-07T12:50:00.000+0000,999891.2554441039,999891.2554441039,999999.9999999999
2025-02-07T13:00:00.000+0000,999891.2554441039,999891.2554441039,999999.9999999999
2025-02-07T13:10:00.000+0000,999891.2554441039,999891.2554441039,999999.9999999999
2025-02-07T13:20:00.000+0000,999891.2554441039,999891.2554441039,999999.9999999999
2025-02-07T13:30:00.000+0000,999891.2554441039,999891.2554441039,999999.9999999999
2025-02-07T13:40:00.000+0000,999891.2554441039,999891.2554441039,999999.9999999999
2025-02-07T13:50:00.000+0000,999891.2554441039,999891.2554441039,999999.9999999999
2025-02-07T14:00:00.000+0000,999891.2554441039,999891.2554441039,999999.9999999999
2025-02-07T14:10:00.000+0000,999891.2554441039,999891.2554441039,999999.9999999999
2025-02-07T14:20:00.000+0000,999891.2554441039,999891.2554441039,999999.9999999999
2025-02-07T14:30:00.000+0000,999891.2554441039,999891.2554441039,999999.9999999999
2025-02-07T14:40:00.000+0000,999891.2554441039,999891.2554441039,999999.9999999999
2025-02-07T14:50:00.000+0000,999891.2554441039,999891.2554441039,999999.9999999999
2025-02-07T15:00:00.000+0000,999891.2554441039,999891.2554441039,999999.9999999999
2025-02-07T15:10:00.000+0000,999891.2554441039,999891.2554441039,999999.9999999999
2025-02-07T15:20:00.000+0000,999891.2554441039,999891.2554441039,999999.9999999999
2025-02-07T15:30:00.000+0000,999891.2554441039,999891.2554441039,999999.9999999999
2025-02-07T15:40:00.000+0000,999891.2554441039,999891.2554441039,999999.9999999999
2025-02-07T15:50:00.000+0000,999891.2554441039,999891.2554441039,999999.9999999999
2025-02-07T16:00:00.000+0000,999891.2554441039,999891.2554441039,999999.9999999999
2025-02-07T16:10:00.000+0000,999891.2554441039,999891.2554441039,999999.9999999999
2025-02-07T16:20:00.000+0000,999891.2554441039,999891.2554441039,999999.9999999999
2025-02-07T16:30:00.000+0000,999891.2554441039,999891.2554441039,999999.9999999999
2025-02-07T16:40:00.000+0000,999891.2554441039,999891.2554441039,999999.9999999999
2025-02-07T16:50:00.000+0000,999891.2554441039,999891.2554441039,999999.9999999999
2025-02-07T17:00:00.000+0000,999891.2554441039,999891.2554441039,999999.9999999999
2025-02-07T17:10:00.000+0000,999891.2554441039,999891.2554441039,999999.9999999999
2025-02-07T17:20:00.000+0000,999891.2554441039,999891.2554441039,999999.9999999999
2025-02-07T17:30:00.000+0000,999891.2554441039,999891.2554441039,999999.9999999999
2025-02-07T17:40:00.000+0000,999891.2554441039,999891.2554441039,999999.9999999999
2025-02-07T17:50:00.000+0000,999891.2554441039,999891.2554441039,999999.9999999999
2025-02-07T18:00:00.000+0000,999891.2554441039,999891.2554441039,999999.9999999999
2025-02-07T18:10:00.000+0000,999891.2554441039,999891.2554441039,999999.9999999999
2025-02-07T18:20:00.000+0000,999891.2554441039,999891.2554441039,999999.9999999999
2025-02-07T18:30:00.000+0000,999891.2554441039,999891.2554441039,999999.9999999999
2025-02-07T18:40:00.000+0000,999891.2554441039,999891.2554441039,999999.9999999999
2025-02-07T18:50:00.000+0000,999891.2554441039,999891.2554441039,999999.9999999999
2025-02-07T19:00:00.000+0000,999891.2554441039,999891.2554441039,999999.9999999999
2025-02-07T19:10:00.000+0000,999891.2554441039,999891.2554441039,999999.9999999999
2025-02-07T19:20:00.000+0000,999891.2554441039,999891.2554441039,999999.9999999999
2025-02-07T19:30:00.000+0000,999891.2554441039,999891.2554441039,999999.9999999999
2025-02-07T19:40:00.000+0000,999891.2554441039,999891.2554441039,999999.9999999999
2025-02-07T19:50:00.000+0000,999891.2554441039,999891.2554441039,999999.9999999999
2025-02-07T20:00:00.000+0000,999891.2554441039,999891.2554441039,999999.9999999999
2025-02-07T20:10:00.000+0000,999891.2554441039,999891.2554441039,999999.9999999999
2025-02-07T20:20:00.000+0000,999891.2554441039,999891.2554441039,999999.9999999999
2025-02-07T20:30:00.000+0000,999891.2554441039,999891.2554441039,999999.9999999999
2025-02-07T20:40:00.000+0000,999891.2554441039,999891.2554441039,999999.9999999999
2025-02-07T20:50:00.000+0000,999891.2554441039,999891.2554441039,999999.9999999999
2025-02-07T21:00:00.000+0000,999891.2554441039,999891.2554441039,999999.9999999999
2025-02-07T21:10:00.000+0000,999891.2554441039,999891.2554441039,999999.9999999999
2025-02-07T21:20:00.000+0000,999891.2554441039,999891.2554441039,999999.9999999999
2025-02-07T21:30:00.000+0000,999891.2554441039,999891.2554441039,999999.9999999999
2025-02-07T21:40:00.000+0000,999891.2554441039,999891.2554441039,999999.9999999999
2025-02-07T21:50:00.000+0000,999891.2554441039,999891.2554441039,999999.9999999999
2025-02-07T22:00:00.000+0000,999891.2554441039,999891.2554441039,999999.9999999999
2025-02-07T22:10:00.000+0000,999891.2554441039,999891.2554441039,999999.9999999999
2025-02-07T22:20:00.000+0000,999891.2554441039,999891.2554441039,999999.9999999999
2025-02-07T22:30:00.000+0000,999891.2554441039,999891.2554441039,999999.9999999999
2025-02-07T22:40:00.000+0000,999891.2554441039,999891.2554441039,999999.9999999999
2025-02-07T22:50:00.000+0000,999891.2554441039,999891.2554441039,999999.9999999999
2025-02-07T23:00:00.000+0000,999891.2554441039,999891.2554441039,999999.9999999999
2025-02-07T23:10:00.000+0000,999891.2554441039,999891.2554441039,999999.9999999999
2025-02-07T23:20:00.000+0000,999891.2554441039,999891.2554441039,999999.9999999999
2025-02-07T23:30:00.000+0000,999891.2554441039,999891.2554441039,999999.9999999999
2025-02-07T23:40:00.000+0000,999891.2554441039,999891.2554441039,999999.9999999999
2025-02-07T23:50:00.000+0000,999891.2554441039,999891.2554441039,999999.9999999999
2025-02-08T00:00:00.000+0000,999891.2554441039,999891.2554441039,999999.9999999999
2025-02-08T00:10:00.000+0000,999891.2554441039,999891.2554441039,999999.9999999999
2025-02-08T00:20:00.000+0000,999891.2554441039,999891.2554441039,999999.9999999999
2025-02-08T00:30:00.000+0000,999891.2554441039,999891.2554441039,999999.9999999999
2025-02-08T00:40:00.000+0000,999891.2554441039,999891.2554441039,999999.9999999999
2025-02-08T00:50:00.000+0000,999891.2554441039,999891.2554441039,999999.9999999999
2025-02-08T01:00:00.000+0000,999891.2554441039,999891.2554441039,999999.9999999999
2025-02-08T01:10:00.000+0000,999891.2554441039,999891.2554441039,999999.9999999999
2025-02-08T01:20:00.000+0000,999891.2554441039,999891.2554441039,999999.9999999999
2025-02-08T01:30:00.000+0000,999891.2554441039,999891.2554441039,999999.9999999999
2025-02-08T01:40:00.000+0000,999891.2554441039,999891.2554441039,999999.9999999999
2025-02-08T01:50:00.000+0000,999891.2554441039,999891.2554441039,999999.9999999999
2025-02-08T02:00:00.000+0000,999891.2554441039,999891.2554441039,999999.9999999999
2025-02-08T02:10:00.000+0000,999891.2554441039,999891.2554441039,999999.9999999999
2025-02-08T02:20:00.000+0000,999891.2554441039,999891.2554441039,999999.9999999999
2025-02-08T02:30:00.000+0000,999891.2554441039,999891.2554441039,999999.9999999999
2025-02-08T02:40:00.000+0000,999891.2554441039,999891.2554441039,999999.9999999999
2025-02-08T02:50:00.000+0000,999891.2554441039,999891.2554441039,999999.9999999999
2025-02-08T03:00:00.000+0000,999891.2554441039,999891.2554441039,999999.9999999999
2025-02-08T03:10:00.000+0000,999891.2554441039,999891.2554441039,999999.9999999999
2025-02-08T03:20:00.000+0000,999891.2554441039,999891.2554441039,999999.9999999999
2025-02-08T03:30:00.000+0000,999891.2554441039,999891.2554441039,999999.9999999999
2025-02-08T03:40:00.000+0000,999891.2554441039,999891.2554441039,999999.9999999999
2025-02-08T03:50:00.000+0000,999891.2554441039,999891.2554441039,999999.9999999999
2025-02-08T04:00:00.000+0000,999891.2554441039,999891.2554441039,999999.9999999999
2025-02-08T04:10:00.000+0000,999891.2554441039,999891.2554441039,999999.9999999999
2025-02-08T04:20:00.000+0000,999891.2554441039,999891.2554441039,999999.9999999999
2025-02-08T04:30:00.000+0000,999891.2554441039,999891.2554441039,999999.9999999999
2025-02-08T04:40:00.000+0000,999891.2554441039,999891.2554441039,999999.9999999999
2025-02-08T04:50:00.000+0000,999891.2554441039,999891.2554441039,999999.9999999999
2025-02-08T05:00:00.000+0000,999891.2554441039,999891.2554441039,999999.9999999999
2025-02-08T05:10:00.000+0000,999891.2554441039,999891.2554441039,999999.9999999999
2025-02-08T05:20:00.000+0000,999891.2554441039,999891.2554441039,999999.9999999999
2025-02-08T05:30:00.000+0000,999891.2554441039,999891.2554441039,999999.9999999999
2025-02-08T05:40:00.000+0000,999891.2554441039,999891.2554441039,999999.9999999999
2025-02-08T05:50:00.000+0000,999891.2554441039,999891.2554441039,999999.9999999999
2025-02-08T06:00:00.000+0000,999891.2554441039,999891.2554441039,999999.9999999999
2025-02-08T06:10:00.000+0000,999891.2554441039,999891.2554441039,999999.9999999999
2025-02-08T06:20:00.000+0000,999891.2554441039,999891.2554441039,999999.9999999999
2025-02-08T06:30:00.000+0000,999891.2554441039,999891.2554441039,999999.9999999999
2025-02-08T06:40:00.000+0000,999891.2554441039,999891.2554441039,999999.9999999999
2025-02-08T06:50:00.000+0000,999891.2554441039,999891.2554441039,999999.9999999999
2025-02-08T07:00:00.000+0000,999891.2554441039,999891.2554441039,999999.9999999999
2025-02-08T07:10:00.000+0000,999891.2554441039,999891.2554441039,999999.9999999999
2025-02-08T07:20:00.000+0000,999891.2554441039,999891.2554441039,999999.9999999999
2025-02-08T07:30:00.000+0000,999891.2554441039,999891.2554441039,999999.9999999999
2025-02-08T07:40:00.000+0000,999891.2554441039,999891.2554441039,999999.9999999999
2025-02-08T07:50:00.000+0000,999891.2554441039,999891.2554441039,999999.9999999999
2025-02-08T08:00:00.000+0000,999891.2554441039,999891.2554441039,999999.9999999999
2025-02-08T08:10:00.000+0000,999891.2554441039,999891.2554441039,999999.9999999999
2025-02-08T08:20:00.000+0000,999891.2554441039,999891.2554441039,999999.9999999999
2025-02-08T08:30:00.000+0000,999891.2554441039,999891.2554441039,999999.9999999999
2025-02-08T08:40:00.000+0000,999891.2554441039,999891.2554441039,999999.9999999999
2025-02-08T08:50:00.000+0000,999891.2554441039,999891.2554441039,999999.9999999999
2025-02-08T09:00:00.000+0000,999891.2554441039,999891.2554441039,999999.9999999999
2025-02-08T09:10:00.000+0000,999891.2554441039,999891.2554441039,999999.9999999999
2025-02-08T09:20:00.000+0000,999891.2554441039,999891.2554441039,999999.9999999999
2025-02-08T09:30:00.000+0000,999891.2554441039,999891.2554441039,999999.9999999999
2025-02-08T09:40:00.000+0000,999891.2554441039,999891.2554441039,999999.9999999999
2025-02-08T09:50:00.000+0000,999891.2554441039,999891.2554441039,999999.9999999999
2025-02-08T10:00:00.000+0000,999891.2554441039,999891.2554441039,999999.9999999999
2025-02-08T10:10:00.000+0000,999891.2554441039,999891.2554441039,999999.9999999999
2025-02-08T10:20:00.000+0000,999891.2554441039,999891.2554441039,999999.9999999999
2025-02-08T10:30:00.000+0000,999891.2554441039,999891.2554441039,999999.9999999999
2025-02-08T10:40:00.000+0000,999891.2554441039,999891.2554441039,999999.9999999999
2025-02-08T10:50:00.000+0000,999891.2554441039,999891.2554441039,999999.9999999999
2025-02-08T11:00:00.000+0000,999891.2554441039,999891.2554441039,999999.9999999999
2025-02-08T11:10:00.000+0000,999891.2554441039,999891.2554441039,999999.9999999999
2025-02-08T11:20:00.000+0000,999891.2554441039,999891.2554441039,999999.9999999999
2025-02-08T11:30:00.000+0000,999891.2554441039,999891.2554441039,999999.9999999999
2025-02-08T11:40:00.000+0000,999891.2554441039,999891.2554441039,999999.9999999999
2025-02-08T11:50:00.000+0000,999891.2554441039,999891.2554441039,999999.9999999999
2025-02-08T12:00:00.000+0000,999891.2554441039,999891.2554441039,999999.9999999999
2025-02-08T12:10:00.000+0000,999891.2554441039,999891.2554441039,999999.9999999999
2025-02-08T12:20:00.000+0000,999891.2554441039,999891.2554441039,999999.9999999999
2025-02-08T12:30:00.000+0000,999891.2554441039,999891.2554441039,999999.9999999999
2025-02-08T12:40:00.000+0000,999891.2554441039,999891.2554441039,999999.9999999999
2025-02-08T12:50:00.000+0000,999891.2554441039,999891.2554441039,999999.9999999999
2025-02-08T13:00:00.000+0000,999891.2554441039,999891.2554441039,999999.9999999999
2025-02-08T13:10:00.000+0000,999891.2554441039,999891.2554441039,999999.9999999999
2025-02-08T13:20:00.000+0000,999891.2554441039,999891.2554441039,999999.9999999999
2025-02-08T13:30:00.000+0000,999891.2554441039,999891.2554441039,999999.9999999999
2025-02-08T13:40:00.000+0000,999891.2554441039,999891.2554441039,999999.9999999999
2025-02-08T13:50:00.000+0000,999891.2554441039,999891.2554441039,999999.9999999999
2025-02-08T14:00:00.000+0000,999891.2554441039,999891.2554441039,999999.9999999999
2025-02-08T14:10:00.000+0000,999891.2554441039,999891.2554441039,999999.9999999999
2025-02-08T14:20:00.000+0000,999891.2554441039,999891.2554441039,999999.9999999999
2025-02-08T14:30:00.000+0000,999891.2554441039,999891.2554441039,999999.9999999999
2025-02-08T14:40:00.000+0000,999891.2554441039,999891.2554441039,999999.9999999999
2025-02-08T14:50:00.000+0000,999891.2554441039,999891.2554441039,999999.9999999999
2025-02-08T15:00:00.000+0000,999891.2554441039,999891.2554441039,999999.9999999999
2025-02-08T15:10:00.000+0000,999891.2554441039,999891.2554441039,999999.9999999999
2025-02-08T15:20:00.000+0000,999891.2554441039,999891.2554441039,999999.9999999999
2025-02-08T15:30:00.000+0000,999891.2554441039,999891.2554441039,999999.9999999999
2025-02-08T15:40:00.000+0000,999891.2554441039,999891.2554441039,999999.9999999999
2025-02-08T15:50:00.000+0000,999891.2554441039,999891.2554441039,999999.9999999999
2025-02-08T16:00:00.000+0000,999891.2554441039,999891.2554441039,999999.9999999999
2025-02-08T16:10:00.000+0000,999891.2554441039,999891.2554441039,999999.9999999999
2025-02-08T16:20:00.000+0000,999891.2554441039,999891.2554441039,999999.9999999999
2025-02-08T16:30:00.000+0000,999891.2554441039,999891.2554441039,999999.9999999999
2025-02-08T16:40:00.000+0000,999891.2554441039,999891.2554441039,999999.9999999999
2025-02-08T16:50:00.000+0000,999891.2554441039,999891.2554441039,999999.9999999999
2025-02-08T17:00:00.000+0000,999891.2554441039,999891.2554441039,999999.9999999999
2025-02-08T17:10:00.000+0000,999891.2554441039,999891.2554441039,999999.9999999999
2025-02-08T17:20:00.000+0000,999891.2554441039,999891.2554441039,999999.9999999999
2025-02-08T17:30:00.000+0000,999891.2554441039,999891.2554441039,999999.9999999999
2025-02-08T17:40:00.000+0000,999891.2554441039,999891.2554441039,999999.9999999999
2025-02-08T17:50:00.000+0000,999891.2554441039,999891.2554441039,999999.9999999999
2025-02-08T18:00:00.000+0000,999891.2554441039,999891.2554441039,999999.9999999999
2025-02-08T18:10:00.000+0000,999891.2554441039,999891.2554441039,999999.9999999999
2025-02-08T18:20:00.000+0000,999891.2554441039,999891.2554441039,999999.9999999999
2025-02-08T18:30:00.000+0000,999891.2554441039,999891.2554441039,999999.9999999999
2025-02-08T18:40:00.000+0000,999891.2554441039,999891.2554441039,999999.9999999999
2025-02-08T18:50:00.000+0000,999891.2554441039,999891.2554441039,999999.9999999999
2025-02-08T19:00:00.000+0000,999891.2554441039,999891.2554441039,999999.9999999999
2025-02-08T19:10:00.000+0000,999891.2554441039,999891.2554441039,999999.9999999999
2025-02-08T19:20:00.000+0000,999891.2554441039,999891.2554441039,999999.9999999999
2025-02-08T19:30:00.000+0000,999891.2554441039,999891.2554441039,999999.9999999999
2025-02-08T19:40:00.000+0000,999891.2554441039,999891.2554441039,999999.9999999999
2025-02-08T19:50:00.000+0000,999891.2554441039,999891.2554441039,999999.9999999999
2025-02-08T20:00:00.000+0000,999891.2554441039,999891.2554441039,999999.9999999999
2025-02-08T20:10:00.000+0000,999891.2554441039,999891.2554441039,999999.9999999999
2025-02-08T20:20:00.000+0000,999891.2554441039,999891.2554441039,999999.9999999999
2025-02-08T20:30:00.000+0000,999891.2554441039,999891.2554441039,999999.9999999999
2025-02-08T20:40:00.000+0000,999891.2554441039,999891.2554441039,999999.9999999999
2025-02-08T20:50:00.000+0000,999891.2554441039,999891.2554441039,999999.9999999999
2025-02-08T21:00:00.000+0000,999891.2554441039,999891.2554441039,999999.9999999999
2025-02-08T21:10:00.000+0000,999891.2554441039,999891.2554441039,999999.9999999999
2025-02-08T21:20:00.000+0000,999891.2554441039,999891.2554441039,999999.9999999999
2025-02-08T21:30:00.000+0000,999891.2554441039,999891.2554441039,999999.9999999999
2025-02-08T21:40:00.000+0000,999891.2554441039,999891.2554441039,999999.9999999999
2025-02-08T21:50:00.000+0000,999891.2554441039,999891.2554441039,999999.9999999999
2025-02-08T22:00:00.000+0000,999891.2554441039,999891.2554441039,999999.9999999999
2025-02-08T22:10:00.000+0000,999891.2554441039,999891.2554441039,999999.9999999999
2025-02-08T22:20:00.000+0000,999891.2554441039,999891.2554441039,999999.9999999999
2025-02-08T22:30:00.000+0000,999891.2554441039,999891.2554441039,999999.9999999999
2025-02-08T22:40:00.000+0000,999891.2554441039,999891.2554441039,999999.9999999999
2025-02-08T22:50:00.000+0000,999891.2554441039,999891.2554441039,999999.9999999999
2025-02-08T23:00:00.000+0000,999891.2554441039,999891.2554441039,999999.9999999999
2025-02-08T23:10:00.000+0000,999891.2554441039,999891.2554441039,999999.9999999999
2025-02-08T23:20:00.000+0000,999891.2554441039,999891.2554441039,999999.9999999999
2025-02-08T23:30:00.000+0000,999891.2554441039,999891.2554441039,999999.9999999999
2025-02-08T23:40:00.000+0000,999891.2554441039,999891.2554441039,999999.9999999999
2025-02-08T23:50:00.000+0000,999891.2554441039,999891.2554441039,999999.9999999999
2025-02-09T00:00:00.000+0000,999891.2554441039,999891.2554441039,999999.9999999999
2025-02-09T00:10:00.000+0000,999891.2554441039,999891.2554441039,999999.9999999999
2025-02-09T00:20:00.000+0000,999891.2554441039,999891.2554441039,999999.9999999999
2025-02-09T00:30:00.000+0000,999891.2554441039,999891.2554441039,999999.9999999999
2025-02-09T00:40:00.000+0000,999891.2554441039,999891.2554441039,999999.9999999999
2025-02-09T00:50:00.000+0000,999891.2554441039,999891.2554441039,999999.9999999999
2025-02-09T01:00:00.000+0000,999891.2554441039,999891.2554441039,999999.9999999999
2025-02-09T01:10:00.000+0000,999891.2554441039,999891.2554441039,999999.9999999999
2025-02-09T01:20:00.000+0000,999891.2554441039,999891.2554441039,999999.9999999999
2025-02-09T01:30:00.000+0000,999891.2554441039,999891.2554441039,999999.9999999999
2025-02-09T01:40:00.000+0000,999891.2554441039,999891.2554441039,999999.9999999999
2025-02-09T01:50:00.000+0000,999891.2554441039,999891.2554441039,999999.9999999999
2025-02-09T02:00:00.000+0000,999891.2554441039,999891.2554441039,999999.9999999999
2025-02-09T02:10:00.000+0000,999891.2554441039,999891.2554441039,999999.9999999999
2025-02-09T02:20:00.000+0000,999891.2554441039,999891.2554441039,999999.9999999999
2025-02-09T02:30:00.000+0000,999891.2554441039,999891.2554441039,999999.9999999999
2025-02-09T02:40:00.000+0000,999891.2554441039,999891.2554441039,999999.9999999999
2025-02-09T02:50:00.000+0000,999891.2554441039,999891.2554441039,999999.9999999999
2025-02-09T03:00:00.000+0000,999891.2554441039,999891.2554441039,999999.9999999999
2025-02-09T03:10:00.000+0000,999891.2554441039,999891.2554441039,999999.9999999999
2025-02-09T03:20:00.000+0000,999891.2554441039,999891.2554441039,999999.9999999999
2025-02-09T03:30:00.000+0000,999891.2554441039,999891.2554441039,999999.9999999999
2025-02-09T03:40:00.000+0000,999891.2554441039,999891.2554441039,999999.9999999999
2025-02-09T03:50:00.000+0000,999891.2554441039,999891.2554441039,999999.9999999999
2025-02-09T04:00:00.000+0000,999891.2554441039,999891.2554441039,999999.9999999999
2025-02-09T04:10:00.000+0000,999891.2554441039,999891.2554441039,999999.9999999999
2025-02-09T04:20:00.000+0000,999891.2554441039,999891.2554441039,999999.9999999999
2025-02-09T04:30:00.000+0000,999891.2554441039,999891.2554441039,999999.9999999999
2025-02-09T04:40:00.000+0000,999891.2554441039,999891.2554441039,999999.9999999999
2025-02-09T04:50:00.000+0000,999891.2554441039,999891.2554441039,999999.9999999999
2025-02-09T05:00:00.000+0000,999891.2554441039,999891.2554441039,999999.9999999999
2025-02-09T05:10:00.000+0000,999891.2554441039,999891.2554441039,999999.9999999999
2025-02-09T05:20:00.000+0000,999891.2554441039,999891.2554441039,999999.9999999999
2025-02-09T05:30:00.000+0000,999891.2554441039,999891.2554441039,999999.9999999999
2025-02-09T05:40:00.000+0000,999891.2554441039,999891.2554441039,999999.9999999999
2025-02-09T05:50:00.000+0000,999891.2554441039,999891.2554441039,999999.9999999999
2025-02-09T06:00:00.000+0000,999891.2554441039,999891.2554441039,999999.9999999999
2025-02-09T06:10:00.000+0000,999891.2554441039,999891.2554441039,999999.9999999999
2025-02-09T06:20:00.000+0000,999891.2554441039,999891.2554441039,999999.9999999999
2025-02-09T06:30:00.000+0000,999891.2554441039,999891.2554441039,999999.9999999999
2025-02-09T06:40:00.000+0000,999891.2554441039,999891.2554441039,999999.9999999999
2025-02-09T06:50:00.000+0000,999891.2554441039,999891.2554441039,999999.9999999999
2025-02-09T07:00:00.000+0000,999891.2554441039,999891.2554441039,999999.9999999999
2025-02-09T07:10:00.000+0000,999891.2554441039,999891.2554441039,999999.9999999999
2025-02-09T07:20:00.000+0000,999891.2554441039,999891.2554441039,999999.9999999999
2025-02-09T07:30:00.000+0000,999891.2554441039,999891.2554441039,999999.9999999999
2025-02-09T07:40:00.000+0000,999891.2554441039,999891.2554441039,999999.9999999999
2025-02-09T07:50:00.000+0000,999891.2554441039,999891.2554441039,999999.9999999999
2025-02-09T08:00:00.000+0000,999891.2554441039,999891.2554441039,999999.9999999999
2025-02-09T08:10:00.000+0000,999891.2554441039,999891.2554441039,999999.9999999999
2025-02-09T08:20:00.000+0000,999891.2554441039,999891.2554441039,999999.9999999999
2025-02-09T08:30:00.000+0000,999891.2554441039,999891.2554441039,999999.9999999999
2025-02-09T08:40:00.000+0000,999891.2554441039,999891.2554441039,999999.9999999999
2025-02-09T08:50:00.000+0000,999891.2554441039,999891.2554441039,999999.9999999999
2025-02-09T09:00:00.000+0000,999891.2554441039,999891.2554441039,999999.9999999999
2025-02-09T09:10:00.000+0000,999891.2554441039,999891.2554441039,999999.9999999999
2025-02-09T09:20:00.000+0000,999891.2554441039,999891.2554441039,999999.9999999999
2025-02-09T09:30:00.000+0000,999891.2554441039,999891.2554441039,999999.9999999999
2025-02-09T09:40:00.000+0000,999891.2554441039,999891.2554441039,999999.9999999999
2025-02-09T09:50:00.000+0000,999891.2554441039,999891.2554441039,999999.9999999999
2025-02-09T10:00:00.000+0000,999891.2554441039,999891.2554441039,999999.9999999999
2025-02-09T10:10:00.000+0000,999891.2554441039,999891.2554441039,999999.9999999999
2025-02-09T10:20:00.000+0000,999891.2554441039,999891.2554441039,999999.9999999999
2025-02-09T10:30:00.000+0000,999891.2554441039,999891.2554441039,999999.9999999999
2025-02-09T10:40:00.000+0000,999891.2554441039,999891.2554441039,999999.9999999999
2025-02-09T10:50:00.000+0000,999891.2554441039,999891.2554441039,999999.9999999999
2025-02-09T11:00:00.000+0000,999891.2554441039,999891.2554441039,999999.9999999999
2025-02-09T11:10:00.000+0000,999891.2554441039,999891.2554441039,999999.9999999999
2025-02-09T11:20:00.000+0000,999891.2554441039,999891.2554441039,999999.9999999999
2025-02-09T11:30:00.000+0000,999891.2554441039,999891.2554441039,999999.9999999999
2025-02-09T11:40:00.000+0000,999891.2554441039,999891.2554441039,999999.9999999999
2025-02-09T11:50:00.000+0000,999891.2554441039,999891.2554441039,999999.9999999999
2025-02-09T12:00:00.000+0000,999891.2554441039,999891.2554441039,999999.9999999999
2025-02-09T12:10:00.000+0000,999891.2554441039,999891.2554441039,999999.9999999999
2025-02-09T12:20:00.000+0000,999891.2554441039,999891.2554441039,999999.9999999999
2025-02-09T12:30:00.000+0000,999891.2554441039,999891.2554441039,999999.9999999999
2025-02-09T12:40:00.000+0000,999891.2554441039,999891.2554441039,999999.9999999999
2025-02-09T12:50:00.000+0000,999891.2554441039,999891.2554441039,999999.9999999999
2025-02-09T13:00:00.000+0000,999891.2554441039,999891.2554441039,999999.9999999999
2025-02-09T13:10:00.000+0000,999891.2554441039,999891.2554441039,999999.9999999999
2025-02-09T13:20:00.000+0000,999891.2554441039,999891.2554441039,999999.9999999999
2025-02-09T13:30:00.000+0000,999891.2554441039,999891.2554441039,999999.9999999999
2025-02-09T13:40:00.000+0000,999891.2554441039,999891.2554441039,999999.9999999999
2025-02-09T13:50:00.000+0000,999891.2554441039,999891.2554441039,999999.9999999999
2025-02-09T14:00:00.000+0000,999891.2554441039,999891.2554441039,999999.9999999999
2025-02-09T14:10:00.000+0000,999891.2554441039,999891.2554441039,999999.9999999999
2025-02-09T14:20:00.000+0000,999891.2554441039,999891.2554441039,999999.9999999999
2025-02-09T14:30:00.000+0000,999891.2554441039,999891.2554441039,999999.9999999999
2025-02-09T14:40:00.000+0000,999891.2554441039,999891.2554441039,999999.9999999999
2025-02-09T14:50:00.000+0000,999891.2554441039,999891.2554441039,999999.9999999999
2025-02-09T15:00:00.000+0000,999891.2554441039,999891.2554441039,999999.9999999999
2025-02-09T15:10:00.000+0000,999891.2554441039,999891.2554441039,999999.9999999999
2025-02-09T15:20:00.000+0000,999891.2554441039,999891.2554441039,999999.9999999999
2025-02-09T15:30:00.000+0000,999891.2554441039,999891.2554441039,999999.9999999999
2025-02-09T15:40:00.000+0000,999891.2554441039,999891.2554441039,999999.9999999999
2025-02-09T15:50:00.000+0000,999891.2554441039,999891.2554441039,999999.9999999999
2025-02-09T16:00:00.000+0000,999891.2554441039,999891.2554441039,999999.9999999999
2025-02-09T16:10:00.000+0000,999891.2554441039,999891.2554441039,999999.9999999999
2025-02-09T16:20:00.000+0000,999891.2554441039,999891.2554441039,999999.9999999999
2025-02-09T16:30:00.000+0000,999891.2554441039,999891.2554441039,999999.9999999999
2025-02-09T16:40:00.000+0000,999891.2554441039,999891.2554441039,999999.9999999999
2025-02-09T16:50:00.000+0000,999891.2554441039,999891.2554441039,999999.9999999999
2025-02-09T17:00:00.000+0000,999891.2554441039,999891.2554441039,999999.9999999999
2025-02-09T17:10:00.000+0000,999891.2554441039,999891.2554441039,999999.9999999999
2025-02-09T17:20:00.000+0000,999891.2554441039,999891.2554441039,999999.9999999999
2025-02-09T17:30:00.000+0000,999891.2554441039,999891.2554441039,999999.9999999999
2025-02-09T17:40:00.000+0000,999891.2554441039,999891.2554441039,999999.9999999999
2025-02-09T17:50:00.000+0000,999891.2554441039,999891.2554441039,999999.9999999999
2025-02-09T18:00:00.000+0000,999891.2554441039,999891.2554441039,999999.9999999999
2025-02-09T18:10:00.000+0000,999891.2554441039,999891.2554441039,999999.9999999999
2025-02-09T18:20:00.000+0000,999891.2554441039,999891.2554441039,999999.9999999999
2025-02-09T18:30:00.000+0000,999891.2554441039,999891.2554441039,999999.9999999999
2025-02-09T18:40:00.000+0000,999891.2554441039,999891.2554441039,999999.9999999999
2025-02-09T18:50:00.000+0000,999891.2554441039,999891.2554441039,999999.9999999999
2025-02-09T19:00:00.000+0000,999891.2554441039,999891.2554441039,999999.9999999999
2025-02-09T19:10:00.000+0000,999891.2554441039,999891.2554441039,999999.9999999999
2025-02-09T19:20:00.000+0000,999891.2554441039,999891.2554441039,999999.9999999999
2025-02-09T19:30:00.000+0000,999891.2554441039,999891.2554441039,999999.9999999999
2025-02-09T19:40:00.000+0000,999891.2554441039,999891.2554441039,999999.9999999999
2025-02-09T19:50:00.000+0000,999891.2554441039,999891.2554441039,999999.9999999999
2025-02-09T20:00:00.000+0000,999891.2554441039,999891.2554441039,999999.9999999999
2025-02-09T20:10:00.000+0000,999891.2554441039,999891.2554441039,999999.9999999999
2025-02-09T20:20:00.000+0000,999891.2554441039,999891.2554441039,999999.9999999999
2025-02-09T20:30:00.000+0000,999891.2554441039,999891.2554441039,999999.9999999999
2025-02-09T20:40:00.000+0000,999891.2554441039,999891.2554441039,999999.9999999999
2025-02-09T20:50:00.000+0000,999891.2554441039,999891.2554441039,999999.9999999999
2025-02-09T21:00:00.000+0000,999891.2554441039,999891.2554441039,999999.9999999999
2025-02-09T21:10:00.000+0000,999891.2554441039,999891.2554441039,999999.9999999999
2025-02-09T21:20:00.000+0000,999891.2554441039,999891.2554441039,999999.9999999999
2025-02-09T21:30:00.000+0000,999891.2554441039,999891.2554441039,999999.9999999999
2025-02-09T21:40:00.000+0000,999891.2554441039,999891.2554441039,999999.9999999999
2025-02-09T21:50:00.000+0000,999891.2554441039,999891.2554441039,999999.9999999999
2025-02-09T22:00:00.000+0000,999891.2554441039,999891.2554441039,999999.9999999999
2025-02-09T22:10:00.000+0000,999891.2554441039,999891.2554441039,999999.9999999999
2025-02-09T22:20:00.000+0000,999891.2554441039,999891.2554441039,999999.9999999999
2025-02-09T22:30:00.000+0000,999891.2554441039,999891.2554441039,999999.9999999999
2025-02-09T22:40:00.000+0000,999891.2554441039,999891.2554441039,999999.9999999999
2025-02-09T22:50:00.000+0000,999891.2554441039,999891.2554441039,999999.9999999999
2025-02-09T23:00:00.000+0000,999891.2554441039,999891.2554441039,999999.9999999999
2025-02-09T23:10:00.000+0000,999891.2554441039,999891.2554441039,999999.9999999999
2025-02-09T23:20:00.000+0000,999891.2554441039,999891.2554441039,999999.9999999999
2025-02-09T23:30:00.000+0000,999891.2554441039,999891.2554441039,999999.9999999999
2025-02-09T23:40:00.000+0000,999891.2554441039,999891.2554441039,999999.9999999999
2025-02-09T23:50:00.000+0000,999891.2554441039,999891.2554441039,999999.9999999999
2025-02-10T00:00:00.000+0000,999891.2554441039,999891.2554441039,999999.9999999999
2025-02-10T00:10:00.000+0000,999891.2554441039,999891.2554441039,999999.9999999999
2025-02-10T00:20:00.000+0000,999891.2554441039,999891.2554441039,999999.9999999999
2025-02-10T00:30:00.000+0000,999891.2554441039,999891.2554441039,999999.9999999999
2025-02-10T00:40:00.000+0000,999891.2554441039,999891.2554441039,999999.9999999999
2025-02-10T00:50:00.000+0000,999891.2554441039,999891.2554441039,999999.9999999999
2025-02-10T01:00:00.000+0000,999891.2554441039,999891.2554441039,999999.9999999999
2025-02-10T01:10:00.000+0000,999891.2554441039,999891.2554441039,999999.9999999999
2025-02-10T01:20:00.000+0000,999891.2554441039,999891.2554441039,999999.9999999999
2025-02-10T01:30:00.000+0000,999891.2554441039,999891.2554441039,999999.9999999999
2025-02-10T01:40:00.000+0000,999891.2554441039,999891.2554441039,999999.9999999999
2025-02-10T01:50:00.000+0000,999891.2554441039,999891.2554441039,999999.9999999999
2025-02-10T02:00:00.000+0000,999891.2554441039,999891.2554441039,999999.9999999999
2025-02-10T02:10:00.000+0000,999891.2554441039,999891.2554441039,999999.9999999999
2025-02-10T02:20:00.000+0000,999891.2554441039,999891.2554441039,999999.9999999999
2025-02-10T02:30:00.000+0000,999891.2554441039,999891.2554441039,999999.9999999999
2025-02-10T02:40:00.000+0000,999891.2554441039,999891.2554441039,999999.9999999999
2025-02-10T02:50:00.000+0000,999891.2554441039,999891.2554441039,999999.9999999999
2025-02-10T03:00:00.000+0000,999891.2554441039,999891.2554441039,999999.9999999999
2025-02-10T03:10:00.000+0000,999891.2554441039,999891.2554441039,999999.9999999999
2025-02-10T03:20:00.000+0000,999891.2554441039,999891.2554441039,999999.9999999999
2025-02-10T03:30:00.000+0000,999891.2554441039,999891.2554441039,999999.9999999999
2025-02-10T03:40:00.000+0000,999891.2554441039,999891.2554441039,999999.9999999999
2025-02-10T03:50:00.000+0000,999891.2554441039,999891.2554441039,999999.9999999999
2025-02-10T04:00:00.000+0000,999891.2554441039,999891.2554441039,999999.9999999999
2025-02-10T04:10:00.000+0000,999891.2554441039,999891.2554441039,999999.9999999999
2025-02-10T04:20:00.000+0000,999891.2554441039,999891.2554441039,999999.9999999999
2025-02-10T04:30:00.000+0000,999891.2554441039,999891.2554441039,999999.9999999999
2025-02-10T04:40:00.000+0000,999891.2554441039,999891.2554441039,999999.9999999999
2025-02-10T04:50:00.000+0000,999891.2554441039,999891.2554441039,999999.9999999999
2025-02-10T05:00:00.000+0000,999891.2554441039,999891.2554441039,999999.9999999999
2025-02-10T05:10:00.000+0000,999891.2554441039,999891.2554441039,999999.9999999999
2025-02-10T05:20:00.000+0000,999891.2554441039,999891.2554441039,999999.9999999999
2025-02-10T05:30:00.000+0000,999891.2554441039,999891.2554441039,999999.9999999999
2025-02-10T05:40:00.000+0000,999891.2554441039,999891.2554441039,999999.9999999999
2025-02-10T05:50:00.000+0000,999891.2554441039,999891.2554441039,999999.9999999999
2025-02-10T06:00:00.000+0000,999891.2554441039,999891.2554441039,999999.9999999999
2025-02-10T06:10:00.000+0000,999891.2554441039,999891.2554441039,999999.9999999999
2025-02-10T06:20:00.000+0000,999891.2554441039,999891.2554441039,999999.9999999999
2025-02-10T06:30:00.000+0000,999891.2554441039,999891.2554441039,999999.9999999999
2025-02-10T06:40:00.000+0000,999891.2554441039,999891.2554441039,999999.9999999999
2025-02-10T06:50:00.000+0000,999891.2554441039,999891.2554441039,999999.9999999999
2025-02-10T07:00:00.000+0000,999891.2554441039,999891.2554441039,999999.9999999999
2025-02-10T07:10:00.000+0000,999891.2554441039,999891.2554441039,999999.9999999999
2025-02-10T07:20:00.000+0000,999891.2554441039,999891.2554441039,999999.9999999999
2025-02-10T07:30:00.000+0000,999891.2554441039,999891.2554441039,999999.9999999999
2025-02-10T07:40:00.000+0000,999891.2554441039,999891.2554441039,999999.9999999999
2025-02-10T07:50:00.000+0000,999891.2554441039,999891.2554441039,999999.9999999999
2025-02-10T08:00:00.000+0000,999891.2554441039,999891.2554441039,999999.9999999999
2025-02-10T08:10:00.000+0000,999891.2554441039,999891.2554441039,999999.9999999999
2025-02-10T08:20:00.000+0000,999891.2554441039,999891.2554441039,999999.9999999999
2025-02-10T08:30:00.000+0000,999891.2554441039,999891.2554441039,999999.9999999999
2025-02-10T08:40:00.000+0000,999891.2554441039,999891.2554441039,999999.9999999999
2025-02-10T08:50:00.000+0000,999891.2554441039,999891.2554441039,999999.9999999999
2025-02-10T09:00:00.000+0000,999891.2554441039,999891.2554441039,999999.9999999999
2025-02-10T09:10:00.000+0000,999891.2554441039,999891.2554441039,999999.9999999999
2025-02-10T09:20:00.000+0000,999891.2554441039,999891.2554441039,999999.9999999999
2025-02-10T09:30:00.000+0000,999891.2554441039,999891.2554441039,999999.9999999999
2025-02-10T09:40:00.000+0000,999891.2554441039,999891.2554441039,999999.9999999999
2025-02-10T09:50:00.000+0000,999891.2554441039,999891.2554441039,999999.9999999999
2025-02-10T10:00:00.000+0000,999891.2554441039,999891.2554441039,999999.9999999999
2025-02-10T10:10:00.000+0000,999891.2554441039,999891.2554441039,999999.9999999999
2025-02-10T10:20:00.000+0000,999891.2554441039,999891.2554441039,999999.9999999999
2025-02-10T10:30:00.000+0000,999891.2554441039,999891.2554441039,999999.9999999999
2025-02-10T10:40:00.000+0000,999891.2554441039,999891.2554441039,999999.9999999999
2025-02-10T10:50:00.000+0000,999891.2554441039,999891.2554441039,999999.9999999999
2025-02-10T11:00:00.000+0000,999891.2554441039,999891.2554441039,999999.9999999999
2025-02-10T11:10:00.000+0000,999891.2554441039,999891.2554441039,999999.9999999999
2025-02-10T11:20:00.000+0000,999891.2554441039,999891.2554441039,999999.9999999999
2025-02-10T11:30:00.000+0000,999891.2554441039,999891.2554441039,999999.9999999999
2025-02-10T11:40:00.000+0000,999891.2554441039,999891.2554441039,999999.9999999999
2025-02-10T11:50:00.000+0000,999891.2554441039,999891.2554441039,999999.9999999999
2025-02-10T12:00:00.000+0000,999891.2554441039,999891.2554441039,999999.9999999999
2025-02-10T12:10:00.000+0000,999891.2554441039,999891.2554441039,999999.9999999999
2025-02-10T12:20:00.000+0000,999891.2554441039,999891.2554441039,999999.9999999999
2025-02-10T12:30:00.000+0000,999891.2554441039,999891.2554441039,999999.9999999999
2025-02-10T12:40:00.000+0000,999891.2554441039,999891.2554441039,999999.9999999999
2025-02-10T12:50:00.000+0000,999891.2554441039,999891.2554441039,999999.9999999999
2025-02-10T13:00:00.000+0000,999891.2554441039,999891.2554441039,999999.9999999999
2025-02-10T13:10:00.000+0000,999891.2554441039,999891.2554441039,999999.9999999999
2025-02-10T13:20:00.000+0000,999891.2554441039,999891.2554441039,999999.9999999999
2025-02-10T13:30:00.000+0000,999891.2554441039,999891.2554441039,999999.9999999999
2025-02-10T13:40:00.000+0000,999891.2554441039,999891.2554441039,999999.9999999999
2025-02-10T13:50:00.000+0000,999891.2554441039,999891.2554441039,999999.9999999999
2025-02-10T14:00:00.000+0000,999891.2554441039,999891.2554441039,999999.9999999999
2025-02-10T14:10:00.000+0000,999891.2554441039,999891.2554441039,999999.9999999999
2025-02-10T14:20:00.000+0000,999891.2554441039,999891.2554441039,999999.9999999999
2025-02-10T14:30:00.000+0000,999891.2554441039,999891.2554441039,999999.9999999999
2025-02-10T14:40:00.000+0000,999891.2554441039,999891.2554441039,999999.9999999999
2025-02-10T14:50:00.000+0000,999891.2554441039,999891.2554441039,999999.9999999999
2025-02-10T15:00:00.000+0000,999891.2554441039,999891.2554441039,999999.9999999999
2025-02-10T15:10:00.000+0000,999891.2554441039,999891.2554441039,999999.9999999999
2025-02-10T15:20:00.000+0000,999891.2554441039,999891.2554441039,999999.9999999999
2025-02-10T15:30:00.000+0000,999891.2554441039,999891.2554441039,999999.9999999999
2025-02-10T15:40:00.000+0000,999891.2554441039,999891.2554441039,999999.9999999999
2025-02-10T15:50:00.000+0000,999891.2554441039,999891.2554441039,999999.9999999999
2025-02-10T16:00:00.000+0000,999891.2554441039,999891.2554441039,999999.9999999999
2025-02-10T16:10:00.000+0000,999891.2554441039,999891.2554441039,999999.9999999999
2025-02-10T16:20:00.000+0000,999891.2554441039,999891.2554441039,999999.9999999999
2025-02-10T16:30:00.000+0000,999891.2554441039,999891.2554441039,999999.9999999999
2025-02-10T16:40:00.000+0000,999891.2554441039,999891.2554441039,999999.9999999999
2025-02-10T16:50:00.000+0000,999891.2554441039,999891.2554441039,999999.9999999999
2025-02-10T17:00:00.000+0000,999891.2554441039,999891.2554441039,999999.9999999999
2025-02-10T17:10:00.000+0000,999891.2554441039,999891.2554441039,999999.9999999999
2025-02-10T17:20:00.000+0000,999891.2554441039,999891.2554441039,999999.9999999999
2025-02-10T17:30:00.000+0000,999891.2554441039,999891.2554441039,999999.9999999999
2025-02-10T17:40:00.000+0000,999891.2554441039,999891.2554441039,999999.9999999999
2025-02-10T17:50:00.000+0000,999891.2554441039,999891.2554441039,999999.9999999999
2025-02-10T18:00:00.000+0000,999891.2554441039,999891.2554441039,999999.9999999999
2025-02-10T18:10:00.000+0000,999891.2554441039,999891.2554441039,999999.9999999999
2025-02-10T18:20:00.000+0000,999891.2554441039,999891.2554441039,999999.9999999999
2025-02-10T18:30:00.000+0000,999891.2554441039,999891.2554441039,999999.9999999999
2025-02-10T18:40:00.000+0000,999891.2554441039,999891.2554441039,999999.9999999999
2025-02-10T18:50:00.000+0000,999891.2554441039,999891.2554441039,999999.9999999999
2025-02-10T19:00:00.000+0000,999891.2554441039,999891.2554441039,999999.9999999999
2025-02-10T19:10:00.000+0000,999891.2554441039,999891.2554441039,999999.9999999999
2025-02-10T19:20:00.000+0000,999891.2554441039,999891.2554441039,999999.9999999999
2025-02-10T19:30:00.000+0000,999891.2554441039,999891.2554441039,999999.9999999999
2025-02-10T19:40:00.000+0000,999891.2554441039,999891.2554441039,999999.9999999999
2025-02-10T19:50:00.000+0000,999891.2554441039,999891.2554441039,999999.9999999999
2025-02-10T20:00:00.000+0000,999891.2554441039,999891.2554441039,999999.9999999999
2025-02-10T20:10:00.000+0000,999891.2554441039,999891.2554441039,999999.9999999999
2025-02-10T20:20:00.000+0000,999891.2554441039,999891.2554441039,999999.9999999999
2025-02-10T20:30:00.000+0000,999891.2554441039,999891.2554441039,999999.9999999999
2025-02-10T20:40:00.000+0000,999891.2554441039,999891.2554441039,999999.9999999999
2025-02-10T20:50:00.000+0000,999891.2554441039,999891.2554441039,999999.9999999999
2025-02-10T21:00:00.000+0000,999891.2554441039,999891.2554441039,999999.9999999999
2025-02-10T21:10:00.000+0000,999891.2554441039,999891.2554441039,999999.9999999999
2025-02-10T21:20:00.000+0000,999891.2554441039,999891.2554441039,999999.9999999999
2025-02-10T21:30:00.000+0000,999891.2554441039,999891.2554441039,999999.9999999999
2025-02-10T21:40:00.000+0000,999891.2554441039,999891.2554441039,999999.9999999999
2025-02-10T21:50:00.000+0000,999891.2554441039,999891.2554441039,999999.9999999999
2025-02-10T22:00:00.000+0000,999891.2554441039,999891.2554441039,999999.9999999999
2025-02-10T22:10:00.000+0000,999891.2554441039,999891.2554441039,999999.9999999999
2025-02-10T22:20:00.000+0000,999891.2554441039,999891.2554441039,999999.9999999999
2025-02-10T22:30:00.000+0000,999891.2554441039,999891.2554441039,999999.9999999999
2025-02-10T22:40:00.000+0000,999891.2554441039,999891.2554441039,999999.9999999999
2025-02-10T22:50:00.000+0000,999891.2554441039,999891.2554441039,999999.9999999999
2025-02-10T23:00:00.000+0000,999891.2554441039,999891.2554441039,999999.9999999999
2025-02-10T23:10:00.000+0000,999891.2554441039,999891.2554441039,999999.9999999999
2025-02-10T23:20:00.000+0000,999891.2554441039,999891.2554441039,999999.9999999999
2025-02-10T23:30:00.000+0000,999891.2554441039,999891.2554441039,999999.9999999999
2025-02-10T23:40:00.000+0000,999891.2554441039,999891.2554441039,999999.9999999999
2025-02-10T23:50:00.000+0000,999891.2554441039,999891.2554441039,999999.9999999999
2025-02-11T00:00:00.000+0000,999891.2554441039,999891.2554441039,999999.9999999999
2025-02-11T00:10:00.000+0000,999891.2554441039,999891.2554441039,999999.9999999999
2025-02-11T00:20:00.000+0000,999891.2554441039,999891.2554441039,999999.9999999999
2025-02-11T00:30:00.000+0000,999891.2554441039,999891.2554441039,999999.9999999999
2025-02-11T00:40:00.000+0000,999891.2554441039,999891.2554441039,999999.9999999999
2025-02-11T00:50:00.000+0000,999891.2554441039,999891.2554441039,999999.9999999999
2025-02-11T01:00:00.000+0000,999891.2554441039,999891.2554441039,999999.9999999999
2025-02-11T01:10:00.000+0000,999891.2554441039,999891.2554441039,999999.9999999999
2025-02-11T01:20:00.000+0000,999891.2554441039,999891.2554441039,999999.9999999999
2025-02-11T01:30:00.000+0000,999891.2554441039,999891.2554441039,999999.9999999999
2025-02-11T01:40:00.000+0000,999891.2554441039,999891.2554441039,999999.9999999999
2025-02-11T01:50:00.000+0000,999891.2554441039,999891.2554441039,999999.9999999999
2025-02-11T02:00:00.000+0000,999891.2554441039,999891.2554441039,999999.9999999999
2025-02-11T02:10:00.000+0000,999891.2554441039,999891.2554441039,999999.9999999999
2025-02-11T02:20:00.000+0000,999891.2554441039,999891.2554441039,999999.9999999999
2025-02-11T02:30:00.000+0000,999891.2554441039,999891.2554441039,999999.9999999999
2025-02-11T02:40:00.000+0000,999891.2554441039,999891.2554441039,999999.9999999999
2025-02-11T02:50:00.000+0000,999891.2554441039,999891.2554441039,999999.9999999999
2025-02-11T03:00:00.000+0000,999891.2554441039,999891.2554441039,999999.9999999999
2025-02-11T03:10:00.000+0000,999891.2554441039,999891.2554441039,999999.9999999999
2025-02-11T03:20:00.000+0000,999891.2554441039,999891.2554441039,999999.9999999999
2025-02-11T03:30:00.000+0000,999891.2554441039,999891.2554441039,999999.9999999999
2025-02-11T03:40:00.000+0000,999891.2554441039,999891.2554441039,999999.9999999999
2025-02-11T03:50:00.000+0000,999891.2554441039,999891.2554441039,999999.9999999999
2025-02-11T04:00:00.000+0000,999891.2554441039,999891.2554441039,999999.9999999999
2025-02-11T04:10:00.000+0000,999891.2554441039,999891.2554441039,999999.9999999999
2025-02-11T04:20:00.000+0000,999891.2554441039,999891.2554441039,999999.9999999999
2025-02-11T04:30:00.000+0000,999891.2554441039,999891.2554441039,999999.9999999999
2025-02-11T04:40:00.000+0000,999891.2554441039,999891.2554441039,999999.9999999999
2025-02-11T04:50:00.000+0000,999891.2554441039,999891.2554441039,999999.9999999999
2025-02-11T05:00:00.000+0000,999891.2554441039,999891.2554441039,999999.9999999999
2025-02-11T05:10:00.000+0000,999891.2554441039,999891.2554441039,999999.9999999999
2025-02-11T05:20:00.000+0000,999891.2554441039,999891.2554441039,999999.9999999999
2025-02-11T05:30:00.000+0000,999891.2554441039,999891.2554441039,999999.9999999999
2025-02-11T05:40:00.000+0000,999891.2554441039,999891.2554441039,999999.9999999999
2025-02-11T05:50:00.000+0000,999891.2554441039,999891.2554441039,999999.9999999999
2025-02-11T06:00:00.000+0000,999891.2554441039,999891.2554441039,999999.9999999999
2025-02-11T06:10:00.000+0000,999891.2554441039,999891.2554441039,999999.9999999999
2025-02-11T06:20:00.000+0000,999891.2554441039,999891.2554441039,999999.9999999999
2025-02-11T06:30:00.000+0000,999891.2554441039,999891.2554441039,999999.9999999999
2025-02-11T06:40:00.000+0000,999891.2554441039,999891.2554441039,999999.9999999999
2025-02-11T06:50:00.000+0000,999891.2554441039,999891.2554441039,999999.9999999999
2025-02-11T07:00:00.000+0000,999891.2554441039,999891.2554441039,999999.9999999999
2025-02-11T07:10:00.000+0000,999891.2554441039,999891.2554441039,999999.9999999999
2025-02-11T07:20:00.000+0000,999891.2554441039,999891.2554441039,999999.9999999999
2025-02-11T07:30:00.000+0000,999891.2554441039,999891.2554441039,999999.9999999999
2025-02-11T07:40:00.000+0000,999891.2554441039,999891.2554441039,999999.9999999999
2025-02-11T07:50:00.000+0000,999891.2554441039,999891.2554441039,999999.9999999999
2025-02-11T08:00:00.000+0000,999891.2554441039,999891.2554441039,999999.9999999999
2025-02-11T08:10:00.000+0000,999891.2554441039,999891.2554441039,999999.9999999999
2025-02-11T08:20:00.000+0000,999891.2554441039,999891.2554441039,999999.9999999999
2025-02-11T08:30:00.000+0000,999891.2554441039,999891.2554441039,999999.9999999999
2025-02-11T08:40:00.000+0000,999891.2554441039,999891.2554441039,999999.9999999999
2025-02-11T08:50:00.000+0000,999891.2554441039,999891.2554441039,999999.9999999999
2025-02-11T09:00:00.000+0000,999891.2554441039,999891.2554441039,999999.9999999999
2025-02-11T09:10:00.000+0000,999891.2554441039,999891.2554441039,999999.9999999999
2025-02-11T09:20:00.000+0000,999891.2554441039,999891.2554441039,999999.9999999999
2025-02-11T09:30:00.000+0000,999891.2554441039,999891.2554441039,999999.9999999999
2025-02-11T09:40:00.000+0000,999891.2554441039,999891.2554441039,999999.9999999999
2025-02-11T09:50:00.000+0000,999891.2554441039,999891.2554441039,999999.9999999999
2025-02-11T10:00:00.000+0000,999891.2554441039,999891.2554441039,999999.9999999999
2025-02-11T10:10:00.000+0000,999891.2554441039,999891.2554441039,999999.9999999999
2025-02-11T10:20:00.000+0000,999891.2554441039,999891.2554441039,999999.9999999999
2025-02-11T10:30:00.000+0000,999891.2554441039,999891.2554441039,999999.9999999999
2025-02-11T10:40:00.000+0000,999891.2554441039,999891.2554441039,999999.9999999999
2025-02-11T10:50:00.000+0000,999891.2554441039,999891.2554441039,999999.9999999999
2025-02-11T11:00:00.000+0000,999891.2554441039,999891.2554441039,999999.9999999999
2025-02-11T11:10:00.000+0000,999891.2554441039,999891.2554441039,999999.9999999999
2025-02-11T11:20:00.000+0000,999891.2554441039,999891.2554441039,999999.9999999999
2025-02-11T11:30:00.000+0000,999891.2554441039,999891.2554441039,999999.9999999999
2025-02-11T11:40:00.000+0000,999891.2554441039,999891.2554441039,999999.9999999999
2025-02-11T11:50:00.000+0000,999891.2554441039,999891.2554441039,999999.9999999999
2025-02-11T12:00:00.000+0000,999891.2554441039,999891.2554441039,999999.9999999999
2025-02-11T12:10:00.000+0000,999891.2554441039,999891.2554441039,999999.9999999999
2025-02-11T12:20:00.000+0000,999891.2554441039,999891.2554441039,999999.9999999999
2025-02-11T12:30:00.000+0000,999891.2554441039,999891.2554441039,999999.9999999999
2025-02-11T12:40:00.000+0000,999891.2554441039,999891.2554441039,999999.9999999999
2025-02-11T12:50:00.000+0000,999891.2554441039,999891.2554441039,999999.9999999999
2025-02-11T13:00:00.000+0000,999891.2554441039,999891.2554441039,999999.9999999999
2025-02-11T13:10:00.000+0000,999891.2554441039,999891.2554441039,999999.9999999999
2025-02-11T13:20:00.000+0000,999891.2554441039,999891.2554441039,999999.9999999999
2025-02-11T13:30:00.000+0000,999891.2554441039,999891.2554441039,999999.9999999999
2025-02-11T13:40:00.000+0000,999891.2554441039,999891.2554441039,999999.9999999999
2025-02-11T13:50:00.000+0000,999891.2554441039,999891.2554441039,999999.9999999999
2025-02-11T14:00:00.000+0000,999891.2554441039,999891.2554441039,999999.9999999999
2025-02-11T14:10:00.000+0000,999891.2554441039,999891.2554441039,999999.9999999999
2025-02-11T14:20:00.000+0000,999891.2554441039,999891.2554441039,999999.9999999999
2025-02-11T14:30:00.000+0000,999891.2554441039,999891.2554441039,999999.9999999999
2025-02-11T14:40:00.000+0000,999891.2554441039,999891.2554441039,999999.9999999999
2025-02-11T14:50:00.000+0000,999891.2554441039,999891.2554441039,999999.9999999999
2025-02-11T15:00:00.000+0000,999891.2554441039,999891.2554441039,999999.9999999999
2025-02-11T15:10:00.000+0000,999891.2554441039,999891.2554441039,999999.9999999999
2025-02-11T15:20:00.000+0000,999891.2554441039,999891.2554441039,999999.9999999999
2025-02-11T15:30:00.000+0000,999891.2554441039,999891.2554441039,999999.9999999999
2025-02-11T15:40:00.000+0000,999891.2554441039,999891.2554441039,999999.9999999999
2025-02-11T15:50:00.000+0000,999891.2554441039,999891.2554441039,999999.9999999999
2025-02-11T16:00:00.000+0000,999891.2554441039,999891.2554441039,999999.9999999999
2025-02-11T16:10:00.000+0000,999891.2554441039,999891.2554441039,999999.9999999999
2025-02-11T16:20:00.000+0000,999891.2554441039,999891.2554441039,999999.9999999999
2025-02-11T16:30:00.000+0000,999891.2554441039,999891.2554441039,999999.9999999999
2025-02-11T16:40:00.000+0000,999891.2554441039,999891.2554441039,999999.9999999999
2025-02-11T16:50:00.000+0000,999891.2554441039,999891.2554441039,999999.9999999999
2025-02-11T17:00:00.000+0000,999891.2554441039,999891.2554441039,999999.9999999999
2025-02-11T17:10:00.000+0000,999891.2554441039,999891.2554441039,999999.9999999999
2025-02-11T17:20:00.000+0000,999891.2554441039,999891.2554441039,999999.9999999999
2025-02-11T17:30:00.000+0000,999891.2554441039,999891.2554441039,999999.9999999999
2025-02-11T17:40:00.000+0000,999891.2554441039,999891.2554441039,999999.9999999999
2025-02-11T17:50:00.000+0000,999891.2554441039,999891.2554441039,999999.9999999999
2025-02-11T18:00:00.000+0000,999891.2554441039,999891.2554441039,999999.9999999999
2025-02-11T18:10:00.000+0000,999891.2554441039,999891.2554441039,999999.9999999999
2025-02-11T18:20:00.000+0000,999891.2554441039,999891.2554441039,999999.9999999999
2025-02-11T18:30:00.000+0000,999891.2554441039,999891.2554441039,999999.9999999999
2025-02-11T18:40:00.000+0000,999891.2554441039,999891.2554441039,999999.9999999999
2025-02-11T18:50:00.000+0000,999891.2554441039,999891.2554441039,999999.9999999999
2025-02-11T19:00:00.000+0000,999891.2554441039,999891.2554441039,999999.9999999999
2025-02-11T19:10:00.000+0000,999891.2554441039,999891.2554441039,999999.9999999999
2025-02-11T19:20:00.000+0000,999891.2554441039,999891.2554441039,999999.9999999999
2025-02-11T19:30:00.000+0000,999891.2554441039,999891.2554441039,999999.9999999999
2025-02-11T19:40:00.000+0000,999891.2554441039,999891.2554441039,999999.9999999999
2025-02-11T19:50:00.000+0000,999891.2554441039,999891.2554441039,999999.9999999999
2025-02-11T20:00:00.000+0000,999891.2554441039,999891.2554441039,999999.9999999999
2025-02-11T20:10:00.000+0000,999891.2554441039,999891.2554441039,999999.9999999999
2025-02-11T20:20:00.000+0000,999891.2554441039,999891.2554441039,999999.9999999999
2025-02-11T20:30:00.000+0000,999891.2554441039,999891.2554441039,999999.9999999999
2025-02-11T20:40:00.000+0000,999891.2554441039,999891.2554441039,999999.9999999999
2025-02-11T20:50:00.000+0000,999891.2554441039,999891.2554441039,999999.9999999999
2025-02-11T21:00:00.000+0000,999891.2554441039,999891.2554441039,999999.9999999999
2025-02-11T21:10:00.000+0000,999891.2554441039,999891.2554441039,999999.9999999999
2025-02-11T21:20:00.000+0000,999891.2554441039,999891.2554441039,999999.9999999999
2025-02-11T21:30:00.000+0000,999891.2554441039,999891.2554441039,999999.9999999999
2025-02-11T21:40:00.000+0000,999891.2554441039,999891.2554441039,999999.9999999999
2025-02-11T21:50:00.000+0000,999891.2554441039,999891.2554441039,999999.9999999999
2025-02-11T22:00:00.000+0000,999891.2554441039,999891.2554441039,999999.9999999999
2025-02-11T22:10:00.000+0000,999891.2554441039,999891.2554441039,999999.9999999999
2025-02-11T22:20:00.000+0000,999891.2554441039,999891.2554441039,999999.9999999999
2025-02-11T22:30:00.000+0000,999891.2554441039,999891.2554441039,999999.9999999999
2025-02-11T22:40:00.000+0000,999891.2554441039,999891.2554441039,999999.9999999999
2025-02-11T22:50:00.000+0000,999891.2554441039,999891.2554441039,999999.9999999999
2025-02-11T23:00:00.000+0000,999891.2554441039,999891.2554441039,999999.9999999999
2025-02-11T23:10:00.000+0000,999891.2554441039,999891.2554441039,999999.9999999999
2025-02-11T23:20:00.000+0000,999891.2554441039,999891.2554441039,999999.9999999999
2025-02-11T23:30:00.000+0000,999891.2554441039,999891.2554441039,999999.9999999999
2025-02-11T23:40:00.000+0000,999891.2554441039,999891.2554441039,999999.9999999999
2025-02-11T23:50:00.000+0000,999891.2554441039,999891.2554441039,999999.9999999999
2025-02-12T00:00:00.000+0000,999891.2554441039,999891.2554441039,999999.9999999999
2025-02-12T00:10:00.000+0000,999891.2554441039,999891.2554441039,999999.9999999999
2025-02-12T00:20:00.000+0000,999891.2554441039,999891.2554441039,999999.9999999999
2025-02-12T00:30:00.000+0000,999891.2554441039,999891.2554441039,999999.9999999999
2025-02-12T00:40:00.000+0000,999891.2554441039,999891.2554441039,999999.9999999999
2025-02-12T00:50:00.000+0000,999891.2554441039,999891.2554441039,999999.9999999999
2025-02-12T01:00:00.000+0000,999891.2554441039,999891.2554441039,999999.9999999999
2025-02-12T01:10:00.000+0000,999891.2554441039,999891.2554441039,999999.9999999999
2025-02-12T01:20:00.000+0000,999891.2554441039,999891.2554441039,999999.9999999999
2025-02-12T01:30:00.000+0000,999891.2554441039,999891.2554441039,999999.9999999999
2025-02-12T01:40:00.000+0000,999891.2554441039,999891.2554441039,999999.9999999999
2025-02-12T01:50:00.000+0000,999891.2554441039,999891.2554441039,999999.9999999999
2025-02-12T02:00:00.000+0000,999891.2554441039,999891.2554441039,999999.9999999999
2025-02-12T02:10:00.000+0000,999891.2554441039,999891.2554441039,999999.9999999999
2025-02-12T02:20:00.000+0000,999891.2554441039,999891.2554441039,999999.9999999999
2025-02-12T02:30:00.000+0000,999891.2554441039,999891.2554441039,999999.9999999999
2025-02-12T02:40:00.000+0000,999891.2554441039,999891.2554441039,999999.9999999999
2025-02-12T02:50:00.000+0000,999891.2554441039,999891.2554441039,999999.9999999999
2025-02-12T03:00:00.000+0000,999891.2554441039,999891.2554441039,999999.9999999999
2025-02-12T03:10:00.000+0000,999891.2554441039,999891.2554441039,999999.9999999999
2025-02-12T03:20:00.000+0000,999891.2554441039,999891.2554441039,999999.9999999999
2025-02-12T03:30:00.000+0000,999891.2554441039,999891.2554441039,999999.9999999999
2025-02-12T03:40:00.000+0000,999891.2554441039,999891.2554441039,999999.9999999999
2025-02-12T03:50:00.000+0000,999891.2554441039,999891.2554441039,999999.9999999999
2025-02-12T04:00:00.000+0000,999891.2554441039,999891.2554441039,999999.9999999999
2025-02-12T04:10:00.000+0000,999891.2554441039,999891.2554441039,999999.9999999999
2025-02-12T04:20:00.000+0000,999891.2554441039,999891.2554441039,999999.9999999999
2025-02-12T04:30:00.000+0000,999891.2554441039,999891.2554441039,999999.9999999999
2025-02-12T04:40:00.000+0000,999891.2554441039,999891.2554441039,999999.9999999999
2025-02-12T04:50:00.000+0000,999891.2554441039,999891.2554441039,999999.9999999999
2025-02-12T05:00:00.000+0000,999891.2554441039,999891.2554441039,999999.9999999999
2025-02-12T05:10:00.000+0000,999891.2554441039,999891.2554441039,999999.9999999999
2025-02-12T05:20:00.000+0000,999891.2554441039,999891.2554441039,999999.9999999999
2025-02-12T05:30:00.000+0000,999891.2554441039,999891.2554441039,999999.9999999999
2025-02-12T05:40:00.000+0000,999891.2554441039,999891.2554441039,999999.9999999999
2025-02-12T05:50:00.000+0000,999891.2554441039,999891.2554441039,999999.9999999999
2025-02-12T06:00:00.000+0000,999891.2554441039,999891.2554441039,999999.9999999999
2025-02-12T06:10:00.000+0000,999891.2554441039,999891.2554441039,999999.9999999999
2025-02-12T06:20:00.000+0000,999891.2554441039,999891.2554441039,999999.9999999999
2025-02-12T06:30:00.000+0000,999891.2554441039,999891.2554441039,999999.9999999999
2025-02-12T06:40:00.000+0000,999891.2554441039,999891.2554441039,999999.9999999999
2025-02-12T06:50:00.000+0000,999891.2554441039,999891.2554441039,999999.9999999999
2025-02-12T07:00:00.000+0000,999891.2554441039,999891.2554441039,999999.9999999999
2025-02-12T07:10:00.000+0000,999891.2554441039,999891.2554441039,999999.9999999999
2025-02-12T07:20:00.000+0000,999891.2554441039,999891.2554441039,999999.9999999999
2025-02-12T07:30:00.000+0000,999891.2554441039,999891.2554441039,999999.9999999999
2025-02-12T07:40:00.000+0000,999891.2554441039,999891.2554441039,999999.9999999999
2025-02-12T07:50:00.000+0000,999891.2554441039,999891.2554441039,999999.9999999999
2025-02-12T08:00:00.000+0000,999891.2554441039,999891.2554441039,999999.9999999999
2025-02-12T08:10:00.000+0000,999891.2554441039,999891.2554441039,999999.9999999999
2025-02-12T08:20:00.000+0000,999891.2554441039,999891.2554441039,999999.9999999999
2025-02-12T08:30:00.000+0000,999891.2554441039,999891.2554441039,999999.9999999999
2025-02-12T08:40:00.000+0000,999891.2554441039,999891.2554441039,999999.9999999999
2025-02-12T08:50:00.000+0000,999891.2554441039,999891.2554441039,999999.9999999999
2025-02-12T09:00:00.000+0000,999891.2554441039,999891.2554441039,999999.9999999999
2025-02-12T09:10:00.000+0000,999891.2554441039,999891.2554441039,999999.9999999999
2025-02-12T09:20:00.000+0000,999891.2554441039,999891.2554441039,999999.9999999999
2025-02-12T09:30:00.000+0000,999891.2554441039,999891.2554441039,999999.9999999999
2025-02-12T09:40:00.000+0000,999891.2554441039,999891.2554441039,999999.9999999999
2025-02-12T09:50:00.000+0000,999891.2554441039,999891.2554441039,999999.9999999999
2025-02-12T10:00:00.000+0000,999891.2554441039,999891.2554441039,999999.9999999999
2025-02-12T10:10:00.000+0000,999891.2554441039,999891.2554441039,999999.9999999999
2025-02-12T10:20:00.000+0000,999891.2554441039,999891.2554441039,999999.9999999999
2025-02-12T10:30:00.000+0000,999891.2554441039,999891.2554441039,999999.9999999999
2025-02-12T10:40:00.000+0000,999891.2554441039,999891.2554441039,999999.9999999999
2025-02-12T10:50:00.000+0000,999891.2554441039,999891.2554441039,999999.9999999999
2025-02-12T11:00:00.000+0000,999891.2554441039,999891.2554441039,999999.9999999999
2025-02-12T11:10:00.000+0000,999891.2554441039,999891.2554441039,999999.9999999999
2025-02-12T11:20:00.000+0000,999891.2554441039,999891.2554441039,999999.9999999999
2025-02-12T11:30:00.000+0000,999891.2554441039,999891.2554441039,999999.9999999999
2025-02-12T11:40:00.000+0000,999891.2554441039,999891.2554441039,999999.9999999999
2025-02-12T11:50:00.000+0000,999891.2554441039,999891.2554441039,999999.9999999999
2025-02-12T12:00:00.000+0000,999891.2554441039,999891.2554441039,999999.9999999999
2025-02-12T12:10:00.000+0000,999891.2554441039,999891.2554441039,999999.9999999999
2025-02-12T12:20:00.000+0000,999891.2554441039,999891.2554441039,999999.9999999999
2025-02-12T12:30:00.000+0000,999891.2554441039,999891.2554441039,999999.9999999999
2025-02-12T12:40:00.000+0000,999891.2554441039,999891.2554441039,999999.9999999999
2025-02-12T12:50:00.000+0000,999891.2554441039,999891.2554441039,999999.9999999999
2025-02-12T13:00:00.000+0000,999891.2554441039,999891.2554441039,999999.9999999999
2025-02-12T13:10:00.000+0000,999891.2554441039,999891.2554441039,999999.9999999999
2025-02-12T13:20:00.000+0000,999891.2554441039,999891.2554441039,999999.9999999999
2025-02-12T13:30:00.000+0000,999891.2554441039,999891.2554441039,999999.9999999999
2025-02-12T13:40:00.000+0000,999891.2554441039,999891.2554441039,999999.9999999999
2025-02-12T13:50:00.000+0000,999891.2554441039,999891.2554441039,999999.9999999999
2025-02-12T14:00:00.000+0000,999891.2554441039,999891.2554441039,999999.9999999999
2025-02-12T14:10:00.000+0000,999891.2554441039,999891.2554441039,999999.9999999999
2025-02-12T14:20:00.000+0000,999891.2554441039,999891.2554441039,999999.9999999999
2025-02-12T14:30:00.000+0000,999891.2554441039,999891.2554441039,999999.9999999999
2025-02-12T14:40:00.000+0000,999891.2554441039,999891.2554441039,999999.9999999999
2025-02-12T14:50:00.000+0000,999891.2554441039,999891.2554441039,999999.9999999999
2025-02-12T15:00:00.000+0000,999891.2554441039,999891.2554441039,999999.9999999999
2025-02-12T15:10:00.000+0000,999891.2554441039,999891.2554441039,999999.9999999999
2025-02-12T15:20:00.000+0000,999891.2554441039,999891.2554441039,999999.9999999999
2025-02-12T15:30:00.000+0000,999891.2554441039,999891.2554441039,999999.9999999999
2025-02-12T15:40:00.000+0000,999891.2554441039,999891.2554441039,999999.9999999999
2025-02-12T15:50:00.000+0000,999891.2554441039,999891.2554441039,999999.9999999999
2025-02-12T16:00:00.000+0000,999891.2554441039,999891.2554441039,999999.9999999999
2025-02-12T16:10:00.000+0000,999891.2554441039,999891.2554441039,999999.9999999999
2025-02-12T16:20:00.000+0000,999891.2554441039,999891.2554441039,999999.9999999999
2025-02-12T16:30:00.000+0000,999891.2554441039,999891.2554441039,999999.9999999999
2025-02-12T16:40:00.000+0000,999891.2554441039,999891.2554441039,999999.9999999999
2025-02-12T16:50:00.000+0000,999891.2554441039,999891.2554441039,999999.9999999999
2025-02-12T17:00:00.000+0000,999891.2554441039,999891.2554441039,999999.9999999999
2025-02-12T17:10:00.000+0000,999891.2554441039,999891.2554441039,999999.9999999999
2025-02-12T17:20:00.000+0000,999891.2554441039,999891.2554441039,999999.9999999999
2025-02-12T17:30:00.000+0000,999891.2554441039,999891.2554441039,999999.9999999999
2025-02-12T17:40:00.000+0000,999891.2554441039,999891.2554441039,999999.9999999999
2025-02-12T17:50:00.000+0000,999891.2554441039,999891.2554441039,999999.9999999999
2025-02-12T18:00:00.000+0000,999891.2554441039,999891.2554441039,999999.9999999999
2025-02-12T18:10:00.000+0000,999891.2554441039,999891.2554441039,999999.9999999999
2025-02-12T18:20:00.000+0000,999891.2554441039,999891.2554441039,999999.9999999999
2025-02-12T18:30:00.000+0000,999891.2554441039,999891.2554441039,999999.9999999999
2025-02-12T18:40:00.000+0000,999891.2554441039,999891.2554441039,999999.9999999999
2025-02-12T18:50:00.000+0000,999891.2554441039,999891.2554441039,999999.9999999999
2025-02-12T19:00:00.000+0000,999891.2554441039,999891.2554441039,999999.9999999999
2025-02-12T19:10:00.000+0000,999891.2554441039,999891.2554441039,999999.9999999999
2025-02-12T19:20:00.000+0000,999891.2554441039,999891.2554441039,999999.9999999999
2025-02-12T19:30:00.000+0000,999891.2554441039,999891.2554441039,999999.9999999999
2025-02-12T19:40:00.000+0000,999891.2554441039,999891.2554441039,999999.9999999999
2025-02-12T19:50:00.000+0000,999891.2554441039,999891.2554441039,999999.9999999999
2025-02-12T20:00:00.000+0000,999891.2554441039,999891.2554441039,999999.9999999999
2025-02-12T20:10:00.000+0000,999891.2554441039,999891.2554441039,999999.9999999999
2025-02-12T20:20:00.000+0000,999891.2554441039,999891.2554441039,999999.9999999999
2025-02-12T20:30:00.000+0000,999891.2554441039,999891.2554441039,999999.9999999999
2025-02-12T20:40:00.000+0000,999891.2554441039,999891.2554441039,999999.9999999999
2025-02-12T20:50:00.000+0000,999891.2554441039,999891.2554441039,999999.9999999999
2025-02-12T21:00:00.000+0000,999891.2554441039,999891.2554441039,999999.9999999999
2025-02-12T21:10:00.000+0000,999891.2554441039,999891.2554441039,999999.9999999999
2025-02-12T21:20:00.000+0000,999891.2554441039,999891.2554441039,999999.9999999999
2025-02-12T21:30:00.000+0000,999891.2554441039,999891.2554441039,999999.9999999999
2025-02-12T21:40:00.000+0000,999891.2554441039,999891.2554441039,999999.9999999999
2025-02-12T21:50:00.000+0000,999891.2554441039,999891.2554441039,999999.9999999999
2025-02-12T22:00:00.000+0000,999891.2554441039,999891.2554441039,999999.9999999999
2025-02-12T22:10:00.000+0000,999891.2554441039,999891.2554441039,999999.9999999999
2025-02-12T22:20:00.000+0000,999891.2554441039,999891.2554441039,999999.9999999999
2025-02-12T22:30:00.000+0000,999891.2554441039,999891.2554441039,999999.9999999999
2025-02-12T22:40:00.000+0000,999891.2554441039,999891.2554441039,999999.9999999999
2025-02-12T22:50:00.000+0000,999891.2554441039,999891.2554441039,999999.9999999999
2025-02-12T23:00:00.000+0000,999891.2554441039,999891.2554441039,999999.9999999999
2025-02-12T23:10:00.000+0000,999891.2554441039,999891.2554441039,999999.9999999999
2025-02-12T23:20:00.000+0000,999891.2554441039,999891.2554441039,999999.9999999999
2025-02-12T23:30:00.000+0000,999891.2554441039,999891.2554441039,999999.9999999999
2025-02-12T23:40:00.000+0000,999616.6266720798,656605.2904141039,999999.9999999999
2025-02-12T23:50:00.000+0000,999616.6266720798,656605.2904141039,999999.9999999999
2025-02-13T00:00:00.000+0000,999616.6266720798,656605.2904141039,999999.9999999999
2025-02-13T00:10:00.000+0000,999616.6266720798,656605.2904141039,999999.9999999999
2025-02-13T00:20:00.000+0000,999616.6266720798,656605.2904141039,999999.9999999999
2025-02-13T00:30:00.000+0000,999616.6266720798,656605.2904141039,999999.9999999999
2025-02-13T00:40:00.000+0000,999616.6266720799,770926.8900599838,999999.9999999999
2025-02-13T00:50:00.000+0000,999616.6266720799,770926.8900599838,999999.9999999999
2025-02-13T01:00:00.000+0000,999616.6266720799,770926.8900599838,999999.9999999999
2025-02-13T01:10:00.000+0000,999616.6266720799,770926.8900599838,999999.9999999999
2025-02-13T01:20:00.000+0000,999616.6266720799,770926.8900599838,999999.9999999999
2025-02-13T01:30:00.000+0000,999616.6266720799,770926.8900599838,999999.9999999999
2025-02-13T01:40:00.000+0000,999616.6266720799,770926.8900599838,999999.9999999999
2025-02-13T01:50:00.000+0000,999616.6266720799,770926.8900599838,999999.9999999999
2025-02-13T02:00:00.000+0000,999616.6266720799,770926.8900599838,999999.9999999999
2025-02-13T02:10:00.000+0000,999616.6266720799,770926.8900599838,999999.9999999999
2025-02-13T02:20:00.000+0000,999616.6266720799,770926.8900599838,999999.9999999999
2025-02-13T02:30:00.000+0000,999616.6266720799,770926.8900599838,999999.9999999999
2025-02-13T02:40:00.000+0000,999616.6266720799,770926.8900599838,999999.9999999999
2025-02-13T02:50:00.000+0000,999616.6266720799,770926.8900599838,999999.9999999999
2025-02-13T03:00:00.000+0000,999616.6266720799,770926.8900599838,999999.9999999999
2025-02-13T03:10:00.000+0000,999616.6266720799,770926.8900599838,999999.9999999999
2025-02-13T03:20:00.000+0000,999616.6266720799,770926.8900599838,999999.9999999999
2025-02-13T03:30:00.000+0000,999616.6266720799,770926.8900599838,999999.9999999999
2025-02-13T03:40:00.000+0000,999616.6266720799,770926.8900599838,999999.9999999999
2025-02-13T03:50:00.000+0000,999616.6266720799,770926.8900599838,999999.9999999999
2025-02-13T04:00:00.000+0000,999616.6266720799,770926.8900599838,999999.9999999999
2025-02-13T04:10:00.000+0000,999616.6266720799,770926.8900599838,999999.9999999999
2025-02-13T04:20:00.000+0000,999616.6266720799,770926.8900599838,999999.9999999999
2025-02-13T04:30:00.000+0000,999616.6266720799,770926.8900599838,999999.9999999999
2025-02-13T04:40:00.000+0000,999616.6266720799,770926.8900599838,999999.9999999999
2025-02-13T04:50:00.000+0000,999616.6266720799,770926.8900599838,999999.9999999999
2025-02-13T05:00:00.000+0000,999616.6266720799,770926.8900599838,999999.9999999999
2025-02-13T05:10:00.000+0000,999616.6266720799,770926.8900599838,999999.9999999999
2025-02-13T05:20:00.000+0000,999616.6266720799,770926.8900599838,999999.9999999999
2025-02-13T05:30:00.000+0000,999616.6266720799,770926.8900599838,999999.9999999999
2025-02-13T05:40:00.000+0000,999616.6266720799,770926.8900599838,999999.9999999999
2025-02-13T05:50:00.000+0000,999616.6266720799,770926.8900599838,999999.9999999999
2025-02-13T06:00:00.000+0000,999616.6266720799,770926.8900599838,999999.9999999999
2025-02-13T06:10:00.000+0000,999616.6266720799,770926.8900599838,999999.9999999999
2025-02-13T06:20:00.000+0000,999616.6266720799,770926.8900599838,999999.9999999999
2025-02-13T06:30:00.000+0000,999616.6266720799,770926.8900599838,999999.9999999999
2025-02-13T06:40:00.000+0000,999616.6266720799,770926.8900599838,999999.9999999999
2025-02-13T06:50:00.000+0000,999616.6266720799,770926.8900599838,999999.9999999999
2025-02-13T07:00:00.000+0000,999616.6266720799,770926.8900599838,999999.9999999999
2025-02-13T07:10:00.000+0000,999616.6266720799,770926.8900599838,999999.9999999999
2025-02-13T07:20:00.000+0000,999616.6266720799,770926.8900599838,999999.9999999999
2025-02-13T07:30:00.000+0000,999616.6266720799,770926.8900599838,999999.9999999999
2025-02-13T07:40:00.000+0000,999616.6266720799,770926.8900599838,999999.9999999999
2025-02-13T07:50:00.000+0000,999616.6266720799,770926.8900599838,999999.9999999999
2025-02-13T08:00:00.000+0000,999616.6266720799,770926.8900599838,999999.9999999999
2025-02-13T08:10:00.000+0000,999616.6266720799,770926.8900599838,999999.9999999999
2025-02-13T08:20:00.000+0000,999616.6266720799,770926.8900599838,999999.9999999999
2025-02-13T08:30:00.000+0000,999616.6266720799,770926.8900599838,999999.9999999999
2025-02-13T08:40:00.000+0000,999616.6266720799,770926.8900599838,999999.9999999999
2025-02-13T08:50:00.000+0000,999616.6266720799,770926.8900599838,999999.9999999999
2025-02-13T09:00:00.000+0000,999616.6266720799,770926.8900599838,999999.9999999999
2025-02-13T09:10:00.000+0000,999616.6266720799,770926.8900599838,999999.9999999999
2025-02-13T09:20:00.000+0000,999616.6266720799,770926.8900599838,999999.9999999999
2025-02-13T09:30:00.000+0000,999616.6266720799,770926.8900599838,999999.9999999999
2025-02-13T09:40:00.000+0000,999616.6266720799,770926.8900599838,999999.9999999999
2025-02-13T09:50:00.000+0000,999616.6266720799,770926.8900599838,999999.9999999999
2025-02-13T10:00:00.000+0000,999616.6266720799,770926.8900599838,999999.9999999999
2025-02-13T10:10:00.000+0000,999616.6266720799,770926.8900599838,999999.9999999999
2025-02-13T10:20:00.000+0000,999616.6266720799,770926.8900599838,999999.9999999999
2025-02-13T10:30:00.000+0000,999616.6266720799,770926.8900599838,999999.9999999999
2025-02-13T10:40:00.000+0000,999616.6266720799,770926.8900599838,999999.9999999999
2025-02-13T10:50:00.000+0000,999616.6266720799,770926.8900599838,999999.9999999999
2025-02-13T11:00:00.000+0000,999616.6266720799,770926.8900599838,999999.9999999999
2025-02-13T11:10:00.000+0000,999616.6266720799,770926.8900599838,999999.9999999999
2025-02-13T11:20:00.000+0000,999616.6266720799,770926.8900599838,999999.9999999999
2025-02-13T11:30:00.000+0000,999616.6266720799,770926.8900599838,999999.9999999999
2025-02-13T11:40:00.000+0000,999616.6266720799,770926.8900599838,999999.9999999999
2025-02-13T11:50:00.000+0000,999616.6266720799,770926.8900599838,999999.9999999999
2025-02-13T12:00:00.000+0000,999616.6266720799,770926.8900599838,999999.9999999999
2025-02-13T12:10:00.000+0000,999616.6266720799,770926.8900599838,999999.9999999999
2025-02-13T12:20:00.000+0000,999616.6266720799,770926.8900599838,999999.9999999999
2025-02-13T12:30:00.000+0000,999616.6266720799,770926.8900599838,999999.9999999999
2025-02-13T12:40:00.000+0000,999616.6266720799,770926.8900599838,999999.9999999999
2025-02-13T12:50:00.000+0000,999616.6266720799,770926.8900599838,999999.9999999999
2025-02-13T13:00:00.000+0000,999616.6266720799,770926.8900599838,999999.9999999999
2025-02-13T13:10:00.000+0000,999616.6266720799,770926.8900599838,999999.9999999999
2025-02-13T13:20:00.000+0000,999616.6266720799,770926.8900599838,999999.9999999999
2025-02-13T13:30:00.000+0000,999616.6266720799,770926.8900599838,999999.9999999999
2025-02-13T13:40:00.000+0000,999616.6266720799,770926.8900599838,999999.9999999999
2025-02-13T13:50:00.000+0000,999616.6266720799,770926.8900599838,999999.9999999999
2025-02-13T14:00:00.000+0000,999616.6266720799,770926.8900599838,999999.9999999999
2025-02-13T14:10:00.000+0000,999616.6266720799,770926.8900599838,999999.9999999999
2025-02-13T14:20:00.000+0000,999616.6266720799,770926.8900599838,999999.9999999999
2025-02-13T14:30:00.000+0000,999616.6266720799,770926.8900599838,999999.9999999999
2025-02-13T14:40:00.000+0000,999616.6266720799,770926.8900599838,999999.9999999999
2025-02-13T14:50:00.000+0000,999616.6266720799,770926.8900599838,999999.9999999999
2025-02-13T15:00:00.000+0000,999616.6266720799,770926.8900599838,999999.9999999999
2025-02-13T15:10:00.000+0000,999616.6266720799,770926.8900599838,999999.9999999999
2025-02-13T15:20:00.000+0000,999616.6266720799,770926.8900599838,999999.9999999999
2025-02-13T15:30:00.000+0000,999616.6266720799,770926.8900599838,999999.9999999999
2025-02-13T15:40:00.000+0000,999616.6266720799,770926.8900599838,999999.9999999999
2025-02-13T15:50:00.000+0000,999616.6266720799,770926.8900599838,999999.9999999999
2025-02-13T16:00:00.000+0000,999616.6266720799,770926.8900599838,999999.9999999999
2025-02-13T16:10:00.000+0000,999616.6266720799,770926.8900599838,999999.9999999999
2025-02-13T16:20:00.000+0000,999616.6266720799,770926.8900599838,999999.9999999999
2025-02-13T16:30:00.000+0000,999616.6266720799,770926.8900599838,999999.9999999999
2025-02-13T16:40:00.000+0000,999616.6266720799,770926.8900599838,999999.9999999999
2025-02-13T16:50:00.000+0000,999616.6266720799,770926.8900599838,999999.9999999999
2025-02-13T17:00:00.000+0000,999616.6266720799,770926.8900599838,999999.9999999999
2025-02-13T17:10:00.000+0000,999616.6266720799,770926.8900599838,999999.9999999999
2025-02-13T17:20:00.000+0000,999616.6266720799,770926.8900599838,999999.9999999999
2025-02-13T17:30:00.000+0000,999616.6266720799,770926.8900599838,999999.9999999999
2025-02-13T17:40:00.000+0000,999616.6266720799,770926.8900599838,999999.9999999999
2025-02-13T17:50:00.000+0000,999616.6266720799,770926.8900599838,999999.9999999999
2025-02-13T18:00:00.000+0000,999616.6266720799,770926.8900599838,999999.9999999999
2025-02-13T18:10:00.000+0000,999616.6266720799,770926.8900599838,999999.9999999999
2025-02-13T18:20:00.000+0000,999616.6266720799,770926.8900599838,999999.9999999999
2025-02-13T18:30:00.000+0000,999616.6266720799,770926.8900599838,999999.9999999999
2025-02-13T18:40:00.000+0000,999616.6266720799,770926.8900599838,999999.9999999999
2025-02-13T18:50:00.000+0000,999616.6266720799,770926.8900599838,999999.9999999999
2025-02-13T19:00:00.000+0000,999616.6266720799,770926.8900599838,999999.9999999999
2025-02-13T19:10:00.000+0000,999616.6266720799,770926.8900599838,999999.9999999999
2025-02-13T19:20:00.000+0000,999616.6266720799,770926.8900599838,999999.9999999999
2025-02-13T19:30:00.000+0000,999616.6266720799,770926.8900599838,999999.9999999999
2025-02-13T19:40:00.000+0000,999616.6266720799,770926.8900599838,999999.9999999999
2025-02-13T19:50:00.000+0000,999616.6266720799,770926.8900599838,999999.9999999999
2025-02-13T20:00:00.000+0000,999616.6266720799,770926.8900599838,999999.9999999999
2025-02-13T20:10:00.000+0000,999616.6266720799,770926.8900599838,999999.9999999999
2025-02-13T20:20:00.000+0000,999616.6266720799,770926.8900599838,999999.9999999999
2025-02-13T20:30:00.000+0000,999616.6266720799,770926.8900599838,999999.9999999999
2025-02-13T20:40:00.000+0000,999616.6266720799,770926.8900599838,999999.9999999999
2025-02-13T20:50:00.000+0000,999616.6266720799,770926.8900599838,999999.9999999999
2025-02-13T21:00:00.000+0000,999616.6266720799,770926.8900599838,999999.9999999999
2025-02-13T21:10:00.000+0000,999616.6266720799,770926.8900599838,999999.9999999999
2025-02-13T21:20:00.000+0000,999616.6266720799,770926.8900599838,999999.9999999999
2025-02-13T21:30:00.000+0000,999616.6266720799,770926.8900599838,999999.9999999999
2025-02-13T21:40:00.000+0000,999616.6266720799,770926.8900599838,999999.9999999999
2025-02-13T21:50:00.000+0000,999616.6266720799,770926.8900599838,999999.9999999999
2025-02-13T22:00:00.000+0000,999616.6266720799,770926.8900599838,999999.9999999999
2025-02-13T22:10:00.000+0000,999616.6266720799,770926.8900599838,999999.9999999999
2025-02-13T22:20:00.000+0000,999616.6266720799,770926.8900599838,999999.9999999999
2025-02-13T22:30:00.000+0000,999616.6266720799,770926.8900599838,999999.9999999999
2025-02-13T22:40:00.000+0000,999616.6266720799,770926.8900599838,999999.9999999999
2025-02-13T22:50:00.000+0000,999616.6266720799,770926.8900599838,999999.9999999999
2025-02-13T23:00:00.000+0000,999616.6266720799,770926.8900599838,999999.9999999999
2025-02-13T23:10:00.000+0000,999616.6266720799,770926.8900599838,999999.9999999999
2025-02-13T23:20:00.000+0000,999616.6266720799,770926.8900599838,999999.9999999999
2025-02-13T23:30:00.000+0000,999616.6266720799,770926.8900599838,999999.9999999999
2025-02-13T23:40:00.000+0000,999616.6266720799,770926.8900599838,999999.9999999999
2025-02-13T23:50:00.000+0000,999616.6266720799,770926.8900599838,999999.9999999999
2025-02-14T00:00:00.000+0000,999616.6266720799,770926.8900599838,999999.9999999999
2025-02-14T00:10:00.000+0000,999616.6266720799,770926.8900599838,999999.9999999999
2025-02-14T00:20:00.000+0000,999616.6266720799,770926.8900599838,999999.9999999999
2025-02-14T00:30:00.000+0000,999616.6266720799,770926.8900599838,999999.9999999999
2025-02-14T00:40:00.000+0000,999616.6266720799,770926.8900599838,999999.9999999999
2025-02-14T00:50:00.000+0000,999616.6266720799,770926.8900599838,999999.9999999999
2025-02-14T01:00:00.000+0000,999616.6266720799,770926.8900599838,999999.9999999999
2025-02-14T01:10:00.000+0000,999616.6266720799,770926.8900599838,999999.9999999999
2025-02-14T01:20:00.000+0000,999616.6266720799,770926.8900599838,999999.9999999999
2025-02-14T01:30:00.000+0000,999616.6266720799,770926.8900599838,999999.9999999999
2025-02-14T01:40:00.000+0000,999616.6266720799,770926.8900599838,999999.9999999999
2025-02-14T01:50:00.000+0000,999616.6266720799,770926.8900599838,999999.9999999999
2025-02-14T02:00:00.000+0000,999616.6266720799,770926.8900599838,999999.9999999999
2025-02-14T02:10:00.000+0000,999616.6266720797,770926.8900599838,999999.9999999999
2025-02-14T02:20:00.000+0000,998817.6628123994,911.8020720795299,999999.9999999999
2025-02-14T02:30:00.000+0000,998817.6628123994,911.8020720795299,999999.9999999999
2025-02-14T02:40:00.000+0000,998817.6628123994,911.8020720795299,999999.9999999999
2025-02-14T02:50:00.000+0000,998817.6628123994,911.8020720795299,999999.9999999999
2025-02-14T03:00:00.000+0000,998817.6628123994,911.8020720795299,999999.9999999999
2025-02-14T03:10:00.000+0000,998817.6628123994,911.8020720795299,999999.9999999999
2025-02-14T03:20:00.000+0000,998817.6628123994,911.8020720795299,999999.9999999999
2025-02-14T03:30:00.000+0000,998817.6628123994,911.8020720795299,999999.9999999999
2025-02-14T03:40:00.000+0000,998817.6628123994,911.8020720795299,999999.9999999999
2025-02-14T03:50:00.000+0000,998817.6628123994,911.8020720795299,999999.9999999999
2025-02-14T04:00:00.000+0000,998817.6628123994,911.8020720795299,999999.9999999999
2025-02-14T04:10:00.000+0000,998817.6628123994,911.8020720795299,999999.9999999999
2025-02-14T04:20:00.000+0000,998817.6628123994,911.8020720795299,999999.9999999999
2025-02-14T04:30:00.000+0000,998817.6628123994,911.8020720795299,999999.9999999999
2025-02-14T04:40:00.000+0000,998817.6628123994,911.8020720795299,999999.9999999999
2025-02-14T04:50:00.000+0000,998817.6628123994,911.8020720795299,999999.9999999999
2025-02-14T05:00:00.000+0000,998817.6628123994,911.8020720795299,999999.9999999999
2025-02-14T05:10:00.000+0000,998817.6628123994,911.8020720795299,999999.9999999999
2025-02-14T05:20:00.000+0000,998817.6628123994,911.8020720795299,999999.9999999999
2025-02-14T05:30:00.000+0000,998817.6628123994,911.8020720795299,999999.9999999999
2025-02-14T05:40:00.000+0000,998817.6628123994,911.8020720795299,999999.9999999999
2025-02-14T05:50:00.000+0000,998817.6628123994,911.8020720795299,999999.9999999999
2025-02-14T06:00:00.000+0000,998817.6628123994,911.8020720795299,999999.9999999999
2025-02-14T06:10:00.000+0000,998817.6628123994,911.8020720795299,999999.9999999999
2025-02-14T06:20:00.000+0000,998817.6628123994,911.8020720795299,999999.9999999999
2025-02-14T06:30:00.000+0000,998817.6628123994,911.8020720795299,999999.9999999999
2025-02-14T06:40:00.000+0000,998817.6628123994,911.8020720795299,999999.9999999999
2025-02-14T06:50:00.000+0000,998817.6628123994,911.8020720795299,999999.9999999999
2025-02-14T07:00:00.000+0000,998817.6628123994,911.8020720795299,999999.9999999999
2025-02-14T07:10:00.000+0000,998817.6628123994,911.8020720795299,999999.9999999999
2025-02-14T07:20:00.000+0000,998817.6628123994,911.8020720795299,999999.9999999999
2025-02-14T07:30:00.000+0000,998817.6628123994,911.8020720795299,999999.9999999999
2025-02-14T07:40:00.000+0000,998817.6628123994,911.8020720795299,999999.9999999999
2025-02-14T07:50:00.000+0000,998817.6628123994,911.8020720795299,999999.9999999999
2025-02-14T08:00:00.000+0000,998817.6628123994,911.8020720795299,999999.9999999999
2025-02-14T08:10:00.000+0000,998817.6628123994,911.8020720795299,999999.9999999999
2025-02-14T08:20:00.000+0000,998817.6628123994,911.8020720795299,999999.9999999999
2025-02-14T08:30:00.000+0000,998817.6628123994,911.8020720795299,999999.9999999999
2025-02-14T08:40:00.000+0000,998817.6628123994,911.8020720795299,999999.9999999999
2025-02-14T08:50:00.000+0000,998817.6628123994,911.8020720795299,999999.9999999999
2025-02-14T09:00:00.000+0000,998817.6628123994,911.8020720795299,999999.9999999999
2025-02-14T09:10:00.000+0000,998817.6628123994,911.8020720795299,999999.9999999999
2025-02-14T09:20:00.000+0000,998817.6628123994,911.8020720795299,999999.9999999999
2025-02-14T09:30:00.000+0000,998817.6628123994,911.8020720795299,999999.9999999999
2025-02-14T09:40:00.000+0000,998817.6628123994,911.8020720795299,999999.9999999999
2025-02-14T09:50:00.000+0000,998817.6628123994,911.8020720795299,999999.9999999999
2025-02-14T10:00:00.000+0000,998817.6628123994,911.8020720795299,999999.9999999999
2025-02-14T10:10:00.000+0000,998817.6628123994,911.8020720795299,999999.9999999999
2025-02-14T10:20:00.000+0000,998817.6628123994,911.8020720795299,999999.9999999999
2025-02-14T10:30:00.000+0000,998817.6628123994,911.8020720795299,999999.9999999999
2025-02-14T10:40:00.000+0000,998817.6628123994,911.8020720795299,999999.9999999999
2025-02-14T10:50:00.000+0000,998817.6628123994,911.8020720795299,999999.9999999999
2025-02-14T11:00:00.000+0000,998817.6628123994,911.8020720795299,999999.9999999999
2025-02-14T11:10:00.000+0000,998817.6628123994,911.8020720795299,999999.9999999999
2025-02-14T11:20:00.000+0000,998817.6628123994,911.8020720795299,999999.9999999999
2025-02-14T11:30:00.000+0000,998817.6628123994,911.8020720795299,999999.9999999999
2025-02-14T11:40:00.000+0000,998817.6628123994,911.8020720795299,999999.9999999999
2025-02-14T11:50:00.000+0000,998817.6628123994,911.8020720795299,999999.9999999999
2025-02-14T12:00:00.000+0000,998817.6628123994,911.8020720795299,999999.9999999999
2025-02-14T12:10:00.000+0000,998817.6628123994,911.8020720795299,999999.9999999999
2025-02-14T12:20:00.000+0000,998817.6628123994,911.8020720795299,999999.9999999999
2025-02-14T12:30:00.000+0000,998817.6628123994,911.8020720795299,999999.9999999999
2025-02-14T12:40:00.000+0000,998817.6628123994,911.8020720795299,999999.9999999999
2025-02-14T12:50:00.000+0000,998817.6628123994,911.8020720795299,999999.9999999999
2025-02-14T13:00:00.000+0000,998817.6628123994,911.8020720795299,999999.9999999999
2025-02-14T13:10:00.000+0000,998817.6628123994,911.8020720795299,999999.9999999999
2025-02-14T13:20:00.000+0000,998817.6628123994,911.8020720795299,999999.9999999999
2025-02-14T13:30:00.000+0000,998817.6628123994,911.8020720795299,999999.9999999999
2025-02-14T13:40:00.000+0000,998817.6628123994,911.8020720795299,999999.9999999999
2025-02-14T13:50:00.000+0000,998817.6628123994,911.8020720795299,999999.9999999999
2025-02-14T14:00:00.000+0000,998817.6628123994,911.8020720795299,999999.9999999999
2025-02-14T14:10:00.000+0000,998817.6628123994,911.8020720795299,999999.9999999999
2025-02-14T14:20:00.000+0000,998817.6628123994,911.8020720795299,999999.9999999999
2025-02-14T14:30:00.000+0000,998817.6628123994,911.8020720795299,999999.9999999999
2025-02-14T14:40:00.000+0000,998817.6628123994,911.8020720795299,999999.9999999999
2025-02-14T14:50:00.000+0000,998817.6628123994,911.8020720795299,999999.9999999999
2025-02-14T15:00:00.000+0000,998817.6628123994,911.8020720795299,999999.9999999999
2025-02-14T15:10:00.000+0000,998817.6628123994,911.8020720795299,999999.9999999999
2025-02-14T15:20:00.000+0000,998817.6628123994,911.8020720795299,999999.9999999999
2025-02-14T15:30:00.000+0000,998817.6628123994,911.8020720795299,999999.9999999999
2025-02-14T15:40:00.000+0000,998817.6628123994,911.8020720795299,999999.9999999999
2025-02-14T15:50:00.000+0000,998817.6628123994,911.8020720795299,999999.9999999999
2025-02-14T16:00:00.000+0000,998817.6628123994,911.8020720795299,999999.9999999999
2025-02-14T16:10:00.000+0000,998817.6628123994,911.8020720795299,999999.9999999999
2025-02-14T16:20:00.000+0000,998817.6628123994,911.8020720795299,999999.9999999999
2025-02-14T16:30:00.000+0000,998817.6628123994,911.8020720795299,999999.9999999999
2025-02-14T16:40:00.000+0000,998817.6628123994,911.8020720795299,999999.9999999999
2025-02-14T16:50:00.000+0000,998817.6628123994,911.8020720795299,999999.9999999999
2025-02-14T17:00:00.000+0000,998817.6628123994,911.8020720795299,999999.9999999999
2025-02-14T17:10:00.000+0000,998817.6628123994,911.8020720795299,999999.9999999999
2025-02-14T17:20:00.000+0000,998817.6628123994,911.8020720795299,999999.9999999999
2025-02-14T17:30:00.000+0000,998817.6628123994,911.8020720795299,999999.9999999999
2025-02-14T17:40:00.000+0000,998817.6628123994,911.8020720795299,999999.9999999999
2025-02-14T17:50:00.000+0000,998817.6628123994,911.8020720795299,999999.9999999999
2025-02-14T18:00:00.000+0000,998817.6628123994,911.8020720795299,999999.9999999999
2025-02-14T18:10:00.000+0000,998817.6628123994,911.8020720795299,999999.9999999999
2025-02-14T18:20:00.000+0000,998817.6628123994,911.8020720795299,999999.9999999999
2025-02-14T18:30:00.000+0000,998817.6628123994,911.8020720795299,999999.9999999999
2025-02-14T18:40:00.000+0000,998817.6628123994,911.8020720795299,999999.9999999999
2025-02-14T18:50:00.000+0000,998817.6628123994,911.8020720795299,999999.9999999999
2025-02-14T19:00:00.000+0000,998817.6628123994,911.8020720795299,999999.9999999999
2025-02-14T19:10:00.000+0000,998817.6628123994,911.8020720795299,999999.9999999999
2025-02-14T19:20:00.000+0000,998817.6628123994,911.8020720795299,999999.9999999999
2025-02-14T19:30:00.000+0000,998817.6628123994,911.8020720795299,999999.9999999999
2025-02-14T19:40:00.000+0000,998817.6628123994,911.8020720795299,999999.9999999999
2025-02-14T19:50:00.000+0000,998817.6628123994,911.8020720795299,999999.9999999999
2025-02-14T20:00:00.000+0000,998817.6628123994,911.8020720795299,999999.9999999999
2025-02-14T20:10:00.000+0000,998817.6628123994,911.8020720795299,999999.9999999999
2025-02-14T20:20:00.000+0000,998817.6628123994,911.8020720795299,999999.9999999999
2025-02-14T20:30:00.000+0000,998817.6628123994,911.8020720795299,999999.9999999999
2025-02-14T20:40:00.000+0000,998817.6628123994,911.8020720795299,999999.9999999999
2025-02-14T20:50:00.000+0000,998817.6628123994,911.8020720795299,999999.9999999999
2025-02-14T21:00:00.000+0000,998817.6628123994,911.8020720795299,999999.9999999999
2025-02-14T21:10:00.000+0000,998817.6628123994,911.8020720795299,999999.9999999999
2025-02-14T21:20:00.000+0000,998817.6628123994,911.8020720795299,999999.9999999999
2025-02-14T21:30:00.000+0000,998817.6628123994,911.8020720795299,999999.9999999999
2025-02-14T21:40:00.000+0000,998817.6628123994,911.8020720795299,999999.9999999999
2025-02-14T21:50:00.000+0000,998817.6628123994,911.8020720795299,999999.9999999999
2025-02-14T22:00:00.000+0000,998817.6628123994,911.8020720795299,999999.9999999999
2025-02-14T22:10:00.000+0000,998817.6628123994,911.8020720795299,999999.9999999999
2025-02-14T22:20:00.000+0000,998817.6628123994,911.8020720795299,999999.9999999999
2025-02-14T22:30:00.000+0000,998817.6628123994,911.8020720795299,999999.9999999999
2025-02-14T22:40:00.000+0000,998817.6628123994,911.8020720795299,999999.9999999999
2025-02-14T22:50:00.000+0000,998817.6628123994,911.8020720795299,999999.9999999999
2025-02-14T23:00:00.000+0000,998817.6628123994,911.8020720795299,999999.9999999999
2025-02-14T23:10:00.000+0000,998817.6628123994,911.8020720795299,999999.9999999999
2025-02-14T23:20:00.000+0000,998817.6628123994,911.8020720795299,999999.9999999999
2025-02-14T23:30:00.000+0000,998817.6628123994,911.8020720795299,999999.9999999999
2025-02-14T23:40:00.000+0000,998817.6628123994,911.8020720795299,999999.9999999999
2025-02-14T23:50:00.000+0000,998817.6628123994,911.8020720795299,999999.9999999999
2025-02-15T00:00:00.000+0000,998817.6628123994,911.8020720795299,999999.9999999999
2025-02-15T00:10:00.000+0000,998817.6628123994,911.8020720795299,999999.9999999999
2025-02-15T00:20:00.000+0000,998817.6628123994,911.8020720795299,999999.9999999999
2025-02-15T00:30:00.000+0000,998817.6628123994,911.8020720795299,999999.9999999999
2025-02-15T00:40:00.000+0000,998817.6628123994,911.8020720795299,999999.9999999999
2025-02-15T00:50:00.000+0000,998817.6628123994,911.8020720795299,999999.9999999999
2025-02-15T01:00:00.000+0000,998817.6628123994,911.8020720795299,999999.9999999999
2025-02-15T01:10:00.000+0000,998817.6628123994,911.8020720795299,999999.9999999999
2025-02-15T01:20:00.000+0000,998817.6628123994,911.8020720795299,999999.9999999999
2025-02-15T01:30:00.000+0000,998817.6628123994,911.8020720795299,999999.9999999999
2025-02-15T01:40:00.000+0000,998817.6628123994,911.8020720795299,999999.9999999999
2025-02-15T01:50:00.000+0000,998817.6628123994,911.8020720795299,999999.9999999999
2025-02-15T02:00:00.000+0000,998817.6628123994,911.8020720795299,999999.9999999999
2025-02-15T02:10:00.000+0000,998817.6628123994,911.8020720795299,999999.9999999999
2025-02-15T02:20:00.000+0000,998817.6628123994,911.8020720795299,999999.9999999999
2025-02-15T02:30:00.000+0000,998817.6628123994,911.8020720795299,999999.9999999999
2025-02-15T02:40:00.000+0000,998817.6628123994,911.8020720795299,999999.9999999999
2025-02-15T02:50:00.000+0000,998817.6628123994,911.8020720795299,999999.9999999999
2025-02-15T03:00:00.000+0000,998817.6628123994,911.8020720795299,999999.9999999999
2025-02-15T03:10:00.000+0000,998817.6628123994,911.8020720795299,999999.9999999999
2025-02-15T03:20:00.000+0000,998817.6628123994,911.8020720795299,999999.9999999999
2025-02-15T03:30:00.000+0000,998817.6628123994,911.8020720795299,999999.9999999999
2025-02-15T03:40:00.000+0000,998817.6628123994,911.8020720795299,999999.9999999999
2025-02-15T03:50:00.000+0000,998817.6628123994,911.8020720795299,999999.9999999999
2025-02-15T04:00:00.000+0000,998817.6628123994,911.8020720795299,999999.9999999999
2025-02-15T04:10:00.000+0000,998817.6628123994,911.8020720795299,999999.9999999999
2025-02-15T04:20:00.000+0000,998817.6628123994,911.8020720795299,999999.9999999999
2025-02-15T04:30:00.000+0000,998817.6628123994,911.8020720795299,999999.9999999999
2025-02-15T04:40:00.000+0000,998817.6628123994,911.8020720795299,999999.9999999999
2025-02-15T04:50:00.000+0000,998817.6628123994,911.8020720795299,999999.9999999999
2025-02-15T05:00:00.000+0000,998817.6628123994,911.8020720795299,999999.9999999999
2025-02-15T05:10:00.000+0000,998817.6628123994,911.8020720795299,999999.9999999999
2025-02-15T05:20:00.000+0000,998817.6628123994,911.8020720795299,999999.9999999999
2025-02-15T05:30:00.000+0000,998817.6628123994,911.8020720795299,999999.9999999999
2025-02-15T05:40:00.000+0000,998817.6628123994,911.8020720795299,999999.9999999999
2025-02-15T05:50:00.000+0000,998817.6628123994,911.8020720795299,999999.9999999999
2025-02-15T06:00:00.000+0000,998817.6628123994,911.8020720795299,999999.9999999999
2025-02-15T06:10:00.000+0000,998817.6628123994,911.8020720795299,999999.9999999999
2025-02-15T06:20:00.000+0000,998817.6628123994,911.8020720795299,999999.9999999999
2025-02-15T06:30:00.000+0000,998817.6628123994,911.8020720795299,999999.9999999999
2025-02-15T06:40:00.000+0000,998817.6628123994,911.8020720795299,999999.9999999999
2025-02-15T06:50:00.000+0000,998817.6628123994,911.8020720795299,999999.9999999999
2025-02-15T07:00:00.000+0000,998817.6628123994,911.8020720795299,999999.9999999999
2025-02-15T07:10:00.000+0000,998817.6628123994,911.8020720795299,999999.9999999999
2025-02-15T07:20:00.000+0000,998817.6628123994,911.8020720795299,999999.9999999999
2025-02-15T07:30:00.000+0000,998817.6628123994,911.8020720795299,999999.9999999999
2025-02-15T07:40:00.000+0000,998817.6628123994,911.8020720795299,999999.9999999999
2025-02-15T07:50:00.000+0000,998817.6628123994,911.8020720795299,999999.9999999999
2025-02-15T08:00:00.000+0000,998817.6628123994,911.8020720795299,999999.9999999999
2025-02-15T08:10:00.000+0000,998817.6628123994,911.8020720795299,999999.9999999999
2025-02-15T08:20:00.000+0000,998817.6628123994,911.8020720795299,999999.9999999999
2025-02-15T08:30:00.000+0000,998817.6628123994,911.8020720795299,999999.9999999999
2025-02-15T08:40:00.000+0000,998817.6628123994,911.8020720795299,999999.9999999999
2025-02-15T08:50:00.000+0000,998817.6628123994,911.8020720795299,999999.9999999999
2025-02-15T09:00:00.000+0000,998817.6628123994,911.8020720795299,999999.9999999999
2025-02-15T09:10:00.000+0000,998817.6628123994,911.8020720795299,999999.9999999999
2025-02-15T09:20:00.000+0000,998817.6628123994,911.8020720795299,999999.9999999999
2025-02-15T09:30:00.000+0000,998817.6628123994,911.8020720795299,999999.9999999999
2025-02-15T09:40:00.000+0000,998817.6628123994,911.8020720795299,999999.9999999999
2025-02-15T09:50:00.000+0000,998817.6628123994,911.8020720795299,999999.9999999999
2025-02-15T10:00:00.000+0000,998817.6628123994,911.8020720795299,999999.9999999999
2025-02-15T10:10:00.000+0000,998817.6628123994,911.8020720795299,999999.9999999999
2025-02-15T10:20:00.000+0000,998817.6628123994,911.8020720795299,999999.9999999999
2025-02-15T10:30:00.000+0000,998817.6628123994,911.8020720795299,999999.9999999999
2025-02-15T10:40:00.000+0000,998817.6628123994,911.8020720795299,999999.9999999999
2025-02-15T10:50:00.000+0000,998817.6628123994,911.8020720795299,999999.9999999999
2025-02-15T11:00:00.000+0000,998817.6628123994,911.8020720795299,999999.9999999999
2025-02-15T11:10:00.000+0000,998817.6628123994,911.8020720795299,999999.9999999999
2025-02-15T11:20:00.000+0000,998817.6628123994,911.8020720795299,999999.9999999999
2025-02-15T11:30:00.000+0000,998817.6628123994,911.8020720795299,999999.9999999999
2025-02-15T11:40:00.000+0000,998817.6628123994,911.8020720795299,999999.9999999999
2025-02-15T11:50:00.000+0000,998817.6628123994,911.8020720795299,999999.9999999999
2025-02-15T12:00:00.000+0000,998817.6628123994,911.8020720795299,999999.9999999999
2025-02-15T12:10:00.000+0000,998817.6628123994,911.8020720795299,999999.9999999999
2025-02-15T12:20:00.000+0000,998817.6628123994,911.8020720795299,999999.9999999999
2025-02-15T12:30:00.000+0000,998817.6628123994,911.8020720795299,999999.9999999999
2025-02-15T12:40:00.000+0000,998817.6628123994,911.8020720795299,999999.9999999999
2025-02-15T12:50:00.000+0000,998817.6628123994,911.8020720795299,999999.9999999999
2025-02-15T13:00:00.000+0000,998817.6628123994,911.8020720795299,999999.9999999999
2025-02-15T13:10:00.000+0000,998817.6628123994,911.8020720795299,999999.9999999999
2025-02-15T13:20:00.000+0000,998817.6628123994,911.8020720795299,999999.9999999999
2025-02-15T13:30:00.000+0000,998817.6628123994,911.8020720795299,999999.9999999999
2025-02-15T13:40:00.000+0000,998817.6628123994,911.8020720795299,999999.9999999999
2025-02-15T13:50:00.000+0000,998817.6628123994,911.8020720795299,999999.9999999999
2025-02-15T14:00:00.000+0000,998817.6628123994,911.8020720795299,999999.9999999999
2025-02-15T14:10:00.000+0000,998817.6628123994,911.8020720795299,999999.9999999999
2025-02-15T14:20:00.000+0000,998817.6628123994,911.8020720795299,999999.9999999999
2025-02-15T14:30:00.000+0000,998817.6628123994,911.8020720795299,999999.9999999999
2025-02-15T14:40:00.000+0000,998817.6628123994,911.8020720795299,999999.9999999999
2025-02-15T14:50:00.000+0000,998817.6628123994,911.8020720795299,999999.9999999999
2025-02-15T15:00:00.000+0000,998817.6628123994,911.8020720795299,999999.9999999999
2025-02-15T15:10:00.000+0000,998817.6628123994,911.8020720795299,999999.9999999999
2025-02-15T15:20:00.000+0000,998817.6628123994,911.8020720795299,999999.9999999999
2025-02-15T15:30:00.000+0000,998817.6628123994,911.8020720795299,999999.9999999999
2025-02-15T15:40:00.000+0000,998817.6628123994,911.8020720795299,999999.9999999999
2025-02-15T15:50:00.000+0000,998817.6628123994,911.8020720795299,999999.9999999999
2025-02-15T16:00:00.000+0000,998817.6628123994,911.8020720795299,999999.9999999999
2025-02-15T16:10:00.000+0000,998817.6628123994,911.8020720795299,999999.9999999999
2025-02-15T16:20:00.000+0000,998817.6628123994,911.8020720795299,999999.9999999999
2025-02-15T16:30:00.000+0000,998817.6628123994,911.8020720795299,999999.9999999999
2025-02-15T16:40:00.000+0000,998817.6628123994,911.8020720795299,999999.9999999999
2025-02-15T16:50:00.000+0000,998817.6628123994,911.8020720795299,999999.9999999999
2025-02-15T17:00:00.000+0000,998817.6628123994,911.8020720795299,999999.9999999999
2025-02-15T17:10:00.000+0000,998817.6628123994,911.8020720795299,999999.9999999999
2025-02-15T17:20:00.000+0000,998817.6628123994,911.8020720795299,999999.9999999999
2025-02-15T17:30:00.000+0000,998817.6628123994,911.8020720795299,999999.9999999999
2025-02-15T17:40:00.000+0000,998817.6628123994,911.8020720795299,999999.9999999999
2025-02-15T17:50:00.000+0000,998817.6628123994,911.8020720795299,999999.9999999999
2025-02-15T18:00:00.000+0000,998817.6628123994,911.8020720795299,999999.9999999999
2025-02-15T18:10:00.000+0000,998817.6628123994,911.8020720795299,999999.9999999999
2025-02-15T18:20:00.000+0000,998817.6628123994,911.8020720795299,999999.9999999999
2025-02-15T18:30:00.000+0000,998817.6628123994,911.8020720795299,999999.9999999999
2025-02-15T18:40:00.000+0000,998817.6628123994,911.8020720795299,999999.9999999999
2025-02-15T18:50:00.000+0000,998817.6628123994,911.8020720795299,999999.9999999999
2025-02-15T19:00:00.000+0000,998817.6628123994,911.8020720795299,999999.9999999999
2025-02-15T19:10:00.000+0000,998817.6628123994,911.8020720795299,999999.9999999999
2025-02-15T19:20:00.000+0000,998817.6628123994,911.8020720795299,999999.9999999999
2025-02-15T19:30:00.000+0000,998817.6628123994,911.8020720795299,999999.9999999999
2025-02-15T19:40:00.000+0000,998817.6628123994,911.8020720795299,999999.9999999999
2025-02-15T19:50:00.000+0000,998817.6628123994,911.8020720795299,999999.9999999999
2025-02-15T20:00:00.000+0000,998817.6628123994,911.8020720795299,999999.9999999999
2025-02-15T20:10:00.000+0000,998817.6628123994,911.8020720795299,999999.9999999999
2025-02-15T20:20:00.000+0000,998817.6628123994,911.8020720795299,999999.9999999999
2025-02-15T20:30:00.000+0000,998817.6628123994,911.8020720795299,999999.9999999999
2025-02-15T20:40:00.000+0000,998817.6628123994,911.8020720795299,999999.9999999999
2025-02-15T20:50:00.000+0000,998817.6628123994,911.8020720795299,999999.9999999999
2025-02-15T21:00:00.000+0000,998817.6628123994,911.8020720795299,999999.9999999999
2025-02-15T21:10:00.000+0000,998817.6628123994,911.8020720795299,999999.9999999999
2025-02-15T21:20:00.000+0000,998817.6628123994,911.8020720795299,999999.9999999999
2025-02-15T21:30:00.000+0000,998817.6628123994,911.8020720795299,999999.9999999999
2025-02-15T21:40:00.000+0000,998817.6628123994,911.8020720795299,999999.9999999999
2025-02-15T21:50:00.000+0000,998817.6628123994,911.8020720795299,999999.9999999999
2025-02-15T22:00:00.000+0000,998817.6628123994,911.8020720795299,999999.9999999999
2025-02-15T22:10:00.000+0000,998817.6628123994,911.8020720795299,999999.9999999999
2025-02-15T22:20:00.000+0000,998817.6628123994,911.8020720795299,999999.9999999999
2025-02-15T22:30:00.000+0000,998817.6628123994,911.8020720795299,999999.9999999999
2025-02-15T22:40:00.000+0000,998817.6628123994,911.8020720795299,999999.9999999999
2025-02-15T22:50:00.000+0000,998817.6628123994,911.8020720795299,999999.9999999999
2025-02-15T23:00:00.000+0000,998817.6628123994,911.8020720795299,999999.9999999999
2025-02-15T23:10:00.000+0000,998817.6628123994,911.8020720795299,999999.9999999999
2025-02-15T23:20:00.000+0000,998817.6628123994,911.8020720795299,999999.9999999999
2025-02-15T23:30:00.000+0000,998817.6628123994,911.8020720795299,999999.9999999999
2025-02-15T23:40:00.000+0000,998817.6628123994,911.8020720795299,999999.9999999999
2025-02-15T23:50:00.000+0000,998817.6628123994,911.8020720795299,999999.9999999999
2025-02-16T00:00:00.000+0000,998817.6628123994,911.8020720795299,999999.9999999999
2025-02-16T00:10:00.000+0000,998817.6628123994,911.8020720795299,999999.9999999999
2025-02-16T00:20:00.000+0000,998817.6628123994,911.8020720795299,999999.9999999999
2025-02-16T00:30:00.000+0000,998817.6628123994,911.8020720795299,999999.9999999999
2025-02-16T00:40:00.000+0000,998817.6628123994,911.8020720795299,999999.9999999999
2025-02-16T00:50:00.000+0000,998817.6628123994,911.8020720795299,999999.9999999999
2025-02-16T01:00:00.000+0000,998817.6628123994,911.8020720795299,999999.9999999999
2025-02-16T01:10:00.000+0000,998817.6628123994,911.8020720795299,999999.9999999999
2025-02-16T01:20:00.000+0000,998817.6628123994,911.8020720795299,999999.9999999999
2025-02-16T01:30:00.000+0000,998817.6628123994,911.8020720795299,999999.9999999999
2025-02-16T01:40:00.000+0000,998817.6628123994,911.8020720795299,999999.9999999999
2025-02-16T01:50:00.000+0000,998817.6628123994,911.8020720795299,999999.9999999999
2025-02-16T02:00:00.000+0000,998817.6628123994,911.8020720795299,999999.9999999999
2025-02-16T02:10:00.000+0000,998817.6628123994,911.8020720795299,999999.9999999999
2025-02-16T02:20:00.000+0000,998817.6628123994,911.8020720795299,999999.9999999999
2025-02-16T02:30:00.000+0000,998817.6628123994,911.8020720795299,999999.9999999999
2025-02-16T02:40:00.000+0000,998817.6628123994,911.8020720795299,999999.9999999999
2025-02-16T02:50:00.000+0000,998817.6628123994,911.8020720795299,999999.9999999999
2025-02-16T03:00:00.000+0000,998817.6628123994,911.8020720795299,999999.9999999999
2025-02-16T03:10:00.000+0000,998817.6628123994,911.8020720795299,999999.9999999999
2025-02-16T03:20:00.000+0000,998817.6628123994,911.8020720795299,999999.9999999999
2025-02-16T03:30:00.000+0000,998817.6628123994,911.8020720795299,999999.9999999999
2025-02-16T03:40:00.000+0000,998817.6628123994,911.8020720795299,999999.9999999999
2025-02-16T03:50:00.000+0000,998817.6628123994,911.8020720795299,999999.9999999999
2025-02-16T04:00:00.000+0000,998817.6628123994,911.8020720795299,999999.9999999999
2025-02-16T04:10:00.000+0000,998817.6628123994,911.8020720795299,999999.9999999999
2025-02-16T04:20:00.000+0000,998817.6628123994,911.8020720795299,999999.9999999999
2025-02-16T04:30:00.000+0000,998817.6628123994,911.8020720795299,999999.9999999999
2025-02-16T04:40:00.000+0000,998817.6628123994,911.8020720795299,999999.9999999999
2025-02-16T04:50:00.000+0000,998817.6628123994,911.8020720795299,999999.9999999999
2025-02-16T05:00:00.000+0000,998817.6628123994,911.8020720795299,999999.9999999999
2025-02-16T05:10:00.000+0000,998817.6628123994,911.8020720795299,999999.9999999999
2025-02-16T05:20:00.000+0000,998817.6628123994,911.8020720795299,999999.9999999999
2025-02-16T05:30:00.000+0000,998817.6628123994,911.8020720795299,999999.9999999999
2025-02-16T05:40:00.000+0000,998817.6628123994,911.8020720795299,999999.9999999999
2025-02-16T05:50:00.000+0000,998817.6628123994,911.8020720795299,999999.9999999999
2025-02-16T06:00:00.000+0000,998817.6628123994,911.8020720795299,999999.9999999999
2025-02-16T06:10:00.000+0000,998817.6628123994,911.8020720795299,999999.9999999999
2025-02-16T06:20:00.000+0000,998817.6628123994,911.8020720795299,999999.9999999999
2025-02-16T06:30:00.000+0000,998817.6628123994,911.8020720795299,999999.9999999999
2025-02-16T06:40:00.000+0000,998817.6628123994,911.8020720795299,999999.9999999999
2025-02-16T06:50:00.000+0000,998817.6628123994,911.8020720795299,999999.9999999999
2025-02-16T07:00:00.000+0000,998817.6628123994,911.8020720795299,999999.9999999999
2025-02-16T07:10:00.000+0000,998817.6628123994,911.8020720795299,999999.9999999999
2025-02-16T07:20:00.000+0000,998817.6628123994,911.8020720795299,999999.9999999999
2025-02-16T07:30:00.000+0000,998817.6628123994,911.8020720795299,999999.9999999999
2025-02-16T07:40:00.000+0000,998817.6628123994,911.8020720795299,999999.9999999999
2025-02-16T07:50:00.000+0000,998817.6628123994,911.8020720795299,999999.9999999999
2025-02-16T08:00:00.000+0000,998817.6628123994,911.8020720795299,999999.9999999999
2025-02-16T08:10:00.000+0000,998817.6628123994,911.8020720795299,999999.9999999999
2025-02-16T08:20:00.000+0000,998817.6628123994,911.8020720795299,999999.9999999999
2025-02-16T08:30:00.000+0000,998817.6628123994,911.8020720795299,999999.9999999999
2025-02-16T08:40:00.000+0000,998817.6628123994,911.8020720795299,999999.9999999999
2025-02-16T08:50:00.000+0000,998817.6628123994,911.8020720795299,999999.9999999999
2025-02-16T09:00:00.000+0000,998817.6628123994,911.8020720795299,999999.9999999999
2025-02-16T09:10:00.000+0000,998817.6628123994,911.8020720795299,999999.9999999999
2025-02-16T09:20:00.000+0000,998817.6628123994,911.8020720795299,999999.9999999999
2025-02-16T09:30:00.000+0000,998817.6628123994,911.8020720795299,999999.9999999999
2025-02-16T09:40:00.000+0000,998817.6628123994,911.8020720795299,999999.9999999999
2025-02-16T09:50:00.000+0000,998817.6628123994,911.8020720795299,999999.9999999999
2025-02-16T10:00:00.000+0000,998817.6628123994,911.8020720795299,999999.9999999999
2025-02-16T10:10:00.000+0000,998817.6628123994,911.8020720795299,999999.9999999999
2025-02-16T10:20:00.000+0000,998817.6628123994,911.8020720795299,999999.9999999999
2025-02-16T10:30:00.000+0000,998817.6628123994,911.8020720795299,999999.9999999999
2025-02-16T10:40:00.000+0000,998817.6628123994,911.8020720795299,999999.9999999999
2025-02-16T10:50:00.000+0000,998817.6628123994,911.8020720795299,999999.9999999999
2025-02-16T11:00:00.000+0000,998817.6628123994,911.8020720795299,999999.9999999999
2025-02-16T11:10:00.000+0000,998817.6628123994,911.8020720795299,999999.9999999999
2025-02-16T11:20:00.000+0000,998817.6628123994,911.8020720795299,999999.9999999999
2025-02-16T11:30:00.000+0000,998817.6628123994,911.8020720795299,999999.9999999999
2025-02-16T11:40:00.000+0000,998817.6628123994,911.8020720795299,999999.9999999999
2025-02-16T11:50:00.000+0000,998817.6628123994,911.8020720795299,999999.9999999999
2025-02-16T12:00:00.000+0000,998817.6628123994,911.8020720795299,999999.9999999999
2025-02-16T12:10:00.000+0000,998817.6628123994,911.8020720795299,999999.9999999999
2025-02-16T12:20:00.000+0000,998817.6628123994,911.8020720795299,999999.9999999999
2025-02-16T12:30:00.000+0000,998817.6628123994,911.8020720795299,999999.9999999999
2025-02-16T12:40:00.000+0000,998817.6628123994,911.8020720795299,999999.9999999999
2025-02-16T12:50:00.000+0000,998817.6628123994,911.8020720795299,999999.9999999999
2025-02-16T13:00:00.000+0000,998817.6628123994,911.8020720795299,999999.9999999999
2025-02-16T13:10:00.000+0000,998817.6628123994,911.8020720795299,999999.9999999999
2025-02-16T13:20:00.000+0000,998817.6628123994,911.8020720795299,999999.9999999999
2025-02-16T13:30:00.000+0000,998817.6628123994,911.8020720795299,999999.9999999999
2025-02-16T13:40:00.000+0000,998817.6628123994,911.8020720795299,999999.9999999999
2025-02-16T13:50:00.000+0000,998817.6628123994,911.8020720795299,999999.9999999999
2025-02-16T14:00:00.000+0000,998817.6628123994,911.8020720795299,999999.9999999999
2025-02-16T14:10:00.000+0000,998817.6628123994,911.8020720795299,999999.9999999999
2025-02-16T14:20:00.000+0000,998817.6628123994,911.8020720795299,999999.9999999999
2025-02-16T14:30:00.000+0000,998817.6628123994,911.8020720795299,999999.9999999999
2025-02-16T14:40:00.000+0000,998817.6628123994,911.8020720795299,999999.9999999999
2025-02-16T14:50:00.000+0000,998817.6628123994,911.8020720795299,999999.9999999999
2025-02-16T15:00:00.000+0000,998817.6628123994,911.8020720795299,999999.9999999999
2025-02-16T15:10:00.000+0000,998817.6628123994,911.8020720795299,999999.9999999999
2025-02-16T15:20:00.000+0000,998817.6628123994,911.8020720795299,999999.9999999999
2025-02-16T15:30:00.000+0000,998817.6628123994,911.8020720795299,999999.9999999999
2025-02-16T15:40:00.000+0000,998817.6628123994,911.8020720795299,999999.9999999999
2025-02-16T15:50:00.000+0000,998817.6628123994,911.8020720795299,999999.9999999999
2025-02-16T16:00:00.000+0000,998817.6628123994,911.8020720795299,999999.9999999999
2025-02-16T16:10:00.000+0000,998817.6628123994,911.8020720795299,999999.9999999999
2025-02-16T16:20:00.000+0000,998817.6628123994,911.8020720795299,999999.9999999999
2025-02-16T16:30:00.000+0000,998817.6628123994,911.8020720795299,999999.9999999999
2025-02-16T16:40:00.000+0000,998817.6628123994,911.8020720795299,999999.9999999999
2025-02-16T16:50:00.000+0000,998817.6628123994,911.8020720795299,999999.9999999999
2025-02-16T17:00:00.000+0000,998817.6628123994,911.8020720795299,999999.9999999999
2025-02-16T17:10:00.000+0000,998817.6628123994,911.8020720795299,999999.9999999999
2025-02-16T17:20:00.000+0000,998817.6628123994,911.8020720795299,999999.9999999999
2025-02-16T17:30:00.000+0000,998817.6628123994,911.8020720795299,999999.9999999999
2025-02-16T17:40:00.000+0000,998817.6628123994,911.8020720795299,999999.9999999999
2025-02-16T17:50:00.000+0000,998817.6628123994,911.8020720795299,999999.9999999999
2025-02-16T18:00:00.000+0000,998817.6628123994,911.8020720795299,999999.9999999999
2025-02-16T18:10:00.000+0000,998817.6628123994,911.8020720795299,999999.9999999999
2025-02-16T18:20:00.000+0000,998817.6628123994,911.8020720795299,999999.9999999999
2025-02-16T18:30:00.000+0000,998817.6628123994,911.8020720795299,999999.9999999999
2025-02-16T18:40:00.000+0000,998817.6628123994,911.8020720795299,999999.9999999999
2025-02-16T18:50:00.000+0000,998817.6628123994,911.8020720795299,999999.9999999999
2025-02-16T19:00:00.000+0000,998817.6628123994,911.8020720795299,999999.9999999999
2025-02-16T19:10:00.000+0000,998817.6628123994,911.8020720795299,999999.9999999999
2025-02-16T19:20:00.000+0000,998817.6628123994,911.8020720795299,999999.9999999999
2025-02-16T19:30:00.000+0000,998817.6628123994,911.8020720795299,999999.9999999999
2025-02-16T19:40:00.000+0000,998817.6628123994,911.8020720795299,999999.9999999999
2025-02-16T19:50:00.000+0000,998817.6628123994,911.8020720795299,999999.9999999999
2025-02-16T20:00:00.000+0000,998817.6628123994,911.8020720795299,999999.9999999999
2025-02-16T20:10:00.000+0000,998817.6628123994,911.8020720795299,999999.9999999999
2025-02-16T20:20:00.000+0000,998817.6628123994,911.8020720795299,999999.9999999999
2025-02-16T20:30:00.000+0000,998817.6628123994,911.8020720795299,999999.9999999999
2025-02-16T20:40:00.000+0000,998817.6628123994,911.8020720795299,999999.9999999999
2025-02-16T20:50:00.000+0000,998817.6628123994,911.8020720795299,999999.9999999999
2025-02-16T21:00:00.000+0000,998817.6628123994,911.8020720795299,999999.9999999999
2025-02-16T21:10:00.000+0000,998817.6628123994,911.8020720795299,999999.9999999999
2025-02-16T21:20:00.000+0000,998817.6628123994,911.8020720795299,999999.9999999999
2025-02-16T21:30:00.000+0000,998817.6628123994,911.8020720795299,999999.9999999999
2025-02-16T21:40:00.000+0000,998817.6628123994,911.8020720795299,999999.9999999999
2025-02-16T21:50:00.000+0000,998817.6628123994,911.8020720795299,999999.9999999999
2025-02-16T22:00:00.000+0000,998817.6628123994,911.8020720795299,999999.9999999999
2025-02-16T22:10:00.000+0000,998817.6628123994,911.8020720795299,999999.9999999999
2025-02-16T22:20:00.000+0000,998817.6628123994,911.8020720795299,999999.9999999999
2025-02-16T22:30:00.000+0000,998817.6628123994,911.8020720795299,999999.9999999999
2025-02-16T22:40:00.000+0000,998817.6628123994,911.8020720795299,999999.9999999999
2025-02-16T22:50:00.000+0000,998817.6628123994,911.8020720795299,999999.9999999999
2025-02-16T23:00:00.000+0000,998817.6628123994,911.8020720795299,999999.9999999999
2025-02-16T23:10:00.000+0000,998817.6628123994,911.8020720795299,999999.9999999999
2025-02-16T23:20:00.000+0000,998817.6628123994,911.8020720795299,999999.9999999999
2025-02-16T23:30:00.000+0000,998817.6628123994,911.8020720795299,999999.9999999999
2025-02-16T23:40:00.000+0000,998817.6628123994,911.8020720795299,999999.9999999999
2025-02-16T23:50:00.000+0000,998817.6628123994,911.8020720795299,999999.9999999999
2025-02-17T00:00:00.000+0000,998817.6628123994,911.8020720795299,999999.9999999999
2025-02-17T00:10:00.000+0000,998817.6628123994,911.8020720795299,999999.9999999999
2025-02-17T00:20:00.000+0000,998817.6628123994,911.8020720795299,999999.9999999999
2025-02-17T00:30:00.000+0000,998817.6628123994,911.8020720795299,999999.9999999999
2025-02-17T00:40:00.000+0000,998817.6628123994,911.8020720795299,999999.9999999999
2025-02-17T00:50:00.000+0000,998817.6628123994,911.8020720795299,999999.9999999999
2025-02-17T01:00:00.000+0000,998817.6628123994,911.8020720795299,999999.9999999999
2025-02-17T01:10:00.000+0000,998817.6628123994,911.8020720795299,999999.9999999999
2025-02-17T01:20:00.000+0000,998817.6628123994,911.8020720795299,999999.9999999999
2025-02-17T01:30:00.000+0000,998817.6628123994,911.8020720795299,999999.9999999999
2025-02-17T01:40:00.000+0000,998817.6628123994,911.8020720795299,999999.9999999999
2025-02-17T01:50:00.000+0000,998817.6628123994,911.8020720795299,999999.9999999999
2025-02-17T02:00:00.000+0000,998817.6628123994,911.8020720795299,999999.9999999999
2025-02-17T02:10:00.000+0000,998817.6628123994,911.8020720795299,999999.9999999999
2025-02-17T02:20:00.000+0000,998817.6628123994,911.8020720795299,999999.9999999999
2025-02-17T02:30:00.000+0000,998817.6628123994,911.8020720795299,999999.9999999999
2025-02-17T02:40:00.000+0000,998817.6628123994,911.8020720795299,999999.9999999999
2025-02-17T02:50:00.000+0000,998817.6628123994,911.8020720795299,999999.9999999999
2025-02-17T03:00:00.000+0000,998817.6628123994,911.8020720795299,999999.9999999999
2025-02-17T03:10:00.000+0000,998817.6628123994,911.8020720795299,999999.9999999999
2025-02-17T03:20:00.000+0000,998817.6628123994,911.8020720795299,999999.9999999999
2025-02-17T03:30:00.000+0000,998817.6628123994,911.8020720795299,999999.9999999999
2025-02-17T03:40:00.000+0000,998817.6628123994,911.8020720795299,999999.9999999999
2025-02-17T03:50:00.000+0000,998817.6628123994,911.8020720795299,999999.9999999999
2025-02-17T04:00:00.000+0000,998817.6628123994,911.8020720795299,999999.9999999999
2025-02-17T04:10:00.000+0000,998817.6628123994,911.8020720795299,999999.9999999999
2025-02-17T04:20:00.000+0000,998817.6628123994,911.8020720795299,999999.9999999999
2025-02-17T04:30:00.000+0000,998817.6628123994,911.8020720795299,999999.9999999999
2025-02-17T04:40:00.000+0000,998817.6628123994,911.8020720795299,999999.9999999999
2025-02-17T04:50:00.000+0000,998817.6628123994,911.8020720795299,999999.9999999999
2025-02-17T05:00:00.000+0000,998817.6628123994,911.8020720795299,999999.9999999999
2025-02-17T05:10:00.000+0000,998817.6628123994,911.8020720795299,999999.9999999999
2025-02-17T05:20:00.000+0000,998817.6628123994,911.8020720795299,999999.9999999999
2025-02-17T05:30:00.000+0000,998817.6628123994,911.8020720795299,999999.9999999999
2025-02-17T05:40:00.000+0000,998817.6628123994,911.8020720795299,999999.9999999999
2025-02-17T05:50:00.000+0000,998817.6628123994,911.8020720795299,999999.9999999999
2025-02-17T06:00:00.000+0000,998817.6628123994,911.8020720795299,999999.9999999999
2025-02-17T06:10:00.000+0000,998817.6628123994,911.8020720795299,999999.9999999999
2025-02-17T06:20:00.000+0000,998817.6628123994,911.8020720795299,999999.9999999999
2025-02-17T06:30:00.000+0000,998817.6628123994,911.8020720795299,999999.9999999999
2025-02-17T06:40:00.000+0000,998817.6628123994,911.8020720795299,999999.9999999999
2025-02-17T06:50:00.000+0000,998817.6628123994,911.8020720795299,999999.9999999999
2025-02-17T07:00:00.000+0000,998817.6628123994,911.8020720795299,999999.9999999999
2025-02-17T07:10:00.000+0000,998817.6628123994,911.8020720795299,999999.9999999999
2025-02-17T07:20:00.000+0000,998817.6628123994,911.8020720795299,999999.9999999999
2025-02-17T07:30:00.000+0000,998817.6628123994,911.8020720795299,999999.9999999999
2025-02-17T07:40:00.000+0000,998817.6628123994,911.8020720795299,999999.9999999999
2025-02-17T07:50:00.000+0000,998817.6628123994,911.8020720795299,999999.9999999999
2025-02-17T08:00:00.000+0000,998817.6628123994,911.8020720795299,999999.9999999999
2025-02-17T08:10:00.000+0000,998817.6628123994,911.8020720795299,999999.9999999999
2025-02-17T08:20:00.000+0000,998817.6628123994,911.8020720795299,999999.9999999999
2025-02-17T08:30:00.000+0000,998817.6628123994,911.8020720795299,999999.9999999999
2025-02-17T08:40:00.000+0000,998817.6628123994,911.8020720795299,999999.9999999999
2025-02-17T08:50:00.000+0000,998817.6628123994,911.8020720795299,999999.9999999999
2025-02-17T09:00:00.000+0000,998817.6628123994,911.8020720795299,999999.9999999999
2025-02-17T09:10:00.000+0000,998817.6628123994,911.8020720795299,999999.9999999999
2025-02-17T09:20:00.000+0000,998817.6628123994,911.8020720795299,999999.9999999999
2025-02-17T09:30:00.000+0000,998817.6628123994,911.8020720795299,999999.9999999999
2025-02-17T09:40:00.000+0000,998817.6628123994,911.8020720795299,999999.9999999999
2025-02-17T09:50:00.000+0000,998817.6628123994,911.8020720795299,999999.9999999999
2025-02-17T10:00:00.000+0000,998817.6628123994,911.8020720795299,999999.9999999999
2025-02-17T10:10:00.000+0000,998817.6628123994,911.8020720795299,999999.9999999999
2025-02-17T10:20:00.000+0000,998817.6628123994,911.8020720795299,999999.9999999999
2025-02-17T10:30:00.000+0000,998817.6628123994,911.8020720795299,999999.9999999999
2025-02-17T10:40:00.000+0000,998817.6628123994,911.8020720795299,999999.9999999999
2025-02-17T10:50:00.000+0000,998817.6628123994,911.8020720795299,999999.9999999999
2025-02-17T11:00:00.000+0000,998817.6628123994,911.8020720795299,999999.9999999999
2025-02-17T11:10:00.000+0000,998817.6628123994,911.8020720795299,999999.9999999999
2025-02-17T11:20:00.000+0000,998817.6628123994,911.8020720795299,999999.9999999999
2025-02-17T11:30:00.000+0000,998817.6628123994,911.8020720795299,999999.9999999999
2025-02-17T11:40:00.000+0000,998817.6628123994,911.8020720795299,999999.9999999999
2025-02-17T11:50:00.000+0000,998817.6628123994,911.8020720795299,999999.9999999999
2025-02-17T12:00:00.000+0000,998817.6628123994,911.8020720795299,999999.9999999999
2025-02-17T12:10:00.000+0000,998817.6628123994,911.8020720795299,999999.9999999999
2025-02-17T12:20:00.000+0000,998817.6628123994,911.8020720795299,999999.9999999999
2025-02-17T12:30:00.000+0000,998817.6628123994,911.8020720795299,999999.9999999999
2025-02-17T12:40:00.000+0000,998817.6628123994,911.8020720795299,999999.9999999999
2025-02-17T12:50:00.000+0000,998817.6628123994,911.8020720795299,999999.9999999999
2025-02-17T13:00:00.000+0000,998817.6628123994,911.8020720795299,999999.9999999999
2025-02-17T13:10:00.000+0000,998817.6628123994,911.8020720795299,999999.9999999999
2025-02-17T13:20:00.000+0000,998817.6628123994,911.8020720795299,999999.9999999999
2025-02-17T13:30:00.000+0000,998817.6628123994,911.8020720795299,999999.9999999999
2025-02-17T13:40:00.000+0000,998817.6628123994,911.8020720795299,999999.9999999999
2025-02-17T13:50:00.000+0000,998817.6628123994,911.8020720795299,999999.9999999999
2025-02-17T14:00:00.000+0000,998817.6628123994,911.8020720795299,999999.9999999999
2025-02-17T14:10:00.000+0000,998817.6628123994,911.8020720795299,999999.9999999999
2025-02-17T14:20:00.000+0000,998817.6628123994,911.8020720795299,999999.9999999999
2025-02-17T14:30:00.000+0000,998817.6628123994,911.8020720795299,999999.9999999999
2025-02-17T14:40:00.000+0000,998817.6628123994,911.8020720795299,999999.9999999999
2025-02-17T14:50:00.000+0000,998817.6628123994,911.8020720795299,999999.9999999999
2025-02-17T15:00:00.000+0000,998817.6628123994,911.8020720795299,999999.9999999999
2025-02-17T15:10:00.000+0000,998817.6628123994,911.8020720795299,999999.9999999999
2025-02-17T15:20:00.000+0000,998817.6628123994,911.8020720795299,999999.9999999999
2025-02-17T15:30:00.000+0000,998817.6628123994,911.8020720795299,999999.9999999999
2025-02-17T15:40:00.000+0000,998817.6628123994,911.8020720795299,999999.9999999999
2025-02-17T15:50:00.000+0000,998817.6628123994,911.8020720795299,999999.9999999999
2025-02-17T16:00:00.000+0000,998817.6628123994,911.8020720795299,999999.9999999999
2025-02-17T16:10:00.000+0000,998817.6628123994,911.8020720795299,999999.9999999999
2025-02-17T16:20:00.000+0000,998817.6628123994,911.8020720795299,999999.9999999999
2025-02-17T16:30:00.000+0000,998817.6628123994,911.8020720795299,999999.9999999999
2025-02-17T16:40:00.000+0000,998817.6628123994,911.8020720795299,999999.9999999999
2025-02-17T16:50:00.000+0000,998817.6628123994,911.8020720795299,999999.9999999999
2025-02-17T17:00:00.000+0000,998817.6628123994,911.8020720795299,999999.9999999999
2025-02-17T17:10:00.000+0000,998817.6628123994,911.8020720795299,999999.9999999999
2025-02-17T17:20:00.000+0000,998817.6628123994,911.8020720795299,999999.9999999999
2025-02-17T17:30:00.000+0000,998817.6628123994,911.8020720795299,999999.9999999999
2025-02-17T17:40:00.000+0000,998817.6628123994,911.8020720795299,999999.9999999999
2025-02-17T17:50:00.000+0000,998817.6628123994,911.8020720795299,999999.9999999999
2025-02-17T18:00:00.000+0000,998817.6628123994,911.8020720795299,999999.9999999999
2025-02-17T18:10:00.000+0000,998817.6628123994,911.8020720795299,999999.9999999999
2025-02-17T18:20:00.000+0000,998817.6628123994,911.8020720795299,999999.9999999999
2025-02-17T18:30:00.000+0000,998817.6628123994,911.8020720795299,999999.9999999999
2025-02-17T18:40:00.000+0000,998817.6628123994,911.8020720795299,999999.9999999999
2025-02-17T18:50:00.000+0000,998817.6628123994,911.8020720795299,999999.9999999999
2025-02-17T19:00:00.000+0000,998817.6628123994,911.8020720795299,999999.9999999999
2025-02-17T19:10:00.000+0000,998817.6628123994,911.8020720795299,999999.9999999999
2025-02-17T19:20:00.000+0000,998817.6628123994,911.8020720795299,999999.9999999999
2025-02-17T19:30:00.000+0000,998817.6628123994,911.8020720795299,999999.9999999999
2025-02-17T19:40:00.000+0000,998817.6628123994,911.8020720795299,999999.9999999999
2025-02-17T19:50:00.000+0000,998817.6628123994,911.8020720795299,999999.9999999999
2025-02-17T20:00:00.000+0000,998817.6628123994,911.8020720795299,999999.9999999999
2025-02-17T20:10:00.000+0000,998817.6628123994,911.8020720795299,999999.9999999999
2025-02-17T20:20:00.000+0000,998817.6628123994,911.8020720795299,999999.9999999999
2025-02-17T20:30:00.000+0000,998817.6628123994,911.8020720795299,999999.9999999999
2025-02-17T20:40:00.000+0000,998817.6628123994,911.8020720795299,999999.9999999999
2025-02-17T20:50:00.000+0000,998817.6628123994,911.8020720795299,999999.9999999999
2025-02-17T21:00:00.000+0000,998817.6628123994,911.8020720795299,999999.9999999999
2025-02-17T21:10:00.000+0000,998817.6628123994,911.8020720795299,999999.9999999999
2025-02-17T21:20:00.000+0000,998817.6628123994,911.8020720795299,999999.9999999999
2025-02-17T21:30:00.000+0000,998817.6628123994,911.8020720795299,999999.9999999999
2025-02-17T21:40:00.000+0000,998817.6628123994,911.8020720795299,999999.9999999999
2025-02-17T21:50:00.000+0000,998817.6628123994,911.8020720795299,999999.9999999999
2025-02-17T22:00:00.000+0000,998817.6628123994,911.8020720795299,999999.9999999999
2025-02-17T22:10:00.000+0000,998817.6628123994,911.8020720795299,999999.9999999999
2025-02-17T22:20:00.000+0000,998817.6628123994,911.8020720795299,999999.9999999999
2025-02-17T22:30:00.000+0000,998817.6628123994,911.8020720795299,999999.9999999999
2025-02-17T22:40:00.000+0000,998817.6628123994,911.8020720795299,999999.9999999999
2025-02-17T22:50:00.000+0000,998817.6628123994,911.8020720795299,999999.9999999999
2025-02-17T23:00:00.000+0000,998817.6628123994,911.8020720795299,999999.9999999999
2025-02-17T23:10:00.000+0000,998817.6628123994,911.8020720795299,999999.9999999999
2025-02-17T23:20:00.000+0000,998817.6628123994,911.8020720795299,999999.9999999999
2025-02-17T23:30:00.000+0000,998817.6628123994,911.8020720795299,999999.9999999999
2025-02-17T23:40:00.000+0000,998817.6628123994,911.8020720795299,999999.9999999999
2025-02-17T23:50:00.000+0000,998817.6628123994,911.8020720795299,999999.9999999999
2025-02-18T00:00:00.000+0000,998817.6628123994,911.8020720795299,999999.9999999999
2025-02-18T00:10:00.000+0000,998817.6628123994,911.8020720795299,999999.9999999999
2025-02-18T00:20:00.000+0000,998817.6628123994,911.8020720795299,999999.9999999999
2025-02-18T00:30:00.000+0000,998817.6628123994,911.8020720795299,999999.9999999999
2025-02-18T00:40:00.000+0000,998817.6628123994,911.8020720795299,999999.9999999999
2025-02-18T00:50:00.000+0000,998817.6628123994,911.8020720795299,999999.9999999999
2025-02-18T01:00:00.000+0000,998817.6628123994,911.8020720795299,999999.9999999999
2025-02-18T01:10:00.000+0000,998817.6628123994,911.8020720795299,999999.9999999999
2025-02-18T01:20:00.000+0000,998817.6628123994,911.8020720795299,999999.9999999999
2025-02-18T01:30:00.000+0000,998817.6628123994,911.8020720795299,999999.9999999999
2025-02-18T01:40:00.000+0000,998817.6628123994,911.8020720795299,999999.9999999999
2025-02-18T01:50:00.000+0000,998817.6628123994,911.8020720795299,999999.9999999999
2025-02-18T02:00:00.000+0000,998817.6628123994,911.8020720795299,999999.9999999999
2025-02-18T02:10:00.000+0000,998817.6628123994,911.8020720795299,999999.9999999999
2025-02-18T02:20:00.000+0000,998817.6628123994,911.8020720795299,999999.9999999999
2025-02-18T02:30:00.000+0000,998817.6628123994,911.8020720795299,999999.9999999999
2025-02-18T02:40:00.000+0000,998817.6628123994,911.8020720795299,999999.9999999999
2025-02-18T02:50:00.000+0000,998817.6628123994,911.8020720795299,999999.9999999999
2025-02-18T03:00:00.000+0000,998817.6628123994,911.8020720795299,999999.9999999999
2025-02-18T03:10:00.000+0000,998817.6628123994,911.8020720795299,999999.9999999999
2025-02-18T03:20:00.000+0000,998817.6628123994,911.8020720795299,999999.9999999999
2025-02-18T03:30:00.000+0000,998817.6628123994,911.8020720795299,999999.9999999999
2025-02-18T03:40:00.000+0000,998817.6628123994,911.8020720795299,999999.9999999999
2025-02-18T03:50:00.000+0000,998817.6628123994,911.8020720795299,999999.9999999999
2025-02-18T04:00:00.000+0000,998817.6628123994,911.8020720795299,999999.9999999999
2025-02-18T04:10:00.000+0000,998817.6628123994,911.8020720795299,999999.9999999999
2025-02-18T04:20:00.000+0000,998817.6628123994,911.8020720795299,999999.9999999999
2025-02-18T04:30:00.000+0000,998817.6628123994,911.8020720795299,999999.9999999999
2025-02-18T04:40:00.000+0000,998817.6628123994,911.8020720795299,999999.9999999999
2025-02-18T04:50:00.000+0000,998817.6628123994,911.8020720795299,999999.9999999999
2025-02-18T05:00:00.000+0000,998817.6628123994,911.8020720795299,999999.9999999999
2025-02-18T05:10:00.000+0000,998817.6628123994,911.8020720795299,999999.9999999999
2025-02-18T05:20:00.000+0000,998817.6628123994,911.8020720795299,999999.9999999999
2025-02-18T05:30:00.000+0000,998817.6628123994,911.8020720795299,999999.9999999999
2025-02-18T05:40:00.000+0000,998817.6628123994,911.8020720795299,999999.9999999999
2025-02-18T05:50:00.000+0000,998817.6628123994,911.8020720795299,999999.9999999999
2025-02-18T06:00:00.000+0000,998817.6628123994,911.8020720795299,999999.9999999999
2025-02-18T06:10:00.000+0000,998817.6628123994,911.8020720795299,999999.9999999999
2025-02-18T06:20:00.000+0000,998817.6628123994,911.8020720795299,999999.9999999999
2025-02-18T06:30:00.000+0000,998817.6628123994,911.8020720795299,999999.9999999999
2025-02-18T06:40:00.000+0000,998817.6628123994,911.8020720795299,999999.9999999999
2025-02-18T06:50:00.000+0000,998817.6628123994,911.8020720795299,999999.9999999999
2025-02-18T07:00:00.000+0000,998817.6628123994,911.8020720795299,999999.9999999999
2025-02-18T07:10:00.000+0000,998817.6628123994,911.8020720795299,999999.9999999999
2025-02-18T07:20:00.000+0000,998817.6628123994,911.8020720795299,999999.9999999999
2025-02-18T07:30:00.000+0000,998817.6628123994,911.8020720795299,999999.9999999999
2025-02-18T07:40:00.000+0000,998817.6628123994,911.8020720795299,999999.9999999999
2025-02-18T07:50:00.000+0000,998817.6628123994,911.8020720795299,999999.9999999999
2025-02-18T08:00:00.000+0000,998817.6628123994,911.8020720795299,999999.9999999999
2025-02-18T08:10:00.000+0000,998817.6628123994,911.8020720795299,999999.9999999999
2025-02-18T08:20:00.000+0000,998817.6628123994,911.8020720795299,999999.9999999999
2025-02-18T08:30:00.000+0000,998817.6628123994,911.8020720795299,999999.9999999999
2025-02-18T08:40:00.000+0000,998817.6628123994,911.8020720795299,999999.9999999999
2025-02-18T08:50:00.000+0000,998817.6628123994,911.8020720795299,999999.9999999999
2025-02-18T09:00:00.000+0000,998817.6628123994,911.8020720795299,999999.9999999999
2025-02-18T09:10:00.000+0000,998817.6628123994,911.8020720795299,999999.9999999999
2025-02-18T09:20:00.000+0000,998817.6628123994,911.8020720795299,999999.9999999999
2025-02-18T09:30:00.000+0000,998817.6628123994,911.8020720795299,999999.9999999999
2025-02-18T09:40:00.000+0000,998817.6628123994,911.8020720795299,999999.9999999999
2025-02-18T09:50:00.000+0000,998817.6628123994,911.8020720795299,999999.9999999999
2025-02-18T10:00:00.000+0000,998817.6628123994,911.8020720795299,999999.9999999999
2025-02-18T10:10:00.000+0000,998817.6628123994,911.8020720795299,999999.9999999999
2025-02-18T10:20:00.000+0000,998817.6628123994,911.8020720795299,999999.9999999999
2025-02-18T10:30:00.000+0000,998817.6628123994,911.8020720795299,999999.9999999999
2025-02-18T10:40:00.000+0000,998817.6628123994,911.8020720795299,999999.9999999999
2025-02-18T10:50:00.000+0000,998817.6628123994,911.8020720795299,999999.9999999999
2025-02-18T11:00:00.000+0000,998817.6628123994,911.8020720795299,999999.9999999999
2025-02-18T11:10:00.000+0000,998817.6628123994,911.8020720795299,999999.9999999999
2025-02-18T11:20:00.000+0000,998817.6628123994,911.8020720795299,999999.9999999999
2025-02-18T11:30:00.000+0000,998817.6628123994,911.8020720795299,999999.9999999999
2025-02-18T11:40:00.000+0000,998817.6628123994,911.8020720795299,999999.9999999999
2025-02-18T11:50:00.000+0000,998817.6628123994,911.8020720795299,999999.9999999999
2025-02-18T12:00:00.000+0000,998817.6628123994,911.8020720795299,999999.9999999999
2025-02-18T12:10:00.000+0000,998817.6628123994,911.8020720795299,999999.9999999999
2025-02-18T12:20:00.000+0000,998817.6628123994,911.8020720795299,999999.9999999999
2025-02-18T12:30:00.000+0000,998817.6628123994,911.8020720795299,999999.9999999999
2025-02-18T12:40:00.000+0000,998817.6628123994,911.8020720795299,999999.9999999999
2025-02-18T12:50:00.000+0000,998817.6628123994,911.8020720795299,999999.9999999999
2025-02-18T13:00:00.000+0000,998817.6628123994,911.8020720795299,999999.9999999999
2025-02-18T13:10:00.000+0000,998817.6628123994,911.8020720795299,999999.9999999999
2025-02-18T13:20:00.000+0000,998817.6628123994,911.8020720795299,999999.9999999999
2025-02-18T13:30:00.000+0000,998817.6628123994,911.8020720795299,999999.9999999999
2025-02-18T13:40:00.000+0000,998817.6628123994,911.8020720795299,999999.9999999999
2025-02-18T13:50:00.000+0000,998817.6628123994,911.8020720795299,999999.9999999999
2025-02-18T14:00:00.000+0000,998817.6628123994,911.8020720795299,999999.9999999999
2025-02-18T14:10:00.000+0000,998817.6628123994,911.8020720795299,999999.9999999999
2025-02-18T14:20:00.000+0000,998817.6628123994,911.8020720795299,999999.9999999999
2025-02-18T14:30:00.000+0000,998817.6628123994,911.8020720795299,999999.9999999999
2025-02-18T14:40:00.000+0000,998817.6628123994,911.8020720795299,999999.9999999999
2025-02-18T14:50:00.000+0000,998817.6628123994,911.8020720795299,999999.9999999999
2025-02-18T15:00:00.000+0000,998817.6628123994,911.8020720795299,999999.9999999999
2025-02-18T15:10:00.000+0000,998817.6628123994,911.8020720795299,999999.9999999999
2025-02-18T15:20:00.000+0000,998817.6628123994,911.8020720795299,999999.9999999999
2025-02-18T15:30:00.000+0000,998817.6628123994,911.8020720795299,999999.9999999999
2025-02-18T15:40:00.000+0000,998817.6628123994,911.8020720795299,999999.9999999999
2025-02-18T15:50:00.000+0000,998817.6628123994,911.8020720795299,999999.9999999999
2025-02-18T16:00:00.000+0000,998817.6628123994,911.8020720795299,999999.9999999999
2025-02-18T16:10:00.000+0000,998817.6628123994,911.8020720795299,999999.9999999999
2025-02-18T16:20:00.000+0000,998817.6628123994,911.8020720795299,999999.9999999999
2025-02-18T16:30:00.000+0000,998817.6628123994,911.8020720795299,999999.9999999999
2025-02-18T16:40:00.000+0000,998817.6628123994,911.8020720795299,999999.9999999999
2025-02-18T16:50:00.000+0000,998817.6628123994,911.8020720795299,999999.9999999999
2025-02-18T17:00:00.000+0000,998817.6628123994,911.8020720795299,999999.9999999999
2025-02-18T17:10:00.000+0000,998817.6628123994,911.8020720795299,999999.9999999999
2025-02-18T17:20:00.000+0000,998817.6628123994,911.8020720795299,999999.9999999999
2025-02-18T17:30:00.000+0000,998817.6628123994,911.8020720795299,999999.9999999999
2025-02-18T17:40:00.000+0000,998817.6628123994,911.8020720795299,999999.9999999999
2025-02-18T17:50:00.000+0000,998817.6628123994,911.8020720795299,999999.9999999999
2025-02-18T18:00:00.000+0000,998817.6628123994,911.8020720795299,999999.9999999999
2025-02-18T18:10:00.000+0000,998817.6628123994,911.8020720795299,999999.9999999999
2025-02-18T18:20:00.000+0000,998817.6628123994,911.8020720795299,999999.9999999999
2025-02-18T18:30:00.000+0000,998817.6628123994,911.8020720795299,999999.9999999999
2025-02-18T18:40:00.000+0000,998817.6628123994,911.8020720795299,999999.9999999999
2025-02-18T18:50:00.000+0000,998817.6628123994,911.8020720795299,999999.9999999999
2025-02-18T19:00:00.000+0000,998817.6628123994,911.8020720795299,999999.9999999999
2025-02-18T19:10:00.000+0000,998817.6628123994,911.8020720795299,999999.9999999999
2025-02-18T19:20:00.000+0000,998817.6628123994,911.8020720795299,999999.9999999999
2025-02-18T19:30:00.000+0000,998817.6628123994,911.8020720795299,999999.9999999999
2025-02-18T19:40:00.000+0000,998817.6628123994,911.8020720795299,999999.9999999999
2025-02-18T19:50:00.000+0000,998817.6628123994,911.8020720795299,999999.9999999999
2025-02-18T20:00:00.000+0000,998817.6628123994,911.8020720795299,999999.9999999999
2025-02-18T20:10:00.000+0000,998817.6628123994,911.8020720795299,999999.9999999999
2025-02-18T20:20:00.000+0000,998817.6628123994,911.8020720795299,999999.9999999999
2025-02-18T20:30:00.000+0000,998817.6628123994,911.8020720795299,999999.9999999999
2025-02-18T20:40:00.000+0000,998817.6628123994,911.8020720795299,999999.9999999999
2025-02-18T20:50:00.000+0000,998817.6628123994,911.8020720795299,999999.9999999999
2025-02-18T21:00:00.000+0000,998817.6628123994,911.8020720795299,999999.9999999999
2025-02-18T21:10:00.000+0000,998817.6628123994,911.8020720795299,999999.9999999999
2025-02-18T21:20:00.000+0000,998817.6628123994,911.8020720795299,999999.9999999999
2025-02-18T21:30:00.000+0000,998817.6628123994,911.8020720795299,999999.9999999999
2025-02-18T21:40:00.000+0000,998817.6628123994,911.8020720795299,999999.9999999999
2025-02-18T21:50:00.000+0000,998817.6628123994,911.8020720795299,999999.9999999999
2025-02-18T22:00:00.000+0000,998817.6628123994,911.8020720795299,999999.9999999999
2025-02-18T22:10:00.000+0000,998817.6628123994,911.8020720795299,999999.9999999999
2025-02-18T22:20:00.000+0000,998817.6628123994,911.8020720795299,999999.9999999999
2025-02-18T22:30:00.000+0000,998817.6628123994,911.8020720795299,999999.9999999999
2025-02-18T22:40:00.000+0000,998817.6628123994,911.8020720795299,999999.9999999999
2025-02-18T22:50:00.000+0000,998817.6628123994,911.8020720795299,999999.9999999999
2025-02-18T23:00:00.000+0000,998817.6628123994,911.8020720795299,999999.9999999999
2025-02-18T23:10:00.000+0000,998817.6628123994,911.8020720795299,999999.9999999999
2025-02-18T23:20:00.000+0000,998817.6628123994,911.8020720795299,999999.9999999999
2025-02-18T23:30:00.000+0000,998817.6628123994,911.8020720795299,999999.9999999999
2025-02-18T23:40:00.000+0000,998817.6628123994,911.8020720795299,999999.9999999999
2025-02-18T23:50:00.000+0000,998817.6628123994,911.8020720795299,999999.9999999999
2025-02-19T00:00:00.000+0000,998817.6628123994,911.8020720795299,999999.9999999999
2025-02-19T00:10:00.000+0000,998817.6628123994,911.8020720795299,999999.9999999999
2025-02-19T00:20:00.000+0000,998817.6628123994,911.8020720795299,999999.9999999999
2025-02-19T00:30:00.000+0000,998817.6628123994,911.8020720795299,999999.9999999999
2025-02-19T00:40:00.000+0000,998817.6628123994,911.8020720795299,999999.9999999999
2025-02-19T00:50:00.000+0000,998817.6628123994,911.8020720795299,999999.9999999999
2025-02-19T01:00:00.000+0000,998817.6628123994,911.8020720795299,999999.9999999999
2025-02-19T01:10:00.000+0000,998817.6628123994,911.8020720795299,999999.9999999999
2025-02-19T01:20:00.000+0000,998817.6628123994,911.8020720795299,999999.9999999999
2025-02-19T01:30:00.000+0000,998817.6628123994,911.8020720795299,999999.9999999999
2025-02-19T01:40:00.000+0000,998817.6628123994,911.8020720795299,999999.9999999999
2025-02-19T01:50:00.000+0000,998817.6628123994,911.8020720795299,999999.9999999999
2025-02-19T02:00:00.000+0000,998817.6628123994,911.8020720795299,999999.9999999999
2025-02-19T02:10:00.000+0000,998817.6628123994,911.8020720795299,999999.9999999999
2025-02-19T02:20:00.000+0000,998817.6628123994,911.8020720795299,999999.9999999999
2025-02-19T02:30:00.000+0000,998817.6628123994,911.8020720795299,999999.9999999999
2025-02-19T02:40:00.000+0000,998817.6628123994,911.8020720795299,999999.9999999999
2025-02-19T02:50:00.000+0000,998817.6628123994,911.8020720795299,999999.9999999999
2025-02-19T03:00:00.000+0000,998817.6628123994,911.8020720795299,999999.9999999999
2025-02-19T03:10:00.000+0000,998817.6628123994,911.8020720795299,999999.9999999999
2025-02-19T03:20:00.000+0000,998817.6628123994,911.8020720795299,999999.9999999999
2025-02-19T03:30:00.000+0000,998817.6628123994,911.8020720795299,999999.9999999999
2025-02-19T03:40:00.000+0000,998817.6628123994,911.8020720795299,999999.9999999999
2025-02-19T03:50:00.000+0000,998817.6628123994,911.8020720795299,999999.9999999999
2025-02-19T04:00:00.000+0000,998817.6628123994,911.8020720795299,999999.9999999999
2025-02-19T04:10:00.000+0000,998817.6628123994,911.8020720795299,999999.9999999999
2025-02-19T04:20:00.000+0000,998817.6628123994,911.8020720795299,999999.9999999999
2025-02-19T04:30:00.000+0000,998817.6628123994,911.8020720795299,999999.9999999999
2025-02-19T04:40:00.000+0000,998817.6628123994,911.8020720795299,999999.9999999999
2025-02-19T04:50:00.000+0000,998817.6628123994,911.8020720795299,999999.9999999999
2025-02-19T05:00:00.000+0000,998817.6628123994,911.8020720795299,999999.9999999999
2025-02-19T05:10:00.000+0000,998817.6628123994,911.8020720795299,999999.9999999999
2025-02-19T05:20:00.000+0000,998817.6628123994,911.8020720795299,999999.9999999999
2025-02-19T05:30:00.000+0000,998817.6628123994,911.8020720795299,999999.9999999999
2025-02-19T05:40:00.000+0000,998817.6628123994,911.8020720795299,999999.9999999999
2025-02-19T05:50:00.000+0000,998817.6628123994,911.8020720795299,999999.9999999999
2025-02-19T06:00:00.000+0000,998817.6628123994,911.8020720795299,999999.9999999999
2025-02-19T06:10:00.000+0000,998817.6628123994,911.8020720795299,999999.9999999999
2025-02-19T06:20:00.000+0000,998817.6628123994,911.8020720795299,999999.9999999999
2025-02-19T06:30:00.000+0000,998817.6628123994,911.8020720795299,999999.9999999999
2025-02-19T06:40:00.000+0000,998817.6628123994,911.8020720795299,999999.9999999999
2025-02-19T06:50:00.000+0000,998817.6628123994,911.8020720795299,999999.9999999999
2025-02-19T07:00:00.000+0000,998817.6628123994,911.8020720795299,999999.9999999999
2025-02-19T07:10:00.000+0000,998817.6628123994,911.8020720795299,999999.9999999999
2025-02-19T07:20:00.000+0000,998817.6628123994,911.8020720795299,999999.9999999999
2025-02-19T07:30:00.000+0000,998817.6628123994,911.8020720795299,999999.9999999999
2025-02-19T07:40:00.000+0000,998817.6628123994,911.8020720795299,999999.9999999999
2025-02-19T07:50:00.000+0000,998817.6628123994,911.8020720795299,999999.9999999999
2025-02-19T08:00:00.000+0000,998817.6628123994,911.8020720795299,999999.9999999999
2025-02-19T08:10:00.000+0000,998817.6628123994,911.8020720795299,999999.9999999999
2025-02-19T08:20:00.000+0000,998817.6628123994,911.8020720795299,999999.9999999999
2025-02-19T08:30:00.000+0000,998817.6628123994,911.8020720795299,999999.9999999999
2025-02-19T08:40:00.000+0000,998817.6628123994,911.8020720795299,999999.9999999999
2025-02-19T08:50:00.000+0000,998817.6628123994,911.8020720795299,999999.9999999999
2025-02-19T09:00:00.000+0000,998817.6628123994,911.8020720795299,999999.9999999999
2025-02-19T09:10:00.000+0000,998817.6628123994,911.8020720795299,999999.9999999999
2025-02-19T09:20:00.000+0000,998817.6628123994,911.8020720795299,999999.9999999999
2025-02-19T09:30:00.000+0000,998817.6628123994,911.8020720795299,999999.9999999999
2025-02-19T09:40:00.000+0000,998817.6628123994,911.8020720795299,999999.9999999999
2025-02-19T09:50:00.000+0000,998817.6628123994,911.8020720795299,999999.9999999999
2025-02-19T10:00:00.000+0000,998817.6628123994,911.8020720795299,999999.9999999999
2025-02-19T10:10:00.000+0000,998817.6628123994,911.8020720795299,999999.9999999999
2025-02-19T10:20:00.000+0000,998817.6628123994,911.8020720795299,999999.9999999999
2025-02-19T10:30:00.000+0000,998817.6628123994,911.8020720795299,999999.9999999999
2025-02-19T10:40:00.000+0000,998817.6628123994,911.8020720795299,999999.9999999999
2025-02-19T10:50:00.000+0000,998817.6628123994,911.8020720795299,999999.9999999999
2025-02-19T11:00:00.000+0000,998817.6628123994,911.8020720795299,999999.9999999999
2025-02-19T11:10:00.000+0000,998817.6628123994,911.8020720795299,999999.9999999999
2025-02-19T11:20:00.000+0000,998817.6628123994,911.8020720795299,999999.9999999999
2025-02-19T11:30:00.000+0000,998817.6628123994,911.8020720795299,999999.9999999999
2025-02-19T11:40:00.000+0000,998817.6628123994,911.8020720795299,999999.9999999999
2025-02-19T11:50:00.000+0000,998817.6628123994,911.8020720795299,999999.9999999999
2025-02-19T12:00:00.000+0000,998817.6628123994,911.8020720795299,999999.9999999999
2025-02-19T12:10:00.000+0000,998817.6628123994,911.8020720795299,999999.9999999999
2025-02-19T12:20:00.000+0000,998817.6628123994,911.8020720795299,999999.9999999999
2025-02-19T12:30:00.000+0000,998817.6628123994,911.8020720795299,999999.9999999999
2025-02-19T12:40:00.000+0000,998817.6628123994,911.8020720795299,999999.9999999999
2025-02-19T12:50:00.000+0000,998817.6628123994,911.8020720795299,999999.9999999999
2025-02-19T13:00:00.000+0000,998817.6628123994,911.8020720795299,999999.9999999999
2025-02-19T13:10:00.000+0000,998817.6628123994,911.8020720795299,999999.9999999999
2025-02-19T13:20:00.000+0000,998817.6628123994,911.8020720795299,999999.9999999999
2025-02-19T13:30:00.000+0000,998817.6628123994,911.8020720795299,999999.9999999999
2025-02-19T13:40:00.000+0000,998817.6628123994,911.8020720795299,999999.9999999999
2025-02-19T13:50:00.000+0000,998817.6628123994,911.8020720795299,999999.9999999999
2025-02-19T14:00:00.000+0000,998817.6628123994,911.8020720795299,999999.9999999999
2025-02-19T14:10:00.000+0000,998817.6628123994,911.8020720795299,999999.9999999999
2025-02-19T14:20:00.000+0000,998817.6628123994,911.8020720795299,999999.9999999999
2025-02-19T14:30:00.000+0000,998817.6628123994,911.8020720795299,999999.9999999999
2025-02-19T14:40:00.000+0000,998817.6628123994,911.8020720795299,999999.9999999999
2025-02-19T14:50:00.000+0000,998817.6628123994,911.8020720795299,999999.9999999999
2025-02-19T15:00:00.000+0000,998817.6628123994,911.8020720795299,999999.9999999999
2025-02-19T15:10:00.000+0000,998817.6628123994,911.8020720795299,999999.9999999999
2025-02-19T15:20:00.000+0000,998817.6628123994,911.8020720795299,999999.9999999999
2025-02-19T15:30:00.000+0000,998817.6628123994,911.8020720795299,999999.9999999999
2025-02-19T15:40:00.000+0000,998817.6628123994,911.8020720795299,999999.9999999999
2025-02-19T15:50:00.000+0000,998817.6628123994,911.8020720795299,999999.9999999999
2025-02-19T16:00:00.000+0000,998817.6628123994,911.8020720795299,999999.9999999999
2025-02-19T16:10:00.000+0000,998817.6628123994,911.8020720795299,999999.9999999999
2025-02-19T16:20:00.000+0000,998817.6628123994,911.8020720795299,999999.9999999999
2025-02-19T16:30:00.000+0000,998817.6628123994,911.8020720795299,999999.9999999999
2025-02-19T16:40:00.000+0000,998817.6628123994,911.8020720795299,999999.9999999999
2025-02-19T16:50:00.000+0000,998817.6628123994,911.8020720795299,999999.9999999999
2025-02-19T17:00:00.000+0000,998817.6628123994,911.8020720795299,999999.9999999999
2025-02-19T17:10:00.000+0000,998817.6628123994,911.8020720795299,999999.9999999999
2025-02-19T17:20:00.000+0000,998817.6628123994,911.8020720795299,999999.9999999999
2025-02-19T17:30:00.000+0000,998817.6628123994,911.8020720795299,999999.9999999999
2025-02-19T17:40:00.000+0000,998817.6628123994,911.8020720795299,999999.9999999999
2025-02-19T17:50:00.000+0000,998817.6628123994,911.8020720795299,999999.9999999999
2025-02-19T18:00:00.000+0000,998817.6628123994,911.8020720795299,999999.9999999999
2025-02-19T18:10:00.000+0000,998817.6628123994,911.8020720795299,999999.9999999999
2025-02-19T18:20:00.000+0000,998817.6628123994,911.8020720795299,999999.9999999999
2025-02-19T18:30:00.000+0000,998817.6628123994,911.8020720795299,999999.9999999999
2025-02-19T18:40:00.000+0000,998817.6628123994,911.8020720795299,999999.9999999999
2025-02-19T18:50:00.000+0000,998817.6628123994,911.8020720795299,999999.9999999999
2025-02-19T19:00:00.000+0000,998817.6628123994,911.8020720795299,999999.9999999999
2025-02-19T19:10:00.000+0000,998817.6628123994,911.8020720795299,999999.9999999999
2025-02-19T19:20:00.000+0000,998817.6628123994,911.8020720795299,999999.9999999999
2025-02-19T19:30:00.000+0000,998817.6628123994,911.8020720795299,999999.9999999999
2025-02-19T19:40:00.000+0000,998817.6628123994,911.8020720795299,999999.9999999999
2025-02-19T19:50:00.000+0000,998817.6628123994,911.8020720795299,999999.9999999999
2025-02-19T20:00:00.000+0000,998817.6628123994,911.8020720795299,999999.9999999999
2025-02-19T20:10:00.000+0000,998817.6628123994,911.8020720795299,999999.9999999999
2025-02-19T20:20:00.000+0000,998817.6628123994,911.8020720795299,999999.9999999999
2025-02-19T20:30:00.000+0000,998817.6628123994,911.8020720795299,999999.9999999999
2025-02-19T20:40:00.000+0000,998817.6628123994,911.8020720795299,999999.9999999999
2025-02-19T20:50:00.000+0000,998817.6628123994,911.8020720795299,999999.9999999999
2025-02-19T21:00:00.000+0000,998817.6628123994,911.8020720795299,999999.9999999999
2025-02-19T21:10:00.000+0000,998817.6628123994,911.8020720795299,999999.9999999999
2025-02-19T21:20:00.000+0000,998817.6628123994,911.8020720795299,999999.9999999999
2025-02-19T21:30:00.000+0000,998817.6628123994,911.8020720795299,999999.9999999999
2025-02-19T21:40:00.000+0000,998817.6628123994,911.8020720795299,999999.9999999999
2025-02-19T21:50:00.000+0000,998817.6628123996,90161.13047405549,999999.9999999999
2025-02-19T22:00:00.000+0000,998817.6628123996,90161.13047405549,999999.9999999999
2025-02-19T22:10:00.000+0000,998817.6628123996,90161.13047405549,999999.9999999999
2025-02-19T22:20:00.000+0000,998817.6628123996,90161.13047405549,999999.9999999999
2025-02-19T22:30:00.000+0000,998817.6628123996,90161.13047405549,999999.9999999999
2025-02-19T22:40:00.000+0000,998817.6628123996,90161.13047405549,999999.9999999999
2025-02-19T22:50:00.000+0000,998817.6628123996,90161.13047405549,999999.9999999999
2025-02-19T23:00:00.000+0000,998817.6628123996,90161.13047405549,999999.9999999999
2025-02-19T23:10:00.000+0000,998817.6628123996,90161.13047405549,999999.9999999999
2025-02-19T23:20:00.000+0000,998817.6628123996,90161.13047405549,999999.9999999999
2025-02-19T23:30:00.000+0000,998817.6628123996,90161.13047405549,999999.9999999999
2025-02-19T23:40:00.000+0000,998817.6628123996,90161.13047405549,999999.9999999999
2025-02-19T23:50:00.000+0000,998817.6628123996,90161.13047405549,999999.9999999999
2025-02-20T00:00:00.000+0000,998817.6628123996,90161.13047405549,999999.9999999999
2025-02-20T00:10:00.000+0000,998817.6628123996,90161.13047405549,999999.9999999999
2025-02-20T00:20:00.000+0000,998817.6628123996,90161.13047405549,999999.9999999999
2025-02-20T00:30:00.000+0000,998817.6628123996,90161.13047405549,999999.9999999999
2025-02-20T00:40:00.000+0000,998817.6628123996,90161.13047405549,999999.9999999999
2025-02-20T00:50:00.000+0000,998817.6628123996,90161.13047405549,999999.9999999999
2025-02-20T01:00:00.000+0000,998817.6628123996,90161.13047405549,999999.9999999999
2025-02-20T01:10:00.000+0000,998817.6628123996,90161.13047405549,999999.9999999999
2025-02-20T01:20:00.000+0000,998817.6628123996,90161.13047405549,999999.9999999999
2025-02-20T01:30:00.000+0000,998817.6628123996,90161.13047405549,999999.9999999999
2025-02-20T01:40:00.000+0000,998817.6628123996,90161.13047405549,999999.9999999999
2025-02-20T01:50:00.000+0000,998817.6628123996,90161.13047405549,999999.9999999999
2025-02-20T02:00:00.000+0000,998817.6628123996,90161.13047405549,999999.9999999999
2025-02-20T02:10:00.000+0000,998817.6628123996,90161.13047405549,999999.9999999999
2025-02-20T02:20:00.000+0000,998817.6628123996,90161.13047405549,999999.9999999999
2025-02-20T02:30:00.000+0000,998817.6628123996,90161.13047405549,999999.9999999999
2025-02-20T02:40:00.000+0000,998817.6628123996,90161.13047405549,999999.9999999999
2025-02-20T02:50:00.000+0000,998817.6628123996,90161.13047405549,999999.9999999999
2025-02-20T03:00:00.000+0000,998817.6628123996,90161.13047405549,999999.9999999999
2025-02-20T03:10:00.000+0000,998817.6628123996,90161.13047405549,999999.9999999999
2025-02-20T03:20:00.000+0000,998817.6628123996,90161.13047405549,999999.9999999999
2025-02-20T03:30:00.000+0000,998817.6628123996,90161.13047405549,999999.9999999999
2025-02-20T03:40:00.000+0000,998817.6628123996,90161.13047405549,999999.9999999999
2025-02-20T03:50:00.000+0000,998817.6628123996,90161.13047405549,999999.9999999999
2025-02-20T04:00:00.000+0000,998817.6628123996,90161.13047405549,999999.9999999999
2025-02-20T04:10:00.000+0000,998817.6628123996,90161.13047405549,999999.9999999999
2025-02-20T04:20:00.000+0000,998817.6628123996,90161.13047405549,999999.9999999999
2025-02-20T04:30:00.000+0000,998817.6628123996,90161.13047405549,999999.9999999999
2025-02-20T04:40:00.000+0000,998817.6628123996,90161.13047405549,999999.9999999999
2025-02-20T04:50:00.000+0000,998817.6628123996,90161.13047405549,999999.9999999999
2025-02-20T05:00:00.000+0000,998817.6628123996,90161.13047405549,999999.9999999999
2025-02-20T05:10:00.000+0000,998817.6628123996,90161.13047405549,999999.9999999999
2025-02-20T05:20:00.000+0000,998817.6628123996,90161.13047405549,999999.9999999999
2025-02-20T05:30:00.000+0000,998817.6628123996,90161.13047405549,999999.9999999999
2025-02-20T05:40:00.000+0000,998817.6628123996,90161.13047405549,999999.9999999999
2025-02-20T05:50:00.000+0000,998817.6628123996,90161.13047405549,999999.9999999999
2025-02-20T06:00:00.000+0000,998817.6628123996,90161.13047405549,999999.9999999999
2025-02-20T06:10:00.000+0000,998817.6628123996,90161.13047405549,999999.9999999999
2025-02-20T06:20:00.000+0000,998817.6628123996,90161.13047405549,999999.9999999999
2025-02-20T06:30:00.000+0000,998817.6628123996,90161.13047405549,999999.9999999999
2025-02-20T06:40:00.000+0000,998817.6628123996,90161.13047405549,999999.9999999999
2025-02-20T06:50:00.000+0000,998817.6628123996,90161.13047405549,999999.9999999999
2025-02-20T07:00:00.000+0000,998817.6628123996,90161.13047405549,999999.9999999999
2025-02-20T07:10:00.000+0000,998817.6628123996,90161.13047405549,999999.9999999999
2025-02-20T07:20:00.000+0000,998817.6628123996,90161.13047405549,999999.9999999999
2025-02-20T07:30:00.000+0000,998817.6628123996,90161.13047405549,999999.9999999999
2025-02-20T07:40:00.000+0000,998817.6628123996,90161.13047405549,999999.9999999999
2025-02-20T07:50:00.000+0000,998817.6628123996,90161.13047405549,999999.9999999999
2025-02-20T08:00:00.000+0000,998817.6628123996,90161.13047405549,999999.9999999999
2025-02-20T08:10:00.000+0000,998817.6628123996,90161.13047405549,999999.9999999999
2025-02-20T08:20:00.000+0000,998817.6628123996,90161.13047405549,999999.9999999999
2025-02-20T08:30:00.000+0000,998817.6628123996,90161.13047405549,999999.9999999999
2025-02-20T08:40:00.000+0000,998817.6628123996,90161.13047405549,999999.9999999999
2025-02-20T08:50:00.000+0000,998817.6628123996,90161.13047405549,999999.9999999999
2025-02-20T09:00:00.000+0000,998817.6628123996,90161.13047405549,999999.9999999999
2025-02-20T09:10:00.000+0000,998817.6628123996,90161.13047405549,999999.9999999999
2025-02-20T09:20:00.000+0000,998817.6628123996,90161.13047405549,999999.9999999999
2025-02-20T09:30:00.000+0000,998817.6628123996,90161.13047405549,999999.9999999999
2025-02-20T09:40:00.000+0000,998817.6628123996,90161.13047405549,999999.9999999999
2025-02-20T09:50:00.000+0000,998817.6628123996,90161.13047405549,999999.9999999999
2025-02-20T10:00:00.000+0000,998817.6628123996,90161.13047405549,999999.9999999999
2025-02-20T10:10:00.000+0000,998817.6628123996,90161.13047405549,999999.9999999999
2025-02-20T10:20:00.000+0000,998817.6628123996,90161.13047405549,999999.9999999999
2025-02-20T10:30:00.000+0000,998817.6628123996,90161.13047405549,999999.9999999999
2025-02-20T10:40:00.000+0000,998817.6628123996,90161.13047405549,999999.9999999999
2025-02-20T10:50:00.000+0000,998817.6628123996,90161.13047405549,999999.9999999999
2025-02-20T11:00:00.000+0000,998817.6628123996,90161.13047405549,999999.9999999999
2025-02-20T11:10:00.000+0000,998817.6628123996,90161.13047405549,999999.9999999999
2025-02-20T11:20:00.000+0000,998817.6628123996,90161.13047405549,999999.9999999999
2025-02-20T11:30:00.000+0000,998817.6628123996,90161.13047405549,999999.9999999999
2025-02-20T11:40:00.000+0000,998817.6628123996,90161.13047405549,999999.9999999999
2025-02-20T11:50:00.000+0000,998817.6628123996,90161.13047405549,999999.9999999999
2025-02-20T12:00:00.000+0000,998817.6628123996,90161.13047405549,999999.9999999999
2025-02-20T12:10:00.000+0000,998817.6628123996,90161.13047405549,999999.9999999999
2025-02-20T12:20:00.000+0000,998817.6628123996,90161.13047405549,999999.9999999999
2025-02-20T12:30:00.000+0000,998817.6628123996,90161.13047405549,999999.9999999999
2025-02-20T12:40:00.000+0000,998817.6628123996,90161.13047405549,999999.9999999999
2025-02-20T12:50:00.000+0000,998817.6628123996,90161.13047405549,999999.9999999999
2025-02-20T13:00:00.000+0000,998817.6628123996,90161.13047405549,999999.9999999999
2025-02-20T13:10:00.000+0000,998817.6628123996,90161.13047405549,999999.9999999999
2025-02-20T13:20:00.000+0000,998817.6628123996,90161.13047405549,999999.9999999999
2025-02-20T13:30:00.000+0000,998817.6628123996,90161.13047405549,999999.9999999999
2025-02-20T13:40:00.000+0000,998817.6628123996,90161.13047405549,999999.9999999999
2025-02-20T13:50:00.000+0000,998817.6628123996,90161.13047405549,999999.9999999999
2025-02-20T14:00:00.000+0000,998817.6628123996,90161.13047405549,999999.9999999999
2025-02-20T14:10:00.000+0000,998817.6628123996,90161.13047405549,999999.9999999999
2025-02-20T14:20:00.000+0000,998817.6628123996,90161.13047405549,999999.9999999999
2025-02-20T14:30:00.000+0000,998817.6628123996,90161.13047405549,999999.9999999999
2025-02-20T14:40:00.000+0000,998817.6628123996,90161.13047405549,999999.9999999999
2025-02-20T14:50:00.000+0000,998817.6628123996,90161.13047405549,999999.9999999999
2025-02-20T15:00:00.000+0000,998817.6628123996,90161.13047405549,999999.9999999999
2025-02-20T15:10:00.000+0000,998817.6628123996,90161.13047405549,999999.9999999999
2025-02-20T15:20:00.000+0000,998817.6628123996,90161.13047405549,999999.9999999999
2025-02-20T15:30:00.000+0000,998817.6628123996,90161.13047405549,999999.9999999999
2025-02-20T15:40:00.000+0000,998817.6628123996,90161.13047405549,999999.9999999999
2025-02-20T15:50:00.000+0000,998817.6628123996,90161.13047405549,999999.9999999999
2025-02-20T16:00:00.000+0000,998817.6628123996,90161.13047405549,999999.9999999999
2025-02-20T16:10:00.000+0000,998817.6628123996,90161.13047405549,999999.9999999999
2025-02-20T16:20:00.000+0000,998817.6628123996,90161.13047405549,999999.9999999999
2025-02-20T16:30:00.000+0000,998817.6628123996,90161.13047405549,999999.9999999999
2025-02-20T16:40:00.000+0000,998817.6628123996,90161.13047405549,999999.9999999999
2025-02-20T16:50:00.000+0000,998817.6628123996,90161.13047405549,999999.9999999999
2025-02-20T17:00:00.000+0000,998817.6628123996,90161.13047405549,999999.9999999999
2025-02-20T17:10:00.000+0000,998817.6628123996,90161.13047405549,999999.9999999999
2025-02-20T17:20:00.000+0000,998817.6628123996,90161.13047405549,999999.9999999999
2025-02-20T17:30:00.000+0000,998817.6628123996,90161.13047405549,999999.9999999999
2025-02-20T17:40:00.000+0000,998817.6628123996,90161.13047405549,999999.9999999999
2025-02-20T17:50:00.000+0000,998817.6628123996,90161.13047405549,999999.9999999999
2025-02-20T18:00:00.000+0000,998817.6628123996,90161.13047405549,999999.9999999999
2025-02-20T18:10:00.000+0000,998817.6628123996,90161.13047405549,999999.9999999999
2025-02-20T18:20:00.000+0000,998817.6628123996,90161.13047405549,999999.9999999999
2025-02-20T18:30:00.000+0000,998817.6628123996,90161.13047405549,999999.9999999999
2025-02-20T18:40:00.000+0000,998817.6628123996,90161.13047405549,999999.9999999999
2025-02-20T18:50:00.000+0000,998817.6628123996,90161.13047405549,999999.9999999999
2025-02-20T19:00:00.000+0000,998817.6628123996,90161.13047405549,999999.9999999999
2025-02-20T19:10:00.000+0000,998817.6628123996,90161.13047405549,999999.9999999999
2025-02-20T19:20:00.000+0000,998817.6628123996,90161.13047405549,999999.9999999999
2025-02-20T19:30:00.000+0000,998817.6628123996,90161.13047405549,999999.9999999999
2025-02-20T19:40:00.000+0000,998817.6628123996,90161.13047405549,999999.9999999999
2025-02-20T19:50:00.000+0000,998817.6628123996,90161.13047405549,999999.9999999999
2025-02-20T20:00:00.000+0000,998817.6628123996,90161.13047405549,999999.9999999999
2025-02-20T20:10:00.000+0000,998817.6628123996,90161.13047405549,999999.9999999999
2025-02-20T20:20:00.000+0000,998817.6628123996,90161.13047405549,999999.9999999999
2025-02-20T20:30:00.000+0000,998817.6628123996,90161.13047405549,999999.9999999999
2025-02-20T20:40:00.000+0000,998817.6628123996,90161.13047405549,999999.9999999999
2025-02-20T20:50:00.000+0000,998817.6628123996,90161.13047405549,999999.9999999999
2025-02-20T21:00:00.000+0000,998817.6628123996,90161.13047405549,999999.9999999999
2025-02-20T21:10:00.000+0000,998817.6628123996,90161.13047405549,999999.9999999999
2025-02-20T21:20:00.000+0000,998817.6628123996,90161.13047405549,999999.9999999999
2025-02-20T21:30:00.000+0000,998817.6628123996,90161.13047405549,999999.9999999999
2025-02-20T21:40:00.000+0000,998817.6628123996,90161.13047405549,999999.9999999999
2025-02-20T21:50:00.000+0000,998817.6628123996,90161.13047405549,999999.9999999999
2025-02-20T22:00:00.000+0000,998817.6628123996,90161.13047405549,999999.9999999999
2025-02-20T22:10:00.000+0000,998817.6628123996,90161.13047405549,999999.9999999999
2025-02-20T22:20:00.000+0000,998817.6628123996,90161.13047405549,999999.9999999999
2025-02-20T22:30:00.000+0000,998817.6628123996,90161.13047405549,999999.9999999999
2025-02-20T22:40:00.000+0000,998817.6628123996,90161.13047405549,999999.9999999999
2025-02-20T22:50:00.000+0000,998817.6628123996,90161.13047405549,999999.9999999999
2025-02-20T23:00:00.000+0000,998817.6628123996,90161.13047405549,999999.9999999999
2025-02-20T23:10:00.000+0000,998817.6628123996,90161.13047405549,999999.9999999999
2025-02-20T23:20:00.000+0000,998817.6628123996,90161.13047405549,999999.9999999999
2025-02-20T23:30:00.000+0000,998817.6628123994,90161.13047405549,999999.9999999999
2025-02-20T23:40:00.000+0000,998817.6628123994,139216.4828615835,999999.9999999999
2025-02-20T23:50:00.000+0000,998817.6628123994,139216.4828615835,999999.9999999999
2025-02-21T00:00:00.000+0000,998817.6628123994,139216.4828615835,999999.9999999999
2025-02-21T00:10:00.000+0000,998817.6628123994,139216.4828615835,999999.9999999999
2025-02-21T00:20:00.000+0000,998817.6628123994,139216.4828615835,999999.9999999999
2025-02-21T00:30:00.000+0000,998817.6628123994,139216.4828615835,999999.9999999999
2025-02-21T00:40:00.000+0000,998817.6628123994,139216.4828615835,999999.9999999999
2025-02-21T00:50:00.000+0000,998817.6628123994,139216.4828615835,999999.9999999999
2025-02-21T01:00:00.000+0000,998817.6628123994,139216.4828615835,999999.9999999999
2025-02-21T01:10:00.000+0000,998817.6628123994,139216.4828615835,999999.9999999999
2025-02-21T01:20:00.000+0000,998817.6628123994,139216.4828615835,999999.9999999999
2025-02-21T01:30:00.000+0000,998817.6628123994,139216.4828615835,999999.9999999999
2025-02-21T01:40:00.000+0000,998817.6628123994,139216.4828615835,999999.9999999999
2025-02-21T01:50:00.000+0000,998817.6628123994,139216.4828615835,999999.9999999999
2025-02-21T02:00:00.000+0000,998817.6628123994,139216.4828615835,999999.9999999999
2025-02-21T02:10:00.000+0000,998817.6628123994,139216.4828615835,999999.9999999999
2025-02-21T02:20:00.000+0000,998817.6628123994,139216.4828615835,999999.9999999999
2025-02-21T02:30:00.000+0000,998817.6628123994,139216.4828615835,999999.9999999999
2025-02-21T02:40:00.000+0000,998817.6628123994,139216.4828615835,999999.9999999999
2025-02-21T02:50:00.000+0000,998817.6628123994,139216.4828615835,999999.9999999999
2025-02-21T03:00:00.000+0000,998817.6628123994,139216.4828615835,999999.9999999999
2025-02-21T03:10:00.000+0000,998817.6628123994,139216.4828615835,999999.9999999999
2025-02-21T03:20:00.000+0000,998817.6628123994,139216.4828615835,999999.9999999999
2025-02-21T03:30:00.000+0000,998817.6628123994,139216.4828615835,999999.9999999999
2025-02-21T03:40:00.000+0000,998817.6628123994,139216.4828615835,999999.9999999999
2025-02-21T03:50:00.000+0000,998817.6628123994,139216.4828615835,999999.9999999999
2025-02-21T04:00:00.000+0000,998817.6628123994,139216.4828615835,999999.9999999999
2025-02-21T04:10:00.000+0000,998817.6628123994,139216.4828615835,999999.9999999999
2025-02-21T04:20:00.000+0000,998817.6628123994,139216.4828615835,999999.9999999999
2025-02-21T04:30:00.000+0000,998817.6628123994,139216.4828615835,999999.9999999999
2025-02-21T04:40:00.000+0000,998817.6628123994,139216.4828615835,999999.9999999999
2025-02-21T04:50:00.000+0000,998817.6628123994,139216.4828615835,999999.9999999999
2025-02-21T05:00:00.000+0000,998817.6628123994,139216.4828615835,999999.9999999999
2025-02-21T05:10:00.000+0000,998817.6628123994,139216.4828615835,999999.9999999999
2025-02-21T05:20:00.000+0000,998817.6628123994,139216.4828615835,999999.9999999999
2025-02-21T05:30:00.000+0000,998817.6628123994,139216.4828615835,999999.9999999999
2025-02-21T05:40:00.000+0000,998817.6628123994,139216.4828615835,999999.9999999999
2025-02-21T05:50:00.000+0000,998817.6628123994,139216.4828615835,999999.9999999999
2025-02-21T06:00:00.000+0000,998817.6628123994,139216.4828615835,999999.9999999999
2025-02-21T06:10:00.000+0000,998817.6628123994,139216.4828615835,999999.9999999999
2025-02-21T06:20:00.000+0000,998817.6628123994,139216.4828615835,999999.9999999999
2025-02-21T06:30:00.000+0000,998817.6628123994,139216.4828615835,999999.9999999999
2025-02-21T06:40:00.000+0000,998817.6628123994,139216.4828615835,999999.9999999999
2025-02-21T06:50:00.000+0000,998817.6628123994,139216.4828615835,999999.9999999999
2025-02-21T07:00:00.000+0000,998817.6628123994,139216.4828615835,999999.9999999999
2025-02-21T07:10:00.000+0000,998817.6628123994,139216.4828615835,999999.9999999999
2025-02-21T07:20:00.000+0000,998817.6628123994,139216.4828615835,999999.9999999999
2025-02-21T07:30:00.000+0000,998817.6628123994,139216.4828615835,999999.9999999999
2025-02-21T07:40:00.000+0000,998817.6628123994,139216.4828615835,999999.9999999999
2025-02-21T07:50:00.000+0000,998817.6628123994,139216.4828615835,999999.9999999999
2025-02-21T08:00:00.000+0000,998817.6628123994,139216.4828615835,999999.9999999999
2025-02-21T08:10:00.000+0000,998817.6628123994,139216.4828615835,999999.9999999999
2025-02-21T08:20:00.000+0000,998817.6628123994,139216.4828615835,999999.9999999999
2025-02-21T08:30:00.000+0000,998817.6628123994,139216.4828615835,999999.9999999999
2025-02-21T08:40:00.000+0000,998817.6628123994,139216.4828615835,999999.9999999999
2025-02-21T08:50:00.000+0000,998817.6628123994,139216.4828615835,999999.9999999999
2025-02-21T09:00:00.000+0000,998817.6628123994,139216.4828615835,999999.9999999999
2025-02-21T09:10:00.000+0000,998817.6628123994,139216.4828615835,999999.9999999999
2025-02-21T09:20:00.000+0000,998817.6628123994,139216.4828615835,999999.9999999999
2025-02-21T09:30:00.000+0000,998817.6628123994,139216.4828615835,999999.9999999999
2025-02-21T09:40:00.000+0000,998817.6628123994,139216.4828615835,999999.9999999999
2025-02-21T09:50:00.000+0000,998817.6628123994,139216.4828615835,999999.9999999999
2025-02-21T10:00:00.000+0000,998817.6628123994,139216.4828615835,999999.9999999999
2025-02-21T10:10:00.000+0000,998817.6628123994,139216.4828615835,999999.9999999999
2025-02-21T10:20:00.000+0000,998817.6628123994,139216.4828615835,999999.9999999999
2025-02-21T10:30:00.000+0000,998817.6628123994,139216.4828615835,999999.9999999999
2025-02-21T10:40:00.000+0000,998817.6628123994,139216.4828615835,999999.9999999999
2025-02-21T10:50:00.000+0000,998817.6628123994,139216.4828615835,999999.9999999999
2025-02-21T11:00:00.000+0000,998817.6628123994,139216.4828615835,999999.9999999999
2025-02-21T11:10:00.000+0000,998817.6628123994,139216.4828615835,999999.9999999999
2025-02-21T11:20:00.000+0000,998817.6628123994,139216.4828615835,999999.9999999999
2025-02-21T11:30:00.000+0000,998817.6628123994,139216.4828615835,999999.9999999999
2025-02-21T11:40:00.000+0000,998817.6628123994,139216.4828615835,999999.9999999999
2025-02-21T11:50:00.000+0000,998817.6628123994,139216.4828615835,999999.9999999999
2025-02-21T12:00:00.000+0000,998817.6628123994,139216.4828615835,999999.9999999999
2025-02-21T12:10:00.000+0000,998817.6628123994,139216.4828615835,999999.9999999999
2025-02-21T12:20:00.000+0000,998817.6628123994,139216.4828615835,999999.9999999999
2025-02-21T12:30:00.000+0000,998817.6628123994,139216.4828615835,999999.9999999999
2025-02-21T12:40:00.000+0000,998817.6628123994,139216.4828615835,999999.9999999999
2025-02-21T12:50:00.000+0000,998817.6628123994,139216.4828615835,999999.9999999999
2025-02-21T13:00:00.000+0000,998817.6628123994,139216.4828615835,999999.9999999999
2025-02-21T13:10:00.000+0000,998817.6628123994,139216.4828615835,999999.9999999999
2025-02-21T13:20:00.000+0000,998817.6628123994,139216.4828615835,999999.9999999999
2025-02-21T13:30:00.000+0000,998817.6628123994,139216.4828615835,999999.9999999999
2025-02-21T13:40:00.000+0000,998817.6628123994,139216.4828615835,999999.9999999999
2025-02-21T13:50:00.000+0000,998817.6628123994,139216.4828615835,999999.9999999999
2025-02-21T14:00:00.000+0000,998817.6628123994,139216.4828615835,999999.9999999999
2025-02-21T14:10:00.000+0000,998817.6628123994,139216.4828615835,999999.9999999999
2025-02-21T14:20:00.000+0000,998817.6628123994,139216.4828615835,999999.9999999999
2025-02-21T14:30:00.000+0000,998817.6628123994,139216.4828615835,999999.9999999999
2025-02-21T14:40:00.000+0000,998817.6628123994,139216.4828615835,999999.9999999999
2025-02-21T14:50:00.000+0000,998817.6628123994,139216.4828615835,999999.9999999999
2025-02-21T15:00:00.000+0000,998817.6628123994,139216.4828615835,999999.9999999999
2025-02-21T15:10:00.000+0000,998817.6628123994,139216.4828615835,999999.9999999999
2025-02-21T15:20:00.000+0000,998817.6628123994,139216.4828615835,999999.9999999999
2025-02-21T15:30:00.000+0000,998817.6628123994,139216.4828615835,999999.9999999999
2025-02-21T15:40:00.000+0000,998817.6628123994,139216.4828615835,999999.9999999999
2025-02-21T15:50:00.000+0000,998817.6628123994,139216.4828615835,999999.9999999999
2025-02-21T16:00:00.000+0000,998817.6628123994,139216.4828615835,999999.9999999999
2025-02-21T16:10:00.000+0000,998817.6628123994,139216.4828615835,999999.9999999999
2025-02-21T16:20:00.000+0000,998817.6628123994,139216.4828615835,999999.9999999999
2025-02-21T16:30:00.000+0000,998817.6628123994,139216.4828615835,999999.9999999999
2025-02-21T16:40:00.000+0000,998817.6628123994,139216.4828615835,999999.9999999999
2025-02-21T16:50:00.000+0000,998817.6628123994,139216.4828615835,999999.9999999999
2025-02-21T17:00:00.000+0000,998817.6628123994,139216.4828615835,999999.9999999999
2025-02-21T17:10:00.000+0000,998817.6628123994,139216.4828615835,999999.9999999999
2025-02-21T17:20:00.000+0000,998817.6628123994,139216.4828615835,999999.9999999999
2025-02-21T17:30:00.000+0000,998817.6628123994,139216.4828615835,999999.9999999999
2025-02-21T17:40:00.000+0000,998817.6628123994,139216.4828615835,999999.9999999999
2025-02-21T17:50:00.000+0000,998817.6628123994,139216.4828615835,999999.9999999999
2025-02-21T18:00:00.000+0000,998817.6628123994,139216.4828615835,999999.9999999999
2025-02-21T18:10:00.000+0000,998817.6628123994,139216.4828615835,999999.9999999999
2025-02-21T18:20:00.000+0000,998817.6628123994,139216.4828615835,999999.9999999999
2025-02-21T18:30:00.000+0000,998817.6628123994,139216.4828615835,999999.9999999999
2025-02-21T18:40:00.000+0000,998817.6628123994,139216.4828615835,999999.9999999999
2025-02-21T18:50:00.000+0000,998817.6628123994,139216.4828615835,999999.9999999999
2025-02-21T19:00:00.000+0000,998817.6628123994,139216.4828615835,999999.9999999999
2025-02-21T19:10:00.000+0000,998817.6628123994,139216.4828615835,999999.9999999999
2025-02-21T19:20:00.000+0000,998817.6628123994,139216.4828615835,999999.9999999999
2025-02-21T19:30:00.000+0000,998817.6628123994,139216.4828615835,999999.9999999999
2025-02-21T19:40:00.000+0000,998817.6628123994,139216.4828615835,999999.9999999999
2025-02-21T19:50:00.000+0000,998817.6628123994,139216.4828615835,999999.9999999999
2025-02-21T20:00:00.000+0000,998817.6628123994,139216.4828615835,999999.9999999999
2025-02-21T20:10:00.000+0000,998817.6628123994,139216.4828615835,999999.9999999999
2025-02-21T20:20:00.000+0000,998817.6628123994,139216.4828615835,999999.9999999999
2025-02-21T20:30:00.000+0000,998817.6628123994,139216.4828615835,999999.9999999999
2025-02-21T20:40:00.000+0000,998817.6628123994,139216.4828615835,999999.9999999999
2025-02-21T20:50:00.000+0000,998817.6628123994,139216.4828615835,999999.9999999999
2025-02-21T21:00:00.000+0000,998817.6628123994,139216.4828615835,999999.9999999999
2025-02-21T21:10:00.000+0000,998817.6628123994,139216.4828615835,999999.9999999999
2025-02-21T21:20:00.000+0000,998817.6628123994,139216.4828615835,999999.9999999999
2025-02-21T21:30:00.000+0000,998817.6628123994,139216.4828615835,999999.9999999999
2025-02-21T21:40:00.000+0000,998817.6628123994,139216.4828615835,999999.9999999999
2025-02-21T21:50:00.000+0000,998817.6628123994,139216.4828615835,999999.9999999999
2025-02-21T22:00:00.000+0000,998817.6628123994,139216.4828615835,999999.9999999999
2025-02-21T22:10:00.000+0000,998817.6628123994,139216.4828615835,999999.9999999999
2025-02-21T22:20:00.000+0000,998817.6628123994,139216.4828615835,999999.9999999999
2025-02-21T22:30:00.000+0000,998817.6628123994,139216.4828615835,999999.9999999999
2025-02-21T22:40:00.000+0000,998817.6628123994,139216.4828615835,999999.9999999999
2025-02-21T22:50:00.000+0000,998817.6628123994,139216.4828615835,999999.9999999999
2025-02-21T23:00:00.000+0000,998817.6628123994,139216.4828615835,999999.9999999999
2025-02-21T23:10:00.000+0000,998817.6628123994,139216.4828615835,999999.9999999999
2025-02-21T23:20:00.000+0000,998817.6628123994,139216.4828615835,999999.9999999999
2025-02-21T23:30:00.000+0000,998817.6628123994,139216.4828615835,999999.9999999999
2025-02-21T23:40:00.000+0000,998817.6628123994,139216.4828615835,999999.9999999999
2025-02-21T23:50:00.000+0000,998817.6628123994,139216.4828615835,999999.9999999999
2025-02-22T00:00:00.000+0000,998817.6628123994,139216.4828615835,999999.9999999999
2025-02-22T00:10:00.000+0000,998817.6628123994,139216.4828615835,999999.9999999999
2025-02-22T00:20:00.000+0000,998817.6628123994,139216.4828615835,999999.9999999999
2025-02-22T00:30:00.000+0000,998817.6628123994,139216.4828615835,999999.9999999999
2025-02-22T00:40:00.000+0000,998817.6628123994,139216.4828615835,999999.9999999999
2025-02-22T00:50:00.000+0000,998817.6628123994,139216.4828615835,999999.9999999999
2025-02-22T01:00:00.000+0000,998817.6628123994,139216.4828615835,999999.9999999999
2025-02-22T01:10:00.000+0000,998817.6628123994,139216.4828615835,999999.9999999999
2025-02-22T01:20:00.000+0000,998817.6628123994,139216.4828615835,999999.9999999999
2025-02-22T01:30:00.000+0000,998817.6628123994,139216.4828615835,999999.9999999999
2025-02-22T01:40:00.000+0000,998817.6628123994,139216.4828615835,999999.9999999999
2025-02-22T01:50:00.000+0000,998817.6628123994,139216.4828615835,999999.9999999999
2025-02-22T02:00:00.000+0000,998817.6628123994,139216.4828615835,999999.9999999999
2025-02-22T02:10:00.000+0000,998817.6628123994,139216.4828615835,999999.9999999999
2025-02-22T02:20:00.000+0000,998817.6628123994,139216.4828615835,999999.9999999999
2025-02-22T02:30:00.000+0000,998817.6628123994,139216.4828615835,999999.9999999999
2025-02-22T02:40:00.000+0000,998817.6628123994,139216.4828615835,999999.9999999999
2025-02-22T02:50:00.000+0000,998817.6628123994,139216.4828615835,999999.9999999999
2025-02-22T03:00:00.000+0000,998817.6628123994,139216.4828615835,999999.9999999999
2025-02-22T03:10:00.000+0000,998817.6628123994,139216.4828615835,999999.9999999999
2025-02-22T03:20:00.000+0000,998817.6628123994,139216.4828615835,999999.9999999999
2025-02-22T03:30:00.000+0000,998817.6628123994,139216.4828615835,999999.9999999999
2025-02-22T03:40:00.000+0000,998817.6628123994,139216.4828615835,999999.9999999999
2025-02-22T03:50:00.000+0000,998817.6628123994,139216.4828615835,999999.9999999999
2025-02-22T04:00:00.000+0000,998817.6628123994,139216.4828615835,999999.9999999999
2025-02-22T04:10:00.000+0000,998817.6628123994,139216.4828615835,999999.9999999999
2025-02-22T04:20:00.000+0000,998817.6628123994,139216.4828615835,999999.9999999999
2025-02-22T04:30:00.000+0000,998817.6628123994,139216.4828615835,999999.9999999999
2025-02-22T04:40:00.000+0000,998817.6628123994,139216.4828615835,999999.9999999999
2025-02-22T04:50:00.000+0000,998817.6628123994,139216.4828615835,999999.9999999999
2025-02-22T05:00:00.000+0000,998817.6628123994,139216.4828615835,999999.9999999999
2025-02-22T05:10:00.000+0000,998817.6628123994,139216.4828615835,999999.9999999999
2025-02-22T05:20:00.000+0000,998817.6628123994,139216.4828615835,999999.9999999999
2025-02-22T05:30:00.000+0000,998817.6628123994,139216.4828615835,999999.9999999999
2025-02-22T05:40:00.000+0000,998817.6628123994,139216.4828615835,999999.9999999999
2025-02-22T05:50:00.000+0000,998817.6628123994,139216.4828615835,999999.9999999999
2025-02-22T06:00:00.000+0000,998817.6628123994,139216.4828615835,999999.9999999999
2025-02-22T06:10:00.000+0000,998817.6628123994,139216.4828615835,999999.9999999999
2025-02-22T06:20:00.000+0000,998817.6628123994,139216.4828615835,999999.9999999999
2025-02-22T06:30:00.000+0000,998817.6628123994,139216.4828615835,999999.9999999999
2025-02-22T06:40:00.000+0000,998817.6628123994,139216.4828615835,999999.9999999999
2025-02-22T06:50:00.000+0000,998817.6628123994,139216.4828615835,999999.9999999999
2025-02-22T07:00:00.000+0000,998817.6628123994,139216.4828615835,999999.9999999999
2025-02-22T07:10:00.000+0000,998817.6628123994,139216.4828615835,999999.9999999999
2025-02-22T07:20:00.000+0000,998817.6628123994,139216.4828615835,999999.9999999999
2025-02-22T07:30:00.000+0000,998817.6628123994,139216.4828615835,999999.9999999999
2025-02-22T07:40:00.000+0000,998817.6628123994,139216.4828615835,999999.9999999999
2025-02-22T07:50:00.000+0000,998817.6628123994,139216.4828615835,999999.9999999999
2025-02-22T08:00:00.000+0000,998817.6628123994,139216.4828615835,999999.9999999999
2025-02-22T08:10:00.000+0000,998817.6628123994,139216.4828615835,999999.9999999999
2025-02-22T08:20:00.000+0000,998817.6628123994,139216.4828615835,999999.9999999999
2025-02-22T08:30:00.000+0000,998817.6628123994,139216.4828615835,999999.9999999999
2025-02-22T08:40:00.000+0000,998817.6628123994,139216.4828615835,999999.9999999999
2025-02-22T08:50:00.000+0000,998817.6628123994,139216.4828615835,999999.9999999999
2025-02-22T09:00:00.000+0000,998817.6628123994,139216.4828615835,999999.9999999999
2025-02-22T09:10:00.000+0000,998817.6628123994,139216.4828615835,999999.9999999999
2025-02-22T09:20:00.000+0000,998817.6628123994,139216.4828615835,999999.9999999999
2025-02-22T09:30:00.000+0000,998817.6628123994,139216.4828615835,999999.9999999999
2025-02-22T09:40:00.000+0000,998817.6628123994,139216.4828615835,999999.9999999999
2025-02-22T09:50:00.000+0000,998817.6628123994,139216.4828615835,999999.9999999999
2025-02-22T10:00:00.000+0000,998817.6628123994,139216.4828615835,999999.9999999999
2025-02-22T10:10:00.000+0000,998817.6628123994,139216.4828615835,999999.9999999999
2025-02-22T10:20:00.000+0000,998817.6628123994,139216.4828615835,999999.9999999999
2025-02-22T10:30:00.000+0000,998817.6628123994,139216.4828615835,999999.9999999999
2025-02-22T10:40:00.000+0000,998817.6628123994,139216.4828615835,999999.9999999999
2025-02-22T10:50:00.000+0000,998817.6628123994,139216.4828615835,999999.9999999999
2025-02-22T11:00:00.000+0000,998817.6628123994,139216.4828615835,999999.9999999999
2025-02-22T11:10:00.000+0000,998817.6628123994,139216.4828615835,999999.9999999999
2025-02-22T11:20:00.000+0000,998817.6628123994,139216.4828615835,999999.9999999999
2025-02-22T11:30:00.000+0000,998817.6628123994,139216.4828615835,999999.9999999999
2025-02-22T11:40:00.000+0000,998817.6628123994,139216.4828615835,999999.9999999999
2025-02-22T11:50:00.000+0000,998817.6628123994,139216.4828615835,999999.9999999999
2025-02-22T12:00:00.000+0000,998817.6628123994,139216.4828615835,999999.9999999999
2025-02-22T12:10:00.000+0000,998817.6628123994,139216.4828615835,999999.9999999999
2025-02-22T12:20:00.000+0000,998817.6628123994,139216.4828615835,999999.9999999999
2025-02-22T12:30:00.000+0000,998817.6628123994,139216.4828615835,999999.9999999999
2025-02-22T12:40:00.000+0000,998817.6628123994,139216.4828615835,999999.9999999999
2025-02-22T12:50:00.000+0000,998817.6628123994,139216.4828615835,999999.9999999999
2025-02-22T13:00:00.000+0000,998817.6628123994,139216.4828615835,999999.9999999999
2025-02-22T13:10:00.000+0000,998817.6628123994,139216.4828615835,999999.9999999999
2025-02-22T13:20:00.000+0000,998817.6628123994,139216.4828615835,999999.9999999999
2025-02-22T13:30:00.000+0000,998817.6628123994,139216.4828615835,999999.9999999999
2025-02-22T13:40:00.000+0000,998817.6628123994,139216.4828615835,999999.9999999999
2025-02-22T13:50:00.000+0000,998817.6628123994,139216.4828615835,999999.9999999999
2025-02-22T14:00:00.000+0000,998817.6628123994,139216.4828615835,999999.9999999999
2025-02-22T14:10:00.000+0000,998817.6628123994,139216.4828615835,999999.9999999999
2025-02-22T14:20:00.000+0000,998817.6628123994,139216.4828615835,999999.9999999999
2025-02-22T14:30:00.000+0000,998817.6628123994,139216.4828615835,999999.9999999999
2025-02-22T14:40:00.000+0000,998817.6628123994,139216.4828615835,999999.9999999999
2025-02-22T14:50:00.000+0000,998817.6628123994,139216.4828615835,999999.9999999999
2025-02-22T15:00:00.000+0000,998817.6628123994,139216.4828615835,999999.9999999999
2025-02-22T15:10:00.000+0000,998817.6628123994,139216.4828615835,999999.9999999999
2025-02-22T15:20:00.000+0000,998817.6628123994,139216.4828615835,999999.9999999999
2025-02-22T15:30:00.000+0000,998817.6628123994,139216.4828615835,999999.9999999999
2025-02-22T15:40:00.000+0000,998817.6628123994,139216.4828615835,999999.9999999999
2025-02-22T15:50:00.000+0000,998817.6628123994,139216.4828615835,999999.9999999999
2025-02-22T16:00:00.000+0000,998817.6628123994,139216.4828615835,999999.9999999999
2025-02-22T16:10:00.000+0000,998817.6628123994,139216.4828615835,999999.9999999999
2025-02-22T16:20:00.000+0000,998817.6628123994,139216.4828615835,999999.9999999999
2025-02-22T16:30:00.000+0000,998817.6628123994,139216.4828615835,999999.9999999999
2025-02-22T16:40:00.000+0000,998817.6628123994,139216.4828615835,999999.9999999999
2025-02-22T16:50:00.000+0000,998817.6628123994,139216.4828615835,999999.9999999999
2025-02-22T17:00:00.000+0000,998817.6628123994,139216.4828615835,999999.9999999999
2025-02-22T17:10:00.000+0000,998817.6628123994,139216.4828615835,999999.9999999999
2025-02-22T17:20:00.000+0000,998817.6628123994,139216.4828615835,999999.9999999999
2025-02-22T17:30:00.000+0000,998817.6628123994,139216.4828615835,999999.9999999999
2025-02-22T17:40:00.000+0000,998817.6628123994,139216.4828615835,999999.9999999999
2025-02-22T17:50:00.000+0000,998817.6628123994,139216.4828615835,999999.9999999999
2025-02-22T18:00:00.000+0000,998817.6628123994,139216.4828615835,999999.9999999999
2025-02-22T18:10:00.000+0000,998817.6628123994,139216.4828615835,999999.9999999999
2025-02-22T18:20:00.000+0000,998817.6628123994,139216.4828615835,999999.9999999999
2025-02-22T18:30:00.000+0000,998817.6628123994,139216.4828615835,999999.9999999999
2025-02-22T18:40:00.000+0000,998817.6628123994,139216.4828615835,999999.9999999999
2025-02-22T18:50:00.000+0000,998817.6628123994,139216.4828615835,999999.9999999999
2025-02-22T19:00:00.000+0000,998817.6628123994,139216.4828615835,999999.9999999999
2025-02-22T19:10:00.000+0000,998817.6628123994,139216.4828615835,999999.9999999999
2025-02-22T19:20:00.000+0000,998817.6628123994,139216.4828615835,999999.9999999999
2025-02-22T19:30:00.000+0000,998817.6628123994,139216.4828615835,999999.9999999999
2025-02-22T19:40:00.000+0000,998817.6628123994,139216.4828615835,999999.9999999999
2025-02-22T19:50:00.000+0000,998817.6628123994,139216.4828615835,999999.9999999999
2025-02-22T20:00:00.000+0000,998817.6628123994,139216.4828615835,999999.9999999999
2025-02-22T20:10:00.000+0000,998817.6628123994,139216.4828615835,999999.9999999999
2025-02-22T20:20:00.000+0000,998817.6628123994,139216.4828615835,999999.9999999999
2025-02-22T20:30:00.000+0000,998817.6628123994,139216.4828615835,999999.9999999999
2025-02-22T20:40:00.000+0000,998817.6628123994,139216.4828615835,999999.9999999999
2025-02-22T20:50:00.000+0000,998817.6628123994,139216.4828615835,999999.9999999999
2025-02-22T21:00:00.000+0000,998817.6628123994,139216.4828615835,999999.9999999999
2025-02-22T21:10:00.000+0000,998817.6628123994,139216.4828615835,999999.9999999999
2025-02-22T21:20:00.000+0000,998817.6628123994,139216.4828615835,999999.9999999999
2025-02-22T21:30:00.000+0000,998817.6628123994,139216.4828615835,999999.9999999999
2025-02-22T21:40:00.000+0000,998817.6628123994,139216.4828615835,999999.9999999999
2025-02-22T21:50:00.000+0000,998817.6628123994,139216.4828615835,999999.9999999999
2025-02-22T22:00:00.000+0000,998817.6628123994,139216.4828615835,999999.9999999999
2025-02-22T22:10:00.000+0000,998817.6628123994,139216.4828615835,999999.9999999999
2025-02-22T22:20:00.000+0000,998817.6628123994,139216.4828615835,999999.9999999999
2025-02-22T22:30:00.000+0000,998817.6628123994,139216.4828615835,999999.9999999999
2025-02-22T22:40:00.000+0000,998817.6628123994,139216.4828615835,999999.9999999999
2025-02-22T22:50:00.000+0000,998817.6628123994,139216.4828615835,999999.9999999999
2025-02-22T23:00:00.000+0000,998817.6628123994,139216.4828615835,999999.9999999999
2025-02-22T23:10:00.000+0000,998817.6628123994,139216.4828615835,999999.9999999999
2025-02-22T23:20:00.000+0000,998817.6628123994,139216.4828615835,999999.9999999999
2025-02-22T23:30:00.000+0000,998817.6628123994,139216.4828615835,999999.9999999999
2025-02-22T23:40:00.000+0000,998817.6628123994,139216.4828615835,999999.9999999999
2025-02-22T23:50:00.000+0000,998817.6628123994,139216.4828615835,999999.9999999999
2025-02-23T00:00:00.000+0000,998817.6628123994,139216.4828615835,999999.9999999999
2025-02-23T00:10:00.000+0000,998817.6628123994,139216.4828615835,999999.9999999999
2025-02-23T00:20:00.000+0000,998817.6628123994,139216.4828615835,999999.9999999999
2025-02-23T00:30:00.000+0000,998817.6628123994,139216.4828615835,999999.9999999999
2025-02-23T00:40:00.000+0000,998817.6628123994,139216.4828615835,999999.9999999999
2025-02-23T00:50:00.000+0000,998817.6628123994,139216.4828615835,999999.9999999999
2025-02-23T01:00:00.000+0000,998817.6628123994,139216.4828615835,999999.9999999999
2025-02-23T01:10:00.000+0000,998817.6628123994,139216.4828615835,999999.9999999999
2025-02-23T01:20:00.000+0000,998817.6628123994,139216.4828615835,999999.9999999999
2025-02-23T01:30:00.000+0000,998817.6628123994,139216.4828615835,999999.9999999999
2025-02-23T01:40:00.000+0000,998817.6628123994,139216.4828615835,999999.9999999999
2025-02-23T01:50:00.000+0000,998817.6628123994,139216.4828615835,999999.9999999999
2025-02-23T02:00:00.000+0000,998817.6628123994,139216.4828615835,999999.9999999999
2025-02-23T02:10:00.000+0000,998817.6628123994,139216.4828615835,999999.9999999999
2025-02-23T02:20:00.000+0000,998817.6628123994,139216.4828615835,999999.9999999999
2025-02-23T02:30:00.000+0000,998817.6628123994,139216.4828615835,999999.9999999999
2025-02-23T02:40:00.000+0000,998817.6628123994,139216.4828615835,999999.9999999999
2025-02-23T02:50:00.000+0000,998817.6628123994,139216.4828615835,999999.9999999999
2025-02-23T03:00:00.000+0000,998817.6628123994,139216.4828615835,999999.9999999999
2025-02-23T03:10:00.000+0000,998817.6628123994,139216.4828615835,999999.9999999999
2025-02-23T03:20:00.000+0000,998817.6628123994,139216.4828615835,999999.9999999999
2025-02-23T03:30:00.000+0000,998817.6628123994,139216.4828615835,999999.9999999999
2025-02-23T03:40:00.000+0000,998817.6628123994,139216.4828615835,999999.9999999999
2025-02-23T03:50:00.000+0000,998817.6628123994,139216.4828615835,999999.9999999999
2025-02-23T04:00:00.000+0000,998817.6628123994,139216.4828615835,999999.9999999999
2025-02-23T04:10:00.000+0000,998817.6628123994,139216.4828615835,999999.9999999999
2025-02-23T04:20:00.000+0000,998817.6628123994,139216.4828615835,999999.9999999999
2025-02-23T04:30:00.000+0000,998817.6628123994,139216.4828615835,999999.9999999999
2025-02-23T04:40:00.000+0000,998817.6628123994,139216.4828615835,999999.9999999999
2025-02-23T04:50:00.000+0000,998817.6628123994,139216.4828615835,999999.9999999999
2025-02-23T05:00:00.000+0000,998817.6628123994,139216.4828615835,999999.9999999999
2025-02-23T05:10:00.000+0000,998817.6628123994,139216.4828615835,999999.9999999999
2025-02-23T05:20:00.000+0000,998817.6628123994,139216.4828615835,999999.9999999999
2025-02-23T05:30:00.000+0000,998817.6628123994,139216.4828615835,999999.9999999999
2025-02-23T05:40:00.000+0000,998817.6628123994,139216.4828615835,999999.9999999999
2025-02-23T05:50:00.000+0000,998817.6628123994,139216.4828615835,999999.9999999999
2025-02-23T06:00:00.000+0000,998817.6628123994,139216.4828615835,999999.9999999999
2025-02-23T06:10:00.000+0000,998817.6628123994,139216.4828615835,999999.9999999999
2025-02-23T06:20:00.000+0000,998817.6628123994,139216.4828615835,999999.9999999999
2025-02-23T06:30:00.000+0000,998817.6628123994,139216.4828615835,999999.9999999999
2025-02-23T06:40:00.000+0000,998817.6628123994,139216.4828615835,999999.9999999999
2025-02-23T06:50:00.000+0000,998817.6628123994,139216.4828615835,999999.9999999999
2025-02-23T07:00:00.000+0000,998817.6628123994,139216.4828615835,999999.9999999999
2025-02-23T07:10:00.000+0000,998817.6628123994,139216.4828615835,999999.9999999999
2025-02-23T07:20:00.000+0000,998817.6628123994,139216.4828615835,999999.9999999999
2025-02-23T07:30:00.000+0000,998817.6628123994,139216.4828615835,999999.9999999999
2025-02-23T07:40:00.000+0000,998817.6628123994,139216.4828615835,999999.9999999999
2025-02-23T07:50:00.000+0000,998817.6628123994,139216.4828615835,999999.9999999999
2025-02-23T08:00:00.000+0000,998817.6628123994,139216.4828615835,999999.9999999999
2025-02-23T08:10:00.000+0000,998817.6628123994,139216.4828615835,999999.9999999999
2025-02-23T08:20:00.000+0000,998817.6628123994,139216.4828615835,999999.9999999999
2025-02-23T08:30:00.000+0000,998817.6628123994,139216.4828615835,999999.9999999999
2025-02-23T08:40:00.000+0000,998817.6628123994,139216.4828615835,999999.9999999999
2025-02-23T08:50:00.000+0000,998817.6628123994,139216.4828615835,999999.9999999999
2025-02-23T09:00:00.000+0000,998817.6628123994,139216.4828615835,999999.9999999999
2025-02-23T09:10:00.000+0000,998817.6628123994,139216.4828615835,999999.9999999999
2025-02-23T09:20:00.000+0000,998817.6628123994,139216.4828615835,999999.9999999999
2025-02-23T09:30:00.000+0000,998817.6628123994,139216.4828615835,999999.9999999999
2025-02-23T09:40:00.000+0000,998817.6628123994,139216.4828615835,999999.9999999999
2025-02-23T09:50:00.000+0000,998817.6628123994,139216.4828615835,999999.9999999999
2025-02-23T10:00:00.000+0000,998817.6628123994,139216.4828615835,999999.9999999999
2025-02-23T10:10:00.000+0000,998817.6628123994,139216.4828615835,999999.9999999999
2025-02-23T10:20:00.000+0000,998817.6628123994,139216.4828615835,999999.9999999999
2025-02-23T10:30:00.000+0000,998817.6628123994,139216.4828615835,999999.9999999999
2025-02-23T10:40:00.000+0000,998817.6628123994,139216.4828615835,999999.9999999999
2025-02-23T10:50:00.000+0000,998817.6628123994,139216.4828615835,999999.9999999999
2025-02-23T11:00:00.000+0000,998817.6628123994,139216.4828615835,999999.9999999999
2025-02-23T11:10:00.000+0000,998817.6628123994,139216.4828615835,999999.9999999999
2025-02-23T11:20:00.000+0000,998817.6628123994,139216.4828615835,999999.9999999999
2025-02-23T11:30:00.000+0000,998817.6628123994,139216.4828615835,999999.9999999999
2025-02-23T11:40:00.000+0000,998817.6628123994,139216.4828615835,999999.9999999999
2025-02-23T11:50:00.000+0000,998817.6628123994,139216.4828615835,999999.9999999999
2025-02-23T12:00:00.000+0000,998817.6628123994,139216.4828615835,999999.9999999999
2025-02-23T12:10:00.000+0000,998817.6628123994,139216.4828615835,999999.9999999999
2025-02-23T12:20:00.000+0000,998817.6628123994,139216.4828615835,999999.9999999999
2025-02-23T12:30:00.000+0000,998817.6628123994,139216.4828615835,999999.9999999999
2025-02-23T12:40:00.000+0000,998817.6628123994,139216.4828615835,999999.9999999999
2025-02-23T12:50:00.000+0000,998817.6628123994,139216.4828615835,999999.9999999999
2025-02-23T13:00:00.000+0000,998817.6628123994,139216.4828615835,999999.9999999999
2025-02-23T13:10:00.000+0000,998817.6628123994,139216.4828615835,999999.9999999999
2025-02-23T13:20:00.000+0000,998817.6628123994,139216.4828615835,999999.9999999999
2025-02-23T13:30:00.000+0000,998817.6628123994,139216.4828615835,999999.9999999999
2025-02-23T13:40:00.000+0000,998817.6628123994,139216.4828615835,999999.9999999999
2025-02-23T13:50:00.000+0000,998817.6628123994,139216.4828615835,999999.9999999999
2025-02-23T14:00:00.000+0000,998817.6628123994,139216.4828615835,999999.9999999999
2025-02-23T14:10:00.000+0000,998817.6628123994,139216.4828615835,999999.9999999999
2025-02-23T14:20:00.000+0000,998817.6628123994,139216.4828615835,999999.9999999999
2025-02-23T14:30:00.000+0000,998817.6628123994,139216.4828615835,999999.9999999999
2025-02-23T14:40:00.000+0000,998817.6628123994,139216.4828615835,999999.9999999999
2025-02-23T14:50:00.000+0000,998817.6628123994,139216.4828615835,999999.9999999999
2025-02-23T15:00:00.000+0000,998817.6628123994,139216.4828615835,999999.9999999999
2025-02-23T15:10:00.000+0000,998817.6628123994,139216.4828615835,999999.9999999999
2025-02-23T15:20:00.000+0000,998817.6628123994,139216.4828615835,999999.9999999999
2025-02-23T15:30:00.000+0000,998817.6628123994,139216.4828615835,999999.9999999999
2025-02-23T15:40:00.000+0000,998817.6628123994,139216.4828615835,999999.9999999999
2025-02-23T15:50:00.000+0000,998817.6628123994,139216.4828615835,999999.9999999999
2025-02-23T16:00:00.000+0000,998817.6628123994,139216.4828615835,999999.9999999999
2025-02-23T16:10:00.000+0000,998817.6628123994,139216.4828615835,999999.9999999999
2025-02-23T16:20:00.000+0000,998817.6628123994,139216.4828615835,999999.9999999999
2025-02-23T16:30:00.000+0000,998817.6628123994,139216.4828615835,999999.9999999999
2025-02-23T16:40:00.000+0000,998817.6628123994,139216.4828615835,999999.9999999999
2025-02-23T16:50:00.000+0000,998817.6628123994,139216.4828615835,999999.9999999999
2025-02-23T17:00:00.000+0000,998817.6628123994,139216.4828615835,999999.9999999999
2025-02-23T17:10:00.000+0000,998817.6628123994,139216.4828615835,999999.9999999999
2025-02-23T17:20:00.000+0000,998817.6628123994,139216.4828615835,999999.9999999999
2025-02-23T17:30:00.000+0000,998817.6628123994,139216.4828615835,999999.9999999999
2025-02-23T17:40:00.000+0000,998817.6628123994,139216.4828615835,999999.9999999999
2025-02-23T17:50:00.000+0000,998817.6628123994,139216.4828615835,999999.9999999999
2025-02-23T18:00:00.000+0000,998817.6628123994,139216.4828615835,999999.9999999999
2025-02-23T18:10:00.000+0000,998817.6628123994,139216.4828615835,999999.9999999999
2025-02-23T18:20:00.000+0000,998817.6628123994,139216.4828615835,999999.9999999999
2025-02-23T18:30:00.000+0000,998817.6628123994,139216.4828615835,999999.9999999999
2025-02-23T18:40:00.000+0000,998817.6628123994,139216.4828615835,999999.9999999999
2025-02-23T18:50:00.000+0000,998817.6628123994,139216.4828615835,999999.9999999999
2025-02-23T19:00:00.000+0000,998817.6628123994,139216.4828615835,999999.9999999999
2025-02-23T19:10:00.000+0000,998817.6628123994,139216.4828615835,999999.9999999999
2025-02-23T19:20:00.000+0000,998817.6628123994,139216.4828615835,999999.9999999999
2025-02-23T19:30:00.000+0000,998817.6628123994,139216.4828615835,999999.9999999999
2025-02-23T19:40:00.000+0000,998817.6628123994,139216.4828615835,999999.9999999999
2025-02-23T19:50:00.000+0000,998817.6628123994,139216.4828615835,999999.9999999999
2025-02-23T20:00:00.000+0000,998817.6628123994,139216.4828615835,999999.9999999999
2025-02-23T20:10:00.000+0000,998817.6628123994,139216.4828615835,999999.9999999999
2025-02-23T20:20:00.000+0000,998817.6628123994,139216.4828615835,999999.9999999999
2025-02-23T20:30:00.000+0000,998817.6628123994,139216.4828615835,999999.9999999999
2025-02-23T20:40:00.000+0000,998817.6628123994,139216.4828615835,999999.9999999999
2025-02-23T20:50:00.000+0000,998817.6628123994,139216.4828615835,999999.9999999999
2025-02-23T21:00:00.000+0000,998817.6628123994,139216.4828615835,999999.9999999999
2025-02-23T21:10:00.000+0000,998817.6628123994,139216.4828615835,999999.9999999999
2025-02-23T21:20:00.000+0000,998817.6628123994,139216.4828615835,999999.9999999999
2025-02-23T21:30:00.000+0000,998817.6628123994,139216.4828615835,999999.9999999999
2025-02-23T21:40:00.000+0000,998817.6628123994,139216.4828615835,999999.9999999999
2025-02-23T21:50:00.000+0000,998817.6628123994,139216.4828615835,999999.9999999999
2025-02-23T22:00:00.000+0000,998817.6628123994,139216.4828615835,999999.9999999999
2025-02-23T22:10:00.000+0000,998817.6628123994,139216.4828615835,999999.9999999999
2025-02-23T22:20:00.000+0000,998817.6628123994,139216.4828615835,999999.9999999999
2025-02-23T22:30:00.000+0000,998817.6628123994,139216.4828615835,999999.9999999999
2025-02-23T22:40:00.000+0000,998817.6628123994,139216.4828615835,999999.9999999999
2025-02-23T22:50:00.000+0000,998817.6628123994,139216.4828615835,999999.9999999999
2025-02-23T23:00:00.000+0000,998817.6628123994,139216.4828615835,999999.9999999999
2025-02-23T23:10:00.000+0000,998817.6628123994,139216.4828615835,999999.9999999999
2025-02-23T23:20:00.000+0000,998817.6628123994,139216.4828615835,999999.9999999999
2025-02-23T23:30:00.000+0000,998817.6628123994,139216.4828615835,999999.9999999999
2025-02-23T23:40:00.000+0000,998817.6628123994,139216.4828615835,999999.9999999999
2025-02-23T23:50:00.000+0000,998817.6628123994,139216.4828615835,999999.9999999999
2025-02-24T00:00:00.000+0000,998817.6628123994,139216.4828615835,999999.9999999999
2025-02-24T00:10:00.000+0000,998817.6628123994,139216.4828615835,999999.9999999999
2025-02-24T00:20:00.000+0000,998817.6628123994,139216.4828615835,999999.9999999999
2025-02-24T00:30:00.000+0000,998817.6628123994,139216.4828615835,999999.9999999999
2025-02-24T00:40:00.000+0000,998817.6628123994,139216.4828615835,999999.9999999999
2025-02-24T00:50:00.000+0000,998817.6628123994,139216.4828615835,999999.9999999999
2025-02-24T01:00:00.000+0000,998817.6628123994,139216.4828615835,999999.9999999999
2025-02-24T01:10:00.000+0000,998817.6628123994,139216.4828615835,999999.9999999999
2025-02-24T01:20:00.000+0000,998817.6628123994,139216.4828615835,999999.9999999999
2025-02-24T01:30:00.000+0000,998817.6628123994,139216.4828615835,999999.9999999999
2025-02-24T01:40:00.000+0000,998817.6628123994,139216.4828615835,999999.9999999999
2025-02-24T01:50:00.000+0000,998817.6628123994,139216.4828615835,999999.9999999999
2025-02-24T02:00:00.000+0000,998817.6628123994,139216.4828615835,999999.9999999999
2025-02-24T02:10:00.000+0000,998817.6628123994,139216.4828615835,999999.9999999999
2025-02-24T02:20:00.000+0000,998817.6628123994,139216.4828615835,999999.9999999999
2025-02-24T02:30:00.000+0000,998817.6628123994,139216.4828615835,999999.9999999999
2025-02-24T02:40:00.000+0000,998817.6628123994,139216.4828615835,999999.9999999999
2025-02-24T02:50:00.000+0000,998817.6628123994,139216.4828615835,999999.9999999999
2025-02-24T03:00:00.000+0000,998817.6628123994,139216.4828615835,999999.9999999999
2025-02-24T03:10:00.000+0000,998817.6628123994,139216.4828615835,999999.9999999999
2025-02-24T03:20:00.000+0000,998817.6628123994,139216.4828615835,999999.9999999999
2025-02-24T03:30:00.000+0000,998817.6628123994,139216.4828615835,999999.9999999999
2025-02-24T03:40:00.000+0000,998817.6628123994,139216.4828615835,999999.9999999999
2025-02-24T03:50:00.000+0000,998817.6628123994,139216.4828615835,999999.9999999999
2025-02-24T04:00:00.000+0000,998817.6628123994,139216.4828615835,999999.9999999999
2025-02-24T04:10:00.000+0000,998817.6628123994,139216.4828615835,999999.9999999999
2025-02-24T04:20:00.000+0000,998817.6628123994,139216.4828615835,999999.9999999999
2025-02-24T04:30:00.000+0000,998817.6628123994,139216.4828615835,999999.9999999999
2025-02-24T04:40:00.000+0000,998817.6628123994,139216.4828615835,999999.9999999999
2025-02-24T04:50:00.000+0000,998817.6628123994,139216.4828615835,999999.9999999999
2025-02-24T05:00:00.000+0000,998817.6628123994,139216.4828615835,999999.9999999999
2025-02-24T05:10:00.000+0000,998817.6628123994,139216.4828615835,999999.9999999999
2025-02-24T05:20:00.000+0000,998817.6628123994,139216.4828615835,999999.9999999999
2025-02-24T05:30:00.000+0000,998817.6628123994,139216.4828615835,999999.9999999999
2025-02-24T05:40:00.000+0000,998817.6628123994,139216.4828615835,999999.9999999999
2025-02-24T05:50:00.000+0000,998817.6628123994,139216.4828615835,999999.9999999999
2025-02-24T06:00:00.000+0000,998817.6628123994,139216.4828615835,999999.9999999999
2025-02-24T06:10:00.000+0000,998817.6628123994,139216.4828615835,999999.9999999999
2025-02-24T06:20:00.000+0000,998817.6628123994,139216.4828615835,999999.9999999999
2025-02-24T06:30:00.000+0000,998817.6628123994,139216.4828615835,999999.9999999999
2025-02-24T06:40:00.000+0000,998817.6628123994,139216.4828615835,999999.9999999999
2025-02-24T06:50:00.000+0000,998817.6628123994,139216.4828615835,999999.9999999999
2025-02-24T07:00:00.000+0000,998817.6628123994,139216.4828615835,999999.9999999999
2025-02-24T07:10:00.000+0000,998817.6628123994,139216.4828615835,999999.9999999999
2025-02-24T07:20:00.000+0000,998817.6628123994,139216.4828615835,999999.9999999999
2025-02-24T07:30:00.000+0000,998817.6628123994,139216.4828615835,999999.9999999999
2025-02-24T07:40:00.000+0000,998817.6628123994,139216.4828615835,999999.9999999999
2025-02-24T07:50:00.000+0000,998817.6628123994,139216.4828615835,999999.9999999999
2025-02-24T08:00:00.000+0000,998817.6628123994,139216.4828615835,999999.9999999999
2025-02-24T08:10:00.000+0000,998817.6628123994,139216.4828615835,999999.9999999999
2025-02-24T08:20:00.000+0000,998817.6628123994,139216.4828615835,999999.9999999999
2025-02-24T08:30:00.000+0000,998817.6628123994,139216.4828615835,999999.9999999999
2025-02-24T08:40:00.000+0000,998817.6628123994,139216.4828615835,999999.9999999999
2025-02-24T08:50:00.000+0000,998817.6628123994,139216.4828615835,999999.9999999999
2025-02-24T09:00:00.000+0000,998817.6628123994,139216.4828615835,999999.9999999999
2025-02-24T09:10:00.000+0000,998817.6628123994,139216.4828615835,999999.9999999999
2025-02-24T09:20:00.000+0000,998817.6628123994,139216.4828615835,999999.9999999999
2025-02-24T09:30:00.000+0000,998817.6628123994,139216.4828615835,999999.9999999999
2025-02-24T09:40:00.000+0000,998817.6628123994,139216.4828615835,999999.9999999999
2025-02-24T09:50:00.000+0000,998817.6628123994,139216.4828615835,999999.9999999999
2025-02-24T10:00:00.000+0000,998817.6628123994,139216.4828615835,999999.9999999999
2025-02-24T10:10:00.000+0000,998817.6628123994,139216.4828615835,999999.9999999999
2025-02-24T10:20:00.000+0000,998817.6628123994,139216.4828615835,999999.9999999999
2025-02-24T10:30:00.000+0000,998817.6628123994,139216.4828615835,999999.9999999999
2025-02-24T10:40:00.000+0000,998817.6628123994,139216.4828615835,999999.9999999999
2025-02-24T10:50:00.000+0000,998817.6628123994,139216.4828615835,999999.9999999999
2025-02-24T11:00:00.000+0000,998817.6628123994,139216.4828615835,999999.9999999999
2025-02-24T11:10:00.000+0000,998817.6628123994,139216.4828615835,999999.9999999999
2025-02-24T11:20:00.000+0000,998817.6628123994,139216.4828615835,999999.9999999999
2025-02-24T11:30:00.000+0000,998817.6628123994,139216.4828615835,999999.9999999999
2025-02-24T11:40:00.000+0000,998817.6628123994,139216.4828615835,999999.9999999999
2025-02-24T11:50:00.000+0000,998817.6628123994,139216.4828615835,999999.9999999999
2025-02-24T12:00:00.000+0000,998817.6628123994,139216.4828615835,999999.9999999999
2025-02-24T12:10:00.000+0000,998817.6628123994,139216.4828615835,999999.9999999999
2025-02-24T12:20:00.000+0000,998817.6628123994,139216.4828615835,999999.9999999999
2025-02-24T12:30:00.000+0000,998817.6628123994,139216.4828615835,999999.9999999999
2025-02-24T12:40:00.000+0000,998817.6628123994,139216.4828615835,999999.9999999999
2025-02-24T12:50:00.000+0000,998817.6628123994,139216.4828615835,999999.9999999999
2025-02-24T13:00:00.000+0000,998817.6628123994,139216.4828615835,999999.9999999999
2025-02-24T13:10:00.000+0000,998817.6628123994,139216.4828615835,999999.9999999999
2025-02-24T13:20:00.000+0000,998817.6628123994,139216.4828615835,999999.9999999999
2025-02-24T13:30:00.000+0000,998817.6628123994,139216.4828615835,999999.9999999999
2025-02-24T13:40:00.000+0000,998817.6628123994,139216.4828615835,999999.9999999999
2025-02-24T13:50:00.000+0000,998817.6628123994,139216.4828615835,999999.9999999999
2025-02-24T14:00:00.000+0000,998817.6628123994,139216.4828615835,999999.9999999999
2025-02-24T14:10:00.000+0000,998817.6628123994,139216.4828615835,999999.9999999999
2025-02-24T14:20:00.000+0000,998817.6628123994,139216.4828615835,999999.9999999999
2025-02-24T14:30:00.000+0000,998817.6628123994,139216.4828615835,999999.9999999999
2025-02-24T14:40:00.000+0000,998817.6628123994,139216.4828615835,999999.9999999999
2025-02-24T14:50:00.000+0000,998817.6628123994,139216.4828615835,999999.9999999999
2025-02-24T15:00:00.000+0000,998817.6628123994,139216.4828615835,999999.9999999999
2025-02-24T15:10:00.000+0000,998817.6628123994,139216.4828615835,999999.9999999999
2025-02-24T15:20:00.000+0000,998817.6628123994,139216.4828615835,999999.9999999999
2025-02-24T15:30:00.000+0000,998817.6628123994,139216.4828615835,999999.9999999999
2025-02-24T15:40:00.000+0000,998817.6628123994,139216.4828615835,999999.9999999999
2025-02-24T15:50:00.000+0000,998817.6628123994,139216.4828615835,999999.9999999999
2025-02-24T16:00:00.000+0000,998817.6628123994,139216.4828615835,999999.9999999999
2025-02-24T16:10:00.000+0000,998817.6628123994,139216.4828615835,999999.9999999999
2025-02-24T16:20:00.000+0000,998817.6628123994,139216.4828615835,999999.9999999999
2025-02-24T16:30:00.000+0000,998817.6628123994,139216.4828615835,999999.9999999999
2025-02-24T16:40:00.000+0000,998817.6628123994,139216.4828615835,999999.9999999999
2025-02-24T16:50:00.000+0000,998817.6628123994,139216.4828615835,999999.9999999999
2025-02-24T17:00:00.000+0000,998817.6628123994,139216.4828615835,999999.9999999999
2025-02-24T17:10:00.000+0000,998817.6628123994,139216.4828615835,999999.9999999999
2025-02-24T17:20:00.000+0000,998817.6628123994,139216.4828615835,999999.9999999999
2025-02-24T17:30:00.000+0000,998817.6628123994,139216.4828615835,999999.9999999999
2025-02-24T17:40:00.000+0000,998817.6628123994,139216.4828615835,999999.9999999999
2025-02-24T17:50:00.000+0000,998817.6628123994,139216.4828615835,999999.9999999999
2025-02-24T18:00:00.000+0000,998817.6628123994,139216.4828615835,999999.9999999999
2025-02-24T18:10:00.000+0000,998817.6628123994,139216.4828615835,999999.9999999999
2025-02-24T18:20:00.000+0000,998817.6628123994,139216.4828615835,999999.9999999999
2025-02-24T18:30:00.000+0000,998817.6628123994,139216.4828615835,999999.9999999999
2025-02-24T18:40:00.000+0000,998817.6628123994,139216.4828615835,999999.9999999999
2025-02-24T18:50:00.000+0000,998817.6628123994,139216.4828615835,999999.9999999999
2025-02-24T19:00:00.000+0000,998817.6628123994,139216.4828615835,999999.9999999999
2025-02-24T19:10:00.000+0000,998817.6628123994,139216.4828615835,999999.9999999999
2025-02-24T19:20:00.000+0000,998817.6628123994,139216.4828615835,999999.9999999999
2025-02-24T19:30:00.000+0000,998817.6628123994,139216.4828615835,999999.9999999999
2025-02-24T19:40:00.000+0000,998817.6628123994,139216.4828615835,999999.9999999999
2025-02-24T19:50:00.000+0000,998817.6628123994,139216.4828615835,999999.9999999999
2025-02-24T20:00:00.000+0000,998817.6628123994,139216.4828615835,999999.9999999999
2025-02-24T20:10:00.000+0000,998817.6628123994,139216.4828615835,999999.9999999999
2025-02-24T20:20:00.000+0000,998817.6628123994,139216.4828615835,999999.9999999999
2025-02-24T20:30:00.000+0000,998817.6628123994,139216.4828615835,999999.9999999999
2025-02-24T20:40:00.000+0000,998817.6628123994,139216.4828615835,999999.9999999999
2025-02-24T20:50:00.000+0000,998817.6628123994,139216.4828615835,999999.9999999999
2025-02-24T21:00:00.000+0000,998817.6628123994,139216.4828615835,999999.9999999999
2025-02-24T21:10:00.000+0000,998817.6628123994,139216.4828615835,999999.9999999999
2025-02-24T21:20:00.000+0000,998817.6628123994,139216.4828615835,999999.9999999999
2025-02-24T21:30:00.000+0000,998817.6628123994,139216.4828615835,999999.9999999999
2025-02-24T21:40:00.000+0000,998817.6628123994,139216.4828615835,999999.9999999999
2025-02-24T21:50:00.000+0000,998817.6628123994,139216.4828615835,999999.9999999999
2025-02-24T22:00:00.000+0000,998817.6628123994,139216.4828615835,999999.9999999999
2025-02-24T22:10:00.000+0000,998817.6628123994,139216.4828615835,999999.9999999999
2025-02-24T22:20:00.000+0000,998817.6628123994,139216.4828615835,999999.9999999999
2025-02-24T22:30:00.000+0000,998817.6628123994,139216.4828615835,999999.9999999999
2025-02-24T22:40:00.000+0000,998817.6628123994,139216.4828615835,999999.9999999999
2025-02-24T22:50:00.000+0000,998817.6628123994,139216.4828615835,999999.9999999999
2025-02-24T23:00:00.000+0000,998817.6628123994,139216.4828615835,999999.9999999999
2025-02-24T23:10:00.000+0000,998817.6628123994,139216.4828615835,999999.9999999999
2025-02-24T23:20:00.000+0000,998817.6628123994,139216.4828615835,999999.9999999999
2025-02-24T23:30:00.000+0000,998817.6628123994,139216.4828615835,999999.9999999999
2025-02-24T23:40:00.000+0000,998817.6628123994,139216.4828615835,999999.9999999999
2025-02-24T23:50:00.000+0000,998817.6628123994,139216.4828615835,999999.9999999999
2025-02-25T00:00:00.000+0000,998817.6628123994,139216.4828615835,999999.9999999999
2025-02-25T00:10:00.000+0000,998817.6628123994,139216.4828615835,999999.9999999999
2025-02-25T00:20:00.000+0000,998817.6628123994,139216.4828615835,999999.9999999999
2025-02-25T00:30:00.000+0000,998817.6628123994,139216.4828615835,999999.9999999999
2025-02-25T00:40:00.000+0000,998817.6628123994,139216.4828615835,999999.9999999999
2025-02-25T00:50:00.000+0000,998817.6628123994,139216.4828615835,999999.9999999999
2025-02-25T01:00:00.000+0000,998817.6628123994,139216.4828615835,999999.9999999999
2025-02-25T01:10:00.000+0000,998817.6628123994,139216.4828615835,999999.9999999999
2025-02-25T01:20:00.000+0000,998817.6628123994,139216.4828615835,999999.9999999999
2025-02-25T01:30:00.000+0000,998817.6628123994,139216.4828615835,999999.9999999999
2025-02-25T01:40:00.000+0000,998817.6628123994,139216.4828615835,999999.9999999999
2025-02-25T01:50:00.000+0000,998817.6628123994,139216.4828615835,999999.9999999999
2025-02-25T02:00:00.000+0000,998817.6628123994,139216.4828615835,999999.9999999999
2025-02-25T02:10:00.000+0000,998817.6628123994,139216.4828615835,999999.9999999999
2025-02-25T02:20:00.000+0000,998817.6628123994,139216.4828615835,999999.9999999999
2025-02-25T02:30:00.000+0000,998817.6628123994,139216.4828615835,999999.9999999999
2025-02-25T02:40:00.000+0000,998817.6628123994,139216.4828615835,999999.9999999999
2025-02-25T02:50:00.000+0000,998817.6628123994,139216.4828615835,999999.9999999999
2025-02-25T03:00:00.000+0000,998817.6628123994,139216.4828615835,999999.9999999999
2025-02-25T03:10:00.000+0000,998817.6628123994,139216.4828615835,999999.9999999999
2025-02-25T03:20:00.000+0000,998817.6628123994,139216.4828615835,999999.9999999999
2025-02-25T03:30:00.000+0000,998817.6628123994,139216.4828615835,999999.9999999999
2025-02-25T03:40:00.000+0000,998817.6628123994,139216.4828615835,999999.9999999999
2025-02-25T03:50:00.000+0000,998817.6628123994,139216.4828615835,999999.9999999999
2025-02-25T04:00:00.000+0000,998817.6628123994,139216.4828615835,999999.9999999999
2025-02-25T04:10:00.000+0000,998817.6628123994,139216.4828615835,999999.9999999999
2025-02-25T04:20:00.000+0000,998817.6628123994,139216.4828615835,999999.9999999999
2025-02-25T04:30:00.000+0000,998817.6628123994,139216.4828615835,999999.9999999999
2025-02-25T04:40:00.000+0000,998817.6628123994,139216.4828615835,999999.9999999999
2025-02-25T04:50:00.000+0000,998817.6628123994,139216.4828615835,999999.9999999999
2025-02-25T05:00:00.000+0000,998817.6628123994,139216.4828615835,999999.9999999999
2025-02-25T05:10:00.000+0000,998817.6628123994,139216.4828615835,999999.9999999999
2025-02-25T05:20:00.000+0000,998817.6628123994,139216.4828615835,999999.9999999999
2025-02-25T05:30:00.000+0000,998817.6628123994,139216.4828615835,999999.9999999999
2025-02-25T05:40:00.000+0000,998817.6628123994,139216.4828615835,999999.9999999999
2025-02-25T05:50:00.000+0000,998817.6628123994,139216.4828615835,999999.9999999999
2025-02-25T06:00:00.000+0000,998817.6628123994,139216.4828615835,999999.9999999999
2025-02-25T06:10:00.000+0000,998817.6628123994,139216.4828615835,999999.9999999999
2025-02-25T06:20:00.000+0000,998817.6628123994,139216.4828615835,999999.9999999999
2025-02-25T06:30:00.000+0000,998817.6628123994,139216.4828615835,999999.9999999999
2025-02-25T06:40:00.000+0000,998817.6628123994,139216.4828615835,999999.9999999999
2025-02-25T06:50:00.000+0000,998817.6628123994,139216.4828615835,999999.9999999999
2025-02-25T07:00:00.000+0000,998817.6628123994,139216.4828615835,999999.9999999999
2025-02-25T07:10:00.000+0000,998817.6628123994,139216.4828615835,999999.9999999999
2025-02-25T07:20:00.000+0000,998817.6628123994,139216.4828615835,999999.9999999999
2025-02-25T07:30:00.000+0000,998817.6628123994,139216.4828615835,999999.9999999999
2025-02-25T07:40:00.000+0000,998817.6628123994,139216.4828615835,999999.9999999999
2025-02-25T07:50:00.000+0000,998817.6628123994,139216.4828615835,999999.9999999999
2025-02-25T08:00:00.000+0000,998817.6628123994,139216.4828615835,999999.9999999999
2025-02-25T08:10:00.000+0000,998817.6628123997,494509.5120686237,999999.9999999999
2025-02-25T08:20:00.000+0000,998817.6628123997,494509.5120686237,999999.9999999999
2025-02-25T08:30:00.000+0000,998817.6628123997,494509.5120686237,999999.9999999999
2025-02-25T08:40:00.000+0000,998817.6628123997,494509.5120686237,999999.9999999999
2025-02-25T08:50:00.000+0000,998817.6628123997,494509.5120686237,999999.9999999999
2025-02-25T09:00:00.000+0000,998817.6628123997,494509.5120686237,999999.9999999999
2025-02-25T09:10:00.000+0000,998817.6628123997,494509.5120686237,999999.9999999999
2025-02-25T09:20:00.000+0000,998817.6628123997,494509.5120686237,999999.9999999999
2025-02-25T09:30:00.000+0000,998817.6628123997,494509.5120686237,999999.9999999999
2025-02-25T09:40:00.000+0000,998817.6628123997,494509.5120686237,999999.9999999999
2025-02-25T09:50:00.000+0000,998817.6628123997,494509.5120686237,999999.9999999999
2025-02-25T10:00:00.000+0000,998817.6628123997,494509.5120686237,999999.9999999999
2025-02-25T10:10:00.000+0000,998817.6628123997,494509.5120686237,999999.9999999999
2025-02-25T10:20:00.000+0000,998817.6628123997,494509.5120686237,999999.9999999999
2025-02-25T10:30:00.000+0000,998817.6628123997,494509.5120686237,999999.9999999999
2025-02-25T10:40:00.000+0000,998817.6628123997,494509.5120686237,999999.9999999999
2025-02-25T10:50:00.000+0000,998817.6628123997,494509.5120686237,999999.9999999999
2025-02-25T11:00:00.000+0000,998817.6628123997,494509.5120686237,999999.9999999999
2025-02-25T11:10:00.000+0000,998817.6628123997,494509.5120686237,999999.9999999999
2025-02-25T11:20:00.000+0000,998817.6628123997,494509.5120686237,999999.9999999999
2025-02-25T11:30:00.000+0000,998817.6628123997,494509.5120686237,999999.9999999999
2025-02-25T11:40:00.000+0000,998817.6628123997,494509.5120686237,999999.9999999999
2025-02-25T11:50:00.000+0000,998817.6628123997,494509.5120686237,999999.9999999999
2025-02-25T12:00:00.000+0000,998817.6628123997,494509.5120686237,999999.9999999999
2025-02-25T12:10:00.000+0000,998817.6628123997,494509.5120686237,999999.9999999999
2025-02-25T12:20:00.000+0000,998817.6628123997,494509.5120686237,999999.9999999999
2025-02-25T12:30:00.000+0000,998817.6628123997,494509.5120686237,999999.9999999999
2025-02-25T12:40:00.000+0000,998817.6628123997,494509.5120686237,999999.9999999999
2025-02-25T12:50:00.000+0000,998817.6628123997,494509.5120686237,999999.9999999999
2025-02-25T13:00:00.000+0000,998817.6628123997,494509.5120686237,999999.9999999999
2025-02-25T13:10:00.000+0000,998817.6628123997,494509.5120686237,999999.9999999999
2025-02-25T13:20:00.000+0000,998817.6628123997,494509.5120686237,999999.9999999999
2025-02-25T13:30:00.000+0000,998817.6628123997,494509.5120686237,999999.9999999999
2025-02-25T13:40:00.000+0000,998817.6628123997,494509.5120686237,999999.9999999999
2025-02-25T13:50:00.000+0000,998817.6628123997,494509.5120686237,999999.9999999999
2025-02-25T14:00:00.000+0000,998817.6628123997,494509.5120686237,999999.9999999999
2025-02-25T14:10:00.000+0000,998817.6628123997,494509.5120686237,999999.9999999999
2025-02-25T14:20:00.000+0000,998817.6628123997,494509.5120686237,999999.9999999999
2025-02-25T14:30:00.000+0000,998817.6628123997,494509.5120686237,999999.9999999999
2025-02-25T14:40:00.000+0000,998817.6628123997,494509.5120686237,999999.9999999999
2025-02-25T14:50:00.000+0000,998817.6628123997,494509.5120686237,999999.9999999999
2025-02-25T15:00:00.000+0000,998817.6628123997,494509.5120686237,999999.9999999999
2025-02-25T15:10:00.000+0000,998817.6628123997,494509.5120686237,999999.9999999999
2025-02-25T15:20:00.000+0000,998817.6628123997,494509.5120686237,999999.9999999999
2025-02-25T15:30:00.000+0000,998817.6628123997,494509.5120686237,999999.9999999999
2025-02-25T15:40:00.000+0000,998817.6628123997,494509.5120686237,999999.9999999999
2025-02-25T15:50:00.000+0000,998817.6628123997,494509.5120686237,999999.9999999999
2025-02-25T16:00:00.000+0000,998817.6628123997,494509.5120686237,999999.9999999999
2025-02-25T16:10:00.000+0000,998817.6628123997,494509.5120686237,999999.9999999999
2025-02-25T16:20:00.000+0000,998817.6628123997,494509.5120686237,999999.9999999999
2025-02-25T16:30:00.000+0000,998817.6628123997,494509.5120686237,999999.9999999999
2025-02-25T16:40:00.000+0000,998817.6628123997,494509.5120686237,999999.9999999999
2025-02-25T16:50:00.000+0000,998817.6628123997,494509.5120686237,999999.9999999999
2025-02-25T17:00:00.000+0000,998817.6628123997,494509.5120686237,999999.9999999999
2025-02-25T17:10:00.000+0000,998817.6628123997,494509.5120686237,999999.9999999999
2025-02-25T17:20:00.000+0000,998817.6628123997,494509.5120686237,999999.9999999999
2025-02-25T17:30:00.000+0000,998817.6628123997,494509.5120686237,999999.9999999999
2025-02-25T17:40:00.000+0000,998817.6628123997,494509.5120686237,999999.9999999999
2025-02-25T17:50:00.000+0000,998817.6628123997,494509.5120686237,999999.9999999999
2025-02-25T18:00:00.000+0000,998817.6628123997,494509.5120686237,999999.9999999999
2025-02-25T18:10:00.000+0000,998817.6628123997,494509.5120686237,999999.9999999999
2025-02-25T18:20:00.000+0000,998817.6628123997,494509.5120686237,999999.9999999999
2025-02-25T18:30:00.000+0000,998817.6628123997,494509.5120686237,999999.9999999999
2025-02-25T18:40:00.000+0000,998817.6628123997,494509.5120686237,999999.9999999999
2025-02-25T18:50:00.000+0000,998817.6628123997,494509.5120686237,999999.9999999999
2025-02-25T19:00:00.000+0000,998817.6628123997,494509.5120686237,999999.9999999999
2025-02-25T19:10:00.000+0000,998817.6628123997,494509.5120686237,999999.9999999999
2025-02-25T19:20:00.000+0000,998817.6628123997,494509.5120686237,999999.9999999999
2025-02-25T19:30:00.000+0000,998817.6628123997,494509.5120686237,999999.9999999999
2025-02-25T19:40:00.000+0000,998817.6628123997,494509.5120686237,999999.9999999999
2025-02-25T19:50:00.000+0000,998817.6628123997,494509.5120686237,999999.9999999999
2025-02-25T20:00:00.000+0000,998817.6628123997,494509.5120686237,999999.9999999999
2025-02-25T20:10:00.000+0000,998817.6628123997,494509.5120686237,999999.9999999999
2025-02-25T20:20:00.000+0000,998817.6628123997,494509.5120686237,999999.9999999999
2025-02-25T20:30:00.000+0000,998817.6628123997,494509.5120686237,999999.9999999999
2025-02-25T20:40:00.000+0000,998817.6628123997,494509.5120686237,999999.9999999999
2025-02-25T20:50:00.000+0000,998817.6628123997,494509.5120686237,999999.9999999999
2025-02-25T21:00:00.000+0000,998817.6628123997,494509.5120686237,999999.9999999999
2025-02-25T21:10:00.000+0000,998817.6628123997,494509.5120686237,999999.9999999999
2025-02-25T21:20:00.000+0000,998817.6628123997,494509.5120686237,999999.9999999999
2025-02-25T21:30:00.000+0000,998817.6628123997,494509.5120686237,999999.9999999999
2025-02-25T21:40:00.000+0000,998817.6628123997,494509.5120686237,999999.9999999999
2025-02-25T21:50:00.000+0000,998817.6628123997,494509.5120686237,999999.9999999999
2025-02-25T22:00:00.000+0000,998817.6628123997,494509.5120686237,999999.9999999999
2025-02-25T22:10:00.000+0000,998817.6628123997,494509.5120686237,999999.9999999999
2025-02-25T22:20:00.000+0000,998817.6628123997,494509.5120686237,999999.9999999999
2025-02-25T22:30:00.000+0000,998817.6628123997,494509.5120686237,999999.9999999999
2025-02-25T22:40:00.000+0000,998817.6628123997,494509.5120686237,999999.9999999999
2025-02-25T22:50:00.000+0000,998817.6628123997,494509.5120686237,999999.9999999999
2025-02-25T23:00:00.000+0000,998817.6628123997,494509.5120686237,999999.9999999999
2025-02-25T23:10:00.000+0000,998817.6628123997,494509.5120686237,999999.9999999999
2025-02-25T23:20:00.000+0000,998817.6628123997,494509.5120686237,999999.9999999999
2025-02-25T23:30:00.000+0000,998817.6628123997,494509.5120686237,999999.9999999999
2025-02-25T23:40:00.000+0000,998817.6628123997,494509.5120686237,999999.9999999999
2025-02-25T23:50:00.000+0000,998817.6628123997,494509.5120686237,999999.9999999999
2025-02-26T00:00:00.000+0000,998817.6628123997,494509.5120686237,999999.9999999999
2025-02-26T00:10:00.000+0000,998817.6628123997,494509.5120686237,999999.9999999999
2025-02-26T00:20:00.000+0000,998817.6628123997,494509.5120686237,999999.9999999999
2025-02-26T00:30:00.000+0000,998817.6628123997,494509.5120686237,999999.9999999999
2025-02-26T00:40:00.000+0000,998817.6628123997,494509.5120686237,999999.9999999999
2025-02-26T00:50:00.000+0000,998817.6628123997,494509.5120686237,999999.9999999999
2025-02-26T01:00:00.000+0000,998817.6628123997,494509.5120686237,999999.9999999999
2025-02-26T01:10:00.000+0000,998817.6628123997,494509.5120686237,999999.9999999999
2025-02-26T01:20:00.000+0000,998817.6628123997,494509.5120686237,999999.9999999999
2025-02-26T01:30:00.000+0000,998817.6628123997,494509.5120686237,999999.9999999999
2025-02-26T01:40:00.000+0000,998817.6628123997,494509.5120686237,999999.9999999999
2025-02-26T01:50:00.000+0000,998817.6628123997,494509.5120686237,999999.9999999999
2025-02-26T02:00:00.000+0000,998817.6628123997,494509.5120686237,999999.9999999999
2025-02-26T02:10:00.000+0000,998817.6628123997,494509.5120686237,999999.9999999999
2025-02-26T02:20:00.000+0000,998817.6628123997,494509.5120686237,999999.9999999999
2025-02-26T02:30:00.000+0000,998817.6628123997,494509.5120686237,999999.9999999999
2025-02-26T02:40:00.000+0000,998817.6628123997,494509.5120686237,999999.9999999999
2025-02-26T02:50:00.000+0000,998817.6628123997,494509.5120686237,999999.9999999999
2025-02-26T03:00:00.000+0000,998817.6628123997,494509.5120686237,999999.9999999999
2025-02-26T03:10:00.000+0000,998817.6628123997,494509.5120686237,999999.9999999999
2025-02-26T03:20:00.000+0000,998817.6628123997,494509.5120686237,999999.9999999999
2025-02-26T03:30:00.000+0000,998817.6628123997,494509.5120686237,999999.9999999999
2025-02-26T03:40:00.000+0000,998817.6628123997,494509.5120686237,999999.9999999999
2025-02-26T03:50:00.000+0000,998817.6628123997,494509.5120686237,999999.9999999999
2025-02-26T04:00:00.000+0000,998817.6628123997,494509.5120686237,999999.9999999999
2025-02-26T04:10:00.000+0000,998817.6628123997,494509.5120686237,999999.9999999999
2025-02-26T04:20:00.000+0000,998817.6628123997,494509.5120686237,999999.9999999999
2025-02-26T04:30:00.000+0000,998817.6628123997,494509.5120686237,999999.9999999999
2025-02-26T04:40:00.000+0000,998817.6628123997,494509.5120686237,999999.9999999999
2025-02-26T04:50:00.000+0000,998817.6628123997,494509.5120686237,999999.9999999999
2025-02-26T05:00:00.000+0000,998817.6628123997,494509.5120686237,999999.9999999999
2025-02-26T05:10:00.000+0000,998817.6628123997,494509.5120686237,999999.9999999999
2025-02-26T05:20:00.000+0000,998817.6628123997,494509.5120686237,999999.9999999999
2025-02-26T05:30:00.000+0000,998817.6628123997,494509.5120686237,999999.9999999999
2025-02-26T05:40:00.000+0000,998817.6628123997,494509.5120686237,999999.9999999999
2025-02-26T05:50:00.000+0000,998817.6628123997,494509.5120686237,999999.9999999999
2025-02-26T06:00:00.000+0000,998817.6628123997,494509.5120686237,999999.9999999999
2025-02-26T06:10:00.000+0000,998817.6628123997,494509.5120686237,999999.9999999999
2025-02-26T06:20:00.000+0000,998817.6628123997,494509.5120686237,999999.9999999999
2025-02-26T06:30:00.000+0000,998817.6628123997,494509.5120686237,999999.9999999999
2025-02-26T06:40:00.000+0000,998817.6628123997,494509.5120686237,999999.9999999999
2025-02-26T06:50:00.000+0000,998817.6628123997,494509.5120686237,999999.9999999999
2025-02-26T07:00:00.000+0000,998817.6628123997,494509.5120686237,999999.9999999999
2025-02-26T07:10:00.000+0000,998817.6628123997,494509.5120686237,999999.9999999999
2025-02-26T07:20:00.000+0000,998817.6628123997,494509.5120686237,999999.9999999999
2025-02-26T07:30:00.000+0000,998817.6628123997,494509.5120686237,999999.9999999999
2025-02-26T07:40:00.000+0000,998817.6628123997,494509.5120686237,999999.9999999999
2025-02-26T07:50:00.000+0000,998817.6628123997,494509.5120686237,999999.9999999999
2025-02-26T08:00:00.000+0000,998817.6628123997,494509.5120686237,999999.9999999999
2025-02-26T08:10:00.000+0000,998817.6628123997,494509.5120686237,999999.9999999999
2025-02-26T08:20:00.000+0000,998817.6628123997,494509.5120686237,999999.9999999999
2025-02-26T08:30:00.000+0000,998817.6628123997,494509.5120686237,999999.9999999999
2025-02-26T08:40:00.000+0000,998817.6628123997,494509.5120686237,999999.9999999999
2025-02-26T08:50:00.000+0000,998817.6628123997,494509.5120686237,999999.9999999999
2025-02-26T09:00:00.000+0000,998817.6628123997,494509.5120686237,999999.9999999999
2025-02-26T09:10:00.000+0000,998817.6628123997,494509.5120686237,999999.9999999999
2025-02-26T09:20:00.000+0000,998817.6628123997,494509.5120686237,999999.9999999999
2025-02-26T09:30:00.000+0000,998817.6628123997,494509.5120686237,999999.9999999999
2025-02-26T09:40:00.000+0000,998817.6628123997,494509.5120686237,999999.9999999999
2025-02-26T09:50:00.000+0000,998817.6628123997,494509.5120686237,999999.9999999999
2025-02-26T10:00:00.000+0000,998817.6628123997,494509.5120686237,999999.9999999999
2025-02-26T10:10:00.000+0000,998817.6628123997,494509.5120686237,999999.9999999999
2025-02-26T10:20:00.000+0000,998817.6628123997,494509.5120686237,999999.9999999999
2025-02-26T10:30:00.000+0000,998817.6628123997,494509.5120686237,999999.9999999999
2025-02-26T10:40:00.000+0000,998817.6628123997,494509.5120686237,999999.9999999999
2025-02-26T10:50:00.000+0000,998817.6628123997,494509.5120686237,999999.9999999999
2025-02-26T11:00:00.000+0000,998817.6628123997,494509.5120686237,999999.9999999999
2025-02-26T11:10:00.000+0000,998817.6628123997,494509.5120686237,999999.9999999999
2025-02-26T11:20:00.000+0000,998817.6628123997,494509.5120686237,999999.9999999999
2025-02-26T11:30:00.000+0000,998817.6628123997,494509.5120686237,999999.9999999999
2025-02-26T11:40:00.000+0000,998817.6628123997,494509.5120686237,999999.9999999999
2025-02-26T11:50:00.000+0000,998817.6628123997,494509.5120686237,999999.9999999999
2025-02-26T12:00:00.000+0000,998817.6628123997,494509.5120686237,999999.9999999999
2025-02-26T12:10:00.000+0000,998817.6628123997,494509.5120686237,999999.9999999999
2025-02-26T12:20:00.000+0000,998817.6628123997,494509.5120686237,999999.9999999999
2025-02-26T12:30:00.000+0000,998817.6628123997,494509.5120686237,999999.9999999999
2025-02-26T12:40:00.000+0000,998817.6628123997,494509.5120686237,999999.9999999999
2025-02-26T12:50:00.000+0000,998817.6628123997,494509.5120686237,999999.9999999999
2025-02-26T13:00:00.000+0000,998817.6628123997,494509.5120686237,999999.9999999999
2025-02-26T13:10:00.000+0000,998817.6628123997,494509.5120686237,999999.9999999999
2025-02-26T13:20:00.000+0000,998817.6628123997,494509.5120686237,999999.9999999999
2025-02-26T13:30:00.000+0000,998817.6628123997,494509.5120686237,999999.9999999999
2025-02-26T13:40:00.000+0000,998817.6628123997,494509.5120686237,999999.9999999999
2025-02-26T13:50:00.000+0000,998817.6628123997,494509.5120686237,999999.9999999999
2025-02-26T14:00:00.000+0000,998817.6628123997,494509.5120686237,999999.9999999999
2025-02-26T14:10:00.000+0000,998817.6628123997,494509.5120686237,999999.9999999999
2025-02-26T14:20:00.000+0000,998817.6628123997,494509.5120686237,999999.9999999999
2025-02-26T14:30:00.000+0000,998817.6628123997,494509.5120686237,999999.9999999999
2025-02-26T14:40:00.000+0000,998817.6628123997,494509.5120686237,999999.9999999999
2025-02-26T14:50:00.000+0000,998817.6628123997,494509.5120686237,999999.9999999999
2025-02-26T15:00:00.000+0000,998817.6628123997,494509.5120686237,999999.9999999999
2025-02-26T15:10:00.000+0000,998817.6628123997,494509.5120686237,999999.9999999999
2025-02-26T15:20:00.000+0000,998817.6628123997,494509.5120686237,999999.9999999999
2025-02-26T15:30:00.000+0000,998817.6628123997,494509.5120686237,999999.9999999999
2025-02-26T15:40:00.000+0000,998817.6628123997,494509.5120686237,999999.9999999999
2025-02-26T15:50:00.000+0000,998817.6628123997,494509.5120686237,999999.9999999999
2025-02-26T16:00:00.000+0000,998817.6628123997,494509.5120686237,999999.9999999999
2025-02-26T16:10:00.000+0000,998817.6628123997,494509.5120686237,999999.9999999999
2025-02-26T16:20:00.000+0000,998817.6628123997,494509.5120686237,999999.9999999999
2025-02-26T16:30:00.000+0000,998817.6628123997,494509.5120686237,999999.9999999999
2025-02-26T16:40:00.000+0000,998817.6628123997,494509.5120686237,999999.9999999999
2025-02-26T16:50:00.000+0000,998817.6628123997,494509.5120686237,999999.9999999999
2025-02-26T17:00:00.000+0000,998817.6628123997,494509.5120686237,999999.9999999999
2025-02-26T17:10:00.000+0000,998817.6628123997,494509.5120686237,999999.9999999999
2025-02-26T17:20:00.000+0000,998817.6628123997,494509.5120686237,999999.9999999999
2025-02-26T17:30:00.000+0000,998817.6628123997,494509.5120686237,999999.9999999999
2025-02-26T17:40:00.000+0000,998817.6628123997,494509.5120686237,999999.9999999999
2025-02-26T17:50:00.000+0000,998817.6628123997,494509.5120686237,999999.9999999999
2025-02-26T18:00:00.000+0000,998817.6628123997,494509.5120686237,999999.9999999999
2025-02-26T18:10:00.000+0000,998817.6628123997,494509.5120686237,999999.9999999999
2025-02-26T18:20:00.000+0000,998817.6628123997,494509.5120686237,999999.9999999999
2025-02-26T18:30:00.000+0000,998817.6628123997,494509.5120686237,999999.9999999999
2025-02-26T18:40:00.000+0000,998817.6628123997,494509.5120686237,999999.9999999999
2025-02-26T18:50:00.000+0000,998817.6628123997,494509.5120686237,999999.9999999999
2025-02-26T19:00:00.000+0000,998817.6628123997,494509.5120686237,999999.9999999999
2025-02-26T19:10:00.000+0000,998817.6628123997,494509.5120686237,999999.9999999999
2025-02-26T19:20:00.000+0000,998817.6628123997,494509.5120686237,999999.9999999999
2025-02-26T19:30:00.000+0000,998817.6628123997,494509.5120686237,999999.9999999999
2025-02-26T19:40:00.000+0000,998817.6628123997,494509.5120686237,999999.9999999999
2025-02-26T19:50:00.000+0000,998817.6628123997,494509.5120686237,999999.9999999999
2025-02-26T20:00:00.000+0000,998817.6628123997,494509.5120686237,999999.9999999999
2025-02-26T20:10:00.000+0000,998817.6628123997,494509.5120686237,999999.9999999999
2025-02-26T20:20:00.000+0000,998817.6628123997,494509.5120686237,999999.9999999999
2025-02-26T20:30:00.000+0000,998817.6628123997,494509.5120686237,999999.9999999999
2025-02-26T20:40:00.000+0000,998817.6628123997,494509.5120686237,999999.9999999999
2025-02-26T20:50:00.000+0000,998817.6628123997,494509.5120686237,999999.9999999999
2025-02-26T21:00:00.000+0000,998817.6628123997,494509.5120686237,999999.9999999999
2025-02-26T21:10:00.000+0000,998817.6628123997,494509.5120686237,999999.9999999999
2025-02-26T21:20:00.000+0000,998817.6628123997,494509.5120686237,999999.9999999999
2025-02-26T21:30:00.000+0000,998817.6628123997,494509.5120686237,999999.9999999999
2025-02-26T21:40:00.000+0000,998817.6628123997,494509.5120686237,999999.9999999999
2025-02-26T21:50:00.000+0000,998817.6628123997,494509.5120686237,999999.9999999999
2025-02-26T22:00:00.000+0000,998817.6628123997,494509.5120686237,999999.9999999999
2025-02-26T22:10:00.000+0000,998817.6628123997,494509.5120686237,999999.9999999999
2025-02-26T22:20:00.000+0000,998817.6628123997,494509.5120686237,999999.9999999999
2025-02-26T22:30:00.000+0000,998817.6628123997,494509.5120686237,999999.9999999999
2025-02-26T22:40:00.000+0000,998817.6628123997,494509.5120686237,999999.9999999999
2025-02-26T22:50:00.000+0000,998817.6628123997,494509.5120686237,999999.9999999999
2025-02-26T23:00:00.000+0000,998817.6628123997,494509.5120686237,999999.9999999999
2025-02-26T23:10:00.000+0000,998817.6628123997,494509.5120686237,999999.9999999999
2025-02-26T23:20:00.000+0000,998817.6628123997,494509.5120686237,999999.9999999999
2025-02-26T23:30:00.000+0000,998817.6628123997,494509.5120686237,999999.9999999999
2025-02-26T23:40:00.000+0000,998817.6628123997,494509.5120686237,999999.9999999999
2025-02-26T23:50:00.000+0000,998817.6628123997,494509.5120686237,999999.9999999999
2025-02-27T00:00:00.000+0000,998817.6628123997,494509.5120686237,999999.9999999999
2025-02-27T00:10:00.000+0000,998817.6628123997,494509.5120686237,999999.9999999999
2025-02-27T00:20:00.000+0000,998817.6628123997,494509.5120686237,999999.9999999999
2025-02-27T00:30:00.000+0000,998817.6628123997,494509.5120686237,999999.9999999999
2025-02-27T00:40:00.000+0000,998817.6628123997,494509.5120686237,999999.9999999999
2025-02-27T00:50:00.000+0000,998817.6628123997,494509.5120686237,999999.9999999999
2025-02-27T01:00:00.000+0000,998817.6628123997,494509.5120686237,999999.9999999999
2025-02-27T01:10:00.000+0000,998817.6628123997,494509.5120686237,999999.9999999999
2025-02-27T01:20:00.000+0000,998817.6628123997,494509.5120686237,999999.9999999999
2025-02-27T01:30:00.000+0000,998817.6628123997,494509.5120686237,999999.9999999999
2025-02-27T01:40:00.000+0000,998817.6628123997,494509.5120686237,999999.9999999999
2025-02-27T01:50:00.000+0000,998817.6628123997,494509.5120686237,999999.9999999999
2025-02-27T02:00:00.000+0000,998817.6628123997,494509.5120686237,999999.9999999999
2025-02-27T02:10:00.000+0000,998817.6628123997,494509.5120686237,999999.9999999999
2025-02-27T02:20:00.000+0000,998817.6628123997,494509.5120686237,999999.9999999999
2025-02-27T02:30:00.000+0000,998817.6628123997,494509.5120686237,999999.9999999999
2025-02-27T02:40:00.000+0000,998817.6628123997,494509.5120686237,999999.9999999999
2025-02-27T02:50:00.000+0000,998817.6628123997,494509.5120686237,999999.9999999999
2025-02-27T03:00:00.000+0000,998817.6628123997,494509.5120686237,999999.9999999999
2025-02-27T03:10:00.000+0000,998817.6628123997,494509.5120686237,999999.9999999999
2025-02-27T03:20:00.000+0000,998817.6628123997,494509.5120686237,999999.9999999999
2025-02-27T03:30:00.000+0000,998817.6628123997,494509.5120686237,999999.9999999999
2025-02-27T03:40:00.000+0000,998817.6628123997,494509.5120686237,999999.9999999999
2025-02-27T03:50:00.000+0000,998817.6628123997,494509.5120686237,999999.9999999999
2025-02-27T04:00:00.000+0000,998817.6628123997,494509.5120686237,999999.9999999999
2025-02-27T04:10:00.000+0000,998817.6628123997,494509.5120686237,999999.9999999999
2025-02-27T04:20:00.000+0000,998817.6628123997,494509.5120686237,999999.9999999999
2025-02-27T04:30:00.000+0000,998817.6628123997,494509.5120686237,999999.9999999999
2025-02-27T04:40:00.000+0000,998817.6628123997,494509.5120686237,999999.9999999999
2025-02-27T04:50:00.000+0000,998817.6628123997,494509.5120686237,999999.9999999999
2025-02-27T05:00:00.000+0000,998817.6628123997,494509.5120686237,999999.9999999999
2025-02-27T05:10:00.000+0000,998817.6628123997,494509.5120686237,999999.9999999999
2025-02-27T05:20:00.000+0000,998817.6628123997,494509.5120686237,999999.9999999999
2025-02-27T05:30:00.000+0000,998817.6628123997,494509.5120686237,999999.9999999999
2025-02-27T05:40:00.000+0000,998817.6628123997,494509.5120686237,999999.9999999999
2025-02-27T05:50:00.000+0000,998817.6628123997,494509.5120686237,999999.9999999999
2025-02-27T06:00:00.000+0000,998817.6628123997,494509.5120686237,999999.9999999999
2025-02-27T06:10:00.000+0000,998817.6628123997,494509.5120686237,999999.9999999999
2025-02-27T06:20:00.000+0000,998817.6628123997,494509.5120686237,999999.9999999999
2025-02-27T06:30:00.000+0000,998817.6628123997,494509.5120686237,999999.9999999999
2025-02-27T06:40:00.000+0000,998817.6628123997,494509.5120686237,999999.9999999999
2025-02-27T06:50:00.000+0000,998817.6628123997,494509.5120686237,999999.9999999999
2025-02-27T07:00:00.000+0000,998817.6628123997,494509.5120686237,999999.9999999999
2025-02-27T07:10:00.000+0000,998817.6628123997,494509.5120686237,999999.9999999999
2025-02-27T07:20:00.000+0000,998817.6628123997,494509.5120686237,999999.9999999999
2025-02-27T07:30:00.000+0000,998817.6628123997,494509.5120686237,999999.9999999999
2025-02-27T07:40:00.000+0000,998817.6628123997,494509.5120686237,999999.9999999999
2025-02-27T07:50:00.000+0000,998817.6628123997,494509.5120686237,999999.9999999999
2025-02-27T08:00:00.000+0000,998817.6628123997,494509.5120686237,999999.9999999999
2025-02-27T08:10:00.000+0000,998817.6628123997,494509.5120686237,999999.9999999999
2025-02-27T08:20:00.000+0000,998817.6628123997,494509.5120686237,999999.9999999999
2025-02-27T08:30:00.000+0000,998817.6628123997,494509.5120686237,999999.9999999999
2025-02-27T08:40:00.000+0000,998817.6628123997,494509.5120686237,999999.9999999999
2025-02-27T08:50:00.000+0000,998817.6628123997,494509.5120686237,999999.9999999999
2025-02-27T09:00:00.000+0000,998817.6628123997,494509.5120686237,999999.9999999999
2025-02-27T09:10:00.000+0000,998817.6628123997,494509.5120686237,999999.9999999999
2025-02-27T09:20:00.000+0000,998817.6628123997,494509.5120686237,999999.9999999999
2025-02-27T09:30:00.000+0000,998817.6628123997,494509.5120686237,999999.9999999999
2025-02-27T09:40:00.000+0000,998817.6628123997,494509.5120686237,999999.9999999999
2025-02-27T09:50:00.000+0000,998817.6628123997,494509.5120686237,999999.9999999999
2025-02-27T10:00:00.000+0000,998817.6628123997,494509.5120686237,999999.9999999999
2025-02-27T10:10:00.000+0000,998817.6628123997,494509.5120686237,999999.9999999999
2025-02-27T10:20:00.000+0000,998817.6628123997,494509.5120686237,999999.9999999999
2025-02-27T10:30:00.000+0000,998817.6628123997,494509.5120686237,999999.9999999999
2025-02-27T10:40:00.000+0000,998817.6628123997,494509.5120686237,999999.9999999999
2025-02-27T10:50:00.000+0000,998817.6628123997,494509.5120686237,999999.9999999999
2025-02-27T11:00:00.000+0000,998817.6628123997,494509.5120686237,999999.9999999999
2025-02-27T11:10:00.000+0000,998817.6628123997,494509.5120686237,999999.9999999999
2025-02-27T11:20:00.000+0000,998817.6628123997,494509.5120686237,999999.9999999999
2025-02-27T11:30:00.000+0000,998817.6628123997,494509.5120686237,999999.9999999999
2025-02-27T11:40:00.000+0000,998817.6628123997,494509.5120686237,999999.9999999999
2025-02-27T11:50:00.000+0000,998817.6628123997,494509.5120686237,999999.9999999999
2025-02-27T12:00:00.000+0000,998817.6628123997,494509.5120686237,999999.9999999999
2025-02-27T12:10:00.000+0000,998817.6628123997,494509.5120686237,999999.9999999999
2025-02-27T12:20:00.000+0000,998817.6628123997,494509.5120686237,999999.9999999999
2025-02-27T12:30:00.000+0000,998817.6628123997,494509.5120686237,999999.9999999999
2025-02-27T12:40:00.000+0000,998817.6628123997,494509.5120686237,999999.9999999999
2025-02-27T12:50:00.000+0000,998817.6628123997,494509.5120686237,999999.9999999999
2025-02-27T13:00:00.000+0000,998817.6628123997,494509.5120686237,999999.9999999999
2025-02-27T13:10:00.000+0000,998817.6628123997,494509.5120686237,999999.9999999999
2025-02-27T13:20:00.000+0000,998817.6628123997,494509.5120686237,999999.9999999999
2025-02-27T13:30:00.000+0000,998817.6628123997,494509.5120686237,999999.9999999999
2025-02-27T13:40:00.000+0000,998817.6628123997,494509.5120686237,999999.9999999999
2025-02-27T13:50:00.000+0000,998817.6628123997,494509.5120686237,999999.9999999999
2025-02-27T14:00:00.000+0000,998817.6628123997,494509.5120686237,999999.9999999999
2025-02-27T14:10:00.000+0000,998817.6628123997,494509.5120686237,999999.9999999999
2025-02-27T14:20:00.000+0000,998817.6628123997,494509.5120686237,999999.9999999999
2025-02-27T14:30:00.000+0000,998817.6628123997,494509.5120686237,999999.9999999999
2025-02-27T14:40:00.000+0000,998817.6628123997,494509.5120686237,999999.9999999999
2025-02-27T14:50:00.000+0000,998817.6628123997,494509.5120686237,999999.9999999999
2025-02-27T15:00:00.000+0000,998817.6628123997,494509.5120686237,999999.9999999999
2025-02-27T15:10:00.000+0000,998817.6628123997,494509.5120686237,999999.9999999999
2025-02-27T15:20:00.000+0000,998817.6628123997,494509.5120686237,999999.9999999999
2025-02-27T15:30:00.000+0000,998817.6628123997,494509.5120686237,999999.9999999999
2025-02-27T15:40:00.000+0000,998817.6628123997,494509.5120686237,999999.9999999999
2025-02-27T15:50:00.000+0000,998817.6628123997,494509.5120686237,999999.9999999999
2025-02-27T16:00:00.000+0000,998817.6628123997,494509.5120686237,999999.9999999999
2025-02-27T16:10:00.000+0000,998817.6628123997,494509.5120686237,999999.9999999999
2025-02-27T16:20:00.000+0000,998817.6628123997,494509.5120686237,999999.9999999999
2025-02-27T16:30:00.000+0000,998817.6628123997,494509.5120686237,999999.9999999999
2025-02-27T16:40:00.000+0000,998817.6628123997,494509.5120686237,999999.9999999999
2025-02-27T16:50:00.000+0000,998817.6628123997,494509.5120686237,999999.9999999999
2025-02-27T17:00:00.000+0000,998817.6628123997,494509.5120686237,999999.9999999999
2025-02-27T17:10:00.000+0000,998817.6628123997,494509.5120686237,999999.9999999999
2025-02-27T17:20:00.000+0000,998817.6628123997,494509.5120686237,999999.9999999999
2025-02-27T17:30:00.000+0000,998817.6628123997,494509.5120686237,999999.9999999999
2025-02-27T17:40:00.000+0000,998817.6628123997,494509.5120686237,999999.9999999999
2025-02-27T17:50:00.000+0000,998817.6628123997,494509.5120686237,999999.9999999999
2025-02-27T18:00:00.000+0000,998817.6628123997,494509.5120686237,999999.9999999999
2025-02-27T18:10:00.000+0000,998817.6628123997,494509.5120686237,999999.9999999999
2025-02-27T18:20:00.000+0000,998817.6628123997,494509.5120686237,999999.9999999999
2025-02-27T18:30:00.000+0000,998817.6628123997,494509.5120686237,999999.9999999999
2025-02-27T18:40:00.000+0000,998817.6628123997,494509.5120686237,999999.9999999999
2025-02-27T18:50:00.000+0000,998817.6628123997,494509.5120686237,999999.9999999999
2025-02-27T19:00:00.000+0000,998817.6628123997,494509.5120686237,999999.9999999999
2025-02-27T19:10:00.000+0000,998817.6628123997,494509.5120686237,999999.9999999999
2025-02-27T19:20:00.000+0000,998817.6628123997,494509.5120686237,999999.9999999999
2025-02-27T19:30:00.000+0000,998817.6628123997,494509.5120686237,999999.9999999999
2025-02-27T19:40:00.000+0000,998817.6628123997,494509.5120686237,999999.9999999999
2025-02-27T19:50:00.000+0000,998817.6628123997,494509.5120686237,999999.9999999999
2025-02-27T20:00:00.000+0000,998817.6628123997,494509.5120686237,999999.9999999999
2025-02-27T20:10:00.000+0000,998817.6628123997,494509.5120686237,999999.9999999999
2025-02-27T20:20:00.000+0000,998817.6628123997,494509.5120686237,999999.9999999999
2025-02-27T20:30:00.000+0000,998817.6628123997,494509.5120686237,999999.9999999999
2025-02-27T20:40:00.000+0000,998817.6628123997,494509.5120686237,999999.9999999999
2025-02-27T20:50:00.000+0000,998817.6628123997,494509.5120686237,999999.9999999999
2025-02-27T21:00:00.000+0000,998817.6628123997,494509.5120686237,999999.9999999999
2025-02-27T21:10:00.000+0000,998817.6628123997,494509.5120686237,999999.9999999999
2025-02-27T21:20:00.000+0000,998817.6628123997,494509.5120686237,999999.9999999999
2025-02-27T21:30:00.000+0000,998817.6628123997,494509.5120686237,999999.9999999999
2025-02-27T21:40:00.000+0000,998817.6628123997,494509.5120686237,999999.9999999999
2025-02-27T21:50:00.000+0000,998817.6628123997,494509.5120686237,999999.9999999999
2025-02-27T22:00:00.000+0000,998817.6628123997,494509.5120686237,999999.9999999999
2025-02-27T22:10:00.000+0000,998817.6628123997,494509.5120686237,999999.9999999999
2025-02-27T22:20:00.000+0000,998817.6628123997,494509.5120686237,999999.9999999999
2025-02-27T22:30:00.000+0000,998817.6628123997,494509.5120686237,999999.9999999999
2025-02-27T22:40:00.000+0000,998817.6628123997,494509.5120686237,999999.9999999999
2025-02-27T22:50:00.000+0000,998817.6628123997,494509.5120686237,999999.9999999999
2025-02-27T23:00:00.000+0000,998817.6628123997,494509.5120686237,999999.9999999999
2025-02-27T23:10:00.000+0000,998817.6628123997,494509.5120686237,999999.9999999999
2025-02-27T23:20:00.000+0000,998817.6628123997,494509.5120686237,999999.9999999999
2025-02-27T23:30:00.000+0000,998817.6628123997,494509.5120686237,999999.9999999999
2025-02-27T23:40:00.000+0000,998817.6628123997,494509.5120686237,999999.9999999999
2025-02-27T23:50:00.000+0000,998817.6628123997,494509.5120686237,999999.9999999999
2025-02-28T00:00:00.000+0000,998817.6628123997,494509.5120686237,999999.9999999999
2025-02-28T00:10:00.000+0000,998817.6628123997,494509.5120686237,999999.9999999999
2025-02-28T00:20:00.000+0000,998817.6628123997,494509.5120686237,999999.9999999999
2025-02-28T00:30:00.000+0000,998817.6628123997,494509.5120686237,999999.9999999999
2025-02-28T00:40:00.000+0000,998817.6628123997,494509.5120686237,999999.9999999999
2025-02-28T00:50:00.000+0000,998817.6628123997,494509.5120686237,999999.9999999999
2025-02-28T01:00:00.000+0000,998817.6628123997,494509.5120686237,999999.9999999999
2025-02-28T01:10:00.000+0000,998817.6628123997,494509.5120686237,999999.9999999999
2025-02-28T01:20:00.000+0000,998817.6628123997,494509.5120686237,999999.9999999999
2025-02-28T01:30:00.000+0000,998817.6628123997,494509.5120686237,999999.9999999999
2025-02-28T01:40:00.000+0000,998817.6628123997,494509.5120686237,999999.9999999999
2025-02-28T01:50:00.000+0000,998634.8888755997,266042.0910686237,999999.9999999999
2025-02-28T02:00:00.000+0000,998634.8888755997,494326.73813182366,999999.9999999999
2025-02-28T02:10:00.000+0000,998634.8888755997,494326.73813182366,999999.9999999999
2025-02-28T02:20:00.000+0000,998634.8888755997,494326.73813182366,999999.9999999999
2025-02-28T02:30:00.000+0000,998634.8888755997,494326.73813182366,999999.9999999999
2025-02-28T02:40:00.000+0000,998634.8888755997,494326.73813182366,999999.9999999999
2025-02-28T02:50:00.000+0000,998634.8888755997,494326.73813182366,999999.9999999999
2025-02-28T03:00:00.000+0000,998634.8888755997,573109.7828545277,999999.9999999999
2025-02-28T03:10:00.000+0000,998634.8888755997,573109.7828545277,999999.9999999999
2025-02-28T03:20:00.000+0000,998634.8888755997,573109.7828545277,999999.9999999999
2025-02-28T03:30:00.000+0000,998634.8888755997,573109.7828545277,999999.9999999999
2025-02-28T03:40:00.000+0000,998634.8888755997,573109.7828545277,999999.9999999999
2025-02-28T03:50:00.000+0000,998634.8888755997,573109.7828545277,999999.9999999999
2025-02-28T04:00:00.000+0000,998634.8888755997,573109.7828545277,999999.9999999999
2025-02-28T04:10:00.000+0000,998634.8888755997,573109.7828545277,999999.9999999999
2025-02-28T04:20:00.000+0000,998634.8888755997,573109.7828545277,999999.9999999999
2025-02-28T04:30:00.000+0000,998634.8888755997,573109.7828545277,999999.9999999999
2025-02-28T04:40:00.000+0000,998634.8888755997,573109.7828545277,999999.9999999999
2025-02-28T04:50:00.000+0000,998634.8888755997,573109.7828545277,999999.9999999999
2025-02-28T05:00:00.000+0000,998634.8888755997,573109.7828545277,999999.9999999999
2025-02-28T05:10:00.000+0000,998634.8888755997,573109.7828545277,999999.9999999999
2025-02-28T05:20:00.000+0000,998634.8888755997,573109.7828545277,999999.9999999999
2025-02-28T05:30:00.000+0000,998634.8888755997,573109.7828545277,999999.9999999999
2025-02-28T05:40:00.000+0000,998634.8888755997,573109.7828545277,999999.9999999999
2025-02-28T05:50:00.000+0000,998634.8888755997,573109.7828545277,999999.9999999999
2025-02-28T06:00:00.000+0000,998634.8888755997,573109.7828545277,999999.9999999999
2025-02-28T06:10:00.000+0000,998634.8888755997,573109.7828545277,999999.9999999999
2025-02-28T06:20:00.000+0000,998634.8888755997,573109.7828545277,999999.9999999999
2025-02-28T06:30:00.000+0000,998634.8888755997,573109.7828545277,999999.9999999999
2025-02-28T06:40:00.000+0000,998634.8888755997,573109.7828545277,999999.9999999999
2025-02-28T06:50:00.000+0000,998634.8888755997,573109.7828545277,999999.9999999999
2025-02-28T07:00:00.000+0000,998634.8888755997,573109.7828545277,999999.9999999999
2025-02-28T07:10:00.000+0000,998634.8888755997,573109.7828545277,999999.9999999999
2025-02-28T07:20:00.000+0000,998634.8888755997,573109.7828545277,999999.9999999999
2025-02-28T07:30:00.000+0000,998634.8888755997,573109.7828545277,999999.9999999999
2025-02-28T07:40:00.000+0000,998634.8888755997,573109.7828545277,999999.9999999999
2025-02-28T07:50:00.000+0000,998634.8888755997,573109.7828545277,999999.9999999999
2025-02-28T08:00:00.000+0000,998634.8888755997,573109.7828545277,999999.9999999999
2025-02-28T08:10:00.000+0000,998634.8888755997,573109.7828545277,999999.9999999999
2025-02-28T08:20:00.000+0000,998634.8888755997,573109.7828545277,999999.9999999999
2025-02-28T08:30:00.000+0000,998634.8888755997,573109.7828545277,999999.9999999999
2025-02-28T08:40:00.000+0000,998634.8888755997,573109.7828545277,999999.9999999999
2025-02-28T08:50:00.000+0000,998634.8888755997,573109.7828545277,999999.9999999999
2025-02-28T09:00:00.000+0000,998634.8888755997,573109.7828545277,999999.9999999999
2025-02-28T09:10:00.000+0000,998634.8888755997,573109.7828545277,999999.9999999999
2025-02-28T09:20:00.000+0000,998634.8888755997,573109.7828545277,999999.9999999999
2025-02-28T09:30:00.000+0000,998634.8888755997,573109.7828545277,999999.9999999999
2025-02-28T09:40:00.000+0000,998634.8888755997,573109.7828545277,999999.9999999999
2025-02-28T09:50:00.000+0000,998634.8888755997,573109.7828545277,999999.9999999999
2025-02-28T10:00:00.000+0000,998634.8888755997,573109.7828545277,999999.9999999999
2025-02-28T10:10:00.000+0000,998634.8888755997,573109.7828545277,999999.9999999999
2025-02-28T10:20:00.000+0000,998634.8888755997,573109.7828545277,999999.9999999999
2025-02-28T10:30:00.000+0000,998634.8888755997,573109.7828545277,999999.9999999999
2025-02-28T10:40:00.000+0000,998634.8888755997,573109.7828545277,999999.9999999999
2025-02-28T10:50:00.000+0000,998634.8888755997,573109.7828545277,999999.9999999999
2025-02-28T11:00:00.000+0000,998634.8888755997,573109.7828545277,999999.9999999999
2025-02-28T11:10:00.000+0000,998634.8888755997,573109.7828545277,999999.9999999999
2025-02-28T11:20:00.000+0000,998634.8888755997,573109.7828545277,999999.9999999999
2025-02-28T11:30:00.000+0000,998634.8888755997,573109.7828545277,999999.9999999999
2025-02-28T11:40:00.000+0000,998634.8888755997,573109.7828545277,999999.9999999999
2025-02-28T11:50:00.000+0000,998634.8888755997,573109.7828545277,999999.9999999999
2025-02-28T12:00:00.000+0000,998634.8888755997,573109.7828545277,999999.9999999999
2025-02-28T12:10:00.000+0000,998634.8888755997,573109.7828545277,999999.9999999999
2025-02-28T12:20:00.000+0000,998634.8888755997,573109.7828545277,999999.9999999999
2025-02-28T12:30:00.000+0000,998634.8888755997,573109.7828545277,999999.9999999999
2025-02-28T12:40:00.000+0000,998634.8888755997,573109.7828545277,999999.9999999999
2025-02-28T12:50:00.000+0000,998634.8888755997,573109.7828545277,999999.9999999999
2025-02-28T13:00:00.000+0000,998634.8888755997,573109.7828545277,999999.9999999999
2025-02-28T13:10:00.000+0000,998634.8888755997,573109.7828545277,999999.9999999999
2025-02-28T13:20:00.000+0000,998634.8888755997,573109.7828545277,999999.9999999999
2025-02-28T13:30:00.000+0000,998634.8888755997,573109.7828545277,999999.9999999999
2025-02-28T13:40:00.000+0000,998634.8888755997,573109.7828545277,999999.9999999999
2025-02-28T13:50:00.000+0000,998634.8888755997,573109.7828545277,999999.9999999999
2025-02-28T14:00:00.000+0000,998634.8888755997,573109.7828545277,999999.9999999999
2025-02-28T14:10:00.000+0000,998634.8888755997,573109.7828545277,999999.9999999999
2025-02-28T14:20:00.000+0000,998634.8888755997,573109.7828545277,999999.9999999999
2025-02-28T14:30:00.000+0000,998634.8888755997,573109.7828545277,999999.9999999999
2025-02-28T14:40:00.000+0000,998634.8888755997,573109.7828545277,999999.9999999999
2025-02-28T14:50:00.000+0000,998634.8888755997,573109.7828545277,999999.9999999999
2025-02-28T15:00:00.000+0000,998634.8888755997,573109.7828545277,999999.9999999999
2025-02-28T15:10:00.000+0000,998634.8888755997,573109.7828545277,999999.9999999999
2025-02-28T15:20:00.000+0000,998634.8888755997,573109.7828545277,999999.9999999999
2025-02-28T15:30:00.000+0000,998634.8888755997,573109.7828545277,999999.9999999999
2025-02-28T15:40:00.000+0000,998634.8888755997,573109.7828545277,999999.9999999999
2025-02-28T15:50:00.000+0000,998634.8888755997,573109.7828545277,999999.9999999999
2025-02-28T16:00:00.000+0000,998634.8888755997,573109.7828545277,999999.9999999999
2025-02-28T16:10:00.000+0000,998634.8888755997,573109.7828545277,999999.9999999999
2025-02-28T16:20:00.000+0000,998634.8888755997,573109.7828545277,999999.9999999999
2025-02-28T16:30:00.000+0000,998634.8888755997,573109.7828545277,999999.9999999999
2025-02-28T16:40:00.000+0000,998634.8888755997,573109.7828545277,999999.9999999999
2025-02-28T16:50:00.000+0000,998634.8888755997,573109.7828545277,999999.9999999999
2025-02-28T17:00:00.000+0000,998634.8888755997,573109.7828545277,999999.9999999999
2025-02-28T17:10:00.000+0000,998634.8888755997,573109.7828545277,999999.9999999999
2025-02-28T17:20:00.000+0000,998634.8888755997,573109.7828545277,999999.9999999999
2025-02-28T17:30:00.000+0000,998634.8888755997,573109.7828545277,999999.9999999999
2025-02-28T17:40:00.000+0000,998634.8888755997,573109.7828545277,999999.9999999999
2025-02-28T17:50:00.000+0000,998634.8888755997,573109.7828545277,999999.9999999999
2025-02-28T18:00:00.000+0000,998634.8888755997,573109.7828545277,999999.9999999999
2025-02-28T18:10:00.000+0000,998634.8888755997,573109.7828545277,999999.9999999999
2025-02-28T18:20:00.000+0000,998634.8888755997,573109.7828545277,999999.9999999999
2025-02-28T18:30:00.000+0000,998634.8888755997,573109.7828545277,999999.9999999999
2025-02-28T18:40:00.000+0000,998634.8888755997,573109.7828545277,999999.9999999999
2025-02-28T18:50:00.000+0000,998634.8888755997,573109.7828545277,999999.9999999999
2025-02-28T19:00:00.000+0000,998634.8888755997,573109.7828545277,999999.9999999999
2025-02-28T19:10:00.000+0000,997319.3422579995,88.69485452759699,999999.9999999999
2025-02-28T19:20:00.000+0000,994533.6705795996,88.69485452759699,999999.9999999999
2025-02-28T19:30:00.000+0000,990633.7302298396,88.69485452759699,999999.9999999999
2025-02-28T19:40:00.000+0000,998176.4720051998,88.69485452759699,999999.9999999999
2025-02-28T19:50:00.000+0000,1003876.3848240798,88.69485452759699,999999.9999999999
2025-02-28T20:00:00.000+0000,1004519.2321344797,88.69485452759699,999999.9999999999
2025-02-28T20:10:00.000+0000,1005462.0748563999,88.69485452759699,999999.9999999999
2025-02-28T20:20:00.000+0000,1011247.7006499997,88.69485452759699,999999.9999999999
2025-02-28T20:30:00.000+0000,1010776.2792890397,88.69485452759699,999999.9999999999
2025-02-28T20:40:00.000+0000,1010776.2792890397,88.69485452759699,999999.9999999999
2025-02-28T20:50:00.000+0000,1004047.8107735197,88.69485452759699,999999.9999999999
2025-02-28T21:00:00.000+0000,1000662.1482720798,88.69485452759699,999999.9999999999
2025-02-28T21:10:00.000+0000,997147.9163085596,88.69485452759699,999999.9999999999
2025-02-28T21:20:00.000+0000,1000276.4398858397,88.69485452759699,999999.9999999999
2025-02-28T21:30:00.000+0000,1001690.7039687197,88.69485452759699,999999.9999999999
2025-02-28T21:40:00.000+0000,1000147.8704237595,88.69485452759699,999999.9999999999
2025-02-28T21:50:00.000+0000,999933.5879869593,88.69485452759699,999999.9999999999
2025-02-28T22:00:00.000+0000,1002419.2642538397,88.69485452759699,999999.9999999999
2025-02-28T22:10:00.000+0000,998862.1758029595,88.69485452759699,999999.9999999999
2025-02-28T22:20:00.000+0000,1003747.8153619996,88.69485452759699,999999.9999999999
2025-02-28T22:30:00.000+0000,1009490.5846682402,88.69485452759699,999999.9999999999
2025-02-28T22:40:00.000+0000,1008890.5938451997,88.69485452759699,999999.9999999999
2025-02-28T22:50:00.000+0000,1010947.7052384795,88.69485452759699,999999.9999999999
2025-02-28T23:00:00.000+0000,1011504.8395741597,88.69485452759699,999999.9999999999
2025-02-28T23:10:00.000+0000,1013476.2379927199,88.69485452759699,999999.9999999999
2025-02-28T23:20:00.000+0000,1013476.2379927199,88.69485452759699,999999.9999999999
2025-02-28T23:30:00.000+0000,1013476.2379927199,88.69485452759699,999999.9999999999
2025-02-28T23:40:00.000+0000,1013347.6685306398,88.69485452759699,999999.9999999999
2025-02-28T23:50:00.000+0000,1014333.3677399197,88.69485452759699,999999.9999999999
2025-03-01T00:00:00.000+0000,1014161.94179048,88.69485452759699,999999.9999999999
2025-03-01T00:10:00.000+0000,1013519.0944800797,88.69485452759699,999999.9999999999
2025-03-01T00:20:00.000+0000,1015361.9234365596,88.69485452759699,999999.9999999999
2025-03-01T00:30:00.000+0000,1016819.0440067997,88.69485452759699,999999.9999999999
2025-03-01T00:40:00.000+0000,1021361.8316669596,88.69485452759699,999999.9999999999
2025-03-01T00:50:00.000+0000,1023633.2254970396,88.69485452759699,999999.9999999999
2025-03-01T01:00:00.000+0000,1025604.6239156,88.69485452759699,999999.9999999999
2025-03-01T01:10:00.000+0000,1021533.2576163997,88.69485452759699,999999.9999999999
2025-03-01T01:20:00.000+0000,1022090.3919520796,88.69485452759699,999999.9999999999
2025-03-01T01:30:00.000+0000,1022133.2484394399,88.69485452759699,999999.9999999999
2025-03-01T01:40:00.000+0000,1014290.5112525596,88.69485452759699,999999.9999999999
2025-03-01T01:50:00.000+0000,1012661.9647328797,88.69485452759699,999999.9999999999
2025-03-01T02:00:00.000+0000,1013347.6685306398,88.69485452759699,999999.9999999999
2025-03-01T02:10:00.000+0000,1013004.8166317594,88.69485452759699,999999.9999999999
2025-03-01T02:20:00.000+0000,999033.6017523998,88.69485452759699,999999.9999999999
2025-03-01T02:30:00.000+0000,969205.4865498397,88.69485452759699,999999.9999999999
2025-03-01T02:40:00.000+0000,950648.6275229595,88.69485452759699,999999.9999999999
2025-03-01T02:50:00.000+0000,958491.36470984,88.69485452759699,999999.9999999999
2025-03-01T03:00:00.000+0000,970962.6025315999,88.69485452759699,999999.9999999999
2025-03-01T03:10:00.000+0000,970791.1765821596,88.69485452759699,999999.9999999999
2025-03-01T03:20:00.000+0000,973319.7093363997,88.69485452759699,999999.9999999999
2025-03-01T03:30:00.000+0000,965262.6897127196,88.69485452759699,999999.9999999999
2025-03-01T03:40:00.000+0000,961105.6104387998,88.69485452759699,999999.9999999999
2025-03-01T03:50:00.000+0000,964148.4210413595,88.69485452759699,999999.9999999999
2025-03-01T04:00:00.000+0000,958748.5036339998,88.69485452759699,999999.9999999999
2025-03-01T04:10:00.000+0000,961748.4577491999,88.69485452759699,999999.9999999999
2025-03-01T04:20:00.000+0000,967534.0835427995,88.69485452759699,999999.9999999999
2025-03-01T04:30:00.000+0000,968691.2087015199,88.69485452759699,999999.9999999999
2025-03-01T04:40:00.000+0000,970534.0376579998,88.69485452759699,999999.9999999999
2025-03-01T04:50:00.000+0000,975933.95506536,88.69485452759699,999999.9999999999
2025-03-01T05:00:00.000+0000,978848.1962058396,88.69485452759699,999999.9999999999
2025-03-01T05:10:00.000+0000,982148.1457325596,88.69485452759699,999999.9999999999
2025-03-01T05:20:00.000+0000,987505.2066525597,88.69485452759699,999999.9999999999
2025-03-01T05:30:00.000+0000,986305.2250064794,88.69485452759699,999999.9999999999
2025-03-01T05:40:00.000+0000,987762.3455767197,88.69485452759699,999999.9999999999
2025-03-01T05:50:00.000+0000,988276.6234250398,88.69485452759699,999999.9999999999
2025-03-01T06:00:00.000+0000,984462.3960499997,88.69485452759699,999999.9999999999
2025-03-01T06:10:00.000+0000,985619.5212087199,88.69485452759699,999999.9999999999
2025-03-01T06:20:00.000+0000,985876.6601328795,88.69485452759699,999999.9999999999
2025-03-01T06:30:00.000+0000,983005.2754797597,88.69485452759699,999999.9999999999
2025-03-01T06:40:00.000+0000,982962.4189923998,88.69485452759699,999999.9999999999
2025-03-01T06:50:00.000+0000,988062.3409882399,88.69485452759699,999999.9999999999
2025-03-01T07:00:00.000+0000,988748.0447859996,88.69485452759699,999999.9999999999
2025-03-01T07:10:00.000+0000,992047.9943127196,88.69485452759699,999999.9999999999
2025-03-01T07:20:00.000+0000,994533.6705795996,88.69485452759699,999999.9999999999
2025-03-01T07:30:00.000+0000,995347.9438394398,88.69485452759699,999999.9999999999
2025-03-01T07:40:00.000+0000,995862.2216877596,88.69485452759699,999999.9999999999
2025-03-01T07:50:00.000+0000,995690.7957383195,88.69485452759699,999999.9999999999
2025-03-01T08:00:00.000+0000,993462.2583955996,88.69485452759699,999999.9999999999
2025-03-01T08:10:00.000+0000,992347.9897242399,88.69485452759699,999999.9999999999
2025-03-01T08:20:00.000+0000,990890.8691539996,88.69485452759699,999999.9999999999
2025-03-01T08:30:00.000+0000,990805.1561792797,88.69485452759699,999999.9999999999
2025-03-01T08:40:00.000+0000,988490.9058618398,88.69485452759699,999999.9999999999
2025-03-01T08:50:00.000+0000,988490.9058618398,88.69485452759699,999999.9999999999
2025-03-01T09:00:00.000+0000,985876.6601328795,88.69485452759699,999999.9999999999
2025-03-01T09:10:00.000+0000,978033.9229459999,88.69485452759699,999999.9999999999
2025-03-01T09:20:00.000+0000,979662.4694656798,88.69485452759699,999999.9999999999
2025-03-01T09:30:00.000+0000,985833.8036455199,88.69485452759699,999999.9999999999
2025-03-01T09:40:00.000+0000,990162.3088688796,88.69485452759699,999999.9999999999
2025-03-01T09:50:00.000+0000,990762.2996919194,88.69485452759699,999999.9999999999
2025-03-01T10:00:00.000+0000,989176.6096595995,88.69485452759699,999999.9999999999
2025-03-01T10:10:00.000+0000,993247.9759587996,88.69485452759699,999999.9999999999
2025-03-01T10:20:00.000+0000,1001262.13909512,88.69485452759699,999999.9999999999
2025-03-01T10:30:00.000+0000,999676.4490627997,88.69485452759699,999999.9999999999
2025-03-01T10:40:00.000+0000,997362.1987453596,88.69485452759699,999999.9999999999
2025-03-01T10:50:00.000+0000,999847.8750122396,88.69485452759699,999999.9999999999
2025-03-01T11:00:00.000+0000,1000833.5742215199,88.69485452759699,999999.9999999999
2025-03-01T11:10:00.000+0000,1005376.3618816797,88.69485452759699,999999.9999999999
2025-03-01T11:20:00.000+0000,1002547.8337159198,88.69485452759699,999999.9999999999
2025-03-01T11:30:00.000+0000,1002119.2688423198,88.69485452759699,999999.9999999999
2025-03-01T11:40:00.000+0000,1002290.69479176,88.69485452759699,999999.9999999999
2025-03-01T11:50:00.000+0000,1002590.6902032794,88.69485452759699,999999.9999999999
2025-03-01T12:00:00.000+0000,999633.5925754396,88.69485452759699,999999.9999999999
2025-03-01T12:10:00.000+0000,996290.7865613598,88.69485452759699,999999.9999999999
2025-03-01T12:20:00.000+0000,995905.0781751195,88.69485452759699,999999.9999999999
2025-03-01T12:30:00.000+0000,1001262.13909512,88.69485452759699,999999.9999999999
2025-03-01T12:40:00.000+0000,999247.8841891998,88.69485452759699,999999.9999999999
2025-03-01T12:50:00.000+0000,997533.6246947997,88.69485452759699,999999.9999999999
2025-03-01T13:00:00.000+0000,996976.4903591195,88.69485452759699,999999.9999999999
2025-03-01T13:10:00.000+0000,1003362.10697576,88.69485452759699,999999.9999999999
2025-03-01T13:20:00.000+0000,1003747.8153619996,88.69485452759699,999999.9999999999
2025-03-01T13:30:00.000+0000,1004219.2367229598,88.69485452759699,999999.9999999999
2025-03-01T13:40:00.000+0000,1007133.4778634395,88.69485452759699,999999.9999999999
2025-03-01T13:50:00.000+0000,1011076.2747005598,88.69485452759699,999999.9999999999
2025-03-01T14:00:00.000+0000,1009619.1541303197,88.69485452759699,999999.9999999999
2025-03-01T14:10:00.000+0000,1008933.45033256,88.69485452759699,999999.9999999999
2025-03-01T14:20:00.000+0000,1007390.6167876,88.69485452759699,999999.9999999999
2025-03-01T14:30:00.000+0000,1007904.8946359196,88.69485452759699,999999.9999999999
2025-03-01T14:40:00.000+0000,1006319.2046036,88.69485452759699,999999.9999999999
2025-03-01T14:50:00.000+0000,1006962.0519140001,88.69485452759699,999999.9999999999
2025-03-01T15:00:00.000+0000,1006190.6351415195,88.69485452759699,999999.9999999999
2025-03-01T15:10:00.000+0000,1007990.6076106395,88.69485452759699,999999.9999999999
2025-03-01T15:20:00.000+0000,1012490.5387834396,88.69485452759699,999999.9999999999
2025-03-01T15:30:00.000+0000,1009704.8671050401,88.69485452759699,999999.9999999999
2025-03-01T15:40:00.000+0000,1008847.7373578398,88.69485452759699,999999.9999999999
2025-03-01T15:50:00.000+0000,1008247.7465348,88.69485452759699,999999.9999999999
2025-03-01T16:00:00.000+0000,1008419.1724842394,88.69485452759699,999999.9999999999
2025-03-01T16:10:00.000+0000,1005676.3572931994,88.69485452759699,999999.9999999999
2025-03-01T16:20:00.000+0000,1009619.1541303197,88.69485452759699,999999.9999999999
2025-03-01T16:30:00.000+0000,1009362.0152061597,88.69485452759699,999999.9999999999
2025-03-01T16:40:00.000+0000,1012104.8303971997,88.69485452759699,999999.9999999999
2025-03-01T16:50:00.000+0000,1008419.1724842394,88.69485452759699,999999.9999999999
2025-03-01T17:00:00.000+0000,1009276.3022314397,88.69485452759699,999999.9999999999
2025-03-01T17:10:00.000+0000,1013861.9463789595,88.69485452759699,999999.9999999999
2025-03-01T17:20:00.000+0000,1011204.8441626398,88.69485452759699,999999.9999999999
2025-03-01T17:30:00.000+0000,1013219.0990685596,88.69485452759699,999999.9999999999
2025-03-01T17:40:00.000+0000,1011076.2747005598,88.69485452759699,999999.9999999999
2025-03-01T17:50:00.000+0000,1013047.6731191195,88.69485452759699,999999.9999999999
2025-03-01T18:00:00.000+0000,1014976.2150503196,88.69485452759699,999999.9999999999
2025-03-01T18:10:00.000+0000,1017119.0394183198,88.69485452759699,999999.9999999999
2025-03-01T18:20:00.000+0000,1015361.9234365596,88.69485452759699,999999.9999999999
2025-03-01T18:30:00.000+0000,1010604.8533395996,88.69485452759699,999999.9999999999
2025-03-01T18:40:00.000+0000,1010861.9922637598,88.69485452759699,999999.9999999999
2025-03-01T18:50:00.000+0000,1012833.3906823193,88.69485452759699,999999.9999999999
2025-03-01T19:00:00.000+0000,1012319.1128339997,88.69485452759699,999999.9999999999
2025-03-01T19:10:00.000+0000,1012019.1174224793,88.69485452759699,999999.9999999999
2025-03-01T19:20:00.000+0000,1013819.0898915996,88.69485452759699,999999.9999999999
2025-03-01T19:30:00.000+0000,1012019.1174224793,88.69485452759699,999999.9999999999
2025-03-01T19:40:00.000+0000,1016390.4791331996,88.69485452759699,999999.9999999999
2025-03-01T19:50:00.000+0000,1015961.9142595996,88.69485452759699,999999.9999999999
2025-03-01T20:00:00.000+0000,1014290.5112525596,88.69485452759699,999999.9999999999
2025-03-01T20:10:00.000+0000,1013861.9463789595,88.69485452759699,999999.9999999999
2025-03-01T20:20:00.000+0000,1011719.1220109599,88.69485452759699,999999.9999999999
2025-03-01T20:30:00.000+0000,1012961.9601444,88.69485452759699,999999.9999999999
2025-03-01T20:40:00.000+0000,1013733.3769168801,88.69485452759699,999999.9999999999
2025-03-01T20:50:00.000+0000,1012790.5341949594,88.69485452759699,999999.9999999999
2025-03-01T21:00:00.000+0000,1012061.9739098399,88.69485452759699,999999.9999999999
2025-03-01T21:10:00.000+0000,1012490.5387834396,88.69485452759699,999999.9999999999
2025-03-01T21:20:00.000+0000,1011376.2701120795,88.69485452759699,999999.9999999999
2025-03-01T21:30:00.000+0000,1009276.3022314397,88.69485452759699,999999.9999999999
2025-03-01T21:40:00.000+0000,1009104.8762819999,88.69485452759699,999999.9999999999
2025-03-01T21:50:00.000+0000,1005333.5053943199,88.69485452759699,999999.9999999999
2025-03-01T22:00:00.000+0000,1004904.9405207197,88.69485452759699,999999.9999999999
2025-03-01T22:10:00.000+0000,1006319.2046036,88.69485452759699,999999.9999999999
2025-03-01T22:20:00.000+0000,1007562.0427370394,88.69485452759699,999999.9999999999
2025-03-01T22:30:00.000+0000,1005504.9313437598,88.69485452759699,999999.9999999999
2025-03-01T22:40:00.000+0000,1003404.9634631196,88.69485452759699,999999.9999999999
2025-03-01T22:50:00.000+0000,1000362.1528605594,88.69485452759699,999999.9999999999
2025-03-01T23:00:00.000+0000,1002419.2642538397,88.69485452759699,999999.9999999999
2025-03-01T23:10:00.000+0000,1006447.7740656798,88.69485452759699,999999.9999999999
2025-03-01T23:20:00.000+0000,1008076.3205853599,88.69485452759699,999999.9999999999
2025-03-01T23:30:00.000+0000,1005547.7878311198,88.69485452759699,999999.9999999999
2025-03-01T23:40:00.000+0000,1005590.6443184797,88.69485452759699,999999.9999999999
2025-03-01T23:50:00.000+0000,1004819.2275459996,88.69485452759699,999999.9999999999
2025-03-02T00:00:00.000+0000,999676.4490627997,88.69485452759699,999999.9999999999
2025-03-02T00:10:00.000+0000,1002462.1207411994,88.69485452759699,999999.9999999999
2025-03-02T00:20:00.000+0000,1004776.3710586397,88.69485452759699,999999.9999999999
2025-03-02T00:30:00.000+0000,994447.9576048794,88.69485452759699,999999.9999999999
2025-03-02T00:40:00.000+0000,995305.0873520799,88.69485452759699,999999.9999999999
2025-03-02T00:50:00.000+0000,997062.2033338399,88.69485452759699,999999.9999999999
2025-03-02T01:00:00.000+0000,988876.6142480796,88.69485452759699,999999.9999999999
2025-03-02T01:10:00.000+0000,985276.6693098393,88.69485452759699,999999.9999999999
2025-03-02T01:20:00.000+0000,981762.4373463198,88.69485452759699,999999.9999999999
2025-03-02T01:30:00.000+0000,981119.5900359199,88.69485452759699,999999.9999999999
2025-03-02T01:40:00.000+0000,989090.8966848796,88.69485452759699,999999.9999999999
2025-03-02T01:50:00.000+0000,986262.3685191196,88.69485452759699,999999.9999999999
2025-03-02T02:00:00.000+0000,987933.7715261596,88.69485452759699,999999.9999999999
2025-03-02T02:10:00.000+0000,991876.5683632799,88.69485452759699,999999.9999999999
2025-03-02T02:20:00.000+0000,994319.3881427998,88.69485452759699,999999.9999999999
2025-03-02T02:30:00.000+0000,996290.7865613598,88.69485452759699,999999.9999999999
2025-03-02T02:40:00.000+0000,996976.4903591195,88.69485452759699,999999.9999999999
2025-03-02T02:50:00.000+0000,994319.3881427998,88.69485452759699,999999.9999999999
2025-03-02T03:00:00.000+0000,990462.3042803997,88.69485452759699,999999.9999999999
2025-03-02T03:10:00.000+0000,983690.9792775196,88.69485452759699,999999.9999999999
2025-03-02T03:20:00.000+0000,988190.9104503196,88.69485452759699,999999.9999999999
2025-03-02T03:30:00.000+0000,987033.7852915997,88.69485452759699,999999.9999999999
2025-03-02T03:40:00.000+0000,987676.632602,88.69485452759699,999999.9999999999
2025-03-02T03:50:00.000+0000,989476.6050711196,88.69485452759699,999999.9999999999
2025-03-02T04:00:00.000+0000,985490.9517466392,88.69485452759699,999999.9999999999
2025-03-02T04:10:00.000+0000,985619.5212087199,88.69485452759699,999999.9999999999
2025-03-02T04:20:00.000+0000,984548.1090247195,88.69485452759699,999999.9999999999
2025-03-02T04:30:00.000+0000,988190.9104503196,88.69485452759699,999999.9999999999
2025-03-02T04:40:00.000+0000,989348.0356090396,88.69485452759699,999999.9999999999
2025-03-02T04:50:00.000+0000,991576.5729517598,88.69485452759699,999999.9999999999
2025-03-02T05:00:00.000+0000,991448.0034896798,88.69485452759699,999999.9999999999
2025-03-02T05:10:00.000+0000,991790.8553885598,88.69485452759699,999999.9999999999
2025-03-02T05:20:00.000+0000,992219.4202621594,88.69485452759699,999999.9999999999
2025-03-02T05:30:00.000+0000,991833.7118759196,88.69485452759699,999999.9999999999
2025-03-02T05:40:00.000+0000,992005.1378253595,88.69485452759699,999999.9999999999
2025-03-02T05:50:00.000+0000,991276.5775402397,88.69485452759699,999999.9999999999
2025-03-02T06:00:00.000+0000,983133.8449418397,88.69485452759699,999999.9999999999
2025-03-02T06:10:00.000+0000,984505.2525373596,88.69485452759699,999999.9999999999
2025-03-02T06:20:00.000+0000,979233.9045920797,88.69485452759699,999999.9999999999
2025-03-02T06:30:00.000+0000,978633.9137690397,88.69485452759699,999999.9999999999
2025-03-02T06:40:00.000+0000,971991.1582282394,88.69485452759699,999999.9999999999
2025-03-02T06:50:00.000+0000,976876.7977872797,88.69485452759699,999999.9999999999
2025-03-02T07:00:00.000+0000,973233.9963616795,88.69485452759699,999999.9999999999
2025-03-02T07:10:00.000+0000,972034.0147155995,88.69485452759699,999999.9999999999
2025-03-02T07:20:00.000+0000,971476.88037992,88.69485452759699,999999.9999999999
2025-03-02T07:30:00.000+0000,971519.7368672799,88.69485452759699,999999.9999999999
2025-03-02T07:40:00.000+0000,970791.1765821596,88.69485452759699,999999.9999999999
2025-03-02T07:50:00.000+0000,972419.7231018395,88.69485452759699,999999.9999999999
2025-03-02T08:00:00.000+0000,976491.0894010394,88.69485452759699,999999.9999999999
2025-03-02T08:10:00.000+0000,979362.4740541597,88.69485452759699,999999.9999999999
2025-03-02T08:20:00.000+0000,976276.8069642395,88.69485452759699,999999.9999999999
2025-03-02T08:30:00.000+0000,973662.5612352794,88.69485452759699,999999.9999999999
2025-03-02T08:40:00.000+0000,974733.9734192794,88.69485452759699,999999.9999999999
2025-03-02T08:50:00.000+0000,974562.5474698398,88.69485452759699,999999.9999999999
2025-03-02T09:00:00.000+0000,977691.0710471194,88.69485452759699,999999.9999999999
2025-03-02T09:10:00.000+0000,977005.3672493597,88.69485452759699,999999.9999999999
2025-03-02T09:20:00.000+0000,976533.9458883995,88.69485452759699,999999.9999999999
2025-03-02T09:30:00.000+0000,971991.1582282394,88.69485452759699,999999.9999999999
2025-03-02T09:40:00.000+0000,970619.7506327195,88.69485452759699,999999.9999999999
2025-03-02T09:50:00.000+0000,972805.4314880794,88.69485452759699,999999.9999999999
2025-03-02T10:00:00.000+0000,973919.7001594399,88.69485452759699,999999.9999999999
2025-03-02T10:10:00.000+0000,974648.2604445597,88.69485452759699,999999.9999999999
2025-03-02T10:20:00.000+0000,971519.7368672799,88.69485452759699,999999.9999999999
2025-03-02T10:30:00.000+0000,971648.3063293596,88.69485452759699,999999.9999999999
2025-03-02T10:40:00.000+0000,970834.0330695197,88.69485452759699,999999.9999999999
2025-03-02T10:50:00.000+0000,970748.3200947997,88.69485452759699,999999.9999999999
2025-03-02T11:00:00.000+0000,970234.0422464797,88.69485452759699,999999.9999999999
2025-03-02T11:10:00.000+0000,970576.8941453596,88.69485452759699,999999.9999999999
2025-03-02T11:20:00.000+0000,961962.7401859999,88.69485452759699,999999.9999999999
2025-03-02T11:30:00.000+0000,962562.7310090397,88.69485452759699,999999.9999999999
2025-03-02T11:40:00.000+0000,964276.9905034396,88.69485452759699,999999.9999999999
2025-03-02T11:50:00.000+0000,973448.2787984797,88.69485452759699,999999.9999999999
2025-03-02T12:00:00.000+0000,978248.2053827996,88.69485452759699,999999.9999999999
2025-03-02T12:10:00.000+0000,981633.8678842398,88.69485452759699,999999.9999999999
2025-03-02T12:20:00.000+0000,979833.8954151195,88.69485452759699,999999.9999999999
2025-03-02T12:30:00.000+0000,976962.5107619996,88.69485452759699,999999.9999999999
2025-03-02T12:40:00.000+0000,976662.5153504797,88.69485452759699,999999.9999999999
2025-03-02T12:50:00.000+0000,979319.6175667994,88.69485452759699,999999.9999999999
2025-03-02T13:00:00.000+0000,978933.9091805593,88.69485452759699,999999.9999999999
2025-03-02T13:10:00.000+0000,984119.5441511198,88.69485452759699,999999.9999999999
2025-03-02T13:20:00.000+0000,986305.2250064794,88.69485452759699,999999.9999999999
2025-03-02T13:30:00.000+0000,988105.1974755995,88.69485452759699,999999.9999999999
2025-03-02T13:40:00.000+0000,988105.1974755995,88.69485452759699,999999.9999999999
2025-03-02T13:50:00.000+0000,989562.3180458396,88.69485452759699,999999.9999999999
2025-03-02T14:00:00.000+0000,987290.9242157595,88.69485452759699,999999.9999999999
2025-03-02T14:10:00.000+0000,987976.6280135197,88.69485452759699,999999.9999999999
2025-03-02T14:20:00.000+0000,986090.9425696797,88.69485452759699,999999.9999999999
2025-03-02T14:30:00.000+0000,986090.9425696797,88.69485452759699,999999.9999999999
2025-03-02T14:40:00.000+0000,991705.1424138398,88.69485452759699,999999.9999999999
2025-03-02T14:50:00.000+0000,992005.1378253595,88.69485452759699,999999.9999999999
2025-03-02T15:00:00.000+0000,990548.0172551196,88.69485452759699,999999.9999999999
2025-03-02T15:10:00.000+0000,992862.26757256,88.69485452759699,999999.9999999999
2025-03-02T15:20:00.000+0000,970876.8895568795,88.69485452759699,999999.9999999999
2025-03-02T15:30:00.000+0000,917777.7017178396,88.69485452759699,999999.9999999999
2025-03-02T15:40:00.000+0000,925620.4389047195,88.69485452759699,999999.9999999999
2025-03-02T15:50:00.000+0000,948891.5115411998,88.69485452759699,999999.9999999999
2025-03-02T16:00:00.000+0000,950434.3450861595,88.69485452759699,999999.9999999999
2025-03-02T16:10:00.000+0000,919534.8176995998,88.69485452759699,999999.9999999999
2025-03-02T16:20:00.000+0000,919834.8131111196,88.69485452759699,999999.9999999999
2025-03-02T16:30:00.000+0000,896906.5923735197,88.69485452759699,999999.9999999999
2025-03-02T16:40:00.000+0000,905777.8852570399,88.69485452759699,999999.9999999999
2025-03-02T16:50:00.000+0000,906377.8760800795,88.69485452759699,999999.9999999999
2025-03-02T17:00:00.000+0000,913492.0529818397,88.69485452759699,999999.9999999999
2025-03-02T17:10:00.000+0000,910106.3904803997,88.69485452759699,999999.9999999999
2025-03-02T17:20:00.000+0000,908177.8485491994,88.69485452759699,999999.9999999999
2025-03-02T17:30:00.000+0000,912420.6407978395,88.69485452759699,999999.9999999999
2025-03-02T17:40:00.000+0000,915677.7338371997,88.69485452759699,999999.9999999999
2025-03-02T17:50:00.000+0000,924420.4572586399,88.69485452759699,999999.9999999999
2025-03-02T18:00:00.000+0000,922577.6283021594,88.69485452759699,999999.9999999999
2025-03-02T18:10:00.000+0000,925963.2908035998,88.69485452759699,999999.9999999999
2025-03-02T18:20:00.000+0000,924977.5915943197,88.69485452759699,999999.9999999999
2025-03-02T18:30:00.000+0000,931448.9211856795,88.69485452759699,999999.9999999999
2025-03-02T18:40:00.000+0000,933120.3241927199,88.69485452759699,999999.9999999999
2025-03-02T18:50:00.000+0000,929306.0968176796,88.69485452759699,999999.9999999999
2025-03-02T19:00:00.000+0000,920306.2344720798,88.69485452759699,999999.9999999999
2025-03-02T19:10:00.000+0000,912377.7843104795,88.69485452759699,999999.9999999999
2025-03-02T19:20:00.000+0000,907706.4271882398,88.69485452759699,999999.9999999999
2025-03-02T19:30:00.000+0000,907706.4271882398,88.69485452759699,999999.9999999999
2025-03-02T19:40:00.000+0000,886406.7529703198,88.69485452759699,999999.9999999999
2025-03-02T19:50:00.000+0000,871449.8388816797,88.69485452759699,999999.9999999999
2025-03-02T20:00:00.000+0000,859492.8789082394,88.69485452759699,999999.9999999999
2025-03-02T20:10:00.000+0000,865707.0695754396,88.69485452759699,999999.9999999999
2025-03-02T20:20:00.000+0000,862278.5505866397,88.69485452759699,999999.9999999999
2025-03-02T20:30:00.000+0000,855421.5126090397,88.69485452759699,999999.9999999999
2025-03-02T20:40:00.000+0000,835021.8246256796,88.69485452759699,999999.9999999999
2025-03-02T20:50:00.000+0000,812607.8817363996,88.69485452759699,999999.9999999999
2025-03-02T21:00:00.000+0000,814793.5625917598,88.69485452759699,999999.9999999999
2025-03-02T21:10:00.000+0000,822250.5913923996,88.69485452759699,999999.9999999999
2025-03-02T21:20:00.000+0000,823879.1379120795,88.69485452759699,999999.9999999999
2025-03-02T21:30:00.000+0000,828250.4996227998,88.69485452759699,999999.9999999999
2025-03-02T21:40:00.000+0000,844964.5296931997,88.69485452759699,999999.9999999999
2025-03-02T21:50:00.000+0000,845864.5159277596,88.69485452759699,999999.9999999999
2025-03-02T22:00:00.000+0000,849421.6043786397,88.69485452759699,999999.9999999999
2025-03-02T22:10:00.000+0000,856064.3599194398,88.69485452759699,999999.9999999999
2025-03-02T22:20:00.000+0000,845564.5205162396,88.69485452759699,999999.9999999999
2025-03-02T22:30:00.000+0000,845135.9556426395,88.69485452759699,999999.9999999999
2025-03-02T22:40:00.000+0000,835364.6765245597,88.69485452759699,999999.9999999999
2025-03-02T22:50:00.000+0000,830479.0369655198,88.69485452759699,999999.9999999999
2025-03-02T23:00:00.000+0000,829407.6247815198,88.69485452759699,999999.9999999999
2025-03-02T23:10:00.000+0000,827950.5042112794,88.69485452759699,999999.9999999999
2025-03-02T23:20:00.000+0000,835578.9589613598,88.69485452759699,999999.9999999999
2025-03-02T23:30:00.000+0000,840121.7466215197,88.69485452759699,999999.9999999999
2025-03-02T23:40:00.000+0000,839264.6168743197,88.69485452759699,999999.9999999999
2025-03-02T23:50:00.000+0000,843421.6961482397,88.69485452759699,999999.9999999999
2025-03-03T00:00:00.000+0000,843250.2701987996,88.69485452759699,999999.9999999999
2025-03-03T00:10:00.000+0000,854521.5263744796,88.69485452759699,999999.9999999999
2025-03-03T00:20:00.000+0000,852592.9844432797,88.69485452759699,999999.9999999999
2025-03-03T00:30:00.000+0000,855035.8042227996,88.69485452759699,999999.9999999999
2025-03-03T00:40:00.000+0000,857521.4804896795,88.69485452759699,999999.9999999999
2025-03-03T00:50:00.000+0000,859192.8834967195,88.69485452759699,999999.9999999999
2025-03-03T01:00:00.000+0000,852292.9890317597,88.69485452759699,999999.9999999999
2025-03-03T01:10:00.000+0000,853064.4058042396,88.69485452759699,999999.9999999999
2025-03-03T01:20:00.000+0000,862621.4024855195,88.69485452759699,999999.9999999999
2025-03-03T01:30:00.000+0000,873978.3716359194,88.69485452759699,999999.9999999999
2025-03-03T01:40:00.000+0000,878135.4509098396,88.69485452759699,999999.9999999999
2025-03-03T01:50:00.000+0000,874492.6494842396,88.69485452759699,999999.9999999999
2025-03-03T02:00:00.000+0000,873721.2327117597,88.69485452759699,999999.9999999999
2025-03-03T02:10:00.000+0000,876935.4692637596,88.69485452759699,999999.9999999999
2025-03-03T02:20:00.000+0000,881392.5439491995,88.69485452759699,999999.9999999999
2025-03-03T02:30:00.000+0000,878435.4463213597,88.69485452759699,999999.9999999999
2025-03-03T02:40:00.000+0000,874664.0754336795,88.69485452759699,999999.9999999999
2025-03-03T02:50:00.000+0000,875264.0662567198,88.69485452759699,999999.9999999999
2025-03-03T03:00:00.000+0000,874706.9319210395,88.69485452759699,999999.9999999999
2025-03-03T03:10:00.000+0000,884478.2110391197,88.69485452759699,999999.9999999999
2025-03-03T03:20:00.000+0000,890478.1192695197,88.69485452759699,999999.9999999999
2025-03-03T03:30:00.000+0000,890263.8368327197,88.69485452759699,999999.9999999999
2025-03-03T03:40:00.000+0000,893263.7909479196,88.69485452759699,999999.9999999999
2025-03-03T03:50:00.000+0000,891678.1009155996,88.69485452759699,999999.9999999999
2025-03-03T04:00:00.000+0000,890049.5543959195,88.69485452759699,999999.9999999999
2025-03-03T04:10:00.000+0000,887049.6002807195,88.69485452759699,999999.9999999999
2025-03-03T04:20:00.000+0000,882506.8126205596,88.69485452759699,999999.9999999999
2025-03-03T04:30:00.000+0000,883706.7942666396,88.69485452759699,999999.9999999999
2025-03-03T04:40:00.000+0000,880278.2752778397,88.69485452759699,999999.9999999999
2025-03-03T04:50:00.000+0000,881306.8309744798,88.69485452759699,999999.9999999999
2025-03-03T05:00:00.000+0000,882249.6736963998,88.69485452759699,999999.9999999999
2025-03-03T05:10:00.000+0000,881263.9744871197,88.69485452759699,999999.9999999999
2025-03-03T05:20:00.000+0000,884435.3545517597,88.69485452759699,999999.9999999999
2025-03-03T05:30:00.000+0000,881649.6828733596,88.69485452759699,999999.9999999999
2025-03-03T05:40:00.000+0000,877535.4600867997,88.69485452759699,999999.9999999999
2025-03-03T05:50:00.000+0000,880235.4187904798,88.69485452759699,999999.9999999999
2025-03-03T06:00:00.000+0000,884135.3591402395,88.69485452759699,999999.9999999999
2025-03-03T06:10:00.000+0000,885635.3361978395,88.69485452759699,999999.9999999999
2025-03-03T06:20:00.000+0000,889878.1284464797,88.69485452759699,999999.9999999999
2025-03-03T06:30:00.000+0000,898020.8610448797,88.69485452759699,999999.9999999999
2025-03-03T06:40:00.000+0000,908606.4134227996,88.69485452759699,999999.9999999999
2025-03-03T06:50:00.000+0000,919963.3825731998,88.69485452759699,999999.9999999999
2025-03-03T07:00:00.000+0000,920266.3727869597,363.86294380759693,999999.9999999999
2025-03-03T07:10:00.000+0000,915126.4240381597,363.86294380759693,999999.9999999999
2025-03-03T07:20:00.000+0000,915254.9227568798,363.86294380759693,999999.9999999999
2025-03-03T07:30:00.000+0000,913327.4419760797,363.86294380759693,999999.9999999999
2025-03-03T07:40:00.000+0000,916154.4137879197,363.86294380759693,999999.9999999999
2025-03-03T07:50:00.000+0000,915297.7556631198,363.86294380759693,999999.9999999999
2025-03-03T08:00:00.000+0000,915297.7556631198,363.86294380759693,999999.9999999999
2025-03-03T08:10:00.000+0000,917824.8971312796,363.86294380759693,999999.9999999999
2025-03-03T08:20:00.000+0000,923136.1775050397,363.86294380759693,999999.9999999999
2025-03-03T08:30:00.000+0000,923050.5116925596,363.86294380759693,999999.9999999999
2025-03-03T08:40:00.000+0000,919109.8843184798,363.86294380759693,999999.9999999999
2025-03-03T08:50:00.000+0000,927248.1365040796,363.86294380759693,999999.9999999999
2025-03-03T09:00:00.000+0000,930803.2677219997,363.86294380759693,999999.9999999999
2025-03-03T09:10:00.000+0000,927890.6300976798,363.86294380759693,999999.9999999999
2025-03-03T09:20:00.000+0000,923221.8433175196,363.86294380759693,999999.9999999999
2025-03-03T09:30:00.000+0000,924806.6608483996,363.86294380759693,999999.9999999999
2025-03-03T09:40:00.000+0000,926391.4783792796,363.86294380759693,999999.9999999999
2025-03-03T09:50:00.000+0000,924164.1672547997,363.86294380759693,999999.9999999999
2025-03-03T10:00:00.000+0000,927205.3035978398,363.86294380759693,999999.9999999999
2025-03-03T10:10:00.000+0000,921851.1903178396,363.86294380759693,999999.9999999999
2025-03-03T10:20:00.000+0000,922622.1826301597,363.86294380759693,999999.9999999999
2025-03-03T10:30:00.000+0000,919281.2159434396,363.86294380759693,999999.9999999999
2025-03-03T10:40:00.000+0000,919152.7172247197,363.86294380759693,999999.9999999999
2025-03-03T10:50:00.000+0000,921765.5245053597,363.86294380759693,999999.9999999999
2025-03-03T11:00:00.000+0000,921208.6967242396,363.86294380759693,999999.9999999999
2025-03-03T11:10:00.000+0000,922450.8510051996,363.86294380759693,999999.9999999999
2025-03-03T11:20:00.000+0000,925020.8253795994,363.86294380759693,999999.9999999999
2025-03-03T11:30:00.000+0000,924335.4988797596,363.86294380759693,999999.9999999999
2025-03-03T11:40:00.000+0000,926048.8151293595,363.86294380759693,999999.9999999999
2025-03-03T11:50:00.000+0000,927033.9719728795,363.86294380759693,999999.9999999999
2025-03-03T12:00:00.000+0000,916411.4112253595,363.86294380759693,999999.9999999999
2025-03-03T12:10:00.000+0000,921208.6967242396,363.86294380759693,999999.9999999999
2025-03-03T12:20:00.000+0000,922665.0155363996,363.86294380759693,999999.9999999999
2025-03-03T12:30:00.000+0000,917696.3984125595,363.86294380759693,999999.9999999999
2025-03-03T12:40:00.000+0000,897222.2692298398,363.86294380759693,999999.9999999999
2025-03-03T12:50:00.000+0000,902704.8812285597,363.86294380759693,999999.9999999999
2025-03-03T13:00:00.000+0000,900606.0688227998,363.86294380759693,999999.9999999999
2025-03-03T13:10:00.000+0000,907502.1667274395,363.86294380759693,999999.9999999999
2025-03-03T13:20:00.000+0000,905874.5162903199,363.86294380759693,999999.9999999999
2025-03-03T13:30:00.000+0000,904375.3645719197,363.86294380759693,999999.9999999999
2025-03-03T13:40:00.000+0000,898592.9222295199,363.86294380759693,999999.9999999999
2025-03-03T13:50:00.000+0000,901377.0611351198,363.86294380759693,999999.9999999999
2025-03-03T14:00:00.000+0000,908744.3210083996,363.86294380759693,999999.9999999999
2025-03-03T14:10:00.000+0000,908615.8222896797,363.86294380759693,999999.9999999999
2025-03-03T14:20:00.000+0000,917610.7326000796,363.86294380759693,999999.9999999999
2025-03-03T14:30:00.000+0000,916240.0796003996,363.86294380759693,999999.9999999999
2025-03-03T14:40:00.000+0000,927676.4655664796,363.86294380759693,999999.9999999999
2025-03-03T14:50:00.000+0000,930374.9386595997,363.86294380759693,999999.9999999999
2025-03-03T15:00:00.000+0000,939369.8489699997,363.86294380759693,999999.9999999999
2025-03-03T15:10:00.000+0000,932002.5890967196,363.86294380759693,999999.9999999999
2025-03-03T15:20:00.000+0000,928704.4553162397,363.86294380759693,999999.9999999999
2025-03-03T15:30:00.000+0000,932345.2523466395,363.86294380759693,999999.9999999999
2025-03-03T15:40:00.000+0000,933073.4117527197,363.86294380759693,999999.9999999999
2025-03-03T15:50:00.000+0000,935000.8925335197,363.86294380759693,999999.9999999999
2025-03-03T16:00:00.000+0000,933330.4091901598,363.86294380759693,999999.9999999999
2025-03-03T16:10:00.000+0000,936842.7075018396,363.86294380759693,999999.9999999999
2025-03-03T16:20:00.000+0000,933544.5737213597,363.86294380759693,999999.9999999999
2025-03-03T16:30:00.000+0000,936799.8745955997,363.86294380759693,999999.9999999999
2025-03-03T16:40:00.000+0000,937356.7023767198,363.86294380759693,999999.9999999999
2025-03-03T16:50:00.000+0000,937956.3630640798,363.86294380759693,999999.9999999999
2025-03-03T17:00:00.000+0000,939798.1780323996,363.86294380759693,999999.9999999999
2025-03-03T17:10:00.000+0000,941468.6613757599,363.86294380759693,999999.9999999999
2025-03-03T17:20:00.000+0000,940526.3374384795,363.86294380759693,999999.9999999999
2025-03-03T17:30:00.000+0000,939155.6844387997,363.86294380759693,999999.9999999999
2025-03-03T17:40:00.000+0000,937613.6998141599,363.86294380759693,999999.9999999999
2025-03-03T17:50:00.000+0000,946351.6126871197,363.86294380759693,999999.9999999999
2025-03-03T18:00:00.000+0000,947251.1037181595,363.86294380759693,999999.9999999999
2025-03-03T18:10:00.000+0000,952005.5563107994,363.86294380759693,999999.9999999999
2025-03-03T18:20:00.000+0000,966440.2457136796,363.86294380759693,999999.9999999999
2025-03-03T18:30:00.000+0000,972008.5235248795,363.86294380759693,999999.9999999999
2025-03-03T18:40:00.000+0000,977748.1329610397,363.86294380759693,999999.9999999999
2025-03-03T18:50:00.000+0000,980832.1022103196,363.86294380759693,999999.9999999999
2025-03-03T19:00:00.000+0000,988070.8633648795,363.86294380759693,999999.9999999999
2025-03-03T19:10:00.000+0000,991882.9920202398,363.86294380759693,999999.9999999999
2025-03-03T19:20:00.000+0000,1002205.7224240794,363.86294380759693,999999.9999999999
2025-03-03T19:30:00.000+0000,997836.7659875997,363.86294380759693,999999.9999999999
2025-03-03T19:40:00.000+0000,1003405.0437987996,363.86294380759693,999999.9999999999
2025-03-03T19:50:00.000+0000,1006146.3497981597,363.86294380759693,999999.9999999999
2025-03-03T20:00:00.000+0000,1017068.7408893597,363.86294380759693,999999.9999999999
2025-03-03T20:10:00.000+0000,1013770.6071088796,363.86294380759693,999999.9999999999
2025-03-03T20:20:00.000+0000,1014927.0955773594,363.86294380759693,999999.9999999999
2025-03-03T20:30:00.000+0000,1018824.8900451998,363.86294380759693,999999.9999999999
2025-03-03T20:40:00.000+0000,1020795.2037322398,363.86294380759693,999999.9999999999
2025-03-03T20:50:00.000+0000,1019895.7127011998,363.86294380759693,999999.9999999999
2025-03-03T21:00:00.000+0000,1016897.4092643999,363.86294380759693,999999.9999999999
2025-03-03T21:10:00.000+0000,1020666.7050135201,363.86294380759693,999999.9999999999
2025-03-03T21:20:00.000+0000,1022594.18579432,363.86294380759693,999999.9999999999
2025-03-03T21:30:00.000+0000,1020324.0417635997,363.86294380759693,999999.9999999999
2025-03-03T21:40:00.000+0000,1022037.3580131996,363.86294380759693,999999.9999999999
2025-03-03T21:50:00.000+0000,1032231.5896983193,363.86294380759693,999999.9999999999
2025-03-03T22:00:00.000+0000,1028290.9623242398,363.86294380759693,999999.9999999999
2025-03-03T22:10:00.000+0000,1028462.2939491994,363.86294380759693,999999.9999999999
2025-03-03T22:20:00.000+0000,1027691.3016368796,363.86294380759693,999999.9999999999
2025-03-03T22:30:00.000+0000,1025421.1576061595,363.86294380759693,999999.9999999999
2025-03-03T22:40:00.000+0000,1021823.1934819998,115680.34276831165,999999.9999999999
2025-03-03T22:50:00.000+0000,1019210.3862013598,304.7427683116206,999999.9999999999
2025-03-03T23:00:00.000+0000,1020601.4516784796,304.7427683116206,999999.9999999999
2025-03-03T23:10:00.000+0000,1017727.1225827996,304.7427683116206,999999.9999999999
2025-03-03T23:20:00.000+0000,1017149.9846627996,304.7427683116206,999999.9999999999
2025-03-03T23:30:00.000+0000,1016469.1825405598,304.7427683116206,999999.9999999999
2025-03-03T23:40:00.000+0000,1015195.4567370397,304.7427683116206,999999.9999999999
2025-03-03T23:50:00.000+0000,1018728.0651876,304.7427683116206,999999.9999999999
2025-03-04T00:00:00.000+0000,1016406.0394954397,304.7427683116206,999999.9999999999
2025-03-04T00:10:00.000+0000,1016176.0892029599,304.7427683116206,999999.9999999999
2025-03-04T00:20:00.000+0000,1014676.9374845595,304.7427683116206,999999.9999999999
2025-03-04T00:30:00.000+0000,1021733.1056304793,304.7427683116206,999999.9999999999
2025-03-04T00:40:00.000+0000,1023601.9677437594,304.7427683116206,999999.9999999999
2025-03-04T00:50:00.000+0000,1025015.4536496797,304.7427683116206,999999.9999999999
2025-03-04T01:00:00.000+0000,1029007.9626851995,304.7427683116206,999999.9999999999
2025-03-04T01:10:00.000+0000,1029929.9764835997,304.7427683116206,999999.9999999999
2025-03-04T01:20:00.000+0000,1031690.6500170396,304.7427683116206,999999.9999999999
2025-03-04T01:30:00.000+0000,1033536.9893629594,304.7427683116206,999999.9999999999
2025-03-04T01:40:00.000+0000,1055537.4165296797,304.7427683116206,999999.9999999999
2025-03-04T01:50:00.000+0000,1055332.3007536794,304.7427683116206,999999.9999999999
2025-03-04T02:00:00.000+0000,1055181.2792675996,304.7427683116206,999999.9999999999
2025-03-04T02:10:00.000+0000,1057264.3059120798,304.7427683116206,999999.9999999999
2025-03-04T02:20:00.000+0000,1048474.51137768,304.7427683116206,999999.9999999999
2025-03-04T02:30:00.000+0000,1042917.4949501597,304.7427683116206,999999.9999999999
2025-03-04T02:40:00.000+0000,1049268.0264573593,304.7427683116206,999999.9999999999
2025-03-04T02:50:00.000+0000,1044824.6655920799,304.7427683116206,999999.9999999999
2025-03-04T03:00:00.000+0000,1044103.24319208,304.7427683116206,999999.9999999999
2025-03-04T03:10:00.000+0000,1045446.8490467996,304.7427683116206,999999.9999999999
2025-03-04T03:20:00.000+0000,1039028.6501168796,304.7427683116206,999999.9999999999
2025-03-04T03:30:00.000+0000,1039082.7444067997,304.7427683116206,999999.9999999999
2025-03-04T03:40:00.000+0000,1042401.1883261598,304.7427683116206,999999.9999999999
2025-03-04T03:50:00.000+0000,1036796.8146147996,304.7427683116206,999999.9999999999
2025-03-04T04:00:00.000+0000,1041341.6270538395,304.7427683116206,999999.9999999999
2025-03-04T04:10:00.000+0000,1042031.4779312797,304.7427683116206,999999.9999999999
2025-03-04T04:20:00.000+0000,1043417.9166922398,304.7427683116206,999999.9999999999
2025-03-04T04:30:00.000+0000,1046082.6056343197,304.7427683116206,999999.9999999999
2025-03-04T04:40:00.000+0000,1046382.4359779996,304.7427683116206,999999.9999999999
2025-03-04T04:50:00.000+0000,1046553.7676029598,304.7427683116206,999999.9999999999
2025-03-04T05:00:00.000+0000,1032044.67377128,304.7427683116206,999999.9999999999
2025-03-04T05:10:00.000+0000,1039517.9095959195,304.7427683116206,999999.9999999999
2025-03-04T05:20:00.000+0000,1039608.0997859995,304.7427683116206,999999.9999999999
2025-03-04T05:30:00.000+0000,1040877.3012119195,304.7427683116206,999999.9999999999
2025-03-04T05:40:00.000+0000,1043050.5180464794,304.7427683116206,999999.9999999999
2025-03-04T05:50:00.000+0000,1043327.8256227996,304.7427683116206,999999.9999999999
2025-03-04T06:00:00.000+0000,1041605.4606179999,304.7427683116206,999999.9999999999
2025-03-04T06:10:00.000+0000,1044315.1950947999,304.7427683116206,999999.9999999999
2025-03-04T06:20:00.000+0000,1042227.6440727198,304.7427683116206,999999.9999999999
2025-03-04T06:30:00.000+0000,1042667.2345187997,304.7427683116206,999999.9999999999
2025-03-04T06:40:00.000+0000,1044723.21401832,304.7427683116206,999999.9999999999
2025-03-04T06:50:00.000+0000,1044085.2448023199,304.7427683116206,999999.9999999999
2025-03-04T07:00:00.000+0000,1044540.6210096796,304.7427683116206,999999.9999999999
2025-03-04T07:10:00.000+0000,1046526.7204579996,304.7427683116206,999999.9999999999
2025-03-04T07:20:00.000+0000,1047024.9295715995,304.7427683116206,999999.9999999999
2025-03-04T07:30:00.000+0000,1046655.2191767198,304.7427683116206,999999.9999999999
2025-03-04T07:40:00.000+0000,1047874.8506903197,304.7427683116206,999999.9999999999
2025-03-04T07:50:00.000+0000,1049277.0752125597,304.7427683116206,999999.9999999999
2025-03-04T08:00:00.000+0000,1049004.2920138396,304.7427683116206,999999.9999999999
2025-03-04T08:10:00.000+0000,1046161.5344407196,304.7427683116206,999999.9999999999
2025-03-04T08:20:00.000+0000,1042847.6148989598,304.7427683116206,999999.9999999999
2025-03-04T08:30:00.000+0000,1040893.0869731997,304.7427683116206,999999.9999999999
2025-03-04T08:40:00.000+0000,1045180.9019747998,304.7427683116206,999999.9999999999
2025-03-04T08:50:00.000+0000,1045951.8942871197,304.7427683116206,999999.9999999999
2025-03-04T09:00:00.000+0000,1046450.1034007196,304.7427683116206,999999.9999999999
2025-03-04T09:10:00.000+0000,1045149.3304522398,304.7427683116206,999999.9999999999
2025-03-04T09:20:00.000+0000,1049725.7144138394,304.7427683116206,999999.9999999999
2025-03-04T09:30:00.000+0000,1046734.1479831196,304.7427683116206,999999.9999999999
2025-03-04T09:40:00.000+0000,1041733.9593367194,304.7427683116206,999999.9999999999
2025-03-04T09:50:00.000+0000,1044421.1710461599,304.7427683116206,999999.9999999999
2025-03-04T10:00:00.000+0000,1042493.6902653598,304.7427683116206,999999.9999999999
2025-03-04T10:10:00.000+0000,1041585.1504791197,304.7427683116206,999999.9999999999
2025-03-04T10:20:00.000+0000,1043945.4846999198,304.7427683116206,999999.9999999999
2025-03-04T10:30:00.000+0000,1036934.3620887195,304.7427683116206,999999.9999999999
2025-03-04T10:40:00.000+0000,1036564.6516938398,304.7427683116206,999999.9999999999
2025-03-04T10:50:00.000+0000,1037421.3098186395,304.7427683116206,999999.9999999999
2025-03-04T11:00:00.000+0000,1037062.8608074397,304.7427683116206,999999.9999999999
2025-03-04T11:10:00.000+0000,1032592.4527971996,304.7427683116206,999999.9999999999
2025-03-04T11:20:00.000+0000,1036034.8710576796,304.7427683116206,999999.9999999999
2025-03-04T11:30:00.000+0000,1034391.4348592797,304.7427683116206,999999.9999999999
2025-03-04T11:40:00.000+0000,1037448.3569635999,304.7427683116206,999999.9999999999
2025-03-04T11:50:00.000+0000,1037518.2370147996,304.7427683116206,999999.9999999999
2025-03-04T12:00:00.000+0000,1038701.7726282396,304.7427683116206,999999.9999999999
2025-03-04T12:10:00.000+0000,1042658.1857635996,304.7427683116206,999999.9999999999
2025-03-04T12:20:00.000+0000,1043451.7008432797,304.7427683116206,999999.9999999999
2025-03-04T12:30:00.000+0000,1041519.6956848794,304.7427683116206,999999.9999999999
2025-03-04T12:40:00.000+0000,1038837.0083530397,304.7427683116206,999999.9999999999
2025-03-04T12:50:00.000+0000,1040947.0821424794,304.7427683116206,999999.9999999999
2025-03-04T13:00:00.000+0000,1043415.6049431197,304.7427683116206,999999.9999999999
2025-03-04T13:10:00.000+0000,1051535.8587389595,304.7427683116206,999999.9999999999
2025-03-04T13:20:00.000+0000,1054175.7131645598,304.7427683116206,999999.9999999999
2025-03-04T13:30:00.000+0000,1050289.1800803996,304.7427683116206,999999.9999999999
2025-03-04T13:40:00.000+0000,1047381.0668336799,304.7427683116206,999999.9999999999
2025-03-04T13:50:00.000+0000,1050924.9366679196,304.7427683116206,999999.9999999999
2025-03-04T14:00:00.000+0000,1050550.7018954395,304.7427683116206,999999.9999999999
2025-03-04T14:10:00.000+0000,1052049.85361384,304.7427683116206,999999.9999999999
2025-03-04T14:20:00.000+0000,1049164.2631344795,304.7427683116206,999999.9999999999
2025-03-04T14:30:00.000+0000,1028730.6551088799,304.7427683116206,999999.9999999999
2025-03-04T14:40:00.000+0000,1030155.4023984798,304.7427683116206,999999.9999999999
2025-03-04T14:50:00.000+0000,1032416.497674,304.7427683116206,999999.9999999999
2025-03-04T15:00:00.000+0000,1046344.0283287198,304.7427683116206,999999.9999999999
2025-03-04T15:10:00.000+0000,1047403.5896010399,304.7427683116206,999999.9999999999
2025-03-04T15:20:00.000+0000,1053934.5014884,304.7427683116206,999999.9999999999
2025-03-04T15:30:00.000+0000,1048988.4071319196,304.7427683116206,999999.9999999999
2025-03-04T15:40:00.000+0000,1042601.7797245596,304.7427683116206,999999.9999999999
2025-03-04T15:50:00.000+0000,1043212.7017955997,304.7427683116206,999999.9999999999
2025-03-04T16:00:00.000+0000,1040971.8175383199,304.7427683116206,999999.9999999999
2025-03-04T16:10:00.000+0000,1045040.9436311193,304.7427683116206,999999.9999999999
2025-03-04T16:20:00.000+0000,1050827.9103511192,304.7427683116206,999999.9999999999
2025-03-04T16:30:00.000+0000,1060900.4794442395,304.7427683116206,999999.9999999999
2025-03-04T16:40:00.000+0000,1050142.5838512797,304.7427683116206,999999.9999999999
2025-03-04T16:50:00.000+0000,1042867.7267965598,304.7427683116206,999999.9999999999
2025-03-04T17:00:00.000+0000,1039157.0497149599,304.7427683116206,999999.9999999999
2025-03-04T17:10:00.000+0000,1030344.7324131998,304.7427683116206,999999.9999999999
2025-03-04T17:20:00.000+0000,1029839.7862935197,304.7427683116206,999999.9999999999
2025-03-04T17:30:00.000+0000,1026965.4571978399,304.7427683116206,999999.9999999999
2025-03-04T17:40:00.000+0000,1024584.8128381595,304.7427683116206,999999.9999999999
2025-03-04T17:50:00.000+0000,1022368.7630973597,304.7427683116206,999999.9999999999
2025-03-04T18:00:00.000+0000,1024269.1967331998,304.7427683116206,999999.9999999999
2025-03-04T18:10:00.000+0000,1020966.5385751199,304.7427683116206,999999.9999999999
2025-03-04T18:20:00.000+0000,1023211.8480893597,304.7427683116206,999999.9999999999
2025-03-04T18:30:00.000+0000,1020790.6825725597,304.7427683116206,999999.9999999999
2025-03-04T18:40:00.000+0000,1016904.1494883997,304.7427683116206,999999.9999999999
2025-03-04T18:50:00.000+0000,1010073.4072573595,304.7427683116206,999999.9999999999
2025-03-04T19:00:00.000+0000,1003632.6855600798,304.7427683116206,999999.9999999999
2025-03-04T19:10:00.000+0000,1006642.2503805596,304.7427683116206,999999.9999999999
2025-03-04T19:20:00.000+0000,1009636.0294397598,304.7427683116206,999999.9999999999
2025-03-04T19:30:00.000+0000,1013175.3748963998,304.7427683116206,999999.9999999999
2025-03-04T19:40:00.000+0000,1010530.9960931997,304.7427683116206,999999.9999999999
2025-03-04T19:50:00.000+0000,1011306.5127831195,304.7427683116206,999999.9999999999
2025-03-04T20:00:00.000+0000,1010434.0688970397,304.7427683116206,999999.9999999999
2025-03-04T20:10:00.000+0000,1009807.3610647197,304.7427683116206,999999.9999999999
2025-03-04T20:20:00.000+0000,1006948.8177303195,304.7427683116206,999999.9999999999
2025-03-04T20:30:00.000+0000,1011836.2934192795,304.7427683116206,999999.9999999999
2025-03-04T20:40:00.000+0000,1014000.4614986395,304.7427683116206,999999.9999999999
2025-03-04T20:50:00.000+0000,1017088.9551255197,304.7427683116206,999999.9999999999
2025-03-04T21:00:00.000+0000,1019620.6209712799,304.7427683116206,999999.9999999999
2025-03-04T21:10:00.000+0000,1013513.5137687195,304.7427683116206,999999.9999999999
2025-03-04T21:20:00.000+0000,1000320.9786467996,304.7427683116206,999999.9999999999
2025-03-04T21:30:00.000+0000,1005772.0191229592,304.7427683116206,999999.9999999999
2025-03-04T21:40:00.000+0000,1007672.4527588,304.7427683116206,999999.9999999999
2025-03-04T21:50:00.000+0000,1010343.8787069599,304.7427683116206,999999.9999999999
2025-03-04T22:00:00.000+0000,1009904.2882608797,304.7427683116206,999999.9999999999
2025-03-04T22:10:00.000+0000,1010855.6609533592,304.7427683116206,999999.9999999999
2025-03-04T22:20:00.000+0000,1005690.8776880797,304.7427683116206,999999.9999999999
2025-03-04T22:30:00.000+0000,1006423.5614717596,304.7427683116206,999999.9999999999
2025-03-04T22:40:00.000+0000,1008756.8485475997,304.7427683116206,999999.9999999999
2025-03-04T22:50:00.000+0000,1009742.0053911196,304.7427683116206,999999.9999999999
2025-03-04T23:00:00.000+0000,1011315.5615383197,304.7427683116206,999999.9999999999
2025-03-04T23:10:00.000+0000,1009773.5769136796,304.7427683116206,999999.9999999999
2025-03-04T23:20:00.000+0000,1012219.5769469598,304.7427683116206,999999.9999999999
2025-03-04T23:30:00.000+0000,1010875.9710922397,304.7427683116206,999999.9999999999
2025-03-04T23:40:00.000+0000,1009505.3180925596,304.7427683116206,999999.9999999999
2025-03-04T23:50:00.000+0000,1007535.0044055197,304.7427683116206,999999.9999999999
2025-03-05T00:00:00.000+0000,1008788.4200701597,304.7427683116206,999999.9999999999
2025-03-05T00:10:00.000+0000,1008601.3026839196,304.7427683116206,999999.9999999999
2025-03-05T00:20:00.000+0000,1011755.1519843998,304.7427683116206,999999.9999999999
2025-03-05T00:30:00.000+0000,1011155.4912970397,304.7427683116206,999999.9999999999
2025-03-05T00:40:00.000+0000,1012740.3088279198,304.7427683116206,999999.9999999999
2025-03-05T00:50:00.000+0000,1014629.4810800797,304.7427683116206,999999.9999999999
2025-03-05T01:00:00.000+0000,1015256.1889123998,304.7427683116206,999999.9999999999
2025-03-05T01:10:00.000+0000,1013430.15970536,304.7427683116206,999999.9999999999
2025-03-05T01:20:00.000+0000,1009906.6000099998,304.7427683116206,999999.9999999999
2025-03-05T01:30:00.000+0000,1008964.2760727197,304.7427683116206,999999.9999999999
2025-03-05T01:40:00.000+0000,1006222.9700733598,304.7427683116206,999999.9999999999
2025-03-05T01:50:00.000+0000,996238.3785418398,304.7427683116206,999999.9999999999
2025-03-05T02:00:00.000+0000,998481.4754275996,304.7427683116206,999999.9999999999
2025-03-05T02:10:00.000+0000,1002537.1275082396,304.7427683116206,999999.9999999999
2025-03-05T02:20:00.000+0000,996418.7589219997,304.7427683116206,999999.9999999999
2025-03-05T02:30:00.000+0000,996080.6200496798,304.7427683116206,999999.9999999999
2025-03-05T02:40:00.000+0000,993237.8624765595,304.7427683116206,999999.9999999999
2025-03-05T02:50:00.000+0000,984822.3027146395,304.7427683116206,999999.9999999999
2025-03-05T03:00:00.000+0000,991028.5497418399,304.7427683116206,999999.9999999999
2025-03-05T03:10:00.000+0000,990706.1966307998,304.7427683116206,999999.9999999999
2025-03-05T03:20:00.000+0000,993891.6174538396,304.7427683116206,999999.9999999999
2025-03-05T03:30:00.000+0000,995352.4606435995,304.7427683116206,999999.9999999999
2025-03-05T03:40:00.000+0000,1000041.5575626395,304.7427683116206,999999.9999999999
2025-03-05T03:50:00.000+0000,1001551.9706647198,304.7427683116206,999999.9999999999
2025-03-05T04:00:00.000+0000,1009036.4678730399,304.7427683116206,999999.9999999999
2025-03-05T04:10:00.000+0000,1005754.1198538395,304.7427683116206,999999.9999999999
2025-03-05T04:20:00.000+0000,1006685.1824074398,304.7427683116206,999999.9999999999
2025-03-05T04:30:00.000+0000,1006455.2321149594,304.7427683116206,999999.9999999999
2025-03-05T04:40:00.000+0000,1008292.5227056799,304.7427683116206,999999.9999999999
2025-03-05T04:50:00.000+0000,1007237.4858109597,304.7427683116206,999999.9999999999
2025-03-05T05:00:00.000+0000,1007965.6452170399,304.7427683116206,999999.9999999999
2025-03-05T05:10:00.000+0000,1007521.5303933598,304.7427683116206,999999.9999999999
2025-03-05T05:20:00.000+0000,1008468.3787082399,304.7427683116206,999999.9999999999
2025-03-05T05:30:00.000+0000,1008094.1439357598,304.7427683116206,999999.9999999999
2025-03-05T05:40:00.000+0000,1010438.6923952799,304.7427683116206,999999.9999999999
2025-03-05T05:50:00.000+0000,1008105.4053194398,304.7427683116206,999999.9999999999
2025-03-05T06:00:00.000+0000,1011836.3925399197,304.7427683116206,999999.9999999999
2025-03-05T06:10:00.000+0000,1012436.0532272795,304.7427683116206,999999.9999999999
2025-03-05T06:20:00.000+0000,1011139.8046564001,304.7427683116206,999999.9999999999
2025-03-05T06:30:00.000+0000,1009040.9922506398,304.7427683116206,999999.9999999999
2025-03-05T06:40:00.000+0000,1006326.7333962398,304.7427683116206,999999.9999999999
2025-03-05T06:50:00.000+0000,1005100.3648765596,304.7427683116206,999999.9999999999
2025-03-05T07:00:00.000+0000,1005170.2449277595,304.7427683116206,999999.9999999999
2025-03-05T07:10:00.000+0000,1008055.8354071195,304.7427683116206,999999.9999999999
2025-03-05T07:20:00.000+0000,1010089.2921392797,304.7427683116206,999999.9999999999
2025-03-05T07:30:00.000+0000,1009473.8456906398,304.7427683116206,999999.9999999999
2025-03-05T07:40:00.000+0000,1009987.8405655198,304.7427683116206,999999.9999999999
2025-03-05T07:50:00.000+0000,1008815.5663357598,304.7427683116206,999999.9999999999
2025-03-05T08:00:00.000+0000,1008563.0932759198,304.7427683116206,999999.9999999999
2025-03-05T08:10:00.000+0000,1002771.6021783198,304.7427683116206,999999.9999999999
2025-03-05T08:20:00.000+0000,1003387.0486269598,304.7427683116206,999999.9999999999
2025-03-05T08:30:00.000+0000,1005625.6211351198,304.7427683116206,999999.9999999999
2025-03-05T08:40:00.000+0000,1003312.6441981596,304.7427683116206,999999.9999999999
2025-03-05T08:50:00.000+0000,1003655.3074480798,304.7427683116206,999999.9999999999
2025-03-05T09:00:00.000+0000,1000021.2474237597,304.7427683116206,999999.9999999999
2025-03-05T09:10:00.000+0000,995990.4298595998,304.7427683116206,999999.9999999999
2025-03-05T09:20:00.000+0000,995305.1033597596,304.7427683116206,999999.9999999999
2025-03-05T09:30:00.000+0000,995444.8634621598,304.7427683116206,999999.9999999999
2025-03-05T09:40:00.000+0000,999105.9706314397,304.7427683116206,999999.9999999999
2025-03-05T09:50:00.000+0000,998646.0700464796,304.7427683116206,999999.9999999999
2025-03-05T10:00:00.000+0000,997757.8403991199,304.7427683116206,999999.9999999999
2025-03-05T10:10:00.000+0000,999175.8506826395,304.7427683116206,999999.9999999999
2025-03-05T10:20:00.000+0000,992189.5625879198,304.7427683116206,999999.9999999999
2025-03-05T10:30:00.000+0000,980561.5348579996,304.7427683116206,999999.9999999999
2025-03-05T10:40:00.000+0000,980744.1278666395,304.7427683116206,999999.9999999999
2025-03-05T10:50:00.000+0000,988501.4082736797,304.7427683116206,999999.9999999999
2025-03-05T11:00:00.000+0000,993373.0982013596,304.7427683116206,999999.9999999999
2025-03-05T11:10:00.000+0000,988929.7373360798,304.7427683116206,999999.9999999999
2025-03-05T11:20:00.000+0000,990417.6276707997,304.7427683116206,999999.9999999999
2025-03-05T11:30:00.000+0000,990464.9849546396,304.7427683116206,999999.9999999999
2025-03-05T11:40:00.000+0000,987750.7261002399,304.7427683116206,999999.9999999999
2025-03-05T11:50:00.000+0000,987365.2299440799,304.7427683116206,999999.9999999999
2025-03-05T12:00:00.000+0000,992996.6508004,304.7427683116206,999999.9999999999
2025-03-05T12:10:00.000+0000,991369.0003632797,304.7427683116206,999999.9999999999
2025-03-05T12:20:00.000+0000,992424.0372579999,304.7427683116206,999999.9999999999
2025-03-05T12:30:00.000+0000,988172.3181565595,304.7427683116206,999999.9999999999
2025-03-05T12:40:00.000+0000,989617.37558504,304.7427683116206,999999.9999999999
2025-03-05T12:50:00.000+0000,993686.5016778399,304.7427683116206,999999.9999999999
2025-03-05T13:00:00.000+0000,990458.2479485597,304.7427683116206,999999.9999999999
2025-03-05T13:10:00.000+0000,992187.3499594398,304.7427683116206,999999.9999999999
2025-03-05T13:20:00.000+0000,996750.1607882396,304.7427683116206,999999.9999999999
2025-03-05T13:30:00.000+0000,995888.9782858398,304.7427683116206,999999.9999999999
2025-03-05T13:40:00.000+0000,1001220.5687984796,304.7427683116206,999999.9999999999
2025-03-05T13:50:00.000+0000,1000636.6938723996,304.7427683116206,999999.9999999999
2025-03-05T14:00:00.000+0000,1001279.1874659997,304.7427683116206,999999.9999999999
2025-03-05T14:10:00.000+0000,999651.5370288796,304.7427683116206,999999.9999999999
2025-03-05T14:20:00.000+0000,1000609.6467274396,304.7427683116206,999999.9999999999
2025-03-05T14:30:00.000+0000,1000294.0306224796,304.7427683116206,999999.9999999999
2025-03-05T14:40:00.000+0000,1001824.7538634398,304.7427683116206,999999.9999999999
2025-03-05T14:50:00.000+0000,1005325.7907914397,304.7427683116206,999999.9999999999
2025-03-05T15:00:00.000+0000,1006299.6862512798,304.7427683116206,999999.9999999999
2025-03-05T15:10:00.000+0000,1009002.6837219992,304.7427683116206,999999.9999999999
2025-03-05T15:20:00.000+0000,1014018.6581296797,304.7427683116206,999999.9999999999
2025-03-05T15:30:00.000+0000,1016861.4157027997,304.7427683116206,999999.9999999999
2025-03-05T15:40:00.000+0000,1015533.5956093598,304.7427683116206,999999.9999999999
2025-03-05T15:50:00.000+0000,1016133.2562967195,304.7427683116206,999999.9999999999
2025-03-05T16:00:00.000+0000,1015544.8569930398,304.7427683116206,999999.9999999999
2025-03-05T16:10:00.000+0000,1019774.0533271196,304.7427683116206,999999.9999999999
2025-03-05T16:20:00.000+0000,1018917.3952023196,304.7427683116206,999999.9999999999
2025-03-05T16:30:00.000+0000,1019088.7268272798,304.7427683116206,999999.9999999999
2025-03-05T16:40:00.000+0000,1018135.1415063194,304.7427683116206,999999.9999999999
2025-03-05T16:50:00.000+0000,1012893.7411837596,304.7427683116206,999999.9999999999
2025-03-05T17:00:00.000+0000,1012005.5115364001,304.7427683116206,999999.9999999999
2025-03-05T17:10:00.000+0000,1008236.2157872798,304.7427683116206,999999.9999999999
2025-03-05T17:20:00.000+0000,1007438.1763299998,304.7427683116206,999999.9999999999
2025-03-05T17:30:00.000+0000,1003524.5961008795,304.7427683116206,999999.9999999999
2025-03-05T17:40:00.000+0000,1009070.3511447195,304.7427683116206,999999.9999999999
2025-03-05T17:50:00.000+0000,1010885.1189680798,304.7427683116206,999999.9999999999
2025-03-05T18:00:00.000+0000,1009573.0846359198,304.7427683116206,999999.9999999999
2025-03-05T18:10:00.000+0000,1010788.1917719197,304.7427683116206,999999.9999999999
2025-03-05T18:20:00.000+0000,1010589.8130019992,304.7427683116206,999999.9999999999
2025-03-05T18:30:00.000+0000,1011162.4265443993,304.7427683116206,999999.9999999999
2025-03-05T18:40:00.000+0000,1011162.4265443993,304.7427683116206,999999.9999999999
2025-03-05T18:50:00.000+0000,1007072.99031272,304.7427683116206,999999.9999999999
2025-03-05T19:00:00.000+0000,1000801.2884912795,304.7427683116206,999999.9999999999
2025-03-05T19:10:00.000+0000,1001567.7564259998,304.7427683116206,999999.9999999999
2025-03-05T19:20:00.000+0000,1001669.2079997596,304.7427683116206,999999.9999999999
2025-03-05T19:30:00.000+0000,1004072.3751267996,304.7427683116206,999999.9999999999
2025-03-05T19:40:00.000+0000,1004548.0614730397,304.7427683116206,999999.9999999999
2025-03-05T19:50:00.000+0000,1004505.2285667995,304.7427683116206,999999.9999999999
2025-03-05T20:00:00.000+0000,1001989.3484823196,304.7427683116206,999999.9999999999
2025-03-05T20:10:00.000+0000,1003107.5284221598,304.7427683116206,999999.9999999999
2025-03-05T20:20:00.000+0000,1004007.0194531998,304.7427683116206,999999.9999999999
2025-03-05T20:30:00.000+0000,1000965.8831101598,304.7427683116206,999999.9999999999
2025-03-05T20:40:00.000+0000,998995.5694231198,304.7427683116206,999999.9999999999
2025-03-05T20:50:00.000+0000,999135.3295255196,304.7427683116206,999999.9999999999
2025-03-05T21:00:00.000+0000,1001292.7605987996,304.7427683116206,999999.9999999999
2025-03-05T21:10:00.000+0000,999076.7108579996,304.7427683116206,999999.9999999999
2025-03-05T21:20:00.000+0000,1001355.9036439199,304.7427683116206,999999.9999999999
2025-03-05T21:30:00.000+0000,1002099.8488112794,304.7427683116206,999999.9999999999
2025-03-05T21:40:00.000+0000,1002372.6320099997,304.7427683116206,999999.9999999999
2025-03-05T21:50:00.000+0000,1001847.3757514397,304.7427683116206,999999.9999999999
2025-03-05T22:00:00.000+0000,1003346.5274698397,304.7427683116206,999999.9999999999
2025-03-05T22:10:00.000+0000,1003287.9088023197,304.7427683116206,999999.9999999999
2025-03-05T22:20:00.000+0000,1005107.2010032793,304.7427683116206,999999.9999999999
2025-03-05T22:30:00.000+0000,1003876.3081059997,304.7427683116206,999999.9999999999
2025-03-05T22:40:00.000+0000,1003179.7202224797,304.7427683116206,999999.9999999999
2025-03-05T22:50:00.000+0000,1002104.3731888796,304.7427683116206,999999.9999999999
2025-03-05T23:00:00.000+0000,1001263.5008253598,304.7427683116206,999999.9999999999
2025-03-05T23:10:00.000+0000,1002794.2240663199,304.7427683116206,999999.9999999999
2025-03-05T23:20:00.000+0000,1003810.9524323996,304.7427683116206,999999.9999999999
2025-03-05T23:30:00.000+0000,1000068.7038282396,304.7427683116206,999999.9999999999
2025-03-05T23:40:00.000+0000,999640.3747658398,304.7427683116206,999999.9999999999
2025-03-05T23:50:00.000+0000,1004372.3045911198,304.7427683116206,999999.9999999999
2025-03-06T00:00:00.000+0000,1002760.4399152793,304.7427683116206,999999.9999999999
2025-03-06T00:10:00.000+0000,1001707.6156490396,304.7427683116206,999999.9999999999
2025-03-06T00:20:00.000+0000,1005021.5351907996,304.7427683116206,999999.9999999999
2025-03-06T00:30:00.000+0000,1009068.1385162398,304.7427683116206,999999.9999999999
2025-03-06T00:40:00.000+0000,1009827.8694448797,304.7427683116206,999999.9999999999
2025-03-06T00:50:00.000+0000,1011015.9294359199,304.7427683116206,999999.9999999999
2025-03-06T01:00:00.000+0000,1006840.8273917597,304.7427683116206,999999.9999999999
2025-03-06T01:10:00.000+0000,1006241.1667044,304.7427683116206,999999.9999999999
2025-03-06T01:20:00.000+0000,1009162.8530839195,304.7427683116206,999999.9999999999
2025-03-06T01:30:00.000+0000,1009307.1375639195,304.7427683116206,999999.9999999999
2025-03-06T01:40:00.000+0000,995111.3480880797,304.7427683116206,999999.9999999999
2025-03-06T01:50:00.000+0000,997440.1107863196,304.7427683116206,999999.9999999999
2025-03-06T02:00:00.000+0000,996064.9334090399,304.7427683116206,999999.9999999999
2025-03-06T02:10:00.000+0000,993934.5494807196,304.7427683116206,999999.9999999999
2025-03-06T02:20:00.000+0000,997307.0876899995,304.7427683116206,999999.9999999999
2025-03-06T02:30:00.000+0000,999620.0646269596,304.7427683116206,999999.9999999999
2025-03-06T02:40:00.000+0000,1000107.0123568795,304.7427683116206,999999.9999999999
2025-03-06T02:50:00.000+0000,995963.4818352797,304.7427683116206,999999.9999999999
2025-03-06T03:00:00.000+0000,994234.3798243998,304.7427683116206,999999.9999999999
2025-03-06T03:10:00.000+0000,994234.3798243998,304.7427683116206,999999.9999999999
2025-03-06T03:20:00.000+0000,995807.9359715998,304.7427683116206,999999.9999999999
2025-03-06T03:30:00.000+0000,992980.9641597595,304.7427683116206,999999.9999999999
2025-03-06T03:40:00.000+0000,989554.3316605596,304.7427683116206,999999.9999999999
2025-03-06T03:50:00.000+0000,991026.4362339998,304.7427683116206,999999.9999999999
2025-03-06T04:00:00.000+0000,992097.2588899996,304.7427683116206,999999.9999999999
2025-03-06T04:10:00.000+0000,993237.9615971993,304.7427683116206,999999.9999999999
2025-03-06T04:20:00.000+0000,994644.7104970398,304.7427683116206,999999.9999999999
2025-03-06T04:30:00.000+0000,992140.0917962396,304.7427683116206,999999.9999999999
2025-03-06T04:40:00.000+0000,989157.5741207197,304.7427683116206,999999.9999999999
2025-03-06T04:50:00.000+0000,988055.1799421597,304.7427683116206,999999.9999999999
2025-03-06T05:00:00.000+0000,987883.8483171996,304.7427683116206,999999.9999999999
2025-03-06T05:10:00.000+0000,987288.7120074398,304.7427683116206,999999.9999999999
2025-03-06T05:20:00.000+0000,983841.7693693596,304.7427683116206,999999.9999999999
2025-03-06T05:30:00.000+0000,980554.8969725596,304.7427683116206,999999.9999999999
2025-03-06T05:40:00.000+0000,975329.2824112796,304.7427683116206,999999.9999999999
2025-03-06T05:50:00.000+0000,980131.09228776,304.7427683116206,999999.9999999999
2025-03-06T06:00:00.000+0000,982716.8524234396,304.7427683116206,999999.9999999999
2025-03-06T06:10:00.000+0000,988242.2973283996,304.7427683116206,999999.9999999999
2025-03-06T06:20:00.000+0000,989189.1456432797,304.7427683116206,999999.9999999999
2025-03-06T06:30:00.000+0000,989434.8816970396,304.7427683116206,999999.9999999999
2025-03-06T06:40:00.000+0000,987277.4506237597,304.7427683116206,999999.9999999999
2025-03-06T06:50:00.000+0000,985521.3014679197,304.7427683116206,999999.9999999999
2025-03-06T07:00:00.000+0000,983995.1026045599,304.7427683116206,999999.9999999999
2025-03-06T07:10:00.000+0000,986650.7427914395,304.7427683116206,999999.9999999999
2025-03-06T07:20:00.000+0000,983476.5833520796,304.7427683116206,999999.9999999999
2025-03-06T07:30:00.000+0000,981447.6509975196,304.7427683116206,999999.9999999999
2025-03-06T07:40:00.000+0000,982074.3588298397,304.7427683116206,999999.9999999999
2025-03-06T07:50:00.000+0000,981945.8601111193,304.7427683116206,999999.9999999999
2025-03-06T08:00:00.000+0000,984344.5028605596,304.7427683116206,999999.9999999999
2025-03-06T08:10:00.000+0000,984227.2655255197,304.7427683116206,999999.9999999999
2025-03-06T08:20:00.000+0000,986084.8662551197,304.7427683116206,999999.9999999999
2025-03-06T08:30:00.000+0000,990228.3967767197,304.7427683116206,999999.9999999999
2025-03-06T08:40:00.000+0000,981963.8585008795,304.7427683116206,999999.9999999999
2025-03-06T08:50:00.000+0000,979163.9338339998,304.7427683116206,999999.9999999999
2025-03-06T09:00:00.000+0000,982707.8036682395,304.7427683116206,999999.9999999999
2025-03-06T09:10:00.000+0000,984234.0025315996,304.7427683116206,999999.9999999999
2025-03-06T09:20:00.000+0000,983762.8405629599,304.7427683116206,999999.9999999999
2025-03-06T09:30:00.000+0000,985920.2716362397,304.7427683116206,999999.9999999999
2025-03-06T09:40:00.000+0000,985261.9922813595,304.7427683116206,999999.9999999999
2025-03-06T09:50:00.000+0000,988661.5776355995,304.7427683116206,999999.9999999999
2025-03-06T10:00:00.000+0000,989202.61965544,304.7427683116206,999999.9999999999
2025-03-06T10:10:00.000+0000,984989.2090826395,304.7427683116206,999999.9999999999
2025-03-06T10:20:00.000+0000,981461.1250096797,304.7427683116206,999999.9999999999
2025-03-06T10:30:00.000+0000,982788.9451031198,304.7427683116206,999999.9999999999
2025-03-06T10:40:00.000+0000,984218.2167703197,304.7427683116206,999999.9999999999
2025-03-06T10:50:00.000+0000,984202.4310090396,304.7427683116206,999999.9999999999
2025-03-06T11:00:00.000+0000,984903.5432701597,304.7427683116206,999999.9999999999
2025-03-06T11:10:00.000+0000,981524.2680547999,304.7427683116206,999999.9999999999
2025-03-06T11:20:00.000+0000,978210.3485130398,304.7427683116206,999999.9999999999
2025-03-06T11:30:00.000+0000,978997.1265866394,304.7427683116206,999999.9999999999
2025-03-06T11:40:00.000+0000,981454.3880035997,304.7427683116206,999999.9999999999
2025-03-06T11:50:00.000+0000,983167.7042531995,304.7427683116206,999999.9999999999
2025-03-06T12:00:00.000+0000,988564.6504394393,304.7427683116206,999999.9999999999
2025-03-06T12:10:00.000+0000,992408.3506173597,304.7427683116206,999999.9999999999
2025-03-06T12:20:00.000+0000,994137.4526282398,304.7427683116206,999999.9999999999
2025-03-06T12:30:00.000+0000,994094.6197219996,304.7427683116206,999999.9999999999
2025-03-06T12:40:00.000+0000,995293.9410967196,304.7427683116206,999999.9999999999
2025-03-06T12:50:00.000+0000,997665.5367011997,304.7427683116206,999999.9999999999
2025-03-06T13:00:00.000+0000,995952.2204515998,304.7427683116206,999999.9999999999
2025-03-06T13:10:00.000+0000,994998.6351306399,304.7427683116206,999999.9999999999
2025-03-06T13:20:00.000+0000,1000264.8699696797,304.7427683116206,999999.9999999999
2025-03-06T13:30:00.000+0000,994568.0934397596,304.7427683116206,999999.9999999999
2025-03-06T13:40:00.000+0000,996024.4122519197,304.7427683116206,999999.9999999999
2025-03-06T13:50:00.000+0000,995681.7490019997,304.7427683116206,999999.9999999999
2025-03-06T14:00:00.000+0000,997726.4671178398,304.7427683116206,999999.9999999999
2025-03-06T14:10:00.000+0000,997870.7515978399,304.7427683116206,999999.9999999999
2025-03-06T14:20:00.000+0000,997897.7987427999,304.7427683116206,999999.9999999999
2025-03-06T14:30:00.000+0000,999899.6839523994,304.7427683116206,999999.9999999999
2025-03-06T14:40:00.000+0000,1006290.8357373597,304.7427683116206,999999.9999999999
2025-03-06T14:50:00.000+0000,1002158.5665994396,304.7427683116206,999999.9999999999
2025-03-06T15:00:00.000+0000,994556.8320560798,304.7427683116206,999999.9999999999
2025-03-06T15:10:00.000+0000,992318.25954792,304.7427683116206,999999.9999999999
2025-03-06T15:20:00.000+0000,992875.0873290398,304.7427683116206,999999.9999999999
2025-03-06T15:30:00.000+0000,994031.57579752,304.7427683116206,999999.9999999999
2025-03-06T15:40:00.000+0000,993201.9648176797,304.7427683116206,999999.9999999999
2025-03-06T15:50:00.000+0000,998312.6537930398,304.7427683116206,999999.9999999999
2025-03-06T16:00:00.000+0000,997070.4995120798,304.7427683116206,999999.9999999999
2025-03-06T16:10:00.000+0000,1000454.2991050396,304.7427683116206,999999.9999999999
2025-03-06T16:20:00.000+0000,1002210.4482608798,304.7427683116206,999999.9999999999
2025-03-06T16:30:00.000+0000,1002012.0694909598,304.7427683116206,999999.9999999999
2025-03-06T16:40:00.000+0000,1002323.1612183196,304.7427683116206,999999.9999999999
2025-03-06T16:50:00.000+0000,1005068.9915952793,304.7427683116206,999999.9999999999
2025-03-06T17:00:00.000+0000,1011155.7886589596,304.7427683116206,999999.9999999999
2025-03-06T17:10:00.000+0000,1015887.7184842397,304.7427683116206,999999.9999999999
2025-03-06T17:20:00.000+0000,1012873.6292861594,304.7427683116206,999999.9999999999
2025-03-06T17:30:00.000+0000,1014629.7784419991,304.7427683116206,999999.9999999999
2025-03-06T17:40:00.000+0000,1018013.5780349595,304.7427683116206,999999.9999999999
2025-03-06T17:50:00.000+0000,1018511.7871485595,304.7427683116206,999999.9999999999
2025-03-06T18:00:00.000+0000,1017483.7973988,304.7427683116206,999999.9999999999
2025-03-06T18:10:00.000+0000,1018211.9568048795,304.7427683116206,999999.9999999999
2025-03-06T18:20:00.000+0000,1018239.0039498396,304.7427683116206,999999.9999999999
2025-03-06T18:30:00.000+0000,1017666.3904074393,304.7427683116206,999999.9999999999
2025-03-06T18:40:00.000+0000,1017526.6303050397,304.7427683116206,999999.9999999999
2025-03-06T18:50:00.000+0000,1016241.6431178397,304.7427683116206,999999.9999999999
2025-03-06T19:00:00.000+0000,1016755.6379927197,304.7427683116206,999999.9999999999
2025-03-06T19:10:00.000+0000,1017601.0347338397,304.7427683116206,999999.9999999999
2025-03-06T19:20:00.000+0000,1019544.3012759198,304.7427683116206,999999.9999999999
2025-03-06T19:30:00.000+0000,1020400.9594007198,304.7427683116206,999999.9999999999
2025-03-06T19:40:00.000+0000,1014598.2069194398,304.7427683116206,999999.9999999999
2025-03-06T19:50:00.000+0000,1015283.5334192797,304.7427683116206,999999.9999999999
2025-03-06T20:00:00.000+0000,1018040.6251799196,304.7427683116206,999999.9999999999
2025-03-06T20:10:00.000+0000,1015170.8204618399,304.7427683116206,999999.9999999999
2025-03-06T20:20:00.000+0000,1016669.9721802399,304.7427683116206,999999.9999999999
2025-03-06T20:30:00.000+0000,1017740.7948362397,304.7427683116206,999999.9999999999
2025-03-06T20:40:00.000+0000,1018768.7845859998,304.7427683116206,999999.9999999999
2025-03-06T20:50:00.000+0000,1017211.0142000797,304.7427683116206,999999.9999999999
2025-03-06T21:00:00.000+0000,1014399.8281495196,304.7427683116206,999999.9999999999
2025-03-06T21:10:00.000+0000,1011439.8332413593,304.7427683116206,999999.9999999999
2025-03-06T21:20:00.000+0000,1013998.5462320799,304.7427683116206,999999.9999999999
2025-03-06T21:30:00.000+0000,1015696.0767203997,304.7427683116206,999999.9999999999
2025-03-06T21:40:00.000+0000,1017510.8445437597,304.7427683116206,999999.9999999999
2025-03-06T21:50:00.000+0000,1014625.2540643993,304.7427683116206,999999.9999999999
2025-03-06T22:00:00.000+0000,1002595.9444170399,304.7427683116206,999999.9999999999
2025-03-06T22:10:00.000+0000,999570.5938352797,304.7427683116206,999999.9999999999
2025-03-06T22:20:00.000+0000,1006669.5948874396,304.7427683116206,999999.9999999999
2025-03-06T22:30:00.000+0000,1006331.4560151198,304.7427683116206,999999.9999999999
2025-03-06T22:40:00.000+0000,1003472.9126807195,304.7427683116206,999999.9999999999
2025-03-06T22:50:00.000+0000,1003200.1294819998,304.7427683116206,999999.9999999999
2025-03-06T23:00:00.000+0000,1006610.9762199199,304.7427683116206,999999.9999999999
2025-03-06T23:10:00.000+0000,1008538.4570007196,304.7427683116206,999999.9999999999
2025-03-06T23:20:00.000+0000,1008982.5718244,304.7427683116206,999999.9999999999
2025-03-06T23:30:00.000+0000,1007526.2530122398,304.7427683116206,999999.9999999999
2025-03-06T23:40:00.000+0000,1009399.6395031197,304.7427683116206,999999.9999999999
2025-03-06T23:50:00.000+0000,1012515.1802749594,304.7427683116206,999999.9999999999
2025-03-07T00:00:00.000+0000,1009045.7148695197,304.7427683116206,999999.9999999999
2025-03-07T00:10:00.000+0000,1003231.7010045596,304.7427683116206,999999.9999999999
2025-03-07T00:20:00.000+0000,1026453.9723133597,304.7427683116206,999999.9999999999
2025-03-07T00:30:00.000+0000,1039152.8226992796,304.7427683116206,999999.9999999999
2025-03-07T00:40:00.000+0000,1042092.50746856,304.7427683116206,999999.9999999999
2025-03-07T00:50:00.000+0000,1045095.3352829599,304.7427683116206,999999.9999999999
2025-03-07T01:00:00.000+0000,1040074.8364976796,304.7427683116206,999999.9999999999
2025-03-07T01:10:00.000+0000,1033507.8287101595,304.7427683116206,999999.9999999999
2025-03-07T01:20:00.000+0000,1030114.9803619995,304.7427683116206,999999.9999999999
2025-03-07T01:30:00.000+0000,1030955.8527255198,304.7427683116206,999999.9999999999
2025-03-07T01:40:00.000+0000,1024463.2493667996,304.7427683116206,999999.9999999999
2025-03-07T01:50:00.000+0000,1029023.8475671198,304.7427683116206,999999.9999999999
2025-03-07T02:00:00.000+0000,1029724.9598282393,304.7427683116206,999999.9999999999
2025-03-07T02:10:00.000+0000,1027096.3667863199,304.7427683116206,999999.9999999999
2025-03-07T02:20:00.000+0000,1030426.0720893597,304.7427683116206,999999.9999999999
2025-03-07T02:30:00.000+0000,1029440.9152458396,304.7427683116206,999999.9999999999
2025-03-07T02:40:00.000+0000,1028782.6358909599,304.7427683116206,999999.9999999999
2025-03-07T02:50:00.000+0000,1032053.7225264796,304.7427683116206,999999.9999999999
2025-03-07T03:00:00.000+0000,1033670.1115799197,304.7427683116206,999999.9999999999
2025-03-07T03:10:00.000+0000,1033541.6128611995,304.7427683116206,999999.9999999999
2025-03-07T03:20:00.000+0000,1034109.7020259995,304.7427683116206,999999.9999999999
2025-03-07T03:30:00.000+0000,1035998.8742781596,304.7427683116206,999999.9999999999
2025-03-07T03:40:00.000+0000,1036185.9916643997,304.7427683116206,999999.9999999999
2025-03-07T03:50:00.000+0000,1036860.0567805594,304.7427683116206,999999.9999999999
2025-03-07T04:00:00.000+0000,1035820.8056471198,304.7427683116206,999999.9999999999
2025-03-07T04:10:00.000+0000,1033598.01890024,304.7427683116206,999999.9999999999
2025-03-07T04:20:00.000+0000,1031167.8046282392,304.7427683116206,999999.9999999999
2025-03-07T04:30:00.000+0000,1032110.1285655198,304.7427683116206,999999.9999999999
2025-03-07T04:40:00.000+0000,1030385.5509322397,304.7427683116206,999999.9999999999
2025-03-07T04:50:00.000+0000,1031713.3710256795,304.7427683116206,999999.9999999999
2025-03-07T05:00:00.000+0000,1030144.33925608,304.7427683116206,999999.9999999999
2025-03-07T05:10:00.000+0000,1028757.9004951199,304.7427683116206,999999.9999999999
2025-03-07T05:20:00.000+0000,1023527.7615562396,304.7427683116206,999999.9999999999
2025-03-07T05:30:00.000+0000,1024458.8241098396,304.7427683116206,999999.9999999999
2025-03-07T05:40:00.000+0000,1025985.0229731996,304.7427683116206,999999.9999999999
2025-03-07T05:50:00.000+0000,1026798.8481917598,304.7427683116206,999999.9999999999
2025-03-07T06:00:00.000+0000,1029411.6554723997,304.7427683116206,999999.9999999999
2025-03-07T06:10:00.000+0000,1029571.72571368,304.7427683116206,999999.9999999999
2025-03-07T06:20:00.000+0000,1029630.3443811995,304.7427683116206,999999.9999999999
2025-03-07T06:30:00.000+0000,1030299.8851197598,304.7427683116206,999999.9999999999
2025-03-07T06:40:00.000+0000,1028827.7805463198,304.7427683116206,999999.9999999999
2025-03-07T06:50:00.000+0000,1028099.6211402394,304.7427683116206,999999.9999999999
2025-03-07T07:00:00.000+0000,1027756.9578903196,304.7427683116206,999999.9999999999
2025-03-07T07:10:00.000+0000,1027928.2895152796,304.7427683116206,999999.9999999999
2025-03-07T07:20:00.000+0000,1028115.4069015197,304.7427683116206,999999.9999999999
2025-03-07T07:30:00.000+0000,1028929.2321200798,304.7427683116206,999999.9999999999
2025-03-07T07:40:00.000+0000,1029486.0599011994,304.7427683116206,999999.9999999999
2025-03-07T07:50:00.000+0000,1028115.4069015197,304.7427683116206,999999.9999999999
2025-03-07T08:00:00.000+0000,1027488.6990691997,304.7427683116206,999999.9999999999
2025-03-07T08:10:00.000+0000,1030031.6262986395,304.7427683116206,999999.9999999999
2025-03-07T08:20:00.000+0000,1031363.9707696798,304.7427683116206,999999.9999999999
2025-03-07T08:30:00.000+0000,1031368.4951472799,304.7427683116206,999999.9999999999
2025-03-07T08:40:00.000+0000,1028440.0717616794,304.7427683116206,999999.9999999999
2025-03-07T08:50:00.000+0000,1027369.2491056795,304.7427683116206,999999.9999999999
2025-03-07T09:00:00.000+0000,1020040.2977610398,304.7427683116206,999999.9999999999
2025-03-07T09:10:00.000+0000,1017010.4228016798,304.7427683116206,999999.9999999999
2025-03-07T09:20:00.000+0000,1010296.9179056797,304.7427683116206,999999.9999999999
2025-03-07T09:30:00.000+0000,1011838.9025303199,304.7427683116206,999999.9999999999
2025-03-07T09:40:00.000+0000,1012855.6308963996,304.7427683116206,999999.9999999999
2025-03-07T09:50:00.000+0000,1013459.8159613594,304.7427683116206,999999.9999999999
2025-03-07T10:00:00.000+0000,1015660.0799408795,304.7427683116206,999999.9999999999
2025-03-07T10:10:00.000+0000,1018079.0328291996,304.7427683116206,999999.9999999999
2025-03-07T10:20:00.000+0000,1017350.8734231198,304.7427683116206,999999.9999999999
2025-03-07T10:30:00.000+0000,1017393.7063293596,304.7427683116206,999999.9999999999
2025-03-07T10:40:00.000+0000,1017366.6591843993,304.7427683116206,999999.9999999999
2025-03-07T10:50:00.000+0000,1014411.1886538395,304.7427683116206,999999.9999999999
2025-03-07T11:00:00.000+0000,1015696.1758410399,304.7427683116206,999999.9999999999
2025-03-07T11:10:00.000+0000,1014079.7867875996,304.7427683116206,999999.9999999999
2025-03-07T11:20:00.000+0000,1015107.7765373597,304.7427683116206,999999.9999999999
2025-03-07T11:30:00.000+0000,1015991.4818071194,304.7427683116206,999999.9999999999
2025-03-07T11:40:00.000+0000,1015064.9436311198,304.7427683116206,999999.9999999999
2025-03-07T11:50:00.000+0000,1012506.2306403995,304.7427683116206,999999.9999999999
2025-03-07T12:00:00.000+0000,1011590.9538480798,304.7427683116206,999999.9999999999
2025-03-07T12:10:00.000+0000,1009347.8569623197,304.7427683116206,999999.9999999999
2025-03-07T12:20:00.000+0000,1010209.0394647198,304.7427683116206,999999.9999999999
2025-03-07T12:30:00.000+0000,1011751.0240893597,304.7427683116206,999999.9999999999
2025-03-07T12:40:00.000+0000,1016579.8811107994,304.7427683116206,999999.9999999999
2025-03-07T12:50:00.000+0000,1015520.3198384797,304.7427683116206,999999.9999999999
2025-03-07T13:00:00.000+0000,1013662.7191088799,304.7427683116206,999999.9999999999
2025-03-07T13:10:00.000+0000,1011944.8784816798,304.7427683116206,999999.9999999999
2025-03-07T13:20:00.000+0000,1014562.2101399195,304.7427683116206,999999.9999999999
2025-03-07T13:30:00.000+0000,1005323.7764042394,304.7427683116206,999999.9999999999
2025-03-07T13:40:00.000+0000,1009264.4037783198,304.7427683116206,999999.9999999999
2025-03-07T13:50:00.000+0000,1013723.5504048797,304.7427683116206,999999.9999999999
2025-03-07T14:00:00.000+0000,1014226.2838960798,304.7427683116206,999999.9999999999
2025-03-07T14:10:00.000+0000,1016539.2608330398,304.7427683116206,999999.9999999999
2025-03-07T14:20:00.000+0000,1018525.3602813596,304.7427683116206,999999.9999999999
2025-03-07T14:30:00.000+0000,1021893.3741130398,304.7427683116206,999999.9999999999
2025-03-07T14:40:00.000+0000,1008103.3909322398,304.7427683116206,999999.9999999999
2025-03-07T14:50:00.000+0000,1009555.1853667996,304.7427683116206,999999.9999999999
2025-03-07T15:00:00.000+0000,1011992.1366448797,304.7427683116206,999999.9999999999
2025-03-07T15:10:00.000+0000,1012206.3011760798,304.7427683116206,999999.9999999999
2025-03-07T15:20:00.000+0000,1014593.6825418399,304.7427683116206,999999.9999999999
2025-03-07T15:30:00.000+0000,1018281.8368560795,304.7427683116206,999999.9999999999
2025-03-07T15:40:00.000+0000,1014870.9901181597,304.7427683116206,999999.9999999999
2025-03-07T15:50:00.000+0000,1015197.8676067994,304.7427683116206,999999.9999999999
2025-03-07T16:00:00.000+0000,1010786.0782640796,304.7427683116206,999999.9999999999
2025-03-07T16:10:00.000+0000,1015186.6062231198,304.7427683116206,999999.9999999999
2025-03-07T16:20:00.000+0000,1018831.9276311197,304.7427683116206,999999.9999999999
2025-03-07T16:30:00.000+0000,1020035.7733834398,304.7427683116206,999999.9999999999
2025-03-07T16:40:00.000+0000,1021102.0716618397,304.7427683116206,999999.9999999999
2025-03-07T16:50:00.000+0000,1028972.0650263198,304.7427683116206,999999.9999999999
2025-03-07T17:00:00.000+0000,1033559.7103715995,304.7427683116206,999999.9999999999
2025-03-07T17:10:00.000+0000,1036032.7575498399,304.7427683116206,999999.9999999999
2025-03-07T17:20:00.000+0000,1031920.7985507998,304.7427683116206,999999.9999999999
2025-03-07T17:30:00.000+0000,1032590.3392893597,304.7427683116206,999999.9999999999
2025-03-07T17:40:00.000+0000,1028591.09324776,304.7427683116206,999999.9999999999
2025-03-07T17:50:00.000+0000,1023329.3827863194,304.7427683116206,999999.9999999999
2025-03-07T18:00:00.000+0000,1023340.6441699996,304.7427683116206,999999.9999999999
2025-03-07T18:10:00.000+0000,1021038.9286167196,304.7427683116206,999999.9999999999
2025-03-07T18:20:00.000+0000,1016563.9962288797,304.7427683116206,999999.9999999999
2025-03-07T18:30:00.000+0000,1007420.2770608795,304.7427683116206,999999.9999999999
2025-03-07T18:40:00.000+0000,1008042.4605155998,304.7427683116206,999999.9999999999
2025-03-07T18:50:00.000+0000,1005682.1262947997,304.7427683116206,999999.9999999999
2025-03-07T19:00:00.000+0000,1003696.0268464796,304.7427683116206,999999.9999999999
2025-03-07T19:10:00.000+0000,1007282.7295869598,304.7427683116206,999999.9999999999
2025-03-07T19:20:00.000+0000,1009954.1555351198,304.7427683116206,999999.9999999999
2025-03-07T19:30:00.000+0000,1010414.0561200798,304.7427683116206,999999.9999999999
2025-03-07T19:40:00.000+0000,1013470.9782243993,304.7427683116206,999999.9999999999
2025-03-07T19:50:00.000+0000,1015729.8608714399,304.7427683116206,999999.9999999999
2025-03-07T20:00:00.000+0000,1014102.2104343199,304.7427683116206,999999.9999999999
2025-03-07T20:10:00.000+0000,1015387.1976215197,304.7427683116206,999999.9999999999
2025-03-07T20:20:00.000+0000,1016762.3749988,304.7427683116206,999999.9999999999
2025-03-07T20:30:00.000+0000,1016879.6123338398,304.7427683116206,999999.9999999999
2025-03-07T20:40:00.000+0000,1018211.9568048795,304.7427683116206,999999.9999999999
2025-03-07T20:50:00.000+0000,1009994.7758128799,304.7427683116206,999999.9999999999
2025-03-07T21:00:00.000+0000,1018142.0767536795,304.7427683116206,999999.9999999999
2025-03-07T21:10:00.000+0000,1031363.9707696798,304.7427683116206,999999.9999999999
2025-03-07T21:20:00.000+0000,1025498.0752432797,304.7427683116206,999999.9999999999
2025-03-07T21:30:00.000+0000,1027628.4591715997,304.7427683116206,999999.9999999999
2025-03-07T21:40:00.000+0000,1030829.6657559198,304.7427683116206,999999.9999999999
2025-03-07T21:50:00.000+0000,1030615.5012247196,304.7427683116206,999999.9999999999
2025-03-07T22:00:00.000+0000,1034727.4602237596,304.7427683116206,999999.9999999999
2025-03-07T22:10:00.000+0000,1037484.5519843997,304.7427683116206,999999.9999999999
2025-03-07T22:20:00.000+0000,1037527.3848906398,304.7427683116206,999999.9999999999
2025-03-07T22:30:00.000+0000,1037301.9589757595,304.7427683116206,999999.9999999999
2025-03-07T22:40:00.000+0000,1034132.3239139995,304.7427683116206,999999.9999999999
2025-03-07T22:50:00.000+0000,1035133.2665187996,304.7427683116206,999999.9999999999
2025-03-07T23:00:00.000+0000,1040406.2383639197,304.7427683116206,999999.9999999999
2025-03-07T23:10:00.000+0000,1048907.4639383198,304.7427683116206,999999.9999999999
2025-03-07T23:20:00.000+0000,1048896.2025546397,304.7427683116206,999999.9999999999
2025-03-07T23:30:00.000+0000,1047696.8811799199,304.7427683116206,999999.9999999999
2025-03-07T23:40:00.000+0000,1048269.4947223199,304.7427683116206,999999.9999999999
2025-03-07T23:50:00.000+0000,1047011.5546800795,304.7427683116206,999999.9999999999
2025-03-08T00:00:00.000+0000,1048900.7269322397,304.7427683116206,999999.9999999999
2025-03-08T00:10:00.000+0000,1051299.3696816799,304.7427683116206,999999.9999999999
2025-03-08T00:20:00.000+0000,1051166.3465853597,304.7427683116206,999999.9999999999
2025-03-08T00:30:00.000+0000,1047388.0020810396,304.7427683116206,999999.9999999999
2025-03-08T00:40:00.000+0000,1046285.6079024794,304.7427683116206,999999.9999999999
2025-03-08T00:50:00.000+0000,1043539.7775255194,304.7427683116206,999999.9999999999
2025-03-08T01:00:00.000+0000,1042908.5453155998,304.7427683116206,999999.9999999999
2025-03-08T01:10:00.000+0000,1046783.8170160798,304.7427683116206,999999.9999999999
2025-03-08T01:20:00.000+0000,1048765.3920867993,304.7427683116206,999999.9999999999
2025-03-08T01:30:00.000+0000,1051838.0999523993,5452.738454407527,999999.9999999999
2025-03-08T01:40:00.000+0000,1053278.6330032796,5452.738454407527,999999.9999999999
2025-03-08T01:50:00.000+0000,1050147.30647016,5452.738454407527,999999.9999999999
2025-03-08T02:00:00.000+0000,1048253.6098403995,5452.738454407527,999999.9999999999
2025-03-08T02:10:00.000+0000,1046294.5575370395,5452.738454407527,999999.9999999999
2025-03-08T02:20:00.000+0000,1047225.6200906396,5452.738454407527,999999.9999999999
2025-03-08T02:30:00.000+0000,1047814.0193943196,5452.738454407527,999999.9999999999
2025-03-08T02:40:00.000+0000,1047759.9251043994,5452.738454407527,999999.9999999999
2025-03-08T02:50:00.000+0000,1048219.8256893596,5452.738454407527,999999.9999999999
2025-03-08T03:00:00.000+0000,1049536.3843991198,5452.738454407527,999999.9999999999
2025-03-08T03:10:00.000+0000,1052935.9697533594,5452.738454407527,999999.9999999999
2025-03-08T03:20:00.000+0000,1050361.4710013594,5452.738454407527,999999.9999999999
2025-03-08T03:30:00.000+0000,1050458.3981975198,5452.738454407527,999999.9999999999
2025-03-08T03:40:00.000+0000,1050190.1393763996,5452.738454407527,999999.9999999999
2025-03-08T03:50:00.000+0000,1049574.6929277598,5452.738454407527,999999.9999999999
2025-03-08T04:00:00.000+0000,1050431.3510525597,5452.738454407527,999999.9999999999
2025-03-08T04:10:00.000+0000,1049254.5524451993,5452.738454407527,999999.9999999999
2025-03-08T04:20:00.000+0000,1046882.9568407194,5452.738454407527,999999.9999999999
2025-03-08T04:30:00.000+0000,1047081.3356106395,5452.738454407527,999999.9999999999
2025-03-08T04:40:00.000+0000,1046075.8686282395,5452.738454407527,999999.9999999999
2025-03-08T04:50:00.000+0000,1044817.9285859995,5452.738454407527,999999.9999999999
2025-03-08T05:00:00.000+0000,1046290.0331594399,5452.738454407527,999999.9999999999
2025-03-08T05:10:00.000+0000,1048575.9629514392,5452.738454407527,999999.9999999999
2025-03-08T05:20:00.000+0000,1048458.7256163995,5452.738454407527,999999.9999999999
2025-03-08T05:30:00.000+0000,1050631.9424509595,5452.738454407527,999999.9999999999
2025-03-08T05:40:00.000+0000,1049775.2843261594,5452.738454407527,999999.9999999999
2025-03-08T05:50:00.000+0000,1049775.2843261594,5452.738454407527,999999.9999999999
2025-03-08T06:00:00.000+0000,1048898.31606248,5452.738454407527,999999.9999999999
2025-03-08T06:10:00.000+0000,1048147.6338890393,5452.738454407527,999999.9999999999
2025-03-08T06:20:00.000+0000,1048253.6098403995,5452.738454407527,999999.9999999999
2025-03-08T06:30:00.000+0000,1048842.0091440796,5452.738454407527,999999.9999999999
2025-03-08T06:40:00.000+0000,1049056.1736752796,5452.738454407527,999999.9999999999
2025-03-08T06:50:00.000+0000,1048938.9363402396,5452.738454407527,999999.9999999999
2025-03-08T07:00:00.000+0000,1046048.8214832796,5452.738454407527,999999.9999999999
2025-03-08T07:10:00.000+0000,1044148.3878474394,5452.738454407527,999999.9999999999
2025-03-08T07:20:00.000+0000,1045262.0434096796,5452.738454407527,999999.9999999999
2025-03-08T07:30:00.000+0000,1047033.9783267993,5452.738454407527,999999.9999999999
2025-03-08T07:40:00.000+0000,1047360.8558154393,5452.738454407527,999999.9999999999
2025-03-08T07:50:00.000+0000,1048318.9655139993,5452.738454407527,999999.9999999999
2025-03-08T08:00:00.000+0000,1046975.3596592799,5452.738454407527,999999.9999999999
2025-03-08T08:10:00.000+0000,1049128.2663549592,5452.738454407527,999999.9999999999
2025-03-08T08:20:00.000+0000,1050713.08388584,5452.738454407527,999999.9999999999
2025-03-08T08:30:00.000+0000,1050086.3760535195,5452.738454407527,999999.9999999999
2025-03-08T08:40:00.000+0000,1050604.8953059998,5452.738454407527,999999.9999999999
2025-03-08T08:50:00.000+0000,1051617.0992944795,5452.738454407527,999999.9999999999
2025-03-08T09:00:00.000+0000,1049486.7153661593,5452.738454407527,999999.9999999999
2025-03-08T09:10:00.000+0000,1047913.15921896,5452.738454407527,999999.9999999999
2025-03-08T09:20:00.000+0000,1047099.3340003996,5452.738454407527,999999.9999999999
2025-03-08T09:30:00.000+0000,1045568.6107594399,5452.738454407527,999999.9999999999
2025-03-08T09:40:00.000+0000,1046858.122324239,5452.738454407527,999999.9999999999
2025-03-08T09:50:00.000+0000,1051021.9629847195,5452.738454407527,999999.9999999999
2025-03-08T10:00:00.000+0000,1050823.5842147996,5452.738454407527,999999.9999999999
2025-03-08T10:10:00.000+0000,1051364.62623464,5452.738454407527,999999.9999999999
2025-03-08T10:20:00.000+0000,1050165.3048599195,5452.738454407527,999999.9999999999
2025-03-08T10:30:00.000+0000,1050395.2551523994,5452.738454407527,999999.9999999999
2025-03-08T10:40:00.000+0000,1049748.2371811995,5452.738454407527,999999.9999999999
2025-03-08T10:50:00.000+0000,1051450.2920471197,5452.738454407527,999999.9999999999
2025-03-08T11:00:00.000+0000,1053104.9896291997,5452.738454407527,999999.9999999999
2025-03-08T11:10:00.000+0000,1058066.86974696,5452.738454407527,999999.9999999999
2025-03-08T11:20:00.000+0000,1060765.3428400792,5452.738454407527,999999.9999999999
2025-03-08T11:30:00.000+0000,1061080.9589450394,5452.738454407527,999999.9999999999
2025-03-08T11:40:00.000+0000,1064554.9487280797,5452.738454407527,999999.9999999999
2025-03-08T11:50:00.000+0000,1062713.1337597598,5452.738454407527,999999.9999999999
2025-03-08T12:00:00.000+0000,1060341.5381552796,5452.738454407527,999999.9999999999
2025-03-08T12:10:00.000+0000,1059345.1199280797,5452.738454407527,999999.9999999999
2025-03-08T12:20:00.000+0000,1058281.03427816,5452.738454407527,999999.9999999999
2025-03-08T12:30:00.000+0000,1057755.7780195998,5452.738454407527,999999.9999999999
2025-03-08T12:40:00.000+0000,1056626.3366960795,5452.738454407527,999999.9999999999
2025-03-08T12:50:00.000+0000,1056159.6991050397,5452.738454407527,999999.9999999999
2025-03-08T13:00:00.000+0000,1057884.2767383195,5452.738454407527,999999.9999999999
2025-03-08T13:10:00.000+0000,1058211.15422696,5452.738454407527,999999.9999999999
2025-03-08T13:20:00.000+0000,1055893.6529123997,5452.738454407527,999999.9999999999
2025-03-08T13:30:00.000+0000,1056150.6503498398,5452.738454407527,999999.9999999999
2025-03-08T13:40:00.000+0000,1057622.7549232792,5452.738454407527,999999.9999999999
2025-03-08T13:50:00.000+0000,1059281.9768829595,5452.738454407527,999999.9999999999
2025-03-08T14:00:00.000+0000,1058842.3864368796,5452.738454407527,999999.9999999999
2025-03-08T14:10:00.000+0000,1060138.6350077598,5452.738454407527,999999.9999999999
2025-03-08T14:20:00.000+0000,1059897.4233316,5452.738454407527,999999.9999999999
2025-03-08T14:30:00.000+0000,1057996.98969576,5452.738454407527,999999.9999999999
2025-03-08T14:40:00.000+0000,1059554.7600816796,5452.738454407527,999999.9999999999
2025-03-08T14:50:00.000+0000,1061117.0548452,5452.738454407527,999999.9999999999
2025-03-08T15:00:00.000+0000,1062187.8775011997,5452.738454407527,999999.9999999999
2025-03-08T15:10:00.000+0000,1061155.3633738398,5452.738454407527,999999.9999999999
2025-03-08T15:20:00.000+0000,1060711.24855016,5452.738454407527,999999.9999999999
2025-03-08T15:30:00.000+0000,1060267.1337264795,5452.738454407527,999999.9999999999
2025-03-08T15:40:00.000+0000,1059602.1173655195,5452.738454407527,999999.9999999999
2025-03-08T15:50:00.000+0000,1059660.7360330399,5452.738454407527,999999.9999999999
2025-03-08T16:00:00.000+0000,1059559.2844592794,5452.738454407527,999999.9999999999
2025-03-08T16:10:00.000+0000,1062904.7755235992,5452.738454407527,999999.9999999999
2025-03-08T16:20:00.000+0000,1068937.4782973593,5452.738454407527,999999.9999999999
2025-03-08T16:30:00.000+0000,1068346.8663652,5452.738454407527,999999.9999999999
2025-03-08T16:40:00.000+0000,1068673.7438538393,5452.738454407527,999999.9999999999
2025-03-08T16:50:00.000+0000,1065510.8457981597,5452.738454407527,999999.9999999999
2025-03-08T17:00:00.000+0000,1065402.6572183198,5452.738454407527,999999.9999999999
2025-03-08T17:10:00.000+0000,1063015.2758525598,5452.738454407527,999999.9999999999
2025-03-08T17:20:00.000+0000,1060429.5157168796,5452.738454407527,999999.9999999999
2025-03-08T17:30:00.000+0000,1060366.3726717595,5452.738454407527,999999.9999999999
2025-03-08T17:40:00.000+0000,1059638.2132656793,5452.738454407527,999999.9999999999
2025-03-08T17:50:00.000+0000,1059209.8842032792,5452.738454407527,999999.9999999999
2025-03-08T18:00:00.000+0000,1057009.6202237594,5452.738454407527,999999.9999999999
2025-03-08T18:10:00.000+0000,1057095.2860362397,5452.738454407527,999999.9999999999
2025-03-08T18:20:00.000+0000,1058364.4874621595,5452.738454407527,999999.9999999999
2025-03-08T18:30:00.000+0000,1057877.5397322394,5452.738454407527,999999.9999999999
2025-03-08T18:40:00.000+0000,1057760.3023972,5452.738454407527,999999.9999999999
2025-03-08T18:50:00.000+0000,1058060.1327408794,5452.738454407527,999999.9999999999
2025-03-08T19:00:00.000+0000,1059671.9974167196,5452.738454407527,999999.9999999999
2025-03-08T19:10:00.000+0000,1059816.2818967197,5452.738454407527,999999.9999999999
2025-03-08T19:20:00.000+0000,1058621.4848995998,5452.738454407527,999999.9999999999
2025-03-08T19:30:00.000+0000,1056845.0256048793,5452.738454407527,999999.9999999999
2025-03-08T19:40:00.000+0000,1056416.6965424793,5452.738454407527,999999.9999999999
2025-03-08T19:50:00.000+0000,1056116.8661987996,5452.738454407527,999999.9999999999
2025-03-08T20:00:00.000+0000,1056159.6991050397,5452.738454407527,999999.9999999999
2025-03-08T20:10:00.000+0000,1057331.9733348,5452.738454407527,999999.9999999999
2025-03-08T20:20:00.000+0000,1059489.4044080796,5452.738454407527,999999.9999999999
2025-03-08T20:30:00.000+0000,1059173.7883031196,5452.738454407527,999999.9999999999
2025-03-08T20:40:00.000+0000,1059302.28702184,5452.738454407527,999999.9999999999
2025-03-08T20:50:00.000+0000,1060046.2321891997,5452.738454407527,999999.9999999999
2025-03-08T21:00:00.000+0000,1059430.7857405595,5452.738454407527,999999.9999999999
2025-03-08T21:10:00.000+0000,1058589.9133770396,5452.738454407527,999999.9999999999
2025-03-08T21:20:00.000+0000,1057214.7359997593,5452.738454407527,999999.9999999999
2025-03-08T21:30:00.000+0000,1057343.2347184797,5452.738454407527,999999.9999999999
2025-03-08T21:40:00.000+0000,1058975.4095331996,5452.738454407527,999999.9999999999
2025-03-08T21:50:00.000+0000,1060158.9451466398,5452.738454407527,999999.9999999999
2025-03-08T22:00:00.000+0000,1059847.8534192794,5452.738454407527,999999.9999999999
2025-03-08T22:10:00.000+0000,1061876.7857738398,5452.738454407527,999999.9999999999
2025-03-08T22:20:00.000+0000,1065429.7043632795,5452.738454407527,999999.9999999999
2025-03-08T22:30:00.000+0000,1063132.5131875998,5452.738454407527,999999.9999999999
2025-03-08T22:40:00.000+0000,1062494.5439715998,5452.738454407527,999999.9999999999
2025-03-08T22:50:00.000+0000,1062140.6193379997,5452.738454407527,999999.9999999999
2025-03-08T23:00:00.000+0000,1061123.8909719198,5452.738454407527,999999.9999999999
2025-03-08T23:10:00.000+0000,1059978.6638871194,5452.738454407527,999999.9999999999
2025-03-08T23:20:00.000+0000,1060219.8755632793,5452.738454407527,999999.9999999999
2025-03-08T23:30:00.000+0000,1059074.6484784796,5452.738454407527,999999.9999999999
2025-03-08T23:40:00.000+0000,1061489.0769891997,5452.738454407527,999999.9999999999
2025-03-08T23:50:00.000+0000,1060098.11385064,5452.738454407527,999999.9999999999
2025-03-09T00:00:00.000+0000,1059723.8790781598,5452.738454407527,999999.9999999999
2025-03-09T00:10:00.000+0000,1060494.8713904796,5452.738454407527,999999.9999999999
2025-03-09T00:20:00.000+0000,1057969.9425507996,5452.738454407527,999999.9999999999
2025-03-09T00:30:00.000+0000,1056080.7702986395,5452.738454407527,999999.9999999999
2025-03-09T00:40:00.000+0000,1057487.5191984796,5452.738454407527,999999.9999999999
2025-03-09T00:50:00.000+0000,1057631.8036784795,5452.738454407527,999999.9999999999
2025-03-09T01:00:00.000+0000,1056588.0281674396,5452.738454407527,999999.9999999999
2025-03-09T01:10:00.000+0000,1055844.0830000797,5452.738454407527,999999.9999999999
2025-03-09T01:20:00.000+0000,1055715.5842813596,5452.738454407527,999999.9999999999
2025-03-09T01:30:00.000+0000,1057417.6391472798,5452.738454407527,999999.9999999999
2025-03-09T01:40:00.000+0000,1058621.4848995998,5452.738454407527,999999.9999999999
2025-03-09T01:50:00.000+0000,1059809.5448906398,5452.738454407527,999999.9999999999
2025-03-09T02:00:00.000+0000,1058610.2235159192,5452.738454407527,999999.9999999999
2025-03-09T02:10:00.000+0000,1057415.4265187995,5452.738454407527,999999.9999999999
2025-03-09T02:20:00.000+0000,1057501.0923312795,5452.738454407527,999999.9999999999
2025-03-09T02:30:00.000+0000,1059004.7684272798,5452.738454407527,999999.9999999999
2025-03-09T02:40:00.000+0000,1060878.1549181598,5452.738454407527,999999.9999999999
2025-03-09T02:50:00.000+0000,1061135.1523555994,5452.738454407527,999999.9999999999
2025-03-09T03:00:00.000+0000,1060675.25177064,5452.738454407527,999999.9999999999
2025-03-09T03:10:00.000+0000,1059834.3794071195,5452.738454407527,999999.9999999999
2025-03-09T03:20:00.000+0000,1058603.4865098398,5452.738454407527,999999.9999999999
2025-03-09T03:30:00.000+0000,1057259.8806551194,5452.738454407527,999999.9999999999
2025-03-09T03:40:00.000+0000,1057474.0451863194,5452.738454407527,999999.9999999999
2025-03-09T03:50:00.000+0000,1054915.3321955996,5452.738454407527,999999.9999999999
2025-03-09T04:00:00.000+0000,1057072.7632688796,5452.738454407527,999999.9999999999
2025-03-09T04:10:00.000+0000,1057773.8755299998,5452.738454407527,999999.9999999999
2025-03-09T04:20:00.000+0000,1058443.4162685592,5452.738454407527,999999.9999999999
2025-03-09T04:30:00.000+0000,1057372.5936125594,5452.738454407527,999999.9999999999
2025-03-09T04:40:00.000+0000,1057516.8780925595,5452.738454407527,999999.9999999999
2025-03-09T04:50:00.000+0000,1058930.3639984797,5452.738454407527,999999.9999999999
2025-03-09T05:00:00.000+0000,1060445.3014781598,5452.738454407527,999999.9999999999
2025-03-09T05:10:00.000+0000,1060787.9647280795,5452.738454407527,999999.9999999999
2025-03-09T05:20:00.000+0000,1059101.6956234397,5452.738454407527,999999.9999999999
2025-03-09T05:30:00.000+0000,1058416.3691236,5452.738454407527,999999.9999999999
2025-03-09T05:40:00.000+0000,1060932.2492080797,5452.738454407527,999999.9999999999
2025-03-09T05:50:00.000+0000,1062478.7582103193,5452.738454407527,999999.9999999999
2025-03-09T06:00:00.000+0000,1064609.1421386397,5452.738454407527,999999.9999999999
2025-03-09T06:10:00.000+0000,1066649.3358768795,5452.738454407527,999999.9999999999
2025-03-09T06:20:00.000+0000,1064674.4978122395,5452.738454407527,999999.9999999999
2025-03-09T06:30:00.000+0000,1063502.2235824796,5452.738454407527,999999.9999999999
2025-03-09T06:40:00.000+0000,1061200.5080291997,5452.738454407527,999999.9999999999
2025-03-09T06:50:00.000+0000,1061441.7197053595,5452.738454407527,999999.9999999999
2025-03-09T07:00:00.000+0000,1061892.5715351196,5452.738454407527,999999.9999999999
2025-03-09T07:10:00.000+0000,1061662.6212426398,5452.738454407527,999999.9999999999
2025-03-09T07:20:00.000+0000,1062079.6889213596,5452.738454407527,999999.9999999999
2025-03-09T07:30:00.000+0000,1061951.1902026397,5452.738454407527,999999.9999999999
2025-03-09T07:40:00.000+0000,1062165.3547338396,5452.738454407527,999999.9999999999
2025-03-09T07:50:00.000+0000,1062336.6863587995,5452.738454407527,999999.9999999999
2025-03-09T08:00:00.000+0000,1063391.72325352,5452.738454407527,999999.9999999999
2025-03-09T08:10:00.000+0000,1065195.2296931995,5452.738454407527,999999.9999999999
2025-03-09T08:20:00.000+0000,1064996.8509232793,5452.738454407527,999999.9999999999
2025-03-09T08:30:00.000+0000,1065366.5613181598,5452.738454407527,999999.9999999999
2025-03-09T08:40:00.000+0000,1067395.49367272,5452.738454407527,999999.9999999999
2025-03-09T08:50:00.000+0000,1067095.6633290392,5452.738454407527,999999.9999999999
2025-03-09T09:00:00.000+0000,1067523.9923914394,5452.738454407527,999999.9999999999
2025-03-09T09:10:00.000+0000,1068267.9375587997,5452.738454407527,999999.9999999999
2025-03-09T09:20:00.000+0000,1068797.7181949597,5452.738454407527,999999.9999999999
2025-03-09T09:30:00.000+0000,1067614.1825815197,5452.738454407527,999999.9999999999
2025-03-09T09:40:00.000+0000,1068813.5039562394,5452.738454407527,999999.9999999999
2025-03-09T09:50:00.000+0000,1073615.31383272,5452.738454407527,999999.9999999999
2025-03-09T10:00:00.000+0000,1071302.3368957597,5452.738454407527,999999.9999999999
2025-03-09T10:10:00.000+0000,1073428.1964464795,5452.738454407527,999999.9999999999
2025-03-09T10:20:00.000+0000,1074546.37638632,5452.738454407527,999999.9999999999
2025-03-09T10:30:00.000+0000,1081408.6901399195,5452.738454407527,999999.9999999999
2025-03-09T10:40:00.000+0000,1081676.9489610398,5452.738454407527,999999.9999999999
2025-03-09T10:50:00.000+0000,1084878.1555453595,5452.738454407527,999999.9999999999
2025-03-09T11:00:00.000+0000,1082292.3954096795,5452.738454407527,999999.9999999999
2025-03-09T11:10:00.000+0000,1081435.7372848792,5452.738454407527,999999.9999999999
2025-03-09T11:20:00.000+0000,1081221.5727536792,5452.738454407527,999999.9999999999
2025-03-09T11:30:00.000+0000,1080220.6301488797,5452.738454407527,999999.9999999999
2025-03-09T11:40:00.000+0000,1082538.1314634394,5452.738454407527,999999.9999999999
2025-03-09T11:50:00.000+0000,1079363.9720240796,5452.738454407527,999999.9999999999
2025-03-09T12:00:00.000+0000,1079508.2565040796,5452.738454407527,999999.9999999999
2025-03-09T12:10:00.000+0000,1081124.6455575195,5452.738454407527,999999.9999999999
2025-03-09T12:20:00.000+0000,1080964.5753162396,5452.738454407527,999999.9999999999
2025-03-09T12:30:00.000+0000,1084476.8736279197,5452.738454407527,999999.9999999999
2025-03-09T12:40:00.000+0000,1083218.9335856792,5452.738454407527,999999.9999999999
2025-03-09T12:50:00.000+0000,1085964.7639626397,5452.738454407527,999999.9999999999
2025-03-09T13:00:00.000+0000,1084246.9233354395,5452.738454407527,999999.9999999999
2025-03-09T13:10:00.000+0000,1085644.6234800795,5452.738454407527,999999.9999999999
2025-03-09T13:20:00.000+0000,1085730.2892925597,5452.738454407527,999999.9999999999
2025-03-09T13:30:00.000+0000,1086458.4486986396,5452.738454407527,999999.9999999999
2025-03-09T13:40:00.000+0000,1091019.0468989594,5452.738454407527,999999.9999999999
2025-03-09T13:50:00.000+0000,1094375.7993469595,5452.738454407527,999999.9999999999
2025-03-09T14:00:00.000+0000,1094921.3657443994,5452.738454407527,999999.9999999999
2025-03-09T14:10:00.000+0000,1092725.6261424797,5452.738454407527,999999.9999999999
2025-03-09T14:20:00.000+0000,1093111.1222986393,5452.738454407527,999999.9999999999
2025-03-09T14:30:00.000+0000,1091841.9208727197,5452.738454407527,999999.9999999999
2025-03-09T14:40:00.000+0000,1092928.5292899995,5452.738454407527,999999.9999999999
2025-03-09T14:50:00.000+0000,1092040.2996426397,5452.738454407527,999999.9999999999
2025-03-09T15:00:00.000+0000,1090509.5764016795,5452.738454407527,999999.9999999999
2025-03-09T15:10:00.000+0000,1091645.75473128,5452.738454407527,999999.9999999999
2025-03-09T15:20:00.000+0000,1094718.4625968796,5452.738454407527,999999.9999999999
2025-03-09T15:30:00.000+0000,1094589.9638781592,5452.738454407527,999999.9999999999
2025-03-09T15:40:00.000+0000,1096233.4000765597,5452.738454407527,999999.9999999999
2025-03-09T15:50:00.000+0000,1099862.9357232791,5452.738454407527,999999.9999999999
2025-03-09T16:00:00.000+0000,1098481.0213399194,5452.738454407527,999999.9999999999
2025-03-09T16:10:00.000+0000,1094103.0161482396,5452.738454407527,999999.9999999999
2025-03-09T16:20:00.000+0000,1098546.3770135196,5452.738454407527,999999.9999999999
2025-03-09T16:30:00.000+0000,1103512.7815088797,5452.738454407527,999999.9999999999
2025-03-09T16:40:00.000+0000,1107908.7850903196,5452.738454407527,999999.9999999999
2025-03-09T16:50:00.000+0000,1111265.5375383198,5452.738454407527,999999.9999999999
2025-03-09T17:00:00.000+0000,1111657.7707005597,5452.738454407527,999999.9999999999
2025-03-09T17:10:00.000+0000,1110832.6840983198,5452.738454407527,999999.9999999999
2025-03-09T17:20:00.000+0000,1111326.3688343195,5452.738454407527,999999.9999999999
2025-03-09T17:30:00.000+0000,1109764.0740707996,5452.738454407527,999999.9999999999
2025-03-09T17:40:00.000+0000,1109716.7167869594,5452.738454407527,999999.9999999999
2025-03-09T17:50:00.000+0000,1109229.7690570399,5452.738454407527,999999.9999999999
2025-03-09T18:00:00.000+0000,1114653.7623882398,5452.738454407527,999999.9999999999
2025-03-09T18:10:00.000+0000,1114928.7582154395,5452.738454407527,999999.9999999999
2025-03-09T18:20:00.000+0000,1112259.5448957596,5452.738454407527,999999.9999999999
2025-03-09T18:30:00.000+0000,1112789.3255319193,5452.738454407527,999999.9999999999
2025-03-09T18:40:00.000+0000,1120634.5835005601,5452.738454407527,999999.9999999999
2025-03-09T18:50:00.000+0000,1120050.7085744794,5452.738454407527,999999.9999999999
2025-03-09T19:00:00.000+0000,1119536.7136996,5452.738454407527,999999.9999999999
2025-03-09T19:10:00.000+0000,1115983.7951101598,5452.738454407527,999999.9999999999
2025-03-09T19:20:00.000+0000,1117519.0427287193,5452.738454407527,999999.9999999999
2025-03-09T19:30:00.000+0000,1113670.8181731997,5452.738454407527,999999.9999999999
2025-03-09T19:40:00.000+0000,1112958.4445283997,5452.738454407527,999999.9999999999
2025-03-09T19:50:00.000+0000,1112160.4050711198,5452.738454407527,999999.9999999999
2025-03-09T20:00:00.000+0000,1109820.3809891993,5452.738454407527,999999.9999999999
2025-03-09T20:10:00.000+0000,1106619.1744048798,5452.738454407527,999999.9999999999
2025-03-09T20:20:00.000+0000,1110066.1170429597,5452.738454407527,999999.9999999999
2025-03-09T20:30:00.000+0000,1108251.3492195993,5452.738454407527,999999.9999999999
2025-03-09T20:40:00.000+0000,1108041.7090659998,5452.738454407527,999999.9999999999
2025-03-09T20:50:00.000+0000,1110156.30723304,5452.738454407527,999999.9999999999
2025-03-09T21:00:00.000+0000,1110070.6414205597,5452.738454407527,999999.9999999999
2025-03-09T21:10:00.000+0000,1113903.0802147996,5452.738454407527,999999.9999999999
2025-03-09T21:20:00.000+0000,1116161.96286184,5452.738454407527,999999.9999999999
2025-03-09T21:30:00.000+0000,1117381.5943754395,5452.738454407527,999999.9999999999
2025-03-09T21:40:00.000+0000,1115814.7752343197,5452.738454407527,999999.9999999999
2025-03-09T21:50:00.000+0000,1118549.3442275994,5452.738454407527,999999.9999999999
2025-03-09T22:00:00.000+0000,1119935.7829885597,5452.738454407527,999999.9999999999
2025-03-09T22:10:00.000+0000,1122066.1669168794,5452.738454407527,999999.9999999999
2025-03-09T22:20:00.000+0000,1121852.0023856796,5452.738454407527,999999.9999999999
2025-03-09T22:30:00.000+0000,1123393.98701032,5452.738454407527,999999.9999999999
2025-03-09T22:40:00.000+0000,1121365.0546557596,5452.738454407527,999999.9999999999
2025-03-09T22:50:00.000+0000,1122066.1669168794,5452.738454407527,999999.9999999999
2025-03-09T23:00:00.000+0000,1122226.23715816,5452.738454407527,999999.9999999999
2025-03-09T23:10:00.000+0000,1119243.7194826396,5452.738454407527,999999.9999999999
2025-03-09T23:20:00.000+0000,1120373.1608061595,5452.738454407527,999999.9999999999
2025-03-09T23:30:00.000+0000,1120357.3750448795,5452.738454407527,999999.9999999999
2025-03-09T23:40:00.000+0000,1121786.6467120794,5452.738454407527,999999.9999999999
2025-03-09T23:50:00.000+0000,1121261.3904535193,5452.738454407527,999999.9999999999
2025-03-10T00:00:00.000+0000,1115041.5702935196,5452.738454407527,999999.9999999999
2025-03-10T00:10:00.000+0000,1117289.191556879,5452.738454407527,999999.9999999999
2025-03-10T00:20:00.000+0000,1118006.0895792795,5452.738454407527,999999.9999999999
2025-03-10T00:30:00.000+0000,1121024.7031549593,5452.738454407527,999999.9999999999
2025-03-10T00:40:00.000+0000,1109243.3421898393,5452.738454407527,999999.9999999999
2025-03-10T00:50:00.000+0000,1107439.8357501598,5452.738454407527,999999.9999999999
2025-03-10T01:00:00.000+0000,1103409.0181859997,5452.738454407527,999999.9999999999
2025-03-10T01:10:00.000+0000,1106722.9377277596,5452.738454407527,999999.9999999999
2025-03-10T01:20:00.000+0000,1110163.1433597596,5452.738454407527,999999.9999999999
2025-03-10T01:30:00.000+0000,1108990.86913,5452.738454407527,999999.9999999999
2025-03-10T01:40:00.000+0000,1110190.19050472,5452.738454407527,999999.9999999999
2025-03-10T01:50:00.000+0000,1109687.4570135195,5452.738454407527,999999.9999999999
2025-03-10T02:00:00.000+0000,1109660.4098685593,5452.738454407527,999999.9999999999
2025-03-10T02:10:00.000+0000,1104281.4620720798,5452.738454407527,999999.9999999999
2025-03-10T02:20:00.000+0000,1105496.5692080797,5452.738454407527,999999.9999999999
2025-03-10T02:30:00.000+0000,1105309.4518218394,5452.738454407527,999999.9999999999
2025-03-10T02:40:00.000+0000,1105640.8536880796,5452.738454407527,999999.9999999999
2025-03-10T02:50:00.000+0000,1109155.4637488797,5452.738454407527,999999.9999999999
2025-03-10T03:00:00.000+0000,1110113.5734474394,5452.738454407527,999999.9999999999
2025-03-10T03:10:00.000+0000,1111542.84511464,5452.738454407527,999999.9999999999
2025-03-10T03:20:00.000+0000,1113452.3275056796,5452.738454407527,999999.9999999999
2025-03-10T03:30:00.000+0000,1110663.66422248,5452.738454407527,999999.9999999999
2025-03-10T03:40:00.000+0000,1108104.9512317597,5452.738454407527,999999.9999999999
2025-03-10T03:50:00.000+0000,1109277.2254615193,5452.738454407527,999999.9999999999
2025-03-10T04:00:00.000+0000,1107002.5570531995,5452.738454407527,999999.9999999999
2025-03-10T04:10:00.000+0000,1102218.7455664794,5452.738454407527,999999.9999999999
2025-03-10T04:20:00.000+0000,1101790.4165040792,5452.738454407527,999999.9999999999
2025-03-10T04:30:00.000+0000,1104477.6282135197,5452.738454407527,999999.9999999999
2025-03-10T04:40:00.000+0000,1103616.4457111196,5452.738454407527,999999.9999999999
2025-03-10T04:50:00.000+0000,1103300.8296061598,5452.738454407527,999999.9999999999
2025-03-10T05:00:00.000+0000,1101770.1063651997,5452.738454407527,999999.9999999999
2025-03-10T05:10:00.000+0000,1102653.81163496,5452.738454407527,999999.9999999999
2025-03-10T05:20:00.000+0000,1103012.2606461598,5452.738454407527,999999.9999999999
2025-03-10T05:30:00.000+0000,1105699.4723555995,5452.738454407527,999999.9999999999
2025-03-10T05:40:00.000+0000,1106463.7276618395,5452.738454407527,999999.9999999999
2025-03-10T05:50:00.000+0000,1106513.2975741597,5452.738454407527,999999.9999999999
2025-03-10T06:00:00.000+0000,1105329.7619607195,5452.738454407527,999999.9999999999
2025-03-10T06:10:00.000+0000,1104071.8219184796,5452.738454407527,999999.9999999999
2025-03-10T06:20:00.000+0000,1105158.4303357597,5452.738454407527,999999.9999999999
2025-03-10T06:30:00.000+0000,1107363.21869288,5452.738454407527,999999.9999999999
2025-03-10T06:40:00.000+0000,1106517.8219517597,5452.738454407527,999999.9999999999
2025-03-10T06:50:00.000+0000,1104960.0515658392,5452.738454407527,999999.9999999999
2025-03-10T07:00:00.000+0000,1100469.33341672,5452.738454407527,999999.9999999999
2025-03-10T07:10:00.000+0000,1101202.0172003997,5452.738454407527,999999.9999999999
2025-03-10T07:20:00.000+0000,1102872.5005437597,5452.738454407527,999999.9999999999
2025-03-10T07:30:00.000+0000,1101945.9623677596,5452.738454407527,999999.9999999999
2025-03-10T07:40:00.000+0000,1101501.8475440794,5452.738454407527,999999.9999999999
2025-03-10T07:50:00.000+0000,1102063.1997027998,5452.738454407527,999999.9999999999
2025-03-10T08:00:00.000+0000,1102083.5098416794,5452.738454407527,999999.9999999999
2025-03-10T08:10:00.000+0000,1104385.2253949598,5452.738454407527,999999.9999999999
2025-03-10T08:20:00.000+0000,1105701.78410472,5452.738454407527,999999.9999999999
2025-03-10T08:30:00.000+0000,1108666.3033904799,5452.738454407527,999999.9999999999
2025-03-10T08:40:00.000+0000,1107980.9768906396,5452.738454407527,999999.9999999999
2025-03-10T08:50:00.000+0000,1106493.0865559198,5452.738454407527,999999.9999999999
2025-03-10T09:00:00.000+0000,1106348.80207592,5452.738454407527,999999.9999999999
2025-03-10T09:10:00.000+0000,1087218.1796272795,5452.738454407527,999999.9999999999
2025-03-10T09:20:00.000+0000,1084573.8008240797,5452.738454407527,999999.9999999999
2025-03-10T09:30:00.000+0000,1091276.0443363998,5452.738454407527,999999.9999999999
2025-03-10T09:40:00.000+0000,1092441.5815600797,5452.738454407527,999999.9999999999
2025-03-10T09:50:00.000+0000,1096434.0905956002,5452.738454407527,999999.9999999999
2025-03-10T10:00:00.000+0000,1096573.850698,5452.738454407527,999999.9999999999
2025-03-10T10:10:00.000+0000,1098034.6938877597,5452.738454407527,999999.9999999999
2025-03-10T10:20:00.000+0000,1100854.9286935197,5452.738454407527,999999.9999999999
2025-03-10T10:30:00.000+0000,1100566.3597335196,5452.738454407527,999999.9999999999
2025-03-10T10:40:00.000+0000,1100138.0306711195,5452.738454407527,999999.9999999999
2025-03-10T10:50:00.000+0000,1098859.7804899996,5452.738454407527,999999.9999999999
2025-03-10T11:00:00.000+0000,1096873.6810416796,5452.738454407527,999999.9999999999
2025-03-10T11:10:00.000+0000,1096675.3022717596,5452.738454407527,999999.9999999999
2025-03-10T11:20:00.000+0000,1094046.7092298397,5452.738454407527,999999.9999999999
2025-03-10T11:30:00.000+0000,1094062.4949911195,5452.738454407527,999999.9999999999
2025-03-10T11:40:00.000+0000,1093217.0982499993,5452.738454407527,999999.9999999999
2025-03-10T11:50:00.000+0000,1088694.8085783196,5452.738454407527,999999.9999999999
2025-03-10T12:00:00.000+0000,1086007.5968688796,5452.738454407527,999999.9999999999
2025-03-10T12:10:00.000+0000,1087612.7245386394,5452.738454407527,999999.9999999999
2025-03-10T12:20:00.000+0000,1087495.4872035997,5452.738454407527,999999.9999999999
2025-03-10T12:30:00.000+0000,1091729.2079152795,5452.738454407527,999999.9999999999
2025-03-10T12:40:00.000+0000,1090198.4846743196,5452.738454407527,999999.9999999999
2025-03-10T12:50:00.000+0000,1088352.1453283995,5452.738454407527,999999.9999999999
2025-03-10T13:00:00.000+0000,1089294.4692656798,5452.738454407527,999999.9999999999
2025-03-10T13:10:00.000+0000,1093636.3785571996,5452.738454407527,999999.9999999999
2025-03-10T13:20:00.000+0000,1097008.9167664796,5452.738454407527,999999.9999999999
2025-03-10T13:30:00.000+0000,1096098.1643517597,5452.738454407527,999999.9999999999
2025-03-10T13:40:00.000+0000,1097087.8455728798,5452.738454407527,999999.9999999999
2025-03-10T13:50:00.000+0000,1099549.6313674396,5452.738454407527,999999.9999999999
2025-03-10T14:00:00.000+0000,1103639.0675991196,5452.738454407527,999999.9999999999
2025-03-10T14:10:00.000+0000,1112316.1491760798,5452.738454407527,999999.9999999999
2025-03-10T14:20:00.000+0000,1113258.4731133594,5452.738454407527,999999.9999999999
2025-03-10T14:30:00.000+0000,1111946.4387811995,5452.738454407527,999999.9999999999
2025-03-10T14:40:00.000+0000,1115650.3788567195,5452.738454407527,999999.9999999999
2025-03-10T14:50:00.000+0000,1117663.52545,5452.738454407527,999999.9999999999
2025-03-10T15:00:00.000+0000,1114333.8201469593,5452.738454407527,999999.9999999999
2025-03-10T15:10:00.000+0000,1112663.3368035993,5452.738454407527,999999.9999999999
2025-03-10T15:20:00.000+0000,1111914.8672586393,5452.738454407527,999999.9999999999
2025-03-10T15:30:00.000+0000,1107275.3402519193,5452.738454407527,999999.9999999999
2025-03-10T15:40:00.000+0000,1109624.4130890395,5452.738454407527,999999.9999999999
2025-03-10T15:50:00.000+0000,1110753.85441256,5452.738454407527,999999.9999999999
2025-03-10T16:00:00.000+0000,1111524.84672488,5452.738454407527,999999.9999999999
2025-03-10T16:10:00.000+0000,1115614.2829565597,5452.738454407527,999999.9999999999
2025-03-10T16:20:00.000+0000,1116428.1081751199,5452.738454407527,999999.9999999999
2025-03-10T16:30:00.000+0000,1114656.1732579998,5452.738454407527,999999.9999999999
2025-03-10T16:40:00.000+0000,1116534.0841264795,5452.738454407527,999999.9999999999
2025-03-10T16:50:00.000+0000,1120093.7397219997,5452.738454407527,999999.9999999999
2025-03-10T17:00:00.000+0000,1122165.5049827998,5452.738454407527,999999.9999999999
2025-03-10T17:10:00.000+0000,1127738.3071715995,5452.738454407527,999999.9999999999
2025-03-10T17:20:00.000+0000,1124295.8889111192,5452.738454407527,999999.9999999999
2025-03-10T17:30:00.000+0000,1125795.0406295198,5452.738454407527,999999.9999999999
2025-03-10T17:40:00.000+0000,1127422.6910666397,5452.738454407527,999999.9999999999
2025-03-10T17:50:00.000+0000,1132555.9028093596,5452.738454407527,999999.9999999999
2025-03-10T18:00:00.000+0000,1129821.3338160797,5452.738454407527,999999.9999999999
2025-03-10T18:10:00.000+0000,1127192.7407741593,5452.738454407527,999999.9999999999
2025-03-10T18:20:00.000+0000,1129183.3646000796,5452.738454407527,999999.9999999999
2025-03-10T18:30:00.000+0000,1127555.7141629595,5452.738454407527,999999.9999999999
2025-03-10T18:40:00.000+0000,1127844.2831229595,5452.738454407527,999999.9999999999
2025-03-10T18:50:00.000+0000,1131473.8187696799,5452.738454407527,999999.9999999999
2025-03-10T19:00:00.000+0000,1141507.9802135194,5452.738454407527,999999.9999999999
2025-03-10T19:10:00.000+0000,1133581.58081,5452.738454407527,999999.9999999999
2025-03-10T19:20:00.000+0000,1133099.1574576793,5452.738454407527,999999.9999999999
2025-03-10T19:30:00.000+0000,1128581.3921635994,5452.738454407527,999999.9999999999
2025-03-10T19:40:00.000+0000,1129706.30910952,5452.738454407527,999999.9999999999
2025-03-10T19:50:00.000+0000,1129097.5996669596,5452.738454407527,999999.9999999999
2025-03-10T20:00:00.000+0000,1126356.2936675998,5452.738454407527,999999.9999999999
2025-03-10T20:10:00.000+0000,1128806.8180784797,5452.738454407527,999999.9999999999
2025-03-10T20:20:00.000+0000,1128024.5643824798,5452.738454407527,999999.9999999999
2025-03-10T20:30:00.000+0000,1128410.0605386395,5452.738454407527,999999.9999999999
2025-03-10T20:40:00.000+0000,1132409.3065802397,5452.738454407527,999999.9999999999
2025-03-10T20:50:00.000+0000,1128211.6817687196,5452.738454407527,999999.9999999999
2025-03-10T21:00:00.000+0000,1130738.82323688,5452.738454407527,999999.9999999999
2025-03-10T21:10:00.000+0000,1126279.6766103199,5452.738454407527,999999.9999999999
2025-03-10T21:20:00.000+0000,1127494.7837463198,5452.738454407527,999999.9999999999
2025-03-10T21:30:00.000+0000,1125720.5370800795,5452.738454407527,999999.9999999999
2025-03-10T21:40:00.000+0000,1126164.6519037597,5452.738454407527,999999.9999999999
2025-03-10T21:50:00.000+0000,1127481.21061352,5452.738454407527,999999.9999999999
2025-03-10T22:00:00.000+0000,1127348.1875171997,5452.738454407527,999999.9999999999
2025-03-10T22:10:00.000+0000,1132490.4480151196,5452.738454407527,999999.9999999999
2025-03-10T22:20:00.000+0000,1132068.8559587998,5452.738454407527,999999.9999999999
2025-03-10T22:30:00.000+0000,1132181.5689162395,5452.738454407527,999999.9999999999
2025-03-10T22:40:00.000+0000,1135418.8714007195,5452.738454407527,999999.9999999999
2025-03-10T22:50:00.000+0000,1133892.6725373599,5452.738454407527,999999.9999999999
2025-03-10T23:00:00.000+0000,1132891.7299325597,5452.738454407527,999999.9999999999
2025-03-10T23:10:00.000+0000,1132634.7324951198,5452.738454407527,999999.9999999999
2025-03-10T23:20:00.000+0000,1138018.2046692001,5452.738454407527,999999.9999999999
2025-03-10T23:30:00.000+0000,1135335.51733736,5452.738454407527,999999.9999999999
2025-03-10T23:40:00.000+0000,1134868.87974632,5452.738454407527,999999.9999999999
2025-03-10T23:50:00.000+0000,1139708.9981514397,5452.738454407527,999999.9999999999
2025-03-11T00:00:00.000+0000,1138128.7049981593,5452.738454407527,999999.9999999999
2025-03-11T00:10:00.000+0000,1140500.3006026396,5452.738454407527,999999.9999999999
2025-03-11T00:20:00.000+0000,1143834.5302832795,5452.738454407527,999999.9999999999
2025-03-11T00:30:00.000+0000,1168028.7817853596,5452.738454407527,999999.9999999999
2025-03-11T00:40:00.000+0000,1178105.8752560797,5452.738454407527,999999.9999999999
2025-03-11T00:50:00.000+0000,1178649.2290250394,5452.738454407527,999999.9999999999
2025-03-11T01:00:00.000+0000,1181239.5135383199,5452.738454407527,999999.9999999999
2025-03-11T01:10:00.000+0000,1174431.0958333598,5452.738454407527,999999.9999999999
2025-03-11T01:20:00.000+0000,1168269.7952202396,5452.738454407527,999999.9999999999
2025-03-11T01:30:00.000+0000,1152980.3629591195,5452.738454407527,999999.9999999999
2025-03-11T01:40:00.000+0000,1144499.2492823198,5452.738454407527,999999.9999999999
2025-03-11T01:50:00.000+0000,1149941.5383651997,5452.738454407527,999999.9999999999
2025-03-11T02:00:00.000+0000,1148494.2683082395,5452.738454407527,999999.9999999999
2025-03-11T02:10:00.000+0000,1148149.3924298398,5452.738454407527,999999.9999999999
2025-03-11T02:20:00.000+0000,1147209.2811210398,5452.738454407527,999999.9999999999
2025-03-11T02:30:00.000+0000,1149628.23400936,5452.738454407527,999999.9999999999
2025-03-11T02:40:00.000+0000,1147644.3471895198,5452.738454407527,999999.9999999999
2025-03-11T02:50:00.000+0000,1145058.5870538396,5452.738454407527,999999.9999999999
2025-03-11T03:00:00.000+0000,1142044.39873512,5452.738454407527,999999.9999999999
2025-03-11T03:10:00.000+0000,1139377.49716456,5452.738454407527,999999.9999999999
2025-03-11T03:20:00.000+0000,1140957.7903178392,5452.738454407527,999999.9999999999
2025-03-11T03:30:00.000+0000,1138054.1023280793,5452.738454407527,999999.9999999999
2025-03-11T03:40:00.000+0000,1137183.8710704795,5452.738454407527,999999.9999999999
2025-03-11T03:50:00.000+0000,1135682.4076029598,5452.738454407527,999999.9999999999
2025-03-11T04:00:00.000+0000,1141859.5930979997,5452.738454407527,999999.9999999999
2025-03-11T04:10:00.000+0000,1138816.2441264794,5452.738454407527,999999.9999999999
2025-03-11T04:20:00.000+0000,1138518.6264112797,5452.738454407527,999999.9999999999
2025-03-11T04:30:00.000+0000,1139436.2149527194,5452.738454407527,999999.9999999999
2025-03-11T04:40:00.000+0000,1142224.8782359192,5452.738454407527,999999.9999999999
2025-03-11T04:50:00.000+0000,1141314.1258211997,5452.738454407527,999999.9999999999
2025-03-11T05:00:00.000+0000,1139954.7342051996,5452.738454407527,999999.9999999999
2025-03-11T05:10:00.000+0000,1133119.4675965598,5452.738454407527,999999.9999999999
2025-03-11T05:20:00.000+0000,1135673.6562096798,5452.738454407527,999999.9999999999
2025-03-11T05:30:00.000+0000,1135603.7761584797,5452.738454407527,999999.9999999999
2025-03-11T05:40:00.000+0000,1133730.3896675997,5452.738454407527,999999.9999999999
2025-03-11T05:50:00.000+0000,1132569.3768215196,5452.738454407527,999999.9999999999
2025-03-11T06:00:00.000+0000,1132129.7863754395,5452.738454407527,999999.9999999999
2025-03-11T06:10:00.000+0000,1130883.10771688,5452.738454407527,999999.9999999999
2025-03-11T06:20:00.000+0000,1128892.4838909598,5452.738454407527,999999.9999999999
2025-03-11T06:30:00.000+0000,1132413.83095784,5452.738454407527,999999.9999999999
2025-03-11T06:40:00.000+0000,1131938.1446115994,5452.738454407527,999999.9999999999
2025-03-11T06:50:00.000+0000,1132506.2337763999,5452.738454407527,999999.9999999999
2025-03-11T07:00:00.000+0000,1130932.6776291996,5452.738454407527,999999.9999999999
2025-03-11T07:10:00.000+0000,1130808.7032880797,5452.738454407527,999999.9999999999
2025-03-11T07:20:00.000+0000,1129746.9293872796,5452.738454407527,999999.9999999999
2025-03-11T07:30:00.000+0000,1131742.0775907997,5452.738454407527,999999.9999999999
2025-03-11T07:40:00.000+0000,1133284.0622154395,5452.738454407527,999999.9999999999
2025-03-11T07:50:00.000+0000,1133338.1565053596,5452.738454407527,999999.9999999999
2025-03-11T08:00:00.000+0000,1131881.8376931995,5452.738454407527,999999.9999999999
2025-03-11T08:10:00.000+0000,1132116.3123632798,5452.738454407527,999999.9999999999
2025-03-11T08:20:00.000+0000,1132817.4246243995,5452.738454407527,999999.9999999999
2025-03-11T08:30:00.000+0000,1134406.7665328798,5452.738454407527,999999.9999999999
2025-03-11T08:40:00.000+0000,1134411.2909104798,5452.738454407527,999999.9999999999
2025-03-11T08:50:00.000+0000,1134641.2412029596,5452.738454407527,999999.9999999999
2025-03-11T09:00:00.000+0000,1134941.0715466395,5452.738454407527,999999.9999999999
2025-03-11T09:10:00.000+0000,1134711.1212541598,5452.738454407527,999999.9999999999
2025-03-11T09:20:00.000+0000,1133027.0647779994,5452.738454407527,999999.9999999999
2025-03-11T09:30:00.000+0000,1132497.2841418392,5452.738454407527,999999.9999999999
2025-03-11T09:40:00.000+0000,1133284.0622154395,5452.738454407527,999999.9999999999
2025-03-11T09:50:00.000+0000,1135418.9705213597,5452.738454407527,999999.9999999999
2025-03-11T10:00:00.000+0000,1136584.5077450396,5452.738454407527,999999.9999999999
2025-03-11T10:10:00.000+0000,1135926.2283901593,5452.738454407527,999999.9999999999
2025-03-11T10:20:00.000+0000,1136047.9901027991,5452.738454407527,999999.9999999999
2025-03-11T10:30:00.000+0000,1135405.4965091995,5452.738454407527,999999.9999999999
2025-03-11T10:40:00.000+0000,1136203.5359664795,5452.738454407527,999999.9999999999
2025-03-11T10:50:00.000+0000,1137064.7184688798,5452.738454407527,999999.9999999999
2025-03-11T11:00:00.000+0000,1137562.9275824795,5452.738454407527,999999.9999999999
2025-03-11T11:10:00.000+0000,1138998.936255759,5452.738454407527,999999.9999999999
2025-03-11T11:20:00.000+0000,1137269.8342448797,5452.738454407527,999999.9999999999
2025-03-11T11:30:00.000+0000,1136600.2935063199,5452.738454407527,999999.9999999999
2025-03-11T11:40:00.000+0000,1135245.4262679196,5452.738454407527,999999.9999999999
2025-03-11T11:50:00.000+0000,1136814.4580375198,5452.738454407527,999999.9999999999
2025-03-11T12:00:00.000+0000,1136841.5051824797,5452.738454407527,999999.9999999999
2025-03-11T12:10:00.000+0000,1138960.6277271197,5452.738454407527,999999.9999999999
2025-03-11T12:20:00.000+0000,1137305.9301450397,5452.738454407527,999999.9999999999
2025-03-11T12:30:00.000+0000,1138264.0398435993,5452.738454407527,999999.9999999999
2025-03-11T12:40:00.000+0000,1140378.6380106395,5452.738454407527,999999.9999999999
2025-03-11T12:50:00.000+0000,1144479.3356259996,5452.738454407527,999999.9999999999
2025-03-11T13:00:00.000+0000,1144619.0957283997,5452.738454407527,999999.9999999999
2025-03-11T13:10:00.000+0000,1149303.6682698396,5452.738454407527,999999.9999999999
2025-03-11T13:20:00.000+0000,1135617.3492912797,5452.738454407527,999999.9999999999
2025-03-11T13:30:00.000+0000,1138694.5815344795,5452.738454407527,999999.9999999999
2025-03-11T13:40:00.000+0000,1137731.9474583198,5452.738454407527,999999.9999999999
2025-03-11T13:50:00.000+0000,1138732.8900631194,5452.738454407527,999999.9999999999
2025-03-11T14:00:00.000+0000,1139776.6655741597,5452.738454407527,999999.9999999999
2025-03-11T14:10:00.000+0000,1142971.1351523998,5452.738454407527,999999.9999999999
2025-03-11T14:20:00.000+0000,1145721.48990696,5452.738454407527,999999.9999999999
2025-03-11T14:30:00.000+0000,1152723.5637629598,5452.738454407527,999999.9999999999
2025-03-11T14:40:00.000+0000,1158440.6504317597,5452.738454407527,999999.9999999999
2025-03-11T14:50:00.000+0000,1154062.6452400803,5452.738454407527,999999.9999999999
2025-03-11T15:00:00.000+0000,1149903.3289572,5452.738454407527,999999.9999999999
2025-03-11T15:10:00.000+0000,1144314.7410071192,5452.738454407527,999999.9999999999
2025-03-11T15:20:00.000+0000,1146409.0290352795,5452.738454407527,999999.9999999999
2025-03-11T15:30:00.000+0000,1145685.3940067994,5452.738454407527,999999.9999999999
2025-03-11T15:40:00.000+0000,1141922.8352637591,5452.738454407527,999999.9999999999
2025-03-11T15:50:00.000+0000,1139443.05107944,5452.738454407527,999999.9999999999
2025-03-11T16:00:00.000+0000,1138182.8984087196,5452.738454407527,999999.9999999999
2025-03-11T16:10:00.000+0000,1140714.5642544795,5452.738454407527,999999.9999999999
2025-03-11T16:20:00.000+0000,1133962.7508298396,5452.738454407527,999999.9999999999
2025-03-11T16:30:00.000+0000,1130301.64366056,5452.738454407527,999999.9999999999
2025-03-11T16:40:00.000+0000,1134224.2726448793,5452.738454407527,999999.9999999999
2025-03-11T16:50:00.000+0000,1134134.0824547992,5452.738454407527,999999.9999999999
2025-03-11T17:00:00.000+0000,1138058.9240675997,5452.738454407527,999999.9999999999
2025-03-11T17:10:00.000+0000,1136607.1296330395,5452.738454407527,999999.9999999999
2025-03-11T17:20:00.000+0000,1138379.0645501593,5452.738454407527,999999.9999999999
2025-03-11T17:30:00.000+0000,1143262.0158615194,5452.738454407527,999999.9999999999
2025-03-11T17:40:00.000+0000,1140527.44686824,5452.738454407527,999999.9999999999
2025-03-11T17:50:00.000+0000,1141710.9824816796,5452.738454407527,999999.9999999999
2025-03-11T18:00:00.000+0000,1135031.2617367199,5452.738454407527,999999.9999999999
2025-03-11T18:10:00.000+0000,1127222.0996682395,5452.738454407527,999999.9999999999
2025-03-11T18:20:00.000+0000,1117742.4542563998,5452.738454407527,999999.9999999999
2025-03-11T18:30:00.000+0000,1124374.8177175196,5452.738454407527,999999.9999999999
2025-03-11T18:40:00.000+0000,1122097.9366807197,5452.738454407527,999999.9999999999
2025-03-11T18:50:00.000+0000,1119340.84492008,5452.738454407527,999999.9999999999
2025-03-11T19:00:00.000+0000,1119839.05403368,5452.738454407527,999999.9999999999
2025-03-11T19:10:00.000+0000,1123425.75677416,5452.738454407527,999999.9999999999
2025-03-11T19:20:00.000+0000,1123912.7045040794,5452.738454407527,999999.9999999999
2025-03-11T19:30:00.000+0000,1123344.6153392796,5452.738454407527,999999.9999999999
2025-03-11T19:40:00.000+0000,1123933.01464296,5452.738454407527,999999.9999999999
2025-03-11T19:50:00.000+0000,1124190.0120804,5452.738454407527,999999.9999999999
2025-03-11T20:00:00.000+0000,1124852.8158128795,5452.738454407527,999999.9999999999
2025-03-11T20:10:00.000+0000,1124397.4396055196,5452.738454407527,999999.9999999999
2025-03-11T20:20:00.000+0000,1128365.1141245598,5452.738454407527,999999.9999999999
2025-03-11T20:30:00.000+0000,1129895.8373655202,5452.738454407527,999999.9999999999
2025-03-11T20:40:00.000+0000,1130254.2863767198,5452.738454407527,999999.9999999999
2025-03-11T20:50:00.000+0000,1130312.9050442397,5452.738454407527,999999.9999999999
2025-03-11T21:00:00.000+0000,1130254.2863767198,5452.738454407527,999999.9999999999
2025-03-11T21:10:00.000+0000,1129825.95731432,5452.738454407527,999999.9999999999
2025-03-11T21:20:00.000+0000,1129938.6702717599,5452.738454407527,999999.9999999999
2025-03-11T21:30:00.000+0000,1130853.9470640796,5452.738454407527,999999.9999999999
2025-03-11T21:40:00.000+0000,1132321.5272599196,5452.738454407527,999999.9999999999
2025-03-11T21:50:00.000+0000,1130709.6625840794,5452.738454407527,999999.9999999999
2025-03-11T22:00:00.000+0000,1129573.4842544794,5452.738454407527,999999.9999999999
2025-03-11T22:10:00.000+0000,1129830.4816919195,5452.738454407527,999999.9999999999
2025-03-11T22:20:00.000+0000,1131083.8973565593,5452.738454407527,999999.9999999999
2025-03-11T22:30:00.000+0000,1131142.5160240796,5452.738454407527,999999.9999999999
2025-03-11T22:40:00.000+0000,1131672.2966602393,5452.738454407527,999999.9999999999
2025-03-11T22:50:00.000+0000,1130757.0198679199,5452.738454407527,999999.9999999999
2025-03-11T23:00:00.000+0000,1131329.63341032,5452.738454407527,999999.9999999999
2025-03-11T23:10:00.000+0000,1133915.3935459994,5452.738454407527,999999.9999999999
2025-03-11T23:20:00.000+0000,1135425.8066480798,5452.738454407527,999999.9999999999
2025-03-11T23:30:00.000+0000,1136410.9634915995,5452.738454407527,999999.9999999999
2025-03-11T23:40:00.000+0000,1136769.4125027992,5452.738454407527,999999.9999999999
2025-03-11T23:50:00.000+0000,1136994.8384176793,5452.738454407527,999999.9999999999
2025-03-12T00:00:00.000+0000,1135351.4022192801,5452.738454407527,999999.9999999999
2025-03-12T00:10:00.000+0000,1135495.68669928,5452.738454407527,999999.9999999999
2025-03-12T00:20:00.000+0000,1134147.5564669596,5452.738454407527,999999.9999999999
2025-03-12T00:30:00.000+0000,1133087.9951946395,5452.738454407527,999999.9999999999
2025-03-12T00:40:00.000+0000,1135615.1366627992,5452.738454407527,999999.9999999999
2025-03-12T00:50:00.000+0000,1137204.4785712797,5452.738454407527,999999.9999999999
2025-03-12T01:00:00.000+0000,1134790.0500605595,5452.738454407527,999999.9999999999
2025-03-12T01:10:00.000+0000,1134832.8829667994,5452.738454407527,999999.9999999999
2025-03-12T01:20:00.000+0000,1133083.4708170395,5452.738454407527,999999.9999999999
2025-03-12T01:30:00.000+0000,1131264.1786160795,5452.738454407527,999999.9999999999
2025-03-12T01:40:00.000+0000,1129203.6747389594,5452.738454407527,999999.9999999999
2025-03-12T01:50:00.000+0000,1126232.4184471194,5452.738454407527,999999.9999999999
2025-03-12T02:00:00.000+0000,1130348.9018237598,5452.738454407527,999999.9999999999
2025-03-12T02:10:00.000+0000,1129674.8367075997,5452.738454407527,999999.9999999999
2025-03-12T02:20:00.000+0000,1132758.8059568799,5452.738454407527,999999.9999999999
2025-03-12T02:30:00.000+0000,1134492.4323453596,5452.738454407527,999999.9999999999
2025-03-12T02:40:00.000+0000,1139143.220735759,5452.738454407527,999999.9999999999
2025-03-12T02:50:00.000+0000,1139287.5052157592,5452.738454407527,999999.9999999999
2025-03-12T03:00:00.000+0000,1139668.4769943196,5452.738454407527,999999.9999999999
2025-03-12T03:10:00.000+0000,1141413.3647664795,5452.738454407527,999999.9999999999
2025-03-12T03:20:00.000+0000,1143564.0588336792,5452.738454407527,999999.9999999999
2025-03-12T03:30:00.000+0000,1145994.2731056793,5452.738454407527,999999.9999999999
2025-03-12T03:40:00.000+0000,1148135.9184176794,5452.738454407527,999999.9999999999
2025-03-12T03:50:00.000+0000,1149506.5714173594,5452.738454407527,999999.9999999999
2025-03-12T04:00:00.000+0000,1151519.7180106393,5452.738454407527,999999.9999999999
2025-03-12T04:10:00.000+0000,1151402.480675599,5452.738454407527,999999.9999999999
2025-03-12T04:20:00.000+0000,1152146.42584296,5452.738454407527,999999.9999999999
2025-03-12T04:30:00.000+0000,1154326.3796835996,5452.738454407527,999999.9999999999
2025-03-12T04:40:00.000+0000,1153742.5047575196,5452.738454407527,999999.9999999999
2025-03-12T04:50:00.000+0000,1151301.0291018393,5452.738454407527,999999.9999999999
2025-03-12T05:00:00.000+0000,1150038.5646819999,5452.738454407527,999999.9999999999
2025-03-12T05:10:00.000+0000,1148523.62720232,5452.738454407527,999999.9999999999
2025-03-12T05:20:00.000+0000,1147827.0393187995,5452.738454407527,999999.9999999999
2025-03-12T05:30:00.000+0000,1147500.1618301598,5452.738454407527,999999.9999999999
2025-03-12T05:40:00.000+0000,1147928.4908925598,5452.738454407527,999999.9999999999
2025-03-12T05:50:00.000+0000,1146814.8353303191,5452.738454407527,999999.9999999999
2025-03-12T06:00:00.000+0000,1147473.1146852,5452.738454407527,999999.9999999999
2025-03-12T06:10:00.000+0000,1151808.2869706394,5452.738454407527,999999.9999999999
2025-03-12T06:20:00.000+0000,1151075.6031869599,5452.738454407527,999999.9999999999
2025-03-12T06:30:00.000+0000,1150561.6083120797,5452.738454407527,999999.9999999999
2025-03-12T06:40:00.000+0000,1152333.5432291995,5452.738454407527,999999.9999999999
2025-03-12T06:50:00.000+0000,1151878.1670218394,5452.738454407527,999999.9999999999
2025-03-12T07:00:00.000+0000,1147944.2766538395,5452.738454407527,999999.9999999999
2025-03-12T07:10:00.000+0000,1148318.5114263198,5452.738454407527,999999.9999999999
2025-03-12T07:20:00.000+0000,1145802.6313418397,5452.738454407527,999999.9999999999
2025-03-12T07:30:00.000+0000,1144486.07263208,5452.738454407527,999999.9999999999
2025-03-12T07:40:00.000+0000,1145202.9706544795,5452.738454407527,999999.9999999999
2025-03-12T07:50:00.000+0000,1145818.4171031194,5452.738454407527,999999.9999999999
2025-03-12T08:00:00.000+0000,1145293.16084456,5452.738454407527,999999.9999999999
2025-03-12T08:10:00.000+0000,1141974.7169251996,5452.738454407527,999999.9999999999
2025-03-12T08:20:00.000+0000,1144580.7871997596,5452.738454407527,999999.9999999999
2025-03-12T08:30:00.000+0000,1143334.1085411997,5452.738454407527,999999.9999999999
2025-03-12T08:40:00.000+0000,1139111.6492131997,5452.738454407527,999999.9999999999
2025-03-12T08:50:00.000+0000,1138656.2730058397,5452.738454407527,999999.9999999999
2025-03-12T09:00:00.000+0000,1136931.6953725596,5452.738454407527,999999.9999999999
2025-03-12T09:10:00.000+0000,1142450.4032714395,5452.738454407527,999999.9999999999
2025-03-12T09:20:00.000+0000,1147053.8343779997,5452.738454407527,999999.9999999999
2025-03-12T09:30:00.000+0000,1146037.1060119192,5452.738454407527,999999.9999999999
2025-03-12T09:40:00.000+0000,1145538.8968983195,5452.738454407527,999999.9999999999
2025-03-12T09:50:00.000+0000,1145651.6098557597,5452.738454407527,999999.9999999999
2025-03-12T10:00:00.000+0000,1145721.48990696,5452.738454407527,999999.9999999999
2025-03-12T10:10:00.000+0000,1147220.6416253597,5452.738454407527,999999.9999999999
2025-03-12T10:20:00.000+0000,1147071.83276776,5452.738454407527,999999.9999999999
2025-03-12T10:30:00.000+0000,1147473.1146852,5452.738454407527,999999.9999999999
2025-03-12T10:40:00.000+0000,1147173.2843415192,5452.738454407527,999999.9999999999
2025-03-12T10:50:00.000+0000,1146327.8876003998,5452.738454407527,999999.9999999999
2025-03-12T11:00:00.000+0000,1143196.5610672797,5452.738454407527,999999.9999999999
2025-03-12T11:10:00.000+0000,1141521.5533463198,5452.738454407527,999999.9999999999
2025-03-12T11:20:00.000+0000,1141136.0571901596,5452.738454407527,999999.9999999999
2025-03-12T11:30:00.000+0000,1140793.3939402394,5452.738454407527,999999.9999999999
2025-03-12T11:40:00.000+0000,1141778.5507837592,5452.738454407527,999999.9999999999
2025-03-12T11:50:00.000+0000,1137689.1145520797,5452.738454407527,999999.9999999999
2025-03-12T12:00:00.000+0000,1135258.9002800798,5452.738454407527,999999.9999999999
2025-03-12T12:10:00.000+0000,1135216.0673738401,5452.738454407527,999999.9999999999
2025-03-12T12:20:00.000+0000,1127808.1872227995,5452.738454407527,999999.9999999999
2025-03-12T12:30:00.000+0000,1123434.7064087193,5452.738454407527,999999.9999999999
2025-03-12T12:40:00.000+0000,1126399.2256944794,5452.738454407527,999999.9999999999
2025-03-12T12:50:00.000+0000,1127539.9284016793,5452.738454407527,999999.9999999999
2025-03-12T13:00:00.000+0000,1126410.4870781598,5452.738454407527,999999.9999999999
2025-03-12T13:10:00.000+0000,1131259.6542384797,5452.738454407527,999999.9999999999
2025-03-12T13:20:00.000+0000,1134321.1007203993,5452.738454407527,999999.9999999999
2025-03-12T13:30:00.000+0000,1133565.8941693595,5452.738454407527,999999.9999999999
2025-03-12T13:40:00.000+0000,1135759.4211427993,5452.738454407527,999999.9999999999
2025-03-12T13:50:00.000+0000,1137928.1135997595,5452.738454407527,999999.9999999999
2025-03-12T14:00:00.000+0000,1140171.2104855194,5452.738454407527,999999.9999999999
2025-03-12T14:10:00.000+0000,1140556.7066416796,5452.738454407527,999999.9999999999
2025-03-12T14:20:00.000+0000,1142242.9757463199,5452.738454407527,999999.9999999999
2025-03-12T14:30:00.000+0000,1143575.3202173596,5452.738454407527,999999.9999999999
2025-03-12T14:40:00.000+0000,1148217.0598525598,5452.738454407527,999999.9999999999
2025-03-12T14:50:00.000+0000,1147687.2792163992,5452.738454407527,999999.9999999999
2025-03-12T15:00:00.000+0000,1149186.4309347996,5452.738454407527,999999.9999999999
2025-03-12T15:10:00.000+0000,1151905.2141667993,5452.738454407527,999999.9999999999
2025-03-12T15:20:00.000+0000,1150234.7308234393,5452.738454407527,999999.9999999999
2025-03-12T15:30:00.000+0000,1147103.4042903192,5452.738454407527,999999.9999999999
2025-03-12T15:40:00.000+0000,1145892.8215319193,5452.738454407527,999999.9999999999
2025-03-12T15:50:00.000+0000,1146835.1454692,5452.738454407527,999999.9999999999
2025-03-12T16:00:00.000+0000,1145126.3535971998,5452.738454407527,999999.9999999999
2025-03-12T16:10:00.000+0000,1143568.5832112797,5452.738454407527,999999.9999999999
2025-03-12T16:20:00.000+0000,1146240.0091594397,5452.738454407527,999999.9999999999
2025-03-12T16:30:00.000+0000,1142781.8051376792,5452.738454407527,999999.9999999999
2025-03-12T16:40:00.000+0000,1143712.8676912796,5452.738454407527,999999.9999999999
2025-03-12T16:50:00.000+0000,1145574.9927984795,5452.738454407527,999999.9999999999
2025-03-12T17:00:00.000+0000,1141469.7708055195,5452.738454407527,999999.9999999999
2025-03-12T17:10:00.000+0000,1141512.6037117597,5452.738454407527,999999.9999999999
2025-03-12T17:20:00.000+0000,1140752.8727831193,5452.738454407527,999999.9999999999
2025-03-12T17:30:00.000+0000,1141127.1075555997,5452.738454407527,999999.9999999999
2025-03-12T17:40:00.000+0000,1141771.8137776793,5452.738454407527,999999.9999999999
2025-03-12T17:50:00.000+0000,1143419.7743536793,5452.738454407527,999999.9999999999
2025-03-12T18:00:00.000+0000,1144490.5970096798,5452.738454407527,999999.9999999999
2025-03-12T18:10:00.000+0000,1140405.6851555996,5452.738454407527,999999.9999999999
2025-03-12T18:20:00.000+0000,1142076.1684989596,5452.738454407527,999999.9999999999
2025-03-12T18:30:00.000+0000,1141904.8368739998,5452.738454407527,999999.9999999999
2025-03-12T18:40:00.000+0000,1139673.0013719194,5452.738454407527,999999.9999999999
2025-03-12T18:50:00.000+0000,1139929.9988093593,5452.738454407527,999999.9999999999
2025-03-12T19:00:00.000+0000,1141674.8865815196,5452.738454407527,999999.9999999999
2025-03-12T19:10:00.000+0000,1139758.6671844001,5452.738454407527,999999.9999999999
2025-03-12T19:20:00.000+0000,1138956.1033495197,5452.738454407527,999999.9999999999
2025-03-12T19:30:00.000+0000,1138094.9208471198,5452.738454407527,999999.9999999999
2025-03-12T19:40:00.000+0000,1138796.0331082398,5452.738454407527,999999.9999999999
2025-03-12T19:50:00.000+0000,1137292.3570122395,5452.738454407527,999999.9999999999
2025-03-12T20:00:00.000+0000,1137308.1427735197,5452.738454407527,999999.9999999999
2025-03-12T20:10:00.000+0000,1136864.0279498396,5452.738454407527,999999.9999999999
2025-03-12T20:20:00.000+0000,1136291.4144074395,5452.738454407527,999999.9999999999
2025-03-12T20:30:00.000+0000,1135547.4692400796,5452.738454407527,999999.9999999999
2025-03-12T20:40:00.000+0000,1134246.6962915994,5452.738454407527,999999.9999999999
2025-03-12T20:50:00.000+0000,1135301.73318632,5452.738454407527,999999.9999999999
2025-03-12T21:00:00.000+0000,1132582.94995432,5452.738454407527,999999.9999999999
2025-03-12T21:10:00.000+0000,1130425.5188810395,5452.738454407527,999999.9999999999
2025-03-12T21:20:00.000+0000,1129692.8350973597,5452.738454407527,999999.9999999999
2025-03-12T21:30:00.000+0000,1132084.7408407195,5452.738454407527,999999.9999999999
2025-03-12T21:40:00.000+0000,1135712.0638589594,5452.738454407527,999999.9999999999
2025-03-12T21:50:00.000+0000,1136697.2207024796,5452.738454407527,999999.9999999999
2025-03-12T22:00:00.000+0000,1135010.95159784,5452.738454407527,999999.9999999999
2025-03-12T22:10:00.000+0000,1133592.94131432,5452.738454407527,999999.9999999999
2025-03-12T22:20:00.000+0000,1133347.2052605595,5452.738454407527,999999.9999999999
2025-03-12T22:30:00.000+0000,1132463.4999907995,5452.738454407527,999999.9999999999
2025-03-12T22:40:00.000+0000,1132677.6645219997,5452.738454407527,999999.9999999999
2025-03-12T22:50:00.000+0000,1131751.1263459995,5452.738454407527,999999.9999999999
2025-03-12T23:00:00.000+0000,1131606.8418659996,5452.738454407527,999999.9999999999
2025-03-12T23:10:00.000+0000,1133335.94387688,5452.738454407527,999999.9999999999
2025-03-12T23:20:00.000+0000,1133245.7536867994,5452.738454407527,999999.9999999999
2025-03-12T23:30:00.000+0000,1132276.3826045594,5452.738454407527,999999.9999999999
2025-03-12T23:40:00.000+0000,1131173.9884259994,5452.738454407527,999999.9999999999
2025-03-12T23:50:00.000+0000,1130745.6593635993,5452.738454407527,999999.9999999999
2025-03-13T00:00:00.000+0000,1130975.6096560797,5452.738454407527,999999.9999999999
2025-03-13T00:10:00.000+0000,1132887.3046755993,5452.738454407527,999999.9999999999
2025-03-13T00:20:00.000+0000,1131013.9181847197,5452.738454407527,999999.9999999999
2025-03-13T00:30:00.000+0000,1131972.0278832798,5452.738454407527,999999.9999999999
2025-03-13T00:40:00.000+0000,1130141.4742986395,5452.738454407527,999999.9999999999
2025-03-13T00:50:00.000+0000,1132357.5240394392,5452.738454407527,999999.9999999999
2025-03-13T01:00:00.000+0000,1133315.6337379992,5452.738454407527,999999.9999999999
2025-03-13T01:10:00.000+0000,1130725.3492247197,5452.738454407527,999999.9999999999
2025-03-13T01:20:00.000+0000,1132540.1170480796,5452.738454407527,999999.9999999999
2025-03-13T01:30:00.000+0000,1132497.2841418392,5452.738454407527,999999.9999999999
2025-03-13T01:40:00.000+0000,1134028.0073827992,5452.738454407527,999999.9999999999
2025-03-13T01:50:00.000+0000,1131340.79567336,5452.738454407527,999999.9999999999
2025-03-13T02:00:00.000+0000,1130608.11188968,5452.738454407527,999999.9999999999
2025-03-13T02:10:00.000+0000,1130506.6603159201,5452.738454407527,999999.9999999999
2025-03-13T02:20:00.000+0000,1132267.3338493595,5452.738454407527,999999.9999999999
2025-03-13T02:30:00.000+0000,1134082.1016727195,5452.738454407527,999999.9999999999
2025-03-13T02:40:00.000+0000,1133989.6988541598,5452.738454407527,999999.9999999999
2025-03-13T02:50:00.000+0000,1135017.6886039197,5452.738454407527,999999.9999999999
2025-03-13T03:00:00.000+0000,1135633.1350525594,5452.738454407527,999999.9999999999
2025-03-13T03:10:00.000+0000,1133904.0330416795,5452.738454407527,999999.9999999999
2025-03-13T03:20:00.000+0000,1133358.4666442394,5452.738454407527,999999.9999999999
2025-03-13T03:30:00.000+0000,1135488.8505725595,5452.738454407527,999999.9999999999
2025-03-13T03:40:00.000+0000,1136259.8428848796,5452.738454407527,999999.9999999999
2025-03-13T03:50:00.000+0000,1136431.1745098396,5452.738454407527,999999.9999999999
2025-03-13T04:00:00.000+0000,1137233.7383447196,5452.738454407527,999999.9999999999
2025-03-13T04:10:00.000+0000,1137806.3518871197,5452.738454407527,999999.9999999999
2025-03-13T04:20:00.000+0000,1139251.4093155996,5452.738454407527,999999.9999999999
2025-03-13T04:30:00.000+0000,1139449.7880855196,5452.738454407527,999999.9999999999
2025-03-13T04:40:00.000+0000,1138780.2473469593,5452.738454407527,999999.9999999999
2025-03-13T04:50:00.000+0000,1138153.5395146399,5452.738454407527,999999.9999999999
2025-03-13T05:00:00.000+0000,1137885.2806935196,5452.738454407527,999999.9999999999
2025-03-13T05:10:00.000+0000,1138142.2781309597,5452.738454407527,999999.9999999999
2025-03-13T05:20:00.000+0000,1071769.1727280798,5452.738454407527,999999.9999999999
2025-03-13T05:30:00.000+0000,1100494.3661744795,5452.738454407527,999999.9999999999
2025-03-13T05:40:00.000+0000,1125849.2340400794,5452.738454407527,999999.9999999999
2025-03-13T05:50:00.000+0000,1122208.4370096799,5452.738454407527,999999.9999999999
2025-03-13T06:00:00.000+0000,1118466.1884055194,5452.738454407527,999999.9999999999
2025-03-13T06:10:00.000+0000,1118835.8988003994,5452.738454407527,999999.9999999999
2025-03-13T06:20:00.000+0000,1127598.6461898398,5452.738454407527,999999.9999999999
2025-03-13T06:30:00.000+0000,1124873.1259517595,5452.738454407527,999999.9999999999
2025-03-13T06:40:00.000+0000,1119674.55853544,5452.738454407527,999999.9999999999
2025-03-13T06:50:00.000+0000,1119289.0623792799,5452.738454407527,999999.9999999999
2025-03-13T07:00:00.000+0000,1123369.4498557595,5452.738454407527,999999.9999999999
2025-03-13T07:10:00.000+0000,1125842.4970339993,5452.738454407527,999999.9999999999
2025-03-13T07:20:00.000+0000,1123139.4995632796,5452.738454407527,999999.9999999999
2025-03-13T07:30:00.000+0000,1121480.2776035997,5452.738454407527,999999.9999999999
2025-03-13T07:40:00.000+0000,1123700.8517219997,5452.738454407527,999999.9999999999
2025-03-13T07:50:00.000+0000,1120087.1018365598,5452.738454407527,999999.9999999999
2025-03-13T08:00:00.000+0000,1119915.7702115993,5452.738454407527,999999.9999999999
2025-03-13T08:10:00.000+0000,1119697.0813027993,5452.738454407527,999999.9999999999
2025-03-13T08:20:00.000+0000,1121523.1105098394,5452.738454407527,999999.9999999999
2025-03-13T08:30:00.000+0000,1125190.9546851993,5452.738454407527,999999.9999999999
2025-03-13T08:40:00.000+0000,1125046.6702051992,5452.738454407527,999999.9999999999
2025-03-13T08:50:00.000+0000,1125420.9049776795,5452.738454407527,999999.9999999999
2025-03-13T09:00:00.000+0000,1123964.5861655197,5452.738454407527,999999.9999999999
2025-03-13T09:10:00.000+0000,1123387.4482455198,5452.738454407527,999999.9999999999
2025-03-13T09:20:00.000+0000,1122386.5056407196,5452.738454407527,999999.9999999999
2025-03-13T09:30:00.000+0000,1121261.5886947997,5452.738454407527,999999.9999999999
2025-03-13T09:40:00.000+0000,1119110.8946275997,5452.738454407527,999999.9999999999
2025-03-13T09:50:00.000+0000,1117456.1970455192,5452.738454407527,999999.9999999999
2025-03-13T10:00:00.000+0000,1118270.0222640797,5452.738454407527,999999.9999999999
2025-03-13T10:10:00.000+0000,1121669.6076183198,5452.738454407527,999999.9999999999
2025-03-13T10:20:00.000+0000,1122857.6676093591,5452.738454407527,999999.9999999999
2025-03-13T10:30:00.000+0000,1121926.6050557597,5452.738454407527,999999.9999999999
2025-03-13T10:40:00.000+0000,1123896.9187427997,5452.738454407527,999999.9999999999
2025-03-13T10:50:00.000+0000,1122028.0566295194,5452.738454407527,999999.9999999999
2025-03-13T11:00:00.000+0000,1122569.0986493593,5452.738454407527,999999.9999999999
2025-03-13T11:10:00.000+0000,1123497.8494538397,5452.738454407527,999999.9999999999
2025-03-13T11:20:00.000+0000,1123912.7045040794,5452.738454407527,999999.9999999999
2025-03-13T11:30:00.000+0000,1122927.5476605596,5452.738454407527,999999.9999999999
2025-03-13T11:40:00.000+0000,1125026.3600663198,5452.738454407527,999999.9999999999
2025-03-13T11:50:00.000+0000,1127269.4569520794,5452.738454407527,999999.9999999999
2025-03-13T12:00:00.000+0000,1128243.3524119195,5452.738454407527,999999.9999999999
2025-03-13T12:10:00.000+0000,1129158.6292042397,5452.738454407527,999999.9999999999
2025-03-13T12:20:00.000+0000,1126085.92133864,5452.738454407527,999999.9999999999
2025-03-13T12:30:00.000+0000,1126599.9162135194,5452.738454407527,999999.9999999999
2025-03-13T12:40:00.000+0000,1129880.0516042397,5452.738454407527,999999.9999999999
2025-03-13T12:50:00.000+0000,1130366.9993341593,5452.738454407527,999999.9999999999
2025-03-13T13:00:00.000+0000,1125506.5707901597,5452.738454407527,999999.9999999999
2025-03-13T13:10:00.000+0000,1123937.5390205598,5452.738454407527,999999.9999999999
2025-03-13T13:20:00.000+0000,1118155.0966781592,5452.738454407527,999999.9999999999
2025-03-13T13:30:00.000+0000,1119985.6502627993,5452.738454407527,999999.9999999999
2025-03-13T13:40:00.000+0000,1125948.47298536,5452.738454407527,999999.9999999999
2025-03-13T13:50:00.000+0000,1129262.3925271195,5452.738454407527,999999.9999999999
2025-03-13T14:00:00.000+0000,1129958.9804106397,5452.738454407527,999999.9999999999
2025-03-13T14:10:00.000+0000,1127544.5518999193,5452.738454407527,999999.9999999999
2025-03-13T14:20:00.000+0000,1129343.5339619997,5452.738454407527,999999.9999999999
2025-03-13T14:30:00.000+0000,1127835.3334884,5452.738454407527,999999.9999999999
2025-03-13T14:40:00.000+0000,1128365.1141245598,5452.738454407527,999999.9999999999
2025-03-13T14:50:00.000+0000,1125549.4036963996,5452.738454407527,999999.9999999999
2025-03-13T15:00:00.000+0000,1126764.5108323996,5452.738454407527,999999.9999999999
2025-03-13T15:10:00.000+0000,1130184.40632552,5452.738454407527,999999.9999999999
2025-03-13T15:20:00.000+0000,1130425.6180016794,5452.738454407527,999999.9999999999
2025-03-13T15:30:00.000+0000,1130110.00189672,5452.738454407527,999999.9999999999
2025-03-13T15:40:00.000+0000,1131699.3438051995,5452.738454407527,999999.9999999999
2025-03-13T15:50:00.000+0000,1133187.2341399195,5452.738454407527,999999.9999999999
2025-03-13T16:00:00.000+0000,1132544.7405463196,5452.738454407527,999999.9999999999
2025-03-13T16:10:00.000+0000,1135547.5683607194,5452.738454407527,999999.9999999999
2025-03-13T16:20:00.000+0000,1135216.1664944799,5452.738454407527,999999.9999999999
2025-03-13T16:30:00.000+0000,1138397.0629399195,5452.738454407527,999999.9999999999
2025-03-13T16:40:00.000+0000,1138182.8984087196,5452.738454407527,999999.9999999999
2025-03-13T16:50:00.000+0000,1139440.8384509597,5452.738454407527,999999.9999999999
2025-03-13T17:00:00.000+0000,1139499.4571184798,5452.738454407527,999999.9999999999
2025-03-13T17:10:00.000+0000,1140586.065535759,5452.738454407527,999999.9999999999
2025-03-13T17:20:00.000+0000,1142342.2146915996,5452.738454407527,999999.9999999999
2025-03-13T17:30:00.000+0000,1143128.9927651996,5452.738454407527,999999.9999999999
2025-03-13T17:40:00.000+0000,1145372.08965096,5452.738454407527,999999.9999999999
2025-03-13T17:50:00.000+0000,1145714.7529008798,5452.738454407527,999999.9999999999
2025-03-13T18:00:00.000+0000,1140752.8727831193,5452.738454407527,999999.9999999999
2025-03-13T18:10:00.000+0000,1140223.0921469592,5452.738454407527,999999.9999999999
2025-03-13T18:20:00.000+0000,1137975.4708835992,5452.738454407527,999999.9999999999
2025-03-13T18:30:00.000+0000,1137145.8599037598,5452.738454407527,999999.9999999999
2025-03-13T18:40:00.000+0000,1136818.9824151197,5452.738454407527,999999.9999999999
2025-03-13T18:50:00.000+0000,1136947.48113384,5452.738454407527,999999.9999999999
2025-03-13T19:00:00.000+0000,1137477.2617699997,5452.738454407527,999999.9999999999
2025-03-13T19:10:00.000+0000,1138552.6088035991,5452.738454407527,999999.9999999999
2025-03-13T19:20:00.000+0000,1139152.2694909596,5452.738454407527,999999.9999999999
2025-03-13T19:30:00.000+0000,1139264.9824483993,5452.738454407527,999999.9999999999
2025-03-13T19:40:00.000+0000,1141481.0321892002,5452.738454407527,999999.9999999999
2025-03-13T19:50:00.000+0000,1140565.7553968797,5452.738454407527,999999.9999999999
2025-03-13T20:00:00.000+0000,1140153.212095759,5452.738454407527,999999.9999999999
2025-03-13T20:10:00.000+0000,1139467.8855959196,5452.738454407527,999999.9999999999
2025-03-13T20:20:00.000+0000,1139382.2197834398,5452.738454407527,999999.9999999999
2025-03-13T20:30:00.000+0000,1140897.1572631192,5452.738454407527,999999.9999999999
2025-03-13T20:40:00.000+0000,1142626.2592739998,5452.738454407527,999999.9999999999
2025-03-13T20:50:00.000+0000,1143852.6277936792,5452.738454407527,999999.9999999999
2025-03-13T21:00:00.000+0000,1143081.63548136,5452.738454407527,999999.9999999999
2025-03-13T21:10:00.000+0000,1142995.9696688796,5452.738454407527,999999.9999999999
2025-03-13T21:20:00.000+0000,1142599.2121290397,5452.738454407527,999999.9999999999
2025-03-13T21:30:00.000+0000,1143198.8728163997,5452.738454407527,999999.9999999999
2025-03-13T21:40:00.000+0000,1142914.8282339997,5452.738454407527,999999.9999999999
2025-03-13T21:50:00.000+0000,1142626.2592739998,5452.738454407527,999999.9999999999
2025-03-13T22:00:00.000+0000,1140008.927615759,5452.738454407527,999999.9999999999
2025-03-13T22:10:00.000+0000,1139837.5959907994,5452.738454407527,999999.9999999999
2025-03-13T22:20:00.000+0000,1138996.7236272797,5452.738454407527,999999.9999999999
2025-03-13T22:30:00.000+0000,1138681.1075223195,5452.738454407527,999999.9999999999
2025-03-13T22:40:00.000+0000,1132727.3335549599,5452.738454407527,999999.9999999999
2025-03-13T22:50:00.000+0000,1129215.0352432793,5452.738454407527,999999.9999999999
2025-03-13T23:00:00.000+0000,1126270.8260963997,5452.738454407527,999999.9999999999
2025-03-13T23:10:00.000+0000,1127073.3899312797,5452.738454407527,999999.9999999999
2025-03-13T23:20:00.000+0000,1129262.3925271195,5452.738454407527,999999.9999999999
2025-03-13T23:30:00.000+0000,1129780.9117796,5452.738454407527,999999.9999999999
2025-03-13T23:40:00.000+0000,1129652.4130608796,5452.738454407527,999999.9999999999
2025-03-13T23:50:00.000+0000,1127923.3110499994,5452.738454407527,999999.9999999999
2025-03-14T00:00:00.000+0000,1124652.2244144792,5452.738454407527,999999.9999999999
2025-03-14T00:10:00.000+0000,1120700.3356567195,5452.738454407527,999999.9999999999
2025-03-14T00:20:00.000+0000,1109516.4227504795,5452.738454407527,999999.9999999999
2025-03-14T00:30:00.000+0000,1106427.9291235995,5452.738454407527,999999.9999999999
2025-03-14T00:40:00.000+0000,1105645.6754275996,5452.738454407527,999999.9999999999
2025-03-14T00:50:00.000+0000,1101139.1715171996,5452.738454407527,999999.9999999999
2025-03-14T01:00:00.000+0000,1108296.7912368793,5452.738454407527,999999.9999999999
2025-03-14T01:10:00.000+0000,1103851.1186224795,5452.738454407527,999999.9999999999
2025-03-14T01:20:00.000+0000,1106495.4974256791,5452.738454407527,999999.9999999999
2025-03-14T01:30:00.000+0000,1106168.6199370397,5452.738454407527,999999.9999999999
2025-03-14T01:40:00.000+0000,1106601.4733770397,5452.738454407527,999999.9999999999
2025-03-14T01:50:00.000+0000,1104732.6112637592,5452.738454407527,999999.9999999999
2025-03-14T02:00:00.000+0000,1106788.5907632792,5452.738454407527,999999.9999999999
2025-03-14T02:10:00.000+0000,1102622.5374743198,5452.738454407527,999999.9999999999
2025-03-14T02:20:00.000+0000,1092894.9433802397,5452.738454407527,999999.9999999999
2025-03-14T02:30:00.000+0000,1092894.9433802397,5452.738454407527,999999.9999999999
2025-03-14T02:40:00.000+0000,1088787.5087587999,5452.738454407527,999999.9999999999
2025-03-14T02:50:00.000+0000,1086190.4872394393,5452.738454407527,999999.9999999999
2025-03-14T03:00:00.000+0000,1079751.97817064,5452.738454407527,999999.9999999999
2025-03-14T03:10:00.000+0000,1076453.84439016,5452.738454407527,999999.9999999999
2025-03-14T03:20:00.000+0000,1084114.1976010401,5452.738454407527,999999.9999999999
2025-03-14T03:30:00.000+0000,1085917.7040407197,5452.738454407527,999999.9999999999
2025-03-14T03:40:00.000+0000,1083557.3698199193,5452.738454407527,999999.9999999999
2025-03-14T03:50:00.000+0000,1085002.4272483997,5452.738454407527,999999.9999999999
2025-03-14T04:00:00.000+0000,1077256.4082250397,5452.738454407527,999999.9999999999
2025-03-14T04:10:00.000+0000,1067197.4122647196,5452.738454407527,999999.9999999999
2025-03-14T04:20:00.000+0000,1073910.9171607196,5452.738454407527,999999.9999999999
2025-03-14T04:30:00.000+0000,1069798.9581616796,5452.738454407527,999999.9999999999
2025-03-14T04:40:00.000+0000,1065542.7146826398,5452.738454407527,999999.9999999999
2025-03-14T04:50:00.000+0000,1067648.2640944796,5452.738454407527,999999.9999999999
2025-03-14T05:00:00.000+0000,1079082.4374320798,5452.738454407527,999999.9999999999
2025-03-14T05:10:00.000+0000,1085148.92435688,5452.738454407527,999999.9999999999
2025-03-14T05:20:00.000+0000,1082878.7803261592,5452.738454407527,999999.9999999999
2025-03-14T05:30:00.000+0000,1082263.3338775197,5452.738454407527,999999.9999999999
2025-03-14T05:40:00.000+0000,1084003.6972720795,5452.738454407527,999999.9999999999
2025-03-14T05:50:00.000+0000,1084105.1488458398,5452.738454407527,999999.9999999999
2025-03-14T06:00:00.000+0000,1086745.0032714398,5452.738454407527,999999.9999999999
2025-03-14T06:10:00.000+0000,1092746.1345226397,5452.738454407527,999999.9999999999
2025-03-14T06:20:00.000+0000,1092356.1139888796,5452.738454407527,999999.9999999999
2025-03-14T06:30:00.000+0000,1089856.0196656792,5452.738454407527,999999.9999999999
2025-03-14T06:40:00.000+0000,1088769.4112483999,5452.738454407527,999999.9999999999
2025-03-14T06:50:00.000+0000,1088828.0299159198,5452.738454407527,999999.9999999999
2025-03-14T07:00:00.000+0000,1088399.7008535196,5452.738454407527,999999.9999999999
2025-03-14T07:10:00.000+0000,1089556.1893219997,5452.738454407527,999999.9999999999
2025-03-14T07:20:00.000+0000,1086242.269780239,5452.738454407527,999999.9999999999
2025-03-14T07:30:00.000+0000,1084528.9535306396,5452.738454407527,999999.9999999999
2025-03-14T07:40:00.000+0000,1084395.9304343197,5452.738454407527,999999.9999999999
2025-03-14T07:50:00.000+0000,1085514.1103741594,5452.738454407527,999999.9999999999
2025-03-14T08:00:00.000+0000,1082157.3579261592,5452.738454407527,999999.9999999999
2025-03-14T08:10:00.000+0000,1083843.6270307999,5452.738454407527,999999.9999999999
2025-03-14T08:20:00.000+0000,1082858.4701872799,5452.738454407527,999999.9999999999
2025-03-14T08:30:00.000+0000,1083318.3707722398,5452.738454407527,999999.9999999999
2025-03-14T08:40:00.000+0000,1081203.7726051996,5452.738454407527,999999.9999999999
2025-03-14T08:50:00.000+0000,1083688.0811671193,5452.738454407527,999999.9999999999
2025-03-14T09:00:00.000+0000,1079571.5977904801,5452.738454407527,999999.9999999999
2025-03-14T09:10:00.000+0000,1080401.2087703198,5452.738454407527,999999.9999999999
2025-03-14T09:20:00.000+0000,1082596.9483722397,5452.738454407527,999999.9999999999
2025-03-14T09:30:00.000+0000,1083025.2774346396,5452.738454407527,999999.9999999999
2025-03-14T09:40:00.000+0000,1086697.6459875996,5452.738454407527,999999.9999999999
2025-03-14T09:50:00.000+0000,1087655.7556861595,5452.738454407527,999999.9999999999
2025-03-14T10:00:00.000+0000,1087270.2595299995,5452.738454407527,999999.9999999999
2025-03-14T10:10:00.000+0000,1088298.2492797598,5452.738454407527,999999.9999999999
2025-03-14T10:20:00.000+0000,1085856.7736240795,5452.738454407527,999999.9999999999
2025-03-14T10:30:00.000+0000,1083014.0160509597,5452.738454407527,999999.9999999999
2025-03-14T10:40:00.000+0000,1082682.6141847195,5452.738454407527,999999.9999999999
2025-03-14T10:50:00.000+0000,1084882.8781642397,5452.738454407527,999999.9999999999
2025-03-14T11:00:00.000+0000,1084014.9586557595,5452.738454407527,999999.9999999999
2025-03-14T11:10:00.000+0000,1085926.6536752796,5452.738454407527,999999.9999999999
2025-03-14T11:20:00.000+0000,1084341.8361443996,5452.738454407527,999999.9999999999
2025-03-14T11:30:00.000+0000,1083356.6793008796,5452.738454407527,999999.9999999999
2025-03-14T11:40:00.000+0000,1084100.6244682395,5452.738454407527,999999.9999999999
2025-03-14T11:50:00.000+0000,1082815.63728104,5452.738454407527,999999.9999999999
2025-03-14T12:00:00.000+0000,1083072.6347184796,5452.738454407527,999999.9999999999
2025-03-14T12:10:00.000+0000,1080701.0391139993,5452.738454407527,999999.9999999999
2025-03-14T12:20:00.000+0000,1081327.74694632,5452.738454407527,999999.9999999999
2025-03-14T12:30:00.000+0000,1083340.8935395996,5452.738454407527,999999.9999999999
2025-03-14T12:40:00.000+0000,1083854.8884144796,5452.738454407527,999999.9999999999
2025-03-14T12:50:00.000+0000,1083180.8232983195,5452.738454407527,999999.9999999999
2025-03-14T13:00:00.000+0000,1082623.9955171999,5452.738454407527,999999.9999999999
2025-03-14T13:10:00.000+0000,1083239.4419658398,5452.738454407527,999999.9999999999
2025-03-14T13:20:00.000+0000,1085295.421465359,5452.738454407527,999999.9999999999
2025-03-14T13:30:00.000+0000,1084781.4265904797,5452.738454407527,999999.9999999999
2025-03-14T13:40:00.000+0000,1086210.6982576798,5452.738454407527,999999.9999999999
2025-03-14T13:50:00.000+0000,1071868.4116733598,5452.738454407527,999999.9999999999
2025-03-14T14:00:00.000+0000,1073714.7510192797,5452.738454407527,999999.9999999999
2025-03-14T14:10:00.000+0000,1062305.4121981594,5452.738454407527,999999.9999999999
2025-03-14T14:20:00.000+0000,1069945.45527016,5452.738454407527,999999.9999999999
2025-03-14T14:30:00.000+0000,1068157.7345917595,5452.738454407527,999999.9999999999
2025-03-14T14:40:00.000+0000,1065127.8596323999,5452.738454407527,999999.9999999999
2025-03-14T14:50:00.000+0000,1067943.5700605595,5452.738454407527,999999.9999999999
2025-03-14T15:00:00.000+0000,1060828.7832471197,5452.738454407527,999999.9999999999
2025-03-14T15:10:00.000+0000,1064582.2932349595,5452.738454407527,999999.9999999999
2025-03-14T15:20:00.000+0000,1059464.8672535196,5452.738454407527,999999.9999999999
2025-03-14T15:30:00.000+0000,1058989.18090728,5452.738454407527,999999.9999999999
2025-03-14T15:40:00.000+0000,1061976.2229603997,5452.738454407527,999999.9999999999
2025-03-14T15:50:00.000+0000,1068347.0646064796,5452.738454407527,999999.9999999999
2025-03-14T16:00:00.000+0000,1069839.4793187995,5452.738454407527,999999.9999999999
2025-03-14T16:10:00.000+0000,1072799.4742269595,5452.738454407527,999999.9999999999
2025-03-14T16:20:00.000+0000,1071712.8658096795,5452.738454407527,999999.9999999999
2025-03-14T16:30:00.000+0000,1068045.0216343198,5452.738454407527,999999.9999999999
2025-03-14T16:40:00.000+0000,1065903.3763223193,5452.738454407527,999999.9999999999
2025-03-14T16:50:00.000+0000,1064232.8929789597,5452.738454407527,999999.9999999999
2025-03-14T17:00:00.000+0000,1058321.9519178392,5452.738454407527,999999.9999999999
2025-03-14T17:10:00.000+0000,1060495.1687523993,5452.738454407527,999999.9999999999
2025-03-14T17:20:00.000+0000,1061281.9468259998,5452.738454407527,999999.9999999999
2025-03-14T17:30:00.000+0000,1065795.1877424794,5452.738454407527,999999.9999999999
2025-03-14T17:40:00.000+0000,1068423.7807843997,5452.738454407527,999999.9999999999
2025-03-14T17:50:00.000+0000,1069242.1303805597,5452.738454407527,999999.9999999999
2025-03-14T18:00:00.000+0000,1070671.4020477599,5452.738454407527,999999.9999999999
2025-03-14T18:10:00.000+0000,1072524.4783997599,5452.738454407527,999999.9999999999
2025-03-14T18:20:00.000+0000,1073852.2984931995,5452.738454407527,999999.9999999999
2025-03-14T18:30:00.000+0000,1072855.8802659996,5452.738454407527,999999.9999999999
2025-03-14T18:40:00.000+0000,1072844.6188823201,5452.738454407527,999999.9999999999
2025-03-14T18:50:00.000+0000,1071602.4646013598,5452.738454407527,999999.9999999999
2025-03-14T19:00:00.000+0000,1069215.0832355996,5452.738454407527,999999.9999999999
2025-03-14T19:10:00.000+0000,1068845.3728407193,5452.738454407527,999999.9999999999
2025-03-14T19:20:00.000+0000,1070360.3103203997,5452.738454407527,999999.9999999999
2025-03-14T19:30:00.000+0000,1071933.8664675998,5452.738454407527,999999.9999999999
2025-03-14T19:40:00.000+0000,1074102.5589245593,5452.738454407527,999999.9999999999
2025-03-14T19:50:00.000+0000,1076352.3928163997,5452.738454407527,999999.9999999999
2025-03-14T20:00:00.000+0000,1076897.9592138394,5452.738454407527,999999.9999999999
2025-03-14T20:10:00.000+0000,1076940.7921200797,5452.738454407527,999999.9999999999
2025-03-14T20:20:00.000+0000,1078600.0140797596,5452.738454407527,999999.9999999999
2025-03-14T20:30:00.000+0000,1077871.8546736797,5452.738454407527,999999.9999999999
2025-03-14T20:40:00.000+0000,1077272.1939863197,5452.738454407527,999999.9999999999
2025-03-14T20:50:00.000+0000,1077240.6224637597,5452.738454407527,999999.9999999999
2025-03-14T21:00:00.000+0000,1076625.17601512,5452.738454407527,999999.9999999999
2025-03-14T21:10:00.000+0000,1077251.8838474392,5452.738454407527,999999.9999999999
2025-03-14T21:20:00.000+0000,1077925.9489635993,5452.738454407527,999999.9999999999
2025-03-14T21:30:00.000+0000,1077053.50507752,5452.738454407527,999999.9999999999
2025-03-14T21:40:00.000+0000,1074708.9566179996,5452.738454407527,999999.9999999999
2025-03-14T21:50:00.000+0000,1074023.6301181598,5452.738454407527,999999.9999999999
2025-03-14T22:00:00.000+0000,1072657.5014960796,5452.738454407527,999999.9999999999
2025-03-14T22:10:00.000+0000,1071843.6762775197,5452.738454407527,999999.9999999999
2025-03-14T22:20:00.000+0000,1073444.2795696796,5452.738454407527,999999.9999999999
2025-03-14T22:30:00.000+0000,1071313.8956413597,5452.738454407527,999999.9999999999
2025-03-14T22:40:00.000+0000,1069472.08067304,5452.738454407527,999999.9999999999
2025-03-14T22:50:00.000+0000,1068556.8038807195,5452.738454407527,999999.9999999999
2025-03-14T23:00:00.000+0000,1069814.7439229595,5452.738454407527,999999.9999999999
2025-03-14T23:10:00.000+0000,1071120.0412490396,5452.738454407527,999999.9999999999
2025-03-14T23:20:00.000+0000,1072260.7439562394,5452.738454407527,999999.9999999999
2025-03-14T23:30:00.000+0000,1072447.8613424795,5452.738454407527,999999.9999999999
2025-03-14T23:40:00.000+0000,1074262.6291658396,5452.738454407527,999999.9999999999
2025-03-14T23:50:00.000+0000,1074963.7414269594,5452.738454407527,999999.9999999999
2025-03-15T00:00:00.000+0000,1069368.4164707996,5452.738454407527,999999.9999999999
2025-03-15T00:10:00.000+0000,1068024.8106160795,5452.738454407527,999999.9999999999
2025-03-15T00:20:00.000+0000,1062140.9166999196,5452.738454407527,999999.9999999999
2025-03-15T00:30:00.000+0000,1059555.156564239,5452.738454407527,999999.9999999999
2025-03-15T00:40:00.000+0000,1056852.1590935197,5452.738454407527,999999.9999999999
2025-03-15T00:50:00.000+0000,1052280.2995095192,5452.738454407527,999999.9999999999
2025-03-15T01:00:00.000+0000,1053752.4040829598,5452.738454407527,999999.9999999999
2025-03-15T01:10:00.000+0000,1053468.3595005595,5452.738454407527,999999.9999999999
2025-03-15T01:20:00.000+0000,1053982.35437544,5452.738454407527,999999.9999999999
2025-03-15T01:30:00.000+0000,1057767.4358858396,5452.738454407527,999999.9999999999
2025-03-15T01:40:00.000+0000,1060235.9586864798,5452.738454407527,999999.9999999999
2025-03-15T01:50:00.000+0000,1058950.9714992798,5452.738454407527,999999.9999999999
2025-03-15T02:00:00.000+0000,1058051.4804682394,5452.738454407527,999999.9999999999
2025-03-15T02:10:00.000+0000,1054223.5660515998,5452.738454407527,999999.9999999999
2025-03-15T02:20:00.000+0000,1056396.7828861598,5452.738454407527,999999.9999999999
2025-03-15T02:30:00.000+0000,1060637.2406039198,5452.738454407527,999999.9999999999
2025-03-15T02:40:00.000+0000,1061092.6168112797,5452.738454407527,999999.9999999999
2025-03-15T02:50:00.000+0000,1059850.4625303196,5452.738454407527,999999.9999999999
2025-03-15T03:00:00.000+0000,1062147.6537059997,5452.738454407527,999999.9999999999
2025-03-15T03:10:00.000+0000,1062805.9330608796,5452.738454407527,999999.9999999999
2025-03-15T03:20:00.000+0000,1061419.4942999196,5452.738454407527,999999.9999999999
2025-03-15T03:30:00.000+0000,1061092.6168112797,5452.738454407527,999999.9999999999
2025-03-15T03:40:00.000+0000,1063346.9750807195,5452.738454407527,999999.9999999999
2025-03-15T03:50:00.000+0000,1063315.4035581595,5452.738454407527,999999.9999999999
2025-03-15T04:00:00.000+0000,1061345.0898711192,5452.738454407527,999999.9999999999
2025-03-15T04:10:00.000+0000,1064744.6752253594,5452.738454407527,999999.9999999999
2025-03-15T04:20:00.000+0000,1066586.4901936795,5452.738454407527,999999.9999999999
2025-03-15T04:30:00.000+0000,1064981.3625239194,5452.738454407527,999999.9999999999
2025-03-15T04:40:00.000+0000,1064771.7223703198,5452.738454407527,999999.9999999999
2025-03-15T04:50:00.000+0000,1063326.6649418396,5452.738454407527,999999.9999999999
2025-03-15T05:00:00.000+0000,1065741.0934525596,5452.738454407527,999999.9999999999
2025-03-15T05:10:00.000+0000,1067742.9786621593,5452.738454407527,999999.9999999999
2025-03-15T05:20:00.000+0000,1066886.3205373595,5452.738454407527,999999.9999999999
2025-03-15T05:30:00.000+0000,1068171.3077245597,5452.738454407527,999999.9999999999
2025-03-15T05:40:00.000+0000,1065145.9571427996,5452.738454407527,999999.9999999999
2025-03-15T05:50:00.000+0000,1066430.9443299999,5452.738454407527,999999.9999999999
2025-03-15T06:00:00.000+0000,1065943.9966000798,5452.738454407527,999999.9999999999
2025-03-15T06:10:00.000+0000,1064530.5106941597,5452.738454407527,999999.9999999999
2025-03-15T06:20:00.000+0000,1065044.5055690394,5452.738454407527,999999.9999999999
2025-03-15T06:30:00.000+0000,1069156.4645680794,5452.738454407527,999999.9999999999
2025-03-15T06:40:00.000+0000,1069370.6290992796,5452.738454407527,999999.9999999999
2025-03-15T06:50:00.000+0000,1071142.5640163997,5452.738454407527,999999.9999999999
2025-03-15T07:00:00.000+0000,1071045.6368202397,5452.738454407527,999999.9999999999
2025-03-15T07:10:00.000+0000,1072432.0755811997,5452.738454407527,999999.9999999999
2025-03-15T07:20:00.000+0000,1071960.91361256,5452.738454407527,999999.9999999999
2025-03-15T07:30:00.000+0000,1075017.8357168795,5452.738454407527,999999.9999999999
2025-03-15T07:40:00.000+0000,1074557.9351319198,5452.738454407527,999999.9999999999
2025-03-15T07:50:00.000+0000,1076255.4656202395,5452.738454407527,999999.9999999999
2025-03-15T08:00:00.000+0000,1076185.5855690395,5452.738454407527,999999.9999999999
2025-03-15T08:10:00.000+0000,1076602.6532477594,5452.738454407527,999999.9999999999
2025-03-15T08:20:00.000+0000,1077159.4810288798,5452.738454407527,999999.9999999999
2025-03-15T08:30:00.000+0000,1078315.9694973594,5452.738454407527,999999.9999999999
2025-03-15T08:40:00.000+0000,1077716.3088099994,5452.738454407527,999999.9999999999
2025-03-15T08:50:00.000+0000,1075874.4938416793,5452.738454407527,999999.9999999999
2025-03-15T09:00:00.000+0000,1074718.0053731995,5452.738454407527,999999.9999999999
2025-03-15T09:10:00.000+0000,1075344.7132055196,5452.738454407527,999999.9999999999
2025-03-15T09:20:00.000+0000,1077459.3113725598,5452.738454407527,999999.9999999999
2025-03-15T09:30:00.000+0000,1074916.38414312,5452.738454407527,999999.9999999999
2025-03-15T09:40:00.000+0000,1074285.1519331995,5452.738454407527,999999.9999999999
2025-03-15T09:50:00.000+0000,1074355.0319843995,5452.738454407527,999999.9999999999
2025-03-15T10:00:00.000+0000,1075414.5932567199,5452.738454407527,999999.9999999999
2025-03-15T10:10:00.000+0000,1075745.9951229596,5452.738454407527,999999.9999999999
2025-03-15T10:20:00.000+0000,1076147.2770403996,5452.738454407527,999999.9999999999
2025-03-15T10:30:00.000+0000,1076902.4835914394,5452.738454407527,999999.9999999999
2025-03-15T10:40:00.000+0000,1077774.92747752,5452.738454407527,999999.9999999999
2025-03-15T10:50:00.000+0000,1077100.8623613596,5452.738454407527,999999.9999999999
2025-03-15T11:00:00.000+0000,1076045.8254666394,5452.738454407527,999999.9999999999
2025-03-15T11:10:00.000+0000,1075419.11763432,5452.738454407527,999999.9999999999
2025-03-15T11:20:00.000+0000,1073888.3943933598,5452.738454407527,999999.9999999999
2025-03-15T11:30:00.000+0000,1073915.44153832,5452.738454407527,999999.9999999999
2025-03-15T11:40:00.000+0000,1073615.6111946397,5452.738454407527,999999.9999999999
2025-03-15T11:50:00.000+0000,1073401.4466634395,5452.738454407527,999999.9999999999
2025-03-15T12:00:00.000+0000,1070944.1852464795,5452.738454407527,999999.9999999999
2025-03-15T12:10:00.000+0000,1069744.8638717595,5452.738454407527,999999.9999999999
2025-03-15T12:20:00.000+0000,1069359.3677155995,5452.738454407527,999999.9999999999
2025-03-15T12:30:00.000+0000,1069686.2452042396,5452.738454407527,999999.9999999999
2025-03-15T12:40:00.000+0000,1067630.2657047196,5452.738454407527,999999.9999999999
2025-03-15T12:50:00.000+0000,1068444.0909232793,5452.738454407527,999999.9999999999
2025-03-15T13:00:00.000+0000,1069931.9812579998,5452.738454407527,999999.9999999999
2025-03-15T13:10:00.000+0000,1069032.49022696,5452.738454407527,999999.9999999999
2025-03-15T13:20:00.000+0000,1067287.6024548,5452.738454407527,999999.9999999999
2025-03-15T13:30:00.000+0000,1067105.0094461595,5452.738454407527,999999.9999999999
2025-03-15T13:40:00.000+0000,1065071.5527139998,5452.738454407527,999999.9999999999
2025-03-15T13:50:00.000+0000,1066999.0334947999,5452.738454407527,999999.9999999999
2025-03-15T14:00:00.000+0000,1068058.5947671195,5452.738454407527,999999.9999999999
2025-03-15T14:10:00.000+0000,1070216.0258403996,5452.738454407527,999999.9999999999
2025-03-15T14:20:00.000+0000,1071816.62913256,5452.738454407527,999999.9999999999
2025-03-15T14:30:00.000+0000,1070445.9761328795,5452.738454407527,999999.9999999999
2025-03-15T14:40:00.000+0000,1066976.5107274398,5452.738454407527,999999.9999999999
2025-03-15T14:50:00.000+0000,1069160.9889456795,5452.738454407527,999999.9999999999
2025-03-15T15:00:00.000+0000,1067736.2416560794,5452.738454407527,999999.9999999999
2025-03-15T15:10:00.000+0000,1068266.0222922396,5452.738454407527,999999.9999999999
2025-03-15T15:20:00.000+0000,1067837.69322984,5452.738454407527,999999.9999999999
2025-03-15T15:30:00.000+0000,1066852.5363863194,5452.738454407527,999999.9999999999
2025-03-15T15:40:00.000+0000,1066381.3744176799,5452.738454407527,999999.9999999999
2025-03-15T15:50:00.000+0000,1054678.9422589596,5452.738454407527,999999.9999999999
2025-03-15T16:00:00.000+0000,1061568.3031575198,5452.738454407527,999999.9999999999
2025-03-15T16:10:00.000+0000,1061879.3948848797,5452.738454407527,999999.9999999999
2025-03-15T16:20:00.000+0000,1063367.2852195995,5452.738454407527,999999.9999999999
2025-03-15T16:30:00.000+0000,1059453.7049904796,5452.738454407527,999999.9999999999
2025-03-15T16:40:00.000+0000,1057623.1514058395,5452.738454407527,999999.9999999999
2025-03-15T16:50:00.000+0000,1057981.6004170396,5452.738454407527,999999.9999999999
2025-03-15T17:00:00.000+0000,1058709.7598231197,5452.738454407527,999999.9999999999
2025-03-15T17:10:00.000+0000,1056166.8325936794,5452.738454407527,999999.9999999999
2025-03-15T17:20:00.000+0000,1058191.2405706397,5452.738454407527,999999.9999999999
2025-03-15T17:30:00.000+0000,1057206.0837271195,5452.738454407527,999999.9999999999
2025-03-15T17:40:00.000+0000,1058833.734164239,5452.738454407527,999999.9999999999
2025-03-15T17:50:00.000+0000,1061505.1601123994,5452.738454407527,999999.9999999999
2025-03-15T18:00:00.000+0000,1060948.3323312798,5452.738454407527,999999.9999999999
2025-03-15T18:10:00.000+0000,1061446.5414448795,5452.738454407527,999999.9999999999
2025-03-15T18:20:00.000+0000,1061890.6562685596,5452.738454407527,999999.9999999999
2025-03-15T18:30:00.000+0000,1063265.83364584,5452.738454407527,999999.9999999999
2025-03-15T18:40:00.000+0000,1064406.5363530398,5452.738454407527,999999.9999999999
2025-03-15T18:50:00.000+0000,1065123.4343754395,5452.738454407527,999999.9999999999
2025-03-15T19:00:00.000+0000,1065267.7188554397,5452.738454407527,999999.9999999999
2025-03-15T19:10:00.000+0000,1065209.1001879196,5452.738454407527,999999.9999999999
2025-03-15T19:20:00.000+0000,1065236.1473328795,5452.738454407527,999999.9999999999
2025-03-15T19:30:00.000+0000,1065723.0950627995,5452.738454407527,999999.9999999999
2025-03-15T19:40:00.000+0000,1065481.8833866396,5452.738454407527,999999.9999999999
2025-03-15T19:50:00.000+0000,1064710.8910743196,5452.738454407527,999999.9999999999
2025-03-15T20:00:00.000+0000,1063651.3298019993,5452.738454407527,999999.9999999999
2025-03-15T20:10:00.000+0000,1058506.8566755997,5452.738454407527,999999.9999999999
2025-03-15T20:20:00.000+0000,1058763.8541130393,5452.738454407527,999999.9999999999
2025-03-15T20:30:00.000+0000,1060734.1678000798,5452.738454407527,999999.9999999999
2025-03-15T20:40:00.000+0000,1060862.6665187995,5452.738454407527,999999.9999999999
2025-03-15T20:50:00.000+0000,1060819.8336125596,5452.738454407527,999999.9999999999
2025-03-15T21:00:00.000+0000,1061617.87306984,5452.738454407527,999999.9999999999
2025-03-15T21:10:00.000+0000,1061360.8756323992,5452.738454407527,999999.9999999999
2025-03-15T21:20:00.000+0000,1062688.69572584,5452.738454407527,999999.9999999999
2025-03-15T21:30:00.000+0000,1061656.1815984794,5452.738454407527,999999.9999999999
2025-03-15T21:40:00.000+0000,1059503.2749027992,5452.738454407527,999999.9999999999
2025-03-15T21:50:00.000+0000,1058930.6613603996,5452.738454407527,999999.9999999999
2025-03-15T22:00:00.000+0000,1060671.0247549592,5452.738454407527,999999.9999999999
2025-03-15T22:10:00.000+0000,1061130.9253399195,5452.738454407527,999999.9999999999
2025-03-15T22:20:00.000+0000,1061216.5911523993,5452.738454407527,999999.9999999999
2025-03-15T22:30:00.000+0000,1063042.6203594396,5452.738454407527,999999.9999999999
2025-03-15T22:40:00.000+0000,1063727.9468592796,5452.738454407527,999999.9999999999
2025-03-15T22:50:00.000+0000,1063299.6177968795,5452.738454407527,999999.9999999999
2025-03-15T23:00:00.000+0000,1059530.3220477598,5452.738454407527,999999.9999999999
2025-03-15T23:10:00.000+0000,1060531.2646525595,5452.738454407527,999999.9999999999
2025-03-15T23:20:00.000+0000,1061232.3769136798,5452.738454407527,999999.9999999999
2025-03-15T23:30:00.000+0000,1062988.5260695196,5452.738454407527,999999.9999999999
2025-03-15T23:40:00.000+0000,1062474.5311946399,5452.738454407527,999999.9999999999
2025-03-15T23:50:00.000+0000,1062603.0299133593,5452.738454407527,999999.9999999999
2025-03-16T00:00:00.000+0000,1063234.2621232795,5452.738454407527,999999.9999999999
2025-03-16T00:10:00.000+0000,1066793.9177187996,5452.738454407527,999999.9999999999
2025-03-16T00:20:00.000+0000,1066868.3221475997,5452.738454407527,999999.9999999999
2025-03-16T00:30:00.000+0000,1066996.8208663194,5452.738454407527,999999.9999999999
2025-03-16T00:40:00.000+0000,1066981.0351050398,5452.738454407527,999999.9999999999
2025-03-16T00:50:00.000+0000,1066451.2544688797,5452.738454407527,999999.9999999999
2025-03-16T01:00:00.000+0000,1066354.3272727195,5452.738454407527,999999.9999999999
2025-03-16T01:10:00.000+0000,1064855.1755543195,5452.738454407527,999999.9999999999
2025-03-16T01:20:00.000+0000,1064726.6768355996,5452.738454407527,999999.9999999999
2025-03-16T01:30:00.000+0000,1064999.4600343197,5452.738454407527,999999.9999999999
2025-03-16T01:40:00.000+0000,1067954.9305648794,5452.738454407527,999999.9999999999
2025-03-16T01:50:00.000+0000,1069454.0822832794,5452.738454407527,999999.9999999999
2025-03-16T02:00:00.000+0000,1070840.5210442396,5452.738454407527,999999.9999999999
2025-03-16T02:10:00.000+0000,1073823.0387197598,5452.738454407527,999999.9999999999
2025-03-16T02:20:00.000+0000,1073795.9915747996,5452.738454407527,999999.9999999999
2025-03-16T02:30:00.000+0000,1072682.33601256,5452.738454407527,999999.9999999999
2025-03-16T02:40:00.000+0000,1072355.4585239193,5452.738454407527,999999.9999999999
2025-03-16T02:50:00.000+0000,1074325.7722109598,5452.738454407527,999999.9999999999
2025-03-16T03:00:00.000+0000,1072752.2160637598,5452.738454407527,999999.9999999999
2025-03-16T03:10:00.000+0000,1073538.9941373598,5452.738454407527,999999.9999999999
2025-03-16T03:20:00.000+0000,1073683.2786173597,5452.738454407527,999999.9999999999
2025-03-16T03:30:00.000+0000,1072768.0018250395,5452.738454407527,999999.9999999999
2025-03-16T03:40:00.000+0000,1072366.7199076,5452.738454407527,999999.9999999999
2025-03-16T03:50:00.000+0000,1072082.6753252,5452.738454407527,999999.9999999999
2025-03-16T04:00:00.000+0000,1072768.0018250395,5452.738454407527,999999.9999999999
2025-03-16T04:10:00.000+0000,1072623.7173450394,5452.738454407527,999999.9999999999
2025-03-16T04:20:00.000+0000,1072495.2186263194,5452.738454407527,999999.9999999999
2025-03-16T04:30:00.000+0000,1073351.8767511197,5452.738454407527,999999.9999999999
2025-03-16T04:40:00.000+0000,1074010.1561059996,5452.738454407527,999999.9999999999
2025-03-16T04:50:00.000+0000,1073496.1612311197,5452.738454407527,999999.9999999999
2025-03-16T05:00:00.000+0000,1072982.1663562395,5452.738454407527,999999.9999999999
2025-03-16T05:10:00.000+0000,1072725.1689187996,5452.738454407527,999999.9999999999
2025-03-16T05:20:00.000+0000,1070739.0694704796,5452.738454407527,999999.9999999999
2025-03-16T05:30:00.000+0000,1070540.6907005596,5452.738454407527,999999.9999999999
2025-03-16T05:40:00.000+0000,1072425.3385751196,5452.738454407527,999999.9999999999
2025-03-16T05:50:00.000+0000,1071927.1294615194,5452.738454407527,999999.9999999999
2025-03-16T06:00:00.000+0000,1071884.2965552795,5452.738454407527,999999.9999999999
2025-03-16T06:10:00.000+0000,1072698.1217738397,5452.738454407527,999999.9999999999
2025-03-16T06:20:00.000+0000,1073243.6881712796,5452.738454407527,999999.9999999999
2025-03-16T06:30:00.000+0000,1072211.1740439194,5452.738454407527,999999.9999999999
2025-03-16T06:40:00.000+0000,1072141.2939927194,5452.738454407527,999999.9999999999
2025-03-16T06:50:00.000+0000,1072740.9546800791,5452.738454407527,999999.9999999999
2025-03-16T07:00:00.000+0000,1073554.7798986395,5452.738454407527,999999.9999999999
2025-03-16T07:10:00.000+0000,1077826.8091389597,5452.738454407527,999999.9999999999
2025-03-16T07:20:00.000+0000,1078811.96598248,5452.738454407527,999999.9999999999
2025-03-16T07:30:00.000+0000,1077682.5246589598,5452.738454407527,999999.9999999999
2025-03-16T07:40:00.000+0000,1076911.5323466393,5452.738454407527,999999.9999999999
2025-03-16T07:50:00.000+0000,1075883.5425968794,5452.738454407527,999999.9999999999
2025-03-16T08:00:00.000+0000,1076343.4431818395,5452.738454407527,999999.9999999999
2025-03-16T08:10:00.000+0000,1078415.2084426396,5452.738454407527,999999.9999999999
2025-03-16T08:20:00.000+0000,1081986.12542184,5452.738454407527,999999.9999999999
2025-03-16T08:30:00.000+0000,1080444.1407971994,5452.738454407527,999999.9999999999
2025-03-16T08:40:00.000+0000,1079014.8691299995,5452.738454407527,999999.9999999999
2025-03-16T08:50:00.000+0000,1078543.7071613597,5452.738454407527,999999.9999999999
2025-03-16T09:00:00.000+0000,1078757.87169256,85232.32720359166,999999.9999999999
2025-03-16T09:10:00.000+0000,1078469.3027325599,85232.32720359166,999999.9999999999
2025-03-16T09:20:00.000+0000,1080096.95316968,85232.32720359166,999999.9999999999
2025-03-16T09:30:00.000+0000,1080712.3996183197,85232.32720359166,999999.9999999999
2025-03-16T09:40:00.000+0000,1084443.3868387996,85232.32720359166,999999.9999999999
2025-03-16T09:50:00.000+0000,1084844.66875624,85232.32720359166,999999.9999999999
2025-03-16T10:00:00.000+0000,1083703.9660490397,85232.32720359166,999999.9999999999
2025-03-16T10:10:00.000+0000,1083661.1331427996,85232.32720359166,999999.9999999999
2025-03-16T10:20:00.000+0000,1085460.1152048795,85232.32720359166,999999.9999999999
2025-03-16T10:30:00.000+0000,1084650.81436392,85232.32720359166,999999.9999999999
2025-03-16T10:40:00.000+0000,1084206.6995402398,85232.32720359166,999999.9999999999
2025-03-16T10:50:00.000+0000,1084993.47761384,85232.32720359166,999999.9999999999
2025-03-16T11:00:00.000+0000,1087166.6944483998,85232.32720359166,999999.9999999999
2025-03-16T11:10:00.000+0000,1091368.8436375195,85232.32720359166,999999.9999999999
2025-03-16T11:20:00.000+0000,1094024.4838243995,85232.32720359166,999999.9999999999
2025-03-16T11:30:00.000+0000,1095458.2798691997,85232.32720359166,999999.9999999999
2025-03-16T11:40:00.000+0000,1100169.8995555998,85232.32720359166,999999.9999999999
2025-03-16T11:50:00.000+0000,1100555.3957117598,85232.32720359166,999999.9999999999
2025-03-16T12:00:00.000+0000,1098125.18143976,85232.32720359166,999999.9999999999
2025-03-16T12:10:00.000+0000,1098911.9595133597,85232.32720359166,999999.9999999999
2025-03-16T12:20:00.000+0000,1095679.1814064793,85232.32720359166,999999.9999999999
2025-03-16T12:30:00.000+0000,1097654.0194711196,85232.32720359166,999999.9999999999
2025-03-16T12:40:00.000+0000,1098370.91749352,85232.32720359166,999999.9999999999
2025-03-16T12:50:00.000+0000,1100314.1840355997,85232.32720359166,999999.9999999999
2025-03-16T13:00:00.000+0000,1096427.65095144,85232.32720359166,999999.9999999999
2025-03-16T13:10:00.000+0000,1097514.2593687198,85232.32720359166,999999.9999999999
2025-03-16T13:20:00.000+0000,1098328.0845872797,85232.32720359166,999999.9999999999
2025-03-16T13:30:00.000+0000,1098301.0374423198,85232.32720359166,999999.9999999999
2025-03-16T13:40:00.000+0000,1100559.9200893599,85232.32720359166,999999.9999999999
2025-03-16T13:50:00.000+0000,1104552.42912488,85232.32720359166,999999.9999999999
2025-03-16T14:00:00.000+0000,1103450.0349463199,85232.32720359166,999999.9999999999
2025-03-16T14:10:00.000+0000,1104263.8601648798,85232.32720359166,999999.9999999999
2025-03-16T14:20:00.000+0000,1103562.7479037598,85232.32720359166,999999.9999999999
2025-03-16T14:30:00.000+0000,1104547.90474728,85232.32720359166,999999.9999999999
2025-03-16T14:40:00.000+0000,1104392.3588835993,85232.32720359166,999999.9999999999
2025-03-16T14:50:00.000+0000,1099734.83348712,85232.32720359166,999999.9999999999
2025-03-16T15:00:00.000+0000,1098749.6766435998,85232.32720359166,999999.9999999999
2025-03-16T15:10:00.000+0000,1101394.0554467996,85232.32720359166,999999.9999999999
2025-03-16T15:20:00.000+0000,1102325.1180003996,85232.32720359166,999999.9999999999
2025-03-16T15:30:00.000+0000,1101795.3373642399,85232.32720359166,999999.9999999999
2025-03-16T15:40:00.000+0000,1101538.3399267998,85232.32720359166,999999.9999999999
2025-03-16T15:50:00.000+0000,1100467.5172707995,85232.32720359166,999999.9999999999
2025-03-16T16:00:00.000+0000,1092106.0517988,85232.32720359166,999999.9999999999
2025-03-16T16:10:00.000+0000,1092888.3054948,85232.32720359166,999999.9999999999
2025-03-16T16:20:00.000+0000,1093873.4623383197,85232.32720359166,999999.9999999999
2025-03-16T16:30:00.000+0000,1094130.45977576,85232.32720359166,999999.9999999999
2025-03-16T16:40:00.000+0000,1095002.9036618397,85232.32720359166,999999.9999999999
2025-03-16T16:50:00.000+0000,1097149.0733514398,85232.32720359166,999999.9999999999
2025-03-16T17:00:00.000+0000,1096682.4357603996,85232.32720359166,999999.9999999999
2025-03-16T17:10:00.000+0000,1097667.59260392,85232.32720359166,999999.9999999999
2025-03-16T17:20:00.000+0000,1099123.9114160798,85232.32720359166,999999.9999999999
2025-03-16T17:30:00.000+0000,1100456.2558871198,85232.32720359166,999999.9999999999
2025-03-16T17:40:00.000+0000,1100825.9662819996,85232.32720359166,999999.9999999999
2025-03-16T17:50:00.000+0000,1099455.3132823198,85232.32720359166,999999.9999999999
2025-03-16T18:00:00.000+0000,1099712.31071976,85232.32720359166,999999.9999999999
2025-03-16T18:10:00.000+0000,1099615.3835235997,85232.32720359166,999999.9999999999
2025-03-16T18:20:00.000+0000,1099802.5009098393,85232.32720359166,999999.9999999999
2025-03-16T18:30:00.000+0000,1098673.0595863198,85232.32720359166,999999.9999999999
2025-03-16T18:40:00.000+0000,1100776.3963696798,85232.32720359166,999999.9999999999
2025-03-16T18:50:00.000+0000,1101820.1718807197,85232.32720359166,999999.9999999999
2025-03-16T19:00:00.000+0000,1102618.2113379994,85232.32720359166,999999.9999999999
2025-03-16T19:10:00.000+0000,1103918.9842864797,85232.32720359166,999999.9999999999
2025-03-16T19:20:00.000+0000,1105959.1780247197,85232.32720359166,999999.9999999999
2025-03-16T19:30:00.000+0000,1106473.1728995997,85232.32720359166,999999.9999999999
2025-03-16T19:40:00.000+0000,1106917.28772328,85232.32720359166,999999.9999999999
2025-03-16T19:50:00.000+0000,1107474.1155043994,85232.32720359166,999999.9999999999
2025-03-16T20:00:00.000+0000,1105686.3948259992,85232.32720359166,999999.9999999999
2025-03-16T20:10:00.000+0000,1106098.9381271196,85232.32720359166,999999.9999999999
2025-03-16T20:20:00.000+0000,1107870.8730442398,85232.32720359166,999999.9999999999
2025-03-16T20:30:00.000+0000,1107543.9955556002,85232.32720359166,999999.9999999999
2025-03-16T20:40:00.000+0000,1107758.1600868,85232.32720359166,999999.9999999999
2025-03-16T20:50:00.000+0000,1107030.0006807195,85232.32720359166,999999.9999999999
2025-03-16T21:00:00.000+0000,1107142.7136381594,85232.32720359166,999999.9999999999
2025-03-16T21:10:00.000+0000,1108015.15752424,85232.32720359166,999999.9999999999
2025-03-16T21:20:00.000+0000,1107185.5465443996,85232.32720359166,999999.9999999999
2025-03-16T21:30:00.000+0000,1107999.3717629598,85232.32720359166,999999.9999999999
2025-03-16T21:40:00.000+0000,1100056.9883568797,85232.32720359166,999999.9999999999
2025-03-16T21:50:00.000+0000,1096174.88052968,85232.32720359166,999999.9999999999
2025-03-16T22:00:00.000+0000,1096087.00208872,85232.32720359166,999999.9999999999
2025-03-16T22:10:00.000+0000,1100210.32159208,85232.32720359166,999999.9999999999
2025-03-16T22:20:00.000+0000,1100077.2984957595,85232.32720359166,999999.9999999999
2025-03-16T22:30:00.000+0000,1099234.1143831196,85232.32720359166,999999.9999999999
2025-03-16T22:40:00.000+0000,1099358.08872424,85232.32720359166,999999.9999999999
2025-03-16T22:50:00.000+0000,1101984.4691376798,85232.32720359166,999999.9999999999
2025-03-16T23:00:00.000+0000,1105632.0031741597,85232.32720359166,999999.9999999999
2025-03-16T23:10:00.000+0000,1106847.1103101599,85232.32720359166,999999.9999999999
2025-03-16T23:20:00.000+0000,1105751.45313768,85232.32720359166,999999.9999999999
2025-03-16T23:30:00.000+0000,1101914.4899658398,85232.32720359166,999999.9999999999
2025-03-16T23:40:00.000+0000,1099197.9193623192,85232.32720359166,999999.9999999999
2025-03-16T23:50:00.000+0000,1097921.8818096798,85232.32720359166,999999.9999999999
2025-03-17T00:00:00.000+0000,1096972.8208663194,85232.32720359166,999999.9999999999
2025-03-17T00:10:00.000+0000,1099364.7266096796,85232.32720359166,999999.9999999999
2025-03-17T00:20:00.000+0000,1099587.9398960797,85232.32720359166,999999.9999999999
2025-03-17T00:30:00.000+0000,1096409.2560791196,85232.32720359166,999999.9999999999
2025-03-17T00:40:00.000+0000,1095279.8147556002,85232.32720359166,999999.9999999999
2025-03-17T00:50:00.000+0000,1093936.2089008798,85232.32720359166,999999.9999999999
2025-03-17T01:00:00.000+0000,1091000.9493885594,85232.32720359166,999999.9999999999
2025-03-17T01:10:00.000+0000,1092714.2656381594,85232.32720359166,999999.9999999999
2025-03-17T01:20:00.000+0000,1095960.6168778397,85232.32720359166,999999.9999999999
2025-03-17T01:30:00.000+0000,1095931.3571043995,85232.32720359166,999999.9999999999
2025-03-17T01:40:00.000+0000,1092400.9612823196,85232.32720359166,999999.9999999999
2025-03-17T01:50:00.000+0000,1092779.7204323995,85232.32720359166,999999.9999999999
2025-03-17T02:00:00.000+0000,1093843.8060823195,85232.32720359166,999999.9999999999
2025-03-17T02:10:00.000+0000,1094592.2756272801,85232.32720359166,999999.9999999999
2025-03-17T02:20:00.000+0000,1093753.7150128796,85232.32720359166,999999.9999999999
2025-03-17T02:30:00.000+0000,1095059.0123389596,85232.32720359166,999999.9999999999
2025-03-17T02:40:00.000+0000,1097455.4424599195,85232.32720359166,999999.9999999999
2025-03-17T02:50:00.000+0000,1098857.6669821595,85232.32720359166,999999.9999999999
2025-03-17T03:00:00.000+0000,1096704.7602864797,85232.32720359166,999999.9999999999
2025-03-17T03:10:00.000+0000,1096704.7602864797,85232.32720359166,999999.9999999999
2025-03-17T03:20:00.000+0000,1098476.6952035995,85232.32720359166,999999.9999999999
2025-03-17T03:30:00.000+0000,1099006.47583976,85232.32720359166,999999.9999999999
2025-03-17T03:40:00.000+0000,1099642.2324272802,85232.32720359166,999999.9999999999
2025-03-17T03:50:00.000+0000,1099288.3077936799,85232.32720359166,999999.9999999999
2025-03-17T04:00:00.000+0000,1096842.3077603995,85232.32720359166,999999.9999999999
2025-03-17T04:10:00.000+0000,1097716.9642749596,85232.32720359166,999999.9999999999
2025-03-17T04:20:00.000+0000,1096731.8074314399,85232.32720359166,999999.9999999999
2025-03-17T04:30:00.000+0000,1095228.1313354396,85232.32720359166,999999.9999999999
2025-03-17T04:40:00.000+0000,1096298.9539914397,85232.32720359166,999999.9999999999
2025-03-17T04:50:00.000+0000,1096089.3138378395,85232.32720359166,999999.9999999999
2025-03-17T05:00:00.000+0000,1095212.3455741599,85232.32720359166,999999.9999999999
2025-03-17T05:10:00.000+0000,1100521.5124400798,85232.32720359166,999999.9999999999
2025-03-17T05:20:00.000+0000,1100311.8722864797,85232.32720359166,999999.9999999999
2025-03-17T05:30:00.000+0000,1101391.7436976796,85232.32720359166,999999.9999999999
2025-03-17T05:40:00.000+0000,1101858.3812887198,85232.32720359166,999999.9999999999
2025-03-17T05:50:00.000+0000,1102816.49098728,85232.32720359166,999999.9999999999
2025-03-17T06:00:00.000+0000,1101475.0977610394,85232.32720359166,999999.9999999999
2025-03-17T06:10:00.000+0000,1101209.0515683996,85232.32720359166,999999.9999999999
2025-03-17T06:20:00.000+0000,1103607.6943178396,85232.32720359166,999999.9999999999
2025-03-17T06:30:00.000+0000,1107009.5914211997,85232.32720359166,999999.9999999999
2025-03-17T06:40:00.000+0000,1106732.2838448796,85232.32720359166,999999.9999999999
2025-03-17T06:50:00.000+0000,1105898.1484874398,85232.32720359166,999999.9999999999
2025-03-17T07:00:00.000+0000,1104784.4929251997,85232.32720359166,999999.9999999999
2025-03-17T07:10:00.000+0000,1105751.6513789594,85232.32720359166,999999.9999999999
2025-03-17T07:20:00.000+0000,1103461.1972093598,85232.32720359166,999999.9999999999
2025-03-17T07:30:00.000+0000,1103289.8655843996,85232.32720359166,999999.9999999999
2025-03-17T07:40:00.000+0000,1101245.1474685594,85232.32720359166,999999.9999999999
2025-03-17T07:50:00.000+0000,1102016.1397808797,85232.32720359166,999999.9999999999
2025-03-17T08:00:00.000+0000,1102480.56474344,85232.32720359166,999999.9999999999
2025-03-17T08:10:00.000+0000,1105397.7267453596,85232.32720359166,999999.9999999999
2025-03-17T08:20:00.000+0000,1103262.8184394396,85232.32720359166,999999.9999999999
2025-03-17T08:30:00.000+0000,1102829.9649994397,85232.32720359166,999999.9999999999
2025-03-17T08:40:00.000+0000,1099928.5887587995,85232.32720359166,999999.9999999999
2025-03-17T08:50:00.000+0000,1099051.6204951198,85232.32720359166,999999.9999999999
2025-03-17T09:00:00.000+0000,1097263.8998167196,85232.32720359166,999999.9999999999
2025-03-17T09:10:00.000+0000,1094362.5235760799,85232.32720359166,999999.9999999999
2025-03-17T09:20:00.000+0000,1093735.81574376,85232.32720359166,999999.9999999999
2025-03-17T09:30:00.000+0000,1094955.4472573595,85232.32720359166,999999.9999999999
2025-03-17T09:40:00.000+0000,1095329.6820298394,85232.32720359166,999999.9999999999
2025-03-17T09:50:00.000+0000,1096244.9588221596,85232.32720359166,999999.9999999999
2025-03-17T10:00:00.000+0000,1096540.2647882395,85232.32720359166,999999.9999999999
2025-03-17T10:10:00.000+0000,1098152.1294640799,85232.32720359166,999999.9999999999
2025-03-17T10:20:00.000+0000,1097556.9931543197,85232.32720359166,999999.9999999999
2025-03-17T10:30:00.000+0000,1097906.3934103197,85232.32720359166,999999.9999999999
2025-03-17T10:40:00.000+0000,1096616.8818455196,85232.32720359166,999999.9999999999
2025-03-17T10:50:00.000+0000,1097387.8741578395,85232.32720359166,999999.9999999999
2025-03-17T11:00:00.000+0000,1094004.0745648793,85232.32720359166,999999.9999999999
2025-03-17T11:10:00.000+0000,1093672.6726986396,85232.32720359166,999999.9999999999
2025-03-17T11:20:00.000+0000,1092840.8490903198,85232.32720359166,999999.9999999999
2025-03-17T11:30:00.000+0000,1093805.6957949596,85232.32720359166,999999.9999999999
2025-03-17T11:40:00.000+0000,1094051.4318487197,85232.32720359166,999999.9999999999
2025-03-17T11:50:00.000+0000,1095861.6752944796,85232.32720359166,999999.9999999999
2025-03-17T12:00:00.000+0000,1092788.9674288798,85232.32720359166,999999.9999999999
2025-03-17T12:10:00.000+0000,1094186.66757352,85232.32720359166,999999.9999999999
2025-03-17T12:20:00.000+0000,1099031.3103562398,85232.32720359166,999999.9999999999
2025-03-17T12:30:00.000+0000,1096842.3077603995,85232.32720359166,999999.9999999999
2025-03-17T12:40:00.000+0000,1099432.59227368,85232.32720359166,999999.9999999999
2025-03-17T12:50:00.000+0000,1101804.1878781593,85232.32720359166,999999.9999999999
2025-03-17T13:00:00.000+0000,1102361.0156592797,85232.32720359166,999999.9999999999
2025-03-17T13:10:00.000+0000,1103125.2709655196,85232.32720359166,999999.9999999999
2025-03-17T13:20:00.000+0000,1103082.4380592797,85232.32720359166,999999.9999999999
2025-03-17T13:30:00.000+0000,1097412.7086743196,85232.32720359166,999999.9999999999
2025-03-17T13:40:00.000+0000,1097942.4893104797,85232.32720359166,999999.9999999999
2025-03-17T13:50:00.000+0000,1099547.6169802395,85232.32720359166,999999.9999999999
2025-03-17T14:00:00.000+0000,1102309.2331184798,85232.32720359166,999999.9999999999
2025-03-17T14:10:00.000+0000,1103400.3659133594,85232.32720359166,999999.9999999999
2025-03-17T14:20:00.000+0000,1103138.8440983193,85232.32720359166,999999.9999999999
2025-03-17T14:30:00.000+0000,1100719.8912099996,85232.32720359166,999999.9999999999
2025-03-17T14:40:00.000+0000,1099723.4729827996,85232.32720359166,999999.9999999999
2025-03-17T14:50:00.000+0000,1100724.4155875996,85232.32720359166,999999.9999999999
2025-03-17T15:00:00.000+0000,1104380.9983792796,85232.32720359166,999999.9999999999
2025-03-17T15:10:00.000+0000,1101035.5073149595,85232.32720359166,999999.9999999999
2025-03-17T15:20:00.000+0000,1098765.3632842398,85232.32720359166,999999.9999999999
2025-03-17T15:30:00.000+0000,1099295.1439203997,85232.32720359166,999999.9999999999
2025-03-17T15:40:00.000+0000,1100864.1756899995,85232.32720359166,999999.9999999999
2025-03-17T15:50:00.000+0000,1095746.74970856,85232.32720359166,999999.9999999999
2025-03-17T16:00:00.000+0000,1093199.2981015197,85232.32720359166,999999.9999999999
2025-03-17T16:10:00.000+0000,1094488.8096663198,85232.32720359166,999999.9999999999
2025-03-17T16:20:00.000+0000,1095789.5826147995,85232.32720359166,999999.9999999999
2025-03-17T16:30:00.000+0000,1096287.7917283995,85232.32720359166,999999.9999999999
2025-03-17T16:40:00.000+0000,1099247.7866365598,85232.32720359166,999999.9999999999
2025-03-17T16:50:00.000+0000,1098492.5800855197,85232.32720359166,999999.9999999999
2025-03-17T17:00:00.000+0000,1096346.4103959203,85232.32720359166,999999.9999999999
2025-03-17T17:10:00.000+0000,1096405.0290634395,85232.32720359166,999999.9999999999
2025-03-17T17:20:00.000+0000,1095789.5826147995,85232.32720359166,999999.9999999999
2025-03-17T17:30:00.000+0000,1095167.3991600794,85232.32720359166,999999.9999999999
2025-03-17T17:40:00.000+0000,1095440.1823588,85232.32720359166,999999.9999999999
2025-03-17T17:50:00.000+0000,1096853.6682647201,85232.32720359166,999999.9999999999
2025-03-17T18:00:00.000+0000,1097013.7385059998,85232.32720359166,999999.9999999999
2025-03-17T18:10:00.000+0000,1097660.7564771995,85232.32720359166,999999.9999999999
2025-03-17T18:20:00.000+0000,1097162.5473635998,85232.32720359166,999999.9999999999
2025-03-17T18:30:00.000+0000,1094304.0040291997,85232.32720359166,999999.9999999999
2025-03-17T18:40:00.000+0000,1090390.4238000799,85232.32720359166,999999.9999999999
2025-03-17T18:50:00.000+0000,1089860.6431639194,85232.32720359166,999999.9999999999
2025-03-17T19:00:00.000+0000,1091702.4581322398,85232.32720359166,999999.9999999999
2025-03-17T19:10:00.000+0000,1092115.00143336,85232.32720359166,999999.9999999999
2025-03-17T19:20:00.000+0000,1092719.1864983197,85232.32720359166,999999.9999999999
2025-03-17T19:30:00.000+0000,1091659.6252259999,85232.32720359166,999999.9999999999
2025-03-17T19:40:00.000+0000,1091456.7220784798,85232.32720359166,999999.9999999999
2025-03-17T19:50:00.000+0000,1092971.65955816,85232.32720359166,999999.9999999999
2025-03-17T20:00:00.000+0000,1093968.0777853595,85232.32720359166,999999.9999999999
2025-03-17T20:10:00.000+0000,1093598.3673904794,85232.32720359166,999999.9999999999
2025-03-17T20:20:00.000+0000,1094887.8789552797,85232.32720359166,999999.9999999999
2025-03-17T20:30:00.000+0000,1094962.2833840796,85232.32720359166,999999.9999999999
2025-03-17T20:40:00.000+0000,1096831.1454973596,85232.32720359166,999999.9999999999
2025-03-17T20:50:00.000+0000,1096702.6467786396,85232.32720359166,999999.9999999999
2025-03-17T21:00:00.000+0000,1098724.84212712,85232.32720359166,999999.9999999999
2025-03-17T21:10:00.000+0000,1098382.1788771995,85232.32720359166,999999.9999999999
2025-03-17T21:20:00.000+0000,1098799.2465559202,85232.32720359166,999999.9999999999
2025-03-17T21:30:00.000+0000,1098709.0563658394,85232.32720359166,999999.9999999999
2025-03-17T21:40:00.000+0000,1096792.8369687197,85232.32720359166,999999.9999999999
2025-03-17T21:50:00.000+0000,1095818.9415088797,85232.32720359166,999999.9999999999
2025-03-17T22:00:00.000+0000,1097665.2808547993,85232.32720359166,999999.9999999999
2025-03-17T22:10:00.000+0000,1097793.77957352,85232.32720359166,999999.9999999999
2025-03-17T22:20:00.000+0000,1097681.06661608,85232.32720359166,999999.9999999999
2025-03-17T22:30:00.000+0000,1096792.8369687197,85232.32720359166,999999.9999999999
2025-03-17T22:40:00.000+0000,1097392.49765608,85232.32720359166,999999.9999999999
2025-03-17T22:50:00.000+0000,1098307.7744483994,85232.32720359166,999999.9999999999
2025-03-17T23:00:00.000+0000,1100095.4951267997,85232.32720359166,999999.9999999999
2025-03-17T23:10:00.000+0000,1101042.3434416796,85232.32720359166,999999.9999999999
2025-03-17T23:20:00.000+0000,1101529.2911715996,85232.32720359166,999999.9999999999
2025-03-17T23:30:00.000+0000,1101170.8421603995,85232.32720359166,999999.9999999999
2025-03-17T23:40:00.000+0000,1100298.3982743197,85232.32720359166,999999.9999999999
2025-03-17T23:50:00.000+0000,1100212.7324618397,85232.32720359166,999999.9999999999
2025-03-18T00:00:00.000+0000,1100641.0615242398,85232.32720359166,999999.9999999999
2025-03-18T00:10:00.000+0000,1101937.3100951198,85232.32720359166,999999.9999999999
2025-03-18T00:20:00.000+0000,1101193.3649277599,85232.32720359166,999999.9999999999
2025-03-18T00:30:00.000+0000,1102996.8713674399,85232.32720359166,999999.9999999999
2025-03-18T00:40:00.000+0000,1104822.9005744797,85232.32720359166,999999.9999999999
2025-03-18T00:50:00.000+0000,1105395.5141168798,85232.32720359166,999999.9999999999
2025-03-18T01:00:00.000+0000,1103966.2424496799,85232.32720359166,999999.9999999999
2025-03-18T01:10:00.000+0000,1106536.2168240799,85232.32720359166,999999.9999999999
2025-03-18T01:20:00.000+0000,1107965.4884912798,85232.32720359166,999999.9999999999
2025-03-18T01:30:00.000+0000,1109554.8303997598,85232.32720359166,999999.9999999999
2025-03-18T01:40:00.000+0000,1112489.9907914395,85232.32720359166,999999.9999999999
2025-03-18T01:50:00.000+0000,1112907.0584701598,85232.32720359166,999999.9999999999
2025-03-18T02:00:00.000+0000,1111595.0241379999,85232.32720359166,999999.9999999999
2025-03-18T02:10:00.000+0000,1110395.7027632794,85232.32720359166,999999.9999999999
2025-03-18T02:20:00.000+0000,1110177.0138544799,85232.32720359166,999999.9999999999
2025-03-18T02:30:00.000+0000,1109074.6196759196,85232.32720359166,999999.9999999999
2025-03-18T02:40:00.000+0000,1109272.9984458396,85232.32720359166,999999.9999999999
2025-03-18T02:50:00.000+0000,1109786.9933207193,85232.32720359166,999999.9999999999
2025-03-18T03:00:00.000+0000,1110355.0824855193,85232.32720359166,999999.9999999999
2025-03-18T03:10:00.000+0000,1111651.3310564,85232.32720359166,999999.9999999999
2025-03-18T03:20:00.000+0000,1111223.0019939996,85232.32720359166,999999.9999999999
2025-03-18T03:30:00.000+0000,1116013.5504867996,85232.32720359166,999999.9999999999
2025-03-18T03:40:00.000+0000,1117886.9369776798,85232.32720359166,999999.9999999999
2025-03-18T03:50:00.000+0000,1117805.7955427999,85232.32720359166,999999.9999999999
2025-03-18T04:00:00.000+0000,1117447.3465315995,85232.32720359166,999999.9999999999
2025-03-18T04:10:00.000+0000,1116360.7381143197,85232.32720359166,999999.9999999999
2025-03-18T04:20:00.000+0000,1116725.9241315995,85232.32720359166,999999.9999999999
2025-03-18T04:30:00.000+0000,1117197.0861002398,85232.32720359166,999999.9999999999
2025-03-18T04:40:00.000+0000,1118170.9815600798,85232.32720359166,999999.9999999999
2025-03-18T04:50:00.000+0000,1119363.5659287197,85232.32720359166,999999.9999999999
2025-03-18T05:00:00.000+0000,1117142.9918103197,85232.32720359166,999999.9999999999
2025-03-18T05:10:00.000+0000,1117287.2762903199,85232.32720359166,999999.9999999999
2025-03-18T05:20:00.000+0000,1118475.3362813594,85232.32720359166,999999.9999999999
2025-03-18T05:30:00.000+0000,1116613.2111741598,85232.32720359166,999999.9999999999
2025-03-18T05:40:00.000+0000,1116009.0261091995,85232.32720359166,999999.9999999999
2025-03-18T05:50:00.000+0000,1117174.56333288,85232.32720359166,999999.9999999999
2025-03-18T06:00:00.000+0000,1117057.3259978397,85232.32720359166,999999.9999999999
2025-03-18T06:10:00.000+0000,1118926.1881111197,85232.32720359166,999999.9999999999
2025-03-18T06:20:00.000+0000,1118921.6637335196,85232.32720359166,999999.9999999999
2025-03-18T06:30:00.000+0000,1120939.3347043993,85232.32720359166,999999.9999999999
2025-03-18T06:40:00.000+0000,1123011.0999651994,85232.32720359166,999999.9999999999
2025-03-18T06:50:00.000+0000,1123513.8334563999,85232.32720359166,999999.9999999999
2025-03-18T07:00:00.000+0000,1117379.67910888,85232.32720359166,999999.9999999999
2025-03-18T07:10:00.000+0000,1117866.6268387998,85232.32720359166,999999.9999999999
2025-03-18T07:20:00.000+0000,1116967.1358077596,85232.32720359166,999999.9999999999
2025-03-18T07:30:00.000+0000,1117582.5822563998,85232.32720359166,999999.9999999999
2025-03-18T07:40:00.000+0000,1116897.2557565593,85232.32720359166,999999.9999999999
2025-03-18T07:50:00.000+0000,1118583.5248611998,85232.32720359166,999999.9999999999
2025-03-18T08:00:00.000+0000,1118116.88727016,85232.32720359166,999999.9999999999
2025-03-18T08:10:00.000+0000,1119877.5608035994,85232.32720359166,999999.9999999999
2025-03-18T08:20:00.000+0000,1118378.4090851997,85232.32720359166,999999.9999999999
2025-03-18T08:30:00.000+0000,1116205.1922506397,85232.32720359166,999999.9999999999
2025-03-18T08:40:00.000+0000,1116991.9703242397,85232.32720359166,999999.9999999999
2025-03-18T08:50:00.000+0000,1117276.0149066397,85232.32720359166,999999.9999999999
2025-03-18T09:00:00.000+0000,1116928.8272791198,273459.2755332318,999999.9999999999
2025-03-18T09:10:00.000+0000,1116784.5427991198,273459.2755332318,999999.9999999999
2025-03-18T09:20:00.000+0000,1105726.51950056,273459.2755332318,999999.9999999999
2025-03-18T09:30:00.000+0000,1107007.0814307996,273459.2755332318,999999.9999999999
2025-03-18T09:40:00.000+0000,1106472.7764170398,273459.2755332318,999999.9999999999
2025-03-18T09:50:00.000+0000,1105408.6907671203,273459.2755332318,999999.9999999999
2025-03-18T10:00:00.000+0000,1106121.0644119198,273459.2755332318,999999.9999999999
2025-03-18T10:10:00.000+0000,1107998.9752804,273459.2755332318,999999.9999999999
2025-03-18T10:20:00.000+0000,1110278.16806632,273459.2755332318,999999.9999999999
2025-03-18T10:30:00.000+0000,1109516.2245091996,273459.2755332318,999999.9999999999
2025-03-18T10:40:00.000+0000,1108510.7575267996,273459.2755332318,999999.9999999999
2025-03-18T10:50:00.000+0000,1108404.78157544,273459.2755332318,999999.9999999999
2025-03-18T11:00:00.000+0000,1108560.3274391196,273459.2755332318,999999.9999999999
2025-03-18T11:10:00.000+0000,1107852.4781719197,273459.2755332318,999999.9999999999
2025-03-18T11:20:00.000+0000,1107917.83384552,273459.2755332318,999999.9999999999
2025-03-18T11:30:00.000+0000,1108265.0214730399,273459.2755332318,999999.9999999999
2025-03-18T11:40:00.000+0000,1110282.69244392,273459.2755332318,999999.9999999999
2025-03-18T11:50:00.000+0000,1111872.0343523999,273459.2755332318,999999.9999999999
2025-03-18T12:00:00.000+0000,1109694.29314024,273459.2755332318,999999.9999999999
2025-03-18T12:10:00.000+0000,1110068.5279127199,273459.2755332318,999999.9999999999
2025-03-18T12:20:00.000+0000,1110336.7867338397,273459.2755332318,999999.9999999999
2025-03-18T12:30:00.000+0000,1112665.5494320798,273459.2755332318,999999.9999999999
2025-03-18T12:40:00.000+0000,1111134.8261911198,273459.2755332318,999999.9999999999
2025-03-18T12:50:00.000+0000,1113028.52282088,273459.2755332318,999999.9999999999
2025-03-18T13:00:00.000+0000,1114755.4122032798,273459.2755332318,999999.9999999999
2025-03-18T13:10:00.000+0000,1117296.12680424,273459.2755332318,999999.9999999999
2025-03-18T13:20:00.000+0000,1115754.1421795995,273459.2755332318,999999.9999999999
2025-03-18T13:30:00.000+0000,1115567.0247933597,273459.2755332318,999999.9999999999
2025-03-18T13:40:00.000+0000,1118472.9254115995,273459.2755332318,999999.9999999999
2025-03-18T13:50:00.000+0000,1119796.2211274395,273459.2755332318,999999.9999999999
2025-03-18T14:00:00.000+0000,1115959.2579555996,273459.2755332318,999999.9999999999
2025-03-18T14:10:00.000+0000,1116574.70440424,273459.2755332318,999999.9999999999
2025-03-18T14:20:00.000+0000,1115307.7156067998,273459.2755332318,999999.9999999999
2025-03-18T14:30:00.000+0000,1111651.13281512,273459.2755332318,999999.9999999999
2025-03-18T14:40:00.000+0000,1110350.3598666398,273459.2755332318,999999.9999999999
2025-03-18T14:50:00.000+0000,1113272.0462461598,273459.2755332318,999999.9999999999
2025-03-18T15:00:00.000+0000,1114455.5818595996,273459.2755332318,999999.9999999999
2025-03-18T15:10:00.000+0000,1117045.86637288,273459.2755332318,999999.9999999999
2025-03-18T15:20:00.000+0000,1118472.9254115995,273459.2755332318,999999.9999999999
2025-03-18T15:30:00.000+0000,1116011.13961704,273459.2755332318,999999.9999999999
2025-03-18T15:40:00.000+0000,1115968.3067107997,273459.2755332318,999999.9999999999
2025-03-18T15:50:00.000+0000,1117167.6280855197,273459.2755332318,999999.9999999999
2025-03-18T16:00:00.000+0000,1117054.9151280802,273459.2755332318,999999.9999999999
2025-03-18T16:10:00.000+0000,1117140.5809405597,273459.2755332318,999999.9999999999
2025-03-18T16:20:00.000+0000,1115368.6460234402,273459.2755332318,999999.9999999999
2025-03-18T16:30:00.000+0000,1114710.3666685596,273459.2755332318,999999.9999999999
2025-03-18T16:40:00.000+0000,1117269.0796592801,273459.2755332318,999999.9999999999
2025-03-18T16:50:00.000+0000,1117345.6967165598,273459.2755332318,999999.9999999999
2025-03-18T17:00:00.000+0000,1117077.43789544,273459.2755332318,999999.9999999999
2025-03-18T17:10:00.000+0000,1119886.4113175198,273459.2755332318,999999.9999999999
2025-03-18T17:20:00.000+0000,1120143.4087549597,273459.2755332318,999999.9999999999
2025-03-18T17:30:00.000+0000,1119886.4113175198,273459.2755332318,999999.9999999999
2025-03-18T17:40:00.000+0000,1120181.7172836,273459.2755332318,999999.9999999999
2025-03-18T17:50:00.000+0000,1122370.71987944,273459.2755332318,999999.9999999999
2025-03-18T18:00:00.000+0000,1120330.5261412002,273459.2755332318,999999.9999999999
2025-03-18T18:10:00.000+0000,1120506.3821437596,273459.2755332318,999999.9999999999
2025-03-18T18:20:00.000+0000,1120335.0505187996,273459.2755332318,999999.9999999999
2025-03-18T18:30:00.000+0000,1121223.2801661594,273459.2755332318,999999.9999999999
2025-03-18T18:40:00.000+0000,1120109.6246039195,273459.2755332318,999999.9999999999
2025-03-18T18:50:00.000+0000,1119007.2304253597,273459.2755332318,999999.9999999999
2025-03-18T19:00:00.000+0000,1118076.1678717597,273459.2755332318,999999.9999999999
2025-03-18T19:10:00.000+0000,1118306.11816424,273459.2755332318,999999.9999999999
2025-03-18T19:20:00.000+0000,1118910.3032291993,273459.2755332318,999999.9999999999
2025-03-18T19:30:00.000+0000,1118664.56717544,273459.2755332318,999999.9999999999
2025-03-18T19:40:00.000+0000,1119424.29810408,273459.2755332318,999999.9999999999
2025-03-18T19:50:00.000+0000,1117866.5277181596,273459.2755332318,999999.9999999999
2025-03-18T20:00:00.000+0000,1117192.4626019995,273459.2755332318,999999.9999999999
2025-03-18T20:10:00.000+0000,1118578.9013629598,273459.2755332318,999999.9999999999
2025-03-18T20:20:00.000+0000,1121060.9972964,273459.2755332318,999999.9999999999
2025-03-18T20:30:00.000+0000,1121949.2269437597,273459.2755332318,999999.9999999999
2025-03-18T20:40:00.000+0000,1122050.67851752,273459.2755332318,999999.9999999999
2025-03-18T20:50:00.000+0000,1121139.9261027996,273459.2755332318,999999.9999999999
2025-03-18T21:00:00.000+0000,1120743.1685629599,273459.2755332318,999999.9999999999
2025-03-18T21:10:00.000+0000,1118612.7846346402,273459.2755332318,999999.9999999999
2025-03-18T21:20:00.000+0000,1119555.1085719198,273459.2755332318,999999.9999999999
2025-03-18T21:30:00.000+0000,1120244.9594493594,273459.2755332318,999999.9999999999
2025-03-18T21:40:00.000+0000,1121315.7821053597,273459.2755332318,999999.9999999999
2025-03-18T21:50:00.000+0000,1119721.91581928,273459.2755332318,999999.9999999999
2025-03-18T22:00:00.000+0000,1118549.64158952,273459.2755332318,999999.9999999999
2025-03-18T22:10:00.000+0000,1117077.53701608,273459.2755332318,999999.9999999999
2025-03-18T22:20:00.000+0000,1116901.6810135196,273459.2755332318,999999.9999999999
2025-03-18T22:30:00.000+0000,1116270.4488035995,273459.2755332318,999999.9999999999
2025-03-18T22:40:00.000+0000,1115398.0049175196,273459.2755332318,999999.9999999999
2025-03-18T22:50:00.000+0000,1112449.2713930397,273459.2755332318,999999.9999999999
2025-03-18T23:00:00.000+0000,1110715.64500456,273459.2755332318,999999.9999999999
2025-03-18T23:10:00.000+0000,1110061.8900272795,273459.2755332318,999999.9999999999
2025-03-18T23:20:00.000+0000,1110614.1934307995,273459.2755332318,999999.9999999999
2025-03-18T23:30:00.000+0000,1111101.1411607198,273459.2755332318,999999.9999999999
2025-03-18T23:40:00.000+0000,1112616.0786403997,273459.2755332318,999999.9999999999
2025-03-18T23:50:00.000+0000,1111840.56195048,273459.2755332318,999999.9999999999
2025-03-19T00:00:00.000+0000,1112140.3922941599,273459.2755332318,999999.9999999999
2025-03-19T00:10:00.000+0000,1110645.76495336,273459.2755332318,999999.9999999999
2025-03-19T00:20:00.000+0000,1109045.1616611995,273459.2755332318,999999.9999999999
2025-03-19T00:30:00.000+0000,1107814.2687639196,273459.2755332318,999999.9999999999
2025-03-19T00:40:00.000+0000,1109804.8925898399,273459.2755332318,999999.9999999999
2025-03-19T00:50:00.000+0000,1109692.1796323997,273459.2755332318,999999.9999999999
2025-03-19T01:00:00.000+0000,1111153.02282216,273459.2755332318,999999.9999999999
2025-03-19T01:10:00.000+0000,1112519.1514442395,273459.2755332318,999999.9999999999
2025-03-19T01:20:00.000+0000,1113360.0238077596,273459.2755332318,999999.9999999999
2025-03-19T01:30:00.000+0000,1113364.54818536,273459.2755332318,999999.9999999999
2025-03-19T01:40:00.000+0000,1114397.0623127199,273459.2755332318,999999.9999999999
2025-03-19T01:50:00.000+0000,1114696.8926563999,273459.2755332318,999999.9999999999
2025-03-19T02:00:00.000+0000,1117073.01263848,273459.2755332318,999999.9999999999
2025-03-19T02:10:00.000+0000,1117138.36831208,273459.2755332318,999999.9999999999
2025-03-19T02:20:00.000+0000,1116698.7778659998,273459.2755332318,999999.9999999999
2025-03-19T02:30:00.000+0000,1115645.9535997598,273459.2755332318,999999.9999999999
2025-03-19T02:40:00.000+0000,1115528.71626472,273459.2755332318,999999.9999999999
2025-03-19T02:50:00.000+0000,1113815.4000151202,273459.2755332318,999999.9999999999
2025-03-19T03:00:00.000+0000,1113515.5696714395,273459.2755332318,999999.9999999999
2025-03-19T03:10:00.000+0000,1113461.4753815196,273459.2755332318,999999.9999999999
2025-03-19T03:20:00.000+0000,1114437.5834698398,273459.2755332318,999999.9999999999
2025-03-19T03:30:00.000+0000,1113441.1652426398,273459.2755332318,999999.9999999999
2025-03-19T03:40:00.000+0000,1111914.96637928,273459.2755332318,999999.9999999999
2025-03-19T03:50:00.000+0000,1108553.6895536792,273459.2755332318,999999.9999999999
2025-03-19T04:00:00.000+0000,1108934.6613322399,273459.2755332318,999999.9999999999
2025-03-19T04:10:00.000+0000,1109550.1077808796,273459.2755332318,999999.9999999999
2025-03-19T04:20:00.000+0000,1108961.7084772,273459.2755332318,999999.9999999999
2025-03-19T04:30:00.000+0000,1109133.04010216,273459.2755332318,999999.9999999999
2025-03-19T04:40:00.000+0000,1107446.7709975198,273459.2755332318,999999.9999999999
2025-03-19T04:50:00.000+0000,1109117.2543408796,273459.2755332318,999999.9999999999
2025-03-19T05:00:00.000+0000,1108567.1635658396,273459.2755332318,999999.9999999999
2025-03-19T05:10:00.000+0000,1108380.0461795998,273459.2755332318,999999.9999999999
2025-03-19T05:20:00.000+0000,1108706.9236682397,273459.2755332318,999999.9999999999
2025-03-19T05:30:00.000+0000,1109852.1507530399,273459.2755332318,999999.9999999999
2025-03-19T05:40:00.000+0000,1109353.9416394394,273459.2755332318,999999.9999999999
2025-03-19T05:50:00.000+0000,1108738.4951907997,273459.2755332318,999999.9999999999
2025-03-19T06:00:00.000+0000,1109771.00931816,273459.2755332318,999999.9999999999
2025-03-19T06:10:00.000+0000,1108743.0195684002,273459.2755332318,999999.9999999999
2025-03-19T06:20:00.000+0000,1109685.3435056796,273459.2755332318,999999.9999999999
2025-03-19T06:30:00.000+0000,1111258.89965288,273459.2755332318,999999.9999999999
2025-03-19T06:40:00.000+0000,1112275.6280189597,273459.2755332318,999999.9999999999
2025-03-19T06:50:00.000+0000,1111788.6802890399,273459.2755332318,999999.9999999999
2025-03-19T07:00:00.000+0000,1112061.4634877597,273459.2755332318,999999.9999999999
2025-03-19T07:10:00.000+0000,1112223.7463575199,273459.2755332318,999999.9999999999
2025-03-19T07:20:00.000+0000,1109901.7206653599,273459.2755332318,999999.9999999999
2025-03-19T07:30:00.000+0000,1109698.8175178398,273459.2755332318,999999.9999999999
2025-03-19T07:40:00.000+0000,1110307.4278397597,273459.2755332318,999999.9999999999
2025-03-19T07:50:00.000+0000,1110873.30437608,273459.2755332318,999999.9999999999
2025-03-19T08:00:00.000+0000,1111385.0866224803,273459.2755332318,999999.9999999999
2025-03-19T08:10:00.000+0000,1110816.9974576798,273459.2755332318,999999.9999999999
2025-03-19T08:20:00.000+0000,1112063.6761162395,273459.2755332318,999999.9999999999
2025-03-19T08:30:00.000+0000,1111292.68380392,273459.2755332318,999999.9999999999
2025-03-19T08:40:00.000+0000,1111935.1773975198,273459.2755332318,999999.9999999999
2025-03-19T08:50:00.000+0000,1112192.17483496,273459.2755332318,999999.9999999999
2025-03-19T09:00:00.000+0000,1112640.8140362394,273459.2755332318,999999.9999999999
2025-03-19T09:10:00.000+0000,1107834.3806615197,273459.2755332318,999999.9999999999
2025-03-19T09:20:00.000+0000,1106188.7318346396,273459.2755332318,999999.9999999999
2025-03-19T09:30:00.000+0000,1106804.1782832798,273459.2755332318,999999.9999999999
2025-03-19T09:40:00.000+0000,1109655.9846115997,273459.2755332318,999999.9999999999
2025-03-19T09:50:00.000+0000,1109137.4653591197,273459.2755332318,999999.9999999999
2025-03-19T10:00:00.000+0000,1108190.6170442398,273459.2755332318,999999.9999999999
2025-03-19T10:10:00.000+0000,1108292.0686179998,273459.2755332318,999999.9999999999
2025-03-19T10:20:00.000+0000,1104725.57689576,273459.2755332318,999999.9999999999
2025-03-19T10:30:00.000+0000,1098401.9934128798,273459.2755332318,999999.9999999999
2025-03-19T10:40:00.000+0000,1101749.7962263199,273459.2755332318,999999.9999999999
2025-03-19T10:50:00.000+0000,1100751.0662499997,273459.2755332318,999999.9999999999
2025-03-19T11:00:00.000+0000,1102090.1477271202,273459.2755332318,999999.9999999999
2025-03-19T11:10:00.000+0000,1099112.1544291996,273459.2755332318,999999.9999999999
2025-03-19T11:20:00.000+0000,1095408.2143536797,273459.2755332318,999999.9999999999
2025-03-19T11:30:00.000+0000,1094326.130314,273459.2755332318,999999.9999999999
2025-03-19T11:40:00.000+0000,1092597.0283031198,273459.2755332318,999999.9999999999
2025-03-19T11:50:00.000+0000,1096165.73265384,273459.2755332318,999999.9999999999
2025-03-19T12:00:00.000+0000,1096357.2752970397,273459.2755332318,999999.9999999999
2025-03-19T12:10:00.000+0000,1095886.1133283998,273459.2755332318,999999.9999999999
2025-03-19T12:20:00.000+0000,1098239.7105431196,273459.2755332318,999999.9999999999
2025-03-19T12:30:00.000+0000,1095437.3750064797,273459.2755332318,999999.9999999999
2025-03-19T12:40:00.000+0000,1096639.0081303196,273459.2755332318,999999.9999999999
2025-03-19T12:50:00.000+0000,1094594.2900144798,273459.2755332318,999999.9999999999
2025-03-19T13:00:00.000+0000,1090676.1854077599,273459.2755332318,999999.9999999999
2025-03-19T13:10:00.000+0000,1087351.0044823196,273459.2755332318,999999.9999999999
2025-03-19T13:20:00.000+0000,1090401.1895805597,273459.2755332318,999999.9999999999
2025-03-19T13:30:00.000+0000,1094565.03024104,273459.2755332318,999999.9999999999
2025-03-19T13:40:00.000+0000,1089914.24185064,273459.2755332318,999999.9999999999
2025-03-19T13:50:00.000+0000,1087497.5015907995,273459.2755332318,999999.9999999999
2025-03-19T14:00:00.000+0000,1082305.6711805598,273459.2755332318,999999.9999999999
2025-03-19T14:10:00.000+0000,1082125.2908003996,273459.2755332318,999999.9999999999
2025-03-19T14:20:00.000+0000,1082129.8151779994,273459.2755332318,999999.9999999999
2025-03-19T14:30:00.000+0000,1085243.14332136,273459.2755332318,999999.9999999999
2025-03-19T14:40:00.000+0000,1084954.57436136,273459.2755332318,999999.9999999999
2025-03-19T14:50:00.000+0000,1083583.92136168,273459.2755332318,999999.9999999999
2025-03-19T15:00:00.000+0000,1082449.9556605597,273459.2755332318,999999.9999999999
2025-03-19T15:10:00.000+0000,1083220.9479728797,273459.2755332318,999999.9999999999
2025-03-19T15:20:00.000+0000,1087795.1193059995,273459.2755332318,999999.9999999999
2025-03-19T15:30:00.000+0000,1088617.9932797598,273459.2755332318,999999.9999999999
2025-03-19T15:40:00.000+0000,1086701.7738826398,273459.2755332318,999999.9999999999
2025-03-19T15:50:00.000+0000,1085261.2408317598,273459.2755332318,999999.9999999999
2025-03-19T16:00:00.000+0000,1086749.1311664798,273459.2755332318,999999.9999999999
2025-03-19T16:10:00.000+0000,1089907.5048445598,273459.2755332318,999999.9999999999
2025-03-19T16:20:00.000+0000,1097646.9851031196,273459.2755332318,999999.9999999999
2025-03-19T16:30:00.000+0000,1098740.3305264798,273459.2755332318,999999.9999999999
2025-03-19T16:40:00.000+0000,1100275.5781450397,273459.2755332318,999999.9999999999
2025-03-19T16:50:00.000+0000,1098857.5678615198,273459.2755332318,999999.9999999999
2025-03-19T17:00:00.000+0000,1098627.61756904,273459.2755332318,999999.9999999999
2025-03-19T17:10:00.000+0000,1098821.4719613595,273459.2755332318,999999.9999999999
2025-03-19T17:20:00.000+0000,1098564.4745239196,273459.2755332318,999999.9999999999
2025-03-19T17:30:00.000+0000,1101450.0650032796,273459.2755332318,999999.9999999999
2025-03-19T17:40:00.000+0000,1105061.6022602394,273459.2755332318,999999.9999999999
2025-03-19T17:50:00.000+0000,1103034.8825341598,273459.2755332318,999999.9999999999
2025-03-19T18:00:00.000+0000,1097912.9321751199,273459.2755332318,999999.9999999999
2025-03-19T18:10:00.000+0000,1098154.14385128,273459.2755332318,999999.9999999999
2025-03-19T18:20:00.000+0000,1100622.6666519197,273459.2755332318,999999.9999999999
2025-03-19T18:30:00.000+0000,1098224.0239024796,273459.2755332318,999999.9999999999
2025-03-19T18:40:00.000+0000,1099026.5877373596,273459.2755332318,999999.9999999999
2025-03-19T18:50:00.000+0000,1090478.00487912,273459.2755332318,999999.9999999999
2025-03-19T19:00:00.000+0000,1087463.91568104,273459.2755332318,999999.9999999999
2025-03-19T19:10:00.000+0000,1089294.4692656798,273459.2755332318,999999.9999999999
2025-03-19T19:20:00.000+0000,1094939.4632547996,273459.2755332318,999999.9999999999
2025-03-19T19:30:00.000+0000,1096839.8968906398,273459.2755332318,999999.9999999999
2025-03-19T19:40:00.000+0000,1096154.5703907995,273459.2755332318,999999.9999999999
2025-03-19T19:50:00.000+0000,1091941.1598179997,273459.2755332318,999999.9999999999
2025-03-19T20:00:00.000+0000,1090967.2643581596,273459.2755332318,999999.9999999999
2025-03-19T20:10:00.000+0000,1091853.2813770396,273459.2755332318,999999.9999999999
2025-03-19T20:20:00.000+0000,1091965.9943344798,273459.2755332318,999999.9999999999
2025-03-19T20:30:00.000+0000,1092421.3705418396,273459.2755332318,999999.9999999999
2025-03-19T20:40:00.000+0000,1094380.4228451997,273459.2755332318,999999.9999999999
2025-03-19T20:50:00.000+0000,1095611.3157424799,273459.2755332318,999999.9999999999
2025-03-19T21:00:00.000+0000,1093068.3885130398,273459.2755332318,999999.9999999999
2025-03-19T21:10:00.000+0000,1091280.6678346395,273459.2755332318,999999.9999999999
2025-03-19T21:20:00.000+0000,1088099.7713892,273459.2755332318,999999.9999999999
2025-03-19T21:30:00.000+0000,1087328.7790768798,273459.2755332318,999999.9999999999
2025-03-19T21:40:00.000+0000,1087896.8682416799,273459.2755332318,999999.9999999999
2025-03-19T21:50:00.000+0000,1088340.9830653598,273459.2755332318,999999.9999999999
2025-03-19T22:00:00.000+0000,1087013.1629719199,273459.2755332318,999999.9999999999
2025-03-19T22:10:00.000+0000,1084851.20752104,273459.2755332318,999999.9999999999
2025-03-19T22:20:00.000+0000,1086151.9804695197,273459.2755332318,999999.9999999999
2025-03-19T22:30:00.000+0000,1085178.0850096797,273459.2755332318,999999.9999999999
2025-03-19T22:40:00.000+0000,1082576.53911272,273459.2755332318,999999.9999999999
2025-03-19T22:50:00.000+0000,1083841.2161610401,273459.2755332318,999999.9999999999
2025-03-19T23:00:00.000+0000,1084086.9522148,273459.2755332318,999999.9999999999
2025-03-19T23:10:00.000+0000,1085667.2453680797,273459.2755332318,999999.9999999999
2025-03-19T23:20:00.000+0000,1083237.0310960796,273459.2755332318,999999.9999999999
2025-03-19T23:30:00.000+0000,1081347.8588439198,273459.2755332318,999999.9999999999
2025-03-19T23:40:00.000+0000,1080421.32066792,273459.2755332318,999999.9999999999
2025-03-19T23:50:00.000+0000,1079264.8321994396,273459.2755332318,999999.9999999999
2025-03-20T00:00:00.000+0000,1076753.4764925595,273459.2755332318,999999.9999999999
2025-03-20T00:10:00.000+0000,1078478.05412584,273459.2755332318,999999.9999999999
2025-03-20T00:20:00.000+0000,1083595.4801072795,273459.2755332318,999999.9999999999
2025-03-20T00:30:00.000+0000,1085601.8896944798,273459.2755332318,999999.9999999999
2025-03-20T00:40:00.000+0000,1088246.2684976794,273459.2755332318,999999.9999999999
2025-03-20T00:50:00.000+0000,1090890.64730088,273459.2755332318,999999.9999999999
2025-03-20T01:00:00.000+0000,1091361.80926952,273459.2755332318,999999.9999999999
2025-03-20T01:10:00.000+0000,1091318.9763632799,273459.2755332318,999999.9999999999
2025-03-20T01:20:00.000+0000,1094831.2746749597,273459.2755332318,999999.9999999999
2025-03-20T01:30:00.000+0000,1096650.5668759195,273459.2755332318,999999.9999999999
2025-03-20T01:40:00.000+0000,1097570.36804584,273459.2755332318,999999.9999999999
2025-03-20T01:50:00.000+0000,1097441.8693271198,273459.2755332318,999999.9999999999
2025-03-20T02:00:00.000+0000,1096600.9969635995,273459.2755332318,999999.9999999999
2025-03-20T02:10:00.000+0000,1096012.5976599199,273459.2755332318,999999.9999999999
2025-03-20T02:20:00.000+0000,1096713.7099210396,273459.2755332318,999999.9999999999
2025-03-20T02:30:00.000+0000,1095992.2875210396,273459.2755332318,999999.9999999999
2025-03-20T02:40:00.000+0000,1095049.96358376,273459.2755332318,999999.9999999999
2025-03-20T02:50:00.000+0000,1093823.5950640799,273459.2755332318,999999.9999999999
2025-03-20T03:00:00.000+0000,1093336.64733416,273459.2755332318,999999.9999999999
2025-03-20T03:10:00.000+0000,1093154.0543255198,273459.2755332318,999999.9999999999
2025-03-20T03:20:00.000+0000,1093523.7647203996,273459.2755332318,999999.9999999999
2025-03-20T03:30:00.000+0000,1093485.4561917598,273459.2755332318,999999.9999999999
2025-03-20T03:40:00.000+0000,1093154.0543255198,273459.2755332318,999999.9999999999
2025-03-20T03:50:00.000+0000,1093652.26343912,273459.2755332318,999999.9999999999
2025-03-20T04:00:00.000+0000,1092888.0081328796,273459.2755332318,999999.9999999999
2025-03-20T04:10:00.000+0000,1093129.2198090397,273459.2755332318,999999.9999999999
2025-03-20T04:20:00.000+0000,1094193.3054589597,273459.2755332318,999999.9999999999
2025-03-20T04:30:00.000+0000,1094878.6319587997,273459.2755332318,999999.9999999999
2025-03-20T04:40:00.000+0000,1096050.9061885595,273459.2755332318,999999.9999999999
2025-03-20T04:50:00.000+0000,1095793.9087511199,273459.2755332318,999999.9999999999
2025-03-20T05:00:00.000+0000,1095446.7211235994,273459.2755332318,999999.9999999999
2025-03-20T05:10:00.000+0000,1094831.2746749597,273459.2755332318,999999.9999999999
2025-03-20T05:20:00.000+0000,1095189.7236861596,273459.2755332318,999999.9999999999
2025-03-20T05:30:00.000+0000,1096747.49407208,273459.2755332318,999999.9999999999
2025-03-20T05:40:00.000+0000,1097534.2721456795,273459.2755332318,999999.9999999999
2025-03-20T05:50:00.000+0000,1094745.6088624797,273459.2755332318,999999.9999999999
2025-03-20T06:00:00.000+0000,1091907.3756669594,273459.2755332318,999999.9999999999
2025-03-20T06:10:00.000+0000,1091774.3525706395,273459.2755332318,999999.9999999999
2025-03-20T06:20:00.000+0000,1091287.40484072,273459.2755332318,999999.9999999999
2025-03-20T06:30:00.000+0000,1092304.1332067999,273459.2755332318,999999.9999999999
2025-03-20T06:40:00.000+0000,1094777.18038504,273459.2755332318,999999.9999999999
2025-03-20T06:50:00.000+0000,1091972.7313405597,273459.2755332318,999999.9999999999
2025-03-20T07:00:00.000+0000,1092225.2044003997,273459.2755332318,999999.9999999999
2025-03-20T07:10:00.000+0000,1093081.8625251995,273459.2755332318,999999.9999999999
2025-03-20T07:20:00.000+0000,1095122.0562634398,273459.2755332318,999999.9999999999
2025-03-20T07:30:00.000+0000,1091176.8053911198,273459.2755332318,999999.9999999999
2025-03-20T07:40:00.000+0000,1092015.4651261596,273459.2755332318,999999.9999999999
2025-03-20T07:50:00.000+0000,1090816.1437514399,273459.2755332318,999999.9999999999
2025-03-20T08:00:00.000+0000,1092202.5825123996,273459.2755332318,999999.9999999999
2025-03-20T08:10:00.000+0000,1092533.9843786396,273459.2755332318,999999.9999999999
2025-03-20T08:20:00.000+0000,1088561.7854819999,273459.2755332318,999999.9999999999
2025-03-20T08:30:00.000+0000,1088406.2396183196,273459.2755332318,999999.9999999999
2025-03-20T08:40:00.000+0000,1087062.1813258394,273459.2755332318,999999.9999999999
2025-03-20T08:50:00.000+0000,1085248.7212554396,273459.2755332318,999999.9999999999
2025-03-20T09:00:00.000+0000,1085206.7932247198,273459.2755332318,999999.9999999999
2025-03-20T09:10:00.000+0000,1087497.69983208,273459.2755332318,999999.9999999999
2025-03-20T09:20:00.000+0000,1087735.2920061594,273459.2755332318,999999.9999999999
2025-03-20T09:30:00.000+0000,1087866.0529136797,273459.2755332318,999999.9999999999
2025-03-20T09:40:00.000+0000,1088336.7624445597,273459.2755332318,999999.9999999999
2025-03-20T09:50:00.000+0000,1089108.6596323997,273459.2755332318,999999.9999999999
2025-03-20T10:00:00.000+0000,1089407.1326627997,273459.2755332318,999999.9999999999
2025-03-20T10:10:00.000+0000,1092879.7651325597,273459.2755332318,999999.9999999999
2025-03-20T10:20:00.000+0000,1098691.11393128,273459.2755332318,999999.9999999999
2025-03-20T10:30:00.000+0000,1098020.2158794398,273459.2755332318,999999.9999999999
2025-03-20T10:40:00.000+0000,1096298.7557501597,273459.2755332318,999999.9999999999
2025-03-20T10:50:00.000+0000,1096241.4943959198,273459.2755332318,999999.9999999999
2025-03-20T11:00:00.000+0000,1094509.2253207199,273459.2755332318,999999.9999999999
2025-03-20T11:10:00.000+0000,1093878.89798632,273459.2755332318,999999.9999999999
2025-03-20T11:20:00.000+0000,1093736.8756951196,273459.2755332318,999999.9999999999
2025-03-20T11:30:00.000+0000,1091852.2278205594,273459.2755332318,999999.9999999999
2025-03-20T11:40:00.000+0000,1092668.7676656803,273459.2755332318,999999.9999999999
2025-03-20T11:50:00.000+0000,1094574.17811688,273459.2755332318,999999.9999999999
2025-03-20T12:00:00.000+0000,1094902.8653565596,273459.2755332318,999999.9999999999
2025-03-20T12:10:00.000+0000,1092029.8935741596,273459.2755332318,999999.9999999999
2025-03-20T12:20:00.000+0000,1092217.4633981595,273459.2755332318,999999.9999999999
2025-03-20T12:30:00.000+0000,1092589.8884195995,273459.2755332318,999999.9999999999
2025-03-20T12:40:00.000+0000,1093559.25950184,273459.2755332318,999999.9999999999
2025-03-20T12:50:00.000+0000,1091944.2277616803,273459.2755332318,999999.9999999999
2025-03-20T13:00:00.000+0000,1092501.0555427996,273459.2755332318,999999.9999999999
2025-03-20T13:10:00.000+0000,1093189.0966691999,273459.2755332318,999999.9999999999
2025-03-20T13:20:00.000+0000,1093930.3272099996,273459.2755332318,999999.9999999999
2025-03-20T13:30:00.000+0000,1090797.1909258398,273459.2755332318,999999.9999999999
2025-03-20T13:40:00.000+0000,1089328.70585448,273459.2755332318,999999.9999999999
2025-03-20T13:50:00.000+0000,1089485.6090314398,273459.2755332318,999999.9999999999
2025-03-20T14:00:00.000+0000,1086676.2327319197,273459.2755332318,999999.9999999999
2025-03-20T14:10:00.000+0000,1082465.0843479198,273459.2755332318,999999.9999999999
2025-03-20T14:20:00.000+0000,1080262.5581796,273459.2755332318,999999.9999999999
2025-03-20T14:30:00.000+0000,1081406.4279511198,273459.2755332318,999999.9999999999
2025-03-20T14:40:00.000+0000,1081749.5436388,273459.2755332318,999999.9999999999
2025-03-20T14:50:00.000+0000,1083178.815306,273459.2755332318,999999.9999999999
2025-03-20T15:00:00.000+0000,1085178.8907645599,273459.2755332318,999999.9999999999
2025-03-20T15:10:00.000+0000,1088495.07249512,273459.2755332318,999999.9999999999
2025-03-20T15:20:00.000+0000,1091484.8291747996,273459.2755332318,999999.9999999999
2025-03-20T15:30:00.000+0000,1093800.5207383197,273459.2755332318,999999.9999999999
2025-03-20T15:40:00.000+0000,1094673.8694999195,273459.2755332318,999999.9999999999
2025-03-20T15:50:00.000+0000,1095076.5087306402,273459.2755332318,999999.9999999999
2025-03-20T16:00:00.000+0000,1094820.8686064798,273459.2755332318,999999.9999999999
2025-03-20T16:10:00.000+0000,1098119.90726248,273459.2755332318,999999.9999999999
2025-03-20T16:20:00.000+0000,1101016.7591255195,273459.2755332318,999999.9999999999
2025-03-20T16:30:00.000+0000,1102361.2698557603,273459.2755332318,999999.9999999999
2025-03-20T16:40:00.000+0000,1104731.50814696,273459.2755332318,999999.9999999999
2025-03-20T16:50:00.000+0000,1106535.0145866396,273459.2755332318,999999.9999999999
2025-03-20T17:00:00.000+0000,1102559.6486256795,273459.2755332318,999999.9999999999
2025-03-20T17:10:00.000+0000,1101674.5860426396,273459.2755332318,999999.9999999999
2025-03-20T17:20:00.000+0000,1102558.7437501596,273459.2755332318,999999.9999999999
2025-03-20T17:30:00.000+0000,1101773.3229898398,273459.2755332318,999999.9999999999
2025-03-20T17:40:00.000+0000,1100227.7188631196,273459.2755332318,999999.9999999999
2025-03-20T17:50:00.000+0000,1101927.963978,273459.2755332318,999999.9999999999
2025-03-20T18:00:00.000+0000,1102072.7008957602,273459.2755332318,999999.9999999999
2025-03-20T18:10:00.000+0000,1101142.5432176795,273459.2755332318,999999.9999999999
2025-03-20T18:20:00.000+0000,1101871.60749928,273459.2755332318,999999.9999999999
2025-03-20T18:30:00.000+0000,1103488.9014282394,273459.2755332318,999999.9999999999
2025-03-20T18:40:00.000+0000,1104290.5603875997,273459.2755332318,999999.9999999999
2025-03-20T18:50:00.000+0000,1105073.7189591196,273459.2755332318,999999.9999999999
2025-03-20T19:00:00.000+0000,1106016.94777192,273459.2755332318,999999.9999999999
2025-03-20T19:10:00.000+0000,1104230.5844067996,273459.2755332318,999999.9999999999
2025-03-20T19:20:00.000+0000,1103816.23135464,273459.2755332318,999999.9999999999
2025-03-20T19:30:00.000+0000,1105942.9957808796,273459.2755332318,999999.9999999999
2025-03-20T19:40:00.000+0000,1104295.4876426398,273459.2755332318,999999.9999999999
2025-03-20T19:50:00.000+0000,1104366.7250071196,273459.2755332318,999999.9999999999
2025-03-20T20:00:00.000+0000,1105479.0232560798,273459.2755332318,999999.9999999999
2025-03-20T20:10:00.000+0000,1105022.2897354395,273459.2755332318,999999.9999999999
2025-03-20T20:20:00.000+0000,1104092.1320573601,273459.2755332318,999999.9999999999
2025-03-20T20:30:00.000+0000,1105049.3368804003,273459.2755332318,999999.9999999999
2025-03-20T20:40:00.000+0000,1105165.21690216,273459.2755332318,999999.9999999999
2025-03-20T20:50:00.000+0000,1105681.4739658395,273459.2755332318,999999.9999999999
2025-03-20T21:00:00.000+0000,1104351.8441213602,273459.2755332318,999999.9999999999
2025-03-20T21:10:00.000+0000,1105096.2417264797,273459.2755332318,999999.9999999999
2025-03-20T21:20:00.000+0000,1104741.8646551198,273459.2755332318,999999.9999999999
2025-03-20T21:30:00.000+0000,1103698.08914408,273459.2755332318,999999.9999999999
2025-03-20T21:40:00.000+0000,1104954.2194352795,273459.2755332318,999999.9999999999
2025-03-20T21:50:00.000+0000,1106758.1783127198,273459.2755332318,999999.9999999999
2025-03-20T22:00:00.000+0000,1105726.1166231204,273459.2755332318,999999.9999999999
2025-03-20T22:10:00.000+0000,1107273.9829386398,273459.2755332318,999999.9999999999
2025-03-20T22:20:00.000+0000,1108030.9992407197,273459.2755332318,999999.9999999999
2025-03-20T22:30:00.000+0000,1108279.4499210399,273459.2755332318,999999.9999999999
2025-03-20T22:40:00.000+0000,1107436.3153687199,273459.2755332318,999999.9999999999
2025-03-20T22:50:00.000+0000,1108038.2382448795,273459.2755332318,999999.9999999999
2025-03-20T23:00:00.000+0000,1108722.20743144,273459.2755332318,999999.9999999999
2025-03-20T23:10:00.000+0000,1108151.4036400798,273459.2755332318,999999.9999999999
2025-03-20T23:20:00.000+0000,1108210.4747453595,273459.2755332318,999999.9999999999
2025-03-20T23:30:00.000+0000,1108008.4764733596,273459.2755332318,999999.9999999999
2025-03-20T23:40:00.000+0000,1107561.1945853597,273459.2755332318,999999.9999999999
2025-03-20T23:50:00.000+0000,1106903.820106,273459.2755332318,999999.9999999999
2025-03-21T00:00:00.000+0000,1104646.7472099997,273459.2755332318,999999.9999999999
2025-03-21T00:10:00.000+0000,1103486.18680168,273459.2755332318,999999.9999999999
2025-03-21T00:20:00.000+0000,1104057.89546856,273459.2755332318,999999.9999999999
2025-03-21T00:30:00.000+0000,1104373.51157352,273459.2755332318,999999.9999999999
2025-03-21T00:40:00.000+0000,1104047.5389604,273459.2755332318,999999.9999999999
2025-03-21T00:50:00.000+0000,1103504.2347517598,273459.2755332318,999999.9999999999
2025-03-21T01:00:00.000+0000,1103174.6426365597,273459.2755332318,999999.9999999999
2025-03-21T01:10:00.000+0000,1103019.5492106397,273459.2755332318,999999.9999999999
2025-03-21T01:20:00.000+0000,1104318.51240808,273459.2755332318,999999.9999999999
2025-03-21T01:30:00.000+0000,1103720.66147176,273459.2755332318,999999.9999999999
2025-03-21T01:40:00.000+0000,1103545.7103447197,273459.2755332318,999999.9999999999
2025-03-21T01:50:00.000+0000,1102871.6452285596,273459.2755332318,999999.9999999999
2025-03-21T02:00:00.000+0000,1102469.9108733598,273459.2755332318,999999.9999999999
2025-03-21T02:10:00.000+0000,1103797.7309667997,273459.2755332318,999999.9999999999
2025-03-21T02:20:00.000+0000,1105009.2186007202,273459.2755332318,999999.9999999999
2025-03-21T02:30:00.000+0000,1104217.9161495198,273459.2755332318,999999.9999999999
2025-03-21T02:40:00.000+0000,1104132.2503370396,273459.2755332318,999999.9999999999
2025-03-21T02:50:00.000+0000,1104735.5305264797,273459.2755332318,999999.9999999999
2025-03-21T03:00:00.000+0000,1104523.17574632,273459.2755332318,999999.9999999999
2025-03-21T03:10:00.000+0000,1106740.1303626397,273459.2755332318,999999.9999999999
2025-03-21T03:20:00.000+0000,1106581.4174346398,273459.2755332318,999999.9999999999
2025-03-21T03:30:00.000+0000,1107336.17154792,273459.2755332318,999999.9999999999
2025-03-21T03:40:00.000+0000,1108096.80735208,273459.2755332318,999999.9999999999
2025-03-21T03:50:00.000+0000,1108167.5922788,273459.2755332318,999999.9999999999
2025-03-21T04:00:00.000+0000,1107067.4602890399,273459.2755332318,999999.9999999999
2025-03-21T04:10:00.000+0000,1107269.9109987996,273459.2755332318,999999.9999999999
2025-03-21T04:20:00.000+0000,1106316.7781155999,273459.2755332318,999999.9999999999
2025-03-21T04:30:00.000+0000,1105786.09260392,273459.2755332318,999999.9999999999
2025-03-21T04:40:00.000+0000,1105442.97691624,273459.2755332318,999999.9999999999
2025-03-21T04:50:00.000+0000,1105887.5441776796,273459.2755332318,999999.9999999999
2025-03-21T05:00:00.000+0000,1107475.9812106397,273459.2755332318,999999.9999999999
2025-03-21T05:10:00.000+0000,1108274.92554344,273459.2755332318,999999.9999999999
2025-03-21T05:20:00.000+0000,1108089.6179082396,273459.2755332318,999999.9999999999
2025-03-21T05:30:00.000+0000,1108003.9520957598,273459.2755332318,999999.9999999999
2025-03-21T05:40:00.000+0000,1108246.97352296,273459.2755332318,999999.9999999999
2025-03-21T05:50:00.000+0000,1107286.6016355995,273459.2755332318,999999.9999999999
2025-03-21T06:00:00.000+0000,1106814.0823536797,273459.2755332318,999999.9999999999
2025-03-21T06:10:00.000+0000,1108114.85530216,273459.2755332318,999999.9999999999
2025-03-21T06:20:00.000+0000,1108286.63936488,273459.2755332318,999999.9999999999
2025-03-21T06:30:00.000+0000,1109231.67792872,273459.2755332318,999999.9999999999
2025-03-21T06:40:00.000+0000,1109919.2666173596,273459.2755332318,999999.9999999999
2025-03-21T06:50:00.000+0000,1112762.47662824,273459.2755332318,999999.9999999999
2025-03-21T07:00:00.000+0000,1113722.3960778397,273459.2755332318,999999.9999999999
2025-03-21T07:10:00.000+0000,1115554.30697576,273459.2755332318,999999.9999999999
2025-03-21T07:20:00.000+0000,1115267.5477667996,273459.2755332318,999999.9999999999
2025-03-21T07:30:00.000+0000,1115637.2581616798,273459.2755332318,999999.9999999999
2025-03-21T07:40:00.000+0000,1114248.1047741598,273459.2755332318,999999.9999999999
2025-03-21T07:50:00.000+0000,1114166.5109015196,273459.2755332318,999999.9999999999
2025-03-21T08:00:00.000+0000,1113309.4003389594,273459.2755332318,999999.9999999999
2025-03-21T08:10:00.000+0000,1114223.7722557597,273459.2755332318,999999.9999999999
2025-03-21T08:20:00.000+0000,1116828.48521704,273459.2755332318,999999.9999999999
2025-03-21T08:30:00.000+0000,1117659.4535101594,273459.2755332318,999999.9999999999
2025-03-21T08:40:00.000+0000,1118563.4689188,273459.2755332318,999999.9999999999
2025-03-21T08:50:00.000+0000,1118607.6591383195,273459.2755332318,999999.9999999999
2025-03-21T09:00:00.000+0000,1119194.7011287196,273459.2755332318,999999.9999999999
2025-03-21T09:10:00.000+0000,1117090.00703208,273459.2755332318,999999.9999999999
2025-03-21T09:20:00.000+0000,1114646.7216253593,273459.2755332318,999999.9999999999
2025-03-21T09:30:00.000+0000,1114960.52797928,273459.2755332318,999999.9999999999
2025-03-21T09:40:00.000+0000,1116078.2554813598,273459.2755332318,999999.9999999999
2025-03-21T09:50:00.000+0000,1117410.5999523997,273459.2755332318,999999.9999999999
2025-03-21T10:00:00.000+0000,1117181.1020976799,273459.2755332318,999999.9999999999
2025-03-21T10:10:00.000+0000,1118042.28460008,273459.2755332318,999999.9999999999
2025-03-21T10:20:00.000+0000,1120701.0918512798,273459.2755332318,999999.9999999999
2025-03-21T10:30:00.000+0000,1122405.8613437598,273459.2755332318,999999.9999999999
2025-03-21T10:40:00.000+0000,1122117.2923837597,273459.2755332318,999999.9999999999
2025-03-21T10:50:00.000+0000,1121433.3231972,273459.2755332318,999999.9999999999
2025-03-21T11:00:00.000+0000,1123248.5434583197,273459.2755332318,999999.9999999999
2025-03-21T11:10:00.000+0000,1123504.6360202394,273459.2755332318,999999.9999999999
2025-03-21T11:20:00.000+0000,1124190.8673955994,273459.2755332318,999999.9999999999
2025-03-21T11:30:00.000+0000,1124409.1038666398,273459.2755332318,999999.9999999999
2025-03-21T11:40:00.000+0000,1123264.3292195997,273459.2755332318,999999.9999999999
2025-03-21T11:50:00.000+0000,1123207.0678653603,273459.2755332318,999999.9999999999
2025-03-21T12:00:00.000+0000,1122107.84075112,273459.2755332318,999999.9999999999
2025-03-21T12:10:00.000+0000,1121190.3017699998,273459.2755332318,999999.9999999999
2025-03-21T12:20:00.000+0000,1120873.7807895197,273459.2755332318,999999.9999999999
2025-03-21T12:30:00.000+0000,1121374.2520919195,273459.2755332318,999999.9999999999
2025-03-21T12:40:00.000+0000,1123566.4217520796,273459.2755332318,999999.9999999999
2025-03-21T12:50:00.000+0000,1123708.8964810395,273459.2755332318,999999.9999999999
2025-03-21T13:00:00.000+0000,1124533.5306455195,273459.2755332318,999999.9999999999
2025-03-21T13:10:00.000+0000,1123805.3712394396,273459.2755332318,999999.9999999999
2025-03-21T13:20:00.000+0000,1124377.5323440796,273459.2755332318,999999.9999999999
2025-03-21T13:30:00.000+0000,1123703.4672279195,273459.2755332318,999999.9999999999
2025-03-21T13:40:00.000+0000,1121161.4448739998,273459.2755332318,999999.9999999999
2025-03-21T13:50:00.000+0000,1120618.1406653598,273459.2755332318,999999.9999999999
2025-03-21T14:00:00.000+0000,1121417.5374359195,273459.2755332318,999999.9999999999
2025-03-21T14:10:00.000+0000,1121574.8930506401,273459.2755332318,999999.9999999999
2025-03-21T14:20:00.000+0000,1119347.9848035998,273459.2755332318,999999.9999999999
2025-03-21T14:30:00.000+0000,1119585.626538,273459.2755332318,999999.9999999999
2025-03-21T14:40:00.000+0000,1121174.5160087198,273459.2755332318,999999.9999999999
2025-03-21T14:50:00.000+0000,1119642.4354544801,273459.2755332318,999999.9999999999
2025-03-21T15:00:00.000+0000,1119713.6728189597,273459.2755332318,999999.9999999999
2025-03-21T15:10:00.000+0000,1119942.2657981599,273459.2755332318,999999.9999999999
2025-03-21T15:20:00.000+0000,1121258.3720701595,273459.2755332318,999999.9999999999
2025-03-21T15:30:00.000+0000,1119281.72425448,273459.2755332318,999999.9999999999
2025-03-21T15:40:00.000+0000,1121443.2272676001,273459.2755332318,999999.9999999999
2025-03-21T15:50:00.000+0000,1121731.7962276,273459.2755332318,999999.9999999999
2025-03-21T16:00:00.000+0000,1123003.2598423196,273459.2755332318,999999.9999999999
2025-03-21T16:10:00.000+0000,1122346.3378007198,273459.2755332318,999999.9999999999
2025-03-21T16:20:00.000+0000,1120857.0901527198,273459.2755332318,999999.9999999999
2025-03-21T16:30:00.000+0000,1120555.4500579997,273459.2755332318,999999.9999999999
2025-03-21T16:40:00.000+0000,1119681.19642088,273459.2755332318,999999.9999999999
2025-03-21T16:50:00.000+0000,1117952.5468477597,273459.2755332318,999999.9999999999
2025-03-21T17:00:00.000+0000,1118110.8073380003,273459.2755332318,999999.9999999999
2025-03-21T17:10:00.000+0000,1118483.2323594396,273459.2755332318,999999.9999999999
2025-03-21T17:20:00.000+0000,1118998.1321098395,273459.2755332318,999999.9999999999
2025-03-21T17:30:00.000+0000,1118998.1321098395,273459.2755332318,999999.9999999999
2025-03-21T17:40:00.000+0000,1116954.3188695197,273459.2755332318,999999.9999999999
2025-03-21T17:50:00.000+0000,1117196.8878589598,273459.2755332318,999999.9999999999
2025-03-21T18:00:00.000+0000,1117949.8322212,273459.2755332318,999999.9999999999
2025-03-21T18:10:00.000+0000,1117406.9804503198,273459.2755332318,999999.9999999999
2025-03-21T18:20:00.000+0000,1117579.6693885599,273459.2755332318,999999.9999999999
2025-03-21T18:30:00.000+0000,1112860.8106979998,273459.2755332318,999999.9999999999
2025-03-21T18:40:00.000+0000,1112804.0017815197,273459.2755332318,999999.9999999999
2025-03-21T18:50:00.000+0000,1115724.3308477597,273459.2755332318,999999.9999999999
2025-03-21T19:00:00.000+0000,1115768.52106728,273459.2755332318,999999.9999999999
2025-03-21T19:10:00.000+0000,1115208.5262218397,273459.2755332318,999999.9999999999
2025-03-21T19:20:00.000+0000,1114223.8218160798,273459.2755332318,999999.9999999999
2025-03-21T19:30:00.000+0000,1115411.4293693593,273459.2755332318,999999.9999999999
2025-03-21T19:40:00.000+0000,1116512.9186723996,273459.2755332318,999999.9999999999
2025-03-21T19:50:00.000+0000,1115796.9255255195,273459.2755332318,999999.9999999999
2025-03-21T20:00:00.000+0000,1116068.8038487197,273459.2755332318,999999.9999999999
2025-03-21T20:10:00.000+0000,1115982.68559848,273459.2755332318,999999.9999999999
2025-03-21T20:20:00.000+0000,1115612.52276584,273459.2755332318,999999.9999999999
2025-03-21T20:30:00.000+0000,1114551.1517424798,273459.2755332318,999999.9999999999
2025-03-21T20:40:00.000+0000,1114905.52881384,273459.2755332318,999999.9999999999
2025-03-21T20:50:00.000+0000,1113662.4696573596,273459.2755332318,999999.9999999999
2025-03-21T21:00:00.000+0000,1113046.57077096,273459.2755332318,999999.9999999999
2025-03-21T21:10:00.000+0000,1111761.5835837598,273459.2755332318,999999.9999999999
2025-03-21T21:20:00.000+0000,1112189.0077706396,273459.2755332318,999999.9999999999
2025-03-21T21:30:00.000+0000,1108899.4207472801,273459.2755332318,999999.9999999999
2025-03-21T21:40:00.000+0000,1109273.6555197597,273459.2755332318,999999.9999999999
2025-03-21T21:50:00.000+0000,1110288.5741348,273459.2755332318,999999.9999999999
2025-03-21T22:00:00.000+0000,1111348.5878448798,273459.2755332318,999999.9999999999
2025-03-21T22:10:00.000+0000,1111109.6383575196,273459.2755332318,999999.9999999999
2025-03-21T22:20:00.000+0000,1112066.3907428,273459.2755332318,999999.9999999999
2025-03-21T22:30:00.000+0000,1114024.5381706401,273459.2755332318,999999.9999999999
2025-03-21T22:40:00.000+0000,1116697.32143208,273459.2755332318,999999.9999999999
2025-03-21T22:50:00.000+0000,1115294.6444720803,273459.2755332318,999999.9999999999
2025-03-21T23:00:00.000+0000,1115525.9520778398,273459.2755332318,999999.9999999999
2025-03-21T23:10:00.000+0000,1115408.2623050401,273459.2755332318,999999.9999999999
2025-03-21T23:20:00.000+0000,1115764.44912744,273459.2755332318,999999.9999999999
2025-03-21T23:30:00.000+0000,1116380.8004515995,273459.2755332318,999999.9999999999
2025-03-21T23:40:00.000+0000,1118241.1158077596,273459.2755332318,999999.9999999999
2025-03-21T23:50:00.000+0000,1118168.5211300002,273459.2755332318,999999.9999999999
2025-03-22T00:00:00.000+0000,1116810.48682728,273459.2755332318,999999.9999999999
2025-03-22T00:10:00.000+0000,1115295.0969098397,273459.2755332318,999999.9999999999
2025-03-22T00:20:00.000+0000,1114622.8415447196,273459.2755332318,999999.9999999999
2025-03-22T00:30:00.000+0000,1113974.0138224799,273459.2755332318,999999.9999999999
2025-03-22T00:40:00.000+0000,1113719.27857384,273459.2755332318,999999.9999999999
2025-03-22T00:50:00.000+0000,1113573.6367805596,273459.2755332318,999999.9999999999
2025-03-22T01:00:00.000+0000,1112501.0043735197,273459.2755332318,999999.9999999999
2025-03-22T01:10:00.000+0000,1112358.0772067995,273459.2755332318,999999.9999999999
2025-03-22T01:20:00.000+0000,1112772.43025896,273459.2755332318,999999.9999999999
2025-03-22T01:30:00.000+0000,1114660.2451978398,273459.2755332318,999999.9999999999
2025-03-22T01:40:00.000+0000,1116576.9170327198,273459.2755332318,999999.9999999999
2025-03-22T01:50:00.000+0000,1117538.1937956,273459.2755332318,999999.9999999999
2025-03-22T02:00:00.000+0000,1116279.8013155996,273459.2755332318,999999.9999999999
2025-03-22T02:10:00.000+0000,1116065.18434664,273459.2755332318,999999.9999999999
2025-03-22T02:20:00.000+0000,1116347.4191779997,273459.2755332318,999999.9999999999
2025-03-22T02:30:00.000+0000,1114830.2195095196,273459.2755332318,999999.9999999999
2025-03-22T02:40:00.000+0000,1114715.6968010403,273459.2755332318,999999.9999999999
2025-03-22T02:50:00.000+0000,1115803.21009384,273459.2755332318,999999.9999999999
2025-03-22T03:00:00.000+0000,1114502.4371453593,273459.2755332318,999999.9999999999
2025-03-22T03:10:00.000+0000,1113057.83215464,273459.2755332318,999999.9999999999
2025-03-22T03:20:00.000+0000,1112001.8903843998,273459.2755332318,999999.9999999999
2025-03-22T03:30:00.000+0000,1110958.1148733597,273459.2755332318,999999.9999999999
2025-03-22T03:40:00.000+0000,1109956.7198307998,273459.2755332318,999999.9999999999
2025-03-22T03:50:00.000+0000,1110472.0720189596,273459.2755332318,999999.9999999999
2025-03-22T04:00:00.000+0000,1111184.8981015198,273459.2755332318,999999.9999999999
2025-03-22T04:10:00.000+0000,1109454.8912151197,273459.2755332318,999999.9999999999
2025-03-22T04:20:00.000+0000,1110954.49537128,273459.2755332318,999999.9999999999
2025-03-22T04:30:00.000+0000,1110353.9298084,273459.2755332318,999999.9999999999
2025-03-22T04:40:00.000+0000,1110583.8801008798,273459.2755332318,999999.9999999999
2025-03-22T04:50:00.000+0000,1110581.6179120801,273459.2755332318,999999.9999999999
2025-03-22T05:00:00.000+0000,1110352.57249512,273459.2755332318,999999.9999999999
2025-03-22T05:10:00.000+0000,1111339.0866519199,273459.2755332318,999999.9999999999
2025-03-22T05:20:00.000+0000,1111353.06266216,273459.2755332318,999999.9999999999
2025-03-22T05:30:00.000+0000,1111241.707018,273459.2755332318,999999.9999999999
2025-03-22T05:40:00.000+0000,1111613.67960168,273459.2755332318,999999.9999999999
2025-03-22T05:50:00.000+0000,1110327.3351011998,273459.2755332318,999999.9999999999
2025-03-22T06:00:00.000+0000,1108610.85178728,273459.2755332318,999999.9999999999
2025-03-22T06:10:00.000+0000,1108738.44563048,273459.2755332318,999999.9999999999
2025-03-22T06:20:00.000+0000,1109345.3453219999,273459.2755332318,999999.9999999999
2025-03-22T06:30:00.000+0000,1109501.34362344,273459.2755332318,999999.9999999999
2025-03-22T06:40:00.000+0000,1109086.5381335202,273459.2755332318,999999.9999999999
2025-03-22T06:50:00.000+0000,1109128.9186019998,273459.2755332318,999999.9999999999
2025-03-22T07:00:00.000+0000,1109698.36508008,273459.2755332318,999999.9999999999
2025-03-22T07:10:00.000+0000,1109411.1534333597,273459.2755332318,999999.9999999999
2025-03-22T07:20:00.000+0000,1110396.7627146398,273459.2755332318,999999.9999999999
2025-03-22T07:30:00.000+0000,1109524.7712663198,273459.2755332318,999999.9999999999
2025-03-22T07:40:00.000+0000,1107827.69321576,273459.2755332318,999999.9999999999
2025-03-22T07:50:00.000+0000,1107388.5552074395,273459.2755332318,999999.9999999999
2025-03-22T08:00:00.000+0000,1106685.6331952796,273459.2755332318,999999.9999999999
2025-03-22T08:10:00.000+0000,1107112.6049444,273459.2755332318,999999.9999999999
2025-03-22T08:20:00.000+0000,1108041.4053091996,273459.2755332318,999999.9999999999
2025-03-22T08:30:00.000+0000,1107829.5029667998,273459.2755332318,999999.9999999999
2025-03-22T08:40:00.000+0000,1107514.79173736,273459.2755332318,999999.9999999999
2025-03-22T08:50:00.000+0000,1106971.9399664798,273459.2755332318,999999.9999999999
2025-03-22T09:00:00.000+0000,1106800.60834152,273459.2755332318,999999.9999999999
2025-03-22T09:10:00.000+0000,1104885.7462576798,273459.2755332318,999999.9999999999
2025-03-22T09:20:00.000+0000,1104641.3675171998,273459.2755332318,999999.9999999999
2025-03-22T09:30:00.000+0000,1104268.9424957598,273459.2755332318,999999.9999999999
2025-03-22T09:40:00.000+0000,1104168.8482352798,273459.2755332318,999999.9999999999
2025-03-22T09:50:00.000+0000,1106997.62979816,273459.2755332318,999999.9999999999
2025-03-22T10:00:00.000+0000,1108124.3564951196,273459.2755332318,999999.9999999999
2025-03-22T10:10:00.000+0000,1107924.6204119197,273459.2755332318,999999.9999999999
2025-03-22T10:20:00.000+0000,1108209.1174320797,273459.2755332318,999999.9999999999
2025-03-22T10:30:00.000+0000,1107569.3384650396,273459.2755332318,999999.9999999999
2025-03-22T10:40:00.000+0000,1107755.55097576,273459.2755332318,999999.9999999999
2025-03-22T10:50:00.000+0000,1109075.7291875996,273459.2755332318,999999.9999999999
2025-03-22T11:00:00.000+0000,1106766.3221924002,273459.2755332318,999999.9999999999
2025-03-22T11:10:00.000+0000,1106811.8697252,273459.2755332318,999999.9999999999
2025-03-22T11:20:00.000+0000,1106982.2964746396,273459.2755332318,999999.9999999999
2025-03-22T11:30:00.000+0000,1109210.9649123996,273459.2755332318,999999.9999999999
2025-03-22T11:40:00.000+0000,1110041.4807677597,273459.2755332318,999999.9999999999
2025-03-22T11:50:00.000+0000,1111071.2802685602,273459.2755332318,999999.9999999999
2025-03-22T12:00:00.000+0000,1111199.3265495198,273459.2755332318,999999.9999999999
2025-03-22T12:10:00.000+0000,1111216.46962408,273459.2755332318,999999.9999999999
2025-03-22T12:20:00.000+0000,1110715.54588392,273459.2755332318,999999.9999999999
2025-03-22T12:30:00.000+0000,1112774.2400099998,273459.2755332318,999999.9999999999
2025-03-22T12:40:00.000+0000,1112890.1200317598,273459.2755332318,999999.9999999999
2025-03-22T12:50:00.000+0000,1112818.8826672798,273459.2755332318,999999.9999999999
2025-03-22T13:00:00.000+0000,1112348.62557416,273459.2755332318,999999.9999999999
2025-03-22T13:10:00.000+0000,1112477.5767306394,273459.2755332318,999999.9999999999
2025-03-22T13:20:00.000+0000,1112004.6050109598,273459.2755332318,999999.9999999999
2025-03-22T13:30:00.000+0000,1114322.10632552,273459.2755332318,999999.9999999999
2025-03-22T13:40:00.000+0000,1114477.1997514397,273459.2755332318,999999.9999999999
2025-03-22T13:50:00.000+0000,1114078.1800227996,273459.2755332318,999999.9999999999
2025-03-22T14:00:00.000+0000,1114904.6239383197,273459.2755332318,999999.9999999999
2025-03-22T14:10:00.000+0000,1115760.8296253597,273459.2755332318,999999.9999999999
2025-03-22T14:20:00.000+0000,1116446.1561251995,273459.2755332318,999999.9999999999
2025-03-22T14:30:00.000+0000,1117545.8356772,273459.2755332318,999999.9999999999
2025-03-22T14:40:00.000+0000,1117302.8142500003,273459.2755332318,999999.9999999999
2025-03-22T14:50:00.000+0000,1118348.39951208,273459.2755332318,999999.9999999999
2025-03-22T15:00:00.000+0000,1118123.8784727198,273459.2755332318,999999.9999999999
2025-03-22T15:10:00.000+0000,1117894.8330557598,273459.2755332318,999999.9999999999
2025-03-22T15:20:00.000+0000,1117666.2400765598,273459.2755332318,999999.9999999999
2025-03-22T15:30:00.000+0000,1116648.6068349597,273459.2755332318,999999.9999999999
2025-03-22T15:40:00.000+0000,1115590.8553136797,273459.2755332318,999999.9999999999
2025-03-22T15:50:00.000+0000,1115619.2597719198,273459.2755332318,999999.9999999999
2025-03-22T16:00:00.000+0000,1116791.5340016799,273459.2755332318,999999.9999999999
2025-03-22T16:10:00.000+0000,1116783.89212008,273459.2755332318,999999.9999999999
2025-03-22T16:20:00.000+0000,1115841.1157450401,273459.2755332318,999999.9999999999
2025-03-22T16:30:00.000+0000,1116639.60764008,273459.2755332318,999999.9999999999
2025-03-22T16:40:00.000+0000,1117137.3643159196,273459.2755332318,999999.9999999999
2025-03-22T16:50:00.000+0000,1117038.6273687198,273459.2755332318,999999.9999999999
2025-03-22T17:00:00.000+0000,1116840.7010365599,273459.2755332318,999999.9999999999
2025-03-22T17:10:00.000+0000,1116455.2048803996,273459.2755332318,999999.9999999999
2025-03-22T17:20:00.000+0000,1107816.4813923999,273459.2755332318,999999.9999999999
2025-03-22T17:30:00.000+0000,1110357.5988707996,273459.2755332318,999999.9999999999
2025-03-22T17:40:00.000+0000,1111458.18329832,273459.2755332318,999999.9999999999
2025-03-22T17:50:00.000+0000,1111272.8756631198,273459.2755332318,999999.9999999999
2025-03-22T18:00:00.000+0000,1112861.7155735197,273459.2755332318,999999.9999999999
2025-03-22T18:10:00.000+0000,1112876.5964592798,273459.2755332318,999999.9999999999
2025-03-22T18:20:00.000+0000,1113015.90412392,273459.2755332318,999999.9999999999
2025-03-22T18:30:00.000+0000,1113918.10978152,273459.2755332318,999999.9999999999
2025-03-22T18:40:00.000+0000,1112506.8860644,273459.2755332318,999999.9999999999
2025-03-22T18:50:00.000+0000,1112064.128554,273459.2755332318,999999.9999999999
2025-03-22T19:00:00.000+0000,1110851.2836068,273459.2755332318,999999.9999999999
2025-03-22T19:10:00.000+0000,1110663.2613450398,273459.2755332318,999999.9999999999
2025-03-22T19:20:00.000+0000,1112494.2673674396,273459.2755332318,999999.9999999999
2025-03-22T19:30:00.000+0000,1110992.4010224796,273459.2755332318,999999.9999999999
2025-03-22T19:40:00.000+0000,1111251.6606487199,273459.2755332318,999999.9999999999
2025-03-22T19:50:00.000+0000,1113624.2106890394,273459.2755332318,999999.9999999999
2025-03-22T20:00:00.000+0000,1113781.5663037598,273459.2755332318,999999.9999999999
2025-03-22T20:10:00.000+0000,1113869.9467428,273459.2755332318,999999.9999999999
2025-03-22T20:20:00.000+0000,1114453.3692311198,273459.2755332318,999999.9999999999
2025-03-22T20:30:00.000+0000,1112882.5277104797,273459.2755332318,999999.9999999999
2025-03-22T20:40:00.000+0000,1114126.49174248,273459.2755332318,999999.9999999999
2025-03-22T20:50:00.000+0000,1115312.28954472,273459.2755332318,999999.9999999999
2025-03-22T21:00:00.000+0000,1116944.0119216798,273459.2755332318,999999.9999999999
2025-03-22T21:10:00.000+0000,1115841.61774312,273459.2755332318,999999.9999999999
2025-03-22T21:20:00.000+0000,1117901.2167447198,273459.2755332318,999999.9999999999
2025-03-22T21:30:00.000+0000,1119163.2287267996,273459.2755332318,999999.9999999999
2025-03-22T21:40:00.000+0000,1120257.9314634395,273459.2755332318,999999.9999999999
2025-03-22T21:50:00.000+0000,1120156.47988968,273459.2755332318,999999.9999999999
2025-03-22T22:00:00.000+0000,1119815.6263907996,273459.2755332318,999999.9999999999
2025-03-22T22:10:00.000+0000,1120014.4575984797,273459.2755332318,999999.9999999999
2025-03-22T22:20:00.000+0000,1119885.9588797598,273459.2755332318,999999.9999999999
2025-03-22T22:30:00.000+0000,1120645.6898083999,273459.2755332318,999999.9999999999
2025-03-22T22:40:00.000+0000,1121387.8252247195,273459.2755332318,999999.9999999999
2025-03-22T22:50:00.000+0000,1122576.3376535196,273459.2755332318,999999.9999999999
2025-03-22T23:00:00.000+0000,1123762.13545576,273459.2755332318,999999.9999999999
2025-03-22T23:10:00.000+0000,1124229.6779223196,273459.2755332318,999999.9999999999
2025-03-22T23:20:00.000+0000,1124358.6290787999,273459.2755332318,999999.9999999999
2025-03-22T23:30:00.000+0000,1125557.9504535196,273459.2755332318,999999.9999999999
2025-03-22T23:40:00.000+0000,1125672.92559976,273459.2755332318,999999.9999999999
2025-03-22T23:50:00.000+0000,1125185.5254320796,273459.2755332318,999999.9999999999
2025-03-23T00:00:00.000+0000,1125773.01986024,273459.2755332318,999999.9999999999
2025-03-23T00:10:00.000+0000,1125988.5417047194,273459.2755332318,999999.9999999999
2025-03-23T00:20:00.000+0000,1124401.9144228,273459.2755332318,999999.9999999999
2025-03-23T00:30:00.000+0000,1123858.61021416,273459.2755332318,999999.9999999999
2025-03-23T00:40:00.000+0000,1124488.0326730395,273459.2755332318,999999.9999999999
2025-03-23T00:50:00.000+0000,1124104.34626792,273459.2755332318,999999.9999999999
2025-03-23T01:00:00.000+0000,1123575.4705072797,273459.2755332318,999999.9999999999
2025-03-23T01:10:00.000+0000,1122831.5253399196,273459.2755332318,999999.9999999999
2025-03-23T01:20:00.000+0000,1121785.9400778401,273459.2755332318,999999.9999999999
2025-03-23T01:30:00.000+0000,1122059.1757143198,273459.2755332318,999999.9999999999
2025-03-23T01:40:00.000+0000,1122131.3179543198,273459.2755332318,999999.9999999999
2025-03-23T01:50:00.000+0000,1121343.18256744,273459.2755332318,999999.9999999999
2025-03-23T02:00:00.000+0000,1120358.0257239197,273459.2755332318,999999.9999999999
2025-03-23T02:10:00.000+0000,1121645.2750999196,273459.2755332318,999999.9999999999
2025-03-23T02:20:00.000+0000,1119201.53725544,273459.2755332318,999999.9999999999
2025-03-23T02:30:00.000+0000,1118386.8071613598,273459.2755332318,999999.9999999999
2025-03-23T02:40:00.000+0000,1117313.2698787998,273459.2755332318,999999.9999999999
2025-03-23T02:50:00.000+0000,1117273.1515991197,273459.2755332318,999999.9999999999
2025-03-23T03:00:00.000+0000,1118229.4515466401,273459.2755332318,999999.9999999999
2025-03-23T03:10:00.000+0000,1118975.2064650396,273459.2755332318,999999.9999999999
2025-03-23T03:20:00.000+0000,1117973.8114224803,273459.2755332318,999999.9999999999
2025-03-23T03:30:00.000+0000,1117989.5971837598,273459.2755332318,999999.9999999999
2025-03-23T03:40:00.000+0000,1117989.5971837598,273459.2755332318,999999.9999999999
2025-03-23T03:50:00.000+0000,1116262.7573616798,273459.2755332318,999999.9999999999
2025-03-23T04:00:00.000+0000,1116166.2826032797,273459.2755332318,999999.9999999999
2025-03-23T04:10:00.000+0000,1118023.4308951197,273459.2755332318,999999.9999999999
2025-03-23T04:20:00.000+0000,1119331.4428477597,273459.2755332318,999999.9999999999
2025-03-23T04:30:00.000+0000,1119747.60565096,273459.2755332318,999999.9999999999
2025-03-23T04:40:00.000+0000,1119818.3905776797,273459.2755332318,999999.9999999999
2025-03-23T04:50:00.000+0000,1120434.74190184,273459.2755332318,999999.9999999999
2025-03-23T05:00:00.000+0000,1119746.2483376798,273459.2755332318,999999.9999999999
2025-03-23T05:10:00.000+0000,1120863.5234019998,273459.2755332318,999999.9999999999
2025-03-23T05:20:00.000+0000,1121473.0881597598,273459.2755332318,999999.9999999999
2025-03-23T05:30:00.000+0000,1120585.3109501603,273459.2755332318,999999.9999999999
2025-03-23T05:40:00.000+0000,1118712.8293348,273459.2755332318,999999.9999999999
2025-03-23T05:50:00.000+0000,1118598.30662632,273459.2755332318,999999.9999999999
2025-03-23T06:00:00.000+0000,1119886.9133155993,273459.2755332318,999999.9999999999
2025-03-23T06:10:00.000+0000,1119232.2534627998,273459.2755332318,999999.9999999999
2025-03-23T06:20:00.000+0000,1120046.0786813598,273459.2755332318,999999.9999999999
2025-03-23T06:30:00.000+0000,1119173.6347952802,273459.2755332318,999999.9999999999
2025-03-23T06:40:00.000+0000,1118573.0692323996,273459.2755332318,999999.9999999999
2025-03-23T06:50:00.000+0000,1117845.8147018398,273459.2755332318,999999.9999999999
2025-03-23T07:00:00.000+0000,1118743.4959818397,273459.2755332318,999999.9999999999
2025-03-23T07:10:00.000+0000,1119254.77623016,273459.2755332318,999999.9999999999
2025-03-23T07:20:00.000+0000,1118749.3281123997,273459.2755332318,999999.9999999999
2025-03-23T07:30:00.000+0000,1118308.3803530403,273459.2755332318,999999.9999999999
2025-03-23T07:40:00.000+0000,1117965.7171031197,273459.2755332318,999999.9999999999
2025-03-23T07:50:00.000+0000,1117268.2243440798,273459.2755332318,999999.9999999999
2025-03-23T08:00:00.000+0000,1117640.6493655199,273459.2755332318,999999.9999999999
2025-03-23T08:10:00.000+0000,1117900.36142952,273459.2755332318,999999.9999999999
2025-03-23T08:20:00.000+0000,1118902.6613475997,273459.2755332318,999999.9999999999
2025-03-23T08:30:00.000+0000,1119575.3691504803,273459.2755332318,999999.9999999999
2025-03-23T08:40:00.000+0000,1120045.17380584,273459.2755332318,999999.9999999999
2025-03-23T08:50:00.000+0000,1121074.5208688797,273459.2755332318,999999.9999999999
2025-03-23T09:00:00.000+0000,1121391.4942871202,273459.2755332318,999999.9999999999
2025-03-23T09:10:00.000+0000,1121860.84650472,273459.2755332318,999999.9999999999
2025-03-23T09:20:00.000+0000,1121287.3280867997,273459.2755332318,999999.9999999999
2025-03-23T09:30:00.000+0000,1119131.7067645597,273459.2755332318,999999.9999999999
2025-03-23T09:40:00.000+0000,1118131.2165975198,273459.2755332318,999999.9999999999
2025-03-23T09:50:00.000+0000,1116729.4445130394,273459.2755332318,999999.9999999999
2025-03-23T10:00:00.000+0000,1116976.5378800798,273459.2755332318,999999.9999999999
2025-03-23T10:10:00.000+0000,1114728.4641789596,273459.2755332318,999999.9999999999
2025-03-23T10:20:00.000+0000,1113843.4015959199,273459.2755332318,999999.9999999999
2025-03-23T10:30:00.000+0000,1115458.88577384,273459.2755332318,999999.9999999999
2025-03-23T10:40:00.000+0000,1116331.3296599197,273459.2755332318,999999.9999999999
2025-03-23T10:50:00.000+0000,1117516.6750243995,273459.2755332318,999999.9999999999
2025-03-23T11:00:00.000+0000,1116056.73671016,273459.2755332318,999999.9999999999
2025-03-23T11:10:00.000+0000,1115586.4796170392,273459.2755332318,999999.9999999999
2025-03-23T11:20:00.000+0000,1113741.4975843998,273459.2755332318,999999.9999999999
2025-03-23T11:30:00.000+0000,1113972.80519016,273459.2755332318,999999.9999999999
2025-03-23T11:40:00.000+0000,1114369.5627299997,273459.2755332318,999999.9999999999
2025-03-23T11:50:00.000+0000,1114798.3442301601,273459.2755332318,999999.9999999999
2025-03-23T12:00:00.000+0000,1113993.06576872,273459.2755332318,999999.9999999999
2025-03-23T12:10:00.000+0000,1114596.34595816,273459.2755332318,999999.9999999999
2025-03-23T12:20:00.000+0000,1116183.8781155995,273459.2755332318,999999.9999999999
2025-03-23T12:30:00.000+0000,1116269.9963658396,273459.2755332318,999999.9999999999
2025-03-23T12:40:00.000+0000,1115767.7153124,273459.2755332318,999999.9999999999
2025-03-23T12:50:00.000+0000,1116294.7813219998,273459.2755332318,999999.9999999999
2025-03-23T13:00:00.000+0000,1118412.5465533594,273459.2755332318,999999.9999999999
2025-03-23T13:10:00.000+0000,1118900.3991587998,273459.2755332318,999999.9999999999
2025-03-23T13:20:00.000+0000,1117487.3656906402,273459.2755332318,999999.9999999999
2025-03-23T13:30:00.000+0000,1116429.1617315994,273459.2755332318,999999.9999999999
2025-03-23T13:40:00.000+0000,1117053.1549373595,273459.2755332318,999999.9999999999
2025-03-23T13:50:00.000+0000,1115053.5319165601,273459.2755332318,999999.9999999999
2025-03-23T14:00:00.000+0000,1114682.4642083999,273459.2755332318,999999.9999999999
2025-03-23T14:10:00.000+0000,1115227.12573032,273459.2755332318,999999.9999999999
2025-03-23T14:20:00.000+0000,1117313.77187688,273459.2755332318,999999.9999999999
2025-03-23T14:30:00.000+0000,1117115.84554472,273459.2755332318,999999.9999999999
2025-03-23T14:40:00.000+0000,1117259.2251491994,273459.2755332318,999999.9999999999
2025-03-23T14:50:00.000+0000,1118215.97753448,273459.2755332318,999999.9999999999
2025-03-23T15:00:00.000+0000,1116515.7324195993,273459.2755332318,999999.9999999999
2025-03-23T15:10:00.000+0000,1115200.53102312,273459.2755332318,999999.9999999999
2025-03-23T15:20:00.000+0000,1114929.1051376797,273459.2755332318,999999.9999999999
2025-03-23T15:30:00.000+0000,1059061.3727075995,273459.2755332318,999999.9999999999
2025-03-23T15:40:00.000+0000,1061591.6812400795,273459.2755332318,999999.9999999999
2025-03-23T15:50:00.000+0000,1063238.73694056,273459.2755332318,999999.9999999999
2025-03-23T16:00:00.000+0000,1056142.90295272,273459.2755332318,999999.9999999999
2025-03-23T16:10:00.000+0000,1060156.1250045598,273459.2755332318,999999.9999999999
2025-03-23T16:20:00.000+0000,1059977.1514979997,273459.2755332318,999999.9999999999
2025-03-23T16:30:00.000+0000,1069867.07802216,273459.2755332318,999999.9999999999
2025-03-23T16:40:00.000+0000,1071106.5176765597,273459.2755332318,999999.9999999999
2025-03-23T16:50:00.000+0000,1072920.8330621598,273459.2755332318,999999.9999999999
2025-03-23T17:00:00.000+0000,1074961.4792381602,273459.2755332318,999999.9999999999
2025-03-23T17:10:00.000+0000,1080091.0714787995,273459.2755332318,999999.9999999999
2025-03-23T17:20:00.000+0000,1085829.3236016796,273459.2755332318,999999.9999999999
2025-03-23T17:30:00.000+0000,1090402.54049896,273459.2755332318,999999.9999999999
2025-03-23T17:40:00.000+0000,1099195.5020976798,273459.2755332318,999999.9999999999
2025-03-23T17:50:00.000+0000,1096899.6682352796,273459.2755332318,999999.9999999999
2025-03-23T18:00:00.000+0000,1097168.8319319203,273459.2755332318,999999.9999999999
2025-03-23T18:10:00.000+0000,1099081.4318269598,273459.2755332318,999999.9999999999
2025-03-23T18:20:00.000+0000,1099697.78315112,273459.2755332318,999999.9999999999
2025-03-23T18:30:00.000+0000,1097753.6117335202,273459.2755332318,999999.9999999999
2025-03-23T18:40:00.000+0000,1098149.9168356,273459.2755332318,999999.9999999999
2025-03-23T18:50:00.000+0000,1096309.9116183198,273459.2755332318,999999.9999999999
2025-03-23T19:00:00.000+0000,1098193.65461736,273459.2755332318,999999.9999999999
2025-03-23T19:10:00.000+0000,1097076.3795530396,273459.2755332318,999999.9999999999
2025-03-23T19:20:00.000+0000,1096862.2150218396,273459.2755332318,999999.9999999999
2025-03-23T19:30:00.000+0000,1099491.7129392796,273459.2755332318,999999.9999999999
2025-03-23T19:40:00.000+0000,1098989.8843236,273459.2755332318,999999.9999999999
2025-03-23T19:50:00.000+0000,1098290.5818135198,273459.2755332318,999999.9999999999
2025-03-23T20:00:00.000+0000,1098159.36846824,273459.2755332318,999999.9999999999
2025-03-23T20:10:00.000+0000,1098074.6075312803,273459.2755332318,999999.9999999999
2025-03-23T20:20:00.000+0000,1097598.4687472803,273459.2755332318,999999.9999999999
2025-03-23T20:30:00.000+0000,1095982.0796938394,273459.2755332318,999999.9999999999
2025-03-23T20:40:00.000+0000,1095357.18161256,273459.2755332318,999999.9999999999
2025-03-23T20:50:00.000+0000,1095872.53380072,273459.2755332318,999999.9999999999
2025-03-23T21:00:00.000+0000,1099146.78750056,273459.2755332318,999999.9999999999
2025-03-23T21:10:00.000+0000,1100704.55788648,273459.2755332318,999999.9999999999
2025-03-23T21:20:00.000+0000,1101165.81578472,273459.2755332318,999999.9999999999
2025-03-23T21:30:00.000+0000,1101290.6950013596,273459.2755332318,999999.9999999999
2025-03-23T21:40:00.000+0000,1100817.7232816801,273459.2755332318,999999.9999999999
2025-03-23T21:50:00.000+0000,1097847.82430312,273459.2755332318,999999.9999999999
2025-03-23T22:00:00.000+0000,1093421.6065123999,273459.2755332318,999999.9999999999
2025-03-23T22:10:00.000+0000,1095073.5894679197,273459.2755332318,999999.9999999999
2025-03-23T22:20:00.000+0000,1093190.2989066397,273459.2755332318,999999.9999999999
2025-03-23T22:30:00.000+0000,1092819.68363624,273459.2755332318,999999.9999999999
2025-03-23T22:40:00.000+0000,1094693.07012712,273459.2755332318,999999.9999999999
2025-03-23T22:50:00.000+0000,1094506.40517864,273459.2755332318,999999.9999999999
2025-03-23T23:00:00.000+0000,1094463.5722724,273459.2755332318,999999.9999999999
2025-03-23T23:10:00.000+0000,1096350.93477352,273459.2755332318,999999.9999999999
2025-03-23T23:20:00.000+0000,1094721.47458536,273459.2755332318,999999.9999999999
2025-03-23T23:30:00.000+0000,1094435.1678141598,273459.2755332318,999999.9999999999
2025-03-23T23:40:00.000+0000,1096236.4120650399,273459.2755332318,999999.9999999999
2025-03-23T23:50:00.000+0000,1094152.4805450398,273459.2755332318,999999.9999999999
2025-03-24T00:00:00.000+0000,1096038.9381706398,273459.2755332318,999999.9999999999
2025-03-24T00:10:00.000+0000,1096337.4112010398,273459.2755332318,999999.9999999999
2025-03-24T00:20:00.000+0000,1092293.5225021602,273459.2755332318,999999.9999999999
2025-03-24T00:30:00.000+0000,1087821.3047408797,273459.2755332318,999999.9999999999
2025-03-24T00:40:00.000+0000,1089480.0742628,273459.2755332318,999999.9999999999
2025-03-24T00:50:00.000+0000,1085766.6825546399,273459.2755332318,999999.9999999999
2025-03-24T01:00:00.000+0000,1082329.2411095197,273459.2755332318,999999.9999999999
2025-03-24T01:10:00.000+0000,1083431.18285032,273459.2755332318,999999.9999999999
2025-03-24T01:20:00.000+0000,1079564.05502952,273459.2755332318,999999.9999999999
2025-03-24T01:30:00.000+0000,1084879.4073431198,273459.2755332318,999999.9999999999
2025-03-24T01:40:00.000+0000,1088150.04154088,273459.2755332318,999999.9999999999
2025-03-24T01:50:00.000+0000,1088039.59077224,273459.2755332318,999999.9999999999
2025-03-24T02:00:00.000+0000,1088052.6619069595,273459.2755332318,999999.9999999999
2025-03-24T02:10:00.000+0000,1090739.4211786396,273459.2755332318,999999.9999999999
2025-03-24T02:20:00.000+0000,1092326.04846056,273459.2755332318,999999.9999999999
2025-03-24T02:30:00.000+0000,1090683.0646999197,273459.2755332318,999999.9999999999
2025-03-24T02:40:00.000+0000,1090123.97473,273459.2755332318,999999.9999999999
2025-03-24T02:50:00.000+0000,1084424.93601128,273459.2755332318,999999.9999999999
2025-03-24T03:00:00.000+0000,1081838.27100008,273459.2755332318,999999.9999999999
2025-03-24T03:10:00.000+0000,1077883.6180554396,273459.2755332318,999999.9999999999
2025-03-24T03:20:00.000+0000,1075101.2889008797,273459.2755332318,999999.9999999999
2025-03-24T03:30:00.000+0000,1077070.2452746397,273459.2755332318,999999.9999999999
2025-03-24T03:40:00.000+0000,1077872.3566717596,273459.2755332318,999999.9999999999
2025-03-24T03:50:00.000+0000,1076258.6822448797,273459.2755332318,999999.9999999999
2025-03-24T04:00:00.000+0000,1074372.67705704,273459.2755332318,999999.9999999999
2025-03-24T04:10:00.000+0000,1075086.8604528797,273459.2755332318,999999.9999999999
2025-03-24T04:20:00.000+0000,1079743.0285360797,273459.2755332318,999999.9999999999
2025-03-24T04:30:00.000+0000,1080229.07139048,273459.2755332318,999999.9999999999
2025-03-24T04:40:00.000+0000,1080524.3773565597,273459.2755332318,999999.9999999999
2025-03-24T04:50:00.000+0000,1080468.4733155996,273459.2755332318,999999.9999999999
2025-03-24T05:00:00.000+0000,1080036.07231336,273459.2755332318,999999.9999999999
2025-03-24T05:10:00.000+0000,1076450.2744483997,273459.2755332318,999999.9999999999
2025-03-24T05:20:00.000+0000,1075379.4517923999,273459.2755332318,999999.9999999999
2025-03-24T05:30:00.000+0000,1077479.16907368,273459.2755332318,999999.9999999999
2025-03-24T05:40:00.000+0000,1077193.3147402396,273459.2755332318,999999.9999999999
2025-03-24T05:50:00.000+0000,1076605.36787432,273459.2755332318,999999.9999999999
2025-03-24T06:00:00.000+0000,1075745.9951229598,273459.2755332318,999999.9999999999
2025-03-24T06:10:00.000+0000,1072763.4774474395,273459.2755332318,999999.9999999999
2025-03-24T06:20:00.000+0000,1076847.4844259997,273459.2755332318,999999.9999999999
2025-03-24T06:30:00.000+0000,1077720.8331875997,273459.2755332318,999999.9999999999
2025-03-24T06:40:00.000+0000,1078191.54271848,273459.2755332318,999999.9999999999
2025-03-24T06:50:00.000+0000,1078202.80410216,273459.2755332318,999999.9999999999
2025-03-24T07:00:00.000+0000,1075300.522986,273459.2755332318,999999.9999999999
2025-03-24T07:10:00.000+0000,1075388.9034250397,273459.2755332318,999999.9999999999
2025-03-24T07:20:00.000+0000,1075873.5889661598,273459.2755332318,999999.9999999999
2025-03-24T07:30:00.000+0000,1078958.91552872,273459.2755332318,999999.9999999999
2025-03-24T07:40:00.000+0000,1078099.0903395994,273459.2755332318,999999.9999999999
2025-03-24T07:50:00.000+0000,1078143.2805591198,273459.2755332318,999999.9999999999
2025-03-24T08:00:00.000+0000,1077313.2171415202,273459.2755332318,999999.9999999999
2025-03-24T08:10:00.000+0000,1075385.73636072,273459.2755332318,999999.9999999999
2025-03-24T08:20:00.000+0000,1074274.7954250397,273459.2755332318,999999.9999999999
2025-03-24T08:30:00.000+0000,1073984.8691517597,273459.2755332318,999999.9999999999
2025-03-24T08:40:00.000+0000,1074215.2718819997,273459.2755332318,999999.9999999999
2025-03-24T08:50:00.000+0000,1071887.8664970398,273459.2755332318,999999.9999999999
2025-03-24T09:00:00.000+0000,1071048.8038845598,273459.2755332318,999999.9999999999
2025-03-24T09:10:00.000+0000,1070833.2820400796,273459.2755332318,999999.9999999999
2025-03-24T09:20:00.000+0000,1074203.5580605594,273459.2755332318,999999.9999999999
2025-03-24T09:30:00.000+0000,1074056.5589539998,273459.2755332318,999999.9999999999
2025-03-24T09:40:00.000+0000,1074357.2941731997,273459.2755332318,999999.9999999999
2025-03-24T09:50:00.000+0000,1074112.91543272,273459.2755332318,999999.9999999999
2025-03-24T10:00:00.000+0000,1072973.1176010398,273459.2755332318,999999.9999999999
2025-03-24T10:10:00.000+0000,1073172.4012464797,273459.2755332318,999999.9999999999
2025-03-24T10:20:00.000+0000,1074471.8168816797,273459.2755332318,999999.9999999999
2025-03-24T10:30:00.000+0000,1071471.70369384,273459.2755332318,999999.9999999999
2025-03-24T10:40:00.000+0000,1071300.37206888,273459.2755332318,999999.9999999999
2025-03-24T10:50:00.000+0000,1070799.9007664798,273459.2755332318,999999.9999999999
2025-03-24T11:00:00.000+0000,1069617.72246632,273459.2755332318,999999.9999999999
2025-03-24T11:10:00.000+0000,1072218.3634877598,273459.2755332318,999999.9999999999
2025-03-24T11:20:00.000+0000,1075862.3275824795,273459.2755332318,999999.9999999999
2025-03-24T11:30:00.000+0000,1075747.3524362396,273459.2755332318,999999.9999999999
2025-03-24T11:40:00.000+0000,1075487.6403722395,273459.2755332318,999999.9999999999
2025-03-24T11:50:00.000+0000,1074914.5743920798,273459.2755332318,999999.9999999999
2025-03-24T12:00:00.000+0000,1076929.5307363998,273459.2755332318,999999.9999999999
2025-03-24T12:10:00.000+0000,1075162.1201968798,273459.2755332318,999999.9999999999
2025-03-24T12:20:00.000+0000,1078058.97205992,273459.2755332318,999999.9999999999
2025-03-24T12:30:00.000+0000,1079589.2428631196,273459.2755332318,999999.9999999999
2025-03-24T12:40:00.000+0000,1079604.5761866397,273459.2755332318,999999.9999999999
2025-03-24T12:50:00.000+0000,1081319.2497495199,273459.2755332318,999999.9999999999
2025-03-24T13:00:00.000+0000,1082790.9018851998,273459.2755332318,999999.9999999999
2025-03-24T13:10:00.000+0000,1086093.5600432795,273459.2755332318,999999.9999999999
2025-03-24T13:20:00.000+0000,1083506.44259432,273459.2755332318,999999.9999999999
2025-03-24T13:30:00.000+0000,1081249.3696983198,273459.2755332318,999999.9999999999
2025-03-24T13:40:00.000+0000,1079880.0740119198,273459.2755332318,999999.9999999999
2025-03-24T13:50:00.000+0000,1078378.20766696,273459.2755332318,999999.9999999999
2025-03-24T14:00:00.000+0000,1075189.6197795998,273459.2755332318,999999.9999999999
2025-03-24T14:10:00.000+0000,1072288.2435389599,273459.2755332318,999999.9999999999
2025-03-24T14:20:00.000+0000,1071789.5819875998,273459.2755332318,999999.9999999999
2025-03-24T14:30:00.000+0000,1079384.5795248798,273459.2755332318,999999.9999999999
2025-03-24T14:40:00.000+0000,1079382.7697738395,273459.2755332318,999999.9999999999
2025-03-24T14:50:00.000+0000,1080855.3267850396,273459.2755332318,999999.9999999999
2025-03-24T15:00:00.000+0000,1080325.54614888,273459.2755332318,999999.9999999999
2025-03-24T15:10:00.000+0000,1079126.22477416,273459.2755332318,999999.9999999999
2025-03-24T15:20:00.000+0000,1079496.84004456,273459.2755332318,999999.9999999999
2025-03-24T15:30:00.000+0000,1080481.9968880801,273459.2755332318,999999.9999999999
2025-03-24T15:40:00.000+0000,1081237.6558768798,273459.2755332318,999999.9999999999
2025-03-24T15:50:00.000+0000,1080723.6610019994,273459.2755332318,999999.9999999999
2025-03-24T16:00:00.000+0000,1080766.9463459994,273459.2755332318,999999.9999999999
2025-03-24T16:10:00.000+0000,1081168.6807012,273459.2755332318,999999.9999999999
2025-03-24T16:20:00.000+0000,1084439.3148989594,273459.2755332318,999999.9999999999
2025-03-24T16:30:00.000+0000,1084880.2626583194,273459.2755332318,999999.9999999999
2025-03-24T16:40:00.000+0000,1084492.9567511198,273459.2755332318,999999.9999999999
2025-03-24T16:50:00.000+0000,1084150.2935011997,273459.2755332318,999999.9999999999
2025-03-24T17:00:00.000+0000,1083360.80080104,273459.2755332318,999999.9999999999
2025-03-24T17:10:00.000+0000,1083275.58742632,273459.2755332318,999999.9999999999
2025-03-24T17:20:00.000+0000,1081428.34320488,273459.2755332318,999999.9999999999
2025-03-24T17:30:00.000+0000,1082313.85822568,273459.2755332318,999999.9999999999
2025-03-24T17:40:00.000+0000,1083675.5120304797,273459.2755332318,999999.9999999999
2025-03-24T17:50:00.000+0000,1083375.6816867995,273459.2755332318,999999.9999999999
2025-03-24T18:00:00.000+0000,1082842.2815485597,273459.2755332318,999999.9999999999
2025-03-24T18:10:00.000+0000,1082342.26268392,273459.2755332318,999999.9999999999
2025-03-24T18:20:00.000+0000,1083087.1127267997,273459.2755332318,999999.9999999999
2025-03-24T18:30:00.000+0000,1084451.4811581592,273459.2755332318,999999.9999999999
2025-03-24T18:40:00.000+0000,1082934.28148968,273459.2755332318,999999.9999999999
2025-03-24T18:50:00.000+0000,1082259.3114979994,273459.2755332318,999999.9999999999
2025-03-24T19:00:00.000+0000,1081019.41940584,273459.2755332318,999999.9999999999
2025-03-24T19:10:00.000+0000,1080403.9729572,273459.2755332318,999999.9999999999
2025-03-24T19:20:00.000+0000,1078162.6858224801,273459.2755332318,999999.9999999999
2025-03-24T19:30:00.000+0000,1078493.63525096,273459.2755332318,999999.9999999999
2025-03-24T19:40:00.000+0000,1079418.8161136801,273459.2755332318,999999.9999999999
2025-03-24T19:50:00.000+0000,1078231.2085603997,273459.2755332318,999999.9999999999
2025-03-24T20:00:00.000+0000,1076960.1973834396,273459.2755332318,999999.9999999999
2025-03-24T20:10:00.000+0000,1076988.14940392,273459.2755332318,999999.9999999999
2025-03-24T20:20:00.000+0000,1077715.4039344802,273459.2755332318,999999.9999999999
2025-03-24T20:30:00.000+0000,1078902.1066122397,273459.2755332318,999999.9999999999
2025-03-24T20:40:00.000+0000,1080332.2831549598,273459.2755332318,999999.9999999999
2025-03-24T20:50:00.000+0000,1080260.1409149598,273459.2755332318,999999.9999999999
2025-03-24T21:00:00.000+0000,1074646.3155709596,273459.2755332318,999999.9999999999
2025-03-24T21:10:00.000+0000,1075342.9034544795,273459.2755332318,999999.9999999999
2025-03-24T21:20:00.000+0000,1073056.06878696,273459.2755332318,999999.9999999999
2025-03-24T21:30:00.000+0000,1072328.8142563996,273459.2755332318,999999.9999999999
2025-03-24T21:40:00.000+0000,1073799.1090787998,273459.2755332318,999999.9999999999
2025-03-24T21:50:00.000+0000,1074799.14680808,273459.2755332318,999999.9999999999
2025-03-24T22:00:00.000+0000,1074071.4398397598,273459.2755332318,999999.9999999999
2025-03-24T22:10:00.000+0000,1076388.48871656,273459.2755332318,999999.9999999999
2025-03-24T22:20:00.000+0000,1077190.6001136801,273459.2755332318,999999.9999999999
2025-03-24T22:30:00.000+0000,1077645.9763210397,273459.2755332318,999999.9999999999
2025-03-24T22:40:00.000+0000,1078290.27966568,273459.2755332318,999999.9999999999
2025-03-24T22:50:00.000+0000,1080419.7587184797,273459.2755332318,999999.9999999999
2025-03-24T23:00:00.000+0000,1079749.7655421598,273459.2755332318,999999.9999999999
2025-03-24T23:10:00.000+0000,1082634.4511459996,273459.2755332318,999999.9999999999
2025-03-24T23:20:00.000+0000,1080949.53935464,273459.2755332318,999999.9999999999
2025-03-24T23:30:00.000+0000,1078834.0363120798,273459.2755332318,999999.9999999999
2025-03-24T23:40:00.000+0000,1078434.11170792,273459.2755332318,999999.9999999999
2025-03-24T23:50:00.000+0000,1076833.0559779997,273459.2755332318,999999.9999999999
2025-03-25T00:00:00.000+0000,1077747.88033256,273459.2755332318,999999.9999999999
2025-03-25T00:10:00.000+0000,1077790.7132388,273459.2755332318,999999.9999999999
2025-03-25T00:20:00.000+0000,1077274.9086128802,273459.2755332318,999999.9999999999
2025-03-25T00:30:00.000+0000,1077618.47673832,273459.2755332318,999999.9999999999
2025-03-25T00:40:00.000+0000,1077544.07230952,273459.2755332318,999999.9999999999
2025-03-25T00:50:00.000+0000,1077449.40730216,273459.2755332318,999999.9999999999
2025-03-25T01:00:00.000+0000,1078578.84862568,273459.2755332318,999999.9999999999
2025-03-25T01:10:00.000+0000,1079922.4544803996,273459.2755332318,999999.9999999999
2025-03-25T01:20:00.000+0000,1082583.5239203998,273459.2755332318,999999.9999999999
2025-03-25T01:30:00.000+0000,1087590.0466954396,273459.2755332318,999999.9999999999
2025-03-25T01:40:00.000+0000,1088659.0596004003,273459.2755332318,999999.9999999999
2025-03-25T01:50:00.000+0000,1087845.6868196,273459.2755332318,999999.9999999999
2025-03-25T02:00:00.000+0000,1087305.0972375197,273459.2755332318,999999.9999999999
2025-03-25T02:10:00.000+0000,1087547.2137892,273459.2755332318,999999.9999999999
2025-03-25T02:20:00.000+0000,1087675.2600701596,273459.2755332318,999999.9999999999
2025-03-25T02:30:00.000+0000,1088131.54115304,273459.2755332318,999999.9999999999
2025-03-25T02:40:00.000+0000,1089118.5077475999,273459.2755332318,999999.9999999999
2025-03-25T02:50:00.000+0000,1089417.8856535198,273459.2755332318,999999.9999999999
2025-03-25T03:00:00.000+0000,1090403.4949348,273459.2755332318,999999.9999999999
2025-03-25T03:10:00.000+0000,1089618.0741744798,273459.2755332318,999999.9999999999
2025-03-25T03:20:00.000+0000,1092547.4024355998,273459.2755332318,999999.9999999999
2025-03-25T03:30:00.000+0000,1092718.2816227996,273459.2755332318,999999.9999999999
2025-03-25T03:40:00.000+0000,1098002.5148515997,273459.2755332318,999999.9999999999
2025-03-25T03:50:00.000+0000,1098586.8422154398,273459.2755332318,999999.9999999999
2025-03-25T04:00:00.000+0000,1098837.9579619996,273459.2755332318,999999.9999999999
2025-03-25T04:10:00.000+0000,1099424.5475146398,273459.2755332318,999999.9999999999
2025-03-25T04:20:00.000+0000,1099512.02307816,273459.2755332318,999999.9999999999
2025-03-25T04:30:00.000+0000,1101771.3581629598,273459.2755332318,999999.9999999999
2025-03-25T04:40:00.000+0000,1101455.7420579996,273459.2755332318,999999.9999999999
2025-03-25T04:50:00.000+0000,1099053.0273687197,273459.2755332318,999999.9999999999
2025-03-25T05:00:00.000+0000,1098923.1713367198,273459.2755332318,999999.9999999999
2025-03-25T05:10:00.000+0000,1100266.7771914399,273459.2755332318,999999.9999999999
2025-03-25T05:20:00.000+0000,1099251.8585763997,273459.2755332318,999999.9999999999
2025-03-25T05:30:00.000+0000,1097737.3735344799,273459.2755332318,999999.9999999999
2025-03-25T05:40:00.000+0000,1096980.3572323998,273459.2755332318,999999.9999999999
2025-03-25T05:50:00.000+0000,1096893.7865443998,273459.2755332318,999999.9999999999
2025-03-25T06:00:00.000+0000,1096710.2886602397,273459.2755332318,999999.9999999999
2025-03-25T06:10:00.000+0000,1095995.6528266398,273459.2755332318,999999.9999999999
2025-03-25T06:20:00.000+0000,1096265.7213987997,273459.2755332318,999999.9999999999
2025-03-25T06:30:00.000+0000,1096022.2475338394,273459.2755332318,999999.9999999999
2025-03-25T06:40:00.000+0000,1096391.50549096,273459.2755332318,999999.9999999999
2025-03-25T06:50:00.000+0000,1098565.1747632802,273459.2755332318,999999.9999999999
2025-03-25T07:00:00.000+0000,1095831.05820776,273459.2755332318,999999.9999999999
2025-03-25T07:10:00.000+0000,1097148.9742307994,273459.2755332318,999999.9999999999
2025-03-25T07:20:00.000+0000,1097562.8748451995,273459.2755332318,999999.9999999999
2025-03-25T07:30:00.000+0000,1098419.5329699996,273459.2755332318,999999.9999999999
2025-03-25T07:40:00.000+0000,1099877.6615331997,273459.2755332318,999999.9999999999
2025-03-25T07:50:00.000+0000,1098963.2896163997,273459.2755332318,999999.9999999999
2025-03-25T08:00:00.000+0000,1098234.6777725597,273459.2755332318,999999.9999999999
2025-03-25T08:10:00.000+0000,1098531.7934896797,273459.2755332318,999999.9999999999
2025-03-25T08:20:00.000+0000,1098251.36840936,273459.2755332318,999999.9999999999
2025-03-25T08:30:00.000+0000,1096622.81309672,273459.2755332318,999999.9999999999
2025-03-25T08:40:00.000+0000,1096520.9090851997,273459.2755332318,999999.9999999999
2025-03-25T08:50:00.000+0000,1095665.1558359198,273459.2755332318,999999.9999999999
2025-03-25T09:00:00.000+0000,1096107.91334632,273459.2755332318,999999.9999999999
2025-03-25T09:10:00.000+0000,1096252.1978263198,273459.2755332318,999999.9999999999
2025-03-25T09:20:00.000+0000,1095762.9879075997,273459.2755332318,999999.9999999999
2025-03-25T09:30:00.000+0000,1093219.1558026397,273459.2755332318,999999.9999999999
2025-03-25T09:40:00.000+0000,1091317.3648535195,273459.2755332318,999999.9999999999
2025-03-25T09:50:00.000+0000,1091791.2414487198,273459.2755332318,999999.9999999999
2025-03-25T10:00:00.000+0000,1093164.1566371997,273459.2755332318,999999.9999999999
2025-03-25T10:10:00.000+0000,1095639.9184419997,273459.2755332318,999999.9999999999
2025-03-25T10:20:00.000+0000,1094751.68879464,273459.2755332318,999999.9999999999
2025-03-25T10:30:00.000+0000,1094438.7873162397,273459.2755332318,999999.9999999999
2025-03-25T10:40:00.000+0000,1093180.39483624,273459.2755332318,999999.9999999999
2025-03-25T10:50:00.000+0000,1094097.0289418397,273459.2755332318,999999.9999999999
2025-03-25T11:00:00.000+0000,1092825.11288936,273459.2755332318,999999.9999999999
2025-03-25T11:10:00.000+0000,1093883.7692861597,273459.2755332318,999999.9999999999
2025-03-25T11:20:00.000+0000,1093927.95950568,273459.2755332318,999999.9999999999
2025-03-25T11:30:00.000+0000,1092898.1600048798,273459.2755332318,999999.9999999999
2025-03-25T11:40:00.000+0000,1091513.53099496,273459.2755332318,999999.9999999999
2025-03-25T11:50:00.000+0000,1091496.3879204001,273459.2755332318,999999.9999999999
2025-03-25T12:00:00.000+0000,1091952.6690032796,273459.2755332318,999999.9999999999
2025-03-25T12:10:00.000+0000,1094024.8867018395,273459.2755332318,999999.9999999999
2025-03-25T12:20:00.000+0000,1094110.5525143198,273459.2755332318,999999.9999999999
2025-03-25T12:30:00.000+0000,1093422.0589501597,273459.2755332318,999999.9999999999
2025-03-25T12:40:00.000+0000,1094795.4265764,273459.2755332318,999999.9999999999
2025-03-25T12:50:00.000+0000,1095597.08553576,273459.2755332318,999999.9999999999
2025-03-25T13:00:00.000+0000,1096214.3417354396,273459.2755332318,999999.9999999999
2025-03-25T13:10:00.000+0000,1091111.344202,273459.2755332318,999999.9999999999
2025-03-25T13:20:00.000+0000,1089755.1196503197,273459.2755332318,999999.9999999999
2025-03-25T13:30:00.000+0000,1087909.2327421596,273459.2755332318,999999.9999999999
2025-03-25T13:40:00.000+0000,1091844.02798568,273459.2755332318,999999.9999999999
2025-03-25T13:50:00.000+0000,1093458.6072880798,273459.2755332318,999999.9999999999
2025-03-25T14:00:00.000+0000,1094588.5010493598,273459.2755332318,999999.9999999999
2025-03-25T14:10:00.000+0000,1093157.4196311198,273459.2755332318,999999.9999999999
2025-03-25T14:20:00.000+0000,1093072.6586941602,273459.2755332318,999999.9999999999
2025-03-25T14:30:00.000+0000,1090573.0168087198,273459.2755332318,999999.9999999999
2025-03-25T14:40:00.000+0000,1090071.18819304,273459.2755332318,999999.9999999999
2025-03-25T14:50:00.000+0000,1090115.37841256,273459.2755332318,999999.9999999999
2025-03-25T15:00:00.000+0000,1088758.2489853592,273459.2755332318,999999.9999999999
2025-03-25T15:10:00.000+0000,1088186.9927562398,273459.2755332318,999999.9999999999
2025-03-25T15:20:00.000+0000,1089416.5283402395,273459.2755332318,999999.9999999999
2025-03-25T15:30:00.000+0000,1089858.83341288,273459.2755332318,999999.9999999999
2025-03-25T15:40:00.000+0000,1090703.3252784796,273459.2755332318,999999.9999999999
2025-03-25T15:50:00.000+0000,1092462.1890608799,273459.2755332318,999999.9999999999
2025-03-25T16:00:00.000+0000,1091878.3141348,273459.2755332318,999999.9999999999
2025-03-25T16:10:00.000+0000,1091246.6294871198,273459.2755332318,999999.9999999999
2025-03-25T16:20:00.000+0000,1091476.1273418397,273459.2755332318,999999.9999999999
2025-03-25T16:30:00.000+0000,1094137.6492195998,273459.2755332318,999999.9999999999
2025-03-25T16:40:00.000+0000,1095768.4667210397,273459.2755332318,999999.9999999999
2025-03-25T16:50:00.000+0000,1094226.4820963996,273459.2755332318,999999.9999999999
2025-03-25T17:00:00.000+0000,1090848.5146339997,273459.2755332318,999999.9999999999
2025-03-25T17:10:00.000+0000,1089661.3595184798,273459.2755332318,999999.9999999999
2025-03-25T17:20:00.000+0000,1090789.8959664796,273459.2755332318,999999.9999999999
2025-03-25T17:30:00.000+0000,1089706.4546135198,273459.2755332318,999999.9999999999
2025-03-25T17:40:00.000+0000,1087574.7133719197,273459.2755332318,999999.9999999999
2025-03-25T17:50:00.000+0000,1089304.7202583198,273459.2755332318,999999.9999999999
2025-03-25T18:00:00.000+0000,1089160.88821608,273459.2755332318,999999.9999999999
2025-03-25T18:10:00.000+0000,1090146.9499351196,273459.2755332318,999999.9999999999
2025-03-25T18:20:00.000+0000,1091232.2010391199,273459.2755332318,999999.9999999999
2025-03-25T18:30:00.000+0000,1092191.2156132,273459.2755332318,999999.9999999999
2025-03-25T18:40:00.000+0000,1095435.2551037595,273459.2755332318,999999.9999999999
2025-03-25T18:50:00.000+0000,1094507.3596144796,273459.2755332318,999999.9999999999
2025-03-25T19:00:00.000+0000,1092307.5480727197,273459.2755332318,999999.9999999999
2025-03-25T19:10:00.000+0000,1092494.2130212002,273459.2755332318,999999.9999999999
2025-03-25T19:20:00.000+0000,1092063.62177,273459.2755332318,999999.9999999999
2025-03-25T19:30:00.000+0000,1092192.5729264799,273459.2755332318,999999.9999999999
2025-03-25T19:40:00.000+0000,1091732.67234152,273459.2755332318,999999.9999999999
2025-03-25T19:50:00.000+0000,1091747.1007895197,273459.2755332318,999999.9999999999
2025-03-25T20:00:00.000+0000,1089960.2849866396,273459.2755332318,999999.9999999999
2025-03-25T20:10:00.000+0000,1089374.6003095198,273459.2755332318,999999.9999999999
2025-03-25T20:20:00.000+0000,1089532.408362,273459.2755332318,999999.9999999999
2025-03-25T20:30:00.000+0000,1090959.8702781599,273459.2755332318,999999.9999999999
2025-03-25T20:40:00.000+0000,1091375.1282058398,273459.2755332318,999999.9999999999
2025-03-25T20:50:00.000+0000,1091832.31416424,273459.2755332318,999999.9999999999
2025-03-25T21:00:00.000+0000,1089529.24129768,273459.2755332318,999999.9999999999
2025-03-25T21:10:00.000+0000,1089100.0073597599,273459.2755332318,999999.9999999999
2025-03-25T21:20:00.000+0000,1089071.15046376,273459.2755332318,999999.9999999999
2025-03-25T21:30:00.000+0000,1090414.3038807197,273459.2755332318,999999.9999999999
2025-03-25T21:40:00.000+0000,1090653.7058058397,273459.2755332318,999999.9999999999
2025-03-25T21:50:00.000+0000,1091298.0091504797,273459.2755332318,999999.9999999999
2025-03-25T22:00:00.000+0000,1091829.1470999199,273459.2755332318,999999.9999999999
2025-03-25T22:10:00.000+0000,1091956.28850536,273459.2755332318,999999.9999999999
2025-03-25T22:20:00.000+0000,1093087.5395799198,273459.2755332318,999999.9999999999
2025-03-25T22:30:00.000+0000,1093359.8703408798,273459.2755332318,999999.9999999999
2025-03-25T22:40:00.000+0000,1092101.93029864,273459.2755332318,999999.9999999999
2025-03-25T22:50:00.000+0000,1091458.0793917603,273459.2755332318,999999.9999999999
2025-03-25T23:00:00.000+0000,1091758.81461096,273459.2755332318,999999.9999999999
2025-03-25T23:10:00.000+0000,1091618.14963304,273459.2755332318,999999.9999999999
2025-03-25T23:20:00.000+0000,1091846.74261224,273459.2755332318,999999.9999999999
2025-03-25T23:30:00.000+0000,1092946.8746019998,273459.2755332318,999999.9999999999
2025-03-25T23:40:00.000+0000,1091891.3852695199,273459.2755332318,999999.9999999999
2025-03-25T23:50:00.000+0000,1090433.7091440798,273459.2755332318,999999.9999999999
2025-03-26T00:00:00.000+0000,1091791.29100904,273459.2755332318,999999.9999999999
2025-03-26T00:10:00.000+0000,1092064.0742077602,273459.2755332318,999999.9999999999
2025-03-26T00:20:00.000+0000,1091132.5592163997,273459.2755332318,999999.9999999999
2025-03-26T00:30:00.000+0000,1088931.3903613593,273459.2755332318,999999.9999999999
2025-03-26T00:40:00.000+0000,1088746.9876016797,273459.2755332318,999999.9999999999
2025-03-26T00:50:00.000+0000,1087135.5753635997,273459.2755332318,999999.9999999999
2025-03-26T01:00:00.000+0000,1087849.7587594395,273459.2755332318,999999.9999999999
2025-03-26T01:10:00.000+0000,1088147.32691432,273459.2755332318,999999.9999999999
2025-03-26T01:20:00.000+0000,1086330.7493399195,273459.2755332318,999999.9999999999
2025-03-26T01:30:00.000+0000,1086842.9344637597,273459.2755332318,999999.9999999999
2025-03-26T01:40:00.000+0000,1086826.6962647196,273459.2755332318,999999.9999999999
2025-03-26T01:50:00.000+0000,1086843.3869015197,273459.2755332318,999999.9999999999
2025-03-26T02:00:00.000+0000,1088271.7536932,273459.2755332318,999999.9999999999
2025-03-26T02:10:00.000+0000,1091947.2893104798,273459.2755332318,999999.9999999999
2025-03-26T02:20:00.000+0000,1093131.7297994397,273459.2755332318,999999.9999999999
2025-03-26T02:30:00.000+0000,1092803.0425597602,273459.2755332318,999999.9999999999
2025-03-26T02:40:00.000+0000,1095118.7341232798,273459.2755332318,999999.9999999999
2025-03-26T02:50:00.000+0000,1098460.60568552,273459.2755332318,999999.9999999999
2025-03-26T03:00:00.000+0000,1100033.7093949597,273459.2755332318,999999.9999999999
2025-03-26T03:10:00.000+0000,1098590.0092797596,273459.2755332318,999999.9999999999
2025-03-26T03:20:00.000+0000,1098462.8678743197,273459.2755332318,999999.9999999999
2025-03-26T03:30:00.000+0000,1099064.33831272,273459.2755332318,999999.9999999999
2025-03-26T03:40:00.000+0000,1100280.8027619997,273459.2755332318,999999.9999999999
2025-03-26T03:50:00.000+0000,1100223.0889699995,273459.2755332318,999999.9999999999
2025-03-26T04:00:00.000+0000,1098039.0631895203,273459.2755332318,999999.9999999999
2025-03-26T04:10:00.000+0000,1097595.8532413598,273459.2755332318,999999.9999999999
2025-03-26T04:20:00.000+0000,1096138.1771159202,273459.2755332318,999999.9999999999
2025-03-26T04:30:00.000+0000,1095708.9431779997,273459.2755332318,999999.9999999999
2025-03-26T04:40:00.000+0000,1095622.3724899997,273459.2755332318,999999.9999999999
2025-03-26T04:50:00.000+0000,1096392.9123645597,273459.2755332318,999999.9999999999
2025-03-26T05:00:00.000+0000,1096508.3399485599,273459.2755332318,999999.9999999999
2025-03-26T05:10:00.000+0000,1094862.6415613596,273459.2755332318,999999.9999999999
2025-03-26T05:20:00.000+0000,1095062.3776445598,273459.2755332318,999999.9999999999
2025-03-26T05:30:00.000+0000,1092891.4229987997,273459.2755332318,999999.9999999999
2025-03-26T05:40:00.000+0000,1091788.1239447198,273459.2755332318,999999.9999999999
2025-03-26T05:50:00.000+0000,1091602.8163095198,273459.2755332318,999999.9999999999
2025-03-26T06:00:00.000+0000,1092188.5009866399,273459.2755332318,999999.9999999999
2025-03-26T06:10:00.000+0000,1092404.0228311196,273459.2755332318,999999.9999999999
2025-03-26T06:20:00.000+0000,1091990.5746544797,273459.2755332318,999999.9999999999
2025-03-26T06:30:00.000+0000,1091333.2001751198,273459.2755332318,999999.9999999999
2025-03-26T06:40:00.000+0000,1089977.4280611998,273459.2755332318,999999.9999999999
2025-03-26T06:50:00.000+0000,1089046.8179453593,273459.2755332318,999999.9999999999
2025-03-26T07:00:00.000+0000,1090034.68941544,273459.2755332318,999999.9999999999
2025-03-26T07:10:00.000+0000,1089303.8153827996,273459.2755332318,999999.9999999999
2025-03-26T07:20:00.000+0000,1085431.7107466399,273459.2755332318,999999.9999999999
2025-03-26T07:30:00.000+0000,1081718.77147624,273459.2755332318,999999.9999999999
2025-03-26T07:40:00.000+0000,1081889.6506634399,273459.2755332318,999999.9999999999
2025-03-26T07:50:00.000+0000,1082058.7200995998,273459.2755332318,999999.9999999999
2025-03-26T08:00:00.000+0000,1080414.8314634399,273459.2755332318,999999.9999999999
2025-03-26T08:10:00.000+0000,1082944.2351203999,273459.2755332318,999999.9999999999
2025-03-26T08:20:00.000+0000,1079844.9325475995,273459.2755332318,999999.9999999999
2025-03-26T08:30:00.000+0000,1080314.7372029596,273459.2755332318,999999.9999999999
2025-03-26T08:40:00.000+0000,1081314.7749322401,273459.2755332318,999999.9999999999
2025-03-26T08:50:00.000+0000,1084557.4571095197,273459.2755332318,999999.9999999999
2025-03-26T09:00:00.000+0000,1082772.9034954398,273459.2755332318,999999.9999999999
2025-03-26T09:10:00.000+0000,1082058.2676618402,273459.2755332318,999999.9999999999
2025-03-26T09:20:00.000+0000,1082729.1657136795,273459.2755332318,999999.9999999999
2025-03-26T09:30:00.000+0000,1081712.8897853598,273459.2755332318,999999.9999999999
2025-03-26T09:40:00.000+0000,1080642.97200488,273459.2755332318,999999.9999999999
2025-03-26T09:50:00.000+0000,1080356.2127959197,273459.2755332318,999999.9999999999
2025-03-26T10:00:00.000+0000,1079025.22563816,273459.2755332318,999999.9999999999
2025-03-26T10:10:00.000+0000,1078423.3027619997,273459.2755332318,999999.9999999999
2025-03-26T10:20:00.000+0000,1079609.5530019999,273459.2755332318,999999.9999999999
2025-03-26T10:30:00.000+0000,1078953.53583592,273459.2755332318,999999.9999999999
2025-03-26T10:40:00.000+0000,1077855.2135972,273459.2755332318,999999.9999999999
2025-03-26T10:50:00.000+0000,1076068.39779432,273459.2755332318,999999.9999999999
2025-03-26T11:00:00.000+0000,1074253.62997096,273459.2755332318,999999.9999999999
2025-03-26T11:10:00.000+0000,1074095.8219184796,273459.2755332318,999999.9999999999
2025-03-26T11:20:00.000+0000,1070183.1465648797,273459.2755332318,999999.9999999999
2025-03-26T11:30:00.000+0000,1069911.7206794396,273459.2755332318,999999.9999999999
2025-03-26T11:40:00.000+0000,1074756.81589992,273459.2755332318,999999.9999999999
2025-03-26T11:50:00.000+0000,1074696.3874813598,273459.2755332318,999999.9999999999
2025-03-26T12:00:00.000+0000,1075483.61799272,273459.2755332318,999999.9999999999
2025-03-26T12:10:00.000+0000,1078040.5212324,273459.2755332318,999999.9999999999
2025-03-26T12:20:00.000+0000,1078257.8528279199,273459.2755332318,999999.9999999999
2025-03-26T12:30:00.000+0000,1079943.6694947996,273459.2755332318,999999.9999999999
2025-03-26T12:40:00.000+0000,1076243.8013591203,273459.2755332318,999999.9999999999
2025-03-26T12:50:00.000+0000,1075589.5939440797,273459.2755332318,999999.9999999999
2025-03-26T13:00:00.000+0000,1075803.7584752797,273459.2755332318,999999.9999999999
2025-03-26T13:10:00.000+0000,1078777.2769559198,273459.2755332318,999999.9999999999
2025-03-26T13:20:00.000+0000,1080462.6411850397,273459.2755332318,999999.9999999999
2025-03-26T13:30:00.000+0000,1080417.9985277597,273459.2755332318,999999.9999999999
2025-03-26T13:40:00.000+0000,1079690.2915594394,273459.2755332318,999999.9999999999
2025-03-26T13:50:00.000+0000,1083894.2504995996,273459.2755332318,999999.9999999999
2025-03-26T14:00:00.000+0000,1088338.5162403998,273459.2755332318,999999.9999999999
2025-03-26T14:10:00.000+0000,1088581.08522984,273459.2755332318,999999.9999999999
2025-03-26T14:20:00.000+0000,1094726.9533987995,273459.2755332318,999999.9999999999
2025-03-26T14:30:00.000+0000,1095384.7803159198,273459.2755332318,999999.9999999999
2025-03-26T14:40:00.000+0000,1095010.0931056798,273459.2755332318,999999.9999999999
2025-03-26T14:50:00.000+0000,1092393.2138852002,273459.2755332318,999999.9999999999
2025-03-26T15:00:00.000+0000,1092194.3826775197,273459.2755332318,999999.9999999999
2025-03-26T15:10:00.000+0000,1095051.5686986397,273459.2755332318,999999.9999999999
2025-03-26T15:20:00.000+0000,1096064.2251248797,273459.2755332318,999999.9999999999
2025-03-26T15:30:00.000+0000,1095130.9003824792,273459.2755332318,999999.9999999999
2025-03-26T15:40:00.000+0000,1092874.7323619998,273459.2755332318,999999.9999999999
2025-03-26T15:50:00.000+0000,1093818.41361256,273459.2755332318,999999.9999999999
2025-03-26T16:00:00.000+0000,1092933.8034672798,273459.2755332318,999999.9999999999
2025-03-26T16:10:00.000+0000,1092589.7829040799,273459.2755332318,999999.9999999999
2025-03-26T16:20:00.000+0000,1091371.9611415197,273459.2755332318,999999.9999999999
2025-03-26T16:30:00.000+0000,1091015.32188136,273459.2755332318,999999.9999999999
2025-03-26T16:40:00.000+0000,1092320.1667696796,273459.2755332318,999999.9999999999
2025-03-26T16:50:00.000+0000,1092748.9482698399,273459.2755332318,999999.9999999999
2025-03-26T17:00:00.000+0000,1091935.57548904,273459.2755332318,999999.9999999999
2025-03-26T17:10:00.000+0000,1092023.5034903195,273459.2755332318,999999.9999999999
2025-03-26T17:20:00.000+0000,1095052.4735741597,273459.2755332318,999999.9999999999
2025-03-26T17:30:00.000+0000,1097125.59614824,273459.2755332318,999999.9999999999
2025-03-26T17:40:00.000+0000,1095496.5883978396,273459.2755332318,999999.9999999999
2025-03-26T17:50:00.000+0000,1095998.41701352,273459.2755332318,999999.9999999999
2025-03-26T18:00:00.000+0000,1097498.4736074395,273459.2755332318,999999.9999999999
2025-03-26T18:10:00.000+0000,1095683.2533463198,273459.2755332318,999999.9999999999
2025-03-26T18:20:00.000+0000,1096012.84546152,273459.2755332318,999999.9999999999
2025-03-26T18:30:00.000+0000,1095341.0425341595,273459.2755332318,999999.9999999999
2025-03-26T18:40:00.000+0000,1097941.6835555998,273459.2755332318,999999.9999999999
2025-03-26T18:50:00.000+0000,1098613.0340451999,273459.2755332318,999999.9999999999
2025-03-26T19:00:00.000+0000,1100888.1548912802,273459.2755332318,999999.9999999999
2025-03-26T19:10:00.000+0000,1105007.3528944799,273459.2755332318,999999.9999999999
2025-03-26T19:20:00.000+0000,1104458.61943272,273459.2755332318,999999.9999999999
2025-03-26T19:30:00.000+0000,1104473.95275624,273459.2755332318,999999.9999999999
2025-03-26T19:40:00.000+0000,1103038.7993981596,273459.2755332318,999999.9999999999
2025-03-26T19:50:00.000+0000,1103311.58259688,273459.2755332318,999999.9999999999
2025-03-26T20:00:00.000+0000,1102054.99986792,273459.2755332318,999999.9999999999
2025-03-26T20:10:00.000+0000,1100526.5388157598,273459.2755332318,999999.9999999999
2025-03-26T20:20:00.000+0000,1099040.0057943198,273459.2755332318,999999.9999999999
2025-03-26T20:30:00.000+0000,1097484.0451594396,273459.2755332318,999999.9999999999
2025-03-26T20:40:00.000+0000,1096686.9105776795,273459.2755332318,999999.9999999999
2025-03-26T20:50:00.000+0000,1096073.7263178397,273459.2755332318,999999.9999999999
2025-03-26T21:00:00.000+0000,1097988.1359639198,273459.2755332318,999999.9999999999
2025-03-26T21:10:00.000+0000,1096372.1993482397,273459.2755332318,999999.9999999999
2025-03-26T21:20:00.000+0000,1097733.8531530397,273459.2755332318,999999.9999999999
2025-03-26T21:30:00.000+0000,1099717.6904125598,273459.2755332318,999999.9999999999
2025-03-26T21:40:00.000+0000,1099562.5969866395,273459.2755332318,999999.9999999999
2025-03-26T21:50:00.000+0000,1098328.9894627996,273459.2755332318,999999.9999999999
2025-03-26T22:00:00.000+0000,1098559.3921930399,273459.2755332318,999999.9999999999
2025-03-26T22:10:00.000+0000,1102036.0966026396,273459.2755332318,999999.9999999999
2025-03-26T22:20:00.000+0000,1103638.0572080798,273459.2755332318,999999.9999999999
2025-03-26T22:30:00.000+0000,1102691.6613309595,273459.2755332318,999999.9999999999
2025-03-26T22:40:00.000+0000,1102161.4282570397,273459.2755332318,999999.9999999999
2025-03-26T22:50:00.000+0000,1100962.1068823198,273459.2755332318,999999.9999999999
2025-03-26T23:00:00.000+0000,1101878.7409879197,273459.2755332318,999999.9999999999
2025-03-26T23:10:00.000+0000,1104049.69563368,273459.2755332318,999999.9999999999
2025-03-26T23:20:00.000+0000,1104894.6399370395,273459.2755332318,999999.9999999999
2025-03-26T23:30:00.000+0000,1103293.13176936,273459.2755332318,999999.9999999999
2025-03-26T23:40:00.000+0000,1102635.7572899996,273459.2755332318,999999.9999999999
2025-03-26T23:50:00.000+0000,1101061.2962672804,273459.2755332318,999999.9999999999
2025-03-27T00:00:00.000+0000,1099702.8095267995,273459.2755332318,999999.9999999999
2025-03-27T00:10:00.000+0000,1100331.7795479195,273459.2755332318,999999.9999999999
2025-03-27T00:20:00.000+0000,1098058.0160151199,273459.2755332318,999999.9999999999
2025-03-27T00:30:00.000+0000,1096684.19595112,273459.2755332318,999999.9999999999
2025-03-27T00:40:00.000+0000,1096930.38444264,273459.2755332318,999999.9999999999
2025-03-27T00:50:00.000+0000,1096001.5840778397,273459.2755332318,999999.9999999999
2025-03-27T01:00:00.000+0000,1094026.2935754396,273459.2755332318,999999.9999999999
2025-03-27T01:10:00.000+0000,1095560.6363184797,273459.2755332318,999999.9999999999
2025-03-27T01:20:00.000+0000,1096403.7708707997,273459.2755332318,999999.9999999999
2025-03-27T01:30:00.000+0000,1096475.0082352797,273459.2755332318,999999.9999999999
2025-03-27T01:40:00.000+0000,1096761.3150064794,273459.2755332318,999999.9999999999
2025-03-27T01:50:00.000+0000,1096461.4846627996,273459.2755332318,999999.9999999999
2025-03-27T02:00:00.000+0000,1094577.2892259997,273459.2755332318,999999.9999999999
2025-03-27T02:10:00.000+0000,1093762.1066941598,273459.2755332318,999999.9999999999
2025-03-27T02:20:00.000+0000,1093016.8042135197,273459.2755332318,999999.9999999999
2025-03-27T02:30:00.000+0000,1092905.4485693597,273459.2755332318,999999.9999999999
2025-03-27T02:40:00.000+0000,1090647.4707978398,273459.2755332318,999999.9999999999
2025-03-27T02:50:00.000+0000,1090560.9001098399,273459.2755332318,999999.9999999999
2025-03-27T03:00:00.000+0000,1091847.6970480797,273459.2755332318,999999.9999999999
2025-03-27T03:10:00.000+0000,1092538.45280104,273459.2755332318,999999.9999999999
2025-03-27T03:20:00.000+0000,1093078.1375075998,273459.2755332318,999999.9999999999
2025-03-27T03:30:00.000+0000,1091047.8478397597,273459.2755332318,999999.9999999999
2025-03-27T03:40:00.000+0000,1091661.9369751196,273459.2755332318,999999.9999999999
2025-03-27T03:50:00.000+0000,1090862.9926423198,273459.2755332318,999999.9999999999
2025-03-27T04:00:00.000+0000,1091376.53507944,273459.2755332318,999999.9999999999
2025-03-27T04:10:00.000+0000,1091978.0055178402,273459.2755332318,999999.9999999999
2025-03-27T04:20:00.000+0000,1090677.6850071198,273459.2755332318,999999.9999999999
2025-03-27T04:30:00.000+0000,1090692.1134551198,273459.2755332318,999999.9999999999
2025-03-27T04:40:00.000+0000,1090507.2582576799,273459.2755332318,999999.9999999999
2025-03-27T04:50:00.000+0000,1090022.5727165597,273459.2755332318,999999.9999999999
2025-03-27T05:00:00.000+0000,1091418.9155479197,273459.2755332318,999999.9999999999
2025-03-27T05:10:00.000+0000,1090957.65764968,273459.2755332318,999999.9999999999
2025-03-27T05:20:00.000+0000,1089652.8127613594,273459.2755332318,999999.9999999999
2025-03-27T05:30:00.000+0000,1090725.4451684,273459.2755332318,999999.9999999999
2025-03-27T05:40:00.000+0000,1090267.8067722395,273459.2755332318,999999.9999999999
2025-03-27T05:50:00.000+0000,1092354.00048104,273459.2755332318,999999.9999999999
2025-03-27T06:00:00.000+0000,1092741.3063882398,273459.2755332318,999999.9999999999
2025-03-27T06:10:00.000+0000,1090611.82733544,273459.2755332318,999999.9999999999
2025-03-27T06:20:00.000+0000,1090610.0175843998,273459.2755332318,999999.9999999999
2025-03-27T06:30:00.000+0000,1089766.8830320798,273459.2755332318,999999.9999999999
2025-03-27T06:40:00.000+0000,1090180.3312087199,273459.2755332318,999999.9999999999
2025-03-27T06:50:00.000+0000,1092826.9722007196,273459.2755332318,999999.9999999999
2025-03-27T07:00:00.000+0000,1093668.74943976,273459.2755332318,999999.9999999999
2025-03-27T07:10:00.000+0000,1092640.30725224,273459.2755332318,999999.9999999999
2025-03-27T07:20:00.000+0000,1093695.7965847198,273459.2755332318,999999.9999999999
2025-03-27T07:30:00.000+0000,1093396.87111656,273459.2755332318,999999.9999999999
2025-03-27T07:40:00.000+0000,1095582.2542103198,273459.2755332318,999999.9999999999
2025-03-27T07:50:00.000+0000,1095310.37588712,273459.2755332318,999999.9999999999
2025-03-27T08:00:00.000+0000,1094636.7632087201,273459.2755332318,999999.9999999999
2025-03-27T08:10:00.000+0000,1096051.1539901597,273459.2755332318,999999.9999999999
2025-03-27T08:20:00.000+0000,1095193.1385520797,273459.2755332318,999999.9999999999
2025-03-27T08:30:00.000+0000,1093880.1993443999,273459.2755332318,999999.9999999999
2025-03-27T08:40:00.000+0000,1094681.4058659996,273459.2755332318,999999.9999999999
2025-03-27T08:50:00.000+0000,1095941.1556592798,273459.2755332318,999999.9999999999
2025-03-27T09:00:00.000+0000,1095857.2995978398,273459.2755332318,999999.9999999999
2025-03-27T09:10:00.000+0000,1097589.1162352797,273459.2755332318,999999.9999999999
2025-03-27T09:20:00.000+0000,1098843.8892131997,273459.2755332318,999999.9999999999
2025-03-27T09:30:00.000+0000,1098157.20540008,273459.2755332318,999999.9999999999
2025-03-27T09:40:00.000+0000,1098285.25168104,273459.2755332318,999999.9999999999
2025-03-27T09:50:00.000+0000,1098226.6330135202,273459.2755332318,999999.9999999999
2025-03-27T10:00:00.000+0000,1098200.0383063199,273459.2755332318,999999.9999999999
2025-03-27T10:10:00.000+0000,1100357.4693796,273459.2755332318,999999.9999999999
2025-03-27T10:20:00.000+0000,1099444.45477608,273459.2755332318,999999.9999999999
2025-03-27T10:30:00.000+0000,1099487.74012008,273459.2755332318,999999.9999999999
2025-03-27T10:40:00.000+0000,1100904.8455280801,273459.2755332318,999999.9999999999
2025-03-27T10:50:00.000+0000,1101876.9312368797,273459.2755332318,999999.9999999999
2025-03-27T11:00:00.000+0000,1101116.7478704797,273459.2755332318,999999.9999999999
2025-03-27T11:10:00.000+0000,1102018.04865256,273459.2755332318,999999.9999999999
2025-03-27T11:20:00.000+0000,1102649.2808624797,273459.2755332318,999999.9999999999
2025-03-27T11:30:00.000+0000,1104692.6416650396,273459.2755332318,999999.9999999999
2025-03-27T11:40:00.000+0000,1105178.23208168,273459.2755332318,999999.9999999999
2025-03-27T11:50:00.000+0000,1106478.10015464,273459.2755332318,999999.9999999999
2025-03-27T12:00:00.000+0000,1106534.0041956003,273459.2755332318,999999.9999999999
2025-03-27T12:10:00.000+0000,1104290.45487208,273459.2755332318,999999.9999999999
2025-03-27T12:20:00.000+0000,1105317.99218408,273459.2755332318,999999.9999999999
2025-03-27T12:30:00.000+0000,1103947.7916221595,273459.2755332318,999999.9999999999
2025-03-27T12:40:00.000+0000,1104647.99900776,273459.2755332318,999999.9999999999
2025-03-27T12:50:00.000+0000,1106121.4608944796,273459.2755332318,999999.9999999999
2025-03-27T13:00:00.000+0000,1105764.8216343196,273459.2755332318,999999.9999999999
2025-03-27T13:10:00.000+0000,1106924.4771671197,273459.2755332318,999999.9999999999
2025-03-27T13:20:00.000+0000,1107137.28438504,273459.2755332318,999999.9999999999
2025-03-27T13:30:00.000+0000,1108813.1969815197,273459.2755332318,999999.9999999999
2025-03-27T13:40:00.000+0000,1116164.26821608,273459.2755332318,999999.9999999999
2025-03-27T13:50:00.000+0000,1112442.7326282398,273459.2755332318,999999.9999999999
2025-03-27T14:00:00.000+0000,1110743.84482664,273459.2755332318,999999.9999999999
2025-03-27T14:10:00.000+0000,1112388.18590056,273459.2755332318,999999.9999999999
2025-03-27T14:20:00.000+0000,1112731.3015882396,273459.2755332318,999999.9999999999
2025-03-27T14:30:00.000+0000,1110841.2244605594,273459.2755332318,999999.9999999999
2025-03-27T14:40:00.000+0000,1109840.73429352,273459.2755332318,999999.9999999999
2025-03-27T14:50:00.000+0000,1109539.9990743196,273459.2755332318,999999.9999999999
2025-03-27T15:00:00.000+0000,1110812.8200023193,273459.2755332318,999999.9999999999
2025-03-27T15:10:00.000+0000,1111502.2184419998,273459.2755332318,999999.9999999999
2025-03-27T15:20:00.000+0000,1112831.84828648,273459.2755332318,999999.9999999999
2025-03-27T15:30:00.000+0000,1114075.35988072,273459.2755332318,999999.9999999999
2025-03-27T15:40:00.000+0000,1117547.5399127202,273459.2755332318,999999.9999999999
2025-03-27T15:50:00.000+0000,1116089.86378728,273459.2755332318,999999.9999999999
2025-03-27T16:00:00.000+0000,1115273.32394216,273459.2755332318,999999.9999999999
2025-03-27T16:10:00.000+0000,1114787.2810877599,273459.2755332318,999999.9999999999
2025-03-27T16:20:00.000+0000,1115058.7069731997,273459.2755332318,999999.9999999999
2025-03-27T16:30:00.000+0000,1116318.4567664796,273459.2755332318,999999.9999999999
2025-03-27T16:40:00.000+0000,1115246.2767972,273459.2755332318,999999.9999999999
2025-03-27T16:50:00.000+0000,1118091.2965591203,273459.2755332318,999999.9999999999
2025-03-27T17:00:00.000+0000,1115687.2245565602,273459.2755332318,999999.9999999999
2025-03-27T17:10:00.000+0000,1116171.45765992,273459.2755332318,999999.9999999999
2025-03-27T17:20:00.000+0000,1115484.7738467997,273459.2755332318,999999.9999999999
2025-03-27T17:30:00.000+0000,1116112.3865546398,273459.2755332318,999999.9999999999
2025-03-27T17:40:00.000+0000,1115482.0592202398,273459.2755332318,999999.9999999999
2025-03-27T17:50:00.000+0000,1116310.7653245598,273459.2755332318,999999.9999999999
2025-03-27T18:00:00.000+0000,1116509.59653224,273459.2755332318,999999.9999999999
2025-03-27T18:10:00.000+0000,1116282.36086632,273459.2755332318,999999.9999999999
2025-03-27T18:20:00.000+0000,1115881.9838243998,273459.2755332318,999999.9999999999
2025-03-27T18:30:00.000+0000,1113794.4328023198,273459.2755332318,999999.9999999999
2025-03-27T18:40:00.000+0000,1111705.0720292,273459.2755332318,999999.9999999999
2025-03-27T18:50:00.000+0000,1112192.4721968796,273459.2755332318,999999.9999999999
2025-03-27T19:00:00.000+0000,1113233.9855191198,273459.2755332318,999999.9999999999
2025-03-27T19:10:00.000+0000,1113315.5793917598,273459.2755332318,999999.9999999999
2025-03-27T19:20:00.000+0000,1112485.9684119197,273459.2755332318,999999.9999999999
2025-03-27T19:30:00.000+0000,1112573.4439754398,273459.2755332318,999999.9999999999
2025-03-27T19:40:00.000+0000,1112486.4208496795,273459.2755332318,999999.9999999999
2025-03-27T19:50:00.000+0000,1113687.09953768,273459.2755332318,999999.9999999999
2025-03-27T20:00:00.000+0000,1114260.1655178396,273459.2755332318,999999.9999999999
2025-03-27T20:10:00.000+0000,1114831.8741847198,273459.2755332318,999999.9999999999
2025-03-27T20:20:00.000+0000,1113559.5056944797,273459.2755332318,999999.9999999999
2025-03-27T20:30:00.000+0000,1113159.58109032,273459.2755332318,999999.9999999999
2025-03-27T20:40:00.000+0000,1112515.7301834398,273459.2755332318,999999.9999999999
2025-03-27T20:50:00.000+0000,1112889.0600803997,273459.2755332318,999999.9999999999
2025-03-27T21:00:00.000+0000,1112661.37197672,273459.2755332318,999999.9999999999
2025-03-27T21:10:00.000+0000,1113114.9384330395,273459.2755332318,999999.9999999999
2025-03-27T21:20:00.000+0000,1111086.0060784798,273459.2755332318,999999.9999999999
2025-03-27T21:30:00.000+0000,1109484.4979108,273459.2755332318,999999.9999999999
2025-03-27T21:40:00.000+0000,1109080.0489290399,273459.2755332318,999999.9999999999
2025-03-27T21:50:00.000+0000,1108622.86297064,273459.2755332318,999999.9999999999
2025-03-27T22:00:00.000+0000,1108594.9109501594,273459.2755332318,999999.9999999999
2025-03-27T22:10:00.000+0000,1109951.5879396,273459.2755332318,999999.9999999999
2025-03-27T22:20:00.000+0000,1110466.0352522396,273459.2755332318,999999.9999999999
2025-03-27T22:30:00.000+0000,1110824.48426344,273459.2755332318,999999.9999999999
2025-03-27T22:40:00.000+0000,1111011.6016496795,273459.2755332318,999999.9999999999
2025-03-27T22:50:00.000+0000,1111083.2914519198,273459.2755332318,999999.9999999999
2025-03-27T23:00:00.000+0000,1112969.2966397598,273459.2755332318,999999.9999999999
2025-03-27T23:10:00.000+0000,1113284.9127447198,273459.2755332318,999999.9999999999
2025-03-27T23:20:00.000+0000,1112469.2777751198,273459.2755332318,999999.9999999999
2025-03-27T23:30:00.000+0000,1111398.00268136,273459.2755332318,999999.9999999999
2025-03-27T23:40:00.000+0000,1114070.33350504,273459.2755332318,999999.9999999999
2025-03-27T23:50:00.000+0000,1113970.23924456,273459.2755332318,999999.9999999999
2025-03-28T00:00:00.000+0000,1114355.28296296,273459.2755332318,999999.9999999999
2025-03-28T00:10:00.000+0000,1115155.1321712795,273459.2755332318,999999.9999999999
2025-03-28T00:20:00.000+0000,1115369.2967024797,273459.2755332318,999999.9999999999
2025-03-28T00:30:00.000+0000,1115812.0542128796,273459.2755332318,999999.9999999999
2025-03-28T00:40:00.000+0000,1114839.06362856,273459.2755332318,999999.9999999999
2025-03-28T00:50:00.000+0000,1112965.67713768,273459.2755332318,999999.9999999999
2025-03-28T01:00:00.000+0000,1113080.1998461601,273459.2755332318,999999.9999999999
2025-03-28T01:10:00.000+0000,1113024.2958052,273459.2755332318,999999.9999999999
2025-03-28T01:20:00.000+0000,1111267.24177384,273459.2755332318,999999.9999999999
2025-03-28T01:30:00.000+0000,1109778.89900136,273459.2755332318,999999.9999999999
2025-03-28T01:40:00.000+0000,1109308.64190824,273459.2755332318,999999.9999999999
2025-03-28T01:50:00.000+0000,1110754.15177448,273459.2755332318,999999.9999999999
2025-03-28T02:00:00.000+0000,1110025.9923683999,273459.2755332318,999999.9999999999
2025-03-28T02:10:00.000+0000,1108953.3599613595,273459.2755332318,999999.9999999999
2025-03-28T02:20:00.000+0000,1109153.5484823193,273459.2755332318,999999.9999999999
2025-03-28T02:30:00.000+0000,1110410.1312112794,273459.2755332318,999999.9999999999
2025-03-28T02:40:00.000+0000,1111066.1483773603,273459.2755332318,999999.9999999999
2025-03-28T02:50:00.000+0000,1111366.4311588,273459.2755332318,999999.9999999999
2025-03-28T03:00:00.000+0000,1113184.3660464797,273459.2755332318,999999.9999999999
2025-03-28T03:10:00.000+0000,1115027.5383280795,273459.2755332318,999999.9999999999
2025-03-28T03:20:00.000+0000,1115341.1173764793,250615.20603323178,999999.9999999999
2025-03-28T03:30:00.000+0000,1113595.3247288,250615.20603323178,999999.9999999999
2025-03-28T03:40:00.000+0000,1112897.83196976,250615.20603323178,999999.9999999999
2025-03-28T03:50:00.000+0000,1112179.5766340797,250615.20603323178,999999.9999999999
2025-03-28T04:00:00.000+0000,1111680.9150827199,250615.20603323178,999999.9999999999
2025-03-28T04:10:00.000+0000,1111795.4377912,250615.20603323178,999999.9999999999
2025-03-28T04:20:00.000+0000,1113108.3769988797,250615.20603323178,999999.9999999999
2025-03-28T04:30:00.000+0000,1115408.7352388797,250615.20603323178,999999.9999999999
2025-03-28T04:40:00.000+0000,1127472.3310353598,250615.20603323178,999999.9999999999
2025-03-28T04:50:00.000+0000,1127974.1596510399,250615.20603323178,999999.9999999999
2025-03-28T05:00:00.000+0000,1129804.7132356798,250615.20603323178,999999.9999999999
2025-03-28T05:10:00.000+0000,1133446.4151416002,250615.20603323178,999999.9999999999
2025-03-28T05:20:00.000+0000,1138344.69977648,250615.20603323178,999999.9999999999
2025-03-28T05:30:00.000+0000,1138544.8882974396,250615.20603323178,999999.9999999999
2025-03-28T05:40:00.000+0000,1140718.1051319996,250615.20603323178,999999.9999999999
2025-03-28T05:50:00.000+0000,1138904.2421841593,250615.20603323178,999999.9999999999
2025-03-28T06:00:00.000+0000,1137270.7100561599,250615.20603323178,999999.9999999999
2025-03-28T06:10:00.000+0000,1136526.7648888,250615.20603323178,999999.9999999999
2025-03-28T06:20:00.000+0000,1137172.42554672,250615.20603323178,999999.9999999999
2025-03-28T06:30:00.000+0000,1137329.32872368,250615.20603323178,999999.9999999999
2025-03-28T06:40:00.000+0000,1138599.88746288,250615.20603323178,999999.9999999999
2025-03-28T06:50:00.000+0000,1139485.8549214397,250615.20603323178,999999.9999999999
2025-03-28T07:00:00.000+0000,1140516.1068599997,250615.20603323178,999999.9999999999
2025-03-28T07:10:00.000+0000,1141291.1711121597,250615.20603323178,999999.9999999999
2025-03-28T07:20:00.000+0000,1140675.7246635198,250615.20603323178,999999.9999999999
2025-03-28T07:30:00.000+0000,1141204.1479863995,250615.20603323178,999999.9999999999
2025-03-28T07:40:00.000+0000,1143197.4864388797,250615.20603323178,999999.9999999999
2025-03-28T07:50:00.000+0000,1144368.40335536,250615.20603323178,999999.9999999999
2025-03-28T08:00:00.000+0000,1141632.3734317597,250615.20603323178,999999.9999999999
2025-03-28T08:10:00.000+0000,1141522.4279585597,448325.59992215974,999999.9999999999
2025-03-28T08:20:00.000+0000,1142093.2089681602,448325.59992215974,999999.9999999999
2025-03-28T08:30:00.000+0000,1143482.6440301596,448325.59992215974,999999.9999999999
2025-03-28T08:40:00.000+0000,1142602.2404169599,448325.59992215974,999999.9999999999
2025-03-28T08:50:00.000+0000,1142495.75917016,448325.59992215974,999999.9999999999
2025-03-28T09:00:00.000+0000,1143221.7888813599,448325.59992215974,999999.9999999999
2025-03-28T09:10:00.000+0000,1144449.9215885596,448325.59992215974,999999.9999999999
2025-03-28T09:20:00.000+0000,1143880.5869209594,448325.59992215974,999999.9999999999
2025-03-28T09:30:00.000+0000,1142382.6527277594,448325.59992215974,999999.9999999999
2025-03-28T09:40:00.000+0000,1144031.7998537598,448325.59992215974,999999.9999999999
2025-03-28T09:50:00.000+0000,1144208.9769985597,448325.59992215974,999999.9999999999
2025-03-28T10:00:00.000+0000,1144160.7810861596,448325.59992215974,999999.9999999999
2025-03-28T10:10:00.000+0000,1144225.9948733598,448325.59992215974,999999.9999999999
2025-03-28T10:20:00.000+0000,1144230.0306421597,448325.59992215974,999999.9999999999
2025-03-28T10:30:00.000+0000,1144052.85349736,448325.59992215974,999999.9999999999
2025-03-28T10:40:00.000+0000,1149034.33062496,448325.59992215974,999999.9999999999
2025-03-28T10:50:00.000+0000,1148333.1220409598,448325.59992215974,999999.9999999999
2025-03-28T11:00:00.000+0000,1149818.0741281598,43681.62462215954,999999.9999999999
2025-03-28T11:10:00.000+0000,1150271.1739983195,43681.62462215954,999999.9999999999
2025-03-28T11:20:00.000+0000,1148085.0133271194,43681.62462215954,999999.9999999999
2025-03-28T11:30:00.000+0000,1148268.7987810394,71498.67756263952,999999.9999999999
2025-03-28T11:40:00.000+0000,1147914.2424531996,71498.67756263952,999999.9999999999
2025-03-28T11:50:00.000+0000,1146999.3478548797,71498.67756263952,999999.9999999999
2025-03-28T12:00:00.000+0000,1146171.4776812796,71498.67756263952,999999.9999999999
2025-03-28T12:10:00.000+0000,1147431.2425624798,71498.67756263952,999999.9999999999
2025-03-28T12:20:00.000+0000,1147160.1794865595,71498.67756263952,999999.9999999999
2025-03-28T12:30:00.000+0000,1149085.2666837596,71498.67756263952,999999.9999999999
2025-03-28T12:40:00.000+0000,1150399.4154230396,71498.67756263952,999999.9999999999
2025-03-28T12:50:00.000+0000,1150272.6368271194,71498.67756263952,999999.9999999999
2025-03-28T13:00:00.000+0000,1150309.7672989597,71498.67756263952,999999.9999999999
2025-03-28T13:10:00.000+0000,1148317.0277669597,71498.67756263952,999999.9999999999
2025-03-28T13:20:00.000+0000,1148009.5404537597,71498.67756263952,999999.9999999999
2025-03-28T13:30:00.000+0000,1149549.0957234395,71498.67756263952,999999.9999999999
2025-03-28T13:40:00.000+0000,1149657.6622007196,71498.67756263952,999999.9999999999
2025-03-28T13:50:00.000+0000,1151566.2022462396,71498.67756263952,999999.9999999999
2025-03-28T14:00:00.000+0000,1152827.1270987196,71498.67756263952,999999.9999999999
2025-03-28T14:10:00.000+0000,1155322.4911091994,71498.67756263952,999999.9999999999
2025-03-28T14:20:00.000+0000,1153345.5924943194,71498.67756263952,999999.9999999999
2025-03-28T14:30:00.000+0000,1154801.6545120797,71498.67756263952,999999.9999999999
2025-03-28T14:40:00.000+0000,1154327.1806950392,71498.67756263952,999999.9999999999
2025-03-28T14:50:00.000+0000,1152847.0041843196,71498.67756263952,999999.9999999999
2025-03-28T15:00:00.000+0000,1153427.6732771196,71498.67756263952,999999.9999999999
2025-03-28T15:10:00.000+0000,1152864.2575705596,71498.67756263952,999999.9999999999
2025-03-28T15:20:00.000+0000,1153080.6842905595,71498.67756263952,999999.9999999999
2025-03-28T15:30:00.000+0000,1151576.8470235998,71498.67756263952,999999.9999999999
2025-03-28T15:40:00.000+0000,1151595.0591422396,71498.67756263952,999999.9999999999
2025-03-28T15:50:00.000+0000,1152402.7997323996,71498.67756263952,999999.9999999999
2025-03-28T16:00:00.000+0000,1151837.9715567194,71498.67756263952,999999.9999999999
2025-03-28T16:10:00.000+0000,1152620.6389215193,71498.67756263952,999999.9999999999
2025-03-28T16:20:00.000+0000,1153039.0639135195,71498.67756263952,999999.9999999999
2025-03-28T16:30:00.000+0000,1153458.9013746395,71498.67756263952,999999.9999999999
2025-03-28T16:40:00.000+0000,1153813.4577024796,71498.67756263952,999999.9999999999
2025-03-28T16:50:00.000+0000,1156028.5263287995,71498.67756263952,999999.9999999999
2025-03-28T17:00:00.000+0000,1156023.0776911997,71498.67756263952,999999.9999999999
2025-03-28T17:10:00.000+0000,1154487.3060921594,71498.67756263952,999999.9999999999
2025-03-28T17:20:00.000+0000,1154356.0375910392,71498.67756263952,999999.9999999999
2025-03-28T17:30:00.000+0000,1155409.0617971993,71498.67756263952,999999.9999999999
2025-03-28T17:40:00.000+0000,1154942.1553214397,71498.67756263952,999999.9999999999
2025-03-28T17:50:00.000+0000,1153377.5268263998,71498.67756263952,999999.9999999999
2025-03-28T18:00:00.000+0000,1152443.0076403194,71498.67756263952,999999.9999999999
2025-03-28T18:10:00.000+0000,1153210.5403225594,71498.67756263952,999999.9999999999
2025-03-28T18:20:00.000+0000,1153927.2203195198,71498.67756263952,999999.9999999999
2025-03-28T18:30:00.000+0000,1153213.6177586396,71498.67756263952,999999.9999999999
2025-03-28T18:40:00.000+0000,1153307.7557879193,71498.67756263952,999999.9999999999
2025-03-28T18:50:00.000+0000,1152746.7112828796,71498.67756263952,999999.9999999999
2025-03-28T19:00:00.000+0000,1152583.5084496797,71498.67756263952,999999.9999999999
2025-03-28T19:10:00.000+0000,1152926.7137655998,71498.67756263952,999999.9999999999
2025-03-28T19:20:00.000+0000,1153777.7396997593,71498.67756263952,999999.9999999999
2025-03-28T19:30:00.000+0000,1153854.3718449594,71498.67756263952,999999.9999999999
2025-03-28T19:40:00.000+0000,1154336.4130032794,71498.67756263952,999999.9999999999
2025-03-28T19:50:00.000+0000,1154086.6394820795,71498.67756263952,999999.9999999999
2025-03-28T20:00:00.000+0000,1151921.4648086398,71498.67756263952,999999.9999999999
2025-03-28T20:10:00.000+0000,1152515.1498803194,71498.67756263952,999999.9999999999
2025-03-28T20:20:00.000+0000,1151718.0540675195,71498.67756263952,999999.9999999999
2025-03-28T20:30:00.000+0000,1151614.9362278394,71498.67756263952,999999.9999999999
2025-03-28T20:40:00.000+0000,1151394.7258371997,71498.67756263952,999999.9999999999
2025-03-28T20:50:00.000+0000,1152843.2205136796,71498.67756263952,999999.9999999999
2025-03-28T21:00:00.000+0000,1154385.1469848799,71498.67756263952,999999.9999999999
2025-03-28T21:10:00.000+0000,1153798.3230199195,71498.67756263952,999999.9999999999
2025-03-28T21:20:00.000+0000,1153530.3373800796,71498.67756263952,999999.9999999999
2025-03-28T21:30:00.000+0000,1152642.8872086399,71498.67756263952,999999.9999999999
2025-03-28T21:40:00.000+0000,1152804.6775727195,71498.67756263952,999999.9999999999
2025-03-28T21:50:00.000+0000,1153450.6277987994,71498.67756263952,999999.9999999999
2025-03-28T22:00:00.000+0000,1151487.4513973594,71498.67756263952,999999.9999999999
2025-03-28T22:10:00.000+0000,1151139.7561762396,71498.67756263952,999999.9999999999
2025-03-28T22:20:00.000+0000,1151848.1625973594,71498.67756263952,999999.9999999999
2025-03-28T22:30:00.000+0000,1150732.2284594395,71498.67756263952,999999.9999999999
2025-03-28T22:40:00.000+0000,1150496.5421594393,71498.67756263952,999999.9999999999
2025-03-28T22:50:00.000+0000,1149657.9709535195,167861.16981746315,999999.9999999999
2025-03-28T23:00:00.000+0000,1149821.1602675433,167861.16981746315,999999.9999999999
2025-03-28T23:10:00.000+0000,1150025.0453688712,167861.16981746315,999999.9999999999
2025-03-28T23:20:00.000+0000,1150304.158179847,167861.16981746315,999999.9999999999
2025-03-28T23:30:00.000+0000,1150259.764073567,167861.16981746315,999999.9999999999
2025-03-28T23:40:00.000+0000,1149943.6537942635,167861.16981746315,999999.9999999999
2025-03-28T23:50:00.000+0000,1149877.475938935,167861.16981746315,999999.9999999999
2025-03-29T00:00:00.000+0000,1149166.3293517032,167861.16981746315,999999.9999999999
2025-03-29T00:10:00.000+0000,1147651.1434808953,167861.16981746315,999999.9999999999
2025-03-29T00:20:00.000+0000,1147818.857722079,167861.16981746315,999999.9999999999
2025-03-29T00:30:00.000+0000,1146925.2036177593,167861.16981746315,999999.9999999999
2025-03-29T00:40:00.000+0000,1146719.2591352551,167861.16981746315,999999.9999999999
2025-03-29T00:50:00.000+0000,1147737.4661474712,167861.16981746315,999999.9999999999
2025-03-29T01:00:00.000+0000,1147290.639095311,167861.16981746315,999999.9999999999
2025-03-29T01:10:00.000+0000,1147041.533279519,167861.16981746315,999999.9999999999
2025-03-29T01:20:00.000+0000,1148389.4110739513,167861.16981746315,999999.9999999999
2025-03-29T01:30:00.000+0000,1147776.1025535993,167861.16981746315,999999.9999999999
2025-03-29T01:40:00.000+0000,1148479.0258946954,167861.16981746315,999999.9999999999
2025-03-29T01:50:00.000+0000,1148359.4040787672,167861.16981746315,999999.9999999999
2025-03-29T02:00:00.000+0000,1147457.1205635034,167861.16981746315,999999.9999999999
2025-03-29T02:10:00.000+0000,1147593.595036511,167861.16981746315,999999.9999999999
2025-03-29T02:20:00.000+0000,1149094.3937962232,167861.16981746315,999999.9999999999
2025-03-29T02:30:00.000+0000,1148925.8529468551,167861.16981746315,999999.9999999999
2025-03-29T02:40:00.000+0000,1150384.7231462712,167861.16981746315,999999.9999999999
2025-03-29T02:50:00.000+0000,1150422.126779407,167861.16981746315,999999.9999999999
2025-03-29T03:00:00.000+0000,1152433.464900623,167861.16981746315,999999.9999999999
2025-03-29T03:10:00.000+0000,1152954.2868894392,167861.16981746315,999999.9999999999
2025-03-29T03:20:00.000+0000,1151825.0874722395,167861.16981746315,999999.9999999999
2025-03-29T03:30:00.000+0000,1150258.1108571992,167861.16981746315,999999.9999999999
2025-03-29T03:40:00.000+0000,1149097.2655070152,167861.16981746315,999999.9999999999
2025-03-29T03:50:00.000+0000,1149124.806956215,167861.16981746315,999999.9999999999
2025-03-29T04:00:00.000+0000,1149199.208057679,167861.16981746315,999999.9999999999
2025-03-29T04:10:00.000+0000,1149794.431147959,167861.16981746315,999999.9999999999
2025-03-29T04:20:00.000+0000,1150762.0801889352,167861.16981746315,999999.9999999999
2025-03-29T04:30:00.000+0000,1150556.135706431,167861.16981746315,999999.9999999999
2025-03-29T04:40:00.000+0000,1150986.1101015112,167861.16981746315,999999.9999999999
2025-03-29T04:50:00.000+0000,1150689.3180252712,167861.16981746315,999999.9999999999
2025-03-29T05:00:00.000+0000,1150762.4863537434,167861.16981746315,999999.9999999999
2025-03-29T05:10:00.000+0000,1151306.3248645992,167861.16981746315,999999.9999999999
2025-03-29T05:20:00.000+0000,1152282.6033165192,167861.16981746315,999999.9999999999
2025-03-29T05:30:00.000+0000,1152257.5274133033,167861.16981746315,999999.9999999999
2025-03-29T05:40:00.000+0000,1151864.5504865511,167861.16981746315,999999.9999999999
2025-03-29T05:50:00.000+0000,1151594.0670865192,167861.16981746315,999999.9999999999
2025-03-29T06:00:00.000+0000,1152065.9700418953,167861.16981746315,999999.9999999999
2025-03-29T06:10:00.000+0000,1153962.211274343,167861.16981746315,999999.9999999999
2025-03-29T06:20:00.000+0000,1153900.964510983,167861.16981746315,999999.9999999999
2025-03-29T06:30:00.000+0000,1153570.4671205832,167861.16981746315,999999.9999999999
2025-03-29T06:40:00.000+0000,1153344.256920823,96282.18783746315,999999.9999999999
2025-03-29T06:50:00.000+0000,1156437.1571196234,96282.18783746315,999999.9999999999
2025-03-29T07:00:00.000+0000,1159843.5407109193,96282.18783746315,999999.9999999999
2025-03-29T07:10:00.000+0000,1160836.3146758634,96282.18783746315,999999.9999999999
2025-03-29T07:20:00.000+0000,1160113.8333736632,96282.18783746315,999999.9999999999
2025-03-29T07:30:00.000+0000,1160048.100751863,96282.18783746315,999999.9999999999
2025-03-29T07:40:00.000+0000,1161940.7123103752,96282.18783746315,999999.9999999999
2025-03-29T07:50:00.000+0000,1163393.751278511,96282.18783746315,999999.9999999999
2025-03-29T08:00:00.000+0000,1160961.386068639,96282.18783746315,999999.9999999999
2025-03-29T08:10:00.000+0000,1159295.3776824472,96282.18783746315,999999.9999999999
2025-03-29T08:20:00.000+0000,1158224.807634199,96282.18783746315,999999.9999999999
2025-03-29T08:30:00.000+0000,1158056.9662348232,96282.18783746315,999999.9999999999
2025-03-29T08:40:00.000+0000,1157244.336888799,96282.18783746315,999999.9999999999
2025-03-29T08:50:00.000+0000,1157523.7823334553,96282.18783746315,999999.9999999999
2025-03-29T09:00:00.000+0000,1156192.0577461112,96282.18783746315,999999.9999999999
2025-03-29T09:10:00.000+0000,1157396.7966833115,223116.1974317032,999999.9999999999
2025-03-29T09:20:00.000+0000,1158142.8321177913,223116.1974317032,999999.9999999999
2025-03-29T09:30:00.000+0000,1158824.2039339114,223116.1974317032,999999.9999999999
2025-03-29T09:40:00.000+0000,1161283.5219542715,223116.1974317032,999999.9999999999
2025-03-29T09:50:00.000+0000,1160626.9193669031,223116.1974317032,999999.9999999999
2025-03-29T10:00:00.000+0000,1160556.2479892715,223116.1974317032,999999.9999999999
2025-03-29T10:10:00.000+0000,1160056.8713704231,223116.1974317032,999999.9999999999
2025-03-29T10:20:00.000+0000,1159863.7795275752,223116.1974317032,999999.9999999999
2025-03-29T10:30:00.000+0000,1161185.8171207192,223116.1974317032,999999.9999999999
2025-03-29T10:40:00.000+0000,1161283.5541584874,223116.1974317032,999999.9999999999
2025-03-29T10:50:00.000+0000,1162676.7481309513,223116.1974317032,999999.9999999999
2025-03-29T11:00:00.000+0000,1163027.2656624154,223116.1974317032,999999.9999999999
2025-03-29T11:10:00.000+0000,1162791.3106075912,321538.5644873113,999999.9999999999
2025-03-29T11:20:00.000+0000,1164418.0708174633,321538.5644873113,999999.9999999999
2025-03-29T11:30:00.000+0000,1166215.2887919433,321538.5644873113,999999.9999999999
2025-03-29T11:40:00.000+0000,1166931.4797704313,321538.5644873113,999999.9999999999
2025-03-29T11:50:00.000+0000,1165382.7509055035,321538.5644873113,999999.9999999999
2025-03-29T12:00:00.000+0000,1164179.8072309433,321538.5644873113,999999.9999999999
2025-03-29T12:10:00.000+0000,1162457.1511591834,321538.5644873113,999999.9999999999
2025-03-29T12:20:00.000+0000,1161787.6148470794,321538.5644873113,999999.9999999999
2025-03-29T12:30:00.000+0000,1161918.5396333912,321538.5644873113,999999.9999999999
2025-03-29T12:40:00.000+0000,1162464.0900436314,321538.5644873113,999999.9999999999
2025-03-29T12:50:00.000+0000,1162550.7949941354,321538.5644873113,999999.9999999999
2025-03-29T13:00:00.000+0000,1160910.8571248315,321538.5644873113,999999.9999999999
2025-03-29T13:10:00.000+0000,1160607.0397433355,321538.5644873113,999999.9999999999
2025-03-29T13:20:00.000+0000,1160009.2960011915,321538.5644873113,999999.9999999999
2025-03-29T13:30:00.000+0000,1160449.7596381595,321538.5644873113,999999.9999999999
2025-03-29T13:40:00.000+0000,1160279.8191793752,321538.5644873113,999999.9999999999
2025-03-29T13:50:00.000+0000,1160060.9720272715,321538.5644873113,999999.9999999999
2025-03-29T14:00:00.000+0000,1160420.4521828953,321538.5644873113,999999.9999999999
2025-03-29T14:10:00.000+0000,1162369.9289028551,321538.5644873113,999999.9999999999
2025-03-29T14:20:00.000+0000,1163144.5519882315,321538.5644873113,999999.9999999999
2025-03-29T14:30:00.000+0000,1162987.2718830553,321538.5644873113,999999.9999999999
2025-03-29T14:40:00.000+0000,1162570.3942321916,321538.5644873113,999999.9999999999
2025-03-29T14:50:00.000+0000,1163982.9941474714,321538.5644873113,999999.9999999999
2025-03-29T15:00:00.000+0000,1163813.0536886873,321538.5644873113,999999.9999999999
2025-03-29T15:10:00.000+0000,1163203.1668987595,321538.5644873113,999999.9999999999
2025-03-29T15:20:00.000+0000,1163177.3288857192,321538.5644873113,999999.9999999999
2025-03-29T15:30:00.000+0000,1163990.9676435674,321538.5644873113,999999.9999999999
2025-03-29T15:40:00.000+0000,1164134.5527834874,321538.5644873113,999999.9999999999
2025-03-29T15:50:00.000+0000,1164102.9933012873,321538.5644873113,999999.9999999999
2025-03-29T16:00:00.000+0000,1163429.4702411355,321538.5644873113,999999.9999999999
2025-03-29T16:10:00.000+0000,1163604.6148632555,321538.5644873113,999999.9999999999
2025-03-29T16:20:00.000+0000,1164764.5561172953,321538.5644873113,999999.9999999999
2025-03-29T16:30:00.000+0000,1163890.0504219835,321538.5644873113,999999.9999999999
2025-03-29T16:40:00.000+0000,1164447.0437705433,321538.5644873113,999999.9999999999
2025-03-29T16:50:00.000+0000,1166090.4510820713,321538.5644873113,999999.9999999999
2025-03-29T17:00:00.000+0000,1166029.0668387834,321538.5644873113,999999.9999999999
2025-03-29T17:10:00.000+0000,1166756.0006461272,273022.9459873113,999999.9999999999
2025-03-29T17:20:00.000+0000,1166671.8692354877,273022.9459873113,999999.9999999999
2025-03-29T17:30:00.000+0000,1162433.1565106155,273022.9459873113,999999.9999999999
2025-03-29T17:40:00.000+0000,1164685.7743135432,273022.9459873113,999999.9999999999
2025-03-29T17:50:00.000+0000,1164898.3390356153,287296.94624443137,999999.9999999999
2025-03-29T18:00:00.000+0000,1163503.7908773676,287296.94624443137,999999.9999999999
2025-03-29T18:10:00.000+0000,1163827.9131119754,287296.94624443137,999999.9999999999
2025-03-29T18:20:00.000+0000,1164131.6335910554,287296.94624443137,999999.9999999999
2025-03-29T18:30:00.000+0000,1162956.3584639356,287296.94624443137,999999.9999999999
2025-03-29T18:40:00.000+0000,1162978.8115970474,287296.94624443137,999999.9999999999
2025-03-29T18:50:00.000+0000,1163078.6556578474,287296.94624443137,999999.9999999999
2025-03-29T19:00:00.000+0000,1164210.2528752715,287296.94624443137,999999.9999999999
2025-03-29T19:10:00.000+0000,1165418.0568384873,287296.94624443137,999999.9999999999
2025-03-29T19:20:00.000+0000,1166357.4743028076,287296.94624443137,999999.9999999999
2025-03-29T19:30:00.000+0000,1167158.4932345995,287296.94624443137,999999.9999999999
2025-03-29T19:40:00.000+0000,1166671.7839137993,287296.94624443137,999999.9999999999
2025-03-29T19:50:00.000+0000,1164959.5973697116,287296.94624443137,999999.9999999999
2025-03-29T20:00:00.000+0000,1165138.6081164556,287296.94624443137,999999.9999999999
2025-03-29T20:10:00.000+0000,1167710.5381850475,287296.94624443137,999999.9999999999
2025-03-29T20:20:00.000+0000,1165912.3172036156,287296.94624443137,999999.9999999999
2025-03-29T20:30:00.000+0000,1164707.6872291756,287296.94624443137,999999.9999999999
2025-03-29T20:40:00.000+0000,1165503.7014479435,301546.25247259147,999999.9999999999
2025-03-29T20:50:00.000+0000,1168246.3205559754,301546.25247259147,999999.9999999999
2025-03-29T21:00:00.000+0000,1166325.6706361114,301546.25247259147,999999.9999999999
2025-03-29T21:10:00.000+0000,1164904.2419594957,301546.25247259147,999999.9999999999
2025-03-29T21:20:00.000+0000,1165171.2633113835,301546.25247259147,999999.9999999999
2025-03-29T21:30:00.000+0000,1166587.5391135993,301546.25247259147,999999.9999999999
2025-03-29T21:40:00.000+0000,1166028.8623828234,301546.25247259147,999999.9999999999
2025-03-29T21:50:00.000+0000,1165159.8429549837,301546.25247259147,999999.9999999999
2025-03-29T22:00:00.000+0000,1165680.3053816794,301546.25247259147,999999.9999999999
2025-03-29T22:10:00.000+0000,1165872.6321670634,301546.25247259147,999999.9999999999
2025-03-29T22:20:00.000+0000,1166265.5594735434,301546.25247259147,999999.9999999999
2025-03-29T22:30:00.000+0000,1165995.1003640636,301546.25247259147,999999.9999999999
2025-03-29T22:40:00.000+0000,1167086.9131045516,301546.25247259147,999999.9999999999
2025-03-29T22:50:00.000+0000,1166686.7265900876,301546.25247259147,999999.9999999999
2025-03-29T23:00:00.000+0000,1166732.4091647677,301546.25247259147,999999.9999999999
2025-03-29T23:10:00.000+0000,1165983.8145199674,301546.25247259147,999999.9999999999
2025-03-29T23:20:00.000+0000,1165713.1807803037,301546.25247259147,999999.9999999999
2025-03-29T23:30:00.000+0000,1165765.0116024474,301546.25247259147,999999.9999999999
2025-03-29T23:40:00.000+0000,1164714.3737556715,301546.25247259147,999999.9999999999
2025-03-29T23:50:00.000+0000,1163535.9240102796,301546.25247259147,999999.9999999999
2025-03-30T00:00:00.000+0000,1164795.3282801996,301546.25247259147,999999.9999999999
2025-03-30T00:10:00.000+0000,1165094.4672074555,301546.25247259147,999999.9999999999
2025-03-30T00:20:00.000+0000,1165723.5914051353,301546.25247259147,999999.9999999999
2025-03-30T00:30:00.000+0000,1167281.8959034237,301546.25247259147,999999.9999999999
2025-03-30T00:40:00.000+0000,1165934.2179389996,301546.25247259147,999999.9999999999
2025-03-30T00:50:00.000+0000,1165388.0171294955,301546.25247259147,999999.9999999999
2025-03-30T01:00:00.000+0000,1163634.7688311115,301546.25247259147,999999.9999999999
2025-03-30T01:10:00.000+0000,1163194.4629878073,301546.25247259147,999999.9999999999
2025-03-30T01:20:00.000+0000,1163460.1939528317,301546.25247259147,999999.9999999999
2025-03-30T01:30:00.000+0000,1163018.3973331035,301546.25247259147,999999.9999999999
2025-03-30T01:40:00.000+0000,1163264.7061882557,301546.25247259147,999999.9999999999
2025-03-30T01:50:00.000+0000,1164222.8307649037,301546.25247259147,999999.9999999999
2025-03-30T02:00:00.000+0000,1162168.0011547357,301546.25247259147,999999.9999999999
2025-03-30T02:10:00.000+0000,1162847.1924966313,301546.25247259147,999999.9999999999
2025-03-30T02:20:00.000+0000,1163212.6701803915,301546.25247259147,999999.9999999999
2025-03-30T02:30:00.000+0000,1162236.1485032074,301546.25247259147,999999.9999999999
2025-03-30T02:40:00.000+0000,1161162.0876698236,301546.25247259147,999999.9999999999
2025-03-30T02:50:00.000+0000,1161245.3126765112,301546.25247259147,999999.9999999999
2025-03-30T03:00:00.000+0000,1160553.1682453835,301546.25247259147,999999.9999999999
2025-03-30T03:10:00.000+0000,1160152.3365374873,301546.25247259147,999999.9999999999
2025-03-30T03:20:00.000+0000,1159953.9139426553,301546.25247259147,999999.9999999999
2025-03-30T03:30:00.000+0000,1160381.1663870397,301546.25247259147,999999.9999999999
2025-03-30T03:40:00.000+0000,1160556.5610889357,301546.25247259147,999999.9999999999
2025-03-30T03:50:00.000+0000,1161028.3737466077,301546.25247259147,999999.9999999999
2025-03-30T04:00:00.000+0000,1161333.8289467995,301546.25247259147,999999.9999999999
2025-03-30T04:10:00.000+0000,1160866.9343415354,301546.25247259147,999999.9999999999
2025-03-30T04:20:00.000+0000,1160822.1689425274,301546.25247259147,999999.9999999999
2025-03-30T04:30:00.000+0000,1160258.6113195915,301546.25247259147,999999.9999999999
2025-03-30T04:40:00.000+0000,1159091.0751263676,301546.25247259147,999999.9999999999
2025-03-30T04:50:00.000+0000,1158533.7517020795,301546.25247259147,999999.9999999999
2025-03-30T05:00:00.000+0000,1158425.1270913435,301546.25247259147,999999.9999999999
2025-03-30T05:10:00.000+0000,1157677.4343444477,301546.25247259147,999999.9999999999
2025-03-30T05:20:00.000+0000,1154913.8783992955,301546.25247259147,999999.9999999999
2025-03-30T05:30:00.000+0000,1154931.3840835355,301546.25247259147,999999.9999999999
2025-03-30T05:40:00.000+0000,1156472.6983748716,301546.25247259147,999999.9999999999
2025-03-30T05:50:00.000+0000,1156795.9570009196,301546.25247259147,999999.9999999999
2025-03-30T06:00:00.000+0000,1155916.5784669996,301546.25247259147,999999.9999999999
2025-03-30T06:10:00.000+0000,1155501.8315801593,301546.25247259147,999999.9999999999
2025-03-30T06:20:00.000+0000,1154047.5551028235,301546.25247259147,999999.9999999999
2025-03-30T06:30:00.000+0000,1154753.7446588557,301546.25247259147,999999.9999999999
2025-03-30T06:40:00.000+0000,1151131.1093474478,301546.25247259147,999999.9999999999
2025-03-30T06:50:00.000+0000,1151134.8190872795,301546.25247259147,999999.9999999999
2025-03-30T07:00:00.000+0000,1152292.4266197914,301546.25247259147,999999.9999999999
2025-03-30T07:10:00.000+0000,1153337.0135711594,301546.25247259147,999999.9999999999
2025-03-30T07:20:00.000+0000,1154255.2135230794,301546.25247259147,999999.9999999999
2025-03-30T07:30:00.000+0000,1154730.1726115919,315427.77421391156,999999.9999999999
2025-03-30T07:40:00.000+0000,1154619.74706276,342698.40664079174,999999.9999999999
2025-03-30T07:50:00.000+0000,1154231.5471713198,342698.40664079174,999999.9999999999
2025-03-30T08:00:00.000+0000,1154037.020437304,342698.40664079174,999999.9999999999
2025-03-30T08:10:00.000+0000,1152986.1683320717,342698.40664079174,999999.9999999999
2025-03-30T08:20:00.000+0000,1153331.9773433679,342698.40664079174,999999.9999999999
2025-03-30T08:30:00.000+0000,1152946.7280695438,342698.40664079174,999999.9999999999
2025-03-30T08:40:00.000+0000,1153822.5196153517,342698.40664079174,999999.9999999999
2025-03-30T08:50:00.000+0000,1153161.151393544,342698.40664079174,999999.9999999999
2025-03-30T09:00:00.000+0000,1152897.5048796237,342698.40664079174,999999.9999999999
2025-03-30T09:10:00.000+0000,1155582.7820379438,342698.40664079174,999999.9999999999
2025-03-30T09:20:00.000+0000,1155573.889657544,342698.40664079174,999999.9999999999
2025-03-30T09:30:00.000+0000,1155581.2960876557,342698.40664079174,999999.9999999999
2025-03-30T09:40:00.000+0000,1156653.1705615278,342698.40664079174,999999.9999999999
2025-03-30T09:50:00.000+0000,1156876.9536517197,342698.40664079174,999999.9999999999
2025-03-30T10:00:00.000+0000,1155603.447792104,342698.40664079174,999999.9999999999
2025-03-30T10:10:00.000+0000,1155467.735688712,342698.40664079174,999999.9999999999
2025-03-30T10:20:00.000+0000,1156659.5279515437,342698.40664079174,999999.9999999999
2025-03-30T10:30:00.000+0000,1158111.0154118799,342698.40664079174,999999.9999999999
2025-03-30T10:40:00.000+0000,1158346.6969556878,342698.40664079174,999999.9999999999
2025-03-30T10:50:00.000+0000,1158989.915788632,342698.40664079174,999999.9999999999
2025-03-30T11:00:00.000+0000,1159194.7624600877,342698.40664079174,999999.9999999999
2025-03-30T11:10:00.000+0000,1158425.2573570479,342698.40664079174,999999.9999999999
2025-03-30T11:20:00.000+0000,1159367.4939642479,342698.40664079174,999999.9999999999
2025-03-30T11:30:00.000+0000,1160128.7835649517,342698.40664079174,999999.9999999999
2025-03-30T11:40:00.000+0000,1160134.3540649838,342698.40664079174,999999.9999999999
2025-03-30T11:50:00.000+0000,1159782.7504131119,342698.40664079174,999999.9999999999
2025-03-30T12:00:00.000+0000,1159360.0698083278,342698.40664079174,999999.9999999999
2025-03-30T12:10:00.000+0000,1159204.6815584558,342698.40664079174,999999.9999999999
2025-03-30T12:20:00.000+0000,1158372.009529416,342698.40664079174,999999.9999999999
2025-03-30T12:30:00.000+0000,1158120.0772366158,342698.40664079174,999999.9999999999
2025-03-30T12:40:00.000+0000,1158949.3571415278,342698.40664079174,999999.9999999999
2025-03-30T12:50:00.000+0000,1157985.6417311276,342698.40664079174,999999.9999999999
2025-03-30T13:00:00.000+0000,1157629.100712312,342698.40664079174,999999.9999999999
2025-03-30T13:10:00.000+0000,1156596.6591068876,342698.40664079174,999999.9999999999
2025-03-30T13:20:00.000+0000,1157099.802449944,342698.40664079174,999999.9999999999
2025-03-30T13:30:00.000+0000,1159111.41934796,342698.40664079174,999999.9999999999
2025-03-30T13:40:00.000+0000,1159140.223106504,342698.40664079174,999999.9999999999
2025-03-30T13:50:00.000+0000,1159533.81665956,342698.40664079174,999999.9999999999
2025-03-30T14:00:00.000+0000,1160173.5626529995,342698.40664079174,999999.9999999999
2025-03-30T14:10:00.000+0000,1159759.1634777682,342698.40664079174,999999.9999999999
2025-03-30T14:20:00.000+0000,1159285.9866423118,342698.40664079174,999999.9999999999
2025-03-30T14:30:00.000+0000,1159731.131960936,342698.40664079174,999999.9999999999
2025-03-30T14:40:00.000+0000,1159660.9152193037,342698.40664079174,999999.9999999999
2025-03-30T14:50:00.000+0000,1160047.2533013837,342698.40664079174,999999.9999999999
2025-03-30T15:00:00.000+0000,1159448.401006792,342698.40664079174,999999.9999999999
2025-03-30T15:10:00.000+0000,1157689.7207974158,342698.40664079174,999999.9999999999
2025-03-30T15:20:00.000+0000,1158034.9706164238,342698.40664079174,999999.9999999999
2025-03-30T15:30:00.000+0000,1158547.1386739279,342698.40664079174,999999.9999999999
2025-03-30T15:40:00.000+0000,1158623.186267144,342698.40664079174,999999.9999999999
2025-03-30T15:50:00.000+0000,1158758.8104009677,342698.40664079174,999999.9999999999
2025-03-30T16:00:00.000+0000,1159145.8734226318,342698.40664079174,999999.9999999999
2025-03-30T16:10:00.000+0000,1159585.4083331758,342698.40664079174,999999.9999999999
2025-03-30T16:20:00.000+0000,1159835.5602913839,342698.40664079174,999999.9999999999
2025-03-30T16:30:00.000+0000,1160811.052772584,342698.40664079174,999999.9999999999
2025-03-30T16:40:00.000+0000,1161408.4588850476,342698.40664079174,999999.9999999999
2025-03-30T16:50:00.000+0000,1162921.8476247117,342698.40664079174,999999.9999999999
2025-03-30T17:00:00.000+0000,1163128.1070650476,342698.40664079174,999999.9999999999
2025-03-30T17:10:00.000+0000,1161192.8469327115,342698.40664079174,999999.9999999999
2025-03-30T17:20:00.000+0000,1160504.9191155918,342698.40664079174,999999.9999999999
2025-03-30T17:30:00.000+0000,1159554.3456232399,342698.40664079174,999999.9999999999
2025-03-30T17:40:00.000+0000,1159737.577460408,342698.40664079174,999999.9999999999
2025-03-30T17:50:00.000+0000,1159874.4079483757,342698.40664079174,999999.9999999999
2025-03-30T18:00:00.000+0000,1158384.4995494,342698.40664079174,999999.9999999999
2025-03-30T18:10:00.000+0000,1158372.056691656,342698.40664079174,999999.9999999999
2025-03-30T18:20:00.000+0000,1157956.8409102317,342698.40664079174,999999.9999999999
2025-03-30T18:30:00.000+0000,1158450.804882664,342698.40664079174,999999.9999999999
2025-03-30T18:40:00.000+0000,1157334.9796375597,342698.40664079174,999999.9999999999
2025-03-30T18:50:00.000+0000,1157279.5460399436,342698.40664079174,999999.9999999999
2025-03-30T19:00:00.000+0000,1155803.334914376,342698.40664079174,999999.9999999999
2025-03-30T19:10:00.000+0000,1156475.4091245357,342698.40664079174,999999.9999999999
2025-03-30T19:20:00.000+0000,1157264.406281448,342698.40664079174,999999.9999999999
2025-03-30T19:30:00.000+0000,1157163.1896795598,342698.40664079174,999999.9999999999
2025-03-30T19:40:00.000+0000,1157702.62008972,342698.40664079174,999999.9999999999
2025-03-30T19:50:00.000+0000,1158268.5404709359,342698.40664079174,999999.9999999999
2025-03-30T20:00:00.000+0000,1157991.3142294958,342698.40664079174,999999.9999999999
2025-03-30T20:10:00.000+0000,1157269.9982043277,342698.40664079174,999999.9999999999
2025-03-30T20:20:00.000+0000,1157674.05156284,342698.40664079174,999999.9999999999
2025-03-30T20:30:00.000+0000,1158232.1683719116,342698.40664079174,999999.9999999999
2025-03-30T20:40:00.000+0000,1158560.015783992,342698.40664079174,999999.9999999999
2025-03-30T20:50:00.000+0000,1158793.6957903118,342698.40664079174,999999.9999999999
2025-03-30T21:00:00.000+0000,1157559.906092328,342698.40664079174,999999.9999999999
2025-03-30T21:10:00.000+0000,1156475.3091645679,342698.40664079174,999999.9999999999
2025-03-30T21:20:00.000+0000,1157167.5632578959,342698.40664079174,999999.9999999999
2025-03-30T21:30:00.000+0000,1157265.25526172,342698.40664079174,999999.9999999999
2025-03-30T21:40:00.000+0000,1158103.97934524,342698.40664079174,999999.9999999999
2025-03-30T21:50:00.000+0000,1159530.161765816,342698.40664079174,999999.9999999999
2025-03-30T22:00:00.000+0000,1160884.7117382316,342698.40664079174,999999.9999999999
2025-03-30T22:10:00.000+0000,1162352.8951511118,342698.40664079174,999999.9999999999
2025-03-30T22:20:00.000+0000,1160827.033977384,342698.40664079174,999999.9999999999
2025-03-30T22:30:00.000+0000,1156789.8120807917,342698.40664079174,999999.9999999999
2025-03-30T22:40:00.000+0000,1156117.1526591757,342698.40664079174,999999.9999999999
2025-03-30T22:50:00.000+0000,1156589.7739993837,342698.40664079174,999999.9999999999
2025-03-30T23:00:00.000+0000,1157549.5231653196,342698.40664079174,999999.9999999999
2025-03-30T23:10:00.000+0000,1157621.4647859437,342698.40664079174,999999.9999999999
2025-03-30T23:20:00.000+0000,1158504.89785364,342698.40664079174,999999.9999999999
2025-03-30T23:30:00.000+0000,1158471.6678589196,342698.40664079174,999999.9999999999
2025-03-30T23:40:00.000+0000,1157653.53189172,342698.40664079174,999999.9999999999
2025-03-30T23:50:00.000+0000,1157250.6006148239,342698.40664079174,999999.9999999999
2025-03-31T00:00:00.000+0000,1156844.2735167597,342698.40664079174,999999.9999999999
2025-03-31T00:10:00.000+0000,1155945.667417208,342698.40664079174,999999.9999999999
2025-03-31T00:20:00.000+0000,1158024.1007792559,342698.40664079174,999999.9999999999
2025-03-31T00:30:00.000+0000,1158812.2739358959,342698.40664079174,999999.9999999999
2025-03-31T00:40:00.000+0000,1161683.3918625675,342698.40664079174,999999.9999999999
2025-03-31T00:50:00.000+0000,1161187.139362424,342698.40664079174,999999.9999999999
2025-03-31T01:00:00.000+0000,1157326.1150349197,342698.40664079174,999999.9999999999
2025-03-31T01:10:00.000+0000,1156472.6928393038,342698.40664079174,999999.9999999999
2025-03-31T01:20:00.000+0000,1154556.4321152717,342698.40664079174,999999.9999999999
2025-03-31T01:30:00.000+0000,1155670.1419740398,342698.40664079174,999999.9999999999
2025-03-31T01:40:00.000+0000,1156373.4224591916,342698.40664079174,999999.9999999999
2025-03-31T01:50:00.000+0000,1156219.0572302477,342698.40664079174,999999.9999999999
2025-03-31T02:00:00.000+0000,1156480.7502682,342698.40664079174,999999.9999999999
2025-03-31T02:10:00.000+0000,1156359.3131157039,342698.40664079174,999999.9999999999
2025-03-31T02:20:00.000+0000,1156458.1161100236,342698.40664079174,999999.9999999999
2025-03-31T02:30:00.000+0000,1157083.3001623438,342698.40664079174,999999.9999999999
2025-03-31T02:40:00.000+0000,1155990.0756621677,342698.40664079174,999999.9999999999
2025-03-31T02:50:00.000+0000,1155840.7505578957,342698.40664079174,999999.9999999999
2025-03-31T03:00:00.000+0000,1156909.2292105998,342698.40664079174,999999.9999999999
2025-03-31T03:10:00.000+0000,1158844.7726361197,342698.40664079174,999999.9999999999
2025-03-31T03:20:00.000+0000,1157387.2737887437,342698.40664079174,999999.9999999999
2025-03-31T03:30:00.000+0000,1157138.6049830639,342698.40664079174,999999.9999999999
2025-03-31T03:40:00.000+0000,1158979.7346800398,342698.40664079174,999999.9999999999
2025-03-31T03:50:00.000+0000,1159622.5784133037,342698.40664079174,999999.9999999999
2025-03-31T04:00:00.000+0000,1158169.770610088,342698.40664079174,999999.9999999999
2025-03-31T04:10:00.000+0000,1158387.0527452077,342698.40664079174,999999.9999999999
2025-03-31T04:20:00.000+0000,1158808.681512136,342698.40664079174,999999.9999999999
2025-03-31T04:30:00.000+0000,1155350.055008632,342698.40664079174,999999.9999999999
2025-03-31T04:40:00.000+0000,1149386.9444565198,342698.40664079174,999999.9999999999
2025-03-31T04:50:00.000+0000,1151349.6873850157,342698.40664079174,999999.9999999999
2025-03-31T05:00:00.000+0000,1150197.633466056,342698.40664079174,999999.9999999999
2025-03-31T05:10:00.000+0000,1148797.348550888,342698.40664079174,999999.9999999999
2025-03-31T05:20:00.000+0000,1147827.1358824559,342698.40664079174,999999.9999999999
2025-03-31T05:30:00.000+0000,1149415.6927594636,342698.40664079174,999999.9999999999
2025-03-31T05:40:00.000+0000,1149070.8186596397,342698.40664079174,999999.9999999999
2025-03-31T05:50:00.000+0000,1148050.2716709035,342698.40664079174,999999.9999999999
2025-03-31T06:00:00.000+0000,1148004.1499178477,342698.40664079174,999999.9999999999
2025-03-31T06:10:00.000+0000,1148273.0540622957,342698.40664079174,999999.9999999999
2025-03-31T06:20:00.000+0000,1148962.2658714,342698.40664079174,999999.9999999999
2025-03-31T06:30:00.000+0000,1149342.894344824,342698.40664079174,999999.9999999999
2025-03-31T06:40:00.000+0000,1148346.7989591437,342698.40664079174,999999.9999999999
2025-03-31T06:50:00.000+0000,1149076.11312068,342698.40664079174,999999.9999999999
2025-03-31T07:00:00.000+0000,1148405.3044173038,342698.40664079174,999999.9999999999
2025-03-31T07:10:00.000+0000,1150548.9432132398,342698.40664079174,999999.9999999999
2025-03-31T07:20:00.000+0000,1153327.1917549039,342698.40664079174,999999.9999999999
2025-03-31T07:30:00.000+0000,1153228.9590439918,342698.40664079174,999999.9999999999
2025-03-31T07:40:00.000+0000,1154890.8045231758,342698.40664079174,999999.9999999999
2025-03-31T07:50:00.000+0000,1153947.2431166638,342698.40664079174,999999.9999999999
2025-03-31T08:00:00.000+0000,1152301.6262042318,342698.40664079174,999999.9999999999
2025-03-31T08:10:00.000+0000,1150656.1052749518,342698.40664079174,999999.9999999999
2025-03-31T08:20:00.000+0000,1150667.2750919438,342698.40664079174,999999.9999999999
2025-03-31T08:30:00.000+0000,1151111.91297684,342698.40664079174,999999.9999999999
2025-03-31T08:40:00.000+0000,1151870.6677270478,342698.40664079174,999999.9999999999
2025-03-31T08:50:00.000+0000,1152465.686251112,342698.40664079174,999999.9999999999
2025-03-31T09:00:00.000+0000,1153462.105597416,342698.40664079174,999999.9999999999
2025-03-31T09:10:00.000+0000,1154098.157688344,342698.40664079174,999999.9999999999
2025-03-31T09:20:00.000+0000,1153581.4494059277,342698.40664079174,999999.9999999999
2025-03-31T09:30:00.000+0000,1154232.7735893999,342698.40664079174,999999.9999999999
2025-03-31T09:40:00.000+0000,1154762.88106388,342698.40664079174,999999.9999999999
2025-03-31T09:50:00.000+0000,1136259.5136094799,342698.40664079174,999999.9999999999
2025-03-31T10:00:00.000+0000,1143867.0304033358,342698.40664079174,999999.9999999999
2025-03-31T10:10:00.000+0000,1147339.4496837838,342698.40664079174,999999.9999999999
2025-03-31T10:20:00.000+0000,1144901.355380856,342698.40664079174,999999.9999999999
2025-03-31T10:30:00.000+0000,1144523.854223576,342698.40664079174,999999.9999999999
2025-03-31T10:40:00.000+0000,1143091.4467470318,342698.40664079174,999999.9999999999
2025-03-31T10:50:00.000+0000,1142575.201533864,342698.40664079174,999999.9999999999
2025-03-31T11:00:00.000+0000,1142905.7569378158,342698.40664079174,999999.9999999999
2025-03-31T11:10:00.000+0000,1143660.8214825517,342698.40664079174,999999.9999999999
2025-03-31T11:20:00.000+0000,1143633.1435026638,342698.40664079174,999999.9999999999
2025-03-31T11:30:00.000+0000,1143013.7910613196,342698.40664079174,999999.9999999999
2025-03-31T11:40:00.000+0000,1141997.739933016,342698.40664079174,999999.9999999999
2025-03-31T11:50:00.000+0000,1140625.7106752237,389471.6365979917,999999.9999999999
2025-03-31T12:00:00.000+0000,1141765.7448976398,389471.6365979917,999999.9999999999
2025-03-31T12:10:00.000+0000,1142617.5043045518,389471.6365979917,999999.9999999999
2025-03-31T12:20:00.000+0000,1142632.1765373677,389471.6365979917,999999.9999999999
2025-03-31T12:30:00.000+0000,1141907.2442475278,389471.6365979917,999999.9999999999
2025-03-31T12:40:00.000+0000,1138945.2749201679,389471.6365979917,999999.9999999999
2025-03-31T12:50:00.000+0000,1138909.333376424,389471.6365979917,999999.9999999999
2025-03-31T13:00:00.000+0000,1139030.0862567758,389471.6365979917,999999.9999999999
2025-03-31T13:10:00.000+0000,1140628.878798696,389471.6365979917,999999.9999999999
2025-03-31T13:20:00.000+0000,1140408.6201666798,389471.6365979917,999999.9999999999
2025-03-31T13:30:00.000+0000,1141170.6531921676,389471.6365979917,999999.9999999999
2025-03-31T13:40:00.000+0000,1143065.0565960556,389471.6365979917,999999.9999999999
2025-03-31T13:50:00.000+0000,1138898.5724120876,389471.6365979917,999999.9999999999
2025-03-31T14:00:00.000+0000,1137389.9258556399,389471.6365979917,999999.9999999999
2025-03-31T14:10:00.000+0000,1136438.5135748559,389471.6365979917,999999.9999999999
2025-03-31T14:20:00.000+0000,1137881.2631710796,389471.6365979917,999999.9999999999
2025-03-31T14:30:00.000+0000,1134511.5354915757,389471.6365979917,999999.9999999999
2025-03-31T14:40:00.000+0000,1134502.7421718638,389471.6365979917,999999.9999999999
2025-03-31T14:50:00.000+0000,1134081.8790119598,412788.45580791164,999999.9999999999
2025-03-31T15:00:00.000+0000,1133849.9608550319,412788.45580791164,999999.9999999999
2025-03-31T15:10:00.000+0000,1134331.4893637998,412788.45580791164,999999.9999999999
2025-03-31T15:20:00.000+0000,1133902.6938548556,412788.45580791164,999999.9999999999
2025-03-31T15:30:00.000+0000,1133963.2008505038,412788.45580791164,999999.9999999999
2025-03-31T15:40:00.000+0000,1133939.0363775599,412788.45580791164,999999.9999999999
2025-03-31T15:50:00.000+0000,1134114.4683396239,412788.45580791164,999999.9999999999
2025-03-31T16:00:00.000+0000,1134656.5038440397,412788.45580791164,999999.9999999999
2025-03-31T16:10:00.000+0000,1135973.9863541676,412788.45580791164,999999.9999999999
2025-03-31T16:20:00.000+0000,1135182.9913568078,412788.45580791164,999999.9999999999
2025-03-31T16:30:00.000+0000,1135142.4364067437,412788.45580791164,999999.9999999999
2025-03-31T16:40:00.000+0000,1135402.5398373997,412788.45580791164,999999.9999999999
2025-03-31T16:50:00.000+0000,1135369.7588831598,412788.45580791164,999999.9999999999
2025-03-31T17:00:00.000+0000,1135534.0469075115,412788.45580791164,999999.9999999999
2025-03-31T17:10:00.000+0000,1135361.9848873357,412788.45580791164,999999.9999999999
2025-03-31T17:20:00.000+0000,1136134.9044366316,412788.45580791164,999999.9999999999
2025-03-31T17:30:00.000+0000,1136351.0829753357,412788.45580791164,999999.9999999999
2025-03-31T17:40:00.000+0000,1138112.9089860558,412788.45580791164,999999.9999999999
2025-03-31T17:50:00.000+0000,1138552.8484327118,412788.45580791164,999999.9999999999
2025-03-31T18:00:00.000+0000,1137826.5728583597,412788.45580791164,999999.9999999999
2025-03-31T18:10:00.000+0000,1137237.0508935277,412788.45580791164,999999.9999999999
2025-03-31T18:20:00.000+0000,1136870.4473511758,412788.45580791164,999999.9999999999
2025-03-31T18:30:00.000+0000,1136446.0558961676,412788.45580791164,999999.9999999999
2025-03-31T18:40:00.000+0000,1136054.4453953998,412788.45580791164,999999.9999999999
2025-03-31T18:50:00.000+0000,1136087.2263496397,412788.45580791164,999999.9999999999
2025-03-31T19:00:00.000+0000,1136302.562402872,412788.45580791164,999999.9999999999
2025-03-31T19:10:00.000+0000,1135987.0068893998,412788.45580791164,999999.9999999999
2025-03-31T19:20:00.000+0000,1136498.7888959916,412788.45580791164,999999.9999999999
2025-03-31T19:30:00.000+0000,1136989.776371528,412788.45580791164,999999.9999999999
2025-03-31T19:40:00.000+0000,1137185.1603791756,412788.45580791164,999999.9999999999
2025-03-31T19:50:00.000+0000,1138036.6623721838,412788.45580791164,999999.9999999999
2025-03-31T20:00:00.000+0000,1137245.667374824,412788.45580791164,999999.9999999999
2025-03-31T20:10:00.000+0000,1137220.6604164075,412788.45580791164,999999.9999999999
2025-03-31T20:20:00.000+0000,1136880.9404299916,412788.45580791164,999999.9999999999
2025-03-31T20:30:00.000+0000,1137122.1259271116,412788.45580791164,999999.9999999999
2025-03-31T20:40:00.000+0000,1137270.8659598157,412788.45580791164,999999.9999999999
2025-03-31T20:50:00.000+0000,1138159.5529609998,412788.45580791164,999999.9999999999
2025-03-31T21:00:00.000+0000,1138058.4910152876,412788.45580791164,999999.9999999999
2025-03-31T21:10:00.000+0000,1137990.2100238157,412788.45580791164,999999.9999999999
2025-03-31T21:20:00.000+0000,1137891.6755345198,412788.45580791164,999999.9999999999
2025-03-31T21:30:00.000+0000,1138221.0940686958,412788.45580791164,999999.9999999999
2025-03-31T21:40:00.000+0000,1138432.8685534636,412788.45580791164,999999.9999999999
2025-03-31T21:50:00.000+0000,1138361.4092466796,412788.45580791164,999999.9999999999
2025-03-31T22:00:00.000+0000,1139085.4249703598,412788.45580791164,999999.9999999999
2025-03-31T22:10:00.000+0000,1139262.733529944,412788.45580791164,999999.9999999999
2025-03-31T22:20:00.000+0000,1140454.7979948397,412788.45580791164,999999.9999999999
2025-03-31T22:30:00.000+0000,1140262.9755556555,412788.45580791164,999999.9999999999
2025-03-31T22:40:00.000+0000,1139799.5224949515,412788.45580791164,999999.9999999999
2025-03-31T22:50:00.000+0000,1139545.3164625997,412788.45580791164,999999.9999999999
2025-03-31T23:00:00.000+0000,1138867.5614607118,412788.45580791164,999999.9999999999
2025-03-31T23:10:00.000+0000,1138188.1214878797,412788.45580791164,999999.9999999999
2025-03-31T23:20:00.000+0000,1139056.8564434797,412788.45580791164,999999.9999999999
2025-03-31T23:30:00.000+0000,1138638.5540133517,412788.45580791164,999999.9999999999
2025-03-31T23:40:00.000+0000,1138616.0745113518,412788.45580791164,999999.9999999999
2025-03-31T23:50:00.000+0000,1138929.9450538796,412788.45580791164,999999.9999999999
2025-04-01T00:00:00.000+0000,1137952.182530168,412788.45580791164,999999.9999999999
2025-04-01T00:10:00.000+0000,1138441.4850347599,412788.45580791164,999999.9999999999
2025-04-01T00:20:00.000+0000,1137995.4565632239,412788.45580791164,999999.9999999999
2025-04-01T00:30:00.000+0000,1138054.2785879278,412788.45580791164,999999.9999999999
2025-04-01T00:40:00.000+0000,1138139.7925419917,412788.45580791164,999999.9999999999
2025-04-01T00:50:00.000+0000,1138318.7860725196,412788.45580791164,999999.9999999999
2025-04-01T01:00:00.000+0000,1138609.9854864718,412788.45580791164,999999.9999999999
2025-04-01T01:10:00.000+0000,1138502.8345158796,412788.45580791164,999999.9999999999
2025-04-01T01:20:00.000+0000,1138571.9579928236,412788.45580791164,999999.9999999999
2025-04-01T01:30:00.000+0000,1138656.6294614158,412788.45580791164,999999.9999999999
2025-04-01T01:40:00.000+0000,1139223.0210653518,412788.45580791164,999999.9999999999
2025-04-01T01:50:00.000+0000,1139387.1174631277,412788.45580791164,999999.9999999999
2025-04-01T02:00:00.000+0000,1138841.7120168237,412788.45580791164,999999.9999999999
2025-04-01T02:10:00.000+0000,1137836.4150782798,412788.45580791164,999999.9999999999
2025-04-01T02:20:00.000+0000,1137874.4425719278,412788.45580791164,999999.9999999999
2025-04-01T02:30:00.000+0000,1138169.2035543437,412788.45580791164,999999.9999999999
2025-04-01T02:40:00.000+0000,1137342.7085197517,412788.45580791164,999999.9999999999
2025-04-01T02:50:00.000+0000,1136875.88551716,412788.45580791164,999999.9999999999
2025-04-01T03:00:00.000+0000,1136302.7540294477,412788.45580791164,999999.9999999999
2025-04-01T03:10:00.000+0000,1135911.9860141517,412788.45580791164,999999.9999999999
2025-04-01T03:20:00.000+0000,1136286.3635523277,412788.45580791164,999999.9999999999
2025-04-01T03:30:00.000+0000,1136693.5220447436,412788.45580791164,999999.9999999999
2025-04-01T03:40:00.000+0000,1137310.7700509839,412788.45580791164,999999.9999999999
2025-04-01T03:50:00.000+0000,1137360.7839678158,412788.45580791164,999999.9999999999
2025-04-01T04:00:00.000+0000,1136537.8505016877,412788.45580791164,999999.9999999999
2025-04-01T04:10:00.000+0000,1136796.2689613998,412788.45580791164,999999.9999999999
2025-04-01T04:20:00.000+0000,1136307.8089422798,412788.45580791164,999999.9999999999
2025-04-01T04:30:00.000+0000,1135870.3969520398,412788.45580791164,999999.9999999999
2025-04-01T04:40:00.000+0000,1135811.5749273356,412788.45580791164,999999.9999999999
2025-04-01T04:50:00.000+0000,1135789.0954253357,412788.45580791164,999999.9999999999
2025-04-01T05:00:00.000+0000,1135863.465441688,412788.45580791164,999999.9999999999
2025-04-01T05:10:00.000+0000,1134935.9084613838,412788.45580791164,999999.9999999999
2025-04-01T05:20:00.000+0000,1135033.6004652076,412788.45580791164,999999.9999999999
2025-04-01T05:30:00.000+0000,1134881.4904906158,412788.45580791164,999999.9999999999
2025-04-01T05:40:00.000+0000,1135551.2798701038,412788.45580791164,999999.9999999999
2025-04-01T05:50:00.000+0000,1136023.3494121036,412788.45580791164,999999.9999999999
2025-04-01T06:00:00.000+0000,1136541.2204435756,412788.45580791164,999999.9999999999
2025-04-01T06:10:00.000+0000,1136078.6098683437,412788.45580791164,999999.9999999999
2025-04-01T06:20:00.000+0000,1135966.2123583439,412788.45580791164,999999.9999999999
2025-04-01T06:30:00.000+0000,1134903.7783660397,412788.45580791164,999999.9999999999
2025-04-01T06:40:00.000+0000,1134468.8938322158,412788.45580791164,999999.9999999999
2025-04-01T06:50:00.000+0000,1134217.4068828558,412788.45580791164,999999.9999999999
2025-04-01T07:00:00.000+0000,1134284.0029033837,412788.45580791164,999999.9999999999
2025-04-01T07:10:00.000+0000,1134615.948893976,412788.45580791164,999999.9999999999
2025-04-01T07:20:00.000+0000,1135285.0874145676,412788.45580791164,999999.9999999999
2025-04-01T07:30:00.000+0000,1135395.7999536237,412788.45580791164,999999.9999999999
2025-04-01T07:40:00.000+0000,1134707.5518729198,412788.45580791164,999999.9999999999
2025-04-01T07:50:00.000+0000,1134565.7433505675,412788.45580791164,999999.9999999999
2025-04-01T08:00:00.000+0000,1133857.734850856,412788.45580791164,999999.9999999999
2025-04-01T08:10:00.000+0000,1132501.3823616076,412788.45580791164,999999.9999999999
2025-04-01T08:20:00.000+0000,1131412.0648133678,412788.45580791164,999999.9999999999
2025-04-01T08:30:00.000+0000,1130646.0767744237,412788.45580791164,999999.9999999999
2025-04-01T08:40:00.000+0000,1131163.1053204238,412788.45580791164,999999.9999999999
2025-04-01T08:50:00.000+0000,1130882.2073587119,412788.45580791164,999999.9999999999
2025-04-01T09:00:00.000+0000,1129840.3762708874,412788.45580791164,999999.9999999999
2025-04-01T09:10:00.000+0000,1129674.4032755918,412788.45580791164,999999.9999999999
2025-04-01T09:20:00.000+0000,1129338.0532310638,412788.45580791164,999999.9999999999
2025-04-01T09:30:00.000+0000,1129692.478723656,412788.45580791164,999999.9999999999
2025-04-01T09:40:00.000+0000,1130874.2417363117,412788.45580791164,999999.9999999999
2025-04-01T09:50:00.000+0000,1130669.3987618957,412788.45580791164,999999.9999999999
2025-04-01T10:00:00.000+0000,1130925.2897651917,412788.45580791164,999999.9999999999
2025-04-01T10:10:00.000+0000,1131045.461271016,412788.45580791164,999999.9999999999
2025-04-01T10:20:00.000+0000,1130992.7282711915,412788.45580791164,999999.9999999999
2025-04-01T10:30:00.000+0000,1131650.5312274958,412788.45580791164,999999.9999999999
2025-04-01T10:40:00.000+0000,1133349.1311595757,412788.45580791164,999999.9999999999
2025-04-01T10:50:00.000+0000,1133787.3856352875,412788.45580791164,999999.9999999999
2025-04-01T11:00:00.000+0000,1135677.8080065518,412788.45580791164,999999.9999999999
2025-04-01T11:10:00.000+0000,1135277.581024488,412788.45580791164,999999.9999999999
2025-04-01T11:20:00.000+0000,1135077.7929629036,412788.45580791164,999999.9999999999
2025-04-01T11:30:00.000+0000,1134876.3199303758,412788.45580791164,999999.9999999999
2025-04-01T11:40:00.000+0000,1135260.3480618957,412788.45580791164,999999.9999999999
2025-04-01T11:50:00.000+0000,1135208.4575475438,412788.45580791164,999999.9999999999
2025-04-01T12:00:00.000+0000,1134377.7500855916,412788.45580791164,999999.9999999999
2025-04-01T12:10:00.000+0000,1133492.4330262959,412788.45580791164,999999.9999999999
2025-04-01T12:20:00.000+0000,1134335.3185380078,412788.45580791164,999999.9999999999
2025-04-01T12:30:00.000+0000,1134364.7295503598,412788.45580791164,999999.9999999999
2025-04-01T12:40:00.000+0000,1135886.2125494317,412788.45580791164,999999.9999999999
2025-04-01T12:50:00.000+0000,1135139.3340705996,412788.45580791164,999999.9999999999
2025-04-01T13:00:00.000+0000,1135192.0670704236,412788.45580791164,999999.9999999999
2025-04-01T13:10:00.000+0000,1134592.0520267757,412788.45580791164,999999.9999999999
2025-04-01T13:20:00.000+0000,1134127.7564805998,412788.45580791164,999999.9999999999
2025-04-01T13:30:00.000+0000,1133780.2624983597,412788.45580791164,999999.9999999999
2025-04-01T13:40:00.000+0000,1131689.8604389357,412788.45580791164,999999.9999999999
2025-04-01T13:50:00.000+0000,1131015.4753789357,412788.45580791164,999999.9999999999
2025-04-01T14:00:00.000+0000,1132412.574444824,412788.45580791164,999999.9999999999
2025-04-01T14:10:00.000+0000,1134017.0439415437,412788.45580791164,999999.9999999999
2025-04-01T14:20:00.000+0000,1132704.6163442477,412788.45580791164,999999.9999999999
2025-04-01T14:30:00.000+0000,1133445.5974247758,412788.45580791164,999999.9999999999
2025-04-01T14:40:00.000+0000,1133040.3155298796,412788.45580791164,999999.9999999999
2025-04-01T14:50:00.000+0000,1131419.4555560397,412788.45580791164,999999.9999999999
2025-04-01T15:00:00.000+0000,1131358.9485603918,412788.45580791164,999999.9999999999
2025-04-01T15:10:00.000+0000,1128627.1340217837,412788.45580791164,999999.9999999999
2025-04-01T15:20:00.000+0000,1129982.6440255598,412788.45580791164,999999.9999999999
2025-04-01T15:30:00.000+0000,1129896.2875860236,412788.45580791164,999999.9999999999
2025-04-01T15:40:00.000+0000,1129046.4705639598,412788.45580791164,999999.9999999999
2025-04-01T15:50:00.000+0000,1129483.8825541998,412788.45580791164,999999.9999999999
2025-04-01T16:00:00.000+0000,1129401.7385420236,412788.45580791164,999999.9999999999
2025-04-01T16:10:00.000+0000,1129582.4170434957,412788.45580791164,999999.9999999999
2025-04-01T16:20:00.000+0000,1130043.9935066798,412788.45580791164,999999.9999999999
2025-04-01T16:30:00.000+0000,1130580.7824716878,412788.45580791164,999999.9999999999
2025-04-01T16:40:00.000+0000,1130657.6799444556,412788.45580791164,999999.9999999999
2025-04-01T16:50:00.000+0000,1130707.6938612878,412788.45580791164,999999.9999999999
2025-04-01T17:00:00.000+0000,1130822.6188277039,412788.45580791164,999999.9999999999
2025-04-01T17:10:00.000+0000,1130005.5827598795,412788.45580791164,999999.9999999999
2025-04-01T17:20:00.000+0000,1130159.3777054157,412788.45580791164,999999.9999999999
2025-04-01T17:30:00.000+0000,1129759.9932088237,412788.45580791164,999999.9999999999
2025-04-01T17:40:00.000+0000,1129663.9861759436,412788.45580791164,999999.9999999999
2025-04-01T17:50:00.000+0000,1130265.6861905355,412788.45580791164,999999.9999999999
2025-04-01T18:00:00.000+0000,1131545.1412070156,412788.45580791164,999999.9999999999
2025-04-01T18:10:00.000+0000,1132338.6636607915,412788.45580791164,999999.9999999999
2025-04-01T18:20:00.000+0000,1132580.6916433836,412788.45580791164,999999.9999999999
2025-04-01T18:30:00.000+0000,1132790.1302983116,412788.45580791164,999999.9999999999
2025-04-01T18:40:00.000+0000,1132926.6922812557,412788.45580791164,999999.9999999999
2025-04-01T18:50:00.000+0000,1132976.7061980877,412788.45580791164,999999.9999999999
2025-04-01T19:00:00.000+0000,1132605.8902283756,412788.45580791164,999999.9999999999
2025-04-01T19:10:00.000+0000,1132613.6642241997,412788.45580791164,999999.9999999999
2025-04-01T19:20:00.000+0000,1133110.7407246158,412788.45580791164,999999.9999999999
2025-04-01T19:30:00.000+0000,1133625.0501876238,412788.45580791164,999999.9999999999
2025-04-01T19:40:00.000+0000,1133137.4326539757,412788.45580791164,999999.9999999999
2025-04-01T19:50:00.000+0000,1133161.5971269195,412788.45580791164,999999.9999999999
2025-04-01T20:00:00.000+0000,1133471.9061009837,412788.45580791164,999999.9999999999
2025-04-01T20:10:00.000+0000,1133094.1586209196,412788.45580791164,999999.9999999999
2025-04-01T20:20:00.000+0000,1133398.5701966798,412788.45580791164,999999.9999999999
2025-04-01T20:30:00.000+0000,1133791.0231829197,412788.45580791164,999999.9999999999
2025-04-01T20:40:00.000+0000,1133618.3103038478,412788.45580791164,999999.9999999999
2025-04-01T20:50:00.000+0000,1132799.5892650797,412788.45580791164,999999.9999999999
2025-04-01T21:00:00.000+0000,1132145.1562506636,412788.45580791164,999999.9999999999
2025-04-01T21:10:00.000+0000,1131724.9772230159,412788.45580791164,999999.9999999999
2025-04-01T21:20:00.000+0000,1131619.5112233676,412788.45580791164,999999.9999999999
2025-04-01T21:30:00.000+0000,1131131.0512042479,412788.45580791164,999999.9999999999
2025-04-01T21:40:00.000+0000,1130948.6877318318,412788.45580791164,999999.9999999999
2025-04-01T21:50:00.000+0000,1131782.1142767756,412788.45580791164,999999.9999999999
2025-04-01T22:00:00.000+0000,1131402.4901991915,412788.45580791164,999999.9999999999
2025-04-01T22:10:00.000+0000,1130989.2426818956,412788.45580791164,999999.9999999999
2025-04-01T22:20:00.000+0000,1130975.3796611915,412788.45580791164,999999.9999999999
2025-04-01T22:30:00.000+0000,1130172.2066140717,412788.45580791164,999999.9999999999
2025-04-01T22:40:00.000+0000,1129960.2405027277,412788.45580791164,999999.9999999999
2025-04-01T22:50:00.000+0000,1129968.8569840237,412788.45580791164,999999.9999999999
2025-04-01T23:00:00.000+0000,1130802.2835289678,412788.45580791164,999999.9999999999
2025-04-01T23:10:00.000+0000,1131305.4490542635,412788.45580791164,999999.9999999999
2025-04-01T23:20:00.000+0000,1130254.1589996717,412788.45580791164,999999.9999999999
2025-04-01T23:30:00.000+0000,1129807.2880426636,412788.45580791164,999999.9999999999
2025-04-01T23:40:00.000+0000,1130478.9540196718,412788.45580791164,999999.9999999999
2025-04-01T23:50:00.000+0000,1130779.8040269676,412788.45580791164,999999.9999999999
2025-04-02T00:00:00.000+0000,1130897.2564498,412788.45580791164,999999.9999999999
2025-04-02T00:10:00.000+0000,1131613.0389453357,412788.45580791164,999999.9999999999
2025-04-02T00:20:00.000+0000,1131639.7308746956,412788.45580791164,999999.9999999999
2025-04-02T00:30:00.000+0000,1131277.5313862797,412788.45580791164,999999.9999999999
2025-04-02T00:40:00.000+0000,1131474.6003648718,412788.45580791164,999999.9999999999
2025-04-02T00:50:00.000+0000,1132233.6568934638,412788.45580791164,999999.9999999999
2025-04-02T01:00:00.000+0000,1133057.6244716397,412788.45580791164,999999.9999999999
2025-04-02T01:10:00.000+0000,1133793.3590127598,412788.45580791164,999999.9999999999
2025-04-02T01:20:00.000+0000,1133418.3306156879,412788.45580791164,999999.9999999999
2025-04-02T01:30:00.000+0000,1132790.5895306317,412788.45580791164,999999.9999999999
2025-04-02T01:40:00.000+0000,1132822.5279993997,412788.45580791164,999999.9999999999
2025-04-02T01:50:00.000+0000,1133076.5424051755,412788.45580791164,999999.9999999999
2025-04-02T02:00:00.000+0000,1133647.1464364717,412788.45580791164,999999.9999999999
2025-04-02T02:10:00.000+0000,1135471.8152726798,412788.45580791164,999999.9999999999
2025-04-02T02:20:00.000+0000,1135433.5961524555,412788.45580791164,999999.9999999999
2025-04-02T02:30:00.000+0000,1134944.2936478637,412788.45580791164,999999.9999999999
2025-04-02T02:40:00.000+0000,1135229.404036936,412788.45580791164,999999.9999999999
2025-04-02T02:50:00.000+0000,1134914.6910089357,412788.45580791164,999999.9999999999
2025-04-02T03:00:00.000+0000,1134157.5110778636,412788.45580791164,999999.9999999999
2025-04-02T03:10:00.000+0000,1132841.7135386798,412788.45580791164,999999.9999999999
2025-04-02T03:20:00.000+0000,1132534.7745065037,412788.45580791164,999999.9999999999
2025-04-02T03:30:00.000+0000,1132348.8494656235,412788.45580791164,999999.9999999999
2025-04-02T03:40:00.000+0000,1132373.8564240397,412788.45580791164,999999.9999999999
2025-04-02T03:50:00.000+0000,1132411.0414322158,412788.45580791164,999999.9999999999
2025-04-02T04:00:00.000+0000,1132237.4860676718,412788.45580791164,999999.9999999999
2025-04-02T04:10:00.000+0000,1132882.4601153196,412788.45580791164,999999.9999999999
2025-04-02T04:20:00.000+0000,1133119.4331850796,412788.45580791164,999999.9999999999
2025-04-02T04:30:00.000+0000,1133537.7356152078,412788.45580791164,999999.9999999999
2025-04-02T04:40:00.000+0000,1133795.3115894478,412788.45580791164,999999.9999999999
2025-04-02T04:50:00.000+0000,1133873.0515476877,412788.45580791164,999999.9999999999
2025-04-02T05:00:00.000+0000,1134017.3875264558,412788.45580791164,999999.9999999999
2025-04-02T05:10:00.000+0000,1135288.2260616398,412788.45580791164,999999.9999999999
2025-04-02T05:20:00.000+0000,1135768.2612260396,412788.45580791164,999999.9999999999
2025-04-02T05:30:00.000+0000,1135983.4056526958,412788.45580791164,999999.9999999999
2025-04-02T05:40:00.000+0000,1137171.2576902318,412788.45580791164,999999.9999999999
2025-04-02T05:50:00.000+0000,1137419.3746977039,412788.45580791164,999999.9999999999
2025-04-02T06:00:00.000+0000,1138043.7458408717,412788.45580791164,999999.9999999999
2025-04-02T06:10:00.000+0000,1137871.6838206956,412788.45580791164,999999.9999999999
2025-04-02T06:20:00.000+0000,1137301.9222748717,412788.45580791164,999999.9999999999
2025-04-02T06:30:00.000+0000,1136529.0027255756,412788.45580791164,999999.9999999999
2025-04-02T06:40:00.000+0000,1136130.4607144557,412788.45580791164,999999.9999999999
2025-04-02T06:50:00.000+0000,1137138.4767359917,412788.45580791164,999999.9999999999
2025-04-02T07:00:00.000+0000,1137351.093706232,412788.45580791164,999999.9999999999
2025-04-02T07:10:00.000+0000,1136390.5641451117,412788.45580791164,999999.9999999999
2025-04-02T07:20:00.000+0000,1135930.6726528718,412788.45580791164,999999.9999999999
2025-04-02T07:30:00.000+0000,1131910.5949899117,412788.45580791164,999999.9999999999
2025-04-02T07:40:00.000+0000,1133329.1394457517,412788.45580791164,999999.9999999999
2025-04-02T07:50:00.000+0000,1134683.1561051598,412788.45580791164,999999.9999999999
2025-04-02T08:00:00.000+0000,1134978.7595730477,412788.45580791164,999999.9999999999
2025-04-02T08:10:00.000+0000,1133725.9964859276,412788.45580791164,999999.9999999999
2025-04-02T08:20:00.000+0000,1132910.6453890477,412788.45580791164,999999.9999999999
2025-04-02T08:30:00.000+0000,1132405.7948928075,412788.45580791164,999999.9999999999
2025-04-02T08:40:00.000+0000,1133107.7143676397,412788.45580791164,999999.9999999999
2025-04-02T08:50:00.000+0000,1133949.7573938798,412788.45580791164,999999.9999999999
2025-04-02T09:00:00.000+0000,1132781.8574019277,412788.45580791164,999999.9999999999
2025-04-02T09:10:00.000+0000,1132253.6849182157,412788.45580791164,999999.9999999999
2025-04-02T09:20:00.000+0000,1131622.3822646956,412788.45580791164,999999.9999999999
2025-04-02T09:30:00.000+0000,1131595.49870876,412788.45580791164,999999.9999999999
2025-04-02T09:40:00.000+0000,1131581.8273146318,412788.45580791164,999999.9999999999
2025-04-02T09:50:00.000+0000,1131468.5873191599,412788.45580791164,999999.9999999999
2025-04-02T10:00:00.000+0000,1132219.8698519277,412788.45580791164,999999.9999999999
2025-04-02T10:10:00.000+0000,1131804.0948782158,412788.45580791164,999999.9999999999
2025-04-02T10:20:00.000+0000,1131623.416376744,412788.45580791164,999999.9999999999
2025-04-02T10:30:00.000+0000,1133150.1459152238,412788.45580791164,999999.9999999999
2025-04-02T10:40:00.000+0000,1133511.5029181675,412788.45580791164,999999.9999999999
2025-04-02T10:50:00.000+0000,1133481.249420344,412788.45580791164,999999.9999999999
2025-04-02T11:00:00.000+0000,1133792.4008798795,412788.45580791164,999999.9999999999
2025-04-02T11:10:00.000+0000,1132991.7552891758,412788.45580791164,999999.9999999999
2025-04-02T11:20:00.000+0000,1133059.1937951758,412788.45580791164,999999.9999999999
2025-04-02T11:30:00.000+0000,1133060.87876612,412788.45580791164,999999.9999999999
2025-04-02T11:40:00.000+0000,1134260.7172268396,412788.45580791164,999999.9999999999
2025-04-02T11:50:00.000+0000,1134826.9172041996,412788.45580791164,999999.9999999999
2025-04-02T12:00:00.000+0000,1134412.8272014318,412788.45580791164,999999.9999999999
2025-04-02T12:10:00.000+0000,1134340.1421560235,412788.45580791164,999999.9999999999
2025-04-02T12:20:00.000+0000,1134415.3546578474,412788.45580791164,999999.9999999999
2025-04-02T12:30:00.000+0000,1133693.6747640076,412788.45580791164,999999.9999999999
2025-04-02T12:40:00.000+0000,1133423.0782545358,412788.45580791164,999999.9999999999
2025-04-02T12:50:00.000+0000,1133015.0772766476,412788.45580791164,999999.9999999999
2025-04-02T13:00:00.000+0000,1132992.5977746476,412788.45580791164,999999.9999999999
2025-04-02T13:10:00.000+0000,1134086.1277502477,412788.45580791164,999999.9999999999
2025-04-02T13:20:00.000+0000,1134322.0667079596,412788.45580791164,999999.9999999999
2025-04-02T13:30:00.000+0000,1132849.104281352,412788.45580791164,999999.9999999999
2025-04-02T13:40:00.000+0000,1129837.2342665037,412788.45580791164,999999.9999999999
2025-04-02T13:50:00.000+0000,1128554.4093081355,412788.45580791164,999999.9999999999
2025-04-02T14:00:00.000+0000,1130383.6738248556,412788.45580791164,999999.9999999999
2025-04-02T14:10:00.000+0000,1131594.8478498636,412788.45580791164,999999.9999999999
2025-04-02T14:20:00.000+0000,1131722.7933515117,412788.45580791164,999999.9999999999
2025-04-02T14:30:00.000+0000,1131869.0059277997,412788.45580791164,999999.9999999999
2025-04-02T14:40:00.000+0000,1131103.8603743277,412788.45580791164,999999.9999999999
2025-04-02T14:50:00.000+0000,1130312.8653769677,412788.45580791164,999999.9999999999
2025-04-02T15:00:00.000+0000,1126830.8024176396,412788.45580791164,999999.9999999999
2025-04-02T15:10:00.000+0000,1127723.050987288,412788.45580791164,999999.9999999999
2025-04-02T15:20:00.000+0000,1128201.2095541677,412788.45580791164,999999.9999999999
2025-04-02T15:30:00.000+0000,1125398.3949410957,412788.45580791164,999999.9999999999
2025-04-02T15:40:00.000+0000,1125796.9369522156,412788.45580791164,999999.9999999999
2025-04-02T15:50:00.000+0000,1127972.8529657037,412788.45580791164,999999.9999999999
2025-04-02T16:00:00.000+0000,1129131.2939908877,412788.45580791164,999999.9999999999
2025-04-02T16:10:00.000+0000,1128165.9011435118,412788.45580791164,999999.9999999999
2025-04-02T16:20:00.000+0000,1128313.6070641677,412788.45580791164,999999.9999999999
2025-04-02T16:30:00.000+0000,1128631.6900340556,412788.45580791164,999999.9999999999
2025-04-02T16:40:00.000+0000,1128857.3275395278,412788.45580791164,999999.9999999999
2025-04-02T16:50:00.000+0000,1128397.4360472877,412788.45580791164,999999.9999999999
2025-04-02T17:00:00.000+0000,1128612.7721005199,412788.45580791164,999999.9999999999
2025-04-02T17:10:00.000+0000,1128378.5181137517,412788.45580791164,999999.9999999999
2025-04-02T17:20:00.000+0000,1129256.0611772237,412788.45580791164,999999.9999999999
2025-04-02T17:30:00.000+0000,1131309.278228472,412788.45580791164,999999.9999999999
2025-04-02T17:40:00.000+0000,1131874.6357203596,412788.45580791164,999999.9999999999
2025-04-02T17:50:00.000+0000,1131621.4638000557,412788.45580791164,999999.9999999999
2025-04-02T18:00:00.000+0000,1131767.4847497677,412788.45580791164,999999.9999999999
2025-04-02T18:10:00.000+0000,1132246.4858021196,412788.45580791164,999999.9999999999
2025-04-02T18:20:00.000+0000,1131825.4642889998,412788.45580791164,999999.9999999999
2025-04-02T18:30:00.000+0000,1131246.0521498318,412788.45580791164,999999.9999999999
2025-04-02T18:40:00.000+0000,1130928.8116654158,412788.45580791164,999999.9999999999
2025-04-02T18:50:00.000+0000,1131689.3615383755,412788.45580791164,999999.9999999999
2025-04-02T19:00:00.000+0000,1131044.7707438795,412788.45580791164,999999.9999999999
2025-04-02T19:10:00.000+0000,1130869.338781816,412788.45580791164,999999.9999999999
2025-04-02T19:20:00.000+0000,1131267.2299340398,412788.45580791164,999999.9999999999
2025-04-02T19:30:00.000+0000,1131259.4559382158,412788.45580791164,999999.9999999999
2025-04-02T19:40:00.000+0000,1131214.3053076398,412788.45580791164,999999.9999999999
2025-04-02T19:50:00.000+0000,1125083.337748648,412788.45580791164,1001463.2053029134
2025-04-02T20:00:00.000+0000,1125470.893355928,412788.45580791164,1000958.7793212394
2025-04-02T20:10:00.000+0000,1104362.3249909198,412788.45580791164,993353.4788388573
2025-04-02T20:20:00.000+0000,1111981.1854425836,412788.45580791164,993872.5162567087
2025-04-02T20:30:00.000+0000,1135856.1342713197,412788.45580791164,984967.5449864719
2025-04-02T20:40:00.000+0000,1145726.4348288237,412788.45580791164,981511.091497816
2025-04-02T20:50:00.000+0000,1144331.1923964396,412788.45580791164,986253.8179126799
2025-04-02T21:00:00.000+0000,1146992.7451095115,412788.45580791164,973386.3322957599
2025-04-02T21:10:00.000+0000,1160383.3610798796,412788.45580791164,970312.7145460143
2025-04-02T21:20:00.000+0000,1165496.4070281517,412788.45580791164,970597.3332766711
2025-04-02T21:30:00.000+0000,1166121.1773317356,412788.45580791164,971617.6570077213
2025-04-02T21:40:00.000+0000,1167251.8789462158,412788.45580791164,972084.3753174548
2025-04-02T21:50:00.000+0000,1173089.0254702317,412788.45580791164,971211.8749612357
2025-04-02T22:00:00.000+0000,1178243.4054847755,412788.45580791164,963377.4803449803
2025-04-02T22:10:00.000+0000,1202550.9771381519,412788.45580791164,951625.2547867014
2025-04-02T22:20:00.000+0000,1202295.2610947757,412788.45580791164,950040.5750163066
2025-04-02T22:30:00.000+0000,1207106.1820565518,412788.45580791164,944669.6351687831
2025-04-02T22:40:00.000+0000,1208962.3783506,412788.45580791164,937923.1171490375
2025-04-02T22:50:00.000+0000,1209012.7921872395,412788.45580791164,936726.5769144958
2025-04-02T23:00:00.000+0000,1214537.5723444235,412788.45580791164,933103.1571837286
2025-04-02T23:10:00.000+0000,1214296.466883224,412788.45580791164,932498.0932778644
2025-04-02T23:20:00.000+0000,1207044.3566764556,412788.45580791164,933348.5387049417
2025-04-02T23:30:00.000+0000,1205277.5532508558,412788.45580791164,937188.5469894563
2025-04-02T23:40:00.000+0000,1208235.2502188394,412788.45580791164,936001.556363288
2025-04-02T23:50:00.000+0000,1209522.0833680877,412788.45580791164,932480.3521445044
2025-04-03T00:00:00.000+0000,1207457.2691619918,412788.45580791164,928203.5536536102
2025-04-03T00:10:00.000+0000,1200202.1790410636,412788.45580791164,935684.8305289027
2025-04-03T00:20:00.000+0000,1197552.5827152235,412788.45580791164,941031.0799726079
2025-04-03T00:30:00.000+0000,1198744.6838107917,412788.45580791164,942645.652968953
2025-04-03T00:40:00.000+0000,1198662.1439355598,412788.45580791164,943084.8460262935
2025-04-03T00:50:00.000+0000,1198081.2417493835,412788.45580791164,942224.5990682694
2025-04-03T01:00:00.000+0000,1199537.7061649677,412788.45580791164,944439.3043697766
2025-04-03T01:10:00.000+0000,1200577.4089567917,412788.45580791164,945167.9973739617
2025-04-03T01:20:00.000+0000,1204116.7589697838,412788.45580791164,944300.9252466105
2025-04-03T01:30:00.000+0000,1204037.7299036556,412788.45580791164,946376.9056731126
2025-04-03T01:40:00.000+0000,1200720.3275703597,412788.45580791164,946649.6167752726
2025-04-03T01:50:00.000+0000,1199953.2420501036,412788.45580791164,948112.4235004545
2025-04-03T02:00:00.000+0000,1203162.6001679758,412788.45580791164,947675.118404485
2025-04-03T02:10:00.000+0000,1205075.4753026476,412788.45580791164,945134.4054385556
2025-04-03T02:20:00.000+0000,1206419.3813769997,412788.45580791164,944974.6663687371
2025-04-03T02:30:00.000+0000,1206591.3492325675,412788.45580791164,946212.2808708625
2025-04-03T02:40:00.000+0000,1207105.3428684396,412788.45580791164,948642.674673182
2025-04-03T02:50:00.000+0000,1206796.6681059597,412788.45580791164,949832.6681946653
2025-04-03T03:00:00.000+0000,1208199.5403695917,412788.45580791164,948965.2803458408
2025-04-03T03:10:00.000+0000,1211602.5674882159,412788.45580791164,948451.2589768169
2025-04-03T03:20:00.000+0000,1209885.5696862158,412788.45580791164,950261.9404491072
2025-04-03T03:30:00.000+0000,1212742.5230735918,412788.45580791164,948492.93119603
2025-04-03T03:40:00.000+0000,1214145.02951012,412788.45580791164,947368.4677995713
2025-04-03T03:50:00.000+0000,1212153.3969718157,412788.45580791164,947565.950143232
2025-04-03T04:00:00.000+0000,1212637.1204432074,412788.45580791164,946994.1090888327
2025-04-03T04:10:00.000+0000,1212801.2976362957,412788.45580791164,947703.2255648207
2025-04-03T04:20:00.000+0000,1217100.8524185517,412788.45580791164,946797.8298832697
2025-04-03T04:30:00.000+0000,1213616.8428977197,412788.45580791164,946381.8954476025
2025-04-03T04:40:00.000+0000,1210368.5206361196,412788.45580791164,949358.5139218825
2025-04-03T04:50:00.000+0000,1211349.1931100076,412788.45580791164,951422.6239850922
2025-04-03T05:00:00.000+0000,1211296.2084117038,412788.45580791164,951283.7557279575
2025-04-03T05:10:00.000+0000,1212496.0668364398,412788.45580791164,950358.4508856803
2025-04-03T05:20:00.000+0000,1214393.1389836236,412788.45580791164,948773.6478279468
2025-04-03T05:30:00.000+0000,1216143.3143623117,412788.45580791164,947242.227909044
2025-04-03T05:40:00.000+0000,1216863.9167388557,412788.45580791164,946976.8316288964
2025-04-03T05:50:00.000+0000,1219254.6479825675,412788.45580791164,944646.960252702
2025-04-03T06:00:00.000+0000,1219209.3698540716,412788.45580791164,944745.5706429962
2025-04-03T06:10:00.000+0000,1222067.8807144715,412788.45580791164,943428.900350616
2025-04-03T06:20:00.000+0000,1222094.4926079116,412788.45580791164,944042.700683563
2025-04-03T06:30:00.000+0000,1224901.7171102476,412788.45580791164,942883.1693824444
2025-04-03T06:40:00.000+0000,1227372.0649097196,412788.45580791164,943076.2687835272
2025-04-03T06:50:00.000+0000,1228548.5205516717,412788.45580791164,939845.6457484326
2025-04-03T07:00:00.000+0000,1227693.135327736,412788.45580791164,941201.9764925995
2025-04-03T07:10:00.000+0000,1229149.8214058478,412788.45580791164,939242.9205816938
2025-04-03T07:20:00.000+0000,1226540.6691988078,412788.45580791164,938927.6736945154
2025-04-03T07:30:00.000+0000,1227683.2297385514,412788.45580791164,940916.0658473982
2025-04-03T07:40:00.000+0000,1230742.8611736717,412788.45580791164,940016.4535276953
2025-04-03T07:50:00.000+0000,1229048.5511669037,412788.45580791164,940363.9959016326
2025-04-03T08:00:00.000+0000,1226022.5732074475,412788.45580791164,943870.0169533708
2025-04-03T08:10:00.000+0000,1229388.9086429197,412788.45580791164,943881.3855999601
2025-04-03T08:20:00.000+0000,1229791.3947162637,412788.45580791164,943632.590559541
2025-04-03T08:30:00.000+0000,1229388.7677757037,412788.45580791164,943685.817992866
2025-04-03T08:40:00.000+0000,1227715.2182072878,412788.45580791164,945250.8094573086
2025-04-03T08:50:00.000+0000,1226534.0560535595,412788.45580791164,944416.0497099134
2025-04-03T09:00:00.000+0000,1225917.395536952,412788.45580791164,944194.6694945002
2025-04-03T09:10:00.000+0000,1229305.7305186954,412788.45580791164,943370.2371406493
2025-04-03T09:20:00.000+0000,1227938.4524569036,412788.45580791164,942844.5123462052
2025-04-03T09:30:00.000+0000,1223946.1083693195,412788.45580791164,943786.5762800185
2025-04-03T09:40:00.000+0000,1222880.7777961357,412788.45580791164,942410.6582761459
2025-04-03T09:50:00.000+0000,1223866.9518052717,412788.45580791164,939918.9843456827
2025-04-03T10:00:00.000+0000,1225012.610624408,412788.45580791164,940321.3547599057
2025-04-03T10:10:00.000+0000,1225469.7529977039,412788.45580791164,941012.2744420241
2025-04-03T10:20:00.000+0000,1228176.8188710955,412788.45580791164,935275.7444696531
2025-04-03T10:30:00.000+0000,1230319.383107368,412788.45580791164,932768.122187567
2025-04-03T10:40:00.000+0000,1234094.8611666798,412788.45580791164,930521.4092367103
2025-04-03T10:50:00.000+0000,1234905.6840090638,412788.45580791164,930881.8249422061
2025-04-03T11:00:00.000+0000,1237857.7819798319,412788.45580791164,929015.1382886532
2025-04-03T11:10:00.000+0000,1239242.0079724237,412788.45580791164,932107.1804031652
2025-04-03T11:20:00.000+0000,1240690.1416978957,412788.45580791164,930868.3719025833
2025-04-03T11:30:00.000+0000,1241668.1458481515,412788.45580791164,930766.9306791007
2025-04-03T11:40:00.000+0000,1240791.5093988078,412788.45580791164,930393.8512287363
2025-04-03T11:50:00.000+0000,1241833.1054548076,412788.45580791164,929905.9999888127
2025-04-03T12:00:00.000+0000,1239295.6675503915,412788.45580791164,928741.7461549654
2025-04-03T12:10:00.000+0000,1239492.5789951119,412788.45580791164,929466.3132634006
2025-04-03T12:20:00.000+0000,1241611.7604126157,412788.45580791164,925003.9095082604
2025-04-03T12:30:00.000+0000,1242873.5866034478,412788.45580791164,923710.5509049452
2025-04-03T12:40:00.000+0000,1244993.29214132,412788.45580791164,911107.7429585059
2025-04-03T12:50:00.000+0000,1249512.8828938636,412788.45580791164,913364.9427822994
2025-04-03T13:00:00.000+0000,1249052.2731167118,412788.45580791164,912343.014670402
2025-04-03T13:10:00.000+0000,1246008.0114159596,412788.45580791164,914541.9220136141
2025-04-03T13:20:00.000+0000,1248518.4074711758,412788.45580791164,913836.3471912085
2025-04-03T13:30:00.000+0000,1239188.0507527597,412788.45580791164,919711.6542921839
2025-04-03T13:40:00.000+0000,1240657.7573661036,412788.45580791164,920917.1976054177
2025-04-03T13:50:00.000+0000,1239667.1959696878,412788.45580791164,922874.9150090104
2025-04-03T14:00:00.000+0000,1241603.7589189357,412788.45580791164,915727.1367333832
2025-04-03T14:10:00.000+0000,1247604.508515704,412788.45580791164,913613.9704821522
2025-04-03T14:20:00.000+0000,1247180.0695986957,412788.45580791164,915238.3576100371
2025-04-03T14:30:00.000+0000,1247717.4493506956,412788.45580791164,914049.9177898106
2025-04-03T14:40:00.000+0000,1251429.241339656,412788.45580791164,911319.6022991197
2025-04-03T14:50:00.000+0000,1253110.7224377678,412788.45580791164,908474.1258222787
2025-04-03T15:00:00.000+0000,1252573.5376097038,412788.45580791164,910314.5129155633
2025-04-03T15:10:00.000+0000,1248090.3284785599,412788.45580791164,911701.02231743
2025-04-03T15:20:00.000+0000,1247686.6353516318,782662.1391625437,915061.1031086706
2025-04-03T15:30:00.000+0000,1246939.8629278878,782662.1391625437,917946.977096312
2025-04-03T15:40:00.000+0000,1246242.5294113518,782662.1391625437,917977.861172934
2025-04-03T15:50:00.000+0000,1247072.3951672078,782662.1391625437,916374.258039665
2025-04-03T16:00:00.000+0000,1245982.0744921118,782662.1391625437,920828.1756984277
2025-04-03T16:10:00.000+0000,1246202.5192650957,782662.1391625437,920100.4076354298
2025-04-03T16:20:00.000+0000,1245217.3024695755,782662.1391625437,921586.0237963982
2025-04-03T16:30:00.000+0000,1245702.0834542797,782662.1391625437,919183.5291238743
2025-04-03T16:40:00.000+0000,1246219.1120002796,782662.1391625437,917912.2080199287
2025-04-03T16:50:00.000+0000,1247476.0882941359,782662.1391625437,915577.967911476
2025-04-03T17:00:00.000+0000,1246235.2357809278,782662.1391625437,916862.8047807944
2025-04-03T17:10:00.000+0000,1246535.8305026158,782662.1391625437,916413.7675794072
2025-04-03T17:20:00.000+0000,1247260.1234243596,782662.1391625437,915069.271578772
2025-04-03T17:30:00.000+0000,1246325.7523996558,782662.1391625437,914910.6946615363
2025-04-03T17:40:00.000+0000,1246355.0565775437,782662.1391625437,919169.3408764633
2025-04-03T17:50:00.000+0000,1246549.1405560477,782662.1391625437,918705.7171628682
2025-04-03T18:00:00.000+0000,1246534.4236390078,782662.1391625437,917662.1935026493
2025-04-03T18:10:00.000+0000,1246919.0496018797,782662.1391625437,916755.8080435775
2025-04-03T18:20:00.000+0000,1245351.6784684155,653043.2119625437,916794.3087663004
2025-04-03T18:30:00.000+0000,1242951.1031462718,653043.2119625437,918514.3443746794
2025-04-03T18:40:00.000+0000,1241510.6629910157,779993.4380684637,923958.2479046171
2025-04-03T18:50:00.000+0000,1241334.2393129598,779993.4380684637,923038.805765917
2025-04-03T19:00:00.000+0000,1241490.5282616958,779993.4380684637,923827.1300173549
2025-04-03T19:10:00.000+0000,1242073.5884500877,779993.4380684637,922379.4091332825
2025-04-03T19:20:00.000+0000,1242379.4713278636,779993.4380684637,922683.0244247138
2025-04-03T19:30:00.000+0000,1242221.0472485996,779993.4380684637,922084.1081176009
2025-04-03T19:40:00.000+0000,1242496.6880394157,779993.4380684637,923962.6067370179
2025-04-03T19:50:00.000+0000,1243036.665041952,779993.4380684637,923868.3350843333
2025-04-03T20:00:00.000+0000,1242532.8168931915,779993.4380684637,922830.1447862829
2025-04-03T20:10:00.000+0000,1242312.3721202076,779993.4380684637,923491.2977849599
2025-04-03T20:20:00.000+0000,1242120.2936160397,779993.4380684637,922134.2669697667
2025-04-03T20:30:00.000+0000,1242726.7712155038,779993.4380684637,922058.1532181622
2025-04-03T20:40:00.000+0000,1241850.5395920398,779993.4380684637,923909.8987631027
2025-04-03T20:50:00.000+0000,1241280.190846352,779993.4380684637,928252.7896930317
2025-04-03T21:00:00.000+0000,1240573.5582250557,779993.4380684637,929176.0208380666
2025-04-03T21:10:00.000+0000,1240791.9975237036,779993.4380684637,929638.7284550399
2025-04-03T21:20:00.000+0000,1239613.2953604078,779993.4380684637,931201.5733372746
2025-04-03T21:30:00.000+0000,1239766.7705819276,779993.4380684637,929708.8564929457
2025-04-03T21:40:00.000+0000,1239504.7791428878,779993.4380684637,929527.4824811583
2025-04-03T21:50:00.000+0000,1237111.5852608639,779993.4380684637,932858.3888976153
2025-04-03T22:00:00.000+0000,1237389.7004805517,779993.4380684637,933715.0636708336
2025-04-03T22:10:00.000+0000,1237401.9429687199,779993.4380684637,934163.373730923
2025-04-03T22:20:00.000+0000,1236428.4997068318,779993.4380684637,933402.1970627299
2025-04-03T22:30:00.000+0000,1234916.4863060156,779993.4380684637,935237.2976995498
2025-04-03T22:40:00.000+0000,1235151.0493853118,779993.4380684637,935137.7066356583
2025-04-03T22:50:00.000+0000,1235462.8190299037,779993.4380684637,934581.1269633066
2025-04-03T23:00:00.000+0000,1236622.4540291438,779993.4380684637,932096.9493159822
2025-04-03T23:10:00.000+0000,1235860.1564354796,779993.4380684637,931120.8895568533
2025-04-03T23:20:00.000+0000,1235342.6589349438,779993.4380684637,932300.2941038616
2025-04-03T23:30:00.000+0000,1234307.0653231437,779993.4380684637,935762.7239072167
2025-04-03T23:40:00.000+0000,1232317.0956135117,779993.4380684637,936008.5058395283
2025-04-03T23:50:00.000+0000,1232512.5864556236,779993.4380684637,937960.9809916237
2025-04-04T00:00:00.000+0000,1232376.7715345516,779993.4380684637,937004.2126061595
2025-04-04T00:10:00.000+0000,1232453.5091453118,779993.4380684637,936721.4748256755
2025-04-04T00:20:00.000+0000,1231034.3571359038,779993.4380684637,937695.842813596
2025-04-04T00:30:00.000+0000,1231544.0920514797,779993.4380684637,938405.9316551914
2025-04-04T00:40:00.000+0000,1232583.5669557597,779993.4380684637,935533.0218682801
2025-04-04T00:50:00.000+0000,1233383.0609684638,779993.4380684637,933517.1540337261
2025-04-04T01:00:00.000+0000,1232384.1948211677,779993.4380684637,933148.6212979357
2025-04-04T01:10:00.000+0000,1231404.8647924638,779993.4380684637,934287.4015770394
2025-04-04T01:20:00.000+0000,1231405.8027015359,779993.4380684637,934141.0697500088
2025-04-04T01:30:00.000+0000,1231863.2849826878,779993.4380684637,932235.2755775384
2025-04-04T01:40:00.000+0000,1232637.3561099838,779993.4380684637,932109.805441409
2025-04-04T01:50:00.000+0000,1233195.4623675037,779993.4380684637,922991.1697254453
2025-04-04T02:00:00.000+0000,1233520.4124093358,779993.4380684637,927330.3255302238
2025-04-04T02:10:00.000+0000,1233479.3346978158,779993.4380684637,931302.3455218122
2025-04-04T02:20:00.000+0000,1233533.5928065756,779993.4380684637,929655.1720308843
2025-04-04T02:30:00.000+0000,1234717.2438276159,779993.4380684637,929669.41656514
2025-04-04T02:40:00.000+0000,1234201.1531906878,779993.4380684637,928951.1434155385
2025-04-04T02:50:00.000+0000,1234506.0981593917,779993.4380684637,927231.6591303023
2025-04-04T03:00:00.000+0000,1234740.1922841517,779993.4380684637,926458.515050098
2025-04-04T03:10:00.000+0000,1235542.1607257277,779993.4380684637,926430.4315169404
2025-04-04T03:20:00.000+0000,1235215.2052095598,779993.4380684637,929415.2533208667
2025-04-04T03:30:00.000+0000,1236132.0455900077,779993.4380684637,926247.4311604303
2025-04-04T03:40:00.000+0000,1235162.0146660637,779993.4380684637,926908.0119273813
2025-04-04T03:50:00.000+0000,1234796.4558672477,779993.4380684637,927487.1664891427
2025-04-04T04:00:00.000+0000,1234838.0025333036,779993.4380684637,926338.6824880269
2025-04-04T04:10:00.000+0000,1235999.1740523435,779993.4380684637,924962.7746612288
2025-04-04T04:20:00.000+0000,1235010.0759643437,779993.4380684637,924499.4170805265
2025-04-04T04:30:00.000+0000,1234875.6679068797,779993.4380684637,927232.8617318245
2025-04-04T04:40:00.000+0000,1234727.6104976397,779993.4380684637,926555.3749945383
2025-04-04T04:50:00.000+0000,1235138.5972549915,779993.4380684637,925551.0183595339
2025-04-04T05:00:00.000+0000,1235394.7019272158,779993.4380684637,924777.8678582831
2025-04-04T05:10:00.000+0000,1234866.3688021197,779993.4380684637,927671.6039756932
2025-04-04T05:20:00.000+0000,1233846.4300164317,779993.4380684637,929156.7698597652
2025-04-04T05:30:00.000+0000,1233289.2616679836,779993.4380684637,931536.0552398383
2025-04-04T05:40:00.000+0000,1233199.8126145196,779993.4380684637,933590.1018960944
2025-04-04T05:50:00.000+0000,1233106.0133140397,779993.4380684637,933465.2382968015
2025-04-04T06:00:00.000+0000,1232653.4798906317,779993.4380684637,934372.528342911
2025-04-04T06:10:00.000+0000,1232791.3002860397,779993.4380684637,934082.564445426
2025-04-04T06:20:00.000+0000,1232980.9043613356,779993.4380684637,934976.9541075648
2025-04-04T06:30:00.000+0000,1233494.5205693915,779993.4380684637,933386.1468332093
2025-04-04T06:40:00.000+0000,1233291.2671423196,779993.4380684637,932801.8886086191
2025-04-04T06:50:00.000+0000,1233043.9926203196,779993.4380684637,932460.6131053853
2025-04-04T07:00:00.000+0000,1232470.2315366878,779993.4380684637,932463.8532120961
2025-04-04T07:10:00.000+0000,1232120.7965185198,779993.4380684637,937169.5028971088
2025-04-04T07:20:00.000+0000,1231689.6750318478,779993.4380684637,938863.7125006416
2025-04-04T07:30:00.000+0000,1231539.6121482716,779993.4380684637,938999.573015423
2025-04-04T07:40:00.000+0000,1231028.4703690878,779993.4380684637,940731.6207952152
2025-04-04T07:50:00.000+0000,1230993.7483789197,779993.4380684637,944151.8924469823
2025-04-04T08:00:00.000+0000,1228998.3608570078,19321.401268463705,944331.5610316761
2025-04-04T08:10:00.000+0000,1227876.5506244078,19321.401268463705,946955.6047622875
2025-04-04T08:20:00.000+0000,1238254.5449117436,19321.401268463705,948840.829910445
2025-04-04T08:30:00.000+0000,1240409.6056228317,19321.401268463705,948065.4794823776
2025-04-04T08:40:00.000+0000,1247631.1056773276,19321.401268463705,949434.7685249449
2025-04-04T08:50:00.000+0000,1251119.3789344397,19321.401268463705,949589.3144131303
2025-04-04T09:00:00.000+0000,1236489.309680584,19321.401268463705,947681.0753667509
2025-04-04T09:10:00.000+0000,1215355.8029222633,19321.401268463705,948959.4832030961
2025-04-04T09:20:00.000+0000,1212895.8296465278,19321.401268463705,948766.2144049043
2025-04-04T09:30:00.000+0000,1217755.3201215835,19321.401268463705,948344.8589752082
2025-04-04T09:40:00.000+0000,1227277.2456122795,19321.401268463705,951672.8597687094
2025-04-04T09:50:00.000+0000,1228593.424566088,19321.401268463705,952602.4304279138
2025-04-04T10:00:00.000+0000,1236130.8586609915,19321.401268463705,944457.9046691856
2025-04-04T10:10:00.000+0000,1233964.0892243837,19321.401268463705,939087.1460055717
2025-04-04T10:20:00.000+0000,1230694.570773312,19321.401268463705,930905.8986499724
2025-04-04T10:30:00.000+0000,1231271.3780280554,19321.401268463705,931325.3846390793
2025-04-04T10:40:00.000+0000,1226897.7627016716,146206.88490982365,927401.964674145
2025-04-04T10:50:00.000+0000,1231088.448818592,146206.88490982365,923731.4924741515
2025-04-04T11:00:00.000+0000,1233532.3788092316,146206.88490982365,922712.3107830344
2025-04-04T11:10:00.000+0000,1230668.1927925916,146206.88490982365,921829.5832835839
2025-04-04T11:20:00.000+0000,1229970.0310291837,146206.88490982365,915187.5528452463
2025-04-04T11:30:00.000+0000,1231644.70909408,146206.88490982365,915493.7387214443
2025-04-04T11:40:00.000+0000,1234438.3335751437,146206.88490982365,916238.560447369
2025-04-04T11:50:00.000+0000,1246284.5228061276,146206.88490982365,920713.0045173445
2025-04-04T12:00:00.000+0000,1267937.6321495676,146206.88490982365,921878.6788652528
2025-04-04T12:10:00.000+0000,1258048.5566140716,146206.88490982365,921500.8645587834
2025-04-04T12:20:00.000+0000,1262108.8157860874,146206.88490982365,919500.3101183767
2025-04-04T12:30:00.000+0000,1261552.5055206236,146206.88490982365,920549.3426638437
2025-04-04T12:40:00.000+0000,1267535.9146608636,146206.88490982365,922229.112893326
2025-04-04T12:50:00.000+0000,1273409.4007199756,146206.88490982365,924398.191605422
2025-04-04T13:00:00.000+0000,1266581.7980352878,146206.88490982365,927556.010142419
2025-04-04T13:10:00.000+0000,1274093.0050586476,146206.88490982365,926221.7032417362
2025-04-04T13:20:00.000+0000,1280263.2843730554,146206.88490982365,924178.6586073645
2025-04-04T13:30:00.000+0000,1282470.4661638956,146206.88490982365,920709.4658238565
2025-04-04T13:40:00.000+0000,1278106.1201061597,146206.88490982365,919389.538012852
2025-04-04T13:50:00.000+0000,1280034.1092699277,146206.88490982365,925682.0416394549
2025-04-04T14:00:00.000+0000,1276146.1031751193,146206.88490982365,928444.3205566688
2025-04-04T14:10:00.000+0000,1286958.2451562237,146206.88490982365,928120.3024185807
2025-04-04T14:20:00.000+0000,1280443.6393335676,146206.88490982365,930259.4726391146
2025-04-04T14:30:00.000+0000,1272542.8373357274,146206.88490982365,927779.921083811
2025-04-04T14:40:00.000+0000,1274144.1901278077,146206.88490982365,922826.2952005002
2025-04-04T14:50:00.000+0000,1281821.8134515355,146206.88490982365,921900.5797521913
2025-04-04T15:00:00.000+0000,1278762.7851934875,146206.88490982365,935066.8552124827
2025-04-04T15:10:00.000+0000,1279574.2025498794,146206.88490982365,942758.13316659
2025-04-04T15:20:00.000+0000,1259757.4780323517,146206.88490982365,941624.6189540843
2025-04-04T15:30:00.000+0000,1270824.0285137035,146206.88490982365,934756.8912850996
2025-04-04T15:40:00.000+0000,1272953.2454763434,146206.88490982365,934334.0853288358
2025-04-04T15:50:00.000+0000,1278779.9765393997,146206.88490982365,937231.5096835515
2025-04-04T16:00:00.000+0000,1277352.9621249516,146206.88490982365,937757.7844507704
2025-04-04T16:10:00.000+0000,1273074.263654288,146206.88490982365,939214.734929139
2025-04-04T16:20:00.000+0000,1276392.1304856876,146206.88490982365,934192.8552598319
2025-04-04T16:30:00.000+0000,1272996.8774428235,146206.88490982365,935794.6650569297
2025-04-04T16:40:00.000+0000,1269605.9746469758,146206.88490982365,938729.8359227988
2025-04-04T16:50:00.000+0000,1268158.0672403034,146206.88490982365,943547.0816618535
2025-04-04T17:00:00.000+0000,1271263.1720575916,146206.88490982365,943552.0349313549
2025-04-04T17:10:00.000+0000,1279350.6645834316,146206.88490982365,940497.9518926397
2025-04-04T17:20:00.000+0000,1274023.8705405435,146206.88490982365,944038.6213984409
2025-04-04T17:30:00.000+0000,1268607.3381358234,146206.88490982365,947105.0897257556
2025-04-04T17:40:00.000+0000,1263229.7281582316,146206.88490982365,954457.3126990942
2025-04-04T17:50:00.000+0000,1267196.4475020235,146206.88490982365,958212.966100578
2025-04-04T18:00:00.000+0000,1268977.6363101033,146206.88490982365,954706.5100375549
2025-04-04T18:10:00.000+0000,1274633.1818612157,146206.88490982365,952171.6801472104
2025-04-04T18:20:00.000+0000,1276839.6852152396,146206.88490982365,951656.3334080423
2025-04-04T18:30:00.000+0000,1278708.02829408,146206.88490982365,950584.4670215363
2025-04-04T18:40:00.000+0000,1274950.1598358077,146206.88490982365,951268.1128850161
2025-04-04T18:50:00.000+0000,1278843.3742606158,146206.88490982365,951187.1307950346
2025-04-04T19:00:00.000+0000,1279888.0574948955,146206.88490982365,949653.4769214219
2025-04-04T19:10:00.000+0000,1277299.2229607035,146206.88490982365,953845.759994601
2025-04-04T19:20:00.000+0000,1276193.9258963116,146206.88490982365,955068.7169150616
2025-04-04T19:30:00.000+0000,1277745.5803089277,146206.88490982365,955741.453253414
2025-04-04T19:40:00.000+0000,1279712.9608543594,146206.88490982365,955103.8076152483
2025-04-04T19:50:00.000+0000,1273635.8322397273,146206.88490982365,953480.1176340133
2025-04-04T20:00:00.000+0000,1275624.5448958077,146206.88490982365,954267.7715675731
2025-04-04T20:10:00.000+0000,1274207.767495192,146206.88490982365,950335.9505088213
2025-04-04T20:20:00.000+0000,1276000.8096629917,146206.88490982365,952005.543165794
2025-04-04T20:30:00.000+0000,1274183.2825188558,146206.88490982365,954871.5605235255
2025-04-04T20:40:00.000+0000,1276383.9989261439,146206.88490982365,957585.364051792
2025-04-04T20:50:00.000+0000,1271137.1751857914,146206.88490982365,958800.4223732129
2025-04-04T21:00:00.000+0000,1272281.255179,146206.88490982365,957611.2819632433
2025-04-04T21:10:00.000+0000,1271966.542151,146206.88490982365,958435.8499278091
2025-04-04T21:20:00.000+0000,1271808.5370362957,146206.88490982365,957566.5945074799
2025-04-04T21:30:00.000+0000,1275632.9859175836,146206.88490982365,955962.9500936198
2025-04-04T21:40:00.000+0000,1281174.0188221599,146206.88490982365,959668.2484349161
2025-04-04T21:50:00.000+0000,1281639.2636882719,146206.88490982365,958059.4287879122
2025-04-04T22:00:00.000+0000,1288649.436290088,146206.88490982365,957042.7999924312
2025-04-04T22:10:00.000+0000,1291255.7216424476,146206.88490982365,958595.8508557754
2025-04-04T22:20:00.000+0000,1290369.2530051516,146206.88490982365,959817.0072230846
2025-04-04T22:30:00.000+0000,1293626.9749609753,146206.88490982365,958862.187619939
2025-04-04T22:40:00.000+0000,1296035.035570096,146206.88490982365,958430.9159393059
2025-04-04T22:50:00.000+0000,1295937.4348032235,146206.88490982365,958093.336444792
2025-04-04T23:00:00.000+0000,1298756.6618158636,146206.88490982365,955418.4965167381
2025-04-04T23:10:00.000+0000,1305688.2209887754,146206.88490982365,954500.7185245405
2025-04-04T23:20:00.000+0000,1309933.3448606236,146206.88490982365,952641.3895833173
2025-04-04T23:30:00.000+0000,1307882.4020285436,146206.88490982365,952152.2663178584
2025-04-04T23:40:00.000+0000,1306281.6978371677,146206.88490982365,952660.5421089557
2025-04-04T23:50:00.000+0000,1304964.1375493119,146206.88490982365,955175.1889521255
2025-04-05T00:00:00.000+0000,1298959.1868161438,146206.88490982365,952937.6592264371
2025-04-05T00:10:00.000+0000,1293316.0932354797,146206.88490982365,953446.183219797
2025-04-05T00:20:00.000+0000,1287019.3779308477,146206.88490982365,953491.0950091453
2025-04-05T00:30:00.000+0000,1284285.0402423756,146206.88490982365,952655.6770078901
2025-04-05T00:40:00.000+0000,1287785.0080363676,146206.88490982365,951424.3487110429
2025-04-05T00:50:00.000+0000,1284547.4707998396,146206.88490982365,953317.2727714074
2025-04-05T01:00:00.000+0000,1274787.7746379753,146206.88490982365,955177.3888789422
2025-04-05T01:10:00.000+0000,1277733.4376408397,146206.88490982365,955167.3927318417
2025-04-05T01:20:00.000+0000,1275629.8530458878,146206.88490982365,955858.5557870435
2025-04-05T01:30:00.000+0000,1277043.6870630956,146206.88490982365,956445.7279425795
2025-04-05T01:40:00.000+0000,1282486.4706000956,146206.88490982365,954129.7044277112
2025-04-05T01:50:00.000+0000,1285730.0742496077,146206.88490982365,953980.1742932773
2025-04-05T02:00:00.000+0000,1287575.7581802798,146206.88490982365,952494.6722978652
2025-04-05T02:10:00.000+0000,1297559.7804076078,146206.88490982365,952207.693883782
2025-04-05T02:20:00.000+0000,1297086.3838280875,146206.88490982365,950334.8279913858
2025-04-05T02:30:00.000+0000,1295259.0886246557,146206.88490982365,950005.13073929
2025-04-05T02:40:00.000+0000,1294898.0895551357,146206.88490982365,952177.7875206629
2025-04-05T02:50:00.000+0000,1301203.2458815435,146206.88490982365,950895.6858040409
2025-04-05T03:00:00.000+0000,1302827.3674839917,146206.88490982365,949883.8537944807
2025-04-05T03:10:00.000+0000,1303469.2156743277,146206.88490982365,949828.6738406679
2025-04-05T03:20:00.000+0000,1304793.6006380718,146206.88490982365,948630.1443748679
2025-04-05T03:30:00.000+0000,1306802.9968040953,146206.88490982365,948938.7121755845
2025-04-05T03:40:00.000+0000,1305491.1138007757,146206.88490982365,949468.142100531
2025-04-05T03:50:00.000+0000,1305922.9637142397,146206.88490982365,948357.0770844361
2025-04-05T04:00:00.000+0000,1307983.3852972477,146206.88490982365,948750.05120799
2025-04-05T04:10:00.000+0000,1302188.4328409515,146206.88490982365,950043.9981224353
2025-04-05T04:20:00.000+0000,1301682.7887001354,146206.88490982365,950053.9242910886
2025-04-05T04:30:00.000+0000,1304719.9860568878,146206.88490982365,950266.2550229637
2025-04-05T04:40:00.000+0000,1302933.1997903595,146206.88490982365,948780.7913659071
2025-04-05T04:50:00.000+0000,1302752.0367368395,146206.88490982365,947012.7928167926
2025-04-05T05:00:00.000+0000,1303550.77248664,146206.88490982365,947157.7086995833
2025-04-05T05:10:00.000+0000,1300880.4609662234,146206.88490982365,948285.4164953562
2025-04-05T05:20:00.000+0000,1302485.6950507837,146206.88490982365,949906.5294707783
2025-04-05T05:30:00.000+0000,1305130.5836857916,146206.88490982365,949547.2917200519
2025-04-05T05:40:00.000+0000,1302126.7812816873,146206.88490982365,949070.0876283913
2025-04-05T05:50:00.000+0000,1303099.4662806715,146206.88490982365,948300.5739067807
2025-04-05T06:00:00.000+0000,1306427.5701259035,146206.88490982365,948239.4304803615
2025-04-05T06:10:00.000+0000,1302611.5622663915,146206.88490982365,949315.7647762874
2025-04-05T06:20:00.000+0000,1305660.6129828636,146206.88490982365,948817.852016354
2025-04-05T06:30:00.000+0000,1308691.9235727997,146206.88490982365,947842.7472287777
2025-04-05T06:40:00.000+0000,1309661.6950244876,146206.88490982365,944798.8572875422
2025-04-05T06:50:00.000+0000,1307613.017139,146206.88490982365,945500.7840800824
2025-04-05T07:00:00.000+0000,1308372.4711693358,146206.88490982365,946170.7659668815
2025-04-05T07:10:00.000+0000,1309627.621635024,146206.88490982365,945578.6640975869
2025-04-05T07:20:00.000+0000,1308934.1694109677,146206.88490982365,946610.3830267809
2025-04-05T07:30:00.000+0000,1307207.2387116475,146206.88490982365,946928.7185899094
2025-04-05T07:40:00.000+0000,1302277.7820743355,146206.88490982365,947235.5327253193
2025-04-05T07:50:00.000+0000,1302709.163033263,146206.88490982365,948880.538725456
2025-04-05T08:00:00.000+0000,1301364.0945595761,146206.88490982365,949727.9292451185
2025-04-05T08:10:00.000+0000,1304328.2559518795,146206.88490982365,948110.4316041779
2025-04-05T08:20:00.000+0000,1302242.1221750954,146206.88490982365,947432.7950458571
2025-04-05T08:30:00.000+0000,1303725.4799987276,146206.88490982365,948004.6602282922
2025-04-05T08:40:00.000+0000,1304506.4756219916,146206.88490982365,949652.4488234044
2025-04-05T08:50:00.000+0000,1304641.3526339917,146206.88490982365,949591.6819751238
2025-04-05T09:00:00.000+0000,1307039.1762292795,146206.88490982365,949893.1627483653
2025-04-05T09:10:00.000+0000,1306650.6689739276,146206.88490982365,951736.8893670221
2025-04-05T09:20:00.000+0000,1307822.2571529679,146206.88490982365,951600.0240327487
2025-04-05T09:30:00.000+0000,1303353.0166979353,146206.88490982365,951126.4580532373
2025-04-05T09:40:00.000+0000,1301820.4294493755,146206.88490982365,951849.1985756829
2025-04-05T09:50:00.000+0000,1302420.7309736556,146206.88490982365,952888.9495683296
2025-04-05T10:00:00.000+0000,1304374.9311218476,146206.88490982365,952806.3403198329
2025-04-05T10:10:00.000+0000,1302695.2243731194,146206.88490982365,951836.0639225519
2025-04-05T10:20:00.000+0000,1304806.781035312,146206.88490982365,951169.7764526054
2025-04-05T10:30:00.000+0000,1307051.5983636158,146206.88490982365,950571.0231036956
2025-04-05T10:40:00.000+0000,1307987.2964258397,146206.88490982365,949499.7203815674
2025-04-05T10:50:00.000+0000,1307266.6253243196,146206.88490982365,950220.414831476
2025-04-05T11:00:00.000+0000,1312006.9468408718,146206.88490982365,949285.052225217
2025-04-05T11:10:00.000+0000,1310564.9560371276,146206.88490982365,946426.2464969498
2025-04-05T11:20:00.000+0000,1309547.3120341438,146206.88490982365,947187.3690067416
2025-04-05T11:30:00.000+0000,1311505.3934748154,146206.88490982365,945317.3974870758
2025-04-05T11:40:00.000+0000,1314146.6901257117,146206.88490982365,945588.946454512
2025-04-05T11:50:00.000+0000,1318025.5767619277,146206.88490982365,946036.1678192774
2025-04-05T12:00:00.000+0000,1317807.1374632795,146206.88490982365,945055.6374678515
2025-04-05T12:10:00.000+0000,1318734.3945037278,146206.88490982365,945181.2300775272
2025-04-05T12:20:00.000+0000,1318914.2305197278,146206.88490982365,943747.6738315469
2025-04-05T12:30:00.000+0000,1319039.8084269678,146206.88490982365,942108.9714307429
2025-04-05T12:40:00.000+0000,1322234.1826515514,146206.88490982365,939109.515654471
2025-04-05T12:50:00.000+0000,1322096.8312106796,146206.88490982365,939172.9018801653
2025-04-05T13:00:00.000+0000,1325491.2261705596,146206.88490982365,938613.1729524159
2025-04-05T13:10:00.000+0000,1331235.5423383198,146206.88490982365,935936.5083431746
2025-04-05T13:20:00.000+0000,1335798.7915761117,146206.88490982365,934461.8440789343
2025-04-05T13:30:00.000+0000,1337333.1748167276,146206.88490982365,934352.5578782383
2025-04-05T13:40:00.000+0000,1337706.0272459676,146206.88490982365,931390.7754509377
2025-04-05T13:50:00.000+0000,1343285.3041408556,146206.88490982365,931911.0264433194
2025-04-05T14:00:00.000+0000,1342522.3281103754,146206.88490982365,933138.2159487475
2025-04-05T14:10:00.000+0000,1345546.6343782553,146206.88490982365,932394.5534153109
2025-04-05T14:20:00.000+0000,1348882.1316739917,146206.88490982365,933260.6386716593
2025-04-05T14:30:00.000+0000,1352935.6459962076,146206.88490982365,933492.0723584506
2025-04-05T14:40:00.000+0000,1354633.7414721756,146206.88490982365,935018.4081905985
2025-04-05T14:50:00.000+0000,1354815.3734802315,146206.88490982365,935516.0639215629
2025-04-05T15:00:00.000+0000,1354791.0979861757,146206.88490982365,933283.3920799596
2025-04-05T15:10:00.000+0000,1361901.3457837356,146206.88490982365,932467.0845278181
2025-04-05T15:20:00.000+0000,1365192.1733838397,146206.88490982365,931591.1374204337
2025-04-05T15:30:00.000+0000,1364962.6389883757,146206.88490982365,931312.1926795295
2025-04-05T15:40:00.000+0000,1366016.621327416,146206.88490982365,929251.7314778368
2025-04-05T15:50:00.000+0000,1366918.455482456,146206.88490982365,930418.5199816141
2025-04-05T16:00:00.000+0000,1367782.5444378317,146206.88490982365,931405.2925391324
2025-04-05T16:10:00.000+0000,1368051.6200250157,146206.88490982365,932809.5672023947
2025-04-05T16:20:00.000+0000,1367766.8896117199,146206.88490982365,931901.3280870621
2025-04-05T16:30:00.000+0000,1367416.985639016,146206.88490982365,933372.0883656187
2025-04-05T16:40:00.000+0000,1366637.7860078076,146206.88490982365,933062.4653608956
2025-04-05T16:50:00.000+0000,1361587.3111925519,146206.88490982365,931960.9003645934
2025-04-05T17:00:00.000+0000,1361824.619423968,902270.6641182239,932007.0654171957
2025-04-05T17:10:00.000+0000,1357976.0167612317,10242.070918224046,932142.2435500814
2025-04-05T17:20:00.000+0000,1355238.9835708877,10242.070918224046,933714.6388366234
2025-04-05T17:30:00.000+0000,1354729.2486553118,10242.070918224046,934691.2927913535
2025-04-05T17:40:00.000+0000,1361874.33105288,179291.29336214392,934761.0911568243
2025-04-05T17:50:00.000+0000,1360141.2943422801,179291.29336214392,934217.171473313
2025-04-05T18:00:00.000+0000,1356599.614064992,179291.29336214392,934729.9301979422
2025-04-05T18:10:00.000+0000,1355260.6952676238,179291.29336214392,935910.3615283177
2025-04-05T18:20:00.000+0000,1354936.490289264,179291.29336214392,936156.1166675752
2025-04-05T18:30:00.000+0000,1352844.526610136,518.7505621439229,936051.8735502602
2025-04-05T18:40:00.000+0000,1353029.5948467357,714854.0070163836,936356.1787356434
2025-04-05T18:50:00.000+0000,1352062.0953060635,714854.0070163836,937568.8723208187
2025-04-05T19:00:00.000+0000,1350529.8514425752,714854.0070163836,938763.7526836023
2025-04-05T19:10:00.000+0000,1347810.8534225435,714854.0070163836,938736.03553365
2025-04-05T19:20:00.000+0000,1346586.3113005757,714854.0070163836,938860.4199166908
2025-04-05T19:30:00.000+0000,1346659.6650505916,714854.0070163836,937536.9657355744
2025-04-05T19:40:00.000+0000,1347805.7163355036,714854.0070163836,934714.6843587235
2025-04-05T19:50:00.000+0000,1347196.1356005357,714854.0070163836,934203.7586232712
2025-04-05T20:00:00.000+0000,1346270.6232032555,714854.0070163836,935596.8468791458
2025-04-05T20:10:00.000+0000,1344807.6651867116,714854.0070163836,936748.4736967541
2025-04-05T20:20:00.000+0000,1342725.8929678877,714854.0070163836,937537.6524100738
2025-04-05T20:30:00.000+0000,1342838.2904778877,714854.0070163836,936670.4510930541
2025-04-05T20:40:00.000+0000,1343854.6018378397,714854.0070163836,932336.339981383
2025-04-05T20:50:00.000+0000,1346718.1508145197,714854.0070163836,936092.7545699165
2025-04-05T21:00:00.000+0000,1346907.6607751676,714854.0070163836,937297.6122818018
2025-04-05T21:10:00.000+0000,1348729.4470292877,714854.0070163836,937469.3812121638
2025-04-05T21:20:00.000+0000,1347386.9669931917,714854.0070163836,937647.3880738737
2025-04-05T21:30:00.000+0000,1345194.2681467196,714854.0070163836,938046.314956384
2025-04-05T21:40:00.000+0000,1345431.7746094237,714854.0070163836,937716.8728641728
2025-04-05T21:50:00.000+0000,1345322.8179145674,714854.0070163836,937396.1532659417
2025-04-05T22:00:00.000+0000,1343746.6185935996,714854.0070163836,937674.8798349489
2025-04-05T22:10:00.000+0000,1343911.6151007116,714854.0070163836,939099.4378135572
2025-04-05T22:20:00.000+0000,1346370.2222202476,714854.0070163836,938520.3231820192
2025-04-05T22:30:00.000+0000,1345331.7137022396,714854.0070163836,938902.5737756749
2025-04-05T22:40:00.000+0000,1344360.4269837355,714854.0070163836,938776.5812557589
2025-04-05T22:50:00.000+0000,1343305.5779785835,714854.0070163836,939617.0763861472
2025-04-05T23:00:00.000+0000,1342616.7567267837,714854.0070163836,940573.4253210144
2025-04-05T23:10:00.000+0000,1343379.5976054715,714854.0070163836,941198.2678654273
2025-04-05T23:20:00.000+0000,1342869.9369304555,807204.3446947036,940896.726512738
2025-04-05T23:30:00.000+0000,1341995.8160170717,807204.3446947036,941590.5488934354
2025-04-05T23:40:00.000+0000,1342319.4981840155,807204.3446947036,942575.1804938584
2025-04-05T23:50:00.000+0000,1342114.9648816637,807204.3446947036,943615.567499273
2025-04-06T00:00:00.000+0000,1342276.0115411836,807204.3446947036,945406.3231948571
2025-04-06T00:10:00.000+0000,1342991.6794684478,807204.3446947036,944236.2648133615
2025-04-06T00:20:00.000+0000,1342426.3744845197,807204.3446947036,945950.6320392415
2025-04-06T00:30:00.000+0000,1341952.3433830235,807204.3446947036,945614.1080259513
2025-04-06T00:40:00.000+0000,1342350.0973350955,807204.3446947036,946958.7216888124
2025-04-06T00:50:00.000+0000,1342214.9749295677,807204.3446947036,946266.6291226028
2025-04-06T01:00:00.000+0000,1342226.6402198635,807204.3446947036,945952.4701348147
2025-04-06T01:10:00.000+0000,1342402.5406968156,807204.3446947036,947220.1833984766
2025-04-06T01:20:00.000+0000,1342600.6768709677,807204.3446947036,948522.2092820783
2025-04-06T01:30:00.000+0000,1342790.8363116155,807204.3446947036,947297.5592579002
2025-04-06T01:40:00.000+0000,1343697.8874697115,807204.3446947036,945955.6043839591
2025-04-06T01:50:00.000+0000,1343877.7234857115,807204.3446947036,945895.0361315014
2025-04-06T02:00:00.000+0000,1344190.4749542156,807204.3446947036,947483.0401795153
2025-04-06T02:10:00.000+0000,1345136.9514867594,807204.3446947036,945243.099589952
2025-04-06T02:20:00.000+0000,1345589.8589606876,807204.3446947036,944686.8477030918
2025-04-06T02:30:00.000+0000,1346086.9892580318,807204.3446947036,944841.0507995323
2025-04-06T02:40:00.000+0000,1346523.8051155596,807204.3446947036,944762.0450987163
2025-04-06T02:50:00.000+0000,1346657.9459469756,807204.3446947036,944299.0061995817
2025-04-06T03:00:00.000+0000,1346988.8670781115,807204.3446947036,942766.8025753195
2025-04-06T03:10:00.000+0000,1346291.7571225837,807204.3446947036,944576.0434387582
2025-04-06T03:20:00.000+0000,1347152.0057926478,807204.3446947036,942985.1562860982
2025-04-06T03:30:00.000+0000,1347683.4097890796,807204.3446947036,942142.9439418152
2025-04-06T03:40:00.000+0000,1346781.1560799517,807204.3446947036,943325.9608810695
2025-04-06T03:50:00.000+0000,1346774.3954827595,807204.3446947036,944764.5462773285
2025-04-06T04:00:00.000+0000,1347050.7827858876,807204.3446947036,943996.7763033082
2025-04-06T04:10:00.000+0000,1347552.9575144555,807204.3446947036,943507.5018664467
2025-04-06T04:20:00.000+0000,1346886.9203108237,807204.3446947036,943293.9376888913
2025-04-06T04:30:00.000+0000,1346093.5028729674,807204.3446947036,944891.0809807463
2025-04-06T04:40:00.000+0000,1346232.9226978077,807204.3446947036,944139.0516228848
2025-04-06T04:50:00.000+0000,1346863.9500217675,807204.3446947036,944805.1024358701
2025-04-06T05:00:00.000+0000,1346422.4640333354,807204.3446947036,944744.2567824356
2025-04-06T05:10:00.000+0000,1346432.4131576635,807204.3446947036,944495.4708637989
2025-04-06T05:20:00.000+0000,1346365.7108322475,807204.3446947036,945649.1630528008
2025-04-06T05:30:00.000+0000,1346691.7272702795,807204.3446947036,944529.8853437778
2025-04-06T05:40:00.000+0000,1346456.1180385756,807204.3446947036,944289.9653012508
2025-04-06T05:50:00.000+0000,1345961.6838925837,807204.3446947036,946752.4058872089
2025-04-06T06:00:00.000+0000,1346007.9971822875,807204.3446947036,945376.5680209993
2025-04-06T06:10:00.000+0000,1345865.8812060955,807204.3446947036,945565.6122649962
2025-04-06T06:20:00.000+0000,1345719.5827085995,807204.3446947036,946342.3027922439
2025-04-06T06:30:00.000+0000,1345690.7153209995,807204.3446947036,943294.9395661474
2025-04-06T06:40:00.000+0000,1346498.5066205598,807204.3446947036,943088.4265012303
2025-04-06T06:50:00.000+0000,1346783.3722755755,807204.3446947036,940846.9139668455
2025-04-06T07:00:00.000+0000,1347538.8351114236,807204.3446947036,939693.0103042102
2025-04-06T07:10:00.000+0000,1347135.9186526635,807204.3446947036,940696.5122179746
2025-04-06T07:20:00.000+0000,1347795.4390639036,807204.3446947036,939620.8305686549
2025-04-06T07:30:00.000+0000,1347010.849438144,807204.3446947036,939011.9771020217
2025-04-06T07:40:00.000+0000,1347091.3091088717,807204.3446947036,940165.1463885203
2025-04-06T07:50:00.000+0000,1347222.3794886156,807204.3446947036,939890.4350463762
2025-04-06T08:00:00.000+0000,1347156.0498747919,807204.3446947036,938488.8883188297
2025-04-06T08:10:00.000+0000,1347451.9735463117,807204.3446947036,937334.0388064242
2025-04-06T08:20:00.000+0000,1347786.4683362315,807204.3446947036,934700.7410941224
2025-04-06T08:30:00.000+0000,1348116.9002690397,807204.3446947036,936199.8127360914
2025-04-06T08:40:00.000+0000,1347460.4518981995,807204.3446947036,938041.4737061372
2025-04-06T08:50:00.000+0000,1347136.5259264559,807204.3446947036,938259.2002487134
2025-04-06T09:00:00.000+0000,1346476.1404278395,807204.3446947036,939121.471038182
2025-04-06T09:10:00.000+0000,1346334.8895390236,807204.3446947036,938935.7087180625
2025-04-06T09:20:00.000+0000,1346447.1597309597,807204.3446947036,940948.5476423217
2025-04-06T09:30:00.000+0000,1346743.4452827433,807204.3446947036,940325.3670981098
2025-04-06T09:40:00.000+0000,1346922.1708178397,807204.3446947036,940963.8186827272
2025-04-06T09:50:00.000+0000,1347370.5354789277,807204.3446947036,939606.1033393362
2025-04-06T10:00:00.000+0000,1347809.4418027436,807204.3446947036,937787.2059546654
2025-04-06T10:10:00.000+0000,1348462.8197219116,807204.3446947036,936657.8133810237
2025-04-06T10:20:00.000+0000,1348748.5488755757,807204.3446947036,936208.7582132886
2025-04-06T10:30:00.000+0000,1348985.8742732476,807204.3446947036,935937.2446241137
2025-04-06T10:40:00.000+0000,1349099.3822641515,807204.3446947036,936050.2346228028
2025-04-06T10:50:00.000+0000,1348784.1784490957,807204.3446947036,937502.1613166474
2025-04-06T11:00:00.000+0000,1349003.4490821436,807204.3446947036,936458.1064280763
2025-04-06T11:10:00.000+0000,1349528.9559800315,807204.3446947036,933715.6959275731
2025-04-06T11:20:00.000+0000,1347831.1943667596,807204.3446947036,934072.1344673443
2025-04-06T11:30:00.000+0000,1346657.5853656714,807204.3446947036,934394.0156815823
2025-04-06T11:40:00.000+0000,1347115.5264394959,807204.3446947036,934964.1842993479
2025-04-06T11:50:00.000+0000,1347016.8846860798,807204.3446947036,935191.5094844443
2025-04-06T12:00:00.000+0000,1346574.3006367995,807204.3446947036,935512.1615456056
2025-04-06T12:10:00.000+0000,1346542.1174039997,807204.3446947036,935326.5283972959
2025-04-06T12:20:00.000+0000,1347303.1046267997,807204.3446947036,933671.6811953478
2025-04-06T12:30:00.000+0000,1347723.0926873437,807204.3446947036,931097.5124591613
2025-04-06T12:40:00.000+0000,1349484.1227053674,807204.3446947036,931517.400469093
2025-04-06T12:50:00.000+0000,1349515.3259527835,807204.3446947036,928099.2724037217
2025-04-06T13:00:00.000+0000,1350202.8610843036,807204.3446947036,926623.9688894023
2025-04-06T13:10:00.000+0000,1351265.2963655759,807204.3446947036,924768.0681964213
2025-04-06T13:20:00.000+0000,1352394.1885787356,807204.3446947036,922155.5893025621
2025-04-06T13:30:00.000+0000,1353005.9233391036,807204.3446947036,921436.8932235527
2025-04-06T13:40:00.000+0000,1354263.9119524555,807204.3446947036,918897.4377956218
2025-04-06T13:50:00.000+0000,1354645.0835010717,807204.3446947036,916670.3190799515
2025-04-06T14:00:00.000+0000,1356818.9759247277,807204.3446947036,915818.9288762547
2025-04-06T14:10:00.000+0000,1356971.7787945597,807204.3446947036,919871.5530471767
2025-04-06T14:20:00.000+0000,1359286.0726171676,807204.3446947036,917672.2281403111
2025-04-06T14:30:00.000+0000,1357903.6344831437,807204.3446947036,918211.5751121283
2025-04-06T14:40:00.000+0000,1353437.9385702077,807204.3446947036,918952.8428789534
2025-04-06T14:50:00.000+0000,1353332.6651263917,807204.3446947036,921878.9664254453
2025-04-06T15:00:00.000+0000,1352699.9216364636,807204.3446947036,922071.3172579305
2025-04-06T15:10:00.000+0000,1351120.9454187916,807204.3446947036,920609.6798844526
2025-04-06T15:20:00.000+0000,1350054.9457213355,807204.3446947036,919870.7256734251
2025-04-06T15:30:00.000+0000,1351068.3715615515,807204.3446947036,920489.8116490445
2025-04-06T15:40:00.000+0000,1350588.5598482476,807204.3446947036,921863.3196028352
2025-04-06T15:50:00.000+0000,1351317.3638382477,807204.3446947036,920443.6849169388
2025-04-06T16:00:00.000+0000,1351338.0106875435,807204.3446947036,918935.8412102675
2025-04-06T16:10:00.000+0000,1353663.7259956475,807204.3446947036,916496.3668387525
2025-04-06T16:20:00.000+0000,1352425.2597419037,807204.3446947036,916525.5530181957
2025-04-06T16:30:00.000+0000,1352391.9768595276,807204.3446947036,917610.8335872525
2025-04-06T16:40:00.000+0000,1352661.1236097356,807204.3446947036,914416.6177600647
2025-04-06T16:50:00.000+0000,1352834.5717401356,807204.3446947036,911009.0293756637
2025-04-06T17:00:00.000+0000,1352970.4411575755,807204.3446947036,909514.1552176182
2025-04-06T17:10:00.000+0000,1352531.6621518238,807204.3446947036,907151.436512805
2025-04-06T17:20:00.000+0000,1353882.8986271597,807204.3446947036,901118.2817464757
2025-04-06T17:30:00.000+0000,1354796.0798572716,807204.3446947036,898535.5510867112
2025-04-06T17:40:00.000+0000,1356482.6653785754,807204.3446947036,889551.3586087797
2025-04-06T17:50:00.000+0000,1357748.1507697036,807204.3446947036,891303.2089136567
2025-04-06T18:00:00.000+0000,1359271.3614255434,807204.3446947036,883461.6830649584
2025-04-06T18:10:00.000+0000,1358916.2322063837,807204.3446947036,877679.9917506085
2025-04-06T18:20:00.000+0000,1358811.7025970237,807204.3446947036,867729.4048793456
2025-04-06T18:30:00.000+0000,1359758.7972346875,807204.3446947036,867639.0551965514
2025-04-06T18:40:00.000+0000,1359895.8811997115,807204.3446947036,865032.3999255565
2025-04-06T18:50:00.000+0000,1363514.5902346557,807204.3446947036,858747.7919200398
2025-04-06T19:00:00.000+0000,1363651.0605709753,807204.3446947036,859492.4450269309
2025-04-06T19:10:00.000+0000,1364843.6903132875,807204.3446947036,860818.8495725463
2025-04-06T19:20:00.000+0000,1363265.5760055354,807204.3446947036,862892.3612743206
2025-04-06T19:30:00.000+0000,1358340.4510600958,807204.3446947036,865663.1750627
2025-04-06T19:40:00.000+0000,1358168.9629004637,807204.3446947036,862436.8315361354
2025-04-06T19:50:00.000+0000,1354793.2153706956,807204.3446947036,862901.3708276355
2025-04-06T20:00:00.000+0000,1355598.1707807835,807204.3446947036,866882.7897570526
2025-04-06T20:10:00.000+0000,1359615.8670903516,807204.3446947036,864372.1536066427
2025-04-06T20:20:00.000+0000,1360149.9704155917,807204.3446947036,864603.7767853334
2025-04-06T20:30:00.000+0000,1361669.3651965754,807204.3446947036,846468.4017008226
2025-04-06T20:40:00.000+0000,1364392.2179403596,807204.3446947036,854610.1132780598
2025-04-06T20:50:00.000+0000,1367676.8220832157,807204.3446947036,851429.0251106634
2025-04-06T21:00:00.000+0000,1366815.9801481436,807204.3446947036,852990.3454903555
2025-04-06T21:10:00.000+0000,1367728.4423839115,807204.3446947036,854663.5140881622
2025-04-06T21:20:00.000+0000,1367981.6155931836,807204.3446947036,856581.784123328
2025-04-06T21:30:00.000+0000,1366042.7187725275,807204.3446947036,857250.5915341682
2025-04-06T21:40:00.000+0000,1366216.5303719195,807204.3446947036,856932.2047905917
2025-04-06T21:50:00.000+0000,1365800.1035501035,807204.3446947036,855198.5019860794
2025-04-06T22:00:00.000+0000,1366827.5289517036,807204.3446947036,850715.3201743707
2025-04-06T22:10:00.000+0000,1365294.1221892796,807204.3446947036,857497.0293861151
2025-04-06T22:20:00.000+0000,1365667.3170043915,807204.3446947036,855164.0165259372
2025-04-06T22:30:00.000+0000,1365852.4412564156,807204.3446947036,854242.040495382
2025-04-06T22:40:00.000+0000,1367022.3709433116,807204.3446947036,848286.9314412143
2025-04-06T22:50:00.000+0000,1367565.6964548957,807204.3446947036,845255.7012294608
2025-04-06T23:00:00.000+0000,1367857.5556805758,807204.3446947036,841393.2764796375
2025-04-06T23:10:00.000+0000,1369941.2722826477,807204.3446947036,834803.1872030525
2025-04-06T23:20:00.000+0000,1375394.1079015436,807204.3446947036,834240.184417916
2025-04-06T23:30:00.000+0000,1372650.9765436398,807204.3446947036,839102.251855222
2025-04-06T23:40:00.000+0000,1371567.7670950075,807204.3446947036,847805.5244998757
2025-04-06T23:50:00.000+0000,1372342.0317073916,807204.3446947036,846988.988580904
2025-04-07T00:00:00.000+0000,1372286.0255182157,807204.3446947036,845349.5033063919
2025-04-07T00:10:00.000+0000,1372177.5727898637,807204.3446947036,839740.7645558629
2025-04-07T00:20:00.000+0000,1370940.2045969677,807204.3446947036,840576.8083570937
2025-04-07T00:30:00.000+0000,1371595.1821953678,807204.3446947036,841167.1401866013
2025-04-07T00:40:00.000+0000,1372242.6738473196,807204.3446947036,837491.0263971632
2025-04-07T00:50:00.000+0000,1371678.2091106556,807204.3446947036,836627.4707222078
2025-04-07T01:00:00.000+0000,1368273.4636977676,807204.3446947036,846292.6486649727
2025-04-07T01:10:00.000+0000,1365261.4293944556,807204.3446947036,851271.5390529123
2025-04-07T01:20:00.000+0000,1363943.2412392956,807204.3446947036,860424.7645125758
2025-04-07T01:30:00.000+0000,1365521.3507808635,807204.3446947036,855925.4381412226
2025-04-07T01:40:00.000+0000,1367384.8291845594,807204.3446947036,854404.1780878401
2025-04-07T01:50:00.000+0000,1367746.4643647836,807204.3446947036,858329.0869176975
2025-04-07T02:00:00.000+0000,1368213.3729888238,807204.3446947036,857638.2604746935
2025-04-07T02:10:00.000+0000,1369386.6061008635,807204.3446947036,856997.353803375
2025-04-07T02:20:00.000+0000,1371025.5348780877,807204.3446947036,852569.0238649119
2025-04-07T02:30:00.000+0000,1372101.1186421518,807204.3446947036,847961.7197519513
2025-04-07T02:40:00.000+0000,1372622.9462258478,807204.3446947036,848272.7310940677
2025-04-07T02:50:00.000+0000,1373626.6575039355,807204.3446947036,848655.1207951084
2025-04-07T03:00:00.000+0000,1376340.8097536876,807204.3446947036,848238.6634747966
2025-04-07T03:10:00.000+0000,1378452.2988599674,807204.3446947036,845129.0683863147
2025-04-07T03:20:00.000+0000,1379129.0321998396,807204.3446947036,844022.4187309643
2025-04-07T03:30:00.000+0000,1379752.9354576156,807204.3446947036,835841.5825001134
2025-04-07T03:40:00.000+0000,1382102.7283582236,807204.3446947036,828060.6621155012
2025-04-07T03:50:00.000+0000,1383644.2407609436,807204.3446947036,829661.285685557
2025-04-07T04:00:00.000+0000,1381023.0925683756,807204.3446947036,831430.8853782073
2025-04-07T04:10:00.000+0000,1381344.9404938875,807204.3446947036,827206.7884580404
2025-04-07T04:20:00.000+0000,1379221.9025840478,807204.3446947036,833050.9552672172
2025-04-07T04:30:00.000+0000,1379258.3832361596,807204.3446947036,829828.4889511408
2025-04-07T04:40:00.000+0000,1380057.3343035677,807204.3446947036,826412.0947335025
2025-04-07T04:50:00.000+0000,1377319.3715174955,807204.3446947036,826276.620973934
2025-04-07T05:00:00.000+0000,1377039.7848559036,807204.3446947036,825251.2525319176
2025-04-07T05:10:00.000+0000,1375590.5263209995,807204.3446947036,828932.531618925
2025-04-07T05:20:00.000+0000,1374078.1251106798,807204.3446947036,830947.4728847068
2025-04-07T05:30:00.000+0000,1374466.4315568074,807204.3446947036,826938.3638398912
2025-04-07T05:40:00.000+0000,1376697.9422689276,807204.3446947036,824390.3738180118
2025-04-07T05:50:00.000+0000,1376167.1656202157,807204.3446947036,824860.9848632037
2025-04-07T06:00:00.000+0000,1374897.2663230398,807204.3446947036,826291.1337695252
2025-04-07T06:10:00.000+0000,1374359.8439751435,807204.3446947036,816255.501378922
2025-04-07T06:20:00.000+0000,1378154.4582532234,807204.3446947036,810336.2353317079
2025-04-07T06:30:00.000+0000,1380810.6271567917,807204.3446947036,801502.9908372527
2025-04-07T06:40:00.000+0000,1384987.4318177674,807204.3446947036,785428.6872294402
2025-04-07T06:50:00.000+0000,1386338.2100000319,807204.3446947036,782304.2745611845
2025-04-07T07:00:00.000+0000,1384769.9082559438,807204.3446947036,789348.3278463976
2025-04-07T07:10:00.000+0000,1384633.9022778396,807204.3446947036,792337.9799097036
2025-04-07T07:20:00.000+0000,1384879.0987536078,807204.3446947036,792984.985404985
2025-04-07T07:30:00.000+0000,1386451.5565901597,807204.3446947036,791108.0592669654
2025-04-07T07:40:00.000+0000,1385550.1571370796,807204.3446947036,796092.6665706928
2025-04-07T07:50:00.000+0000,1387346.3103440558,807204.3446947036,792962.5279005845
2025-04-07T08:00:00.000+0000,1385033.1502537357,807204.3446947036,793198.508561308
2025-04-07T08:10:00.000+0000,1382619.3387590076,807204.3446947036,795446.3160919598
2025-04-07T08:20:00.000+0000,1379629.7855464234,807204.3446947036,809269.8453765649
2025-04-07T08:30:00.000+0000,1378376.3381571837,807204.3446947036,809111.6383213452
2025-04-07T08:40:00.000+0000,1376950.0250712237,807204.3446947036,815586.1018652059
2025-04-07T08:50:00.000+0000,1377736.4457609595,807204.3446947036,812311.0585982502
2025-04-07T09:00:00.000+0000,1377016.8438833756,807204.3446947036,810172.7779406419
2025-04-07T09:10:00.000+0000,1379065.2011455677,807204.3446947036,804569.6003468186
2025-04-07T09:20:00.000+0000,1378142.8053829835,807204.3446947036,806060.3965522512
2025-04-07T09:30:00.000+0000,1377676.5024440077,807204.3446947036,812017.3796525465
2025-04-07T09:40:00.000+0000,1376286.0783338798,807204.3446947036,814585.8338964642
2025-04-07T09:50:00.000+0000,1376733.4614208557,807204.3446947036,810805.0674389713
2025-04-07T10:00:00.000+0000,1377850.0826586555,807204.3446947036,810156.6457400912
2025-04-07T10:10:00.000+0000,1375740.8052715836,807204.3446947036,816446.5779681351
2025-04-07T10:20:00.000+0000,1375534.0618387517,807204.3446947036,820571.7099016034
2025-04-07T10:30:00.000+0000,1375694.2449996239,807204.3446947036,817027.0996457718
2025-04-07T10:40:00.000+0000,1372153.2883629599,807204.3446947036,817566.8105951343
2025-04-07T10:50:00.000+0000,1372079.9620010157,807204.3446947036,813674.4307252624
2025-04-07T11:00:00.000+0000,1372459.7776751996,807204.3446947036,814428.0644461125
2025-04-07T11:10:00.000+0000,1372533.1024484155,807204.3446947036,813670.9365139592
2025-04-07T11:20:00.000+0000,1373654.2540789996,807204.3446947036,813996.6670546215
2025-04-07T11:30:00.000+0000,1374279.0068266394,807204.3446947036,807530.3596574862
2025-04-07T11:40:00.000+0000,1373812.3295873436,807204.3446947036,807869.9329709378
2025-04-07T11:50:00.000+0000,1374059.6181181273,807204.3446947036,809633.4011620998
2025-04-07T12:00:00.000+0000,1373843.6509102236,807204.3446947036,810001.5787649106
2025-04-07T12:10:00.000+0000,1376878.0529949837,807204.3446947036,809149.8253974612
2025-04-07T12:20:00.000+0000,1372788.2015457435,807204.3446947036,811474.4247690099
2025-04-07T12:30:00.000+0000,1371563.1307570478,807204.3446947036,821152.7877851382
2025-04-07T12:40:00.000+0000,1373522.0623870236,807204.3446947036,816954.4940742906
2025-04-07T12:50:00.000+0000,1372419.2000832637,807204.3446947036,823290.4375185159
2025-04-07T13:00:00.000+0000,1371302.5896767916,807204.3446947036,825286.5653479525
2025-04-07T13:10:00.000+0000,1372455.5626599113,807204.3446947036,822690.8846799186
2025-04-07T13:20:00.000+0000,1374898.2322996396,807204.3446947036,820824.6099827654
2025-04-07T13:30:00.000+0000,1374126.4292764077,807204.3446947036,815296.4336122624
2025-04-07T13:40:00.000+0000,1372967.6865128076,807204.3446947036,812138.9600490294
2025-04-07T13:50:00.000+0000,1365245.4711612638,807204.3446947036,826486.9822742657
2025-04-07T14:00:00.000+0000,1362843.0888059037,807204.3446947036,839528.2102149012
2025-04-07T14:10:00.000+0000,1353032.9775084397,807204.3446947036,852273.2811039644
2025-04-07T14:20:00.000+0000,1361080.9422418317,807204.3446947036,842730.6862130137
2025-04-07T14:30:00.000+0000,1364994.6245692077,807204.3446947036,841727.8194982244
2025-04-07T14:40:00.000+0000,1367515.9164607755,807204.3446947036,844061.0711438064
2025-04-07T14:50:00.000+0000,1366704.4366044237,807204.3446947036,852926.4282956674
2025-04-07T15:00:00.000+0000,1366107.9407931357,807204.3446947036,847235.1551042681
2025-04-07T15:10:00.000+0000,1368731.6718277757,807204.3446947036,838040.4356670652
2025-04-07T15:20:00.000+0000,1369908.7115720718,807204.3446947036,838906.9304741533
2025-04-07T15:30:00.000+0000,1368802.4261789755,807204.3446947036,843107.523011762
2025-04-07T15:40:00.000+0000,1368838.0433324398,807204.3446947036,849492.0525673975
2025-04-07T15:50:00.000+0000,1368862.2390004075,807204.3446947036,846770.5836361004
2025-04-07T16:00:00.000+0000,1370161.8956126715,807204.3446947036,843489.6449701835
2025-04-07T16:10:00.000+0000,1371208.1476309197,807204.3446947036,840993.767930684
2025-04-07T16:20:00.000+0000,1371226.1992180878,807204.3446947036,837130.8728091735
2025-04-07T16:30:00.000+0000,1370531.6580958478,807204.3446947036,842391.455691307
2025-04-07T16:40:00.000+0000,1372135.9497049917,807204.3446947036,834411.895398131
2025-04-07T16:50:00.000+0000,1373419.1388118076,807204.3446947036,831275.8431390733
2025-04-07T17:00:00.000+0000,1371323.3686103357,807204.3446947036,836395.7625588161
2025-04-07T17:10:00.000+0000,1369576.8321182076,807204.3446947036,838838.3358012142
2025-04-07T17:20:00.000+0000,1368501.6210657356,807204.3446947036,842650.9045782527
2025-04-07T17:30:00.000+0000,1367396.9245205438,807204.3446947036,846319.1117378788
2025-04-07T17:40:00.000+0000,1366951.4905730074,807204.3446947036,849711.8509202726
2025-04-07T17:50:00.000+0000,1367685.9462680235,807204.3446947036,850450.420227313
2025-04-07T18:00:00.000+0000,1369158.0601939755,807204.3446947036,850090.9975366492
2025-04-07T18:10:00.000+0000,1368614.7439249915,807204.3446947036,850071.0618422271
2025-04-07T18:20:00.000+0000,1369276.1094089916,807204.3446947036,846817.080748939
2025-04-07T18:30:00.000+0000,1369717.3375838397,807204.3446947036,845689.697796422
2025-04-07T18:40:00.000+0000,1368771.9591121436,807204.3446947036,848726.0528568047
2025-04-07T18:50:00.000+0000,1369445.3625980315,807204.3446947036,843790.1777473531
2025-04-07T19:00:00.000+0000,1369131.8749489435,807204.3446947036,842599.3085781876
2025-04-07T19:10:00.000+0000,1370184.7229861517,807204.3446947036,842339.3740539432
2025-04-07T19:20:00.000+0000,1370448.8253051355,807204.3446947036,842353.1071952789
2025-04-07T19:30:00.000+0000,1369536.8570338797,807204.3446947036,845137.2649641207
2025-04-07T19:40:00.000+0000,1370461.7175630718,807204.3446947036,843485.6801456937
2025-04-07T19:50:00.000+0000,1370464.0410028317,807204.3446947036,842421.5373360058
2025-04-07T20:00:00.000+0000,1369114.4042067276,807204.3446947036,843079.3598953753
2025-04-07T20:10:00.000+0000,1368080.6033395836,807204.3446947036,845707.8503853239
2025-04-07T20:20:00.000+0000,1367720.3116137355,807204.3446947036,849269.0211011508
2025-04-07T20:30:00.000+0000,1366331.8474743753,807204.3446947036,852971.8480169836
2025-04-07T20:40:00.000+0000,1365681.6705023996,807204.3446947036,854904.8962025581
2025-04-07T20:50:00.000+0000,1366686.1256149434,807204.3446947036,852999.2690036776
2025-04-07T21:00:00.000+0000,1367418.8651439915,807204.3446947036,849170.2611313214
2025-04-07T21:10:00.000+0000,1368006.0315247998,807204.3446947036,851951.0219969372
2025-04-07T21:20:00.000+0000,1368194.2294059517,807204.3446947036,850509.7491317606
2025-04-07T21:30:00.000+0000,1369528.3926907755,807204.3446947036,850061.7309423259
2025-04-07T21:40:00.000+0000,1368866.4215217116,807204.3446947036,850447.4944917078
2025-04-07T21:50:00.000+0000,1367855.4371967195,807204.3446947036,856535.3571947189
2025-04-07T22:00:00.000+0000,1367732.1214083354,807204.3446947036,855620.5770092995
2025-04-07T22:10:00.000+0000,1367232.5279331116,807204.3446947036,858789.3731629283
2025-04-07T22:20:00.000+0000,1367005.3970532957,807204.3446947036,860854.6611630488
2025-04-07T22:30:00.000+0000,1367547.9771416956,807204.3446947036,862073.2335312054
2025-04-07T22:40:00.000+0000,1367502.7727441676,807204.3446947036,862325.827218458
2025-04-07T22:50:00.000+0000,1367402.0405244636,807204.3446947036,862669.0520227273
2025-04-07T23:00:00.000+0000,1367995.6056221996,807204.3446947036,860510.6933617183
2025-04-07T23:10:00.000+0000,1368412.0324440156,807204.3446947036,858306.8102128366
2025-04-07T23:20:00.000+0000,1369459.1215320716,807204.3446947036,856935.4145182846
2025-04-07T23:30:00.000+0000,1369696.4469297435,807204.3446947036,852766.2348799899
2025-04-07T23:40:00.000+0000,1370584.4633378317,807204.3446947036,851440.9294839903
2025-04-07T23:50:00.000+0000,1370641.9651395597,807204.3446947036,850354.190357593
2025-04-08T00:00:00.000+0000,1370270.9756887436,807204.3446947036,850116.4048332558
2025-04-08T00:10:00.000+0000,1368946.3996479835,807204.3446947036,853246.6670322022
2025-04-08T00:20:00.000+0000,1368937.9212960957,807204.3446947036,852563.3816495978
2025-04-08T00:30:00.000+0000,1369626.8091245915,807204.3446947036,849424.4741520989
2025-04-08T00:40:00.000+0000,1369851.8511268478,807204.3446947036,851938.3469482672
2025-04-08T00:50:00.000+0000,1370064.1141804475,807204.3446947036,849100.4227820511
2025-04-08T01:00:00.000+0000,1370699.3208482554,807204.3446947036,847808.7310081162
2025-04-08T01:10:00.000+0000,1370227.6131865196,807204.3446947036,850112.7897759915
2025-04-08T01:20:00.000+0000,1367844.3976654154,807204.3446947036,855053.2805053133
2025-04-08T01:30:00.000+0000,1364832.1179685756,807204.3446947036,861620.1599171545
2025-04-08T01:40:00.000+0000,1364632.7455841836,807204.3446947036,868031.6966161409
2025-04-08T01:50:00.000+0000,1363338.5077034635,807204.3446947036,871637.0868217042
2025-04-08T02:00:00.000+0000,1362357.3847602396,807204.3446947036,871949.361899225
2025-04-08T02:10:00.000+0000,1362266.6032535913,807204.3446947036,877154.8927204225
2025-04-08T02:20:00.000+0000,1363315.9008833994,807204.3446947036,877339.3763167432
2025-04-08T02:30:00.000+0000,1365271.9934464474,807204.3446947036,874274.3668418447
2025-04-08T02:40:00.000+0000,1365681.5415956078,807204.3446947036,873296.8286899432
2025-04-08T02:50:00.000+0000,1365527.6158248156,807204.3446947036,870895.8172572297
2025-04-08T03:00:00.000+0000,1365189.9325077597,807204.3446947036,869429.6666604958
2025-04-08T03:10:00.000+0000,1365356.7473590316,807204.3446947036,867710.4332425407
2025-04-08T03:20:00.000+0000,1363894.4428192875,807204.3446947036,868175.4533600195
2025-04-08T03:30:00.000+0000,1364293.5510570635,807204.3446947036,870136.4693034692
2025-04-08T03:40:00.000+0000,1364346.7522620237,807204.3446947036,868546.5963514415
2025-04-08T03:50:00.000+0000,1362250.5005160957,807204.3446947036,867776.3552291747
2025-04-08T04:00:00.000+0000,1363399.0487618395,807204.3446947036,869663.3820214935
2025-04-08T04:10:00.000+0000,1362319.2948965274,807204.3446947036,871569.7296634084
2025-04-08T04:20:00.000+0000,1363453.9584788957,807204.3446947036,873868.5890879626
2025-04-08T04:30:00.000+0000,1363770.5181683835,807204.3446947036,873071.2595758135
2025-04-08T04:40:00.000+0000,1363373.2550033676,807204.3446947036,872824.701986774
2025-04-08T04:50:00.000+0000,1363346.7234755836,807204.3446947036,874520.4500438108
2025-04-08T05:00:00.000+0000,1362926.4900215117,807204.3446947036,870391.3076947993
2025-04-08T05:10:00.000+0000,1365550.5937677436,807204.3446947036,867802.6524195005
2025-04-08T05:20:00.000+0000,1366297.0890533756,807204.3446947036,866788.1428765976
2025-04-08T05:30:00.000+0000,1366587.6064134077,807204.3446947036,867032.4032486021
2025-04-08T05:40:00.000+0000,1367757.6525870394,807204.3446947036,867282.774767946
2025-04-08T05:50:00.000+0000,1366812.1452085515,807204.3446947036,867051.9500236508
2025-04-08T06:00:00.000+0000,1367384.7015767277,807204.3446947036,864262.5127738246
2025-04-08T06:10:00.000+0000,1368373.9161514635,807204.3446947036,861841.3664964319
2025-04-08T06:20:00.000+0000,1367533.2038497915,807204.3446947036,861351.8564757598
2025-04-08T06:30:00.000+0000,1367582.8345734237,807204.3446947036,860616.1035143711
2025-04-08T06:40:00.000+0000,1367912.65923244,807204.3446947036,861422.8534273666
2025-04-08T06:50:00.000+0000,1369024.8417240796,807204.3446947036,859967.4587965563
2025-04-08T07:00:00.000+0000,1370798.2748017116,807204.3446947036,857674.595003417
2025-04-08T07:10:00.000+0000,1371189.6408681835,807204.3446947036,858137.5392773516
2025-04-08T07:20:00.000+0000,1371514.5500027675,807204.3446947036,859772.7351613347
2025-04-08T07:30:00.000+0000,1372060.6913298955,807204.3446947036,858290.3633996808
2025-04-08T07:40:00.000+0000,1371254.2543160396,807204.3446947036,856685.3794053568
2025-04-08T07:50:00.000+0000,1369572.7132259598,807204.3446947036,855638.4398202719
2025-04-08T08:00:00.000+0000,1369376.2948065037,807204.3446947036,855916.9970100294
2025-04-08T08:10:00.000+0000,1371472.8011885597,807204.3446947036,852815.944823486
2025-04-08T08:20:00.000+0000,1373197.8413415276,807204.3446947036,851551.8321652693
2025-04-08T08:30:00.000+0000,1372664.2428121276,807204.3446947036,853191.6106786628
2025-04-08T08:40:00.000+0000,1371712.8507551516,807204.3446947036,854305.4762560809
2025-04-08T08:50:00.000+0000,1371107.0130933276,807204.3446947036,853915.0159117326
2025-04-08T09:00:00.000+0000,1371272.4736588956,807204.3446947036,854972.564324584
2025-04-08T09:10:00.000+0000,1371703.1486130795,807204.3446947036,855556.7311612857
2025-04-08T09:20:00.000+0000,1372215.7524217037,807204.3446947036,854262.3851682511
2025-04-08T09:30:00.000+0000,1371014.3881026476,807204.3446947036,854654.7331967535
2025-04-08T09:40:00.000+0000,1370687.3776704476,807204.3446947036,857733.9861327563
2025-04-08T09:50:00.000+0000,1371569.8604489835,807204.3446947036,855975.1244396821
2025-04-08T10:00:00.000+0000,1371553.0326519995,807204.3446947036,855289.470824162
2025-04-08T10:10:00.000+0000,1370310.7597659994,807204.3446947036,856440.2959879218
2025-04-08T10:20:00.000+0000,1369409.8603425755,807204.3446947036,857309.419553564
2025-04-08T10:30:00.000+0000,1368171.1502840316,807204.3446947036,857583.4104526739
2025-04-08T10:40:00.000+0000,1367596.7472543677,807204.3446947036,858686.379087699
2025-04-08T10:50:00.000+0000,1367618.9813628397,807204.3446947036,856957.5373688658
2025-04-08T11:00:00.000+0000,1367659.7610229915,807204.3446947036,856835.1157012461
2025-04-08T11:10:00.000+0000,1366651.2522959358,807204.3446947036,858358.3309579939
2025-04-08T11:20:00.000+0000,1367126.3954670636,807204.3446947036,860821.0561797678
2025-04-08T11:30:00.000+0000,1366015.1961382637,807204.3446947036,864648.255432482
2025-04-08T11:40:00.000+0000,1365438.8579779437,807204.3446947036,865987.4866811691
2025-04-08T11:50:00.000+0000,1365067.3917488558,807204.3446947036,870065.8666191315
2025-04-08T12:00:00.000+0000,1364419.3036544397,807204.3446947036,869108.0990392884
2025-04-08T12:10:00.000+0000,1365574.2257769997,807204.3446947036,868763.586094362
2025-04-08T12:20:00.000+0000,1365936.8409426075,807204.3446947036,866051.1301773321
2025-04-08T12:30:00.000+0000,1366284.4733839915,807204.3446947036,864002.5779545044
2025-04-08T12:40:00.000+0000,1366722.5518805995,807204.3446947036,862338.5325211347
2025-04-08T12:50:00.000+0000,1365676.3247024636,807204.3446947036,861941.7924282723
2025-04-08T13:00:00.000+0000,1364113.1838763356,807204.3446947036,864633.5072410037
2025-04-08T13:10:00.000+0000,1363576.5008864796,807204.3446947036,865415.411044675
2025-04-08T13:20:00.000+0000,1361898.0210054717,807204.3446947036,868887.8854927019
2025-04-08T13:30:00.000+0000,1362084.7356941276,807204.3446947036,860316.8612299424
2025-04-08T13:40:00.000+0000,1363540.3929459597,807204.3446947036,861342.4837408336
2025-04-08T13:50:00.000+0000,1363141.2955395114,807204.3446947036,860670.0400869285
2025-04-08T14:00:00.000+0000,1362338.2924463197,807204.3446947036,862833.3713341546
2025-04-08T14:10:00.000+0000,1362351.8136407037,807204.3446947036,865938.4971807073
2025-04-08T14:20:00.000+0000,1362694.4140709196,807204.3446947036,859128.601261116
2025-04-08T14:30:00.000+0000,1364277.4639770314,807204.3446947036,856696.8665458236
2025-04-08T14:40:00.000+0000,1365209.3429169995,807204.3446947036,852973.9181818385
2025-04-08T14:50:00.000+0000,1366068.7264996876,807204.3446947036,846490.5295506471
2025-04-08T15:00:00.000+0000,1367657.9064778157,807204.3446947036,845563.9735914178
2025-04-08T15:10:00.000+0000,1367473.8895292396,807204.3446947036,842960.0022390946
2025-04-08T15:20:00.000+0000,1367584.6981913357,807204.3446947036,843267.8085755442
2025-04-08T15:30:00.000+0000,1366386.0440324156,807204.3446947036,843996.0207716094
2025-04-08T15:40:00.000+0000,1367339.5281444076,807204.3446947036,844388.5545181241
2025-04-08T15:50:00.000+0000,1368420.2744151596,807204.3446947036,842617.9727836499
2025-04-08T16:00:00.000+0000,1368503.1972637675,807204.3446947036,842801.7758671591
2025-04-08T16:10:00.000+0000,1368315.9793679996,807204.3446947036,837751.7893504512
2025-04-08T16:20:00.000+0000,1368082.9606322395,807204.3446947036,835438.0394611575
2025-04-08T16:30:00.000+0000,1366224.8977826315,807204.3446947036,829130.7027119517
2025-04-08T16:40:00.000+0000,1368236.2727743275,807204.3446947036,826523.7284464543
2025-04-08T16:50:00.000+0000,1370147.4095108318,807204.3446947036,823632.4661423091
2025-04-08T17:00:00.000+0000,1371857.2075372636,807204.3446947036,821480.826793061
2025-04-08T17:10:00.000+0000,1372637.3568281357,807204.3446947036,818250.8620118264
2025-04-08T17:20:00.000+0000,1373962.0617756876,807204.3446947036,813849.4840208793
2025-04-08T17:30:00.000+0000,1373750.4044071517,807204.3446947036,816492.7912768092
2025-04-08T17:40:00.000+0000,1372590.7997336318,807204.3446947036,821864.9913452085
2025-04-08T17:50:00.000+0000,1371831.3889386796,807204.3446947036,823172.3039446333
2025-04-08T18:00:00.000+0000,1371631.0349801756,807204.3446947036,823334.5106838874
2025-04-08T18:10:00.000+0000,1372601.3453004234,807204.3446947036,823452.3604357466
2025-04-08T18:20:00.000+0000,1371398.9885759274,807204.3446947036,827499.7308455878
2025-04-08T18:30:00.000+0000,1370546.6109839594,807204.3446947036,828832.1975222547
2025-04-08T18:40:00.000+0000,1371169.6724057435,807204.3446947036,826938.5047627841
2025-04-08T18:50:00.000+0000,1370564.8147293036,807204.3446947036,825946.2393815638
2025-04-08T19:00:00.000+0000,1369172.5532002877,807204.3446947036,822610.3298298074
2025-04-08T19:10:00.000+0000,1369460.9909253595,807204.3446947036,818590.8430247917
2025-04-08T19:20:00.000+0000,1370285.4827038394,807204.3446947036,821770.0595695794
2025-04-08T19:30:00.000+0000,1371352.7061914797,807204.3446947036,816316.9722957568
2025-04-08T19:40:00.000+0000,1371918.2674002636,807204.3446947036,814897.454181077
2025-04-08T19:50:00.000+0000,1371688.3098735758,807204.3446947036,818996.6164682114
2025-04-08T20:00:00.000+0000,1373320.8507651996,807204.3446947036,817698.8542730936
2025-04-08T20:10:00.000+0000,1373509.5286020795,807204.3446947036,818906.043247766
2025-04-08T20:20:00.000+0000,1374992.5716377436,807204.3446947036,818282.6349090168
2025-04-08T20:30:00.000+0000,1375542.2773810555,807204.3446947036,820283.1432575122
2025-04-08T20:40:00.000+0000,1375024.3837476796,807204.3446947036,824849.3602250786
2025-04-08T20:50:00.000+0000,1374815.6803440796,807204.3446947036,826214.6694190437
2025-04-08T21:00:00.000+0000,1373592.5711148796,807204.3446947036,824814.8634789936
2025-04-08T21:10:00.000+0000,1376736.4135672476,807204.3446947036,823837.9331964375
2025-04-08T21:20:00.000+0000,1376053.9228669517,807204.3446947036,823504.046768408
2025-04-08T21:30:00.000+0000,1375768.4250980315,807204.3446947036,821819.8247089103
2025-04-08T21:40:00.000+0000,1374419.6285491916,807204.3446947036,826231.0889382875
2025-04-08T21:50:00.000+0000,1374219.6488910075,807204.3446947036,826281.7245831867
2025-04-08T22:00:00.000+0000,1375105.3201966793,807204.3446947036,820805.2848762833
2025-04-08T22:10:00.000+0000,1376018.7608291036,807204.3446947036,822033.8032485256
2025-04-08T22:20:00.000+0000,1376374.6278175756,807204.3446947036,818804.6907650122
2025-04-08T22:30:00.000+0000,1377484.2398871996,807204.3446947036,815884.7105603857
2025-04-08T22:40:00.000+0000,1376406.0857011194,807204.3446947036,816965.3481978016
2025-04-08T22:50:00.000+0000,1375962.6273218635,807204.3446947036,819630.1107857997
2025-04-08T23:00:00.000+0000,1375202.3746909196,807204.3446947036,820338.4810809912
2025-04-08T23:10:00.000+0000,1375105.8234037915,807204.3446947036,818601.8077993304
2025-04-08T23:20:00.000+0000,1374554.5211587038,807204.3446947036,820099.8893865615
2025-04-08T23:30:00.000+0000,1373450.4427186316,807204.3446947036,821705.9757499536
2025-04-08T23:40:00.000+0000,1374252.8277067037,807204.3446947036,821484.6735437608
2025-04-08T23:50:00.000+0000,1374347.7917346559,807204.3446947036,821784.8479863567
2025-04-09T00:00:00.000+0000,1373070.5198003117,807204.3446947036,817567.7316816642
2025-04-09T00:10:00.000+0000,1372279.9181779996,807204.3446947036,822053.8984580578
2025-04-09T00:20:00.000+0000,1372805.2977578235,807204.3446947036,824096.7359113996
2025-04-09T00:30:00.000+0000,1372697.2100871918,807204.3446947036,821575.678001604
2025-04-09T00:40:00.000+0000,1373547.0156684155,807204.3446947036,819657.2616063559
2025-04-09T00:50:00.000+0000,1374546.3222830554,807204.3446947036,818108.0268553352
2025-04-09T01:00:00.000+0000,1377127.7920537759,807204.3446947036,811234.022952365
2025-04-09T01:10:00.000+0000,1379073.8158283036,807204.3446947036,799268.5830016148
2025-04-09T01:20:00.000+0000,1381785.0325983195,807204.3446947036,790678.4461255812
2025-04-09T01:30:00.000+0000,1377701.0782476235,807204.3446947036,793908.8869214742
2025-04-09T01:40:00.000+0000,1374552.4491776156,807204.3446947036,803057.5289200761
2025-04-09T01:50:00.000+0000,1374748.0149297516,807204.3446947036,808918.8286624742
2025-04-09T02:00:00.000+0000,1372484.9266698954,807204.3446947036,813635.2404750986
2025-04-09T02:10:00.000+0000,1371424.2075545916,807204.3446947036,814803.0308739909
2025-04-09T02:20:00.000+0000,1373393.2047956316,807204.3446947036,809871.6276714867
2025-04-09T02:30:00.000+0000,1373231.0584865357,807204.3446947036,810377.3966767178
2025-04-09T02:40:00.000+0000,1373211.7783429998,807204.3446947036,806099.2905048099
2025-04-09T02:50:00.000+0000,1374323.9608346396,807204.3446947036,804755.0450942387
2025-04-09T03:00:00.000+0000,1374442.0224697115,807204.3446947036,802950.3337928184
2025-04-09T03:10:00.000+0000,1375642.6521969116,807204.3446947036,804565.6374092721
2025-04-09T03:20:00.000+0000,1376550.8014158555,807204.3446947036,802573.5878275243
2025-04-09T03:30:00.000+0000,1377086.1425400637,807204.3446947036,802729.7083434088
2025-04-09T03:40:00.000+0000,1377077.4172059195,807204.3446947036,799311.5111669588
2025-04-09T03:50:00.000+0000,1376156.6195338396,807204.3446947036,801564.1155192491
2025-04-09T04:00:00.000+0000,1374241.5504357438,807204.3446947036,801267.0402068949
2025-04-09T04:10:00.000+0000,1372581.9763979516,807204.3446947036,805411.3064581542
2025-04-09T04:20:00.000+0000,1373958.6463402237,807204.3446947036,806034.365306895
2025-04-09T04:30:00.000+0000,1371169.6768821597,807204.3446947036,808809.3805767256
2025-04-09T04:40:00.000+0000,1371466.4408009439,807204.3446947036,816044.2164341949
2025-04-09T04:50:00.000+0000,1371885.8215876955,807204.3446947036,815259.1518476831
2025-04-09T05:00:00.000+0000,1371468.5405098316,807204.3446947036,815111.4115706095
2025-04-09T05:10:00.000+0000,1371179.3666041754,807204.3446947036,818092.4657955009
2025-04-09T05:20:00.000+0000,1368917.9012749356,807204.3446947036,819477.1263881444
2025-04-09T05:30:00.000+0000,1370175.1677164875,807204.3446947036,819068.552624901
2025-04-09T05:40:00.000+0000,1371129.3880090637,807204.3446947036,818339.1568668124
2025-04-09T05:50:00.000+0000,1370571.8127763835,807204.3446947036,819425.1015742003
2025-04-09T06:00:00.000+0000,1367782.6103448477,807204.3446947036,821218.7953109073
2025-04-09T06:10:00.000+0000,1365660.3086155918,807204.3446947036,825445.1867830907
2025-04-09T06:20:00.000+0000,1365816.0746929594,807204.3446947036,823065.548952915
2025-04-09T06:30:00.000+0000,1365965.7014557116,807204.3446947036,822824.3769796434
2025-04-09T06:40:00.000+0000,1365714.7243681357,807204.3446947036,823189.8454268784
2025-04-09T06:50:00.000+0000,1367327.3670111035,807204.3446947036,822175.7950054372
2025-04-09T07:00:00.000+0000,1363856.5389666476,807204.3446947036,822910.4951684797
2025-04-09T07:10:00.000+0000,1363339.3923451838,807204.3446947036,829692.1167126461
2025-04-09T07:20:00.000+0000,1364015.6364867277,807204.3446947036,829007.5408015831
2025-04-09T07:30:00.000+0000,1362940.2981161918,807204.3446947036,833181.7364529877
2025-04-09T07:40:00.000+0000,1361980.0642383357,807204.3446947036,834238.6003376412
2025-04-09T07:50:00.000+0000,1362211.6214442556,807204.3446947036,833294.7323540066
2025-04-09T08:00:00.000+0000,1362366.2693868477,807204.3446947036,830709.3340786155
2025-04-09T08:10:00.000+0000,1363158.0979767996,807204.3446947036,829629.4769271065
2025-04-09T08:20:00.000+0000,1362802.7233641117,807204.3446947036,831237.6015916213
2025-04-09T08:30:00.000+0000,1361163.6873427518,807204.3446947036,828324.8970925765
2025-04-09T08:40:00.000+0000,1360822.9319852956,807204.3446947036,828306.6461760232
2025-04-09T08:50:00.000+0000,1360546.9081511598,807204.3446947036,829141.0036253764
2025-04-09T09:00:00.000+0000,1359760.2404791678,807204.3446947036,831402.974756687
2025-04-09T09:10:00.000+0000,1358738.219800328,807204.3446947036,829714.5924606114
2025-04-09T09:20:00.000+0000,1360256.8924095114,807204.3446947036,828416.3882787284
2025-04-09T09:30:00.000+0000,1359526.1252712875,807204.3446947036,827016.1066012369
2025-04-09T09:40:00.000+0000,1358759.8574663354,807204.3446947036,828540.7769543726
2025-04-09T09:50:00.000+0000,1358775.5763711436,807204.3446947036,830021.3990661064
2025-04-09T10:00:00.000+0000,1361977.0154493195,807204.3446947036,828308.2853806976
2025-04-09T10:10:00.000+0000,1361747.7956919437,807204.3446947036,830000.3151700632
2025-04-09T10:20:00.000+0000,1364348.1837259354,807204.3446947036,829064.2332117795
2025-04-09T10:30:00.000+0000,1364936.6003257679,807204.3446947036,826188.7201447177
2025-04-09T10:40:00.000+0000,1365780.2681811037,807204.3446947036,827564.6089320172
2025-04-09T10:50:00.000+0000,1362679.6793980955,807204.3446947036,830844.9418748906
2025-04-09T11:00:00.000+0000,1363701.2185324796,807204.3446947036,815228.5543116792
2025-04-09T11:10:00.000+0000,1366629.2335150635,807204.3446947036,816926.8654414264
2025-04-09T11:20:00.000+0000,1366821.8437135357,807204.3446947036,815947.9976089185
2025-04-09T11:30:00.000+0000,1367360.1263826233,807204.3446947036,810327.3825570494
2025-04-09T11:40:00.000+0000,1369909.1659382875,807204.3446947036,808905.7095700307
2025-04-09T11:50:00.000+0000,1369381.5794054396,807204.3446947036,812477.4178026674
2025-04-09T12:00:00.000+0000,1369303.7009880557,807204.3446947036,811408.0853080163
2025-04-09T12:10:00.000+0000,1369273.7262970079,807204.3446947036,814104.4419792378
2025-04-09T12:20:00.000+0000,1370420.3113945276,807204.3446947036,811062.4919578969
2025-04-09T12:30:00.000+0000,1371321.4654540797,807204.3446947036,808438.2734644226
2025-04-09T12:40:00.000+0000,1367415.6650361277,807204.3446947036,811544.7284192888
2025-04-09T12:50:00.000+0000,1366089.7347096635,807204.3446947036,818578.1733597347
2025-04-09T13:00:00.000+0000,1366226.5732811596,807204.3446947036,819032.3391479207
2025-04-09T13:10:00.000+0000,1366266.6275920556,807204.3446947036,818678.9228201807
2025-04-09T13:20:00.000+0000,1366985.1205774636,807204.3446947036,816561.0104447606
2025-04-09T13:30:00.000+0000,1364288.6519694717,807204.3446947036,819867.1398986897
2025-04-09T13:40:00.000+0000,1362534.3841373678,807204.3446947036,825880.2485253508
2025-04-09T13:50:00.000+0000,1362418.1784063838,807204.3446947036,828846.4835964595
2025-04-09T14:00:00.000+0000,1361264.2130178234,807204.3446947036,829039.5071346241
2025-04-09T14:10:00.000+0000,1361408.9210786875,807204.3446947036,827446.9971339109
2025-04-09T14:20:00.000+0000,1361117.5402200075,807204.3446947036,830597.509693461
2025-04-09T14:30:00.000+0000,1361249.4648557997,807204.3446947036,831489.9752200337
2025-04-09T14:40:00.000+0000,1362198.6499597516,807204.3446947036,828752.785248652
2025-04-09T14:50:00.000+0000,1363814.3614656636,807204.3446947036,824918.626047547
2025-04-09T15:00:00.000+0000,1362033.0821500476,807204.3446947036,826603.4983301322
2025-04-09T15:10:00.000+0000,1361684.0954229597,807204.3446947036,830070.58633074
2025-04-09T15:20:00.000+0000,1361896.3616540157,807204.3446947036,831997.6458603803
2025-04-09T15:30:00.000+0000,1362182.4418566157,807204.3446947036,829003.9123656505
2025-04-09T15:40:00.000+0000,1362398.2693263995,807204.3446947036,828494.8625096929
2025-04-09T15:50:00.000+0000,1362186.3773956636,807204.3446947036,829514.7190885085
2025-04-09T16:00:00.000+0000,1360877.0387152554,807204.3446947036,829646.9556836017
2025-04-09T16:10:00.000+0000,1359955.4940312635,807204.3446947036,833530.3769391077
2025-04-09T16:20:00.000+0000,1361073.2133299115,807204.3446947036,833228.8240589758
2025-04-09T16:30:00.000+0000,1359862.1328599998,807204.3446947036,833852.8392117784
2025-04-09T16:40:00.000+0000,1360618.3334651596,807204.3446947036,835995.8858111491
2025-04-09T16:50:00.000+0000,1359834.3651219755,807204.3446947036,838031.6499286188
2025-04-09T17:00:00.000+0000,1357750.6345111197,807204.3446947036,841882.721556823
2025-04-09T17:10:00.000+0000,1359566.8196397277,807204.3446947036,836285.0212617317
2025-04-09T17:20:00.000+0000,1349855.4369761196,807204.3446947036,853096.1615899254
2025-04-09T17:30:00.000+0000,1345937.6001450075,807204.3446947036,884824.3456862271
2025-04-09T17:40:00.000+0000,1344544.6116780075,807204.3446947036,887197.4250701201
2025-04-09T17:50:00.000+0000,1341891.6112276476,807204.3446947036,894678.4119438424
2025-04-09T18:00:00.000+0000,1342469.7012253755,807204.3446947036,901107.0936936443
2025-04-09T18:10:00.000+0000,1340865.3039608237,807204.3446947036,905271.5751866042
2025-04-09T18:20:00.000+0000,1340237.3642747756,807204.3446947036,913796.6986962871
2025-04-09T18:30:00.000+0000,1338590.7134001756,807204.3446947036,911909.2530078054
2025-04-09T18:40:00.000+0000,1339440.8840391196,807204.3446947036,903683.7989867041
2025-04-09T18:50:00.000+0000,1342082.5377541357,807204.3446947036,901461.6587774395
2025-04-09T19:00:00.000+0000,1343037.1275808476,807204.3446947036,902305.9354199655
2025-04-09T19:10:00.000+0000,1341726.3072966714,807204.3446947036,905811.4788651774
2025-04-09T19:20:00.000+0000,1341395.6207277358,807204.3446947036,909736.3453234341
2025-04-09T19:30:00.000+0000,1341258.7697361836,807204.3446947036,908450.1455594087
2025-04-09T19:40:00.000+0000,1341707.9978959195,807204.3446947036,907276.280759665
2025-04-09T19:50:00.000+0000,1341114.4327981835,807204.3446947036,907790.0059654305
2025-04-09T20:00:00.000+0000,1341815.2376654157,807204.3446947036,909419.4133990287
2025-04-09T20:10:00.000+0000,1342239.1612650077,807204.3446947036,910054.0572328888
2025-04-09T20:20:00.000+0000,1342580.1620159918,807204.3446947036,908287.218412838
2025-04-09T20:30:00.000+0000,1342632.7342845036,807204.3446947036,908625.6912263058
2025-04-09T20:40:00.000+0000,1340272.1255834636,807204.3446947036,911436.4953625472
2025-04-09T20:50:00.000+0000,1339152.5659782395,807204.3446947036,913807.2758482439
2025-04-09T21:00:00.000+0000,1338158.1764767594,807204.3446947036,916299.9757661404
2025-04-09T21:10:00.000+0000,1336359.2058655117,807204.3446947036,918712.5303310892
2025-04-09T21:20:00.000+0000,1336887.7848037996,807204.3446947036,917781.5621948501
2025-04-09T21:30:00.000+0000,1338512.3349531358,807204.3446947036,913806.8770290129
2025-04-09T21:40:00.000+0000,1337908.9480491355,807204.3446947036,915294.1972667072
2025-04-09T21:50:00.000+0000,1337693.8567599356,807204.3446947036,917066.9891229314
2025-04-09T22:00:00.000+0000,1338788.2298804796,807204.3446947036,918115.95868329
2025-04-09T22:10:00.000+0000,1337706.2550533595,807204.3446947036,920103.1016061644
2025-04-09T22:20:00.000+0000,1337168.0888710076,807204.3446947036,920452.5131613327
2025-04-09T22:30:00.000+0000,1338450.8944349035,807204.3446947036,919516.2272414718
2025-04-09T22:40:00.000+0000,1339437.4252783437,807204.3446947036,917337.2612356534
2025-04-09T22:50:00.000+0000,1339255.6277028476,807204.3446947036,916960.2922692834
2025-04-09T23:00:00.000+0000,1339118.9056180879,807204.3446947036,916168.2341894868
2025-04-09T23:10:00.000+0000,1340187.7412050157,807204.3446947036,913274.0405603413
2025-04-09T23:20:00.000+0000,1341032.6328505357,807204.3446947036,912268.5770043066
2025-04-09T23:30:00.000+0000,1341061.1259378158,807204.3446947036,913385.6451638725
2025-04-09T23:40:00.000+0000,1340207.6394536716,807204.3446947036,914300.0281576462
2025-04-09T23:50:00.000+0000,1341074.5198141355,807204.3446947036,913985.6971077311
2025-04-10T00:00:00.000+0000,1341217.9808334317,807204.3446947036,912420.6289844364
2025-04-10T00:10:00.000+0000,1341261.2360915197,807204.3446947036,910833.0599477073
2025-04-10T00:20:00.000+0000,1341055.6031395916,807204.3446947036,909757.5439216094
2025-04-10T00:30:00.000+0000,1343208.9792094715,807204.3446947036,905406.9508421621
2025-04-10T00:40:00.000+0000,1344557.0395777277,807204.3446947036,902161.3958023788
2025-04-10T00:50:00.000+0000,1344147.7368220957,807204.3446947036,902429.7805081639
2025-04-10T01:00:00.000+0000,1343154.4546240638,807204.3446947036,906218.4283942822
2025-04-10T01:10:00.000+0000,1343348.5387724317,807204.3446947036,905592.6024576774
2025-04-10T01:20:00.000+0000,1343721.6062694795,807204.3446947036,903895.8761148448
2025-04-10T01:30:00.000+0000,1344513.6802529595,807204.3446947036,900958.3268211267
2025-04-10T01:40:00.000+0000,1344907.4986659836,807204.3446947036,902940.2178698634
2025-04-10T01:50:00.000+0000,1344882.9286976955,807204.3446947036,903053.4986839155
2025-04-10T02:00:00.000+0000,1345626.9716367756,807204.3446947036,902208.743621071
2025-04-10T02:10:00.000+0000,1343701.8353388878,807204.3446947036,905520.0051406097
2025-04-10T02:20:00.000+0000,1341709.2589462716,807204.3446947036,905983.1437534813
2025-04-10T02:30:00.000+0000,1342179.3669287756,807204.3446947036,904359.108816341
2025-04-10T02:40:00.000+0000,1341599.4411008875,807204.3446947036,902692.0259053286
2025-04-10T02:50:00.000+0000,1343125.2237674717,807204.3446947036,901928.3022438292
2025-04-10T03:00:00.000+0000,1342465.8306742955,807204.3446947036,899553.4089459751
2025-04-10T03:10:00.000+0000,1344377.5839271916,807204.3446947036,890721.113502884
2025-04-10T03:20:00.000+0000,1346531.2286419836,807204.3446947036,889731.8432277057
2025-04-10T03:30:00.000+0000,1345615.3356630076,807204.3446947036,888808.1025766946
2025-04-10T03:40:00.000+0000,1344981.8559924955,807204.3446947036,891431.7118504555
2025-04-10T03:50:00.000+0000,1344125.9171617995,807204.3446947036,891534.5741245743
2025-04-10T04:00:00.000+0000,1342995.6690742075,807204.3446947036,892644.4408138918
2025-04-10T04:10:00.000+0000,1343297.9806313277,807204.3446947036,892115.5911693029
2025-04-10T04:20:00.000+0000,1343616.2564867835,807204.3446947036,891323.1281264459
2025-04-10T04:30:00.000+0000,1344689.2589975037,807204.3446947036,890471.7003981862
2025-04-10T04:40:00.000+0000,1341037.2374738876,807204.3446947036,893624.0451509798
2025-04-10T04:50:00.000+0000,1340245.4197152636,807204.3446947036,895064.1009092387
2025-04-10T05:00:00.000+0000,1338709.9333178797,807204.3446947036,894736.2851617502
2025-04-10T05:10:00.000+0000,1338825.7771685997,807204.3446947036,896018.2493807138
2025-04-10T05:20:00.000+0000,1337023.4767033677,807204.3446947036,896568.2534185102
2025-04-10T05:30:00.000+0000,1337728.9376927195,807204.3446947036,896984.0321308129
2025-04-10T05:40:00.000+0000,1337342.2417571517,807204.3446947036,896360.3217086168
2025-04-10T05:50:00.000+0000,1337160.6879864556,807204.3446947036,895788.2429062466
2025-04-10T06:00:00.000+0000,1336457.9139058555,807204.3446947036,897127.27448596
2025-04-10T06:10:00.000+0000,1335403.3372826236,807204.3446947036,898914.2564408212
2025-04-10T06:20:00.000+0000,1335986.8243492395,807204.3446947036,897133.3642059993
2025-04-10T06:30:00.000+0000,1337088.6958362875,807204.3446947036,895430.8424551599
2025-04-10T06:40:00.000+0000,1338597.2638256396,807204.3446947036,894337.9766207357
2025-04-10T06:50:00.000+0000,1338535.8760351916,842932.3928719036,895421.2328217727
2025-04-10T07:00:00.000+0000,1338076.2744908077,842932.3928719036,895709.6582657539
2025-04-10T07:10:00.000+0000,1337813.3409060878,842932.3928719036,895061.3231255835
2025-04-10T07:20:00.000+0000,1337908.9794140235,842932.3928719036,893121.8464614697
2025-04-10T07:30:00.000+0000,1339509.6093448556,842932.3928719036,884477.0026861875
2025-04-10T07:40:00.000+0000,1339291.7448360077,842932.3928719036,885548.7642525606
2025-04-10T07:50:00.000+0000,1339522.6823480795,842932.3928719036,887385.9964474759
2025-04-10T08:00:00.000+0000,1339189.8902349276,842932.3928719036,886141.5307967615
2025-04-10T08:10:00.000+0000,1338692.4432111676,842932.3928719036,887107.5325146915
2025-04-10T08:20:00.000+0000,1339182.1522103038,842932.3928719036,886309.4766750371
2025-04-10T08:30:00.000+0000,1338987.7206001275,842932.3928719036,883825.9479182907
2025-04-10T08:40:00.000+0000,1339057.7816364237,842932.3928719036,884408.7564122472
2025-04-10T08:50:00.000+0000,1339029.3426558236,842932.3928719036,885585.4274162856
2025-04-10T09:00:00.000+0000,1338874.2231507837,842932.3928719036,884053.773782657
2025-04-10T09:10:00.000+0000,1338068.8105967036,842932.3928719036,884143.9615982573
2025-04-10T09:20:00.000+0000,1337897.2804806638,842932.3928719036,887803.0477040305
2025-04-10T09:30:00.000+0000,1337971.3935427438,842932.3928719036,888401.2993183783
2025-04-10T09:40:00.000+0000,1338863.2034835755,842932.3928719036,887966.1198781747
2025-04-10T09:50:00.000+0000,1338575.7005900396,842932.3928719036,889726.4069144886
2025-04-10T10:00:00.000+0000,1338477.4030810078,842932.3928719036,889657.1585217927
2025-04-10T10:10:00.000+0000,1338315.6090198876,842932.3928719036,887406.8237975492
2025-04-10T10:20:00.000+0000,1339398.3494440396,842932.3928719036,885900.0221755744
2025-04-10T10:30:00.000+0000,1339639.4450031677,842932.3928719036,886155.1189283829
2025-04-10T10:40:00.000+0000,1340706.8006150236,842932.3928719036,884133.7212821394
2025-04-10T10:50:00.000+0000,1341093.5550737355,842932.3928719036,885001.7872202564
2025-04-10T11:00:00.000+0000,1340998.6128083596,842932.3928719036,885330.2724896893
2025-04-10T11:10:00.000+0000,1342977.3976730318,842932.3928719036,881832.6029610466
2025-04-10T11:20:00.000+0000,1344455.3073286877,842932.3928719036,882963.0635986467
2025-04-10T11:30:00.000+0000,1343729.9673152876,842932.3928719036,883157.8783445394
2025-04-10T11:40:00.000+0000,1342886.5086324797,842932.3928719036,885748.0554395036
2025-04-10T11:50:00.000+0000,1342766.5567707997,842932.3928719036,884452.0134005161
2025-04-10T12:00:00.000+0000,1341900.6921870636,842932.3928719036,883185.9165817196
2025-04-10T12:10:00.000+0000,1341688.8066512076,842932.3928719036,884532.7167570115
2025-04-10T12:20:00.000+0000,1340293.7927158799,842932.3928719036,886191.3347753058
2025-04-10T12:30:00.000+0000,1339122.876358952,842932.3928719036,890190.7559181557
2025-04-10T12:40:00.000+0000,1340922.8892157355,842932.3928719036,883311.4904469727
2025-04-10T12:50:00.000+0000,1342121.6388881835,842932.3928719036,880511.5684705115
2025-04-10T13:00:00.000+0000,1342076.3503280396,842932.3928719036,880012.8433252209
2025-04-10T13:10:00.000+0000,1341520.3763633198,842932.3928719036,879829.5237505676
2025-04-10T13:20:00.000+0000,1341293.4544062316,842932.3928719036,883114.4631736696
2025-04-10T13:30:00.000+0000,1342018.1164724238,842932.3928719036,872885.2824554553
2025-04-10T13:40:00.000+0000,1344021.5624224315,842932.3928719036,872247.6097470183
2025-04-10T13:50:00.000+0000,1343429.5215243597,842932.3928719036,874906.5654174257
2025-04-10T14:00:00.000+0000,1343519.6778515514,842932.3928719036,872898.1073073011
2025-04-10T14:10:00.000+0000,1342700.0740595516,842932.3928719036,872594.6989018237
2025-04-10T14:20:00.000+0000,1341617.8656994076,842932.3928719036,876955.3719684868
2025-04-10T14:30:00.000+0000,1340933.5792068955,842932.3928719036,880209.2161006918
2025-04-10T14:40:00.000+0000,1340699.8914567756,842932.3928719036,880717.6738716322
2025-04-10T14:50:00.000+0000,1340686.4152963357,842932.3928719036,876314.7761894627
2025-04-10T15:00:00.000+0000,1341088.3508604397,842932.3928719036,872694.758450459
2025-04-10T15:10:00.000+0000,1341970.8643743678,842932.3928719036,865348.6013106236
2025-04-10T15:20:00.000+0000,1344999.1829198557,842932.3928719036,861317.9181626451
2025-04-10T15:30:00.000+0000,1346371.8638958556,842932.3928719036,849215.821721954
2025-04-10T15:40:00.000+0000,1349053.4745397356,842932.3928719036,843696.6621217462
2025-04-10T15:50:00.000+0000,1348916.2139761038,842932.3928719036,845987.76020342
2025-04-10T16:00:00.000+0000,1347562.1258539115,842932.3928719036,842378.6587056662
2025-04-10T16:10:00.000+0000,1347849.0608721115,842932.3928719036,844051.3646853413
2025-04-10T16:20:00.000+0000,1348509.3282952637,842932.3928719036,840075.0164104346
2025-04-10T16:30:00.000+0000,1347637.4665630877,842932.3928719036,846309.3299352117
2025-04-10T16:40:00.000+0000,1347737.7079957356,842932.3928719036,846183.5052026778
2025-04-10T16:50:00.000+0000,1347238.0975640877,842932.3928719036,849066.6600991684
2025-04-10T17:00:00.000+0000,1347058.1150054156,842932.3928719036,844702.1152234892
2025-04-10T17:10:00.000+0000,1348446.8770362714,842932.3928719036,843335.527046367
2025-04-10T17:20:00.000+0000,1347677.5490514236,842932.3928719036,843439.6589225023
2025-04-10T17:30:00.000+0000,1346966.8216086077,842932.3928719036,847153.3037162158
2025-04-10T17:40:00.000+0000,1346997.7730476316,842932.3928719036,847968.3303982568
2025-04-10T17:50:00.000+0000,1346844.1566391517,842932.3928719036,850587.6315192075
2025-04-10T18:00:00.000+0000,1346128.1130526555,842932.3928719036,853018.357399622
2025-04-10T18:10:00.000+0000,1346765.2959681996,842932.3928719036,851846.8967476304
2025-04-10T18:20:00.000+0000,1346402.1945519038,842932.3928719036,855496.054019732
2025-04-10T18:30:00.000+0000,1346381.2181464636,842932.3928719036,856038.7442908081
2025-04-10T18:40:00.000+0000,1347053.9170964316,842932.3928719036,855299.9174003645
2025-04-10T18:50:00.000+0000,1347323.0484789438,842932.3928719036,854747.4159578427
2025-04-10T19:00:00.000+0000,1347161.3280188956,842932.3928719036,857233.466265209
2025-04-10T19:10:00.000+0000,1347576.8126850396,842932.3928719036,856083.7697269963
2025-04-10T19:20:00.000+0000,1347582.0570861597,842932.3928719036,854169.7052243856
2025-04-10T19:30:00.000+0000,1347366.2830435997,842932.3928719036,855311.8883090455
2025-04-10T19:40:00.000+0000,1347750.4521022877,842932.3928719036,854659.63042091
2025-04-10T19:50:00.000+0000,1346968.4907422317,842932.3928719036,857077.2682766799
2025-04-10T20:00:00.000+0000,1346952.2826390956,842932.3928719036,858798.7742470589
2025-04-10T20:10:00.000+0000,1346494.9181036716,842932.3928719036,859437.9101005155
2025-04-10T20:20:00.000+0000,1346896.9461037675,842932.3928719036,858014.9433834444
2025-04-10T20:30:00.000+0000,1346543.1046435758,842932.3928719036,859063.0046364546
2025-04-10T20:40:00.000+0000,1346312.0382247115,842932.3928719036,862066.366821929
2025-04-10T20:50:00.000+0000,1345936.7807310638,842932.3928719036,863697.7042755643
2025-04-10T21:00:00.000+0000,1345946.0406871678,842932.3928719036,863694.6809903826
2025-04-10T21:10:00.000+0000,1346012.7817515677,842932.3928719036,861891.6791314422
2025-04-10T21:20:00.000+0000,1346675.8911892876,842932.3928719036,859873.1535989781
2025-04-10T21:30:00.000+0000,1346181.7081722314,842932.3928719036,861970.5853957382
2025-04-10T21:40:00.000+0000,1346178.8661576635,842932.3928719036,861194.8881605398
2025-04-10T21:50:00.000+0000,1346535.4955257436,842932.3928719036,860967.0596311553
2025-04-10T22:00:00.000+0000,1346163.9969725357,842932.3928719036,860592.93117419
2025-04-10T22:10:00.000+0000,1345452.6468882319,842932.3928719036,863038.5049062434
2025-04-10T22:20:00.000+0000,1345807.9549741836,842932.3928719036,863219.4787662909
2025-04-10T22:30:00.000+0000,1345867.8944342237,842932.3928719036,864188.2684449507
2025-04-10T22:40:00.000+0000,1346148.118425544,842932.3928719036,863916.4246467653
2025-04-10T22:50:00.000+0000,1346178.5554364396,842932.3928719036,862495.9489133732
2025-04-10T23:00:00.000+0000,1346116.0858820956,842932.3928719036,861485.5768115214
2025-04-10T23:10:00.000+0000,1345908.3982552236,842932.3928719036,861076.9773283745
2025-04-10T23:20:00.000+0000,1345760.9243388155,842932.3928719036,859282.1656619117
2025-04-10T23:30:00.000+0000,1345817.3979437596,842932.3928719036,859684.1587020624
2025-04-10T23:40:00.000+0000,1345388.1969394716,842932.3928719036,862327.5811788407
2025-04-10T23:50:00.000+0000,1345429.4334738315,842932.3928719036,862061.9895223227
2025-04-11T00:00:00.000+0000,1344471.3402720636,842932.3928719036,860350.2840275983
2025-04-11T00:10:00.000+0000,1344187.9623459117,842932.3928719036,861789.708065693
2025-04-11T00:20:00.000+0000,1344768.5434091918,842932.3928719036,861689.5198461062
2025-04-11T00:30:00.000+0000,1345068.0929676797,842932.3928719036,860403.0764496386
2025-04-11T00:40:00.000+0000,1345267.3834576395,842932.3928719036,859970.518273792
2025-04-11T00:50:00.000+0000,1345703.1489461355,842932.3928719036,856133.2550954078
2025-04-11T01:00:00.000+0000,1345518.6735346236,842932.3928719036,856662.2982472825
2025-04-11T01:10:00.000+0000,1344520.4620331917,842932.3928719036,859955.3849904033
2025-04-11T01:20:00.000+0000,1344513.4390860475,842932.3928719036,862782.7922711757
2025-04-11T01:30:00.000+0000,1343973.4725751115,842932.3928719036,864690.3031209651
2025-04-11T01:40:00.000+0000,1344152.9966708475,842932.3928719036,865015.5107412654
2025-04-11T01:50:00.000+0000,1343409.5587373755,842932.3928719036,868769.2917242069
2025-04-11T02:00:00.000+0000,1343500.2106577756,842932.3928719036,868619.9387225783
2025-04-11T02:10:00.000+0000,1343073.1001197756,842932.3928719036,869068.4814242427
2025-04-11T02:20:00.000+0000,1341726.3456659515,842932.3928719036,870892.3607941302
2025-04-11T02:30:00.000+0000,1342026.5002300476,842932.3928719036,873430.2003137711
2025-04-11T02:40:00.000+0000,1342881.5300185597,842932.3928719036,872458.2257420942
2025-04-11T02:50:00.000+0000,1343123.1205114236,842932.3928719036,870408.0273391113
2025-04-11T03:00:00.000+0000,1342994.6426060398,842932.3928719036,871850.4735892373
2025-04-11T03:10:00.000+0000,1342772.7260714076,842932.3928719036,873362.7943092517
2025-04-11T03:20:00.000+0000,1342551.1026221197,842932.3928719036,874863.3226394766
2025-04-11T03:30:00.000+0000,1342960.0611333677,842932.3928719036,874562.5789252489
2025-04-11T03:40:00.000+0000,1342579.2849881756,842932.3928719036,875847.3707579484
2025-04-11T03:50:00.000+0000,1342708.7534205038,842932.3928719036,876070.1961341747
2025-04-11T04:00:00.000+0000,1342802.1184486798,842932.3928719036,876814.9704178204
2025-04-11T04:10:00.000+0000,1342638.7295144796,842932.3928719036,878434.996567003
2025-04-11T04:20:00.000+0000,1343039.8770595037,842932.3928719036,878555.6104287733
2025-04-11T04:30:00.000+0000,1343327.9120170476,842932.3928719036,877062.1176504993
2025-04-11T04:40:00.000+0000,1343960.1624517357,842932.3928719036,876899.9907895501
2025-04-11T04:50:00.000+0000,1343836.6899688076,842932.3928719036,877035.8826672066
2025-04-11T05:00:00.000+0000,1343906.3654837676,842932.3928719036,874717.3995315342
2025-04-11T05:10:00.000+0000,1343998.5205007275,842932.3928719036,875444.7706622446
2025-04-11T05:20:00.000+0000,1344274.0686257356,842932.3928719036,875241.7255164344
2025-04-11T05:30:00.000+0000,1344135.3226014238,842932.3928719036,876991.8722454435
2025-04-11T05:40:00.000+0000,1344115.6851139916,842932.3928719036,877392.9331095682
2025-04-11T05:50:00.000+0000,1344035.2277114475,842932.3928719036,877474.7026430783
2025-04-11T06:00:00.000+0000,1342631.8166392075,842932.3928719036,881074.8023767906
2025-04-11T06:10:00.000+0000,1342212.9931662476,842932.3928719036,883705.6275904779
2025-04-11T06:20:00.000+0000,1342344.2942512797,842932.3928719036,883453.0183603961
2025-04-11T06:30:00.000+0000,1342747.1279063355,842932.3928719036,883380.1088006659
2025-04-11T06:40:00.000+0000,1342239.7065084637,842932.3928719036,884600.479316314
2025-04-11T06:50:00.000+0000,1342657.8325398236,842932.3928719036,883425.1982772541
2025-04-11T07:00:00.000+0000,1342708.0359449438,842932.3928719036,881216.6097481988
2025-04-11T07:10:00.000+0000,1342904.4108192637,842932.3928719036,881779.5919019692
2025-04-11T07:20:00.000+0000,1343396.1543194957,842932.3928719036,880419.5378194528
2025-04-11T07:30:00.000+0000,1342802.1153911275,842932.3928719036,880951.4949022732
2025-04-11T07:40:00.000+0000,1342591.6033855677,842932.3928719036,884261.7424805376
2025-04-11T07:50:00.000+0000,1342125.5102985757,842932.3928719036,883317.0562270752
2025-04-11T08:00:00.000+0000,1341143.8552913438,842932.3928719036,878573.4670780574
2025-04-11T08:10:00.000+0000,1341592.6761471836,842932.3928719036,882874.654685257
2025-04-11T08:20:00.000+0000,1341087.8583247836,842932.3928719036,882429.2078943815
2025-04-11T08:30:00.000+0000,1340819.9740837598,842932.3928719036,882720.6402847818
2025-04-11T08:40:00.000+0000,1341047.9595093916,842932.3928719036,885008.1929389865
2025-04-11T08:50:00.000+0000,1341061.4909755515,842932.3928719036,885198.0948643174
2025-04-11T09:00:00.000+0000,1341028.3584927595,842932.3928719036,884971.0200099268
2025-04-11T09:10:00.000+0000,1341312.3049537197,842932.3928719036,884483.232828262
2025-04-11T09:20:00.000+0000,1340483.5884077598,842932.3928719036,886466.3422807081
2025-04-11T09:30:00.000+0000,1339813.1264667516,842932.3928719036,890807.8081267558
2025-04-11T09:40:00.000+0000,1339590.1829343755,842932.3928719036,891875.6890216884
2025-04-11T09:50:00.000+0000,1339157.7738885756,842932.3928719036,892342.8634927893
2025-04-11T10:00:00.000+0000,1339160.34045368,842932.3928719036,891607.1182849562
2025-04-11T10:10:00.000+0000,1339281.6859995197,842932.3928719036,891871.43308676
2025-04-11T10:20:00.000+0000,1339262.1950547595,842932.3928719036,895809.9112680983
2025-04-11T10:30:00.000+0000,1338606.6770989918,842932.3928719036,896776.6958775949
2025-04-11T10:40:00.000+0000,1339214.8336642075,842932.3928719036,894838.9608147698
2025-04-11T10:50:00.000+0000,1339476.0981153036,842932.3928719036,895038.9842851246
2025-04-11T11:00:00.000+0000,1339740.0951685675,842932.3928719036,896433.3952282663
2025-04-11T11:10:00.000+0000,1339653.0191751355,842932.3928719036,894805.0215535158
2025-04-11T11:20:00.000+0000,1340390.5352998476,842932.3928719036,893032.6178207314
2025-04-11T11:30:00.000+0000,1340142.3991576957,842932.3928719036,891356.0802037625
2025-04-11T11:40:00.000+0000,1340485.2757168317,842932.3928719036,892093.4343265462
2025-04-11T11:50:00.000+0000,1341440.6558108237,842932.3928719036,890029.5831792491
2025-04-11T12:00:00.000+0000,1341217.1072728396,842932.3928719036,890393.6997405025
2025-04-11T12:10:00.000+0000,1341094.9913437995,842932.3928719036,890461.5493236549
2025-04-11T12:20:00.000+0000,1340622.3709028717,842932.3928719036,891998.615106747
2025-04-11T12:30:00.000+0000,1340325.9564442956,842932.3928719036,894610.3821249201
2025-04-11T12:40:00.000+0000,1340646.7390227676,842932.3928719036,891877.5431966658
2025-04-11T12:50:00.000+0000,1341260.5619812396,842932.3928719036,889415.8458314098
2025-04-11T13:00:00.000+0000,1337663.8228263196,842932.3928719036,889849.7055265821
2025-04-11T13:10:00.000+0000,1342045.6396062877,842932.3928719036,889796.7619688567
2025-04-11T13:20:00.000+0000,1341957.6831577835,842932.3928719036,891286.3574418518
2025-04-11T13:30:00.000+0000,1339592.1992600237,842932.3928719036,892431.3601094745
2025-04-11T13:40:00.000+0000,1339354.0186570636,842932.3928719036,901899.2639270421
2025-04-11T13:50:00.000+0000,1339962.9091346795,842932.3928719036,901036.2322277409
2025-04-11T14:00:00.000+0000,1340823.7694949997,842932.3928719036,896216.1189804453
2025-04-11T14:10:00.000+0000,1340751.2519654715,842932.3928719036,896519.3113781862
2025-04-11T14:20:00.000+0000,1341946.3162985514,842932.3928719036,887268.3509522697
2025-04-11T14:30:00.000+0000,1342189.6865364795,842932.3928719036,891731.5885200667
2025-04-11T14:40:00.000+0000,1341497.1670856075,842932.3928719036,893686.675814737
2025-04-11T14:50:00.000+0000,1342226.4861831914,842932.3928719036,893962.7915915374
2025-04-11T15:00:00.000+0000,1343037.5827664076,842932.3928719036,892490.7110492326
2025-04-11T15:10:00.000+0000,1343207.2802297436,842932.3928719036,891741.4398810936
2025-04-11T15:20:00.000+0000,1343027.6272272156,842932.3928719036,892311.2139543728
2025-04-11T15:30:00.000+0000,1341749.9973894237,842932.3928719036,896398.0089549732
2025-04-11T15:40:00.000+0000,1342000.3893754557,842932.3928719036,898849.7678103407
2025-04-11T15:50:00.000+0000,1342590.4675149918,842932.3928719036,899024.8891617442
2025-04-11T16:00:00.000+0000,1342414.4257111917,842932.3928719036,896030.9889349244
2025-04-11T16:10:00.000+0000,1342678.3491633835,842932.3928719036,894741.9733439637
2025-04-11T16:20:00.000+0000,1342690.3763339436,842932.3928719036,893205.8137397771
2025-04-11T16:30:00.000+0000,1341362.6543619437,842932.3928719036,897172.4998147627
2025-04-11T16:40:00.000+0000,1340617.9328161837,842932.3928719036,900144.8752497835
2025-04-11T16:50:00.000+0000,1340498.3293455676,842932.3928719036,900430.1452766787
2025-04-11T17:00:00.000+0000,1340330.7223485196,842932.3928719036,899806.3622288757
2025-04-11T17:10:00.000+0000,1340193.7007635515,842932.3928719036,900809.2005230257
2025-04-11T17:20:00.000+0000,1339790.8847443755,842932.3928719036,901408.2020384803
2025-04-11T17:30:00.000+0000,1338605.6853730078,842932.3928719036,901171.8547173345
2025-04-11T17:40:00.000+0000,1338503.6289235356,842932.3928719036,910026.8129231951
2025-04-11T17:50:00.000+0000,1338584.2693395517,842932.3928719036,910468.8670855891
2025-04-11T18:00:00.000+0000,1338389.7283169758,842932.3928719036,910172.2876054668
2025-04-11T18:10:00.000+0000,1338565.0362083756,842932.3928719036,906626.1995112969
2025-04-11T18:20:00.000+0000,1338392.8281451275,842932.3928719036,905518.3928276188
2025-04-11T18:30:00.000+0000,1338360.4836814154,842932.3928719036,907454.692906705
2025-04-11T18:40:00.000+0000,1338411.6040124076,842932.3928719036,906084.4974258739
2025-04-11T18:50:00.000+0000,1339271.6015535356,842932.3928719036,902966.9327224721
2025-04-11T19:00:00.000+0000,1338736.5498875757,842932.3928719036,903803.6002488119
2025-04-11T19:10:00.000+0000,1338692.6543521197,842932.3928719036,906617.8219553633
2025-04-11T19:20:00.000+0000,1338795.2793363999,842932.3928719036,906213.9428586436
2025-04-11T19:30:00.000+0000,1339184.2708040718,842932.3928719036,904827.7660714472
2025-04-11T19:40:00.000+0000,1339182.1803377839,842932.3928719036,905649.8561716442
2025-04-11T19:50:00.000+0000,1339345.2385167996,842932.3928719036,905842.1922572345
2025-04-11T20:00:00.000+0000,1339499.4599308874,842932.3928719036,905798.2279273826
2025-04-11T20:10:00.000+0000,1339598.5089881998,842932.3928719036,906049.5890006064
2025-04-11T20:20:00.000+0000,1339116.2260934236,842932.3928719036,907154.7465537223
2025-04-11T20:30:00.000+0000,1339027.6646393116,842932.3928719036,908793.7743522164
2025-04-11T20:40:00.000+0000,1338880.9787419837,842932.3928719036,909363.4358696656
2025-04-11T20:50:00.000+0000,1339083.2942599833,842932.3928719036,908849.1625602099
2025-04-11T21:00:00.000+0000,1338413.1254043197,842932.3928719036,910483.6570406575
2025-04-11T21:10:00.000+0000,1338103.3448571756,842932.3928719036,912202.7500187189
2025-04-11T21:20:00.000+0000,1337454.3354204237,842932.3928719036,911277.7429494262
2025-04-11T21:30:00.000+0000,1338694.0468372398,842932.3928719036,907159.7628619081
2025-04-11T21:40:00.000+0000,1338823.0568066316,842932.3928719036,907221.9526477683
2025-04-11T21:50:00.000+0000,1338476.4577778557,842932.3928719036,908023.4329974959
2025-04-11T22:00:00.000+0000,1338876.8714104798,842932.3928719036,906868.6108325787
2025-04-11T22:10:00.000+0000,1339295.7313542396,842932.3928719036,905592.2088613305
2025-04-11T22:20:00.000+0000,1339580.7589196237,842932.3928719036,906285.0307151396
2025-04-11T22:30:00.000+0000,1339782.4694320157,842932.3928719036,905614.9815684878
2025-04-11T22:40:00.000+0000,1339843.2145470157,842932.3928719036,905298.1442514234
2025-04-11T22:50:00.000+0000,1340259.5255615516,842932.3928719036,905591.324664159
2025-04-11T23:00:00.000+0000,1340773.8045289756,842932.3928719036,904022.8682228453
2025-04-11T23:10:00.000+0000,1341451.5825024715,842932.3928719036,901667.7232559569
2025-04-11T23:20:00.000+0000,1341855.4619901916,842932.3928719036,900979.7984205225
2025-04-11T23:30:00.000+0000,1337315.2884873357,593578.7608719036,902453.2582141558
2025-04-11T23:40:00.000+0000,1337595.2661258955,593578.7608719036,905083.344759103
2025-04-11T23:50:00.000+0000,1337437.7755592235,593578.7608719036,906199.3802329721
2025-04-12T00:00:00.000+0000,1337763.2692058235,593578.7608719036,905142.1274646625
2025-04-12T00:10:00.000+0000,1337023.5521932316,593578.7608719036,903864.4129832218
2025-04-12T00:20:00.000+0000,1337832.2129666554,593578.7608719036,904355.7726269094
2025-04-12T00:30:00.000+0000,1333648.0648851194,593578.7608719036,905951.1823661074
2025-04-12T00:40:00.000+0000,1332889.5380724156,593578.7608719036,906868.6207681536
2025-04-12T00:50:00.000+0000,1335525.5392430876,593578.7608719036,904925.6874172997
2025-04-12T01:00:00.000+0000,1336924.0893072477,593578.7608719036,904058.0058108768
2025-04-12T01:10:00.000+0000,1335917.7627030956,593578.7608719036,903121.784208633
2025-04-12T01:20:00.000+0000,1339491.0632339276,593578.7608719036,902108.8811750205
2025-04-12T01:30:00.000+0000,1338026.1076667039,593578.7608719036,903026.1124138955
2025-04-12T01:40:00.000+0000,1339335.1720767037,593578.7608719036,903404.2933629286
2025-04-12T01:50:00.000+0000,1340020.2631650236,593578.7608719036,902121.0512160996
2025-04-12T02:00:00.000+0000,1340022.6188889358,593578.7608719036,902360.3376515191
2025-04-12T02:10:00.000+0000,1343716.1902460717,593578.7608719036,900303.7445206733
2025-04-12T02:20:00.000+0000,1344429.8540579118,593578.7608719036,901455.2424258301
2025-04-12T02:30:00.000+0000,1342734.0368378796,593578.7608719036,901114.9272420445
2025-04-12T02:40:00.000+0000,1343542.0293363514,593578.7608719036,899027.5020288175
2025-04-12T02:50:00.000+0000,1348453.1810693117,593578.7608719036,896427.1497670036
2025-04-12T03:00:00.000+0000,1348851.222611128,593578.7608719036,897246.3784849299
2025-04-12T03:10:00.000+0000,1348076.9298612718,593578.7608719036,898034.7517883733
2025-04-12T03:20:00.000+0000,1350679.6404757116,593578.7608719036,898307.0595193405
2025-04-12T03:30:00.000+0000,1351838.1767746157,593578.7608719036,898178.6071014032
2025-04-12T03:40:00.000+0000,1348713.2756870235,593578.7608719036,899990.5721266711
2025-04-12T03:50:00.000+0000,1349960.6751684635,593578.7608719036,899554.9091954704
2025-04-12T04:00:00.000+0000,1349075.5004551995,593578.7608719036,897855.0856093396
2025-04-12T04:10:00.000+0000,1348851.8370791594,593578.7608719036,898106.5555002242
2025-04-12T04:20:00.000+0000,1346504.1248626718,593578.7608719036,899684.2752865106
2025-04-12T04:30:00.000+0000,1342715.8139478636,593578.7608719036,902597.0615865211
2025-04-12T04:40:00.000+0000,1343824.5329724955,593578.7608719036,904957.0925809168
2025-04-12T04:50:00.000+0000,1341274.5302579757,593578.7608719036,906480.0274944522
2025-04-12T05:00:00.000+0000,1342117.5591948556,593578.7608719036,907869.8255006007
2025-04-12T05:10:00.000+0000,1340551.4126052638,593578.7608719036,908110.6868409363
2025-04-12T05:20:00.000+0000,1339771.0922013915,593578.7608719036,909267.2511437174
2025-04-12T05:30:00.000+0000,1340298.0109289116,593578.7608719036,909658.8334332082
2025-04-12T05:40:00.000+0000,1340476.4497635516,593578.7608719036,908614.375191303
2025-04-12T05:50:00.000+0000,1341641.3189420956,593578.7608719036,908686.8548461447
2025-04-12T06:00:00.000+0000,1335776.6480152316,593578.7608719036,909824.7680806324
2025-04-12T06:10:00.000+0000,1335645.7750274474,593578.7608719036,911612.8548280807
2025-04-12T06:20:00.000+0000,1333966.1932886317,593578.7608719036,912095.9746907104
2025-04-12T06:30:00.000+0000,1333378.6948936475,593578.7608719036,912430.7863192852
2025-04-12T06:40:00.000+0000,1334777.1253835438,593578.7608719036,912655.4771207145
2025-04-12T06:50:00.000+0000,1336481.7808772956,593578.7608719036,912024.2814062466
2025-04-12T07:00:00.000+0000,1333462.5077097118,593578.7608719036,911492.8643784849
2025-04-12T07:10:00.000+0000,1334039.9731574794,593578.7608719036,912463.4948355949
2025-04-12T07:20:00.000+0000,1332226.9462103038,593578.7608719036,913007.3362505278
2025-04-12T07:30:00.000+0000,1329334.0819646157,593578.7608719036,914301.4120952832
2025-04-12T07:40:00.000+0000,1330200.8176009518,593578.7608719036,915407.4503667597
2025-04-12T07:50:00.000+0000,1330826.8205875997,593578.7608719036,917024.9973190641
2025-04-12T08:00:00.000+0000,1325289.3936159676,593578.7608719036,917184.2188521334
2025-04-12T08:10:00.000+0000,1322965.5555448716,593578.7608719036,922024.1386399003
2025-04-12T08:20:00.000+0000,1326593.5716182236,593578.7608719036,919486.8182845935
2025-04-12T08:30:00.000+0000,1329790.6772759117,593578.7608719036,918699.83252261
2025-04-12T08:40:00.000+0000,1329346.0536495997,593578.7608719036,918434.0768347378
2025-04-12T08:50:00.000+0000,1331500.6597546637,593578.7608719036,918791.9913616213
2025-04-12T09:00:00.000+0000,1329832.7683261116,593578.7608719036,919564.2970593481
2025-04-12T09:10:00.000+0000,1331624.0960365755,593578.7608719036,917622.2800823329
2025-04-12T09:20:00.000+0000,1331860.5828756315,593578.7608719036,919074.7146902862
2025-04-12T09:30:00.000+0000,1332704.9881605515,593578.7608719036,919052.5190440337
2025-04-12T09:40:00.000+0000,1333906.6762004236,593578.7608719036,919734.2048749698
2025-04-12T09:50:00.000+0000,1335206.8431141197,593578.7608719036,920629.9268648745
2025-04-12T10:00:00.000+0000,1335521.6726288558,593578.7608719036,919822.6912967216
2025-04-12T10:10:00.000+0000,1337379.9129663596,593578.7608719036,918627.0505606805
2025-04-12T10:20:00.000+0000,1336608.1829746556,593578.7608719036,918524.7275456868
2025-04-12T10:30:00.000+0000,1334937.4695355198,593578.7608719036,918710.4078590585
2025-04-12T10:40:00.000+0000,1335090.4243936636,593578.7608719036,917335.9127749067
2025-04-12T10:50:00.000+0000,1333835.0939920396,593578.7608719036,917798.8945912629
2025-04-12T11:00:00.000+0000,1332660.7484906237,593578.7608719036,919641.4909567875
2025-04-12T11:10:00.000+0000,1331099.9483104795,593578.7608719036,920906.11421199
2025-04-12T11:20:00.000+0000,1330092.2561296637,593578.7608719036,921907.0423215353
2025-04-12T11:30:00.000+0000,1333883.3504559598,593578.7608719036,919833.9342503122
2025-04-12T11:40:00.000+0000,1333184.6559490878,593578.7608719036,919289.729930985
2025-04-12T11:50:00.000+0000,1331955.2456547758,593578.7608719036,919857.6267922604
2025-04-12T12:00:00.000+0000,1332876.2256408879,593578.7608719036,919200.4048673972
2025-04-12T12:10:00.000+0000,1331669.4214971757,593578.7608719036,920948.5604603458
2025-04-12T12:20:00.000+0000,1330630.1997402157,593578.7608719036,921786.6053332121
2025-04-12T12:30:00.000+0000,1330965.5327190475,593578.7608719036,922174.6143647463
2025-04-12T12:40:00.000+0000,1332140.2707361996,593578.7608719036,924826.2385793028
2025-04-12T12:50:00.000+0000,1333165.6353477517,593578.7608719036,924719.6789639548
2025-04-12T13:00:00.000+0000,1332240.2040955038,593578.7608719036,927199.4774068708
2025-04-12T13:10:00.000+0000,1329055.3047749274,593578.7608719036,931034.5642856165
2025-04-12T13:20:00.000+0000,1331001.4077860154,593578.7608719036,927251.9326801377
2025-04-12T13:30:00.000+0000,1334775.4170513037,593578.7608719036,929111.0528306048
2025-04-12T13:40:00.000+0000,1328291.3696523358,593578.7608719036,930894.2034253895
2025-04-12T13:50:00.000+0000,1326524.9157668797,593578.7608719036,937663.796182163
2025-04-12T14:00:00.000+0000,1318004.9613275675,593578.7608719036,940432.4786718051
2025-04-12T14:10:00.000+0000,1315819.1436717357,593578.7608719036,942740.8459054255
2025-04-12T14:20:00.000+0000,1307661.2277097518,593578.7608719036,944144.8361922305
2025-04-12T14:30:00.000+0000,1302397.7778909118,593578.7608719036,950156.9884969709
2025-04-12T14:40:00.000+0000,1307482.5574104316,593578.7608719036,948065.2982627507
2025-04-12T14:50:00.000+0000,1306914.0261895596,593578.7608719036,948998.3081789231
2025-04-12T15:00:00.000+0000,1310976.7428540078,593578.7608719036,947986.7948330719
2025-04-12T15:10:00.000+0000,1314809.6083965756,593578.7608719036,947845.3653723114
2025-04-12T15:20:00.000+0000,1311600.4963916554,593578.7608719036,953825.779156407
2025-04-12T15:30:00.000+0000,1310553.3549355278,593578.7608719036,953979.6211996792
2025-04-12T15:40:00.000+0000,1306576.3166435037,593578.7608719036,952728.8382937467
2025-04-12T15:50:00.000+0000,1307240.5910784798,593578.7608719036,951710.6332786991
2025-04-12T16:00:00.000+0000,1305606.7503975194,593578.7608719036,951184.8969746716
2025-04-12T16:10:00.000+0000,1307634.1018178393,593578.7608719036,949474.8285383198
2025-04-12T16:20:00.000+0000,1306507.3353127516,593578.7608719036,952428.4261388974
2025-04-12T16:30:00.000+0000,1310480.3650441917,593578.7608719036,950377.565189451
2025-04-12T16:40:00.000+0000,1312147.8101201116,593578.7608719036,944839.153036933
2025-04-12T16:50:00.000+0000,1317530.5056460076,593578.7608719036,945315.70048446
2025-04-12T17:00:00.000+0000,1316852.7426305355,593578.7608719036,941509.778617216
2025-04-12T17:10:00.000+0000,1322416.8754303996,593578.7608719036,939088.8684602091
2025-04-12T17:20:00.000+0000,1322996.2483309836,593578.7608719036,940693.4825925168
2025-04-12T17:30:00.000+0000,1314883.8481572159,593578.7608719036,943741.8195345886
2025-04-12T17:40:00.000+0000,1312688.2976339117,593578.7608719036,942427.2282694877
2025-04-12T17:50:00.000+0000,1312991.2710810956,593578.7608719036,942844.1428600355
2025-04-12T18:00:00.000+0000,1310581.4233328314,593578.7608719036,944607.7345978946
2025-04-12T18:10:00.000+0000,1308128.3382821039,593578.7608719036,944809.4431233353
2025-04-12T18:20:00.000+0000,1306074.6457215676,593578.7608719036,946434.8404186075
2025-04-12T18:30:00.000+0000,1306540.2217725196,593578.7608719036,947559.3598425521
2025-04-12T18:40:00.000+0000,1301971.3585794875,593578.7608719036,949069.7553717087
2025-04-12T18:50:00.000+0000,1299229.2911297756,593578.7608719036,951641.7952148179
2025-04-12T19:00:00.000+0000,1303027.1422563037,593578.7608719036,950298.2322040014
2025-04-12T19:10:00.000+0000,1305483.1292436237,593578.7608719036,951195.3921377393
2025-04-12T19:20:00.000+0000,1306884.6794257679,593578.7608719036,948586.3741875063
2025-04-12T19:30:00.000+0000,1311230.2942704717,593578.7608719036,947167.5851010678
2025-04-12T19:40:00.000+0000,1315383.9265941598,593578.7608719036,948103.0795977314
2025-04-12T19:50:00.000+0000,1318882.9608056154,593578.7608719036,948638.9109309457
2025-04-12T20:00:00.000+0000,1313404.6748033278,593578.7608719036,949621.9011803925
2025-04-12T20:10:00.000+0000,1309680.2927544797,593578.7608719036,949989.0557380056
2025-04-12T20:20:00.000+0000,1308623.9984265117,593578.7608719036,951246.1583048163
2025-04-12T20:30:00.000+0000,1301659.3214090876,593578.7608719036,954400.4328004299
2025-04-12T20:40:00.000+0000,1301671.5871786154,593578.7608719036,958846.9911371369
2025-04-12T20:50:00.000+0000,1303341.5527765036,593578.7608719036,957093.1398320599
2025-04-12T21:00:00.000+0000,1306368.9529173037,593578.7608719036,953129.3306643148
2025-04-12T21:10:00.000+0000,1310718.7912405196,593578.7608719036,954691.660156102
2025-04-12T21:20:00.000+0000,1308192.2848339037,593578.7608719036,955263.1243730048
2025-04-12T21:30:00.000+0000,1309266.9090562155,593578.7608719036,955225.6745795435
2025-04-12T21:40:00.000+0000,1310071.8233791995,593578.7608719036,956554.8788905483
2025-04-12T21:50:00.000+0000,1309471.7897704158,593578.7608719036,956448.1573901479
2025-04-12T22:00:00.000+0000,1309960.5801949995,593578.7608719036,956844.1496924874
2025-04-12T22:10:00.000+0000,1309074.5118971756,593578.7608719036,958401.7059898144
2025-04-12T22:20:00.000+0000,1310709.8112402717,593578.7608719036,958584.7283280586
2025-04-12T22:30:00.000+0000,1319219.9235995517,593578.7608719036,957590.9660332836
2025-04-12T22:40:00.000+0000,1319406.8811037997,593578.7608719036,956974.7401074255
2025-04-12T22:50:00.000+0000,1317811.9141989197,593578.7608719036,955656.0885967012
2025-04-12T23:00:00.000+0000,1315709.3768155277,593578.7608719036,955467.8848636246
2025-04-12T23:10:00.000+0000,1316800.4033055196,593578.7608719036,953996.0543748084
2025-04-12T23:20:00.000+0000,1317309.5981035354,593578.7608719036,955057.0492794665
2025-04-12T23:30:00.000+0000,1319778.1333042476,593578.7608719036,954057.1980784446
2025-04-12T23:40:00.000+0000,1315051.0622388478,593578.7608719036,954983.1933333904
2025-04-12T23:50:00.000+0000,1315873.9670179437,593578.7608719036,955041.456597399
2025-04-13T00:00:00.000+0000,1314754.4471309197,593578.7608719036,954927.8150431132
2025-04-13T00:10:00.000+0000,1314578.6352830075,593578.7608719036,957018.4562528739
2025-04-13T00:20:00.000+0000,1318494.1215260956,593578.7608719036,953375.926868927
2025-04-13T00:30:00.000+0000,1317288.4239364315,593578.7608719036,951500.1245451341
2025-04-13T00:40:00.000+0000,1316211.0900735676,593578.7608719036,954653.3615437306
2025-04-13T00:50:00.000+0000,1314576.9365131115,593578.7608719036,957652.3308331936
2025-04-13T01:00:00.000+0000,1314356.1792503195,593578.7608719036,955743.5578577261
2025-04-13T01:10:00.000+0000,1312005.2759787196,593578.7608719036,956953.985588741
2025-04-13T01:20:00.000+0000,1317404.3142799274,593578.7608719036,957352.7259215878
2025-04-13T01:30:00.000+0000,1317232.5784385996,593578.7608719036,954633.6554950716
2025-04-13T01:40:00.000+0000,1321689.5723387196,593578.7608719036,951488.041027047
2025-04-13T01:50:00.000+0000,1323635.9534371598,593578.7608719036,947194.6085831812
2025-04-13T02:00:00.000+0000,1321485.6153449514,593578.7608719036,947783.6188342904
2025-04-13T02:10:00.000+0000,1324670.2898555198,593578.7608719036,944806.3555026774
2025-04-13T02:20:00.000+0000,1326772.5381004077,593578.7608719036,944374.2977288836
2025-04-13T02:30:00.000+0000,1326044.8033843036,593578.7608719036,946852.1157672477
2025-04-13T02:40:00.000+0000,1326670.6028738795,593578.7608719036,949502.5770332881
2025-04-13T02:50:00.000+0000,1326696.2971120316,593578.7608719036,951196.6700477458
2025-04-13T03:00:00.000+0000,1326306.6832826475,593578.7608719036,953050.9079088746
2025-04-13T03:10:00.000+0000,1324503.1765032397,593578.7608719036,951630.0019933768
2025-04-13T03:20:00.000+0000,1324503.7424301356,593578.7608719036,950784.7224004436
2025-04-13T03:30:00.000+0000,1324666.8561946477,593578.7608719036,951148.0279088495
2025-04-13T03:40:00.000+0000,1322012.1948840395,593578.7608719036,951600.9002084825
2025-04-13T03:50:00.000+0000,1323341.4863794157,593578.7608719036,950422.5589141122
2025-04-13T04:00:00.000+0000,1323185.7791549277,593578.7608719036,948204.9292452263
2025-04-13T04:10:00.000+0000,1324145.6348355836,593578.7608719036,945770.0691253548
2025-04-13T04:20:00.000+0000,1324254.3797000395,593578.7608719036,947500.9998070421
2025-04-13T04:30:00.000+0000,1325731.7162545437,593578.7608719036,944772.8105265512
2025-04-13T04:40:00.000+0000,1326204.2861559358,593578.7608719036,945209.383929261
2025-04-13T04:50:00.000+0000,1328658.9815673435,593578.7608719036,939846.200613298
2025-04-13T05:00:00.000+0000,1328144.4373422957,593578.7608719036,939792.3773746454
2025-04-13T05:10:00.000+0000,1328544.1812910957,593578.7608719036,937248.3623721891
2025-04-13T05:20:00.000+0000,1328789.8186638635,593578.7608719036,939645.0828046476
2025-04-13T05:30:00.000+0000,1327120.2260973116,593578.7608719036,940278.1404655073
2025-04-13T05:40:00.000+0000,1327445.7184749278,593578.7608719036,939025.114241583
2025-04-13T05:50:00.000+0000,1329303.1199040955,593578.7608719036,938578.5894690335
2025-04-13T06:00:00.000+0000,1328914.3991197036,593578.7608719036,939134.4543234636
2025-04-13T06:10:00.000+0000,1330627.4539785834,593578.7608719036,938603.6041438146
2025-04-13T06:20:00.000+0000,1329958.5661572719,593578.7608719036,939276.9598789549
2025-04-13T06:30:00.000+0000,1328717.1185005598,593578.7608719036,940294.1775042827
2025-04-13T06:40:00.000+0000,1328496.8819708477,593578.7608719036,940984.4319749193
2025-04-13T06:50:00.000+0000,1329446.1415951354,593578.7608719036,939323.57922384
2025-04-13T07:00:00.000+0000,1331336.3082111676,593578.7608719036,939972.6259624795
2025-04-13T07:10:00.000+0000,1331514.1055693994,593578.7608719036,940048.2293943153
2025-04-13T07:20:00.000+0000,1331334.5690536078,593578.7608719036,938744.6902583961
2025-04-13T07:30:00.000+0000,1333663.5018256796,593578.7608719036,936576.3118945436
2025-04-13T07:40:00.000+0000,1333901.9751642635,593578.7608719036,936043.1387958153
2025-04-13T07:50:00.000+0000,1334479.6780419354,593578.7608719036,936736.580582988
2025-04-13T08:00:00.000+0000,1334008.1822105995,593578.7608719036,935220.1154464416
2025-04-13T08:10:00.000+0000,1333473.8005981678,593578.7608719036,934819.3721907338
2025-04-13T08:20:00.000+0000,1329498.3479266313,593578.7608719036,937538.1485824345
2025-04-13T08:30:00.000+0000,1328768.2018311757,593578.7608719036,939088.2729142399
2025-04-13T08:40:00.000+0000,1330272.1482807198,593578.7608719036,940188.4927228242
2025-04-13T08:50:00.000+0000,1329736.3140113438,593578.7608719036,940860.8176413523
2025-04-13T09:00:00.000+0000,1329073.2074912877,593578.7608719036,941291.6505725316
2025-04-13T09:10:00.000+0000,1329928.1195940236,593578.7608719036,940589.3193356479
2025-04-13T09:20:00.000+0000,1329395.209863144,593578.7608719036,941465.0453288998
2025-04-13T09:30:00.000+0000,1330428.8628087195,593578.7608719036,943563.2932491865
2025-04-13T09:40:00.000+0000,1327335.6013691437,593578.7608719036,945092.8841942984
2025-04-13T09:50:00.000+0000,1324710.6031890318,593578.7608719036,946596.1471585028
2025-04-13T10:00:00.000+0000,1322263.6497091197,593578.7608719036,945754.2084591689
2025-04-13T10:10:00.000+0000,1321859.2033352717,593578.7608719036,944282.5221662743
2025-04-13T10:20:00.000+0000,1320107.3501898716,593578.7608719036,942266.4608244346
2025-04-13T10:30:00.000+0000,1320159.9885454716,593578.7608719036,941663.8978199654
2025-04-13T10:40:00.000+0000,1320852.1896612158,593578.7608719036,942921.5428653536
2025-04-13T10:50:00.000+0000,1319470.0129778637,593578.7608719036,944126.0400963634
2025-04-13T11:00:00.000+0000,1318700.1533087036,593578.7608719036,942623.6573139443
2025-04-13T11:10:00.000+0000,1317757.6120853915,593578.7608719036,936686.9929072561
2025-04-13T11:20:00.000+0000,1323877.3740260557,593578.7608719036,934736.208936217
2025-04-13T11:30:00.000+0000,1322919.8648666795,593578.7608719036,936102.7982043492
2025-04-13T11:40:00.000+0000,1323374.3796337438,593578.7608719036,934753.7578948005
2025-04-13T11:50:00.000+0000,1325036.3857643036,593578.7608719036,934671.029114993
2025-04-13T12:00:00.000+0000,1324129.7735447756,593578.7608719036,936644.5227902229
2025-04-13T12:10:00.000+0000,1324586.0247315916,593578.7608719036,939496.4837730888
2025-04-13T12:20:00.000+0000,1326901.2139573037,593578.7608719036,936673.3616259592
2025-04-13T12:30:00.000+0000,1325257.1550174956,593578.7608719036,936820.8472975825
2025-04-13T12:40:00.000+0000,1324431.3931958638,593578.7608719036,936813.5750708118
2025-04-13T12:50:00.000+0000,1323032.9767747037,593578.7608719036,937637.8423201574
2025-04-13T13:00:00.000+0000,1322865.9776010076,593578.7608719036,936804.2176372147
2025-04-13T13:10:00.000+0000,1323756.9459656398,593578.7608719036,937409.3863453532
2025-04-13T13:20:00.000+0000,1326903.5317715674,593578.7608719036,932486.0117274909
2025-04-13T13:30:00.000+0000,1327710.5520983997,593578.7608719036,932991.6906773427
2025-04-13T13:40:00.000+0000,1332021.7614895036,593578.7608719036,927694.3824423101
2025-04-13T13:50:00.000+0000,1337867.8756936318,593578.7608719036,921015.1018437678
2025-04-13T14:00:00.000+0000,1338835.7598763437,593578.7608719036,924327.2872492013
2025-04-13T14:10:00.000+0000,1339134.0232845757,593578.7608719036,925262.9334181255
2025-04-13T14:20:00.000+0000,1347094.3507339277,593578.7608719036,925817.0622963796
2025-04-13T14:30:00.000+0000,1341424.9745062157,593578.7608719036,926805.7303094664
2025-04-13T14:40:00.000+0000,1341035.1937504797,593578.7608719036,929314.6256723799
2025-04-13T14:50:00.000+0000,1343140.4845893437,593578.7608719036,929709.5038188504
2025-04-13T15:00:00.000+0000,1343579.5832191918,593578.7608719036,927100.8297692307
2025-04-13T15:10:00.000+0000,1346607.9508253997,593578.7608719036,928435.1570419215
2025-04-13T15:20:00.000+0000,1346605.6521258317,593578.7608719036,928713.422361024
2025-04-13T15:30:00.000+0000,1347049.7514119516,593578.7608719036,928200.0702367272
2025-04-13T15:40:00.000+0000,1349101.4564337917,593578.7608719036,927597.571290517
2025-04-13T15:50:00.000+0000,1345864.1998025996,593578.7608719036,929982.1101544537
2025-04-13T16:00:00.000+0000,1342932.2487413995,593578.7608719036,931961.5158267654
2025-04-13T16:10:00.000+0000,1342526.4013792397,593578.7608719036,932106.3416541766
2025-04-13T16:20:00.000+0000,1340844.2052136397,593578.7608719036,935030.946859814
2025-04-13T16:30:00.000+0000,1343652.9606102798,593578.7608719036,935637.9855451173
2025-04-13T16:40:00.000+0000,1342568.9932284798,593578.7608719036,933959.35359954
2025-04-13T16:50:00.000+0000,1341892.7983974556,593578.7608719036,934293.2617320863
2025-04-13T17:00:00.000+0000,1338659.8451907677,593578.7608719036,935520.070125273
2025-04-13T17:10:00.000+0000,1332992.5290636555,593578.7608719036,938384.4434312922
2025-04-13T17:20:00.000+0000,1328011.6439021036,593578.7608719036,944492.166260883
2025-04-13T17:30:00.000+0000,1330275.3815919994,593578.7608719036,943003.4257684862
2025-04-13T17:40:00.000+0000,1331118.8331005517,593578.7608719036,945862.6402158418
2025-04-13T17:50:00.000+0000,1329253.0847642557,593578.7608719036,950143.6354304433
2025-04-13T18:00:00.000+0000,1326610.9381838476,593578.7608719036,948912.7981366492
2025-04-13T18:10:00.000+0000,1327658.8894815836,593578.7608719036,947697.6224123606
2025-04-13T18:20:00.000+0000,1328166.5357893836,593578.7608719036,946492.6550690221
2025-04-13T18:30:00.000+0000,1324813.2528835277,593578.7608719036,948267.3471742761
2025-04-13T18:40:00.000+0000,1324531.6192907917,593578.7608719036,948992.5052410011
2025-04-13T18:50:00.000+0000,1324060.8099198476,593578.7608719036,948269.2182245918
2025-04-13T19:00:00.000+0000,1326610.5516333356,593578.7608719036,942561.6900283019
2025-04-13T19:10:00.000+0000,1330249.2232953915,593578.7608719036,943709.8175639282
2025-04-13T19:20:00.000+0000,1329776.7244870795,593578.7608719036,942152.7029761496
2025-04-13T19:30:00.000+0000,1330339.2766949916,593578.7608719036,928218.2686403231
2025-04-13T19:40:00.000+0000,1337766.7271672399,593578.7608719036,921677.2503165134
2025-04-13T19:50:00.000+0000,1335342.2061170158,593578.7608719036,928251.36842809
2025-04-13T20:00:00.000+0000,1336554.8899731915,593578.7608719036,926751.5117482526
2025-04-13T20:10:00.000+0000,1334267.5350322234,593578.7608719036,934868.8666273511
2025-04-13T20:20:00.000+0000,1337567.7497366318,593578.7608719036,935441.1732421177
2025-04-13T20:30:00.000+0000,1342621.8191938717,593578.7608719036,925004.5491520446
2025-04-13T20:40:00.000+0000,1346589.5849998235,593578.7608719036,921617.2103323136
2025-04-13T20:50:00.000+0000,1346590.4804828637,593578.7608719036,923115.4803025754
2025-04-13T21:00:00.000+0000,1352545.5273011278,593578.7608719036,916826.8610855818
2025-04-13T21:10:00.000+0000,1356761.8795087356,593578.7608719036,919482.3847338605
2025-04-13T21:20:00.000+0000,1353699.0580676636,593578.7608719036,924172.2450100672
2025-04-13T21:30:00.000+0000,1350984.2654606076,593578.7608719036,918073.3939767745
2025-04-13T21:40:00.000+0000,1359056.8824064396,593578.7608719036,919486.4476623612
2025-04-13T21:50:00.000+0000,1356734.5828735274,593578.7608719036,924134.5108401485
2025-04-13T22:00:00.000+0000,1357575.6851429755,593578.7608719036,924429.0152905192
2025-04-13T22:10:00.000+0000,1362804.9666983115,593578.7608719036,923991.0420051147
2025-04-13T22:20:00.000+0000,1359177.2353070318,593578.7608719036,925250.5144324263
2025-04-13T22:30:00.000+0000,1357168.2737230635,593578.7608719036,923009.806511984
2025-04-13T22:40:00.000+0000,1363493.3944351757,593578.7608719036,923146.721953555
2025-04-13T22:50:00.000+0000,1362133.9093639997,593578.7608719036,923894.4479520675
2025-04-13T23:00:00.000+0000,1361204.1749270556,593578.7608719036,922940.3356547875
2025-04-13T23:10:00.000+0000,1357861.7116185916,593578.7608719036,928059.9063983144
2025-04-13T23:20:00.000+0000,1357926.0278244317,593578.7608719036,927682.9650387912
2025-04-13T23:30:00.000+0000,1358895.1309412154,593578.7608719036,926268.7596549137
2025-04-13T23:40:00.000+0000,1357588.0666598314,593578.7608719036,925138.1151505273
2025-04-13T23:50:00.000+0000,1355222.5818328157,593578.7608719036,929333.6474521998
2025-04-14T00:00:00.000+0000,1356542.6201666477,593578.7608719036,930170.2372465364
2025-04-14T00:10:00.000+0000,1350725.4677045757,593578.7608719036,933891.0931688563
2025-04-14T00:20:00.000+0000,1345231.0854196236,593578.7608719036,943042.7519958762
2025-04-14T00:30:00.000+0000,1346932.5189030475,593578.7608719036,942187.2463328624
2025-04-14T00:40:00.000+0000,1346610.8830477437,593578.7608719036,943083.3518763864
2025-04-14T00:50:00.000+0000,1348437.5989150158,593578.7608719036,940172.0563461013
2025-04-14T01:00:00.000+0000,1348520.9332241917,593578.7608719036,940998.882393413
2025-04-14T01:10:00.000+0000,1348765.6085871838,593578.7608719036,942338.6344340194
2025-04-14T01:20:00.000+0000,1345040.4910471996,593578.7608719036,943554.6061870437
2025-04-14T01:30:00.000+0000,1344693.2367830314,593578.7608719036,943115.2303360674
2025-04-14T01:40:00.000+0000,1346022.8620211997,593578.7608719036,941574.2712630826
2025-04-14T01:50:00.000+0000,1347579.5838965997,593578.7608719036,939689.5808220882
2025-04-14T02:00:00.000+0000,1346316.7628223118,593578.7608719036,940421.616347457
2025-04-14T02:10:00.000+0000,1346229.0514575837,593578.7608719036,943328.9569531097
2025-04-14T02:20:00.000+0000,1335958.3180128715,593578.7608719036,945297.6222201855
2025-04-14T02:30:00.000+0000,1329087.9368083996,593578.7608719036,957375.2322722117
2025-04-14T02:40:00.000+0000,1332707.8159964718,593578.7608719036,957334.4715976585
2025-04-14T02:50:00.000+0000,1334946.0350875915,593578.7608719036,956020.3252436996
2025-04-14T03:00:00.000+0000,1334967.3158993118,593578.7608719036,952953.6341925263
2025-04-14T03:10:00.000+0000,1337803.6048115036,593578.7608719036,950218.6519193756
2025-04-14T03:20:00.000+0000,1340156.3838313036,593578.7608719036,950798.6794280829
2025-04-14T03:30:00.000+0000,1336754.5823913515,593578.7608719036,949599.4222844096
2025-04-14T03:40:00.000+0000,1340249.7399366237,593578.7608719036,948600.9602345738
2025-04-14T03:50:00.000+0000,1342781.8258960238,593578.7608719036,946574.7237258848
2025-04-14T04:00:00.000+0000,1341719.4057526316,593578.7608719036,948894.2735930061
2025-04-14T04:10:00.000+0000,1343884.4769888879,593578.7608719036,948550.0932984677
2025-04-14T04:20:00.000+0000,1343059.5879384798,593578.7608719036,951462.2505254736
2025-04-14T04:30:00.000+0000,1339520.8925513676,593578.7608719036,953253.3326561812
2025-04-14T04:40:00.000+0000,1333996.909655864,593578.7608719036,955986.8086703538
2025-04-14T04:50:00.000+0000,1331472.8308556078,593578.7608719036,955838.5955980744
2025-04-14T05:00:00.000+0000,1332382.7194719196,593578.7608719036,954555.5190923262
2025-04-14T05:10:00.000+0000,1332449.0125749756,593578.7608719036,955409.1625674487
2025-04-14T05:20:00.000+0000,1331570.4452016077,593578.7608719036,954816.1097598465
2025-04-14T05:30:00.000+0000,1330841.6706880077,593578.7608719036,949132.6217264289
2025-04-14T05:40:00.000+0000,1337599.5149041517,593578.7608719036,947772.0833034052
2025-04-14T05:50:00.000+0000,1338548.5556936476,593578.7608719036,948635.7000943841
2025-04-14T06:00:00.000+0000,1338957.1341092158,593578.7608719036,946145.3847660245
2025-04-14T06:10:00.000+0000,1342506.1923793836,593578.7608719036,948014.7837946061
2025-04-14T06:20:00.000+0000,1343797.4378159756,593578.7608719036,946294.2110734041
2025-04-14T06:30:00.000+0000,1345693.6163686079,593578.7608719036,946347.6279807694
2025-04-14T06:40:00.000+0000,1343877.5281923756,593578.7608719036,949370.8802874717
2025-04-14T06:50:00.000+0000,1344677.5846247836,593578.7608719036,947237.2262048831
2025-04-14T07:00:00.000+0000,1344364.3901010077,593578.7608719036,946119.0929235943
2025-04-14T07:10:00.000+0000,1342643.9575190318,593578.7608719036,943948.2444846462
2025-04-14T07:20:00.000+0000,1342237.7845475674,593578.7608719036,946320.6537743022
2025-04-14T07:30:00.000+0000,1340209.7516428716,593578.7608719036,947285.256700547
2025-04-14T07:40:00.000+0000,1341547.6601391276,593578.7608719036,948268.6540772149
2025-04-14T07:50:00.000+0000,1342207.9762532958,593578.7608719036,948010.2780834062
2025-04-14T08:00:00.000+0000,1339039.0903916957,593578.7608719036,951233.8339443171
2025-04-14T08:10:00.000+0000,1339476.1529716875,593578.7608719036,948519.1456823035
2025-04-14T08:20:00.000+0000,1339194.5596966716,593578.7608719036,949079.5079399433
2025-04-14T08:30:00.000+0000,1337590.0952259277,593578.7608719036,951616.6908154507
2025-04-14T08:40:00.000+0000,1334370.2316991114,593578.7608719036,954364.3574826947
2025-04-14T08:50:00.000+0000,1338252.7068122476,593578.7608719036,953243.2084282804
2025-04-14T09:00:00.000+0000,1338645.1871965518,593578.7608719036,953564.2901349722
2025-04-14T09:10:00.000+0000,1336150.5900820638,593578.7608719036,955538.533469809
2025-04-14T09:20:00.000+0000,1337708.5497963997,593578.7608719036,951337.4062250374
2025-04-14T09:30:00.000+0000,1340662.3830378396,593578.7608719036,949632.6671354675
2025-04-14T09:40:00.000+0000,1344295.6234084077,593578.7608719036,948027.2669099992
2025-04-14T09:50:00.000+0000,1344070.9679666557,593578.7608719036,947883.3376031356
2025-04-14T10:00:00.000+0000,1340461.7063177517,593578.7608719036,950581.2780416972
2025-04-14T10:10:00.000+0000,1340725.698225136,593578.7608719036,953189.9344200452
2025-04-14T10:20:00.000+0000,1338525.6423290158,593578.7608719036,955774.0110991789
2025-04-14T10:30:00.000+0000,1338333.8851275998,593578.7608719036,957630.7496202032
2025-04-14T10:40:00.000+0000,1333445.3744672798,593578.7608719036,959851.2565271233
2025-04-14T10:50:00.000+0000,1332087.9863471994,593578.7608719036,962649.8890661355
2025-04-14T11:00:00.000+0000,1331444.3831919597,593578.7608719036,960240.5995140085
2025-04-14T11:10:00.000+0000,1331125.5297889116,593578.7608719036,962064.8720601553
2025-04-14T11:20:00.000+0000,1332761.6580883118,593578.7608719036,960289.9912410771
2025-04-14T11:30:00.000+0000,1332082.5287068076,593578.7608719036,960828.8190485602
2025-04-14T11:40:00.000+0000,1333029.1018819755,593578.7608719036,960367.8511459322
2025-04-14T11:50:00.000+0000,1332730.8090672877,593578.7608719036,961307.0705728128
2025-04-14T12:00:00.000+0000,1331461.6284846799,593578.7608719036,959703.0675293033
2025-04-14T12:10:00.000+0000,1333938.7931363035,593578.7608719036,957809.9762181316
2025-04-14T12:20:00.000+0000,1328815.3320568076,593578.7608719036,959858.5651695887
2025-04-14T12:30:00.000+0000,1325391.0661428238,593578.7608719036,961571.6619618009
2025-04-14T12:40:00.000+0000,1325270.3208364076,593578.7608719036,962752.827668313
2025-04-14T12:50:00.000+0000,1326446.6531171277,593578.7608719036,962416.1224711132
2025-04-14T13:00:00.000+0000,1325952.6483473596,593578.7608719036,963633.0336528614
2025-04-14T13:10:00.000+0000,1323139.9977893438,593578.7608719036,963447.4648400275
2025-04-14T13:20:00.000+0000,1327191.2188176638,593578.7608719036,961468.1974434492
2025-04-14T13:30:00.000+0000,1328536.6253307036,593578.7608719036,955318.6006150873
2025-04-14T13:40:00.000+0000,1331535.4178858956,593578.7608719036,949292.4117530549
2025-04-14T13:50:00.000+0000,1328184.6612973674,593578.7608719036,952332.1961348308
2025-04-14T14:00:00.000+0000,1327536.9632606555,593578.7608719036,950821.5240006312
2025-04-14T14:10:00.000+0000,1326253.1826274397,593578.7608719036,952926.1210755862
2025-04-14T14:20:00.000+0000,1320003.8006658156,593578.7608719036,955640.2499658256
2025-04-14T14:30:00.000+0000,1311898.9934827916,593578.7608719036,958262.4435368457
2025-04-14T14:40:00.000+0000,1313393.5308256475,593578.7608719036,963689.3306690613
2025-04-14T14:50:00.000+0000,1310888.7280122556,593578.7608719036,963626.7994239654
2025-04-14T15:00:00.000+0000,1322115.5493842396,593578.7608719036,952417.5008294415
2025-04-14T15:10:00.000+0000,1324507.7738324318,593578.7608719036,949918.6517030672
2025-04-14T15:20:00.000+0000,1325430.4059957438,593578.7608719036,947144.7655596416
2025-04-14T15:30:00.000+0000,1330311.1271326717,593578.7608719036,940115.55962521
2025-04-14T15:40:00.000+0000,1336156.1322647675,593578.7608719036,936049.9466246641
2025-04-14T15:50:00.000+0000,1338573.2139012874,593578.7608719036,936685.1846362664
2025-04-14T16:00:00.000+0000,1338420.2235615514,593578.7608719036,936622.0752571148
2025-04-14T16:10:00.000+0000,1341537.6277614557,593578.7608719036,934426.4246544521
2025-04-14T16:20:00.000+0000,1339412.1584183197,593578.7608719036,937543.6489539105
2025-04-14T16:30:00.000+0000,1339738.5200299916,593578.7608719036,938577.4514802042
2025-04-14T16:40:00.000+0000,1339657.5206513754,593578.7608719036,943073.8003989283
2025-04-14T16:50:00.000+0000,1343429.0280297755,593578.7608719036,940668.6287296372
2025-04-14T17:00:00.000+0000,1345935.6129563358,593578.7608719036,940454.1975074654
2025-04-14T17:10:00.000+0000,1342472.4854465197,593578.7608719036,941889.243172803
2025-04-14T17:20:00.000+0000,1339360.3003280077,593578.7608719036,944326.5205775956
2025-04-14T17:30:00.000+0000,1340452.6661157038,593578.7608719036,943629.5744020455
2025-04-14T17:40:00.000+0000,1345568.3005515276,593578.7608719036,943938.3761768462
2025-04-14T17:50:00.000+0000,1339859.2350406637,593578.7608719036,946163.6570563015
2025-04-14T18:00:00.000+0000,1334197.5322592796,593578.7608719036,948790.6040042085
2025-04-14T18:10:00.000+0000,1335120.1266128635,593578.7608719036,947511.7019096403
2025-04-14T18:20:00.000+0000,1334022.5365978957,593578.7608719036,947676.9989345707
2025-04-14T18:30:00.000+0000,1336047.9158871835,593578.7608719036,945814.5649607759
2025-04-14T18:40:00.000+0000,1334294.5097851434,593578.7608719036,944778.1972154698
2025-04-14T18:50:00.000+0000,1333656.4010208717,593578.7608719036,946519.8739275059
2025-04-14T19:00:00.000+0000,1327815.4394713196,593578.7608719036,949283.4125468789
2025-04-14T19:10:00.000+0000,1328634.0116292879,593578.7608719036,949649.6175165523
2025-04-14T19:20:00.000+0000,1330496.3823898076,593578.7608719036,949310.0739741081
2025-04-14T19:30:00.000+0000,1325652.7200820795,593578.7608719036,948580.5996880827
2025-04-14T19:40:00.000+0000,1324494.0096925597,593578.7608719036,950132.2828275408
2025-04-14T19:50:00.000+0000,1330874.1180992955,593578.7608719036,946856.3923335423
2025-04-14T20:00:00.000+0000,1332341.5368543917,593578.7608719036,945626.3489221821
2025-04-14T20:10:00.000+0000,1330432.2494072716,593578.7608719036,945431.101051948
2025-04-14T20:20:00.000+0000,1333790.5319102476,593578.7608719036,942419.9292675214
2025-04-14T20:30:00.000+0000,1337610.3295155356,593578.7608719036,942815.4080484984
2025-04-14T20:40:00.000+0000,1327215.6858083997,593578.7608719036,943702.4978770195
2025-04-14T20:50:00.000+0000,1319602.8455267437,593578.7608719036,945973.7503017915
2025-04-14T21:00:00.000+0000,1322078.8215800077,593578.7608719036,944317.7476633834
2025-04-14T21:10:00.000+0000,1320184.6586236076,593578.7608719036,944293.9613100274
2025-04-14T21:20:00.000+0000,1321541.6302771275,593578.7608719036,943538.5693540503
2025-04-14T21:30:00.000+0000,1323792.5524676316,593578.7608719036,938221.5114198249
2025-04-14T21:40:00.000+0000,1329541.2141761757,593578.7608719036,937997.0468210655
2025-04-14T21:50:00.000+0000,1324576.8785443995,593578.7608719036,939832.8065076792
2025-04-14T22:00:00.000+0000,1325978.5775673757,593578.7608719036,940456.2687454714
2025-04-14T22:10:00.000+0000,1328827.3190395436,593578.7608719036,939415.6287264741
2025-04-14T22:20:00.000+0000,1331287.0515780235,593578.7608719036,938295.9602289929
2025-04-14T22:30:00.000+0000,1330240.0223520393,593578.7608719036,939044.5894641757
2025-04-14T22:40:00.000+0000,1330428.5472513677,593578.7608719036,940995.4884145636
2025-04-14T22:50:00.000+0000,1332481.7351959194,593578.7608719036,940737.2611864975
2025-04-14T23:00:00.000+0000,1330048.3512716717,593578.7608719036,940747.9681004157
2025-04-14T23:10:00.000+0000,1329084.3614209995,593578.7608719036,943046.0824351835
2025-04-14T23:20:00.000+0000,1327476.0898783514,593578.7608719036,943101.3937071076
2025-04-14T23:30:00.000+0000,1332313.3736330075,593578.7608719036,943576.8438741035
2025-04-14T23:40:00.000+0000,1333880.8440826635,593578.7608719036,940075.4649402138
2025-04-14T23:50:00.000+0000,1335442.8541741036,593578.7608719036,940481.0963697309
2025-04-15T00:00:00.000+0000,1334533.3381794556,593578.7608719036,939514.2578790498
2025-04-15T00:10:00.000+0000,1340082.7423016957,593578.7608719036,935655.4814184502
2025-04-15T00:20:00.000+0000,1337726.3293713517,593578.7608719036,936119.8550688697
2025-04-15T00:30:00.000+0000,1331440.0795576235,593578.7608719036,940749.9450082979
2025-04-15T00:40:00.000+0000,1329292.7347888397,593578.7608719036,943349.7802520792
2025-04-15T00:50:00.000+0000,1330277.1946503916,593578.7608719036,941703.5099978215
2025-04-15T01:00:00.000+0000,1331543.8086678954,593578.7608719036,937084.3759526493
2025-04-15T01:10:00.000+0000,1336304.3775635757,593578.7608719036,937761.5863621095
2025-04-15T01:20:00.000+0000,1332424.6203243996,593578.7608719036,940034.1588091302
2025-04-15T01:30:00.000+0000,1330535.0577547436,593578.7608719036,943101.0197939877
2025-04-15T01:40:00.000+0000,1330698.8877957757,593578.7608719036,944523.6380942011
2025-04-15T01:50:00.000+0000,1331192.1358713838,593578.7608719036,946372.1700661266
2025-04-15T02:00:00.000+0000,1333719.1680270636,593578.7608719036,945994.8580307949
2025-04-15T02:10:00.000+0000,1335848.8065022235,593578.7608719036,945892.8783441212
2025-04-15T02:20:00.000+0000,1337597.0705511996,593578.7608719036,941073.6653555424
2025-04-15T02:30:00.000+0000,1344366.6666982716,593578.7608719036,938487.217760616
2025-04-15T02:40:00.000+0000,1342812.2326811196,593578.7608719036,940398.1281965086
2025-04-15T02:50:00.000+0000,1342348.8520224476,593578.7608719036,942090.3965297791
2025-04-15T03:00:00.000+0000,1337047.4034969117,593578.7608719036,944427.256811579
2025-04-15T03:10:00.000+0000,1337211.4230362235,593578.7608719036,944297.6907743479
2025-04-15T03:20:00.000+0000,1333571.0928120797,593578.7608719036,945551.3819682543
2025-04-15T03:30:00.000+0000,1329789.3492291996,593578.7608719036,947874.1998261503
2025-04-15T03:40:00.000+0000,1326968.9164919117,593578.7608719036,948406.43271808
2025-04-15T03:50:00.000+0000,1327068.6307766156,593578.7608719036,948959.3024307503
2025-04-15T04:00:00.000+0000,1326122.1853391756,593578.7608719036,948751.7810675309
2025-04-15T04:10:00.000+0000,1327294.5869469517,593578.7608719036,948176.6039308526
2025-04-15T04:20:00.000+0000,1329183.9031638475,593578.7608719036,946400.3085179019
2025-04-15T04:30:00.000+0000,1333223.2552649118,593578.7608719036,946644.8559492412
2025-04-15T04:40:00.000+0000,1333458.7675642238,593578.7608719036,947726.1202182841
2025-04-15T04:50:00.000+0000,1330255.4730216074,593578.7608719036,949013.8677990955
2025-04-15T05:00:00.000+0000,1328501.147385784,593578.7608719036,952237.1432989351
2025-04-15T05:10:00.000+0000,1323889.9350192156,593578.7608719036,952476.9936580907
2025-04-15T05:20:00.000+0000,1323836.4615022796,593578.7608719036,953312.8742774774
2025-04-15T05:30:00.000+0000,1323138.2602504878,593578.7608719036,952493.7916245576
2025-04-15T05:40:00.000+0000,1323672.0654344317,593578.7608719036,954807.5586664063
2025-04-15T05:50:00.000+0000,1324494.5524080396,593578.7608719036,952617.3858811925
2025-04-15T06:00:00.000+0000,1326798.7689789035,593578.7608719036,951193.9211677288
2025-04-15T06:10:00.000+0000,1330251.6377722637,593578.7608719036,950913.0978644531
2025-04-15T06:20:00.000+0000,1332049.4964137995,593578.7608719036,950794.7380700421
2025-04-15T06:30:00.000+0000,1331658.6694457035,593578.7608719036,952401.6110810293
2025-04-15T06:40:00.000+0000,1335578.8722824955,593578.7608719036,951995.5138317867
2025-04-15T06:50:00.000+0000,1336569.6237167597,593578.7608719036,950444.5511353628
2025-04-15T07:00:00.000+0000,1334634.2568898476,593578.7608719036,951821.0746029209
2025-04-15T07:10:00.000+0000,1334210.1070813676,593578.7608719036,953743.9130571773
2025-04-15T07:20:00.000+0000,1331963.0221985597,593578.7608719036,955145.4737178261
2025-04-15T07:30:00.000+0000,1330141.7507622554,593578.7608719036,954534.2536280036
2025-04-15T07:40:00.000+0000,1334316.0728908477,593578.7608719036,954527.4906478507
2025-04-15T07:50:00.000+0000,1335232.9349039756,593578.7608719036,954262.813478228
2025-04-15T08:00:00.000+0000,1332167.6959784396,593578.7608719036,954968.1505705214
2025-04-15T08:10:00.000+0000,1328441.4457653195,593578.7608719036,955750.3770711471
2025-04-15T08:20:00.000+0000,1327746.3079707997,593578.7608719036,955675.2469532341
2025-04-15T08:30:00.000+0000,1328904.6711682957,593578.7608719036,954427.9346671444
2025-04-15T08:40:00.000+0000,1328003.9186472557,593578.7608719036,955158.6515027739
2025-04-15T08:50:00.000+0000,1329501.4118835037,593578.7608719036,954566.3992758691
2025-04-15T09:00:00.000+0000,1330949.0425917117,593578.7608719036,954318.1625340737
2025-04-15T09:10:00.000+0000,1329411.9256098396,593578.7608719036,957939.4592919522
2025-04-15T09:20:00.000+0000,1328725.5844723596,593578.7608719036,958923.5302059506
2025-04-15T09:30:00.000+0000,1329921.8582670956,593578.7608719036,954666.5827019948
2025-04-15T09:40:00.000+0000,1328541.5593902955,593578.7608719036,956602.5775138992
2025-04-15T09:50:00.000+0000,1324222.4221365596,593578.7608719036,959395.5542531471
2025-04-15T10:00:00.000+0000,1323982.4217505916,593578.7608719036,960594.8749363626
2025-04-15T10:10:00.000+0000,1327900.2112196237,593578.7608719036,957572.2361241187
2025-04-15T10:20:00.000+0000,1329968.2647821596,593578.7608719036,955664.4028367333
2025-04-15T10:30:00.000+0000,1333023.7999069516,593578.7608719036,952481.218748861
2025-04-15T10:40:00.000+0000,1335735.2633494716,593578.7608719036,952150.7316475766
2025-04-15T10:50:00.000+0000,1333153.4666904716,593578.7608719036,953922.2621740565
2025-04-15T11:00:00.000+0000,1334732.2735937035,593578.7608719036,953396.2369416094
2025-04-15T11:10:00.000+0000,1338511.3533393599,593578.7608719036,951232.6084401156
2025-04-15T11:20:00.000+0000,1337439.3564135274,593578.7608719036,951483.1182709102
2025-04-15T11:30:00.000+0000,1336158.5829326636,593578.7608719036,952604.0317236555
2025-04-15T11:40:00.000+0000,1334449.4347259598,593578.7608719036,952680.8158109966
2025-04-15T11:50:00.000+0000,1335930.7135441275,593578.7608719036,951934.0088513412
2025-04-15T12:00:00.000+0000,1333723.0074630557,593578.7608719036,953187.6102492269
2025-04-15T12:10:00.000+0000,1333916.3573792796,593578.7608719036,954737.3030664173
2025-04-15T12:20:00.000+0000,1338443.3224876157,593578.7608719036,952002.8736904182
2025-04-15T12:30:00.000+0000,1343222.1796909356,593578.7608719036,951256.7193595099
2025-04-15T12:40:00.000+0000,1344356.5209713515,593578.7608719036,952508.6207139152
2025-04-15T12:50:00.000+0000,1340592.3167557437,593578.7608719036,955162.4030202633
2025-04-15T13:00:00.000+0000,1338898.7336969518,593578.7608719036,956815.0787160341
2025-04-15T13:10:00.000+0000,1338285.9801722476,593578.7608719036,956736.9210381944
2025-04-15T13:20:00.000+0000,1337537.7000656156,593578.7608719036,954308.971036633
2025-04-15T13:30:00.000+0000,1331452.8600950076,593578.7608719036,955321.977522152
2025-04-15T13:40:00.000+0000,1326349.7760408397,593578.7608719036,959854.2136885149
2025-04-15T13:50:00.000+0000,1328166.5091607037,593578.7608719036,953122.2079635025
2025-04-15T14:00:00.000+0000,1339465.9299966155,593578.7608719036,949000.1619873896
2025-04-15T14:10:00.000+0000,1337555.5903319437,593578.7608719036,945024.502810501
2025-04-15T14:20:00.000+0000,1350402.4513345677,593578.7608719036,941748.6718227996
2025-04-15T14:30:00.000+0000,1348444.2840925916,593578.7608719036,942122.21816604
2025-04-15T14:40:00.000+0000,1344245.0749295675,593578.7608719036,945022.4846220282
2025-04-15T14:50:00.000+0000,1345825.3068718556,593578.7608719036,946323.3834719502
2025-04-15T15:00:00.000+0000,1344406.0745867197,593578.7608719036,945573.6060351463
2025-04-15T15:10:00.000+0000,1343184.0772173195,593578.7608719036,947309.7189075996
2025-04-15T15:20:00.000+0000,1343686.5523453755,593578.7608719036,947969.1474396843
2025-04-15T15:30:00.000+0000,1347549.6010221038,593578.7608719036,943218.4935042837
2025-04-15T15:40:00.000+0000,1351157.9265305197,593578.7608719036,941358.0348643623
2025-04-15T15:50:00.000+0000,1352869.6488862555,593578.7608719036,938755.0002400267
2025-04-15T16:00:00.000+0000,1351034.6850626317,593578.7608719036,941764.6089063382
2025-04-15T16:10:00.000+0000,1351322.4916130477,593578.7608719036,943579.8054709691
2025-04-15T16:20:00.000+0000,1347738.1033095354,593578.7608719036,942498.4366768689
2025-04-15T16:30:00.000+0000,1346384.7444334796,593578.7608719036,943993.1449344754
2025-04-15T16:40:00.000+0000,1346355.2104196078,593578.7608719036,943487.1907299485
2025-04-15T16:50:00.000+0000,1348931.0616687438,593578.7608719036,942340.547230066
2025-04-15T17:00:00.000+0000,1351866.8987586317,593578.7608719036,941441.6548168219
2025-04-15T17:10:00.000+0000,1350737.4962740154,593578.7608719036,942097.5918383393
2025-04-15T17:20:00.000+0000,1353242.0527046716,593578.7608719036,938764.9218388596
2025-04-15T17:30:00.000+0000,1353109.139590296,593578.7608719036,938748.593448146
2025-04-15T17:40:00.000+0000,1353799.0166167996,593578.7608719036,940520.7806366186
2025-04-15T17:50:00.000+0000,1359402.4802168317,593578.7608719036,935914.299899882
2025-04-15T18:00:00.000+0000,1360658.5881759115,593578.7608719036,936094.2432205341
2025-04-15T18:10:00.000+0000,1361274.2753218396,593578.7608719036,932620.8585782154
2025-04-15T18:20:00.000+0000,1364396.7593646157,593578.7608719036,932140.146342149
2025-04-15T18:30:00.000+0000,1364256.8098138957,593578.7608719036,933517.6389737205
2025-04-15T18:40:00.000+0000,1360449.5109516075,593578.7608719036,934020.4640354991
2025-04-15T18:50:00.000+0000,1362404.9129975117,593578.7608719036,933889.1483662064
2025-04-15T19:00:00.000+0000,1360795.2900168796,593578.7608719036,932234.1336540934
2025-04-15T19:10:00.000+0000,1358409.2182825757,593578.7608719036,933062.1848390953
2025-04-15T19:20:00.000+0000,1358954.2727398956,593578.7608719036,930170.4274986521
2025-04-15T19:30:00.000+0000,1361477.4550978797,593578.7608719036,932058.2744477422
2025-04-15T19:40:00.000+0000,1360934.9636385196,593578.7608719036,930227.4249166718
2025-04-15T19:50:00.000+0000,1359315.3710799357,593578.7608719036,931651.6256159986
2025-04-15T20:00:00.000+0000,1359187.4958120557,593578.7608719036,931953.2843715558
2025-04-15T20:10:00.000+0000,1357179.0128348956,593578.7608719036,932495.2169343932
2025-04-15T20:20:00.000+0000,1358494.5240033597,593578.7608719036,932728.5112350674
2025-04-15T20:30:00.000+0000,1361871.4301754716,593578.7608719036,932302.6286490128
2025-04-15T20:40:00.000+0000,1362639.4796639357,593578.7608719036,930508.122526949
2025-04-15T20:50:00.000+0000,1365156.0091884476,593578.7608719036,926742.1232289977
2025-04-15T21:00:00.000+0000,1363246.2041257517,593578.7608719036,928823.7806410645
2025-04-15T21:10:00.000+0000,1363716.2916246557,593578.7608719036,928123.0245505963
2025-04-15T21:20:00.000+0000,1361890.5282947435,593578.7608719036,929569.4997013295
2025-04-15T21:30:00.000+0000,1357576.7441750716,593578.7608719036,932356.5847976443
2025-04-15T21:40:00.000+0000,1358264.2373401918,654188.8467816637,933003.5854637469
2025-04-15T21:50:00.000+0000,1358732.4366308716,654188.8467816637,931502.9263341273
2025-04-15T22:00:00.000+0000,1360181.2558575037,654188.8467816637,928778.388821671
2025-04-15T22:10:00.000+0000,1362364.2777317518,654188.8467816637,927468.6447270056
2025-04-15T22:20:00.000+0000,1364023.0026693677,654188.8467816637,925198.0813645341
2025-04-15T22:30:00.000+0000,1363311.2502272078,654188.8467816637,926997.5482860142
2025-04-15T22:40:00.000+0000,1363892.8846371358,654188.8467816637,924100.9344297124
2025-04-15T22:50:00.000+0000,1365468.5004852556,654188.8467816637,922539.0871142717
2025-04-15T23:00:00.000+0000,1365425.8793394717,654188.8467816637,923916.1710267549
2025-04-15T23:10:00.000+0000,1367487.2998526955,654188.8467816637,924579.1733712304
2025-04-15T23:20:00.000+0000,1367551.4930869916,654188.8467816637,925977.5145743933
2025-04-15T23:30:00.000+0000,1368713.4884164557,654188.8467816637,925846.4133209696
2025-04-15T23:40:00.000+0000,1368289.4836318637,654188.8467816637,923479.2376618863
2025-04-15T23:50:00.000+0000,1368005.9180059917,654188.8467816637,922645.7609308935
2025-04-16T00:00:00.000+0000,1367985.8621135517,654188.8467816637,921782.5059711582
2025-04-16T00:10:00.000+0000,1369068.6532071356,654188.8467816637,919009.3949836025
2025-04-16T00:20:00.000+0000,1365693.7525793037,654188.8467816637,919600.1634519802
2025-04-16T00:30:00.000+0000,1365293.6237586476,654188.8467816637,923520.5542472617
2025-04-16T00:40:00.000+0000,1365906.0466680557,654188.8467816637,921876.0079051619
2025-04-16T00:50:00.000+0000,1366178.1092537278,654188.8467816637,917584.0702106905
2025-04-16T01:00:00.000+0000,1364525.1183352238,654188.8467816637,918250.5737062324
2025-04-16T01:10:00.000+0000,1361912.6033205837,654188.8467816637,920949.9903912649
2025-04-16T01:20:00.000+0000,1359563.5018763677,654188.8467816637,922894.8647530229
2025-04-16T01:30:00.000+0000,1360075.1616108557,654188.8467816637,920626.087491884
2025-04-16T01:40:00.000+0000,1356786.9145446718,654188.8467816637,921063.7136929402
2025-04-16T01:50:00.000+0000,1357576.364389144,654188.8467816637,923840.7265377364
2025-04-16T02:00:00.000+0000,1356486.3951926397,654188.8467816637,925379.3578446037
2025-04-16T02:10:00.000+0000,1356679.7941695838,654188.8467816637,924975.7384418716
2025-04-16T02:20:00.000+0000,1356147.9642041998,654188.8467816637,925335.6848488313
2025-04-16T02:30:00.000+0000,1355480.6712959358,654188.8467816637,924877.1690549513
2025-04-16T02:40:00.000+0000,1356976.5283321915,654188.8467816637,923647.8037328834
2025-04-16T02:50:00.000+0000,1355377.9428245118,654188.8467816637,924977.0970261166
2025-04-16T03:00:00.000+0000,1354697.4717172475,654188.8467816637,926902.6821783707
2025-04-16T03:10:00.000+0000,1352975.0446021757,654188.8467816637,928455.2390607086
2025-04-16T03:20:00.000+0000,1353346.6674258877,654188.8467816637,926213.0074336575
2025-04-16T03:30:00.000+0000,1355751.3139884318,654188.8467816637,925511.5603939452
2025-04-16T03:40:00.000+0000,1356887.818986488,654188.8467816637,924285.0789903163
2025-04-16T03:50:00.000+0000,1355945.0914623358,654188.8467816637,923920.7249761675
2025-04-16T04:00:00.000+0000,1355869.2172003437,654188.8467816637,923818.49469943
2025-04-16T04:10:00.000+0000,1357085.5524630558,654188.8467816637,920472.7471295975
2025-04-16T04:20:00.000+0000,1360289.6976046476,654188.8467816637,919213.4684867887
2025-04-16T04:30:00.000+0000,1359549.5507761836,654188.8467816637,919184.6990929241
2025-04-16T04:40:00.000+0000,1359264.9714019597,654188.8467816637,918150.7456724448
2025-04-16T04:50:00.000+0000,1359504.6435407358,654188.8467816637,920473.2260864915
2025-04-16T05:00:00.000+0000,1356234.1417569597,654188.8467816637,922655.4450768312
2025-04-16T05:10:00.000+0000,1355549.5938137758,654188.8467816637,923501.8374752654
2025-04-16T05:20:00.000+0000,1358176.2661834639,654188.8467816637,913799.4342962649
2025-04-16T05:30:00.000+0000,1360273.0162304316,654188.8467816637,913216.8043033406
2025-04-16T05:40:00.000+0000,1360645.2664817995,654188.8467816637,917182.5877139494
2025-04-16T05:50:00.000+0000,1360325.2962429356,654188.8467816637,916881.5247815786
2025-04-16T06:00:00.000+0000,1361000.8454808476,654188.8467816637,915856.7044611111
2025-04-16T06:10:00.000+0000,1359154.4113308317,654188.8467816637,916216.2008505327
2025-04-16T06:20:00.000+0000,1359176.115913264,654188.8467816637,918699.384132657
2025-04-16T06:30:00.000+0000,1359226.051992416,654188.8467816637,919676.9158635121
2025-04-16T06:40:00.000+0000,1358482.2938253358,654188.8467816637,920609.8354470879
2025-04-16T06:50:00.000+0000,1357030.3780179517,654188.8467816637,921072.084756392
2025-04-16T07:00:00.000+0000,1356491.9028929519,654188.8467816637,918541.1382025064
2025-04-16T07:10:00.000+0000,1358708.5811405436,654188.8467816637,917749.6421773611
2025-04-16T07:20:00.000+0000,1360721.2005958715,654188.8467816637,915166.4271949483
2025-04-16T07:30:00.000+0000,1361021.4316886957,654188.8467816637,914316.840504497
2025-04-16T07:40:00.000+0000,1360339.7257600797,654188.8467816637,914817.0384174476
2025-04-16T07:50:00.000+0000,1359693.6180301036,654188.8467816637,913600.2674162351
2025-04-16T08:00:00.000+0000,1360722.1822399278,654188.8467816637,911524.501387743
2025-04-16T08:10:00.000+0000,1364393.6605556477,654188.8467816637,909357.4612361278
2025-04-16T08:20:00.000+0000,1359234.2838616478,654188.8467816637,910783.484210982
2025-04-16T08:30:00.000+0000,1357250.8739599676,654188.8467816637,916877.6848005773
2025-04-16T08:40:00.000+0000,1354849.4257766719,654188.8467816637,918905.5642699688
2025-04-16T08:50:00.000+0000,1354817.268732904,654188.8467816637,917595.5162584893
2025-04-16T09:00:00.000+0000,1352436.7513115918,654188.8467816637,918736.7760116884
2025-04-16T09:10:00.000+0000,1351574.8414315598,654188.8467816637,919054.8907200426
2025-04-16T09:20:00.000+0000,1352023.5991979118,654188.8467816637,918256.400682896
2025-04-16T09:30:00.000+0000,1352365.7851499757,654188.8467816637,918006.4925597587
2025-04-16T09:40:00.000+0000,1352173.6862721196,654188.8467816637,915460.5250189557
2025-04-16T09:50:00.000+0000,1355497.2571865998,654188.8467816637,914994.2666444764
2025-04-16T10:00:00.000+0000,1353423.3194451756,654188.8467816637,915510.6642950475
2025-04-16T10:10:00.000+0000,1349390.5754134238,654188.8467816637,917855.6335763694
2025-04-16T10:20:00.000+0000,1347941.7443262876,654188.8467816637,920110.431917429
2025-04-16T10:30:00.000+0000,1350753.7373807277,654188.8467816637,920822.1334478615
2025-04-16T10:40:00.000+0000,1350559.0230069438,654188.8467816637,920483.9139251937
2025-04-16T10:50:00.000+0000,1349990.9715419598,654188.8467816637,922357.9119398067
2025-04-16T11:00:00.000+0000,1350201.9362250878,654188.8467816637,921586.0787600689
2025-04-16T11:10:00.000+0000,1349062.9315283918,654188.8467816637,922145.0727572471
2025-04-16T11:20:00.000+0000,1349929.9394067596,654188.8467816637,919773.1595770407
2025-04-16T11:30:00.000+0000,1353439.0852324478,654188.8467816637,918891.9895348748
2025-04-16T11:40:00.000+0000,1348643.546205272,654188.8467816637,922297.974075004
2025-04-16T11:50:00.000+0000,1349652.9312407197,654188.8467816637,923836.414280246
2025-04-16T12:00:00.000+0000,1349837.4499975278,654188.8467816637,923261.2103505136
2025-04-16T12:10:00.000+0000,1349022.3172957918,654188.8467816637,922691.400344539
2025-04-16T12:20:00.000+0000,1346535.6210455517,654188.8467816637,924300.8428671418
2025-04-16T12:30:00.000+0000,1346543.4974893518,654188.8467816637,922554.4379972643
2025-04-16T12:40:00.000+0000,1350302.1584331277,654188.8467816637,919827.0725938554
2025-04-16T12:50:00.000+0000,1352919.55879636,654188.8467816637,919439.4390673088
2025-04-16T13:00:00.000+0000,1352514.4985939676,654188.8467816637,918718.4422924537
2025-04-16T13:10:00.000+0000,1352602.1233380476,654188.8467816637,917110.7183162544
2025-04-16T13:20:00.000+0000,1354366.2573009275,654188.8467816637,916980.2624388803
2025-04-16T13:30:00.000+0000,1350685.4917209677,654188.8467816637,916764.9740898083
2025-04-16T13:40:00.000+0000,1348867.8282559756,654188.8467816637,919694.8115935092
2025-04-16T13:50:00.000+0000,1349988.7806760557,654188.8467816637,916108.1520394682
2025-04-16T14:00:00.000+0000,1346881.6133800717,654188.8467816637,917302.12701928
2025-04-16T14:10:00.000+0000,1346420.1450503117,654188.8467816637,918980.371673069
2025-04-16T14:20:00.000+0000,1343183.8308046076,654188.8467816637,922553.1348503537
2025-04-16T14:30:00.000+0000,1338298.0220810077,654188.8467816637,927823.3257918656
2025-04-16T14:40:00.000+0000,1338608.9106909917,654188.8467816637,928201.6836322043
2025-04-16T14:50:00.000+0000,1337822.9275009758,654188.8467816637,930106.9216702117
2025-04-16T15:00:00.000+0000,1339221.1248675198,654188.8467816637,931073.167557159
2025-04-16T15:10:00.000+0000,1338446.8419298078,654188.8467816637,932090.522420787
2025-04-16T15:20:00.000+0000,1333332.5601210156,654188.8467816637,934534.0688247263
2025-04-16T15:30:00.000+0000,1334499.9814761837,654188.8467816637,936292.1983058245
2025-04-16T15:40:00.000+0000,1335860.5558552158,654188.8467816637,934349.3895748184
2025-04-16T15:50:00.000+0000,1338044.8452346479,654188.8467816637,933166.8569582126
2025-04-16T16:00:00.000+0000,1337137.7006113837,654188.8467816637,934060.8033010768
2025-04-16T16:10:00.000+0000,1335835.6868663356,654188.8467816637,933859.3024932414
2025-04-16T16:20:00.000+0000,1338836.632737496,654188.8467816637,931686.4221742174
2025-04-16T16:30:00.000+0000,1342612.6625250715,654188.8467816637,928113.9436148896
2025-04-16T16:40:00.000+0000,1345892.9776418959,654188.8467816637,928876.0218921676
2025-04-16T16:50:00.000+0000,1340694.6272817915,654188.8467816637,932318.6379559299
2025-04-16T17:00:00.000+0000,1341089.4356122478,654188.8467816637,937303.3197722076
2025-04-16T17:10:00.000+0000,1338603.0032906956,654188.8467816637,936758.9961809281
2025-04-16T17:20:00.000+0000,1336220.5958625998,654188.8467816637,942117.2195112673
2025-04-16T17:30:00.000+0000,1340258.1946973996,654188.8467816637,934742.2983076042
2025-04-16T17:40:00.000+0000,1350918.6900229598,654188.8467816637,921461.6989289897
2025-04-16T17:50:00.000+0000,1355655.3424371437,654188.8467816637,910997.1738043191
2025-04-16T18:00:00.000+0000,1350535.8233914957,654188.8467816637,913998.8670141117
2025-04-16T18:10:00.000+0000,1345239.9809774798,654188.8467816637,919172.477540603
2025-04-16T18:20:00.000+0000,1341088.1075255678,654188.8467816637,920565.9005574498
2025-04-16T18:30:00.000+0000,1342336.8471440396,654188.8467816637,923610.8617999547
2025-04-16T18:40:00.000+0000,1346125.7412019598,654188.8467816637,920997.6104688204
2025-04-16T18:50:00.000+0000,1345155.5515650879,654188.8467816637,922602.1849302633
2025-04-16T19:00:00.000+0000,1343425.6827581355,654188.8467816637,926732.0608773367
2025-04-16T19:10:00.000+0000,1344206.3967368957,654188.8467816637,926797.8070458155
2025-04-16T19:20:00.000+0000,1347753.6861033197,654188.8467816637,924679.3918626825
2025-04-16T19:30:00.000+0000,1349382.8348907996,654188.8467816637,925669.1759185819
2025-04-16T19:40:00.000+0000,1343165.464139704,654188.8467816637,930036.5900015223
2025-04-16T19:50:00.000+0000,1337427.899856112,669024.1268554238,941811.4301557929
2025-04-16T20:00:00.000+0000,1337880.3928518877,669024.1268554238,941861.3282051027
2025-04-16T20:10:00.000+0000,1338407.4388375198,669024.1268554238,942519.0947548451
2025-04-16T20:20:00.000+0000,1335723.3349298479,669024.1268554238,943239.2960375403
2025-04-16T20:30:00.000+0000,1336810.4654990719,669024.1268554238,941518.1810971191
2025-04-16T20:40:00.000+0000,1341526.0089839196,669024.1268554238,938795.242599756
2025-04-16T20:50:00.000+0000,1342445.662412128,669024.1268554238,936735.1448211742
2025-04-16T21:00:00.000+0000,1343427.4842357999,669024.1268554238,936928.4463147498
2025-04-16T21:10:00.000+0000,1342841.77337964,669024.1268554238,940252.1247451212
2025-04-16T21:20:00.000+0000,1339228.6082959836,669024.1268554238,942758.6580368073
2025-04-16T21:30:00.000+0000,1339164.567529616,669024.1268554238,942146.9260353481
2025-04-16T21:40:00.000+0000,1342220.1183718238,669024.1268554238,942367.877678382
2025-04-16T21:50:00.000+0000,1340631.1507736559,669024.1268554238,943645.3436982018
2025-04-16T22:00:00.000+0000,1340977.4626423437,669024.1268554238,942657.4529515692
2025-04-16T22:10:00.000+0000,1340196.6783598717,669024.1268554238,941203.2542418765
2025-04-16T22:20:00.000+0000,1343196.8728825916,669024.1268554238,940583.0406960021
2025-04-16T22:30:00.000+0000,1342294.3829525919,669024.1268554238,940185.8447011304
2025-04-16T22:40:00.000+0000,1341566.1962383757,669024.1268554238,942633.9788408761
2025-04-16T22:50:00.000+0000,1342731.1639280478,669024.1268554238,941594.9649072434
2025-04-16T23:00:00.000+0000,1344495.0597316078,669024.1268554238,939397.793280849
2025-04-16T23:10:00.000+0000,1346011.1885074878,669024.1268554238,938496.728824852
2025-04-16T23:20:00.000+0000,1346278.5447812239,669024.1268554238,937635.8118083082
2025-04-16T23:30:00.000+0000,1348863.88803068,669024.1268554238,934982.1329538666
2025-04-16T23:40:00.000+0000,1351584.9617987839,669024.1268554238,934917.1897896039
2025-04-16T23:50:00.000+0000,1352681.8519940558,669024.1268554238,936251.1892946619
2025-04-17T00:00:00.000+0000,1353213.7026029117,669024.1268554238,934849.0821221903
2025-04-17T00:10:00.000+0000,1352427.6469109436,669024.1268554238,935462.18721329
2025-04-17T00:20:00.000+0000,1352690.6640487679,669024.1268554238,934580.2972646654
2025-04-17T00:30:00.000+0000,1351389.3971657518,669024.1268554238,936350.7988614764
2025-04-17T00:40:00.000+0000,1351318.7637177517,669024.1268554238,936738.3238475793
2025-04-17T00:50:00.000+0000,1352179.1132870319,669024.1268554238,937175.3081335379
2025-04-17T01:00:00.000+0000,1351910.2316445678,669024.1268554238,937486.8040576611
2025-04-17T01:10:00.000+0000,1351498.674923552,669024.1268554238,939621.92500558
2025-04-17T01:20:00.000+0000,1352381.60360508,669024.1268554238,939808.099282099
2025-04-17T01:30:00.000+0000,1352102.7302423918,669024.1268554238,940421.7152116841
2025-04-17T01:40:00.000+0000,1351438.3941967438,669024.1268554238,939243.7057181913
2025-04-17T01:50:00.000+0000,1352591.933986056,669024.1268554238,938471.1834582943
2025-04-17T02:00:00.000+0000,1353003.738099,669024.1268554238,939069.9011695842
2025-04-17T02:10:00.000+0000,1355532.9522576798,669024.1268554238,935980.0034909784
2025-04-17T02:20:00.000+0000,1356575.6749216719,669024.1268554238,934758.7080162845
2025-04-17T02:30:00.000+0000,1356693.5466387998,669024.1268554238,935859.1851310553
2025-04-17T02:40:00.000+0000,1357473.9650442079,669024.1268554238,936907.010800255
2025-04-17T02:50:00.000+0000,1358010.6007319356,669024.1268554238,937302.3287693304
2025-04-17T03:00:00.000+0000,1355731.579348784,669024.1268554238,938370.3029390951
2025-04-17T03:10:00.000+0000,1356541.7981148157,669024.1268554238,936258.2328952443
2025-04-17T03:20:00.000+0000,1358814.429613968,669024.1268554238,931312.4557094576
2025-04-17T03:30:00.000+0000,1358488.86778196,669024.1268554238,931495.450440855
2025-04-17T03:40:00.000+0000,1357492.4371147198,669024.1268554238,931222.130932774
2025-04-17T03:50:00.000+0000,1356671.761141152,669024.1268554238,933232.789765649
2025-04-17T04:00:00.000+0000,1357761.4336651838,669024.1268554238,933039.7490570707
2025-04-17T04:10:00.000+0000,1357371.906256608,669024.1268554238,932780.4063227675
2025-04-17T04:20:00.000+0000,1357203.9343317356,669024.1268554238,933140.1125760961
2025-04-17T04:30:00.000+0000,1356351.3418118479,669024.1268554238,933251.4209985103
2025-04-17T04:40:00.000+0000,1354154.8472643679,669024.1268554238,933760.0229832316
2025-04-17T04:50:00.000+0000,1352739.8463014637,669024.1268554238,937498.2265854347
2025-04-17T05:00:00.000+0000,1350541.3901944878,669024.1268554238,938179.1507106042
2025-04-17T05:10:00.000+0000,1348172.2327079517,669024.1268554238,939878.4500438636
2025-04-17T05:20:00.000+0000,1349360.145386936,669024.1268554238,941426.9488268798
2025-04-17T05:30:00.000+0000,1348275.9317722798,669024.1268554238,942643.2282706049
2025-04-17T05:40:00.000+0000,1347331.6930780318,669024.1268554238,946126.8810952469
2025-04-17T05:50:00.000+0000,1348605.372128984,669024.1268554238,945722.5452827255
2025-04-17T06:00:00.000+0000,1347960.787429608,669024.1268554238,945589.3003893294
2025-04-17T06:10:00.000+0000,1348368.1186237517,669024.1268554238,945556.2321880782
2025-04-17T06:20:00.000+0000,1346376.8285512559,669024.1268554238,947181.9387837774
2025-04-17T06:30:00.000+0000,1347059.6353684557,669024.1268554238,949619.1062977584
2025-04-17T06:40:00.000+0000,1346844.846067472,669024.1268554238,950970.0026335104
2025-04-17T06:50:00.000+0000,1345494.4343717839,669024.1268554238,951604.8471916362
2025-04-17T07:00:00.000+0000,1346321.2082431277,669024.1268554238,949584.6768115261
2025-04-17T07:10:00.000+0000,1345929.4015694237,669024.1268554238,949183.1804174
2025-04-17T07:20:00.000+0000,1343793.995362144,669024.1268554238,950677.902330892
2025-04-17T07:30:00.000+0000,1343208.0664105997,669024.1268554238,953325.3491563159
2025-04-17T07:40:00.000+0000,1345189.7270627997,669024.1268554238,950789.0649655168
2025-04-17T07:50:00.000+0000,1346751.0036415197,669024.1268554238,949561.1879717966
2025-04-17T08:00:00.000+0000,1345977.9471118958,669024.1268554238,950682.8063247472
2025-04-17T08:10:00.000+0000,1346299.3677295276,669024.1268554238,950544.0624459609
2025-04-17T08:20:00.000+0000,1347651.5766063198,669024.1268554238,949005.7203268711
2025-04-17T08:30:00.000+0000,1348398.5085023837,669024.1268554238,948606.9017254463
2025-04-17T08:40:00.000+0000,1348287.2447646398,669024.1268554238,947980.2085027252
2025-04-17T08:50:00.000+0000,1350231.9215576157,669024.1268554238,945787.4206327013
2025-04-17T09:00:00.000+0000,1349845.311103608,669024.1268554238,943895.6439601653
2025-04-17T09:10:00.000+0000,1350140.8837761518,669024.1268554238,943840.5832783048
2025-04-17T09:20:00.000+0000,1349503.501450264,669024.1268554238,944586.632011005
2025-04-17T09:30:00.000+0000,1350304.600877608,669024.1268554238,944318.7297409249
2025-04-17T09:40:00.000+0000,1349188.7334063118,669024.1268554238,946402.5892082512
2025-04-17T09:50:00.000+0000,1350150.7758861277,669024.1268554238,946139.0473802981
2025-04-17T10:00:00.000+0000,1351540.7518150876,669024.1268554238,946086.2072566203
2025-04-17T10:10:00.000+0000,1351310.7006833437,669024.1268554238,942964.096115862
2025-04-17T10:20:00.000+0000,1353515.4623618238,669024.1268554238,943889.449196352
2025-04-17T10:30:00.000+0000,1353980.3002337918,669024.1268554238,944035.2712580481
2025-04-17T10:40:00.000+0000,1356304.9349070955,669024.1268554238,943725.0369051688
2025-04-17T10:50:00.000+0000,1356820.275004936,669024.1268554238,944076.1833633622
2025-04-17T11:00:00.000+0000,1355135.420407784,669024.1268554238,945231.9146494204
2025-04-17T11:10:00.000+0000,1356933.038392,669024.1268554238,942607.5396366478
2025-04-17T11:20:00.000+0000,1356415.18205876,669024.1268554238,943660.7978273188
2025-04-17T11:30:00.000+0000,1356655.0960039357,669024.1268554238,944267.8265949062
2025-04-17T11:40:00.000+0000,1354292.764592168,669024.1268554238,945674.7399165803
2025-04-17T11:50:00.000+0000,1354796.592477152,669024.1268554238,945511.1753711563
2025-04-17T12:00:00.000+0000,1354406.75648564,669024.1268554238,945513.3155144589
2025-04-17T12:10:00.000+0000,1355343.8081041516,669024.1268554238,946651.6967328324
2025-04-17T12:20:00.000+0000,1353378.0586927678,669024.1268554238,949091.0791798835
2025-04-17T12:30:00.000+0000,1353234.0470443277,669024.1268554238,948659.266630399
2025-04-17T12:40:00.000+0000,1354436.37976804,669024.1268554238,949311.1297325487
2025-04-17T12:50:00.000+0000,1355121.876321728,669024.1268554238,949806.6378081546
2025-04-17T13:00:00.000+0000,1355681.972625936,669024.1268554238,947183.9320304219
2025-04-17T13:10:00.000+0000,1359853.23631324,669024.1268554238,945322.0418855728
2025-04-17T13:20:00.000+0000,1358532.9732793118,669024.1268554238,945973.0966356108
2025-04-17T13:30:00.000+0000,1358007.334177272,669024.1268554238,943379.5614944925
2025-04-17T13:40:00.000+0000,1358792.8387704717,669024.1268554238,943703.7929931574
2025-04-17T13:50:00.000+0000,1358928.5728662559,669024.1268554238,943872.3097527907
2025-04-17T14:00:00.000+0000,1361748.9196523598,669024.1268554238,938312.4652873718
2025-04-17T14:10:00.000+0000,1367234.8689790799,669024.1268554238,936719.6904684163
2025-04-17T14:20:00.000+0000,1367530.6890435517,669024.1268554238,935610.7808790943
2025-04-17T14:30:00.000+0000,1367893.1901404876,669024.1268554238,931704.3301468203
2025-04-17T14:40:00.000+0000,1367143.875791912,669024.1268554238,933738.4973954987
2025-04-17T14:50:00.000+0000,1368324.220220344,669024.1268554238,934612.6029284988
2025-04-17T15:00:00.000+0000,1365704.8113651918,669024.1268554238,936047.2422446908
2025-04-17T15:10:00.000+0000,1362598.957517608,669024.1268554238,940907.5458217572
2025-04-17T15:20:00.000+0000,1362832.0300902638,669024.1268554238,939509.0282638639
2025-04-17T15:30:00.000+0000,1360681.9577452878,669024.1268554238,941155.0117360039
2025-04-17T15:40:00.000+0000,1360366.2141324156,669024.1268554238,942902.0424415745
2025-04-17T15:50:00.000+0000,1360912.127362168,669024.1268554238,944103.1663786774
2025-04-17T16:00:00.000+0000,1360861.630012392,669024.1268554238,941410.2596602149
2025-04-17T16:10:00.000+0000,1361103.1536387918,669024.1268554238,944550.5161193185
2025-04-17T16:20:00.000+0000,1357989.8933211279,669024.1268554238,948675.53016692
2025-04-17T16:30:00.000+0000,1356109.954876008,669024.1268554238,951994.5101747399
2025-04-17T16:40:00.000+0000,1357034.4142263997,669024.1268554238,949532.1580344345
2025-04-17T16:50:00.000+0000,1355055.79943556,669024.1268554238,950688.9413229054
2025-04-17T17:00:00.000+0000,1352608.4438276077,669024.1268554238,951015.3362791161
2025-04-17T17:10:00.000+0000,1351448.558748592,669024.1268554238,953039.3782267426
2025-04-17T17:20:00.000+0000,1352164.9070910877,669024.1268554238,951991.6629849301
2025-04-17T17:30:00.000+0000,1349805.5372281838,669024.1268554238,954980.8503195203
2025-04-17T17:40:00.000+0000,1350174.141098992,669024.1268554238,953744.7362276192
2025-04-17T17:50:00.000+0000,1349895.7179258636,669024.1268554238,956507.823774162
2025-04-17T18:00:00.000+0000,1352580.4315253918,669024.1268554238,955589.2414452394
2025-04-17T18:10:00.000+0000,1350227.4466703918,669024.1268554238,957453.1098483384
2025-04-17T18:20:00.000+0000,1349787.8776471596,669024.1268554238,956311.9460349898
2025-04-17T18:30:00.000+0000,1352138.1867644638,669024.1268554238,956274.4913944909
2025-04-17T18:40:00.000+0000,1353333.7673042477,669024.1268554238,954193.3167132051
2025-04-17T18:50:00.000+0000,1355261.3942080557,669024.1268554238,951181.3934000863
2025-04-17T19:00:00.000+0000,1358836.6327372477,669024.1268554238,952303.4242281534
2025-04-17T19:10:00.000+0000,1361839.5309952477,669024.1268554238,945981.0506719846
2025-04-17T19:20:00.000+0000,1365659.1619339758,669024.1268554238,943208.9117728192
2025-04-17T19:30:00.000+0000,1368992.9038551357,669024.1268554238,940204.4482914275
2025-04-17T19:40:00.000+0000,1369067.238749608,669024.1268554238,942599.2754146191
2025-04-17T19:50:00.000+0000,1369323.6925023436,669024.1268554238,942319.1559383979
2025-04-17T20:00:00.000+0000,1368451.9303304558,669024.1268554238,945765.1651493583
2025-04-17T20:10:00.000+0000,1367858.6206282398,669024.1268554238,947089.7434219187
2025-04-17T20:20:00.000+0000,1368422.0010630398,669024.1268554238,948518.8213041879
2025-04-17T20:30:00.000+0000,1367996.119031448,669024.1268554238,947432.1044188829
2025-04-17T20:40:00.000+0000,1368976.7471908159,669024.1268554238,946981.0385568722
2025-04-17T20:50:00.000+0000,1366518.2989640636,669024.1268554238,950349.5917707458
2025-04-17T21:00:00.000+0000,1365147.8501109357,669024.1268554238,948589.8287100862
2025-04-17T21:10:00.000+0000,1365530.6559310877,669024.1268554238,948548.8605951448
2025-04-17T21:20:00.000+0000,1367866.2976117358,669024.1268554238,947373.8352525448
2025-04-17T21:30:00.000+0000,1368993.5825617358,669024.1268554238,948362.8224837745
2025-04-17T21:40:00.000+0000,1368690.951720248,669024.1268554238,948831.9092857821
2025-04-17T21:50:00.000+0000,1367349.981944976,669024.1268554238,950077.7453075422
2025-04-17T22:00:00.000+0000,1366438.64936476,669024.1268554238,949010.582986559
2025-04-17T22:10:00.000+0000,1367000.8856056477,669024.1268554238,950436.189989627
2025-04-17T22:20:00.000+0000,1369162.4867601919,669024.1268554238,949413.8199088229
2025-04-17T22:30:00.000+0000,1368814.7527101599,669024.1268554238,948346.7985643093
2025-04-17T22:40:00.000+0000,1371947.020899352,669024.1268554238,947333.4152412934
2025-04-17T22:50:00.000+0000,1374818.802184912,669024.1268554238,944700.2855757321
2025-04-17T23:00:00.000+0000,1374904.3022900638,669024.1268554238,945905.6276102659
2025-04-17T23:10:00.000+0000,1373160.6630382878,669024.1268554238,947931.1005262451
2025-04-17T23:20:00.000+0000,1372572.798246656,669024.1268554238,949141.6842578417
2025-04-17T23:30:00.000+0000,1372212.690023888,669024.1268554238,948892.8305249179
2025-04-17T23:40:00.000+0000,1372352.4761454556,669024.1268554238,948001.6067341568
2025-04-17T23:50:00.000+0000,1371367.9987579358,669024.1268554238,948746.3582401348
2025-04-18T00:00:00.000+0000,1371289.5190719517,669024.1268554238,948029.6779439383
2025-04-18T00:10:00.000+0000,1370010.7762852318,669024.1268554238,947039.5315202201
2025-04-18T00:20:00.000+0000,1371386.97603396,669024.1268554238,946719.3476844442
2025-04-18T00:30:00.000+0000,1372073.195888544,669024.1268554238,947209.6746424349
2025-04-18T00:40:00.000+0000,1373569.4317115278,669024.1268554238,945885.3949566514
2025-04-18T00:50:00.000+0000,1376988.9400046559,669024.1268554238,945498.4196839652
2025-04-18T01:00:00.000+0000,1379001.7646057357,669024.1268554238,946229.8239900279
2025-04-18T01:10:00.000+0000,1376328.9212723917,669024.1268554238,951109.581916821
2025-04-18T01:20:00.000+0000,1377829.2244189116,669024.1268554238,950739.610977839
2025-04-18T01:30:00.000+0000,1378618.6332562158,669024.1268554238,950695.8007616252
2025-04-18T01:40:00.000+0000,1381216.271911472,669024.1268554238,948937.4767000906
2025-04-18T01:50:00.000+0000,1382358.7600991437,669024.1268554238,948947.1536111892
2025-04-18T02:00:00.000+0000,1382275.91555784,669024.1268554238,947973.131357249
2025-04-18T02:10:00.000+0000,1382093.9151847118,669024.1268554238,947986.1317321742
2025-04-18T02:20:00.000+0000,1379568.2136736638,669024.1268554238,948737.0903432004
2025-04-18T02:30:00.000+0000,1380480.8981215197,669024.1268554238,949478.4192081899
2025-04-18T02:40:00.000+0000,1380133.976560976,669024.1268554238,949977.6334874488
2025-04-18T02:50:00.000+0000,1377667.0737033437,669024.1268554238,951023.1908968285
2025-04-18T03:00:00.000+0000,1379270.332439448,669024.1268554238,948341.7541484188
2025-04-18T03:10:00.000+0000,1383559.3200621998,669024.1268554238,948622.403243266
2025-04-18T03:20:00.000+0000,1385572.9314333599,669024.1268554238,946993.7036521088
2025-04-18T03:30:00.000+0000,1383793.160530048,669024.1268554238,946818.7141732508
2025-04-18T03:40:00.000+0000,1383825.6317522717,669024.1268554238,948018.6424485948
2025-04-18T03:50:00.000+0000,1386803.2282878556,669024.1268554238,948307.3884610871
2025-04-18T04:00:00.000+0000,1387633.9802941438,669024.1268554238,945832.244736613
2025-04-18T04:10:00.000+0000,1389029.0131143518,669024.1268554238,944448.9022792747
2025-04-18T04:20:00.000+0000,1386653.0295530478,669024.1268554238,945568.4190866367
2025-04-18T04:30:00.000+0000,1385715.383540432,669024.1268554238,945716.6967537504
2025-04-18T04:40:00.000+0000,1386595.0176697117,669024.1268554238,945552.4782470698
2025-04-18T04:50:00.000+0000,1386723.9256907278,669024.1268554238,945335.2435213394
2025-04-18T05:00:00.000+0000,1388324.0926722158,669024.1268554238,945010.0929838171
2025-04-18T05:10:00.000+0000,1387398.3553450238,669024.1268554238,944758.7458615549
2025-04-18T05:20:00.000+0000,1389355.7087186158,669024.1268554238,943200.1343602214
2025-04-18T05:30:00.000+0000,1389203.3749232239,669024.1268554238,942942.7205728046
2025-04-18T05:40:00.000+0000,1389567.4612809357,669024.1268554238,945010.3974550655
2025-04-18T05:50:00.000+0000,1387833.9615310638,669024.1268554238,945641.138340675
2025-04-18T06:00:00.000+0000,1388486.8390808478,669024.1268554238,944997.9358026896
2025-04-18T06:10:00.000+0000,1389408.9605730237,669024.1268554238,945976.8041539144
2025-04-18T06:20:00.000+0000,1390839.2093678957,669024.1268554238,945553.579006412
2025-04-18T06:30:00.000+0000,1390910.6706031358,669024.1268554238,943763.555540663
2025-04-18T06:40:00.000+0000,1390298.6108429758,669024.1268554238,944154.1598215748
2025-04-18T06:50:00.000+0000,1387813.4247136717,669024.1268554238,944885.3853672469
2025-04-18T07:00:00.000+0000,1387699.3576304,669024.1268554238,946385.3326390393
2025-04-18T07:10:00.000+0000,1388372.8869055759,669024.1268554238,945706.6730355206
2025-04-18T07:20:00.000+0000,1389134.9810221517,669024.1268554238,943979.9950693091
2025-04-18T07:30:00.000+0000,1387676.1255309598,669024.1268554238,946168.7039314283
2025-04-18T07:40:00.000+0000,1388471.721454632,669024.1268554238,947384.5861656489
2025-04-18T07:50:00.000+0000,1388628.251480352,669024.1268554238,948022.3366060888
2025-04-18T08:00:00.000+0000,1387404.122837336,669024.1268554238,949344.7573055746
2025-04-18T08:10:00.000+0000,1385864.2059871522,669024.1268554238,949496.1019441212
2025-04-18T08:20:00.000+0000,1382904.0473600717,669024.1268554238,949846.2173263442
2025-04-18T08:30:00.000+0000,1382436.8716298877,669024.1268554238,949541.5722914516
2025-04-18T08:40:00.000+0000,1381680.5577054557,669024.1268554238,949990.2613353396
2025-04-18T08:50:00.000+0000,1384676.0612139916,669024.1268554238,947937.0436625613
2025-04-18T09:00:00.000+0000,1385890.4315299198,669024.1268554238,947930.0716322938
2025-04-18T09:10:00.000+0000,1386345.2037908237,669024.1268554238,947279.2197706823
2025-04-18T09:20:00.000+0000,1385923.4971462477,669024.1268554238,948376.7470396707
2025-04-18T09:30:00.000+0000,1385230.7139065757,669024.1268554238,948015.1753611391
2025-04-18T09:40:00.000+0000,1383153.963447128,669024.1268554238,949841.1219893639
2025-04-18T09:50:00.000+0000,1383420.3783245839,669024.1268554238,948162.9052017799
2025-04-18T10:00:00.000+0000,1382880.4047892718,669024.1268554238,947414.2207529037
2025-04-18T10:10:00.000+0000,1381816.1886138557,669024.1268554238,948315.9946610681
2025-04-18T10:20:00.000+0000,1382207.4008934558,669024.1268554238,948413.0081647122
2025-04-18T10:30:00.000+0000,1383197.0347824718,669024.1268554238,946262.1993908095
2025-04-18T10:40:00.000+0000,1385664.9682249757,669024.1268554238,945300.6977411078
2025-04-18T10:50:00.000+0000,1386041.686569008,669024.1268554238,945183.6713476137
2025-04-18T11:00:00.000+0000,1386199.9893553837,669024.1268554238,944786.0918169818
2025-04-18T11:10:00.000+0000,1384843.6493326558,585935.671905424,946842.7833111967
2025-04-18T11:20:00.000+0000,1385610.1227529836,586031.6245914637,945446.4091160585
2025-04-18T11:30:00.000+0000,1387277.6496533917,586031.6245914637,945545.7887241752
2025-04-18T11:40:00.000+0000,1388504.9928726875,586031.6245914637,946231.2788449165
2025-04-18T11:50:00.000+0000,1385486.7273583356,586031.6245914637,947245.432736123
2025-04-18T12:00:00.000+0000,1385799.6874398158,586031.6245914637,947368.2867142912
2025-04-18T12:10:00.000+0000,1387264.7308666958,586031.6245914637,946757.7473966382
2025-04-18T12:20:00.000+0000,1384181.5043927196,586031.6245914637,947281.2709317564
2025-04-18T12:30:00.000+0000,1377866.7850628397,586031.6245914637,949313.9793458774
2025-04-18T12:40:00.000+0000,1375799.1750551758,586031.6245914637,950729.7271986451
2025-04-18T12:50:00.000+0000,1378150.881483736,586031.6245914637,950183.300988626
2025-04-18T13:00:00.000+0000,1382777.1539525758,669953.6189928638,948563.3279068354
2025-04-18T13:10:00.000+0000,1383573.112176176,669953.6189928638,947516.8670014273
2025-04-18T13:20:00.000+0000,1382236.7888207918,669953.6189928638,948373.0614852423
2025-04-18T13:30:00.000+0000,1382778.8974166878,669953.6189928638,948628.8545530492
2025-04-18T13:40:00.000+0000,1383315.3840237758,669953.6189928638,947177.921947188
2025-04-18T13:50:00.000+0000,1383550.344265088,669953.6189928638,948184.9925669471
2025-04-18T14:00:00.000+0000,1383696.4909741117,669953.6189928638,947905.5074937672
2025-04-18T14:10:00.000+0000,1385852.1524342159,669953.6189928638,946352.2934128613
2025-04-18T14:20:00.000+0000,1385312.8917781438,669953.6189928638,945723.6514078219
2025-04-18T14:30:00.000+0000,1385683.88852312,669953.6189928638,945444.9299094932
2025-04-18T14:40:00.000+0000,1386470.9887987517,669953.6189928638,944883.5135209976
2025-04-18T14:50:00.000+0000,1387561.4139202237,669953.6189928638,944138.5183825777
2025-04-18T15:00:00.000+0000,1387914.9141636079,669953.6189928638,942118.8371364363
2025-04-18T15:10:00.000+0000,1391873.8823333038,669953.6189928638,942094.9706454173
2025-04-18T15:20:00.000+0000,1392030.3817635197,669953.6189928638,941314.2370251012
2025-04-18T15:30:00.000+0000,1392965.9220120958,669953.6189928638,941453.192654738
2025-04-18T15:40:00.000+0000,1392383.896005696,669953.6189928638,941851.4561769923
2025-04-18T15:50:00.000+0000,1392328.9898757676,669953.6189928638,942227.1750995609
2025-04-18T16:00:00.000+0000,1392218.7427241039,669953.6189928638,942127.6252984016
2025-04-18T16:10:00.000+0000,1390334.316062432,669953.6189928638,942893.7498882004
2025-04-18T16:20:00.000+0000,1389058.8678279596,669953.6189928638,943943.9156468937
2025-04-18T16:30:00.000+0000,1388088.7365943277,669953.6189928638,944242.7060268408
2025-04-18T16:40:00.000+0000,1388814.4119492397,669953.6189928638,943472.5938170254
2025-04-18T16:50:00.000+0000,1388688.609681632,669953.6189928638,943696.8866130162
2025-04-18T17:00:00.000+0000,1385033.8387393118,669953.6189928638,943809.2596205777
2025-04-18T17:10:00.000+0000,1384796.367138696,669953.6189928638,944832.1191125674
2025-04-18T17:20:00.000+0000,1385908.34566364,669953.6189928638,944188.1162711016
2025-04-18T17:30:00.000+0000,1384347.227288256,669953.6189928638,945026.8845470967
2025-04-18T17:40:00.000+0000,1384236.8206342957,669953.6189928638,946839.1524338864
2025-04-18T17:50:00.000+0000,1384773.4807424718,669953.6189928638,947016.5763502205
2025-04-18T18:00:00.000+0000,1386044.1933684638,669953.6189928638,945982.0121003012
2025-04-18T18:10:00.000+0000,1385552.0267769757,669953.6189928638,946967.4582323832
2025-04-18T18:20:00.000+0000,1384736.7254002877,669953.6189928638,946925.4148007857
2025-04-18T18:30:00.000+0000,1386151.7263631916,669953.6189928638,947351.6576083575
2025-04-18T18:40:00.000+0000,1384930.718771336,669953.6189928638,947622.8353634096
2025-04-18T18:50:00.000+0000,1382761.9445398478,669953.6189928638,947962.2411488369
2025-04-18T19:00:00.000+0000,1383547.9953557197,669953.6189928638,947155.1371760126
2025-04-18T19:10:00.000+0000,1380433.2083703678,669953.6189928638,947993.4557116864
2025-04-18T19:20:00.000+0000,1380122.111177384,669953.6189928638,948409.0934475198
2025-04-18T19:30:00.000+0000,1383142.3031393439,669953.6189928638,946971.1805154406
2025-04-18T19:40:00.000+0000,1383085.272370488,669953.6189928638,946646.3333760158
2025-04-18T19:50:00.000+0000,1384933.002283064,669953.6189928638,946933.0879930893
2025-04-18T20:00:00.000+0000,1383589.144849768,669953.6189928638,947404.9941187016
2025-04-18T20:10:00.000+0000,1384433.7365054719,669953.6189928638,946562.4714008407
2025-04-18T20:20:00.000+0000,1383855.1834285038,669953.6189928638,946895.2651003008
2025-04-18T20:30:00.000+0000,1384627.7604720239,669953.6189928638,946406.396717509
2025-04-18T20:40:00.000+0000,1386215.7915500076,669953.6189928638,945853.3332203359
2025-04-18T20:50:00.000+0000,1385564.0044771438,669953.6189928638,947382.8376067382
2025-04-18T21:00:00.000+0000,1385808.0840571437,669953.6189928638,947426.130008986
2025-04-18T21:10:00.000+0000,1389484.274620048,669953.6189928638,947691.102268716
2025-04-18T21:20:00.000+0000,1389567.074567056,669953.6189928638,947435.8197800362
2025-04-18T21:30:00.000+0000,1388115.307840312,669953.6189928638,947686.8064214233
2025-04-18T21:40:00.000+0000,1387304.90027544,669953.6189928638,948851.8452931391
2025-04-18T21:50:00.000+0000,1386981.998883376,669953.6189928638,948463.0847329132
2025-04-18T22:00:00.000+0000,1386865.3758465038,669953.6189928638,948440.6701188298
2025-04-18T22:10:00.000+0000,1387590.36761872,669953.6189928638,947355.0379134627
2025-04-18T22:20:00.000+0000,1387004.463087624,669953.6189928638,948286.8047434557
2025-04-18T22:30:00.000+0000,1386618.551514064,669953.6189928638,948259.7313776852
2025-04-18T22:40:00.000+0000,1387099.607910824,669953.6189928638,948057.1968110022
2025-04-18T22:50:00.000+0000,1388378.6719803119,669953.6189928638,947358.0694887757
2025-04-18T23:00:00.000+0000,1388343.223911472,669953.6189928638,944829.0076589496
2025-04-18T23:10:00.000+0000,1389863.9112176078,669953.6189928638,944078.0726393837
2025-04-18T23:20:00.000+0000,1391989.469909208,669953.6189928638,944187.0878780084
2025-04-18T23:30:00.000+0000,1388604.882027384,669953.6189928638,945657.9143611253
2025-04-18T23:40:00.000+0000,1387497.3471246958,669953.6189928638,946627.830000314
2025-04-18T23:50:00.000+0000,1388789.0877747997,669953.6189928638,946314.7162988161
2025-04-19T00:00:00.000+0000,1388284.1987094397,669953.6189928638,945824.2338946781
2025-04-19T00:10:00.000+0000,1388103.491610864,669953.6189928638,944801.7064807834
2025-04-19T00:20:00.000+0000,1388782.9452827277,669953.6189928638,944953.0283416621
2025-04-19T00:30:00.000+0000,1386883.1125857518,669953.6189928638,945833.1246947573
2025-04-19T00:40:00.000+0000,1385798.6362814158,669953.6189928638,946085.8357848779
2025-04-19T00:50:00.000+0000,1386355.0171403599,669953.6189928638,946523.3869368082
2025-04-19T01:00:00.000+0000,1384981.5761428638,669953.6189928638,946631.245129246
2025-04-19T01:10:00.000+0000,1385152.5799303039,669953.6189928638,947929.5570377803
2025-04-19T01:20:00.000+0000,1384182.5518840558,669953.6189928638,947992.7237590684
2025-04-19T01:30:00.000+0000,1384020.41516728,669953.6189928638,948254.5255954592
2025-04-19T01:40:00.000+0000,1384041.661286776,669953.6189928638,947709.3743532109
2025-04-19T01:50:00.000+0000,1383223.268155472,669953.6189928638,947949.4948785042
2025-04-19T02:00:00.000+0000,1382017.3348944956,669953.6189928638,948797.1108049026
2025-04-19T02:10:00.000+0000,1380293.040094768,669953.6189928638,952478.3277384534
2025-04-19T02:20:00.000+0000,1378183.7891165516,669953.6189928638,955011.7738612251
2025-04-19T02:30:00.000+0000,1377535.3105947278,669953.6189928638,955885.0104805245
2025-04-19T02:40:00.000+0000,1375888.5303337197,669953.6189928638,955382.4057369444
2025-04-19T02:50:00.000+0000,1372092.1243401598,669953.6189928638,956964.4144129016
2025-04-19T03:00:00.000+0000,1372202.1582725358,669953.6189928638,957043.4109919354
2025-04-19T03:10:00.000+0000,1373399.7296683597,669953.6189928638,958167.6398777345
2025-04-19T03:20:00.000+0000,1371554.164112912,669953.6189928638,960246.2571292811
2025-04-19T03:30:00.000+0000,1369086.9845668077,669953.6189928638,961426.8361522483
2025-04-19T03:40:00.000+0000,1368162.042153176,669953.6189928638,960602.8136084954
2025-04-19T03:50:00.000+0000,1364856.6878537356,669953.6189928638,961983.1309115671
2025-04-19T04:00:00.000+0000,1357315.340961576,669953.6189928638,961176.9647398812
2025-04-19T04:10:00.000+0000,1359460.5406477998,669953.6189928638,962731.079097363
2025-04-19T04:20:00.000+0000,1361208.563629784,669953.6189928638,962410.5819457737
2025-04-19T04:30:00.000+0000,1361160.890468848,669953.6189928638,964172.4401131169
2025-04-19T04:40:00.000+0000,1363374.2789803357,669953.6189928638,963733.6729452786
2025-04-19T04:50:00.000+0000,1367173.3815549037,669953.6189928638,962252.0034009526
2025-04-19T05:00:00.000+0000,1367361.3906372157,669953.6189928638,961950.3875357127
2025-04-19T05:10:00.000+0000,1370225.6928608157,669953.6189928638,960861.5591692443
2025-04-19T05:20:00.000+0000,1369575.3865623837,669953.6189928638,962772.256262419
2025-04-19T05:30:00.000+0000,1368745.8679386,669953.6189928638,962776.6528787409
2025-04-19T05:40:00.000+0000,1367827.812471,669953.6189928638,962619.9770243275
2025-04-19T05:50:00.000+0000,1367865.757900352,669953.6189928638,962506.2612347081
2025-04-19T06:00:00.000+0000,1369693.9301415917,669953.6189928638,961154.0357727839
2025-04-19T06:10:00.000+0000,1371730.933114488,669953.6189928638,960980.1304372887
2025-04-19T06:20:00.000+0000,1373576.180964304,669953.6189928638,961238.7077097973
2025-04-19T06:30:00.000+0000,1374087.255817072,669953.6189928638,959458.9502622107
2025-04-19T06:40:00.000+0000,1373458.221357544,669953.6189928638,959746.4253223188
2025-04-19T06:50:00.000+0000,1373332.087385512,669953.6189928638,960313.2334882703
2025-04-19T07:00:00.000+0000,1372542.9376607516,669953.6189928638,960903.5053106232
2025-04-19T07:10:00.000+0000,1372492.54904392,669953.6189928638,961833.1676349331
2025-04-19T07:20:00.000+0000,1366476.1055423277,669953.6189928638,961930.2074129147
2025-04-19T07:30:00.000+0000,1364439.1400094558,669953.6189928638,962731.2554342349
2025-04-19T07:40:00.000+0000,1365931.0646941117,669953.6189928638,964388.2612824084
2025-04-19T07:50:00.000+0000,1368694.3995862477,669953.6189928638,963678.287142945
2025-04-19T08:00:00.000+0000,1368094.7481714636,669953.6189928638,963204.7326908761
2025-04-19T08:10:00.000+0000,1368378.2080619917,669953.6189928638,962521.5400465282
2025-04-19T08:20:00.000+0000,1366640.6374114477,669953.6189928638,963701.9199192382
2025-04-19T08:30:00.000+0000,1364958.6821929358,669953.6189928638,963376.5412921029
2025-04-19T08:40:00.000+0000,1363245.7261049757,669953.6189928638,965285.5704827467
2025-04-19T08:50:00.000+0000,1364462.899766432,669953.6189928638,965047.7412721587
2025-04-19T09:00:00.000+0000,1363015.5424893037,669953.6189928638,965113.4517851592
2025-04-19T09:10:00.000+0000,1361053.5286970318,669953.6189928638,966559.7108924385
2025-04-19T09:20:00.000+0000,1361792.9968288876,669953.6189928638,966389.5651052053
2025-04-19T09:30:00.000+0000,1359430.9385284558,669953.6189928638,964984.040934717
2025-04-19T09:40:00.000+0000,1358669.8304024558,669953.6189928638,966357.4842936734
2025-04-19T09:50:00.000+0000,1359467.9822797277,669953.6189928638,965288.9078796759
2025-04-19T10:00:00.000+0000,1362903.6081884399,669953.6189928638,964600.7120821698
2025-04-19T10:10:00.000+0000,1362725.64812048,669953.6189928638,965738.0222943496
2025-04-19T10:20:00.000+0000,1362590.3349177116,669953.6189928638,965078.5835673318
2025-04-19T10:30:00.000+0000,1364602.347029304,669953.6189928638,963224.1242969946
2025-04-19T10:40:00.000+0000,1364332.6808949357,669953.6189928638,963469.9890498467
2025-04-19T10:50:00.000+0000,1364398.261028824,669953.6189928638,963446.4733992041
2025-04-19T11:00:00.000+0000,1362953.3600950479,669953.6189928638,963784.0989856292
2025-04-19T11:10:00.000+0000,1361590.261397088,669953.6189928638,964564.2309161468
2025-04-19T11:20:00.000+0000,1362040.4458311915,669953.6189928638,963766.8636200761
2025-04-19T11:30:00.000+0000,1361383.050768312,669953.6189928638,962146.4675910186
2025-04-19T11:40:00.000+0000,1362855.325015904,669953.6189928638,962081.3161725752
2025-04-19T11:50:00.000+0000,1366503.3730708398,669953.6189928638,962318.9033604478
2025-04-19T12:00:00.000+0000,1364899.4717691997,669953.6189928638,963371.8846867176
2025-04-19T12:10:00.000+0000,1362981.2373154159,669953.6189928638,963442.2107838709
2025-04-19T12:20:00.000+0000,1365474.91909276,669953.6189928638,963440.6581379061
2025-04-19T12:30:00.000+0000,1366005.5258974559,669953.6189928638,963802.9261314361
2025-04-19T12:40:00.000+0000,1367700.549293056,669953.6189928638,962629.3644525723
2025-04-19T12:50:00.000+0000,1369699.4450561278,669953.6189928638,962888.3788648087
2025-04-19T13:00:00.000+0000,1369265.5670364478,669953.6189928638,962383.2035364623
2025-04-19T13:10:00.000+0000,1368033.1468419838,669953.6189928638,964225.5519947999
2025-04-19T13:20:00.000+0000,1367493.147587264,669953.6189928638,964801.5942891508
2025-04-19T13:30:00.000+0000,1368596.312758536,669953.6189928638,965312.6350039518
2025-04-19T13:40:00.000+0000,1367482.372674096,669953.6189928638,965744.1883781652
2025-04-19T13:50:00.000+0000,1366213.082229448,669953.6189928638,966012.7025329773
2025-04-19T14:00:00.000+0000,1364109.1166595197,669953.6189928638,966817.964394842
2025-04-19T14:10:00.000+0000,1363212.798518136,669953.6189928638,966794.3396671807
2025-04-19T14:20:00.000+0000,1363924.212031656,669953.6189928638,967313.5000772947
2025-04-19T14:30:00.000+0000,1364778.3299202719,669953.6189928638,966749.8510844571
2025-04-19T14:40:00.000+0000,1366300.5871894318,669953.6189928638,966532.3775554637
2025-04-19T14:50:00.000+0000,1368613.0400659759,669953.6189928638,966924.9869055387
2025-04-19T15:00:00.000+0000,1367614.112038224,669953.6189928638,967051.8145706208
2025-04-19T15:10:00.000+0000,1368038.9550317116,669953.6189928638,967014.6732637944
2025-04-19T15:20:00.000+0000,1365505.9209414239,669953.6189928638,968938.805448103
2025-04-19T15:30:00.000+0000,1364980.9068289916,669953.6189928638,965644.5035028665
2025-04-19T15:40:00.000+0000,1366986.453866784,669953.6189928638,963476.8461186237
2025-04-19T15:50:00.000+0000,1367988.5029456958,669953.6189928638,964483.3359393091
2025-04-19T16:00:00.000+0000,1367260.9692186718,669953.6189928638,965558.749828151
2025-04-19T16:10:00.000+0000,1366737.435880672,669953.6189928638,964707.2084709103
2025-04-19T16:20:00.000+0000,1368687.4579739838,669953.6189928638,963185.6088452355
2025-04-19T16:30:00.000+0000,1370969.81850368,669953.6189928638,961703.4713348824
2025-04-19T16:40:00.000+0000,1371214.1161790637,669953.6189928638,959291.3654371039
2025-04-19T16:50:00.000+0000,1372030.8726107758,669953.6189928638,959216.2779322912
2025-04-19T17:00:00.000+0000,1371014.4598020478,669953.6189928638,959875.6174821472
2025-04-19T17:10:00.000+0000,1370074.6494323038,669953.6189928638,959784.462371618
2025-04-19T17:20:00.000+0000,1369633.5843368878,669953.6189928638,961780.2999044086
2025-04-19T17:30:00.000+0000,1367699.3940479918,669953.6189928638,963467.1480574426
2025-04-19T17:40:00.000+0000,1366891.5131401757,669953.6189928638,966137.645250359
2025-04-19T17:50:00.000+0000,1367315.9492394396,669953.6189928638,964354.047857489
2025-04-19T18:00:00.000+0000,1366006.1434130478,669953.6189928638,966610.0187875638
2025-04-19T18:10:00.000+0000,1365991.4466798478,669953.6189928638,966805.7338100325
2025-04-19T18:20:00.000+0000,1365359.9887506478,669953.6189928638,966418.1088508342
2025-04-19T18:30:00.000+0000,1365267.7621809759,669953.6189928638,966721.1074283549
2025-04-19T18:40:00.000+0000,1364166.7906633755,669953.6189928638,965515.0535359939
2025-04-19T18:50:00.000+0000,1365653.352471768,669953.6189928638,965433.1293522703
2025-04-19T19:00:00.000+0000,1365343.6927578798,669953.6189928638,964475.5421604026
2025-04-19T19:10:00.000+0000,1366108.3581258077,669953.6189928638,964728.5654931859
2025-04-19T19:20:00.000+0000,1367061.6129713599,669953.6189928638,964658.0815263664
2025-04-19T19:30:00.000+0000,1367542.2074579438,669953.6189928638,965164.5739168674
2025-04-19T19:40:00.000+0000,1367377.707163544,669953.6189928638,965842.5315802749
2025-04-19T19:50:00.000+0000,1367924.462179328,669953.6189928638,965179.315633723
2025-04-19T20:00:00.000+0000,1368423.104266272,669953.6189928638,964158.7822981242
2025-04-19T20:10:00.000+0000,1367706.493234096,669953.6189928638,964260.3291198148
2025-04-19T20:20:00.000+0000,1365893.7306052959,669953.6189928638,964536.7279227048
2025-04-19T20:30:00.000+0000,1364169.6080076958,669953.6189928638,965639.6282068677
2025-04-19T20:40:00.000+0000,1363990.019383624,669953.6189928638,967025.6650907454
2025-04-19T20:50:00.000+0000,1364695.6972992958,669953.6189928638,966054.8408669916
2025-04-19T21:00:00.000+0000,1364008.0259668238,669953.6189928638,965966.6610627896
2025-04-19T21:10:00.000+0000,1363108.9936685038,669953.6189928638,967266.6038858669
2025-04-19T21:20:00.000+0000,1363214.6800117358,669953.6189928638,967521.1278703739
2025-04-19T21:30:00.000+0000,1363436.30938628,669953.6189928638,966722.1693306249
2025-04-19T21:40:00.000+0000,1364735.4858030078,669953.6189928638,967547.2210812636
2025-04-19T21:50:00.000+0000,1364290.6160737358,669953.6189928638,968294.2939144536
2025-04-19T22:00:00.000+0000,1363566.3371807598,669953.6189928638,967353.3462828113
2025-04-19T22:10:00.000+0000,1359802.0423876718,669953.6189928638,967334.4330970114
2025-04-19T22:20:00.000+0000,1361045.8764837037,669953.6189928638,966903.2420906167
2025-04-19T22:30:00.000+0000,1360887.1095089756,669953.6189928638,967170.6503975494
2025-04-19T22:40:00.000+0000,1361341.7528630877,669953.6189928638,968111.9823787445
2025-04-19T22:50:00.000+0000,1361341.6239562957,876958.0068936637,968212.7500648964
2025-04-19T23:00:00.000+0000,1360887.8529837197,876958.0068936637,968516.0748360411
2025-04-19T23:10:00.000+0000,1361069.9083727996,876958.0068936637,967393.6979789176
2025-04-19T23:20:00.000+0000,1361276.2759165838,876958.0068936637,966752.9617778588
2025-04-19T23:30:00.000+0000,1360941.0449460796,876958.0068936637,966906.8877326809
2025-04-19T23:40:00.000+0000,1361231.059099,876958.0068936637,967775.4141426277
2025-04-19T23:50:00.000+0000,1361547.9915000799,876958.0068936637,967956.6203848915
2025-04-20T00:00:00.000+0000,1361926.2199150878,876958.0068936637,966768.6882015567
2025-04-20T00:10:00.000+0000,1359785.9706653436,876958.0068936637,969461.7297348003
2025-04-20T00:20:00.000+0000,1359516.2166413434,876958.0068936637,969956.1874355786
2025-04-20T00:30:00.000+0000,1358663.95712484,876958.0068936637,969489.9909730564
2025-04-20T00:40:00.000+0000,1358721.2011129837,876958.0068936637,969509.4940797128
2025-04-20T00:50:00.000+0000,1358672.0611764078,876958.0068936637,969151.2954357299
2025-04-20T01:00:00.000+0000,1358071.2571144798,876958.0068936637,968894.3110166262
2025-04-20T01:10:00.000+0000,1357400.9240802638,876958.0068936637,971807.367724274
2025-04-20T01:20:00.000+0000,1358138.5667136877,876958.0068936637,972398.751296836
2025-04-20T01:30:00.000+0000,1358641.2198092556,876958.0068936637,971686.9554184207
2025-04-20T01:40:00.000+0000,1359753.0388319038,876958.0068936637,973450.9931584317
2025-04-20T01:50:00.000+0000,1359744.9347803358,876958.0068936637,974540.8558203236
2025-04-20T02:00:00.000+0000,1360129.3056874156,876958.0068936637,973542.881571947
2025-04-20T02:10:00.000+0000,1359773.8145879917,876958.0068936637,973250.4164958497
2025-04-20T02:20:00.000+0000,1360738.3427077036,876958.0068936637,972434.5886965359
2025-04-20T02:30:00.000+0000,1361549.5663391994,876958.0068936637,972947.5931999087
2025-04-20T02:40:00.000+0000,1361445.2728807675,876958.0068936637,973756.3264775502
2025-04-20T02:50:00.000+0000,1361678.3008591277,876958.0068936637,973110.05241617
2025-04-20T03:00:00.000+0000,1361874.6027918477,876958.0068936637,971796.8202897481
2025-04-20T03:10:00.000+0000,1361717.3751846398,876958.0068936637,971410.5201641188
2025-04-20T03:20:00.000+0000,1361696.8572421358,876958.0068936637,970873.656404566
2025-04-20T03:30:00.000+0000,1361952.2358157036,876958.0068936637,969898.1474320045
2025-04-20T03:40:00.000+0000,1362138.3432305676,876958.0068936637,969971.9553992257
2025-04-20T03:50:00.000+0000,1362489.7823042078,876958.0068936637,970570.8119406835
2025-04-20T04:00:00.000+0000,1362784.1062964955,876958.0068936637,970182.7597594738
2025-04-20T04:10:00.000+0000,1363110.9754018476,876958.0068936637,970528.3865830522
2025-04-20T04:20:00.000+0000,1362900.4269254876,876958.0068936637,971232.6154218062
2025-04-20T04:30:00.000+0000,1362767.6403797755,876958.0068936637,971955.890651415
2025-04-20T04:40:00.000+0000,1362005.1699644797,876958.0068936637,972852.3939231604
2025-04-20T04:50:00.000+0000,1362469.2643617038,876958.0068936637,972207.5779004038
2025-04-20T05:00:00.000+0000,1362632.6344609838,876958.0068936637,971133.9425829793
2025-04-20T05:10:00.000+0000,1362078.8798693437,876958.0068936637,970969.8594276552
2025-04-20T05:20:00.000+0000,1361684.4433511996,876958.0068936637,971491.9375247431
2025-04-20T05:30:00.000+0000,1361868.5892065675,876958.0068936637,970833.6662982033
2025-04-20T05:40:00.000+0000,1361980.9867165675,876958.0068936637,970927.5056403391
2025-04-20T05:50:00.000+0000,1363064.0548383517,876958.0068936637,969992.0535152759
2025-04-20T06:00:00.000+0000,1362749.3418103517,876958.0068936637,969698.2038399547
2025-04-20T06:10:00.000+0000,1362604.2702804958,876958.0068936637,970215.814286981
2025-04-20T06:20:00.000+0000,1361795.0082084958,876958.0068936637,969194.008925847
2025-04-20T06:30:00.000+0000,1361805.2027263516,876958.0068936637,969130.9344062395
2025-04-20T06:40:00.000+0000,1362211.9242286398,876958.0068936637,965733.5839144378
2025-04-20T06:50:00.000+0000,1363009.1591300797,876958.0068936637,966415.8307090155
2025-04-20T07:00:00.000+0000,1362941.7206240797,876958.0068936637,963998.5758345717
2025-04-20T07:10:00.000+0000,1364501.1681272315,876958.0068936637,961729.4833706757
2025-04-20T07:20:00.000+0000,1365488.4335625276,876958.0068936637,961177.1470148005
2025-04-20T07:30:00.000+0000,1365876.598681808,876958.0068936637,961351.2959827377
2025-04-20T07:40:00.000+0000,1366115.6402454479,876958.0068936637,961805.3256236333
2025-04-20T07:50:00.000+0000,1365966.5166898079,876958.0068936637,962828.2687320972
2025-04-20T08:00:00.000+0000,1366324.2271623116,876958.0068936637,961610.9882249082
2025-04-20T08:10:00.000+0000,1366690.1705931756,876958.0068936637,962077.9228195951
2025-04-20T08:20:00.000+0000,1366790.4120258237,876958.0068936637,962064.711525471
2025-04-20T08:30:00.000+0000,1367113.3580121836,876958.0068936637,961863.5331552315
2025-04-20T08:40:00.000+0000,1366906.8615616078,876958.0068936637,961331.1509788428
2025-04-20T08:50:00.000+0000,1367152.1745241117,876958.0068936637,958963.0286740554
2025-04-20T09:00:00.000+0000,1366340.9508926156,876958.0068936637,959457.9752494439
2025-04-20T09:10:00.000+0000,1366878.4973811195,876958.0068936637,960443.4007501598
2025-04-20T09:20:00.000+0000,1366954.1688454798,876958.0068936637,960905.3265665759
2025-04-20T09:30:00.000+0000,1367064.4758891915,876958.0068936637,960238.8949007073
2025-04-20T09:40:00.000+0000,1367853.3489254797,876958.0068936637,959375.2526491834
2025-04-20T09:50:00.000+0000,1367808.3899214796,876958.0068936637,959219.5218307476
2025-04-20T10:00:00.000+0000,1367920.7874314797,876958.0068936637,959640.398857984
2025-04-20T10:10:00.000+0000,1368196.9417611358,876958.0068936637,960163.3630391867
2025-04-20T10:20:00.000+0000,1368127.412788848,876958.0068936637,960130.1195563555
2025-04-20T10:30:00.000+0000,1367998.5493621277,876958.0068936637,959702.7985077512
2025-04-20T10:40:00.000+0000,1368466.5668783437,876958.0068936637,954855.5649711229
2025-04-20T10:50:00.000+0000,1369791.4115640158,876958.0068936637,952083.0838167882
2025-04-20T11:00:00.000+0000,1370292.4898204636,876958.0068936637,953004.5910496649
2025-04-20T11:10:00.000+0000,1369593.5347921757,876958.0068936637,953096.9458194808
2025-04-20T11:20:00.000+0000,1370321.3696281197,876958.0068936637,949673.7816462091
2025-04-20T11:30:00.000+0000,1370348.030062696,876958.0068936637,948211.4029211137
2025-04-20T11:40:00.000+0000,1370503.5539239915,876958.0068936637,945887.5604082935
2025-04-20T11:50:00.000+0000,1370578.9675747678,876958.0068936637,946446.0371280813
2025-04-20T12:00:00.000+0000,1369661.2311117598,876958.0068936637,947838.3491906526
2025-04-20T12:10:00.000+0000,1369736.9025761196,876958.0068936637,950115.6757926351
2025-04-20T12:20:00.000+0000,1369142.2410062638,876958.0068936637,950912.7675568133
2025-04-20T12:30:00.000+0000,1368947.9006330397,876958.0068936637,951559.8580010782
2025-04-20T12:40:00.000+0000,1369119.5036906796,876958.0068936637,951600.2935730171
2025-04-20T12:50:00.000+0000,1369458.7866869676,876958.0068936637,951156.6133073999
2025-04-20T13:00:00.000+0000,1369327.9617007517,876958.0068936637,950494.6959200792
2025-04-20T13:10:00.000+0000,1369736.7736693276,876958.0068936637,948727.2299318261
2025-04-20T13:20:00.000+0000,1368772.2455496157,876958.0068936637,949976.4416888707
2025-04-20T13:30:00.000+0000,1368385.9130830397,876958.0068936637,950937.7350843914
2025-04-20T13:40:00.000+0000,1368338.8636127515,876958.0068936637,951983.0552823757
2025-04-20T13:50:00.000+0000,1368841.9034286959,876958.0068936637,951810.0593452384
2025-04-20T14:00:00.000+0000,1368835.7609366237,876958.0068936637,951320.4067383708
2025-04-20T14:10:00.000+0000,1368698.6645515438,876958.0068936637,953684.7911994129
2025-04-20T14:20:00.000+0000,1369027.8819367676,876958.0068936637,952722.6752414606
2025-04-20T14:30:00.000+0000,1369117.6710379757,876958.0068936637,954252.6081823835
2025-04-20T14:40:00.000+0000,1369264.8330341196,876958.0068936637,953545.8977410913
2025-04-20T14:50:00.000+0000,1369450.8115421915,876958.0068936637,954009.6742358154
2025-04-20T15:00:00.000+0000,1369671.5545364076,876958.0068936637,952329.0956542211
2025-04-20T15:10:00.000+0000,1370333.9124258477,876958.0068936637,951781.154045583
2025-04-20T15:20:00.000+0000,1371039.3966665838,876958.0068936637,949958.4258195523
2025-04-20T15:30:00.000+0000,1371247.9835834478,876958.0068936637,950428.6629694827
2025-04-20T15:40:00.000+0000,1371374.7565438799,876958.0068936637,949971.5569760134
2025-04-20T15:50:00.000+0000,1371699.6640897356,876958.0068936637,947363.0844644522
2025-04-20T16:00:00.000+0000,1371241.8410913758,876958.0068936637,947647.417244643
2025-04-20T16:10:00.000+0000,1370698.2810175917,876958.0068936637,949784.5604142798
2025-04-20T16:20:00.000+0000,1370150.4111044395,876958.0068936637,950943.2570889492
2025-04-20T16:30:00.000+0000,1370183.2140310877,876958.0068936637,950005.8047239021
2025-04-20T16:40:00.000+0000,1370115.7755250877,876958.0068936637,951387.4299852047
2025-04-20T16:50:00.000+0000,1370111.7234993037,876958.0068936637,952411.8689162135
2025-04-20T17:00:00.000+0000,1370246.6005113036,876958.0068936637,951237.1635876906
2025-04-20T17:10:00.000+0000,1370502.1079916637,876958.0068936637,950632.3446467774
2025-04-20T17:20:00.000+0000,1370649.2699878076,876958.0068936637,950542.5374247017
2025-04-20T17:30:00.000+0000,1371088.7944167438,876958.0068936637,949926.505542705
2025-04-20T17:40:00.000+0000,1370189.35652316,876958.0068936637,950727.3217362424
2025-04-20T17:50:00.000+0000,1370330.3760272316,876958.0068936637,951393.8423843395
2025-04-20T18:00:00.000+0000,1370518.3160947997,876958.0068936637,950864.2470955296
2025-04-20T18:10:00.000+0000,1370538.9629440957,876958.0068936637,951944.2288847454
2025-04-20T18:20:00.000+0000,1370297.7020073757,876958.0068936637,951948.7147605128
2025-04-20T18:30:00.000+0000,1370630.9714183835,876958.0068936637,950670.5355324976
2025-04-20T18:40:00.000+0000,1370943.9807004717,876958.0068936637,950418.8322041044
2025-04-20T18:50:00.000+0000,1370704.9391368318,876958.0068936637,951585.4285509639
2025-04-20T19:00:00.000+0000,1370845.8297341117,876958.0068936637,951390.4101028522
2025-04-20T19:10:00.000+0000,1370721.0183331757,876958.0068936637,951187.9117282229
2025-04-20T19:20:00.000+0000,1370663.7743450317,876958.0068936637,952168.9513262666
2025-04-20T19:30:00.000+0000,1370896.8023233917,876958.0068936637,952466.0515625905
2025-04-20T19:40:00.000+0000,1370449.1738428879,876958.0068936637,953082.584642574
2025-04-20T19:50:00.000+0000,1369854.3833662397,876958.0068936637,954205.8274711627
2025-04-20T20:00:00.000+0000,1369187.9734510155,876958.0068936637,954267.3769516516
2025-04-20T20:10:00.000+0000,1368586.9115755036,876958.0068936637,957568.0382286313
2025-04-20T20:20:00.000+0000,1368323.1711367837,876958.0068936637,959757.0847760992
2025-04-20T20:30:00.000+0000,1369021.9972582797,876958.0068936637,957864.7666981367
2025-04-20T20:40:00.000+0000,1369011.9316472157,876958.0068936637,958315.2863255419
2025-04-20T20:50:00.000+0000,1369592.6044870156,876958.0068936637,956404.0164640656
2025-04-20T21:00:00.000+0000,1370097.4769556634,876958.0068936637,955443.0455061407
2025-04-20T21:10:00.000+0000,1370322.4008824555,876958.0068936637,954951.3454763683
2025-04-20T21:20:00.000+0000,1370434.7983924556,876958.0068936637,954897.0652804145
2025-04-20T21:30:00.000+0000,1369747.8705347278,876958.0068936637,956265.6882798483
2025-04-20T21:40:00.000+0000,1369731.5335247996,876958.0068936637,956988.3701097898
2025-04-20T21:50:00.000+0000,1369905.2270487277,876958.0068936637,957287.411634235
2025-04-20T22:00:00.000+0000,1369876.6050546556,876958.0068936637,953890.5813620591
2025-04-20T22:10:00.000+0000,1370093.4249298796,876958.0068936637,953577.4400537147
2025-04-20T22:20:00.000+0000,1370686.2538470316,876958.0068936637,951088.3519914886
2025-04-20T22:30:00.000+0000,1370800.6129165278,876958.0068936637,952367.6869331812
2025-04-20T22:40:00.000+0000,1370387.7489221678,876958.0068936637,953360.7239557428
2025-04-20T22:50:00.000+0000,1370183.2140310877,876958.0068936637,953104.9475039158
2025-04-20T23:00:00.000+0000,1369529.2180067997,876958.0068936637,955019.0136162529
2025-04-20T23:10:00.000+0000,1369095.5782563519,876958.0068936637,956427.0893498678
2025-04-20T23:20:00.000+0000,1369228.4937088557,876958.0068936637,956738.1556284606
2025-04-20T23:30:00.000+0000,1369353.0472962076,876958.0068936637,956385.2490839141
2025-04-20T23:40:00.000+0000,1368962.6628038478,876958.0068936637,956187.1529507195
2025-04-20T23:50:00.000+0000,1368713.1689087676,876958.0068936637,957764.1799186771
2025-04-21T00:00:00.000+0000,1367793.5997930558,876958.0068936637,958354.3951769685
2025-04-21T00:10:00.000+0000,1367726.1612870558,876958.0068936637,963361.8202066134
2025-04-21T00:20:00.000+0000,1365911.2063035439,876958.0068936637,964880.966891889
2025-04-21T00:30:00.000+0000,1365038.4288445357,876958.0068936637,975947.1649036687
2025-04-21T00:40:00.000+0000,1365204.1472236877,876958.0068936637,978080.0245493895
2025-04-21T00:50:00.000+0000,1366160.8291054156,876958.0068936637,977160.7563240419
2025-04-21T01:00:00.000+0000,1365991.3165140636,876958.0068936637,979446.3894125011
2025-04-21T01:10:00.000+0000,1366224.3444924236,876958.0068936637,977025.2559950601
2025-04-21T01:20:00.000+0000,1365870.9438592875,876958.0068936637,977334.1724898512
2025-04-21T01:30:00.000+0000,1365311.0467755757,876958.0068936637,979471.9808709701
2025-04-21T01:40:00.000+0000,1365380.8335614477,876958.0068936637,981801.0800692479
2025-04-21T01:50:00.000+0000,1365438.0775495917,876958.0068936637,982752.0768975237
2025-04-21T02:00:00.000+0000,1364663.5799637358,876958.0068936637,982290.2880421905
2025-04-21T02:10:00.000+0000,1365223.7348610316,876958.0068936637,982725.6250748432
2025-04-21T02:20:00.000+0000,1364483.7439477355,876958.0068936637,984003.6662507657
2025-04-21T02:30:00.000+0000,1364677.8265073756,876958.0068936637,980364.5037396792
2025-04-21T02:40:00.000+0000,1365679.20957952,876958.0068936637,978528.71161704
2025-04-21T02:50:00.000+0000,1365270.1397973597,876958.0068936637,981010.0195562451
2025-04-21T03:00:00.000+0000,1365075.9283309276,876958.0068936637,981680.6146602853
2025-04-21T03:10:00.000+0000,1365930.1494069279,876958.0068936637,980690.6775638987
2025-04-21T03:20:00.000+0000,1365909.7603712159,876958.0068936637,979314.1377397191
2025-04-21T03:30:00.000+0000,1365825.9848552875,876958.0068936637,979787.3547657977
2025-04-21T03:40:00.000+0000,1365680.7844186397,876958.0068936637,979835.4720973885
2025-04-21T03:50:00.000+0000,1365631.2577616875,876958.0068936637,978602.6053470371
2025-04-21T04:00:00.000+0000,1365455.6026782636,876958.0068936637,979922.1673292707
2025-04-21T04:10:00.000+0000,1365425.0191246958,876958.0068936637,978698.3304863833
2025-04-21T04:20:00.000+0000,1365774.4966388396,876958.0068936637,979278.7664726796
2025-04-21T04:30:00.000+0000,1365094.0979935597,876958.0068936637,978374.182362693
2025-04-21T04:40:00.000+0000,1364544.1376141198,876958.0068936637,980694.2484340541
2025-04-21T04:50:00.000+0000,1364380.6386080477,876958.0068936637,983119.9877951489
2025-04-21T05:00:00.000+0000,1364805.7875865516,876958.0068936637,983799.6457792539
2025-04-21T05:10:00.000+0000,1364881.2012373277,876958.0068936637,983823.0188437006
2025-04-21T05:20:00.000+0000,1364979.3522036877,876958.0068936637,984947.7977022745
2025-04-21T05:30:00.000+0000,1365055.0236680475,876958.0068936637,984601.0283021877
2025-04-21T05:40:00.000+0000,1364114.6787962476,876958.0068936637,985259.0443688431
2025-04-21T05:50:00.000+0000,1363734.6177285356,876958.0068936637,986450.3715684608
2025-04-21T06:00:00.000+0000,1364284.8359215595,876958.0068936637,986426.5945962457
2025-04-21T06:10:00.000+0000,1363536.8698634878,876958.0068936637,986674.2679687394
2025-04-21T06:20:00.000+0000,1363467.3408911997,876958.0068936637,986906.0337336258
2025-04-21T06:30:00.000+0000,1364182.6329294157,876958.0068936637,985677.7035207737
2025-04-21T06:40:00.000+0000,1364309.4058898475,876958.0068936637,985229.9085917734
2025-04-21T06:50:00.000+0000,1364450.42539392,876958.0068936637,986278.3303256589
2025-04-21T07:00:00.000+0000,1364361.0230130877,876958.0068936637,986737.0184410245
2025-04-21T07:10:00.000+0000,1365035.4080730877,876958.0068936637,984378.7585238486
2025-04-21T07:20:00.000+0000,1365513.6201071597,876958.0068936637,983577.3575158507
2025-04-21T07:30:00.000+0000,1365362.1482716475,876958.0068936637,984260.7452772106
2025-04-21T07:40:00.000+0000,1365261.9068389996,876958.0068936637,985329.4495305086
2025-04-21T07:50:00.000+0000,1365362.0193648557,876958.0068936637,984019.7960277975
2025-04-21T08:00:00.000+0000,1365196.5587992878,876958.0068936637,984372.050220814
2025-04-21T08:10:00.000+0000,1365323.2028529276,876958.0068936637,983397.3632562496
2025-04-21T08:20:00.000+0000,1364977.5195509836,876958.0068936637,984409.5882005696
2025-04-21T08:30:00.000+0000,1365085.8650351996,876958.0068936637,985057.5325522819
2025-04-21T08:40:00.000+0000,1365349.6054739198,876958.0068936637,984477.4198173743
2025-04-21T08:50:00.000+0000,1364803.6971202637,876958.0068936637,985757.3229575476
2025-04-21T09:00:00.000+0000,1364507.4115684798,876958.0068936637,986869.1706058511
2025-04-21T09:10:00.000+0000,1365257.5969996317,876958.0068936637,983195.9986135636
2025-04-21T09:20:00.000+0000,1366156.9059864238,876958.0068936637,983069.2318051464
2025-04-21T09:30:00.000+0000,1366357.2599449276,876958.0068936637,981323.4374696328
2025-04-21T09:40:00.000+0000,1366719.0224432154,876958.0068936637,982280.8014010661
2025-04-21T09:50:00.000+0000,1366995.0478660795,876958.0068936637,983169.5955656713
2025-04-21T10:00:00.000+0000,1367140.1193959357,876958.0068936637,981834.5095294496
2025-04-21T10:10:00.000+0000,1366964.3354057197,876958.0068936637,981790.4977573187
2025-04-21T10:20:00.000+0000,1366772.3433123678,876958.0068936637,979662.2094729242
2025-04-21T10:30:00.000+0000,1367209.5194614318,876958.0068936637,978516.1175555431
2025-04-21T10:40:00.000+0000,1367041.9684295757,876958.0068936637,979197.7843648392
2025-04-21T10:50:00.000+0000,1366400.2573894316,876958.0068936637,980454.0713446991
2025-04-21T11:00:00.000+0000,1366533.1728419357,876958.0068936637,980046.5190169276
2025-04-21T11:10:00.000+0000,1366602.5729074317,876958.0068936637,974895.4123639648
2025-04-21T11:20:00.000+0000,1368098.7628371597,876958.0068936637,972126.0424038897
2025-04-21T11:30:00.000+0000,1367814.7622695197,876958.0068936637,973800.2313640168
2025-04-21T11:40:00.000+0000,1367258.9172115917,876958.0068936637,975141.4430351146
2025-04-21T11:50:00.000+0000,1366506.7702209437,876958.0068936637,974976.8072062797
2025-04-21T12:00:00.000+0000,1365760.8946291597,876958.0068936637,975786.9899194792
2025-04-21T12:10:00.000+0000,1365615.6941925117,876958.0068936637,977641.0085355602
2025-04-21T12:20:00.000+0000,1365717.8971846558,876958.0068936637,976925.5059169163
2025-04-21T12:30:00.000+0000,1365881.5250975199,876958.0068936637,976258.5505347517
2025-04-21T12:40:00.000+0000,1365991.8321412315,876958.0068936637,975013.2237596097
2025-04-21T12:50:00.000+0000,1366320.7917128718,876958.0068936637,973659.7241258485
2025-04-21T13:00:00.000+0000,1366302.3642366556,876958.0068936637,970844.6072312586
2025-04-21T13:10:00.000+0000,1366492.3947705117,876958.0068936637,970788.7089807134
2025-04-21T13:20:00.000+0000,1366005.8208712875,876958.0068936637,971448.5926188733
2025-04-21T13:30:00.000+0000,1365134.7471581916,876958.0068936637,971414.5911505863
2025-04-21T13:40:00.000+0000,1364280.3971753996,876958.0068936637,973269.0436869422
2025-04-21T13:50:00.000+0000,1364041.3556117597,876958.0068936637,968667.2865560851
2025-04-21T14:00:00.000+0000,1364368.4825306956,876958.0068936637,966948.3399202476
2025-04-21T14:10:00.000+0000,1361887.2465387518,876958.0068936637,972256.6225346004
2025-04-21T14:20:00.000+0000,1361384.5934431837,876958.0068936637,978495.7695560688
2025-04-21T14:30:00.000+0000,1361678.9174354717,876958.0068936637,981897.2502540828
2025-04-21T14:40:00.000+0000,1362927.5750296158,876958.0068936637,978417.4585783837
2025-04-21T14:50:00.000+0000,1363685.4777919597,876958.0068936637,978430.3402179317
2025-04-21T15:00:00.000+0000,1363808.0698198155,876958.0068936637,978089.3198567238
2025-04-21T15:10:00.000+0000,1363775.5247067516,876958.0068936637,976666.8436061302
2025-04-21T15:20:00.000+0000,1363111.3341646078,876958.0068936637,979587.5292475378
2025-04-21T15:30:00.000+0000,1363047.9476843916,876958.0068936637,979033.4330646675
2025-04-21T15:40:00.000+0000,1363677.6315539756,876958.0068936637,976117.1177652446
2025-04-21T15:50:00.000+0000,1363881.908631472,876958.0068936637,976223.9821290578
2025-04-21T16:00:00.000+0000,1363342.4005834716,876958.0068936637,975092.8913631614
2025-04-21T16:10:00.000+0000,1363673.4506213996,876958.0068936637,976356.1975562095
2025-04-21T16:20:00.000+0000,1364572.7596081917,876958.0068936637,971591.5226242049
2025-04-21T16:30:00.000+0000,1364533.943096264,876958.0068936637,971824.411389526
2025-04-21T16:40:00.000+0000,1365108.0867236156,876958.0068936637,967566.6282038287
2025-04-21T16:50:00.000+0000,1365498.3423091837,876958.0068936637,960592.1347937582
2025-04-21T17:00:00.000+0000,1367862.9998585517,876958.0068936637,951775.9932914523
2025-04-21T17:10:00.000+0000,1367867.3096979198,876958.0068936637,954910.7673454278
2025-04-21T17:20:00.000+0000,1367207.5579019357,876958.0068936637,955929.5569155774
2025-04-21T17:30:00.000+0000,1367244.5417611597,876958.0068936637,957182.8050674266
2025-04-21T17:40:00.000+0000,1367256.8267453038,876958.0068936637,956480.012026204
2025-04-21T17:50:00.000+0000,1367197.4922908717,876958.0068936637,954376.9445601875
2025-04-21T18:00:00.000+0000,1368145.8123074477,876958.0068936637,954355.215806811
2025-04-21T18:10:00.000+0000,1368057.8558589437,876958.0068936637,955681.857563822
2025-04-21T18:20:00.000+0000,1368364.5937421676,876958.0068936637,954334.3889397369
2025-04-21T18:30:00.000+0000,1367733.0772198797,876958.0068936637,954797.3080303436
2025-04-21T18:40:00.000+0000,1367931.3407120956,876958.0068936637,955925.6497104412
2025-04-21T18:50:00.000+0000,1368170.5111825278,876958.0068936637,955003.0730632383
2025-04-21T19:00:00.000+0000,1367708.5072515917,876958.0068936637,954710.7840825133
2025-04-21T19:10:00.000+0000,1367185.2073067278,876958.0068936637,958564.9033832934
2025-04-21T19:20:00.000+0000,1367181.1552809437,876958.0068936637,960672.215238937
2025-04-21T19:30:00.000+0000,1367332.4982096637,876958.0068936637,961736.6743066742
2025-04-21T19:40:00.000+0000,1367383.5997057357,876958.0068936637,960880.7041564442
2025-04-21T19:50:00.000+0000,1367095.4182055197,876958.0068936637,961543.7375865774
2025-04-21T20:00:00.000+0000,1367050.4592015198,876958.0068936637,961019.5820540779
2025-04-21T20:10:00.000+0000,1366719.4091635917,876958.0068936637,960964.9231515425
2025-04-21T20:20:00.000+0000,1366496.5757030877,876958.0068936637,960546.5427509567
2025-04-21T20:30:00.000+0000,1366210.4846691596,876958.0068936637,960732.871141114
2025-04-21T20:40:00.000+0000,1365910.4049051758,876958.0068936637,961552.1582921867
2025-04-21T20:50:00.000+0000,1366022.8024151758,876958.0068936637,962522.6828738714
2025-04-21T21:00:00.000+0000,1365867.5363674636,876958.0068936637,961137.9550035165
2025-04-21T21:10:00.000+0000,1365536.6152363275,876958.0068936637,961130.8947869544
2025-04-21T21:20:00.000+0000,1365636.7277621836,876958.0068936637,960271.6984631162
2025-04-21T21:30:00.000+0000,1366362.0854114636,876958.0068936637,959424.5427491891
2025-04-21T21:40:00.000+0000,1366464.1594968156,876958.0068936637,961380.0570065124
2025-04-21T21:50:00.000+0000,1365701.8179883116,876958.0068936637,962725.7250595873
2025-04-21T22:00:00.000+0000,1366380.2550740954,876958.0068936637,959385.735149558
2025-04-21T22:10:00.000+0000,1366539.5731475917,876958.0068936637,958557.1090678116
2025-04-21T22:20:00.000+0000,1366402.7345760956,876958.0068936637,959034.9440837026
2025-04-21T22:30:00.000+0000,1366265.6381910157,876958.0068936637,959450.4319985015
2025-04-21T22:40:00.000+0000,1366012.2211769437,876958.0068936637,960378.6185950572
2025-04-21T22:50:00.000+0000,1365709.664226296,876958.0068936637,959942.2164406818
2025-04-21T23:00:00.000+0000,1365773.0507065118,876958.0068936637,957841.4555371234
2025-04-21T23:10:00.000+0000,1366277.9231751598,876958.0068936637,958703.481620999
2025-04-21T23:20:00.000+0000,1365793.5686490156,876958.0068936637,959937.6544247789
2025-04-21T23:30:00.000+0000,1365315.3566149436,876958.0068936637,959309.4361629402
2025-04-21T23:40:00.000+0000,1366145.1366294478,876958.0068936637,959466.7775060527
2025-04-21T23:50:00.000+0000,1365307.2525633755,876958.0068936637,962801.1135211198
2025-04-22T00:00:00.000+0000,1365260.2030930875,876958.0068936637,962799.098793599
2025-04-22T00:10:00.000+0000,1366081.8790560237,876958.0068936637,961192.7184132503
2025-04-22T00:20:00.000+0000,1366145.2655362398,876958.0068936637,962691.4799409995
2025-04-22T00:30:00.000+0000,1366445.7320205998,876958.0068936637,951763.1994716877
2025-04-22T00:40:00.000+0000,1368342.1142401677,876958.0068936637,955747.9534280912
2025-04-22T00:50:00.000+0000,1367248.5937869437,876958.0068936637,959004.0344751007
2025-04-22T01:00:00.000+0000,1367001.3192649437,876958.0068936637,961676.3070378406
2025-04-22T01:10:00.000+0000,1365772.9217997198,876958.0068936637,965077.9372975309
2025-04-22T01:20:00.000+0000,1365178.1313230717,876958.0068936637,970902.2953842173
2025-04-22T01:30:00.000+0000,1365190.4163072156,876958.0068936637,971572.6291666848
2025-04-22T01:40:00.000+0000,1365149.6382357916,876958.0068936637,972374.2191657242
2025-04-22T01:50:00.000+0000,1364642.8042076477,876958.0068936637,974621.54668419
2025-04-22T02:00:00.000+0000,1364101.2056933597,876958.0068936637,975404.8806424215
2025-04-22T02:10:00.000+0000,1364459.0450726557,876958.0068936637,970700.3164511393
2025-04-22T02:20:00.000+0000,1364385.4640745837,876958.0068936637,969342.8117854479
2025-04-22T02:30:00.000+0000,1363596.7199450876,876958.0068936637,968677.7003833276
2025-04-22T02:40:00.000+0000,1363437.4018715918,876958.0068936637,969047.2323134973
2025-04-22T02:50:00.000+0000,1363688.8573261676,876958.0068936637,970719.5606597419
2025-04-22T03:00:00.000+0000,1363519.2158280239,876958.0068936637,970301.6747767377
2025-04-22T03:10:00.000+0000,1364561.6347851758,876958.0068936637,968981.9694123745
2025-04-22T03:20:00.000+0000,1364073.0993264555,876958.0068936637,972152.5398626763
2025-04-22T03:30:00.000+0000,1364536.807003304,876958.0068936637,972158.2741725186
2025-04-22T03:40:00.000+0000,1363337.1604389437,876958.0068936637,972813.7209869167
2025-04-22T03:50:00.000+0000,1363359.6399409436,876958.0068936637,972357.8717712297
2025-04-22T04:00:00.000+0000,1363328.7985737917,876958.0068936637,973215.5596540708
2025-04-22T04:10:00.000+0000,1363402.379571864,876958.0068936637,972436.1495169555
2025-04-22T04:20:00.000+0000,1363508.7634965838,876958.0068936637,972618.0252633048
2025-04-22T04:30:00.000+0000,1363525.1005065117,876958.0068936637,972866.1880291256
2025-04-22T04:40:00.000+0000,1364011.4165921516,876958.0068936637,972514.3270302275
2025-04-22T04:50:00.000+0000,1364463.0970984397,876958.0068936637,970677.0382891095
2025-04-22T05:00:00.000+0000,1365589.5493851036,876958.0068936637,970167.6030283066
2025-04-22T05:10:00.000+0000,1366176.1069033917,876958.0068936637,969426.5108202784
2025-04-22T05:20:00.000+0000,1366075.7365639517,876958.0068936637,970790.836103335
2025-04-22T05:30:00.000+0000,1365395.0801050877,876958.0068936637,971708.6998583081
2025-04-22T05:40:00.000+0000,1365380.7046546557,876958.0068936637,973354.6045252943
2025-04-22T05:50:00.000+0000,1365327.6415990875,876958.0068936637,973652.2359721116
2025-04-22T06:00:00.000+0000,1365006.7860790156,876958.0068936637,974079.5891973833
2025-04-22T06:10:00.000+0000,1365444.0911348718,876958.0068936637,972134.6529236678
2025-04-22T06:20:00.000+0000,1366416.9811197356,876958.0068936637,971233.3689632647
2025-04-22T06:30:00.000+0000,1366799.2615605276,876958.0068936637,969432.5345951156
2025-04-22T06:40:00.000+0000,1366831.9355803838,876958.0068936637,969788.8460915198
2025-04-22T06:50:00.000+0000,1366621.3871040237,876958.0068936637,971862.8975889944
2025-04-22T07:00:00.000+0000,1366075.7365639517,876958.0068936637,973431.0101654126
2025-04-22T07:10:00.000+0000,1365272.6169840237,876958.0068936637,972831.4353272223
2025-04-22T07:20:00.000+0000,1364075.0608859519,876958.0068936637,975067.8554490034
2025-04-22T07:30:00.000+0000,1362744.5893353757,876958.0068936637,977701.5241143312
2025-04-22T07:40:00.000+0000,1362350.0239104396,876958.0068936637,981336.6432729911
2025-04-22T07:50:00.000+0000,1362325.4539421517,876958.0068936637,981980.0669251089
2025-04-22T08:00:00.000+0000,1362180.3824122958,876958.0068936637,983511.1539699831
2025-04-22T08:10:00.000+0000,1361448.7533641516,876958.0068936637,984093.920646773
2025-04-22T08:20:00.000+0000,1362589.1943808717,876958.0068936637,981154.1119378001
2025-04-22T08:30:00.000+0000,1362523.8463411597,876958.0068936637,981151.6426586381
2025-04-22T08:40:00.000+0000,1362521.7558748717,876958.0068936637,981298.4263901503
2025-04-22T08:50:00.000+0000,1362419.5528827277,876958.0068936637,981793.1915044123
2025-04-22T09:00:00.000+0000,1361902.5243367278,876958.0068936637,982015.0482532006
2025-04-22T09:10:00.000+0000,1362562.6628530875,876958.0068936637,980479.9936831009
2025-04-22T09:20:00.000+0000,1360426.981256296,876958.0068936637,981629.5205648463
2025-04-22T09:30:00.000+0000,1360422.9292305117,876958.0068936637,981837.5058608481
2025-04-22T09:40:00.000+0000,1360935.9057507277,876958.0068936637,983275.2309107545
2025-04-22T09:50:00.000+0000,1361376.8126028404,1121257.9344744643,982362.9567331263
2025-04-22T10:00:00.000+0000,1360868.5296747442,1121257.9344744643,982910.0433611661
2025-04-22T10:10:00.000+0000,1360654.6397736643,1121257.9344744643,983171.0381779541
2025-04-22T10:20:00.000+0000,1360695.4757387363,1121257.9344744643,979649.98890446
2025-04-22T10:30:00.000+0000,1360745.5088601923,1121257.9344744643,981071.7074646732
2025-04-22T10:40:00.000+0000,1360234.4800505603,1121257.9344744643,983685.8617552606
2025-04-22T10:50:00.000+0000,1360239.3874115283,1121257.9344744643,983524.0187163346
2025-04-22T11:00:00.000+0000,1359917.8495078003,1121257.9344744643,983896.8151227506
2025-04-22T11:10:00.000+0000,1360507.1868004883,1121257.9344744643,984179.0509093143
2025-04-22T11:20:00.000+0000,1360597.7802676884,1121257.9344744643,985748.6062408857
2025-04-22T11:30:00.000+0000,1360192.5467640483,1121257.9344744643,985643.775349016
2025-04-22T11:40:00.000+0000,1359971.8968053441,1121257.9344744643,985012.1513393857
2025-04-22T11:50:00.000+0000,1360084.7609517362,1121257.9344744643,986155.7820083778
2025-04-22T12:00:00.000+0000,1360006.7612514563,1121257.9344744643,985193.767373889
2025-04-22T12:10:00.000+0000,1360355.4771953442,1121257.9344744643,986086.2739038354
2025-04-22T12:20:00.000+0000,1359764.3203694483,1121257.9344744643,986001.4406183449
2025-04-22T12:30:00.000+0000,1359864.2819661442,1121257.9344744643,987459.9936084764
2025-04-22T12:40:00.000+0000,1359801.7928874323,1121257.9344744643,985245.7795872395
2025-04-22T12:50:00.000+0000,1359537.6988917843,1121257.9344744643,989773.5355029479
2025-04-22T13:00:00.000+0000,1359523.4201239445,1131870.5176104645,991120.5594573903
2025-04-22T13:10:00.000+0000,1359358.8375654083,1131870.5176104645,995237.9318992039
2025-04-22T13:20:00.000+0000,1359869.3323426084,1131870.5176104645,994691.1449132334
2025-04-22T13:30:00.000+0000,1359932.4554237127,1131870.5176104645,993908.8685646685
2025-04-22T13:40:00.000+0000,1359260.3409757686,1131870.5176104645,998179.248199664
2025-04-22T13:50:00.000+0000,1359582.3155898487,1131870.5176104645,997479.2423053784
2025-04-22T14:00:00.000+0000,1357268.1341672484,1131870.5176104645,999006.8407819208
2025-04-22T14:10:00.000+0000,1355499.6220996566,1131870.5176104645,1003798.0578692025
2025-04-22T14:20:00.000+0000,1356848.0963965044,1131870.5176104645,1002271.7641135793
2025-04-22T14:30:00.000+0000,1356542.4354510405,1131870.5176104645,1002827.9707044623
2025-04-22T14:40:00.000+0000,1356066.6818186725,1131870.5176104645,1006309.8700874384
2025-04-22T14:50:00.000+0000,1356248.2104095286,1131870.5176104645,1008887.2387407544
2025-04-22T15:00:00.000+0000,1355731.8076425046,1131870.5176104645,1015805.1330511782
2025-04-22T15:10:00.000+0000,1355855.5065641366,1131870.5176104645,1021911.1094324426
2025-04-22T15:20:00.000+0000,1356111.8108565367,1131870.5176104645,1020655.1894080809
2025-04-22T15:30:00.000+0000,1356185.0873284247,1131870.5176104645,1015654.3842358177
2025-04-22T15:40:00.000+0000,1356501.5518141366,1131870.5176104645,1012501.2812739274
2025-04-22T15:50:00.000+0000,1356322.3537473686,1131870.5176104645,1015858.1021230248
2025-04-22T16:00:00.000+0000,1356072.1919470404,1131870.5176104645,1020235.0971772135
2025-04-22T16:10:00.000+0000,1356790.2667272806,1131870.5176104645,1015270.668645916
2025-04-22T16:20:00.000+0000,1357136.5768074007,1131870.5176104645,1016938.0847260333
2025-04-22T16:30:00.000+0000,1357277.6551943286,1131870.5176104645,1017274.8617529063
2025-04-22T16:40:00.000+0000,1357357.7243077524,1131870.5176104645,1015182.321331549
2025-04-22T16:50:00.000+0000,1357240.8002418966,1131870.5176104645,1014548.6694572293
2025-04-22T17:00:00.000+0000,1356963.1055854885,1131870.5176104645,1017358.0579443064
2025-04-22T17:10:00.000+0000,1356695.1486726485,1131870.5176104645,1014094.7944665473
2025-04-22T17:20:00.000+0000,1356715.0575927605,1131870.5176104645,1014582.3251558184
2025-04-22T17:30:00.000+0000,1356516.3662530966,1131870.5176104645,1016270.5787809421
2025-04-22T17:40:00.000+0000,1356542.4176652804,1131870.5176104645,1016911.0592676824
2025-04-22T17:50:00.000+0000,1356267.4691801765,1131870.5176104645,1018264.0903988413
2025-04-22T18:00:00.000+0000,1355852.9415378005,1131870.5176104645,1020017.0323055603
2025-04-22T18:10:00.000+0000,1355913.7340948165,1131870.5176104645,1019214.8937198315
2025-04-22T18:20:00.000+0000,1356193.7770610724,1131870.5176104645,1018705.2132168605
2025-04-22T18:30:00.000+0000,1356020.7214863766,1131870.5176104645,1018814.1997754877
2025-04-22T18:40:00.000+0000,1355921.3758165445,1131870.5176104645,1019326.3155118683
2025-04-22T18:50:00.000+0000,1355808.0470021847,1131870.5176104645,1020473.9118191428
2025-04-22T19:00:00.000+0000,1355854.8742004326,1131870.5176104645,1021279.1409677649
2025-04-22T19:10:00.000+0000,1355671.0150854886,1131870.5176104645,1020888.7063433197
2025-04-22T19:20:00.000+0000,1356190.8497448005,1131870.5176104645,1019394.0013051658
2025-04-22T19:30:00.000+0000,1356459.4390213445,1131870.5176104645,1014054.860852811
2025-04-22T19:40:00.000+0000,1356689.0595378564,1131870.5176104645,1014378.4375585678
2025-04-22T19:50:00.000+0000,1356660.4608850963,1131870.5176104645,1016601.2459572675
2025-04-22T20:00:00.000+0000,1356592.6767558164,1131870.5176104645,1017240.1186022081
2025-04-22T20:10:00.000+0000,1356517.2686905686,1131870.5176104645,1016036.5353215183
2025-04-22T20:20:00.000+0000,1356487.8209576164,1131870.5176104645,1015975.1292410175
2025-04-22T20:30:00.000+0000,1356443.7577164327,1131870.5176104645,1017063.3569908384
2025-04-22T20:40:00.000+0000,1356048.0731974887,1131870.5176104645,1017482.0981495169
2025-04-22T20:50:00.000+0000,1356170.5073917126,1131870.5176104645,1017303.6091293192
2025-04-22T21:00:00.000+0000,1356031.1271651685,1131870.5176104645,1017057.0794064847
2025-04-22T21:10:00.000+0000,1355850.4476545046,1131870.5176104645,1018622.9942023879
2025-04-22T21:20:00.000+0000,1355194.8635916645,1131870.5176104645,1022433.8926890941
2025-04-22T21:30:00.000+0000,1355436.5523758326,1131870.5176104645,1023082.5237510235
2025-04-22T21:40:00.000+0000,1353318.212484569,1165204.990491017,1025683.0984773376
2025-04-22T21:50:00.000+0000,1353625.239925961,1165204.990491017,1040191.1738305632
2025-04-22T22:00:00.000+0000,1353858.2693331772,1165204.990491017,1040233.1172712061
2025-04-22T22:10:00.000+0000,1353546.114616889,1165204.990491017,1038498.9419487049
2025-04-22T22:20:00.000+0000,1353701.974649033,1165204.990491017,1042450.3462696351
2025-04-22T22:30:00.000+0000,1354054.278260489,1165204.990491017,1037737.0188403571
2025-04-22T22:40:00.000+0000,1354083.303301865,1165204.990491017,1037662.2610079792
2025-04-22T22:50:00.000+0000,1353498.839587193,1165204.990491017,1039776.8408156489
2025-04-22T23:00:00.000+0000,1353209.192830121,1165204.990491017,1045144.4033538792
2025-04-22T23:10:00.000+0000,1353085.443328985,1165204.990491017,1045072.5398585142
2025-04-22T23:20:00.000+0000,1353186.684870905,1165204.990491017,1043642.5131842394
2025-04-22T23:30:00.000+0000,1352856.0199146648,1165204.990491017,1047550.538490636
2025-04-22T23:40:00.000+0000,1352793.7977122809,1165204.990491017,1048316.2012760963
2025-04-22T23:50:00.000+0000,1352883.655148777,1165204.990491017,1048031.051594304
2025-04-23T00:00:00.000+0000,1352531.091285689,1165204.990491017,1046669.440814719
2025-04-23T00:10:00.000+0000,1351973.219100761,1165204.990491017,1046816.2620707941
2025-04-23T00:20:00.000+0000,1351897.1792813211,1165204.990491017,1046619.9909138626
2025-04-23T00:30:00.000+0000,1352809.614188969,1165204.990491017,1045053.7528844299
2025-04-23T00:40:00.000+0000,1352958.348086585,1165204.990491017,1042295.8159064197
2025-04-23T00:50:00.000+0000,1353445.133326601,1165204.990491017,1042316.6360930894
2025-04-23T01:00:00.000+0000,1352742.742289321,1165204.990491017,1041875.7839777833
2025-04-23T01:10:00.000+0000,1352529.1353516888,1165204.990491017,1049457.8663410076
2025-04-23T01:20:00.000+0000,1352116.825723481,1165204.990491017,1047434.582083761
2025-04-23T01:30:00.000+0000,1352281.158771785,1165204.990491017,1048321.833278618
2025-04-23T01:40:00.000+0000,1352513.0586233689,1165204.990491017,1046397.4566659336
2025-04-23T01:50:00.000+0000,1353179.993388377,1165204.990491017,1042807.5243097977
2025-04-23T02:00:00.000+0000,1353282.5818119291,1165204.990491017,1043056.7345082103
2025-04-23T02:10:00.000+0000,1353264.2888979772,1165204.990491017,1045579.1344041298
2025-04-23T02:20:00.000+0000,1352716.193685209,1165204.990491017,1050419.176388226
2025-04-23T02:30:00.000+0000,1353022.351822601,1165204.990491017,1050616.3422323382
2025-04-23T02:40:00.000+0000,1352352.940620329,1165204.990491017,1052402.7782476698
2025-04-23T02:50:00.000+0000,1352273.120407625,1165204.990491017,1051811.4954441367
2025-04-23T03:00:00.000+0000,1352315.2681624251,1165204.990491017,1049815.8779523277
2025-04-23T03:10:00.000+0000,1352662.444498985,1165204.990491017,1048608.3389510717
2025-04-23T03:20:00.000+0000,1352606.913779129,1165204.990491017,1049780.0520800706
2025-04-23T03:30:00.000+0000,1352694.9896819931,1165204.990491017,1050349.4112725733
2025-04-23T03:40:00.000+0000,1352202.642515081,1165204.990491017,1053210.0674019312
2025-04-23T03:50:00.000+0000,1350904.706834969,1165204.990491017,1053923.243586967
2025-04-23T04:00:00.000+0000,1351005.9483768889,1165204.990491017,1054270.108667546
2025-04-23T04:10:00.000+0000,1350603.0239944728,1165204.990491017,1052467.617387733
2025-04-23T04:20:00.000+0000,1351082.2055223288,1165204.990491017,1051035.7676241384
2025-04-23T04:30:00.000+0000,1351107.6245708088,1165204.990491017,1052283.826886958
2025-04-23T04:40:00.000+0000,1351037.146678265,1165204.990491017,1055829.3154376314
2025-04-23T04:50:00.000+0000,1350239.2933519608,1165204.990491017,1060360.0351500832
2025-04-23T05:00:00.000+0000,1350552.1429718812,1165204.990491017,1060752.794321193
2025-04-23T05:10:00.000+0000,1350863.863036169,1165204.990491017,1059406.1501286237
2025-04-23T05:20:00.000+0000,1351385.626970825,1165204.990491017,1060456.9068813242
2025-04-23T05:30:00.000+0000,1350893.931781913,1165204.990491017,1060765.3859591708
2025-04-23T05:40:00.000+0000,1350820.585725737,1165204.990491017,1062026.7819854731
2025-04-23T05:50:00.000+0000,1351013.466237785,1165204.990491017,1060303.6946534142
2025-04-23T06:00:00.000+0000,1351039.580189897,1165204.990491017,1059055.523353481
2025-04-23T06:10:00.000+0000,1350916.9173187609,1165204.990491017,1062401.8600125187
2025-04-23T06:20:00.000+0000,1350843.788588585,1165204.990491017,1062242.4468591074
2025-04-23T06:30:00.000+0000,1350814.8064728412,1165204.990491017,1062140.1608321005
2025-04-23T06:40:00.000+0000,1351156.4208825051,1165204.990491017,1061377.041561136
2025-04-23T06:50:00.000+0000,1351202.131704569,1165204.990491017,1059585.2668357403
2025-04-23T07:00:00.000+0000,1351147.947866345,1165204.990491017,1057196.0692201168
2025-04-23T07:10:00.000+0000,1351755.1368662328,1165204.990491017,1056799.465551762
2025-04-23T07:20:00.000+0000,1351734.150189017,1165204.990491017,1057251.3215401783
2025-04-23T07:30:00.000+0000,1351705.820051273,1165204.990491017,1059255.287353489
2025-04-23T07:40:00.000+0000,1351887.316457897,1165204.990491017,1059148.0450611692
2025-04-23T07:50:00.000+0000,1351399.4016622491,1165204.990491017,1060217.4504586444
2025-04-23T08:00:00.000+0000,1351656.503236313,1165204.990491017,1061814.5816864816
2025-04-23T08:10:00.000+0000,1351259.6183584249,1165204.990491017,1063371.6123805693
2025-04-23T08:20:00.000+0000,1351373.547961769,1165204.990491017,1065750.0827102666
2025-04-23T08:30:00.000+0000,1351651.593287417,1165204.990491017,1064489.1179392212
2025-04-23T08:40:00.000+0000,1351374.199939769,1165204.990491017,1065300.3531914086
2025-04-23T08:50:00.000+0000,1351319.1038719132,1165204.990491017,1066209.7407855797
2025-04-23T09:00:00.000+0000,1351499.036070905,1165204.990491017,1067122.3869715256
2025-04-23T09:10:00.000+0000,1351189.097540249,1165204.990491017,1068483.9650557267
2025-04-23T09:20:00.000+0000,1351398.011854985,1165204.990491017,1067271.035609524
2025-04-23T09:30:00.000+0000,1351524.672445385,1165204.990491017,1066265.4924524017
2025-04-23T09:40:00.000+0000,1351563.257132921,1165204.990491017,1066090.8385304497
2025-04-23T09:50:00.000+0000,1351581.984698873,1165204.990491017,1062663.3257197107
2025-04-23T10:00:00.000+0000,1352293.109003945,1165204.990491017,1058523.4606545938
2025-04-23T10:10:00.000+0000,1352663.922855353,1165204.990491017,1059705.8016508573
2025-04-23T10:20:00.000+0000,1352318.9627044252,1165204.990491017,1061552.6123935021
2025-04-23T10:30:00.000+0000,1352212.3765616089,1165204.990491017,1063288.4789506362
2025-04-23T10:40:00.000+0000,1351952.5812242809,1165204.990491017,1063585.0822815772
2025-04-23T10:50:00.000+0000,1351412.0897236732,1165204.990491017,1065565.5359230563
2025-04-23T11:00:00.000+0000,1351606.317117353,1165204.990491017,1066132.6351637288
2025-04-23T11:10:00.000+0000,1351283.647599641,1165204.990491017,1067141.9973754103
2025-04-23T11:20:00.000+0000,1351193.3555111452,1165204.990491017,1066492.2859440055
2025-04-23T11:30:00.000+0000,1351509.768198329,1165204.990491017,1065928.7733756755
2025-04-23T11:40:00.000+0000,1351436.856794153,1165204.990491017,1064031.7702895473
2025-04-23T11:50:00.000+0000,1351783.381152713,1165204.990491017,1062203.7663385605
2025-04-23T12:00:00.000+0000,1351436.4221421531,1165204.990491017,1063667.587541592
2025-04-23T12:10:00.000+0000,1351066.260268745,1165204.990491017,1067089.5750926035
2025-04-23T12:20:00.000+0000,1351436.856794153,1165204.990491017,1066231.8721856498
2025-04-23T12:30:00.000+0000,1351497.514788905,1165204.990491017,1067131.936391976
2025-04-23T12:40:00.000+0000,1351453.150848473,1165204.990491017,1066563.7291571223
2025-04-23T12:50:00.000+0000,1351365.2922716092,1165204.990491017,1068081.406016973
2025-04-23T13:00:00.000+0000,1351241.977422473,1165204.990491017,1067364.1266959966
2025-04-23T13:10:00.000+0000,1350621.622783529,1165204.990491017,1070356.8473583206
2025-04-23T13:20:00.000+0000,1350380.5979377849,1165204.990491017,1070383.6087407866
2025-04-23T13:30:00.000+0000,1350047.239218281,1165204.990491017,1063301.8202482215
2025-04-23T13:40:00.000+0000,1350838.401062057,1165204.990491017,1062351.3230260648
2025-04-23T13:50:00.000+0000,1350641.957482745,1165204.990491017,1054901.9449824607
2025-04-23T14:00:00.000+0000,1351170.673151561,1165204.990491017,1057090.8714620427
2025-04-23T14:10:00.000+0000,1351010.8154001532,1165204.990491017,1052514.6640082058
2025-04-23T14:20:00.000+0000,1350687.711230441,1165204.990491017,1053587.9369578115
2025-04-23T14:30:00.000+0000,1350938.121321977,1165204.990491017,1057451.3148101028
2025-04-23T14:40:00.000+0000,1350731.8578448729,1165204.990491017,1058790.2861054442
2025-04-23T14:50:00.000+0000,1351248.0598526332,1165204.990491017,1057371.7545666916
2025-04-23T15:00:00.000+0000,1351460.797486265,1165204.990491017,1055454.484280339
2025-04-23T15:10:00.000+0000,1352012.238440297,1165204.990491017,1047990.6183293961
2025-04-23T15:20:00.000+0000,1352987.112876329,1165204.990491017,1043779.4343937933
2025-04-23T15:30:00.000+0000,1352337.124143641,1165204.990491017,1047328.4037235249
2025-04-23T15:40:00.000+0000,1352138.681704697,1165204.990491017,1053672.2854197957
2025-04-23T15:50:00.000+0000,1344973.075019705,1165204.990491017,1054931.802052075
2025-04-23T16:00:00.000+0000,1334164.4201866488,1165204.990491017,1058183.1224694995
2025-04-23T16:10:00.000+0000,1320500.404531145,1165204.990491017,1057004.998792592
2025-04-23T16:20:00.000+0000,1310573.117779097,1165204.990491017,1053591.8864988307
2025-04-23T16:30:00.000+0000,1298835.130327385,1165204.990491017,1059020.144556526
2025-04-23T16:40:00.000+0000,1306115.836399145,1165204.990491017,1061616.0972419237
2025-04-23T16:50:00.000+0000,1308741.6021047449,1165204.990491017,1061428.471088469
2025-04-23T17:00:00.000+0000,1314268.914334649,1165204.990491017,1062332.023049334
2025-04-23T17:10:00.000+0000,1313454.809879657,1165204.990491017,1064630.5796123669
2025-04-23T17:20:00.000+0000,1315943.660445065,1165204.990491017,1062185.4818771128
2025-04-23T17:30:00.000+0000,1319331.345627065,1165204.990491017,1061169.1666746626
2025-04-23T17:40:00.000+0000,1321810.2448199452,1165204.990491017,1060923.832059153
2025-04-23T17:50:00.000+0000,1319266.472587049,1165204.990491017,1061005.247532834
2025-04-23T18:00:00.000+0000,1316449.130325401,1165204.990491017,1064030.1717574534
2025-04-23T18:10:00.000+0000,1316322.4697350012,1165204.990491017,1067313.3457284481
2025-04-23T18:20:00.000+0000,1316555.890868585,1165204.990491017,1065466.9783050779
2025-04-23T18:30:00.000+0000,1315838.118006617,1165204.990491017,1063732.224848521
2025-04-23T18:40:00.000+0000,1317591.815025737,1165204.990491017,1061298.0505893563
2025-04-23T18:50:00.000+0000,1317031.031751545,1165204.990491017,1061060.0530726688
2025-04-23T19:00:00.000+0000,1317067.834905449,1165204.990491017,1057990.7351498846
2025-04-23T19:10:00.000+0000,1318130.6966952411,1165204.990491017,1054119.2402851572
2025-04-23T19:20:00.000+0000,1318799.195667881,1165204.990491017,1050530.095649767
2025-04-23T19:30:00.000+0000,1319361.325823705,1165204.990491017,1051700.3033157217
2025-04-23T19:40:00.000+0000,1317980.181263993,1165204.990491017,1055476.3986802925
2025-04-23T19:50:00.000+0000,1317042.284382233,1165204.990491017,1053881.5171914937
2025-04-23T20:00:00.000+0000,1315578.843172553,1165204.990491017,1056989.2567724886
2025-04-23T20:10:00.000+0000,1313590.1178865852,1165204.990491017,1057881.7019270535
2025-04-23T20:20:00.000+0000,1314285.339863705,1165204.990491017,1061023.2706191328
2025-04-23T20:30:00.000+0000,1314844.733330633,1165204.990491017,1062016.2955955353
2025-04-23T20:40:00.000+0000,1314661.932968009,1165204.990491017,1060597.7061959293
2025-04-23T20:50:00.000+0000,1313707.827883193,1165204.990491017,1060552.0694115846
2025-04-23T21:00:00.000+0000,1309919.042778041,1165204.990491017,1061680.8760976153
2025-04-23T21:10:00.000+0000,1308922.572612425,1165204.990491017,1062219.8036009767
2025-04-23T21:20:00.000+0000,1309506.558749465,1165204.990491017,1061456.3846879425
2025-04-23T21:30:00.000+0000,1305711.951465785,1165204.990491017,1061157.2729435507
2025-04-23T21:40:00.000+0000,1302759.561448841,1165204.990491017,1058766.1702675768
2025-04-23T21:50:00.000+0000,1304698.972617689,1165204.990491017,1058324.1195839937
2025-04-23T22:00:00.000+0000,1305455.330167193,1165204.990491017,1058546.663543857
2025-04-23T22:10:00.000+0000,1307889.953968745,1165204.990491017,1058314.9588949936
2025-04-23T22:20:00.000+0000,1307543.646936185,1165204.990491017,1060054.817346889
2025-04-23T22:30:00.000+0000,1306832.434082009,1165204.990491017,1061483.8105395332
2025-04-23T22:40:00.000+0000,1305241.680303929,1165204.990491017,1063055.0785151783
2025-04-23T22:50:00.000+0000,1305892.103688617,1165204.990491017,1063717.584732346
2025-04-23T23:00:00.000+0000,1307330.343175817,1165204.990491017,1063978.8947518908
2025-04-23T23:10:00.000+0000,1307718.017208281,1165204.990491017,1063893.2276537437
2025-04-23T23:20:00.000+0000,1307511.058827545,1165204.990491017,1063564.5724684855
2025-04-23T23:30:00.000+0000,1311507.322816697,1165204.990491017,1062712.6963502727
2025-04-23T23:40:00.000+0000,1313553.880859417,1165204.990491017,1060470.3374026376
2025-04-23T23:50:00.000+0000,1315090.4507992729,1165204.990491017,1060015.0826419105
2025-04-24T00:00:00.000+0000,1314029.585171273,1165204.990491017,1060746.7142416523
2025-04-24T00:10:00.000+0000,1315460.178020681,1165204.990491017,1059562.4459260877
2025-04-24T00:20:00.000+0000,1317970.449915305,1165204.990491017,1056736.1332251106
2025-04-24T00:30:00.000+0000,1317883.286242073,1165204.990491017,1056107.883600397
2025-04-24T00:40:00.000+0000,1318156.856270825,1165204.990491017,1057822.1519084736
2025-04-24T00:50:00.000+0000,1318730.8051840728,1165204.990491017,1057387.5825017758
2025-04-24T01:00:00.000+0000,1318824.920591465,1165204.990491017,1057393.1720969798
2025-04-24T01:10:00.000+0000,1319993.3275175449,1165204.990491017,1053306.8273554172
2025-04-24T01:20:00.000+0000,1319610.9122347129,1165204.990491017,1053077.1124922466
2025-04-24T01:30:00.000+0000,1318616.0062767288,1165204.990491017,1055929.9584682179
2025-04-24T01:40:00.000+0000,1318338.438528713,1165204.990491017,1055823.8456330965
2025-04-24T01:50:00.000+0000,1317010.825829225,1165204.990491017,1057271.516150513
2025-04-24T02:00:00.000+0000,1317269.926262921,1165204.990491017,1057455.8410812337
2025-04-24T02:10:00.000+0000,1317752.061805673,1165204.990491017,1058716.5504151776
2025-04-24T02:20:00.000+0000,1318253.5339667452,1165204.990491017,1059009.9640239223
2025-04-24T02:30:00.000+0000,1318357.426346297,1165204.990491017,1057456.9932982412
2025-04-24T02:40:00.000+0000,1320133.631324633,1165204.990491017,1051375.7705474026
2025-04-24T02:50:00.000+0000,1323588.7947608088,1165204.990491017,1051034.0924867685
2025-04-24T03:00:00.000+0000,1324295.1835173531,1165204.990491017,1050421.027325892
2025-04-24T03:10:00.000+0000,1324306.524697145,1165204.990491017,1052385.814067829
2025-04-24T03:20:00.000+0000,1324253.905066553,1165204.990491017,1053622.369332703
2025-04-24T03:30:00.000+0000,1324618.0274354331,1165204.990491017,1049727.0267392383
2025-04-24T03:40:00.000+0000,1328473.335639497,1165204.990491017,1047567.0082243299
2025-04-24T03:50:00.000+0000,1328271.764785289,1165204.990491017,1044450.0618445652
2025-04-24T04:00:00.000+0000,1328584.874656841,1165204.990491017,1043820.9907484297
2025-04-24T04:10:00.000+0000,1327947.6169112092,1165204.990491017,1042041.1226140979
2025-04-24T04:20:00.000+0000,1327452.3586550332,1165204.990491017,1045280.4246984215
2025-04-24T04:30:00.000+0000,1327977.728582585,1165204.990491017,1043417.2376040672
2025-04-24T04:40:00.000+0000,1327519.490806313,1165204.990491017,1043555.7330390915
2025-04-24T04:50:00.000+0000,1327529.528030106,1289063.5407178982,1045582.5779537014
2025-04-24T05:00:00.000+0000,1327041.0498055622,1289063.5407178982,1048315.1946946725
2025-04-24T05:10:00.000+0000,1326820.2308821382,1289063.5407178982,1047432.8654600184
2025-04-24T05:20:00.000+0000,1327054.4327706182,1289063.5407178982,1044183.103832388
2025-04-24T05:30:00.000+0000,1327114.65611337,1289063.5407178982,1045664.1837330742
2025-04-24T05:40:00.000+0000,1327138.0763022183,1289063.5407178982,1046743.0880771913
2025-04-24T05:50:00.000+0000,1327087.890183258,1289063.5407178982,1045472.5043094766
2025-04-24T06:00:00.000+0000,1326997.5551691302,1289063.5407178982,1046054.338291524
2025-04-24T06:10:00.000+0000,1327034.3583230341,1289063.5407178982,1043372.2883258734
2025-04-24T06:20:00.000+0000,1327194.9539037063,1289063.5407178982,1044625.3654887466
2025-04-24T06:30:00.000+0000,1327238.448540138,1289063.5407178982,1046891.2055046966
2025-04-24T06:40:00.000+0000,1327238.448540138,1289063.5407178982,1046042.9827821035
2025-04-24T06:50:00.000+0000,1327181.5709386503,1289063.5407178982,1043810.2736752958
2025-04-24T07:00:00.000+0000,1327352.2037431141,1289063.5407178982,1043773.4475533674
2025-04-24T07:10:00.000+0000,1327318.7463304743,1289063.5407178982,1046146.0830456929
2025-04-24T07:20:00.000+0000,1327345.5122605863,1289063.5407178982,1041677.9026091096
2025-04-24T07:30:00.000+0000,1327368.9324494342,1289063.5407178982,1040647.5018152208
2025-04-24T07:40:00.000+0000,1327512.7993237863,1289063.5407178982,1038891.4982849646
2025-04-24T07:50:00.000+0000,1327496.0706174662,1289063.5407178982,1038239.887659822
2025-04-24T08:00:00.000+0000,1327455.9217222983,1289063.5407178982,1037832.5441049476
2025-04-24T08:10:00.000+0000,1327559.6397014821,1289063.5407178982,1035994.8101754703
2025-04-24T08:20:00.000+0000,1327603.1343379142,1289063.5407178982,1032833.5647048815
2025-04-24T08:30:00.000+0000,1327626.554526762,1289063.5407178982,1029960.5575920345
2025-04-24T08:40:00.000+0000,1327639.937491818,1289063.5407178982,1028643.2006430137
2025-04-24T08:50:00.000+0000,1327666.70342193,1289063.5407178982,1030078.5858627849
2025-04-24T09:00:00.000+0000,1327686.7778695142,1289063.5407178982,1032950.9641619856
2025-04-24T09:10:00.000+0000,1327439.1930159782,1289063.5407178982,1035089.8009540566
2025-04-24T09:20:00.000+0000,1327542.910995162,1289063.5407178982,1036689.7959876831
2025-04-24T09:30:00.000+0000,1327566.3311840103,1289063.5407178982,1035530.1145883128
2025-04-24T09:40:00.000+0000,1327573.0226665381,1289063.5407178982,1035580.2321598874
2025-04-24T09:50:00.000+0000,1327603.1343379142,1289063.5407178982,1034778.6076142382
2025-04-24T10:00:00.000+0000,1327670.0491631941,1289063.5407178982,1036405.7733038532
2025-04-24T10:10:00.000+0000,1327542.910995162,1289063.5407178982,1036515.8260573535
2025-04-24T10:20:00.000+0000,1327499.4163587303,1289063.5407178982,1038477.888083027
2025-04-24T10:30:00.000+0000,1327482.6876524102,1289063.5407178982,1036984.813422841
2025-04-24T10:40:00.000+0000,1327489.3791349381,1289063.5407178982,1038248.1557900843
2025-04-24T10:50:00.000+0000,1327549.6024776902,1289063.5407178982,1037889.1367478303
2025-04-24T11:00:00.000+0000,1327586.4056315941,1289063.5407178982,1036924.1293951005
2025-04-24T11:10:00.000+0000,1327566.3311840103,1289063.5407178982,1036137.7418619634
2025-04-24T11:20:00.000+0000,1327536.2195126342,1289063.5407178982,1036394.8040130702
2025-04-24T11:30:00.000+0000,1327559.6397014821,1289063.5407178982,1036258.4629316684
2025-04-24T11:40:00.000+0000,1327603.1343379142,1289063.5407178982,1036397.5348731632
2025-04-24T11:50:00.000+0000,1327482.6876524102,1289063.5407178982,1039949.9118197709
2025-04-24T12:00:00.000+0000,1327479.3419111462,1289063.5407178982,1039169.6831534693
2025-04-24T12:10:00.000+0000,1327412.4270858662,1289063.5407178982,1039000.7721265667
2025-04-24T12:20:00.000+0000,1327429.1557921863,1289063.5407178982,1042200.0340150889
2025-04-24T12:30:00.000+0000,1327475.9961698821,1289063.5407178982,1042179.0755526859
2025-04-24T12:40:00.000+0000,1327465.9589460902,1289063.5407178982,1042692.0537817213
2025-04-24T12:50:00.000+0000,1327372.2781906982,1289063.5407178982,1043143.5063989449
2025-04-24T13:00:00.000+0000,1327365.5867081701,1289063.5407178982,1043711.9591353252
2025-04-24T13:10:00.000+0000,1327355.5494843782,1289063.5407178982,1044166.4982821969
2025-04-24T13:20:00.000+0000,1327004.246651658,1289063.5407178982,1045038.2007405958
2025-04-24T13:30:00.000+0000,1327111.3103721063,1289063.5407178982,1046994.2671348545
2025-04-24T13:40:00.000+0000,1327104.6188895782,1289063.5407178982,1042811.9991946983
2025-04-24T13:50:00.000+0000,1327164.8422323302,1289063.5407178982,1041536.300236712
2025-04-24T14:00:00.000+0000,1327171.5337148581,1289063.5407178982,1046218.838974784
2025-04-24T14:10:00.000+0000,1327245.1400226662,1289063.5407178982,1048751.8244020853
2025-04-24T14:20:00.000+0000,1327362.240966906,1289063.5407178982,1044833.9521973296
2025-04-24T14:30:00.000+0000,1327435.8472747141,1289063.5407178982,1047453.5668755935
2025-04-24T14:40:00.000+0000,1327358.8952256422,1289063.5407178982,1049773.9422473817
2025-04-24T14:50:00.000+0000,1327338.8207780581,1289063.5407178982,1050564.812973409
2025-04-24T15:00:00.000+0000,1327449.2302397701,1289063.5407178982,1049921.8661318836
2025-04-24T15:10:00.000+0000,1327291.980400362,1289063.5407178982,1054733.1322832098
2025-04-24T15:20:00.000+0000,1327302.0176241542,1289063.5407178982,1052454.4746859702
2025-04-24T15:30:00.000+0000,1327097.9274070503,1289063.5407178982,1051046.2887843265
2025-04-24T15:40:00.000+0000,1327004.246651658,1289063.5407178982,1052172.5187060435
2025-04-24T15:50:00.000+0000,1326964.09775649,1289063.5407178982,1050452.550098159
2025-04-24T16:00:00.000+0000,1327057.7785118823,1289063.5407178982,1050629.0437075514
2025-04-24T16:10:00.000+0000,1326957.4062739622,1289063.5407178982,1052043.8666012734
2025-04-24T16:20:00.000+0000,1326990.863686602,1289063.5407178982,1053811.5869534772
2025-04-24T16:30:00.000+0000,1326890.4914486823,1289063.5407178982,1056656.8050688398
2025-04-24T16:40:00.000+0000,1326870.4170010982,1289063.5407178982,1057503.2835072668
2025-04-24T16:50:00.000+0000,1326830.2681059302,1289063.5407178982,1056568.627965374
2025-04-24T17:00:00.000+0000,1327004.246651658,1289063.5407178982,1054306.8632191594
2025-04-24T17:10:00.000+0000,1327164.8422323302,1289063.5407178982,1048771.1575571988
2025-04-24T17:20:00.000+0000,1327268.5602115141,1289063.5407178982,1046351.8214913153
2025-04-24T17:30:00.000+0000,1327208.3368687623,1289063.5407178982,1049478.7696254347
2025-04-24T17:40:00.000+0000,1327215.0283512902,1289063.5407178982,1045484.7207018253
2025-04-24T17:50:00.000+0000,1326970.7892390182,1289063.5407178982,1045037.6990060338
2025-04-24T18:00:00.000+0000,1326853.688294778,1289063.5407178982,1052344.135704787
2025-04-24T18:10:00.000+0000,1326850.3425535143,1289063.5407178982,1053543.9891903629
2025-04-24T18:20:00.000+0000,1326820.2308821382,1289063.5407178982,1053325.8319291056
2025-04-24T18:30:00.000+0000,1326579.3375111301,1289063.5407178982,1055464.7695080645
2025-04-24T18:40:00.000+0000,1326505.7312033223,1289063.5407178982,1056291.2179219455
2025-04-24T18:50:00.000+0000,1326529.1513921702,1289063.5407178982,1056797.1222606744
2025-04-24T19:00:00.000+0000,1326562.60880481,1289063.5407178982,1055158.532952276
2025-04-24T19:10:00.000+0000,1326602.757699978,1289063.5407178982,1053760.3137039428
2025-04-24T19:20:00.000+0000,1326465.582308154,1289063.5407178982,1054965.76187326
2025-04-24T19:30:00.000+0000,1326301.6409862181,1289063.5407178982,1056721.8787552803
2025-04-24T19:40:00.000+0000,1326395.32174161,1289063.5407178982,1055990.7893568985
2025-04-24T19:50:00.000+0000,1326458.8908256262,1289063.5407178982,1056879.737912359
2025-04-24T20:00:00.000+0000,1326489.0024970022,1289063.5407178982,1056268.5617860043
2025-04-24T20:10:00.000+0000,1326659.635301466,1289063.5407178982,1057056.6753954603
2025-04-24T20:20:00.000+0000,1326542.5343572262,1289063.5407178982,1056538.7157177837
2025-04-24T20:30:00.000+0000,1326559.2630635463,1289063.5407178982,1056105.851720321
2025-04-24T20:40:00.000+0000,1326345.1356226502,1289063.5407178982,1056006.3533768272
2025-04-24T20:50:00.000+0000,1326241.4176434663,1289063.5407178982,1056142.547302213
2025-04-24T21:00:00.000+0000,1326234.7261609382,1289063.5407178982,1055755.755619096
2025-04-24T21:10:00.000+0000,1326294.9495036902,1289063.5407178982,1055531.8023953976
2025-04-24T21:20:00.000+0000,1326211.3059720902,1289063.5407178982,1049410.2842710144
2025-04-24T21:30:00.000+0000,1326596.0662174502,1289063.5407178982,1050718.0023879337
2025-04-24T21:40:00.000+0000,1326562.60880481,1289063.5407178982,1052207.3992651058
2025-04-24T21:50:00.000+0000,1326371.9015527621,1289063.5407178982,1053404.487308262
2025-04-24T22:00:00.000+0000,1326395.32174161,1289063.5407178982,1052954.901466609
2025-04-24T22:10:00.000+0000,1326405.3589654022,1289063.5407178982,1055317.5416434852
2025-04-24T22:20:00.000+0000,1326435.4706367783,1289063.5407178982,1055186.6330835547
2025-04-24T22:30:00.000+0000,1326304.9867274822,1289063.5407178982,1056355.449988597
2025-04-24T22:40:00.000+0000,1326231.380419674,1289063.5407178982,1053761.3404694512
2025-04-24T22:50:00.000+0000,1326268.1835735783,1289063.5407178982,1052928.5831083418
2025-04-24T23:00:00.000+0000,1326171.1570769222,1289063.5407178982,1053598.4685008563
2025-04-24T23:10:00.000+0000,1326177.8485594501,1289063.5407178982,1056257.84736003
2025-04-24T23:20:00.000+0000,1326201.2687482983,1289063.5407178982,1056130.1874920172
2025-04-24T23:30:00.000+0000,1326261.4920910501,1289063.5407178982,1060408.9535453704
2025-04-24T23:40:00.000+0000,1326181.1943007142,1289063.5407178982,1061226.553217838
2025-04-24T23:50:00.000+0000,1326278.2207973702,1289063.5407178982,1060637.240105207
2025-04-25T00:00:00.000+0000,1326214.6517133543,1289063.5407178982,1059983.5673281234
2025-04-25T00:10:00.000+0000,1326221.3431958822,1289063.5407178982,1058817.6254969544
2025-04-25T00:20:00.000+0000,1326174.502818186,1289063.5407178982,1060451.8262376627
2025-04-25T00:30:00.000+0000,1326154.4283706022,1289063.5407178982,1060483.3155186116
2025-04-25T00:40:00.000+0000,1326217.997454618,1289063.5407178982,1061634.5649442887
2025-04-25T00:50:00.000+0000,1326385.2845178181,1289063.5407178982,1061179.3777206312
2025-04-25T01:00:00.000+0000,1326181.1943007142,1289063.5407178982,1062026.9121589984
2025-04-25T01:10:00.000+0000,1326194.5772657702,1289063.5407178982,1063926.734309373
2025-04-25T01:20:00.000+0000,1326234.7261609382,1289063.5407178982,1060792.201446462
2025-04-25T01:30:00.000+0000,1326207.9602308262,1289063.5407178982,1059916.3527024467
2025-04-25T01:40:00.000+0000,1326207.9602308262,1289063.5407178982,1061320.394446917
2025-04-25T01:50:00.000+0000,1326301.6409862181,1289063.5407178982,1060157.1778507284
2025-04-25T02:00:00.000+0000,1326381.938776554,1289063.5407178982,1059650.0730389203
2025-04-25T02:10:00.000+0000,1326244.76338473,1289063.5407178982,1057473.4388146054
2025-04-25T02:20:00.000+0000,1326258.146349786,1289063.5407178982,1054837.3295679719
2025-04-25T02:30:00.000+0000,1326361.8643289702,1289063.5407178982,1053266.1714652795
2025-04-25T02:40:00.000+0000,1326515.7684271142,1289063.5407178982,1053056.5131603512
2025-04-25T02:50:00.000+0000,1326378.5930352903,1289063.5407178982,1048396.9307190059
2025-04-25T03:00:00.000+0000,1326489.0024970022,1289063.5407178982,1048608.5721113633
2025-04-25T03:10:00.000+0000,1326381.938776554,1289063.5407178982,1051665.74116101
2025-04-25T03:20:00.000+0000,1326385.2845178181,1289063.5407178982,1051164.353506489
2025-04-25T03:30:00.000+0000,1326107.587992906,1289063.5407178982,1051966.1412697001
2025-04-25T03:40:00.000+0000,1326064.093356474,1289063.5407178982,1055277.779108019
2025-04-25T03:50:00.000+0000,1325866.6946218982,1289063.5407178982,1055391.195255569
2025-04-25T04:00:00.000+0000,1325829.891467994,1289063.5407178982,1054988.0419497793
2025-04-25T04:10:00.000+0000,1325826.5457267303,1289063.5407178982,1057241.3886911203
2025-04-25T04:20:00.000+0000,1325866.6946218982,1289063.5407178982,1055999.729781276
2025-04-25T04:30:00.000+0000,1325890.1148107462,1289063.5407178982,1054125.1297996473
2025-04-25T04:40:00.000+0000,1325983.795566138,1289063.5407178982,1055536.4199200699
2025-04-25T04:50:00.000+0000,1326144.3911468103,1289063.5407178982,1053625.5172555917
2025-04-25T05:00:00.000+0000,1326181.1943007142,1289063.5407178982,1053636.750568683
2025-04-25T05:10:00.000+0000,1326030.6359438342,1289063.5407178982,1056033.7759911062
2025-04-25T05:20:00.000+0000,1325870.0403631623,1289063.5407178982,1056782.6351849867
2025-04-25T05:30:00.000+0000,1325836.5829505222,1289063.5407178982,1056011.0008782889
2025-04-25T05:40:00.000+0000,1325836.5829505222,1289063.5407178982,1055447.623920674
2025-04-25T05:50:00.000+0000,1325736.2107126021,1289063.5407178982,1056753.13328407
2025-04-25T06:00:00.000+0000,1325665.950146058,1289063.5407178982,1057194.027475901
2025-04-25T06:10:00.000+0000,1325625.8012508901,1289063.5407178982,1058637.5533174274
2025-04-25T06:20:00.000+0000,1325431.7482575781,1289063.5407178982,1057833.277772131
2025-04-25T06:30:00.000+0000,1325321.3387958661,1289063.5407178982,1062053.3300073622
2025-04-25T06:40:00.000+0000,1325070.408201066,1289063.5407178982,1061874.3204724623
2025-04-25T06:50:00.000+0000,1324729.1425921381,1289063.5407178982,1063812.8478258536
2025-04-25T07:00:00.000+0000,1324625.4246129543,1289063.5407178982,1065278.8000682641
2025-04-25T07:10:00.000+0000,1324471.5205148102,1289063.5407178982,1063964.8726999946
2025-04-25T07:20:00.000+0000,1324655.53628433,1289063.5407178982,1061643.6356314856
2025-04-25T07:30:00.000+0000,1324508.3236687141,1289063.5407178982,1063046.9438136118
2025-04-25T07:40:00.000+0000,1324525.0523750342,1289063.5407178982,1063852.7025808597
2025-04-25T07:50:00.000+0000,1324528.3981162983,1289063.5407178982,1064635.7224273435
2025-04-25T08:00:00.000+0000,1324525.0523750342,1289063.5407178982,1067230.0442339156
2025-04-25T08:10:00.000+0000,1324986.764669466,1289063.5407178982,1066581.204676306
2025-04-25T08:20:00.000+0000,1324919.849844186,1289063.5407178982,1067530.0015777657
2025-04-25T08:30:00.000+0000,1324949.9615155621,1289063.5407178982,1066688.070909204
2025-04-25T08:40:00.000+0000,1324983.4189282022,1289063.5407178982,1066913.4481257743
2025-04-25T08:50:00.000+0000,1325006.8391170502,1289063.5407178982,1066591.8995262065
2025-04-25T09:00:00.000+0000,1325080.4454248582,1289063.5407178982,1063586.3009625035
2025-04-25T09:10:00.000+0000,1325107.2113549702,1289063.5407178982,1062564.3811585961
2025-04-25T09:20:00.000+0000,1325103.8656137062,1289063.5407178982,1064185.5228140156
2025-04-25T09:30:00.000+0000,1325057.02523601,1289063.5407178982,1065279.1061492385
2025-04-25T09:40:00.000+0000,1325087.1369073861,1289063.5407178982,1064733.6568567886
2025-04-25T09:50:00.000+0000,1325040.2965296903,1289063.5407178982,1066573.7132044875
2025-04-25T10:00:00.000+0000,1325033.6050471622,1289063.5407178982,1066816.1279867215
2025-04-25T10:10:00.000+0000,1324622.0788716902,1289063.5407178982,1067055.211274356
2025-04-25T10:20:00.000+0000,1324568.5470114662,1289063.5407178982,1067050.3986862483
2025-04-25T10:30:00.000+0000,1324588.62145905,1289063.5407178982,1063109.0877490607
2025-04-25T10:40:00.000+0000,1324638.8075780103,1289063.5407178982,1062563.7990091539
2025-04-25T10:50:00.000+0000,1324729.1425921381,1289063.5407178982,1062340.9688037485
2025-04-25T11:00:00.000+0000,1324595.3129415782,1289063.5407178982,1063802.3936304422
2025-04-25T11:10:00.000+0000,1324538.4353400902,1289063.5407178982,1066243.8843392045
2025-04-25T11:20:00.000+0000,1324685.647955706,1289063.5407178982,1067767.9315216653
2025-04-25T11:30:00.000+0000,1324755.9085222501,1289063.5407178982,1067785.396845916
2025-04-25T11:40:00.000+0000,1324786.0201936262,1289063.5407178982,1069359.2488207137
2025-04-25T11:50:00.000+0000,1324792.7116761543,1289063.5407178982,1070474.438140691
2025-04-25T12:00:00.000+0000,1324735.8340746663,1289063.5407178982,1072221.3533124786
2025-04-25T12:10:00.000+0000,1324903.1211378663,1289063.5407178982,1073643.9289995919
2025-04-25T12:20:00.000+0000,1324906.46687913,1289063.5407178982,1071889.0819968055
2025-04-25T12:30:00.000+0000,1325097.174131178,1289063.5407178982,1071117.022873756
2025-04-25T12:40:00.000+0000,1325006.8391170502,1289063.5407178982,1071723.2958021888
2025-04-25T12:50:00.000+0000,1325100.5198724421,1289063.5407178982,1067144.2266710056
2025-04-25T13:00:00.000+0000,1325107.2113549702,1289063.5407178982,1066134.3833739872
2025-04-25T13:10:00.000+0000,1325157.3974739301,1289063.5407178982,1065276.2111684976
2025-04-25T13:20:00.000+0000,1325140.66876761,1289063.5407178982,1063739.4249148252
2025-04-25T13:30:00.000+0000,1325147.3602501382,1289063.5407178982,1061240.005980244
2025-04-25T13:40:00.000+0000,1325100.5198724421,1289063.5407178982,1066284.6961227707
2025-04-25T13:50:00.000+0000,1325123.9400612903,1289063.5407178982,1064493.249737301
2025-04-25T14:00:00.000+0000,1325023.5678233702,1289063.5407178982,1067278.2590079303
2025-04-25T14:10:00.000+0000,1324883.0466902822,1289063.5407178982,1073564.3397811067
2025-04-25T14:20:00.000+0000,1325036.9507884262,1289063.5407178982,1069282.1492355396
2025-04-25T14:30:00.000+0000,1325281.1899006981,1289063.5407178982,1068997.9938832303
2025-04-25T14:40:00.000+0000,1325237.695264266,1289063.5407178982,1073257.9560871609
2025-04-25T14:50:00.000+0000,1325200.8921103622,1289063.5407178982,1078646.0755499685
2025-04-25T15:00:00.000+0000,1325050.3337534822,1289063.5407178982,1077636.3381105163
2025-04-25T15:10:00.000+0000,1324913.1583616582,1289063.5407178982,1076105.4684237465
2025-04-25T15:20:00.000+0000,1324876.3552077543,1289063.5407178982,1077597.254978993
2025-04-25T15:30:00.000+0000,1324809.440382474,1289063.5407178982,1072689.8233648578
2025-04-25T15:40:00.000+0000,1324959.998739354,1289063.5407178982,1072909.4823331311
2025-04-25T15:50:00.000+0000,1324862.972242698,1289063.5407178982,1073138.6555136582
2025-04-25T16:00:00.000+0000,1324839.5520538501,1289063.5407178982,1071006.548729139
2025-04-25T16:10:00.000+0000,1325231.0037817382,1289063.5407178982,1066872.4476912953
2025-04-25T16:20:00.000+0000,1325123.9400612903,1289063.5407178982,1066784.146209481
2025-04-25T16:30:00.000+0000,1324916.5041029223,1289063.5407178982,1069053.941391563
2025-04-25T16:40:00.000+0000,1324973.38170441,1289063.5407178982,1071935.647371212
2025-04-25T16:50:00.000+0000,1325050.3337534822,1289063.5407178982,1071021.3289901318
2025-04-25T17:00:00.000+0000,1325087.1369073861,1289063.5407178982,1072687.2245830926
2025-04-25T17:10:00.000+0000,1325107.2113549702,1289063.5407178982,1074033.968194323
2025-04-25T17:20:00.000+0000,1325070.408201066,1289063.5407178982,1074319.1438910943
2025-04-25T17:30:00.000+0000,1325284.5356419622,1289063.5407178982,1067271.6621339982
2025-04-25T17:40:00.000+0000,1325307.9558308101,1289063.5407178982,1061783.8009724722
2025-04-25T17:50:00.000+0000,1325341.4132434502,1289063.5407178982,1062178.7316676178
2025-04-25T18:00:00.000+0000,1325394.9451036742,1289063.5407178982,1063622.9800806213
2025-04-25T18:10:00.000+0000,1325344.7589847143,1289063.5407178982,1064635.4612401181
2025-04-25T18:20:00.000+0000,1325197.5463690981,1289063.5407178982,1066460.5716321669
2025-04-25T18:30:00.000+0000,1325117.2485787622,1289063.5407178982,1067419.0853749479
2025-04-25T18:40:00.000+0000,1325077.0996835942,1289063.5407178982,1069454.371072099
2025-04-25T18:50:00.000+0000,1325097.174131178,1289063.5407178982,1067067.8705480332
2025-04-25T19:00:00.000+0000,1325254.4239705862,1289063.5407178982,1067580.4647047329
2025-04-25T19:10:00.000+0000,1325264.461194378,1289063.5407178982,1066426.5672037858
2025-04-25T19:20:00.000+0000,1325214.2750754182,1289063.5407178982,1066350.0624222234
2025-04-25T19:30:00.000+0000,1325224.31229921,1289063.5407178982,1065972.5485537571
2025-04-25T19:40:00.000+0000,1325174.1261802502,1289063.5407178982,1066562.239577036
2025-04-25T19:50:00.000+0000,1325110.557096234,1289063.5407178982,1067450.1141662085
2025-04-25T20:00:00.000+0000,1325110.557096234,1289063.5407178982,1068325.6040212156
2025-04-25T20:10:00.000+0000,1325194.200627834,1289063.5407178982,1067383.436912713
2025-04-25T20:20:00.000+0000,1325378.2163973541,1289063.5407178982,1066953.3051257115
2025-04-25T20:30:00.000+0000,1325381.5621386182,1289063.5407178982,1067756.8623921338
2025-04-25T20:40:00.000+0000,1325261.1154531143,1289063.5407178982,1067194.648660252
2025-04-25T20:50:00.000+0000,1325257.7697118502,1289063.5407178982,1068954.3902757533
2025-04-25T21:00:00.000+0000,1325274.4984181703,1289063.5407178982,1068143.2930577998
2025-04-25T21:10:00.000+0000,1325237.695264266,1289063.5407178982,1068449.6073277323
2025-04-25T21:20:00.000+0000,1325418.3652925221,1289063.5407178982,1065722.1081826931
2025-04-25T21:30:00.000+0000,1325515.3917891781,1289063.5407178982,1065847.5649222955
2025-04-25T21:40:00.000+0000,1325592.3438382503,1289063.5407178982,1062467.16299607
2025-04-25T21:50:00.000+0000,1325592.3438382503,1289063.5407178982,1061292.9698564005
2025-04-25T22:00:00.000+0000,1325525.42901297,1289063.5407178982,1063604.8741559237
2025-04-25T22:10:00.000+0000,1325491.9716003302,1289063.5407178982,1063891.4853730092
2025-04-25T22:20:00.000+0000,1325465.2056702182,1289063.5407178982,1064634.7622243837
2025-04-25T22:30:00.000+0000,1325358.1419497703,1289063.5407178982,1065625.9643708249
2025-04-25T22:40:00.000+0000,1325404.9823274661,1289063.5407178982,1067171.176678002
2025-04-25T22:50:00.000+0000,1325411.6738099942,1289063.5407178982,1066183.8313521824
2025-04-25T23:00:00.000+0000,1325431.7482575781,1289063.5407178982,1065307.8555648003
2025-04-25T23:10:00.000+0000,1325401.636586202,1289063.5407178982,1065418.8884731813
2025-04-25T23:20:00.000+0000,1325475.2428940102,1289063.5407178982,1063577.4791663503
2025-04-25T23:30:00.000+0000,1325495.3173415943,1289063.5407178982,1062648.2716708987
2025-04-25T23:40:00.000+0000,1325491.9716003302,1289063.5407178982,1063220.1344476736
2025-04-25T23:50:00.000+0000,1325445.131222634,1289063.5407178982,1062697.9081392775
2025-04-26T00:00:00.000+0000,1325421.7110337862,1289063.5407178982,1063647.1933787717
2025-04-26T00:10:00.000+0000,1325421.7110337862,1289063.5407178982,1065118.2696560188
2025-04-26T00:20:00.000+0000,1325411.6738099942,1289063.5407178982,1065703.5211726583
2025-04-26T00:30:00.000+0000,1325425.0567750502,1289063.5407178982,1064419.6558730137
2025-04-26T00:40:00.000+0000,1325404.9823274661,1289063.5407178982,1065311.1182076796
2025-04-26T00:50:00.000+0000,1325391.5993624101,1289063.5407178982,1067778.6578866462
2025-04-26T01:00:00.000+0000,1325418.3652925221,1289063.5407178982,1065710.104301411
2025-04-26T01:10:00.000+0000,1325391.5993624101,1289063.5407178982,1067772.6504505717
2025-04-26T01:20:00.000+0000,1325328.0302783942,1289063.5407178982,1070501.634704506
2025-04-26T01:30:00.000+0000,1325244.3867467942,1289063.5407178982,1071691.4290935912
2025-04-26T01:40:00.000+0000,1325284.5356419622,1289063.5407178982,1072347.5733139971
2025-04-26T01:50:00.000+0000,1325317.993054602,1289063.5407178982,1071991.3934129216
2025-04-26T02:00:00.000+0000,1325348.104725978,1289063.5407178982,1070693.4591556771
2025-04-26T02:10:00.000+0000,1325291.22712449,1289063.5407178982,1069264.4654443162
2025-04-26T02:20:00.000+0000,1325331.3760196583,1289063.5407178982,1069913.4328412262
2025-04-26T02:30:00.000+0000,1325314.6473133382,1289063.5407178982,1069673.5307471883
2025-04-26T02:40:00.000+0000,1325317.993054602,1289063.5407178982,1071369.2222401632
2025-04-26T02:50:00.000+0000,1325030.259305898,1289063.5407178982,1070633.689060398
2025-04-26T03:00:00.000+0000,1325043.642270954,1289063.5407178982,1069764.6670775772
2025-04-26T03:10:00.000+0000,1325046.9880122181,1289063.5407178982,1069224.6069154232
2025-04-26T03:20:00.000+0000,1325073.7539423301,1289063.5407178982,1066145.5423803101
2025-04-26T03:30:00.000+0000,1324906.46687913,1289063.5407178982,1066630.1639678145
2025-04-26T03:40:00.000+0000,1324682.3022144423,1289063.5407178982,1066749.3610715521
2025-04-26T03:50:00.000+0000,1324722.4511096103,1289063.5407178982,1065940.5768728205
2025-04-26T04:00:00.000+0000,1324658.8820255941,1289063.5407178982,1066504.7887162433
2025-04-26T04:10:00.000+0000,1324608.6959066342,1289063.5407178982,1067072.3870086006
2025-04-26T04:20:00.000+0000,1324518.360892506,1289063.5407178982,1065084.98437388
2025-04-26T04:30:00.000+0000,1324334.3451229862,1289063.5407178982,1063373.6074605808
2025-04-26T04:40:00.000+0000,1324662.2277668582,1289063.5407178982,1064155.3941386016
2025-04-26T04:50:00.000+0000,1324949.9615155621,1289063.5407178982,1063098.4603112184
2025-04-26T05:00:00.000+0000,1324896.4296553382,1289063.5407178982,1062090.6191232686
2025-04-26T05:10:00.000+0000,1324849.589277642,1289063.5407178982,1061487.1461838656
2025-04-26T05:20:00.000+0000,1324842.8977951142,1289063.5407178982,1061647.5287785078
2025-04-26T05:30:00.000+0000,1324742.5255571941,1289063.5407178982,1063979.597121425
2025-04-26T05:40:00.000+0000,1324555.1640464102,1289063.5407178982,1064242.2890573167
2025-04-26T05:50:00.000+0000,1324371.1482768902,1289063.5407178982,1065250.678608315
2025-04-26T06:00:00.000+0000,1324320.9621579302,1289063.5407178982,1065026.6956493268
2025-04-26T06:10:00.000+0000,1324595.3129415782,1289063.5407178982,1065733.7813183893
2025-04-26T06:20:00.000+0000,1324742.5255571941,1289063.5407178982,1066010.3173595797
2025-04-26T06:30:00.000+0000,1324665.5735081222,1289063.5407178982,1066690.6349479125
2025-04-26T06:40:00.000+0000,1324561.8555289381,1289063.5407178982,1067784.9917935617
2025-04-26T06:50:00.000+0000,1324545.126822618,1289063.5407178982,1068416.1298886759
2025-04-26T07:00:00.000+0000,1324598.6586828423,1289063.5407178982,1068671.4992132825
2025-04-26T07:10:00.000+0000,1324448.100325962,1289063.5407178982,1069602.3652301244
2025-04-26T07:20:00.000+0000,1324678.9564731782,1289063.5407178982,1069944.608287645
2025-04-26T07:30:00.000+0000,1324802.7488999462,1289063.5407178982,1069269.4042798572
2025-04-26T07:40:00.000+0000,1324494.9407036582,1289063.5407178982,1068084.5050222033
2025-04-26T07:50:00.000+0000,1324434.717360906,1289063.5407178982,1067001.8210528921
2025-04-26T08:00:00.000+0000,1324381.185500682,1289063.5407178982,1066704.7985485713
2025-04-26T08:10:00.000+0000,1324193.8239898982,1289063.5407178982,1065139.580604242
2025-04-26T08:20:00.000+0000,1323788.9892969541,1289063.5407178982,1067798.0465862467
2025-04-26T08:30:00.000+0000,1323531.3672196262,1289063.5407178982,1070914.8160925645
2025-04-26T08:40:00.000+0000,1323430.9949817061,1289063.5407178982,1065943.008680996
2025-04-26T08:50:00.000+0000,1323618.3564924903,1289063.5407178982,1064707.0819346923
2025-04-26T09:00:00.000+0000,1323675.234093978,1289063.5407178982,1063398.8551077305
2025-04-26T09:10:00.000+0000,1323946.2391363622,1289063.5407178982,1064670.0542568467
2025-04-26T09:20:00.000+0000,1323865.9413460263,1289063.5407178982,1063337.0552965356
2025-04-26T09:30:00.000+0000,1324046.6113742823,1289063.5407178982,1059253.6105349576
2025-04-26T09:40:00.000+0000,1324173.749542314,1289063.5407178982,1059183.8092272512
2025-04-26T09:50:00.000+0000,1323979.696549002,1289063.5407178982,1059937.950584993
2025-04-26T10:00:00.000+0000,1323772.260590634,1289063.5407178982,1060339.5737631277
2025-04-26T10:10:00.000+0000,1323865.9413460263,1289063.5407178982,1060837.1166431862
2025-04-26T10:20:00.000+0000,1323755.5318843143,1289063.5407178982,1061541.2382740057
2025-04-26T10:30:00.000+0000,1324150.3293534662,1289063.5407178982,1061789.8513167226
2025-04-26T10:40:00.000+0000,1324123.5634233542,1289063.5407178982,1062175.8957458923
2025-04-26T10:50:00.000+0000,1323849.2126397062,1289063.5407178982,1060585.3873176724
2025-04-26T11:00:00.000+0000,1323986.3880315302,1289063.5407178982,1059227.9134604216
2025-04-26T11:10:00.000+0000,1324033.2284092263,1289063.5407178982,1058602.1012154198
2025-04-26T11:20:00.000+0000,1324070.0315631302,1289063.5407178982,1056652.2786369799
2025-04-26T11:30:00.000+0000,1324170.4038010503,1289063.5407178982,1056104.4906054046
2025-04-26T11:40:00.000+0000,1324551.8183051462,1289063.5407178982,1054081.8423609254
2025-04-26T11:50:00.000+0000,1324889.73817281,1289063.5407178982,1053264.4353819508
2025-04-26T12:00:00.000+0000,1324612.0416478983,1289063.5407178982,1055335.426883473
2025-04-26T12:10:00.000+0000,1324605.3501653702,1289063.5407178982,1056893.6765357042
2025-04-26T12:20:00.000+0000,1324384.5312419462,1289063.5407178982,1056525.2949713161
2025-04-26T12:30:00.000+0000,1324444.7545846982,1289063.5407178982,1057041.416294061
2025-04-26T12:40:00.000+0000,1324384.5312419462,1289063.5407178982,1056229.763201003
2025-04-26T12:50:00.000+0000,1324394.568465738,1289063.5407178982,1055609.4877431716
2025-04-26T13:00:00.000+0000,1324384.5312419462,1289063.5407178982,1056093.680221721
2025-04-26T13:10:00.000+0000,1324404.6056895303,1289063.5407178982,1056019.1118812424
2025-04-26T13:20:00.000+0000,1324414.6429133222,1289063.5407178982,1054553.859173283
2025-04-26T13:30:00.000+0000,1324675.6107319142,1289063.5407178982,1053603.3659665124
2025-04-26T13:40:00.000+0000,1324688.9936969702,1289063.5407178982,1051679.7593675843
2025-04-26T13:50:00.000+0000,1324668.9192493863,1289063.5407178982,1054358.910167043
2025-04-26T14:00:00.000+0000,1324739.17981593,1289063.5407178982,1054215.1143424516
2025-04-26T14:10:00.000+0000,1324936.5785505062,1289063.5407178982,1054192.5976089712
2025-04-26T14:20:00.000+0000,1325016.876340842,1289063.5407178982,1054033.7684740862
2025-04-26T14:30:00.000+0000,1324802.7488999462,1289063.5407178982,1056590.5088561508
2025-04-26T14:40:00.000+0000,1324799.4031586822,1289063.5407178982,1057034.5520083038
2025-04-26T14:50:00.000+0000,1324873.0094664902,1289063.5407178982,1056904.5335478743
2025-04-26T15:00:00.000+0000,1324886.3924315462,1289063.5407178982,1057469.140177283
2025-04-26T15:10:00.000+0000,1324812.7861237382,1289063.5407178982,1058335.4058394656
2025-04-26T15:20:00.000+0000,1324699.030920762,1289063.5407178982,1058380.9303273384
2025-04-26T15:30:00.000+0000,1324729.1425921381,1289063.5407178982,1059729.8280328326
2025-04-26T15:40:00.000+0000,1324806.0946412103,1289063.5407178982,1059665.2978981205
2025-04-26T15:50:00.000+0000,1324622.0788716902,1289063.5407178982,1061081.1987735166
2025-04-26T16:00:00.000+0000,1324538.4353400902,1289063.5407178982,1058964.9505445994
2025-04-26T16:10:00.000+0000,1324635.4618367462,1289063.5407178982,1059270.2994065469
2025-04-26T16:20:00.000+0000,1324729.1425921381,1289063.5407178982,1060450.1885355618
2025-04-26T16:30:00.000+0000,1324772.6372285702,1289063.5407178982,1059474.5101837504
2025-04-26T16:40:00.000+0000,1324943.2700330343,1289063.5407178982,1057638.5923681124
2025-04-26T16:50:00.000+0000,1324739.17981593,1289063.5407178982,1059339.0886777812
2025-04-26T17:00:00.000+0000,1324561.8555289381,1289063.5407178982,1059979.3756750943
2025-04-26T17:10:00.000+0000,1324561.8555289381,1289063.5407178982,1059515.314803913
2025-04-26T17:20:00.000+0000,1324454.7918084902,1289063.5407178982,1059889.618300958
2025-04-26T17:30:00.000+0000,1324494.9407036582,1289063.5407178982,1060949.504657001
2025-04-26T17:40:00.000+0000,1324521.7066337701,1289063.5407178982,1060939.6077049207
2025-04-26T17:50:00.000+0000,1324598.6586828423,1289063.5407178982,1060483.6276719803
2025-04-26T18:00:00.000+0000,1324826.1690887942,1289063.5407178982,1059736.4819359663
2025-04-26T18:10:00.000+0000,1324916.5041029223,1289063.5407178982,1059408.757317008
2025-04-26T18:20:00.000+0000,1324712.413885818,1289063.5407178982,1059883.171856071
2025-04-26T18:30:00.000+0000,1324548.4725638821,1289063.5407178982,1060859.4875710183
2025-04-26T18:40:00.000+0000,1324548.4725638821,1289063.5407178982,1060379.4982015053
2025-04-26T18:50:00.000+0000,1324344.3823467782,1289063.5407178982,1058680.57248629
2025-04-26T19:00:00.000+0000,1324444.7545846982,1289063.5407178982,1058102.8285208736
2025-04-26T19:10:00.000+0000,1324461.4832910183,1289063.5407178982,1057771.2537795568
2025-04-26T19:20:00.000+0000,1324605.3501653702,1289063.5407178982,1058925.9454222962
2025-04-26T19:30:00.000+0000,1324468.1747735462,1289063.5407178982,1059395.3819915294
2025-04-26T19:40:00.000+0000,1324357.7653118342,1289063.5407178982,1060380.7640653525
2025-04-26T19:50:00.000+0000,1324545.126822618,1289063.5407178982,1061301.273472077
2025-04-26T20:00:00.000+0000,1324535.0895988261,1289063.5407178982,1062888.7042152137
2025-04-26T20:10:00.000+0000,1324575.238493994,1289063.5407178982,1061493.7666135407
2025-04-26T20:20:00.000+0000,1324608.6959066342,1289063.5407178982,1060658.154291207
2025-04-26T20:30:00.000+0000,1324709.0681445543,1289063.5407178982,1060609.8155861257
2025-04-26T20:40:00.000+0000,1324568.5470114662,1289063.5407178982,1060751.5396004182
2025-04-26T20:50:00.000+0000,1324612.0416478983,1289063.5407178982,1058569.8580001188
2025-04-26T21:00:00.000+0000,1324725.796850874,1289063.5407178982,1059105.063774857
2025-04-26T21:10:00.000+0000,1324632.1160954821,1289063.5407178982,1060566.9640796338
2025-04-26T21:20:00.000+0000,1324688.9936969702,1289063.5407178982,1060491.799120035
2025-04-26T21:30:00.000+0000,1324729.1425921381,1289063.5407178982,1061037.415368216
2025-04-26T21:40:00.000+0000,1324685.647955706,1289063.5407178982,1061419.789785786
2025-04-26T21:50:00.000+0000,1324588.62145905,1289063.5407178982,1060731.3356089427
2025-04-26T22:00:00.000+0000,1324571.8927527303,1289063.5407178982,1061599.712457213
2025-04-26T22:10:00.000+0000,1324585.2757177863,1289063.5407178982,1064352.9759545
2025-04-26T22:20:00.000+0000,1324545.126822618,1289063.5407178982,1065454.9470048724
2025-04-26T22:30:00.000+0000,1324371.1482768902,1289063.5407178982,1065506.320245361
2025-04-26T22:40:00.000+0000,1324391.2227244743,1289063.5407178982,1066268.3264157486
2025-04-26T22:50:00.000+0000,1324454.7918084902,1289063.5407178982,1063957.151403825
2025-04-26T23:00:00.000+0000,1324675.6107319142,1289063.5407178982,1064490.9926741298
2025-04-26T23:10:00.000+0000,1324672.2649906501,1289063.5407178982,1063278.9484982493
2025-04-26T23:20:00.000+0000,1324682.3022144423,1289063.5407178982,1064473.9449135326
2025-04-26T23:30:00.000+0000,1324428.0258783782,1289063.5407178982,1063711.5324297168
2025-04-26T23:40:00.000+0000,1324481.5577386022,1289063.5407178982,1063870.2865154757
2025-04-26T23:50:00.000+0000,1324481.5577386022,1289063.5407178982,1064705.1652754648
2025-04-27T00:00:00.000+0000,1324571.8927527303,1289063.5407178982,1064753.7730735333
2025-04-27T00:10:00.000+0000,1324648.8448018022,1289063.5407178982,1068736.4898019654
2025-04-27T00:20:00.000+0000,1324715.7596270822,1289063.5407178982,1070854.3517928708
2025-04-27T00:30:00.000+0000,1324775.9829698342,1289063.5407178982,1071595.188045081
2025-04-27T00:40:00.000+0000,1324856.2807601702,1289063.5407178982,1071291.6536872466
2025-04-27T00:50:00.000+0000,1324933.232809242,1289063.5407178982,1071491.9966351027
2025-04-27T01:00:00.000+0000,1324939.9242917702,1289063.5407178982,1070746.3252764752
2025-04-27T01:10:00.000+0000,1324939.9242917702,1289063.5407178982,1071513.5198171756
2025-04-27T01:20:00.000+0000,1325083.791166122,1289063.5407178982,1064006.0017611845
2025-04-27T01:30:00.000+0000,1325251.078229322,1289063.5407178982,1056008.140685657
2025-04-27T01:40:00.000+0000,1325311.3015720742,1289063.5407178982,1058101.9295410893
2025-04-27T01:50:00.000+0000,1325435.0939988422,1289063.5407178982,1052447.570863695
2025-04-27T02:00:00.000+0000,1325408.3280687302,1289063.5407178982,1053701.0149463487
2025-04-27T02:10:00.000+0000,1325441.78548137,1289063.5407178982,1057479.0848310003
2025-04-27T02:20:00.000+0000,1325445.131222634,1289063.5407178982,1059431.0094916043
2025-04-27T02:30:00.000+0000,1325458.51418769,1289063.5407178982,1057533.7209737266
2025-04-27T02:40:00.000+0000,1325441.78548137,1289063.5407178982,1053972.9608460725
2025-04-27T02:50:00.000+0000,1325321.3387958661,1289063.5407178982,1054652.5735342002
2025-04-27T03:00:00.000+0000,1325304.610089546,1289063.5407178982,1057261.8267910266
2025-04-27T03:10:00.000+0000,1325438.4397401062,1289063.5407178982,1056986.6670410708
2025-04-27T03:20:00.000+0000,1325495.3173415943,1289063.5407178982,1054775.1300166012
2025-04-27T03:30:00.000+0000,1325468.5514114823,1289063.5407178982,1055174.5725667758
2025-04-27T03:40:00.000+0000,1325415.019551258,1289063.5407178982,1056377.1821314904
2025-04-27T03:50:00.000+0000,1325324.6845371302,1289063.5407178982,1055477.2648039637
2025-04-27T04:00:00.000+0000,1325374.87065609,1289063.5407178982,1056663.1769118821
2025-04-27T04:10:00.000+0000,1325388.253621146,1289063.5407178982,1057341.6984811667
2025-04-27T04:20:00.000+0000,1325518.7375304422,1289063.5407178982,1057122.4712868668
2025-04-27T04:30:00.000+0000,1325565.5779081383,1289063.5407178982,1053688.1558251102
2025-04-27T04:40:00.000+0000,1325860.0031393701,1289063.5407178982,1053412.4678068964
2025-04-27T04:50:00.000+0000,1325880.0775869542,1289063.5407178982,1052064.949334872
2025-04-27T05:00:00.000+0000,1325863.3488806342,1289063.5407178982,1052140.5878856105
2025-04-27T05:10:00.000+0000,1325809.8170204102,1289063.5407178982,1052719.4709487248
2025-04-27T05:20:00.000+0000,1325903.4977758022,1289063.5407178982,1047564.3935510837
2025-04-27T05:30:00.000+0000,1326020.5987200423,1289063.5407178982,1048618.2754311464
2025-04-27T05:40:00.000+0000,1326037.327426362,1289063.5407178982,1050668.7496253797
2025-04-27T05:50:00.000+0000,1326010.56149625,1289063.5407178982,1050387.0118352084
2025-04-27T06:00:00.000+0000,1325990.4870486662,1289063.5407178982,1051503.1218216282
2025-04-27T06:10:00.000+0000,1325930.2637059141,1289063.5407178982,1052612.946434421
2025-04-27T06:20:00.000+0000,1325933.6094471782,1289063.5407178982,1052700.4786984127
2025-04-27T06:30:00.000+0000,1325960.3753772902,1289063.5407178982,1053372.0309203072
2025-04-27T06:40:00.000+0000,1326037.327426362,1289063.5407178982,1052211.4216375144
2025-04-27T06:50:00.000+0000,1326067.4390977381,1289063.5407178982,1052269.026111087
2025-04-27T07:00:00.000+0000,1326177.8485594501,1289063.5407178982,1053341.6059472882
2025-04-27T07:10:00.000+0000,1326233.0346752102,1305795.8533905067,1052402.6009362761
2025-04-27T07:20:00.000+0000,1326269.9497894743,1306717.2442676423,1054869.6396944735
2025-04-27T07:30:00.000+0000,1326301.5913159864,1306717.2442676423,1055088.3249467716
2025-04-27T07:40:00.000+0000,1326312.1384914902,1306717.2442676423,1055691.3390419297
2025-04-27T07:50:00.000+0000,1326317.4120792423,1306717.2442676423,1055408.299732433
2025-04-27T08:00:00.000+0000,1326308.6227663222,1306717.2442676423,1055023.5887041804
2025-04-27T08:10:00.000+0000,1326206.6667364503,1306717.2442676423,1055874.4139109903
2025-04-27T08:20:00.000+0000,1326159.2044466822,1306717.2442676423,1057774.011709921
2025-04-27T08:30:00.000+0000,1326131.0786453383,1306717.2442676423,1058972.704947717
2025-04-27T08:40:00.000+0000,1326211.9403242022,1306717.2442676423,1059482.6800042198
2025-04-27T08:50:00.000+0000,1326222.4874997062,1306717.2442676423,1059508.467134135
2025-04-27T09:00:00.000+0000,1326231.2768126263,1306717.2442676423,1058743.8359612213
2025-04-27T09:10:00.000+0000,1326208.4245990342,1306717.2442676423,1058113.9471139743
2025-04-27T09:20:00.000+0000,1326227.7610874583,1306717.2442676423,1058419.2407622281
2025-04-27T09:30:00.000+0000,1326268.1919268903,1306717.2442676423,1058519.1647180072
2025-04-27T09:40:00.000+0000,1326233.0346752102,1306717.2442676423,1059705.5675696204
2025-04-27T09:50:00.000+0000,1326185.5723854422,1306717.2442676423,1059474.4691803765
2025-04-27T10:00:00.000+0000,1326148.6572711782,1306717.2442676423,1058896.1307421415
2025-04-27T10:10:00.000+0000,1326141.6258208423,1306717.2442676423,1058844.1641019855
2025-04-27T10:20:00.000+0000,1326229.5189500423,1306717.2442676423,1058010.8082526713
2025-04-27T10:30:00.000+0000,1326317.4120792423,1306717.2442676423,1057273.1957684094
2025-04-27T10:40:00.000+0000,1326326.2013921624,1306717.2442676423,1058021.2835981655
2025-04-27T10:50:00.000+0000,1326291.0441404823,1306717.2442676423,1058874.26397239
2025-04-27T11:00:00.000+0000,1326255.8868888023,1306717.2442676423,1057424.8783873809
2025-04-27T11:10:00.000+0000,1326285.7705527302,1306717.2442676423,1057212.044570576
2025-04-27T11:20:00.000+0000,1326291.0441404823,1306717.2442676423,1057436.0597062316
2025-04-27T11:30:00.000+0000,1326298.0755908182,1306717.2442676423,1057888.5015822593
2025-04-27T11:40:00.000+0000,1326306.8649037383,1306717.2442676423,1057573.6795114323
2025-04-27T11:50:00.000+0000,1326306.8649037383,1306717.2442676423,1056906.1358181373
2025-04-27T12:00:00.000+0000,1326334.9907050822,1306717.2442676423,1055623.3026676143
2025-04-27T12:10:00.000+0000,1326320.9278044102,1306717.2442676423,1055170.0309943159
2025-04-27T12:20:00.000+0000,1326303.3491785703,1306717.2442676423,1054292.4738809713
2025-04-27T12:30:00.000+0000,1326319.1699418263,1306717.2442676423,1052807.9590159205
2025-04-27T12:40:00.000+0000,1326296.3177282342,1306717.2442676423,1054339.510011435
2025-04-27T12:50:00.000+0000,1326292.8020030663,1306717.2442676423,1053520.8543211685
2025-04-27T13:00:00.000+0000,1326306.8649037383,1306717.2442676423,1050379.5217494753
2025-04-27T13:10:00.000+0000,1326327.9592547463,1306717.2442676423,1053090.5180181551
2025-04-27T13:20:00.000+0000,1326327.9592547463,1306717.2442676423,1053005.6029852754
2025-04-27T13:30:00.000+0000,1326296.3177282342,1306717.2442676423,1054429.5450459067
2025-04-27T13:40:00.000+0000,1326262.9183391384,1306717.2442676423,1056970.378097581
2025-04-27T13:50:00.000+0000,1326247.0975758822,1306717.2442676423,1056744.139738724
2025-04-27T14:00:00.000+0000,1326233.0346752102,1306717.2442676423,1057435.53785902
2025-04-27T14:10:00.000+0000,1326204.9088738663,1306717.2442676423,1056900.279812824
2025-04-27T14:20:00.000+0000,1326217.2139119543,1306717.2442676423,1059730.7154851742
2025-04-27T14:30:00.000+0000,1326229.5189500423,1306717.2442676423,1059491.0208493832
2025-04-27T14:40:00.000+0000,1326233.0346752102,1306717.2442676423,1058516.0449742582
2025-04-27T14:50:00.000+0000,1326271.7076520582,1306717.2442676423,1057920.1511385345
2025-04-27T15:00:00.000+0000,1326329.7171173303,1306717.2442676423,1055893.8205590798
2025-04-27T15:10:00.000+0000,1326380.6951322663,1306717.2442676423,1057312.2542531802
2025-04-27T15:20:00.000+0000,1326408.8209336102,1306717.2442676423,1055679.578569449
2025-04-27T15:30:00.000+0000,1326468.5882614662,1306717.2442676423,1056201.7445756143
2025-04-27T15:40:00.000+0000,1326491.4404750583,1306717.2442676423,1056595.7722934484
2025-04-27T15:50:00.000+0000,1326449.2517730424,1306717.2442676423,1057182.64317933
2025-04-27T16:00:00.000+0000,1326410.5787961942,1306717.2442676423,1057396.1443717775
2025-04-27T16:10:00.000+0000,1326429.9152846183,1306717.2442676423,1056305.228929398
2025-04-27T16:20:00.000+0000,1326461.5568111304,1306717.2442676423,1055800.7914559995
2025-04-27T16:30:00.000+0000,1326494.9562002262,1306717.2442676423,1054187.8466913207
2025-04-27T16:40:00.000+0000,1326547.6920777464,1306717.2442676423,1055252.4124304168
2025-04-27T16:50:00.000+0000,1326545.9342151622,1306717.2442676423,1055089.4994584478
2025-04-27T17:00:00.000+0000,1326639.1009321143,1306717.2442676423,1055525.854966478
2025-04-27T17:10:00.000+0000,1326614.4908559383,1306717.2442676423,1057339.0236664189
2025-04-27T17:20:00.000+0000,1326626.7958940263,1306717.2442676423,1058582.0870109196
2025-04-27T17:30:00.000+0000,1326632.0694817782,1306717.2442676423,1057335.8489504762
2025-04-27T17:40:00.000+0000,1326612.7329933543,1306717.2442676423,1058053.4453432942
2025-04-27T17:50:00.000+0000,1326603.9436804343,1306717.2442676423,1059127.3392994143
2025-04-27T18:00:00.000+0000,1326586.3650545944,1306717.2442676423,1058372.9886143408
2025-04-27T18:10:00.000+0000,1326526.5977267383,1306717.2442676423,1060205.8729677226
2025-04-27T18:20:00.000+0000,1326556.4813906662,1306717.2442676423,1061085.3440216999
2025-04-27T18:30:00.000+0000,1326582.8493294262,1306717.2442676423,1061637.4252176909
2025-04-27T18:40:00.000+0000,1326509.0191008982,1306717.2442676423,1063457.7677810336
2025-04-27T18:50:00.000+0000,1326523.0820015704,1306717.2442676423,1062602.5612235134
2025-04-27T19:00:00.000+0000,1326505.5033757302,1306717.2442676423,1062258.0898363953
2025-04-27T19:10:00.000+0000,1326538.9027648263,1306717.2442676423,1061574.479610535
2025-04-27T19:20:00.000+0000,1326589.8807797623,1306717.2442676423,1061448.4806695725
2025-04-27T19:30:00.000+0000,1326616.2487185223,1306717.2442676423,1062480.6297630135
2025-04-27T19:40:00.000+0000,1326570.5442913382,1306717.2442676423,1063060.2091411261
2025-04-27T19:50:00.000+0000,1326586.3650545944,1306717.2442676423,1063896.45238769
2025-04-27T20:00:00.000+0000,1326607.4594056022,1306717.2442676423,1061811.053670926
2025-04-27T20:10:00.000+0000,1326649.6481076183,1306717.2442676423,1061551.6002320186
2025-04-27T20:20:00.000+0000,1326653.1638327863,1306717.2442676423,1059732.9729956267
2025-04-27T20:30:00.000+0000,1326651.4059702023,1306717.2442676423,1060347.2225323196
2025-04-27T20:40:00.000+0000,1326656.6795579542,1306717.2442676423,1060023.2092055515
2025-04-27T20:50:00.000+0000,1326656.6795579542,1306717.2442676423,1059604.1539351258
2025-04-27T21:00:00.000+0000,1326681.2896341302,1306717.2442676423,1058219.749834876
2025-04-27T21:10:00.000+0000,1326674.2581837943,1306717.2442676423,1058360.4049892765
2025-04-27T21:20:00.000+0000,1326695.3525348022,1306717.2442676423,1060232.6659545628
2025-04-27T21:30:00.000+0000,1326661.9531457063,1306717.2442676423,1061254.268686629
2025-04-27T21:40:00.000+0000,1326635.5852069464,1306717.2442676423,1062370.1243090979
2025-04-27T21:50:00.000+0000,1326640.8587946983,1306717.2442676423,1061467.0869606053
2025-04-27T22:00:00.000+0000,1326674.2581837943,1306717.2442676423,1056960.1179638896
2025-04-27T22:10:00.000+0000,1326719.9626109782,1306717.2442676423,1055386.1483268656
2025-04-27T22:20:00.000+0000,1326732.2676490662,1306717.2442676423,1054481.4634478502
2025-04-27T22:30:00.000+0000,1326718.2047483942,1306717.2442676423,1052875.209037717
2025-04-27T22:40:00.000+0000,1326690.0789470503,1306717.2442676423,1054863.876722492
2025-04-27T22:50:00.000+0000,1326704.1418477222,1306717.2442676423,1055723.0837599805
2025-04-27T23:00:00.000+0000,1326725.2361987303,1306717.2442676423,1053528.4564797326
2025-04-27T23:10:00.000+0000,1326741.0569619862,1306717.2442676423,1053253.0573899385
2025-04-27T23:20:00.000+0000,1326756.8777252422,1306717.2442676423,1054538.2721699043
2025-04-27T23:30:00.000+0000,1326762.1513129943,1306717.2442676423,1054757.0994718228
2025-04-27T23:40:00.000+0000,1326788.5192517543,1306717.2442676423,1053690.1880181208
2025-04-27T23:50:00.000+0000,1326772.6984884983,1306717.2442676423,1053610.312312594
2025-04-28T00:00:00.000+0000,1326802.5821524262,1306717.2442676423,1047755.8580758134
2025-04-28T00:10:00.000+0000,1326802.5821524262,1306717.2442676423,1047233.2442162703
2025-04-28T00:20:00.000+0000,1326792.0349769222,1306717.2442676423,1047707.6246917229
2025-04-28T00:30:00.000+0000,1326818.4029156822,1306717.2442676423,1050446.9425008898
2025-04-28T00:40:00.000+0000,1326893.9910067944,1306717.2442676423,1047479.2842328432
2025-04-28T00:50:00.000+0000,1326944.9690217304,1306717.2442676423,1046835.6193718023
2025-04-28T01:00:00.000+0000,1326976.6105482422,1306717.2442676423,1045461.1350013004
2025-04-28T01:10:00.000+0000,1327018.7992502584,1306717.2442676423,1044959.1721906768
2025-04-28T01:20:00.000+0000,1327094.3873413703,1306717.2442676423,1041875.6829136781
2025-04-28T01:30:00.000+0000,1327096.1452039543,1306717.2442676423,1035689.3617698504
2025-04-28T01:40:00.000+0000,1327198.1012338263,1306717.2442676423,1035689.7962267007
2025-04-28T01:50:00.000+0000,1327161.1861195622,1306717.2442676423,1037304.6099132523
2025-04-28T02:00:00.000+0000,1327145.3653563063,1306717.2442676423,1037181.1949535832
2025-04-28T02:10:00.000+0000,1327148.8810814742,1306717.2442676423,1039520.3165375816
2025-04-28T02:20:00.000+0000,1327136.5760433862,1306717.2442676423,1041576.3122355147
2025-04-28T02:30:00.000+0000,1327143.6074937223,1306717.2442676423,1042426.2593889823
2025-04-28T02:40:00.000+0000,1327154.1546692264,1306717.2442676423,1042424.3127529656
2025-04-28T02:50:00.000+0000,1327182.2804705703,1306717.2442676423,1043973.0881231661
2025-04-28T03:00:00.000+0000,1327212.1641344982,1306717.2442676423,1042824.2886599354
2025-04-28T03:10:00.000+0000,1327201.6169589942,1306717.2442676423,1043242.7625947115
2025-04-28T03:20:00.000+0000,1327155.9125318103,1306717.2442676423,1046995.3066710206
2025-04-28T03:30:00.000+0000,1327108.4502420423,1306717.2442676423,1051590.8535130941
2025-04-28T03:40:00.000+0000,1327127.7867304662,1306717.2442676423,1052222.369518856
2025-04-28T03:50:00.000+0000,1327140.0917685542,1306717.2442676423,1053706.471094998
2025-04-28T04:00:00.000+0000,1327141.8496311384,1306717.2442676423,1054886.1774303776
2025-04-28T04:10:00.000+0000,1327106.6923794583,1306717.2442676423,1055732.035935441
2025-04-28T04:20:00.000+0000,1326999.4627618343,1306717.2442676423,1056368.6379149016
2025-04-28T04:30:00.000+0000,1326994.1891740824,1306717.2442676423,1057419.768545005
2025-04-28T04:40:00.000+0000,1327020.5571128423,1306717.2442676423,1056575.1335500465
2025-04-28T04:50:00.000+0000,1327050.4407767702,1306717.2442676423,1055480.1428379316
2025-04-28T05:00:00.000+0000,1327015.2835250902,1306717.2442676423,1055558.7952927114
2025-04-28T05:10:00.000+0000,1327017.0413876742,1306717.2442676423,1057860.2885643574
2025-04-28T05:20:00.000+0000,1326960.7897849863,1306717.2442676423,1058236.345726709
2025-04-28T05:30:00.000+0000,1326959.0319224023,1306717.2442676423,1057705.5612329042
2025-04-28T05:40:00.000+0000,1326978.3684108262,1306717.2442676423,1058520.764806251
2025-04-28T05:50:00.000+0000,1326920.3589455544,1306717.2442676423,1058952.3165707383
2025-04-28T06:00:00.000+0000,1326813.1293279303,1306717.2442676423,1061535.6352822748
2025-04-28T06:10:00.000+0000,1326763.9091755783,1306717.2442676423,1061827.1971217021
2025-04-28T06:20:00.000+0000,1326758.6355878264,1306717.2442676423,1061598.5907892878
2025-04-28T06:30:00.000+0000,1326742.8148245702,1306717.2442676423,1062641.4379699407
2025-04-28T06:40:00.000+0000,1326749.8462749063,1306717.2442676423,1065085.0122758027
2025-04-28T06:50:00.000+0000,1326818.4029156822,1306717.2442676423,1064990.085570852
2025-04-28T07:00:00.000+0000,1326858.8337551143,1306717.2442676423,1065898.2244358724
2025-04-28T07:10:00.000+0000,1326837.7394041063,1306717.2442676423,1065316.929194233
2025-04-28T07:20:00.000+0000,1326769.1827633302,1306717.2442676423,1066870.6278571459
2025-04-28T07:30:00.000+0000,1326748.0884123223,1306717.2442676423,1067690.9833315345
2025-04-28T07:40:00.000+0000,1326760.3934504103,1306717.2442676423,1067594.1576922045
2025-04-28T07:50:00.000+0000,1326709.4154354744,1306717.2442676423,1067310.6667733025
2025-04-28T08:00:00.000+0000,1326691.8368096342,1306717.2442676423,1066670.3969285442
2025-04-28T08:10:00.000+0000,1326712.9311606423,1306717.2442676423,1067657.869834306
2025-04-28T08:20:00.000+0000,1326786.7613891703,1306717.2442676423,1067487.3455819907
2025-04-28T08:30:00.000+0000,1326758.6355878264,1306717.2442676423,1068752.0698834397
2025-04-28T08:40:00.000+0000,1326781.4878014182,1306717.2442676423,1068160.597069291
2025-04-28T08:50:00.000+0000,1326799.0664272583,1306717.2442676423,1067573.1330431
2025-04-28T09:00:00.000+0000,1326809.6136027623,1306717.2442676423,1069487.3792661955
2025-04-28T09:10:00.000+0000,1326832.4658163544,1306717.2442676423,1068596.6116546607
2025-04-28T09:20:00.000+0000,1326820.1607782664,1306717.2442676423,1069120.969539011
2025-04-28T09:30:00.000+0000,1326809.6136027623,1306717.2442676423,1070124.8973422777
2025-04-28T09:40:00.000+0000,1326758.6355878264,1306717.2442676423,1070031.6690889404
2025-04-28T09:50:00.000+0000,1326758.6355878264,1306717.2442676423,1069375.8593701478
2025-04-28T10:00:00.000+0000,1326739.2990994023,1306717.2442676423,1063478.8347481627
2025-04-28T10:10:00.000+0000,1326749.8462749063,1306717.2442676423,1066094.823396154
2025-04-28T10:20:00.000+0000,1326816.6450530982,1306717.2442676423,1063105.3862674334
2025-04-28T10:30:00.000+0000,1326818.4029156822,1306717.2442676423,1068864.5267846922
2025-04-28T10:40:00.000+0000,1326790.2771143382,1306717.2442676423,1075681.3955483434
2025-04-28T10:50:00.000+0000,1326799.0664272583,1306717.2442676423,1074112.9254332855
2025-04-28T11:00:00.000+0000,1326820.1607782664,1306717.2442676423,1072335.1767930312
2025-04-28T11:10:00.000+0000,1326830.7079537702,1306717.2442676423,1073479.9473377957
2025-04-28T11:20:00.000+0000,1326834.2236789383,1306717.2442676423,1074605.884592924
2025-04-28T11:30:00.000+0000,1326827.1922286022,1306717.2442676423,1076097.0372638456
2025-04-28T11:40:00.000+0000,1326839.4972666902,1306717.2442676423,1074330.644705305
2025-04-28T11:50:00.000+0000,1326871.1387932023,1306717.2442676423,1072557.7791503228
2025-04-28T12:00:00.000+0000,1326883.4438312904,1306717.2442676423,1069768.035282947
2025-04-28T12:10:00.000+0000,1326934.4218462263,1306717.2442676423,1069534.9966787326
2025-04-28T12:20:00.000+0000,1326920.3589455544,1306717.2442676423,1069234.8305441267
2025-04-28T12:30:00.000+0000,1326927.3903958902,1306717.2442676423,1070116.196499238
2025-04-28T12:40:00.000+0000,1326909.8117700503,1306717.2442676423,1070895.5230020205
2025-04-28T12:50:00.000+0000,1326944.9690217304,1306717.2442676423,1069231.333372729
2025-04-28T13:00:00.000+0000,1326948.4847468983,1306717.2442676423,1068639.0648070618
2025-04-28T13:10:00.000+0000,1326948.4847468983,1306717.2442676423,1067191.3047708415
2025-04-28T13:20:00.000+0000,1326944.9690217304,1306717.2442676423,1063899.318250487
2025-04-28T13:30:00.000+0000,1327010.0099373383,1306717.2442676423,1058183.8043777319
2025-04-28T13:40:00.000+0000,1326955.5161972342,1306717.2442676423,1058683.522555713
2025-04-28T13:50:00.000+0000,1326962.5476475703,1306717.2442676423,1053355.619709053
2025-04-28T14:00:00.000+0000,1326967.8212353222,1306717.2442676423,1053526.089007033
2025-04-28T14:10:00.000+0000,1326851.8023047782,1306717.2442676423,1057465.1356462105
2025-04-28T14:20:00.000+0000,1326858.8337551143,1306717.2442676423,1057251.084722488
2025-04-28T14:30:00.000+0000,1326909.8117700503,1306717.2442676423,1052766.4649490872
2025-04-28T14:40:00.000+0000,1326946.7268843143,1306717.2442676423,1054050.325142336
2025-04-28T14:50:00.000+0000,1327008.2520747543,1306717.2442676423,1051742.1468818986
2025-04-28T15:00:00.000+0000,1327048.6829141863,1306717.2442676423,1048744.8934559622
2025-04-28T15:10:00.000+0000,1327060.9879522743,1306717.2442676423,1047319.6263024035
2025-04-28T15:20:00.000+0000,1327092.6294787864,1306717.2442676423,1041954.6997932843
2025-04-28T15:30:00.000+0000,1327126.0288678822,1306717.2442676423,1041262.1162061628
2025-04-28T15:40:00.000+0000,1327147.1232188903,1306717.2442676423,1041393.4927321204
2025-04-28T15:50:00.000+0000,1327129.5445930504,1306717.2442676423,1041488.2433416989
2025-04-28T16:00:00.000+0000,1327011.7677999223,1306717.2442676423,1042156.8245498695
2025-04-28T16:10:00.000+0000,1327082.0823032823,1306717.2442676423,1039528.9046819209
2025-04-28T16:20:00.000+0000,1327046.9250516023,1306717.2442676423,1040121.1727288715
2025-04-28T16:30:00.000+0000,1326959.0319224023,1306717.2442676423,1043285.4690736302
2025-04-28T16:40:00.000+0000,1326973.0948230743,1306717.2442676423,1044583.0650910919
2025-04-28T16:50:00.000+0000,1326999.4627618343,1306717.2442676423,1042294.7919759941
2025-04-28T17:00:00.000+0000,1327001.2206244182,1306717.2442676423,1043082.6745357426
2025-04-28T17:10:00.000+0000,1327022.3149754263,1306717.2442676423,1041615.3671700393
2025-04-28T17:20:00.000+0000,1327018.7992502584,1306717.2442676423,1041808.0168486602
2025-04-28T17:30:00.000+0000,1327011.7677999223,1306717.2442676423,1041169.1988808375
2025-04-28T17:40:00.000+0000,1326983.6419985783,1306717.2442676423,1045212.0048869746
2025-04-28T17:50:00.000+0000,1326915.0853578022,1306717.2442676423,1047912.1854240755
2025-04-28T18:00:00.000+0000,1326920.3589455544,1306717.2442676423,1047955.2084739776
2025-04-28T18:10:00.000+0000,1326990.6734489142,1306717.2442676423,1045143.1193986728
2025-04-28T18:20:00.000+0000,1327024.0728380103,1306717.2442676423,1046311.088817314
2025-04-28T18:30:00.000+0000,1327046.9250516023,1306717.2442676423,1045576.5625854833
2025-04-28T18:40:00.000+0000,1327036.3778760983,1306717.2442676423,1047315.1932346697
2025-04-28T18:50:00.000+0000,1327022.3149754263,1306717.2442676423,1049231.7310318288
2025-04-28T19:00:00.000+0000,1326987.1577237463,1306717.2442676423,1049559.9721322441
2025-04-28T19:10:00.000+0000,1327017.0413876742,1306717.2442676423,1053886.429609827
2025-04-28T19:20:00.000+0000,1326983.6419985783,1306717.2442676423,1057703.5928030761
2025-04-28T19:30:00.000+0000,1326948.4847468983,1306717.2442676423,1058364.5311086671
2025-04-28T19:40:00.000+0000,1326948.4847468983,1306717.2442676423,1059107.8103657018
2025-04-28T19:50:00.000+0000,1326937.9375713943,1306717.2442676423,1059672.9179337383
2025-04-28T20:00:00.000+0000,1326946.7268843143,1306717.2442676423,1055690.3834623666
2025-04-28T20:10:00.000+0000,1326988.9155863302,1306717.2442676423,1054373.7900881968
2025-04-28T20:20:00.000+0000,1326959.0319224023,1306717.2442676423,1053863.2760319274
2025-04-28T20:30:00.000+0000,1326939.6954339782,1306717.2442676423,1053642.2080770358
2025-04-28T20:40:00.000+0000,1326943.2111591462,1306717.2442676423,1051990.966291853
2025-04-28T20:50:00.000+0000,1327024.0728380103,1306717.2442676423,1051839.1745958624
2025-04-28T21:00:00.000+0000,1327006.4942121704,1306717.2442676423,1052735.798212711
2025-04-28T21:10:00.000+0000,1326913.3274952183,1306717.2442676423,1051624.8315599852
2025-04-28T21:20:00.000+0000,1326909.8117700503,1306717.2442676423,1051750.9409283348
2025-04-28T21:30:00.000+0000,1326909.8117700503,1306717.2442676423,1052639.97526443
2025-04-28T21:40:00.000+0000,1326964.3055101542,1306717.2442676423,1053290.0935458383
2025-04-28T21:50:00.000+0000,1326957.2740598184,1306717.2442676423,1053479.355961732
2025-04-28T22:00:00.000+0000,1326934.4218462263,1306717.2442676423,1055455.3947611833
2025-04-28T22:10:00.000+0000,1326943.2111591462,1306717.2442676423,1055800.6755735641
2025-04-28T22:20:00.000+0000,1326980.1262734102,1306717.2442676423,1054930.8607814608
2025-04-28T22:30:00.000+0000,1326988.9155863302,1306717.2442676423,1054507.5085905911
2025-04-28T22:40:00.000+0000,1326974.8526856583,1306717.2442676423,1056368.9069185946
2025-04-28T22:50:00.000+0000,1326967.8212353222,1306717.2442676423,1059368.4894610164
2025-04-28T23:00:00.000+0000,1326922.1168081383,1306717.2442676423,1059196.8368425122
2025-04-28T23:10:00.000+0000,1326922.1168081383,1306717.2442676423,1058032.81696489
2025-04-28T23:20:00.000+0000,1326925.6325333063,1306717.2442676423,1058499.170483286
2025-04-28T23:30:00.000+0000,1326927.3903958902,1306717.2442676423,1058990.7884884519
2025-04-28T23:40:00.000+0000,1326922.1168081383,1306717.2442676423,1058938.9454128516
2025-04-28T23:50:00.000+0000,1326955.5161972342,1306717.2442676423,1058667.769267526
2025-04-29T00:00:00.000+0000,1326948.4847468983,1306717.2442676423,1057584.4219379586
2025-04-29T00:10:00.000+0000,1326957.2740598184,1306717.2442676423,1056950.7105752006
2025-04-29T00:20:00.000+0000,1326904.5381822982,1306717.2442676423,1057554.882512479
2025-04-29T00:30:00.000+0000,1326909.8117700503,1306717.2442676423,1059993.6128673581
2025-04-29T00:40:00.000+0000,1326855.3180299462,1306717.2442676423,1059671.5244720902
2025-04-29T00:50:00.000+0000,1326893.9910067944,1306717.2442676423,1058822.6405355427
2025-04-29T01:00:00.000+0000,1326867.6230680342,1306717.2442676423,1060432.6493875417
2025-04-29T01:10:00.000+0000,1326858.8337551143,1306717.2442676423,1057621.2223399838
2025-04-29T01:20:00.000+0000,1326911.5696326343,1306717.2442676423,1058543.5781324124
2025-04-29T01:30:00.000+0000,1326909.8117700503,1306717.2442676423,1059901.9710285203
2025-04-29T01:40:00.000+0000,1326902.7803197142,1306717.2442676423,1063121.784234366
2025-04-29T01:50:00.000+0000,1326948.4847468983,1306717.2442676423,1059613.691926763
2025-04-29T02:00:00.000+0000,1326992.4313114982,1306717.2442676423,1056281.4984785172
2025-04-29T02:10:00.000+0000,1327036.3778760983,1306717.2442676423,1057228.1434320142
2025-04-29T02:20:00.000+0000,1327060.9879522743,1306717.2442676423,1057088.0052956461
2025-04-29T02:30:00.000+0000,1327017.0413876742,1306717.2442676423,1057658.1278036416
2025-04-29T02:40:00.000+0000,1327029.3464257622,1306717.2442676423,1055120.6474323669
2025-04-29T02:50:00.000+0000,1327055.7143645224,1306717.2442676423,1054203.2125091315
2025-04-29T03:00:00.000+0000,1327041.6514638502,1306717.2442676423,1055914.5963979114
2025-04-29T03:10:00.000+0000,1327036.3778760983,1306717.2442676423,1055210.8312504399
2025-04-29T03:20:00.000+0000,1327001.2206244182,1306717.2442676423,1057006.5989437473
2025-04-29T03:30:00.000+0000,1327006.4942121704,1306717.2442676423,1057375.9322423767
2025-04-29T03:40:00.000+0000,1327046.9250516023,1306717.2442676423,1057396.1388988704
2025-04-29T03:50:00.000+0000,1327036.3778760983,1306717.2442676423,1057693.848354908
2025-04-29T04:00:00.000+0000,1327036.3778760983,1306717.2442676423,1056375.299500156
2025-04-29T04:10:00.000+0000,1327010.0099373383,1306717.2442676423,1058262.7939812846
2025-04-29T04:20:00.000+0000,1327017.0413876742,1306717.2442676423,1058413.3578745662
2025-04-29T04:30:00.000+0000,1327013.5256625062,1306717.2442676423,1057600.3877193537
2025-04-29T04:40:00.000+0000,1327059.2300896903,1306717.2442676423,1052401.2189484942
2025-04-29T04:50:00.000+0000,1327161.1861195622,1306717.2442676423,1051756.556243442
2025-04-29T05:00:00.000+0000,1327134.8181808023,1306717.2442676423,1050722.8933611084
2025-04-29T05:10:00.000+0000,1327111.9659672102,1306717.2442676423,1049417.8790340105
2025-04-29T05:20:00.000+0000,1327106.6923794583,1306717.2442676423,1051180.437290239
2025-04-29T05:30:00.000+0000,1327099.6609291222,1306717.2442676423,1052071.5632542064
2025-04-29T05:40:00.000+0000,1327101.4187917062,1306717.2442676423,1052053.3321909443
2025-04-29T05:50:00.000+0000,1327080.3244406984,1306717.2442676423,1052500.9365548945
2025-04-29T06:00:00.000+0000,1327096.1452039543,1306717.2442676423,1053517.367013911
2025-04-29T06:10:00.000+0000,1327075.0508529462,1306717.2442676423,1055190.5168494359
2025-04-29T06:20:00.000+0000,1327046.9250516023,1306717.2442676423,1060446.3946464718
2025-04-29T06:30:00.000+0000,1327050.4407767702,1306717.2442676423,1060890.4273621917
2025-04-29T06:40:00.000+0000,1327064.5036774422,1306717.2442676423,1060387.2903349677
2025-04-29T06:50:00.000+0000,1327013.5256625062,1306717.2442676423,1061336.6144315337
2025-04-29T07:00:00.000+0000,1327013.5256625062,1306717.2442676423,1062125.8210110585
2025-04-29T07:10:00.000+0000,1327036.3778760983,1306717.2442676423,1063036.3594897278
2025-04-29T07:20:00.000+0000,1327002.9784870022,1306717.2442676423,1063588.5159942028
2025-04-29T07:30:00.000+0000,1327013.5256625062,1306717.2442676423,1064000.1599483318
2025-04-29T07:40:00.000+0000,1327031.1042883464,1306717.2442676423,1063575.6796506322
2025-04-29T07:50:00.000+0000,1327002.9784870022,1306717.2442676423,1065390.9946734225
2025-04-29T08:00:00.000+0000,1326987.1577237463,1306717.2442676423,1065267.3202791244
2025-04-29T08:10:00.000+0000,1326969.5790979064,1306717.2442676423,1067503.1368241636
2025-04-29T08:20:00.000+0000,1326971.3369604903,1306717.2442676423,1065292.82438295
2025-04-29T08:30:00.000+0000,1327015.2835250902,1306717.2442676423,1064807.0556669754
2025-04-29T08:40:00.000+0000,1327039.8936012662,1306717.2442676423,1065177.6183958987
2025-04-29T08:50:00.000+0000,1327046.9250516023,1306717.2442676423,1065159.36453711
2025-04-29T09:00:00.000+0000,1327055.7143645224,1306717.2442676423,1067508.4248903547
2025-04-29T09:10:00.000+0000,1327103.1766542902,1306717.2442676423,1066566.8460751236
2025-04-29T09:20:00.000+0000,1327103.1766542902,1306717.2442676423,1065611.1436073156
2025-04-29T09:30:00.000+0000,1327117.2395549624,1306717.2442676423,1066849.0684473016
2025-04-29T09:40:00.000+0000,1327133.0603182183,1306717.2442676423,1065878.009435671
2025-04-29T09:50:00.000+0000,1327117.2395549624,1306717.2442676423,1066392.0024019144
2025-04-29T10:00:00.000+0000,1327115.4816923782,1306717.2442676423,1068039.2294968092
2025-04-29T10:10:00.000+0000,1327168.2175698983,1306717.2442676423,1068069.2234917886
2025-04-29T10:20:00.000+0000,1327208.6484093303,1306717.2442676423,1066702.3069747407
2025-04-29T10:30:00.000+0000,1327203.3748215782,1306717.2442676423,1065876.783761405
2025-04-29T10:40:00.000+0000,1327268.4157371863,1306717.2442676423,1062644.175751938
2025-04-29T10:50:00.000+0000,1327287.7522256102,1306717.2442676423,1063956.3880526144
2025-04-29T11:00:00.000+0000,1327305.3308514503,1306717.2442676423,1064853.9505437529
2025-04-29T11:10:00.000+0000,1327284.2365004423,1306717.2442676423,1068114.6774646386
2025-04-29T11:20:00.000+0000,1327271.9314623543,1306717.2442676423,1068788.39662289
2025-04-29T11:30:00.000+0000,1327285.9943630262,1306717.2442676423,1067614.0182839248
2025-04-29T11:40:00.000+0000,1327208.6484093303,1306717.2442676423,1066936.9582320745
2025-04-29T11:50:00.000+0000,1327205.1326841624,1306717.2442676423,1067947.4418344642
2025-04-29T12:00:00.000+0000,1327227.9848977542,1306717.2442676423,1067212.3369498611
2025-04-29T12:10:00.000+0000,1327264.9000120182,1306717.2442676423,1067231.2471934254
2025-04-29T12:20:00.000+0000,1327340.4881031304,1306717.2442676423,1064736.7901314113
2025-04-29T12:30:00.000+0000,1327375.6453548102,1306717.2442676423,1063723.4258300355
2025-04-29T12:40:00.000+0000,1327398.4975684022,1306717.2442676423,1064591.799199495
2025-04-29T12:50:00.000+0000,1327424.8655071622,1306717.2442676423,1062723.2192366754
2025-04-29T13:00:00.000+0000,1327433.6548200822,1306717.2442676423,1062229.1370408847
2025-04-29T13:10:00.000+0000,1327452.9913085063,1306717.2442676423,1056641.0259714553
2025-04-29T13:20:00.000+0000,1327447.7177207542,1306717.2442676423,1057878.6474133437
2025-04-29T13:30:00.000+0000,1327435.4126826662,1306717.2442676423,1058590.9616423005
2025-04-29T13:40:00.000+0000,1327372.1296296422,1306717.2442676423,1058928.517545354
2025-04-29T13:50:00.000+0000,1327356.3088663863,1306717.2442676423,1060343.6202635719
2025-04-29T14:00:00.000+0000,1327333.4566527943,1306717.2442676423,1059101.2098250357
2025-04-29T14:10:00.000+0000,1327354.5510038023,1306717.2442676423,1060453.4532354488
2025-04-29T14:20:00.000+0000,1327365.0981793064,1306717.2442676423,1058711.887210158
2025-04-29T14:30:00.000+0000,1327231.5006229223,1306717.2442676423,1058515.441826939
2025-04-29T14:40:00.000+0000,1327157.6703943943,1306717.2442676423,1063115.9271916188
2025-04-29T14:50:00.000+0000,1327152.3968066422,1306717.2442676423,1062717.848332085
2025-04-29T15:00:00.000+0000,1327213.9219970822,1306717.2442676423,1063280.9310133853
2025-04-29T15:10:00.000+0000,1327192.8276460744,1306717.2442676423,1061344.7384015915
2025-04-29T15:20:00.000+0000,1327236.7742106742,1306717.2442676423,1060935.7004283494
2025-04-29T15:30:00.000+0000,1327250.8371113462,1306717.2442676423,1060403.04486637
2025-04-29T15:40:00.000+0000,1327303.5729888664,1306717.2442676423,1062336.6234665043
2025-04-29T15:50:00.000+0000,1327298.2994011142,1306717.2442676423,1061818.4756472965
2025-04-29T16:00:00.000+0000,1327326.4252024582,1306717.2442676423,1062196.5309033305
2025-04-29T16:10:00.000+0000,1327319.3937521223,1306717.2442676423,1063169.668960099
2025-04-29T16:20:00.000+0000,1327277.2050501062,1306717.2442676423,1065278.3490762045
2025-04-29T16:30:00.000+0000,1327243.8056610103,1306717.2442676423,1067054.0197266126
2025-04-29T16:40:00.000+0000,1327235.0163480903,1306717.2442676423,1068125.6421856007
2025-04-29T16:50:00.000+0000,1327270.1735997703,1306717.2442676423,1063470.12106303
2025-04-29T17:00:00.000+0000,1327298.2994011142,1306717.2442676423,1059802.4762174138
2025-04-29T17:10:00.000+0000,1327277.2050501062,1306717.2442676423,1061754.6343155266
2025-04-29T17:20:00.000+0000,1327273.6893249382,1306717.2442676423,1066040.882164482
2025-04-29T17:30:00.000+0000,1327293.0258133623,1306717.2442676423,1065145.9411970591
2025-04-29T17:40:00.000+0000,1327278.9629126904,1306717.2442676423,1065594.6573112183
2025-04-29T17:50:00.000+0000,1327270.1735997703,1306717.2442676423,1067059.3994400506
2025-04-29T18:00:00.000+0000,1327296.5415385303,1306717.2442676423,1065631.3960606449
2025-04-29T18:10:00.000+0000,1327264.9000120182,1306717.2442676423,1065890.1038553312
2025-04-29T18:20:00.000+0000,1327259.6264242663,1306717.2442676423,1067553.0522675281
2025-04-29T18:30:00.000+0000,1327257.8685616823,1306717.2442676423,1069461.562571055
2025-04-29T18:40:00.000+0000,1327254.3528365144,1306717.2442676423,1069373.9196203179
2025-04-29T18:50:00.000+0000,1327242.0477984264,1306717.2442676423,1069674.60356889
2025-04-29T19:00:00.000+0000,1327250.8371113462,1306717.2442676423,1070432.046426583
2025-04-29T19:10:00.000+0000,1327222.7113100023,1306717.2442676423,1069331.5173175714
2025-04-29T19:20:00.000+0000,1327210.4062719143,1306717.2442676423,1069791.723237216
2025-04-29T19:30:00.000+0000,1327229.7427603384,1306717.2442676423,1068450.0637127408
2025-04-29T19:40:00.000+0000,1327278.9629126904,1306717.2442676423,1067762.5776267601
2025-04-29T19:50:00.000+0000,1327289.5100881942,1306717.2442676423,1068224.0711147687
2025-04-29T20:00:00.000+0000,1327285.9943630262,1306717.2442676423,1066521.6335169787
2025-04-29T20:10:00.000+0000,1327315.8780269544,1306717.2442676423,1064431.8030828487
2025-04-29T20:20:00.000+0000,1327329.9409276263,1306717.2442676423,1063662.0620854176
2025-04-29T20:30:00.000+0000,1327352.7931412184,1306717.2442676423,1061709.5654703046
2025-04-29T20:40:00.000+0000,1327352.7931412184,1306717.2442676423,1062217.4724725366
2025-04-29T20:50:00.000+0000,1327361.5824541382,1306717.2442676423,1062278.1870672181
2025-04-29T21:00:00.000+0000,1327366.8560418903,1306717.2442676423,1061614.410952958
2025-04-29T21:10:00.000+0000,1327444.2019955863,1306717.2442676423,1054912.2976222448
2025-04-29T21:20:00.000+0000,1327465.2963465943,1306717.2442676423,1050721.9295449904
2025-04-29T21:30:00.000+0000,1327495.1800105223,1306717.2442676423,1052102.504950182
2025-04-29T21:40:00.000+0000,1327525.0636744504,1306717.2442676423,1054174.0831531081
2025-04-29T21:50:00.000+0000,1327486.3906976022,1306717.2442676423,1054278.1032872063
2025-04-29T22:00:00.000+0000,1327505.7271860263,1306717.2442676423,1052398.3345291973
2025-04-29T22:10:00.000+0000,1327693.8184825142,1306717.2442676423,1052291.7537280493
2025-04-29T22:20:00.000+0000,1327721.9442838582,1306717.2442676423,1050641.6395131215
2025-04-29T22:30:00.000+0000,1327764.1329858743,1306717.2442676423,1050953.6964187452
2025-04-29T22:40:00.000+0000,1327786.9851994663,1306717.2442676423,1049928.6241399872
2025-04-29T22:50:00.000+0000,1327804.5638253062,1306717.2442676423,1050436.7825460755
2025-04-29T23:00:00.000+0000,1327850.2682524903,1306717.2442676423,1046888.529921209
2025-04-29T23:10:00.000+0000,1327837.9632144023,1306717.2442676423,1044291.7565424645
2025-04-29T23:20:00.000+0000,1327799.2902375543,1306717.2442676423,1044547.6994313059
2025-04-29T23:30:00.000+0000,1327781.7116117142,1306717.2442676423,1047301.070932461
2025-04-29T23:40:00.000+0000,1327679.7555818423,1306717.2442676423,1048751.32304337
2025-04-29T23:50:00.000+0000,1327692.0606199303,1306717.2442676423,1052330.26892045
2025-04-30T00:00:00.000+0000,1327728.9757341943,1306717.2442676423,1051486.3841216746
2025-04-30T00:10:00.000+0000,1327711.3971083544,1306717.2442676423,1053762.0704279728
2025-04-30T00:20:00.000+0000,1327716.6706961063,1306717.2442676423,1053909.2843237321
2025-04-30T00:30:00.000+0000,1327686.7870321784,1306717.2442676423,1053465.9731241972
2025-04-30T00:40:00.000+0000,1327667.4505437543,1306717.2442676423,1055120.3641647778
2025-04-30T00:50:00.000+0000,1327739.5229096983,1306717.2442676423,1054395.48000236
2025-04-30T01:00:00.000+0000,1327774.6801613783,1306717.2442676423,1053769.277246117
2025-04-30T01:10:00.000+0000,1327809.8374130584,1306717.2442676423,1051676.3991215522
2025-04-30T01:20:00.000+0000,1327801.0481001383,1306717.2442676423,1053174.7023237736
2025-04-30T01:30:00.000+0000,1327823.9003137304,1306717.2442676423,1051547.0166560318
2025-04-30T01:40:00.000+0000,1327839.7210769863,1306717.2442676423,1048175.901961315
2025-04-30T01:50:00.000+0000,1327785.2273368824,1306717.2442676423,1048423.451769253
2025-04-30T02:00:00.000+0000,1327790.5009246343,1306717.2442676423,1051825.6293188408
2025-04-30T02:10:00.000+0000,1327779.9537491302,1306717.2442676423,1052540.935470105
2025-04-30T02:20:00.000+0000,1327744.7964974502,1306717.2442676423,1053245.422688196
2025-04-30T02:30:00.000+0000,1327772.9222987944,1306717.2442676423,1052567.1836084253
2025-04-30T02:40:00.000+0000,1327753.5858103703,1306717.2442676423,1054583.7094374807
2025-04-30T02:50:00.000+0000,1327736.0071845304,1306717.2442676423,1056416.174876841
2025-04-30T03:00:00.000+0000,1327764.1329858743,1306717.2442676423,1054884.56304252
2025-04-30T03:10:00.000+0000,1327764.1329858743,1306717.2442676423,1053724.6029096637
2025-04-30T03:20:00.000+0000,1327732.4914593622,1306717.2442676423,1057491.880117621
2025-04-30T03:30:00.000+0000,1327707.8813831862,1306717.2442676423,1057684.8216668968
2025-04-30T03:40:00.000+0000,1327704.3656580183,1306717.2442676423,1057664.8591615614
2025-04-30T03:50:00.000+0000,1327686.7870321784,1306717.2442676423,1059159.1763534928
2025-04-30T04:00:00.000+0000,1327670.9662689222,1306717.2442676423,1060236.3345443592
2025-04-30T04:10:00.000+0000,1327700.8499328503,1306717.2442676423,1059992.225862474
2025-04-30T04:20:00.000+0000,1327693.8184825142,1306717.2442676423,1060241.227010772
2025-04-30T04:30:00.000+0000,1327709.6392457702,1306717.2442676423,1059694.7372612106
2025-04-30T04:40:00.000+0000,1327707.8813831862,1306717.2442676423,1059258.468052532
2025-04-30T04:50:00.000+0000,1327706.1235206022,1306717.2442676423,1060118.2757245265
2025-04-30T05:00:00.000+0000,1327713.1549709383,1306717.2442676423,1059084.699937478
2025-04-30T05:10:00.000+0000,1327728.9757341943,1306717.2442676423,1058595.6739443785
2025-04-30T05:20:00.000+0000,1327743.0386348662,1306717.2442676423,1058433.187935063
2025-04-30T05:30:00.000+0000,1327709.6392457702,1306717.2442676423,1058711.6888379757
2025-04-30T05:40:00.000+0000,1327716.6706961063,1306717.2442676423,1057434.9821182624
2025-04-30T05:50:00.000+0000,1327721.9442838582,1306717.2442676423,1057838.8824007823
2025-04-30T06:00:00.000+0000,1327732.4914593622,1306717.2442676423,1057187.668448569
2025-04-30T06:10:00.000+0000,1327750.0700852023,1306717.2442676423,1057535.761609074
2025-04-30T06:20:00.000+0000,1327702.6077954343,1306717.2442676423,1059181.6662939189
2025-04-30T06:30:00.000+0000,1327706.1235206022,1306717.2442676423,1058702.3145468996
2025-04-30T06:40:00.000+0000,1327707.8813831862,1306717.2442676423,1057759.5352585893
2025-04-30T06:50:00.000+0000,1327737.7650471143,1306717.2442676423,1057298.4663097148
2025-04-30T07:00:00.000+0000,1327725.4600090263,1306717.2442676423,1056401.5918255853
2025-04-30T07:10:00.000+0000,1327741.2807722823,1306717.2442676423,1057060.7984476038
2025-04-30T07:20:00.000+0000,1327736.0071845304,1306717.2442676423,1056857.4432054327
2025-04-30T07:30:00.000+0000,1327748.3122226184,1306717.2442676423,1054357.4378288058
2025-04-30T07:40:00.000+0000,1327785.2273368824,1306717.2442676423,1052168.98895575
2025-04-30T07:50:00.000+0000,1327765.8908484583,1306717.2442676423,1051972.7955129626
2025-04-30T08:00:00.000+0000,1327767.6487110422,1306717.2442676423,1052348.917529507
2025-04-30T08:10:00.000+0000,1327744.7964974502,1306717.2442676423,1054117.8388735068
2025-04-30T08:20:00.000+0000,1327751.8279477863,1306717.2442676423,1053618.7819451971
2025-04-30T08:30:00.000+0000,1327760.6172607064,1306717.2442676423,1053848.3006182048
2025-04-30T08:40:00.000+0000,1327778.1958865463,1306717.2442676423,1054394.7222762622
2025-04-30T08:50:00.000+0000,1327769.4065736262,1306717.2442676423,1054277.2804475576
2025-04-30T09:00:00.000+0000,1327776.4380239623,1306717.2442676423,1055735.319084675
2025-04-30T09:10:00.000+0000,1327788.7430620503,1306717.2442676423,1055790.0849536452
2025-04-30T09:20:00.000+0000,1327767.6487110422,1306717.2442676423,1056348.5598043483
2025-04-30T09:30:00.000+0000,1327737.7650471143,1306717.2442676423,1058043.189135695
2025-04-30T09:40:00.000+0000,1327723.7021464424,1306717.2442676423,1058451.2571311314
2025-04-30T09:50:00.000+0000,1327727.2178716103,1306717.2442676423,1058434.0667843386
2025-04-30T10:00:00.000+0000,1327744.7964974502,1306717.2442676423,1057516.7728375727
2025-04-30T10:10:00.000+0000,1327772.9222987944,1306717.2442676423,1058180.0831321075
2025-04-30T10:20:00.000+0000,1327750.0700852023,1306717.2442676423,1058325.5846431511
2025-04-30T10:30:00.000+0000,1327743.0386348662,1306717.2442676423,1058008.118807516
2025-04-30T10:40:00.000+0000,1327714.9128335223,1306717.2442676423,1059475.482996639
2025-04-30T10:50:00.000+0000,1327706.1235206022,1306717.2442676423,1059934.041662978
2025-04-30T11:00:00.000+0000,1327711.3971083544,1306717.2442676423,1060400.110545558
2025-04-30T11:10:00.000+0000,1327695.5763450982,1306717.2442676423,1060218.925489094
2025-04-30T11:20:00.000+0000,1327727.2178716103,1306717.2442676423,1060706.8686534818
2025-04-30T11:30:00.000+0000,1327716.6706961063,1306717.2442676423,1061297.4076818784
2025-04-30T11:40:00.000+0000,1327718.4285586902,1306717.2442676423,1061594.7877426979
2025-04-30T11:50:00.000+0000,1327709.6392457702,1306717.2442676423,1062296.4532136656
2025-04-30T12:00:00.000+0000,1327714.9128335223,1306717.2442676423,1061942.9462939708
2025-04-30T12:10:00.000+0000,1327736.0071845304,1306717.2442676423,1059490.5460422223
2025-04-30T12:20:00.000+0000,1327767.6487110422,1306717.2442676423,1056031.9357942843
2025-04-30T12:30:00.000+0000,1327788.7430620503,1306717.2442676423,1048231.0103269541
2025-04-30T12:40:00.000+0000,1327823.9003137304,1306717.2442676423,1043543.621977069
2025-04-30T12:50:00.000+0000,1327855.5418402422,1306717.2442676423,1045184.449514922
2025-04-30T13:00:00.000+0000,1327897.7305422584,1306717.2442676423,1040715.4148936742
2025-04-30T13:10:00.000+0000,1327936.4035191063,1306717.2442676423,1036597.6910213325
2025-04-30T13:20:00.000+0000,1327941.6771068582,1306717.2442676423,1037201.5381153552
2025-04-30T13:30:00.000+0000,1327946.9506946104,1306717.2442676423,1035231.1768201852
2025-04-30T13:40:00.000+0000,1328008.4758850504,1306717.2442676423,1028877.9746604462
2025-04-30T13:50:00.000+0000,1328020.7809231384,1306717.2442676423,1023348.4630378005
2025-04-30T14:00:00.000+0000,1328013.7494728023,1306717.2442676423,1025279.4876691476
2025-04-30T14:10:00.000+0000,1327999.6865721303,1306717.2442676423,1026208.8543667747
2025-04-30T14:20:00.000+0000,1327936.4035191063,1306717.2442676423,1028961.2277467015
2025-04-30T14:30:00.000+0000,1327906.5198551782,1306717.2442676423,1033397.194926914
2025-04-30T14:40:00.000+0000,1327964.5293204503,1306717.2442676423,1032165.211041225
2025-04-30T14:50:00.000+0000,1327968.0450456182,1306717.2442676423,1029810.8596974122
2025-04-30T15:00:00.000+0000,1327946.9506946104,1306717.2442676423,1033921.8578369468
2025-04-30T15:10:00.000+0000,1327953.9821449462,1306717.2442676423,1034963.5953958335
2025-04-30T15:20:00.000+0000,1327939.9192442743,1306717.2442676423,1033115.745287087
2025-04-30T15:30:00.000+0000,1327913.5513055143,1306717.2442676423,1034160.421423672
2025-04-30T15:40:00.000+0000,1327887.1833667543,1306717.2442676423,1035768.8816450925
2025-04-30T15:50:00.000+0000,1327892.4569545062,1306717.2442676423,1035062.0926758635
2025-04-30T16:00:00.000+0000,1327931.1299313542,1306717.2442676423,1032342.818564987
2025-04-30T16:10:00.000+0000,1327955.7400075302,1306717.2442676423,1030619.931769271
2025-04-30T16:20:00.000+0000,1327994.4129843782,1306717.2442676423,1030854.7122341322
2025-04-30T16:30:00.000+0000,1327985.6236714583,1306717.2442676423,1032858.304688757
2025-04-30T16:40:00.000+0000,1327917.0670306822,1306717.2442676423,1037196.4854093335
2025-04-30T16:50:00.000+0000,1327934.6456565224,1306717.2442676423,1036594.7677628226
2025-04-30T17:00:00.000+0000,1327911.7934429303,1306717.2442676423,1035912.2502655312
2025-04-30T17:10:00.000+0000,1327948.7085571943,1306717.2442676423,1035185.0021628013
2025-04-30T17:20:00.000+0000,1327931.1299313542,1306717.2442676423,1036179.5382273607
2025-04-30T17:30:00.000+0000,1327887.1833667543,1306717.2442676423,1039183.1448412107
2025-04-30T17:40:00.000+0000,1327871.3626034982,1306717.2442676423,1041971.1910707664
2025-04-30T17:50:00.000+0000,1327867.8468783302,1306717.2442676423,1043745.2077874638
2025-04-30T18:00:00.000+0000,1327806.3216878902,1306717.2442676423,1043316.0971587163
2025-04-30T18:10:00.000+0000,1327795.7745123862,1306717.2442676423,1048676.7642898138
2025-04-30T18:20:00.000+0000,1327815.1110008103,1306717.2442676423,1046174.0969405319
2025-04-30T18:30:00.000+0000,1327816.8688633943,1306717.2442676423,1045602.5024608101
2025-04-30T18:40:00.000+0000,1327818.6267259782,1306717.2442676423,1044709.2082101176
2025-04-30T18:50:00.000+0000,1327813.3531382263,1306717.2442676423,1046924.5540942133
2025-04-30T19:00:00.000+0000,1327820.3845885622,1306717.2442676423,1047310.3455276587
2025-04-30T19:10:00.000+0000,1327808.0795504742,1306717.2442676423,1045912.8523474724
2025-04-30T19:20:00.000+0000,1327837.9632144023,1306717.2442676423,1042673.8514970859
2025-04-30T19:30:00.000+0000,1327836.2053518184,1306717.2442676423,1043004.2129053713
2025-04-30T19:40:00.000+0000,1327822.1424511462,1306717.2442676423,1044539.658505429
2025-04-30T19:50:00.000+0000,1327815.1110008103,1306717.2442676423,1048202.6724834222
2025-04-30T20:00:00.000+0000,1327802.8059627223,1306717.2442676423,1048307.3074444873
2025-04-30T20:10:00.000+0000,1327758.8593981222,1306717.2442676423,1054729.226509212
2025-04-30T20:20:00.000+0000,1327732.4914593622,1306717.2442676423,1056425.6556156354
2025-04-30T20:30:00.000+0000,1327736.0071845304,1306717.2442676423,1055640.1696915831
2025-04-30T20:40:00.000+0000,1327737.7650471143,1306717.2442676423,1055192.867116004
2025-04-30T20:50:00.000+0000,1327746.5543600342,1306717.2442676423,1054568.232548555
2025-04-30T21:00:00.000+0000,1327778.1958865463,1306717.2442676423,1054776.5512730193
2025-04-30T21:10:00.000+0000,1327808.0795504742,1306717.2442676423,1053653.1060925797
2025-04-30T21:20:00.000+0000,1327785.2273368824,1306717.2442676423,1054856.318956819
2025-04-30T21:30:00.000+0000,1327781.7116117142,1306717.2442676423,1053832.4860260712
2025-04-30T21:40:00.000+0000,1327822.1424511462,1306717.2442676423,1053780.3829614075
2025-04-30T21:50:00.000+0000,1327818.6267259782,1306717.2442676423,1051920.2421892614
2025-04-30T22:00:00.000+0000,1327822.1424511462,1306717.2442676423,1054210.046782382
2025-04-30T22:10:00.000+0000,1327809.8374130584,1306717.2442676423,1055080.1068166539
2025-04-30T22:20:00.000+0000,1327788.7430620503,1306717.2442676423,1053995.6766940928
2025-04-30T22:30:00.000+0000,1327801.0481001383,1306717.2442676423,1052757.9507271468
2025-04-30T22:40:00.000+0000,1327804.5638253062,1306717.2442676423,1051198.3349786147
2025-04-30T22:50:00.000+0000,1327764.1329858743,1306717.2442676423,1051536.853347418
2025-04-30T23:00:00.000+0000,1327709.6392457702,1306717.2442676423,1052683.110109946
2025-04-30T23:10:00.000+0000,1327549.6737506262,1306717.2442676423,1055295.8931978364
2025-04-30T23:20:00.000+0000,1327581.3152771383,1306717.2442676423,1054869.4357150374
2025-04-30T23:30:00.000+0000,1327588.3467274744,1306717.2442676423,1055715.7927352106
2025-04-30T23:40:00.000+0000,1327502.2114608584,1306717.2442676423,1054728.6588830242
2025-04-30T23:50:00.000+0000,1327296.5415385303,1306717.2442676423,1054474.6907736217
2025-05-01T00:00:00.000+0000,1327073.2929903623,1306717.2442676423,1054688.4634647164
2025-05-01T00:10:00.000+0000,1327310.6044392022,1306717.2442676423,1055962.2157866857
2025-05-01T00:20:00.000+0000,1327317.6358895383,1306717.2442676423,1056295.9663267832
2025-05-01T00:30:00.000+0000,1327308.8465766183,1306717.2442676423,1055066.4431350492
2025-05-01T00:40:00.000+0000,1327266.6578746024,1306717.2442676423,1056107.8866769793
2025-05-01T00:50:00.000+0000,1327335.2145153782,1306717.2442676423,1056379.681145942
2025-05-01T01:00:00.000+0000,1327370.3717670583,1306717.2442676423,1057734.1874682799
2025-05-01T01:10:00.000+0000,1327375.6453548102,1306717.2442676423,1058946.1174607452
2025-05-01T01:20:00.000+0000,1327366.8560418903,1306717.2442676423,1060019.3802154174
2025-05-01T01:30:00.000+0000,1327405.5290187383,1306717.2442676423,1060754.4307001196
2025-05-01T01:40:00.000+0000,1327428.3812323303,1306717.2442676423,1059990.663093011
2025-05-01T01:50:00.000+0000,1327428.3812323303,1306717.2442676423,1060866.4456324656
2025-05-01T02:00:00.000+0000,1327386.1925303142,1306717.2442676423,1062519.9650586094
2025-05-01T02:10:00.000+0000,1327389.7082554824,1306717.2442676423,1063677.175032516
2025-05-01T02:20:00.000+0000,1327389.7082554824,1306717.2442676423,1064772.3045747986
2025-05-01T02:30:00.000+0000,1327398.4975684022,1306717.2442676423,1065466.4641042694
2025-05-01T02:40:00.000+0000,1327296.5415385303,1306717.2442676423,1064637.5539232828
2025-05-01T02:50:00.000+0000,1327231.5006229223,1306717.2442676423,1062733.9583094022
2025-05-01T03:00:00.000+0000,1327152.3968066422,1306717.2442676423,1063226.293815367
2025-05-01T03:10:00.000+0000,1327166.4597073144,1306717.2442676423,1062074.2400529645
2025-05-01T03:20:00.000+0000,1327266.6578746024,1306717.2442676423,1062785.575736767
2025-05-01T03:30:00.000+0000,1327322.9094772902,1306717.2442676423,1062185.8888614636
2025-05-01T03:40:00.000+0000,1327345.7616908823,1306717.2442676423,1062519.7492923725
2025-05-01T03:50:00.000+0000,1327398.4975684022,1306717.2442676423,1062190.0863453872
2025-05-01T04:00:00.000+0000,1327382.6768051463,1306717.2442676423,1061745.5559104916
2025-05-01T04:10:00.000+0000,1327342.2459657143,1306717.2442676423,1060837.4722413062
2025-05-01T04:20:00.000+0000,1327403.7711561543,1306717.2442676423,1060705.1120816572
2025-05-01T04:30:00.000+0000,1327421.3497819942,1306717.2442676423,1060606.3065743512
2025-05-01T04:40:00.000+0000,1327486.3906976022,1306717.2442676423,1061479.738310662
2025-05-01T04:50:00.000+0000,1327491.6642853543,1306717.2442676423,1061913.6899302984
2025-05-01T05:00:00.000+0000,1327467.0542091783,1306717.2442676423,1061400.6551372013
2025-05-01T05:10:00.000+0000,1327421.3497819942,1306717.2442676423,1062739.342852019
2025-05-01T05:20:00.000+0000,1327431.8969574983,1306717.2442676423,1062640.188650638
2025-05-01T05:30:00.000+0000,1327308.8465766183,1306717.2442676423,1062729.0658429894
2025-05-01T05:40:00.000+0000,1327293.0258133623,1306717.2442676423,1064404.912510714
2025-05-01T05:50:00.000+0000,1327345.7616908823,1306717.2442676423,1064941.6108885447
2025-05-01T06:00:00.000+0000,1327342.2459657143,1306717.2442676423,1064563.8043534898
2025-05-01T06:10:00.000+0000,1327416.0761942423,1306717.2442676423,1063361.3781189865
2025-05-01T06:20:00.000+0000,1327394.9818432343,1306717.2442676423,1063368.737181684
2025-05-01T06:30:00.000+0000,1327373.8874922262,1306717.2442676423,1062848.0251987563
2025-05-01T06:40:00.000+0000,1327394.9818432343,1306717.2442676423,1061373.7010433837
2025-05-01T06:50:00.000+0000,1327389.7082554824,1306717.2442676423,1062298.742954362
2025-05-01T07:00:00.000+0000,1327380.9189425623,1306717.2442676423,1061005.1525054057
2025-05-01T07:10:00.000+0000,1327391.4661180663,1306717.2442676423,1062772.6844210022
2025-05-01T07:20:00.000+0000,1327423.1076445782,1306717.2442676423,1063095.564015827
2025-05-01T07:30:00.000+0000,1327474.0856595142,1306717.2442676423,1064681.553613537
2025-05-01T07:40:00.000+0000,1327493.4221479383,1306717.2442676423,1066278.421927934
2025-05-01T07:50:00.000+0000,1327488.1485601864,1306717.2442676423,1066686.1594728604
2025-05-01T08:00:00.000+0000,1327481.1171098503,1306717.2442676423,1065883.6523397658
2025-05-01T08:10:00.000+0000,1327424.8655071622,1306717.2442676423,1066678.3890081975
2025-05-01T08:20:00.000+0000,1327365.0981793064,1306717.2442676423,1069769.9417115236
2025-05-01T08:30:00.000+0000,1327414.3183316584,1306717.2442676423,1069677.7188142533
2025-05-01T08:40:00.000+0000,1327426.6233697464,1306717.2442676423,1069511.0974923298
2025-05-01T08:50:00.000+0000,1327407.2868813223,1306717.2442676423,1070069.5565229869
2025-05-01T09:00:00.000+0000,1327403.7711561543,1306717.2442676423,1069766.4499237393
2025-05-01T09:10:00.000+0000,1327398.4975684022,1306717.2442676423,1069502.1715733476
2025-05-01T09:20:00.000+0000,1327398.4975684022,1306717.2442676423,1071307.0401899999
2025-05-01T09:30:00.000+0000,1327359.8245915542,1306717.2442676423,1071655.536185122
2025-05-01T09:40:00.000+0000,1327319.3937521223,1306717.2442676423,1074192.9742205138
2025-05-01T09:50:00.000+0000,1327294.7836759463,1306717.2442676423,1073433.920543068
2025-05-01T10:00:00.000+0000,1327307.0887140343,1306717.2442676423,1074357.843987715
2025-05-01T10:10:00.000+0000,1327287.7522256102,1306717.2442676423,1074507.8589813726
2025-05-01T10:20:00.000+0000,1327296.5415385303,1306717.2442676423,1079973.7573975795
2025-05-01T10:30:00.000+0000,1327252.5949739302,1306717.2442676423,1079806.0152215231
2025-05-01T10:40:00.000+0000,1327245.5635235943,1306717.2442676423,1078717.4339841662
2025-05-01T10:50:00.000+0000,1327275.4471875222,1306717.2442676423,1080422.6592654688
2025-05-01T11:00:00.000+0000,1327270.1735997703,1306717.2442676423,1083041.3720752895
2025-05-01T11:10:00.000+0000,1327284.2365004423,1306717.2442676423,1082467.0172416845
2025-05-01T11:20:00.000+0000,1327338.7302405462,1306717.2442676423,1079479.246665127
2025-05-01T11:30:00.000+0000,1327349.2774160502,1306717.2442676423,1080370.6066031787
2025-05-01T11:40:00.000+0000,1327335.2145153782,1306717.2442676423,1081808.019133205
2025-05-01T11:50:00.000+0000,1327335.2145153782,1306717.2442676423,1082029.7777779829
2025-05-01T12:00:00.000+0000,1327347.5195534662,1306717.2442676423,1081448.3171546212
2025-05-01T12:10:00.000+0000,1327366.8560418903,1306717.2442676423,1081831.0716291408
2025-05-01T12:20:00.000+0000,1327398.4975684022,1306717.2442676423,1081684.8829070223
2025-05-01T12:30:00.000+0000,1327414.3183316584,1306717.2442676423,1080734.2117357948
2025-05-01T12:40:00.000+0000,1327402.0132935704,1306717.2442676423,1083523.4134018107
2025-05-01T12:50:00.000+0000,1327405.5290187383,1306717.2442676423,1084133.1368552959
2025-05-01T13:00:00.000+0000,1327491.6642853543,1306717.2442676423,1083744.8890204986
2025-05-01T13:10:00.000+0000,1327468.8120717623,1306717.2442676423,1085017.5550349453
2025-05-01T13:20:00.000+0000,1327442.4441330023,1306717.2442676423,1085419.8466440141
2025-05-01T13:30:00.000+0000,1327463.5384840104,1306717.2442676423,1079494.3817818826
2025-05-01T13:40:00.000+0000,1327516.2743615303,1306717.2442676423,1077504.042715766
2025-05-01T13:50:00.000+0000,1327563.7366512984,1306717.2442676423,1074699.1953181494
2025-05-01T14:00:00.000+0000,1327526.8215370344,1306717.2442676423,1077899.3534500024
2025-05-01T14:10:00.000+0000,1327481.1171098503,1306717.2442676423,1079060.2240543677
2025-05-01T14:20:00.000+0000,1327468.8120717623,1306717.2442676423,1082646.899947171
2025-05-01T14:30:00.000+0000,1327440.6862704183,1306717.2442676423,1081609.9213724253
2025-05-01T14:40:00.000+0000,1327438.9284078344,1306717.2442676423,1083049.319672758
2025-05-01T14:50:00.000+0000,1327412.5604690742,1306717.2442676423,1085103.6340716332
2025-05-01T15:00:00.000+0000,1327447.7177207542,1306717.2442676423,1087671.3855616474
2025-05-01T15:10:00.000+0000,1327438.9284078344,1306717.2442676423,1092942.7512206174
2025-05-01T15:20:00.000+0000,1327481.1171098503,1306717.2442676423,1091544.6611619527
2025-05-01T15:30:00.000+0000,1327491.6642853543,1306717.2442676423,1089949.4537746056
2025-05-01T15:40:00.000+0000,1327516.2743615303,1306717.2442676423,1088148.6242177766
2025-05-01T15:50:00.000+0000,1327554.9473383783,1306717.2442676423,1085754.3859244317
2025-05-01T16:00:00.000+0000,1327526.8215370344,1306717.2442676423,1087475.1122226964
2025-05-01T16:10:00.000+0000,1327535.6108499542,1306717.2442676423,1086614.2922370126
2025-05-01T16:20:00.000+0000,1327591.8624526423,1306717.2442676423,1087529.1758564794
2025-05-01T16:30:00.000+0000,1327590.1045900583,1306717.2442676423,1090913.7784503635
2025-05-01T16:40:00.000+0000,1327625.2618417384,1306717.2442676423,1090592.1612405751
2025-05-01T16:50:00.000+0000,1327649.8719179144,1306717.2442676423,1087655.172391782
2025-05-01T17:00:00.000+0000,1327586.5888648902,1306717.2442676423,1087221.4574291075
2025-05-01T17:10:00.000+0000,1327554.9473383783,1306717.2442676423,1088874.2681990177
2025-05-01T17:20:00.000+0000,1327547.9158880422,1306717.2442676423,1087009.4258205849
2025-05-01T17:30:00.000+0000,1327591.8624526423,1306717.2442676423,1084272.9173994476
2025-05-01T17:40:00.000+0000,1327635.8090172422,1306717.2442676423,1082117.0320508457
2025-05-01T17:50:00.000+0000,1327614.7146662343,1306717.2442676423,1084095.764463044
2025-05-01T18:00:00.000+0000,1327607.6832158982,1306717.2442676423,1083949.0493417524
2025-05-01T18:10:00.000+0000,1327662.1769560024,1306717.2442676423,1080662.0742825463
2025-05-01T18:20:00.000+0000,1327681.5134444262,1306717.2442676423,1080198.5258774355
2025-05-01T18:30:00.000+0000,1327685.0291695942,1306717.2442676423,1080703.8255841306
2025-05-01T18:40:00.000+0000,1327653.3876430823,1306717.2442676423,1082887.61918431
2025-05-01T18:50:00.000+0000,1327642.8404675783,1306717.2442676423,1084454.4484671087
2025-05-01T19:00:00.000+0000,1327656.9033682502,1306717.2442676423,1081947.5889996574
2025-05-01T19:10:00.000+0000,1327679.7555818423,1306717.2442676423,1080347.4736209274
2025-05-01T19:20:00.000+0000,1327672.7241315062,1306717.2442676423,1080973.330088756
2025-05-01T19:30:00.000+0000,1327630.5354294903,1306717.2442676423,1081659.323813144
2025-05-01T19:40:00.000+0000,1327651.6297804983,1306717.2442676423,1080517.5569596284
2025-05-01T19:50:00.000+0000,1327662.1769560024,1306717.2442676423,1078890.497386938
2025-05-01T20:00:00.000+0000,1327651.6297804983,1306717.2442676423,1076905.7990964733
2025-05-01T20:10:00.000+0000,1327628.7775669063,1306717.2442676423,1078674.3229537513
2025-05-01T20:20:00.000+0000,1327619.9882539862,1306717.2442676423,1080858.4017263222
2025-05-01T20:30:00.000+0000,1327625.2618417384,1306717.2442676423,1078138.553255277
2025-05-01T20:40:00.000+0000,1327632.2932920742,1306717.2442676423,1077907.0466656615
2025-05-01T20:50:00.000+0000,1327625.2618417384,1306717.2442676423,1077242.4898239952
2025-05-01T21:00:00.000+0000,1327605.9253533143,1306717.2442676423,1078244.8097676034
2025-05-01T21:10:00.000+0000,1327591.8624526423,1306717.2442676423,1080892.4557254256
2025-05-01T21:20:00.000+0000,1327614.7146662343,1306717.2442676423,1080399.0550977383
2025-05-01T21:30:00.000+0000,1327623.5039791542,1306717.2442676423,1079145.7318967632
2025-05-01T21:40:00.000+0000,1327625.2618417384,1306717.2442676423,1080636.088279591
2025-05-01T21:50:00.000+0000,1327623.5039791542,1306717.2442676423,1079883.656104971
2025-05-01T22:00:00.000+0000,1327618.2303914023,1306717.2442676423,1078665.3163783895
2025-05-01T22:10:00.000+0000,1327616.4725288183,1306717.2442676423,1080174.5151904947
2025-05-01T22:20:00.000+0000,1327614.7146662343,1306717.2442676423,1079556.7036460708
2025-05-01T22:30:00.000+0000,1327627.0197043223,1306717.2442676423,1077568.4205702068
2025-05-01T22:40:00.000+0000,1327639.3247424103,1306717.2442676423,1077550.1273177704
2025-05-01T22:50:00.000+0000,1327646.3561927462,1306717.2442676423,1077566.475007341
2025-05-01T23:00:00.000+0000,1327655.1455056663,1306717.2442676423,1076463.5219330033
2025-05-01T23:10:00.000+0000,1327686.7870321784,1306717.2442676423,1076545.5227755792
2025-05-01T23:20:00.000+0000,1327623.5039791542,1306717.2442676423,1078867.7067491505
2025-05-01T23:30:00.000+0000,1327688.5448947623,1306717.2442676423,1076654.465647955
2025-05-01T23:40:00.000+0000,1327648.1140553302,1306717.2442676423,1077056.015109473
2025-05-01T23:50:00.000+0000,1327619.9882539862,1306717.2442676423,1078767.314290769
2025-05-02T00:00:00.000+0000,1327588.3467274744,1306717.2442676423,1078958.9596686147
2025-05-02T00:10:00.000+0000,1327591.8624526423,1306717.2442676423,1079220.3500851812
2025-05-02T00:20:00.000+0000,1327567.2523764663,1306717.2442676423,1080834.4773565915
2025-05-02T00:30:00.000+0000,1327556.7052009623,1306717.2442676423,1081835.7356572882
2025-05-02T00:40:00.000+0000,1327570.7681016342,1306717.2442676423,1081897.143884091
2025-05-02T00:50:00.000+0000,1327561.9787887142,1306717.2442676423,1083481.460213516
2025-05-02T01:00:00.000+0000,1327560.2209261302,1306717.2442676423,1084551.1003810088
2025-05-02T01:10:00.000+0000,1327588.3467274744,1306717.2442676423,1083164.523978648
2025-05-02T01:20:00.000+0000,1327602.4096281463,1306717.2442676423,1083183.8140019448
2025-05-02T01:30:00.000+0000,1327595.3781778102,1306717.2442676423,1081517.296883753
2025-05-02T01:40:00.000+0000,1327635.8090172422,1306717.2442676423,1079631.4839610406
2025-05-02T01:50:00.000+0000,1327612.9568036504,1306717.2442676423,1080396.661091343
2025-05-02T02:00:00.000+0000,1327614.7146662343,1306717.2442676423,1079251.230128558
2025-05-02T02:10:00.000+0000,1327627.0197043223,1306717.2442676423,1079649.4842696714
2025-05-02T02:20:00.000+0000,1327593.6203152263,1306717.2442676423,1081155.0554239189
2025-05-02T02:30:00.000+0000,1327588.3467274744,1306717.2442676423,1082654.3441467753
2025-05-02T02:40:00.000+0000,1327605.9253533143,1306717.2442676423,1081928.4369570184
2025-05-02T02:50:00.000+0000,1327607.6832158982,1306717.2442676423,1082520.2284527349
2025-05-02T03:00:00.000+0000,1327605.9253533143,1306717.2442676423,1082363.2264046976
2025-05-02T03:10:00.000+0000,1327625.2618417384,1306717.2442676423,1081553.351087123
2025-05-02T03:20:00.000+0000,1327618.2303914023,1306717.2442676423,1081032.2121415418
2025-05-02T03:30:00.000+0000,1327642.8404675783,1306717.2442676423,1082811.6294624018
2025-05-02T03:40:00.000+0000,1327639.3247424103,1306717.2442676423,1083177.9038382298
2025-05-02T03:50:00.000+0000,1327597.1360403942,1306717.2442676423,1083573.6530625615
2025-05-02T04:00:00.000+0000,1327590.1045900583,1306717.2442676423,1082988.9863782413
2025-05-02T04:10:00.000+0000,1327619.9882539862,1306717.2442676423,1082608.2377688186
2025-05-02T04:20:00.000+0000,1327616.4725288183,1306717.2442676423,1083359.7388584223
2025-05-02T04:30:00.000+0000,1327630.5354294903,1306717.2442676423,1081373.3161192238
2025-05-02T04:40:00.000+0000,1327619.9882539862,1306717.2442676423,1079997.086132047
2025-05-02T04:50:00.000+0000,1327648.1140553302,1306717.2442676423,1080190.1716000275
2025-05-02T05:00:00.000+0000,1327623.5039791542,1306717.2442676423,1080340.0209526047
2025-05-02T05:10:00.000+0000,1327625.2618417384,1306717.2442676423,1077931.9246208593
2025-05-02T05:20:00.000+0000,1327662.1769560024,1306717.2442676423,1077281.177561522
2025-05-02T05:30:00.000+0000,1327653.3876430823,1306717.2442676423,1077618.4935881617
2025-05-02T05:40:00.000+0000,1327642.8404675783,1306717.2442676423,1078081.6399724477
2025-05-02T05:50:00.000+0000,1327653.3876430823,1306717.2442676423,1075928.0898841603
2025-05-02T06:00:00.000+0000,1327655.1455056663,1306717.2442676423,1074731.6308782916
2025-05-02T06:10:00.000+0000,1327658.6612308342,1306717.2442676423,1075220.474319255
2025-05-02T06:20:00.000+0000,1327658.6612308342,1306717.2442676423,1074364.8595792218
2025-05-02T06:30:00.000+0000,1327639.3247424103,1306717.2442676423,1075506.5830058446
2025-05-02T06:40:00.000+0000,1327704.3656580183,1306717.2442676423,1073066.8746423866
2025-05-02T06:50:00.000+0000,1327702.6077954343,1306717.2442676423,1074124.4702202997
2025-05-02T07:00:00.000+0000,1327685.0291695942,1306717.2442676423,1071899.2630396024
2025-05-02T07:10:00.000+0000,1327676.2398566743,1306717.2442676423,1071365.5166359972
2025-05-02T07:20:00.000+0000,1327669.2084063382,1306717.2442676423,1073051.9370125853
2025-05-02T07:30:00.000+0000,1327683.2713070102,1306717.2442676423,1070294.5328726536
2025-05-02T07:40:00.000+0000,1327706.1235206022,1306717.2442676423,1069674.0277154827
2025-05-02T07:50:00.000+0000,1327706.1235206022,1306717.2442676423,1069660.5944934334
2025-05-02T08:00:00.000+0000,1327688.5448947623,1306717.2442676423,1069249.2268671305
2025-05-02T08:10:00.000+0000,1327674.4819940904,1306717.2442676423,1071502.860390589
2025-05-02T08:20:00.000+0000,1327655.1455056663,1306717.2442676423,1073257.0226058199
2025-05-02T08:30:00.000+0000,1327648.1140553302,1306717.2442676423,1072684.6042311573
2025-05-02T08:40:00.000+0000,1327644.5983301622,1306717.2442676423,1074379.1191018717
2025-05-02T08:50:00.000+0000,1327649.8719179144,1306717.2442676423,1073290.1843412616
2025-05-02T09:00:00.000+0000,1327642.8404675783,1306717.2442676423,1072460.2495232094
2025-05-02T09:10:00.000+0000,1327634.0511546582,1306717.2442676423,1075156.5842126966
2025-05-02T09:20:00.000+0000,1327635.8090172422,1306717.2442676423,1074000.443653116
2025-05-02T09:30:00.000+0000,1327642.8404675783,1306717.2442676423,1073986.369052545
2025-05-02T09:40:00.000+0000,1327660.4190934182,1306717.2442676423,1073845.6948765041
2025-05-02T09:50:00.000+0000,1327670.9662689222,1306717.2442676423,1073623.7089380475
2025-05-02T10:00:00.000+0000,1327660.4190934182,1306717.2442676423,1073831.7757220801
2025-05-02T10:10:00.000+0000,1327619.9882539862,1306717.2442676423,1075713.791053251
2025-05-02T10:20:00.000+0000,1327623.5039791542,1306717.2442676423,1075598.0490086684
2025-05-02T10:30:00.000+0000,1327637.5668798264,1306717.2442676423,1076678.8954368406
2025-05-02T10:40:00.000+0000,1327653.3876430823,1306717.2442676423,1076611.6011922176
2025-05-02T10:50:00.000+0000,1327663.9348185863,1306717.2442676423,1076753.0531712875
2025-05-02T11:00:00.000+0000,1327702.6077954343,1306717.2442676423,1078118.2462948943
2025-05-02T11:10:00.000+0000,1327695.5763450982,1306717.2442676423,1078377.6539012487
2025-05-02T11:20:00.000+0000,1327648.1140553302,1306717.2442676423,1079898.5751782728
2025-05-02T11:30:00.000+0000,1327658.6612308342,1306717.2442676423,1078724.7406503942
2025-05-02T11:40:00.000+0000,1327670.9662689222,1306717.2442676423,1078977.0936652995
2025-05-02T11:50:00.000+0000,1327658.6612308342,1306717.2442676423,1080030.1712086366
2025-05-02T12:00:00.000+0000,1327655.1455056663,1306717.2442676423,1080010.7163580519
2025-05-02T12:10:00.000+0000,1327670.9662689222,1306717.2442676423,1077865.7909190923
2025-05-02T12:20:00.000+0000,1327728.9757341943,1306717.2442676423,1077550.1350356084
2025-05-02T12:30:00.000+0000,1327674.4819940904,1306717.2442676423,1074384.9590277812
2025-05-02T12:40:00.000+0000,1327607.6832158982,1306717.2442676423,1078168.7637588507
2025-05-02T12:50:00.000+0000,1327576.0416893864,1306717.2442676423,1080713.6396442351
2025-05-02T13:00:00.000+0000,1327577.7995519703,1306717.2442676423,1080311.8956022807
2025-05-02T13:10:00.000+0000,1327598.8939029782,1306717.2442676423,1078253.0671842159
2025-05-02T13:20:00.000+0000,1327609.4410784822,1306717.2442676423,1079512.320885196
2025-05-02T13:30:00.000+0000,1327588.3467274744,1306717.2442676423,1077735.3018276175
2025-05-02T13:40:00.000+0000,1327616.4725288183,1306717.2442676423,1078427.648462702
2025-05-02T13:50:00.000+0000,1327605.9253533143,1306717.2442676423,1078618.6463181963
2025-05-02T14:00:00.000+0000,1327586.5888648902,1306717.2442676423,1080836.791413247
2025-05-02T14:10:00.000+0000,1327593.6203152263,1306717.2442676423,1080748.5880354433
2025-05-02T14:20:00.000+0000,1327574.2838268022,1306717.2442676423,1082740.407121918
2025-05-02T14:30:00.000+0000,1327567.2523764663,1306717.2442676423,1083412.693961449
2025-05-02T14:40:00.000+0000,1327581.3152771383,1306717.2442676423,1084356.35528277
2025-05-02T14:50:00.000+0000,1327569.0102390503,1306717.2442676423,1086515.9497772607
2025-05-02T15:00:00.000+0000,1327546.1580254582,1306717.2442676423,1084794.8686053744
2025-05-02T15:10:00.000+0000,1327625.2618417384,1306717.2442676423,1084008.2009883833
2025-05-02T15:20:00.000+0000,1327653.3876430823,1306717.2442676423,1078557.3002269913
2025-05-02T15:30:00.000+0000,1327676.2398566743,1306717.2442676423,1079737.1955176946
2025-05-02T15:40:00.000+0000,1327656.9033682502,1306717.2442676423,1081688.717862398
2025-05-02T15:50:00.000+0000,1327648.1140553302,1306717.2442676423,1080695.8593408684
2025-05-02T16:00:00.000+0000,1327591.8624526423,1306717.2442676423,1081826.3818904255
2025-05-02T16:10:00.000+0000,1327586.5888648902,1306717.2442676423,1088371.9051473597
2025-05-02T16:20:00.000+0000,1327561.9787887142,1306717.2442676423,1087812.454693738
2025-05-02T16:30:00.000+0000,1327572.5259642182,1306717.2442676423,1087273.153017898
2025-05-02T16:40:00.000+0000,1327591.8624526423,1306717.2442676423,1085654.778414625
2025-05-02T16:50:00.000+0000,1327604.1674907303,1306717.2442676423,1083452.9000755479
2025-05-02T17:00:00.000+0000,1327619.9882539862,1306717.2442676423,1079501.2253112625
2025-05-02T17:10:00.000+0000,1327644.5983301622,1306717.2442676423,1079037.531637079
2025-05-02T17:20:00.000+0000,1327627.0197043223,1306717.2442676423,1081635.295884354
2025-05-02T17:30:00.000+0000,1327639.3247424103,1306717.2442676423,1082500.3176287059
2025-05-02T17:40:00.000+0000,1327662.1769560024,1306717.2442676423,1080853.006121403
2025-05-02T17:50:00.000+0000,1327641.0826049943,1306717.2442676423,1081189.5215673451
2025-05-02T18:00:00.000+0000,1327623.5039791542,1306717.2442676423,1082891.6914046574
2025-05-02T18:10:00.000+0000,1327619.9882539862,1306717.2442676423,1083454.2565134908
2025-05-02T18:20:00.000+0000,1327635.8090172422,1306717.2442676423,1083283.414929976
2025-05-02T18:30:00.000+0000,1327623.5039791542,1306717.2442676423,1083464.4180065964
2025-05-02T18:40:00.000+0000,1327607.6832158982,1306717.2442676423,1083578.3468795752
2025-05-02T18:50:00.000+0000,1327639.3247424103,1306717.2442676423,1080565.0738267768
2025-05-02T19:00:00.000+0000,1327653.3876430823,1306717.2442676423,1078832.1790971593
2025-05-02T19:10:00.000+0000,1327700.8499328503,1306717.2442676423,1076513.5179791714
2025-05-02T19:20:00.000+0000,1327692.0606199303,1306717.2442676423,1077872.031756958
2025-05-02T19:30:00.000+0000,1327700.8499328503,1306717.2442676423,1075286.073573217
2025-05-02T19:40:00.000+0000,1327736.0071845304,1306717.2442676423,1072280.156345805
2025-05-02T19:50:00.000+0000,1327778.1958865463,1306717.2442676423,1073471.731470468
2025-05-02T20:00:00.000+0000,1327758.8593981222,1306717.2442676423,1072885.8943255753
2025-05-02T20:10:00.000+0000,1327739.5229096983,1306717.2442676423,1075026.7544125156
2025-05-02T20:20:00.000+0000,1327741.2807722823,1306717.2442676423,1074579.782582522
2025-05-02T20:30:00.000+0000,1327714.9128335223,1306717.2442676423,1075526.9767128602
2025-05-02T20:40:00.000+0000,1327706.1235206022,1306717.2442676423,1076098.034079759
2025-05-02T20:50:00.000+0000,1327713.1549709383,1306717.2442676423,1076076.961988375
2025-05-02T21:00:00.000+0000,1327702.6077954343,1306717.2442676423,1075965.8666314615
2025-05-02T21:10:00.000+0000,1327699.0920702664,1306717.2442676423,1075847.2749914096
2025-05-02T21:20:00.000+0000,1327709.6392457702,1306717.2442676423,1075096.8658344413
2025-05-02T21:30:00.000+0000,1327695.5763450982,1306717.2442676423,1074586.7645483643
2025-05-02T21:40:00.000+0000,1327723.7021464424,1306717.2442676423,1071371.3230348711
2025-05-02T21:50:00.000+0000,1327746.5543600342,1306717.2442676423,1070402.1967261548
2025-05-02T22:00:00.000+0000,1327762.3751232903,1306717.2442676423,1070858.0422036722
2025-05-02T22:10:00.000+0000,1327762.3751232903,1306717.2442676423,1070896.5225543873
2025-05-02T22:20:00.000+0000,1327764.1329858743,1306717.2442676423,1071555.8449695471
2025-05-02T22:30:00.000+0000,1327744.7964974502,1306717.2442676423,1071492.121559362
2025-05-02T22:40:00.000+0000,1327748.3122226184,1306717.2442676423,1071074.407738485
2025-05-02T22:50:00.000+0000,1327751.8279477863,1306717.2442676423,1071357.996484181
2025-05-02T23:00:00.000+0000,1327734.2493219462,1306717.2442676423,1071565.3310383786
2025-05-02T23:10:00.000+0000,1327720.1864212742,1306717.2442676423,1072704.4854899608
2025-05-02T23:20:00.000+0000,1327716.6706961063,1306717.2442676423,1072309.296433337
2025-05-02T23:30:00.000+0000,1327720.1864212742,1306717.2442676423,1072799.474366227
2025-05-02T23:40:00.000+0000,1327714.9128335223,1306717.2442676423,1073794.3551094746
2025-05-02T23:50:00.000+0000,1327727.2178716103,1306717.2442676423,1073651.6439648208
2025-05-03T00:00:00.000+0000,1327739.5229096983,1306717.2442676423,1074434.442160597
2025-05-03T00:10:00.000+0000,1327721.9442838582,1306717.2442676423,1074646.44162817
2025-05-03T00:20:00.000+0000,1327718.4285586902,1306717.2442676423,1073640.8931052932
2025-05-03T00:30:00.000+0000,1327718.4285586902,1306717.2442676423,1073937.9022130868
2025-05-03T00:40:00.000+0000,1327736.0071845304,1306717.2442676423,1072712.2396158613
2025-05-03T00:50:00.000+0000,1327734.2493219462,1306717.2442676423,1072296.394698998
2025-05-03T01:00:00.000+0000,1327734.2493219462,1306717.2442676423,1071697.6788746512
2025-05-03T01:10:00.000+0000,1327774.6801613783,1306717.2442676423,1070857.4871423603
2025-05-03T01:20:00.000+0000,1327795.7745123862,1306717.2442676423,1071399.8233536072
2025-05-03T01:30:00.000+0000,1327815.1110008103,1306717.2442676423,1069682.8938509508
2025-05-03T01:40:00.000+0000,1327888.9412293383,1306717.2442676423,1070068.2098063133
2025-05-03T01:50:00.000+0000,1327869.6047409142,1306717.2442676423,1069939.6333051033
2025-05-03T02:00:00.000+0000,1327880.1519164182,1306717.2442676423,1071519.7990563083
2025-05-03T02:10:00.000+0000,1327869.6047409142,1306717.2442676423,1072486.201739771
2025-05-03T02:20:00.000+0000,1327850.2682524903,1306717.2442676423,1073491.2466590013
2025-05-03T02:30:00.000+0000,1327823.9003137304,1306717.2442676423,1073711.2765803004
2025-05-03T02:40:00.000+0000,1327827.4160388983,1306717.2442676423,1072667.8030452377
2025-05-03T02:50:00.000+0000,1327825.6581763143,1306717.2442676423,1073137.2179099538
2025-05-03T03:00:00.000+0000,1327816.8688633943,1306717.2442676423,1073940.3147045467
2025-05-03T03:10:00.000+0000,1327815.1110008103,1306717.2442676423,1072206.972917485
2025-05-03T03:20:00.000+0000,1327829.1739014823,1306717.2442676423,1071833.1357767407
2025-05-03T03:30:00.000+0000,1327809.8374130584,1306717.2442676423,1071137.7773839168
2025-05-03T03:40:00.000+0000,1327806.3216878902,1306717.2442676423,1072385.2502225498
2025-05-03T03:50:00.000+0000,1327815.1110008103,1306717.2442676423,1072031.4002338932
2025-05-03T04:00:00.000+0000,1327827.4160388983,1306717.2442676423,1071946.1083635164
2025-05-03T04:10:00.000+0000,1327818.6267259782,1306717.2442676423,1072697.481855319
2025-05-03T04:20:00.000+0000,1327829.1739014823,1306717.2442676423,1072536.192822413
2025-05-03T04:30:00.000+0000,1327844.9946647382,1306717.2442676423,1072901.1997246675
2025-05-03T04:40:00.000+0000,1327860.8154279944,1306717.2442676423,1072767.5367131834
2025-05-03T04:50:00.000+0000,1327848.5103899064,1306717.2442676423,1072973.9972472843
2025-05-03T05:00:00.000+0000,1327852.0261150743,1306717.2442676423,1071845.3623640228
2025-05-03T05:10:00.000+0000,1327864.3311531623,1306717.2442676423,1071577.377014044
2025-05-03T05:20:00.000+0000,1327876.6361912503,1306717.2442676423,1071924.258969961
2025-05-03T05:30:00.000+0000,1327873.1204660824,1306717.2442676423,1071003.9543386064
2025-05-03T05:40:00.000+0000,1327825.6581763143,1306717.2442676423,1072236.862628907
2025-05-03T05:50:00.000+0000,1327822.1424511462,1306717.2442676423,1070743.1064006174
2025-05-03T06:00:00.000+0000,1327832.6896266502,1306717.2442676423,1069719.089603083
2025-05-03T06:10:00.000+0000,1327876.6361912503,1306717.2442676423,1068052.538179781
2025-05-03T06:20:00.000+0000,1327883.6676415862,1306717.2442676423,1068088.2187829656
2025-05-03T06:30:00.000+0000,1327885.4255041704,1306717.2442676423,1068549.062325104
2025-05-03T06:40:00.000+0000,1327888.9412293383,1306717.2442676423,1068593.4667547778
2025-05-03T06:50:00.000+0000,1327911.7934429303,1306717.2442676423,1068095.034571152
2025-05-03T07:00:00.000+0000,1327918.8248932662,1306717.2442676423,1068633.3196406993
2025-05-03T07:10:00.000+0000,1327906.5198551782,1306717.2442676423,1068724.6165236316
2025-05-03T07:20:00.000+0000,1327945.1928320262,1306717.2442676423,1067477.322463248
2025-05-03T07:30:00.000+0000,1327929.3720687702,1306717.2442676423,1068349.3288563194
2025-05-03T07:40:00.000+0000,1327917.0670306822,1306717.2442676423,1069390.1990933726
2025-05-03T07:50:00.000+0000,1327903.0041300103,1306717.2442676423,1069449.67704078
2025-05-03T08:00:00.000+0000,1327915.3091680983,1306717.2442676423,1067841.1798313719
2025-05-03T08:10:00.000+0000,1327943.4349694422,1306717.2442676423,1067882.0404790204
2025-05-03T08:20:00.000+0000,1327952.2242823623,1306717.2442676423,1068723.109450861
2025-05-03T08:30:00.000+0000,1327955.7400075302,1306717.2442676423,1070009.6734339313
2025-05-03T08:40:00.000+0000,1327961.0135952823,1306717.2442676423,1070565.0263767252
2025-05-03T08:50:00.000+0000,1328084.0639761623,1306717.2442676423,1069225.7959239718
2025-05-03T09:00:00.000+0000,1328101.6426020022,1306717.2442676423,1067931.6270816014
2025-05-03T09:10:00.000+0000,1328075.2746632423,1306717.2442676423,1067832.5270207631
2025-05-03T09:20:00.000+0000,1328034.8438238103,1306717.2442676423,1068803.7838322832
2025-05-03T09:30:00.000+0000,1328048.9067244823,1306717.2442676423,1067964.8585004145
2025-05-03T09:40:00.000+0000,1328052.4224496502,1306717.2442676423,1068001.954788481
2025-05-03T09:50:00.000+0000,1328057.6960374024,1306717.2442676423,1066038.6073228861
2025-05-03T10:00:00.000+0000,1328078.7903884102,1306717.2442676423,1067284.1002935427
2025-05-03T10:10:00.000+0000,1328112.1897775063,1306717.2442676423,1066508.731380411
2025-05-03T10:20:00.000+0000,1328082.3061135784,1306717.2442676423,1067354.8597922544
2025-05-03T10:30:00.000+0000,1328098.1268768343,1306717.2442676423,1066213.511056827
2025-05-03T10:40:00.000+0000,1328098.1268768343,1306717.2442676423,1064868.7057736234
2025-05-03T10:50:00.000+0000,1328126.2526781783,1306717.2442676423,1063974.9585631576
2025-05-03T11:00:00.000+0000,1328124.4948155943,1306717.2442676423,1064193.8692221916
2025-05-03T11:10:00.000+0000,1328115.7055026742,1306717.2442676423,1064542.5780234565
2025-05-03T11:20:00.000+0000,1328113.9476400902,1306717.2442676423,1065913.4529439479
2025-05-03T11:30:00.000+0000,1328129.7684033462,1306717.2442676423,1064950.3166415337
2025-05-03T11:40:00.000+0000,1328164.9256550262,1306717.2442676423,1065103.9512622764
2025-05-03T11:50:00.000+0000,1328163.1677924423,1306717.2442676423,1065337.2249137256
2025-05-03T12:00:00.000+0000,1328143.8313040182,1306717.2442676423,1066159.2062141206
2025-05-03T12:10:00.000+0000,1328105.1583271702,1306717.2442676423,1066234.1468401344
2025-05-03T12:20:00.000+0000,1328092.8532890822,1306717.2442676423,1068158.3449696454
2025-05-03T12:30:00.000+0000,1328099.8847394183,1306717.2442676423,1068507.1840337296
2025-05-03T12:40:00.000+0000,1328085.8218387463,1306717.2442676423,1068993.8634805714
2025-05-03T12:50:00.000+0000,1328080.5482509942,1306717.2442676423,1069543.7388652747
2025-05-03T13:00:00.000+0000,1328085.8218387463,1306717.2442676423,1069668.1133305994
2025-05-03T13:10:00.000+0000,1328091.0954264982,1306717.2442676423,1070645.397136409
2025-05-03T13:20:00.000+0000,1328085.8218387463,1306717.2442676423,1071092.8782130205
2025-05-03T13:30:00.000+0000,1328091.0954264982,1306717.2442676423,1070944.0162501629
2025-05-03T13:40:00.000+0000,1328087.5797013303,1306717.2442676423,1071723.9353566791
2025-05-03T13:50:00.000+0000,1328085.8218387463,1306717.2442676423,1071859.1067913012
2025-05-03T14:00:00.000+0000,1328070.0010754904,1306717.2442676423,1071983.6675290726
2025-05-03T14:10:00.000+0000,1328078.7903884102,1306717.2442676423,1071276.8262883855
2025-05-03T14:20:00.000+0000,1328071.7589380743,1306717.2442676423,1071525.1455735043
2025-05-03T14:30:00.000+0000,1328099.8847394183,1306717.2442676423,1071010.9529382875
2025-05-03T14:40:00.000+0000,1328117.4633652582,1306717.2442676423,1071725.7209035773
2025-05-03T14:50:00.000+0000,1328103.4004645862,1306717.2442676423,1072076.2656541134
2025-05-03T15:00:00.000+0000,1328085.8218387463,1306717.2442676423,1073179.5090072383
2025-05-03T15:10:00.000+0000,1328078.7903884102,1306717.2442676423,1073699.2102862035
2025-05-03T15:20:00.000+0000,1328091.0954264982,1306717.2442676423,1073304.537174461
2025-05-03T15:30:00.000+0000,1328068.2432129062,1306717.2442676423,1073290.2100968824
2025-05-03T15:40:00.000+0000,1328084.0639761623,1306717.2442676423,1073266.95845069
2025-05-03T15:50:00.000+0000,1328101.6426020022,1306717.2442676423,1072213.7206320262
2025-05-03T16:00:00.000+0000,1328150.8627543543,1306717.2442676423,1071280.6201238995
2025-05-03T16:10:00.000+0000,1328175.4728305303,1306717.2442676423,1070707.3832021917
2025-05-03T16:20:00.000+0000,1328173.7149679463,1306717.2442676423,1070370.0923767388
2025-05-03T16:30:00.000+0000,1328201.8407692902,1306717.2442676423,1067747.7768330302
2025-05-03T16:40:00.000+0000,1328331.9226005063,1306717.2442676423,1066808.1049829512
2025-05-03T16:50:00.000+0000,1328393.4477909463,1306717.2442676423,1068026.4045020929
2025-05-03T17:00:00.000+0000,1328432.1207677943,1306717.2442676423,1062606.4580194112
2025-05-03T17:10:00.000+0000,1328472.5516072263,1306717.2442676423,1060610.8978875973
2025-05-03T17:20:00.000+0000,1328432.1207677943,1306717.2442676423,1061063.9894501371
2025-05-03T17:30:00.000+0000,1328425.0893174582,1306717.2442676423,1061480.3433364015
2025-05-03T17:40:00.000+0000,1328432.1207677943,1306717.2442676423,1061777.452953866
2025-05-03T17:50:00.000+0000,1328414.5421419542,1306717.2442676423,1064197.9881424608
2025-05-03T18:00:00.000+0000,1328432.1207677943,1306717.2442676423,1064770.2181162336
2025-05-03T18:10:00.000+0000,1328451.4572562182,1306717.2442676423,1066109.1607137187
2025-05-03T18:20:00.000+0000,1328454.9729813864,1306717.2442676423,1066810.7937665195
2025-05-03T18:30:00.000+0000,1328483.0987827303,1306717.2442676423,1065547.6213151016
2025-05-03T18:40:00.000+0000,1328556.9290112583,1306717.2442676423,1064903.0290893544
2025-05-03T18:50:00.000+0000,1328701.0737431464,1306717.2442676423,1064749.038003123
2025-05-03T19:00:00.000+0000,1328662.4007662982,1306717.2442676423,1065128.825479305
2025-05-03T19:10:00.000+0000,1328620.2120642823,1306717.2442676423,1067033.6164598686
2025-05-03T19:20:00.000+0000,1328597.3598506902,1306717.2442676423,1067302.3541523316
2025-05-03T19:30:00.000+0000,1328597.3598506905,1328597.3598506905,1068531.2362249019
2025-05-03T19:40:00.000+0000,1328597.3598506905,1328597.3598506905,1068975.375611981
2025-05-03T19:50:00.000+0000,1328597.3598506905,1328597.3598506905,1069664.7421294178
2025-05-03T20:00:00.000+0000,1328597.3598506905,1328597.3598506905,1070498.6007864447
2025-05-03T20:10:00.000+0000,1328597.3598506905,1328597.3598506905,1069621.015529678
2025-05-03T20:20:00.000+0000,1328597.3598506905,1328597.3598506905,1069915.2409693454
2025-05-03T20:30:00.000+0000,1328597.3598506905,1328597.3598506905,1069969.2826392532
2025-05-03T20:40:00.000+0000,1328597.3598506905,1328597.3598506905,1069416.2451392007
2025-05-03T20:50:00.000+0000,1328597.3598506905,1328597.3598506905,1070340.6113665465
2025-05-03T21:00:00.000+0000,1328597.3598506905,1328597.3598506905,1068799.630848403
2025-05-03T21:10:00.000+0000,1328597.3598506905,1328597.3598506905,1068951.661624874
2025-05-03T21:20:00.000+0000,1328597.3598506905,1328597.3598506905,1071626.093647632
2025-05-03T21:30:00.000+0000,1328597.3598506905,1328597.3598506905,1071777.21315666
2025-05-03T21:40:00.000+0000,1328597.3598506905,1328597.3598506905,1070979.9889833606
2025-05-03T21:50:00.000+0000,1328597.3598506905,1328597.3598506905,1070615.7001006217
2025-05-03T22:00:00.000+0000,1328597.3598506905,1328597.3598506905,1069725.2321311557
2025-05-03T22:10:00.000+0000,1328597.3598506905,1328597.3598506905,1069775.198531328
2025-05-03T22:20:00.000+0000,1328597.3598506905,1328597.3598506905,1069767.7271721587
2025-05-03T22:30:00.000+0000,1328597.3598506905,1328597.3598506905,1070928.206469349
2025-05-03T22:40:00.000+0000,1328597.3598506905,1328597.3598506905,1071233.0994292875
2025-05-03T22:50:00.000+0000,1328597.3598506905,1328597.3598506905,1070396.2477768026
2025-05-03T23:00:00.000+0000,1328597.3598506905,1328597.3598506905,1069490.7582838442
2025-05-03T23:10:00.000+0000,1328597.3598506905,1328597.3598506905,1069042.0051816977
2025-05-03T23:20:00.000+0000,1328597.3598506905,1328597.3598506905,1066048.0942412275
2025-05-03T23:30:00.000+0000,1328597.3598506905,1328597.3598506905,1065551.5971840345
2025-05-03T23:40:00.000+0000,1328597.3598506905,1328597.3598506905,1066529.2894495744
2025-05-03T23:50:00.000+0000,1328597.3598506905,1328597.3598506905,1065642.1004617503
2025-05-04T00:00:00.000+0000,1328597.3598506905,1328597.3598506905,1065457.524663749
2025-05-04T00:10:00.000+0000,1328597.3598506905,1328597.3598506905,1067155.2421344703
2025-05-04T00:20:00.000+0000,1328597.3598506905,1328597.3598506905,1066350.8609909657
2025-05-04T00:30:00.000+0000,1328597.3598506905,1328597.3598506905,1064512.0413084
2025-05-04T00:40:00.000+0000,1328597.3598506905,1328597.3598506905,1063484.4279208067
2025-05-04T00:50:00.000+0000,1328597.3598506905,1328597.3598506905,1063968.827857603
2025-05-04T01:00:00.000+0000,1328597.3598506905,1328597.3598506905,1064559.0798445237
2025-05-04T01:10:00.000+0000,1328597.3598506905,1328597.3598506905,1066193.912028179
2025-05-04T01:20:00.000+0000,1328597.3598506905,1328597.3598506905,1067331.5039160803
2025-05-04T01:30:00.000+0000,1328597.3598506905,1328597.3598506905,1066087.6742959926
2025-05-04T01:40:00.000+0000,1328597.3598506905,1328597.3598506905,1062016.5038590515
2025-05-04T01:50:00.000+0000,1328597.3598506905,1328597.3598506905,1064349.1460255617
2025-05-04T02:00:00.000+0000,1328597.3598506905,1328597.3598506905,1068485.2601454824
2025-05-04T02:10:00.000+0000,1328597.3598506905,1328597.3598506905,1069833.906724337
2025-05-04T02:20:00.000+0000,1328597.3598506905,1328597.3598506905,1069461.774196894
2025-05-04T02:30:00.000+0000,1328597.3598506905,1328597.3598506905,1065834.1805558049
2025-05-04T02:40:00.000+0000,1328597.3598506905,1328597.3598506905,1064224.7766309157
2025-05-04T02:50:00.000+0000,1328597.3598506905,1328597.3598506905,1064291.8473557464
2025-05-04T03:00:00.000+0000,1328597.3598506905,1328597.3598506905,1061835.8081959148
2025-05-04T03:10:00.000+0000,1328597.3598506905,1328597.3598506905,1061725.1387285038
2025-05-04T03:20:00.000+0000,1328597.3598506905,1328597.3598506905,1062280.8505424466
2025-05-04T03:30:00.000+0000,1328597.3598506905,1328597.3598506905,1063598.8041284462
2025-05-04T03:40:00.000+0000,1328597.3598506905,1328597.3598506905,1063049.7502330237
2025-05-04T03:50:00.000+0000,1328597.3598506905,1328597.3598506905,1062933.5699755629
2025-05-04T04:00:00.000+0000,1328597.3598506905,1328597.3598506905,1062124.106873746
2025-05-04T04:10:00.000+0000,1328597.3598506905,1328597.3598506905,1063434.7826078625
2025-05-04T04:20:00.000+0000,1328597.3598506905,1328597.3598506905,1063432.3063532198
2025-05-04T04:30:00.000+0000,1328597.3598506905,1328597.3598506905,1061414.2919364583
2025-05-04T04:40:00.000+0000,1328597.3598506905,1328597.3598506905,1061359.1776506305
2025-05-04T04:50:00.000+0000,1328597.3598506905,1328597.3598506905,1061169.5113269687
2025-05-04T05:00:00.000+0000,1328597.3598506905,1328597.3598506905,1062456.9469423345
2025-05-04T05:10:00.000+0000,1328597.3598506905,1328597.3598506905,1063377.8288939523
2025-05-04T05:20:00.000+0000,1328597.3598506905,1328597.3598506905,1064500.3504835728
2025-05-04T05:30:00.000+0000,1328597.3598506905,1328597.3598506905,1066169.35778951
2025-05-04T05:40:00.000+0000,1328597.3598506905,1328597.3598506905,1066212.26397312
2025-05-04T05:50:00.000+0000,1328597.3598506905,1328597.3598506905,1067692.549454797
2025-05-04T06:00:00.000+0000,1328597.3598506905,1328597.3598506905,1066897.3282043587
2025-05-04T06:10:00.000+0000,1328597.3598506905,1328597.3598506905,1065973.8030245085
2025-05-04T06:20:00.000+0000,1328597.3598506905,1328597.3598506905,1064859.8329220333
2025-05-04T06:30:00.000+0000,1328597.3598506905,1328597.3598506905,1064673.2992377894
2025-05-04T06:40:00.000+0000,1328597.3598506905,1328597.3598506905,1064674.0665865273
2025-05-04T06:50:00.000+0000,1328597.3598506905,1328597.3598506905,1065330.8725396045
2025-05-04T07:00:00.000+0000,1328597.3598506905,1328597.3598506905,1064391.0310330587
2025-05-04T07:10:00.000+0000,1328597.3598506905,1328597.3598506905,1064606.8540892939
2025-05-04T07:20:00.000+0000,1328597.3598506905,1328597.3598506905,1064226.0612570443
2025-05-04T07:30:00.000+0000,1328597.3598506905,1328597.3598506905,1062676.615828324
2025-05-04T07:40:00.000+0000,1328597.3598506905,1328597.3598506905,1062689.8394636835
2025-05-04T07:50:00.000+0000,1328597.3598506905,1328597.3598506905,1063303.8011451075
2025-05-04T08:00:00.000+0000,1328597.3598506905,1328597.3598506905,1064225.5777481885
2025-05-04T08:10:00.000+0000,1328597.3598506905,1328597.3598506905,1063446.366484113
2025-05-04T08:20:00.000+0000,1328597.3598506905,1328597.3598506905,1062102.4207513288
2025-05-04T08:30:00.000+0000,1328597.3598506905,1328597.3598506905,1061838.8692828768
2025-05-04T08:40:00.000+0000,1328597.3598506905,1328597.3598506905,1060218.5185497967
2025-05-04T08:50:00.000+0000,1328597.3598506905,1328597.3598506905,1060980.7042943672
2025-05-04T09:00:00.000+0000,1328597.3598506905,1328597.3598506905,1059320.6143222055
2025-05-04T09:10:00.000+0000,1328597.3598506905,1328597.3598506905,1058874.6089733485
2025-05-04T09:20:00.000+0000,1328597.3598506905,1328597.3598506905,1057940.0544598429
2025-05-04T09:30:00.000+0000,1328597.3598506905,1328597.3598506905,1057914.9558735115
2025-05-04T09:40:00.000+0000,1328597.3598506905,1328597.3598506905,1058682.093590792
2025-05-04T09:50:00.000+0000,1328597.3598506905,1328597.3598506905,1058704.9357041041
2025-05-04T10:00:00.000+0000,1328597.3598506905,1328597.3598506905,1058381.369711997
2025-05-04T10:10:00.000+0000,1328597.3598506905,1328597.3598506905,1057092.2158274443
2025-05-04T10:20:00.000+0000,1328597.3598506905,1328597.3598506905,1057650.4489147903
2025-05-04T10:30:00.000+0000,1328597.3598506905,1328597.3598506905,1059328.3258528647
2025-05-04T10:40:00.000+0000,1328597.3598506905,1328597.3598506905,1059251.9751670817
2025-05-04T10:50:00.000+0000,1328597.3598506905,1328597.3598506905,1059316.9928438948
2025-05-04T11:00:00.000+0000,1328597.3598506905,1328597.3598506905,1059470.5363361074
2025-05-04T11:10:00.000+0000,1328597.3598506905,1328597.3598506905,1061606.6776463469
2025-05-04T11:20:00.000+0000,1328597.3598506905,1328597.3598506905,1061495.1971439468
2025-05-04T11:30:00.000+0000,1328597.3598506905,1328597.3598506905,1060668.7546323957
2025-05-04T11:40:00.000+0000,1328597.3598506905,1328597.3598506905,1060567.3377963072
2025-05-04T11:50:00.000+0000,1328597.3598506905,1328597.3598506905,1059253.6851461374
2025-05-04T12:00:00.000+0000,1328597.3598506905,1328597.3598506905,1060209.7333657844
2025-05-04T12:10:00.000+0000,1328597.3598506905,1328597.3598506905,1060771.4670854798
2025-05-04T12:20:00.000+0000,1328597.3598506905,1328597.3598506905,1060731.3949545105
2025-05-04T12:30:00.000+0000,1328597.3598506905,1328597.3598506905,1060923.7200492339
2025-05-04T12:40:00.000+0000,1328597.3598506905,1328597.3598506905,1061461.6221195962
2025-05-04T12:50:00.000+0000,1328597.3598506905,1328597.3598506905,1060979.7560567958
2025-05-04T13:00:00.000+0000,1328597.3598506905,1328597.3598506905,1061353.0783258094
2025-05-04T13:10:00.000+0000,1328597.3598506905,1328597.3598506905,1058940.90405931
2025-05-04T13:20:00.000+0000,1328597.3598506905,1328597.3598506905,1058870.7398472093
2025-05-04T13:30:00.000+0000,1328597.3598506905,1328597.3598506905,1058851.9571835871
2025-05-04T13:40:00.000+0000,1328597.3598506905,1328597.3598506905,1057427.3552593691
2025-05-04T13:50:00.000+0000,1328597.3598506905,1328597.3598506905,1059368.0525092117
2025-05-04T14:00:00.000+0000,1328597.3598506905,1328597.3598506905,1059370.8128630947
2025-05-04T14:10:00.000+0000,1328597.3598506905,1328597.3598506905,1060751.3314448665
2025-05-04T14:20:00.000+0000,1328597.3598506905,1328597.3598506905,1061995.1516838137
2025-05-04T14:30:00.000+0000,1328597.3598506905,1328597.3598506905,1062322.3359704963
2025-05-04T14:40:00.000+0000,1328597.3598506905,1328597.3598506905,1062962.8188986143
2025-05-04T14:50:00.000+0000,1328597.3598506905,1328597.3598506905,1063666.7419157522
2025-05-04T15:00:00.000+0000,1328597.3598506905,1328597.3598506905,1064582.4395303023
2025-05-04T15:10:00.000+0000,1328597.3598506905,1328597.3598506905,1064853.2972712773
2025-05-04T15:20:00.000+0000,1328597.3598506905,1328597.3598506905,1063926.440060252
2025-05-04T15:30:00.000+0000,1328597.3598506905,1328597.3598506905,1063544.774558274
2025-05-04T15:40:00.000+0000,1328597.3598506905,1328597.3598506905,1062266.9317009572
2025-05-04T15:50:00.000+0000,1328597.3598506905,1328597.3598506905,1064060.573461282
2025-05-04T16:00:00.000+0000,1328597.3598506905,1328597.3598506905,1064836.112567456
2025-05-04T16:10:00.000+0000,1328597.3598506905,1328597.3598506905,1062782.9091049975
2025-05-04T16:20:00.000+0000,1328597.3598506905,1328597.3598506905,1063908.2156952536
2025-05-04T16:30:00.000+0000,1328597.3598506905,1328597.3598506905,1063015.5722042243
2025-05-04T16:40:00.000+0000,1328597.3598506905,1328597.3598506905,1061737.271835172
2025-05-04T16:50:00.000+0000,1328597.3598506905,1328597.3598506905,1061756.6760418836
2025-05-04T17:00:00.000+0000,1328597.3598506905,1328597.3598506905,1063222.8335962393
2025-05-04T17:10:00.000+0000,1328597.3598506905,1328597.3598506905,1063915.2397376206
2025-05-04T17:20:00.000+0000,1328597.3598506905,1328597.3598506905,1062415.287117933
2025-05-04T17:30:00.000+0000,1328597.3598506905,1328597.3598506905,1061192.5459458504
2025-05-04T17:40:00.000+0000,1328597.3598506905,1328597.3598506905,1062330.2147519623
2025-05-04T17:50:00.000+0000,1328597.3598506905,1328597.3598506905,1064127.7824797048
2025-05-04T18:00:00.000+0000,1328597.3598506905,1328597.3598506905,1064495.7566575138
2025-05-04T18:10:00.000+0000,1328597.3598506905,1328597.3598506905,1064170.205431676
2025-05-04T18:20:00.000+0000,1328597.3598506905,1328597.3598506905,1065045.611670209
2025-05-04T18:30:00.000+0000,1328597.3598506905,1328597.3598506905,1064059.8798291606
2025-05-04T18:40:00.000+0000,1328597.3598506905,1328597.3598506905,1063252.6112884067
2025-05-04T18:50:00.000+0000,1328597.3598506905,1328597.3598506905,1062426.0854197396
2025-05-04T19:00:00.000+0000,1328597.3598506905,1328597.3598506905,1061158.878979177
2025-05-04T19:10:00.000+0000,1328597.3598506905,1328597.3598506905,1061139.8009482303
2025-05-04T19:20:00.000+0000,1328597.3598506905,1328597.3598506905,1061447.0042445133
2025-05-04T19:30:00.000+0000,1328597.3598506905,1328597.3598506905,1062428.9175854372
2025-05-04T19:40:00.000+0000,1328597.3598506905,1328597.3598506905,1063068.2903552135
2025-05-04T19:50:00.000+0000,1328597.3598506905,1328597.3598506905,1062218.0443377513
2025-05-04T20:00:00.000+0000,1328597.3598506905,1328597.3598506905,1062803.6088929875
2025-05-04T20:10:00.000+0000,1328597.3598506905,1328597.3598506905,1062983.1753761426
2025-05-04T20:20:00.000+0000,1328597.3598506905,1328597.3598506905,1064395.0087710763
2025-05-04T20:30:00.000+0000,1328597.3598506905,1328597.3598506905,1065858.6742686024
2025-05-04T20:40:00.000+0000,1328597.3598506905,1328597.3598506905,1065992.2804566664
2025-05-04T20:50:00.000+0000,1328597.3598506905,1328597.3598506905,1066121.0204526554
2025-05-04T21:00:00.000+0000,1328597.3598506905,1328597.3598506905,1065093.8943299458
2025-05-04T21:10:00.000+0000,1328597.3598506905,1328597.3598506905,1064144.2829146865
2025-05-04T21:20:00.000+0000,1328597.3598506905,1328597.3598506905,1064895.714580277
2025-05-04T21:30:00.000+0000,1328597.3598506905,1328597.3598506905,1065200.7088458198
2025-05-04T21:40:00.000+0000,1328597.3598506905,1328597.3598506905,1065927.9942137545
2025-05-04T21:50:00.000+0000,1328597.3598506905,1328597.3598506905,1066163.984532836
2025-05-04T22:00:00.000+0000,1328597.3598506905,1328597.3598506905,1060719.7746625654
2025-05-04T22:10:00.000+0000,1328597.3598506905,1328597.3598506905,1060290.2231380623
2025-05-04T22:20:00.000+0000,1328597.3598506905,1328597.3598506905,1060005.8941138994
2025-05-04T22:30:00.000+0000,1328597.3598506905,1328597.3598506905,1054959.7464693242
2025-05-04T22:40:00.000+0000,1328597.3598506905,1328597.3598506905,1054276.0635999981
2025-05-04T22:50:00.000+0000,1328597.3598506905,1328597.3598506905,1054888.4927302483
2025-05-04T23:00:00.000+0000,1328597.3598506905,1328597.3598506905,1052466.971502302
2025-05-04T23:10:00.000+0000,1328597.3598506905,1328597.3598506905,1052052.4195195572
2025-05-04T23:20:00.000+0000,1328597.3598506905,1328597.3598506905,1049196.607618399
2025-05-04T23:30:00.000+0000,1328597.3598506905,1328597.3598506905,1047521.6001290856
2025-05-04T23:40:00.000+0000,1328597.3598506905,1328597.3598506905,1046673.6566944129
2025-05-04T23:50:00.000+0000,1328597.3598506905,1328597.3598506905,1047885.3711978584
2025-05-05T00:00:00.000+0000,1328597.3598506905,1328597.3598506905,1047311.5087176748
2025-05-05T00:10:00.000+0000,1328597.3598506905,1328597.3598506905,1048888.292849124
2025-05-05T00:20:00.000+0000,1328597.3598506905,1328597.3598506905,1051309.8725102164
2025-05-05T00:30:00.000+0000,1328597.3598506905,1328597.3598506905,1053531.672333396
2025-05-05T00:40:00.000+0000,1328597.3598506905,1328597.3598506905,1053025.8352545197
2025-05-05T00:50:00.000+0000,1328597.3598506905,1328597.3598506905,1054401.695639039
2025-05-05T01:00:00.000+0000,1328597.3598506905,1328597.3598506905,1051471.0436215382
2025-05-05T01:10:00.000+0000,1328597.3598506905,1328597.3598506905,1048476.1061570593
2025-05-05T01:20:00.000+0000,1328597.3598506905,1328597.3598506905,1047519.5693400193
2025-05-05T01:30:00.000+0000,1328597.3598506905,1328597.3598506905,1040924.8063233526
2025-05-05T01:40:00.000+0000,1328597.3598506905,1328597.3598506905,1041166.2891889189
2025-05-05T01:50:00.000+0000,1328597.3598506905,1328597.3598506905,1041238.2888137156
2025-05-05T02:00:00.000+0000,1328597.3598506905,1328597.3598506905,1038244.2647808403
2025-05-05T02:10:00.000+0000,1328597.3598506905,1328597.3598506905,1040475.9913092488
2025-05-05T02:20:00.000+0000,1328597.3598506905,1328597.3598506905,1047295.9709899423
2025-05-05T02:30:00.000+0000,1328597.3598506905,1328597.3598506905,1048129.5878836119
2025-05-05T02:40:00.000+0000,1328597.3598506905,1328597.3598506905,1048367.6489398413
2025-05-05T02:50:00.000+0000,1328597.3598506905,1328597.3598506905,1048675.0741640492
2025-05-05T03:00:00.000+0000,1328597.3598506905,1328597.3598506905,1047340.3781024932
2025-05-05T03:10:00.000+0000,1328597.3598506905,1328597.3598506905,1046126.2133415258
2025-05-05T03:20:00.000+0000,1328597.3598506905,1328597.3598506905,1046697.1897748276
2025-05-05T03:30:00.000+0000,1328597.3598506905,1328597.3598506905,1047061.9227727749
2025-05-05T03:40:00.000+0000,1328597.3598506905,1328597.3598506905,1047765.0682641002
2025-05-05T03:50:00.000+0000,1328597.3598506905,1328597.3598506905,1047583.184209761
2025-05-05T04:00:00.000+0000,1328597.3598506905,1328597.3598506905,1047880.5264688006
2025-05-05T04:10:00.000+0000,1328597.3598506905,1328597.3598506905,1047638.4228560783
2025-05-05T04:20:00.000+0000,1328597.3598506905,1328597.3598506905,1050833.7590186822
2025-05-05T04:30:00.000+0000,1328597.3598506905,1328597.3598506905,1052282.71147935
2025-05-05T04:40:00.000+0000,1328597.3598506905,1328597.3598506905,1053434.5425357528
2025-05-05T04:50:00.000+0000,1328597.3598506905,1328597.3598506905,1053509.7943312782
2025-05-05T05:00:00.000+0000,1328597.3598506905,1328597.3598506905,1053990.4106096355
2025-05-05T05:10:00.000+0000,1328597.3598506905,1328597.3598506905,1052806.3800241828
2025-05-05T05:20:00.000+0000,1328597.3598506905,1328597.3598506905,1054279.0011759805
2025-05-05T05:30:00.000+0000,1328597.3598506905,1328597.3598506905,1054101.1071473178
2025-05-05T05:40:00.000+0000,1328597.3598506905,1328597.3598506905,1055312.4316760977
2025-05-05T05:50:00.000+0000,1328597.3598506905,1328597.3598506905,1056450.9286697537
2025-05-05T06:00:00.000+0000,1328597.3598506905,1328597.3598506905,1057830.4325321764
2025-05-05T06:10:00.000+0000,1328597.3598506905,1328597.3598506905,1057247.7904752344
2025-05-05T06:20:00.000+0000,1328597.3598506905,1328597.3598506905,1057764.0549207504
2025-05-05T06:30:00.000+0000,1328597.3598506905,1328597.3598506905,1058149.0551546393
2025-05-05T06:40:00.000+0000,1328597.3598506905,1328597.3598506905,1058697.8898050142
2025-05-05T06:50:00.000+0000,1328597.3598506905,1328597.3598506905,1058852.622502222
2025-05-05T07:00:00.000+0000,1328597.3598506905,1328597.3598506905,1058044.1829821786
2025-05-05T07:10:00.000+0000,1328597.3598506905,1328597.3598506905,1058232.2843364994
2025-05-05T07:20:00.000+0000,1328597.3598506905,1328597.3598506905,1059211.7849623226
2025-05-05T07:30:00.000+0000,1328597.3598506905,1328597.3598506905,1059754.4444070994
2025-05-05T07:40:00.000+0000,1328597.3598506905,1328597.3598506905,1060223.5135199763
2025-05-05T07:50:00.000+0000,1328597.3598506905,1328597.3598506905,1060218.1758652045
2025-05-05T08:00:00.000+0000,1328597.3598506905,1328597.3598506905,1059643.3254587257
2025-05-05T08:10:00.000+0000,1328597.3598506905,1328597.3598506905,1059287.3532752553
2025-05-05T08:20:00.000+0000,1328597.3598506905,1328597.3598506905,1059148.4869050642
2025-05-05T08:30:00.000+0000,1328597.3598506905,1328597.3598506905,1058750.2933433987
2025-05-05T08:40:00.000+0000,1328597.3598506905,1328597.3598506905,1060175.529947875
2025-05-05T08:50:00.000+0000,1328597.3598506905,1328597.3598506905,1059136.7955615206
2025-05-05T09:00:00.000+0000,1328597.3598506905,1328597.3598506905,1059149.448038305
2025-05-05T09:10:00.000+0000,1328597.3598506905,1328597.3598506905,1058762.7804563195
2025-05-05T09:20:00.000+0000,1328597.3598506905,1328597.3598506905,1059015.8839267655
2025-05-05T09:30:00.000+0000,1328597.3598506905,1328597.3598506905,1059404.299271728
2025-05-05T09:40:00.000+0000,1328597.3598506905,1328597.3598506905,1058981.6535907905
2025-05-05T09:50:00.000+0000,1328597.3598506905,1328597.3598506905,1057707.5959837805
2025-05-05T10:00:00.000+0000,1328597.3598506905,1328597.3598506905,1055683.6052344607
2025-05-05T10:10:00.000+0000,1328597.3598506905,1328597.3598506905,1054109.8631326158
2025-05-05T10:20:00.000+0000,1328597.3598506905,1328597.3598506905,1052420.0820269964
2025-05-05T10:30:00.000+0000,1328597.3598506905,1328597.3598506905,1048889.2719487124
2025-05-05T10:40:00.000+0000,1328597.3598506905,1328597.3598506905,1046051.3185480647
2025-05-05T10:50:00.000+0000,1328597.3598506905,1328597.3598506905,1046509.4258643561
2025-05-05T11:00:00.000+0000,1328597.3598506905,1328597.3598506905,1047844.4325767071
2025-05-05T11:10:00.000+0000,1328597.3598506905,1328597.3598506905,1048956.4702356267
2025-05-05T11:20:00.000+0000,1328597.3598506905,1328597.3598506905,1046117.3222820882
2025-05-05T11:30:00.000+0000,1328597.3598506905,1328597.3598506905,1044468.4656230179
2025-05-05T11:40:00.000+0000,1328597.3598506905,1328597.3598506905,1044911.6446906487
2025-05-05T11:50:00.000+0000,1328597.3598506905,1328597.3598506905,1047366.0438320132
2025-05-05T12:00:00.000+0000,1328597.3598506905,1328597.3598506905,1045772.9114744179
2025-05-05T12:10:00.000+0000,1328597.3598506905,1328597.3598506905,1048751.1589762978
2025-05-05T12:20:00.000+0000,1328597.3598506905,1328597.3598506905,1048621.439362004
2025-05-05T12:30:00.000+0000,1328597.3598506905,1328597.3598506905,1049609.612875368
2025-05-05T12:40:00.000+0000,1328597.3598506905,1328597.3598506905,1048833.6486756252
2025-05-05T12:50:00.000+0000,1328597.3598506905,1328597.3598506905,1048206.1385155858
2025-05-05T13:00:00.000+0000,1328597.3598506905,1328597.3598506905,1047255.8082670185
2025-05-05T13:10:00.000+0000,1328597.3598506905,1328597.3598506905,1047168.8887015509
2025-05-05T13:20:00.000+0000,1328597.3598506905,1328597.3598506905,1046774.5656342513
2025-05-05T13:30:00.000+0000,1328597.3598506905,1328597.3598506905,1044531.4069375703
2025-05-05T13:40:00.000+0000,1328597.3598506905,1328597.3598506905,1043170.7835655634
2025-05-05T13:50:00.000+0000,1328597.3598506905,1328597.3598506905,1044422.8066154397
2025-05-05T14:00:00.000+0000,1328597.3598506905,1328597.3598506905,1049127.4321642448
2025-05-05T14:10:00.000+0000,1328299.9505282906,1236288.2158506906,1048184.2792757491
2025-05-05T14:20:00.000+0000,1328204.1382394906,1236288.2158506906,1046640.0366870195
2025-05-05T14:30:00.000+0000,1328491.5751058906,1236288.2158506906,1045886.7302150856
2025-05-05T14:40:00.000+0000,1328140.2633802907,1236288.2158506906,1049140.7206716556
2025-05-05T14:50:00.000+0000,1328172.2008098906,1236288.2158506906,1047309.4503574793
2025-05-05T15:00:00.000+0000,1328299.9505282906,1236288.2158506906,1045664.0083086244
2025-05-05T15:10:00.000+0000,1328587.3873946907,1236288.2158506906,1045562.7453089571
2025-05-05T15:20:00.000+0000,1328299.9505282906,1236288.2158506906,1047105.5395174206
2025-05-05T15:30:00.000+0000,1328906.7616906906,1236288.2158506906,1046574.040205694
2025-05-05T15:40:00.000+0000,1329002.5739794907,1236288.2158506906,1042018.5108353301
2025-05-05T15:50:00.000+0000,1329417.7605642907,1236288.2158506906,1043218.0381451412
2025-05-05T16:00:00.000+0000,1328906.7616906906,1236288.2158506906,1044764.4967400916
2025-05-05T16:10:00.000+0000,1328779.0119722907,1236288.2158506906,1046530.2181669617
2025-05-05T16:20:00.000+0000,1328651.2622538905,1236288.2158506906,1050632.2287527742
2025-05-05T16:30:00.000+0000,1328299.9505282906,1236288.2158506906,1050675.9239896392
2025-05-05T16:40:00.000+0000,1327980.5762322906,1236288.2158506906,1051007.2760070972
2025-05-05T16:50:00.000+0000,1328331.8879578905,1236288.2158506906,1050237.3551582654
2025-05-05T17:00:00.000+0000,1328299.9505282906,1236288.2158506906,1049910.7621249487
2025-05-05T17:10:00.000+0000,1328523.5125354906,1236288.2158506906,1049064.158252881
2025-05-05T17:20:00.000+0000,1328012.5136618905,1236288.2158506906,1051379.8027839507
2025-05-05T17:30:00.000+0000,1327437.6399290906,1236288.2158506906,1053032.8826468477
2025-05-05T17:40:00.000+0000,1327373.7650698905,1236288.2158506906,1054361.7902580188
2025-05-05T17:50:00.000+0000,1327054.3907738905,1236288.2158506906,1054646.836505763
2025-05-05T18:00:00.000+0000,1326415.6421818906,1236288.2158506906,1054193.7921082852
2025-05-05T18:10:00.000+0000,1326000.4555970905,1236288.2158506906,1056154.3089821914
2025-05-05T18:20:00.000+0000,1325872.7058786906,1236288.2158506906,1055644.5703232917
2025-05-05T18:30:00.000+0000,1324818.7707018906,1236288.2158506906,1056372.2424464393
2025-05-05T18:40:00.000+0000,1323732.8980954906,1236288.2158506906,1060347.315199141
2025-05-05T18:50:00.000+0000,1324595.2086946906,1236288.2158506906,1059321.1352034188
2025-05-05T19:00:00.000+0000,1323956.4601026906,1236288.2158506906,1059546.05651798
2025-05-05T19:10:00.000+0000,1323669.0232362906,1236288.2158506906,1060516.6521155457
2025-05-05T19:20:00.000+0000,1324371.6466874906,1236288.2158506906,1059059.6893138005
2025-05-05T19:30:00.000+0000,1324946.5204202905,1236288.2158506906,1057657.0871050307
2025-05-05T19:40:00.000+0000,1325776.8935898906,1236288.2158506906,1057505.0022058762
2025-05-05T19:50:00.000+0000,1326128.2053154907,1236288.2158506906,1056241.9273218936
2025-05-05T20:00:00.000+0000,1326064.3304562906,1236288.2158506906,1054797.2672297074
2025-05-05T20:10:00.000+0000,1326319.8298930905,1236288.2158506906,1054853.005464285
2025-05-05T20:20:00.000+0000,1326575.3293298907,1236288.2158506906,1054037.4167454513
2025-05-05T20:30:00.000+0000,1326926.6410554906,1236288.2158506906,1048622.7596793287
2025-05-05T20:40:00.000+0000,1327405.7024994907,1236288.2158506906,1049473.5516363203
2025-05-05T20:50:00.000+0000,1326894.7036258907,1236288.2158506906,1051578.5542287698
2025-05-05T21:00:00.000+0000,1326383.7047522906,1236288.2158506906,1052758.9314186028
2025-05-05T21:10:00.000+0000,1326128.2053154907,1236288.2158506906,1055637.427304048
2025-05-05T21:20:00.000+0000,1326096.2678858906,1236288.2158506906,1056990.4461118304
2025-05-05T21:30:00.000+0000,1326319.8298930905,1236288.2158506906,1054440.3154100734
2025-05-05T21:40:00.000+0000,1326575.3293298907,1236288.2158506906,1056528.9097335045
2025-05-05T21:50:00.000+0000,1326255.9550338907,1236288.2158506906,1058293.8348722807
2025-05-05T22:00:00.000+0000,1326479.5170410906,1236288.2158506906,1058820.6842768856
2025-05-05T22:10:00.000+0000,1326096.2678858906,1236288.2158506906,1059567.0238070895
2025-05-05T22:20:00.000+0000,1326192.0801746906,1236288.2158506906,1060324.2975270322
2025-05-05T22:30:00.000+0000,1325808.8310194905,1236288.2158506906,1061538.8895100113
2025-05-05T22:40:00.000+0000,1325776.8935898906,1236288.2158506906,1063281.4611507275
2025-05-05T22:50:00.000+0000,1326096.2678858906,1236288.2158506906,1062974.2165738535
2025-05-05T23:00:00.000+0000,1326255.9550338907,1236288.2158506906,1063012.3262487599
2025-05-05T23:10:00.000+0000,1326224.0176042905,1236288.2158506906,1063308.7789448737
2025-05-05T23:20:00.000+0000,1326319.8298930905,1236288.2158506906,1061934.6834937453
2025-05-05T23:30:00.000+0000,1327150.2030626906,1236288.2158506906,1061244.9618433286
2025-05-05T23:40:00.000+0000,1327246.0153514906,1236288.2158506906,1060002.4980601836
2025-05-05T23:50:00.000+0000,1326798.8913370906,1236288.2158506906,1058890.2781442036
2025-05-06T00:00:00.000+0000,1326255.9550338907,1236288.2158506906,1057525.238579801
2025-05-06T00:10:00.000+0000,1325425.5818642906,1236288.2158506906,1056118.1175405213
2025-05-06T00:20:00.000+0000,1325170.0824274905,1236288.2158506906,1055878.0803723438
2025-05-06T00:30:00.000+0000,1325074.2701386907,1236288.2158506906,1055753.2896758746
2025-05-06T00:40:00.000+0000,1325425.5818642906,1236288.2158506906,1054334.4164363868
2025-05-06T00:50:00.000+0000,1325361.7070050905,1236288.2158506906,1054586.8225186837
2025-05-06T01:00:00.000+0000,1324850.7081314905,1236288.2158506906,1054220.3591696732
2025-05-06T01:10:00.000+0000,1323764.8355250906,1236288.2158506906,1055835.7544512325
2025-05-06T01:20:00.000+0000,1323828.7103842907,1236288.2158506906,1057009.981341578
2025-05-06T01:30:00.000+0000,1324531.3338354905,1236288.2158506906,1052649.544672518
2025-05-06T01:40:00.000+0000,1324595.2086946906,1236288.2158506906,1050367.7094171003
2025-05-06T01:50:00.000+0000,1323988.3975322905,1236288.2158506906,1049874.682148099
2025-05-06T02:00:00.000+0000,1323541.2735178906,1236288.2158506906,1049039.533776406
2025-05-06T02:10:00.000+0000,1324084.2098210906,1236288.2158506906,1047292.9635248064
2025-05-06T02:20:00.000+0000,1324243.8969690907,1236288.2158506906,1044907.8698589159
2025-05-06T02:30:00.000+0000,1323700.9606658907,1236288.2158506906,1044950.8119573626
2025-05-06T02:40:00.000+0000,1323573.2109474905,1236288.2158506906,1046510.9399126072
2025-05-06T02:50:00.000+0000,1323062.2120738905,1236288.2158506906,1048140.3813740985
2025-05-06T03:00:00.000+0000,1323030.2746442906,1236288.2158506906,1047673.7994888725
2025-05-06T03:10:00.000+0000,1323988.3975322905,1236288.2158506906,1047279.3981529942
2025-05-06T03:20:00.000+0000,1324595.2086946906,1236288.2158506906,1047595.5136945152
2025-05-06T03:30:00.000+0000,1324595.2086946906,1236288.2158506906,1049674.5380554239
2025-05-06T03:40:00.000+0000,1324435.5215466907,1236288.2158506906,1049650.4638467997
2025-05-06T03:50:00.000+0000,1324786.8332722906,1236288.2158506906,1050445.2348203417
2025-05-06T04:00:00.000+0000,1324371.6466874906,1236288.2158506906,1049093.6252763942
2025-05-06T04:10:00.000+0000,1323956.4601026906,1236288.2158506906,1049253.1633268709
2025-05-06T04:20:00.000+0000,1324339.7092578907,1236288.2158506906,1051138.1821077913
2025-05-06T04:30:00.000+0000,1324020.3349618907,1236288.2158506906,1051160.102758727
2025-05-06T04:40:00.000+0000,1324180.0221098906,1236288.2158506906,1050537.4293148313
2025-05-06T04:50:00.000+0000,1324275.8343986906,1236288.2158506906,1051630.8593323498
2025-05-06T05:00:00.000+0000,1324339.7092578907,1236288.2158506906,1051003.1500399122
2025-05-06T05:10:00.000+0000,1324691.0209834906,1236288.2158506906,1050333.4938101615
2025-05-06T05:20:00.000+0000,1324914.5829906906,1236288.2158506906,1049122.530835408
2025-05-06T05:30:00.000+0000,1325202.0198570907,1236288.2158506906,1048440.5300789323
2025-05-06T05:40:00.000+0000,1325393.6444346907,1236288.2158506906,1048851.6216367674
2025-05-06T05:50:00.000+0000,1325840.7684490907,1236288.2158506906,1047962.0260776725
2025-05-06T06:00:00.000+0000,1325202.0198570907,1236288.2158506906,1048829.733681216
2025-05-06T06:10:00.000+0000,1325393.6444346907,1236288.2158506906,1049925.2234450155
2025-05-06T06:20:00.000+0000,1325713.0187306907,1236288.2158506906,1050387.3272258884
2025-05-06T06:30:00.000+0000,1325617.2064418907,1236288.2158506906,1049640.2391092281
2025-05-06T06:40:00.000+0000,1325744.9561602906,1236288.2158506906,1050984.1427833466
2025-05-06T06:50:00.000+0000,1325649.1438714906,1236288.2158506906,1051234.6327787088
2025-05-06T07:00:00.000+0000,1325425.5818642906,1236288.2158506906,1052677.2674475834
2025-05-06T07:10:00.000+0000,1325457.5192938906,1236288.2158506906,1051794.7291628148
2025-05-06T07:20:00.000+0000,1326064.3304562906,1236288.2158506906,1051731.0816155476
2025-05-06T07:30:00.000+0000,1326128.2053154907,1236288.2158506906,1050611.4192797546
2025-05-06T07:40:00.000+0000,1326766.9539074907,1236288.2158506906,1050699.2997012455
2025-05-06T07:50:00.000+0000,1326766.9539074907,1236288.2158506906,1051474.2563986194
2025-05-06T08:00:00.000+0000,1326862.7661962905,1236288.2158506906,1049651.6761245385
2025-05-06T08:10:00.000+0000,1327629.2645066907,1236288.2158506906,1045679.6060077942
2025-05-06T08:20:00.000+0000,1328363.8253874907,1236288.2158506906,1044144.1606670946
2025-05-06T08:30:00.000+0000,1328140.2633802907,1236288.2158506906,1046042.0747613074
2025-05-06T08:40:00.000+0000,1327884.7639434906,1236288.2158506906,1046777.4230011355
2025-05-06T08:50:00.000+0000,1327693.1393658905,1236288.2158506906,1047813.637446596
2025-05-06T09:00:00.000+0000,1327788.9516546906,1236288.2158506906,1047445.3957855265
2025-05-06T09:10:00.000+0000,1327884.7639434906,1236288.2158506906,1046224.0346607063
2025-05-06T09:20:00.000+0000,1328044.4510914907,1236288.2158506906,1045818.8623526511
2025-05-06T09:30:00.000+0000,1328044.4510914907,1236288.2158506906,1045615.1125838524
2025-05-06T09:40:00.000+0000,1328331.8879578905,1236288.2158506906,1044315.989363112
2025-05-06T09:50:00.000+0000,1328906.7616906906,1236288.2158506906,1045688.8278128172
2025-05-06T10:00:00.000+0000,1329385.8231346905,1236288.2158506906,1046248.7526535126
2025-05-06T10:10:00.000+0000,1330120.3840154905,1236288.2158506906,1044951.2035238957
2025-05-06T10:20:00.000+0000,1329992.6342970906,1236288.2158506906,1045503.7826984206
2025-05-06T10:30:00.000+0000,1329769.0722898906,1236288.2158506906,1045008.9468276363
2025-05-06T10:40:00.000+0000,1329481.6354234905,1236288.2158506906,1040354.6149100604
2025-05-06T10:50:00.000+0000,1329130.3236978906,1236288.2158506906,1040176.0776337911
2025-05-06T11:00:00.000+0000,1328523.5125354906,1236288.2158506906,1041088.3502016931
2025-05-06T11:10:00.000+0000,1328587.3873946907,1236288.2158506906,1041991.9329888574
2025-05-06T11:20:00.000+0000,1328523.5125354906,1236288.2158506906,1039555.6100011831
2025-05-06T11:30:00.000+0000,1329896.8220082906,1236288.2158506906,1037031.1018435527
2025-05-06T11:40:00.000+0000,1330088.4465858906,1236288.2158506906,1036755.9364684841
2025-05-06T11:50:00.000+0000,1330152.3214450907,1236288.2158506906,1033178.1352784967
2025-05-06T12:00:00.000+0000,1329002.5739794907,1236288.2158506906,1035888.8742588491
2025-05-06T12:10:00.000+0000,1328970.6365498905,1236288.2158506906,1037082.7704513657
2025-05-06T12:20:00.000+0000,1329162.2611274906,1236288.2158506906,1036230.7286920722
2025-05-06T12:30:00.000+0000,1329801.0097194905,1236288.2158506906,1037065.4538571403
2025-05-06T12:40:00.000+0000,1330503.6331706906,1236288.2158506906,1037513.786158322
2025-05-06T12:50:00.000+0000,1330503.6331706906,1236288.2158506906,1038698.7843159206
2025-05-06T13:00:00.000+0000,1331653.3806362906,1236288.2158506906,1034444.2653471113
2025-05-06T13:10:00.000+0000,1333346.0644050906,1236288.2158506906,1034203.2297983471
2025-05-06T13:20:00.000+0000,1333505.7515530905,1236288.2158506906,1032848.6679850986
2025-05-06T13:30:00.000+0000,1333665.4387010906,1236288.2158506906,1032981.1629595289
2025-05-06T13:40:00.000+0000,1333409.9392642905,1236288.2158506906,1032985.9120259534
2025-05-06T13:50:00.000+0000,1333984.8129970906,1236288.2158506906,1029902.8443637126
2025-05-06T14:00:00.000+0000,1332962.8152498906,1236288.2158506906,1034005.5298015061
2025-05-06T14:10:00.000+0000,1332675.3783834907,1236288.2158506906,1037708.3974613543
2025-05-06T14:20:00.000+0000,1332483.7538058907,1236288.2158506906,1040847.7442448828
2025-05-06T14:30:00.000+0000,1332547.6286650905,1236288.2158506906,1040088.353955239
2025-05-06T14:40:00.000+0000,1333186.3772570905,1236288.2158506906,1038737.7033803719
2025-05-06T14:50:00.000+0000,1333473.8141234906,1236288.2158506906,1037213.7615189019
2025-05-06T15:00:00.000+0000,1333409.9392642905,1236288.2158506906,1035017.2454634905
2025-05-06T15:10:00.000+0000,1333409.9392642905,1236288.2158506906,1035730.7006592297
2025-05-06T15:20:00.000+0000,1333378.0018346906,1236288.2158506906,1039892.1285951426
2025-05-06T15:30:00.000+0000,1333218.3146866907,1236288.2158506906,1041293.278926977
2025-05-06T15:40:00.000+0000,1332994.7526794905,1236288.2158506906,1041586.2189267231
2025-05-06T15:50:00.000+0000,1333665.4387010906,1236288.2158506906,1040106.1288214163
2025-05-06T16:00:00.000+0000,1333793.1884194906,1236288.2158506906,1037908.1914560103
2025-05-06T16:10:00.000+0000,1334240.3124338903,1334240.3124338903,1037815.0178797909
2025-05-06T16:20:00.000+0000,1334240.3124338903,1334240.3124338903,1038797.3565736414
2025-05-06T16:30:00.000+0000,1334240.3124338903,1334240.3124338903,1040491.78677259
2025-05-06T16:40:00.000+0000,1334240.3124338903,1334240.3124338903,1038890.9852559359
2025-05-06T16:50:00.000+0000,1334240.3124338903,1334240.3124338903,1036504.0880768
2025-05-06T17:00:00.000+0000,1334240.3124338903,1334240.3124338903,1036785.5433774571
2025-05-06T17:10:00.000+0000,1334240.3124338903,1334240.3124338903,1040226.9375408402
2025-05-06T17:20:00.000+0000,1334240.3124338903,1334240.3124338903,1041342.8339073248
2025-05-06T17:30:00.000+0000,1334240.3124338903,1334240.3124338903,1043481.2753589759
2025-05-06T17:40:00.000+0000,1334240.3124338903,1334240.3124338903,1040943.9217717096
2025-05-06T17:50:00.000+0000,1334240.3124338903,1334240.3124338903,1040228.0819864334
2025-05-06T18:00:00.000+0000,1334240.3124338903,1334240.3124338903,1041668.8110226647
2025-05-06T18:10:00.000+0000,1334240.3124338903,1334240.3124338903,1042068.9386376126
2025-05-06T18:20:00.000+0000,1334240.3124338903,1334240.3124338903,1044816.3689072536
2025-05-06T18:30:00.000+0000,1334240.3124338903,1334240.3124338903,1045950.7072740584
2025-05-06T18:40:00.000+0000,1334240.3124338903,1334240.3124338903,1045272.8873855262
2025-05-06T18:50:00.000+0000,1334240.3124338903,1334240.3124338903,1045953.8736820113
2025-05-06T19:00:00.000+0000,1334240.3124338903,1334240.3124338903,1048845.334581979
2025-05-06T19:10:00.000+0000,1334240.3124338903,1334240.3124338903,1048892.0828393158
2025-05-06T19:20:00.000+0000,1334240.3124338903,1334240.3124338903,1049175.8763603817
2025-05-06T19:30:00.000+0000,1334240.3124338903,1334240.3124338903,1050156.4348552297
2025-05-06T19:40:00.000+0000,1334240.3124338903,1334240.3124338903,1050736.4883610574
2025-05-06T19:50:00.000+0000,1334240.3124338903,1334240.3124338903,1048981.4100492052
2025-05-06T20:00:00.000+0000,1334240.3124338903,1334240.3124338903,1048481.0682175498
2025-05-06T20:10:00.000+0000,1334240.3124338903,1334240.3124338903,1049344.3038784284
2025-05-06T20:20:00.000+0000,1334240.3124338903,1334240.3124338903,1046086.3013965888
2025-05-06T20:30:00.000+0000,1334240.3124338903,1334240.3124338903,1042653.6457887315
2025-05-06T20:40:00.000+0000,1334240.3124338903,1334240.3124338903,1042806.5036795953
2025-05-06T20:50:00.000+0000,1334240.3124338903,1334240.3124338903,1042395.5635525209
2025-05-06T21:00:00.000+0000,1334240.3124338903,1334240.3124338903,1044501.3670028851
2025-05-06T21:10:00.000+0000,1334240.3124338903,1334240.3124338903,1044225.8057686798
2025-05-06T21:20:00.000+0000,1334240.3124338903,1334240.3124338903,1040986.3929618937
2025-05-06T21:30:00.000+0000,1334240.3124338903,1334240.3124338903,1040991.563625217
2025-05-06T21:40:00.000+0000,1334240.3124338903,1334240.3124338903,1043927.2681250984
2025-05-06T21:50:00.000+0000,1334240.3124338903,1334240.3124338903,1044682.8495729752
2025-05-06T22:00:00.000+0000,1334240.3124338903,1334240.3124338903,1047960.8871857568
2025-05-06T22:10:00.000+0000,1334240.3124338903,1334240.3124338903,1052061.6578869838
2025-05-06T22:20:00.000+0000,1334240.3124338903,1334240.3124338903,1056885.7670622857
2025-05-06T22:30:00.000+0000,1334240.3124338903,1334240.3124338903,1057576.1855464175
2025-05-06T22:40:00.000+0000,1334240.3124338903,1334240.3124338903,1059612.4934749738
2025-05-06T22:50:00.000+0000,1334240.3124338903,1334240.3124338903,1061009.8820943856
2025-05-06T23:00:00.000+0000,1334240.3124338903,1334240.3124338903,1059172.3148612808
2025-05-06T23:10:00.000+0000,1334240.3124338903,1334240.3124338903,1059417.7164772847
2025-05-06T23:20:00.000+0000,1334240.3124338903,1334240.3124338903,1062519.4952506917
2025-05-06T23:30:00.000+0000,1334240.3124338903,1334240.3124338903,1063287.410475926
2025-05-06T23:40:00.000+0000,1334240.3124338903,1334240.3124338903,1064558.2338606962
2025-05-06T23:50:00.000+0000,1334240.3124338903,1334240.3124338903,1066576.5487154608
2025-05-07T00:00:00.000+0000,1334240.3124338903,1334240.3124338903,1067150.8314600345
2025-05-07T00:10:00.000+0000,1334240.3124338903,1334240.3124338903,1067635.318751474
2025-05-07T00:20:00.000+0000,1334240.3124338903,1334240.3124338903,1072207.0148868572
2025-05-07T00:30:00.000+0000,1334240.3124338903,1334240.3124338903,1075385.9803407232
2025-05-07T00:40:00.000+0000,1334240.3124338903,1334240.3124338903,1075854.512081419
2025-05-07T00:50:00.000+0000,1334240.3124338903,1334240.3124338903,1076569.8581629058
2025-05-07T01:00:00.000+0000,1334240.3124338903,1334240.3124338903,1079326.4512678483
2025-05-07T01:10:00.000+0000,1334240.3124338903,1334240.3124338903,1078847.469123487
2025-05-07T01:20:00.000+0000,1334240.3124338903,1334240.3124338903,1080131.1982758413
2025-05-07T01:30:00.000+0000,1334240.3124338903,1334240.3124338903,1079607.2847660575
2025-05-07T01:40:00.000+0000,1334240.3124338903,1334240.3124338903,1076956.9754852122
2025-05-07T01:50:00.000+0000,1334240.3124338903,1334240.3124338903,1074423.4687829926
2025-05-07T02:00:00.000+0000,1334240.3124338903,1334240.3124338903,1071638.0915372903
2025-05-07T02:10:00.000+0000,1334240.3124338903,1334240.3124338903,1071333.166955119
2025-05-07T02:20:00.000+0000,1334240.3124338903,1334240.3124338903,1071512.3300670814
2025-05-07T02:30:00.000+0000,1334240.3124338903,1334240.3124338903,1070921.0076105427
2025-05-07T02:40:00.000+0000,1334240.3124338903,1334240.3124338903,1069372.1791729503
2025-05-07T02:50:00.000+0000,1334240.3124338903,1334240.3124338903,1066804.3295789254
2025-05-07T03:00:00.000+0000,1334240.3124338903,1334240.3124338903,1065555.5680987774
2025-05-07T03:10:00.000+0000,1334240.3124338903,1334240.3124338903,1062883.902072874
2025-05-07T03:20:00.000+0000,1334240.3124338903,1334240.3124338903,1061703.3608516867
2025-05-07T03:30:00.000+0000,1334240.3124338903,1334240.3124338903,1065232.7241415724
2025-05-07T03:40:00.000+0000,1334240.3124338903,1334240.3124338903,1065114.8859171553
2025-05-07T03:50:00.000+0000,1334240.3124338903,1334240.3124338903,1065440.9021667847
2025-05-07T04:00:00.000+0000,1334240.3124338903,1334240.3124338903,1066486.268733897
2025-05-07T04:10:00.000+0000,1334240.3124338903,1334240.3124338903,1068090.820140455
2025-05-07T04:20:00.000+0000,1334240.3124338903,1334240.3124338903,1067030.0801363229
2025-05-07T04:30:00.000+0000,1334240.3124338903,1334240.3124338903,1065730.4316074194
2025-05-07T04:40:00.000+0000,1334240.3124338903,1334240.3124338903,1064864.4905291344
2025-05-07T04:50:00.000+0000,1334240.3124338903,1334240.3124338903,1064840.8328288717
2025-05-07T05:00:00.000+0000,1334240.3124338903,1334240.3124338903,1065154.4211946598
2025-05-07T05:10:00.000+0000,1334240.3124338903,1334240.3124338903,1064999.8270682616
2025-05-07T05:20:00.000+0000,1334240.3124338903,1334240.3124338903,1064675.7368232831
2025-05-07T05:30:00.000+0000,1334240.3124338903,1334240.3124338903,1064241.877128111
2025-05-07T05:40:00.000+0000,1334240.3124338903,1334240.3124338903,1063596.6245022023
2025-05-07T05:50:00.000+0000,1334240.3124338903,1334240.3124338903,1063471.536292107
2025-05-07T06:00:00.000+0000,1334240.3124338903,1334240.3124338903,1064146.5668873999
2025-05-07T06:10:00.000+0000,1334240.3124338903,1334240.3124338903,1067447.6779047004
2025-05-07T06:20:00.000+0000,1334240.3124338903,1334240.3124338903,1065569.5148421894
2025-05-07T06:30:00.000+0000,1334240.3124338903,1334240.3124338903,1064798.2147598884
2025-05-07T06:40:00.000+0000,1334240.3124338903,1334240.3124338903,1064355.010768288
2025-05-07T06:50:00.000+0000,1334240.3124338903,1334240.3124338903,1065518.6438728382
2025-05-07T07:00:00.000+0000,1334240.3124338903,1334240.3124338903,1066463.4426999895
2025-05-07T07:10:00.000+0000,1334240.3124338903,1334240.3124338903,1067454.0176782282
2025-05-07T07:20:00.000+0000,1334240.3124338903,1334240.3124338903,1068440.8414340536
2025-05-07T07:30:00.000+0000,1334240.3124338903,1334240.3124338903,1068666.30681906
2025-05-07T07:40:00.000+0000,1334240.3124338903,1334240.3124338903,1069503.2032309466
2025-05-07T07:50:00.000+0000,1334240.3124338903,1334240.3124338903,1070929.0407292875
2025-05-07T08:00:00.000+0000,1334240.3124338903,1334240.3124338903,1071539.4771316098
2025-05-07T08:10:00.000+0000,1334240.3124338903,1334240.3124338903,1070717.9747881088
2025-05-07T08:20:00.000+0000,1334240.3124338903,1334240.3124338903,1071535.964175884
2025-05-07T08:30:00.000+0000,1334240.3124338903,1334240.3124338903,1072280.415226
2025-05-07T08:40:00.000+0000,1334240.3124338903,1334240.3124338903,1074279.9093738627
2025-05-07T08:50:00.000+0000,1334240.3124338903,1334240.3124338903,1073754.364430819
2025-05-07T09:00:00.000+0000,1334240.3124338903,1334240.3124338903,1074470.989790539
2025-05-07T09:10:00.000+0000,1334240.3124338903,1334240.3124338903,1073429.8169513221
2025-05-07T09:20:00.000+0000,1334240.3124338903,1334240.3124338903,1073673.02561599
2025-05-07T09:30:00.000+0000,1334240.3124338903,1334240.3124338903,1073115.1562289724
2025-05-07T09:40:00.000+0000,1334240.3124338903,1334240.3124338903,1074726.0910953092
2025-05-07T09:50:00.000+0000,1334240.3124338903,1334240.3124338903,1074783.1833800287
2025-05-07T10:00:00.000+0000,1334240.3124338903,1334240.3124338903,1074338.8322599581
2025-05-07T10:10:00.000+0000,1334240.3124338903,1334240.3124338903,1073884.9009824316
2025-05-07T10:20:00.000+0000,1334240.3124338903,1334240.3124338903,1072274.28398387
2025-05-07T10:30:00.000+0000,1334240.3124338903,1334240.3124338903,1071344.6891966297
2025-05-07T10:40:00.000+0000,1334240.3124338903,1334240.3124338903,1073677.592944071
2025-05-07T10:50:00.000+0000,1334240.3124338903,1334240.3124338903,1073117.338708158
2025-05-07T11:00:00.000+0000,1334240.3124338903,1334240.3124338903,1072057.3429978788
2025-05-07T11:10:00.000+0000,1334240.3124338903,1334240.3124338903,1073286.73994218
2025-05-07T11:20:00.000+0000,1334240.3124338903,1334240.3124338903,1072423.1982003269
2025-05-07T11:30:00.000+0000,1334240.3124338903,1334240.3124338903,1072513.631794671
2025-05-07T11:40:00.000+0000,1334240.3124338903,1334240.3124338903,1073305.0468683606
2025-05-07T11:50:00.000+0000,1334240.3124338903,1334240.3124338903,1072753.319991557
2025-05-07T12:00:00.000+0000,1334240.3124338903,1334240.3124338903,1071661.5919044623
2025-05-07T12:10:00.000+0000,1334240.3124338903,1334240.3124338903,1071300.6146808905
2025-05-07T12:20:00.000+0000,1334240.3124338903,1334240.3124338903,1070856.8950216256
2025-05-07T12:30:00.000+0000,1334240.3124338903,1334240.3124338903,1069566.439081172
2025-05-07T12:40:00.000+0000,1334240.3124338903,1334240.3124338903,1069476.2434941572
2025-05-07T12:50:00.000+0000,1334240.3124338903,1334240.3124338903,1070373.3457906828
2025-05-07T13:00:00.000+0000,1334240.3124338903,1334240.3124338903,1068520.764823359
2025-05-07T13:10:00.000+0000,1334240.3124338903,1334240.3124338903,1067707.5647094487
2025-05-07T13:20:00.000+0000,1334240.3124338903,1334240.3124338903,1066792.4875648373
2025-05-07T13:30:00.000+0000,1334240.3124338903,1334240.3124338903,1067752.9948493387
2025-05-07T13:40:00.000+0000,1334240.3124338903,1334240.3124338903,1068042.7445903132
2025-05-07T13:50:00.000+0000,1334240.3124338903,1334240.3124338903,1067873.51756472
2025-05-07T14:00:00.000+0000,1334240.3124338903,1334240.3124338903,1069760.7499283424
2025-05-07T14:10:00.000+0000,1334240.3124338903,1334240.3124338903,1070985.2511867778
2025-05-07T14:20:00.000+0000,1334240.3124338903,1334240.3124338903,1070970.112537635
2025-05-07T14:30:00.000+0000,1334240.3124338903,1334240.3124338903,1072243.8300000597
2025-05-07T14:40:00.000+0000,1334240.3124338903,1334240.3124338903,1068784.1758161995
2025-05-07T14:50:00.000+0000,1334240.3124338903,1334240.3124338903,1065383.821892507
2025-05-07T15:00:00.000+0000,1334240.3124338903,1334240.3124338903,1064581.281786811
2025-05-07T15:10:00.000+0000,1334240.3124338903,1334240.3124338903,1065312.7522974345
2025-05-07T15:20:00.000+0000,1334240.3124338903,1334240.3124338903,1066075.0535579296
2025-05-07T15:30:00.000+0000,1334240.3124338903,1334240.3124338903,1064596.4603483183
2025-05-07T15:40:00.000+0000,1334240.3124338903,1334240.3124338903,1064283.6792614912
2025-05-07T15:50:00.000+0000,1334240.3124338903,1334240.3124338903,1063688.5969973318
2025-05-07T16:00:00.000+0000,1334240.3124338903,1334240.3124338903,1062277.6534425411
2025-05-07T16:10:00.000+0000,1334240.3124338903,1334240.3124338903,1061627.9883802645
2025-05-07T16:20:00.000+0000,1334240.3124338903,1334240.3124338903,1059758.1715108124
2025-05-07T16:30:00.000+0000,1334240.3124338903,1334240.3124338903,1059139.4990834603
2025-05-07T16:40:00.000+0000,1334240.3124338903,1334240.3124338903,1061065.6615381187
2025-05-07T16:50:00.000+0000,1334240.3124338903,1334240.3124338903,1064413.4725924018
2025-05-07T17:00:00.000+0000,1334240.3124338903,1334240.3124338903,1063722.0731395967
2025-05-07T17:10:00.000+0000,1334240.3124338903,1334240.3124338903,1063013.5447153808
2025-05-07T17:20:00.000+0000,1334240.3124338903,1334240.3124338903,1062459.7087809322
2025-05-07T17:30:00.000+0000,1334240.3124338903,1334240.3124338903,1060902.438469789
2025-05-07T17:40:00.000+0000,1334240.3124338903,1334240.3124338903,1060725.1509779629
2025-05-07T17:50:00.000+0000,1334240.3124338903,1334240.3124338903,1056485.0336171414
2025-05-07T18:00:00.000+0000,1334240.3124338903,1334240.3124338903,1054699.8077511056
2025-05-07T18:10:00.000+0000,1334240.3124338903,1334240.3124338903,1055089.0877350243
2025-05-07T18:20:00.000+0000,1334240.3124338903,1334240.3124338903,1061761.151839206
2025-05-07T18:30:00.000+0000,1334240.3124338903,1334240.3124338903,1062507.2182610363
2025-05-07T18:40:00.000+0000,1334240.3124338903,1334240.3124338903,1058835.3863857882
2025-05-07T18:50:00.000+0000,1334240.3124338903,1334240.3124338903,1057026.8890202686
2025-05-07T19:00:00.000+0000,1334240.3124338903,1334240.3124338903,1060462.4973982852
2025-05-07T19:10:00.000+0000,1334240.3124338903,1334240.3124338903,1060425.8012798177
2025-05-07T19:20:00.000+0000,1334240.3124338903,1334240.3124338903,1055953.2638977775
2025-05-07T19:30:00.000+0000,1334240.3124338903,1334240.3124338903,1053858.9977130361
2025-05-07T19:40:00.000+0000,1334240.3124338903,1334240.3124338903,1056696.012480894
2025-05-07T19:50:00.000+0000,1334240.3124338903,1334240.3124338903,1057459.7425634398
2025-05-07T20:00:00.000+0000,1334240.3124338903,1334240.3124338903,1057379.7765431753
2025-05-07T20:10:00.000+0000,1334240.3124338903,1334240.3124338903,1058896.8776924894
2025-05-07T20:20:00.000+0000,1334240.3124338903,1334240.3124338903,1058086.7375745315
2025-05-07T20:30:00.000+0000,1334240.3124338903,1334240.3124338903,1058053.2718865583
2025-05-07T20:40:00.000+0000,1334240.3124338903,1334240.3124338903,1056668.5919950576
2025-05-07T20:50:00.000+0000,1334240.3124338903,1334240.3124338903,1059713.95281701
2025-05-07T21:00:00.000+0000,1334240.3124338903,1334240.3124338903,1061405.1407629459
2025-05-07T21:10:00.000+0000,1334240.3124338903,1334240.3124338903,1063411.881936393
2025-05-07T21:20:00.000+0000,1334240.3124338903,1334240.3124338903,1064996.2041681474
2025-05-07T21:30:00.000+0000,1334240.3124338903,1334240.3124338903,1065147.9647606215
2025-05-07T21:40:00.000+0000,1334240.3124338903,1334240.3124338903,1066461.2094697782
2025-05-07T21:50:00.000+0000,1334240.3124338903,1334240.3124338903,1065761.783319275
2025-05-07T22:00:00.000+0000,1334240.3124338903,1334240.3124338903,1067883.8516208103
2025-05-07T22:10:00.000+0000,1334240.3124338903,1334240.3124338903,1067569.256047729
2025-05-07T22:20:00.000+0000,1334240.3124338903,1334240.3124338903,1067282.6123946179
2025-05-07T22:30:00.000+0000,1334240.3124338903,1334240.3124338903,1068539.6643175557
2025-05-07T22:40:00.000+0000,1334240.3124338903,1334240.3124338903,1070780.6335595706
2025-05-07T22:50:00.000+0000,1334240.3124338903,1334240.3124338903,1070518.1774847063
2025-05-07T23:00:00.000+0000,1334240.3124338903,1334240.3124338903,1070911.6353764744
2025-05-07T23:10:00.000+0000,1334240.3124338903,1334240.3124338903,1072739.8028400987
2025-05-07T23:20:00.000+0000,1334240.3124338903,1334240.3124338903,1071402.7610460778
2025-05-07T23:30:00.000+0000,1334240.3124338903,1334240.3124338903,1069372.2362021522
2025-05-07T23:40:00.000+0000,1334240.3124338903,1334240.3124338903,1067454.0532801303
2025-05-07T23:50:00.000+0000,1334240.3124338903,1334240.3124338903,1067713.1754368765
2025-05-08T00:00:00.000+0000,1334240.3124338903,1334240.3124338903,1067920.5662779184
2025-05-08T00:10:00.000+0000,1334240.3124338903,1334240.3124338903,1068599.2701042634
2025-05-08T00:20:00.000+0000,1334240.3124338903,1334240.3124338903,1069048.4678581941
2025-05-08T00:30:00.000+0000,1334240.3124338903,1334240.3124338903,1067221.406537525
2025-05-08T00:40:00.000+0000,1334240.3124338903,1334240.3124338903,1067152.4569909645
2025-05-08T00:50:00.000+0000,1334240.3124338903,1334240.3124338903,1068681.8568344507
2025-05-08T01:00:00.000+0000,1334240.3124338903,1334240.3124338903,1079967.5224356614
2025-05-08T01:10:00.000+0000,1334240.3124338903,1334240.3124338903,1075512.1740679042
2025-05-08T01:20:00.000+0000,1334240.3124338903,1334240.3124338903,1078444.3479050703
2025-05-08T01:30:00.000+0000,1334240.3124338903,1334240.3124338903,1077727.1315692018
2025-05-08T01:40:00.000+0000,1334240.3124338903,1334240.3124338903,1076219.7963132148
2025-05-08T01:50:00.000+0000,1334240.3124338903,1334240.3124338903,1074205.0514790954
2025-05-08T02:00:00.000+0000,1334240.3124338903,1334240.3124338903,1076533.8124197312
2025-05-08T02:10:00.000+0000,1334240.3124338903,1334240.3124338903,1078290.22522351
2025-05-08T02:20:00.000+0000,1334240.3124338903,1334240.3124338903,1079937.9419710904
2025-05-08T02:30:00.000+0000,1334240.3124338903,1334240.3124338903,1085360.5195822688
2025-05-08T02:40:00.000+0000,1334240.3124338903,1334240.3124338903,1085699.7109518275
2025-05-08T02:50:00.000+0000,1334240.3124338903,1334240.3124338903,1085858.4698667654
2025-05-08T03:00:00.000+0000,1334240.3124338903,1334240.3124338903,1085116.7464751485
2025-05-08T03:10:00.000+0000,1334240.3124338903,1334240.3124338903,1089253.787441058
2025-05-08T03:20:00.000+0000,1334240.3124338903,1334240.3124338903,1090436.5658364077
2025-05-08T03:30:00.000+0000,1334240.3124338903,1334240.3124338903,1089995.9249353765
2025-05-08T03:40:00.000+0000,1334240.3124338903,1334240.3124338903,1092887.1322851866
2025-05-08T03:50:00.000+0000,1334240.3124338903,1334240.3124338903,1096036.7828886574
2025-05-08T04:00:00.000+0000,1334240.3124338903,1334240.3124338903,1102423.9993766353
2025-05-08T04:10:00.000+0000,1334240.3124338903,1334240.3124338903,1102494.22818357
2025-05-08T04:20:00.000+0000,1334240.3124338903,1334240.3124338903,1103532.8534750466
2025-05-08T04:30:00.000+0000,1334240.3124338903,1334240.3124338903,1104033.5598208224
2025-05-08T04:40:00.000+0000,1334240.3124338903,1334240.3124338903,1101260.0961059472
2025-05-08T04:50:00.000+0000,1334240.3124338903,1334240.3124338903,1099159.7678080134
2025-05-08T05:00:00.000+0000,1334240.3124338903,1334240.3124338903,1099549.8368451868
2025-05-08T05:10:00.000+0000,1334240.3124338903,1334240.3124338903,1097592.522016853
2025-05-08T05:20:00.000+0000,1334240.3124338903,1334240.3124338903,1096455.2185207957
2025-05-08T05:30:00.000+0000,1334240.3124338903,1334240.3124338903,1097861.2342487713
2025-05-08T05:40:00.000+0000,1334240.3124338903,1334240.3124338903,1098540.8086164023
2025-05-08T05:50:00.000+0000,1334240.3124338903,1334240.3124338903,1097265.3709799887
2025-05-08T06:00:00.000+0000,1334240.3124338903,1334240.3124338903,1097351.3208448673
2025-05-08T06:10:00.000+0000,1334240.3124338903,1334240.3124338903,1098751.8595513278
2025-05-08T06:20:00.000+0000,1334240.3124338903,1334240.3124338903,1098962.0075268005
2025-05-08T06:30:00.000+0000,1334240.3124338903,1334240.3124338903,1098723.5240777384
2025-05-08T06:40:00.000+0000,1334240.3124338903,1334240.3124338903,1099640.333979073
2025-05-08T06:50:00.000+0000,1334240.3124338903,1334240.3124338903,1100429.0106806136
2025-05-08T07:00:00.000+0000,1334240.3124338903,1334240.3124338903,1101542.3241210966
2025-05-08T07:10:00.000+0000,1334240.3124338903,1334240.3124338903,1102626.5451935437
2025-05-08T07:20:00.000+0000,1334240.3124338903,1334240.3124338903,1104098.0666591502
2025-05-08T07:30:00.000+0000,1334240.3124338903,1334240.3124338903,1104745.6995819923
2025-05-08T07:40:00.000+0000,1334240.3124338903,1334240.3124338903,1108241.691844822
2025-05-08T07:50:00.000+0000,1334240.3124338903,1334240.3124338903,1107719.5228964211
2025-05-08T08:00:00.000+0000,1334240.3124338903,1334240.3124338903,1108295.0090563092
2025-05-08T08:10:00.000+0000,1334240.3124338903,1334240.3124338903,1110250.9534778795
2025-05-08T08:20:00.000+0000,1334240.3124338903,1334240.3124338903,1111003.252188086
2025-05-08T08:30:00.000+0000,1334240.3124338903,1334240.3124338903,1111479.8004494056
2025-05-08T08:40:00.000+0000,1334240.3124338903,1334240.3124338903,1114591.1805660687
2025-05-08T08:50:00.000+0000,1334240.3124338903,1334240.3124338903,1113972.703515087
2025-05-08T09:00:00.000+0000,1334240.3124338903,1334240.3124338903,1112306.2635923228
2025-05-08T09:10:00.000+0000,1334240.3124338903,1334240.3124338903,1113431.7771042506
2025-05-08T09:20:00.000+0000,1334240.3124338903,1334240.3124338903,1114007.4163046258
2025-05-08T09:30:00.000+0000,1334240.3124338903,1334240.3124338903,1113526.9066976276
2025-05-08T09:40:00.000+0000,1334240.3124338903,1334240.3124338903,1114220.2396671395
2025-05-08T09:50:00.000+0000,1334240.3124338903,1334240.3124338903,1116158.5300863525
2025-05-08T10:00:00.000+0000,1334240.3124338903,1334240.3124338903,1119669.3479418699
2025-05-08T10:10:00.000+0000,1334240.3124338903,1334240.3124338903,1119559.955865749
2025-05-08T10:20:00.000+0000,1334240.3124338903,1334240.3124338903,1121392.040711584
2025-05-08T10:30:00.000+0000,1334240.3124338903,1334240.3124338903,1121193.4122947452
2025-05-08T10:40:00.000+0000,1334240.3124338903,1334240.3124338903,1121140.9750056847
2025-05-08T10:50:00.000+0000,1334240.3124338903,1334240.3124338903,1122512.9962587128
2025-05-08T11:00:00.000+0000,1334240.3124338903,1334240.3124338903,1121785.7787229237
2025-05-08T11:10:00.000+0000,1334240.3124338903,1334240.3124338903,1121249.8541148775
2025-05-08T11:20:00.000+0000,1334240.3124338903,1334240.3124338903,1118885.2632687395
2025-05-08T11:30:00.000+0000,1334240.3124338903,1334240.3124338903,1117677.4050493399
2025-05-08T11:40:00.000+0000,1334240.3124338903,1334240.3124338903,1119967.1501540225
2025-05-08T11:50:00.000+0000,1334240.3124338903,1334240.3124338903,1121299.2751120955
2025-05-08T12:00:00.000+0000,1334240.3124338903,1334240.3124338903,1121131.7623581614
2025-05-08T12:10:00.000+0000,1334240.3124338903,1334240.3124338903,1121653.382943514
2025-05-08T12:20:00.000+0000,1334240.3124338903,1334240.3124338903,1124372.843881271
2025-05-08T12:30:00.000+0000,1334240.3124338903,1334240.3124338903,1121655.3708779805
2025-05-08T12:40:00.000+0000,1334240.3124338903,1334240.3124338903,1121677.003950865
2025-05-08T12:50:00.000+0000,1334240.3124338903,1334240.3124338903,1121566.0954029737
2025-05-08T13:00:00.000+0000,1334240.3124338903,1334240.3124338903,1122595.0941857249
2025-05-08T13:10:00.000+0000,1334240.3124338903,1334240.3124338903,1123384.4819670178
2025-05-08T13:20:00.000+0000,1334240.3124338903,1334240.3124338903,1123891.3785246452
2025-05-08T13:30:00.000+0000,1334240.3124338903,1334240.3124338903,1123779.6755756035
2025-05-08T13:40:00.000+0000,1334240.3124338903,1334240.3124338903,1121986.9405486186
2025-05-08T13:50:00.000+0000,1334240.3124338903,1334240.3124338903,1123308.529304532
2025-05-08T14:00:00.000+0000,1334240.3124338903,1334240.3124338903,1125080.8931070936
2025-05-08T14:10:00.000+0000,1334240.3124338903,1334240.3124338903,1122733.017684099
2025-05-08T14:20:00.000+0000,1334240.3124338903,1334240.3124338903,1124538.8313367288
2025-05-08T14:30:00.000+0000,1334240.3124338903,1334240.3124338903,1129351.7857625938
2025-05-08T14:40:00.000+0000,1334240.3124338903,1334240.3124338903,1131147.142331153
2025-05-08T14:50:00.000+0000,1334240.3124338903,1334240.3124338903,1132591.498524384
2025-05-08T15:00:00.000+0000,1334240.3124338903,1334240.3124338903,1133839.4800730597
2025-05-08T15:10:00.000+0000,1334240.3124338903,1334240.3124338903,1138530.699228587
2025-05-08T15:20:00.000+0000,1334240.3124338903,1334240.3124338903,1139425.0312535134
2025-05-08T15:30:00.000+0000,1334240.3124338903,1334240.3124338903,1148167.1685805763
2025-05-08T15:40:00.000+0000,1334240.3124338903,1334240.3124338903,1158635.573840112
2025-05-08T15:50:00.000+0000,1334240.3124338903,1334240.3124338903,1155463.2191754216
2025-05-08T16:00:00.000+0000,1334240.3124338903,1334240.3124338903,1153693.4811891792
2025-05-08T16:10:00.000+0000,1334240.3124338903,1334240.3124338903,1157559.9024035842
2025-05-08T16:20:00.000+0000,1334240.3124338903,1334240.3124338903,1154913.174930185
2025-05-08T16:30:00.000+0000,1334240.3124338903,1334240.3124338903,1153680.4095032974
2025-05-08T16:40:00.000+0000,1334240.3124338903,1334240.3124338903,1157243.2242529779
2025-05-08T16:50:00.000+0000,1334240.3124338903,1334240.3124338903,1157938.5426977198
2025-05-08T17:00:00.000+0000,1334240.3124338903,1334240.3124338903,1155963.260792715
2025-05-08T17:10:00.000+0000,1334240.3124338903,1334240.3124338903,1157218.4065285756
2025-05-08T17:20:00.000+0000,1334240.3124338903,1334240.3124338903,1158059.6547973822
2025-05-08T17:30:00.000+0000,1334240.3124338903,1334240.3124338903,1156163.640970058
2025-05-08T17:40:00.000+0000,1334240.3124338903,1334240.3124338903,1151806.7529300614
2025-05-08T17:50:00.000+0000,1334240.3124338903,1334240.3124338903,1153961.731563182
2025-05-08T18:00:00.000+0000,1334240.3124338903,1334240.3124338903,1154393.4822007094
2025-05-08T18:10:00.000+0000,1334240.3124338903,1334240.3124338903,1157914.429095448
2025-05-08T18:20:00.000+0000,1334240.3124338903,1334240.3124338903,1159333.3452252534
2025-05-08T18:30:00.000+0000,1334240.3124338903,1334240.3124338903,1160321.404832419
2025-05-08T18:40:00.000+0000,1334240.3124338903,1334240.3124338903,1161353.2738598648
2025-05-08T18:50:00.000+0000,1334240.3124338903,1334240.3124338903,1160742.259600704
2025-05-08T19:00:00.000+0000,1334240.3124338903,1334240.3124338903,1160673.206620096
2025-05-08T19:10:00.000+0000,1334240.3124338903,1334240.3124338903,1160224.1061742424
2025-05-08T19:20:00.000+0000,1334240.3124338903,1334240.3124338903,1162222.3518880305
2025-05-08T19:30:00.000+0000,1334240.3124338903,1334240.3124338903,1161838.5580116918
2025-05-08T19:40:00.000+0000,1334240.3124338903,1334240.3124338903,1162513.5979881254
2025-05-08T19:50:00.000+0000,1334240.3124338903,1334240.3124338903,1166692.9340667059
2025-05-08T20:00:00.000+0000,1334240.3124338903,1334240.3124338903,1173271.8763652681
2025-05-08T20:10:00.000+0000,1334240.3124338903,1334240.3124338903,1170153.6370335259
2025-05-08T20:20:00.000+0000,1334240.3124338903,1334240.3124338903,1171786.101520841
2025-05-08T20:30:00.000+0000,1334240.3124338903,1334240.3124338903,1176016.9735030376
2025-05-08T20:40:00.000+0000,1334240.3124338903,1334240.3124338903,1183319.368682731
2025-05-08T20:50:00.000+0000,1334240.3124338903,1334240.3124338903,1189382.0336579666
2025-05-08T21:00:00.000+0000,1334240.3124338903,1334240.3124338903,1184830.526472088
2025-05-08T21:10:00.000+0000,1334240.3124338903,1334240.3124338903,1188986.4133460862
2025-05-08T21:20:00.000+0000,1334240.3124338903,1334240.3124338903,1197937.2475497609
2025-05-08T21:30:00.000+0000,1334240.3124338903,1334240.3124338903,1196032.3072668791
2025-05-08T21:40:00.000+0000,1334240.3124338903,1334240.3124338903,1189359.3581517334
2025-05-08T21:50:00.000+0000,1334240.3124338903,1334240.3124338903,1185877.3247499103
2025-05-08T22:00:00.000+0000,1334240.3124338903,1334240.3124338903,1186361.8943610324
2025-05-08T22:10:00.000+0000,1334240.3124338903,1334240.3124338903,1185581.4796816423
2025-05-08T22:20:00.000+0000,1334240.3124338903,1334240.3124338903,1189258.5888915728
2025-05-08T22:30:00.000+0000,1334240.3124338903,1334240.3124338903,1187961.096585376
2025-05-08T22:40:00.000+0000,1334240.3124338903,1334240.3124338903,1190628.0014808371
2025-05-08T22:50:00.000+0000,1334240.3124338903,1334240.3124338903,1191491.384279873
2025-05-08T23:00:00.000+0000,1334240.3124338903,1334240.3124338903,1189047.641390695
2025-05-08T23:10:00.000+0000,1334240.3124338903,1334240.3124338903,1192684.9837725558
2025-05-08T23:20:00.000+0000,1334240.3124338903,1334240.3124338903,1195151.1815011161
2025-05-08T23:30:00.000+0000,1334240.3124338903,1334240.3124338903,1195307.4111118785
2025-05-08T23:40:00.000+0000,1334240.3124338903,1334240.3124338903,1199557.3788141524
2025-05-08T23:50:00.000+0000,1334240.3124338903,1334240.3124338903,1200227.3052100406
2025-05-09T00:00:00.000+0000,1334240.3124338903,1334240.3124338903,1200228.9755182315
2025-05-09T00:10:00.000+0000,1334240.3124338903,1334240.3124338903,1198839.3096261283
2025-05-09T00:20:00.000+0000,1334240.3124338903,1334240.3124338903,1197047.64508662
2025-05-09T00:30:00.000+0000,1334240.3124338903,1334240.3124338903,1194711.3843661756
2025-05-09T00:40:00.000+0000,1334240.3124338903,1334240.3124338903,1196444.9531875583
2025-05-09T00:50:00.000+0000,1334240.3124338903,1334240.3124338903,1197368.2995713004
2025-05-09T01:00:00.000+0000,1334240.3124338903,1334240.3124338903,1194886.0889320006
2025-05-09T01:10:00.000+0000,1334240.3124338903,1334240.3124338903,1198837.789711265
2025-05-09T01:20:00.000+0000,1334240.3124338903,1334240.3124338903,1196981.4926404306
2025-05-09T01:30:00.000+0000,1334240.3124338903,1334240.3124338903,1195907.9586286105
2025-05-09T01:40:00.000+0000,1334240.3124338903,1334240.3124338903,1196130.72209288
2025-05-09T01:50:00.000+0000,1334240.3124338903,1334240.3124338903,1198375.820467956
2025-05-09T02:00:00.000+0000,1334240.3124338903,1334240.3124338903,1199321.1947284269
2025-05-09T02:10:00.000+0000,1334240.3124338903,1334240.3124338903,1199082.1312940835
2025-05-09T02:20:00.000+0000,1334240.3124338903,1334240.3124338903,1196601.4344436764
2025-05-09T02:30:00.000+0000,1334240.3124338903,1334240.3124338903,1196426.597209372
2025-05-09T02:40:00.000+0000,1334240.3124338903,1334240.3124338903,1197053.968539244
2025-05-09T02:50:00.000+0000,1334240.3124338903,1334240.3124338903,1198279.5504800896
2025-05-09T03:00:00.000+0000,1334240.3124338903,1334240.3124338903,1198531.7512683002
2025-05-09T03:10:00.000+0000,1334240.3124338903,1334240.3124338903,1203484.3906114018
2025-05-09T03:20:00.000+0000,1334240.3124338903,1334240.3124338903,1202322.764722316
2025-05-09T03:30:00.000+0000,1334240.3124338903,1334240.3124338903,1198602.7838753853
2025-05-09T03:40:00.000+0000,1334240.3124338903,1334240.3124338903,1197319.6339302375
2025-05-09T03:50:00.000+0000,1334240.3124338903,1334240.3124338903,1193447.5877245085
2025-05-09T04:00:00.000+0000,1334240.3124338903,1334240.3124338903,1193261.0735984799
2025-05-09T04:10:00.000+0000,1334240.3124338903,1334240.3124338903,1196331.3740818049
2025-05-09T04:20:00.000+0000,1334240.3124338903,1334240.3124338903,1196946.825701303
2025-05-09T04:30:00.000+0000,1334240.3124338903,1334240.3124338903,1195262.3567899107
2025-05-09T04:40:00.000+0000,1334240.3124338903,1334240.3124338903,1196291.2518435384
2025-05-09T04:50:00.000+0000,1334240.3124338903,1334240.3124338903,1197605.724614762
2025-05-09T05:00:00.000+0000,1334240.3124338903,1334240.3124338903,1197517.2850987138
2025-05-09T05:10:00.000+0000,1334240.3124338903,1334240.3124338903,1198801.9788631198
2025-05-09T05:20:00.000+0000,1334240.3124338903,1334240.3124338903,1197688.848216273
2025-05-09T05:30:00.000+0000,1334240.3124338903,1334240.3124338903,1198723.957591929
2025-05-09T05:40:00.000+0000,1334240.3124338903,1334240.3124338903,1200106.981108341
2025-05-09T05:50:00.000+0000,1334240.3124338903,1334240.3124338903,1199365.4123490788
2025-05-09T06:00:00.000+0000,1334240.3124338903,1334240.3124338903,1201093.0897868865
2025-05-09T06:10:00.000+0000,1334240.3124338903,1334240.3124338903,1201902.5544984292
2025-05-09T06:20:00.000+0000,1334240.3124338903,1334240.3124338903,1206500.9260120029
2025-05-09T06:30:00.000+0000,1334240.3124338903,1334240.3124338903,1207909.7849144018
2025-05-09T06:40:00.000+0000,1334240.3124338903,1334240.3124338903,1207314.2915076357
2025-05-09T06:50:00.000+0000,1334240.3124338903,1334240.3124338903,1211384.1722299107
2025-05-09T07:00:00.000+0000,1334240.3124338903,1334240.3124338903,1215374.989649875
2025-05-09T07:10:00.000+0000,1334240.3124338903,1334240.3124338903,1221346.7879064255
2025-05-09T07:20:00.000+0000,1334240.3124338903,1334240.3124338903,1222766.1907466806
2025-05-09T07:30:00.000+0000,1334240.3124338903,1334240.3124338903,1223183.9576528082
2025-05-09T07:40:00.000+0000,1334240.3124338903,1334240.3124338903,1225970.3032665902
2025-05-09T07:50:00.000+0000,1334240.3124338903,1334240.3124338903,1236687.6406169217
2025-05-09T08:00:00.000+0000,1334240.3124338903,1334240.3124338903,1237915.662360998
2025-05-09T08:10:00.000+0000,1334240.3124338903,1334240.3124338903,1239952.9370836255
2025-05-09T08:20:00.000+0000,1334240.3124338903,1334240.3124338903,1242780.878275627
2025-05-09T08:30:00.000+0000,1334240.3124338903,1334240.3124338903,1254244.2809746382
2025-05-09T08:40:00.000+0000,1334240.3124338903,1334240.3124338903,1236036.1949440788
2025-05-09T08:50:00.000+0000,1334240.3124338903,1334240.3124338903,1241865.882985558
2025-05-09T09:00:00.000+0000,1334240.3124338903,1334240.3124338903,1237907.4856722008
2025-05-09T09:10:00.000+0000,1334240.3124338903,1334240.3124338903,1227573.271379472
2025-05-09T09:20:00.000+0000,1334240.3124338903,1334240.3124338903,1220562.1289624197
2025-05-09T09:30:00.000+0000,1334240.3124338903,1334240.3124338903,1223116.9197840907
2025-05-09T09:40:00.000+0000,1334240.3124338903,1334240.3124338903,1229568.8057735236
2025-05-09T09:50:00.000+0000,1334240.3124338903,1334240.3124338903,1226168.661141445
2025-05-09T10:00:00.000+0000,1334240.3124338903,1334240.3124338903,1231117.5814030825
2025-05-09T10:10:00.000+0000,1334240.3124338903,1334240.3124338903,1236541.95238615
2025-05-09T10:20:00.000+0000,1334240.3124338903,1334240.3124338903,1233361.3935601625
2025-05-09T10:30:00.000+0000,1334240.3124338903,1334240.3124338903,1233609.9862308716
2025-05-09T10:40:00.000+0000,1334240.3124338903,1334240.3124338903,1237969.608144632
2025-05-09T10:50:00.000+0000,1334240.3124338903,1334240.3124338903,1245715.8200501674
2025-05-09T11:00:00.000+0000,1334240.3124338903,1334240.3124338903,1248720.3631862234
2025-05-09T11:10:00.000+0000,1334240.3124338903,1334240.3124338903,1253499.979521916
2025-05-09T11:20:00.000+0000,1334240.3124338903,1334240.3124338903,1245642.831220143
2025-05-09T11:30:00.000+0000,1334240.3124338903,1334240.3124338903,1247681.5529726683
2025-05-09T11:40:00.000+0000,1334240.3124338903,1334240.3124338903,1249751.3182812082
2025-05-09T11:50:00.000+0000,1334240.3124338903,1334240.3124338903,1249205.142124677
2025-05-09T12:00:00.000+0000,1334240.3124338903,1334240.3124338903,1241374.2030505762
2025-05-09T12:10:00.000+0000,1334240.3124338903,1334240.3124338903,1239303.6417133007
2025-05-09T12:20:00.000+0000,1334240.3124338903,1334240.3124338903,1244921.6457314633
2025-05-09T12:30:00.000+0000,1334240.3124338903,1334240.3124338903,1245900.4328718742
2025-05-09T12:40:00.000+0000,1334240.3124338903,1334240.3124338903,1246219.0520155262
2025-05-09T12:50:00.000+0000,1334240.3124338903,1334240.3124338903,1246595.647641069
2025-05-09T13:00:00.000+0000,1334240.3124338903,1334240.3124338903,1248667.6718282884
2025-05-09T13:10:00.000+0000,1334240.3124338903,1334240.3124338903,1246927.3311821874
2025-05-09T13:20:00.000+0000,1334240.3124338903,1334240.3124338903,1245865.3478325177
2025-05-09T13:30:00.000+0000,1334240.3124338903,1334240.3124338903,1244113.95909048
2025-05-09T13:40:00.000+0000,1334240.3124338903,1334240.3124338903,1250515.4372474095
2025-05-09T13:50:00.000+0000,1334240.3124338903,1334240.3124338903,1256784.7422952116
2025-05-09T14:00:00.000+0000,1334240.3124338903,1334240.3124338903,1248297.323202299
2025-05-09T14:10:00.000+0000,1334240.3124338903,1334240.3124338903,1249963.549505128
2025-05-09T14:20:00.000+0000,1334240.3124338903,1334240.3124338903,1232985.472062102
2025-05-09T14:30:00.000+0000,1334240.3124338903,1334240.3124338903,1223481.9336618257
2025-05-09T14:40:00.000+0000,1334240.3124338903,1334240.3124338903,1227754.9736954675
2025-05-09T14:50:00.000+0000,1334240.3124338903,1334240.3124338903,1231763.3424618165
2025-05-09T15:00:00.000+0000,1334240.3124338903,1334240.3124338903,1233711.837783169
2025-05-09T15:10:00.000+0000,1334240.3124338903,1334240.3124338903,1236766.2861855146
2025-05-09T15:20:00.000+0000,1334240.3124338903,1334240.3124338903,1229641.401203648
2025-05-09T15:30:00.000+0000,1334240.3124338903,1334240.3124338903,1228885.5260160319
2025-05-09T15:40:00.000+0000,1334240.3124338903,1334240.3124338903,1229277.4012493282
2025-05-09T15:50:00.000+0000,1334240.3124338903,1334240.3124338903,1235005.5226158253
2025-05-09T16:00:00.000+0000,1334240.3124338903,1334240.3124338903,1226091.1579792963
2025-05-09T16:10:00.000+0000,1334240.3124338903,1334240.3124338903,1228588.6069636173
2025-05-09T16:20:00.000+0000,1334240.3124338903,1334240.3124338903,1234778.1837748436
2025-05-09T16:30:00.000+0000,1334240.3124338903,1334240.3124338903,1235589.0049421883
2025-05-09T16:40:00.000+0000,1334240.3124338903,1334240.3124338903,1233394.6598742376
2025-05-09T16:50:00.000+0000,1334240.3124338903,1334240.3124338903,1229389.1101364172
2025-05-09T17:00:00.000+0000,1334240.3124338903,1334240.3124338903,1229730.520195074
2025-05-09T17:10:00.000+0000,1334240.3124338903,1334240.3124338903,1238300.0553692698
2025-05-09T17:20:00.000+0000,1334240.3124338903,1334240.3124338903,1242477.9615347898
2025-05-09T17:30:00.000+0000,1334240.3124338903,1334240.3124338903,1244290.813180748
2025-05-09T17:40:00.000+0000,1334240.3124338903,1334240.3124338903,1245496.7665634383
2025-05-09T17:50:00.000+0000,1334240.3124338903,1334240.3124338903,1247928.0126991963
2025-05-09T18:00:00.000+0000,1334240.3124338903,1334240.3124338903,1246658.6004473462
2025-05-09T18:10:00.000+0000,1334240.3124338903,1334240.3124338903,1246162.2486413675
2025-05-09T18:20:00.000+0000,1334240.3124338903,1334240.3124338903,1245598.4380228356
2025-05-09T18:30:00.000+0000,1334240.3124338903,1334240.3124338903,1246781.178357047
2025-05-09T18:40:00.000+0000,1334240.3124338903,1334240.3124338903,1247814.7369736815
2025-05-09T18:50:00.000+0000,1334240.3124338903,1334240.3124338903,1247724.0951430155
2025-05-09T19:00:00.000+0000,1334240.3124338903,1334240.3124338903,1247150.6853453885
2025-05-09T19:10:00.000+0000,1334240.3124338903,1334240.3124338903,1242050.2100268626
2025-05-09T19:20:00.000+0000,1334240.3124338903,1334240.3124338903,1239533.1767250712
2025-05-09T19:30:00.000+0000,1334240.3124338903,1334240.3124338903,1241708.0677562298
2025-05-09T19:40:00.000+0000,1334240.3124338903,1334240.3124338903,1241941.4440457928
2025-05-09T19:50:00.000+0000,1334240.3124338903,1334240.3124338903,1242787.6930620978
2025-05-09T20:00:00.000+0000,1334240.3124338903,1334240.3124338903,1245305.2755407305
2025-05-09T20:10:00.000+0000,1334240.3124338903,1334240.3124338903,1248158.2689499347
2025-05-09T20:20:00.000+0000,1334240.3124338903,1334240.3124338903,1250249.8589695601
2025-05-09T20:30:00.000+0000,1334240.3124338903,1334240.3124338903,1246602.4140643154
2025-05-09T20:40:00.000+0000,1334240.3124338903,1334240.3124338903,1246781.2917266693
2025-05-09T20:50:00.000+0000,1334240.3124338903,1334240.3124338903,1247932.7234451242
2025-05-09T21:00:00.000+0000,1334240.3124338903,1334240.3124338903,1248996.4711916095
2025-05-09T21:10:00.000+0000,1334240.3124338903,1334240.3124338903,1244506.482141204
2025-05-09T21:20:00.000+0000,1334240.3124338903,1334240.3124338903,1241632.5937912795
2025-05-09T21:30:00.000+0000,1334240.3124338903,1334240.3124338903,1246376.4903894989
2025-05-09T21:40:00.000+0000,1334240.3124338903,1334240.3124338903,1244458.0547311113
2025-05-09T21:50:00.000+0000,1334240.3124338903,1334240.3124338903,1246355.370059902
2025-05-09T22:00:00.000+0000,1334240.3124338903,1334240.3124338903,1247117.549902143
2025-05-09T22:10:00.000+0000,1334240.3124338903,1334240.3124338903,1246195.345263258
2025-05-09T22:20:00.000+0000,1334240.3124338903,1334240.3124338903,1248330.887289359
2025-05-09T22:30:00.000+0000,1334240.3124338903,1334240.3124338903,1249007.3526090325
2025-05-09T22:40:00.000+0000,1334240.3124338903,1334240.3124338903,1248517.6480079237
2025-05-09T22:50:00.000+0000,1334240.3124338903,1334240.3124338903,1247894.8550327176
2025-05-09T23:00:00.000+0000,1334240.3124338903,1334240.3124338903,1247547.821905398
2025-05-09T23:10:00.000+0000,1334240.3124338903,1334240.3124338903,1248921.1159798952
2025-05-09T23:20:00.000+0000,1334240.3124338903,1334240.3124338903,1249300.4405785874
2025-05-09T23:30:00.000+0000,1334240.3124338903,1334240.3124338903,1247695.5745058479
2025-05-09T23:40:00.000+0000,1334240.3124338903,1334240.3124338903,1247477.9468632163
2025-05-09T23:50:00.000+0000,1334240.3124338903,1334240.3124338903,1248408.16398948
2025-05-10T00:00:00.000+0000,1334240.3124338903,1334240.3124338903,1250110.680928999
2025-05-10T00:10:00.000+0000,1334240.3124338903,1334240.3124338903,1253341.3034632362
2025-05-10T00:20:00.000+0000,1334240.3124338903,1334240.3124338903,1253637.9593249934
2025-05-10T00:30:00.000+0000,1334240.3124338903,1334240.3124338903,1247462.3721474963
2025-05-10T00:40:00.000+0000,1334240.3124338903,1334240.3124338903,1242955.1911048545
2025-05-10T00:50:00.000+0000,1334240.3124338903,1334240.3124338903,1240156.0750569862
2025-05-10T01:00:00.000+0000,1334240.3124338903,1334240.3124338903,1243459.2560333598
2025-05-10T01:10:00.000+0000,1334240.3124338903,1334240.3124338903,1244579.7213555104
2025-05-10T01:20:00.000+0000,1334240.3124338903,1334240.3124338903,1247030.6895657557
2025-05-10T01:30:00.000+0000,1334240.3124338903,1334240.3124338903,1248007.6383512346
2025-05-10T01:40:00.000+0000,1334240.3124338903,1334240.3124338903,1245916.1236579525
2025-05-10T01:50:00.000+0000,1334240.3124338903,1334240.3124338903,1243762.7375831606
2025-05-10T02:00:00.000+0000,1334240.3124338903,1334240.3124338903,1245429.3777293325
2025-05-10T02:10:00.000+0000,1334240.3124338903,1334240.3124338903,1243944.1989674503
2025-05-10T02:20:00.000+0000,1334240.3124338903,1334240.3124338903,1245462.7225177686
2025-05-10T02:30:00.000+0000,1334240.3124338903,1334240.3124338903,1245830.523819658
2025-05-10T02:40:00.000+0000,1334240.3124338903,1334240.3124338903,1249102.5438192906
2025-05-10T02:50:00.000+0000,1334240.3124338903,1334240.3124338903,1247675.3656673345
2025-05-10T03:00:00.000+0000,1334240.3124338903,1334240.3124338903,1245369.4226941161
2025-05-10T03:10:00.000+0000,1334240.3124338903,1334240.3124338903,1245964.2626762013
2025-05-10T03:20:00.000+0000,1334240.3124338903,1334240.3124338903,1245121.7874006196
2025-05-10T03:30:00.000+0000,1334240.3124338903,1334240.3124338903,1245693.6616869783
2025-05-10T03:40:00.000+0000,1334240.3124338903,1334240.3124338903,1244223.7231570606
2025-05-10T03:50:00.000+0000,1334240.3124338903,1334240.3124338903,1245964.4344611112
2025-05-10T04:00:00.000+0000,1334240.3124338903,1334240.3124338903,1241591.3637646139
2025-05-10T04:10:00.000+0000,1334240.3124338903,1334240.3124338903,1240888.546335997
2025-05-10T04:20:00.000+0000,1334240.3124338903,1334240.3124338903,1241959.963500899
2025-05-10T04:30:00.000+0000,1334240.3124338903,1334240.3124338903,1240543.836404974
2025-05-10T04:40:00.000+0000,1334240.3124338903,1334240.3124338903,1242469.316477737
2025-05-10T04:50:00.000+0000,1334240.3124338903,1334240.3124338903,1243067.8556879947
2025-05-10T05:00:00.000+0000,1334240.3124338903,1334240.3124338903,1244306.426199106
2025-05-10T05:10:00.000+0000,1334240.3124338903,1334240.3124338903,1242889.165371238
2025-05-10T05:20:00.000+0000,1334240.3124338903,1334240.3124338903,1243416.2190146372
2025-05-10T05:30:00.000+0000,1334240.3124338903,1334240.3124338903,1242798.050468149
2025-05-10T05:40:00.000+0000,1334240.3124338903,1334240.3124338903,1244923.3245891437
2025-05-10T05:50:00.000+0000,1334240.3124338903,1334240.3124338903,1245961.9729533638
2025-05-10T06:00:00.000+0000,1334240.3124338903,1334240.3124338903,1249565.2214058985
2025-05-10T06:10:00.000+0000,1334240.3124338903,1334240.3124338903,1251216.6138259082
2025-05-10T06:20:00.000+0000,1334240.3124338903,1334240.3124338903,1253661.8624553476
2025-05-10T06:30:00.000+0000,1334240.3124338903,1334240.3124338903,1253688.134408769
2025-05-10T06:40:00.000+0000,1334240.3124338903,1334240.3124338903,1249735.5692677654
2025-05-10T06:50:00.000+0000,1334240.3124338903,1334240.3124338903,1250084.1547816915
2025-05-10T07:00:00.000+0000,1334240.3124338903,1334240.3124338903,1254302.5795811904
2025-05-10T07:10:00.000+0000,1334240.3124338903,1334240.3124338903,1252859.7047765437
2025-05-10T07:20:00.000+0000,1334240.3124338903,1334240.3124338903,1250466.287435904
2025-05-10T07:30:00.000+0000,1334240.3124338903,1334240.3124338903,1252023.3963985702
2025-05-10T07:40:00.000+0000,1334240.3124338903,1334240.3124338903,1252433.2129886346
2025-05-10T07:50:00.000+0000,1334240.3124338903,1334240.3124338903,1253098.9325373175
2025-05-10T08:00:00.000+0000,1334240.3124338903,1334240.3124338903,1262804.471333689
2025-05-10T08:10:00.000+0000,1334240.3124338903,1334240.3124338903,1262639.4876245724
2025-05-10T08:20:00.000+0000,1334240.3124338903,1334240.3124338903,1263390.4891259158
2025-05-10T08:30:00.000+0000,1334240.3124338903,1334240.3124338903,1264801.1172185913
2025-05-10T08:40:00.000+0000,1334240.3124338903,1334240.3124338903,1263692.1810955736
2025-05-10T08:50:00.000+0000,1334240.3124338903,1334240.3124338903,1254070.9545691323
2025-05-10T09:00:00.000+0000,1334240.3124338903,1334240.3124338903,1251562.8257411642
2025-05-10T09:10:00.000+0000,1334240.3124338903,1334240.3124338903,1250585.228342324
2025-05-10T09:20:00.000+0000,1334240.3124338903,1334240.3124338903,1254304.0312344853
2025-05-10T09:30:00.000+0000,1334240.3124338903,1334240.3124338903,1255516.7130328594
2025-05-10T09:40:00.000+0000,1334240.3124338903,1334240.3124338903,1259748.2885827525
2025-05-10T09:50:00.000+0000,1334240.3124338903,1334240.3124338903,1261715.1061137556
2025-05-10T10:00:00.000+0000,1334240.3124338903,1334240.3124338903,1256903.7217457693
2025-05-10T10:10:00.000+0000,1334240.3124338903,1334240.3124338903,1260510.4614673713
2025-05-10T10:20:00.000+0000,1334240.3124338903,1334240.3124338903,1260163.3235377774
2025-05-10T10:30:00.000+0000,1334240.3124338903,1334240.3124338903,1261243.5937188375
2025-05-10T10:40:00.000+0000,1334240.3124338903,1334240.3124338903,1259930.4921324519
2025-05-10T10:50:00.000+0000,1334240.3124338903,1334240.3124338903,1255084.2818825208
2025-05-10T11:00:00.000+0000,1334240.3124338903,1334240.3124338903,1253693.55971326
2025-05-10T11:10:00.000+0000,1334240.3124338903,1334240.3124338903,1253079.1306023845
2025-05-10T11:20:00.000+0000,1334240.3124338903,1334240.3124338903,1252929.4436714351
2025-05-10T11:30:00.000+0000,1334240.3124338903,1334240.3124338903,1250075.4432964372
2025-05-10T11:40:00.000+0000,1334240.3124338903,1334240.3124338903,1246858.583674543
2025-05-10T11:50:00.000+0000,1334240.3124338903,1334240.3124338903,1248348.1732630671
2025-05-10T12:00:00.000+0000,1334240.3124338903,1334240.3124338903,1249621.5315949847
2025-05-10T12:10:00.000+0000,1334240.3124338903,1334240.3124338903,1253580.1419559838
2025-05-10T12:20:00.000+0000,1334240.3124338903,1334240.3124338903,1255362.3142828315
2025-05-10T12:30:00.000+0000,1334240.3124338903,1334240.3124338903,1257249.8299497603
2025-05-10T12:40:00.000+0000,1334240.3124338903,1334240.3124338903,1256400.673441415
2025-05-10T12:50:00.000+0000,1334240.3124338903,1334240.3124338903,1258839.5498791593
2025-05-10T13:00:00.000+0000,1334240.3124338903,1334240.3124338903,1260072.2582232691
2025-05-10T13:10:00.000+0000,1334240.3124338903,1334240.3124338903,1259433.105235116
2025-05-10T13:20:00.000+0000,1334240.3124338903,1334240.3124338903,1259753.1754419112
2025-05-10T13:30:00.000+0000,1334240.3124338903,1334240.3124338903,1260020.125700533
2025-05-10T13:40:00.000+0000,1334240.3124338903,1334240.3124338903,1261232.2526969535
2025-05-10T13:50:00.000+0000,1334240.3124338903,1334240.3124338903,1264901.8420680023
2025-05-10T14:00:00.000+0000,1334240.3124338903,1334240.3124338903,1261584.4892008393
2025-05-10T14:10:00.000+0000,1334240.3124338903,1334240.3124338903,1256542.5947547387
2025-05-10T14:20:00.000+0000,1334240.3124338903,1334240.3124338903,1257550.1250325353
2025-05-10T14:30:00.000+0000,1334240.3124338903,1334240.3124338903,1259611.2884694152
2025-05-10T14:40:00.000+0000,1334240.3124338903,1334240.3124338903,1261124.264259555
2025-05-10T14:50:00.000+0000,1334240.3124338903,1334240.3124338903,1263469.629954448
2025-05-10T15:00:00.000+0000,1334240.3124338903,1334240.3124338903,1263362.1960417856
2025-05-10T15:10:00.000+0000,1334240.3124338903,1334240.3124338903,1261637.8249152496
2025-05-10T15:20:00.000+0000,1334240.3124338903,1334240.3124338903,1262587.4626048463
2025-05-10T15:30:00.000+0000,1334240.3124338903,1334240.3124338903,1261510.459082052
2025-05-10T15:40:00.000+0000,1334240.3124338903,1334240.3124338903,1263382.895883352
2025-05-10T15:50:00.000+0000,1334240.3124338903,1334240.3124338903,1261827.8640967393
2025-05-10T16:00:00.000+0000,1334240.3124338903,1334240.3124338903,1261225.156619131
2025-05-10T16:10:00.000+0000,1334240.3124338903,1334240.3124338903,1262552.7485185158
2025-05-10T16:20:00.000+0000,1334240.3124338903,1334240.3124338903,1266083.653758575
2025-05-10T16:30:00.000+0000,1334240.3124338903,1334240.3124338903,1265340.9322457297
