date,total_balance_normal,unlocked_balance_normal,benchmark,total_balance_short_only,unlocked_balance_short_only,total_balance_long_only,unlocked_balance_long_only
2025-02-24T19:10:00.000+0000,1000000.0,1000000.0,999999.9999999999,1000000.0,1000000.0,1000000.0,1000000.0
2025-02-24T19:20:00.000+0000,996079.28159964,31116.631840000096,999999.9999999999,1000000.0,1000000.0,996115.9936359202,40188.86752000022
2025-02-24T19:30:00.000+0000,998252.3977248318,998252.3977248318,999999.9999999999,1000000.0,1000000.0,998268.7617525519,998268.7617525519
2025-02-24T19:40:00.000+0000,998252.3977248318,998252.3977248318,999999.9999999999,1000000.0,1000000.0,998268.7617525519,998268.7617525519
2025-02-24T19:50:00.000+0000,998252.3977248318,998252.3977248318,999999.9999999999,1000000.0,1000000.0,998268.7617525519,998268.7617525519
2025-02-24T20:00:00.000+0000,998252.3977248318,998252.3977248318,999999.9999999999,1000000.0,1000000.0,998268.7617525519,998268.7617525519
2025-02-24T20:10:00.000+0000,998252.3977248318,998252.3977248318,999999.9999999999,1000000.0,1000000.0,998268.7617525519,998268.7617525519
2025-02-24T20:20:00.000+0000,998252.3977248318,998252.3977248318,999999.9999999999,1000000.0,1000000.0,998268.7617525519,998268.7617525519
2025-02-24T20:30:00.000+0000,998252.3977248318,998252.3977248318,999999.9999999999,1000000.0,1000000.0,998268.7617525519,998268.7617525519
2025-02-24T20:40:00.000+0000,998252.3977248318,998252.3977248318,999999.9999999999,1000000.0,1000000.0,998268.7617525519,998268.7617525519
2025-02-24T20:50:00.000+0000,998252.3977248318,998252.3977248318,999999.9999999999,1000000.0,1000000.0,998268.7617525519,998268.7617525519
2025-02-24T21:00:00.000+0000,998252.3977248318,998252.3977248318,999999.9999999999,1000000.0,1000000.0,998268.7617525519,998268.7617525519
2025-02-24T21:10:00.000+0000,998252.3977248318,998252.3977248318,999999.9999999999,1000000.0,1000000.0,998268.7617525519,998268.7617525519
2025-02-24T21:20:00.000+0000,998252.3977248318,998252.3977248318,999999.9999999999,1000000.0,1000000.0,998268.7617525519,998268.7617525519
2025-02-24T21:30:00.000+0000,998252.3977248318,998252.3977248318,999999.9999999999,1000000.0,1000000.0,998268.7617525519,998268.7617525519
2025-02-24T21:40:00.000+0000,998252.3977248318,998252.3977248318,999999.9999999999,1000000.0,1000000.0,998268.7617525519,998268.7617525519
2025-02-24T21:50:00.000+0000,998252.3977248318,998252.3977248318,999999.9999999999,1000000.0,1000000.0,998268.7617525519,998268.7617525519
2025-02-24T22:00:00.000+0000,998252.3977248318,998252.3977248318,999999.9999999999,1000000.0,1000000.0,998268.7617525519,998268.7617525519
2025-02-24T22:10:00.000+0000,997478.5247549117,30911.185324831902,999999.9999999999,1000000.0,1000000.0,997502.1223852716,39969.55265255196
2025-02-24T22:20:00.000+0000,997478.5247549121,997478.5247549121,999999.9999999999,1000000.0,1000000.0,997502.1223852716,997502.1223852716
2025-02-24T22:30:00.000+0000,997478.5247549121,997478.5247549121,999999.9999999999,1000000.0,1000000.0,997502.1223852716,997502.1223852716
2025-02-24T22:40:00.000+0000,997478.5247549121,997478.5247549121,999999.9999999999,1000000.0,1000000.0,997502.1223852716,997502.1223852716
2025-02-24T22:50:00.000+0000,997478.5247549121,997478.5247549121,999999.9999999999,1000000.0,1000000.0,997502.1223852716,997502.1223852716
2025-02-24T23:00:00.000+0000,997478.5247549121,997478.5247549121,999999.9999999999,1000000.0,1000000.0,997502.1223852716,997502.1223852716
2025-02-24T23:10:00.000+0000,997478.5247549121,997478.5247549121,999999.9999999999,1000000.0,1000000.0,997502.1223852716,997502.1223852716
2025-02-24T23:20:00.000+0000,997478.5247549121,997478.5247549121,999999.9999999999,1000000.0,1000000.0,997502.1223852716,997502.1223852716
2025-02-24T23:30:00.000+0000,997478.5247549121,997478.5247549121,999999.9999999999,1000000.0,1000000.0,997502.1223852716,997502.1223852716
2025-02-24T23:40:00.000+0000,997478.5247549121,997478.5247549121,999999.9999999999,1000000.0,1000000.0,997502.1223852716,997502.1223852716
2025-02-24T23:50:00.000+0000,997478.5247549121,997478.5247549121,999999.9999999999,1000000.0,1000000.0,997502.1223852716,997502.1223852716
2025-02-25T00:00:00.000+0000,997478.5247549121,997478.5247549121,999999.9999999999,1000000.0,1000000.0,997502.1223852716,997502.1223852716
2025-02-25T00:10:00.000+0000,997478.5247549121,997478.5247549121,999999.9999999999,1000000.0,1000000.0,997502.1223852716,997502.1223852716
2025-02-25T00:20:00.000+0000,997478.5247549121,997478.5247549121,999999.9999999999,1000000.0,1000000.0,997502.1223852716,997502.1223852716
2025-02-25T00:30:00.000+0000,997478.5247549121,997478.5247549121,999999.9999999999,1000000.0,1000000.0,997502.1223852716,997502.1223852716
2025-02-25T00:40:00.000+0000,997478.5247549121,997478.5247549121,999999.9999999999,1000000.0,1000000.0,997502.1223852716,997502.1223852716
2025-02-25T00:50:00.000+0000,997478.5247549121,997478.5247549121,999999.9999999999,1000000.0,1000000.0,997502.1223852716,997502.1223852716
2025-02-25T01:00:00.000+0000,997478.5247549121,997478.5247549121,999999.9999999999,1000000.0,1000000.0,997502.1223852716,997502.1223852716
2025-02-25T01:10:00.000+0000,997478.5247549121,997478.5247549121,999999.9999999999,1000000.0,1000000.0,997502.1223852716,997502.1223852716
2025-02-25T01:20:00.000+0000,997478.5247549121,997478.5247549121,999999.9999999999,1000000.0,1000000.0,997502.1223852716,997502.1223852716
2025-02-25T01:30:00.000+0000,997478.5247549121,997478.5247549121,999999.9999999999,1000000.0,1000000.0,997502.1223852716,997502.1223852716
2025-02-25T01:40:00.000+0000,997478.5247549121,997478.5247549121,999999.9999999999,1000000.0,1000000.0,997502.1223852716,997502.1223852716
2025-02-25T01:50:00.000+0000,997478.5247549121,997478.5247549121,999999.9999999999,1000000.0,1000000.0,997502.1223852716,997502.1223852716
2025-02-25T02:00:00.000+0000,997478.5247549121,997478.5247549121,999999.9999999999,1000000.0,1000000.0,997502.1223852716,997502.1223852716
2025-02-25T02:10:00.000+0000,997478.5247549121,997478.5247549121,999999.9999999999,1000000.0,1000000.0,997502.1223852716,997502.1223852716
2025-02-25T02:20:00.000+0000,997478.5247549121,997478.5247549121,999999.9999999999,1000000.0,1000000.0,997502.1223852716,997502.1223852716
2025-02-25T02:30:00.000+0000,997478.5247549121,997478.5247549121,999999.9999999999,1000000.0,1000000.0,997502.1223852716,997502.1223852716
2025-02-25T02:40:00.000+0000,997478.5247549121,997478.5247549121,999999.9999999999,1000000.0,1000000.0,997502.1223852716,997502.1223852716
2025-02-25T02:50:00.000+0000,997478.5247549121,997478.5247549121,999999.9999999999,1000000.0,1000000.0,997502.1223852716,997502.1223852716
2025-02-25T03:00:00.000+0000,997478.5247549121,997478.5247549121,999999.9999999999,1000000.0,1000000.0,997502.1223852716,997502.1223852716
2025-02-25T03:10:00.000+0000,997478.5247549121,997478.5247549121,999999.9999999999,1000000.0,1000000.0,997502.1223852716,997502.1223852716
2025-02-25T03:20:00.000+0000,997478.5247549121,997478.5247549121,999999.9999999999,1000000.0,1000000.0,997502.1223852716,997502.1223852716
2025-02-25T03:30:00.000+0000,997478.5247549121,997478.5247549121,999999.9999999999,1000000.0,1000000.0,997502.1223852716,997502.1223852716
2025-02-25T03:40:00.000+0000,997478.5247549121,997478.5247549121,999999.9999999999,1000000.0,1000000.0,997502.1223852716,997502.1223852716
2025-02-25T03:50:00.000+0000,997478.5247549121,997478.5247549121,999999.9999999999,1000000.0,1000000.0,997502.1223852716,997502.1223852716
2025-02-25T04:00:00.000+0000,997478.5247549121,997478.5247549121,999999.9999999999,1000000.0,1000000.0,997502.1223852716,997502.1223852716
2025-02-25T04:10:00.000+0000,997478.5247549121,997478.5247549121,999999.9999999999,1000000.0,1000000.0,997502.1223852716,997502.1223852716
2025-02-25T04:20:00.000+0000,997478.5247549121,997478.5247549121,999999.9999999999,1000000.0,1000000.0,997502.1223852716,997502.1223852716
2025-02-25T04:30:00.000+0000,997478.5247549121,997478.5247549121,999999.9999999999,1000000.0,1000000.0,997502.1223852716,997502.1223852716
2025-02-25T04:40:00.000+0000,997478.5247549121,997478.5247549121,999999.9999999999,1000000.0,1000000.0,997502.1223852716,997502.1223852716
2025-02-25T04:50:00.000+0000,997478.5247549121,997478.5247549121,999999.9999999999,1000000.0,1000000.0,997502.1223852716,997502.1223852716
2025-02-25T05:00:00.000+0000,997478.5247549121,997478.5247549121,999999.9999999999,1000000.0,1000000.0,997502.1223852716,997502.1223852716
2025-02-25T05:10:00.000+0000,997478.5247549121,997478.5247549121,999999.9999999999,1000000.0,1000000.0,997502.1223852716,997502.1223852716
2025-02-25T05:20:00.000+0000,997478.5247549121,997478.5247549121,999999.9999999999,1000000.0,1000000.0,997502.1223852716,997502.1223852716
2025-02-25T05:30:00.000+0000,997478.5247549121,997478.5247549121,999999.9999999999,1000000.0,1000000.0,997502.1223852716,997502.1223852716
2025-02-25T05:40:00.000+0000,997478.5247549121,997478.5247549121,999999.9999999999,1000000.0,1000000.0,997502.1223852716,997502.1223852716
2025-02-25T05:50:00.000+0000,997478.5247549121,997478.5247549121,999999.9999999999,1000000.0,1000000.0,997502.1223852716,997502.1223852716
2025-02-25T06:00:00.000+0000,997478.5247549121,997478.5247549121,999999.9999999999,1000000.0,1000000.0,997502.1223852716,997502.1223852716
2025-02-25T06:10:00.000+0000,997478.5247549121,997478.5247549121,999999.9999999999,1000000.0,1000000.0,997502.1223852716,997502.1223852716
2025-02-25T06:20:00.000+0000,997478.5247549121,997478.5247549121,999999.9999999999,1000000.0,1000000.0,997502.1223852716,997502.1223852716
2025-02-25T06:30:00.000+0000,997478.5247549121,997478.5247549121,999999.9999999999,1000000.0,1000000.0,997502.1223852716,997502.1223852716
2025-02-25T06:40:00.000+0000,997478.5247549121,997478.5247549121,999999.9999999999,1000000.0,1000000.0,997502.1223852716,997502.1223852716
2025-02-25T06:50:00.000+0000,997478.5247549121,997478.5247549121,999999.9999999999,1000000.0,1000000.0,997502.1223852716,997502.1223852716
2025-02-25T07:00:00.000+0000,997478.5247549121,997478.5247549121,999999.9999999999,1000000.0,1000000.0,997502.1223852716,997502.1223852716
2025-02-25T07:10:00.000+0000,997478.5247549121,997478.5247549121,999999.9999999999,1000000.0,1000000.0,997502.1223852716,997502.1223852716
2025-02-25T07:20:00.000+0000,997478.5247549121,997478.5247549121,999999.9999999999,1000000.0,1000000.0,997502.1223852716,997502.1223852716
2025-02-25T07:30:00.000+0000,997478.5247549121,997478.5247549121,999999.9999999999,1000000.0,1000000.0,997502.1223852716,997502.1223852716
2025-02-25T07:40:00.000+0000,997478.5247549121,997478.5247549121,999999.9999999999,1000000.0,1000000.0,997502.1223852716,997502.1223852716
2025-02-25T07:50:00.000+0000,997478.5247549121,997478.5247549121,999999.9999999999,1000000.0,1000000.0,997502.1223852716,997502.1223852716
2025-02-25T08:00:00.000+0000,997478.5247549121,997478.5247549121,999999.9999999999,1000000.0,1000000.0,997502.1223852716,997502.1223852716
2025-02-25T08:10:00.000+0000,997478.5247549121,997478.5247549121,999999.9999999999,1000000.0,1000000.0,997502.1223852716,997502.1223852716
2025-02-25T08:20:00.000+0000,997478.5247549121,997478.5247549121,999999.9999999999,1000000.0,1000000.0,997502.1223852716,997502.1223852716
2025-02-25T08:30:00.000+0000,997478.5247549121,997478.5247549121,999999.9999999999,1000000.0,1000000.0,997502.1223852716,997502.1223852716
2025-02-25T08:40:00.000+0000,997478.5247549121,997478.5247549121,999999.9999999999,1000000.0,1000000.0,997502.1223852716,997502.1223852716
2025-02-25T08:50:00.000+0000,997478.5247549121,997478.5247549121,999999.9999999999,1000000.0,1000000.0,997502.1223852716,997502.1223852716
2025-02-25T09:00:00.000+0000,997478.5247549121,997478.5247549121,999999.9999999999,1000000.0,1000000.0,997502.1223852716,997502.1223852716
2025-02-25T09:10:00.000+0000,997478.5247549121,997478.5247549121,999999.9999999999,1000000.0,1000000.0,997502.1223852716,997502.1223852716
2025-02-25T09:20:00.000+0000,997478.5247549121,997478.5247549121,999999.9999999999,1000000.0,1000000.0,997502.1223852716,997502.1223852716
2025-02-25T09:30:00.000+0000,997478.5247549121,997478.5247549121,999999.9999999999,1000000.0,1000000.0,997502.1223852716,997502.1223852716
2025-02-25T09:40:00.000+0000,997478.5247549121,997478.5247549121,999999.9999999999,1000000.0,1000000.0,997502.1223852716,997502.1223852716
2025-02-25T09:50:00.000+0000,997478.5247549121,997478.5247549121,999999.9999999999,1000000.0,1000000.0,997502.1223852716,997502.1223852716
2025-02-25T10:00:00.000+0000,997478.5247549121,997478.5247549121,999999.9999999999,1000000.0,1000000.0,997502.1223852716,997502.1223852716
2025-02-25T10:10:00.000+0000,997478.5247549121,997478.5247549121,999999.9999999999,1000000.0,1000000.0,997502.1223852716,997502.1223852716
2025-02-25T10:20:00.000+0000,997478.5247549121,997478.5247549121,999999.9999999999,1000000.0,1000000.0,997502.1223852716,997502.1223852716
2025-02-25T10:30:00.000+0000,997478.5247549121,997478.5247549121,999999.9999999999,1000000.0,1000000.0,997502.1223852716,997502.1223852716
2025-02-25T10:40:00.000+0000,997478.5247549121,997478.5247549121,999999.9999999999,1000000.0,1000000.0,997502.1223852716,997502.1223852716
2025-02-25T10:50:00.000+0000,997478.5247549121,997478.5247549121,999999.9999999999,1000000.0,1000000.0,997502.1223852716,997502.1223852716
2025-02-25T11:00:00.000+0000,997478.5247549121,997478.5247549121,999999.9999999999,1000000.0,1000000.0,997502.1223852716,997502.1223852716
2025-02-25T11:10:00.000+0000,997478.5247549121,997478.5247549121,999999.9999999999,1000000.0,1000000.0,997502.1223852716,997502.1223852716
2025-02-25T11:20:00.000+0000,997478.5247549121,997478.5247549121,999999.9999999999,1000000.0,1000000.0,997502.1223852716,997502.1223852716
2025-02-25T11:30:00.000+0000,997478.5247549121,997478.5247549121,999999.9999999999,1000000.0,1000000.0,997502.1223852716,997502.1223852716
2025-02-25T11:40:00.000+0000,997478.5247549121,997478.5247549121,999999.9999999999,1000000.0,1000000.0,997502.1223852716,997502.1223852716
2025-02-25T11:50:00.000+0000,997478.5247549121,997478.5247549121,999999.9999999999,1000000.0,1000000.0,997502.1223852716,997502.1223852716
2025-02-25T12:00:00.000+0000,997478.5247549121,997478.5247549121,999999.9999999999,1000000.0,1000000.0,997502.1223852716,997502.1223852716
2025-02-25T12:10:00.000+0000,997478.5247549121,997478.5247549121,999999.9999999999,1000000.0,1000000.0,997502.1223852716,997502.1223852716
2025-02-25T12:20:00.000+0000,997478.5247549121,997478.5247549121,999999.9999999999,1000000.0,1000000.0,997502.1223852716,997502.1223852716
2025-02-25T12:30:00.000+0000,997478.5247549121,997478.5247549121,999999.9999999999,1000000.0,1000000.0,997502.1223852716,997502.1223852716
2025-02-25T12:40:00.000+0000,997478.5247549121,997478.5247549121,999999.9999999999,1000000.0,1000000.0,997502.1223852716,997502.1223852716
2025-02-25T12:50:00.000+0000,997478.5247549121,997478.5247549121,999999.9999999999,1000000.0,1000000.0,997502.1223852716,997502.1223852716
2025-02-25T13:00:00.000+0000,997478.5247549121,997478.5247549121,999999.9999999999,1000000.0,1000000.0,997502.1223852716,997502.1223852716
2025-02-25T13:10:00.000+0000,997478.5247549121,997478.5247549121,999999.9999999999,1000000.0,1000000.0,997502.1223852716,997502.1223852716
2025-02-25T13:20:00.000+0000,997478.5247549121,997478.5247549121,999999.9999999999,1000000.0,1000000.0,997502.1223852716,997502.1223852716
2025-02-25T13:30:00.000+0000,997478.5247549121,997478.5247549121,999999.9999999999,1000000.0,1000000.0,997502.1223852716,997502.1223852716
2025-02-25T13:40:00.000+0000,997478.5247549121,997478.5247549121,999999.9999999999,1000000.0,1000000.0,997502.1223852716,997502.1223852716
2025-02-25T13:50:00.000+0000,997478.5247549121,997478.5247549121,999999.9999999999,1000000.0,1000000.0,997502.1223852716,997502.1223852716
2025-02-25T14:00:00.000+0000,997478.5247549121,997478.5247549121,999999.9999999999,1000000.0,1000000.0,997502.1223852716,997502.1223852716
2025-02-25T14:10:00.000+0000,997478.5247549121,997478.5247549121,999999.9999999999,1000000.0,1000000.0,997502.1223852716,997502.1223852716
2025-02-25T14:20:00.000+0000,997478.5247549121,997478.5247549121,999999.9999999999,1000000.0,1000000.0,997502.1223852716,997502.1223852716
2025-02-25T14:30:00.000+0000,997478.5247549121,997478.5247549121,999999.9999999999,1000000.0,1000000.0,997502.1223852716,997502.1223852716
2025-02-25T14:40:00.000+0000,997478.5247549121,997478.5247549121,999999.9999999999,1000000.0,1000000.0,997502.1223852716,997502.1223852716
2025-02-25T14:50:00.000+0000,997478.5247549121,997478.5247549121,999999.9999999999,1000000.0,1000000.0,997502.1223852716,997502.1223852716
2025-02-25T15:00:00.000+0000,997478.5247549121,997478.5247549121,999999.9999999999,1000000.0,1000000.0,997502.1223852716,997502.1223852716
2025-02-25T15:10:00.000+0000,997478.5247549121,997478.5247549121,999999.9999999999,1000000.0,1000000.0,997502.1223852716,997502.1223852716
2025-02-25T15:20:00.000+0000,997478.5247549121,997478.5247549121,999999.9999999999,1000000.0,1000000.0,997502.1223852716,997502.1223852716
2025-02-25T15:30:00.000+0000,997478.5247549121,997478.5247549121,999999.9999999999,1000000.0,1000000.0,997502.1223852716,997502.1223852716
2025-02-25T15:40:00.000+0000,997478.5247549121,997478.5247549121,999999.9999999999,1000000.0,1000000.0,997502.1223852716,997502.1223852716
2025-02-25T15:50:00.000+0000,997478.5247549121,997478.5247549121,999999.9999999999,1000000.0,1000000.0,997502.1223852716,997502.1223852716
2025-02-25T16:00:00.000+0000,997478.5247549121,997478.5247549121,999999.9999999999,1000000.0,1000000.0,997502.1223852716,997502.1223852716
2025-02-25T16:10:00.000+0000,997478.5247549121,997478.5247549121,999999.9999999999,1000000.0,1000000.0,997502.1223852716,997502.1223852716
2025-02-25T16:20:00.000+0000,997478.5247549121,997478.5247549121,999999.9999999999,1000000.0,1000000.0,997502.1223852716,997502.1223852716
2025-02-25T16:30:00.000+0000,997478.5247549121,997478.5247549121,999999.9999999999,1000000.0,1000000.0,997502.1223852716,997502.1223852716
2025-02-25T16:40:00.000+0000,997478.5247549121,997478.5247549121,999999.9999999999,1000000.0,1000000.0,997502.1223852716,997502.1223852716
2025-02-25T16:50:00.000+0000,997478.5247549121,997478.5247549121,999999.9999999999,1000000.0,1000000.0,997502.1223852716,997502.1223852716
2025-02-25T17:00:00.000+0000,997478.5247549121,997478.5247549121,999999.9999999999,1000000.0,1000000.0,997502.1223852716,997502.1223852716
2025-02-25T17:10:00.000+0000,997226.0991155203,681946.4755149122,999999.9999999999,999872.3397013281,840424.6266600001,997502.1223852716,997502.1223852716
2025-02-25T17:20:00.000+0000,997383.0907716401,997383.0907716401,999999.9999999999,999951.7357836078,999951.7357836078,997502.1223852716,997502.1223852716
2025-02-25T17:30:00.000+0000,997383.0907716401,997383.0907716401,999999.9999999999,999951.7357836078,999951.7357836078,997502.1223852716,997502.1223852716
2025-02-25T17:40:00.000+0000,997383.0907716401,997383.0907716401,999999.9999999999,999951.7357836078,999951.7357836078,997502.1223852716,997502.1223852716
2025-02-25T17:50:00.000+0000,997383.0907716401,997383.0907716401,999999.9999999999,999951.7357836078,999951.7357836078,997502.1223852716,997502.1223852716
2025-02-25T18:00:00.000+0000,997383.0907716401,997383.0907716401,999999.9999999999,999951.7357836078,999951.7357836078,997502.1223852716,997502.1223852716
2025-02-25T18:10:00.000+0000,997383.0907716401,997383.0907716401,999999.9999999999,999951.7357836078,999951.7357836078,997502.1223852716,997502.1223852716
2025-02-25T18:20:00.000+0000,997383.0907716401,997383.0907716401,999999.9999999999,999951.7357836078,999951.7357836078,997502.1223852716,997502.1223852716
2025-02-25T18:30:00.000+0000,997383.0907716401,997383.0907716401,999999.9999999999,999951.7357836078,999951.7357836078,997502.1223852716,997502.1223852716
2025-02-25T18:40:00.000+0000,997383.0907716401,997383.0907716401,999999.9999999999,999951.7357836078,999951.7357836078,997502.1223852716,997502.1223852716
2025-02-25T18:50:00.000+0000,997383.0907716401,997383.0907716401,999999.9999999999,999951.7357836078,999951.7357836078,997502.1223852716,997502.1223852716
2025-02-25T19:00:00.000+0000,995794.2593249199,691.4619716399911,999999.9999999999,998974.6080312883,388896.85919272836,997502.1223852716,997502.1223852716
2025-02-25T19:10:00.000+0000,995794.2593249199,995794.2593249199,999999.9999999999,998974.6080312883,998974.6080312883,997502.1223852716,997502.1223852716
2025-02-25T19:20:00.000+0000,995794.2593249199,995794.2593249199,999999.9999999999,998974.6080312883,998974.6080312883,997502.1223852716,997502.1223852716
2025-02-25T19:30:00.000+0000,995794.2593249199,995794.2593249199,999999.9999999999,998974.6080312883,998974.6080312883,997502.1223852716,997502.1223852716
2025-02-25T19:40:00.000+0000,995794.2593249199,995794.2593249199,999999.9999999999,998974.6080312883,998974.6080312883,997502.1223852716,997502.1223852716
2025-02-25T19:50:00.000+0000,995794.2593249199,995794.2593249199,999999.9999999999,998974.6080312883,998974.6080312883,997502.1223852716,997502.1223852716
2025-02-25T20:00:00.000+0000,995794.2593249199,995794.2593249199,999999.9999999999,998974.6080312883,998974.6080312883,997502.1223852716,997502.1223852716
2025-02-25T20:10:00.000+0000,995794.2593249199,995794.2593249199,999999.9999999999,998974.6080312883,998974.6080312883,997502.1223852716,997502.1223852716
2025-02-25T20:20:00.000+0000,995794.2593249199,995794.2593249199,999999.9999999999,998974.6080312883,998974.6080312883,997502.1223852716,997502.1223852716
2025-02-25T20:30:00.000+0000,995794.2593249199,995794.2593249199,999999.9999999999,998974.6080312883,998974.6080312883,997502.1223852716,997502.1223852716
2025-02-25T20:40:00.000+0000,995794.2593249199,995794.2593249199,999999.9999999999,998974.6080312883,998974.6080312883,997502.1223852716,997502.1223852716
2025-02-25T20:50:00.000+0000,995794.2593249199,995794.2593249199,999999.9999999999,998974.6080312883,998974.6080312883,997502.1223852716,997502.1223852716
2025-02-25T21:00:00.000+0000,995794.2593249199,995794.2593249199,999999.9999999999,998974.6080312883,998974.6080312883,997502.1223852716,997502.1223852716
2025-02-25T21:10:00.000+0000,995794.2593249199,995794.2593249199,999999.9999999999,998974.6080312883,998974.6080312883,997502.1223852716,997502.1223852716
2025-02-25T21:20:00.000+0000,995794.2593249199,995794.2593249199,999999.9999999999,998974.6080312883,998974.6080312883,997502.1223852716,997502.1223852716
2025-02-25T21:30:00.000+0000,995794.2593249199,995794.2593249199,999999.9999999999,998974.6080312883,998974.6080312883,997502.1223852716,997502.1223852716
2025-02-25T21:40:00.000+0000,995794.2593249199,995794.2593249199,999999.9999999999,998974.6080312883,998974.6080312883,997502.1223852716,997502.1223852716
2025-02-25T21:50:00.000+0000,995794.2593249199,995794.2593249199,999999.9999999999,998974.6080312883,998974.6080312883,997502.1223852716,997502.1223852716
2025-02-25T22:00:00.000+0000,995794.2593249199,995794.2593249199,999999.9999999999,998974.6080312883,998974.6080312883,997502.1223852716,997502.1223852716
2025-02-25T22:10:00.000+0000,995794.2593249199,995794.2593249199,999999.9999999999,998974.6080312883,998974.6080312883,997502.1223852716,997502.1223852716
2025-02-25T22:20:00.000+0000,995794.2593249199,995794.2593249199,999999.9999999999,998974.6080312883,998974.6080312883,997502.1223852716,997502.1223852716
2025-02-25T22:30:00.000+0000,995794.2593249199,995794.2593249199,999999.9999999999,998974.6080312883,998974.6080312883,997502.1223852716,997502.1223852716
2025-02-25T22:40:00.000+0000,995794.2593249199,995794.2593249199,999999.9999999999,998974.6080312883,998974.6080312883,997502.1223852716,997502.1223852716
2025-02-25T22:50:00.000+0000,995794.2593249199,995794.2593249199,999999.9999999999,998974.6080312883,998974.6080312883,997502.1223852716,997502.1223852716
2025-02-25T23:00:00.000+0000,995794.2593249199,995794.2593249199,999999.9999999999,998974.6080312883,998974.6080312883,997502.1223852716,997502.1223852716
2025-02-25T23:10:00.000+0000,995794.2593249199,995794.2593249199,999999.9999999999,998974.6080312883,998974.6080312883,997502.1223852716,997502.1223852716
2025-02-25T23:20:00.000+0000,995794.2593249199,995794.2593249199,999999.9999999999,998974.6080312883,998974.6080312883,997502.1223852716,997502.1223852716
2025-02-25T23:30:00.000+0000,995794.2593249199,995794.2593249199,999999.9999999999,998974.6080312883,998974.6080312883,997502.1223852716,997502.1223852716
2025-02-25T23:40:00.000+0000,995794.2593249199,995794.2593249199,999999.9999999999,998974.6080312883,998974.6080312883,997502.1223852716,997502.1223852716
2025-02-25T23:50:00.000+0000,995794.2593249199,995794.2593249199,999999.9999999999,998974.6080312883,998974.6080312883,997502.1223852716,997502.1223852716
2025-02-26T00:00:00.000+0000,995794.2593249199,995794.2593249199,999999.9999999999,998974.6080312883,998974.6080312883,997502.1223852716,997502.1223852716
2025-02-26T00:10:00.000+0000,995794.2593249199,995794.2593249199,999999.9999999999,998974.6080312883,998974.6080312883,997502.1223852716,997502.1223852716
2025-02-26T00:20:00.000+0000,995794.2593249199,995794.2593249199,999999.9999999999,998974.6080312883,998974.6080312883,997502.1223852716,997502.1223852716
2025-02-26T00:30:00.000+0000,995794.2593249199,995794.2593249199,999999.9999999999,998974.6080312883,998974.6080312883,997502.1223852716,997502.1223852716
2025-02-26T00:40:00.000+0000,995794.2593249199,995794.2593249199,999999.9999999999,998974.6080312883,998974.6080312883,997502.1223852716,997502.1223852716
2025-02-26T00:50:00.000+0000,995794.2593249199,995794.2593249199,999999.9999999999,998974.6080312883,998974.6080312883,997502.1223852716,997502.1223852716
2025-02-26T01:00:00.000+0000,995794.2593249199,995794.2593249199,999999.9999999999,998974.6080312883,998974.6080312883,997502.1223852716,997502.1223852716
2025-02-26T01:10:00.000+0000,995794.2593249199,995794.2593249199,999999.9999999999,998974.6080312883,998974.6080312883,997502.1223852716,997502.1223852716
2025-02-26T01:20:00.000+0000,995794.2593249199,995794.2593249199,999999.9999999999,998974.6080312883,998974.6080312883,997502.1223852716,997502.1223852716
2025-02-26T01:30:00.000+0000,995794.2593249199,995794.2593249199,999999.9999999999,998974.6080312883,998974.6080312883,997502.1223852716,997502.1223852716
2025-02-26T01:40:00.000+0000,995794.2593249199,995794.2593249199,999999.9999999999,998974.6080312883,998974.6080312883,997502.1223852716,997502.1223852716
2025-02-26T01:50:00.000+0000,995794.2593249199,995794.2593249199,999999.9999999999,998974.6080312883,998974.6080312883,997502.1223852716,997502.1223852716
2025-02-26T02:00:00.000+0000,995794.2593249199,995794.2593249199,999999.9999999999,998974.6080312883,998974.6080312883,997502.1223852716,997502.1223852716
2025-02-26T02:10:00.000+0000,995794.2593249199,995794.2593249199,999999.9999999999,998974.6080312883,998974.6080312883,997502.1223852716,997502.1223852716
2025-02-26T02:20:00.000+0000,995794.2593249199,995794.2593249199,999999.9999999999,998974.6080312883,998974.6080312883,997502.1223852716,997502.1223852716
2025-02-26T02:30:00.000+0000,995794.2593249199,995794.2593249199,999999.9999999999,998974.6080312883,998974.6080312883,997502.1223852716,997502.1223852716
2025-02-26T02:40:00.000+0000,995794.2593249199,995794.2593249199,999999.9999999999,998974.6080312883,998974.6080312883,997502.1223852716,997502.1223852716
2025-02-26T02:50:00.000+0000,995794.2593249199,995794.2593249199,999999.9999999999,998974.6080312883,998974.6080312883,997502.1223852716,997502.1223852716
2025-02-26T03:00:00.000+0000,995794.2593249199,995794.2593249199,999999.9999999999,998974.6080312883,998974.6080312883,997502.1223852716,997502.1223852716
2025-02-26T03:10:00.000+0000,995794.2593249199,995794.2593249199,999999.9999999999,998974.6080312883,998974.6080312883,997502.1223852716,997502.1223852716
2025-02-26T03:20:00.000+0000,995794.2593249199,995794.2593249199,999999.9999999999,998974.6080312883,998974.6080312883,997502.1223852716,997502.1223852716
2025-02-26T03:30:00.000+0000,995794.2593249199,995794.2593249199,999999.9999999999,998974.6080312883,998974.6080312883,997502.1223852716,997502.1223852716
2025-02-26T03:40:00.000+0000,995794.2593249199,995794.2593249199,999999.9999999999,998974.6080312883,998974.6080312883,997502.1223852716,997502.1223852716
2025-02-26T03:50:00.000+0000,995794.2593249199,995794.2593249199,999999.9999999999,998974.6080312883,998974.6080312883,997502.1223852716,997502.1223852716
2025-02-26T04:00:00.000+0000,995794.2593249199,995794.2593249199,999999.9999999999,998974.6080312883,998974.6080312883,997502.1223852716,997502.1223852716
2025-02-26T04:10:00.000+0000,995794.2593249199,995794.2593249199,999999.9999999999,998974.6080312883,998974.6080312883,997502.1223852716,997502.1223852716
2025-02-26T04:20:00.000+0000,995794.2593249199,995794.2593249199,999999.9999999999,998974.6080312883,998974.6080312883,997502.1223852716,997502.1223852716
2025-02-26T04:30:00.000+0000,995794.2593249199,995794.2593249199,999999.9999999999,998974.6080312883,998974.6080312883,997502.1223852716,997502.1223852716
2025-02-26T04:40:00.000+0000,995794.2593249199,995794.2593249199,999999.9999999999,998974.6080312883,998974.6080312883,997502.1223852716,997502.1223852716
2025-02-26T04:50:00.000+0000,995794.2593249199,995794.2593249199,999999.9999999999,998974.6080312883,998974.6080312883,997502.1223852716,997502.1223852716
2025-02-26T05:00:00.000+0000,995794.2593249199,995794.2593249199,999999.9999999999,998974.6080312883,998974.6080312883,997502.1223852716,997502.1223852716
2025-02-26T05:10:00.000+0000,995794.2593249199,995794.2593249199,999999.9999999999,998974.6080312883,998974.6080312883,997502.1223852716,997502.1223852716
2025-02-26T05:20:00.000+0000,995794.2593249199,995794.2593249199,999999.9999999999,998974.6080312883,998974.6080312883,997502.1223852716,997502.1223852716
2025-02-26T05:30:00.000+0000,995794.2593249199,995794.2593249199,999999.9999999999,998974.6080312883,998974.6080312883,997502.1223852716,997502.1223852716
2025-02-26T05:40:00.000+0000,995794.2593249199,995794.2593249199,999999.9999999999,998974.6080312883,998974.6080312883,997502.1223852716,997502.1223852716
2025-02-26T05:50:00.000+0000,995794.2593249199,995794.2593249199,999999.9999999999,998974.6080312883,998974.6080312883,997502.1223852716,997502.1223852716
2025-02-26T06:00:00.000+0000,995794.2593249199,995794.2593249199,999999.9999999999,998974.6080312883,998974.6080312883,997502.1223852716,997502.1223852716
2025-02-26T06:10:00.000+0000,995794.2593249199,995794.2593249199,999999.9999999999,998974.6080312883,998974.6080312883,997502.1223852716,997502.1223852716
2025-02-26T06:20:00.000+0000,995794.2593249199,995794.2593249199,999999.9999999999,998974.6080312883,998974.6080312883,997502.1223852716,997502.1223852716
2025-02-26T06:30:00.000+0000,995794.2593249199,995794.2593249199,999999.9999999999,998974.6080312883,998974.6080312883,997502.1223852716,997502.1223852716
2025-02-26T06:40:00.000+0000,995794.2593249199,995794.2593249199,999999.9999999999,998974.6080312883,998974.6080312883,997502.1223852716,997502.1223852716
2025-02-26T06:50:00.000+0000,995794.2593249199,995794.2593249199,999999.9999999999,998974.6080312883,998974.6080312883,997502.1223852716,997502.1223852716
2025-02-26T07:00:00.000+0000,995794.2593249199,995794.2593249199,999999.9999999999,998974.6080312883,998974.6080312883,997502.1223852716,997502.1223852716
2025-02-26T07:10:00.000+0000,995794.2593249199,995794.2593249199,999999.9999999999,998974.6080312883,998974.6080312883,997502.1223852716,997502.1223852716
2025-02-26T07:20:00.000+0000,995794.2593249199,995794.2593249199,999999.9999999999,998974.6080312883,998974.6080312883,997502.1223852716,997502.1223852716
2025-02-26T07:30:00.000+0000,995794.2593249199,995794.2593249199,999999.9999999999,998974.6080312883,998974.6080312883,997502.1223852716,997502.1223852716
2025-02-26T07:40:00.000+0000,995794.2593249199,995794.2593249199,999999.9999999999,998974.6080312883,998974.6080312883,997502.1223852716,997502.1223852716
2025-02-26T07:50:00.000+0000,995794.2593249199,995794.2593249199,999999.9999999999,998974.6080312883,998974.6080312883,997502.1223852716,997502.1223852716
2025-02-26T08:00:00.000+0000,995794.2593249199,995794.2593249199,999999.9999999999,998974.6080312883,998974.6080312883,997502.1223852716,997502.1223852716
2025-02-26T08:10:00.000+0000,995794.2593249199,995794.2593249199,999999.9999999999,998974.6080312883,998974.6080312883,997502.1223852716,997502.1223852716
2025-02-26T08:20:00.000+0000,995794.2593249199,995794.2593249199,999999.9999999999,998974.6080312883,998974.6080312883,997502.1223852716,997502.1223852716
2025-02-26T08:30:00.000+0000,995794.2593249199,995794.2593249199,999999.9999999999,998974.6080312883,998974.6080312883,997502.1223852716,997502.1223852716
2025-02-26T08:40:00.000+0000,995794.2593249199,995794.2593249199,999999.9999999999,998974.6080312883,998974.6080312883,997502.1223852716,997502.1223852716
2025-02-26T08:50:00.000+0000,995794.2593249199,995794.2593249199,999999.9999999999,998974.6080312883,998974.6080312883,997502.1223852716,997502.1223852716
2025-02-26T09:00:00.000+0000,995794.2593249199,995794.2593249199,999999.9999999999,998974.6080312883,998974.6080312883,997502.1223852716,997502.1223852716
2025-02-26T09:10:00.000+0000,995794.2593249199,995794.2593249199,999999.9999999999,998974.6080312883,998974.6080312883,997502.1223852716,997502.1223852716
2025-02-26T09:20:00.000+0000,995794.2593249199,995794.2593249199,999999.9999999999,998974.6080312883,998974.6080312883,997502.1223852716,997502.1223852716
2025-02-26T09:30:00.000+0000,995794.2593249199,995794.2593249199,999999.9999999999,998974.6080312883,998974.6080312883,997502.1223852716,997502.1223852716
2025-02-26T09:40:00.000+0000,995794.2593249199,995794.2593249199,999999.9999999999,998974.6080312883,998974.6080312883,997502.1223852716,997502.1223852716
2025-02-26T09:50:00.000+0000,995794.2593249199,995794.2593249199,999999.9999999999,998974.6080312883,998974.6080312883,997502.1223852716,997502.1223852716
2025-02-26T10:00:00.000+0000,995794.2593249199,995794.2593249199,999999.9999999999,998974.6080312883,998974.6080312883,997502.1223852716,997502.1223852716
2025-02-26T10:10:00.000+0000,995794.2593249199,995794.2593249199,999999.9999999999,998974.6080312883,998974.6080312883,997502.1223852716,997502.1223852716
2025-02-26T10:20:00.000+0000,995794.2593249199,995794.2593249199,999999.9999999999,998974.6080312883,998974.6080312883,997502.1223852716,997502.1223852716
2025-02-26T10:30:00.000+0000,995794.2593249199,995794.2593249199,999999.9999999999,998974.6080312883,998974.6080312883,997502.1223852716,997502.1223852716
2025-02-26T10:40:00.000+0000,995794.2593249199,995794.2593249199,999999.9999999999,998974.6080312883,998974.6080312883,997502.1223852716,997502.1223852716
2025-02-26T10:50:00.000+0000,995794.2593249199,995794.2593249199,999999.9999999999,998974.6080312883,998974.6080312883,997502.1223852716,997502.1223852716
2025-02-26T11:00:00.000+0000,995794.2593249199,995794.2593249199,999999.9999999999,998974.6080312883,998974.6080312883,997502.1223852716,997502.1223852716
2025-02-26T11:10:00.000+0000,995794.2593249199,995794.2593249199,999999.9999999999,998974.6080312883,998974.6080312883,997502.1223852716,997502.1223852716
2025-02-26T11:20:00.000+0000,995794.2593249199,995794.2593249199,999999.9999999999,998974.6080312883,998974.6080312883,997502.1223852716,997502.1223852716
2025-02-26T11:30:00.000+0000,995794.2593249199,995794.2593249199,999999.9999999999,998974.6080312883,998974.6080312883,997502.1223852716,997502.1223852716
2025-02-26T11:40:00.000+0000,995794.2593249199,995794.2593249199,999999.9999999999,998974.6080312883,998974.6080312883,997502.1223852716,997502.1223852716
2025-02-26T11:50:00.000+0000,995794.2593249199,995794.2593249199,999999.9999999999,998974.6080312883,998974.6080312883,997502.1223852716,997502.1223852716
2025-02-26T12:00:00.000+0000,995794.2593249199,995794.2593249199,999999.9999999999,998974.6080312883,998974.6080312883,997502.1223852716,997502.1223852716
2025-02-26T12:10:00.000+0000,995794.2593249199,995794.2593249199,999999.9999999999,998974.6080312883,998974.6080312883,997502.1223852716,997502.1223852716
2025-02-26T12:20:00.000+0000,995794.2593249199,995794.2593249199,999999.9999999999,998974.6080312883,998974.6080312883,997502.1223852716,997502.1223852716
2025-02-26T12:30:00.000+0000,995794.2593249199,995794.2593249199,999999.9999999999,998974.6080312883,998974.6080312883,997502.1223852716,997502.1223852716
2025-02-26T12:40:00.000+0000,995794.2593249199,995794.2593249199,999999.9999999999,998974.6080312883,998974.6080312883,997502.1223852716,997502.1223852716
2025-02-26T12:50:00.000+0000,995794.2593249199,995794.2593249199,999999.9999999999,998974.6080312883,998974.6080312883,997502.1223852716,997502.1223852716
2025-02-26T13:00:00.000+0000,995794.2593249199,995794.2593249199,999999.9999999999,998974.6080312883,998974.6080312883,997502.1223852716,997502.1223852716
2025-02-26T13:10:00.000+0000,995794.2593249199,995794.2593249199,999999.9999999999,998974.6080312883,998974.6080312883,997502.1223852716,997502.1223852716
2025-02-26T13:20:00.000+0000,995794.2593249199,995794.2593249199,999999.9999999999,998974.6080312883,998974.6080312883,997502.1223852716,997502.1223852716
2025-02-26T13:30:00.000+0000,995794.2593249199,995794.2593249199,999999.9999999999,998974.6080312883,998974.6080312883,997502.1223852716,997502.1223852716
2025-02-26T13:40:00.000+0000,995794.2593249199,995794.2593249199,999999.9999999999,998974.6080312883,998974.6080312883,997502.1223852716,997502.1223852716
2025-02-26T13:50:00.000+0000,995794.2593249199,995794.2593249199,999999.9999999999,998974.6080312883,998974.6080312883,997502.1223852716,997502.1223852716
2025-02-26T14:00:00.000+0000,995794.2593249199,995794.2593249199,999999.9999999999,998974.6080312883,998974.6080312883,997502.1223852716,997502.1223852716
2025-02-26T14:10:00.000+0000,995794.2593249199,995794.2593249199,999999.9999999999,998974.6080312883,998974.6080312883,997502.1223852716,997502.1223852716
2025-02-26T14:20:00.000+0000,995794.2593249199,995794.2593249199,999999.9999999999,998974.6080312883,998974.6080312883,997502.1223852716,997502.1223852716
2025-02-26T14:30:00.000+0000,995794.2593249199,995794.2593249199,999999.9999999999,998974.6080312883,998974.6080312883,997502.1223852716,997502.1223852716
2025-02-26T14:40:00.000+0000,995794.2593249199,995794.2593249199,999999.9999999999,998974.6080312883,998974.6080312883,997502.1223852716,997502.1223852716
2025-02-26T14:50:00.000+0000,995794.2593249199,995794.2593249199,999999.9999999999,998974.6080312883,998974.6080312883,997502.1223852716,997502.1223852716
2025-02-26T15:00:00.000+0000,995010.41597148,15990.067524919747,999999.9999999999,998349.7649091684,217920.7053812882,997502.1223852716,997502.1223852716
2025-02-26T15:10:00.000+0000,995001.6078291598,4979.88962491975,999999.9999999999,998246.4387617444,88763.02110128819,997502.1223852716,997502.1223852716
2025-02-26T15:20:00.000+0000,995001.60782916,700911.01567156,999999.9999999999,998246.4387617444,632402.1305861042,997502.1223852716,997502.1223852716
2025-02-26T15:30:00.000+0000,995001.60782916,700911.01567156,999999.9999999999,998246.4387617444,632402.1305861042,997502.1223852716,997502.1223852716
2025-02-26T15:40:00.000+0000,995001.60782916,700911.01567156,999999.9999999999,998246.4387617444,632402.1305861042,997502.1223852716,997502.1223852716
2025-02-26T15:50:00.000+0000,995001.60782916,700911.01567156,999999.9999999999,998246.4387617444,632402.1305861042,997502.1223852716,997502.1223852716
2025-02-26T16:00:00.000+0000,995001.4152259601,700670.26167156,999999.9999999999,998246.4387617444,632402.1305861042,997501.9297820716,997261.3683852716
2025-02-26T16:10:00.000+0000,995001.4152259601,700910.82306836,999999.9999999999,998246.4387617444,632402.1305861042,997501.9297820716,997501.9297820716
2025-02-26T16:20:00.000+0000,995001.4152259601,700910.82306836,999999.9999999999,998246.4387617444,632402.1305861042,997501.9297820716,997501.9297820716
2025-02-26T16:30:00.000+0000,995001.4152259601,700910.82306836,999999.9999999999,998246.4387617444,632402.1305861042,997501.9297820716,997501.9297820716
2025-02-26T16:40:00.000+0000,995001.4152259601,700910.82306836,999999.9999999999,998246.4387617444,632402.1305861042,997501.9297820716,997501.9297820716
2025-02-26T16:50:00.000+0000,995001.4152259601,700910.82306836,999999.9999999999,998246.4387617444,632402.1305861042,997501.9297820716,997501.9297820716
2025-02-26T17:00:00.000+0000,995001.4152259601,700910.82306836,999999.9999999999,998246.4387617444,632402.1305861042,997501.9297820716,997501.9297820716
2025-02-26T17:10:00.000+0000,995001.4152259601,700910.82306836,999999.9999999999,998246.4387617444,632402.1305861042,997501.9297820716,997501.9297820716
2025-02-26T17:20:00.000+0000,995001.4152259601,700910.82306836,999999.9999999999,998246.4387617444,632402.1305861042,997501.9297820716,997501.9297820716
2025-02-26T17:30:00.000+0000,995001.4152259601,700910.82306836,999999.9999999999,998246.4387617444,632402.1305861042,997501.9297820716,997501.9297820716
2025-02-26T17:40:00.000+0000,995001.4152259601,700910.82306836,999999.9999999999,998246.4387617444,632402.1305861042,997501.9297820716,997501.9297820716
2025-02-26T17:50:00.000+0000,995001.4152259601,700910.82306836,999999.9999999999,998246.4387617444,632402.1305861042,997501.9297820716,997501.9297820716
2025-02-26T18:00:00.000+0000,995001.4152259601,700910.82306836,999999.9999999999,998246.4387617444,632402.1305861042,997501.9297820716,997501.9297820716
2025-02-26T18:10:00.000+0000,995001.4152259601,700910.82306836,999999.9999999999,998246.4387617444,632402.1305861042,997501.9297820716,997501.9297820716
2025-02-26T18:20:00.000+0000,995001.4152259601,700910.82306836,999999.9999999999,998246.4387617444,632402.1305861042,997501.9297820716,997501.9297820716
2025-02-26T18:30:00.000+0000,995001.4152259601,700910.82306836,999999.9999999999,998246.4387617444,632402.1305861042,997501.9297820716,997501.9297820716
2025-02-26T18:40:00.000+0000,995001.4152259601,700910.82306836,999999.9999999999,998246.4387617444,632402.1305861042,997501.9297820716,997501.9297820716
2025-02-26T18:50:00.000+0000,995001.4152259601,700910.82306836,999999.9999999999,998246.4387617444,632402.1305861042,997501.9297820716,997501.9297820716
2025-02-26T19:00:00.000+0000,995001.4152259601,700910.82306836,999999.9999999999,998246.4387617444,632402.1305861042,997501.9297820716,997501.9297820716
2025-02-26T19:10:00.000+0000,995001.4152259601,700910.82306836,999999.9999999999,998246.4387617444,632402.1305861042,997501.9297820716,997501.9297820716
2025-02-26T19:20:00.000+0000,995001.4152259601,700910.82306836,999999.9999999999,998246.4387617444,632402.1305861042,997501.9297820716,997501.9297820716
2025-02-26T19:30:00.000+0000,995001.4152259601,700910.82306836,999999.9999999999,998246.4387617444,632402.1305861042,997501.9297820716,997501.9297820716
2025-02-26T19:40:00.000+0000,995001.4152259601,700910.82306836,999999.9999999999,998246.4387617444,632402.1305861042,997501.9297820716,997501.9297820716
2025-02-26T19:50:00.000+0000,995001.4152259601,700910.82306836,999999.9999999999,998246.4387617444,632402.1305861042,997501.9297820716,997501.9297820716
2025-02-26T20:00:00.000+0000,995001.4152259601,700910.82306836,999999.9999999999,998246.4387617444,632402.1305861042,997501.9297820716,997501.9297820716
2025-02-26T20:10:00.000+0000,995001.4152259601,700910.82306836,999999.9999999999,998246.4387617444,632402.1305861042,997501.9297820716,997501.9297820716
2025-02-26T20:20:00.000+0000,995001.4152259601,700910.82306836,999999.9999999999,998246.4387617444,632402.1305861042,997501.9297820716,997501.9297820716
2025-02-26T20:30:00.000+0000,995001.4152259601,700910.82306836,999999.9999999999,998246.4387617444,632402.1305861042,997501.9297820716,997501.9297820716
2025-02-26T20:40:00.000+0000,995001.4152259601,700910.82306836,999999.9999999999,998246.4387617444,632402.1305861042,997501.9297820716,997501.9297820716
2025-02-26T20:50:00.000+0000,995001.4152259601,700910.82306836,999999.9999999999,998246.4387617444,632402.1305861042,997501.9297820716,997501.9297820716
2025-02-26T21:00:00.000+0000,995001.4152259601,700910.82306836,999999.9999999999,998246.4387617444,632402.1305861042,997501.9297820716,997501.9297820716
2025-02-26T21:10:00.000+0000,995001.4152259601,700910.82306836,999999.9999999999,998246.4387617444,632402.1305861042,997501.9297820716,997501.9297820716
2025-02-26T21:20:00.000+0000,995001.4152259601,700910.82306836,999999.9999999999,998246.4387617444,632402.1305861042,997501.9297820716,997501.9297820716
2025-02-26T21:30:00.000+0000,995001.4152259601,700910.82306836,999999.9999999999,998246.4387617444,632402.1305861042,997501.9297820716,997501.9297820716
2025-02-26T21:40:00.000+0000,995001.4152259601,700910.82306836,999999.9999999999,998246.4387617444,632402.1305861042,997501.9297820716,997501.9297820716
2025-02-26T21:50:00.000+0000,995001.4152259601,700910.82306836,999999.9999999999,998246.4387617444,632402.1305861042,997501.9297820716,997501.9297820716
2025-02-26T22:00:00.000+0000,995001.4152259601,700910.82306836,999999.9999999999,998246.4387617444,632402.1305861042,997501.9297820716,997501.9297820716
2025-02-26T22:10:00.000+0000,995001.4152259601,700910.82306836,999999.9999999999,998246.4387617444,632402.1305861042,997501.9297820716,997501.9297820716
2025-02-26T22:20:00.000+0000,995001.4152259601,700910.82306836,999999.9999999999,998246.4387617444,632402.1305861042,997501.9297820716,997501.9297820716
2025-02-26T22:30:00.000+0000,995001.4152259601,700910.82306836,999999.9999999999,998246.4387617444,632402.1305861042,997501.9297820716,997501.9297820716
2025-02-26T22:40:00.000+0000,995001.4152259601,700910.82306836,999999.9999999999,998246.4387617444,632402.1305861042,997501.9297820716,997501.9297820716
2025-02-26T22:50:00.000+0000,995001.4152259601,700910.82306836,999999.9999999999,998246.4387617444,632402.1305861042,997501.9297820716,997501.9297820716
2025-02-26T23:00:00.000+0000,995001.4152259601,700910.82306836,999999.9999999999,998246.4387617444,632402.1305861042,997501.9297820716,997501.9297820716
2025-02-26T23:10:00.000+0000,995001.4152259601,700910.82306836,999999.9999999999,998246.4387617444,632402.1305861042,997501.9297820716,997501.9297820716
2025-02-26T23:20:00.000+0000,995001.4152259601,700910.82306836,999999.9999999999,998246.4387617444,632402.1305861042,997501.9297820716,997501.9297820716
2025-02-26T23:30:00.000+0000,995001.4152259601,700910.82306836,999999.9999999999,998246.4387617444,632402.1305861042,997501.9297820716,997501.9297820716
2025-02-26T23:40:00.000+0000,995001.4152259601,700910.82306836,999999.9999999999,998246.4387617444,632402.1305861042,997501.9297820716,997501.9297820716
2025-02-26T23:50:00.000+0000,995001.4152259601,700910.82306836,999999.9999999999,998246.4387617444,632402.1305861042,997501.9297820716,997501.9297820716
2025-02-27T00:00:00.000+0000,995001.4152259601,700910.82306836,999999.9999999999,998246.4387617444,632402.1305861042,997501.9297820716,997501.9297820716
2025-02-27T00:10:00.000+0000,995001.4152259601,700910.82306836,999999.9999999999,998246.4387617444,632402.1305861042,997501.9297820716,997501.9297820716
2025-02-27T00:20:00.000+0000,995001.4152259601,700910.82306836,999999.9999999999,998246.4387617444,632402.1305861042,997501.9297820716,997501.9297820716
2025-02-27T00:30:00.000+0000,995001.4152259601,700910.82306836,999999.9999999999,998246.4387617444,632402.1305861042,997501.9297820716,997501.9297820716
2025-02-27T00:40:00.000+0000,995001.4152259601,700910.82306836,999999.9999999999,998246.4387617444,632402.1305861042,997501.9297820716,997501.9297820716
2025-02-27T00:50:00.000+0000,995001.4152259601,700910.82306836,999999.9999999999,998246.4387617444,632402.1305861042,997501.9297820716,997501.9297820716
2025-02-27T01:00:00.000+0000,995001.4152259601,700910.82306836,999999.9999999999,998246.4387617444,632402.1305861042,997501.9297820716,997501.9297820716
2025-02-27T01:10:00.000+0000,995001.4152259601,700910.82306836,999999.9999999999,998246.4387617444,632402.1305861042,997501.9297820716,997501.9297820716
2025-02-27T01:20:00.000+0000,995001.4152259601,700910.82306836,999999.9999999999,998246.4387617444,632402.1305861042,997501.9297820716,997501.9297820716
2025-02-27T01:30:00.000+0000,995001.4152259601,700910.82306836,999999.9999999999,998246.4387617444,632402.1305861042,997501.9297820716,997501.9297820716
2025-02-27T01:40:00.000+0000,995001.4152259601,700910.82306836,999999.9999999999,998246.4387617444,632402.1305861042,997501.9297820716,997501.9297820716
2025-02-27T01:50:00.000+0000,995001.4152259601,700910.82306836,999999.9999999999,998246.4387617444,632402.1305861042,997501.9297820716,997501.9297820716
2025-02-27T02:00:00.000+0000,995001.4152259601,700910.82306836,999999.9999999999,998246.4387617444,632402.1305861042,997501.9297820716,997501.9297820716
2025-02-27T02:10:00.000+0000,995001.4152259601,700910.82306836,999999.9999999999,998246.4387617444,632402.1305861042,997501.9297820716,997501.9297820716
2025-02-27T02:20:00.000+0000,995001.4152259601,700910.82306836,999999.9999999999,998246.4387617444,632402.1305861042,997501.9297820716,997501.9297820716
2025-02-27T02:30:00.000+0000,995001.4152259601,700910.82306836,999999.9999999999,998246.4387617444,632402.1305861042,997501.9297820716,997501.9297820716
2025-02-27T02:40:00.000+0000,995001.4152259601,700910.82306836,999999.9999999999,998246.4387617444,632402.1305861042,997501.9297820716,997501.9297820716
2025-02-27T02:50:00.000+0000,995001.4152259601,700910.82306836,999999.9999999999,998246.4387617444,632402.1305861042,997501.9297820716,997501.9297820716
2025-02-27T03:00:00.000+0000,995001.4152259601,700910.82306836,999999.9999999999,998246.4387617444,632402.1305861042,997501.9297820716,997501.9297820716
2025-02-27T03:10:00.000+0000,995001.4152259601,700910.82306836,999999.9999999999,998246.4387617444,632402.1305861042,997501.9297820716,997501.9297820716
2025-02-27T03:20:00.000+0000,995001.4152259601,700910.82306836,999999.9999999999,998246.4387617444,632402.1305861042,997501.9297820716,997501.9297820716
2025-02-27T03:30:00.000+0000,995001.4152259601,700910.82306836,999999.9999999999,998246.4387617444,632402.1305861042,997501.9297820716,997501.9297820716
2025-02-27T03:40:00.000+0000,995001.4152259601,700910.82306836,999999.9999999999,998246.4387617444,632402.1305861042,997501.9297820716,997501.9297820716
2025-02-27T03:50:00.000+0000,995001.4152259601,700910.82306836,999999.9999999999,998246.4387617444,632402.1305861042,997501.9297820716,997501.9297820716
2025-02-27T04:00:00.000+0000,995001.4152259601,700910.82306836,999999.9999999999,998246.4387617444,632402.1305861042,997501.9297820716,997501.9297820716
2025-02-27T04:10:00.000+0000,995001.4152259601,700910.82306836,999999.9999999999,998246.4387617444,632402.1305861042,997501.9297820716,997501.9297820716
2025-02-27T04:20:00.000+0000,995001.4152259601,700910.82306836,999999.9999999999,998246.4387617444,632402.1305861042,997501.9297820716,997501.9297820716
2025-02-27T04:30:00.000+0000,995001.4152259601,700910.82306836,999999.9999999999,998246.4387617444,632402.1305861042,997501.9297820716,997501.9297820716
2025-02-27T04:40:00.000+0000,995001.4152259601,700910.82306836,999999.9999999999,998246.4387617444,632402.1305861042,997501.9297820716,997501.9297820716
2025-02-27T04:50:00.000+0000,995001.4152259601,700910.82306836,999999.9999999999,998246.4387617444,632402.1305861042,997501.9297820716,997501.9297820716
2025-02-27T05:00:00.000+0000,995001.4152259601,700910.82306836,999999.9999999999,998246.4387617444,632402.1305861042,997501.9297820716,997501.9297820716
2025-02-27T05:10:00.000+0000,995001.4152259601,700910.82306836,999999.9999999999,998246.4387617444,632402.1305861042,997501.9297820716,997501.9297820716
2025-02-27T05:20:00.000+0000,995001.4152259601,700910.82306836,999999.9999999999,998246.4387617444,632402.1305861042,997501.9297820716,997501.9297820716
2025-02-27T05:30:00.000+0000,995001.4152259601,700910.82306836,999999.9999999999,998246.4387617444,632402.1305861042,997501.9297820716,997501.9297820716
2025-02-27T05:40:00.000+0000,995001.4152259601,700910.82306836,999999.9999999999,998246.4387617444,632402.1305861042,997501.9297820716,997501.9297820716
2025-02-27T05:50:00.000+0000,995001.4152259601,700910.82306836,999999.9999999999,998246.4387617444,632402.1305861042,997501.9297820716,997501.9297820716
2025-02-27T06:00:00.000+0000,995001.4152259601,700910.82306836,999999.9999999999,998246.4387617444,632402.1305861042,997501.9297820716,997501.9297820716
2025-02-27T06:10:00.000+0000,995001.4152259601,700910.82306836,999999.9999999999,998246.4387617444,632402.1305861042,997501.9297820716,997501.9297820716
2025-02-27T06:20:00.000+0000,995001.4152259601,700910.82306836,999999.9999999999,998246.4387617444,632402.1305861042,997501.9297820716,997501.9297820716
2025-02-27T06:30:00.000+0000,995001.4152259601,700910.82306836,999999.9999999999,998246.4387617444,632402.1305861042,997501.9297820716,997501.9297820716
2025-02-27T06:40:00.000+0000,995001.4152259601,700910.82306836,999999.9999999999,998246.4387617444,632402.1305861042,997501.9297820716,997501.9297820716
2025-02-27T06:50:00.000+0000,995001.4152259601,700910.82306836,999999.9999999999,998246.4387617444,632402.1305861042,997501.9297820716,997501.9297820716
2025-02-27T07:00:00.000+0000,995001.4152259601,700910.82306836,999999.9999999999,998246.4387617444,632402.1305861042,997501.9297820716,997501.9297820716
2025-02-27T07:10:00.000+0000,995001.4152259601,700910.82306836,999999.9999999999,998246.4387617444,632402.1305861042,997501.9297820716,997501.9297820716
2025-02-27T07:20:00.000+0000,995001.4152259601,700910.82306836,999999.9999999999,998246.4387617444,632402.1305861042,997501.9297820716,997501.9297820716
2025-02-27T07:30:00.000+0000,995001.4152259601,700910.82306836,999999.9999999999,998246.4387617444,632402.1305861042,997501.9297820716,997501.9297820716
2025-02-27T07:40:00.000+0000,995001.4152259601,700910.82306836,999999.9999999999,998246.4387617444,632402.1305861042,997501.9297820716,997501.9297820716
2025-02-27T07:50:00.000+0000,995001.4152259601,700910.82306836,999999.9999999999,998246.4387617444,632402.1305861042,997501.9297820716,997501.9297820716
2025-02-27T08:00:00.000+0000,995001.4152259601,700910.82306836,999999.9999999999,998246.4387617444,632402.1305861042,997501.9297820716,997501.9297820716
2025-02-27T08:10:00.000+0000,995001.4152259601,700910.82306836,999999.9999999999,998246.4387617444,632402.1305861042,997501.9297820716,997501.9297820716
2025-02-27T08:20:00.000+0000,995001.4152259601,700910.82306836,999999.9999999999,998246.4387617444,632402.1305861042,997501.9297820716,997501.9297820716
2025-02-27T08:30:00.000+0000,995001.4152259601,700910.82306836,999999.9999999999,998246.4387617444,632402.1305861042,997501.9297820716,997501.9297820716
2025-02-27T08:40:00.000+0000,995001.4152259601,700910.82306836,999999.9999999999,998246.4387617444,632402.1305861042,997501.9297820716,997501.9297820716
2025-02-27T08:50:00.000+0000,995001.4152259601,700910.82306836,999999.9999999999,998246.4387617444,632402.1305861042,997501.9297820716,997501.9297820716
2025-02-27T09:00:00.000+0000,995001.4152259601,700910.82306836,999999.9999999999,998246.4387617444,632402.1305861042,997501.9297820716,997501.9297820716
2025-02-27T09:10:00.000+0000,995001.4152259601,700910.82306836,999999.9999999999,998246.4387617444,632402.1305861042,997501.9297820716,997501.9297820716
2025-02-27T09:20:00.000+0000,995001.4152259601,700910.82306836,999999.9999999999,998246.4387617444,632402.1305861042,997501.9297820716,997501.9297820716
2025-02-27T09:30:00.000+0000,995001.4152259601,700910.82306836,999999.9999999999,998246.4387617444,632402.1305861042,997501.9297820716,997501.9297820716
2025-02-27T09:40:00.000+0000,995001.4152259601,700910.82306836,999999.9999999999,998246.4387617444,632402.1305861042,997501.9297820716,997501.9297820716
2025-02-27T09:50:00.000+0000,995001.4152259601,700910.82306836,999999.9999999999,998246.4387617444,632402.1305861042,997501.9297820716,997501.9297820716
2025-02-27T10:00:00.000+0000,995001.4152259601,700910.82306836,999999.9999999999,998246.4387617444,632402.1305861042,997501.9297820716,997501.9297820716
2025-02-27T10:10:00.000+0000,995001.4152259601,700910.82306836,999999.9999999999,998246.4387617444,632402.1305861042,997501.9297820716,997501.9297820716
2025-02-27T10:20:00.000+0000,995001.4152259601,700910.82306836,999999.9999999999,998246.4387617444,632402.1305861042,997501.9297820716,997501.9297820716
2025-02-27T10:30:00.000+0000,995001.4152259601,700910.82306836,999999.9999999999,998246.4387617444,632402.1305861042,997501.9297820716,997501.9297820716
2025-02-27T10:40:00.000+0000,995001.4152259601,700910.82306836,999999.9999999999,998246.4387617444,632402.1305861042,997501.9297820716,997501.9297820716
2025-02-27T10:50:00.000+0000,995001.4152259601,700910.82306836,999999.9999999999,998246.4387617444,632402.1305861042,997501.9297820716,997501.9297820716
2025-02-27T11:00:00.000+0000,995001.4152259601,700910.82306836,999999.9999999999,998246.4387617444,632402.1305861042,997501.9297820716,997501.9297820716
2025-02-27T11:10:00.000+0000,995001.4152259601,700910.82306836,999999.9999999999,998246.4387617444,632402.1305861042,997501.9297820716,997501.9297820716
2025-02-27T11:20:00.000+0000,995001.4152259601,700910.82306836,999999.9999999999,998246.4387617444,632402.1305861042,997501.9297820716,997501.9297820716
2025-02-27T11:30:00.000+0000,995001.4152259601,700910.82306836,999999.9999999999,998246.4387617444,632402.1305861042,997501.9297820716,997501.9297820716
2025-02-27T11:40:00.000+0000,995001.4152259601,700910.82306836,999999.9999999999,998246.4387617444,632402.1305861042,997501.9297820716,997501.9297820716
2025-02-27T11:50:00.000+0000,995001.4152259601,700910.82306836,999999.9999999999,998246.4387617444,632402.1305861042,997501.9297820716,997501.9297820716
2025-02-27T12:00:00.000+0000,995001.4152259601,700910.82306836,999999.9999999999,998246.4387617444,632402.1305861042,997501.9297820716,997501.9297820716
2025-02-27T12:10:00.000+0000,995001.4152259601,700910.82306836,999999.9999999999,998246.4387617444,632402.1305861042,997501.9297820716,997501.9297820716
2025-02-27T12:20:00.000+0000,995001.4152259601,700910.82306836,999999.9999999999,998246.4387617444,632402.1305861042,997501.9297820716,997501.9297820716
2025-02-27T12:30:00.000+0000,995001.4152259601,700910.82306836,999999.9999999999,998246.4387617444,632402.1305861042,997501.9297820716,997501.9297820716
2025-02-27T12:40:00.000+0000,995001.4152259601,700910.82306836,999999.9999999999,998246.4387617444,632402.1305861042,997501.9297820716,997501.9297820716
2025-02-27T12:50:00.000+0000,995001.4152259601,700910.82306836,999999.9999999999,998246.4387617444,632402.1305861042,997501.9297820716,997501.9297820716
2025-02-27T13:00:00.000+0000,995001.4152259601,700910.82306836,999999.9999999999,998246.4387617444,632402.1305861042,997501.9297820716,997501.9297820716
2025-02-27T13:10:00.000+0000,995001.4152259601,700910.82306836,999999.9999999999,998246.4387617444,632402.1305861042,997501.9297820716,997501.9297820716
2025-02-27T13:20:00.000+0000,995001.4152259601,700910.82306836,999999.9999999999,998246.4387617444,632402.1305861042,997501.9297820716,997501.9297820716
2025-02-27T13:30:00.000+0000,995001.4152259601,700910.82306836,999999.9999999999,998246.4387617444,632402.1305861042,997501.9297820716,997501.9297820716
2025-02-27T13:40:00.000+0000,995001.4152259601,700910.82306836,999999.9999999999,998246.4387617444,632402.1305861042,997501.9297820716,997501.9297820716
2025-02-27T13:50:00.000+0000,995001.4152259601,700910.82306836,999999.9999999999,998246.4387617444,632402.1305861042,997501.9297820716,997501.9297820716
2025-02-27T14:00:00.000+0000,995001.4152259601,700910.82306836,999999.9999999999,998246.4387617444,632402.1305861042,997501.9297820716,997501.9297820716
2025-02-27T14:10:00.000+0000,995001.4152259601,700910.82306836,999999.9999999999,998246.4387617444,632402.1305861042,997501.9297820716,997501.9297820716
2025-02-27T14:20:00.000+0000,995001.4152259601,700910.82306836,999999.9999999999,998246.4387617444,632402.1305861042,997501.9297820716,997501.9297820716
2025-02-27T14:30:00.000+0000,995001.4152259601,700910.82306836,999999.9999999999,998246.4387617444,632402.1305861042,997501.9297820716,997501.9297820716
2025-02-27T14:40:00.000+0000,995001.4152259601,700910.82306836,999999.9999999999,998246.4387617444,632402.1305861042,997501.9297820716,997501.9297820716
2025-02-27T14:50:00.000+0000,995001.4152259601,700910.82306836,999999.9999999999,998246.4387617444,632402.1305861042,997501.9297820716,997501.9297820716
2025-02-27T15:00:00.000+0000,995001.4152259601,700910.82306836,999999.9999999999,998246.4387617444,632402.1305861042,997501.9297820716,997501.9297820716
2025-02-27T15:10:00.000+0000,995001.4152259601,700910.82306836,999999.9999999999,998246.4387617444,632402.1305861042,997501.9297820716,997501.9297820716
2025-02-27T15:20:00.000+0000,995001.4152259601,700910.82306836,999999.9999999999,998246.4387617444,632402.1305861042,997501.9297820716,997501.9297820716
2025-02-27T15:30:00.000+0000,995001.4152259601,700910.82306836,999999.9999999999,998246.4387617444,632402.1305861042,997501.9297820716,997501.9297820716
2025-02-27T15:40:00.000+0000,995001.4152259601,700910.82306836,999999.9999999999,998246.4387617444,632402.1305861042,997501.9297820716,997501.9297820716
2025-02-27T15:50:00.000+0000,995001.4152259601,700910.82306836,999999.9999999999,998246.4387617444,632402.1305861042,997501.9297820716,997501.9297820716
2025-02-27T16:00:00.000+0000,995001.4152259601,700910.82306836,999999.9999999999,998246.4387617444,632402.1305861042,997501.9297820716,997501.9297820716
2025-02-27T16:10:00.000+0000,995001.4152259601,700910.82306836,999999.9999999999,998246.4387617444,632402.1305861042,997501.9297820716,997501.9297820716
2025-02-27T16:20:00.000+0000,995001.4152259601,700910.82306836,999999.9999999999,998246.4387617444,632402.1305861042,997501.9297820716,997501.9297820716
2025-02-27T16:30:00.000+0000,995001.4152259601,700910.82306836,999999.9999999999,998246.4387617444,632402.1305861042,997501.9297820716,997501.9297820716
2025-02-27T16:40:00.000+0000,995001.4152259601,700910.82306836,999999.9999999999,998246.4387617444,632402.1305861042,997501.9297820716,997501.9297820716
2025-02-27T16:50:00.000+0000,995001.4152259601,700910.82306836,999999.9999999999,998246.4387617444,632402.1305861042,997501.9297820716,997501.9297820716
2025-02-27T17:00:00.000+0000,995001.4152259601,700910.82306836,999999.9999999999,998246.4387617444,632402.1305861042,997501.9297820716,997501.9297820716
2025-02-27T17:10:00.000+0000,995001.4152259601,700910.82306836,999999.9999999999,998246.4387617444,632402.1305861042,997501.9297820716,997501.9297820716
2025-02-27T17:20:00.000+0000,995001.4152259601,700910.82306836,999999.9999999999,998246.4387617444,632402.1305861042,997501.9297820716,997501.9297820716
2025-02-27T17:30:00.000+0000,995001.4152259601,700910.82306836,999999.9999999999,998246.4387617444,632402.1305861042,997501.9297820716,997501.9297820716
2025-02-27T17:40:00.000+0000,995001.4152259601,700910.82306836,999999.9999999999,998246.4387617444,632402.1305861042,997501.9297820716,997501.9297820716
2025-02-27T17:50:00.000+0000,995001.4152259601,700910.82306836,999999.9999999999,998246.4387617444,632402.1305861042,997501.9297820716,997501.9297820716
2025-02-27T18:00:00.000+0000,995001.4152259601,700910.82306836,999999.9999999999,998246.4387617444,632402.1305861042,997501.9297820716,997501.9297820716
2025-02-27T18:10:00.000+0000,995001.4152259601,700910.82306836,999999.9999999999,998246.4387617444,632402.1305861042,997501.9297820716,997501.9297820716
2025-02-27T18:20:00.000+0000,995001.4152259601,700910.82306836,999999.9999999999,998246.4387617444,632402.1305861042,997501.9297820716,997501.9297820716
2025-02-27T18:30:00.000+0000,995001.4152259601,700910.82306836,999999.9999999999,998246.4387617444,632402.1305861042,997501.9297820716,997501.9297820716
2025-02-27T18:40:00.000+0000,995001.4152259601,700910.82306836,999999.9999999999,998246.4387617444,632402.1305861042,997501.9297820716,997501.9297820716
2025-02-27T18:50:00.000+0000,995001.4152259601,700910.82306836,999999.9999999999,998246.4387617444,632402.1305861042,997501.9297820716,997501.9297820716
2025-02-27T19:00:00.000+0000,995001.4152259601,700910.82306836,999999.9999999999,998246.4387617444,632402.1305861042,997501.9297820716,997501.9297820716
2025-02-27T19:10:00.000+0000,995001.4152259601,700910.82306836,999999.9999999999,998246.4387617444,632402.1305861042,997501.9297820716,997501.9297820716
2025-02-27T19:20:00.000+0000,995001.4152259601,700910.82306836,999999.9999999999,998246.4387617444,632402.1305861042,997501.9297820716,997501.9297820716
2025-02-27T19:30:00.000+0000,995001.4152259601,700910.82306836,999999.9999999999,998246.4387617444,632402.1305861042,997501.9297820716,997501.9297820716
2025-02-27T19:40:00.000+0000,995001.4152259601,700910.82306836,999999.9999999999,998246.4387617444,632402.1305861042,997501.9297820716,997501.9297820716
2025-02-27T19:50:00.000+0000,995001.4152259601,700910.82306836,999999.9999999999,998246.4387617444,632402.1305861042,997501.9297820716,997501.9297820716
2025-02-27T20:00:00.000+0000,995001.4152259601,700910.82306836,999999.9999999999,998246.4387617444,632402.1305861042,997501.9297820716,997501.9297820716
2025-02-27T20:10:00.000+0000,995001.4152259601,700910.82306836,999999.9999999999,998246.4387617444,632402.1305861042,997501.9297820716,997501.9297820716
2025-02-27T20:20:00.000+0000,995001.4152259601,700910.82306836,999999.9999999999,998246.4387617444,632402.1305861042,997501.9297820716,997501.9297820716
2025-02-27T20:30:00.000+0000,995001.4152259601,700910.82306836,999999.9999999999,998246.4387617444,632402.1305861042,997501.9297820716,997501.9297820716
2025-02-27T20:40:00.000+0000,995001.4152259601,700910.82306836,999999.9999999999,998246.4387617444,632402.1305861042,997501.9297820716,997501.9297820716
2025-02-27T20:50:00.000+0000,995001.4152259601,700910.82306836,999999.9999999999,998246.4387617444,632402.1305861042,997501.9297820716,997501.9297820716
2025-02-27T21:00:00.000+0000,995001.4152259601,700910.82306836,999999.9999999999,998246.4387617444,632402.1305861042,997501.9297820716,997501.9297820716
2025-02-27T21:10:00.000+0000,995001.4152259601,700910.82306836,999999.9999999999,998246.4387617444,632402.1305861042,997501.9297820716,997501.9297820716
2025-02-27T21:20:00.000+0000,995001.4152259601,700910.82306836,999999.9999999999,998246.4387617444,632402.1305861042,997501.9297820716,997501.9297820716
2025-02-27T21:30:00.000+0000,995001.4152259601,700910.82306836,999999.9999999999,998246.4387617444,632402.1305861042,997501.9297820716,997501.9297820716
2025-02-27T21:40:00.000+0000,995001.4152259601,700910.82306836,999999.9999999999,998246.4387617444,632402.1305861042,997501.9297820716,997501.9297820716
2025-02-27T21:50:00.000+0000,995001.4152259601,700910.82306836,999999.9999999999,998246.4387617444,632402.1305861042,997501.9297820716,997501.9297820716
2025-02-27T22:00:00.000+0000,995001.4152259601,700910.82306836,999999.9999999999,998246.4387617444,632402.1305861042,997501.9297820716,997501.9297820716
2025-02-27T22:10:00.000+0000,995001.4152259601,700910.82306836,999999.9999999999,998246.4387617444,632402.1305861042,997501.9297820716,997501.9297820716
2025-02-27T22:20:00.000+0000,995001.4152259601,700910.82306836,999999.9999999999,998246.4387617444,632402.1305861042,997501.9297820716,997501.9297820716
2025-02-27T22:30:00.000+0000,995001.4152259601,700910.82306836,999999.9999999999,998246.4387617444,632402.1305861042,997501.9297820716,997501.9297820716
2025-02-27T22:40:00.000+0000,995001.4152259601,700910.82306836,999999.9999999999,998246.4387617444,632402.1305861042,997501.9297820716,997501.9297820716
2025-02-27T22:50:00.000+0000,995001.4152259601,700910.82306836,999999.9999999999,998246.4387617444,632402.1305861042,997501.9297820716,997501.9297820716
2025-02-27T23:00:00.000+0000,995001.4152259601,700910.82306836,999999.9999999999,998246.4387617444,632402.1305861042,997501.9297820716,997501.9297820716
2025-02-27T23:10:00.000+0000,995001.4152259601,700910.82306836,999999.9999999999,998246.4387617444,632402.1305861042,997501.9297820716,997501.9297820716
2025-02-27T23:20:00.000+0000,995001.4152259601,700910.82306836,999999.9999999999,998246.4387617444,632402.1305861042,997501.9297820716,997501.9297820716
2025-02-27T23:30:00.000+0000,995001.4152259601,700910.82306836,999999.9999999999,998246.4387617444,632402.1305861042,997501.9297820716,997501.9297820716
2025-02-27T23:40:00.000+0000,995001.4152259601,700910.82306836,999999.9999999999,998246.4387617444,632402.1305861042,997501.9297820716,997501.9297820716
2025-02-27T23:50:00.000+0000,995001.4152259601,700910.82306836,999999.9999999999,998246.4387617444,632402.1305861042,997501.9297820716,997501.9297820716
2025-02-28T00:00:00.000+0000,995001.4152259601,700910.82306836,999999.9999999999,998246.4387617444,632402.1305861042,997501.9297820716,997501.9297820716
2025-02-28T00:10:00.000+0000,995001.4152259601,700910.82306836,999999.9999999999,998246.4387617444,632402.1305861042,997501.9297820716,997501.9297820716
2025-02-28T00:20:00.000+0000,995001.4152259601,700910.82306836,999999.9999999999,998246.4387617444,632402.1305861042,997501.9297820716,997501.9297820716
2025-02-28T00:30:00.000+0000,995001.4152259601,700910.82306836,999999.9999999999,998246.4387617444,632402.1305861042,997501.9297820716,997501.9297820716
2025-02-28T00:40:00.000+0000,995001.4152259601,700910.82306836,999999.9999999999,998246.4387617444,632402.1305861042,997501.9297820716,997501.9297820716
2025-02-28T00:50:00.000+0000,995001.4152259601,700910.82306836,999999.9999999999,998246.4387617444,632402.1305861042,997501.9297820716,997501.9297820716
2025-02-28T01:00:00.000+0000,995001.4152259601,700910.82306836,999999.9999999999,998246.4387617444,632402.1305861042,997501.9297820716,997501.9297820716
2025-02-28T01:10:00.000+0000,995001.4152259601,700910.82306836,999999.9999999999,998246.4387617444,632402.1305861042,997501.9297820716,997501.9297820716
2025-02-28T01:20:00.000+0000,995001.4152259601,700910.82306836,999999.9999999999,998246.4387617444,632402.1305861042,997501.9297820716,997501.9297820716
2025-02-28T01:30:00.000+0000,995001.4152259601,700910.82306836,999999.9999999999,998246.4387617444,632402.1305861042,997501.9297820716,997501.9297820716
2025-02-28T01:40:00.000+0000,995001.4152259601,700910.82306836,999999.9999999999,998246.4387617444,632402.1305861042,997501.9297820716,997501.9297820716
2025-02-28T01:50:00.000+0000,995001.4152259601,700910.82306836,999999.9999999999,998246.4387617444,632402.1305861042,997501.9297820716,997501.9297820716
2025-02-28T02:00:00.000+0000,995001.4152259601,700910.82306836,999999.9999999999,998246.4387617444,632402.1305861042,997501.9297820716,997501.9297820716
2025-02-28T02:10:00.000+0000,995001.4152259601,700910.82306836,999999.9999999999,998246.4387617444,632402.1305861042,997501.9297820716,997501.9297820716
2025-02-28T02:20:00.000+0000,995001.4152259601,700910.82306836,999999.9999999999,998246.4387617444,632402.1305861042,997501.9297820716,997501.9297820716
2025-02-28T02:30:00.000+0000,995001.4152259601,700910.82306836,999999.9999999999,998246.4387617444,632402.1305861042,997501.9297820716,997501.9297820716
2025-02-28T02:40:00.000+0000,995001.4152259601,700910.82306836,999999.9999999999,998246.4387617444,632402.1305861042,997501.9297820716,997501.9297820716
2025-02-28T02:50:00.000+0000,995001.4152259601,700910.82306836,999999.9999999999,998246.4387617444,632402.1305861042,997501.9297820716,997501.9297820716
2025-02-28T03:00:00.000+0000,995001.4152259601,700910.82306836,999999.9999999999,998246.4387617444,632402.1305861042,997501.9297820716,997501.9297820716
2025-02-28T03:10:00.000+0000,995001.4152259601,700910.82306836,999999.9999999999,998246.4387617444,632402.1305861042,997501.9297820716,997501.9297820716
2025-02-28T03:20:00.000+0000,995001.4152259601,700910.82306836,999999.9999999999,998246.4387617444,632402.1305861042,997501.9297820716,997501.9297820716
2025-02-28T03:30:00.000+0000,995001.4152259601,700910.82306836,999999.9999999999,998246.4387617444,632402.1305861042,997501.9297820716,997501.9297820716
2025-02-28T03:40:00.000+0000,995001.4152259601,700910.82306836,999999.9999999999,998246.4387617444,632402.1305861042,997501.9297820716,997501.9297820716
2025-02-28T03:50:00.000+0000,995001.4152259601,700910.82306836,999999.9999999999,998246.4387617444,632402.1305861042,997501.9297820716,997501.9297820716
2025-02-28T04:00:00.000+0000,995001.4152259601,700910.82306836,999999.9999999999,998246.4387617444,632402.1305861042,997501.9297820716,997501.9297820716
2025-02-28T04:10:00.000+0000,995001.4152259601,700910.82306836,999999.9999999999,998246.4387617444,632402.1305861042,997501.9297820716,997501.9297820716
2025-02-28T04:20:00.000+0000,995001.4152259601,700910.82306836,999999.9999999999,998246.4387617444,632402.1305861042,997501.9297820716,997501.9297820716
2025-02-28T04:30:00.000+0000,995001.4152259601,700910.82306836,999999.9999999999,998246.4387617444,632402.1305861042,997501.9297820716,997501.9297820716
2025-02-28T04:40:00.000+0000,995001.4152259601,700910.82306836,999999.9999999999,998246.4387617444,632402.1305861042,997501.9297820716,997501.9297820716
2025-02-28T04:50:00.000+0000,995001.4152259601,700910.82306836,999999.9999999999,998246.4387617444,632402.1305861042,997501.9297820716,997501.9297820716
2025-02-28T05:00:00.000+0000,995001.4152259601,700910.82306836,999999.9999999999,998246.4387617444,632402.1305861042,997501.9297820716,997501.9297820716
2025-02-28T05:10:00.000+0000,995001.4152259601,700910.82306836,999999.9999999999,998246.4387617444,632402.1305861042,997501.9297820716,997501.9297820716
2025-02-28T05:20:00.000+0000,995001.4152259601,700910.82306836,999999.9999999999,998246.4387617444,632402.1305861042,997501.9297820716,997501.9297820716
2025-02-28T05:30:00.000+0000,995001.4152259601,700910.82306836,999999.9999999999,998246.4387617444,632402.1305861042,997501.9297820716,997501.9297820716
2025-02-28T05:40:00.000+0000,995001.4152259601,700910.82306836,999999.9999999999,998246.4387617444,632402.1305861042,997501.9297820716,997501.9297820716
2025-02-28T05:50:00.000+0000,995001.4152259601,700910.82306836,999999.9999999999,998246.4387617444,632402.1305861042,997501.9297820716,997501.9297820716
2025-02-28T06:00:00.000+0000,995001.4152259601,700910.82306836,999999.9999999999,998246.4387617444,632402.1305861042,997501.9297820716,997501.9297820716
2025-02-28T06:10:00.000+0000,995001.4152259601,700910.82306836,999999.9999999999,998246.4387617444,632402.1305861042,997501.9297820716,997501.9297820716
2025-02-28T06:20:00.000+0000,995001.4152259601,700910.82306836,999999.9999999999,998246.4387617444,632402.1305861042,997501.9297820716,997501.9297820716
2025-02-28T06:30:00.000+0000,995001.4152259601,700910.82306836,999999.9999999999,998246.4387617444,632402.1305861042,997501.9297820716,997501.9297820716
2025-02-28T06:40:00.000+0000,995001.4152259601,700910.82306836,999999.9999999999,998246.4387617444,632402.1305861042,997501.9297820716,997501.9297820716
2025-02-28T06:50:00.000+0000,995001.4152259601,700910.82306836,999999.9999999999,998246.4387617444,632402.1305861042,997501.9297820716,997501.9297820716
2025-02-28T07:00:00.000+0000,995001.4152259601,700910.82306836,999999.9999999999,998246.4387617444,632402.1305861042,997501.9297820716,997501.9297820716
2025-02-28T07:10:00.000+0000,995001.4152259601,700910.82306836,999999.9999999999,998246.4387617444,632402.1305861042,997501.9297820716,997501.9297820716
2025-02-28T07:20:00.000+0000,995001.4152259601,700910.82306836,999999.9999999999,998246.4387617444,632402.1305861042,997501.9297820716,997501.9297820716
2025-02-28T07:30:00.000+0000,995001.4152259601,700910.82306836,999999.9999999999,998246.4387617444,632402.1305861042,997501.9297820716,997501.9297820716
2025-02-28T07:40:00.000+0000,995001.4152259601,700910.82306836,999999.9999999999,998246.4387617444,632402.1305861042,997501.9297820716,997501.9297820716
2025-02-28T07:50:00.000+0000,995001.4152259601,700910.82306836,999999.9999999999,998246.4387617444,632402.1305861042,997501.9297820716,997501.9297820716
2025-02-28T08:00:00.000+0000,995001.4152259601,700910.82306836,999999.9999999999,998246.4387617444,632402.1305861042,997501.9297820716,997501.9297820716
2025-02-28T08:10:00.000+0000,995001.4152259601,700910.82306836,999999.9999999999,998246.4387617444,632402.1305861042,997501.9297820716,997501.9297820716
2025-02-28T08:20:00.000+0000,995001.4152259601,700910.82306836,999999.9999999999,998246.4387617444,632402.1305861042,997501.9297820716,997501.9297820716
2025-02-28T08:30:00.000+0000,995001.4152259601,700910.82306836,999999.9999999999,998246.4387617444,632402.1305861042,997501.9297820716,997501.9297820716
2025-02-28T08:40:00.000+0000,995001.4152259601,700910.82306836,999999.9999999999,998246.4387617444,632402.1305861042,997501.9297820716,997501.9297820716
2025-02-28T08:50:00.000+0000,995001.4152259601,700910.82306836,999999.9999999999,998246.4387617444,632402.1305861042,997501.9297820716,997501.9297820716
2025-02-28T09:00:00.000+0000,995001.4152259601,700910.82306836,999999.9999999999,998246.4387617444,632402.1305861042,997501.9297820716,997501.9297820716
2025-02-28T09:10:00.000+0000,995001.4152259601,700910.82306836,999999.9999999999,998246.4387617444,632402.1305861042,997501.9297820716,997501.9297820716
2025-02-28T09:20:00.000+0000,995001.4152259601,700910.82306836,999999.9999999999,998246.4387617444,632402.1305861042,997501.9297820716,997501.9297820716
2025-02-28T09:30:00.000+0000,995001.4152259601,700910.82306836,999999.9999999999,998246.4387617444,632402.1305861042,997501.9297820716,997501.9297820716
2025-02-28T09:40:00.000+0000,995001.4152259601,700910.82306836,999999.9999999999,998246.4387617444,632402.1305861042,997501.9297820716,997501.9297820716
2025-02-28T09:50:00.000+0000,995001.4152259601,700910.82306836,999999.9999999999,998246.4387617444,632402.1305861042,997501.9297820716,997501.9297820716
2025-02-28T10:00:00.000+0000,995001.4152259601,700910.82306836,999999.9999999999,998246.4387617444,632402.1305861042,997501.9297820716,997501.9297820716
2025-02-28T10:10:00.000+0000,995001.4152259601,700910.82306836,999999.9999999999,998246.4387617444,632402.1305861042,997501.9297820716,997501.9297820716
2025-02-28T10:20:00.000+0000,995001.4152259601,700910.82306836,999999.9999999999,998246.4387617444,632402.1305861042,997501.9297820716,997501.9297820716
2025-02-28T10:30:00.000+0000,995001.4152259601,700910.82306836,999999.9999999999,998246.4387617444,632402.1305861042,997501.9297820716,997501.9297820716
2025-02-28T10:40:00.000+0000,995001.4152259601,700910.82306836,999999.9999999999,998246.4387617444,632402.1305861042,997501.9297820716,997501.9297820716
2025-02-28T10:50:00.000+0000,995001.4152259601,700910.82306836,999999.9999999999,998246.4387617444,632402.1305861042,997501.9297820716,997501.9297820716
2025-02-28T11:00:00.000+0000,995001.4152259601,700910.82306836,999999.9999999999,998246.4387617444,632402.1305861042,997501.9297820716,997501.9297820716
2025-02-28T11:10:00.000+0000,995001.4152259601,700910.82306836,999999.9999999999,998246.4387617444,632402.1305861042,997501.9297820716,997501.9297820716
2025-02-28T11:20:00.000+0000,995001.4152259601,700910.82306836,999999.9999999999,998246.4387617444,632402.1305861042,997501.9297820716,997501.9297820716
2025-02-28T11:30:00.000+0000,995001.4152259601,700910.82306836,999999.9999999999,998246.4387617444,632402.1305861042,997501.9297820716,997501.9297820716
2025-02-28T11:40:00.000+0000,995001.4152259601,700910.82306836,999999.9999999999,998246.4387617444,632402.1305861042,997501.9297820716,997501.9297820716
2025-02-28T11:50:00.000+0000,995001.4152259601,700910.82306836,999999.9999999999,998246.4387617444,632402.1305861042,997501.9297820716,997501.9297820716
2025-02-28T12:00:00.000+0000,995001.4152259601,700910.82306836,999999.9999999999,998246.4387617444,632402.1305861042,997501.9297820716,997501.9297820716
2025-02-28T12:10:00.000+0000,995001.4152259601,700910.82306836,999999.9999999999,998246.4387617444,632402.1305861042,997501.9297820716,997501.9297820716
2025-02-28T12:20:00.000+0000,995001.4152259601,700910.82306836,999999.9999999999,998246.4387617444,632402.1305861042,997501.9297820716,997501.9297820716
2025-02-28T12:30:00.000+0000,995001.4152259601,700910.82306836,999999.9999999999,998246.4387617444,632402.1305861042,997501.9297820716,997501.9297820716
2025-02-28T12:40:00.000+0000,995001.4152259601,700910.82306836,999999.9999999999,998246.4387617444,632402.1305861042,997501.9297820716,997501.9297820716
2025-02-28T12:50:00.000+0000,995001.4152259601,700910.82306836,999999.9999999999,998246.4387617444,632402.1305861042,997501.9297820716,997501.9297820716
2025-02-28T13:00:00.000+0000,995001.4152259601,700910.82306836,999999.9999999999,998246.4387617444,632402.1305861042,997501.9297820716,997501.9297820716
2025-02-28T13:10:00.000+0000,995001.4152259601,700910.82306836,999999.9999999999,998246.4387617444,632402.1305861042,997501.9297820716,997501.9297820716
2025-02-28T13:20:00.000+0000,995001.4152259601,700910.82306836,999999.9999999999,998246.4387617444,632402.1305861042,997501.9297820716,997501.9297820716
2025-02-28T13:30:00.000+0000,995001.4152259601,700910.82306836,999999.9999999999,998246.4387617444,632402.1305861042,997501.9297820716,997501.9297820716
2025-02-28T13:40:00.000+0000,995001.4152259601,700910.82306836,999999.9999999999,998246.4387617444,632402.1305861042,997501.9297820716,997501.9297820716
2025-02-28T13:50:00.000+0000,995001.4152259601,700910.82306836,999999.9999999999,998246.4387617444,632402.1305861042,997501.9297820716,997501.9297820716
2025-02-28T14:00:00.000+0000,995001.4152259601,700910.82306836,999999.9999999999,998246.4387617444,632402.1305861042,997501.9297820716,997501.9297820716
2025-02-28T14:10:00.000+0000,995001.4152259601,700910.82306836,999999.9999999999,998246.4387617444,632402.1305861042,997501.9297820716,997501.9297820716
2025-02-28T14:20:00.000+0000,995001.4152259601,700910.82306836,999999.9999999999,998246.4387617444,632402.1305861042,997501.9297820716,997501.9297820716
2025-02-28T14:30:00.000+0000,995001.4152259601,700910.82306836,999999.9999999999,998246.4387617444,632402.1305861042,997501.9297820716,997501.9297820716
2025-02-28T14:40:00.000+0000,995001.4152259601,700910.82306836,999999.9999999999,998246.4387617444,632402.1305861042,997501.9297820716,997501.9297820716
2025-02-28T14:50:00.000+0000,995001.4152259601,700910.82306836,999999.9999999999,998246.4387617444,632402.1305861042,997501.9297820716,997501.9297820716
2025-02-28T15:00:00.000+0000,995001.4152259601,700910.82306836,999999.9999999999,998246.4387617444,632402.1305861042,997501.9297820716,997501.9297820716
2025-02-28T15:10:00.000+0000,995001.4152259601,700910.82306836,999999.9999999999,998246.4387617444,632402.1305861042,997501.9297820716,997501.9297820716
2025-02-28T15:20:00.000+0000,995001.4152259601,700910.82306836,999999.9999999999,998246.4387617444,632402.1305861042,997501.9297820716,997501.9297820716
2025-02-28T15:30:00.000+0000,995001.4152259601,700910.82306836,999999.9999999999,998246.4387617444,632402.1305861042,997501.9297820716,997501.9297820716
2025-02-28T15:40:00.000+0000,995001.4152259601,700910.82306836,999999.9999999999,998246.4387617444,632402.1305861042,997501.9297820716,997501.9297820716
2025-02-28T15:50:00.000+0000,995001.4152259601,700910.82306836,999999.9999999999,998246.4387617444,632402.1305861042,997501.9297820716,997501.9297820716
2025-02-28T16:00:00.000+0000,995001.4152259601,700910.82306836,999999.9999999999,998246.4387617444,632402.1305861042,997501.9297820716,997501.9297820716
2025-02-28T16:10:00.000+0000,995001.4152259601,700910.82306836,999999.9999999999,998246.4387617444,632402.1305861042,997501.9297820716,997501.9297820716
2025-02-28T16:20:00.000+0000,995001.4152259601,700910.82306836,999999.9999999999,998246.4387617444,632402.1305861042,997501.9297820716,997501.9297820716
2025-02-28T16:30:00.000+0000,995001.4152259601,700910.82306836,999999.9999999999,998246.4387617444,632402.1305861042,997501.9297820716,997501.9297820716
2025-02-28T16:40:00.000+0000,995001.4152259601,700910.82306836,999999.9999999999,998246.4387617444,632402.1305861042,997501.9297820716,997501.9297820716
2025-02-28T16:50:00.000+0000,995001.4152259601,700910.82306836,999999.9999999999,998246.4387617444,632402.1305861042,997501.9297820716,997501.9297820716
2025-02-28T17:00:00.000+0000,995001.4152259601,700910.82306836,999999.9999999999,998246.4387617444,632402.1305861042,997501.9297820716,997501.9297820716
2025-02-28T17:10:00.000+0000,995001.4152259601,700910.82306836,999999.9999999999,998246.4387617444,632402.1305861042,997501.9297820716,997501.9297820716
2025-02-28T17:20:00.000+0000,995001.4152259601,700910.82306836,999999.9999999999,998246.4387617444,632402.1305861042,997501.9297820716,997501.9297820716
2025-02-28T17:30:00.000+0000,995001.4152259601,700910.82306836,999999.9999999999,998246.4387617444,632402.1305861042,997501.9297820716,997501.9297820716
2025-02-28T17:40:00.000+0000,995001.4152259601,700910.82306836,999999.9999999999,998246.4387617444,632402.1305861042,997501.9297820716,997501.9297820716
2025-02-28T17:50:00.000+0000,995001.4152259601,700910.82306836,999999.9999999999,998246.4387617444,632402.1305861042,997501.9297820716,997501.9297820716
2025-02-28T18:00:00.000+0000,995001.4152259601,700910.82306836,999999.9999999999,998246.4387617444,632402.1305861042,997501.9297820716,997501.9297820716
2025-02-28T18:10:00.000+0000,995001.4152259601,700910.82306836,999999.9999999999,998246.4387617444,632402.1305861042,997501.9297820716,997501.9297820716
2025-02-28T18:20:00.000+0000,995001.4152259601,700910.82306836,999999.9999999999,998246.4387617444,632402.1305861042,997501.9297820716,997501.9297820716
2025-02-28T18:30:00.000+0000,995001.4152259601,700910.82306836,999999.9999999999,998246.4387617444,632402.1305861042,997501.9297820716,997501.9297820716
2025-02-28T18:40:00.000+0000,995001.4152259601,700910.82306836,999999.9999999999,998246.4387617444,632402.1305861042,997501.9297820716,997501.9297820716
2025-02-28T18:50:00.000+0000,995001.4152259601,700910.82306836,999999.9999999999,998246.4387617444,632402.1305861042,997501.9297820716,997501.9297820716
2025-02-28T19:00:00.000+0000,995001.4152259601,700910.82306836,999999.9999999999,998246.4387617444,632402.1305861042,997501.9297820716,997501.9297820716
2025-02-28T19:10:00.000+0000,995001.4152259601,700910.82306836,999999.9999999999,998246.4387617444,632402.1305861042,997501.9297820716,997501.9297820716
2025-02-28T19:20:00.000+0000,995001.4152259601,700910.82306836,999999.9999999999,998246.4387617444,632402.1305861042,997501.9297820716,997501.9297820716
2025-02-28T19:30:00.000+0000,995001.4152259601,700910.82306836,999999.9999999999,998246.4387617444,632402.1305861042,997501.9297820716,997501.9297820716
2025-02-28T19:40:00.000+0000,995001.4152259601,700910.82306836,999999.9999999999,998246.4387617444,632402.1305861042,997501.9297820716,997501.9297820716
2025-02-28T19:50:00.000+0000,995001.4152259601,700910.82306836,999999.9999999999,998246.4387617444,632402.1305861042,997501.9297820716,997501.9297820716
2025-02-28T20:00:00.000+0000,995001.4152259601,700910.82306836,999999.9999999999,998246.4387617444,632402.1305861042,997501.9297820716,997501.9297820716
2025-02-28T20:10:00.000+0000,995001.4152259601,700910.82306836,999999.9999999999,998246.4387617444,632402.1305861042,997501.9297820716,997501.9297820716
2025-02-28T20:20:00.000+0000,995001.4152259601,700910.82306836,999999.9999999999,998246.4387617444,632402.1305861042,997501.9297820716,997501.9297820716
2025-02-28T20:30:00.000+0000,995001.4152259601,700910.82306836,999999.9999999999,998246.4387617444,632402.1305861042,997501.9297820716,997501.9297820716
2025-02-28T20:40:00.000+0000,995001.4152259601,700910.82306836,999999.9999999999,998246.4387617444,632402.1305861042,997501.9297820716,997501.9297820716
2025-02-28T20:50:00.000+0000,995001.4152259601,700910.82306836,999999.9999999999,998246.4387617444,632402.1305861042,997501.9297820716,997501.9297820716
2025-02-28T21:00:00.000+0000,995001.4152259601,700910.82306836,999999.9999999999,998246.4387617444,632402.1305861042,997501.9297820716,997501.9297820716
2025-02-28T21:10:00.000+0000,995001.4152259601,700910.82306836,999999.9999999999,998246.4387617444,632402.1305861042,997501.9297820716,997501.9297820716
2025-02-28T21:20:00.000+0000,995001.4152259601,700910.82306836,999999.9999999999,998246.4387617444,632402.1305861042,997501.9297820716,997501.9297820716
2025-02-28T21:30:00.000+0000,995001.4152259601,700910.82306836,999999.9999999999,998246.4387617444,632402.1305861042,997501.9297820716,997501.9297820716
2025-02-28T21:40:00.000+0000,995001.4152259601,700910.82306836,999999.9999999999,998246.4387617444,632402.1305861042,997501.9297820716,997501.9297820716
2025-02-28T21:50:00.000+0000,995001.4152259601,700910.82306836,999999.9999999999,998246.4387617444,632402.1305861042,997501.9297820716,997501.9297820716
2025-02-28T22:00:00.000+0000,995001.4152259601,700910.82306836,999999.9999999999,998246.4387617444,632402.1305861042,997501.9297820716,997501.9297820716
2025-02-28T22:10:00.000+0000,995001.4152259601,700910.82306836,999999.9999999999,998246.4387617444,632402.1305861042,997501.9297820716,997501.9297820716
2025-02-28T22:20:00.000+0000,995001.4152259601,700910.82306836,999999.9999999999,998246.4387617444,632402.1305861042,997501.9297820716,997501.9297820716
2025-02-28T22:30:00.000+0000,995001.4152259601,700910.82306836,999999.9999999999,998246.4387617444,632402.1305861042,997501.9297820716,997501.9297820716
2025-02-28T22:40:00.000+0000,995001.4152259601,700910.82306836,999999.9999999999,998246.4387617444,632402.1305861042,997501.9297820716,997501.9297820716
2025-02-28T22:50:00.000+0000,995001.4152259601,700910.82306836,999999.9999999999,998246.4387617444,632402.1305861042,997501.9297820716,997501.9297820716
2025-02-28T23:00:00.000+0000,995001.4152259601,700910.82306836,999999.9999999999,998246.4387617444,632402.1305861042,997501.9297820716,997501.9297820716
2025-02-28T23:10:00.000+0000,995001.4152259601,700910.82306836,999999.9999999999,998246.4387617444,632402.1305861042,997501.9297820716,997501.9297820716
2025-02-28T23:20:00.000+0000,995001.4152259601,700910.82306836,999999.9999999999,998246.4387617444,632402.1305861042,997501.9297820716,997501.9297820716
2025-02-28T23:30:00.000+0000,995001.4152259601,700910.82306836,999999.9999999999,998246.4387617444,632402.1305861042,997501.9297820716,997501.9297820716
2025-02-28T23:40:00.000+0000,995001.4152259601,700910.82306836,999999.9999999999,998246.4387617444,632402.1305861042,997501.9297820716,997501.9297820716
2025-02-28T23:50:00.000+0000,995001.4152259601,700910.82306836,999999.9999999999,998246.4387617444,632402.1305861042,997501.9297820716,997501.9297820716
2025-03-01T00:00:00.000+0000,995001.4152259601,700910.82306836,999999.9999999999,998246.4387617444,632402.1305861042,997501.9297820716,997501.9297820716
2025-03-01T00:10:00.000+0000,995001.4152259601,700910.82306836,999999.9999999999,998246.4387617444,632402.1305861042,997501.9297820716,997501.9297820716
2025-03-01T00:20:00.000+0000,995001.4152259601,700910.82306836,999999.9999999999,998246.4387617444,632402.1305861042,997501.9297820716,997501.9297820716
2025-03-01T00:30:00.000+0000,995001.4152259601,700910.82306836,999999.9999999999,998246.4387617444,632402.1305861042,997501.9297820716,997501.9297820716
2025-03-01T00:40:00.000+0000,995001.4152259601,700910.82306836,999999.9999999999,998246.4387617444,632402.1305861042,997501.9297820716,997501.9297820716
2025-03-01T00:50:00.000+0000,995001.4152259601,700910.82306836,999999.9999999999,998246.4387617444,632402.1305861042,997501.9297820716,997501.9297820716
2025-03-01T01:00:00.000+0000,995001.4152259601,700910.82306836,999999.9999999999,998246.4387617444,632402.1305861042,997501.9297820716,997501.9297820716
2025-03-01T01:10:00.000+0000,995001.4152259601,700910.82306836,999999.9999999999,998246.4387617444,632402.1305861042,997501.9297820716,997501.9297820716
2025-03-01T01:20:00.000+0000,995001.4152259601,700910.82306836,999999.9999999999,998246.4387617444,632402.1305861042,997501.9297820716,997501.9297820716
2025-03-01T01:30:00.000+0000,995001.4152259601,700910.82306836,999999.9999999999,998246.4387617444,632402.1305861042,997501.9297820716,997501.9297820716
2025-03-01T01:40:00.000+0000,995001.4152259601,700910.82306836,999999.9999999999,998246.4387617444,632402.1305861042,997501.9297820716,997501.9297820716
2025-03-01T01:50:00.000+0000,995001.4152259601,700910.82306836,999999.9999999999,998246.4387617444,632402.1305861042,997501.9297820716,997501.9297820716
2025-03-01T02:00:00.000+0000,995001.4152259601,700910.82306836,999999.9999999999,998246.4387617444,632402.1305861042,997501.9297820716,997501.9297820716
2025-03-01T02:10:00.000+0000,995001.4152259601,700910.82306836,999999.9999999999,998246.4387617444,632402.1305861042,997501.9297820716,997501.9297820716
2025-03-01T02:20:00.000+0000,995001.4152259601,700910.82306836,999999.9999999999,998246.4387617444,632402.1305861042,997501.9297820716,997501.9297820716
2025-03-01T02:30:00.000+0000,995001.4152259601,700910.82306836,999999.9999999999,998246.4387617444,632402.1305861042,997501.9297820716,997501.9297820716
2025-03-01T02:40:00.000+0000,995001.4152259601,700910.82306836,999999.9999999999,998246.4387617444,632402.1305861042,997501.9297820716,997501.9297820716
2025-03-01T02:50:00.000+0000,995001.4152259601,700910.82306836,999999.9999999999,998246.4387617444,632402.1305861042,997501.9297820716,997501.9297820716
2025-03-01T03:00:00.000+0000,995001.4152259601,700910.82306836,999999.9999999999,998246.4387617444,632402.1305861042,997501.9297820716,997501.9297820716
2025-03-01T03:10:00.000+0000,995001.4152259601,700910.82306836,999999.9999999999,998246.4387617444,632402.1305861042,997501.9297820716,997501.9297820716
2025-03-01T03:20:00.000+0000,995001.4152259601,700910.82306836,999999.9999999999,998246.4387617444,632402.1305861042,997501.9297820716,997501.9297820716
2025-03-01T03:30:00.000+0000,995001.4152259601,700910.82306836,999999.9999999999,998246.4387617444,632402.1305861042,997501.9297820716,997501.9297820716
2025-03-01T03:40:00.000+0000,995001.4152259601,700910.82306836,999999.9999999999,998246.4387617444,632402.1305861042,997501.9297820716,997501.9297820716
2025-03-01T03:50:00.000+0000,995001.4152259601,700910.82306836,999999.9999999999,998246.4387617444,632402.1305861042,997501.9297820716,997501.9297820716
2025-03-01T04:00:00.000+0000,995001.4152259601,700910.82306836,999999.9999999999,998246.4387617444,632402.1305861042,997501.9297820716,997501.9297820716
2025-03-01T04:10:00.000+0000,995001.4152259601,700910.82306836,999999.9999999999,998246.4387617444,632402.1305861042,997501.9297820716,997501.9297820716
2025-03-01T04:20:00.000+0000,995001.4152259601,700910.82306836,999999.9999999999,998246.4387617444,632402.1305861042,997501.9297820716,997501.9297820716
2025-03-01T04:30:00.000+0000,995001.4152259601,700910.82306836,999999.9999999999,998246.4387617444,632402.1305861042,997501.9297820716,997501.9297820716
2025-03-01T04:40:00.000+0000,995001.4152259601,700910.82306836,999999.9999999999,998246.4387617444,632402.1305861042,997501.9297820716,997501.9297820716
2025-03-01T04:50:00.000+0000,995001.4152259601,700910.82306836,999999.9999999999,998246.4387617444,632402.1305861042,997501.9297820716,997501.9297820716
2025-03-01T05:00:00.000+0000,995001.4152259601,700910.82306836,999999.9999999999,998246.4387617444,632402.1305861042,997501.9297820716,997501.9297820716
2025-03-01T05:10:00.000+0000,995001.4152259601,700910.82306836,999999.9999999999,998246.4387617444,632402.1305861042,997501.9297820716,997501.9297820716
2025-03-01T05:20:00.000+0000,995001.4152259601,700910.82306836,999999.9999999999,998246.4387617444,632402.1305861042,997501.9297820716,997501.9297820716
2025-03-01T05:30:00.000+0000,995001.4152259601,700910.82306836,999999.9999999999,998246.4387617444,632402.1305861042,997501.9297820716,997501.9297820716
2025-03-01T05:40:00.000+0000,995001.4152259601,700910.82306836,999999.9999999999,998246.4387617444,632402.1305861042,997501.9297820716,997501.9297820716
2025-03-01T05:50:00.000+0000,995001.4152259601,700910.82306836,999999.9999999999,998246.4387617444,632402.1305861042,997501.9297820716,997501.9297820716
2025-03-01T06:00:00.000+0000,995001.4152259601,700910.82306836,999999.9999999999,998246.4387617444,632402.1305861042,997501.9297820716,997501.9297820716
2025-03-01T06:10:00.000+0000,995001.4152259601,700910.82306836,999999.9999999999,998246.4387617444,632402.1305861042,997501.9297820716,997501.9297820716
2025-03-01T06:20:00.000+0000,995001.4152259601,700910.82306836,999999.9999999999,998246.4387617444,632402.1305861042,997501.9297820716,997501.9297820716
2025-03-01T06:30:00.000+0000,995001.4152259601,700910.82306836,999999.9999999999,998246.4387617444,632402.1305861042,997501.9297820716,997501.9297820716
2025-03-01T06:40:00.000+0000,995001.4152259601,700910.82306836,999999.9999999999,998246.4387617444,632402.1305861042,997501.9297820716,997501.9297820716
2025-03-01T06:50:00.000+0000,995001.4152259601,700910.82306836,999999.9999999999,998246.4387617444,632402.1305861042,997501.9297820716,997501.9297820716
2025-03-01T07:00:00.000+0000,995001.4152259601,700910.82306836,999999.9999999999,998246.4387617444,632402.1305861042,997501.9297820716,997501.9297820716
2025-03-01T07:10:00.000+0000,995001.4152259601,700910.82306836,999999.9999999999,998246.4387617444,632402.1305861042,997501.9297820716,997501.9297820716
2025-03-01T07:20:00.000+0000,995001.4152259601,700910.82306836,999999.9999999999,998246.4387617444,632402.1305861042,997501.9297820716,997501.9297820716
2025-03-01T07:30:00.000+0000,995001.4152259601,700910.82306836,999999.9999999999,998246.4387617444,632402.1305861042,997501.9297820716,997501.9297820716
2025-03-01T07:40:00.000+0000,995001.4152259601,700910.82306836,999999.9999999999,998246.4387617444,632402.1305861042,997501.9297820716,997501.9297820716
2025-03-01T07:50:00.000+0000,995001.4152259601,700910.82306836,999999.9999999999,998246.4387617444,632402.1305861042,997501.9297820716,997501.9297820716
2025-03-01T08:00:00.000+0000,995001.4152259601,700910.82306836,999999.9999999999,998246.4387617444,632402.1305861042,997501.9297820716,997501.9297820716
2025-03-01T08:10:00.000+0000,995001.4152259601,700910.82306836,999999.9999999999,998246.4387617444,632402.1305861042,997501.9297820716,997501.9297820716
2025-03-01T08:20:00.000+0000,995001.4152259601,700910.82306836,999999.9999999999,998246.4387617444,632402.1305861042,997501.9297820716,997501.9297820716
2025-03-01T08:30:00.000+0000,995001.4152259601,700910.82306836,999999.9999999999,998246.4387617444,632402.1305861042,997501.9297820716,997501.9297820716
2025-03-01T08:40:00.000+0000,995001.4152259601,700910.82306836,999999.9999999999,998246.4387617444,632402.1305861042,997501.9297820716,997501.9297820716
2025-03-01T08:50:00.000+0000,995001.4152259601,700910.82306836,999999.9999999999,998246.4387617444,632402.1305861042,997501.9297820716,997501.9297820716
2025-03-01T09:00:00.000+0000,995001.4152259601,700910.82306836,999999.9999999999,998246.4387617444,632402.1305861042,997501.9297820716,997501.9297820716
2025-03-01T09:10:00.000+0000,995001.4152259601,700910.82306836,999999.9999999999,998246.4387617444,632402.1305861042,997501.9297820716,997501.9297820716
2025-03-01T09:20:00.000+0000,995001.4152259601,700910.82306836,999999.9999999999,998246.4387617444,632402.1305861042,997501.9297820716,997501.9297820716
2025-03-01T09:30:00.000+0000,995001.4152259601,700910.82306836,999999.9999999999,998246.4387617444,632402.1305861042,997501.9297820716,997501.9297820716
2025-03-01T09:40:00.000+0000,995001.4152259601,700910.82306836,999999.9999999999,998246.4387617444,632402.1305861042,997501.9297820716,997501.9297820716
2025-03-01T09:50:00.000+0000,995001.4152259601,700910.82306836,999999.9999999999,998246.4387617444,632402.1305861042,997501.9297820716,997501.9297820716
2025-03-01T10:00:00.000+0000,995001.4152259601,700910.82306836,999999.9999999999,998246.4387617444,632402.1305861042,997501.9297820716,997501.9297820716
2025-03-01T10:10:00.000+0000,995001.4152259601,700910.82306836,999999.9999999999,998246.4387617444,632402.1305861042,997501.9297820716,997501.9297820716
2025-03-01T10:20:00.000+0000,995001.4152259601,700910.82306836,999999.9999999999,998246.4387617444,632402.1305861042,997501.9297820716,997501.9297820716
2025-03-01T10:30:00.000+0000,995001.4152259601,700910.82306836,999999.9999999999,998246.4387617444,632402.1305861042,997501.9297820716,997501.9297820716
2025-03-01T10:40:00.000+0000,995001.4152259601,700910.82306836,999999.9999999999,998246.4387617444,632402.1305861042,997501.9297820716,997501.9297820716
2025-03-01T10:50:00.000+0000,995001.4152259601,700910.82306836,999999.9999999999,998246.4387617444,632402.1305861042,997501.9297820716,997501.9297820716
2025-03-01T11:00:00.000+0000,995001.4152259601,700910.82306836,999999.9999999999,998246.4387617444,632402.1305861042,997501.9297820716,997501.9297820716
2025-03-01T11:10:00.000+0000,995001.4152259601,700910.82306836,999999.9999999999,998246.4387617444,632402.1305861042,997501.9297820716,997501.9297820716
2025-03-01T11:20:00.000+0000,995001.4152259601,700910.82306836,999999.9999999999,998246.4387617444,632402.1305861042,997501.9297820716,997501.9297820716
2025-03-01T11:30:00.000+0000,995001.4152259601,700910.82306836,999999.9999999999,998246.4387617444,632402.1305861042,997501.9297820716,997501.9297820716
2025-03-01T11:40:00.000+0000,995001.4152259601,700910.82306836,999999.9999999999,998246.4387617444,632402.1305861042,997501.9297820716,997501.9297820716
2025-03-01T11:50:00.000+0000,995001.4152259601,700910.82306836,999999.9999999999,998246.4387617444,632402.1305861042,997501.9297820716,997501.9297820716
2025-03-01T12:00:00.000+0000,995001.4152259601,700910.82306836,999999.9999999999,998246.4387617444,632402.1305861042,997501.9297820716,997501.9297820716
2025-03-01T12:10:00.000+0000,995001.4152259601,700910.82306836,999999.9999999999,998246.4387617444,632402.1305861042,997501.9297820716,997501.9297820716
2025-03-01T12:20:00.000+0000,995001.4152259601,700910.82306836,999999.9999999999,998246.4387617444,632402.1305861042,997501.9297820716,997501.9297820716
2025-03-01T12:30:00.000+0000,995001.4152259601,700910.82306836,999999.9999999999,998246.4387617444,632402.1305861042,997501.9297820716,997501.9297820716
2025-03-01T12:40:00.000+0000,995001.4152259601,700910.82306836,999999.9999999999,998246.4387617444,632402.1305861042,997501.9297820716,997501.9297820716
2025-03-01T12:50:00.000+0000,995001.4152259601,700910.82306836,999999.9999999999,998246.4387617444,632402.1305861042,997501.9297820716,997501.9297820716
2025-03-01T13:00:00.000+0000,995001.4152259601,700910.82306836,999999.9999999999,998246.4387617444,632402.1305861042,997501.9297820716,997501.9297820716
2025-03-01T13:10:00.000+0000,995001.4152259601,700910.82306836,999999.9999999999,998246.4387617444,632402.1305861042,997501.9297820716,997501.9297820716
2025-03-01T13:20:00.000+0000,995001.4152259601,700910.82306836,999999.9999999999,998246.4387617444,632402.1305861042,997501.9297820716,997501.9297820716
2025-03-01T13:30:00.000+0000,995001.4152259601,700910.82306836,999999.9999999999,998246.4387617444,632402.1305861042,997501.9297820716,997501.9297820716
2025-03-01T13:40:00.000+0000,995001.4152259601,700910.82306836,999999.9999999999,998246.4387617444,632402.1305861042,997501.9297820716,997501.9297820716
2025-03-01T13:50:00.000+0000,995001.4152259601,700910.82306836,999999.9999999999,998246.4387617444,632402.1305861042,997501.9297820716,997501.9297820716
2025-03-01T14:00:00.000+0000,995001.4152259601,700910.82306836,999999.9999999999,998246.4387617444,632402.1305861042,997501.9297820716,997501.9297820716
2025-03-01T14:10:00.000+0000,995001.4152259601,700910.82306836,999999.9999999999,998246.4387617444,632402.1305861042,997501.9297820716,997501.9297820716
2025-03-01T14:20:00.000+0000,995001.4152259601,700910.82306836,999999.9999999999,998246.4387617444,632402.1305861042,997501.9297820716,997501.9297820716
2025-03-01T14:30:00.000+0000,995001.4152259601,700910.82306836,999999.9999999999,998246.4387617444,632402.1305861042,997501.9297820716,997501.9297820716
2025-03-01T14:40:00.000+0000,995001.4152259601,700910.82306836,999999.9999999999,998246.4387617444,632402.1305861042,997501.9297820716,997501.9297820716
2025-03-01T14:50:00.000+0000,995001.4152259601,700910.82306836,999999.9999999999,998246.4387617444,632402.1305861042,997501.9297820716,997501.9297820716
2025-03-01T15:00:00.000+0000,995001.4152259601,700910.82306836,999999.9999999999,998246.4387617444,632402.1305861042,997501.9297820716,997501.9297820716
2025-03-01T15:10:00.000+0000,995001.4152259601,700910.82306836,999999.9999999999,998246.4387617444,632402.1305861042,997501.9297820716,997501.9297820716
2025-03-01T15:20:00.000+0000,995001.4152259601,700910.82306836,999999.9999999999,998246.4387617444,632402.1305861042,997501.9297820716,997501.9297820716
2025-03-01T15:30:00.000+0000,995001.4152259601,700910.82306836,999999.9999999999,998246.4387617444,632402.1305861042,997501.9297820716,997501.9297820716
2025-03-01T15:40:00.000+0000,995001.4152259601,700910.82306836,999999.9999999999,998246.4387617444,632402.1305861042,997501.9297820716,997501.9297820716
2025-03-01T15:50:00.000+0000,995001.4152259601,700910.82306836,999999.9999999999,998246.4387617444,632402.1305861042,997501.9297820716,997501.9297820716
2025-03-01T16:00:00.000+0000,995001.4152259601,700910.82306836,999999.9999999999,998246.4387617444,632402.1305861042,997501.9297820716,997501.9297820716
2025-03-01T16:10:00.000+0000,995001.4152259601,700910.82306836,999999.9999999999,998246.4387617444,632402.1305861042,997501.9297820716,997501.9297820716
2025-03-01T16:20:00.000+0000,995001.4152259601,700910.82306836,999999.9999999999,998246.4387617444,632402.1305861042,997501.9297820716,997501.9297820716
2025-03-01T16:30:00.000+0000,995001.4152259601,700910.82306836,999999.9999999999,998246.4387617444,632402.1305861042,997501.9297820716,997501.9297820716
2025-03-01T16:40:00.000+0000,995001.4152259601,700910.82306836,999999.9999999999,998246.4387617444,632402.1305861042,997501.9297820716,997501.9297820716
2025-03-01T16:50:00.000+0000,995001.4152259601,700910.82306836,999999.9999999999,998246.4387617444,632402.1305861042,997501.9297820716,997501.9297820716
2025-03-01T17:00:00.000+0000,995001.4152259601,700910.82306836,999999.9999999999,998246.4387617444,632402.1305861042,997501.9297820716,997501.9297820716
2025-03-01T17:10:00.000+0000,995001.4152259601,700910.82306836,999999.9999999999,998246.4387617444,632402.1305861042,997501.9297820716,997501.9297820716
2025-03-01T17:20:00.000+0000,995001.4152259601,700910.82306836,999999.9999999999,998246.4387617444,632402.1305861042,997501.9297820716,997501.9297820716
2025-03-01T17:30:00.000+0000,995001.4152259601,700910.82306836,999999.9999999999,998246.4387617444,632402.1305861042,997501.9297820716,997501.9297820716
2025-03-01T17:40:00.000+0000,995001.4152259601,700910.82306836,999999.9999999999,998246.4387617444,632402.1305861042,997501.9297820716,997501.9297820716
2025-03-01T17:50:00.000+0000,995001.4152259601,700910.82306836,999999.9999999999,998246.4387617444,632402.1305861042,997501.9297820716,997501.9297820716
2025-03-01T18:00:00.000+0000,995001.4152259601,700910.82306836,999999.9999999999,998246.4387617444,632402.1305861042,997501.9297820716,997501.9297820716
2025-03-01T18:10:00.000+0000,995001.4152259601,700910.82306836,999999.9999999999,998246.4387617444,632402.1305861042,997501.9297820716,997501.9297820716
2025-03-01T18:20:00.000+0000,995001.4152259601,700910.82306836,999999.9999999999,998246.4387617444,632402.1305861042,997501.9297820716,997501.9297820716
2025-03-01T18:30:00.000+0000,995001.4152259601,700910.82306836,999999.9999999999,998246.4387617444,632402.1305861042,997501.9297820716,997501.9297820716
2025-03-01T18:40:00.000+0000,995001.4152259601,700910.82306836,999999.9999999999,998246.4387617444,632402.1305861042,997501.9297820716,997501.9297820716
2025-03-01T18:50:00.000+0000,995001.4152259601,700910.82306836,999999.9999999999,998246.4387617444,632402.1305861042,997501.9297820716,997501.9297820716
2025-03-01T19:00:00.000+0000,995001.4152259601,700910.82306836,999999.9999999999,998246.4387617444,632402.1305861042,997501.9297820716,997501.9297820716
2025-03-01T19:10:00.000+0000,995001.4152259601,700910.82306836,999999.9999999999,998246.4387617444,632402.1305861042,997501.9297820716,997501.9297820716
2025-03-01T19:20:00.000+0000,995001.4152259601,700910.82306836,999999.9999999999,998246.4387617444,632402.1305861042,997501.9297820716,997501.9297820716
2025-03-01T19:30:00.000+0000,995001.4152259601,700910.82306836,999999.9999999999,998246.4387617444,632402.1305861042,997501.9297820716,997501.9297820716
2025-03-01T19:40:00.000+0000,995001.4152259601,700910.82306836,999999.9999999999,998246.4387617444,632402.1305861042,997501.9297820716,997501.9297820716
2025-03-01T19:50:00.000+0000,995001.4152259601,700910.82306836,999999.9999999999,998246.4387617444,632402.1305861042,997501.9297820716,997501.9297820716
2025-03-01T20:00:00.000+0000,995001.4152259601,700910.82306836,999999.9999999999,998246.4387617444,632402.1305861042,997501.9297820716,997501.9297820716
2025-03-01T20:10:00.000+0000,995001.4152259601,700910.82306836,999999.9999999999,998246.4387617444,632402.1305861042,997501.9297820716,997501.9297820716
2025-03-01T20:20:00.000+0000,995001.4152259601,700910.82306836,999999.9999999999,998246.4387617444,632402.1305861042,997501.9297820716,997501.9297820716
2025-03-01T20:30:00.000+0000,995001.4152259601,700910.82306836,999999.9999999999,998246.4387617444,632402.1305861042,997501.9297820716,997501.9297820716
2025-03-01T20:40:00.000+0000,995001.4152259601,700910.82306836,999999.9999999999,998246.4387617444,632402.1305861042,997501.9297820716,997501.9297820716
2025-03-01T20:50:00.000+0000,995001.4152259601,700910.82306836,999999.9999999999,998246.4387617444,632402.1305861042,997501.9297820716,997501.9297820716
2025-03-01T21:00:00.000+0000,995001.4152259601,700910.82306836,999999.9999999999,998246.4387617444,632402.1305861042,997501.9297820716,997501.9297820716
2025-03-01T21:10:00.000+0000,995001.4152259601,700910.82306836,999999.9999999999,998246.4387617444,632402.1305861042,997501.9297820716,997501.9297820716
2025-03-01T21:20:00.000+0000,995001.4152259601,700910.82306836,999999.9999999999,998246.4387617444,632402.1305861042,997501.9297820716,997501.9297820716
2025-03-01T21:30:00.000+0000,995001.4152259601,700910.82306836,999999.9999999999,998246.4387617444,632402.1305861042,997501.9297820716,997501.9297820716
2025-03-01T21:40:00.000+0000,995001.4152259601,700910.82306836,999999.9999999999,998246.4387617444,632402.1305861042,997501.9297820716,997501.9297820716
2025-03-01T21:50:00.000+0000,995001.4152259601,700910.82306836,999999.9999999999,998246.4387617444,632402.1305861042,997501.9297820716,997501.9297820716
2025-03-01T22:00:00.000+0000,995001.4152259601,700910.82306836,999999.9999999999,998246.4387617444,632402.1305861042,997501.9297820716,997501.9297820716
2025-03-01T22:10:00.000+0000,995001.4152259601,700910.82306836,999999.9999999999,998246.4387617444,632402.1305861042,997501.9297820716,997501.9297820716
2025-03-01T22:20:00.000+0000,995001.4152259601,700910.82306836,999999.9999999999,998246.4387617444,632402.1305861042,997501.9297820716,997501.9297820716
2025-03-01T22:30:00.000+0000,995001.4152259601,700910.82306836,999999.9999999999,998246.4387617444,632402.1305861042,997501.9297820716,997501.9297820716
2025-03-01T22:40:00.000+0000,995001.4152259601,700910.82306836,999999.9999999999,998246.4387617444,632402.1305861042,997501.9297820716,997501.9297820716
2025-03-01T22:50:00.000+0000,995001.4152259601,700910.82306836,999999.9999999999,998246.4387617444,632402.1305861042,997501.9297820716,997501.9297820716
2025-03-01T23:00:00.000+0000,995001.4152259601,700910.82306836,999999.9999999999,998246.4387617444,632402.1305861042,997501.9297820716,997501.9297820716
2025-03-01T23:10:00.000+0000,995001.4152259601,700910.82306836,999999.9999999999,998246.4387617444,632402.1305861042,997501.9297820716,997501.9297820716
2025-03-01T23:20:00.000+0000,995001.4152259601,700910.82306836,999999.9999999999,998246.4387617444,632402.1305861042,997501.9297820716,997501.9297820716
2025-03-01T23:30:00.000+0000,995001.4152259601,700910.82306836,999999.9999999999,998246.4387617444,632402.1305861042,997501.9297820716,997501.9297820716
2025-03-01T23:40:00.000+0000,995001.4152259601,700910.82306836,999999.9999999999,998246.4387617444,632402.1305861042,997501.9297820716,997501.9297820716
2025-03-01T23:50:00.000+0000,995001.4152259601,700910.82306836,999999.9999999999,998246.4387617444,632402.1305861042,997501.9297820716,997501.9297820716
2025-03-02T00:00:00.000+0000,995001.4152259601,700910.82306836,999999.9999999999,998246.4387617444,632402.1305861042,997501.9297820716,997501.9297820716
2025-03-02T00:10:00.000+0000,995001.4152259601,700910.82306836,999999.9999999999,998246.4387617444,632402.1305861042,997501.9297820716,997501.9297820716
2025-03-02T00:20:00.000+0000,995001.4152259601,700910.82306836,999999.9999999999,998246.4387617444,632402.1305861042,997501.9297820716,997501.9297820716
2025-03-02T00:30:00.000+0000,995001.4152259601,700910.82306836,999999.9999999999,998246.4387617444,632402.1305861042,997501.9297820716,997501.9297820716
2025-03-02T00:40:00.000+0000,995001.4152259601,700910.82306836,999999.9999999999,998246.4387617444,632402.1305861042,997501.9297820716,997501.9297820716
2025-03-02T00:50:00.000+0000,995001.4152259601,700910.82306836,999999.9999999999,998246.4387617444,632402.1305861042,997501.9297820716,997501.9297820716
2025-03-02T01:00:00.000+0000,995001.4152259601,700910.82306836,999999.9999999999,998246.4387617444,632402.1305861042,997501.9297820716,997501.9297820716
2025-03-02T01:10:00.000+0000,995001.4152259601,700910.82306836,999999.9999999999,998246.4387617444,632402.1305861042,997501.9297820716,997501.9297820716
2025-03-02T01:20:00.000+0000,995001.4152259601,700910.82306836,999999.9999999999,998246.4387617444,632402.1305861042,997501.9297820716,997501.9297820716
2025-03-02T01:30:00.000+0000,995001.4152259601,700910.82306836,999999.9999999999,998246.4387617444,632402.1305861042,997501.9297820716,997501.9297820716
2025-03-02T01:40:00.000+0000,995001.4152259601,700910.82306836,999999.9999999999,998246.4387617444,632402.1305861042,997501.9297820716,997501.9297820716
2025-03-02T01:50:00.000+0000,995001.4152259601,700910.82306836,999999.9999999999,998246.4387617444,632402.1305861042,997501.9297820716,997501.9297820716
2025-03-02T02:00:00.000+0000,995001.4152259601,700910.82306836,999999.9999999999,998246.4387617444,632402.1305861042,997501.9297820716,997501.9297820716
2025-03-02T02:10:00.000+0000,995001.4152259601,700910.82306836,999999.9999999999,998246.4387617444,632402.1305861042,997501.9297820716,997501.9297820716
2025-03-02T02:20:00.000+0000,995001.4152259601,700910.82306836,999999.9999999999,998246.4387617444,632402.1305861042,997501.9297820716,997501.9297820716
2025-03-02T02:30:00.000+0000,995001.4152259601,700910.82306836,999999.9999999999,998246.4387617444,632402.1305861042,997501.9297820716,997501.9297820716
2025-03-02T02:40:00.000+0000,995001.4152259601,700910.82306836,999999.9999999999,998246.4387617444,632402.1305861042,997501.9297820716,997501.9297820716
2025-03-02T02:50:00.000+0000,995001.4152259601,700910.82306836,999999.9999999999,998246.4387617444,632402.1305861042,997501.9297820716,997501.9297820716
2025-03-02T03:00:00.000+0000,995001.4152259601,700910.82306836,999999.9999999999,998246.4387617444,632402.1305861042,997501.9297820716,997501.9297820716
2025-03-02T03:10:00.000+0000,995001.4152259601,700910.82306836,999999.9999999999,998246.4387617444,632402.1305861042,997501.9297820716,997501.9297820716
2025-03-02T03:20:00.000+0000,995001.4152259601,700910.82306836,999999.9999999999,998246.4387617444,632402.1305861042,997501.9297820716,997501.9297820716
2025-03-02T03:30:00.000+0000,995001.4152259601,700910.82306836,999999.9999999999,998246.4387617444,632402.1305861042,997501.9297820716,997501.9297820716
2025-03-02T03:40:00.000+0000,995001.4152259601,700910.82306836,999999.9999999999,998246.4387617444,632402.1305861042,997501.9297820716,997501.9297820716
2025-03-02T03:50:00.000+0000,995001.4152259601,700910.82306836,999999.9999999999,998246.4387617444,632402.1305861042,997501.9297820716,997501.9297820716
2025-03-02T04:00:00.000+0000,995001.4152259601,700910.82306836,999999.9999999999,998246.4387617444,632402.1305861042,997501.9297820716,997501.9297820716
2025-03-02T04:10:00.000+0000,995001.4152259601,700910.82306836,999999.9999999999,998246.4387617444,632402.1305861042,997501.9297820716,997501.9297820716
2025-03-02T04:20:00.000+0000,995001.4152259601,700910.82306836,999999.9999999999,998246.4387617444,632402.1305861042,997501.9297820716,997501.9297820716
2025-03-02T04:30:00.000+0000,995001.4152259601,700910.82306836,999999.9999999999,998246.4387617444,632402.1305861042,997501.9297820716,997501.9297820716
2025-03-02T04:40:00.000+0000,995001.4152259601,700910.82306836,999999.9999999999,998246.4387617444,632402.1305861042,997501.9297820716,997501.9297820716
2025-03-02T04:50:00.000+0000,995001.4152259601,700910.82306836,999999.9999999999,998246.4387617444,632402.1305861042,997501.9297820716,997501.9297820716
2025-03-02T05:00:00.000+0000,995001.4152259601,700910.82306836,999999.9999999999,998246.4387617444,632402.1305861042,997501.9297820716,997501.9297820716
2025-03-02T05:10:00.000+0000,995001.4152259601,700910.82306836,999999.9999999999,998246.4387617444,632402.1305861042,997501.9297820716,997501.9297820716
2025-03-02T05:20:00.000+0000,995001.4152259601,700910.82306836,999999.9999999999,998246.4387617444,632402.1305861042,997501.9297820716,997501.9297820716
2025-03-02T05:30:00.000+0000,995001.4152259601,700910.82306836,999999.9999999999,998246.4387617444,632402.1305861042,997501.9297820716,997501.9297820716
2025-03-02T05:40:00.000+0000,995001.4152259601,700910.82306836,999999.9999999999,998246.4387617444,632402.1305861042,997501.9297820716,997501.9297820716
2025-03-02T05:50:00.000+0000,995001.4152259601,700910.82306836,999999.9999999999,998246.4387617444,632402.1305861042,997501.9297820716,997501.9297820716
2025-03-02T06:00:00.000+0000,995001.4152259601,700910.82306836,999999.9999999999,998246.4387617444,632402.1305861042,997501.9297820716,997501.9297820716
2025-03-02T06:10:00.000+0000,995001.4152259601,700910.82306836,999999.9999999999,998246.4387617444,632402.1305861042,997501.9297820716,997501.9297820716
2025-03-02T06:20:00.000+0000,995001.4152259601,700910.82306836,999999.9999999999,998246.4387617444,632402.1305861042,997501.9297820716,997501.9297820716
2025-03-02T06:30:00.000+0000,995001.4152259601,700910.82306836,999999.9999999999,998246.4387617444,632402.1305861042,997501.9297820716,997501.9297820716
2025-03-02T06:40:00.000+0000,995001.4152259601,700910.82306836,999999.9999999999,998246.4387617444,632402.1305861042,997501.9297820716,997501.9297820716
2025-03-02T06:50:00.000+0000,995001.4152259601,700910.82306836,999999.9999999999,998246.4387617444,632402.1305861042,997501.9297820716,997501.9297820716
2025-03-02T07:00:00.000+0000,995001.4152259601,700910.82306836,999999.9999999999,998246.4387617444,632402.1305861042,997501.9297820716,997501.9297820716
2025-03-02T07:10:00.000+0000,995001.4152259601,700910.82306836,999999.9999999999,998246.4387617444,632402.1305861042,997501.9297820716,997501.9297820716
2025-03-02T07:20:00.000+0000,995001.4152259601,700910.82306836,999999.9999999999,998246.4387617444,632402.1305861042,997501.9297820716,997501.9297820716
2025-03-02T07:30:00.000+0000,995001.4152259601,700910.82306836,999999.9999999999,998246.4387617444,632402.1305861042,997501.9297820716,997501.9297820716
2025-03-02T07:40:00.000+0000,995001.4152259601,700910.82306836,999999.9999999999,998246.4387617444,632402.1305861042,997501.9297820716,997501.9297820716
2025-03-02T07:50:00.000+0000,995001.4152259601,700910.82306836,999999.9999999999,998246.4387617444,632402.1305861042,997501.9297820716,997501.9297820716
2025-03-02T08:00:00.000+0000,995001.4152259601,700910.82306836,999999.9999999999,998246.4387617444,632402.1305861042,997501.9297820716,997501.9297820716
2025-03-02T08:10:00.000+0000,995001.4152259601,700910.82306836,999999.9999999999,998246.4387617444,632402.1305861042,997501.9297820716,997501.9297820716
2025-03-02T08:20:00.000+0000,995001.4152259601,700910.82306836,999999.9999999999,998246.4387617444,632402.1305861042,997501.9297820716,997501.9297820716
2025-03-02T08:30:00.000+0000,995001.4152259601,700910.82306836,999999.9999999999,998246.4387617444,632402.1305861042,997501.9297820716,997501.9297820716
2025-03-02T08:40:00.000+0000,995001.4152259601,700910.82306836,999999.9999999999,998246.4387617444,632402.1305861042,997501.9297820716,997501.9297820716
2025-03-02T08:50:00.000+0000,995001.4152259601,700910.82306836,999999.9999999999,998246.4387617444,632402.1305861042,997501.9297820716,997501.9297820716
2025-03-02T09:00:00.000+0000,995001.4152259601,700910.82306836,999999.9999999999,998246.4387617444,632402.1305861042,997501.9297820716,997501.9297820716
2025-03-02T09:10:00.000+0000,995001.4152259601,700910.82306836,999999.9999999999,998246.4387617444,632402.1305861042,997501.9297820716,997501.9297820716
2025-03-02T09:20:00.000+0000,995001.4152259601,700910.82306836,999999.9999999999,998246.4387617444,632402.1305861042,997501.9297820716,997501.9297820716
2025-03-02T09:30:00.000+0000,995001.4152259601,700910.82306836,999999.9999999999,998246.4387617444,632402.1305861042,997501.9297820716,997501.9297820716
2025-03-02T09:40:00.000+0000,995001.4152259601,700910.82306836,999999.9999999999,998246.4387617444,632402.1305861042,997501.9297820716,997501.9297820716
2025-03-02T09:50:00.000+0000,995001.4152259601,700910.82306836,999999.9999999999,998246.4387617444,632402.1305861042,997501.9297820716,997501.9297820716
2025-03-02T10:00:00.000+0000,995001.4152259601,700910.82306836,999999.9999999999,998246.4387617444,632402.1305861042,997501.9297820716,997501.9297820716
2025-03-02T10:10:00.000+0000,995001.4152259601,700910.82306836,999999.9999999999,998246.4387617444,632402.1305861042,997501.9297820716,997501.9297820716
2025-03-02T10:20:00.000+0000,995001.4152259601,700910.82306836,999999.9999999999,998246.4387617444,632402.1305861042,997501.9297820716,997501.9297820716
2025-03-02T10:30:00.000+0000,995001.4152259601,700910.82306836,999999.9999999999,998246.4387617444,632402.1305861042,997501.9297820716,997501.9297820716
2025-03-02T10:40:00.000+0000,995001.4152259601,700910.82306836,999999.9999999999,998246.4387617444,632402.1305861042,997501.9297820716,997501.9297820716
2025-03-02T10:50:00.000+0000,995001.4152259601,700910.82306836,999999.9999999999,998246.4387617444,632402.1305861042,997501.9297820716,997501.9297820716
2025-03-02T11:00:00.000+0000,995001.4152259601,700910.82306836,999999.9999999999,998246.4387617444,632402.1305861042,997501.9297820716,997501.9297820716
2025-03-02T11:10:00.000+0000,995001.4152259601,700910.82306836,999999.9999999999,998246.4387617444,632402.1305861042,997501.9297820716,997501.9297820716
2025-03-02T11:20:00.000+0000,995001.4152259601,700910.82306836,999999.9999999999,998246.4387617444,632402.1305861042,997501.9297820716,997501.9297820716
2025-03-02T11:30:00.000+0000,995001.4152259601,700910.82306836,999999.9999999999,998246.4387617444,632402.1305861042,997501.9297820716,997501.9297820716
2025-03-02T11:40:00.000+0000,995001.4152259601,700910.82306836,999999.9999999999,998246.4387617444,632402.1305861042,997501.9297820716,997501.9297820716
2025-03-02T11:50:00.000+0000,995001.4152259601,700910.82306836,999999.9999999999,998246.4387617444,632402.1305861042,997501.9297820716,997501.9297820716
2025-03-02T12:00:00.000+0000,995001.4152259601,700910.82306836,999999.9999999999,998246.4387617444,632402.1305861042,997501.9297820716,997501.9297820716
2025-03-02T12:10:00.000+0000,995001.4152259601,700910.82306836,999999.9999999999,998246.4387617444,632402.1305861042,997501.9297820716,997501.9297820716
2025-03-02T12:20:00.000+0000,995001.4152259601,700910.82306836,999999.9999999999,998246.4387617444,632402.1305861042,997501.9297820716,997501.9297820716
2025-03-02T12:30:00.000+0000,995001.4152259601,700910.82306836,999999.9999999999,998246.4387617444,632402.1305861042,997501.9297820716,997501.9297820716
2025-03-02T12:40:00.000+0000,995001.4152259601,700910.82306836,999999.9999999999,998246.4387617444,632402.1305861042,997501.9297820716,997501.9297820716
2025-03-02T12:50:00.000+0000,995001.4152259601,700910.82306836,999999.9999999999,998246.4387617444,632402.1305861042,997501.9297820716,997501.9297820716
2025-03-02T13:00:00.000+0000,995001.4152259601,700910.82306836,999999.9999999999,998246.4387617444,632402.1305861042,997501.9297820716,997501.9297820716
2025-03-02T13:10:00.000+0000,995001.4152259601,700910.82306836,999999.9999999999,998246.4387617444,632402.1305861042,997501.9297820716,997501.9297820716
2025-03-02T13:20:00.000+0000,995001.4152259601,700910.82306836,999999.9999999999,998246.4387617444,632402.1305861042,997501.9297820716,997501.9297820716
2025-03-02T13:30:00.000+0000,995001.4152259601,700910.82306836,999999.9999999999,998246.4387617444,632402.1305861042,997501.9297820716,997501.9297820716
2025-03-02T13:40:00.000+0000,995001.4152259601,700910.82306836,999999.9999999999,998246.4387617444,632402.1305861042,997501.9297820716,997501.9297820716
2025-03-02T13:50:00.000+0000,995001.4152259601,700910.82306836,999999.9999999999,998246.4387617444,632402.1305861042,997501.9297820716,997501.9297820716
2025-03-02T14:00:00.000+0000,995001.4152259601,700910.82306836,999999.9999999999,998246.4387617444,632402.1305861042,997501.9297820716,997501.9297820716
2025-03-02T14:10:00.000+0000,995001.4152259601,700910.82306836,999999.9999999999,998246.4387617444,632402.1305861042,997501.9297820716,997501.9297820716
2025-03-02T14:20:00.000+0000,995001.4152259601,700910.82306836,999999.9999999999,998246.4387617444,632402.1305861042,997501.9297820716,997501.9297820716
2025-03-02T14:30:00.000+0000,995001.4152259601,700910.82306836,999999.9999999999,998246.4387617444,632402.1305861042,997501.9297820716,997501.9297820716
2025-03-02T14:40:00.000+0000,995001.4152259601,700910.82306836,999999.9999999999,998246.4387617444,632402.1305861042,997501.9297820716,997501.9297820716
2025-03-02T14:50:00.000+0000,995001.4152259601,700910.82306836,999999.9999999999,998246.4387617444,632402.1305861042,997501.9297820716,997501.9297820716
2025-03-02T15:00:00.000+0000,995001.4152259601,700910.82306836,999999.9999999999,998246.4387617444,632402.1305861042,997501.9297820716,997501.9297820716
2025-03-02T15:10:00.000+0000,995001.4152259601,700910.82306836,999999.9999999999,998246.4387617444,632402.1305861042,997501.9297820716,997501.9297820716
2025-03-02T15:20:00.000+0000,995001.4152259601,700910.82306836,999999.9999999999,998246.4387617444,632402.1305861042,997501.9297820716,997501.9297820716
2025-03-02T15:30:00.000+0000,995001.4152259601,700910.82306836,999999.9999999999,998246.4387617444,632402.1305861042,997501.9297820716,997501.9297820716
2025-03-02T15:40:00.000+0000,995001.4152259601,700910.82306836,999999.9999999999,998246.4387617444,632402.1305861042,997501.9297820716,997501.9297820716
2025-03-02T15:50:00.000+0000,995001.4152259601,700910.82306836,999999.9999999999,998246.4387617444,632402.1305861042,997501.9297820716,997501.9297820716
2025-03-02T16:00:00.000+0000,995001.4152259601,700910.82306836,999999.9999999999,998246.4387617444,632402.1305861042,997501.9297820716,997501.9297820716
2025-03-02T16:10:00.000+0000,995001.4152259601,700910.82306836,999999.9999999999,998246.4387617444,632402.1305861042,997501.9297820716,997501.9297820716
2025-03-02T16:20:00.000+0000,995001.4152259601,700910.82306836,999999.9999999999,998246.4387617444,632402.1305861042,997501.9297820716,997501.9297820716
2025-03-02T16:30:00.000+0000,995001.4152259601,700910.82306836,999999.9999999999,998246.4387617444,632402.1305861042,997501.9297820716,997501.9297820716
2025-03-02T16:40:00.000+0000,995001.4152259601,700910.82306836,999999.9999999999,998246.4387617444,632402.1305861042,997501.9297820716,997501.9297820716
2025-03-02T16:50:00.000+0000,995001.4152259601,700910.82306836,999999.9999999999,998246.4387617444,632402.1305861042,997501.9297820716,997501.9297820716
2025-03-02T17:00:00.000+0000,995001.4152259601,700910.82306836,999999.9999999999,998246.4387617444,632402.1305861042,997501.9297820716,997501.9297820716
2025-03-02T17:10:00.000+0000,995001.4152259601,700910.82306836,999999.9999999999,998246.4387617444,632402.1305861042,997501.9297820716,997501.9297820716
2025-03-02T17:20:00.000+0000,995001.4152259601,700910.82306836,999999.9999999999,998246.4387617444,632402.1305861042,997501.9297820716,997501.9297820716
2025-03-02T17:30:00.000+0000,995001.4152259601,700910.82306836,999999.9999999999,998246.4387617444,632402.1305861042,997501.9297820716,997501.9297820716
2025-03-02T17:40:00.000+0000,995001.4152259601,700910.82306836,999999.9999999999,998246.4387617444,632402.1305861042,997501.9297820716,997501.9297820716
2025-03-02T17:50:00.000+0000,995001.4152259601,700910.82306836,999999.9999999999,998246.4387617444,632402.1305861042,997501.9297820716,997501.9297820716
2025-03-02T18:00:00.000+0000,995001.4152259601,700910.82306836,999999.9999999999,998246.4387617444,632402.1305861042,997501.9297820716,997501.9297820716
2025-03-02T18:10:00.000+0000,995001.4152259601,700910.82306836,999999.9999999999,998246.4387617444,632402.1305861042,997501.9297820716,997501.9297820716
2025-03-02T18:20:00.000+0000,994538.3274488079,122051.10162835996,999999.9999999999,998012.0544195523,339421.70284610416,997501.9297820716,997501.9297820716
2025-03-02T18:30:00.000+0000,994538.3274488079,700447.7352912079,999999.9999999999,998012.0544195524,632167.7462439123,997501.9297820716,997501.9297820716
2025-03-02T18:40:00.000+0000,994538.3274488079,700447.7352912079,999999.9999999999,998012.0544195524,632167.7462439123,997501.9297820716,997501.9297820716
2025-03-02T18:50:00.000+0000,994538.3274488079,700447.7352912079,999999.9999999999,998012.0544195524,632167.7462439123,997501.9297820716,997501.9297820716
2025-03-02T19:00:00.000+0000,994538.3274488079,700447.7352912079,999999.9999999999,998012.0544195524,632167.7462439123,997501.9297820716,997501.9297820716
2025-03-02T19:10:00.000+0000,994538.3274488079,700447.7352912079,999999.9999999999,998012.0544195524,632167.7462439123,997501.9297820716,997501.9297820716
2025-03-02T19:20:00.000+0000,994538.3274488079,700447.7352912079,999999.9999999999,998012.0544195524,632167.7462439123,997501.9297820716,997501.9297820716
2025-03-02T19:30:00.000+0000,994538.3274488079,700447.7352912079,999999.9999999999,998012.0544195524,632167.7462439123,997501.9297820716,997501.9297820716
2025-03-02T19:40:00.000+0000,994538.3274488079,700447.7352912079,999999.9999999999,998012.0544195524,632167.7462439123,997501.9297820716,997501.9297820716
2025-03-02T19:50:00.000+0000,994538.3274488079,700447.7352912079,999999.9999999999,998012.0544195524,632167.7462439123,997501.9297820716,997501.9297820716
2025-03-02T20:00:00.000+0000,994538.3274488079,700447.7352912079,999999.9999999999,998012.0544195524,632167.7462439123,997501.9297820716,997501.9297820716
2025-03-02T20:10:00.000+0000,994538.3274488079,700447.7352912079,999999.9999999999,998012.0544195524,632167.7462439123,997501.9297820716,997501.9297820716
2025-03-02T20:20:00.000+0000,994538.3274488079,700447.7352912079,999999.9999999999,998012.0544195524,632167.7462439123,997501.9297820716,997501.9297820716
2025-03-02T20:30:00.000+0000,994538.3274488079,700447.7352912079,999999.9999999999,998012.0544195524,632167.7462439123,997501.9297820716,997501.9297820716
2025-03-02T20:40:00.000+0000,994538.3274488079,700447.7352912079,999999.9999999999,998012.0544195524,632167.7462439123,997501.9297820716,997501.9297820716
2025-03-02T20:50:00.000+0000,994538.3274488079,700447.7352912079,999999.9999999999,998012.0544195524,632167.7462439123,997501.9297820716,997501.9297820716
2025-03-02T21:00:00.000+0000,994538.3274488079,700447.7352912079,999999.9999999999,998012.0544195524,632167.7462439123,997501.9297820716,997501.9297820716
2025-03-02T21:10:00.000+0000,994538.3274488079,700447.7352912079,999999.9999999999,998012.0544195524,632167.7462439123,997501.9297820716,997501.9297820716
2025-03-02T21:20:00.000+0000,994538.3274488079,700447.7352912079,999999.9999999999,998012.0544195524,632167.7462439123,997501.9297820716,997501.9297820716
2025-03-02T21:30:00.000+0000,994538.3274488079,700447.7352912079,999999.9999999999,998012.0544195524,632167.7462439123,997501.9297820716,997501.9297820716
2025-03-02T21:40:00.000+0000,994538.3274488079,700447.7352912079,999999.9999999999,998012.0544195524,632167.7462439123,997501.9297820716,997501.9297820716
2025-03-02T21:50:00.000+0000,994538.3274488079,700447.7352912079,999999.9999999999,998012.0544195524,632167.7462439123,997501.9297820716,997501.9297820716
2025-03-02T22:00:00.000+0000,994538.3274488079,700447.7352912079,999999.9999999999,998012.0544195524,632167.7462439123,997501.9297820716,997501.9297820716
2025-03-02T22:10:00.000+0000,994538.3274488079,700447.7352912079,999999.9999999999,998012.0544195524,632167.7462439123,997501.9297820716,997501.9297820716
2025-03-02T22:20:00.000+0000,994538.3274488079,700447.7352912079,999999.9999999999,998012.0544195524,632167.7462439123,997501.9297820716,997501.9297820716
2025-03-02T22:30:00.000+0000,994538.3274488079,700447.7352912079,999999.9999999999,998012.0544195524,632167.7462439123,997501.9297820716,997501.9297820716
2025-03-02T22:40:00.000+0000,994538.3274488079,700447.7352912079,999999.9999999999,998012.0544195524,632167.7462439123,997501.9297820716,997501.9297820716
2025-03-02T22:50:00.000+0000,994538.3274488079,700447.7352912079,999999.9999999999,998012.0544195524,632167.7462439123,997501.9297820716,997501.9297820716
2025-03-02T23:00:00.000+0000,994538.3274488079,700447.7352912079,999999.9999999999,998012.0544195524,632167.7462439123,997501.9297820716,997501.9297820716
2025-03-02T23:10:00.000+0000,994538.3274488079,700447.7352912079,999999.9999999999,998012.0544195524,632167.7462439123,997501.9297820716,997501.9297820716
2025-03-02T23:20:00.000+0000,994538.3274488079,700447.7352912079,999999.9999999999,998012.0544195524,632167.7462439123,997501.9297820716,997501.9297820716
2025-03-02T23:30:00.000+0000,994538.3274488079,700447.7352912079,999999.9999999999,998012.0544195524,632167.7462439123,997501.9297820716,997501.9297820716
2025-03-02T23:40:00.000+0000,994538.3274488079,700447.7352912079,999999.9999999999,998012.0544195524,632167.7462439123,997501.9297820716,997501.9297820716
2025-03-02T23:50:00.000+0000,994538.3274488079,700447.7352912079,999999.9999999999,998012.0544195524,632167.7462439123,997501.9297820716,997501.9297820716
2025-03-03T00:00:00.000+0000,994538.3274488079,700447.7352912079,999999.9999999999,998012.0544195524,632167.7462439123,997501.9297820716,997501.9297820716
2025-03-03T00:10:00.000+0000,994538.3274488079,700447.7352912079,999999.9999999999,998012.0544195524,632167.7462439123,997501.9297820716,997501.9297820716
2025-03-03T00:20:00.000+0000,994538.3274488079,700447.7352912079,999999.9999999999,998012.0544195524,632167.7462439123,997501.9297820716,997501.9297820716
2025-03-03T00:30:00.000+0000,994538.3274488079,700447.7352912079,999999.9999999999,998012.0544195524,632167.7462439123,997501.9297820716,997501.9297820716
2025-03-03T00:40:00.000+0000,994538.3274488079,700447.7352912079,999999.9999999999,998012.0544195524,632167.7462439123,997501.9297820716,997501.9297820716
2025-03-03T00:50:00.000+0000,994538.3274488079,700447.7352912079,999999.9999999999,998012.0544195524,632167.7462439123,997501.9297820716,997501.9297820716
2025-03-03T01:00:00.000+0000,994538.3274488079,700447.7352912079,999999.9999999999,998012.0544195524,632167.7462439123,997501.9297820716,997501.9297820716
2025-03-03T01:10:00.000+0000,994538.3274488079,700447.7352912079,999999.9999999999,998012.0544195524,632167.7462439123,997501.9297820716,997501.9297820716
2025-03-03T01:20:00.000+0000,994538.3274488079,700447.7352912079,999999.9999999999,998012.0544195524,632167.7462439123,997501.9297820716,997501.9297820716
2025-03-03T01:30:00.000+0000,994538.3274488079,700447.7352912079,999999.9999999999,998012.0544195524,632167.7462439123,997501.9297820716,997501.9297820716
2025-03-03T01:40:00.000+0000,994538.3274488079,700447.7352912079,999999.9999999999,998012.0544195524,632167.7462439123,997501.9297820716,997501.9297820716
2025-03-03T01:50:00.000+0000,994538.3274488079,700447.7352912079,999999.9999999999,998012.0544195524,632167.7462439123,997501.9297820716,997501.9297820716
2025-03-03T02:00:00.000+0000,994538.3274488079,700447.7352912079,999999.9999999999,998012.0544195524,632167.7462439123,997501.9297820716,997501.9297820716
2025-03-03T02:10:00.000+0000,994538.3274488079,700447.7352912079,999999.9999999999,998012.0544195524,632167.7462439123,997501.9297820716,997501.9297820716
2025-03-03T02:20:00.000+0000,994538.3274488079,700447.7352912079,999999.9999999999,998012.0544195524,632167.7462439123,997501.9297820716,997501.9297820716
2025-03-03T02:30:00.000+0000,994538.3274488079,700447.7352912079,999999.9999999999,998012.0544195524,632167.7462439123,997501.9297820716,997501.9297820716
2025-03-03T02:40:00.000+0000,994538.3274488079,700447.7352912079,999999.9999999999,998012.0544195524,632167.7462439123,997501.9297820716,997501.9297820716
2025-03-03T02:50:00.000+0000,994538.3274488079,700447.7352912079,999999.9999999999,998012.0544195524,632167.7462439123,997501.9297820716,997501.9297820716
2025-03-03T03:00:00.000+0000,994538.3274488079,700447.7352912079,999999.9999999999,998012.0544195524,632167.7462439123,997501.9297820716,997501.9297820716
2025-03-03T03:10:00.000+0000,994538.3274488079,700447.7352912079,999999.9999999999,998012.0544195524,632167.7462439123,997501.9297820716,997501.9297820716
2025-03-03T03:20:00.000+0000,994538.3274488079,700447.7352912079,999999.9999999999,998012.0544195524,632167.7462439123,997501.9297820716,997501.9297820716
2025-03-03T03:30:00.000+0000,994538.3274488079,700447.7352912079,999999.9999999999,998012.0544195524,632167.7462439123,997501.9297820716,997501.9297820716
2025-03-03T03:40:00.000+0000,994538.3274488079,700447.7352912079,999999.9999999999,998012.0544195524,632167.7462439123,997501.9297820716,997501.9297820716
2025-03-03T03:50:00.000+0000,994538.3274488079,700447.7352912079,999999.9999999999,998012.0544195524,632167.7462439123,997501.9297820716,997501.9297820716
2025-03-03T04:00:00.000+0000,994538.3274488079,700447.7352912079,999999.9999999999,998012.0544195524,632167.7462439123,997501.9297820716,997501.9297820716
2025-03-03T04:10:00.000+0000,994538.3274488079,700447.7352912079,999999.9999999999,998012.0544195524,632167.7462439123,997501.9297820716,997501.9297820716
2025-03-03T04:20:00.000+0000,994538.3274488079,700447.7352912079,999999.9999999999,998012.0544195524,632167.7462439123,997501.9297820716,997501.9297820716
2025-03-03T04:30:00.000+0000,994538.3274488079,700447.7352912079,999999.9999999999,998012.0544195524,632167.7462439123,997501.9297820716,997501.9297820716
2025-03-03T04:40:00.000+0000,994538.3274488079,700447.7352912079,999999.9999999999,998012.0544195524,632167.7462439123,997501.9297820716,997501.9297820716
2025-03-03T04:50:00.000+0000,994538.3274488079,700447.7352912079,999999.9999999999,998012.0544195524,632167.7462439123,997501.9297820716,997501.9297820716
2025-03-03T05:00:00.000+0000,994538.3274488079,700447.7352912079,999999.9999999999,998012.0544195524,632167.7462439123,997501.9297820716,997501.9297820716
2025-03-03T05:10:00.000+0000,994538.3274488079,700447.7352912079,999999.9999999999,998012.0544195524,632167.7462439123,997501.9297820716,997501.9297820716
2025-03-03T05:20:00.000+0000,994538.3274488079,700447.7352912079,999999.9999999999,998012.0544195524,632167.7462439123,997501.9297820716,997501.9297820716
2025-03-03T05:30:00.000+0000,994538.3274488079,700447.7352912079,999999.9999999999,998012.0544195524,632167.7462439123,997501.9297820716,997501.9297820716
2025-03-03T05:40:00.000+0000,994538.3274488079,700447.7352912079,999999.9999999999,998012.0544195524,632167.7462439123,997501.9297820716,997501.9297820716
2025-03-03T05:50:00.000+0000,994538.3274488079,700447.7352912079,999999.9999999999,998012.0544195524,632167.7462439123,997501.9297820716,997501.9297820716
2025-03-03T06:00:00.000+0000,994538.3274488079,700447.7352912079,999999.9999999999,998012.0544195524,632167.7462439123,997501.9297820716,997501.9297820716
2025-03-03T06:10:00.000+0000,994538.3274488079,700447.7352912079,999999.9999999999,998012.0544195524,632167.7462439123,997501.9297820716,997501.9297820716
2025-03-03T06:20:00.000+0000,994538.3274488079,700447.7352912079,999999.9999999999,998012.0544195524,632167.7462439123,997501.9297820716,997501.9297820716
2025-03-03T06:30:00.000+0000,994538.3274488079,700447.7352912079,999999.9999999999,998012.0544195524,632167.7462439123,997501.9297820716,997501.9297820716
2025-03-03T06:40:00.000+0000,994538.3274488079,700447.7352912079,999999.9999999999,998012.0544195524,632167.7462439123,997501.9297820716,997501.9297820716
2025-03-03T06:50:00.000+0000,994538.3274488079,700447.7352912079,999999.9999999999,998012.0544195524,632167.7462439123,997501.9297820716,997501.9297820716
2025-03-03T07:00:00.000+0000,994538.3274488079,700447.7352912079,999999.9999999999,998012.0544195524,632167.7462439123,997501.9297820716,997501.9297820716
2025-03-03T07:10:00.000+0000,994538.3274488079,700447.7352912079,999999.9999999999,998012.0544195524,632167.7462439123,997501.9297820716,997501.9297820716
2025-03-03T07:20:00.000+0000,994538.3274488079,700447.7352912079,999999.9999999999,998012.0544195524,632167.7462439123,997501.9297820716,997501.9297820716
2025-03-03T07:30:00.000+0000,994538.3274488079,700447.7352912079,999999.9999999999,998012.0544195524,632167.7462439123,997501.9297820716,997501.9297820716
2025-03-03T07:40:00.000+0000,994538.3274488079,700447.7352912079,999999.9999999999,998012.0544195524,632167.7462439123,997501.9297820716,997501.9297820716
2025-03-03T07:50:00.000+0000,994538.3274488079,700447.7352912079,999999.9999999999,998012.0544195524,632167.7462439123,997501.9297820716,997501.9297820716
2025-03-03T08:00:00.000+0000,994538.3274488079,700447.7352912079,999999.9999999999,998012.0544195524,632167.7462439123,997501.9297820716,997501.9297820716
2025-03-03T08:10:00.000+0000,994538.3274488079,700447.7352912079,999999.9999999999,998012.0544195524,632167.7462439123,997501.9297820716,997501.9297820716
2025-03-03T08:20:00.000+0000,994538.3274488079,700447.7352912079,999999.9999999999,998012.0544195524,632167.7462439123,997501.9297820716,997501.9297820716
2025-03-03T08:30:00.000+0000,994538.3274488079,700447.7352912079,999999.9999999999,998012.0544195524,632167.7462439123,997501.9297820716,997501.9297820716
2025-03-03T08:40:00.000+0000,994538.3274488079,700447.7352912079,999999.9999999999,998012.0544195524,632167.7462439123,997501.9297820716,997501.9297820716
2025-03-03T08:50:00.000+0000,994538.3274488079,700447.7352912079,999999.9999999999,998012.0544195524,632167.7462439123,997501.9297820716,997501.9297820716
2025-03-03T09:00:00.000+0000,994538.3274488079,700447.7352912079,999999.9999999999,998012.0544195524,632167.7462439123,997501.9297820716,997501.9297820716
2025-03-03T09:10:00.000+0000,994538.3274488079,700447.7352912079,999999.9999999999,998012.0544195524,632167.7462439123,997501.9297820716,997501.9297820716
2025-03-03T09:20:00.000+0000,994538.3274488079,700447.7352912079,999999.9999999999,998012.0544195524,632167.7462439123,997501.9297820716,997501.9297820716
2025-03-03T09:30:00.000+0000,994538.3274488079,700447.7352912079,999999.9999999999,998012.0544195524,632167.7462439123,997501.9297820716,997501.9297820716
2025-03-03T09:40:00.000+0000,994538.3274488079,700447.7352912079,999999.9999999999,998012.0544195524,632167.7462439123,997501.9297820716,997501.9297820716
2025-03-03T09:50:00.000+0000,994538.3274488079,700447.7352912079,999999.9999999999,998012.0544195524,632167.7462439123,997501.9297820716,997501.9297820716
2025-03-03T10:00:00.000+0000,994538.3274488079,700447.7352912079,999999.9999999999,998012.0544195524,632167.7462439123,997501.9297820716,997501.9297820716
2025-03-03T10:10:00.000+0000,994538.3274488079,700447.7352912079,999999.9999999999,998012.0544195524,632167.7462439123,997501.9297820716,997501.9297820716
2025-03-03T10:20:00.000+0000,994538.3274488079,700447.7352912079,999999.9999999999,998012.0544195524,632167.7462439123,997501.9297820716,997501.9297820716
2025-03-03T10:30:00.000+0000,994538.3274488079,700447.7352912079,999999.9999999999,998012.0544195524,632167.7462439123,997501.9297820716,997501.9297820716
2025-03-03T10:40:00.000+0000,994538.3274488079,700447.7352912079,999999.9999999999,998012.0544195524,632167.7462439123,997501.9297820716,997501.9297820716
2025-03-03T10:50:00.000+0000,994538.3274488079,700447.7352912079,999999.9999999999,998012.0544195524,632167.7462439123,997501.9297820716,997501.9297820716
2025-03-03T11:00:00.000+0000,994538.3274488079,700447.7352912079,999999.9999999999,998012.0544195524,632167.7462439123,997501.9297820716,997501.9297820716
2025-03-03T11:10:00.000+0000,994121.4969082479,179409.5595912079,999999.9999999999,998012.0544195524,632167.7462439123,997087.8699857116,479927.18433207157
2025-03-03T11:20:00.000+0000,994121.4969082479,179409.5595912079,999999.9999999999,998012.0544195524,632167.7462439123,997087.8699857116,479927.18433207157
2025-03-03T11:30:00.000+0000,994121.4969082479,179409.5595912079,999999.9999999999,998012.0544195524,632167.7462439123,997087.8699857116,479927.18433207157
2025-03-03T11:40:00.000+0000,994121.4969082479,179409.5595912079,999999.9999999999,998012.0544195524,632167.7462439123,997087.8699857116,479927.18433207157
2025-03-03T11:50:00.000+0000,994121.4969082479,179409.5595912079,999999.9999999999,998012.0544195524,632167.7462439123,997087.8699857116,479927.18433207157
2025-03-03T12:00:00.000+0000,994121.4969082479,179409.5595912079,999999.9999999999,998012.0544195524,632167.7462439123,997087.8699857116,479927.18433207157
2025-03-03T12:10:00.000+0000,994121.4969082479,257644.8448023679,999999.9999999999,998012.0544195524,632167.7462439123,997087.8699857115,557642.3547681917
2025-03-03T12:20:00.000+0000,994121.4969082479,700030.9047506478,999999.9999999999,998012.0544195524,632167.7462439123,997087.8699857115,997087.8699857115
2025-03-03T12:30:00.000+0000,994121.4969082479,700030.9047506478,999999.9999999999,998012.0544195524,632167.7462439123,997087.8699857115,997087.8699857115
2025-03-03T12:40:00.000+0000,994121.4969082479,700030.9047506478,999999.9999999999,998012.0544195524,632167.7462439123,997087.8699857115,997087.8699857115
2025-03-03T12:50:00.000+0000,994121.4969082479,700030.9047506478,999999.9999999999,998012.0544195524,632167.7462439123,997087.8699857115,997087.8699857115
2025-03-03T13:00:00.000+0000,994121.4969082479,700030.9047506478,999999.9999999999,998012.0544195524,632167.7462439123,997087.8699857115,997087.8699857115
2025-03-03T13:10:00.000+0000,994121.4969082479,700030.9047506478,999999.9999999999,998012.0544195524,632167.7462439123,997087.8699857115,997087.8699857115
2025-03-03T13:20:00.000+0000,994121.4969082479,700030.9047506478,999999.9999999999,998012.0544195524,632167.7462439123,997087.8699857115,997087.8699857115
2025-03-03T13:30:00.000+0000,994121.4969082479,700030.9047506478,999999.9999999999,998012.0544195524,632167.7462439123,997087.8699857115,997087.8699857115
2025-03-03T13:40:00.000+0000,994121.4969082479,700030.9047506478,999999.9999999999,998012.0544195524,632167.7462439123,997087.8699857115,997087.8699857115
2025-03-03T13:50:00.000+0000,994121.4969082479,700030.9047506478,999999.9999999999,998012.0544195524,632167.7462439123,997087.8699857115,997087.8699857115
2025-03-03T14:00:00.000+0000,994121.4969082479,700030.9047506478,999999.9999999999,998012.0544195524,632167.7462439123,997087.8699857115,997087.8699857115
2025-03-03T14:10:00.000+0000,994121.4969082479,700030.9047506478,999999.9999999999,998012.0544195524,632167.7462439123,997087.8699857115,997087.8699857115
2025-03-03T14:20:00.000+0000,994121.4969082479,700030.9047506478,999999.9999999999,998012.0544195524,632167.7462439123,997087.8699857115,997087.8699857115
2025-03-03T14:30:00.000+0000,994121.4969082479,700030.9047506478,999999.9999999999,998012.0544195524,632167.7462439123,997087.8699857115,997087.8699857115
2025-03-03T14:40:00.000+0000,994121.4969082479,700030.9047506478,999999.9999999999,998012.0544195524,632167.7462439123,997087.8699857115,997087.8699857115
2025-03-03T14:50:00.000+0000,994121.4969082479,700030.9047506478,999999.9999999999,998012.0544195524,632167.7462439123,997087.8699857115,997087.8699857115
2025-03-03T15:00:00.000+0000,994121.4969082479,700030.9047506478,999999.9999999999,998012.0544195524,632167.7462439123,997087.8699857115,997087.8699857115
2025-03-03T15:10:00.000+0000,994121.4969082479,700030.9047506478,999999.9999999999,998012.0544195524,632167.7462439123,997087.8699857115,997087.8699857115
2025-03-03T15:20:00.000+0000,994121.4969082479,700030.9047506478,999999.9999999999,998012.0544195524,632167.7462439123,997087.8699857115,997087.8699857115
2025-03-03T15:30:00.000+0000,994121.4969082479,700030.9047506478,999999.9999999999,998012.0544195524,632167.7462439123,997087.8699857115,997087.8699857115
2025-03-03T15:40:00.000+0000,994121.4969082479,700030.9047506478,999999.9999999999,998012.0544195524,632167.7462439123,997087.8699857115,997087.8699857115
2025-03-03T15:50:00.000+0000,994121.4969082479,700030.9047506478,999999.9999999999,998012.0544195524,632167.7462439123,997087.8699857115,997087.8699857115
2025-03-03T16:00:00.000+0000,994121.4969082479,700030.9047506478,999999.9999999999,998012.0544195524,632167.7462439123,997087.8699857115,997087.8699857115
2025-03-03T16:10:00.000+0000,994121.4969082479,700030.9047506478,999999.9999999999,998012.0544195524,632167.7462439123,997087.8699857115,997087.8699857115
2025-03-03T16:20:00.000+0000,994121.4969082479,700030.9047506478,999999.9999999999,998012.0544195524,632167.7462439123,997087.8699857115,997087.8699857115
2025-03-03T16:30:00.000+0000,994121.4969082479,700030.9047506478,999999.9999999999,998012.0544195524,632167.7462439123,997087.8699857115,997087.8699857115
2025-03-03T16:40:00.000+0000,994121.4969082479,700030.9047506478,999999.9999999999,998012.0544195524,632167.7462439123,997087.8699857115,997087.8699857115
2025-03-03T16:50:00.000+0000,994121.4969082479,700030.9047506478,999999.9999999999,998012.0544195524,632167.7462439123,997087.8699857115,997087.8699857115
2025-03-03T17:00:00.000+0000,994121.4969082479,700030.9047506478,999999.9999999999,998012.0544195524,632167.7462439123,997087.8699857115,997087.8699857115
2025-03-03T17:10:00.000+0000,994121.4969082479,700030.9047506478,999999.9999999999,998012.0544195524,632167.7462439123,997087.8699857115,997087.8699857115
2025-03-03T17:20:00.000+0000,994121.4969082479,700030.9047506478,999999.9999999999,998012.0544195524,632167.7462439123,997087.8699857115,997087.8699857115
2025-03-03T17:30:00.000+0000,994121.4969082479,700030.9047506478,999999.9999999999,998012.0544195524,632167.7462439123,997087.8699857115,997087.8699857115
2025-03-03T17:40:00.000+0000,994121.4969082479,700030.9047506478,999999.9999999999,998012.0544195524,632167.7462439123,997087.8699857115,997087.8699857115
2025-03-03T17:50:00.000+0000,994121.4969082479,700030.9047506478,999999.9999999999,998012.0544195524,632167.7462439123,997087.8699857115,997087.8699857115
2025-03-03T18:00:00.000+0000,994121.4969082479,700030.9047506478,999999.9999999999,998012.0544195524,632167.7462439123,997087.8699857115,997087.8699857115
2025-03-03T18:10:00.000+0000,994121.4969082479,700030.9047506478,999999.9999999999,998012.0544195524,632167.7462439123,997087.8699857115,997087.8699857115
2025-03-03T18:20:00.000+0000,994121.4969082479,700030.9047506478,999999.9999999999,998012.0544195524,632167.7462439123,997087.8699857115,997087.8699857115
2025-03-03T18:30:00.000+0000,994121.4969082479,700030.9047506478,999999.9999999999,998012.0544195524,632167.7462439123,997087.8699857115,997087.8699857115
2025-03-03T18:40:00.000+0000,994121.4969082479,700030.9047506478,999999.9999999999,998012.0544195524,632167.7462439123,997087.8699857115,997087.8699857115
2025-03-03T18:50:00.000+0000,994121.4969082479,700030.9047506478,999999.9999999999,998012.0544195524,632167.7462439123,997087.8699857115,997087.8699857115
2025-03-03T19:00:00.000+0000,994121.4969082479,700030.9047506478,999999.9999999999,998012.0544195524,632167.7462439123,997087.8699857115,997087.8699857115
2025-03-03T19:10:00.000+0000,994121.4969082479,700030.9047506478,999999.9999999999,998012.0544195524,632167.7462439123,997087.8699857115,997087.8699857115
2025-03-03T19:20:00.000+0000,994121.4969082479,700030.9047506478,999999.9999999999,998012.0544195524,632167.7462439123,997087.8699857115,997087.8699857115
2025-03-03T19:30:00.000+0000,994121.4969082479,700030.9047506478,999999.9999999999,998012.0544195524,632167.7462439123,997087.8699857115,997087.8699857115
2025-03-03T19:40:00.000+0000,994121.4969082479,700030.9047506478,999999.9999999999,998012.0544195524,632167.7462439123,997087.8699857115,997087.8699857115
2025-03-03T19:50:00.000+0000,994121.4969082479,700030.9047506478,999999.9999999999,998012.0544195524,632167.7462439123,997087.8699857115,997087.8699857115
2025-03-03T20:00:00.000+0000,994121.4969082479,700030.9047506478,999999.9999999999,998012.0544195524,632167.7462439123,997087.8699857115,997087.8699857115
2025-03-03T20:10:00.000+0000,994121.4969082479,700030.9047506478,999999.9999999999,998012.0544195524,632167.7462439123,997087.8699857115,997087.8699857115
2025-03-03T20:20:00.000+0000,994121.4969082479,700030.9047506478,999999.9999999999,998012.0544195524,632167.7462439123,997087.8699857115,997087.8699857115
2025-03-03T20:30:00.000+0000,994121.4969082479,700030.9047506478,999999.9999999999,998012.0544195524,632167.7462439123,997087.8699857115,997087.8699857115
2025-03-03T20:40:00.000+0000,994121.4969082479,700030.9047506478,999999.9999999999,998012.0544195524,632167.7462439123,997087.8699857115,997087.8699857115
2025-03-03T20:50:00.000+0000,994121.4969082479,700030.9047506478,999999.9999999999,998012.0544195524,632167.7462439123,997087.8699857115,997087.8699857115
2025-03-03T21:00:00.000+0000,994121.4969082479,700030.9047506478,999999.9999999999,998012.0544195524,632167.7462439123,997087.8699857115,997087.8699857115
2025-03-03T21:10:00.000+0000,994121.4969082479,700030.9047506478,999999.9999999999,998012.0544195524,632167.7462439123,997087.8699857115,997087.8699857115
2025-03-03T21:20:00.000+0000,994121.4969082479,700030.9047506478,999999.9999999999,998012.0544195524,632167.7462439123,997087.8699857115,997087.8699857115
2025-03-03T21:30:00.000+0000,994121.4969082479,700030.9047506478,999999.9999999999,998012.0544195524,632167.7462439123,997087.8699857115,997087.8699857115
2025-03-03T21:40:00.000+0000,994121.4969082479,700030.9047506478,999999.9999999999,998012.0544195524,632167.7462439123,997087.8699857115,997087.8699857115
2025-03-03T21:50:00.000+0000,994121.4969082479,700030.9047506478,999999.9999999999,998012.0544195524,632167.7462439123,997087.8699857115,997087.8699857115
2025-03-03T22:00:00.000+0000,994121.4969082479,700030.9047506478,999999.9999999999,998012.0544195524,632167.7462439123,997087.8699857115,997087.8699857115
2025-03-03T22:10:00.000+0000,994121.4969082479,700030.9047506478,999999.9999999999,998012.0544195524,632167.7462439123,997087.8699857115,997087.8699857115
2025-03-03T22:20:00.000+0000,994121.4969082479,700030.9047506478,999999.9999999999,998012.0544195524,632167.7462439123,997087.8699857115,997087.8699857115
2025-03-03T22:30:00.000+0000,994121.4969082479,700030.9047506478,999999.9999999999,998012.0544195524,632167.7462439123,997087.8699857115,997087.8699857115
2025-03-03T22:40:00.000+0000,994121.4969082479,700030.9047506478,999999.9999999999,998012.0544195524,632167.7462439123,997087.8699857115,997087.8699857115
2025-03-03T22:50:00.000+0000,994121.4969082479,700030.9047506478,999999.9999999999,998012.0544195524,632167.7462439123,997087.8699857115,997087.8699857115
2025-03-03T23:00:00.000+0000,994121.4969082479,700030.9047506478,999999.9999999999,998012.0544195524,632167.7462439123,997087.8699857115,997087.8699857115
2025-03-03T23:10:00.000+0000,994121.4969082479,700030.9047506478,999999.9999999999,998012.0544195524,632167.7462439123,997087.8699857115,997087.8699857115
2025-03-03T23:20:00.000+0000,994121.4969082479,700030.9047506478,999999.9999999999,998012.0544195524,632167.7462439123,997087.8699857115,997087.8699857115
2025-03-03T23:30:00.000+0000,994121.4969082479,700030.9047506478,999999.9999999999,998012.0544195524,632167.7462439123,997087.8699857115,997087.8699857115
2025-03-03T23:40:00.000+0000,994121.4969082479,700030.9047506478,999999.9999999999,998012.0544195524,632167.7462439123,997087.8699857115,997087.8699857115
2025-03-03T23:50:00.000+0000,994121.4969082479,700030.9047506478,999999.9999999999,998012.0544195524,632167.7462439123,997087.8699857115,997087.8699857115
2025-03-04T00:00:00.000+0000,994121.4969082479,700030.9047506478,999999.9999999999,998012.0544195524,632167.7462439123,997087.8699857115,997087.8699857115
2025-03-04T00:10:00.000+0000,994121.4969082479,700030.9047506478,999999.9999999999,998012.0544195524,632167.7462439123,997087.8699857115,997087.8699857115
2025-03-04T00:20:00.000+0000,994121.4969082479,700030.9047506478,999999.9999999999,998012.0544195524,632167.7462439123,997087.8699857115,997087.8699857115
2025-03-04T00:30:00.000+0000,994121.4969082479,700030.9047506478,999999.9999999999,998012.0544195524,632167.7462439123,997087.8699857115,997087.8699857115
2025-03-04T00:40:00.000+0000,994121.4969082479,700030.9047506478,999999.9999999999,998012.0544195524,632167.7462439123,997087.8699857115,997087.8699857115
2025-03-04T00:50:00.000+0000,994121.4969082479,700030.9047506478,999999.9999999999,998012.0544195524,632167.7462439123,997087.8699857115,997087.8699857115
2025-03-04T01:00:00.000+0000,994121.4969082479,700030.9047506478,999999.9999999999,998012.0544195524,632167.7462439123,997087.8699857115,997087.8699857115
2025-03-04T01:10:00.000+0000,994121.4969082479,700030.9047506478,999999.9999999999,998012.0544195524,632167.7462439123,997087.8699857115,997087.8699857115
2025-03-04T01:20:00.000+0000,994121.4969082479,700030.9047506478,999999.9999999999,998012.0544195524,632167.7462439123,997087.8699857115,997087.8699857115
2025-03-04T01:30:00.000+0000,994121.4969082479,700030.9047506478,999999.9999999999,998012.0544195524,632167.7462439123,997087.8699857115,997087.8699857115
2025-03-04T01:40:00.000+0000,994121.4969082479,700030.9047506478,999999.9999999999,998012.0544195524,632167.7462439123,997087.8699857115,997087.8699857115
2025-03-04T01:50:00.000+0000,994121.4969082479,700030.9047506478,999999.9999999999,998012.0544195524,632167.7462439123,997087.8699857115,997087.8699857115
2025-03-04T02:00:00.000+0000,994121.4969082479,700030.9047506478,999999.9999999999,998012.0544195524,632167.7462439123,997087.8699857115,997087.8699857115
2025-03-04T02:10:00.000+0000,994121.4969082479,700030.9047506478,999999.9999999999,998012.0544195524,632167.7462439123,997087.8699857115,997087.8699857115
2025-03-04T02:20:00.000+0000,994121.4969082479,700030.9047506478,999999.9999999999,998012.0544195524,632167.7462439123,997087.8699857115,997087.8699857115
2025-03-04T02:30:00.000+0000,994121.4969082479,700030.9047506478,999999.9999999999,998012.0544195524,632167.7462439123,997087.8699857115,997087.8699857115
2025-03-04T02:40:00.000+0000,994121.4969082479,700030.9047506478,999999.9999999999,998012.0544195524,632167.7462439123,997087.8699857115,997087.8699857115
2025-03-04T02:50:00.000+0000,994121.4969082479,700030.9047506478,999999.9999999999,998012.0544195524,632167.7462439123,997087.8699857115,997087.8699857115
2025-03-04T03:00:00.000+0000,994121.4969082479,700030.9047506478,999999.9999999999,998012.0544195524,632167.7462439123,997087.8699857115,997087.8699857115
2025-03-04T03:10:00.000+0000,994121.4969082479,700030.9047506478,999999.9999999999,998012.0544195524,632167.7462439123,997087.8699857115,997087.8699857115
2025-03-04T03:20:00.000+0000,994121.4969082479,700030.9047506478,999999.9999999999,998012.0544195524,632167.7462439123,997087.8699857115,997087.8699857115
2025-03-04T03:30:00.000+0000,994121.4969082479,700030.9047506478,999999.9999999999,998012.0544195524,632167.7462439123,997087.8699857115,997087.8699857115
2025-03-04T03:40:00.000+0000,994121.4969082479,700030.9047506478,999999.9999999999,998012.0544195524,632167.7462439123,997087.8699857115,997087.8699857115
2025-03-04T03:50:00.000+0000,994121.4969082479,700030.9047506478,999999.9999999999,998012.0544195524,632167.7462439123,997087.8699857115,997087.8699857115
2025-03-04T04:00:00.000+0000,994121.4969082479,700030.9047506478,999999.9999999999,998012.0544195524,632167.7462439123,997087.8699857115,997087.8699857115
2025-03-04T04:10:00.000+0000,994121.4969082479,700030.9047506478,999999.9999999999,998012.0544195524,632167.7462439123,997087.8699857115,997087.8699857115
2025-03-04T04:20:00.000+0000,994121.4969082479,700030.9047506478,999999.9999999999,998012.0544195524,632167.7462439123,997087.8699857115,997087.8699857115
2025-03-04T04:30:00.000+0000,994121.4969082479,700030.9047506478,999999.9999999999,998012.0544195524,632167.7462439123,997087.8699857115,997087.8699857115
2025-03-04T04:40:00.000+0000,994121.4969082479,700030.9047506478,999999.9999999999,998012.0544195524,632167.7462439123,997087.8699857115,997087.8699857115
2025-03-04T04:50:00.000+0000,994121.4969082479,700030.9047506478,999999.9999999999,998012.0544195524,632167.7462439123,997087.8699857115,997087.8699857115
2025-03-04T05:00:00.000+0000,994121.4969082479,700030.9047506478,999999.9999999999,998012.0544195524,632167.7462439123,997087.8699857115,997087.8699857115
2025-03-04T05:10:00.000+0000,994121.4969082479,700030.9047506478,999999.9999999999,998012.0544195524,632167.7462439123,997087.8699857115,997087.8699857115
2025-03-04T05:20:00.000+0000,994121.4969082479,700030.9047506478,999999.9999999999,998012.0544195524,632167.7462439123,997087.8699857115,997087.8699857115
2025-03-04T05:30:00.000+0000,994121.4969082479,700030.9047506478,999999.9999999999,998012.0544195524,632167.7462439123,997087.8699857115,997087.8699857115
2025-03-04T05:40:00.000+0000,994121.4969082479,700030.9047506478,999999.9999999999,998012.0544195524,632167.7462439123,997087.8699857115,997087.8699857115
2025-03-04T05:50:00.000+0000,994121.4969082479,700030.9047506478,999999.9999999999,998012.0544195524,632167.7462439123,997087.8699857115,997087.8699857115
2025-03-04T06:00:00.000+0000,994121.4969082479,700030.9047506478,999999.9999999999,998012.0544195524,632167.7462439123,997087.8699857115,997087.8699857115
2025-03-04T06:10:00.000+0000,994121.4969082479,700030.9047506478,999999.9999999999,998012.0544195524,632167.7462439123,997087.8699857115,997087.8699857115
2025-03-04T06:20:00.000+0000,994121.4969082479,700030.9047506478,999999.9999999999,998012.0544195524,632167.7462439123,997087.8699857115,997087.8699857115
2025-03-04T06:30:00.000+0000,994121.4969082479,700030.9047506478,999999.9999999999,998012.0544195524,632167.7462439123,997087.8699857115,997087.8699857115
2025-03-04T06:40:00.000+0000,994121.4969082479,700030.9047506478,999999.9999999999,998012.0544195524,632167.7462439123,997087.8699857115,997087.8699857115
2025-03-04T06:50:00.000+0000,994121.4969082479,700030.9047506478,999999.9999999999,998012.0544195524,632167.7462439123,997087.8699857115,997087.8699857115
2025-03-04T07:00:00.000+0000,994121.4969082479,700030.9047506478,999999.9999999999,998012.0544195524,632167.7462439123,997087.8699857115,997087.8699857115
2025-03-04T07:10:00.000+0000,994121.4969082479,700030.9047506478,999999.9999999999,998012.0544195524,632167.7462439123,997087.8699857115,997087.8699857115
2025-03-04T07:20:00.000+0000,994121.4969082479,700030.9047506478,999999.9999999999,998012.0544195524,632167.7462439123,997087.8699857115,997087.8699857115
2025-03-04T07:30:00.000+0000,994121.4969082479,700030.9047506478,999999.9999999999,998012.0544195524,632167.7462439123,997087.8699857115,997087.8699857115
2025-03-04T07:40:00.000+0000,994121.4969082479,700030.9047506478,999999.9999999999,998012.0544195524,632167.7462439123,997087.8699857115,997087.8699857115
2025-03-04T07:50:00.000+0000,994121.4969082479,700030.9047506478,999999.9999999999,998012.0544195524,632167.7462439123,997087.8699857115,997087.8699857115
2025-03-04T08:00:00.000+0000,994121.4969082479,700030.9047506478,999999.9999999999,998012.0544195524,632167.7462439123,997087.8699857115,997087.8699857115
2025-03-04T08:10:00.000+0000,994121.4969082479,700030.9047506478,999999.9999999999,998012.0544195524,632167.7462439123,997087.8699857115,997087.8699857115
2025-03-04T08:20:00.000+0000,994121.4969082479,700030.9047506478,999999.9999999999,998012.0544195524,632167.7462439123,997087.8699857115,997087.8699857115
2025-03-04T08:30:00.000+0000,994121.4969082479,700030.9047506478,999999.9999999999,998012.0544195524,632167.7462439123,997087.8699857115,997087.8699857115
2025-03-04T08:40:00.000+0000,994121.4969082479,700030.9047506478,999999.9999999999,998012.0544195524,632167.7462439123,997087.8699857115,997087.8699857115
2025-03-04T08:50:00.000+0000,994121.4969082479,700030.9047506478,999999.9999999999,998012.0544195524,632167.7462439123,997087.8699857115,997087.8699857115
2025-03-04T09:00:00.000+0000,994121.4969082479,700030.9047506478,999999.9999999999,998012.0544195524,632167.7462439123,997087.8699857115,997087.8699857115
2025-03-04T09:10:00.000+0000,994121.4969082479,700030.9047506478,999999.9999999999,998012.0544195524,632167.7462439123,997087.8699857115,997087.8699857115
2025-03-04T09:20:00.000+0000,994121.4969082479,700030.9047506478,999999.9999999999,998012.0544195524,632167.7462439123,997087.8699857115,997087.8699857115
2025-03-04T09:30:00.000+0000,994121.4969082479,700030.9047506478,999999.9999999999,998012.0544195524,632167.7462439123,997087.8699857115,997087.8699857115
2025-03-04T09:40:00.000+0000,994121.4969082479,700030.9047506478,999999.9999999999,998012.0544195524,632167.7462439123,997087.8699857115,997087.8699857115
2025-03-04T09:50:00.000+0000,994121.4969082479,700030.9047506478,999999.9999999999,998012.0544195524,632167.7462439123,997087.8699857115,997087.8699857115
2025-03-04T10:00:00.000+0000,994121.4969082479,700030.9047506478,999999.9999999999,998012.0544195524,632167.7462439123,997087.8699857115,997087.8699857115
2025-03-04T10:10:00.000+0000,994121.4969082479,700030.9047506478,999999.9999999999,998012.0544195524,632167.7462439123,997087.8699857115,997087.8699857115
2025-03-04T10:20:00.000+0000,994121.4969082479,700030.9047506478,999999.9999999999,998012.0544195524,632167.7462439123,997087.8699857115,997087.8699857115
2025-03-04T10:30:00.000+0000,994121.4969082479,700030.9047506478,999999.9999999999,998012.0544195524,632167.7462439123,997087.8699857115,997087.8699857115
2025-03-04T10:40:00.000+0000,994121.4969082479,700030.9047506478,999999.9999999999,998012.0544195524,632167.7462439123,997087.8699857115,997087.8699857115
2025-03-04T10:50:00.000+0000,994121.4969082479,700030.9047506478,999999.9999999999,998012.0544195524,632167.7462439123,997087.8699857115,997087.8699857115
2025-03-04T11:00:00.000+0000,994121.4969082479,700030.9047506478,999999.9999999999,998012.0544195524,632167.7462439123,997087.8699857115,997087.8699857115
2025-03-04T11:10:00.000+0000,994121.4969082479,700030.9047506478,999999.9999999999,998012.0544195524,632167.7462439123,997087.8699857115,997087.8699857115
2025-03-04T11:20:00.000+0000,994121.4969082479,700030.9047506478,999999.9999999999,998012.0544195524,632167.7462439123,997087.8699857115,997087.8699857115
2025-03-04T11:30:00.000+0000,994121.4969082479,700030.9047506478,999999.9999999999,998012.0544195524,632167.7462439123,997087.8699857115,997087.8699857115
2025-03-04T11:40:00.000+0000,994121.4969082479,700030.9047506478,999999.9999999999,998012.0544195524,632167.7462439123,997087.8699857115,997087.8699857115
2025-03-04T11:50:00.000+0000,994121.4969082479,700030.9047506478,999999.9999999999,998012.0544195524,632167.7462439123,997087.8699857115,997087.8699857115
2025-03-04T12:00:00.000+0000,994121.4969082479,700030.9047506478,999999.9999999999,998012.0544195524,632167.7462439123,997087.8699857115,997087.8699857115
2025-03-04T12:10:00.000+0000,994121.4969082479,700030.9047506478,999999.9999999999,998012.0544195524,632167.7462439123,997087.8699857115,997087.8699857115
2025-03-04T12:20:00.000+0000,994121.4969082479,700030.9047506478,999999.9999999999,998012.0544195524,632167.7462439123,997087.8699857115,997087.8699857115
2025-03-04T12:30:00.000+0000,994121.4969082479,700030.9047506478,999999.9999999999,998012.0544195524,632167.7462439123,997087.8699857115,997087.8699857115
2025-03-04T12:40:00.000+0000,994121.4969082479,700030.9047506478,999999.9999999999,998012.0544195524,632167.7462439123,997087.8699857115,997087.8699857115
2025-03-04T12:50:00.000+0000,994121.4969082479,700030.9047506478,999999.9999999999,998012.0544195524,632167.7462439123,997087.8699857115,997087.8699857115
2025-03-04T13:00:00.000+0000,994121.4969082479,700030.9047506478,999999.9999999999,998012.0544195524,632167.7462439123,997087.8699857115,997087.8699857115
2025-03-04T13:10:00.000+0000,994121.4969082479,700030.9047506478,999999.9999999999,998012.0544195524,632167.7462439123,997087.8699857115,997087.8699857115
2025-03-04T13:20:00.000+0000,994121.4969082479,700030.9047506478,999999.9999999999,998012.0544195524,632167.7462439123,997087.8699857115,997087.8699857115
2025-03-04T13:30:00.000+0000,994121.4969082479,700030.9047506478,999999.9999999999,998012.0544195524,632167.7462439123,997087.8699857115,997087.8699857115
2025-03-04T13:40:00.000+0000,994121.4969082479,700030.9047506478,999999.9999999999,998012.0544195524,632167.7462439123,997087.8699857115,997087.8699857115
2025-03-04T13:50:00.000+0000,994121.4969082479,700030.9047506478,999999.9999999999,998012.0544195524,632167.7462439123,997087.8699857115,997087.8699857115
2025-03-04T14:00:00.000+0000,994121.4969082479,700030.9047506478,999999.9999999999,998012.0544195524,632167.7462439123,997087.8699857115,997087.8699857115
2025-03-04T14:10:00.000+0000,994121.4969082479,700030.9047506478,999999.9999999999,998012.0544195524,632167.7462439123,997087.8699857115,997087.8699857115
2025-03-04T14:20:00.000+0000,994121.4969082479,700030.9047506478,999999.9999999999,998012.0544195524,632167.7462439123,997087.8699857115,997087.8699857115
2025-03-04T14:30:00.000+0000,994121.4969082479,700030.9047506478,999999.9999999999,998012.0544195524,632167.7462439123,997087.8699857115,997087.8699857115
2025-03-04T14:40:00.000+0000,994121.4969082479,700030.9047506478,999999.9999999999,998012.0544195524,632167.7462439123,997087.8699857115,997087.8699857115
2025-03-04T14:50:00.000+0000,994121.4969082479,700030.9047506478,999999.9999999999,998012.0544195524,632167.7462439123,997087.8699857115,997087.8699857115
2025-03-04T15:00:00.000+0000,994121.4969082479,700030.9047506478,999999.9999999999,998012.0544195524,632167.7462439123,997087.8699857115,997087.8699857115
2025-03-04T15:10:00.000+0000,994121.4969082479,700030.9047506478,999999.9999999999,998012.0544195524,632167.7462439123,997087.8699857115,997087.8699857115
2025-03-04T15:20:00.000+0000,994121.4969082479,700030.9047506478,999999.9999999999,998012.0544195524,632167.7462439123,997087.8699857115,997087.8699857115
2025-03-04T15:30:00.000+0000,994121.4969082479,700030.9047506478,999999.9999999999,998012.0544195524,632167.7462439123,997087.8699857115,997087.8699857115
2025-03-04T15:40:00.000+0000,994121.4969082479,700030.9047506478,999999.9999999999,998012.0544195524,632167.7462439123,997087.8699857115,997087.8699857115
2025-03-04T15:50:00.000+0000,994121.4969082479,700030.9047506478,999999.9999999999,998012.0544195524,632167.7462439123,997087.8699857115,997087.8699857115
2025-03-04T16:00:00.000+0000,994121.4969082479,700030.9047506478,999999.9999999999,998012.0544195524,632167.7462439123,997087.8699857115,997087.8699857115
2025-03-04T16:10:00.000+0000,994121.4969082479,700030.9047506478,999999.9999999999,998012.0544195524,632167.7462439123,997087.8699857115,997087.8699857115
2025-03-04T16:20:00.000+0000,994121.4969082479,700030.9047506478,999999.9999999999,998012.0544195524,632167.7462439123,997087.8699857115,997087.8699857115
2025-03-04T16:30:00.000+0000,994121.4969082479,700030.9047506478,999999.9999999999,998012.0544195524,632167.7462439123,997087.8699857115,997087.8699857115
2025-03-04T16:40:00.000+0000,994121.4969082479,700030.9047506478,999999.9999999999,998012.0544195524,632167.7462439123,997087.8699857115,997087.8699857115
2025-03-04T16:50:00.000+0000,994121.4969082479,700030.9047506478,999999.9999999999,998012.0544195524,632167.7462439123,997087.8699857115,997087.8699857115
2025-03-04T17:00:00.000+0000,994121.4969082479,700030.9047506478,999999.9999999999,998012.0544195524,632167.7462439123,997087.8699857115,997087.8699857115
2025-03-04T17:10:00.000+0000,994121.4969082479,700030.9047506478,999999.9999999999,998012.0544195524,632167.7462439123,997087.8699857115,997087.8699857115
2025-03-04T17:20:00.000+0000,994121.4969082479,700030.9047506478,999999.9999999999,998012.0544195524,632167.7462439123,997087.8699857115,997087.8699857115
2025-03-04T17:30:00.000+0000,994121.4969082479,700030.9047506478,999999.9999999999,998012.0544195524,632167.7462439123,997087.8699857115,997087.8699857115
2025-03-04T17:40:00.000+0000,994121.4969082479,700030.9047506478,999999.9999999999,998012.0544195524,632167.7462439123,997087.8699857115,997087.8699857115
2025-03-04T17:50:00.000+0000,994121.4969082479,700030.9047506478,999999.9999999999,998012.0544195524,632167.7462439123,997087.8699857115,997087.8699857115
2025-03-04T18:00:00.000+0000,994121.4969082479,700030.9047506478,999999.9999999999,998012.0544195524,632167.7462439123,997087.8699857115,997087.8699857115
2025-03-04T18:10:00.000+0000,994121.4969082479,700030.9047506478,999999.9999999999,998012.0544195524,632167.7462439123,997087.8699857115,997087.8699857115
2025-03-04T18:20:00.000+0000,994121.4969082479,700030.9047506478,999999.9999999999,998012.0544195524,632167.7462439123,997087.8699857115,997087.8699857115
2025-03-04T18:30:00.000+0000,994121.4969082479,700030.9047506478,999999.9999999999,998012.0544195524,632167.7462439123,997087.8699857115,997087.8699857115
2025-03-04T18:40:00.000+0000,994121.4969082479,700030.9047506478,999999.9999999999,998012.0544195524,632167.7462439123,997087.8699857115,997087.8699857115
2025-03-04T18:50:00.000+0000,994121.4969082479,700030.9047506478,999999.9999999999,998012.0544195524,632167.7462439123,997087.8699857115,997087.8699857115
2025-03-04T19:00:00.000+0000,994121.4969082479,700030.9047506478,999999.9999999999,998012.0544195524,632167.7462439123,997087.8699857115,997087.8699857115
2025-03-04T19:10:00.000+0000,994121.4969082479,700030.9047506478,999999.9999999999,998012.0544195524,632167.7462439123,997087.8699857115,997087.8699857115
2025-03-04T19:20:00.000+0000,994121.4969082479,700030.9047506478,999999.9999999999,998012.0544195524,632167.7462439123,997087.8699857115,997087.8699857115
2025-03-04T19:30:00.000+0000,994121.4969082479,700030.9047506478,999999.9999999999,998012.0544195524,632167.7462439123,997087.8699857115,997087.8699857115
2025-03-04T19:40:00.000+0000,994121.4969082479,700030.9047506478,999999.9999999999,998012.0544195524,632167.7462439123,997087.8699857115,997087.8699857115
2025-03-04T19:50:00.000+0000,994121.4969082479,700030.9047506478,999999.9999999999,998012.0544195524,632167.7462439123,997087.8699857115,997087.8699857115
2025-03-04T20:00:00.000+0000,994121.4969082479,700030.9047506478,999999.9999999999,998012.0544195524,632167.7462439123,997087.8699857115,997087.8699857115
2025-03-04T20:10:00.000+0000,994121.4969082479,700030.9047506478,999999.9999999999,998012.0544195524,632167.7462439123,997087.8699857115,997087.8699857115
2025-03-04T20:20:00.000+0000,994121.4969082479,700030.9047506478,999999.9999999999,998012.0544195524,632167.7462439123,997087.8699857115,997087.8699857115
2025-03-04T20:30:00.000+0000,994121.4969082479,700030.9047506478,999999.9999999999,998012.0544195524,632167.7462439123,997087.8699857115,997087.8699857115
2025-03-04T20:40:00.000+0000,994121.4969082479,700030.9047506478,999999.9999999999,998012.0544195524,632167.7462439123,997087.8699857115,997087.8699857115
2025-03-04T20:50:00.000+0000,994121.4969082479,700030.9047506478,999999.9999999999,998012.0544195524,632167.7462439123,997087.8699857115,997087.8699857115
2025-03-04T21:00:00.000+0000,994121.4969082479,700030.9047506478,999999.9999999999,998012.0544195524,632167.7462439123,997087.8699857115,997087.8699857115
2025-03-04T21:10:00.000+0000,994121.4969082479,700030.9047506478,999999.9999999999,998012.0544195524,632167.7462439123,997087.8699857115,997087.8699857115
2025-03-04T21:20:00.000+0000,994121.4969082479,700030.9047506478,999999.9999999999,998012.0544195524,632167.7462439123,997087.8699857115,997087.8699857115
2025-03-04T21:30:00.000+0000,994121.4969082479,700030.9047506478,999999.9999999999,998012.0544195524,632167.7462439123,997087.8699857115,997087.8699857115
2025-03-04T21:40:00.000+0000,994121.4969082479,700030.9047506478,999999.9999999999,998012.0544195524,632167.7462439123,997087.8699857115,997087.8699857115
2025-03-04T21:50:00.000+0000,994121.4969082479,700030.9047506478,999999.9999999999,998012.0544195524,632167.7462439123,997087.8699857115,997087.8699857115
2025-03-04T22:00:00.000+0000,994121.4969082479,700030.9047506478,999999.9999999999,998012.0544195524,632167.7462439123,997087.8699857115,997087.8699857115
2025-03-04T22:10:00.000+0000,994121.4969082479,700030.9047506478,999999.9999999999,998012.0544195524,632167.7462439123,997087.8699857115,997087.8699857115
2025-03-04T22:20:00.000+0000,994121.4969082479,700030.9047506478,999999.9999999999,998012.0544195524,632167.7462439123,997087.8699857115,997087.8699857115
2025-03-04T22:30:00.000+0000,994121.4969082479,700030.9047506478,999999.9999999999,998012.0544195524,632167.7462439123,997087.8699857115,997087.8699857115
2025-03-04T22:40:00.000+0000,994121.4969082479,700030.9047506478,999999.9999999999,998012.0544195524,632167.7462439123,997087.8699857115,997087.8699857115
2025-03-04T22:50:00.000+0000,994121.4969082479,700030.9047506478,999999.9999999999,998012.0544195524,632167.7462439123,997087.8699857115,997087.8699857115
2025-03-04T23:00:00.000+0000,994121.4969082479,700030.9047506478,999999.9999999999,998012.0544195524,632167.7462439123,997087.8699857115,997087.8699857115
2025-03-04T23:10:00.000+0000,994121.4969082479,700030.9047506478,999999.9999999999,998012.0544195524,632167.7462439123,997087.8699857115,997087.8699857115
2025-03-04T23:20:00.000+0000,994121.4969082479,700030.9047506478,999999.9999999999,998012.0544195524,632167.7462439123,997087.8699857115,997087.8699857115
2025-03-04T23:30:00.000+0000,994121.4969082479,700030.9047506478,999999.9999999999,998012.0544195524,632167.7462439123,997087.8699857115,997087.8699857115
2025-03-04T23:40:00.000+0000,994121.4969082479,700030.9047506478,999999.9999999999,998012.0544195524,632167.7462439123,997087.8699857115,997087.8699857115
2025-03-04T23:50:00.000+0000,994121.4969082479,700030.9047506478,999999.9999999999,998012.0544195524,632167.7462439123,997087.8699857115,997087.8699857115
2025-03-05T00:00:00.000+0000,994121.4969082479,700030.9047506478,999999.9999999999,998012.0544195524,632167.7462439123,997087.8699857115,997087.8699857115
2025-03-05T00:10:00.000+0000,994121.4969082479,700030.9047506478,999999.9999999999,998012.0544195524,632167.7462439123,997087.8699857115,997087.8699857115
2025-03-05T00:20:00.000+0000,994121.4969082479,700030.9047506478,999999.9999999999,998012.0544195524,632167.7462439123,997087.8699857115,997087.8699857115
2025-03-05T00:30:00.000+0000,994121.4969082479,700030.9047506478,999999.9999999999,998012.0544195524,632167.7462439123,997087.8699857115,997087.8699857115
2025-03-05T00:40:00.000+0000,994121.4969082479,700030.9047506478,999999.9999999999,998012.0544195524,632167.7462439123,997087.8699857115,997087.8699857115
2025-03-05T00:50:00.000+0000,994121.4969082479,700030.9047506478,999999.9999999999,998012.0544195524,632167.7462439123,997087.8699857115,997087.8699857115
2025-03-05T01:00:00.000+0000,994121.4969082479,700030.9047506478,999999.9999999999,998012.0544195524,632167.7462439123,997087.8699857115,997087.8699857115
2025-03-05T01:10:00.000+0000,994121.4969082479,700030.9047506478,999999.9999999999,998012.0544195524,632167.7462439123,997087.8699857115,997087.8699857115
2025-03-05T01:20:00.000+0000,994121.4969082479,700030.9047506478,999999.9999999999,998012.0544195524,632167.7462439123,997087.8699857115,997087.8699857115
2025-03-05T01:30:00.000+0000,994121.4969082479,700030.9047506478,999999.9999999999,998012.0544195524,632167.7462439123,997087.8699857115,997087.8699857115
2025-03-05T01:40:00.000+0000,994121.4969082479,700030.9047506478,999999.9999999999,998012.0544195524,632167.7462439123,997087.8699857115,997087.8699857115
2025-03-05T01:50:00.000+0000,994121.4969082479,700030.9047506478,999999.9999999999,998012.0544195524,632167.7462439123,997087.8699857115,997087.8699857115
2025-03-05T02:00:00.000+0000,994121.4969082479,700030.9047506478,999999.9999999999,998012.0544195524,632167.7462439123,997087.8699857115,997087.8699857115
2025-03-05T02:10:00.000+0000,994121.4969082479,700030.9047506478,999999.9999999999,998012.0544195524,632167.7462439123,997087.8699857115,997087.8699857115
2025-03-05T02:20:00.000+0000,994121.4969082479,700030.9047506478,999999.9999999999,998012.0544195524,632167.7462439123,997087.8699857115,997087.8699857115
2025-03-05T02:30:00.000+0000,994121.4969082479,700030.9047506478,999999.9999999999,998012.0544195524,632167.7462439123,997087.8699857115,997087.8699857115
2025-03-05T02:40:00.000+0000,994121.4969082479,700030.9047506478,999999.9999999999,997621.7614937924,144301.58904391224,997087.8699857115,997087.8699857115
2025-03-05T02:50:00.000+0000,994121.4969082479,700030.9047506478,999999.9999999999,997621.7614937924,144301.58904391224,997087.8699857115,997087.8699857115
2025-03-05T03:00:00.000+0000,994121.4969082479,700030.9047506478,999999.9999999999,997621.7614937924,144301.58904391224,997087.8699857115,997087.8699857115
2025-03-05T03:10:00.000+0000,994121.4969082479,700030.9047506478,999999.9999999999,997621.7614937924,144301.58904391224,997087.8699857115,997087.8699857115
2025-03-05T03:20:00.000+0000,994121.4969082479,700030.9047506478,999999.9999999999,997621.7614937924,144301.58904391224,997087.8699857115,997087.8699857115
2025-03-05T03:30:00.000+0000,994121.4969082479,700030.9047506478,999999.9999999999,997621.7614937924,631777.4533181522,997087.8699857115,997087.8699857115
2025-03-05T03:40:00.000+0000,994121.4969082479,700030.9047506478,999999.9999999999,997621.7614937924,631777.4533181522,997087.8699857115,997087.8699857115
2025-03-05T03:50:00.000+0000,994121.4969082479,700030.9047506478,999999.9999999999,997621.7614937924,631777.4533181522,997087.8699857115,997087.8699857115
2025-03-05T04:00:00.000+0000,994121.4969082479,700030.9047506478,999999.9999999999,997621.7614937924,631777.4533181522,997087.8699857115,997087.8699857115
2025-03-05T04:10:00.000+0000,994121.4969082479,700030.9047506478,999999.9999999999,997621.7614937924,631777.4533181522,997087.8699857115,997087.8699857115
2025-03-05T04:20:00.000+0000,994121.4969082479,700030.9047506478,999999.9999999999,997621.7614937924,631777.4533181522,997087.8699857115,997087.8699857115
2025-03-05T04:30:00.000+0000,994121.4969082479,700030.9047506478,999999.9999999999,997621.7614937924,631777.4533181522,997087.8699857115,997087.8699857115
2025-03-05T04:40:00.000+0000,994121.4969082479,700030.9047506478,999999.9999999999,997621.7614937924,631777.4533181522,997087.8699857115,997087.8699857115
2025-03-05T04:50:00.000+0000,994121.4969082479,700030.9047506478,999999.9999999999,997621.7614937924,631777.4533181522,997087.8699857115,997087.8699857115
2025-03-05T05:00:00.000+0000,994121.4969082479,700030.9047506478,999999.9999999999,997621.7614937924,631777.4533181522,997087.8699857115,997087.8699857115
2025-03-05T05:10:00.000+0000,994121.4969082479,700030.9047506478,999999.9999999999,997621.7614937924,631777.4533181522,997087.8699857115,997087.8699857115
2025-03-05T05:20:00.000+0000,994121.4969082479,700030.9047506478,999999.9999999999,997621.7614937924,631777.4533181522,997087.8699857115,997087.8699857115
2025-03-05T05:30:00.000+0000,994121.4969082479,700030.9047506478,999999.9999999999,997621.7614937924,631777.4533181522,997087.8699857115,997087.8699857115
2025-03-05T05:40:00.000+0000,994121.4969082479,700030.9047506478,999999.9999999999,997621.7614937924,631777.4533181522,997087.8699857115,997087.8699857115
2025-03-05T05:50:00.000+0000,994121.4969082479,700030.9047506478,999999.9999999999,997621.7614937924,631777.4533181522,997087.8699857115,997087.8699857115
2025-03-05T06:00:00.000+0000,994121.4969082479,700030.9047506478,999999.9999999999,997621.7614937924,631777.4533181522,997087.8699857115,997087.8699857115
2025-03-05T06:10:00.000+0000,994121.4969082479,700030.9047506478,999999.9999999999,997621.7614937924,631777.4533181522,997087.8699857115,997087.8699857115
2025-03-05T06:20:00.000+0000,994121.4969082479,700030.9047506478,999999.9999999999,997621.7614937924,631777.4533181522,997087.8699857115,997087.8699857115
2025-03-05T06:30:00.000+0000,994121.4969082479,700030.9047506478,999999.9999999999,997621.7614937924,631777.4533181522,997087.8699857115,997087.8699857115
2025-03-05T06:40:00.000+0000,994121.4969082479,700030.9047506478,999999.9999999999,997621.7614937924,631777.4533181522,997087.8699857115,997087.8699857115
2025-03-05T06:50:00.000+0000,994121.4969082479,700030.9047506478,999999.9999999999,997621.7614937924,631777.4533181522,997087.8699857115,997087.8699857115
2025-03-05T07:00:00.000+0000,994121.4969082479,700030.9047506478,999999.9999999999,997621.7614937924,631777.4533181522,997087.8699857115,997087.8699857115
2025-03-05T07:10:00.000+0000,994121.4969082479,700030.9047506478,999999.9999999999,997621.7614937924,631777.4533181522,997087.8699857115,997087.8699857115
2025-03-05T07:20:00.000+0000,994121.4969082479,700030.9047506478,999999.9999999999,997621.7614937924,631777.4533181522,997087.8699857115,997087.8699857115
2025-03-05T07:30:00.000+0000,994121.4969082479,700030.9047506478,999999.9999999999,997621.7614937924,631777.4533181522,997087.8699857115,997087.8699857115
2025-03-05T07:40:00.000+0000,994121.4969082479,700030.9047506478,999999.9999999999,997621.7614937924,631777.4533181522,997087.8699857115,997087.8699857115
2025-03-05T07:50:00.000+0000,994121.4969082479,700030.9047506478,999999.9999999999,997621.7614937924,631777.4533181522,997087.8699857115,997087.8699857115
2025-03-05T08:00:00.000+0000,994121.4969082479,700030.9047506478,999999.9999999999,997621.7614937924,631777.4533181522,997087.8699857115,997087.8699857115
2025-03-05T08:10:00.000+0000,994121.4969082479,700030.9047506478,999999.9999999999,997621.7614937924,631777.4533181522,997087.8699857115,997087.8699857115
2025-03-05T08:20:00.000+0000,994121.4969082479,700030.9047506478,999999.9999999999,997621.7614937924,631777.4533181522,997087.8699857115,997087.8699857115
2025-03-05T08:30:00.000+0000,994121.4969082479,700030.9047506478,999999.9999999999,997621.7614937924,631777.4533181522,997087.8699857115,997087.8699857115
2025-03-05T08:40:00.000+0000,994121.4969082479,700030.9047506478,999999.9999999999,997621.7614937924,631777.4533181522,997087.8699857115,997087.8699857115
2025-03-05T08:50:00.000+0000,994121.4969082479,700030.9047506478,999999.9999999999,997621.7614937924,631777.4533181522,997087.8699857115,997087.8699857115
2025-03-05T09:00:00.000+0000,994121.4969082479,700030.9047506478,999999.9999999999,997621.7614937924,631777.4533181522,997087.8699857115,997087.8699857115
2025-03-05T09:10:00.000+0000,994121.4969082479,700030.9047506478,999999.9999999999,997621.7614937924,631777.4533181522,997087.8699857115,997087.8699857115
2025-03-05T09:20:00.000+0000,994121.4969082479,700030.9047506478,999999.9999999999,997621.7614937924,631777.4533181522,997087.8699857115,997087.8699857115
2025-03-05T09:30:00.000+0000,994121.4969082479,700030.9047506478,999999.9999999999,997621.7614937924,631777.4533181522,997087.8699857115,997087.8699857115
2025-03-05T09:40:00.000+0000,994121.4969082479,700030.9047506478,999999.9999999999,997621.7614937924,631777.4533181522,997087.8699857115,997087.8699857115
2025-03-05T09:50:00.000+0000,994121.4969082479,700030.9047506478,999999.9999999999,997621.7614937924,631777.4533181522,997087.8699857115,997087.8699857115
2025-03-05T10:00:00.000+0000,994121.4969082479,700030.9047506478,999999.9999999999,997621.7614937924,631777.4533181522,997087.8699857115,997087.8699857115
2025-03-05T10:10:00.000+0000,994121.4969082479,700030.9047506478,999999.9999999999,997621.7614937924,631777.4533181522,997087.8699857115,997087.8699857115
2025-03-05T10:20:00.000+0000,994121.4969082479,700030.9047506478,999999.9999999999,997621.7614937924,631777.4533181522,997087.8699857115,997087.8699857115
2025-03-05T10:30:00.000+0000,994121.4969082479,700030.9047506478,999999.9999999999,997621.7614937924,631777.4533181522,997087.8699857115,997087.8699857115
2025-03-05T10:40:00.000+0000,994121.4969082479,700030.9047506478,999999.9999999999,997621.7614937924,631777.4533181522,997087.8699857115,997087.8699857115
2025-03-05T10:50:00.000+0000,994121.4969082479,700030.9047506478,999999.9999999999,997621.7614937924,631777.4533181522,997087.8699857115,997087.8699857115
2025-03-05T11:00:00.000+0000,994121.4969082479,700030.9047506478,999999.9999999999,997621.7614937924,631777.4533181522,997087.8699857115,997087.8699857115
2025-03-05T11:10:00.000+0000,994121.4969082479,700030.9047506478,999999.9999999999,997621.7614937924,631777.4533181522,997087.8699857115,997087.8699857115
2025-03-05T11:20:00.000+0000,994121.4969082479,700030.9047506478,999999.9999999999,997621.7614937924,631777.4533181522,997087.8699857115,997087.8699857115
2025-03-05T11:30:00.000+0000,994121.4969082479,700030.9047506478,999999.9999999999,997621.7614937924,631777.4533181522,997087.8699857115,997087.8699857115
2025-03-05T11:40:00.000+0000,994121.4969082479,700030.9047506478,999999.9999999999,997621.7614937924,631777.4533181522,997087.8699857115,997087.8699857115
2025-03-05T11:50:00.000+0000,994121.4969082479,700030.9047506478,999999.9999999999,997621.7614937924,631777.4533181522,997087.8699857115,997087.8699857115
2025-03-05T12:00:00.000+0000,994121.4969082479,700030.9047506478,999999.9999999999,997621.7614937924,631777.4533181522,997087.8699857115,997087.8699857115
2025-03-05T12:10:00.000+0000,994121.4969082479,700030.9047506478,999999.9999999999,997621.7614937924,631777.4533181522,997087.8699857115,997087.8699857115
2025-03-05T12:20:00.000+0000,994121.4969082479,700030.9047506478,999999.9999999999,997621.7614937924,631777.4533181522,997087.8699857115,997087.8699857115
2025-03-05T12:30:00.000+0000,994121.4969082479,700030.9047506478,999999.9999999999,997621.7614937924,631777.4533181522,997087.8699857115,997087.8699857115
2025-03-05T12:40:00.000+0000,994121.4969082479,700030.9047506478,999999.9999999999,997621.7614937924,631777.4533181522,997087.8699857115,997087.8699857115
2025-03-05T12:50:00.000+0000,994121.4969082479,700030.9047506478,999999.9999999999,997621.7614937924,631777.4533181522,997087.8699857115,997087.8699857115
2025-03-05T13:00:00.000+0000,994121.4969082479,700030.9047506478,999999.9999999999,997621.7614937924,631777.4533181522,997087.8699857115,997087.8699857115
2025-03-05T13:10:00.000+0000,994121.4969082479,700030.9047506478,999999.9999999999,997621.7614937924,631777.4533181522,997087.8699857115,997087.8699857115
2025-03-05T13:20:00.000+0000,994121.4969082479,700030.9047506478,999999.9999999999,997621.7614937924,631777.4533181522,997087.8699857115,997087.8699857115
2025-03-05T13:30:00.000+0000,994121.4969082479,700030.9047506478,999999.9999999999,997621.7614937924,631777.4533181522,997087.8699857115,997087.8699857115
2025-03-05T13:40:00.000+0000,994121.4969082479,700030.9047506478,999999.9999999999,997621.7614937924,631777.4533181522,997087.8699857115,997087.8699857115
2025-03-05T13:50:00.000+0000,994121.4969082479,700030.9047506478,999999.9999999999,997621.7614937924,631777.4533181522,997087.8699857115,997087.8699857115
2025-03-05T14:00:00.000+0000,994121.4969082479,700030.9047506478,999999.9999999999,997621.7614937924,631777.4533181522,997087.8699857115,997087.8699857115
2025-03-05T14:10:00.000+0000,994121.4969082479,700030.9047506478,999999.9999999999,997621.7614937924,631777.4533181522,997087.8699857115,997087.8699857115
2025-03-05T14:20:00.000+0000,994121.4969082479,700030.9047506478,999999.9999999999,997621.7614937924,631777.4533181522,997087.8699857115,997087.8699857115
2025-03-05T14:30:00.000+0000,994121.4969082479,700030.9047506478,999999.9999999999,997621.7614937924,631777.4533181522,997087.8699857115,997087.8699857115
2025-03-05T14:40:00.000+0000,994121.4969082479,700030.9047506478,999999.9999999999,997621.7614937924,631777.4533181522,997087.8699857115,997087.8699857115
2025-03-05T14:50:00.000+0000,994121.4969082479,700030.9047506478,999999.9999999999,997621.7614937924,631777.4533181522,997087.8699857115,997087.8699857115
2025-03-05T15:00:00.000+0000,994121.4969082479,700030.9047506478,999999.9999999999,997621.7614937924,631777.4533181522,997087.8699857115,997087.8699857115
2025-03-05T15:10:00.000+0000,994121.4969082479,700030.9047506478,999999.9999999999,997621.7614937924,631777.4533181522,997087.8699857115,997087.8699857115
2025-03-05T15:20:00.000+0000,994121.4969082479,700030.9047506478,999999.9999999999,997621.7614937924,631777.4533181522,997087.8699857115,997087.8699857115
2025-03-05T15:30:00.000+0000,994121.4969082479,700030.9047506478,999999.9999999999,997621.7614937924,631777.4533181522,997087.8699857115,997087.8699857115
2025-03-05T15:40:00.000+0000,994121.4969082479,700030.9047506478,999999.9999999999,997621.7614937924,631777.4533181522,997087.8699857115,997087.8699857115
2025-03-05T15:50:00.000+0000,994121.4969082479,700030.9047506478,999999.9999999999,997621.7614937924,631777.4533181522,997087.8699857115,997087.8699857115
2025-03-05T16:00:00.000+0000,994121.4969082479,700030.9047506478,999999.9999999999,997621.7614937924,631777.4533181522,997087.8699857115,997087.8699857115
2025-03-05T16:10:00.000+0000,994121.4969082479,700030.9047506478,999999.9999999999,997621.7614937924,631777.4533181522,997087.8699857115,997087.8699857115
2025-03-05T16:20:00.000+0000,994121.4969082479,700030.9047506478,999999.9999999999,997621.7614937924,631777.4533181522,997087.8699857115,997087.8699857115
2025-03-05T16:30:00.000+0000,994121.4969082479,700030.9047506478,999999.9999999999,997621.7614937924,631777.4533181522,997087.8699857115,997087.8699857115
2025-03-05T16:40:00.000+0000,994121.4969082479,700030.9047506478,999999.9999999999,997621.7614937924,631777.4533181522,997087.8699857115,997087.8699857115
2025-03-05T16:50:00.000+0000,994121.4969082479,700030.9047506478,999999.9999999999,997621.7614937924,631777.4533181522,997087.8699857115,997087.8699857115
2025-03-05T17:00:00.000+0000,994121.4969082479,700030.9047506478,999999.9999999999,997621.7614937924,631777.4533181522,997087.8699857115,997087.8699857115
2025-03-05T17:10:00.000+0000,994121.4969082479,700030.9047506478,999999.9999999999,997621.7614937924,631777.4533181522,997087.8699857115,997087.8699857115
2025-03-05T17:20:00.000+0000,994121.4969082479,700030.9047506478,999999.9999999999,997621.7614937924,631777.4533181522,997087.8699857115,997087.8699857115
2025-03-05T17:30:00.000+0000,994121.4969082479,700030.9047506478,999999.9999999999,997621.7614937924,631777.4533181522,997087.8699857115,997087.8699857115
2025-03-05T17:40:00.000+0000,994121.4969082479,700030.9047506478,999999.9999999999,997621.7614937924,631777.4533181522,997087.8699857115,997087.8699857115
2025-03-05T17:50:00.000+0000,994121.4969082479,700030.9047506478,999999.9999999999,997621.7614937924,631777.4533181522,997087.8699857115,997087.8699857115
2025-03-05T18:00:00.000+0000,994121.4969082479,700030.9047506478,999999.9999999999,997621.7614937924,631777.4533181522,997087.8699857115,997087.8699857115
2025-03-05T18:10:00.000+0000,994121.4969082479,700030.9047506478,999999.9999999999,997621.7614937924,631777.4533181522,997087.8699857115,997087.8699857115
2025-03-05T18:20:00.000+0000,994121.4969082479,700030.9047506478,999999.9999999999,997621.7614937924,631777.4533181522,997087.8699857115,997087.8699857115
2025-03-05T18:30:00.000+0000,994121.4969082479,700030.9047506478,999999.9999999999,997621.7614937924,631777.4533181522,997087.8699857115,997087.8699857115
2025-03-05T18:40:00.000+0000,994121.4969082479,700030.9047506478,999999.9999999999,997621.7614937924,631777.4533181522,997087.8699857115,997087.8699857115
2025-03-05T18:50:00.000+0000,994121.4969082479,700030.9047506478,999999.9999999999,997621.7614937924,631777.4533181522,997087.8699857115,997087.8699857115
2025-03-05T19:00:00.000+0000,994121.4969082479,700030.9047506478,999999.9999999999,997621.7614937924,631777.4533181522,997087.8699857115,997087.8699857115
2025-03-05T19:10:00.000+0000,994121.4969082479,700030.9047506478,999999.9999999999,997621.7614937924,631777.4533181522,997087.8699857115,997087.8699857115
2025-03-05T19:20:00.000+0000,994121.4969082479,700030.9047506478,999999.9999999999,997621.7614937924,631777.4533181522,997087.8699857115,997087.8699857115
2025-03-05T19:30:00.000+0000,994121.4969082479,700030.9047506478,999999.9999999999,997621.7614937924,631777.4533181522,997087.8699857115,997087.8699857115
2025-03-05T19:40:00.000+0000,994121.4969082479,700030.9047506478,999999.9999999999,997621.7614937924,631777.4533181522,997087.8699857115,997087.8699857115
2025-03-05T19:50:00.000+0000,994121.4969082479,700030.9047506478,999999.9999999999,997621.7614937924,631777.4533181522,997087.8699857115,997087.8699857115
2025-03-05T20:00:00.000+0000,994121.4969082479,700030.9047506478,999999.9999999999,997621.7614937924,631777.4533181522,997087.8699857115,997087.8699857115
2025-03-05T20:10:00.000+0000,994121.4969082479,700030.9047506478,999999.9999999999,997621.7614937924,631777.4533181522,997087.8699857115,997087.8699857115
2025-03-05T20:20:00.000+0000,994121.4969082479,700030.9047506478,999999.9999999999,997621.7614937924,631777.4533181522,997087.8699857115,997087.8699857115
2025-03-05T20:30:00.000+0000,994121.4969082479,700030.9047506478,999999.9999999999,997621.7614937924,631777.4533181522,997087.8699857115,997087.8699857115
2025-03-05T20:40:00.000+0000,994121.4969082479,700030.9047506478,999999.9999999999,997621.7614937924,631777.4533181522,997087.8699857115,997087.8699857115
2025-03-05T20:50:00.000+0000,994121.4969082479,700030.9047506478,999999.9999999999,997621.7614937924,631777.4533181522,997087.8699857115,997087.8699857115
2025-03-05T21:00:00.000+0000,994121.4969082479,700030.9047506478,999999.9999999999,997621.7614937924,631777.4533181522,997087.8699857115,997087.8699857115
2025-03-05T21:10:00.000+0000,994121.4969082479,700030.9047506478,999999.9999999999,997621.7614937924,631777.4533181522,997087.8699857115,997087.8699857115
2025-03-05T21:20:00.000+0000,994121.4969082479,700030.9047506478,999999.9999999999,997621.7614937924,631777.4533181522,997087.8699857115,997087.8699857115
2025-03-05T21:30:00.000+0000,994121.4969082479,700030.9047506478,999999.9999999999,997621.7614937924,631777.4533181522,997087.8699857115,997087.8699857115
2025-03-05T21:40:00.000+0000,994121.4969082479,700030.9047506478,999999.9999999999,997621.7614937924,631777.4533181522,997087.8699857115,997087.8699857115
2025-03-05T21:50:00.000+0000,994121.4969082479,700030.9047506478,999999.9999999999,997621.7614937924,631777.4533181522,997087.8699857115,997087.8699857115
2025-03-05T22:00:00.000+0000,994121.4969082479,700030.9047506478,999999.9999999999,997621.7614937924,631777.4533181522,997087.8699857115,997087.8699857115
2025-03-05T22:10:00.000+0000,994121.4969082479,700030.9047506478,999999.9999999999,997621.7614937924,631777.4533181522,997087.8699857115,997087.8699857115
2025-03-05T22:20:00.000+0000,994121.4969082479,700030.9047506478,999999.9999999999,997621.7614937924,631777.4533181522,997087.8699857115,997087.8699857115
2025-03-05T22:30:00.000+0000,994121.4969082479,700030.9047506478,999999.9999999999,997621.7614937924,631777.4533181522,997087.8699857115,997087.8699857115
2025-03-05T22:40:00.000+0000,994121.4969082479,700030.9047506478,999999.9999999999,997621.7614937924,631777.4533181522,997087.8699857115,997087.8699857115
2025-03-05T22:50:00.000+0000,994121.4969082479,700030.9047506478,999999.9999999999,997621.7614937924,631777.4533181522,997087.8699857115,997087.8699857115
2025-03-05T23:00:00.000+0000,994121.4969082479,700030.9047506478,999999.9999999999,997621.7614937924,631777.4533181522,997087.8699857115,997087.8699857115
2025-03-05T23:10:00.000+0000,994121.4969082479,700030.9047506478,999999.9999999999,997621.7614937924,631777.4533181522,997087.8699857115,997087.8699857115
2025-03-05T23:20:00.000+0000,994121.4969082479,700030.9047506478,999999.9999999999,997621.7614937924,631777.4533181522,997087.8699857115,997087.8699857115
2025-03-05T23:30:00.000+0000,994121.4969082479,700030.9047506478,999999.9999999999,997621.7614937924,631777.4533181522,997087.8699857115,997087.8699857115
2025-03-05T23:40:00.000+0000,994121.4969082479,700030.9047506478,999999.9999999999,997621.7614937924,631777.4533181522,997087.8699857115,997087.8699857115
2025-03-05T23:50:00.000+0000,994121.4969082479,700030.9047506478,999999.9999999999,997621.7614937924,631777.4533181522,997087.8699857115,997087.8699857115
2025-03-06T00:00:00.000+0000,994121.4969082479,700030.9047506478,999999.9999999999,997621.7614937924,631777.4533181522,997087.8699857115,997087.8699857115
2025-03-06T00:10:00.000+0000,994121.4969082479,700030.9047506478,999999.9999999999,997621.7614937924,631777.4533181522,997087.8699857115,997087.8699857115
2025-03-06T00:20:00.000+0000,994121.4969082479,700030.9047506478,999999.9999999999,997621.7614937924,631777.4533181522,997087.8699857115,997087.8699857115
2025-03-06T00:30:00.000+0000,994121.4969082479,700030.9047506478,999999.9999999999,997621.7614937924,631777.4533181522,997087.8699857115,997087.8699857115
2025-03-06T00:40:00.000+0000,994121.4969082479,700030.9047506478,999999.9999999999,997621.7614937924,631777.4533181522,997087.8699857115,997087.8699857115
2025-03-06T00:50:00.000+0000,994121.4969082479,700030.9047506478,999999.9999999999,997621.7614937924,631777.4533181522,997087.8699857115,997087.8699857115
2025-03-06T01:00:00.000+0000,994121.4969082479,700030.9047506478,999999.9999999999,997621.7614937924,631777.4533181522,997087.8699857115,997087.8699857115
2025-03-06T01:10:00.000+0000,994121.4969082479,700030.9047506478,999999.9999999999,997621.7614937924,631777.4533181522,997087.8699857115,997087.8699857115
2025-03-06T01:20:00.000+0000,994121.4969082479,700030.9047506478,999999.9999999999,997621.7614937924,631777.4533181522,997087.8699857115,997087.8699857115
2025-03-06T01:30:00.000+0000,994121.4969082479,700030.9047506478,999999.9999999999,997621.7614937924,631777.4533181522,997087.8699857115,997087.8699857115
2025-03-06T01:40:00.000+0000,994121.4969082479,700030.9047506478,999999.9999999999,997621.7614937924,631777.4533181522,997087.8699857115,997087.8699857115
2025-03-06T01:50:00.000+0000,994121.4969082479,700030.9047506478,999999.9999999999,997621.7614937924,631777.4533181522,997087.8699857115,997087.8699857115
2025-03-06T02:00:00.000+0000,994121.4969082479,700030.9047506478,999999.9999999999,997621.7614937924,631777.4533181522,997087.8699857115,997087.8699857115
2025-03-06T02:10:00.000+0000,994121.4969082479,700030.9047506478,999999.9999999999,997621.7614937924,631777.4533181522,997087.8699857115,997087.8699857115
2025-03-06T02:20:00.000+0000,994121.4969082479,700030.9047506478,999999.9999999999,997621.7614937924,631777.4533181522,997087.8699857115,997087.8699857115
2025-03-06T02:30:00.000+0000,994121.4969082479,700030.9047506478,999999.9999999999,997621.7614937924,631777.4533181522,997087.8699857115,997087.8699857115
2025-03-06T02:40:00.000+0000,994121.4969082479,700030.9047506478,999999.9999999999,997621.7614937924,631777.4533181522,997087.8699857115,997087.8699857115
2025-03-06T02:50:00.000+0000,994121.4969082479,700030.9047506478,999999.9999999999,997621.7614937924,631777.4533181522,997087.8699857115,997087.8699857115
2025-03-06T03:00:00.000+0000,994121.4969082479,700030.9047506478,999999.9999999999,997621.7614937924,631777.4533181522,997087.8699857115,997087.8699857115
2025-03-06T03:10:00.000+0000,994121.4969082479,700030.9047506478,999999.9999999999,997621.7614937924,631777.4533181522,997087.8699857115,997087.8699857115
2025-03-06T03:20:00.000+0000,994121.4969082479,700030.9047506478,999999.9999999999,997621.7614937924,631777.4533181522,997087.8699857115,997087.8699857115
2025-03-06T03:30:00.000+0000,994121.4969082479,700030.9047506478,999999.9999999999,997621.7614937924,631777.4533181522,997087.8699857115,997087.8699857115
2025-03-06T03:40:00.000+0000,994121.4969082479,700030.9047506478,999999.9999999999,997621.7614937924,631777.4533181522,997087.8699857115,997087.8699857115
2025-03-06T03:50:00.000+0000,994121.4969082479,700030.9047506478,999999.9999999999,997621.7614937924,631777.4533181522,997087.8699857115,997087.8699857115
2025-03-06T04:00:00.000+0000,994121.4969082479,700030.9047506478,999999.9999999999,997621.7614937924,631777.4533181522,997087.8699857115,997087.8699857115
2025-03-06T04:10:00.000+0000,994121.4969082479,700030.9047506478,999999.9999999999,997621.7614937924,631777.4533181522,997087.8699857115,997087.8699857115
2025-03-06T04:20:00.000+0000,994121.4969082479,700030.9047506478,999999.9999999999,997621.7614937924,631777.4533181522,997087.8699857115,997087.8699857115
2025-03-06T04:30:00.000+0000,994121.4969082479,700030.9047506478,999999.9999999999,997621.7614937924,631777.4533181522,997087.8699857115,997087.8699857115
2025-03-06T04:40:00.000+0000,994121.4969082479,700030.9047506478,999999.9999999999,997621.7614937924,631777.4533181522,997087.8699857115,997087.8699857115
2025-03-06T04:50:00.000+0000,994121.4969082479,700030.9047506478,999999.9999999999,997621.7614937924,631777.4533181522,997087.8699857115,997087.8699857115
2025-03-06T05:00:00.000+0000,994121.4969082479,700030.9047506478,999999.9999999999,997621.7614937924,631777.4533181522,997087.8699857115,997087.8699857115
2025-03-06T05:10:00.000+0000,994121.4969082479,700030.9047506478,999999.9999999999,997621.7614937924,631777.4533181522,997087.8699857115,997087.8699857115
2025-03-06T05:20:00.000+0000,994121.4969082479,700030.9047506478,999999.9999999999,997621.7614937924,631777.4533181522,997087.8699857115,997087.8699857115
2025-03-06T05:30:00.000+0000,994121.4969082479,700030.9047506478,999999.9999999999,997621.7614937924,631777.4533181522,997087.8699857115,997087.8699857115
2025-03-06T05:40:00.000+0000,994121.4969082479,700030.9047506478,999999.9999999999,997621.7614937924,631777.4533181522,997087.8699857115,997087.8699857115
2025-03-06T05:50:00.000+0000,994121.4969082479,700030.9047506478,999999.9999999999,997621.7614937924,631777.4533181522,997087.8699857115,997087.8699857115
2025-03-06T06:00:00.000+0000,994121.4969082479,700030.9047506478,999999.9999999999,997621.7614937924,631777.4533181522,997087.8699857115,997087.8699857115
2025-03-06T06:10:00.000+0000,994121.4969082479,700030.9047506478,999999.9999999999,997621.7614937924,631777.4533181522,997087.8699857115,997087.8699857115
2025-03-06T06:20:00.000+0000,994121.4969082479,700030.9047506478,999999.9999999999,997621.7614937924,631777.4533181522,997087.8699857115,997087.8699857115
2025-03-06T06:30:00.000+0000,994121.4969082479,700030.9047506478,999999.9999999999,997621.7614937924,631777.4533181522,997087.8699857115,997087.8699857115
2025-03-06T06:40:00.000+0000,994121.4969082479,700030.9047506478,999999.9999999999,997621.7614937924,631777.4533181522,997087.8699857115,997087.8699857115
2025-03-06T06:50:00.000+0000,994121.4969082479,700030.9047506478,999999.9999999999,997621.7614937924,631777.4533181522,997087.8699857115,997087.8699857115
2025-03-06T07:00:00.000+0000,994121.4969082479,700030.9047506478,999999.9999999999,997621.7614937924,631777.4533181522,997087.8699857115,997087.8699857115
2025-03-06T07:10:00.000+0000,994121.4969082479,700030.9047506478,999999.9999999999,997621.7614937924,631777.4533181522,997087.8699857115,997087.8699857115
2025-03-06T07:20:00.000+0000,994121.4969082479,700030.9047506478,999999.9999999999,997621.7614937924,631777.4533181522,997087.8699857115,997087.8699857115
2025-03-06T07:30:00.000+0000,994121.4969082479,700030.9047506478,999999.9999999999,997621.7614937924,631777.4533181522,997087.8699857115,997087.8699857115
2025-03-06T07:40:00.000+0000,994121.4969082479,700030.9047506478,999999.9999999999,997621.7614937924,631777.4533181522,997087.8699857115,997087.8699857115
2025-03-06T07:50:00.000+0000,994121.4969082479,700030.9047506478,999999.9999999999,997621.7614937924,631777.4533181522,997087.8699857115,997087.8699857115
2025-03-06T08:00:00.000+0000,994121.4969082479,700030.9047506478,999999.9999999999,997621.7614937924,631777.4533181522,997087.8699857115,997087.8699857115
2025-03-06T08:10:00.000+0000,994121.4969082479,700030.9047506478,999999.9999999999,997621.7614937924,631777.4533181522,997087.8699857115,997087.8699857115
2025-03-06T08:20:00.000+0000,994121.4969082479,700030.9047506478,999999.9999999999,997621.7614937924,631777.4533181522,997087.8699857115,997087.8699857115
2025-03-06T08:30:00.000+0000,994121.4969082479,700030.9047506478,999999.9999999999,997621.7614937924,631777.4533181522,997087.8699857115,997087.8699857115
2025-03-06T08:40:00.000+0000,994121.4969082479,700030.9047506478,999999.9999999999,997621.7614937924,631777.4533181522,997087.8699857115,997087.8699857115
2025-03-06T08:50:00.000+0000,994121.4969082479,700030.9047506478,999999.9999999999,997621.7614937924,631777.4533181522,997087.8699857115,997087.8699857115
2025-03-06T09:00:00.000+0000,994121.4969082479,700030.9047506478,999999.9999999999,997621.7614937924,631777.4533181522,997087.8699857115,997087.8699857115
2025-03-06T09:10:00.000+0000,994121.4969082479,700030.9047506478,999999.9999999999,997621.7614937924,631777.4533181522,997087.8699857115,997087.8699857115
2025-03-06T09:20:00.000+0000,994121.4969082479,700030.9047506478,999999.9999999999,997621.7614937924,631777.4533181522,997087.8699857115,997087.8699857115
2025-03-06T09:30:00.000+0000,994121.4969082479,700030.9047506478,999999.9999999999,997621.7614937924,631777.4533181522,997087.8699857115,997087.8699857115
2025-03-06T09:40:00.000+0000,994121.4969082479,700030.9047506478,999999.9999999999,997621.7614937924,631777.4533181522,997087.8699857115,997087.8699857115
2025-03-06T09:50:00.000+0000,994121.4969082479,700030.9047506478,999999.9999999999,997621.7614937924,631777.4533181522,997087.8699857115,997087.8699857115
2025-03-06T10:00:00.000+0000,994121.4969082479,700030.9047506478,999999.9999999999,997621.7614937924,631777.4533181522,997087.8699857115,997087.8699857115
2025-03-06T10:10:00.000+0000,994121.4969082479,700030.9047506478,999999.9999999999,997621.7614937924,631777.4533181522,997087.8699857115,997087.8699857115
2025-03-06T10:20:00.000+0000,994121.4969082479,700030.9047506478,999999.9999999999,997621.7614937924,631777.4533181522,997087.8699857115,997087.8699857115
2025-03-06T10:30:00.000+0000,994121.4969082479,700030.9047506478,999999.9999999999,997621.7614937924,631777.4533181522,997087.8699857115,997087.8699857115
2025-03-06T10:40:00.000+0000,994121.4969082479,700030.9047506478,999999.9999999999,997621.7614937924,631777.4533181522,997087.8699857115,997087.8699857115
2025-03-06T10:50:00.000+0000,994121.4969082479,700030.9047506478,999999.9999999999,997621.7614937924,631777.4533181522,997087.8699857115,997087.8699857115
2025-03-06T11:00:00.000+0000,994121.4969082479,700030.9047506478,999999.9999999999,997621.7614937924,631777.4533181522,997087.8699857115,997087.8699857115
2025-03-06T11:10:00.000+0000,994121.4969082479,700030.9047506478,999999.9999999999,997621.7614937924,631777.4533181522,997087.8699857115,997087.8699857115
2025-03-06T11:20:00.000+0000,994121.4969082479,700030.9047506478,999999.9999999999,997621.7614937924,631777.4533181522,997087.8699857115,997087.8699857115
2025-03-06T11:30:00.000+0000,994121.4969082479,700030.9047506478,999999.9999999999,997621.7614937924,631777.4533181522,997087.8699857115,997087.8699857115
2025-03-06T11:40:00.000+0000,994121.4969082479,700030.9047506478,999999.9999999999,997621.7614937924,631777.4533181522,997087.8699857115,997087.8699857115
2025-03-06T11:50:00.000+0000,994121.4969082479,700030.9047506478,999999.9999999999,997621.7614937924,631777.4533181522,997087.8699857115,997087.8699857115
2025-03-06T12:00:00.000+0000,994121.4969082479,700030.9047506478,999999.9999999999,997621.7614937924,631777.4533181522,997087.8699857115,997087.8699857115
2025-03-06T12:10:00.000+0000,994121.4969082479,700030.9047506478,999999.9999999999,997621.7614937924,631777.4533181522,997087.8699857115,997087.8699857115
2025-03-06T12:20:00.000+0000,994121.4969082479,700030.9047506478,999999.9999999999,997621.7614937924,631777.4533181522,997087.8699857115,997087.8699857115
2025-03-06T12:30:00.000+0000,994121.4969082479,700030.9047506478,999999.9999999999,997621.7614937924,631777.4533181522,997087.8699857115,997087.8699857115
2025-03-06T12:40:00.000+0000,994121.4969082479,700030.9047506478,999999.9999999999,997621.7614937924,631777.4533181522,997087.8699857115,997087.8699857115
2025-03-06T12:50:00.000+0000,994121.4969082479,700030.9047506478,999999.9999999999,997621.7614937924,631777.4533181522,997087.8699857115,997087.8699857115
2025-03-06T13:00:00.000+0000,994121.4969082479,700030.9047506478,999999.9999999999,997621.7614937924,631777.4533181522,997087.8699857115,997087.8699857115
2025-03-06T13:10:00.000+0000,994121.4969082479,700030.9047506478,999999.9999999999,997621.7614937924,631777.4533181522,997087.8699857115,997087.8699857115
2025-03-06T13:20:00.000+0000,994121.4969082479,700030.9047506478,999999.9999999999,997621.7614937924,631777.4533181522,997087.8699857115,997087.8699857115
2025-03-06T13:30:00.000+0000,994121.4969082479,700030.9047506478,999999.9999999999,997621.7614937924,631777.4533181522,997087.8699857115,997087.8699857115
2025-03-06T13:40:00.000+0000,994121.4969082479,700030.9047506478,999999.9999999999,997621.7614937924,631777.4533181522,997087.8699857115,997087.8699857115
2025-03-06T13:50:00.000+0000,994121.4969082479,700030.9047506478,999999.9999999999,997621.7614937924,631777.4533181522,997087.8699857115,997087.8699857115
2025-03-06T14:00:00.000+0000,994121.4969082479,700030.9047506478,999999.9999999999,997621.7614937924,631777.4533181522,997087.8699857115,997087.8699857115
2025-03-06T14:10:00.000+0000,994121.4969082479,700030.9047506478,999999.9999999999,997621.7614937924,631777.4533181522,997087.8699857115,997087.8699857115
2025-03-06T14:20:00.000+0000,994121.4969082479,700030.9047506478,999999.9999999999,997621.7614937924,631777.4533181522,997087.8699857115,997087.8699857115
2025-03-06T14:30:00.000+0000,994121.4969082479,700030.9047506478,999999.9999999999,997621.7614937924,631777.4533181522,997087.8699857115,997087.8699857115
2025-03-06T14:40:00.000+0000,994121.4969082479,700030.9047506478,999999.9999999999,997621.7614937924,631777.4533181522,997087.8699857115,997087.8699857115
2025-03-06T14:50:00.000+0000,994121.4969082479,700030.9047506478,999999.9999999999,997621.7614937924,631777.4533181522,997087.8699857115,997087.8699857115
2025-03-06T15:00:00.000+0000,994121.4969082479,700030.9047506478,999999.9999999999,997621.7614937924,631777.4533181522,997087.8699857115,997087.8699857115
2025-03-06T15:10:00.000+0000,994121.4969082479,700030.9047506478,999999.9999999999,997621.7614937924,631777.4533181522,997087.8699857115,997087.8699857115
2025-03-06T15:20:00.000+0000,994121.4969082479,700030.9047506478,999999.9999999999,997621.7614937924,631777.4533181522,997087.8699857115,997087.8699857115
2025-03-06T15:30:00.000+0000,994121.4969082479,700030.9047506478,999999.9999999999,997621.7614937924,631777.4533181522,997087.8699857115,997087.8699857115
2025-03-06T15:40:00.000+0000,994121.4969082479,700030.9047506478,999999.9999999999,997621.7614937924,631777.4533181522,997087.8699857115,997087.8699857115
2025-03-06T15:50:00.000+0000,994121.4969082479,700030.9047506478,999999.9999999999,997621.7614937924,631777.4533181522,997087.8699857115,997087.8699857115
2025-03-06T16:00:00.000+0000,994121.4969082479,700030.9047506478,999999.9999999999,997621.7614937924,631777.4533181522,997087.8699857115,997087.8699857115
2025-03-06T16:10:00.000+0000,994121.4969082479,700030.9047506478,999999.9999999999,997621.7614937924,631777.4533181522,997087.8699857115,997087.8699857115
2025-03-06T16:20:00.000+0000,994121.4969082479,700030.9047506478,999999.9999999999,997621.7614937924,631777.4533181522,997087.8699857115,997087.8699857115
2025-03-06T16:30:00.000+0000,994121.4969082479,700030.9047506478,999999.9999999999,997621.7614937924,631777.4533181522,997087.8699857115,997087.8699857115
2025-03-06T16:40:00.000+0000,994121.4969082479,700030.9047506478,999999.9999999999,997621.7614937924,631777.4533181522,997087.8699857115,997087.8699857115
2025-03-06T16:50:00.000+0000,994121.4969082479,700030.9047506478,999999.9999999999,997621.7614937924,631777.4533181522,997087.8699857115,997087.8699857115
2025-03-06T17:00:00.000+0000,994121.4969082479,700030.9047506478,999999.9999999999,997621.7614937924,631777.4533181522,997087.8699857115,997087.8699857115
2025-03-06T17:10:00.000+0000,994121.4969082479,700030.9047506478,999999.9999999999,997621.7614937924,631777.4533181522,997087.8699857115,997087.8699857115
2025-03-06T17:20:00.000+0000,994121.4969082479,700030.9047506478,999999.9999999999,997621.7614937924,631777.4533181522,997087.8699857115,997087.8699857115
2025-03-06T17:30:00.000+0000,994121.4969082479,700030.9047506478,999999.9999999999,997621.7614937924,631777.4533181522,997087.8699857115,997087.8699857115
2025-03-06T17:40:00.000+0000,994121.4969082479,700030.9047506478,999999.9999999999,997621.7614937924,631777.4533181522,997087.8699857115,997087.8699857115
2025-03-06T17:50:00.000+0000,994121.4969082479,700030.9047506478,999999.9999999999,997621.7614937924,631777.4533181522,997087.8699857115,997087.8699857115
2025-03-06T18:00:00.000+0000,994121.4969082479,700030.9047506478,999999.9999999999,997621.7614937924,631777.4533181522,997087.8699857115,997087.8699857115
2025-03-06T18:10:00.000+0000,994121.4969082479,700030.9047506478,999999.9999999999,997621.7614937924,631777.4533181522,997087.8699857115,997087.8699857115
2025-03-06T18:20:00.000+0000,994121.4969082479,700030.9047506478,999999.9999999999,997621.7614937924,631777.4533181522,997087.8699857115,997087.8699857115
2025-03-06T18:30:00.000+0000,994121.4969082479,700030.9047506478,999999.9999999999,997621.7614937924,631777.4533181522,997087.8699857115,997087.8699857115
2025-03-06T18:40:00.000+0000,994121.4969082479,700030.9047506478,999999.9999999999,997621.7614937924,631777.4533181522,997087.8699857115,997087.8699857115
2025-03-06T18:50:00.000+0000,994121.4969082479,700030.9047506478,999999.9999999999,997621.7614937924,631777.4533181522,997087.8699857115,997087.8699857115
2025-03-06T19:00:00.000+0000,994121.4969082479,700030.9047506478,999999.9999999999,997621.7614937924,631777.4533181522,997087.8699857115,997087.8699857115
2025-03-06T19:10:00.000+0000,994121.4969082479,700030.9047506478,999999.9999999999,997621.7614937924,631777.4533181522,997087.8699857115,997087.8699857115
2025-03-06T19:20:00.000+0000,994121.4969082479,700030.9047506478,999999.9999999999,997621.7614937924,631777.4533181522,997087.8699857115,997087.8699857115
2025-03-06T19:30:00.000+0000,994121.4969082479,700030.9047506478,999999.9999999999,997621.7614937924,631777.4533181522,997087.8699857115,997087.8699857115
2025-03-06T19:40:00.000+0000,994121.4969082479,700030.9047506478,999999.9999999999,997621.7614937924,631777.4533181522,997087.8699857115,997087.8699857115
2025-03-06T19:50:00.000+0000,994121.4969082479,700030.9047506478,999999.9999999999,997621.7614937924,631777.4533181522,997087.8699857115,997087.8699857115
2025-03-06T20:00:00.000+0000,994121.4969082479,700030.9047506478,999999.9999999999,997621.7614937924,631777.4533181522,997087.8699857115,997087.8699857115
2025-03-06T20:10:00.000+0000,994121.4969082479,700030.9047506478,999999.9999999999,997621.7614937924,631777.4533181522,997087.8699857115,997087.8699857115
2025-03-06T20:20:00.000+0000,994121.4969082479,700030.9047506478,999999.9999999999,997621.7614937924,631777.4533181522,997087.8699857115,997087.8699857115
2025-03-06T20:30:00.000+0000,994121.4969082479,700030.9047506478,999999.9999999999,997621.7614937924,631777.4533181522,997087.8699857115,997087.8699857115
2025-03-06T20:40:00.000+0000,994121.4969082479,700030.9047506478,999999.9999999999,997621.7614937924,631777.4533181522,997087.8699857115,997087.8699857115
2025-03-06T20:50:00.000+0000,994121.4969082479,700030.9047506478,999999.9999999999,997621.7614937924,631777.4533181522,997087.8699857115,997087.8699857115
2025-03-06T21:00:00.000+0000,994121.4969082479,700030.9047506478,999999.9999999999,997621.7614937924,631777.4533181522,997087.8699857115,997087.8699857115
2025-03-06T21:10:00.000+0000,994121.4969082479,700030.9047506478,999999.9999999999,997621.7614937924,631777.4533181522,997087.8699857115,997087.8699857115
2025-03-06T21:20:00.000+0000,994121.4969082479,700030.9047506478,999999.9999999999,997621.7614937924,631777.4533181522,997087.8699857115,997087.8699857115
2025-03-06T21:30:00.000+0000,994121.4969082479,700030.9047506478,999999.9999999999,997621.7614937924,631777.4533181522,997087.8699857115,997087.8699857115
2025-03-06T21:40:00.000+0000,994121.4969082479,700030.9047506478,999999.9999999999,997621.7614937924,631777.4533181522,997087.8699857115,997087.8699857115
2025-03-06T21:50:00.000+0000,994121.4969082479,700030.9047506478,999999.9999999999,997621.7614937924,631777.4533181522,997087.8699857115,997087.8699857115
2025-03-06T22:00:00.000+0000,994121.4969082479,700030.9047506478,999999.9999999999,997621.7614937924,631777.4533181522,997087.8699857115,997087.8699857115
2025-03-06T22:10:00.000+0000,994121.4969082479,700030.9047506478,999999.9999999999,997621.7614937924,631777.4533181522,997087.8699857115,997087.8699857115
2025-03-06T22:20:00.000+0000,994121.4969082479,700030.9047506478,999999.9999999999,997621.7614937924,631777.4533181522,997087.8699857115,997087.8699857115
2025-03-06T22:30:00.000+0000,994121.4969082479,700030.9047506478,999999.9999999999,997621.7614937924,631777.4533181522,997087.8699857115,997087.8699857115
2025-03-06T22:40:00.000+0000,994121.4969082479,700030.9047506478,999999.9999999999,997621.7614937924,631777.4533181522,997087.8699857115,997087.8699857115
2025-03-06T22:50:00.000+0000,994121.4969082479,700030.9047506478,999999.9999999999,997621.7614937924,631777.4533181522,997087.8699857115,997087.8699857115
2025-03-06T23:00:00.000+0000,994121.4969082479,700030.9047506478,999999.9999999999,997621.7614937924,631777.4533181522,997087.8699857115,997087.8699857115
2025-03-06T23:10:00.000+0000,994121.4969082479,700030.9047506478,999999.9999999999,997621.7614937924,631777.4533181522,997087.8699857115,997087.8699857115
2025-03-06T23:20:00.000+0000,994121.4969082479,700030.9047506478,999999.9999999999,997621.7614937924,631777.4533181522,997087.8699857115,997087.8699857115
2025-03-06T23:30:00.000+0000,994121.4969082479,700030.9047506478,999999.9999999999,997621.7614937924,631777.4533181522,997087.8699857115,997087.8699857115
2025-03-06T23:40:00.000+0000,994121.4969082479,700030.9047506478,999999.9999999999,997621.7614937924,631777.4533181522,997087.8699857115,997087.8699857115
2025-03-06T23:50:00.000+0000,994121.4969082479,700030.9047506478,999999.9999999999,997621.7614937924,631777.4533181522,997087.8699857115,997087.8699857115
2025-03-07T00:00:00.000+0000,994121.4969082479,700030.9047506478,999999.9999999999,997621.7614937924,631777.4533181522,997087.8699857115,997087.8699857115
2025-03-07T00:10:00.000+0000,994121.4969082479,700030.9047506478,999999.9999999999,997621.7614937924,631777.4533181522,997087.8699857115,997087.8699857115
2025-03-07T00:20:00.000+0000,994121.4969082479,700030.9047506478,999999.9999999999,997621.7614937924,631777.4533181522,997087.8699857115,997087.8699857115
2025-03-07T00:30:00.000+0000,994121.4969082479,700030.9047506478,999999.9999999999,997621.7614937924,631777.4533181522,997087.8699857115,997087.8699857115
2025-03-07T00:40:00.000+0000,994121.4969082479,700030.9047506478,999999.9999999999,997621.7614937924,631777.4533181522,997087.8699857115,997087.8699857115
2025-03-07T00:50:00.000+0000,994121.4969082479,700030.9047506478,999999.9999999999,997621.7614937924,631777.4533181522,997087.8699857115,997087.8699857115
2025-03-07T01:00:00.000+0000,994121.4969082479,700030.9047506478,999999.9999999999,997621.7614937924,631777.4533181522,997087.8699857115,997087.8699857115
2025-03-07T01:10:00.000+0000,994121.4969082479,700030.9047506478,999999.9999999999,997621.7614937924,631777.4533181522,997087.8699857115,997087.8699857115
2025-03-07T01:20:00.000+0000,994121.4969082479,700030.9047506478,999999.9999999999,997621.7614937924,631777.4533181522,997087.8699857115,997087.8699857115
2025-03-07T01:30:00.000+0000,994121.4969082479,700030.9047506478,999999.9999999999,997621.7614937924,631777.4533181522,997087.8699857115,997087.8699857115
2025-03-07T01:40:00.000+0000,994121.4969082479,700030.9047506478,999999.9999999999,997621.7614937924,631777.4533181522,997087.8699857115,997087.8699857115
2025-03-07T01:50:00.000+0000,994121.4969082479,700030.9047506478,999999.9999999999,997621.7614937924,631777.4533181522,997087.8699857115,997087.8699857115
2025-03-07T02:00:00.000+0000,994121.4969082479,700030.9047506478,999999.9999999999,997621.7614937924,631777.4533181522,997087.8699857115,997087.8699857115
2025-03-07T02:10:00.000+0000,994121.4969082479,700030.9047506478,999999.9999999999,997621.7614937924,631777.4533181522,997087.8699857115,997087.8699857115
2025-03-07T02:20:00.000+0000,994121.4969082479,700030.9047506478,999999.9999999999,997621.7614937924,631777.4533181522,997087.8699857115,997087.8699857115
2025-03-07T02:30:00.000+0000,994121.4969082479,700030.9047506478,999999.9999999999,997621.7614937924,631777.4533181522,997087.8699857115,997087.8699857115
2025-03-07T02:40:00.000+0000,994121.4969082479,700030.9047506478,999999.9999999999,997621.7614937924,631777.4533181522,997087.8699857115,997087.8699857115
2025-03-07T02:50:00.000+0000,994121.4969082479,700030.9047506478,999999.9999999999,997621.7614937924,631777.4533181522,997087.8699857115,997087.8699857115
2025-03-07T03:00:00.000+0000,994121.4969082479,700030.9047506478,999999.9999999999,997621.7614937924,631777.4533181522,997087.8699857115,997087.8699857115
2025-03-07T03:10:00.000+0000,994121.4969082479,700030.9047506478,999999.9999999999,997621.7614937924,631777.4533181522,997087.8699857115,997087.8699857115
2025-03-07T03:20:00.000+0000,994121.4969082479,700030.9047506478,999999.9999999999,997621.7614937924,631777.4533181522,997087.8699857115,997087.8699857115
2025-03-07T03:30:00.000+0000,994121.4969082479,700030.9047506478,999999.9999999999,997621.7614937924,631777.4533181522,997087.8699857115,997087.8699857115
2025-03-07T03:40:00.000+0000,994121.4969082479,700030.9047506478,999999.9999999999,997621.7614937924,631777.4533181522,997087.8699857115,997087.8699857115
2025-03-07T03:50:00.000+0000,994121.4969082479,700030.9047506478,999999.9999999999,997621.7614937924,631777.4533181522,997087.8699857115,997087.8699857115
2025-03-07T04:00:00.000+0000,994121.4969082479,700030.9047506478,999999.9999999999,997621.7614937924,631777.4533181522,997087.8699857115,997087.8699857115
2025-03-07T04:10:00.000+0000,994121.4969082479,700030.9047506478,999999.9999999999,997621.7614937924,631777.4533181522,997087.8699857115,997087.8699857115
2025-03-07T04:20:00.000+0000,994121.4969082479,700030.9047506478,999999.9999999999,997621.7614937924,631777.4533181522,997087.8699857115,997087.8699857115
2025-03-07T04:30:00.000+0000,994121.4969082479,700030.9047506478,999999.9999999999,997621.7614937924,631777.4533181522,997087.8699857115,997087.8699857115
2025-03-07T04:40:00.000+0000,994121.4969082479,700030.9047506478,999999.9999999999,997621.7614937924,631777.4533181522,997087.8699857115,997087.8699857115
2025-03-07T04:50:00.000+0000,994121.4969082479,700030.9047506478,999999.9999999999,997621.7614937924,631777.4533181522,997087.8699857115,997087.8699857115
2025-03-07T05:00:00.000+0000,994121.4969082479,700030.9047506478,999999.9999999999,997621.7614937924,631777.4533181522,997087.8699857115,997087.8699857115
2025-03-07T05:10:00.000+0000,994121.4969082479,700030.9047506478,999999.9999999999,997621.7614937924,631777.4533181522,997087.8699857115,997087.8699857115
2025-03-07T05:20:00.000+0000,994121.4969082479,700030.9047506478,999999.9999999999,997621.7614937924,631777.4533181522,997087.8699857115,997087.8699857115
2025-03-07T05:30:00.000+0000,994121.4969082479,700030.9047506478,999999.9999999999,997621.7614937924,631777.4533181522,997087.8699857115,997087.8699857115
2025-03-07T05:40:00.000+0000,994121.4969082479,700030.9047506478,999999.9999999999,997621.7614937924,631777.4533181522,997087.8699857115,997087.8699857115
2025-03-07T05:50:00.000+0000,994121.4969082479,700030.9047506478,999999.9999999999,997621.7614937924,631777.4533181522,997087.8699857115,997087.8699857115
2025-03-07T06:00:00.000+0000,994121.4969082479,700030.9047506478,999999.9999999999,997621.7614937924,631777.4533181522,997087.8699857115,997087.8699857115
2025-03-07T06:10:00.000+0000,994121.4969082479,700030.9047506478,999999.9999999999,997621.7614937924,631777.4533181522,997087.8699857115,997087.8699857115
2025-03-07T06:20:00.000+0000,994121.4969082479,700030.9047506478,999999.9999999999,997621.7614937924,631777.4533181522,997087.8699857115,997087.8699857115
2025-03-07T06:30:00.000+0000,994121.4969082479,700030.9047506478,999999.9999999999,997621.7614937924,631777.4533181522,997087.8699857115,997087.8699857115
2025-03-07T06:40:00.000+0000,994121.4969082479,700030.9047506478,999999.9999999999,997621.7614937924,631777.4533181522,997087.8699857115,997087.8699857115
2025-03-07T06:50:00.000+0000,994121.4969082479,700030.9047506478,999999.9999999999,997621.7614937924,631777.4533181522,997087.8699857115,997087.8699857115
2025-03-07T07:00:00.000+0000,994121.4969082479,700030.9047506478,999999.9999999999,997621.7614937924,631777.4533181522,997087.8699857115,997087.8699857115
2025-03-07T07:10:00.000+0000,994121.4969082479,700030.9047506478,999999.9999999999,997621.7614937924,631777.4533181522,997087.8699857115,997087.8699857115
2025-03-07T07:20:00.000+0000,994121.4969082479,700030.9047506478,999999.9999999999,997621.7614937924,631777.4533181522,997087.8699857115,997087.8699857115
2025-03-07T07:30:00.000+0000,994121.4969082479,700030.9047506478,999999.9999999999,997621.7614937924,631777.4533181522,997087.8699857115,997087.8699857115
2025-03-07T07:40:00.000+0000,994121.4969082479,700030.9047506478,999999.9999999999,997621.7614937924,631777.4533181522,997087.8699857115,997087.8699857115
2025-03-07T07:50:00.000+0000,994121.4969082479,700030.9047506478,999999.9999999999,997621.7614937924,631777.4533181522,997087.8699857115,997087.8699857115
2025-03-07T08:00:00.000+0000,994121.4969082479,700030.9047506478,999999.9999999999,997621.7614937924,631777.4533181522,997087.8699857115,997087.8699857115
2025-03-07T08:10:00.000+0000,994121.4969082479,700030.9047506478,999999.9999999999,997621.7614937924,631777.4533181522,997087.8699857115,997087.8699857115
2025-03-07T08:20:00.000+0000,994121.4969082479,700030.9047506478,999999.9999999999,997621.7614937924,631777.4533181522,997087.8699857115,997087.8699857115
2025-03-07T08:30:00.000+0000,994121.4969082479,700030.9047506478,999999.9999999999,997621.7614937924,631777.4533181522,997087.8699857115,997087.8699857115
2025-03-07T08:40:00.000+0000,994121.4969082479,700030.9047506478,999999.9999999999,997621.7614937924,631777.4533181522,997087.8699857115,997087.8699857115
2025-03-07T08:50:00.000+0000,994121.4969082479,700030.9047506478,999999.9999999999,997621.7614937924,631777.4533181522,997087.8699857115,997087.8699857115
2025-03-07T09:00:00.000+0000,994121.4969082479,700030.9047506478,999999.9999999999,997621.7614937924,631777.4533181522,997087.8699857115,997087.8699857115
2025-03-07T09:10:00.000+0000,994121.4969082479,700030.9047506478,999999.9999999999,997621.7614937924,631777.4533181522,997087.8699857115,997087.8699857115
2025-03-07T09:20:00.000+0000,994121.4969082479,700030.9047506478,999999.9999999999,997621.7614937924,631777.4533181522,997087.8699857115,997087.8699857115
2025-03-07T09:30:00.000+0000,994121.4969082479,700030.9047506478,999999.9999999999,997621.7614937924,631777.4533181522,997087.8699857115,997087.8699857115
2025-03-07T09:40:00.000+0000,994121.4969082479,700030.9047506478,999999.9999999999,997621.7614937924,631777.4533181522,997087.8699857115,997087.8699857115
2025-03-07T09:50:00.000+0000,994121.4969082479,700030.9047506478,999999.9999999999,997621.7614937924,631777.4533181522,997087.8699857115,997087.8699857115
2025-03-07T10:00:00.000+0000,994121.4969082479,700030.9047506478,999999.9999999999,997621.7614937924,631777.4533181522,997087.8699857115,997087.8699857115
2025-03-07T10:10:00.000+0000,994121.4969082479,700030.9047506478,999999.9999999999,997621.7614937924,631777.4533181522,997087.8699857115,997087.8699857115
2025-03-07T10:20:00.000+0000,994121.4969082479,700030.9047506478,999999.9999999999,997621.7614937924,631777.4533181522,997087.8699857115,997087.8699857115
2025-03-07T10:30:00.000+0000,994121.4969082479,700030.9047506478,999999.9999999999,997621.7614937924,631777.4533181522,997087.8699857115,997087.8699857115
2025-03-07T10:40:00.000+0000,994121.4969082479,700030.9047506478,999999.9999999999,997621.7614937924,631777.4533181522,997087.8699857115,997087.8699857115
2025-03-07T10:50:00.000+0000,994121.4969082479,700030.9047506478,999999.9999999999,997621.7614937924,631777.4533181522,997087.8699857115,997087.8699857115
2025-03-07T11:00:00.000+0000,994121.4969082479,700030.9047506478,999999.9999999999,997621.7614937924,631777.4533181522,997087.8699857115,997087.8699857115
2025-03-07T11:10:00.000+0000,994121.4969082479,700030.9047506478,999999.9999999999,997621.7614937924,631777.4533181522,997087.8699857115,997087.8699857115
2025-03-07T11:20:00.000+0000,994121.4969082479,700030.9047506478,999999.9999999999,997621.7614937924,631777.4533181522,997087.8699857115,997087.8699857115
2025-03-07T11:30:00.000+0000,994121.4969082479,700030.9047506478,999999.9999999999,997621.7614937924,631777.4533181522,997087.8699857115,997087.8699857115
2025-03-07T11:40:00.000+0000,994121.4969082479,700030.9047506478,999999.9999999999,997621.7614937924,631777.4533181522,997087.8699857115,997087.8699857115
2025-03-07T11:50:00.000+0000,994121.4969082479,700030.9047506478,999999.9999999999,997621.7614937924,631777.4533181522,997087.8699857115,997087.8699857115
2025-03-07T12:00:00.000+0000,994121.4969082479,700030.9047506478,999999.9999999999,997621.7614937924,631777.4533181522,997087.8699857115,997087.8699857115
2025-03-07T12:10:00.000+0000,994121.4969082479,700030.9047506478,999999.9999999999,997621.7614937924,631777.4533181522,997087.8699857115,997087.8699857115
2025-03-07T12:20:00.000+0000,994121.4969082479,700030.9047506478,999999.9999999999,997621.7614937924,631777.4533181522,997087.8699857115,997087.8699857115
2025-03-07T12:30:00.000+0000,994121.4969082479,700030.9047506478,999999.9999999999,997621.7614937924,631777.4533181522,997087.8699857115,997087.8699857115
2025-03-07T12:40:00.000+0000,994121.4969082479,700030.9047506478,999999.9999999999,997621.7614937924,631777.4533181522,997087.8699857115,997087.8699857115
2025-03-07T12:50:00.000+0000,994121.4969082479,700030.9047506478,999999.9999999999,997621.7614937924,631777.4533181522,997087.8699857115,997087.8699857115
2025-03-07T13:00:00.000+0000,994121.4969082479,700030.9047506478,999999.9999999999,997621.7614937924,631777.4533181522,997087.8699857115,997087.8699857115
2025-03-07T13:10:00.000+0000,994121.4969082479,700030.9047506478,999999.9999999999,997621.7614937924,631777.4533181522,997087.8699857115,997087.8699857115
2025-03-07T13:20:00.000+0000,994121.4969082479,700030.9047506478,999999.9999999999,997621.7614937924,631777.4533181522,997087.8699857115,997087.8699857115
2025-03-07T13:30:00.000+0000,994121.4969082479,700030.9047506478,999999.9999999999,997621.7614937924,631777.4533181522,997087.8699857115,997087.8699857115
2025-03-07T13:40:00.000+0000,994121.4969082479,700030.9047506478,999999.9999999999,997621.7614937924,631777.4533181522,997087.8699857115,997087.8699857115
2025-03-07T13:50:00.000+0000,994121.4969082479,700030.9047506478,999999.9999999999,997621.7614937924,631777.4533181522,997087.8699857115,997087.8699857115
2025-03-07T14:00:00.000+0000,994121.4969082479,700030.9047506478,999999.9999999999,997621.7614937924,631777.4533181522,997087.8699857115,997087.8699857115
2025-03-07T14:10:00.000+0000,994121.4969082479,700030.9047506478,999999.9999999999,997621.7614937924,631777.4533181522,997087.8699857115,997087.8699857115
2025-03-07T14:20:00.000+0000,994121.4969082479,700030.9047506478,999999.9999999999,997621.7614937924,631777.4533181522,997087.8699857115,997087.8699857115
2025-03-07T14:30:00.000+0000,994121.4969082479,700030.9047506478,999999.9999999999,997621.7614937924,631777.4533181522,997087.8699857115,997087.8699857115
2025-03-07T14:40:00.000+0000,994121.4969082479,700030.9047506478,999999.9999999999,997621.7614937924,631777.4533181522,997087.8699857115,997087.8699857115
2025-03-07T14:50:00.000+0000,994121.4969082479,700030.9047506478,999999.9999999999,997621.7614937924,631777.4533181522,997087.8699857115,997087.8699857115
2025-03-07T15:00:00.000+0000,994121.4969082479,700030.9047506478,999999.9999999999,997621.7614937924,631777.4533181522,997087.8699857115,997087.8699857115
2025-03-07T15:10:00.000+0000,994121.4969082479,700030.9047506478,999999.9999999999,997621.7614937924,631777.4533181522,997087.8699857115,997087.8699857115
2025-03-07T15:20:00.000+0000,994121.4969082479,700030.9047506478,999999.9999999999,997621.7614937924,631777.4533181522,997087.8699857115,997087.8699857115
2025-03-07T15:30:00.000+0000,994121.4969082479,700030.9047506478,999999.9999999999,997621.7614937924,631777.4533181522,997087.8699857115,997087.8699857115
2025-03-07T15:40:00.000+0000,994121.4969082479,700030.9047506478,999999.9999999999,997621.7614937924,631777.4533181522,997087.8699857115,997087.8699857115
2025-03-07T15:50:00.000+0000,994121.4969082479,700030.9047506478,999999.9999999999,997621.7614937924,631777.4533181522,997087.8699857115,997087.8699857115
2025-03-07T16:00:00.000+0000,994121.4969082479,700030.9047506478,999999.9999999999,997621.7614937924,631777.4533181522,997087.8699857115,997087.8699857115
2025-03-07T16:10:00.000+0000,994121.4969082479,700030.9047506478,999999.9999999999,997621.7614937924,631777.4533181522,997087.8699857115,997087.8699857115
2025-03-07T16:20:00.000+0000,994121.4969082479,700030.9047506478,999999.9999999999,997621.7614937924,631777.4533181522,997087.8699857115,997087.8699857115
2025-03-07T16:30:00.000+0000,994121.4969082479,700030.9047506478,999999.9999999999,997621.7614937924,631777.4533181522,997087.8699857115,997087.8699857115
2025-03-07T16:40:00.000+0000,994121.4969082479,700030.9047506478,999999.9999999999,997621.7614937924,631777.4533181522,997087.8699857115,997087.8699857115
2025-03-07T16:50:00.000+0000,994121.4969082479,700030.9047506478,999999.9999999999,997621.7614937924,631777.4533181522,997087.8699857115,997087.8699857115
2025-03-07T17:00:00.000+0000,994121.4969082479,700030.9047506478,999999.9999999999,997621.7614937924,631777.4533181522,997087.8699857115,997087.8699857115
2025-03-07T17:10:00.000+0000,994121.4969082479,700030.9047506478,999999.9999999999,997621.7614937924,631777.4533181522,997087.8699857115,997087.8699857115
2025-03-07T17:20:00.000+0000,994121.4969082479,700030.9047506478,999999.9999999999,997621.7614937924,631777.4533181522,997087.8699857115,997087.8699857115
2025-03-07T17:30:00.000+0000,994121.4969082479,700030.9047506478,999999.9999999999,997621.7614937924,631777.4533181522,997087.8699857115,997087.8699857115
2025-03-07T17:40:00.000+0000,994121.4969082479,700030.9047506478,999999.9999999999,997621.7614937924,631777.4533181522,997087.8699857115,997087.8699857115
2025-03-07T17:50:00.000+0000,994121.4969082479,700030.9047506478,999999.9999999999,997621.7614937924,631777.4533181522,997087.8699857115,997087.8699857115
2025-03-07T18:00:00.000+0000,994121.4969082479,700030.9047506478,999999.9999999999,997621.7614937924,631777.4533181522,997087.8699857115,997087.8699857115
2025-03-07T18:10:00.000+0000,994121.4969082479,700030.9047506478,999999.9999999999,997621.7614937924,631777.4533181522,997087.8699857115,997087.8699857115
2025-03-07T18:20:00.000+0000,994121.4969082479,700030.9047506478,999999.9999999999,997621.7614937924,631777.4533181522,997087.8699857115,997087.8699857115
2025-03-07T18:30:00.000+0000,994121.4969082479,700030.9047506478,999999.9999999999,997621.7614937924,631777.4533181522,997087.8699857115,997087.8699857115
2025-03-07T18:40:00.000+0000,994121.4969082479,700030.9047506478,999999.9999999999,997621.7614937924,631777.4533181522,997087.8699857115,997087.8699857115
2025-03-07T18:50:00.000+0000,994121.4969082479,700030.9047506478,999999.9999999999,997621.7614937924,631777.4533181522,997087.8699857115,997087.8699857115
2025-03-07T19:00:00.000+0000,994121.4969082479,700030.9047506478,999999.9999999999,997621.7614937924,631777.4533181522,997087.8699857115,997087.8699857115
2025-03-07T19:10:00.000+0000,994121.4969082479,700030.9047506478,999999.9999999999,997621.7614937924,631777.4533181522,997087.8699857115,997087.8699857115
2025-03-07T19:20:00.000+0000,994121.4969082479,700030.9047506478,999999.9999999999,997621.7614937924,631777.4533181522,997087.8699857115,997087.8699857115
2025-03-07T19:30:00.000+0000,994121.4969082479,700030.9047506478,999999.9999999999,997621.7614937924,631777.4533181522,997087.8699857115,997087.8699857115
2025-03-07T19:40:00.000+0000,994121.4969082479,700030.9047506478,999999.9999999999,997621.7614937924,631777.4533181522,997087.8699857115,997087.8699857115
2025-03-07T19:50:00.000+0000,994121.4969082479,700030.9047506478,999999.9999999999,997621.7614937924,631777.4533181522,997087.8699857115,997087.8699857115
2025-03-07T20:00:00.000+0000,994121.4969082479,700030.9047506478,999999.9999999999,997621.7614937924,631777.4533181522,997087.8699857115,997087.8699857115
2025-03-07T20:10:00.000+0000,994121.4969082479,700030.9047506478,999999.9999999999,997621.7614937924,631777.4533181522,997087.8699857115,997087.8699857115
2025-03-07T20:20:00.000+0000,994121.4969082479,700030.9047506478,999999.9999999999,997621.7614937924,631777.4533181522,997087.8699857115,997087.8699857115
2025-03-07T20:30:00.000+0000,994121.4969082479,700030.9047506478,999999.9999999999,997621.7614937924,631777.4533181522,997087.8699857115,997087.8699857115
2025-03-07T20:40:00.000+0000,994121.4969082479,700030.9047506478,999999.9999999999,997621.7614937924,631777.4533181522,997087.8699857115,997087.8699857115
2025-03-07T20:50:00.000+0000,994121.4969082479,700030.9047506478,999999.9999999999,997621.7614937924,631777.4533181522,997087.8699857115,997087.8699857115
2025-03-07T21:00:00.000+0000,994121.4969082479,700030.9047506478,999999.9999999999,997621.7614937924,631777.4533181522,997087.8699857115,997087.8699857115
2025-03-07T21:10:00.000+0000,994121.4969082479,700030.9047506478,999999.9999999999,997621.7614937924,631777.4533181522,997087.8699857115,997087.8699857115
2025-03-07T21:20:00.000+0000,994121.4969082479,700030.9047506478,999999.9999999999,997621.7614937924,631777.4533181522,997087.8699857115,997087.8699857115
2025-03-07T21:30:00.000+0000,994121.4969082479,700030.9047506478,999999.9999999999,997621.7614937924,631777.4533181522,997087.8699857115,997087.8699857115
2025-03-07T21:40:00.000+0000,994121.4969082479,700030.9047506478,999999.9999999999,997621.7614937924,631777.4533181522,997087.8699857115,997087.8699857115
2025-03-07T21:50:00.000+0000,994121.4969082479,700030.9047506478,999999.9999999999,997621.7614937924,631777.4533181522,997087.8699857115,997087.8699857115
2025-03-07T22:00:00.000+0000,994121.4969082479,700030.9047506478,999999.9999999999,997621.7614937924,631777.4533181522,997087.8699857115,997087.8699857115
2025-03-07T22:10:00.000+0000,994121.4969082479,700030.9047506478,999999.9999999999,997621.7614937924,631777.4533181522,997087.8699857115,997087.8699857115
2025-03-07T22:20:00.000+0000,994121.4969082479,700030.9047506478,999999.9999999999,997621.7614937924,631777.4533181522,997087.8699857115,997087.8699857115
2025-03-07T22:30:00.000+0000,994121.4969082479,700030.9047506478,999999.9999999999,997621.7614937924,631777.4533181522,997087.8699857115,997087.8699857115
2025-03-07T22:40:00.000+0000,994121.4969082479,700030.9047506478,999999.9999999999,997621.7614937924,631777.4533181522,997087.8699857115,997087.8699857115
2025-03-07T22:50:00.000+0000,994121.4969082479,700030.9047506478,999999.9999999999,997621.7614937924,631777.4533181522,997087.8699857115,997087.8699857115
2025-03-07T23:00:00.000+0000,994121.4969082479,700030.9047506478,999999.9999999999,997621.7614937924,631777.4533181522,997087.8699857115,997087.8699857115
2025-03-07T23:10:00.000+0000,994121.4969082479,700030.9047506478,999999.9999999999,997621.7614937924,631777.4533181522,997087.8699857115,997087.8699857115
2025-03-07T23:20:00.000+0000,994121.4969082479,700030.9047506478,999999.9999999999,997621.7614937924,631777.4533181522,997087.8699857115,997087.8699857115
2025-03-07T23:30:00.000+0000,994121.4969082479,700030.9047506478,999999.9999999999,997621.7614937924,631777.4533181522,997087.8699857115,997087.8699857115
2025-03-07T23:40:00.000+0000,994121.4969082479,700030.9047506478,999999.9999999999,997621.7614937924,631777.4533181522,997087.8699857115,997087.8699857115
2025-03-07T23:50:00.000+0000,994121.4969082479,700030.9047506478,999999.9999999999,997621.7614937924,631777.4533181522,997087.8699857115,997087.8699857115
2025-03-08T00:00:00.000+0000,994121.4969082479,700030.9047506478,999999.9999999999,997621.7614937924,631777.4533181522,997087.8699857115,997087.8699857115
2025-03-08T00:10:00.000+0000,994121.4969082479,700030.9047506478,999999.9999999999,997621.7614937924,631777.4533181522,997087.8699857115,997087.8699857115
2025-03-08T00:20:00.000+0000,994121.4969082479,700030.9047506478,999999.9999999999,997621.7614937924,631777.4533181522,997087.8699857115,997087.8699857115
2025-03-08T00:30:00.000+0000,994121.4969082479,700030.9047506478,999999.9999999999,997621.7614937924,631777.4533181522,997087.8699857115,997087.8699857115
2025-03-08T00:40:00.000+0000,994121.4969082479,700030.9047506478,999999.9999999999,997621.7614937924,631777.4533181522,997087.8699857115,997087.8699857115
2025-03-08T00:50:00.000+0000,994121.4969082479,700030.9047506478,999999.9999999999,997621.7614937924,631777.4533181522,997087.8699857115,997087.8699857115
2025-03-08T01:00:00.000+0000,994121.4969082479,700030.9047506478,999999.9999999999,997621.7614937924,631777.4533181522,997087.8699857115,997087.8699857115
2025-03-08T01:10:00.000+0000,994121.4969082479,700030.9047506478,999999.9999999999,997621.7614937924,631777.4533181522,997087.8699857115,997087.8699857115
2025-03-08T01:20:00.000+0000,994121.4969082479,700030.9047506478,999999.9999999999,997621.7614937924,631777.4533181522,997087.8699857115,997087.8699857115
2025-03-08T01:30:00.000+0000,994121.4969082479,700030.9047506478,999999.9999999999,997621.7614937924,631777.4533181522,997087.8699857115,997087.8699857115
2025-03-08T01:40:00.000+0000,994121.4969082479,700030.9047506478,999999.9999999999,997621.7614937924,631777.4533181522,997087.8699857115,997087.8699857115
2025-03-08T01:50:00.000+0000,994121.4969082479,700030.9047506478,999999.9999999999,997621.7614937924,631777.4533181522,997087.8699857115,997087.8699857115
2025-03-08T02:00:00.000+0000,994121.4969082479,700030.9047506478,999999.9999999999,997621.7614937924,631777.4533181522,997087.8699857115,997087.8699857115
2025-03-08T02:10:00.000+0000,994121.4969082479,700030.9047506478,999999.9999999999,997621.7614937924,631777.4533181522,997087.8699857115,997087.8699857115
2025-03-08T02:20:00.000+0000,994121.4969082479,700030.9047506478,999999.9999999999,997621.7614937924,631777.4533181522,997087.8699857115,997087.8699857115
2025-03-08T02:30:00.000+0000,994121.4969082479,700030.9047506478,999999.9999999999,997621.7614937924,631777.4533181522,997087.8699857115,997087.8699857115
2025-03-08T02:40:00.000+0000,994121.4969082479,700030.9047506478,999999.9999999999,997621.7614937924,631777.4533181522,997087.8699857115,997087.8699857115
2025-03-08T02:50:00.000+0000,994121.4969082479,700030.9047506478,999999.9999999999,997621.7614937924,631777.4533181522,997087.8699857115,997087.8699857115
2025-03-08T03:00:00.000+0000,994121.4969082479,700030.9047506478,999999.9999999999,997621.7614937924,631777.4533181522,997087.8699857115,997087.8699857115
2025-03-08T03:10:00.000+0000,994121.4969082479,700030.9047506478,999999.9999999999,997621.7614937924,631777.4533181522,997087.8699857115,997087.8699857115
2025-03-08T03:20:00.000+0000,994121.4969082479,700030.9047506478,999999.9999999999,997621.7614937924,631777.4533181522,997087.8699857115,997087.8699857115
2025-03-08T03:30:00.000+0000,994121.4969082479,700030.9047506478,999999.9999999999,997621.7614937924,631777.4533181522,997087.8699857115,997087.8699857115
2025-03-08T03:40:00.000+0000,994121.4969082479,700030.9047506478,999999.9999999999,997621.7614937924,631777.4533181522,997087.8699857115,997087.8699857115
2025-03-08T03:50:00.000+0000,994121.4969082479,700030.9047506478,999999.9999999999,997621.7614937924,631777.4533181522,997087.8699857115,997087.8699857115
2025-03-08T04:00:00.000+0000,994121.4969082479,700030.9047506478,999999.9999999999,997621.7614937924,631777.4533181522,997087.8699857115,997087.8699857115
2025-03-08T04:10:00.000+0000,994121.4969082479,700030.9047506478,999999.9999999999,997621.7614937924,631777.4533181522,997087.8699857115,997087.8699857115
2025-03-08T04:20:00.000+0000,994121.4969082479,700030.9047506478,999999.9999999999,997621.7614937924,631777.4533181522,997087.8699857115,997087.8699857115
2025-03-08T04:30:00.000+0000,994121.4969082479,700030.9047506478,999999.9999999999,997621.7614937924,631777.4533181522,997087.8699857115,997087.8699857115
2025-03-08T04:40:00.000+0000,994121.4969082479,700030.9047506478,999999.9999999999,997621.7614937924,631777.4533181522,997087.8699857115,997087.8699857115
2025-03-08T04:50:00.000+0000,994121.4969082479,700030.9047506478,999999.9999999999,997621.7614937924,631777.4533181522,997087.8699857115,997087.8699857115
2025-03-08T05:00:00.000+0000,994121.4969082479,700030.9047506478,999999.9999999999,997621.7614937924,631777.4533181522,997087.8699857115,997087.8699857115
2025-03-08T05:10:00.000+0000,994121.4969082479,700030.9047506478,999999.9999999999,997621.7614937924,631777.4533181522,997087.8699857115,997087.8699857115
2025-03-08T05:20:00.000+0000,994121.4969082479,700030.9047506478,999999.9999999999,997621.7614937924,631777.4533181522,997087.8699857115,997087.8699857115
2025-03-08T05:30:00.000+0000,994121.4969082479,700030.9047506478,999999.9999999999,997621.7614937924,631777.4533181522,997087.8699857115,997087.8699857115
2025-03-08T05:40:00.000+0000,994121.4969082479,700030.9047506478,999999.9999999999,997621.7614937924,631777.4533181522,997087.8699857115,997087.8699857115
2025-03-08T05:50:00.000+0000,994121.4969082479,700030.9047506478,999999.9999999999,997621.7614937924,631777.4533181522,997087.8699857115,997087.8699857115
2025-03-08T06:00:00.000+0000,994121.4969082479,700030.9047506478,999999.9999999999,997621.7614937924,631777.4533181522,997087.8699857115,997087.8699857115
2025-03-08T06:10:00.000+0000,994121.4969082479,700030.9047506478,999999.9999999999,997621.7614937924,631777.4533181522,997087.8699857115,997087.8699857115
2025-03-08T06:20:00.000+0000,994121.4969082479,700030.9047506478,999999.9999999999,997621.7614937924,631777.4533181522,997087.8699857115,997087.8699857115
2025-03-08T06:30:00.000+0000,994121.4969082479,700030.9047506478,999999.9999999999,997621.7614937924,631777.4533181522,997087.8699857115,997087.8699857115
2025-03-08T06:40:00.000+0000,994121.4969082479,700030.9047506478,999999.9999999999,997621.7614937924,631777.4533181522,997087.8699857115,997087.8699857115
2025-03-08T06:50:00.000+0000,994121.4969082479,700030.9047506478,999999.9999999999,997621.7614937924,631777.4533181522,997087.8699857115,997087.8699857115
2025-03-08T07:00:00.000+0000,994121.4969082479,700030.9047506478,999999.9999999999,997621.7614937924,631777.4533181522,997087.8699857115,997087.8699857115
2025-03-08T07:10:00.000+0000,994121.4969082479,700030.9047506478,999999.9999999999,997621.7614937924,631777.4533181522,997087.8699857115,997087.8699857115
2025-03-08T07:20:00.000+0000,994121.4969082479,700030.9047506478,999999.9999999999,997621.7614937924,631777.4533181522,997087.8699857115,997087.8699857115
2025-03-08T07:30:00.000+0000,994121.4969082479,700030.9047506478,999999.9999999999,997621.7614937924,631777.4533181522,997087.8699857115,997087.8699857115
2025-03-08T07:40:00.000+0000,994121.4969082479,700030.9047506478,999999.9999999999,997621.7614937924,631777.4533181522,997087.8699857115,997087.8699857115
2025-03-08T07:50:00.000+0000,994121.4969082479,700030.9047506478,999999.9999999999,997621.7614937924,631777.4533181522,997087.8699857115,997087.8699857115
2025-03-08T08:00:00.000+0000,994121.4969082479,700030.9047506478,999999.9999999999,997621.7614937924,631777.4533181522,997087.8699857115,997087.8699857115
2025-03-08T08:10:00.000+0000,994121.4969082479,700030.9047506478,999999.9999999999,997621.7614937924,631777.4533181522,997087.8699857115,997087.8699857115
2025-03-08T08:20:00.000+0000,994121.4969082479,700030.9047506478,999999.9999999999,997621.7614937924,631777.4533181522,997087.8699857115,997087.8699857115
2025-03-08T08:30:00.000+0000,994121.4969082479,700030.9047506478,999999.9999999999,997621.7614937924,631777.4533181522,997087.8699857115,997087.8699857115
2025-03-08T08:40:00.000+0000,994121.4969082479,700030.9047506478,999999.9999999999,997621.7614937924,631777.4533181522,997087.8699857115,997087.8699857115
2025-03-08T08:50:00.000+0000,994121.4969082479,700030.9047506478,999999.9999999999,997621.7614937924,631777.4533181522,997087.8699857115,997087.8699857115
2025-03-08T09:00:00.000+0000,994121.4969082479,700030.9047506478,999999.9999999999,997621.7614937924,631777.4533181522,997087.8699857115,997087.8699857115
2025-03-08T09:10:00.000+0000,994121.4969082479,700030.9047506478,999999.9999999999,997621.7614937924,631777.4533181522,997087.8699857115,997087.8699857115
2025-03-08T09:20:00.000+0000,994121.4969082479,700030.9047506478,999999.9999999999,997621.7614937924,631777.4533181522,997087.8699857115,997087.8699857115
2025-03-08T09:30:00.000+0000,994121.4969082479,700030.9047506478,999999.9999999999,997621.7614937924,631777.4533181522,997087.8699857115,997087.8699857115
2025-03-08T09:40:00.000+0000,994121.4969082479,700030.9047506478,999999.9999999999,997621.7614937924,631777.4533181522,997087.8699857115,997087.8699857115
2025-03-08T09:50:00.000+0000,994121.4969082479,700030.9047506478,999999.9999999999,997621.7614937924,631777.4533181522,997087.8699857115,997087.8699857115
2025-03-08T10:00:00.000+0000,994121.4969082479,700030.9047506478,999999.9999999999,997621.7614937924,631777.4533181522,997087.8699857115,997087.8699857115
2025-03-08T10:10:00.000+0000,994121.4969082479,700030.9047506478,999999.9999999999,997621.7614937924,631777.4533181522,997087.8699857115,997087.8699857115
2025-03-08T10:20:00.000+0000,994121.4969082479,700030.9047506478,999999.9999999999,997621.7614937924,631777.4533181522,997087.8699857115,997087.8699857115
2025-03-08T10:30:00.000+0000,994121.4969082479,700030.9047506478,999999.9999999999,997621.7614937924,631777.4533181522,997087.8699857115,997087.8699857115
2025-03-08T10:40:00.000+0000,994121.4969082479,700030.9047506478,999999.9999999999,997621.7614937924,631777.4533181522,997087.8699857115,997087.8699857115
2025-03-08T10:50:00.000+0000,994121.4969082479,700030.9047506478,999999.9999999999,997621.7614937924,631777.4533181522,997087.8699857115,997087.8699857115
2025-03-08T11:00:00.000+0000,994121.4969082479,700030.9047506478,999999.9999999999,997621.7614937924,631777.4533181522,997087.8699857115,997087.8699857115
2025-03-08T11:10:00.000+0000,994121.4969082479,700030.9047506478,999999.9999999999,997621.7614937924,631777.4533181522,997087.8699857115,997087.8699857115
2025-03-08T11:20:00.000+0000,994121.4969082479,700030.9047506478,999999.9999999999,997621.7614937924,631777.4533181522,997087.8699857115,997087.8699857115
2025-03-08T11:30:00.000+0000,994121.4969082479,700030.9047506478,999999.9999999999,997621.7614937924,631777.4533181522,997087.8699857115,997087.8699857115
2025-03-08T11:40:00.000+0000,994121.4969082479,700030.9047506478,999999.9999999999,997621.7614937924,631777.4533181522,997087.8699857115,997087.8699857115
2025-03-08T11:50:00.000+0000,994121.4969082479,700030.9047506478,999999.9999999999,997621.7614937924,631777.4533181522,997087.8699857115,997087.8699857115
2025-03-08T12:00:00.000+0000,994121.4969082479,700030.9047506478,999999.9999999999,997621.7614937924,631777.4533181522,997087.8699857115,997087.8699857115
2025-03-08T12:10:00.000+0000,994121.4969082479,700030.9047506478,999999.9999999999,997621.7614937924,631777.4533181522,997087.8699857115,997087.8699857115
2025-03-08T12:20:00.000+0000,994121.4969082479,700030.9047506478,999999.9999999999,997621.7614937924,631777.4533181522,997087.8699857115,997087.8699857115
2025-03-08T12:30:00.000+0000,994121.4969082479,700030.9047506478,999999.9999999999,997621.7614937924,631777.4533181522,997087.8699857115,997087.8699857115
2025-03-08T12:40:00.000+0000,994121.4969082479,700030.9047506478,999999.9999999999,997621.7614937924,631777.4533181522,997087.8699857115,997087.8699857115
2025-03-08T12:50:00.000+0000,994121.4969082479,700030.9047506478,999999.9999999999,997621.7614937924,631777.4533181522,997087.8699857115,997087.8699857115
2025-03-08T13:00:00.000+0000,994121.4969082479,700030.9047506478,999999.9999999999,997621.7614937924,631777.4533181522,997087.8699857115,997087.8699857115
2025-03-08T13:10:00.000+0000,994121.4969082479,700030.9047506478,999999.9999999999,997621.7614937924,631777.4533181522,997087.8699857115,997087.8699857115
2025-03-08T13:20:00.000+0000,994121.4969082479,700030.9047506478,999999.9999999999,997621.7614937924,631777.4533181522,997087.8699857115,997087.8699857115
2025-03-08T13:30:00.000+0000,994121.4969082479,700030.9047506478,999999.9999999999,997621.7614937924,631777.4533181522,997087.8699857115,997087.8699857115
2025-03-08T13:40:00.000+0000,994121.4969082479,700030.9047506478,999999.9999999999,997621.7614937924,631777.4533181522,997087.8699857115,997087.8699857115
2025-03-08T13:50:00.000+0000,994121.4969082479,700030.9047506478,999999.9999999999,997621.7614937924,631777.4533181522,997087.8699857115,997087.8699857115
2025-03-08T14:00:00.000+0000,994121.4969082479,700030.9047506478,999999.9999999999,997621.7614937924,631777.4533181522,997087.8699857115,997087.8699857115
2025-03-08T14:10:00.000+0000,994121.4969082479,700030.9047506478,999999.9999999999,997621.7614937924,631777.4533181522,997087.8699857115,997087.8699857115
2025-03-08T14:20:00.000+0000,994121.4969082479,700030.9047506478,999999.9999999999,997621.7614937924,631777.4533181522,997087.8699857115,997087.8699857115
2025-03-08T14:30:00.000+0000,994121.4969082479,700030.9047506478,999999.9999999999,997621.7614937924,631777.4533181522,997087.8699857115,997087.8699857115
2025-03-08T14:40:00.000+0000,994121.4969082479,700030.9047506478,999999.9999999999,997621.7614937924,631777.4533181522,997087.8699857115,997087.8699857115
2025-03-08T14:50:00.000+0000,994121.4969082479,700030.9047506478,999999.9999999999,997621.7614937924,631777.4533181522,997087.8699857115,997087.8699857115
2025-03-08T15:00:00.000+0000,994121.4969082479,700030.9047506478,999999.9999999999,997621.7614937924,631777.4533181522,997087.8699857115,997087.8699857115
2025-03-08T15:10:00.000+0000,994121.4969082479,700030.9047506478,999999.9999999999,997621.7614937924,631777.4533181522,997087.8699857115,997087.8699857115
2025-03-08T15:20:00.000+0000,994121.4969082479,700030.9047506478,999999.9999999999,997621.7614937924,631777.4533181522,997087.8699857115,997087.8699857115
2025-03-08T15:30:00.000+0000,994121.4969082479,700030.9047506478,999999.9999999999,997621.7614937924,631777.4533181522,997087.8699857115,997087.8699857115
2025-03-08T15:40:00.000+0000,994121.4969082479,700030.9047506478,999999.9999999999,997621.7614937924,631777.4533181522,997087.8699857115,997087.8699857115
2025-03-08T15:50:00.000+0000,994121.4969082479,700030.9047506478,999999.9999999999,997621.7614937924,631777.4533181522,997087.8699857115,997087.8699857115
2025-03-08T16:00:00.000+0000,994121.4969082479,700030.9047506478,999999.9999999999,997621.7614937924,631777.4533181522,997087.8699857115,997087.8699857115
2025-03-08T16:10:00.000+0000,994121.4969082479,700030.9047506478,999999.9999999999,997621.7614937924,631777.4533181522,997087.8699857115,997087.8699857115
2025-03-08T16:20:00.000+0000,994121.4969082479,700030.9047506478,999999.9999999999,997621.7614937924,631777.4533181522,997087.8699857115,997087.8699857115
2025-03-08T16:30:00.000+0000,994121.4969082479,700030.9047506478,999999.9999999999,997621.7614937924,631777.4533181522,997087.8699857115,997087.8699857115
2025-03-08T16:40:00.000+0000,994121.4969082479,700030.9047506478,999999.9999999999,997621.7614937924,631777.4533181522,997087.8699857115,997087.8699857115
2025-03-08T16:50:00.000+0000,994121.4969082479,700030.9047506478,999999.9999999999,997621.7614937924,631777.4533181522,997087.8699857115,997087.8699857115
2025-03-08T17:00:00.000+0000,994121.4969082479,700030.9047506478,999999.9999999999,997621.7614937924,631777.4533181522,997087.8699857115,997087.8699857115
2025-03-08T17:10:00.000+0000,994121.4969082479,700030.9047506478,999999.9999999999,997621.7614937924,631777.4533181522,997087.8699857115,997087.8699857115
2025-03-08T17:20:00.000+0000,994121.4969082479,700030.9047506478,999999.9999999999,997621.7614937924,631777.4533181522,997087.8699857115,997087.8699857115
2025-03-08T17:30:00.000+0000,994121.4969082479,700030.9047506478,999999.9999999999,997621.7614937924,631777.4533181522,997087.8699857115,997087.8699857115
2025-03-08T17:40:00.000+0000,994121.4969082479,700030.9047506478,999999.9999999999,997621.7614937924,631777.4533181522,997087.8699857115,997087.8699857115
2025-03-08T17:50:00.000+0000,994121.4969082479,700030.9047506478,999999.9999999999,997621.7614937924,631777.4533181522,997087.8699857115,997087.8699857115
2025-03-08T18:00:00.000+0000,994121.4969082479,700030.9047506478,999999.9999999999,997621.7614937924,631777.4533181522,997087.8699857115,997087.8699857115
2025-03-08T18:10:00.000+0000,994121.4969082479,700030.9047506478,999999.9999999999,997621.7614937924,631777.4533181522,997087.8699857115,997087.8699857115
2025-03-08T18:20:00.000+0000,994121.4969082479,700030.9047506478,999999.9999999999,997621.7614937924,631777.4533181522,997087.8699857115,997087.8699857115
2025-03-08T18:30:00.000+0000,994121.4969082479,700030.9047506478,999999.9999999999,997621.7614937924,631777.4533181522,997087.8699857115,997087.8699857115
2025-03-08T18:40:00.000+0000,994121.4969082479,700030.9047506478,999999.9999999999,997621.7614937924,631777.4533181522,997087.8699857115,997087.8699857115
2025-03-08T18:50:00.000+0000,994121.4969082479,700030.9047506478,999999.9999999999,997621.7614937924,631777.4533181522,997087.8699857115,997087.8699857115
2025-03-08T19:00:00.000+0000,994121.4969082479,700030.9047506478,999999.9999999999,997621.7614937924,631777.4533181522,997087.8699857115,997087.8699857115
2025-03-08T19:10:00.000+0000,994121.4969082479,700030.9047506478,999999.9999999999,997621.7614937924,631777.4533181522,997087.8699857115,997087.8699857115
2025-03-08T19:20:00.000+0000,994121.4969082479,700030.9047506478,999999.9999999999,997621.7614937924,631777.4533181522,997087.8699857115,997087.8699857115
2025-03-08T19:30:00.000+0000,994121.4969082479,700030.9047506478,999999.9999999999,997621.7614937924,631777.4533181522,997087.8699857115,997087.8699857115
2025-03-08T19:40:00.000+0000,994121.4969082479,700030.9047506478,999999.9999999999,997621.7614937924,631777.4533181522,997087.8699857115,997087.8699857115
2025-03-08T19:50:00.000+0000,994121.4969082479,700030.9047506478,999999.9999999999,997621.7614937924,631777.4533181522,997087.8699857115,997087.8699857115
2025-03-08T20:00:00.000+0000,994121.4969082479,700030.9047506478,999999.9999999999,997621.7614937924,631777.4533181522,997087.8699857115,997087.8699857115
2025-03-08T20:10:00.000+0000,994121.4969082479,700030.9047506478,999999.9999999999,997621.7614937924,631777.4533181522,997087.8699857115,997087.8699857115
2025-03-08T20:20:00.000+0000,994121.4969082479,700030.9047506478,999999.9999999999,997621.7614937924,631777.4533181522,997087.8699857115,997087.8699857115
2025-03-08T20:30:00.000+0000,994121.4969082479,700030.9047506478,999999.9999999999,997621.7614937924,631777.4533181522,997087.8699857115,997087.8699857115
2025-03-08T20:40:00.000+0000,994121.4969082479,700030.9047506478,999999.9999999999,997621.7614937924,631777.4533181522,997087.8699857115,997087.8699857115
2025-03-08T20:50:00.000+0000,994121.4969082479,700030.9047506478,999999.9999999999,997621.7614937924,631777.4533181522,997087.8699857115,997087.8699857115
2025-03-08T21:00:00.000+0000,994121.4969082479,700030.9047506478,999999.9999999999,997621.7614937924,631777.4533181522,997087.8699857115,997087.8699857115
2025-03-08T21:10:00.000+0000,994121.4969082479,700030.9047506478,999999.9999999999,997621.7614937924,631777.4533181522,997087.8699857115,997087.8699857115
2025-03-08T21:20:00.000+0000,994121.4969082479,700030.9047506478,999999.9999999999,997621.7614937924,631777.4533181522,997087.8699857115,997087.8699857115
2025-03-08T21:30:00.000+0000,994121.4969082479,700030.9047506478,999999.9999999999,997621.7614937924,631777.4533181522,997087.8699857115,997087.8699857115
2025-03-08T21:40:00.000+0000,994121.4969082479,700030.9047506478,999999.9999999999,997621.7614937924,631777.4533181522,997087.8699857115,997087.8699857115
2025-03-08T21:50:00.000+0000,994121.4969082479,700030.9047506478,999999.9999999999,997621.7614937924,631777.4533181522,997087.8699857115,997087.8699857115
2025-03-08T22:00:00.000+0000,994121.4969082479,700030.9047506478,999999.9999999999,997621.7614937924,631777.4533181522,997087.8699857115,997087.8699857115
2025-03-08T22:10:00.000+0000,994121.4969082479,700030.9047506478,999999.9999999999,997621.7614937924,631777.4533181522,997087.8699857115,997087.8699857115
2025-03-08T22:20:00.000+0000,994121.4969082479,700030.9047506478,999999.9999999999,997621.7614937924,631777.4533181522,997087.8699857115,997087.8699857115
2025-03-08T22:30:00.000+0000,994121.4969082479,700030.9047506478,999999.9999999999,997621.7614937924,631777.4533181522,997087.8699857115,997087.8699857115
2025-03-08T22:40:00.000+0000,994121.4969082479,700030.9047506478,999999.9999999999,997621.7614937924,631777.4533181522,997087.8699857115,997087.8699857115
2025-03-08T22:50:00.000+0000,994121.4969082479,700030.9047506478,999999.9999999999,997621.7614937924,631777.4533181522,997087.8699857115,997087.8699857115
2025-03-08T23:00:00.000+0000,994121.4969082479,700030.9047506478,999999.9999999999,997621.7614937924,631777.4533181522,997087.8699857115,997087.8699857115
2025-03-08T23:10:00.000+0000,994121.4969082479,700030.9047506478,999999.9999999999,997621.7614937924,631777.4533181522,997087.8699857115,997087.8699857115
2025-03-08T23:20:00.000+0000,994121.4969082479,700030.9047506478,999999.9999999999,997621.7614937924,631777.4533181522,997087.8699857115,997087.8699857115
2025-03-08T23:30:00.000+0000,994121.4969082479,700030.9047506478,999999.9999999999,997621.7614937924,631777.4533181522,997087.8699857115,997087.8699857115
2025-03-08T23:40:00.000+0000,994121.4969082479,700030.9047506478,999999.9999999999,997621.7614937924,631777.4533181522,997087.8699857115,997087.8699857115
2025-03-08T23:50:00.000+0000,994121.4969082479,700030.9047506478,999999.9999999999,997621.7614937924,631777.4533181522,997087.8699857115,997087.8699857115
2025-03-09T00:00:00.000+0000,994121.4969082479,700030.9047506478,999999.9999999999,997621.7614937924,631777.4533181522,997087.8699857115,997087.8699857115
2025-03-09T00:10:00.000+0000,994121.4969082479,700030.9047506478,999999.9999999999,997621.7614937924,631777.4533181522,997087.8699857115,997087.8699857115
2025-03-09T00:20:00.000+0000,994121.4969082479,700030.9047506478,999999.9999999999,997621.7614937924,631777.4533181522,997087.8699857115,997087.8699857115
2025-03-09T00:30:00.000+0000,994121.4969082479,700030.9047506478,999999.9999999999,997621.7614937924,631777.4533181522,997087.8699857115,997087.8699857115
2025-03-09T00:40:00.000+0000,994121.4969082479,700030.9047506478,999999.9999999999,997621.7614937924,631777.4533181522,997087.8699857115,997087.8699857115
2025-03-09T00:50:00.000+0000,994121.4969082479,700030.9047506478,999999.9999999999,997621.7614937924,631777.4533181522,997087.8699857115,997087.8699857115
2025-03-09T01:00:00.000+0000,994121.4969082479,700030.9047506478,999999.9999999999,997621.7614937924,631777.4533181522,997087.8699857115,997087.8699857115
2025-03-09T01:10:00.000+0000,994121.4969082479,700030.9047506478,999999.9999999999,997621.7614937924,631777.4533181522,997087.8699857115,997087.8699857115
2025-03-09T01:20:00.000+0000,994121.4969082479,700030.9047506478,999999.9999999999,997621.7614937924,631777.4533181522,997087.8699857115,997087.8699857115
2025-03-09T01:30:00.000+0000,994121.4969082479,700030.9047506478,999999.9999999999,997621.7614937924,631777.4533181522,997087.8699857115,997087.8699857115
2025-03-09T01:40:00.000+0000,994121.4969082479,700030.9047506478,999999.9999999999,997621.7614937924,631777.4533181522,997087.8699857115,997087.8699857115
2025-03-09T01:50:00.000+0000,994121.4969082479,700030.9047506478,999999.9999999999,997621.7614937924,631777.4533181522,997087.8699857115,997087.8699857115
2025-03-09T02:00:00.000+0000,994121.4969082479,700030.9047506478,999999.9999999999,997621.7614937924,631777.4533181522,997087.8699857115,997087.8699857115
2025-03-09T02:10:00.000+0000,994121.4969082479,700030.9047506478,999999.9999999999,997621.7614937924,631777.4533181522,997087.8699857115,997087.8699857115
2025-03-09T02:20:00.000+0000,994121.4969082479,700030.9047506478,999999.9999999999,997621.7614937924,631777.4533181522,997087.8699857115,997087.8699857115
2025-03-09T02:30:00.000+0000,994121.4969082479,700030.9047506478,999999.9999999999,997621.7614937924,631777.4533181522,997087.8699857115,997087.8699857115
2025-03-09T02:40:00.000+0000,994121.4969082479,700030.9047506478,999999.9999999999,997621.7614937924,631777.4533181522,997087.8699857115,997087.8699857115
2025-03-09T02:50:00.000+0000,994121.4969082479,700030.9047506478,999999.9999999999,997621.7614937924,631777.4533181522,997087.8699857115,997087.8699857115
2025-03-09T03:00:00.000+0000,994121.4969082479,700030.9047506478,999999.9999999999,997621.7614937924,631777.4533181522,997087.8699857115,997087.8699857115
2025-03-09T03:10:00.000+0000,994121.4969082479,700030.9047506478,999999.9999999999,997621.7614937924,631777.4533181522,997087.8699857115,997087.8699857115
2025-03-09T03:20:00.000+0000,994121.4969082479,700030.9047506478,999999.9999999999,997621.7614937924,631777.4533181522,997087.8699857115,997087.8699857115
2025-03-09T03:30:00.000+0000,994121.4969082479,700030.9047506478,999999.9999999999,997621.7614937924,631777.4533181522,997087.8699857115,997087.8699857115
2025-03-09T03:40:00.000+0000,994121.4969082479,700030.9047506478,999999.9999999999,997621.7614937924,631777.4533181522,997087.8699857115,997087.8699857115
2025-03-09T03:50:00.000+0000,994121.4969082479,700030.9047506478,999999.9999999999,997621.7614937924,631777.4533181522,997087.8699857115,997087.8699857115
2025-03-09T04:00:00.000+0000,994121.4969082479,700030.9047506478,999999.9999999999,997621.7614937924,631777.4533181522,997087.8699857115,997087.8699857115
2025-03-09T04:10:00.000+0000,994121.4969082479,700030.9047506478,999999.9999999999,997621.7614937924,631777.4533181522,997087.8699857115,997087.8699857115
2025-03-09T04:20:00.000+0000,994121.4969082479,700030.9047506478,999999.9999999999,997621.7614937924,631777.4533181522,997087.8699857115,997087.8699857115
2025-03-09T04:30:00.000+0000,994121.4969082479,700030.9047506478,999999.9999999999,997621.7614937924,631777.4533181522,997087.8699857115,997087.8699857115
2025-03-09T04:40:00.000+0000,994121.4969082479,700030.9047506478,999999.9999999999,997621.7614937924,631777.4533181522,997087.8699857115,997087.8699857115
2025-03-09T04:50:00.000+0000,994121.4969082479,700030.9047506478,999999.9999999999,997621.7614937924,631777.4533181522,997087.8699857115,997087.8699857115
2025-03-09T05:00:00.000+0000,994121.4969082479,700030.9047506478,999999.9999999999,997621.7614937924,631777.4533181522,997087.8699857115,997087.8699857115
2025-03-09T05:10:00.000+0000,994121.4969082479,700030.9047506478,999999.9999999999,997621.7614937924,631777.4533181522,997087.8699857115,997087.8699857115
2025-03-09T05:20:00.000+0000,994121.4969082479,700030.9047506478,999999.9999999999,997621.7614937924,631777.4533181522,997087.8699857115,997087.8699857115
2025-03-09T05:30:00.000+0000,994121.4969082479,700030.9047506478,999999.9999999999,997621.7614937924,631777.4533181522,997087.8699857115,997087.8699857115
2025-03-09T05:40:00.000+0000,994121.4969082479,700030.9047506478,999999.9999999999,997621.7614937924,631777.4533181522,997087.8699857115,997087.8699857115
2025-03-09T05:50:00.000+0000,994121.4969082479,700030.9047506478,999999.9999999999,997621.7614937924,631777.4533181522,997087.8699857115,997087.8699857115
2025-03-09T06:00:00.000+0000,994121.4969082479,700030.9047506478,999999.9999999999,997621.7614937924,631777.4533181522,997087.8699857115,997087.8699857115
2025-03-09T06:10:00.000+0000,994121.4969082479,700030.9047506478,999999.9999999999,997621.7614937924,631777.4533181522,997087.8699857115,997087.8699857115
2025-03-09T06:20:00.000+0000,994121.4969082479,700030.9047506478,999999.9999999999,997621.7614937924,631777.4533181522,997087.8699857115,997087.8699857115
2025-03-09T06:30:00.000+0000,994121.4969082479,700030.9047506478,999999.9999999999,997621.7614937924,631777.4533181522,997087.8699857115,997087.8699857115
2025-03-09T06:40:00.000+0000,994121.4969082479,700030.9047506478,999999.9999999999,997621.7614937924,631777.4533181522,997087.8699857115,997087.8699857115
2025-03-09T06:50:00.000+0000,994121.4969082479,700030.9047506478,999999.9999999999,997621.7614937924,631777.4533181522,997087.8699857115,997087.8699857115
2025-03-09T07:00:00.000+0000,994121.4969082479,700030.9047506478,999999.9999999999,997621.7614937924,631777.4533181522,997087.8699857115,997087.8699857115
2025-03-09T07:10:00.000+0000,994121.4969082479,700030.9047506478,999999.9999999999,997621.7614937924,631777.4533181522,997087.8699857115,997087.8699857115
2025-03-09T07:20:00.000+0000,994121.4969082479,700030.9047506478,999999.9999999999,997621.7614937924,631777.4533181522,997087.8699857115,997087.8699857115
2025-03-09T07:30:00.000+0000,994121.4969082479,700030.9047506478,999999.9999999999,997621.7614937924,631777.4533181522,997087.8699857115,997087.8699857115
2025-03-09T07:40:00.000+0000,994121.4969082479,700030.9047506478,999999.9999999999,997621.7614937924,631777.4533181522,997087.8699857115,997087.8699857115
2025-03-09T07:50:00.000+0000,994121.4969082479,700030.9047506478,999999.9999999999,997621.7614937924,631777.4533181522,997087.8699857115,997087.8699857115
2025-03-09T08:00:00.000+0000,994121.4969082479,700030.9047506478,999999.9999999999,997621.7614937924,631777.4533181522,997087.8699857115,997087.8699857115
2025-03-09T08:10:00.000+0000,994121.4969082479,700030.9047506478,999999.9999999999,997621.7614937924,631777.4533181522,997087.8699857115,997087.8699857115
2025-03-09T08:20:00.000+0000,994121.4969082479,700030.9047506478,999999.9999999999,997621.7614937924,631777.4533181522,997087.8699857115,997087.8699857115
2025-03-09T08:30:00.000+0000,994121.4969082479,700030.9047506478,999999.9999999999,997621.7614937924,631777.4533181522,997087.8699857115,997087.8699857115
2025-03-09T08:40:00.000+0000,994121.4969082479,700030.9047506478,999999.9999999999,997621.7614937924,631777.4533181522,997087.8699857115,997087.8699857115
2025-03-09T08:50:00.000+0000,994121.4969082479,700030.9047506478,999999.9999999999,997621.7614937924,631777.4533181522,997087.8699857115,997087.8699857115
2025-03-09T09:00:00.000+0000,994121.4969082479,700030.9047506478,999999.9999999999,997621.7614937924,631777.4533181522,997087.8699857115,997087.8699857115
2025-03-09T09:10:00.000+0000,994121.4969082479,700030.9047506478,999999.9999999999,997621.7614937924,631777.4533181522,997087.8699857115,997087.8699857115
2025-03-09T09:20:00.000+0000,994121.4969082479,700030.9047506478,999999.9999999999,997621.7614937924,631777.4533181522,997087.8699857115,997087.8699857115
2025-03-09T09:30:00.000+0000,994121.4969082479,700030.9047506478,999999.9999999999,997621.7614937924,631777.4533181522,997087.8699857115,997087.8699857115
2025-03-09T09:40:00.000+0000,994121.4969082479,700030.9047506478,999999.9999999999,997621.7614937924,631777.4533181522,997087.8699857115,997087.8699857115
2025-03-09T09:50:00.000+0000,994121.4969082479,700030.9047506478,999999.9999999999,997621.7614937924,631777.4533181522,997087.8699857115,997087.8699857115
2025-03-09T10:00:00.000+0000,994121.4969082479,700030.9047506478,999999.9999999999,997621.7614937924,631777.4533181522,997087.8699857115,997087.8699857115
2025-03-09T10:10:00.000+0000,994121.4969082479,700030.9047506478,999999.9999999999,997621.7614937924,631777.4533181522,997087.8699857115,997087.8699857115
2025-03-09T10:20:00.000+0000,994121.4969082479,700030.9047506478,999999.9999999999,997621.7614937924,631777.4533181522,997087.8699857115,997087.8699857115
2025-03-09T10:30:00.000+0000,994121.4969082479,700030.9047506478,999999.9999999999,997621.7614937924,631777.4533181522,997087.8699857115,997087.8699857115
2025-03-09T10:40:00.000+0000,994121.4969082479,700030.9047506478,999999.9999999999,997621.7614937924,631777.4533181522,997087.8699857115,997087.8699857115
2025-03-09T10:50:00.000+0000,994121.4969082479,700030.9047506478,999999.9999999999,997621.7614937924,631777.4533181522,997087.8699857115,997087.8699857115
2025-03-09T11:00:00.000+0000,994121.4969082479,700030.9047506478,999999.9999999999,997621.7614937924,631777.4533181522,997087.8699857115,997087.8699857115
2025-03-09T11:10:00.000+0000,994121.4969082479,700030.9047506478,999999.9999999999,997621.7614937924,631777.4533181522,997087.8699857115,997087.8699857115
2025-03-09T11:20:00.000+0000,994121.4969082479,700030.9047506478,999999.9999999999,997621.7614937924,631777.4533181522,997087.8699857115,997087.8699857115
2025-03-09T11:30:00.000+0000,994121.4969082479,700030.9047506478,999999.9999999999,997621.7614937924,631777.4533181522,997087.8699857115,997087.8699857115
2025-03-09T11:40:00.000+0000,994121.4969082479,700030.9047506478,999999.9999999999,997621.7614937924,631777.4533181522,997087.8699857115,997087.8699857115
2025-03-09T11:50:00.000+0000,994121.4969082479,700030.9047506478,999999.9999999999,997621.7614937924,631777.4533181522,997087.8699857115,997087.8699857115
2025-03-09T12:00:00.000+0000,994121.4969082479,700030.9047506478,999999.9999999999,997621.7614937924,631777.4533181522,997087.8699857115,997087.8699857115
2025-03-09T12:10:00.000+0000,994121.4969082479,700030.9047506478,999999.9999999999,997621.7614937924,631777.4533181522,997087.8699857115,997087.8699857115
2025-03-09T12:20:00.000+0000,994121.4969082479,700030.9047506478,999999.9999999999,997621.7614937924,631777.4533181522,997087.8699857115,997087.8699857115
2025-03-09T12:30:00.000+0000,994121.4969082479,700030.9047506478,999999.9999999999,997621.7614937924,631777.4533181522,997087.8699857115,997087.8699857115
2025-03-09T12:40:00.000+0000,994121.4969082479,700030.9047506478,999999.9999999999,997621.7614937924,631777.4533181522,997087.8699857115,997087.8699857115
2025-03-09T12:50:00.000+0000,994121.4969082479,700030.9047506478,999999.9999999999,997621.7614937924,631777.4533181522,997087.8699857115,997087.8699857115
2025-03-09T13:00:00.000+0000,994121.4969082479,700030.9047506478,999999.9999999999,997621.7614937924,631777.4533181522,997087.8699857115,997087.8699857115
2025-03-09T13:10:00.000+0000,994121.4969082479,700030.9047506478,999999.9999999999,997621.7614937924,631777.4533181522,997087.8699857115,997087.8699857115
2025-03-09T13:20:00.000+0000,994121.4969082479,700030.9047506478,999999.9999999999,997621.7614937924,631777.4533181522,997087.8699857115,997087.8699857115
2025-03-09T13:30:00.000+0000,994121.4969082479,700030.9047506478,999999.9999999999,997621.7614937924,631777.4533181522,997087.8699857115,997087.8699857115
2025-03-09T13:40:00.000+0000,994121.4969082479,700030.9047506478,999999.9999999999,997621.7614937924,631777.4533181522,997087.8699857115,997087.8699857115
2025-03-09T13:50:00.000+0000,994121.4969082479,700030.9047506478,999999.9999999999,997621.7614937924,631777.4533181522,997087.8699857115,997087.8699857115
2025-03-09T14:00:00.000+0000,994121.4969082479,700030.9047506478,999999.9999999999,997621.7614937924,631777.4533181522,997087.8699857115,997087.8699857115
2025-03-09T14:10:00.000+0000,994121.4969082479,700030.9047506478,999999.9999999999,997621.7614937924,631777.4533181522,997087.8699857115,997087.8699857115
2025-03-09T14:20:00.000+0000,994121.4969082479,700030.9047506478,999999.9999999999,997621.7614937924,631777.4533181522,997087.8699857115,997087.8699857115
2025-03-09T14:30:00.000+0000,994121.4969082479,700030.9047506478,999999.9999999999,997621.7614937924,631777.4533181522,997087.8699857115,997087.8699857115
2025-03-09T14:40:00.000+0000,994121.4969082479,700030.9047506478,999999.9999999999,997621.7614937924,631777.4533181522,997087.8699857115,997087.8699857115
2025-03-09T14:50:00.000+0000,994121.4969082479,700030.9047506478,999999.9999999999,997621.7614937924,631777.4533181522,997087.8699857115,997087.8699857115
2025-03-09T15:00:00.000+0000,994121.4969082479,700030.9047506478,999999.9999999999,997621.7614937924,631777.4533181522,997087.8699857115,997087.8699857115
2025-03-09T15:10:00.000+0000,994121.4969082479,700030.9047506478,999999.9999999999,997621.7614937924,631777.4533181522,997087.8699857115,997087.8699857115
2025-03-09T15:20:00.000+0000,994121.4969082479,700030.9047506478,999999.9999999999,997621.7614937924,631777.4533181522,997087.8699857115,997087.8699857115
2025-03-09T15:30:00.000+0000,994121.4969082479,700030.9047506478,999999.9999999999,997621.7614937924,631777.4533181522,997087.8699857115,997087.8699857115
2025-03-09T15:40:00.000+0000,994121.4969082479,700030.9047506478,999999.9999999999,997621.7614937924,631777.4533181522,997087.8699857115,997087.8699857115
2025-03-09T15:50:00.000+0000,994121.4969082479,700030.9047506478,999999.9999999999,997621.7614937924,631777.4533181522,997087.8699857115,997087.8699857115
2025-03-09T16:00:00.000+0000,994121.4969082479,700030.9047506478,999999.9999999999,997621.7614937924,631777.4533181522,997087.8699857115,997087.8699857115
2025-03-09T16:10:00.000+0000,994121.4969082479,700030.9047506478,999999.9999999999,997621.7614937924,631777.4533181522,997087.8699857115,997087.8699857115
2025-03-09T16:20:00.000+0000,994121.4969082479,700030.9047506478,999999.9999999999,997621.7614937924,631777.4533181522,997087.8699857115,997087.8699857115
2025-03-09T16:30:00.000+0000,994121.4969082479,700030.9047506478,999999.9999999999,997621.7614937924,631777.4533181522,997087.8699857115,997087.8699857115
2025-03-09T16:40:00.000+0000,994121.4969082479,700030.9047506478,999999.9999999999,997621.7614937924,631777.4533181522,997087.8699857115,997087.8699857115
2025-03-09T16:50:00.000+0000,994121.4969082479,700030.9047506478,999999.9999999999,997621.7614937924,631777.4533181522,997087.8699857115,997087.8699857115
2025-03-09T17:00:00.000+0000,994121.4969082479,700030.9047506478,999999.9999999999,997621.7614937924,631777.4533181522,997087.8699857115,997087.8699857115
2025-03-09T17:10:00.000+0000,994121.4969082479,700030.9047506478,999999.9999999999,997621.7614937924,631777.4533181522,997087.8699857115,997087.8699857115
2025-03-09T17:20:00.000+0000,994121.4969082479,700030.9047506478,999999.9999999999,997621.7614937924,631777.4533181522,997087.8699857115,997087.8699857115
2025-03-09T17:30:00.000+0000,994121.4969082479,700030.9047506478,999999.9999999999,997621.7614937924,631777.4533181522,997087.8699857115,997087.8699857115
2025-03-09T17:40:00.000+0000,994121.4969082479,700030.9047506478,999999.9999999999,997621.7614937924,631777.4533181522,997087.8699857115,997087.8699857115
2025-03-09T17:50:00.000+0000,994121.4969082479,700030.9047506478,999999.9999999999,997621.7614937924,631777.4533181522,997087.8699857115,997087.8699857115
2025-03-09T18:00:00.000+0000,994121.4969082479,700030.9047506478,999999.9999999999,997621.7614937924,631777.4533181522,997087.8699857115,997087.8699857115
2025-03-09T18:10:00.000+0000,994121.4969082479,700030.9047506478,999999.9999999999,997621.7614937924,631777.4533181522,997087.8699857115,997087.8699857115
2025-03-09T18:20:00.000+0000,994121.4969082479,700030.9047506478,999999.9999999999,997621.7614937924,631777.4533181522,997087.8699857115,997087.8699857115
2025-03-09T18:30:00.000+0000,994121.4969082479,700030.9047506478,999999.9999999999,997621.7614937924,631777.4533181522,997087.8699857115,997087.8699857115
2025-03-09T18:40:00.000+0000,994121.4969082479,700030.9047506478,999999.9999999999,997621.7614937924,631777.4533181522,997087.8699857115,997087.8699857115
2025-03-09T18:50:00.000+0000,994121.4969082479,700030.9047506478,999999.9999999999,997621.7614937924,631777.4533181522,997087.8699857115,997087.8699857115
2025-03-09T19:00:00.000+0000,994121.4969082479,700030.9047506478,999999.9999999999,997621.7614937924,631777.4533181522,997087.8699857115,997087.8699857115
2025-03-09T19:10:00.000+0000,994121.4969082479,700030.9047506478,999999.9999999999,997621.7614937924,631777.4533181522,997087.8699857115,997087.8699857115
2025-03-09T19:20:00.000+0000,994121.4969082479,700030.9047506478,999999.9999999999,997621.7614937924,631777.4533181522,997087.8699857115,997087.8699857115
2025-03-09T19:30:00.000+0000,994121.4969082479,700030.9047506478,999999.9999999999,997621.7614937924,631777.4533181522,997087.8699857115,997087.8699857115
2025-03-09T19:40:00.000+0000,994121.4969082479,700030.9047506478,999999.9999999999,997621.7614937924,631777.4533181522,997087.8699857115,997087.8699857115
2025-03-09T19:50:00.000+0000,994121.4969082479,700030.9047506478,999999.9999999999,997621.7614937924,631777.4533181522,997087.8699857115,997087.8699857115
2025-03-09T20:00:00.000+0000,994121.4969082479,700030.9047506478,999999.9999999999,997621.7614937924,631777.4533181522,997087.8699857115,997087.8699857115
2025-03-09T20:10:00.000+0000,994121.4969082479,700030.9047506478,999999.9999999999,997621.7614937924,631777.4533181522,997087.8699857115,997087.8699857115
2025-03-09T20:20:00.000+0000,994121.4969082479,700030.9047506478,999999.9999999999,997621.7614937924,631777.4533181522,997087.8699857115,997087.8699857115
2025-03-09T20:30:00.000+0000,994121.4969082479,700030.9047506478,999999.9999999999,997621.7614937924,631777.4533181522,997087.8699857115,997087.8699857115
2025-03-09T20:40:00.000+0000,994121.4969082479,700030.9047506478,999999.9999999999,997621.7614937924,631777.4533181522,997087.8699857115,997087.8699857115
2025-03-09T20:50:00.000+0000,994121.4969082479,700030.9047506478,999999.9999999999,997621.7614937924,631777.4533181522,997087.8699857115,997087.8699857115
2025-03-09T21:00:00.000+0000,994121.4969082479,700030.9047506478,999999.9999999999,997621.7614937924,631777.4533181522,997087.8699857115,997087.8699857115
2025-03-09T21:10:00.000+0000,994121.4969082479,700030.9047506478,999999.9999999999,997621.7614937924,631777.4533181522,997087.8699857115,997087.8699857115
2025-03-09T21:20:00.000+0000,994121.4969082479,700030.9047506478,999999.9999999999,997621.7614937924,631777.4533181522,997087.8699857115,997087.8699857115
2025-03-09T21:30:00.000+0000,994121.4969082479,700030.9047506478,999999.9999999999,997621.7614937924,631777.4533181522,997087.8699857115,997087.8699857115
2025-03-09T21:40:00.000+0000,994121.4969082479,700030.9047506478,999999.9999999999,997621.7614937924,631777.4533181522,997087.8699857115,997087.8699857115
2025-03-09T21:50:00.000+0000,994121.4969082479,700030.9047506478,999999.9999999999,997621.7614937924,631777.4533181522,997087.8699857115,997087.8699857115
2025-03-09T22:00:00.000+0000,994121.4969082479,700030.9047506478,999999.9999999999,997621.7614937924,631777.4533181522,997087.8699857115,997087.8699857115
2025-03-09T22:10:00.000+0000,994121.4969082479,700030.9047506478,999999.9999999999,997621.7614937924,631777.4533181522,997087.8699857115,997087.8699857115
2025-03-09T22:20:00.000+0000,994121.4969082479,700030.9047506478,999999.9999999999,997621.7614937924,631777.4533181522,997087.8699857115,997087.8699857115
2025-03-09T22:30:00.000+0000,994121.4969082479,700030.9047506478,999999.9999999999,997621.7614937924,631777.4533181522,997087.8699857115,997087.8699857115
2025-03-09T22:40:00.000+0000,994121.4969082479,700030.9047506478,999999.9999999999,997621.7614937924,631777.4533181522,997087.8699857115,997087.8699857115
2025-03-09T22:50:00.000+0000,994121.4969082479,700030.9047506478,999999.9999999999,997621.7614937924,631777.4533181522,997087.8699857115,997087.8699857115
2025-03-09T23:00:00.000+0000,994121.4969082479,700030.9047506478,999999.9999999999,997621.7614937924,631777.4533181522,997087.8699857115,997087.8699857115
2025-03-09T23:10:00.000+0000,994121.4969082479,700030.9047506478,999999.9999999999,997621.7614937924,631777.4533181522,997087.8699857115,997087.8699857115
2025-03-09T23:20:00.000+0000,994121.4969082479,700030.9047506478,999999.9999999999,997621.7614937924,631777.4533181522,997087.8699857115,997087.8699857115
2025-03-09T23:30:00.000+0000,994121.4969082479,700030.9047506478,999999.9999999999,997621.7614937924,631777.4533181522,997087.8699857115,997087.8699857115
2025-03-09T23:40:00.000+0000,994121.4969082479,700030.9047506478,999999.9999999999,997621.7614937924,631777.4533181522,997087.8699857115,997087.8699857115
2025-03-09T23:50:00.000+0000,994121.4969082479,700030.9047506478,999999.9999999999,997621.7614937924,631777.4533181522,997087.8699857115,997087.8699857115
2025-03-10T00:00:00.000+0000,994121.4969082479,700030.9047506478,999999.9999999999,997621.7614937924,631777.4533181522,997087.8699857115,997087.8699857115
2025-03-10T00:10:00.000+0000,994121.4969082479,700030.9047506478,999999.9999999999,997621.7614937924,631777.4533181522,997087.8699857115,997087.8699857115
2025-03-10T00:20:00.000+0000,994121.4969082479,700030.9047506478,999999.9999999999,997621.7614937924,631777.4533181522,997087.8699857115,997087.8699857115
2025-03-10T00:30:00.000+0000,994121.4969082479,700030.9047506478,999999.9999999999,997621.7614937924,631777.4533181522,997087.8699857115,997087.8699857115
2025-03-10T00:40:00.000+0000,994121.4969082479,700030.9047506478,999999.9999999999,997621.7614937924,631777.4533181522,997087.8699857115,997087.8699857115
2025-03-10T00:50:00.000+0000,994121.4969082479,700030.9047506478,999999.9999999999,997621.7614937924,631777.4533181522,997087.8699857115,997087.8699857115
2025-03-10T01:00:00.000+0000,994121.4969082479,700030.9047506478,999999.9999999999,997621.7614937924,631777.4533181522,997087.8699857115,997087.8699857115
2025-03-10T01:10:00.000+0000,994121.4969082479,700030.9047506478,999999.9999999999,997621.7614937924,631777.4533181522,997087.8699857115,997087.8699857115
2025-03-10T01:20:00.000+0000,994121.4969082479,700030.9047506478,999999.9999999999,997621.7614937924,631777.4533181522,997087.8699857115,997087.8699857115
2025-03-10T01:30:00.000+0000,994121.4969082479,700030.9047506478,999999.9999999999,997621.7614937924,631777.4533181522,997087.8699857115,997087.8699857115
2025-03-10T01:40:00.000+0000,994121.4969082479,700030.9047506478,999999.9999999999,997621.7614937924,631777.4533181522,997087.8699857115,997087.8699857115
2025-03-10T01:50:00.000+0000,994121.4969082479,700030.9047506478,999999.9999999999,997621.7614937924,631777.4533181522,997087.8699857115,997087.8699857115
2025-03-10T02:00:00.000+0000,994121.4969082479,700030.9047506478,999999.9999999999,997621.7614937924,631777.4533181522,997087.8699857115,997087.8699857115
2025-03-10T02:10:00.000+0000,994121.4969082479,700030.9047506478,999999.9999999999,997621.7614937924,631777.4533181522,997087.8699857115,997087.8699857115
2025-03-10T02:20:00.000+0000,994121.4969082479,700030.9047506478,999999.9999999999,997621.7614937924,631777.4533181522,997087.8699857115,997087.8699857115
2025-03-10T02:30:00.000+0000,994121.4969082479,700030.9047506478,999999.9999999999,997621.7614937924,631777.4533181522,997087.8699857115,997087.8699857115
2025-03-10T02:40:00.000+0000,994121.4969082479,700030.9047506478,999999.9999999999,997621.7614937924,631777.4533181522,997087.8699857115,997087.8699857115
2025-03-10T02:50:00.000+0000,994121.4969082479,700030.9047506478,999999.9999999999,997621.7614937924,631777.4533181522,997087.8699857115,997087.8699857115
2025-03-10T03:00:00.000+0000,994121.4969082479,700030.9047506478,999999.9999999999,997621.7614937924,631777.4533181522,997087.8699857115,997087.8699857115
2025-03-10T03:10:00.000+0000,994121.4969082479,700030.9047506478,999999.9999999999,997621.7614937924,631777.4533181522,997087.8699857115,997087.8699857115
2025-03-10T03:20:00.000+0000,994121.4969082479,700030.9047506478,999999.9999999999,997621.7614937924,631777.4533181522,997087.8699857115,997087.8699857115
2025-03-10T03:30:00.000+0000,994121.4969082479,700030.9047506478,999999.9999999999,997621.7614937924,631777.4533181522,997087.8699857115,997087.8699857115
2025-03-10T03:40:00.000+0000,994121.4969082479,700030.9047506478,999999.9999999999,997621.7614937924,631777.4533181522,997087.8699857115,997087.8699857115
2025-03-10T03:50:00.000+0000,994121.4969082479,700030.9047506478,999999.9999999999,997621.7614937924,631777.4533181522,997087.8699857115,997087.8699857115
2025-03-10T04:00:00.000+0000,994121.4969082479,700030.9047506478,999999.9999999999,997621.7614937924,631777.4533181522,997087.8699857115,997087.8699857115
2025-03-10T04:10:00.000+0000,994121.4969082479,700030.9047506478,999999.9999999999,997621.7614937924,631777.4533181522,997087.8699857115,997087.8699857115
2025-03-10T04:20:00.000+0000,994121.4969082479,700030.9047506478,999999.9999999999,997621.7614937924,631777.4533181522,997087.8699857115,997087.8699857115
2025-03-10T04:30:00.000+0000,994121.4969082479,700030.9047506478,999999.9999999999,997621.7614937924,631777.4533181522,997087.8699857115,997087.8699857115
2025-03-10T04:40:00.000+0000,994121.4969082479,700030.9047506478,999999.9999999999,997621.7614937924,631777.4533181522,997087.8699857115,997087.8699857115
2025-03-10T04:50:00.000+0000,994121.4969082479,700030.9047506478,999999.9999999999,997621.7614937924,631777.4533181522,997087.8699857115,997087.8699857115
2025-03-10T05:00:00.000+0000,994121.4969082479,700030.9047506478,999999.9999999999,997621.7614937924,631777.4533181522,997087.8699857115,997087.8699857115
2025-03-10T05:10:00.000+0000,994121.4969082479,700030.9047506478,999999.9999999999,997621.7614937924,631777.4533181522,997087.8699857115,997087.8699857115
2025-03-10T05:20:00.000+0000,994121.4969082479,700030.9047506478,999999.9999999999,997621.7614937924,631777.4533181522,997087.8699857115,997087.8699857115
2025-03-10T05:30:00.000+0000,994121.4969082479,700030.9047506478,999999.9999999999,997621.7614937924,631777.4533181522,997087.8699857115,997087.8699857115
2025-03-10T05:40:00.000+0000,994121.4969082479,700030.9047506478,999999.9999999999,997621.7614937924,631777.4533181522,997087.8699857115,997087.8699857115
2025-03-10T05:50:00.000+0000,994121.4969082479,700030.9047506478,999999.9999999999,997621.7614937924,631777.4533181522,997087.8699857115,997087.8699857115
2025-03-10T06:00:00.000+0000,994121.4969082479,700030.9047506478,999999.9999999999,997621.7614937924,631777.4533181522,997087.8699857115,997087.8699857115
2025-03-10T06:10:00.000+0000,994121.4969082479,700030.9047506478,999999.9999999999,997621.7614937924,631777.4533181522,997087.8699857115,997087.8699857115
2025-03-10T06:20:00.000+0000,994121.4969082479,700030.9047506478,999999.9999999999,997621.7614937924,631777.4533181522,997087.8699857115,997087.8699857115
2025-03-10T06:30:00.000+0000,994121.4969082479,700030.9047506478,999999.9999999999,997621.7614937924,631777.4533181522,997087.8699857115,997087.8699857115
2025-03-10T06:40:00.000+0000,994121.4969082479,700030.9047506478,999999.9999999999,997621.7614937924,631777.4533181522,997087.8699857115,997087.8699857115
2025-03-10T06:50:00.000+0000,994121.4969082479,700030.9047506478,999999.9999999999,997621.7614937924,631777.4533181522,997087.8699857115,997087.8699857115
2025-03-10T07:00:00.000+0000,994121.4969082479,700030.9047506478,999999.9999999999,997621.7614937924,631777.4533181522,997087.8699857115,997087.8699857115
2025-03-10T07:10:00.000+0000,994121.4969082479,700030.9047506478,999999.9999999999,997621.7614937924,631777.4533181522,997087.8699857115,997087.8699857115
2025-03-10T07:20:00.000+0000,994121.4969082479,700030.9047506478,999999.9999999999,997621.7614937924,631777.4533181522,997087.8699857115,997087.8699857115
2025-03-10T07:30:00.000+0000,994121.4969082479,700030.9047506478,999999.9999999999,997621.7614937924,631777.4533181522,997087.8699857115,997087.8699857115
2025-03-10T07:40:00.000+0000,994121.4969082479,700030.9047506478,999999.9999999999,997621.7614937924,631777.4533181522,997087.8699857115,997087.8699857115
2025-03-10T07:50:00.000+0000,994121.4969082479,700030.9047506478,999999.9999999999,997621.7614937924,631777.4533181522,997087.8699857115,997087.8699857115
2025-03-10T08:00:00.000+0000,994121.4969082479,700030.9047506478,999999.9999999999,997621.7614937924,631777.4533181522,997087.8699857115,997087.8699857115
2025-03-10T08:10:00.000+0000,994121.4969082479,700030.9047506478,999999.9999999999,997621.7614937924,631777.4533181522,997087.8699857115,997087.8699857115
2025-03-10T08:20:00.000+0000,994121.4969082479,700030.9047506478,999999.9999999999,997621.7614937924,631777.4533181522,997087.8699857115,997087.8699857115
2025-03-10T08:30:00.000+0000,994121.4969082479,700030.9047506478,999999.9999999999,997621.7614937924,631777.4533181522,997087.8699857115,997087.8699857115
2025-03-10T08:40:00.000+0000,994121.4969082479,700030.9047506478,999999.9999999999,997621.7614937924,631777.4533181522,997087.8699857115,997087.8699857115
2025-03-10T08:50:00.000+0000,994121.4969082479,700030.9047506478,999999.9999999999,997621.7614937924,631777.4533181522,997087.8699857115,997087.8699857115
2025-03-10T09:00:00.000+0000,994121.4969082479,700030.9047506478,999999.9999999999,997621.7614937924,631777.4533181522,997087.8699857115,997087.8699857115
2025-03-10T09:10:00.000+0000,994121.4969082479,700030.9047506478,999999.9999999999,997621.7614937924,631777.4533181522,997087.8699857115,997087.8699857115
2025-03-10T09:20:00.000+0000,994121.4969082479,700030.9047506478,999999.9999999999,997621.7614937924,631777.4533181522,997087.8699857115,997087.8699857115
2025-03-10T09:30:00.000+0000,994121.4969082479,700030.9047506478,999999.9999999999,997621.7614937924,631777.4533181522,997087.8699857115,997087.8699857115
2025-03-10T09:40:00.000+0000,994121.4969082479,700030.9047506478,999999.9999999999,997621.7614937924,631777.4533181522,997087.8699857115,997087.8699857115
2025-03-10T09:50:00.000+0000,994121.4969082479,700030.9047506478,999999.9999999999,997621.7614937924,631777.4533181522,997087.8699857115,997087.8699857115
2025-03-10T10:00:00.000+0000,994121.4969082479,700030.9047506478,999999.9999999999,997621.7614937924,631777.4533181522,997087.8699857115,997087.8699857115
2025-03-10T10:10:00.000+0000,994121.4969082479,700030.9047506478,999999.9999999999,997621.7614937924,631777.4533181522,997087.8699857115,997087.8699857115
2025-03-10T10:20:00.000+0000,994121.4969082479,700030.9047506478,999999.9999999999,997621.7614937924,631777.4533181522,997087.8699857115,997087.8699857115
2025-03-10T10:30:00.000+0000,994121.4969082479,700030.9047506478,999999.9999999999,997621.7614937924,631777.4533181522,997087.8699857115,997087.8699857115
2025-03-10T10:40:00.000+0000,994121.4969082479,700030.9047506478,999999.9999999999,997621.7614937924,631777.4533181522,997087.8699857115,997087.8699857115
2025-03-10T10:50:00.000+0000,994121.4969082479,700030.9047506478,999999.9999999999,997621.7614937924,631777.4533181522,997087.8699857115,997087.8699857115
2025-03-10T11:00:00.000+0000,994121.4969082479,700030.9047506478,999999.9999999999,997621.7614937924,631777.4533181522,997087.8699857115,997087.8699857115
2025-03-10T11:10:00.000+0000,994121.4969082479,700030.9047506478,999999.9999999999,997621.7614937924,631777.4533181522,997087.8699857115,997087.8699857115
2025-03-10T11:20:00.000+0000,994121.4969082479,700030.9047506478,999999.9999999999,997621.7614937924,631777.4533181522,997087.8699857115,997087.8699857115
2025-03-10T11:30:00.000+0000,994121.4969082479,700030.9047506478,999999.9999999999,997621.7614937924,631777.4533181522,997087.8699857115,997087.8699857115
2025-03-10T11:40:00.000+0000,994121.4969082479,700030.9047506478,999999.9999999999,997621.7614937924,631777.4533181522,997087.8699857115,997087.8699857115
2025-03-10T11:50:00.000+0000,994121.4969082479,700030.9047506478,999999.9999999999,997621.7614937924,631777.4533181522,997087.8699857115,997087.8699857115
2025-03-10T12:00:00.000+0000,994121.4969082479,700030.9047506478,999999.9999999999,997621.7614937924,631777.4533181522,997087.8699857115,997087.8699857115
2025-03-10T12:10:00.000+0000,994121.4969082479,700030.9047506478,999999.9999999999,997621.7614937924,631777.4533181522,997087.8699857115,997087.8699857115
2025-03-10T12:20:00.000+0000,994121.4969082479,700030.9047506478,999999.9999999999,997621.7614937924,631777.4533181522,997087.8699857115,997087.8699857115
2025-03-10T12:30:00.000+0000,994121.4969082479,700030.9047506478,999999.9999999999,997621.7614937924,631777.4533181522,997087.8699857115,997087.8699857115
2025-03-10T12:40:00.000+0000,994121.4969082479,700030.9047506478,999999.9999999999,997621.7614937924,631777.4533181522,997087.8699857115,997087.8699857115
2025-03-10T12:50:00.000+0000,994121.4969082479,700030.9047506478,999999.9999999999,997621.7614937924,631777.4533181522,997087.8699857115,997087.8699857115
2025-03-10T13:00:00.000+0000,994121.4969082479,700030.9047506478,999999.9999999999,997621.7614937924,631777.4533181522,997087.8699857115,997087.8699857115
2025-03-10T13:10:00.000+0000,994121.4969082479,700030.9047506478,999999.9999999999,997621.7614937924,631777.4533181522,997087.8699857115,997087.8699857115
2025-03-10T13:20:00.000+0000,994121.4969082479,700030.9047506478,999999.9999999999,997621.7614937924,631777.4533181522,997087.8699857115,997087.8699857115
2025-03-10T13:30:00.000+0000,994121.4969082479,700030.9047506478,999999.9999999999,997621.7614937924,631777.4533181522,997087.8699857115,997087.8699857115
2025-03-10T13:40:00.000+0000,994121.4969082479,700030.9047506478,999999.9999999999,997621.7614937924,631777.4533181522,997087.8699857115,997087.8699857115
2025-03-10T13:50:00.000+0000,994121.4969082479,700030.9047506478,999999.9999999999,997621.7614937924,631777.4533181522,997087.8699857115,997087.8699857115
2025-03-10T14:00:00.000+0000,994121.4969082479,700030.9047506478,999999.9999999999,997621.7614937924,631777.4533181522,997087.8699857115,997087.8699857115
2025-03-10T14:10:00.000+0000,994121.4969082479,700030.9047506478,999999.9999999999,997621.7614937924,631777.4533181522,997087.8699857115,997087.8699857115
2025-03-10T14:20:00.000+0000,994121.4969082479,700030.9047506478,999999.9999999999,997621.7614937924,631777.4533181522,997087.8699857115,997087.8699857115
2025-03-10T14:30:00.000+0000,994121.4969082479,700030.9047506478,999999.9999999999,997621.7614937924,631777.4533181522,997087.8699857115,997087.8699857115
2025-03-10T14:40:00.000+0000,994121.4969082479,700030.9047506478,999999.9999999999,997621.7614937924,631777.4533181522,997087.8699857115,997087.8699857115
2025-03-10T14:50:00.000+0000,994121.4969082479,700030.9047506478,999999.9999999999,997621.7614937924,631777.4533181522,997087.8699857115,997087.8699857115
2025-03-10T15:00:00.000+0000,994121.4969082479,700030.9047506478,999999.9999999999,997621.7614937924,631777.4533181522,997087.8699857115,997087.8699857115
2025-03-10T15:10:00.000+0000,994121.4969082479,700030.9047506478,999999.9999999999,997621.7614937924,631777.4533181522,997087.8699857115,997087.8699857115
2025-03-10T15:20:00.000+0000,994121.4969082479,700030.9047506478,999999.9999999999,997621.7614937924,631777.4533181522,997087.8699857115,997087.8699857115
2025-03-10T15:30:00.000+0000,994121.4969082479,700030.9047506478,999999.9999999999,997621.7614937924,631777.4533181522,997087.8699857115,997087.8699857115
2025-03-10T15:40:00.000+0000,994121.4969082479,700030.9047506478,999999.9999999999,997621.7614937924,631777.4533181522,997087.8699857115,997087.8699857115
2025-03-10T15:50:00.000+0000,994121.4969082479,700030.9047506478,999999.9999999999,997621.7614937924,631777.4533181522,997087.8699857115,997087.8699857115
2025-03-10T16:00:00.000+0000,994121.4969082479,700030.9047506478,999999.9999999999,997621.7614937924,631777.4533181522,997087.8699857115,997087.8699857115
2025-03-10T16:10:00.000+0000,994121.4969082479,700030.9047506478,999999.9999999999,997621.7614937924,631777.4533181522,997087.8699857115,997087.8699857115
2025-03-10T16:20:00.000+0000,994121.4969082479,700030.9047506478,999999.9999999999,997621.7614937924,631777.4533181522,997087.8699857115,997087.8699857115
2025-03-10T16:30:00.000+0000,994121.4969082479,700030.9047506478,999999.9999999999,997621.7614937924,631777.4533181522,997087.8699857115,997087.8699857115
2025-03-10T16:40:00.000+0000,994121.4969082479,700030.9047506478,999999.9999999999,997621.7614937924,631777.4533181522,997087.8699857115,997087.8699857115
2025-03-10T16:50:00.000+0000,994121.4969082479,700030.9047506478,999999.9999999999,997621.7614937924,631777.4533181522,997087.8699857115,997087.8699857115
2025-03-10T17:00:00.000+0000,994121.4969082479,700030.9047506478,999999.9999999999,997621.7614937924,631777.4533181522,997087.8699857115,997087.8699857115
2025-03-10T17:10:00.000+0000,994121.4969082479,700030.9047506478,999999.9999999999,997621.7614937924,631777.4533181522,997087.8699857115,997087.8699857115
2025-03-10T17:20:00.000+0000,994121.4969082479,700030.9047506478,999999.9999999999,997621.7614937924,631777.4533181522,997087.8699857115,997087.8699857115
2025-03-10T17:30:00.000+0000,994121.4969082479,700030.9047506478,999999.9999999999,997621.7614937924,631777.4533181522,997087.8699857115,997087.8699857115
2025-03-10T17:40:00.000+0000,994121.4969082479,700030.9047506478,999999.9999999999,997621.7614937924,631777.4533181522,997087.8699857115,997087.8699857115
2025-03-10T17:50:00.000+0000,994121.4969082479,700030.9047506478,999999.9999999999,997621.7614937924,631777.4533181522,997087.8699857115,997087.8699857115
2025-03-10T18:00:00.000+0000,994121.4969082479,700030.9047506478,999999.9999999999,997621.7614937924,631777.4533181522,997087.8699857115,997087.8699857115
2025-03-10T18:10:00.000+0000,994121.4969082479,700030.9047506478,999999.9999999999,997621.7614937924,631777.4533181522,997087.8699857115,997087.8699857115
2025-03-10T18:20:00.000+0000,994121.4969082479,700030.9047506478,999999.9999999999,997621.7614937924,631777.4533181522,997087.8699857115,997087.8699857115
2025-03-10T18:30:00.000+0000,994121.4969082479,700030.9047506478,999999.9999999999,997621.7614937924,631777.4533181522,997087.8699857115,997087.8699857115
2025-03-10T18:40:00.000+0000,994121.4969082479,700030.9047506478,999999.9999999999,997621.7614937924,631777.4533181522,997087.8699857115,997087.8699857115
2025-03-10T18:50:00.000+0000,994121.4969082479,700030.9047506478,999999.9999999999,997621.7614937924,631777.4533181522,997087.8699857115,997087.8699857115
2025-03-10T19:00:00.000+0000,994121.4969082479,700030.9047506478,999999.9999999999,997621.7614937924,631777.4533181522,997087.8699857115,997087.8699857115
2025-03-10T19:10:00.000+0000,994121.4969082479,700030.9047506478,999999.9999999999,997621.7614937924,631777.4533181522,997087.8699857115,997087.8699857115
2025-03-10T19:20:00.000+0000,994121.4969082479,700030.9047506478,999999.9999999999,997621.7614937924,631777.4533181522,997087.8699857115,997087.8699857115
2025-03-10T19:30:00.000+0000,994121.4969082479,700030.9047506478,999999.9999999999,997621.7614937924,631777.4533181522,997087.8699857115,997087.8699857115
2025-03-10T19:40:00.000+0000,994121.4969082479,700030.9047506478,999999.9999999999,997621.7614937924,631777.4533181522,997087.8699857115,997087.8699857115
2025-03-10T19:50:00.000+0000,994121.4969082479,700030.9047506478,999999.9999999999,997621.7614937924,631777.4533181522,997087.8699857115,997087.8699857115
2025-03-10T20:00:00.000+0000,994121.4969082479,700030.9047506478,999999.9999999999,997621.7614937924,631777.4533181522,997087.8699857115,997087.8699857115
2025-03-10T20:10:00.000+0000,994121.4969082479,700030.9047506478,999999.9999999999,997621.7614937924,631777.4533181522,997087.8699857115,997087.8699857115
2025-03-10T20:20:00.000+0000,994121.4969082479,700030.9047506478,999999.9999999999,997621.7614937924,631777.4533181522,997087.8699857115,997087.8699857115
2025-03-10T20:30:00.000+0000,994121.4969082479,700030.9047506478,999999.9999999999,997621.7614937924,631777.4533181522,997087.8699857115,997087.8699857115
2025-03-10T20:40:00.000+0000,994121.4969082479,700030.9047506478,999999.9999999999,997621.7614937924,631777.4533181522,997087.8699857115,997087.8699857115
2025-03-10T20:50:00.000+0000,994121.4969082479,700030.9047506478,999999.9999999999,997621.7614937924,631777.4533181522,997087.8699857115,997087.8699857115
2025-03-10T21:00:00.000+0000,994121.4969082479,700030.9047506478,999999.9999999999,997621.7614937924,631777.4533181522,997087.8699857115,997087.8699857115
2025-03-10T21:10:00.000+0000,994121.4969082479,700030.9047506478,999999.9999999999,997621.7614937924,631777.4533181522,997087.8699857115,997087.8699857115
2025-03-10T21:20:00.000+0000,994121.4969082479,700030.9047506478,999999.9999999999,997621.7614937924,631777.4533181522,997087.8699857115,997087.8699857115
2025-03-10T21:30:00.000+0000,994121.4969082479,700030.9047506478,999999.9999999999,997621.7614937924,631777.4533181522,997087.8699857115,997087.8699857115
2025-03-10T21:40:00.000+0000,994121.4969082479,700030.9047506478,999999.9999999999,997621.7614937924,631777.4533181522,997087.8699857115,997087.8699857115
2025-03-10T21:50:00.000+0000,994121.4969082479,700030.9047506478,999999.9999999999,997621.7614937924,631777.4533181522,997087.8699857115,997087.8699857115
2025-03-10T22:00:00.000+0000,994121.4969082479,700030.9047506478,999999.9999999999,997621.7614937924,631777.4533181522,997087.8699857115,997087.8699857115
2025-03-10T22:10:00.000+0000,994121.4969082479,700030.9047506478,999999.9999999999,997621.7614937924,631777.4533181522,997087.8699857115,997087.8699857115
2025-03-10T22:20:00.000+0000,994121.4969082479,700030.9047506478,999999.9999999999,997621.7614937924,631777.4533181522,997087.8699857115,997087.8699857115
2025-03-10T22:30:00.000+0000,994121.4969082479,700030.9047506478,999999.9999999999,997621.7614937924,631777.4533181522,997087.8699857115,997087.8699857115
2025-03-10T22:40:00.000+0000,994121.4969082479,700030.9047506478,999999.9999999999,997621.7614937924,631777.4533181522,997087.8699857115,997087.8699857115
2025-03-10T22:50:00.000+0000,994121.4969082479,700030.9047506478,999999.9999999999,997621.7614937924,631777.4533181522,997087.8699857115,997087.8699857115
2025-03-10T23:00:00.000+0000,994121.4969082479,700030.9047506478,999999.9999999999,997621.7614937924,631777.4533181522,997087.8699857115,997087.8699857115
2025-03-10T23:10:00.000+0000,994121.4969082479,700030.9047506478,999999.9999999999,997621.7614937924,631777.4533181522,997087.8699857115,997087.8699857115
2025-03-10T23:20:00.000+0000,994121.4969082479,700030.9047506478,999999.9999999999,997621.7614937924,631777.4533181522,997087.8699857115,997087.8699857115
2025-03-10T23:30:00.000+0000,994121.4969082479,700030.9047506478,999999.9999999999,997621.7614937924,631777.4533181522,997087.8699857115,997087.8699857115
2025-03-10T23:40:00.000+0000,994121.4969082479,700030.9047506478,999999.9999999999,997621.7614937924,631777.4533181522,997087.8699857115,997087.8699857115
2025-03-10T23:50:00.000+0000,994121.4969082479,700030.9047506478,999999.9999999999,997621.7614937924,631777.4533181522,997087.8699857115,997087.8699857115
2025-03-11T00:00:00.000+0000,994121.4969082479,700030.9047506478,999999.9999999999,997621.7614937924,631777.4533181522,997087.8699857115,997087.8699857115
2025-03-11T00:10:00.000+0000,994121.4969082479,700030.9047506478,999999.9999999999,997621.7614937924,631777.4533181522,997087.8699857115,997087.8699857115
2025-03-11T00:20:00.000+0000,953593.3732564076,15.478550647773957,999999.9999999999,997621.7614937924,631777.4533181522,938068.3424067517,216.7506857119574
2025-03-11T00:30:00.000+0000,933826.2571104078,34237.686164807834,999999.9999999999,997621.7614937924,631777.4533181522,909092.3129897917,21510.780322911785
2025-03-11T00:40:00.000+0000,933826.2571104078,34237.686164807834,999999.9999999999,997621.7614937924,631777.4533181522,909092.3129897917,21510.780322911785
2025-03-11T00:50:00.000+0000,923422.5117704079,34237.686164807834,999999.9999999999,997621.7614937924,631777.4533181522,893841.7711913919,21510.780322911785
2025-03-11T01:00:00.000+0000,927584.0099064079,34237.686164807834,999999.9999999999,997621.7614937924,631777.4533181522,899941.9879107516,21510.780322911785
2025-03-11T01:10:00.000+0000,932785.8825764079,34237.686164807834,999999.9999999999,997621.7614937924,631777.4533181522,907567.2588099518,21510.780322911785
2025-03-11T01:20:00.000+0000,974400.8639364077,34237.686164807834,999999.9999999999,997621.7614937924,631777.4533181522,968569.4260035515,21510.780322911785
2025-03-11T01:30:00.000+0000,1000410.2272864078,34237.686164807834,999999.9999999999,997621.7614937924,631777.4533181522,1006695.7804995516,21510.780322911785
2025-03-11T01:40:00.000+0000,1049221.0448684078,34237.686164807834,999999.9999999999,997621.7614937924,631777.4533181522,1077303.9367491517,21510.780322911785
2025-03-11T01:50:00.000+0000,1049895.7394805679,279128.409630488,999999.9999999999,997621.7614937924,631777.4533181522,1077974.1497494716,264774.75862667157
2025-03-11T02:00:00.000+0000,1045066.8868556081,279128.409630488,999999.9999999999,997621.7614937924,631777.4533181522,1069736.2398538718,264774.75862667157
2025-03-11T02:10:00.000+0000,1044377.0507663281,279128.409630488,999999.9999999999,997621.7614937924,631777.4533181522,1068559.3955830717,264774.75862667157
2025-03-11T02:20:00.000+0000,1046446.559034168,279128.409630488,999999.9999999999,997621.7614937924,631777.4533181522,1072089.9283954713,264774.75862667157
2025-03-11T02:30:00.000+0000,1049205.9033912881,279128.409630488,999999.9999999999,997621.7614937924,631777.4533181522,1076797.3054786713,264774.75862667157
2025-03-11T02:40:00.000+0000,1052655.083837688,279128.409630488,999999.9999999999,997621.7614937924,631777.4533181522,1082681.5268326716,264774.75862667157
2025-03-11T02:50:00.000+0000,1058863.608641208,279128.409630488,999999.9999999999,997621.7614937924,631777.4533181522,1093273.1252698714,264774.75862667157
2025-03-11T03:00:00.000+0000,1060933.116909048,279128.409630488,999999.9999999999,997621.7614937924,631777.4533181522,1096803.6580822715,264774.75862667157
2025-03-11T03:10:00.000+0000,1066705.807958728,667405.570905128,999999.9999999999,997621.7614937924,631777.4533181522,1108919.9023262712,652570.5541022712
2025-03-11T03:20:00.000+0000,1066869.159273048,691624.397131688,999999.9999999999,997621.7614937924,631777.4533181522,1111198.2341015511,913664.154188511
2025-03-11T03:30:00.000+0000,1067634.597732008,694047.754193848,999999.9999999999,997621.7614937924,631777.4533181522,1111954.740711711,1033386.1256279511
2025-03-11T03:40:00.000+0000,1068290.687839688,694047.754193848,999999.9999999999,997621.7614937924,631777.4533181522,1112603.174948991,1033386.1256279511
2025-03-11T03:50:00.000+0000,1070477.654865288,694047.754193848,999999.9999999999,997621.7614937924,631777.4533181522,1114764.6224065912,1033386.1256279511
2025-03-11T04:00:00.000+0000,1065228.934003848,694047.754193848,999999.9999999999,997621.7614937924,631777.4533181522,1109577.148508351,1033386.1256279511
2025-03-11T04:10:00.000+0000,1064244.798842328,694047.754193848,999999.9999999999,997621.7614937924,631777.4533181522,1108604.4971524312,1033386.1256279511
2025-03-11T04:20:00.000+0000,1064682.192247448,694047.754193848,999999.9999999999,997621.7614937924,631777.4533181522,1109036.7866439512,1033386.1256279511
2025-03-11T04:30:00.000+0000,1064682.192247448,694047.754193848,999999.9999999999,997621.7614937924,631777.4533181522,1109036.7866439512,1033386.1256279511
2025-03-11T04:40:00.000+0000,1064244.798842328,694047.754193848,999999.9999999999,997621.7614937924,631777.4533181522,1108604.4971524312,1033386.1256279511
2025-03-11T04:50:00.000+0000,1063916.753788488,694047.754193848,999999.9999999999,997621.7614937924,631777.4533181522,1108280.2800337912,1033386.1256279511
2025-03-11T05:00:00.000+0000,1064354.1471936079,694047.754193848,999999.9999999999,997621.7614937924,631777.4533181522,1108712.5695253112,1033386.1256279511
2025-03-11T05:10:00.000+0000,1064900.888950008,694047.754193848,999999.9999999999,997621.7614937924,631777.4533181522,1109252.931389711,1033386.1256279511
2025-03-11T05:20:00.000+0000,1065119.585652568,694047.754193848,999999.9999999999,997621.7614937924,631777.4533181522,1109469.076135471,1033386.1256279511
2025-03-11T05:30:00.000+0000,1065119.585652568,694047.754193848,999999.9999999999,997621.7614937924,631777.4533181522,1109469.076135471,1033386.1256279511
2025-03-11T05:40:00.000+0000,1065119.585652568,694047.754193848,999999.9999999999,997621.7614937924,631777.4533181522,1109469.076135471,1033386.1256279511
2025-03-11T05:50:00.000+0000,1065556.979057688,694047.754193848,999999.9999999999,997621.7614937924,631777.4533181522,1109901.365626991,1033386.1256279511
2025-03-11T06:00:00.000+0000,1065447.630706408,694047.754193848,999999.9999999999,997621.7614937924,631777.4533181522,1109793.2932541112,1033386.1256279511
2025-03-11T06:10:00.000+0000,1065994.372462808,694047.754193848,999999.9999999999,997621.7614937924,631777.4533181522,1110333.655118511,1033386.1256279511
2025-03-11T06:20:00.000+0000,1065994.372462808,694047.754193848,999999.9999999999,997621.7614937924,631777.4533181522,1110333.655118511,1033386.1256279511
2025-03-11T06:30:00.000+0000,1065775.675760248,694047.754193848,999999.9999999999,997621.7614937924,631777.4533181522,1110117.5103727512,1033386.1256279511
2025-03-11T06:40:00.000+0000,1065885.024111528,694047.754193848,999999.9999999999,997621.7614937924,631777.4533181522,1110225.582745631,1033386.1256279511
2025-03-11T06:50:00.000+0000,1066322.417516648,694047.754193848,999999.9999999999,997621.7614937924,631777.4533181522,1110657.872237151,1033386.1256279511
2025-03-11T07:00:00.000+0000,1066541.114219208,694047.754193848,999999.9999999999,997621.7614937924,631777.4533181522,1110874.0169829112,1033386.1256279511
2025-03-11T07:10:00.000+0000,1065775.675760248,694047.754193848,999999.9999999999,997621.7614937924,631777.4533181522,1110117.5103727512,1033386.1256279511
2025-03-11T07:20:00.000+0000,1065119.585652568,694047.754193848,999999.9999999999,997621.7614937924,631777.4533181522,1109469.076135471,1033386.1256279511
2025-03-11T07:30:00.000+0000,1064682.192247448,694047.754193848,999999.9999999999,997621.7614937924,631777.4533181522,1109036.7866439512,1033386.1256279511
2025-03-11T07:40:00.000+0000,1064791.540598728,694047.754193848,999999.9999999999,997621.7614937924,631777.4533181522,1109144.859016831,1033386.1256279511
2025-03-11T07:50:00.000+0000,1064900.888950008,694047.754193848,999999.9999999999,997621.7614937924,631777.4533181522,1109252.931389711,1033386.1256279511
2025-03-11T08:00:00.000+0000,1064682.192247448,694047.754193848,999999.9999999999,997621.7614937924,631777.4533181522,1109036.7866439512,1033386.1256279511
2025-03-11T08:10:00.000+0000,1064572.843896168,694047.754193848,999999.9999999999,997621.7614937924,631777.4533181522,1108928.7142710711,1033386.1256279511
2025-03-11T08:20:00.000+0000,1064354.1471936079,694047.754193848,999999.9999999999,997621.7614937924,631777.4533181522,1108712.5695253112,1033386.1256279511
2025-03-11T08:30:00.000+0000,1063807.405437208,694047.754193848,999999.9999999999,997621.7614937924,631777.4533181522,1108172.2076609111,1033386.1256279511
2025-03-11T08:40:00.000+0000,1063807.405437208,694047.754193848,999999.9999999999,997621.7614937924,631777.4533181522,1108172.2076609111,1033386.1256279511
2025-03-11T08:50:00.000+0000,1063479.3603833679,694047.754193848,999999.9999999999,997621.7614937924,631777.4533181522,1107847.9905422712,1033386.1256279511
2025-03-11T09:00:00.000+0000,1063370.012032088,694047.754193848,999999.9999999999,997621.7614937924,631777.4533181522,1107739.918169391,1033386.1256279511
2025-03-11T09:10:00.000+0000,1063916.753788488,694047.754193848,999999.9999999999,997621.7614937924,631777.4533181522,1108280.2800337912,1033386.1256279511
2025-03-11T09:20:00.000+0000,1064135.450491048,694047.754193848,999999.9999999999,997621.7614937924,631777.4533181522,1108496.424779551,1033386.1256279511
2025-03-11T09:30:00.000+0000,1064682.192247448,694047.754193848,999999.9999999999,997621.7614937924,631777.4533181522,1109036.7866439512,1033386.1256279511
2025-03-11T09:40:00.000+0000,1064682.192247448,694047.754193848,999999.9999999999,997621.7614937924,631777.4533181522,1109036.7866439512,1033386.1256279511
2025-03-11T09:50:00.000+0000,1063916.753788488,694047.754193848,999999.9999999999,997621.7614937924,631777.4533181522,1108280.2800337912,1033386.1256279511
2025-03-11T10:00:00.000+0000,1063807.405437208,694047.754193848,999999.9999999999,997621.7614937924,631777.4533181522,1108172.2076609111,1033386.1256279511
2025-03-11T10:10:00.000+0000,1063260.663680808,694047.754193848,999999.9999999999,997621.7614937924,631777.4533181522,1107631.845796511,1033386.1256279511
2025-03-11T10:20:00.000+0000,1063151.315329528,694047.754193848,999999.9999999999,997621.7614937924,631777.4533181522,1107523.7734236312,1033386.1256279511
2025-03-11T10:30:00.000+0000,1063151.315329528,694047.754193848,999999.9999999999,997621.7614937924,631777.4533181522,1107523.7734236312,1033386.1256279511
2025-03-11T10:40:00.000+0000,1063041.966978248,694047.754193848,999999.9999999999,997621.7614937924,631777.4533181522,1107415.7010507511,1033386.1256279511
2025-03-11T10:50:00.000+0000,1062932.618626968,694047.754193848,999999.9999999999,997621.7614937924,631777.4533181522,1107307.628677871,1033386.1256279511
2025-03-11T11:00:00.000+0000,1062713.921924408,694047.754193848,999999.9999999999,997621.7614937924,631777.4533181522,1107091.4839321112,1033386.1256279511
2025-03-11T11:10:00.000+0000,1063041.966978248,694047.754193848,999999.9999999999,997621.7614937924,631777.4533181522,1107415.7010507511,1033386.1256279511
2025-03-11T11:20:00.000+0000,1063370.012032088,694047.754193848,999999.9999999999,997621.7614937924,631777.4533181522,1107739.918169391,1033386.1256279511
2025-03-11T11:30:00.000+0000,1063370.012032088,694047.754193848,999999.9999999999,997621.7614937924,631777.4533181522,1107739.918169391,1033386.1256279511
2025-03-11T11:40:00.000+0000,1063260.663680808,694047.754193848,999999.9999999999,997621.7614937924,631777.4533181522,1107631.845796511,1033386.1256279511
2025-03-11T11:50:00.000+0000,1063260.663680808,694047.754193848,999999.9999999999,997621.7614937924,631777.4533181522,1107631.845796511,1033386.1256279511
2025-03-11T12:00:00.000+0000,1063151.315329528,694047.754193848,999999.9999999999,997621.7614937924,631777.4533181522,1107523.7734236312,1033386.1256279511
2025-03-11T12:10:00.000+0000,1062932.618626968,694047.754193848,999999.9999999999,997621.7614937924,631777.4533181522,1107307.628677871,1033386.1256279511
2025-03-11T12:20:00.000+0000,1063151.315329528,694047.754193848,999999.9999999999,997621.7614937924,631777.4533181522,1107523.7734236312,1033386.1256279511
2025-03-11T12:30:00.000+0000,1063041.966978248,694047.754193848,999999.9999999999,997621.7614937924,631777.4533181522,1107415.7010507511,1033386.1256279511
2025-03-11T12:40:00.000+0000,1062713.921924408,694047.754193848,999999.9999999999,997621.7614937924,631777.4533181522,1107091.4839321112,1033386.1256279511
2025-03-11T12:50:00.000+0000,1062823.270275688,694047.754193848,999999.9999999999,997621.7614937924,631777.4533181522,1107199.556304991,1033386.1256279511
2025-03-11T13:00:00.000+0000,1062495.2252218479,694047.754193848,999999.9999999999,997621.7614937924,631777.4533181522,1106875.339186351,1033386.1256279511
2025-03-11T13:10:00.000+0000,1062385.876870568,694047.754193848,999999.9999999999,997621.7614937924,631777.4533181522,1106767.2668134712,1033386.1256279511
2025-03-11T13:20:00.000+0000,1062932.618626968,694047.754193848,999999.9999999999,997621.7614937924,631777.4533181522,1107307.628677871,1033386.1256279511
2025-03-11T13:30:00.000+0000,1063698.057085928,694047.754193848,999999.9999999999,997621.7614937924,631777.4533181522,1108064.135288031,1033386.1256279511
2025-03-11T13:40:00.000+0000,1063807.405437208,694047.754193848,999999.9999999999,997621.7614937924,631777.4533181522,1108172.2076609111,1033386.1256279511
2025-03-11T13:50:00.000+0000,1063916.753788488,694047.754193848,999999.9999999999,997621.7614937924,631777.4533181522,1108280.2800337912,1033386.1256279511
2025-03-11T14:00:00.000+0000,1063041.966978248,694047.754193848,999999.9999999999,997621.7614937924,631777.4533181522,1107415.7010507511,1033386.1256279511
2025-03-11T14:10:00.000+0000,1062604.573573128,694047.754193848,999999.9999999999,997621.7614937924,631777.4533181522,1106983.411559231,1033386.1256279511
2025-03-11T14:20:00.000+0000,1062385.876870568,694047.754193848,999999.9999999999,997621.7614937924,631777.4533181522,1106767.2668134712,1033386.1256279511
2025-03-11T14:30:00.000+0000,1061839.135114168,694047.754193848,999999.9999999999,997621.7614937924,631777.4533181522,1106226.9049490711,1033386.1256279511
2025-03-11T14:40:00.000+0000,1061839.135114168,694047.754193848,999999.9999999999,997621.7614937924,631777.4533181522,1106226.9049490711,1033386.1256279511
2025-03-11T14:50:00.000+0000,1061948.483465448,694047.754193848,999999.9999999999,997621.7614937924,631777.4533181522,1106334.9773219512,1033386.1256279511
2025-03-11T15:00:00.000+0000,1062276.528519288,694047.754193848,999999.9999999999,997621.7614937924,631777.4533181522,1106659.1944405911,1033386.1256279511
2025-03-11T15:10:00.000+0000,1062932.618626968,694047.754193848,999999.9999999999,997621.7614937924,631777.4533181522,1107307.628677871,1033386.1256279511
2025-03-11T15:20:00.000+0000,1062823.270275688,694047.754193848,999999.9999999999,997621.7614937924,631777.4533181522,1107199.556304991,1033386.1256279511
2025-03-11T15:30:00.000+0000,1062932.618626968,694047.754193848,999999.9999999999,997621.7614937924,631777.4533181522,1107307.628677871,1033386.1256279511
2025-03-11T15:40:00.000+0000,1063370.012032088,694047.754193848,999999.9999999999,997621.7614937924,631777.4533181522,1107739.918169391,1033386.1256279511
2025-03-11T15:50:00.000+0000,1063260.663680808,694047.754193848,999999.9999999999,997621.7614937924,631777.4533181522,1107631.845796511,1033386.1256279511
2025-03-11T16:00:00.000+0000,1062495.2252218479,694047.754193848,999999.9999999999,997621.7614937924,631777.4533181522,1106875.339186351,1033386.1256279511
2025-03-11T16:10:00.000+0000,1062385.876870568,694047.754193848,999999.9999999999,997621.7614937924,631777.4533181522,1106767.2668134712,1033386.1256279511
2025-03-11T16:20:00.000+0000,1062385.876870568,694047.754193848,999999.9999999999,997621.7614937924,631777.4533181522,1106767.2668134712,1033386.1256279511
2025-03-11T16:30:00.000+0000,1062167.180168008,694047.754193848,999999.9999999999,997621.7614937924,631777.4533181522,1106551.122067711,1033386.1256279511
2025-03-11T16:40:00.000+0000,1062057.831816728,694047.754193848,999999.9999999999,997621.7614937924,631777.4533181522,1106443.049694831,1033386.1256279511
2025-03-11T16:50:00.000+0000,1062057.831816728,694047.754193848,999999.9999999999,997621.7614937924,631777.4533181522,1106443.049694831,1033386.1256279511
2025-03-11T17:00:00.000+0000,1061948.483465448,694047.754193848,999999.9999999999,997621.7614937924,631777.4533181522,1106334.9773219512,1033386.1256279511
2025-03-11T17:10:00.000+0000,1061948.483465448,694047.754193848,999999.9999999999,997621.7614937924,631777.4533181522,1106334.9773219512,1033386.1256279511
2025-03-11T17:20:00.000+0000,1061729.786762888,694047.754193848,999999.9999999999,997621.7614937924,631777.4533181522,1106118.832576191,1033386.1256279511
2025-03-11T17:30:00.000+0000,1061729.786762888,694047.754193848,999999.9999999999,997621.7614937924,631777.4533181522,1106118.832576191,1033386.1256279511
2025-03-11T17:40:00.000+0000,1062057.831816728,694047.754193848,999999.9999999999,997621.7614937924,631777.4533181522,1106443.049694831,1033386.1256279511
2025-03-11T17:50:00.000+0000,1062604.573573128,694047.754193848,999999.9999999999,997621.7614937924,631777.4533181522,1106983.411559231,1033386.1256279511
2025-03-11T18:00:00.000+0000,1063370.012032088,694047.754193848,999999.9999999999,997621.7614937924,631777.4533181522,1107739.918169391,1033386.1256279511
2025-03-11T18:10:00.000+0000,1063370.012032088,694047.754193848,999999.9999999999,997621.7614937924,631777.4533181522,1107739.918169391,1033386.1256279511
2025-03-11T18:20:00.000+0000,1064463.495544888,694047.754193848,999999.9999999999,997621.7614937924,631777.4533181522,1108820.641898191,1033386.1256279511
2025-03-11T18:30:00.000+0000,1064354.1471936079,694047.754193848,999999.9999999999,997621.7614937924,631777.4533181522,1108712.5695253112,1033386.1256279511
2025-03-11T18:40:00.000+0000,1064135.450491048,694047.754193848,999999.9999999999,997621.7614937924,631777.4533181522,1108496.424779551,1033386.1256279511
2025-03-11T18:50:00.000+0000,1064135.450491048,694047.754193848,999999.9999999999,997621.7614937924,631777.4533181522,1108496.424779551,1033386.1256279511
2025-03-11T19:00:00.000+0000,1064463.495544888,694047.754193848,999999.9999999999,997621.7614937924,631777.4533181522,1108820.641898191,1033386.1256279511
2025-03-11T19:10:00.000+0000,1064135.450491048,694047.754193848,999999.9999999999,997621.7614937924,631777.4533181522,1108496.424779551,1033386.1256279511
2025-03-11T19:20:00.000+0000,1063807.405437208,694047.754193848,999999.9999999999,997621.7614937924,631777.4533181522,1108172.2076609111,1033386.1256279511
2025-03-11T19:30:00.000+0000,1063916.753788488,694047.754193848,999999.9999999999,997621.7614937924,631777.4533181522,1108280.2800337912,1033386.1256279511
2025-03-11T19:40:00.000+0000,1063698.057085928,694047.754193848,999999.9999999999,997621.7614937924,631777.4533181522,1108064.135288031,1033386.1256279511
2025-03-11T19:50:00.000+0000,1063916.753788488,694047.754193848,999999.9999999999,997621.7614937924,631777.4533181522,1108280.2800337912,1033386.1256279511
2025-03-11T20:00:00.000+0000,1063370.012032088,694047.754193848,999999.9999999999,997621.7614937924,631777.4533181522,1107739.918169391,1033386.1256279511
2025-03-11T20:10:00.000+0000,1063370.012032088,694047.754193848,999999.9999999999,997621.7614937924,631777.4533181522,1107739.918169391,1033386.1256279511
2025-03-11T20:20:00.000+0000,1063151.315329528,694047.754193848,999999.9999999999,997621.7614937924,631777.4533181522,1107523.7734236312,1033386.1256279511
2025-03-11T20:30:00.000+0000,1063041.966978248,694047.754193848,999999.9999999999,997621.7614937924,631777.4533181522,1107415.7010507511,1033386.1256279511
2025-03-11T20:40:00.000+0000,1062932.618626968,694047.754193848,999999.9999999999,997621.7614937924,631777.4533181522,1107307.628677871,1033386.1256279511
2025-03-11T20:50:00.000+0000,1062932.618626968,694047.754193848,999999.9999999999,997621.7614937924,631777.4533181522,1107307.628677871,1033386.1256279511
2025-03-11T21:00:00.000+0000,1062932.618626968,694047.754193848,999999.9999999999,997621.7614937924,631777.4533181522,1107307.628677871,1033386.1256279511
2025-03-11T21:10:00.000+0000,1062932.618626968,694047.754193848,999999.9999999999,997621.7614937924,631777.4533181522,1107307.628677871,1033386.1256279511
2025-03-11T21:20:00.000+0000,1063151.315329528,694047.754193848,999999.9999999999,997621.7614937924,631777.4533181522,1107523.7734236312,1033386.1256279511
2025-03-11T21:30:00.000+0000,1062713.921924408,694047.754193848,999999.9999999999,997621.7614937924,631777.4533181522,1107091.4839321112,1033386.1256279511
2025-03-11T21:40:00.000+0000,1062932.618626968,694047.754193848,999999.9999999999,997621.7614937924,631777.4533181522,1107307.628677871,1033386.1256279511
2025-03-11T21:50:00.000+0000,1062932.618626968,694047.754193848,999999.9999999999,997621.7614937924,631777.4533181522,1107307.628677871,1033386.1256279511
2025-03-11T22:00:00.000+0000,1062385.876870568,694047.754193848,999999.9999999999,997621.7614937924,631777.4533181522,1106767.2668134712,1033386.1256279511
2025-03-11T22:10:00.000+0000,1062495.2252218479,694047.754193848,999999.9999999999,997621.7614937924,631777.4533181522,1106875.339186351,1033386.1256279511
2025-03-11T22:20:00.000+0000,1062604.573573128,694047.754193848,999999.9999999999,997621.7614937924,631777.4533181522,1106983.411559231,1033386.1256279511
2025-03-11T22:30:00.000+0000,1062604.573573128,694047.754193848,999999.9999999999,997621.7614937924,631777.4533181522,1106983.411559231,1033386.1256279511
2025-03-11T22:40:00.000+0000,1062713.921924408,694047.754193848,999999.9999999999,997621.7614937924,631777.4533181522,1107091.4839321112,1033386.1256279511
2025-03-11T22:50:00.000+0000,1062823.270275688,694047.754193848,999999.9999999999,997621.7614937924,631777.4533181522,1107199.556304991,1033386.1256279511
2025-03-11T23:00:00.000+0000,1062276.528519288,694047.754193848,999999.9999999999,997621.7614937924,631777.4533181522,1106659.1944405911,1033386.1256279511
2025-03-11T23:10:00.000+0000,1062713.921924408,694047.754193848,999999.9999999999,997621.7614937924,631777.4533181522,1107091.4839321112,1033386.1256279511
2025-03-11T23:20:00.000+0000,1062713.921924408,694047.754193848,999999.9999999999,997621.7614937924,631777.4533181522,1107091.4839321112,1033386.1256279511
2025-03-11T23:30:00.000+0000,1062713.921924408,694047.754193848,999999.9999999999,997621.7614937924,631777.4533181522,1107091.4839321112,1033386.1256279511
2025-03-11T23:40:00.000+0000,1062713.921924408,694047.754193848,999999.9999999999,997621.7614937924,631777.4533181522,1107091.4839321112,1033386.1256279511
2025-03-11T23:50:00.000+0000,1062932.618626968,694047.754193848,999999.9999999999,997621.7614937924,631777.4533181522,1107307.628677871,1033386.1256279511
2025-03-12T00:00:00.000+0000,1062823.270275688,694047.754193848,999999.9999999999,997621.7614937924,631777.4533181522,1107199.556304991,1033386.1256279511
2025-03-12T00:10:00.000+0000,1062823.270275688,694047.754193848,999999.9999999999,997621.7614937924,631777.4533181522,1107199.556304991,1033386.1256279511
2025-03-12T00:20:00.000+0000,1062932.618626968,694047.754193848,999999.9999999999,997621.7614937924,631777.4533181522,1107307.628677871,1033386.1256279511
2025-03-12T00:30:00.000+0000,1063479.3603833679,694047.754193848,999999.9999999999,997621.7614937924,631777.4533181522,1107847.9905422712,1033386.1256279511
2025-03-12T00:40:00.000+0000,1063151.315329528,694047.754193848,999999.9999999999,997621.7614937924,631777.4533181522,1107523.7734236312,1033386.1256279511
2025-03-12T00:50:00.000+0000,1063151.315329528,694047.754193848,999999.9999999999,997621.7614937924,631777.4533181522,1107523.7734236312,1033386.1256279511
2025-03-12T01:00:00.000+0000,1063370.012032088,694047.754193848,999999.9999999999,997621.7614937924,631777.4533181522,1107739.918169391,1033386.1256279511
2025-03-12T01:10:00.000+0000,1063370.012032088,694047.754193848,999999.9999999999,997621.7614937924,631777.4533181522,1107739.918169391,1033386.1256279511
2025-03-12T01:20:00.000+0000,1063479.3603833679,694047.754193848,999999.9999999999,997621.7614937924,631777.4533181522,1107847.9905422712,1033386.1256279511
2025-03-12T01:30:00.000+0000,1064135.450491048,694047.754193848,999999.9999999999,997621.7614937924,631777.4533181522,1108496.424779551,1033386.1256279511
2025-03-12T01:40:00.000+0000,1064244.798842328,694047.754193848,999999.9999999999,997621.7614937924,631777.4533181522,1108604.4971524312,1033386.1256279511
2025-03-12T01:50:00.000+0000,1064354.1471936079,694047.754193848,999999.9999999999,997621.7614937924,631777.4533181522,1108712.5695253112,1033386.1256279511
2025-03-12T02:00:00.000+0000,1064244.798842328,694047.754193848,999999.9999999999,997621.7614937924,631777.4533181522,1108604.4971524312,1033386.1256279511
2025-03-12T02:10:00.000+0000,1064791.540598728,694047.754193848,999999.9999999999,997621.7614937924,631777.4533181522,1109144.859016831,1033386.1256279511
2025-03-12T02:20:00.000+0000,1064354.1471936079,694047.754193848,999999.9999999999,997621.7614937924,631777.4533181522,1108712.5695253112,1033386.1256279511
2025-03-12T02:30:00.000+0000,1063588.7087346478,694047.754193848,999999.9999999999,997621.7614937924,631777.4533181522,1107956.062915151,1033386.1256279511
2025-03-12T02:40:00.000+0000,1063260.663680808,694047.754193848,999999.9999999999,997621.7614937924,631777.4533181522,1107631.845796511,1033386.1256279511
2025-03-12T02:50:00.000+0000,1063479.3603833679,694047.754193848,999999.9999999999,997621.7614937924,631777.4533181522,1107847.9905422712,1033386.1256279511
2025-03-12T03:00:00.000+0000,1063479.3603833679,694047.754193848,999999.9999999999,997621.7614937924,631777.4533181522,1107847.9905422712,1033386.1256279511
2025-03-12T03:10:00.000+0000,1063041.966978248,694047.754193848,999999.9999999999,997621.7614937924,631777.4533181522,1107415.7010507511,1033386.1256279511
2025-03-12T03:20:00.000+0000,1062495.2252218479,694047.754193848,999999.9999999999,997621.7614937924,631777.4533181522,1106875.339186351,1033386.1256279511
2025-03-12T03:30:00.000+0000,1062495.2252218479,694047.754193848,999999.9999999999,997621.7614937924,631777.4533181522,1106875.339186351,1033386.1256279511
2025-03-12T03:40:00.000+0000,1062276.528519288,694047.754193848,999999.9999999999,997621.7614937924,631777.4533181522,1106659.1944405911,1033386.1256279511
2025-03-12T03:50:00.000+0000,1062276.528519288,694047.754193848,999999.9999999999,997621.7614937924,631777.4533181522,1106659.1944405911,1033386.1256279511
2025-03-12T04:00:00.000+0000,1062167.180168008,694047.754193848,999999.9999999999,997621.7614937924,631777.4533181522,1106551.122067711,1033386.1256279511
2025-03-12T04:10:00.000+0000,1062713.921924408,694047.754193848,999999.9999999999,997621.7614937924,631777.4533181522,1107091.4839321112,1033386.1256279511
2025-03-12T04:20:00.000+0000,1062385.876870568,694047.754193848,999999.9999999999,997621.7614937924,631777.4533181522,1106767.2668134712,1033386.1256279511
2025-03-12T04:30:00.000+0000,1062713.921924408,694047.754193848,999999.9999999999,997621.7614937924,631777.4533181522,1107091.4839321112,1033386.1256279511
2025-03-12T04:40:00.000+0000,1062713.921924408,694047.754193848,999999.9999999999,997621.7614937924,631777.4533181522,1107091.4839321112,1033386.1256279511
2025-03-12T04:50:00.000+0000,1062932.618626968,694047.754193848,999999.9999999999,997621.7614937924,631777.4533181522,1107307.628677871,1033386.1256279511
2025-03-12T05:00:00.000+0000,1063151.315329528,694047.754193848,999999.9999999999,997621.7614937924,631777.4533181522,1107523.7734236312,1033386.1256279511
2025-03-12T05:10:00.000+0000,1063260.663680808,694047.754193848,999999.9999999999,997621.7614937924,631777.4533181522,1107631.845796511,1033386.1256279511
2025-03-12T05:20:00.000+0000,1063151.315329528,694047.754193848,999999.9999999999,997621.7614937924,631777.4533181522,1107523.7734236312,1033386.1256279511
2025-03-12T05:30:00.000+0000,1063151.315329528,694047.754193848,999999.9999999999,997621.7614937924,631777.4533181522,1107523.7734236312,1033386.1256279511
2025-03-12T05:40:00.000+0000,1063041.966978248,694047.754193848,999999.9999999999,997621.7614937924,631777.4533181522,1107415.7010507511,1033386.1256279511
2025-03-12T05:50:00.000+0000,1063151.315329528,694047.754193848,999999.9999999999,997621.7614937924,631777.4533181522,1107523.7734236312,1033386.1256279511
2025-03-12T06:00:00.000+0000,1062495.2252218479,694047.754193848,999999.9999999999,997621.7614937924,631777.4533181522,1106875.339186351,1033386.1256279511
2025-03-12T06:10:00.000+0000,1062495.2252218479,694047.754193848,999999.9999999999,997621.7614937924,631777.4533181522,1106875.339186351,1033386.1256279511
2025-03-12T06:20:00.000+0000,1062604.573573128,694047.754193848,999999.9999999999,997621.7614937924,631777.4533181522,1106983.411559231,1033386.1256279511
2025-03-12T06:30:00.000+0000,1062604.573573128,694047.754193848,999999.9999999999,997621.7614937924,631777.4533181522,1106983.411559231,1033386.1256279511
2025-03-12T06:40:00.000+0000,1062495.2252218479,694047.754193848,999999.9999999999,997621.7614937924,631777.4533181522,1106875.339186351,1033386.1256279511
2025-03-12T06:50:00.000+0000,1062604.573573128,694047.754193848,999999.9999999999,997621.7614937924,631777.4533181522,1106983.411559231,1033386.1256279511
2025-03-12T07:00:00.000+0000,1062604.573573128,694047.754193848,999999.9999999999,997621.7614937924,631777.4533181522,1106983.411559231,1033386.1256279511
2025-03-12T07:10:00.000+0000,1062604.573573128,694047.754193848,999999.9999999999,997621.7614937924,631777.4533181522,1106983.411559231,1033386.1256279511
2025-03-12T07:20:00.000+0000,1062823.270275688,694047.754193848,999999.9999999999,997621.7614937924,631777.4533181522,1107199.556304991,1033386.1256279511
2025-03-12T07:30:00.000+0000,1062932.618626968,694047.754193848,999999.9999999999,997621.7614937924,631777.4533181522,1107307.628677871,1033386.1256279511
2025-03-12T07:40:00.000+0000,1062713.921924408,694047.754193848,999999.9999999999,997621.7614937924,631777.4533181522,1107091.4839321112,1033386.1256279511
2025-03-12T07:50:00.000+0000,1062823.270275688,694047.754193848,999999.9999999999,997621.7614937924,631777.4533181522,1107199.556304991,1033386.1256279511
2025-03-12T08:00:00.000+0000,1062604.573573128,694047.754193848,999999.9999999999,997621.7614937924,631777.4533181522,1106983.411559231,1033386.1256279511
2025-03-12T08:10:00.000+0000,1062604.573573128,694047.754193848,999999.9999999999,997621.7614937924,631777.4533181522,1106983.411559231,1033386.1256279511
2025-03-12T08:20:00.000+0000,1062604.573573128,694047.754193848,999999.9999999999,997621.7614937924,631777.4533181522,1106983.411559231,1033386.1256279511
2025-03-12T08:30:00.000+0000,1062495.2252218479,694047.754193848,999999.9999999999,997621.7614937924,631777.4533181522,1106875.339186351,1033386.1256279511
2025-03-12T08:40:00.000+0000,1062932.618626968,694047.754193848,999999.9999999999,997621.7614937924,631777.4533181522,1107307.628677871,1033386.1256279511
2025-03-12T08:50:00.000+0000,1063041.966978248,694047.754193848,999999.9999999999,997621.7614937924,631777.4533181522,1107415.7010507511,1033386.1256279511
2025-03-12T09:00:00.000+0000,1062932.618626968,694047.754193848,999999.9999999999,997621.7614937924,631777.4533181522,1107307.628677871,1033386.1256279511
2025-03-12T09:10:00.000+0000,1062604.573573128,694047.754193848,999999.9999999999,997621.7614937924,631777.4533181522,1106983.411559231,1033386.1256279511
2025-03-12T09:20:00.000+0000,1062385.876870568,694047.754193848,999999.9999999999,997621.7614937924,631777.4533181522,1106767.2668134712,1033386.1256279511
2025-03-12T09:30:00.000+0000,1062495.2252218479,694047.754193848,999999.9999999999,997621.7614937924,631777.4533181522,1106875.339186351,1033386.1256279511
2025-03-12T09:40:00.000+0000,1062604.573573128,694047.754193848,999999.9999999999,997621.7614937924,631777.4533181522,1106983.411559231,1033386.1256279511
2025-03-12T09:50:00.000+0000,1062495.2252218479,694047.754193848,999999.9999999999,997621.7614937924,631777.4533181522,1106875.339186351,1033386.1256279511
2025-03-12T10:00:00.000+0000,1062495.2252218479,694047.754193848,999999.9999999999,997621.7614937924,631777.4533181522,1106875.339186351,1033386.1256279511
2025-03-12T10:10:00.000+0000,1062604.573573128,694047.754193848,999999.9999999999,997621.7614937924,631777.4533181522,1106983.411559231,1033386.1256279511
2025-03-12T10:20:00.000+0000,1062604.573573128,694047.754193848,999999.9999999999,997621.7614937924,631777.4533181522,1106983.411559231,1033386.1256279511
2025-03-12T10:30:00.000+0000,1062823.270275688,694047.754193848,999999.9999999999,997621.7614937924,631777.4533181522,1107199.556304991,1033386.1256279511
2025-03-12T10:40:00.000+0000,1062932.618626968,694047.754193848,999999.9999999999,997621.7614937924,631777.4533181522,1107307.628677871,1033386.1256279511
2025-03-12T10:50:00.000+0000,1063041.966978248,694047.754193848,999999.9999999999,997621.7614937924,631777.4533181522,1107415.7010507511,1033386.1256279511
2025-03-12T11:00:00.000+0000,1063370.012032088,694047.754193848,999999.9999999999,997621.7614937924,631777.4533181522,1107739.918169391,1033386.1256279511
2025-03-12T11:10:00.000+0000,1063479.3603833679,694047.754193848,999999.9999999999,997621.7614937924,631777.4533181522,1107847.9905422712,1033386.1256279511
2025-03-12T11:20:00.000+0000,1063807.405437208,694047.754193848,999999.9999999999,997621.7614937924,631777.4533181522,1108172.2076609111,1033386.1256279511
2025-03-12T11:30:00.000+0000,1063807.405437208,694047.754193848,999999.9999999999,997621.7614937924,631777.4533181522,1108172.2076609111,1033386.1256279511
2025-03-12T11:40:00.000+0000,1063916.753788488,694047.754193848,999999.9999999999,997621.7614937924,631777.4533181522,1108280.2800337912,1033386.1256279511
2025-03-12T11:50:00.000+0000,1064026.102139768,694047.754193848,999999.9999999999,997621.7614937924,631777.4533181522,1108388.352406671,1033386.1256279511
2025-03-12T12:00:00.000+0000,1064244.798842328,694047.754193848,999999.9999999999,997621.7614937924,631777.4533181522,1108604.4971524312,1033386.1256279511
2025-03-12T12:10:00.000+0000,1064354.1471936079,694047.754193848,999999.9999999999,997621.7614937924,631777.4533181522,1108712.5695253112,1033386.1256279511
2025-03-12T12:20:00.000+0000,1064463.495544888,694047.754193848,999999.9999999999,997621.7614937924,631777.4533181522,1108820.641898191,1033386.1256279511
2025-03-12T12:30:00.000+0000,1064900.888950008,694047.754193848,999999.9999999999,997621.7614937924,631777.4533181522,1109252.931389711,1033386.1256279511
2025-03-12T12:40:00.000+0000,1064791.540598728,694047.754193848,999999.9999999999,997621.7614937924,631777.4533181522,1109144.859016831,1033386.1256279511
2025-03-12T12:50:00.000+0000,1065010.237301288,694047.754193848,999999.9999999999,997621.7614937924,631777.4533181522,1109361.0037625912,1033386.1256279511
2025-03-12T13:00:00.000+0000,1065010.237301288,694047.754193848,999999.9999999999,997621.7614937924,631777.4533181522,1109361.0037625912,1033386.1256279511
2025-03-12T13:10:00.000+0000,1064244.798842328,694047.754193848,999999.9999999999,997621.7614937924,631777.4533181522,1108604.4971524312,1033386.1256279511
2025-03-12T13:20:00.000+0000,1063807.405437208,694047.754193848,999999.9999999999,997621.7614937924,631777.4533181522,1108172.2076609111,1033386.1256279511
2025-03-12T13:30:00.000+0000,1063588.7087346478,694047.754193848,999999.9999999999,997621.7614937924,631777.4533181522,1107956.062915151,1033386.1256279511
2025-03-12T13:40:00.000+0000,1063260.663680808,694047.754193848,999999.9999999999,997621.7614937924,631777.4533181522,1107631.845796511,1033386.1256279511
2025-03-12T13:50:00.000+0000,1063260.663680808,694047.754193848,999999.9999999999,997621.7614937924,631777.4533181522,1107631.845796511,1033386.1256279511
2025-03-12T14:00:00.000+0000,1063479.3603833679,694047.754193848,999999.9999999999,997621.7614937924,631777.4533181522,1107847.9905422712,1033386.1256279511
2025-03-12T14:10:00.000+0000,1063041.966978248,694047.754193848,999999.9999999999,997621.7614937924,631777.4533181522,1107415.7010507511,1033386.1256279511
2025-03-12T14:20:00.000+0000,1062932.618626968,694047.754193848,999999.9999999999,997621.7614937924,631777.4533181522,1107307.628677871,1033386.1256279511
2025-03-12T14:30:00.000+0000,1062713.921924408,694047.754193848,999999.9999999999,997621.7614937924,631777.4533181522,1107091.4839321112,1033386.1256279511
2025-03-12T14:40:00.000+0000,1062713.921924408,694047.754193848,999999.9999999999,997621.7614937924,631777.4533181522,1107091.4839321112,1033386.1256279511
2025-03-12T14:50:00.000+0000,1063041.966978248,694047.754193848,999999.9999999999,997621.7614937924,631777.4533181522,1107415.7010507511,1033386.1256279511
2025-03-12T15:00:00.000+0000,1062495.2252218479,694047.754193848,999999.9999999999,997621.7614937924,631777.4533181522,1106875.339186351,1033386.1256279511
2025-03-12T15:10:00.000+0000,1062276.528519288,694047.754193848,999999.9999999999,997621.7614937924,631777.4533181522,1106659.1944405911,1033386.1256279511
2025-03-12T15:20:00.000+0000,1062495.2252218479,694047.754193848,999999.9999999999,997621.7614937924,631777.4533181522,1106875.339186351,1033386.1256279511
2025-03-12T15:30:00.000+0000,1062823.270275688,694047.754193848,999999.9999999999,997621.7614937924,631777.4533181522,1107199.556304991,1033386.1256279511
2025-03-12T15:40:00.000+0000,1062713.921924408,694047.754193848,999999.9999999999,997621.7614937924,631777.4533181522,1107091.4839321112,1033386.1256279511
2025-03-12T15:50:00.000+0000,1062713.921924408,694047.754193848,999999.9999999999,997621.7614937924,631777.4533181522,1107091.4839321112,1033386.1256279511
2025-03-12T16:00:00.000+0000,1062276.528519288,694047.754193848,999999.9999999999,997621.7614937924,631777.4533181522,1106659.1944405911,1033386.1256279511
2025-03-12T16:10:00.000+0000,1062276.528519288,694047.754193848,999999.9999999999,997621.7614937924,631777.4533181522,1106659.1944405911,1033386.1256279511
2025-03-12T16:20:00.000+0000,1061948.483465448,694047.754193848,999999.9999999999,997621.7614937924,631777.4533181522,1106334.9773219512,1033386.1256279511
2025-03-12T16:30:00.000+0000,1062057.831816728,694047.754193848,999999.9999999999,997621.7614937924,631777.4533181522,1106443.049694831,1033386.1256279511
2025-03-12T16:40:00.000+0000,1062167.180168008,694047.754193848,999999.9999999999,997621.7614937924,631777.4533181522,1106551.122067711,1033386.1256279511
2025-03-12T16:50:00.000+0000,1061620.4384116079,694047.754193848,999999.9999999999,997621.7614937924,631777.4533181522,1106010.7602033112,1033386.1256279511
2025-03-12T17:00:00.000+0000,1061839.135114168,694047.754193848,999999.9999999999,997621.7614937924,631777.4533181522,1106226.9049490711,1033386.1256279511
2025-03-12T17:10:00.000+0000,1062385.876870568,694047.754193848,999999.9999999999,997621.7614937924,631777.4533181522,1106767.2668134712,1033386.1256279511
2025-03-12T17:20:00.000+0000,1062495.2252218479,694047.754193848,999999.9999999999,997621.7614937924,631777.4533181522,1106875.339186351,1033386.1256279511
2025-03-12T17:30:00.000+0000,1062604.573573128,694047.754193848,999999.9999999999,997621.7614937924,631777.4533181522,1106983.411559231,1033386.1256279511
2025-03-12T17:40:00.000+0000,1062713.921924408,694047.754193848,999999.9999999999,997621.7614937924,631777.4533181522,1107091.4839321112,1033386.1256279511
2025-03-12T17:50:00.000+0000,1062823.270275688,694047.754193848,999999.9999999999,997621.7614937924,631777.4533181522,1107199.556304991,1033386.1256279511
2025-03-12T18:00:00.000+0000,1062932.618626968,694047.754193848,999999.9999999999,997621.7614937924,631777.4533181522,1107307.628677871,1033386.1256279511
2025-03-12T18:10:00.000+0000,1063151.315329528,694047.754193848,999999.9999999999,997621.7614937924,631777.4533181522,1107523.7734236312,1033386.1256279511
2025-03-12T18:20:00.000+0000,1063041.966978248,694047.754193848,999999.9999999999,997621.7614937924,631777.4533181522,1107415.7010507511,1033386.1256279511
2025-03-12T18:30:00.000+0000,1063041.966978248,694047.754193848,999999.9999999999,997621.7614937924,631777.4533181522,1107415.7010507511,1033386.1256279511
2025-03-12T18:40:00.000+0000,1063041.966978248,694047.754193848,999999.9999999999,997621.7614937924,631777.4533181522,1107415.7010507511,1033386.1256279511
2025-03-12T18:50:00.000+0000,1063151.315329528,694047.754193848,999999.9999999999,997621.7614937924,631777.4533181522,1107523.7734236312,1033386.1256279511
2025-03-12T19:00:00.000+0000,1062932.618626968,694047.754193848,999999.9999999999,997621.7614937924,631777.4533181522,1107307.628677871,1033386.1256279511
2025-03-12T19:10:00.000+0000,1063041.966978248,694047.754193848,999999.9999999999,997621.7614937924,631777.4533181522,1107415.7010507511,1033386.1256279511
2025-03-12T19:20:00.000+0000,1063479.3603833679,694047.754193848,999999.9999999999,997621.7614937924,631777.4533181522,1107847.9905422712,1033386.1256279511
2025-03-12T19:30:00.000+0000,1063698.057085928,694047.754193848,999999.9999999999,997621.7614937924,631777.4533181522,1108064.135288031,1033386.1256279511
2025-03-12T19:40:00.000+0000,1063698.057085928,694047.754193848,999999.9999999999,997621.7614937924,631777.4533181522,1108064.135288031,1033386.1256279511
2025-03-12T19:50:00.000+0000,1063807.405437208,694047.754193848,999999.9999999999,997621.7614937924,631777.4533181522,1108172.2076609111,1033386.1256279511
2025-03-12T20:00:00.000+0000,1063916.753788488,694047.754193848,999999.9999999999,997621.7614937924,631777.4533181522,1108280.2800337912,1033386.1256279511
2025-03-12T20:10:00.000+0000,1064135.450491048,694047.754193848,999999.9999999999,997621.7614937924,631777.4533181522,1108496.424779551,1033386.1256279511
2025-03-12T20:20:00.000+0000,1064244.798842328,694047.754193848,999999.9999999999,997621.7614937924,631777.4533181522,1108604.4971524312,1033386.1256279511
2025-03-12T20:30:00.000+0000,1064354.1471936079,694047.754193848,999999.9999999999,997621.7614937924,631777.4533181522,1108712.5695253112,1033386.1256279511
2025-03-12T20:40:00.000+0000,1064463.495544888,694047.754193848,999999.9999999999,997621.7614937924,631777.4533181522,1108820.641898191,1033386.1256279511
2025-03-12T20:50:00.000+0000,1064463.495544888,694047.754193848,999999.9999999999,997621.7614937924,631777.4533181522,1108820.641898191,1033386.1256279511
2025-03-12T21:00:00.000+0000,1064791.540598728,694047.754193848,999999.9999999999,997621.7614937924,631777.4533181522,1109144.859016831,1033386.1256279511
2025-03-12T21:10:00.000+0000,1065119.585652568,694047.754193848,999999.9999999999,997621.7614937924,631777.4533181522,1109469.076135471,1033386.1256279511
2025-03-12T21:20:00.000+0000,1065010.237301288,694047.754193848,999999.9999999999,997621.7614937924,631777.4533181522,1109361.0037625912,1033386.1256279511
2025-03-12T21:30:00.000+0000,1063916.753788488,694047.754193848,999999.9999999999,997621.7614937924,631777.4533181522,1108280.2800337912,1033386.1256279511
2025-03-12T21:40:00.000+0000,1063479.3603833679,694047.754193848,999999.9999999999,997621.7614937924,631777.4533181522,1107847.9905422712,1033386.1256279511
2025-03-12T21:50:00.000+0000,1063698.057085928,694047.754193848,999999.9999999999,997621.7614937924,631777.4533181522,1108064.135288031,1033386.1256279511
2025-03-12T22:00:00.000+0000,1063916.753788488,694047.754193848,999999.9999999999,997621.7614937924,631777.4533181522,1108280.2800337912,1033386.1256279511
2025-03-12T22:10:00.000+0000,1064135.450491048,694047.754193848,999999.9999999999,997621.7614937924,631777.4533181522,1108496.424779551,1033386.1256279511
2025-03-12T22:20:00.000+0000,1064244.798842328,694047.754193848,999999.9999999999,997621.7614937924,631777.4533181522,1108604.4971524312,1033386.1256279511
2025-03-12T22:30:00.000+0000,1064244.798842328,694047.754193848,999999.9999999999,997621.7614937924,631777.4533181522,1108604.4971524312,1033386.1256279511
2025-03-12T22:40:00.000+0000,1064244.798842328,694047.754193848,999999.9999999999,997621.7614937924,631777.4533181522,1108604.4971524312,1033386.1256279511
2025-03-12T22:50:00.000+0000,1064244.798842328,694047.754193848,999999.9999999999,997621.7614937924,631777.4533181522,1108604.4971524312,1033386.1256279511
2025-03-12T23:00:00.000+0000,1064135.450491048,694047.754193848,999999.9999999999,997621.7614937924,631777.4533181522,1108496.424779551,1033386.1256279511
2025-03-12T23:10:00.000+0000,1064244.798842328,694047.754193848,999999.9999999999,997621.7614937924,631777.4533181522,1108604.4971524312,1033386.1256279511
2025-03-12T23:20:00.000+0000,1064354.1471936079,694047.754193848,999999.9999999999,997621.7614937924,631777.4533181522,1108712.5695253112,1033386.1256279511
2025-03-12T23:30:00.000+0000,1064244.798842328,694047.754193848,999999.9999999999,997621.7614937924,631777.4533181522,1108604.4971524312,1033386.1256279511
2025-03-12T23:40:00.000+0000,1064463.495544888,694047.754193848,999999.9999999999,997621.7614937924,631777.4533181522,1108820.641898191,1033386.1256279511
2025-03-12T23:50:00.000+0000,1064463.495544888,694047.754193848,999999.9999999999,997621.7614937924,631777.4533181522,1108820.641898191,1033386.1256279511
2025-03-13T00:00:00.000+0000,1064463.495544888,694047.754193848,999999.9999999999,997621.7614937924,631777.4533181522,1108820.641898191,1033386.1256279511
2025-03-13T00:10:00.000+0000,1064572.843896168,694047.754193848,999999.9999999999,997621.7614937924,631777.4533181522,1108928.7142710711,1033386.1256279511
2025-03-13T00:20:00.000+0000,1064682.192247448,694047.754193848,999999.9999999999,997621.7614937924,631777.4533181522,1109036.7866439512,1033386.1256279511
2025-03-13T00:30:00.000+0000,1064572.843896168,694047.754193848,999999.9999999999,997621.7614937924,631777.4533181522,1108928.7142710711,1033386.1256279511
2025-03-13T00:40:00.000+0000,1064791.540598728,694047.754193848,999999.9999999999,997621.7614937924,631777.4533181522,1109144.859016831,1033386.1256279511
2025-03-13T00:50:00.000+0000,1064682.192247448,694047.754193848,999999.9999999999,997621.7614937924,631777.4533181522,1109036.7866439512,1033386.1256279511
2025-03-13T01:00:00.000+0000,1064572.843896168,694047.754193848,999999.9999999999,997621.7614937924,631777.4533181522,1108928.7142710711,1033386.1256279511
2025-03-13T01:10:00.000+0000,1065010.237301288,694047.754193848,999999.9999999999,997621.7614937924,631777.4533181522,1109361.0037625912,1033386.1256279511
2025-03-13T01:20:00.000+0000,1064682.192247448,694047.754193848,999999.9999999999,997621.7614937924,631777.4533181522,1109036.7866439512,1033386.1256279511
2025-03-13T01:30:00.000+0000,1064900.888950008,694047.754193848,999999.9999999999,997621.7614937924,631777.4533181522,1109252.931389711,1033386.1256279511
2025-03-13T01:40:00.000+0000,1064572.843896168,694047.754193848,999999.9999999999,997621.7614937924,631777.4533181522,1108928.7142710711,1033386.1256279511
2025-03-13T01:50:00.000+0000,1064900.888950008,694047.754193848,999999.9999999999,997621.7614937924,631777.4533181522,1109252.931389711,1033386.1256279511
2025-03-13T02:00:00.000+0000,1064900.888950008,694047.754193848,999999.9999999999,997621.7614937924,631777.4533181522,1109252.931389711,1033386.1256279511
2025-03-13T02:10:00.000+0000,1065338.2823551279,694047.754193848,999999.9999999999,997621.7614937924,631777.4533181522,1109685.2208812311,1033386.1256279511
2025-03-13T02:20:00.000+0000,1065119.585652568,694047.754193848,999999.9999999999,997621.7614937924,631777.4533181522,1109469.076135471,1033386.1256279511
2025-03-13T02:30:00.000+0000,1064791.540598728,694047.754193848,999999.9999999999,997621.7614937924,631777.4533181522,1109144.859016831,1033386.1256279511
2025-03-13T02:40:00.000+0000,1064463.495544888,694047.754193848,999999.9999999999,997621.7614937924,631777.4533181522,1108820.641898191,1033386.1256279511
2025-03-13T02:50:00.000+0000,1064135.450491048,694047.754193848,999999.9999999999,997621.7614937924,631777.4533181522,1108496.424779551,1033386.1256279511
2025-03-13T03:00:00.000+0000,1064135.450491048,694047.754193848,999999.9999999999,997621.7614937924,631777.4533181522,1108496.424779551,1033386.1256279511
2025-03-13T03:10:00.000+0000,1064463.495544888,694047.754193848,999999.9999999999,997621.7614937924,631777.4533181522,1108820.641898191,1033386.1256279511
2025-03-13T03:20:00.000+0000,1064463.495544888,694047.754193848,999999.9999999999,997621.7614937924,631777.4533181522,1108820.641898191,1033386.1256279511
2025-03-13T03:30:00.000+0000,1064463.495544888,694047.754193848,999999.9999999999,997621.7614937924,631777.4533181522,1108820.641898191,1033386.1256279511
2025-03-13T03:40:00.000+0000,1064463.495544888,694047.754193848,999999.9999999999,997621.7614937924,631777.4533181522,1108820.641898191,1033386.1256279511
2025-03-13T03:50:00.000+0000,1064354.1471936079,694047.754193848,999999.9999999999,997621.7614937924,631777.4533181522,1108712.5695253112,1033386.1256279511
2025-03-13T04:00:00.000+0000,1064026.102139768,694047.754193848,999999.9999999999,997621.7614937924,631777.4533181522,1108388.352406671,1033386.1256279511
2025-03-13T04:10:00.000+0000,1063916.753788488,694047.754193848,999999.9999999999,997621.7614937924,631777.4533181522,1108280.2800337912,1033386.1256279511
2025-03-13T04:20:00.000+0000,1063916.753788488,694047.754193848,999999.9999999999,997621.7614937924,631777.4533181522,1108280.2800337912,1033386.1256279511
2025-03-13T04:30:00.000+0000,1064135.450491048,694047.754193848,999999.9999999999,997621.7614937924,631777.4533181522,1108496.424779551,1033386.1256279511
2025-03-13T04:40:00.000+0000,1063916.753788488,694047.754193848,999999.9999999999,997621.7614937924,631777.4533181522,1108280.2800337912,1033386.1256279511
2025-03-13T04:50:00.000+0000,1063698.057085928,694047.754193848,999999.9999999999,997621.7614937924,631777.4533181522,1108064.135288031,1033386.1256279511
2025-03-13T05:00:00.000+0000,1063479.3603833679,694047.754193848,999999.9999999999,997621.7614937924,631777.4533181522,1107847.9905422712,1033386.1256279511
2025-03-13T05:10:00.000+0000,1063588.7087346478,694047.754193848,999999.9999999999,997621.7614937924,631777.4533181522,1107956.062915151,1033386.1256279511
2025-03-13T05:20:00.000+0000,1063588.7087346478,694047.754193848,999999.9999999999,995331.4711275524,142912.5265181522,1107956.062915151,1033386.1256279511
2025-03-13T05:30:00.000+0000,1063151.315329528,694047.754193848,999999.9999999999,995331.4711275524,629487.1629519123,1107523.7734236312,1033386.1256279511
2025-03-13T05:40:00.000+0000,1063260.663680808,694047.754193848,999999.9999999999,995331.4711275524,629487.1629519123,1107631.845796511,1033386.1256279511
2025-03-13T05:50:00.000+0000,1063479.3603833679,694047.754193848,999999.9999999999,995331.4711275524,629487.1629519123,1107847.9905422712,1033386.1256279511
2025-03-13T06:00:00.000+0000,1063370.012032088,694047.754193848,999999.9999999999,995331.4711275524,629487.1629519123,1107739.918169391,1033386.1256279511
2025-03-13T06:10:00.000+0000,1063260.663680808,694047.754193848,999999.9999999999,995331.4711275524,629487.1629519123,1107631.845796511,1033386.1256279511
2025-03-13T06:20:00.000+0000,1062823.270275688,694047.754193848,999999.9999999999,995331.4711275524,629487.1629519123,1107199.556304991,1033386.1256279511
2025-03-13T06:30:00.000+0000,1063041.966978248,694047.754193848,999999.9999999999,995331.4711275524,629487.1629519123,1107415.7010507511,1033386.1256279511
2025-03-13T06:40:00.000+0000,1063041.966978248,694047.754193848,999999.9999999999,995331.4711275524,629487.1629519123,1107415.7010507511,1033386.1256279511
2025-03-13T06:50:00.000+0000,1063151.315329528,694047.754193848,999999.9999999999,995331.4711275524,629487.1629519123,1107523.7734236312,1033386.1256279511
2025-03-13T07:00:00.000+0000,1063041.966978248,694047.754193848,999999.9999999999,995331.4711275524,629487.1629519123,1107415.7010507511,1033386.1256279511
2025-03-13T07:10:00.000+0000,1063041.966978248,694047.754193848,999999.9999999999,995331.4711275524,629487.1629519123,1107415.7010507511,1033386.1256279511
2025-03-13T07:20:00.000+0000,1063370.012032088,694047.754193848,999999.9999999999,995331.4711275524,629487.1629519123,1107739.918169391,1033386.1256279511
2025-03-13T07:30:00.000+0000,1063041.966978248,694047.754193848,999999.9999999999,995331.4711275524,629487.1629519123,1107415.7010507511,1033386.1256279511
2025-03-13T07:40:00.000+0000,1063041.966978248,694047.754193848,999999.9999999999,995331.4711275524,629487.1629519123,1107415.7010507511,1033386.1256279511
2025-03-13T07:50:00.000+0000,1063041.966978248,694047.754193848,999999.9999999999,995331.4711275524,629487.1629519123,1107415.7010507511,1033386.1256279511
2025-03-13T08:00:00.000+0000,1063151.315329528,694047.754193848,999999.9999999999,995331.4711275524,629487.1629519123,1107523.7734236312,1033386.1256279511
2025-03-13T08:10:00.000+0000,1063151.315329528,694047.754193848,999999.9999999999,995331.4711275524,629487.1629519123,1107523.7734236312,1033386.1256279511
2025-03-13T08:20:00.000+0000,1063260.663680808,694047.754193848,999999.9999999999,995331.4711275524,629487.1629519123,1107631.845796511,1033386.1256279511
2025-03-13T08:30:00.000+0000,1063370.012032088,694047.754193848,999999.9999999999,995331.4711275524,629487.1629519123,1107739.918169391,1033386.1256279511
2025-03-13T08:40:00.000+0000,1063479.3603833679,694047.754193848,999999.9999999999,995331.4711275524,629487.1629519123,1107847.9905422712,1033386.1256279511
2025-03-13T08:50:00.000+0000,1063479.3603833679,694047.754193848,999999.9999999999,995331.4711275524,629487.1629519123,1107847.9905422712,1033386.1256279511
2025-03-13T09:00:00.000+0000,1063588.7087346478,694047.754193848,999999.9999999999,995331.4711275524,629487.1629519123,1107956.062915151,1033386.1256279511
2025-03-13T09:10:00.000+0000,1063698.057085928,694047.754193848,999999.9999999999,995331.4711275524,629487.1629519123,1108064.135288031,1033386.1256279511
2025-03-13T09:20:00.000+0000,1064135.450491048,694047.754193848,999999.9999999999,995331.4711275524,629487.1629519123,1108496.424779551,1033386.1256279511
2025-03-13T09:30:00.000+0000,1064026.102139768,694047.754193848,999999.9999999999,995331.4711275524,629487.1629519123,1108388.352406671,1033386.1256279511
2025-03-13T09:40:00.000+0000,1064135.450491048,694047.754193848,999999.9999999999,995331.4711275524,629487.1629519123,1108496.424779551,1033386.1256279511
2025-03-13T09:50:00.000+0000,1064354.1471936079,694047.754193848,999999.9999999999,995331.4711275524,629487.1629519123,1108712.5695253112,1033386.1256279511
2025-03-13T10:00:00.000+0000,1064354.1471936079,694047.754193848,999999.9999999999,995331.4711275524,629487.1629519123,1108712.5695253112,1033386.1256279511
2025-03-13T10:10:00.000+0000,1063807.405437208,694047.754193848,999999.9999999999,995331.4711275524,629487.1629519123,1108172.2076609111,1033386.1256279511
2025-03-13T10:20:00.000+0000,1063916.753788488,694047.754193848,999999.9999999999,995331.4711275524,629487.1629519123,1108280.2800337912,1033386.1256279511
2025-03-13T10:30:00.000+0000,1064244.798842328,694047.754193848,999999.9999999999,995331.4711275524,629487.1629519123,1108604.4971524312,1033386.1256279511
2025-03-13T10:40:00.000+0000,1064244.798842328,694047.754193848,999999.9999999999,995331.4711275524,629487.1629519123,1108604.4971524312,1033386.1256279511
2025-03-13T10:50:00.000+0000,1064354.1471936079,694047.754193848,999999.9999999999,995331.4711275524,629487.1629519123,1108712.5695253112,1033386.1256279511
2025-03-13T11:00:00.000+0000,1064354.1471936079,694047.754193848,999999.9999999999,995331.4711275524,629487.1629519123,1108712.5695253112,1033386.1256279511
2025-03-13T11:10:00.000+0000,1064354.1471936079,694047.754193848,999999.9999999999,995331.4711275524,629487.1629519123,1108712.5695253112,1033386.1256279511
2025-03-13T11:20:00.000+0000,1064026.102139768,694047.754193848,999999.9999999999,995331.4711275524,629487.1629519123,1108388.352406671,1033386.1256279511
2025-03-13T11:30:00.000+0000,1064135.450491048,694047.754193848,999999.9999999999,995331.4711275524,629487.1629519123,1108496.424779551,1033386.1256279511
2025-03-13T11:40:00.000+0000,1064026.102139768,694047.754193848,999999.9999999999,995331.4711275524,629487.1629519123,1108388.352406671,1033386.1256279511
2025-03-13T11:50:00.000+0000,1063916.753788488,694047.754193848,999999.9999999999,995331.4711275524,629487.1629519123,1108280.2800337912,1033386.1256279511
2025-03-13T12:00:00.000+0000,1063588.7087346478,694047.754193848,999999.9999999999,995331.4711275524,629487.1629519123,1107956.062915151,1033386.1256279511
2025-03-13T12:10:00.000+0000,1063479.3603833679,694047.754193848,999999.9999999999,995331.4711275524,629487.1629519123,1107847.9905422712,1033386.1256279511
2025-03-13T12:20:00.000+0000,1064026.102139768,694047.754193848,999999.9999999999,995331.4711275524,629487.1629519123,1108388.352406671,1033386.1256279511
2025-03-13T12:30:00.000+0000,1063041.966978248,694047.754193848,999999.9999999999,995331.4711275524,629487.1629519123,1107415.7010507511,1033386.1256279511
2025-03-13T12:40:00.000+0000,1063260.663680808,694047.754193848,999999.9999999999,995331.4711275524,629487.1629519123,1107631.845796511,1033386.1256279511
2025-03-13T12:50:00.000+0000,1063041.966978248,694047.754193848,999999.9999999999,995331.4711275524,629487.1629519123,1107415.7010507511,1033386.1256279511
2025-03-13T13:00:00.000+0000,1063370.012032088,694047.754193848,999999.9999999999,995331.4711275524,629487.1629519123,1107739.918169391,1033386.1256279511
2025-03-13T13:10:00.000+0000,1063151.315329528,694047.754193848,999999.9999999999,995331.4711275524,629487.1629519123,1107523.7734236312,1033386.1256279511
2025-03-13T13:20:00.000+0000,1063041.966978248,694047.754193848,999999.9999999999,995331.4711275524,629487.1629519123,1107415.7010507511,1033386.1256279511
2025-03-13T13:30:00.000+0000,1062385.876870568,694047.754193848,999999.9999999999,995331.4711275524,629487.1629519123,1106767.2668134712,1033386.1256279511
2025-03-13T13:40:00.000+0000,1062495.2252218479,694047.754193848,999999.9999999999,995331.4711275524,629487.1629519123,1106875.339186351,1033386.1256279511
2025-03-13T13:50:00.000+0000,1062276.528519288,694047.754193848,999999.9999999999,995331.4711275524,629487.1629519123,1106659.1944405911,1033386.1256279511
2025-03-13T14:00:00.000+0000,1062385.876870568,694047.754193848,999999.9999999999,995331.4711275524,629487.1629519123,1106767.2668134712,1033386.1256279511
2025-03-13T14:10:00.000+0000,1062713.921924408,694047.754193848,999999.9999999999,995331.4711275524,629487.1629519123,1107091.4839321112,1033386.1256279511
2025-03-13T14:20:00.000+0000,1062713.921924408,694047.754193848,999999.9999999999,995331.4711275524,629487.1629519123,1107091.4839321112,1033386.1256279511
2025-03-13T14:30:00.000+0000,1063151.315329528,694047.754193848,999999.9999999999,995331.4711275524,629487.1629519123,1107523.7734236312,1033386.1256279511
2025-03-13T14:40:00.000+0000,1063260.663680808,694047.754193848,999999.9999999999,995331.4711275524,629487.1629519123,1107631.845796511,1033386.1256279511
2025-03-13T14:50:00.000+0000,1063479.3603833679,694047.754193848,999999.9999999999,995331.4711275524,629487.1629519123,1107847.9905422712,1033386.1256279511
2025-03-13T15:00:00.000+0000,1063041.966978248,694047.754193848,999999.9999999999,995331.4711275524,629487.1629519123,1107415.7010507511,1033386.1256279511
2025-03-13T15:10:00.000+0000,1062713.921924408,694047.754193848,999999.9999999999,995331.4711275524,629487.1629519123,1107091.4839321112,1033386.1256279511
2025-03-13T15:20:00.000+0000,1062932.618626968,694047.754193848,999999.9999999999,995331.4711275524,629487.1629519123,1107307.628677871,1033386.1256279511
2025-03-13T15:30:00.000+0000,1062604.573573128,694047.754193848,999999.9999999999,995331.4711275524,629487.1629519123,1106983.411559231,1033386.1256279511
2025-03-13T15:40:00.000+0000,1062604.573573128,694047.754193848,999999.9999999999,995331.4711275524,629487.1629519123,1106983.411559231,1033386.1256279511
2025-03-13T15:50:00.000+0000,1062604.573573128,694047.754193848,999999.9999999999,995331.4711275524,629487.1629519123,1106983.411559231,1033386.1256279511
2025-03-13T16:00:00.000+0000,1062276.528519288,694047.754193848,999999.9999999999,995331.4711275524,629487.1629519123,1106659.1944405911,1033386.1256279511
2025-03-13T16:10:00.000+0000,1062167.180168008,694047.754193848,999999.9999999999,995331.4711275524,629487.1629519123,1106551.122067711,1033386.1256279511
2025-03-13T16:20:00.000+0000,1062167.180168008,694047.754193848,999999.9999999999,995331.4711275524,629487.1629519123,1106551.122067711,1033386.1256279511
2025-03-13T16:30:00.000+0000,1062276.528519288,694047.754193848,999999.9999999999,995331.4711275524,629487.1629519123,1106659.1944405911,1033386.1256279511
2025-03-13T16:40:00.000+0000,1062276.528519288,694047.754193848,999999.9999999999,995331.4711275524,629487.1629519123,1106659.1944405911,1033386.1256279511
2025-03-13T16:50:00.000+0000,1062495.2252218479,694047.754193848,999999.9999999999,995331.4711275524,629487.1629519123,1106875.339186351,1033386.1256279511
2025-03-13T17:00:00.000+0000,1062495.2252218479,694047.754193848,999999.9999999999,995331.4711275524,629487.1629519123,1106875.339186351,1033386.1256279511
2025-03-13T17:10:00.000+0000,1062167.180168008,694047.754193848,999999.9999999999,995331.4711275524,629487.1629519123,1106551.122067711,1033386.1256279511
2025-03-13T17:20:00.000+0000,1062276.528519288,694047.754193848,999999.9999999999,995331.4711275524,629487.1629519123,1106659.1944405911,1033386.1256279511
2025-03-13T17:30:00.000+0000,1062057.831816728,694047.754193848,999999.9999999999,995331.4711275524,629487.1629519123,1106443.049694831,1033386.1256279511
2025-03-13T17:40:00.000+0000,1061948.483465448,694047.754193848,999999.9999999999,995331.4711275524,629487.1629519123,1106334.9773219512,1033386.1256279511
2025-03-13T17:50:00.000+0000,1062167.180168008,694047.754193848,999999.9999999999,995331.4711275524,629487.1629519123,1106551.122067711,1033386.1256279511
2025-03-13T18:00:00.000+0000,1062276.528519288,694047.754193848,999999.9999999999,995331.4711275524,629487.1629519123,1106659.1944405911,1033386.1256279511
2025-03-13T18:10:00.000+0000,1062713.921924408,694047.754193848,999999.9999999999,995331.4711275524,629487.1629519123,1107091.4839321112,1033386.1256279511
2025-03-13T18:20:00.000+0000,1062713.921924408,694047.754193848,999999.9999999999,995331.4711275524,629487.1629519123,1107091.4839321112,1033386.1256279511
2025-03-13T18:30:00.000+0000,1063151.315329528,694047.754193848,999999.9999999999,995331.4711275524,629487.1629519123,1107523.7734236312,1033386.1256279511
2025-03-13T18:40:00.000+0000,1063370.012032088,694047.754193848,999999.9999999999,995331.4711275524,629487.1629519123,1107739.918169391,1033386.1256279511
2025-03-13T18:50:00.000+0000,1063041.966978248,694047.754193848,999999.9999999999,995331.4711275524,629487.1629519123,1107415.7010507511,1033386.1256279511
2025-03-13T19:00:00.000+0000,1062823.270275688,694047.754193848,999999.9999999999,995331.4711275524,629487.1629519123,1107199.556304991,1033386.1256279511
2025-03-13T19:10:00.000+0000,1062823.270275688,694047.754193848,999999.9999999999,995331.4711275524,629487.1629519123,1107199.556304991,1033386.1256279511
2025-03-13T19:20:00.000+0000,1062713.921924408,694047.754193848,999999.9999999999,995331.4711275524,629487.1629519123,1107091.4839321112,1033386.1256279511
2025-03-13T19:30:00.000+0000,1062823.270275688,694047.754193848,999999.9999999999,995331.4711275524,629487.1629519123,1107199.556304991,1033386.1256279511
2025-03-13T19:40:00.000+0000,1062713.921924408,694047.754193848,999999.9999999999,995331.4711275524,629487.1629519123,1107091.4839321112,1033386.1256279511
2025-03-13T19:50:00.000+0000,1062713.921924408,694047.754193848,999999.9999999999,995331.4711275524,629487.1629519123,1107091.4839321112,1033386.1256279511
2025-03-13T20:00:00.000+0000,1062713.921924408,694047.754193848,999999.9999999999,995331.4711275524,629487.1629519123,1107091.4839321112,1033386.1256279511
2025-03-13T20:10:00.000+0000,1062713.921924408,694047.754193848,999999.9999999999,995331.4711275524,629487.1629519123,1107091.4839321112,1033386.1256279511
2025-03-13T20:20:00.000+0000,1062604.573573128,694047.754193848,999999.9999999999,995331.4711275524,629487.1629519123,1106983.411559231,1033386.1256279511
2025-03-13T20:30:00.000+0000,1062604.573573128,694047.754193848,999999.9999999999,995331.4711275524,629487.1629519123,1106983.411559231,1033386.1256279511
2025-03-13T20:40:00.000+0000,1062167.180168008,694047.754193848,999999.9999999999,995331.4711275524,629487.1629519123,1106551.122067711,1033386.1256279511
2025-03-13T20:50:00.000+0000,1062276.528519288,694047.754193848,999999.9999999999,995331.4711275524,629487.1629519123,1106659.1944405911,1033386.1256279511
2025-03-13T21:00:00.000+0000,1062604.573573128,694047.754193848,999999.9999999999,995331.4711275524,629487.1629519123,1106983.411559231,1033386.1256279511
2025-03-13T21:10:00.000+0000,1062495.2252218479,694047.754193848,999999.9999999999,995331.4711275524,629487.1629519123,1106875.339186351,1033386.1256279511
2025-03-13T21:20:00.000+0000,1062385.876870568,694047.754193848,999999.9999999999,995331.4711275524,629487.1629519123,1106767.2668134712,1033386.1256279511
2025-03-13T21:30:00.000+0000,1062276.528519288,694047.754193848,999999.9999999999,995331.4711275524,629487.1629519123,1106659.1944405911,1033386.1256279511
2025-03-13T21:40:00.000+0000,1062167.180168008,694047.754193848,999999.9999999999,995331.4711275524,629487.1629519123,1106551.122067711,1033386.1256279511
2025-03-13T21:50:00.000+0000,1062385.876870568,694047.754193848,999999.9999999999,995331.4711275524,629487.1629519123,1106767.2668134712,1033386.1256279511
2025-03-13T22:00:00.000+0000,1062604.573573128,694047.754193848,999999.9999999999,995331.4711275524,629487.1629519123,1106983.411559231,1033386.1256279511
2025-03-13T22:10:00.000+0000,1062713.921924408,694047.754193848,999999.9999999999,995331.4711275524,629487.1629519123,1107091.4839321112,1033386.1256279511
2025-03-13T22:20:00.000+0000,1062713.921924408,694047.754193848,999999.9999999999,995331.4711275524,629487.1629519123,1107091.4839321112,1033386.1256279511
2025-03-13T22:30:00.000+0000,1062713.921924408,694047.754193848,999999.9999999999,995331.4711275524,629487.1629519123,1107091.4839321112,1033386.1256279511
2025-03-13T22:40:00.000+0000,1062823.270275688,694047.754193848,999999.9999999999,995331.4711275524,629487.1629519123,1107199.556304991,1033386.1256279511
2025-03-13T22:50:00.000+0000,1062823.270275688,694047.754193848,999999.9999999999,995331.4711275524,629487.1629519123,1107199.556304991,1033386.1256279511
2025-03-13T23:00:00.000+0000,1062932.618626968,694047.754193848,999999.9999999999,995331.4711275524,629487.1629519123,1107307.628677871,1033386.1256279511
2025-03-13T23:10:00.000+0000,1062823.270275688,694047.754193848,999999.9999999999,995331.4711275524,629487.1629519123,1107199.556304991,1033386.1256279511
2025-03-13T23:20:00.000+0000,1062385.876870568,694047.754193848,999999.9999999999,995331.4711275524,629487.1629519123,1106767.2668134712,1033386.1256279511
2025-03-13T23:30:00.000+0000,1062167.180168008,694047.754193848,999999.9999999999,995331.4711275524,629487.1629519123,1106551.122067711,1033386.1256279511
2025-03-13T23:40:00.000+0000,1062276.528519288,694047.754193848,999999.9999999999,995331.4711275524,629487.1629519123,1106659.1944405911,1033386.1256279511
2025-03-13T23:50:00.000+0000,1062276.528519288,694047.754193848,999999.9999999999,995331.4711275524,629487.1629519123,1106659.1944405911,1033386.1256279511
2025-03-14T00:00:00.000+0000,1062276.528519288,694047.754193848,999999.9999999999,995331.4711275524,629487.1629519123,1106659.1944405911,1033386.1256279511
2025-03-14T00:10:00.000+0000,1062057.831816728,694047.754193848,999999.9999999999,995331.4711275524,629487.1629519123,1106443.049694831,1033386.1256279511
2025-03-14T00:20:00.000+0000,1062057.831816728,694047.754193848,999999.9999999999,995331.4711275524,629487.1629519123,1106443.049694831,1033386.1256279511
2025-03-14T00:30:00.000+0000,1062495.2252218479,694047.754193848,999999.9999999999,995331.4711275524,629487.1629519123,1106875.339186351,1033386.1256279511
2025-03-14T00:40:00.000+0000,1062604.573573128,694047.754193848,999999.9999999999,995331.4711275524,629487.1629519123,1106983.411559231,1033386.1256279511
2025-03-14T00:50:00.000+0000,1062823.270275688,694047.754193848,999999.9999999999,995331.4711275524,629487.1629519123,1107199.556304991,1033386.1256279511
2025-03-14T01:00:00.000+0000,1062713.921924408,694047.754193848,999999.9999999999,995331.4711275524,629487.1629519123,1107091.4839321112,1033386.1256279511
2025-03-14T01:10:00.000+0000,1062823.270275688,694047.754193848,999999.9999999999,995331.4711275524,629487.1629519123,1107199.556304991,1033386.1256279511
2025-03-14T01:20:00.000+0000,1064026.102139768,694047.754193848,999999.9999999999,995331.4711275524,629487.1629519123,1108388.352406671,1033386.1256279511
2025-03-14T01:30:00.000+0000,1063916.753788488,694047.754193848,999999.9999999999,995331.4711275524,629487.1629519123,1108280.2800337912,1033386.1256279511
2025-03-14T01:40:00.000+0000,1063588.7087346478,694047.754193848,999999.9999999999,995331.4711275524,629487.1629519123,1107956.062915151,1033386.1256279511
2025-03-14T01:50:00.000+0000,1063588.7087346478,694047.754193848,999999.9999999999,995331.4711275524,629487.1629519123,1107956.062915151,1033386.1256279511
2025-03-14T02:00:00.000+0000,1063479.3603833679,694047.754193848,999999.9999999999,995331.4711275524,629487.1629519123,1107847.9905422712,1033386.1256279511
2025-03-14T02:10:00.000+0000,1063479.3603833679,694047.754193848,999999.9999999999,995331.4711275524,629487.1629519123,1107847.9905422712,1033386.1256279511
2025-03-14T02:20:00.000+0000,1063479.3603833679,694047.754193848,999999.9999999999,995331.4711275524,629487.1629519123,1107847.9905422712,1033386.1256279511
2025-03-14T02:30:00.000+0000,1063479.3603833679,694047.754193848,999999.9999999999,995331.4711275524,629487.1629519123,1107847.9905422712,1033386.1256279511
2025-03-14T02:40:00.000+0000,1063041.966978248,694047.754193848,999999.9999999999,995331.4711275524,629487.1629519123,1107415.7010507511,1033386.1256279511
2025-03-14T02:50:00.000+0000,1063370.012032088,694047.754193848,999999.9999999999,995331.4711275524,629487.1629519123,1107739.918169391,1033386.1256279511
2025-03-14T03:00:00.000+0000,1063588.7087346478,694047.754193848,999999.9999999999,995331.4711275524,629487.1629519123,1107956.062915151,1033386.1256279511
2025-03-14T03:10:00.000+0000,1064026.102139768,694047.754193848,999999.9999999999,995331.4711275524,629487.1629519123,1108388.352406671,1033386.1256279511
2025-03-14T03:20:00.000+0000,1063479.3603833679,694047.754193848,999999.9999999999,995331.4711275524,629487.1629519123,1107847.9905422712,1033386.1256279511
2025-03-14T03:30:00.000+0000,1063479.3603833679,694047.754193848,999999.9999999999,995331.4711275524,629487.1629519123,1107847.9905422712,1033386.1256279511
2025-03-14T03:40:00.000+0000,1063479.3603833679,694047.754193848,999999.9999999999,995331.4711275524,629487.1629519123,1107847.9905422712,1033386.1256279511
2025-03-14T03:50:00.000+0000,1063479.3603833679,694047.754193848,999999.9999999999,995331.4711275524,629487.1629519123,1107847.9905422712,1033386.1256279511
2025-03-14T04:00:00.000+0000,1063588.7087346478,694047.754193848,999999.9999999999,995331.4711275524,629487.1629519123,1107956.062915151,1033386.1256279511
2025-03-14T04:10:00.000+0000,1064135.450491048,694047.754193848,999999.9999999999,995331.4711275524,629487.1629519123,1108496.424779551,1033386.1256279511
2025-03-14T04:20:00.000+0000,1064135.450491048,694047.754193848,999999.9999999999,995331.4711275524,629487.1629519123,1108496.424779551,1033386.1256279511
2025-03-14T04:30:00.000+0000,1064135.450491048,694047.754193848,999999.9999999999,995331.4711275524,629487.1629519123,1108496.424779551,1033386.1256279511
2025-03-14T04:40:00.000+0000,1064463.495544888,694047.754193848,999999.9999999999,995331.4711275524,629487.1629519123,1108820.641898191,1033386.1256279511
2025-03-14T04:50:00.000+0000,1064572.843896168,694047.754193848,999999.9999999999,995331.4711275524,629487.1629519123,1108928.7142710711,1033386.1256279511
2025-03-14T05:00:00.000+0000,1064244.798842328,694047.754193848,999999.9999999999,995331.4711275524,629487.1629519123,1108604.4971524312,1033386.1256279511
2025-03-14T05:10:00.000+0000,1063916.753788488,694047.754193848,999999.9999999999,995331.4711275524,629487.1629519123,1108280.2800337912,1033386.1256279511
2025-03-14T05:20:00.000+0000,1064244.798842328,694047.754193848,999999.9999999999,995331.4711275524,629487.1629519123,1108604.4971524312,1033386.1256279511
2025-03-14T05:30:00.000+0000,1064244.798842328,694047.754193848,999999.9999999999,995331.4711275524,629487.1629519123,1108604.4971524312,1033386.1256279511
2025-03-14T05:40:00.000+0000,1064354.1471936079,694047.754193848,999999.9999999999,995331.4711275524,629487.1629519123,1108712.5695253112,1033386.1256279511
2025-03-14T05:50:00.000+0000,1064354.1471936079,694047.754193848,999999.9999999999,995331.4711275524,629487.1629519123,1108712.5695253112,1033386.1256279511
2025-03-14T06:00:00.000+0000,1064135.450491048,694047.754193848,999999.9999999999,995331.4711275524,629487.1629519123,1108496.424779551,1033386.1256279511
2025-03-14T06:10:00.000+0000,1064135.450491048,694047.754193848,999999.9999999999,995331.4711275524,629487.1629519123,1108496.424779551,1033386.1256279511
2025-03-14T06:20:00.000+0000,1064135.450491048,694047.754193848,999999.9999999999,995331.4711275524,629487.1629519123,1108496.424779551,1033386.1256279511
2025-03-14T06:30:00.000+0000,1064354.1471936079,694047.754193848,999999.9999999999,995331.4711275524,629487.1629519123,1108712.5695253112,1033386.1256279511
2025-03-14T06:40:00.000+0000,1064682.192247448,694047.754193848,999999.9999999999,995331.4711275524,629487.1629519123,1109036.7866439512,1033386.1256279511
2025-03-14T06:50:00.000+0000,1064572.843896168,694047.754193848,999999.9999999999,995331.4711275524,629487.1629519123,1108928.7142710711,1033386.1256279511
2025-03-14T07:00:00.000+0000,1064463.495544888,694047.754193848,999999.9999999999,995331.4711275524,629487.1629519123,1108820.641898191,1033386.1256279511
2025-03-14T07:10:00.000+0000,1064463.495544888,694047.754193848,999999.9999999999,995331.4711275524,629487.1629519123,1108820.641898191,1033386.1256279511
2025-03-14T07:20:00.000+0000,1064463.495544888,694047.754193848,999999.9999999999,995331.4711275524,629487.1629519123,1108820.641898191,1033386.1256279511
2025-03-14T07:30:00.000+0000,1064572.843896168,694047.754193848,999999.9999999999,995331.4711275524,629487.1629519123,1108928.7142710711,1033386.1256279511
2025-03-14T07:40:00.000+0000,1064791.540598728,694047.754193848,999999.9999999999,995331.4711275524,629487.1629519123,1109144.859016831,1033386.1256279511
2025-03-14T07:50:00.000+0000,1064572.843896168,694047.754193848,999999.9999999999,995331.4711275524,629487.1629519123,1108928.7142710711,1033386.1256279511
2025-03-14T08:00:00.000+0000,1064572.843896168,694047.754193848,999999.9999999999,995331.4711275524,629487.1629519123,1108928.7142710711,1033386.1256279511
2025-03-14T08:10:00.000+0000,1064572.843896168,694047.754193848,999999.9999999999,995331.4711275524,629487.1629519123,1108928.7142710711,1033386.1256279511
2025-03-14T08:20:00.000+0000,1064572.843896168,694047.754193848,999999.9999999999,995331.4711275524,629487.1629519123,1108928.7142710711,1033386.1256279511
2025-03-14T08:30:00.000+0000,1064572.843896168,694047.754193848,999999.9999999999,995331.4711275524,629487.1629519123,1108928.7142710711,1033386.1256279511
2025-03-14T08:40:00.000+0000,1064572.843896168,694047.754193848,999999.9999999999,995331.4711275524,629487.1629519123,1108928.7142710711,1033386.1256279511
2025-03-14T08:50:00.000+0000,1064463.495544888,694047.754193848,999999.9999999999,995331.4711275524,629487.1629519123,1108820.641898191,1033386.1256279511
2025-03-14T09:00:00.000+0000,1064682.192247448,694047.754193848,999999.9999999999,995331.4711275524,629487.1629519123,1109036.7866439512,1033386.1256279511
2025-03-14T09:10:00.000+0000,1064900.888950008,694047.754193848,999999.9999999999,995331.4711275524,629487.1629519123,1109252.931389711,1033386.1256279511
2025-03-14T09:20:00.000+0000,1065010.237301288,694047.754193848,999999.9999999999,995331.4711275524,629487.1629519123,1109361.0037625912,1033386.1256279511
2025-03-14T09:30:00.000+0000,1064682.192247448,694047.754193848,999999.9999999999,995331.4711275524,629487.1629519123,1109036.7866439512,1033386.1256279511
2025-03-14T09:40:00.000+0000,1064682.192247448,694047.754193848,999999.9999999999,995331.4711275524,629487.1629519123,1109036.7866439512,1033386.1256279511
2025-03-14T09:50:00.000+0000,1064572.843896168,694047.754193848,999999.9999999999,995331.4711275524,629487.1629519123,1108928.7142710711,1033386.1256279511
2025-03-14T10:00:00.000+0000,1064572.843896168,694047.754193848,999999.9999999999,995331.4711275524,629487.1629519123,1108928.7142710711,1033386.1256279511
2025-03-14T10:10:00.000+0000,1064463.495544888,694047.754193848,999999.9999999999,995331.4711275524,629487.1629519123,1108820.641898191,1033386.1256279511
2025-03-14T10:20:00.000+0000,1064682.192247448,694047.754193848,999999.9999999999,995331.4711275524,629487.1629519123,1109036.7866439512,1033386.1256279511
2025-03-14T10:30:00.000+0000,1064791.540598728,694047.754193848,999999.9999999999,995331.4711275524,629487.1629519123,1109144.859016831,1033386.1256279511
2025-03-14T10:40:00.000+0000,1064791.540598728,694047.754193848,999999.9999999999,995331.4711275524,629487.1629519123,1109144.859016831,1033386.1256279511
2025-03-14T10:50:00.000+0000,1064572.843896168,694047.754193848,999999.9999999999,995331.4711275524,629487.1629519123,1108928.7142710711,1033386.1256279511
2025-03-14T11:00:00.000+0000,1064572.843896168,694047.754193848,999999.9999999999,995331.4711275524,629487.1629519123,1108928.7142710711,1033386.1256279511
2025-03-14T11:10:00.000+0000,1064682.192247448,694047.754193848,999999.9999999999,995331.4711275524,629487.1629519123,1109036.7866439512,1033386.1256279511
2025-03-14T11:20:00.000+0000,1064900.888950008,694047.754193848,999999.9999999999,995331.4711275524,629487.1629519123,1109252.931389711,1033386.1256279511
2025-03-14T11:30:00.000+0000,1064791.540598728,694047.754193848,999999.9999999999,995331.4711275524,629487.1629519123,1109144.859016831,1033386.1256279511
2025-03-14T11:40:00.000+0000,1064791.540598728,694047.754193848,999999.9999999999,995331.4711275524,629487.1629519123,1109144.859016831,1033386.1256279511
2025-03-14T11:50:00.000+0000,1064682.192247448,694047.754193848,999999.9999999999,995331.4711275524,629487.1629519123,1109036.7866439512,1033386.1256279511
2025-03-14T12:00:00.000+0000,1064572.843896168,694047.754193848,999999.9999999999,995331.4711275524,629487.1629519123,1108928.7142710711,1033386.1256279511
2025-03-14T12:10:00.000+0000,1064682.192247448,694047.754193848,999999.9999999999,995331.4711275524,629487.1629519123,1109036.7866439512,1033386.1256279511
2025-03-14T12:20:00.000+0000,1064900.888950008,694047.754193848,999999.9999999999,995331.4711275524,629487.1629519123,1109252.931389711,1033386.1256279511
2025-03-14T12:30:00.000+0000,1064900.888950008,694047.754193848,999999.9999999999,995331.4711275524,629487.1629519123,1109252.931389711,1033386.1256279511
2025-03-14T12:40:00.000+0000,1064900.888950008,694047.754193848,999999.9999999999,995331.4711275524,629487.1629519123,1109252.931389711,1033386.1256279511
2025-03-14T12:50:00.000+0000,1064900.888950008,694047.754193848,999999.9999999999,995331.4711275524,629487.1629519123,1109252.931389711,1033386.1256279511
2025-03-14T13:00:00.000+0000,1065010.237301288,694047.754193848,999999.9999999999,995331.4711275524,629487.1629519123,1109361.0037625912,1033386.1256279511
2025-03-14T13:10:00.000+0000,1064791.540598728,694047.754193848,999999.9999999999,995331.4711275524,629487.1629519123,1109144.859016831,1033386.1256279511
2025-03-14T13:20:00.000+0000,1064791.540598728,694047.754193848,999999.9999999999,995331.4711275524,629487.1629519123,1109144.859016831,1033386.1256279511
2025-03-14T13:30:00.000+0000,1064900.888950008,694047.754193848,999999.9999999999,995331.4711275524,629487.1629519123,1109252.931389711,1033386.1256279511
2025-03-14T13:40:00.000+0000,1064682.192247448,694047.754193848,999999.9999999999,995331.4711275524,629487.1629519123,1109036.7866439512,1033386.1256279511
2025-03-14T13:50:00.000+0000,1065010.237301288,694047.754193848,999999.9999999999,995331.4711275524,629487.1629519123,1109361.0037625912,1033386.1256279511
2025-03-14T14:00:00.000+0000,1064791.540598728,694047.754193848,999999.9999999999,995331.4711275524,629487.1629519123,1109144.859016831,1033386.1256279511
2025-03-14T14:10:00.000+0000,1064900.888950008,694047.754193848,999999.9999999999,995331.4711275524,629487.1629519123,1109252.931389711,1033386.1256279511
2025-03-14T14:20:00.000+0000,1065010.237301288,694047.754193848,999999.9999999999,995331.4711275524,629487.1629519123,1109361.0037625912,1033386.1256279511
2025-03-14T14:30:00.000+0000,1065119.585652568,694047.754193848,999999.9999999999,995331.4711275524,629487.1629519123,1109469.076135471,1033386.1256279511
2025-03-14T14:40:00.000+0000,1065228.934003848,694047.754193848,999999.9999999999,995331.4711275524,629487.1629519123,1109577.148508351,1033386.1256279511
2025-03-14T14:50:00.000+0000,1065228.934003848,694047.754193848,999999.9999999999,995331.4711275524,629487.1629519123,1109577.148508351,1033386.1256279511
2025-03-14T15:00:00.000+0000,1065556.979057688,694047.754193848,999999.9999999999,995331.4711275524,629487.1629519123,1109901.365626991,1033386.1256279511
2025-03-14T15:10:00.000+0000,1065775.675760248,694047.754193848,999999.9999999999,995331.4711275524,629487.1629519123,1110117.5103727512,1033386.1256279511
2025-03-14T15:20:00.000+0000,1066322.417516648,694047.754193848,999999.9999999999,995331.4711275524,629487.1629519123,1110657.872237151,1033386.1256279511
2025-03-14T15:30:00.000+0000,1066431.765867928,694047.754193848,999999.9999999999,995331.4711275524,629487.1629519123,1110765.944610031,1033386.1256279511
2025-03-14T15:40:00.000+0000,1066213.069165368,694047.754193848,999999.9999999999,995331.4711275524,629487.1629519123,1110549.7998642712,1033386.1256279511
2025-03-14T15:50:00.000+0000,1065556.979057688,694047.754193848,999999.9999999999,995331.4711275524,629487.1629519123,1109901.365626991,1033386.1256279511
2025-03-14T16:00:00.000+0000,1064900.888950008,694047.754193848,999999.9999999999,995331.4711275524,629487.1629519123,1109252.931389711,1033386.1256279511
2025-03-14T16:10:00.000+0000,1065119.585652568,694047.754193848,999999.9999999999,995331.4711275524,629487.1629519123,1109469.076135471,1033386.1256279511
2025-03-14T16:20:00.000+0000,1065010.237301288,694047.754193848,999999.9999999999,995331.4711275524,629487.1629519123,1109361.0037625912,1033386.1256279511
2025-03-14T16:30:00.000+0000,1065119.585652568,694047.754193848,999999.9999999999,995331.4711275524,629487.1629519123,1109469.076135471,1033386.1256279511
2025-03-14T16:40:00.000+0000,1065119.585652568,694047.754193848,999999.9999999999,995331.4711275524,629487.1629519123,1109469.076135471,1033386.1256279511
2025-03-14T16:50:00.000+0000,1065228.934003848,694047.754193848,999999.9999999999,995331.4711275524,629487.1629519123,1109577.148508351,1033386.1256279511
2025-03-14T17:00:00.000+0000,1065228.934003848,694047.754193848,999999.9999999999,995331.4711275524,629487.1629519123,1109577.148508351,1033386.1256279511
2025-03-14T17:10:00.000+0000,1064900.888950008,694047.754193848,999999.9999999999,995331.4711275524,629487.1629519123,1109252.931389711,1033386.1256279511
2025-03-14T17:20:00.000+0000,1064791.540598728,694047.754193848,999999.9999999999,995331.4711275524,629487.1629519123,1109144.859016831,1033386.1256279511
2025-03-14T17:30:00.000+0000,1064572.843896168,694047.754193848,999999.9999999999,995331.4711275524,629487.1629519123,1108928.7142710711,1033386.1256279511
2025-03-14T17:40:00.000+0000,1064572.843896168,694047.754193848,999999.9999999999,995331.4711275524,629487.1629519123,1108928.7142710711,1033386.1256279511
2025-03-14T17:50:00.000+0000,1064135.450491048,694047.754193848,999999.9999999999,995331.4711275524,629487.1629519123,1108496.424779551,1033386.1256279511
2025-03-14T18:00:00.000+0000,1064244.798842328,694047.754193848,999999.9999999999,995331.4711275524,629487.1629519123,1108604.4971524312,1033386.1256279511
2025-03-14T18:10:00.000+0000,1064572.843896168,694047.754193848,999999.9999999999,995331.4711275524,629487.1629519123,1108928.7142710711,1033386.1256279511
2025-03-14T18:20:00.000+0000,1063916.753788488,694047.754193848,999999.9999999999,995331.4711275524,629487.1629519123,1108280.2800337912,1033386.1256279511
2025-03-14T18:30:00.000+0000,1064135.450491048,694047.754193848,999999.9999999999,995331.4711275524,629487.1629519123,1108496.424779551,1033386.1256279511
2025-03-14T18:40:00.000+0000,1064135.450491048,694047.754193848,999999.9999999999,995331.4711275524,629487.1629519123,1108496.424779551,1033386.1256279511
2025-03-14T18:50:00.000+0000,1064026.102139768,694047.754193848,999999.9999999999,995331.4711275524,629487.1629519123,1108388.352406671,1033386.1256279511
2025-03-14T19:00:00.000+0000,1064026.102139768,694047.754193848,999999.9999999999,995331.4711275524,629487.1629519123,1108388.352406671,1033386.1256279511
2025-03-14T19:10:00.000+0000,1064026.102139768,694047.754193848,999999.9999999999,995331.4711275524,629487.1629519123,1108388.352406671,1033386.1256279511
2025-03-14T19:20:00.000+0000,1063916.753788488,694047.754193848,999999.9999999999,995331.4711275524,629487.1629519123,1108280.2800337912,1033386.1256279511
2025-03-14T19:30:00.000+0000,1063916.753788488,694047.754193848,999999.9999999999,995331.4711275524,629487.1629519123,1108280.2800337912,1033386.1256279511
2025-03-14T19:40:00.000+0000,1063916.753788488,694047.754193848,999999.9999999999,995331.4711275524,629487.1629519123,1108280.2800337912,1033386.1256279511
2025-03-14T19:50:00.000+0000,1064135.450491048,694047.754193848,999999.9999999999,995331.4711275524,629487.1629519123,1108496.424779551,1033386.1256279511
2025-03-14T20:00:00.000+0000,1064135.450491048,694047.754193848,999999.9999999999,995331.4711275524,629487.1629519123,1108496.424779551,1033386.1256279511
2025-03-14T20:10:00.000+0000,1064135.450491048,694047.754193848,999999.9999999999,995331.4711275524,629487.1629519123,1108496.424779551,1033386.1256279511
2025-03-14T20:20:00.000+0000,1063807.405437208,694047.754193848,999999.9999999999,995331.4711275524,629487.1629519123,1108172.2076609111,1033386.1256279511
2025-03-14T20:30:00.000+0000,1063807.405437208,694047.754193848,999999.9999999999,995331.4711275524,629487.1629519123,1108172.2076609111,1033386.1256279511
2025-03-14T20:40:00.000+0000,1063916.753788488,694047.754193848,999999.9999999999,995331.4711275524,629487.1629519123,1108280.2800337912,1033386.1256279511
2025-03-14T20:50:00.000+0000,1064135.450491048,694047.754193848,999999.9999999999,995331.4711275524,629487.1629519123,1108496.424779551,1033386.1256279511
2025-03-14T21:00:00.000+0000,1064135.450491048,694047.754193848,999999.9999999999,995331.4711275524,629487.1629519123,1108496.424779551,1033386.1256279511
2025-03-14T21:10:00.000+0000,1064135.450491048,694047.754193848,999999.9999999999,995331.4711275524,629487.1629519123,1108496.424779551,1033386.1256279511
2025-03-14T21:20:00.000+0000,1064135.450491048,694047.754193848,999999.9999999999,995331.4711275524,629487.1629519123,1108496.424779551,1033386.1256279511
2025-03-14T21:30:00.000+0000,1064135.450491048,694047.754193848,999999.9999999999,995331.4711275524,629487.1629519123,1108496.424779551,1033386.1256279511
2025-03-14T21:40:00.000+0000,1064463.495544888,694047.754193848,999999.9999999999,995331.4711275524,629487.1629519123,1108820.641898191,1033386.1256279511
2025-03-14T21:50:00.000+0000,1064354.1471936079,694047.754193848,999999.9999999999,995331.4711275524,629487.1629519123,1108712.5695253112,1033386.1256279511
2025-03-14T22:00:00.000+0000,1064135.450491048,694047.754193848,999999.9999999999,995331.4711275524,629487.1629519123,1108496.424779551,1033386.1256279511
2025-03-14T22:10:00.000+0000,1064135.450491048,694047.754193848,999999.9999999999,995331.4711275524,629487.1629519123,1108496.424779551,1033386.1256279511
2025-03-14T22:20:00.000+0000,1064135.450491048,694047.754193848,999999.9999999999,995331.4711275524,629487.1629519123,1108496.424779551,1033386.1256279511
2025-03-14T22:30:00.000+0000,1064244.798842328,694047.754193848,999999.9999999999,995331.4711275524,629487.1629519123,1108604.4971524312,1033386.1256279511
2025-03-14T22:40:00.000+0000,1064244.798842328,694047.754193848,999999.9999999999,995331.4711275524,629487.1629519123,1108604.4971524312,1033386.1256279511
2025-03-14T22:50:00.000+0000,1064135.450491048,694047.754193848,999999.9999999999,995331.4711275524,629487.1629519123,1108496.424779551,1033386.1256279511
2025-03-14T23:00:00.000+0000,1063807.405437208,694047.754193848,999999.9999999999,995331.4711275524,629487.1629519123,1108172.2076609111,1033386.1256279511
2025-03-14T23:10:00.000+0000,1063807.405437208,694047.754193848,999999.9999999999,995331.4711275524,629487.1629519123,1108172.2076609111,1033386.1256279511
2025-03-14T23:20:00.000+0000,1063807.405437208,694047.754193848,999999.9999999999,995331.4711275524,629487.1629519123,1108172.2076609111,1033386.1256279511
2025-03-14T23:30:00.000+0000,1063698.057085928,694047.754193848,999999.9999999999,995331.4711275524,629487.1629519123,1108064.135288031,1033386.1256279511
2025-03-14T23:40:00.000+0000,1063698.057085928,694047.754193848,999999.9999999999,995331.4711275524,629487.1629519123,1108064.135288031,1033386.1256279511
2025-03-14T23:50:00.000+0000,1063588.7087346478,694047.754193848,999999.9999999999,995331.4711275524,629487.1629519123,1107956.062915151,1033386.1256279511
2025-03-15T00:00:00.000+0000,1063370.012032088,694047.754193848,999999.9999999999,995331.4711275524,629487.1629519123,1107739.918169391,1033386.1256279511
2025-03-15T00:10:00.000+0000,1063588.7087346478,694047.754193848,999999.9999999999,995331.4711275524,629487.1629519123,1107956.062915151,1033386.1256279511
2025-03-15T00:20:00.000+0000,1063588.7087346478,694047.754193848,999999.9999999999,995331.4711275524,629487.1629519123,1107956.062915151,1033386.1256279511
2025-03-15T00:30:00.000+0000,1063698.057085928,694047.754193848,999999.9999999999,995331.4711275524,629487.1629519123,1108064.135288031,1033386.1256279511
2025-03-15T00:40:00.000+0000,1063916.753788488,694047.754193848,999999.9999999999,995331.4711275524,629487.1629519123,1108280.2800337912,1033386.1256279511
2025-03-15T00:50:00.000+0000,1064244.798842328,694047.754193848,999999.9999999999,995331.4711275524,629487.1629519123,1108604.4971524312,1033386.1256279511
2025-03-15T01:00:00.000+0000,1064026.102139768,694047.754193848,999999.9999999999,995331.4711275524,629487.1629519123,1108388.352406671,1033386.1256279511
2025-03-15T01:10:00.000+0000,1064244.798842328,694047.754193848,999999.9999999999,995331.4711275524,629487.1629519123,1108604.4971524312,1033386.1256279511
2025-03-15T01:20:00.000+0000,1064135.450491048,694047.754193848,999999.9999999999,995331.4711275524,629487.1629519123,1108496.424779551,1033386.1256279511
2025-03-15T01:30:00.000+0000,1064135.450491048,694047.754193848,999999.9999999999,995331.4711275524,629487.1629519123,1108496.424779551,1033386.1256279511
2025-03-15T01:40:00.000+0000,1064026.102139768,694047.754193848,999999.9999999999,995331.4711275524,629487.1629519123,1108388.352406671,1033386.1256279511
2025-03-15T01:50:00.000+0000,1064135.450491048,694047.754193848,999999.9999999999,995331.4711275524,629487.1629519123,1108496.424779551,1033386.1256279511
2025-03-15T02:00:00.000+0000,1063916.753788488,694047.754193848,999999.9999999999,995331.4711275524,629487.1629519123,1108280.2800337912,1033386.1256279511
2025-03-15T02:10:00.000+0000,1064026.102139768,694047.754193848,999999.9999999999,995331.4711275524,629487.1629519123,1108388.352406671,1033386.1256279511
2025-03-15T02:20:00.000+0000,1063916.753788488,694047.754193848,999999.9999999999,995331.4711275524,629487.1629519123,1108280.2800337912,1033386.1256279511
2025-03-15T02:30:00.000+0000,1064026.102139768,694047.754193848,999999.9999999999,995331.4711275524,629487.1629519123,1108388.352406671,1033386.1256279511
2025-03-15T02:40:00.000+0000,1064026.102139768,694047.754193848,999999.9999999999,995331.4711275524,629487.1629519123,1108388.352406671,1033386.1256279511
2025-03-15T02:50:00.000+0000,1064135.450491048,694047.754193848,999999.9999999999,995331.4711275524,629487.1629519123,1108496.424779551,1033386.1256279511
2025-03-15T03:00:00.000+0000,1064135.450491048,694047.754193848,999999.9999999999,995331.4711275524,629487.1629519123,1108496.424779551,1033386.1256279511
2025-03-15T03:10:00.000+0000,1064026.102139768,694047.754193848,999999.9999999999,995331.4711275524,629487.1629519123,1108388.352406671,1033386.1256279511
2025-03-15T03:20:00.000+0000,1064026.102139768,694047.754193848,999999.9999999999,995331.4711275524,629487.1629519123,1108388.352406671,1033386.1256279511
2025-03-15T03:30:00.000+0000,1064244.798842328,694047.754193848,999999.9999999999,995331.4711275524,629487.1629519123,1108604.4971524312,1033386.1256279511
2025-03-15T03:40:00.000+0000,1064244.798842328,694047.754193848,999999.9999999999,995331.4711275524,629487.1629519123,1108604.4971524312,1033386.1256279511
2025-03-15T03:50:00.000+0000,1064572.843896168,694047.754193848,999999.9999999999,995331.4711275524,629487.1629519123,1108928.7142710711,1033386.1256279511
2025-03-15T04:00:00.000+0000,1064463.495544888,694047.754193848,999999.9999999999,995331.4711275524,629487.1629519123,1108820.641898191,1033386.1256279511
2025-03-15T04:10:00.000+0000,1064244.798842328,694047.754193848,999999.9999999999,995331.4711275524,629487.1629519123,1108604.4971524312,1033386.1256279511
2025-03-15T04:20:00.000+0000,1064354.1471936079,694047.754193848,999999.9999999999,995331.4711275524,629487.1629519123,1108712.5695253112,1033386.1256279511
2025-03-15T04:30:00.000+0000,1064463.495544888,694047.754193848,999999.9999999999,995331.4711275524,629487.1629519123,1108820.641898191,1033386.1256279511
2025-03-15T04:40:00.000+0000,1064572.843896168,694047.754193848,999999.9999999999,995331.4711275524,629487.1629519123,1108928.7142710711,1033386.1256279511
2025-03-15T04:50:00.000+0000,1064572.843896168,694047.754193848,999999.9999999999,995331.4711275524,629487.1629519123,1108928.7142710711,1033386.1256279511
2025-03-15T05:00:00.000+0000,1064572.843896168,694047.754193848,999999.9999999999,995331.4711275524,629487.1629519123,1108928.7142710711,1033386.1256279511
2025-03-15T05:10:00.000+0000,1064354.1471936079,694047.754193848,999999.9999999999,995331.4711275524,629487.1629519123,1108712.5695253112,1033386.1256279511
2025-03-15T05:20:00.000+0000,1064354.1471936079,694047.754193848,999999.9999999999,995331.4711275524,629487.1629519123,1108712.5695253112,1033386.1256279511
2025-03-15T05:30:00.000+0000,1064244.798842328,694047.754193848,999999.9999999999,995331.4711275524,629487.1629519123,1108604.4971524312,1033386.1256279511
2025-03-15T05:40:00.000+0000,1064244.798842328,694047.754193848,999999.9999999999,995331.4711275524,629487.1629519123,1108604.4971524312,1033386.1256279511
2025-03-15T05:50:00.000+0000,1064354.1471936079,694047.754193848,999999.9999999999,995331.4711275524,629487.1629519123,1108712.5695253112,1033386.1256279511
2025-03-15T06:00:00.000+0000,1064354.1471936079,694047.754193848,999999.9999999999,995331.4711275524,629487.1629519123,1108712.5695253112,1033386.1256279511
2025-03-15T06:10:00.000+0000,1064463.495544888,694047.754193848,999999.9999999999,995331.4711275524,629487.1629519123,1108820.641898191,1033386.1256279511
2025-03-15T06:20:00.000+0000,1064463.495544888,694047.754193848,999999.9999999999,995331.4711275524,629487.1629519123,1108820.641898191,1033386.1256279511
2025-03-15T06:30:00.000+0000,1064354.1471936079,694047.754193848,999999.9999999999,995331.4711275524,629487.1629519123,1108712.5695253112,1033386.1256279511
2025-03-15T06:40:00.000+0000,1064354.1471936079,694047.754193848,999999.9999999999,995331.4711275524,629487.1629519123,1108712.5695253112,1033386.1256279511
2025-03-15T06:50:00.000+0000,1064135.450491048,694047.754193848,999999.9999999999,995331.4711275524,629487.1629519123,1108496.424779551,1033386.1256279511
2025-03-15T07:00:00.000+0000,1064026.102139768,694047.754193848,999999.9999999999,995331.4711275524,629487.1629519123,1108388.352406671,1033386.1256279511
2025-03-15T07:10:00.000+0000,1064026.102139768,694047.754193848,999999.9999999999,995331.4711275524,629487.1629519123,1108388.352406671,1033386.1256279511
2025-03-15T07:20:00.000+0000,1063916.753788488,694047.754193848,999999.9999999999,995331.4711275524,629487.1629519123,1108280.2800337912,1033386.1256279511
2025-03-15T07:30:00.000+0000,1063916.753788488,694047.754193848,999999.9999999999,995331.4711275524,629487.1629519123,1108280.2800337912,1033386.1256279511
2025-03-15T07:40:00.000+0000,1063916.753788488,694047.754193848,999999.9999999999,995331.4711275524,629487.1629519123,1108280.2800337912,1033386.1256279511
2025-03-15T07:50:00.000+0000,1063916.753788488,694047.754193848,999999.9999999999,995331.4711275524,629487.1629519123,1108280.2800337912,1033386.1256279511
2025-03-15T08:00:00.000+0000,1064026.102139768,694047.754193848,999999.9999999999,995331.4711275524,629487.1629519123,1108388.352406671,1033386.1256279511
2025-03-15T08:10:00.000+0000,1063807.405437208,694047.754193848,999999.9999999999,995331.4711275524,629487.1629519123,1108172.2076609111,1033386.1256279511
2025-03-15T08:20:00.000+0000,1063807.405437208,694047.754193848,999999.9999999999,995331.4711275524,629487.1629519123,1108172.2076609111,1033386.1256279511
2025-03-15T08:30:00.000+0000,1063807.405437208,694047.754193848,999999.9999999999,995331.4711275524,629487.1629519123,1108172.2076609111,1033386.1256279511
2025-03-15T08:40:00.000+0000,1063916.753788488,694047.754193848,999999.9999999999,995331.4711275524,629487.1629519123,1108280.2800337912,1033386.1256279511
2025-03-15T08:50:00.000+0000,1063807.405437208,694047.754193848,999999.9999999999,995331.4711275524,629487.1629519123,1108172.2076609111,1033386.1256279511
2025-03-15T09:00:00.000+0000,1063807.405437208,694047.754193848,999999.9999999999,995331.4711275524,629487.1629519123,1108172.2076609111,1033386.1256279511
2025-03-15T09:10:00.000+0000,1063916.753788488,694047.754193848,999999.9999999999,995331.4711275524,629487.1629519123,1108280.2800337912,1033386.1256279511
2025-03-15T09:20:00.000+0000,1063807.405437208,694047.754193848,999999.9999999999,995331.4711275524,629487.1629519123,1108172.2076609111,1033386.1256279511
2025-03-15T09:30:00.000+0000,1063916.753788488,694047.754193848,999999.9999999999,995331.4711275524,629487.1629519123,1108280.2800337912,1033386.1256279511
2025-03-15T09:40:00.000+0000,1064244.798842328,694047.754193848,999999.9999999999,995331.4711275524,629487.1629519123,1108604.4971524312,1033386.1256279511
2025-03-15T09:50:00.000+0000,1064135.450491048,694047.754193848,999999.9999999999,995331.4711275524,629487.1629519123,1108496.424779551,1033386.1256279511
2025-03-15T10:00:00.000+0000,1063807.405437208,694047.754193848,999999.9999999999,995331.4711275524,629487.1629519123,1108172.2076609111,1033386.1256279511
2025-03-15T10:10:00.000+0000,1063807.405437208,694047.754193848,999999.9999999999,995331.4711275524,629487.1629519123,1108172.2076609111,1033386.1256279511
2025-03-15T10:20:00.000+0000,1063807.405437208,694047.754193848,999999.9999999999,995331.4711275524,629487.1629519123,1108172.2076609111,1033386.1256279511
2025-03-15T10:30:00.000+0000,1063916.753788488,694047.754193848,999999.9999999999,995331.4711275524,629487.1629519123,1108280.2800337912,1033386.1256279511
2025-03-15T10:40:00.000+0000,1063807.405437208,694047.754193848,999999.9999999999,995331.4711275524,629487.1629519123,1108172.2076609111,1033386.1256279511
2025-03-15T10:50:00.000+0000,1063807.405437208,694047.754193848,999999.9999999999,995331.4711275524,629487.1629519123,1108172.2076609111,1033386.1256279511
2025-03-15T11:00:00.000+0000,1063807.405437208,694047.754193848,999999.9999999999,995331.4711275524,629487.1629519123,1108172.2076609111,1033386.1256279511
2025-03-15T11:10:00.000+0000,1063807.405437208,694047.754193848,999999.9999999999,995331.4711275524,629487.1629519123,1108172.2076609111,1033386.1256279511
2025-03-15T11:20:00.000+0000,1063916.753788488,694047.754193848,999999.9999999999,995331.4711275524,629487.1629519123,1108280.2800337912,1033386.1256279511
2025-03-15T11:30:00.000+0000,1064026.102139768,694047.754193848,999999.9999999999,995331.4711275524,629487.1629519123,1108388.352406671,1033386.1256279511
2025-03-15T11:40:00.000+0000,1064026.102139768,694047.754193848,999999.9999999999,995331.4711275524,629487.1629519123,1108388.352406671,1033386.1256279511
2025-03-15T11:50:00.000+0000,1064135.450491048,694047.754193848,999999.9999999999,995331.4711275524,629487.1629519123,1108496.424779551,1033386.1256279511
2025-03-15T12:00:00.000+0000,1064135.450491048,694047.754193848,999999.9999999999,995331.4711275524,629487.1629519123,1108496.424779551,1033386.1256279511
2025-03-15T12:10:00.000+0000,1064135.450491048,694047.754193848,999999.9999999999,995331.4711275524,629487.1629519123,1108496.424779551,1033386.1256279511
2025-03-15T12:20:00.000+0000,1064244.798842328,694047.754193848,999999.9999999999,995331.4711275524,629487.1629519123,1108604.4971524312,1033386.1256279511
2025-03-15T12:30:00.000+0000,1064244.798842328,694047.754193848,999999.9999999999,995331.4711275524,629487.1629519123,1108604.4971524312,1033386.1256279511
2025-03-15T12:40:00.000+0000,1064354.1471936079,694047.754193848,999999.9999999999,995331.4711275524,629487.1629519123,1108712.5695253112,1033386.1256279511
2025-03-15T12:50:00.000+0000,1064244.798842328,694047.754193848,999999.9999999999,995331.4711275524,629487.1629519123,1108604.4971524312,1033386.1256279511
2025-03-15T13:00:00.000+0000,1064135.450491048,694047.754193848,999999.9999999999,995331.4711275524,629487.1629519123,1108496.424779551,1033386.1256279511
2025-03-15T13:10:00.000+0000,1064135.450491048,694047.754193848,999999.9999999999,995331.4711275524,629487.1629519123,1108496.424779551,1033386.1256279511
2025-03-15T13:20:00.000+0000,1064135.450491048,694047.754193848,999999.9999999999,995331.4711275524,629487.1629519123,1108496.424779551,1033386.1256279511
2025-03-15T13:30:00.000+0000,1064135.450491048,694047.754193848,999999.9999999999,995331.4711275524,629487.1629519123,1108496.424779551,1033386.1256279511
2025-03-15T13:40:00.000+0000,1064354.1471936079,694047.754193848,999999.9999999999,995331.4711275524,629487.1629519123,1108712.5695253112,1033386.1256279511
2025-03-15T13:50:00.000+0000,1064354.1471936079,694047.754193848,999999.9999999999,995331.4711275524,629487.1629519123,1108712.5695253112,1033386.1256279511
2025-03-15T14:00:00.000+0000,1064244.798842328,694047.754193848,999999.9999999999,995331.4711275524,629487.1629519123,1108604.4971524312,1033386.1256279511
2025-03-15T14:10:00.000+0000,1064135.450491048,694047.754193848,999999.9999999999,995331.4711275524,629487.1629519123,1108496.424779551,1033386.1256279511
2025-03-15T14:20:00.000+0000,1063916.753788488,694047.754193848,999999.9999999999,995331.4711275524,629487.1629519123,1108280.2800337912,1033386.1256279511
2025-03-15T14:30:00.000+0000,1063916.753788488,694047.754193848,999999.9999999999,995331.4711275524,629487.1629519123,1108280.2800337912,1033386.1256279511
2025-03-15T14:40:00.000+0000,1064135.450491048,694047.754193848,999999.9999999999,995331.4711275524,629487.1629519123,1108496.424779551,1033386.1256279511
2025-03-15T14:50:00.000+0000,1063916.753788488,694047.754193848,999999.9999999999,995331.4711275524,629487.1629519123,1108280.2800337912,1033386.1256279511
2025-03-15T15:00:00.000+0000,1063807.405437208,694047.754193848,999999.9999999999,995331.4711275524,629487.1629519123,1108172.2076609111,1033386.1256279511
2025-03-15T15:10:00.000+0000,1063588.7087346478,694047.754193848,999999.9999999999,995331.4711275524,629487.1629519123,1107956.062915151,1033386.1256279511
2025-03-15T15:20:00.000+0000,1063698.057085928,694047.754193848,999999.9999999999,995331.4711275524,629487.1629519123,1108064.135288031,1033386.1256279511
2025-03-15T15:30:00.000+0000,1063698.057085928,694047.754193848,999999.9999999999,995331.4711275524,629487.1629519123,1108064.135288031,1033386.1256279511
2025-03-15T15:40:00.000+0000,1063807.405437208,694047.754193848,999999.9999999999,995331.4711275524,629487.1629519123,1108172.2076609111,1033386.1256279511
2025-03-15T15:50:00.000+0000,1063807.405437208,694047.754193848,999999.9999999999,995331.4711275524,629487.1629519123,1108172.2076609111,1033386.1256279511
2025-03-15T16:00:00.000+0000,1063916.753788488,694047.754193848,999999.9999999999,995331.4711275524,629487.1629519123,1108280.2800337912,1033386.1256279511
2025-03-15T16:10:00.000+0000,1063916.753788488,694047.754193848,999999.9999999999,995331.4711275524,629487.1629519123,1108280.2800337912,1033386.1256279511
2025-03-15T16:20:00.000+0000,1063916.753788488,694047.754193848,999999.9999999999,995331.4711275524,629487.1629519123,1108280.2800337912,1033386.1256279511
2025-03-15T16:30:00.000+0000,1063916.753788488,694047.754193848,999999.9999999999,995331.4711275524,629487.1629519123,1108280.2800337912,1033386.1256279511
2025-03-15T16:40:00.000+0000,1064244.798842328,694047.754193848,999999.9999999999,995331.4711275524,629487.1629519123,1108604.4971524312,1033386.1256279511
2025-03-15T16:50:00.000+0000,1064135.450491048,694047.754193848,999999.9999999999,995331.4711275524,629487.1629519123,1108496.424779551,1033386.1256279511
2025-03-15T17:00:00.000+0000,1064026.102139768,694047.754193848,999999.9999999999,995331.4711275524,629487.1629519123,1108388.352406671,1033386.1256279511
2025-03-15T17:10:00.000+0000,1064026.102139768,694047.754193848,999999.9999999999,995331.4711275524,629487.1629519123,1108388.352406671,1033386.1256279511
2025-03-15T17:20:00.000+0000,1064354.1471936079,694047.754193848,999999.9999999999,995331.4711275524,629487.1629519123,1108712.5695253112,1033386.1256279511
2025-03-15T17:30:00.000+0000,1064463.495544888,694047.754193848,999999.9999999999,995331.4711275524,629487.1629519123,1108820.641898191,1033386.1256279511
2025-03-15T17:40:00.000+0000,1064244.798842328,694047.754193848,999999.9999999999,995331.4711275524,629487.1629519123,1108604.4971524312,1033386.1256279511
2025-03-15T17:50:00.000+0000,1064135.450491048,694047.754193848,999999.9999999999,995331.4711275524,629487.1629519123,1108496.424779551,1033386.1256279511
2025-03-15T18:00:00.000+0000,1064135.450491048,694047.754193848,999999.9999999999,995331.4711275524,629487.1629519123,1108496.424779551,1033386.1256279511
2025-03-15T18:10:00.000+0000,1064244.798842328,694047.754193848,999999.9999999999,995331.4711275524,629487.1629519123,1108604.4971524312,1033386.1256279511
2025-03-15T18:20:00.000+0000,1064026.102139768,694047.754193848,999999.9999999999,995331.4711275524,629487.1629519123,1108388.352406671,1033386.1256279511
2025-03-15T18:30:00.000+0000,1064026.102139768,694047.754193848,999999.9999999999,995331.4711275524,629487.1629519123,1108388.352406671,1033386.1256279511
2025-03-15T18:40:00.000+0000,1063807.405437208,694047.754193848,999999.9999999999,995331.4711275524,629487.1629519123,1108172.2076609111,1033386.1256279511
2025-03-15T18:50:00.000+0000,1063807.405437208,694047.754193848,999999.9999999999,995331.4711275524,629487.1629519123,1108172.2076609111,1033386.1256279511
2025-03-15T19:00:00.000+0000,1063698.057085928,694047.754193848,999999.9999999999,995331.4711275524,629487.1629519123,1108064.135288031,1033386.1256279511
2025-03-15T19:10:00.000+0000,1063807.405437208,694047.754193848,999999.9999999999,995331.4711275524,629487.1629519123,1108172.2076609111,1033386.1256279511
2025-03-15T19:20:00.000+0000,1063916.753788488,694047.754193848,999999.9999999999,995331.4711275524,629487.1629519123,1108280.2800337912,1033386.1256279511
2025-03-15T19:30:00.000+0000,1063588.7087346478,694047.754193848,999999.9999999999,995331.4711275524,629487.1629519123,1107956.062915151,1033386.1256279511
2025-03-15T19:40:00.000+0000,1063698.057085928,694047.754193848,999999.9999999999,995331.4711275524,629487.1629519123,1108064.135288031,1033386.1256279511
2025-03-15T19:50:00.000+0000,1063698.057085928,694047.754193848,999999.9999999999,995331.4711275524,629487.1629519123,1108064.135288031,1033386.1256279511
2025-03-15T20:00:00.000+0000,1063807.405437208,694047.754193848,999999.9999999999,995331.4711275524,629487.1629519123,1108172.2076609111,1033386.1256279511
2025-03-15T20:10:00.000+0000,1064026.102139768,694047.754193848,999999.9999999999,995331.4711275524,629487.1629519123,1108388.352406671,1033386.1256279511
2025-03-15T20:20:00.000+0000,1064244.798842328,694047.754193848,999999.9999999999,995331.4711275524,629487.1629519123,1108604.4971524312,1033386.1256279511
2025-03-15T20:30:00.000+0000,1064244.798842328,694047.754193848,999999.9999999999,995331.4711275524,629487.1629519123,1108604.4971524312,1033386.1256279511
2025-03-15T20:40:00.000+0000,1064135.450491048,694047.754193848,999999.9999999999,995331.4711275524,629487.1629519123,1108496.424779551,1033386.1256279511
2025-03-15T20:50:00.000+0000,1064244.798842328,694047.754193848,999999.9999999999,995331.4711275524,629487.1629519123,1108604.4971524312,1033386.1256279511
2025-03-15T21:00:00.000+0000,1064354.1471936079,694047.754193848,999999.9999999999,995331.4711275524,629487.1629519123,1108712.5695253112,1033386.1256279511
2025-03-15T21:10:00.000+0000,1064463.495544888,694047.754193848,999999.9999999999,995331.4711275524,629487.1629519123,1108820.641898191,1033386.1256279511
2025-03-15T21:20:00.000+0000,1064463.495544888,694047.754193848,999999.9999999999,995331.4711275524,629487.1629519123,1108820.641898191,1033386.1256279511
2025-03-15T21:30:00.000+0000,1064463.495544888,694047.754193848,999999.9999999999,995331.4711275524,629487.1629519123,1108820.641898191,1033386.1256279511
2025-03-15T21:40:00.000+0000,1064572.843896168,694047.754193848,999999.9999999999,995331.4711275524,629487.1629519123,1108928.7142710711,1033386.1256279511
2025-03-15T21:50:00.000+0000,1064572.843896168,694047.754193848,999999.9999999999,995331.4711275524,629487.1629519123,1108928.7142710711,1033386.1256279511
2025-03-15T22:00:00.000+0000,1064572.843896168,694047.754193848,999999.9999999999,995331.4711275524,629487.1629519123,1108928.7142710711,1033386.1256279511
2025-03-15T22:10:00.000+0000,1064572.843896168,694047.754193848,999999.9999999999,995331.4711275524,629487.1629519123,1108928.7142710711,1033386.1256279511
2025-03-15T22:20:00.000+0000,1064354.1471936079,694047.754193848,999999.9999999999,995331.4711275524,629487.1629519123,1108712.5695253112,1033386.1256279511
2025-03-15T22:30:00.000+0000,1064354.1471936079,694047.754193848,999999.9999999999,995331.4711275524,629487.1629519123,1108712.5695253112,1033386.1256279511
2025-03-15T22:40:00.000+0000,1064463.495544888,694047.754193848,999999.9999999999,995331.4711275524,629487.1629519123,1108820.641898191,1033386.1256279511
2025-03-15T22:50:00.000+0000,1064572.843896168,694047.754193848,999999.9999999999,995331.4711275524,629487.1629519123,1108928.7142710711,1033386.1256279511
2025-03-15T23:00:00.000+0000,1064572.843896168,694047.754193848,999999.9999999999,995331.4711275524,629487.1629519123,1108928.7142710711,1033386.1256279511
2025-03-15T23:10:00.000+0000,1064244.798842328,694047.754193848,999999.9999999999,995331.4711275524,629487.1629519123,1108604.4971524312,1033386.1256279511
2025-03-15T23:20:00.000+0000,1064354.1471936079,694047.754193848,999999.9999999999,995331.4711275524,629487.1629519123,1108712.5695253112,1033386.1256279511
2025-03-15T23:30:00.000+0000,1064354.1471936079,694047.754193848,999999.9999999999,995331.4711275524,629487.1629519123,1108712.5695253112,1033386.1256279511
2025-03-15T23:40:00.000+0000,1064354.1471936079,694047.754193848,999999.9999999999,995331.4711275524,629487.1629519123,1108712.5695253112,1033386.1256279511
2025-03-15T23:50:00.000+0000,1064354.1471936079,694047.754193848,999999.9999999999,995331.4711275524,629487.1629519123,1108712.5695253112,1033386.1256279511
2025-03-16T00:00:00.000+0000,1063916.753788488,694047.754193848,999999.9999999999,995331.4711275524,629487.1629519123,1108280.2800337912,1033386.1256279511
2025-03-16T00:10:00.000+0000,1063698.057085928,694047.754193848,999999.9999999999,995331.4711275524,629487.1629519123,1108064.135288031,1033386.1256279511
2025-03-16T00:20:00.000+0000,1063698.057085928,694047.754193848,999999.9999999999,995331.4711275524,629487.1629519123,1108064.135288031,1033386.1256279511
2025-03-16T00:30:00.000+0000,1063698.057085928,694047.754193848,999999.9999999999,995331.4711275524,629487.1629519123,1108064.135288031,1033386.1256279511
2025-03-16T00:40:00.000+0000,1063698.057085928,694047.754193848,999999.9999999999,995331.4711275524,629487.1629519123,1108064.135288031,1033386.1256279511
2025-03-16T00:50:00.000+0000,1063698.057085928,694047.754193848,999999.9999999999,995331.4711275524,629487.1629519123,1108064.135288031,1033386.1256279511
2025-03-16T01:00:00.000+0000,1063698.057085928,694047.754193848,999999.9999999999,995331.4711275524,629487.1629519123,1108064.135288031,1033386.1256279511
2025-03-16T01:10:00.000+0000,1063588.7087346478,694047.754193848,999999.9999999999,995331.4711275524,629487.1629519123,1107956.062915151,1033386.1256279511
2025-03-16T01:20:00.000+0000,1063588.7087346478,694047.754193848,999999.9999999999,995331.4711275524,629487.1629519123,1107956.062915151,1033386.1256279511
2025-03-16T01:30:00.000+0000,1063260.663680808,694047.754193848,999999.9999999999,995331.4711275524,629487.1629519123,1107631.845796511,1033386.1256279511
2025-03-16T01:40:00.000+0000,1063479.3603833679,694047.754193848,999999.9999999999,995331.4711275524,629487.1629519123,1107847.9905422712,1033386.1256279511
2025-03-16T01:50:00.000+0000,1063479.3603833679,694047.754193848,999999.9999999999,995331.4711275524,629487.1629519123,1107847.9905422712,1033386.1256279511
2025-03-16T02:00:00.000+0000,1063260.663680808,694047.754193848,999999.9999999999,995331.4711275524,629487.1629519123,1107631.845796511,1033386.1256279511
2025-03-16T02:10:00.000+0000,1063260.663680808,694047.754193848,999999.9999999999,995331.4711275524,629487.1629519123,1107631.845796511,1033386.1256279511
2025-03-16T02:20:00.000+0000,1063370.012032088,694047.754193848,999999.9999999999,995331.4711275524,629487.1629519123,1107739.918169391,1033386.1256279511
2025-03-16T02:30:00.000+0000,1063370.012032088,694047.754193848,999999.9999999999,995331.4711275524,629487.1629519123,1107739.918169391,1033386.1256279511
2025-03-16T02:40:00.000+0000,1063260.663680808,694047.754193848,999999.9999999999,995331.4711275524,629487.1629519123,1107631.845796511,1033386.1256279511
2025-03-16T02:50:00.000+0000,1063260.663680808,694047.754193848,999999.9999999999,995331.4711275524,629487.1629519123,1107631.845796511,1033386.1256279511
2025-03-16T03:00:00.000+0000,1063260.663680808,694047.754193848,999999.9999999999,995331.4711275524,629487.1629519123,1107631.845796511,1033386.1256279511
2025-03-16T03:10:00.000+0000,1063370.012032088,694047.754193848,999999.9999999999,995331.4711275524,629487.1629519123,1107739.918169391,1033386.1256279511
2025-03-16T03:20:00.000+0000,1063370.012032088,694047.754193848,999999.9999999999,995331.4711275524,629487.1629519123,1107739.918169391,1033386.1256279511
2025-03-16T03:30:00.000+0000,1063370.012032088,694047.754193848,999999.9999999999,995331.4711275524,629487.1629519123,1107739.918169391,1033386.1256279511
2025-03-16T03:40:00.000+0000,1063479.3603833679,694047.754193848,999999.9999999999,995331.4711275524,629487.1629519123,1107847.9905422712,1033386.1256279511
2025-03-16T03:50:00.000+0000,1063479.3603833679,694047.754193848,999999.9999999999,995331.4711275524,629487.1629519123,1107847.9905422712,1033386.1256279511
2025-03-16T04:00:00.000+0000,1063479.3603833679,694047.754193848,999999.9999999999,995331.4711275524,629487.1629519123,1107847.9905422712,1033386.1256279511
2025-03-16T04:10:00.000+0000,1063479.3603833679,694047.754193848,999999.9999999999,995331.4711275524,629487.1629519123,1107847.9905422712,1033386.1256279511
2025-03-16T04:20:00.000+0000,1063479.3603833679,694047.754193848,999999.9999999999,995331.4711275524,629487.1629519123,1107847.9905422712,1033386.1256279511
2025-03-16T04:30:00.000+0000,1063370.012032088,694047.754193848,999999.9999999999,995331.4711275524,629487.1629519123,1107739.918169391,1033386.1256279511
2025-03-16T04:40:00.000+0000,1063260.663680808,694047.754193848,999999.9999999999,995331.4711275524,629487.1629519123,1107631.845796511,1033386.1256279511
2025-03-16T04:50:00.000+0000,1063260.663680808,694047.754193848,999999.9999999999,995331.4711275524,629487.1629519123,1107631.845796511,1033386.1256279511
2025-03-16T05:00:00.000+0000,1063260.663680808,694047.754193848,999999.9999999999,995331.4711275524,629487.1629519123,1107631.845796511,1033386.1256279511
2025-03-16T05:10:00.000+0000,1063151.315329528,694047.754193848,999999.9999999999,995331.4711275524,629487.1629519123,1107523.7734236312,1033386.1256279511
2025-03-16T05:20:00.000+0000,1063370.012032088,694047.754193848,999999.9999999999,995331.4711275524,629487.1629519123,1107739.918169391,1033386.1256279511
2025-03-16T05:30:00.000+0000,1063370.012032088,694047.754193848,999999.9999999999,995331.4711275524,629487.1629519123,1107739.918169391,1033386.1256279511
2025-03-16T05:40:00.000+0000,1063260.663680808,694047.754193848,999999.9999999999,995331.4711275524,629487.1629519123,1107631.845796511,1033386.1256279511
2025-03-16T05:50:00.000+0000,1063260.663680808,694047.754193848,999999.9999999999,995331.4711275524,629487.1629519123,1107631.845796511,1033386.1256279511
2025-03-16T06:00:00.000+0000,1063260.663680808,694047.754193848,999999.9999999999,995331.4711275524,629487.1629519123,1107631.845796511,1033386.1256279511
2025-03-16T06:10:00.000+0000,1063260.663680808,694047.754193848,999999.9999999999,995331.4711275524,629487.1629519123,1107631.845796511,1033386.1256279511
2025-03-16T06:20:00.000+0000,1063151.315329528,694047.754193848,999999.9999999999,995331.4711275524,629487.1629519123,1107523.7734236312,1033386.1256279511
2025-03-16T06:30:00.000+0000,1063260.663680808,694047.754193848,999999.9999999999,995331.4711275524,629487.1629519123,1107631.845796511,1033386.1256279511
2025-03-16T06:40:00.000+0000,1063370.012032088,694047.754193848,999999.9999999999,995331.4711275524,629487.1629519123,1107739.918169391,1033386.1256279511
2025-03-16T06:50:00.000+0000,1063370.012032088,694047.754193848,999999.9999999999,995331.4711275524,629487.1629519123,1107739.918169391,1033386.1256279511
2025-03-16T07:00:00.000+0000,1062932.618626968,694047.754193848,999999.9999999999,995331.4711275524,629487.1629519123,1107307.628677871,1033386.1256279511
2025-03-16T07:10:00.000+0000,1062932.618626968,694047.754193848,999999.9999999999,995331.4711275524,629487.1629519123,1107307.628677871,1033386.1256279511
2025-03-16T07:20:00.000+0000,1063041.966978248,694047.754193848,999999.9999999999,995331.4711275524,629487.1629519123,1107415.7010507511,1033386.1256279511
2025-03-16T07:30:00.000+0000,1063041.966978248,694047.754193848,999999.9999999999,995331.4711275524,629487.1629519123,1107415.7010507511,1033386.1256279511
2025-03-16T07:40:00.000+0000,1063151.315329528,694047.754193848,999999.9999999999,995331.4711275524,629487.1629519123,1107523.7734236312,1033386.1256279511
2025-03-16T07:50:00.000+0000,1063151.315329528,694047.754193848,999999.9999999999,995331.4711275524,629487.1629519123,1107523.7734236312,1033386.1256279511
2025-03-16T08:00:00.000+0000,1063041.966978248,694047.754193848,999999.9999999999,995331.4711275524,629487.1629519123,1107415.7010507511,1033386.1256279511
2025-03-16T08:10:00.000+0000,1062713.921924408,694047.754193848,999999.9999999999,995331.4711275524,629487.1629519123,1107091.4839321112,1033386.1256279511
2025-03-16T08:20:00.000+0000,1062713.921924408,694047.754193848,999999.9999999999,995331.4711275524,629487.1629519123,1107091.4839321112,1033386.1256279511
2025-03-16T08:30:00.000+0000,1062713.921924408,694047.754193848,999999.9999999999,995331.4711275524,629487.1629519123,1107091.4839321112,1033386.1256279511
2025-03-16T08:40:00.000+0000,1062713.921924408,694047.754193848,999999.9999999999,995331.4711275524,629487.1629519123,1107091.4839321112,1033386.1256279511
2025-03-16T08:50:00.000+0000,1062823.270275688,694047.754193848,999999.9999999999,995331.4711275524,629487.1629519123,1107199.556304991,1033386.1256279511
2025-03-16T09:00:00.000+0000,1062823.270275688,694047.754193848,999999.9999999999,995331.4711275524,629487.1629519123,1107199.556304991,1033386.1256279511
2025-03-16T09:10:00.000+0000,1062823.270275688,694047.754193848,999999.9999999999,995331.4711275524,629487.1629519123,1107199.556304991,1033386.1256279511
2025-03-16T09:20:00.000+0000,1062823.270275688,694047.754193848,999999.9999999999,995331.4711275524,629487.1629519123,1107199.556304991,1033386.1256279511
2025-03-16T09:30:00.000+0000,1062604.573573128,694047.754193848,999999.9999999999,995331.4711275524,629487.1629519123,1106983.411559231,1033386.1256279511
2025-03-16T09:40:00.000+0000,1062385.876870568,694047.754193848,999999.9999999999,995331.4711275524,629487.1629519123,1106767.2668134712,1033386.1256279511
2025-03-16T09:50:00.000+0000,1062495.2252218479,694047.754193848,999999.9999999999,995331.4711275524,629487.1629519123,1106875.339186351,1033386.1256279511
2025-03-16T10:00:00.000+0000,1062385.876870568,694047.754193848,999999.9999999999,995331.4711275524,629487.1629519123,1106767.2668134712,1033386.1256279511
2025-03-16T10:10:00.000+0000,1062385.876870568,694047.754193848,999999.9999999999,995331.4711275524,629487.1629519123,1106767.2668134712,1033386.1256279511
2025-03-16T10:20:00.000+0000,1062167.180168008,694047.754193848,999999.9999999999,995331.4711275524,629487.1629519123,1106551.122067711,1033386.1256279511
2025-03-16T10:30:00.000+0000,1062167.180168008,694047.754193848,999999.9999999999,995331.4711275524,629487.1629519123,1106551.122067711,1033386.1256279511
2025-03-16T10:40:00.000+0000,1062057.831816728,694047.754193848,999999.9999999999,995331.4711275524,629487.1629519123,1106443.049694831,1033386.1256279511
2025-03-16T10:50:00.000+0000,1061948.483465448,694047.754193848,999999.9999999999,995331.4711275524,629487.1629519123,1106334.9773219512,1033386.1256279511
2025-03-16T11:00:00.000+0000,1061620.4384116079,694047.754193848,999999.9999999999,995331.4711275524,629487.1629519123,1106010.7602033112,1033386.1256279511
2025-03-16T11:10:00.000+0000,1061401.741709048,694047.754193848,999999.9999999999,995331.4711275524,629487.1629519123,1105794.615457551,1033386.1256279511
2025-03-16T11:20:00.000+0000,1061183.045006488,694047.754193848,999999.9999999999,995331.4711275524,629487.1629519123,1105578.4707117912,1033386.1256279511
2025-03-16T11:30:00.000+0000,1060964.348303928,694047.754193848,999999.9999999999,995331.4711275524,629487.1629519123,1105362.325966031,1033386.1256279511
2025-03-16T11:40:00.000+0000,1060964.348303928,694047.754193848,999999.9999999999,995331.4711275524,629487.1629519123,1105362.325966031,1033386.1256279511
2025-03-16T11:50:00.000+0000,1060854.999952648,694047.754193848,999999.9999999999,995331.4711275524,629487.1629519123,1105254.2535931512,1033386.1256279511
2025-03-16T12:00:00.000+0000,1060964.348303928,694047.754193848,999999.9999999999,995331.4711275524,629487.1629519123,1105362.325966031,1033386.1256279511
2025-03-16T12:10:00.000+0000,1061183.045006488,694047.754193848,999999.9999999999,995331.4711275524,629487.1629519123,1105578.4707117912,1033386.1256279511
2025-03-16T12:20:00.000+0000,1061073.696655208,694047.754193848,999999.9999999999,995331.4711275524,629487.1629519123,1105470.3983389111,1033386.1256279511
2025-03-16T12:30:00.000+0000,1061183.045006488,694047.754193848,999999.9999999999,995331.4711275524,629487.1629519123,1105578.4707117912,1033386.1256279511
2025-03-16T12:40:00.000+0000,1061073.696655208,694047.754193848,999999.9999999999,995331.4711275524,629487.1629519123,1105470.3983389111,1033386.1256279511
2025-03-16T12:50:00.000+0000,1060854.999952648,694047.754193848,999999.9999999999,995331.4711275524,629487.1629519123,1105254.2535931512,1033386.1256279511
2025-03-16T13:00:00.000+0000,1060854.999952648,694047.754193848,999999.9999999999,995331.4711275524,629487.1629519123,1105254.2535931512,1033386.1256279511
2025-03-16T13:10:00.000+0000,1061073.696655208,694047.754193848,999999.9999999999,995331.4711275524,629487.1629519123,1105470.3983389111,1033386.1256279511
2025-03-16T13:20:00.000+0000,1060854.999952648,694047.754193848,999999.9999999999,995331.4711275524,629487.1629519123,1105254.2535931512,1033386.1256279511
2025-03-16T13:30:00.000+0000,1060854.999952648,694047.754193848,999999.9999999999,995331.4711275524,629487.1629519123,1105254.2535931512,1033386.1256279511
2025-03-16T13:40:00.000+0000,1059980.213142408,694047.754193848,999999.9999999999,995331.4711275524,629487.1629519123,1104389.6746101112,1033386.1256279511
2025-03-16T13:50:00.000+0000,1060089.561493688,694047.754193848,999999.9999999999,995331.4711275524,629487.1629519123,1104497.7469829912,1033386.1256279511
2025-03-16T14:00:00.000+0000,1060198.909844968,694047.754193848,999999.9999999999,995331.4711275524,629487.1629519123,1104605.819355871,1033386.1256279511
2025-03-16T14:10:00.000+0000,1060198.909844968,694047.754193848,999999.9999999999,995331.4711275524,629487.1629519123,1104605.819355871,1033386.1256279511
2025-03-16T14:20:00.000+0000,1060417.606547528,694047.754193848,999999.9999999999,995331.4711275524,629487.1629519123,1104821.9641016312,1033386.1256279511
2025-03-16T14:30:00.000+0000,1060198.909844968,694047.754193848,999999.9999999999,995331.4711275524,629487.1629519123,1104605.819355871,1033386.1256279511
2025-03-16T14:40:00.000+0000,1060308.258196248,694047.754193848,999999.9999999999,995331.4711275524,629487.1629519123,1104713.8917287511,1033386.1256279511
2025-03-16T14:50:00.000+0000,1060417.606547528,694047.754193848,999999.9999999999,995331.4711275524,629487.1629519123,1104821.9641016312,1033386.1256279511
2025-03-16T15:00:00.000+0000,1060308.258196248,694047.754193848,999999.9999999999,995331.4711275524,629487.1629519123,1104713.8917287511,1033386.1256279511
2025-03-16T15:10:00.000+0000,1060198.909844968,694047.754193848,999999.9999999999,995331.4711275524,629487.1629519123,1104605.819355871,1033386.1256279511
2025-03-16T15:20:00.000+0000,1060198.909844968,694047.754193848,999999.9999999999,995331.4711275524,629487.1629519123,1104605.819355871,1033386.1256279511
2025-03-16T15:30:00.000+0000,1060198.909844968,694047.754193848,999999.9999999999,995331.4711275524,629487.1629519123,1104605.819355871,1033386.1256279511
2025-03-16T15:40:00.000+0000,1060089.561493688,694047.754193848,999999.9999999999,995331.4711275524,629487.1629519123,1104497.7469829912,1033386.1256279511
2025-03-16T15:50:00.000+0000,1059643.72380772,65.20763384800716,999999.9999999999,995331.4711275524,629487.1629519123,1103779.3289272632,273.08986795108854
2025-03-16T16:00:00.000+0000,1045861.669179,158276.65619859996,999999.9999999999,995331.4711275524,629487.1629519123,1085639.6908563832,329501.4199590469
2025-03-16T16:10:00.000+0000,1023011.7225719602,158276.65619859996,999999.9999999999,995331.4711275524,629487.1629519123,1055375.0897121509,329501.4199590469
2025-03-16T16:20:00.000+0000,1022922.62230924,158276.65619859996,999999.9999999999,995331.4711275524,629487.1629519123,1055222.480507263,329501.4199590469
2025-03-16T16:30:00.000+0000,1025988.45178196,158276.65619859996,999999.9999999999,995331.4711275524,629487.1629519123,1059285.3133786712,329501.4199590469
2025-03-16T16:40:00.000+0000,1039284.5089199601,158276.65619859996,999999.9999999999,995331.4711275524,629487.1629519123,1076750.979089127,329501.4199590469
2025-03-16T16:50:00.000+0000,1047757.05505628,158276.65619859996,999999.9999999999,995331.4711275524,629487.1629519123,1088093.8974291747,329501.4199590469
2025-03-16T17:00:00.000+0000,1044184.9800042799,158276.65619859996,999999.9999999999,995331.4711275524,629487.1629519123,1083401.6290293508,329501.4199590469
2025-03-16T17:10:00.000+0000,1047757.05505628,158276.65619859996,999999.9999999999,995331.4711275524,629487.1629519123,1088093.8974291747,329501.4199590469
2025-03-16T17:20:00.000+0000,1051726.02733628,158276.65619859996,999999.9999999999,995331.4711275524,629487.1629519123,1093307.5289845346,329501.4199590469
2025-03-16T17:30:00.000+0000,1062114.20743844,158276.65619859996,999999.9999999999,995331.4711275524,629487.1629519123,1107060.1170653668,329501.4199590469
2025-03-16T17:40:00.000+0000,1052657.5261406002,158276.65619859996,999999.9999999999,995331.4711275524,629487.1629519123,1094744.5473693989,329501.4199590469
2025-03-16T17:50:00.000+0000,1050494.83947516,158276.65619859996,999999.9999999999,995331.4711275524,629487.1629519123,1091832.513181943,329501.4199590469
2025-03-16T18:00:00.000+0000,1039867.7145818803,158276.65619859996,999999.9999999999,995331.4711275524,629487.1629519123,1077908.3171873589,329501.4199590469
2025-03-16T18:10:00.000+0000,1039073.92012588,158276.65619859996,999999.9999999999,995331.4711275524,629487.1629519123,1076865.5908762868,329501.4199590469
2025-03-16T18:20:00.000+0000,1030143.73249588,158276.65619859996,999999.9999999999,995331.4711275524,629487.1629519123,1065134.9198767268,329501.4199590469
2025-03-16T18:30:00.000+0000,1022185.53984732,158276.65619859996,999999.9999999999,995331.4711275524,629487.1629519123,1054752.1935980148,329501.4199590469
2025-03-16T18:40:00.000+0000,1027345.20381132,158276.65619859996,999999.9999999999,995331.4711275524,629487.1629519123,1061529.9146199827,329501.4199590469
2025-03-16T18:50:00.000+0000,1021282.3970400402,158276.65619859996,999999.9999999999,995331.4711275524,629487.1629519123,1053601.394914063,329501.4199590469
2025-03-16T19:00:00.000+0000,1017710.3219880399,575.7135585999604,999999.9999999999,995331.4711275524,629487.1629519123,1048909.126514239,1306.3628390468152
2025-03-16T19:10:00.000+0000,1060354.63916656,158959.21556039999,999999.9999999999,995331.4711275524,629487.1629519123,1104977.246307375,330413.1176382469
2025-03-16T19:20:00.000+0000,1083048.8107434,158959.21556039999,999999.9999999999,995331.4711275524,629487.1629519123,1134250.147197007,330413.1176382469
2025-03-16T19:30:00.000+0000,1086132.1176629679,344944.269631408,999999.9999999999,995331.4711275524,629487.1629519123,1138627.9211138547,540143.2436426949
2025-03-16T19:40:00.000+0000,1086350.8143655278,344944.269631408,999999.9999999999,995331.4711275524,629487.1629519123,1138844.0658596149,540143.2436426949
2025-03-16T19:50:00.000+0000,1092940.1890651921,344944.269631408,999999.9999999999,995331.4711275524,629487.1629519123,1148239.182368719,540143.2436426949
2025-03-16T20:00:00.000+0000,1092978.500561456,344944.269631408,999999.9999999999,995331.4711275524,629487.1629519123,1148110.7410740228,540143.2436426949
2025-03-16T20:10:00.000+0000,1098299.592679536,344944.269631408,999999.9999999999,995331.4711275524,629487.1629519123,1155587.151556903,540143.2436426949
2025-03-16T20:20:00.000+0000,1091648.227531936,344944.269631408,999999.9999999999,995331.4711275524,629487.1629519123,1146241.638453303,540143.2436426949
2025-03-16T20:30:00.000+0000,1095130.61636036,344944.269631408,999999.9999999999,995331.4711275524,629487.1629519123,1151180.143156367,540143.2436426949
2025-03-16T20:40:00.000+0000,1110428.75619984,344944.269631408,999999.9999999999,995331.4711275524,629487.1629519123,1172674.8232946468,540143.2436426949
2025-03-16T20:50:00.000+0000,1099810.250915352,344944.269631408,999999.9999999999,995331.4711275524,629487.1629519123,1157800.840218079,540143.2436426949
2025-03-16T21:00:00.000+0000,1106946.367371416,344944.269631408,999999.9999999999,995331.4711275524,629487.1629519123,1167736.3185915826,540143.2436426949
2025-03-16T21:10:00.000+0000,1103112.25453748,344944.269631408,999999.9999999999,995331.4711275524,629487.1629519123,1162394.758880687,540143.2436426949
2025-03-16T21:20:00.000+0000,1093111.527864408,344944.269631408,999999.9999999999,995331.4711275524,629487.1629519123,1148297.6513360948,540143.2436426949
2025-03-16T21:30:00.000+0000,1088455.572261088,344944.269631408,999999.9999999999,995331.4711275524,629487.1629519123,1141755.7921635746,540143.2436426949
2025-03-16T21:40:00.000+0000,1090294.275550744,344944.269631408,999999.9999999999,995331.4711275524,629487.1629519123,1144293.6979433908,540143.2436426949
2025-03-16T21:50:00.000+0000,1099448.146101136,344944.269631408,999999.9999999999,995331.4711275524,629487.1629519123,1155059.2452201028,540143.2436426949
2025-03-16T22:00:00.000+0000,1086420.51681892,344944.269631408,999999.9999999999,995331.4711275524,629487.1629519123,1137028.156610127,540143.2436426949
2025-03-16T22:10:00.000+0000,1082444.330274952,344944.269631408,999999.9999999999,995331.4711275524,629487.1629519123,1131213.569564079,540143.2436426949
2025-03-16T22:20:00.000+0000,1087860.13819972,344944.269631408,999999.9999999999,995331.4711275524,629487.1629519123,1139005.3316037268,540143.2436426949
2025-03-16T22:30:00.000+0000,1088084.421039792,344944.269631408,999999.9999999999,995331.4711275524,629487.1629519123,1138728.0800925188,540143.2436426949
2025-03-16T22:40:00.000+0000,1085329.1591740642,344944.269631408,999999.9999999999,995331.4711275524,629487.1629519123,1134674.5232943108,540143.2436426949
2025-03-16T22:50:00.000+0000,1087803.733889296,344944.269631408,999999.9999999999,995331.4711275524,629487.1629519123,1138561.538752263,540143.2436426949
2025-03-16T23:00:00.000+0000,1084853.45427268,344944.269631408,999999.9999999999,995331.4711275524,629487.1629519123,1134370.6750974872,540143.2436426949
2025-03-16T23:10:00.000+0000,1087599.669731328,344944.269631408,999999.9999999999,995331.4711275524,629487.1629519123,1137723.5564548392,540143.2436426949
2025-03-16T23:20:00.000+0000,1075969.89006408,344944.269631408,999999.9999999999,995331.4711275524,629487.1629519123,1121433.129170887,540143.2436426949
2025-03-16T23:30:00.000+0000,1077001.383128944,344944.269631408,999999.9999999999,995331.4711275524,629487.1629519123,1122563.456305191,540143.2436426949
2025-03-16T23:40:00.000+0000,1069927.257120816,344944.269631408,999999.9999999999,995331.4711275524,629487.1629519123,1112578.374526183,540143.2436426949
2025-03-16T23:50:00.000+0000,1071904.573850936,344944.269631408,999999.9999999999,995331.4711275524,629487.1629519123,1114809.794311103,540143.2436426949
2025-03-17T00:00:00.000+0000,1072365.646207728,344944.269631408,999999.9999999999,995331.4711275524,629487.1629519123,1115320.921691815,540143.2436426949
2025-03-17T00:10:00.000+0000,1071857.2159475922,344944.269631408,999999.9999999999,995331.4711275524,629487.1629519123,1114652.1185327189,540143.2436426949
2025-03-17T00:20:00.000+0000,1082313.428839944,344944.269631408,999999.9999999999,995331.4711275524,629487.1629519123,1129753.7497149908,540143.2436426949
2025-03-17T00:30:00.000+0000,1083971.7469233042,344944.269631408,999999.9999999999,995331.4711275524,629487.1629519123,1131947.069454351,540143.2436426949
2025-03-17T00:40:00.000+0000,1083368.60085648,344944.269631408,999999.9999999999,995331.4711275524,629487.1629519123,1130962.914738487,540143.2436426949
2025-03-17T00:50:00.000+0000,1087521.712337176,344944.269631408,999999.9999999999,995331.4711275524,629487.1629519123,1136342.5744949428,540143.2436426949
2025-03-17T01:00:00.000+0000,1090244.248844152,344944.269631408,999999.9999999999,995331.4711275524,629487.1629519123,1140031.1763308786,540143.2436426949
2025-03-17T01:10:00.000+0000,1091364.871578192,344944.269631408,999999.9999999999,995331.4711275524,629487.1629519123,1141970.2512789187,540143.2436426949
2025-03-17T01:20:00.000+0000,1099331.87721072,344944.269631408,999999.9999999999,995331.4711275524,629487.1629519123,1153392.1461871266,540143.2436426949
2025-03-17T01:30:00.000+0000,1102728.5966395359,344944.269631408,999999.9999999999,995331.4711275524,629487.1629519123,1158301.416406503,540143.2436426949
2025-03-17T01:40:00.000+0000,1115020.052551976,344944.269631408,999999.9999999999,995331.4711275524,629487.1629519123,1175161.4400385427,540143.2436426949
2025-03-17T01:50:00.000+0000,1113846.4857770798,344944.269631408,999999.9999999999,995331.4711275524,629487.1629519123,1173558.085569087,540143.2436426949
2025-03-17T02:00:00.000+0000,1107360.8732911842,344944.269631408,999999.9999999999,995331.4711275524,629487.1629519123,1164764.437689831,540143.2436426949
2025-03-17T02:10:00.000+0000,1111289.7019318081,344944.269631408,999999.9999999999,995331.4711275524,629487.1629519123,1170421.3489574948,540143.2436426949
2025-03-17T02:20:00.000+0000,1111745.188151088,344944.269631408,999999.9999999999,995331.4711275524,629487.1629519123,1171425.872595175,540143.2436426949
2025-03-17T02:30:00.000+0000,1114305.432265928,152.1789814079791,999999.9999999999,994835.4369056723,9444.385601912385,1175342.1225368148,540143.2436426949
2025-03-17T02:40:00.000+0000,1140434.020143808,145344.07181992798,999999.9999999999,999704.0495971125,98448.39828359218,1203232.489429175,540143.2436426949
2025-03-17T02:50:00.000+0000,1138226.10145296,191349.62256220786,999999.9999999999,1008613.7853017524,201804.05031139217,1198372.8226153026,540143.2436426949
2025-03-17T03:00:00.000+0000,1135580.7893569923,191349.62256220786,999999.9999999999,1008613.7853017524,201804.05031139217,1193080.866309911,540143.2436426949
2025-03-17T03:10:00.000+0000,1133652.0589167199,191349.62256220786,999999.9999999999,1013800.0493686325,201804.05031139217,1188703.092393063,540143.2436426949
2025-03-17T03:20:00.000+0000,1134500.099501072,191349.62256220786,999999.9999999999,1014198.9927583925,201804.05031139217,1191497.880762271,540143.2436426949
2025-03-17T03:30:00.000+0000,1129563.1076767358,191349.62256220786,999999.9999999999,1018321.4077859124,201804.05031139217,1180233.6616324466,540143.2436426949
2025-03-17T03:40:00.000+0000,1128021.754926192,191349.62256220786,999999.9999999999,1023374.6907228725,201804.05031139217,1177371.5387339909,540143.2436426949
2025-03-17T03:50:00.000+0000,1129331.6173172959,191349.62256220786,999999.9999999999,1009544.6532111923,201804.05031139217,1180519.778705527,540143.2436426949
2025-03-17T04:00:00.000+0000,1130472.798721232,191349.62256220786,999999.9999999999,1020582.0869945524,201804.05031139217,1182210.8366260468,540143.2436426949
2025-03-17T04:10:00.000+0000,1122563.608659216,191349.62256220786,999999.9999999999,1024039.5963724724,201804.05031139217,1164562.4341020868,540143.2436426949
2025-03-17T04:20:00.000+0000,1122442.6255631838,191349.62256220786,999999.9999999999,1034944.0490259125,201804.05031139217,1164030.937799559,540143.2436426949
2025-03-17T04:30:00.000+0000,1123231.333511648,191349.62256220786,999999.9999999999,1032816.3509471922,201804.05031139217,1165397.7786014392,540143.2436426949
2025-03-17T04:40:00.000+0000,1124165.4529577757,191349.62256220786,999999.9999999999,1029092.8793094323,201804.05031139217,1167690.3051518067,540143.2436426949
2025-03-17T04:50:00.000+0000,1121302.603071376,191349.62256220786,999999.9999999999,1029624.8038291123,201804.05031139217,1161256.518352167,540143.2436426949
2025-03-17T05:00:00.000+0000,1114261.2463468318,191349.62256220786,999999.9999999999,1034545.1056361524,201804.05031139217,1149869.1335237906,540143.2436426949
2025-03-17T05:10:00.000+0000,1111143.636611488,191349.62256220786,999999.9999999999,1045582.5394195125,201804.05031139217,1142874.6159379352,540143.2436426949
2025-03-17T05:20:00.000+0000,1109275.397719232,191349.62256220786,999999.9999999999,1047710.2374982322,201804.05031139217,1138762.5901723509,540143.2436426949
2025-03-17T05:30:00.000+0000,1109845.408965136,191349.62256220786,999999.9999999999,1048774.0865375926,201804.05031139217,1140149.799896047,540143.2436426949
2025-03-17T05:40:00.000+0000,1109979.185718048,191349.62256220786,999999.9999999999,1049704.9544470324,201804.05031139217,1140179.0343797347,540143.2436426949
2025-03-17T05:50:00.000+0000,1108184.2320306879,191349.62256220786,999999.9999999999,1051566.6902659123,201804.05031139217,1135830.494946575,540143.2436426949
2025-03-17T06:00:00.000+0000,1108644.8949253121,191349.62256220786,999999.9999999999,1046646.3884588723,201804.05031139217,1137109.6322973908,540143.2436426949
2025-03-17T06:10:00.000+0000,1115669.981256592,191349.62256220786,999999.9999999999,1039465.4074431923,201804.05031139217,1151776.336190071,540143.2436426949
2025-03-17T06:20:00.000+0000,1120086.9775504158,191349.62256220786,999999.9999999999,1031752.5019078323,201804.05031139217,1160569.9840693267,540143.2436426949
2025-03-17T06:30:00.000+0000,1127436.632199152,191349.62256220786,999999.9999999999,1001565.7854159924,201804.05031139217,1178337.9623261108,540143.2436426949
2025-03-17T06:40:00.000+0000,1139240.5052002238,191349.62256220786,999999.9999999999,971246.0877942324,201804.05031139217,1204318.4887541188,540143.2436426949
2025-03-17T06:50:00.000+0000,1160932.314418976,191349.62256220786,999999.9999999999,839727.7503033525,201804.05031139217,1251399.505874447,540143.2436426949
2025-03-17T07:00:00.000+0000,1184358.5857770722,191349.62256220786,999999.9999999999,902760.8058854323,201804.05031139217,1302563.314276671,540143.2436426949
2025-03-17T07:10:00.000+0000,1174312.4444048477,191349.62256220786,999999.9999999999,936139.0694953522,201804.05031139217,1281512.4269898548,540143.2436426949
2025-03-17T07:20:00.000+0000,1185825.494410592,191349.62256220786,999999.9999999999,915526.9943577524,201804.05031139217,1306587.636591191,540143.2436426949
2025-03-17T07:30:00.000+0000,1199631.383056832,191349.62256220786,999999.9999999999,896510.6927791924,201804.05031139217,1336709.4232684707,540143.2436426949
2025-03-17T07:40:00.000+0000,1193590.4318870725,191349.62256220786,999999.9999999999,903691.6737948722,201804.05031139217,1323015.370731711,540143.2436426949
2025-03-17T07:50:00.000+0000,1199110.2286141918,191349.62256220786,999999.9999999999,900766.0889366323,201804.05031139217,1335164.537766391,540143.2436426949
2025-03-17T08:00:00.000+0000,1198575.1216025443,191349.62256220786,999999.9999999999,877361.4100707122,201804.05031139217,1335047.5998316389,540143.2436426949
2025-03-17T08:10:00.000+0000,1215025.163432624,191349.62256220786,999999.9999999999,851031.1463465524,201804.05031139217,1371387.0285627989,540143.2436426949
2025-03-17T08:20:00.000+0000,1223809.1403048798,191349.62256220786,999999.9999999999,853424.8066851125,201804.05031139217,1390057.685848183,540143.2436426949
2025-03-17T08:30:00.000+0000,1222293.3748680963,191349.62256220786,999999.9999999999,851297.1086063925,201804.05031139217,1386191.039312047,540143.2436426949
2025-03-17T08:40:00.000+0000,1222876.1797708804,191349.62256220786,999999.9999999999,862866.4669094326,201804.05031139217,1387075.987216903,540143.2436426949
2025-03-17T08:50:00.000+0000,1239301.793199328,191349.62256220786,999999.9999999999,798902.5434179124,201804.05031139217,1423494.2538372548,540143.2436426949
2025-03-17T09:00:00.000+0000,1274180.6230151518,191349.62256220786,999999.9999999999,748901.6385679924,201804.05031139217,1499467.5236895508,540143.2436426949
2025-03-17T09:10:00.000+0000,1294295.0163369754,191349.62256220786,999999.9999999999,724699.0729225524,201804.05031139217,1543341.8318709668,540143.2436426949
2025-03-17T09:20:00.000+0000,1301609.7667514563,191349.62256220786,999999.9999999999,728422.5445603124,201804.05031139217,1559839.538338807,540143.2436426949
2025-03-17T09:30:00.000+0000,1286275.3190115518,191349.62256220786,999999.9999999999,738928.0538239925,201804.05031139217,1526353.3669442309,540143.2436426949
2025-03-17T09:40:00.000+0000,1290581.808041968,191349.62256220786,999999.9999999999,743183.4499814324,201804.05031139217,1535964.628199095,540143.2436426949
2025-03-17T09:50:00.000+0000,1296950.8042655678,191349.62256220786,999999.9999999999,740390.8462531124,201804.05031139217,1549982.8978544946,540143.2436426949
2025-03-17T10:00:00.000+0000,1269921.8318758723,191349.62256220786,999999.9999999999,763130.6194694324,201804.05031139217,1490624.272404791,540143.2436426949
2025-03-17T10:10:00.000+0000,1281434.8818816158,191349.62256220786,999999.9999999999,759806.0912214324,201804.05031139217,1515699.4820061268,540143.2436426949
2025-03-17T10:20:00.000+0000,1283763.7836684962,191349.62256220786,999999.9999999999,753688.9592451125,201804.05031139217,1521090.645122527,540143.2436426949
2025-03-17T10:30:00.000+0000,1295810.78177376,191349.62256220786,999999.9999999999,746640.9593593525,201804.05031139217,1547208.4784071026,540143.2436426949
2025-03-17T10:40:00.000+0000,1291856.7661988158,191349.62256220786,999999.9999999999,758609.2610521525,201804.05031139217,1537842.5963816866,540143.2436426949
2025-03-17T10:50:00.000+0000,1283110.011385072,191349.62256220786,999999.9999999999,765258.3175481523,201804.05031139217,1518590.8393882709,540143.2436426949
2025-03-17T11:00:00.000+0000,1279422.390403824,191349.62256220786,999999.9999999999,747837.7895286325,201804.05031139217,1510209.112078719,540143.2436426949
2025-03-17T11:10:00.000+0000,1306948.088834528,191349.62256220786,999999.9999999999,729220.4313398324,201804.05031139217,1571191.4609196954,540143.2436426949
2025-03-17T11:20:00.000+0000,1307699.5747244796,191349.62256220786,999999.9999999999,724300.1295327924,201804.05031139217,1573375.915097183,540143.2436426949
2025-03-17T11:30:00.000+0000,1303381.4509493122,191349.62256220786,999999.9999999999,731481.1105484723,201804.05031139217,1563341.229912671,540143.2436426949
2025-03-17T11:40:00.000+0000,1303247.6741964002,191349.62256220786,999999.9999999999,740656.8085129524,201804.05031139217,1563311.9954289827,540143.2436426949
2025-03-17T11:50:00.000+0000,1307214.4834282238,191349.62256220786,999999.9999999999,733342.8463673524,201804.05031139217,1572175.615635559,540143.2436426949
2025-03-17T12:00:00.000+0000,1300967.6292127836,191349.62256220786,999999.9999999999,704219.9789148725,201804.05031139217,1557763.1565341987,540143.2436426949
2025-03-17T12:10:00.000+0000,1306596.774291184,191349.62256220786,999999.9999999999,714592.5070486325,201804.05031139217,1570020.3959417595,540143.2436426949
2025-03-17T12:20:00.000+0000,1299814.8130640963,191349.62256220786,999999.9999999999,744513.2612806323,201804.05031139217,1555490.9989056468,540143.2436426949
2025-03-17T12:30:00.000+0000,1301282.880609744,191349.62256220786,999999.9999999999,739326.9972137524,201804.05031139217,1558589.6354716793,540143.2436426949
2025-03-17T12:40:00.000+0000,1307603.0200300796,191349.62256220786,999999.9999999999,735470.5444460723,201804.05031139217,1572765.5809054626,540143.2436426949
2025-03-17T12:50:00.000+0000,1312334.1088087359,191349.62256220786,999999.9999999999,726826.7710012724,201804.05031139217,1583311.3934706869,540143.2436426949
2025-03-17T13:00:00.000+0000,1287877.163310112,191349.62256220786,999999.9999999999,756215.6007135925,201804.05031139217,1529481.237993951,540143.2436426949
2025-03-17T13:10:00.000+0000,1291891.670433072,191349.62256220786,999999.9999999999,760338.0157411124,201804.05031139217,1539112.868170631,540143.2436426949
2025-03-17T13:20:00.000+0000,1280682.2370795354,191349.62256220786,999999.9999999999,774168.0532527923,201804.05031139217,1514440.7135771269,540143.2436426949
2025-03-17T13:30:00.000+0000,1293395.8011251036,191349.62256220786,999999.9999999999,730151.2992492723,201804.05031139217,1542556.0907771192,540143.2436426949
2025-03-17T13:40:00.000+0000,1307917.1125149122,191349.62256220786,999999.9999999999,732013.0350681525,201804.05031139217,1574517.745591431,540143.2436426949
2025-03-17T13:50:00.000+0000,1311750.1449938242,191349.62256220786,999999.9999999999,709406.2429817524,201804.05031139217,1583352.1313143189,540143.2436426949
2025-03-17T14:00:00.000+0000,1303681.5908651361,191349.62256220786,999999.9999999999,728821.4879500724,201804.05031139217,1566521.342165967,540143.2436426949
2025-03-17T14:10:00.000+0000,1306508.3776051519,191349.62256220786,999999.9999999999,731880.0539382325,201804.05031139217,1572610.542925151,540143.2436426949
2025-03-17T14:20:00.000+0000,1301182.8491789598,191349.62256220786,999999.9999999999,739725.9406035125,201804.05031139217,1560756.358525423,540143.2436426949
2025-03-17T14:30:00.000+0000,1276908.537236512,191349.62256220786,999999.9999999999,750497.4121270324,201804.05031139217,1506797.7617539908,540143.2436426949
2025-03-17T14:40:00.000+0000,1271679.56350472,191349.62256220786,999999.9999999999,783210.7700873525,201804.05031139217,1495553.911545983,540143.2436426949
2025-03-17T14:50:00.000+0000,1271800.5466007518,191349.62256220786,999999.9999999999,791322.6190124725,201804.05031139217,1496085.407848511,540143.2436426949
2025-03-17T15:00:00.000+0000,1261548.502182848,191349.62256220786,999999.9999999999,789593.8643235123,201804.05031139217,1474316.1139970948,540143.2436426949
2025-03-17T15:10:00.000+0000,1252123.5466840477,191349.62256220786,999999.9999999999,814328.3544886324,201804.05031139217,1452643.389158615,540143.2436426949
2025-03-17T15:20:00.000+0000,1255569.2014732326,191349.62256220786,999999.9999999999,795843.9774297525,201804.05031139217,1459962.1238631108,540143.2436426949
2025-03-17T15:30:00.000+0000,1269411.1532658562,191349.62256220786,999999.9999999999,782811.8266975924,201804.05031139217,1490428.496580847,540143.2436426949
2025-03-17T15:40:00.000+0000,1270915.2839578884,191349.62256220786,999999.9999999999,791588.5812723123,201804.05031139217,1493871.7191873346,540143.2436426949
2025-03-17T15:50:00.000+0000,1269739.1983196961,191349.62256220786,999999.9999999999,793849.2604809524,201804.05031139217,1490752.713699487,540143.2436426949
2025-03-17T16:00:00.000+0000,1267980.30777872,191349.62256220786,999999.9999999999,752758.0913356724,201804.05031139217,1486748.760306783,540143.2436426949
2025-03-17T16:10:00.000+0000,1296901.9474623038,191349.62256220786,999999.9999999999,745976.0537097523,201804.05031139217,1550140.5736328787,540143.2436426949
2025-03-17T16:20:00.000+0000,1294705.663516208,191349.62256220786,999999.9999999999,754087.9026348724,201804.05031139217,1545704.330748655,540143.2436426949
2025-03-17T16:30:00.000+0000,1298162.9530501442,191349.62256220786,999999.9999999999,739194.0160838324,201804.05031139217,1553446.489382799,540143.2436426949
2025-03-17T16:40:00.000+0000,1297968.684749216,191349.62256220786,999999.9999999999,746906.9216191925,201804.05031139217,1553151.506747847,540143.2436426949
2025-03-17T16:50:00.000+0000,1289076.5184378077,191349.62256220786,999999.9999999999,751960.2045561525,201804.05031139217,1533447.091341095,540143.2436426949
2025-03-17T17:00:00.000+0000,1293310.8811754554,191349.62256220786,999999.9999999999,753157.0347254324,201804.05031139217,1542369.1805150467,540143.2436426949
2025-03-17T17:10:00.000+0000,1284115.0982118405,191349.62256220786,999999.9999999999,760736.9591308724,201804.05031139217,1522261.7101004631,540143.2436426949
2025-03-17T17:20:00.000+0000,1288700.775492832,191349.62256220786,999999.9999999999,766189.1854575924,201804.05031139217,1532354.8642523512,540143.2436426949
2025-03-17T17:30:00.000+0000,1281299.9462165758,191349.62256220786,999999.9999999999,769513.7137055924,201804.05031139217,1516595.933270927,540143.2436426949
2025-03-17T17:40:00.000+0000,1288263.382087712,191349.62256220786,999999.9999999999,764460.4307686323,201804.05031139217,1531922.574760831,540143.2436426949
2025-03-17T17:50:00.000+0000,1281481.4208606242,191349.62256220786,999999.9999999999,769114.7703158323,201804.05031139217,1517393.1777247188,540143.2436426949
2025-03-17T18:00:00.000+0000,1276810.8236299842,191349.62256220786,999999.9999999999,779886.2418393525,201804.05031139217,1507113.113310759,540143.2436426949
2025-03-17T18:10:00.000+0000,1275912.7673302402,191349.62256220786,999999.9999999999,784407.6002566325,201804.05031139217,1505401.6864684229,540143.2436426949
2025-03-17T18:20:00.000+0000,1273340.7404391677,191349.62256220786,999999.9999999999,788530.0152841525,201804.05031139217,1499873.2164954545,540143.2436426949
2025-03-17T18:30:00.000+0000,1271132.82174832,191349.62256220786,999999.9999999999,793982.2416108723,201804.05031139217,1495013.549681583,540143.2436426949
2025-03-17T18:40:00.000+0000,1280098.273264624,191349.62256220786,999999.9999999999,771375.4495244724,201804.05031139217,1514481.4514207589,540143.2436426949
2025-03-17T18:50:00.000+0000,1272334.4947002716,191349.62256220786,999999.9999999999,779886.2418393525,201804.05031139217,1497128.031531751,540143.2436426949
2025-03-17T19:00:00.000+0000,1257983.0232097597,191349.62256220786,999999.9999999999,798636.5811580725,201804.05031139217,1465540.197241583,540143.2436426949
2025-03-17T19:10:00.000+0000,1256090.355915872,191349.62256220786,999999.9999999999,810205.9394611123,201804.05031139217,1461507.0093651912,540143.2436426949
2025-03-17T19:20:00.000+0000,1251844.3584334718,191349.62256220786,999999.9999999999,826429.6373113524,201804.05031139217,1452161.4962615906,540143.2436426949
2025-03-17T19:30:00.000+0000,1252463.2264826403,191349.62256220786,999999.9999999999,804354.7697446324,201804.05031139217,1453391.0302069031,540143.2436426949
2025-03-17T19:40:00.000+0000,1274846.0300433282,191349.62256220786,999999.9999999999,789061.9398038324,201804.05031139217,1502390.753353455,540143.2436426949
2025-03-17T19:50:00.000+0000,1275695.2295398081,191349.62256220786,999999.9999999999,772306.3174339124,201804.05031139217,1504259.855974175,540143.2436426949
2025-03-17T20:00:00.000+0000,1279007.1075760797,191349.62256220786,999999.9999999999,762598.6949497525,201804.05031139217,1511549.3561949828,540143.2436426949
2025-03-17T20:10:00.000+0000,1263987.9112331357,191349.62256220786,999999.9999999999,789859.8265833524,201804.05031139217,1478889.663737887,540143.2436426949
2025-03-17T20:20:00.000+0000,1264727.762378336,191349.62256220786,999999.9999999999,791189.6378825523,201804.05031139217,1480650.6939857271,540143.2436426949
2025-03-17T20:30:00.000+0000,1254767.6998678884,191349.62256220786,999999.9999999999,794913.1095203124,201804.05031139217,1458861.0312124947,540143.2436426949
2025-03-17T20:40:00.000+0000,1251201.061982672,191349.62256220786,999999.9999999999,817386.9204767924,201804.05031139217,1451010.800205471,540143.2436426949
2025-03-17T20:50:00.000+0000,1242199.547319984,191349.62256220786,999999.9999999999,818716.7317759924,201804.05031139217,1431198.3124258388,540143.2436426949
2025-03-17T21:00:00.000+0000,1233306.222096448,191349.62256220786,999999.9999999999,840658.6182127924,201804.05031139217,1412419.582767575,540143.2436426949
2025-03-17T21:10:00.000+0000,1234774.2896420963,191349.62256220786,999999.9999999999,832945.7126774325,201804.05031139217,1415518.2193336068,540143.2436426949
2025-03-17T21:20:00.000+0000,1235429.2208376473,191349.62256220786,999999.9999999999,850100.2784371123,201804.05031139217,1417092.3393193749,540143.2436426949
2025-03-17T21:30:00.000+0000,1230807.4804102718,191349.62256220786,999999.9999999999,841190.5427324725,201804.05031139217,1406654.599127031,540143.2436426949
2025-03-17T21:40:00.000+0000,1231996.3597053438,191349.62256220786,999999.9999999999,853956.7312047924,201804.05031139217,1409113.667017655,540143.2436426949
2025-03-17T21:50:00.000+0000,1234217.0720530725,191349.62256220786,999999.9999999999,844781.0332403125,201804.05031139217,1413628.747791071,540143.2436426949
2025-03-17T22:00:00.000+0000,1230916.8287615518,191349.62256220786,999999.9999999999,853025.8632953523,201804.05031139217,1406762.6714999108,540143.2436426949
2025-03-17T22:10:00.000+0000,1231766.028258032,191349.62256220786,999999.9999999999,856882.3160630324,201804.05031139217,1408552.936231439,540143.2436426949
2025-03-17T22:20:00.000+0000,1231996.3597053438,191349.62256220786,999999.9999999999,853690.7689449524,201804.05031139217,1409271.3427960388,540143.2436426949
2025-03-17T22:30:00.000+0000,1238425.84747696,191349.62256220786,999999.9999999999,841456.5049923123,201804.05031139217,1423555.3606027027,540143.2436426949
2025-03-17T22:40:00.000+0000,1246821.2877473598,191349.62256220786,999999.9999999999,819115.6751657524,201804.05031139217,1441636.0526181832,540143.2436426949
2025-03-17T22:50:00.000+0000,1247136.5391443202,191349.62256220786,999999.9999999999,824035.9769727925,201804.05031139217,1442462.5315556624,540143.2436426949
2025-03-17T23:00:00.000+0000,1242343.7999055197,191349.62256220786,999999.9999999999,830419.0712089525,201804.05031139217,1432576.6565876629,540143.2436426949
2025-03-17T23:10:00.000+0000,1241724.9318563524,191349.62256220786,999999.9999999999,823371.0713231924,201804.05031139217,1431347.1226423508,540143.2436426949
2025-03-17T23:20:00.000+0000,1255542.4552473442,191349.62256220786,999999.9999999999,791987.5246620723,201804.05031139217,1461892.3332492788,540143.2436426949
2025-03-17T23:30:00.000+0000,1255566.883648976,191349.62256220786,999999.9999999999,801030.2414966323,201804.05031139217,1461813.4953600867,540143.2436426949
2025-03-17T23:40:00.000+0000,1253043.713561168,191349.62256220786,999999.9999999999,816589.0336972724,201804.05031139217,1456127.3496087347,540143.2436426949
2025-03-17T23:50:00.000+0000,1260201.4177332318,191349.62256220786,999999.9999999999,798370.6188982324,201804.05031139217,1471748.973733591,540143.2436426949
2025-03-18T00:00:00.000+0000,1261875.3883245601,191349.62256220786,999999.9999999999,779886.2418393525,201804.05031139217,1475566.0168642225,540143.2436426949
2025-03-18T00:10:00.000+0000,1261317.0118234083,191349.62256220786,999999.9999999999,793184.3548313524,201804.05031139217,1474602.2310701748,540143.2436426949
2025-03-18T00:20:00.000+0000,1268038.48150248,191349.62256220786,999999.9999999999,787067.2228550323,201804.05031139217,1488865.879955023,540143.2436426949
2025-03-18T00:30:00.000+0000,1263452.804221488,191349.62256220786,999999.9999999999,801429.1848863923,201804.05031139217,1478772.725803135,540143.2436426949
2025-03-18T00:40:00.000+0000,1260140.926185216,191349.62256220786,999999.9999999999,809275.0715516724,201804.05031139217,1471483.2255823272,540143.2436426949
2025-03-18T00:50:00.000+0000,1256416.0831454557,191349.62256220786,999999.9999999999,817386.9204767924,201804.05031139217,1463682.597980807,540143.2436426949
2025-03-18T01:00:00.000+0000,1254621.1294580959,191349.62256220786,999999.9999999999,815658.1657878323,201804.05031139217,1459334.058547647,540143.2436426949
2025-03-18T01:10:00.000+0000,1243787.439049536,191349.62256220786,999999.9999999999,820445.4864649525,201804.05031139217,1435754.131042887,540143.2436426949
2025-03-18T01:20:00.000+0000,1245934.866192368,191349.62256220786,999999.9999999999,830685.0334687924,201804.05031139217,1440348.0497054951,540143.2436426949
2025-03-18T01:30:00.000+0000,1243908.4221455674,191349.62256220786,999999.9999999999,831349.9391183925,201804.05031139217,1436285.6273454148,540143.2436426949
2025-03-18T01:40:00.000+0000,1243168.5710003679,191349.62256220786,999999.9999999999,838131.9767443123,201804.05031139217,1434524.5970975747,540143.2436426949
2025-03-18T01:50:00.000+0000,1239686.8530648,191349.62256220786,999999.9999999999,840525.6370828723,201804.05031139217,1426861.276352623,540143.2436426949
2025-03-18T02:00:00.000+0000,1238012.882473472,191349.62256220786,999999.9999999999,835206.3918860725,201804.05031139217,1423044.233221991,540143.2436426949
2025-03-18T02:10:00.000+0000,1247669.328331712,191349.62256220786,999999.9999999999,828025.4108703923,201804.05031139217,1444430.8409873908,540143.2436426949
2025-03-18T02:20:00.000+0000,1247487.853687664,191349.62256220786,999999.9999999999,829754.1655593524,201804.05031139217,1443633.5965335988,540143.2436426949
2025-03-18T02:30:00.000+0000,1249174.617935872,191349.62256220786,999999.9999999999,803689.8640950324,201804.05031139217,1446948.3778453912,540143.2436426949
2025-03-18T02:40:00.000+0000,1256307.8937063043,191349.62256220786,999999.9999999999,805418.6187839925,201804.05031139217,1462648.8398594388,540143.2436426949
2025-03-18T02:50:00.000+0000,1255519.1857578403,191349.62256220786,999999.9999999999,811801.7130201525,201804.05031139217,1461045.4853899833,540143.2436426949
2025-03-18T03:00:00.000+0000,1258855.492195744,191349.62256220786,999999.9999999999,814461.3356185524,201804.05031139217,1468256.1477215986,540143.2436426949
2025-03-18T03:10:00.000+0000,1257460.7098549916,191349.62256220786,999999.9999999999,804753.7131343924,201804.05031139217,1464920.9974879907,540143.2436426949
2025-03-18T03:20:00.000+0000,1263405.1063303521,191349.62256220786,999999.9999999999,801695.1471462324,201804.05031139217,1478004.715833031,540143.2436426949
2025-03-18T03:30:00.000+0000,1264787.0950142236,191349.62256220786,999999.9999999999,781614.9965283124,201804.05031139217,1481842.1278854785,540143.2436426949
2025-03-18T03:40:00.000+0000,1286841.853521072,191349.62256220786,999999.9999999999,693448.5073913523,201804.05031139217,1530517.633913391,540143.2436426949
2025-03-18T03:50:00.000+0000,1314756.0885536321,191349.62256220786,999999.9999999999,684937.7150764725,201804.05031139217,1592089.948024271,540143.2436426949
2025-03-18T04:00:00.000+0000,1300574.4569624164,191349.62256220786,999999.9999999999,736002.4689657524,201804.05031139217,1560875.9342582473,540143.2436426949
2025-03-18T04:10:00.000+0000,1287351.37321896,191349.62256220786,999999.9999999999,744912.2046703923,201804.05031139217,1531639.0954858232,540143.2436426949
2025-03-18T04:20:00.000+0000,1293065.438247008,191349.62256220786,999999.9999999999,728821.4879500724,201804.05031139217,1544004.407266263,540143.2436426949
2025-03-18T04:30:00.000+0000,1303523.385710592,191349.62256220786,999999.9999999999,734406.6954067125,201804.05031139217,1566570.9455714705,540143.2436426949
2025-03-18T04:40:00.000+0000,1306580.50389792,191349.62256220786,999999.9999999999,709406.2429817524,201804.05031139217,1573299.7150060632,540143.2436426949
2025-03-18T04:50:00.000+0000,1320142.1085278396,191349.62256220786,999999.9999999999,702092.2808361524,201804.05031139217,1604209.880575263,540143.2436426949
2025-03-18T05:00:00.000+0000,1329386.7482947204,191349.62256220786,999999.9999999999,687464.3565449524,201804.05031139217,1624159.6752114631,540143.2436426949
2025-03-18T05:10:00.000+0000,1327869.823945808,191349.62256220786,999999.9999999999,678953.5642300723,201804.05031139217,1621218.7144238148,540143.2436426949
2025-03-18T05:20:00.000+0000,1329188.2704141522,191349.62256220786,999999.9999999999,641851.8289823924,201804.05031139217,1628271.700977047,540143.2436426949
2025-03-18T05:30:00.000+0000,1328244.4737459999,200471.30967995984,999999.9999999999,687692.1751441523,215465.51863639196,1626323.7604671349,540143.2436426949
2025-03-18T05:40:00.000+0000,1328381.037887216,200471.30967995984,999999.9999999999,677532.7192661122,215465.51863639196,1626274.1570616309,540143.2436426949
2025-03-18T05:50:00.000+0000,1342783.4152104561,200471.30967995984,999999.9999999999,652192.4672484722,215465.51863639196,1654812.9581912705,540143.2436426949
2025-03-18T06:00:00.000+0000,1353916.5239325843,200471.30967995984,999999.9999999999,655111.8511214722,215465.51863639196,1676336.8728132392,540143.2436426949
2025-03-18T06:10:00.000+0000,1355749.2004974796,200471.30967995984,999999.9999999999,650557.6122795922,215465.51863639196,1679809.329903415,540143.2436426949
2025-03-18T06:20:00.000+0000,1368906.4666971283,200471.30967995984,999999.9999999999,636194.2436244322,215465.51863639196,1705179.522139703,540143.2436426949
2025-03-18T06:30:00.000+0000,1382679.4845110879,200471.30967995984,999999.9999999999,607350.7309591922,215465.51863639196,1732173.4377672626,540143.2436426949
2025-03-18T06:40:00.000+0000,1412113.113475312,200471.30967995984,999999.9999999999,572434.8998381122,215465.51863639196,1790057.150042207,540143.2436426949
2025-03-18T06:50:00.000+0000,1391816.1367371683,200471.30967995984,999999.9999999999,579091.0950685522,215465.51863639196,1750432.174482943,540143.2436426949
2025-03-18T07:00:00.000+0000,1383951.8114246163,200471.30967995984,999999.9999999999,591702.8333999122,215465.51863639196,1735184.3708822313,540143.2436426949
2025-03-18T07:10:00.000+0000,1390325.11312108,200471.30967995984,999999.9999999999,594855.7679827522,215465.51863639196,1747205.0966222151,540143.2436426949
2025-03-18T07:20:00.000+0000,1393867.5100046233,200471.30967995984,999999.9999999999,607350.7309591922,215465.51863639196,1754120.7763188789,540143.2436426949
2025-03-18T07:30:00.000+0000,1408433.667259016,200471.30967995984,999999.9999999999,587615.6959777123,215465.51863639196,1782452.298264631,540143.2436426949
2025-03-18T07:40:00.000+0000,1411497.3618609998,200471.30967995984,999999.9999999999,582010.4789415522,215465.51863639196,1788433.4266509349,540143.2436426949
2025-03-18T07:50:00.000+0000,1408488.5840304242,200471.30967995984,999999.9999999999,590184.7537859522,215465.51863639196,1782875.722194279,540143.2436426949
2025-03-18T08:00:00.000+0000,1396370.8549552402,200471.30967995984,999999.9999999999,592870.5869491121,215465.51863639196,1759640.3807299752,540143.2436426949
2025-03-18T08:10:00.000+0000,1381818.3055958156,200471.30967995984,999999.9999999999,609569.4627026722,215465.51863639196,1731230.0208950308,540143.2436426949
2025-03-18T08:20:00.000+0000,1379315.445836736,200471.30967995984,999999.9999999999,619845.6939356322,215465.51863639196,1726449.1919703516,540143.2436426949
2025-03-18T08:30:00.000+0000,1372271.475754552,200471.30967995984,999999.9999999999,630822.5772981121,215465.51863639196,1712381.3189094467,540143.2436426949
2025-03-18T08:40:00.000+0000,1372928.051053768,200471.30967995984,999999.9999999999,632690.9829768322,215465.51863639196,1713768.5286331428,540143.2436426949
2025-03-18T08:50:00.000+0000,1377742.2896593036,200471.30967995984,999999.9999999999,635143.2654301522,215465.51863639196,1722956.365958359,540143.2436426949
2025-03-18T09:00:00.000+0000,1366184.9102354879,200471.30967995984,999999.9999999999,630472.2512333522,215465.51863639196,1700182.5484692627,540143.2436426949
2025-03-18T09:10:00.000+0000,1349676.7280649198,200471.30967995984,999999.9999999999,661768.0463519122,215465.51863639196,1668270.497060455,540143.2436426949
2025-03-18T09:20:00.000+0000,1356429.59524588,200471.30967995984,999999.9999999999,665971.9591290321,215465.51863639196,1674606.0292167435,540143.2436426949
2025-03-18T09:30:00.000+0000,1361763.845009416,200471.30967995984,999999.9999999999,652426.0179583123,215465.51863639196,1686492.0858982308,540143.2436426949
2025-03-18T09:40:00.000+0000,1373798.95633172,200471.30967995984,999999.9999999999,640631.7071113923,215465.51863639196,1708722.9037248553,540143.2436426949
2025-03-18T09:50:00.000+0000,1363609.1590862076,200471.30967995984,999999.9999999999,653944.0975722722,215465.51863639196,1688408.1541263824,540143.2436426949
2025-03-18T10:00:00.000+0000,1368122.5684278398,200471.30967995984,999999.9999999999,646704.0255672323,215465.51863639196,1697114.098554575,540143.2436426949
2025-03-18T10:10:00.000+0000,1360956.61248248,200471.30967995984,999999.9999999999,646120.1487926322,215465.51863639196,1684494.5419828151,540143.2436426949
2025-03-18T10:20:00.000+0000,1367357.6151604163,200471.30967995984,999999.9999999999,629654.8237489122,215465.51863639196,1697096.3674308308,540143.2436426949
2025-03-18T10:30:00.000+0000,1383893.4983124558,200471.30967995984,999999.9999999999,630238.7005235122,215465.51863639196,1729589.518547671,540143.2436426949
2025-03-18T10:40:00.000+0000,1391607.6515888236,200471.30967995984,999999.9999999999,622064.4256791122,215465.51863639196,1744965.7634430788,540143.2436426949
2025-03-18T10:50:00.000+0000,1378312.8508648877,200471.30967995984,999999.9999999999,619378.5925159522,215465.51863639196,1718167.6236394625,540143.2436426949
2025-03-18T11:00:00.000+0000,1378805.161041416,200471.30967995984,999999.9999999999,632340.6569120722,215465.51863639196,1719023.3370606308,540143.2436426949
2025-03-18T11:10:00.000+0000,1376370.825948712,200471.30967995984,999999.9999999999,634676.1640104722,215465.51863639196,1714587.094176407,540143.2436426949
2025-03-18T11:20:00.000+0000,1364129.655435744,200471.30967995984,999999.9999999999,650324.0615697522,215465.51863639196,1690583.7427419992,540143.2436426949
2025-03-18T11:30:00.000+0000,1367877.1411268797,200471.30967995984,999999.9999999999,654761.5250567123,215465.51863639196,1697794.4050736153,540143.2436426949
2025-03-18T11:40:00.000+0000,1364348.8373298394,200471.30967995984,999999.9999999999,645886.5980827922,215465.51863639196,1691538.6629741746,540143.2436426949
2025-03-18T11:50:00.000+0000,1363883.742943248,200471.30967995984,999999.9999999999,658731.8871239922,215465.51863639196,1690525.273774623,540143.2436426949
2025-03-18T12:00:00.000+0000,1356552.5514921278,200471.30967995984,999999.9999999999,657797.6842846321,215465.51863639196,1675896.669927503,540143.2436426949
2025-03-18T12:10:00.000+0000,1344106.2921715681,200471.30967995984,999999.9999999999,669124.8937118722,215465.51863639196,1651598.335858143,540143.2436426949
2025-03-18T12:20:00.000+0000,1344270.0721027202,200471.30967995984,999999.9999999999,684772.7912711522,215465.51863639196,1651391.056674255,540143.2436426949
2025-03-18T12:30:00.000+0000,1340085.193006464,200471.30967995984,999999.9999999999,679284.3495899121,215465.51863639196,1643748.1048511188,540143.2436426949
2025-03-18T12:40:00.000+0000,1343846.7717841037,200471.30967995984,999999.9999999999,677532.7192661122,215465.51863639196,1651618.7047799593,540143.2436426949
2025-03-18T12:50:00.000+0000,1344790.5684522556,200471.30967995984,999999.9999999999,672744.9297143922,215465.51863639196,1653566.645289871,540143.2436426949
2025-03-18T13:00:00.000+0000,1350289.5685300156,200471.30967995984,999999.9999999999,663753.2273855521,215465.51863639196,1665461.5675332309,540143.2436426949
2025-03-18T13:10:00.000+0000,1357169.7586810477,200471.30967995984,999999.9999999999,655111.8511214722,215465.51863639196,1679736.7197780227,540143.2436426949
2025-03-18T13:20:00.000+0000,1357812.2408937598,200471.30967995984,999999.9999999999,657213.8075100322,215465.51863639196,1680463.9919044948,540143.2436426949
2025-03-18T13:30:00.000+0000,1362106.9535328324,200471.30967995984,999999.9999999999,650557.6122795922,215465.51863639196,1688953.7915869271,540143.2436426949
2025-03-18T13:40:00.000+0000,1361546.6038814639,200471.30967995984,999999.9999999999,658615.1117690722,215465.51863639196,1688492.2676117187,540143.2436426949
2025-03-18T13:50:00.000+0000,1364678.8231498234,200471.30967995984,999999.9999999999,652309.2426033921,215465.51863639196,1694817.9820384788,540143.2436426949
2025-03-18T14:00:00.000+0000,1362421.3906917041,200471.30967995984,999999.9999999999,651258.2644091123,215465.51863639196,1689356.8465947588,540143.2436426949
2025-03-18T14:10:00.000+0000,1376344.5805418477,200471.30967995984,999999.9999999999,630005.1498136723,215465.51863639196,1716222.3209276227,540143.2436426949
2025-03-18T14:20:00.000+0000,1379914.1932153278,200471.30967995984,999999.9999999999,633041.3090415922,215465.51863639196,1722980.324845903,540143.2436426949
2025-03-18T14:30:00.000+0000,1382608.0486954958,200471.30967995984,999999.9999999999,631289.6787177923,215465.51863639196,1727396.198808311,540143.2436426949
2025-03-18T14:40:00.000+0000,1377616.4222638397,200471.30967995984,999999.9999999999,617626.9621921522,215465.51863639196,1718494.4785561748,540143.2436426949
2025-03-18T14:50:00.000+0000,1372145.6083590882,200471.30967995984,999999.9999999999,640982.0331761522,215465.51863639196,1707919.4315072629,540143.2436426949
2025-03-18T15:00:00.000+0000,1380652.901075888,200471.30967995984,999999.9999999999,634209.0625907922,215465.51863639196,1724633.282720863,540143.2436426949
2025-03-18T15:10:00.000+0000,1386685.0350150801,200471.30967995984,999999.9999999999,624633.4834873523,215465.51863639196,1737147.4047178146,540143.2436426949
2025-03-18T15:20:00.000+0000,1382513.763813792,200471.30967995984,999999.9999999999,626968.9905857522,215465.51863639196,1729425.6150054866,540143.2436426949
2025-03-18T15:30:00.000+0000,1371599.3517942242,200471.30967995984,999999.9999999999,627202.5412955921,215465.51863639196,1708117.845129279,540143.2436426949
2025-03-18T15:40:00.000+0000,1374143.0352382078,200471.30967995984,999999.9999999999,641565.9099507522,215465.51863639196,1712662.160386383,540143.2436426949
2025-03-18T15:50:00.000+0000,1371079.340636224,200471.30967995984,999999.9999999999,644134.9677589922,215465.51863639196,1706681.0320000788,540143.2436426949
2025-03-18T16:00:00.000+0000,1369478.9686688557,200471.30967995984,999999.9999999999,621714.0996143521,215465.51863639196,1703345.8817664706,540143.2436426949
2025-03-18T16:10:00.000+0000,1382800.9851827277,200471.30967995984,999999.9999999999,617977.2882569121,215465.51863639196,1729986.345791703,540143.2436426949
2025-03-18T16:20:00.000+0000,1383511.9920618162,200471.30967995984,999999.9999999999,633391.6351063522,215465.51863639196,1731058.2039586315,540143.2436426949
2025-03-18T16:30:00.000+0000,1371188.6889875042,200471.30967995984,999999.9999999999,648572.4312459521,215465.51863639196,1706789.1043729591,540143.2436426949
2025-03-18T16:40:00.000+0000,1368111.386490552,200471.30967995984,999999.9999999999,648222.1051811922,215465.51863639196,1700886.8138758466,540143.2436426949
2025-03-18T16:50:00.000+0000,1360219.3601965276,200471.30967995984,999999.9999999999,659198.9885436721,215465.51863639196,1685057.9105671025,540143.2436426949
2025-03-18T17:00:00.000+0000,1354803.463063184,200471.30967995984,999999.9999999999,666789.3866134722,215465.51863639196,1674906.287447839,540143.2436426949
2025-03-18T17:10:00.000+0000,1351425.3313023276,200471.30967995984,999999.9999999999,661300.9449322321,215465.51863639196,1668522.1040537027,540143.2436426949
2025-03-18T17:20:00.000+0000,1364583.082693512,200471.30967995984,999999.9999999999,625567.6863267123,215465.51863639196,1694631.0717764073,540143.2436426949
2025-03-18T17:30:00.000+0000,1373801.3822893994,200471.30967995984,999999.9999999999,639697.5042720322,215465.51863639196,1712416.7811569343,540143.2436426949
2025-03-18T17:40:00.000+0000,1370532.598879824,200471.30967995984,999999.9999999999,642149.7867253522,215465.51863639196,1706140.6701356792,540143.2436426949
2025-03-18T17:50:00.000+0000,1374512.3891684879,200471.30967995984,999999.9999999999,637128.4464637922,215465.51863639196,1713488.6393238632,540143.2436426949
2025-03-18T18:00:00.000+0000,1381829.9727246396,200471.30967995984,999999.9999999999,628603.8455546321,215465.51863639196,1728196.0810601749,540143.2436426949
2025-03-18T18:10:00.000+0000,1376071.937450952,200471.30967995984,999999.9999999999,631406.4540727122,215465.51863639196,1717060.3032250465,540143.2436426949
2025-03-18T18:20:00.000+0000,1374061.3878683997,200471.30967995984,999999.9999999999,644251.7431139122,215465.51863639196,1713135.187721535,540143.2436426949
2025-03-18T18:30:00.000+0000,1374006.9562885282,200471.30967995984,999999.9999999999,638646.5260777522,215465.51863639196,1713450.5392783028,540143.2436426949
2025-03-18T18:40:00.000+0000,1377398.695944352,200471.30967995984,999999.9999999999,634559.3886555522,215465.51863639196,1719755.884783247,540143.2436426949
2025-03-18T18:50:00.000+0000,1377508.044295632,200471.30967995984,999999.9999999999,638996.8521425122,215465.51863639196,1719863.9571561269,540143.2436426949
2025-03-18T19:00:00.000+0000,1372255.9270934397,200471.30967995984,999999.9999999999,644134.9677589922,215465.51863639196,1709505.054852975,540143.2436426949
2025-03-18T19:10:00.000+0000,1369835.1998957042,200471.30967995984,999999.9999999999,623699.2806479922,215465.51863639196,1704989.974079559,540143.2436426949
2025-03-18T19:20:00.000+0000,1373924.823727184,200471.30967995984,999999.9999999999,628019.9687800322,215465.51863639196,1713184.7911270391,540143.2436426949
2025-03-18T19:30:00.000+0000,1373391.2046742155,200471.30967995984,999999.9999999999,639230.4028523521,215465.51863639196,1711826.8158870307,540143.2436426949
2025-03-18T19:40:00.000+0000,1382062.7625137037,200471.30967995984,999999.9999999999,610386.8901871121,215465.51863639196,1728914.4876247742,540143.2436426949
2025-03-18T19:50:00.000+0000,1394905.5915544801,200471.30967995984,999999.9999999999,613773.3754797922,215465.51863639196,1754039.3006316149,540143.2436426949
2025-03-18T20:00:00.000+0000,1388436.0642101676,200471.30967995984,999999.9999999999,615992.1072232722,215465.51863639196,1741092.8891431433,540143.2436426949
2025-03-18T20:10:00.000+0000,1396081.6928201597,200471.30967995984,999999.9999999999,610853.9916067922,215465.51863639196,1756124.547998095,540143.2436426949
2025-03-18T20:20:00.000+0000,1403344.8447964396,200471.30967995984,999999.9999999999,586097.6163637522,215465.51863639196,1771147.3412911743,540143.2436426949
2025-03-18T20:30:00.000+0000,1410183.7260710318,200471.30967995984,999999.9999999999,591586.0580449922,215465.51863639196,1784920.231717127,540143.2436426949
2025-03-18T20:40:00.000+0000,1393059.7922861523,200471.30967995984,999999.9999999999,615641.7811585122,215465.51863639196,1751384.4569170475,540143.2436426949
2025-03-18T20:50:00.000+0000,1392553.8742146562,200471.30967995984,999999.9999999999,617276.6361273922,215465.51863639196,1750607.581385071,540143.2436426949
2025-03-18T21:00:00.000+0000,1405861.7976420235,200471.30967995984,999999.9999999999,595322.8694024322,215465.51863639196,1776588.1078130784,540143.2436426949
2025-03-18T21:10:00.000+0000,1399433.5791741526,200471.30967995984,999999.9999999999,609803.0134125121,215465.51863639196,1764143.9581434466,540143.2436426949
2025-03-18T21:20:00.000+0000,1392513.0505297524,200471.30967995984,999999.9999999999,618210.8389667523,215465.51863639196,1750844.0950526474,540143.2436426949
2025-03-18T21:30:00.000+0000,1385811.2185879124,200471.30967995984,999999.9999999999,616108.8825781922,215465.51863639196,1737760.376707607,540143.2436426949
2025-03-18T21:40:00.000+0000,1388574.0839259918,200471.30967995984,999999.9999999999,616108.8825781922,215465.51863639196,1743259.612196887,540143.2436426949
2025-03-18T21:50:00.000+0000,1389531.0032975757,200471.30967995984,999999.9999999999,614123.7015445522,215465.51863639196,1744389.9393311907,540143.2436426949
2025-03-18T22:00:00.000+0000,1390679.88877332,200471.30967995984,999999.9999999999,619495.3678708723,215465.51863639196,1746632.862476055,540143.2436426949
2025-03-18T22:10:00.000+0000,1397600.4174177195,200471.30967995984,999999.9999999999,597424.8257909922,215465.51863639196,1759932.7255668547,540143.2436426949
2025-03-18T22:20:00.000+0000,1406257.8821707037,200471.30967995984,999999.9999999999,597308.0504360722,215465.51863639196,1776518.135485759,540143.2436426949
2025-03-18T22:30:00.000+0000,1390022.8282825677,200471.30967995984,999999.9999999999,613072.7233502722,215465.51863639196,1744506.8772659437,540143.2436426949
2025-03-18T22:40:00.000+0000,1381871.2816010797,200471.30967995984,999999.9999999999,625567.6863267123,215465.51863639196,1728698.3428790146,540143.2436426949
2025-03-18T22:50:00.000+0000,1386712.7359965523,200471.30967995984,999999.9999999999,624049.6067127521,215465.51863639196,1737728.5044258465,540143.2436426949
2025-03-18T23:00:00.000+0000,1372241.834006936,200471.30967995984,999999.9999999999,629771.5991038322,215465.51863639196,1708845.1172557506,540143.2436426949
2025-03-18T23:10:00.000+0000,1368084.170700616,200471.30967995984,999999.9999999999,648338.8805361122,215465.51863639196,1701044.489654231,540143.2436426949
2025-03-18T23:20:00.000+0000,1368877.310141048,200471.30967995984,999999.9999999999,639347.1782072721,215465.51863639196,1702382.095972423,540143.2436426949
2025-03-18T23:30:00.000+0000,1382280.9740247275,200471.30967995984,999999.9999999999,636778.1203990321,215465.51863639196,1728549.5326625025,540143.2436426949
2025-03-18T23:40:00.000+0000,1380366.1648984882,200471.30967995984,999999.9999999999,613539.8247699522,215465.51863639196,1724811.327421063,540143.2436426949
2025-03-18T23:50:00.000+0000,1396163.3401899682,200471.30967995984,999999.9999999999,615408.2304486722,215465.51863639196,1755651.5206629434,540143.2436426949
2025-03-19T00:00:00.000+0000,1381227.8290052954,200471.30967995984,999999.9999999999,628603.8455546321,215465.51863639196,1726493.519779711,540143.2436426949
2025-03-19T00:10:00.000+0000,1394850.1895915363,200471.30967995984,999999.9999999999,616809.5347077121,215465.51863639196,1752877.1012155507,540143.2436426949
2025-03-19T00:20:00.000+0000,1391554.190392024,200471.30967995984,999999.9999999999,614707.5783191522,215465.51863639196,1746758.665972679,540143.2436426949
2025-03-19T00:30:00.000+0000,1400198.04725004,200471.30967995984,999999.9999999999,607233.9556042722,215465.51863639196,1763422.913780775,540143.2436426949
2025-03-19T00:40:00.000+0000,1395192.32773188,200471.30967995984,999999.9999999999,604431.3470861922,215465.51863639196,1753861.2559314151,540143.2436426949
2025-03-19T00:50:00.000+0000,1395848.9030310959,200471.30967995984,999999.9999999999,617276.6361273922,215465.51863639196,1755248.4656551108,540143.2436426949
2025-03-19T01:00:00.000+0000,1385892.8659577197,200471.30967995984,999999.9999999999,620779.8967749922,215465.51863639196,1737287.349372455,540143.2436426949
2025-03-19T01:10:00.000+0000,1387273.0856479197,200471.30967995984,999999.9999999999,625684.4616816322,215465.51863639196,1738190.028401055,540143.2436426949
2025-03-19T01:20:00.000+0000,1390678.9183902477,200471.30967995984,999999.9999999999,624166.3820676722,215465.51863639196,1745155.3115032236,540143.2436426949
2025-03-19T01:30:00.000+0000,1381310.4467581757,200471.30967995984,999999.9999999999,625450.9109717922,215465.51863639196,1727498.043417391,540143.2436426949
2025-03-19T01:40:00.000+0000,1377685.9173132882,200471.30967995984,999999.9999999999,638996.8521425122,215465.51863639196,1720316.615569463,540143.2436426949
2025-03-19T01:50:00.000+0000,1379792.207352152,200471.30967995984,999999.9999999999,625217.3602619522,215465.51863639196,1724428.6413350473,540143.2436426949
2025-03-19T02:00:00.000+0000,1396383.0072755998,200471.30967995984,999999.9999999999,612839.1726404321,215465.51863639196,1757345.2163815354,540143.2436426949
2025-03-19T02:10:00.000+0000,1394221.8004653284,200471.30967995984,999999.9999999999,617276.6361273922,215465.51863639196,1752809.766686303,540143.2436426949
2025-03-19T02:20:00.000+0000,1382432.1164439837,200471.30967995984,999999.9999999999,625801.2370365522,215465.51863639196,1729819.8044514474,540143.2436426949
2025-03-19T02:30:00.000+0000,1381939.8062674557,200471.30967995984,999999.9999999999,634325.8379457121,215465.51863639196,1729042.9289194713,540143.2436426949
2025-03-19T02:40:00.000+0000,1378738.577141184,200471.30967995984,999999.9999999999,637245.2218187122,215465.51863639196,1721633.8529658387,540143.2436426949
2025-03-19T02:50:00.000+0000,1373185.6306750877,200471.30967995984,999999.9999999999,640514.9317564721,215465.51863639196,1710793.0577656631,540143.2436426949
2025-03-19T03:00:00.000+0000,1371845.26428672,200471.30967995984,999999.9999999999,644018.1924040721,215465.51863639196,1708176.3140966548,540143.2436426949
2025-03-19T03:10:00.000+0000,1378602.012999968,200471.30967995984,999999.9999999999,636894.8957539521,215465.51863639196,1721683.4563713428,540143.2436426949
2025-03-19T03:20:00.000+0000,1385508.9337494,200471.30967995984,999999.9999999999,615641.7811585122,215465.51863639196,1735062.157351334,540143.2436426949
2025-03-19T03:30:00.000+0000,1393974.91758976,200471.30967995984,999999.9999999999,614707.5783191522,215465.51863639196,1751273.746746095,540143.2436426949
2025-03-19T03:40:00.000+0000,1391772.8870945838,200471.30967995984,999999.9999999999,623232.1792283122,215465.51863639196,1746974.810718439,540143.2436426949
2025-03-19T03:50:00.000+0000,1393208.993939264,200471.30967995984,999999.9999999999,622648.3024537121,215465.51863639196,1749778.464649519,540143.2436426949
2025-03-19T04:00:00.000+0000,1372145.6083590882,200471.30967995984,999999.9999999999,635493.5914949122,215465.51863639196,1707919.4315072629,540143.2436426949
2025-03-19T04:10:00.000+0000,1368808.3002831358,200471.30967995984,999999.9999999999,653944.0975722722,215465.51863639196,1701298.734445551,540143.2436426949
2025-03-19T04:20:00.000+0000,1368999.7811957598,200471.30967995984,999999.9999999999,649973.7355049923,215465.51863639196,1701672.5549696954,540143.2436426949
2025-03-19T04:30:00.000+0000,1369191.2621083837,200471.30967995984,999999.9999999999,653593.7715075122,215465.51863639196,1702046.375493839,540143.2436426949
2025-03-19T04:40:00.000+0000,1363556.1830809438,200471.30967995984,999999.9999999999,656162.8293157523,215465.51863639196,1690939.8321423987,540143.2436426949
2025-03-19T04:50:00.000+0000,1354953.1499078318,200471.30967995984,999999.9999999999,663753.2273855521,215465.51863639196,1674039.0706667267,540143.2436426949
2025-03-19T05:00:00.000+0000,1342752.8030797685,200471.30967995984,999999.9999999999,676481.7410718322,215465.51863639196,1649799.205564743,540143.2436426949
2025-03-19T05:10:00.000+0000,1327037.7603496322,200471.30967995984,999999.9999999999,683838.5884317922,215465.51863639196,1619224.7604741268,540143.2436426949
2025-03-19T05:20:00.000+0000,1319022.77780936,200471.30967995984,999999.9999999999,710229.8186437122,215465.51863639196,1603366.622681695,540143.2436426949
2025-03-19T05:30:00.000+0000,1324274.8950115521,200471.30967995984,999999.9999999999,702405.8698640722,215465.51863639196,1613725.5249848473,540143.2436426949
2025-03-19T05:40:00.000+0000,1327229.2412622562,200471.30967995984,999999.9999999999,692012.8632761922,215465.51863639196,1619598.5809982708,540143.2436426949
2025-03-19T05:50:00.000+0000,1340837.9939535279,200471.30967995984,999999.9999999999,683721.8130768721,215465.51863639196,1646061.000323303,540143.2436426949
2025-03-19T06:00:00.000+0000,1347977.7044920241,200471.30967995984,999999.9999999999,673095.2557791522,215465.51863639196,1660315.783646279,540143.2436426949
2025-03-19T06:10:00.000+0000,1345392.7121715997,200471.30967995984,999999.9999999999,671927.5022299523,215465.51863639196,1655269.2065703347,540143.2436426949
2025-03-19T06:20:00.000+0000,1337979.873350672,200471.30967995984,999999.9999999999,687692.1751441523,215465.51863639196,1641113.6300583668,540143.2436426949
2025-03-19T06:30:00.000+0000,1331360.1739701757,200471.30967995984,999999.9999999999,695983.2253434722,215465.51863639196,1628295.6598645905,540143.2436426949
2025-03-19T06:40:00.000+0000,1318448.820263024,200471.30967995984,999999.9999999999,706376.231931352,215465.51863639196,1602983.9365956788,540143.2436426949
2025-03-19T06:50:00.000+0000,1328870.9221060637,200471.30967995984,999999.9999999999,699953.5874107522,215465.51863639196,1623435.9930507187,540143.2436426949
2025-03-19T07:00:00.000+0000,1324316.2038879923,200471.30967995984,999999.9999999999,699252.9352812321,215465.51863639196,1614227.786803687,540143.2436426949
2025-03-19T07:10:00.000+0000,1321909.0845852238,200471.30967995984,999999.9999999999,710346.5939986322,215465.51863639196,1609633.8681410789,540143.2436426949
2025-03-19T07:20:00.000+0000,1307205.3928065435,200471.30967995984,999999.9999999999,712682.1010970322,215465.51863639196,1579874.3986279992,540143.2436426949
2025-03-19T07:30:00.000+0000,1302883.464377536,200471.30967995984,999999.9999999999,728797.1000759922,215465.51863639196,1571542.2747239505,540143.2436426949
2025-03-19T07:40:00.000+0000,1306124.5468056395,200471.30967995984,999999.9999999999,730198.4043350322,215465.51863639196,1577237.286037175,540143.2436426949
2025-03-19T07:50:00.000+0000,1301911.966727912,200471.30967995984,999999.9999999999,731716.4839489922,215465.51863639196,1568934.3966168147,540143.2436426949
2025-03-19T08:00:00.000+0000,1306138.1547006075,200471.30967995984,999999.9999999999,718520.8688430323,215465.51863639196,1577158.448147983,540143.2436426949
2025-03-19T08:10:00.000+0000,1303252.8183078165,200471.30967995984,999999.9999999999,723775.7598144321,215465.51863639196,1572368.753661431,540143.2436426949
2025-03-19T08:20:00.000+0000,1297399.0425778157,200471.30967995984,999999.9999999999,731132.6071743922,215465.51863639196,1561046.065564231,540143.2436426949
2025-03-19T08:30:00.000+0000,1305509.7655743998,200471.30967995984,999999.9999999999,726461.5929775921,215465.51863639196,1577091.1136187348,540143.2436426949
2025-03-19T08:40:00.000+0000,1304743.8419239037,200471.30967995984,999999.9999999999,730548.7303997922,215465.51863639196,1575595.8315221588,540143.2436426949
2025-03-19T08:50:00.000+0000,1309831.6940034083,200471.30967995984,999999.9999999999,719571.8470373122,215465.51863639196,1585423.2375227832,540143.2436426949
2025-03-19T09:00:00.000+0000,1310064.4837924722,200471.30967995984,999999.9999999999,724242.8612341123,215465.51863639196,1586299.3198657671,540143.2436426949
2025-03-19T09:10:00.000+0000,1305934.036276088,200471.30967995984,999999.9999999999,726461.5929775921,215465.51863639196,1578341.016485863,540143.2436426949
2025-03-19T09:20:00.000+0000,1315110.0566124634,200471.30967995984,999999.9999999999,717936.9920684322,215465.51863639196,1594146.9130747188,540143.2436426949
2025-03-19T09:30:00.000+0000,1325518.5505605359,200471.30967995984,999999.9999999999,696683.8774729922,215465.51863639196,1614677.8074189513,540143.2436426949
2025-03-19T09:40:00.000+0000,1319911.172514568,200471.30967995984,999999.9999999999,705792.3551567523,215465.51863639196,1604152.363775543,540143.2436426949
2025-03-19T09:50:00.000+0000,1320075.4376372562,200471.30967995984,999999.9999999999,716886.0138741522,215465.51863639196,1604683.8600780712,540143.2436426949
2025-03-19T10:00:00.000+0000,1321743.8490794636,200471.30967995984,999999.9999999999,711747.8982576722,215465.51863639196,1607624.820865719,540143.2436426949
2025-03-19T10:10:00.000+0000,1322701.2536425837,200471.30967995984,999999.9999999999,709178.8404494323,215465.51863639196,1609493.923486439,540143.2436426949
2025-03-19T10:20:00.000+0000,1324766.234805008,200471.30967995984,999999.9999999999,707543.9854805521,215465.51863639196,1613103.6874331827,540143.2436426949
2025-03-19T10:30:00.000+0000,1330961.1782922796,200471.30967995984,999999.9999999999,701705.2177345521,215465.51863639196,1623932.9792734152,540143.2436426949
2025-03-19T10:40:00.000+0000,1330974.7861872476,200471.30967995984,999999.9999999999,700187.1381205922,215465.51863639196,1623854.141384223,540143.2436426949
2025-03-19T10:50:00.000+0000,1334051.118301128,200471.30967995984,999999.9999999999,700537.4641853522,215465.51863639196,1628278.8809085027,540143.2436426949
2025-03-19T11:00:00.000+0000,1328826.216888872,200471.30967995984,999999.9999999999,707310.4347707122,215465.51863639196,1617762.302826967,540143.2436426949
2025-03-19T11:10:00.000+0000,1322754.2296478483,200471.30967995984,999999.9999999999,708594.9636748321,215465.51863639196,1606962.2454704228,540143.2436426949
2025-03-19T11:20:00.000+0000,1317146.3664103437,200471.30967995984,999999.9999999999,722958.3323299923,215465.51863639196,1595698.0263405992,540143.2436426949
2025-03-19T11:30:00.000+0000,1314602.1977748238,200471.30967995984,999999.9999999999,724359.6365890322,215465.51863639196,1590414.9355970789,540143.2436426949
2025-03-19T11:40:00.000+0000,1310827.4962937515,200471.30967995984,999999.9999999999,730081.6289801123,215465.51863639196,1583361.9490438467,540143.2436426949
2025-03-19T11:50:00.000+0000,1310896.506151664,200471.30967995984,999999.9999999999,731716.4839489922,215465.51863639196,1584287.6347923349,540143.2436426949
2025-03-19T12:00:00.000+0000,1304494.5330906562,200471.30967995984,999999.9999999999,737438.4763400722,215465.51863639196,1570365.934149871,540143.2436426949
2025-03-19T12:10:00.000+0000,1293252.0760172475,200471.30967995984,999999.9999999999,744444.9976352721,215465.51863639196,1548733.947155023,540143.2436426949
2025-03-19T12:20:00.000+0000,1292664.0253844082,200471.30967995984,999999.9999999999,750166.9900263522,215465.51863639196,1547691.323471783,540143.2436426949
2025-03-19T12:30:00.000+0000,1283281.9458573682,200471.30967995984,999999.9999999999,754487.6781583922,215465.51863639196,1530112.8932751429,540143.2436426949
2025-03-19T12:40:00.000+0000,1285824.6589182802,200471.30967995984,999999.9999999999,764413.5833265921,215465.51863639196,1533179.6575594149,540143.2436426949
2025-03-19T12:50:00.000+0000,1288012.5963269519,200471.30967995984,999999.9999999999,763245.8297773923,215465.51863639196,1536424.4665438868,540143.2436426949
2025-03-19T13:00:00.000+0000,1282308.992633136,200471.30967995984,999999.9999999999,766865.8657799122,215465.51863639196,1525367.526597951,540143.2436426949
2025-03-19T13:10:00.000+0000,1277084.09122088,200471.30967995984,999999.9999999999,768851.0468135522,215465.51863639196,1514693.272738031,540143.2436426949
2025-03-19T13:20:00.000+0000,1273528.571633904,200471.30967995984,999999.9999999999,778426.6259169922,215465.51863639196,1508752.8821953589,540143.2436426949
2025-03-19T13:30:00.000+0000,1272721.8242985038,200471.30967995984,999999.9999999999,778193.0752071522,215465.51863639196,1507494.1137663587,540143.2436426949
2025-03-19T13:40:00.000+0000,1273446.4390725596,200471.30967995984,999999.9999999999,779711.1548211122,215465.51863639196,1508487.134044095,540143.2436426949
2025-03-19T13:50:00.000+0000,1276523.2563779762,200471.30967995984,999999.9999999999,771303.3292668721,215465.51863639196,1513650.6490547913,540143.2436426949
2025-03-19T14:00:00.000+0000,1276809.5073638398,200471.30967995984,999999.9999999999,773755.6117201921,215465.51863639196,1512733.8288681745,540143.2436426949
2025-03-19T14:10:00.000+0000,1275797.1860293117,200471.30967995984,999999.9999999999,778426.6259169922,215465.51863639196,1510441.302317807,540143.2436426949
2025-03-19T14:20:00.000+0000,1272761.1924088001,200471.30967995984,999999.9999999999,780061.480885872,215465.51863639196,1505041.2736395348,540143.2436426949
2025-03-19T14:30:00.000+0000,1270791.9517026881,200471.30967995984,999999.9999999999,786717.6761163123,215465.51863639196,1501539.5820656712,540143.2436426949
2025-03-19T14:40:00.000+0000,1265252.6131315597,200471.30967995984,999999.9999999999,788586.0817950321,215465.51863639196,1490698.7868654951,540143.2436426949
2025-03-19T14:50:00.000+0000,1270395.3819824718,200471.30967995984,999999.9999999999,787068.0021810721,215465.51863639196,1500949.6167957666,540143.2436426949
2025-03-19T15:00:00.000+0000,1273636.4644105756,200471.30967995984,999999.9999999999,782864.0894039522,215465.51863639196,1506644.6281089906,540143.2436426949
2025-03-19T15:10:00.000+0000,1264473.5667776316,200471.30967995984,999999.9999999999,785433.1472121922,215465.51863639196,1490021.118144527,540143.2436426949
2025-03-19T15:20:00.000+0000,1257895.1762735755,200471.30967995984,999999.9999999999,795242.2770254721,215465.51863639196,1477705.409769591,540143.2436426949
2025-03-19T15:30:00.000+0000,1251111.6969619277,200471.30967995984,999999.9999999999,803883.6532895523,215465.51863639196,1465094.718759703,540143.2436426949
2025-03-19T15:40:00.000+0000,1254257.03893372,200471.30967995984,999999.9999999999,800964.2694165523,215465.51863639196,1470602.819810855,540143.2436426949
2025-03-19T15:50:00.000+0000,1252232.8814562,200471.30967995984,999999.9999999999,804817.8561289122,215465.51863639196,1466756.542196535,540143.2436426949
2025-03-19T16:00:00.000+0000,1245285.1370218638,200471.30967995984,999999.9999999999,805518.5082584321,215465.51863639196,1453614.3548841188,540143.2436426949
2025-03-19T16:10:00.000+0000,1240174.435876248,200471.30967995984,999999.9999999999,790337.7121188322,215465.51863639196,1450593.6040396234,540143.2436426949
2025-03-19T16:20:00.000+0000,1259307.8465625118,266937.67681371974,999999.9999999999,784966.0457925121,215465.51863639196,1485838.5483793272,605770.188451975
2025-03-19T16:30:00.000+0000,1268151.2524934555,266937.67681371974,999999.9999999999,779127.2780465122,215465.51863639196,1503069.342027871,605770.188451975
2025-03-19T16:40:00.000+0000,1264686.9540911037,266937.67681371974,999999.9999999999,779477.6041112723,215465.51863639196,1496323.0478243188,605770.188451975
2025-03-19T16:50:00.000+0000,1264382.0907470477,266937.67681371974,999999.9999999999,779127.2780465122,215465.51863639196,1495744.792269143,605770.188451975
2025-03-19T17:00:00.000+0000,1258952.6381067918,266937.67681371974,999999.9999999999,789286.7339245522,215465.51863639196,1485026.670451687,605770.188451975
2025-03-19T17:10:00.000+0000,1259640.4632760957,266937.67681371974,999999.9999999999,787768.6543105922,215465.51863639196,1486352.567055151,605770.188451975
2025-03-19T17:20:00.000+0000,1262895.6387907038,266937.67681371974,999999.9999999999,788118.9803753522,215465.51863639196,1492707.515965599,605770.188451975
2025-03-19T17:30:00.000+0000,1257080.643511504,266937.67681371974,999999.9999999999,794308.074186112,215465.51863639196,1481422.8011654392,605770.188451975
2025-03-19T17:40:00.000+0000,1257063.001536384,266937.67681371974,999999.9999999999,793490.6467016722,215465.51863639196,1481405.276396479,605770.188451975
2025-03-19T17:50:00.000+0000,1255679.820617064,266937.67681371974,999999.9999999999,791155.1396032722,215465.51863639196,1478654.196772279,605770.188451975
2025-03-19T18:00:00.000+0000,1250754.2428141993,266937.67681371974,999999.9999999999,795359.0523803922,215465.51863639196,1468987.4374514152,605770.188451975
2025-03-19T18:10:00.000+0000,1246073.0718493196,266937.67681371974,999999.9999999999,798862.3130279921,215465.51863639196,1459747.0729615754,605770.188451975
2025-03-19T18:20:00.000+0000,1241590.9123777759,266937.67681371974,999999.9999999999,810539.8485199922,215465.51863639196,1450979.815413151,605770.188451975
2025-03-19T18:30:00.000+0000,1246569.4161059994,266937.67681371974,999999.9999999999,803650.1025797122,215465.51863639196,1460699.149040895,605770.188451975
2025-03-19T18:40:00.000+0000,1246073.0718493196,266937.67681371974,999999.9999999999,804584.3054190723,215465.51863639196,1459747.0729615754,605770.188451975
2025-03-19T18:50:00.000+0000,1243611.5733547355,266937.67681371974,999999.9999999999,797227.4580591122,215465.51863639196,1454823.169268351,605770.188451975
2025-03-19T19:00:00.000+0000,1252898.3976169997,266937.67681371974,999999.9999999999,788469.3064401122,215465.51863639196,1472953.4646893353,605770.188451975
2025-03-19T19:10:00.000+0000,1257778.580075216,266937.67681371974,999999.9999999999,790454.4874737522,215465.51863639196,1482666.9361205911,605770.188451975
2025-03-19T19:20:00.000+0000,1248960.3467001037,266937.67681371974,999999.9999999999,798044.8855435522,215465.51863639196,1465552.953658279,605770.188451975
2025-03-19T19:30:00.000+0000,1247219.376511368,266937.67681371974,999999.9999999999,806452.7110977921,215465.51863639196,1462171.044172023,605770.188451975
2025-03-19T19:40:00.000+0000,1247793.8192492398,266937.67681371974,999999.9999999999,803766.8779346321,215465.51863639196,1463292.5057444551,605770.188451975
2025-03-19T19:50:00.000+0000,1245513.6902728719,266937.67681371974,999999.9999999999,805752.0589682722,215465.51863639196,1458824.1842236873,605770.188451975
2025-03-19T20:00:00.000+0000,1250066.417644896,266937.67681371974,999999.9999999999,776207.8941735121,215465.51863639196,1467661.540847951,605770.188451975
2025-03-19T20:10:00.000+0000,1265435.23576648,266937.67681371974,999999.9999999999,780645.3576604722,215465.51863639196,1497800.805151935,605770.188451975
2025-03-19T20:20:00.000+0000,1257314.9389550798,266937.67681371974,999999.9999999999,787651.8789556723,215465.51863639196,1481930.957644775,605770.188451975
2025-03-19T20:30:00.000+0000,1255226.2908913358,266937.67681371974,999999.9999999999,793957.7481213522,215465.51863639196,1477836.4566481512,605770.188451975
2025-03-19T20:40:00.000+0000,1254503.1817717915,266937.67681371974,999999.9999999999,786133.7993417121,215465.51863639196,1476475.5105067668,605770.188451975
2025-03-19T20:50:00.000+0000,1260134.2267190798,266937.67681371974,999999.9999999999,789753.8353442322,215465.51863639196,1487485.6912000552,605770.188451975
2025-03-19T21:00:00.000+0000,1254024.4794902317,266937.67681371974,999999.9999999999,789753.8353442322,215465.51863639196,1475540.959196407,605770.188451975
2025-03-19T21:10:00.000+0000,1255495.870285152,266937.67681371974,999999.9999999999,792673.2192172322,215465.51863639196,1478379.6626654067,605770.188451975
2025-03-19T21:20:00.000+0000,1257201.556523648,266937.67681371974,999999.9999999999,792556.4438623122,215465.51863639196,1481726.5226137429,605770.188451975
2025-03-19T21:30:00.000+0000,1260935.4343198158,266937.67681371974,999999.9999999999,789286.7339245522,215465.51863639196,1489016.022834551,605770.188451975
2025-03-19T21:40:00.000+0000,1258080.862605576,266937.67681371974,999999.9999999999,789286.7339245522,215465.51863639196,1483426.239741351,605770.188451975
2025-03-19T21:50:00.000+0000,1255669.7092226557,266937.67681371974,999999.9999999999,795125.5016705522,215465.51863639196,1478735.958420591,605770.188451975
2025-03-19T22:00:00.000+0000,1255478.2283100323,266937.67681371974,999999.9999999999,797227.4580591122,215465.51863639196,1478362.137896447,605770.188451975
2025-03-19T22:10:00.000+0000,1256218.9794046958,266937.67681371974,999999.9999999999,794191.2988311922,215465.51863639196,1479740.6088067908,605770.188451975
2025-03-19T22:20:00.000+0000,1247776.1772741198,266937.67681371974,999999.9999999999,798979.0883829122,215465.51863639196,1463274.9809754952,605770.188451975
2025-03-19T22:30:00.000+0000,1249612.8879191682,266937.67681371974,999999.9999999999,801781.6969009922,215465.51863639196,1466843.8007238233,605770.188451975
2025-03-19T22:40:00.000+0000,1250353.639013832,266937.67681371974,999999.9999999999,802015.2476108321,215465.51863639196,1468222.271634167,605770.188451975
2025-03-19T22:50:00.000+0000,1247630.0917061437,266937.67681371974,999999.9999999999,803299.7765149522,215465.51863639196,1462854.448340959,605770.188451975
2025-03-19T23:00:00.000+0000,1248743.6932316483,266937.67681371974,999999.9999999999,801898.4722559123,215465.51863639196,1465062.321947903,605770.188451975
2025-03-19T23:10:00.000+0000,1237846.9231872,266937.67681371974,999999.9999999999,809488.8703257123,215465.51863639196,1443772.076840655,605770.188451975
2025-03-19T23:20:00.000+0000,1234687.4881289038,266937.67681371974,999999.9999999999,816145.0655561523,215465.51863639196,1437604.0381922787,605770.188451975
2025-03-19T23:30:00.000+0000,1237456.4307812394,266937.67681371974,999999.9999999999,817663.1451701121,215465.51863639196,1442925.149375095,605770.188451975
2025-03-19T23:40:00.000+0000,1237821.7506313678,266937.67681371974,999999.9999999999,817196.0437504322,215465.51863639196,1443655.2656544233,605770.188451975
2025-03-19T23:50:00.000+0000,1241399.431465152,266937.67681371974,999999.9999999999,809372.0949707922,215465.51863639196,1450605.9948890072,605770.188451975
2025-03-20T00:00:00.000+0000,1243984.4237855757,266937.67681371974,999999.9999999999,789053.1832147122,215465.51863639196,1455652.5719649512,605770.188451975
2025-03-20T00:10:00.000+0000,1248544.6817383124,266937.67681371974,999999.9999999999,796760.3566394323,215465.51863639196,1464589.2150064872,605770.188451975
2025-03-20T00:20:00.000+0000,1251232.9450957598,266937.67681371974,999999.9999999999,799212.6390927522,215465.51863639196,1469921.9887617752,605770.188451975
2025-03-20T00:30:00.000+0000,1252094.6092025675,266937.67681371974,999999.9999999999,797694.5594787922,215465.51863639196,1471604.1811204231,605770.188451975
2025-03-20T00:40:00.000+0000,1256350.0038112476,266937.67681371974,999999.9999999999,790688.0381835921,215465.51863639196,1479962.568606783,605770.188451975
2025-03-20T00:50:00.000+0000,1262406.8251147359,266937.67681371974,999999.9999999999,784732.4950826722,215465.51863639196,1491854.7263035509,605770.188451975
2025-03-20T01:00:00.000+0000,1262598.3060273598,266937.67681371974,999999.9999999999,781112.4590801521,215465.51863639196,1492228.5468276953,605770.188451975
2025-03-20T01:10:00.000+0000,1264077.227402992,266937.67681371974,999999.9999999999,778660.1766268321,215465.51863639196,1495166.536713967,605770.188451975
2025-03-20T01:20:00.000+0000,1262467.2816208075,266937.67681371974,999999.9999999999,779360.8287563521,215465.51863639196,1492006.587027703,605770.188451975
2025-03-20T01:30:00.000+0000,1260591.0476365434,234.8309137197748,999999.9999999999,786367.3500515522,215465.51863639196,1488468.385387679,198673.12985197533
2025-03-20T01:40:00.000+0000,1263732.8407197199,266724.3145369998,999999.9999999999,779594.3794661922,215465.51863639196,1494618.8992670951,605444.510805095
2025-03-20T01:50:00.000+0000,1261991.870530984,266724.3145369998,999999.9999999999,782513.7633391921,215465.51863639196,1491236.989780839,605444.510805095
2025-03-20T02:00:00.000+0000,1260424.739279752,266724.3145369998,999999.9999999999,788469.3064401122,215465.51863639196,1488211.3760497672,605444.510805095
2025-03-20T02:10:00.000+0000,1263105.472056488,266724.3145369998,999999.9999999999,781229.2344350722,215465.51863639196,1493444.863387783,605444.510805095
2025-03-20T02:20:00.000+0000,1263045.0155504164,266724.3145369998,999999.9999999999,782280.2126293522,215465.51863639196,1493293.002663631,605444.510805095
2025-03-20T02:30:00.000+0000,1262367.30177552,266724.3145369998,999999.9999999999,777258.8723677922,215465.51863639196,1491885.3444118553,605444.510805095
2025-03-20T02:40:00.000+0000,1261392.25523728,266724.3145369998,999999.9999999999,782630.5386941121,215465.51863639196,1489998.717022175,605444.510805095
2025-03-20T02:50:00.000+0000,1263768.1246699598,266724.3145369998,999999.9999999999,776207.8941735121,215465.51863639196,1494653.948805015,605444.510805095
2025-03-20T03:00:00.000+0000,1267232.423072312,266724.3145369998,999999.9999999999,778193.0752071522,215465.51863639196,1501400.243008567,605444.510805095
2025-03-20T03:10:00.000+0000,1259364.0636796076,266724.3145369998,999999.9999999999,787068.0021810721,215465.51863639196,1486056.0767497027,605444.510805095
2025-03-20T03:20:00.000+0000,1253601.9943257677,266724.3145369998,999999.9999999999,794775.1756057923,215465.51863639196,1474823.9362564231,605444.510805095
2025-03-20T03:30:00.000+0000,1253410.5134131438,266724.3145369998,999999.9999999999,797694.5594787922,215465.51863639196,1474450.1157322791,605444.510805095
2025-03-20T03:40:00.000+0000,1251495.7042869038,266724.3145369998,999999.9999999999,799446.1898025923,215465.51863639196,1470711.9104908393,605444.510805095
2025-03-20T03:50:00.000+0000,1246839.705877856,266724.3145369998,999999.9999999999,805518.5082584321,215465.51863639196,1461588.3571872308,605444.510805095
2025-03-20T04:00:00.000+0000,1244428.5524949357,266724.3145369998,999999.9999999999,806219.1603879521,215465.51863639196,1456898.0758664708,605444.510805095
2025-03-20T04:10:00.000+0000,1247658.555453712,266724.3145369998,999999.9999999999,805401.7329035122,215465.51863639196,1463136.213590687,605444.510805095
2025-03-20T04:20:00.000+0000,1249921.04245496,266724.3145369998,999999.9999999999,791038.3642483522,215465.51863639196,1467587.010342495,605444.510805095
2025-03-20T04:30:00.000+0000,1261314.156756088,266724.3145369998,999999.9999999999,784031.8429531523,215465.51863639196,1489829.3315290627,605444.510805095
2025-03-20T04:40:00.000+0000,1251548.6302122637,266724.3145369998,999999.9999999999,786484.1254064722,215465.51863639196,1470764.4847977192,605444.510805095
2025-03-20T04:50:00.000+0000,1249041.736373032,266724.3145369998,999999.9999999999,800730.7187067121,215465.51863639196,1465887.2932148871,605444.510805095
2025-03-20T05:00:00.000+0000,1250321.6462553279,266724.3145369998,999999.9999999999,802015.2476108321,215465.51863639196,1468352.1761597428,605444.510805095
2025-03-20T05:10:00.000+0000,1250356.9302055677,266724.3145369998,999999.9999999999,798628.7623181521,215465.51863639196,1468387.225697663,605444.510805095
2025-03-20T05:20:00.000+0000,1244481.4784202958,266724.3145369998,999999.9999999999,803766.8779346321,215465.51863639196,1456950.6501733507,605444.510805095
2025-03-20T05:30:00.000+0000,1239354.3083104,266724.3145369998,999999.9999999999,811590.8267142721,215465.51863639196,1446991.8319766552,605444.510805095
2025-03-20T05:40:00.000+0000,1239581.073173264,266724.3145369998,999999.9999999999,814276.6598774323,215465.51863639196,1447400.7020387189,605444.510805095
2025-03-20T05:50:00.000+0000,1240425.0953049522,266724.3145369998,999999.9999999999,810890.1745847522,215465.51863639196,1449065.369628407,605444.510805095
2025-03-20T06:00:00.000+0000,1237875.386934768,266724.3145369998,999999.9999999999,810423.0731650721,215465.51863639196,1444053.8420903832,605444.510805095
2025-03-20T06:10:00.000+0000,1230921.6175742322,266724.3145369998,999999.9999999999,822684.4854316721,215465.51863639196,1430444.4424970471,605444.510805095
2025-03-20T06:20:00.000+0000,1224794.2283702642,266724.3145369998,999999.9999999999,825837.4200145121,215465.51863639196,1418482.185724439,605444.510805095
2025-03-20T06:30:00.000+0000,1222766.0368125918,266724.3145369998,999999.9999999999,834712.3469884322,215465.51863639196,1414539.5454519668,605444.510805095
2025-03-20T06:40:00.000+0000,1218553.456734864,266724.3145369998,999999.9999999999,838799.4844106323,215465.51863639196,1406315.4939207989,605444.510805095
2025-03-20T06:50:00.000+0000,1211808.8102620714,266724.3145369998,999999.9999999999,844871.802866472,215465.51863639196,1393097.439620567,605444.510805095
2025-03-20T07:00:00.000+0000,1215847.551402296,266724.3145369998,999999.9999999999,843937.6000271122,215465.51863639196,1400965.195396551,605444.510805095
2025-03-20T07:10:00.000+0000,1213968.0262262956,266724.3145369998,999999.9999999999,843704.0493172721,215465.51863639196,1397262.039693031,605444.510805095
2025-03-20T07:20:00.000+0000,1212670.47436888,266724.3145369998,999999.9999999999,848375.0635140722,215465.51863639196,1394779.631979215,605444.510805095
2025-03-20T07:30:00.000+0000,1214088.9392384398,266724.3145369998,999999.9999999999,846039.5564156722,215465.51863639196,1397320.476196399,605444.510805095
2025-03-20T07:40:00.000+0000,1213544.830683792,266724.3145369998,999999.9999999999,848258.2881591523,215465.51863639196,1396199.014623967,605444.510805095
2025-03-20T07:50:00.000+0000,1213257.609314856,266724.3145369998,999999.9999999999,846740.2085451921,215465.51863639196,1395638.283837751,605444.510805095
2025-03-20T08:00:00.000+0000,1208435.302549016,266724.3145369998,999999.9999999999,849426.0417083523,215465.51863639196,1386257.721196231,605444.510805095
2025-03-20T08:10:00.000+0000,1212151.5383700635,266724.3145369998,999999.9999999999,830274.8835014722,215465.51863639196,1393529.696648079,605444.510805095
2025-03-20T08:20:00.000+0000,1228167.9479436958,266724.3145369998,999999.9999999999,821399.9565275521,215465.51863639196,1424679.4735347512,605444.510805095
2025-03-20T08:30:00.000+0000,1224267.7617907359,266724.3145369998,999999.9999999999,825954.1953694322,215465.51863639196,1417132.963976031,605444.510805095
2025-03-20T08:40:00.000+0000,1223501.83814024,266724.3145369998,999999.9999999999,832260.0645351124,215465.51863639196,1415637.6818794548,605444.510805095
2025-03-20T08:50:00.000+0000,1226767.1250492563,266724.3145369998,999999.9999999999,829107.1299522722,215465.51863639196,1421910.8691415912,605444.510805095
2025-03-20T09:00:00.000+0000,1225947.8016827363,266724.3145369998,999999.9999999999,832960.7166646323,215465.51863639196,1420270.736228447,605444.510805095
2025-03-20T09:10:00.000+0000,1225919.5745225442,266724.3145369998,999999.9999999999,833544.5934392322,215465.51863639196,1420242.6965981107,605444.510805095
2025-03-20T09:20:00.000+0000,1222082.899480016,266724.3145369998,999999.9999999999,834478.7962785921,215465.51863639196,1412759.2762076468,605444.510805095
2025-03-20T09:30:00.000+0000,1215460.9302168798,266724.3145369998,999999.9999999999,843120.1725426721,215465.51863639196,1399846.6958326148,605444.510805095
2025-03-20T09:40:00.000+0000,1213918.4977308153,266724.3145369998,999999.9999999999,846973.759255032,215465.51863639196,1396845.616778087,605444.510805095
2025-03-20T09:50:00.000+0000,1212946.5057969359,266724.3145369998,999999.9999999999,849075.7156435922,215465.51863639196,1394870.2178325108,605444.510805095
2025-03-20T10:00:00.000+0000,1212406.0566024554,266724.3145369998,999999.9999999999,847907.9620943922,215465.51863639196,1393874.3298307909,605444.510805095
2025-03-20T10:10:00.000+0000,1212891.8156740637,266724.3145369998,999999.9999999999,846156.3317705921,215465.51863639196,1394815.891048735,605444.510805095
2025-03-20T10:20:00.000+0000,1212945.6891807518,266724.3145369998,999999.9999999999,843937.6000271122,215465.51863639196,1395053.0183749911,605444.510805095
2025-03-20T10:30:00.000+0000,1213086.0083655277,266724.3145369998,999999.9999999999,847207.3099648722,215465.51863639196,1395376.0170691512,605444.510805095
2025-03-20T10:40:00.000+0000,1212898.055847928,266724.3145369998,999999.9999999999,846740.2085451921,215465.51863639196,1395005.701498799,605444.510805095
2025-03-20T10:50:00.000+0000,1214674.3099869038,266724.3145369998,999999.9999999999,846740.2085451921,215465.51863639196,1398422.660522975,605444.510805095
2025-03-20T11:00:00.000+0000,1213605.2871898636,266724.3145369998,999999.9999999999,846740.2085451921,215465.51863639196,1396350.8753481186,605444.510805095
2025-03-20T11:10:00.000+0000,1211500.2875578473,266724.3145369998,999999.9999999999,849542.8170632721,215465.51863639196,1392148.325549743,605444.510805095
2025-03-20T11:20:00.000+0000,1209674.1620978722,266724.3145369998,999999.9999999999,852345.4255813522,215465.51863639196,1388590.020662791,605444.510805095
2025-03-20T11:30:00.000+0000,1212026.623172232,266724.3145369998,999999.9999999999,842302.7450582322,215465.51863639196,1393130.193736295,605444.510805095
2025-03-20T11:40:00.000+0000,1212230.9272581036,266724.3145369998,999999.9999999999,847090.5346099521,215465.51863639196,1393608.558108399,605444.510805095
2025-03-20T11:50:00.000+0000,1207509.6535411119,266724.3145369998,999999.9999999999,852345.4255813522,215465.51863639196,1384420.1631596386,605444.510805095
2025-03-20T12:00:00.000+0000,1203509.7247461523,266724.3145369998,999999.9999999999,858417.7440371922,215465.51863639196,1376590.9618753672,605444.510805095
2025-03-20T12:10:00.000+0000,1200823.6993768797,266724.3145369998,999999.9999999999,857366.7658429123,215465.51863639196,1371352.2171066627,605444.510805095
2025-03-20T12:20:00.000+0000,1203981.3702376634,266724.3145369998,999999.9999999999,858300.9686822721,215465.51863639196,1377518.5032781432,605444.510805095
2025-03-20T12:30:00.000+0000,1201933.7725073602,266724.3145369998,999999.9999999999,863322.3089438322,215465.51863639196,1373556.585759815,605444.510805095
2025-03-20T12:40:00.000+0000,1201389.3211271921,266724.3145369998,999999.9999999999,863088.7582339922,215465.51863639196,1372464.9162946148,605444.510805095
2025-03-20T12:50:00.000+0000,1203016.9088844964,266724.3145369998,999999.9999999999,860986.8018454321,215465.51863639196,1375642.3907498391,605444.510805095
2025-03-20T13:00:00.000+0000,1199469.2194084157,266724.3145369998,999999.9999999999,864373.2871381121,215465.51863639196,1368721.4536224871,605444.510805095
2025-03-20T13:10:00.000+0000,1199852.181233664,266724.3145369998,999999.9999999999,865073.9392676321,215465.51863639196,1369469.0946707749,605444.510805095
2025-03-20T13:20:00.000+0000,1191714.2424471444,266724.3145369998,999999.9999999999,867993.3231406321,215465.51863639196,1353581.722394655,605444.510805095
2025-03-20T13:30:00.000+0000,1188494.3508827758,266724.3145369998,999999.9999999999,877802.4529539121,215465.51863639196,1347261.8230221272,605444.510805095
2025-03-20T13:40:00.000+0000,1189119.9553484959,266724.3145369998,999999.9999999999,873248.2141120322,215465.51863639196,1348434.1064245428,605444.510805095
2025-03-20T13:50:00.000+0000,1193054.6088355123,266724.3145369998,999999.9999999999,872897.8880472722,215465.51863639196,1356198.4660636634,605444.510805095
2025-03-20T14:00:00.000+0000,1193359.472179568,266724.3145369998,999999.9999999999,864840.3885577922,215465.51863639196,1356776.721618839,605444.510805095
2025-03-20T14:10:00.000+0000,1197616.63098576,266724.3145369998,999999.9999999999,858884.8454568721,215465.51863639196,1365136.8615820953,605444.510805095
2025-03-20T14:20:00.000+0000,1199148.0044960878,266724.3145369998,999999.9999999999,863322.3089438322,215465.51863639196,1368035.149265559,605444.510805095
2025-03-20T14:30:00.000+0000,1192857.835330352,266724.3145369998,999999.9999999999,870562.3809488721,215465.51863639196,1355819.3881088311,605444.510805095
2025-03-20T14:40:00.000+0000,1192222.9360864079,266724.3145369998,999999.9999999999,872781.1126923522,215465.51863639196,1354546.0658122469,605444.510805095
2025-03-20T14:50:00.000+0000,1191146.85649932,266724.3145369998,999999.9999999999,874415.9676612322,215465.51863639196,1352467.270729807,605444.510805095
2025-03-20T15:00:00.000+0000,1189424.0020763678,266724.3145369998,999999.9999999999,877101.8008243924,215465.51863639196,1349195.1625221989,605444.510805095
2025-03-20T15:10:00.000+0000,1189876.2413952479,266724.3145369998,999999.9999999999,875466.9458555123,215465.51863639196,1350103.426679119,605444.510805095
2025-03-20T15:20:00.000+0000,1188135.2712065117,266724.3145369998,999999.9999999999,878036.003663752,215465.51863639196,1346721.5171928627,605444.510805095
2025-03-20T15:30:00.000+0000,1184626.8678663601,266724.3145369998,999999.9999999999,881305.7136015121,215465.51863639196,1339931.4110669112,605444.510805095
2025-03-20T15:40:00.000+0000,1184059.4819185357,266724.3145369998,999999.9999999999,884692.1988941922,215465.51863639196,1338816.959402063,605444.510805095
2025-03-20T15:50:00.000+0000,1175705.3634542236,266724.3145369998,999999.9999999999,886560.6045729121,215465.51863639196,1322531.2319252552,605444.510805095
2025-03-20T16:00:00.000+0000,1172432.5459644955,266724.3145369998,999999.9999999999,889947.0898655921,215465.51863639196,1316158.7582458472,605444.510805095
2025-03-20T16:10:00.000+0000,1173859.8318216156,266724.3145369998,999999.9999999999,891231.6187697123,215465.51863639196,1318953.6497924468,605444.510805095
2025-03-20T16:20:00.000+0000,1173574.3746501915,266724.3145369998,999999.9999999999,896136.1836763523,215465.51863639196,1318394.671483127,605444.510805095
2025-03-20T16:30:00.000+0000,1171925.6165227438,266724.3145369998,999999.9999999999,898705.2414845922,215465.51863639196,1315196.167305151,605444.510805095
2025-03-20T16:40:00.000+0000,1167571.4268533918,266724.3145369998,999999.9999999999,901274.2992928321,215465.51863639196,1306739.641112615,605444.510805095
2025-03-20T16:50:00.000+0000,1167030.5038682478,266724.3145369998,999999.9999999999,902792.3789067923,215465.51863639196,1305651.476601207,605444.510805095
2025-03-20T17:00:00.000+0000,1168266.308812744,266724.3145369998,999999.9999999999,900223.3210985523,215465.51863639196,1308072.547623663,605444.510805095
2025-03-20T17:10:00.000+0000,1172361.5042733517,266724.3145369998,999999.9999999999,899289.1182591922,215465.51863639196,1315996.3826603189,605444.510805095
2025-03-20T17:20:00.000+0000,1168508.9514532164,266724.3145369998,999999.9999999999,901157.5239379124,215465.51863639196,1308497.1899777912,605444.510805095
2025-03-20T17:30:00.000+0000,1168907.791056072,266724.3145369998,999999.9999999999,900573.6471633122,215465.51863639196,1309260.603318143,605444.510805095
2025-03-20T17:40:00.000+0000,1172777.985851328,266724.3145369998,999999.9999999999,898471.6907747523,215465.51863639196,1316777.3207696308,605444.510805095
2025-03-20T17:50:00.000+0000,1172567.0987660717,266724.3145369998,999999.9999999999,895902.6329665121,215465.51863639196,1316384.222999631,605444.510805095
2025-03-20T18:00:00.000+0000,1177701.7994566802,266724.3145369998,999999.9999999999,891114.8434147921,215465.51863639196,1326442.3276135987,605444.510805095
2025-03-20T18:10:00.000+0000,1180061.3173210875,266724.3145369998,999999.9999999999,877568.9022440724,215465.51863639196,1330989.510594687,605444.510805095
2025-03-20T18:20:00.000+0000,1181143.1632913756,266724.3145369998,999999.9999999999,882940.5685703922,215465.51863639196,1333165.839617503,605444.510805095
2025-03-20T18:30:00.000+0000,1179799.2685079838,266724.3145369998,999999.9999999999,886210.278508152,215465.51863639196,1330545.590994703,605444.510805095
2025-03-20T18:40:00.000+0000,1176833.0785598238,266724.3145369998,999999.9999999999,892165.8216090722,215465.51863639196,1324753.1253473668,605444.510805095
2025-03-20T18:50:00.000+0000,1173365.2517624479,266724.3145369998,999999.9999999999,896136.1836763523,215465.51863639196,1318003.326190023,605444.510805095
2025-03-20T19:00:00.000+0000,1172106.5122502954,266724.3145369998,999999.9999999999,896836.8358058722,215465.51863639196,1315559.472967919,605444.510805095
2025-03-20T19:10:00.000+0000,1171838.6970539922,266724.3145369998,999999.9999999999,896019.4083214323,215465.51863639196,1315018.0194275589,605444.510805095
2025-03-20T19:20:00.000+0000,1171856.3390291121,266724.3145369998,999999.9999999999,897420.7125804723,215465.51863639196,1315035.5441965188,605444.510805095
2025-03-20T19:30:00.000+0000,1170827.8927748483,266724.3145369998,999999.9999999999,900223.3210985523,215465.51863639196,1313004.0659902708,605444.510805095
2025-03-20T19:40:00.000+0000,1171176.8610567045,266724.3145369998,999999.9999999999,901040.7485829922,215465.51863639196,1313626.1334678466,605444.510805095
2025-03-20T19:50:00.000+0000,1169072.335215352,266724.3145369998,999999.9999999999,902091.7267772721,215465.51863639196,1309515.8601791589,605444.510805095
2025-03-20T20:00:00.000+0000,1168194.7933309358,266724.3145369998,999999.9999999999,900690.4225182321,215465.51863639196,1307817.8955284469,605444.510805095
2025-03-20T20:10:00.000+0000,1168957.188586408,266724.3145369998,999999.9999999999,900106.5457436324,215465.51863639196,1309309.672671231,605444.510805095
2025-03-20T20:20:00.000+0000,1172726.3503328157,266724.3145369998,999999.9999999999,898121.3647099922,215465.51863639196,1316634.2224299589,605444.510805095
2025-03-20T20:30:00.000+0000,1173363.0137742716,266724.3145369998,999999.9999999999,894734.8794173122,215465.51863639196,1317909.297203439,605444.510805095
2025-03-20T20:40:00.000+0000,1176238.755858656,266724.3145369998,999999.9999999999,890063.8652205123,215465.51863639196,1323520.110019391,605444.510805095
2025-03-20T20:50:00.000+0000,1174981.7805440156,266724.3145369998,999999.9999999999,889830.3145106722,215465.51863639196,1321078.0092741833,605444.510805095
2025-03-20T21:00:00.000+0000,1170203.5787159759,266724.3145369998,999999.9999999999,897654.263290312,215465.51863639196,1311741.258555063,605444.510805095
2025-03-20T21:10:00.000+0000,1168255.2498370078,266724.3145369998,999999.9999999999,902792.3789067923,215465.51863639196,1307969.756252599,605444.510805095
2025-03-20T21:20:00.000+0000,1168923.66883368,266724.3145369998,999999.9999999999,902558.8281969521,215465.51863639196,1309276.375610207,605444.510805095
2025-03-20T21:30:00.000+0000,1168755.122488712,266724.3145369998,999999.9999999999,902442.0528420322,215465.51863639196,1308925.337285711,605444.510805095
2025-03-20T21:40:00.000+0000,1164827.9995824078,266724.3145369998,999999.9999999999,901858.1760674323,215465.51863639196,1301260.264063863,605444.510805095
2025-03-20T21:50:00.000+0000,1165934.5443178639,266724.3145369998,999999.9999999999,903025.9296166322,215465.51863639196,1303461.127763223,605444.510805095
2025-03-20T22:00:00.000+0000,1168363.3396759038,266724.3145369998,999999.9999999999,902325.2774871122,215465.51863639196,1308168.9338529431,605444.510805095
2025-03-20T22:10:00.000+0000,1170673.93380064,266724.3145369998,999999.9999999999,896953.6111607921,215465.51863639196,1312759.3239906307,605444.510805095
2025-03-20T22:20:00.000+0000,1168550.0017866557,266724.3145369998,999999.9999999999,901974.9514223523,215465.51863639196,1308629.7734560869,605444.510805095
2025-03-20T22:30:00.000+0000,1169741.7017933521,266724.3145369998,999999.9999999999,902208.5021321923,215465.51863639196,1311007.0325561431,605444.510805095
2025-03-20T22:40:00.000+0000,1168323.236923792,266724.3145369998,999999.9999999999,902675.6035518722,215465.51863639196,1308220.903394023,605444.510805095
2025-03-20T22:50:00.000+0000,1164465.39151112,266724.3145369998,999999.9999999999,905594.9874248722,215465.51863639196,1300716.4532808065,605444.510805095
2025-03-20T23:00:00.000+0000,1164296.8451661514,266724.3145369998,999999.9999999999,908280.8205880321,215465.51863639196,1300365.414956311,605444.510805095
2025-03-20T23:10:00.000+0000,1163892.7129707602,266724.3145369998,999999.9999999999,908981.4727175521,215465.51863639196,1299596.7441852707,605444.510805095
2025-03-20T23:20:00.000+0000,1164456.5705235598,266724.3145369998,999999.9999999999,907113.0670388322,215465.51863639196,1300707.6908963267,605444.510805095
2025-03-20T23:30:00.000+0000,1164736.7351024477,266724.3145369998,999999.9999999999,907346.6177486721,215465.51863639196,1301261.411774959,605444.510805095
2025-03-20T23:40:00.000+0000,1166833.7303630877,266724.3145369998,999999.9999999999,904660.7845855122,215465.51863639196,1305272.3986463747,605444.510805095
2025-03-20T23:50:00.000+0000,1164708.0341515918,266724.3145369998,999999.9999999999,906062.0888445523,215465.51863639196,1301141.095634935,605444.510805095
2025-03-21T00:00:00.000+0000,1165580.2834434719,266724.3145369998,999999.9999999999,905127.8860051923,215465.51863639196,1302833.8028549592,605444.510805095
2025-03-21T00:10:00.000+0000,1166827.9639798878,266724.3145369998,999999.9999999999,903493.0310363121,215465.51863639196,1305174.864705999,605444.510805095
2025-03-21T00:20:00.000+0000,1167032.2680657597,266724.3145369998,999999.9999999999,904427.2338756723,215465.51863639196,1305653.2290781029,605444.510805095
2025-03-21T00:30:00.000+0000,1168127.7538254797,266724.3145369998,999999.9999999999,901040.7485829922,215465.51863639196,1307751.3014063989,605444.510805095
2025-03-21T00:40:00.000+0000,1168218.201689256,266724.3145369998,999999.9999999999,901274.2992928321,215465.51863639196,1307932.9542377829,605444.510805095
2025-03-21T00:50:00.000+0000,1164663.4554231279,266724.3145369998,999999.9999999999,901507.8500026723,215465.51863639196,1301005.007202847,605444.510805095
2025-03-21T01:00:00.000+0000,1163817.6690939283,266724.3145369998,999999.9999999999,907346.6177486721,215465.51863639196,1299338.5871362628,605444.510805095
2025-03-21T01:10:00.000+0000,1160137.1910137837,266724.3145369998,999999.9999999999,911433.755170872,215465.51863639196,1292193.9377320232,605444.510805095
2025-03-21T01:20:00.000+0000,1157069.9680167756,266724.3145369998,999999.9999999999,915170.5665283122,215465.51863639196,1286209.304391927,605444.510805095
2025-03-21T01:30:00.000+0000,1154110.8348586643,266724.3145369998,999999.9999999999,919491.2546603521,215465.51863639196,1280423.8486521747,605444.510805095
2025-03-21T01:40:00.000+0000,1154717.0331517523,266724.3145369998,999999.9999999999,921009.334274312,215465.51863639196,1281576.854808735,605444.510805095
2025-03-21T01:50:00.000+0000,1153596.3748362004,266724.3145369998,999999.9999999999,921709.9864038322,215465.51863639196,1279361.971294207,605444.510805095
2025-03-21T02:00:00.000+0000,1154206.1015243123,266724.3145369998,999999.9999999999,921826.7617587522,215465.51863639196,1280518.482404559,605444.510805095
2025-03-21T02:10:00.000+0000,1151208.156020936,266724.3145369998,999999.9999999999,922410.6385333522,215465.51863639196,1274694.4721730952,605444.510805095
2025-03-21T02:20:00.000+0000,1148470.4951331522,266724.3145369998,999999.9999999999,928249.4062793524,215465.51863639196,1269312.6290647192,605444.510805095
2025-03-21T02:30:00.000+0000,1143275.3379364721,266724.3145369998,999999.9999999999,929417.159828552,215465.51863639196,1259102.663726599,605444.510805095
2025-03-21T02:40:00.000+0000,1143356.9648126876,266724.3145369998,999999.9999999999,932803.6451212321,215465.51863639196,1259275.5541735026,605444.510805095
2025-03-21T02:50:00.000+0000,1142935.1906421757,266724.3145369998,999999.9999999999,933737.8479605922,215465.51863639196,1258489.358633503,605444.510805095
2025-03-21T03:00:00.000+0000,1142839.4501858633,266724.3145369998,999999.9999999999,934788.8261548721,215465.51863639196,1258302.4483714309,605444.510805095
2025-03-21T03:10:00.000+0000,1142804.1662356234,266724.3145369998,999999.9999999999,933621.0726056721,215465.51863639196,1258267.398833511,605444.510805095
2025-03-21T03:20:00.000+0000,1143094.915999584,266724.3145369998,999999.9999999999,933621.0726056721,215465.51863639196,1258831.634573519,605444.510805095
2025-03-21T03:30:00.000+0000,1142492.24610152,266724.3145369998,999999.9999999999,934088.1740253523,215465.51863639196,1257682.133370751,605444.510805095
2025-03-21T03:40:00.000+0000,1142974.476778104,266724.3145369998,999999.9999999999,934905.6015097921,215465.51863639196,1258620.189634903,605444.510805095
2025-03-21T03:50:00.000+0000,1141368.0593909437,266724.3145369998,999999.9999999999,935255.9275745524,215465.51863639196,1255463.7449024308,605444.510805095
2025-03-21T04:00:00.000+0000,1142032.949992592,266724.3145369998,999999.9999999999,936073.3550589923,215465.51863639196,1256766.859306247,605444.510805095
2025-03-21T04:10:00.000+0000,1142490.4819040082,266724.3145369998,999999.9999999999,932570.0944113921,215465.51863639196,1257680.380893855,605444.510805095
2025-03-21T04:20:00.000+0000,1152231.309682664,266724.3145369998,999999.9999999999,922760.964598112,215465.51863639196,1276720.692948655,605444.510805095
2025-03-21T04:30:00.000+0000,1147538.2631258643,266724.3145369998,999999.9999999999,924979.6963415922,215465.51863639196,1267560.337630231,605444.510805095
2025-03-21T04:40:00.000+0000,1146318.3359589758,266724.3145369998,999999.9999999999,928833.2830539522,215465.51863639196,1265155.038899839,605444.510805095
2025-03-21T04:50:00.000+0000,1145747.8954067922,266724.3145369998,999999.9999999999,929767.4858933121,215465.51863639196,1264129.358790887,605444.510805095
2025-03-21T05:00:00.000+0000,1142386.3942508001,266724.3145369998,999999.9999999999,934555.2754450322,215465.51863639196,1257576.9847569908,605444.510805095
2025-03-21T05:10:00.000+0000,1139746.23801684,266724.3145369998,999999.9999999999,936774.0071885121,215465.51863639196,1252383.804387583,605444.510805095
2025-03-21T05:20:00.000+0000,1138462.79973952,266724.3145369998,999999.9999999999,939693.3910615122,215465.51863639196,1249915.416488935,605444.510805095
2025-03-21T05:30:00.000+0000,1137117.140758616,266724.3145369998,999999.9999999999,940861.1446107121,215465.51863639196,1247293.4153892393,605444.510805095
2025-03-21T05:40:00.000+0000,1136390.0294533838,266724.3145369998,999999.9999999999,942846.325644352,215465.51863639196,1245836.6877843752,605444.510805095
2025-03-21T05:50:00.000+0000,1134657.880252208,266724.3145369998,999999.9999999999,945298.608097672,215465.51863639196,1242463.540682599,605444.510805095
2025-03-21T06:00:00.000+0000,1134968.0361888,266724.3145369998,999999.9999999999,942846.325644352,215465.51863639196,1243047.0536684627,605444.510805095
2025-03-21T06:10:00.000+0000,1133049.698667536,266724.3145369998,999999.9999999999,946349.5862919521,215465.51863639196,1239305.343473231,605444.510805095
2025-03-21T06:20:00.000+0000,1132968.0717913196,266724.3145369998,999999.9999999999,947283.7891313122,215465.51863639196,1239132.453026327,605444.510805095
2025-03-21T06:30:00.000+0000,1128530.4910482396,266724.3145369998,999999.9999999999,949502.5208747922,215465.51863639196,1230501.283909991,605444.510805095
2025-03-21T06:40:00.000+0000,1127738.104435064,266724.3145369998,999999.9999999999,952188.3540379521,215465.51863639196,1228979.714659975,605444.510805095
2025-03-21T06:50:00.000+0000,1129296.8884894,266724.3145369998,999999.9999999999,950903.825133832,215465.51863639196,1232088.8425162549,605444.510805095
2025-03-21T07:00:00.000+0000,1125642.8733719357,266724.3145369998,999999.9999999999,953122.5568773123,215465.51863639196,1224970.4802654549,605444.510805095
2025-03-21T07:10:00.000+0000,1123072.4684222718,266724.3145369998,999999.9999999999,956742.5928798321,215465.51863639196,1220030.1995143672,605444.510805095
2025-03-21T07:20:00.000+0000,1121840.1918728,266724.3145369998,999999.9999999999,958610.9985585522,215465.51863639196,1217612.633445703,605444.510805095
2025-03-21T07:30:00.000+0000,1118847.065171296,266724.3145369998,999999.9999999999,961413.6070766322,215465.51863639196,1211701.6041352393,605444.510805095
2025-03-21T07:40:00.000+0000,1118438.930790216,266724.3145369998,999999.9999999999,963982.664884872,215465.51863639196,1210837.151900719,605444.510805095
2025-03-21T07:50:00.000+0000,1119517.24836548,266724.3145369998,999999.9999999999,960362.6288823523,215465.51863639196,1213009.9759697428,605444.510805095
2025-03-21T08:00:00.000+0000,1117912.595175832,266724.3145369998,999999.9999999999,962931.686690592,215465.51863639196,1209855.2837141668,605444.510805095
2025-03-21T08:10:00.000+0000,1116324.293554456,266724.3145369998,999999.9999999999,965734.2952086721,215465.51863639196,1206808.6402603432,605444.510805095
2025-03-21T08:20:00.000+0000,1114539.21842792,266724.3145369998,999999.9999999999,968770.4544365923,215465.51863639196,1203382.9188516866,605444.510805095
2025-03-21T08:30:00.000+0000,1110413.557818944,266724.3145369998,999999.9999999999,970755.6354702322,215465.51863639196,1195337.015198111,605444.510805095
2025-03-21T08:40:00.000+0000,1109268.6745288882,266724.3145369998,999999.9999999999,973091.1425686323,215465.51863639196,1193189.8735167268,605444.510805095
2025-03-21T08:50:00.000+0000,1107951.242708176,266724.3145369998,999999.9999999999,976244.0771514722,215465.51863639196,1190595.912047367,605444.510805095
2025-03-21T09:00:00.000+0000,1105634.065584056,266724.3145369998,999999.9999999999,977762.156765432,215465.51863639196,1186090.788511783,605444.510805095
2025-03-21T09:10:00.000+0000,1104775.9298722718,266724.3145369998,999999.9999999999,979630.5624441523,215465.51863639196,1184412.1011069268,605444.510805095
2025-03-21T09:20:00.000+0000,1107649.43396848,266724.3145369998,999999.9999999999,961997.4838512323,215465.51863639196,1189928.884936295,605444.510805095
2025-03-21T09:30:00.000+0000,1115943.569717384,266724.3145369998,999999.9999999999,958844.5492683921,215465.51863639196,1206155.028198639,605444.510805095
2025-03-21T09:40:00.000+0000,1108896.297888712,266724.3145369998,999999.9999999999,969354.3312111921,215465.51863639196,1192452.7473298153,605444.510805095
2025-03-21T09:50:00.000+0000,1108772.330272208,266724.3145369998,999999.9999999999,975543.4250219523,215465.51863639196,1192237.797437407,605444.510805095
2025-03-21T10:00:00.000+0000,1108391.1326444717,266724.3145369998,999999.9999999999,972156.9397292722,215465.51863639196,1191491.9088660148,605444.510805095
2025-03-21T10:10:00.000+0000,1107222.8409960957,266724.3145369998,999999.9999999999,977061.5046359121,215465.51863639196,1189229.708475295,605444.510805095
2025-03-21T10:20:00.000+0000,1104271.238418696,266724.3145369998,999999.9999999999,981615.743477792,215465.51863639196,1183543.539152815,605444.510805095
2025-03-21T10:30:00.000+0000,1103473.5592129836,266724.3145369998,999999.9999999999,981615.743477792,215465.51863639196,1182016.7124721112,605444.510805095
2025-03-21T10:40:00.000+0000,1105723.223040984,266724.3145369998,999999.9999999999,976594.4032162321,215465.51863639196,1186362.965375959,605444.510805095
2025-03-21T10:50:00.000+0000,1107535.2349208635,266724.3145369998,999999.9999999999,971923.3890194322,215465.51863639196,1189907.2504477429,605444.510805095
2025-03-21T11:00:00.000+0000,1106056.787335896,266724.3145369998,999999.9999999999,976360.852506392,215465.51863639196,1187061.537071159,605444.510805095
2025-03-21T11:10:00.000+0000,1103939.91211196,266724.3145369998,999999.9999999999,978813.1349597119,215465.51863639196,1182938.9964441988,605444.510805095
2025-03-21T11:20:00.000+0000,1104603.0385160958,266724.3145369998,999999.9999999999,977995.7074752721,215465.51863639196,1184240.358371119,605444.510805095
2025-03-21T11:30:00.000+0000,1104776.8774536,266724.3145369998,999999.9999999999,978813.1349597119,215465.51863639196,1184596.6541263028,605444.510805095
2025-03-21T11:40:00.000+0000,1105344.2634014238,266724.3145369998,999999.9999999999,979280.2363793921,215465.51863639196,1185711.105791151,605444.510805095
2025-03-21T11:50:00.000+0000,1106726.97053008,266724.3145369998,999999.9999999999,974258.896117832,215465.51863639196,1188369.908905663,605444.510805095
2025-03-21T12:00:00.000+0000,1107367.16236656,266724.3145369998,999999.9999999999,975543.4250219523,215465.51863639196,1189648.488632935,605444.510805095
2025-03-21T12:10:00.000+0000,1100138.5210196718,266724.3145369998,999999.9999999999,977995.7074752721,215465.51863639196,1175490.6255916553,605444.510805095
2025-03-21T12:20:00.000+0000,1098829.91018652,266724.3145369998,999999.9999999999,983834.4752212721,215465.51863639196,1172905.426506775,605444.510805095
2025-03-21T12:30:00.000+0000,1102067.4437260078,266724.3145369998,999999.9999999999,983600.9245114323,215465.51863639196,1179242.850648263,605444.510805095
2025-03-21T12:40:00.000+0000,1102764.5636735363,266724.3145369998,999999.9999999999,980798.3159933521,215465.51863639196,1180669.7861458953,605444.510805095
2025-03-21T12:50:00.000+0000,1102530.742020624,266724.3145369998,999999.9999999999,981966.0695425523,215465.51863639196,1180253.9061762467,605444.510805095
2025-03-21T13:00:00.000+0000,1104280.53319692,266724.3145369998,999999.9999999999,972974.3672137123,215465.51863639196,1183644.578046983,605444.510805095
2025-03-21T13:10:00.000+0000,1107597.455624448,266724.3145369998,999999.9999999999,976944.7292809922,215465.51863639196,1190060.8636487909,605444.510805095
2025-03-21T13:20:00.000+0000,1104101.40166688,266724.3145369998,999999.9999999999,977411.830700672,215465.51863639196,1183283.0248611108,605444.510805095
2025-03-21T13:30:00.000+0000,1103473.5592129836,266724.3145369998,999999.9999999999,977178.2799908321,215465.51863639196,1182016.7124721112,605444.510805095
2025-03-21T13:40:00.000+0000,1107912.9041535757,266724.3145369998,999999.9999999999,974492.4468276722,215465.51863639196,1190649.634065343,605444.510805095
2025-03-21T13:50:00.000+0000,1106769.3112703678,266724.3145369998,999999.9999999999,978462.8088949522,215465.51863639196,1188411.9683511672,605444.510805095
2025-03-21T14:00:00.000+0000,1107218.0221942237,266724.3145369998,999999.9999999999,977411.830700672,215465.51863639196,1189316.7275542952,605444.510805095
2025-03-21T14:10:00.000+0000,1105909.4113610722,266724.3145369998,999999.9999999999,979163.4610244723,215465.51863639196,1186731.528469415,605444.510805095
2025-03-21T14:20:00.000+0000,1104239.009072816,266724.3145369998,999999.9999999999,980564.7652835122,215465.51863639196,1183419.7180589992,605444.510805095
2025-03-21T14:30:00.000+0000,1102953.806597984,266724.3145369998,999999.9999999999,981382.1927679519,215465.51863639196,1180949.577683455,605444.510805095
2025-03-21T14:40:00.000+0000,1100161.455587328,266724.3145369998,999999.9999999999,982199.620252392,215465.51863639196,1175513.407791303,605444.510805095
2025-03-21T14:50:00.000+0000,1102776.439265456,266724.3145369998,999999.9999999999,982549.9463171524,215465.51863639196,1180589.7769744787,605444.510805095
2025-03-21T15:00:00.000+0000,1102334.7851316482,266724.3145369998,999999.9999999999,983250.5984466723,215465.51863639196,1179692.0276789349,605444.510805095
2025-03-21T15:10:00.000+0000,1102592.01514288,266724.3145369998,999999.9999999999,983133.8230917521,215465.51863639196,1180222.966357919,605444.510805095
2025-03-21T15:20:00.000+0000,1104393.441837688,266724.3145369998,999999.9999999999,981498.9681228723,215465.51863639196,1183756.736568327,605444.510805095
2025-03-21T15:30:00.000+0000,1102118.6054538558,266724.3145369998,999999.9999999999,979864.113153992,215465.51863639196,1179293.672478247,605444.510805095
2025-03-21T15:40:00.000+0000,1101322.690445656,266724.3145369998,999999.9999999999,984535.1273507922,215465.51863639196,1177768.598274439,605444.510805095
2025-03-21T15:50:00.000+0000,1099494.8007881676,266724.3145369998,999999.9999999999,986637.0837393522,215465.51863639196,1174208.540910591,605444.510805095
2025-03-21T16:00:00.000+0000,1098014.5890056882,266724.3145369998,999999.9999999999,986520.3083844323,215465.51863639196,1171361.0750571112,605444.510805095
2025-03-21T16:10:00.000+0000,1099381.418356736,266724.3145369998,999999.9999999999,986870.6344491921,215465.51863639196,1174004.1058795587,605444.510805095
2025-03-21T16:20:00.000+0000,1098996.6923339758,266724.3145369998,999999.9999999999,986403.5330295123,215465.51863639196,1173254.7123543748,605444.510805095
2025-03-21T16:30:00.000+0000,1100136.2830314958,266724.3145369998,999999.9999999999,986637.0837393522,215465.51863639196,1175396.5966050713,605444.510805095
2025-03-21T16:40:00.000+0000,1099988.9070566718,266724.3145369998,999999.9999999999,985702.8808999921,215465.51863639196,1175066.5880033267,605444.510805095
2025-03-21T16:50:00.000+0000,1097396.8579461998,266724.3145369998,999999.9999999999,988038.3879983921,215465.51863639196,1170013.001019799,605444.510805095
2025-03-21T17:00:00.000+0000,1096251.50086548,266724.3145369998,999999.9999999999,990724.2211615522,215465.51863639196,1167773.582828727,605444.510805095
2025-03-21T17:10:00.000+0000,1095558.38310364,266724.3145369998,999999.9999999999,991658.4240009123,215465.51863639196,1166442.428794575,605444.510805095
2025-03-21T17:20:00.000+0000,1095164.83609332,266724.3145369998,999999.9999999999,992709.4021951923,215465.51863639196,1165684.272884911,605444.510805095
2025-03-21T17:30:00.000+0000,1093888.4546060483,266724.3145369998,999999.9999999999,994694.5832288321,215465.51863639196,1163222.894893847,605444.510805095
2025-03-21T17:40:00.000+0000,1093625.9320022801,266724.3145369998,999999.9999999999,994811.3585837521,215465.51863639196,1162686.698784175,605444.510805095
2025-03-21T17:50:00.000+0000,1090219.852117824,266724.3145369998,999999.9999999999,996796.5396173922,215465.51863639196,1155998.236318191,605444.510805095
2025-03-21T18:00:00.000+0000,1091365.2091985438,266724.3145369998,999999.9999999999,997146.8656821523,215465.51863639196,1158237.6545092629,605444.510805095
2025-03-21T18:10:00.000+0000,1092934.1046472879,266724.3145369998,999999.9999999999,995395.2353583521,215465.51863639196,1161265.020717231,605444.510805095
2025-03-21T18:20:00.000+0000,1095524.3895602478,266724.3145369998,999999.9999999999,987921.6126434722,215465.51863639196,1166316.855223863,605444.510805095
2025-03-21T18:30:00.000+0000,1097354.043415248,266724.3145369998,999999.9999999999,989206.1415475922,215465.51863639196,1169878.6650646073,605444.510805095
2025-03-21T18:40:00.000+0000,1096097.068100608,266724.3145369998,999999.9999999999,988739.0401279122,215465.51863639196,1167436.564319399,605444.510805095
2025-03-21T18:50:00.000+0000,1096077.6619279757,266724.3145369998,999999.9999999999,989089.3661926722,215465.51863639196,1167417.2870735428,605444.510805095
2025-03-21T19:00:00.000+0000,1099132.5355423996,266724.3145369998,999999.9999999999,988622.2647729921,215465.51863639196,1173389.6530753667,605444.510805095
2025-03-21T19:10:00.000+0000,1100001.2564392558,266724.3145369998,999999.9999999999,981382.1927679519,215465.51863639196,1175078.8553415989,605444.510805095
2025-03-21T19:20:00.000+0000,1106399.989234552,266724.3145369998,999999.9999999999,975776.9757317923,215465.51863639196,1187586.0706083588,605444.510805095
2025-03-21T19:30:00.000+0000,1106596.7627397124,266724.3145369998,999999.9999999999,977061.5046359121,215465.51863639196,1187965.1485631908,605444.510805095
2025-03-21T19:40:00.000+0000,1110596.691534672,266724.3145369998,999999.9999999999,958494.2232036323,215465.51863639196,1195794.349847463,605444.510805095
2025-03-21T19:50:00.000+0000,1121433.0050730477,266724.3145369998,999999.9999999999,935255.9275745524,215465.51863639196,1216932.7342305589,605444.510805095
2025-03-21T20:00:00.000+0000,1130124.878047416,383454.32037531177,999999.9999999999,943196.6517091121,215465.51863639196,1231827.479574015,727026.967674527
2025-03-21T20:10:00.000+0000,1137016.2264746795,383454.32037531177,999999.9999999999,927081.6527301522,215465.51863639196,1248946.648793599,727026.967674527
2025-03-21T20:20:00.000+0000,1142591.2495253677,383454.32037531177,999999.9999999999,917739.6243365521,215465.51863639196,1262685.493078271,727026.967674527
2025-03-21T20:30:00.000+0000,1134488.2308304077,383454.32037531177,999999.9999999999,921476.4356939923,215465.51863639196,1242560.316749759,727026.967674527
2025-03-21T20:40:00.000+0000,1132743.834744584,383454.32037531177,999999.9999999999,933387.5218958321,215465.51863639196,1238214.049027775,727026.967674527
2025-03-21T20:50:00.000+0000,1129276.990160808,383454.32037531177,999999.9999999999,952188.3540379521,215465.51863639196,1229633.434695231,727026.967674527
2025-03-21T21:00:00.000+0000,1129664.48432728,383454.32037531177,999999.9999999999,949152.1948100323,215465.51863639196,1230559.070513695,727026.967674527
2025-03-21T21:10:00.000+0000,1127076.5059675998,383454.32037531177,999999.9999999999,953005.7815223922,215465.51863639196,1224113.154255391,727026.967674527
2025-03-21T21:20:00.000+0000,1126102.582839912,383454.32037531177,999999.9999999999,957676.7957191922,215465.51863639196,1221703.792128319,727026.967674527
2025-03-21T21:30:00.000+0000,1126544.767129256,383454.32037531177,999999.9999999999,956158.7161052322,215465.51863639196,1222683.754730559,727026.967674527
2025-03-21T21:40:00.000+0000,1125237.0529781838,383454.32037531177,999999.9999999999,959311.6506880722,215465.51863639196,1219492.222480575,727026.967674527
2025-03-21T21:50:00.000+0000,1123693.355884616,383454.32037531177,999999.9999999999,965267.1937889922,215465.51863639196,1215705.797725631,727026.967674527
2025-03-21T22:00:00.000+0000,1124718.230978096,383454.32037531177,999999.9999999999,958377.4478487121,215465.51863639196,1218346.011983135,727026.967674527
2025-03-21T22:10:00.000+0000,1125837.38575744,383454.32037531177,999999.9999999999,956625.8175249121,215465.51863639196,1221169.9989047989,727026.967674527
2025-03-21T22:20:00.000+0000,1128760.919338016,383454.32037531177,999999.9999999999,953589.6582969923,215465.51863639196,1228399.837762911,727026.967674527
2025-03-21T22:30:00.000+0000,1128359.311591448,383454.32037531177,999999.9999999999,953239.3322322322,215465.51863639196,1227460.182129279,727026.967674527
2025-03-21T22:40:00.000+0000,1124874.8250325518,383454.32037531177,999999.9999999999,957793.5710741121,215465.51863639196,1218862.043027775,727026.967674527
2025-03-21T22:50:00.000+0000,1124748.012573744,383454.32037531177,999999.9999999999,961647.1577864722,215465.51863639196,1218555.834390815,727026.967674527
2025-03-21T23:00:00.000+0000,1124569.2611693598,383454.32037531177,999999.9999999999,956859.3682347523,215465.51863639196,1218107.912535199,727026.967674527
2025-03-21T23:10:00.000+0000,1125294.07475424,383454.32037531177,999999.9999999999,957793.5710741121,215465.51863639196,1219819.223430367,727026.967674527
2025-03-21T23:20:00.000+0000,1123458.927377576,383454.32037531177,999999.9999999999,963048.4620455122,215465.51863639196,1215292.687998015,727026.967674527
2025-03-21T23:30:00.000+0000,1120649.8568732238,383454.32037531177,999999.9999999999,966902.0487578722,215465.51863639196,1208356.7904385908,727026.967674527
2025-03-21T23:40:00.000+0000,1122501.6592452237,383454.32037531177,999999.9999999999,967018.8241127923,215465.51863639196,1212989.989551679,727026.967674527
2025-03-21T23:50:00.000+0000,1124624.7285099598,383454.32037531177,999999.9999999999,962581.360625832,215465.51863639196,1218253.130707647,727026.967674527
2025-03-22T00:00:00.000+0000,1125248.2056189282,383454.32037531177,999999.9999999999,958143.8971388722,215465.51863639196,1219773.659031071,727026.967674527
2025-03-22T00:10:00.000+0000,1126250.3559068078,383454.32037531177,999999.9999999999,957910.3464290323,215465.51863639196,1222211.060788479,727026.967674527
2025-03-22T00:20:00.000+0000,1123730.194270312,383454.32037531177,999999.9999999999,960712.9549471124,215465.51863639196,1215922.630040895,727026.967674527
2025-03-22T00:30:00.000+0000,1121115.752947952,383454.32037531177,999999.9999999999,968069.8023070721,215465.51863639196,1209450.426629151,727026.967674527
2025-03-22T00:40:00.000+0000,1120455.437453288,383454.32037531177,999999.9999999999,969354.3312111921,215465.51863639196,1207713.065990463,727026.967674527
2025-03-22T00:50:00.000+0000,1118997.199058024,383454.32037531177,999999.9999999999,969354.3312111921,215465.51863639196,1204101.6515151989,727026.967674527
2025-03-22T01:00:00.000+0000,1119183.007252456,383454.32037531177,999999.9999999999,971573.0629546721,215465.51863639196,1204556.583278399,727026.967674527
2025-03-22T01:10:00.000+0000,1117863.9306985838,383454.32037531177,999999.9999999999,974609.2221825921,215465.51863639196,1201263.644778367,727026.967674527
2025-03-22T01:20:00.000+0000,1118452.1238573121,383454.32037531177,999999.9999999999,974142.1207629123,215465.51863639196,1202749.123563871,727026.967674527
2025-03-22T01:30:00.000+0000,1117441.1525818717,383454.32037531177,999999.9999999999,975309.8743121121,215465.51863639196,1200302.959421983,727026.967674527
2025-03-22T01:40:00.000+0000,1118592.062916432,383454.32037531177,999999.9999999999,975426.6496670322,215465.51863639196,1203158.490927775,727026.967674527
2025-03-22T01:50:00.000+0000,1117186.5406844718,383454.32037531177,999999.9999999999,976244.0771514722,215465.51863639196,1199779.681059839,727026.967674527
2025-03-22T02:00:00.000+0000,1117183.012289448,383454.32037531177,999999.9999999999,974025.3454079923,215465.51863639196,1199776.176106047,727026.967674527
2025-03-22T02:10:00.000+0000,1119711.2176957757,383454.32037531177,999999.9999999999,970638.8601153123,215465.51863639196,1205982.477849439,727026.967674527
2025-03-22T02:20:00.000+0000,1121578.120627656,383454.32037531177,999999.9999999999,968069.8023070721,215465.51863639196,1210540.5578659188,727026.967674527
2025-03-22T02:30:00.000+0000,1121365.072252816,383454.32037531177,999999.9999999999,969004.0051464322,215465.51863639196,1209968.447560607,727026.967674527
2025-03-22T02:40:00.000+0000,1121012.862036584,383454.32037531177,999999.9999999999,963982.664884872,215465.51863639196,1209077.861280063,727026.967674527
2025-03-22T02:50:00.000+0000,1122864.6644085837,383454.32037531177,999999.9999999999,965033.6430791521,215465.51863639196,1213711.060393151,727026.967674527
2025-03-22T03:00:00.000+0000,1122399.7553136398,383454.32037531177,999999.9999999999,966434.9473381923,215465.51863639196,1212528.285290815,727026.967674527
2025-03-22T03:10:00.000+0000,1122028.1389247756,383454.32037531177,999999.9999999999,965967.8459185122,215465.51863639196,1211618.421764415,727026.967674527
2025-03-22T03:20:00.000+0000,1121034.032406728,383454.32037531177,999999.9999999999,965967.8459185122,215465.51863639196,1209098.891002815,727026.967674527
2025-03-22T03:30:00.000+0000,1119103.828126472,383454.32037531177,999999.9999999999,972156.9397292722,215465.51863639196,1204297.691517631,727026.967674527
2025-03-22T03:40:00.000+0000,1118624.8054514318,383454.32037531177,999999.9999999999,975193.0989571924,215465.51863639196,1203100.8966001268,727026.967674527
2025-03-22T03:50:00.000+0000,1118256.7174575918,383454.32037531177,999999.9999999999,974959.5482473521,215465.51863639196,1202194.538027519,727026.967674527
2025-03-22T04:00:00.000+0000,1118287.4860330238,383454.32037531177,999999.9999999999,975893.7510867123,215465.51863639196,1202315.221523423,727026.967674527
2025-03-22T04:10:00.000+0000,1117389.423398352,383454.32037531177,999999.9999999999,975076.3236022721,215465.51863639196,1199981.215902879,727026.967674527
2025-03-22T04:20:00.000+0000,1117060.9249675039,383454.32037531177,999999.9999999999,977411.830700672,215465.51863639196,1199204.303210655,727026.967674527
2025-03-22T04:30:00.000+0000,1117318.078280144,383454.32037531177,999999.9999999999,977995.7074752721,215465.51863639196,1199820.225438367,727026.967674527
2025-03-22T04:40:00.000+0000,1116122.285790056,383454.32037531177,999999.9999999999,978462.8088949522,215465.51863639196,1196829.990621503,727026.967674527
2025-03-22T04:50:00.000+0000,1115813.1935318399,383454.32037531177,999999.9999999999,980681.5406384323,215465.51863639196,1196072.355175135,727026.967674527
2025-03-22T05:00:00.000+0000,1115745.3768086561,383454.32037531177,999999.9999999999,979864.113153992,215465.51863639196,1195914.869664415,727026.967674527
2025-03-22T05:10:00.000+0000,1114235.1994678162,383454.32037531177,999999.9999999999,982082.8448974723,215465.51863639196,1192161.741970495,727026.967674527
2025-03-22T05:20:00.000+0000,1114177.967929704,383454.32037531177,999999.9999999999,983017.0477368323,215465.51863639196,1192014.771321151,727026.967674527
2025-03-22T05:30:00.000+0000,1112656.218424008,383454.32037531177,999999.9999999999,985819.6562549123,215465.51863639196,1188340.267677631,727026.967674527
2025-03-22T05:40:00.000+0000,1111583.7099977038,383454.32037531177,999999.9999999999,989089.3661926722,215465.51863639196,1185652.736543935,727026.967674527
2025-03-22T05:50:00.000+0000,1110441.620650704,383454.32037531177,999999.9999999999,990957.7718713923,215465.51863639196,1182805.967422623,727026.967674527
2025-03-22T06:00:00.000+0000,1108350.306941184,383454.32037531177,999999.9999999999,993526.8296796323,215465.51863639196,1177574.370850783,727026.967674527
2025-03-22T06:10:00.000+0000,1108346.77854616,383454.32037531177,999999.9999999999,994928.1339386723,215465.51863639196,1177570.865896991,727026.967674527
2025-03-22T06:20:00.000+0000,1107856.183706264,383454.32037531177,999999.9999999999,996329.4381977124,215465.51863639196,1176452.695029887,727026.967674527
2025-03-22T06:30:00.000+0000,1107863.2404963118,383454.32037531177,999999.9999999999,993176.5036148722,215465.51863639196,1176459.7049374708,727026.967674527
2025-03-22T06:40:00.000+0000,1108115.1012164159,383454.32037531177,999999.9999999999,994811.3585837521,215465.51863639196,1177070.369734495,727026.967674527
2025-03-22T06:50:00.000+0000,1107813.065748248,383454.32037531177,999999.9999999999,996329.4381977124,215465.51863639196,1176319.7441957109,727026.967674527
2025-03-22T07:00:00.000+0000,1106863.8413857277,383454.32037531177,999999.9999999999,996212.6628427922,215465.51863639196,1173934.916745183,727026.967674527
2025-03-22T07:10:00.000+0000,1107070.819950304,383454.32037531177,999999.9999999999,997380.4163919921,215465.51863639196,1174410.8782311347,727026.967674527
2025-03-22T07:20:00.000+0000,1106947.53588652,383454.32037531177,999999.9999999999,992475.8514853521,215465.51863639196,1174108.174547967,727026.967674527
2025-03-22T07:30:00.000+0000,1108931.443309864,383454.32037531177,999999.9999999999,991891.9747107521,215465.51863639196,1179052.839728703,727026.967674527
2025-03-22T07:40:00.000+0000,1108506.1237779115,383454.32037531177,999999.9999999999,984885.4534155522,215465.51863639196,1177999.510506751,727026.967674527
2025-03-22T07:50:00.000+0000,1111773.04658716,383454.32037531177,999999.9999999999,988155.1633533122,215465.51863639196,1186111.173260927,727026.967674527
2025-03-22T08:00:00.000+0000,1111788.9243647682,383454.32037531177,999999.9999999999,984418.3519958722,215465.51863639196,1186126.945552991,727026.967674527
2025-03-22T08:10:00.000+0000,1111733.457024168,383454.32037531177,999999.9999999999,986403.5330295123,215465.51863639196,1185981.7273805428,727026.967674527
2025-03-22T08:20:00.000+0000,1113007.6514225118,383454.32037531177,999999.9999999999,979630.5624441523,215465.51863639196,1189139.962569503,727026.967674527
2025-03-22T08:30:00.000+0000,1114022.928310704,383454.32037531177,999999.9999999999,981498.9681228723,215465.51863639196,1191680.5230538547,727026.967674527
2025-03-22T08:40:00.000+0000,1114206.9723076243,383454.32037531177,999999.9999999999,981031.8667031922,215465.51863639196,1192133.702340159,727026.967674527
2025-03-22T08:50:00.000+0000,1114324.9637788718,383454.32037531177,999999.9999999999,982666.7216720721,215465.51863639196,1192431.1485926388,727026.967674527
2025-03-22T09:00:00.000+0000,1114147.976572,383454.32037531177,999999.9999999999,983250.5984466723,215465.51863639196,1191984.979213919,727026.967674527
2025-03-22T09:10:00.000+0000,1112058.427059992,383454.32037531177,999999.9999999999,985586.1055450722,215465.51863639196,1186755.1351189748,727026.967674527
2025-03-22T09:20:00.000+0000,1111393.59619052,383454.32037531177,999999.9999999999,988388.7140631522,215465.51863639196,1185103.408438271,727026.967674527
2025-03-22T09:30:00.000+0000,1111100.3817099119,383454.32037531177,999999.9999999999,989322.9169025122,215465.51863639196,1184361.545283967,727026.967674527
2025-03-22T09:40:00.000+0000,1110289.332209,383454.32037531177,999999.9999999999,990023.5690320323,215465.51863639196,1182384.332720447,727026.967674527
2025-03-22T09:50:00.000+0000,1109095.303916424,383454.32037531177,999999.9999999999,992592.6268402721,215465.51863639196,1179395.850380479,727026.967674527
2025-03-22T10:00:00.000+0000,1109218.587980208,383454.32037531177,999999.9999999999,993293.2789697921,215465.51863639196,1179698.554063647,727026.967674527
2025-03-22T10:10:00.000+0000,1108366.184718792,383454.32037531177,999999.9999999999,993176.5036148722,215465.51863639196,1177590.1431428469,727026.967674527
2025-03-22T10:20:00.000+0000,1108301.8963906318,383454.32037531177,999999.9999999999,995862.3367780321,215465.51863639196,1177436.162585919,727026.967674527
2025-03-22T10:30:00.000+0000,1108832.858011248,383454.32037531177,999999.9999999999,992475.8514853521,215465.51863639196,1178774.670722079,727026.967674527
2025-03-22T10:40:00.000+0000,1110234.6420861278,383454.32037531177,999999.9999999999,990490.6704517121,215465.51863639196,1182330.005936671,727026.967674527
2025-03-22T10:50:00.000+0000,1107824.4281510478,383454.32037531177,999999.9999999999,994227.4818091523,215465.51863639196,1176421.1504457588,727026.967674527
2025-03-22T11:00:00.000+0000,1106797.011642328,383454.32037531177,999999.9999999999,997030.0903272321,215465.51863639196,1173688.2923226869,727026.967674527
2025-03-22T11:10:00.000+0000,1106911.4747185518,383454.32037531177,999999.9999999999,995862.3367780321,215465.51863639196,1173982.233621375,727026.967674527
2025-03-22T11:20:00.000+0000,1107999.8609224637,383454.32037531177,999999.9999999999,992242.3007755121,215465.51863639196,1176685.5370471347,727026.967674527
2025-03-22T11:30:00.000+0000,1107690.7686642478,383454.32037531177,999999.9999999999,995395.2353583521,215465.51863639196,1175927.901600767,727026.967674527
2025-03-22T11:40:00.000+0000,1107655.4847140077,383454.32037531177,999999.9999999999,993176.5036148722,215465.51863639196,1175892.852062847,727026.967674527
2025-03-22T11:50:00.000+0000,1107936.3498120317,383454.32037531177,999999.9999999999,993526.8296796323,215465.51863639196,1176622.4478788788,727026.967674527
2025-03-22T12:00:00.000+0000,1108234.856885176,383454.32037531177,999999.9999999999,994344.2571640722,215465.51863639196,1177369.568463871,727026.967674527
2025-03-22T12:10:00.000+0000,1107134.1212986798,383454.32037531177,999999.9999999999,996446.2135526323,215465.51863639196,1174653.997699839,727026.967674527
2025-03-22T12:20:00.000+0000,1107257.4053624638,383454.32037531177,999999.9999999999,997263.6410370722,215465.51863639196,1174956.701383007,727026.967674527
2025-03-22T12:30:00.000+0000,1104649.0338503676,383454.32037531177,999999.9999999999,998197.8438764322,215465.51863639196,1168580.6467906232,727026.967674527
2025-03-22T12:40:00.000+0000,1104942.2483309759,383454.32037531177,999999.9999999999,1001467.5538141921,215465.51863639196,1169322.509944927,727026.967674527
2025-03-22T12:50:00.000+0000,1103725.285470744,383454.32037531177,999999.9999999999,1003686.2855576721,215465.51863639196,1166311.2454053108,727026.967674527
2025-03-22T13:00:00.000+0000,1104265.0680789198,383454.32037531177,999999.9999999999,1001934.6552338722,215465.51863639196,1167658.5159259508,727026.967674527
2025-03-22T13:10:00.000+0000,1103114.1577443597,383454.32037531177,999999.9999999999,1003219.1841379921,215465.51863639196,1164802.984420159,727026.967674527
2025-03-22T13:20:00.000+0000,1103756.0540461761,383454.32037531177,999999.9999999999,1004153.3869773524,215465.51863639196,1166431.928901215,727026.967674527
2025-03-22T13:30:00.000+0000,1101842.504761256,383454.32037531177,999999.9999999999,1005437.9158814723,215465.51863639196,1161737.393096767,727026.967674527
2025-03-22T13:40:00.000+0000,1102169.2389945919,383454.32037531177,999999.9999999999,1006138.5680109923,215465.51863639196,1162512.5533120949,727026.967674527
2025-03-22T13:50:00.000+0000,1103096.5157692397,383454.32037531177,999999.9999999999,1005671.4665913121,215465.51863639196,1164785.459651199,727026.967674527
2025-03-22T14:00:00.000+0000,1101922.670867024,383454.32037531177,999999.9999999999,1007189.5462052723,215465.51863639196,1161907.145945759,727026.967674527
2025-03-22T14:10:00.000+0000,1101697.2731096002,383454.32037531177,999999.9999999999,1008006.9736897122,215465.51863639196,1161322.768302175,727026.967674527
2025-03-22T14:20:00.000+0000,1102027.53573796,383454.32037531177,999999.9999999999,1007539.8722700322,215465.51863639196,1162101.433471295,727026.967674527
2025-03-22T14:30:00.000+0000,1101714.9150847201,383454.32037531177,999999.9999999999,1008941.1765290721,215465.51863639196,1161340.293071135,727026.967674527
2025-03-22T14:40:00.000+0000,1100140.4494157196,383454.32037531177,999999.9999999999,1009525.053303672,215465.51863639196,1157433.184820287,727026.967674527
2025-03-22T14:50:00.000+0000,1101641.8057690002,383454.32037531177,999999.9999999999,1007423.0969151121,215465.51863639196,1161177.550129727,727026.967674527
2025-03-22T15:00:00.000+0000,1101510.477935384,383454.32037531177,999999.9999999999,1007539.8722700322,215465.51863639196,1160956.975450751,727026.967674527
2025-03-22T15:10:00.000+0000,1103274.28019384,383454.32037531177,999999.9999999999,1002284.9812986321,215465.51863639196,1165322.5204185909,727026.967674527
2025-03-22T15:20:00.000+0000,1103776.237436536,383454.32037531177,999999.9999999999,1003219.1841379921,215465.51863639196,1166542.097535743,727026.967674527
2025-03-22T15:30:00.000+0000,1103903.049895344,383454.32037531177,999999.9999999999,999832.6988453122,215465.51863639196,1166848.306172703,727026.967674527
2025-03-22T15:40:00.000+0000,1105594.729817864,383454.32037531177,999999.9999999999,995278.4600034321,215465.51863639196,1170961.969287359,727026.967674527
2025-03-22T15:50:00.000+0000,1108693.4864078,383454.32037531177,999999.9999999999,985002.2287704721,215465.51863639196,1178636.225047295,727026.967674527
2025-03-22T16:00:00.000+0000,1112058.994515664,383454.32037531177,999999.9999999999,982433.170962232,215465.51863639196,1187026.056808095,727026.967674527
2025-03-22T16:10:00.000+0000,1114130.9020525517,383454.32037531177,999999.9999999999,979864.113153992,215465.51863639196,1192238.376134079,727026.967674527
2025-03-22T16:20:00.000+0000,1113785.748626368,383454.32037531177,999999.9999999999,979980.8885089121,215465.51863639196,1191354.799761119,727026.967674527
2025-03-22T16:30:00.000+0000,1114086.0198970241,383454.32037531177,999999.9999999999,981031.8667031922,215465.51863639196,1192103.672823007,727026.967674527
2025-03-22T16:40:00.000+0000,1115487.0267541758,383454.32037531177,999999.9999999999,980798.3159933521,215465.51863639196,1195568.1166489269,727026.967674527
2025-03-22T16:50:00.000+0000,1116754.164362472,383454.32037531177,999999.9999999999,961296.8317217121,215465.51863639196,1198719.3419303028,727026.967674527
2025-03-22T17:00:00.000+0000,1119175.740700352,383454.32037531177,999999.9999999999,962814.9113356723,215465.51863639196,1204729.603671263,727026.967674527
2025-03-22T17:10:00.000+0000,1115875.298138376,383454.32037531177,999999.9999999999,977295.0553457522,215465.51863639196,1196584.643856063,727026.967674527
2025-03-22T17:20:00.000+0000,1113717.931903184,383454.32037531177,999999.9999999999,983017.0477368323,215465.51863639196,1191197.314250399,727026.967674527
2025-03-22T17:30:00.000+0000,1111346.530313368,383454.32037531177,999999.9999999999,986753.8590942721,215465.51863639196,1185327.013251199,727026.967674527
2025-03-22T17:40:00.000+0000,1110530.1882199198,383454.32037531177,999999.9999999999,988155.1633533122,215465.51863639196,1183344.543256991,727026.967674527
2025-03-22T17:50:00.000+0000,1110651.708086192,383454.32037531177,999999.9999999999,987688.0619336321,215465.51863639196,1183645.4944632628,727026.967674527
2025-03-22T18:00:00.000+0000,1108550.796171384,383454.32037531177,999999.9999999999,988271.9387082323,215465.51863639196,1178314.244118271,727026.967674527
2025-03-22T18:10:00.000+0000,1109644.4749678317,383454.32037531177,999999.9999999999,991074.5472263123,215465.51863639196,1181022.804974719,727026.967674527
2025-03-22T18:20:00.000+0000,1108646.8400547598,383454.32037531177,999999.9999999999,991658.4240009123,215465.51863639196,1178499.769259327,727026.967674527
2025-03-22T18:30:00.000+0000,1107258.1825801919,383454.32037531177,999999.9999999999,996446.2135526323,215465.51863639196,1175047.592771679,727026.967674527
2025-03-22T18:40:00.000+0000,1107205.2566548318,383454.32037531177,999999.9999999999,996446.2135526323,215465.51863639196,1174995.018464799,727026.967674527
2025-03-22T18:50:00.000+0000,1106933.212544368,383454.32037531177,999999.9999999999,997613.9671018324,215465.51863639196,1174274.1850332469,727026.967674527
2025-03-22T19:00:00.000+0000,1106318.55642296,383454.32037531177,999999.9999999999,998081.0685215122,215465.51863639196,1172762.419094303,727026.967674527
2025-03-22T19:10:00.000+0000,1106082.5734804638,383454.32037531177,999999.9999999999,997964.2931665921,215465.51863639196,1172167.5265893429,727026.967674527
2025-03-22T19:20:00.000+0000,1105391.279648312,383454.32037531177,999999.9999999999,1000766.9016846721,215465.51863639196,1170489.5127551989,727026.967674527
2025-03-22T19:30:00.000+0000,1104118.84944748,383454.32037531177,999999.9999999999,1002051.4305887923,215465.51863639196,1167333.030043135,727026.967674527
2025-03-22T19:40:00.000+0000,1104797.3743729359,383454.32037531177,999999.9999999999,1000650.1263297524,215465.51863639196,1169358.8371399029,727026.967674527
2025-03-22T19:50:00.000+0000,1104049.8359824559,383454.32037531177,999999.9999999999,1002518.5320084721,215465.51863639196,1167444.713744639,727026.967674527
2025-03-22T20:00:00.000+0000,1104037.486599872,383454.32037531177,999999.9999999999,1001467.5538141921,215465.51863639196,1167432.446406367,727026.967674527
2025-03-22T20:10:00.000+0000,1104427.5221815838,383454.32037531177,999999.9999999999,1001350.7784592722,215465.51863639196,1168450.7260903988,727026.967674527
2025-03-22T20:20:00.000+0000,1103830.508035296,383454.32037531177,999999.9999999999,1002518.5320084721,215465.51863639196,1166956.4849204149,727026.967674527
2025-03-22T20:30:00.000+0000,1104639.7933386958,383454.32037531177,999999.9999999999,998664.945296112,215465.51863639196,1168931.945007039,727026.967674527
2025-03-22T20:40:00.000+0000,1104505.9240898397,383454.32037531177,999999.9999999999,999599.1481354722,215465.51863639196,1168618.726462495,727026.967674527
2025-03-22T20:50:00.000+0000,1103913.215556304,383454.32037531177,999999.9999999999,1002752.0827183123,215465.51863639196,1167218.881634975,727026.967674527
2025-03-22T21:00:00.000+0000,1104853.6189312637,383454.32037531177,999999.9999999999,999015.2713608723,215465.51863639196,1169594.946701023,727026.967674527
2025-03-22T21:10:00.000+0000,1106818.3299440318,383454.32037531177,999999.9999999999,996679.7642624722,215465.51863639196,1174340.304335455,727026.967674527
2025-03-22T21:20:00.000+0000,1103847.94024836,383454.32037531177,999999.9999999999,997847.5178116722,215465.51863639196,1167154.039989823,727026.967674527
2025-03-22T21:30:00.000+0000,1104236.2116325595,383454.32037531177,999999.9999999999,1001817.8798789522,215465.51863639196,1168170.5671969592,727026.967674527
2025-03-22T21:40:00.000+0000,1104302.2641582317,383454.32037531177,999999.9999999999,1002168.205943712,215465.51863639196,1168326.300230783,727026.967674527
2025-03-22T21:50:00.000+0000,1103822.4642654639,383454.32037531177,999999.9999999999,1001584.3291691123,215465.51863639196,1167038.6139246072,727026.967674527
2025-03-22T22:00:00.000+0000,1102185.4744658158,383454.32037531177,999999.9999999999,1004036.6116224321,215465.51863639196,1162979.277593727,727026.967674527
2025-03-22T22:10:00.000+0000,1103475.546641768,383454.32037531177,999999.9999999999,1003452.7348478325,215465.51863639196,1166153.285074751,727026.967674527
2025-03-22T22:20:00.000+0000,1103801.29389532,383454.32037531177,999999.9999999999,1003452.7348478325,215465.51863639196,1167017.5842018551,727026.967674527
2025-03-22T22:30:00.000+0000,1103535.31959512,383454.32037531177,999999.9999999999,1003686.2855576721,215465.51863639196,1166392.899589663,727026.967674527
2025-03-22T22:40:00.000+0000,1102219.771436272,383454.32037531177,999999.9999999999,1004620.4883970321,215465.51863639196,1163103.466043423,727026.967674527
2025-03-22T22:50:00.000+0000,1102247.0116166798,383454.32037531177,999999.9999999999,1006255.3433659122,215465.51863639196,1163220.644585535,727026.967674527
2025-03-22T23:00:00.000+0000,1102406.3568484318,383454.32037531177,999999.9999999999,1004854.0391068722,215465.51863639196,1163649.289195295,727026.967674527
2025-03-22T23:10:00.000+0000,1103374.987383584,383454.32037531177,999999.9999999999,1000883.6770395922,215465.51863639196,1166053.3938916791,727026.967674527
2025-03-22T23:20:00.000+0000,1104073.338005784,383454.32037531177,999999.9999999999,1001350.7784592722,215465.51863639196,1167738.4176334068,727026.967674527
2025-03-22T23:30:00.000+0000,1102293.6579697197,383454.32037531177,999999.9999999999,1004386.9376871921,215465.51863639196,1163357.100373503,727026.967674527
2025-03-22T23:40:00.000+0000,1102387.9376555837,383454.32037531177,999999.9999999999,1006255.3433659122,215465.51863639196,1163540.8730376628,727026.967674527
2025-03-22T23:50:00.000+0000,1101731.9277736717,383454.32037531177,999999.9999999999,1006372.118720832,215465.51863639196,1161897.908741439,727026.967674527
2025-03-23T00:00:00.000+0000,1101566.3029696,383454.32037531177,999999.9999999999,1003919.8362675121,215465.51863639196,1161553.145612767,727026.967674527
2025-03-23T00:10:00.000+0000,1100420.685227576,383454.32037531177,999999.9999999999,1007773.4229798722,215465.51863639196,1158702.8715376628,727026.967674527
2025-03-23T00:20:00.000+0000,1100238.405428168,383454.32037531177,999999.9999999999,1008707.6258192322,215465.51863639196,1158251.444728255,727026.967674527
2025-03-23T00:30:00.000+0000,1099691.5660299438,383454.32037531177,999999.9999999999,1010576.0314979523,215465.51863639196,1156897.164300031,727026.967674527
2025-03-23T00:40:00.000+0000,1098124.157150992,383454.32037531177,999999.9999999999,1010459.2561430323,215465.51863639196,1152997.0659567672,727026.967674527
2025-03-23T00:50:00.000+0000,1099075.145711024,383454.32037531177,999999.9999999999,1011276.6836274721,215465.51863639196,1155383.6458841912,727026.967674527
2025-03-23T01:00:00.000+0000,1099171.1895943999,383454.32037531177,999999.9999999999,1011627.0096922322,215465.51863639196,1155569.1710252468,727026.967674527
2025-03-23T01:10:00.000+0000,1098799.573205536,383454.32037531177,999999.9999999999,1013145.0893061922,215465.51863639196,1154659.307498847,727026.967674527
2025-03-23T01:20:00.000+0000,1099483.8102476397,383454.32037531177,999999.9999999999,1011159.9082725523,215465.51863639196,1156330.311425407,727026.967674527
2025-03-23T01:30:00.000+0000,1098344.26231588,383454.32037531177,999999.9999999999,1010225.705433192,215465.51863639196,1153576.186169663,727026.967674527
2025-03-23T01:40:00.000+0000,1097788.6019300958,383454.32037531177,999999.9999999999,1015013.4949849122,215465.51863639196,1152213.1433569589,727026.967674527
2025-03-23T01:50:00.000+0000,1097402.0947434078,383454.32037531177,999999.9999999999,1014896.7196299923,215465.51863639196,1151198.3686267189,727026.967674527
2025-03-23T02:00:00.000+0000,1098327.6073205438,383454.32037531177,999999.9999999999,1013728.9660807922,215465.51863639196,1153469.522488927,727026.967674527
2025-03-23T02:10:00.000+0000,1096140.249727648,383454.32037531177,999999.9999999999,1016181.248534112,215465.51863639196,1148052.400776031,727026.967674527
2025-03-23T02:20:00.000+0000,1096965.4128086558,383454.32037531177,999999.9999999999,1016298.0238890322,215465.51863639196,1150043.633154719,727026.967674527
2025-03-23T02:30:00.000+0000,1096965.4128086558,383454.32037531177,999999.9999999999,1017232.2267283923,215465.51863639196,1150043.633154719,727026.967674527
2025-03-23T02:40:00.000+0000,1097137.1074229917,383454.32037531177,999999.9999999999,1014779.9442750723,215465.51863639196,1150484.5451027509,727026.967674527
2025-03-23T02:50:00.000+0000,1097006.7665691597,383454.32037531177,999999.9999999999,1015830.9224693523,215465.51863639196,1150174.831511999,727026.967674527
2025-03-23T03:00:00.000+0000,1095463.0694755919,383454.32037531177,999999.9999999999,1017816.1035029921,215465.51863639196,1146388.4067570549,727026.967674527
2025-03-23T03:10:00.000+0000,1095634.764089928,383454.32037531177,999999.9999999999,1018633.5309874322,215465.51863639196,1146829.318705087,727026.967674527
2025-03-23T03:20:00.000+0000,1095859.384629624,383454.32037531177,999999.9999999999,1018750.306342352,215465.51863639196,1147322.804959999,727026.967674527
2025-03-23T03:30:00.000+0000,1095357.427386928,383454.32037531177,999999.9999999999,1019684.5091817123,215465.51863639196,1146103.227842847,727026.967674527
2025-03-23T03:40:00.000+0000,1094938.1776652397,383454.32037531177,999999.9999999999,1019684.5091817123,215465.51863639196,1145146.047440255,727026.967674527
2025-03-23T03:50:00.000+0000,1094393.1024645278,383454.32037531177,999999.9999999999,1020151.610601392,215465.51863639196,1143793.519488927,727026.967674527
2025-03-23T04:00:00.000+0000,1094850.9547694237,383454.32037531177,999999.9999999999,1019684.5091817123,215465.51863639196,1144969.284683679,727026.967674527
2025-03-23T04:10:00.000+0000,1093815.284728816,383454.32037531177,999999.9999999999,1021202.5887956722,215465.51863639196,1142498.585865247,727026.967674527
2025-03-23T04:20:00.000+0000,1093394.270809616,383454.32037531177,999999.9999999999,1022370.3423448722,215465.51863639196,1141539.652985759,727026.967674527
2025-03-23T04:30:00.000+0000,1092481.1076150637,383454.32037531177,999999.9999999999,1024939.4001531122,215465.51863639196,1139280.766461823,727026.967674527
2025-03-23T04:40:00.000+0000,1091663.0013241037,383454.32037531177,999999.9999999999,1026457.4797670722,215465.51863639196,1137296.5439907191,727026.967674527
2025-03-23T04:50:00.000+0000,1091316.083700408,383454.32037531177,999999.9999999999,1026223.9290572321,215465.51863639196,1136411.2151408629,727026.967674527
2025-03-23T05:00:00.000+0000,1090890.764168456,383454.32037531177,999999.9999999999,1026457.4797670722,215465.51863639196,1135357.885918911,727026.967674527
2025-03-23T05:10:00.000+0000,1089489.7573113039,383454.32037531177,999999.9999999999,1029843.9650597521,215465.51863639196,1131893.442092991,727026.967674527
2025-03-23T05:20:00.000+0000,1089364.7090500076,383454.32037531177,999999.9999999999,1030427.8418343521,215465.51863639196,1131588.9859329269,727026.967674527
2025-03-23T05:30:00.000+0000,1089783.9587716958,383454.32037531177,999999.9999999999,1029260.0882851523,215465.51863639196,1132546.166335519,727026.967674527
2025-03-23T05:40:00.000+0000,1088899.0227373359,383454.32037531177,999999.9999999999,1030077.5157695923,215465.51863639196,1130315.319441919,727026.967674527
2025-03-23T05:50:00.000+0000,1089917.8280205517,383454.32037531177,999999.9999999999,1028559.4361556323,215465.51863639196,1132859.384880063,727026.967674527
2025-03-23T06:00:00.000+0000,1089228.2983859116,383454.32037531177,999999.9999999999,1031362.0446737123,215465.51863639196,1131183.123522815,727026.967674527
2025-03-23T06:10:00.000+0000,1089644.7969303038,383454.32037531177,999999.9999999999,1030544.6171892722,215465.51863639196,1132227.690360287,727026.967674527
2025-03-23T06:20:00.000+0000,1088438.4192551437,383454.32037531177,999999.9999999999,1031595.5953835521,215465.51863639196,1129226.940682047,727026.967674527
2025-03-23T06:30:00.000+0000,1088990.551245904,383454.32037531177,999999.9999999999,1031712.3707384723,215465.51863639196,1130586.478540959,727026.967674527
2025-03-23T06:40:00.000+0000,1088464.8822178238,383454.32037531177,999999.9999999999,1032179.4721581521,215465.51863639196,1129253.2278354869,727026.967674527
2025-03-23T06:50:00.000+0000,1088577.581096536,383454.32037531177,999999.9999999999,1032763.3489327524,215465.51863639196,1129545.416657279,727026.967674527
2025-03-23T07:00:00.000+0000,1088754.5683034079,383454.32037531177,999999.9999999999,1031829.1460933922,215465.51863639196,1129991.586035999,727026.967674527
2025-03-23T07:10:00.000+0000,1089120.114882008,383454.32037531177,999999.9999999999,1030894.9432540322,215465.51863639196,1130805.300743039,727026.967674527
2025-03-23T07:20:00.000+0000,1088258.1134153039,383454.32037531177,999999.9999999999,1032646.5735778322,215465.51863639196,1128597.236049087,727026.967674527
2025-03-23T07:30:00.000+0000,1088161.2923142,383454.32037531177,999999.9999999999,1031829.1460933922,215465.51863639196,1128320.819519359,727026.967674527
2025-03-23T07:40:00.000+0000,1088497.624752824,383454.32037531177,999999.9999999999,1031712.3707384723,215465.51863639196,1129195.633507839,727026.967674527
2025-03-23T07:50:00.000+0000,1088647.162017232,383454.32037531177,999999.9999999999,1031362.0446737123,215465.51863639196,1129704.6546448949,727026.967674527
2025-03-23T08:00:00.000+0000,1088503.6945630878,383454.32037531177,999999.9999999999,1032646.5735778322,215465.51863639196,1129291.782327199,727026.967674527
2025-03-23T08:10:00.000+0000,1088766.140468264,383454.32037531177,999999.9999999999,1031128.4939638721,215465.51863639196,1129912.961985599,727026.967674527
2025-03-23T08:20:00.000+0000,1090275.3308293198,383454.32037531177,999999.9999999999,1025640.0522826323,215465.51863639196,1133755.228591295,727026.967674527
2025-03-23T08:30:00.000+0000,1090332.5623674318,383454.32037531177,999999.9999999999,1027858.7840261124,215465.51863639196,1133902.199240639,727026.967674527
2025-03-23T08:40:00.000+0000,1090028.762701752,383454.32037531177,999999.9999999999,1027274.9072515122,215465.51863639196,1133149.821224959,727026.967674527
2025-03-23T08:50:00.000+0000,1089613.0413750878,383454.32037531177,999999.9999999999,1028209.1100908723,215465.51863639196,1132196.145776159,727026.967674527
2025-03-23T09:00:00.000+0000,1089010.734636264,383454.32037531177,999999.9999999999,1029727.189704832,215465.51863639196,1130696.6471754871,727026.967674527
2025-03-23T09:10:00.000+0000,1089768.0809940877,383454.32037531177,999999.9999999999,1029493.6389949922,215465.51863639196,1132530.394043455,727026.967674527
2025-03-23T09:20:00.000+0000,1089945.0682009598,383454.32037531177,999999.9999999999,1027858.7840261124,215465.51863639196,1132976.563422175,727026.967674527
2025-03-23T09:30:00.000+0000,1089401.7571977596,383454.32037531177,999999.9999999999,1029610.4143499123,215465.51863639196,1131625.787947743,727026.967674527
2025-03-23T09:40:00.000+0000,1090085.994239864,383454.32037531177,999999.9999999999,1027858.7840261124,215465.51863639196,1133296.791874303,727026.967674527
2025-03-23T09:50:00.000+0000,1091329.420062776,383454.32037531177,999999.9999999999,1026807.8058318321,215465.51863639196,1136334.343567359,727026.967674527
2025-03-23T10:00:00.000+0000,1091915.8490239917,383454.32037531177,999999.9999999999,1023654.8712489922,215465.51863639196,1137818.069875967,727026.967674527
2025-03-23T10:10:00.000+0000,1091604.9925682638,383454.32037531177,999999.9999999999,1024355.5233785121,215465.51863639196,1137058.681952703,727026.967674527
2025-03-23T10:20:00.000+0000,1094790.9720540158,383454.32037531177,999999.9999999999,1019100.632407112,215465.51863639196,1144909.700469215,727026.967674527
2025-03-23T10:30:00.000+0000,1093950.918175184,383454.32037531177,999999.9999999999,1020969.0380858321,215465.51863639196,1142813.556886687,727026.967674527
2025-03-23T10:40:00.000+0000,1092659.08180172,383454.32037531177,999999.9999999999,1022720.668409632,215465.51863639196,1139637.796928767,727026.967674527
2025-03-23T10:50:00.000+0000,1091613.8135558236,383454.32037531177,999999.9999999999,1025172.9508629522,215465.51863639196,1137067.444337183,727026.967674527
2025-03-23T11:00:00.000+0000,1092919.763509384,383454.32037531177,999999.9999999999,1020618.7120210722,215465.51863639196,1140257.224110271,727026.967674527
2025-03-23T11:10:00.000+0000,1093381.144209304,383454.32037531177,999999.9999999999,1021552.9148604323,215465.51863639196,1141436.494258815,727026.967674527
2025-03-23T11:20:00.000+0000,1093766.096960536,383454.32037531177,999999.9999999999,1022603.893054712,215465.51863639196,1142269.486211711,727026.967674527
2025-03-23T11:30:00.000+0000,1092994.6370226159,383454.32037531177,999999.9999999999,1022837.4437645522,215465.51863639196,1140421.719528575,727026.967674527
2025-03-23T11:40:00.000+0000,1092258.461034936,383454.32037531177,999999.9999999999,1025289.7262178722,215465.51863639196,1138609.0023833592,727026.967674527
2025-03-23T11:50:00.000+0000,1092297.2733802,383454.32037531177,999999.9999999999,1025056.1755080321,215465.51863639196,1138647.556875071,727026.967674527
2025-03-23T12:00:00.000+0000,1090840.02196472,383454.32037531177,999999.9999999999,1025056.1755080321,215465.51863639196,1134947.003488031,727026.967674527
2025-03-23T12:10:00.000+0000,1090283.3745991518,383454.32037531177,999999.9999999999,1028559.4361556323,215465.51863639196,1133673.099587103,727026.967674527
2025-03-23T12:20:00.000+0000,1089784.9457514798,383454.32037531177,999999.9999999999,1028559.4361556323,215465.51863639196,1132457.0274237432,727026.967674527
2025-03-23T12:30:00.000+0000,1090272.7894140799,383454.32037531177,999999.9999999999,1029376.8636400722,215465.51863639196,1133662.5847257269,727026.967674527
2025-03-23T12:40:00.000+0000,1090511.5235338719,383454.32037531177,999999.9999999999,1028909.7622203922,215465.51863639196,1134170.090795807,727026.967674527
2025-03-23T12:50:00.000+0000,1089488.2028758477,383454.32037531177,999999.9999999999,1030311.0664794324,215465.51863639196,1131711.659315647,727026.967674527
2025-03-23T13:00:00.000+0000,1088779.2670685758,383454.32037531177,999999.9999999999,1031712.3707384723,215465.51863639196,1130016.120712543,727026.967674527
2025-03-23T13:10:00.000+0000,1088655.983004792,383454.32037531177,999999.9999999999,1031245.269318792,215465.51863639196,1129713.417029375,727026.967674527
2025-03-23T13:20:00.000+0000,1089751.4259987518,383454.32037531177,999999.9999999999,1029960.7404146723,215465.51863639196,1132423.730362719,727026.967674527
2025-03-23T13:30:00.000+0000,1088988.0098306641,383454.32037531177,999999.9999999999,1031712.3707384723,215465.51863639196,1130493.834675391,727026.967674527
2025-03-23T13:40:00.000+0000,1089616.7795321678,383454.32037531177,999999.9999999999,1031011.7186089522,215465.51863639196,1132019.620429503,727026.967674527
2025-03-23T13:50:00.000+0000,1090131.086157448,383454.32037531177,999999.9999999999,1029260.0882851523,215465.51863639196,1133251.464884927,727026.967674527
2025-03-23T14:00:00.000+0000,1089375.503997136,383454.32037531177,999999.9999999999,1029727.189704832,215465.51863639196,1131419.470493855,727026.967674527
2025-03-23T14:10:00.000+0000,1089016.236990856,383454.32037531177,999999.9999999999,1031712.3707384723,215465.51863639196,1130521.874305727,727026.967674527
2025-03-23T14:20:00.000+0000,1086225.585679352,383454.32037531177,999999.9999999999,1033347.2257073522,215465.51863639196,1123694.392903935,727026.967674527
2025-03-23T14:30:00.000+0000,1085773.80318472,383454.32037531177,999999.9999999999,1037200.8124197123,215465.51863639196,1122614.7765285429,727026.967674527
2025-03-23T14:40:00.000+0000,1085053.504974648,383454.32037531177,999999.9999999999,1038368.5659689122,215465.51863639196,1120817.831675391,727026.967674527
2025-03-23T14:50:00.000+0000,1083648.969722472,383454.32037531177,999999.9999999999,1039185.9934533521,215465.51863639196,1117349.882895679,727026.967674527
2025-03-23T15:00:00.000+0000,1083414.750977488,383454.32037531177,999999.9999999999,1041988.6019714325,215465.51863639196,1116756.742867615,727026.967674527
2025-03-23T15:10:00.000+0000,1083324.9866664319,383454.32037531177,999999.9999999999,1041871.8266165121,215465.51863639196,1116487.3362454711,727026.967674527
2025-03-23T15:20:00.000+0000,1084438.071635512,383454.32037531177,999999.9999999999,1040704.0730673122,215465.51863639196,1119215.174347775,727026.967674527
2025-03-23T15:30:00.000+0000,1083331.685762864,383454.32037531177,999999.9999999999,1041287.9498419121,215465.51863639196,1116043.394163487,727026.967674527
2025-03-23T15:40:00.000+0000,1079802.3170484398,383454.32037531177,999999.9999999999,1047243.4929428323,215465.51863639196,1107310.551750911,727026.967674527
2025-03-23T15:50:00.000+0000,1077501.2735970477,383454.32037531177,999999.9999999999,1051447.4057199522,215465.51863639196,1101690.380127999,727026.967674527
2025-03-23T16:00:00.000+0000,1076824.093344992,383454.32037531177,999999.9999999999,1054833.8910126323,215465.51863639196,1100026.386109023,727026.967674527
2025-03-23T16:10:00.000+0000,1076790.573592264,383454.32037531177,999999.9999999999,1055534.5431421523,215465.51863639196,1099993.0890479991,727026.967674527
2025-03-23T16:20:00.000+0000,1076050.659447504,383454.32037531177,999999.9999999999,1055768.0938519922,215465.51863639196,1098356.8972494388,727026.967674527
2025-03-23T16:30:00.000+0000,1075589.0689855278,383454.32037531177,999999.9999999999,1056235.1952716722,215465.51863639196,1097357.6574013429,727026.967674527
2025-03-23T16:40:00.000+0000,1076519.8741552,383454.32037531177,999999.9999999999,1055300.9924323123,215465.51863639196,1099634.068694239,727026.967674527
2025-03-23T16:50:00.000+0000,1076027.7248798478,383454.32037531177,999999.9999999999,1055651.3184970724,215465.51863639196,1098334.115049791,727026.967674527
2025-03-23T17:00:00.000+0000,1076626.503223648,383454.32037531177,999999.9999999999,1049579.0000412322,215465.51863639196,1099830.108696671,727026.967674527
2025-03-23T17:10:00.000+0000,1078823.4590218319,383454.32037531177,999999.9999999999,1049228.673976472,215465.51863639196,1105346.884182719,727026.967674527
2025-03-23T17:20:00.000+0000,1081282.0835074638,383454.32037531177,999999.9999999999,1042806.0294558721,215465.51863639196,1111393.9479384948,727026.967674527
2025-03-23T17:30:00.000+0000,1080350.2913580078,383454.32037531177,999999.9999999999,1045141.5365542725,215465.51863639196,1109206.675557375,727026.967674527
2025-03-23T17:40:00.000+0000,1079448.4905662558,383454.32037531177,999999.9999999999,1049812.5507510721,215465.51863639196,1107049.195283487,727026.967674527
2025-03-23T17:50:00.000+0000,1079503.7481447998,383454.32037531177,999999.9999999999,1047477.0436526723,215465.51863639196,1107374.443756383,727026.967674527
2025-03-23T18:00:00.000+0000,1079081.1797901436,383454.32037531177,999999.9999999999,1050279.652170752,215465.51863639196,1106233.728099551,727026.967674527
2025-03-23T18:10:00.000+0000,1079429.8616113518,383454.32037531177,999999.9999999999,1048411.2464920322,215465.51863639196,1107120.809426303,727026.967674527
2025-03-23T18:20:00.000+0000,1077964.5664260397,383454.32037531177,999999.9999999999,1050746.7535904325,215465.51863639196,1103502.3850434548,727026.967674527
2025-03-23T18:30:00.000+0000,1077834.2255722077,383454.32037531177,999999.9999999999,1052498.3839142323,215465.51863639196,1103192.671452703,727026.967674527
2025-03-23T18:40:00.000+0000,1077942.6188381677,383454.32037531177,999999.9999999999,1050980.3043002724,215465.51863639196,1103390.4639320308,727026.967674527
2025-03-23T18:50:00.000+0000,1078462.2180559838,383454.32037531177,999999.9999999999,1050513.202880592,215465.51863639196,1104627.565818143,727026.967674527
2025-03-23T19:00:00.000+0000,1077599.229609496,383454.32037531177,999999.9999999999,1052965.4853339123,215465.51863639196,1102508.6400359669,727026.967674527
2025-03-23T19:10:00.000+0000,1077127.2637245038,383454.32037531177,999999.9999999999,1053315.811398672,215465.51863639196,1101318.855026047,727026.967674527
2025-03-23T19:20:00.000+0000,1076832.2850463837,383454.32037531177,999999.9999999999,1053899.6881732722,215465.51863639196,1100575.2393948468,727026.967674527
2025-03-23T19:30:00.000+0000,1076825.2282563357,383454.32037531177,999999.9999999999,1054250.0142380325,215465.51863639196,1100568.229487263,727026.967674527
2025-03-23T19:40:00.000+0000,1076617.472474032,383454.32037531177,999999.9999999999,1055534.5431421523,215465.51863639196,1100001.376612639,727026.967674527
2025-03-23T19:50:00.000+0000,1076679.9966046799,383454.32037531177,999999.9999999999,1054250.0142380325,215465.51863639196,1100153.604692671,727026.967674527
2025-03-23T20:00:00.000+0000,1077707.6228754558,383454.32037531177,999999.9999999999,1052731.9346240722,215465.51863639196,1102706.432515295,727026.967674527
2025-03-23T20:10:00.000+0000,1077603.7449843038,383454.32037531177,999999.9999999999,1052498.3839142323,215465.51863639196,1102423.006077983,727026.967674527
2025-03-23T20:20:00.000+0000,1077657.4481273917,383454.32037531177,999999.9999999999,1053899.6881732722,215465.51863639196,1102566.471773535,727026.967674527
2025-03-23T20:30:00.000+0000,1077170.5914445757,383454.32037531177,999999.9999999999,1053782.9128183522,215465.51863639196,1101271.7755597748,727026.967674527
2025-03-23T20:40:00.000+0000,1076127.087396192,383454.32037531177,999999.9999999999,1055884.8692069123,215465.51863639196,1098703.1754450868,727026.967674527
2025-03-23T20:50:00.000+0000,1076164.912761672,383454.32037531177,999999.9999999999,1056235.1952716722,215465.51863639196,1098830.8688485748,727026.967674527
2025-03-23T21:00:00.000+0000,1076426.371687064,383454.32037531177,999999.9999999999,1056001.6445618323,215465.51863639196,1099541.187418751,727026.967674527
2025-03-23T21:10:00.000+0000,1077556.1116514797,383454.32037531177,999999.9999999999,1052731.9346240722,215465.51863639196,1102375.6892017908,727026.967674527
2025-03-23T21:20:00.000+0000,1078069.4312969758,383454.32037531177,999999.9999999999,1052381.608559312,215465.51863639196,1103696.6725689908,727026.967674527
2025-03-23T21:30:00.000+0000,1076710.7651801119,383454.32037531177,999999.9999999999,1054833.8910126323,215465.51863639196,1100274.2881885748,727026.967674527
2025-03-23T21:40:00.000+0000,1076671.1756171198,383454.32037531177,999999.9999999999,1055300.9924323123,215465.51863639196,1100144.8423081911,727026.967674527
2025-03-23T21:50:00.000+0000,1075940.292221976,383454.32037531177,999999.9999999999,1056351.9706265922,215465.51863639196,1098337.382593663,727026.967674527
2025-03-23T22:00:00.000+0000,1075638.256753808,383454.32037531177,999999.9999999999,1055534.5431421523,215465.51863639196,1097586.757054879,727026.967674527
2025-03-23T22:10:00.000+0000,1076433.428477112,383454.32037531177,999999.9999999999,1055534.5431421523,215465.51863639196,1099548.1973263351,727026.967674527
2025-03-23T22:20:00.000+0000,1075671.776506536,383454.32037531177,999999.9999999999,1055651.3184970724,215465.51863639196,1097620.054115903,727026.967674527
2025-03-23T22:30:00.000+0000,1075352.099063248,383454.32037531177,999999.9999999999,1056935.8474011922,215465.51863639196,1096851.903808159,727026.967674527
2025-03-23T22:40:00.000+0000,1075565.147438088,383454.32037531177,999999.9999999999,1057519.7241757922,215465.51863639196,1097424.014113471,727026.967674527
2025-03-23T22:50:00.000+0000,1075387.173251432,383454.32037531177,999999.9999999999,1057986.8255954722,215465.51863639196,1097066.983646527,727026.967674527
2025-03-23T23:00:00.000+0000,1074818.3862653356,383454.32037531177,999999.9999999999,1057169.398111032,215465.51863639196,1095600.7821068792,727026.967674527
2025-03-23T23:10:00.000+0000,1074677.460226432,383454.32037531177,999999.9999999999,1059154.579144672,215465.51863639196,1095280.553654751,727026.967674527
2025-03-23T23:20:00.000+0000,1074641.3990584638,383454.32037531177,999999.9999999999,1059388.129854512,215465.51863639196,1095154.612728159,727026.967674527
2025-03-23T23:30:00.000+0000,1075096.7099481197,383454.32037531177,999999.9999999999,1057870.0502405523,215465.51863639196,1096237.7340573429,727026.967674527
2025-03-23T23:40:00.000+0000,1075127.478523552,383454.32037531177,999999.9999999999,1057519.7241757922,215465.51863639196,1096358.417553247,727026.967674527
2025-03-23T23:50:00.000+0000,1075227.82801968,383454.32037531177,999999.9999999999,1057286.173465952,215465.51863639196,1096638.339036767,727026.967674527
2025-03-24T00:00:00.000+0000,1074507.5298096077,383454.32037531177,999999.9999999999,1057753.274885632,215465.51863639196,1094841.394183615,727026.967674527
2025-03-24T00:10:00.000+0000,1074595.5299231517,383454.32037531177,999999.9999999999,1058687.4777249922,215465.51863639196,1095109.048328863,727026.967674527
2025-03-24T00:20:00.000+0000,1075400.5096137999,383454.32037531177,999999.9999999999,1057986.8255954722,215465.51863639196,1096990.112073023,727026.967674527
2025-03-24T00:30:00.000+0000,1075152.17728872,383454.32037531177,999999.9999999999,1057753.274885632,215465.51863639196,1096382.9522297909,727026.967674527
2025-03-24T00:40:00.000+0000,1074733.914546816,383454.32037531177,999999.9999999999,1059388.129854512,215465.51863639196,1095336.632915423,727026.967674527
2025-03-24T00:50:00.000+0000,1072834.4788419919,383454.32037531177,999999.9999999999,1059154.579144672,215465.51863639196,1090656.116926143,727026.967674527
2025-03-24T01:00:00.000+0000,1071380.09237932,383169.84837531176,999999.9999999999,1064759.7961808322,215465.51863639196,1087138.620248223,726726.955074527
2025-03-24T01:10:00.000+0000,1069862.858248432,383453.8666951518,999999.9999999999,1066744.9772144721,215465.51863639196,1083378.482646719,727026.4891294069
2025-03-24T01:20:00.000+0000,1070301.3043806958,383453.8666951518,999999.9999999999,1066744.9772144721,215465.51863639196,1084534.970595615,727026.4891294069
2025-03-24T01:30:00.000+0000,1071255.821335752,383453.8666951518,999999.9999999999,1064759.7961808322,215465.51863639196,1086925.0554768308,727026.4891294069
2025-03-24T01:40:00.000+0000,1071361.463424416,383453.8666951518,999999.9999999999,1064993.346890672,215465.51863639196,1087210.234391039,727026.4891294069
2025-03-24T01:50:00.000+0000,1069395.9751939198,383453.8666951518,999999.9999999999,1065460.4483103522,215465.51863639196,1082373.985367935,727026.4891294069
2025-03-24T02:00:00.000+0000,1068652.742416192,383453.8666951518,999999.9999999999,1069664.3610874722,215465.51863639196,1080554.2583151348,727026.4891294069
2025-03-24T02:10:00.000+0000,1068692.331979184,383453.8666951518,999999.9999999999,1069197.2596677921,215465.51863639196,1080683.704195519,727026.4891294069
2025-03-24T02:20:00.000+0000,1069280.5251379118,383453.8666951518,999999.9999999999,1069080.4843128722,215465.51863639196,1082169.1829810229,727026.4891294069
2025-03-24T02:30:00.000+0000,1068656.270811216,383453.8666951518,999999.9999999999,1069197.2596677921,215465.51863639196,1080557.7632689269,727026.4891294069
2025-03-24T02:40:00.000+0000,1068895.782148736,383453.8666951518,999999.9999999999,1067562.404698912,215465.51863639196,1081156.1607276788,727026.4891294069
2025-03-24T02:50:00.000+0000,1070198.203707272,383453.8666951518,999999.9999999999,1066277.875794792,215465.51863639196,1084342.435546975,727026.4891294069
2025-03-24T03:00:00.000+0000,1071106.074309288,383453.8666951518,999999.9999999999,1063241.716566872,215465.51863639196,1086596.064640223,727026.4891294069
2025-03-24T03:10:00.000+0000,1072087.2639890797,383453.8666951518,999999.9999999999,1063592.0426316322,215465.51863639196,1088832.406374431,727026.4891294069
2025-03-24T03:20:00.000+0000,1072690.5577076878,383453.8666951518,999999.9999999999,1061957.187662752,215465.51863639196,1090242.766063327,727026.4891294069
2025-03-24T03:30:00.000+0000,1072127.8405318558,383453.8666951518,999999.9999999999,1063825.5933414723,215465.51863639196,1088872.713343039,727026.4891294069
2025-03-24T03:40:00.000+0000,1072162.1375023117,383453.8666951518,999999.9999999999,1063825.5933414723,215465.51863639196,1088996.9017927349,727026.4891294069
2025-03-24T03:50:00.000+0000,1071861.866231656,383453.8666951518,999999.9999999999,1064409.4701160723,215465.51863639196,1088248.028730847,727026.4891294069
2025-03-24T04:00:00.000+0000,1072141.9541119519,383453.8666951518,999999.9999999999,1063475.2672767122,215465.51863639196,1088886.733158207,727026.4891294069
2025-03-24T04:10:00.000+0000,1071536.118978104,383453.8666951518,999999.9999999999,1065577.2236652721,215465.51863639196,1087383.729603743,727026.4891294069
2025-03-24T04:20:00.000+0000,1070957.524024664,383453.8666951518,999999.9999999999,1066277.875794792,215465.51863639196,1085997.9045913909,727026.4891294069
2025-03-24T04:30:00.000+0000,1070233.697419568,383453.8666951518,999999.9999999999,1067212.0786341522,215465.51863639196,1084197.4547844469,727026.4891294069
2025-03-24T04:40:00.000+0000,1070381.6802485199,383453.8666951518,999999.9999999999,1063124.9412119524,215465.51863639196,1084524.693144159,727026.4891294069
2025-03-24T04:50:00.000+0000,1070746.239847336,383453.8666951518,999999.9999999999,1066511.4265046322,215465.51863639196,1085427.546762975,727026.4891294069
2025-03-24T05:00:00.000+0000,1070606.3007882158,383453.8666951518,999999.9999999999,1067095.3032792322,215465.51863639196,1085018.179399071,727026.4891294069
2025-03-24T05:10:00.000+0000,1070396.7808084,383453.8666951518,999999.9999999999,1066394.651149712,215465.51863639196,1084449.574047551,727026.4891294069
2025-03-24T05:20:00.000+0000,1069841.120422616,383453.8666951518,999999.9999999999,1068496.6075382722,215465.51863639196,1083086.531234847,727026.4891294069
2025-03-24T05:30:00.000+0000,1068813.49415184,383453.8666951518,999999.9999999999,1069897.911797312,215465.51863639196,1080533.703412223,727026.4891294069
2025-03-24T05:40:00.000+0000,1068988.7171612,383453.8666951518,999999.9999999999,1069781.1364423921,215465.51863639196,1080978.1203140467,727026.4891294069
2025-03-24T05:50:00.000+0000,1068699.031075616,383453.8666951518,999999.9999999999,1070365.0132169921,215465.51863639196,1080239.762113535,727026.4891294069
2025-03-24T06:00:00.000+0000,1069331.3291721437,383453.8666951518,999999.9999999999,1067679.1800538322,215465.51863639196,1081769.0528214388,727026.4891294069
2025-03-24T06:10:00.000+0000,1070734.1002268079,383453.8666951518,999999.9999999999,1065927.5497300322,215465.51863639196,1085235.249124255,727026.4891294069
2025-03-24T06:20:00.000+0000,1070441.662963928,383453.8666951518,999999.9999999999,1066861.7525693919,215465.51863639196,1084584.2773586228,727026.4891294069
2025-03-24T06:30:00.000+0000,1069678.2467958399,383453.8666951518,999999.9999999999,1068496.6075382722,215465.51863639196,1082654.3816712948,727026.4891294069
2025-03-24T06:40:00.000+0000,1069539.0849544476,383453.8666951518,999999.9999999999,1069547.5857325522,215465.51863639196,1082335.9056960628,727026.4891294069
2025-03-24T06:50:00.000+0000,1070216.2652065037,383453.8666951518,999999.9999999999,1067795.9554087522,215465.51863639196,1083999.899715039,727026.4891294069
2025-03-24T07:00:00.000+0000,1070337.007855048,383453.8666951518,999999.9999999999,1066277.875794792,215465.51863639196,1084209.959532639,727026.4891294069
2025-03-24T07:10:00.000+0000,1071303.874192688,383453.8666951518,999999.9999999999,1064643.0208259122,215465.51863639196,1086612.3117521268,727026.4891294069
2025-03-24T07:20:00.000+0000,1071116.3018007441,383453.8666951518,999999.9999999999,1064993.346890672,215465.51863639196,1086155.6275120308,727026.4891294069
2025-03-24T07:30:00.000+0000,1070487.53209924,383453.8666951518,999999.9999999999,1066978.5279243123,215465.51863639196,1084629.8417579187,727026.4891294069
2025-03-24T07:40:00.000+0000,1069597.3034723436,383453.8666951518,999999.9999999999,1068730.1582481123,215465.51863639196,1082393.737433631,727026.4891294069
2025-03-24T07:50:00.000+0000,1069732.9369187118,383453.8666951518,999999.9999999999,1069430.8103776323,215465.51863639196,1082708.7084550709,727026.4891294069
2025-03-24T08:00:00.000+0000,1069523.4169388958,383453.8666951518,999999.9999999999,1068730.1582481123,215465.51863639196,1082140.1031035506,727026.4891294069
2025-03-24T08:10:00.000+0000,1069283.905601376,383453.8666951518,999999.9999999999,1069781.1364423921,215465.51863639196,1081541.705644799,727026.4891294069
2025-03-24T08:20:00.000+0000,1068759.013791024,383453.8666951518,999999.9999999999,1071065.665346512,215465.51863639196,1080299.3463279991,727026.4891294069
2025-03-24T08:30:00.000+0000,1065275.514211912,383453.8666951518,999999.9999999999,1072116.6435407922,215465.51863639196,1071612.068314719,727026.4891294069
2025-03-24T08:40:00.000+0000,1065920.938908752,383453.8666951518,999999.9999999999,1075503.1288334723,215465.51863639196,1073244.517749567,727026.4891294069
2025-03-24T08:50:00.000+0000,1066408.782571352,383453.8666951518,999999.9999999999,1074568.9259941122,215465.51863639196,1074450.075051551,727026.4891294069
2025-03-24T09:00:00.000+0000,1065108.1252103278,383453.8666951518,999999.9999999999,1075736.6795433122,215465.51863639196,1071265.552709151,727026.4891294069
2025-03-24T09:10:00.000+0000,1064754.1507965839,383453.8666951518,999999.9999999999,1077254.7591572723,215465.51863639196,1070373.2139517108,727026.4891294069
2025-03-24T09:20:00.000+0000,1063917.6253127758,383453.8666951518,999999.9999999999,1079239.9401909122,215465.51863639196,1068280.575322975,727026.4891294069
2025-03-24T09:30:00.000+0000,1063730.0529208318,383453.8666951518,999999.9999999999,1079590.2662556723,215465.51863639196,1067823.891082879,727026.4891294069
2025-03-24T09:40:00.000+0000,1064853.7230749838,383453.8666951518,999999.9999999999,1078188.9619966322,215465.51863639196,1070562.244046559,727026.4891294069
2025-03-24T09:50:00.000+0000,1064909.1904155838,383453.8666951518,999999.9999999999,1078422.512706472,215465.51863639196,1070707.4622190068,727026.4891294069
2025-03-24T10:00:00.000+0000,1064603.6265523918,383453.8666951518,999999.9999999999,1077605.0852220322,215465.51863639196,1069953.331726431,727026.4891294069
2025-03-24T10:10:00.000+0000,1065138.1165680317,383453.8666951518,999999.9999999999,1078188.9619966322,215465.51863639196,1071295.344816383,727026.4891294069
2025-03-24T10:20:00.000+0000,1065641.8380082399,383453.8666951518,999999.9999999999,1076437.3316728321,215465.51863639196,1072516.674410431,727026.4891294069
2025-03-24T10:30:00.000+0000,1065961.515451528,383453.8666951518,999999.9999999999,1076787.6577375922,215465.51863639196,1073284.824718175,727026.4891294069
2025-03-24T10:40:00.000+0000,1065571.4798698158,383453.8666951518,999999.9999999999,1077021.2084474321,215465.51863639196,1072266.545034143,727026.4891294069
2025-03-24T10:50:00.000+0000,1066015.218594616,383453.8666951518,999999.9999999999,1076437.3316728321,215465.51863639196,1073428.2904137268,727026.4891294069
2025-03-24T11:00:00.000+0000,1065065.0072523118,383453.8666951518,999999.9999999999,1077955.411286792,215465.51863639196,1071132.601874975,727026.4891294069
2025-03-24T11:10:00.000+0000,1064938.194793504,383453.8666951518,999999.9999999999,1078188.9619966322,215465.51863639196,1070826.3932380148,727026.4891294069
2025-03-24T11:20:00.000+0000,1063475.441023432,383453.8666951518,999999.9999999999,1079123.164835992,215465.51863639196,1067300.612720735,727026.4891294069
2025-03-24T11:30:00.000+0000,1063573.24910432,383453.8666951518,999999.9999999999,1081108.3458696322,215465.51863639196,1067487.8903386868,727026.4891294069
2025-03-24T11:40:00.000+0000,1063274.7420311759,383453.8666951518,999999.9999999999,1081341.896579472,215465.51863639196,1066740.769753695,727026.4891294069
2025-03-24T11:50:00.000+0000,1063617.35404212,383453.8666951518,999999.9999999999,1080407.6937401122,215465.51863639196,1067531.7022610868,727026.4891294069
2025-03-24T12:00:00.000+0000,1063280.0346237118,383453.8666951518,999999.9999999999,1079473.4909007521,215465.51863639196,1066746.027184383,727026.4891294069
2025-03-24T12:10:00.000+0000,1064459.1721184638,383453.8666951518,999999.9999999999,1079123.164835992,215465.51863639196,1069629.5983205107,727026.4891294069
2025-03-24T12:20:00.000+0000,1064631.643950528,383453.8666951518,999999.9999999999,1077955.411286792,215465.51863639196,1070161.4016572149,727026.4891294069
2025-03-24T12:30:00.000+0000,1064649.285925648,383453.8666951518,999999.9999999999,1079006.389481072,215465.51863639196,1070178.9264261748,727026.4891294069
2025-03-24T12:40:00.000+0000,1064829.8015275437,383453.8666951518,999999.9999999999,1078422.512706472,215465.51863639196,1070628.600758687,727026.4891294069
2025-03-24T12:50:00.000+0000,1064806.8669598878,383453.8666951518,999999.9999999999,1077488.309867112,215465.51863639196,1070605.818559039,727026.4891294069
2025-03-24T13:00:00.000+0000,1063620.6726750878,383453.8666951518,999999.9999999999,1078188.9619966322,215465.51863639196,1067715.237515327,727026.4891294069
2025-03-24T13:10:00.000+0000,1063347.6415848401,383453.8666951518,999999.9999999999,1080758.0198048723,215465.51863639196,1067083.542995551,727026.4891294069
2025-03-24T13:20:00.000+0000,1062047.9712035996,383453.8666951518,999999.9999999999,1081108.3458696322,215465.51863639196,1063809.8817413747,727026.4891294069
2025-03-24T13:30:00.000+0000,1061903.5167696718,383453.8666951518,999999.9999999999,1084144.5050975522,215465.51863639196,1063486.148335455,727026.4891294069
2025-03-24T13:40:00.000+0000,1062210.8448303756,383453.8666951518,999999.9999999999,1082159.3240639123,215465.51863639196,1064242.0313049268,727026.4891294069
2025-03-24T13:50:00.000+0000,1063237.693883424,383453.8666951518,999999.9999999999,1081341.896579472,215465.51863639196,1066703.967738879,727026.4891294069
2025-03-24T14:00:00.000+0000,1063427.03047288,383453.8666951518,999999.9999999999,1081225.1212245522,215465.51863639196,1067162.4044558709,727026.4891294069
2025-03-24T14:10:00.000+0000,1063737.886928608,383453.8666951518,999999.9999999999,1072233.4188957121,215465.51863639196,1067921.7923791348,727026.4891294069
2025-03-24T14:20:00.000+0000,1067449.5354424398,383453.8666951518,999999.9999999999,1067445.629343992,215465.51863639196,1077106.0616011189,727026.4891294069
2025-03-24T14:30:00.000+0000,1064897.4084886718,383453.8666951518,999999.9999999999,1075386.353478552,215465.51863639196,1070966.1165698548,727026.4891294069
2025-03-24T14:40:00.000+0000,1065762.1611326719,383453.8666951518,999999.9999999999,1072583.744960472,215465.51863639196,1073086.794828927,727026.4891294069
2025-03-24T14:50:00.000+0000,1067067.124106448,383453.8666951518,999999.9999999999,1072700.5203153924,215465.51863639196,1076365.7135137909,727026.4891294069
2025-03-24T15:00:00.000+0000,1067249.4039058557,383453.8666951518,999999.9999999999,1069897.911797312,215465.51863639196,1076817.1403231989,727026.4891294069
2025-03-24T15:10:00.000+0000,1069570.630747608,383453.8666951518,999999.9999999999,1068263.0568284323,215465.51863639196,1082547.4805806389,727026.4891294069
2025-03-24T15:20:00.000+0000,1071162.738391728,383453.8666951518,999999.9999999999,1064876.5715357522,215465.51863639196,1086472.1136004468,727026.4891294069
2025-03-24T15:30:00.000+0000,1073457.5022708,383453.8666951518,999999.9999999999,1059037.8037897523,215465.51863639196,1092176.166704447,727026.4891294069
2025-03-24T15:40:00.000+0000,1072817.8838552157,416469.0495222558,999999.9999999999,1059399.5563659847,251743.21405374454,1091007.411417279,727026.4891294069
2025-03-24T15:50:00.000+0000,1070706.3255943037,416469.0495222558,999999.9999999999,1064149.062718785,251743.21405374454,1086363.6974428147,727026.4891294069
2025-03-24T16:00:00.000+0000,1068757.0554889198,416469.0495222558,999999.9999999999,1064796.7226759847,251743.21405374454,1082127.598355359,727026.4891294069
2025-03-24T16:10:00.000+0000,1062879.259820256,416469.0495222558,999999.9999999999,1069870.0590073846,251743.21405374454,1069307.379981567,727026.4891294069
2025-03-24T16:20:00.000+0000,1063542.5380328477,416469.0495222558,999999.9999999999,1073108.3587933849,251743.21405374454,1070787.6013363828,727026.4891294069
2025-03-24T16:30:00.000+0000,1064876.157253272,416469.0495222558,999999.9999999999,1073971.905402985,251743.21405374454,1073672.924949407,727026.4891294069
2025-03-24T16:40:00.000+0000,1064652.128190016,416469.0495222558,999999.9999999999,1074295.7353815846,251743.21405374454,1073121.844366847,727026.4891294069
2025-03-24T16:50:00.000+0000,1064001.1933548157,416469.0495222558,999999.9999999999,1075914.8852745849,251743.21405374454,1071736.019354495,727026.4891294069
2025-03-24T17:00:00.000+0000,1064899.0918209278,416469.0495222558,999999.9999999999,1071813.0388789847,251743.21405374454,1073695.7071490549,727026.4891294069
2025-03-24T17:10:00.000+0000,1066483.2090724797,416469.0495222558,999999.9999999999,1070949.4922693847,251743.21405374454,1077076.2694938867,727026.4891294069
2025-03-24T17:20:00.000+0000,1067153.5440751198,416469.0495222558,999999.9999999999,1069870.0590073846,251743.21405374454,1078563.500756287,727026.4891294069
2025-03-24T17:30:00.000+0000,1067465.7830139757,416469.0495222558,999999.9999999999,1069978.0023335847,251743.21405374454,1079202.2051836469,727026.4891294069
2025-03-24T17:40:00.000+0000,1066947.1509817918,416469.0495222558,999999.9999999999,1071489.2089003846,251743.21405374454,1078112.0739468788,727026.4891294069
2025-03-24T17:50:00.000+0000,1066320.9149117598,416469.0495222558,999999.9999999999,1071813.0388789847,251743.21405374454,1076750.7836110708,727026.4891294069
2025-03-24T18:00:00.000+0000,1068249.0206521917,416469.0495222558,999999.9999999999,1064041.1193925848,251743.21405374454,1080883.723971583,727026.4891294069
2025-03-24T18:10:00.000+0000,1072286.9144508317,416469.0495222558,999999.9999999999,1062314.0261733849,251743.21405374454,1089740.7548338547,727026.4891294069
2025-03-24T18:20:00.000+0000,1072994.2915960317,416469.0495222558,999999.9999999999,1059723.3863445849,251743.21405374454,1091346.9171152627,727026.4891294069
2025-03-24T18:30:00.000+0000,1074133.8611005198,416469.0495222558,999999.9999999999,1059615.4430183847,251743.21405374454,1093875.2102613428,727026.4891294069
2025-03-24T18:40:00.000+0000,1073287.1243622557,416469.0495222558,999999.9999999999,1059399.5563659847,251743.21405374454,1091966.344296767,727026.4891294069
2025-03-24T18:50:00.000+0000,1072484.4865565998,416469.0495222558,999999.9999999999,1060694.8762803846,251743.21405374454,1090183.4192587829,727026.4891294069
2025-03-24T19:00:00.000+0000,1070409.9704382478,416469.0495222558,999999.9999999999,1065228.4959807848,251743.21405374454,1085658.636303327,727026.4891294069
2025-03-24T19:10:00.000+0000,1070060.6893568318,416469.0495222558,999999.9999999999,1066307.9292427849,251743.21405374454,1084901.0008569588,727026.4891294069
2025-03-24T19:20:00.000+0000,1069727.2860530238,416469.0495222558,999999.9999999999,1067711.1924833849,251743.21405374454,1084159.1377026548,727026.4891294069
2025-03-24T19:30:00.000+0000,1067508.1177490717,416469.0495222558,999999.9999999999,1069222.3990501848,251743.21405374454,1079326.3936333428,727026.4891294069
2025-03-24T19:40:00.000+0000,1067721.567632448,416469.0495222558,999999.9999999999,1067927.0791357846,251743.21405374454,1079784.8303503348,727026.4891294069
2025-03-24T19:50:00.000+0000,1069878.9950286718,416469.0495222558,999999.9999999999,1065876.1559379846,251743.21405374454,1084474.108724095,727026.4891294069
2025-03-24T20:00:00.000+0000,1071064.4336684716,416469.0495222558,999999.9999999999,1063177.5727829847,251743.21405374454,1087047.9662694708,727026.4891294069
2025-03-24T20:10:00.000+0000,1072800.25389048,416469.0495222558,999999.9999999999,1062961.686130585,251743.21405374454,1090825.6286399346,727026.4891294069
2025-03-24T20:20:00.000+0000,1070524.6372713358,416469.0495222558,999999.9999999999,1063393.4594353847,251743.21405374454,1085854.6763057588,727026.4891294069
2025-03-24T20:30:00.000+0000,1070713.3883895439,416469.0495222558,999999.9999999999,1065228.4959807848,251743.21405374454,1086288.5783462068,727026.4891294069
2025-03-24T20:40:00.000+0000,1070212.3983324799,416469.0495222558,999999.9999999999,1064580.836023585,251743.21405374454,1085215.971878399,727026.4891294069
2025-03-24T20:50:00.000+0000,1070768.0725072238,416469.0495222558,999999.9999999999,1065984.0992641847,251743.21405374454,1086425.034134175,727026.4891294069
2025-03-24T21:00:00.000+0000,1070245.9180852077,416469.0495222558,999999.9999999999,1066092.0425903848,251743.21405374454,1085249.268939423,727026.4891294069
2025-03-24T21:10:00.000+0000,1070185.9413749918,416469.0495222558,999999.9999999999,1064041.1193925848,251743.21405374454,1085107.555720767,727026.4891294069
2025-03-24T21:20:00.000+0000,1072637.9657349517,416469.0495222558,999999.9999999999,1060371.046301785,251743.21405374454,1090418.0137529268,727026.4891294069
2025-03-24T21:30:00.000+0000,1073618.7754789358,416469.0495222558,999999.9999999999,1057780.4064729847,251743.21405374454,1092542.1969657908,727026.4891294069
2025-03-24T21:40:00.000+0000,1074952.3946993598,416469.0495222558,999999.9999999999,1057456.5764943846,251743.21405374454,1095427.5205788147,727026.4891294069
2025-03-24T21:50:00.000+0000,1073816.3475847037,416469.0495222558,999999.9999999999,1058643.9530825848,251743.21405374454,1092984.8613907187,727026.4891294069
2025-03-24T22:00:00.000+0000,1073108.9644343117,416469.0495222558,999999.9999999999,1060586.9329541847,251743.21405374454,1091460.8281135028,727026.4891294069
2025-03-24T22:10:00.000+0000,1072780.8477178477,416469.0495222558,999999.9999999999,1062098.1395209848,251743.21405374454,1090806.3513940787,727026.4891294069
2025-03-24T22:20:00.000+0000,1072505.6569267437,416469.0495222558,999999.9999999999,1062206.0828471847,251743.21405374454,1090204.448981535,727026.4891294069
2025-03-24T22:30:00.000+0000,1073207.7474845997,416469.0495222558,999999.9999999999,1061126.6495851849,251743.21405374454,1091723.2248280628,727026.4891294069
2025-03-24T22:40:00.000+0000,1073161.8783492877,416469.0495222558,999999.9999999999,1061126.6495851849,251743.21405374454,1091677.6604287669,727026.4891294069
2025-03-24T22:50:00.000+0000,1073579.9571284798,416469.0495222558,999999.9999999999,1061342.536237585,251743.21405374454,1092585.7714782709,727026.4891294069
2025-03-24T23:00:00.000+0000,1074012.1434825757,416469.0495222558,999999.9999999999,1059507.4996921849,251743.21405374454,1093590.0313471348,727026.4891294069
2025-03-24T23:10:00.000+0000,1074790.0885282557,416469.0495222558,999999.9999999999,1057564.5198205847,251743.21405374454,1095266.292704383,727026.4891294069
2025-03-24T23:20:00.000+0000,1071551.3041402479,416469.0495222558,999999.9999999999,1059291.6130397846,251743.21405374454,1088188.6819263028,727026.4891294069
2025-03-24T23:30:00.000+0000,1071378.4307996477,416469.0495222558,999999.9999999999,1064257.0060449848,251743.21405374454,1087770.5521779186,727026.4891294069
2025-03-24T23:40:00.000+0000,1071454.2852874717,416469.0495222558,999999.9999999999,1063393.4594353847,251743.21405374454,1087928.0376886388,727026.4891294069
2025-03-24T23:50:00.000+0000,1073265.9599973038,416469.0495222558,999999.9999999999,1061774.309542385,251743.21405374454,1091863.1855698228,727026.4891294069
2025-03-25T00:00:00.000+0000,1072772.0267302878,416469.0495222558,999999.9999999999,1060586.9329541847,251743.21405374454,1090797.5890095988,727026.4891294069
2025-03-25T00:10:00.000+0000,1073514.6878257277,416469.0495222558,999999.9999999999,1059939.272996985,251743.21405374454,1092438.800828927,727026.4891294069
2025-03-25T00:20:00.000+0000,1073613.476881208,416469.0495222558,999999.9999999999,1060155.1596493847,251743.21405374454,1092619.0685392949,727026.4891294069
2025-03-25T00:30:00.000+0000,1072165.1968328878,416469.0495222558,999999.9999999999,1061450.4795637848,251743.21405374454,1089455.575919647,727026.4891294069
2025-03-25T00:40:00.000+0000,1070258.2674677917,416469.0495222558,999999.9999999999,1064257.0060449848,251743.21405374454,1085261.536277695,727026.4891294069
2025-03-25T00:50:00.000+0000,1069984.8348690076,416469.0495222558,999999.9999999999,1066415.8725689847,251743.21405374454,1084743.5153462389,727026.4891294069
2025-03-25T01:00:00.000+0000,1068933.4632297358,416469.0495222558,999999.9999999999,1066847.6458737848,251743.21405374454,1082467.104053343,727026.4891294069
2025-03-25T01:10:00.000+0000,1068709.4221560957,416469.0495222558,999999.9999999999,1067495.3058309848,251743.21405374454,1082080.2814791668,727026.4891294069
2025-03-25T01:20:00.000+0000,1067666.8715043836,416469.0495222558,999999.9999999999,1069114.4557239846,251743.21405374454,1079812.632570751,727026.4891294069
2025-03-25T01:30:00.000+0000,1067594.5394063918,416469.0495222558,999999.9999999999,1069438.285702585,251743.21405374454,1079740.781018015,727026.4891294069
2025-03-25T01:40:00.000+0000,1066931.2611937998,416469.0495222558,999999.9999999999,1070841.5489431848,251743.21405374454,1078260.559663199,727026.4891294069
2025-03-25T01:50:00.000+0000,1067266.4286951197,416469.0495222558,999999.9999999999,1070625.6622907848,251743.21405374454,1079004.1752943988,727026.4891294069
2025-03-25T02:00:00.000+0000,1067587.4826163438,416469.0495222558,999999.9999999999,1070193.888985985,251743.21405374454,1079733.7711104308,727026.4891294069
2025-03-25T02:10:00.000+0000,1067873.2525873277,416469.0495222558,999999.9999999999,1068250.9091143848,251743.21405374454,1080428.317388543,727026.4891294069
2025-03-25T02:20:00.000+0000,1069570.2664692637,416469.0495222558,999999.9999999999,1066847.6458737848,251743.21405374454,1084085.2962631027,727026.4891294069
2025-03-25T02:30:00.000+0000,1070561.6613983198,416469.0495222558,999999.9999999999,1064796.7226759847,251743.21405374454,1086219.994337343,727026.4891294069
2025-03-25T02:40:00.000+0000,1071711.81608788,416469.0495222558,999999.9999999999,1062098.1395209848,251743.21405374454,1088758.802344799,727026.4891294069
2025-03-25T02:50:00.000+0000,1072957.2314378957,7463.541022255755,999999.9999999999,1059753.7578089847,19849.22905374454,1091474.3731088308,727026.4891294069
2025-03-25T03:00:00.000+0000,1073848.9794184319,370301.23446545575,999999.9999999999,1058566.3812207845,230872.0226561446,1094163.656719423,727026.4891294069
2025-03-25T03:10:00.000+0000,1073328.5831887359,416141.8451154558,999999.9999999999,1059429.9278303848,251557.69886574458,1093071.7730057589,727026.4891294069
2025-03-25T03:20:00.000+0000,1072979.3021073197,416141.8451154558,999999.9999999999,1061588.7943543848,251557.69886574458,1092314.1375593909,727026.4891294069
2025-03-25T03:30:00.000+0000,1071943.8082456558,416141.8451154558,999999.9999999999,1060725.2477447847,251557.69886574458,1090053.4985585588,727026.4891294069
2025-03-25T03:40:00.000+0000,1071933.2230605837,416141.8451154558,999999.9999999999,1060833.1910709848,251557.69886574458,1090042.983697183,727026.4891294069
2025-03-25T03:50:00.000+0000,1073492.6415469677,416141.8451154558,999999.9999999999,1058458.4378945846,251557.69886574458,1093399.011365471,727026.4891294069
2025-03-25T04:00:00.000+0000,1073122.190095408,416141.8451154558,999999.9999999999,1058566.3812207845,251557.69886574458,1092620.3461963509,727026.4891294069
2025-03-25T04:10:00.000+0000,1073931.890696304,416141.8451154558,999999.9999999999,1058674.3245469846,251557.69886574458,1094328.1521377268,727026.4891294069
2025-03-25T04:20:00.000+0000,1077163.6182942637,416141.8451154558,999999.9999999999,1050038.8584509848,251557.69886574458,1101398.7530082227,727026.4891294069
2025-03-25T04:30:00.000+0000,1078440.783194304,416141.8451154558,999999.9999999999,1051226.2350391848,251557.69886574458,1104227.9973605748,727026.4891294069
2025-03-25T04:40:00.000+0000,1079954.332545376,416141.8451154558,999999.9999999999,1043346.3722265847,251557.69886574458,1107538.4606295668,727026.4891294069
2025-03-25T04:50:00.000+0000,1086232.5650181118,416141.8451154558,999999.9999999999,1036114.1693711847,251557.69886574458,1121249.2652839029,727026.4891294069
2025-03-25T05:00:00.000+0000,1089247.320342864,416141.8451154558,999999.9999999999,1027586.6466013846,251557.69886574458,1127775.795479423,727026.4891294069
2025-03-25T05:10:00.000+0000,1089795.9377275598,416141.8451154558,999999.9999999999,1020354.4437459847,251557.69886574458,1128977.8478276148,727026.4891294069
2025-03-25T05:20:00.000+0000,1087666.7374915278,416141.8451154558,999999.9999999999,1032444.0962803847,251557.69886574458,1124316.6090841908,727026.4891294069
2025-03-25T05:30:00.000+0000,1092419.0712306078,416141.8451154558,999999.9999999999,1015496.9940669847,251557.69886574458,1134704.683131263,727026.4891294069
2025-03-25T05:40:00.000+0000,1106601.9821575359,416141.8451154558,999999.9999999999,995203.6487413847,251557.69886574458,1165713.1722386547,727026.4891294069
2025-03-25T05:50:00.000+0000,1110805.6985119197,416141.8451154558,999999.9999999999,993800.3855007847,251557.69886574458,1174899.193937535,727026.4891294069
2025-03-25T06:00:00.000+0000,1117727.8030246159,416141.8451154558,999999.9999999999,971132.2869987846,251557.69886574458,1190070.9427008308,727026.4891294069
2025-03-25T06:10:00.000+0000,1127093.1109097118,416141.8451154558,999999.9999999999,965735.1206887848,251557.69886574458,1210544.3871118068,727026.4891294069
2025-03-25T06:20:00.000+0000,1136117.958700952,416141.8451154558,999999.9999999999,948140.3585181846,251557.69886574458,1230268.9584608949,727026.4891294069
2025-03-25T06:30:00.000+0000,1144731.7845030478,416141.8451154558,999999.9999999999,934323.6127645847,251557.69886574458,1249092.428668063,727026.4891294069
2025-03-25T06:40:00.000+0000,1144943.4701889118,416141.8451154558,999999.9999999999,920938.6403157846,251557.69886574458,1249549.112908159,727026.4891294069
2025-03-25T06:50:00.000+0000,1151329.3066994958,416141.8451154558,999999.9999999999,920830.6969895847,251557.69886574458,1263531.076661535,727026.4891294069
2025-03-25T07:00:00.000+0000,1137437.4703464718,416141.8451154558,999999.9999999999,928602.6164759847,251557.69886574458,1233058.1332545588,727026.4891294069
2025-03-25T07:10:00.000+0000,1150062.726984528,416141.8451154558,999999.9999999999,926551.6932781847,251557.69886574458,1260712.347170559,727026.4891294069
2025-03-25T07:20:00.000+0000,1149568.7937175117,416141.8451154558,999999.9999999999,938209.5725077847,251557.69886574458,1259646.7506103348,727026.4891294069
2025-03-25T07:30:00.000+0000,1139430.8333792717,416141.8451154558,999999.9999999999,947384.7552347847,251557.69886574458,1237502.3022727987,727026.4891294069
2025-03-25T07:40:00.000+0000,1140182.315462272,416141.8451154558,999999.9999999999,932920.3495239847,251557.69886574458,1239152.2764766067,727026.4891294069
2025-03-25T07:50:00.000+0000,1145414.4688882718,416141.8451154558,999999.9999999999,939073.1191173848,251557.69886574458,1250591.927268735,727026.4891294069
2025-03-25T08:00:00.000+0000,1150163.2742323277,416141.8451154558,999999.9999999999,914893.8140485848,251557.69886574458,1260976.4963620147,727026.4891294069
2025-03-25T08:10:00.000+0000,1161451.389260128,416141.8451154558,999999.9999999999,916620.9072677847,251557.69886574458,1285659.7527070069,727026.4891294069
2025-03-25T08:20:00.000+0000,1160048.9723419277,416141.8451154558,999999.9999999999,892873.3755037847,251557.69886574458,1282623.9534908468,727026.4891294069
2025-03-25T08:30:00.000+0000,1184256.9409715198,416141.8451154558,999999.9999999999,863081.0174725846,251557.69886574458,1335582.6034102389,727026.4891294069
2025-03-25T08:40:00.000+0000,1190115.3304675517,416141.8451154558,999999.9999999999,859518.8877079848,251557.69886574458,1348383.544538175,727026.4891294069
2025-03-25T08:50:00.000+0000,1198254.629175264,416141.8451154558,999999.9999999999,836634.9025535847,251557.69886574458,1366160.695430975,727026.4891294069
2025-03-25T09:00:00.000+0000,1201569.2620459038,416141.8451154558,999999.9999999999,845702.1419543847,251557.69886574458,1373477.9207239668,727026.4891294069
2025-03-25T09:10:00.000+0000,1203294.4970828397,416141.8451154558,999999.9999999999,832425.1128317849,251557.69886574458,1377245.0682330548,727026.4891294069
2025-03-25T09:20:00.000+0000,1205009.1529398956,416141.8451154558,999999.9999999999,836526.9592273848,251557.69886574458,1380919.5718765748,727026.4891294069
2025-03-25T09:30:00.000+0000,1206326.894382712,416141.8451154558,999999.9999999999,839225.5423823848,251557.69886574458,1383789.1231975348,727026.4891294069
2025-03-25T09:40:00.000+0000,1212127.0713660398,416141.8451154558,999999.9999999999,807598.1478057847,251557.69886574458,1396450.1035837107,727026.4891294069
2025-03-25T09:50:00.000+0000,1226650.4423868237,416141.8451154558,999999.9999999999,789355.7256779848,251557.69886574458,1428207.465752991,727026.4891294069
2025-03-25T10:00:00.000+0000,1225671.985299208,607598.9978425918,999999.9999999999,810512.6176131847,251557.69886574458,1424464.884744967,1019901.7373905671
2025-03-25T10:10:00.000+0000,1226450.925448168,607598.9978425918,999999.9999999999,806194.8845651847,251557.69886574458,1427093.6989498152,1019901.7373905671
2025-03-25T10:20:00.000+0000,1226521.0411007358,607598.9978425918,999999.9999999999,810620.5609393847,251557.69886574458,1427283.0293642152,1019901.7373905671
2025-03-25T10:30:00.000+0000,1228156.998337096,607598.9978425918,999999.9999999999,802200.9814957847,251557.69886574458,1432498.5354187752,1019901.7373905671
2025-03-25T10:40:00.000+0000,1220509.4579677358,607598.9978425918,999999.9999999999,806194.8845651847,251557.69886574458,1408026.840169399,1019901.7373905671
2025-03-25T10:50:00.000+0000,1216715.226892848,607598.9978425918,999999.9999999999,836526.9592273848,251557.69886574458,1395940.0159905031,1019901.7373905671
2025-03-25T11:00:00.000+0000,1218439.597731696,607598.9978425918,999999.9999999999,841168.5222539848,251557.69886574458,1401422.8691361512,1019901.7373905671
2025-03-25T11:10:00.000+0000,1218442.017904008,607598.9978425918,999999.9999999999,842571.7854945847,251557.69886574458,1401485.113520775,1019901.7373905671
2025-03-25T11:20:00.000+0000,1221316.625276888,607598.9978425918,999999.9999999999,838685.8257513847,251557.69886574458,1410683.694004583,1019901.7373905671
2025-03-25T11:30:00.000+0000,1221094.381184512,607598.9978425918,999999.9999999999,835987.2425963848,251557.69886574458,1409984.2040845512,1019901.7373905671
2025-03-25T11:40:00.000+0000,1218295.182056736,607598.9978425918,999999.9999999999,842247.9555159847,251557.69886574458,1400980.2114458312,1019901.7373905671
2025-03-25T11:50:00.000+0000,1219088.032058904,607598.9978425918,999999.9999999999,845162.4253233848,251557.69886574458,1403443.3222195592,1019901.7373905671
2025-03-25T12:00:00.000+0000,1212616.082963544,607598.9978425918,999999.9999999999,854877.3246813847,251557.69886574458,1382772.380892615,1019901.7373905671
2025-03-25T12:10:00.000+0000,1211397.4949744558,607598.9978425918,999999.9999999999,876142.1599427848,251557.69886574458,1378869.075616951,1019901.7373905671
2025-03-25T12:20:00.000+0000,1211867.337899176,607598.9978425918,999999.9999999999,877005.7065523847,251557.69886574458,1380353.082041287,1019901.7373905671
2025-03-25T12:30:00.000+0000,1207810.738437048,607598.9978425918,999999.9999999999,877113.6498785847,251557.69886574458,1367407.2296351912,1019901.7373905671
2025-03-25T12:40:00.000+0000,1205260.450091216,607598.9978425918,999999.9999999999,896435.5052683847,251557.69886574458,1359308.7373162312,1019901.7373905671
2025-03-25T12:50:00.000+0000,1204113.2897042958,607598.9978425918,999999.9999999999,906906.0079097848,251557.69886574458,1355715.7462704233,1019901.7373905671
2025-03-25T13:00:00.000+0000,1199889.792247464,607598.9978425918,999999.9999999999,911115.7976315848,251557.69886574458,1342185.222635799,1019901.7373905671
2025-03-25T13:10:00.000+0000,1200222.276287272,607598.9978425918,999999.9999999999,906258.3479525847,251557.69886574458,1343233.581277399,1019901.7373905671
2025-03-25T13:20:00.000+0000,1204312.395502128,607598.9978425918,999999.9999999999,896219.6186159848,251557.69886574458,1356212.730744519,1019901.7373905671
2025-03-25T13:30:00.000+0000,1209974.960842912,607598.9978425918,999999.9999999999,880136.0630121847,251557.69886574458,1374344.297097943,1019901.7373905671
2025-03-25T13:40:00.000+0000,1206280.5882572718,607598.9978425918,999999.9999999999,874199.1800711848,251557.69886574458,1362775.5500255271,1019901.7373905671
2025-03-25T13:50:00.000+0000,1206470.420819632,607598.9978425918,999999.9999999999,883806.1361029847,251557.69886574458,1363383.0034537031,1019901.7373905671
2025-03-25T14:00:00.000+0000,1208526.167475576,607598.9978425918,999999.9999999999,883914.0794291848,251557.69886574458,1369972.9546717831,1019901.7373905671
2025-03-25T14:10:00.000+0000,1209509.958262816,607598.9978425918,999999.9999999999,882402.8728623847,251557.69886574458,1372984.7794428552,1019901.7373905671
2025-03-25T14:20:00.000+0000,1210183.747329992,607598.9978425918,999999.9999999999,874091.2367449848,251557.69886574458,1375090.259110535,1019901.7373905671
2025-03-25T14:30:00.000+0000,1214209.699459616,607598.9978425918,999999.9999999999,863728.6774297847,251557.69886574458,1387945.8275016712,1019901.7373905671
2025-03-25T14:40:00.000+0000,1214888.781119328,607598.9978425918,999999.9999999999,861569.8109057847,251557.69886574458,1390056.564600039,1019901.7373905671
2025-03-25T14:50:00.000+0000,1216906.82365272,607598.9978425918,999999.9999999999,849048.3850665847,251557.69886574458,1396549.221895575,1019901.7373905671
2025-03-25T15:00:00.000+0000,1219079.867046144,607598.9978425918,999999.9999999999,842463.8421683847,251557.69886574458,1403495.051742807,1019901.7373905671
2025-03-25T15:10:00.000+0000,1221630.359118864,607598.9978425918,999999.9999999999,838469.9390989848,251557.69886574458,1411773.2673080552,1019901.7373905671
2025-03-25T15:20:00.000+0000,1215972.430395816,607598.9978425918,999999.9999999999,835987.2425963848,251557.69886574458,1393586.466477591,1019901.7373905671
2025-03-25T15:30:00.000+0000,1207548.5737766959,607598.9978425918,999999.9999999999,869233.7870659847,251557.69886574458,1366727.9246542791,1019901.7373905671
2025-03-25T15:40:00.000+0000,1209972.744397488,607598.9978425918,999999.9999999999,874307.1233973848,251557.69886574458,1374461.7759596072,1019901.7373905671
2025-03-25T15:50:00.000+0000,1210979.22123136,607598.9978425918,999999.9999999999,878840.7430977847,251557.69886574458,1377795.3375151749,1019901.7373905671
2025-03-25T16:00:00.000+0000,1209035.47872036,607598.9978425918,999999.9999999999,882186.9862099846,251557.69886574458,1371556.007495559,1019901.7373905671
2025-03-25T16:10:00.000+0000,1209456.376362656,607598.9978425918,999999.9999999999,882726.7028409848,251557.69886574458,1372871.7132282471,1019901.7373905671
2025-03-25T16:20:00.000+0000,1211239.825421088,607598.9978425918,999999.9999999999,867722.5804991848,251557.69886574458,1378652.6132654792,1019901.7373905671
2025-03-25T16:30:00.000+0000,1211168.601545808,607598.9978425918,999999.9999999999,871608.5402423848,251557.69886574458,1378522.022281911,1019901.7373905671
2025-03-25T16:40:00.000+0000,1211231.208160416,607598.9978425918,999999.9999999999,865347.8273227847,251557.69886574458,1378823.5741272871,1019901.7373905671
2025-03-25T16:50:00.000+0000,1212143.7750723758,607598.9978425918,999999.9999999999,860166.5476651847,251557.69886574458,1381704.8079147912,1019901.7373905671
2025-03-25T17:00:00.000+0000,1212351.045882968,607598.9978425918,999999.9999999999,873659.4634401847,251557.69886574458,1382150.062865639,1019901.7373905671
2025-03-25T17:10:00.000+0000,1210726.782054392,607598.9978425918,999999.9999999999,878732.7997715848,251557.69886574458,1376886.332241623,1019901.7373905671
2025-03-25T17:20:00.000+0000,1209455.720387856,607598.9978425918,999999.9999999999,885209.3993435848,251557.69886574458,1372811.2213205192,1019901.7373905671
2025-03-25T17:30:00.000+0000,1208852.046973248,607598.9978425918,999999.9999999999,887692.0958461846,251557.69886574458,1370895.072067239,1019901.7373905671
2025-03-25T17:40:00.000+0000,1209487.02369516,607598.9978425918,999999.9999999999,882402.8728623847,251557.69886574458,1372961.997243207,1019901.7373905671
2025-03-25T17:50:00.000+0000,1210626.471317232,607598.9978425918,999999.9999999999,881863.1562313847,251557.69886574458,1376487.486473703,1019901.7373905671
2025-03-25T18:00:00.000+0000,1210390.1136447599,607598.9978425918,999999.9999999999,884345.8527339847,251557.69886574458,1375773.9767385032,1019901.7373905671
2025-03-25T18:10:00.000+0000,1207749.6474989278,607598.9978425918,999999.9999999999,889095.3590867848,251557.69886574458,1367406.384851559,1019901.7373905671
2025-03-25T18:20:00.000+0000,1208562.107400616,607598.9978425918,999999.9999999999,891146.2822845848,251557.69886574458,1370068.4961174312,1019901.7373905671
2025-03-25T18:30:00.000+0000,1205422.259220272,607598.9978425918,999999.9999999999,892441.6021989847,251557.69886574458,1360067.8743603593,1019901.7373905671
2025-03-25T18:40:00.000+0000,1204847.468940656,607598.9978425918,999999.9999999999,894816.3553753847,251557.69886574458,1358240.256645143,1019901.7373905671
2025-03-25T18:50:00.000+0000,1208728.34942052,607598.9978425918,999999.9999999999,869017.9004135848,251557.69886574458,1370592.675438231,1019901.7373905671
2025-03-25T19:00:00.000+0000,1210540.681613944,607598.9978425918,999999.9999999999,880999.6096217846,251557.69886574458,1376462.107013527,1019901.7373905671
2025-03-25T19:10:00.000+0000,1210214.5983893839,607598.9978425918,999999.9999999999,866535.2039109847,251557.69886574458,1375360.266371783,1019901.7373905671
2025-03-25T19:20:00.000+0000,1213942.2422067279,607598.9978425918,999999.9999999999,868370.2404563848,251557.69886574458,1387261.265090071,1019901.7373905671
2025-03-25T19:30:00.000+0000,1214979.8186210159,607598.9978425918,999999.9999999999,862433.3575153847,251557.69886574458,1390565.879322039,1019901.7373905671
2025-03-25T19:40:00.000+0000,1213760.574657128,607598.9978425918,999999.9999999999,857575.9078363846,251557.69886574458,1386602.082138647,1019901.7373905671
2025-03-25T19:50:00.000+0000,1213955.699812024,607598.9978425918,999999.9999999999,865563.7139751846,251557.69886574458,1387214.792997511,1019901.7373905671
2025-03-25T20:00:00.000+0000,1212022.5424860958,607598.9978425918,999999.9999999999,876681.8765737847,251557.69886574458,1380985.977839271,1019901.7373905671
2025-03-25T20:10:00.000+0000,1213430.963037544,607598.9978425918,999999.9999999999,870313.2203279847,251557.69886574458,1385496.736543111,1019901.7373905671
2025-03-25T20:20:00.000+0000,1213210.4831426798,607598.9978425918,999999.9999999999,871500.5969161848,251557.69886574458,1384798.999099975,1019901.7373905671
2025-03-25T20:30:00.000+0000,1212435.275115632,607598.9978425918,999999.9999999999,870421.1636541847,251557.69886574458,1382353.4130952072,1019901.7373905671
2025-03-25T20:40:00.000+0000,1212818.4686353758,607598.9978425918,999999.9999999999,871500.5969161848,251557.69886574458,1383571.8249053513,1019901.7373905671
2025-03-25T20:50:00.000+0000,1212945.242335216,607598.9978425918,999999.9999999999,874738.8967021847,251557.69886574458,1383996.957826711,1019901.7373905671
2025-03-25T21:00:00.000+0000,1213147.42428016,607598.9978425918,999999.9999999999,871716.4835685847,251557.69886574458,1384616.6785931592,1019901.7373905671
2025-03-25T21:10:00.000+0000,1212079.65278128,607598.9978425918,999999.9999999999,873335.6334615848,251557.69886574458,1381102.549007671,1019901.7373905671
2025-03-25T21:20:00.000+0000,1211032.5994046319,607598.9978425918,999999.9999999999,876681.8765737847,251557.69886574458,1377728.6804834951,1019901.7373905671
2025-03-25T21:30:00.000+0000,1211269.613051904,607598.9978425918,999999.9999999999,881323.4396003848,251557.69886574458,1378502.682126423,1019901.7373905671
2025-03-25T21:40:00.000+0000,1211190.0204369759,607598.9978425918,999999.9999999999,873119.7468091848,251557.69886574458,1378244.0974198151,1019901.7373905671
2025-03-25T21:50:00.000+0000,1212180.4157663519,607598.9978425918,999999.9999999999,875710.3866379848,251557.69886574458,1381382.1634370312,1019901.7373905671
2025-03-25T22:00:00.000+0000,1213124.941960416,607598.9978425918,999999.9999999999,869017.9004135848,251557.69886574458,1384474.665054951,1019901.7373905671
2025-03-25T22:10:00.000+0000,1212023.6507088079,607598.9978425918,999999.9999999999,869017.9004135848,251557.69886574458,1380927.238408439,1019901.7373905671
2025-03-25T22:20:00.000+0000,1212424.0339557598,607598.9978425918,999999.9999999999,874091.2367449848,251557.69886574458,1382282.406326103,1019901.7373905671
2025-03-25T22:30:00.000+0000,1212407.04795544,607598.9978425918,999999.9999999999,874523.0100497847,251557.69886574458,1382325.3734648712,1019901.7373905671
2025-03-25T22:40:00.000+0000,1212847.351770368,607598.9978425918,999999.9999999999,871392.6535899848,251557.69886574458,1383660.3564434152,1019901.7373905671
2025-03-25T22:50:00.000+0000,1213787.037619808,607598.9978425918,999999.9999999999,870744.9936327847,251557.69886574458,1386628.369292087,1019901.7373905671
2025-03-25T23:00:00.000+0000,1212536.694075504,607598.9978425918,999999.9999999999,872364.1435257847,251557.69886574458,1382693.519432295,1019901.7373905671
2025-03-25T23:10:00.000+0000,1213046.661295088,607598.9978425918,999999.9999999999,868694.0704349848,251557.69886574458,1384337.064163799,1019901.7373905671
2025-03-25T23:20:00.000+0000,1214801.6794664399,607598.9978425918,999999.9999999999,866859.0338895847,251557.69886574458,1389910.201324407,1019901.7373905671
2025-03-25T23:30:00.000+0000,1215444.3689532,607598.9978425918,999999.9999999999,839441.4290347847,251557.69886574458,1392044.6283156872,1019901.7373905671
2025-03-25T23:40:00.000+0000,1221222.466833952,607598.9978425918,999999.9999999999,834368.0927033847,251557.69886574458,1410530.320821367,1019901.7373905671
2025-03-25T23:50:00.000+0000,1223078.903965176,607598.9978425918,999999.9999999999,826920.0031955848,251557.69886574458,1416443.564319063,1019901.7373905671
2025-03-26T00:00:00.000+0000,1216621.724424712,607598.9978425918,999999.9999999999,843867.1054089847,251557.69886574458,1395847.134715015,1019901.7373905671
2025-03-26T00:10:00.000+0000,1215885.9847177279,607598.9978425918,999999.9999999999,853042.2881359847,251557.69886574458,1393500.5951096872,1019901.7373905671
2025-03-26T00:20:00.000+0000,1218385.563583624,607598.9978425918,999999.9999999999,848832.4984141848,251557.69886574458,1401429.034260103,1019901.7373905671
2025-03-26T00:30:00.000+0000,1217916.172906816,607598.9978425918,999999.9999999999,850235.7616547847,251557.69886574458,1399825.7964972071,1019901.7373905671
2025-03-26T00:40:00.000+0000,1216710.5902751118,607598.9978425918,999999.9999999999,857575.9078363846,251557.69886574458,1395995.250467543,1019901.7373905671
2025-03-26T00:50:00.000+0000,1215818.085510584,607598.9978425918,999999.9999999999,859626.8310341847,251557.69886574458,1393193.785833623,1019901.7373905671
2025-03-26T01:00:00.000+0000,1217255.389197024,607598.9978425918,999999.9999999999,854337.6080503848,251557.69886574458,1397793.0760755271,1019901.7373905671
2025-03-26T01:10:00.000+0000,1215785.0180057678,607598.9978425918,999999.9999999999,856172.6445957847,251557.69886574458,1393041.2574340391,1019901.7373905671
2025-03-26T01:20:00.000+0000,1216492.982800472,607598.9978425918,999999.9999999999,854769.3813551848,251557.69886574458,1395240.5260704712,1019901.7373905671
2025-03-26T01:30:00.000+0000,1216284.852288192,607598.9978425918,999999.9999999999,854661.4380289847,251557.69886574458,1394555.055965607,1019901.7373905671
2025-03-26T01:40:00.000+0000,1216073.1933808879,607598.9978425918,999999.9999999999,854877.3246813847,251557.69886574458,1393866.080906951,1019901.7373905671
2025-03-26T01:50:00.000+0000,1216678.6309930077,607598.9978425918,999999.9999999999,854013.7780717848,251557.69886574458,1395783.982637127,1019901.7373905671
2025-03-26T02:00:00.000+0000,1216126.3230331358,607598.9978425918,999999.9999999999,860166.5476651847,251557.69886574458,1394098.378460119,1019901.7373905671
2025-03-26T02:10:00.000+0000,1215720.850920536,607598.9978425918,999999.9999999999,860166.5476651847,251557.69886574458,1392917.676358055,1019901.7373905671
2025-03-26T02:20:00.000+0000,1215846.968645576,607598.9978425918,999999.9999999999,856712.3612267848,251557.69886574458,1393282.3173716872,1019901.7373905671
2025-03-26T02:30:00.000+0000,1216534.419044936,607598.9978425918,999999.9999999999,855956.7579433848,251557.69886574458,1395521.048193095,1019901.7373905671
2025-03-26T02:40:00.000+0000,1218637.346785792,607598.9978425918,999999.9999999999,844406.8220399847,251557.69886574458,1402277.5476259273,1019901.7373905671
2025-03-26T02:50:00.000+0000,1219009.502872552,607598.9978425918,999999.9999999999,846673.6318901847,251557.69886574458,1403604.6759132552,1019901.7373905671
2025-03-26T03:00:00.000+0000,1217873.3799186158,607598.9978425918,999999.9999999999,849372.2150451848,251557.69886574458,1399902.9683902632,1019901.7373905671
2025-03-26T03:10:00.000+0000,1217486.6580038478,607598.9978425918,999999.9999999999,849480.1583713848,251557.69886574458,1398681.051626327,1019901.7373905671
2025-03-26T03:20:00.000+0000,1217685.3115537679,607598.9978425918,999999.9999999999,851423.1382429847,251557.69886574458,1399297.267438983,1019901.7373905671
2025-03-26T03:30:00.000+0000,1218316.307632744,607598.9978425918,999999.9999999999,849588.1016975846,251557.69886574458,1401479.9189997192,1019901.7373905671
2025-03-26T03:40:00.000+0000,1216735.696494056,607598.9978425918,999999.9999999999,856496.4745743847,251557.69886574458,1396379.231636663,1019901.7373905671
2025-03-26T03:50:00.000+0000,1217688.38770088,607598.9978425918,999999.9999999999,852934.3448097848,251557.69886574458,1399420.003731335,1019901.7373905671
2025-03-26T04:00:00.000+0000,1217997.9371730317,607598.9978425918,999999.9999999999,830158.3029815847,251557.69886574458,1400445.580173287,1019901.7373905671
2025-03-26T04:10:00.000+0000,1226127.669849696,607598.9978425918,999999.9999999999,800365.9449503848,251557.69886574458,1426413.5491852711,1019901.7373905671
2025-03-26T04:20:00.000+0000,1230530.414683816,607598.9978425918,999999.9999999999,788384.2357421848,251557.69886574458,1440541.011386695,1019901.7373905671
2025-03-26T04:30:00.000+0000,1229035.796975304,607598.9978425918,999999.9999999999,760426.9142563848,251557.69886574458,1435645.426730103,1019901.7373905671
2025-03-26T04:40:00.000+0000,1225781.524477704,607598.9978425918,999999.9999999999,815909.7839231847,251557.69886574458,1425231.9393899431,1019901.7373905671
2025-03-26T04:50:00.000+0000,1223438.054694552,607598.9978425918,999999.9999999999,820767.2336021848,251557.69886574458,1417697.933360391,1019901.7373905671
2025-03-26T05:00:00.000+0000,1223590.18313436,607598.9978425918,999999.9999999999,807814.0344581846,251557.69886574458,1418208.092866023,1019901.7373905671
2025-03-26T05:10:00.000+0000,1228047.16584344,607598.9978425918,999999.9999999999,808461.6944153848,251557.69886574458,1432509.1131897832,1019901.7373905671
2025-03-26T05:20:00.000+0000,1226853.27661952,607598.9978425918,999999.9999999999,811915.8808537847,251557.69886574458,1428630.3425906631,1019901.7373905671
2025-03-26T05:30:00.000+0000,1223986.8342594,607598.9978425918,999999.9999999999,817528.9338161848,251557.69886574458,1419380.0325836071,1019901.7373905671
2025-03-26T05:40:00.000+0000,1222706.2956305041,607598.9978425918,999999.9999999999,825408.7966287849,251557.69886574458,1415235.6673702952,1019901.7373905671
2025-03-26T05:50:00.000+0000,1225622.13552096,607598.9978425918,999999.9999999999,815370.0672921848,251557.69886574458,1424535.0467304392,1019901.7373905671
2025-03-26T06:00:00.000+0000,1227150.2729822,607598.9978425918,999999.9999999999,815585.9539445848,251557.69886574458,1429463.928448055,1019901.7373905671
2025-03-26T06:10:00.000+0000,1226185.232392792,607598.9978425918,999999.9999999999,808677.5810677847,251557.69886574458,1426410.8890151111,1019901.7373905671
2025-03-26T06:20:00.000+0000,1224856.404456272,607598.9978425918,999999.9999999999,817205.1038375848,251557.69886574458,1422158.7150178791,1019901.7373905671
2025-03-26T06:30:00.000+0000,1224897.636973848,607598.9978425918,999999.9999999999,824761.1366715847,251557.69886574458,1422259.513894215,1019901.7373905671
2025-03-26T06:40:00.000+0000,1223557.567877456,607598.9978425918,999999.9999999999,824977.0233239847,251557.69886574458,1417936.333127879,1019901.7373905671
2025-03-26T06:50:00.000+0000,1219576.376660432,607598.9978425918,999999.9999999999,833720.4327461848,251557.69886574458,1405185.068566871,1019901.7373905671
2025-03-26T07:00:00.000+0000,1220177.177654816,607598.9978425918,999999.9999999999,835987.2425963848,251557.69886574458,1407158.204774087,1019901.7373905671
2025-03-26T07:10:00.000+0000,1219272.775755616,607598.9978425918,999999.9999999999,839549.3723609848,251557.69886574458,1404225.2414633352,1019901.7373905671
2025-03-26T07:20:00.000+0000,1219658.841695584,607598.9978425918,999999.9999999999,843435.3321041848,251557.69886574458,1405386.666319543,1019901.7373905671
2025-03-26T07:30:00.000+0000,1222292.251051368,607598.9978425918,999999.9999999999,829726.5296767848,251557.69886574458,1413747.248298903,1019901.7373905671
2025-03-26T07:40:00.000+0000,1220553.110657624,607598.9978425918,999999.9999999999,839009.6557299849,251557.69886574458,1408189.8834303592,1019901.7373905671
2025-03-26T07:50:00.000+0000,1221123.716567416,607598.9978425918,999999.9999999999,839765.2590133847,251557.69886574458,1409953.504284055,1019901.7373905671
2025-03-26T08:00:00.000+0000,1220333.738985472,607598.9978425918,999999.9999999999,840628.8056229847,251557.69886574458,1407433.4065563912,1019901.7373905671
2025-03-26T08:10:00.000+0000,1221527.6282093918,607598.9978425918,999999.9999999999,833936.3193985847,251557.69886574458,1411312.177155511,1019901.7373905671
2025-03-26T08:20:00.000+0000,1222651.8540286561,607598.9978425918,999999.9999999999,828539.1530885848,251557.69886574458,1414882.3860016712,1019901.7373905671
2025-03-26T08:30:00.000+0000,1223218.931543424,607598.9978425918,999999.9999999999,830158.3029815847,251557.69886574458,1416642.5019015751,1019901.7373905671
2025-03-26T08:40:00.000+0000,1220738.75885016,607598.9978425918,999999.9999999999,836419.0159011848,251557.69886574458,1408733.3399970152,1019901.7373905671
2025-03-26T08:50:00.000+0000,1219565.587748472,607598.9978425918,999999.9999999999,843327.3887779848,251557.69886574458,1404994.830459207,1019901.7373905671
2025-03-26T09:00:00.000+0000,1220626.098730416,607598.9978425918,999999.9999999999,842140.0121897848,251557.69886574458,1408322.226890823,1019901.7373905671
2025-03-26T09:10:00.000+0000,1221019.42518732,607598.9978425918,999999.9999999999,840952.6356015847,251557.69886574458,1409670.384900903,1019901.7373905671
2025-03-26T09:20:00.000+0000,1221459.729002248,607598.9978425918,999999.9999999999,839657.3156871847,251557.69886574458,1411005.367879447,1019901.7373905671
2025-03-26T09:30:00.000+0000,1220537.029153128,607598.9978425918,999999.9999999999,842895.6154731847,251557.69886574458,1407994.3878920071,1019901.7373905671
2025-03-26T09:40:00.000+0000,1218953.5455942159,607598.9978425918,999999.9999999999,843759.1620827847,251557.69886574458,1402950.687482887,1019901.7373905671
2025-03-26T09:50:00.000+0000,1219031.374011632,607598.9978425918,999999.9999999999,850235.7616547847,251557.69886574458,1403207.519712599,1019901.7373905671
2025-03-26T10:00:00.000+0000,1217677.643583056,607598.9978425918,999999.9999999999,852070.7982001848,251557.69886574458,1398751.087792535,1019901.7373905671
2025-03-26T10:10:00.000+0000,1213672.2058487758,607598.9978425918,999999.9999999999,865347.8273227847,251557.69886574458,1385856.057216423,1019901.7373905671
2025-03-26T10:20:00.000+0000,1212115.841227344,607598.9978425918,999999.9999999999,872903.8601567848,251557.69886574458,1380899.135868471,1019901.7373905671
2025-03-26T10:30:00.000+0000,1212687.103111936,607598.9978425918,999999.9999999999,874846.8400283848,251557.69886574458,1382723.248629895,1019901.7373905671
2025-03-26T10:40:00.000+0000,1212949.019251264,607598.9978425918,999999.9999999999,868046.4104777847,251557.69886574458,1383701.5081956552,1019901.7373905671
2025-03-26T10:50:00.000+0000,1215759.2558120238,607598.9978425918,999999.9999999999,859950.6610127848,251557.69886574458,1392596.784357191,1019901.7373905671
2025-03-26T11:00:00.000+0000,1214880.208652792,607598.9978425918,999999.9999999999,861461.8675795847,251557.69886574458,1389748.847630711,1019901.7373905671
2025-03-26T11:10:00.000+0000,1213721.1511312,607598.9978425918,999999.9999999999,867182.8638681846,251557.69886574458,1386024.357908071,1019901.7373905671
2025-03-26T11:20:00.000+0000,1210592.99635864,607598.9978425918,999999.9999999999,872580.0301781847,251557.69886574458,1375975.5115815431,1019901.7373905671
2025-03-26T11:30:00.000+0000,1208745.380214976,607598.9978425918,999999.9999999999,887692.0958461846,251557.69886574458,1370071.0304683272,1019901.7373905671
2025-03-26T11:40:00.000+0000,1207905.349127896,607598.9978425918,999999.9999999999,894168.6954181849,251557.69886574458,1367441.371479847,1019901.7373905671
2025-03-26T11:50:00.000+0000,1207807.458563048,607598.9978425918,999999.9999999999,892333.6588727848,251557.69886574458,1367104.7700965512,1019901.7373905671
2025-03-26T12:00:00.000+0000,1209241.8898292638,607598.9978425918,999999.9999999999,885857.0593007847,251557.69886574458,1371761.047292391,1019901.7373905671
2025-03-26T12:10:00.000+0000,1208993.8387490078,607598.9978425918,999999.9999999999,888555.6424557847,251557.69886574458,1371095.7621266472,1019901.7373905671
2025-03-26T12:20:00.000+0000,1208357.7538043838,607598.9978425918,999999.9999999999,891362.1689369846,251557.69886574458,1369087.576381511,1019901.7373905671
2025-03-26T12:30:00.000+0000,1208878.9621838399,607598.9978425918,999999.9999999999,890714.5089797848,251557.69886574458,1370802.127882119,1019901.7373905671
2025-03-26T12:40:00.000+0000,1209075.1955614479,607598.9978425918,999999.9999999999,889419.1890653847,251557.69886574458,1371356.0993101513,1019901.7373905671
2025-03-26T12:50:00.000+0000,1209342.8565412238,607598.9978425918,999999.9999999999,887692.0958461846,251557.69886574458,1372220.384968039,1019901.7373905671
2025-03-26T13:00:00.000+0000,1208379.5801493279,607598.9978425918,999999.9999999999,885425.2859959847,251557.69886574458,1369169.098011991,1019901.7373905671
2025-03-26T13:10:00.000+0000,1212336.0726011838,607598.9978425918,999999.9999999999,871824.4268947847,251557.69886574458,1381895.827896455,1019901.7373905671
2025-03-26T13:20:00.000+0000,1213448.6050126639,607598.9978425918,999999.9999999999,872795.9168305846,251557.69886574458,1385514.2613120712,1019901.7373905671
2025-03-26T13:30:00.000+0000,1210460.885272128,607598.9978425918,999999.9999999999,876250.1032689847,251557.69886574458,1376023.799060631,1019901.7373905671
2025-03-26T13:40:00.000+0000,1209653.717962976,607598.9978425918,999999.9999999999,886828.5492365847,251557.69886574458,1373366.9452254472,1019901.7373905671
2025-03-26T13:50:00.000+0000,1209224.859034808,607598.9978425918,999999.9999999999,888447.6991295847,251557.69886574458,1372282.6922622952,1019901.7373905671
2025-03-26T14:00:00.000+0000,1208889.298847888,607598.9978425918,999999.9999999999,889095.3590867848,251557.69886574458,1371111.597328343,1019901.7373905671
2025-03-26T14:10:00.000+0000,1208027.441415864,607598.9978425918,999999.9999999999,892873.3755037847,251557.69886574458,1368400.4167093833,1019901.7373905671
2025-03-26T14:20:00.000+0000,1207893.158678064,607598.9978425918,999999.9999999999,893952.8087657848,251557.69886574458,1368087.505218999,1019901.7373905671
2025-03-26T14:30:00.000+0000,1208140.305262496,607598.9978425918,999999.9999999999,892549.5455251848,251557.69886574458,1368991.2530618631,1019901.7373905671
2025-03-26T14:40:00.000+0000,1208258.710222688,607598.9978425918,999999.9999999999,888015.9258247848,251557.69886574458,1369288.392260183,1019901.7373905671
2025-03-26T14:50:00.000+0000,1207139.573269072,607598.9978425918,999999.9999999999,888123.8691509848,251557.69886574458,1365543.717598423,1019901.7373905671
2025-03-26T15:00:00.000+0000,1204941.17513568,607598.9978425918,999999.9999999999,899997.6350329847,251557.69886574458,1358512.861166919,1019901.7373905671
2025-03-26T15:10:00.000+0000,1204791.466868184,607598.9978425918,999999.9999999999,885749.1159745848,251557.69886574458,1358064.946045911,1019901.7373905671
2025-03-26T15:20:00.000+0000,1207256.566929208,680663.204678592,999999.9999999999,887044.4358889845,521200.1277133443,1371354.4097428871,1019901.7373905671
2025-03-26T15:30:00.000+0000,1214138.757898304,680663.204678592,999999.9999999999,887044.4358889845,521200.1277133443,1381946.712636071,1019901.7373905671
2025-03-26T15:40:00.000+0000,1217443.386978384,680663.204678592,999999.9999999999,887044.4358889845,521200.1277133443,1387014.947721735,1019901.7373905671
2025-03-26T15:50:00.000+0000,1220665.185076304,680663.204678592,999999.9999999999,887044.4358889845,521200.1277133443,1391970.1165927912,1019901.7373905671
2025-03-26T16:00:00.000+0000,1212571.038537936,680663.204678592,999999.9999999999,887044.4358889845,521200.1277133443,1379527.413784743,1019901.7373905671
2025-03-26T16:10:00.000+0000,1214506.957372888,680663.204678592,999999.9999999999,887044.4358889845,521200.1277133443,1382497.179110311,1019901.7373905671
2025-03-26T16:20:00.000+0000,1211480.8125969921,680663.204678592,999999.9999999999,887044.4358889845,521200.1277133443,1377797.9347757031,1019901.7373905671
2025-03-26T16:30:00.000+0000,1211010.4622685201,680663.204678592,999999.9999999999,887044.4358889845,521200.1277133443,1377084.425040503,1019901.7373905671
2025-03-26T16:40:00.000+0000,1213266.860944328,680663.204678592,999999.9999999999,887044.4358889845,521200.1277133443,1380588.0397646152,1019901.7373905671
2025-03-26T16:50:00.000+0000,1217605.434246776,680663.204678592,999999.9999999999,887044.4358889845,521200.1277133443,1387268.274997655,1019901.7373905671
2025-03-26T17:00:00.000+0000,1224864.559377112,680663.204678592,999999.9999999999,887044.4358889845,521200.1277133443,1398450.506550055,1019901.7373905671
2025-03-26T17:10:00.000+0000,1227688.166642744,680663.204678592,999999.9999999999,887044.4358889845,521200.1277133443,1402825.4168396392,1019901.7373905671
2025-03-26T17:20:00.000+0000,1227401.033952808,680663.204678592,999999.9999999999,887044.4358889845,521200.1277133443,1402386.264103111,1019901.7373905671
2025-03-26T17:30:00.000+0000,1232940.891338552,680663.204678592,999999.9999999999,887044.4358889845,521200.1277133443,1410937.0841901351,1019901.7373905671
2025-03-26T17:40:00.000+0000,1234927.8856004481,680663.204678592,999999.9999999999,887044.4358889845,521200.1277133443,1413988.371146183,1019901.7373905671
2025-03-26T17:50:00.000+0000,1230335.6130598881,680663.204678592,999999.9999999999,887044.4358889845,521200.1277133443,1406932.980038135,1019901.7373905671
2025-03-26T18:00:00.000+0000,1233879.74149708,680663.204678592,999999.9999999999,887044.4358889845,521200.1277133443,1412393.0509841351,1019901.7373905671
2025-03-26T18:10:00.000+0000,1247055.830776208,680663.204678592,999999.9999999999,887044.4358889845,521200.1277133443,1432654.6316817831,1019901.7373905671
2025-03-26T18:20:00.000+0000,1256212.062396232,680663.204678592,999999.9999999999,887044.4358889845,521200.1277133443,1446768.0740680392,1019901.7373905671
2025-03-26T18:30:00.000+0000,1264975.568378312,680663.204678592,999999.9999999999,887044.4358889845,521200.1277133443,1460245.1157025192,1019901.7373905671
2025-03-26T18:40:00.000+0000,1257224.92254936,680663.204678592,999999.9999999999,887044.4358889845,521200.1277133443,1448328.3446921671,1019901.7373905671
2025-03-26T18:50:00.000+0000,1255192.145453056,680663.204678592,999999.9999999999,887044.4358889845,521200.1277133443,1445200.7935363273,1019901.7373905671
2025-03-26T19:00:00.000+0000,1257409.818084504,680663.204678592,999999.9999999999,887044.4358889845,521200.1277133443,1448635.1539682313,1019901.7373905671
2025-03-26T19:10:00.000+0000,1262931.947194224,680663.204678592,999999.9999999999,887044.4358889845,521200.1277133443,1457199.149086791,1019901.7373905671
2025-03-26T19:20:00.000+0000,1258477.195758696,680663.204678592,999999.9999999999,887044.4358889845,521200.1277133443,1450311.1509771273,1019901.7373905671
2025-03-26T19:30:00.000+0000,1252673.053949768,680663.204678592,999999.9999999999,887044.4358889845,521200.1277133443,1441374.6601537191,1019901.7373905671
2025-03-26T19:40:00.000+0000,1259386.227161328,680663.204678592,999999.9999999999,887044.4358889845,521200.1277133443,1451675.9260629031,1019901.7373905671
2025-03-26T19:50:00.000+0000,1260739.059628848,680663.204678592,999999.9999999999,887044.4358889845,521200.1277133443,1453758.623530935,1019901.7373905671
2025-03-26T20:00:00.000+0000,1261552.910666736,680663.204678592,999999.9999999999,887044.4358889845,521200.1277133443,1454998.0650638312,1019901.7373905671
2025-03-26T20:10:00.000+0000,1259146.727804216,680663.204678592,999999.9999999999,887044.4358889845,521200.1277133443,1451284.0902025672,1019901.7373905671
2025-03-26T20:20:00.000+0000,1254584.44662136,680663.204678592,999999.9999999999,887044.4358889845,521200.1277133443,1444258.4912017512,1019901.7373905671
2025-03-26T20:30:00.000+0000,1246587.244645248,680663.204678592,999999.9999999999,887044.4358889845,521200.1277133443,1431942.874423479,1019901.7373905671
2025-03-26T20:40:00.000+0000,1248988.1349152322,680663.204678592,999999.9999999999,887044.4358889845,521200.1277133443,1435651.5918540552,1019901.7373905671
2025-03-26T20:50:00.000+0000,1248144.2925196402,680663.204678592,999999.9999999999,887044.4358889845,521200.1277133443,1434382.3582139271,1019901.7373905671
2025-03-26T21:00:00.000+0000,1249407.323515856,680663.204678592,999999.9999999999,887044.4358889845,521200.1277133443,1436314.279759271,1019901.7373905671
2025-03-26T21:10:00.000+0000,1249793.078664656,680663.204678592,999999.9999999999,887044.4358889845,521200.1277133443,1436912.9708029672,1019901.7373905671
2025-03-26T21:20:00.000+0000,1245660.571267496,680663.204678592,999999.9999999999,887044.4358889845,521200.1277133443,1430560.574568743,1019901.7373905671
2025-03-26T21:30:00.000+0000,1244549.0023546,680663.204678592,999999.9999999999,887044.4358889845,521200.1277133443,1428871.465437943,1019901.7373905671
2025-03-26T21:40:00.000+0000,1242452.800448768,680663.204678592,999999.9999999999,887044.4358889845,521200.1277133443,1425650.125313351,1019901.7373905671
2025-03-26T21:50:00.000+0000,1238290.474295712,680663.204678592,999999.9999999999,887044.4358889845,521200.1277133443,1419206.537370903,1019901.7373905671
2025-03-26T22:00:00.000+0000,1241838.131127928,680663.204678592,999999.9999999999,887044.4358889845,521200.1277133443,1424670.113270695,1019901.7373905671
2025-03-26T22:10:00.000+0000,1242607.790927112,680663.204678592,999999.9999999999,887044.4358889845,521200.1277133443,1425896.442681687,1019901.7373905671
2025-03-26T22:20:00.000+0000,1242635.9317864,680663.204678592,999999.9999999999,887044.4358889845,521200.1277133443,1425955.1821125192,1019901.7373905671
2025-03-26T22:30:00.000+0000,1242968.9336116482,680663.204678592,999999.9999999999,887044.4358889845,521200.1277133443,1426439.8992483432,1019901.7373905671
2025-03-26T22:40:00.000+0000,1239493.52257652,680663.204678592,999999.9999999999,887044.4358889845,521200.1277133443,1421078.874701783,1019901.7373905671
2025-03-26T22:50:00.000+0000,1239264.522103576,680663.204678592,999999.9999999999,887044.4358889845,521200.1277133443,1420728.253503319,1019901.7373905671
2025-03-26T23:00:00.000+0000,1238924.46348828,680663.204678592,999999.9999999999,887044.4358889845,521200.1277133443,1420236.5264599111,1019901.7373905671
2025-03-26T23:10:00.000+0000,1238809.963251808,680663.204678592,999999.9999999999,887044.4358889845,521200.1277133443,1420061.215860679,1019901.7373905671
2025-03-26T23:20:00.000+0000,1238505.188586752,680663.204678592,999999.9999999999,887044.4358889845,521200.1277133443,1419604.5383551912,1019901.7373905671
2025-03-26T23:30:00.000+0000,1239088.274954184,680663.204678592,999999.9999999999,887044.4358889845,521200.1277133443,1420491.6062127273,1019901.7373905671
2025-03-26T23:40:00.000+0000,1242829.734610008,680663.204678592,999999.9999999999,887044.4358889845,521200.1277133443,1426240.0539725672,1019901.7373905671
2025-03-26T23:50:00.000+0000,1243911.3121652,680663.204678592,999999.9999999999,887044.4358889845,521200.1277133443,1427899.370996135,1019901.7373905671
2025-03-27T00:00:00.000+0000,1247489.0466560242,680663.204678592,999999.9999999999,887044.4358889845,521200.1277133443,1433362.039202663,1019901.7373905671
2025-03-27T00:10:00.000+0000,1255752.210951928,680663.204678592,999999.9999999999,887044.4358889845,521200.1277133443,1446095.778994711,1019901.7373905671
2025-03-27T00:20:00.000+0000,1260432.52076628,680663.204678592,999999.9999999999,887044.4358889845,521200.1277133443,1453300.193548551,1019901.7373905671
2025-03-27T00:30:00.000+0000,1252625.5932187522,680663.204678592,999999.9999999999,887044.4358889845,521200.1277133443,1441265.943676535,1019901.7373905671
2025-03-27T00:40:00.000+0000,1257041.704910824,680663.204678592,999999.9999999999,887044.4358889845,521200.1277133443,1448053.9876934951,1019901.7373905671
2025-03-27T00:50:00.000+0000,1255382.333580736,680663.204678592,999999.9999999999,887044.4358889845,521200.1277133443,1445512.860243079,1019901.7373905671
2025-03-27T01:00:00.000+0000,1254637.2862458162,680663.204678592,999999.9999999999,887044.4358889845,521200.1277133443,1444341.765309127,1019901.7373905671
2025-03-27T01:10:00.000+0000,1254540.34168356,680663.204678592,999999.9999999999,887044.4358889845,521200.1277133443,1444214.6792793511,1019901.7373905671
2025-03-27T01:20:00.000+0000,1251087.778915184,680663.204678592,999999.9999999999,887044.4358889845,521200.1277133443,1438907.1367329352,1019901.7373905671
2025-03-27T01:30:00.000+0000,1249148.331685208,680663.204678592,999999.9999999999,887044.4358889845,521200.1277133443,1435933.8664535752,1019901.7373905671
2025-03-27T01:40:00.000+0000,1247857.159829704,680663.204678592,999999.9999999999,887044.4358889845,521200.1277133443,1433943.2054773993,1019901.7373905671
2025-03-27T01:50:00.000+0000,1248759.048141384,680663.204678592,999999.9999999999,887044.4358889845,521200.1277133443,1435331.6704560872,1019901.7373905671
2025-03-27T02:00:00.000+0000,1249201.1713096641,680663.204678592,999999.9999999999,887044.4358889845,521200.1277133443,1436017.140560951,1019901.7373905671
2025-03-27T02:10:00.000+0000,1245394.608947704,680663.204678592,999999.9999999999,887044.4358889845,521200.1277133443,1430142.451554967,1019901.7373905671
2025-03-27T02:20:00.000+0000,1245699.38361276,680663.204678592,999999.9999999999,887044.4358889845,521200.1277133443,1430599.1290604551,1019901.7373905671
2025-03-27T02:30:00.000+0000,1244216.17313116,680663.204678592,999999.9999999999,887044.4358889845,521200.1277133443,1428325.348701127,1019901.7373905671
2025-03-27T02:40:00.000+0000,1242812.265236696,680663.204678592,999999.9999999999,887044.4358889845,521200.1277133443,1426161.1296026153,1019901.7373905671
2025-03-27T02:50:00.000+0000,1242185.160232368,680663.204678592,999999.9999999999,887044.4358889845,521200.1277133443,1425199.550022183,1019901.7373905671
2025-03-27T03:00:00.000+0000,1241640.8862102,680663.204678592,999999.9999999999,887044.4358889845,521200.1277133443,1424351.0366563592,1019901.7373905671
2025-03-27T03:10:00.000+0000,1242023.0266630722,680663.204678592,999999.9999999999,887044.4358889845,521200.1277133443,1424976.9225467592,1019901.7373905671
2025-03-27T03:20:00.000+0000,1241247.987970448,680663.204678592,999999.9999999999,887044.4358889845,521200.1277133443,1423776.0355055751,1019901.7373905671
2025-03-27T03:30:00.000+0000,1244379.984597064,680663.204678592,999999.9999999999,887044.4358889845,521200.1277133443,1428580.4284539432,1019901.7373905671
2025-03-27T03:40:00.000+0000,1244348.315342752,680663.204678592,999999.9999999999,887044.4358889845,521200.1277133443,1428518.1840693192,1019901.7373905671
2025-03-27T03:50:00.000+0000,1243608.474299464,680663.204678592,999999.9999999999,887044.4358889845,521200.1277133443,1427383.0463665512,1019901.7373905671
2025-03-27T04:00:00.000+0000,1242803.444249136,680663.204678592,999999.9999999999,887044.4358889845,521200.1277133443,1426152.3672181352,1019901.7373905671
2025-03-27T04:10:00.000+0000,1251635.581332376,680663.204678592,999999.9999999999,887044.4358889845,521200.1277133443,1439759.155052551,1019901.7373905671
2025-03-27T04:20:00.000+0000,1249060.2944114162,680663.204678592,999999.9999999999,887044.4358889845,521200.1277133443,1435784.843007783,1019901.7373905671
2025-03-27T04:30:00.000+0000,1245049.3440407761,680663.204678592,999999.9999999999,887044.4358889845,521200.1277133443,1429614.7672803751,1019901.7373905671
2025-03-27T04:40:00.000+0000,1244489.192241,680663.204678592,999999.9999999999,887044.4358889845,521200.1277133443,1428750.481622487,1019901.7373905671
2025-03-27T04:50:00.000+0000,1245514.401776712,680663.204678592,999999.9999999999,887044.4358889845,521200.1277133443,1430323.0195848872,1019901.7373905671
2025-03-27T05:00:00.000+0000,1250208.82517116,680663.204678592,999999.9999999999,887044.4358889845,521200.1277133443,1437541.4539538953,1019901.7373905671
2025-03-27T05:10:00.000+0000,1248065.1625343119,680663.204678592,999999.9999999999,887044.4358889845,521200.1277133443,1434211.397352119,1019901.7373905671
2025-03-27T05:20:00.000+0000,1245919.6493990482,680663.204678592,999999.9999999999,887044.4358889845,521200.1277133443,1430910.288073943,1019901.7373905671
2025-03-27T05:30:00.000+0000,1246612.02971132,680663.204678592,999999.9999999999,887044.4358889845,521200.1277133443,1431936.709299527,1019901.7373905671
2025-03-27T05:40:00.000+0000,1248827.9381452561,680663.204678592,999999.9999999999,887044.4358889845,521200.1277133443,1435369.317254535,1019901.7373905671
2025-03-27T05:50:00.000+0000,1246900.840297864,680663.204678592,999999.9999999999,887044.4358889845,521200.1277133443,1432408.314313447,1019901.7373905671
2025-03-27T06:00:00.000+0000,1247401.095683136,680663.204678592,999999.9999999999,887044.4358889845,521200.1277133443,1433182.315956375,1019901.7373905671
2025-03-27T06:10:00.000+0000,1248593.645079776,680663.204678592,999999.9999999999,887044.4358889845,521200.1277133443,1435013.4386253832,1019901.7373905671
2025-03-27T06:20:00.000+0000,1245354.29130764,680663.204678592,999999.9999999999,887044.4358889845,521200.1277133443,1430010.0451848712,1019901.7373905671
2025-03-27T06:30:00.000+0000,1244006.751432656,680663.204678592,999999.9999999999,887044.4358889845,521200.1277133443,1427932.605147527,1019901.7373905671
2025-03-27T06:40:00.000+0000,1243566.306160984,680663.204678592,999999.9999999999,887044.4358889845,521200.1277133443,1427279.587320055,1019901.7373905671
2025-03-27T06:50:00.000+0000,1242437.181573872,680663.204678592,999999.9999999999,887044.4358889845,521200.1277133443,1425542.2536197992,1019901.7373905671
2025-03-27T07:00:00.000+0000,1239391.54432444,680663.204678592,999999.9999999999,887044.4358889845,521200.1277133443,1420854.4318398312,1019901.7373905671
2025-03-27T07:10:00.000+0000,1238554.8450198001,680663.204678592,999999.9999999999,887044.4358889845,521200.1277133443,1419561.508306791,1019901.7373905671
2025-03-27T07:20:00.000+0000,1238711.599695656,680663.204678592,999999.9999999999,887044.4358889845,521200.1277133443,1419809.578152023,1019901.7373905671
2025-03-27T07:30:00.000+0000,1232378.975341264,680663.204678592,999999.9999999999,887044.4358889845,521200.1277133443,1410071.0460553512,1019901.7373905671
2025-03-27T07:40:00.000+0000,1230157.774314792,680663.204678592,999999.9999999999,887044.4358889845,521200.1277133443,1406633.180669655,1019901.7373905671
2025-03-27T07:50:00.000+0000,1225482.757092976,680663.204678592,999999.9999999999,887044.4358889845,521200.1277133443,1399434.0235465032,1019901.7373905671
2025-03-27T08:00:00.000+0000,1221591.599551344,680663.204678592,999999.9999999999,887044.4358889845,521200.1277133443,1393444.5158490152,1019901.7373905671
2025-03-27T08:10:00.000+0000,1221799.429654144,680663.204678592,999999.9999999999,887044.4358889845,521200.1277133443,1393774.107324727,1019901.7373905671
2025-03-27T08:20:00.000+0000,1222699.640069216,680663.204678592,999999.9999999999,887044.4358889845,521200.1277133443,1395130.1200260231,1019901.7373905671
2025-03-27T08:30:00.000+0000,1229946.415816968,680663.204678592,999999.9999999999,887044.4358889845,521200.1277133443,1406300.084240151,1019901.7373905671
2025-03-27T08:40:00.000+0000,1228153.138077776,680663.204678592,999999.9999999999,887044.4358889845,521200.1277133443,1403564.3689446473,1019901.7373905671
2025-03-27T08:50:00.000+0000,1226782.663635136,680663.204678592,999999.9999999999,887044.4358889845,521200.1277133443,1401464.1467076552,1019901.7373905671
2025-03-27T09:00:00.000+0000,1223974.8478462081,680663.204678592,999999.9999999999,887044.4358889845,521200.1277133443,1397135.708510631,1019901.7373905671
2025-03-27T09:10:00.000+0000,1223992.403520424,680663.204678592,999999.9999999999,887044.4358889845,521200.1277133443,1397183.933080087,1019901.7373905671
2025-03-27T09:20:00.000+0000,1225066.924285568,680663.204678592,999999.9999999999,887044.4358889845,521200.1277133443,1398836.240196071,1019901.7373905671
2025-03-27T09:30:00.000+0000,1225061.631693032,680663.204678592,999999.9999999999,887044.4358889845,521200.1277133443,1398830.982765383,1019901.7373905671
2025-03-27T09:40:00.000+0000,1225239.556739032,680663.204678592,999999.9999999999,887044.4358889845,521200.1277133443,1399100.082333367,1019901.7373905671
2025-03-27T09:50:00.000+0000,1226211.926650288,680663.204678592,999999.9999999999,887044.4358889845,521200.1277133443,1400589.346188391,1019901.7373905671
2025-03-27T10:00:00.000+0000,1228632.223092904,680663.204678592,999999.9999999999,887044.4358889845,521200.1277133443,1404317.340864823,1019901.7373905671
2025-03-27T10:10:00.000+0000,1231642.576392096,680663.204678592,999999.9999999999,887044.4358889845,521200.1277133443,1408970.113106871,1019901.7373905671
2025-03-27T10:20:00.000+0000,1230680.791665912,680663.204678592,999999.9999999999,887044.4358889845,521200.1277133443,1407491.364113223,1019901.7373905671
2025-03-27T10:30:00.000+0000,1232808.6628260561,680663.204678592,999999.9999999999,887044.4358889845,521200.1277133443,1410774.948622439,1019901.7373905671
2025-03-27T10:40:00.000+0000,1229824.5998877361,680663.204678592,999999.9999999999,887044.4358889845,521200.1277133443,1406209.863134823,1019901.7373905671
2025-03-27T10:50:00.000+0000,1228137.08769836,680663.204678592,999999.9999999999,887044.4358889845,521200.1277133443,1403609.9962535752,1019901.7373905671
2025-03-27T11:00:00.000+0000,1227515.361587472,680663.204678592,999999.9999999999,887044.4358889845,521200.1277133443,1402622.974303335,1019901.7373905671
2025-03-27T11:10:00.000+0000,1227319.794566352,680663.204678592,999999.9999999999,887044.4358889845,521200.1277133443,1402336.349966391,1019901.7373905671
2025-03-27T11:20:00.000+0000,1228924.475773568,680663.204678592,999999.9999999999,887044.4358889845,521200.1277133443,1404823.150633031,1019901.7373905671
2025-03-27T11:30:00.000+0000,1227777.709211336,680663.204678592,999999.9999999999,887044.4358889845,521200.1277133443,1403068.2921638151,1019901.7373905671
2025-03-27T11:40:00.000+0000,1228448.83285256,680663.204678592,999999.9999999999,887044.4358889845,521200.1277133443,1404104.3834671432,1019901.7373905671
2025-03-27T11:50:00.000+0000,1232834.953186928,680663.204678592,999999.9999999999,887044.4358889845,521200.1277133443,1410862.635376871,1019901.7373905671
2025-03-27T12:00:00.000+0000,1231253.120246464,680663.204678592,999999.9999999999,887044.4358889845,521200.1277133443,1408429.3167103752,1019901.7373905671
2025-03-27T12:10:00.000+0000,1231564.951701568,680663.204678592,999999.9999999999,887044.4358889845,521200.1277133443,1408893.004123447,1019901.7373905671
2025-03-27T12:20:00.000+0000,1231954.235245392,680663.204678592,999999.9999999999,887044.4358889845,521200.1277133443,1409495.200120935,1019901.7373905671
2025-03-27T12:30:00.000+0000,1235350.429994288,680663.204678592,999999.9999999999,887044.4358889845,521200.1277133443,1414715.963606183,1019901.7373905671
2025-03-27T12:40:00.000+0000,1235912.345991576,680663.204678592,999999.9999999999,887044.4358889845,521200.1277133443,1415582.001740967,1019901.7373905671
2025-03-27T12:50:00.000+0000,1238024.339374112,680663.204678592,999999.9999999999,887044.4358889845,521200.1277133443,1418849.8139581191,1019901.7373905671
2025-03-27T13:00:00.000+0000,1239762.926990432,680663.204678592,999999.9999999999,887044.4358889845,521200.1277133443,1421531.2024698472,1019901.7373905671
2025-03-27T13:10:00.000+0000,1240201.521763688,680663.204678592,999999.9999999999,887044.4358889845,521200.1277133443,1422213.1676209192,1019901.7373905671
2025-03-27T13:20:00.000+0000,1240787.963924336,680663.204678592,999999.9999999999,887044.4358889845,521200.1277133443,1423165.140033239,1019901.7373905671
2025-03-27T13:30:00.000+0000,1241189.596850744,680663.204678592,999999.9999999999,887044.4358889845,521200.1277133443,1423779.603368999,1019901.7373905671
2025-03-27T13:40:00.000+0000,1243627.362666672,680663.204678592,999999.9999999999,887044.4358889845,521200.1277133443,1427586.522415383,1019901.7373905671
2025-03-27T13:50:00.000+0000,1247689.388464256,680663.204678592,999999.9999999999,887044.4358889845,521200.1277133443,1433838.119773271,1019901.7373905671
2025-03-27T14:00:00.000+0000,1253692.711990232,680663.204678592,999999.9999999999,887044.4358889845,521200.1277133443,1443034.040086919,1019901.7373905671
2025-03-27T14:10:00.000+0000,1249313.562145008,680663.204678592,999999.9999999999,887044.4358889845,521200.1277133443,1436313.497885271,1019901.7373905671
2025-03-27T14:20:00.000+0000,1249079.269079528,680663.204678592,999999.9999999999,887044.4358889845,521200.1277133443,1435957.6192561192,1019901.7373905671
2025-03-27T14:30:00.000+0000,1252417.3316114321,680663.204678592,999999.9999999999,887044.4358889845,521200.1277133443,1441089.851203303,1019901.7373905671
2025-03-27T14:40:00.000+0000,1245151.235991952,680663.204678592,999999.9999999999,887044.4358889845,521200.1277133443,1429869.909942823,1019901.7373905671
2025-03-27T14:50:00.000+0000,1246095.378743016,680663.204678592,999999.9999999999,887044.4358889845,521200.1277133443,1431331.134167511,1019901.7373905671
2025-03-27T15:00:00.000+0000,1242933.4770596,680663.204678592,999999.9999999999,887044.4358889845,521200.1277133443,1426466.249311415,1019901.7373905671
2025-03-27T15:10:00.000+0000,1245078.90389396,680663.204678592,999999.9999999999,887044.4358889845,521200.1277133443,1429798.0583900872,1019901.7373905671
2025-03-27T15:20:00.000+0000,1243319.145907496,680663.204678592,999999.9999999999,887044.4358889845,521200.1277133443,1427095.6401556071,1019901.7373905671
2025-03-27T15:30:00.000+0000,1240808.961692672,680663.204678592,999999.9999999999,887044.4358889845,521200.1277133443,1423247.569356983,1019901.7373905671
2025-03-27T15:40:00.000+0000,1243518.068721832,680663.204678592,999999.9999999999,887044.4358889845,521200.1277133443,1427447.1690473352,1019901.7373905671
2025-03-27T15:50:00.000+0000,1244724.731698568,680663.204678592,999999.9999999999,887044.4358889845,521200.1277133443,1429292.3115315111,1019901.7373905671
2025-03-27T16:00:00.000+0000,1242389.030435624,680663.204678592,999999.9999999999,887044.4358889845,521200.1277133443,1425679.135546583,1019901.7373905671
2025-03-27T16:10:00.000+0000,1242017.38886692,680663.204678592,999999.9999999999,887044.4358889845,521200.1277133443,1425094.4643180552,1019901.7373905671
2025-03-27T16:20:00.000+0000,1245924.42418616,680663.204678592,999999.9999999999,887044.4358889845,521200.1277133443,1431099.7443076072,1019901.7373905671
2025-03-27T16:30:00.000+0000,1249831.373204496,680663.204678592,999999.9999999999,887044.4358889845,521200.1277133443,1437135.7240976552,1019901.7373905671
2025-03-27T16:40:00.000+0000,1249331.117819224,680663.204678592,999999.9999999999,887044.4358889845,521200.1277133443,1436361.7224547272,1019901.7373905671
2025-03-27T16:50:00.000+0000,1247879.576591936,680663.204678592,999999.9999999999,887044.4358889845,521200.1277133443,1434150.186480023,1019901.7373905671
2025-03-27T17:00:00.000+0000,1249473.8452158882,680663.204678592,999999.9999999999,887044.4358889845,521200.1277133443,1436565.072684295,1019901.7373905671
2025-03-27T17:10:00.000+0000,1249015.84427,680663.204678592,999999.9999999999,887044.4358889845,521200.1277133443,1435863.830287367,1019901.7373905671
2025-03-27T17:20:00.000+0000,1245785.3114854242,680663.204678592,999999.9999999999,887044.4358889845,521200.1277133443,1430869.1992313352,1019901.7373905671
2025-03-27T17:30:00.000+0000,1243745.477599072,680663.204678592,999999.9999999999,887044.4358889845,521200.1277133443,1427734.6381679112,1019901.7373905671
2025-03-27T17:40:00.000+0000,1242309.900450296,680663.204678592,999999.9999999999,887044.4358889845,521200.1277133443,1425508.174684775,1019901.7373905671
2025-03-27T17:50:00.000+0000,1242366.268469776,680663.204678592,999999.9999999999,887044.4358889845,521200.1277133443,1425594.953745943,1019901.7373905671
2025-03-27T18:00:00.000+0000,1241247.729067736,680663.204678592,999999.9999999999,887044.4358889845,521200.1277133443,1423868.134907063,1019901.7373905671
2025-03-27T18:10:00.000+0000,1233678.536679808,680663.204678592,999999.9999999999,887044.4358889845,521200.1277133443,1412223.9684184869,1019901.7373905671
2025-03-27T18:20:00.000+0000,1234918.6331083681,680663.204678592,999999.9999999999,887044.4358889845,521200.1277133443,1414133.107764183,1019901.7373905671
2025-03-27T18:30:00.000+0000,1238820.375835072,680663.204678592,999999.9999999999,887044.4358889845,521200.1277133443,1420133.130323047,1019901.7373905671
2025-03-27T18:40:00.000+0000,1237710.743721496,680663.204678592,999999.9999999999,887044.4358889845,521200.1277133443,1418384.3740681512,1019901.7373905671
2025-03-27T18:50:00.000+0000,1234096.133684728,680663.204678592,999999.9999999999,887044.4358889845,521200.1277133443,1412823.504245815,1019901.7373905671
2025-03-27T19:00:00.000+0000,1232759.178994816,680663.204678592,999999.9999999999,887044.4358889845,521200.1277133443,1410756.5790698472,1019901.7373905671
2025-03-27T19:10:00.000+0000,1234693.333632256,680663.204678592,999999.9999999999,887044.4358889845,521200.1277133443,1413724.5919185192,1019901.7373905671
2025-03-27T19:20:00.000+0000,1236535.92260088,680663.204678592,999999.9999999999,887044.4358889845,521200.1277133443,1416540.076367607,1019901.7373905671
2025-03-27T19:30:00.000+0000,1236507.695440688,680663.204678592,999999.9999999999,887044.4358889845,521200.1277133443,1416512.0367372711,1019901.7373905671
2025-03-27T19:40:00.000+0000,1237876.405685816,680663.204678592,999999.9999999999,887044.4358889845,521200.1277133443,1418610.506497367,1019901.7373905671
2025-03-27T19:50:00.000+0000,1235549.439109528,680663.204678592,999999.9999999999,887044.4358889845,521200.1277133443,1415036.7926974152,1019901.7373905671
2025-03-27T20:00:00.000+0000,1232135.602385512,680663.204678592,999999.9999999999,887044.4358889845,521200.1277133443,1409798.5044432073,1019901.7373905671
2025-03-27T20:10:00.000+0000,1231684.658229672,680663.204678592,999999.9999999999,887044.4358889845,521200.1277133443,1409104.271953863,1019901.7373905671
2025-03-27T20:20:00.000+0000,1231408.110724808,680663.204678592,999999.9999999999,887044.4358889845,521200.1277133443,1408675.634078711,1019901.7373905671
2025-03-27T20:30:00.000+0000,1233349.322152296,680663.204678592,999999.9999999999,887044.4358889845,521200.1277133443,1411650.656834967,1019901.7373905671
2025-03-27T20:40:00.000+0000,1234989.287309752,680663.204678592,999999.9999999999,887044.4358889845,521200.1277133443,1414172.507039527,1019901.7373905671
2025-03-27T20:50:00.000+0000,1235200.6458075761,680663.204678592,999999.9999999999,887044.4358889845,521200.1277133443,1414505.6034690312,1019901.7373905671
2025-03-27T21:00:00.000+0000,1233215.415743192,680663.204678592,999999.9999999999,887044.4358889845,521200.1277133443,1411456.0689898792,1019901.7373905671
2025-03-27T21:10:00.000+0000,1233326.38758464,680663.204678592,999999.9999999999,887044.4358889845,521200.1277133443,1411627.8746353192,1019901.7373905671
2025-03-27T21:20:00.000+0000,1224520.71346408,680663.204678592,999999.9999999999,887044.4358889845,521200.1277133443,1398047.3739543431,1019901.7373905671
2025-03-27T21:30:00.000+0000,1227550.559236808,680663.204678592,999999.9999999999,887044.4358889845,521200.1277133443,1402688.723641751,1019901.7373905671
2025-03-27T21:40:00.000+0000,1228205.8914013281,680663.204678592,999999.9999999999,887044.4358889845,521200.1277133443,1403678.3428525191,1019901.7373905671
2025-03-27T21:50:00.000+0000,1231052.51953552,680663.204678592,999999.9999999999,887044.4358889845,521200.1277133443,1408045.335541255,1019901.7373905671
2025-03-27T22:00:00.000+0000,1233301.947722184,680663.204678592,999999.9999999999,887044.4358889845,521200.1277133443,1411511.2405572871,1019901.7373905671
2025-03-27T22:10:00.000+0000,1236578.349642072,680663.204678592,999999.9999999999,887044.4358889845,521200.1277133443,1416551.436012615,1019901.7373905671
2025-03-27T22:20:00.000+0000,1237913.540134472,680663.204678592,999999.9999999999,887044.4358889845,521200.1277133443,1418616.608711687,1019901.7373905671
2025-03-27T22:30:00.000+0000,1237446.718201024,680663.204678592,999999.9999999999,887044.4358889845,521200.1277133443,1417906.6039302791,1019901.7373905671
2025-03-27T22:40:00.000+0000,1237598.1802843441,680663.204678592,999999.9999999999,887044.4358889845,521200.1277133443,1418149.416344823,1019901.7373905671
2025-03-27T22:50:00.000+0000,1236400.338295168,680663.204678592,999999.9999999999,887044.4358889845,521200.1277133443,1416313.0362451272,1019901.7373905671
2025-03-27T23:00:00.000+0000,1232771.614678304,680663.204678592,999999.9999999999,887044.4358889845,521200.1277133443,1410738.146607623,1019901.7373905671
2025-03-27T23:10:00.000+0000,1231069.988908832,680663.204678592,999999.9999999999,887044.4358889845,521200.1277133443,1408124.259911207,1019901.7373905671
2025-03-27T23:20:00.000+0000,1229750.6761940399,680663.204678592,999999.9999999999,887044.4358889845,521200.1277133443,1406074.8595041991,1019901.7373905671
2025-03-27T23:30:00.000+0000,1226867.0862130001,680663.204678592,999999.9999999999,887044.4358889845,521200.1277133443,1401640.365000151,1019901.7373905671
2025-03-27T23:40:00.000+0000,1224978.7144099681,680663.204678592,999999.9999999999,887044.4358889845,521200.1277133443,1398748.616351271,1019901.7373905671
2025-03-27T23:50:00.000+0000,1227247.548769264,680663.204678592,999999.9999999999,887044.4358889845,521200.1277133443,1402233.798613159,1019901.7373905671
2025-03-28T00:00:00.000+0000,1224540.1196367121,680663.204678592,999999.9999999999,887044.4358889845,521200.1277133443,1398066.651200199,1019901.7373905671
2025-03-28T00:10:00.000+0000,1215790.727234728,680663.204678592,999999.9999999999,887044.4358889845,521200.1277133443,1384603.6293808871,1019901.7373905671
2025-03-28T00:20:00.000+0000,1216865.247999872,680663.204678592,999999.9999999999,887044.4358889845,521200.1277133443,1386255.936496871,1019901.7373905671
2025-03-28T00:30:00.000+0000,1217777.721496624,680663.204678592,999999.9999999999,887044.4358889845,521200.1277133443,1387654.916336935,1019901.7373905671
2025-03-28T00:40:00.000+0000,1220386.528170312,680663.204678592,999999.9999999999,887044.4358889845,521200.1277133443,1391662.525442727,1019901.7373905671
2025-03-28T00:50:00.000+0000,1219979.688952272,680663.204678592,999999.9999999999,887044.4358889845,521200.1277133443,1391012.104875783,1019901.7373905671
2025-03-28T01:00:00.000+0000,1219921.55673528,680663.204678592,999999.9999999999,887044.4358889845,521200.1277133443,1390923.573337719,1019901.7373905671
2025-03-28T01:10:00.000+0000,1223004.15583156,680663.204678592,999999.9999999999,887044.4358889845,521200.1277133443,1395678.8969329991,1019901.7373905671
2025-03-28T01:20:00.000+0000,1223624.20404584,680663.204678592,999999.9999999999,887044.4358889845,521200.1277133443,1396633.4666058472,1019901.7373905671
2025-03-28T01:30:00.000+0000,1224367.573484152,680663.204678592,999999.9999999999,887044.4358889845,521200.1277133443,1397772.109262407,1019901.7373905671
2025-03-28T01:40:00.000+0000,1224545.498530152,680663.204678592,999999.9999999999,887044.4358889845,521200.1277133443,1398041.208830391,1019901.7373905671
2025-03-28T01:50:00.000+0000,1222096.974927344,680663.204678592,999999.9999999999,887044.4358889845,521200.1277133443,1394285.1745236232,1019901.7373905671
2025-03-28T02:00:00.000+0000,1221799.257052336,680663.204678592,999999.9999999999,887044.4358889845,521200.1277133443,1393835.506925719,1019901.7373905671
2025-03-28T02:10:00.000+0000,1224922.432691392,680663.204678592,999999.9999999999,887044.4358889845,521200.1277133443,1398631.137489607,1019901.7373905671
2025-03-28T02:20:00.000+0000,1226178.40689756,680663.204678592,999999.9999999999,887044.4358889845,521200.1277133443,1400556.049127367,1019901.7373905671
2025-03-28T02:30:00.000+0000,1226458.482797448,680663.204678592,999999.9999999999,887044.4358889845,521200.1277133443,1400988.191956311,1019901.7373905671
2025-03-28T02:40:00.000+0000,1231824.02983312,680663.204678592,999999.9999999999,887044.4358889845,521200.1277133443,1409242.717628647,1019901.7373905671
2025-03-28T02:50:00.000+0000,1238345.07811768,680663.204678592,999999.9999999999,887044.4358889845,521200.1277133443,1419291.563955175,1019901.7373905671
2025-03-28T03:00:00.000+0000,1240099.457210704,680663.204678592,999999.9999999999,887044.4358889845,521200.1277133443,1422019.424559463,1019901.7373905671
2025-03-28T03:10:00.000+0000,1239718.908353536,680663.204678592,999999.9999999999,887044.4358889845,521200.1277133443,1421456.690746951,1019901.7373905671
2025-03-28T03:20:00.000+0000,1240670.1078946479,680663.204678592,999999.9999999999,887044.4358889845,521200.1277133443,1422924.924879223,1019901.7373905671
2025-03-28T03:30:00.000+0000,1238950.92645096,680663.204678592,999999.9999999999,887044.4358889845,521200.1277133443,1420262.813613351,1019901.7373905671
2025-03-28T03:40:00.000+0000,1237916.895927688,680663.204678592,999999.9999999999,887044.4358889845,521200.1277133443,1418681.5132664712,1019901.7373905671
2025-03-28T03:50:00.000+0000,1234702.2409207202,680663.204678592,999999.9999999999,887044.4358889845,521200.1277133443,1413702.654502503,1019901.7373905671
2025-03-28T04:00:00.000+0000,1234696.948328184,680663.204678592,999999.9999999999,887044.4358889845,521200.1277133443,1413697.397071815,1019901.7373905671
2025-03-28T04:10:00.000+0000,1238588.105869816,680663.204678592,999999.9999999999,887044.4358889845,521200.1277133443,1419686.904769303,1019901.7373905671
2025-03-28T04:20:00.000+0000,1236204.771274048,680663.204678592,999999.9999999999,887044.4358889845,521200.1277133443,1416026.411908183,1019901.7373905671
2025-03-28T04:30:00.000+0000,1235183.0901333601,680663.204678592,999999.9999999999,887044.4358889845,521200.1277133443,1414457.3788995752,1019901.7373905671
2025-03-28T04:40:00.000+0000,1234696.689425472,680663.204678592,999999.9999999999,887044.4358889845,521200.1277133443,1413789.496473303,1019901.7373905671
2025-03-28T04:50:00.000+0000,1238571.882888592,680663.204678592,999999.9999999999,887044.4358889845,521200.1277133443,1419793.9316792232,1019901.7373905671
2025-03-28T05:00:00.000+0000,1234791.697188408,680663.204678592,999999.9999999999,887044.4358889845,521200.1277133443,1413976.229627175,1019901.7373905671
2025-03-28T05:10:00.000+0000,1236202.575572016,680663.204678592,999999.9999999999,887044.4358889845,521200.1277133443,1416178.158433767,1019901.7373905671
2025-03-28T05:20:00.000+0000,1236401.67098816,680663.204678592,999999.9999999999,887044.4358889845,521200.1277133443,1416468.287724503,1019901.7373905671
2025-03-28T05:30:00.000+0000,1236547.840478944,680663.204678592,999999.9999999999,887044.4358889845,521200.1277133443,1416705.842708359,1019901.7373905671
2025-03-28T05:40:00.000+0000,1235392.252929152,680663.204678592,999999.9999999999,887044.4358889845,521200.1277133443,1414942.221854663,1019901.7373905671
2025-03-28T05:50:00.000+0000,1233047.730678648,680663.204678592,999999.9999999999,887044.4358889845,521200.1277133443,1411320.2834852552,1019901.7373905671
2025-03-28T06:00:00.000+0000,1233990.1092322,680663.204678592,999999.9999999999,887044.4358889845,521200.1277133443,1412779.755233047,1019901.7373905671
2025-03-28T06:10:00.000+0000,1236699.388863168,680663.204678592,999999.9999999999,887044.4358889845,521200.1277133443,1416917.9553224072,1019901.7373905671
2025-03-28T06:20:00.000+0000,1234435.847096408,680663.204678592,999999.9999999999,887044.4358889845,521200.1277133443,1413438.030491207,1019901.7373905671
2025-03-28T06:30:00.000+0000,1236715.266640776,680663.204678592,999999.9999999999,887044.4358889845,521200.1277133443,1416933.7276144712,1019901.7373905671
2025-03-28T06:40:00.000+0000,1235876.8031386242,680663.204678592,999999.9999999999,887044.4358889845,521200.1277133443,1415639.0516045352,1019901.7373905671
2025-03-28T06:50:00.000+0000,1237275.332139648,680663.204678592,999999.9999999999,887044.4358889845,521200.1277133443,1417828.713072855,1019901.7373905671
2025-03-28T07:00:00.000+0000,1233963.732570424,680663.204678592,999999.9999999999,887044.4358889845,521200.1277133443,1412722.768279111,1019901.7373905671
2025-03-28T07:10:00.000+0000,1232240.936430808,680663.204678592,999999.9999999999,887044.4358889845,521200.1277133443,1410087.851859943,1019901.7373905671
2025-03-28T07:20:00.000+0000,1228522.41134264,680663.204678592,999999.9999999999,887044.4358889845,521200.1277133443,1404362.186299751,1019901.7373905671
2025-03-28T07:30:00.000+0000,1229551.149273376,680663.204678592,999999.9999999999,887044.4358889845,521200.1277133443,1405938.229215943,1019901.7373905671
2025-03-28T07:40:00.000+0000,1230271.411542224,680663.204678592,999999.9999999999,887044.4358889845,521200.1277133443,1407115.489273847,1019901.7373905671
2025-03-28T07:50:00.000+0000,1231862.065470248,680663.204678592,999999.9999999999,887044.4358889845,521200.1277133443,1409557.5703248233,1019901.7373905671
2025-03-28T08:00:00.000+0000,1230891.459756504,680663.204678592,999999.9999999999,887044.4358889845,521200.1277133443,1408070.0589466952,1019901.7373905671
2025-03-28T08:10:00.000+0000,1234354.694010856,680663.204678592,999999.9999999999,887044.4358889845,521200.1277133443,1413357.4165539911,1019901.7373905671
2025-03-28T08:20:00.000+0000,1237414.444840384,680663.204678592,999999.9999999999,887044.4358889845,521200.1277133443,1418059.258149127,1019901.7373905671
2025-03-28T08:30:00.000+0000,1234317.6458631041,680663.204678592,999999.9999999999,887044.4358889845,521200.1277133443,1413320.614539175,1019901.7373905671
2025-03-28T08:40:00.000+0000,1234812.6086558402,680663.204678592,999999.9999999999,887044.4358889845,521200.1277133443,1414089.3587514153,1019901.7373905671
2025-03-28T08:50:00.000+0000,1235531.279328984,680663.204678592,999999.9999999999,887044.4358889845,521200.1277133443,1415203.466731431,1019901.7373905671
2025-03-28T09:00:00.000+0000,1235036.316536248,680663.204678592,999999.9999999999,887044.4358889845,521200.1277133443,1414434.722519191,1019901.7373905671
2025-03-28T09:10:00.000+0000,1236450.72331488,680663.204678592,999999.9999999999,887044.4358889845,521200.1277133443,1416640.156279575,1019901.7373905671
2025-03-28T09:20:00.000+0000,1247252.212684896,680663.204678592,999999.9999999999,887044.4358889845,521200.1277133443,1433280.7063010791,1019901.7373905671
2025-03-28T09:30:00.000+0000,1238929.151974488,680663.204678592,999999.9999999999,887044.4358889845,521200.1277133443,1420456.682494071,1019901.7373905671
2025-03-28T09:40:00.000+0000,1240748.720074552,680663.204678592,999999.9999999999,887044.4358889845,521200.1277133443,1423280.084544007,1019901.7373905671
2025-03-28T09:50:00.000+0000,1239959.567801832,680663.204678592,999999.9999999999,887044.4358889845,521200.1277133443,1422065.1776876552,1019901.7373905671
2025-03-28T10:00:00.000+0000,1238999.54727316,680663.204678592,999999.9999999999,887044.4358889845,521200.1277133443,1420588.1811709031,1019901.7373905671
2025-03-28T10:10:00.000+0000,1239707.719062136,680663.204678592,999999.9999999999,887044.4358889845,521200.1277133443,1421661.074489047,1019901.7373905671
2025-03-28T10:20:00.000+0000,1241791.571585384,680663.204678592,999999.9999999999,887044.4358889845,521200.1277133443,1424870.147275367,1019901.7373905671
2025-03-28T10:30:00.000+0000,1245677.43653448,680663.204678592,999999.9999999999,887044.4358889845,521200.1277133443,1430854.3975421672,1019901.7373905671
2025-03-28T10:40:00.000+0000,1248036.07236508,680663.204678592,999999.9999999999,887044.4358889845,521200.1277133443,1434490.3557267431,1019901.7373905671
2025-03-28T10:50:00.000+0000,1246723.730139432,680663.204678592,999999.9999999999,887044.4358889845,521200.1277133443,1432478.665027815,1019901.7373905671
2025-03-28T11:00:00.000+0000,1246364.265351504,680663.204678592,999999.9999999999,887044.4358889845,521200.1277133443,1431967.660738551,1019901.7373905671
2025-03-28T11:10:00.000+0000,1246186.340305504,680663.204678592,999999.9999999999,887044.4358889845,521200.1277133443,1431698.561170567,1019901.7373905671
2025-03-28T11:20:00.000+0000,1244266.385549064,680663.204678592,999999.9999999999,887044.4358889845,521200.1277133443,1428713.868336567,1019901.7373905671
2025-03-28T11:30:00.000+0000,1246602.173112912,680663.204678592,999999.9999999999,887044.4358889845,521200.1277133443,1432296.3445209991,1019901.7373905671
2025-03-28T11:40:00.000+0000,1245770.766400808,680663.204678592,999999.9999999999,887044.4358889845,521200.1277133443,1431008.678418647,1019901.7373905671
2025-03-28T11:50:00.000+0000,1246167.193035584,680663.204678592,999999.9999999999,887044.4358889845,521200.1277133443,1431587.184523223,1019901.7373905671
2025-03-28T12:00:00.000+0000,1245348.135706064,680663.204678592,999999.9999999999,887044.4358889845,521200.1277133443,1430311.785759143,1019901.7373905671
2025-03-28T12:10:00.000+0000,1244344.0965404962,680663.204678592,999999.9999999999,887044.4358889845,521200.1277133443,1428760.2775194952,1019901.7373905671
2025-03-28T12:20:00.000+0000,1244518.493191472,680663.204678592,999999.9999999999,887044.4358889845,521200.1277133443,1429025.8721336871,1019901.7373905671
2025-03-28T12:30:00.000+0000,1245978.6828045119,680663.204678592,999999.9999999999,887044.4358889845,521200.1277133443,1431307.5700938632,1019901.7373905671
2025-03-28T12:40:00.000+0000,1244964.0584538719,680663.204678592,999999.9999999999,887044.4358889845,521200.1277133443,1429745.546992839,1019901.7373905671
2025-03-28T12:50:00.000+0000,1241085.2502948241,680663.204678592,999999.9999999999,887044.4358889845,521200.1277133443,1423768.306633623,1019901.7373905671
2025-03-28T13:00:00.000+0000,1238622.61311192,680663.204678592,999999.9999999999,887044.4358889845,521200.1277133443,1419998.252511687,1019901.7373905671
2025-03-28T13:10:00.000+0000,1236447.28122076,680663.204678592,999999.9999999999,887044.4358889845,521200.1277133443,1416605.951525287,1019901.7373905671
2025-03-28T13:20:00.000+0000,1234490.192015664,680663.204678592,999999.9999999999,887044.4358889845,521200.1277133443,1413615.156476967,1019901.7373905671
2025-03-28T13:30:00.000+0000,1233031.593998328,680663.204678592,999999.9999999999,887044.4358889845,521200.1277133443,1411396.6105946791,1019901.7373905671
2025-03-28T13:40:00.000+0000,1236012.1285416242,680663.204678592,999999.9999999999,887044.4358889845,521200.1277133443,1415958.191128503,1019901.7373905671
2025-03-28T13:50:00.000+0000,1234685.5864349762,680663.204678592,999999.9999999999,887044.4358889845,521200.1277133443,1413963.1804149032,1019901.7373905671
2025-03-28T14:00:00.000+0000,1238809.272844576,680663.204678592,999999.9999999999,887044.4358889845,521200.1277133443,1420306.8142646472,1019901.7373905671
2025-03-28T14:10:00.000+0000,1235981.964582112,680663.204678592,999999.9999999999,887044.4358889845,521200.1277133443,1415989.7986222631,1019901.7373905671
2025-03-28T14:20:00.000+0000,1236283.297153048,680663.204678592,999999.9999999999,887044.4358889845,521200.1277133443,1416412.271373463,1019901.7373905671
2025-03-28T14:30:00.000+0000,1237461.732969592,680663.204678592,999999.9999999999,887044.4358889845,521200.1277133443,1418229.374227303,1019901.7373905671
2025-03-28T14:40:00.000+0000,1237530.3640707522,680663.204678592,999999.9999999999,887044.4358889845,521200.1277133443,1418359.1204272392,1019901.7373905671
2025-03-28T14:50:00.000+0000,1237426.449019352,680663.204678592,999999.9999999999,887044.4358889845,521200.1277133443,1418194.3246893832,1019901.7373905671
2025-03-28T15:00:00.000+0000,1235582.1821541202,680663.204678592,999999.9999999999,887044.4358889845,521200.1277133443,1415346.3879629031,1019901.7373905671
2025-03-28T15:10:00.000+0000,1234382.662268336,680663.204678592,999999.9999999999,887044.4358889845,521200.1277133443,1413477.555585815,1019901.7373905671
2025-03-28T15:20:00.000+0000,1231266.543419328,680663.204678592,999999.9999999999,887044.4358889845,521200.1277133443,1408688.934929511,1019901.7373905671
2025-03-28T15:30:00.000+0000,1230362.890910136,680663.204678592,999999.9999999999,887044.4358889845,521200.1277133443,1407298.7174739272,1019901.7373905671
2025-03-28T15:40:00.000+0000,1231169.685157976,680663.204678592,999999.9999999999,887044.4358889845,521200.1277133443,1408531.1490992391,1019901.7373905671
2025-03-28T15:50:00.000+0000,1229920.7677418562,680663.204678592,999999.9999999999,887044.4358889845,521200.1277133443,1406613.247369063,1019901.7373905671
2025-03-28T16:00:00.000+0000,1230667.665575192,680663.204678592,999999.9999999999,887044.4358889845,521200.1277133443,1407755.3949794152,1019901.7373905671
2025-03-28T16:10:00.000+0000,1230199.0794442322,680663.204678592,999999.9999999999,887044.4358889845,521200.1277133443,1407043.637721111,1019901.7373905671
2025-03-28T16:20:00.000+0000,1231604.665235304,680663.204678592,999999.9999999999,887044.4358889845,521200.1277133443,1409240.309097015,1019901.7373905671
2025-03-28T16:30:00.000+0000,1228263.074308376,680663.204678592,999999.9999999999,887044.4358889845,521200.1277133443,1404104.5721960391,1019901.7373905671
2025-03-28T16:40:00.000+0000,1224965.5020183441,680663.204678592,999999.9999999999,887044.4358889845,521200.1277133443,1399043.3470179592,1019901.7373905671
2025-03-28T16:50:00.000+0000,1224732.973150376,680663.204678592,999999.9999999999,887044.4358889845,521200.1277133443,1398689.2208657032,1019901.7373905671
2025-03-28T17:00:00.000+0000,1226061.1931536319,680663.204678592,999999.9999999999,887044.4358889845,521200.1277133443,1400716.683856695,1019901.7373905671
2025-03-28T17:10:00.000+0000,1226105.298091432,680663.204678592,999999.9999999999,887044.4358889845,521200.1277133443,1400760.495779095,1019901.7373905671
2025-03-28T17:20:00.000+0000,1224077.813587664,680663.204678592,999999.9999999999,887044.4358889845,521200.1277133443,1397638.2020539432,1019901.7373905671
2025-03-28T17:30:00.000+0000,1224201.048510792,680663.204678592,999999.9999999999,887044.4358889845,521200.1277133443,1397852.9748381511,1019901.7373905671
2025-03-28T17:40:00.000+0000,1224718.945871184,680663.204678592,999999.9999999999,887044.4358889845,521200.1277133443,1398644.501250039,1019901.7373905671
2025-03-28T17:50:00.000+0000,1222353.33955144,680663.204678592,999999.9999999999,887044.4358889845,521200.1277133443,1394970.833357383,1019901.7373905671
2025-03-28T18:00:00.000+0000,1221407.432602864,680663.204678592,999999.9999999999,887044.4358889845,521200.1277133443,1393507.856655799,1019901.7373905671
2025-03-28T18:10:00.000+0000,1221195.987804136,680663.204678592,999999.9999999999,887044.4358889845,521200.1277133443,1393205.460026791,1019901.7373905671
2025-03-28T18:20:00.000+0000,1220442.033180752,680663.204678592,999999.9999999999,887044.4358889845,521200.1277133443,1392056.3025088552,1019901.7373905671
2025-03-28T18:30:00.000+0000,1221155.497562264,680663.204678592,999999.9999999999,887044.4358889845,521200.1277133443,1393134.4532576872,1019901.7373905671
2025-03-28T18:40:00.000+0000,1219512.004009784,680663.204678592,999999.9999999999,887044.4358889845,521200.1277133443,1390609.098099335,1019901.7373905671
2025-03-28T18:50:00.000+0000,1219263.6836651121,680663.204678592,999999.9999999999,887044.4358889845,521200.1277133443,1390208.499854519,1019901.7373905671
2025-03-28T19:00:00.000+0000,1217854.396877208,680663.204678592,999999.9999999999,887044.4358889845,521200.1277133443,1388069.723125815,1019901.7373905671
2025-03-28T19:10:00.000+0000,1216057.6770438962,680663.204678592,999999.9999999999,887044.4358889845,521200.1277133443,1385299.8030760232,1019901.7373905671
2025-03-28T19:20:00.000+0000,1216557.932429168,680663.204678592,999999.9999999999,887044.4358889845,521200.1277133443,1386073.804718951,1019901.7373905671
2025-03-28T19:30:00.000+0000,1220560.061812248,680663.204678592,999999.9999999999,887044.4358889845,521200.1277133443,1392235.1180618792,1019901.7373905671
2025-03-28T19:40:00.000+0000,1222985.6508474,680663.204678592,999999.9999999999,887044.4358889845,521200.1277133443,1395968.370168999,1019901.7373905671
2025-03-28T19:50:00.000+0000,1226124.61796316,680663.204678592,999999.9999999999,887044.4358889845,521200.1277133443,1400810.472825447,1019901.7373905671
2025-03-28T20:00:00.000+0000,1228231.405054064,680663.204678592,999999.9999999999,887044.4358889845,521200.1277133443,1404042.327811415,1019901.7373905671
2025-03-28T20:10:00.000+0000,1226091.27081224,680663.204678592,999999.9999999999,887044.4358889845,521200.1277133443,1400715.7761634311,1019901.7373905671
2025-03-28T20:20:00.000+0000,1227398.320445352,680663.204678592,999999.9999999999,887044.4358889845,521200.1277133443,1402722.209431671,1019901.7373905671
2025-03-28T20:30:00.000+0000,1229098.095716408,680663.204678592,999999.9999999999,887044.4358889845,521200.1277133443,1405365.043451687,1019901.7373905671
2025-03-28T20:40:00.000+0000,1226855.7243197921,680663.204678592,999999.9999999999,887044.4358889845,521200.1277133443,1401906.148343239,1019901.7373905671
2025-03-28T20:50:00.000+0000,1226906.627144928,680663.204678592,999999.9999999999,887044.4358889845,521200.1277133443,1402049.0695747111,1019901.7373905671
2025-03-28T21:00:00.000+0000,1228465.525517736,680663.204678592,999999.9999999999,887044.4358889845,521200.1277133443,1404459.606041559,1019901.7373905671
2025-03-28T21:10:00.000+0000,1230711.51161028,680663.204678592,999999.9999999999,887044.4358889845,521200.1277133443,1407891.3063033032,1019901.7373905671
2025-03-28T21:20:00.000+0000,1231086.681574008,680663.204678592,999999.9999999999,887044.4358889845,521200.1277133443,1408479.482485623,1019901.7373905671
2025-03-28T21:30:00.000+0000,1232402.638495584,680663.204678592,999999.9999999999,887044.4358889845,521200.1277133443,1410463.9783378472,1019901.7373905671
2025-03-28T21:40:00.000+0000,1230605.832361368,680663.204678592,999999.9999999999,887044.4358889845,521200.1277133443,1407724.758088551,1019901.7373905671
2025-03-28T21:50:00.000+0000,1230655.1435908,680663.204678592,999999.9999999999,887044.4358889845,521200.1277133443,1407804.5272421353,1019901.7373905671
2025-03-28T22:00:00.000+0000,1229216.124347904,680663.204678592,999999.9999999999,887044.4358889845,521200.1277133443,1405543.859004711,1019901.7373905671
2025-03-28T22:10:00.000+0000,1228395.302820872,680663.204678592,999999.9999999999,887044.4358889845,521200.1277133443,1404266.7077637352,1019901.7373905671
2025-03-28T22:20:00.000+0000,1228728.132044312,680663.204678592,999999.9999999999,887044.4358889845,521200.1277133443,1404812.8245005512,1019901.7373905671
2025-03-28T22:30:00.000+0000,1227567.338202888,680663.204678592,999999.9999999999,887044.4358889845,521200.1277133443,1403013.246415671,1019901.7373905671
2025-03-28T22:40:00.000+0000,1227792.810280808,680663.204678592,999999.9999999999,887044.4358889845,521200.1277133443,1403360.362660343,1019901.7373905671
2025-03-28T22:50:00.000+0000,1227197.4608316962,680663.204678592,999999.9999999999,887044.4358889845,521200.1277133443,1402430.327664039,1019901.7373905671
2025-03-28T23:00:00.000+0000,1226792.299510264,680663.204678592,999999.9999999999,887044.4358889845,521200.1277133443,1401812.359374487,1019901.7373905671
2025-03-28T23:10:00.000+0000,1226260.288569776,680663.204678592,999999.9999999999,887044.4358889845,521200.1277133443,1401006.8131474312,1019901.7373905671
2025-03-28T23:20:00.000+0000,1226306.071404184,680663.204678592,999999.9999999999,887044.4358889845,521200.1277133443,1401083.0773472232,1019901.7373905671
2025-03-28T23:30:00.000+0000,1228062.3009956242,680663.204678592,999999.9999999999,887044.4358889845,521200.1277133443,1403781.990627911,1019901.7373905671
2025-03-28T23:40:00.000+0000,1226633.694335992,680663.204678592,999999.9999999999,887044.4358889845,521200.1277133443,1401593.2368528552,1019901.7373905671
2025-03-28T23:50:00.000+0000,1225948.543415576,680663.204678592,999999.9999999999,887044.4358889845,521200.1277133443,1400512.425933863,1019901.7373905671
2025-03-29T00:00:00.000+0000,1225670.2317132,680663.204678592,999999.9999999999,887044.4358889845,521200.1277133443,1400082.035581815,1019901.7373905671
2025-03-29T00:10:00.000+0000,1227694.187821944,680663.204678592,999999.9999999999,887044.4358889845,521200.1277133443,1403200.824353175,1019901.7373905671
2025-03-29T00:20:00.000+0000,1228960.747213184,680663.204678592,999999.9999999999,887044.4358889845,521200.1277133443,1405136.250852311,1019901.7373905671
2025-03-29T00:30:00.000+0000,1230220.249814376,680663.204678592,999999.9999999999,887044.4358889845,521200.1277133443,1407064.667443863,1019901.7373905671
2025-03-29T00:40:00.000+0000,1226082.44982468,680663.204678592,999999.9999999999,887044.4358889845,521200.1277133443,1400707.013778951,1019901.7373905671
2025-03-29T00:50:00.000+0000,1225517.005432368,680663.204678592,999999.9999999999,887044.4358889845,521200.1277133443,1399837.4706903752,1019901.7373905671
2025-03-29T01:00:00.000+0000,1225328.495201296,680663.204678592,999999.9999999999,887044.4358889845,521200.1277133443,1399557.8562610152,1019901.7373905671
2025-03-29T01:10:00.000+0000,1226306.1577050881,680663.204678592,999999.9999999999,887044.4358889845,521200.1277133443,1401052.3775467272,1019901.7373905671
2025-03-29T01:20:00.000+0000,1225067.7391731362,680663.204678592,999999.9999999999,887044.4358889845,521200.1277133443,1399175.6904784231,1019901.7373905671
2025-03-29T01:30:00.000+0000,1224783.9180138719,101275.2012085921,999999.9999999999,887044.4358889845,521200.1277133443,1398936.17981304,381948.3495605671
2025-03-29T01:40:00.000+0000,1234799.8343854565,112207.99280272817,999999.9999999999,887044.4358889845,521200.1277133443,1409914.3328189917,393986.21344905515
2025-03-29T01:50:00.000+0000,1252704.6280522803,706779.9212292882,999999.9999999999,887044.4358889845,521200.1277133443,1430273.6108661834,1048658.3756036873
2025-03-29T02:00:00.000+0000,1258884.0261258401,706779.9212292882,999999.9999999999,887044.4358889845,521200.1277133443,1439767.5780714154,1048658.3756036873
2025-03-29T02:10:00.000+0000,1260087.1607075522,706779.9212292882,999999.9999999999,887044.4358889845,521200.1277133443,1441609.215601799,1048658.3756036873
2025-03-29T02:20:00.000+0000,1260566.1594217762,706779.9212292882,999999.9999999999,887044.4358889845,521200.1277133443,1442392.8873224712,1048658.3756036873
2025-03-29T02:30:00.000+0000,1259819.3478893442,706779.9212292882,999999.9999999999,887044.4358889845,521200.1277133443,1441220.0399116233,1048658.3756036873
2025-03-29T02:40:00.000+0000,1259553.2129677443,706779.9212292882,999999.9999999999,887044.4358889845,521200.1277133443,1440863.3164988393,1048658.3756036873
2025-03-29T02:50:00.000+0000,1259265.993976904,706779.9212292882,999999.9999999999,887044.4358889845,521200.1277133443,1440454.8635628072,1048658.3756036873
2025-03-29T03:00:00.000+0000,1259012.2084378882,706779.9212292882,999999.9999999999,887044.4358889845,521200.1277133443,1440110.4074882953,1048658.3756036873
2025-03-29T03:10:00.000+0000,1259873.6065076962,706779.9212292882,999999.9999999999,887044.4358889845,521200.1277133443,1441427.8656978793,1048658.3756036873
2025-03-29T03:20:00.000+0000,1261207.2054043922,706779.9212292882,999999.9999999999,887044.4358889845,521200.1277133443,1443429.8863190631,1048658.3756036873
2025-03-29T03:30:00.000+0000,1262537.1896051602,706779.9212292882,999999.9999999999,887044.4358889845,521200.1277133443,1445459.1017869513,1048658.3756036873
2025-03-29T03:40:00.000+0000,1260677.1312632242,706779.9212292882,999999.9999999999,887044.4358889845,521200.1277133443,1442564.6929679113,1048658.3756036873
2025-03-29T03:50:00.000+0000,1258207.5235911761,706779.9212292882,999999.9999999999,887044.4358889845,521200.1277133443,1438756.9291378953,1048658.3756036873
2025-03-29T04:00:00.000+0000,1253520.1569867763,706779.9212292882,999999.9999999999,887044.4358889845,521200.1277133443,1431545.5046764715,1048658.3756036873
2025-03-29T04:10:00.000+0000,1253395.0715652322,706779.9212292882,999999.9999999999,887044.4358889845,521200.1277133443,1431359.6792158633,1048658.3756036873
2025-03-29T04:20:00.000+0000,1252868.3532172802,706779.9212292882,999999.9999999999,887044.4358889845,521200.1277133443,1430559.3904194953,1048658.3756036873
2025-03-29T04:30:00.000+0000,1252084.493537096,706779.9212292882,999999.9999999999,887044.4358889845,521200.1277133443,1429349.7409938313,1048658.3756036873
2025-03-29T04:40:00.000+0000,1251349.9450863441,706779.9212292882,999999.9999999999,887044.4358889845,521200.1277133443,1428219.860721751,1048658.3756036873
2025-03-29T04:50:00.000+0000,1250872.5379678241,706779.9212292882,999999.9999999999,887044.4358889845,521200.1277133443,1427499.3410789673,1048658.3756036873
2025-03-29T05:00:00.000+0000,1247599.5781420562,706779.9212292882,999999.9999999999,887044.4358889845,521200.1277133443,1422493.3503779273,1048658.3756036873
2025-03-29T05:10:00.000+0000,1247215.5871907682,706779.9212292882,999999.9999999999,887044.4358889845,521200.1277133443,1421896.4118111273,1048658.3756036873
2025-03-29T05:20:00.000+0000,1245135.1767616402,706779.9212292882,999999.9999999999,887044.4358889845,521200.1277133443,1418721.5437790954,1048658.3756036873
2025-03-29T05:30:00.000+0000,1243158.7676848161,706779.9212292882,999999.9999999999,887044.4358889845,521200.1277133443,1415680.7716844233,1048658.3756036873
2025-03-29T05:40:00.000+0000,1242519.399598808,706779.9212292882,999999.9999999999,887044.4358889845,521200.1277133443,1414676.224965223,1048658.3756036873
2025-03-29T05:50:00.000+0000,1242230.50271136,706779.9212292882,999999.9999999999,887044.4358889845,521200.1277133443,1414235.3197517993,1048658.3756036873
2025-03-29T06:00:00.000+0000,1241557.6148726242,706779.9212292882,999999.9999999999,887044.4358889845,521200.1277133443,1413197.4759715754,1048658.3756036873
2025-03-29T06:10:00.000+0000,1244855.0145608482,706779.9212292882,999999.9999999999,887044.4358889845,521200.1277133443,1418320.1007506473,1048658.3756036873
2025-03-29T06:20:00.000+0000,1244039.4856263523,706779.9212292882,999999.9999999999,887044.4358889845,521200.1277133443,1417048.2069403592,1048658.3756036873
2025-03-29T06:30:00.000+0000,1242697.2383439043,706779.9212292882,999999.9999999999,887044.4358889845,521200.1277133443,1414976.0243337033,1048658.3756036873
2025-03-29T06:40:00.000+0000,1244675.4116182402,706779.9212292882,999999.9999999999,887044.4358889845,521200.1277133443,1418018.548905271,1048658.3756036873
2025-03-29T06:50:00.000+0000,1246443.9042913602,706779.9212292882,999999.9999999999,887044.4358889845,521200.1277133443,1420760.4293247273,1048658.3756036873
2025-03-29T07:00:00.000+0000,1244544.9473032563,706779.9212292882,999999.9999999999,887044.4358889845,521200.1277133443,1417858.1658144712,1048658.3756036873
2025-03-29T07:10:00.000+0000,1240197.5530132481,706779.9212292882,999999.9999999999,887044.4358889845,521200.1277133443,1411169.1681969513,1048658.3756036873
2025-03-29T07:20:00.000+0000,1240962.0928217042,706779.9212292882,999999.9999999999,887044.4358889845,521200.1277133443,1412328.8405762634,1048658.3756036873
2025-03-29T07:30:00.000+0000,1242367.8512145842,706779.9212292882,999999.9999999999,887044.4358889845,521200.1277133443,1414464.1123511752,1048658.3756036873
2025-03-29T07:40:00.000+0000,1243133.89631784,706779.9212292882,999999.9999999999,887044.4358889845,521200.1277133443,1415717.6366088712,1048658.3756036873
2025-03-29T07:50:00.000+0000,1242792.2461068402,706779.9212292882,999999.9999999999,887044.4358889845,521200.1277133443,1415162.7574875753,1048658.3756036873
2025-03-29T08:00:00.000+0000,1242193.3682627042,706779.9212292882,999999.9999999999,887044.4358889845,521200.1277133443,1414229.2175374792,1048658.3756036873
2025-03-29T08:10:00.000+0000,1242117.6803714964,706779.9212292882,999999.9999999999,887044.4358889845,521200.1277133443,1414092.4614299592,1048658.3756036873
2025-03-29T08:20:00.000+0000,1240911.0173947602,706779.9212292882,999999.9999999999,887044.4358889845,521200.1277133443,1412247.3189457832,1048658.3756036873
2025-03-29T08:30:00.000+0000,1240229.394869368,706779.9212292882,999999.9999999999,887044.4358889845,521200.1277133443,1411170.0129805831,1048658.3756036873
2025-03-29T08:40:00.000+0000,1240280.4702963121,706779.9212292882,999999.9999999999,887044.4358889845,521200.1277133443,1411251.5346110633,1048658.3756036873
2025-03-29T08:50:00.000+0000,1239193.6001485842,706779.9212292882,999999.9999999999,887044.4358889845,521200.1277133443,1409586.9601568072,1048658.3756036873
2025-03-29T09:00:00.000+0000,1234231.4502368323,706779.9212292882,999999.9999999999,887044.4358889845,521200.1277133443,1401948.6502971272,1048658.3756036873
2025-03-29T09:10:00.000+0000,1226313.4645469522,706779.9212292882,999999.9999999999,887044.4358889845,521200.1277133443,1389773.2945801672,1048658.3756036873
2025-03-29T09:20:00.000+0000,1225249.5289668802,706779.9212292882,999999.9999999999,887044.4358889845,521200.1277133443,1388131.5023255593,1048658.3756036873
2025-03-29T09:30:00.000+0000,1226183.0865328722,706779.9212292882,999999.9999999999,887044.4358889845,521200.1277133443,1389582.2116888713,1048658.3756036873
2025-03-29T09:40:00.000+0000,1226924.6054727682,706779.9212292882,999999.9999999999,887044.4358889845,521200.1277133443,1390749.8016690311,1048658.3756036873
2025-03-29T09:50:00.000+0000,1232198.5868396242,706779.9212292882,999999.9999999999,887044.4358889845,521200.1277133443,1398851.7989417831,1048658.3756036873
2025-03-29T10:00:00.000+0000,1231994.2851318482,706779.9212292882,999999.9999999999,887044.4358889845,521200.1277133443,1398525.7124198633,1048658.3756036873
2025-03-29T10:10:00.000+0000,1230652.0378494002,706779.9212292882,999999.9999999999,887044.4358889845,521200.1277133443,1396453.5298132072,1048658.3756036873
2025-03-29T10:20:00.000+0000,1229813.5743472483,706779.9212292882,999999.9999999999,887044.4358889845,521200.1277133443,1395158.8538032712,1048658.3756036873
2025-03-29T10:30:00.000+0000,1229269.2140241764,706779.9212292882,999999.9999999999,887044.4358889845,521200.1277133443,1394341.0402379432,1048658.3756036873
2025-03-29T10:40:00.000+0000,1230870.366836368,706779.9212292882,999999.9999999999,887044.4358889845,521200.1277133443,1396824.3359507914,1048658.3756036873
2025-03-29T10:50:00.000+0000,1229432.939189176,706779.9212292882,999999.9999999999,887044.4358889845,521200.1277133443,1394626.8197912553,1048658.3756036873
2025-03-29T11:00:00.000+0000,1227507.6055392963,706779.9212292882,999999.9999999999,887044.4358889845,521200.1277133443,1391667.5693270634,1048658.3756036873
2025-03-29T11:10:00.000+0000,1227946.2003125523,706779.9212292882,999999.9999999999,887044.4358889845,521200.1277133443,1392349.5344781352,1048658.3756036873
2025-03-29T11:20:00.000+0000,1229242.6647605922,706779.9212292882,999999.9999999999,887044.4358889845,521200.1277133443,1394345.4528849993,1048658.3756036873
2025-03-29T11:30:00.000+0000,1228106.3107816242,706779.9212292882,999999.9999999999,887044.4358889845,521200.1277133443,1392662.5088781512,1048658.3756036873
2025-03-29T11:40:00.000+0000,1226871.5069456003,706779.9212292882,999999.9999999999,887044.4358889845,521200.1277133443,1390758.6269631432,1048658.3756036873
2025-03-29T11:50:00.000+0000,1226270.8649039522,706779.9212292882,999999.9999999999,887044.4358889845,521200.1277133443,1389823.3345361513,1048658.3756036873
2025-03-29T12:00:00.000+0000,1226056.0643120082,706779.9212292882,999999.9999999999,887044.4358889845,521200.1277133443,1389456.0333523592,1048658.3756036873
2025-03-29T12:10:00.000+0000,1229475.1936285603,706779.9212292882,999999.9999999999,887044.4358889845,521200.1277133443,1394699.5790372554,1048658.3756036873
2025-03-29T12:20:00.000+0000,1234715.7415435922,706779.9212292882,999999.9999999999,887044.4358889845,521200.1277133443,1402737.5794484871,1048658.3756036873
2025-03-29T12:30:00.000+0000,1234099.135423432,706779.9212292882,999999.9999999999,887044.4358889845,521200.1277133443,1401817.2145299274,1048658.3756036873
2025-03-29T12:40:00.000+0000,1233473.7946166163,706779.9212292882,999999.9999999999,887044.4358889845,521200.1277133443,1400857.3874263912,1048658.3756036873
2025-03-29T12:50:00.000+0000,1233135.5864997362,706779.9212292882,999999.9999999999,887044.4358889845,521200.1277133443,1400336.7130593832,1048658.3756036873
2025-03-29T13:00:00.000+0000,1232852.0685057282,706779.9212292882,999999.9999999999,887044.4358889845,521200.1277133443,1399870.3654761515,1048658.3756036873
2025-03-29T13:10:00.000+0000,1232138.6904251203,706779.9212292882,999999.9999999999,887044.4358889845,521200.1277133443,1398761.5149268233,1048658.3756036873
2025-03-29T13:20:00.000+0000,1231080.0474375843,706779.9212292882,999999.9999999999,887044.4358889845,521200.1277133443,1397124.9801029032,1048658.3756036873
2025-03-29T13:30:00.000+0000,1231007.8016404961,706779.9212292882,999999.9999999999,887044.4358889845,521200.1277133443,1397022.4287496712,1048658.3756036873
2025-03-29T13:40:00.000+0000,1231553.8398601762,706779.9212292882,999999.9999999999,887044.4358889845,521200.1277133443,1397872.6945923911,1048658.3756036873
2025-03-29T13:50:00.000+0000,1230394.8102162643,706779.9212292882,999999.9999999999,887044.4358889845,521200.1277133443,1396074.8689844073,1048658.3756036873
2025-03-29T14:00:00.000+0000,1228980.2308358243,706779.9212292882,999999.9999999999,887044.4358889845,521200.1277133443,1393930.8348250152,1048658.3756036873
2025-03-29T14:10:00.000+0000,1227888.0680955602,706779.9212292882,999999.9999999999,887044.4358889845,521200.1277133443,1392261.0029400713,1048658.3756036873
2025-03-29T14:20:00.000+0000,1227119.9998920802,706779.9212292882,999999.9999999999,887044.4358889845,521200.1277133443,1391097.8256069673,1048658.3756036873
2025-03-29T14:30:00.000+0000,1227454.6796139362,706779.9212292882,999999.9999999999,887044.4358889845,521200.1277133443,1391614.9950201833,1048658.3756036873
2025-03-29T14:40:00.000+0000,1224900.4767622163,706779.9212292882,999999.9999999999,887044.4358889845,521200.1277133443,1387692.4124986634,1048658.3756036873
2025-03-29T14:50:00.000+0000,1224995.5708260562,706779.9212292882,999999.9999999999,887044.4358889845,521200.1277133443,1387848.4458520394,1048658.3756036873
2025-03-29T15:00:00.000+0000,1222855.3502833282,706779.9212292882,999999.9999999999,887044.4358889845,521200.1277133443,1384552.5940045514,1048658.3756036873
2025-03-29T15:10:00.000+0000,1224956.844781696,706779.9212292882,999999.9999999999,887044.4358889845,521200.1277133443,1387779.1915598311,1048658.3756036873
2025-03-29T15:20:00.000+0000,1224458.3535939362,706779.9212292882,999999.9999999999,887044.4358889845,521200.1277133443,1387006.9423937993,1048658.3756036873
2025-03-29T15:30:00.000+0000,1223441.9650457841,706779.9212292882,999999.9999999999,887044.4358889845,521200.1277133443,1385443.1668158793,1048658.3756036873
2025-03-29T15:40:00.000+0000,1225351.4209180563,706779.9212292882,999999.9999999999,887044.4358889845,521200.1277133443,1388386.6449880074,1048658.3756036873
2025-03-29T15:50:00.000+0000,1226579.1679640324,706779.9212292882,999999.9999999999,887044.4358889845,521200.1277133443,1390283.5169954314,1048658.3756036873
2025-03-29T16:00:00.000+0000,1225719.5340917362,706779.9212292882,999999.9999999999,887044.4358889845,521200.1277133443,1388967.8112627433,1048658.3756036873
2025-03-29T16:10:00.000+0000,1222111.8945441123,706779.9212292882,999999.9999999999,887044.4358889845,521200.1277133443,1383444.6511484873,1048658.3756036873
2025-03-29T16:20:00.000+0000,1218398.6620484802,706779.9212292882,999999.9999999999,887044.4358889845,521200.1277133443,1377724.2430189834,1048658.3756036873
2025-03-29T16:30:00.000+0000,1218458.5584629842,706779.9212292882,999999.9999999999,887044.4358889845,521200.1277133443,1377814.5270339432,1048658.3756036873
2025-03-29T16:40:00.000+0000,1218573.0586994563,706779.9212292882,999999.9999999999,887044.4358889845,521200.1277133443,1377989.8376331753,1048658.3756036873
2025-03-29T16:50:00.000+0000,1219185.9638227841,706779.9212292882,999999.9999999999,887044.4358889845,521200.1277133443,1378968.0971989352,1048658.3756036873
2025-03-29T17:00:00.000+0000,1218835.4063233202,706779.9212292882,999999.9999999999,887044.4358889845,521200.1277133443,1378435.1554936552,1048658.3756036873
2025-03-29T17:10:00.000+0000,1218793.0655830323,706779.9212292882,999999.9999999999,887044.4358889845,521200.1277133443,1378393.0960481514,1048658.3756036873
2025-03-29T17:20:00.000+0000,1219888.6704174161,706779.9212292882,999999.9999999999,887044.4358889845,521200.1277133443,1380097.1326873833,1048658.3756036873
2025-03-29T17:30:00.000+0000,1221306.9507946882,706779.9212292882,999999.9999999999,887044.4358889845,521200.1277133443,1382183.2721995753,1048658.3756036873
2025-03-29T17:40:00.000+0000,1219230.068760584,706779.9212292882,999999.9999999999,887044.4358889845,521200.1277133443,1379011.9091213353,1048658.3756036873
2025-03-29T17:50:00.000+0000,1218812.4717556643,706779.9212292882,999999.9999999999,887044.4358889845,521200.1277133443,1378412.3732940073,1048658.3756036873
2025-03-29T18:00:00.000+0000,1218951.757058208,706779.9212292882,999999.9999999999,887044.4358889845,521200.1277133443,1378581.5187692873,1048658.3756036873
2025-03-29T18:10:00.000+0000,1219971.7603022882,706779.9212292882,999999.9999999999,887044.4358889845,521200.1277133443,1380118.0995005032,1048658.3756036873
2025-03-29T18:20:00.000+0000,1218995.861996008,706779.9212292882,999999.9999999999,887044.4358889845,521200.1277133443,1378625.3306916873,1048658.3756036873
2025-03-29T18:30:00.000+0000,1218995.9482969122,706779.9212292882,999999.9999999999,887044.4358889845,521200.1277133443,1378594.6308911913,1048658.3756036873
2025-03-29T18:40:00.000+0000,1218840.9578185682,706779.9212292882,999999.9999999999,887044.4358889845,521200.1277133443,1378348.3135228553,1048658.3756036873
2025-03-29T18:50:00.000+0000,1217944.27579852,706779.9212292882,999999.9999999999,887044.4358889845,521200.1277133443,1376995.8057753514,1048658.3756036873
2025-03-29T19:00:00.000+0000,1217667.7282936561,706779.9212292882,999999.9999999999,887044.4358889845,521200.1277133443,1376567.1679001993,1048658.3756036873
2025-03-29T19:10:00.000+0000,1215886.7999370482,706779.9212292882,999999.9999999999,887044.4358889845,521200.1277133443,1373843.7199429672,1048658.3756036873
2025-03-29T19:20:00.000+0000,1216422.33927256,706779.9212292882,999999.9999999999,887044.4358889845,521200.1277133443,1374652.7711238153,1048658.3756036873
2025-03-29T19:30:00.000+0000,1215738.8662487522,706779.9212292882,999999.9999999999,887044.4358889845,521200.1277133443,1373604.4124822153,1048658.3756036873
2025-03-29T19:40:00.000+0000,1215310.8566605682,706779.9212292882,999999.9999999999,887044.4358889845,521200.1277133443,1372932.962192519,1048658.3756036873
2025-03-29T19:50:00.000+0000,1215376.0456676083,706779.9212292882,999999.9999999999,887044.4358889845,521200.1277133443,1373028.5036381674,1048658.3756036873
2025-03-29T20:00:00.000+0000,1215013.1387855601,706779.9212292882,999999.9999999999,887044.4358889845,521200.1277133443,1372483.2945946152,1048658.3756036873
2025-03-29T20:10:00.000+0000,1213922.7402428081,706779.9212292882,999999.9999999999,887044.4358889845,521200.1277133443,1370815.2151865673,1048658.3756036873
2025-03-29T20:20:00.000+0000,1216776.3388661442,706779.9212292882,999999.9999999999,887044.4358889845,521200.1277133443,1375219.9175833832,1048658.3756036873
2025-03-29T20:30:00.000+0000,1217031.8023017682,706779.9212292882,999999.9999999999,887044.4358889845,521200.1277133443,1375596.8259352872,1048658.3756036873
2025-03-29T20:40:00.000+0000,1214787.5804067361,706779.9212292882,999999.9999999999,887044.4358889845,521200.1277133443,1372166.8781504394,1048658.3756036873
2025-03-29T20:50:00.000+0000,1214107.6357779521,706779.9212292882,999999.9999999999,887044.4358889845,521200.1277133443,1371122.0244626312,1048658.3756036873
2025-03-29T21:00:00.000+0000,1215546.7413217523,706779.9212292882,999999.9999999999,887044.4358889845,521200.1277133443,1373351.9928995594,1048658.3756036873
2025-03-29T21:10:00.000+0000,1218145.0491112722,706779.9212292882,999999.9999999999,887044.4358889845,521200.1277133443,1377318.3873434793,1048658.3756036873
2025-03-29T21:20:00.000+0000,1218782.7393006722,706779.9212292882,999999.9999999999,887044.4358889845,521200.1277133443,1378290.4817852871,1048658.3756036873
2025-03-29T21:30:00.000+0000,1219333.9838119843,706779.9212292882,999999.9999999999,887044.4358889845,521200.1277133443,1379176.7048591913,1048658.3756036873
2025-03-29T21:40:00.000+0000,1219164.9660544482,706779.9212292882,999999.9999999999,887044.4358889845,521200.1277133443,1378885.6678751912,1048658.3756036873
2025-03-29T21:50:00.000+0000,1218368.8432925842,706779.9212292882,999999.9999999999,887044.4358889845,521200.1277133443,1377633.0513107593,1048658.3756036873
2025-03-29T22:00:00.000+0000,1219533.1655290322,706779.9212292882,999999.9999999999,887044.4358889845,521200.1277133443,1379436.1343494311,1048658.3756036873
2025-03-29T22:10:00.000+0000,1219029.3817487361,706779.9212292882,999999.9999999999,887044.4358889845,521200.1277133443,1378658.6277527113,1048658.3756036873
2025-03-29T22:20:00.000+0000,1218631.2772173523,706779.9212292882,999999.9999999999,887044.4358889845,521200.1277133443,1378047.6693707432,1048658.3756036873
2025-03-29T22:30:00.000+0000,1219637.0805804322,706779.9212292882,999999.9999999999,887044.4358889845,521200.1277133443,1379600.9300872874,1048658.3756036873
2025-03-29T22:40:00.000+0000,1219171.9365435923,706779.9212292882,999999.9999999999,887044.4358889845,521200.1277133443,1378923.3775832714,1048658.3756036873
2025-03-29T22:50:00.000+0000,1218833.728426712,706779.9212292882,999999.9999999999,887044.4358889845,521200.1277133443,1378402.7032162633,1048658.3756036873
2025-03-29T23:00:00.000+0000,1218514.9264824642,706779.9212292882,999999.9999999999,887044.4358889845,521200.1277133443,1377901.3060951114,1048658.3756036873
2025-03-29T23:10:00.000+0000,1218493.8424132243,706779.9212292882,999999.9999999999,887044.4358889845,521200.1277133443,1377849.5765718631,1048658.3756036873
2025-03-29T23:20:00.000+0000,1218326.502552296,706779.9212292882,999999.9999999999,887044.4358889845,521200.1277133443,1377590.9918652552,1048658.3756036873
2025-03-29T23:30:00.000+0000,1218992.3336009842,706779.9212292882,999999.9999999999,887044.4358889845,521200.1277133443,1378621.8257378952,1048658.3756036873
2025-03-29T23:40:00.000+0000,1220147.921150776,706779.9212292882,999999.9999999999,887044.4358889845,521200.1277133443,1380385.4465915912,1048658.3756036873
2025-03-29T23:50:00.000+0000,1220803.2533152963,706779.9212292882,999999.9999999999,887044.4358889845,521200.1277133443,1381375.0658023593,1048658.3756036873
2025-03-30T00:00:00.000+0000,1220914.2251567442,706779.9212292882,999999.9999999999,887044.4358889845,521200.1277133443,1381546.8714477993,1048658.3756036873
2025-03-30T00:10:00.000+0000,1221601.1402746723,706779.9212292882,999999.9999999999,887044.4358889845,521200.1277133443,1382629.4348436873,1048658.3756036873
2025-03-30T00:20:00.000+0000,1221497.1389223682,706779.9212292882,999999.9999999999,887044.4358889845,521200.1277133443,1382495.3389063273,1048658.3756036873
2025-03-30T00:30:00.000+0000,1220845.2488519682,706779.9212292882,999999.9999999999,887044.4358889845,521200.1277133443,1381539.9244498473,1048658.3756036873
2025-03-30T00:40:00.000+0000,1220463.0220981922,706779.9212292882,999999.9999999999,887044.4358889845,521200.1277133443,1380944.7383599433,1048658.3756036873
2025-03-30T00:50:00.000+0000,1223230.5202470561,706779.9212292882,999999.9999999999,887044.4358889845,521200.1277133443,1385140.7701868713,1048658.3756036873
2025-03-30T01:00:00.000+0000,1223530.0023195762,706779.9212292882,999999.9999999999,887044.4358889845,521200.1277133443,1385592.1902616713,1048658.3756036873
2025-03-30T01:10:00.000+0000,1225088.9869932882,706779.9212292882,999999.9999999999,887044.4358889845,521200.1277133443,1387972.0269280232,1048658.3756036873
2025-03-30T01:20:00.000+0000,1224127.2022671043,706779.9212292882,999999.9999999999,887044.4358889845,521200.1277133443,1386493.2779343752,1048658.3756036873
2025-03-30T01:30:00.000+0000,1223466.663810952,706779.9212292882,999999.9999999999,887044.4358889845,521200.1277133443,1385467.7014924234,1048658.3756036873
2025-03-30T01:40:00.000+0000,1222459.0099494562,706779.9212292882,999999.9999999999,887044.4358889845,521200.1277133443,1383943.3880994793,1048658.3756036873
2025-03-30T01:50:00.000+0000,1222344.5097129843,706779.9212292882,999999.9999999999,887044.4358889845,521200.1277133443,1383768.0775002474,1048658.3756036873
2025-03-30T02:00:00.000+0000,1222200.1044197122,706779.9212292882,999999.9999999999,887044.4358889845,521200.1277133443,1383532.2749932874,1048658.3756036873
2025-03-30T02:10:00.000+0000,1222633.4929013362,706779.9212292882,999999.9999999999,887044.4358889845,521200.1277133443,1384178.2829131754,1048658.3756036873
2025-03-30T02:20:00.000+0000,1221551.9153461442,706779.9212292882,999999.9999999999,887044.4358889845,521200.1277133443,1382518.9658896073,1048658.3756036873
2025-03-30T02:30:00.000+0000,1221201.35784668,706779.9212292882,999999.9999999999,887044.4358889845,521200.1277133443,1381986.024184327,1048658.3756036873
2025-03-30T02:40:00.000+0000,1221536.1238694403,706779.9212292882,999999.9999999999,887044.4358889845,521200.1277133443,1382472.4937970473,1048658.3756036873
2025-03-30T02:50:00.000+0000,1220942.5386178403,706779.9212292882,999999.9999999999,887044.4358889845,521200.1277133443,1381544.2112776393,1048658.3756036873
2025-03-30T03:00:00.000+0000,1220496.8870545363,706779.9212292882,999999.9999999999,887044.4358889845,521200.1277133443,1380855.2362189833,1048658.3756036873
2025-03-30T03:10:00.000+0000,1221581.9930047523,706779.9212292882,999999.9999999999,887044.4358889845,521200.1277133443,1382518.0581963432,1048658.3756036873
2025-03-30T03:20:00.000+0000,1219528.0455383041,706779.9212292882,999999.9999999999,887044.4358889845,521200.1277133443,1379369.4773177514,1048658.3756036873
2025-03-30T03:30:00.000+0000,1219358.9414798643,706779.9212292882,999999.9999999999,887044.4358889845,521200.1277133443,1379109.1401342473,1048658.3756036873
2025-03-30T03:40:00.000+0000,1219135.2335994563,706779.9212292882,999999.9999999999,887044.4358889845,521200.1277133443,1378763.7763664713,1048658.3756036873
2025-03-30T03:50:00.000+0000,1217777.1085394002,706779.9212292882,999999.9999999999,887044.4358889845,521200.1277133443,1376675.8214677512,1048658.3756036873
2025-03-30T04:00:00.000+0000,1217400.1743781602,706779.9212292882,999999.9999999999,887044.4358889845,521200.1277133443,1376085.8928085351,1048658.3756036873
2025-03-30T04:10:00.000+0000,1218242.1662753362,706779.9212292882,999999.9999999999,887044.4358889845,521200.1277133443,1377384.0737722632,1048658.3756036873
2025-03-30T04:20:00.000+0000,1218701.845117832,706779.9212292882,999999.9999999999,887044.4358889845,521200.1277133443,1378117.7684465833,1048658.3756036873
2025-03-30T04:30:00.000+0000,1217983.1744446883,706779.9212292882,999999.9999999999,887044.4358889845,521200.1277133443,1377003.6604665671,1048658.3756036873
2025-03-30T04:40:00.000+0000,1219057.6952098322,706779.9212292882,999999.9999999999,887044.4358889845,521200.1277133443,1378655.9675825513,1048658.3756036873
2025-03-30T04:50:00.000+0000,1220539.1414939202,706779.9212292882,999999.9999999999,887044.4358889845,521200.1277133443,1380927.9954649832,1048658.3756036873
2025-03-30T05:00:00.000+0000,1218767.0341248722,706779.9212292882,999999.9999999999,887044.4358889845,521200.1277133443,1378213.3098922311,1048658.3756036873
2025-03-30T05:10:00.000+0000,1217581.5415182803,706779.9212292882,999999.9999999999,887044.4358889845,521200.1277133443,1376389.1971308072,1048658.3756036873
2025-03-30T05:20:00.000+0000,1217932.0990177442,706779.9212292882,999999.9999999999,887044.4358889845,521200.1277133443,1376922.1388360872,1048658.3756036873
2025-03-30T05:30:00.000+0000,1219017.2049679602,706779.9212292882,999999.9999999999,887044.4358889845,521200.1277133443,1378584.9608134474,1048658.3756036873
2025-03-30T05:40:00.000+0000,1219520.9887482561,706779.9212292882,999999.9999999999,887044.4358889845,521200.1277133443,1379362.4674101672,1048658.3756036873
2025-03-30T05:50:00.000+0000,1218178.6551649042,706779.9212292882,999999.9999999999,887044.4358889845,521200.1277133443,1377320.9846040073,1048658.3756036873
2025-03-30T06:00:00.000+0000,1218289.713307256,706779.9212292882,999999.9999999999,887044.4358889845,521200.1277133443,1377462.0904489513,1048658.3756036873
2025-03-30T06:10:00.000+0000,1217389.5891930882,706779.9212292882,999999.9999999999,887044.4358889845,521200.1277133443,1376075.377947159,1048658.3756036873
2025-03-30T06:20:00.000+0000,1217394.8817856242,706779.9212292882,999999.9999999999,887044.4358889845,521200.1277133443,1376080.6353778471,1048658.3756036873
2025-03-30T06:30:00.000+0000,1217736.6182975282,706779.9212292882,999999.9999999999,887044.4358889845,521200.1277133443,1376604.8146986472,1048658.3756036873
2025-03-30T06:40:00.000+0000,1218485.2803283762,706779.9212292882,999999.9999999999,887044.4358889845,521200.1277133443,1377748.7147858953,1048658.3756036873
2025-03-30T06:50:00.000+0000,1216813.6459166082,706779.9212292882,999999.9999999999,887044.4358889845,521200.1277133443,1375164.6201967113,1048658.3756036873
2025-03-30T07:00:00.000+0000,1216338.0892965042,706779.9212292882,999999.9999999999,887044.4358889845,521200.1277133443,1374415.1532303272,1048658.3756036873
2025-03-30T07:10:00.000+0000,1216165.4568430402,706779.9212292882,999999.9999999999,887044.4358889845,521200.1277133443,1374151.3110930312,1048658.3756036873
2025-03-30T07:20:00.000+0000,1217070.8735497443,706779.9212292882,999999.9999999999,887044.4358889845,521200.1277133443,1375543.2810255112,1048658.3756036873
2025-03-30T07:30:00.000+0000,1218249.3093662881,706779.9212292882,999999.9999999999,887044.4358889845,521200.1277133443,1377360.3838793512,1048658.3756036873
2025-03-30T07:40:00.000+0000,1217317.4296969043,706779.9212292882,999999.9999999999,887044.4358889845,521200.1277133443,1375942.1267934314,1048658.3756036873
2025-03-30T07:50:00.000+0000,1217259.2974799122,706779.9212292882,999999.9999999999,887044.4358889845,521200.1277133443,1375853.5952553672,1048658.3756036873
2025-03-30T08:00:00.000+0000,1217992.0817331523,706779.9212292882,999999.9999999999,887044.4358889845,521200.1277133443,1376981.7230505513,1048658.3756036873
2025-03-30T08:10:00.000+0000,1221897.3528548803,706779.9212292882,999999.9999999999,887044.4358889845,521200.1277133443,1382985.2505632073,1048658.3756036873
2025-03-30T08:20:00.000+0000,1223005.3933727522,706779.9212292882,999999.9999999999,887044.4358889845,521200.1277133443,1384670.8547402152,1048658.3756036873
2025-03-30T08:30:00.000+0000,1221900.967550808,706779.9212292882,999999.9999999999,887044.4358889845,521200.1277133443,1382958.0557165032,1048658.3756036873
2025-03-30T08:40:00.000+0000,1221161.1265075202,706779.9212292882,999999.9999999999,887044.4358889845,521200.1277133443,1381822.9180137352,1048658.3756036873
2025-03-30T08:50:00.000+0000,1221180.5326801522,706779.9212292882,999999.9999999999,887044.4358889845,521200.1277133443,1381842.195259591,1048658.3756036873
2025-03-30T09:00:00.000+0000,1220276.8801709602,706779.9212292882,999999.9999999999,887044.4358889845,521200.1277133443,1380451.9778040072,1048658.3756036873
2025-03-30T09:10:00.000+0000,1219931.6152640323,706779.9212292882,999999.9999999999,887044.4358889845,521200.1277133443,1379924.2935294153,1048658.3756036873
2025-03-30T09:20:00.000+0000,1219773.096390664,706779.9212292882,999999.9999999999,887044.4358889845,521200.1277133443,1379674.4712072872,1048658.3756036873
2025-03-30T09:30:00.000+0000,1220292.757948568,706779.9212292882,999999.9999999999,887044.4358889845,521200.1277133443,1380467.7500960713,1048658.3756036873
2025-03-30T09:40:00.000+0000,1220377.2668273363,706779.9212292882,999999.9999999999,887044.4358889845,521200.1277133443,1380613.2685880712,1048658.3756036873
2025-03-30T09:50:00.000+0000,1220764.7861736482,706779.9212292882,999999.9999999999,887044.4358889845,521200.1277133443,1381213.7121086633,1048658.3756036873
2025-03-30T10:00:00.000+0000,1223378.799138968,706779.9212292882,999999.9999999999,887044.4358889845,521200.1277133443,1385257.2784456392,1048658.3756036873
2025-03-30T10:10:00.000+0000,1224597.7251973841,706779.9212292882,999999.9999999999,887044.4358889845,521200.1277133443,1387145.3880685833,1048658.3756036873
2025-03-30T10:20:00.000+0000,1224780.856535016,706779.9212292882,999999.9999999999,887044.4358889845,521200.1277133443,1387450.4448677513,1048658.3756036873
2025-03-30T10:30:00.000+0000,1223891.2313050162,706779.9212292882,999999.9999999999,887044.4358889845,521200.1277133443,1386104.9470278313,1048658.3756036873
2025-03-30T10:40:00.000+0000,1222785.0412855602,706779.9212292882,999999.9999999999,887044.4358889845,521200.1277133443,1384390.3955272231,1048658.3756036873
2025-03-30T10:50:00.000+0000,1223503.7119587043,706779.9212292882,999999.9999999999,887044.4358889845,521200.1277133443,1385504.5035072393,1048658.3756036873
2025-03-30T11:00:00.000+0000,1224012.788331536,706779.9212292882,999999.9999999999,887044.4358889845,521200.1277133443,1386287.2675346471,1048658.3756036873
2025-03-30T11:10:00.000+0000,1224340.4975642483,706779.9212292882,999999.9999999999,887044.4358889845,521200.1277133443,1386766.7272397832,1048658.3756036873
2025-03-30T11:20:00.000+0000,1224511.2795192963,706779.9212292882,999999.9999999999,887044.4358889845,521200.1277133443,1387059.5167006792,1048658.3756036873
2025-03-30T11:30:00.000+0000,1223369.8055496002,706779.9212292882,999999.9999999999,887044.4358889845,521200.1277133443,1385309.9156621513,1048658.3756036873
2025-03-30T11:40:00.000+0000,1224100.8256053282,706779.9212292882,999999.9999999999,887044.4358889845,521200.1277133443,1386436.2909804392,1048658.3756036873
2025-03-30T11:50:00.000+0000,1226017.4245685523,706779.9212292882,999999.9999999999,887044.4358889845,521200.1277133443,1389356.0792596552,1048658.3756036873
2025-03-30T12:00:00.000+0000,1229380.0995647202,706779.9212292882,999999.9999999999,887044.4358889845,521200.1277133443,1394543.5456838794,1048658.3756036873
2025-03-30T12:10:00.000+0000,1229612.6284326883,706779.9212292882,999999.9999999999,887044.4358889845,521200.1277133443,1394897.6718361352,1048658.3756036873
2025-03-30T12:20:00.000+0000,1230248.5544245762,706779.9212292882,999999.9999999999,887044.4358889845,521200.1277133443,1395868.013801047,1048658.3756036873
2025-03-30T12:30:00.000+0000,1231444.6322162403,706779.9212292882,999999.9999999999,887044.4358889845,521200.1277133443,1397702.6414238473,1048658.3756036873
2025-03-30T12:40:00.000+0000,1229313.1463601682,706779.9212292882,999999.9999999999,887044.4358889845,521200.1277133443,1394446.2517613352,1048658.3756036873
2025-03-30T12:50:00.000+0000,1231472.7730755282,706779.9212292882,999999.9999999999,887044.4358889845,521200.1277133443,1397761.3808546793,1048658.3756036873
2025-03-30T13:00:00.000+0000,1232149.1893092883,706779.9212292882,999999.9999999999,887044.4358889845,521200.1277133443,1398802.7295886953,1048658.3756036873
2025-03-30T13:10:00.000+0000,1234218.9282524402,706779.9212292882,999999.9999999999,887044.4358889845,521200.1277133443,1401997.7825598472,1048658.3756036873
2025-03-30T13:20:00.000+0000,1235582.3459050322,706779.9212292882,999999.9999999999,887044.4358889845,521200.1277133443,1404090.9948892551,1048658.3756036873
2025-03-30T13:30:00.000+0000,1233589.972749696,706779.9212292882,999999.9999999999,887044.4358889845,521200.1277133443,1401065.1503030153,1048658.3756036873
2025-03-30T13:40:00.000+0000,1236448.8639655681,706779.9212292882,999999.9999999999,887044.4358889845,521200.1277133443,1405475.1101305191,1048658.3756036873
2025-03-30T13:50:00.000+0000,1242836.0921419282,706779.9212292882,999999.9999999999,887044.4358889845,521200.1277133443,1415298.6688114633,1048658.3756036873
2025-03-30T14:00:00.000+0000,1251560.7857787441,706779.9212292882,999999.9999999999,887044.4358889845,521200.1277133443,1428737.1559542313,1048658.3756036873
2025-03-30T14:10:00.000+0000,1256933.3033035602,706779.9212292882,999999.9999999999,887044.4358889845,521200.1277133443,1437029.3913346473,1048658.3756036873
2025-03-30T14:20:00.000+0000,1250849.0855947442,706779.9212292882,999999.9999999999,887044.4358889845,521200.1277133443,1427660.7576822953,1048658.3756036873
2025-03-30T14:30:00.000+0000,1251204.9356867443,706779.9212292882,999999.9999999999,887044.4358889845,521200.1277133443,1428198.9568182633,1048658.3756036873
2025-03-30T14:40:00.000+0000,1252989.3061374722,706779.9212292882,999999.9999999999,887044.4358889845,521200.1277133443,1430956.6095297835,1048658.3756036873
2025-03-30T14:50:00.000+0000,1252119.0870801043,706779.9212292882,999999.9999999999,887044.4358889845,521200.1277133443,1429630.3889357192,1048658.3756036873
2025-03-30T15:00:00.000+0000,1254456.5525405603,706779.9212292882,999999.9999999999,887044.4358889845,521200.1277133443,1433245.3173975432,1048658.3756036873
2025-03-30T15:10:00.000+0000,1254620.4503073683,706779.9212292882,999999.9999999999,887044.4358889845,521200.1277133443,1433469.6973498631,1048658.3756036873
2025-03-30T15:20:00.000+0000,1257454.6427580724,706779.9212292882,999999.9999999999,887044.4358889845,521200.1277133443,1437855.1225008233,1048658.3756036873
2025-03-30T15:30:00.000+0000,1254905.7324988882,706779.9212292882,999999.9999999999,887044.4358889845,521200.1277133443,1433937.7974099913,1048658.3756036873
2025-03-30T15:40:00.000+0000,1254856.4212694562,706779.9212292882,999999.9999999999,887044.4358889845,521200.1277133443,1433858.0282564072,1048658.3756036873
2025-03-30T15:50:00.000+0000,1251944.6904291282,706779.9212292882,999999.9999999999,887044.4358889845,521200.1277133443,1429364.7943215272,1048658.3756036873
2025-03-30T16:00:00.000+0000,1247493.3810877202,706779.9212292882,999999.9999999999,887044.4358889845,521200.1277133443,1422511.0009661512,1048658.3756036873
2025-03-30T16:10:00.000+0000,1248004.3079589682,706779.9212292882,999999.9999999999,887044.4358889845,521200.1277133443,1423264.8176699593,1048658.3756036873
2025-03-30T16:20:00.000+0000,1247132.4110049922,706779.9212292882,999999.9999999999,887044.4358889845,521200.1277133443,1421906.1447985033,1048658.3756036873
2025-03-30T16:30:00.000+0000,1246811.8448632322,706779.9212292882,999999.9999999999,887044.4358889845,521200.1277133443,1421402.9952004552,1048658.3756036873
2025-03-30T16:40:00.000+0000,1251691.0774919202,706779.9212292882,999999.9999999999,887044.4358889845,521200.1277133443,1428958.9386460232,1048658.3756036873
2025-03-30T16:50:00.000+0000,1254491.7501898962,706779.9212292882,999999.9999999999,887044.4358889845,521200.1277133443,1433311.0667359591,1048658.3756036873
2025-03-30T17:00:00.000+0000,1254084.8246709523,706779.9212292882,999999.9999999999,887044.4358889845,521200.1277133443,1432691.3459695112,1048658.3756036873
2025-03-30T17:10:00.000+0000,1259034.7115010242,706779.9212292882,999999.9999999999,887044.4358889845,521200.1277133443,1440286.6886904233,1048658.3756036873
2025-03-30T17:20:00.000+0000,1255962.6975898163,706779.9212292882,999999.9999999999,887044.4358889845,521200.1277133443,1435541.8799565192,1048658.3756036873
2025-03-30T17:30:00.000+0000,1253516.0244854242,706779.9212292882,999999.9999999999,887044.4358889845,521200.1277133443,1431756.8983261513,1048658.3756036873
2025-03-30T17:40:00.000+0000,1251620.5958923441,706779.9212292882,999999.9999999999,887044.4358889845,521200.1277133443,1428858.1397696873,1048658.3756036873
2025-03-30T17:50:00.000+0000,1252055.6622705762,706779.9212292882,999999.9999999999,887044.4358889845,521200.1277133443,1429536.5999669675,1048658.3756036873
2025-03-30T18:00:00.000+0000,1252489.0507522002,706779.9212292882,999999.9999999999,887044.4358889845,521200.1277133443,1430182.6078868553,1048658.3756036873
2025-03-30T18:10:00.000+0000,1254204.7901017682,706779.9212292882,999999.9999999999,887044.4358889845,521200.1277133443,1432810.5143984393,1048658.3756036873
2025-03-30T18:20:00.000+0000,1253456.2143718242,706779.9212292882,999999.9999999999,887044.4358889845,521200.1277133443,1431635.9145106953,1048658.3756036873
2025-03-30T18:30:00.000+0000,1251537.9375119922,706779.9212292882,999999.9999999999,887044.4358889845,521200.1277133443,1428683.6739540873,1048658.3756036873
2025-03-30T18:40:00.000+0000,1253567.1862132722,706779.9212292882,999999.9999999999,887044.4358889845,521200.1277133443,1431807.7201561353,1048658.3756036873
2025-03-30T18:50:00.000+0000,1258034.4596331923,706779.9212292882,999999.9999999999,887044.4358889845,521200.1277133443,1438646.586003079,1048658.3756036873
2025-03-30T19:00:00.000+0000,1258087.2992576482,706779.9212292882,999999.9999999999,887044.4358889845,521200.1277133443,1438729.8601104552,1048658.3756036873
2025-03-30T19:10:00.000+0000,1257044.4477468163,706779.9212292882,999999.9999999999,887044.4358889845,521200.1277133443,1437139.7973790953,1048658.3756036873
2025-03-30T19:20:00.000+0000,1256220.0115238563,706779.9212292882,999999.9999999999,887044.4358889845,521200.1277133443,1435889.8409848232,1048658.3756036873
2025-03-30T19:30:00.000+0000,1254520.1499518962,706779.9212292882,999999.9999999999,887044.4358889845,521200.1277133443,1433277.7067653034,1048658.3756036873
2025-03-30T19:40:00.000+0000,1253996.9599989683,706779.9212292882,999999.9999999999,887044.4358889845,521200.1277133443,1432480.9229227272,1048658.3756036873
2025-03-30T19:50:00.000+0000,1252755.0993728961,706779.9212292882,999999.9999999999,887044.4358889845,521200.1277133443,1430570.0311001353,1048658.3756036873
2025-03-30T20:00:00.000+0000,1250653.6048745282,706779.9212292882,999999.9999999999,887044.4358889845,521200.1277133443,1427343.4335448553,1048658.3756036873
2025-03-30T20:10:00.000+0000,1253112.6273615041,706779.9212292882,999999.9999999999,887044.4358889845,521200.1277133443,1431140.6825134954,1048658.3756036873
2025-03-30T20:20:00.000+0000,1257382.5695627923,706779.9212292882,999999.9999999999,887044.4358889845,521200.1277133443,1437691.1715465994,1048658.3756036873
2025-03-30T20:30:00.000+0000,1256404.9070590003,706779.9212292882,999999.9999999999,887044.4358889845,521200.1277133443,1436196.6502608873,1048658.3756036873
2025-03-30T20:40:00.000+0000,1255865.8393284641,706779.9212292882,999999.9999999999,887044.4358889845,521200.1277133443,1435384.0941262473,1048658.3756036873
2025-03-30T20:50:00.000+0000,1252739.1352943843,706779.9212292882,999999.9999999999,887044.4358889845,521200.1277133443,1430584.9586085672,1048658.3756036873
2025-03-30T21:00:00.000+0000,1251786.1715557603,706779.9212292882,999999.9999999999,887044.4358889845,521200.1277133443,1429114.9719993994,1048658.3756036873
2025-03-30T21:10:00.000+0000,1251911.2569773041,706779.9212292882,999999.9999999999,887044.4358889845,521200.1277133443,1429300.7974600072,1048658.3756036873
2025-03-30T21:20:00.000+0000,1255619.1968804002,706779.9212292882,999999.9999999999,887044.4358889845,521200.1277133443,1435015.9481588234,1048658.3756036873
2025-03-30T21:30:00.000+0000,1256679.517764544,706779.9212292882,999999.9999999999,887044.4358889845,521200.1277133443,1436684.9352601352,1048658.3756036873
2025-03-30T21:40:00.000+0000,1258594.2662293522,706779.9212292882,999999.9999999999,887044.4358889845,521200.1277133443,1439633.6708629513,1048658.3756036873
2025-03-30T21:50:00.000+0000,1258957.0868104962,706779.9212292882,999999.9999999999,887044.4358889845,521200.1277133443,1440209.5797069992,1048658.3756036873
2025-03-30T22:00:00.000+0000,1259536.644782904,706779.9212292882,999999.9999999999,887044.4358889845,521200.1277133443,1441093.1426107432,1048658.3756036873
2025-03-30T22:10:00.000+0000,1257917.7636946882,706779.9212292882,999999.9999999999,887044.4358889845,521200.1277133443,1438623.0219294312,1048658.3756036873
2025-03-30T22:20:00.000+0000,1257165.573268816,706779.9212292882,999999.9999999999,887044.4358889845,521200.1277133443,1437475.6168883913,1048658.3756036873
2025-03-30T22:30:00.000+0000,1260258.8438510722,706779.9212292882,999999.9999999999,887044.4358889845,521200.1277133443,1442210.7555445512,1048658.3756036873
2025-03-30T22:40:00.000+0000,1264264.5879300802,706779.9212292882,999999.9999999999,887044.4358889845,521200.1277133443,1448344.8740407752,1048658.3756036873
2025-03-30T22:50:00.000+0000,1263952.7564749762,706779.9212292882,999999.9999999999,887044.4358889845,521200.1277133443,1447881.1866277033,1048658.3756036873
2025-03-30T23:00:00.000+0000,1258706.915967408,706779.9212292882,999999.9999999999,887044.4358889845,521200.1277133443,1439837.9287857832,1048658.3756036873
2025-03-30T23:10:00.000+0000,1257417.5083094162,706779.9212292882,999999.9999999999,887044.4358889845,521200.1277133443,1437849.0202865032,1048658.3756036873
2025-03-30T23:20:00.000+0000,1257665.7423531841,706779.9212292882,999999.9999999999,887044.4358889845,521200.1277133443,1438280.3183318153,1048658.3756036873
2025-03-30T23:30:00.000+0000,1257663.978155672,706779.9212292882,999999.9999999999,887044.4358889845,521200.1277133443,1438278.5658549191,1048658.3756036873
2025-03-30T23:40:00.000+0000,1254609.6062195841,706779.9212292882,999999.9999999999,887044.4358889845,521200.1277133443,1433551.2818899753,1048658.3756036873
2025-03-30T23:50:00.000+0000,1253138.7451205682,706779.9212292882,999999.9999999999,887044.4358889845,521200.1277133443,1431289.7688689192,1048658.3756036873
2025-03-31T00:00:00.000+0000,1254551.4740025923,706779.9212292882,999999.9999999999,887044.4358889845,521200.1277133443,1433462.7503519112,1048658.3756036873
2025-03-31T00:10:00.000+0000,1258026.8850377202,706779.9212292882,999999.9999999999,887044.4358889845,521200.1277133443,1438823.7748984713,1048658.3756036873
2025-03-31T00:20:00.000+0000,1259219.3481334564,706779.9212292882,999999.9999999999,887044.4358889845,521200.1277133443,1440685.5973679754,1048658.3756036873
2025-03-31T00:30:00.000+0000,1261114.6904256323,706779.9212292882,999999.9999999999,887044.4358889845,521200.1277133443,1443615.0557249351,1048658.3756036873
2025-03-31T00:40:00.000+0000,1261465.2479250962,706779.9212292882,999999.9999999999,887044.4358889845,521200.1277133443,1444147.9974302151,1048658.3756036873
2025-03-31T00:50:00.000+0000,1261902.1648017443,706779.9212292882,999999.9999999999,887044.4358889845,521200.1277133443,1444797.5103038952,1048658.3756036873
2025-03-31T01:00:00.000+0000,1261789.4287627842,706779.9212292882,999999.9999999999,887044.4358889845,521200.1277133443,1444623.9521815593,1048658.3756036873
2025-03-31T01:10:00.000+0000,1263193.5955599602,706779.9212292882,999999.9999999999,887044.4358889845,521200.1277133443,1446696.0718785832,1048658.3756036873
2025-03-31T01:20:00.000+0000,1264259.3816384482,706779.9212292882,999999.9999999999,887044.4358889845,521200.1277133443,1448308.9168095912,1048658.3756036873
2025-03-31T01:30:00.000+0000,1264585.2403727442,706779.9212292882,999999.9999999999,887044.4358889845,521200.1277133443,1448817.3238383273,1048658.3756036873
2025-03-31T01:40:00.000+0000,1261768.603596256,706779.9212292882,999999.9999999999,887044.4358889845,521200.1277133443,1444480.1232568233,1048658.3756036873
2025-03-31T01:50:00.000+0000,1260421.0637212722,706779.9212292882,999999.9999999999,887044.4358889845,521200.1277133443,1442402.6832194792,1048658.3756036873
2025-03-31T02:00:00.000+0000,1262793.726831064,706779.9212292882,999999.9999999999,887044.4358889845,521200.1277133443,1446083.3610197192,1048658.3756036873
2025-03-31T02:10:00.000+0000,1263124.8781578962,706779.9212292882,999999.9999999999,887044.4358889845,521200.1277133443,1446597.0254791435,1048658.3756036873
2025-03-31T02:20:00.000+0000,1262006.3387558563,706779.9212292882,999999.9999999999,887044.4358889845,521200.1277133443,1444870.2066402633,1048658.3756036873
2025-03-31T02:30:00.000+0000,1261728.0270534803,706779.9212292882,999999.9999999999,887044.4358889845,521200.1277133443,1444439.8162882153,1048658.3756036873
2025-03-31T02:40:00.000+0000,1263644.6260167041,706779.9212292882,999999.9999999999,887044.4358889845,521200.1277133443,1447359.6045674314,1048658.3756036873
2025-03-31T02:50:00.000+0000,1264534.1649458003,706779.9212292882,999999.9999999999,887044.4358889845,521200.1277133443,1448735.8022078471,1048658.3756036873
2025-03-31T03:00:00.000+0000,1262379.8308229763,706779.9212292882,999999.9999999999,887044.4358889845,521200.1277133443,1445425.9305451913,1048658.3756036873
2025-03-31T03:10:00.000+0000,1258833.8518873681,706779.9212292882,999999.9999999999,887044.4358889845,521200.1277133443,1439994.8069227913,1048658.3756036873
2025-03-31T03:20:00.000+0000,1258546.8054983362,706779.9212292882,999999.9999999999,887044.4358889845,521200.1277133443,1439524.9543857672,1048658.3756036873
2025-03-31T03:30:00.000+0000,1259801.0155069921,706779.9212292882,999999.9999999999,887044.4358889845,521200.1277133443,1441448.1135466313,1048658.3756036873
2025-03-31T03:40:00.000+0000,1262002.8103608321,706779.9212292882,999999.9999999999,887044.4358889845,521200.1277133443,1444866.7016864712,1048658.3756036873
2025-03-31T03:50:00.000+0000,1265649.0896519122,706779.9212292882,999999.9999999999,887044.4358889845,521200.1277133443,1450489.8158934312,1048658.3756036873
2025-03-31T04:00:00.000+0000,1264498.794694656,706779.9212292882,999999.9999999999,887044.4358889845,521200.1277133443,1448731.4524704232,1048658.3756036873
2025-03-31T04:10:00.000+0000,1262206.6494670166,25859.14152928835,999999.9999999999,887044.4358889845,521200.1277133443,1445441.628304495,299066.7884536871
2025-03-31T04:20:00.000+0000,1258981.3229740716,25859.14152928835,999999.9999999999,887044.4358889845,521200.1277133443,1440482.9544796476,299066.7884536871
2025-03-31T04:30:00.000+0000,1261271.4140044157,706235.1846055276,999999.9999999999,887044.4358889845,521200.1277133443,1443958.4666637916,1048058.7023339676
2025-03-31T04:40:00.000+0000,1264403.4106310317,706235.1846055276,999999.9999999999,887044.4358889845,521200.1277133443,1448762.8596121597,1048058.7023339676
2025-03-31T04:50:00.000+0000,1265062.1848896716,706235.1846055276,999999.9999999999,887044.4358889845,521200.1277133443,1449786.6835772155,1048058.7023339676
2025-03-31T05:00:00.000+0000,1263223.2106169758,706235.1846055276,999999.9999999999,887044.4358889845,521200.1277133443,1446944.0042814235,1048058.7023339676
2025-03-31T05:10:00.000+0000,1260484.1122301116,706235.1846055276,999999.9999999999,887044.4358889845,521200.1277133443,1442714.6124838395,1048058.7023339676
2025-03-31T05:20:00.000+0000,1259133.0439601035,706235.1846055276,999999.9999999999,887044.4358889845,521200.1277133443,1440633.6674927035,1048058.7023339676
2025-03-31T05:30:00.000+0000,1259708.9872365836,706235.1846055276,999999.9999999999,887044.4358889845,521200.1277133443,1441544.4252431516,1048058.7023339676
2025-03-31T05:40:00.000+0000,1259760.0626635277,706235.1846055276,999999.9999999999,887044.4358889845,521200.1277133443,1441625.9468736316,1048058.7023339676
2025-03-31T05:50:00.000+0000,1259721.3366191676,706235.1846055276,999999.9999999999,887044.4358889845,521200.1277133443,1441556.6925814236,1048058.7023339676
2025-03-31T06:00:00.000+0000,1256814.8120704717,706235.1846055276,999999.9999999999,887044.4358889845,521200.1277133443,1437099.4158777276,1048058.7023339676
2025-03-31T06:10:00.000+0000,1255275.2335693915,706235.1846055276,999999.9999999999,887044.4358889845,521200.1277133443,1434738.8564572316,1048058.7023339676
2025-03-31T06:20:00.000+0000,1255882.9324010876,706235.1846055276,999999.9999999999,887044.4358889845,521200.1277133443,1435681.1587918075,1048058.7023339676
2025-03-31T06:30:00.000+0000,1256027.3376943597,706235.1846055276,999999.9999999999,887044.4358889845,521200.1277133443,1435916.9612987675,1048058.7023339676
2025-03-31T06:40:00.000+0000,1255336.8941814075,706235.1846055276,999999.9999999999,887044.4358889845,521200.1277133443,1434830.8929490875,1048058.7023339676
2025-03-31T06:50:00.000+0000,1253894.1739416798,706235.1846055276,999999.9999999999,887044.4358889845,521200.1277133443,1432628.1193588637,1048058.7023339676
2025-03-31T07:00:00.000+0000,1254350.4106900557,706235.1846055276,999999.9999999999,887044.4358889845,521200.1277133443,1433327.6092788957,1048058.7023339676
2025-03-31T07:10:00.000+0000,1253584.1066840875,706235.1846055276,999999.9999999999,887044.4358889845,521200.1277133443,1432166.1844226876,1048058.7023339676
2025-03-31T07:20:00.000+0000,1254077.3052793117,706235.1846055276,999999.9999999999,887044.4358889845,521200.1277133443,1432933.1761580314,1048058.7023339676
2025-03-31T07:30:00.000+0000,1252493.6218404316,706235.1846055276,999999.9999999999,887044.4358889845,521200.1277133443,1430528.8048151354,1048058.7023339676
2025-03-31T07:40:00.000+0000,1251764.3659822156,706235.1846055276,999999.9999999999,887044.4358889845,521200.1277133443,1429404.1819737437,1048058.7023339676
2025-03-31T07:50:00.000+0000,1254436.5111645276,706235.1846055276,999999.9999999999,887044.4358889845,521200.1277133443,1433536.2798487835,1048058.7023339676
2025-03-31T08:00:00.000+0000,1257212.7440000477,706235.1846055276,999999.9999999999,887044.4358889845,521200.1277133443,1437771.7738606874,1048058.7023339676
2025-03-31T08:10:00.000+0000,1259647.1540227598,706235.1846055276,999999.9999999999,887044.4358889845,521200.1277133443,1441513.7883522876,1048058.7023339676
2025-03-31T08:20:00.000+0000,1258704.7754692077,706235.1846055276,999999.9999999999,887044.4358889845,521200.1277133443,1440054.3166044955,1048058.7023339676
2025-03-31T08:30:00.000+0000,1257947.2924507996,706235.1846055276,999999.9999999999,887044.4358889845,521200.1277133443,1438901.6541327676,1048058.7023339676
2025-03-31T08:40:00.000+0000,1257483.9989123757,706235.1846055276,999999.9999999999,887044.4358889845,521200.1277133443,1438195.1543051517,1048058.7023339676
2025-03-31T08:50:00.000+0000,1254577.3880627756,706235.1846055276,999999.9999999999,887044.4358889845,521200.1277133443,1433768.5774019517,1048058.7023339676
2025-03-31T09:00:00.000+0000,1254186.3403214398,706235.1846055276,999999.9999999999,887044.4358889845,521200.1277133443,1433164.6289275675,1048058.7023339676
2025-03-31T09:10:00.000+0000,1257603.6191395756,706235.1846055276,999999.9999999999,887044.4358889845,521200.1277133443,1438437.1219360637,1048058.7023339676
2025-03-31T09:20:00.000+0000,1256733.4863831117,706235.1846055276,999999.9999999999,887044.4358889845,521200.1277133443,1437080.2015415037,1048058.7023339676
2025-03-31T09:30:00.000+0000,1253874.5088663357,706235.1846055276,999999.9999999999,887044.4358889845,521200.1277133443,1432700.9415144955,1048058.7023339676
2025-03-31T09:40:00.000+0000,1253208.6778176478,706235.1846055276,999999.9999999999,887044.4358889845,521200.1277133443,1431670.1076418555,1048058.7023339676
2025-03-31T09:50:00.000+0000,1252514.6196087678,706235.1846055276,999999.9999999999,887044.4358889845,521200.1277133443,1430611.2341388795,1048058.7023339676
2025-03-31T10:00:00.000+0000,1251461.3555146717,706235.1846055276,999999.9999999999,887044.4358889845,521200.1277133443,1428949.2569451516,1048058.7023339676
2025-03-31T10:10:00.000+0000,1249594.0677808796,706235.1846055276,999999.9999999999,887044.4358889845,521200.1277133443,1426109.2378195196,1048058.7023339676
2025-03-31T10:20:00.000+0000,1248993.5120401357,706235.1846055276,999999.9999999999,887044.4358889845,521200.1277133443,1425143.2455920316,1048058.7023339676
2025-03-31T10:30:00.000+0000,1245708.2891326877,706235.1846055276,999999.9999999999,887044.4358889845,521200.1277133443,1420094.2877522237,1048058.7023339676
2025-03-31T10:40:00.000+0000,1246929.0656895197,706235.1846055276,999999.9999999999,887044.4358889845,521200.1277133443,1421953.4500515675,1048058.7023339676
2025-03-31T10:50:00.000+0000,1249793.3357988317,706235.1846055276,999999.9999999999,887044.4358889845,521200.1277133443,1426337.9675092637,1048058.7023339676
2025-03-31T11:00:00.000+0000,1247774.5859817197,706235.1846055276,999999.9999999999,887044.4358889845,521200.1277133443,1423255.1359690875,1048058.7023339676
2025-03-31T11:10:00.000+0000,1246944.9434671276,706235.1846055276,999999.9999999999,887044.4358889845,521200.1277133443,1421969.2223436316,1048058.7023339676
2025-03-31T11:20:00.000+0000,1248089.9458318476,706235.1846055276,999999.9999999999,887044.4358889845,521200.1277133443,1423722.3283359515,1048058.7023339676
2025-03-31T11:30:00.000+0000,1248556.6814643918,706235.1846055276,999999.9999999999,887044.4358889845,521200.1277133443,1424463.0329178555,1048058.7023339676
2025-03-31T11:40:00.000+0000,1249668.2503772876,706235.1846055276,999999.9999999999,887044.4358889845,521200.1277133443,1426152.1420486555,1048058.7023339676
2025-03-31T11:50:00.000+0000,1250755.1205250155,706235.1846055276,999999.9999999999,887044.4358889845,521200.1277133443,1427816.7165029114,1048058.7023339676
2025-03-31T12:00:00.000+0000,1250464.4594400555,706235.1846055276,999999.9999999999,887044.4358889845,521200.1277133443,1427374.0588125915,1048058.7023339676
2025-03-31T12:10:00.000+0000,1250457.4026500075,706235.1846055276,999999.9999999999,887044.4358889845,521200.1277133443,1427367.0489050075,1048058.7023339676
2025-03-31T12:20:00.000+0000,1250364.0727836797,706235.1846055276,999999.9999999999,887044.4358889845,521200.1277133443,1427212.7680285275,1048058.7023339676
2025-03-31T12:30:00.000+0000,1250364.0727836797,706235.1846055276,999999.9999999999,887044.4358889845,521200.1277133443,1427212.7680285275,1048058.7023339676
2025-03-31T12:40:00.000+0000,1251887.7735071518,706235.1846055276,999999.9999999999,887044.4358889845,521200.1277133443,1429557.5551569597,1048058.7023339676
2025-03-31T12:50:00.000+0000,1253874.8540699517,706235.1846055276,999999.9999999999,887044.4358889845,521200.1277133443,1432578.1423125116,1048058.7023339676
2025-03-31T13:00:00.000+0000,1254091.5051603117,706235.1846055276,999999.9999999999,887044.4358889845,521200.1277133443,1432916.4961727036,1048058.7023339676
2025-03-31T13:10:00.000+0000,1252675.2478832637,706235.1846055276,999999.9999999999,887044.4358889845,521200.1277133443,1430740.0097359195,1048058.7023339676
2025-03-31T13:20:00.000+0000,1249479.9127480236,706235.1846055276,999999.9999999999,887044.4358889845,521200.1277133443,1425811.1280183035,1048058.7023339676
2025-03-31T13:30:00.000+0000,1246698.3873199676,706235.1846055276,999999.9999999999,887044.4358889845,521200.1277133443,1421570.3765757116,1048058.7023339676
2025-03-31T13:40:00.000+0000,1247721.7463572635,706235.1846055276,999999.9999999999,887044.4358889845,521200.1277133443,1423171.8618617116,1048058.7023339676
2025-03-31T13:50:00.000+0000,1248329.5314898638,706235.1846055276,999999.9999999999,887044.4358889845,521200.1277133443,1424083.4643957915,1048058.7023339676
2025-03-31T14:00:00.000+0000,1248944.3734125118,706235.1846055276,999999.9999999999,887044.4358889845,521200.1277133443,1425002.0768374556,1048058.7023339676
2025-03-31T14:10:00.000+0000,1249173.4601863597,706235.1846055276,999999.9999999999,887044.4358889845,521200.1277133443,1425321.9982354236,1048058.7023339676
2025-03-31T14:20:00.000+0000,1247989.7317772796,706235.1846055276,999999.9999999999,887044.4358889845,521200.1277133443,1423499.6379508956,1048058.7023339676
2025-03-31T14:30:00.000+0000,1250084.1694855997,706235.1846055276,999999.9999999999,887044.4358889845,521200.1277133443,1426719.2255985916,1048058.7023339676
2025-03-31T14:40:00.000+0000,1249737.1403811597,706235.1846055276,999999.9999999999,887044.4358889845,521200.1277133443,1426189.7888471035,1048058.7023339676
2025-03-31T14:50:00.000+0000,1254352.3474893756,706235.1846055276,999999.9999999999,887044.4358889845,521200.1277133443,1433267.9621547996,1048058.7023339676
2025-03-31T15:00:00.000+0000,1252212.1269466477,706235.1846055276,999999.9999999999,887044.4358889845,521200.1277133443,1429972.1103073116,1048058.7023339676
2025-03-31T15:10:00.000+0000,1252816.2973833196,706235.1846055276,999999.9999999999,887044.4358889845,521200.1277133443,1430910.9076880957,1048058.7023339676
2025-03-31T15:20:00.000+0000,1252317.8061955597,706235.1846055276,999999.9999999999,887044.4358889845,521200.1277133443,1430138.6585220636,1048058.7023339676
2025-03-31T15:30:00.000+0000,1249610.3770630078,706235.1846055276,999999.9999999999,887044.4358889845,521200.1277133443,1425971.5111091037,1048058.7023339676
2025-03-31T15:40:00.000+0000,1249661.4524899516,706235.1846055276,999999.9999999999,887044.4358889845,521200.1277133443,1426053.0327395836,1048058.7023339676
2025-03-31T15:50:00.000+0000,1250450.6047626715,706235.1846055276,999999.9999999999,887044.4358889845,521200.1277133443,1427267.9395959356,1048058.7023339676
2025-03-31T16:00:00.000+0000,1251148.1050656717,706235.1846055276,999999.9999999999,887044.4358889845,521200.1277133443,1428361.0178531995,1048058.7023339676
2025-03-31T16:10:00.000+0000,1252738.6726927916,706235.1846055276,999999.9999999999,887044.4358889845,521200.1277133443,1430833.7987046717,1048058.7023339676
2025-03-31T16:20:00.000+0000,1251801.5867317757,706235.1846055276,999999.9999999999,887044.4358889845,521200.1277133443,1429379.5843875676,1048058.7023339676
2025-03-31T16:30:00.000+0000,1253122.7499449835,706235.1846055276,999999.9999999999,887044.4358889845,521200.1277133443,1431400.0374709754,1048058.7023339676
2025-03-31T16:40:00.000+0000,1253161.4759893436,706235.1846055276,999999.9999999999,887044.4358889845,521200.1277133443,1431469.2917631837,1048058.7023339676
2025-03-31T16:50:00.000+0000,1252939.5323064476,706235.1846055276,999999.9999999999,887044.4358889845,521200.1277133443,1431125.6804723036,1048058.7023339676
2025-03-31T17:00:00.000+0000,1255289.3471494876,706235.1846055276,999999.9999999999,887044.4358889845,521200.1277133443,1434752.8762723994,1048058.7023339676
2025-03-31T17:10:00.000+0000,1252039.4081922797,706235.1846055276,999999.9999999999,887044.4358889845,521200.1277133443,1429738.9679705114,1048058.7023339676
2025-03-31T17:20:00.000+0000,1249687.8291517277,706235.1846055276,999999.9999999999,887044.4358889845,521200.1277133443,1426110.0196935195,1048058.7023339676
2025-03-31T17:30:00.000+0000,1247154.7103692477,706235.1846055276,999999.9999999999,887044.4358889845,521200.1277133443,1422239.1666952476,1048058.7023339676
2025-03-31T17:40:00.000+0000,1245077.8283351436,706235.1846055276,999999.9999999999,887044.4358889845,521200.1277133443,1419067.8036170076,1048058.7023339676
2025-03-31T17:50:00.000+0000,1245717.2827220557,706235.1846055276,999999.9999999999,887044.4358889845,521200.1277133443,1420041.6505357116,1048058.7023339676
2025-03-31T18:00:00.000+0000,1248162.1916289357,706235.1846055276,999999.9999999999,887044.4358889845,521200.1277133443,1423824.8796891836,1048058.7023339676
2025-03-31T18:10:00.000+0000,1249953.7051706156,706235.1846055276,999999.9999999999,887044.4358889845,521200.1277133443,1426558.8425077917,1048058.7023339676
2025-03-31T18:20:00.000+0000,1250579.0459774316,706235.1846055276,999999.9999999999,887044.4358889845,521200.1277133443,1427518.6696113276,1048058.7023339676
2025-03-31T18:30:00.000+0000,1250321.9046451997,706235.1846055276,999999.9999999999,887044.4358889845,521200.1277133443,1427109.3089820317,1048058.7023339676
2025-03-31T18:40:00.000+0000,1250371.2158746317,706235.1846055276,999999.9999999999,887044.4358889845,521200.1277133443,1427189.0781356157,1048058.7023339676
2025-03-31T18:50:00.000+0000,1249145.2330261676,706235.1846055276,999999.9999999999,887044.4358889845,521200.1277133443,1425293.9586050876,1048058.7023339676
2025-03-31T19:00:00.000+0000,1248132.3728730397,706235.1846055276,999999.9999999999,887044.4358889845,521200.1277133443,1423733.6879809597,1048058.7023339676
2025-03-31T19:10:00.000+0000,1247406.6454098476,706235.1846055276,999999.9999999999,887044.4358889845,521200.1277133443,1422612.5700933596,1048058.7023339676
2025-03-31T19:20:00.000+0000,1246261.6430451276,706235.1846055276,999999.9999999999,887044.4358889845,521200.1277133443,1420859.4641010396,1048058.7023339676
2025-03-31T19:30:00.000+0000,1246640.3414038797,706235.1846055276,999999.9999999999,887044.4358889845,521200.1277133443,1421451.1452371515,1048058.7023339676
2025-03-31T19:40:00.000+0000,1246099.5094758316,706235.1846055276,999999.9999999999,887044.4358889845,521200.1277133443,1420636.8366256156,1048058.7023339676
2025-03-31T19:50:00.000+0000,1245905.7066522236,706235.1846055276,999999.9999999999,887044.4358889845,521200.1277133443,1420351.9647655676,1048058.7023339676
2025-03-31T20:00:00.000+0000,1244283.3834698875,706235.1846055276,999999.9999999999,887044.4358889845,521200.1277133443,1417847.6393299676,1048058.7023339676
2025-03-31T20:10:00.000+0000,1245502.3958292077,706235.1846055276,999999.9999999999,887044.4358889845,521200.1277133443,1419705.0491524157,1048058.7023339676
2025-03-31T20:20:00.000+0000,1245757.8592648318,706235.1846055276,999999.9999999999,887044.4358889845,521200.1277133443,1420081.9575043195,1048058.7023339676
2025-03-31T20:30:00.000+0000,1244972.2353871358,706235.1846055276,999999.9999999999,887044.4358889845,521200.1277133443,1418870.5556017596,1048058.7023339676
2025-03-31T20:40:00.000+0000,1245486.6043525035,706235.1846055276,999999.9999999999,887044.4358889845,521200.1277133443,1419658.5770598557,1048058.7023339676
2025-03-31T20:50:00.000+0000,1244380.3280321436,706235.1846055276,999999.9999999999,887044.4358889845,521200.1277133443,1417974.7253597435,1048058.7023339676
2025-03-31T21:00:00.000+0000,1244560.0172756556,706235.1846055276,999999.9999999999,887044.4358889845,521200.1277133443,1418245.5774046234,1048058.7023339676
2025-03-31T21:10:00.000+0000,1244628.7346777197,706235.1846055276,999999.9999999999,887044.4358889845,521200.1277133443,1418344.6238040635,1048058.7023339676
2025-03-31T21:20:00.000+0000,1242451.5522881437,706235.1846055276,999999.9999999999,887044.4358889845,521200.1277133443,1414981.2701412635,1048058.7023339676
2025-03-31T21:30:00.000+0000,1242099.2305911677,706235.1846055276,999999.9999999999,887044.4358889845,521200.1277133443,1414446.5759590873,1048058.7023339676
2025-03-31T21:40:00.000+0000,1242049.9193617357,706235.1846055276,999999.9999999999,887044.4358889845,521200.1277133443,1414366.8068055036,1048058.7023339676
2025-03-31T21:50:00.000+0000,1240755.3054121116,706235.1846055276,999999.9999999999,887044.4358889845,521200.1277133443,1412341.9410750396,1048058.7023339676
2025-03-31T22:00:00.000+0000,1240022.3485570636,706235.1846055276,999999.9999999999,887044.4358889845,521200.1277133443,1411275.2128808475,1048058.7023339676
2025-03-31T22:10:00.000+0000,1239662.9700700396,706235.1846055276,999999.9999999999,887044.4358889845,521200.1277133443,1410733.5087910877,1048058.7023339676
2025-03-31T22:20:00.000+0000,1239072.8269125596,706235.1846055276,999999.9999999999,887044.4358889845,521200.1277133443,1409839.4310259675,1048058.7023339676
2025-03-31T22:30:00.000+0000,1239153.8936972078,706235.1846055276,999999.9999999999,887044.4358889845,521200.1277133443,1409950.7447636796,1048058.7023339676
2025-03-31T22:40:00.000+0000,1237975.4578806637,706235.1846055276,999999.9999999999,887044.4358889845,521200.1277133443,1408133.6419098396,1048058.7023339676
2025-03-31T22:50:00.000+0000,1237919.0898611837,706235.1846055276,999999.9999999999,887044.4358889845,521200.1277133443,1408046.8628486716,1048058.7023339676
2025-03-31T23:00:00.000+0000,1238764.6101533836,706235.1846055276,999999.9999999999,887044.4358889845,521200.1277133443,1409348.5487661916,1048058.7023339676
2025-03-31T23:10:00.000+0000,1238854.4979255917,706235.1846055276,999999.9999999999,887044.4358889845,521200.1277133443,1409468.6248883836,1048058.7023339676
2025-03-31T23:20:00.000+0000,1237871.5428292635,706235.1846055276,999999.9999999999,887044.4358889845,521200.1277133443,1407968.8461719835,1048058.7023339676
2025-03-31T23:30:00.000+0000,1237646.0707513436,706235.1846055276,999999.9999999999,887044.4358889845,521200.1277133443,1407621.7299273117,1048058.7023339676
2025-03-31T23:40:00.000+0000,1237624.9866821037,706235.1846055276,999999.9999999999,887044.4358889845,521200.1277133443,1407570.0004040636,1048058.7023339676
2025-03-31T23:50:00.000+0000,1237473.5245987836,706235.1846055276,999999.9999999999,887044.4358889845,521200.1277133443,1407327.1879895197,1048058.7023339676
2025-04-01T00:00:00.000+0000,1236501.1546875276,706235.1846055276,999999.9999999999,887044.4358889845,521200.1277133443,1405837.9241344957,1048058.7023339676
2025-04-01T00:10:00.000+0000,1235646.8134077676,706235.1846055276,999999.9999999999,887044.4358889845,521200.1277133443,1404527.4758324956,1048058.7023339676
2025-04-01T00:20:00.000+0000,1236552.2301144716,706235.1846055276,999999.9999999999,887044.4358889845,521200.1277133443,1405919.4457649756,1048058.7023339676
2025-04-01T00:30:00.000+0000,1237031.4014305037,706235.1846055276,999999.9999999999,887044.4358889845,521200.1277133443,1406641.7178846556,1048058.7023339676
2025-04-01T00:40:00.000+0000,1235000.3885317117,706235.1846055276,999999.9999999999,887044.4358889845,521200.1277133443,1403515.9192057117,1048058.7023339676
2025-04-01T00:50:00.000+0000,1234935.1995246715,706235.1846055276,999999.9999999999,887044.4358889845,521200.1277133443,1403420.3777600634,1048058.7023339676
2025-04-01T01:00:00.000+0000,1234801.2931155676,706235.1846055276,999999.9999999999,887044.4358889845,521200.1277133443,1403225.7899149756,1048058.7023339676
2025-04-01T01:10:00.000+0000,1235102.4530846956,706235.1846055276,999999.9999999999,887044.4358889845,521200.1277133443,1403709.6622671676,1048058.7023339676
2025-04-01T01:20:00.000+0000,1235660.8406869597,706235.1846055276,999999.9999999999,887044.4358889845,521200.1277133443,1404572.1954481597,1048058.7023339676
2025-04-01T01:30:00.000+0000,1235387.8215771196,706235.1846055276,999999.9999999999,887044.4358889845,521200.1277133443,1404147.0625267995,1048058.7023339676
2025-04-01T01:40:00.000+0000,1234707.8769483357,706235.1846055276,999999.9999999999,887044.4358889845,521200.1277133443,1403102.2088389916,1048058.7023339676
2025-04-01T01:50:00.000+0000,1234885.8019943356,706235.1846055276,999999.9999999999,887044.4358889845,521200.1277133443,1403371.3084069756,1048058.7023339676
2025-04-01T02:00:00.000+0000,1233931.0740581998,706235.1846055276,999999.9999999999,887044.4358889845,521200.1277133443,1401899.5693209115,1048058.7023339676
2025-04-01T02:10:00.000+0000,1234933.4353271597,706235.1846055276,999999.9999999999,887044.4358889845,521200.1277133443,1403418.6252831675,1048058.7023339676
2025-04-01T02:20:00.000+0000,1234739.7188044556,706235.1846055276,999999.9999999999,887044.4358889845,521200.1277133443,1403103.0536226234,1048058.7023339676
2025-04-01T02:30:00.000+0000,1235283.9928266236,706235.1846055276,999999.9999999999,887044.4358889845,521200.1277133443,1403951.5669884477,1048058.7023339676
2025-04-01T02:40:00.000+0000,1235986.8720230637,706235.1846055276,999999.9999999999,887044.4358889845,521200.1277133443,1405019.2028759036,1048058.7023339676
2025-04-01T02:50:00.000+0000,1237279.8080760797,706235.1846055276,999999.9999999999,887044.4358889845,521200.1277133443,1407011.6163289757,1048058.7023339676
2025-04-01T03:00:00.000+0000,1238273.3483574796,706235.1846055276,999999.9999999999,887044.4358889845,521200.1277133443,1408521.9099067515,1048058.7023339676
2025-04-01T03:10:00.000+0000,1237313.3278288078,706235.1846055276,999999.9999999999,887044.4358889845,521200.1277133443,1407044.9133899994,1048058.7023339676
2025-04-01T03:20:00.000+0000,1237706.1397676556,706235.1846055276,999999.9999999999,887044.4358889845,521200.1277133443,1407650.6143412795,1048058.7023339676
2025-04-01T03:30:00.000+0000,1237692.0261875596,706235.1846055276,999999.9999999999,887044.4358889845,521200.1277133443,1407636.5945261116,1048058.7023339676
2025-04-01T03:40:00.000+0000,1238748.9049775838,706235.1846055276,999999.9999999999,887044.4358889845,521200.1277133443,1409271.3768731356,1048058.7023339676
2025-04-01T03:50:00.000+0000,1238504.0267270317,706235.1846055276,999999.9999999999,887044.4358889845,521200.1277133443,1408904.9833826076,1048058.7023339676
2025-04-01T04:00:00.000+0000,1241717.0038373917,706235.1846055276,999999.9999999999,887044.4358889845,521200.1277133443,1413851.3898691835,1048058.7023339676
2025-04-01T04:10:00.000+0000,1244996.9341523037,706235.1846055276,999999.9999999999,887044.4358889845,521200.1277133443,1418895.0902783035,1048058.7023339676
2025-04-01T04:20:00.000+0000,1246233.5021858397,706235.1846055276,999999.9999999999,887044.4358889845,521200.1277133443,1420800.7246702076,1048058.7023339676
2025-04-01T04:30:00.000+0000,1247995.0243698156,706235.1846055276,999999.9999999999,887044.4358889845,521200.1277133443,1423504.8953815836,1048058.7023339676
2025-04-01T04:40:00.000+0000,1248060.2133768557,706235.1846055276,999999.9999999999,887044.4358889845,521200.1277133443,1423600.4368272314,1048058.7023339676
2025-04-01T04:50:00.000+0000,1248104.2320137518,706235.1846055276,999999.9999999999,887044.4358889845,521200.1277133443,1423674.9485501274,1048058.7023339676
2025-04-01T05:00:00.000+0000,1248268.0434796556,706235.1846055276,999999.9999999999,887044.4358889845,521200.1277133443,1423930.0283029436,1048058.7023339676
2025-04-01T05:10:00.000+0000,1246557.6830235277,706235.1846055276,999999.9999999999,887044.4358889845,521200.1277133443,1421276.6794215515,1048058.7023339676
2025-04-01T05:20:00.000+0000,1246298.7774937837,706235.1846055276,999999.9999999999,887044.4358889845,521200.1277133443,1420865.5663153597,1048058.7023339676
2025-04-01T05:30:00.000+0000,1242673.4959710396,706235.1846055276,999999.9999999999,887044.4358889845,521200.1277133443,1415324.8814321435,1048058.7023339676
2025-04-01T05:40:00.000+0000,1242354.6940267917,706235.1846055276,999999.9999999999,887044.4358889845,521200.1277133443,1414823.4843109916,1048058.7023339676
2025-04-01T05:50:00.000+0000,1243365.7899824078,706235.1846055276,999999.9999999999,887044.4358889845,521200.1277133443,1416382.0024582236,1048058.7023339676
2025-04-01T06:00:00.000+0000,1242088.6454060955,706235.1846055276,999999.9999999999,887044.4358889845,521200.1277133443,1414436.0610977113,1048058.7023339676
2025-04-01T06:10:00.000+0000,1243115.6191393198,706235.1846055276,999999.9999999999,887044.4358889845,521200.1277133443,1416010.3515370076,1048058.7023339676
2025-04-01T06:20:00.000+0000,1245484.8401549917,706235.1846055276,999999.9999999999,887044.4358889845,521200.1277133443,1419656.8245829595,1048058.7023339676
2025-04-01T06:30:00.000+0000,1247785.4300695036,706235.1846055276,999999.9999999999,887044.4358889845,521200.1277133443,1423173.5514289755,1048058.7023339676
2025-04-01T06:40:00.000+0000,1245472.5770733117,706235.1846055276,999999.9999999999,887044.4358889845,521200.1277133443,1419613.8574441916,1048058.7023339676
2025-04-01T06:50:00.000+0000,1246673.9474575117,706235.1846055276,999999.9999999999,887044.4358889845,521200.1277133443,1421453.7424976795,1048058.7023339676
2025-04-01T07:00:00.000+0000,1243293.6304862236,706235.1846055276,999999.9999999999,887044.4358889845,521200.1277133443,1416248.7513044956,1048058.7023339676
2025-04-01T07:10:00.000+0000,1243413.4233152317,706235.1846055276,999999.9999999999,887044.4358889845,521200.1277133443,1416429.3193344157,1048058.7023339676
2025-04-01T07:20:00.000+0000,1242708.7799212798,706235.1846055276,999999.9999999999,887044.4358889845,521200.1277133443,1415359.9309700637,1048058.7023339676
2025-04-01T07:30:00.000+0000,1243732.2252594796,706235.1846055276,999999.9999999999,887044.4358889845,521200.1277133443,1416930.7164555676,1048058.7023339676
2025-04-01T07:40:00.000+0000,1244456.1885251596,706235.1846055276,999999.9999999999,887044.4358889845,521200.1277133443,1418050.0818662716,1048058.7023339676
2025-04-01T07:50:00.000+0000,1245817.8419802396,706235.1846055276,999999.9999999999,887044.4358889845,521200.1277133443,1420141.5417187836,1048058.7023339676
2025-04-01T08:00:00.000+0000,1245148.4825365276,706235.1846055276,999999.9999999999,887044.4358889845,521200.1277133443,1419107.2028923514,1048058.7023339676
2025-04-01T08:10:00.000+0000,1245425.1163422957,706235.1846055276,999999.9999999999,887044.4358889845,521200.1277133443,1419505.1409670075,1048058.7023339676
2025-04-01T08:20:00.000+0000,1244635.9640695758,706235.1846055276,999999.9999999999,887044.4358889845,521200.1277133443,1418290.2341106557,1048058.7023339676
2025-04-01T08:30:00.000+0000,1245167.9750100637,706235.1846055276,999999.9999999999,887044.4358889845,521200.1277133443,1419095.7803377116,1048058.7023339676
2025-04-01T08:40:00.000+0000,1243894.3588287756,706235.1846055276,999999.9999999999,887044.4358889845,521200.1277133443,1417153.3439309916,1048058.7023339676
2025-04-01T08:50:00.000+0000,1243158.1324814158,706235.1846055276,999999.9999999999,887044.4358889845,521200.1277133443,1415991.0113815195,1048058.7023339676
2025-04-01T09:00:00.000+0000,1243503.3973883437,706235.1846055276,999999.9999999999,887044.4358889845,521200.1277133443,1416518.6956561115,1048058.7023339676
2025-04-01T09:10:00.000+0000,1242936.1887985198,706235.1846055276,999999.9999999999,887044.4358889845,521200.1277133443,1415647.4000906395,1048058.7023339676
2025-04-01T09:20:00.000+0000,1243253.2265452556,706235.1846055276,999999.9999999999,887044.4358889845,521200.1277133443,1416147.0447348957,1048058.7023339676
2025-04-01T09:30:00.000+0000,1243203.9153158236,706235.1846055276,999999.9999999999,887044.4358889845,521200.1277133443,1416067.2755813117,1048058.7023339676
2025-04-01T09:40:00.000+0000,1243402.9244310637,706235.1846055276,999999.9999999999,887044.4358889845,521200.1277133443,1416388.1046725437,1048058.7023339676
2025-04-01T09:50:00.000+0000,1243869.7463645115,706235.1846055276,999999.9999999999,887044.4358889845,521200.1277133443,1417098.1094539515,1048058.7023339676
2025-04-01T10:00:00.000+0000,1243168.6313655837,706235.1846055276,999999.9999999999,887044.4358889845,521200.1277133443,1416032.2260433915,1048058.7023339676
2025-04-01T10:10:00.000+0000,1243462.8208455676,706235.1846055276,999999.9999999999,887044.4358889845,521200.1277133443,1416478.3886875035,1048058.7023339676
2025-04-01T10:20:00.000+0000,1243172.1597606076,706235.1846055276,999999.9999999999,887044.4358889845,521200.1277133443,1416035.7309971836,1048058.7023339676
2025-04-01T10:30:00.000+0000,1242493.8067275276,706235.1846055276,999999.9999999999,887044.4358889845,521200.1277133443,1415054.0293872636,1048058.7023339676
2025-04-01T10:40:00.000+0000,1241537.3145938795,706235.1846055276,999999.9999999999,887044.4358889845,521200.1277133443,1413580.5378243034,1048058.7023339676
2025-04-01T10:50:00.000+0000,1238854.4116246877,706235.1846055276,999999.9999999999,887044.4358889845,521200.1277133443,1409499.3246888795,1048058.7023339676
2025-04-01T11:00:00.000+0000,1237039.9635153515,706235.1846055276,999999.9999999999,887044.4358889845,521200.1277133443,1406742.5796706234,1048058.7023339676
2025-04-01T11:10:00.000+0000,1236212.1714991757,706235.1846055276,999999.9999999999,887044.4358889845,521200.1277133443,1405427.7187215677,1048058.7023339676
2025-04-01T11:20:00.000+0000,1236323.0570397195,706235.1846055276,999999.9999999999,887044.4358889845,521200.1277133443,1405630.2241675036,1048058.7023339676
2025-04-01T11:30:00.000+0000,1237413.4555824716,706235.1846055276,999999.9999999999,887044.4358889845,521200.1277133443,1407298.3035755516,1048058.7023339676
2025-04-01T11:40:00.000+0000,1237612.5509986156,706235.1846055276,999999.9999999999,887044.4358889845,521200.1277133443,1407588.4328662877,1048058.7023339676
2025-04-01T11:50:00.000+0000,1239527.2994634237,706235.1846055276,999999.9999999999,887044.4358889845,521200.1277133443,1410537.1684691035,1048058.7023339676
2025-04-01T12:00:00.000+0000,1244954.5071111117,706235.1846055276,999999.9999999999,887044.4358889845,521200.1277133443,1418883.7306332956,1048058.7023339676
2025-04-01T12:10:00.000+0000,1243908.2135061596,706235.1846055276,999999.9999999999,887044.4358889845,521200.1277133443,1417259.4631476477,1048058.7023339676
2025-04-01T12:20:00.000+0000,1244575.8087523596,706235.1846055276,999999.9999999999,887044.4358889845,521200.1277133443,1418292.0494971834,1048058.7023339676
2025-04-01T12:30:00.000+0000,1242854.7768102556,706235.1846055276,999999.9999999999,887044.4358889845,521200.1277133443,1415658.8855549116,1048058.7023339676
2025-04-01T12:40:00.000+0000,1240873.0751408956,706235.1846055276,999999.9999999999,887044.4358889845,521200.1277133443,1412612.8560295515,1048058.7023339676
2025-04-01T12:50:00.000+0000,1240446.8297502236,706235.1846055276,999999.9999999999,887044.4358889845,521200.1277133443,1411943.1582167516,1048058.7023339676
2025-04-01T13:00:00.000+0000,1240536.6312215277,706235.1846055276,999999.9999999999,887044.4358889845,521200.1277133443,1412093.9341394396,1048058.7023339676
2025-04-01T13:10:00.000+0000,1239136.2517220876,706235.1846055276,999999.9999999999,887044.4358889845,521200.1277133443,1409933.2199947196,1048058.7023339676
2025-04-01T13:20:00.000+0000,1239994.1213968717,706235.1846055276,999999.9999999999,887044.4358889845,521200.1277133443,1411247.1732505115,1048058.7023339676
2025-04-01T13:30:00.000+0000,1239099.2898752396,706235.1846055276,999999.9999999999,887044.4358889845,521200.1277133443,1409865.7181794075,1048058.7023339676
2025-04-01T13:40:00.000+0000,1240487.4062929996,706235.1846055276,999999.9999999999,887044.4358889845,521200.1277133443,1411983.4651853596,1048058.7023339676
2025-04-01T13:50:00.000+0000,1241790.9275310878,706235.1846055276,999999.9999999999,887044.4358889845,521200.1277133443,1413986.3934998075,1048058.7023339676
2025-04-01T14:00:00.000+0000,1241147.9447491516,706235.1846055276,999999.9999999999,887044.4358889845,521200.1277133443,1413009.0416273116,1048058.7023339676
2025-04-01T14:10:00.000+0000,1241778.4918475996,706235.1846055276,999999.9999999999,887044.4358889845,521200.1277133443,1414004.8259620317,1048058.7023339676
2025-04-01T14:20:00.000+0000,1241693.8966679277,706235.1846055276,999999.9999999999,887044.4358889845,521200.1277133443,1413890.0072705275,1048058.7023339676
2025-04-01T14:30:00.000+0000,1244103.7805272797,706235.1846055276,999999.9999999999,887044.4358889845,521200.1277133443,1417546.0874845916,1048058.7023339676
2025-04-01T14:40:00.000+0000,1243864.1948692636,706235.1846055276,999999.9999999999,887044.4358889845,521200.1277133443,1417184.9514247514,1048058.7023339676
2025-04-01T14:50:00.000+0000,1245197.7074650556,706235.1846055276,999999.9999999999,887044.4358889845,521200.1277133443,1419217.6718464317,1048058.7023339676
2025-04-01T15:00:00.000+0000,1245454.9350981917,706235.1846055276,999999.9999999999,887044.4358889845,521200.1277133443,1419596.3326752316,1048058.7023339676
2025-04-01T15:10:00.000+0000,1244956.4439104316,706235.1846055276,999999.9999999999,887044.4358889845,521200.1277133443,1418824.0835091996,1048058.7023339676
2025-04-01T15:20:00.000+0000,1247644.5531712556,706235.1846055276,999999.9999999999,887044.4358889845,521200.1277133443,1422941.2538758076,1048058.7023339676
2025-04-01T15:30:00.000+0000,1246378.0800809197,706235.1846055276,999999.9999999999,887044.4358889845,521200.1277133443,1420975.1275761756,1048058.7023339676
2025-04-01T15:40:00.000+0000,1245657.6452102638,706235.1846055276,999999.9999999999,887044.4358889845,521200.1277133443,1419859.2671192635,1048058.7023339676
2025-04-01T15:50:00.000+0000,1245987.0323395836,706235.1846055276,999999.9999999999,887044.4358889845,521200.1277133443,1420371.1791017917,1048058.7023339676
2025-04-01T16:00:00.000+0000,1247759.0534077277,706235.1846055276,999999.9999999999,887044.4358889845,521200.1277133443,1423116.5644750395,1048058.7023339676
2025-04-01T16:10:00.000+0000,1248438.9980365117,706235.1846055276,999999.9999999999,887044.4358889845,521200.1277133443,1424161.4181628474,1048058.7023339676
2025-04-01T16:20:00.000+0000,1243656.4510673676,706235.1846055276,999999.9999999999,887044.4358889845,521200.1277133443,1416824.6601485435,1048058.7023339676
2025-04-01T16:30:00.000+0000,1243725.1684694316,706235.1846055276,999999.9999999999,887044.4358889845,521200.1277133443,1416923.7065479835,1048058.7023339676
2025-04-01T16:40:00.000+0000,1243571.8558876957,706235.1846055276,999999.9999999999,887044.4358889845,521200.1277133443,1416709.8414570396,1048058.7023339676
2025-04-01T16:50:00.000+0000,1243603.5251420077,706235.1846055276,999999.9999999999,887044.4358889845,521200.1277133443,1416772.0858416636,1048058.7023339676
2025-04-01T17:00:00.000+0000,1242735.0702821517,706235.1846055276,999999.9999999999,887044.4358889845,521200.1277133443,1415447.6177244955,1048058.7023339676
2025-04-01T17:10:00.000+0000,1243652.8363714397,706235.1846055276,999999.9999999999,887044.4358889845,521200.1277133443,1416851.8549952474,1048058.7023339676
2025-04-01T17:20:00.000+0000,1244753.7337983598,706235.1846055276,999999.9999999999,887044.4358889845,521200.1277133443,1418561.1490651674,1048058.7023339676
2025-04-01T17:30:00.000+0000,1243534.8077399437,706235.1846055276,999999.9999999999,887044.4358889845,521200.1277133443,1416673.0394422235,1048058.7023339676
2025-04-01T17:40:00.000+0000,1242396.8621652718,706235.1846055276,999999.9999999999,887044.4358889845,521200.1277133443,1414926.9433574877,1048058.7023339676
2025-04-01T17:50:00.000+0000,1240504.9619672156,706235.1846055276,999999.9999999999,887044.4358889845,521200.1277133443,1412031.6897548155,1048058.7023339676
2025-04-01T18:00:00.000+0000,1239606.5157496557,706235.1846055276,999999.9999999999,887044.4358889845,521200.1277133443,1410677.4295304155,1048058.7023339676
2025-04-01T18:10:00.000+0000,1238639.4384309356,706235.1846055276,999999.9999999999,887044.4358889845,521200.1277133443,1409193.4231060795,1048058.7023339676
2025-04-01T18:20:00.000+0000,1237385.2284222797,706235.1846055276,999999.9999999999,887044.4358889845,521200.1277133443,1407270.2639452154,1048058.7023339676
2025-04-01T18:30:00.000+0000,1237251.4083140797,706235.1846055276,999999.9999999999,887044.4358889845,521200.1277133443,1407044.9762996316,1048058.7023339676
2025-04-01T18:40:00.000+0000,1236858.5963752316,706235.1846055276,999999.9999999999,887044.4358889845,521200.1277133443,1406439.2753483513,1048058.7023339676
2025-04-01T18:50:00.000+0000,1237050.5487004237,706235.1846055276,999999.9999999999,887044.4358889845,521200.1277133443,1406753.0945319994,1048058.7023339676
2025-04-01T19:00:00.000+0000,1237406.3987924238,706235.1846055276,999999.9999999999,887044.4358889845,521200.1277133443,1407291.2936679674,1048058.7023339676
2025-04-01T19:10:00.000+0000,1236337.1706198156,706235.1846055276,999999.9999999999,887044.4358889845,521200.1277133443,1405644.2439826715,1048058.7023339676
2025-04-01T19:20:00.000+0000,1236041.2169423196,706235.1846055276,999999.9999999999,887044.4358889845,521200.1277133443,1405196.3288616636,1048058.7023339676
2025-04-01T19:30:00.000+0000,1236472.7549255276,706235.1846055276,999999.9999999999,887044.4358889845,521200.1277133443,1405871.2841051514,1048058.7023339676
2025-04-01T19:40:00.000+0000,1236241.9902550715,706235.1846055276,999999.9999999999,887044.4358889845,521200.1277133443,1405518.9104297915,1048058.7023339676
2025-04-01T19:50:00.000+0000,1234936.7048194716,706235.1846055276,999999.9999999999,887044.4358889845,521200.1277133443,1403514.2296384475,1048058.7023339676
2025-04-01T20:00:00.000+0000,1234591.4399125436,706235.1846055276,999999.9999999999,887044.4358889845,521200.1277133443,1402986.5453638555,1048058.7023339676
2025-04-01T20:10:00.000+0000,1234816.9119904637,706235.1846055276,999999.9999999999,887044.4358889845,521200.1277133443,1403333.6616085274,1048058.7023339676
2025-04-01T20:20:00.000+0000,1234075.3067496635,706235.1846055276,999999.9999999999,887044.4358889845,521200.1277133443,1402196.7714288635,1048058.7023339676
2025-04-01T20:30:00.000+0000,1234406.4580764957,706235.1846055276,999999.9999999999,887044.4358889845,521200.1277133443,1402710.4358882876,1048058.7023339676
2025-04-01T20:40:00.000+0000,1234121.1758849756,706235.1846055276,999999.9999999999,887044.4358889845,521200.1277133443,1402242.3358281595,1048058.7023339676
2025-04-01T20:50:00.000+0000,1235622.0283416957,706235.1846055276,999999.9999999999,887044.4358889845,521200.1277133443,1404533.6409564475,1048058.7023339676
2025-04-01T21:00:00.000+0000,1235836.9152345436,706235.1846055276,999999.9999999999,887044.4358889845,521200.1277133443,1404870.2423397435,1048058.7023339676
2025-04-01T21:10:00.000+0000,1236652.5304699438,706235.1846055276,999999.9999999999,887044.4358889845,521200.1277133443,1406111.4363495356,1048058.7023339676
2025-04-01T21:20:00.000+0000,1236610.2760305596,706235.1846055276,999999.9999999999,887044.4358889845,521200.1277133443,1406038.6771035355,1048058.7023339676
2025-04-01T21:30:00.000+0000,1236377.7471625917,706235.1846055276,999999.9999999999,887044.4358889845,521200.1277133443,1405684.5509512797,1048058.7023339676
2025-04-01T21:40:00.000+0000,1236231.5776718077,706235.1846055276,999999.9999999999,887044.4358889845,521200.1277133443,1405446.9959674235,1048058.7023339676
2025-04-01T21:50:00.000+0000,1235387.7352762157,706235.1846055276,999999.9999999999,887044.4358889845,521200.1277133443,1404177.7623272957,1048058.7023339676
2025-04-01T22:00:00.000+0000,1235349.0092318556,706235.1846055276,999999.9999999999,887044.4358889845,521200.1277133443,1404108.5080350875,1048058.7023339676
2025-04-01T22:10:00.000+0000,1235382.5289845837,706235.1846055276,999999.9999999999,887044.4358889845,521200.1277133443,1404141.8050961115,1048058.7023339676
2025-04-01T22:20:00.000+0000,1236719.4836744957,706235.1846055276,999999.9999999999,887044.4358889845,521200.1277133443,1406208.7302720796,1048058.7023339676
2025-04-01T22:30:00.000+0000,1236222.7566842476,706235.1846055276,999999.9999999999,887044.4358889845,521200.1277133443,1405438.2335829437,1048058.7023339676
2025-04-01T22:40:00.000+0000,1235866.9065922475,706235.1846055276,999999.9999999999,887044.4358889845,521200.1277133443,1404900.0344469757,1048058.7023339676
2025-04-01T22:50:00.000+0000,1236238.5481609516,706235.1846055276,999999.9999999999,887044.4358889845,521200.1277133443,1405484.7056755037,1048058.7023339676
2025-04-01T23:00:00.000+0000,1236210.3210007597,706235.1846055276,999999.9999999999,887044.4358889845,521200.1277133443,1405456.6660451675,1048058.7023339676
2025-04-01T23:10:00.000+0000,1236141.6035986957,706235.1846055276,999999.9999999999,887044.4358889845,521200.1277133443,1405357.6196457276,1048058.7023339676
2025-04-01T23:20:00.000+0000,1237064.6622805197,706235.1846055276,999999.9999999999,887044.4358889845,521200.1277133443,1406767.1143471675,1048058.7023339676
2025-04-01T23:30:00.000+0000,1237952.5233130076,706235.1846055276,999999.9999999999,887044.4358889845,521200.1277133443,1408110.8597101916,1048058.7023339676
2025-04-01T23:40:00.000+0000,1237744.6069093037,706235.1846055276,999999.9999999999,887044.4358889845,521200.1277133443,1407811.9680349755,1048058.7023339676
2025-04-01T23:50:00.000+0000,1237286.6059634157,706235.1846055276,999999.9999999999,887044.4358889845,521200.1277133443,1407110.7256380476,1048058.7023339676
2025-04-02T00:00:00.000+0000,1237494.4360662156,706235.1846055276,999999.9999999999,887044.4358889845,521200.1277133443,1407440.3171137595,1048058.7023339676
2025-04-02T00:10:00.000+0000,1234031.2018118636,706235.1846055276,999999.9999999999,887044.4358889845,521200.1277133443,1402152.9595064635,1048058.7023339676
2025-04-02T00:20:00.000+0000,1234614.2881792956,706235.1846055276,999999.9999999999,887044.4358889845,521200.1277133443,1403040.0273639997,1048058.7023339676
2025-04-02T00:30:00.000+0000,1234519.1941154557,706235.1846055276,999999.9999999999,887044.4358889845,521200.1277133443,1402883.9940106235,1048058.7023339676
2025-04-02T00:40:00.000+0000,1236069.2715007036,706235.1846055276,999999.9999999999,887044.4358889845,521200.1277133443,1405285.7680929916,1048058.7023339676
2025-04-02T00:50:00.000+0000,1234261.9664823196,706235.1846055276,999999.9999999999,887044.4358889845,521200.1277133443,1402505.3331818236,1048058.7023339676
2025-04-02T01:00:00.000+0000,1234926.0333334957,706235.1846055276,999999.9999999999,887044.4358889845,521200.1277133443,1403534.4145775675,1048058.7023339676
2025-04-02T01:10:00.000+0000,1235998.7899011276,706235.1846055276,999999.9999999999,887044.4358889845,521200.1277133443,1405184.9692166555,1048058.7023339676
2025-04-02T01:20:00.000+0000,1235276.5908329596,706235.1846055276,999999.9999999999,887044.4358889845,521200.1277133443,1404067.3562828475,1048058.7023339676
2025-04-02T01:30:00.000+0000,1234432.8347382718,706235.1846055276,999999.9999999999,887044.4358889845,521200.1277133443,1402767.4228422234,1048058.7023339676
2025-04-02T01:40:00.000+0000,1234191.5711836477,706235.1846055276,999999.9999999999,887044.4358889845,521200.1277133443,1402373.8345049915,1048058.7023339676
2025-04-02T01:50:00.000+0000,1234073.4562512478,706235.1846055276,999999.9999999999,887044.4358889845,521200.1277133443,1402225.7187524636,1048058.7023339676
2025-04-02T02:00:00.000+0000,1231859.0531121118,706235.1846055276,999999.9999999999,887044.4358889845,521200.1277133443,1398886.9626758394,1048058.7023339676
2025-04-02T02:10:00.000+0000,1229796.2846581037,706235.1846055276,999999.9999999999,887044.4358889845,521200.1277133443,1395729.6194127677,1048058.7023339676
2025-04-02T02:20:00.000+0000,1229398.1801267196,706235.1846055276,999999.9999999999,887044.4358889845,521200.1277133443,1395118.6610307996,1048058.7023339676
2025-04-02T02:30:00.000+0000,1228994.6967018957,706235.1846055276,999999.9999999999,887044.4358889845,521200.1277133443,1394533.1450186395,1048058.7023339676
2025-04-02T02:40:00.000+0000,1229174.3859454077,706235.1846055276,999999.9999999999,887044.4358889845,521200.1277133443,1394803.9970635194,1048058.7023339676
2025-04-02T02:50:00.000+0000,1228712.8566044956,706235.1846055276,999999.9999999999,887044.4358889845,521200.1277133443,1394099.2497127997,1048058.7023339676
2025-04-02T03:00:00.000+0000,1228482.1782349437,706235.1846055276,999999.9999999999,887044.4358889845,521200.1277133443,1393716.1762369436,1048058.7023339676
2025-04-02T03:10:00.000+0000,1228801.0664800957,706235.1846055276,999999.9999999999,887044.4358889845,521200.1277133443,1394186.8735575995,1048058.7023339676
2025-04-02T03:20:00.000+0000,1229813.9266332237,706235.1846055276,999999.9999999999,887044.4358889845,521200.1277133443,1395747.1441817277,1048058.7023339676
2025-04-02T03:30:00.000+0000,1230513.2774346396,706235.1846055276,999999.9999999999,887044.4358889845,521200.1277133443,1396811.2751153917,1048058.7023339676
2025-04-02T03:40:00.000+0000,1229530.3223383117,706235.1846055276,999999.9999999999,887044.4358889845,521200.1277133443,1395311.4963989914,1048058.7023339676
2025-04-02T03:50:00.000+0000,1228744.6984606157,706235.1846055276,999999.9999999999,887044.4358889845,521200.1277133443,1394100.0944964318,1048058.7023339676
2025-04-02T04:00:00.000+0000,1228506.9633010156,706235.1846055276,999999.9999999999,887044.4358889845,521200.1277133443,1393710.0111129915,1048058.7023339676
2025-04-02T04:10:00.000+0000,1228445.3026889998,706235.1846055276,999999.9999999999,887044.4358889845,521200.1277133443,1393617.9746211357,1048058.7023339676
2025-04-02T04:20:00.000+0000,1228514.0200910636,706235.1846055276,999999.9999999999,887044.4358889845,521200.1277133443,1393717.0210205754,1048058.7023339676
2025-04-02T04:30:00.000+0000,1226960.3280098876,706235.1846055276,999999.9999999999,887044.4358889845,521200.1277133443,1391342.4417849116,1048058.7023339676
2025-04-02T04:40:00.000+0000,1226262.7414059837,706235.1846055276,999999.9999999999,887044.4358889845,521200.1277133443,1390280.0633281437,1048058.7023339676
2025-04-02T04:50:00.000+0000,1225468.2965407276,706235.1846055276,999999.9999999999,887044.4358889845,521200.1277133443,1389059.8990411037,1048058.7023339676
2025-04-02T05:00:00.000+0000,1224865.8040006636,706235.1846055276,999999.9999999999,887044.4358889845,521200.1277133443,1388153.5539377115,1048058.7023339676
2025-04-02T05:10:00.000+0000,1224622.6899476238,706235.1846055276,999999.9999999999,887044.4358889845,521200.1277133443,1387788.9129240797,1048058.7023339676
2025-04-02T05:20:00.000+0000,1225417.1348128796,706235.1846055276,999999.9999999999,887044.4358889845,521200.1277133443,1389009.0772111195,1048058.7023339676
2025-04-02T05:30:00.000+0000,1224177.0383843197,706235.1846055276,999999.9999999999,887044.4358889845,521200.1277133443,1387099.9378654235,1048058.7023339676
2025-04-02T05:40:00.000+0000,1223042.6212046717,706235.1846055276,999999.9999999999,887044.4358889845,521200.1277133443,1385357.3467344795,1048058.7023339676
2025-04-02T05:50:00.000+0000,1222524.7238442795,706235.1846055276,999999.9999999999,887044.4358889845,521200.1277133443,1384565.8203225913,1048058.7023339676
2025-04-02T06:00:00.000+0000,1223766.5844703517,706235.1846055276,999999.9999999999,887044.4358889845,521200.1277133443,1386476.7121451835,1048058.7023339676
2025-04-02T06:10:00.000+0000,1222031.5252490556,706235.1846055276,999999.9999999999,887044.4358889845,521200.1277133443,1383798.8285872475,1048058.7023339676
2025-04-02T06:20:00.000+0000,1222258.7615244878,706235.1846055276,999999.9999999999,887044.4358889845,521200.1277133443,1384147.6973088156,1048058.7023339676
2025-04-02T06:30:00.000+0000,1221444.9967875036,706235.1846055276,999999.9999999999,887044.4358889845,521200.1277133443,1382877.5559754237,1048058.7023339676
2025-04-02T06:40:00.000+0000,1221922.3176051197,706235.1846055276,999999.9999999999,887044.4358889845,521200.1277133443,1383628.7754187034,1048058.7023339676
2025-04-02T06:50:00.000+0000,1220942.8909038156,706235.1846055276,999999.9999999999,887044.4358889845,521200.1277133443,1382132.5016560955,1048058.7023339676
2025-04-02T07:00:00.000+0000,1220905.9290569676,706235.1846055276,999999.9999999999,887044.4358889845,521200.1277133443,1382064.9998407834,1048058.7023339676
2025-04-02T07:10:00.000+0000,1220576.5419276475,706235.1846055276,999999.9999999999,887044.4358889845,521200.1277133443,1381553.0878582555,1048058.7023339676
2025-04-02T07:20:00.000+0000,1218786.8788843837,706235.1846055276,999999.9999999999,887044.4358889845,521200.1277133443,1378790.1777160475,1048058.7023339676
2025-04-02T07:30:00.000+0000,1218994.7089871836,251376.33330552749,999999.9999999999,886904.5010181044,346281.5391133443,1379119.7691917596,1048058.7023339676
2025-04-02T07:40:00.000+0000,1217496.4047264957,705871.2975244877,999999.9999999999,886904.5010181044,521060.1928424642,1377377.1780608157,1048058.7023339676
2025-04-02T07:50:00.000+0000,1217735.9903845119,705871.2975244877,999999.9999999999,886904.5010181044,521060.1928424642,1377738.3141206556,1048058.7023339676
2025-04-02T08:00:00.000+0000,1218778.8418953437,705871.2975244877,999999.9999999999,886904.5010181044,521060.1928424642,1379328.3768520155,1048058.7023339676
2025-04-02T08:10:00.000+0000,1219282.6256756398,705871.2975244877,999999.9999999999,886904.5010181044,521060.1928424642,1380105.8834487356,1048058.7023339676
2025-04-02T08:20:00.000+0000,1220515.665314152,705871.2975244877,999999.9999999999,886904.5010181044,521060.1928424642,1382008.0128868476,1048058.7023339676
2025-04-02T08:30:00.000+0000,1222365.22477192,705871.2975244877,999999.9999999999,886904.5010181044,521060.1928424642,1384861.2070440156,1048058.7023339676
2025-04-02T08:40:00.000+0000,1220892.599475392,705871.2975244877,999999.9999999999,886904.5010181044,521060.1928424642,1382597.9415460636,1048058.7023339676
2025-04-02T08:50:00.000+0000,1222173.1861458237,705871.2975244877,999999.9999999999,886904.5010181044,521060.1928424642,1384578.0876608635,1048058.7023339676
2025-04-02T09:00:00.000+0000,1221840.27062148,705871.2975244877,999999.9999999999,886904.5010181044,521060.1928424642,1384062.6707245435,1048058.7023339676
2025-04-02T09:10:00.000+0000,1221544.403244888,705871.2975244877,999999.9999999999,886904.5010181044,521060.1928424642,1383584.0558030396,1048058.7023339676
2025-04-02T09:20:00.000+0000,1220085.8052275518,705871.2975244877,999999.9999999999,886904.5010181044,521060.1928424642,1381365.5099207517,1048058.7023339676
2025-04-02T09:30:00.000+0000,1219767.0032833037,705871.2975244877,999999.9999999999,886904.5010181044,521060.1928424642,1380864.1127995995,1048058.7023339676
2025-04-02T09:40:00.000+0000,1219513.390346096,705871.2975244877,999999.9999999999,886904.5010181044,521060.1928424642,1380458.2571240957,1048058.7023339676
2025-04-02T09:50:00.000+0000,1219631.418977592,705871.2975244877,999999.9999999999,886904.5010181044,521060.1928424642,1380637.0726771196,1048058.7023339676
2025-04-02T10:00:00.000+0000,1219099.4080371037,705871.2975244877,999999.9999999999,886904.5010181044,521060.1928424642,1379831.5264500636,1048058.7023339676
2025-04-02T10:10:00.000+0000,1218910.8978060319,705871.2975244877,999999.9999999999,886904.5010181044,521060.1928424642,1379551.9120207035,1048058.7023339676
2025-04-02T10:20:00.000+0000,1218333.1903320397,705871.2975244877,999999.9999999999,886904.5010181044,521060.1928424642,1378639.4017933595,1048058.7023339676
2025-04-02T10:30:00.000+0000,1218304.9631718479,705871.2975244877,999999.9999999999,886904.5010181044,521060.1928424642,1378611.3621630236,1048058.7023339676
2025-04-02T10:40:00.000+0000,1218452.8968601439,705871.2975244877,999999.9999999999,886904.5010181044,521060.1928424642,1378850.6696237756,1048058.7023339676
2025-04-02T10:50:00.000+0000,1217545.715955928,705871.2975244877,999999.9999999999,886904.5010181044,521060.1928424642,1377456.9472143997,1048058.7023339676
2025-04-02T11:00:00.000+0000,1217418.8663368719,705871.2975244877,999999.9999999999,886904.5010181044,521060.1928424642,1377269.3692768957,1048058.7023339676
2025-04-02T11:10:00.000+0000,1216804.1107151278,705871.2975244877,999999.9999999999,886904.5010181044,521060.1928424642,1376320.0570347356,1048058.7023339676
2025-04-02T11:20:00.000+0000,1216402.4777887198,705871.2975244877,999999.9999999999,886904.5010181044,521060.1928424642,1375705.5936989756,1048058.7023339676
2025-04-02T11:30:00.000+0000,1216374.2506285277,705871.2975244877,999999.9999999999,886904.5010181044,521060.1928424642,1375677.5540686396,1048058.7023339676
2025-04-02T11:40:00.000+0000,1216770.5046614958,705871.2975244877,999999.9999999999,886904.5010181044,521060.1928424642,1376317.4597742076,1048058.7023339676
2025-04-02T11:50:00.000+0000,1216316.032110632,705871.2975244877,999999.9999999999,886904.5010181044,521060.1928424642,1375619.7223310717,1048058.7023339676
2025-04-02T12:00:00.000+0000,1216964.3074851038,705871.2975244877,999999.9999999999,886904.5010181044,521060.1928424642,1376602.3316342556,1048058.7023339676
2025-04-02T12:10:00.000+0000,1216869.1271203598,705871.2975244877,999999.9999999999,886904.5010181044,521060.1928424642,1376476.9980813756,1048058.7023339676
2025-04-02T12:20:00.000+0000,1218133.9223140879,705871.2975244877,999999.9999999999,886904.5010181044,521060.1928424642,1378410.6721036157,1048058.7023339676
2025-04-02T12:30:00.000+0000,1217587.8840944078,705871.2975244877,999999.9999999999,886904.5010181044,521060.1928424642,1377560.4062608955,1048058.7023339676
2025-04-02T12:40:00.000+0000,1217843.3475300318,705871.2975244877,999999.9999999999,886904.5010181044,521060.1928424642,1377937.3146127996,1048058.7023339676
2025-04-02T12:50:00.000+0000,1217894.4229569759,705871.2975244877,999999.9999999999,886904.5010181044,521060.1928424642,1378018.8362432795,1048058.7023339676
2025-04-02T13:00:00.000+0000,1216830.4873769039,705871.2975244877,999999.9999999999,886904.5010181044,521060.1928424642,1376377.0439886716,1048058.7023339676
2025-04-02T13:10:00.000+0000,1215942.6263444158,705871.2975244877,999999.9999999999,886904.5010181044,521060.1928424642,1375033.2986256476,1048058.7023339676
2025-04-02T13:20:00.000+0000,1214839.8784190798,705871.2975244877,999999.9999999999,886904.5010181044,521060.1928424642,1373352.9518793277,1048058.7023339676
2025-04-02T13:30:00.000+0000,1214658.4249780558,705871.2975244877,999999.9999999999,886904.5010181044,521060.1928424642,1373080.3473575516,1048058.7023339676
2025-04-02T13:40:00.000+0000,1216964.3937860078,705871.2975244877,999999.9999999999,886904.5010181044,521060.1928424642,1376571.6318337596,1048058.7023339676
2025-04-02T13:50:00.000+0000,1218643.1712887278,705871.2975244877,999999.9999999999,886904.5010181044,521060.1928424642,1379132.0365300316,1048058.7023339676
2025-04-02T14:00:00.000+0000,1219434.174059864,705871.2975244877,999999.9999999999,886904.5010181044,521060.1928424642,1380317.9960627835,1048058.7023339676
2025-04-02T14:10:00.000+0000,1219143.4266739998,705871.2975244877,999999.9999999999,886904.5010181044,521060.1928424642,1379906.0381729596,1048058.7023339676
2025-04-02T14:20:00.000+0000,1221104.04427412,705871.2975244877,999999.9999999999,886904.5010181044,521060.1928424642,1382900.3381750716,1048058.7023339676
2025-04-02T14:30:00.000+0000,1220878.5721961998,705871.2975244877,999999.9999999999,886904.5010181044,521060.1928424642,1382553.2219303995,1048058.7023339676
2025-04-02T14:40:00.000+0000,1220728.874310392,705871.2975244877,999999.9999999999,886904.5010181044,521060.1928424642,1382312.1619927515,1048058.7023339676
2025-04-02T14:50:00.000+0000,1221310.196480312,705871.2975244877,999999.9999999999,886904.5010181044,521060.1928424642,1383197.4773733916,1048058.7023339676
2025-04-02T15:00:00.000+0000,1222009.547281728,705871.2975244877,999999.9999999999,886904.5010181044,521060.1928424642,1384261.6083070557,1048058.7023339676
2025-04-02T15:10:00.000+0000,1225962.538037184,705871.2975244877,999999.9999999999,886904.5010181044,521060.1928424642,1390281.7528954076,1048058.7023339676
2025-04-02T15:20:00.000+0000,1228761.5328385518,705871.2975244877,999999.9999999999,886904.5010181044,521060.1928424642,1394601.4287079517,1048058.7023339676
2025-04-02T15:30:00.000+0000,1230200.724683256,705871.2975244877,999999.9999999999,886904.5010181044,521060.1928424642,1396800.6973443837,1048058.7023339676
2025-04-02T15:40:00.000+0000,1226827.378201112,705871.2975244877,999999.9999999999,886904.5010181044,521060.1928424642,1391633.4158592797,1048058.7023339676
2025-04-02T15:50:00.000+0000,1226031.1691383438,705871.2975244877,999999.9999999999,886904.5010181044,521060.1928424642,1390411.4990953435,1048058.7023339676
2025-04-02T16:00:00.000+0000,1227450.9548104159,705871.2975244877,999999.9999999999,886904.5010181044,521060.1928424642,1392591.4904859196,1048058.7023339676
2025-04-02T16:10:00.000+0000,1228807.31567296,705871.2975244877,999999.9999999999,886904.5010181044,521060.1928424642,1394677.6929077436,1048058.7023339676
2025-04-02T16:20:00.000+0000,1229605.2889332399,705871.2975244877,999999.9999999999,886904.5010181044,521060.1928424642,1395901.3621485757,1048058.7023339676
2025-04-02T16:30:00.000+0000,1230061.5256816158,705871.2975244877,999999.9999999999,886904.5010181044,521060.1928424642,1396600.8520686077,1048058.7023339676
2025-04-02T16:40:00.000+0000,1233325.57821892,705871.2975244877,999999.9999999999,886904.5010181044,521060.1928424642,1401628.7801856636,1048058.7023339676
2025-04-02T16:50:00.000+0000,1232177.0474591758,705871.2975244877,999999.9999999999,886904.5010181044,521060.1928424642,1399872.1692395518,1048058.7023339676
2025-04-02T17:00:00.000+0000,1231821.2836680799,705871.2975244877,999999.9999999999,886904.5010181044,521060.1928424642,1399303.2703030875,1048058.7023339676
2025-04-02T17:10:00.000+0000,1230491.3857682159,705871.2975244877,999999.9999999999,886904.5010181044,521060.1928424642,1397243.3550347036,1048058.7023339676
2025-04-02T17:20:00.000+0000,1228285.8899175439,705871.2975244877,999999.9999999999,886904.5010181044,521060.1928424642,1393882.6615420636,1048058.7023339676
2025-04-02T17:30:00.000+0000,1227096.8689159278,705871.2975244877,999999.9999999999,886904.5010181044,521060.1928424642,1392055.0438268476,1048058.7023339676
2025-04-02T17:40:00.000+0000,1227817.3037865837,705871.2975244877,999999.9999999999,886904.5010181044,521060.1928424642,1393170.9042837594,1048058.7023339676
2025-04-02T17:50:00.000+0000,1230290.4398536559,705871.2975244877,999999.9999999999,886904.5010181044,521060.1928424642,1396982.1730675674,1048058.7023339676
2025-04-02T18:00:00.000+0000,1229862.4302654718,705871.2975244877,999999.9999999999,886904.5010181044,521060.1928424642,1396310.7227778716,1048058.7023339676
2025-04-02T18:10:00.000+0000,1230309.8460262879,705871.2975244877,999999.9999999999,886904.5010181044,521060.1928424642,1397001.4503134235,1048058.7023339676
2025-04-02T18:20:00.000+0000,1230769.611169688,705871.2975244877,999999.9999999999,886904.5010181044,521060.1928424642,1397704.4451872476,1048058.7023339676
2025-04-02T18:30:00.000+0000,1231049.6870695758,705871.2975244877,999999.9999999999,886904.5010181044,521060.1928424642,1398136.5880161915,1048058.7023339676
2025-04-02T18:40:00.000+0000,1232846.4069028879,705871.2975244877,999999.9999999999,886904.5010181044,521060.1928424642,1400906.5080659837,1048058.7023339676
2025-04-02T18:50:00.000+0000,1233108.7545267518,705871.2975244877,999999.9999999999,886904.5010181044,521060.1928424642,1401351.8259264636,1048058.7023339676
2025-04-02T19:00:00.000+0000,1234648.419328736,705871.2975244877,999999.9999999999,886904.5010181044,521060.1928424642,1403681.6855464636,1048058.7023339676
2025-04-02T19:10:00.000+0000,1236503.3576799438,705871.2975244877,999999.9999999999,886904.5010181044,521060.1928424642,1406509.4373338236,1048058.7023339676
2025-04-02T19:20:00.000+0000,1237343.5853796077,705871.2975244877,999999.9999999999,886904.5010181044,521060.1928424642,1407805.8658206556,1048058.7023339676
2025-04-02T19:30:00.000+0000,1235717.8201031517,705871.2975244877,999999.9999999999,886904.5010181044,521060.1928424642,1405267.3356307675,1048058.7023339676
2025-04-02T19:40:00.000+0000,1235886.8378606879,705871.2975244877,999999.9999999999,886904.5010181044,521060.1928424642,1405558.3726147676,1048058.7023339676
2025-04-02T19:50:00.000+0000,1232594.834901624,705871.2975244877,1001463.2053029134,885374.2459722883,521060.1928424642,1401228.1819408475,1048058.7023339676
2025-04-02T20:00:00.000+0000,1232377.9937134637,705871.2975244877,1000958.7793212394,886718.2795045923,521060.1928424642,1395251.8492748956,1048058.7023339676
2025-04-02T20:10:00.000+0000,1228252.6017693838,705871.2975244877,993353.4788388573,873423.6827573443,521060.1928424642,1392833.4581168315,1048058.7023339676
2025-04-02T20:20:00.000+0000,1231542.5542201677,705871.2975244877,993872.5162567087,881390.7249006403,521060.1928424642,1396983.0807608315,1048058.7023339676
2025-04-02T20:30:00.000+0000,1231620.9442079677,705871.2975244877,984967.5449864719,888135.1823247923,521060.1928424642,1395394.7705063676,1048058.7023339676
2025-04-02T20:40:00.000+0000,1230027.5239747597,705871.2975244877,981511.091497816,886418.7057654642,521060.1928424642,1394325.3821420155,1048058.7023339676
2025-04-02T20:50:00.000+0000,1231231.190960208,705871.2975244877,986253.8179126799,885009.8995328082,521060.1928424642,1398354.0209705597,1048058.7023339676
2025-04-02T21:00:00.000+0000,1231202.4380309677,705871.2975244877,973386.3322957599,885131.3483459682,521060.1928424642,1396273.9836726878,1048058.7023339676
2025-04-02T21:10:00.000+0000,1232811.8980920399,705871.2975244877,970312.7145460143,890418.4200122003,521060.1928424642,1395994.3692433275,1048058.7023339676
2025-04-02T21:20:00.000+0000,1232825.8538484958,705871.2975244877,970597.3332766711,891260.4651167763,521060.1928424642,1395374.6484768796,1048058.7023339676
2025-04-02T21:30:00.000+0000,1229946.9029532159,705871.2975244877,971617.6570077213,886847.8249052963,521060.1928424642,1393250.7363469754,1048058.7023339676
2025-04-02T21:40:00.000+0000,1229423.7284579119,705871.2975244877,972084.3753174548,887471.2621461843,521060.1928424642,1393875.7145441114,1048058.7023339676
2025-04-02T21:50:00.000+0000,1229279.3873732318,705871.2975244877,971211.8749612357,888661.4605151522,521060.1928424642,1392492.5069961115,1048058.7023339676
2025-04-02T22:00:00.000+0000,1230035.3710220957,705871.2975244877,963377.4803449803,891017.5674904562,521060.1928424642,1390288.8886222555,1048058.7023339676
2025-04-02T22:10:00.000+0000,1229412.9329312476,705871.2975244877,951625.2547867014,893211.7427148803,521060.1928424642,1386775.6667300316,1048058.7023339676
2025-04-02T22:20:00.000+0000,1228549.0699149757,705871.2975244877,950040.5750163066,893972.8219440164,521060.1928424642,1384342.3480635355,1048058.7023339676
2025-04-02T22:30:00.000+0000,1226685.2551905517,705871.2975244877,944669.6351687831,894555.7762471843,521060.1928424642,1381028.9714470876,1048058.7023339676
2025-04-02T22:40:00.000+0000,1228574.1843573358,705871.2975244877,937923.1171490375,897786.3146772403,521060.1928424642,1378000.4666906875,1048058.7023339676
2025-04-02T22:50:00.000+0000,1227686.2883328637,705871.2975244877,936726.5769144958,896442.2811449363,521060.1928424642,1378486.0286101436,1048058.7023339676
2025-04-02T23:00:00.000+0000,1226850.6703125036,705871.2975244877,933103.1571837286,897106.2013235443,521060.1928424642,1377935.5621359036,1048058.7023339676
2025-04-02T23:10:00.000+0000,1228653.0731157998,705871.2975244877,932498.0932778644,898539.2973188325,521060.1928424642,1379131.1917463997,1048058.7023339676
2025-04-02T23:20:00.000+0000,1229988.4052947597,705871.2975244877,933348.5387049417,897114.2979110883,521060.1928424642,1380608.1882631516,1048058.7023339676
2025-04-02T23:30:00.000+0000,1231815.7594709757,705871.2975244877,937188.5469894563,898312.5928676003,521060.1928424642,1382714.5127144635,1048058.7023339676
2025-04-02T23:40:00.000+0000,1232345.2510985278,705871.2975244877,936001.556363288,900927.7906443123,521060.1928424642,1382754.8196830717,1048058.7023339676
2025-04-02T23:50:00.000+0000,1232886.8542790797,705871.2975244877,932480.3521445044,900676.7964304483,521060.1928424642,1383875.9375706716,1048058.7023339676
2025-04-03T00:00:00.000+0000,1234924.458830328,705871.2975244877,928203.5536536102,898547.3939063763,521060.1928424642,1386031.4571943355,1048058.7023339676
2025-04-03T00:10:00.000+0000,1235152.1860726718,705871.2975244877,935684.8305289027,897276.2296619683,521060.1928424642,1390728.8861424155,1048058.7023339676
2025-04-03T00:20:00.000+0000,1234389.9902575198,705871.2975244877,941031.0799726079,897308.6160121444,521060.1928424642,1389116.0412114076,1048058.7023339676
2025-04-03T00:30:00.000+0000,1233913.1695694798,705871.2975244877,942645.652968953,896417.9913823042,521060.1928424642,1389963.6468839676,1048058.7023339676
2025-04-03T00:40:00.000+0000,1232726.0063804237,705871.2975244877,943084.8460262935,894539.5830720961,521060.1928424642,1389917.1747914075,1048058.7023339676
2025-04-03T00:50:00.000+0000,1233839.7460053598,705871.2975244877,942224.5990682694,894272.3956831442,521060.1928424642,1390359.8324817277,1048058.7023339676
2025-04-03T01:00:00.000+0000,1231452.3638802078,705871.2975244877,944439.3043697766,892070.1238711763,521060.1928424642,1391467.7753377915,1048058.7023339676
2025-04-03T01:10:00.000+0000,1227502.1270598397,705871.2975244877,945167.9973739617,888653.3639276084,521060.1928424642,1390537.7403414876,1048058.7023339676
2025-04-03T01:20:00.000+0000,1226822.9536835598,705871.2975244877,944300.9252466105,888402.3697137443,521060.1928424642,1389817.2206987035,1048058.7023339676
2025-04-03T01:30:00.000+0000,1228851.4657845919,705871.2975244877,946376.9056731126,887932.7676361923,521060.1928424642,1391864.0238451837,1048058.7023339676
2025-04-03T01:40:00.000+0000,1229298.6907681518,705871.2975244877,946649.6167752726,887519.8416714482,521060.1928424642,1393254.2413007675,1048058.7023339676
2025-04-03T01:50:00.000+0000,1230408.9409069116,705871.2975244877,948112.4235004545,888645.2673400643,521060.1928424642,1394483.1679722876,1048058.7023339676
2025-04-03T02:00:00.000+0000,1233912.0242664558,705871.2975244877,947675.118404485,890669.4142260642,521060.1928424642,1398004.3074653596,1048058.7023339676
2025-04-03T02:10:00.000+0000,1238558.9651773036,705871.2975244877,945134.4054385556,891171.4026537923,521060.1928424642,1402646.5648460316,1048058.7023339676
2025-04-03T02:20:00.000+0000,1238624.376896032,705871.2975244877,944974.6663687371,888434.7560639203,521060.1928424642,1403893.0162865117,1048058.7023339676
2025-04-03T02:30:00.000+0000,1239137.6090415837,705871.2975244877,946212.2808708625,887981.3471614562,521060.1928424642,1409170.7667256955,1048058.7023339676
2025-04-03T02:40:00.000+0000,1241063.2457488237,705871.2975244877,948642.674673182,888993.4206044562,521060.1928424642,1410185.8283062717,1048058.7023339676
2025-04-03T02:50:00.000+0000,1240867.5531782238,705871.2975244877,949832.6681946653,890207.9087360563,521060.1928424642,1407928.7279322715,1048058.7023339676
2025-04-03T03:00:00.000+0000,1241339.5807238477,705871.2975244877,948965.2803458408,891738.1637818723,521060.1928424642,1408020.7644241275,1048058.7023339676
2025-04-03T03:10:00.000+0000,1243139.2260448956,705871.2975244877,948451.2589768169,892653.0781743443,521060.1928424642,1409634.5170483994,1048058.7023339676
2025-04-03T03:20:00.000+0000,1242746.9135561679,705871.2975244877,950261.9404491072,891972.9648206483,521060.1928424642,1410023.6927385756,1048058.7023339676
2025-04-03T03:30:00.000+0000,1245034.7735527677,705871.2975244877,948492.93119603,892863.5894504883,521060.1928424642,1411839.0431155197,1048058.7023339676
2025-04-03T03:40:00.000+0000,1242400.8619391117,705871.2975244877,947368.4677995713,891592.4252060803,521060.1928424642,1410009.6729234075,1048058.7023339676
2025-04-03T03:50:00.000+0000,1240519.3634630158,705871.2975244877,947565.950143232,890029.7838100884,521060.1928424642,1408509.8942070075,1048058.7023339676
2025-04-03T04:00:00.000+0000,1240182.9360204558,705871.2975244877,946994.1090888327,889908.3349969285,521060.1928424642,1407973.4475479354,1048058.7023339676
2025-04-03T04:10:00.000+0000,1242639.5903834477,705871.2975244877,947703.2255648207,890272.6814364083,521060.1928424642,1410318.2346763676,1048058.7023339676
2025-04-03T04:20:00.000+0000,1242286.0684873997,705871.2975244877,946797.8298832697,891786.7433071363,521060.1928424642,1409191.8593580795,1048058.7023339676
2025-04-03T04:30:00.000+0000,1239310.2681537038,705871.2975244877,946381.8954476025,890199.8121485123,521060.1928424642,1406087.0904018874,1048058.7023339676
2025-04-03T04:40:00.000+0000,1235065.3179328237,705871.2975244877,949358.5139218825,889373.9602190242,521060.1928424642,1401090.7068689596,1048058.7023339676
2025-04-03T04:50:00.000+0000,1234121.4459649597,705871.2975244877,951422.6239850922,890669.4142260642,521060.1928424642,1398212.9780352477,1048058.7023339676
2025-04-03T05:00:00.000+0000,1232964.4898708798,705871.2975244877,951283.7557279575,890175.5223858802,521060.1928424642,1396543.9909339356,1048058.7023339676
2025-04-03T05:10:00.000+0000,1233462.194008784,705871.2975244877,950358.4508856803,889794.9827713124,521060.1928424642,1397500.3130836794,1048058.7023339676
2025-04-03T05:20:00.000+0000,1235833.9182003117,705871.2975244877,948773.6478279468,889365.8636314804,521060.1928424642,1401734.9623119514,1048058.7023339676
2025-04-03T05:30:00.000+0000,1239538.1474143357,705871.2975244877,947242.227909044,892304.9249099523,521060.1928424642,1403748.4054877756,1048058.7023339676
2025-04-03T05:40:00.000+0000,1240615.82335332,705871.2975244877,946976.8316288964,891276.6582918643,521060.1928424642,1406837.4021519036,1048058.7023339676
2025-04-03T05:50:00.000+0000,1241255.7870324717,705871.2975244877,944646.960252702,892936.4587383843,521060.1928424642,1406243.9685388955,1048058.7023339676
2025-04-03T06:00:00.000+0000,1241083.6157997355,705871.2975244877,944745.5706429962,893268.4188276883,521060.1928424642,1405535.7162343834,1048058.7023339676
2025-04-03T06:10:00.000+0000,1242012.6678230478,705871.2975244877,943428.900350616,893300.8051778644,521060.1928424642,1406708.5636452315,1048058.7023339676
2025-04-03T06:20:00.000+0000,1244119.4314627277,705871.2975244877,944042.700683563,894709.6114105203,521060.1928424642,1407342.3042268476,1048058.7023339676
2025-04-03T06:30:00.000+0000,1245254.8745409998,705871.2975244877,942883.1693824444,896337.0255068643,521060.1928424642,1407537.7997651994,1048058.7023339676
2025-04-03T06:40:00.000+0000,1247273.6661346636,705871.2975244877,943076.2687835272,898895.5471707683,521060.1928424642,1408075.9989011674,1048058.7023339676
2025-04-03T06:50:00.000+0000,1247726.5428332319,705871.2975244877,939845.6457484326,899000.8028088403,521060.1928424642,1407926.1306717435,1048058.7023339676
2025-04-03T07:00:00.000+0000,1247011.1139745598,705871.2975244877,941201.9764925995,898458.3314433922,521060.1928424642,1407775.3547490556,1048058.7023339676
2025-04-03T07:10:00.000+0000,1246206.298982048,705871.2975244877,939242.9205816938,900223.3875279842,521060.1928424642,1403649.4219979676,1048058.7023339676
2025-04-03T07:20:00.000+0000,1242403.9569411278,705871.2975244877,938927.6736945154,898523.1041437443,521060.1928424642,1401143.3440854717,1048058.7023339676
2025-04-03T07:30:00.000+0000,1242410.7359735598,705871.2975244877,940916.0658473982,899122.2516220002,521060.1928424642,1399803.1036762395,1048058.7023339676
2025-04-03T07:40:00.000+0000,1242939.2125637918,705871.2975244877,940016.4535276953,900871.1145315045,521060.1928424642,1398831.0092344317,1048058.7023339676
2025-04-03T07:50:00.000+0000,1242409.7753027119,705871.2975244877,940363.9959016326,898506.9109686562,521060.1928424642,1399179.8779559995,1048058.7023339676
2025-04-03T08:00:00.000+0000,1240120.8347012878,705871.2975244877,943870.0169533708,897438.1614128484,521060.1928424642,1396753.5691970875,1048058.7023339676
2025-04-03T08:10:00.000+0000,1241772.0297276557,705871.2975244877,943881.3855999601,901251.6541460723,521060.1928424642,1396670.2950897117,1048058.7023339676
2025-04-03T08:20:00.000+0000,1242198.4410854476,705871.2975244877,943632.590559541,901478.3585973044,521060.1928424642,1394627.9045902877,1048058.7023339676
2025-04-03T08:30:00.000+0000,1241531.1625057117,705871.2975244877,943685.817992866,900506.7680920244,521060.1928424642,1395943.6103229756,1048058.7023339676
2025-04-03T08:40:00.000+0000,1240923.4798110959,705871.2975244877,945250.8094573086,900587.7339674643,521060.1928424642,1395445.7181556157,1048058.7023339676
2025-04-03T08:50:00.000+0000,1240172.5060611037,705871.2975244877,944416.0497099134,900668.6998429042,521060.1928424642,1394849.6872820794,1048058.7023339676
2025-04-03T09:00:00.000+0000,1239240.4033403038,705871.2975244877,944194.6694945002,900919.6940567684,521060.1928424642,1393648.8002408957,1048058.7023339676
2025-04-03T09:10:00.000+0000,1238133.562342048,705871.2975244877,943370.2371406493,900838.7281813282,521060.1928424642,1391607.3174347356,1048058.7023339676
2025-04-03T09:20:00.000+0000,1238320.086003648,705871.2975244877,942844.5123462052,900579.6373799202,521060.1928424642,1392072.7573247035,1048058.7023339676
2025-04-03T09:30:00.000+0000,1240318.127011072,705871.2975244877,943786.5762800185,900555.3476172884,521060.1928424642,1395377.3715566716,1048058.7023339676
2025-04-03T09:40:00.000+0000,1239783.0162823997,705871.2975244877,942410.6582761459,900628.2169051842,521060.1928424642,1394594.6075292637,1048058.7023339676
2025-04-03T09:50:00.000+0000,1238085.038841928,705871.2975244877,939918.9843456827,899543.2741742884,521060.1928424642,1392020.1830178236,1048058.7023339676
2025-04-03T10:00:00.000+0000,1237775.5355827757,705871.2975244877,940321.3547599057,900846.8247688722,521060.1928424642,1391154.1448830396,1048058.7023339676
2025-04-03T10:10:00.000+0000,1239339.8454629118,705871.2975244877,941012.2744420241,901559.3244727443,521060.1928424642,1392802.9470452317,1048058.7023339676
2025-04-03T10:20:00.000+0000,1240433.9242690958,705871.2975244877,935275.7444696531,902166.5685385442,521060.1928424642,1393313.1065508635,1048058.7023339676
2025-04-03T10:30:00.000+0000,1244673.8779803838,705871.2975244877,932768.122187567,905826.2261084324,521060.1928424642,1395230.1634974077,1048058.7023339676
2025-04-03T10:40:00.000+0000,1244491.1759290476,705871.2975244877,930521.4092367103,906085.3169098403,521060.1928424642,1395192.4537893275,1048058.7023339676
2025-04-03T10:50:00.000+0000,1243896.700510152,705871.2975244877,930881.8249422061,905939.5783340484,521060.1928424642,1391332.1156524315,1048058.7023339676
2025-04-03T11:00:00.000+0000,1243212.1174750638,705871.2975244877,929015.1382886532,909526.3666160402,521060.1928424642,1388435.1095728637,1048058.7023339676
2025-04-03T11:10:00.000+0000,1243116.2271987037,705871.2975244877,932107.1804031652,907040.7142400324,521060.1928424642,1391002.5241767196,1048058.7023339676
2025-04-03T11:20:00.000+0000,1243043.2262861917,705871.2975244877,930868.3719025833,907858.4695819763,521060.1928424642,1390759.7117621754,1048058.7023339676
2025-04-03T11:30:00.000+0000,1244464.3455105678,705871.2975244877,930766.9306791007,909056.7645384884,521060.1928424642,1391524.0433273595,1048058.7023339676
2025-04-03T11:40:00.000+0000,1242517.379250632,705871.2975244877,930393.8512287363,908303.7818968963,521060.1928424642,1388287.7756943356,1048058.7023339676
2025-04-03T11:50:00.000+0000,1242302.9055069997,705871.2975244877,929905.9999888127,908643.8385737444,521060.1928424642,1388801.4401537594,1048058.7023339676
2025-04-03T12:00:00.000+0000,1241628.3025614477,705871.2975244877,928741.7461549654,908174.2364961924,521060.1928424642,1387001.0172852476,1048058.7023339676
2025-04-03T12:10:00.000+0000,1239166.8873301998,705871.2975244877,929466.3132634006,906919.2654268723,521060.1928424642,1385404.7894299356,1048058.7023339676
2025-04-03T12:20:00.000+0000,1238548.3024443197,705871.2975244877,925003.9095082604,908190.4296712803,521060.1928424642,1380614.4162967354,1048058.7023339676
2025-04-03T12:30:00.000+0000,1238424.9324693198,705871.2975244877,923710.5509049452,909323.9519274402,521060.1928424642,1380874.7534802395,1048058.7023339676
2025-04-03T12:40:00.000+0000,1238578.0072214718,705871.2975244877,911107.7429585059,908538.5829356723,521060.1928424642,1381681.2074005594,1048058.7023339676
2025-04-03T12:50:00.000+0000,1239030.9070315356,705871.2975244877,913364.9427822994,907939.4354574163,521060.1928424642,1384673.7549257756,1048058.7023339676
2025-04-03T13:00:00.000+0000,1240541.1862508077,705871.2975244877,912343.014670402,909583.042728848,521060.1928424642,1382851.3946412476,1048058.7023339676
2025-04-03T13:10:00.000+0000,1240408.7735957438,705871.2975244877,914541.9220136141,908740.9976242722,521060.1928424642,1383337.0194703355,1048058.7023339676
2025-04-03T13:20:00.000+0000,1241530.5955696236,705871.2975244877,913836.3471912085,912036.3087546802,521060.1928424642,1382960.1111184314,1048058.7023339676
2025-04-03T13:30:00.000+0000,1239290.0503908636,705871.2975244877,919711.6542921839,908498.0999979522,521060.1928424642,1383198.5108859194,1048058.7023339676
2025-04-03T13:40:00.000+0000,1238700.5193033358,705871.2975244877,920917.1976054177,909704.4915420085,521060.1928424642,1380504.8550359195,1048058.7023339676
2025-04-03T13:50:00.000+0000,1238838.3672566798,705871.2975244877,922874.9150090104,909323.9519274402,521060.1928424642,1382270.2283665116,1048058.7023339676
2025-04-03T14:00:00.000+0000,1236654.9407663837,705871.2975244877,915727.1367333832,909647.8154292003,521060.1928424642,1375532.1613959037,1048058.7023339676
2025-04-03T14:10:00.000+0000,1236911.0723370719,705871.2975244877,913613.9704821522,912222.5302681923,521060.1928424642,1375631.2077953436,1048058.7023339676
2025-04-03T14:20:00.000+0000,1236668.3707537919,705871.2975244877,915238.3576100371,911898.6667664323,521060.1928424642,1375632.9602722395,1048058.7023339676
2025-04-03T14:30:00.000+0000,1237107.6807144396,705871.2975244877,914049.9177898106,912392.5586066162,521060.1928424642,1374574.0867692635,1048058.7023339676
2025-04-03T14:40:00.000+0000,1237722.1908527277,705871.2975244877,911319.6022991197,915129.2051964882,521060.1928424642,1370490.2134636797,1048058.7023339676
2025-04-03T14:50:00.000+0000,1238552.0253136398,705871.2975244877,908474.1258222787,919096.5330930485,521060.1928424642,1369601.3931292477,1048058.7023339676
2025-04-03T15:00:00.000+0000,1238778.2188739118,705871.2975244877,910314.5129155633,918473.0958521604,521060.1928424642,1369827.5255584635,1048058.7023339676
2025-04-03T15:10:00.000+0000,1236653.0805757279,705871.2975244877,911701.02231743,916084.6025266803,521060.1928424642,1370150.9519102236,1048058.7023339676
2025-04-03T15:20:00.000+0000,1237147.7168598797,705871.2975244877,915061.1031086706,916594.6875419521,521060.1928424642,1370074.6877104314,1048058.7023339676
2025-04-03T15:30:00.000+0000,1236194.8800296476,705871.2975244877,917946.977096312,914230.4839791041,521060.1928424642,1372308.1611011515,1048058.7023339676
2025-04-03T15:40:00.000+0000,1235459.6153723197,705871.2975244877,917977.861172934,912999.8026724162,521060.1928424642,1371719.9849188314,1048058.7023339676
2025-04-03T15:50:00.000+0000,1236145.8076489838,705871.2975244877,916374.258039665,914279.0635043684,521060.1928424642,1370567.3224471037,1048058.7023339676
2025-04-03T16:00:00.000+0000,1236564.6378065918,705871.2975244877,920828.1756984277,913712.3023762883,521060.1928424642,1373101.4399899356,1048058.7023339676
2025-04-03T16:10:00.000+0000,1238122.0420856318,705871.2975244877,920100.4076354298,915582.6140989523,521060.1928424642,1373080.4102671836,1048058.7023339676
2025-04-03T16:20:00.000+0000,1236954.5334203679,705871.2975244877,921586.0237963982,914999.6597957843,521060.1928424642,1371805.0115031037,1048058.7023339676
2025-04-03T16:30:00.000+0000,1233004.0438023997,705871.2975244877,919183.5291238743,915914.5741882563,521060.1928424642,1365376.3510690876,1048058.7023339676
2025-04-03T16:40:00.000+0000,1232676.8340198076,705871.2975244877,917912.2080199287,914473.3816054243,521060.1928424642,1365357.0738232315,1048058.7023339676
2025-04-03T16:50:00.000+0000,1232218.9368708157,705871.2975244877,915577.967911476,914457.1884303362,521060.1928424642,1365606.8961453596,1048058.7023339676
2025-04-03T17:00:00.000+0000,1231488.091115536,705871.2975244877,916862.8047807944,913485.5979250564,521060.1928424642,1365188.7731315836,1048058.7023339676
2025-04-03T17:10:00.000+0000,1230030.7795981758,705871.2975244877,916413.7675794072,913275.0866489124,521060.1928424642,1363607.4727847036,1048058.7023339676
2025-04-03T17:20:00.000+0000,1230569.80909932,705871.2975244877,915069.271578772,914497.6713680564,521060.1928424642,1363501.4164776797,1048058.7023339676
2025-04-03T17:30:00.000+0000,1231360.4158775038,705871.2975244877,914910.6946615363,914845.8246324481,521060.1928424642,1363487.3966625116,1048058.7023339676
2025-04-03T17:40:00.000+0000,1231394.3649165279,705871.2975244877,919169.3408764633,914554.3474808643,521060.1928424642,1364377.9694738395,1048058.7023339676
2025-04-03T17:50:00.000+0000,1231117.3340986238,705871.2975244877,918705.7171628682,915542.1311612322,521060.1928424642,1362680.0979585594,1048058.7023339676
2025-04-03T18:00:00.000+0000,1231466.8109932637,705871.2975244877,917662.1935026493,915218.2676594723,521060.1928424642,1363035.9765877116,1048058.7023339676
2025-04-03T18:10:00.000+0000,1232139.2214741916,705871.2975244877,916755.8080435775,915380.1994103524,521060.1928424642,1364073.8203679356,1048058.7023339676
2025-04-03T18:20:00.000+0000,1233503.9585803759,705871.2975244877,916794.3087663004,915121.1086089442,521060.1928424642,1366505.3865575355,1048058.7023339676
2025-04-03T18:30:00.000+0000,1233978.2504530877,705871.2975244877,918514.3443746794,912789.2913962724,521060.1928424642,1368166.4560579995,1048058.7023339676
2025-04-03T18:40:00.000+0000,1232597.6011068877,705871.2975244877,923958.2479046171,909404.9178028803,521060.1928424642,1370813.6398154395,1048058.7023339676
2025-04-03T18:50:00.000+0000,1232711.0530126959,705871.2975244877,923038.805765917,909016.2816007684,521060.1928424642,1371771.7144420794,1048058.7023339676
2025-04-03T19:00:00.000+0000,1232956.9957309917,705871.2975244877,923827.1300173549,908627.6453986563,521060.1928424642,1372846.3602371195,1048058.7023339676
2025-04-03T19:10:00.000+0000,1234014.184213064,705871.2975244877,922379.4091332825,908562.8726983044,521060.1928424642,1373986.7553705755,1048058.7023339676
2025-04-03T19:20:00.000+0000,1234289.8728056077,705871.2975244877,922683.0244247138,910263.1560825442,521060.1928424642,1373754.4578174076,1048058.7023339676
2025-04-03T19:30:00.000+0000,1234469.2846312318,705871.2975244877,922084.1081176009,910416.9912458803,521060.1928424642,1373483.6057725276,1048058.7023339676
2025-04-03T19:40:00.000+0000,1235284.1997971358,705871.2975244877,923962.6067370179,909995.9686935924,521060.1928424642,1375360.2928408314,1048058.7023339676
2025-04-03T19:50:00.000+0000,1237944.4400010558,705871.2975244877,923868.3350843333,910959.4626113283,521060.1928424642,1378833.2077644474,1048058.7023339676
2025-04-03T20:00:00.000+0000,1236847.2456093358,705871.2975244877,922830.1447862829,909332.0485149843,521060.1928424642,1378071.4734597916,1048058.7023339676
2025-04-03T20:10:00.000+0000,1235017.433610952,705871.2975244877,923491.2977849599,909672.1051918323,521060.1928424642,1375177.0646407516,1048058.7023339676
2025-04-03T20:20:00.000+0000,1233827.9678654158,705871.2975244877,922134.2669697667,909939.2925807843,521060.1928424642,1373679.0384012475,1048058.7023339676
2025-04-03T20:30:00.000+0000,1233258.2241653039,705871.2975244877,922058.1532181622,910044.5482188562,521060.1928424642,1372722.7162515037,1048058.7023339676
2025-04-03T20:40:00.000+0000,1231987.4274866078,705871.2975244877,923909.8987631027,906182.4759603683,521060.1928424642,1373663.2661091834,1048058.7023339676
2025-04-03T20:50:00.000+0000,1232163.4848779277,705871.2975244877,928252.7896930317,906627.7882752884,521060.1928424642,1374748.4267655995,1048058.7023339676
2025-04-03T21:00:00.000+0000,1226704.9238130557,705871.2975244877,929176.0208380666,899251.7970227043,521060.1928424642,1375246.3189329596,1048058.7023339676
2025-04-03T21:10:00.000+0000,1228705.5957340638,705871.2975244877,929638.7284550399,901672.6766983604,521060.1928424642,1375961.5811450556,1048058.7023339676
2025-04-03T21:20:00.000+0000,1227670.4839265118,705871.2975244877,931201.5733372746,902539.0115655683,521060.1928424642,1373736.8701388156,1048058.7023339676
2025-04-03T21:30:00.000+0000,1230417.9993143838,705871.2975244877,929708.8564929457,905138.0161671923,521060.1928424642,1374029.6595997114,1048058.7023339676
2025-04-03T21:40:00.000+0000,1231486.9171154879,705871.2975244877,929527.4824811583,906530.6292247605,521060.1928424642,1374519.6341662235,1048058.7023339676
2025-04-03T21:50:00.000+0000,1231075.2139117518,705871.2975244877,932858.3888976153,906433.4701742323,521060.1928424642,1374049.7816291996,1048058.7023339676
2025-04-03T22:00:00.000+0000,1231528.431897072,705871.2975244877,933715.0636708336,906741.1405009043,521060.1928424642,1373233.7205407675,1048058.7023339676
2025-04-03T22:10:00.000+0000,1231706.4284658078,705871.2975244877,934163.373730923,906700.6575631843,521060.1928424642,1373487.0478166875,1048058.7023339676
2025-04-03T22:20:00.000+0000,1231474.663196472,705871.2975244877,933402.1970627299,908797.6737370804,521060.1928424642,1371468.3472101756,1048058.7023339676
2025-04-03T22:30:00.000+0000,1229409.0243006558,705871.2975244877,935237.2976995498,906822.1063763443,521060.1928424642,1370980.9699041918,1048058.7023339676
2025-04-03T22:40:00.000+0000,1230287.9773652237,705871.2975244877,935137.7066356583,907218.8391660003,521060.1928424642,1371680.4598242235,1048058.7023339676
2025-04-03T22:50:00.000+0000,1231425.3908758876,705871.2975244877,934581.1269633066,907591.2821930242,521060.1928424642,1372550.0029127996,1048058.7023339676
2025-04-03T23:00:00.000+0000,1231334.9864972958,705871.2975244877,932096.9493159822,907817.9866442564,521060.1928424642,1371911.0049004955,1048058.7023339676
2025-04-03T23:10:00.000+0000,1232290.9785013678,705871.2975244877,931120.8895568533,909615.4290790244,521060.1928424642,1371928.5296694555,1048058.7023339676
2025-04-03T23:20:00.000+0000,1232531.422392248,705871.2975244877,932300.2941038616,909000.0884256803,521060.1928424642,1372692.0164510075,1048058.7023339676
2025-04-03T23:30:00.000+0000,1232998.7055464238,705871.2975244877,935762.7239072167,908457.6170602322,521060.1928424642,1373487.0478166875,1048058.7023339676
2025-04-03T23:40:00.000+0000,1233014.94772228,705871.2975244877,936008.5058395283,907979.9183951363,521060.1928424642,1374106.7685831354,1048058.7023339676
2025-04-03T23:50:00.000+0000,1232729.7146214559,705871.2975244877,937960.9809916237,908481.9068228642,521060.1928424642,1373338.0243708957,1048058.7023339676
2025-04-04T00:00:00.000+0000,1232350.365283904,705871.2975244877,937004.2126061595,908158.0433211043,521060.1928424642,1372615.7522512157,1048058.7023339676
2025-04-04T00:10:00.000+0000,1231953.6124802718,705871.2975244877,936721.4748256755,908684.3215114644,521060.1928424642,1372086.3154997276,1048058.7023339676
2025-04-04T00:20:00.000+0000,1231125.2090736,705871.2975244877,937695.842813596,906805.9132012562,521060.1928424642,1373761.4048153595,1048058.7023339676
2025-04-04T00:30:00.000+0000,1230052.0238991277,705871.2975244877,938405.9316551914,905890.9988087843,521060.1928424642,1371718.1695323035,1048058.7023339676
2025-04-04T00:40:00.000+0000,1231845.9789360478,705871.2975244877,935533.0218682801,908854.3498498884,521060.1928424642,1371980.2591927035,1048058.7023339676
2025-04-04T00:50:00.000+0000,1233926.8439512157,705871.2975244877,933517.1540337261,911542.4169144961,521060.1928424642,1372235.3389455196,1048058.7023339676
2025-04-04T01:00:00.000+0000,1234303.5392636878,705871.2975244877,933148.6212979357,911307.6158757203,521060.1928424642,1372118.7677771195,1048058.7023339676
2025-04-04T01:10:00.000+0000,1235149.4653909598,705871.2975244877,934287.4015770394,912845.9675090803,521060.1928424642,1372131.0351153915,1048058.7023339676
2025-04-04T01:20:00.000+0000,1235362.2299830078,705871.2975244877,934141.0697500088,912554.4903574964,521060.1928424642,1372585.9601439836,1048058.7023339676
2025-04-04T01:30:00.000+0000,1235700.5257597037,705871.2975244877,932235.2755775384,911809.6043034482,521060.1928424642,1374132.2109529437,1048058.7023339676
2025-04-04T01:40:00.000+0000,1236379.9702589118,705871.2975244877,932109.805441409,912870.2572717122,521060.1928424642,1374378.5283212797,1048058.7023339676
2025-04-04T01:50:00.000+0000,1236399.2028105517,705871.2975244877,922991.1697254453,913088.8651354003,521060.1928424642,1370925.7983367834,1048058.7023339676
2025-04-04T02:00:00.000+0000,1235410.3574901759,705871.2975244877,927330.3255302238,912724.5186959202,521060.1928424642,1371481.5222417116,1048058.7023339676
2025-04-04T02:10:00.000+0000,1232762.283545456,705871.2975244877,931302.3455218122,910935.1728486962,521060.1928424642,1371192.2377346074,1048058.7023339676
2025-04-04T02:20:00.000+0000,1232959.5281234558,705871.2975244877,929655.1720308843,911121.3943622082,521060.1928424642,1370193.8561393595,1048058.7023339676
2025-04-04T02:30:00.000+0000,1233948.4531100478,705871.2975244877,929669.41656514,913194.1207734724,521060.1928424642,1369503.1286038074,1048058.7023339676
2025-04-04T02:40:00.000+0000,1229179.0881168796,705871.2975244877,928951.1434155385,909591.1393163924,521060.1928424642,1366575.4227237436,1048058.7023339676
2025-04-04T02:50:00.000+0000,1228853.8421319919,705871.2975244877,927231.6591303023,910813.7240355364,521060.1928424642,1363952.7736428475,1048058.7023339676
2025-04-04T03:00:00.000+0000,1227283.6111125597,705871.2975244877,926458.515050098,909348.2416900723,521060.1928424642,1364732.0327164636,1048058.7023339676
2025-04-04T03:10:00.000+0000,1228401.022177992,705871.2975244877,926430.4315169404,908595.2590484803,521060.1928424642,1366784.9380772635,1048058.7023339676
2025-04-04T03:20:00.000+0000,1226872.9586175838,705871.2975244877,929415.2533208667,906935.4586019604,521060.1928424642,1366602.6175704475,1048058.7023339676
2025-04-04T03:30:00.000+0000,1226728.1566519039,705871.2975244877,926247.4311604303,907737.0207688164,521060.1928424642,1364670.6960251036,1048058.7023339676
2025-04-04T03:40:00.000+0000,1229064.3984620636,705871.2975244877,926908.0119273813,910303.6390202644,521060.1928424642,1366073.1808189596,1048058.7023339676
2025-04-04T03:50:00.000+0000,1229276.5113958558,705871.2975244877,927487.1664891427,909283.4689897203,521060.1928424642,1366866.4597077435,1048058.7023339676
2025-04-04T04:00:00.000+0000,1228352.2044434478,705871.2975244877,926338.6824880269,908773.3839744483,521060.1928424642,1365798.8238202876,1048058.7023339676
2025-04-04T04:10:00.000+0000,1228414.5493276077,705871.2975244877,924962.7746612288,909664.0086042883,521060.1928424642,1365875.0880200795,1048058.7023339676
2025-04-04T04:20:00.000+0000,1228480.541521584,705871.2975244877,924499.4170805265,909915.0028181523,521060.1928424642,1365605.9884520955,1048058.7023339676
2025-04-04T04:30:00.000+0000,1230835.5132258318,705871.2975244877,927232.8617318245,908991.9918381362,521060.1928424642,1368917.6125916475,1048058.7023339676
2025-04-04T04:40:00.000+0000,1230295.1810876317,705871.2975244877,926555.3749945383,908983.8952505924,521060.1928424642,1368296.1393483034,1048058.7023339676
2025-04-04T04:50:00.000+0000,1229797.7000011436,705871.2975244877,925551.0183595339,908967.7020755042,521060.1928424642,1369146.4051910236,1048058.7023339676
2025-04-04T05:00:00.000+0000,1230248.4856538877,705871.2975244877,924777.8678582831,909218.6962893684,521060.1928424642,1367573.8672286235,1048058.7023339676
2025-04-04T05:10:00.000+0000,1228336.7790636315,705871.2975244877,927671.6039756932,907226.9357535442,521060.1928424642,1368216.3701947196,1048058.7023339676
2025-04-04T05:20:00.000+0000,1228333.7507981837,705871.2975244877,929156.7698597652,904425.5164633202,521060.1928424642,1369101.6855753595,1048058.7023339676
2025-04-04T05:30:00.000+0000,1228779.6310284077,705871.2975244877,931536.0552398383,904457.9028134963,521060.1928424642,1372009.2065163036,1048058.7023339676
2025-04-04T05:40:00.000+0000,1229686.0729542796,705871.2975244877,933590.1018960944,905008.4707664882,521060.1928424642,1373177.6412800956,1048058.7023339676
2025-04-04T05:50:00.000+0000,1230305.1047723277,705871.2975244877,933465.2382968015,906911.1688393283,521060.1928424642,1372044.2560542235,1048058.7023339676
2025-04-04T06:00:00.000+0000,1230704.47303192,705871.2975244877,934372.528342911,907631.7651307443,521060.1928424642,1371181.7228732316,1048058.7023339676
2025-04-04T06:10:00.000+0000,1231513.8665986399,705871.2975244877,934082.564445426,909680.2017793762,521060.1928424642,1369524.1583265595,1048058.7023339676
2025-04-04T06:20:00.000+0000,1231833.6064419677,705871.2975244877,934976.9541075648,911072.8148369443,521060.1928424642,1369610.9373877277,1048058.7023339676
2025-04-04T06:30:00.000+0000,1232246.3892313438,705871.2975244877,933386.1468332093,910927.0762611523,521060.1928424642,1370128.1068009436,1048058.7023339676
2025-04-04T06:40:00.000+0000,1234199.2282193357,705871.2975244877,932801.8886086191,911469.5476266004,521060.1928424642,1371747.1168559035,1048058.7023339676
2025-04-04T06:50:00.000+0000,1235113.7844285837,705871.2975244877,932460.6131053853,913088.8651354003,521060.1928424642,1371065.1517048315,1048058.7023339676
2025-04-04T07:00:00.000+0000,1235525.1604442797,705871.2975244877,932463.8532120961,913250.7968862802,521060.1928424642,1370558.4971529916,1048058.7023339676
2025-04-04T07:10:00.000+0000,1234298.5101402078,705871.2975244877,937169.5028971088,913582.7569755843,521060.1928424642,1368916.7048983835,1048058.7023339676
2025-04-04T07:20:00.000+0000,1232070.7910223838,705871.2975244877,938863.7125006416,912384.4620190723,521060.1928424642,1366499.1585239517,1048058.7023339676
2025-04-04T07:30:00.000+0000,1232530.2787478957,705871.2975244877,938999.573015423,913177.9275983844,521060.1928424642,1366983.8756597755,1048058.7023339676
2025-04-04T07:40:00.000+0000,1232654.696374104,705871.2975244877,940731.6207952152,913105.0583104882,521060.1928424642,1367185.4734124476,1048058.7023339676
2025-04-04T07:50:00.000+0000,1231944.608519208,705871.2975244877,944151.8924469823,912773.0982211843,521060.1928424642,1367018.9251976954,1048058.7023339676
2025-04-04T08:00:00.000+0000,1232585.1270341359,705871.2975244877,944331.5610316761,911453.3544515123,521060.1928424642,1368730.8165281436,1048058.7023339676
2025-04-04T08:10:00.000+0000,1234318.437175816,705871.2975244877,946955.6047622875,912392.5586066162,521060.1928424642,1370921.3227800955,1048058.7023339676
2025-04-04T08:20:00.000+0000,1235934.5456638876,705871.2975244877,948840.829910445,912109.1780425762,521060.1928424642,1373852.5336139516,1048058.7023339676
2025-04-04T08:30:00.000+0000,1236309.0250605117,705871.2975244877,948065.4794823776,913817.5580143603,521060.1928424642,1373015.4428027675,1048058.7023339676
2025-04-04T08:40:00.000+0000,1237797.6961401359,705871.2975244877,949434.7685249449,914473.3816054243,521060.1928424642,1373782.4345381116,1048058.7023339676
2025-04-04T08:50:00.000+0000,1237899.8950655358,705871.2975244877,949589.3144131303,915283.0403598243,521060.1928424642,1373081.1921411837,1048058.7023339676
2025-04-04T09:00:00.000+0000,1239560.1502679598,705871.2975244877,947681.0753667509,915963.1537135203,521060.1928424642,1373214.4432949116,1048058.7023339676
2025-04-04T09:10:00.000+0000,1238905.8502970235,705871.2975244877,948959.4832030961,916181.7615772082,521060.1928424642,1373903.4183535676,1048058.7023339676
2025-04-04T09:20:00.000+0000,1238675.0533524079,705871.2975244877,948766.2144049043,915801.2219626404,521060.1928424642,1373811.3818617116,1048058.7023339676
2025-04-04T09:30:00.000+0000,1239681.4529880877,705871.2975244877,948344.8589752082,916003.6366512403,521060.1928424642,1374514.3767355355,1048058.7023339676
2025-04-04T09:40:00.000+0000,1242577.6862464077,705871.2975244877,951672.8597687094,915946.9605384322,521060.1928424642,1380085.7614192476,1048058.7023339676
2025-04-04T09:50:00.000+0000,1243034.177301176,705871.2975244877,952602.4304279138,916724.2329426564,521060.1928424642,1379667.6384054716,1048058.7023339676
2025-04-04T10:00:00.000+0000,1243240.6896490238,705871.2975244877,944457.9046691856,915857.8980754483,521060.1928424642,1380871.1856168155,1048058.7023339676
2025-04-04T10:10:00.000+0000,1243113.2357637677,705871.2975244877,939087.1460055717,916610.8807170403,521060.1928424642,1378549.1806880315,1048058.7023339676
2025-04-04T10:20:00.000+0000,1244126.6690779997,705871.2975244877,930905.8986499724,919485.1692951601,521060.1928424642,1376450.7109279355,1048058.7023339676
2025-04-04T10:30:00.000+0000,1244549.7421385678,705871.2975244877,931325.3846390793,921622.6684067764,521060.1928424642,1375035.0511025435,1048058.7023339676
2025-04-04T10:40:00.000+0000,1247396.94411332,705871.2975244877,927401.964674145,924877.4965994642,521060.1928424642,1373677.2859243515,1048058.7023339676
2025-04-04T10:50:00.000+0000,1247814.13219564,705871.2975244877,923731.4924741515,927913.7169284644,521060.1928424642,1371720.8297024635,1048058.7023339676
2025-04-04T11:00:00.000+0000,1246916.5593288396,705871.2975244877,922712.3107830344,928901.5006088323,521060.1928424642,1370063.2651557915,1048058.7023339676
2025-04-04T11:10:00.000+0000,1246119.1184722958,705871.2975244877,921829.5832835839,929014.8528344483,521060.1928424642,1369266.4813132156,1048058.7023339676
2025-04-04T11:20:00.000+0000,1246383.5323318478,705871.2975244877,915187.5528452463,930456.0454172805,521060.1928424642,1367223.2460301595,1048058.7023339676
2025-04-04T11:30:00.000+0000,1245759.5597295917,705871.2975244877,915493.7387214443,929670.6764255123,521060.1928424642,1365768.1869294236,1048058.7023339676
2025-04-04T11:40:00.000+0000,1245744.6261460239,705871.2975244877,916238.560447369,931095.6758332562,521060.1928424642,1365638.4407294875,1048058.7023339676
2025-04-04T11:50:00.000+0000,1244804.0671756398,705871.2975244877,920713.0045173445,929824.5115888483,521060.1928424642,1366091.6132811834,1048058.7023339676
2025-04-04T12:00:00.000+0000,1244561.087495016,705871.2975244877,921878.6788652528,929678.7730130563,521060.1928424642,1364651.4187792474,1048058.7023339676
2025-04-04T12:10:00.000+0000,1245249.2014531037,705871.2975244877,921500.8645587834,930812.2952692164,521060.1928424642,1365414.9055607994,1048058.7023339676
2025-04-04T12:20:00.000+0000,1245147.1866702717,705871.2975244877,919500.3101183767,930885.1645571124,521060.1928424642,1364180.7214585915,1048058.7023339676
2025-04-04T12:30:00.000+0000,1243729.6327113998,705871.2975244877,920549.3426638437,928302.3531305763,521060.1928424642,1364760.9800400636,1048058.7023339676
2025-04-04T12:40:00.000+0000,1243996.1017954557,705871.2975244877,922229.112893326,926739.7117345843,521060.1928424642,1367011.9781997437,1048058.7023339676
2025-04-04T12:50:00.000+0000,1240976.3388899758,705871.2975244877,924398.191605422,923112.4405148723,521060.1928424642,1367767.5473804476,1048058.7023339676
2025-04-04T13:00:00.000+0000,1240738.9849451596,705871.2975244877,927556.010142419,920311.0212246482,521060.1928424642,1367812.2669961117,1048058.7023339676
2025-04-04T13:10:00.000+0000,1240909.8953173917,705871.2975244877,926221.7032417362,924351.2184091043,521060.1928424642,1367003.2158152636,1048058.7023339676
2025-04-04T13:20:00.000+0000,1243625.1448386237,705871.2975244877,924178.6586073645,926253.9164819443,521060.1928424642,1367522.1377053757,1048058.7023339676
2025-04-04T13:30:00.000+0000,1242657.600004216,705871.2975244877,920709.4658238565,927063.5752363442,521060.1928424642,1364524.3327494715,1048058.7023339676
2025-04-04T13:40:00.000+0000,1242731.2133264078,705871.2975244877,919389.538012852,926156.7574314164,521060.1928424642,1364350.7746271356,1048058.7023339676
2025-04-04T13:50:00.000+0000,1244216.6719980158,705871.2975244877,925682.0416394549,923047.6678145204,521060.1928424642,1367763.1976430237,1048058.7023339676
2025-04-04T14:00:00.000+0000,1243326.7569800317,705871.2975244877,928444.3205566688,921962.7250836244,521060.1928424642,1372331.7880844316,1048058.7023339676
2025-04-04T14:10:00.000+0000,1245459.3263086318,705871.2975244877,928120.3024185807,925112.2976382405,521060.1928424642,1372408.0522842235,1048058.7023339676
2025-04-04T14:20:00.000+0000,1246871.7675909197,705871.2975244877,930259.4726391146,924553.6330977044,521060.1928424642,1375331.3455172316,1048058.7023339676
2025-04-04T14:30:00.000+0000,1246353.4567415838,705871.2975244877,927779.921083811,924723.6614361282,521060.1928424642,1373530.0149554557,1048058.7023339676
2025-04-04T14:40:00.000+0000,1245559.4022537759,705871.2975244877,922826.2952005002,925120.3942257843,521060.1928424642,1371318.4789807515,1048058.7023339676
2025-04-04T14:50:00.000+0000,1244351.1949235117,705871.2975244877,921900.5797521913,922399.9408110003,521060.1928424642,1370790.7947061595,1048058.7023339676
2025-04-04T15:00:00.000+0000,1242812.7979564478,705871.2975244877,935066.8552124827,917129.0623198564,521060.1928424642,1376949.4478789275,1048058.7023339676
2025-04-04T15:10:00.000+0000,1242945.8303353358,705871.2975244877,942758.13316659,915072.5290836802,521060.1928424642,1378990.9306850876,1048058.7023339676
2025-04-04T15:20:00.000+0000,1242214.2298043596,705871.2975244877,941624.6189540843,916481.3353163364,521060.1928424642,1376527.8199113596,1048058.7023339676
2025-04-04T15:30:00.000+0000,1241095.732858328,705871.2975244877,934756.8912850996,916991.4203316084,521060.1928424642,1373158.3640342397,1048058.7023339676
2025-04-04T15:40:00.000+0000,1239895.363073008,705871.2975244877,934334.0853288358,915485.4550484242,521060.1928424642,1372896.2743738396,1048058.7023339676
2025-04-04T15:50:00.000+0000,1240466.3227695436,705871.2975244877,937231.5096835515,916003.6366512403,521060.1928424642,1375768.7457768635,1048058.7023339676
2025-04-04T16:00:00.000+0000,1240421.2627763997,705871.2975244877,937757.7844507704,915712.1594996562,521060.1928424642,1375850.2674073437,1048058.7023339676
2025-04-04T16:10:00.000+0000,1241253.1942383677,705871.2975244877,939214.734929139,917177.6418451203,521060.1928424642,1375781.0131151355,1048058.7023339676
2025-04-04T16:20:00.000+0000,1243206.509564984,705871.2975244877,934192.8552598319,919412.3000072644,521060.1928424642,1375859.0297918236,1048058.7023339676
2025-04-04T16:30:00.000+0000,1242625.5363356879,705871.2975244877,935794.6650569297,916902.3578686244,521060.1928424642,1377435.0727080156,1048058.7023339676
2025-04-04T16:40:00.000+0000,1243202.1299115117,705871.2975244877,938729.8359227988,917250.5111330163,521060.1928424642,1377108.9861860955,1048058.7023339676
2025-04-04T16:50:00.000+0000,1243394.9555874637,705871.2975244877,943547.0816618535,916643.2670672162,521060.1928424642,1378520.2333644314,1048058.7023339676
2025-04-04T17:00:00.000+0000,1243077.8855665678,705871.2975244877,943552.0349313549,917177.6418451203,521060.1928424642,1377859.2979361115,1048058.7023339676
2025-04-04T17:10:00.000+0000,1240569.3782291678,705871.2975244877,940497.9518926397,918035.8801247842,521060.1928424642,1374193.5476443036,1048058.7023339676
2025-04-04T17:20:00.000+0000,1239162.87799024,705871.2975244877,944038.6213984409,914489.5747805124,521060.1928424642,1374551.1787503515,1048058.7023339676
2025-04-04T17:30:00.000+0000,1237758.9840446077,705871.2975244877,947105.0897257556,910311.7356078082,521060.1928424642,1376325.3144654236,1048058.7023339676
2025-04-04T17:40:00.000+0000,1237249.7403457437,705871.2975244877,954457.3126990942,909040.5713634004,521060.1928424642,1377825.0931818236,1048058.7023339676
2025-04-04T17:50:00.000+0000,1236213.6590444078,705871.2975244877,958212.966100578,906797.8166137121,521060.1928424642,1380258.4118483197,1048058.7023339676
2025-04-04T18:00:00.000+0000,1236280.819163296,705871.2975244877,954706.5100375549,906352.5042987922,521060.1928424642,1379626.4237435996,1048058.7023339676
2025-04-04T18:10:00.000+0000,1237896.890251312,705871.2975244877,952171.6801472104,911590.9964397603,521060.1928424642,1376564.6219261757,1048058.7023339676
2025-04-04T18:20:00.000+0000,1237962.8340340478,705871.2975244877,951656.3334080423,911647.6725525684,521060.1928424642,1376941.5302780797,1048058.7023339676
2025-04-04T18:30:00.000+0000,1237269.6653130078,705871.2975244877,950584.4670215363,912449.2347194243,521060.1928424642,1375808.1450522076,1048058.7023339676
2025-04-04T18:40:00.000+0000,1237350.645117296,705871.2975244877,951268.1128850161,911655.7691401123,521060.1928424642,1375468.0387151195,1048058.7023339676
2025-04-04T18:50:00.000+0000,1237586.4477341678,705871.2975244877,951187.1307950346,912433.0415443364,521060.1928424642,1376436.6282031354,1048058.7023339676
2025-04-04T19:00:00.000+0000,1239749.0157346157,705871.2975244877,949653.4769214219,913517.9842752323,521060.1928424642,1377722.5418285916,1048058.7023339676
2025-04-04T19:10:00.000+0000,1240456.5046103597,705871.2975244877,953845.759994601,912433.0415443364,521060.1928424642,1380416.1976785916,1048058.7023339676
2025-04-04T19:20:00.000+0000,1242228.8985599598,705871.2975244877,955068.7169150616,914440.9952552484,521060.1928424642,1380589.7558009275,1048058.7023339676
2025-04-04T19:30:00.000+0000,1243035.8127417758,705871.2975244877,955741.453253414,914198.0976289283,521060.1928424642,1382236.8054862237,1048058.7023339676
2025-04-04T19:40:00.000+0000,1241698.4771768078,705871.2975244877,955103.8076152483,914635.3133563043,521060.1928424642,1379114.5117610716,1048058.7023339676
2025-04-04T19:50:00.000+0000,1241001.6611459516,705871.2975244877,953480.1176340133,915364.0062352644,521060.1928424642,1377894.3474740316,1048058.7023339676
2025-04-04T20:00:00.000+0000,1242859.5961679039,705871.2975244877,954267.7715675731,915712.1594996562,521060.1928424642,1380518.7490318236,1048058.7023339676
2025-04-04T20:10:00.000+0000,1242932.8124779598,705871.2975244877,950335.9505088213,916521.8182540563,521060.1928424642,1378326.4903029755,1048058.7023339676
2025-04-04T20:20:00.000+0000,1241767.3138333918,705871.2975244877,952005.543165794,915817.4151377283,521060.1928424642,1378528.0880556477,1048058.7023339676
2025-04-04T20:30:00.000+0000,1244600.2177457518,705871.2975244877,954871.5605235255,917404.3462963522,521060.1928424642,1380798.3634611836,1048058.7023339676
2025-04-04T20:40:00.000+0000,1245737.8539681036,705871.2975244877,957585.364051792,917647.2439226722,521060.1928424642,1382270.1025472477,1048058.7023339676
2025-04-04T20:50:00.000+0000,1246155.9612844477,705871.2975244877,958800.4223732129,918416.4197393523,521060.1928424642,1382358.6340853116,1048058.7023339676
2025-04-04T21:00:00.000+0000,1246661.1034271838,705871.2975244877,957611.2819632433,916821.3919931842,521060.1928424642,1383136.1406820316,1048058.7023339676
2025-04-04T21:10:00.000+0000,1245696.8712505277,705871.2975244877,958435.8499278091,916141.2786394884,521060.1928424642,1384599.1173836156,1048058.7023339676
2025-04-04T21:20:00.000+0000,1246907.6434372638,705871.2975244877,957566.5945074799,915930.7673633442,521060.1928424642,1385551.9345795675,1048058.7023339676
2025-04-04T21:30:00.000+0000,1248160.6697236558,705871.2975244877,955962.9500936198,916934.7442188002,521060.1928424642,1387200.7367417596,1048058.7023339676
2025-04-04T21:40:00.000+0000,1251635.5638126717,705871.2975244877,959668.2484349161,916408.4660284403,521060.1928424642,1391119.8143094876,1048058.7023339676
2025-04-04T21:50:00.000+0000,1253872.5942055117,705871.2975244877,958059.4287879122,917363.8633586324,521060.1928424642,1395464.0247985756,1048058.7023339676
2025-04-04T22:00:00.000+0000,1250774.165403136,705871.2975244877,957042.7999924312,917647.2439226722,521060.1928424642,1389476.2695779835,1048058.7023339676
2025-04-04T22:10:00.000+0000,1251020.3950417119,705871.2975244877,958595.8508557754,918926.5047546243,521060.1928424642,1389297.4540249596,1048058.7023339676
2025-04-04T22:20:00.000+0000,1251172.7308155198,705871.2975244877,959817.0072230846,918877.9252293603,521060.1928424642,1388707.5253657436,1048058.7023339676
2025-04-04T22:30:00.000+0000,1248325.9119040717,705871.2975244877,958862.187619939,918877.9252293603,521060.1928424642,1384090.7103548795,1048058.7023339676
2025-04-04T22:40:00.000+0000,1248400.4546421356,705871.2975244877,958430.9159393059,919145.1126183122,521060.1928424642,1384090.7103548795,1048058.7023339676
2025-04-04T22:50:00.000+0000,1247435.1253838479,705871.2975244877,958093.336444792,918853.6354667284,521060.1928424642,1383913.6472787515,1048058.7023339676
2025-04-04T23:00:00.000+0000,1246495.0367968557,705871.2975244877,955418.4965167381,918845.5388791843,521060.1928424642,1380588.0033240316,1048058.7023339676
2025-04-04T23:10:00.000+0000,1245333.0272987357,705871.2975244877,954500.7185245405,919954.7713727123,521060.1928424642,1379022.4752692154,1048058.7023339676
2025-04-04T23:20:00.000+0000,1243328.7330279276,705871.2975244877,952641.3895833173,920246.2485242963,521060.1928424642,1375781.8578987676,1048058.7023339676
2025-04-04T23:30:00.000+0000,1243302.9210440477,705871.2975244877,952152.2663178584,920408.1802751764,521060.1928424642,1375261.1835317595,1048058.7023339676
2025-04-04T23:40:00.000+0000,1243846.7812375438,705871.2975244877,952660.5421089557,921104.4868039603,521060.1928424642,1375119.1699935514,1048058.7023339676
2025-04-04T23:50:00.000+0000,1243887.6842889036,705871.2975244877,955175.1889521255,920999.2311658883,521060.1928424642,1375724.8709448315,1048058.7023339676
2025-04-05T00:00:00.000+0000,1244561.9631039677,705871.2975244877,952937.6592264371,919493.2658827044,521060.1928424642,1377901.3573816156,1048058.7023339676
2025-04-05T00:10:00.000+0000,1244078.6825779357,705871.2975244877,953446.183219797,917323.3804209123,521060.1928424642,1378209.9191345756,1048058.7023339676
2025-04-05T00:20:00.000+0000,1245041.9610581598,705871.2975244877,953491.0950091453,917550.0848721444,521060.1928424642,1381163.9121680795,1048058.7023339676
2025-04-05T00:30:00.000+0000,1243770.7123213997,705871.2975244877,952655.6770078901,916432.7557910723,521060.1928424642,1380634.4754165914,1048058.7023339676
2025-04-05T00:40:00.000+0000,1243280.7555406478,705871.2975244877,951424.3487110429,915493.5516359683,521060.1928424642,1379166.2412843197,1048058.7023339676
2025-04-05T00:50:00.000+0000,1241265.8735567918,705871.2975244877,953317.2727714074,911137.5875372962,521060.1928424642,1381613.5797659834,1048058.7023339676
2025-04-05T01:00:00.000+0000,1241564.1241752638,705871.2975244877,955177.3888789422,910465.5707711442,521060.1928424642,1384838.4248443677,1048058.7023339676
2025-04-05T01:10:00.000+0000,1243293.5250468638,705871.2975244877,955167.3927318417,912538.2971824082,521060.1928424642,1385289.8449191675,1048058.7023339676
2025-04-05T01:20:00.000+0000,1245458.1669368718,705871.2975244877,955858.5557870435,912732.6152834643,521060.1928424642,1387284.0108491355,1048058.7023339676
2025-04-05T01:30:00.000+0000,1244584.3710732397,705871.2975244877,956445.7279425795,911218.5534127363,521060.1928424642,1387108.7002499036,1048058.7023339676
2025-04-05T01:40:00.000+0000,1243614.1073257038,705871.2975244877,954129.7044277112,912578.7801201283,521060.1928424642,1385437.1158880636,1048058.7023339676
2025-04-05T01:50:00.000+0000,1243875.9769123038,705871.2975244877,953980.1742932773,912603.0698827603,521060.1928424642,1385416.0861653115,1048058.7023339676
2025-04-05T02:00:00.000+0000,1244825.2534130798,705871.2975244877,952494.6722978652,913849.9443645363,521060.1928424642,1385221.4983202235,1048058.7023339676
2025-04-05T02:10:00.000+0000,1245756.7690239437,705871.2975244877,952207.693883782,915396.3925854403,521060.1928424642,1385487.0929344154,1048058.7023339676
2025-04-05T02:20:00.000+0000,1243938.9581469758,705871.2975244877,950334.8279913858,915501.6482235123,521060.1928424642,1380119.0584802716,1048058.7023339676
2025-04-05T02:30:00.000+0000,1242377.5088665278,705871.2975244877,950005.13073929,916869.9715184482,521060.1928424642,1377692.7497213595,1048058.7023339676
2025-04-05T02:40:00.000+0000,1241520.7194568398,705871.2975244877,952177.7875206629,915841.7049003604,521060.1928424642,1377276.3791844796,1048058.7023339676
2025-04-05T02:50:00.000+0000,1239199.1008587438,705871.2975244877,950895.6858040409,915485.4550484242,521060.1928424642,1375353.2200236155,1048058.7023339676
2025-04-05T03:00:00.000+0000,1239358.6610883598,705871.2975244877,949883.8537944807,915946.9605384322,521060.1928424642,1374212.8248901595,1048058.7023339676
2025-04-05T03:10:00.000+0000,1238818.0192581117,705871.2975244877,949828.6738406679,916222.2445149284,521060.1928424642,1373879.7284606555,1048058.7023339676
2025-04-05T03:20:00.000+0000,1239532.73157048,705871.2975244877,948630.1443748679,916999.5169191523,521060.1928424642,1373716.6851996956,1048058.7023339676
2025-04-05T03:30:00.000+0000,1239885.5464226159,705871.2975244877,948938.7121755845,917833.4654361843,521060.1928424642,1373203.0207402715,1048058.7023339676
2025-04-05T03:40:00.000+0000,1239488.4032415359,705871.2975244877,949468.142100531,917428.6360589843,521060.1928424642,1373463.3579237754,1048058.7023339676
2025-04-05T03:50:00.000+0000,1239431.089329376,705871.2975244877,948357.0770844361,918432.6129144402,521060.1928424642,1371667.2847926877,1048058.7023339676
2025-04-05T04:00:00.000+0000,1239493.5208541676,705871.2975244877,948750.05120799,918732.1866535683,521060.1928424642,1371842.5953919196,1048058.7023339676
2025-04-05T04:10:00.000+0000,1241019.0177095837,705871.2975244877,950043.9981224353,919209.8853186644,521060.1928424642,1372791.9076340795,1048058.7023339676
2025-04-05T04:20:00.000+0000,1242870.8895659517,705871.2975244877,950053.9242910886,919379.9136570883,521060.1928424642,1375652.1116988314,1048058.7023339676
2025-04-05T04:30:00.000+0000,1241966.3152947598,705871.2975244877,950266.2550229637,918392.1299767203,521060.1928424642,1375556.5702531836,1048058.7023339676
2025-04-05T04:40:00.000+0000,1240044.5650858318,705871.2975244877,948780.7913659071,917250.5111330163,521060.1928424642,1374527.4888574395,1048058.7023339676
2025-04-05T04:50:00.000+0000,1240441.1600658237,705871.2975244877,947012.7928167926,917963.0108368883,521060.1928424642,1374260.1417663516,1048058.7023339676
2025-04-05T05:00:00.000+0000,1237912.8081068317,705871.2975244877,947157.7086995833,916351.7899156322,521060.1928424642,1372087.1602833595,1048058.7023339676
2025-04-05T05:10:00.000+0000,1238574.80072872,705871.2975244877,948285.4164953562,916376.0796782643,521060.1928424642,1372521.0555891995,1048058.7023339676
2025-04-05T05:20:00.000+0000,1239345.714413992,705871.2975244877,949906.5294707783,916044.1195889604,521060.1928424642,1374711.5618411517,1048058.7023339676
2025-04-05T05:30:00.000+0000,1238415.4628710637,705871.2975244877,949547.2917200519,915339.7164726321,521060.1928424642,1373496.6549847997,1048058.7023339676
2025-04-05T05:40:00.000+0000,1239443.7879923116,705871.2975244877,949070.0876283913,916440.8523786163,521060.1928424642,1374449.4721807516,1048058.7023339676
2025-04-05T05:50:00.000+0000,1239313.6000760319,705871.2975244877,948300.5739067807,916108.8922893123,521060.1928424642,1373762.2495989916,1048058.7023339676
2025-04-05T06:00:00.000+0000,1240265.2054522159,705871.2975244877,948239.4304803615,917801.0790860082,521060.1928424642,1374183.8775665595,1048058.7023339676
2025-04-05T06:10:00.000+0000,1241424.7987548397,705871.2975244877,949315.7647762874,917720.1132105683,521060.1928424642,1375056.9256089274,1048058.7023339676
2025-04-05T06:20:00.000+0000,1243212.4910259838,705871.2975244877,948817.852016354,918578.3514902324,521060.1928424642,1377479.7294140477,1048058.7023339676
2025-04-05T06:30:00.000+0000,1245279.487944512,705871.2975244877,947842.7472287777,919404.2034197203,521060.1928424642,1379916.5530343356,1048058.7023339676
2025-04-05T06:40:00.000+0000,1246012.6233266238,705871.2975244877,944798.8572875422,921274.5151423843,521060.1928424642,1377791.7961207996,1048058.7023339676
2025-04-05T06:50:00.000+0000,1247145.1728515918,705871.2975244877,945500.7840800824,921047.8106911525,521060.1928424642,1379196.0333915516,1048058.7023339676
2025-04-05T07:00:00.000+0000,1247677.3264978237,705871.2975244877,946170.7659668815,920408.1802751764,521060.1928424642,1381900.2041029276,1048058.7023339676
2025-04-05T07:10:00.000+0000,1246436.4275617837,705871.2975244877,945578.6640975869,919541.8454079683,521060.1928424642,1380694.0596310555,1048058.7023339676
2025-04-05T07:20:00.000+0000,1245319.8339718478,705871.2975244877,946610.3830267809,916222.2445149284,521060.1928424642,1382585.6742077917,1048058.7023339676
2025-04-05T07:30:00.000+0000,1243900.2068028718,705871.2975244877,946928.7185899094,914554.3474808643,521060.1928424642,1383382.4580503674,1048058.7023339676
2025-04-05T07:40:00.000+0000,1244181.1728700558,705871.2975244877,947235.5327253193,913550.3706254081,521060.1928424642,1383719.0594336635,1048058.7023339676
2025-04-05T07:50:00.000+0000,1244622.5324397036,705871.2975244877,948880.538725456,912578.7801201283,521060.1928424642,1386336.4510838715,1048058.7023339676
2025-04-05T08:00:00.000+0000,1245696.0672342558,705871.2975244877,949727.9292451185,909518.2700284964,521060.1928424642,1391017.2629562556,1048058.7023339676
2025-04-05T08:10:00.000+0000,1246489.7022778876,705871.2975244877,948110.4316041779,910465.5707711442,521060.1928424642,1391350.3593857596,1048058.7023339676
2025-04-05T08:20:00.000+0000,1246287.7686940958,705871.2975244877,947432.7950458571,909850.2301178002,521060.1928424642,1392919.3923943676,1048058.7023339676
2025-04-05T08:30:00.000+0000,1245143.3695763918,705871.2975244877,948004.6602282922,908862.4464374323,521060.1928424642,1392577.5335803835,1048058.7023339676
2025-04-05T08:40:00.000+0000,1243615.7665572558,705871.2975244877,949652.4488234044,907615.5719556562,521060.1928424642,1391017.2629562556,1048058.7023339676
2025-04-05T08:50:00.000+0000,1243645.1869421038,705871.2975244877,949591.6819751238,909817.8437676243,521060.1928424642,1389272.9193484155,1048058.7023339676
2025-04-05T09:00:00.000+0000,1242329.284387,705871.2975244877,949893.1627483653,908708.6112740962,521060.1928424642,1387516.3084023036,1048058.7023339676
2025-04-05T09:10:00.000+0000,1237778.0238205916,705871.2975244877,951736.8893670221,901000.6599322082,521060.1928424642,1389170.3679951837,1048058.7023339676
2025-04-05T09:20:00.000+0000,1236035.1210991198,705871.2975244877,951600.0240327487,900587.7339674643,521060.1928424642,1388991.5524421595,1048058.7023339676
2025-04-05T09:30:00.000+0000,1238960.8547482318,705871.2975244877,951126.4580532373,903243.4146818963,521060.1928424642,1388823.2517505116,1048058.7023339676
2025-04-05T09:40:00.000+0000,1238821.893576176,705871.2975244877,951849.1985756829,904036.8802612083,521060.1928424642,1388460.3632137754,1048058.7023339676
2025-04-05T09:50:00.000+0000,1239292.2442443757,705871.2975244877,952888.9495683296,903850.6587476963,521060.1928424642,1389854.0856231516,1048058.7023339676
2025-04-05T10:00:00.000+0000,1240353.0411274158,705871.2975244877,952806.3403198329,905251.3683928082,521060.1928424642,1389864.6004845276,1048058.7023339676
2025-04-05T10:10:00.000+0000,1240564.3831484318,705871.2975244877,951836.0639225519,905146.1127547363,521060.1928424642,1390312.5156055356,1048058.7023339676
2025-04-05T10:20:00.000+0000,1237593.1535851918,705871.2975244877,951169.7764526054,903745.4031096243,521060.1928424642,1386992.1290815035,1048058.7023339676
2025-04-05T10:30:00.000+0000,1235344.1224106639,705871.2975244877,950571.0231036956,902790.0057794322,521060.1928424642,1385008.4780129115,1048058.7023339676
2025-04-05T10:40:00.000+0000,1235622.3309955997,705871.2975244877,949499.7203815674,902879.0682424164,521060.1928424642,1384999.7156284316,1048058.7023339676
2025-04-05T10:50:00.000+0000,1235161.8661224318,705871.2975244877,950220.414831476,902037.0231378404,521060.1928424642,1385782.4796558395,1048058.7023339676
2025-04-05T11:00:00.000+0000,1234683.1714847519,705871.2975244877,949285.052225217,902838.5853046961,521060.1928424642,1383777.7988644955,1048058.7023339676
2025-04-05T11:10:00.000+0000,1235201.3234912637,705871.2975244877,946426.2464969498,903753.4996971684,521060.1928424642,1383527.9765423676,1048058.7023339676
2025-04-05T11:20:00.000+0000,1238618.43649216,705871.2975244877,947187.3690067416,907396.9640919684,521060.1928424642,1384270.4336011678,1048058.7023339676
2025-04-05T11:30:00.000+0000,1236332.809227944,705871.2975244877,945317.3974870758,904441.7096384084,521060.1928424642,1384350.2027547515,1048058.7023339676
2025-04-05T11:40:00.000+0000,1236478.652549872,705871.2975244877,945588.946454512,904279.7778875283,521060.1928424642,1384436.9818159195,1048058.7023339676
2025-04-05T11:50:00.000+0000,1237019.2943801198,705871.2975244877,946036.1678192774,904660.3175020963,521060.1928424642,1384704.3289070076,1048058.7023339676
2025-04-05T12:00:00.000+0000,1236830.9903839277,705871.2975244877,945055.6374678515,904482.1925761283,521060.1928424642,1384615.7973689435,1048058.7023339676
2025-04-05T12:10:00.000+0000,1236609.8729994637,705871.2975244877,945181.2300775272,903737.3065220804,521060.1928424642,1384614.0448920475,1048058.7023339676
2025-04-05T12:20:00.000+0000,1237886.8043664799,705871.2975244877,943747.6738315469,906101.5100849282,521060.1928424642,1382866.1963304156,1048058.7023339676
2025-04-05T12:30:00.000+0000,1238854.6060352558,705871.2975244877,942108.9714307429,908846.2532623444,521060.1928424642,1381654.7944278556,1048058.7023339676
2025-04-05T12:40:00.000+0000,1237653.5295457519,705871.2975244877,939109.515654471,909137.7304139284,521060.1928424642,1380505.6369099196,1048058.7023339676
2025-04-05T12:50:00.000+0000,1234868.7271613597,705871.2975244877,939172.9018801653,905712.8738828163,521060.1928424642,1380092.7713268315,1048058.7023339676
2025-04-05T13:00:00.000+0000,1234766.4570529517,705871.2975244877,938613.1729524159,905502.3626066723,521060.1928424642,1380627.4655090075,1048058.7023339676
2025-04-05T13:10:00.000+0000,1238026.1159879519,705871.2975244877,935936.5083431746,907842.2764068884,521060.1928424642,1382335.0071020317,1048058.7023339676
2025-04-05T13:20:00.000+0000,1239187.2679326637,705871.2975244877,934461.8440789343,907154.0664656484,521060.1928424642,1383769.9441732797,1048058.7023339676
2025-04-05T13:30:00.000+0000,1239776.0916365518,705871.2975244877,934352.5578782383,908344.2648346161,521060.1928424642,1384070.5883253915,1048058.7023339676
2025-04-05T13:40:00.000+0000,1237747.9954025599,705871.2975244877,931390.7754509377,907170.2596407363,521060.1928424642,1383350.0686826077,1048058.7023339676
2025-04-05T13:50:00.000+0000,1237860.5087298318,705871.2975244877,931911.0264433194,907154.0664656484,521060.1928424642,1382983.6751920795,1048058.7023339676
2025-04-05T14:00:00.000+0000,1236596.9523042957,705871.2975244877,933138.2159487475,905656.1977700084,521060.1928424642,1383054.6819611834,1048058.7023339676
2025-04-05T14:10:00.000+0000,1236028.5441948557,705871.2975244877,932394.5534153109,905753.3568205363,521060.1928424642,1382556.7897938236,1048058.7023339676
2025-04-05T14:20:00.000+0000,1236899.3440671999,705871.2975244877,933260.6386716593,906141.9930226482,521060.1928424642,1382971.4078538076,1048058.7023339676
2025-04-05T14:30:00.000+0000,1237629.3154525356,705871.2975244877,933492.0723584506,907186.4528158242,521060.1928424642,1382973.1603307035,1048058.7023339676
2025-04-05T14:40:00.000+0000,1236506.937623696,705871.2975244877,935018.4081905985,906595.4019251124,521060.1928424642,1380569.6337714395,1048058.7023339676
2025-04-05T14:50:00.000+0000,1234185.2867514398,705871.2975244877,935516.0639215629,906109.6066724722,521060.1928424642,1379097.8946853755,1048058.7023339676
2025-04-05T15:00:00.000+0000,1235230.3966341277,705871.2975244877,933283.3920799596,906465.8565244083,521060.1928424642,1379356.4793919835,1048058.7023339676
2025-04-05T15:10:00.000+0000,1236040.6800284158,705871.2975244877,932467.0845278181,908303.7818968963,521060.1928424642,1378802.5079639514,1048058.7023339676
2025-04-05T15:20:00.000+0000,1236263.665407288,705871.2975244877,931591.1374204337,908692.4180990083,521060.1928424642,1378705.2140414077,1048058.7023339676
2025-04-05T15:30:00.000+0000,1236728.5807772079,705871.2975244877,931312.1926795295,909072.9577135763,521060.1928424642,1377316.7490627198,1048058.7023339676
2025-04-05T15:40:00.000+0000,1236206.0744169678,705871.2975244877,929251.7314778368,911437.1612764243,521060.1928424642,1374525.7992901755,1048058.7023339676
2025-04-05T15:50:00.000+0000,1235896.2291916078,705871.2975244877,930418.5199816141,911752.9281906403,521060.1928424642,1373909.5834775195,1048058.7023339676
2025-04-05T16:00:00.000+0000,1235964.4145296637,705871.2975244877,931405.2925391324,910935.1728486962,521060.1928424642,1374779.1265660955,1048058.7023339676
2025-04-05T16:10:00.000+0000,1236352.3463457357,705871.2975244877,932809.5672023947,910870.4001483442,521060.1928424642,1375761.7358692796,1048058.7023339676
2025-04-05T16:20:00.000+0000,1236802.9969466077,705871.2975244877,931901.3280870621,912295.3995560883,521060.1928424642,1375306.8108406877,1048058.7023339676
2025-04-05T16:30:00.000+0000,1234829.710429736,705871.2975244877,933372.0883656187,910757.0479227284,521060.1928424642,1373921.8508157916,1048058.7023339676
2025-04-05T16:40:00.000+0000,1234305.2722062238,705871.2975244877,933062.4653608956,910165.9970320163,521060.1928424642,1373677.2859243515,1048058.7023339676
2025-04-05T16:50:00.000+0000,1233989.4988671518,705871.2975244877,931960.9003645934,910797.5308604483,521060.1928424642,1372884.0070355674,1048058.7023339676
2025-04-05T17:00:00.000+0000,1234200.976279768,705871.2975244877,932007.0654171957,911445.2578639684,521060.1928424642,1372559.6729905435,1048058.7023339676
2025-04-05T17:10:00.000+0000,1235898.3985447357,705871.2975244877,932142.2435500814,913032.1890225923,521060.1928424642,1372472.8939293756,1048058.7023339676
2025-04-05T17:20:00.000+0000,1235940.5565013678,705871.2975244877,933714.6388366234,911720.5418404642,521060.1928424642,1374502.1093972635,1048058.7023339676
2025-04-05T17:30:00.000+0000,1236374.5966412476,705871.2975244877,934691.2927913535,911420.9681013364,521060.1928424642,1375911.6040987037,1048058.7023339676
2025-04-05T17:40:00.000+0000,1239293.4323431358,705871.2975244877,934761.0911568243,912044.4053422243,521060.1928424642,1379103.1521160635,1048058.7023339676
2025-04-05T17:50:00.000+0000,1239775.171723072,705871.2975244877,934217.171473313,912813.5811589044,521060.1928424642,1379680.8134370076,1048058.7023339676
2025-04-05T18:00:00.000+0000,1240938.5477271117,705871.2975244877,934729.9301979422,914100.9385784004,521060.1928424642,1379446.7634069435,1048058.7023339676
2025-04-05T18:10:00.000+0000,1239971.1126448316,705871.2975244877,935910.3615283177,913574.6603880402,521060.1928424642,1378478.1739189276,1048058.7023339676
2025-04-05T18:20:00.000+0000,1241548.1619452718,705871.2975244877,936156.1166675752,914845.8246324481,521060.1928424642,1379264.4429001275,1048058.7023339676
2025-04-05T18:30:00.000+0000,1241722.6301189838,705871.2975244877,936051.8735502602,914311.4498545444,521060.1928424642,1380815.9511397756,1048058.7023339676
2025-04-05T18:40:00.000+0000,1241958.2426380557,705871.2975244877,936356.1787356434,913760.8819015523,521060.1928424642,1381506.6786753275,1048058.7023339676
2025-04-05T18:50:00.000+0000,1242338.4660058238,705871.2975244877,937568.8723208187,914003.7795278723,521060.1928424642,1382135.1618262557,1048058.7023339676
2025-04-05T19:00:00.000+0000,1244572.1830614558,705871.2975244877,938763.7526836023,915396.3925854403,521060.1928424642,1383537.6466201115,1048058.7023339676
2025-04-05T19:10:00.000+0000,1242069.0398393278,705871.2975244877,938736.03553365,915169.6881342083,521060.1928424642,1380293.5242958716,1048058.7023339676
2025-04-05T19:20:00.000+0000,1241448.2207122718,705871.2975244877,938860.4199166908,915234.4608345605,521060.1928424642,1379090.8847777916,1048058.7023339676
2025-04-05T19:30:00.000+0000,1240797.9100173598,705871.2975244877,937536.9657355744,914416.7054926162,521060.1928424642,1378648.2270874716,1048058.7023339676
2025-04-05T19:40:00.000+0000,1240807.0340622799,705871.2975244877,934714.6843587235,915817.4151377283,521060.1928424642,1377327.2639240955,1048058.7023339676
2025-04-05T19:50:00.000+0000,1241623.4363475358,705871.2975244877,934203.7586232712,916230.3411024724,521060.1928424642,1377851.4432448954,1048058.7023339676
2025-04-05T20:00:00.000+0000,1241551.7226144557,705871.2975244877,935596.8468791458,915760.7390249202,521060.1928424642,1378382.6324732797,1048058.7023339676
2025-04-05T20:10:00.000+0000,1241965.4986885677,705871.2975244877,936748.4736967541,916092.6991142243,521060.1928424642,1378820.0327329114,1048058.7023339676
2025-04-05T20:20:00.000+0000,1242250.1993856558,705871.2975244877,937537.6524100738,915720.2560872003,521060.1928424642,1379441.5059762555,1048058.7023339676
2025-04-05T20:30:00.000+0000,1242847.0191375837,705871.2975244877,936670.4510930541,916327.5001530002,521060.1928424642,1378984.8284707675,1048058.7023339676
2025-04-05T20:40:00.000+0000,1242805.655205224,705871.2975244877,932336.339981383,915032.0461459603,521060.1928424642,1378430.8570427354,1048058.7023339676
2025-04-05T20:50:00.000+0000,1242276.0117092638,705871.2975244877,936092.7545699165,915793.1253750963,521060.1928424642,1379587.0244682555,1048058.7023339676
2025-04-05T21:00:00.000+0000,1242499.2906431037,705871.2975244877,937297.6122818018,915760.7390249202,521060.1928424642,1379925.3783284477,1048058.7023339676
2025-04-05T21:10:00.000+0000,1241375.4109167438,705871.2975244877,937469.3812121638,914311.4498545444,521060.1928424642,1379656.2787604635,1048058.7023339676
2025-04-05T21:20:00.000+0000,1241984.2615362718,705871.2975244877,937647.3880738737,913347.9559368081,521060.1928424642,1382065.0627504156,1048058.7023339676
2025-04-05T21:30:00.000+0000,1241615.903218864,705871.2975244877,938046.314956384,914109.0351659444,521060.1928424642,1379633.4965608157,1048058.7023339676
2025-04-05T21:40:00.000+0000,1241439.742370376,705871.2975244877,937716.8728641728,914878.2109826243,521060.1928424642,1379544.9650227516,1048058.7023339676
2025-04-05T21:50:00.000+0000,1241887.222000056,705871.2975244877,937396.1532659417,916473.2387287924,521060.1928424642,1378330.0581663996,1048058.7023339676
2025-04-05T22:00:00.000+0000,1242541.1557242237,705871.2975244877,937674.8798349489,914384.3191424403,521060.1928424642,1380141.9035895516,1048058.7023339676
2025-04-05T22:10:00.000+0000,1241690.018029544,705871.2975244877,939099.4378135572,913866.1375396244,521060.1928424642,1381217.4570778557,1048058.7023339676
2025-04-05T22:20:00.000+0000,1241629.6053483838,705871.2975244877,938520.3231820192,914440.9952552484,521060.1928424642,1380167.3459593595,1048058.7023339676
2025-04-05T22:30:00.000+0000,1240292.2122095118,705871.2975244877,938902.5737756749,912692.1323457442,521060.1928424642,1380457.4752500956,1048058.7023339676
2025-04-05T22:40:00.000+0000,1238777.8487402557,705871.2975244877,938776.5812557589,911914.8599415203,521060.1928424642,1379111.0697169115,1048058.7023339676
2025-04-05T22:50:00.000+0000,1238855.4032669598,705871.2975244877,939617.0763861472,911607.1896148482,521060.1928424642,1379036.5579940155,1048058.7023339676
2025-04-05T23:00:00.000+0000,1236709.8819882157,705871.2975244877,940573.4253210144,909153.9235890163,521060.1928424642,1379463.4433922716,1048058.7023339676
2025-04-05T23:10:00.000+0000,1236882.3408206878,705871.2975244877,941198.2678654273,909712.5881295523,521060.1928424642,1378959.4490105915,1048058.7023339676
2025-04-05T23:20:00.000+0000,1237280.6347704157,705871.2975244877,940896.726512738,909631.6222541123,521060.1928424642,1378989.2411178236,1048058.7023339676
2025-04-05T23:30:00.000+0000,1236212.9164889276,705871.2975244877,941590.5488934354,908457.6170602322,521060.1928424642,1379277.6179316635,1048058.7023339676
2025-04-05T23:40:00.000+0000,1235195.8285507357,705871.2975244877,942575.1804938584,907761.3105314482,521060.1928424642,1378833.2077644474,1048058.7023339676
2025-04-05T23:50:00.000+0000,1234646.4527132877,705871.2975244877,943615.567499273,906247.2486607203,521060.1928424642,1379095.2974248475,1048058.7023339676
2025-04-06T00:00:00.000+0000,1235860.7532950477,705871.2975244877,945406.3231948571,907194.5494033683,521060.1928424642,1380483.7624035354,1048058.7023339676
2025-04-06T00:10:00.000+0000,1234473.2239872238,705871.2975244877,944236.2648133615,905486.1694315842,521060.1928424642,1379695.7409454396,1048058.7023339676
2025-04-06T00:20:00.000+0000,1234363.1103786398,705871.2975244877,945950.6320392415,904984.1810038562,521060.1928424642,1380737.0896794554,1048058.7023339676
2025-04-06T00:30:00.000+0000,1234684.5186161837,705871.2975244877,945614.1080259513,903405.3464327762,521060.1928424642,1382201.8188579357,1048058.7023339676
2025-04-06T00:40:00.000+0000,1234177.1818205758,705871.2975244877,946958.7216888124,901186.8814457202,521060.1928424642,1383939.1525581917,1048058.7023339676
2025-04-06T00:50:00.000+0000,1236078.1348805437,705871.2975244877,946266.6291226028,903623.9542964643,521060.1928424642,1384206.4996492798,1048058.7023339676
2025-04-06T01:00:00.000+0000,1236420.6903767358,705871.2975244877,945952.4701348147,904619.8345643763,521060.1928424642,1383076.6193771996,1048058.7023339676
2025-04-06T01:10:00.000+0000,1236585.7329569596,705871.2975244877,947220.1833984766,905478.0728440401,521060.1928424642,1383878.6606504635,1048058.7023339676
2025-04-06T01:20:00.000+0000,1237892.2982578478,705871.2975244877,948522.2092820783,907024.5210649443,521060.1928424642,1383701.5975743355,1048058.7023339676
2025-04-06T01:30:00.000+0000,1238399.9843338078,705871.2975244877,947297.5592579002,907526.5094926723,521060.1928424642,1382819.7871474875,1048058.7023339676
2025-04-06T01:40:00.000+0000,1238482.157362752,705871.2975244877,945955.6043839591,910020.2584562243,521060.1928424642,1381155.2126932316,1048058.7023339676
2025-04-06T01:50:00.000+0000,1237949.223980808,705871.2975244877,945895.0361315014,909307.7587523523,521060.1928424642,1380893.1230328316,1048058.7023339676
2025-04-06T02:00:00.000+0000,1237863.5159221517,705871.2975244877,947483.0401795153,909234.8894644564,521060.1928424642,1381054.4138168956,1048058.7023339676
2025-04-06T02:10:00.000+0000,1240062.496888904,705871.2975244877,945243.099589952,910813.7240355364,521060.1928424642,1382354.3472575196,1048058.7023339676
2025-04-06T02:20:00.000+0000,1240268.0854363837,705871.2975244877,944686.8477030918,910400.7980707923,521060.1928424642,1382090.5051202234,1048058.7023339676
2025-04-06T02:30:00.000+0000,1238888.8216008877,705871.2975244877,944841.0507995323,911056.6216618563,521060.1928424642,1380179.6132976315,1048058.7023339676
2025-04-06T02:40:00.000+0000,1237820.6901701838,705871.2975244877,944762.0450987163,910740.8547476402,521060.1928424642,1378787.6433651515,1048058.7023339676
2025-04-06T02:50:00.000+0000,1237172.1436727839,705871.2975244877,944299.0061995817,910336.0253704404,521060.1928424642,1377928.6151379514,1048058.7023339676
2025-04-06T03:00:00.000+0000,1237717.5460315598,705871.2975244877,942766.8025753195,911089.0080120323,521060.1928424642,1378617.5901966076,1048058.7023339676
2025-04-06T03:10:00.000+0000,1238274.6534288079,705871.2975244877,944576.0434387582,909332.0485149843,521060.1928424642,1380631.0333724315,1048058.7023339676
2025-04-06T03:20:00.000+0000,1237420.6541152557,705871.2975244877,942985.1562860982,909842.1335302563,521060.1928424642,1379393.3443164316,1048058.7023339676
2025-04-06T03:30:00.000+0000,1237790.5792182318,705871.2975244877,942142.9439418152,910716.5649850082,521060.1928424642,1378777.1285037755,1048058.7023339676
2025-04-06T03:40:00.000+0000,1237539.3986135998,705871.2975244877,943325.9608810695,910959.4626113283,521060.1928424642,1378515.0388433756,1048058.7023339676
2025-04-06T03:50:00.000+0000,1238111.6770842718,705871.2975244877,944764.5462773285,910765.1445102724,521060.1928424642,1378707.8742115675,1048058.7023339676
2025-04-06T04:00:00.000+0000,1239043.9790655358,705871.2975244877,943996.7763033082,912659.7459955683,521060.1928424642,1378330.9658596634,1048058.7023339676
2025-04-06T04:10:00.000+0000,1240463.6388483997,705871.2975244877,943507.5018664467,914619.1201812163,521060.1928424642,1378584.2931355836,1048058.7023339676
2025-04-06T04:20:00.000+0000,1243158.7663301518,705871.2975244877,943293.9376888913,915865.9946629923,521060.1928424642,1380328.6367434235,1048058.7023339676
2025-04-06T04:30:00.000+0000,1242958.8673873437,705871.2975244877,944891.0809807463,915534.0345736882,521060.1928424642,1380679.2579418875,1048058.7023339676
2025-04-06T04:40:00.000+0000,1241525.3167360718,705871.2975244877,944139.0516228848,913671.8194385683,521060.1928424642,1381295.4737545436,1048058.7023339676
2025-04-06T04:50:00.000+0000,1240727.7085534958,705871.2975244877,944805.1024358701,911914.8599415203,521060.1928424642,1382329.8125809757,1048058.7023339676
2025-04-06T05:00:00.000+0000,1233207.0792539916,705871.2975244877,944744.2567824356,908805.7703246244,521060.1928424642,1372798.1356676635,1048058.7023339676
2025-04-06T05:10:00.000+0000,1230751.5216329037,705871.2975244877,944495.4708637989,908530.4863481282,521060.1928424642,1371151.0859823674,1048058.7023339676
2025-04-06T05:20:00.000+0000,1230327.9151494156,705871.2975244877,945649.1630528008,908012.3047453123,521060.1928424642,1370724.2005841115,1048058.7023339676
2025-04-06T05:30:00.000+0000,1231285.0035556639,705871.2975244877,944529.8853437778,908587.1624609362,521060.1928424642,1371315.8817202235,1048058.7023339676
2025-04-06T05:40:00.000+0000,1232318.5500864398,705871.2975244877,944289.9653012508,909744.9744797283,521060.1928424642,1371225.5977052636,1048058.7023339676
2025-04-06T05:50:00.000+0000,1231676.7022757996,705871.2975244877,946752.4058872089,909162.0201765602,521060.1928424642,1371781.3216101916,1048058.7023339676
2025-04-06T06:00:00.000+0000,1231420.0067066718,705871.2975244877,945376.5680209993,908862.4464374323,521060.1928424642,1371062.5544443035,1048058.7023339676
2025-04-06T06:10:00.000+0000,1231774.0932806158,705871.2975244877,945565.6122649962,908490.0034104083,521060.1928424642,1372784.1158524957,1048058.7023339676
2025-04-06T06:20:00.000+0000,1231523.850914792,705871.2975244877,946342.3027922439,908271.3955467204,521060.1928424642,1371123.0463520316,1048058.7023339676
2025-04-06T06:30:00.000+0000,1231238.9755775277,705871.2975244877,943294.9395661474,909364.4348651603,521060.1928424642,1367545.8275982875,1048058.7023339676
2025-04-06T06:40:00.000+0000,1230303.4637162238,705871.2975244877,943088.4265012303,911113.2977746644,521060.1928424642,1366764.8160477756,1048058.7023339676
2025-04-06T06:50:00.000+0000,1228562.667158472,705871.2975244877,940846.9139668455,910433.1844209682,521060.1928424642,1364935.4458556636,1048058.7023339676
2025-04-06T07:00:00.000+0000,1227931.1986377519,705871.2975244877,939693.0103042102,909566.8495537603,521060.1928424642,1364423.5338731355,1048058.7023339676
2025-04-06T07:10:00.000+0000,1226617.0599404317,705871.2975244877,940696.5122179746,908651.9351612882,521060.1928424642,1364159.6917358395,1048058.7023339676
2025-04-06T07:20:00.000+0000,1226477.9956509357,705871.2975244877,939620.8305686549,909615.4290790244,521060.1928424642,1362951.7947870716,1048058.7023339676
2025-04-06T07:30:00.000+0000,1226328.2107847678,705871.2975244877,939011.9771020217,910230.7697323682,521060.1928424642,1361792.9671913916,1048058.7023339676
2025-04-06T07:40:00.000+0000,1225402.973737032,705871.2975244877,940165.1463885203,911210.4568251923,521060.1928424642,1359260.6021254556,1048058.7023339676
2025-04-06T07:50:00.000+0000,1223722.6695266557,705871.2975244877,939890.4350463762,911226.6500002804,521060.1928424642,1354847.1373441597,1048058.7023339676
2025-04-06T08:00:00.000+0000,1223014.3708292877,705871.2975244877,938488.8883188297,913760.8819015523,521060.1928424642,1351446.9816665435,1048058.7023339676
2025-04-06T08:10:00.000+0000,1224983.7553902238,705871.2975244877,937334.0388064242,915007.7563833282,521060.1928424642,1353336.8437663836,1048058.7023339676
2025-04-06T08:20:00.000+0000,1226024.2148362398,705871.2975244877,934700.7410941224,913113.1548980322,521060.1928424642,1357852.8599009116,1048058.7023339676
2025-04-06T08:30:00.000+0000,1226235.2155705038,705871.2975244877,936199.8127360914,912052.5019297681,521060.1928424642,1358966.9678809275,1048058.7023339676
2025-04-06T08:40:00.000+0000,1225653.400245424,705871.2975244877,938041.4737061372,911574.8032646722,521060.1928424642,1359478.8798634557,1048058.7023339676
2025-04-06T08:50:00.000+0000,1225311.9092169758,705871.2975244877,938259.2002487134,909858.3267053443,521060.1928424642,1360520.2285974715,1048058.7023339676
2025-04-06T09:00:00.000+0000,1224445.5279069517,705871.2975244877,939121.471038182,909348.2416900723,521060.1928424642,1359411.3780481436,1048058.7023339676
2025-04-06T09:10:00.000+0000,1222110.01810072,705871.2975244877,938935.7087180625,908109.4637958403,521060.1928424642,1358008.8932542875,1048058.7023339676
2025-04-06T09:20:00.000+0000,1221644.9438879758,705871.2975244877,940948.5476423217,908311.8784844403,521060.1928424642,1357229.6341806715,1048058.7023339676
2025-04-06T09:30:00.000+0000,1220350.6725840159,705871.2975244877,940325.3670981098,908052.7876830322,521060.1928424642,1355417.7887575196,1048058.7023339676
2025-04-06T09:40:00.000+0000,1221147.1201558236,705871.2975244877,940963.8186827272,908344.2648346161,521060.1928424642,1356389.8831993276,1048058.7023339676
2025-04-06T09:50:00.000+0000,1216740.504560792,705871.2975244877,939606.1033393362,906141.9930226482,521060.1928424642,1352552.3272620796,1048058.7023339676
2025-04-06T10:00:00.000+0000,1213274.4399425439,705871.2975244877,937787.2059546654,906125.7998475602,521060.1928424642,1345078.8131402556,1048058.7023339676
2025-04-06T10:10:00.000+0000,1210820.0821807997,705871.2975244877,936657.8133810237,905850.5158710643,521060.1928424642,1343794.6519916956,1048058.7023339676
2025-04-06T10:20:00.000+0000,1212500.6410372958,705871.2975244877,936208.7582132886,905583.3284821121,521060.1928424642,1345769.5406758075,1048058.7023339676
2025-04-06T10:30:00.000+0000,1211424.5787863277,705871.2975244877,935937.2446241137,905453.7830814084,521060.1928424642,1345146.3149555675,1048058.7023339676
2025-04-06T10:40:00.000+0000,1211992.3678513998,705871.2975244877,936050.2346228028,905648.1011824645,521060.1928424642,1345312.8631703195,1048058.7023339676
2025-04-06T10:50:00.000+0000,1211852.088244936,705871.2975244877,937502.1613166474,906595.4019251124,521060.1928424642,1344160.2006985915,1048058.7023339676
2025-04-06T11:00:00.000+0000,1212143.0039760158,705871.2975244877,936458.1064280763,907283.6118663524,521060.1928424642,1344068.1642067356,1048058.7023339676
2025-04-06T11:10:00.000+0000,1215238.9545625518,705871.2975244877,933715.6959275731,909777.3608299043,521060.1928424642,1345444.3618471515,1048058.7023339676
2025-04-06T11:20:00.000+0000,1215656.3140776157,705871.2975244877,934072.1344673443,909048.6679509443,521060.1928424642,1346850.3515947997,1048058.7023339676
2025-04-06T11:30:00.000+0000,1215680.1868840798,705871.2975244877,934394.0156815823,909040.5713634004,521060.1928424642,1345824.7751528476,1048058.7023339676
2025-04-06T11:40:00.000+0000,1214844.2819434397,705871.2975244877,934964.1842993479,908052.7876830322,521060.1928424642,1347140.4808855355,1048058.7023339676
2025-04-06T11:50:00.000+0000,1216200.0942651678,705871.2975244877,935191.5094844443,908149.9467335603,521060.1928424642,1349051.3727081276,1048058.7023339676
2025-04-06T12:00:00.000+0000,1216160.9234768879,705871.2975244877,935512.1615456056,908052.7876830322,521060.1928424642,1348530.6983411196,1048058.7023339676
2025-04-06T12:10:00.000+0000,1219143.6290719518,705871.2975244877,935326.5283972959,909186.3099391923,521060.1928424642,1352508.5153396796,1048058.7023339676
2025-04-06T12:20:00.000+0000,1221181.714897872,705871.2975244877,933671.6811953478,909323.9519274402,521060.1928424642,1355078.5901136955,1048058.7023339676
2025-04-06T12:30:00.000+0000,1220198.3627894078,705871.2975244877,931097.5124591613,909825.9403551682,521060.1928424642,1351695.9592050395,1048058.7023339676
2025-04-06T12:40:00.000+0000,1218160.3092376478,705871.2975244877,931517.400469093,910214.5765572803,521060.1928424642,1349076.8150779353,1048058.7023339676
2025-04-06T12:50:00.000+0000,1218106.9052750238,705871.2975244877,928099.2724037217,910157.9004444723,521060.1928424642,1349149.5743239354,1048058.7023339676
2025-04-06T13:00:00.000+0000,1218282.0177928477,705871.2975244877,926623.9688894023,911275.2295255442,521060.1928424642,1348287.0411429435,1048058.7023339676
2025-04-06T13:10:00.000+0000,1218881.2211263836,705871.2975244877,924768.0681964213,911599.0930273042,521060.1928424642,1347151.9034401756,1048058.7023339676
2025-04-06T13:20:00.000+0000,1220085.6285989678,705871.2975244877,922155.5893025621,915323.5232975442,521060.1928424642,1346363.8819820797,1048058.7023339676
2025-04-06T13:30:00.000+0000,1221091.2092503598,705871.2975244877,921436.8932235527,915404.4891729843,521060.1928424642,1346457.6709508316,1048058.7023339676
2025-04-06T13:40:00.000+0000,1222442.270206224,705871.2975244877,918897.4377956218,917752.4995607444,521060.1928424642,1346886.3088259837,1048058.7023339676
2025-04-06T13:50:00.000+0000,1224288.5321241359,705871.2975244877,916670.3190799515,919719.9703339362,521060.1928424642,1346107.0497523674,1048058.7023339676
2025-04-06T14:00:00.000+0000,1226637.6956486478,705871.2975244877,915818.9288762547,918586.4480777762,521060.1928424642,1349631.6941992315,1048058.7023339676
2025-04-06T14:10:00.000+0000,1226865.9875688876,705871.2975244877,919871.5530471767,917153.3520824884,521060.1928424642,1353913.6603036956,1048058.7023339676
2025-04-06T14:20:00.000+0000,1228067.8121993998,705871.2975244877,917672.2281403111,919452.7829449843,521060.1928424642,1352424.3964486716,1048058.7023339676
2025-04-06T14:30:00.000+0000,1226951.8948880078,705871.2975244877,918211.5751121283,919258.4648439283,521060.1928424642,1351747.6887282876,1048058.7023339676
2025-04-06T14:40:00.000+0000,1224047.4505238319,705871.2975244877,918952.8428789534,917282.8974831922,521060.1928424642,1350052.4144735355,1048058.7023339676
2025-04-06T14:50:00.000+0000,1222065.6846458798,705871.2975244877,921878.9664254453,915857.8980754483,521060.1928424642,1348216.0343738396,1048058.7023339676
2025-04-06T15:00:00.000+0000,1221529.6518154796,705871.2975244877,922071.3172579305,914983.4666206962,521060.1928424642,1347525.3068382875,1048058.7023339676
2025-04-06T15:10:00.000+0000,1223855.5788840398,705871.2975244877,920609.6798844526,918740.2832411123,521060.1928424642,1347252.7023165114,1048058.7023339676
2025-04-06T15:20:00.000+0000,1225554.9399866958,705871.2975244877,919870.7256734251,919954.7713727123,521060.1928424642,1348839.2600940794,1048058.7023339676
2025-04-06T15:30:00.000+0000,1224279.3758050557,705871.2975244877,920489.8116490445,918359.7436265443,521060.1928424642,1348754.2335098076,1048058.7023339676
2025-04-06T15:40:00.000+0000,1224051.2335649757,705871.2975244877,921863.3196028352,917995.3971870642,521060.1928424642,1349032.0954622717,1048058.7023339676
2025-04-06T15:50:00.000+0000,1225313.3193479679,705871.2975244877,920443.6849169388,918991.2774549762,521060.1928424642,1349352.9245535035,1048058.7023339676
2025-04-06T16:00:00.000+0000,1226482.4659818078,705871.2975244877,918935.8412102675,920829.2028274643,521060.1928424642,1348722.6889256795,1048058.7023339676
2025-04-06T16:10:00.000+0000,1226391.2037100797,705871.2975244877,916496.3668387525,921784.6001576562,521060.1928424642,1347568.2739770557,1048058.7023339676
2025-04-06T16:20:00.000+0000,1225970.3705061919,705871.2975244877,916525.5530181957,921808.8899202882,521060.1928424642,1345942.2540145116,1048058.7023339676
2025-04-06T16:30:00.000+0000,1229435.6584063119,705871.2975244877,917610.8335872525,927751.7851775843,521060.1928424642,1344872.8656501595,1048058.7023339676
2025-04-06T16:40:00.000+0000,1231376.227338208,705871.2975244877,914416.6177600647,930828.4884443043,521060.1928424642,1343456.3610411356,1048058.7023339676
2025-04-06T16:50:00.000+0000,1226277.7950896157,705871.2975244877,911009.0293756637,928723.3756828645,521060.1928424642,1338912.3052762717,1048058.7023339676
2025-04-06T17:00:00.000+0000,1226140.5826574478,705871.2975244877,909514.1552176182,929112.0118849763,521060.1928424642,1337940.2108344636,1048058.7023339676
2025-04-06T17:10:00.000+0000,1226823.5716887598,705871.2975244877,907151.436512805,930601.7839930722,521060.1928424642,1337926.1910192957,1048058.7023339676
2025-04-06T17:20:00.000+0000,1227727.2403350316,705871.2975244877,901118.2817464757,930132.1819155202,521060.1928424642,1338776.4568620156,1048058.7023339676
2025-04-06T17:30:00.000+0000,1227208.8656168317,705871.2975244877,898535.5510867112,930083.6023902564,521060.1928424642,1338969.2922302075,1048058.7023339676
2025-04-06T17:40:00.000+0000,1226046.9599156077,226158.4890444876,889551.3586087797,927994.6828039042,521060.1928424642,1336662.2148098554,117096.40057396774
2025-04-06T17:50:00.000+0000,1228742.4863391598,708873.7693251357,891303.2089136567,927104.0581740643,521060.1928424642,1344969.6450703198,1053885.4970517438
2025-04-06T18:00:00.000+0000,1225770.6769801276,708873.7693251357,883461.6830649584,925962.4393303602,521060.1928424642,1343275.2785088317,1053885.4970517438
2025-04-06T18:10:00.000+0000,1224473.3904704237,71988.96030513574,877679.9917506085,926140.5642563282,521060.1928424642,1337619.7801610162,3613.6386117438856
2025-04-06T18:20:00.000+0000,1224144.1775616158,640936.2608668797,867729.4048793456,927921.8135160082,521060.1928424642,1332790.573859224,572435.0481269599
2025-04-06T18:30:00.000+0000,1223650.7389785359,707260.3061892476,867639.0551965514,929136.3016476083,521060.1928424642,1332899.75177696,1051654.0270381279
2025-04-06T18:40:00.000+0000,1221126.4225185597,707260.3061892476,865032.3999255565,927144.5411117843,521060.1928424642,1333253.8779292158,1051654.0270381279
2025-04-06T18:50:00.000+0000,1224790.5132990398,707260.3061892476,858747.7919200398,929233.4606981364,521060.1928424642,1333224.0858219839,1051654.0270381279
2025-04-06T19:00:00.000+0000,1224323.9915552477,707260.3061892476,859492.4450269309,930375.0795418404,521060.1928424642,1332986.5308381277,1051654.0270381279
2025-04-06T19:10:00.000+0000,1223581.8143224078,707260.3061892476,860818.8495725463,930480.3351799124,521060.1928424642,1330822.3117396159,1051654.0270381279
2025-04-06T19:20:00.000+0000,1224524.5654176876,707260.3061892476,862892.3612743206,933767.5497227763,521060.1928424642,1330970.4274921438,1051654.0270381279
2025-04-06T19:30:00.000+0000,1224014.9958896958,707260.3061892476,865663.1750627,933200.7885946962,521060.1928424642,1331326.3061212958,1051654.0270381279
2025-04-06T19:40:00.000+0000,1223863.7653409997,707260.3061892476,862436.8315361354,935378.7706440322,521060.1928424642,1327947.180166432,1051654.0270381279
2025-04-06T19:50:00.000+0000,1224908.5967866157,707260.3061892476,862901.3708276355,935702.6341457926,521060.1928424642,1327337.9742613598,1051654.0270381279
2025-04-06T20:00:00.000+0000,1224138.8085702476,707260.3061892476,866882.7897570526,935265.4184184163,521060.1928424642,1328560.735808928,1051654.0270381279
2025-04-06T20:10:00.000+0000,1224414.8163572317,707260.3061892476,864372.1536066427,937734.8776193364,521060.1928424642,1326311.490126144,1051654.0270381279
2025-04-06T20:20:00.000+0000,1223930.4229522157,707260.3061892476,864603.7767853334,937662.0083314404,521060.1928424642,1326150.19934208,1051654.0270381279
2025-04-06T20:30:00.000+0000,1221485.2604183997,707260.3061892476,846468.4017008226,936390.8440870324,521060.1928424642,1320345.6723215678,1051654.0270381279
2025-04-06T20:40:00.000+0000,1219484.7723002317,707260.3061892476,854610.1132780598,933443.6862210163,521060.1928424642,1321758.6719767998,1051654.0270381279
2025-04-06T20:50:00.000+0000,1218488.8487769517,707260.3061892476,851429.0251106634,935435.4467568403,521060.1928424642,1319871.4700471198,1051654.0270381279
2025-04-06T21:00:00.000+0000,1217527.5487227195,707260.3061892476,852990.3454903555,932553.0615911762,521060.1928424642,1320546.4252906078,1051654.0270381279
2025-04-06T21:10:00.000+0000,1215916.7155210394,707260.3061892476,854663.5140881622,929654.4832504243,521060.1928424642,1321155.6311956798,1051654.0270381279
2025-04-06T21:20:00.000+0000,1216041.293498864,707260.3061892476,856581.784123328,931638.1471987043,521060.1928424642,1319699.6644016798,1051654.0270381279
2025-04-06T21:30:00.000+0000,1213832.9980496636,707260.3061892476,857250.5915341682,930342.6931916643,521060.1928424642,1319717.18917064,1051654.0270381279
2025-04-06T21:40:00.000+0000,1213648.9063809118,707260.3061892476,856932.2047905917,930431.7556546482,521060.1928424642,1317808.0498249438,1051654.0270381279
2025-04-06T21:50:00.000+0000,1215957.5878070318,707260.3061892476,855198.5019860794,933524.6520964564,521060.1928424642,1318576.794037184,1051654.0270381279
2025-04-06T22:00:00.000+0000,1215704.762259408,707260.3061892476,850715.3201743707,931241.4144090484,521060.1928424642,1318132.383869968,1051654.0270381279
2025-04-06T22:10:00.000+0000,1215440.5942230397,707260.3061892476,857497.0293861151,928221.3872551362,521060.1928424642,1323141.8795248,1051654.0270381279
2025-04-06T22:20:00.000+0000,1212895.2361498317,707260.3061892476,855164.0165259372,927274.0865124883,521060.1928424642,1321543.0544089598,1051654.0270381279
2025-04-06T22:30:00.000+0000,1213164.8556215598,707260.3061892476,854242.040495382,929419.6822116484,521060.1928424642,1319400.7727264639,1051654.0270381279
2025-04-06T22:40:00.000+0000,1211614.3983804397,707260.3061892476,848286.9314412143,929047.2391846243,521060.1928424642,1316146.135540848,1051654.0270381279
2025-04-06T22:50:00.000+0000,1211672.6337148717,707260.3061892476,845255.7012294608,930431.7556546482,521060.1928424642,1315288.859790544,1051654.0270381279
2025-04-06T23:00:00.000+0000,1211515.0208061517,707260.3061892476,841393.2764796375,931055.1928955363,521060.1928424642,1314417.564225072,1051654.0270381279
2025-04-06T23:10:00.000+0000,1212171.5139211677,707260.3061892476,834803.1872030525,932204.9083267844,521060.1928424642,1313739.1040277919,1051654.0270381279
2025-04-06T23:20:00.000+0000,1213977.8351572077,707260.3061892476,834240.184417916,933006.4704936403,521060.1928424642,1313669.004951952,1051654.0270381279
2025-04-06T23:30:00.000+0000,1214040.0259847117,707260.3061892476,839102.251855222,929265.8470483123,521060.1928424642,1318773.1972687999,1051654.0270381279
2025-04-06T23:40:00.000+0000,1209678.4763380557,707260.3061892476,847805.5244998757,925970.5359179043,521060.1928424642,1318234.9352232,1051654.0270381279
2025-04-06T23:50:00.000+0000,1209803.4039359598,707260.3061892476,846988.988580904,927217.4103996805,521060.1928424642,1317162.041905056,1051654.0270381279
2025-04-07T00:00:00.000+0000,1207106.9751760636,707260.3061892476,845349.5033063919,925047.5249378884,521060.1928424642,1315310.79720656,1051654.0270381279
2025-04-07T00:10:00.000+0000,1202470.2532035196,707260.3061892476,839740.7645558629,920934.4584655364,521060.1928424642,1313306.116415216,1051654.0270381279
2025-04-07T00:20:00.000+0000,1199176.5487467437,707260.3061892476,840576.8083570937,916578.4943668642,521060.1928424642,1311669.581591296,1051654.0270381279
2025-04-07T00:30:00.000+0000,1199394.0507558237,707260.3061892476,841167.1401866013,918343.5504514563,521060.1928424642,1311727.413328864,1051654.0270381279
2025-04-07T00:40:00.000+0000,1199233.7680246716,707260.3061892476,837491.0263971632,918157.3289379441,521060.1928424642,1309574.616784992,1051654.0270381279
2025-04-07T00:50:00.000+0000,1197480.5505615997,707260.3061892476,836627.4707222078,917890.1415489923,521060.1928424642,1308651.591696272,1051654.0270381279
2025-04-07T01:00:00.000+0000,1197568.0838189279,707260.3061892476,846292.6486649727,916238.4376900163,521060.1928424642,1310509.846302352,1051654.0270381279
2025-04-07T01:10:00.000+0000,1197273.0171012958,707260.3061892476,851271.5390529123,912246.8200308243,521060.1928424642,1312177.9257103999,1051654.0270381279
2025-04-07T01:20:00.000+0000,1195660.1261471356,707260.3061892476,860424.7645125758,908336.1682470723,521060.1928424642,1316406.40981472,1051654.0270381279
2025-04-07T01:30:00.000+0000,1196642.5734600157,707260.3061892476,855925.4381412226,911979.6326418722,521060.1928424642,1313695.2291957599,1051654.0270381279
2025-04-07T01:40:00.000+0000,1197572.0724154958,707260.3061892476,854404.1780878401,916643.2670672162,521060.1928424642,1310980.5436230078,1051654.0270381279
2025-04-07T01:50:00.000+0000,1197146.3825400558,707260.3061892476,858329.0869176975,914764.8587570083,521060.1928424642,1311203.1710984318,1051654.0270381279
2025-04-07T02:00:00.000+0000,1196839.2232742077,707260.3061892476,857638.2604746935,915153.4949591204,521060.1928424642,1310338.8854405438,1051654.0270381279
2025-04-07T02:10:00.000+0000,1197154.7669271757,707260.3061892476,856997.353803375,917558.1814596882,521060.1928424642,1309205.500214672,1051654.0270381279
2025-04-07T02:20:00.000+0000,1196719.2817842236,707260.3061892476,852569.0238649119,918732.1866535683,521060.1928424642,1306268.187166496,1051654.0270381279
2025-04-07T02:30:00.000+0000,1196272.2626958159,707260.3061892476,847961.7197519513,918205.9084632082,521060.1928424642,1306601.283596,1051654.0270381279
2025-04-07T02:40:00.000+0000,1197057.8065675676,707260.3061892476,848272.7310940677,917080.4827945923,521060.1928424642,1308705.0107867839,1051654.0270381279
2025-04-07T02:50:00.000+0000,1197117.8380339437,707260.3061892476,848655.1207951084,917299.0906582803,521060.1928424642,1308336.86481936,1051654.0270381279
2025-04-07T03:00:00.000+0000,1197908.7646860238,707260.3061892476,848238.6634747966,919250.3682563843,521060.1928424642,1308392.0992963999,1051654.0270381279
2025-04-07T03:10:00.000+0000,1198003.0327911596,707260.3061892476,845129.0683863147,920513.4359132483,521060.1928424642,1306086.774352944,1051654.0270381279
2025-04-07T03:20:00.000+0000,1198563.4721906716,707260.3061892476,844022.4187309643,921436.4468932643,521060.1928424642,1306726.680058512,1051654.0270381279
2025-04-07T03:30:00.000+0000,1196483.7766092077,707260.3061892476,835841.5825001134,922076.0773092402,521060.1928424642,1301599.7055420158,1051654.0270381279
2025-04-07T03:40:00.000+0000,1196164.5552207837,707260.3061892476,828060.6621155012,923654.9118803202,521060.1928424642,1298003.2095424158,1051654.0270381279
2025-04-07T03:50:00.000+0000,1199049.4085903037,707260.3061892476,829661.285685557,927436.0182633684,521060.1928424642,1300190.2108405759,1051654.0270381279
2025-04-07T04:00:00.000+0000,1198142.0603600559,707260.3061892476,831430.8853782073,926164.8540189604,521060.1928424642,1296712.0384862719,1051654.0270381279
2025-04-07T04:10:00.000+0000,1197201.5028984637,707260.3061892476,827206.7884580404,929905.4774642882,521060.1928424642,1293772.0652679359,1051654.0270381279
2025-04-07T04:20:00.000+0000,1195131.1749968557,707260.3061892476,833050.9552672172,925970.5359179043,521060.1928424642,1294407.5583264478,1051654.0270381279
2025-04-07T04:30:00.000+0000,1195670.1887006476,707260.3061892476,829828.4889511408,925978.6325054483,521060.1928424642,1295932.7794126559,1051654.0270381279
2025-04-07T04:40:00.000+0000,1195552.0082007437,707260.3061892476,826412.0947335025,926432.0414079122,521060.1928424642,1295582.158214192,1051654.0270381279
2025-04-07T04:50:00.000+0000,1195261.2275215357,707260.3061892476,826276.620973934,926415.8482328242,521060.1928424642,1295596.1780293598,1051654.0270381279
2025-04-07T05:00:00.000+0000,1195238.6573521276,707260.3061892476,825251.2525319176,925031.3317628002,521060.1928424642,1295776.74605928,1051654.0270381279
2025-04-07T05:10:00.000+0000,1195610.9344420077,707260.3061892476,828932.531618925,924011.1617322564,521060.1928424642,1296577.034855648,1051654.0270381279
2025-04-07T05:20:00.000+0000,1195259.4545010875,707260.3061892476,830947.4728847068,923735.8777557602,521060.1928424642,1299019.115906624,1051654.0270381279
2025-04-07T05:30:00.000+0000,1192686.4809979117,707260.3061892476,826938.3638398912,923169.1166276804,521060.1928424642,1295502.3890606079,1051654.0270381279
2025-04-07T05:40:00.000+0000,1192999.4898803197,707260.3061892476,824390.3738180118,924424.0876970002,521060.1928424642,1293261.060978672,1051654.0270381279
2025-04-07T05:50:00.000+0000,1192707.6071834317,707260.3061892476,824860.9848632037,925873.3768673764,521060.1928424642,1292255.66947584,1051654.0270381279
2025-04-07T06:00:00.000+0000,1195488.3560832078,707260.3061892476,826291.1337695252,926067.6949684324,521060.1928424642,1295289.4316629278,1051654.0270381279
2025-04-07T06:10:00.000+0000,1197635.9196568076,707260.3061892476,816255.501378922,928828.6313209361,521060.1928424642,1295296.4415705118,1051654.0270381279
2025-04-07T06:20:00.000+0000,1198984.8190632956,707260.3061892476,810336.2353317079,932285.8742022243,521060.1928424642,1292836.8357505759,1051654.0270381279
2025-04-07T06:30:00.000+0000,1199287.0368654798,707260.3061892476,801502.9908372527,933856.6121857604,521060.1928424642,1290957.5514217438,1051654.0270381279
2025-04-07T06:40:00.000+0000,1202858.4662544238,707260.3061892476,785428.6872294402,937143.8267286243,521060.1928424642,1290831.3101756,1051654.0270381279
2025-04-07T06:50:00.000+0000,1203604.3415864157,707260.3061892476,782304.2745611845,937143.8267286243,521060.1928424642,1292894.85621704,1051654.0270381279
2025-04-07T07:00:00.000+0000,1202609.3619174478,707260.3061892476,789348.3278463976,937564.8492809123,521060.1928424642,1292875.5160615519,1051654.0270381279
2025-04-07T07:10:00.000+0000,1198562.1854708716,707260.3061892476,792337.9799097036,932593.5445288962,521060.1928424642,1292475.762600368,1051654.0270381279
2025-04-07T07:20:00.000+0000,1198108.9075035758,707260.3061892476,792984.985404985,932658.3172292484,521060.1928424642,1291813.9823884158,1051654.0270381279
2025-04-07T07:30:00.000+0000,1197647.1930009117,707260.3061892476,791108.0592669654,932949.7943808322,521060.1928424642,1289860.123427056,1051654.0270381279
2025-04-07T07:40:00.000+0000,1193508.7563209757,707260.3061892476,796092.6665706928,926553.4902210723,521060.1928424642,1290093.2657638558,1051654.0270381279
2025-04-07T07:50:00.000+0000,1193613.1081226957,707260.3061892476,792962.5279005845,930771.8123314963,521060.1928424642,1287675.719389424,1051654.0270381279
2025-04-07T08:00:00.000+0000,1191359.7151304157,707260.3061892476,793198.508561308,928075.6486793443,521060.1928424642,1285641.2464908478,1051654.0270381279
2025-04-07T08:10:00.000+0000,1190040.4248476636,707260.3061892476,795446.3160919598,926537.2970459843,521060.1928424642,1284741.9112950398,1051654.0270381279
2025-04-07T08:20:00.000+0000,1187416.0703322077,707260.3061892476,809269.8453765649,919873.8054972722,521060.1928424642,1288564.539723856,1051654.0270381279
2025-04-07T08:30:00.000+0000,1187508.8197232878,707260.3061892476,809111.6383213452,919298.9477816484,521060.1928424642,1288982.662737632,1051654.0270381279
2025-04-07T08:40:00.000+0000,1188287.5916869037,707260.3061892476,815586.1018652059,918748.3798286563,521060.1928424642,1292331.9336756319,1051654.0270381279
2025-04-07T08:50:00.000+0000,1188843.1433097678,707260.3061892476,812311.0585982502,923055.7644020643,521060.1928424642,1290429.8042375199,1051654.0270381279
2025-04-07T09:00:00.000+0000,1190566.6556559596,707260.3061892476,810172.7779406419,923484.8835418962,521060.1928424642,1291984.8174309598,1051654.0270381279
2025-04-07T09:10:00.000+0000,1189634.8559925198,707260.3061892476,804569.6003468186,924310.7354713844,521060.1928424642,1288305.0473239839,1051654.0270381279
2025-04-07T09:20:00.000+0000,1189339.0924128238,707260.3061892476,806060.3965522512,925096.1044631522,521060.1928424642,1288131.489201648,1051654.0270381279
2025-04-07T09:30:00.000+0000,1188732.9350669517,707260.3061892476,812017.3796525465,925225.6498638564,521060.1928424642,1286885.8825448,1051654.0270381279
2025-04-07T09:40:00.000+0000,1190444.2877886316,707260.3061892476,814585.8338964642,925282.3259766644,521060.1928424642,1288191.073416112,1051654.0270381279
2025-04-07T09:50:00.000+0000,1191999.6118831518,707260.3061892476,810805.0674389713,926990.7059484483,521060.1928424642,1286994.5990219838,1051654.0270381279
2025-04-07T10:00:00.000+0000,1191322.5674423599,707260.3061892476,810156.6457400912,927816.5578779362,521060.1928424642,1286291.60414816,1051654.0270381279
2025-04-07T10:10:00.000+0000,1192064.0116520878,707260.3061892476,816446.5779681351,924715.5648485844,521060.1928424642,1289178.0953663518,1051654.0270381279
2025-04-07T10:20:00.000+0000,1193604.8861555357,707260.3061892476,820571.7099016034,926553.4902210723,521060.1928424642,1290360.5499453119,1051654.0270381279
2025-04-07T10:30:00.000+0000,1194859.4950248478,707260.3061892476,817027.0996457718,929387.2958614724,521060.1928424642,1290020.443608224,1051654.0270381279
2025-04-07T10:40:00.000+0000,1195507.3509551436,707260.3061892476,817566.8105951343,932293.9707897683,521060.1928424642,1288319.067139152,1051654.0270381279
2025-04-07T10:50:00.000+0000,1195205.7949930637,707260.3061892476,813674.4307252624,933403.2032832962,521060.1928424642,1287334.705359072,1051654.0270381279
2025-04-07T11:00:00.000+0000,1195897.1115170477,707260.3061892476,814428.0644461125,933208.8851822403,521060.1928424642,1287727.3860030398,1051654.0270381279
2025-04-07T11:10:00.000+0000,1196369.7353352718,707260.3061892476,813670.9365139592,934245.2483878722,521060.1928424642,1286944.621975632,1051654.0270381279
2025-04-07T11:20:00.000+0000,1195700.1044289037,707260.3061892476,813996.6670546215,934431.4699013844,521060.1928424642,1285773.52704168,1051654.0270381279
2025-04-07T11:30:00.000+0000,1195730.1606746558,707260.3061892476,807530.3596574862,935459.7365194722,521060.1928424642,1283683.8196660639,1051654.0270381279
2025-04-07T11:40:00.000+0000,1196225.9737066557,707260.3061892476,807869.9329709378,937257.1789542404,521060.1928424642,1283616.3178507518,1051654.0270381279
2025-04-07T11:50:00.000+0000,1194644.2676745837,707260.3061892476,809633.4011620998,935362.5774689442,521060.1928424642,1283324.4360831198,1051654.0270381279
2025-04-07T12:00:00.000+0000,1192622.2514227116,707260.3061892476,810001.5787649106,933686.5838473362,521060.1928424642,1282894.0457310718,1051654.0270381279
2025-04-07T12:10:00.000+0000,1192627.0508600876,707260.3061892476,809149.8253974612,932553.0615911762,521060.1928424642,1282836.213993504,1051654.0270381279
2025-04-07T12:20:00.000+0000,1192269.9511385919,707260.3061892476,811474.4247690099,929686.8696006003,521060.1928424642,1281762.412982096,1051654.0270381279
2025-04-07T12:30:00.000+0000,1188908.1005923357,707260.3061892476,821152.7877851382,926432.0414079122,521060.1928424642,1285744.57971808,1051654.0270381279
2025-04-07T12:40:00.000+0000,1190958.4029372158,707260.3061892476,816954.4940742906,930229.3409660484,521060.1928424642,1283005.359468784,1051654.0270381279
2025-04-07T12:50:00.000+0000,1188376.1920898317,707260.3061892476,823290.4375185159,926399.6550577363,521060.1928424642,1285067.8719976959,1051654.0270381279
2025-04-07T13:00:00.000+0000,1187374.9657921677,707260.3061892476,825286.5653479525,925460.4509026322,521060.1928424642,1283778.4534184479,1051654.0270381279
2025-04-07T13:10:00.000+0000,1187320.9361504877,707260.3061892476,822690.8846799186,927848.9442281123,521060.1928424642,1282091.096764544,1051654.0270381279
2025-04-07T13:20:00.000+0000,1187674.4994833597,707260.3061892476,820824.6099827654,928261.8701928564,521060.1928424642,1279436.90309952,1051654.0270381279
2025-04-07T13:30:00.000+0000,1183686.1655051196,707260.3061892476,815296.4336122624,926610.1663338803,521060.1928424642,1275857.9318688798,1051654.0270381279
2025-04-07T13:40:00.000+0000,1181107.2610205277,707260.3061892476,812138.9600490294,923711.5879931283,521060.1928424642,1273847.9936468478,1051654.0270381279
2025-04-07T13:50:00.000+0000,1177658.6347404397,707260.3061892476,826486.9822742657,913995.6829403283,521060.1928424642,1278559.4424100958,1051654.0270381279
2025-04-07T14:00:00.000+0000,1177736.9984093118,707260.3061892476,839528.2102149012,909979.7755185042,521060.1928424642,1284019.450446464,1051654.0270381279
2025-04-07T14:10:00.000+0000,1173129.1147176716,707260.3061892476,852273.2811039644,894482.9069592883,521060.1928424642,1291667.3674742559,1051654.0270381279
2025-04-07T14:20:00.000+0000,1175943.1116876956,707260.3061892476,842730.6862130137,904166.4256619122,521060.1928424642,1287334.579539808,1051654.0270381279
2025-04-07T14:30:00.000+0000,1175213.2605760635,707260.3061892476,841727.8194982244,904053.0734362963,521060.1928424642,1287219.7608483038,1051654.0270381279
2025-04-07T14:40:00.000+0000,1175885.0937891759,707260.3061892476,844061.0711438064,906959.7483645922,521060.1928424642,1288830.0085187838,1051654.0270381279
2025-04-07T14:50:00.000+0000,1178927.8469876957,707260.3061892476,852926.4282956674,907842.2764068884,521060.1928424642,1292330.9630727358,1051654.0270381279
2025-04-07T15:00:00.000+0000,1179395.1301418717,707260.3061892476,847235.1551042681,907817.9866442564,521060.1928424642,1288508.33464392,1051654.0270381279
2025-04-07T15:10:00.000+0000,1178952.4451633997,707260.3061892476,838040.4356670652,912514.0074197763,521060.1928424642,1285566.6089486878,1051654.0270381279
2025-04-07T15:20:00.000+0000,1174525.4462480797,707260.3061892476,838906.9304741533,911518.1271518642,521060.1928424642,1282588.0812386398,1051654.0270381279
2025-04-07T15:30:00.000+0000,1171663.0174745196,707260.3061892476,843107.523011762,907834.1798193443,521060.1928424642,1281243.4281823519,1051654.0270381279
2025-04-07T15:40:00.000+0000,1173309.8556191837,707260.3061892476,849492.0525673975,907647.9583058322,521060.1928424642,1284058.9126314397,1051654.0270381279
2025-04-07T15:50:00.000+0000,1175358.9100332076,707260.3061892476,846770.5836361004,911169.9738874722,521060.1928424642,1283341.897942448,1051654.0270381279
2025-04-07T16:00:00.000+0000,1174925.6092113997,707260.3061892476,843489.6449701835,910425.0878334243,521060.1928424642,1283604.895296112,1051654.0270381279
2025-04-07T16:10:00.000+0000,1177481.2437968156,707260.3061892476,840993.767930684,911931.0531166084,521060.1928424642,1285390.4535658238,1051654.0270381279
2025-04-07T16:20:00.000+0000,1177873.7457038877,707260.3061892476,837130.8728091735,913194.1207734724,521060.1928424642,1284588.4122925599,1051654.0270381279
2025-04-07T16:30:00.000+0000,1178637.3083646877,707260.3061892476,842391.455691307,913194.1207734724,521060.1928424642,1285848.883548208,1051654.0270381279
2025-04-07T16:40:00.000+0000,1182632.0253824077,707260.3061892476,834411.895398131,915453.0686982484,521060.1928424642,1287722.9733559838,1051654.0270381279
2025-04-07T16:50:00.000+0000,1184259.5222424879,707260.3061892476,831275.8431390733,917088.5793821363,521060.1928424642,1288885.305905456,1051654.0270381279
2025-04-07T17:00:00.000+0000,1185124.6549421996,707260.3061892476,836395.7625588161,916230.3411024724,521060.1928424642,1292245.999398096,1051654.0270381279
2025-04-07T17:10:00.000+0000,1184805.2409279998,707260.3061892476,838838.3358012142,914829.6314573602,521060.1928424642,1292997.2188413758,1051654.0270381279
2025-04-07T17:20:00.000+0000,1185667.2906560637,707260.3061892476,842650.9045782527,914821.5348698163,521060.1928424642,1294165.6536051678,1051654.0270381279
2025-04-07T17:30:00.000+0000,1185150.7667760076,707260.3061892476,846319.1117378788,914279.0635043684,521060.1928424642,1294383.023649904,1051654.0270381279
2025-04-07T17:40:00.000+0000,1186434.8741875917,707260.3061892476,849711.8509202726,915509.7448110562,521060.1928424642,1294313.769357696,1051654.0270381279
2025-04-07T17:50:00.000+0000,1185846.4299998477,707260.3061892476,850450.420227313,915339.7164726321,521060.1928424642,1294362.838710784,1051654.0270381279
2025-04-07T18:00:00.000+0000,1186940.6999230157,707260.3061892476,850090.9975366492,915655.4833868484,521060.1928424642,1294832.6912478078,1051654.0270381279
2025-04-07T18:10:00.000+0000,1187593.9031520477,707260.3061892476,850071.0618422271,916740.4261177443,521060.1928424642,1294912.4604013918,1051654.0270381279
2025-04-07T18:20:00.000+0000,1187102.2713423916,707260.3061892476,846817.080748939,918926.5047546243,521060.1928424642,1291363.281277984,1051654.0270381279
2025-04-07T18:30:00.000+0000,1187619.2076922078,707260.3061892476,845689.697796422,920270.5382869283,521060.1928424642,1291524.572062048,1051654.0270381279
2025-04-07T18:40:00.000+0000,1187123.1863869596,707260.3061892476,848726.0528568047,919460.8795325283,521060.1928424642,1290576.10460352,1051654.0270381279
2025-04-07T18:50:00.000+0000,1187109.9395229358,707260.3061892476,843790.1777473531,920966.8448157122,521060.1928424642,1288366.3211057119,1051654.0270381279
2025-04-07T19:00:00.000+0000,1186613.6737534157,707260.3061892476,842599.3085781876,920821.1062399205,521060.1928424642,1287774.6399696,1051654.0270381279
2025-04-07T19:10:00.000+0000,1187756.5149084877,43374.869689247396,842339.3740539432,922594.2589120563,521060.1928424642,1287116.0812391997,319404.6715381277
2025-04-07T19:20:00.000+0000,1190411.9496837673,710463.6307018073,842353.1071952789,923403.9176664563,521060.1928424642,1290291.0076045294,1055187.2087305293
2025-04-07T19:30:00.000+0000,1188369.1811470154,710463.6307018073,845137.2649641207,919622.8112834084,521060.1928424642,1290315.5422810733,1055187.2087305293
2025-04-07T19:40:00.000+0000,1184778.9839743194,710463.6307018073,843485.6801456937,918294.9709261924,521060.1928424642,1288170.6004284173,1055187.2087305293
2025-04-07T19:50:00.000+0000,1184252.3522669994,710463.6307018073,842421.5373360058,918060.1698874163,521060.1928424642,1287472.8629852813,1055187.2087305293
2025-04-07T20:00:00.000+0000,1184936.2381002954,710463.6307018073,843079.3598953753,917873.9483739045,521060.1928424642,1287440.4107078894,1055187.2087305293
2025-04-07T20:10:00.000+0000,1186196.0988047754,710463.6307018073,845707.8503853239,917687.7268603921,521060.1928424642,1290640.7211097293,1055187.2087305293
2025-04-07T20:20:00.000+0000,1187722.1284036555,710463.6307018073,849269.0211011508,918416.4197393523,521060.1928424642,1292709.3987625933,1055187.2087305293
2025-04-07T20:30:00.000+0000,1187717.2717321033,710463.6307018073,852971.8480169836,915995.5400636962,521060.1928424642,1295411.8169970734,1055187.2087305293
2025-04-07T20:40:00.000+0000,1187266.8599799995,710463.6307018073,854904.8962025581,915469.2618733363,521060.1928424642,1294733.3567997934,1055187.2087305293
2025-04-07T20:50:00.000+0000,1187692.2078892314,710463.6307018073,852999.2690036776,916505.6250789684,521060.1928424642,1293313.3472369774,1055187.2087305293
2025-04-07T21:00:00.000+0000,1186918.6563159593,710463.6307018073,849170.2611313214,918481.1924397044,521060.1928424642,1291370.9108302575,1055187.2087305293
2025-04-07T21:10:00.000+0000,1187173.6581911272,710463.6307018073,851951.0219969372,917971.1074244322,521060.1928424642,1291810.0635667853,1055187.2087305293
2025-04-07T21:20:00.000+0000,1186986.3253873594,710463.6307018073,850509.7491317606,919331.3341318241,521060.1928424642,1290235.7731274893,1055187.2087305293
2025-04-07T21:30:00.000+0000,1188596.2434617274,710463.6307018073,850061.7309423259,921169.2595043123,521060.1928424642,1290839.7216018734,1055187.2087305293
2025-04-07T21:40:00.000+0000,1188755.6205679593,710463.6307018073,850447.4944917078,920545.8222634243,521060.1928424642,1291585.6836144654,1055187.2087305293
2025-04-07T21:50:00.000+0000,1188346.5404740553,710463.6307018073,856535.3571947189,919145.1126183122,521060.1928424642,1291615.4757216973,1055187.2087305293
2025-04-07T22:00:00.000+0000,1187131.7790112954,710463.6307018073,855620.5770092995,918570.2549026882,521060.1928424642,1291603.2083834254,1055187.2087305293
2025-04-07T22:10:00.000+0000,1186156.6190039034,710463.6307018073,858789.3731629283,917315.2838333682,521060.1928424642,1290855.4938939372,1055187.2087305293
2025-04-07T22:20:00.000+0000,1183619.2857057354,710463.6307018073,860854.6611630488,913113.1548980322,521060.1928424642,1291905.6050124334,1055187.2087305293
2025-04-07T22:30:00.000+0000,1181986.8139387674,710463.6307018073,862073.2335312054,910311.7356078082,521060.1928424642,1292507.8010099214,1055187.2087305293
2025-04-07T22:40:00.000+0000,1181659.9299853034,710463.6307018073,862325.827218458,909485.8836783203,521060.1928424642,1294160.1081259053,1055187.2087305293
2025-04-07T22:50:00.000+0000,1181903.0924495833,710463.6307018073,862669.0520227273,910360.3151330724,521060.1928424642,1293901.5234192973,1055187.2087305293
2025-04-07T23:00:00.000+0000,1183647.7201199913,710463.6307018073,860510.6933617183,912198.2405055603,521060.1928424642,1294073.3290647373,1055187.2087305293
2025-04-07T23:10:00.000+0000,1185635.3109942153,710463.6307018073,858306.8102128366,913258.8934738243,521060.1928424642,1295334.7080136493,1055187.2087305293
2025-04-07T23:20:00.000+0000,1187317.8975172795,710463.6307018073,856935.4145182846,916359.8865031764,521060.1928424642,1294374.8809101135,1055187.2087305293
2025-04-07T23:30:00.000+0000,1188328.9061528074,710463.6307018073,852766.2348799899,916756.6192928323,521060.1928424642,1294421.3530026732,1055187.2087305293
2025-04-07T23:40:00.000+0000,1189832.4715674235,710463.6307018073,851440.9294839903,919898.0952599043,521060.1928424642,1293251.1657619854,1055187.2087305293
2025-04-07T23:50:00.000+0000,1191136.5894178394,710463.6307018073,850354.190357593,920764.4301271124,521060.1928424642,1294887.7005859052,1055187.2087305293
2025-04-08T00:00:00.000+0000,1188527.8848424074,710463.6307018073,850116.4048332558,921242.1287922082,521060.1928424642,1290493.5130504654,1055187.2087305293
2025-04-08T00:10:00.000+0000,1187274.0876432394,710463.6307018073,853246.6670322022,919574.2317581442,521060.1928424642,1289384.6625011372,1055187.2087305293
2025-04-08T00:20:00.000+0000,1187862.2122968154,710463.6307018073,852563.3816495978,919833.3225595524,521060.1928424642,1290684.5959417613,1055187.2087305293
2025-04-08T00:30:00.000+0000,1185770.0395950393,710463.6307018073,849424.4741520989,918392.1299767203,521060.1928424642,1289450.4118395534,1055187.2087305293
2025-04-08T00:40:00.000+0000,1184674.4904860393,710463.6307018073,851938.3469482672,916878.0681059922,521060.1928424642,1288917.4701342734,1055187.2087305293
2025-04-08T00:50:00.000+0000,1186479.3246027275,710463.6307018073,849100.4227820511,918108.7494126803,521060.1928424642,1290387.4567434413,1055187.2087305293
2025-04-08T01:00:00.000+0000,1185377.7050139995,710463.6307018073,847808.7310081162,919047.9535677843,521060.1928424642,1288388.0333827853,1055187.2087305293
2025-04-08T01:10:00.000+0000,1184865.6088589274,710463.6307018073,850112.7897759915,919817.1293844644,521060.1928424642,1285547.1065638894,1055187.2087305293
2025-04-08T01:20:00.000+0000,1185116.3741260953,710463.6307018073,855053.2805053133,917007.6135066964,521060.1928424642,1288256.5347059532,1055187.2087305293
2025-04-08T01:30:00.000+0000,1184911.0633362313,710463.6307018073,861620.1599171545,914335.7396171764,521060.1928424642,1290992.2500014573,1055187.2087305293
2025-04-08T01:40:00.000+0000,1183258.7778629195,710463.6307018073,868031.6966161409,912918.8367969762,521060.1928424642,1292016.9187501452,1055187.2087305293
2025-04-08T01:50:00.000+0000,1183101.1880656953,710463.6307018073,871637.0868217042,911485.7408016883,521060.1928424642,1294138.1707098894,1055187.2087305293
2025-04-08T02:00:00.000+0000,1181158.3933758314,710463.6307018073,871949.361899225,908684.3215114644,521060.1928424642,1292209.7541183373,1055187.2087305293
2025-04-08T02:10:00.000+0000,1178159.1590243594,710463.6307018073,877154.8927204225,907453.6402047762,521060.1928424642,1291444.5148598894,1055187.2087305293
2025-04-08T02:20:00.000+0000,1177963.1139659754,710463.6307018073,877339.3763167432,907162.1630531924,521060.1928424642,1290766.0546626092,1055187.2087305293
2025-04-08T02:30:00.000+0000,1177008.9187733033,710463.6307018073,874274.3668418447,906498.2428745842,521060.1928424642,1288756.1164405772,1055187.2087305293
2025-04-08T02:40:00.000+0000,1177654.8516632635,710463.6307018073,873296.8286899432,909469.6905032323,521060.1928424642,1287011.7728327373,1055187.2087305293
2025-04-08T02:50:00.000+0000,1176692.3510702313,710463.6307018073,870895.8172572297,909267.2758146324,521060.1928424642,1286682.1813570254,1055187.2087305293
2025-04-08T03:00:00.000+0000,1173120.2321333676,710463.6307018073,869429.6666604958,905081.3400543844,521060.1928424642,1286868.0068176333,1055187.2087305293
2025-04-08T03:10:00.000+0000,1172965.0834916553,710463.6307018073,867710.4332425407,906303.9247735282,521060.1928424642,1284502.1899664493,1055187.2087305293
2025-04-08T03:20:00.000+0000,1170707.0152525676,710463.6307018073,868175.4533600195,903356.7669075124,521060.1928424642,1284809.8440261453,1055187.2087305293
2025-04-08T03:30:00.000+0000,1171060.9976898874,710463.6307018073,870136.4693034692,903623.9542964643,521060.1928424642,1284098.0867678414,1055187.2087305293
2025-04-08T03:40:00.000+0000,1172241.7484330074,710463.6307018073,868546.5963514415,906652.0780379203,521060.1928424642,1281748.0422087214,1055187.2087305293
2025-04-08T03:50:00.000+0000,1170191.0263042233,710463.6307018073,867776.3552291747,906538.7258123043,521060.1928424642,1280017.7184160494,1055187.2087305293
2025-04-08T04:00:00.000+0000,1169928.6800392715,710463.6307018073,869663.3820214935,905793.8397582563,521060.1928424642,1280543.6502137454,1055187.2087305293
2025-04-08T04:10:00.000+0000,1172575.4025959673,710463.6307018073,871569.7296634084,906919.2654268723,521060.1928424642,1283058.4905107212,1055187.2087305293
2025-04-08T04:20:00.000+0000,1175165.8283161914,710463.6307018073,873868.5890879626,908311.8784844403,521060.1928424642,1285923.9520061614,1055187.2087305293
2025-04-08T04:30:00.000+0000,1177079.4249931674,710463.6307018073,873071.2595758135,909526.3666160402,521060.1928424642,1287301.9021234734,1055187.2087305293
2025-04-08T04:40:00.000+0000,1178879.5697643354,710463.6307018073,872824.701986774,909923.0994056963,521060.1928424642,1289466.1212219852,1055187.2087305293
2025-04-08T04:50:00.000+0000,1181632.2578107673,710463.6307018073,874520.4500438108,913007.8992599603,521060.1928424642,1289827.2572818252,1055187.2087305293
2025-04-08T05:00:00.000+0000,1184000.5174761354,710463.6307018073,870391.3076947993,913979.4897652402,521060.1928424642,1291779.3637662893,1055187.2087305293
2025-04-08T05:10:00.000+0000,1187117.4648118233,710463.6307018073,867802.6524195005,917282.8974831922,521060.1928424642,1293337.8819135213,1055187.2087305293
2025-04-08T05:20:00.000+0000,1190314.9468681514,710463.6307018073,866788.1428765976,920885.8789402724,521060.1928424642,1293655.2060509613,1055187.2087305293
2025-04-08T05:30:00.000+0000,1189534.2097479193,710463.6307018073,867032.4032486021,919104.6296805922,521060.1928424642,1293564.9220360012,1055187.2087305293
2025-04-08T05:40:00.000+0000,1189953.1433626954,710463.6307018073,867282.774767946,918667.4139532163,521060.1928424642,1295557.3354890733,1055187.2087305293
2025-04-08T05:50:00.000+0000,1190549.9462980875,710463.6307018073,867051.9500236508,919655.1976335843,521060.1928424642,1295323.2854590092,1055187.2087305293
2025-04-08T06:00:00.000+0000,1189653.0089524635,710463.6307018073,864262.5127738246,919315.1409567364,521060.1928424642,1294561.5511543532,1055187.2087305293
2025-04-08T06:10:00.000+0000,1188883.5343150315,710463.6307018073,861841.3664964319,918926.5047546243,521060.1928424642,1292610.3523631534,1055187.2087305293
2025-04-08T06:20:00.000+0000,1189289.3946867755,710463.6307018073,861351.8564757598,920391.9871000884,521060.1928424642,1291951.1694117293,1055187.2087305293
2025-04-08T06:30:00.000+0000,1185633.5080377352,710463.6307018073,860616.1035143711,919881.9020848162,521060.1928424642,1286466.5637891854,1055187.2087305293
2025-04-08T06:40:00.000+0000,1187270.4537526795,710463.6307018073,861422.8534273666,922116.5602469603,521060.1928424642,1287598.1965381613,1055187.2087305293
2025-04-08T06:50:00.000+0000,1189486.8220484313,710463.6307018073,859967.4587965563,923080.0541646965,521060.1928424642,1289622.1545753614,1055187.2087305293
2025-04-08T07:00:00.000+0000,1192373.5756865195,710463.6307018073,857674.595003417,924286.4457087523,521060.1928424642,1291050.0817390252,1055187.2087305293
2025-04-08T07:10:00.000+0000,1193834.2732328875,710463.6307018073,858137.5392773516,926966.4161858163,521060.1928424642,1291244.6695841134,1055187.2087305293
2025-04-08T07:20:00.000+0000,1193938.9588573354,710463.6307018073,859772.7351613347,927087.8649989762,521060.1928424642,1289701.9237289452,1055187.2087305293
2025-04-08T07:30:00.000+0000,1192303.4922681435,710463.6307018073,858290.3633996808,929063.4323597123,521060.1928424642,1286473.5736967693,1055187.2087305293
2025-04-08T07:40:00.000+0000,1193846.5760527514,710463.6307018073,856685.3794053568,930974.2270200963,521060.1928424642,1286008.1338068014,1055187.2087305293
2025-04-08T07:50:00.000+0000,1190811.0711009915,710463.6307018073,855638.4398202719,927654.6261270563,521060.1928424642,1285689.0571924653,1055187.2087305293
2025-04-08T08:00:00.000+0000,1188193.3484657835,710463.6307018073,855916.9970100294,929759.7388884963,521060.1928424642,1278290.0547935374,1055187.2087305293
2025-04-08T08:10:00.000+0000,1190527.1824137752,710463.6307018073,852815.944823486,930877.0679695682,521060.1928424642,1281573.6393027534,1055187.2087305293
2025-04-08T08:20:00.000+0000,1191722.1891030073,710463.6307018073,851551.8321652693,933597.5213843521,521060.1928424642,1280201.8543093933,1055187.2087305293
2025-04-08T08:30:00.000+0000,1194131.9164976315,710463.6307018073,853191.6106786628,933443.6862210163,521060.1928424642,1283563.4554952972,1055187.2087305293
2025-04-08T08:40:00.000+0000,1195526.0967604313,710463.6307018073,854305.4762560809,932917.4080306562,521060.1928424642,1286010.7939769614,1055187.2087305293
2025-04-08T08:50:00.000+0000,1197974.7083627833,710463.6307018073,853915.0159117326,932787.8626299524,521060.1928424642,1290941.4281714733,1055187.2087305293
2025-04-08T09:00:00.000+0000,1196140.6923702874,710463.6307018073,854972.564324584,930059.3126276244,521060.1928424642,1290872.1738792653,1055187.2087305293
2025-04-08T09:10:00.000+0000,1195938.4256432233,710463.6307018073,855556.7311612857,930229.3409660484,521060.1928424642,1289926.3665908973,1055187.2087305293
2025-04-08T09:20:00.000+0000,1195128.8412992475,710463.6307018073,854262.3851682511,930415.5624795603,521060.1928424642,1289244.4014398253,1055187.2087305293
2025-04-08T09:30:00.000+0000,1194334.9680863032,710463.6307018073,854654.7331967535,928083.7452668883,521060.1928424642,1289919.3566833134,1055187.2087305293
2025-04-08T09:40:00.000+0000,1195379.6549776555,710463.6307018073,857733.9861327563,927452.2114384563,521060.1928424642,1293269.5353145774,1055187.2087305293
2025-04-08T09:50:00.000+0000,1193999.6440203353,710463.6307018073,855975.1244396821,926189.1437815921,521060.1928424642,1292288.6784882892,1055187.2087305293
2025-04-08T10:00:00.000+0000,1193922.8442693274,710463.6307018073,855289.470824162,925735.7348791283,521060.1928424642,1292882.1121012974,1055187.2087305293
2025-04-08T10:10:00.000+0000,1196963.3328010314,710463.6307018073,856440.2959879218,928237.5804302243,521060.1928424642,1293925.2133122094,1055187.2087305293
2025-04-08T10:20:00.000+0000,1196888.7581285355,710463.6307018073,857309.419553564,927897.5237533762,521060.1928424642,1293841.9392048332,1055187.2087305293
2025-04-08T10:30:00.000+0000,1194562.8398829114,710463.6307018073,857583.4104526739,927929.9101035523,521060.1928424642,1291589.1885682573,1055187.2087305293
2025-04-08T10:40:00.000+0000,1193285.0660803835,710463.6307018073,858686.379087699,926666.8424466883,521060.1928424642,1291259.5970925454,1055187.2087305293
2025-04-08T10:50:00.000+0000,1194234.4460383274,710463.6307018073,856957.5373688658,927808.4612903923,521060.1928424642,1290823.9493098094,1055187.2087305293
2025-04-08T11:00:00.000+0000,1192555.9133396074,710463.6307018073,856835.1157012461,925978.6325054483,521060.1928424642,1290048.1951899852,1055187.2087305293
2025-04-08T11:10:00.000+0000,1190140.0111787515,710463.6307018073,858358.3309579939,923387.7244913683,521060.1928424642,1289352.2102237453,1055187.2087305293
2025-04-08T11:20:00.000+0000,1190134.2735025673,710463.6307018073,860821.0561797678,923314.8552034723,521060.1928424642,1289874.6370676493,1055187.2087305293
2025-04-08T11:30:00.000+0000,1190100.7442474475,710463.6307018073,864648.255432482,921007.3277534323,521060.1928424642,1291622.4856292813,1055187.2087305293
2025-04-08T11:40:00.000+0000,1189518.6119161756,710463.6307018073,865987.4866811691,921323.0946676482,521060.1928424642,1290388.3015270734,1055187.2087305293
2025-04-08T11:50:00.000+0000,1187298.7011266875,710463.6307018073,870065.8666191315,920173.3792364004,521060.1928424642,1289930.7792379532,1055187.2087305293
2025-04-08T12:00:00.000+0000,1183600.2632758634,710463.6307018073,869108.0990392884,916157.4718145763,521060.1928424642,1288308.2642292012,1055187.2087305293
2025-04-08T12:10:00.000+0000,1183943.1123270234,710463.6307018073,868763.586094362,916432.7557910723,521060.1928424642,1289039.2987333613,1055187.2087305293
2025-04-08T12:20:00.000+0000,1180945.6488077515,710463.6307018073,866051.1301773321,913186.0241859283,521060.1928424642,1288175.0130754733,1055187.2087305293
2025-04-08T12:30:00.000+0000,1180288.9487783993,710463.6307018073,864002.5779545044,912570.6835325842,521060.1928424642,1288004.9599069292,1055187.2087305293
2025-04-08T12:40:00.000+0000,1181767.2510896795,710463.6307018073,862338.5325211347,915242.5574221043,521060.1928424642,1287089.0076354253,1055187.2087305293
2025-04-08T12:50:00.000+0000,1181222.8897474236,710463.6307018073,861941.7924282723,915185.8813092962,521060.1928424642,1286202.7845615214,1055187.2087305293
2025-04-08T13:00:00.000+0000,1177530.2152122553,710463.6307018073,864633.5072410037,913194.1207734724,521060.1928424642,1282160.9707014412,1055187.2087305293
2025-04-08T13:10:00.000+0000,1176649.4976104472,710463.6307018073,865415.411044675,913704.2057887444,521060.1928424642,1281003.0507990252,1055187.2087305293
2025-04-08T13:20:00.000+0000,1176017.2420398714,710463.6307018073,868887.8854927019,912376.3654315283,521060.1928424642,1281834.8841795214,1055187.2087305293
2025-04-08T13:30:00.000+0000,1175154.0418828875,710463.6307018073,860316.8612299424,912117.2746301203,521060.1928424642,1279567.2689441452,1055187.2087305293
2025-04-08T13:40:00.000+0000,1173918.6579113433,710463.6307018073,861342.4837408336,912870.2572717122,521060.1928424642,1278525.9202101293,1055187.2087305293
2025-04-08T13:50:00.000+0000,1174859.6612859194,710463.6307018073,860670.0400869285,914076.6488157683,521060.1928424642,1277850.9649666413,1055187.2087305293
2025-04-08T14:00:00.000+0000,1174783.1873640392,710463.6307018073,862833.3713341546,909971.6789309604,521060.1928424642,1278709.9931938413,1055187.2087305293
2025-04-08T14:10:00.000+0000,1180454.6064861272,710463.6307018073,865938.4971807073,911785.3145408162,521060.1928424642,1287720.9957401452,1055187.2087305293
2025-04-08T14:20:00.000+0000,1181526.1876648236,710463.6307018073,859128.601261116,910910.8830860642,521060.1928424642,1291061.5672032973,1055187.2087305293
2025-04-08T14:30:00.000+0000,1180849.8910253113,710463.6307018073,856696.8665458236,910935.1728486962,521060.1928424642,1291456.9080174253,1055187.2087305293
2025-04-08T14:40:00.000+0000,1178720.3851040234,710463.6307018073,852973.9181818385,912020.1155795923,521060.1928424642,1285827.6915961453,1055187.2087305293
2025-04-08T14:50:00.000+0000,1177258.4810636234,710463.6307018073,846490.5295506471,913169.8310108403,521060.1928424642,1283440.8450222095,1055187.2087305293
2025-04-08T15:00:00.000+0000,1175764.5816000553,710463.6307018073,845563.9735914178,913015.9958475044,521060.1928424642,1280215.9999438254,1055187.2087305293
2025-04-08T15:10:00.000+0000,1175450.8663531914,710463.6307018073,842960.0022390946,912983.6094973283,521060.1928424642,1280132.7258364493,1055187.2087305293
2025-04-08T15:20:00.000+0000,1173922.6835382634,710463.6307018073,843267.8085755442,911769.1213657282,521060.1928424642,1279555.9722087693,1055187.2087305293
2025-04-08T15:30:00.000+0000,1175266.7757036234,710463.6307018073,843996.0207716094,912246.8200308243,521060.1928424642,1280402.7330976971,1055187.2087305293
2025-04-08T15:40:00.000+0000,1176127.2105746074,710463.6307018073,844388.5545181241,909048.6679509443,521060.1928424642,1285019.5481085614,1055187.2087305293
2025-04-08T15:50:00.000+0000,1176860.6879229273,710463.6307018073,842617.9727836499,911340.0022258962,521060.1928424642,1284562.8706030734,1055187.2087305293
2025-04-08T16:00:00.000+0000,1176966.9473073594,710463.6307018073,842801.7758671591,912611.1664703044,521060.1928424642,1283783.6115294574,1055187.2087305293
2025-04-08T16:10:00.000+0000,1178032.6246529033,710463.6307018073,837751.7893504512,913663.7228510242,521060.1928424642,1283552.2216695533,1055187.2087305293
2025-04-08T16:20:00.000+0000,1175977.3254587033,710463.6307018073,835438.0394611575,912805.4845713603,521060.1928424642,1280773.5392352813,1055187.2087305293
2025-04-08T16:30:00.000+0000,1175662.5843132155,710463.6307018073,829130.7027119517,912684.0357582002,521060.1928424642,1279037.9580119213,1055187.2087305293
2025-04-08T16:40:00.000+0000,1175503.9886413354,710463.6307018073,826523.7284464543,915404.4891729843,521060.1928424642,1277843.2360946892,1055187.2087305293
2025-04-08T16:50:00.000+0000,1176659.1399304154,710463.6307018073,823632.4661423091,917088.5793821363,521060.1928424642,1276385.5168237933,1055187.2087305293
2025-04-08T17:00:00.000+0000,1177671.4907913036,710463.6307018073,821480.826793061,916829.4885807284,521060.1928424642,1278811.8255827052,1055187.2087305293
2025-04-08T17:10:00.000+0000,1178205.6885809114,710463.6307018073,818250.8620118264,918440.7095019843,521060.1928424642,1278372.6728461774,1055187.2087305293
2025-04-08T17:20:00.000+0000,1180767.3484422474,710463.6307018073,813849.4840208793,921590.2820566002,521060.1928424642,1278087.8009861293,1055187.2087305293
2025-04-08T17:30:00.000+0000,1180269.9055851514,710463.6307018073,816492.7912768092,920513.4359132483,521060.1928424642,1277392.7237131533,1055187.2087305293
2025-04-08T17:40:00.000+0000,1176391.0237151196,710463.6307018073,821864.9913452085,916853.7783433603,521060.1928424642,1276325.0249160654,1055187.2087305293
2025-04-08T17:50:00.000+0000,1174311.5406634954,710463.6307018073,823172.3039446333,916003.6366512403,521060.1928424642,1274902.3551830894,1055187.2087305293
2025-04-08T18:00:00.000+0000,1175646.2537980874,710463.6307018073,823334.5106838874,914303.3532670003,521060.1928424642,1277767.8166785294,1055187.2087305293
2025-04-08T18:10:00.000+0000,1174765.6235163673,710463.6307018073,823452.3604357466,914764.8587570083,521060.1928424642,1277141.0860044973,1055187.2087305293
2025-04-08T18:20:00.000+0000,1172655.3377766232,710463.6307018073,827499.7308455878,911169.9738874722,521060.1928424642,1277137.5810507052,1055187.2087305293
2025-04-08T18:30:00.000+0000,1171662.9419689113,710463.6307018073,828832.1975222547,909825.9403551682,521060.1928424642,1275252.9763815533,1055187.2087305293
2025-04-08T18:40:00.000+0000,1171811.2821717353,710463.6307018073,826938.5047627841,913437.0183997923,521060.1928424642,1274754.2394305612,1055187.2087305293
2025-04-08T18:50:00.000+0000,1170416.7599427274,710463.6307018073,825946.2393815638,913032.1890225923,521060.1928424642,1272490.9739326094,1055187.2087305293
2025-04-08T19:00:00.000+0000,1168389.1730009753,710463.6307018073,822610.3298298074,912902.6436218882,521060.1928424642,1269755.2586371053,1055187.2087305293
2025-04-08T19:10:00.000+0000,1166288.4171412233,710463.6307018073,818590.8430247917,912692.1323457442,521060.1928424642,1267323.6924475054,1055187.2087305293
2025-04-08T19:20:00.000+0000,1166414.5673702394,710463.6307018073,821770.0595695794,911064.7182494001,521060.1928424642,1268717.4148568814,1055187.2087305293
2025-04-08T19:30:00.000+0000,1166954.7637771114,710463.6307018073,816316.9722957568,912287.3029685443,521060.1928424642,1268182.7206747052,1055187.2087305293
2025-04-08T19:40:00.000+0000,1168164.5521815033,710463.6307018073,814897.454181077,913955.2000026084,521060.1928424642,1267470.9634164013,1055187.2087305293
2025-04-08T19:50:00.000+0000,1169393.1729179674,710463.6307018073,818996.6164682114,913663.7228510242,521060.1928424642,1269305.5910392012,1055187.2087305293
2025-04-08T20:00:00.000+0000,1174824.2281551193,710463.6307018073,817698.8542730936,916497.5284914244,521060.1928424642,1275253.0392911853,1055187.2087305293
2025-04-08T20:10:00.000+0000,1175737.0278207273,710463.6307018073,818906.043247766,914368.1259673523,521060.1928424642,1277167.4360675693,1055187.2087305293
2025-04-08T20:20:00.000+0000,1178755.2565545274,710463.6307018073,818282.6349090168,917404.3462963522,521060.1928424642,1280360.7365618253,1055187.2087305293
2025-04-08T20:30:00.000+0000,1178389.3207275753,710463.6307018073,820283.1432575122,916999.5169191523,521060.1928424642,1280645.6084218733,1055187.2087305293
2025-04-08T20:40:00.000+0000,1179705.5402888712,710463.6307018073,824849.3602250786,914951.0802705202,521060.1928424642,1283712.6676699852,1055187.2087305293
2025-04-08T20:50:00.000+0000,1179424.6545673595,710463.6307018073,826214.6694190437,915679.7731494803,521060.1928424642,1282914.1313505133,1055187.2087305293
2025-04-08T21:00:00.000+0000,1179557.8223378474,710463.6307018073,824814.8634789936,916999.5169191523,521060.1928424642,1282313.6878299213,1055187.2087305293
2025-04-08T21:10:00.000+0000,1181661.4012473514,710463.6307018073,823837.9331964375,917655.3405102163,521060.1928424642,1283965.1501622733,1055187.2087305293
2025-04-08T21:20:00.000+0000,1179661.8418655994,710463.6307018073,823504.046768408,916270.8240401922,521060.1928424642,1282500.4209837932,1055187.2087305293
2025-04-08T21:30:00.000+0000,1177138.6780227914,710463.6307018073,821819.8247089103,915566.4209238642,521060.1928424642,1280223.9804543052,1055187.2087305293
2025-04-08T21:40:00.000+0000,1174775.8522967915,710463.6307018073,826231.0889382875,913137.4446606643,521060.1928424642,1279089.6875351693,1055187.2087305293
2025-04-08T21:50:00.000+0000,1173499.6848681355,710463.6307018073,826281.7245831867,913469.4047499683,521060.1928424642,1277341.8389735373,1055187.2087305293
2025-04-08T22:00:00.000+0000,1170465.4201933595,710463.6307018073,820805.2848762833,912384.4620190723,521060.1928424642,1272709.2516706092,1055187.2087305293
2025-04-08T22:10:00.000+0000,1170970.9681711674,710463.6307018073,822033.8032485256,912959.3197346963,521060.1928424642,1273306.1902374092,1055187.2087305293
2025-04-08T22:20:00.000+0000,1170029.4001186953,710463.6307018073,818804.6907650122,911663.8657276563,521060.1928424642,1273556.0125595373,1055187.2087305293
2025-04-08T22:30:00.000+0000,1170739.0039810955,710463.6307018073,815884.7105603857,913631.3365008483,521060.1928424642,1272306.0561652654,1055187.2087305293
2025-04-08T22:40:00.000+0000,1175076.0211694315,710463.6307018073,816965.3481978016,917574.3746347763,521060.1928424642,1273689.2637132653,1055187.2087305293
2025-04-08T22:50:00.000+0000,1171962.2606022875,710463.6307018073,819630.1107857997,914708.1826442004,521060.1928424642,1272571.6507794573,1055187.2087305293
2025-04-08T23:00:00.000+0000,1172402.2060841115,710463.6307018073,820338.4810809912,915590.7106864963,521060.1928424642,1271738.9097056973,1055187.2087305293
2025-04-08T23:10:00.000+0000,1173149.6062352713,710463.6307018073,818601.8077993304,917744.4029732002,521060.1928424642,1269821.0079755213,1055187.2087305293
2025-04-08T23:20:00.000+0000,1171512.3736000473,710463.6307018073,820099.8893865615,916311.3069779123,521060.1928424642,1270346.9397732173,1055187.2087305293
2025-04-08T23:30:00.000+0000,1171945.0399198635,710463.6307018073,821705.9757499536,916926.6476312563,521060.1928424642,1270621.2967718893,1055187.2087305293
2025-04-08T23:40:00.000+0000,1176102.0009384633,710463.6307018073,821484.6735437608,918659.3173656723,521060.1928424642,1275047.0288914572,1055187.2087305293
2025-04-08T23:50:00.000+0000,1176665.6422244152,710463.6307018073,821784.8479863567,919566.1351706004,521060.1928424642,1273800.5774509772,1055187.2087305293
2025-04-09T00:00:00.000+0000,1179718.7981640794,710463.6307018073,817567.7316816642,920084.3167734162,521060.1928424642,1276795.7851463533,1055187.2087305293
2025-04-09T00:10:00.000+0000,1177410.6323251594,710463.6307018073,822053.8984580578,916367.9830907203,521060.1928424642,1279342.1700274572,1055187.2087305293
2025-04-09T00:20:00.000+0000,1181113.6139480553,710463.6307018073,824096.7359113996,919266.5614314723,521060.1928424642,1282034.0734005612,1055187.2087305293
2025-04-09T00:30:00.000+0000,1181632.8307620394,710463.6307018073,821575.678001604,919007.4706300641,521060.1928424642,1281985.0040474734,1055187.2087305293
2025-04-09T00:40:00.000+0000,1185173.3133982073,710463.6307018073,819657.2616063559,923274.3722657524,521060.1928424642,1282851.0421822574,1055187.2087305293
2025-04-09T00:50:00.000+0000,1184407.1128494074,710463.6307018073,818108.0268553352,922934.3155889042,521060.1928424642,1282026.2187093454,1055187.2087305293
2025-04-09T01:00:00.000+0000,1185173.5845211353,710463.6307018073,811234.022952365,924496.9569848962,521060.1928424642,1281826.3734335692,1055187.2087305293
2025-04-09T01:10:00.000+0000,1188133.7933180474,710463.6307018073,799268.5830016148,928091.8418544322,521060.1928424642,1281044.5170994252,1055187.2087305293
2025-04-09T01:20:00.000+0000,1191698.1981911033,710463.6307018073,790678.4461255812,934285.7313255923,521060.1928424642,1278936.4401712173,1055187.2087305293
2025-04-09T01:30:00.000+0000,1188538.5892220475,710463.6307018073,793908.8869214742,930035.0228649925,521060.1928424642,1276551.2831645452,1055187.2087305293
2025-04-09T01:40:00.000+0000,1184018.1221810954,710463.6307018073,803057.5289200761,923063.8609896085,521060.1928424642,1277553.1697135854,1055187.2087305293
2025-04-09T01:50:00.000+0000,1183118.7373849994,710463.6307018073,808918.8286624742,922043.6909590643,521060.1928424642,1279705.9662574574,1055187.2087305293
2025-04-09T02:00:00.000+0000,1181138.8767116636,710463.6307018073,813635.2404750986,919736.1635090243,521060.1928424642,1279977.6630859694,1055187.2087305293
2025-04-09T02:10:00.000+0000,1178749.3112845514,710463.6307018073,814803.0308739909,918529.7719649683,521060.1928424642,1279028.3508438093,1055187.2087305293
2025-04-09T02:20:00.000+0000,1175837.5818031353,710463.6307018073,809871.6276714867,917784.8859109203,521060.1928424642,1275593.1456282733,1055187.2087305293
2025-04-09T02:30:00.000+0000,1174124.3199899513,710463.6307018073,810377.3966767178,914351.9327922643,521060.1928424642,1276218.1238254094,1055187.2087305293
2025-04-09T02:40:00.000+0000,1175935.1464289434,710463.6307018073,806099.2905048099,916554.2046042322,521060.1928424642,1275997.2488268812,1055187.2087305293
2025-04-09T02:50:00.000+0000,1177790.0879875834,710463.6307018073,804755.0450942387,919039.8569802402,521060.1928424642,1275193.4550767213,1055187.2087305293
2025-04-09T03:00:00.000+0000,1178044.6461380154,710463.6307018073,802950.3337928184,919331.3341318241,521060.1928424642,1276713.4187322413,1055187.2087305293
2025-04-09T03:10:00.000+0000,1177695.3754782553,710463.6307018073,804565.6374092721,918966.9876923444,521060.1928424642,1277003.5480229773,1055187.2087305293
2025-04-09T03:20:00.000+0000,1180061.1249933513,710463.6307018073,802573.5878275243,921922.2421459043,521060.1928424642,1274969.0751244014,1055187.2087305293
2025-04-09T03:30:00.000+0000,1179551.0872702154,710463.6307018073,802729.7083434088,923007.1848768002,521060.1928424642,1274028.5252667214,1055187.2087305293
2025-04-09T03:40:00.000+0000,1179350.4174146315,710463.6307018073,799311.5111669588,923217.6961529441,521060.1928424642,1273651.6169148174,1055187.2087305293
2025-04-09T03:50:00.000+0000,1177725.0666463033,710463.6307018073,801564.1155192491,921161.1629167683,521060.1928424642,1273764.6831294252,1055187.2087305293
2025-04-09T04:00:00.000+0000,1173462.5437847914,710463.6307018073,801267.0402068949,915274.9437722804,521060.1928424642,1272728.5918260973,1055187.2087305293
2025-04-09T04:10:00.000+0000,1173149.8930056714,710463.6307018073,805411.3064581542,914700.0860566564,521060.1928424642,1273591.1250070892,1055187.2087305293
2025-04-09T04:20:00.000+0000,1174347.2114140475,710463.6307018073,806034.365306895,917865.8517863604,521060.1928424642,1271439.1732468493,1055187.2087305293
2025-04-09T04:30:00.000+0000,1170920.2185733514,710463.6307018073,808809.3805767256,913396.5354620724,521060.1928424642,1271031.5650944493,1055187.2087305293
2025-04-09T04:40:00.000+0000,1170498.7884174073,710463.6307018073,816044.2164341949,912740.7118710084,521060.1928424642,1272652.2647166732,1055187.2087305293
2025-04-09T04:50:00.000+0000,1171043.4363402154,710463.6307018073,815259.1518476831,913663.7228510242,521060.1928424642,1272257.8315958092,1055187.2087305293
2025-04-09T05:00:00.000+0000,1171752.7697591432,710463.6307018073,815111.4115706095,913283.1832364562,521060.1928424642,1273493.7681749132,1055187.2087305293
2025-04-09T05:10:00.000+0000,1169640.1558234473,710463.6307018073,818092.4657955009,910044.5482188562,521060.1928424642,1275583.4755505293,1055187.2087305293
2025-04-09T05:20:00.000+0000,1165859.0391985993,710463.6307018073,819477.1263881444,906449.6633493203,521060.1928424642,1274200.2680025294,1055187.2087305293
2025-04-09T05:30:00.000+0000,1167652.2233227433,710463.6307018073,819068.552624901,908838.1566748004,521060.1928424642,1273573.5373284973,1055187.2087305293
2025-04-09T05:40:00.000+0000,1169817.9865749434,710463.6307018073,818339.1568668124,912805.4845713603,521060.1928424642,1272206.1020725614,1055187.2087305293
2025-04-09T05:50:00.000+0000,1169583.8832675354,710463.6307018073,819425.1015742003,912538.2971824082,521060.1928424642,1272289.3761799373,1055187.2087305293
2025-04-09T06:00:00.000+0000,1168972.7268840955,710463.6307018073,821218.7953109073,911412.8715137924,521060.1928424642,1272416.4622097132,1055187.2087305293
2025-04-09T06:10:00.000+0000,1167690.0248872794,710463.6307018073,825445.1867830907,909226.7928769123,521060.1928424642,1271148.0733532174,1055187.2087305293
2025-04-09T06:20:00.000+0000,1168228.6893107193,710463.6307018073,823065.548952915,912044.4053422243,521060.1928424642,1270092.7048040333,1055187.2087305293
2025-04-09T06:30:00.000+0000,1169507.0755229273,710463.6307018073,822824.3769796434,914586.7338310403,521060.1928424642,1269818.3478053613,1055187.2087305293
2025-04-09T06:40:00.000+0000,1169518.7413128235,710463.6307018073,823189.8454268784,913987.5863527842,521060.1928424642,1270439.8210487054,1055187.2087305293
2025-04-09T06:50:00.000+0000,1169276.1442058955,710463.6307018073,822175.7950054372,913007.8992599603,521060.1928424642,1271517.1270139052,1055187.2087305293
2025-04-09T07:00:00.000+0000,1167175.9340192555,710463.6307018073,822910.4951684797,907510.3163175844,521060.1928424642,1271617.9258902413,1055187.2087305293
2025-04-09T07:10:00.000+0000,1169302.9950180475,710463.6307018073,829692.1167126461,909356.3382776163,521060.1928424642,1274447.4301544973,1055187.2087305293
2025-04-09T07:20:00.000+0000,1169270.0557405674,710463.6307018073,829007.5408015831,908684.3215114644,521060.1928424642,1275094.3457676494,1055187.2087305293
2025-04-09T07:30:00.000+0000,1169562.0267767275,710463.6307018073,833181.7364529877,907534.6060802164,521060.1928424642,1277626.7108335854,1055187.2087305293
2025-04-09T07:40:00.000+0000,1169137.5781974553,710463.6307018073,834238.6003376412,907801.7934691684,521060.1928424642,1276951.7555900973,1055187.2087305293
2025-04-09T07:50:00.000+0000,1170380.2027618873,710463.6307018073,833294.7323540066,909259.1792270881,521060.1928424642,1276838.6893754893,1055187.2087305293
2025-04-09T08:00:00.000+0000,1171258.0110130394,710463.6307018073,830709.3340786155,909583.042728848,521060.1928424642,1278579.5280295373,1055187.2087305293
2025-04-09T08:10:00.000+0000,1170541.4152486394,710463.6307018073,829629.4769271065,908570.9692858483,521060.1928424642,1278574.2705988493,1055187.2087305293
2025-04-09T08:20:00.000+0000,1170217.8050440794,710463.6307018073,831237.6015916213,907048.8108275763,521060.1928424642,1278820.5879671853,1055187.2087305293
2025-04-09T08:30:00.000+0000,1170968.4470097115,710463.6307018073,828324.8970925765,909194.4065267362,521060.1928424642,1278115.8406164653,1055187.2087305293
2025-04-09T08:40:00.000+0000,1172561.9710398153,710463.6307018073,828306.6461760232,911485.7408016883,521060.1928424642,1278384.9401844493,1055187.2087305293
2025-04-09T08:50:00.000+0000,1171636.6704629434,710463.6307018073,829141.0036253764,911016.1387241364,521060.1928424642,1277607.4335877292,1055187.2087305293
2025-04-09T09:00:00.000+0000,1170062.6168140634,710463.6307018073,831402.974756687,910076.9345690322,521060.1928424642,1275786.8257800974,1055187.2087305293
2025-04-09T09:10:00.000+0000,1168122.8282973354,710463.6307018073,829714.5924606114,909550.6563786722,521060.1928424642,1274024.9574032973,1055187.2087305293
2025-04-09T09:20:00.000+0000,1166829.6379379274,710463.6307018073,828416.3882787284,908651.9351612882,521060.1928424642,1273150.1568840332,1055187.2087305293
2025-04-09T09:30:00.000+0000,1167058.3287188234,710463.6307018073,827016.1066012369,909081.0543011203,521060.1928424642,1272705.7467168174,1055187.2087305293
2025-04-09T09:40:00.000+0000,1167796.8987197594,710463.6307018073,828540.7769543726,910141.7072693843,521060.1928424642,1272365.6403797292,1055187.2087305293
2025-04-09T09:50:00.000+0000,1168395.7123553033,710463.6307018073,830021.3990661064,908765.2873869041,521060.1928424642,1273991.6603422733,1055187.2087305293
2025-04-09T10:00:00.000+0000,1167643.8316214795,710463.6307018073,828308.2853806976,908433.3272976003,521060.1928424642,1274432.5655556973,1055187.2087305293
2025-04-09T10:10:00.000+0000,1168385.2853335994,710463.6307018073,830000.3151700632,907388.8675044242,521060.1928424642,1275744.7663345933,1055187.2087305293
2025-04-09T10:20:00.000+0000,1168536.5895932794,710463.6307018073,829064.2332117795,908449.5204726884,521060.1928424642,1275686.9345970254,1055187.2087305293
2025-04-09T10:30:00.000+0000,1168293.0630704793,710463.6307018073,826188.7201447177,909000.0884256803,521060.1928424642,1274685.0480479854,1055187.2087305293
2025-04-09T10:40:00.000+0000,1167779.5358611676,710463.6307018073,827564.6089320172,908247.1057840883,521060.1928424642,1274591.2590792333,1055187.2087305293
2025-04-09T10:50:00.000+0000,1167203.5135979273,710463.6307018073,830844.9418748906,905882.9022212403,521060.1928424642,1276346.1175484494,1055187.2087305293
2025-04-09T11:00:00.000+0000,1167896.1036922392,710463.6307018073,815228.5543116792,908724.8044491841,521060.1928424642,1272313.1289824813,1055187.2087305293
2025-04-09T11:10:00.000+0000,1170083.5156915756,710463.6307018073,816926.8654414264,912821.6777464482,521060.1928424642,1271983.5375067694,1055187.2087305293
2025-04-09T11:20:00.000+0000,1168647.7715564955,710463.6307018073,815947.9976089185,912279.2063810005,521060.1928424642,1270752.8583583534,1055187.2087305293
2025-04-09T11:30:00.000+0000,1167809.4279883194,710463.6307018073,810327.3825570494,911720.5418404642,521060.1928424642,1269772.0015320652,1055187.2087305293
2025-04-09T11:40:00.000+0000,1167792.1188167434,710463.6307018073,808905.7095700307,909777.3608299043,521060.1928424642,1271179.7437566093,1055187.2087305293
2025-04-09T11:50:00.000+0000,1168098.1578894635,710463.6307018073,812477.4178026674,910336.0253704404,521060.1928424642,1272465.6573820654,1055187.2087305293
2025-04-09T12:00:00.000+0000,1168375.0634976155,710463.6307018073,811408.0853080163,910667.9854597442,521060.1928424642,1272165.0132299534,1055187.2087305293
2025-04-09T12:10:00.000+0000,1168432.3213446634,710463.6307018073,814104.4419792378,910667.9854597442,521060.1928424642,1271764.4149851373,1055187.2087305293
2025-04-09T12:20:00.000+0000,1167966.0087034553,710463.6307018073,811062.4919578969,912295.3995560883,521060.1928424642,1269398.5981339533,1055187.2087305293
2025-04-09T12:30:00.000+0000,1169296.5186732714,710463.6307018073,808438.2734644226,914392.4157299842,521060.1928424642,1268550.9924613934,1055187.2087305293
2025-04-09T12:40:00.000+0000,1167645.1721182235,710463.6307018073,811544.7284192888,911671.9623152002,521060.1928424642,1269361.7961191372,1055187.2087305293
2025-04-09T12:50:00.000+0000,1166905.6407669834,710463.6307018073,818578.1733597347,910838.0137981682,521060.1928424642,1270202.3918841132,1055187.2087305293
2025-04-09T13:00:00.000+0000,1164800.7826716474,710463.6307018073,819032.3391479207,908004.2081577682,521060.1928424642,1270581.0527129134,1055187.2087305293
2025-04-09T13:10:00.000+0000,1164196.5094572632,710463.6307018073,818678.9228201807,907842.2764068884,521060.1928424642,1270150.6623608652,1055187.2087305293
2025-04-09T13:20:00.000+0000,1166316.0853988954,710463.6307018073,816561.0104447606,909429.2075655123,521060.1928424642,1271557.5598017774,1055187.2087305293
2025-04-09T13:30:00.000+0000,1165684.8841142154,710463.6307018073,819867.1398986897,905194.6922800002,521060.1928424642,1273521.0259312494,1055187.2087305293
2025-04-09T13:40:00.000+0000,1163639.2875916634,710463.6307018073,825880.2485253508,902150.3753634563,521060.1928424642,1274578.1469573292,1055187.2087305293
2025-04-09T13:50:00.000+0000,1164265.8054860553,710463.6307018073,828846.4835964595,903591.5679462883,521060.1928424642,1274806.0318634412,1055187.2087305293
2025-04-09T14:00:00.000+0000,1165046.1031381434,710463.6307018073,829039.5071346241,903656.3406466402,521060.1928424642,1274568.4768795853,1055187.2087305293
2025-04-09T14:10:00.000+0000,1166377.4805034874,710463.6307018073,827446.9971339109,906911.1688393283,521060.1928424642,1274216.1032042252,1055187.2087305293
2025-04-09T14:20:00.000+0000,1166065.4649058154,710463.6307018073,830597.509693461,905963.8680966804,521060.1928424642,1274209.0932966413,1055187.2087305293
2025-04-09T14:30:00.000+0000,1163940.5331822394,710463.6307018073,831489.9752200337,902522.8183904804,521060.1928424642,1276085.7803649453,1055187.2087305293
2025-04-09T14:40:00.000+0000,1164504.4841602393,710463.6307018073,828752.785248652,903405.3464327762,521060.1928424642,1275262.7093689293,1055187.2087305293
2025-04-09T14:50:00.000+0000,1166273.4623346473,710463.6307018073,824918.626047547,907162.1630531924,521060.1928424642,1273729.6335915052,1055187.2087305293
2025-04-09T15:00:00.000+0000,1164257.1125759515,710463.6307018073,826603.4983301322,906263.4418358083,521060.1928424642,1271988.7949374574,1055187.2087305293
2025-04-09T15:10:00.000+0000,1162036.8966907356,710463.6307018073,830070.58633074,903462.0225455842,521060.1928424642,1271554.8996316174,1055187.2087305293
2025-04-09T15:20:00.000+0000,1160345.6881008474,710463.6307018073,831997.6458603803,902595.6876783762,521060.1928424642,1270744.9407575054,1055187.2087305293
2025-04-09T15:30:00.000+0000,1160489.0285866472,710463.6307018073,829003.9123656505,902514.7218029364,521060.1928424642,1269413.4627327533,1055187.2087305293
2025-04-09T15:40:00.000+0000,1161760.7546812154,710463.6307018073,828494.8625096929,902433.7559274964,521060.1928424642,1269501.9942708174,1055187.2087305293
2025-04-09T15:50:00.000+0000,1161035.3919559992,710463.6307018073,829514.7190885085,901834.6084492403,521060.1928424642,1269510.7566552972,1055187.2087305293
2025-04-09T16:00:00.000+0000,1155922.4149924954,710463.6307018073,829646.9556836017,897608.1897512723,521060.1928424642,1269932.3846228654,1055187.2087305293
2025-04-09T16:10:00.000+0000,1155012.0865683113,710463.6307018073,833530.3769391077,896094.1278805442,521060.1928424642,1270297.0256364974,1055187.2087305293
2025-04-09T16:20:00.000+0000,1158597.8743413514,710463.6307018073,833228.8240589758,900531.0578546562,521060.1928424642,1269253.9244255852,1055187.2087305293
2025-04-09T16:30:00.000+0000,1157510.3360585594,710463.6307018073,833852.8392117784,899276.0867853363,521060.1928424642,1268646.4709974092,1055187.2087305293
2025-04-09T16:40:00.000+0000,1158234.3147818632,710463.6307018073,835995.8858111491,901243.5575585281,521060.1928424642,1268865.5935190413,1055187.2087305293
2025-04-09T16:50:00.000+0000,1158346.8828153354,710463.6307018073,838031.6499286188,900466.2851543042,521060.1928424642,1269749.1564227853,1055187.2087305293
2025-04-09T17:00:00.000+0000,1158073.2281843193,710463.6307018073,841882.721556823,899130.3482095442,521060.1928424642,1269150.4653790893,1055187.2087305293
2025-04-09T17:10:00.000+0000,1158580.4691766314,710463.6307018073,836285.0212617317,901365.0063716883,521060.1928424642,1268883.1182880013,1055187.2087305293
2025-04-09T17:20:00.000+0000,1154718.3162227513,710463.6307018073,853096.1615899254,889697.8237207844,521060.1928424642,1271955.4349668014,1055187.2087305293
2025-04-09T17:30:00.000+0000,1154145.5904801835,710463.6307018073,884824.3456862271,884872.2575445604,521060.1928424642,1280740.1792646253,1055187.2087305293
2025-04-09T17:40:00.000+0000,1149701.7021771912,710463.6307018073,887197.4250701201,877674.3912179442,521060.1928424642,1282941.2003779532,1055187.2087305293
2025-04-09T17:50:00.000+0000,1150362.5815803674,63135.150701807375,894678.4119438424,877584.2916203683,195900.2728424642,1285085.2345373454,1055187.2087305293
2025-04-09T18:00:00.000+0000,1151458.4889066394,709945.7679178073,901107.0936936443,874807.1620927762,520800.06490646413,1288964.8499200973,1055187.2087305293
2025-04-09T18:10:00.000+0000,1153716.5476433355,709945.7679178073,905271.5751866042,873641.2534864403,520800.06490646413,1294254.8676975532,1055187.2087305293
2025-04-09T18:20:00.000+0000,1157598.4640737753,709945.7679178073,913796.6986962871,878345.3708495041,520800.06490646413,1296355.9976278092,1055187.2087305293
2025-04-09T18:30:00.000+0000,1158310.6742294715,709945.7679178073,911909.2530078054,879397.9272302242,520800.06490646413,1296265.7136128494,1055187.2087305293
2025-04-09T18:40:00.000+0000,1156087.2656204794,709945.7679178073,903683.7989867041,877568.0984452802,520800.06490646413,1294397.7889290254,1055187.2087305293
2025-04-09T18:50:00.000+0000,1155588.1711857035,709945.7679178073,901461.6587774395,878879.7456274083,520800.06490646413,1292214.2925846572,1055187.2087305293
2025-04-09T19:00:00.000+0000,1154024.5838071033,709945.7679178073,902305.9354199655,878207.7288612562,520800.06490646413,1291450.8058031052,1055187.2087305293
2025-04-09T19:10:00.000+0000,1156916.1526799195,709945.7679178073,905811.4788651774,879041.6773782882,520800.06490646413,1294762.4299426572,1055187.2087305293
2025-04-09T19:20:00.000+0000,1159324.7192739274,709945.7679178073,909736.3453234341,881810.7103183363,520800.06490646413,1292305.4213832493,1055187.2087305293
2025-04-09T19:30:00.000+0000,1159771.9765316474,709945.7679178073,908450.1455594087,885081.7316861121,520800.06490646413,1289340.9134883692,1055187.2087305293
2025-04-09T19:40:00.000+0000,1158520.2931500713,709945.7679178073,907276.280759665,882328.8919211524,520800.06490646413,1291234.2805420014,1055187.2087305293
2025-04-09T19:50:00.000+0000,1155886.6270198713,709945.7679178073,907790.0059654305,879268.3818295201,520800.06490646413,1292190.6026917454,1055187.2087305293
2025-04-09T20:00:00.000+0000,1154629.5560717992,709945.7679178073,909419.4133990287,878434.4333124883,520800.06490646413,1290796.8802823692,1055187.2087305293
2025-04-09T20:10:00.000+0000,1153759.8371440074,709945.7679178073,910054.0572328888,878296.7913242402,520800.06490646413,1290097.3903623372,1055187.2087305293
2025-04-09T20:20:00.000+0000,1151221.7898275112,709945.7679178073,908287.218412838,877203.7520058003,520800.06490646413,1288360.0566620813,1055187.2087305293
2025-04-09T20:30:00.000+0000,1151154.9944465994,709945.7679178073,908625.6912263058,876167.3888001682,520800.06490646413,1287848.1446795533,1055187.2087305293
2025-04-09T20:40:00.000+0000,1151952.4514402235,709945.7679178073,911436.4953625472,876661.2806403523,520800.06490646413,1289785.3236555853,1055187.2087305293
2025-04-09T20:50:00.000+0000,1154625.6211622474,709945.7679178073,913807.2758482439,877195.6554182562,520800.06490646413,1291965.3150461614,1055187.2087305293
2025-04-09T21:00:00.000+0000,1155169.3690756394,709945.7679178073,916299.9757661404,876321.2239635042,520800.06490646413,1294876.3409408974,1055187.2087305293
2025-04-09T21:10:00.000+0000,1156391.2907856153,709945.7679178073,918712.5303310892,877479.0359822961,520800.06490646413,1295903.6698597453,1055187.2087305293
2025-04-09T21:20:00.000+0000,1156930.5429984475,709945.7679178073,917781.5621948501,878483.0128377522,520800.06490646413,1295170.8828786893,1055187.2087305293
2025-04-09T21:30:00.000+0000,1156353.2981040953,709945.7679178073,913806.8770290129,878078.1834605522,520800.06490646413,1295141.0907714572,1055187.2087305293
2025-04-09T21:40:00.000+0000,1154889.9062648874,709945.7679178073,915294.1972667072,877649.0643207203,520800.06490646413,1293268.7534405773,1055187.2087305293
2025-04-09T21:50:00.000+0000,1155779.5802458553,709945.7679178073,917066.9891229314,878078.1834605522,520800.06490646413,1293720.1735153773,1055187.2087305293
2025-04-09T22:00:00.000+0000,1155811.1292264634,709945.7679178073,918115.95868329,878814.9729270564,520800.06490646413,1293291.5356402253,1055187.2087305293
2025-04-09T22:10:00.000+0000,1156680.1971754555,709945.7679178073,920103.1016061644,879786.5634323361,520800.06490646413,1292678.8247813615,1055187.2087305293
2025-04-09T22:20:00.000+0000,1155982.1809455273,709945.7679178073,920452.5131613327,880377.6143230482,520800.06490646413,1291403.4260172814,1055187.2087305293
2025-04-09T22:30:00.000+0000,1156327.7805045194,709945.7679178073,919516.2272414718,881980.7386567602,520800.06490646413,1289113.8733658893,1055187.2087305293
2025-04-09T22:40:00.000+0000,1156530.0791660154,709945.7679178073,917337.2612356534,882150.7669951841,520800.06490646413,1289542.5112410411,1055187.2087305293
2025-04-09T22:50:00.000+0000,1155111.7391764713,709945.7679178073,916960.2922692834,880434.2904358563,520800.06490646413,1289622.2803946254,1055187.2087305293
2025-04-09T23:00:00.000+0000,1154767.0228103595,709945.7679178073,916168.2341894868,879762.2736697041,520800.06490646413,1290042.1558852973,1055187.2087305293
2025-04-09T23:10:00.000+0000,1155613.9814709434,709945.7679178073,913274.0405603413,880377.6143230482,520800.06490646413,1290529.5331912814,1055187.2087305293
2025-04-09T23:20:00.000+0000,1156516.8956812473,709945.7679178073,912268.5770043066,880839.1198130561,520800.06490646413,1291124.7192811854,1055187.2087305293
2025-04-09T23:30:00.000+0000,1156939.7473890393,709945.7679178073,913385.6451638725,881478.7502290324,520800.06490646413,1291239.5379726891,1055187.2087305293
2025-04-09T23:40:00.000+0000,1156537.7721566954,709945.7679178073,914300.0281576462,881737.8410304402,520800.06490646413,1290184.1694235052,1055187.2087305293
2025-04-09T23:50:00.000+0000,1156470.4061426555,709945.7679178073,913985.6971077311,882256.0226332562,520800.06490646413,1289585.4783798093,1055187.2087305293
2025-04-10T00:00:00.000+0000,1157011.8185459515,709945.7679178073,912420.6289844364,882830.8803488803,520800.06490646413,1288650.1859528173,1055187.2087305293
2025-04-10T00:10:00.000+0000,1157263.4049856553,709945.7679178073,910833.0599477073,884693.0954840003,520800.06490646413,1287254.7110665452,1055187.2087305293
2025-04-10T00:20:00.000+0000,1157149.1201467274,709945.7679178073,909757.5439216094,885859.0040903362,520800.06490646413,1284630.3095087532,1055187.2087305293
2025-04-10T00:30:00.000+0000,1157820.8723347113,709945.7679178073,905406.9508421621,888660.4233805604,520800.06490646413,1282498.5426876333,1055187.2087305293
2025-04-10T00:40:00.000+0000,1157746.4270985834,709945.7679178073,902161.3958023788,890441.6726402402,520800.06490646413,1281564.1579539054,1055187.2087305293
2025-04-10T00:50:00.000+0000,1157731.1525679915,709945.7679178073,902429.7805081639,889510.5650726801,520800.06490646413,1281813.9802760333,1055187.2087305293
2025-04-10T01:00:00.000+0000,1156075.8413572074,709945.7679178073,906218.4283942822,889121.9288705683,520800.06490646413,1280727.9119263534,1055187.2087305293
2025-04-10T01:10:00.000+0000,1156126.3843804155,709945.7679178073,905592.6024576774,889745.3661114562,520800.06490646413,1279853.1114070893,1055187.2087305293
2025-04-10T01:20:00.000+0000,1155189.4344904553,709945.7679178073,903895.8761148448,889559.1445979442,520800.06490646413,1278617.1748279852,1055187.2087305293
2025-04-10T01:30:00.000+0000,1155149.0638428314,709945.7679178073,900958.3268211267,889931.5876249683,520800.06490646413,1278526.8908130252,1055187.2087305293
2025-04-10T01:40:00.000+0000,1155518.8216197754,709945.7679178073,902940.2178698634,889461.9855474161,520800.06490646413,1279129.0868105132,1055187.2087305293
2025-04-10T01:50:00.000+0000,1155346.6181128793,709945.7679178073,903053.4986839155,889842.5251619841,520800.06490646413,1278874.0070576973,1055187.2087305293
2025-04-10T02:00:00.000+0000,1154495.0023809352,709945.7679178073,902208.743621071,889138.1220456562,520800.06490646413,1278509.3660440652,1055187.2087305293
2025-04-10T02:10:00.000+0000,1153443.8774041755,709945.7679178073,905520.0051406097,889308.1503840802,520800.06490646413,1276621.2564211213,1055187.2087305293
2025-04-10T02:20:00.000+0000,1153456.7114587112,709945.7679178073,905983.1437534813,887769.7987507202,520800.06490646413,1276348.6518993452,1055187.2087305293
2025-04-10T02:30:00.000+0000,1153193.0780143274,709945.7679178073,904359.108816341,887866.9578012482,520800.06490646413,1277818.6385085133,1055187.2087305293
2025-04-10T02:40:00.000+0000,1154261.2413794633,709945.7679178073,902692.0259053286,888757.5824310882,520800.06490646413,1278702.2014122573,1055187.2087305293
2025-04-10T02:50:00.000+0000,1157327.9620186794,709945.7679178073,901928.3022438292,889210.9913335523,520800.06490646413,1282959.6328401773,1055187.2087305293
2025-04-10T03:00:00.000+0000,1160568.5637216715,709945.7679178073,899553.4089459751,889907.297862336,520800.06490646413,1286668.3502707533,1055187.2087305293
2025-04-10T03:10:00.000+0000,1160913.6546678795,709945.7679178073,890721.113502884,890733.1497918242,520800.06490646413,1286209.0755047372,1055187.2087305293
2025-04-10T03:20:00.000+0000,1163697.8548244394,709945.7679178073,889731.8432277057,894117.5233852164,520800.06490646413,1285621.8070156812,1055187.2087305293
2025-04-10T03:30:00.000+0000,1164179.6261388075,709945.7679178073,888808.1025766946,894489.9664122402,520800.06490646413,1285628.8169232653,1055187.2087305293
2025-04-10T03:40:00.000+0000,1165245.7222490713,709945.7679178073,891431.7118504555,894983.8582524243,520800.06490646413,1287647.5175297773,1055187.2087305293
2025-04-10T03:50:00.000+0000,1164775.0141570393,709945.7679178073,891534.5741245743,893996.0745720563,520800.06490646413,1288077.9078818252,1055187.2087305293
2025-04-10T04:00:00.000+0000,1166888.5483459432,709945.7679178073,892644.4408138918,894724.7674510162,520800.06490646413,1290355.1931949453,1055187.2087305293
2025-04-10T04:10:00.000+0000,1167467.9484947114,709945.7679178073,892115.5911693029,895785.4204192802,520800.06490646413,1290413.9326257773,1055187.2087305293
2025-04-10T04:20:00.000+0000,1168703.4355836953,709945.7679178073,891323.1281264459,896352.1815473603,520800.06490646413,1290761.0488704494,1055187.2087305293
2025-04-10T04:30:00.000+0000,1171384.3625049915,709945.7679178073,890471.7003981862,898182.0103323042,520800.06490646413,1291432.4991601454,1055187.2087305293
2025-04-10T04:40:00.000+0000,1171198.8149718633,709945.7679178073,893624.0451509798,898594.9362970483,520800.06490646413,1292673.6931699372,1055187.2087305293
2025-04-10T04:50:00.000+0000,1169861.4316751114,709945.7679178073,895064.1009092387,898675.9021724882,520800.06490646413,1290105.3708728172,1055187.2087305293
2025-04-10T05:00:00.000+0000,1167660.4960733196,709945.7679178073,894736.2851617502,897178.0334768483,520800.06490646413,1288368.0371725613,1055187.2087305293
2025-04-10T05:10:00.000+0000,1167916.8269044715,709945.7679178073,896018.2493807138,898611.1294721361,520800.06490646413,1286786.7368256813,1055187.2087305293
2025-04-10T05:20:00.000+0000,1167149.2742881915,709945.7679178073,896568.2534185102,898959.2827365282,520800.06490646413,1285931.2135522733,1055187.2087305293
2025-04-10T05:30:00.000+0000,1167155.4412506714,709945.7679178073,896984.0321308129,898084.8512817762,520800.06490646413,1286526.3996421772,1055187.2087305293
2025-04-10T05:40:00.000+0000,1166725.3973612315,709945.7679178073,896360.3217086168,897048.4880761444,520800.06490646413,1287305.6587157934,1055187.2087305293
2025-04-10T05:50:00.000+0000,1166179.3756183595,709945.7679178073,895788.2429062466,897356.1584028163,520800.06490646413,1286602.6638419693,1055187.2087305293
2025-04-10T06:00:00.000+0000,1166942.6279076554,709945.7679178073,897127.27448596,897866.2434180882,520800.06490646413,1286083.7419518572,1055187.2087305293
2025-04-10T06:10:00.000+0000,1166492.0095809433,709945.7679178073,898914.2564408212,898246.7830326562,520800.06490646413,1285955.7482288172,1055187.2087305293
2025-04-10T06:20:00.000+0000,1166931.7326908074,709945.7679178073,897133.3642059993,898999.7656742482,520800.06490646413,1285698.9159991052,1055187.2087305293
2025-04-10T06:30:00.000+0000,1166042.2978983354,709945.7679178073,895430.8424551599,897720.5048422962,520800.06490646413,1284875.8450030894,1055187.2087305293
2025-04-10T06:40:00.000+0000,1165131.8751796475,709945.7679178073,894337.9766207357,899315.5325884642,520800.06490646413,1281730.7690782892,1055187.2087305293
2025-04-10T06:50:00.000+0000,1165132.4395178154,709945.7679178073,895421.2328217727,899218.3735379362,520800.06490646413,1281565.9733404333,1055187.2087305293
2025-04-10T07:00:00.000+0000,1165148.7781764234,709945.7679178073,895709.6582657539,899558.4302147843,520800.06490646413,1280896.2755276333,1055187.2087305293
2025-04-10T07:10:00.000+0000,1164928.2089930475,709945.7679178073,895061.3231255835,899161.6974251282,520800.06490646413,1282288.2454601133,1055187.2087305293
2025-04-10T07:20:00.000+0000,1166883.2888569033,709945.7679178073,893121.8464614697,900797.2081090163,520800.06490646413,1283326.0892403373,1055187.2087305293
2025-04-10T07:30:00.000+0000,1170794.9907498953,709945.7679178073,884477.0026861875,903744.3659750323,520800.06490646413,1282726.5534130093,1055187.2087305293
2025-04-10T07:40:00.000+0000,1169076.1838863036,709945.7679178073,885548.7642525606,904084.4226518802,520800.06490646413,1282488.9984291533,1055187.2087305293
2025-04-10T07:50:00.000+0000,1169910.0930948074,709945.7679178073,887385.9964474759,903833.4284380162,520800.06490646413,1283731.9449158413,1055187.2087305293
2025-04-10T08:00:00.000+0000,1169748.2524010234,709945.7679178073,886141.5307967615,903485.2751736243,520800.06490646413,1283987.0246686572,1055187.2087305293
2025-04-10T08:10:00.000+0000,1170789.6266346234,709945.7679178073,887107.5325146915,904699.7633052242,520800.06490646413,1284514.7089432494,1055187.2087305293
2025-04-10T08:20:00.000+0000,1172627.6072828553,709945.7679178073,886309.4766750371,904286.8373404802,520800.06490646413,1286581.6341192173,1055187.2087305293
2025-04-10T08:30:00.000+0000,1172455.1586322314,709945.7679178073,883825.9479182907,904456.8656789042,520800.06490646413,1285250.1560944654,1055187.2087305293
2025-04-10T08:40:00.000+0000,1172102.5338778952,709945.7679178073,884408.7564122472,904691.6667176802,520800.06490646413,1286296.7622591692,1055187.2087305293
2025-04-10T08:50:00.000+0000,1171875.5199744236,709945.7679178073,885585.4274162856,904821.2121183844,520800.06490646413,1286145.9863364813,1055187.2087305293
2025-04-10T09:00:00.000+0000,1171882.4578496795,709945.7679178073,884053.773782657,904424.4793287283,520800.06490646413,1285968.9232603533,1055187.2087305293
2025-04-10T09:10:00.000+0000,1170142.6776881593,709945.7679178073,884143.9615982573,901979.3098904402,520800.06490646413,1286572.8717347372,1055187.2087305293
2025-04-10T09:20:00.000+0000,1169823.1209682154,709945.7679178073,887803.0477040305,902554.1676060642,520800.06490646413,1285635.8268308493,1055187.2087305293
2025-04-10T09:30:00.000+0000,1170574.0084173034,709945.7679178073,888401.2993183783,903039.9628587044,520800.06490646413,1285286.9581092813,1055187.2087305293
2025-04-10T09:40:00.000+0000,1171027.4807090154,709945.7679178073,887966.1198781747,904772.6325931202,520800.06490646413,1284143.0580220334,1055187.2087305293
2025-04-10T09:50:00.000+0000,1170547.7282382795,709945.7679178073,889726.4069144886,904926.4677564562,520800.06490646413,1283896.7406536974,1055187.2087305293
2025-04-10T10:00:00.000+0000,1170612.4882987514,709945.7679178073,889657.1585217927,905193.6551454082,520800.06490646413,1283299.8020868972,1055187.2087305293
2025-04-10T10:10:00.000+0000,1170617.4718786953,709945.7679178073,887406.8237975492,904513.5417917122,520800.06490646413,1283691.6379472334,1055187.2087305293
2025-04-10T10:20:00.000+0000,1170721.6254391354,709945.7679178073,885900.0221755744,905671.3538105041,520800.06490646413,1282979.8806889292,1055187.2087305293
2025-04-10T10:30:00.000+0000,1168664.6585301755,709945.7679178073,886155.1189283829,906821.0692417521,520800.06490646413,1278189.5075557292,1055187.2087305293
2025-04-10T10:40:00.000+0000,1168562.2856440553,709945.7679178073,884133.7212821394,906804.8760666644,520800.06490646413,1278085.2037256013,1055187.2087305293
2025-04-10T10:50:00.000+0000,1168855.4106562953,709945.7679178073,885001.7872202564,907630.7279961522,520800.06490646413,1277911.6456032654,1055187.2087305293
2025-04-10T11:00:00.000+0000,1169227.1388656313,709945.7679178073,885330.2724896893,907412.1201324642,520800.06490646413,1278276.2866168972,1055187.2087305293
2025-04-10T11:10:00.000+0000,1168978.3899141194,709945.7679178073,881832.6029610466,907598.3416459763,520800.06490646413,1278071.1839104332,1055187.2087305293
2025-04-10T11:20:00.000+0000,1172476.3641442393,709945.7679178073,882963.0635986467,911185.1299279683,520800.06490646413,1279008.2288143213,1055187.2087305293
2025-04-10T11:30:00.000+0000,1174046.2205835753,709945.7679178073,883157.8783445394,911719.5047058722,520800.06490646413,1279456.1439353293,1055187.2087305293
2025-04-10T11:40:00.000+0000,1174554.4779721196,709945.7679178073,885748.0554395036,911565.6695425361,520800.06490646413,1281828.9706940972,1055187.2087305293
2025-04-10T11:50:00.000+0000,1173118.9015027992,709945.7679178073,884452.0134005161,911144.6469902481,520800.06490646413,1280084.6270862573,1055187.2087305293
2025-04-10T12:00:00.000+0000,1173673.3472210953,709945.7679178073,883185.9165817196,911492.8002546402,520800.06490646413,1279838.3097179213,1055187.2087305293
2025-04-10T12:10:00.000+0000,1176027.4933063674,709945.7679178073,884532.7167570115,912885.4133122081,520800.06490646413,1282064.7732010572,1055187.2087305293
2025-04-10T12:20:00.000+0000,1174963.7709355913,709945.7679178073,886191.3347753058,910521.2097493602,520800.06490646413,1281115.4609588974,1055187.2087305293
2025-04-10T12:30:00.000+0000,1172970.8618293593,709945.7679178073,890190.7559181557,907055.8702805282,520800.06490646413,1281513.3990335532,1055187.2087305293
2025-04-10T12:40:00.000+0000,1175080.9189021834,709945.7679178073,883311.4904469727,911897.6296318402,520800.06490646413,1280922.6255907053,1055187.2087305293
2025-04-10T12:50:00.000+0000,1175056.4036001274,709945.7679178073,880511.5684705115,913670.7823039761,520800.06490646413,1279171.2720752812,1055187.2087305293
2025-04-10T13:00:00.000+0000,1175301.7279535115,709945.7679178073,880012.8433252209,913759.8447669601,520800.06490646413,1279330.8103824493,1055187.2087305293
2025-04-10T13:10:00.000+0000,1174732.5479121115,709945.7679178073,879829.5237505676,914480.4410583763,520800.06490646413,1278599.7758782892,1055187.2087305293
2025-04-10T13:20:00.000+0000,1174195.2117651994,709945.7679178073,883114.4631736696,913889.3901676643,520800.06490646413,1278313.9963249774,1055187.2087305293
2025-04-10T13:30:00.000+0000,1175206.2365378074,709945.7679178073,872885.2824554553,914933.8499608402,520800.06490646413,1277391.8789295214,1055187.2087305293
2025-04-10T13:40:00.000+0000,1175794.7284573354,709945.7679178073,872247.6097470183,916779.8719208721,520800.06490646413,1276983.4259934893,1055187.2087305293
2025-04-10T13:50:00.000+0000,1173502.7279957593,709945.7679178073,874906.5654174257,914350.8956576721,520800.06490646413,1276612.6198559052,1055187.2087305293
2025-04-10T14:00:00.000+0000,1173679.7796909993,709945.7679178073,872898.1073073011,914124.1912064402,520800.06490646413,1276324.2430420653,1055187.2087305293
2025-04-10T14:10:00.000+0000,1173905.7445843513,709945.7679178073,872594.6989018237,915338.6793380402,520800.06490646413,1276232.2065502093,1055187.2087305293
2025-04-10T14:20:00.000+0000,1172643.9190629835,709945.7679178073,876955.3719684868,913703.1686541522,520800.06490646413,1276399.5995485934,1055187.2087305293
2025-04-10T14:30:00.000+0000,1170983.3229135354,709945.7679178073,880209.2161006918,910909.8459514722,520800.06490646413,1276567.9002402413,1055187.2087305293
2025-04-10T14:40:00.000+0000,1172581.9013668634,709945.7679178073,880717.6738716322,912537.2600478163,520800.06490646413,1277218.3208071853,1055187.2087305293
2025-04-10T14:50:00.000+0000,1172248.8185164875,709945.7679178073,876314.7761894627,911428.0275542883,520800.06490646413,1278438.4850942253,1055187.2087305293
2025-04-10T15:00:00.000+0000,1172465.8280498632,709945.7679178073,872694.758450459,911687.1183556963,520800.06490646413,1278575.2412017453,1055187.2087305293
2025-04-10T15:10:00.000+0000,1173449.6182675594,709945.7679178073,865348.6013106236,912561.5498104482,520800.06490646413,1277739.9028674574,1055187.2087305293
2025-04-10T15:20:00.000+0000,1174236.8418844396,709945.7679178073,861317.9181626451,915184.8441747043,520800.06490646413,1275877.2356143214,1055187.2087305293
2025-04-10T15:30:00.000+0000,1175548.0484593355,709945.7679178073,849215.821721954,917662.3999631683,520800.06490646413,1273640.3201794412,1055187.2087305293
2025-04-10T15:40:00.000+0000,1173907.6500987194,709945.7679178073,843696.6621217462,917937.6839396644,520800.06490646413,1272487.6577077133,1055187.2087305293
2025-04-10T15:50:00.000+0000,1172682.7159206474,709945.7679178073,845987.76020342,917330.4398738642,520800.06490646413,1271869.6894181613,1055187.2087305293
2025-04-10T16:00:00.000+0000,1173530.6292968474,709945.7679178073,842378.6587056662,918269.6440289682,520800.06490646413,1271177.2094057132,1055187.2087305293
2025-04-10T16:10:00.000+0000,1174959.1479569352,709945.7679178073,844051.3646853413,919216.9447716163,520800.06490646413,1272701.5227986574,1055187.2087305293
2025-04-10T16:20:00.000+0000,1174057.9986235993,709945.7679178073,840075.0164104346,918876.8880947682,520800.06490646413,1272130.0266016652,1055187.2087305293
2025-04-10T16:30:00.000+0000,1173173.4495694074,709945.7679178073,846309.3299352117,917103.7354226323,520800.06490646413,1272540.2320145932,1055187.2087305293
2025-04-10T16:40:00.000+0000,1174742.1549003674,709945.7679178073,846183.5052026778,919557.0014484642,520800.06490646413,1271695.2236025613,1055187.2087305293
2025-04-10T16:50:00.000+0000,1174780.9991800636,709945.7679178073,849066.6600991684,920326.1772651442,520800.06490646413,1271454.1636649133,1055187.2087305293
2025-04-10T17:00:00.000+0000,1174381.4019138236,709945.7679178073,844702.1152234892,920520.4953662003,520800.06490646413,1270002.6095179692,1055187.2087305293
2025-04-10T17:10:00.000+0000,1175324.1705050953,709945.7679178073,843335.527046367,921743.0800853443,520800.06490646413,1270236.6595480333,1055187.2087305293
2025-04-10T17:20:00.000+0000,1175084.1387442474,709945.7679178073,843439.6589225023,922407.0002639522,520800.06490646413,1269240.8752133134,1055187.2087305293
2025-04-10T17:30:00.000+0000,1175338.7281496555,709945.7679178073,847153.3037162158,922026.4606493842,520800.06490646413,1269438.9680121932,1055187.2087305293
2025-04-10T17:40:00.000+0000,1174929.1159917435,709945.7679178073,847968.3303982568,921710.6937351682,520800.06490646413,1269706.3151032813,1055187.2087305293
2025-04-10T17:50:00.000+0000,1175187.3530466955,709945.7679178073,850587.6315192075,922301.7446258802,520800.06490646413,1269525.7470733614,1055187.2087305293
2025-04-10T18:00:00.000+0000,1174417.0271508154,709945.7679178073,853018.357399622,921483.9892839363,520800.06490646413,1269509.9747812974,1055187.2087305293
2025-04-10T18:10:00.000+0000,1174028.5313363033,709945.7679178073,851846.8967476304,920042.7967011041,520800.06490646413,1269166.3634904174,1055187.2087305293
2025-04-10T18:20:00.000+0000,1176023.3690983753,709945.7679178073,855496.054019732,920771.4895800641,520800.06490646413,1271790.7650482093,1055187.2087305293
2025-04-10T18:30:00.000+0000,1175860.9956611274,709945.7679178073,856038.7442908081,922075.0401746482,520800.06490646413,1270492.5840844812,1055187.2087305293
2025-04-10T18:40:00.000+0000,1177673.0061621114,709945.7679178073,855299.9174003645,922884.6989290481,520800.06490646413,1272143.1387235695,1055187.2087305293
2025-04-10T18:50:00.000+0000,1178507.9416089673,709945.7679178073,854747.4159578427,923330.0112439682,520800.06490646413,1272710.2851831373,1055187.2087305293
2025-04-10T19:00:00.000+0000,1179839.8576730075,709945.7679178073,857233.466265209,924301.6017492483,520800.06490646413,1274378.3645911852,1055187.2087305293
2025-04-10T19:10:00.000+0000,1181098.8604843514,709945.7679178073,856083.7697269963,924317.7949243363,520800.06490646413,1275232.1353876973,1055187.2087305293
2025-04-10T19:20:00.000+0000,1179246.4793357435,709945.7679178073,854169.7052243856,923880.5791969602,520800.06490646413,1274114.5224538893,1055187.2087305293
2025-04-10T19:30:00.000+0000,1180397.6486629434,709945.7679178073,855311.8883090455,923313.8180688801,520800.06490646413,1275058.5772653613,1055187.2087305293
2025-04-10T19:40:00.000+0000,1179008.1327856474,709945.7679178073,854659.63042091,921977.8811241202,520800.06490646413,1276113.9458145453,1055187.2087305293
2025-04-10T19:50:00.000+0000,1178766.6310617113,709945.7679178073,857077.2682766799,921152.0291946322,520800.06490646413,1276388.3028132173,1055187.2087305293
2025-04-10T20:00:00.000+0000,1181666.0595717833,709945.7679178073,858798.7742470589,922989.9545671203,520800.06490646413,1278660.3306956494,1055187.2087305293
2025-04-10T20:10:00.000+0000,1182468.8256347515,709945.7679178073,859437.9101005155,923872.4826094164,520800.06490646413,1279085.4636170093,1055187.2087305293
2025-04-10T20:20:00.000+0000,1181440.8905512234,709945.7679178073,858014.9433834444,924342.0846869682,520800.06490646413,1276639.8776122413,1055187.2087305293
2025-04-10T20:30:00.000+0000,1182357.1151546873,709945.7679178073,859063.0046364546,924431.1471499522,520800.06490646413,1278118.6266058893,1055187.2087305293
2025-04-10T20:40:00.000+0000,1184580.6436976553,709945.7679178073,862066.366821929,925135.5502662802,520800.06490646413,1280486.1959339692,1055187.2087305293
2025-04-10T20:50:00.000+0000,1185200.6915722073,709945.7679178073,863697.7042755643,925548.4762310241,520800.06490646413,1280238.1260887373,1055187.2087305293
2025-04-10T21:00:00.000+0000,1185959.0973717994,709945.7679178073,863694.6809903826,925945.2090206802,520800.06490646413,1281610.8187753614,1055187.2087305293
2025-04-10T21:10:00.000+0000,1185760.1208704475,709945.7679178073,861891.6791314422,926220.4929971762,520800.06490646413,1280913.0813322254,1055187.2087305293
2025-04-10T21:20:00.000+0000,1183436.7377351115,709945.7679178073,859873.1535989781,925346.0615424241,520800.06490646413,1278747.1097568173,1055187.2087305293
2025-04-10T21:30:00.000+0000,1184598.6595734153,709945.7679178073,861970.5853957382,926236.6861722642,520800.06490646413,1278934.6876943214,1055187.2087305293
2025-04-10T21:40:00.000+0000,1183727.0182847434,709945.7679178073,861194.8881605398,926439.1008608642,520800.06490646413,1277709.2659765934,1055187.2087305293
2025-04-10T21:50:00.000+0000,1182860.8754837594,709945.7679178073,860967.0596311553,926374.3281605123,520800.06490646413,1276289.2564137774,1055187.2087305293
2025-04-10T22:00:00.000+0000,1182260.8142570874,709945.7679178073,860592.93117419,926957.2824636804,520800.06490646413,1274897.2864812973,1055187.2087305293
2025-04-10T22:10:00.000+0000,1182247.8843992555,709945.7679178073,863038.5049062434,926358.1349854243,520800.06490646413,1275343.4491254094,1055187.2087305293
2025-04-10T22:20:00.000+0000,1181138.4598794712,709945.7679178073,863219.4787662909,925524.1864683921,520800.06490646413,1274201.3015150572,1055187.2087305293
2025-04-10T22:30:00.000+0000,1177630.3073185354,709945.7679178073,864188.2684449507,923070.9204425602,520800.06490646413,1272641.0308909293,1055187.2087305293
2025-04-10T22:40:00.000+0000,1175966.5882694074,709945.7679178073,863916.4246467653,922261.2616881601,520800.06490646413,1270910.7070982573,1055187.2087305293
2025-04-10T22:50:00.000+0000,1176239.6231765994,709945.7679178073,862495.9489133732,922738.9603532562,520800.06490646413,1270908.9546213613,1055187.2087305293
2025-04-10T23:00:00.000+0000,1177140.6535951432,709945.7679178073,861485.5768115214,923127.5965553682,520800.06490646413,1271762.7254178734,1055187.2087305293
2025-04-10T23:10:00.000+0000,1176785.1843781993,709945.7679178073,861076.9773283745,921856.4323109603,520800.06490646413,1272016.0526937933,1055187.2087305293
2025-04-10T23:20:00.000+0000,1175842.5192440953,709945.7679178073,859282.1656619117,920415.2397281283,520800.06490646413,1272722.5525214092,1055187.2087305293
2025-04-10T23:30:00.000+0000,1173670.2081543594,709945.7679178073,859684.1587020624,918059.1327528242,520800.06490646413,1272740.0772903692,1055187.2087305293
2025-04-10T23:40:00.000+0000,1173690.6079514553,709945.7679178073,862327.5811788407,917783.8487763281,520800.06490646413,1272918.8928433934,1055187.2087305293
2025-04-10T23:50:00.000+0000,1174006.1908529995,709945.7679178073,862061.9895223227,917694.7863133443,520800.06490646413,1273087.1935350413,1055187.2087305293
2025-04-11T00:00:00.000+0000,1176653.1999902474,709945.7679178073,860350.2840275983,919759.4161370643,520800.06490646413,1273257.2467035854,1055187.2087305293
2025-04-11T00:10:00.000+0000,1178876.8870363114,709945.7679178073,861789.708065693,919816.0922498724,520800.06490646413,1277955.5833449294,1055187.2087305293
2025-04-11T00:20:00.000+0000,1181170.9066812473,709945.7679178073,861689.5198461062,923443.3634695843,520800.06490646413,1277264.8558093773,1055187.2087305293
2025-04-11T00:30:00.000+0000,1181669.5648553115,709945.7679178073,860403.0764496386,924900.7492275042,520800.06490646413,1276485.5967357613,1055187.2087305293
2025-04-11T00:40:00.000+0000,1183410.1232437515,709945.7679178073,859970.518273792,924552.5959631122,520800.06490646413,1279255.5167855532,1055187.2087305293
2025-04-11T00:50:00.000+0000,1181291.5900172794,709945.7679178073,856133.2550954078,923143.7897304562,520800.06490646413,1277748.7281615692,1055187.2087305293
2025-04-11T01:00:00.000+0000,1180265.1167533593,709945.7679178073,856662.2982472825,921597.3415095522,520800.06490646413,1277497.1533625452,1055187.2087305293
2025-04-11T01:10:00.000+0000,1180522.4313668555,709945.7679178073,859955.3849904033,921062.9667316482,520800.06490646413,1278327.2342661454,1055187.2087305293
2025-04-11T01:20:00.000+0000,1180428.4182475675,709945.7679178073,862782.7922711757,921095.3530818243,520800.06490646413,1277992.3853597452,1055187.2087305293
2025-04-11T01:30:00.000+0000,1180030.7977086795,709945.7679178073,864690.3031209651,919735.1263744322,520800.06490646413,1278943.4500788013,1055187.2087305293
2025-04-11T01:40:00.000+0000,1181042.9992291355,709945.7679178073,865015.5107412654,922212.6821628961,520800.06490646413,1278408.7558966253,1055187.2087305293
2025-04-11T01:50:00.000+0000,1182750.3939297674,709945.7679178073,868769.2917242069,922657.9944778163,520800.06490646413,1280028.6107352173,1055187.2087305293
2025-04-11T02:00:00.000+0000,1181276.0759584634,709945.7679178073,868619.9387225783,922139.8128750003,520800.06490646413,1279053.0113396172,1055187.2087305293
2025-04-11T02:10:00.000+0000,1180690.0090573675,709945.7679178073,869068.4814242427,922156.0060500882,520800.06490646413,1277928.3884982252,1055187.2087305293
2025-04-11T02:20:00.000+0000,1181511.4331519594,709945.7679178073,870892.3607941302,921751.1766728882,520800.06490646413,1279415.8998763533,1055187.2087305293
2025-04-11T02:30:00.000+0000,1182246.8005869994,709945.7679178073,873430.2003137711,922536.5456646564,520800.06490646413,1279775.2834592974,1055187.2087305293
2025-04-11T02:40:00.000+0000,1182703.5865556474,709945.7679178073,872458.2257420942,922010.2674742963,520800.06490646413,1281468.8052371533,1055187.2087305293
2025-04-11T02:50:00.000+0000,1180576.7963400553,709945.7679178073,870408.0273391113,921540.6653967442,520800.06490646413,1278870.6908328014,1055187.2087305293
2025-04-11T03:00:00.000+0000,1181081.9150315674,709945.7679178073,871850.4735892373,921945.4947739444,520800.06490646413,1279051.2588627213,1055187.2087305293
2025-04-11T03:10:00.000+0000,1181317.7657199514,709945.7679178073,873362.7943092517,922261.2616881601,520800.06490646413,1278440.3004807532,1055187.2087305293
2025-04-11T03:20:00.000+0000,1182318.3242222792,709945.7679178073,874863.3226394766,923192.3692557203,520800.06490646413,1279231.8268926414,1055187.2087305293
2025-04-11T03:30:00.000+0000,1181405.7156736553,709945.7679178073,874562.5789252489,922852.3125788723,520800.06490646413,1278424.5281886894,1055187.2087305293
2025-04-11T03:40:00.000+0000,1180879.0681689833,709945.7679178073,875847.3707579484,922188.3924002643,520800.06490646413,1277742.5630376174,1055187.2087305293
2025-04-11T03:50:00.000+0000,1181064.5434999194,709945.7679178073,876070.1961341747,923054.7272674722,520800.06490646413,1277469.9585158413,1055187.2087305293
2025-04-11T04:00:00.000+0000,1181034.5675998395,709945.7679178073,876814.9704178204,923799.6133215202,520800.06490646413,1276426.8573049293,1055187.2087305293
2025-04-11T04:10:00.000+0000,1180071.1059962315,709945.7679178073,878434.996567003,922407.0002639522,520800.06490646413,1276161.2626907374,1055187.2087305293
2025-04-11T04:20:00.000+0000,1179670.4663545594,709945.7679178073,878555.6104287733,922917.0852792242,520800.06490646413,1274942.8508805933,1055187.2087305293
2025-04-11T04:30:00.000+0000,1179274.7296074312,709945.7679178073,877062.1176504993,921581.1483344642,520800.06490646413,1276508.3789354092,1055187.2087305293
2025-04-11T04:40:00.000+0000,1178943.5466858954,709945.7679178073,876899.9907895501,921014.3872063842,520800.06490646413,1277006.2711027693,1055187.2087305293
2025-04-11T04:50:00.000+0000,1179593.1184024634,709945.7679178073,877035.8826672066,922479.8695518482,520800.06490646413,1276145.4903986733,1055187.2087305293
2025-04-11T05:00:00.000+0000,1179326.3855096234,709945.7679178073,874717.3995315342,922487.9661393922,520800.06490646413,1275885.1532151694,1055187.2087305293
2025-04-11T05:10:00.000+0000,1180080.4597272556,709945.7679178073,875444.7706622446,922261.2616881601,520800.06490646413,1277015.0334872494,1055187.2087305293
2025-04-11T05:20:00.000+0000,1179019.3050806555,709945.7679178073,875241.7255164344,920528.5919537442,520800.06490646413,1277532.2029004653,1055187.2087305293
2025-04-11T05:30:00.000+0000,1177671.0496785515,709945.7679178073,876991.8722454435,919103.5925460001,520800.06490646413,1277370.9121164014,1055187.2087305293
2025-04-11T05:40:00.000+0000,1178472.8221170555,709945.7679178073,877392.9331095682,920277.5977398802,520800.06490646413,1277284.1330552334,1055187.2087305293
2025-04-11T05:50:00.000+0000,1177302.3883037835,709945.7679178073,877474.7026430783,919281.7174719681,520800.06490646413,1276787.9933647693,1055187.2087305293
2025-04-11T06:00:00.000+0000,1176817.1050711994,709945.7679178073,881074.8023767906,918472.0587175682,520800.06490646413,1276534.6660888493,1055187.2087305293
2025-04-11T06:10:00.000+0000,1177355.6084635674,709945.7679178073,883705.6275904779,918123.9054531762,520800.06490646413,1278027.4348976654,1055187.2087305293
2025-04-11T06:20:00.000+0000,1179239.1327577112,709945.7679178073,883453.0183603961,918261.5474414242,520800.06490646413,1280823.6421008974,1055187.2087305293
2025-04-11T06:30:00.000+0000,1181083.5501324392,709945.7679178073,883380.1088006659,919395.0696975843,520800.06490646413,1282156.8726025454,1055187.2087305293
2025-04-11T06:40:00.000+0000,1179960.5598939192,709945.7679178073,884600.479316314,918731.1495189761,520800.06490646413,1281315.3691443054,1055187.2087305293
2025-04-11T06:50:00.000+0000,1178852.1454754074,709945.7679178073,883425.1982772541,917670.4965507123,520800.06490646413,1280341.5222256014,1055187.2087305293
2025-04-11T07:00:00.000+0000,1178980.0918363673,709945.7679178073,881216.6097481988,917759.5590136962,520800.06490646413,1281193.5405452172,1055187.2087305293
2025-04-11T07:10:00.000+0000,1179544.1620688874,709945.7679178073,881779.5919019692,918731.1495189761,520800.06490646413,1280231.9609647852,1055187.2087305293
2025-04-11T07:20:00.000+0000,1178373.2996487755,709945.7679178073,880419.5378194528,917921.4907645761,520800.06490646413,1279975.1287350734,1055187.2087305293
2025-04-11T07:30:00.000+0000,1178951.2291549994,709945.7679178073,880951.4949022732,918269.6440289682,520800.06490646413,1280155.6967649932,1055187.2087305293
2025-04-11T07:40:00.000+0000,1178480.8616702633,709945.7679178073,884261.7424805376,918496.3484802002,520800.06490646413,1279390.4575065454,1055187.2087305293
2025-04-11T07:50:00.000+0000,1178259.7050372234,709945.7679178073,883317.0562270752,918221.0645037043,520800.06490646413,1278784.7565552653,1055187.2087305293
2025-04-11T08:00:00.000+0000,1177334.7853354076,709945.7679178073,878573.4670780574,917071.3490724564,520800.06490646413,1277908.2035591053,1055187.2087305293
2025-04-11T08:10:00.000+0000,1178742.4373621675,709945.7679178073,882874.654685257,919216.9447716163,520800.06490646413,1278418.3630647373,1055187.2087305293
2025-04-11T08:20:00.000+0000,1180811.0722492714,709945.7679178073,882429.2078943815,921807.8527856963,520800.06490646413,1278767.2317863053,1055187.2087305293
2025-04-11T08:30:00.000+0000,1180811.3812618635,709945.7679178073,882720.6402847818,921605.4380970963,520800.06490646413,1279071.3808922092,1055187.2087305293
2025-04-11T08:40:00.000+0000,1181384.5502395593,709945.7679178073,885008.1929389865,921686.4039725362,520800.06490646413,1279581.5403978413,1055187.2087305293
2025-04-11T08:50:00.000+0000,1181861.2902421993,709945.7679178073,885198.0948643174,921378.7336458643,520800.06490646413,1280539.6150244814,1055187.2087305293
2025-04-11T09:00:00.000+0000,1181137.6850798074,709945.7679178073,884971.0200099268,920949.6145060321,520800.06490646413,1279491.2563828812,1055187.2087305293
2025-04-11T09:10:00.000+0000,1180982.3371776314,709945.7679178073,884483.232828262,921006.2906188403,520800.06490646413,1280082.9375189934,1055187.2087305293
2025-04-11T09:20:00.000+0000,1180621.9008575515,709945.7679178073,886466.3422807081,919775.6093121523,520800.06490646413,1280603.6118860012,1055187.2087305293
2025-04-11T09:30:00.000+0000,1180554.5022296235,709945.7679178073,890807.8081267558,919743.2229619762,520800.06490646413,1280621.1366549614,1055187.2087305293
2025-04-11T09:40:00.000+0000,1181673.2636638954,709945.7679178073,891875.6890216884,919597.4843861843,520800.06490646413,1282296.2259705933,1055187.2087305293
2025-04-11T09:50:00.000+0000,1183230.6521455834,709945.7679178073,892342.8634927893,920917.2281558563,520800.06490646413,1283332.3172739213,1055187.2087305293
2025-04-11T10:00:00.000+0000,1182389.5184812713,709945.7679178073,891607.1182849562,920480.0124284802,520800.06490646413,1282981.6960754574,1055187.2087305293
2025-04-11T10:10:00.000+0000,1187251.9984328314,709945.7679178073,891871.43308676,926398.6179231443,520800.06490646413,1281848.3108495853,1055187.2087305293
2025-04-11T10:20:00.000+0000,1182741.2523888554,709945.7679178073,895809.9112680983,922293.6480383361,520800.06490646413,1281268.8970517453,1055187.2087305293
2025-04-11T10:30:00.000+0000,1181427.2557178235,709945.7679178073,896776.6958775949,920196.6318644403,520800.06490646413,1281206.6526671213,1055187.2087305293
2025-04-11T10:40:00.000+0000,1184477.5907959836,709945.7679178073,894838.9608147698,924212.5392862642,520800.06490646413,1281530.9867121452,1055187.2087305293
2025-04-11T10:50:00.000+0000,1185075.5069500874,709945.7679178073,895038.9842851246,925103.1639161042,520800.06490646413,1281268.8970517453,1055187.2087305293
2025-04-11T11:00:00.000+0000,1185512.4406432714,709945.7679178073,896433.3952282663,925022.1980406644,520800.06490646413,1281807.0961877133,1055187.2087305293
2025-04-11T11:10:00.000+0000,1187448.7814503754,709945.7679178073,894805.0215535158,926601.0326117442,520800.06490646413,1281664.2378658731,1055187.2087305293
2025-04-11T11:20:00.000+0000,1187495.2811708155,709945.7679178073,893032.6178207314,927524.0435917601,520800.06490646413,1281195.2930221134,1055187.2087305293
2025-04-11T11:30:00.000+0000,1187633.0582808794,709945.7679178073,891356.0802037625,927434.9811287762,520800.06490646413,1282495.2264627372,1055187.2087305293
2025-04-11T11:40:00.000+0000,1188032.1560969993,709945.7679178073,892093.4343265462,927556.4299419362,520800.06490646413,1282590.7679083853,1055187.2087305293
2025-04-11T11:50:00.000+0000,1187518.8373108155,709945.7679178073,890029.5831792491,929491.5143649522,520800.06490646413,1277536.5526378893,1055187.2087305293
2025-04-11T12:00:00.000+0000,1187355.4070596953,709945.7679178073,890393.6997405025,929896.3437421522,520800.06490646413,1277460.2884380973,1055187.2087305293
2025-04-11T12:10:00.000+0000,1187543.7426505913,709945.7679178073,890461.5493236549,931013.6728232242,520800.06490646413,1277993.2301433773,1055187.2087305293
2025-04-11T12:20:00.000+0000,1186499.1974457994,709945.7679178073,891998.615106747,930430.7185200562,520800.06490646413,1276879.1221633614,1055187.2087305293
2025-04-11T12:30:00.000+0000,1186455.8693760075,709945.7679178073,894610.3821249201,928827.5941863442,520800.06490646413,1278734.7795089132,1055187.2087305293
2025-04-11T12:40:00.000+0000,1186473.5278279353,709945.7679178073,891877.5431966658,928932.8498244163,520800.06490646413,1278010.7549123373,1055187.2087305293
2025-04-11T12:50:00.000+0000,1187125.3091653914,709945.7679178073,889415.8458314098,930471.2014577762,520800.06490646413,1277745.1602981454,1055187.2087305293
2025-04-11T13:00:00.000+0000,1187009.3382863754,709945.7679178073,889849.7055265821,929272.9065012641,520800.06490646413,1278271.0920958412,1055187.2087305293
2025-04-11T13:10:00.000+0000,1186343.8495436234,709945.7679178073,889796.7619688567,929426.7416646003,520800.06490646413,1277743.4078212492,1055187.2087305293
2025-04-11T13:20:00.000+0000,1183703.4201783433,709945.7679178073,891286.3574418518,925710.4079819042,520800.06490646413,1278276.3495265292,1055187.2087305293
2025-04-11T13:30:00.000+0000,1183437.6805702397,709945.7679178073,892431.3601094745,925070.7775659282,520800.06490646413,1277486.5755915374,1055187.2087305293
2025-04-11T13:40:00.000+0000,1185114.7808558075,709945.7679178073,901899.2639270421,925281.2888420722,520800.06490646413,1280402.8589169614,1055187.2087305293
2025-04-11T13:50:00.000+0000,1186295.0770128875,709945.7679178073,901036.2322277409,926625.3223743762,520800.06490646413,1280227.5483177293,1055187.2087305293
2025-04-11T14:00:00.000+0000,1185381.0943044713,709945.7679178073,896216.1189804453,927386.4016035122,520800.06490646413,1278462.1749871373,1055187.2087305293
2025-04-11T14:10:00.000+0000,1184042.7345395193,709945.7679178073,896519.3113781862,927669.7821675523,520800.06490646413,1276576.7255343534,1055187.2087305293
2025-04-11T14:20:00.000+0000,1183192.6059269274,709945.7679178073,887268.3509522697,927936.9695565042,520800.06490646413,1273038.9689655853,1055187.2087305293
2025-04-11T14:30:00.000+0000,1183153.7055821195,709945.7679178073,891731.5885200667,928868.0771240643,520800.06490646413,1272884.6880891053,1055187.2087305293
2025-04-11T14:40:00.000+0000,1184875.1829475993,709945.7679178073,893686.675814737,928689.9521980963,520800.06490646413,1275914.9453224014,1055187.2087305293
2025-04-11T14:50:00.000+0000,1185384.6174237195,709945.7679178073,893962.7915915374,928924.7532368721,520800.06490646413,1276531.1611350572,1055187.2087305293
2025-04-11T15:00:00.000+0000,1185555.0251383996,709945.7679178073,892490.7110492326,928463.2477468643,520800.06490646413,1277829.3420987853,1055187.2087305293
2025-04-11T15:10:00.000+0000,1185141.9007225432,709945.7679178073,891741.4398810936,928026.0320194883,520800.06490646413,1277617.2294847374,1055187.2087305293
2025-04-11T15:20:00.000+0000,1185971.8133408793,709945.7679178073,892311.2139543728,928981.4293496802,520800.06490646413,1277625.9918692173,1055187.2087305293
2025-04-11T15:30:00.000+0000,1186442.1867808474,709945.7679178073,896398.0089549732,927491.6572415843,520800.06490646413,1280078.5877815692,1055187.2087305293
2025-04-11T15:40:00.000+0000,1187207.3940449115,709945.7679178073,898849.7678103407,927694.0719301843,520800.06490646413,1281424.0856214892,1055187.2087305293
2025-04-11T15:50:00.000+0000,1184213.6104493435,709945.7679178073,899024.8891617442,925240.8059043521,520800.06490646413,1280028.6107352173,1055187.2087305293
2025-04-11T16:00:00.000+0000,1184014.7363859753,709945.7679178073,896030.9889349244,925929.0158455921,520800.06490646413,1278847.0009398893,1055187.2087305293
2025-04-11T16:10:00.000+0000,1184346.5548286873,709945.7679178073,894741.9733439637,925645.6352815523,520800.06490646413,1278692.7200634093,1055187.2087305293
2025-04-11T16:20:00.000+0000,1184089.3980388315,709945.7679178073,893205.8137397771,925653.7318690964,520800.06490646413,1278783.0040783694,1055187.2087305293
2025-04-11T16:30:00.000+0000,1185113.7012701675,709945.7679178073,897172.4998147627,924908.8458150482,520800.06490646413,1281235.5999907213,1055187.2087305293
2025-04-11T16:40:00.000+0000,1186114.8788168635,709945.7679178073,900144.8752497835,925167.9366164563,520800.06490646413,1282221.7142476975,1055187.2087305293
2025-04-11T16:50:00.000+0000,1184522.6739006233,709945.7679178073,900430.1452766787,923427.1702944963,520800.06490646413,1281364.4384973934,1055187.2087305293
2025-04-11T17:00:00.000+0000,1185226.4040157832,709945.7679178073,899806.3622288757,925111.2605036481,520800.06490646413,1281220.6724822894,1055187.2087305293
2025-04-11T17:10:00.000+0000,1182947.2302945992,709945.7679178073,900809.2005230257,922269.3582757041,520800.06490646413,1280508.9152239852,1055187.2087305293
2025-04-11T17:20:00.000+0000,1182769.8695867674,709945.7679178073,901408.2020384803,922957.5682169441,520800.06490646413,1279890.9469344332,1055187.2087305293
2025-04-11T17:30:00.000+0000,1182714.0241289034,709945.7679178073,901171.8547173345,920901.0349807683,520800.06490646413,1279635.8671816173,1055187.2087305293
2025-04-11T17:40:00.000+0000,1182902.5504970553,709945.7679178073,910026.8129231951,921192.5121323522,520800.06490646413,1282125.2651087854,1055187.2087305293
2025-04-11T17:50:00.000+0000,1184478.6226498394,709945.7679178073,910468.8670855891,923030.4375048402,520800.06490646413,1282446.0942000174,1055187.2087305293
2025-04-11T18:00:00.000+0000,1184463.4126675674,709945.7679178073,910172.2876054668,922714.6705906242,520800.06490646413,1282973.7784746094,1055187.2087305293
2025-04-11T18:10:00.000+0000,1183365.1775990552,709945.7679178073,906626.1995112969,920431.4329032162,520800.06490646413,1283898.5560402253,1055187.2087305293
2025-04-11T18:20:00.000+0000,1183525.4606699352,709945.7679178073,905518.3928276188,920431.4329032162,520800.06490646413,1284591.0360526734,1055187.2087305293
2025-04-11T18:30:00.000+0000,1183516.8778516874,709945.7679178073,907454.692906705,920795.7793426963,520800.06490646413,1284082.6290239373,1055187.2087305293
2025-04-11T18:40:00.000+0000,1183098.6443064073,709945.7679178073,906084.4974258739,922164.1026376323,520800.06490646413,1282060.4234636333,1055187.2087305293
2025-04-11T18:50:00.000+0000,1183128.8913294154,709945.7679178073,902966.9327224721,922099.3299372803,520800.06490646413,1281772.0466497934,1055187.2087305293
2025-04-11T19:00:00.000+0000,1182482.7933016713,709945.7679178073,903803.6002488119,921621.6312721842,520800.06490646413,1281327.6364825773,1055187.2087305293
2025-04-11T19:10:00.000+0000,1183641.8699979114,709945.7679178073,906617.8219553633,923240.9487809843,520800.06490646413,1281572.2013740174,1055187.2087305293
2025-04-11T19:20:00.000+0000,1184694.0363309192,709945.7679178073,906213.9428586436,924002.0280101201,520800.06490646413,1281225.0851293453,1055187.2087305293
2025-04-11T19:30:00.000+0000,1186837.9294832074,709945.7679178073,904827.7660714472,927183.9869149122,520800.06490646413,1281559.9340357452,1055187.2087305293
2025-04-11T19:40:00.000+0000,1187892.0823856874,709945.7679178073,905649.8561716442,928074.6115447521,520800.06490646413,1282021.8689719213,1055187.2087305293
2025-04-11T19:50:00.000+0000,1188322.2844384955,709945.7679178073,905842.1922572345,928228.4467080883,520800.06490646413,1282361.9753090094,1055187.2087305293
2025-04-11T20:00:00.000+0000,1187402.6506945274,709945.7679178073,905798.2279273826,928204.1569454563,520800.06490646413,1280879.7213615694,1055187.2087305293
2025-04-11T20:10:00.000+0000,1187605.8391835915,709945.7679178073,906049.5890006064,928382.2818714243,520800.06490646413,1281065.5468221772,1055187.2087305293
2025-04-11T20:20:00.000+0000,1188152.8703482794,709945.7679178073,907154.7465537223,928795.2078361681,520800.06490646413,1281522.2243276653,1055187.2087305293
2025-04-11T20:30:00.000+0000,1188222.8034070395,709945.7679178073,908793.7743522164,929038.1054624881,520800.06490646413,1280838.5066996973,1055187.2087305293
2025-04-11T20:40:00.000+0000,1186597.0941956954,709945.7679178073,909363.4358696656,927337.8220782483,520800.06490646413,1281017.3222527213,1055187.2087305293
2025-04-11T20:50:00.000+0000,1186800.6246509673,709945.7679178073,908849.1625602099,927588.8162921122,520800.06490646413,1280411.6213014412,1055187.2087305293
2025-04-11T21:00:00.000+0000,1187860.7372618634,709945.7679178073,910483.6570406575,928868.0771240643,520800.06490646413,1280887.5760527854,1055187.2087305293
2025-04-11T21:10:00.000+0000,1187764.5467958474,709945.7679178073,912202.7500187189,928649.4692603762,520800.06490646413,1280898.0909141614,1055187.2087305293
2025-04-11T21:20:00.000+0000,1187546.0511623034,709945.7679178073,911277.7429494262,927240.6630277203,520800.06490646413,1282043.7434783054,1055187.2087305293
2025-04-11T21:30:00.000+0000,1188088.2285231433,709945.7679178073,907159.7628619081,929224.3269760002,520800.06490646413,1280781.5197457613,1055187.2087305293
2025-04-11T21:40:00.000+0000,1187916.2315908556,709945.7679178073,907221.9526477683,928795.2078361681,520800.06490646413,1281217.1675284973,1055187.2087305293
2025-04-11T21:50:00.000+0000,1188627.0030384394,709945.7679178073,908023.4329974959,929766.7983414482,520800.06490646413,1280951.5729143054,1055187.2087305293
2025-04-11T22:00:00.000+0000,1187629.6471020072,709945.7679178073,906868.6108325787,928730.4351358163,520800.06490646413,1280772.7573612812,1055187.2087305293
2025-04-11T22:10:00.000+0000,1187399.9791734554,709945.7679178073,905592.2088613305,928471.3443344083,520800.06490646413,1280411.6213014412,1055187.2087305293
2025-04-11T22:20:00.000+0000,1185878.2726733275,709945.7679178073,906285.0307151396,926171.913471912,520800.06490646413,1280769.2524074893,1055187.2087305293
2025-04-11T22:30:00.000+0000,1186070.5340111114,709945.7679178073,905614.9815684878,926115.2373591042,520800.06490646413,1281560.7788193773,1055187.2087305293
2025-04-11T22:40:00.000+0000,1185259.2724499835,709945.7679178073,905298.1442514234,925281.2888420722,520800.06490646413,1281502.0393885453,1055187.2087305293
2025-04-11T22:50:00.000+0000,1185514.5619248876,709945.7679178073,905591.324664159,925993.7885459443,520800.06490646413,1280613.2190541134,1055187.2087305293
2025-04-11T23:00:00.000+0000,1185690.7642101995,709945.7679178073,904022.8682228453,928406.5716340563,520800.06490646413,1277462.8856986254,1055187.2087305293
2025-04-11T23:10:00.000+0000,1186072.2039141194,709945.7679178073,901667.7232559569,928876.1737116082,520800.06490646413,1277891.5235737772,1055187.2087305293
2025-04-11T23:20:00.000+0000,1186727.2590004795,709945.7679178073,900979.7984205225,929702.0256410962,520800.06490646413,1278141.3458959053,1055187.2087305293
2025-04-11T23:30:00.000+0000,1187449.9189496473,709945.7679178073,902453.2582141558,930033.9857304002,520800.06490646413,1278752.3042778731,1055187.2087305293
2025-04-11T23:40:00.000+0000,1187936.3859044954,709945.7679178073,905083.344759103,930487.3946328643,520800.06490646413,1279028.4137534413,1055187.2087305293
2025-04-11T23:50:00.000+0000,1187892.1448956395,709945.7679178073,906199.3802329721,930357.8492321603,520800.06490646413,1278783.8488620012,1055187.2087305293
2025-04-12T00:00:00.000+0000,1188424.0688557674,709945.7679178073,905142.1274646625,930730.2922591842,520800.06490646413,1279648.1345198893,1055187.2087305293
2025-04-12T00:10:00.000+0000,1188593.2605740235,709945.7679178073,903864.4129832218,929985.4062051363,520800.06490646413,1280146.0266872493,1055187.2087305293
2025-04-12T00:20:00.000+0000,1188099.3787258393,709945.7679178073,904355.7726269094,929216.2303884563,520800.06490646413,1280062.7525798732,1055187.2087305293
2025-04-12T00:30:00.000+0000,1187631.8728599753,709945.7679178073,905951.1823661074,928770.9180735361,520800.06490646413,1280349.3769168174,1055187.2087305293
2025-04-12T00:40:00.000+0000,1187621.6128245755,709945.7679178073,906868.6207681536,929232.4235635442,520800.06490646413,1279663.9068119533,1055187.2087305293
2025-04-12T00:50:00.000+0000,1188090.9309594634,709945.7679178073,904925.6874172997,930600.74685848,520800.06490646413,1279037.1761379214,1055187.2087305293
2025-04-12T01:00:00.000+0000,1188220.7446353754,709945.7679178073,904058.0058108768,930317.3662944401,520800.06490646413,1278868.8754462732,1055187.2087305293
2025-04-12T01:10:00.000+0000,1188251.9684663112,709945.7679178073,903121.784208633,930430.7185200562,520800.06490646413,1279747.1809193292,1055187.2087305293
2025-04-12T01:20:00.000+0000,1189048.7741414073,709945.7679178073,902108.8811750205,931297.0533872643,520800.06490646413,1279908.4717033934,1055187.2087305293
2025-04-12T01:30:00.000+0000,1191122.4466351995,709945.7679178073,903026.1124138955,933345.4900358962,520800.06490646413,1280446.6708393614,1055187.2087305293
2025-04-12T01:40:00.000+0000,1192689.2432143835,709945.7679178073,903404.2933629286,932819.2118455363,520800.06490646413,1282734.4710138573,1055187.2087305293
2025-04-12T01:50:00.000+0000,1193277.3450961914,709945.7679178073,902121.0512160996,933458.8422615123,520800.06490646413,1283496.2053185133,1055187.2087305293
2025-04-12T02:00:00.000+0000,1192536.8043231354,709945.7679178073,902360.3376515191,932859.6947832562,520800.06490646413,1283320.8947192812,1055187.2087305293
2025-04-12T02:10:00.000+0000,1193888.9142891194,709945.7679178073,900303.7445206733,933523.6149618642,520800.06490646413,1284158.8932237292,1055187.2087305293
2025-04-12T02:20:00.000+0000,1194307.4186175994,709945.7679178073,901455.2424258301,933677.4501252001,520800.06490646413,1284518.2768066733,1055187.2087305293
2025-04-12T02:30:00.000+0000,1195479.2746621754,709945.7679178073,901114.9272420445,934519.4952297763,520800.06490646413,1285649.9095556494,1055187.2087305293
2025-04-12T02:40:00.000+0000,1195499.1259184554,709945.7679178073,899027.5020288175,934592.3645176722,520800.06490646413,1285400.0872335213,1055187.2087305293
2025-04-12T02:50:00.000+0000,1195656.6837812474,709945.7679178073,896427.1497670036,935061.9665952242,520800.06490646413,1283959.0479479532,1055187.2087305293
2025-04-12T03:00:00.000+0000,1195171.0519477674,709945.7679178073,897246.3784849299,936163.1025012082,520800.06490646413,1283335.8222277134,1055187.2087305293
2025-04-12T03:10:00.000+0000,1197863.1992355834,709945.7679178073,898034.7517883733,937401.8803954404,520800.06490646413,1285854.1674784813,1055187.2087305293
2025-04-12T03:20:00.000+0000,1199987.6378039992,709945.7679178073,898307.0595193405,939450.3170440723,520800.06490646413,1286366.0794610092,1055187.2087305293
2025-04-12T03:30:00.000+0000,1196799.1608777994,709945.7679178073,898178.6071014032,937296.6247573682,520800.06490646413,1284448.1777308334,1055187.2087305293
2025-04-12T03:40:00.000+0000,1195403.9943046793,709945.7679178073,899990.5721266711,935280.5744589122,520800.06490646413,1284533.2043151052,1055187.2087305293
2025-04-12T03:50:00.000+0000,1194821.3688182475,709945.7679178073,899554.9091954704,935774.4662990961,520800.06490646413,1282707.3390767854,1055187.2087305293
2025-04-12T04:00:00.000+0000,1194731.7350127033,709945.7679178073,897855.0856093396,936916.0851428002,520800.06490646413,1281021.7348997772,1055187.2087305293
2025-04-12T04:10:00.000+0000,1194943.0061904395,709945.7679178073,898106.5555002242,937474.7496833364,520800.06490646413,1281131.2961605934,1055187.2087305293
2025-04-12T04:20:00.000+0000,1195669.5912070393,709945.7679178073,899684.2752865106,937223.7554694723,520800.06490646413,1282450.5068470733,1055187.2087305293
2025-04-12T04:30:00.000+0000,1195094.3795947593,709945.7679178073,902597.0615865211,937094.2100687681,520800.06490646413,1279876.9271192653,1055187.2087305293
2025-04-12T04:40:00.000+0000,1193592.1434758555,709945.7679178073,904957.0925809168,937685.2609594802,520800.06490646413,1278571.7362479533,1055187.2087305293
2025-04-12T04:50:00.000+0000,1193323.4236738153,709945.7679178073,906480.0274944522,937620.4882591282,520800.06490646413,1278405.1880332013,1055187.2087305293
2025-04-12T05:00:00.000+0000,1193102.7833074315,709945.7679178073,907869.8255006007,936867.5056175361,520800.06490646413,1278222.8675263852,1055187.2087305293
2025-04-12T05:10:00.000+0000,1192472.5627175674,709945.7679178073,908110.6868409363,936559.8352908643,520800.06490646413,1278137.8409421132,1055187.2087305293
2025-04-12T05:20:00.000+0000,1192040.1191094394,709945.7679178073,909267.2511437174,935750.1765364641,520800.06490646413,1278757.5617085611,1055187.2087305293
2025-04-12T05:30:00.000+0000,1193788.3947691193,709945.7679178073,909658.8334332082,937701.4541345683,520800.06490646413,1279085.4007073774,1055187.2087305293
2025-04-12T05:40:00.000+0000,1194115.8984464074,709945.7679178073,908614.375191303,937207.5622943842,520800.06490646413,1279942.6764576812,1055187.2087305293
2025-04-12T05:50:00.000+0000,1193021.2559815114,709945.7679178073,908686.8548461447,936219.7786140162,520800.06490646413,1279659.5570745294,1055187.2087305293
2025-04-12T06:00:00.000+0000,1192253.2102100714,709945.7679178073,909824.7680806324,934738.1030934642,520800.06490646413,1280444.0735788334,1055187.2087305293
2025-04-12T06:10:00.000+0000,1192377.2153665193,709945.7679178073,911612.8548280807,934900.0348443442,520800.06490646413,1280360.7994714573,1055187.2087305293
2025-04-12T06:20:00.000+0000,1192862.2923642234,709945.7679178073,912095.9746907104,936074.0400382243,520800.06490646413,1279735.8212743213,1055187.2087305293
2025-04-12T06:30:00.000+0000,1190394.9177642874,709945.7679178073,912430.7863192852,933863.6716387123,520800.06490646413,1278685.7101558251,1055187.2087305293
2025-04-12T06:40:00.000+0000,1190461.1488070313,709945.7679178073,912655.4771207145,934568.0747550402,520800.06490646413,1278044.9596666254,1055187.2087305293
2025-04-12T06:50:00.000+0000,1190549.9405167913,709945.7679178073,912024.2814062466,934446.6259418803,520800.06490646413,1277242.9183933614,1055187.2087305293
2025-04-12T07:00:00.000+0000,1188976.6837598875,709945.7679178073,911492.8643784849,935491.0857350563,520800.06490646413,1274257.3807757292,1055187.2087305293
2025-04-12T07:10:00.000+0000,1187874.1259323515,709945.7679178073,912463.4948355949,935345.3471592643,520800.06490646413,1273123.9955498574,1055187.2087305293
2025-04-12T07:20:00.000+0000,1188331.1655279354,709945.7679178073,913007.3362505278,936017.3639254163,520800.06490646413,1272950.4374275212,1055187.2087305293
2025-04-12T07:30:00.000+0000,1189443.3313928875,709945.7679178073,914301.4120952832,936786.5397420963,520800.06490646413,1273653.4323013453,1055187.2087305293
2025-04-12T07:40:00.000+0000,1189224.3679039276,709945.7679178073,915407.4503667597,936794.6363296404,520800.06490646413,1273471.1117945292,1055187.2087305293
2025-04-12T07:50:00.000+0000,1190678.4929924714,709945.7679178073,917024.9973190641,937312.8179324563,520800.06490646413,1274946.3558343854,1055187.2087305293
2025-04-12T08:00:00.000+0000,1191948.1910807434,709945.7679178073,917184.2188521334,935037.6768325923,520800.06490646413,1277728.5432224493,1055187.2087305293
2025-04-12T08:10:00.000+0000,1192093.0316155434,709945.7679178073,922024.1386399003,933879.8648138002,520800.06490646413,1280049.6404579694,1055187.2087305293
2025-04-12T08:20:00.000+0000,1191998.1852234073,709945.7679178073,919486.8182845935,936883.6987926243,520800.06490646413,1277607.5594069932,1055187.2087305293
2025-04-12T08:30:00.000+0000,1191840.2148908554,709945.7679178073,918699.83252261,936689.3806915683,520800.06490646413,1277347.2222234893,1055187.2087305293
2025-04-12T08:40:00.000+0000,1191015.4749310794,709945.7679178073,918434.0768347378,935094.3529454003,520800.06490646413,1277814.4145903534,1055187.2087305293
2025-04-12T08:50:00.000+0000,1190357.3045989114,709945.7679178073,918791.9913616213,933952.7341016963,520800.06490646413,1278078.2567276494,1055187.2087305293
2025-04-12T09:00:00.000+0000,1191609.0265496075,709945.7679178073,919564.2970593481,935474.8925599682,520800.06490646413,1278335.9337409933,1055187.2087305293
2025-04-12T09:10:00.000+0000,1191396.7070412075,709945.7679178073,917622.2800823329,935628.7277233042,520800.06490646413,1277530.3875139374,1055187.2087305293
2025-04-12T09:20:00.000+0000,1191203.8655679035,709945.7679178073,919074.7146902862,935361.5403343522,520800.06490646413,1277932.7382356492,1055187.2087305293
2025-04-12T09:30:00.000+0000,1191023.0476480555,709945.7679178073,919052.5190440337,934883.8416692563,520800.06490646413,1278455.1650795534,1055187.2087305293
2025-04-12T09:40:00.000+0000,1190734.6116416075,709945.7679178073,919734.2048749698,935175.3188208402,520800.06490646413,1277417.3212993294,1055187.2087305293
2025-04-12T09:50:00.000+0000,1189733.1079260553,709945.7679178073,920629.9268648745,935183.4154083842,520800.06490646413,1276184.8896740172,1055187.2087305293
2025-04-12T10:00:00.000+0000,1189370.8362254554,709945.7679178073,919822.6912967216,934802.8757938162,520800.06490646413,1276105.1205204332,1055187.2087305293
2025-04-12T10:10:00.000+0000,1189330.1074745434,709945.7679178073,918627.0505606805,934381.8532415282,520800.06490646413,1275704.5222756173,1055187.2087305293
2025-04-12T10:20:00.000+0000,1189374.4670584635,709945.7679178073,918524.7275456868,935094.3529454003,520800.06490646413,1275454.6999534892,1055187.2087305293
2025-04-12T10:30:00.000+0000,1190238.7902762794,709945.7679178073,918710.4078590585,936244.0683766482,520800.06490646413,1275366.1684154253,1055187.2087305293
2025-04-12T10:40:00.000+0000,1190306.9205684075,709945.7679178073,917335.9127749067,937239.9486445603,520800.06490646413,1273963.6836215693,1055187.2087305293
2025-04-12T10:50:00.000+0000,1188869.1417923435,709945.7679178073,917798.8945912629,935037.6768325923,520800.06490646413,1275019.0521707532,1055187.2087305293
2025-04-12T11:00:00.000+0000,1189237.4612009034,709945.7679178073,919641.4909567875,934875.7450817123,520800.06490646413,1275433.6702307372,1055187.2087305293
2025-04-12T11:10:00.000+0000,1190536.1830016156,709945.7679178073,920906.11421199,936009.2673378723,520800.06490646413,1275952.5921208493,1055187.2087305293
2025-04-12T11:20:00.000+0000,1191224.7259062713,709945.7679178073,921907.0423215353,936065.9434506801,520800.06490646413,1276588.0851793613,1055187.2087305293
2025-04-12T11:30:00.000+0000,1190656.0077650554,709945.7679178073,919833.9342503122,936373.6137773523,520800.06490646413,1275619.4956913453,1055187.2087305293
2025-04-12T11:40:00.000+0000,1191011.2619241835,709945.7679178073,919289.729930985,935539.6652603201,520800.06490646413,1276659.0919484652,1055187.2087305293
2025-04-12T11:50:00.000+0000,1189911.5808334155,709945.7679178073,919857.6267922604,935240.0915211923,520800.06490646413,1276226.9491195213,1055187.2087305293
2025-04-12T12:00:00.000+0000,1190216.9359737195,709945.7679178073,919200.4048673972,935782.5628866402,520800.06490646413,1275451.1949996972,1055187.2087305293
2025-04-12T12:10:00.000+0000,1189899.4208691753,709945.7679178073,920948.5604603458,935078.1597703124,520800.06490646413,1276199.7542728172,1055187.2087305293
2025-04-12T12:20:00.000+0000,1188645.1627890074,709945.7679178073,921786.6053332121,933896.0579888882,520800.06490646413,1275665.0600906413,1055187.2087305293
2025-04-12T12:30:00.000+0000,1188097.8057951913,709945.7679178073,922174.6143647463,933086.3992344883,520800.06490646413,1274965.5701706093,1055187.2087305293
2025-04-12T12:40:00.000+0000,1187297.5587054314,709945.7679178073,924826.2385793028,932867.7913708002,520800.06490646413,1274984.8474164654,1055187.2087305293
2025-04-12T12:50:00.000+0000,1183444.1485517113,709945.7679178073,924719.6789639548,928026.0320194883,520800.06490646413,1274984.8474164654,1055187.2087305293
2025-04-12T13:00:00.000+0000,1183568.9242812074,709945.7679178073,927199.4774068708,928390.3784589681,520800.06490646413,1274899.8208321934,1055187.2087305293
2025-04-12T13:10:00.000+0000,1184800.6595840235,709945.7679178073,931034.5642856165,929013.8156998563,520800.06490646413,1275111.9334462413,1055187.2087305293
2025-04-12T13:20:00.000+0000,1185518.9974536235,709945.7679178073,927251.9326801377,931037.9625858561,520800.06490646413,1273610.4022529454,1055187.2087305293
2025-04-12T13:30:00.000+0000,1184427.1124709756,709945.7679178073,929111.0528306048,930471.2014577762,520800.06490646413,1273256.2761006893,1055187.2087305293
2025-04-12T13:40:00.000+0000,1184872.8829490715,709945.7679178073,930894.2034253895,928754.7248984482,520800.06490646413,1273698.9337910092,1055187.2087305293
2025-04-12T13:50:00.000+0000,1185656.6293299673,709945.7679178073,937663.796182163,928641.3726728322,520800.06490646413,1277158.6736830894,1055187.2087305293
2025-04-12T14:00:00.000+0000,1184814.0819022474,2047.9704178072548,940432.4786718051,928066.5149572084,520800.06490646413,1275458.876750817,119046.47273052904
2025-04-12T14:10:00.000+0000,1187164.4429979355,709989.4132182874,942740.8459054255,928050.3217821203,520800.06490646413,1280485.8678980486,1055261.5182367687
2025-04-12T14:20:00.000+0000,1185615.5563093675,709989.4132182874,944144.8361922305,925273.1922545283,520800.06490646413,1279370.0074411368,1055261.5182367687
2025-04-12T14:30:00.000+0000,1186039.0207665674,709989.4132182874,950156.9884969709,926131.4305341922,520800.06490646413,1279668.8991163527,1055261.5182367687
2025-04-12T14:40:00.000+0000,1186148.0547895115,709989.4132182874,948065.2982627507,927548.3333543922,520800.06490646413,1278734.5143826248,1055261.5182367687
2025-04-12T14:50:00.000+0000,1185539.9981942554,709989.4132182874,948998.3081789231,927232.5664401762,520800.06490646413,1279453.2815485126,1055261.5182367687
2025-04-12T15:00:00.000+0000,1185468.0393174475,709989.4132182874,947986.7948330719,927596.9128796563,520800.06490646413,1277762.4199408167,1055261.5182367687
2025-04-12T15:10:00.000+0000,1184654.1468427354,709989.4132182874,947845.3653723114,925386.5444801443,520800.06490646413,1278447.8900456808,1055261.5182367687
2025-04-12T15:20:00.000+0000,1184423.0075921835,709989.4132182874,953825.779156407,924900.7492275042,520800.06490646413,1280605.9440202406,1055261.5182367687
2025-04-12T15:30:00.000+0000,1186651.8448647675,709989.4132182874,953979.6211996792,926034.2714836644,520800.06490646413,1281595.5632310086,1055261.5182367687
2025-04-12T15:40:00.000+0000,1187116.0931188075,709989.4132182874,952728.8382937467,927329.7254907041,520800.06490646413,1281645.5402773607,1055261.5182367687
2025-04-12T15:50:00.000+0000,1188382.2235634795,709989.4132182874,951710.6332786991,926552.4530864803,520800.06490646413,1283396.8937927848,1055261.5182367687
2025-04-12T16:00:00.000+0000,1190009.7754694875,709989.4132182874,951184.8969746716,925937.1124331362,520800.06490646413,1287659.5826513926,1055261.5182367687
2025-04-12T16:10:00.000+0000,1188121.5516479756,709989.4132182874,949474.8285383198,922868.5057539601,520800.06490646413,1288025.9761419205,1055261.5182367687
2025-04-12T16:20:00.000+0000,1187158.5193306634,709989.4132182874,952428.4261388974,921905.0118362242,520800.06490646413,1288050.5108184647,1055261.5182367687
2025-04-12T16:30:00.000+0000,1186751.9108179116,709989.4132182874,950377.565189451,919087.3993709123,520800.06490646413,1288569.4327085768,1055261.5182367687
2025-04-12T16:40:00.000+0000,1184400.6982139754,709989.4132182874,944839.153036933,916585.5538198161,520800.06490646413,1290670.5626388327,1055261.5182367687
2025-04-12T16:50:00.000+0000,1181118.0089080236,709989.4132182874,945315.70048446,911452.3173169203,520800.06490646413,1290672.3151157286,1055261.5182367687
2025-04-12T17:00:00.000+0000,1177871.5677703195,709989.4132182874,941509.778617216,909250.0455049523,520800.06490646413,1289062.9751385127,1055261.5182367687
2025-04-12T17:10:00.000+0000,1172925.8925882315,709989.4132182874,939088.8684602091,909193.3693921441,520800.06490646413,1279402.4597185287,1055261.5182367687
2025-04-12T17:20:00.000+0000,1169821.2798569594,709989.4132182874,940693.4825925168,906278.5978763042,520800.06490646413,1279931.8964700166,1055261.5182367687
2025-04-12T17:30:00.000+0000,1172458.3551276636,709989.4132182874,943741.8195345886,909355.3011430242,520800.06490646413,1281472.8898482886,1055261.5182367687
2025-04-12T17:40:00.000+0000,1175837.4734086716,709989.4132182874,942427.2282694877,913403.5949150242,520800.06490646413,1279822.3352092006,1055261.5182367687
2025-04-12T17:50:00.000+0000,1172723.4199660155,709989.4132182874,942844.1428600355,910982.7152393684,520800.06490646413,1278853.7457211846,1055261.5182367687
2025-04-12T18:00:00.000+0000,1170876.5225269275,709989.4132182874,944607.7345978946,908966.6649409123,520800.06490646413,1278931.7623978727,1055261.5182367687
2025-04-12T18:10:00.000+0000,1170960.1408986715,709989.4132182874,944809.4431233353,908246.0686494963,520800.06490646413,1279362.1527499207,1055261.5182367687
2025-04-12T18:20:00.000+0000,1169519.8589467516,709989.4132182874,946434.8404186075,907395.9269573762,520800.06490646413,1279124.5977660646,1055261.5182367687
2025-04-12T18:30:00.000+0000,1170131.5309173916,709989.4132182874,947559.3598425521,907655.0177587844,520800.06490646413,1279471.7140107367,1055261.5182367687
2025-04-12T18:40:00.000+0000,1172636.1931933034,709989.4132182874,949069.7553717087,909630.5851195203,520800.06490646413,1281290.5693414726,1055261.5182367687
2025-04-12T18:50:00.000+0000,1172531.0940799115,709989.4132182874,951641.7952148179,910488.8233991843,520800.06490646413,1279654.0345175527,1055261.5182367687
2025-04-12T19:00:00.000+0000,1171143.5812488955,709989.4132182874,950298.2322040014,908926.1820031921,520800.06490646413,1279654.0345175527,1055261.5182367687
2025-04-12T19:10:00.000+0000,1171587.3651575195,709989.4132182874,951195.3921377393,908950.4717658241,520800.06490646413,1279981.8735163687,1055261.5182367687
2025-04-12T19:20:00.000+0000,1170690.0542509835,709989.4132182874,948586.3741875063,907970.7846730002,520800.06490646413,1280014.3257937606,1055261.5182367687
2025-04-12T19:30:00.000+0000,1171344.2840580954,709989.4132182874,947167.5851010678,909193.3693921441,520800.06490646413,1279469.1167502087,1055261.5182367687
2025-04-12T19:40:00.000+0000,1172360.5533517275,709989.4132182874,948103.0795977314,909371.4943181123,520800.06490646413,1280085.3325628648,1055261.5182367687
2025-04-12T19:50:00.000+0000,1173705.9639514955,709989.4132182874,948638.9109309457,910796.4937258563,520800.06490646413,1281112.6614817127,1055261.5182367687
2025-04-12T20:00:00.000+0000,1170780.6750463033,709989.4132182874,949621.9011803925,908780.4434274004,520800.06490646413,1279649.6847801288,1055261.5182367687
2025-04-12T20:10:00.000+0000,1170454.0457389592,709989.4132182874,949989.0557380056,908537.5458010803,520800.06490646413,1279295.5586278727,1055261.5182367687
2025-04-12T20:20:00.000+0000,1168250.2558324393,709989.4132182874,951246.1583048163,905606.5811101522,520800.06490646413,1279594.4503030886,1055261.5182367687
2025-04-12T20:30:00.000+0000,1168453.6663537356,709989.4132182874,954400.4328004299,906051.8934250721,520800.06490646413,1279374.4200881927,1055261.5182367687
2025-04-12T20:40:00.000+0000,1168947.7940251036,709989.4132182874,958846.9911371369,904659.2803675041,520800.06490646413,1281038.9945424488,1055261.5182367687
2025-04-12T20:50:00.000+0000,1169265.6026846154,709989.4132182874,957093.1398320599,904003.4567764403,520800.06490646413,1282307.3833989447,1055261.5182367687
2025-04-12T21:00:00.000+0000,1171185.7079505515,709989.4132182874,953129.3306643148,904724.0530678562,520800.06490646413,1283596.8019781928,1055261.5182367687
2025-04-12T21:10:00.000+0000,1170590.8593104715,709989.4132182874,954691.660156102,904634.9906048723,520800.06490646413,1283860.6441154887,1055261.5182367687
2025-04-12T21:20:00.000+0000,1171871.0479495835,709989.4132182874,955263.1243730048,906181.4388257763,520800.06490646413,1283992.9875759527,1055261.5182367687
2025-04-12T21:30:00.000+0000,1172482.6168027835,709989.4132182874,955225.6745795435,906521.4955026242,520800.06490646413,1285020.3164948006,1055261.5182367687
2025-04-12T21:40:00.000+0000,1172925.9868827355,709989.4132182874,956554.8788905483,907857.4324473843,520800.06490646413,1283821.1819305127,1055261.5182367687
2025-04-12T21:50:00.000+0000,1171640.5211087116,709989.4132182874,956448.1573901479,906707.7170161363,520800.06490646413,1283146.2266870246,1055261.5182367687
2025-04-12T22:00:00.000+0000,1171188.5513939755,709989.4132182874,956844.1496924874,906327.1774015683,520800.06490646413,1282453.7466745768,1055261.5182367687
2025-04-12T22:10:00.000+0000,1173349.5218434874,709989.4132182874,958401.7059898144,909298.6250302163,520800.06490646413,1282714.0838580807,1055261.5182367687
2025-04-12T22:20:00.000+0000,1173514.7878148556,709989.4132182874,958584.7283280586,909403.8806682883,520800.06490646413,1282025.1087994247,1055261.5182367687
2025-04-12T22:30:00.000+0000,1175665.8573514395,709989.4132182874,957590.9660332836,912917.7996623844,520800.06490646413,1281587.7085397926,1055261.5182367687
2025-04-12T22:40:00.000+0000,1175305.3501880793,709989.4132182874,956974.7401074255,912359.1351218482,520800.06490646413,1281990.0592615046,1055261.5182367687
2025-04-12T22:50:00.000+0000,1174553.5248399114,709989.4132182874,955656.0885967012,910723.6244379602,520800.06490646413,1282491.4563826567,1055261.5182367687
2025-04-12T23:00:00.000+0000,1174694.3849216234,709989.4132182874,955467.8848636246,910804.5903134001,520800.06490646413,1283026.1505648326,1055261.5182367687
2025-04-12T23:10:00.000+0000,1175502.0142908315,709989.4132182874,953996.0543748084,912091.9477328962,520800.06490646413,1282330.1655985927,1055261.5182367687
2025-04-12T23:20:00.000+0000,1175522.5652768794,709989.4132182874,955057.0492794665,912626.3225108001,520800.06490646413,1281738.4844624805,1055261.5182367687
2025-04-12T23:30:00.000+0000,1177042.6110366636,709989.4132182874,954057.1980784446,914933.8499608402,520800.06490646413,1281386.1107871206,1055261.5182367687
2025-04-12T23:40:00.000+0000,1176645.3643984152,709989.4132182874,954983.1933333904,914472.3444708323,520800.06490646413,1281306.3416335366,1055261.5182367687
2025-04-12T23:50:00.000+0000,1176551.2800961195,709989.4132182874,955041.456597399,914601.8898715363,520800.06490646413,1280957.4729119688,1055261.5182367687
2025-04-13T00:00:00.000+0000,1177061.4370737756,709989.4132182874,954927.8150431132,914367.0888327602,520800.06490646413,1282165.3698607367,1055261.5182367687
2025-04-13T00:10:00.000+0000,1175914.7644663195,709989.4132182874,957018.4562528739,911792.3739937681,520800.06490646413,1283750.1751614087,1055261.5182367687
2025-04-13T00:20:00.000+0000,1172765.0451791834,709989.4132182874,953375.926868927,910334.9882358483,520800.06490646413,1280718.1654512167,1055261.5182367687
2025-04-13T00:30:00.000+0000,1173166.6781055913,709989.4132182874,951500.1245451341,910334.9882358483,520800.06490646413,1280792.6771741128,1055261.5182367687
2025-04-13T00:40:00.000+0000,1168956.8205680875,709989.4132182874,954653.3615437306,904999.3370443522,520800.06490646413,1281435.1801402087,1055261.5182367687
2025-04-13T00:50:00.000+0000,1168286.3713568875,709989.4132182874,957652.3308331936,902999.4799209842,520800.06490646413,1282231.9639827847,1055261.5182367687
2025-04-13T01:00:00.000+0000,1170047.9531531355,709989.4132182874,955743.5578577261,904643.0871924163,520800.06490646413,1282410.8424454406,1055261.5182367687
2025-04-13T01:10:00.000+0000,1171383.3264291915,709989.4132182874,956953.985588741,906691.5238410482,520800.06490646413,1281905.9403704966,1055261.5182367687
2025-04-13T01:20:00.000+0000,1171172.4130150157,709989.4132182874,957352.7259215878,906821.0692417521,520800.06490646413,1281475.5500184486,1055261.5182367687
2025-04-13T01:30:00.000+0000,1170676.1314481434,709989.4132182874,954633.6554950716,906472.9159773601,520800.06490646413,1280866.3441133767,1055261.5182367687
2025-04-13T01:40:00.000+0000,1171875.8502546635,709989.4132182874,951488.041027047,909371.4943181123,520800.06490646413,1280223.8411472808,1055261.5182367687
2025-04-13T01:50:00.000+0000,1172334.0192060396,709989.4132182874,947194.6085831812,910270.2155354964,520800.06490646413,1279859.2001336487,1055261.5182367687
2025-04-13T02:00:00.000+0000,1172936.2508050236,709989.4132182874,947783.6188342904,911120.3572276162,520800.06490646413,1279770.6685955846,1055261.5182367687
2025-04-13T02:10:00.000+0000,1171554.3399188635,709989.4132182874,944806.3555026774,909250.0455049523,520800.06490646413,1279597.1104732486,1055261.5182367687
2025-04-13T02:20:00.000+0000,1171911.3348242794,709989.4132182874,944374.2977288836,910553.5960995363,520800.06490646413,1278725.8149077767,1055261.5182367687
2025-04-13T02:30:00.000+0000,1171607.7277444075,709989.4132182874,946852.1157672477,909800.6134579442,520800.06490646413,1279430.5622584966,1055261.5182367687
2025-04-13T02:40:00.000+0000,1172932.2769866234,709989.4132182874,949502.5770332881,911185.1299279683,520800.06490646413,1279442.8295967686,1055261.5182367687
2025-04-13T02:50:00.000+0000,1172776.7221701115,709989.4132182874,951196.6700477458,911217.5162781442,520800.06490646413,1279271.0239513286,1055261.5182367687
2025-04-13T03:00:00.000+0000,1172509.3860302554,709989.4132182874,953050.9079088746,911889.5330442962,520800.06490646413,1277783.5125732007,1055261.5182367687
2025-04-13T03:10:00.000+0000,1172096.3647318394,709989.4132182874,951630.0019933768,911727.6012934161,520800.06490646413,1277951.8132648487,1055261.5182367687
2025-04-13T03:20:00.000+0000,1172864.8075154154,709989.4132182874,950784.7224004436,912278.1692464082,520800.06490646413,1277934.2884958887,1055261.5182367687
2025-04-13T03:30:00.000+0000,1173044.4259156475,709989.4132182874,951148.0279088495,912715.3849737842,520800.06490646413,1278021.0675570567,1055261.5182367687
2025-04-13T03:40:00.000+0000,1173711.2179749114,709989.4132182874,951600.9002084825,912423.9078222001,520800.06490646413,1279076.4361062406,1055261.5182367687
2025-04-13T03:50:00.000+0000,1174589.6389754715,709989.4132182874,950422.5589141122,912772.0610865923,520800.06490646413,1280202.8114245287,1055261.5182367687
2025-04-13T04:00:00.000+0000,1175790.3903153036,709989.4132182874,948204.9292452263,913193.0836388802,520800.06490646413,1281228.3878664807,1055261.5182367687
2025-04-13T04:10:00.000+0000,1176408.6034887913,709989.4132182874,945770.0691253548,914375.1854203043,520800.06490646413,1281368.6489277927,1055261.5182367687
2025-04-13T04:20:00.000+0000,1177198.6455890795,709989.4132182874,947500.9998070421,914553.3103462723,520800.06490646413,1282170.6902010567,1055261.5182367687
2025-04-13T04:30:00.000+0000,1176690.3401290234,709989.4132182874,944772.8105265512,914699.0489220641,520800.06490646413,1281209.1106206246,1055261.5182367687
2025-04-13T04:40:00.000+0000,1178085.5224994954,709989.4132182874,945209.383929261,917014.6729596482,520800.06490646413,1280431.6040239045,1055261.5182367687
2025-04-13T04:50:00.000+0000,1177631.8369984874,709989.4132182874,939846.200613298,917419.5023368483,520800.06490646413,1279202.6773523847,1055261.5182367687
2025-04-13T05:00:00.000+0000,1178391.5773695675,709989.4132182874,939792.3773746454,918553.0245930082,520800.06490646413,1278279.6522636646,1055261.5182367687
2025-04-13T05:10:00.000+0000,1178538.5332307515,709989.4132182874,937248.3623721891,919152.1720712642,520800.06490646413,1278001.7903112005,1055261.5182367687
2025-04-13T05:20:00.000+0000,1178349.8714709994,709989.4132182874,939645.0828046476,918358.7064919521,520800.06490646413,1278364.6788479367,1055261.5182367687
2025-04-13T05:30:00.000+0000,1177330.2000112794,709989.4132182874,940278.1404655073,916577.4572322723,520800.06490646413,1279326.2584283687,1055261.5182367687
2025-04-13T05:40:00.000+0000,1178413.2482090155,709989.4132182874,939025.114241583,917241.37741088,520800.06490646413,1280891.7864831847,1055261.5182367687
2025-04-13T05:50:00.000+0000,1176832.0030579434,709989.4132182874,938578.5894690335,915484.4179138322,520800.06490646413,1280705.9610225766,1055261.5182367687
2025-04-13T06:00:00.000+0000,1173567.8778288395,709989.4132182874,939134.4543234636,911266.0958034082,520800.06490646413,1280615.6770076167,1055261.5182367687
2025-04-13T06:10:00.000+0000,1173648.1905172477,709989.4132182874,938603.6041438146,911201.3231030563,520800.06490646413,1280532.4029002406,1055261.5182367687
2025-04-13T06:20:00.000+0000,1173931.9140666795,709989.4132182874,939276.9598789549,911460.4139044641,520800.06490646413,1281138.1038515207,1055261.5182367687
2025-04-13T06:30:00.000+0000,1174114.6227527035,709989.4132182874,940294.1775042827,909849.1929832082,520800.06490646413,1282528.3213071045,1055261.5182367687
2025-04-13T06:40:00.000+0000,1174849.0842230956,709989.4132182874,940984.4319749193,909986.8349714562,520800.06490646413,1284168.3610848165,1055261.5182367687
2025-04-13T06:50:00.000+0000,1174704.8539097274,709989.4132182874,939323.57922384,908918.0854156483,520800.06490646413,1285562.0834941927,1055261.5182367687
2025-04-13T07:00:00.000+0000,1175606.1870459034,709989.4132182874,939972.6259624795,911128.4538151602,520800.06490646413,1284230.6054694406,1055261.5182367687
2025-04-13T07:10:00.000+0000,1174877.1058278636,709989.4132182874,940048.2293943153,910011.1247340882,520800.06490646413,1283796.7101636007,1055261.5182367687
2025-04-13T07:20:00.000+0000,1174911.3098527354,709989.4132182874,938744.6902583961,909905.8690960163,520800.06490646413,1283787.9477791206,1055261.5182367687
2025-04-13T07:30:00.000+0000,1174346.1039694634,709989.4132182874,936576.3118945436,909938.2554461922,520800.06490646413,1283006.9362286087,1055261.5182367687
2025-04-13T07:40:00.000+0000,1174764.5377943914,709989.4132182874,936043.1387958153,910909.8459514722,520800.06490646413,1283230.4713972965,1055261.5182367687
2025-04-13T07:50:00.000+0000,1174532.2312983836,709989.4132182874,936736.580582988,910877.4596012961,520800.06490646413,1282711.5495071847,1055261.5182367687
2025-04-13T08:00:00.000+0000,1173758.7351107674,709989.4132182874,935220.1154464416,910537.4029244483,520800.06490646413,1282070.7990179847,1055261.5182367687
2025-04-13T08:10:00.000+0000,1174751.2112641514,709989.4132182874,934819.3721907338,911136.5504027042,520800.06490646413,1282322.3738170087,1055261.5182367687
2025-04-13T08:20:00.000+0000,1176506.5822829995,709989.4132182874,937538.1485824345,911946.2091571041,520800.06490646413,1283591.6074571367,1055261.5182367687
2025-04-13T08:30:00.000+0000,1175530.2385533433,709989.4132182874,939088.2729142399,912019.0784450003,520800.06490646413,1282980.6490751687,1055261.5182367687
2025-04-13T08:40:00.000+0000,1176962.0800530314,709989.4132182874,940188.4927228242,912342.9419467603,520800.06490646413,1284289.3449002728,1055261.5182367687
2025-04-13T08:50:00.000+0000,1177834.6279858076,709989.4132182874,940860.8176413523,912658.7088609762,520800.06490646413,1285245.6670500166,1055261.5182367687
2025-04-13T09:00:00.000+0000,1177803.6584612634,709989.4132182874,941291.6505725316,913193.0836388802,520800.06490646413,1284482.1802684646,1055261.5182367687
2025-04-13T09:10:00.000+0000,1177553.1133778077,709989.4132182874,940589.3193356479,912877.3167246642,520800.06490646413,1284660.9958214888,1055261.5182367687
2025-04-13T09:20:00.000+0000,1177970.1954749834,709989.4132182874,941465.0453288998,912958.2826001042,520800.06490646413,1285089.6336966406,1055261.5182367687
2025-04-13T09:30:00.000+0000,1177704.0265805835,709989.4132182874,943563.2932491865,912998.7655378242,520800.06490646413,1284760.0422209287,1055261.5182367687
2025-04-13T09:40:00.000+0000,1176208.1797961197,709989.4132182874,945092.8841942984,912010.9818574563,520800.06490646413,1284062.3047777927,1055261.5182367687
2025-04-13T09:50:00.000+0000,1176494.0484181195,709989.4132182874,946596.1471585028,910942.2323016482,520800.06490646413,1284852.0787127847,1055261.5182367687
2025-04-13T10:00:00.000+0000,1172401.7361990714,709989.4132182874,945754.2084591689,906594.3647905203,520800.06490646413,1284914.3230974087,1055261.5182367687
2025-04-13T10:10:00.000+0000,1172228.8971709996,709989.4132182874,944282.5221662743,906942.5180549121,520800.06490646413,1284218.3381311686,1055261.5182367687
2025-04-13T10:20:00.000+0000,1173734.3842670394,709989.4132182874,942266.4608244346,908715.6707270481,520800.06490646413,1283940.4761787048,1055261.5182367687
2025-04-13T10:30:00.000+0000,1172867.5259389353,709989.4132182874,941663.8978199654,907962.6880854564,520800.06490646413,1283246.2436893606,1055261.5182367687
2025-04-13T10:40:00.000+0000,1174216.8777432155,709989.4132182874,942921.5428653536,909209.5625672322,520800.06490646413,1284291.0973771687,1055261.5182367687
2025-04-13T10:50:00.000+0000,1172319.8108418314,709989.4132182874,944126.0400963634,907404.0235449201,520800.06490646413,1283612.6371798888,1055261.5182367687
2025-04-13T11:00:00.000+0000,1171484.9785124154,709989.4132182874,942623.6573139443,907250.1883815844,520800.06490646413,1282257.4692622246,1055261.5182367687
2025-04-13T11:10:00.000+0000,1171443.3368224395,709989.4132182874,936686.9929072561,907922.2051477362,520800.06490646413,1280860.2418990568,1055261.5182367687
2025-04-13T11:20:00.000+0000,1171619.4268276475,709989.4132182874,934736.208936217,909331.0113803924,520800.06490646413,1280065.2105333766,1055261.5182367687
2025-04-13T11:30:00.000+0000,1172638.5013353114,709989.4132182874,936102.7982043492,910432.1472863762,520800.06490646413,1279555.0510277445,1055261.5182367687
2025-04-13T11:40:00.000+0000,1172609.7252945753,709989.4132182874,934753.7578948005,910812.6869009442,520800.06490646413,1279374.4829978247,1055261.5182367687
2025-04-13T11:50:00.000+0000,1173735.1468464874,709989.4132182874,934671.029114993,911889.5330442962,520800.06490646413,1279723.3517193927,1055261.5182367687
2025-04-13T12:00:00.000+0000,1173001.0112052234,709989.4132182874,936644.5227902229,911419.9309667443,520800.06490646413,1279576.0807504966,1055261.5182367687
2025-04-13T12:10:00.000+0000,1173143.1907405276,709989.4132182874,939496.4837730888,911225.6128656883,520800.06490646413,1280190.5440862568,1055261.5182367687
2025-04-13T12:20:00.000+0000,1173215.6364775354,709989.4132182874,936673.3616259592,912699.1917986963,520800.06490646413,1278340.1441713925,1055261.5182367687
2025-04-13T12:30:00.000+0000,1173312.2558901196,709989.4132182874,936820.8472975825,912674.9020360643,520800.06490646413,1278690.7653698567,1055261.5182367687
2025-04-13T12:40:00.000+0000,1173559.7885054795,709989.4132182874,936813.5750708118,912772.0610865923,520800.06490646413,1278347.1540789767,1055261.5182367687
2025-04-13T12:50:00.000+0000,1174960.4703828234,709989.4132182874,937637.8423201574,914780.0147975041,520800.06490646413,1278703.0327081287,1055261.5182367687
2025-04-13T13:00:00.000+0000,1174316.1365525913,709989.4132182874,936804.2176372147,914083.7082687204,520800.06490646413,1277895.7340041767,1055261.5182367687
2025-04-13T13:10:00.000+0000,1171879.0472050554,709989.4132182874,937409.3863453532,910966.5220642802,520800.06490646413,1278058.7772651366,1055261.5182367687
2025-04-13T13:20:00.000+0000,1173261.6581607114,709989.4132182874,932486.0117274909,913063.5382381763,520800.06490646413,1277476.7662067688,1055261.5182367687
2025-04-13T13:30:00.000+0000,1171672.1171116715,709989.4132182874,932991.6906773427,913233.5665766001,520800.06490646413,1275147.7513704007,1055261.5182367687
2025-04-13T13:40:00.000+0000,1171980.1753677514,709989.4132182874,927694.3824423101,914180.8673192483,520800.06490646413,1273193.0476254087,1055261.5182367687
2025-04-13T13:50:00.000+0000,1171736.2609954795,709989.4132182874,921015.1018437678,917338.5364614083,520800.06490646413,1269308.1748119686,1055261.5182367687
2025-04-13T14:00:00.000+0000,1171361.1944889196,709989.4132182874,924327.2872492013,918180.5815659843,520800.06490646413,1269056.6000129445,1055261.5182367687
2025-04-13T14:10:00.000+0000,1172683.2801435834,709989.4132182874,925262.9334181255,918585.4109431843,520800.06490646413,1269129.3592589446,1055261.5182367687
2025-04-13T14:20:00.000+0000,1174594.3024616956,709989.4132182874,925817.0622963796,921022.4837939283,520800.06490646413,1269391.4489193447,1055261.5182367687
2025-04-13T14:30:00.000+0000,1172014.5404236955,709989.4132182874,926805.7303094664,917864.8146517682,520800.06490646413,1269814.8293638087,1055261.5182367687
2025-04-13T14:40:00.000+0000,1173638.1111971596,709989.4132182874,929314.6256723799,918828.3085695042,520800.06490646413,1271755.5132936328,1055261.5182367687
2025-04-13T14:50:00.000+0000,1175193.8705332074,709989.4132182874,929709.5038188504,919880.8649502242,520800.06490646413,1272187.6561225767,1055261.5182367687
2025-04-13T15:00:00.000+0000,1175505.8699937994,709989.4132182874,927100.8297692307,920366.6602028643,520800.06490646413,1271564.4304023366,1055261.5182367687
2025-04-13T15:10:00.000+0000,1172648.7895381595,709989.4132182874,928435.1570419215,917289.9569361443,520800.06490646413,1271681.0015707368,1055261.5182367687
2025-04-13T15:20:00.000+0000,1173614.2538483194,709989.4132182874,928713.422361024,918285.8372040561,520800.06490646413,1272380.4914907687,1055261.5182367687
2025-04-13T15:30:00.000+0000,1175636.1673224794,709989.4132182874,928200.0702367272,919856.5751875922,520800.06490646413,1272224.4581373928,1055261.5182367687
2025-04-13T15:40:00.000+0000,1175960.7546746954,709989.4132182874,927597.571290517,921095.3530818243,520800.06490646413,1272403.2736904167,1055261.5182367687
2025-04-13T15:50:00.000+0000,1176271.5931847915,709989.4132182874,929982.1101544537,920836.2622804162,520800.06490646413,1273189.5426716167,1055261.5182367687
2025-04-13T16:00:00.000+0000,1175337.7490382474,709989.4132182874,931961.5158267654,919443.649222848,520800.06490646413,1272941.4728263847,1055261.5182367687
2025-04-13T16:10:00.000+0000,1172836.0030874074,709989.4132182874,932106.3416541766,915840.6677657682,520800.06490646413,1272504.0725667528,1055261.5182367687
2025-04-13T16:20:00.000+0000,1174058.4884560956,709989.4132182874,935030.946859814,917168.5081229843,520800.06490646413,1273953.8742368007,1055261.5182367687
2025-04-13T16:30:00.000+0000,1172517.4073780396,709989.4132182874,935637.9855451173,915678.7360148882,520800.06490646413,1273080.8261944326,1055261.5182367687
2025-04-13T16:40:00.000+0000,1173610.9702572955,709989.4132182874,933959.35359954,916877.0309714004,520800.06490646413,1273498.9492082086,1055261.5182367687
2025-04-13T16:50:00.000+0000,1172443.7554867275,709989.4132182874,934293.2617320863,916124.0483298083,520800.06490646413,1273221.0872557447,1055261.5182367687
2025-04-13T17:00:00.000+0000,1172816.5962353195,709989.4132182874,935520.070125273,916213.1107927924,520800.06490646413,1273568.2035004166,1055261.5182367687
2025-04-13T17:10:00.000+0000,1174235.9848952554,709989.4132182874,938384.4434312922,916966.0934343841,520800.06490646413,1274207.2015127207,1055261.5182367687
2025-04-13T17:20:00.000+0000,1173722.3770005435,709989.4132182874,944492.166260883,914674.7591594323,520800.06490646413,1276516.0314099686,1055261.5182367687
2025-04-13T17:30:00.000+0000,1172675.5593251835,709989.4132182874,943003.4257684862,912553.4532229042,520800.06490646413,1276665.0548557607,1055261.5182367687
2025-04-13T17:40:00.000+0000,1172494.0090616795,709989.4132182874,945862.6402158418,910618.3687998883,520800.06490646413,1278747.7523237925,1055261.5182367687
2025-04-13T17:50:00.000+0000,1172525.0652268555,709989.4132182874,950143.6354304433,909832.9998081203,520800.06490646413,1281065.3446055206,1055261.5182367687
2025-04-13T18:00:00.000+0000,1172152.9792539594,709989.4132182874,948912.7981366492,909387.6874932002,520800.06490646413,1280962.7932522888,1055261.5182367687
2025-04-13T18:10:00.000+0000,1173724.1074151036,709989.4132182874,947697.6224123606,909160.9830419682,520800.06490646413,1282863.1702135047,1055261.5182367687
2025-04-13T18:20:00.000+0000,1174449.1123767595,709989.4132182874,946492.6550690221,910302.6018856722,520800.06490646413,1282758.8663833765,1055261.5182367687
2025-04-13T18:30:00.000+0000,1175275.4485285594,709989.4132182874,948267.3471742761,910618.3687998883,520800.06490646413,1284008.8227776487,1055261.5182367687
2025-04-13T18:40:00.000+0000,1175841.8469570316,709989.4132182874,948992.5052410011,912302.4590090403,520800.06490646413,1282776.3911523367,1055261.5182367687
2025-04-13T18:50:00.000+0000,1177652.0613260714,709989.4132182874,948269.2182245918,912974.4757751923,520800.06490646413,1283986.0405780007,1055261.5182367687
2025-04-13T19:00:00.000+0000,1175340.3769342476,709989.4132182874,942561.6900283019,911549.4763674482,520800.06490646413,1283304.9831201928,1055261.5182367687
2025-04-13T19:10:00.000+0000,1176178.4272871835,709989.4132182874,943709.8175639282,912245.7828962322,520800.06490646413,1283418.0493348008,1055261.5182367687
2025-04-13T19:20:00.000+0000,1178451.9272010475,709989.4132182874,942152.7029761496,915678.7360148882,520800.06490646413,1282992.9164134406,1055261.5182367687
2025-04-13T19:30:00.000+0000,1180008.4024039435,709989.4132182874,928218.2686403231,918253.4508538803,520800.06490646413,1278177.1638200646,1055261.5182367687
2025-04-13T19:40:00.000+0000,1181974.5157439513,709989.4132182874,921677.2503165134,924147.7665859121,520800.06490646413,1276234.7274133447,1055261.5182367687
2025-04-13T19:50:00.000+0000,1181124.8473329034,709989.4132182874,928251.36842809,924091.0904731043,520800.06490646413,1275403.7388164806,1055261.5182367687
2025-04-13T20:00:00.000+0000,1180430.0406432874,656190.9855182874,926751.5117482526,923200.4658432642,520800.06490646413,1273919.7323921446,995899.6246367686
2025-04-13T20:10:00.000+0000,1180490.9488869593,709946.3744761274,934868.8666273511,924487.8232627602,520800.06490646413,1274427.9667821927,1055214.0287218885
2025-04-13T20:20:00.000+0000,1179024.2359067914,709946.3744761274,935441.1732421177,923443.3634695843,520800.06490646413,1274254.4086598565,1055214.0287218885
2025-04-13T20:30:00.000+0000,1181280.0780481836,709946.3744761274,925004.5491520446,926398.6179231443,520800.06490646413,1270353.7635543526,1055214.0287218885
2025-04-13T20:40:00.000+0000,1182210.3163217355,709946.3744761274,921617.2103323136,929944.9232674163,520800.06490646413,1269410.6164361446,1055214.0287218885
2025-04-13T20:50:00.000+0000,1182536.8105772077,709946.3744761274,923115.4803025754,929993.5027926802,520800.06490646413,1269509.6628355845,1055214.0287218885
2025-04-13T21:00:00.000+0000,1181532.3611301275,709946.3744761274,916826.8610855818,932495.3483437762,520800.06490646413,1263990.0076751206,1055214.0287218885
2025-04-13T21:10:00.000+0000,1179217.0511810717,709946.3744761274,919482.3847338605,931556.1441886722,520800.06490646413,1263759.4625988486,1055214.0287218885
2025-04-13T21:20:00.000+0000,1178420.3324863354,709946.3744761274,924172.2450100672,930576.4570958484,520800.06490646413,1264396.7081342565,1055214.0287218885
2025-04-13T21:30:00.000+0000,1180152.4943873435,709946.3744761274,918073.3939767745,934649.0406304803,520800.06490646413,1259516.9586793606,1055214.0287218885
2025-04-13T21:40:00.000+0000,1179085.3632157915,709946.3744761274,919486.4476623612,934422.3361792482,520800.06490646413,1258907.7527742886,1055214.0287218885
2025-04-13T21:50:00.000+0000,1177728.7382047356,709946.3744761274,924134.5108401485,931572.3373637602,520800.06490646413,1260844.9317503206,1055214.0287218885
2025-04-13T22:00:00.000+0000,1177009.1457695914,709946.3744761274,924429.0152905192,929823.4744542562,520800.06490646413,1261221.8401022246,1055214.0287218885
2025-04-13T22:10:00.000+0000,1176716.1179195596,709946.3744761274,923991.0420051147,931248.4738620003,520800.06490646413,1260629.3141824806,1055214.0287218885
2025-04-13T22:20:00.000+0000,1176990.2657057354,709946.3744761274,925250.5144324263,931815.2349900804,520800.06490646413,1260985.1928116325,1055214.0287218885
2025-04-13T22:30:00.000+0000,1178572.5437298473,709946.3744761274,923009.806511984,931888.1042779761,520800.06490646413,1260703.8259053766,1055214.0287218885
2025-04-13T22:40:00.000+0000,1179689.8528469035,709946.3744761274,923146.721953555,935329.1539841762,520800.06490646413,1259219.8194810406,1055214.0287218885
2025-04-13T22:50:00.000+0000,1179849.3485281996,709946.3744761274,923894.4479520675,936430.2898901602,520800.06490646413,1257477.2283500966,1055214.0287218885
2025-04-13T23:00:00.000+0000,1179741.1117369595,709946.3744761274,922940.3356547875,937968.6415235202,520800.06490646413,1256763.7186148965,1055214.0287218885
2025-04-13T23:10:00.000+0000,1179437.3366515995,709946.3744761274,928059.9063983144,936268.3581392802,520800.06490646413,1259244.3541575845,1055214.0287218885
2025-04-13T23:20:00.000+0000,1177513.6713959356,709946.3744761274,927682.9650387912,933960.8306892402,520800.06490646413,1258626.3858680325,1055214.0287218885
2025-04-13T23:30:00.000+0000,1177872.3379029995,709946.3744761274,926268.7596549137,934616.6542803042,520800.06490646413,1256431.5298786566,1055214.0287218885
2025-04-13T23:40:00.000+0000,1178309.4946475995,709946.3744761274,925138.1151505273,935248.1881087363,520800.06490646413,1257092.4653069766,1055214.0287218885
2025-04-13T23:50:00.000+0000,1176570.1349494397,709946.3744761274,929333.6474521998,931135.1216363843,520800.06490646413,1260893.2192294085,1055214.0287218885
2025-04-14T00:00:00.000+0000,1178650.5871551195,709946.3744761274,930170.2372465364,934025.6033895921,520800.06490646413,1260728.4234915525,1055214.0287218885
2025-04-14T00:10:00.000+0000,1178077.3048781354,709946.3744761274,933891.0931688563,932155.2916669282,520800.06490646413,1261797.8118559045,1055214.0287218885
2025-04-14T00:20:00.000+0000,1174491.4924848075,709946.3744761274,943042.7519958762,924795.4935894323,520800.06490646413,1263777.0502774406,1055214.0287218885
2025-04-14T00:30:00.000+0000,1175042.6809310075,709946.3744761274,942187.2463328624,926495.7769736723,520800.06490646413,1263514.1158334087,1055214.0287218885
2025-04-14T00:40:00.000+0000,1174931.5193314876,709946.3744761274,943083.3518763864,926762.9643626243,520800.06490646413,1263494.8385875525,1055214.0287218885
2025-04-14T00:50:00.000+0000,1176670.8715656234,709946.3744761274,940172.0563461013,928528.0204472162,520800.06490646413,1263817.4201556805,1055214.0287218885
2025-04-14T01:00:00.000+0000,1176563.9927970956,709946.3744761274,940998.882393413,928042.2251945762,520800.06490646413,1264402.0913842085,1055214.0287218885
2025-04-14T01:10:00.000+0000,1177368.9513246876,709946.3744761274,942338.6344340194,929191.9406258243,520800.06490646413,1264343.3519533766,1055214.0287218885
2025-04-14T01:20:00.000+0000,1177479.0326591115,709946.3744761274,943554.6061870437,929281.003088808,520800.06490646413,1264451.1607372966,1055214.0287218885
2025-04-14T01:30:00.000+0000,1177370.4924707836,709946.3744761274,943115.2303360674,929434.8382521443,520800.06490646413,1264027.7802928325,1055214.0287218885
2025-04-14T01:40:00.000+0000,1178323.9332274876,709946.3744761274,941574.2712630826,930746.4854342723,520800.06490646413,1264004.9980931845,1055214.0287218885
2025-04-14T01:50:00.000+0000,1177750.9711641276,709946.3744761274,939689.5808220882,930195.9174812804,520800.06490646413,1264265.3352766887,1055214.0287218885
2025-04-14T02:00:00.000+0000,1177322.9131647034,709946.3744761274,940421.616347457,929110.9747503842,520800.06490646413,1264013.7604776644,1055214.0287218885
2025-04-14T02:10:00.000+0000,1178625.2503407996,709946.3744761274,943328.9569531097,930082.5652556642,520800.06490646413,1263813.0075086246,1055214.0287218885
2025-04-14T02:20:00.000+0000,1177551.5618293195,709946.3744761274,945297.6222201855,927046.3449266644,520800.06490646413,1264066.3347845445,1055214.0287218885
2025-04-14T02:30:00.000+0000,1176597.8734009115,709946.3744761274,957375.2322722117,921718.7903227122,520800.06490646413,1268477.1393956805,1055214.0287218885
2025-04-14T02:40:00.000+0000,1178462.9284023196,709946.3744761274,957334.4715976585,925313.6751922483,520800.06490646413,1270320.5294029606,1055214.0287218885
2025-04-14T02:50:00.000+0000,1178953.4333841593,709946.3744761274,956020.3252436996,926787.2541252563,520800.06490646413,1269850.6768659365,1055214.0287218885
2025-04-14T03:00:00.000+0000,1181138.8809063355,709946.3744761274,952953.6341925263,929094.7815752963,520800.06490646413,1269326.4975451366,1055214.0287218885
2025-04-14T03:10:00.000+0000,1183196.9453865355,709946.3744761274,950218.6519193756,932859.6947832562,520800.06490646413,1269016.1833152806,1055214.0287218885
2025-04-14T03:20:00.000+0000,1182873.4867106555,709946.3744761274,950798.6794280829,932244.3541299123,520800.06490646413,1267941.5375202405,1055214.0287218885
2025-04-14T03:30:00.000+0000,1182384.5011223275,709946.3744761274,949599.4222844096,932179.5814295602,520800.06490646413,1267833.7287363205,1055214.0287218885
2025-04-14T03:40:00.000+0000,1182674.5589602713,709946.3744761274,948600.9602345738,933118.7855846642,520800.06490646413,1266365.4946040486,1055214.0287218885
2025-04-14T03:50:00.000+0000,1182755.5864963434,709946.3744761274,946574.7237258848,934681.4269806562,520800.06490646413,1265513.4762844325,1055214.0287218885
2025-04-14T04:00:00.000+0000,1182697.8670888394,709946.3744761274,948894.2735930061,934438.5293543362,520800.06490646413,1265892.1371132326,1055214.0287218885
2025-04-14T04:10:00.000+0000,1182741.4890533274,709946.3744761274,948550.0932984677,935240.0915211923,520800.06490646413,1265161.1026090726,1055214.0287218885
2025-04-14T04:20:00.000+0000,1183757.9965162715,709946.3744761274,951462.2505254736,935264.3812838243,520800.06490646413,1266308.5076501125,1055214.0287218885
2025-04-14T04:30:00.000+0000,1183081.6353284395,709946.3744761274,953253.3326561812,934495.2054671443,520800.06490646413,1266051.6754204005,1055214.0287218885
2025-04-14T04:40:00.000+0000,1179929.5622058795,709946.3744761274,955986.8086703538,929726.3154037283,520800.06490646413,1266951.0106162084,1055214.0287218885
2025-04-14T04:50:00.000+0000,1179987.6782857915,709946.3744761274,955838.5955980744,929677.7358784643,520800.06490646413,1267128.0736923364,1055214.0287218885
2025-04-14T05:00:00.000+0000,1179701.3487827918,709946.3744761274,954555.5190923262,930195.9174812804,520800.06490646413,1266961.5254775845,1055214.0287218885
2025-04-14T05:10:00.000+0000,1179167.4059790315,709946.3744761274,955409.1625674487,929110.9747503842,520800.06490646413,1266265.5405113446,1055214.0287218885
2025-04-14T05:20:00.000+0000,1178661.6517663435,709946.3744761274,954816.1097598465,929272.9065012641,520800.06490646413,1266327.7848959686,1055214.0287218885
2025-04-14T05:30:00.000+0000,1178782.2800564475,709946.3744761274,949132.6217264289,929766.7983414482,520800.06490646413,1264459.8602121447,1055214.0287218885
2025-04-14T05:40:00.000+0000,1179580.5560343594,709946.3744761274,947772.0833034052,932147.1950793841,520800.06490646413,1263942.6907989285,1055214.0287218885
2025-04-14T05:50:00.000+0000,1178991.1185618795,709946.3744761274,948635.7000943841,931288.9567997202,520800.06490646413,1264061.0144442245,1055214.0287218885
2025-04-14T06:00:00.000+0000,1178756.1738381435,709946.3744761274,946145.3847660245,931046.0591734003,520800.06490646413,1262757.5760498086,1055214.0287218885
2025-04-14T06:10:00.000+0000,1178449.3565385037,709946.3744761274,948014.7837946061,932535.8312814962,520800.06490646413,1261565.4513931046,1055214.0287218885
2025-04-14T06:20:00.000+0000,1179823.6136825597,709946.3744761274,946294.2110734041,934033.6999771362,520800.06490646413,1261845.0658224644,1055214.0287218885
2025-04-14T06:30:00.000+0000,1179301.8620980156,709946.3744761274,946347.6279807694,934033.6999771362,520800.06490646413,1261584.7286389605,1055214.0287218885
2025-04-14T06:40:00.000+0000,1179418.6585960076,709946.3744761274,949370.8802874717,933871.7682262561,520800.06490646413,1262034.3962368646,1055214.0287218885
2025-04-14T06:50:00.000+0000,1179748.5935866875,709946.3744761274,947237.2262048831,934049.8931522241,520800.06490646413,1260474.1256127367,1055214.0287218885
2025-04-14T07:00:00.000+0000,1178433.8028913836,709946.3744761274,946119.0929235943,933928.4443390644,520800.06490646413,1259870.1771383525,1055214.0287218885
2025-04-14T07:10:00.000+0000,1178590.1121438635,709946.3744761274,943948.2444846462,934041.7965646802,520800.06490646413,1259722.9061694567,1055214.0287218885
2025-04-14T07:20:00.000+0000,1178698.3423004155,709946.3744761274,946320.6537743022,934074.1829148562,520800.06490646413,1260254.0953978405,1055214.0287218885
2025-04-14T07:30:00.000+0000,1178318.7182627995,709946.3744761274,947285.256700547,933879.8648138002,520800.06490646413,1260502.2281527044,1055214.0287218885
2025-04-14T07:40:00.000+0000,1178119.6055105354,709946.3744761274,948268.6540772149,932624.8937444803,520800.06490646413,1260807.2849518727,1055214.0287218885
2025-04-14T07:50:00.000+0000,1179035.8649461116,709946.3744761274,948010.2780834062,933353.5866234403,520800.06490646413,1262299.2089770564,1055214.0287218885
2025-04-14T08:00:00.000+0000,1179112.0852410556,709946.3744761274,951233.8339443171,932131.0019042961,520800.06490646413,1263039.9135589607,1055214.0287218885
2025-04-14T08:10:00.000+0000,1177657.6350028396,709946.3744761274,948519.1456823035,931604.723713936,520800.06490646413,1261738.2276414405,1055214.0287218885
2025-04-14T08:20:00.000+0000,1178506.5637560876,709946.3744761274,949079.5079399433,932187.6780171043,520800.06490646413,1262306.2188846406,1055214.0287218885
2025-04-14T08:30:00.000+0000,1178114.2993388716,709946.3744761274,951616.6908154507,932414.3824683363,520800.06490646413,1261434.9233191686,1055214.0287218885
2025-04-14T08:40:00.000+0000,1178239.8140467114,709946.3744761274,954364.3574826947,931766.6554648161,520800.06490646413,1262577.0709295205,1055214.0287218885
2025-04-14T08:50:00.000+0000,1179037.4776149434,709946.3744761274,953243.2084282804,932576.3142192161,520800.06490646413,1262316.7337460164,1055214.0287218885
2025-04-14T09:00:00.000+0000,1178090.0621341595,709946.3744761274,953564.2901349722,932722.0527950083,520800.06490646413,1261469.1280734567,1055214.0287218885
2025-04-14T09:10:00.000+0000,1179012.8430583675,709946.3744761274,955538.533469809,933758.4160006403,520800.06490646413,1261583.9467649604,1055214.0287218885
2025-04-14T09:20:00.000+0000,1179197.9928999036,709946.3744761274,951337.4062250374,934535.6884048642,520800.06490646413,1260578.5552621286,1055214.0287218885
2025-04-14T09:30:00.000+0000,1179566.3603799755,709946.3744761274,949632.6671354675,935547.7618478643,520800.06490646413,1259868.5504807206,1055214.0287218885
2025-04-14T09:40:00.000+0000,1179284.3466615835,709946.3744761274,948027.2669099992,936049.7502755922,520800.06490646413,1258797.4096394726,1055214.0287218885
2025-04-14T09:50:00.000+0000,1178811.6351835434,709946.3744761274,947883.3376031356,935580.1481980402,520800.06490646413,1258184.6987806086,1055214.0287218885
2025-04-14T10:00:00.000+0000,1177929.2410440396,709946.3744761274,950581.2780416972,934292.7907785443,520800.06490646413,1258870.1688854725,1055214.0287218885
2025-04-14T10:10:00.000+0000,1178227.9199296236,709946.3744761274,953189.9344200452,934147.0522027523,520800.06490646413,1259953.5770649926,1055214.0287218885
2025-04-14T10:20:00.000+0000,1178042.3800503674,709946.3744761274,955774.0110991789,932041.9394413122,520800.06490646413,1261099.2296291366,1055214.0287218885
2025-04-14T10:30:00.000+0000,1179575.8400002073,709946.3744761274,957630.7496202032,933045.9162967684,520800.06490646413,1263302.0032193605,1055214.0287218885
2025-04-14T10:40:00.000+0000,1177319.1781950714,709946.3744761274,959851.2565271233,929669.6392909202,520800.06490646413,1263609.6572790565,1055214.0287218885
2025-04-14T10:50:00.000+0000,1178835.5759655836,709946.3744761274,962649.8890661355,931823.3315776242,520800.06490646413,1263549.1653713286,1055214.0287218885
2025-04-14T11:00:00.000+0000,1178412.0729392634,709946.3744761274,960240.5995140085,930382.1389947922,520800.06490646413,1264218.8631841287,1055214.0287218885
2025-04-14T11:10:00.000+0000,1178407.1061758555,709946.3744761274,962064.8720601553,930876.0308349764,520800.06490646413,1264289.8699532326,1055214.0287218885
2025-04-14T11:20:00.000+0000,1178280.5112029195,709946.3744761274,960289.9912410771,931475.1783132323,520800.06490646413,1263321.2804652166,1055214.0287218885
2025-04-14T11:30:00.000+0000,1178532.3434658074,709946.3744761274,960828.8190485602,931507.5646634083,520800.06490646413,1263572.8552642404,1055214.0287218885
2025-04-14T11:40:00.000+0000,1178962.1488462074,709946.3744761274,960367.8511459322,932381.9961181603,520800.06490646413,1263312.5180807365,1055214.0287218885
2025-04-14T11:50:00.000+0000,1179172.5845628474,709946.3744761274,961307.0705728128,931920.4906281523,520800.06490646413,1264282.8600456486,1055214.0287218885
2025-04-14T12:00:00.000+0000,1178654.1547987196,709946.3744761274,959703.0675293033,932365.802943072,520800.06490646413,1262733.1042828965,1055214.0287218885
2025-04-14T12:10:00.000+0000,1178720.6958732395,709946.3744761274,957809.9762181316,932398.1892932483,520800.06490646413,1262861.0980059365,1055214.0287218885
2025-04-14T12:20:00.000+0000,1177950.6793296793,709946.3744761274,959858.5651695887,931353.7295000723,520800.06490646413,1262614.7806376005,1055214.0287218885
2025-04-14T12:30:00.000+0000,1178113.3779165994,709946.3744761274,961571.6619618009,931264.6670370882,520800.06490646413,1262878.6227748964,1055214.0287218885
2025-04-14T12:40:00.000+0000,1177891.6081944236,709946.3744761274,962752.827668313,930519.7809830403,520800.06490646413,1263338.8052341766,1055214.0287218885
2025-04-14T12:50:00.000+0000,1178349.5379573037,709946.3744761274,962416.1224711132,931369.9226751602,520800.06490646413,1262773.4112515047,1055214.0287218885
2025-04-14T13:00:00.000+0000,1178175.1086924395,709946.3744761274,963633.0336528614,930973.1898855043,520800.06490646413,1263009.2137584644,1055214.0287218885
2025-04-14T13:10:00.000+0000,1178580.9862204473,709946.3744761274,963447.4648400275,931458.9851381442,520800.06490646413,1263278.3133264487,1055214.0287218885
2025-04-14T13:20:00.000+0000,1180195.6970975033,709946.3744761274,961468.1974434492,933815.0921134482,520800.06490646413,1262892.6425900646,1055214.0287218885
2025-04-14T13:30:00.000+0000,1180833.7068210714,709946.3744761274,955318.6006150873,935442.5062097925,520800.06490646413,1261448.0983507046,1055214.0287218885
2025-04-14T13:40:00.000+0000,1181149.8154916635,709946.3744761274,949292.4117530549,937239.9486445603,520800.06490646413,1259729.1971126725,1055214.0287218885
2025-04-14T13:50:00.000+0000,1182425.9601485515,709946.3744761274,952332.1961348308,939191.2262426643,520800.06490646413,1260357.6802636005,1055214.0287218885
2025-04-14T14:00:00.000+0000,1183627.3950810714,709946.3744761274,950821.5240006312,939911.8225340801,520800.06490646413,1260607.5025857287,1055214.0287218885
2025-04-14T14:10:00.000+0000,1184897.7539902634,709946.3744761274,952926.1210755862,940883.4130393602,520800.06490646413,1261735.6303809125,1055214.0287218885
2025-04-14T14:20:00.000+0000,1187223.5845760715,709946.3744761274,955640.2499658256,942996.6223883443,520800.06490646413,1262952.2897141606,1055214.0287218885
2025-04-14T14:30:00.000+0000,1188703.2726178796,709946.3744761274,958262.4435368457,941353.0151169123,520800.06490646413,1263943.6614018246,1055214.0287218885
2025-04-14T14:40:00.000+0000,1188039.8896991196,709946.3744761274,963689.3306690613,941255.8560663841,520800.06490646413,1265915.8899157764,1055214.0287218885
2025-04-14T14:50:00.000+0000,1186780.2260668555,709946.3744761274,963626.7994239654,938559.6924142322,520800.06490646413,1266865.2021579365,1055214.0287218885
2025-04-14T15:00:00.000+0000,1187676.1908311676,709946.3744761274,952417.5008294415,942227.4465716642,520800.06490646413,1264376.7119240325,1055214.0287218885
2025-04-14T15:10:00.000+0000,1189171.0924024074,709946.3744761274,949918.6517030672,944810.2579982001,520800.06490646413,1263838.5127880645,1055214.0287218885
2025-04-14T15:20:00.000+0000,1189904.6630260474,709946.3744761274,947144.7655596416,945409.4054764563,520800.06490646413,1260419.0798645925,1055214.0287218885
2025-04-14T15:30:00.000+0000,1188974.1376123917,709946.3744761274,940115.55962521,949603.4378242481,520800.06490646413,1256881.3232958245,1055214.0287218885
2025-04-14T15:40:00.000+0000,1187769.1034415674,709946.3744761274,936049.9466246641,949741.0798124962,520800.06490646413,1254963.4215656486,1055214.0287218885
2025-04-14T15:50:00.000+0000,1193992.7205815515,709946.3744761274,936685.1846362664,957036.1051896403,520800.06490646413,1255926.7536229766,1055214.0287218885
2025-04-14T16:00:00.000+0000,1196518.2435355596,60781.13667612734,936622.0752571148,959537.9507407362,520800.06490646413,1254572.1153942565,119042.43192188846
2025-04-14T16:10:00.000+0000,1204798.6043046394,709427.0422858874,934426.4246544521,971779.9911072643,520800.06490646413,1253973.4243505606,1054465.0914444486
2025-04-14T16:20:00.000+0000,1212043.3852994717,709427.0422858874,937543.6489539105,980572.8851800483,520800.06490646413,1252452.6159114086,1054465.0914444486
2025-04-14T16:30:00.000+0000,1216550.2385501754,709427.0422858874,938577.4514802042,986661.5190131362,520800.06490646413,1252301.8399887206,1054465.0914444486
2025-04-14T16:40:00.000+0000,1213930.686000068,709427.0422858874,943073.8003989283,983374.3044702719,520800.06490646413,1254070.7182731046,1054465.0914444486
2025-04-14T16:50:00.000+0000,1212820.881284684,1081275.7467486039,940668.6287296372,983374.3044702719,983374.3044702719,1252648.9562333927,1054465.0914444486
2025-04-14T17:00:00.000+0000,1214073.327095828,1081275.7467486039,940454.1975074654,983374.3044702719,983374.3044702719,1254570.3629173606,1054465.0914444486
2025-04-14T17:10:00.000+0000,1215239.413529788,1081275.7467486039,941889.243172803,983374.3044702719,983374.3044702719,1256375.1984329286,1054465.0914444486
2025-04-14T17:20:00.000+0000,1215639.368559588,1081275.7467486039,944326.5205775956,983374.3044702719,983374.3044702719,1256957.2094912967,1054465.0914444486
2025-04-14T17:30:00.000+0000,1215288.8110601238,1081275.7467486039,943629.5744020455,983374.3044702719,983374.3044702719,1256424.2677860167,1054465.0914444486
2025-04-14T17:40:00.000+0000,1215459.679316076,1081275.7467486039,943938.3761768462,983374.3044702719,983374.3044702719,1256686.3574464165,1054465.0914444486
2025-04-14T17:50:00.000+0000,1215848.9628599,1081275.7467486039,946163.6570563015,983374.3044702719,983374.3044702719,1257288.5534439045,1054465.0914444486
2025-04-14T18:00:00.000+0000,1216713.889324732,1081275.7467486039,948790.6040042085,983374.3044702719,983374.3044702719,1258609.5166072806,1054465.0914444486
2025-04-14T18:10:00.000+0000,1216810.7475860838,1081275.7467486039,947511.7019096403,983374.3044702719,983374.3044702719,1258767.3024375527,1054465.0914444486
2025-04-14T18:20:00.000+0000,1217034.4554664919,1081275.7467486039,947676.9989345707,983374.3044702719,983374.3044702719,1259112.6662053287,1054465.0914444486
2025-04-14T18:30:00.000+0000,1216067.3781477718,1081275.7467486039,945814.5649607759,983374.3044702719,983374.3044702719,1257628.6597809927,1054465.0914444486
2025-04-14T18:40:00.000+0000,1216079.7275303558,1081275.7467486039,944778.1972154698,983374.3044702719,983374.3044702719,1257640.9271192646,1054465.0914444486
2025-04-14T18:50:00.000+0000,1216476.0678642278,1081275.7467486039,946519.8739275059,983374.3044702719,983374.3044702719,1258250.1330243365,1054465.0914444486
2025-04-14T19:00:00.000+0000,1216851.32412886,1081275.7467486039,949283.4125468789,983374.3044702719,983374.3044702719,1258807.6094061607,1054465.0914444486
2025-04-14T19:10:00.000+0000,1216048.144576948,1081275.7467486039,949649.6175165523,983374.3044702719,983374.3044702719,1257547.9829341446,1054465.0914444486
2025-04-14T19:20:00.000+0000,1216041.0877868999,1081275.7467486039,949310.0739741081,983374.3044702719,983374.3044702719,1257540.9730265606,1054465.0914444486
2025-04-14T19:30:00.000+0000,1216558.9851472918,1081275.7467486039,948580.5996880827,983374.3044702719,983374.3044702719,1258332.4994384486,1054465.0914444486
2025-04-14T19:40:00.000+0000,1216449.7775033559,1081275.7467486039,950132.2828275408,983374.3044702719,983374.3044702719,1258162.4462699045,1054465.0914444486
2025-04-14T19:50:00.000+0000,1215908.9455753078,1081275.7467486039,946856.3923335423,983374.3044702719,983374.3044702719,1257348.1376583686,1054465.0914444486
2025-04-14T20:00:00.000+0000,1216171.379500076,1081275.7467486039,945626.3489221821,983374.3044702719,983374.3044702719,1257762.7557183527,1054465.0914444486
2025-04-14T20:10:00.000+0000,1216474.38996762,1081275.7467486039,945431.101051948,983374.3044702719,983374.3044702719,1258217.6807469446,1054465.0914444486
2025-04-14T20:20:00.000+0000,1215630.547572028,1081275.7467486039,942419.9292675214,983374.3044702719,983374.3044702719,1256948.4471068166,1054465.0914444486
2025-04-14T20:30:00.000+0000,1215727.4058333798,1081275.7467486039,942815.4080484984,983374.3044702719,983374.3044702719,1257106.2329370885,1054465.0914444486
2025-04-14T20:40:00.000+0000,1215799.651630468,1081275.7467486039,943702.4978770195,983374.3044702719,983374.3044702719,1257208.7842903207,1054465.0914444486
2025-04-14T20:50:00.000+0000,1216437.341819868,1081275.7467486039,945973.7503017915,983374.3044702719,983374.3044702719,1258180.8787321285,1054465.0914444486
2025-04-14T21:00:00.000+0000,1216213.63393946,1081275.7467486039,944317.7476633834,983374.3044702719,983374.3044702719,1257835.5149643526,1054465.0914444486
2025-04-14T21:10:00.000+0000,1216026.8879059,1081275.7467486039,944293.9613100274,983374.3044702719,983374.3044702719,1257557.6530118885,1054465.0914444486
2025-04-14T21:20:00.000+0000,1215658.6884313158,1081275.7467486039,943538.5693540503,983374.3044702719,983374.3044702719,1257007.1865376486,1054465.0914444486
2025-04-14T21:30:00.000+0000,1214837.78060338,1081275.7467486039,938221.5114198249,983374.3044702719,983374.3044702719,1255760.7350971685,1054465.0914444486
2025-04-14T21:40:00.000+0000,1215117.8565032678,1081275.7467486039,937997.0468210655,983374.3044702719,983374.3044702719,1256192.8779261126,1054465.0914444486
2025-04-14T21:50:00.000+0000,1215232.35673974,1081275.7467486039,939832.8065076792,983374.3044702719,983374.3044702719,1256368.1885253447,1054465.0914444486
2025-04-14T22:00:00.000+0000,1214971.6870124838,1081275.7467486039,940456.2687454714,983374.3044702719,983374.3044702719,1255955.3229422565,1054465.0914444486
2025-04-14T22:10:00.000+0000,1214976.97960502,1081275.7467486039,939415.6287264741,983374.3044702719,983374.3044702719,1255960.5803729445,1054465.0914444486
2025-04-14T22:20:00.000+0000,1214490.75149894,1081275.7467486039,938295.9602289929,983374.3044702719,983374.3044702719,1255231.2983456806,1054465.0914444486
2025-04-14T22:30:00.000+0000,1214326.9400330358,1081275.7467486039,939044.5894641757,983374.3044702719,983374.3044702719,1254976.2185928647,1054465.0914444486
2025-04-14T22:40:00.000+0000,1214087.4406759238,1081275.7467486039,940995.4884145636,983374.3044702719,983374.3044702719,1254584.3827325285,1054465.0914444486
2025-04-14T22:50:00.000+0000,1213978.233031988,1081275.7467486039,940737.2611864975,983374.3044702719,983374.3044702719,1254414.3295639846,1054465.0914444486
2025-04-14T23:00:00.000+0000,1213574.8359080679,1081275.7467486039,940747.9681004157,983374.3044702719,983374.3044702719,1253798.1137513286,1054465.0914444486
2025-04-14T23:10:00.000+0000,1213574.8359080679,1081275.7467486039,943046.0824351835,983374.3044702719,983374.3044702719,1253798.1137513286,1054465.0914444486
2025-04-14T23:20:00.000+0000,1213805.600578524,1081275.7467486039,943101.3937071076,983374.3044702719,983374.3044702719,1254150.4874266887,1054465.0914444486
2025-04-14T23:30:00.000+0000,1213696.3929345878,1081275.7467486039,943576.8438741035,983374.3044702719,983374.3044702719,1253980.4342581446,1054465.0914444486
2025-04-14T23:40:00.000+0000,1213678.7509594678,1081275.7467486039,940075.4649402138,983374.3044702719,983374.3044702719,1253962.9094891846,1054465.0914444486
2025-04-14T23:50:00.000+0000,1214076.855490852,1081275.7467486039,940481.0963697309,983374.3044702719,983374.3044702719,1254573.8678711527,1054465.0914444486
2025-04-15T00:00:00.000+0000,1214841.3089984038,1081275.7467486039,939514.2578790498,983374.3044702719,983374.3044702719,1255764.2400509606,1054465.0914444486
2025-04-15T00:10:00.000+0000,1213365.0690059478,1081275.7467486039,935655.4814184502,983374.3044702719,983374.3044702719,1253528.1693997125,1054465.0914444486
2025-04-15T00:20:00.000+0000,1213363.304808436,1081275.7467486039,936119.8550688697,983374.3044702719,983374.3044702719,1253526.4169228165,1054465.0914444486
2025-04-15T00:30:00.000+0000,1214527.713345788,1081275.7467486039,940749.9450082979,983374.3044702719,983374.3044702719,1255298.8001609927,1054465.0914444486
2025-04-15T00:40:00.000+0000,1215013.9414518678,1081275.7467486039,943349.7802520792,983374.3044702719,983374.3044702719,1256028.0821882566,1054465.0914444486
2025-04-15T00:50:00.000+0000,1214416.74150434,1081275.7467486039,941703.5099978215,983374.3044702719,983374.3044702719,1255126.9945155527,1054465.0914444486
2025-04-15T01:00:00.000+0000,1213192.4365524838,1081275.7467486039,937084.3759526493,983374.3044702719,983374.3044702719,1253264.3272624165,1054465.0914444486
2025-04-15T01:10:00.000+0000,1213245.27617694,1081275.7467486039,937761.5863621095,983374.3044702719,983374.3044702719,1253347.6013697926,1054465.0914444486
2025-04-15T01:20:00.000+0000,1213435.5506055239,1081275.7467486039,940034.1588091302,983374.3044702719,983374.3044702719,1253628.9682760485,1054465.0914444486
2025-04-15T01:30:00.000+0000,1214168.334858764,1081275.7467486039,943101.0197939877,983374.3044702719,983374.3044702719,1254757.0960712326,1054465.0914444486
2025-04-15T01:40:00.000+0000,1214117.25943182,1081275.7467486039,944523.6380942011,983374.3044702719,983374.3044702719,1254675.5744407526,1054465.0914444486
2025-04-15T01:50:00.000+0000,1213978.0604301798,1081275.7467486039,946372.1700661266,983374.3044702719,983374.3044702719,1254475.7291649766,1054465.0914444486
2025-04-15T02:00:00.000+0000,1213726.12538958,1081275.7467486039,945994.8580307949,983374.3044702719,983374.3044702719,1254102.3257668645,1054465.0914444486
2025-04-15T02:10:00.000+0000,1214355.080892324,1081275.7467486039,945892.8783441212,983374.3044702719,983374.3044702719,1255034.9580236967,1054465.0914444486
2025-04-15T02:20:00.000+0000,1212643.5898425719,176914.77874860392,941073.6653555424,983085.9623838718,622946.6964702718,1253149.5085709125,1054465.0914444486
2025-04-15T02:30:00.000+0000,1212067.5602651879,1080811.4952183638,938487.217760616,983189.2798637117,983189.2798637117,1252269.4506209607,1054465.0914444486
2025-04-15T02:40:00.000+0000,1212689.3726769798,1080811.4952183638,940398.1281965086,983189.2798637117,983189.2798637117,1253225.7727707047,1054465.0914444486
2025-04-15T02:50:00.000+0000,1213189.628062252,1080811.4952183638,942090.3965297791,983189.2798637117,983189.2798637117,1253999.7744136327,1054465.0914444486
2025-04-15T03:00:00.000+0000,1213781.5354172438,1080811.4952183638,944427.256811579,983189.2798637117,983189.2798637117,1254895.6046556486,1054465.0914444486
2025-04-15T03:10:00.000+0000,1213425.6853252437,1080811.4952183638,944297.6907743479,983189.2798637117,983189.2798637117,1254357.4055196806,1054465.0914444486
2025-04-15T03:20:00.000+0000,1213367.553108252,1080811.4952183638,945551.3819682543,983189.2798637117,983189.2798637117,1254268.8739816165,1054465.0914444486
2025-04-15T03:30:00.000+0000,1213822.0256591158,1080811.4952183638,947874.1998261503,983189.2798637117,983189.2798637117,1254966.6114247525,1054465.0914444486
2025-04-15T03:40:00.000+0000,1213635.2796255557,1080811.4952183638,948406.43271808,983189.2798637117,983189.2798637117,1254688.7494722886,1054465.0914444486
2025-04-15T03:50:00.000+0000,1213778.0070222197,1080811.4952183638,948959.3024307503,983189.2798637117,983189.2798637117,1254892.0997018567,1054465.0914444486
2025-04-15T04:00:00.000+0000,1212918.3731499237,1080811.4952183638,948751.7810675309,983189.2798637117,983189.2798637117,1253576.3939691687,1054465.0914444486
2025-04-15T04:10:00.000+0000,1212789.7593333558,1080811.4952183638,948176.6039308526,983189.2798637117,983189.2798637117,1253387.0635547687,1054465.0914444486
2025-04-15T04:20:00.000+0000,1211271.2649015158,1080811.4952183638,946400.3085179019,983189.2798637117,983189.2798637117,1251078.2336575205,1054465.0914444486
2025-04-15T04:30:00.000+0000,1211274.79329654,1080811.4952183638,946644.8559492412,983189.2798637117,983189.2798637117,1251081.7386113126,1054465.0914444486
2025-04-15T04:40:00.000+0000,1211419.2848907157,1080811.4952183638,947726.1202182841,983189.2798637117,983189.2798637117,1251286.8413177766,1054465.0914444486
2025-04-15T04:50:00.000+0000,1211576.1258674758,1080811.4952183638,949013.8677990955,983189.2798637117,983189.2798637117,1251504.2113625125,1054465.0914444486
2025-04-15T05:00:00.000+0000,1211907.3634952118,1080811.4952183638,952237.1432989351,983189.2798637117,983189.2798637117,1251987.1760214404,1054465.0914444486
2025-04-15T05:10:00.000+0000,1211563.862785796,1080811.4952183638,952476.9936580907,983189.2798637117,983189.2798637117,1251461.2442237446,1054465.0914444486
2025-04-15T05:20:00.000+0000,1211363.0894730438,1080811.4952183638,953312.8742774774,983189.2798637117,983189.2798637117,1251138.6626556166,1054465.0914444486
2025-04-15T05:30:00.000+0000,1210919.2021072519,1080811.4952183638,952493.7916245576,983189.2798637117,983189.2798637117,1250451.4400738566,1054465.0914444486
2025-04-15T05:40:00.000+0000,1211851.0817766357,1080811.4952183638,954807.5586664063,983189.2798637117,983189.2798637117,1251869.6971597765,1054465.0914444486
2025-04-15T05:50:00.000+0000,1211884.5152284598,1080811.4952183638,952617.3858811925,983189.2798637117,983189.2798637117,1251933.6940212965,1054465.0914444486
2025-04-15T06:00:00.000+0000,1211720.6174616518,1080811.4952183638,951193.9211677288,983189.2798637117,983189.2798637117,1251709.3140689766,1054465.0914444486
2025-04-15T06:10:00.000+0000,1211555.0417982358,1080811.4952183638,950913.0978644531,983189.2798637117,983189.2798637117,1251452.4818392645,1054465.0914444486
2025-04-15T06:20:00.000+0000,1211806.8905379318,1080811.4952183638,950794.7380700421,983189.2798637117,983189.2798637117,1251856.5850378727,1054465.0914444486
2025-04-15T06:30:00.000+0000,1211523.2862430199,1080811.4952183638,952401.6110810293,983189.2798637117,983189.2798637117,1251420.9372551367,1054465.0914444486
2025-04-15T06:40:00.000+0000,1211766.40029606,1080811.4952183638,951995.5138317867,983189.2798637117,983189.2798637117,1251785.5782687685,1054465.0914444486
2025-04-15T06:50:00.000+0000,1211419.37119162,1080811.4952183638,950444.5511353628,983189.2798637117,983189.2798637117,1251256.1415172806,1054465.0914444486
2025-04-15T07:00:00.000+0000,1211475.7392111,1080811.4952183638,951821.0746029209,983189.2798637117,983189.2798637117,1251342.9205784486,1054465.0914444486
2025-04-15T07:10:00.000+0000,1212412.9114730197,1080811.4952183638,953743.9130571773,983189.2798637117,983189.2798637117,1252766.4350950567,1054465.0914444486
2025-04-15T07:20:00.000+0000,1213563.206430276,1080811.4952183638,955145.4737178261,983189.2798637117,983189.2798637117,1254524.7985180647,1054465.0914444486
2025-04-15T07:30:00.000+0000,1213076.9783241958,1080811.4952183638,954534.2536280036,983189.2798637117,983189.2798637117,1253795.5164908005,1054465.0914444486
2025-04-15T07:40:00.000+0000,1213024.1386997397,1080811.4952183638,954527.4906478507,983189.2798637117,983189.2798637117,1253712.2423834247,1054465.0914444486
2025-04-15T07:50:00.000+0000,1213068.1573366357,1080811.4952183638,954262.813478228,983189.2798637117,983189.2798637117,1253786.7541063207,1054465.0914444486
2025-04-15T08:00:00.000+0000,1209180.528190028,1080811.4952183638,954968.1505705214,983189.2798637117,983189.2798637117,1247800.7513626246,1054465.0914444486
2025-04-15T08:10:00.000+0000,1208040.818417844,1080811.4952183638,955750.3770711471,983189.2798637117,983189.2798637117,1246052.9028009926,1054465.0914444486
2025-04-15T08:20:00.000+0000,1209879.7926905397,1080811.4952183638,955675.2469532341,983189.2798637117,983189.2798637117,1248895.5820967846,1054465.0914444486
2025-04-15T08:30:00.000+0000,1209789.904918332,1080811.4952183638,954427.9346671444,983189.2798637117,983189.2798637117,1248775.5059745926,1054465.0914444486
2025-04-15T08:40:00.000+0000,1208990.1674605398,1080811.4952183638,955158.6515027739,983189.2798637117,983189.2798637117,1247550.0842568646,1054465.0914444486
2025-04-15T08:50:00.000+0000,1208872.1388290438,1080811.4952183638,954566.3992758691,983189.2798637117,983189.2798637117,1247371.2687038407,1054465.0914444486
2025-04-15T09:00:00.000+0000,1209458.6672905958,1080811.4952183638,954318.1625340737,983189.2798637117,983189.2798637117,1248292.5413156645,1054465.0914444486
2025-04-15T09:10:00.000+0000,1210801.0008739477,1080811.4952183638,957939.4592919522,983189.2798637117,983189.2798637117,1250334.0241218247,1054465.0914444486
2025-04-15T09:20:00.000+0000,1209508.0648209318,1080811.4952183638,958923.5302059506,983189.2798637117,983189.2798637117,1248341.6106687526,1054465.0914444486
2025-04-15T09:30:00.000+0000,1209590.8958030918,1080811.4952183638,954666.5827019948,983189.2798637117,983189.2798637117,1248454.6768833606,1054465.0914444486
2025-04-15T09:40:00.000+0000,1209383.2383020998,1080811.4952183638,956602.5775138992,983189.2798637117,983189.2798637117,1248063.6858066565,1054465.0914444486
2025-04-15T09:50:00.000+0000,1209998.0802247478,1080811.4952183638,959395.5542531471,983189.2798637117,983189.2798637117,1248982.2982483206,1054465.0914444486
2025-04-15T10:00:00.000+0000,1210066.625025004,1080811.4952183638,960594.8749363626,983189.2798637117,983189.2798637117,1249142.7442487525,1054465.0914444486
2025-04-15T10:10:00.000+0000,1209164.7367133237,1080811.4952183638,957572.2361241187,983189.2798637117,983189.2798637117,1247754.2792700646,1054465.0914444486
2025-04-15T10:20:00.000+0000,1208486.469981148,1080811.4952183638,955664.4028367333,983189.2798637117,983189.2798637117,1246741.8778596485,1054465.0914444486
2025-04-15T10:30:00.000+0000,1207626.7498079478,1080811.4952183638,952481.218748861,983189.2798637117,983189.2798637117,1245456.8719274565,1054465.0914444486
2025-04-15T10:40:00.000+0000,1207572.1459859798,1080811.4952183638,952150.7316475766,983189.2798637117,983189.2798637117,1245371.8453431847,1054465.0914444486
2025-04-15T10:50:00.000+0000,1207667.24004982,1080811.4952183638,953922.2621740565,983189.2798637117,983189.2798637117,1245527.8786965606,1054465.0914444486
2025-04-15T11:00:00.000+0000,1207383.6357549077,1080811.4952183638,953396.2369416094,983189.2798637117,983189.2798637117,1245092.2309138246,1054465.0914444486
2025-04-15T11:10:00.000+0000,1207092.9746699478,1080811.4952183638,951232.6084401156,983189.2798637117,983189.2798637117,1244649.5732235045,1054465.0914444486
2025-04-15T11:20:00.000+0000,1207094.7388674598,1080811.4952183638,951483.1182709102,983189.2798637117,983189.2798637117,1244651.3257004006,1054465.0914444486
2025-04-15T11:30:00.000+0000,1207274.4281109718,1080811.4952183638,952604.0317236555,983189.2798637117,983189.2798637117,1244922.1777452806,1054465.0914444486
2025-04-15T11:40:00.000+0000,1207161.6920720118,1080811.4952183638,952680.8158109966,983189.2798637117,983189.2798637117,1244748.6196229446,1054465.0914444486
2025-04-15T11:50:00.000+0000,1206913.2854264358,1080811.4952183638,951934.0088513412,983189.2798637117,983189.2798637117,1244378.7211786245,1054465.0914444486
2025-04-15T12:00:00.000+0000,1206805.7556791077,1080811.4952183638,953187.6102492269,983189.2798637117,983189.2798637117,1244241.1202874726,1054465.0914444486
2025-04-15T12:10:00.000+0000,1206784.585308964,1080811.4952183638,954737.3030664173,983189.2798637117,983189.2798637117,1244220.0905647206,1054465.0914444486
2025-04-15T12:20:00.000+0000,1205727.6202180358,1080811.4952183638,952002.8736904182,983189.2798637117,983189.2798637117,1242616.0080181926,1054465.0914444486
2025-04-15T12:30:00.000+0000,1204887.3925183718,1080811.4952183638,951256.7193595099,983189.2798637117,983189.2798637117,1241319.5795313607,1054465.0914444486
2025-04-15T12:40:00.000+0000,1205688.894173676,1080811.4952183638,952508.6207139152,983189.2798637117,983189.2798637117,1242546.7537259846,1054465.0914444486
2025-04-15T12:50:00.000+0000,1206273.7447386198,1080811.4952183638,955162.4030202633,983189.2798637117,983189.2798637117,1243435.5740604165,1054465.0914444486
2025-04-15T13:00:00.000+0000,1207519.047458812,1080811.4952183638,956815.0787160341,983189.2798637117,983189.2798637117,1245380.6706372965,1054465.0914444486
2025-04-15T13:10:00.000+0000,1207682.8589247158,1080811.4952183638,956736.9210381944,983189.2798637117,983189.2798637117,1245635.7503901126,1054465.0914444486
2025-04-15T13:20:00.000+0000,1206448.0550886919,1080811.4952183638,954308.971036633,983189.2798637117,983189.2798637117,1243731.8684751047,1054465.0914444486
2025-04-15T13:30:00.000+0000,1206358.2536173877,1080811.4952183638,955321.977522152,983189.2798637117,983189.2798637117,1243581.0925524165,1054465.0914444486
2025-04-15T13:40:00.000+0000,1207119.26503082,1080811.4952183638,959854.2136885149,983189.2798637117,983189.2798637117,1244737.2599779365,1054465.0914444486
2025-04-15T13:50:00.000+0000,1206832.04603998,1080811.4952183638,953122.2079635025,983189.2798637117,983189.2798637117,1244328.8070419047,1054465.0914444486
2025-04-15T14:00:00.000+0000,1205741.6474972279,1080811.4952183638,949000.1619873896,983189.2798637117,983189.2798637117,1242660.7276338565,1054465.0914444486
2025-04-15T14:10:00.000+0000,1205125.1276779717,1080811.4952183638,945024.502810501,983189.2798637117,983189.2798637117,1241709.6629148005,1054465.0914444486
2025-04-15T14:20:00.000+0000,1204786.9195610918,1080811.4952183638,941748.6718227996,983189.2798637117,983189.2798637117,1241188.9885477927,1054465.0914444486
2025-04-15T14:30:00.000+0000,1205295.9959339239,1080811.4952183638,942122.21816604,983189.2798637117,983189.2798637117,1241971.7525752005,1054465.0914444486
2025-04-15T14:40:00.000+0000,1205584.8928213718,1080811.4952183638,945022.4846220282,983189.2798637117,983189.2798637117,1242412.6577886245,1054465.0914444486
2025-04-15T14:50:00.000+0000,1205495.0913500679,1080811.4952183638,946323.3834719502,983189.2798637117,983189.2798637117,1242261.8818659366,1054465.0914444486
2025-04-15T15:00:00.000+0000,1205507.4407326519,1080811.4952183638,945573.6060351463,983189.2798637117,983189.2798637117,1242274.1492042085,1054465.0914444486
2025-04-15T15:10:00.000+0000,1206289.536215324,1080811.4952183638,947309.7189075996,983189.2798637117,983189.2798637117,1243482.0461529766,1054465.0914444486
2025-04-15T15:20:00.000+0000,1206923.611708796,1080811.4952183638,947969.1474396843,983189.2798637117,983189.2798637117,1244481.3354414885,1054465.0914444486
2025-04-15T15:30:00.000+0000,1206123.8742510038,1080811.4952183638,943218.4935042837,983189.2798637117,983189.2798637117,1243255.9137237605,1054465.0914444486
2025-04-15T15:40:00.000+0000,1206247.1954750358,1080811.4952183638,941358.0348643623,983189.2798637117,983189.2798637117,1243439.9867074727,1054465.0914444486
2025-04-15T15:50:00.000+0000,1206018.1950020918,1080811.4952183638,938755.0002400267,983189.2798637117,983189.2798637117,1243089.3655090085,1054465.0914444486
2025-04-15T16:00:00.000+0000,1206203.1768381398,1080811.4952183638,941764.6089063382,983189.2798637117,983189.2798637117,1243365.4749845765,1054465.0914444486
2025-04-15T16:10:00.000+0000,1206779.2064155238,1080811.4952183638,943579.8054709691,983189.2798637117,983189.2798637117,1244245.5329345285,1054465.0914444486
2025-04-15T16:20:00.000+0000,1206696.3754333637,1080811.4952183638,942498.4366768689,983189.2798637117,983189.2798637117,1244132.4667199205,1054465.0914444486
2025-04-15T16:30:00.000+0000,1207873.1333533,1080811.4952183638,943993.1449344754,983189.2798637117,983189.2798637117,1245917.1172963686,1054465.0914444486
2025-04-15T16:40:00.000+0000,1207770.9824994118,1080811.4952183638,943487.1907299485,983189.2798637117,983189.2798637117,1245754.0740354084,1054465.0914444486
2025-04-15T16:50:00.000+0000,1206804.0777824998,1080811.4952183638,942340.547230066,983189.2798637117,983189.2798637117,1244208.6680100805,1054465.0914444486
2025-04-15T17:00:00.000+0000,1206571.5489145317,1080811.4952183638,941441.6548168219,983189.2798637117,983189.2798637117,1243854.5418578247,1054465.0914444486
2025-04-15T17:10:00.000+0000,1207579.2027760278,1080811.4952183638,942097.5918383393,983189.2798637117,983189.2798637117,1245378.8552507686,1054465.0914444486
2025-04-15T17:20:00.000+0000,1206441.2572013559,1080811.4952183638,938764.9218388596,983189.2798637117,983189.2798637117,1243632.7591660325,1054465.0914444486
2025-04-15T17:30:00.000+0000,1206443.021398868,1080811.4952183638,938748.593448146,983189.2798637117,983189.2798637117,1243634.5116429287,1054465.0914444486
2025-04-15T17:40:00.000+0000,1206356.6620216838,1080811.4952183638,940520.7806366186,983189.2798637117,983189.2798637117,1243517.9404745286,1054465.0914444486
2025-04-15T17:50:00.000+0000,1204979.130788996,1080811.4952183638,935914.299899882,983189.2798637117,983189.2798637117,1241410.7083299526,1054465.0914444486
2025-04-15T18:00:00.000+0000,1204540.2771130279,1080811.4952183638,936094.2432205341,983189.2798637117,983189.2798637117,1240820.8425803685,1054465.0914444486
2025-04-15T18:10:00.000+0000,1203677.1148457078,1080811.4952183638,932620.8585782154,983189.2798637117,983189.2798637117,1239501.6318938886,1054465.0914444486
2025-04-15T18:20:00.000+0000,1202604.4445789799,1080811.4952183638,932140.146342149,983189.2798637117,983189.2798637117,1237820.3774543046,1054465.0914444486
2025-04-15T18:30:00.000+0000,1202955.0020784438,1080811.4952183638,933517.6389737205,983189.2798637117,983189.2798637117,1238353.3191595846,1054465.0914444486
2025-04-15T18:40:00.000+0000,1203654.3528798597,1080811.4952183638,934020.4640354991,983189.2798637117,983189.2798637117,1239417.4500932486,1054465.0914444486
2025-04-15T18:50:00.000+0000,1203233.400081724,1080811.4952183638,933889.1483662064,983189.2798637117,983189.2798637117,1238753.0097111366,1054465.0914444486
2025-04-15T19:00:00.000+0000,1203088.9947884518,1080811.4952183638,932234.1336540934,983189.2798637117,983189.2798637117,1238517.2072041766,1054465.0914444486
2025-04-15T19:10:00.000+0000,1203767.1752197237,1080811.4952183638,933062.1848390953,983189.2798637117,983189.2798637117,1239560.3084150886,1054465.0914444486
2025-04-15T19:20:00.000+0000,1203044.9761515558,1080811.4952183638,930170.4274986521,983189.2798637117,983189.2798637117,1238442.6954812806,1054465.0914444486
2025-04-15T19:30:00.000+0000,1203677.3737484198,1080811.4952183638,932058.2744477422,983189.2798637117,983189.2798637117,1239409.5324924006,1054465.0914444486
2025-04-15T19:40:00.000+0000,1202849.3228295317,1080811.4952183638,930227.4249166718,983189.2798637117,983189.2798637117,1238186.7709448326,1054465.0914444486
2025-04-15T19:50:00.000+0000,1203376.0411774837,1080811.4952183638,931651.6256159986,983189.2798637117,983189.2798637117,1238987.0597412006,1054465.0914444486
2025-04-15T20:00:00.000+0000,1203294.9743928357,1080811.4952183638,931953.2843715558,983189.2798637117,983189.2798637117,1238875.7460034885,1054465.0914444486
2025-04-15T20:10:00.000+0000,1203536.3242483637,1080811.4952183638,932495.2169343932,983189.2798637117,983189.2798637117,1239238.6345402244,1054465.0914444486
2025-04-15T20:20:00.000+0000,1203083.615895012,1080811.4952183638,932728.5112350674,983189.2798637117,983189.2798637117,1238542.6495739846,1054465.0914444486
2025-04-15T20:30:00.000+0000,1202678.4545735798,1080811.4952183638,932302.6286490128,983189.2798637117,983189.2798637117,1237924.6812844325,1054465.0914444486
2025-04-15T20:40:00.000+0000,1202157.0288181638,1080811.4952183638,930508.122526949,983189.2798637117,983189.2798637117,1237129.6499187525,1054465.0914444486
2025-04-15T20:50:00.000+0000,1200284.53479274,1080811.4952183638,926742.1232289977,983189.2798637117,983189.2798637117,1234253.6735619365,1054465.0914444486
2025-04-15T21:00:00.000+0000,1200344.4312072438,1080811.4952183638,928823.7806410645,983189.2798637117,983189.2798637117,1234343.9575768965,1054465.0914444486
2025-04-15T21:10:00.000+0000,1199377.440189428,1080811.4952183638,928123.0245505963,983189.2798637117,983189.2798637117,1232829.2513520645,1054465.0914444486
2025-04-15T21:20:00.000+0000,1199858.3757029718,1080811.4952183638,929569.4997013295,983189.2798637117,983189.2798637117,1233553.2759486407,1054465.0914444486
2025-04-15T21:30:00.000+0000,1200029.2439589237,1080811.4952183638,932356.5847976443,983189.2798637117,983189.2798637117,1233815.3656090405,1054465.0914444486
2025-04-15T21:40:00.000+0000,1200996.3212776438,1080811.4952183638,933003.5854637469,983189.2798637117,983189.2798637117,1235299.3720333765,1054465.0914444486
2025-04-15T21:50:00.000+0000,1201318.6516169158,1080811.4952183638,931502.9263341273,983189.2798637117,983189.2798637117,1235804.2741083205,1054465.0914444486
2025-04-15T22:00:00.000+0000,1200298.7346737399,1080811.4952183638,928778.388821671,983189.2798637117,983189.2798637117,1234236.9935766086,1054465.0914444486
2025-04-15T22:10:00.000+0000,1199683.9790519958,1080811.4952183638,927468.6447270056,983189.2798637117,983189.2798637117,1233287.6813344485,1054465.0914444486
2025-04-15T22:20:00.000+0000,1199497.1467175318,1080811.4952183638,925198.0813645341,983189.2798637117,983189.2798637117,1233040.5191824806,1054465.0914444486
2025-04-15T22:30:00.000+0000,1199727.911387988,1080811.4952183638,926997.5482860142,983189.2798637117,983189.2798637117,1233392.8928578405,1054465.0914444486
2025-04-15T22:40:00.000+0000,1197885.3224193638,1080811.4952183638,924100.9344297124,983189.2798637117,983189.2798637117,1230577.4084087526,1054465.0914444486
2025-04-15T22:50:00.000+0000,1198251.6713955319,1080811.4952183638,922539.0871142717,983189.2798637117,983189.2798637117,1231156.8222065927,1054465.0914444486
2025-04-15T23:00:00.000+0000,1198403.219779756,1080811.4952183638,923916.1710267549,983189.2798637117,983189.2798637117,1231368.9348206406,1054465.0914444486
2025-04-15T23:10:00.000+0000,1198355.6727478357,1080811.4952183638,924579.1733712304,983189.2798637117,983189.2798637117,1231290.9181439525,1054465.0914444486
2025-04-15T23:20:00.000+0000,1198082.653637996,1080811.4952183638,925977.5145743933,983189.2798637117,983189.2798637117,1230865.7852225925,1054465.0914444486
2025-04-15T23:30:00.000+0000,1197998.0584583238,1080811.4952183638,925846.4133209696,983189.2798637117,983189.2798637117,1230750.9665310886,1054465.0914444486
2025-04-15T23:40:00.000+0000,1197538.2933149238,1080811.4952183638,923479.2376618863,983189.2798637117,983189.2798637117,1230047.9716572645,1054465.0914444486
2025-04-15T23:50:00.000+0000,1197198.3210005318,1080811.4952183638,922645.7609308935,983189.2798637117,983189.2798637117,1229525.5448133606,1054465.0914444486
2025-04-16T00:00:00.000+0000,1197413.2078933797,1080811.4952183638,921782.5059711582,983189.2798637117,983189.2798637117,1229862.1461966566,1054465.0914444486
2025-04-16T00:10:00.000+0000,1197962.7745080837,1080811.4952183638,919009.3949836025,983189.2798637117,983189.2798637117,1230715.9169931686,1054465.0914444486
2025-04-16T00:20:00.000+0000,1198175.8972034198,1080811.4952183638,919600.1634519802,983189.2798637117,983189.2798637117,1231050.7658995686,1054465.0914444486
2025-04-16T00:30:00.000+0000,1198551.153468052,1080811.4952183638,923520.5542472617,983189.2798637117,983189.2798637117,1231608.2422813927,1054465.0914444486
2025-04-16T00:40:00.000+0000,1197966.3029031078,1080811.4952183638,921876.0079051619,983189.2798637117,983189.2798637117,1230719.4219469605,1054465.0914444486
2025-04-16T00:50:00.000+0000,1198008.4710415879,1080811.4952183638,917584.0702106905,983189.2798637117,983189.2798637117,1230822.8809934566,1054465.0914444486
2025-04-16T01:00:00.000+0000,1197906.3201876997,1080811.4952183638,918250.5737062324,983189.2798637117,983189.2798637117,1230659.8377324967,1054465.0914444486
2025-04-16T01:10:00.000+0000,1198559.8881547078,1080811.4952183638,920949.9903912649,983189.2798637117,983189.2798637117,1231647.7044663685,1054465.0914444486
2025-04-16T01:20:00.000+0000,1199176.4079739638,1080811.4952183638,922894.8647530229,983189.2798637117,983189.2798637117,1232598.7691854245,1054465.0914444486
2025-04-16T01:30:00.000+0000,1199463.5406638999,1080811.4952183638,920626.087491884,983189.2798637117,983189.2798637117,1233037.9219219526,1054465.0914444486
2025-04-16T01:40:00.000+0000,1200083.58887818,1080811.4952183638,921063.7136929402,983189.2798637117,983189.2798637117,1233992.4915948005,1054465.0914444486
2025-04-16T01:50:00.000+0000,1200495.8069896598,1080811.4952183638,923840.7265377364,983189.2798637117,983189.2798637117,1234617.4697919367,1054465.0914444486
2025-04-16T02:00:00.000+0000,1200344.34490634,1080811.4952183638,925379.3578446037,983189.2798637117,983189.2798637117,1234374.6573773925,1054465.0914444486
2025-04-16T02:10:00.000+0000,1199861.645195284,1080811.4952183638,924975.7384418716,983189.2798637117,983189.2798637117,1233648.8803039205,1054465.0914444486
2025-04-16T02:20:00.000+0000,1199428.2567136597,1080811.4952183638,925335.6848488313,983189.2798637117,983189.2798637117,1233002.8723840327,1054465.0914444486
2025-04-16T02:30:00.000+0000,1199424.7283186358,1080811.4952183638,924877.1690549513,983189.2798637117,983189.2798637117,1232999.3674302406,1054465.0914444486
2025-04-16T02:40:00.000+0000,1199208.0772282758,1080811.4952183638,923647.8037328834,983189.2798637117,983189.2798637117,1232661.0135700486,1054465.0914444486
2025-04-16T02:50:00.000+0000,1199481.0963381159,1080811.4952183638,924977.0970261166,983189.2798637117,983189.2798637117,1233086.1464914086,1054465.0914444486
2025-04-16T03:00:00.000+0000,1199796.4561882438,1080811.4952183638,926902.6821783707,983189.2798637117,983189.2798637117,1233553.3388582726,1054465.0914444486
2025-04-16T03:10:00.000+0000,1199815.8623608758,1080811.4952183638,928455.2390607086,983189.2798637117,983189.2798637117,1233572.6161041285,1054465.0914444486
2025-04-16T03:20:00.000+0000,1200022.0145670678,1080811.4952183638,926213.0074336575,983189.2798637117,983189.2798637117,1233869.7553024485,1054465.0914444486
2025-04-16T03:30:00.000+0000,1199974.467535148,1080811.4952183638,925511.5603939452,983189.2798637117,983189.2798637117,1233791.7386257607,1054465.0914444486
2025-04-16T03:40:00.000+0000,1200251.0150400118,1080811.4952183638,924285.0789903163,983189.2798637117,983189.2798637117,1234220.3765009125,1054465.0914444486
2025-04-16T03:50:00.000+0000,1200129.458013492,1080811.4952183638,923920.7249761675,983189.2798637117,983189.2798637117,1234038.0559940964,1054465.0914444486
2025-04-16T04:00:00.000+0000,1200242.1940524518,1080811.4952183638,923818.49469943,983189.2798637117,983189.2798637117,1234211.6141164326,1054465.0914444486
2025-04-16T04:10:00.000+0000,1199507.559300796,1080811.4952183638,920472.7471295975,983189.2798637117,983189.2798637117,1233112.4336448486,1054465.0914444486
2025-04-16T04:20:00.000+0000,1199123.5683495079,1080811.4952183638,919213.4684867887,983189.2798637117,983189.2798637117,1232515.4950780487,1054465.0914444486
2025-04-16T04:30:00.000+0000,1199063.6719350037,1080811.4952183638,919184.6990929241,983189.2798637117,983189.2798637117,1232425.2110630886,1054465.0914444486
2025-04-16T04:40:00.000+0000,1198965.0494761397,1080811.4952183638,918150.7456724448,983189.2798637117,983189.2798637117,1232265.6727559206,1054465.0914444486
2025-04-16T04:50:00.000+0000,1199565.777818692,1080811.4952183638,920473.2260864915,983189.2798637117,983189.2798637117,1233170.2653824165,1054465.0914444486
2025-04-16T05:00:00.000+0000,1200002.6083944358,1080811.4952183638,922655.4450768312,983189.2798637117,983189.2798637117,1233850.4780565926,1054465.0914444486
2025-04-16T05:10:00.000+0000,1200707.2517883878,1080811.4952183638,923501.8374752654,983189.2798637117,983189.2798637117,1234919.8664209447,1054465.0914444486
2025-04-16T05:20:00.000+0000,1199157.0018013318,1080811.4952183638,913799.4342962649,983189.2798637117,983189.2798637117,1232579.4919395687,1054465.0914444486
2025-04-16T05:30:00.000+0000,1199095.3411893158,1080811.4952183638,913216.8043033406,983189.2798637117,983189.2798637117,1232487.4554477124,1054465.0914444486
2025-04-16T05:40:00.000+0000,1199903.899634668,1080811.4952183638,917182.5877139494,983189.2798637117,983189.2798637117,1233721.6395499206,1054465.0914444486
2025-04-16T05:50:00.000+0000,1200196.3249171397,1080811.4952183638,916881.5247815786,983189.2798637117,983189.2798637117,1234166.0497171367,1054465.0914444486
2025-04-16T06:00:00.000+0000,1199773.521620588,1080811.4952183638,915856.7044611111,983189.2798637117,983189.2798637117,1233530.5566586247,1054465.0914444486
2025-04-16T06:10:00.000+0000,1200900.882010188,1080811.4952183638,916216.2008505327,983189.2798637117,983189.2798637117,1235266.1378819845,1054465.0914444486
2025-04-16T06:20:00.000+0000,1202012.4509230838,1080811.4952183638,918699.384132657,983189.2798637117,983189.2798637117,1236955.2470127845,1054465.0914444486
2025-04-16T06:30:00.000+0000,1203078.1507006679,1080811.4952183638,919676.9158635121,983189.2798637117,983189.2798637117,1238598.7917442885,1054465.0914444486
2025-04-16T06:40:00.000+0000,1203980.0390123478,1080811.4952183638,920609.8354470879,983189.2798637117,983189.2798637117,1239987.2567229765,1054465.0914444486
2025-04-16T06:50:00.000+0000,1203687.6137298758,1080811.4952183638,921072.084756392,983189.2798637117,983189.2798637117,1239542.8465557606,1054465.0914444486
2025-04-16T07:00:00.000+0000,1202921.3097239078,1080811.4952183638,918541.1382025064,983189.2798637117,983189.2798637117,1238381.4216995526,1054465.0914444486
2025-04-16T07:10:00.000+0000,1202968.8567558278,1080811.4952183638,917749.6421773611,983189.2798637117,983189.2798637117,1238459.4383762404,1054465.0914444486
2025-04-16T07:20:00.000+0000,1202329.4023689157,1080811.4952183638,915166.4271949483,983189.2798637117,983189.2798637117,1237485.5914575364,1054465.0914444486
2025-04-16T07:30:00.000+0000,1202443.9026053878,1080811.4952183638,914316.840504497,983189.2798637117,983189.2798637117,1237660.9020567685,1054465.0914444486
2025-04-16T07:40:00.000+0000,1202343.5159490118,1080811.4952183638,914817.0384174476,983189.2798637117,983189.2798637117,1237499.6112727046,1054465.0914444486
2025-04-16T07:50:00.000+0000,1202054.6190615639,1080811.4952183638,913600.2674162351,983189.2798637117,983189.2798637117,1237058.7060592806,1054465.0914444486
2025-04-16T08:00:00.000+0000,1201423.985662212,1080811.4952183638,911524.501387743,983189.2798637117,983189.2798637117,1236093.6215250567,1054465.0914444486
2025-04-16T08:10:00.000+0000,1201348.2114700999,1080811.4952183638,909357.4612361278,983189.2798637117,983189.2798637117,1235987.5652180326,1054465.0914444486
2025-04-16T08:20:00.000+0000,1201327.1274008597,1080811.4952183638,910783.484210982,983189.2798637117,983189.2798637117,1235935.8356947845,1054465.0914444486
2025-04-16T08:30:00.000+0000,1202463.3950789238,1080811.4952183638,916877.6848005773,983189.2798637117,983189.2798637117,1237649.4795021287,1054465.0914444486
2025-04-16T08:40:00.000+0000,1201702.4699663958,1080811.4952183638,918905.5642699688,983189.2798637117,983189.2798637117,1236462.6122761127,1054465.0914444486
2025-04-16T08:50:00.000+0000,1200788.2322721318,1080811.4952183638,917595.5162584893,983189.2798637117,983189.2798637117,1235061.8799591525,1054465.0914444486
2025-04-16T09:00:00.000+0000,1200317.9682445638,1080811.4952183638,918736.7760116884,983189.2798637117,983189.2798637117,1234317.6704234565,1054465.0914444486
2025-04-16T09:10:00.000+0000,1200333.846022172,1080811.4952183638,919054.8907200426,983189.2798637117,983189.2798637117,1234333.4427155205,1054465.0914444486
2025-04-16T09:20:00.000+0000,1200628.0355021558,1080811.4952183638,918256.400682896,983189.2798637117,983189.2798637117,1234779.6053596325,1054465.0914444486
2025-04-16T09:30:00.000+0000,1200206.9964031158,1080811.4952183638,918006.4925597587,983189.2798637117,983189.2798637117,1234145.8647780165,1054465.0914444486
2025-04-16T09:40:00.000+0000,1199171.2016823317,1080811.4952183638,915460.5250189557,983189.2798637117,983189.2798637117,1232562.8119542405,1054465.0914444486
2025-04-16T09:50:00.000+0000,1199060.2298408838,1080811.4952183638,914994.2666444764,983189.2798637117,983189.2798637117,1232391.0063088005,1054465.0914444486
2025-04-16T10:00:00.000+0000,1199218.748714252,1080811.4952183638,915510.6642950475,983189.2798637117,983189.2798637117,1232640.8286309286,1054465.0914444486
2025-04-16T10:10:00.000+0000,1198225.2947337558,1080811.4952183638,917855.6335763694,983189.2798637117,983189.2798637117,1231099.8352526566,1054465.0914444486
2025-04-16T10:20:00.000+0000,1198128.4364724038,1080811.4952183638,920110.431917429,983189.2798637117,983189.2798637117,1230942.0494223847,1054465.0914444486
2025-04-16T10:30:00.000+0000,1198290.4837407959,1080811.4952183638,920822.1334478615,983189.2798637117,983189.2798637117,1231195.3766983047,1054465.0914444486
2025-04-16T10:40:00.000+0000,1199028.560586572,1080811.4952183638,920483.9139251937,983189.2798637117,983189.2798637117,1232328.7619241765,1054465.0914444486
2025-04-16T10:50:00.000+0000,1199206.4856325719,1080811.4952183638,922357.9119398067,983189.2798637117,983189.2798637117,1232597.8614921605,1054465.0914444486
2025-04-16T11:00:00.000+0000,1198965.1357770439,1080811.4952183638,921586.0787600689,983189.2798637117,983189.2798637117,1232234.9729554246,1054465.0914444486
2025-04-16T11:10:00.000+0000,1199986.816917732,1080811.4952183638,922145.0727572471,983189.2798637117,983189.2798637117,1233804.0059640326,1054465.0914444486
2025-04-16T11:20:00.000+0000,1198373.2284220518,1080811.4952183638,919773.1595770407,983189.2798637117,983189.2798637117,1231339.1427134087,1054465.0914444486
2025-04-16T11:30:00.000+0000,1197844.745876588,1080811.4952183638,918891.9895348748,983189.2798637117,983189.2798637117,1230537.1014401447,1054465.0914444486
2025-04-16T11:40:00.000+0000,1198500.0780411079,1080811.4952183638,922297.974075004,983189.2798637117,983189.2798637117,1231526.7206509125,1054465.0914444486
2025-04-16T11:50:00.000+0000,1199289.2303138277,1080811.4952183638,923836.414280246,983189.2798637117,983189.2798637117,1232741.6275072645,1054465.0914444486
2025-04-16T12:00:00.000+0000,1199023.2679940357,1080811.4952183638,923261.2103505136,983189.2798637117,983189.2798637117,1232323.5044934885,1054465.0914444486
2025-04-16T12:10:00.000+0000,1198655.068519452,1080811.4952183638,922691.400344539,983189.2798637117,983189.2798637117,1231773.0380192485,1054465.0914444486
2025-04-16T12:20:00.000+0000,1198836.521960476,1080811.4952183638,924300.8428671418,983189.2798637117,983189.2798637117,1232045.6425410246,1054465.0914444486
2025-04-16T12:30:00.000+0000,1198034.934004268,1080811.4952183638,922554.4379972643,983189.2798637117,983189.2798637117,1230849.1681468966,1054465.0914444486
2025-04-16T12:40:00.000+0000,1197243.9312331318,1080811.4952183638,919827.0725938554,983189.2798637117,983189.2798637117,1229663.2086141445,1054465.0914444486
2025-04-16T12:50:00.000+0000,1195750.221867364,1080811.4952183638,919439.4390673088,983189.2798637117,983189.2798637117,1227348.2135929447,1054465.0914444486
2025-04-16T13:00:00.000+0000,1195922.8543208279,1080811.4952183638,918718.4422924537,983189.2798637117,983189.2798637117,1227612.0557302407,1054465.0914444486
2025-04-16T13:10:00.000+0000,1196301.5526795797,1080811.4952183638,917110.7183162544,983189.2798637117,983189.2798637117,1228203.7368663526,1054465.0914444486
2025-04-16T13:20:00.000+0000,1196460.0715529479,1080811.4952183638,916980.2624388803,983189.2798637117,983189.2798637117,1228453.5591884805,1054465.0914444486
2025-04-16T13:30:00.000+0000,1196370.2700816437,1080811.4952183638,916764.9740898083,983189.2798637117,983189.2798637117,1228302.7832657925,1054465.0914444486
2025-04-16T13:40:00.000+0000,1196875.8180594519,1080811.4952183638,919694.8115935092,983189.2798637117,983189.2798637117,1229082.0423394085,1054465.0914444486
2025-04-16T13:50:00.000+0000,1196176.467258036,1080811.4952183638,916108.1520394682,983189.2798637117,983189.2798637117,1228017.9114057445,1054465.0914444486
2025-04-16T14:00:00.000+0000,1196060.0302222439,1080811.4952183638,917302.12701928,983189.2798637117,983189.2798637117,1227902.2479306075,1054465.0914444486
2025-04-16T14:10:00.000+0000,1194312.621618364,1088115.272918044,918980.371673069,983189.2798637117,983189.2798637117,1225212.0970343994,1061720.3457938875
2025-04-16T14:20:00.000+0000,1195158.141910564,439300.09755804366,922553.1348503537,982981.7135190078,723731.3489837118,1226513.7829519196,1061720.3457938875
2025-04-16T14:30:00.000+0000,1201550.5032026842,1092534.7535283642,927823.3257918656,984956.6077386879,984956.6077386879,1229551.0500927996,1061720.3457938875
2025-04-16T14:40:00.000+0000,1201550.5032026842,1092534.7535283642,928201.6836322043,984956.6077386879,984956.6077386879,1229551.0500927996,1061720.3457938875
2025-04-16T14:50:00.000+0000,1202114.1833974842,1092534.7535283642,930106.9216702117,984956.6077386879,984956.6077386879,1230418.8407044795,1061720.3457938875
2025-04-16T15:00:00.000+0000,1201888.7113195644,1092534.7535283642,931073.167557159,984956.6077386879,984956.6077386879,1230071.7244598076,1061720.3457938875
2025-04-16T15:10:00.000+0000,1201888.7113195644,1092534.7535283642,932090.522420787,984956.6077386879,984956.6077386879,1230071.7244598076,1061720.3457938875
2025-04-16T15:20:00.000+0000,1202170.5514169643,1092534.7535283642,934534.0688247263,984956.6077386879,984956.6077386879,1230505.6197656475,1061720.3457938875
2025-04-16T15:30:00.000+0000,1202677.8635922843,1092534.7535283642,936292.1983058245,984956.6077386879,984956.6077386879,1231286.6313161594,1061720.3457938875
2025-04-16T15:40:00.000+0000,1202339.6554754043,1092534.7535283642,934349.3895748184,984956.6077386879,984956.6077386879,1230765.9569491516,1061720.3457938875
2025-04-16T15:50:00.000+0000,1201212.2950858043,1092534.7535283642,933166.8569582126,984956.6077386879,984956.6077386879,1229030.3757257916,1061720.3457938875
2025-04-16T16:00:00.000+0000,1201268.6631052843,1092534.7535283642,934060.8033010768,984956.6077386879,984956.6077386879,1229117.1547869595,1061720.3457938875
2025-04-16T16:10:00.000+0000,1200479.5108325642,1092534.7535283642,933859.3024932414,984956.6077386879,984956.6077386879,1227902.2479306075,1061720.3457938875
2025-04-16T16:20:00.000+0000,1199295.7824234841,1092534.7535283642,931686.4221742174,984956.6077386879,984956.6077386879,1226079.8876460795,1061720.3457938875
2025-04-16T16:30:00.000+0000,1197041.0616442843,1092534.7535283642,928113.9436148896,984956.6077386879,984956.6077386879,1222608.7251993595,1061720.3457938875
2025-04-16T16:40:00.000+0000,1197492.0058001243,1092534.7535283642,928876.0218921676,984956.6077386879,984956.6077386879,1223302.9576887037,1061720.3457938875
2025-04-16T16:50:00.000+0000,1198224.7900533644,1092534.7535283642,932318.6379559299,984956.6077386879,984956.6077386879,1224431.0854838875,1061720.3457938875
2025-04-16T17:00:00.000+0000,1200986.8230078842,1092534.7535283642,937303.3197722076,984956.6077386879,984956.6077386879,1228683.2594811195,1061720.3457938875
2025-04-16T17:10:00.000+0000,1201325.0311247641,1092534.7535283642,936758.9961809281,984956.6077386879,984956.6077386879,1229203.9338481275,1061720.3457938875
2025-04-16T17:20:00.000+0000,1202508.7595338442,1092534.7535283642,942117.2195112673,984956.6077386879,984956.6077386879,1231026.2941326555,1061720.3457938875
2025-04-16T17:30:00.000+0000,1201663.2392416443,1092534.7535283642,934742.2983076042,984956.6077386879,984956.6077386879,1229724.6082151355,1061720.3457938875
2025-04-16T17:40:00.000+0000,1199803.0945988041,1092534.7535283642,921461.6989289897,984956.6077386879,984956.6077386879,1226860.8991965915,1061720.3457938875
2025-04-16T17:50:00.000+0000,1197435.6377806442,1092534.7535283642,910997.1738043191,984956.6077386879,984956.6077386879,1223216.1786275355,1061720.3457938875
2025-04-16T18:00:00.000+0000,1197435.6377806442,1092534.7535283642,913998.8670141117,984956.6077386879,984956.6077386879,1223216.1786275355,1061720.3457938875
2025-04-16T18:10:00.000+0000,1199859.4626182842,1092534.7535283642,919172.477540603,984956.6077386879,984956.6077386879,1226947.6782577594,1061720.3457938875
2025-04-16T18:20:00.000+0000,1199972.1986572442,1092534.7535283642,920565.9005574498,984956.6077386879,984956.6077386879,1227121.2363800956,1061720.3457938875
2025-04-16T18:30:00.000+0000,1201550.5032026842,1092534.7535283642,923610.8617999547,984956.6077386879,984956.6077386879,1229551.0500927996,1061720.3457938875
2025-04-16T18:40:00.000+0000,1201043.1910273642,1092534.7535283642,920997.6104688204,984956.6077386879,984956.6077386879,1228770.0385422874,1061720.3457938875
2025-04-16T18:50:00.000+0000,1201381.3991442441,1092534.7535283642,922602.1849302633,984956.6077386879,984956.6077386879,1229290.7129092955,1061720.3457938875
2025-04-16T19:00:00.000+0000,1200479.5108325642,1092534.7535283642,926732.0608773367,984956.6077386879,984956.6077386879,1227902.2479306075,1061720.3457938875
2025-04-16T19:10:00.000+0000,1200141.3027156843,1092534.7535283642,926797.8070458155,984956.6077386879,984956.6077386879,1227381.5735635995,1061720.3457938875
2025-04-16T19:20:00.000+0000,1199070.3103455643,1092534.7535283642,924679.3918626825,984956.6077386879,984956.6077386879,1225732.7714014074,1061720.3457938875
2025-04-16T19:30:00.000+0000,1198732.1022286844,1092534.7535283642,925669.1759185819,984956.6077386879,984956.6077386879,1225212.0970343994,1061720.3457938875
2025-04-16T19:40:00.000+0000,1198901.2062871242,1092534.7535283642,930036.5900015223,984956.6077386879,984956.6077386879,1225472.4342179035,1061720.3457938875
2025-04-16T19:50:00.000+0000,1201381.3991442441,1092534.7535283642,941811.4301557929,984956.6077386879,984956.6077386879,1229290.7129092955,1061720.3457938875
2025-04-16T20:00:00.000+0000,1201043.1910273642,1092534.7535283642,941861.3282051027,984956.6077386879,984956.6077386879,1228770.0385422874,1061720.3457938875
2025-04-16T20:10:00.000+0000,1200479.5108325642,1092534.7535283642,942519.0947548451,984956.6077386879,984956.6077386879,1227902.2479306075,1061720.3457938875
2025-04-16T20:20:00.000+0000,1200197.6707351643,1092534.7535283642,943239.2960375403,984956.6077386879,984956.6077386879,1227468.3526247675,1061720.3457938875
2025-04-16T20:30:00.000+0000,1198957.5743066042,1092534.7535283642,941518.1810971191,984956.6077386879,984956.6077386879,1225559.2132790715,1061720.3457938875
2025-04-16T20:40:00.000+0000,1197830.2139170042,1092534.7535283642,938795.242599756,984956.6077386879,984956.6077386879,1223823.6320557115,1061720.3457938875
2025-04-16T20:50:00.000+0000,1197210.1657027244,1092534.7535283642,936735.1448211742,984956.6077386879,984956.6077386879,1222869.0623828634,1061720.3457938875
2025-04-16T21:00:00.000+0000,1197266.5337222042,1092534.7535283642,936928.4463147498,984956.6077386879,984956.6077386879,1222955.8414440316,1061720.3457938875
2025-04-16T21:10:00.000+0000,1197661.1098585643,1092534.7535283642,940252.1247451212,984956.6077386879,984956.6077386879,1223563.2948722076,1061720.3457938875
2025-04-16T21:20:00.000+0000,1197999.3179754443,1092534.7535283642,942758.6580368073,984956.6077386879,984956.6077386879,1224083.9692392156,1061720.3457938875
2025-04-16T21:30:00.000+0000,1197773.8458975242,1092534.7535283642,942146.9260353481,984956.6077386879,984956.6077386879,1223736.8529945435,1061720.3457938875
2025-04-16T21:40:00.000+0000,1197548.3738196043,1092534.7535283642,942367.877678382,984956.6077386879,984956.6077386879,1223389.7367498714,1061720.3457938875
2025-04-16T21:50:00.000+0000,1198168.422033884,1092534.7535283642,943645.3436982018,984956.6077386879,984956.6077386879,1224344.3064227195,1061720.3457938875
2025-04-16T22:00:00.000+0000,1197773.8458975242,1092534.7535283642,942657.4529515692,984956.6077386879,984956.6077386879,1223736.8529945435,1061720.3457938875
2025-04-16T22:10:00.000+0000,1197830.2139170042,1092534.7535283642,941203.2542418765,984956.6077386879,984956.6077386879,1223823.6320557115,1061720.3457938875
2025-04-16T22:20:00.000+0000,1198168.422033884,1092534.7535283642,940583.0406960021,984956.6077386879,984956.6077386879,1224344.3064227195,1061720.3457938875
2025-04-16T22:30:00.000+0000,1197830.2139170042,1092534.7535283642,940185.8447011304,984956.6077386879,984956.6077386879,1223823.6320557115,1061720.3457938875
2025-04-16T22:40:00.000+0000,1198055.6859949243,1092534.7535283642,942633.9788408761,984956.6077386879,984956.6077386879,1224170.7483003836,1061720.3457938875
2025-04-16T22:50:00.000+0000,1197942.9499559642,1092534.7535283642,941594.9649072434,984956.6077386879,984956.6077386879,1223997.1901780474,1061720.3457938875
2025-04-16T23:00:00.000+0000,1197492.0058001243,1092534.7535283642,939397.793280849,984956.6077386879,984956.6077386879,1223302.9576887037,1061720.3457938875
2025-04-16T23:10:00.000+0000,1196928.3256053242,1092534.7535283642,938496.728824852,984956.6077386879,984956.6077386879,1222435.1670770235,1061720.3457938875
2025-04-16T23:20:00.000+0000,1195970.0692741643,1092534.7535283642,937635.8118083082,984956.6077386879,984956.6077386879,1220959.9230371676,1061720.3457938875
2025-04-16T23:30:00.000+0000,1195293.6530404042,1092534.7535283642,934982.1329538666,984956.6077386879,984956.6077386879,1219918.5743031516,1061720.3457938875
2025-04-16T23:40:00.000+0000,1195293.6530404042,1092534.7535283642,934917.1897896039,984956.6077386879,984956.6077386879,1219918.5743031516,1061720.3457938875
2025-04-16T23:50:00.000+0000,1196533.7494689643,1092534.7535283642,936251.1892946619,984956.6077386879,984956.6077386879,1221827.7136488475,1061720.3457938875
2025-04-17T00:00:00.000+0000,1196308.2773910442,1092534.7535283642,934849.0821221903,984956.6077386879,984956.6077386879,1221480.5974041754,1061720.3457938875
2025-04-17T00:10:00.000+0000,1195688.2291767641,1092534.7535283642,935462.18721329,984956.6077386879,984956.6077386879,1220526.0277313276,1061720.3457938875
2025-04-17T00:20:00.000+0000,1195519.1251183243,1092534.7535283642,934580.2972646654,984956.6077386879,984956.6077386879,1220265.6905478234,1061720.3457938875
2025-04-17T00:30:00.000+0000,1196082.8053131243,1092534.7535283642,936350.7988614764,984956.6077386879,984956.6077386879,1221133.4811595036,1061720.3457938875
2025-04-17T00:40:00.000+0000,1195800.9652157242,1092534.7535283642,936738.3238475793,984956.6077386879,984956.6077386879,1220699.5858536635,1061720.3457938875
2025-04-17T00:50:00.000+0000,1195744.5971962442,1092534.7535283642,937175.3081335379,984956.6077386879,984956.6077386879,1220612.8067924955,1061720.3457938875
2025-04-17T01:00:00.000+0000,1195406.3890793642,1092534.7535283642,937486.8040576611,984956.6077386879,984956.6077386879,1220092.1324254875,1061720.3457938875
2025-04-17T01:10:00.000+0000,1195857.3332352042,1092534.7535283642,939621.92500558,984956.6077386879,984956.6077386879,1220786.3649148315,1061720.3457938875
2025-04-17T01:20:00.000+0000,1196082.8053131243,1092534.7535283642,939808.099282099,984956.6077386879,984956.6077386879,1221133.4811595036,1061720.3457938875
2025-04-17T01:30:00.000+0000,1195406.3890793642,1092534.7535283642,940421.7152116841,984956.6077386879,984956.6077386879,1220092.1324254875,1061720.3457938875
2025-04-17T01:40:00.000+0000,1194335.3967092442,1092534.7535283642,939243.7057181913,984956.6077386879,984956.6077386879,1218443.3302632954,1061720.3457938875
2025-04-17T01:50:00.000+0000,1194448.1327482043,1092534.7535283642,938471.1834582943,984956.6077386879,984956.6077386879,1218616.8883856316,1061720.3457938875
2025-04-17T02:00:00.000+0000,1194955.4449235243,1092534.7535283642,939069.9011695842,984956.6077386879,984956.6077386879,1219397.8999361435,1061720.3457938875
2025-04-17T02:10:00.000+0000,1194786.3408650842,1092534.7535283642,935980.0034909784,984956.6077386879,984956.6077386879,1219137.5627526394,1061720.3457938875
2025-04-17T02:20:00.000+0000,1194729.9728456042,1092534.7535283642,934758.7080162845,984956.6077386879,984956.6077386879,1219050.7836914714,1061720.3457938875
2025-04-17T02:30:00.000+0000,1194391.7647287243,1092534.7535283642,935859.1851310553,984956.6077386879,984956.6077386879,1218530.1093244634,1061720.3457938875
2025-04-17T02:40:00.000+0000,1194786.3408650842,1092534.7535283642,936907.010800255,984956.6077386879,984956.6077386879,1219137.5627526394,1061720.3457938875
2025-04-17T02:50:00.000+0000,1195068.1809624843,1092534.7535283642,937302.3287693304,984956.6077386879,984956.6077386879,1219571.4580584795,1061720.3457938875
2025-04-17T03:00:00.000+0000,1195237.2850209242,1092534.7535283642,938370.3029390951,984956.6077386879,984956.6077386879,1219831.7952419836,1061720.3457938875
2025-04-17T03:10:00.000+0000,1195462.7570988443,1092534.7535283642,936258.2328952443,984956.6077386879,984956.6077386879,1220178.9114866555,1061720.3457938875
2025-04-17T03:20:00.000+0000,1194899.0769040443,1092534.7535283642,931312.4557094576,984956.6077386879,984956.6077386879,1219311.1208749756,1061720.3457938875
2025-04-17T03:30:00.000+0000,1194786.3408650842,1092534.7535283642,931495.450440855,984956.6077386879,984956.6077386879,1219137.5627526394,1061720.3457938875
2025-04-17T03:40:00.000+0000,1195011.8129430043,1092534.7535283642,931222.130932774,984956.6077386879,984956.6077386879,1219484.6789973115,1061720.3457938875
2025-04-17T03:50:00.000+0000,1194955.4449235243,1092534.7535283642,933232.789765649,984956.6077386879,984956.6077386879,1219397.8999361435,1061720.3457938875
2025-04-17T04:00:00.000+0000,1194673.6048261242,1092534.7535283642,933039.7490570707,984956.6077386879,984956.6077386879,1218964.0046303035,1061720.3457938875
2025-04-17T04:10:00.000+0000,1194560.8687871643,1092534.7535283642,932780.4063227675,984956.6077386879,984956.6077386879,1218790.4465079675,1061720.3457938875
2025-04-17T04:20:00.000+0000,1194617.2368066444,1092534.7535283642,933140.1125760961,984956.6077386879,984956.6077386879,1218877.2255691355,1061720.3457938875
2025-04-17T04:30:00.000+0000,1194504.5007676843,1092534.7535283642,933251.4209985103,984956.6077386879,984956.6077386879,1218703.6674467996,1061720.3457938875
2025-04-17T04:40:00.000+0000,1194391.7647287243,1092534.7535283642,933760.0229832316,984956.6077386879,984956.6077386879,1218530.1093244634,1061720.3457938875
2025-04-17T04:50:00.000+0000,1195462.7570988443,1092534.7535283642,937498.2265854347,984956.6077386879,984956.6077386879,1220178.9114866555,1061720.3457938875
2025-04-17T05:00:00.000+0000,1196590.1174884443,1092534.7535283642,938179.1507106042,984956.6077386879,984956.6077386879,1221914.4927100155,1061720.3457938875
2025-04-17T05:10:00.000+0000,1197379.2697611642,1092534.7535283642,939878.4500438636,984956.6077386879,984956.6077386879,1223129.3995663675,1061720.3457938875
2025-04-17T05:20:00.000+0000,1197661.1098585643,1092534.7535283642,941426.9488268798,984956.6077386879,984956.6077386879,1223563.2948722076,1061720.3457938875
2025-04-17T05:30:00.000+0000,1197548.3738196043,1092534.7535283642,942643.2282706049,984956.6077386879,984956.6077386879,1223389.7367498714,1061720.3457938875
2025-04-17T05:40:00.000+0000,1197661.1098585643,1092534.7535283642,946126.8810952469,984956.6077386879,984956.6077386879,1223563.2948722076,1061720.3457938875
2025-04-17T05:50:00.000+0000,1197548.3738196043,1092534.7535283642,945722.5452827255,984956.6077386879,984956.6077386879,1223389.7367498714,1061720.3457938875
2025-04-17T06:00:00.000+0000,1197266.5337222042,1092534.7535283642,945589.3003893294,984956.6077386879,984956.6077386879,1222955.8414440316,1061720.3457938875
2025-04-17T06:10:00.000+0000,1196702.8535274041,1092534.7535283642,945556.2321880782,984956.6077386879,984956.6077386879,1222088.0508323514,1061720.3457938875
2025-04-17T06:20:00.000+0000,1196871.9575858442,1092534.7535283642,947181.9387837774,984956.6077386879,984956.6077386879,1222348.3880158556,1061720.3457938875
2025-04-17T06:30:00.000+0000,1196646.4855079243,1092534.7535283642,949619.1062977584,984956.6077386879,984956.6077386879,1222001.2717711835,1061720.3457938875
2025-04-17T06:40:00.000+0000,1196759.2215468842,1092534.7535283642,950970.0026335104,984956.6077386879,984956.6077386879,1222174.8298935196,1061720.3457938875
2025-04-17T06:50:00.000+0000,1196702.8535274041,1092534.7535283642,951604.8471916362,984956.6077386879,984956.6077386879,1222088.0508323514,1061720.3457938875
2025-04-17T07:00:00.000+0000,1196421.0134300042,1092534.7535283642,949584.6768115261,984956.6077386879,984956.6077386879,1221654.1555265116,1061720.3457938875
2025-04-17T07:10:00.000+0000,1196533.7494689643,1092534.7535283642,949183.1804174,984956.6077386879,984956.6077386879,1221827.7136488475,1061720.3457938875
2025-04-17T07:20:00.000+0000,1196477.3814494843,1092534.7535283642,950677.902330892,984956.6077386879,984956.6077386879,1221740.9345876796,1061720.3457938875
2025-04-17T07:30:00.000+0000,1196702.8535274041,1092534.7535283642,953325.3491563159,984956.6077386879,984956.6077386879,1222088.0508323514,1061720.3457938875
2025-04-17T07:40:00.000+0000,1195406.3890793642,1092534.7535283642,950789.0649655168,984956.6077386879,984956.6077386879,1220092.1324254875,1061720.3457938875
2025-04-17T07:50:00.000+0000,1195406.3890793642,1092534.7535283642,949561.1879717966,984956.6077386879,984956.6077386879,1220092.1324254875,1061720.3457938875
2025-04-17T08:00:00.000+0000,1195237.2850209242,1092534.7535283642,950682.8063247472,984956.6077386879,984956.6077386879,1219831.7952419836,1061720.3457938875
2025-04-17T08:10:00.000+0000,1195237.2850209242,1092534.7535283642,950544.0624459609,984956.6077386879,984956.6077386879,1219831.7952419836,1061720.3457938875
2025-04-17T08:20:00.000+0000,1194786.3408650842,1092534.7535283642,949005.7203268711,984956.6077386879,984956.6077386879,1219137.5627526394,1061720.3457938875
2025-04-17T08:30:00.000+0000,1194729.9728456042,1092534.7535283642,948606.9017254463,984956.6077386879,984956.6077386879,1219050.7836914714,1061720.3457938875
2025-04-17T08:40:00.000+0000,1193940.8205728843,1092534.7535283642,947980.2085027252,984956.6077386879,984956.6077386879,1217835.8768351194,1061720.3457938875
2025-04-17T08:50:00.000+0000,1192982.5642417243,1092534.7535283642,945787.4206327013,984956.6077386879,984956.6077386879,1216360.6327952635,1061720.3457938875
2025-04-17T09:00:00.000+0000,1193320.7723586042,1092534.7535283642,943895.6439601653,984956.6077386879,984956.6077386879,1216881.3071622716,1061720.3457938875
2025-04-17T09:10:00.000+0000,1193884.4525534043,1092534.7535283642,943840.5832783048,984956.6077386879,984956.6077386879,1217749.0977739515,1061720.3457938875
2025-04-17T09:20:00.000+0000,1193377.1403780843,1092534.7535283642,944586.632011005,984956.6077386879,984956.6077386879,1216968.0862234395,1061720.3457938875
2025-04-17T09:30:00.000+0000,1193320.7723586042,1092534.7535283642,944318.7297409249,984956.6077386879,984956.6077386879,1216881.3071622716,1061720.3457938875
2025-04-17T09:40:00.000+0000,1193997.1885923643,1092534.7535283642,946402.5892082512,984956.6077386879,984956.6077386879,1217922.6558962874,1061720.3457938875
2025-04-17T09:50:00.000+0000,1194222.6606702842,1092534.7535283642,946139.0473802981,984956.6077386879,984956.6077386879,1218269.7721409595,1061720.3457938875
2025-04-17T10:00:00.000+0000,1193602.6124560041,1092534.7535283642,946086.2072566203,984956.6077386879,984956.6077386879,1217315.2024681116,1061720.3457938875
2025-04-17T10:10:00.000+0000,1193377.1403780843,1092534.7535283642,942964.096115862,984956.6077386879,984956.6077386879,1216968.0862234395,1061720.3457938875
2025-04-17T10:20:00.000+0000,1193658.9804754842,1092534.7535283642,943889.449196352,984956.6077386879,984956.6077386879,1217401.9815292796,1061720.3457938875
2025-04-17T10:30:00.000+0000,1193828.0845339242,1092534.7535283642,944035.2712580481,984956.6077386879,984956.6077386879,1217662.3187127835,1061720.3457938875
2025-04-17T10:40:00.000+0000,1193828.0845339242,1092534.7535283642,943725.0369051688,984956.6077386879,984956.6077386879,1217662.3187127835,1061720.3457938875
2025-04-17T10:50:00.000+0000,1193940.8205728843,1092534.7535283642,944076.1833633622,984956.6077386879,984956.6077386879,1217835.8768351194,1061720.3457938875
2025-04-17T11:00:00.000+0000,1194673.6048261242,1092534.7535283642,945231.9146494204,984956.6077386879,984956.6077386879,1218964.0046303035,1061720.3457938875
2025-04-17T11:10:00.000+0000,1194335.3967092442,1092534.7535283642,942607.5396366478,984956.6077386879,984956.6077386879,1218443.3302632954,1061720.3457938875
2025-04-17T11:20:00.000+0000,1194673.6048261242,1092534.7535283642,943660.7978273188,984956.6077386879,984956.6077386879,1218964.0046303035,1061720.3457938875
2025-04-17T11:30:00.000+0000,1195575.4931378043,1092534.7535283642,944267.8265949062,984956.6077386879,984956.6077386879,1220352.4696089914,1061720.3457938875
2025-04-17T11:40:00.000+0000,1195970.0692741643,1092534.7535283642,945674.7399165803,984956.6077386879,984956.6077386879,1220959.9230371676,1061720.3457938875
2025-04-17T11:50:00.000+0000,1196195.5413520841,1092534.7535283642,945511.1753711563,984956.6077386879,984956.6077386879,1221307.0392818395,1061720.3457938875
2025-04-17T12:00:00.000+0000,1196082.8053131243,1092534.7535283642,945513.3155144589,984956.6077386879,984956.6077386879,1221133.4811595036,1061720.3457938875
2025-04-17T12:10:00.000+0000,1196082.8053131243,1092534.7535283642,946651.6967328324,984956.6077386879,984956.6077386879,1221133.4811595036,1061720.3457938875
2025-04-17T12:20:00.000+0000,1196702.8535274041,1092534.7535283642,949091.0791798835,984956.6077386879,984956.6077386879,1222088.0508323514,1061720.3457938875
2025-04-17T12:30:00.000+0000,1196364.6454105242,1092534.7535283642,948659.266630399,984956.6077386879,984956.6077386879,1221567.3764653434,1061720.3457938875
2025-04-17T12:40:00.000+0000,1196139.173332604,1092534.7535283642,949311.1297325487,984956.6077386879,984956.6077386879,1221220.2602206715,1061720.3457938875
2025-04-17T12:50:00.000+0000,1196082.8053131243,1092534.7535283642,949806.6378081546,984956.6077386879,984956.6077386879,1221133.4811595036,1061720.3457938875
2025-04-17T13:00:00.000+0000,1195913.7012546842,1092534.7535283642,947183.9320304219,984956.6077386879,984956.6077386879,1220873.1439759994,1061720.3457938875
2025-04-17T13:10:00.000+0000,1195744.5971962442,1092534.7535283642,945322.0418855728,984956.6077386879,984956.6077386879,1220612.8067924955,1061720.3457938875
2025-04-17T13:20:00.000+0000,1195462.7570988443,1092534.7535283642,945973.0966356108,984956.6077386879,984956.6077386879,1220178.9114866555,1061720.3457938875
2025-04-17T13:30:00.000+0000,1194955.4449235243,1092534.7535283642,943379.5614944925,984956.6077386879,984956.6077386879,1219397.8999361435,1061720.3457938875
2025-04-17T13:40:00.000+0000,1195068.1809624843,1092534.7535283642,943703.7929931574,984956.6077386879,984956.6077386879,1219571.4580584795,1061720.3457938875
2025-04-17T13:50:00.000+0000,1195293.6530404042,1092534.7535283642,943872.3097527907,984956.6077386879,984956.6077386879,1219918.5743031516,1061720.3457938875
2025-04-17T14:00:00.000+0000,1194448.1327482043,1092534.7535283642,938312.4652873718,984956.6077386879,984956.6077386879,1218616.8883856316,1061720.3457938875
2025-04-17T14:10:00.000+0000,1193264.4043391242,1092534.7535283642,936719.6904684163,984956.6077386879,984956.6077386879,1216794.5281011034,1061720.3457938875
2025-04-17T14:20:00.000+0000,1192418.8840469243,1092534.7535283642,935610.7808790943,984956.6077386879,984956.6077386879,1215492.8421835834,1061720.3457938875
2025-04-17T14:30:00.000+0000,1191686.0997936842,1092534.7535283642,931704.3301468203,984956.6077386879,984956.6077386879,1214364.7143883994,1061720.3457938875
2025-04-17T14:40:00.000+0000,1192982.5642417243,1092534.7535283642,933738.4973954987,984956.6077386879,984956.6077386879,1216360.6327952635,1061720.3457938875
2025-04-17T14:50:00.000+0000,1192475.2520664043,1092534.7535283642,934612.6029284988,984956.6077386879,984956.6077386879,1215579.6212447514,1061720.3457938875
2025-04-17T15:00:00.000+0000,1192757.0921638042,1092534.7535283642,936047.2422446908,984956.6077386879,984956.6077386879,1216013.5165505914,1061720.3457938875
2025-04-17T15:10:00.000+0000,1193377.1403780843,1092534.7535283642,940907.5458217572,984956.6077386879,984956.6077386879,1216968.0862234395,1061720.3457938875
2025-04-17T15:20:00.000+0000,1193546.2444365243,1092534.7535283642,939509.0282638639,984956.6077386879,984956.6077386879,1217228.4234069434,1061720.3457938875
2025-04-17T15:30:00.000+0000,1194335.3967092442,1092534.7535283642,941155.0117360039,984956.6077386879,984956.6077386879,1218443.3302632954,1061720.3457938875
2025-04-17T15:40:00.000+0000,1194955.4449235243,1092534.7535283642,942902.0424415745,984956.6077386879,984956.6077386879,1219397.8999361435,1061720.3457938875
2025-04-17T15:50:00.000+0000,1195011.8129430043,1092534.7535283642,944103.1663786774,984956.6077386879,984956.6077386879,1219484.6789973115,1061720.3457938875
2025-04-17T16:00:00.000+0000,1194109.9246313241,1092534.7535283642,941410.2596602149,984956.6077386879,984956.6077386879,1218096.2140186236,1061720.3457938875
2025-04-17T16:10:00.000+0000,1194391.7647287243,1092534.7535283642,944550.5161193185,984956.6077386879,984956.6077386879,1218530.1093244634,1061720.3457938875
2025-04-17T16:20:00.000+0000,1195519.1251183243,1092534.7535283642,948675.53016692,984956.6077386879,984956.6077386879,1220265.6905478234,1061720.3457938875
2025-04-17T16:30:00.000+0000,1195857.3332352042,1092534.7535283642,951994.5101747399,984956.6077386879,984956.6077386879,1220786.3649148315,1061720.3457938875
2025-04-17T16:40:00.000+0000,1194955.4449235243,1092534.7535283642,949532.1580344345,984956.6077386879,984956.6077386879,1219397.8999361435,1061720.3457938875
2025-04-17T16:50:00.000+0000,1195180.9170014441,1092534.7535283642,950688.9413229054,984956.6077386879,984956.6077386879,1219745.0161808154,1061720.3457938875
2025-04-17T17:00:00.000+0000,1194955.4449235243,1092534.7535283642,951015.3362791161,984956.6077386879,984956.6077386879,1219397.8999361435,1061720.3457938875
2025-04-17T17:10:00.000+0000,1194955.4449235243,1092534.7535283642,953039.3782267426,984956.6077386879,984956.6077386879,1219397.8999361435,1061720.3457938875
2025-04-17T17:20:00.000+0000,1194279.0286897642,1092534.7535283642,951991.6629849301,984956.6077386879,984956.6077386879,1218356.5512021275,1061720.3457938875
2025-04-17T17:30:00.000+0000,1194560.8687871643,1092534.7535283642,954980.8503195203,984956.6077386879,984956.6077386879,1218790.4465079675,1061720.3457938875
2025-04-17T17:40:00.000+0000,1194335.3967092442,1092534.7535283642,953744.7362276192,984956.6077386879,984956.6077386879,1218443.3302632954,1061720.3457938875
2025-04-17T17:50:00.000+0000,1194560.8687871643,1092534.7535283642,956507.823774162,984956.6077386879,984956.6077386879,1218790.4465079675,1061720.3457938875
2025-04-17T18:00:00.000+0000,1194448.1327482043,1092534.7535283642,955589.2414452394,984956.6077386879,984956.6077386879,1218616.8883856316,1061720.3457938875
2025-04-17T18:10:00.000+0000,1194673.6048261242,1092534.7535283642,957453.1098483384,984956.6077386879,984956.6077386879,1218964.0046303035,1061720.3457938875
2025-04-17T18:20:00.000+0000,1194504.5007676843,1092534.7535283642,956311.9460349898,984956.6077386879,984956.6077386879,1218703.6674467996,1061720.3457938875
2025-04-17T18:30:00.000+0000,1194786.3408650842,1092534.7535283642,956274.4913944909,984956.6077386879,984956.6077386879,1219137.5627526394,1061720.3457938875
2025-04-17T18:40:00.000+0000,1194335.3967092442,1092534.7535283642,954193.3167132051,984956.6077386879,984956.6077386879,1218443.3302632954,1061720.3457938875
2025-04-17T18:50:00.000+0000,1194053.5566118443,1092534.7535283642,951181.3934000863,984956.6077386879,984956.6077386879,1218009.4349574556,1061720.3457938875
2025-04-17T19:00:00.000+0000,1193884.4525534043,1092534.7535283642,952303.4242281534,984956.6077386879,984956.6077386879,1217749.0977739515,1061720.3457938875
2025-04-17T19:10:00.000+0000,1192926.1962222443,1092534.7535283642,945981.0506719846,984956.6077386879,984956.6077386879,1216273.8537340956,1061720.3457938875
2025-04-17T19:20:00.000+0000,1192193.4119690042,1092534.7535283642,943208.9117728192,984956.6077386879,984956.6077386879,1215145.7259389115,1061720.3457938875
2025-04-17T19:30:00.000+0000,1191798.8358326443,1092534.7535283642,940204.4482914275,984956.6077386879,984956.6077386879,1214538.2725107356,1061720.3457938875
2025-04-17T19:40:00.000+0000,1192757.0921638042,1092534.7535283642,942599.2754146191,984956.6077386879,984956.6077386879,1216013.5165505914,1061720.3457938875
2025-04-17T19:50:00.000+0000,1192362.5160274443,1092534.7535283642,942319.1559383979,984956.6077386879,984956.6077386879,1215406.0631224154,1061720.3457938875
2025-04-17T20:00:00.000+0000,1192587.9881053641,1092534.7535283642,945765.1651493583,984956.6077386879,984956.6077386879,1215753.1793670875,1061720.3457938875
2025-04-17T20:10:00.000+0000,1192869.8282027643,1092534.7535283642,947089.7434219187,984956.6077386879,984956.6077386879,1216187.0746729276,1061720.3457938875
2025-04-17T20:20:00.000+0000,1193264.4043391242,1092534.7535283642,948518.8213041879,984956.6077386879,984956.6077386879,1216794.5281011034,1061720.3457938875
2025-04-17T20:30:00.000+0000,1192700.7241443242,1092534.7535283642,947432.1044188829,984956.6077386879,984956.6077386879,1215926.7374894235,1061720.3457938875
2025-04-17T20:40:00.000+0000,1192644.3561248442,1092534.7535283642,946981.0385568722,984956.6077386879,984956.6077386879,1215839.9584282555,1061720.3457938875
2025-04-17T20:50:00.000+0000,1192926.1962222443,1092534.7535283642,950349.5917707458,984956.6077386879,984956.6077386879,1216273.8537340956,1061720.3457938875
2025-04-17T21:00:00.000+0000,1192813.4601832842,1092534.7535283642,948589.8287100862,984956.6077386879,984956.6077386879,1216100.2956117594,1061720.3457938875
2025-04-17T21:10:00.000+0000,1192757.0921638042,1092534.7535283642,948548.8605951448,984956.6077386879,984956.6077386879,1216013.5165505914,1061720.3457938875
2025-04-17T21:20:00.000+0000,1192362.5160274443,1092534.7535283642,947373.8352525448,984956.6077386879,984956.6077386879,1215406.0631224154,1061720.3457938875
2025-04-17T21:30:00.000+0000,1191967.9398910843,1092534.7535283642,948362.8224837745,984956.6077386879,984956.6077386879,1214798.6096942395,1061720.3457938875
2025-04-17T21:40:00.000+0000,1192024.3079105644,1092534.7535283642,948831.9092857821,984956.6077386879,984956.6077386879,1214885.3887554074,1061720.3457938875
2025-04-17T21:50:00.000+0000,1192137.0439495242,1092534.7535283642,950077.7453075422,984956.6077386879,984956.6077386879,1215058.9468777436,1061720.3457938875
2025-04-17T22:00:00.000+0000,1191967.9398910843,1092534.7535283642,949010.582986559,984956.6077386879,984956.6077386879,1214798.6096942395,1061720.3457938875
2025-04-17T22:10:00.000+0000,1191404.2596962843,1092534.7535283642,950436.189989627,984956.6077386879,984956.6077386879,1213930.8190825596,1061720.3457938875
2025-04-17T22:20:00.000+0000,1190558.7394040842,1092534.7535283642,949413.8199088229,984956.6077386879,984956.6077386879,1212629.1331650396,1061720.3457938875
2025-04-17T22:30:00.000+0000,1190727.8434625242,1092534.7535283642,948346.7985643093,984956.6077386879,984956.6077386879,1212889.4703485435,1061720.3457938875
2025-04-17T22:40:00.000+0000,1190333.2673261643,1092534.7535283642,947333.4152412934,984956.6077386879,984956.6077386879,1212282.0169203675,1061720.3457938875
2025-04-17T22:50:00.000+0000,1189262.2749560443,1092534.7535283642,944700.2855757321,984956.6077386879,984956.6077386879,1210633.2147581754,1061720.3457938875
2025-04-17T23:00:00.000+0000,1189995.0592092841,1092534.7535283642,945905.6276102659,984956.6077386879,984956.6077386879,1211761.3425533595,1061720.3457938875
2025-04-17T23:10:00.000+0000,1190784.2114820043,1092534.7535283642,947931.1005262451,984956.6077386879,984956.6077386879,1212976.2494097115,1061720.3457938875
2025-04-17T23:20:00.000+0000,1190671.4754430442,1092534.7535283642,949141.6842578417,984956.6077386879,984956.6077386879,1212802.6912873755,1061720.3457938875
2025-04-17T23:30:00.000+0000,1190671.4754430442,1092534.7535283642,948892.8305249179,984956.6077386879,984956.6077386879,1212802.6912873755,1061720.3457938875
2025-04-17T23:40:00.000+0000,1190389.6353456443,1092534.7535283642,948001.6067341568,984956.6077386879,984956.6077386879,1212368.7959815355,1061720.3457938875
2025-04-17T23:50:00.000+0000,1189938.6911898043,1092534.7535283642,948746.3582401348,984956.6077386879,984956.6077386879,1211674.5634921915,1061720.3457938875
2025-04-18T00:00:00.000+0000,1189938.6911898043,1092534.7535283642,948029.6779439383,984956.6077386879,984956.6077386879,1211674.5634921915,1061720.3457938875
2025-04-18T00:10:00.000+0000,1190558.7394040842,1092534.7535283642,947039.5315202201,984956.6077386879,984956.6077386879,1212629.1331650396,1061720.3457938875
2025-04-18T00:20:00.000+0000,1190727.8434625242,1092534.7535283642,946719.3476844442,984956.6077386879,984956.6077386879,1212889.4703485435,1061720.3457938875
2025-04-18T00:30:00.000+0000,1190107.7952482442,1092534.7535283642,947209.6746424349,984956.6077386879,984956.6077386879,1211934.9006756956,1061720.3457938875
2025-04-18T00:40:00.000+0000,1190107.7952482442,1092534.7535283642,945885.3949566514,984956.6077386879,984956.6077386879,1211934.9006756956,1061720.3457938875
2025-04-18T00:50:00.000+0000,1189487.7470339641,1092534.7535283642,945498.4196839652,984956.6077386879,984956.6077386879,1210980.3310028475,1061720.3457938875
2025-04-18T01:00:00.000+0000,1190389.6353456443,1092534.7535283642,946229.8239900279,984956.6077386879,984956.6077386879,1212368.7959815355,1061720.3457938875
2025-04-18T01:10:00.000+0000,1190784.2114820043,1092534.7535283642,951109.581916821,984956.6077386879,984956.6077386879,1212976.2494097115,1061720.3457938875
2025-04-18T01:20:00.000+0000,1191460.6277157643,1092534.7535283642,950739.610977839,984956.6077386879,984956.6077386879,1214017.5981437275,1061720.3457938875
2025-04-18T01:30:00.000+0000,1190840.5795014843,1092534.7535283642,950695.8007616252,984956.6077386879,984956.6077386879,1213063.0284708794,1061720.3457938875
2025-04-18T01:40:00.000+0000,1190502.3713846041,1092534.7535283642,948937.4767000906,984956.6077386879,984956.6077386879,1212542.3541038714,1061720.3457938875
2025-04-18T01:50:00.000+0000,1190502.3713846041,1092534.7535283642,948947.1536111892,984956.6077386879,984956.6077386879,1212542.3541038714,1061720.3457938875
2025-04-18T02:00:00.000+0000,1189656.8510924042,1092534.7535283642,947973.131357249,984956.6077386879,984956.6077386879,1211240.6681863514,1061720.3457938875
2025-04-18T02:10:00.000+0000,1189713.2191118842,1092534.7535283642,947986.1317321742,984956.6077386879,984956.6077386879,1211327.4472475196,1061720.3457938875
2025-04-18T02:20:00.000+0000,1189769.5871313643,1092534.7535283642,948737.0903432004,984956.6077386879,984956.6077386879,1211414.2263086876,1061720.3457938875
2025-04-18T02:30:00.000+0000,1189262.2749560443,1092534.7535283642,949478.4192081899,984956.6077386879,984956.6077386879,1210633.2147581754,1061720.3457938875
2025-04-18T02:40:00.000+0000,1189600.4830729242,1092534.7535283642,949977.6334874488,984956.6077386879,984956.6077386879,1211153.8891251835,1061720.3457938875
2025-04-18T02:50:00.000+0000,1189938.6911898043,1092534.7535283642,951023.1908968285,984956.6077386879,984956.6077386879,1211674.5634921915,1061720.3457938875
2025-04-18T03:00:00.000+0000,1189149.5389170842,1092534.7535283642,948341.7541484188,984956.6077386879,984956.6077386879,1210459.6566358395,1061720.3457938875
2025-04-18T03:10:00.000+0000,1188980.4348586441,1092534.7535283642,948622.403243266,984956.6077386879,984956.6077386879,1210199.3194523356,1061720.3457938875
2025-04-18T03:20:00.000+0000,1187965.8105080042,1092534.7535283642,946993.7036521088,984956.6077386879,984956.6077386879,1208637.2963513115,1061720.3457938875
2025-04-18T03:30:00.000+0000,1188191.2825859243,1092534.7535283642,946818.7141732508,984956.6077386879,984956.6077386879,1208984.4125959836,1061720.3457938875
2025-04-18T03:40:00.000+0000,1188304.0186248843,1092534.7535283642,948018.6424485948,984956.6077386879,984956.6077386879,1209157.9707183195,1061720.3457938875
2025-04-18T03:50:00.000+0000,1188078.5465469642,1092534.7535283642,948307.3884610871,984956.6077386879,984956.6077386879,1208810.8544736474,1061720.3457938875
2025-04-18T04:00:00.000+0000,1187683.9704106043,1092534.7535283642,945832.244736613,984956.6077386879,984956.6077386879,1208203.4010454714,1061720.3457938875
2025-04-18T04:10:00.000+0000,1187683.9704106043,1092534.7535283642,944448.9022792747,984956.6077386879,984956.6077386879,1208203.4010454714,1061720.3457938875
2025-04-18T04:20:00.000+0000,1188134.9145664442,1092534.7535283642,945568.4190866367,984956.6077386879,984956.6077386879,1208897.6335348156,1061720.3457938875
2025-04-18T04:30:00.000+0000,1188416.7546638441,1092534.7535283642,945716.6967537504,984956.6077386879,984956.6077386879,1209331.5288406555,1061720.3457938875
2025-04-18T04:40:00.000+0000,1188529.4907028042,1092534.7535283642,945552.4782470698,984956.6077386879,984956.6077386879,1209505.0869629916,1061720.3457938875
2025-04-18T04:50:00.000+0000,1188304.0186248843,1092534.7535283642,945335.2435213394,984956.6077386879,984956.6077386879,1209157.9707183195,1061720.3457938875
2025-04-18T05:00:00.000+0000,1187853.0744690443,1092534.7535283642,945010.0929838171,984956.6077386879,984956.6077386879,1208463.7382289756,1061720.3457938875
2025-04-18T05:10:00.000+0000,1187345.762293724,1092534.7535283642,944758.7458615549,984956.6077386879,984956.6077386879,1207682.7266784634,1061720.3457938875
2025-04-18T05:20:00.000+0000,1187233.0262547643,1092534.7535283642,943200.1343602214,984956.6077386879,984956.6077386879,1207509.1685561275,1061720.3457938875
2025-04-18T05:30:00.000+0000,1187345.762293724,1092534.7535283642,942942.7205728046,984956.6077386879,984956.6077386879,1207682.7266784634,1061720.3457938875
2025-04-18T05:40:00.000+0000,1187683.9704106043,1092534.7535283642,945010.3974550655,984956.6077386879,984956.6077386879,1208203.4010454714,1061720.3457938875
2025-04-18T05:50:00.000+0000,1188529.4907028042,1092534.7535283642,945641.138340675,984956.6077386879,984956.6077386879,1209505.0869629916,1061720.3457938875
2025-04-18T06:00:00.000+0000,1187740.3384300843,1092534.7535283642,944997.9358026896,984956.6077386879,984956.6077386879,1208290.1801066394,1061720.3457938875
2025-04-18T06:10:00.000+0000,1188360.3866443643,1092534.7535283642,945976.8041539144,984956.6077386879,984956.6077386879,1209244.7497794875,1061720.3457938875
2025-04-18T06:20:00.000+0000,1188134.9145664442,1092534.7535283642,945553.579006412,984956.6077386879,984956.6077386879,1208897.6335348156,1061720.3457938875
2025-04-18T06:30:00.000+0000,1188022.1785274842,1092534.7535283642,943763.555540663,984956.6077386879,984956.6077386879,1208724.0754124795,1061720.3457938875
2025-04-18T06:40:00.000+0000,1188078.5465469642,1092534.7535283642,944154.1598215748,984956.6077386879,984956.6077386879,1208810.8544736474,1061720.3457938875
2025-04-18T06:50:00.000+0000,1188134.9145664442,1092534.7535283642,944885.3853672469,984956.6077386879,984956.6077386879,1208897.6335348156,1061720.3457938875
2025-04-18T07:00:00.000+0000,1188061.7958405241,719296.2487283642,946385.3326390393,984837.4121294079,835962.0961386882,1209244.7497794875,1061720.3457938875
2025-04-18T07:10:00.000+0000,1187723.5877236442,1092236.1627245243,945706.6730355206,984837.4121294079,984837.4121294079,1208724.0754124795,1061720.3457938875
2025-04-18T07:20:00.000+0000,1187216.2755483242,1092236.1627245243,943979.9950693091,984837.4121294079,984837.4121294079,1207943.0638619675,1061720.3457938875
2025-04-18T07:30:00.000+0000,1187836.3237626043,1092236.1627245243,946168.7039314283,984837.4121294079,984837.4121294079,1208897.6335348156,1061720.3457938875
2025-04-18T07:40:00.000+0000,1187836.3237626043,1092236.1627245243,947384.5861656489,984837.4121294079,984837.4121294079,1208897.6335348156,1061720.3457938875
2025-04-18T07:50:00.000+0000,1187949.0598015643,1092236.1627245243,948022.3366060888,984837.4121294079,984837.4121294079,1209071.1916571516,1061720.3457938875
2025-04-18T08:00:00.000+0000,1188118.1638600044,1092236.1627245243,949344.7573055746,984837.4121294079,984837.4121294079,1209331.5288406555,1061720.3457938875
2025-04-18T08:10:00.000+0000,1188174.5318794842,1092236.1627245243,949496.1019441212,984837.4121294079,984837.4121294079,1209418.3079018234,1061720.3457938875
2025-04-18T08:20:00.000+0000,1189132.7882106444,1092236.1627245243,949846.2173263442,984837.4121294079,984837.4121294079,1210893.5519416796,1061720.3457938875
2025-04-18T08:30:00.000+0000,1190034.6765223243,1092236.1627245243,949541.5722914516,984837.4121294079,984837.4121294079,1212282.0169203675,1061720.3457938875
2025-04-18T08:40:00.000+0000,1190598.3567171243,1092236.1627245243,949990.2613353396,984837.4121294079,984837.4121294079,1213149.8075320474,1061720.3457938875
2025-04-18T08:50:00.000+0000,1189865.5724638843,1092236.1627245243,947937.0436625613,984837.4121294079,984837.4121294079,1212021.6797368634,1061720.3457938875
2025-04-18T09:00:00.000+0000,1190316.5166197242,1092236.1627245243,947930.0716322938,984837.4121294079,984837.4121294079,1212715.9122262076,1061720.3457938875
2025-04-18T09:10:00.000+0000,1190823.8287950442,1092236.1627245243,947279.2197706823,984837.4121294079,984837.4121294079,1213496.9237767195,1061720.3457938875
2025-04-18T09:20:00.000+0000,1190372.8846392042,1092236.1627245243,948376.7470396707,984837.4121294079,984837.4121294079,1212802.6912873755,1061720.3457938875
2025-04-18T09:30:00.000+0000,1190485.6206781643,1092236.1627245243,948015.1753611391,984837.4121294079,984837.4121294079,1212976.2494097115,1061720.3457938875
2025-04-18T09:40:00.000+0000,1191162.0369119244,1092236.1627245243,949841.1219893639,984837.4121294079,984837.4121294079,1214017.5981437275,1061720.3457938875
2025-04-18T09:50:00.000+0000,1190711.0927560842,1092236.1627245243,948162.9052017799,984837.4121294079,984837.4121294079,1213323.3656543836,1061720.3457938875
2025-04-18T10:00:00.000+0000,1190541.9886976443,1092236.1627245243,947414.2207529037,984837.4121294079,984837.4121294079,1213063.0284708794,1061720.3457938875
2025-04-18T10:10:00.000+0000,1190711.0927560842,1092236.1627245243,948315.9946610681,984837.4121294079,984837.4121294079,1213323.3656543836,1061720.3457938875
2025-04-18T10:20:00.000+0000,1190654.7247366044,1092236.1627245243,948413.0081647122,984837.4121294079,984837.4121294079,1213236.5865932156,1061720.3457938875
2025-04-18T10:30:00.000+0000,1190372.8846392042,1092236.1627245243,946262.1993908095,984837.4121294079,984837.4121294079,1212802.6912873755,1061720.3457938875
2025-04-18T10:40:00.000+0000,1190034.6765223243,1092236.1627245243,945300.6977411078,984837.4121294079,984837.4121294079,1212282.0169203675,1061720.3457938875
2025-04-18T10:50:00.000+0000,1189358.2602885643,1092236.1627245243,945183.6713476137,984837.4121294079,984837.4121294079,1211240.6681863514,1061720.3457938875
2025-04-18T11:00:00.000+0000,1189245.5242496042,1092236.1627245243,944786.0918169818,984837.4121294079,984837.4121294079,1211067.1100640155,1061720.3457938875
2025-04-18T11:10:00.000+0000,1189583.7323664844,1092236.1627245243,946842.7833111967,984837.4121294079,984837.4121294079,1211587.7844310235,1061720.3457938875
2025-04-18T11:20:00.000+0000,1189358.2602885643,1092236.1627245243,945446.4091160585,984837.4121294079,984837.4121294079,1211240.6681863514,1061720.3457938875
2025-04-18T11:30:00.000+0000,1189414.6283080443,1092236.1627245243,945545.7887241752,984837.4121294079,984837.4121294079,1211327.4472475196,1061720.3457938875
2025-04-18T11:40:00.000+0000,1189865.5724638843,1092236.1627245243,946231.2788449165,984837.4121294079,984837.4121294079,1212021.6797368634,1061720.3457938875
2025-04-18T11:50:00.000+0000,1190147.4125612844,1092236.1627245243,947245.432736123,984837.4121294079,984837.4121294079,1212455.5750427034,1061720.3457938875
2025-04-18T12:00:00.000+0000,1190091.0445418044,1092236.1627245243,947368.2867142912,984837.4121294079,984837.4121294079,1212368.7959815355,1061720.3457938875
2025-04-18T12:10:00.000+0000,1189865.5724638843,1092236.1627245243,946757.7473966382,984837.4121294079,984837.4121294079,1212021.6797368634,1061720.3457938875
2025-04-18T12:20:00.000+0000,1190147.4125612844,1092236.1627245243,947281.2709317564,984837.4121294079,984837.4121294079,1212455.5750427034,1061720.3457938875
2025-04-18T12:30:00.000+0000,1191049.3008729643,1092236.1627245243,949313.9793458774,984837.4121294079,984837.4121294079,1213844.0400213916,1061720.3457938875
2025-04-18T12:40:00.000+0000,1190598.3567171243,1092236.1627245243,950729.7271986451,984837.4121294079,984837.4121294079,1213149.8075320474,1061720.3457938875
2025-04-18T12:50:00.000+0000,1190260.1486002442,1092236.1627245243,950183.300988626,984837.4121294079,984837.4121294079,1212629.1331650396,1061720.3457938875
2025-04-18T13:00:00.000+0000,1190091.0445418044,1092236.1627245243,948563.3279068354,984837.4121294079,984837.4121294079,1212368.7959815355,1061720.3457938875
2025-04-18T13:10:00.000+0000,1189865.5724638843,1092236.1627245243,947516.8670014273,984837.4121294079,984837.4121294079,1212021.6797368634,1061720.3457938875
2025-04-18T13:20:00.000+0000,1189640.1003859644,1092236.1627245243,948373.0614852423,984837.4121294079,984837.4121294079,1211674.5634921915,1061720.3457938875
2025-04-18T13:30:00.000+0000,1189470.9963275243,1092236.1627245243,948628.8545530492,984837.4121294079,984837.4121294079,1211414.2263086876,1061720.3457938875
2025-04-18T13:40:00.000+0000,1188681.8440548042,1092236.1627245243,947177.921947188,984837.4121294079,984837.4121294079,1210199.3194523356,1061720.3457938875
2025-04-18T13:50:00.000+0000,1189020.0521716843,1092236.1627245243,948184.9925669471,984837.4121294079,984837.4121294079,1210719.9938193434,1061720.3457938875
2025-04-18T14:00:00.000+0000,1188681.8440548042,1092236.1627245243,947905.5074937672,984837.4121294079,984837.4121294079,1210199.3194523356,1061720.3457938875
2025-04-18T14:10:00.000+0000,1187779.9557431242,1092236.1627245243,946352.2934128613,984837.4121294079,984837.4121294079,1208810.8544736474,1061720.3457938875
2025-04-18T14:20:00.000+0000,1188230.8998989642,1092236.1627245243,945723.6514078219,984837.4121294079,984837.4121294079,1209505.0869629916,1061720.3457938875
2025-04-18T14:30:00.000+0000,1187949.0598015643,1092236.1627245243,945444.9299094932,984837.4121294079,984837.4121294079,1209071.1916571516,1061720.3457938875
2025-04-18T14:40:00.000+0000,1187892.6917820843,1092236.1627245243,944883.5135209976,984837.4121294079,984837.4121294079,1208984.4125959836,1061720.3457938875
2025-04-18T14:50:00.000+0000,1187385.3796067643,1092236.1627245243,944138.5183825777,984837.4121294079,984837.4121294079,1208203.4010454714,1061720.3457938875
2025-04-18T15:00:00.000+0000,1186878.0674314443,1092236.1627245243,942118.8371364363,984837.4121294079,984837.4121294079,1207422.3894949595,1061720.3457938875
2025-04-18T15:10:00.000+0000,1186821.6994119643,1092236.1627245243,942094.9706454173,984837.4121294079,984837.4121294079,1207335.6104337915,1061720.3457938875
2025-04-18T15:20:00.000+0000,1187272.6435678042,1092236.1627245243,941314.2370251012,984837.4121294079,984837.4121294079,1208029.8429231355,1061720.3457938875
2025-04-18T15:30:00.000+0000,1186990.8034704044,1092236.1627245243,941453.192654738,984837.4121294079,984837.4121294079,1207595.9476172957,1061720.3457938875
2025-04-18T15:40:00.000+0000,1186990.8034704044,1092236.1627245243,941851.4561769923,984837.4121294079,984837.4121294079,1207595.9476172957,1061720.3457938875
2025-04-18T15:50:00.000+0000,1186990.8034704044,1092236.1627245243,942227.1750995609,984837.4121294079,984837.4121294079,1207595.9476172957,1061720.3457938875
2025-04-18T16:00:00.000+0000,1187047.1714898841,1092236.1627245243,942127.6252984016,984837.4121294079,984837.4121294079,1207682.7266784634,1061720.3457938875
2025-04-18T16:10:00.000+0000,1187441.7476262443,1092236.1627245243,942893.7498882004,984837.4121294079,984837.4121294079,1208290.1801066394,1061720.3457938875
2025-04-18T16:20:00.000+0000,1188287.2679184442,1092236.1627245243,943943.9156468937,984837.4121294079,984837.4121294079,1209591.8660241594,1061720.3457938875
2025-04-18T16:30:00.000+0000,1189640.1003859644,1092236.1627245243,944242.7060268408,984837.4121294079,984837.4121294079,1211674.5634921915,1061720.3457938875
2025-04-18T16:40:00.000+0000,1190034.6765223243,1092236.1627245243,943472.5938170254,984837.4121294079,984837.4121294079,1212282.0169203675,1061720.3457938875
2025-04-18T16:50:00.000+0000,1190992.9328534843,1092236.1627245243,943696.8866130162,984837.4121294079,984837.4121294079,1213757.2609602236,1061720.3457938875
2025-04-18T17:00:00.000+0000,1190992.9328534843,1092236.1627245243,943809.2596205777,984837.4121294079,984837.4121294079,1213757.2609602236,1061720.3457938875
2025-04-18T17:10:00.000+0000,1191725.7171067242,1092236.1627245243,944832.1191125674,984837.4121294079,984837.4121294079,1214885.3887554074,1061720.3457938875
2025-04-18T17:20:00.000+0000,1191443.8770093243,1092236.1627245243,944188.1162711016,984837.4121294079,984837.4121294079,1214451.4934495674,1061720.3457938875
2025-04-18T17:30:00.000+0000,1191387.5089898442,1092236.1627245243,945026.8845470967,984837.4121294079,984837.4121294079,1214364.7143883994,1061720.3457938875
2025-04-18T17:40:00.000+0000,1191105.6688924443,1092236.1627245243,946839.1524338864,984837.4121294079,984837.4121294079,1213930.8190825596,1061720.3457938875
2025-04-18T17:50:00.000+0000,1191218.4049314044,1092236.1627245243,947016.5763502205,984837.4121294079,984837.4121294079,1214104.3772048955,1061720.3457938875
2025-04-18T18:00:00.000+0000,1190429.2526586843,1092236.1627245243,945982.0121003012,984837.4121294079,984837.4121294079,1212889.4703485435,1061720.3457938875
2025-04-18T18:10:00.000+0000,1190203.7805807642,1092236.1627245243,946967.4582323832,984837.4121294079,984837.4121294079,1212542.3541038714,1061720.3457938875
2025-04-18T18:20:00.000+0000,1190034.6765223243,1092236.1627245243,946925.4148007857,984837.4121294079,984837.4121294079,1212282.0169203675,1061720.3457938875
2025-04-18T18:30:00.000+0000,1189470.9963275243,1092236.1627245243,947351.6576083575,984837.4121294079,984837.4121294079,1211414.2263086876,1061720.3457938875
2025-04-18T18:40:00.000+0000,1189132.7882106444,1092236.1627245243,947622.8353634096,984837.4121294079,984837.4121294079,1210893.5519416796,1061720.3457938875
2025-04-18T18:50:00.000+0000,1188569.1080158444,1092236.1627245243,947962.2411488369,984837.4121294079,984837.4121294079,1210025.7613299994,1061720.3457938875
2025-04-18T19:00:00.000+0000,1187610.8516846844,1092236.1627245243,947155.1371760126,984837.4121294079,984837.4121294079,1208550.5172901435,1061720.3457938875
2025-04-18T19:10:00.000+0000,1187892.6917820843,1092236.1627245243,947993.4557116864,984837.4121294079,984837.4121294079,1208984.4125959836,1061720.3457938875
2025-04-18T19:20:00.000+0000,1188061.7958405241,1092236.1627245243,948409.0934475198,984837.4121294079,984837.4121294079,1209244.7497794875,1061720.3457938875
2025-04-18T19:30:00.000+0000,1187836.3237626043,1092236.1627245243,946971.1805154406,984837.4121294079,984837.4121294079,1208897.6335348156,1061720.3457938875
2025-04-18T19:40:00.000+0000,1187498.1156457243,1092236.1627245243,946646.3333760158,984837.4121294079,984837.4121294079,1208376.9591678076,1061720.3457938875
2025-04-18T19:50:00.000+0000,1186934.4354509243,1092236.1627245243,946933.0879930893,984837.4121294079,984837.4121294079,1207509.1685561275,1061720.3457938875
2025-04-18T20:00:00.000+0000,1179644.3391617243,188108.37452452403,947404.9941187016,982061.9425311678,623873.7247294078,1206641.3779444476,1061720.3457938875
2025-04-18T20:10:00.000+0000,1179362.4990643244,1085284.2745522044,946562.4714008407,982061.9425311678,982061.9425311678,1206554.5988832796,1061720.3457938875
2025-04-18T20:20:00.000+0000,1180489.8594539245,1085284.2745522044,946895.2651003008,982061.9425311678,982061.9425311678,1208290.1801066394,1061720.3457938875
2025-04-18T20:30:00.000+0000,1180377.1234149644,1085284.2745522044,946406.396717509,982061.9425311678,982061.9425311678,1208116.6219843035,1061720.3457938875
2025-04-18T20:40:00.000+0000,1180208.0193565243,1085284.2745522044,945853.3332203359,982061.9425311678,982061.9425311678,1207856.2848007996,1061720.3457938875
2025-04-18T20:50:00.000+0000,1180377.1234149644,1085284.2745522044,947382.8376067382,982061.9425311678,982061.9425311678,1208116.6219843035,1061720.3457938875
2025-04-18T21:00:00.000+0000,1180602.5954928845,1085284.2745522044,947426.130008986,982061.9425311678,982061.9425311678,1208463.7382289756,1061720.3457938875
2025-04-18T21:10:00.000+0000,1179982.5472786045,1085284.2745522044,947691.102268716,982061.9425311678,982061.9425311678,1207509.1685561275,1061720.3457938875
2025-04-18T21:20:00.000+0000,1180489.8594539245,1085284.2745522044,947435.8197800362,982061.9425311678,982061.9425311678,1208290.1801066394,1061720.3457938875
2025-04-18T21:30:00.000+0000,1180433.4914344444,1085284.2745522044,947686.8064214233,982061.9425311678,982061.9425311678,1208203.4010454714,1061720.3457938875
2025-04-18T21:40:00.000+0000,1181842.6919214444,1085284.2745522044,948851.8452931391,982061.9425311678,982061.9425311678,1210372.8775746715,1061720.3457938875
2025-04-18T21:50:00.000+0000,1181166.2756876843,1085284.2745522044,948463.0847329132,982061.9425311678,982061.9425311678,1209331.5288406555,1061720.3457938875
2025-04-18T22:00:00.000+0000,1180433.4914344444,1085284.2745522044,948440.6701188298,982061.9425311678,982061.9425311678,1208203.4010454714,1061720.3457938875
2025-04-18T22:10:00.000+0000,1180151.6513370443,1085284.2745522044,947355.0379134627,982061.9425311678,982061.9425311678,1207769.5057396316,1061720.3457938875
2025-04-18T22:20:00.000+0000,1180208.0193565243,1085284.2745522044,948286.8047434557,982061.9425311678,982061.9425311678,1207856.2848007996,1061720.3457938875
2025-04-18T22:30:00.000+0000,1180151.6513370443,1085284.2745522044,948259.7313776852,982061.9425311678,982061.9425311678,1207769.5057396316,1061720.3457938875
2025-04-18T22:40:00.000+0000,1179982.5472786045,1085284.2745522044,948057.1968110022,982061.9425311678,982061.9425311678,1207509.1685561275,1061720.3457938875
2025-04-18T22:50:00.000+0000,1179700.7071812043,1085284.2745522044,947358.0694887757,982061.9425311678,982061.9425311678,1207075.2732502874,1061720.3457938875
2025-04-18T23:00:00.000+0000,1179531.6031227645,1085284.2745522044,944829.0076589496,982061.9425311678,982061.9425311678,1206814.9360667835,1061720.3457938875
2025-04-18T23:10:00.000+0000,1179587.9711422445,1085284.2745522044,944078.0726393837,982061.9425311678,982061.9425311678,1206901.7151279515,1061720.3457938875
2025-04-18T23:20:00.000+0000,1179869.8112396444,1085284.2745522044,944187.0878780084,982061.9425311678,982061.9425311678,1207335.6104337915,1061720.3457938875
2025-04-18T23:30:00.000+0000,1180320.7553954844,1085284.2745522044,945657.9143611253,982061.9425311678,982061.9425311678,1208029.8429231355,1061720.3457938875
2025-04-18T23:40:00.000+0000,1181109.9076682045,1085284.2745522044,946627.830000314,982061.9425311678,982061.9425311678,1209244.7497794875,1061720.3457938875
2025-04-18T23:50:00.000+0000,1182068.1639993645,1085284.2745522044,946314.7162988161,982061.9425311678,982061.9425311678,1210719.9938193434,1061720.3457938875
2025-04-19T00:00:00.000+0000,1182068.1639993645,1085284.2745522044,945824.2338946781,982061.9425311678,982061.9425311678,1210719.9938193434,1061720.3457938875
2025-04-19T00:10:00.000+0000,1182800.9482526043,1085284.2745522044,944801.7064807834,982061.9425311678,982061.9425311678,1211848.1216145274,1061720.3457938875
2025-04-19T00:20:00.000+0000,1182913.6842915644,1085284.2745522044,944953.0283416621,982061.9425311678,982061.9425311678,1212021.6797368634,1061720.3457938875
2025-04-19T00:30:00.000+0000,1183191.5822195243,1009896.5384022043,945833.1246947573,982061.9425311678,982061.9425311678,1212435.3271589994,983506.6980838873
2025-04-19T00:40:00.000+0000,1183283.293991364,1085766.6202909641,946085.8357848779,982061.9425311678,982061.9425311678,1212348.5480978312,1062220.7722771913
2025-04-19T00:50:00.000+0000,1183283.293991364,1085766.6202909641,946523.3869368082,982061.9425311678,982061.9425311678,1212348.5480978312,1062220.7722771913
2025-04-19T01:00:00.000+0000,1183283.293991364,1085766.6202909641,946631.245129246,982061.9425311678,982061.9425311678,1212348.5480978312,1062220.7722771913
2025-04-19T01:10:00.000+0000,1183283.293991364,1085766.6202909641,947929.5570377803,982061.9425311678,982061.9425311678,1212348.5480978312,1062220.7722771913
2025-04-19T01:20:00.000+0000,1182945.0858744842,1085766.6202909641,947992.7237590684,982061.9425311678,982061.9425311678,1211827.8737308234,1062220.7722771913
2025-04-19T01:30:00.000+0000,1182663.2457770843,1085766.6202909641,948254.5255954592,982061.9425311678,982061.9425311678,1211393.9784249833,1062220.7722771913
2025-04-19T01:40:00.000+0000,1182494.1417186442,1085766.6202909641,947709.3743532109,982061.9425311678,982061.9425311678,1211133.6412414792,1062220.7722771913
2025-04-19T01:50:00.000+0000,1182494.1417186442,1085766.6202909641,947949.4948785042,982061.9425311678,982061.9425311678,1211133.6412414792,1062220.7722771913
2025-04-19T02:00:00.000+0000,1182663.2457770843,1085766.6202909641,948797.1108049026,982061.9425311678,982061.9425311678,1211393.9784249833,1062220.7722771913
2025-04-19T02:10:00.000+0000,1183846.974186164,1085766.6202909641,952478.3277384534,982061.9425311678,982061.9425311678,1213216.3387095113,1062220.7722771913
2025-04-19T02:20:00.000+0000,1183565.1340887642,1085766.6202909641,955011.7738612251,982061.9425311678,982061.9425311678,1212782.4434036713,1062220.7722771913
2025-04-19T02:30:00.000+0000,1183170.5579524043,1085766.6202909641,955885.0104805245,982061.9425311678,982061.9425311678,1212174.9899754953,1062220.7722771913
2025-04-19T02:40:00.000+0000,1183170.5579524043,1085766.6202909641,955382.4057369444,982061.9425311678,982061.9425311678,1212174.9899754953,1062220.7722771913
2025-04-19T02:50:00.000+0000,1183396.0300303241,1085766.6202909641,956964.4144129016,982061.9425311678,982061.9425311678,1212522.1062201671,1062220.7722771913
2025-04-19T03:00:00.000+0000,1183508.7660692842,1085766.6202909641,957043.4109919354,982061.9425311678,982061.9425311678,1212695.6643425033,1062220.7722771913
2025-04-19T03:10:00.000+0000,1183283.293991364,1085766.6202909641,958167.6398777345,982061.9425311678,982061.9425311678,1212348.5480978312,1062220.7722771913
2025-04-19T03:20:00.000+0000,1183170.5579524043,1085766.6202909641,960246.2571292811,982061.9425311678,982061.9425311678,1212174.9899754953,1062220.7722771913
2025-04-19T03:30:00.000+0000,1183226.925971884,1085766.6202909641,961426.8361522483,982061.9425311678,982061.9425311678,1212261.7690366632,1062220.7722771913
2025-04-19T03:40:00.000+0000,1183226.925971884,1085766.6202909641,960602.8136084954,982061.9425311678,982061.9425311678,1212261.7690366632,1062220.7722771913
2025-04-19T03:50:00.000+0000,1182888.7178550041,1085766.6202909641,961983.1309115671,982061.9425311678,982061.9425311678,1211741.0946696552,1062220.7722771913
2025-04-19T04:00:00.000+0000,1182775.981816044,1085766.6202909641,961176.9647398812,982061.9425311678,982061.9425311678,1211567.5365473193,1062220.7722771913
2025-04-19T04:10:00.000+0000,1183677.870127724,1085766.6202909641,962731.079097363,982061.9425311678,982061.9425311678,1212956.0015260072,1062220.7722771913
2025-04-19T04:20:00.000+0000,1183396.0300303241,1085766.6202909641,962410.5819457737,982061.9425311678,982061.9425311678,1212522.1062201671,1062220.7722771913
2025-04-19T04:30:00.000+0000,1183790.606166684,1085766.6202909641,964172.4401131169,982061.9425311678,982061.9425311678,1213129.5596483434,1062220.7722771913
2025-04-19T04:40:00.000+0000,1183846.974186164,1085766.6202909641,963733.6729452786,982061.9425311678,982061.9425311678,1213216.3387095113,1062220.7722771913
2025-04-19T04:50:00.000+0000,1183903.3422056441,1085766.6202909641,962252.0034009526,982061.9425311678,982061.9425311678,1213303.1177706793,1062220.7722771913
2025-04-19T05:00:00.000+0000,1183846.974186164,1085766.6202909641,961950.3875357127,982061.9425311678,982061.9425311678,1213216.3387095113,1062220.7722771913
2025-04-19T05:10:00.000+0000,1183903.3422056441,1085766.6202909641,960861.5591692443,982061.9425311678,982061.9425311678,1213303.1177706793,1062220.7722771913
2025-04-19T05:20:00.000+0000,1184241.5503225243,1085766.6202909641,962772.256262419,982061.9425311678,982061.9425311678,1213823.7921376873,1062220.7722771913
2025-04-19T05:30:00.000+0000,1184016.0782446042,1085766.6202909641,962776.6528787409,982061.9425311678,982061.9425311678,1213476.6758930152,1062220.7722771913
2025-04-19T05:40:00.000+0000,1185481.6467510841,1085766.6202909641,962619.9770243275,982061.9425311678,982061.9425311678,1215732.9314833833,1062220.7722771913
2025-04-19T05:50:00.000+0000,1186158.0629848442,1085766.6202909641,962506.2612347081,982061.9425311678,982061.9425311678,1216774.2802173994,1062220.7722771913
2025-04-19T06:00:00.000+0000,1186439.903082244,1085766.6202909641,961154.0357727839,982061.9425311678,982061.9425311678,1217208.1755232392,1062220.7722771913
2025-04-19T06:10:00.000+0000,1188074.5756471641,1085766.6202909641,960980.1304372887,982061.9425311678,982061.9425311678,1219724.7682971114,1062220.7722771913
2025-04-19T06:20:00.000+0000,1188243.6797056042,1085766.6202909641,961238.7077097973,982061.9425311678,982061.9425311678,1219985.1054806153,1062220.7722771913
2025-04-19T06:30:00.000+0000,1191343.9207770042,1085766.6202909641,959458.9502622107,982061.9425311678,982061.9425311678,1224757.9538448553,1062220.7722771913
2025-04-19T06:40:00.000+0000,1192414.9131471242,1085766.6202909641,959746.4253223188,982061.9425311678,982061.9425311678,1226406.7560070474,1062220.7722771913
2025-04-19T06:50:00.000+0000,1197995.3470756442,1085766.6202909641,960313.2334882703,982061.9425311678,982061.9425311678,1234997.8830626793,1062220.7722771913
2025-04-19T07:00:00.000+0000,1198333.555192524,1085766.6202909641,960903.5053106232,982061.9425311678,982061.9425311678,1235518.5574296874,1062220.7722771913
2025-04-19T07:10:00.000+0000,1202448.420614564,1085766.6202909641,961833.1676349331,982061.9425311678,982061.9425311678,1241853.4288949512,1062220.7722771913
2025-04-19T07:20:00.000+0000,1207070.598211924,1085766.6202909641,961930.2074129147,982061.9425311678,982061.9425311678,1248969.3119107273,1062220.7722771913
2025-04-19T07:30:00.000+0000,1211072.7275950043,1085766.6202909641,962731.2554342349,982061.9425311678,982061.9425311678,1255130.6252536552,1062220.7722771913
2025-04-19T07:40:00.000+0000,1207972.4865236043,1085766.6202909641,964388.2612824084,982061.9425311678,982061.9425311678,1250357.7768894152,1062220.7722771913
2025-04-19T07:50:00.000+0000,1208310.6946404842,1085766.6202909641,963678.287142945,982061.9425311678,982061.9425311678,1250878.4512564233,1062220.7722771913
2025-04-19T08:00:00.000+0000,1207859.7504846442,1085766.6202909641,963204.7326908761,982061.9425311678,982061.9425311678,1250184.2187670793,1062220.7722771913
2025-04-19T08:10:00.000+0000,1202504.7886340441,1085766.6202909641,962521.5400465282,982061.9425311678,982061.9425311678,1241940.2079561192,1062220.7722771913
2025-04-19T08:20:00.000+0000,1202561.1566535241,1085766.6202909641,963701.9199192382,982061.9425311678,982061.9425311678,1242026.9870172872,1062220.7722771913
2025-04-19T08:30:00.000+0000,1204815.8774327242,1085766.6202909641,963376.5412921029,982061.9425311678,982061.9425311678,1245498.1494640072,1062220.7722771913
2025-04-19T08:40:00.000+0000,1206337.8139586842,1085766.6202909641,965285.5704827467,982061.9425311678,982061.9425311678,1247841.1841155433,1062220.7722771913
2025-04-19T08:50:00.000+0000,1207972.4865236043,1085766.6202909641,965047.7412721587,982061.9425311678,982061.9425311678,1250357.7768894152,1062220.7722771913
2025-04-19T09:00:00.000+0000,1209832.6311664442,1085766.6202909641,965113.4517851592,982061.9425311678,982061.9425311678,1253221.4859079593,1062220.7722771913
2025-04-19T09:10:00.000+0000,1210734.519478124,1085766.6202909641,966559.7108924385,982061.9425311678,982061.9425311678,1254609.9508866472,1062220.7722771913
2025-04-19T09:20:00.000+0000,1210847.2555170842,1085766.6202909641,966389.5651052053,982061.9425311678,982061.9425311678,1254783.5090089832,1062220.7722771913
2025-04-19T09:30:00.000+0000,1211354.5676924041,1085766.6202909641,964984.040934717,982061.9425311678,982061.9425311678,1255564.5205594953,1062220.7722771913
2025-04-19T09:40:00.000+0000,1210227.207302804,1085766.6202909641,966357.4842936734,982061.9425311678,982061.9425311678,1253828.9393361353,1062220.7722771913
2025-04-19T09:50:00.000+0000,1211185.463633964,1085766.6202909641,965288.9078796759,982061.9425311678,982061.9425311678,1255304.1833759914,1062220.7722771913
2025-04-19T10:00:00.000+0000,1210170.839283324,1085766.6202909641,964600.7120821698,982061.9425311678,982061.9425311678,1253742.1602749673,1062220.7722771913
2025-04-19T10:10:00.000+0000,1210283.5753222841,1085766.6202909641,965738.0222943496,982061.9425311678,982061.9425311678,1253915.7183973033,1062220.7722771913
2025-04-19T10:20:00.000+0000,1215131.2249975642,1085766.6202909641,965078.5835673318,982061.9425311678,982061.9425311678,1261378.7176577514,1062220.7722771913
2025-04-19T10:30:00.000+0000,1203913.989121044,1085766.6202909641,963224.1242969946,982061.9425311678,982061.9425311678,1244109.6844853193,1062220.7722771913
2025-04-19T10:40:00.000+0000,1202279.316556124,1085766.6202909641,963469.9890498467,982061.9425311678,982061.9425311678,1241593.0917114473,1062220.7722771913
2025-04-19T10:50:00.000+0000,1204083.0931794841,1085766.6202909641,963446.4733992041,982061.9425311678,982061.9425311678,1244370.0216688232,1062220.7722771913
2025-04-19T11:00:00.000+0000,1203519.412984684,1085766.6202909641,963784.0989856292,982061.9425311678,982061.9425311678,1243502.2310571433,1062220.7722771913
2025-04-19T11:10:00.000+0000,1207183.3342508841,1085766.6202909641,964564.2309161468,982061.9425311678,982061.9425311678,1249142.8700330632,1062220.7722771913
2025-04-19T11:20:00.000+0000,1209099.846913204,1085766.6202909641,963766.8636200761,982061.9425311678,982061.9425311678,1252093.3581127753,1062220.7722771913
2025-04-19T11:30:00.000+0000,1205492.293666484,1085766.6202909641,962146.4675910186,982061.9425311678,982061.9425311678,1246539.4981980233,1062220.7722771913
2025-04-19T11:40:00.000+0000,1204759.5094132442,1085766.6202909641,962081.3161725752,982061.9425311678,982061.9425311678,1245411.3704028393,1062220.7722771913
2025-04-19T11:50:00.000+0000,1204364.9332768843,1085766.6202909641,962318.9033604478,982061.9425311678,982061.9425311678,1244803.9169746633,1062220.7722771913
2025-04-19T12:00:00.000+0000,1205154.0855496041,1085766.6202909641,963371.8846867176,982061.9425311678,982061.9425311678,1246018.8238310153,1062220.7722771913
2025-04-19T12:10:00.000+0000,1204928.613471684,1085766.6202909641,963442.2107838709,982061.9425311678,982061.9425311678,1245671.7075863432,1062220.7722771913
2025-04-19T12:20:00.000+0000,1204872.2454522043,1085766.6202909641,963440.6581379061,982061.9425311678,982061.9425311678,1245584.9285251752,1062220.7722771913
2025-04-19T12:30:00.000+0000,1204252.1972379242,1085766.6202909641,963802.9261314361,982061.9425311678,982061.9425311678,1244630.3588523273,1062220.7722771913
2025-04-19T12:40:00.000+0000,1202842.996750924,1085766.6202909641,962629.3644525723,982061.9425311678,982061.9425311678,1242460.8823231272,1062220.7722771913
2025-04-19T12:50:00.000+0000,1202110.2124976842,1085766.6202909641,962888.3788648087,982061.9425311678,982061.9425311678,1241332.7545279432,1062220.7722771913
2025-04-19T13:00:00.000+0000,1202335.6845756043,1085766.6202909641,962383.2035364623,982061.9425311678,982061.9425311678,1241679.8707726153,1062220.7722771913
2025-04-19T13:10:00.000+0000,1203012.100809364,1085766.6202909641,964225.5519947999,982061.9425311678,982061.9425311678,1242721.2195066314,1062220.7722771913
2025-04-19T13:20:00.000+0000,1203124.8368483242,1085766.6202909641,964801.5942891508,982061.9425311678,982061.9425311678,1242894.7776289673,1062220.7722771913
2025-04-19T13:30:00.000+0000,1200193.6998353642,1085766.6202909641,965312.6350039518,982061.9425311678,982061.9425311678,1238382.2664482312,1062220.7722771913
2025-04-19T13:40:00.000+0000,1199460.9155821241,1085766.6202909641,965744.1883781652,982061.9425311678,982061.9425311678,1237254.1386530474,1062220.7722771913
2025-04-19T13:50:00.000+0000,1199179.0754847242,1085766.6202909641,966012.7025329773,982061.9425311678,982061.9425311678,1236820.2433472073,1062220.7722771913
2025-04-19T14:00:00.000+0000,1199404.5475626441,1085766.6202909641,966817.964394842,982061.9425311678,982061.9425311678,1237167.3595918794,1062220.7722771913
2025-04-19T14:10:00.000+0000,1197938.9790561642,1085766.6202909641,966794.3396671807,982061.9425311678,982061.9425311678,1234911.1040015114,1062220.7722771913
2025-04-19T14:20:00.000+0000,1197488.0349003242,1085766.6202909641,967313.5000772947,982061.9425311678,982061.9425311678,1234216.8715121672,1062220.7722771913
2025-04-19T14:30:00.000+0000,1197826.243017204,1085766.6202909641,966749.8510844571,982061.9425311678,982061.9425311678,1234737.5458791752,1062220.7722771913
2025-04-19T14:40:00.000+0000,1200080.9637964042,1085766.6202909641,966532.3775554637,982061.9425311678,982061.9425311678,1238208.7083258952,1062220.7722771913
2025-04-19T14:50:00.000+0000,1200644.6439912042,1085766.6202909641,966924.9869055387,982061.9425311678,982061.9425311678,1239076.4989375754,1062220.7722771913
2025-04-19T15:00:00.000+0000,1201433.796263924,1085766.6202909641,967051.8145706208,982061.9425311678,982061.9425311678,1240291.4057939274,1062220.7722771913
2025-04-19T15:10:00.000+0000,1201321.060224964,1085766.6202909641,967014.6732637944,982061.9425311678,982061.9425311678,1240117.8476715912,1062220.7722771913
2025-04-19T15:20:00.000+0000,1200813.748049644,1085766.6202909641,968938.805448103,982061.9425311678,982061.9425311678,1239336.8361210793,1062220.7722771913
2025-04-19T15:30:00.000+0000,1199911.859737964,1085766.6202909641,965644.5035028665,982061.9425311678,982061.9425311678,1237948.3711423913,1062220.7722771913
2025-04-19T15:40:00.000+0000,1199799.123699004,1085766.6202909641,963476.8461186237,982061.9425311678,982061.9425311678,1237774.8130200552,1062220.7722771913
2025-04-19T15:50:00.000+0000,1199235.443504204,1085766.6202909641,964483.3359393091,982061.9425311678,982061.9425311678,1236907.0224083753,1062220.7722771913
2025-04-19T16:00:00.000+0000,1199799.123699004,1085766.6202909641,965558.749828151,982061.9425311678,982061.9425311678,1237774.8130200552,1062220.7722771913
2025-04-19T16:10:00.000+0000,1199630.0196405642,1085766.6202909641,964707.2084709103,982061.9425311678,982061.9425311678,1237514.4758365513,1062220.7722771913
2025-04-19T16:20:00.000+0000,1198897.2353873241,1085766.6202909641,963185.6088452355,982061.9425311678,982061.9425311678,1236386.3480413673,1062220.7722771913
2025-04-19T16:30:00.000+0000,1198277.187173044,1085766.6202909641,961703.4713348824,982061.9425311678,982061.9425311678,1235431.7783685192,1062220.7722771913
2025-04-19T16:40:00.000+0000,1198389.9232120041,1085766.6202909641,959291.3654371039,982061.9425311678,982061.9425311678,1235605.3364908553,1062220.7722771913
2025-04-19T16:50:00.000+0000,1198446.2912314842,1085766.6202909641,959216.2779322912,982061.9425311678,982061.9425311678,1235692.1155520233,1062220.7722771913
2025-04-19T17:00:00.000+0000,1198446.2912314842,1085766.6202909641,959875.6174821472,982061.9425311678,982061.9425311678,1235692.1155520233,1062220.7722771913
2025-04-19T17:10:00.000+0000,1198446.2912314842,1085766.6202909641,959784.462371618,982061.9425311678,982061.9425311678,1235692.1155520233,1062220.7722771913
2025-04-19T17:20:00.000+0000,1199179.0754847242,1085766.6202909641,961780.2999044086,982061.9425311678,982061.9425311678,1236820.2433472073,1062220.7722771913
2025-04-19T17:30:00.000+0000,1200080.9637964042,1085766.6202909641,963467.1480574426,982061.9425311678,982061.9425311678,1238208.7083258952,1062220.7722771913
2025-04-19T17:40:00.000+0000,1200870.116069124,1085766.6202909641,966137.645250359,982061.9425311678,982061.9425311678,1239423.6151822472,1062220.7722771913
2025-04-19T17:50:00.000+0000,1199573.6516210842,1085766.6202909641,964354.047857489,982061.9425311678,982061.9425311678,1237427.6967753833,1062220.7722771913
2025-04-19T18:00:00.000+0000,1198953.6034068041,1085766.6202909641,966610.0187875638,982061.9425311678,982061.9425311678,1236473.1271025352,1062220.7722771913
2025-04-19T18:10:00.000+0000,1198953.6034068041,1085766.6202909641,966805.7338100325,982061.9425311678,982061.9425311678,1236473.1271025352,1062220.7722771913
2025-04-19T18:20:00.000+0000,1198051.7150951242,1085766.6202909641,966418.1088508342,982061.9425311678,982061.9425311678,1235084.6621238473,1062220.7722771913
2025-04-19T18:30:00.000+0000,1198051.7150951242,1085766.6202909641,966721.1074283549,982061.9425311678,982061.9425311678,1235084.6621238473,1062220.7722771913
2025-04-19T18:40:00.000+0000,1197657.1389587643,1085766.6202909641,965515.0535359939,982061.9425311678,982061.9425311678,1234477.2086956713,1062220.7722771913
2025-04-19T18:50:00.000+0000,1197262.562822404,1085766.6202909641,965433.1293522703,982061.9425311678,982061.9425311678,1233869.7552674953,1062220.7722771913
2025-04-19T19:00:00.000+0000,1196980.7227250042,1085766.6202909641,964475.5421604026,982061.9425311678,982061.9425311678,1233435.8599616552,1062220.7722771913
2025-04-19T19:10:00.000+0000,1197375.2988613641,1085766.6202909641,964728.5654931859,982061.9425311678,982061.9425311678,1234043.3133898312,1062220.7722771913
2025-04-19T19:20:00.000+0000,1197318.930841884,1085766.6202909641,964658.0815263664,982061.9425311678,982061.9425311678,1233956.5343286633,1062220.7722771913
2025-04-19T19:30:00.000+0000,1197431.6668808442,1085766.6202909641,965164.5739168674,982061.9425311678,982061.9425311678,1234130.0924509992,1062220.7722771913
2025-04-19T19:40:00.000+0000,1197375.2988613641,1085766.6202909641,965842.5315802749,982061.9425311678,982061.9425311678,1234043.3133898312,1062220.7722771913
2025-04-19T19:50:00.000+0000,1197093.4587639642,1085766.6202909641,965179.315633723,982061.9425311678,982061.9425311678,1233609.4180839914,1062220.7722771913
2025-04-19T20:00:00.000+0000,1197149.8267834443,1085766.6202909641,964158.7822981242,982061.9425311678,982061.9425311678,1233696.1971451594,1062220.7722771913
2025-04-19T20:10:00.000+0000,1197826.243017204,1085766.6202909641,964260.3291198148,982061.9425311678,982061.9425311678,1234737.5458791752,1062220.7722771913
2025-04-19T20:20:00.000+0000,1197769.874997724,1085766.6202909641,964536.7279227048,982061.9425311678,982061.9425311678,1234650.7668180072,1062220.7722771913
2025-04-19T20:30:00.000+0000,1198502.6592509642,1085766.6202909641,965639.6282068677,982061.9425311678,982061.9425311678,1235778.8946131913,1062220.7722771913
2025-04-19T20:40:00.000+0000,1198840.867367844,1085766.6202909641,967025.6650907454,982061.9425311678,982061.9425311678,1236299.5689801993,1062220.7722771913
2025-04-19T20:50:00.000+0000,1198784.499348364,1085766.6202909641,966054.8408669916,982061.9425311678,982061.9425311678,1236212.7899190313,1062220.7722771913
2025-04-19T21:00:00.000+0000,1199009.9714262842,1085766.6202909641,965966.6610627896,982061.9425311678,982061.9425311678,1236559.9061637032,1062220.7722771913
2025-04-19T21:10:00.000+0000,1199799.123699004,1085766.6202909641,967266.6038858669,982061.9425311678,982061.9425311678,1237774.8130200552,1062220.7722771913
2025-04-19T21:20:00.000+0000,1200024.5957769242,1085766.6202909641,967521.1278703739,982061.9425311678,982061.9425311678,1238121.9292647273,1062220.7722771913
2025-04-19T21:30:00.000+0000,1200024.5957769242,1085766.6202909641,966722.1693306249,982061.9425311678,982061.9425311678,1238121.9292647273,1062220.7722771913
2025-04-19T21:40:00.000+0000,1200080.9637964042,1085766.6202909641,967547.2210812636,982061.9425311678,982061.9425311678,1238208.7083258952,1062220.7722771913
2025-04-19T21:50:00.000+0000,1200531.9079522442,1085766.6202909641,968294.2939144536,982061.9425311678,982061.9425311678,1238902.9408152392,1062220.7722771913
2025-04-19T22:00:00.000+0000,1200531.9079522442,1085766.6202909641,967353.3462828113,982061.9425311678,982061.9425311678,1238902.9408152392,1062220.7722771913
2025-04-19T22:10:00.000+0000,1201377.428244444,1085766.6202909641,967334.4330970114,982061.9425311678,982061.9425311678,1240204.6267327594,1062220.7722771913
2025-04-19T22:20:00.000+0000,1202561.1566535241,1085766.6202909641,966903.2420906167,982061.9425311678,982061.9425311678,1242026.9870172872,1062220.7722771913
2025-04-19T22:30:00.000+0000,1203688.5170431242,1085766.6202909641,967170.6503975494,982061.9425311678,982061.9425311678,1243762.5682406472,1062220.7722771913
2025-04-19T22:40:00.000+0000,1203632.1490236442,1085766.6202909641,968111.9823787445,982061.9425311678,982061.9425311678,1243675.7891794792,1062220.7722771913
2025-04-19T22:50:00.000+0000,1203575.7810041641,1085766.6202909641,968212.7500648964,982061.9425311678,982061.9425311678,1243589.0101183113,1062220.7722771913
2025-04-19T23:00:00.000+0000,1202110.2124976842,1085766.6202909641,968516.0748360411,982061.9425311678,982061.9425311678,1241332.7545279432,1062220.7722771913
2025-04-19T23:10:00.000+0000,1202335.6845756043,1085766.6202909641,967393.6979789176,982061.9425311678,982061.9425311678,1241679.8707726153,1062220.7722771913
2025-04-19T23:20:00.000+0000,1201659.2683418442,1085766.6202909641,966752.9617778588,982061.9425311678,982061.9425311678,1240638.5220385992,1062220.7722771913
2025-04-19T23:30:00.000+0000,1201208.3241860042,1085766.6202909641,966906.8877326809,982061.9425311678,982061.9425311678,1239944.2895492553,1062220.7722771913
2025-04-19T23:40:00.000+0000,1201321.060224964,1085766.6202909641,967775.4141426277,982061.9425311678,982061.9425311678,1240117.8476715912,1062220.7722771913
2025-04-19T23:50:00.000+0000,1201433.796263924,1085766.6202909641,967956.6203848915,982061.9425311678,982061.9425311678,1240291.4057939274,1062220.7722771913
2025-04-20T00:00:00.000+0000,1200531.9079522442,1085766.6202909641,966768.6882015567,982061.9425311678,982061.9425311678,1238902.9408152392,1062220.7722771913
2025-04-20T00:10:00.000+0000,1200263.3086622597,186337.3130109635,969461.7297348003,981773.9850075521,622115.038011168,1239510.3942434152,1062220.7722771913
2025-04-20T00:20:00.000+0000,1174695.9494058758,186337.3130109635,969956.1874355786,971406.7029335842,622115.038011168,1239683.9523657511,1062220.7722771913
2025-04-20T00:30:00.000+0000,1198910.8006649555,188981.04978819547,969489.9909730564,981165.042881288,623172.733817056,1239510.3942434152,1062220.7722771913
2025-04-20T00:40:00.000+0000,1198318.1794415156,1083834.7318776355,969509.4940797128,981288.8103880074,981288.8103880074,1238469.0455093994,1062220.7722771913
2025-04-20T00:50:00.000+0000,1198656.3875583955,1083834.7318776355,969151.2954357299,981288.8103880074,981288.8103880074,1238989.7198764072,1062220.7722771913
2025-04-20T01:00:00.000+0000,1198769.1235973556,1083834.7318776355,968894.3110166262,981288.8103880074,981288.8103880074,1239163.2779987433,1062220.7722771913
2025-04-20T01:10:00.000+0000,1198318.1794415156,1083834.7318776355,971807.367724274,981288.8103880074,981288.8103880074,1238469.0455093994,1062220.7722771913
2025-04-20T01:20:00.000+0000,1198430.9154804754,1083834.7318776355,972398.751296836,981288.8103880074,981288.8103880074,1238642.6036317353,1062220.7722771913
2025-04-20T01:30:00.000+0000,1198205.4434025555,1083834.7318776355,971686.9554184207,981288.8103880074,981288.8103880074,1238295.4873870632,1062220.7722771913
2025-04-20T01:40:00.000+0000,1199276.4357726756,1083834.7318776355,973450.9931584317,981288.8103880074,981288.8103880074,1239944.2895492553,1062220.7722771913
2025-04-20T01:50:00.000+0000,1200178.3240843555,1083834.7318776355,974540.8558203236,981288.8103880074,981288.8103880074,1241332.7545279432,1062220.7722771913
2025-04-20T02:00:00.000+0000,1199783.7479479956,1083834.7318776355,973542.881571947,981288.8103880074,981288.8103880074,1240725.3010997672,1062220.7722771913
2025-04-20T02:10:00.000+0000,1199445.5398311154,1083834.7318776355,973250.4164958497,981288.8103880074,981288.8103880074,1240204.6267327594,1062220.7722771913
2025-04-20T02:20:00.000+0000,1198205.4434025555,1083834.7318776355,972434.5886965359,981288.8103880074,981288.8103880074,1238295.4873870632,1062220.7722771913
2025-04-20T02:30:00.000+0000,1198600.0195389155,1083834.7318776355,972947.5931999087,981288.8103880074,981288.8103880074,1238902.9408152392,1062220.7722771913
2025-04-20T02:40:00.000+0000,1199614.6438895555,1083834.7318776355,973756.3264775502,981288.8103880074,981288.8103880074,1240464.9639162633,1062220.7722771913
2025-04-20T02:50:00.000+0000,1199050.9636947555,1083834.7318776355,973110.05241617,981288.8103880074,981288.8103880074,1239597.1733045834,1062220.7722771913
2025-04-20T03:00:00.000+0000,1198543.6515194355,1083834.7318776355,971796.8202897481,981288.8103880074,981288.8103880074,1238816.1617540712,1062220.7722771913
2025-04-20T03:10:00.000+0000,1198656.3875583955,1083834.7318776355,971410.5201641188,981288.8103880074,981288.8103880074,1238989.7198764072,1062220.7722771913
2025-04-20T03:20:00.000+0000,1198543.6515194355,1083834.7318776355,970873.656404566,981288.8103880074,981288.8103880074,1238816.1617540712,1062220.7722771913
2025-04-20T03:30:00.000+0000,1199445.5398311154,1083834.7318776355,969898.1474320045,981288.8103880074,981288.8103880074,1240204.6267327594,1062220.7722771913
2025-04-20T03:40:00.000+0000,1201192.9484349955,1083834.7318776355,969971.9553992257,981288.8103880074,981288.8103880074,1242894.7776289673,1062220.7722771913
2025-04-20T03:50:00.000+0000,1202207.5727856355,1083834.7318776355,970570.8119406835,981288.8103880074,981288.8103880074,1244456.8007299914,1062220.7722771913
2025-04-20T04:00:00.000+0000,1202827.6209999155,1083834.7318776355,970182.7597594738,981288.8103880074,981288.8103880074,1245411.3704028393,1062220.7722771913
2025-04-20T04:10:00.000+0000,1203165.8291167954,1083834.7318776355,970528.3865830522,981288.8103880074,981288.8103880074,1245932.0447698473,1062220.7722771913
2025-04-20T04:20:00.000+0000,1204405.9255453555,1083834.7318776355,971232.6154218062,981288.8103880074,981288.8103880074,1247841.1841155433,1062220.7722771913
2025-04-20T04:30:00.000+0000,1205815.1260323555,1083834.7318776355,971955.890651415,981288.8103880074,981288.8103880074,1250010.6606447434,1062220.7722771913
2025-04-20T04:40:00.000+0000,1204349.5575258755,1083834.7318776355,972852.3939231604,981288.8103880074,981288.8103880074,1247754.4050543753,1062220.7722771913
2025-04-20T04:50:00.000+0000,1204011.3494089954,1083834.7318776355,972207.5779004038,981288.8103880074,981288.8103880074,1247233.7306873673,1062220.7722771913
2025-04-20T05:00:00.000+0000,1203785.8773310755,1083834.7318776355,971133.9425829793,981288.8103880074,981288.8103880074,1246886.6144426954,1062220.7722771913
2025-04-20T05:10:00.000+0000,1204913.2377206755,1083834.7318776355,970969.8594276552,981288.8103880074,981288.8103880074,1248622.1956660552,1062220.7722771913
2025-04-20T05:20:00.000+0000,1203334.9331752355,1083834.7318776355,971491.9375247431,981288.8103880074,981288.8103880074,1246192.3819533512,1062220.7722771913
2025-04-20T05:30:00.000+0000,1200516.5322012354,1083834.7318776355,970833.6662982033,981288.8103880074,981288.8103880074,1241853.4288949512,1062220.7722771913
2025-04-20T05:40:00.000+0000,1200234.6921038355,1083834.7318776355,970927.5056403391,981288.8103880074,981288.8103880074,1241419.5335891112,1062220.7722771913
2025-04-20T05:50:00.000+0000,1200065.5880453954,1083834.7318776355,969992.0535152759,981288.8103880074,981288.8103880074,1241159.1964056073,1062220.7722771913
2025-04-20T06:00:00.000+0000,1199783.7479479956,1083834.7318776355,969698.2038399547,981288.8103880074,981288.8103880074,1240725.3010997672,1062220.7722771913
2025-04-20T06:10:00.000+0000,1199614.6438895555,1083834.7318776355,970215.814286981,981288.8103880074,981288.8103880074,1240464.9639162633,1062220.7722771913
2025-04-20T06:20:00.000+0000,1199671.0119090355,1083834.7318776355,969194.008925847,981288.8103880074,981288.8103880074,1240551.7429774313,1062220.7722771913
2025-04-20T06:30:00.000+0000,1199163.6997337155,1083834.7318776355,969130.9344062395,981288.8103880074,981288.8103880074,1239770.7314269193,1062220.7722771913
2025-04-20T06:40:00.000+0000,1198656.3875583955,1083834.7318776355,965733.5839144378,981288.8103880074,981288.8103880074,1238989.7198764072,1062220.7722771913
2025-04-20T06:50:00.000+0000,1198994.5956752754,1083834.7318776355,966415.8307090155,981288.8103880074,981288.8103880074,1239510.3942434152,1062220.7722771913
2025-04-20T07:00:00.000+0000,1198825.4916168354,1083834.7318776355,963998.5758345717,981288.8103880074,981288.8103880074,1239250.0570599113,1062220.7722771913
2025-04-20T07:10:00.000+0000,1198656.3875583955,1083834.7318776355,961729.4833706757,981288.8103880074,981288.8103880074,1238989.7198764072,1062220.7722771913
2025-04-20T07:20:00.000+0000,1198881.8596363154,1083834.7318776355,961177.1470148005,981288.8103880074,981288.8103880074,1239336.8361210793,1062220.7722771913
2025-04-20T07:30:00.000+0000,1199050.9636947555,1083834.7318776355,961351.2959827377,981288.8103880074,981288.8103880074,1239597.1733045834,1062220.7722771913
2025-04-20T07:40:00.000+0000,1198543.6515194355,1083834.7318776355,961805.3256236333,981288.8103880074,981288.8103880074,1238816.1617540712,1062220.7722771913
2025-04-20T07:50:00.000+0000,1198600.0195389155,1083834.7318776355,962828.2687320972,981288.8103880074,981288.8103880074,1238902.9408152392,1062220.7722771913
2025-04-20T08:00:00.000+0000,1198881.8596363154,1083834.7318776355,961610.9882249082,981288.8103880074,981288.8103880074,1239336.8361210793,1062220.7722771913
2025-04-20T08:10:00.000+0000,1198149.0753830755,1083834.7318776355,962077.9228195951,981288.8103880074,981288.8103880074,1238208.7083258952,1062220.7722771913
2025-04-20T08:20:00.000+0000,1197359.9231103554,1083834.7318776355,962064.711525471,981288.8103880074,981288.8103880074,1236993.8014695433,1062220.7722771913
2025-04-20T08:30:00.000+0000,1195556.1464869955,1083834.7318776355,961863.5331552315,981288.8103880074,981288.8103880074,1234216.8715121672,1062220.7722771913
2025-04-20T08:40:00.000+0000,1195781.6185649154,1083834.7318776355,961331.1509788428,981288.8103880074,981288.8103880074,1234563.9877568393,1062220.7722771913
2025-04-20T08:50:00.000+0000,1194992.4662921955,1083834.7318776355,958963.0286740554,981288.8103880074,981288.8103880074,1233349.0809004873,1062220.7722771913
2025-04-20T09:00:00.000+0000,1195161.5703506356,1083834.7318776355,959457.9752494439,981288.8103880074,981288.8103880074,1233609.4180839914,1062220.7722771913
2025-04-20T09:10:00.000+0000,1195274.3063895954,1083834.7318776355,960443.4007501598,981288.8103880074,981288.8103880074,1233782.9762063273,1062220.7722771913
2025-04-20T09:20:00.000+0000,1195274.3063895954,1083834.7318776355,960905.3265665759,981288.8103880074,981288.8103880074,1233782.9762063273,1062220.7722771913
2025-04-20T09:30:00.000+0000,1195105.2023311555,1083834.7318776355,960238.8949007073,981288.8103880074,981288.8103880074,1233522.6390228232,1062220.7722771913
2025-04-20T09:40:00.000+0000,1194485.1541168755,1083834.7318776355,959375.2526491834,981288.8103880074,981288.8103880074,1232568.0693499753,1062220.7722771913
2025-04-20T09:50:00.000+0000,1194654.2581753153,1083834.7318776355,959219.5218307476,981288.8103880074,981288.8103880074,1232828.4065334792,1062220.7722771913
2025-04-20T10:00:00.000+0000,1193301.4257077954,1083834.7318776355,959640.398857984,981288.8103880074,981288.8103880074,1230745.7090654473,1062220.7722771913
2025-04-20T10:10:00.000+0000,1191272.1770065154,1083834.7318776355,960163.3630391867,981288.8103880074,981288.8103880074,1227621.6628633994,1062220.7722771913
2025-04-20T10:20:00.000+0000,1190257.5526558755,1083834.7318776355,960130.1195563555,981288.8103880074,981288.8103880074,1226059.6397623753,1062220.7722771913
2025-04-20T10:30:00.000+0000,1189242.9283052355,1083834.7318776355,959702.7985077512,981288.8103880074,981288.8103880074,1224497.6166613512,1062220.7722771913
2025-04-20T10:40:00.000+0000,1189468.4003831553,1083834.7318776355,954855.5649711229,981288.8103880074,981288.8103880074,1224844.7329060233,1062220.7722771913
2025-04-20T10:50:00.000+0000,1189919.3445389955,1083834.7318776355,952083.0838167882,981288.8103880074,981288.8103880074,1225538.9653953672,1062220.7722771913
2025-04-20T11:00:00.000+0000,1189524.7684026356,1083834.7318776355,953004.5910496649,981288.8103880074,981288.8103880074,1224931.5119671912,1062220.7722771913
2025-04-20T11:10:00.000+0000,1189468.4003831553,1083834.7318776355,953096.9458194808,981288.8103880074,981288.8103880074,1224844.7329060233,1062220.7722771913
2025-04-20T11:20:00.000+0000,1189806.6085000355,1083834.7318776355,949673.7816462091,981288.8103880074,981288.8103880074,1225365.4072730313,1062220.7722771913
2025-04-20T11:30:00.000+0000,1189355.6643441955,1083834.7318776355,948211.4029211137,981288.8103880074,981288.8103880074,1224671.1747836873,1062220.7722771913
2025-04-20T11:40:00.000+0000,1189524.7684026356,1083834.7318776355,945887.5604082935,981288.8103880074,981288.8103880074,1224931.5119671912,1062220.7722771913
2025-04-20T11:50:00.000+0000,1190595.7607727554,1083834.7318776355,946446.0371280813,981288.8103880074,981288.8103880074,1226580.3141293833,1062220.7722771913
2025-04-20T12:00:00.000+0000,1190539.3927532756,1083834.7318776355,947838.3491906526,981288.8103880074,981288.8103880074,1226493.5350682153,1062220.7722771913
2025-04-20T12:10:00.000+0000,1190144.8166169154,1083834.7318776355,950115.6757926351,981288.8103880074,981288.8103880074,1225886.0816400393,1062220.7722771913
2025-04-20T12:20:00.000+0000,1190313.9206753555,1083834.7318776355,950912.7675568133,981288.8103880074,981288.8103880074,1226146.4188235432,1062220.7722771913
2025-04-20T12:30:00.000+0000,1190032.0805779556,1083834.7318776355,951559.8580010782,981288.8103880074,981288.8103880074,1225712.5235177032,1062220.7722771913
2025-04-20T12:40:00.000+0000,1189412.0323636755,1083834.7318776355,951600.2935730171,981288.8103880074,981288.8103880074,1224757.9538448553,1062220.7722771913
2025-04-20T12:50:00.000+0000,1188284.6719740755,1083834.7318776355,951156.6133073999,981288.8103880074,981288.8103880074,1223022.3726214953,1062220.7722771913
2025-04-20T13:00:00.000+0000,1188341.0399935555,1083834.7318776355,950494.6959200792,981288.8103880074,981288.8103880074,1223109.1516826632,1062220.7722771913
2025-04-20T13:10:00.000+0000,1188284.6719740755,1083834.7318776355,948727.2299318261,981288.8103880074,981288.8103880074,1223022.3726214953,1062220.7722771913
2025-04-20T13:20:00.000+0000,1187157.3115844755,1083834.7318776355,949976.4416888707,981288.8103880074,981288.8103880074,1221286.7913981352,1062220.7722771913
2025-04-20T13:30:00.000+0000,1187157.3115844755,1083834.7318776355,950937.7350843914,981288.8103880074,981288.8103880074,1221286.7913981352,1062220.7722771913
2025-04-20T13:40:00.000+0000,1188228.3039545955,1083834.7318776355,951983.0552823757,981288.8103880074,981288.8103880074,1222935.5935603273,1062220.7722771913
2025-04-20T13:50:00.000+0000,1187890.0958377155,1083834.7318776355,951810.0593452384,981288.8103880074,981288.8103880074,1222414.9191933193,1062220.7722771913
2025-04-20T14:00:00.000+0000,1186988.2075260354,1083834.7318776355,951320.4067383708,981288.8103880074,981288.8103880074,1221026.4542146313,1062220.7722771913
2025-04-20T14:10:00.000+0000,1187044.5755455154,1083834.7318776355,953684.7911994129,981288.8103880074,981288.8103880074,1221113.2332757993,1062220.7722771913
2025-04-20T14:20:00.000+0000,1186142.6872338355,1083834.7318776355,952722.6752414606,981288.8103880074,981288.8103880074,1219724.7682971114,1062220.7722771913
2025-04-20T14:30:00.000+0000,1186086.3192143554,1083834.7318776355,954252.6081823835,981288.8103880074,981288.8103880074,1219637.9892359432,1062220.7722771913
2025-04-20T14:40:00.000+0000,1186142.6872338355,1083834.7318776355,953545.8977410913,981288.8103880074,981288.8103880074,1219724.7682971114,1062220.7722771913
2025-04-20T14:50:00.000+0000,1185973.5831753954,1083834.7318776355,954009.6742358154,981288.8103880074,981288.8103880074,1219464.4311136073,1062220.7722771913
2025-04-20T15:00:00.000+0000,1185917.2151559156,1083834.7318776355,952329.0956542211,981288.8103880074,981288.8103880074,1219377.6520524393,1062220.7722771913
2025-04-20T15:10:00.000+0000,1186086.3192143554,1083834.7318776355,951781.154045583,981288.8103880074,981288.8103880074,1219637.9892359432,1062220.7722771913
2025-04-20T15:20:00.000+0000,1185917.2151559156,1083834.7318776355,949958.4258195523,981288.8103880074,981288.8103880074,1219377.6520524393,1062220.7722771913
2025-04-20T15:30:00.000+0000,1185804.4791169555,1083834.7318776355,950428.6629694827,981288.8103880074,981288.8103880074,1219204.0939301034,1062220.7722771913
2025-04-20T15:40:00.000+0000,1185409.9029805954,1083834.7318776355,949971.5569760134,981288.8103880074,981288.8103880074,1218596.6405019274,1062220.7722771913
2025-04-20T15:50:00.000+0000,1185466.2710000754,1083834.7318776355,947363.0844644522,981288.8103880074,981288.8103880074,1218683.4195630953,1062220.7722771913
2025-04-20T16:00:00.000+0000,1185522.6390195554,1083834.7318776355,947647.417244643,981288.8103880074,981288.8103880074,1218770.1986242633,1062220.7722771913
2025-04-20T16:10:00.000+0000,1185635.3750585155,1083834.7318776355,949784.5604142798,981288.8103880074,981288.8103880074,1218943.7567465992,1062220.7722771913
2025-04-20T16:20:00.000+0000,1185860.8471364356,1083834.7318776355,950943.2570889492,981288.8103880074,981288.8103880074,1219290.8729912713,1062220.7722771913
2025-04-20T16:30:00.000+0000,1186199.0552533155,1083834.7318776355,950005.8047239021,981288.8103880074,981288.8103880074,1219811.5473582793,1062220.7722771913
2025-04-20T16:40:00.000+0000,1186819.1034675955,1083834.7318776355,951387.4299852047,981288.8103880074,981288.8103880074,1220766.1170311272,1062220.7722771913
2025-04-20T16:50:00.000+0000,1188679.2481104354,1083834.7318776355,952411.8689162135,981288.8103880074,981288.8103880074,1223629.8260496713,1062220.7722771913
2025-04-20T17:00:00.000+0000,1189919.3445389955,1083834.7318776355,951237.1635876906,981288.8103880074,981288.8103880074,1225538.9653953672,1062220.7722771913
2025-04-20T17:10:00.000+0000,1189862.9765195155,1083834.7318776355,950632.3446467774,981288.8103880074,981288.8103880074,1225452.1863341993,1062220.7722771913
2025-04-20T17:20:00.000+0000,1188848.3521688755,1083834.7318776355,950542.5374247017,981288.8103880074,981288.8103880074,1223890.1632331752,1062220.7722771913
2025-04-20T17:30:00.000+0000,1188397.4080130355,1083834.7318776355,949926.505542705,981288.8103880074,981288.8103880074,1223195.9307438312,1062220.7722771913
2025-04-20T17:40:00.000+0000,1188791.9841493955,1083834.7318776355,950727.3217362424,981288.8103880074,981288.8103880074,1223803.3841720074,1062220.7722771913
2025-04-20T17:50:00.000+0000,1190257.5526558755,1083834.7318776355,951393.8423843395,981288.8103880074,981288.8103880074,1226059.6397623753,1062220.7722771913
2025-04-20T18:00:00.000+0000,1189412.0323636755,1083834.7318776355,950864.2470955296,981288.8103880074,981288.8103880074,1224757.9538448553,1062220.7722771913
2025-04-20T18:10:00.000+0000,1190032.0805779556,1083834.7318776355,951944.2288847454,981288.8103880074,981288.8103880074,1225712.5235177032,1062220.7722771913
2025-04-20T18:20:00.000+0000,1191441.2810649555,1083834.7318776355,951948.7147605128,981288.8103880074,981288.8103880074,1227882.0000469033,1062220.7722771913
2025-04-20T18:30:00.000+0000,1191384.9130454755,1083834.7318776355,950670.5355324976,981288.8103880074,981288.8103880074,1227795.2209857353,1062220.7722771913
2025-04-20T18:40:00.000+0000,1190990.3369091155,1083834.7318776355,950418.8322041044,981288.8103880074,981288.8103880074,1227187.7675575593,1062220.7722771913
2025-04-20T18:50:00.000+0000,1191497.6490844355,1083834.7318776355,951585.4285509639,981288.8103880074,981288.8103880074,1227968.7791080712,1062220.7722771913
2025-04-20T19:00:00.000+0000,1191272.1770065154,1083834.7318776355,951390.4101028522,981288.8103880074,981288.8103880074,1227621.6628633994,1062220.7722771913
2025-04-20T19:10:00.000+0000,1191441.2810649555,1083834.7318776355,951187.9117282229,981288.8103880074,981288.8103880074,1227882.0000469033,1062220.7722771913
2025-04-20T19:20:00.000+0000,1191610.3851233954,1083834.7318776355,952168.9513262666,981288.8103880074,981288.8103880074,1228142.3372304072,1062220.7722771913
2025-04-20T19:30:00.000+0000,1191103.0729480754,1083834.7318776355,952466.0515625905,981288.8103880074,981288.8103880074,1227361.3256798952,1062220.7722771913
2025-04-20T19:40:00.000+0000,1191046.7049285956,1083834.7318776355,953082.584642574,981288.8103880074,981288.8103880074,1227274.5466187273,1062220.7722771913
2025-04-20T19:50:00.000+0000,1191103.0729480754,1083834.7318776355,954205.8274711627,981288.8103880074,981288.8103880074,1227361.3256798952,1062220.7722771913
2025-04-20T20:00:00.000+0000,1190652.1287922354,1083834.7318776355,954267.3769516516,981288.8103880074,981288.8103880074,1226667.0931905513,1062220.7722771913
2025-04-20T20:10:00.000+0000,1190877.6008701555,1083834.7318776355,957568.0382286313,981288.8103880074,981288.8103880074,1227014.2094352234,1062220.7722771913
2025-04-20T20:20:00.000+0000,1189862.9765195155,1083834.7318776355,959757.0847760992,981288.8103880074,981288.8103880074,1225452.1863341993,1062220.7722771913
2025-04-20T20:30:00.000+0000,1189862.9765195155,1083834.7318776355,957864.7666981367,981288.8103880074,981288.8103880074,1225452.1863341993,1062220.7722771913
2025-04-20T20:40:00.000+0000,1189524.7684026356,1083834.7318776355,958315.2863255419,981288.8103880074,981288.8103880074,1224931.5119671912,1062220.7722771913
2025-04-20T20:50:00.000+0000,1189919.3445389955,1083834.7318776355,956404.0164640656,981288.8103880074,981288.8103880074,1225538.9653953672,1062220.7722771913
2025-04-20T21:00:00.000+0000,1189693.8724610754,1083834.7318776355,955443.0455061407,981288.8103880074,981288.8103880074,1225191.8491506954,1062220.7722771913
2025-04-20T21:10:00.000+0000,1190088.4485974354,1083834.7318776355,954951.3454763683,981288.8103880074,981288.8103880074,1225799.3025788714,1062220.7722771913
2025-04-20T21:20:00.000+0000,1189862.9765195155,1083834.7318776355,954897.0652804145,981288.8103880074,981288.8103880074,1225452.1863341993,1062220.7722771913
2025-04-20T21:30:00.000+0000,1189806.6085000355,1083834.7318776355,956265.6882798483,981288.8103880074,981288.8103880074,1225365.4072730313,1062220.7722771913
2025-04-20T21:40:00.000+0000,1189637.5044415954,1083834.7318776355,956988.3701097898,981288.8103880074,981288.8103880074,1225105.0700895274,1062220.7722771913
2025-04-20T21:50:00.000+0000,1189242.9283052355,1083834.7318776355,957287.411634235,981288.8103880074,981288.8103880074,1224497.6166613512,1062220.7722771913
2025-04-20T22:00:00.000+0000,1189017.4562273154,1083834.7318776355,953890.5813620591,981288.8103880074,981288.8103880074,1224150.5004166793,1062220.7722771913
2025-04-20T22:10:00.000+0000,1188848.3521688755,1083834.7318776355,953577.4400537147,981288.8103880074,981288.8103880074,1223890.1632331752,1062220.7722771913
2025-04-20T22:20:00.000+0000,1188510.1440519956,1083834.7318776355,951088.3519914886,981288.8103880074,981288.8103880074,1223369.4888661671,1062220.7722771913
2025-04-20T22:30:00.000+0000,1188961.0882078356,1083834.7318776355,952367.6869331812,981288.8103880074,981288.8103880074,1224063.7213555113,1062220.7722771913
2025-04-20T22:40:00.000+0000,1188622.8800909554,1083834.7318776355,953360.7239557428,981288.8103880074,981288.8103880074,1223543.0469885033,1062220.7722771913
2025-04-20T22:50:00.000+0000,1189073.8242467954,1083834.7318776355,953104.9475039158,981288.8103880074,981288.8103880074,1224237.2794778473,1062220.7722771913
2025-04-20T23:00:00.000+0000,1188848.3521688755,1083834.7318776355,955019.0136162529,981288.8103880074,981288.8103880074,1223890.1632331752,1062220.7722771913
2025-04-20T23:10:00.000+0000,1189242.9283052355,1083834.7318776355,956427.0893498678,981288.8103880074,981288.8103880074,1224497.6166613512,1062220.7722771913
2025-04-20T23:20:00.000+0000,1188622.8800909554,1083834.7318776355,956738.1556284606,981288.8103880074,981288.8103880074,1223543.0469885033,1062220.7722771913
2025-04-20T23:30:00.000+0000,1188735.6161299155,1083834.7318776355,956385.2490839141,981288.8103880074,981288.8103880074,1223716.6051108392,1062220.7722771913
2025-04-20T23:40:00.000+0000,1188904.7201883555,1083834.7318776355,956187.1529507195,981288.8103880074,981288.8103880074,1223976.9422943434,1062220.7722771913
2025-04-20T23:50:00.000+0000,1189299.2963247155,1083834.7318776355,957764.1799186771,981288.8103880074,981288.8103880074,1224584.3957225194,1062220.7722771913
2025-04-21T00:00:00.000+0000,1188510.1440519956,1083834.7318776355,958354.3951769685,981288.8103880074,981288.8103880074,1223369.4888661671,1062220.7722771913
2025-04-21T00:10:00.000+0000,1188904.7201883555,1083834.7318776355,963361.8202066134,981288.8103880074,981288.8103880074,1223976.9422943434,1062220.7722771913
2025-04-21T00:20:00.000+0000,1188735.6161299155,1083834.7318776355,964880.966891889,981288.8103880074,981288.8103880074,1223716.6051108392,1062220.7722771913
2025-04-21T00:30:00.000+0000,1189299.2963247155,1083834.7318776355,975947.1649036687,981288.8103880074,981288.8103880074,1224584.3957225194,1062220.7722771913
2025-04-21T00:40:00.000+0000,1189468.4003831553,1083834.7318776355,978080.0245493895,981288.8103880074,981288.8103880074,1224844.7329060233,1062220.7722771913
2025-04-21T00:50:00.000+0000,1189693.8724610754,1083834.7318776355,977160.7563240419,981288.8103880074,981288.8103880074,1225191.8491506954,1062220.7722771913
2025-04-21T01:00:00.000+0000,1189581.1364221154,1083834.7318776355,979446.3894125011,981288.8103880074,981288.8103880074,1225018.2910283592,1062220.7722771913
2025-04-21T01:10:00.000+0000,1189919.3445389955,1083834.7318776355,977025.2559950601,981288.8103880074,981288.8103880074,1225538.9653953672,1062220.7722771913
2025-04-21T01:20:00.000+0000,1190144.8166169154,1083834.7318776355,977334.1724898512,981288.8103880074,981288.8103880074,1225886.0816400393,1062220.7722771913
2025-04-21T01:30:00.000+0000,1190821.2328506755,1083834.7318776355,979471.9808709701,981288.8103880074,981288.8103880074,1226927.4303740552,1062220.7722771913
2025-04-21T01:40:00.000+0000,1190933.9688896355,1083834.7318776355,981801.0800692479,981288.8103880074,981288.8103880074,1227100.9884963913,1062220.7722771913
2025-04-21T01:50:00.000+0000,1190764.8648311954,1083834.7318776355,982752.0768975237,981288.8103880074,981288.8103880074,1226840.6513128872,1062220.7722771913
2025-04-21T02:00:00.000+0000,1190370.2886948355,1083834.7318776355,982290.2880421905,981288.8103880074,981288.8103880074,1226233.1978847112,1062220.7722771913
2025-04-21T02:10:00.000+0000,1190483.0247337956,1083834.7318776355,982725.6250748432,981288.8103880074,981288.8103880074,1226406.7560070474,1062220.7722771913
2025-04-21T02:20:00.000+0000,1190144.8166169154,1083834.7318776355,984003.6662507657,981288.8103880074,981288.8103880074,1225886.0816400393,1062220.7722771913
2025-04-21T02:30:00.000+0000,1190313.9206753555,1083834.7318776355,980364.5037396792,981288.8103880074,981288.8103880074,1226146.4188235432,1062220.7722771913
2025-04-21T02:40:00.000+0000,1190539.3927532756,1083834.7318776355,978528.71161704,981288.8103880074,981288.8103880074,1226493.5350682153,1062220.7722771913
2025-04-21T02:50:00.000+0000,1190708.4968117154,1083834.7318776355,981010.0195562451,981288.8103880074,981288.8103880074,1226753.8722517192,1062220.7722771913
2025-04-21T03:00:00.000+0000,1190877.6008701555,1083834.7318776355,981680.6146602853,981288.8103880074,981288.8103880074,1227014.2094352234,1062220.7722771913
2025-04-21T03:10:00.000+0000,1190483.0247337956,1083834.7318776355,980690.6775638987,981288.8103880074,981288.8103880074,1226406.7560070474,1062220.7722771913
2025-04-21T03:20:00.000+0000,1190088.4485974354,1083834.7318776355,979314.1377397191,981288.8103880074,981288.8103880074,1225799.3025788714,1062220.7722771913
2025-04-21T03:30:00.000+0000,1190144.8166169154,1083834.7318776355,979787.3547657977,981288.8103880074,981288.8103880074,1225886.0816400393,1062220.7722771913
2025-04-21T03:40:00.000+0000,1190313.9206753555,1083834.7318776355,979835.4720973885,981288.8103880074,981288.8103880074,1226146.4188235432,1062220.7722771913
2025-04-21T03:50:00.000+0000,1190201.1846363954,1083834.7318776355,978602.6053470371,981288.8103880074,981288.8103880074,1225972.8607012073,1062220.7722771913
2025-04-21T04:00:00.000+0000,1189186.5602857554,1083834.7318776355,979922.1673292707,981288.8103880074,981288.8103880074,1224410.8376001832,1062220.7722771913
2025-04-21T04:10:00.000+0000,1188115.5679156354,1083834.7318776355,978698.3304863833,981288.8103880074,981288.8103880074,1222762.0354379911,1062220.7722771913
2025-04-21T04:20:00.000+0000,1187946.4638571956,1083834.7318776355,979278.7664726796,981288.8103880074,981288.8103880074,1222501.6982544872,1062220.7722771913
2025-04-21T04:30:00.000+0000,1187833.7278182355,1083834.7318776355,978374.182362693,981288.8103880074,981288.8103880074,1222328.1401321513,1062220.7722771913
2025-04-21T04:40:00.000+0000,1188397.4080130355,1083834.7318776355,980694.2484340541,981288.8103880074,981288.8103880074,1223195.9307438312,1062220.7722771913
2025-04-21T04:50:00.000+0000,1188284.6719740755,1083834.7318776355,983119.9877951489,981288.8103880074,981288.8103880074,1223022.3726214953,1062220.7722771913
2025-04-21T05:00:00.000+0000,1187720.9917792755,1083834.7318776355,983799.6457792539,981288.8103880074,981288.8103880074,1222154.5820098154,1062220.7722771913
2025-04-21T05:10:00.000+0000,1187890.0958377155,1083834.7318776355,983823.0188437006,981288.8103880074,981288.8103880074,1222414.9191933193,1062220.7722771913
2025-04-21T05:20:00.000+0000,1187777.3597987555,1083834.7318776355,984947.7977022745,981288.8103880074,981288.8103880074,1222241.3610709833,1062220.7722771913
2025-04-21T05:30:00.000+0000,1188115.5679156354,1083834.7318776355,984601.0283021877,981288.8103880074,981288.8103880074,1222762.0354379911,1062220.7722771913
2025-04-21T05:40:00.000+0000,1187720.9917792755,1083834.7318776355,985259.0443688431,981288.8103880074,981288.8103880074,1222154.5820098154,1062220.7722771913
2025-04-21T05:50:00.000+0000,1188228.3039545955,1083834.7318776355,986450.3715684608,981288.8103880074,981288.8103880074,1222935.5935603273,1062220.7722771913
2025-04-21T06:00:00.000+0000,1188284.6719740755,1083834.7318776355,986426.5945962457,981288.8103880074,981288.8103880074,1223022.3726214953,1062220.7722771913
2025-04-21T06:10:00.000+0000,1188679.2481104354,1083834.7318776355,986674.2679687394,981288.8103880074,981288.8103880074,1223629.8260496713,1062220.7722771913
2025-04-21T06:20:00.000+0000,1188284.6719740755,1083834.7318776355,986906.0337336258,981288.8103880074,981288.8103880074,1223022.3726214953,1062220.7722771913
2025-04-21T06:30:00.000+0000,1187833.7278182355,1083834.7318776355,985677.7035207737,981288.8103880074,981288.8103880074,1222328.1401321513,1062220.7722771913
2025-04-21T06:40:00.000+0000,1186424.5273312354,1083834.7318776355,985229.9085917734,981288.8103880074,981288.8103880074,1220158.6636029512,1062220.7722771913
2025-04-21T06:50:00.000+0000,1186988.2075260354,1083834.7318776355,986278.3303256589,981288.8103880074,981288.8103880074,1221026.4542146313,1062220.7722771913
2025-04-21T07:00:00.000+0000,1187157.3115844755,1083834.7318776355,986737.0184410245,981288.8103880074,981288.8103880074,1221286.7913981352,1062220.7722771913
2025-04-21T07:10:00.000+0000,1187044.5755455154,1083834.7318776355,984378.7585238486,981288.8103880074,981288.8103880074,1221113.2332757993,1062220.7722771913
2025-04-21T07:20:00.000+0000,1186931.8395065553,1083834.7318776355,983577.3575158507,981288.8103880074,981288.8103880074,1220939.6751534631,1062220.7722771913
2025-04-21T07:30:00.000+0000,1187100.9435649954,1083834.7318776355,984260.7452772106,981288.8103880074,981288.8103880074,1221200.0123369673,1062220.7722771913
2025-04-21T07:40:00.000+0000,1187664.6237597954,1083834.7318776355,985329.4495305086,981288.8103880074,981288.8103880074,1222067.8029486472,1062220.7722771913
2025-04-21T07:50:00.000+0000,1187777.3597987555,1083834.7318776355,984019.7960277975,981288.8103880074,981288.8103880074,1222241.3610709833,1062220.7722771913
2025-04-21T08:00:00.000+0000,1188059.1998961554,1083834.7318776355,984372.050220814,981288.8103880074,981288.8103880074,1222675.2563768234,1062220.7722771913
2025-04-21T08:10:00.000+0000,1187777.3597987555,1083834.7318776355,983397.3632562496,981288.8103880074,981288.8103880074,1222241.3610709833,1062220.7722771913
2025-04-21T08:20:00.000+0000,1187495.5197013554,1083834.7318776355,984409.5882005696,981288.8103880074,981288.8103880074,1221807.4657651433,1062220.7722771913
2025-04-21T08:30:00.000+0000,1187270.0476234355,1083834.7318776355,985057.5325522819,981288.8103880074,981288.8103880074,1221460.3495204714,1062220.7722771913
2025-04-21T08:40:00.000+0000,1187439.1516818753,1083834.7318776355,984477.4198173743,981288.8103880074,981288.8103880074,1221720.6867039753,1062220.7722771913
2025-04-21T08:50:00.000+0000,1187720.9917792755,1083834.7318776355,985757.3229575476,981288.8103880074,981288.8103880074,1222154.5820098154,1062220.7722771913
2025-04-21T09:00:00.000+0000,1187551.8877208354,1083834.7318776355,986869.1706058511,981288.8103880074,981288.8103880074,1221894.2448263112,1062220.7722771913
2025-04-21T09:10:00.000+0000,1187044.5755455154,1083834.7318776355,983195.9986135636,981288.8103880074,981288.8103880074,1221113.2332757993,1062220.7722771913
2025-04-21T09:20:00.000+0000,1186819.1034675955,1083834.7318776355,983069.2318051464,981288.8103880074,981288.8103880074,1220766.1170311272,1062220.7722771913
2025-04-21T09:30:00.000+0000,1186537.2633701954,1083834.7318776355,981323.4374696328,981288.8103880074,981288.8103880074,1220332.2217252874,1062220.7722771913
2025-04-21T09:40:00.000+0000,1187270.0476234355,1083834.7318776355,982280.8014010661,981288.8103880074,981288.8103880074,1221460.3495204714,1062220.7722771913
2025-04-21T09:50:00.000+0000,1187270.0476234355,1083834.7318776355,983169.5955656713,981288.8103880074,981288.8103880074,1221460.3495204714,1062220.7722771913
2025-04-21T10:00:00.000+0000,1187608.2557403154,1083834.7318776355,981834.5095294496,981288.8103880074,981288.8103880074,1221981.0238874792,1062220.7722771913
2025-04-21T10:10:00.000+0000,1187551.8877208354,1083834.7318776355,981790.4977573187,981288.8103880074,981288.8103880074,1221894.2448263112,1062220.7722771913
2025-04-21T10:20:00.000+0000,1187946.4638571956,1083834.7318776355,979662.2094729242,981288.8103880074,981288.8103880074,1222501.6982544872,1062220.7722771913
2025-04-21T10:30:00.000+0000,1187777.3597987555,1083834.7318776355,978516.1175555431,981288.8103880074,981288.8103880074,1222241.3610709833,1062220.7722771913
2025-04-21T10:40:00.000+0000,1189186.5602857554,1083834.7318776355,979197.7843648392,981288.8103880074,981288.8103880074,1224410.8376001832,1062220.7722771913
2025-04-21T10:50:00.000+0000,1189975.7125584756,1083834.7318776355,980454.0713446991,981288.8103880074,981288.8103880074,1225625.7444565352,1062220.7722771913
2025-04-21T11:00:00.000+0000,1190257.5526558755,1083834.7318776355,980046.5190169276,981288.8103880074,981288.8103880074,1226059.6397623753,1062220.7722771913
2025-04-21T11:10:00.000+0000,1189862.9765195155,1083834.7318776355,974895.4123639648,981288.8103880074,981288.8103880074,1225452.1863341993,1062220.7722771913
2025-04-21T11:20:00.000+0000,1189975.7125584756,1083834.7318776355,972126.0424038897,981288.8103880074,981288.8103880074,1225625.7444565352,1062220.7722771913
2025-04-21T11:30:00.000+0000,1190257.5526558755,1083834.7318776355,973800.2313640168,981288.8103880074,981288.8103880074,1226059.6397623753,1062220.7722771913
2025-04-21T11:40:00.000+0000,1189862.9765195155,1083834.7318776355,975141.4430351146,981288.8103880074,981288.8103880074,1225452.1863341993,1062220.7722771913
2025-04-21T11:50:00.000+0000,1189412.0323636755,1083834.7318776355,974976.8072062797,981288.8103880074,981288.8103880074,1224757.9538448553,1062220.7722771913
2025-04-21T12:00:00.000+0000,1189412.0323636755,1083834.7318776355,975786.9899194792,981288.8103880074,981288.8103880074,1224757.9538448553,1062220.7722771913
2025-04-21T12:10:00.000+0000,1189581.1364221154,1083834.7318776355,977641.0085355602,981288.8103880074,981288.8103880074,1225018.2910283592,1062220.7722771913
2025-04-21T12:20:00.000+0000,1188453.7760325156,1083834.7318776355,976925.5059169163,981288.8103880074,981288.8103880074,1223282.7098049992,1062220.7722771913
2025-04-21T12:30:00.000+0000,1188453.7760325156,1083834.7318776355,976258.5505347517,981288.8103880074,981288.8103880074,1223282.7098049992,1062220.7722771913
2025-04-21T12:40:00.000+0000,1188059.1998961554,1083834.7318776355,975013.2237596097,981288.8103880074,981288.8103880074,1222675.2563768234,1062220.7722771913
2025-04-21T12:50:00.000+0000,1188115.5679156354,1083834.7318776355,973659.7241258485,981288.8103880074,981288.8103880074,1222762.0354379911,1062220.7722771913
2025-04-21T13:00:00.000+0000,1187664.6237597954,1083834.7318776355,970844.6072312586,981288.8103880074,981288.8103880074,1222067.8029486472,1062220.7722771913
2025-04-21T13:10:00.000+0000,1188059.1998961554,1083834.7318776355,970788.7089807134,981288.8103880074,981288.8103880074,1222675.2563768234,1062220.7722771913
2025-04-21T13:20:00.000+0000,1188453.7760325156,1083834.7318776355,971448.5926188733,981288.8103880074,981288.8103880074,1223282.7098049992,1062220.7722771913
2025-04-21T13:30:00.000+0000,1188453.7760325156,1083834.7318776355,971414.5911505863,981288.8103880074,981288.8103880074,1223282.7098049992,1062220.7722771913
2025-04-21T13:40:00.000+0000,1188002.8318766754,1083834.7318776355,973269.0436869422,981288.8103880074,981288.8103880074,1222588.4773156552,1062220.7722771913
2025-04-21T13:50:00.000+0000,1188228.3039545955,1083834.7318776355,968667.2865560851,981288.8103880074,981288.8103880074,1222935.5935603273,1062220.7722771913
2025-04-21T14:00:00.000+0000,1187664.6237597954,1083834.7318776355,966948.3399202476,981288.8103880074,981288.8103880074,1222067.8029486472,1062220.7722771913
2025-04-21T14:10:00.000+0000,1187720.9917792755,1083834.7318776355,972256.6225346004,981288.8103880074,981288.8103880074,1222154.5820098154,1062220.7722771913
2025-04-21T14:20:00.000+0000,1189017.4562273154,1083834.7318776355,978495.7695560688,981288.8103880074,981288.8103880074,1224150.5004166793,1062220.7722771913
2025-04-21T14:30:00.000+0000,1188961.0882078356,1083834.7318776355,981897.2502540828,981288.8103880074,981288.8103880074,1224063.7213555113,1062220.7722771913
2025-04-21T14:40:00.000+0000,1188510.1440519956,1083834.7318776355,978417.4585783837,981288.8103880074,981288.8103880074,1223369.4888661671,1062220.7722771913
2025-04-21T14:50:00.000+0000,1188510.1440519956,1083834.7318776355,978430.3402179317,981288.8103880074,981288.8103880074,1223369.4888661671,1062220.7722771913
2025-04-21T15:00:00.000+0000,1188397.4080130355,1083834.7318776355,978089.3198567238,981288.8103880074,981288.8103880074,1223195.9307438312,1062220.7722771913
2025-04-21T15:10:00.000+0000,1188284.6719740755,1083834.7318776355,976666.8436061302,981288.8103880074,981288.8103880074,1223022.3726214953,1062220.7722771913
2025-04-21T15:20:00.000+0000,1188904.7201883555,1083834.7318776355,979587.5292475378,981288.8103880074,981288.8103880074,1223976.9422943434,1062220.7722771913
2025-04-21T15:30:00.000+0000,1188341.0399935555,1083834.7318776355,979033.4330646675,981288.8103880074,981288.8103880074,1223109.1516826632,1062220.7722771913
2025-04-21T15:40:00.000+0000,1188397.4080130355,1083834.7318776355,976117.1177652446,981288.8103880074,981288.8103880074,1223195.9307438312,1062220.7722771913
2025-04-21T15:50:00.000+0000,1188171.9359351154,1083834.7318776355,976223.9821290578,981288.8103880074,981288.8103880074,1222848.8144991593,1062220.7722771913
2025-04-21T16:00:00.000+0000,1187720.9917792755,1083834.7318776355,975092.8913631614,981288.8103880074,981288.8103880074,1222154.5820098154,1062220.7722771913
2025-04-21T16:10:00.000+0000,1188341.0399935555,1083834.7318776355,976356.1975562095,981288.8103880074,981288.8103880074,1223109.1516826632,1062220.7722771913
2025-04-21T16:20:00.000+0000,1188171.9359351154,1083834.7318776355,971591.5226242049,981288.8103880074,981288.8103880074,1222848.8144991593,1062220.7722771913
2025-04-21T16:30:00.000+0000,1188397.4080130355,1083834.7318776355,971824.411389526,981288.8103880074,981288.8103880074,1223195.9307438312,1062220.7722771913
2025-04-21T16:40:00.000+0000,1187495.5197013554,1083834.7318776355,967566.6282038287,981288.8103880074,981288.8103880074,1221807.4657651433,1062220.7722771913
2025-04-21T16:50:00.000+0000,1186537.2633701954,1083834.7318776355,960592.1347937582,981288.8103880074,981288.8103880074,1220332.2217252874,1062220.7722771913
2025-04-21T17:00:00.000+0000,1185804.4791169555,1083834.7318776355,951775.9932914523,981288.8103880074,981288.8103880074,1219204.0939301034,1062220.7722771913
2025-04-21T17:10:00.000+0000,1186424.5273312354,1083834.7318776355,954910.7673454278,981288.8103880074,981288.8103880074,1220158.6636029512,1062220.7722771913
2025-04-21T17:20:00.000+0000,1186988.2075260354,1083834.7318776355,955929.5569155774,981288.8103880074,981288.8103880074,1221026.4542146313,1062220.7722771913
2025-04-21T17:30:00.000+0000,1186649.9994091555,1083834.7318776355,957182.8050674266,981288.8103880074,981288.8103880074,1220505.7798476233,1062220.7722771913
2025-04-21T17:40:00.000+0000,1186875.4714870756,1083834.7318776355,956480.012026204,981288.8103880074,981288.8103880074,1220852.8960922952,1062220.7722771913
2025-04-21T17:50:00.000+0000,1186706.3674286355,1083834.7318776355,954376.9445601875,981288.8103880074,981288.8103880074,1220592.5589087913,1062220.7722771913
2025-04-21T18:00:00.000+0000,1186480.8953507154,1083834.7318776355,954355.215806811,981288.8103880074,981288.8103880074,1220245.4426641192,1062220.7722771913
2025-04-21T18:10:00.000+0000,1186368.1593117556,1083834.7318776355,955681.857563822,981288.8103880074,981288.8103880074,1220071.8845417832,1062220.7722771913
2025-04-21T18:20:00.000+0000,1186086.3192143554,1083834.7318776355,954334.3889397369,981288.8103880074,981288.8103880074,1219637.9892359432,1062220.7722771913
2025-04-21T18:30:00.000+0000,1185804.4791169555,1083834.7318776355,954797.3080303436,981288.8103880074,981288.8103880074,1219204.0939301034,1062220.7722771913
2025-04-21T18:40:00.000+0000,1186199.0552533155,1083834.7318776355,955925.6497104412,981288.8103880074,981288.8103880074,1219811.5473582793,1062220.7722771913
2025-04-21T18:50:00.000+0000,1186537.2633701954,1083834.7318776355,955003.0730632383,981288.8103880074,981288.8103880074,1220332.2217252874,1062220.7722771913
2025-04-21T19:00:00.000+0000,1186255.4232727955,1083834.7318776355,954710.7840825133,981288.8103880074,981288.8103880074,1219898.3264194473,1062220.7722771913
2025-04-21T19:10:00.000+0000,1186199.0552533155,1083834.7318776355,958564.9033832934,981288.8103880074,981288.8103880074,1219811.5473582793,1062220.7722771913
2025-04-21T19:20:00.000+0000,1186480.8953507154,1083834.7318776355,960672.215238937,981288.8103880074,981288.8103880074,1220245.4426641192,1062220.7722771913
2025-04-21T19:30:00.000+0000,1186368.1593117556,1083834.7318776355,961736.6743066742,981288.8103880074,981288.8103880074,1220071.8845417832,1062220.7722771913
2025-04-21T19:40:00.000+0000,1186086.3192143554,1083834.7318776355,960880.7041564442,981288.8103880074,981288.8103880074,1219637.9892359432,1062220.7722771913
2025-04-21T19:50:00.000+0000,1186142.6872338355,1083834.7318776355,961543.7375865774,981288.8103880074,981288.8103880074,1219724.7682971114,1062220.7722771913
2025-04-21T20:00:00.000+0000,1185748.1110974755,1083834.7318776355,961019.5820540779,981288.8103880074,981288.8103880074,1219117.3148689354,1062220.7722771913
2025-04-21T20:10:00.000+0000,1185917.2151559156,1083834.7318776355,960964.9231515425,981288.8103880074,981288.8103880074,1219377.6520524393,1062220.7722771913
2025-04-21T20:20:00.000+0000,1186311.7912922755,1083834.7318776355,960546.5427509567,981288.8103880074,981288.8103880074,1219985.1054806153,1062220.7722771913
2025-04-21T20:30:00.000+0000,1186199.0552533155,1083834.7318776355,960732.871141114,981288.8103880074,981288.8103880074,1219811.5473582793,1062220.7722771913
2025-04-21T20:40:00.000+0000,1186480.8953507154,1083834.7318776355,961552.1582921867,981288.8103880074,981288.8103880074,1220245.4426641192,1062220.7722771913
2025-04-21T20:50:00.000+0000,1186480.8953507154,1083834.7318776355,962522.6828738714,981288.8103880074,981288.8103880074,1220245.4426641192,1062220.7722771913
2025-04-21T21:00:00.000+0000,1186029.9511948754,1083834.7318776355,961137.9550035165,981288.8103880074,981288.8103880074,1219551.2101747752,1062220.7722771913
2025-04-21T21:10:00.000+0000,1185973.5831753954,1083834.7318776355,961130.8947869544,981288.8103880074,981288.8103880074,1219464.4311136073,1062220.7722771913
2025-04-21T21:20:00.000+0000,1185579.0070390354,1083834.7318776355,960271.6984631162,981288.8103880074,981288.8103880074,1218856.9776854313,1062220.7722771913
2025-04-21T21:30:00.000+0000,1185409.9029805954,1083834.7318776355,959424.5427491891,981288.8103880074,981288.8103880074,1218596.6405019274,1062220.7722771913
2025-04-21T21:40:00.000+0000,1185973.5831753954,1083834.7318776355,961380.0570065124,981288.8103880074,981288.8103880074,1219464.4311136073,1062220.7722771913
2025-04-21T21:50:00.000+0000,1185917.2151559156,1083834.7318776355,962725.7250595873,981288.8103880074,981288.8103880074,1219377.6520524393,1062220.7722771913
2025-04-21T22:00:00.000+0000,1185748.1110974755,1083834.7318776355,959385.735149558,981288.8103880074,981288.8103880074,1219117.3148689354,1062220.7722771913
2025-04-21T22:10:00.000+0000,1184395.2786299554,1083834.7318776355,958557.1090678116,981288.8103880074,981288.8103880074,1217034.6174009033,1062220.7722771913
2025-04-21T22:20:00.000+0000,1184226.1745715155,1083834.7318776355,959034.9440837026,981288.8103880074,981288.8103880074,1216774.2802173994,1062220.7722771913
2025-04-21T22:30:00.000+0000,1184564.3826883954,1083834.7318776355,959450.4319985015,981288.8103880074,981288.8103880074,1217294.9545844072,1062220.7722771913
2025-04-21T22:40:00.000+0000,1184395.2786299554,1083834.7318776355,960378.6185950572,981288.8103880074,981288.8103880074,1217034.6174009033,1062220.7722771913
2025-04-21T22:50:00.000+0000,1184226.1745715155,1083834.7318776355,959942.2164406818,981288.8103880074,981288.8103880074,1216774.2802173994,1062220.7722771913
2025-04-21T23:00:00.000+0000,1184057.0705130755,1083834.7318776355,957841.4555371234,981288.8103880074,981288.8103880074,1216513.9430338952,1062220.7722771913
2025-04-21T23:10:00.000+0000,1184338.9106104756,1083834.7318776355,958703.481620999,981288.8103880074,981288.8103880074,1216947.8383397353,1062220.7722771913
2025-04-21T23:20:00.000+0000,1184000.7024935954,1083834.7318776355,959937.6544247789,981288.8103880074,981288.8103880074,1216427.1639727273,1062220.7722771913
2025-04-21T23:30:00.000+0000,1183831.5984351556,1083834.7318776355,959309.4361629402,981288.8103880074,981288.8103880074,1216166.8267892234,1062220.7722771913
2025-04-21T23:40:00.000+0000,1183155.1822013955,1083834.7318776355,959466.7775060527,981288.8103880074,981288.8103880074,1215125.4780552073,1062220.7722771913
2025-04-21T23:50:00.000+0000,1183380.6542793154,1083834.7318776355,962801.1135211198,981288.8103880074,981288.8103880074,1215472.5942998794,1062220.7722771913
2025-04-22T00:00:00.000+0000,1184395.2786299554,1083834.7318776355,962799.098793599,981288.8103880074,981288.8103880074,1217034.6174009033,1062220.7722771913
2025-04-22T00:10:00.000+0000,1183831.5984351556,1083834.7318776355,961192.7184132503,981288.8103880074,981288.8103880074,1216166.8267892234,1062220.7722771913
2025-04-22T00:20:00.000+0000,1183775.2304156756,1083834.7318776355,962691.4799409995,981288.8103880074,981288.8103880074,1216080.0477280552,1062220.7722771913
2025-04-22T00:30:00.000+0000,1182591.5020065955,1083834.7318776355,951763.1994716877,981288.8103880074,981288.8103880074,1214257.6874435274,1062220.7722771913
2025-04-22T00:40:00.000+0000,1183775.2304156756,1083834.7318776355,955747.9534280912,981288.8103880074,981288.8103880074,1216080.0477280552,1062220.7722771913
2025-04-22T00:50:00.000+0000,1184169.8065520355,1083834.7318776355,959004.0344751007,981288.8103880074,981288.8103880074,1216687.5011562314,1062220.7722771913
2025-04-22T01:00:00.000+0000,1184226.1745715155,1083834.7318776355,961676.3070378406,981288.8103880074,981288.8103880074,1216774.2802173994,1062220.7722771913
2025-04-22T01:10:00.000+0000,1184846.2227857956,1083834.7318776355,965077.9372975309,981288.8103880074,981288.8103880074,1217728.8498902472,1062220.7722771913
2025-04-22T01:20:00.000+0000,1185409.9029805954,1083834.7318776355,970902.2953842173,981288.8103880074,981288.8103880074,1218596.6405019274,1062220.7722771913
2025-04-22T01:30:00.000+0000,1185297.1669416355,1083834.7318776355,971572.6291666848,981288.8103880074,981288.8103880074,1218423.0823795912,1062220.7722771913
2025-04-22T01:40:00.000+0000,1184902.5908052754,1083834.7318776355,972374.2191657242,981288.8103880074,981288.8103880074,1217815.6289514154,1062220.7722771913
2025-04-22T01:50:00.000+0000,1185015.3268442354,1083834.7318776355,974621.54668419,981288.8103880074,981288.8103880074,1217989.1870737514,1062220.7722771913
2025-04-22T02:00:00.000+0000,1185579.0070390354,1083834.7318776355,975404.8806424215,981288.8103880074,981288.8103880074,1218856.9776854313,1062220.7722771913
2025-04-22T02:10:00.000+0000,1185128.0628831955,1083834.7318776355,970700.3164511393,981288.8103880074,981288.8103880074,1218162.7451960873,1062220.7722771913
2025-04-22T02:20:00.000+0000,1184338.9106104756,1083834.7318776355,969342.8117854479,981288.8103880074,981288.8103880074,1216947.8383397353,1062220.7722771913
2025-04-22T02:30:00.000+0000,1184113.4385325555,1083834.7318776355,968677.7003833276,981288.8103880074,981288.8103880074,1216600.7220950632,1062220.7722771913
2025-04-22T02:40:00.000+0000,1183831.5984351556,1083834.7318776355,969047.2323134973,981288.8103880074,981288.8103880074,1216166.8267892234,1062220.7722771913
2025-04-22T02:50:00.000+0000,1184169.8065520355,1083834.7318776355,970719.5606597419,981288.8103880074,981288.8103880074,1216687.5011562314,1062220.7722771913
2025-04-22T03:00:00.000+0000,1184000.7024935954,1083834.7318776355,970301.6747767377,981288.8103880074,981288.8103880074,1216427.1639727273,1062220.7722771913
2025-04-22T03:10:00.000+0000,1183887.9664546354,1083834.7318776355,968981.9694123745,981288.8103880074,981288.8103880074,1216253.6058503913,1062220.7722771913
2025-04-22T03:20:00.000+0000,1181384.95403194,185819.18719763908,972152.5398626763,980038.0078381844,621628.5401980119,1216861.0592785673,1062220.7722771913
2025-04-22T03:30:00.000+0000,1181103.113934539,1080711.671240659,972158.2741725186,980038.0078381838,980038.0078381838,1216774.2802173994,1062220.7722771913
2025-04-22T03:40:00.000+0000,1180877.641856619,1080711.671240659,972813.7209869167,980038.0078381838,980038.0078381838,1216427.1639727273,1062220.7722771913
2025-04-22T03:50:00.000+0000,1180821.273837139,1080711.671240659,972357.8717712297,980038.0078381838,980038.0078381838,1216340.3849115593,1062220.7722771913
2025-04-22T04:00:00.000+0000,1180595.801759219,1080711.671240659,973215.5596540708,980038.0078381838,980038.0078381838,1215993.2686668872,1062220.7722771913
2025-04-22T04:10:00.000+0000,1180160.970777723,184872.82262065896,972436.1495169555,979750.6151549992,620797.1538581832,1215646.1524222153,1062220.7722771913
2025-04-22T04:20:00.000+0000,1181675.2738453394,1081622.0392683395,972618.0252633048,980403.0749692401,980403.0749692401,1216253.6058503913,1062220.7722771913
2025-04-22T04:30:00.000+0000,1181111.5936505394,1081622.0392683395,972866.1880291256,980403.0749692401,980403.0749692401,1215385.8152387112,1062220.7722771913
2025-04-22T04:40:00.000+0000,1181111.5936505394,1081622.0392683395,972514.3270302275,980403.0749692401,980403.0749692401,1215385.8152387112,1062220.7722771913
2025-04-22T04:50:00.000+0000,1180322.4413778195,1081622.0392683395,970677.0382891095,980403.0749692401,980403.0749692401,1214170.9083823592,1062220.7722771913
2025-04-22T05:00:00.000+0000,1179984.2332609396,1081622.0392683395,970167.6030283066,980403.0749692401,980403.0749692401,1213650.2340153512,1062220.7722771913
2025-04-22T05:10:00.000+0000,1179758.7611830195,1081622.0392683395,969426.5108202784,980403.0749692401,980403.0749692401,1213303.1177706793,1062220.7722771913
2025-04-22T05:20:00.000+0000,1180209.7053388595,1081622.0392683395,970790.836103335,980403.0749692401,980403.0749692401,1213997.3502600233,1062220.7722771913
2025-04-22T05:30:00.000+0000,1180153.3373193794,1081622.0392683395,971708.6998583081,980403.0749692401,980403.0749692401,1213910.5711988553,1062220.7722771913
2025-04-22T05:40:00.000+0000,1179815.1292024995,1081622.0392683395,973354.6045252943,980403.0749692401,980403.0749692401,1213389.8968318473,1062220.7722771913
2025-04-22T05:50:00.000+0000,1179758.7611830195,1081622.0392683395,973652.2359721116,980403.0749692401,980403.0749692401,1213303.1177706793,1062220.7722771913
2025-04-22T06:00:00.000+0000,1179815.1292024995,1081622.0392683395,974079.5891973833,980403.0749692401,980403.0749692401,1213389.8968318473,1062220.7722771913
2025-04-22T06:10:00.000+0000,1178969.6089102996,1081622.0392683395,972134.6529236678,980403.0749692401,980403.0749692401,1212088.2109143273,1062220.7722771913
2025-04-22T06:20:00.000+0000,1178800.5048518595,1081622.0392683395,971233.3689632647,980403.0749692401,980403.0749692401,1211827.8737308234,1062220.7722771913
2025-04-22T06:30:00.000+0000,1178744.1368323795,1081622.0392683395,969432.5345951156,980403.0749692401,980403.0749692401,1211741.0946696552,1062220.7722771913
2025-04-22T06:40:00.000+0000,1178349.5606960196,1081622.0392683395,969788.8460915198,980403.0749692401,980403.0749692401,1211133.6412414792,1062220.7722771913
2025-04-22T06:50:00.000+0000,1178800.5048518595,1081622.0392683395,971862.8975889944,980403.0749692401,980403.0749692401,1211827.8737308234,1062220.7722771913
2025-04-22T07:00:00.000+0000,1178856.8728713396,1081622.0392683395,973431.0101654126,980403.0749692401,980403.0749692401,1211914.6527919914,1062220.7722771913
2025-04-22T07:10:00.000+0000,1179082.3449492594,1081622.0392683395,972831.4353272223,980403.0749692401,980403.0749692401,1212261.7690366632,1062220.7722771913
2025-04-22T07:20:00.000+0000,1179533.2891050996,1081622.0392683395,975067.8554490034,980403.0749692401,980403.0749692401,1212956.0015260072,1062220.7722771913
2025-04-22T07:30:00.000+0000,1180040.6012804196,1081622.0392683395,977701.5241143312,980403.0749692401,980403.0749692401,1213737.0130765194,1062220.7722771913
2025-04-22T07:40:00.000+0000,1180547.9134557396,1081622.0392683395,981336.6432729911,980403.0749692401,980403.0749692401,1214518.0246270313,1062220.7722771913
2025-04-22T07:50:00.000+0000,1180604.2814752196,1081622.0392683395,981980.0669251089,980403.0749692401,980403.0749692401,1214604.8036881993,1062220.7722771913
2025-04-22T08:00:00.000+0000,1180604.2814752196,1081622.0392683395,983511.1539699831,980403.0749692401,980403.0749692401,1214604.8036881993,1062220.7722771913
2025-04-22T08:10:00.000+0000,1181167.9616700194,1081622.0392683395,984093.920646773,980403.0749692401,980403.0749692401,1215472.5942998794,1062220.7722771913
2025-04-22T08:20:00.000+0000,1180773.3855336595,1081622.0392683395,981154.1119378001,980403.0749692401,980403.0749692401,1214865.1408717032,1062220.7722771913
2025-04-22T08:30:00.000+0000,1180717.0175141795,1081622.0392683395,981151.6426586381,980403.0749692401,980403.0749692401,1214778.3618105352,1062220.7722771913
2025-04-22T08:40:00.000+0000,1180829.7535531395,1081622.0392683395,981298.4263901503,980403.0749692401,980403.0749692401,1214951.9199328711,1062220.7722771913
2025-04-22T08:50:00.000+0000,1180886.1215726195,1081622.0392683395,981793.1915044123,980403.0749692401,980403.0749692401,1215038.6989940393,1062220.7722771913
2025-04-22T09:00:00.000+0000,1180942.4895920996,1081622.0392683395,982015.0482532006,980403.0749692401,980403.0749692401,1215125.4780552073,1062220.7722771913
2025-04-22T09:10:00.000+0000,1180491.5454362596,1081622.0392683395,980479.9936831009,980403.0749692401,980403.0749692401,1214431.2455658633,1062220.7722771913
2025-04-22T09:20:00.000+0000,1179984.2332609396,1081622.0392683395,981629.5205648463,980403.0749692401,980403.0749692401,1213650.2340153512,1062220.7722771913
2025-04-22T09:30:00.000+0000,1179927.8652414596,1081622.0392683395,981837.5058608481,980403.0749692401,980403.0749692401,1213563.4549541832,1062220.7722771913
2025-04-22T09:40:00.000+0000,1180153.3373193794,1081622.0392683395,983275.2309107545,980403.0749692401,980403.0749692401,1213910.5711988553,1062220.7722771913
2025-04-22T09:50:00.000+0000,1180773.3855336595,1081622.0392683395,982362.9567331263,980403.0749692401,980403.0749692401,1214865.1408717032,1062220.7722771913
2025-04-22T10:00:00.000+0000,1180942.4895920996,1081622.0392683395,982910.0433611661,980403.0749692401,980403.0749692401,1215125.4780552073,1062220.7722771913
2025-04-22T10:10:00.000+0000,1180547.9134557396,1081622.0392683395,983171.0381779541,980403.0749692401,980403.0749692401,1214518.0246270313,1062220.7722771913
2025-04-22T10:20:00.000+0000,1180604.2814752196,1081622.0392683395,979649.98890446,980403.0749692401,980403.0749692401,1214604.8036881993,1062220.7722771913
2025-04-22T10:30:00.000+0000,1180886.1215726195,1081622.0392683395,981071.7074646732,980403.0749692401,980403.0749692401,1215038.6989940393,1062220.7722771913
2025-04-22T10:40:00.000+0000,1181111.5936505394,1081622.0392683395,983685.8617552606,980403.0749692401,980403.0749692401,1215385.8152387112,1062220.7722771913
2025-04-22T10:50:00.000+0000,1181280.6977089795,1081622.0392683395,983524.0187163346,980403.0749692401,980403.0749692401,1215646.1524222153,1062220.7722771913
2025-04-22T11:00:00.000+0000,1181111.5936505394,1081622.0392683395,983896.8151227506,980403.0749692401,980403.0749692401,1215385.8152387112,1062220.7722771913
2025-04-22T11:10:00.000+0000,1181618.9058258594,1081622.0392683395,984179.0509093143,980403.0749692401,980403.0749692401,1216166.8267892234,1062220.7722771913
2025-04-22T11:20:00.000+0000,1181731.6418648195,1081622.0392683395,985748.6062408857,980403.0749692401,980403.0749692401,1216340.3849115593,1062220.7722771913
2025-04-22T11:30:00.000+0000,1181900.7459232595,1081622.0392683395,985643.775349016,980403.0749692401,980403.0749692401,1216600.7220950632,1062220.7722771913
2025-04-22T11:40:00.000+0000,1181957.1139427396,1081622.0392683395,985012.1513393857,980403.0749692401,980403.0749692401,1216687.5011562314,1062220.7722771913
2025-04-22T11:50:00.000+0000,1181731.6418648195,1081622.0392683395,986155.7820083778,980403.0749692401,980403.0749692401,1216340.3849115593,1062220.7722771913
2025-04-22T12:00:00.000+0000,1181675.2738453394,1081622.0392683395,985193.767373889,980403.0749692401,980403.0749692401,1216253.6058503913,1062220.7722771913
2025-04-22T12:10:00.000+0000,1181675.2738453394,1081622.0392683395,986086.2739038354,980403.0749692401,980403.0749692401,1216253.6058503913,1062220.7722771913
2025-04-22T12:20:00.000+0000,1181449.8017674196,1081622.0392683395,986001.4406183449,980403.0749692401,980403.0749692401,1215906.4896057192,1062220.7722771913
2025-04-22T12:30:00.000+0000,1181562.5378063796,1081622.0392683395,987459.9936084764,980403.0749692401,980403.0749692401,1216080.0477280552,1062220.7722771913
2025-04-22T12:40:00.000+0000,1181167.9616700194,1081622.0392683395,985245.7795872395,980403.0749692401,980403.0749692401,1215472.5942998794,1062220.7722771913
2025-04-22T12:50:00.000+0000,1182182.5860206594,1081622.0392683395,989773.5355029479,980403.0749692401,980403.0749692401,1217034.6174009033,1062220.7722771913
2025-04-22T13:00:00.000+0000,1182295.3220596195,1081622.0392683395,991120.5594573903,980403.0749692401,980403.0749692401,1217208.1755232392,1062220.7722771913
2025-04-22T13:10:00.000+0000,1181900.7459232595,1081622.0392683395,995237.9318992039,980403.0749692401,980403.0749692401,1216600.7220950632,1062220.7722771913
2025-04-22T13:20:00.000+0000,1181224.3296894995,1081622.0392683395,994691.1449132334,980403.0749692401,980403.0749692401,1215559.3733610474,1062220.7722771913
2025-04-22T13:30:00.000+0000,1180773.3855336595,1081622.0392683395,993908.8685646685,980403.0749692401,980403.0749692401,1214865.1408717032,1062220.7722771913
2025-04-22T13:40:00.000+0000,1181731.6418648195,1081622.0392683395,998179.248199664,980403.0749692401,980403.0749692401,1216340.3849115593,1062220.7722771913
2025-04-22T13:50:00.000+0000,1181280.6977089795,1081622.0392683395,997479.2423053784,980403.0749692401,980403.0749692401,1215646.1524222153,1062220.7722771913
2025-04-22T14:00:00.000+0000,1181055.2256310596,1081622.0392683395,999006.8407819208,980403.0749692401,980403.0749692401,1215299.0361775432,1062220.7722771913
2025-04-22T14:10:00.000+0000,1181562.5378063796,1081622.0392683395,1003798.0578692025,980403.0749692401,980403.0749692401,1216080.0477280552,1062220.7722771913
2025-04-22T14:20:00.000+0000,1181844.3779037795,1081622.0392683395,1002271.7641135793,980403.0749692401,980403.0749692401,1216513.9430338952,1062220.7722771913
2025-04-22T14:30:00.000+0000,1182013.4819622196,1081622.0392683395,1002827.9707044623,980403.0749692401,980403.0749692401,1216774.2802173994,1062220.7722771913
2025-04-22T14:40:00.000+0000,1182295.3220596195,1081622.0392683395,1006309.8700874384,980403.0749692401,980403.0749692401,1217208.1755232392,1062220.7722771913
2025-04-22T14:50:00.000+0000,1182971.7382933795,1081622.0392683395,1008887.2387407544,980403.0749692401,980403.0749692401,1218249.5242572553,1062220.7722771913
2025-04-22T15:00:00.000+0000,1184099.0986829796,1081622.0392683395,1015805.1330511782,980403.0749692401,980403.0749692401,1219985.1054806153,1062220.7722771913
2025-04-22T15:10:00.000+0000,1183986.3626440195,1081622.0392683395,1021911.1094324426,980403.0749692401,980403.0749692401,1219811.5473582793,1062220.7722771913
2025-04-22T15:20:00.000+0000,1182859.0022544195,1081622.0392683395,1020655.1894080809,980403.0749692401,980403.0749692401,1218075.9661349193,1062220.7722771913
2025-04-22T15:30:00.000+0000,1182351.6900790995,1081622.0392683395,1015654.3842358177,980403.0749692401,980403.0749692401,1217294.9545844072,1062220.7722771913
2025-04-22T15:40:00.000+0000,1182182.5860206594,1081622.0392683395,1012501.2812739274,980403.0749692401,980403.0749692401,1217034.6174009033,1062220.7722771913
2025-04-22T15:50:00.000+0000,1183197.2103712996,1081622.0392683395,1015858.1021230248,980403.0749692401,980403.0749692401,1218596.6405019274,1062220.7722771913
2025-04-22T16:00:00.000+0000,1183648.1545271396,1081622.0392683395,1020235.0971772135,980403.0749692401,980403.0749692401,1219290.8729912713,1062220.7722771913
2025-04-22T16:10:00.000+0000,1183760.8905660994,1081622.0392683395,1015270.668645916,980403.0749692401,980403.0749692401,1219464.4311136073,1062220.7722771913
2025-04-22T16:20:00.000+0000,1184042.7306634996,1081622.0392683395,1016938.0847260333,980403.0749692401,980403.0749692401,1219898.3264194473,1062220.7722771913
2025-04-22T16:30:00.000+0000,1184042.7306634996,1081622.0392683395,1017274.8617529063,980403.0749692401,980403.0749692401,1219898.3264194473,1062220.7722771913
2025-04-22T16:40:00.000+0000,1184211.8347219396,1081622.0392683395,1015182.321331549,980403.0749692401,980403.0749692401,1220158.6636029512,1062220.7722771913
2025-04-22T16:50:00.000+0000,1183760.8905660994,1081622.0392683395,1014548.6694572293,980403.0749692401,980403.0749692401,1219464.4311136073,1062220.7722771913
2025-04-22T17:00:00.000+0000,1183873.6266050595,1081622.0392683395,1017358.0579443064,980403.0749692401,980403.0749692401,1219637.9892359432,1062220.7722771913
2025-04-22T17:10:00.000+0000,1182915.3702738995,1081622.0392683395,1014094.7944665473,980403.0749692401,980403.0749692401,1218162.7451960873,1062220.7722771913
2025-04-22T17:20:00.000+0000,1183084.4743323396,1081622.0392683395,1014582.3251558184,980403.0749692401,980403.0749692401,1218423.0823795912,1062220.7722771913
2025-04-22T17:30:00.000+0000,1183366.3144297395,1081622.0392683395,1016270.5787809421,980403.0749692401,980403.0749692401,1218856.9776854313,1062220.7722771913
2025-04-22T17:40:00.000+0000,1183197.2103712996,1081622.0392683395,1016911.0592676824,980403.0749692401,980403.0749692401,1218596.6405019274,1062220.7722771913
2025-04-22T17:50:00.000+0000,1183309.9464102595,1081622.0392683395,1018264.0903988413,980403.0749692401,980403.0749692401,1218770.1986242633,1062220.7722771913
2025-04-22T18:00:00.000+0000,1183591.7865076596,1081622.0392683395,1020017.0323055603,980403.0749692401,980403.0749692401,1219204.0939301034,1062220.7722771913
2025-04-22T18:10:00.000+0000,1184042.7306634996,1081622.0392683395,1019214.8937198315,980403.0749692401,980403.0749692401,1219898.3264194473,1062220.7722771913
2025-04-22T18:20:00.000+0000,1184042.7306634996,1081622.0392683395,1018705.2132168605,980403.0749692401,980403.0749692401,1219898.3264194473,1062220.7722771913
2025-04-22T18:30:00.000+0000,1184550.0428388196,1081622.0392683395,1018814.1997754877,980403.0749692401,980403.0749692401,1220679.3379699592,1062220.7722771913
2025-04-22T18:40:00.000+0000,1184888.2509556995,1081622.0392683395,1019326.3155118683,980403.0749692401,980403.0749692401,1221200.0123369673,1062220.7722771913
2025-04-22T18:50:00.000+0000,1185057.3550141396,1081622.0392683395,1020473.9118191428,980403.0749692401,980403.0749692401,1221460.3495204714,1062220.7722771913
2025-04-22T19:00:00.000+0000,1185057.3550141396,1081622.0392683395,1021279.1409677649,980403.0749692401,980403.0749692401,1221460.3495204714,1062220.7722771913
2025-04-22T19:10:00.000+0000,1184831.8829362195,1081622.0392683395,1020888.7063433197,980403.0749692401,980403.0749692401,1221113.2332757993,1062220.7722771913
2025-04-22T19:20:00.000+0000,1184437.3067998595,1081622.0392683395,1019394.0013051658,980403.0749692401,980403.0749692401,1220505.7798476233,1062220.7722771913
2025-04-22T19:30:00.000+0000,1183986.3626440195,1081622.0392683395,1014054.860852811,980403.0749692401,980403.0749692401,1219811.5473582793,1062220.7722771913
2025-04-22T19:40:00.000+0000,1184211.8347219396,1081622.0392683395,1014378.4375585678,980403.0749692401,980403.0749692401,1220158.6636029512,1062220.7722771913
2025-04-22T19:50:00.000+0000,1185057.3550141396,1081622.0392683395,1016601.2459572675,980403.0749692401,980403.0749692401,1221460.3495204714,1062220.7722771913
2025-04-22T20:00:00.000+0000,1184944.6189751795,1081622.0392683395,1017240.1186022081,980403.0749692401,980403.0749692401,1221286.7913981352,1062220.7722771913
2025-04-22T20:10:00.000+0000,1185339.1951115394,1081622.0392683395,1016036.5353215183,980403.0749692401,980403.0749692401,1221894.2448263112,1062220.7722771913
2025-04-22T20:20:00.000+0000,1185339.1951115394,1081622.0392683395,1015975.1292410175,980403.0749692401,980403.0749692401,1221894.2448263112,1062220.7722771913
2025-04-22T20:30:00.000+0000,1184944.6189751795,1081622.0392683395,1017063.3569908384,980403.0749692401,980403.0749692401,1221286.7913981352,1062220.7722771913
2025-04-22T20:40:00.000+0000,1184944.6189751795,1081622.0392683395,1017482.0981495169,980403.0749692401,980403.0749692401,1221286.7913981352,1062220.7722771913
2025-04-22T20:50:00.000+0000,1184775.5149167394,1081622.0392683395,1017303.6091293192,980403.0749692401,980403.0749692401,1221026.4542146313,1062220.7722771913
2025-04-22T21:00:00.000+0000,1184775.5149167394,1081622.0392683395,1017057.0794064847,980403.0749692401,980403.0749692401,1221026.4542146313,1062220.7722771913
2025-04-22T21:10:00.000+0000,1184437.3067998595,1081622.0392683395,1018622.9942023879,980403.0749692401,980403.0749692401,1220505.7798476233,1062220.7722771913
2025-04-22T21:20:00.000+0000,1184606.4108582996,1081622.0392683395,1022433.8926890941,980403.0749692401,980403.0749692401,1220766.1170311272,1062220.7722771913
2025-04-22T21:30:00.000+0000,1184944.6189751795,1081622.0392683395,1023082.5237510235,980403.0749692401,980403.0749692401,1221286.7913981352,1062220.7722771913
2025-04-22T21:40:00.000+0000,1184888.2509556995,1081622.0392683395,1025683.0984773376,980403.0749692401,980403.0749692401,1221200.0123369673,1062220.7722771913
2025-04-22T21:50:00.000+0000,1186297.4514426994,1081622.0392683395,1040191.1738305632,980403.0749692401,980403.0749692401,1223369.4888661671,1062220.7722771913
2025-04-22T22:00:00.000+0000,1186804.7636180194,1081622.0392683395,1040233.1172712061,980403.0749692401,980403.0749692401,1224150.5004166793,1062220.7722771913
2025-04-22T22:10:00.000+0000,1186466.5555011395,1081622.0392683395,1038498.9419487049,980403.0749692401,980403.0749692401,1223629.8260496713,1062220.7722771913
2025-04-22T22:20:00.000+0000,1186861.1316374994,1081622.0392683395,1042450.3462696351,980403.0749692401,980403.0749692401,1224237.2794778473,1062220.7722771913
2025-04-22T22:30:00.000+0000,1185621.0352089396,1081622.0392683395,1037737.0188403571,980403.0749692401,980403.0749692401,1222328.1401321513,1062220.7722771913
2025-04-22T22:40:00.000+0000,1185564.6671894595,1081622.0392683395,1037662.2610079792,980403.0749692401,980403.0749692401,1222241.3610709833,1062220.7722771913
2025-04-22T22:50:00.000+0000,1186297.4514426994,1081622.0392683395,1039776.8408156489,980403.0749692401,980403.0749692401,1223369.4888661671,1062220.7722771913
2025-04-22T23:00:00.000+0000,1186635.6595595796,1081622.0392683395,1045144.4033538792,980403.0749692401,980403.0749692401,1223890.1632331752,1062220.7722771913
2025-04-22T23:10:00.000+0000,1186071.9793647795,1081622.0392683395,1045072.5398585142,980403.0749692401,980403.0749692401,1223022.3726214953,1062220.7722771913
2025-04-22T23:20:00.000+0000,1185790.1392673794,1081622.0392683395,1043642.5131842394,980403.0749692401,980403.0749692401,1222588.4773156552,1062220.7722771913
2025-04-22T23:30:00.000+0000,1186015.6113452995,1081622.0392683395,1047550.538490636,980403.0749692401,980403.0749692401,1222935.5935603273,1062220.7722771913
2025-04-22T23:40:00.000+0000,1186128.3473842596,1081622.0392683395,1048316.2012760963,980403.0749692401,980403.0749692401,1223109.1516826632,1062220.7722771913
2025-04-22T23:50:00.000+0000,1186241.0834232196,1081622.0392683395,1048031.051594304,980403.0749692401,980403.0749692401,1223282.7098049992,1062220.7722771913
2025-04-23T00:00:00.000+0000,1186071.9793647795,1081622.0392683395,1046669.440814719,980403.0749692401,980403.0749692401,1223022.3726214953,1062220.7722771913
2025-04-23T00:10:00.000+0000,1186692.0275790596,1081622.0392683395,1046816.2620707941,980403.0749692401,980403.0749692401,1223976.9422943434,1062220.7722771913
2025-04-23T00:20:00.000+0000,1187142.9717348996,1081622.0392683395,1046619.9909138626,980403.0749692401,980403.0749692401,1224671.1747836873,1062220.7722771913
2025-04-23T00:30:00.000+0000,1186917.4996569795,1081622.0392683395,1045053.7528844299,980403.0749692401,980403.0749692401,1224324.0585390152,1062220.7722771913
2025-04-23T00:40:00.000+0000,1186635.6595595796,1081622.0392683395,1042295.8159064197,980403.0749692401,980403.0749692401,1223890.1632331752,1062220.7722771913
2025-04-23T00:50:00.000+0000,1186579.2915400995,1081622.0392683395,1042316.6360930894,980403.0749692401,980403.0749692401,1223803.3841720074,1062220.7722771913
2025-04-23T01:00:00.000+0000,1186707.6832959796,185211.36886833957,1041875.7839777833,980115.6044438002,621064.9181692401,1224063.7213555113,1062220.7722771913
2025-04-23T01:10:00.000+0000,1188004.1477440197,1080904.9107320197,1049457.8663410076,980115.6044438002,980115.6044438002,1227100.9884963913,1062220.7722771913
2025-04-23T01:20:00.000+0000,1188736.9319972596,1080904.9107320197,1047434.582083761,980115.6044438002,980115.6044438002,1228229.1162915754,1062220.7722771913
2025-04-23T01:30:00.000+0000,1189018.7720946597,1080904.9107320197,1048321.833278618,980115.6044438002,980115.6044438002,1228663.0115974152,1062220.7722771913
2025-04-23T01:40:00.000+0000,1188680.5639777798,1080904.9107320197,1046397.4566659336,980115.6044438002,980115.6044438002,1228142.3372304072,1062220.7722771913
2025-04-23T01:50:00.000+0000,1187665.9396271396,1080904.9107320197,1042807.5243097977,980115.6044438002,980115.6044438002,1226580.3141293833,1062220.7722771913
2025-04-23T02:00:00.000+0000,1187496.8355686998,1080904.9107320197,1043056.7345082103,980115.6044438002,980115.6044438002,1226319.9769458792,1062220.7722771913
2025-04-23T02:10:00.000+0000,1188229.6198219396,1080904.9107320197,1045579.1344041298,980115.6044438002,980115.6044438002,1227448.1047410632,1062220.7722771913
2025-04-23T02:20:00.000+0000,1188567.8279388198,1080904.9107320197,1050419.176388226,980115.6044438002,980115.6044438002,1227968.7791080712,1062220.7722771913
2025-04-23T02:30:00.000+0000,1188567.8279388198,1080904.9107320197,1050616.3422323382,980115.6044438002,980115.6044438002,1227968.7791080712,1062220.7722771913
2025-04-23T02:40:00.000+0000,1189075.1401141398,1080904.9107320197,1052402.7782476698,980115.6044438002,980115.6044438002,1228749.7906585832,1062220.7722771913
2025-04-23T02:50:00.000+0000,1189864.2923868597,1080904.9107320197,1051811.4954441367,980115.6044438002,980115.6044438002,1229964.6975149352,1062220.7722771913
2025-04-23T03:00:00.000+0000,1190146.1324842598,1080904.9107320197,1049815.8779523277,980115.6044438002,980115.6044438002,1230398.5928207752,1062220.7722771913
2025-04-23T03:10:00.000+0000,1190484.3406011397,1080904.9107320197,1048608.3389510717,980115.6044438002,980115.6044438002,1230919.2671877833,1062220.7722771913
2025-04-23T03:20:00.000+0000,1192682.6933608598,1080904.9107320197,1049780.0520800706,980115.6044438002,980115.6044438002,1234303.6505733351,1062220.7722771913
2025-04-23T03:30:00.000+0000,1198488.5993672998,1080904.9107320197,1050349.4112725733,980115.6044438002,980115.6044438002,1243241.8938736394,1062220.7722771913
2025-04-23T03:40:00.000+0000,1200123.2719322196,1080904.9107320197,1053210.0674019312,980115.6044438002,980115.6044438002,1245758.4866475114,1062220.7722771913
2025-04-23T03:50:00.000+0000,1198601.3354062596,1080904.9107320197,1053923.243586967,980115.6044438002,980115.6044438002,1243415.4519959753,1062220.7722771913
2025-04-23T04:00:00.000+0000,1198995.9115426196,1080904.9107320197,1054270.108667546,980115.6044438002,980115.6044438002,1244022.9054241513,1062220.7722771913
2025-04-23T04:10:00.000+0000,1200630.5841075396,1080904.9107320197,1052467.617387733,980115.6044438002,980115.6044438002,1246539.4981980233,1062220.7722771913
2025-04-23T04:20:00.000+0000,1201137.8962828596,1080904.9107320197,1051035.7676241384,980115.6044438002,980115.6044438002,1247320.5097485352,1062220.7722771913
2025-04-23T04:30:00.000+0000,1197361.2389776998,1080904.9107320197,1052283.826886958,980115.6044438002,980115.6044438002,1241506.3126502794,1062220.7722771913
2025-04-23T04:40:00.000+0000,1199165.0156010597,1080904.9107320197,1055829.3154376314,980115.6044438002,980115.6044438002,1244283.2426076552,1062220.7722771913
2025-04-23T04:50:00.000+0000,1199165.0156010597,1080904.9107320197,1060360.0351500832,980115.6044438002,980115.6044438002,1244283.2426076552,1062220.7722771913
2025-04-23T05:00:00.000+0000,1197417.6069971798,1080904.9107320197,1060752.794321193,980115.6044438002,980115.6044438002,1241593.0917114473,1062220.7722771913
2025-04-23T05:10:00.000+0000,1195275.6222569398,1080904.9107320197,1059406.1501286237,980115.6044438002,980115.6044438002,1238295.4873870632,1062220.7722771913
2025-04-23T05:20:00.000+0000,1194768.3100816198,1080904.9107320197,1060456.9068813242,980115.6044438002,980115.6044438002,1237514.4758365513,1062220.7722771913
2025-04-23T05:30:00.000+0000,1195106.5181984997,1080904.9107320197,1060765.3859591708,980115.6044438002,980115.6044438002,1238035.1502035593,1062220.7722771913
2025-04-23T05:40:00.000+0000,1194711.9420621397,1080904.9107320197,1062026.7819854731,980115.6044438002,980115.6044438002,1237427.6967753833,1062220.7722771913
2025-04-23T05:50:00.000+0000,1194768.3100816198,1080904.9107320197,1060303.6946534142,980115.6044438002,980115.6044438002,1237514.4758365513,1062220.7722771913
2025-04-23T06:00:00.000+0000,1194260.9979062998,1080904.9107320197,1059055.523353481,980115.6044438002,980115.6044438002,1236733.4642860394,1062220.7722771913
2025-04-23T06:10:00.000+0000,1194768.3100816198,1080904.9107320197,1062401.8600125187,980115.6044438002,980115.6044438002,1237514.4758365513,1062220.7722771913
2025-04-23T06:20:00.000+0000,1194993.7821595396,1080904.9107320197,1062242.4468591074,980115.6044438002,980115.6044438002,1237861.5920812231,1062220.7722771913
2025-04-23T06:30:00.000+0000,1194768.3100816198,1080904.9107320197,1062140.1608321005,980115.6044438002,980115.6044438002,1237514.4758365513,1062220.7722771913
2025-04-23T06:40:00.000+0000,1197699.4470945797,1080904.9107320197,1061377.041561136,980115.6044438002,980115.6044438002,1242026.9870172872,1062220.7722771913
2025-04-23T06:50:00.000+0000,1220979.4391398197,1080904.9107320197,1059585.2668357403,980115.6044438002,980115.6044438002,1277866.7392796713,1062220.7722771913
2025-04-23T07:00:00.000+0000,1210494.9875165396,1080904.9107320197,1057196.0692201168,980115.6044438002,980115.6044438002,1261725.8339024233,1062220.7722771913
2025-04-23T07:10:00.000+0000,1209480.3631658996,1080904.9107320197,1056799.465551762,980115.6044438002,980115.6044438002,1260163.8108013994,1062220.7722771913
2025-04-23T07:20:00.000+0000,1208071.1626788997,1080904.9107320197,1057251.3215401783,980115.6044438002,980115.6044438002,1257994.3342721993,1062220.7722771913
2025-04-23T07:30:00.000+0000,1210607.7235554997,1080904.9107320197,1059255.287353489,980115.6044438002,980115.6044438002,1261899.3920247592,1062220.7722771913
2025-04-23T07:40:00.000+0000,1209311.2591074598,1080904.9107320197,1059148.0450611692,980115.6044438002,980115.6044438002,1259903.4736178953,1062220.7722771913
2025-04-23T07:50:00.000+0000,1207451.1144646197,1080904.9107320197,1060217.4504586444,980115.6044438002,980115.6044438002,1257039.7645993512,1062220.7722771913
2025-04-23T08:00:00.000+0000,1206661.9621918998,1080904.9107320197,1061814.5816864816,980115.6044438002,980115.6044438002,1255824.8577429992,1062220.7722771913
2025-04-23T08:10:00.000+0000,1206943.8022892997,1080904.9107320197,1063371.6123805693,980115.6044438002,980115.6044438002,1256258.7530488393,1062220.7722771913
2025-04-23T08:20:00.000+0000,1209818.5712827798,1080904.9107320197,1065750.0827102666,980115.6044438002,980115.6044438002,1260684.4851684072,1062220.7722771913
2025-04-23T08:30:00.000+0000,1209423.9951464196,1080904.9107320197,1064489.1179392212,980115.6044438002,980115.6044438002,1260077.0317402312,1062220.7722771913
2025-04-23T08:40:00.000+0000,1212242.3961204197,1080904.9107320197,1065300.3531914086,980115.6044438002,980115.6044438002,1264415.9847986312,1062220.7722771913
2025-04-23T08:50:00.000+0000,1212975.1803736596,1080904.9107320197,1066209.7407855797,980115.6044438002,980115.6044438002,1265544.1125938152,1062220.7722771913
2025-04-23T09:00:00.000+0000,1212355.1321593798,1080904.9107320197,1067122.3869715256,980115.6044438002,980115.6044438002,1264589.5429209673,1062220.7722771913
2025-04-23T09:10:00.000+0000,1213482.4925489798,1080904.9107320197,1068483.9650557267,980115.6044438002,980115.6044438002,1266325.1241443274,1062220.7722771913
2025-04-23T09:20:00.000+0000,1218555.6143021798,1080904.9107320197,1067271.035609524,980115.6044438002,980115.6044438002,1274135.2396494471,1062220.7722771913
2025-04-23T09:30:00.000+0000,1217202.7818346596,1080904.9107320197,1066265.4924524017,980115.6044438002,980115.6044438002,1272052.5421814153,1062220.7722771913
2025-04-23T09:40:00.000+0000,1218499.2462826998,1080904.9107320197,1066090.8385304497,980115.6044438002,980115.6044438002,1274048.4605882792,1062220.7722771913
2025-04-23T09:50:00.000+0000,1218273.7742047796,1080904.9107320197,1062663.3257197107,980115.6044438002,980115.6044438002,1273701.3443436073,1062220.7722771913
2025-04-23T10:00:00.000+0000,1214553.4849190996,1080904.9107320197,1058523.4606545938,980115.6044438002,980115.6044438002,1267973.9263065194,1062220.7722771913
2025-04-23T10:10:00.000+0000,1214215.2768022197,1080904.9107320197,1059705.8016508573,980115.6044438002,980115.6044438002,1267453.2519395114,1062220.7722771913
2025-04-23T10:20:00.000+0000,1217202.7818346596,1080904.9107320197,1061552.6123935021,980115.6044438002,980115.6044438002,1272052.5421814153,1062220.7722771913
2025-04-23T10:30:00.000+0000,1216751.8376788197,1080904.9107320197,1063288.4789506362,980115.6044438002,980115.6044438002,1271358.3096920713,1062220.7722771913
2025-04-23T10:40:00.000+0000,1216357.2615424597,1080904.9107320197,1063585.0822815772,980115.6044438002,980115.6044438002,1270750.8562638953,1062220.7722771913
2025-04-23T10:50:00.000+0000,1215906.3173866197,1080904.9107320197,1065565.5359230563,980115.6044438002,980115.6044438002,1270056.6237745513,1062220.7722771913
2025-04-23T11:00:00.000+0000,1214948.0610554598,1080904.9107320197,1066132.6351637288,980115.6044438002,980115.6044438002,1268581.3797346952,1062220.7722771913
2025-04-23T11:10:00.000+0000,1214046.1727437796,1080904.9107320197,1067141.9973754103,980115.6044438002,980115.6044438002,1267192.9147560073,1062220.7722771913
2025-04-23T11:20:00.000+0000,1211791.4519645798,1080904.9107320197,1066492.2859440055,980115.6044438002,980115.6044438002,1263721.7523092872,1062220.7722771913
2025-04-23T11:30:00.000+0000,1212467.8681983396,1080904.9107320197,1065928.7733756755,980115.6044438002,980115.6044438002,1264763.1010433033,1062220.7722771913
2025-04-23T11:40:00.000+0000,1212524.2362178196,1080904.9107320197,1064031.7702895473,980115.6044438002,980115.6044438002,1264849.8801044712,1062220.7722771913
2025-04-23T11:50:00.000+0000,1211791.4519645798,1080904.9107320197,1062203.7663385605,980115.6044438002,980115.6044438002,1263721.7523092872,1062220.7722771913
2025-04-23T12:00:00.000+0000,1211002.2996918596,1080904.9107320197,1063667.587541592,980115.6044438002,980115.6044438002,1262506.8454529352,1062220.7722771913
2025-04-23T12:10:00.000+0000,1211340.5078087398,1080904.9107320197,1067089.5750926035,980115.6044438002,980115.6044438002,1263027.5198199432,1062220.7722771913
2025-04-23T12:20:00.000+0000,1209367.6271269396,1080904.9107320197,1066231.8721856498,980115.6044438002,980115.6044438002,1259990.2526790632,1062220.7722771913
2025-04-23T12:30:00.000+0000,1210382.2514775796,1080904.9107320197,1067131.936391976,980115.6044438002,980115.6044438002,1261552.2757800873,1062220.7722771913
2025-04-23T12:40:00.000+0000,1209480.3631658996,1080904.9107320197,1066563.7291571223,980115.6044438002,980115.6044438002,1260163.8108013994,1062220.7722771913
2025-04-23T12:50:00.000+0000,1209874.9393022596,1080904.9107320197,1068081.406016973,980115.6044438002,980115.6044438002,1260771.2642295752,1062220.7722771913
2025-04-23T13:00:00.000+0000,1210100.4113801797,1080904.9107320197,1067364.1266959966,980115.6044438002,980115.6044438002,1261118.3804742473,1062220.7722771913
2025-04-23T13:10:00.000+0000,1211453.2438476998,1080904.9107320197,1070356.8473583206,980115.6044438002,980115.6044438002,1263201.0779422792,1062220.7722771913
2025-04-23T13:20:00.000+0000,1226165.2969319797,1080904.9107320197,1070383.6087407866,980115.6044438002,980115.6044438002,1285850.4129071273,1062220.7722771913
2025-04-23T13:30:00.000+0000,1223459.6319969397,1080904.9107320197,1063301.8202482215,980115.6044438002,980115.6044438002,1281685.0179710633,1062220.7722771913
2025-04-23T13:40:00.000+0000,1224474.2563475796,1080904.9107320197,1062351.3230260648,980115.6044438002,980115.6044438002,1283247.0410720874,1062220.7722771913
2025-04-23T13:50:00.000+0000,1227236.2893020997,1080904.9107320197,1054901.9449824607,980115.6044438002,980115.6044438002,1287499.2150693194,1062220.7722771913
2025-04-23T14:00:00.000+0000,1226785.3451462598,1080904.9107320197,1057090.8714620427,980115.6044438002,980115.6044438002,1286804.9825799754,1062220.7722771913
2025-04-23T14:10:00.000+0000,1223741.4720943398,1080904.9107320197,1052514.6640082058,980115.6044438002,980115.6044438002,1282118.9132769033,1062220.7722771913
2025-04-23T14:20:00.000+0000,1223628.7360553797,1080904.9107320197,1053587.9369578115,980115.6044438002,980115.6044438002,1281945.3551545674,1062220.7722771913
2025-04-23T14:30:00.000+0000,1221768.5914125396,1080904.9107320197,1057451.3148101028,980115.6044438002,980115.6044438002,1279081.6461360233,1062220.7722771913
2025-04-23T14:40:00.000+0000,1219226.1693097798,185015.68482201966,1058790.2861054442,980115.6044438002,980115.6044438002,1276293.1929574632,129088.05470719124
2025-04-23T14:50:00.000+0000,1217253.28862798,1078644.32872666,1057371.7545666916,980115.6044438002,980115.6044438002,1273255.9258165834,1059866.2144044715
2025-04-23T15:00:00.000+0000,1216915.0805111001,1078644.32872666,1055454.484280339,980115.6044438002,980115.6044438002,1272735.2514495754,1059866.2144044715
2025-04-23T15:10:00.000+0000,1213645.73538126,1078644.32872666,1047990.6183293961,980115.6044438002,980115.6044438002,1267702.0659018315,1059866.2144044715
2025-04-23T15:20:00.000+0000,1213645.73538126,1078644.32872666,1043779.4343937933,980115.6044438002,980115.6044438002,1267702.0659018315,1059866.2144044715
2025-04-23T15:30:00.000+0000,1218944.32921238,1078644.32872666,1047328.4037235249,980115.6044438002,980115.6044438002,1275859.2976516234,1059866.2144044715
2025-04-23T15:40:00.000+0000,1222326.41038118,1078644.32872666,1053672.2854197957,980115.6044438002,980115.6044438002,1281066.0413217035,1059866.2144044715
2025-04-23T15:50:00.000+0000,1219282.53732926,1078644.32872666,1054931.802052075,980115.6044438002,980115.6044438002,1276379.9720186314,1059866.2144044715
2025-04-23T16:00:00.000+0000,1215844.0881409799,1078644.32872666,1058183.1224694995,980115.6044438002,980115.6044438002,1271086.4492873834,1059866.2144044715
2025-04-23T16:10:00.000+0000,1215523.243534428,184368.40008666,1057004.998792592,979828.208173208,620870.2662038004,1271693.9027155594,1059866.2144044715
2025-04-23T16:20:00.000+0000,1201369.7687805882,12530.535183747897,1053591.8864988307,958525.5040412879,199888.85937320758,1267962.4030853354,1059866.2144044715
2025-04-23T16:30:00.000+0000,1184941.6559432677,466615.6702149797,1059020.144556526,936142.9360938482,680947.5383060079,1270565.7749203756,711660.2892844718
2025-04-23T16:40:00.000+0000,1186304.6933267396,1046624.7410552996,1061616.0972419237,936142.9360938483,936142.9360938483,1274626.16323868,1059587.649664376
2025-04-23T16:50:00.000+0000,1185741.0131319396,1046624.7410552996,1061428.471088469,936142.9360938483,936142.9360938483,1273758.3726269999,1059587.649664376
2025-04-23T17:00:00.000+0000,1185402.8050150597,1046624.7410552996,1062332.023049334,936142.9360938483,936142.9360938483,1273237.6982599918,1059587.649664376
2025-04-23T17:10:00.000+0000,1188897.6222228196,1046624.7410552996,1064630.5796123669,936142.9360938483,936142.9360938483,1278618.0000524078,1059587.649664376
2025-04-23T17:20:00.000+0000,1189912.2465734596,1046624.7410552996,1062185.4818771128,936142.9360938483,936142.9360938483,1280180.023153432,1059587.649664376
2025-04-23T17:30:00.000+0000,1191039.6069630596,1046624.7410552996,1061169.1666746626,936142.9360938483,936142.9360938483,1281915.604376792,1059587.649664376
2025-04-23T17:40:00.000+0000,1193688.9038786197,1046624.7410552996,1060923.832059153,936142.9360938483,936142.9360938483,1285994.220251688,1059587.649664376
2025-04-23T17:50:00.000+0000,1198874.7616707797,1046624.7410552996,1061005.247532834,936142.9360938483,936142.9360938483,1293977.893879144,1059587.649664376
2025-04-23T18:00:00.000+0000,1199663.9139434998,1046624.7410552996,1064030.1717574534,936142.9360938483,936142.9360938483,1295192.800735496,1059587.649664376
2025-04-23T18:10:00.000+0000,1200002.1220603795,1046624.7410552996,1067313.3457284481,936142.9360938483,936142.9360938483,1295713.4751025038,1059587.649664376
2025-04-23T18:20:00.000+0000,1196732.7769305396,1046624.7410552996,1065466.9783050779,936142.9360938483,936142.9360938483,1290680.2895547599,1059587.649664376
2025-04-23T18:30:00.000+0000,1195661.7845604196,1046624.7410552996,1063732.224848521,936142.9360938483,936142.9360938483,1289031.487392568,1059587.649664376
2025-04-23T18:40:00.000+0000,1198705.6576123396,1046624.7410552996,1061298.0505893563,936142.9360938483,936142.9360938483,1293717.55669564,1059587.649664376
2025-04-23T18:50:00.000+0000,1197972.8733590997,1046624.7410552996,1061060.0530726688,936142.9360938483,936142.9360938483,1292589.428900456,1059587.649664376
2025-04-23T19:00:00.000+0000,1196845.5129694997,1046624.7410552996,1057990.7351498846,936142.9360938483,936142.9360938483,1290853.847677096,1059587.649664376
2025-04-23T19:10:00.000+0000,1197296.4571253397,1046624.7410552996,1054119.2402851572,936142.9360938483,936142.9360938483,1291548.08016644,1059587.649664376
2025-04-23T19:20:00.000+0000,1194929.0003071795,1046624.7410552996,1050530.095649767,936142.9360938483,936142.9360938483,1287903.359597384,1059587.649664376
2025-04-23T19:30:00.000+0000,1192279.7033916197,1046624.7410552996,1051700.3033157217,936142.9360938483,936142.9360938483,1283824.743722488,1059587.649664376
2025-04-23T19:40:00.000+0000,1186755.6374825796,1046624.7410552996,1055476.3986802925,936142.9360938483,936142.9360938483,1275320.395728024,1059587.649664376
2025-04-23T19:50:00.000+0000,1186361.0613462196,1046624.7410552996,1053881.5171914937,936142.9360938483,936142.9360938483,1274712.942299848,1059587.649664376
2025-04-23T20:00:00.000+0000,1186022.8532293397,1046624.7410552996,1056989.2567724886,936142.9360938483,936142.9360938483,1274192.26793284,1059587.649664376
2025-04-23T20:10:00.000+0000,1186248.3253072596,1046624.7410552996,1057881.7019270535,936142.9360938483,936142.9360938483,1274539.384177512,1059587.649664376
2025-04-23T20:20:00.000+0000,1187150.2136189397,1046624.7410552996,1061023.2706191328,936142.9360938483,936142.9360938483,1275927.8491562,1059587.649664376
2025-04-23T20:30:00.000+0000,1185741.0131319396,1046624.7410552996,1062016.2955955353,936142.9360938483,936142.9360938483,1273758.3726269999,1059587.649664376
2025-04-23T20:40:00.000+0000,1185741.0131319396,1046624.7410552996,1060597.7061959293,936142.9360938483,936142.9360938483,1273758.3726269999,1059587.649664376
2025-04-23T20:50:00.000+0000,1186473.7973851797,1046624.7410552996,1060552.0694115846,936142.9360938483,936142.9360938483,1274886.500422184,1059587.649664376
2025-04-23T21:00:00.000+0000,1184726.3887812996,1046624.7410552996,1061680.8760976153,936142.9360938483,936142.9360938483,1272196.349525976,1059587.649664376
2025-04-23T21:10:00.000+0000,1183486.2923527397,1046624.7410552996,1062219.8036009767,936142.9360938483,936142.9360938483,1270287.2101802798,1059587.649664376
2025-04-23T21:20:00.000+0000,1185290.0689760996,1046624.7410552996,1061456.3846879425,936142.9360938483,936142.9360938483,1273064.140137656,1059587.649664376
2025-04-23T21:30:00.000+0000,1184162.7085864996,1046624.7410552996,1061157.2729435507,936142.9360938483,936142.9360938483,1271328.5589142959,1059587.649664376
2025-04-23T21:40:00.000+0000,1183317.1882942996,1046624.7410552996,1058766.1702675768,936142.9360938483,936142.9360938483,1270026.872996776,1059587.649664376
2025-04-23T21:50:00.000+0000,1183768.1324501396,1046624.7410552996,1058324.1195839937,936142.9360938483,936142.9360938483,1270721.1054861199,1059587.649664376
2025-04-23T22:00:00.000+0000,1184782.7568007796,1046624.7410552996,1058546.663543857,936142.9360938483,936142.9360938483,1272283.128587144,1059587.649664376
2025-04-23T22:10:00.000+0000,1186022.8532293397,1046624.7410552996,1058314.9588949936,936142.9360938483,936142.9360938483,1274192.26793284,1059587.649664376
2025-04-23T22:20:00.000+0000,1186304.6933267396,1046624.7410552996,1060054.817346889,936142.9360938483,936142.9360938483,1274626.16323868,1059587.649664376
2025-04-23T22:30:00.000+0000,1186530.1654046597,1046624.7410552996,1061483.8105395332,936142.9360938483,936142.9360938483,1274973.2794833519,1059587.649664376
2025-04-23T22:40:00.000+0000,1186699.2694630995,1046624.7410552996,1063055.0785151783,936142.9360938483,936142.9360938483,1275233.616666856,1059587.649664376
2025-04-23T22:50:00.000+0000,1186022.8532293397,1046624.7410552996,1063717.584732346,936142.9360938483,936142.9360938483,1274192.26793284,1059587.649664376
2025-04-23T23:00:00.000+0000,1186361.0613462196,1046624.7410552996,1063978.8947518908,936142.9360938483,936142.9360938483,1274712.942299848,1059587.649664376
2025-04-23T23:10:00.000+0000,1186586.5334241397,1046624.7410552996,1063893.2276537437,936142.9360938483,936142.9360938483,1275060.0585445198,1059587.649664376
2025-04-23T23:20:00.000+0000,1187488.4217358197,1046624.7410552996,1063564.5724684855,936142.9360938483,936142.9360938483,1276448.523523208,1059587.649664376
2025-04-23T23:30:00.000+0000,1187601.1577747797,1046624.7410552996,1062712.6963502727,936142.9360938483,936142.9360938483,1276622.081645544,1059587.649664376
2025-04-23T23:40:00.000+0000,1187544.7897552997,1046624.7410552996,1060470.3374026376,936142.9360938483,936142.9360938483,1276535.302584376,1059587.649664376
2025-04-23T23:50:00.000+0000,1185120.9649176598,1046624.7410552996,1060015.0826419105,936142.9360938483,936142.9360938483,1272803.802954152,1059587.649664376
2025-04-24T00:00:00.000+0000,1183373.5563137797,1046624.7410552996,1060746.7142416523,936142.9360938483,936142.9360938483,1270113.6520579439,1059587.649664376
2025-04-24T00:10:00.000+0000,1182978.9801774197,1046624.7410552996,1059562.4459260877,936142.9360938483,936142.9360938483,1269506.1986297679,1059587.649664376
2025-04-24T00:20:00.000+0000,1179935.1071254998,1046624.7410552996,1056736.1332251106,936142.9360938483,936142.9360938483,1264820.129326696,1059587.649664376
2025-04-24T00:30:00.000+0000,1179540.5309891396,1046624.7410552996,1056107.883600397,936142.9360938483,936142.9360938483,1264212.6758985198,1059587.649664376
2025-04-24T00:40:00.000+0000,1180047.8431644596,1046624.7410552996,1057822.1519084736,936142.9360938483,936142.9360938483,1264993.687449032,1059587.649664376
2025-04-24T00:50:00.000+0000,1178864.1147553797,1046624.7410552996,1057387.5825017758,936142.9360938483,936142.9360938483,1263171.327164504,1059587.649664376
2025-04-24T01:00:00.000+0000,1179202.3228722597,1046624.7410552996,1057393.1720969798,936142.9360938483,936142.9360938483,1263692.001531512,1059587.649664376
2025-04-24T01:10:00.000+0000,1178187.6985216197,1046624.7410552996,1053306.8273554172,936142.9360938483,936142.9360938483,1262129.978430488,1059587.649664376
2025-04-24T01:20:00.000+0000,1177849.4904047397,1046624.7410552996,1053077.1124922466,936142.9360938483,936142.9360938483,1261609.3040634799,1059587.649664376
2025-04-24T01:30:00.000+0000,1179033.2188138196,1046624.7410552996,1055929.9584682179,936142.9360938483,936142.9360938483,1263431.6643480079,1059587.649664376
2025-04-24T01:40:00.000+0000,1179540.5309891396,1046624.7410552996,1055823.8456330965,936142.9360938483,936142.9360938483,1264212.6758985198,1059587.649664376
2025-04-24T01:50:00.000+0000,1181231.5715735396,1046624.7410552996,1057271.516150513,936142.9360938483,936142.9360938483,1266816.04773356,1059587.649664376
2025-04-24T02:00:00.000+0000,1183937.2365085797,1046624.7410552996,1057455.8410812337,936142.9360938483,936142.9360938483,1270981.442669624,1059587.649664376
2025-04-24T02:10:00.000+0000,1186812.0055020596,1046624.7410552996,1058716.5504151776,936142.9360938483,936142.9360938483,1275407.174789192,1059587.649664376
2025-04-24T02:20:00.000+0000,1187262.9496578996,1046624.7410552996,1059009.9640239223,936142.9360938483,936142.9360938483,1276101.407278536,1059587.649664376
2025-04-24T02:30:00.000+0000,1185910.1171903796,1046624.7410552996,1057456.9932982412,936142.9360938483,936142.9360938483,1274018.709810504,1059587.649664376
2025-04-24T02:40:00.000+0000,1185853.7491708996,1046624.7410552996,1051375.7705474026,936142.9360938483,936142.9360938483,1273931.930749336,1059587.649664376
2025-04-24T02:50:00.000+0000,1184557.2847228597,1046624.7410552996,1051034.0924867685,936142.9360938483,936142.9360938483,1271936.012342472,1059587.649664376
2025-04-24T03:00:00.000+0000,1183824.5004696196,1046624.7410552996,1050421.027325892,936142.9360938483,936142.9360938483,1270807.884547288,1059587.649664376
2025-04-24T03:10:00.000+0000,1183260.8202748196,1046624.7410552996,1052385.814067829,936142.9360938483,936142.9360938483,1269940.093935608,1059587.649664376
2025-04-24T03:20:00.000+0000,1182697.1400800196,1046624.7410552996,1053622.369332703,936142.9360938483,936142.9360938483,1269072.303323928,1059587.649664376
2025-04-24T03:30:00.000+0000,1180273.3152423797,1046624.7410552996,1049727.0267392383,936142.9360938483,936142.9360938483,1265340.803693704,1059587.649664376
2025-04-24T03:40:00.000+0000,1180836.9954371797,1046624.7410552996,1047567.0082243299,936142.9360938483,936142.9360938483,1266208.594305384,1059587.649664376
2025-04-24T03:50:00.000+0000,1180329.6832618597,1046624.7410552996,1044450.0618445652,936142.9360938483,936142.9360938483,1265427.5827548718,1059587.649664376
2025-04-24T04:00:00.000+0000,1180611.5233592596,1046624.7410552996,1043820.9907484297,936142.9360938483,936142.9360938483,1265861.4780607119,1059587.649664376
2025-04-24T04:10:00.000+0000,1180949.7314761397,1046624.7410552996,1042041.1226140979,936142.9360938483,936142.9360938483,1266382.15242772,1059587.649664376
2025-04-24T04:20:00.000+0000,1181569.7796904196,1046624.7410552996,1045280.4246984215,936142.9360938483,936142.9360938483,1267336.722100568,1059587.649664376
2025-04-24T04:30:00.000+0000,1180949.7314761397,1046624.7410552996,1043417.2376040672,936142.9360938483,936142.9360938483,1266382.15242772,1059587.649664376
2025-04-24T04:40:00.000+0000,1181682.5157293796,1046624.7410552996,1043555.7330390915,936142.9360938483,936142.9360938483,1267510.280222904,1059587.649664376
2025-04-24T04:50:00.000+0000,1182358.9319631397,1046624.7410552996,1045582.5779537014,936142.9360938483,936142.9360938483,1268551.62895692,1059587.649664376
2025-04-24T05:00:00.000+0000,1184500.9167033797,1046624.7410552996,1048315.1946946725,936142.9360938483,936142.9360938483,1271849.233281304,1059587.649664376
2025-04-24T05:10:00.000+0000,1183317.1882942996,1046624.7410552996,1047432.8654600184,936142.9360938483,936142.9360938483,1270026.872996776,1059587.649664376
2025-04-24T05:20:00.000+0000,1183429.9243332597,1046624.7410552996,1044183.103832388,936142.9360938483,936142.9360938483,1270200.4311191118,1059587.649664376
2025-04-24T05:30:00.000+0000,1184331.8126449396,1046624.7410552996,1045664.1837330742,936142.9360938483,936142.9360938483,1271588.8960978,1059587.649664376
2025-04-24T05:40:00.000+0000,1184726.3887812996,1046624.7410552996,1046743.0880771913,936142.9360938483,936142.9360938483,1272196.349525976,1059587.649664376
2025-04-24T05:50:00.000+0000,1184782.7568007796,1046624.7410552996,1045472.5043094766,936142.9360938483,936142.9360938483,1272283.128587144,1059587.649664376
2025-04-24T06:00:00.000+0000,1186642.9014436197,1046624.7410552996,1046054.338291524,936142.9360938483,936142.9360938483,1275146.837605688,1059587.649664376
2025-04-24T06:10:00.000+0000,1185910.1171903796,1046624.7410552996,1043372.2883258734,936142.9360938483,936142.9360938483,1274018.709810504,1059587.649664376
2025-04-24T06:20:00.000+0000,1186417.4293656996,1046624.7410552996,1044625.3654887466,936142.9360938483,936142.9360938483,1274799.721361016,1059587.649664376
2025-04-24T06:30:00.000+0000,1186135.5892682998,1046624.7410552996,1046891.2055046966,936142.9360938483,936142.9360938483,1274365.8260551759,1059587.649664376
2025-04-24T06:40:00.000+0000,1185797.3811514196,1046624.7410552996,1046042.9827821035,936142.9360938483,936142.9360938483,1273845.151688168,1059587.649664376
2025-04-24T06:50:00.000+0000,1181231.5715735396,1046624.7410552996,1043810.2736752958,936142.9360938483,936142.9360938483,1266816.04773356,1059587.649664376
2025-04-24T07:00:00.000+0000,1181062.4675150996,1046624.7410552996,1043773.4475533674,936142.9360938483,936142.9360938483,1266555.7105500558,1059587.649664376
2025-04-24T07:10:00.000+0000,1181062.4675150996,1046624.7410552996,1046146.0830456929,936142.9360938483,936142.9360938483,1266555.7105500558,1059587.649664376
2025-04-24T07:20:00.000+0000,1180442.4193008197,1046624.7410552996,1041677.9026091096,936142.9360938483,936142.9360938483,1265601.140877208,1059587.649664376
2025-04-24T07:30:00.000+0000,1181006.0994956195,1046624.7410552996,1040647.5018152208,936142.9360938483,936142.9360938483,1266468.9314888879,1059587.649664376
2025-04-24T07:40:00.000+0000,1180667.8913787396,1046624.7410552996,1038891.4982849646,936142.9360938483,936142.9360938483,1265948.2571218798,1059587.649664376
2025-04-24T07:50:00.000+0000,1180160.5792034196,1046624.7410552996,1038239.887659822,936142.9360938483,936142.9360938483,1265167.245571368,1059587.649664376
2025-04-24T08:00:00.000+0000,1180780.6274176997,1046624.7410552996,1037832.5441049476,936142.9360938483,936142.9360938483,1266121.815244216,1059587.649664376
2025-04-24T08:10:00.000+0000,1180780.6274176997,1046624.7410552996,1035994.8101754703,936142.9360938483,936142.9360938483,1266121.815244216,1059587.649664376
2025-04-24T08:20:00.000+0000,1181344.3076124997,1046624.7410552996,1032833.5647048815,936142.9360938483,936142.9360938483,1266989.605855896,1059587.649664376
2025-04-24T08:30:00.000+0000,1180273.3152423797,1046624.7410552996,1029960.5575920345,936142.9360938483,936142.9360938483,1265340.803693704,1059587.649664376
2025-04-24T08:40:00.000+0000,1178976.8507943396,1046624.7410552996,1028643.2006430137,936142.9360938483,936142.9360938483,1263344.88528684,1059587.649664376
2025-04-24T08:50:00.000+0000,1179145.9548527796,1046624.7410552996,1030078.5858627849,936142.9360938483,936142.9360938483,1263605.222470344,1059587.649664376
2025-04-24T09:00:00.000+0000,1179258.6908917397,1046624.7410552996,1032950.9641619856,936142.9360938483,936142.9360938483,1263778.78059268,1059587.649664376
2025-04-24T09:10:00.000+0000,1179202.3228722597,1046624.7410552996,1035089.8009540566,936142.9360938483,936142.9360938483,1263692.001531512,1059587.649664376
2025-04-24T09:20:00.000+0000,1177962.2264436996,1046624.7410552996,1036689.7959876831,936142.9360938483,936142.9360938483,1261782.8621858158,1059587.649664376
2025-04-24T09:30:00.000+0000,1175369.2975476196,1046624.7410552996,1035530.1145883128,936142.9360938483,936142.9360938483,1257791.025372088,1059587.649664376
2025-04-24T09:40:00.000+0000,1175763.8736839797,1046624.7410552996,1035580.2321598874,936142.9360938483,936142.9360938483,1258398.478800264,1059587.649664376
2025-04-24T09:50:00.000+0000,1175087.4574502197,1046624.7410552996,1034778.6076142382,936142.9360938483,936142.9360938483,1257357.130066248,1059587.649664376
2025-04-24T10:00:00.000+0000,1173734.6249826998,1046624.7410552996,1036405.7733038532,936142.9360938483,936142.9360938483,1255274.432598216,1059587.649664376
2025-04-24T10:10:00.000+0000,1173678.2569632197,1046624.7410552996,1036515.8260573535,936142.9360938483,936142.9360938483,1255187.653537048,1059587.649664376
2025-04-24T10:20:00.000+0000,1174974.7214112596,1046624.7410552996,1038477.888083027,936142.9360938483,936142.9360938483,1257183.571943912,1059587.649664376
2025-04-24T10:30:00.000+0000,1174580.1452748997,1046624.7410552996,1036984.813422841,936142.9360938483,936142.9360938483,1256576.118515736,1059587.649664376
2025-04-24T10:40:00.000+0000,1175482.0335865796,1046624.7410552996,1038248.1557900843,936142.9360938483,936142.9360938483,1257964.583494424,1059587.649664376
2025-04-24T10:50:00.000+0000,1175594.7696255397,1046624.7410552996,1037889.1367478303,936142.9360938483,936142.9360938483,1258138.1416167598,1059587.649664376
2025-04-24T11:00:00.000+0000,1174354.6731969796,1046624.7410552996,1036924.1293951005,936142.9360938483,936142.9360938483,1256229.0022710639,1059587.649664376
2025-04-24T11:10:00.000+0000,1174298.3051774995,1046624.7410552996,1036137.7418619634,936142.9360938483,936142.9360938483,1256142.223209896,1059587.649664376
2025-04-24T11:20:00.000+0000,1174861.9853722996,1046624.7410552996,1036394.8040130702,936142.9360938483,936142.9360938483,1257010.013821576,1059587.649664376
2025-04-24T11:30:00.000+0000,1175538.4016060596,1046624.7410552996,1036258.4629316684,936142.9360938483,936142.9360938483,1258051.3625555919,1059587.649664376
2025-04-24T11:40:00.000+0000,1175256.5615086597,1046624.7410552996,1036397.5348731632,936142.9360938483,936142.9360938483,1257617.467249752,1059587.649664376
2025-04-24T11:50:00.000+0000,1175594.7696255397,1046624.7410552996,1039949.9118197709,936142.9360938483,936142.9360938483,1258138.1416167598,1059587.649664376
2025-04-24T12:00:00.000+0000,1175143.8254696997,1046624.7410552996,1039169.6831534693,936142.9360938483,936142.9360938483,1257443.9091274159,1059587.649664376
2025-04-24T12:10:00.000+0000,1175143.8254696997,1046624.7410552996,1039000.7721265667,936142.9360938483,936142.9360938483,1257443.9091274159,1059587.649664376
2025-04-24T12:20:00.000+0000,1175087.4574502197,1046624.7410552996,1042200.0340150889,936142.9360938483,936142.9360938483,1257357.130066248,1059587.649664376
2025-04-24T12:30:00.000+0000,1174974.7214112596,1046624.7410552996,1042179.0755526859,936142.9360938483,936142.9360938483,1257183.571943912,1059587.649664376
2025-04-24T12:40:00.000+0000,1175425.6655670996,1046624.7410552996,1042692.0537817213,936142.9360938483,936142.9360938483,1257877.804433256,1059587.649664376
2025-04-24T12:50:00.000+0000,1175820.2417034595,1046624.7410552996,1043143.5063989449,936142.9360938483,936142.9360938483,1258485.257861432,1059587.649664376
2025-04-24T13:00:00.000+0000,1176496.6579372196,1046624.7410552996,1043711.9591353252,936142.9360938483,936142.9360938483,1259526.606595448,1059587.649664376
2025-04-24T13:10:00.000+0000,1171875.5168497798,175637.6383552997,1044166.4982821969,936142.9360938483,936142.9360938483,1254453.214799304,128344.59164437608
2025-04-24T13:20:00.000+0000,1171086.3645770599,1042285.4400652598,1045038.2007405958,936142.9360938483,936142.9360938483,1253238.3079429523,1054948.1531740723
2025-04-24T13:30:00.000+0000,1171537.3087328998,1042285.4400652598,1046994.2671348545,936142.9360938483,936142.9360938483,1253932.5404322962,1054948.1531740723
2025-04-24T13:40:00.000+0000,1170297.2123043397,1042285.4400652598,1042811.9991946983,936142.9360938483,936142.9360938483,1252023.4010866003,1054948.1531740723
2025-04-24T13:50:00.000+0000,1169959.0041874598,1042285.4400652598,1041536.300236712,936142.9360938483,936142.9360938483,1251502.7267195922,1054948.1531740723
2025-04-24T14:00:00.000+0000,1170522.6843822598,1042285.4400652598,1046218.838974784,936142.9360938483,936142.9360938483,1252370.5173312724,1054948.1531740723
2025-04-24T14:10:00.000+0000,1170071.7402264199,1042285.4400652598,1048751.8244020853,936142.9360938483,936142.9360938483,1251676.2848419284,1054948.1531740723
2025-04-24T14:20:00.000+0000,1169169.8519147397,1042285.4400652598,1044833.9521973296,936142.9360938483,936142.9360938483,1250287.8198632402,1054948.1531740723
2025-04-24T14:30:00.000+0000,1170466.3163627798,1042285.4400652598,1047453.5668755935,936142.9360938483,936142.9360938483,1252283.7382701044,1054948.1531740723
2025-04-24T14:40:00.000+0000,1170635.42042122,1042285.4400652598,1049773.9422473817,936142.9360938483,936142.9360938483,1252544.0754536083,1054948.1531740723
2025-04-24T14:50:00.000+0000,1171255.4686354997,1042285.4400652598,1050564.812973409,936142.9360938483,936142.9360938483,1253498.6451264562,1054948.1531740723
2025-04-24T15:00:00.000+0000,1171368.2046744598,1042285.4400652598,1049921.8661318836,936142.9360938483,936142.9360938483,1253672.2032487923,1054948.1531740723
2025-04-24T15:10:00.000+0000,1173622.9254536598,1042285.4400652598,1054733.1322832098,936142.9360938483,936142.9360938483,1257143.3656955122,1054948.1531740723
2025-04-24T15:20:00.000+0000,1174355.7097068997,1042285.4400652598,1052454.4746859702,936142.9360938483,936142.9360938483,1258271.4934906962,1054948.1531740723
2025-04-24T15:30:00.000+0000,1173848.3975315797,1042285.4400652598,1051046.2887843265,936142.9360938483,936142.9360938483,1257490.4819401843,1054948.1531740723
2025-04-24T15:40:00.000+0000,1175764.9101938999,1042285.4400652598,1052172.5187060435,936142.9360938483,936142.9360938483,1260440.9700198963,1054948.1531740723
2025-04-24T15:50:00.000+0000,1175483.0700964998,1042285.4400652598,1050452.550098159,936142.9360938483,936142.9360938483,1260007.0747140562,1054948.1531740723
2025-04-24T16:00:00.000+0000,1175370.33405754,1042285.4400652598,1050629.0437075514,936142.9360938483,936142.9360938483,1259833.5165917203,1054948.1531740723
2025-04-24T16:10:00.000+0000,1176948.63860298,1042285.4400652598,1052043.8666012734,936142.9360938483,936142.9360938483,1262263.3303044243,1054948.1531740723
2025-04-24T16:20:00.000+0000,1176779.5345445399,1042285.4400652598,1053811.5869534772,936142.9360938483,936142.9360938483,1262002.9931209204,1054948.1531740723
2025-04-24T16:30:00.000+0000,1176892.2705835,883395.1359752597,1056656.8050688398,936092.6796792164,873322.4178038484,1262176.5512432563,1054948.1531740723
2025-04-24T16:40:00.000+0000,1183717.6915704596,883395.1359752597,1057503.2835072668,938462.6391536484,873322.4178038484,1263651.7952831122,1054948.1531740723
2025-04-24T16:50:00.000+0000,1183188.7288294598,1049089.2104865399,1056568.627965374,938832.9453215281,938832.9453215281,1261395.5396927444,1054948.1531740723
2025-04-24T17:00:00.000+0000,1181948.6324009,1049089.2104865399,1054306.8632191594,938832.9453215281,938832.9453215281,1259486.4003470482,1054948.1531740723
2025-04-24T17:10:00.000+0000,1180764.9039918198,1049089.2104865399,1048771.1575571988,938832.9453215281,938832.9453215281,1257664.0400625202,1054948.1531740723
2025-04-24T17:20:00.000+0000,1180144.8557775398,1049089.2104865399,1046351.8214913153,938832.9453215281,938832.9453215281,1256709.4703896723,1054948.1531740723
2025-04-24T17:30:00.000+0000,1179637.5436022198,1049089.2104865399,1049478.7696254347,938832.9453215281,938832.9453215281,1255928.4588391602,1054948.1531740723
2025-04-24T17:40:00.000+0000,1177664.6629204198,1049089.2104865399,1045484.7207018253,938832.9453215281,938832.9453215281,1252891.1916982802,1054948.1531740723
2025-04-24T17:50:00.000+0000,1177439.1908425,1049089.2104865399,1045037.6990060338,938832.9453215281,938832.9453215281,1252544.0754536083,1054948.1531740723
2025-04-24T18:00:00.000+0000,1179017.49538794,1049089.2104865399,1052344.135704787,938832.9453215281,938832.9453215281,1254973.8891663123,1054948.1531740723
2025-04-24T18:10:00.000+0000,1179750.2796411798,1049089.2104865399,1053543.9891903629,938832.9453215281,938832.9453215281,1256102.0169614963,1054948.1531740723
2025-04-24T18:20:00.000+0000,1179299.3354853399,1049089.2104865399,1053325.8319291056,938832.9453215281,938832.9453215281,1255407.7844721524,1054948.1531740723
2025-04-24T18:30:00.000+0000,1180201.2237970198,1049089.2104865399,1055464.7695080645,938832.9453215281,938832.9453215281,1256796.2494508403,1054948.1531740723
2025-04-24T18:40:00.000+0000,1180934.00805026,1049089.2104865399,1056291.2179219455,938832.9453215281,938832.9453215281,1257924.3772460243,1054948.1531740723
2025-04-24T18:50:00.000+0000,1179919.38369962,1049089.2104865399,1056797.1222606744,938832.9453215281,938832.9453215281,1256362.3541450002,1054948.1531740723
2025-04-24T19:00:00.000+0000,1179637.5436022198,1049089.2104865399,1055158.532952276,938832.9453215281,938832.9453215281,1255928.4588391602,1054948.1531740723
2025-04-24T19:10:00.000+0000,1179637.5436022198,1049089.2104865399,1053760.3137039428,938832.9453215281,938832.9453215281,1255928.4588391602,1054948.1531740723
2025-04-24T19:20:00.000+0000,1179975.7517191,1049089.2104865399,1054965.76187326,938832.9453215281,938832.9453215281,1256449.1332061682,1054948.1531740723
2025-04-24T19:30:00.000+0000,1179186.5994463798,1049089.2104865399,1056721.8787552803,938832.9453215281,938832.9453215281,1255234.2263498162,1054948.1531740723
2025-04-24T19:40:00.000+0000,1179130.2314268998,1049089.2104865399,1055990.7893568985,938832.9453215281,938832.9453215281,1255147.4472886482,1054948.1531740723
2025-04-24T19:50:00.000+0000,1178848.3913295,1049089.2104865399,1056879.737912359,938832.9453215281,938832.9453215281,1254713.5519828082,1054948.1531740723
2025-04-24T20:00:00.000+0000,1179242.9674658598,1049089.2104865399,1056268.5617860043,938832.9453215281,938832.9453215281,1255321.0054109842,1054948.1531740723
2025-04-24T20:10:00.000+0000,1178510.1832126197,1049089.2104865399,1057056.6753954603,938832.9453215281,938832.9453215281,1254192.8776158004,1054948.1531740723
2025-04-24T20:20:00.000+0000,1178341.07915418,1049089.2104865399,1056538.7157177837,938832.9453215281,938832.9453215281,1253932.5404322962,1054948.1531740723
2025-04-24T20:30:00.000+0000,1178341.07915418,1049089.2104865399,1056105.851720321,938832.9453215281,938832.9453215281,1253932.5404322962,1054948.1531740723
2025-04-24T20:40:00.000+0000,1178341.07915418,1049089.2104865399,1056006.3533768272,938832.9453215281,938832.9453215281,1253932.5404322962,1054948.1531740723
2025-04-24T20:50:00.000+0000,1178510.1832126197,1049089.2104865399,1056142.547302213,938832.9453215281,938832.9453215281,1254192.8776158004,1054948.1531740723
2025-04-24T21:00:00.000+0000,1178510.1832126197,1049089.2104865399,1055755.755619096,938832.9453215281,938832.9453215281,1254192.8776158004,1054948.1531740723
2025-04-24T21:10:00.000+0000,1178566.5512320998,1049089.2104865399,1055531.8023953976,938832.9453215281,938832.9453215281,1254279.6566769683,1054948.1531740723
2025-04-24T21:20:00.000+0000,1177664.6629204198,1049089.2104865399,1049410.2842710144,938832.9453215281,938832.9453215281,1252891.1916982802,1054948.1531740723
2025-04-24T21:30:00.000+0000,1177608.2949009398,1049089.2104865399,1050718.0023879337,938832.9453215281,938832.9453215281,1252804.4126371122,1054948.1531740723
2025-04-24T21:40:00.000+0000,1177608.2949009398,1049089.2104865399,1052207.3992651058,938832.9453215281,938832.9453215281,1252804.4126371122,1054948.1531740723
2025-04-24T21:50:00.000+0000,1178453.81519314,1049089.2104865399,1053404.487308262,938832.9453215281,938832.9453215281,1254106.0985546322,1054948.1531740723
2025-04-24T22:00:00.000+0000,1177890.13499834,1049089.2104865399,1052954.901466609,938832.9453215281,938832.9453215281,1253238.3079429523,1054948.1531740723
2025-04-24T22:10:00.000+0000,1178171.9750957398,1049089.2104865399,1055317.5416434852,938832.9453215281,938832.9453215281,1253672.2032487923,1054948.1531740723
2025-04-24T22:20:00.000+0000,1178341.07915418,1049089.2104865399,1055186.6330835547,938832.9453215281,938832.9453215281,1253932.5404322962,1054948.1531740723
2025-04-24T22:30:00.000+0000,1178792.0233100199,1049089.2104865399,1056355.449988597,938832.9453215281,938832.9453215281,1254626.7729216402,1054948.1531740723
2025-04-24T22:40:00.000+0000,1178002.8710373,1049089.2104865399,1053761.3404694512,938832.9453215281,938832.9453215281,1253411.8660652882,1054948.1531740723
2025-04-24T22:50:00.000+0000,1177664.6629204198,1049089.2104865399,1052928.5831083418,938832.9453215281,938832.9453215281,1252891.1916982802,1054948.1531740723
2025-04-24T23:00:00.000+0000,1178059.2390567798,1049089.2104865399,1053598.4685008563,938832.9453215281,938832.9453215281,1253498.6451264562,1054948.1531740723
2025-04-24T23:10:00.000+0000,1178735.6552905398,1049089.2104865399,1056257.84736003,938832.9453215281,938832.9453215281,1254539.9938604722,1054948.1531740723
2025-04-24T23:20:00.000+0000,1178735.6552905398,1049089.2104865399,1056130.1874920172,938832.9453215281,938832.9453215281,1254539.9938604722,1054948.1531740723
2025-04-24T23:30:00.000+0000,1179073.8634074198,1049089.2104865399,1060408.9535453704,938832.9453215281,938832.9453215281,1255060.6682274803,1054948.1531740723
2025-04-24T23:40:00.000+0000,1179355.70350482,1049089.2104865399,1061226.553217838,938832.9453215281,938832.9453215281,1255494.5635333203,1054948.1531740723
2025-04-24T23:50:00.000+0000,1189614.6830501799,1049089.2104865399,1060637.240105207,938832.9453215281,938832.9453215281,1271288.3526658963,1054948.1531740723
2025-04-25T00:00:00.000+0000,1186683.54603722,1049089.2104865399,1059983.5673281234,938832.9453215281,938832.9453215281,1266775.8414851602,1054948.1531740723
2025-04-25T00:10:00.000+0000,1187472.6983099398,1049089.2104865399,1058817.6254969544,938832.9453215281,938832.9453215281,1267990.7483415124,1054948.1531740723
2025-04-25T00:20:00.000+0000,1187980.0104852598,1049089.2104865399,1060451.8262376627,938832.9453215281,938832.9453215281,1268771.7598920243,1054948.1531740723
2025-04-25T00:30:00.000+0000,1187134.49019306,1049089.2104865399,1060483.3155186116,938832.9453215281,938832.9453215281,1267470.0739745041,1054948.1531740723
2025-04-25T00:40:00.000+0000,1185894.3937644998,1049089.2104865399,1061634.5649442887,938832.9453215281,938832.9453215281,1265560.9346288084,1054948.1531740723
2025-04-25T00:50:00.000+0000,1185894.3937644998,1049089.2104865399,1061179.3777206312,938832.9453215281,938832.9453215281,1265560.9346288084,1054948.1531740723
2025-04-25T01:00:00.000+0000,1185725.28970606,1049089.2104865399,1062026.9121589984,938832.9453215281,938832.9453215281,1265300.5974453043,1054948.1531740723
2025-04-25T01:10:00.000+0000,1187078.1221735799,1049089.2104865399,1063926.734309373,938832.9453215281,938832.9453215281,1267383.2949133362,1054948.1531740723
2025-04-25T01:20:00.000+0000,1186852.6500956598,1049089.2104865399,1060792.201446462,938832.9453215281,938832.9453215281,1267036.1786686643,1054948.1531740723
2025-04-25T01:30:00.000+0000,1186796.28207618,1049089.2104865399,1059916.3527024467,938832.9453215281,938832.9453215281,1266949.3996074963,1054948.1531740723
2025-04-25T01:40:00.000+0000,1187134.49019306,1049089.2104865399,1061320.394446917,938832.9453215281,938832.9453215281,1267470.0739745041,1054948.1531740723
2025-04-25T01:50:00.000+0000,1185894.3937644998,1049089.2104865399,1060157.1778507284,938832.9453215281,938832.9453215281,1265560.9346288084,1054948.1531740723
2025-04-25T02:00:00.000+0000,1185781.65772554,1049089.2104865399,1059650.0730389203,938832.9453215281,938832.9453215281,1265387.3765064722,1054948.1531740723
2025-04-25T02:10:00.000+0000,1184823.4013943798,1049089.2104865399,1057473.4388146054,938832.9453215281,938832.9453215281,1263912.1324666163,1054948.1531740723
2025-04-25T02:20:00.000+0000,1183752.40902426,1049089.2104865399,1054837.3295679719,938832.9453215281,938832.9453215281,1262263.3303044243,1054948.1531740723
2025-04-25T02:30:00.000+0000,1183414.2009073799,1049089.2104865399,1053266.1714652795,938832.9453215281,938832.9453215281,1261742.6559374162,1054948.1531740723
2025-04-25T02:40:00.000+0000,1182286.8405177798,1049089.2104865399,1053056.5131603512,938832.9453215281,938832.9453215281,1260007.0747140562,1054948.1531740723
2025-04-25T02:50:00.000+0000,1180679.8726446275,653922.9506865399,1048396.9307190059,938832.9453215281,938832.9453215281,1257868.9960272051,634822.4237740715
2025-04-25T03:00:00.000+0000,1182201.8091705875,1048384.1309250674,1048608.5721113633,938832.9453215281,938832.9453215281,1260212.0306787412,1054198.5394659091
2025-04-25T03:10:00.000+0000,1184231.0578718674,1048384.1309250674,1051665.74116101,938832.9453215281,938832.9453215281,1263336.0768807891,1054198.5394659091
2025-04-25T03:20:00.000+0000,1183780.1137160272,1048384.1309250674,1051164.353506489,938832.9453215281,938832.9453215281,1262641.8443914452,1054198.5394659091
2025-04-25T03:30:00.000+0000,1184963.8421251073,1048384.1309250674,1051966.1412697001,938832.9453215281,938832.9453215281,1264464.2046759732,1054198.5394659091
2025-04-25T03:40:00.000+0000,1185245.6822225074,1048384.1309250674,1055277.779108019,938832.9453215281,938832.9453215281,1264898.0999818132,1054198.5394659091
2025-04-25T03:50:00.000+0000,1185076.5781640674,1048384.1309250674,1055391.195255569,938832.9453215281,938832.9453215281,1264637.762798309,1054198.5394659091
2025-04-25T04:00:00.000+0000,1184963.8421251073,1048384.1309250674,1054988.0419497793,938832.9453215281,938832.9453215281,1264464.2046759732,1054198.5394659091
2025-04-25T04:10:00.000+0000,1186091.2025147073,1048384.1309250674,1057241.3886911203,938832.9453215281,938832.9453215281,1266199.7858993332,1054198.5394659091
2025-04-25T04:20:00.000+0000,1186767.6187484674,1048384.1309250674,1055999.729781276,938832.9453215281,938832.9453215281,1267241.1346333493,1054198.5394659091
2025-04-25T04:30:00.000+0000,1186316.6745926274,1048384.1309250674,1054125.1297996473,938832.9453215281,938832.9453215281,1266546.902144005,1054198.5394659091
2025-04-25T04:40:00.000+0000,1186260.3065731474,1048384.1309250674,1055536.4199200699,938832.9453215281,938832.9453215281,1266460.123082837,1054198.5394659091
2025-04-25T04:50:00.000+0000,1185741.8433028674,329845.0187250674,1053625.5172555917,938606.1823487282,655379.2293215281,1266113.006838165,1054198.5394659091
2025-04-25T05:00:00.000+0000,1191472.3343395875,1053765.2627499474,1053636.750568683,940955.7272079281,940955.7272079281,1266199.7858993332,1054198.5394659091
2025-04-25T05:10:00.000+0000,1192599.6947291873,1053765.2627499474,1056033.7759911062,940955.7272079281,940955.7272079281,1267935.3671226932,1054198.5394659091
2025-04-25T05:20:00.000+0000,1193557.9510603473,1053765.2627499474,1056782.6351849867,940955.7272079281,940955.7272079281,1269410.6111625491,1054198.5394659091
2025-04-25T05:30:00.000+0000,1194121.6312551473,1053765.2627499474,1056011.0008782889,940955.7272079281,940955.7272079281,1270278.401774229,1054198.5394659091
2025-04-25T05:40:00.000+0000,1192317.8546317874,1053765.2627499474,1055447.623920674,940955.7272079281,940955.7272079281,1267501.4718168532,1054198.5394659091
2025-04-25T05:50:00.000+0000,1189950.3978136275,1053765.2627499474,1056753.13328407,940955.7272079281,940955.7272079281,1263856.7512477972,1054198.5394659091
2025-04-25T06:00:00.000+0000,1190232.2379110274,1053765.2627499474,1057194.027475901,940955.7272079281,940955.7272079281,1264290.646553637,1054198.5394659091
2025-04-25T06:10:00.000+0000,1189499.4536577873,1053765.2627499474,1058637.5533174274,940955.7272079281,940955.7272079281,1263162.5187584532,1054198.5394659091
2025-04-25T06:20:00.000+0000,1189555.8216772673,1053765.2627499474,1057833.277772131,940955.7272079281,940955.7272079281,1263249.2978196212,1054198.5394659091
2025-04-25T06:30:00.000+0000,1190119.5018720673,1053765.2627499474,1062053.3300073622,940955.7272079281,940955.7272079281,1264117.088431301,1054198.5394659091
2025-04-25T06:40:00.000+0000,1190683.1820668674,1053765.2627499474,1061874.3204724623,940955.7272079281,940955.7272079281,1264984.8790429812,1054198.5394659091
2025-04-25T06:50:00.000+0000,1191303.2302811474,1053765.2627499474,1063812.8478258536,940955.7272079281,940955.7272079281,1265939.448715829,1054198.5394659091
2025-04-25T07:00:00.000+0000,1190795.9181058274,1053765.2627499474,1065278.8000682641,940955.7272079281,940955.7272079281,1265158.4371653171,1054198.5394659091
2025-04-25T07:10:00.000+0000,1191528.7023590673,1053765.2627499474,1063964.8726999946,940955.7272079281,940955.7272079281,1266286.5649605012,1054198.5394659091
2025-04-25T07:20:00.000+0000,1191585.0703785473,1053765.2627499474,1061643.6356314856,940955.7272079281,940955.7272079281,1266373.3440216691,1054198.5394659091
2025-04-25T07:30:00.000+0000,1191979.6465149075,1053765.2627499474,1063046.9438136118,940955.7272079281,940955.7272079281,1266980.7974498451,1054198.5394659091
2025-04-25T07:40:00.000+0000,1191528.7023590673,1053765.2627499474,1063852.7025808597,940955.7272079281,940955.7272079281,1266286.5649605012,1054198.5394659091
2025-04-25T07:50:00.000+0000,1191641.4383980273,1053765.2627499474,1064635.7224273435,940955.7272079281,940955.7272079281,1266460.123082837,1054198.5394659091
2025-04-25T08:00:00.000+0000,1191979.6465149075,1053765.2627499474,1067230.0442339156,940955.7272079281,940955.7272079281,1266980.7974498451,1054198.5394659091
2025-04-25T08:10:00.000+0000,1192205.1185928273,1053765.2627499474,1066581.204676306,940955.7272079281,940955.7272079281,1267327.9136945172,1054198.5394659091
2025-04-25T08:20:00.000+0000,1191246.8622616674,1053765.2627499474,1067530.0015777657,940955.7272079281,940955.7272079281,1265852.669654661,1054198.5394659091
2025-04-25T08:30:00.000+0000,1190739.5500863474,1053765.2627499474,1066688.070909204,940955.7272079281,940955.7272079281,1265071.6581041492,1054198.5394659091
2025-04-25T08:40:00.000+0000,1190852.2861253074,1053765.2627499474,1066913.4481257743,940955.7272079281,940955.7272079281,1265245.216226485,1054198.5394659091
2025-04-25T08:50:00.000+0000,1192092.3825538673,1053765.2627499474,1066591.8995262065,940955.7272079281,940955.7272079281,1267154.355572181,1054198.5394659091
2025-04-25T09:00:00.000+0000,1191359.5983006274,1053765.2627499474,1063586.3009625035,940955.7272079281,940955.7272079281,1266026.227776997,1054198.5394659091
2025-04-25T09:10:00.000+0000,1191585.0703785473,1053765.2627499474,1062564.3811585961,940955.7272079281,940955.7272079281,1266373.3440216691,1054198.5394659091
2025-04-25T09:20:00.000+0000,1190175.8698915474,1053765.2627499474,1064185.5228140156,940955.7272079281,940955.7272079281,1264203.867492469,1054198.5394659091
2025-04-25T09:30:00.000+0000,1190119.5018720673,1053765.2627499474,1065279.1061492385,940955.7272079281,940955.7272079281,1264117.088431301,1054198.5394659091
2025-04-25T09:40:00.000+0000,1190119.5018720673,1053765.2627499474,1064733.6568567886,940955.7272079281,940955.7272079281,1264117.088431301,1054198.5394659091
2025-04-25T09:50:00.000+0000,1190119.5018720673,1053765.2627499474,1066573.7132044875,940955.7272079281,940955.7272079281,1264117.088431301,1054198.5394659091
2025-04-25T10:00:00.000+0000,1189612.1896967473,1053765.2627499474,1066816.1279867215,940955.7272079281,940955.7272079281,1263336.0768807891,1054198.5394659091
2025-04-25T10:10:00.000+0000,1189894.0297941472,1053765.2627499474,1067055.211274356,940955.7272079281,940955.7272079281,1263769.9721866292,1054198.5394659091
2025-04-25T10:20:00.000+0000,1190401.3419694675,1053765.2627499474,1067050.3986862483,940955.7272079281,940955.7272079281,1264550.9837371411,1054198.5394659091
2025-04-25T10:30:00.000+0000,1190175.8698915474,1053765.2627499474,1063109.0877490607,940955.7272079281,940955.7272079281,1264203.867492469,1054198.5394659091
2025-04-25T10:40:00.000+0000,1190119.5018720673,1053765.2627499474,1062563.7990091539,940955.7272079281,940955.7272079281,1264117.088431301,1054198.5394659091
2025-04-25T10:50:00.000+0000,1190175.8698915474,1053765.2627499474,1062340.9688037485,940955.7272079281,940955.7272079281,1264203.867492469,1054198.5394659091
2025-04-25T11:00:00.000+0000,1199702.0651836675,1053765.2627499474,1063802.3936304422,940955.7272079281,940955.7272079281,1278869.5288298612,1054198.5394659091
2025-04-25T11:10:00.000+0000,1203084.1463524674,1053765.2627499474,1066243.8843392045,940955.7272079281,940955.7272079281,1284076.272499941,1054198.5394659091
2025-04-25T11:20:00.000+0000,1204775.1869368674,1053765.2627499474,1067767.9315216653,940955.7272079281,940955.7272079281,1286679.6443349812,1054198.5394659091
2025-04-25T11:30:00.000+0000,1208495.4762225475,1053765.2627499474,1067785.396845916,940955.7272079281,940955.7272079281,1292407.062372069,1054198.5394659091
2025-04-25T11:40:00.000+0000,1208664.5802809873,1053765.2627499474,1069359.2488207137,940955.7272079281,940955.7272079281,1292667.399555573,1054198.5394659091
2025-04-25T11:50:00.000+0000,1206917.1716771075,1053765.2627499474,1070474.438140691,940955.7272079281,940955.7272079281,1289977.248659365,1054198.5394659091
2025-04-25T12:00:00.000+0000,1206691.6995991874,1053765.2627499474,1072221.3533124786,940955.7272079281,940955.7272079281,1289630.132414693,1054198.5394659091
2025-04-25T12:10:00.000+0000,1206973.5396965875,1053765.2627499474,1073643.9289995919,940955.7272079281,940955.7272079281,1290064.027720533,1054198.5394659091
2025-04-25T12:20:00.000+0000,1209453.7325537074,1053765.2627499474,1071889.0819968055,940955.7272079281,940955.7272079281,1293882.3064119252,1054198.5394659091
2025-04-25T12:30:00.000+0000,1208608.2122615073,1053765.2627499474,1071117.022873756,940955.7272079281,940955.7272079281,1292580.620494405,1054198.5394659091
2025-04-25T12:40:00.000+0000,1210017.4127485075,1053765.2627499474,1071723.2958021888,940955.7272079281,940955.7272079281,1294750.0970236051,1054198.5394659091
2025-04-25T12:50:00.000+0000,1205846.1793069874,1053765.2627499474,1067144.2266710056,940955.7272079281,940955.7272079281,1288328.446497173,1054198.5394659091
2025-04-25T13:00:00.000+0000,1206804.4356381474,1053765.2627499474,1066134.3833739872,940955.7272079281,940955.7272079281,1289803.6905370292,1054198.5394659091
2025-04-25T13:10:00.000+0000,1207424.4838524275,1053765.2627499474,1065276.2111684976,940955.7272079281,940955.7272079281,1290758.260209877,1054198.5394659091
2025-04-25T13:20:00.000+0000,1206804.4356381474,1053765.2627499474,1063739.4249148252,940955.7272079281,940955.7272079281,1289803.6905370292,1054198.5394659091
2025-04-25T13:30:00.000+0000,1206466.2275212673,1053765.2627499474,1061240.005980244,940955.7272079281,940955.7272079281,1289283.0161700211,1054198.5394659091
2025-04-25T13:40:00.000+0000,1209059.1564173475,1053765.2627499474,1066284.6961227707,940955.7272079281,940955.7272079281,1293274.8529837492,1054198.5394659091
2025-04-25T13:50:00.000+0000,1209791.9406705874,1053765.2627499474,1064493.249737301,940955.7272079281,940955.7272079281,1294402.980778933,1054198.5394659091
2025-04-25T14:00:00.000+0000,1209059.1564173475,1053765.2627499474,1067278.2590079303,940955.7272079281,940955.7272079281,1293274.8529837492,1054198.5394659091
2025-04-25T14:10:00.000+0000,1211482.9812549874,1053765.2627499474,1073564.3397811067,940955.7272079281,940955.7272079281,1297006.3526139732,1054198.5394659091
2025-04-25T14:20:00.000+0000,1209059.1564173475,1053765.2627499474,1069282.1492355396,940955.7272079281,940955.7272079281,1293274.8529837492,1054198.5394659091
2025-04-25T14:30:00.000+0000,1210693.8289822673,1053765.2627499474,1068997.9938832303,940955.7272079281,940955.7272079281,1295791.4457576212,1054198.5394659091
2025-04-25T14:40:00.000+0000,1212948.5497614674,1053765.2627499474,1073257.9560871609,940955.7272079281,940955.7272079281,1299262.608204341,1054198.5394659091
2025-04-25T14:50:00.000+0000,1214808.6944043073,1053765.2627499474,1078646.0755499685,940955.7272079281,940955.7272079281,1302126.317222885,1054198.5394659091
2025-04-25T15:00:00.000+0000,1214977.7984627474,1053765.2627499474,1077636.3381105163,940955.7272079281,940955.7272079281,1302386.6544063892,1054198.5394659091
2025-04-25T15:10:00.000+0000,1215259.6385601475,1053765.2627499474,1076105.4684237465,940955.7272079281,940955.7272079281,1302820.549712229,1054198.5394659091
2025-04-25T15:20:00.000+0000,1218979.9278458273,1053765.2627499474,1077597.254978993,940955.7272079281,940955.7272079281,1308547.9677493172,1054198.5394659091
2025-04-25T15:30:00.000+0000,1215992.4228133874,1053765.2627499474,1072689.8233648578,940955.7272079281,940955.7272079281,1303948.677507413,1054198.5394659091
2025-04-25T15:40:00.000+0000,1216048.7908328674,1053765.2627499474,1072909.4823331311,940955.7272079281,940955.7272079281,1304035.456568581,1054198.5394659091
2025-04-25T15:50:00.000+0000,1225631.3541444673,1053765.2627499474,1073138.6555136582,940955.7272079281,940955.7272079281,1318787.8969671412,1054198.5394659091
2025-04-25T16:00:00.000+0000,1230253.5317418273,1053765.2627499474,1071006.548729139,940955.7272079281,940955.7272079281,1325903.7799829172,1054198.5394659091
2025-04-25T16:10:00.000+0000,1226758.7145340673,1053765.2627499474,1066872.4476912953,940955.7272079281,940955.7272079281,1320523.4781905012,1054198.5394659091
2025-04-25T16:20:00.000+0000,1231042.6840145474,1053765.2627499474,1066784.146209481,940955.7272079281,940955.7272079281,1327118.686839269,1054198.5394659091
2025-04-25T16:30:00.000+0000,1232733.7245989474,1053765.2627499474,1069053.941391563,940955.7272079281,940955.7272079281,1329722.0586743092,1054198.5394659091
2025-04-25T16:40:00.000+0000,1233466.5088521873,1053765.2627499474,1071935.647371212,940955.7272079281,940955.7272079281,1330850.186469493,1054198.5394659091
2025-04-25T16:50:00.000+0000,1233635.6129106274,1053765.2627499474,1071021.3289901318,940955.7272079281,940955.7272079281,1331110.523652997,1054198.5394659091
2025-04-25T17:00:00.000+0000,1234142.9250859474,1053765.2627499474,1072687.2245830926,940955.7272079281,940955.7272079281,1331891.535203509,1054198.5394659091
2025-04-25T17:10:00.000+0000,1237412.2702157875,1053765.2627499474,1074033.968194323,940955.7272079281,940955.7272079281,1336924.7207512532,1054198.5394659091
2025-04-25T17:20:00.000+0000,1225462.2500860274,1053765.2627499474,1074319.1438910943,940955.7272079281,940955.7272079281,1318527.559783637,1054198.5394659091
2025-04-25T17:30:00.000+0000,1224109.4176185075,1053765.2627499474,1067271.6621339982,940955.7272079281,940955.7272079281,1316444.8623156052,1054198.5394659091
2025-04-25T17:40:00.000+0000,1219543.6080406273,1053765.2627499474,1061783.8009724722,940955.7272079281,940955.7272079281,1309415.758360997,1054198.5394659091
2025-04-25T17:50:00.000+0000,1214470.4862874274,1053765.2627499474,1062178.7316676178,940955.7272079281,940955.7272079281,1301605.642855877,1054198.5394659091
2025-04-25T18:00:00.000+0000,1214639.5903458674,1053765.2627499474,1063622.9800806213,940955.7272079281,940955.7272079281,1301865.9800393812,1054198.5394659091
2025-04-25T18:10:00.000+0000,1210975.6690796674,1053765.2627499474,1064635.4612401181,940955.7272079281,940955.7272079281,1296225.341063461,1054198.5394659091
2025-04-25T18:20:00.000+0000,1213624.9659952275,1053765.2627499474,1066460.5716321669,940955.7272079281,940955.7272079281,1300303.956938357,1054198.5394659091
2025-04-25T18:30:00.000+0000,1215992.4228133874,1053765.2627499474,1067419.0853749479,940955.7272079281,940955.7272079281,1303948.677507413,1054198.5394659091
2025-04-25T18:40:00.000+0000,1215146.9025211874,1053765.2627499474,1069454.371072099,940955.7272079281,940955.7272079281,1302646.9915898931,1054198.5394659091
2025-04-25T18:50:00.000+0000,1214639.5903458674,1053765.2627499474,1067067.8705480332,940955.7272079281,940955.7272079281,1301865.9800393812,1054198.5394659091
2025-04-25T19:00:00.000+0000,1212948.5497614674,1053765.2627499474,1067580.4647047329,940955.7272079281,940955.7272079281,1299262.608204341,1054198.5394659091
2025-04-25T19:10:00.000+0000,1213737.7020341875,1053765.2627499474,1066426.5672037858,940955.7272079281,940955.7272079281,1300477.515060693,1054198.5394659091
2025-04-25T19:20:00.000+0000,1213061.2858004274,1053765.2627499474,1066350.0624222234,940955.7272079281,940955.7272079281,1299436.1663266772,1054198.5394659091
2025-04-25T19:30:00.000+0000,1212779.4457030273,1053765.2627499474,1065972.5485537571,940955.7272079281,940955.7272079281,1299002.2710208371,1054198.5394659091
2025-04-25T19:40:00.000+0000,1213061.2858004274,1053765.2627499474,1066562.239577036,940955.7272079281,940955.7272079281,1299436.1663266772,1054198.5394659091
2025-04-25T19:50:00.000+0000,1215316.0065796273,1053765.2627499474,1067450.1141662085,940955.7272079281,940955.7272079281,1302907.3287733973,1054198.5394659091
2025-04-25T20:00:00.000+0000,1216161.5268718274,1053765.2627499474,1068325.6040212156,940955.7272079281,940955.7272079281,1304209.014690917,1054198.5394659091
2025-04-25T20:10:00.000+0000,1218867.1918068673,1053765.2627499474,1067383.436912713,940955.7272079281,940955.7272079281,1308374.4096269812,1054198.5394659091
2025-04-25T20:20:00.000+0000,1210242.8848264273,1053765.2627499474,1066953.3051257115,940955.7272079281,940955.7272079281,1295097.213268277,1054198.5394659091
2025-04-25T20:30:00.000+0000,1211144.7731381073,1053765.2627499474,1067756.8623921338,940955.7272079281,940955.7272079281,1296485.6782469652,1054198.5394659091
2025-04-25T20:40:00.000+0000,1210806.5650212273,1053765.2627499474,1067194.648660252,940955.7272079281,940955.7272079281,1295965.0038799571,1054198.5394659091
2025-04-25T20:50:00.000+0000,1210919.3010601874,1053765.2627499474,1068954.3902757533,940955.7272079281,940955.7272079281,1296138.562002293,1054198.5394659091
2025-04-25T21:00:00.000+0000,1209848.3086900674,1053765.2627499474,1068143.2930577998,940955.7272079281,940955.7272079281,1294489.759840101,1054198.5394659091
2025-04-25T21:10:00.000+0000,1210017.4127485075,1053765.2627499474,1068449.6073277323,940955.7272079281,940955.7272079281,1294750.0970236051,1054198.5394659091
2025-04-25T21:20:00.000+0000,1209904.6767095474,1053765.2627499474,1065722.1081826931,940955.7272079281,940955.7272079281,1294576.5389012692,1054198.5394659091
2025-04-25T21:30:00.000+0000,1210637.4609627873,1053765.2627499474,1065847.5649222955,940955.7272079281,940955.7272079281,1295704.666696453,1054198.5394659091
2025-04-25T21:40:00.000+0000,1208664.5802809873,1053765.2627499474,1062467.16299607,940955.7272079281,940955.7272079281,1292667.399555573,1054198.5394659091
2025-04-25T21:50:00.000+0000,1207762.6919693074,1053765.2627499474,1061292.9698564005,940955.7272079281,940955.7272079281,1291278.934576885,1054198.5394659091
2025-04-25T22:00:00.000+0000,1208439.1082030674,1053765.2627499474,1063604.8741559237,940955.7272079281,940955.7272079281,1292320.2833109011,1054198.5394659091
2025-04-25T22:10:00.000+0000,1209059.1564173475,1053765.2627499474,1063891.4853730092,940955.7272079281,940955.7272079281,1293274.8529837492,1054198.5394659091
2025-04-25T22:20:00.000+0000,1211144.7731381073,1053765.2627499474,1064634.7622243837,940955.7272079281,940955.7272079281,1296485.6782469652,1054198.5394659091
2025-04-25T22:30:00.000+0000,1211652.0853134273,1053765.2627499474,1065625.9643708249,940955.7272079281,940955.7272079281,1297266.689797477,1054198.5394659091
2025-04-25T22:40:00.000+0000,1212103.0294692675,1053765.2627499474,1067171.176678002,940955.7272079281,940955.7272079281,1297960.922286821,1054198.5394659091
2025-04-25T22:50:00.000+0000,1212892.1817419874,1053765.2627499474,1066183.8313521824,940955.7272079281,940955.7272079281,1299175.829143173,1054198.5394659091
2025-04-25T23:00:00.000+0000,1213174.0218393872,1053765.2627499474,1065307.8555648003,940955.7272079281,940955.7272079281,1299609.7244490131,1054198.5394659091
2025-04-25T23:10:00.000+0000,1213681.3340147075,1053765.2627499474,1065418.8884731813,940955.7272079281,940955.7272079281,1300390.735999525,1054198.5394659091
2025-04-25T23:20:00.000+0000,1213512.2299562674,1053765.2627499474,1063577.4791663503,940955.7272079281,940955.7272079281,1300130.3988160212,1054198.5394659091
2025-04-25T23:30:00.000+0000,1213794.0700536673,1053765.2627499474,1062648.2716708987,940955.7272079281,940955.7272079281,1300564.2941218612,1054198.5394659091
2025-04-25T23:40:00.000+0000,1214245.0142095073,1053765.2627499474,1063220.1344476736,940955.7272079281,940955.7272079281,1301258.5266112052,1054198.5394659091
2025-04-25T23:50:00.000+0000,1214583.2223263874,1053765.2627499474,1062697.9081392775,940955.7272079281,940955.7272079281,1301779.2009782132,1054198.5394659091
2025-04-26T00:00:00.000+0000,1214245.0142095073,1053765.2627499474,1063647.1933787717,940955.7272079281,940955.7272079281,1301258.5266112052,1054198.5394659091
2025-04-26T00:10:00.000+0000,1215203.2705406675,1053765.2627499474,1065118.2696560188,940955.7272079281,940955.7272079281,1302733.770651061,1054198.5394659091
2025-04-26T00:20:00.000+0000,1214414.1182679473,1053765.2627499474,1065703.5211726583,940955.7272079281,940955.7272079281,1301518.863794709,1054198.5394659091
2025-04-26T00:30:00.000+0000,1213004.9177809474,1053765.2627499474,1064419.6558730137,940955.7272079281,940955.7272079281,1299349.387265509,1054198.5394659091
2025-04-26T00:40:00.000+0000,1214075.9101510674,1053765.2627499474,1065311.1182076796,940955.7272079281,940955.7272079281,1300998.189427701,1054198.5394659091
2025-04-26T00:50:00.000+0000,1213512.2299562674,1053765.2627499474,1067778.6578866462,940955.7272079281,940955.7272079281,1300130.3988160212,1054198.5394659091
2025-04-26T01:00:00.000+0000,1211877.5573913474,1053765.2627499474,1065710.104301411,940955.7272079281,940955.7272079281,1297613.8060421492,1054198.5394659091
2025-04-26T01:10:00.000+0000,1213455.8619367874,1053765.2627499474,1067772.6504505717,940955.7272079281,940955.7272079281,1300043.6197548532,1054198.5394659091
2025-04-26T01:20:00.000+0000,1215316.0065796273,1053765.2627499474,1070501.634704506,940955.7272079281,940955.7272079281,1302907.3287733973,1054198.5394659091
2025-04-26T01:30:00.000+0000,1215485.1106380674,1053765.2627499474,1071691.4290935912,940955.7272079281,940955.7272079281,1303167.6659569012,1054198.5394659091
2025-04-26T01:40:00.000+0000,1218247.1435925874,1053765.2627499474,1072347.5733139971,940955.7272079281,940955.7272079281,1307419.8399541331,1054198.5394659091
2025-04-26T01:50:00.000+0000,1219036.2958653073,1053765.2627499474,1071991.3934129216,940955.7272079281,940955.7272079281,1308634.7468104851,1054198.5394659091
2025-04-26T02:00:00.000+0000,1221347.3846639874,1053765.2627499474,1070693.4591556771,940955.7272079281,940955.7272079281,1312192.6883183732,1054198.5394659091
2025-04-26T02:10:00.000+0000,1221460.1207029475,1053765.2627499474,1069264.4654443162,940955.7272079281,940955.7272079281,1312366.246440709,1054198.5394659091
2025-04-26T02:20:00.000+0000,1223996.6815795475,1053765.2627499474,1069913.4328412262,940955.7272079281,940955.7272079281,1316271.304193269,1054198.5394659091
2025-04-26T02:30:00.000+0000,1226476.8744366674,1053765.2627499474,1069673.5307471883,940955.7272079281,940955.7272079281,1320089.5828846612,1054198.5394659091
2025-04-26T02:40:00.000+0000,1227209.6586899073,1053765.2627499474,1071369.2222401632,940955.7272079281,940955.7272079281,1321217.7106798452,1054198.5394659091
2025-04-26T02:50:00.000+0000,1230479.0038197474,1053765.2627499474,1070633.689060398,940955.7272079281,940955.7272079281,1326250.896227589,1054198.5394659091
2025-04-26T03:00:00.000+0000,1230760.8439171473,1053765.2627499474,1069764.6670775772,940955.7272079281,940955.7272079281,1326684.7915334292,1054198.5394659091
2025-04-26T03:10:00.000+0000,1231493.6281703874,1053765.2627499474,1069224.6069154232,940955.7272079281,940955.7272079281,1327812.9193286132,1054198.5394659091
2025-04-26T03:20:00.000+0000,1228787.9632353473,1053765.2627499474,1066145.5423803101,940955.7272079281,940955.7272079281,1323647.5243925492,1054198.5394659091
2025-04-26T03:30:00.000+0000,1229858.9556054673,1053765.2627499474,1066630.1639678145,940955.7272079281,940955.7272079281,1325296.3265547412,1054198.5394659091
2025-04-26T03:40:00.000+0000,1231042.6840145474,1053765.2627499474,1066749.3610715521,940955.7272079281,940955.7272079281,1327118.686839269,1054198.5394659091
2025-04-26T03:50:00.000+0000,1226758.7145340673,1053765.2627499474,1065940.5768728205,940955.7272079281,940955.7272079281,1320523.4781905012,1054198.5394659091
2025-04-26T04:00:00.000+0000,1227266.0267093873,1053765.2627499474,1066504.7887162433,940955.7272079281,940955.7272079281,1321304.4897410132,1054198.5394659091
2025-04-26T04:10:00.000+0000,1227322.3947288673,1053765.2627499474,1067072.3870086006,940955.7272079281,940955.7272079281,1321391.2688021811,1054198.5394659091
2025-04-26T04:20:00.000+0000,1225744.0901834273,1053765.2627499474,1065084.98437388,940955.7272079281,940955.7272079281,1318961.4550894771,1054198.5394659091
2025-04-26T04:30:00.000+0000,1224447.6257353874,1053765.2627499474,1063373.6074605808,940955.7272079281,940955.7272079281,1316965.5366826132,1054198.5394659091
2025-04-26T04:40:00.000+0000,1224898.5698912274,1053765.2627499474,1064155.3941386016,940955.7272079281,940955.7272079281,1317659.7691719572,1054198.5394659091
2025-04-26T04:50:00.000+0000,1224109.4176185075,1053765.2627499474,1063098.4603112184,940955.7272079281,940955.7272079281,1316444.8623156052,1054198.5394659091
2025-04-26T05:00:00.000+0000,1224673.0978133073,1053765.2627499474,1062090.6191232686,940955.7272079281,940955.7272079281,1317312.652927285,1054198.5394659091
2025-04-26T05:10:00.000+0000,1225236.7780081073,1053765.2627499474,1061487.1461838656,940955.7272079281,940955.7272079281,1318180.4435389652,1054198.5394659091
2025-04-26T05:20:00.000+0000,1230140.7957028674,1053765.2627499474,1061647.5287785078,940955.7272079281,940955.7272079281,1325730.221860581,1054198.5394659091
2025-04-26T05:30:00.000+0000,1231099.0520340274,1053765.2627499474,1063979.597121425,940955.7272079281,940955.7272079281,1327205.465900437,1054198.5394659091
2025-04-26T05:40:00.000+0000,1230929.9479755873,1053765.2627499474,1064242.2890573167,940955.7272079281,940955.7272079281,1326945.128716933,1054198.5394659091
2025-04-26T05:50:00.000+0000,1231437.2601509073,1053765.2627499474,1065250.678608315,940955.7272079281,940955.7272079281,1327726.1402674452,1054198.5394659091
2025-04-26T06:00:00.000+0000,1230084.4276833874,1053765.2627499474,1065026.6956493268,940955.7272079281,940955.7272079281,1325643.442799413,1054198.5394659091
2025-04-26T06:10:00.000+0000,1228731.5952158675,1053765.2627499474,1065733.7813183893,940955.7272079281,940955.7272079281,1323560.7453313812,1054198.5394659091
2025-04-26T06:20:00.000+0000,1225518.6181055075,1053765.2627499474,1066010.3173595797,940955.7272079281,940955.7272079281,1318614.338844805,1054198.5394659091
2025-04-26T06:30:00.000+0000,1228787.9632353473,1053765.2627499474,1066690.6349479125,940955.7272079281,940955.7272079281,1323647.5243925492,1054198.5394659091
2025-04-26T06:40:00.000+0000,1231155.4200535074,1053765.2627499474,1067784.9917935617,940955.7272079281,940955.7272079281,1327292.2449616052,1054198.5394659091
2025-04-26T06:50:00.000+0000,1231099.0520340274,1053765.2627499474,1068416.1298886759,940955.7272079281,940955.7272079281,1327205.465900437,1054198.5394659091
2025-04-26T07:00:00.000+0000,1229408.0114496273,1053765.2627499474,1068671.4992132825,940955.7272079281,940955.7272079281,1324602.094065397,1054198.5394659091
2025-04-26T07:10:00.000+0000,1228675.2271963875,1053765.2627499474,1069602.3652301244,940955.7272079281,940955.7272079281,1323473.9662702132,1054198.5394659091
2025-04-26T07:20:00.000+0000,1228280.6510600273,1053765.2627499474,1069944.608287645,940955.7272079281,940955.7272079281,1322866.5128420372,1054198.5394659091
2025-04-26T07:30:00.000+0000,1229633.4835275474,1053765.2627499474,1069269.4042798572,940955.7272079281,940955.7272079281,1324949.2103100691,1054198.5394659091
2025-04-26T07:40:00.000+0000,1230140.7957028674,1053765.2627499474,1068084.5050222033,940955.7272079281,940955.7272079281,1325730.221860581,1054198.5394659091
2025-04-26T07:50:00.000+0000,1233015.5646963473,1053765.2627499474,1067001.8210528921,940955.7272079281,940955.7272079281,1330155.9539801492,1054198.5394659091
2025-04-26T08:00:00.000+0000,1228055.1789821074,1053765.2627499474,1066704.7985485713,940955.7272079281,940955.7272079281,1322519.3965973652,1054198.5394659091
2025-04-26T08:10:00.000+0000,1228618.8591769075,1053765.2627499474,1065139.580604242,940955.7272079281,940955.7272079281,1323387.187209045,1054198.5394659091
2025-04-26T08:20:00.000+0000,1231099.0520340274,1053765.2627499474,1067798.0465862467,940955.7272079281,940955.7272079281,1327205.465900437,1054198.5394659091
2025-04-26T08:30:00.000+0000,1229351.6434301473,1053765.2627499474,1070914.8160925645,940955.7272079281,940955.7272079281,1324515.315004229,1054198.5394659091
2025-04-26T08:40:00.000+0000,1229464.3794691074,1053765.2627499474,1065943.008680996,940955.7272079281,940955.7272079281,1324688.873126565,1054198.5394659091
2025-04-26T08:50:00.000+0000,1231099.0520340274,1053765.2627499474,1064707.0819346923,940955.7272079281,940955.7272079281,1327205.465900437,1054198.5394659091
2025-04-26T09:00:00.000+0000,1229013.4353132674,1053765.2627499474,1063398.8551077305,940955.7272079281,940955.7272079281,1323994.6406372213,1054198.5394659091
2025-04-26T09:10:00.000+0000,1230591.7398587074,1053765.2627499474,1064670.0542568467,940955.7272079281,940955.7272079281,1326424.454349925,1054198.5394659091
2025-04-26T09:20:00.000+0000,1229689.8515470275,1053765.2627499474,1063337.0552965356,940955.7272079281,940955.7272079281,1325035.989371237,1054198.5394659091
2025-04-26T09:30:00.000+0000,1226758.7145340673,1053765.2627499474,1059253.6105349576,940955.7272079281,940955.7272079281,1320523.4781905012,1054198.5394659091
2025-04-26T09:40:00.000+0000,1227040.5546314674,1053765.2627499474,1059183.8092272512,940955.7272079281,940955.7272079281,1320957.373496341,1054198.5394659091
2025-04-26T09:50:00.000+0000,1226589.6104756272,1053765.2627499474,1059937.950584993,940955.7272079281,940955.7272079281,1320263.141006997,1054198.5394659091
2025-04-26T10:00:00.000+0000,1225574.9861249875,177579.45966994754,1060339.5737631277,940679.8182356799,596069.5118979278,1318614.338844805,1054198.5394659091
2025-04-26T10:10:00.000+0000,1222852.869641378,1058089.148701338,1060837.1166431862,942657.7051992482,942657.7051992482,1307853.7352599732,1054198.5394659091
2025-04-26T10:20:00.000+0000,1225276.694479018,1058089.148701338,1061541.2382740057,942657.7051992482,942657.7051992482,1311585.2348901972,1054198.5394659091
2025-04-26T10:30:00.000+0000,1224994.854381618,1058089.148701338,1061789.8513167226,942657.7051992482,942657.7051992482,1311151.339584357,1054198.5394659091
2025-04-26T10:40:00.000+0000,1227587.783277698,1058089.148701338,1062175.8957458923,942657.7051992482,942657.7051992482,1315143.1763980852,1054198.5394659091
2025-04-26T10:50:00.000+0000,1227869.6233750982,1058089.148701338,1060585.3873176724,942657.7051992482,942657.7051992482,1315577.0717039253,1054198.5394659091
2025-04-26T11:00:00.000+0000,1227080.471102378,1058089.148701338,1059227.9134604216,942657.7051992482,942657.7051992482,1314362.1648475733,1054198.5394659091
2025-04-26T11:10:00.000+0000,1226798.631004978,1058089.148701338,1058602.1012154198,942657.7051992482,942657.7051992482,1313928.2695417332,1054198.5394659091
2025-04-26T11:20:00.000+0000,1224318.4381478583,1058089.148701338,1056652.2786369799,942657.7051992482,942657.7051992482,1310109.990850341,1054198.5394659091
2025-04-26T11:30:00.000+0000,1223529.2858751381,1058089.148701338,1056104.4906054046,942657.7051992482,942657.7051992482,1308895.083993989,1054198.5394659091
2025-04-26T11:40:00.000+0000,1222401.925485538,1058089.148701338,1054081.8423609254,942657.7051992482,942657.7051992482,1307159.5027706292,1054198.5394659091
2025-04-26T11:50:00.000+0000,1221612.7732128182,1058089.148701338,1053264.4353819508,942657.7051992482,942657.7051992482,1305944.5959142772,1054198.5394659091
2025-04-26T12:00:00.000+0000,1222965.605680338,1058089.148701338,1055335.426883473,942657.7051992482,942657.7051992482,1308027.2933823091,1054198.5394659091
2025-04-26T12:10:00.000+0000,1222176.4534076182,1058089.148701338,1056893.6765357042,942657.7051992482,942657.7051992482,1306812.3865259571,1054198.5394659091
2025-04-26T12:20:00.000+0000,1219978.1006478982,1058089.148701338,1056525.2949713161,942657.7051992482,942657.7051992482,1303428.003140405,1054198.5394659091
2025-04-26T12:30:00.000+0000,1219358.052433618,1058089.148701338,1057041.416294061,942657.7051992482,942657.7051992482,1302473.4334675572,1054198.5394659091
2025-04-26T12:40:00.000+0000,1219808.996589458,1058089.148701338,1056229.763201003,942657.7051992482,942657.7051992482,1303167.6659569012,1054198.5394659091
2025-04-26T12:50:00.000+0000,1219583.524511538,1058089.148701338,1055609.4877431716,942657.7051992482,942657.7051992482,1302820.549712229,1054198.5394659091
2025-04-26T13:00:00.000+0000,1220034.4686673782,1058089.148701338,1056093.680221721,942657.7051992482,942657.7051992482,1303514.782201573,1054198.5394659091
2025-04-26T13:10:00.000+0000,1220654.516881658,1058089.148701338,1056019.1118812424,942657.7051992482,942657.7051992482,1304469.3518744211,1054198.5394659091
2025-04-26T13:20:00.000+0000,1224149.334089418,1058089.148701338,1054553.859173283,942657.7051992482,942657.7051992482,1309849.6536668371,1054198.5394659091
2025-04-26T13:30:00.000+0000,1223416.549836178,1058089.148701338,1053603.3659665124,942657.7051992482,942657.7051992482,1308721.525871653,1054198.5394659091
2025-04-26T13:40:00.000+0000,1222401.925485538,1058089.148701338,1051679.7593675843,942657.7051992482,942657.7051992482,1307159.5027706292,1054198.5394659091
2025-04-26T13:50:00.000+0000,1222055.582340058,449497.67190133804,1054358.910167043,941879.4291932486,703562.1031992486,1308114.072443477,1054198.5394659091
2025-04-26T14:00:00.000+0000,1222908.846282378,1057750.5492059782,1054215.1143424516,942524.6805788483,942524.6805788483,1308461.1886881492,1054198.5394659091
2025-04-26T14:10:00.000+0000,1220879.5975810983,1057750.5492059782,1054192.5976089712,942524.6805788483,942524.6805788483,1305337.142486101,1054198.5394659091
2025-04-26T14:20:00.000+0000,1219921.3412499381,1057750.5492059782,1054033.7684740862,942524.6805788483,942524.6805788483,1303861.8984462451,1054198.5394659091
2025-04-26T14:30:00.000+0000,1221668.7498538182,1057750.5492059782,1056590.5088561508,942524.6805788483,942524.6805788483,1306552.049342453,1054198.5394659091
2025-04-26T14:40:00.000+0000,1221837.853912258,1057750.5492059782,1057034.5520083038,942524.6805788483,942524.6805788483,1306812.3865259571,1054198.5394659091
2025-04-26T14:50:00.000+0000,1222063.3259901782,1057750.5492059782,1056904.5335478743,942524.6805788483,942524.6805788483,1307159.5027706292,1054198.5394659091
2025-04-26T15:00:00.000+0000,1223810.7345940582,1057750.5492059782,1057469.140177283,942524.6805788483,942524.6805788483,1309849.6536668371,1054198.5394659091
2025-04-26T15:10:00.000+0000,1223641.6305356182,1057750.5492059782,1058335.4058394656,942524.6805788483,942524.6805788483,1309589.3164833332,1054198.5394659091
2025-04-26T15:20:00.000+0000,1224374.4147888583,1057750.5492059782,1058380.9303273384,942524.6805788483,942524.6805788483,1310717.444278517,1054198.5394659091
2025-04-26T15:30:00.000+0000,1224938.0949836583,1057750.5492059782,1059729.8280328326,942524.6805788483,942524.6805788483,1311585.2348901972,1054198.5394659091
2025-04-26T15:40:00.000+0000,1225896.3513148183,1057750.5492059782,1059665.2978981205,942524.6805788483,942524.6805788483,1313060.478930053,1054198.5394659091
2025-04-26T15:50:00.000+0000,1224430.7828083383,1057750.5492059782,1061081.1987735166,942524.6805788483,942524.6805788483,1310804.2233396852,1054198.5394659091
2025-04-26T16:00:00.000+0000,1224374.4147888583,1057750.5492059782,1058964.9505445994,942524.6805788483,942524.6805788483,1310717.444278517,1054198.5394659091
2025-04-26T16:10:00.000+0000,1224911.2432950183,178665.64620597826,1059270.2994065469,942248.3112764482,597063.0525788482,1310891.0024008532,1054198.5394659091
2025-04-26T16:20:00.000+0000,1247337.729341737,1080488.391680937,1060450.1885355618,951460.1699891681,951460.1699891681,1311064.5605231891,1054198.5394659091
2025-04-26T16:30:00.000+0000,1245533.952718377,1080488.391680937,1059474.5101837504,951460.1699891681,951460.1699891681,1308287.6305658133,1054198.5394659091
2025-04-26T16:40:00.000+0000,1245308.480640457,1080488.391680937,1057638.5923681124,951460.1699891681,951460.1699891681,1307940.5143211412,1054198.5394659091
2025-04-26T16:50:00.000+0000,1244857.536484617,1080488.391680937,1059339.0886777812,951460.1699891681,951460.1699891681,1307246.2818317972,1054198.5394659091
2025-04-26T17:00:00.000+0000,1245815.792815777,1080488.391680937,1059979.3756750943,951460.1699891681,951460.1699891681,1308721.525871653,1054198.5394659091
2025-04-26T17:10:00.000+0000,1245759.424796297,1080488.391680937,1059515.314803913,951460.1699891681,951460.1699891681,1308634.7468104851,1054198.5394659091
2025-04-26T17:20:00.000+0000,1246604.9450884971,1080488.391680937,1059889.618300958,951460.1699891681,951460.1699891681,1309936.432728005,1054198.5394659091
2025-04-26T17:30:00.000+0000,1244913.904504097,1080488.391680937,1060949.504657001,951460.1699891681,951460.1699891681,1307333.0608929652,1054198.5394659091
2025-04-26T17:40:00.000+0000,1245026.6405430571,1080488.391680937,1060939.6077049207,951460.1699891681,951460.1699891681,1307506.619015301,1054198.5394659091
2025-04-26T17:50:00.000+0000,1244293.856289817,1080488.391680937,1060483.6276719803,951460.1699891681,951460.1699891681,1306378.491220117,1054198.5394659091
2025-04-26T18:00:00.000+0000,1244632.064406697,1080488.391680937,1059736.4819359663,951460.1699891681,951460.1699891681,1306899.165587125,1054198.5394659091
2025-04-26T18:10:00.000+0000,1243279.231939177,1080488.391680937,1059408.757317008,951460.1699891681,951460.1699891681,1304816.4681190932,1054198.5394659091
2025-04-26T18:20:00.000+0000,1243335.599958657,1080488.391680937,1059883.171856071,951460.1699891681,951460.1699891681,1304903.2471802612,1054198.5394659091
2025-04-26T18:30:00.000+0000,1244293.856289817,1080488.391680937,1060859.4875710183,951460.1699891681,951460.1699891681,1306378.491220117,1054198.5394659091
2025-04-26T18:40:00.000+0000,1244293.856289817,1080488.391680937,1060379.4982015053,951460.1699891681,951460.1699891681,1306378.491220117,1054198.5394659091
2025-04-26T18:50:00.000+0000,1243504.7040170971,1080488.391680937,1058680.57248629,951460.1699891681,951460.1699891681,1305163.584363765,1054198.5394659091
2025-04-26T19:00:00.000+0000,1243222.863919697,1080488.391680937,1058102.8285208736,951460.1699891681,951460.1699891681,1304729.6890579253,1054198.5394659091
2025-04-26T19:10:00.000+0000,1241757.295413217,1080488.391680937,1057771.2537795568,951460.1699891681,951460.1699891681,1302473.4334675572,1054198.5394659091
2025-04-26T19:20:00.000+0000,1241475.4553158171,1080488.391680937,1058925.9454222962,951460.1699891681,951460.1699891681,1302039.5381617171,1054198.5394659091
2025-04-26T19:30:00.000+0000,1241870.031452177,1080488.391680937,1059395.3819915294,951460.1699891681,951460.1699891681,1302646.9915898931,1054198.5394659091
2025-04-26T19:40:00.000+0000,1242941.023822297,1080488.391680937,1060380.7640653525,951460.1699891681,951460.1699891681,1304295.7937520852,1054198.5394659091
2025-04-26T19:50:00.000+0000,1243053.759861257,1080488.391680937,1061301.273472077,951460.1699891681,951460.1699891681,1304469.3518744211,1054198.5394659091
2025-04-26T20:00:00.000+0000,1242151.871549577,1080488.391680937,1062888.7042152137,951460.1699891681,951460.1699891681,1303080.8868957332,1054198.5394659091
2025-04-26T20:10:00.000+0000,1242715.551744377,1080488.391680937,1061493.7666135407,951460.1699891681,951460.1699891681,1303948.677507413,1054198.5394659091
2025-04-26T20:20:00.000+0000,1242264.607588537,1080488.391680937,1060658.154291207,951460.1699891681,951460.1699891681,1303254.4450180691,1054198.5394659091
2025-04-26T20:30:00.000+0000,1241249.983237897,1080488.391680937,1060609.8155861257,951460.1699891681,951460.1699891681,1301692.421917045,1054198.5394659091
2025-04-26T20:40:00.000+0000,1241193.615218417,1080488.391680937,1060751.5396004182,951460.1699891681,951460.1699891681,1301605.642855877,1054198.5394659091
2025-04-26T20:50:00.000+0000,1240968.143140497,1080488.391680937,1058569.8580001188,951460.1699891681,951460.1699891681,1301258.5266112052,1054198.5394659091
2025-04-26T21:00:00.000+0000,1241306.351257377,1080488.391680937,1059105.063774857,951460.1699891681,951460.1699891681,1301779.2009782132,1054198.5394659091
2025-04-26T21:10:00.000+0000,1242039.135510617,1080488.391680937,1060566.9640796338,951460.1699891681,951460.1699891681,1302907.3287733973,1054198.5394659091
2025-04-26T21:20:00.000+0000,1241757.295413217,1080488.391680937,1060491.799120035,951460.1699891681,951460.1699891681,1302473.4334675572,1054198.5394659091
2025-04-26T21:30:00.000+0000,1242433.711646977,1080488.391680937,1061037.415368216,951460.1699891681,951460.1699891681,1303514.782201573,1054198.5394659091
2025-04-26T21:40:00.000+0000,1242264.607588537,1080488.391680937,1061419.789785786,951460.1699891681,951460.1699891681,1303254.4450180691,1054198.5394659091
2025-04-26T21:50:00.000+0000,1241982.7674911371,1080488.391680937,1060731.3356089427,951460.1699891681,951460.1699891681,1302820.549712229,1054198.5394659091
2025-04-26T22:00:00.000+0000,1243110.127880737,1080488.391680937,1061599.712457213,951460.1699891681,951460.1699891681,1304556.130935589,1054198.5394659091
2025-04-26T22:10:00.000+0000,1244462.960348257,1080488.391680937,1064352.9759545,951460.1699891681,951460.1699891681,1306638.8284036212,1054198.5394659091
2025-04-26T22:20:00.000+0000,1245308.480640457,1080488.391680937,1065454.9470048724,951460.1699891681,951460.1699891681,1307940.5143211412,1054198.5394659091
2025-04-26T22:30:00.000+0000,1245139.376582017,1080488.391680937,1065506.320245361,951460.1699891681,951460.1699891681,1307680.177137637,1054198.5394659091
2025-04-26T22:40:00.000+0000,1246323.104991097,1080488.391680937,1066268.3264157486,951460.1699891681,951460.1699891681,1309502.5374221653,1054198.5394659091
2025-04-26T22:50:00.000+0000,1246604.9450884971,1080488.391680937,1063957.151403825,951460.1699891681,951460.1699891681,1309936.432728005,1054198.5394659091
2025-04-26T23:00:00.000+0000,1246379.473010577,1080488.391680937,1064490.9926741298,951460.1699891681,951460.1699891681,1309589.3164833332,1054198.5394659091
2025-04-26T23:10:00.000+0000,1246774.049146937,1080488.391680937,1063278.9484982493,951460.1699891681,951460.1699891681,1310196.769911509,1054198.5394659091
2025-04-26T23:20:00.000+0000,1246435.841030057,1080488.391680937,1064473.9449135326,951460.1699891681,951460.1699891681,1309676.0955445012,1054198.5394659091
2025-04-26T23:30:00.000+0000,1245421.216679417,1080488.391680937,1063711.5324297168,951460.1699891681,951460.1699891681,1308114.072443477,1054198.5394659091
2025-04-26T23:40:00.000+0000,1245590.320737857,1080488.391680937,1063870.2865154757,951460.1699891681,951460.1699891681,1308374.4096269812,1054198.5394659091
2025-04-26T23:50:00.000+0000,1245703.056776817,1080488.391680937,1064705.1652754648,951460.1699891681,951460.1699891681,1308547.9677493172,1054198.5394659091
2025-04-27T00:00:00.000+0000,1245252.112620977,1080488.391680937,1064753.7730735333,951460.1699891681,951460.1699891681,1307853.7352599732,1054198.5394659091
2025-04-27T00:10:00.000+0000,1245872.160835257,1080488.391680937,1068736.4898019654,951460.1699891681,951460.1699891681,1308808.304932821,1054198.5394659091
2025-04-27T00:20:00.000+0000,1245252.112620977,1080488.391680937,1070854.3517928708,951460.1699891681,951460.1699891681,1307853.7352599732,1054198.5394659091
2025-04-27T00:30:00.000+0000,1245590.320737857,1080488.391680937,1071595.188045081,951460.1699891681,951460.1699891681,1308374.4096269812,1054198.5394659091
2025-04-27T00:40:00.000+0000,1246379.473010577,1080488.391680937,1071291.6536872466,951460.1699891681,951460.1699891681,1309589.3164833332,1054198.5394659091
2025-04-27T00:50:00.000+0000,1246154.0009326572,1080488.391680937,1071491.9966351027,951460.1699891681,951460.1699891681,1309242.2002386611,1054198.5394659091
2025-04-27T01:00:00.000+0000,1243955.648172937,1080488.391680937,1070746.3252764752,951460.1699891681,951460.1699891681,1305857.816853109,1054198.5394659091
2025-04-27T01:10:00.000+0000,1241870.031452177,1080488.391680937,1071513.5198171756,951460.1699891681,951460.1699891681,1302646.9915898931,1054198.5394659091
2025-04-27T01:20:00.000+0000,1236740.541679497,1080488.391680937,1064006.0017611845,951460.1699891681,951460.1699891681,1294750.0970236051,1054198.5394659091
2025-04-27T01:30:00.000+0000,1233036.5195374966,184842.0047309371,1056008.140685657,951460.1699891681,951460.1699891681,1289408.8706782681,126778.41017590878
2025-04-27T01:40:00.000+0000,1236959.9207535381,1084653.5321185782,1058101.9295410893,951460.1699891681,951460.1699891681,1292988.464730253,1058511.441454317
2025-04-27T01:50:00.000+0000,1236396.2405587381,1084653.5321185782,1052447.570863695,951460.1699891681,951460.1699891681,1292120.6741185728,1058511.441454317
2025-04-27T02:00:00.000+0000,1236508.9765976982,1084653.5321185782,1053701.0149463487,951460.1699891681,951460.1699891681,1292294.232240909,1058511.441454317
2025-04-27T02:10:00.000+0000,1236903.5527340581,1084653.5321185782,1057479.0848310003,951460.1699891681,951460.1699891681,1292901.685669085,1058511.441454317
2025-04-27T02:20:00.000+0000,1237185.3928314582,1084653.5321185782,1059431.0094916043,951460.1699891681,951460.1699891681,1293335.5809749248,1058511.441454317
2025-04-27T02:30:00.000+0000,1237467.2329288581,1084653.5321185782,1057533.7209737266,951460.1699891681,951460.1699891681,1293769.476280765,1058511.441454317
2025-04-27T02:40:00.000+0000,1237974.5451041781,1084653.5321185782,1053972.9608460725,951460.1699891681,951460.1699891681,1294550.487831277,1058511.441454317
2025-04-27T02:50:00.000+0000,1237805.4410457383,1084653.5321185782,1054652.5735342002,951460.1699891681,951460.1699891681,1294290.150647773,1058511.441454317
2025-04-27T03:00:00.000+0000,1237072.6567924982,1084653.5321185782,1057261.8267910266,951460.1699891681,951460.1699891681,1293162.022852589,1058511.441454317
2025-04-27T03:10:00.000+0000,1233183.2634483783,1084653.5321185782,1056986.6670410708,951460.1699891681,951460.1699891681,1287174.267631997,1058511.441454317
2025-04-27T03:20:00.000+0000,1233183.2634483783,1084653.5321185782,1054775.1300166012,951460.1699891681,951460.1699891681,1287174.267631997,1058511.441454317
2025-04-27T03:30:00.000+0000,1236565.3446171782,1084653.5321185782,1055174.5725667758,951460.1699891681,951460.1699891681,1292381.011302077,1058511.441454317
2025-04-27T03:40:00.000+0000,1236847.184714578,1084653.5321185782,1056377.1821314904,951460.1699891681,951460.1699891681,1292814.906607917,1058511.441454317
2025-04-27T03:50:00.000+0000,1236790.8166950983,1084653.5321185782,1055477.2648039637,951460.1699891681,951460.1699891681,1292728.127546749,1058511.441454317
2025-04-27T04:00:00.000+0000,1237241.7608509383,1084653.5321185782,1056663.1769118821,951460.1699891681,951460.1699891681,1293422.360036093,1058511.441454317
2025-04-27T04:10:00.000+0000,1238369.1212405383,1084653.5321185782,1057341.6984811667,951460.1699891681,951460.1699891681,1295157.941259453,1058511.441454317
2025-04-27T04:20:00.000+0000,1237185.3928314582,1084653.5321185782,1057122.4712868668,951460.1699891681,951460.1699891681,1293335.5809749248,1058511.441454317
2025-04-27T04:30:00.000+0000,1235945.2964028982,1084653.5321185782,1053688.1558251102,951460.1699891681,951460.1699891681,1291426.441629229,1058511.441454317
2025-04-27T04:40:00.000+0000,1235832.560363938,1084653.5321185782,1053412.4678068964,951460.1699891681,951460.1699891681,1291252.883506893,1058511.441454317
2025-04-27T04:50:00.000+0000,1235268.8801691383,1084653.5321185782,1052064.949334872,951460.1699891681,951460.1699891681,1290385.092895213,1058511.441454317
2025-04-27T05:00:00.000+0000,1235719.8243249783,1084653.5321185782,1052140.5878856105,951460.1699891681,951460.1699891681,1291079.325384557,1058511.441454317
2025-04-27T05:10:00.000+0000,1235888.9283834181,1084653.5321185782,1052719.4709487248,951460.1699891681,951460.1699891681,1291339.662568061,1058511.441454317
2025-04-27T05:20:00.000+0000,1234423.3598769382,1084653.5321185782,1047564.3935510837,951460.1699891681,951460.1699891681,1289083.4069776929,1058511.441454317
2025-04-27T05:30:00.000+0000,1234592.4639353782,1084653.5321185782,1048618.2754311464,951460.1699891681,951460.1699891681,1289343.744161197,1058511.441454317
2025-04-27T05:40:00.000+0000,1235099.7761106982,1084653.5321185782,1050668.7496253797,951460.1699891681,951460.1699891681,1290124.755711709,1058511.441454317
2025-04-27T05:50:00.000+0000,1234648.8319548583,1084653.5321185782,1050387.0118352084,951460.1699891681,951460.1699891681,1289430.523222365,1058511.441454317
2025-04-27T06:00:00.000+0000,1234930.6720522582,1084653.5321185782,1051503.1218216282,951460.1699891681,951460.1699891681,1289864.418528205,1058511.441454317
2025-04-27T06:10:00.000+0000,1235663.4563054983,1084653.5321185782,1052612.946434421,951460.1699891681,951460.1699891681,1290992.546323389,1058511.441454317
2025-04-27T06:20:00.000+0000,1236058.0324418582,1084653.5321185782,1052700.4786984127,951460.1699891681,951460.1699891681,1291599.999751565,1058511.441454317
2025-04-27T06:30:00.000+0000,1235325.248188618,1084653.5321185782,1053372.0309203072,951460.1699891681,951460.1699891681,1290471.871956381,1058511.441454317
2025-04-27T06:40:00.000+0000,1234930.6720522582,1084653.5321185782,1052211.4216375144,951460.1699891681,951460.1699891681,1289864.418528205,1058511.441454317
2025-04-27T06:50:00.000+0000,1235381.6162080981,1084653.5321185782,1052269.026111087,951460.1699891681,951460.1699891681,1290558.651017549,1058511.441454317
2025-04-27T07:00:00.000+0000,1235663.4563054983,1084653.5321185782,1053341.6059472882,951460.1699891681,951460.1699891681,1290992.546323389,1058511.441454317
2025-04-27T07:10:00.000+0000,1235719.8243249783,1084653.5321185782,1052402.6009362761,951460.1699891681,951460.1699891681,1291079.325384557,1058511.441454317
2025-04-27T07:20:00.000+0000,1236283.5045197783,1084653.5321185782,1054869.6396944735,951460.1699891681,951460.1699891681,1291947.115996237,1058511.441454317
2025-04-27T07:30:00.000+0000,1236396.2405587381,1084653.5321185782,1055088.3249467716,951460.1699891681,951460.1699891681,1292120.6741185728,1058511.441454317
2025-04-27T07:40:00.000+0000,1237467.2329288581,1084653.5321185782,1055691.3390419297,951460.1699891681,951460.1699891681,1293769.476280765,1058511.441454317
2025-04-27T07:50:00.000+0000,1237861.8090652183,1084653.5321185782,1055408.299732433,951460.1699891681,951460.1699891681,1294376.929708941,1058511.441454317
2025-04-27T08:00:00.000+0000,1239778.3217275382,1084653.5321185782,1055023.5887041804,951460.1699891681,951460.1699891681,1297327.417788653,1058511.441454317
2025-04-27T08:10:00.000+0000,1239214.6415327382,1084653.5321185782,1055874.4139109903,951460.1699891681,951460.1699891681,1296459.627176973,1058511.441454317
2025-04-27T08:20:00.000+0000,1240060.1618249381,1084653.5321185782,1057774.011709921,951460.1699891681,951460.1699891681,1297761.313094493,1058511.441454317
2025-04-27T08:30:00.000+0000,1240849.3140976583,1084653.5321185782,1058972.704947717,951460.1699891681,951460.1699891681,1298976.219950845,1058511.441454317
2025-04-27T08:40:00.000+0000,1240792.9460781782,1084653.5321185782,1059482.6800042198,951460.1699891681,951460.1699891681,1298889.440889677,1058511.441454317
2025-04-27T08:50:00.000+0000,1240229.2658833782,1084653.5321185782,1059508.467134135,951460.1699891681,951460.1699891681,1298021.650277997,1058511.441454317
2025-04-27T09:00:00.000+0000,1240905.6821171383,1084653.5321185782,1058743.8359612213,951460.1699891681,951460.1699891681,1299062.999012013,1058511.441454317
2025-04-27T09:10:00.000+0000,1239158.2735132582,1084653.5321185782,1058113.9471139743,951460.1699891681,951460.1699891681,1296372.848115805,1058511.441454317
2025-04-27T09:20:00.000+0000,1240792.9460781782,1084653.5321185782,1058419.2407622281,951460.1699891681,951460.1699891681,1298889.440889677,1058511.441454317
2025-04-27T09:30:00.000+0000,1240454.737961298,1084653.5321185782,1058519.1647180072,951460.1699891681,951460.1699891681,1298368.766522669,1058511.441454317
2025-04-27T09:40:00.000+0000,1241920.3064677783,1084653.5321185782,1059705.5675696204,951460.1699891681,951460.1699891681,1300625.022113037,1058511.441454317
2025-04-27T09:50:00.000+0000,1239552.8496496181,1084653.5321185782,1059474.4691803765,951460.1699891681,951460.1699891681,1296980.3015439808,1058511.441454317
2025-04-27T10:00:00.000+0000,1236452.6085782181,1084653.5321185782,1058896.1307421415,951460.1699891681,951460.1699891681,1292207.453179741,1058511.441454317
2025-04-27T10:10:00.000+0000,1237692.7050067782,1084653.5321185782,1058844.1641019855,951460.1699891681,951460.1699891681,1294116.592525437,1058511.441454317
2025-04-27T10:20:00.000+0000,1236001.6644223782,1084653.5321185782,1058010.8082526713,951460.1699891681,951460.1699891681,1291513.220690397,1058511.441454317
2025-04-27T10:30:00.000+0000,1235776.1923444583,1084653.5321185782,1057273.1957684094,951460.1699891681,951460.1699891681,1291166.104445725,1058511.441454317
2025-04-27T10:40:00.000+0000,1235212.5121496583,1084653.5321185782,1058021.2835981655,951460.1699891681,951460.1699891681,1290298.313834045,1058511.441454317
2025-04-27T10:50:00.000+0000,1234987.0400717382,1084653.5321185782,1058874.26397239,951460.1699891681,951460.1699891681,1289951.197589373,1058511.441454317
2025-04-27T11:00:00.000+0000,1234536.0959158982,1084653.5321185782,1057424.8783873809,951460.1699891681,951460.1699891681,1289256.965100029,1058511.441454317
2025-04-27T11:10:00.000+0000,1234479.7278964182,1084653.5321185782,1057212.044570576,951460.1699891681,951460.1699891681,1289170.186038861,1058511.441454317
2025-04-27T11:20:00.000+0000,1234930.6720522582,1084653.5321185782,1057436.0597062316,951460.1699891681,951460.1699891681,1289864.418528205,1058511.441454317
2025-04-27T11:30:00.000+0000,1234479.7278964182,1084653.5321185782,1057888.5015822593,951460.1699891681,951460.1699891681,1289170.186038861,1058511.441454317
2025-04-27T11:40:00.000+0000,1233803.3116626581,1084653.5321185782,1057573.6795114323,951460.1699891681,951460.1699891681,1288128.837304845,1058511.441454317
2025-04-27T11:50:00.000+0000,1234930.6720522582,1084653.5321185782,1056906.1358181373,951460.1699891681,951460.1699891681,1289864.418528205,1058511.441454317
2025-04-27T12:00:00.000+0000,1234592.4639353782,1084653.5321185782,1055623.3026676143,951460.1699891681,951460.1699891681,1289343.744161197,1058511.441454317
2025-04-27T12:10:00.000+0000,1234254.2558184983,1084653.5321185782,1055170.0309943159,951460.1699891681,951460.1699891681,1288823.069794189,1058511.441454317
2025-04-27T12:20:00.000+0000,1234705.1999743383,1084653.5321185782,1054292.4738809713,951460.1699891681,951460.1699891681,1289517.302283533,1058511.441454317
2025-04-27T12:30:00.000+0000,1233070.5274094183,1084653.5321185782,1052807.9590159205,951460.1699891681,951460.1699891681,1287000.709509661,1058511.441454317
2025-04-27T12:40:00.000+0000,1233521.4715652582,1084653.5321185782,1054339.510011435,951460.1699891681,951460.1699891681,1287694.941999005,1058511.441454317
2025-04-27T12:50:00.000+0000,1233070.5274094183,1084653.5321185782,1053520.8543211685,951460.1699891681,951460.1699891681,1287000.709509661,1058511.441454317
2025-04-27T13:00:00.000+0000,1229181.1340652981,1084653.5321185782,1050379.5217494753,951460.1699891681,951460.1699891681,1281012.954289069,1058511.441454317
2025-04-27T13:10:00.000+0000,1231041.2787081383,1084653.5321185782,1053090.5180181551,951460.1699891681,951460.1699891681,1283876.663307613,1058511.441454317
2025-04-27T13:20:00.000+0000,1230252.1264354181,1084653.5321185782,1053005.6029852754,951460.1699891681,951460.1699891681,1282661.756451261,1058511.441454317
2025-04-27T13:30:00.000+0000,1231604.9589029383,1084653.5321185782,1054429.5450459067,951460.1699891681,951460.1699891681,1284744.453919293,1058511.441454317
2025-04-27T13:40:00.000+0000,1232055.9030587783,1084653.5321185782,1056970.378097581,951460.1699891681,951460.1699891681,1285438.686408637,1058511.441454317
2025-04-27T13:50:00.000+0000,1231548.5908834583,1084653.5321185782,1056744.139738724,951460.1699891681,951460.1699891681,1284657.674858125,1058511.441454317
2025-04-27T14:00:00.000+0000,1231604.9589029383,1084653.5321185782,1057435.53785902,951460.1699891681,951460.1699891681,1284744.453919293,1058511.441454317
2025-04-27T14:10:00.000+0000,1232281.3751366981,1084653.5321185782,1056900.279812824,951460.1699891681,951460.1699891681,1285785.802653309,1058511.441454317
2025-04-27T14:20:00.000+0000,1232901.4233509782,1084653.5321185782,1059730.7154851742,951460.1699891681,951460.1699891681,1286740.372326157,1058511.441454317
2025-04-27T14:30:00.000+0000,1232337.7431561782,1084653.5321185782,1059491.0208493832,951460.1699891681,951460.1699891681,1285872.581714477,1058511.441454317
2025-04-27T14:40:00.000+0000,1231830.4309808582,1084653.5321185782,1058516.0449742582,951460.1699891681,951460.1699891681,1285091.570163965,1058511.441454317
2025-04-27T14:50:00.000+0000,1230703.0705912584,1084653.5321185782,1057920.1511385345,951460.1699891681,951460.1699891681,1283355.988940605,1058511.441454317
2025-04-27T15:00:00.000+0000,1229462.9741626983,1084653.5321185782,1055893.8205590798,951460.1699891681,951460.1699891681,1281446.849594909,1058511.441454317
2025-04-27T15:10:00.000+0000,1229913.9183185382,1084653.5321185782,1057312.2542531802,951460.1699891681,951460.1699891681,1282141.082084253,1058511.441454317
2025-04-27T15:20:00.000+0000,1229913.9183185382,1084653.5321185782,1055679.578569449,951460.1699891681,951460.1699891681,1282141.082084253,1058511.441454317
2025-04-27T15:30:00.000+0000,1229857.5502990582,1084653.5321185782,1056201.7445756143,951460.1699891681,951460.1699891681,1282054.303023085,1058511.441454317
2025-04-27T15:40:00.000+0000,1230646.702571778,1084653.5321185782,1056595.7722934484,951460.1699891681,951460.1699891681,1283269.209879437,1058511.441454317
2025-04-27T15:50:00.000+0000,1230703.0705912584,1084653.5321185782,1057182.64317933,951460.1699891681,951460.1699891681,1283355.988940605,1058511.441454317
2025-04-27T16:00:00.000+0000,1230928.5426691782,1084653.5321185782,1057396.1443717775,951460.1699891681,951460.1699891681,1283703.105185277,1058511.441454317
2025-04-27T16:10:00.000+0000,1231041.2787081383,1084653.5321185782,1056305.228929398,951460.1699891681,951460.1699891681,1283876.663307613,1058511.441454317
2025-04-27T16:20:00.000+0000,1230759.4386107381,1084653.5321185782,1055800.7914559995,951460.1699891681,951460.1699891681,1283442.768001773,1058511.441454317
2025-04-27T16:30:00.000+0000,1219145.6795386183,186032.1446385784,1054187.8466913207,951460.1699891681,951460.1699891681,1271218.476149437,128039.09577431701
2025-04-27T16:40:00.000+0000,1228346.479405498,1082635.149049698,1055252.4124304168,951460.1699891681,951460.1699891681,1280745.393073789,1056421.519954509
2025-04-27T16:50:00.000+0000,1227951.903269138,1082635.149049698,1055089.4994584478,951460.1699891681,951460.1699891681,1280137.939645613,1056421.519954509
2025-04-27T17:00:00.000+0000,1227782.7992106979,1082635.149049698,1055525.854966478,951460.1699891681,951460.1699891681,1279877.6024621092,1056421.519954509
2025-04-27T17:10:00.000+0000,1228628.319502898,1082635.149049698,1057339.0236664189,951460.1699891681,951460.1699891681,1281179.2883796291,1056421.519954509
2025-04-27T17:20:00.000+0000,1228628.319502898,1082635.149049698,1058582.0870109196,951460.1699891681,951460.1699891681,1281179.2883796291,1056421.519954509
2025-04-27T17:30:00.000+0000,1228008.271288618,1082635.149049698,1057335.8489504762,951460.1699891681,951460.1699891681,1280224.718706781,1056421.519954509
2025-04-27T17:40:00.000+0000,1228008.271288618,1082635.149049698,1058053.4453432942,951460.1699891681,951460.1699891681,1280224.718706781,1056421.519954509
2025-04-27T17:50:00.000+0000,1228402.847424978,1082635.149049698,1059127.3392994143,951460.1699891681,951460.1699891681,1280832.172134957,1056421.519954509
2025-04-27T18:00:00.000+0000,1228290.1113860179,1082635.149049698,1058372.9886143408,951460.1699891681,951460.1699891681,1280658.614012621,1056421.519954509
2025-04-27T18:10:00.000+0000,1228628.319502898,1082635.149049698,1060205.8729677226,951460.1699891681,951460.1699891681,1281179.2883796291,1056421.519954509
2025-04-27T18:20:00.000+0000,1229361.103756138,1082635.149049698,1061085.3440216999,951460.1699891681,951460.1699891681,1282307.4161748132,1056421.519954509
2025-04-27T18:30:00.000+0000,1229586.575834058,1082635.149049698,1061637.4252176909,951460.1699891681,951460.1699891681,1282654.532419485,1056421.519954509
2025-04-27T18:40:00.000+0000,1229812.0479119779,1082635.149049698,1063457.7677810336,951460.1699891681,951460.1699891681,1283001.6486641571,1056421.519954509
2025-04-27T18:50:00.000+0000,1229022.895639258,1082635.149049698,1062602.5612235134,951460.1699891681,951460.1699891681,1281786.7418078051,1056421.519954509
2025-04-27T19:00:00.000+0000,1228459.215444458,1082635.149049698,1062258.0898363953,951460.1699891681,951460.1699891681,1280918.951196125,1056421.519954509
2025-04-27T19:10:00.000+0000,1227544.355973418,976506.589129698,1061574.479610535,951460.1699891681,951460.1699891681,1279449.6953464448,946529.434714509
2025-04-27T19:20:00.000+0000,1224951.427077338,1082622.177890338,1061448.4806695725,951460.1699891681,951460.1699891681,1275525.218261789,1056408.088812589
2025-04-27T19:30:00.000+0000,1226078.787466938,1082622.177890338,1062480.6297630135,951460.1699891681,951460.1699891681,1277260.7994851489,1056408.088812589
2025-04-27T19:40:00.000+0000,1226642.467661738,1082622.177890338,1063060.2091411261,951460.1699891681,951460.1699891681,1278128.590096829,1056408.088812589
2025-04-27T19:50:00.000+0000,1227657.092012378,1082622.177890338,1063896.45238769,951460.1699891681,951460.1699891681,1279690.6131978529,1056408.088812589
2025-04-27T20:00:00.000+0000,1227318.883895498,1082622.177890338,1061811.053670926,951460.1699891681,951460.1699891681,1279169.938830845,1056408.088812589
2025-04-27T20:10:00.000+0000,1227544.355973418,1082622.177890338,1061551.6002320186,951460.1699891681,951460.1699891681,1279517.055075517,1056408.088812589
2025-04-27T20:20:00.000+0000,1228108.0361682181,1082622.177890338,1059732.9729956267,951460.1699891681,951460.1699891681,1280384.845687197,1056408.088812589
2025-04-27T20:30:00.000+0000,1228164.404187698,1082622.177890338,1060347.2225323196,951460.1699891681,951460.1699891681,1280471.624748365,1056408.088812589
2025-04-27T20:40:00.000+0000,1228784.452401978,1082622.177890338,1060023.2092055515,951460.1699891681,951460.1699891681,1281426.194421213,1056408.088812589
2025-04-27T20:50:00.000+0000,1228389.876265618,1082622.177890338,1059604.1539351258,951460.1699891681,951460.1699891681,1280818.740993037,1056408.088812589
2025-04-27T21:00:00.000+0000,1227487.987953938,1082622.177890338,1058219.749834876,951460.1699891681,951460.1699891681,1279430.276014349,1056408.088812589
2025-04-27T21:10:00.000+0000,1227093.411817578,1082622.177890338,1058360.4049892765,951460.1699891681,951460.1699891681,1278822.822586173,1056408.088812589
2025-04-27T21:20:00.000+0000,1227938.932109778,1082622.177890338,1060232.6659545628,951460.1699891681,951460.1699891681,1280124.508503693,1056408.088812589
2025-04-27T21:30:00.000+0000,1228502.612304578,1082622.177890338,1061254.268686629,951460.1699891681,951460.1699891681,1280992.299115373,1056408.088812589
2025-04-27T21:40:00.000+0000,1229009.924479898,1082622.177890338,1062370.1243090979,951460.1699891681,951460.1699891681,1281773.310665885,1056408.088812589
2025-04-27T21:50:00.000+0000,1229291.764577298,1082622.177890338,1061467.0869606053,951460.1699891681,951460.1699891681,1282207.2059717248,1056408.088812589
2025-04-27T22:00:00.000+0000,1228671.716363018,1082622.177890338,1056960.1179638896,951460.1699891681,951460.1699891681,1281252.636298877,1056408.088812589
2025-04-27T22:10:00.000+0000,1227938.932109778,1082622.177890338,1055386.1483268656,951460.1699891681,951460.1699891681,1280124.508503693,1056408.088812589
2025-04-27T22:20:00.000+0000,1227769.828051338,1082622.177890338,1054481.4634478502,951460.1699891681,951460.1699891681,1279864.171320189,1056408.088812589
2025-04-27T22:30:00.000+0000,1226980.675778618,1082622.177890338,1052875.209037717,951460.1699891681,951460.1699891681,1278649.2644638368,1056408.088812589
2025-04-27T22:40:00.000+0000,1228558.980324058,1082622.177890338,1054863.876722492,951460.1699891681,951460.1699891681,1281079.078176541,1056408.088812589
2025-04-27T22:50:00.000+0000,1227938.932109778,1082622.177890338,1055723.0837599805,951460.1699891681,951460.1699891681,1280124.508503693,1056408.088812589
2025-04-27T23:00:00.000+0000,1225966.051427978,1082622.177890338,1053528.4564797326,951460.1699891681,951460.1699891681,1277087.241362813,1056408.088812589
2025-04-27T23:10:00.000+0000,1225684.211330578,1082622.177890338,1053253.0573899385,951460.1699891681,951460.1699891681,1276653.3460569729,1056408.088812589
2025-04-27T23:20:00.000+0000,1225515.1072721381,1082622.177890338,1054538.2721699043,951460.1699891681,951460.1699891681,1276393.008873469,1056408.088812589
2025-04-27T23:30:00.000+0000,1225515.1072721381,1082622.177890338,1054757.0994718228,951460.1699891681,951460.1699891681,1276393.008873469,1056408.088812589
2025-04-27T23:40:00.000+0000,1225289.635194218,1082622.177890338,1053690.1880181208,951460.1699891681,951460.1699891681,1276045.8926287969,1056408.088812589
2025-04-27T23:50:00.000+0000,1225571.475291618,1082622.177890338,1053610.312312594,951460.1699891681,951460.1699891681,1276479.787934637,1056408.088812589
2025-04-28T00:00:00.000+0000,1225966.051427978,1082622.177890338,1047755.8580758134,951460.1699891681,951460.1699891681,1277087.241362813,1056408.088812589
2025-04-28T00:10:00.000+0000,1224105.906785138,1082622.177890338,1047233.2442162703,951460.1699891681,951460.1699891681,1274223.5323442689,1056408.088812589
2025-04-28T00:20:00.000+0000,1224331.378863058,1082622.177890338,1047707.6246917229,951460.1699891681,951460.1699891681,1274570.648588941,1056408.088812589
2025-04-28T00:30:00.000+0000,1225909.683408498,1082622.177890338,1050446.9425008898,951460.1699891681,951460.1699891681,1277000.462301645,1056408.088812589
2025-04-28T00:40:00.000+0000,1224556.8509409782,1082622.177890338,1047479.2842328432,951460.1699891681,951460.1699891681,1274917.7648336128,1056408.088812589
2025-04-28T00:50:00.000+0000,1223034.914415018,1082622.177890338,1046835.6193718023,951460.1699891681,951460.1699891681,1272574.730182077,1056408.088812589
2025-04-28T01:00:00.000+0000,1221963.922044898,1082622.177890338,1045461.1350013004,951460.1699891681,951460.1699891681,1270925.928019885,1056408.088812589
2025-04-28T01:10:00.000+0000,1223429.4905513779,1082622.177890338,1044959.1721906768,951460.1699891681,951460.1699891681,1273182.183610253,1056408.088812589
2025-04-28T01:20:00.000+0000,1222245.762142298,1082622.177890338,1041875.6829136781,951460.1699891681,951460.1699891681,1271359.823325725,1056408.088812589
2025-04-28T01:30:00.000+0000,1219540.097207258,1082622.177890338,1035689.3617698504,951460.1699891681,951460.1699891681,1267194.428389661,1056408.088812589
2025-04-28T01:40:00.000+0000,1220222.4078716957,1215583.5394976477,1035689.7962267007,951460.1699891681,951460.1699891681,1268269.2271222535,1262185.987130638
2025-04-28T01:50:00.000+0000,1220222.407871696,1220222.407871696,1037304.6099132523,951460.1699891681,951460.1699891681,1268269.2271222535,1268269.2271222535
2025-04-28T02:00:00.000+0000,1220222.407871696,1220222.407871696,1037181.1949535832,951460.1699891681,951460.1699891681,1268269.2271222535,1268269.2271222535
2025-04-28T02:10:00.000+0000,1220222.407871696,1220222.407871696,1039520.3165375816,951460.1699891681,951460.1699891681,1268269.2271222535,1268269.2271222535
2025-04-28T02:20:00.000+0000,1220222.407871696,1220222.407871696,1041576.3122355147,951460.1699891681,951460.1699891681,1268269.2271222535,1268269.2271222535
2025-04-28T02:30:00.000+0000,1220222.407871696,1220222.407871696,1042426.2593889823,951460.1699891681,951460.1699891681,1268269.2271222535,1268269.2271222535
2025-04-28T02:40:00.000+0000,1220222.407871696,1220222.407871696,1042424.3127529656,951460.1699891681,951460.1699891681,1268269.2271222535,1268269.2271222535
2025-04-28T02:50:00.000+0000,1220222.407871696,1220222.407871696,1043973.0881231661,951460.1699891681,951460.1699891681,1268269.2271222535,1268269.2271222535
2025-04-28T03:00:00.000+0000,1220222.407871696,1220222.407871696,1042824.2886599354,951460.1699891681,951460.1699891681,1268269.2271222535,1268269.2271222535
2025-04-28T03:10:00.000+0000,1220222.407871696,1220222.407871696,1043242.7625947115,951460.1699891681,951460.1699891681,1268269.2271222535,1268269.2271222535
2025-04-28T03:20:00.000+0000,1220222.407871696,1220222.407871696,1046995.3066710206,951460.1699891681,951460.1699891681,1268269.2271222535,1268269.2271222535
2025-04-28T03:30:00.000+0000,1220222.407871696,1220222.407871696,1051590.8535130941,951460.1699891681,951460.1699891681,1268269.2271222535,1268269.2271222535
2025-04-28T03:40:00.000+0000,1220222.407871696,1220222.407871696,1052222.369518856,951460.1699891681,951460.1699891681,1268269.2271222535,1268269.2271222535
2025-04-28T03:50:00.000+0000,1220222.407871696,1220222.407871696,1053706.471094998,951460.1699891681,951460.1699891681,1268269.2271222535,1268269.2271222535
2025-04-28T04:00:00.000+0000,1220222.407871696,1220222.407871696,1054886.1774303776,951460.1699891681,951460.1699891681,1268269.2271222535,1268269.2271222535
2025-04-28T04:10:00.000+0000,1220222.407871696,1220222.407871696,1055732.035935441,951460.1699891681,951460.1699891681,1268269.2271222535,1268269.2271222535
2025-04-28T04:20:00.000+0000,1220222.407871696,1220222.407871696,1056368.6379149016,951460.1699891681,951460.1699891681,1268269.2271222535,1268269.2271222535
2025-04-28T04:30:00.000+0000,1220222.407871696,1220222.407871696,1057419.768545005,951460.1699891681,951460.1699891681,1268269.2271222535,1268269.2271222535
2025-04-28T04:40:00.000+0000,1220222.407871696,1220222.407871696,1056575.1335500465,951460.1699891681,951460.1699891681,1268269.2271222535,1268269.2271222535
2025-04-28T04:50:00.000+0000,1220222.407871696,1220222.407871696,1055480.1428379316,951460.1699891681,951460.1699891681,1268269.2271222535,1268269.2271222535
2025-04-28T05:00:00.000+0000,1220222.407871696,1220222.407871696,1055558.7952927114,951460.1699891681,951460.1699891681,1268269.2271222535,1268269.2271222535
2025-04-28T05:10:00.000+0000,1220222.407871696,1220222.407871696,1057860.2885643574,951460.1699891681,951460.1699891681,1268269.2271222535,1268269.2271222535
2025-04-28T05:20:00.000+0000,1220222.407871696,1220222.407871696,1058236.345726709,951460.1699891681,951460.1699891681,1268269.2271222535,1268269.2271222535
2025-04-28T05:30:00.000+0000,1220222.407871696,1220222.407871696,1057705.5612329042,951460.1699891681,951460.1699891681,1268269.2271222535,1268269.2271222535
2025-04-28T05:40:00.000+0000,1220222.407871696,1220222.407871696,1058520.764806251,951460.1699891681,951460.1699891681,1268269.2271222535,1268269.2271222535
2025-04-28T05:50:00.000+0000,1220222.407871696,1220222.407871696,1058952.3165707383,951460.1699891681,951460.1699891681,1268269.2271222535,1268269.2271222535
2025-04-28T06:00:00.000+0000,1220222.407871696,1220222.407871696,1061535.6352822748,951460.1699891681,951460.1699891681,1268269.2271222535,1268269.2271222535
2025-04-28T06:10:00.000+0000,1220222.407871696,1220222.407871696,1061827.1971217021,951460.1699891681,951460.1699891681,1268269.2271222535,1268269.2271222535
2025-04-28T06:20:00.000+0000,1220222.407871696,1220222.407871696,1061598.5907892878,951460.1699891681,951460.1699891681,1268269.2271222535,1268269.2271222535
2025-04-28T06:30:00.000+0000,1220222.407871696,1220222.407871696,1062641.4379699407,951460.1699891681,951460.1699891681,1268269.2271222535,1268269.2271222535
2025-04-28T06:40:00.000+0000,1220222.407871696,1220222.407871696,1065085.0122758027,951460.1699891681,951460.1699891681,1268269.2271222535,1268269.2271222535
2025-04-28T06:50:00.000+0000,1220222.407871696,1220222.407871696,1064990.085570852,951460.1699891681,951460.1699891681,1268269.2271222535,1268269.2271222535
2025-04-28T07:00:00.000+0000,1220222.407871696,1220222.407871696,1065898.2244358724,951460.1699891681,951460.1699891681,1268269.2271222535,1268269.2271222535
2025-04-28T07:10:00.000+0000,1220222.407871696,1220222.407871696,1065316.929194233,951460.1699891681,951460.1699891681,1268269.2271222535,1268269.2271222535
2025-04-28T07:20:00.000+0000,1220222.407871696,1220222.407871696,1066870.6278571459,951460.1699891681,951460.1699891681,1268269.2271222535,1268269.2271222535
2025-04-28T07:30:00.000+0000,1220222.407871696,1220222.407871696,1067690.9833315345,951460.1699891681,951460.1699891681,1268269.2271222535,1268269.2271222535
2025-04-28T07:40:00.000+0000,1220222.407871696,1220222.407871696,1067594.1576922045,951460.1699891681,951460.1699891681,1268269.2271222535,1268269.2271222535
2025-04-28T07:50:00.000+0000,1220222.407871696,1220222.407871696,1067310.6667733025,951460.1699891681,951460.1699891681,1268269.2271222535,1268269.2271222535
2025-04-28T08:00:00.000+0000,1220222.407871696,1220222.407871696,1066670.3969285442,951460.1699891681,951460.1699891681,1268269.2271222535,1268269.2271222535
2025-04-28T08:10:00.000+0000,1220222.407871696,1220222.407871696,1067657.869834306,951460.1699891681,951460.1699891681,1268269.2271222535,1268269.2271222535
2025-04-28T08:20:00.000+0000,1220222.407871696,1220222.407871696,1067487.3455819907,951460.1699891681,951460.1699891681,1268269.2271222535,1268269.2271222535
2025-04-28T08:30:00.000+0000,1220222.407871696,1220222.407871696,1068752.0698834397,951460.1699891681,951460.1699891681,1268269.2271222535,1268269.2271222535
2025-04-28T08:40:00.000+0000,1220222.407871696,1220222.407871696,1068160.597069291,951460.1699891681,951460.1699891681,1268269.2271222535,1268269.2271222535
2025-04-28T08:50:00.000+0000,1220222.407871696,1220222.407871696,1067573.1330431,951460.1699891681,951460.1699891681,1268269.2271222535,1268269.2271222535
2025-04-28T09:00:00.000+0000,1220222.407871696,1220222.407871696,1069487.3792661955,951460.1699891681,951460.1699891681,1268269.2271222535,1268269.2271222535
2025-04-28T09:10:00.000+0000,1220222.407871696,1220222.407871696,1068596.6116546607,951460.1699891681,951460.1699891681,1268269.2271222535,1268269.2271222535
2025-04-28T09:20:00.000+0000,1220222.407871696,1220222.407871696,1069120.969539011,951460.1699891681,951460.1699891681,1268269.2271222535,1268269.2271222535
2025-04-28T09:30:00.000+0000,1220222.407871696,1220222.407871696,1070124.8973422777,951460.1699891681,951460.1699891681,1268269.2271222535,1268269.2271222535
2025-04-28T09:40:00.000+0000,1220222.407871696,1220222.407871696,1070031.6690889404,951460.1699891681,951460.1699891681,1268269.2271222535,1268269.2271222535
2025-04-28T09:50:00.000+0000,1220222.407871696,1220222.407871696,1069375.8593701478,951460.1699891681,951460.1699891681,1268269.2271222535,1268269.2271222535
2025-04-28T10:00:00.000+0000,1220222.407871696,1220222.407871696,1063478.8347481627,951460.1699891681,951460.1699891681,1268269.2271222535,1268269.2271222535
2025-04-28T10:10:00.000+0000,1220222.407871696,1220222.407871696,1066094.823396154,951460.1699891681,951460.1699891681,1268269.2271222535,1268269.2271222535
2025-04-28T10:20:00.000+0000,1220222.407871696,1220222.407871696,1063105.3862674334,951460.1699891681,951460.1699891681,1268269.2271222535,1268269.2271222535
2025-04-28T10:30:00.000+0000,1220222.407871696,1220222.407871696,1068864.5267846922,951460.1699891681,951460.1699891681,1268269.2271222535,1268269.2271222535
2025-04-28T10:40:00.000+0000,1220222.407871696,1220222.407871696,1075681.3955483434,951460.1699891681,951460.1699891681,1268269.2271222535,1268269.2271222535
2025-04-28T10:50:00.000+0000,1220222.407871696,1220222.407871696,1074112.9254332855,951460.1699891681,951460.1699891681,1268269.2271222535,1268269.2271222535
2025-04-28T11:00:00.000+0000,1220222.407871696,1220222.407871696,1072335.1767930312,951460.1699891681,951460.1699891681,1268269.2271222535,1268269.2271222535
2025-04-28T11:10:00.000+0000,1220222.407871696,1220222.407871696,1073479.9473377957,951460.1699891681,951460.1699891681,1268269.2271222535,1268269.2271222535
2025-04-28T11:20:00.000+0000,1220222.407871696,1220222.407871696,1074605.884592924,951460.1699891681,951460.1699891681,1268269.2271222535,1268269.2271222535
2025-04-28T11:30:00.000+0000,1220222.407871696,1220222.407871696,1076097.0372638456,951460.1699891681,951460.1699891681,1268269.2271222535,1268269.2271222535
2025-04-28T11:40:00.000+0000,1220222.407871696,1220222.407871696,1074330.644705305,951460.1699891681,951460.1699891681,1268269.2271222535,1268269.2271222535
2025-04-28T11:50:00.000+0000,1220222.407871696,1220222.407871696,1072557.7791503228,951460.1699891681,951460.1699891681,1268269.2271222535,1268269.2271222535
2025-04-28T12:00:00.000+0000,1220222.407871696,1220222.407871696,1069768.035282947,951460.1699891681,951460.1699891681,1268269.2271222535,1268269.2271222535
2025-04-28T12:10:00.000+0000,1220222.407871696,1220222.407871696,1069534.9966787326,951460.1699891681,951460.1699891681,1268269.2271222535,1268269.2271222535
2025-04-28T12:20:00.000+0000,1220222.407871696,1220222.407871696,1069234.8305441267,951460.1699891681,951460.1699891681,1268269.2271222535,1268269.2271222535
2025-04-28T12:30:00.000+0000,1220222.407871696,1220222.407871696,1070116.196499238,951460.1699891681,951460.1699891681,1268269.2271222535,1268269.2271222535
2025-04-28T12:40:00.000+0000,1220222.407871696,1220222.407871696,1070895.5230020205,951460.1699891681,951460.1699891681,1268269.2271222535,1268269.2271222535
2025-04-28T12:50:00.000+0000,1220222.407871696,1220222.407871696,1069231.333372729,951460.1699891681,951460.1699891681,1268269.2271222535,1268269.2271222535
2025-04-28T13:00:00.000+0000,1220222.407871696,1220222.407871696,1068639.0648070618,951460.1699891681,951460.1699891681,1268269.2271222535,1268269.2271222535
2025-04-28T13:10:00.000+0000,1220222.407871696,1220222.407871696,1067191.3047708415,951460.1699891681,951460.1699891681,1268269.2271222535,1268269.2271222535
2025-04-28T13:20:00.000+0000,1220222.407871696,1220222.407871696,1063899.318250487,951460.1699891681,951460.1699891681,1268269.2271222535,1268269.2271222535
2025-04-28T13:30:00.000+0000,1220222.407871696,1220222.407871696,1058183.8043777319,951460.1699891681,951460.1699891681,1268269.2271222535,1268269.2271222535
2025-04-28T13:40:00.000+0000,1220222.407871696,1220222.407871696,1058683.522555713,951460.1699891681,951460.1699891681,1268269.2271222535,1268269.2271222535
2025-04-28T13:50:00.000+0000,1220222.407871696,1220222.407871696,1053355.619709053,951460.1699891681,951460.1699891681,1268269.2271222535,1268269.2271222535
2025-04-28T14:00:00.000+0000,1220222.407871696,1220222.407871696,1053526.089007033,951460.1699891681,951460.1699891681,1268269.2271222535,1268269.2271222535
2025-04-28T14:10:00.000+0000,1220222.407871696,1220222.407871696,1057465.1356462105,951460.1699891681,951460.1699891681,1268269.2271222535,1268269.2271222535
2025-04-28T14:20:00.000+0000,1220222.407871696,1220222.407871696,1057251.084722488,951460.1699891681,951460.1699891681,1268269.2271222535,1268269.2271222535
2025-04-28T14:30:00.000+0000,1220222.407871696,1220222.407871696,1052766.4649490872,951460.1699891681,951460.1699891681,1268269.2271222535,1268269.2271222535
2025-04-28T14:40:00.000+0000,1220222.407871696,1220222.407871696,1054050.325142336,951460.1699891681,951460.1699891681,1268269.2271222535,1268269.2271222535
2025-04-28T14:50:00.000+0000,1220222.407871696,1220222.407871696,1051742.1468818986,951460.1699891681,951460.1699891681,1268269.2271222535,1268269.2271222535
2025-04-28T15:00:00.000+0000,1220222.407871696,1220222.407871696,1048744.8934559622,951460.1699891681,951460.1699891681,1268269.2271222535,1268269.2271222535
2025-04-28T15:10:00.000+0000,1220222.407871696,1220222.407871696,1047319.6263024035,951460.1699891681,951460.1699891681,1268269.2271222535,1268269.2271222535
2025-04-28T15:20:00.000+0000,1220222.407871696,1220222.407871696,1041954.6997932843,951460.1699891681,951460.1699891681,1268269.2271222535,1268269.2271222535
2025-04-28T15:30:00.000+0000,1220222.407871696,1220222.407871696,1041262.1162061628,951460.1699891681,951460.1699891681,1268269.2271222535,1268269.2271222535
2025-04-28T15:40:00.000+0000,1220222.407871696,1220222.407871696,1041393.4927321204,951460.1699891681,951460.1699891681,1268269.2271222535,1268269.2271222535
2025-04-28T15:50:00.000+0000,1220222.407871696,1220222.407871696,1041488.2433416989,951460.1699891681,951460.1699891681,1268269.2271222535,1268269.2271222535
2025-04-28T16:00:00.000+0000,1220222.407871696,1220222.407871696,1042156.8245498695,951460.1699891681,951460.1699891681,1268269.2271222535,1268269.2271222535
2025-04-28T16:10:00.000+0000,1220222.407871696,1220222.407871696,1039528.9046819209,951460.1699891681,951460.1699891681,1268269.2271222535,1268269.2271222535
2025-04-28T16:20:00.000+0000,1220222.407871696,1220222.407871696,1040121.1727288715,951460.1699891681,951460.1699891681,1268269.2271222535,1268269.2271222535
2025-04-28T16:30:00.000+0000,1220222.407871696,1220222.407871696,1043285.4690736302,951460.1699891681,951460.1699891681,1268269.2271222535,1268269.2271222535
2025-04-28T16:40:00.000+0000,1220222.407871696,1220222.407871696,1044583.0650910919,951460.1699891681,951460.1699891681,1268269.2271222535,1268269.2271222535
2025-04-28T16:50:00.000+0000,1220222.407871696,1220222.407871696,1042294.7919759941,951460.1699891681,951460.1699891681,1268269.2271222535,1268269.2271222535
2025-04-28T17:00:00.000+0000,1220222.407871696,1220222.407871696,1043082.6745357426,951460.1699891681,951460.1699891681,1268269.2271222535,1268269.2271222535
2025-04-28T17:10:00.000+0000,1220222.407871696,1220222.407871696,1041615.3671700393,951460.1699891681,951460.1699891681,1268269.2271222535,1268269.2271222535
2025-04-28T17:20:00.000+0000,1220222.407871696,1220222.407871696,1041808.0168486602,951460.1699891681,951460.1699891681,1268269.2271222535,1268269.2271222535
2025-04-28T17:30:00.000+0000,1220222.407871696,1220222.407871696,1041169.1988808375,951460.1699891681,951460.1699891681,1268269.2271222535,1268269.2271222535
2025-04-28T17:40:00.000+0000,1220222.407871696,1220222.407871696,1045212.0048869746,951460.1699891681,951460.1699891681,1268269.2271222535,1268269.2271222535
2025-04-28T17:50:00.000+0000,1220222.407871696,1220222.407871696,1047912.1854240755,951460.1699891681,951460.1699891681,1268269.2271222535,1268269.2271222535
2025-04-28T18:00:00.000+0000,1220222.407871696,1220222.407871696,1047955.2084739776,951460.1699891681,951460.1699891681,1268269.2271222535,1268269.2271222535
2025-04-28T18:10:00.000+0000,1220222.407871696,1220222.407871696,1045143.1193986728,951460.1699891681,951460.1699891681,1268269.2271222535,1268269.2271222535
2025-04-28T18:20:00.000+0000,1220222.407871696,1220222.407871696,1046311.088817314,951460.1699891681,951460.1699891681,1268269.2271222535,1268269.2271222535
2025-04-28T18:30:00.000+0000,1220222.407871696,1220222.407871696,1045576.5625854833,951460.1699891681,951460.1699891681,1268269.2271222535,1268269.2271222535
2025-04-28T18:40:00.000+0000,1220222.407871696,1220222.407871696,1047315.1932346697,951460.1699891681,951460.1699891681,1268269.2271222535,1268269.2271222535
2025-04-28T18:50:00.000+0000,1220222.407871696,1220222.407871696,1049231.7310318288,951460.1699891681,951460.1699891681,1268269.2271222535,1268269.2271222535
2025-04-28T19:00:00.000+0000,1220222.407871696,1220222.407871696,1049559.9721322441,951460.1699891681,951460.1699891681,1268269.2271222535,1268269.2271222535
2025-04-28T19:10:00.000+0000,1220222.407871696,1220222.407871696,1053886.429609827,951460.1699891681,951460.1699891681,1268269.2271222535,1268269.2271222535
2025-04-28T19:20:00.000+0000,1220222.407871696,1220222.407871696,1057703.5928030761,951460.1699891681,951460.1699891681,1268269.2271222535,1268269.2271222535
2025-04-28T19:30:00.000+0000,1220222.407871696,1220222.407871696,1058364.5311086671,951460.1699891681,951460.1699891681,1268269.2271222535,1268269.2271222535
2025-04-28T19:40:00.000+0000,1220222.407871696,1220222.407871696,1059107.8103657018,951460.1699891681,951460.1699891681,1268269.2271222535,1268269.2271222535
2025-04-28T19:50:00.000+0000,1220222.407871696,1220222.407871696,1059672.9179337383,951460.1699891681,951460.1699891681,1268269.2271222535,1268269.2271222535
2025-04-28T20:00:00.000+0000,1220222.407871696,1220222.407871696,1055690.3834623666,951460.1699891681,951460.1699891681,1268269.2271222535,1268269.2271222535
2025-04-28T20:10:00.000+0000,1220222.407871696,1220222.407871696,1054373.7900881968,951460.1699891681,951460.1699891681,1268269.2271222535,1268269.2271222535
2025-04-28T20:20:00.000+0000,1220222.407871696,1220222.407871696,1053863.2760319274,951460.1699891681,951460.1699891681,1268269.2271222535,1268269.2271222535
2025-04-28T20:30:00.000+0000,1220222.407871696,1220222.407871696,1053642.2080770358,951460.1699891681,951460.1699891681,1268269.2271222535,1268269.2271222535
2025-04-28T20:40:00.000+0000,1220222.407871696,1220222.407871696,1051990.966291853,951460.1699891681,951460.1699891681,1268269.2271222535,1268269.2271222535
2025-04-28T20:50:00.000+0000,1220222.407871696,1220222.407871696,1051839.1745958624,951460.1699891681,951460.1699891681,1268269.2271222535,1268269.2271222535
2025-04-28T21:00:00.000+0000,1220222.407871696,1220222.407871696,1052735.798212711,951460.1699891681,951460.1699891681,1268269.2271222535,1268269.2271222535
2025-04-28T21:10:00.000+0000,1220222.407871696,1220222.407871696,1051624.8315599852,951460.1699891681,951460.1699891681,1268269.2271222535,1268269.2271222535
2025-04-28T21:20:00.000+0000,1220222.407871696,1220222.407871696,1051750.9409283348,951460.1699891681,951460.1699891681,1268269.2271222535,1268269.2271222535
2025-04-28T21:30:00.000+0000,1220222.407871696,1220222.407871696,1052639.97526443,951460.1699891681,951460.1699891681,1268269.2271222535,1268269.2271222535
2025-04-28T21:40:00.000+0000,1220222.407871696,1220222.407871696,1053290.0935458383,951460.1699891681,951460.1699891681,1268269.2271222535,1268269.2271222535
2025-04-28T21:50:00.000+0000,1220222.407871696,1220222.407871696,1053479.355961732,951460.1699891681,951460.1699891681,1268269.2271222535,1268269.2271222535
2025-04-28T22:00:00.000+0000,1220222.407871696,1220222.407871696,1055455.3947611833,951460.1699891681,951460.1699891681,1268269.2271222535,1268269.2271222535
2025-04-28T22:10:00.000+0000,1220222.407871696,1220222.407871696,1055800.6755735641,951460.1699891681,951460.1699891681,1268269.2271222535,1268269.2271222535
2025-04-28T22:20:00.000+0000,1220222.407871696,1220222.407871696,1054930.8607814608,951460.1699891681,951460.1699891681,1268269.2271222535,1268269.2271222535
2025-04-28T22:30:00.000+0000,1220222.407871696,1220222.407871696,1054507.5085905911,951460.1699891681,951460.1699891681,1268269.2271222535,1268269.2271222535
2025-04-28T22:40:00.000+0000,1220222.407871696,1220222.407871696,1056368.9069185946,951460.1699891681,951460.1699891681,1268269.2271222535,1268269.2271222535
2025-04-28T22:50:00.000+0000,1220222.407871696,1220222.407871696,1059368.4894610164,951460.1699891681,951460.1699891681,1268269.2271222535,1268269.2271222535
2025-04-28T23:00:00.000+0000,1220222.407871696,1220222.407871696,1059196.8368425122,951460.1699891681,951460.1699891681,1268269.2271222535,1268269.2271222535
2025-04-28T23:10:00.000+0000,1220222.407871696,1220222.407871696,1058032.81696489,951460.1699891681,951460.1699891681,1268269.2271222535,1268269.2271222535
2025-04-28T23:20:00.000+0000,1220222.407871696,1220222.407871696,1058499.170483286,951460.1699891681,951460.1699891681,1268269.2271222535,1268269.2271222535
2025-04-28T23:30:00.000+0000,1220222.407871696,1220222.407871696,1058990.7884884519,951460.1699891681,951460.1699891681,1268269.2271222535,1268269.2271222535
2025-04-28T23:40:00.000+0000,1220222.407871696,1220222.407871696,1058938.9454128516,951460.1699891681,951460.1699891681,1268269.2271222535,1268269.2271222535
2025-04-28T23:50:00.000+0000,1220222.407871696,1220222.407871696,1058667.769267526,951460.1699891681,951460.1699891681,1268269.2271222535,1268269.2271222535
2025-04-29T00:00:00.000+0000,1220222.407871696,1220222.407871696,1057584.4219379586,951460.1699891681,951460.1699891681,1268269.2271222535,1268269.2271222535
2025-04-29T00:10:00.000+0000,1220222.407871696,1220222.407871696,1056950.7105752006,951460.1699891681,951460.1699891681,1268269.2271222535,1268269.2271222535
2025-04-29T00:20:00.000+0000,1220222.407871696,1220222.407871696,1057554.882512479,951460.1699891681,951460.1699891681,1268269.2271222535,1268269.2271222535
2025-04-29T00:30:00.000+0000,1220222.407871696,1220222.407871696,1059993.6128673581,951460.1699891681,951460.1699891681,1268269.2271222535,1268269.2271222535
