date,total_balance_normal,unlocked_balance_normal,benchmark
2025-04-09T17:10:00.000+0000,1000000.0,1000000.0,990976.3977011011
2025-04-09T17:20:00.000+0000,992627.7777634239,1666.5250492955965,1011059.1307865609
2025-04-09T17:30:00.000+0000,974464.8216219359,10021.56042876782,1049010.2953327964
2025-04-09T17:40:00.000+0000,966841.7885510399,14033.897988767822,1051931.55004293
2025-04-09T17:50:00.000+0000,945468.79863264,14033.897988767822,1060940.066150335
2025-04-09T18:00:00.000+0000,960643.621474704,14033.897988767822,1068738.3962327784
2025-04-09T18:10:00.000+0000,976317.1474148639,976317.1474148639,1073699.0829465354
2025-04-09T18:20:00.000+0000,976317.1474148639,976317.1474148639,1084117.1959268185
2025-04-09T18:30:00.000+0000,976317.1474148639,976317.1474148639,1081849.3227373778
2025-04-09T18:40:00.000+0000,976317.1474148639,976317.1474148639,1071945.1162527406
2025-04-09T18:50:00.000+0000,976317.1474148639,976317.1474148639,1069271.4961727853
2025-04-09T19:00:00.000+0000,976317.1474148639,976317.1474148639,1070260.586635755
2025-04-09T19:10:00.000+0000,976317.1474148639,976317.1474148639,1074451.8946934473
2025-04-09T19:20:00.000+0000,976317.1474148639,976317.1474148639,1079106.4127601935
2025-04-09T19:30:00.000+0000,976317.1474148639,976317.1474148639,1077564.6167767472
2025-04-09T19:40:00.000+0000,973420.8328169038,35.29226486400671,1076208.5398025059
2025-04-09T19:50:00.000+0000,968837.706403584,35.29226486400671,1076811.164195312
2025-04-09T20:00:00.000+0000,968978.7256778403,35.29226486400671,1078798.7812021282
2025-04-09T20:10:00.000+0000,975113.0641079759,35.29226486400671,1079675.7404762395
2025-04-09T20:20:00.000+0000,975747.6508421279,35.29226486400671,1077563.8040563487
2025-04-09T20:30:00.000+0000,974125.9291881837,35.29226486400671,1078031.4512187906
2025-04-09T20:40:00.000+0000,974619.49664808,35.29226486400671,1081266.124133262
2025-04-09T20:50:00.000+0000,959600.9439398159,35.29226486400671,1083986.1373281886
2025-04-09T21:00:00.000+0000,959530.434302688,35.29226486400671,1087053.7707992368
2025-04-09T21:10:00.000+0000,955088.327163624,35.29226486400671,1089870.804079441
2025-04-09T21:20:00.000+0000,957697.18373736,35.29226486400671,1088748.1917151758
2025-04-09T21:30:00.000+0000,963196.9354333439,35.29226486400671,1084056.823460779
2025-04-09T21:40:00.000+0000,953114.0573240401,35.29226486400671,1085828.0126713568
2025-04-09T21:50:00.000+0000,948389.9116364636,35.29226486400671,1088017.7478053286
2025-04-09T22:00:00.000+0000,953889.6633324479,35.29226486400671,1089174.9220241206
2025-04-09T22:10:00.000+0000,957485.6548259757,35.29226486400671,1091611.7529977113
2025-04-09T22:20:00.000+0000,959036.8668427921,35.29226486400671,1092028.5516470848
2025-04-09T22:30:00.000+0000,960870.1174081197,35.29226486400671,1090955.45788189
2025-04-09T22:40:00.000+0000,962985.4065219602,35.29226486400671,1088341.7787708044
2025-04-09T22:50:00.000+0000,965523.7534585678,35.29226486400671,1087890.891795676
2025-04-09T23:00:00.000+0000,966087.8305555921,35.29226486400671,1086845.2006347517
2025-04-09T23:10:00.000+0000,971799.11116296,35.29226486400671,1083373.9383104704
2025-04-09T23:20:00.000+0000,979837.2097955517,35.29226486400671,1082191.3969179434
2025-04-09T23:30:00.000+0000,982657.5952806721,35.29226486400671,1083528.1299620643
2025-04-09T23:40:00.000+0000,988509.8951622961,35.29226486400671,1084737.2598108167
2025-04-09T23:50:00.000+0000,989426.5204449598,35.29226486400671,1084387.4262745301
2025-04-10T00:00:00.000+0000,986535.6253227117,35.29226486400671,1082496.406776779
2025-04-10T00:10:00.000+0000,992317.4155672081,35.29226486400671,1080591.6931857762
2025-04-10T00:20:00.000+0000,993868.6275840236,35.29226486400671,1079257.9694507658
2025-04-10T00:30:00.000+0000,993586.5890355118,35.29226486400671,1073995.6040685677
2025-04-10T00:40:00.000+0000,1000496.533474056,35.29226486400671,1070066.5285050508
2025-04-10T00:50:00.000+0000,992881.492664232,35.29226486400671,1070416.377542115
2025-04-10T01:00:00.000+0000,989849.5782677281,35.29226486400671,1074981.3408126403
2025-04-10T01:10:00.000+0000,987663.7795167599,35.29226486400671,1074122.7805161464
2025-04-10T01:20:00.000+0000,983997.2783861039,35.29226486400671,1072044.5673130439
2025-04-10T01:30:00.000+0000,989144.4818964481,35.29226486400671,1068474.2187520128
2025-04-10T01:40:00.000+0000,983856.2591118477,35.29226486400671,1070868.9003105857
2025-04-10T01:50:00.000+0000,984420.3362088717,35.29226486400671,1071081.2410016996
2025-04-10T02:00:00.000+0000,987029.1927826077,35.29226486400671,1070075.7717527417
2025-04-10T02:10:00.000+0000,978427.0170529919,35.29226486400671,1074014.2941405461
2025-04-10T02:20:00.000+0000,971023.5051545519,35.29226486400671,1074571.6750876368
2025-04-10T02:30:00.000+0000,970318.4087832719,35.29226486400671,1072668.11312511
2025-04-10T02:40:00.000+0000,971164.524428808,35.29226486400671,1070633.5713073283
2025-04-10T02:50:00.000+0000,972574.7171713682,35.29226486400671,1069698.481311263
2025-04-10T03:00:00.000+0000,976382.2375762796,35.29226486400671,1066932.8720241415
2025-04-10T03:10:00.000+0000,984984.413305896,35.29226486400671,1056229.9231606354
2025-04-10T03:20:00.000+0000,1005855.2658957839,35.29226486400671,1054970.90652018
2025-04-10T03:30:00.000+0000,1000073.4756512879,35.29226486400671,1053902.322502309
2025-04-10T03:40:00.000+0000,1002400.2936765121,35.29226486400671,1057051.0600678087
2025-04-10T03:50:00.000+0000,1005643.7369844,35.29226486400671,1057175.1693491258
2025-04-10T04:00:00.000+0000,1006983.420089832,35.29226486400671,1058496.964956665
2025-04-10T04:10:00.000+0000,1002329.7840393841,35.29226486400671,1057875.7733796223
2025-04-10T04:20:00.000+0000,1005925.7755329121,35.29226486400671,1056918.9451363375
2025-04-10T04:30:00.000+0000,1004515.5827903523,35.29226486400671,1055877.925369294
2025-04-10T04:40:00.000+0000,996124.93597212,35.29226486400671,1059691.8624492385
2025-04-10T04:50:00.000+0000,998381.2443602158,35.29226486400671,1061402.9510627273
2025-04-10T05:00:00.000+0000,995701.8781493519,35.29226486400671,1061000.4113258678
2025-04-10T05:10:00.000+0000,989073.9722593199,35.29226486400671,1062518.6671425165
2025-04-10T05:20:00.000+0000,990202.1264533679,35.29226486400671,1063198.9499085336
2025-04-10T05:30:00.000+0000,995983.9166978642,35.29226486400671,1063661.9240919624
2025-04-10T05:40:00.000+0000,994150.666132536,35.29226486400671,1062885.6528671074
2025-04-10T05:50:00.000+0000,997464.6190775519,35.29226486400671,1062197.8172647106
2025-04-10T06:00:00.000+0000,998381.2443602158,35.29226486400671,1063789.7613249626
2025-04-10T06:10:00.000+0000,996618.5034320159,35.29226486400671,1065930.2119683824
2025-04-10T06:20:00.000+0000,997041.561254784,35.29226486400671,1063772.7783632309
2025-04-10T06:30:00.000+0000,997253.0901661684,35.29226486400671,1061748.870285532
2025-04-10T06:40:00.000+0000,999791.4371027758,35.29226486400671,1060445.6564257112
2025-04-10T06:50:00.000+0000,992176.3962929519,35.29226486400671,1061769.7605841502
2025-04-10T07:00:00.000+0000,984913.9036687684,35.29226486400671,1062075.2699944435
2025-04-10T07:10:00.000+0000,977510.391770328,35.29226486400671,1061321.523969522
2025-04-10T07:20:00.000+0000,975818.1604792562,35.29226486400671,1059019.0254959136
2025-04-10T07:30:00.000+0000,980542.3061668323,35.29226486400671,1048569.6519556413
2025-04-10T07:40:00.000+0000,976382.2375762796,35.29226486400671,1049844.4224225339
2025-04-10T07:50:00.000+0000,975042.5544708478,35.29226486400671,1052069.0529798933
2025-04-10T08:00:00.000+0000,973138.794268392,35.29226486400671,1050522.0456904906
2025-04-10T08:10:00.000+0000,965876.3016442076,35.29226486400671,1051662.0435413565
2025-04-10T08:20:00.000+0000,968555.6678550723,35.29226486400671,1050709.2415923825
2025-04-10T08:30:00.000+0000,968767.1967664559,35.29226486400671,1047738.2343261286
2025-04-10T08:40:00.000+0000,967921.08112092,35.29226486400671,1048430.7861283504
2025-04-10T08:50:00.000+0000,969472.2931377357,35.29226486400671,1049891.260356701
2025-04-10T09:00:00.000+0000,962280.3101506802,35.29226486400671,1048057.964560539
2025-04-10T09:10:00.000+0000,962350.819787808,35.29226486400671,1048164.6406183364
2025-04-10T09:20:00.000+0000,962703.3679734477,35.29226486400671,1052492.6912971947
2025-04-10T09:30:00.000+0000,961786.7426907838,35.29226486400671,1053213.0024577272
2025-04-10T09:40:00.000+0000,954312.721155216,35.29226486400671,1052704.7108159475
2025-04-10T09:50:00.000+0000,954030.6826067042,35.29226486400671,1054816.318356388
2025-04-10T10:00:00.000+0000,948389.9116364636,35.29226486400671,1054718.2811490358
2025-04-10T10:10:00.000+0000,945428.506877088,35.29226486400671,1051996.4779131988
2025-04-10T10:20:00.000+0000,955652.4042606482,35.29226486400671,1050235.2862523217
2025-04-10T10:30:00.000+0000,951069.277847328,35.29226486400671,1050520.905450331
2025-04-10T10:40:00.000+0000,945499.0165142161,35.29226486400671,1048077.9321339268
2025-04-10T10:50:00.000+0000,936121.2347761918,35.29226486400671,1049095.8057830585
2025-04-10T11:00:00.000+0000,932313.7143712797,35.29226486400671,1049545.6361241154
2025-04-10T11:10:00.000+0000,945146.4683285758,35.29226486400671,1045289.1324250705
2025-04-10T11:20:00.000+0000,948671.9501849762,35.29226486400671,1046638.3365579464
2025-04-10T11:30:00.000+0000,961716.2330536562,35.29226486400671,1046881.0393864678
2025-04-10T11:40:00.000+0000,952267.9416785043,35.29226486400671,1049950.9294615202
2025-04-10T11:50:00.000+0000,950152.6525646639,35.29226486400671,1048398.7129326974
2025-04-10T12:00:00.000+0000,954312.721155216,35.29226486400671,1046915.3857493023
2025-04-10T12:10:00.000+0000,950152.6525646639,35.29226486400671,1048552.6489190249
2025-04-10T12:20:00.000+0000,945499.0165142161,35.29226486400671,1050634.737337059
2025-04-10T12:30:00.000+0000,934146.9649366079,35.29226486400671,1055403.285025791
2025-04-10T12:40:00.000+0000,954806.2886151118,35.29226486400671,1047088.5170772707
2025-04-10T12:50:00.000+0000,971799.11116296,35.29226486400671,1043721.3841895224
2025-04-10T13:00:00.000+0000,979625.6808841679,35.29226486400671,1043140.114794647
2025-04-10T13:10:00.000+0000,976170.7086648962,35.29226486400671,1042883.7001391272
2025-04-10T13:20:00.000+0000,969754.3316862483,35.29226486400671,1046803.7889777877
2025-04-10T13:30:00.000+0000,974266.9484624398,35.29226486400671,1034539.9665769035
2025-04-10T13:40:00.000+0000,976100.199027768,35.29226486400671,1033804.2983758803
2025-04-10T13:50:00.000+0000,975747.6508421279,35.29226486400671,1037042.3451885197
2025-04-10T14:00:00.000+0000,977580.9014074563,35.29226486400671,1034649.6478155329
2025-04-10T14:10:00.000+0000,976946.3146733041,35.29226486400671,1034166.2748952648
2025-04-10T14:20:00.000+0000,966017.3209184643,35.29226486400671,1039386.4747680475
2025-04-10T14:30:00.000+0000,960094.511399712,35.29226486400671,1043282.6332091258
2025-04-10T14:40:00.000+0000,950293.6718389202,35.29226486400671,1043841.2301605768
2025-04-10T14:50:00.000+0000,959107.37647992,35.29226486400671,1038553.6864395549
2025-04-10T15:00:00.000+0000,962068.7812392961,35.29226486400671,1034171.6492370256
2025-04-10T15:10:00.000+0000,962350.819787808,35.29226486400671,1025388.7151484112
2025-04-10T15:20:00.000+0000,981458.9314494957,35.29226486400671,1020513.523487408
2025-04-10T15:30:00.000+0000,990977.7324617761,35.29226486400671,1006068.7082802552
2025-04-10T15:40:00.000+0000,992246.9059300796,35.29226486400671,999477.4710102843
2025-04-10T15:50:00.000+0000,1001765.7069423599,35.29226486400671,1002314.5616853905
2025-04-10T16:00:00.000+0000,1009944.824849208,35.29226486400671,997996.6913854498
2025-04-10T16:10:00.000+0000,1007265.4586383437,35.29226486400671,999944.9467180851
2025-04-10T16:20:00.000+0000,995701.8781493519,35.29226486400671,995092.6323492341
2025-04-10T16:30:00.000+0000,992458.4348414639,35.29226486400671,1002576.0846008428
2025-04-10T16:40:00.000+0000,992810.983027104,35.29226486400671,1002453.524814989
2025-04-10T16:50:00.000+0000,990484.1650018801,35.29226486400671,1005902.6453156993
2025-04-10T17:00:00.000+0000,996195.4456092481,35.29226486400671,1000774.6500137417
2025-04-10T17:10:00.000+0000,1001765.7069423599,35.29226486400671,999154.103304459
2025-04-10T17:20:00.000+0000,996618.5034320159,35.29226486400671,999182.1767552661
2025-04-10T17:30:00.000+0000,993657.0986726402,35.29226486400671,1003602.1110905199
2025-04-10T17:40:00.000+0000,994785.2528666884,35.29226486400671,1004596.1074457938
2025-04-10T17:50:00.000+0000,988791.9337108079,35.29226486400671,1007805.977091078
2025-04-10T18:00:00.000+0000,981176.892900984,35.29226486400671,1010694.4484271982
2025-04-10T18:10:00.000+0000,981458.9314494957,35.29226486400671,1009307.9977401888
2025-04-10T18:20:00.000+0000,973420.8328169038,35.29226486400671,1013663.1439014
2025-04-10T18:30:00.000+0000,969260.7642263519,35.29226486400671,1014299.5399686075
2025-04-10T18:40:00.000+0000,966792.9269268721,35.29226486400671,1013442.302323997
2025-04-10T18:50:00.000+0000,971164.524428808,35.29226486400671,1012822.9135309707
2025-04-10T19:00:00.000+0000,970388.9184203998,35.29226486400671,1015797.1221459697
2025-04-10T19:10:00.000+0000,970247.8991461439,35.29226486400671,1014390.1319451169
2025-04-10T19:20:00.000+0000,969190.254589224,35.29226486400671,1012106.6001856218
2025-04-10T19:30:00.000+0000,963690.5028932402,35.29226486400671,1013464.4880181865
2025-04-10T19:40:00.000+0000,958895.8475685357,35.29226486400671,1012702.8760410444
2025-04-10T19:50:00.000+0000,954594.7597037284,35.29226486400671,1015512.3417047854
2025-04-10T20:00:00.000+0000,952832.0187755277,35.29226486400671,1017607.1531907136
2025-04-10T20:10:00.000+0000,946274.622522624,35.29226486400671,1018374.0757224525
2025-04-10T20:20:00.000+0000,936262.2540504478,35.29226486400671,1016710.969101392
2025-04-10T20:30:00.000+0000,933230.3396539439,35.29226486400671,1017951.577020162
2025-04-10T20:40:00.000+0000,939928.7551811041,35.29226486400671,1021574.795839495
2025-04-10T20:50:00.000+0000,940422.3226409997,35.29226486400671,1023538.7768639696
2025-04-10T21:00:00.000+0000,939435.1877212081,35.29226486400671,1023532.8208927554
2025-04-10T21:10:00.000+0000,940069.7744553598,35.29226486400671,1021342.1580408361
2025-04-10T21:20:00.000+0000,945287.4876028319,35.29226486400671,1018919.9060957375
2025-04-10T21:30:00.000+0000,940069.7744553598,35.29226486400671,1021434.6918741467
2025-04-10T21:40:00.000+0000,937954.4853415199,35.29226486400671,1020521.2159399163
2025-04-10T21:50:00.000+0000,941903.0250206881,35.29226486400671,1020261.2697240992
2025-04-10T22:00:00.000+0000,948107.8730879521,35.29226486400671,1019875.3232044906
2025-04-10T22:10:00.000+0000,948107.8730879521,35.29226486400671,1022814.7253916827
2025-04-10T22:20:00.000+0000,946768.18998252,35.29226486400671,1023005.9656868794
2025-04-10T22:30:00.000+0000,937037.8600588561,35.29226486400671,1024172.0959253025
2025-04-10T22:40:00.000+0000,943031.1792147361,35.29226486400671,1023818.0784828519
2025-04-10T22:50:00.000+0000,933159.8300168158,35.29226486400671,1022123.6447914247
2025-04-10T23:00:00.000+0000,932243.2047341521,35.29226486400671,1020916.5788384881
2025-04-10T23:10:00.000+0000,930621.4830802081,35.29226486400671,1020459.9729247685
2025-04-10T23:20:00.000+0000,935486.6480420401,35.29226486400671,1018277.3801421865
2025-04-10T23:30:00.000+0000,937954.4853415199,35.29226486400671,1018763.821417073
2025-04-10T23:40:00.000+0000,935698.1769534237,35.29226486400671,1021937.4398865062
2025-04-10T23:50:00.000+0000,942960.6695776081,35.29226486400671,1021610.052278029
2025-04-11T00:00:00.000+0000,947524.2960034081,35.29226486400671,1019584.9098439454
2025-04-11T00:10:00.000+0000,947861.801302992,571459.015941936,1021307.1078341543
2025-04-11T00:20:00.000+0000,951630.6104816801,571459.015941936,1021201.4834768279
2025-04-11T00:30:00.000+0000,953290.0115379682,571459.015941936,1019638.2250218883
2025-04-11T00:40:00.000+0000,957030.695275024,571459.015941936,1019177.5545266464
2025-04-11T00:50:00.000+0000,958183.8383819361,571459.015941936,1014550.7948444865
2025-04-11T01:00:00.000+0000,959083.85251416,571459.015941936,1015146.8168344069
2025-04-11T01:10:00.000+0000,955624.4231934242,571459.015941936,1019164.4097105495
2025-04-11T01:20:00.000+0000,954330.6528783522,571459.015941936,1022562.6720042937
2025-04-11T01:30:00.000+0000,949155.5716180641,571459.015941936,1024846.9029024083
2025-04-11T01:40:00.000+0000,951011.8507657761,571459.015941936,1025235.4999035742
2025-04-11T01:50:00.000+0000,945105.5080230562,571459.015941936,1029713.3315138405
2025-04-11T02:00:00.000+0000,937989.7712901601,571459.015941936,1029391.880616815
2025-04-11T02:10:00.000+0000,938467.903797904,571459.015941936,1029916.4606618308
2025-04-11T02:20:00.000+0000,932364.6829637601,571459.015941936,1032105.7661534667
2025-04-11T02:30:00.000+0000,934333.4638779999,571459.015941936,1035108.0938256389
2025-04-11T02:40:00.000+0000,932927.1917964001,571459.015941936,1033969.8096785804
2025-04-11T02:50:00.000+0000,930142.773074832,571459.015941936,1031495.9934359585
2025-04-11T03:00:00.000+0000,927414.6052365282,571459.015941936,1033230.3564652044
2025-04-11T03:10:00.000+0000,928912.127739344,572113.022557744,1035014.1614689286
2025-04-11T03:20:00.000+0000,928126.041112144,572113.022557744,1036814.1710009524
2025-04-11T03:30:00.000+0000,929305.1710529443,572113.022557744,1036434.0397808996
2025-04-11T03:40:00.000+0000,931410.760232944,572113.022557744,1037947.5818768528
2025-04-11T03:50:00.000+0000,928238.339201744,572113.022557744,1038215.1387153129
2025-04-11T04:00:00.000+0000,928827.904172144,572113.022557744,1039112.6892178503
2025-04-11T04:10:00.000+0000,926104.675499344,572113.022557744,1041049.4695380195
2025-04-11T04:20:00.000+0000,924981.6946033442,572113.022557744,1041209.3087157555
2025-04-11T04:30:00.000+0000,926273.1226337441,572113.022557744,1039410.6411456533
2025-04-11T04:40:00.000+0000,924813.2474689442,572113.022557744,1039256.3203022163
2025-04-11T04:50:00.000+0000,923381.4468265441,572113.022557744,1039419.8247777577
2025-04-11T05:00:00.000+0000,921135.4850345443,572113.022557744,1036652.8609451707
2025-04-11T05:10:00.000+0000,921696.9754825442,572113.022557744,1037528.9400738981
2025-04-11T05:20:00.000+0000,924925.5455585441,572113.022557744,1037275.8486004528
2025-04-11T05:30:00.000+0000,924644.8003345439,572113.022557744,1039414.0032765165
2025-04-11T05:40:00.000+0000,924083.3098865441,572113.022557744,1039876.4242869309
2025-04-11T05:50:00.000+0000,925290.514349744,572113.022557744,1039971.1254658335
2025-04-11T06:00:00.000+0000,923858.7137073441,572113.022557744,1044255.5644004691
2025-04-11T06:10:00.000+0000,923044.5525577441,572113.022557744,1047387.0612133178
2025-04-11T06:20:00.000+0000,922118.0933185441,572113.022557744,1047108.7336512137
2025-04-11T06:30:00.000+0000,923634.117528144,572113.022557744,1047017.7377448765
2025-04-11T06:40:00.000+0000,922511.136632144,572113.022557744,1048459.6437375082
2025-04-11T06:50:00.000+0000,919394.864645744,572113.022557744,1047033.6739879369
2025-04-11T07:00:00.000+0000,917738.467824144,572113.022557744,1044378.8200769197
2025-04-11T07:10:00.000+0000,917513.8716449441,572113.022557744,1045036.7889582176
2025-04-11T07:20:00.000+0000,918215.7347049441,572113.022557744,1043459.3843898028
2025-04-11T07:30:00.000+0000,916755.8595401442,572113.022557744,1044073.1287905232
2025-04-11T07:40:00.000+0000,915885.5493457441,572113.022557744,1047976.6165542278
2025-04-11T07:50:00.000+0000,915436.3569873441,572113.022557744,1046845.0320354579
2025-04-11T08:00:00.000+0000,919872.131526544,572113.022557744,1041170.1949997513
2025-04-11T08:10:00.000+0000,922202.316885744,572113.022557744,1046291.931991562
2025-04-11T08:20:00.000+0000,922679.583766544,572113.022557744,1045752.8773484257
2025-04-11T08:30:00.000+0000,919086.0448993441,572113.022557744,1046089.5568059518
2025-04-11T08:40:00.000+0000,919535.237257744,572113.022557744,1048683.9507725234
2025-04-11T08:50:00.000+0000,920012.5041385442,572113.022557744,1048943.2542014674
2025-04-11T09:00:00.000+0000,921556.602870544,572113.022557744,1048661.25052332
2025-04-11T09:10:00.000+0000,923100.7016025442,572113.022557744,1048096.185374155
2025-04-11T09:20:00.000+0000,921809.273572144,572113.022557744,1050442.3215555553
2025-04-11T09:30:00.000+0000,916559.3378833442,572113.022557744,1055592.0343828648
2025-04-11T09:40:00.000+0000,914734.4939273442,572113.022557744,1056884.205848906
2025-04-11T09:50:00.000+0000,916812.0085849441,572113.022557744,1057414.9398829835
2025-04-11T10:00:00.000+0000,914566.046792944,572113.022557744,1056459.508751269
2025-04-11T10:10:00.000+0000,915773.2512561441,572113.022557744,1056738.8740322117
2025-04-11T10:20:00.000+0000,915324.058897744,572113.022557744,1061415.1903654102
2025-04-11T10:30:00.000+0000,916531.2633609441,572113.022557744,1062593.2504897402
2025-04-11T10:40:00.000+0000,917345.424510544,572113.022557744,1060312.591055795
2025-04-11T10:50:00.000+0000,920180.9512729441,572113.022557744,1060546.4168906491
2025-04-11T11:00:00.000+0000,920882.8143329441,572113.022557744,1062222.5045280089
2025-04-11T11:10:00.000+0000,921163.5595569441,572113.022557744,1060254.3467776803
2025-04-11T11:20:00.000+0000,922848.030900944,572113.022557744,1058160.5231499888
2025-04-11T11:30:00.000+0000,925683.5576633438,572113.022557744,1056210.2761344092
2025-04-11T11:40:00.000+0000,927311.8799625442,572113.022557744,1057124.7188377916
2025-04-11T11:50:00.000+0000,928743.680604944,572113.022557744,1054629.2922076914
2025-04-11T12:00:00.000+0000,929950.8850681441,572113.022557744,1055121.7620978975
2025-04-11T12:10:00.000+0000,928855.9786945442,572113.022557744,1055190.7171946098
2025-04-11T12:20:00.000+0000,927901.444932944,572113.022557744,1056986.3271053045
2025-04-11T12:30:00.000+0000,926862.6876041441,572113.022557744,1060124.9109210796
2025-04-11T12:40:00.000+0000,927564.5506641442,572113.022557744,1056851.6748516615
2025-04-11T12:50:00.000+0000,928154.115634544,572113.022557744,1053887.031730885
2025-04-11T13:00:00.000+0000,926750.389514544,572113.022557744,1054396.4697298815
2025-04-11T13:10:00.000+0000,928462.935380944,572113.022557744,1054350.5370746877
2025-04-11T13:20:00.000+0000,925964.302887344,572113.022557744,1056122.9838977172
2025-04-11T13:30:00.000+0000,919086.0448993441,572113.022557744,1057503.0503170188
2025-04-11T13:40:00.000+0000,919142.1939441441,572113.022557744,1068723.6697854719
2025-04-11T13:50:00.000+0000,921696.9754825442,572113.022557744,1067709.3244437142
2025-04-11T14:00:00.000+0000,921753.1245273442,572113.022557744,1061939.2687382158
2025-04-11T14:10:00.000+0000,921332.0066913441,572113.022557744,1062394.9919042885
2025-04-11T14:20:00.000+0000,923297.223259344,572113.022557744,1051437.5402250444
2025-04-11T14:30:00.000+0000,926385.420723344,572113.022557744,1056775.153790459
2025-04-11T14:40:00.000+0000,925430.8869617439,572113.022557744,1059081.4164088373
2025-04-11T14:50:00.000+0000,925515.110528944,572113.022557744,1059390.81019431
2025-04-11T15:00:00.000+0000,928154.115634544,572113.022557744,1057692.1734964126
2025-04-11T15:10:00.000+0000,929557.8417545441,572113.022557744,1056736.1840710395
2025-04-11T15:20:00.000+0000,927339.9544849442,572113.022557744,1057374.0324427655
2025-04-11T15:30:00.000+0000,927283.805440144,572113.022557744,1062280.2430943097
2025-04-11T15:40:00.000+0000,925795.855752944,572113.022557744,1065175.7081864702
2025-04-11T15:50:00.000+0000,925290.514349744,572113.022557744,1065387.0080298092
2025-04-11T16:00:00.000+0000,925262.4398273441,572113.022557744,1061799.5761724652
2025-04-11T16:10:00.000+0000,925374.7379169441,572113.022557744,1060265.8187182508
2025-04-11T16:20:00.000+0000,925065.918170544,572113.022557744,1058463.4349204712
2025-04-11T16:30:00.000+0000,921444.304780944,572113.022557744,1063137.6842673172
2025-04-11T16:40:00.000+0000,914734.4939273442,572113.022557744,1066703.7363101894
2025-04-11T16:50:00.000+0000,915689.0276889442,572113.022557744,1066949.6505712587
2025-04-11T17:00:00.000+0000,919029.8958545441,572113.022557744,1066209.7941783075
2025-04-11T17:10:00.000+0000,916755.8595401442,572113.022557744,1067398.4258614066
2025-04-11T17:20:00.000+0000,916110.1455249441,572113.022557744,1068058.1656853845
2025-04-11T17:30:00.000+0000,913920.3327777442,572113.022557744,1067768.6122682649
2025-04-11T17:40:00.000+0000,912404.3085681441,572113.022557744,1078287.6032965207
2025-04-11T17:50:00.000+0000,908642.3225665442,572113.022557744,1078740.009810169
2025-04-11T18:00:00.000+0000,905806.795804144,572113.022557744,1078345.6802304853
2025-04-11T18:10:00.000+0000,906480.5843417442,572113.022557744,1074087.4810359129
2025-04-11T18:20:00.000+0000,906003.3174609441,572113.022557744,1072744.1697094117
2025-04-11T18:30:00.000+0000,905638.3486697441,572113.022557744,1075020.2475868077
2025-04-11T18:40:00.000+0000,905834.8703265442,572113.022557744,1073371.3968881695
2025-04-11T18:50:00.000+0000,908810.7697009441,572113.022557744,1069645.240199111
2025-04-11T19:00:00.000+0000,908782.6951785439,572113.022557744,1070655.8456967773
2025-04-11T19:10:00.000+0000,908810.7697009441,572113.022557744,1074014.4745870882
2025-04-11T19:20:00.000+0000,909568.7818057442,572113.022557744,1073552.2364609602
2025-04-11T19:30:00.000+0000,910972.5079257438,572113.022557744,1071892.7781906396
2025-04-11T19:40:00.000+0000,908136.9811633441,572113.022557744,1072813.9849346234
2025-04-11T19:50:00.000+0000,905329.5289233441,572113.022557744,1073060.2626486397
2025-04-11T20:00:00.000+0000,904543.4422961441,572113.022557744,1073002.324894776
2025-04-11T20:10:00.000+0000,901876.362668144,572113.022557744,1073324.1314855185
2025-04-11T20:20:00.000+0000,901286.7976977441,572113.022557744,1074630.0161884176
2025-04-11T20:30:00.000+0000,899742.698965744,572113.022557744,1076638.5499250838
2025-04-11T20:40:00.000+0000,899630.4008761442,572113.022557744,1077315.08869812
2025-04-11T20:50:00.000+0000,899602.3263537441,572113.022557744,1076709.279002767
2025-04-11T21:00:00.000+0000,901483.3193545439,572113.022557744,1078711.5533778043
2025-04-11T21:10:00.000+0000,899770.7734881442,572113.022557744,1080786.216025649
2025-04-11T21:20:00.000+0000,900921.828906544,572113.022557744,1079666.5572803249
2025-04-11T21:30:00.000+0000,905750.646759344,572113.022557744,1074712.333522581
2025-04-11T21:40:00.000+0000,910607.5391345441,572113.022557744,1074834.9345808374
2025-04-11T21:50:00.000+0000,904346.9206393443,572113.022557744,1075802.7911949405
2025-04-11T22:00:00.000+0000,904150.398982544,572113.022557744,1074429.7570601506
2025-04-11T22:10:00.000+0000,907266.670968944,572113.022557744,1072913.211813473
2025-04-11T22:20:00.000+0000,904711.889430544,572113.022557744,1073757.8258072324
2025-04-11T22:30:00.000+0000,905048.7836993441,572113.022557744,1072967.0490211002
2025-04-11T22:40:00.000+0000,900219.9658465441,572113.022557744,1072603.3058861285
2025-04-11T22:50:00.000+0000,901174.4996081442,572113.022557744,1072900.2889555553
2025-04-11T23:00:00.000+0000,902213.2569369441,572113.022557744,1071033.9559158315
2025-04-11T23:10:00.000+0000,903560.8340121442,572113.022557744,1068210.2424679918
2025-04-11T23:20:00.000+0000,905048.7836993441,572113.022557744,1067383.1256128438
2025-04-11T23:30:00.000+0000,904290.7715945442,572113.022557744,1069170.6699634376
2025-04-11T23:40:00.000+0000,905582.1996249441,572113.022557744,1072316.9139749685
2025-04-11T23:50:00.000+0000,905694.4977145442,572113.022557744,1073643.9629573477
2025-04-12T00:00:00.000+0000,908923.067790544,572113.022557744,1072377.357588656
2025-04-12T00:10:00.000+0000,909653.005372944,572113.022557744,1070845.8696045787
2025-04-12T00:20:00.000+0000,911169.029582544,572113.022557744,1071445.8354848195
2025-04-12T00:30:00.000+0000,911730.5200305441,572113.022557744,1073350.8743173452
2025-04-12T00:40:00.000+0000,913723.8111209441,572113.022557744,1074418.430251159
2025-04-12T00:50:00.000+0000,914734.4939273442,572113.022557744,1072087.6504919708
2025-04-12T01:00:00.000+0000,914566.046792944,572113.022557744,1071014.9800099412
2025-04-12T01:10:00.000+0000,915492.506032144,572113.022557744,1069919.7774439976
2025-04-12T01:20:00.000+0000,919282.566556144,572113.022557744,1068714.0409787248
2025-04-12T01:30:00.000+0000,919675.6098697442,572113.022557744,1069836.4382343327
2025-04-12T01:40:00.000+0000,917654.2442569442,572113.022557744,1070236.3782097753
2025-04-12T01:50:00.000+0000,917036.604764144,572113.022557744,1068684.3012646993
2025-04-12T02:00:00.000+0000,916334.741704144,572113.022557744,1068920.979992038
2025-04-12T02:10:00.000+0000,916194.3690921441,572113.022557744,1066457.5559545099
2025-04-12T02:20:00.000+0000,913246.5442401441,572113.022557744,1067876.831016263
2025-04-12T02:30:00.000+0000,913779.9601657441,572113.022557744,1067485.3049429953
2025-04-12T02:40:00.000+0000,913611.513031344,572113.022557744,1065039.8133771378
2025-04-12T02:50:00.000+0000,917401.573555344,572113.022557744,1061930.833370898
2025-04-12T03:00:00.000+0000,919142.1939441441,572113.022557744,1062897.1021658976
2025-04-12T03:10:00.000+0000,914987.1646289441,572113.022557744,1063838.6780501246
2025-04-12T03:20:00.000+0000,914341.4506137441,572113.022557744,1064161.0265279803
2025-04-12T03:30:00.000+0000,914032.630867344,572113.022557744,1063996.43610436
2025-04-12T03:40:00.000+0000,912937.7244937441,572113.022557744,1066180.9256847678
2025-04-12T03:50:00.000+0000,914566.046792944,572113.022557744,1065700.1914993636
2025-04-12T04:00:00.000+0000,918103.4366153441,572113.022557744,1063654.3567067513
2025-04-12T04:10:00.000+0000,918075.3620929442,572113.022557744,1063971.497457462
2025-04-12T04:20:00.000+0000,916278.5926593441,572113.022557744,1065846.2084593046
2025-04-12T04:30:00.000+0000,915015.2391513442,572113.022557744,1069403.619827309
2025-04-12T04:40:00.000+0000,914116.8544345441,572113.022557744,1072214.7181298388
2025-04-12T04:50:00.000+0000,913078.0971057441,572113.022557744,1074073.143214445
2025-04-12T05:00:00.000+0000,912095.4888217441,572113.022557744,1075679.5783384792
2025-04-12T05:10:00.000+0000,912263.9359561441,572113.022557744,1075983.5612583153
2025-04-12T05:20:00.000+0000,911702.4455081441,572113.022557744,1077371.3338332148
2025-04-12T05:30:00.000+0000,914846.7920169441,572113.022557744,1077850.556337804
2025-04-12T05:40:00.000+0000,914846.7920169441,572113.022557744,1076615.1358919744
2025-04-12T05:50:00.000+0000,915689.0276889442,572113.022557744,1076709.7340818928
2025-04-12T06:00:00.000+0000,910326.7939105441,572113.022557744,1078043.577889827
2025-04-12T06:10:00.000+0000,908923.067790544,572113.022557744,1080212.6557773165
2025-04-12T06:20:00.000+0000,906143.6900729442,572113.022557744,1080798.7717177584
2025-04-12T06:30:00.000+0000,903280.088788144,572113.022557744,1081145.2814536921
2025-04-12T06:40:00.000+0000,903195.865220944,572113.022557744,1081406.7169655664
2025-04-12T06:50:00.000+0000,903448.5359225441,572113.022557744,1080663.961065581
2025-04-12T07:00:00.000+0000,902522.0766833441,572113.022557744,1080032.0368601622
2025-04-12T07:10:00.000+0000,903476.6104449441,572113.022557744,1081239.5580104575
2025-04-12T07:20:00.000+0000,905104.932744144,572113.022557744,1081864.7467184186
2025-04-12T07:30:00.000+0000,903757.3556689441,572113.022557744,1083441.12338982
2025-04-12T07:40:00.000+0000,901904.4371905441,572113.022557744,1084750.2922422304
2025-04-12T07:50:00.000+0000,903701.206624144,572113.022557744,1086697.7480474482
2025-04-12T08:00:00.000+0000,900977.9779513441,572113.022557744,1086912.8526650239
2025-04-12T08:10:00.000+0000,900107.667756944,572113.022557744,1092861.2453865812
2025-04-12T08:20:00.000+0000,903448.5359225441,572113.022557744,1089854.5302138613
2025-04-12T08:30:00.000+0000,903055.4926089441,572113.022557744,1088891.3457487908
2025-04-12T08:40:00.000+0000,903504.6849673442,572113.022557744,1088589.5999309765
2025-04-12T08:50:00.000+0000,903420.461400144,572113.022557744,1089005.8618434395
2025-04-12T09:00:00.000+0000,903223.939743344,572113.022557744,1089914.698651459
2025-04-12T09:10:00.000+0000,905554.1251025441,572113.022557744,1087610.0683706389
2025-04-12T09:20:00.000+0000,907715.8633273442,572113.022557744,1089415.6866857007
2025-04-12T09:30:00.000+0000,907322.820013744,572113.022557744,1089388.8964732552
2025-04-12T09:40:00.000+0000,905469.9015353441,572113.022557744,1090207.0776427048
2025-04-12T09:50:00.000+0000,906115.6155505441,572113.022557744,1091293.6842206386
2025-04-12T10:00:00.000+0000,906564.8079089441,572113.022557744,1090326.2017615633
2025-04-12T10:10:00.000+0000,906115.6155505441,572113.022557744,1088882.8325319886
2025-04-12T10:20:00.000+0000,906452.5098193442,572113.022557744,1088759.3387900735
2025-04-12T10:30:00.000+0000,906677.105998544,572113.022557744,1088986.00872511
2025-04-12T10:40:00.000+0000,909933.750596944,572113.022557744,1087324.0319158763
2025-04-12T10:50:00.000+0000,909231.8875369439,572113.022557744,1087893.9469363878
2025-04-12T11:00:00.000+0000,909596.8563281442,572113.022557744,1090077.7863330098
2025-04-12T11:10:00.000+0000,910551.3900897441,572113.022557744,1091621.1296567083
2025-04-12T11:20:00.000+0000,911786.6690753442,572113.022557744,1092810.1344502235
2025-04-12T11:30:00.000+0000,911000.5824481441,572113.022557744,1090324.7157430868
2025-04-12T11:40:00.000+0000,910411.0174777441,572113.022557744,1089677.4860453273
2025-04-12T11:50:00.000+0000,912011.2652545441,572113.022557744,1090334.1151976723
2025-04-12T12:00:00.000+0000,912713.128314544,572113.022557744,1089524.399809336
2025-04-12T12:10:00.000+0000,915464.4315097441,572113.022557744,1091625.430387774
2025-04-12T12:20:00.000+0000,913808.034688144,572113.022557744,1092597.4882017132
2025-04-12T12:30:00.000+0000,913304.774218864,572677.094378992,1093036.6289254737
2025-04-12T12:40:00.000+0000,914341.820557552,572677.094378992,1096289.5865632894
2025-04-12T12:50:00.000+0000,915322.8103373919,572677.094378992,1096189.0270057935
2025-04-12T13:00:00.000+0000,912772.236909808,572677.094378992,1099181.1605882344
2025-04-12T13:10:00.000+0000,910277.720041072,572677.094378992,1103878.1745580917
2025-04-12T13:20:00.000+0000,911118.568423792,572677.094378992,1099359.1260061525
2025-04-12T13:30:00.000+0000,909885.324129136,572677.094378992,1101591.5062293815
2025-04-12T13:40:00.000+0000,902934.310831984,572677.094378992,1103750.5435974193
2025-04-12T13:50:00.000+0000,899318.662786288,572677.094378992,1111886.4558939338
2025-04-12T14:00:00.000+0000,897272.5983883361,572677.094378992,1115216.0530402681
2025-04-12T14:10:00.000+0000,894021.3179751522,572677.094378992,1118053.9724543835
2025-04-12T14:20:00.000+0000,890237.5002529119,572677.094378992,1119759.1568318515
2025-04-12T14:30:00.000+0000,890910.1789590882,572677.094378992,1126861.5770374844
2025-04-12T14:40:00.000+0000,895674.9864611682,572677.094378992,1124376.0888387198
2025-04-12T14:50:00.000+0000,897216.541829488,572677.094378992,1125503.1229511406
2025-04-12T15:00:00.000+0000,900944.30299288,572677.094378992,1124287.3361632319
2025-04-12T15:10:00.000+0000,906101.506406896,572677.094378992,1124138.8505565082
2025-04-12T15:20:00.000+0000,904251.639964912,572677.094378992,1131317.632521866
2025-04-12T15:30:00.000+0000,900103.4546101601,572677.094378992,1131423.784670487
2025-04-12T15:40:00.000+0000,897412.739785456,572677.094378992,1129899.0438232445
2025-04-12T15:50:00.000+0000,899598.945580528,572677.094378992,1128716.720349293
2025-04-12T16:00:00.000+0000,896235.552049648,572677.094378992,1128121.86483882
2025-04-12T16:10:00.000+0000,902289.6604052321,572677.094378992,1126066.1178610306
2025-04-12T16:20:00.000+0000,896992.3155940961,572677.094378992,1129597.4543265111
2025-04-12T16:30:00.000+0000,896095.4106525279,572677.094378992,1127151.8744424672
2025-04-12T16:40:00.000+0000,900047.398051312,572677.094378992,1120442.940468758
2025-04-12T16:50:00.000+0000,903046.4239496801,572677.094378992,1121022.8329580682
2025-04-12T17:00:00.000+0000,903270.6501850721,572677.094378992,1116401.0643752508
2025-04-12T17:10:00.000+0000,897905.4178274559,576838.21126024,1113467.0468803947
2025-04-12T17:20:00.000+0000,895469.9455252478,576838.21126024,1115435.4641869483
2025-04-12T17:30:00.000+0000,891097.1657099199,576838.21126024,1119069.4782403358
2025-04-12T17:40:00.000+0000,890737.3800289121,576838.21126024,1117415.1086668782
2025-04-12T17:50:00.000+0000,891456.9513909281,576838.21126024,1117933.8332869634
2025-04-12T18:00:00.000+0000,890432.9459911359,576838.21126024,1120027.0569173594
2025-04-12T18:10:00.000+0000,889934.781202048,576838.21126024,1120305.617292309
2025-04-12T18:20:00.000+0000,889796.4020939681,576838.21126024,1122261.1491519473
2025-04-12T18:30:00.000+0000,890405.2701695198,576838.21126024,1123627.2767796135
2025-04-12T18:40:00.000+0000,888412.611013168,576838.21126024,1125431.8747177077
2025-04-12T18:50:00.000+0000,889049.154910336,576838.21126024,1128538.7355416089
2025-04-12T19:00:00.000+0000,889436.61641296,576838.21126024,1126907.8402034906
2025-04-12T19:10:00.000+0000,889049.154910336,576838.21126024,1127976.1116164823
2025-04-12T19:20:00.000+0000,889215.209840032,576838.21126024,1124787.1882543454
2025-04-12T19:30:00.000+0000,890820.4074937601,576838.21126024,1123067.9298896748
2025-04-12T19:40:00.000+0000,887969.7978673119,576838.21126024,1124273.4297741703
2025-04-12T19:50:00.000+0000,885119.1882408641,576838.21126024,1124899.3400783667
2025-04-12T20:00:00.000+0000,884205.886127536,576838.21126024,1126101.6561243907
2025-04-12T20:10:00.000+0000,884953.133311168,576838.21126024,1126531.928031207
2025-04-12T20:20:00.000+0000,885285.2431705599,576838.21126024,1128002.2974248114
2025-04-12T20:30:00.000+0000,881521.331430784,576838.21126024,1131764.0279835681
2025-04-12T20:40:00.000+0000,882766.743403504,576838.21126024,1136989.109314032
2025-04-12T20:50:00.000+0000,885478.973921872,576838.21126024,1134914.5698502595
2025-04-12T21:00:00.000+0000,885811.0837812639,576838.21126024,1130212.511487362
2025-04-12T21:10:00.000+0000,885506.6497434878,576838.21126024,1132110.8574751334
2025-04-12T21:20:00.000+0000,885728.0563164159,576838.21126024,1132765.7930341312
2025-04-12T21:30:00.000+0000,880995.49082008,576838.21126024,1132730.9016503473
2025-04-12T21:40:00.000+0000,877680.7935010399,576838.21126024,1134329.0912954274
2025-04-12T21:50:00.000+0000,876835.245501024,581193.4786567199,1134193.8026052415
2025-04-12T22:00:00.000+0000,876562.4880816638,581193.4786567199,1134651.8868234775
2025-04-12T22:10:00.000+0000,878280.859823632,581193.4786567199,1136528.7517002416
2025-04-12T22:20:00.000+0000,879562.8196946239,581193.4786567199,1136739.4016423845
2025-04-12T22:30:00.000+0000,883899.6626624479,581193.4786567199,1135542.4689565948
2025-04-12T22:40:00.000+0000,884145.1443398718,581193.4786567199,1134823.4069325307
2025-04-12T22:50:00.000+0000,885727.13737216,581193.4786567199,1133266.45166851
2025-04-12T23:00:00.000+0000,886108.997759264,581193.4786567199,1133029.6162715142
2025-04-12T23:10:00.000+0000,887309.1304044479,581193.4786567199,1131258.9380922092
2025-04-12T23:20:00.000+0000,888945.6749206079,581193.4786567199,1132564.2961261834
2025-04-12T23:30:00.000+0000,889191.156598032,581193.4786567199,1131365.8556849957
2025-04-12T23:40:00.000+0000,888018.299694784,581193.4786567199,1132453.779137491
2025-04-12T23:50:00.000+0000,888863.8476948,581193.4786567199,1132482.0475815956
2025-04-13T00:00:00.000+0000,886108.997759264,581193.4786567199,1132347.4422299913
2025-04-13T00:10:00.000+0000,884799.7621463358,581193.4786567199,1134840.468311749
2025-04-13T00:20:00.000+0000,883981.489888256,581193.4786567199,1130450.8827752066
2025-04-13T00:30:00.000+0000,880981.1582752959,581193.4786567199,1128225.0972409027
2025-04-13T00:40:00.000+0000,882017.6364688639,581193.4786567199,1132001.3931044503
2025-04-13T00:50:00.000+0000,879590.09543656,581193.4786567199,1135521.514850201
2025-04-13T01:00:00.000+0000,878662.7202107359,581193.4786567199,1133217.3178723324
2025-04-13T01:10:00.000+0000,876507.936597792,581193.4786567199,1134631.17099718
2025-04-13T01:20:00.000+0000,875989.6975010079,581193.4786567199,1135101.6789098112
2025-04-13T01:30:00.000+0000,875989.6975010079,581193.4786567199,1131800.4231274053
2025-04-13T01:40:00.000+0000,875935.1460171358,581193.4786567199,1128016.9083911446
2025-04-13T01:50:00.000+0000,880517.4706623838,581193.4786567199,1122766.0470941598
2025-04-13T02:00:00.000+0000,880817.5038236799,581193.4786567199,1123514.2284665627
2025-04-13T02:10:00.000+0000,884936.140856016,581193.4786567199,1119969.811718355
2025-04-13T02:20:00.000+0000,890582.219436768,581193.4786567199,1119465.862607676
2025-04-13T02:30:00.000+0000,892027.8337593758,581193.4786567199,1122438.702727106
2025-04-13T02:40:00.000+0000,892737.0030497119,581193.4786567199,1125667.269763523
2025-04-13T02:50:00.000+0000,889436.6382754559,581193.4786567199,1127673.9586039896
2025-04-13T03:00:00.000+0000,888045.5754367199,581193.4786567199,1129868.9451486813
2025-04-13T03:10:00.000+0000,889463.9140173919,581193.4786567199,1128165.5274645581
2025-04-13T03:20:00.000+0000,890282.1862754718,581193.4786567199,1127123.561873703
2025-04-13T03:30:00.000+0000,891891.4550496959,581193.4786567199,1127559.288847563
2025-04-13T03:40:00.000+0000,893909.85995296,581193.4786567199,1128050.101323768
2025-04-13T03:50:00.000+0000,891973.282275504,581193.4786567199,1126661.4715011744
2025-04-13T04:00:00.000+0000,893446.172340048,581193.4786567199,1124048.5871345205
2025-04-13T04:10:00.000+0000,894946.3381465279,581193.4786567199,1121111.436216056
2025-04-13T04:20:00.000+0000,893527.9995658558,581193.4786567199,1123224.7914981802
2025-04-13T04:30:00.000+0000,895655.5074368641,581193.4786567199,1120021.5753135807
2025-04-13T04:40:00.000+0000,895410.0257594399,581193.4786567199,1120510.6599970304
2025-04-13T04:50:00.000+0000,895191.8198239519,581193.4786567199,1114090.2008892742
2025-04-13T05:00:00.000+0000,894673.5807271679,581193.4786567199,1113994.2051063813
2025-04-13T05:10:00.000+0000,893289.7422742958,581193.4786567199,1110915.6912415866
2025-04-13T05:20:00.000+0000,891883.653555888,629913.1898721679,1113817.0079061182
2025-04-13T05:30:00.000+0000,890270.1091249279,629913.1898721679,1114607.9408213873
2025-04-13T05:40:00.000+0000,893727.7043341278,629913.1898721679,1113146.8243831126
2025-04-13T05:50:00.000+0000,892690.425771368,629913.1898721679,1112615.4223241874
2025-04-13T06:00:00.000+0000,891560.9446696959,629913.1898721679,1113293.308036045
2025-04-13T06:10:00.000+0000,892367.716885176,629913.1898721679,1112623.2343082456
2025-04-13T06:20:00.000+0000,889417.2356399919,629913.1898721679,1113450.8487122254
2025-04-13T06:30:00.000+0000,887780.6405743038,629913.1898721679,1114678.0806600433
2025-04-13T06:40:00.000+0000,888057.2481910399,629913.1898721679,1115503.9698941417
2025-04-13T06:50:00.000+0000,889486.3875441761,629913.1898721679,1113555.7153117585
2025-04-13T07:00:00.000+0000,889647.7419872719,629913.1898721679,1114334.0661045397
2025-04-13T07:10:00.000+0000,890638.9192805758,629913.1898721679,1114403.995173402
2025-04-13T07:20:00.000+0000,892252.4637115358,629913.1898721679,1112825.7196149507
2025-04-13T07:30:00.000+0000,894465.3246454239,629913.1898721679,1110238.686011919
2025-04-13T07:40:00.000+0000,896678.1855793118,629913.1898721679,1109617.1009560693
2025-04-13T07:50:00.000+0000,897223.2439435038,635469.4572993679,1110471.257158426
2025-04-13T08:00:00.000+0000,897382.303783752,635469.4572993679,1108662.0987528677
2025-04-13T08:10:00.000+0000,897224.881032784,636420.360607656,1108183.1104592127
2025-04-13T08:20:00.000+0000,896999.991388544,636420.360607656,1111443.646091655
2025-04-13T08:30:00.000+0000,898754.130613616,636420.360607656,1113317.7894711879
2025-04-13T08:40:00.000+0000,895718.120416376,636420.360607656,1114643.2322115519
2025-04-13T08:50:00.000+0000,894301.3156576641,636420.360607656,1115444.1502731512
2025-04-13T09:00:00.000+0000,894503.7163374801,636420.360607656,1115953.9778550959
2025-04-13T09:10:00.000+0000,895020.962519232,636420.360607656,1115119.6205704866
2025-04-13T09:20:00.000+0000,893491.7129384,636420.360607656,1116168.096920261
2025-04-13T09:30:00.000+0000,894053.937049,636420.360607656,1118679.7051100833
2025-04-13T09:40:00.000+0000,895020.962519232,636420.360607656,1120490.0983101313
2025-04-13T09:50:00.000+0000,894368.7825509361,636420.360607656,1122288.5400015377
2025-04-13T10:00:00.000+0000,893514.201902824,636420.360607656,1121267.9316237941
2025-04-13T10:10:00.000+0000,893806.5584403359,636420.360607656,1119502.8666570364
2025-04-13T10:20:00.000+0000,894751.0949461439,636420.360607656,1117077.2494905374
2025-04-13T10:30:00.000+0000,895898.032131768,636420.360607656,1116364.4638047265
2025-04-13T10:40:00.000+0000,897022.480352968,636420.360607656,1117872.7664532554
2025-04-13T10:50:00.000+0000,892029.9302508399,636420.360607656,1119310.2022469887
2025-04-13T11:00:00.000+0000,891512.684069088,636420.360607656,1117474.1925169406
2025-04-13T11:10:00.000+0000,893941.4922268798,636420.360607656,1110319.184856457
2025-04-13T11:20:00.000+0000,892412.242646048,636420.360607656,1107927.7821101483
2025-04-13T11:30:00.000+0000,890433.2137767359,636420.360607656,1109598.3692975708
2025-04-13T11:40:00.000+0000,889938.456559408,636420.360607656,1107941.5570291288
2025-04-13T11:50:00.000+0000,888746.5414449361,636420.360607656,1107862.1875522963
2025-04-13T12:00:00.000+0000,888701.563516088,636420.360607656,1110239.3986860793
2025-04-13T12:10:00.000+0000,888341.7400853039,636420.360607656,1113662.2173382698
2025-04-13T12:20:00.000+0000,891242.816496,636420.360607656,1110341.227869492
2025-04-13T12:30:00.000+0000,894683.628052872,636420.360607656,1110517.3683628263
2025-04-13T12:40:00.000+0000,896280.344526976,636420.360607656,1110489.864952371
2025-04-13T12:50:00.000+0000,898236.8844318639,636420.360607656,1111463.922343388
2025-04-13T13:00:00.000+0000,896775.101744304,636420.360607656,1110434.28776522
2025-04-13T13:10:00.000+0000,895335.808021168,636420.360607656,1111176.8323086621
2025-04-13T13:20:00.000+0000,898619.196827072,636420.360607656,1105260.8458653146
2025-04-13T13:30:00.000+0000,901385.339451224,636420.360607656,1105880.7002771618
2025-04-13T13:40:00.000+0000,903971.570359984,636420.360607656,1099551.678177283
2025-04-13T13:50:00.000+0000,905770.687513904,636420.360607656,1091423.1392955156
2025-04-13T14:00:00.000+0000,903027.033854176,636420.360607656,1095416.2768684868
2025-04-13T14:10:00.000+0000,905006.0627234878,636420.360607656,1096559.3408429725
2025-04-13T14:20:00.000+0000,907502.3377745519,636420.360607656,1097236.5844817804
2025-04-13T14:30:00.000+0000,904826.1510080959,636420.360607656,1098410.9725001124
2025-04-13T14:40:00.000+0000,906085.5330158399,636420.360607656,1101406.001477126
2025-04-13T14:50:00.000+0000,907367.403988008,636420.360607656,1101872.2624398102
2025-04-13T15:00:00.000+0000,908784.2087467201,636420.360607656,1098798.3702933684
2025-04-13T15:10:00.000+0000,911865.196872808,636420.360607656,1100398.4114971256
2025-04-13T15:20:00.000+0000,911910.174801656,636420.360607656,1100738.0512793697
2025-04-13T15:30:00.000+0000,910268.4803987041,636420.360607656,1100126.1495645677
2025-04-13T15:40:00.000+0000,909413.899750592,636420.360607656,1099418.9340851242
2025-04-13T15:50:00.000+0000,907929.628098608,636420.360607656,1102303.0023854603
2025-04-13T16:00:00.000+0000,907659.76052552,636420.360607656,1104630.0213847752
2025-04-13T16:10:00.000+0000,904488.816541736,636420.360607656,1104791.1699032863
2025-04-13T16:20:00.000+0000,904511.30550616,636420.360607656,1108315.8050116007
2025-04-13T16:30:00.000+0000,905545.7978696639,636420.360607656,1109031.681475187
2025-04-13T16:40:00.000+0000,907389.892952432,636420.360607656,1107022.2203809205
2025-04-13T16:50:00.000+0000,907389.892952432,636420.360607656,1107427.9144503
2025-04-13T17:00:00.000+0000,904061.5262176801,636420.360607656,1108894.470383953
2025-04-13T17:10:00.000+0000,902779.655245512,636420.360607656,1112270.6660600188
2025-04-13T17:20:00.000+0000,900036.001585784,636420.360607656,1119713.9459520555
2025-04-13T17:30:00.000+0000,903499.3021070799,636420.360607656,1117902.2943824334
2025-04-13T17:40:00.000+0000,898664.17475592,636420.360607656,1121361.6781178971
2025-04-13T17:50:00.000+0000,897562.2154991439,636420.360607656,1126726.361505296
2025-04-13T18:00:00.000+0000,892659.6212547119,636420.360607656,1125228.7899659984
2025-04-13T18:10:00.000+0000,892389.753681624,636420.360607656,1123795.0924380943
2025-04-13T18:20:00.000+0000,895650.653523104,636420.360607656,1122310.987564649
2025-04-13T18:30:00.000+0000,892749.577112408,636420.360607656,1124391.794427929
2025-04-13T18:40:00.000+0000,892817.04400568,636420.360607656,1125240.941016533
2025-04-13T18:50:00.000+0000,893266.8232941601,636420.360607656,1124406.8700679569
2025-04-13T19:00:00.000+0000,895178.3852702,636420.360607656,1117566.6803628202
2025-04-13T19:10:00.000+0000,897787.1051433841,636420.360607656,1118940.1496140673
2025-04-13T19:20:00.000+0000,898439.2851116799,636420.360607656,1117079.2961517978
2025-04-13T19:30:00.000+0000,898934.042329008,636420.360607656,1100342.3593004562
2025-04-13T19:40:00.000+0000,905163.4854744559,636420.360607656,1092411.580532607
2025-04-13T19:50:00.000+0000,904826.1510080959,636420.360607656,1100201.0085320536
2025-04-13T20:00:00.000+0000,907907.139134184,636420.360607656,1098403.5983164718
2025-04-13T20:10:00.000+0000,905410.8640831199,636420.360607656,1108254.117810393
2025-04-13T20:20:00.000+0000,907030.0695216479,636420.360607656,1108941.2640773545
2025-04-13T20:30:00.000+0000,910628.303829488,636420.360607656,1096520.7424794745
2025-04-13T20:40:00.000+0000,912719.7775209199,636420.360607656,1092491.3497461183
2025-04-13T20:50:00.000+0000,914294.0050306,636420.360607656,1094257.786990118
2025-04-13T21:00:00.000+0000,918184.5958759519,636420.360607656,1086667.109565089
2025-04-13T21:10:00.000+0000,917577.3938365041,636420.360607656,1089885.6123996535
2025-04-13T21:20:00.000+0000,916048.144255672,636420.360607656,1095492.2706286395
2025-04-13T21:30:00.000+0000,914451.427781568,636420.360607656,1088176.512040913
2025-04-13T21:40:00.000+0000,919826.290278904,636420.360607656,1089848.6006678618
2025-04-13T21:50:00.000+0000,916318.0118287599,636420.360607656,1095472.6673224675
2025-04-13T22:00:00.000+0000,915868.2325402801,636420.360607656,1095807.6048136617
2025-04-13T22:10:00.000+0000,917285.037298992,636420.360607656,1095295.6470873952
2025-04-13T22:20:00.000+0000,915508.4091094959,636420.360607656,1096839.3412440678
2025-04-13T22:30:00.000+0000,917262.5483345679,636420.360607656,1094165.1373814186
2025-04-13T22:40:00.000+0000,918701.8420577039,636420.360607656,1094291.201354141
2025-04-13T22:50:00.000+0000,919106.6434173359,636420.360607656,1095176.6561772954
2025-04-13T23:00:00.000+0000,918611.886200008,636420.360607656,1094028.4474121311
2025-04-13T23:10:00.000+0000,915913.2104691279,636420.360607656,1100175.4081299498
2025-04-13T23:20:00.000+0000,914608.8505325359,636420.360607656,1099718.0292451482
2025-04-13T23:30:00.000+0000,912854.7113074639,636420.360607656,1098015.9911623215
2025-04-13T23:40:00.000+0000,913012.134058432,636420.360607656,1096667.7389043272
2025-04-13T23:50:00.000+0000,910673.281758336,636420.360607656,1101675.1783383428
2025-04-14T00:00:00.000+0000,908851.675639992,636420.360607656,1102685.6043434897
2025-04-14T00:10:00.000+0000,906400.3785177759,636420.360607656,1107144.515817763
2025-04-14T00:20:00.000+0000,905028.5516879119,636420.360607656,1118001.4420069458
2025-04-14T00:30:00.000+0000,905635.75372736,636420.360607656,1117004.7442353428
2025-04-14T00:40:00.000+0000,906760.20194856,636420.360607656,1118087.6224765885
2025-04-14T00:50:00.000+0000,906760.20194856,636420.360607656,1114619.2152068731
2025-04-14T01:00:00.000+0000,907907.139134184,636420.360607656,1115600.6048150626
2025-04-14T01:10:00.000+0000,908964.120462112,636420.360607656,1117267.9808209974
2025-04-14T01:20:00.000+0000,911078.0831179679,636420.360607656,1118725.4662455027
2025-04-14T01:30:00.000+0000,911932.6637660798,636420.360607656,1118194.1699490503
2025-04-14T01:40:00.000+0000,912067.597552624,636420.360607656,1116358.893137567
2025-04-14T01:50:00.000+0000,912022.619623776,636420.360607656,1114127.010577356
2025-04-14T02:00:00.000+0000,910785.7265804559,636420.360607656,1115077.4940718005
2025-04-14T02:10:00.000+0000,907614.782596672,636420.360607656,1118556.7772939827
2025-04-14T02:20:00.000+0000,898754.130613616,636420.360607656,1120933.4832673895
2025-04-14T02:30:00.000+0000,895245.852163472,636420.360607656,1135341.2943729358
2025-04-14T02:40:00.000+0000,898259.3733962879,636420.360607656,1135254.440986174
2025-04-14T02:50:00.000+0000,899878.578834816,636420.360607656,1133629.119521909
2025-04-14T03:00:00.000+0000,903521.7910715041,636420.360607656,1129958.3708760864
2025-04-14T03:10:00.000+0000,907120.025379344,636420.360607656,1126773.4921375974
2025-04-14T03:20:00.000+0000,908941.631497688,636420.360607656,1127483.469989899
2025-04-14T03:30:00.000+0000,909368.921821744,636420.360607656,1126076.866671363
2025-04-14T03:40:00.000+0000,907322.4260591599,636420.360607656,1124867.4843758084
2025-04-14T03:50:00.000+0000,908289.451529392,636420.360607656,1122434.7458032602
2025-04-14T04:00:00.000+0000,904646.2392927038,636420.360607656,1125207.6080373996
2025-04-14T04:10:00.000+0000,904286.41586192,636420.360607656,1124851.3452521875
2025-04-14T04:20:00.000+0000,902757.166281088,636420.360607656,1128351.7852200635
2025-04-14T04:30:00.000+0000,899361.332653064,636420.360607656,1130424.514509778
2025-04-14T04:40:00.000+0000,896572.7010644879,636420.360607656,1133663.5879946451
2025-04-14T04:50:00.000+0000,897359.814819328,636420.360607656,1133520.9168663383
2025-04-14T05:00:00.000+0000,897674.660321264,636420.360607656,1132001.817644783
2025-04-14T05:10:00.000+0000,901362.8504868001,636420.360607656,1133074.227610604
2025-04-14T05:20:00.000+0000,901767.651846432,636420.360607656,1132356.6708923667
2025-04-14T05:30:00.000+0000,900935.560162744,636420.360607656,1125518.6692251312
2025-04-14T05:40:00.000+0000,901767.651846432,636420.360607656,1123850.8373444432
2025-04-14T05:50:00.000+0000,900508.269838688,636420.360607656,1124873.3295052345
2025-04-14T06:00:00.000+0000,901857.6077041279,636420.360607656,1121875.1085198969
2025-04-14T06:10:00.000+0000,900418.313980992,636420.360607656,1124097.3263785741
2025-04-14T06:20:00.000+0000,900733.159482928,636420.360607656,1122076.2710082862
2025-04-14T06:30:00.000+0000,901587.7401310401,636420.360607656,1122150.5501666942
2025-04-14T06:40:00.000+0000,901205.4277358319,636420.360607656,1125777.3594431872
2025-04-14T06:50:00.000+0000,901835.118739704,636420.360607656,1123170.0119224193
2025-04-14T07:00:00.000+0000,897989.5058231999,636420.360607656,1121806.0786780843
2025-04-14T07:10:00.000+0000,895920.5210961921,636420.360607656,1119220.9002056709
2025-04-14T07:20:00.000+0000,898304.3513251359,636420.360607656,1122093.3635259343
2025-04-14T07:30:00.000+0000,897764.61617896,636420.360607656,1123292.4973372605
2025-04-14T07:40:00.000+0000,899676.178155,636420.360607656,1124497.734663669
2025-04-14T07:50:00.000+0000,898664.17475592,636420.360607656,1124196.4649452544
2025-04-14T08:00:00.000+0000,898281.862360712,636420.360607656,1128058.6561189974
2025-04-14T08:10:00.000+0000,900058.490550208,636420.360607656,1124810.698250421
2025-04-14T08:20:00.000+0000,900665.692589656,636420.360607656,1125507.6491334513
2025-04-14T08:30:00.000+0000,900350.84708772,636420.360607656,1128556.0121445244
2025-04-14T08:40:00.000+0000,899743.645048272,636420.360607656,1131818.9264791019
2025-04-14T08:50:00.000+0000,901767.651846432,636420.360607656,1130461.518707783
2025-04-14T09:00:00.000+0000,901925.0745973999,636420.360607656,1130843.3796414123
2025-04-14T09:10:00.000+0000,901182.9387714079,636420.360607656,1133243.947991719
2025-04-14T09:20:00.000+0000,902577.254565696,636420.360607656,1128228.9765938069
2025-04-14T09:30:00.000+0000,905838.154407176,636420.360607656,1126211.2690055324
2025-04-14T09:40:00.000+0000,906850.1578062561,636420.360607656,1124335.6110939374
2025-04-14T09:50:00.000+0000,906985.0915928,636420.360607656,1124159.633248473
2025-04-14T10:00:00.000+0000,906940.1136639519,636420.360607656,1127462.1905503776
2025-04-14T10:10:00.000+0000,906490.334375472,636420.360607656,1130643.137635484
2025-04-14T10:20:00.000+0000,903926.592431136,636420.360607656,1133816.6869982942
2025-04-14T10:30:00.000+0000,903881.6145022879,636420.360607656,1136108.5885087263
2025-04-14T10:40:00.000+0000,904084.015182104,636420.360607656,1138859.014510925
2025-04-14T10:50:00.000+0000,903544.280035928,636420.360607656,1142257.5326569793
2025-04-14T11:00:00.000+0000,902667.210423392,636420.360607656,1139380.4231394813
2025-04-14T11:10:00.000+0000,901835.118739704,636420.360607656,1141589.4307429246
2025-04-14T11:20:00.000+0000,901565.251166616,636420.360607656,1139357.3889788575
2025-04-14T11:30:00.000+0000,900575.73673196,636420.360607656,1139936.9911634182
2025-04-14T11:40:00.000+0000,899878.578834816,636420.360607656,1139381.692413998
2025-04-14T11:50:00.000+0000,899608.7112617278,636420.360607656,1140500.9011190366
2025-04-14T12:00:00.000+0000,899766.1340126961,636420.360607656,1138523.4719953663
2025-04-14T12:10:00.000+0000,901857.6077041279,636420.360607656,1136264.175674988
2025-04-14T12:20:00.000+0000,901295.3835935281,636420.360607656,1138754.1124203578
2025-04-14T12:30:00.000+0000,899653.6891905759,636420.360607656,1140779.871258282
2025-04-14T12:40:00.000+0000,897584.704463568,636420.360607656,1142142.7585341977
2025-04-14T12:50:00.000+0000,896955.013459696,636420.360607656,1141744.0334525164
2025-04-14T13:00:00.000+0000,894166.38187112,636420.360607656,1143225.7389364177
2025-04-14T13:10:00.000+0000,893401.757080704,636420.360607656,1143014.845082572
2025-04-14T13:20:00.000+0000,894008.9591201519,636420.360607656,1140635.3750320883
2025-04-14T13:30:00.000+0000,895650.653523104,636420.360607656,1133319.0120835446
2025-04-14T13:40:00.000+0000,899721.1560838479,636420.360607656,1126098.5147336854
2025-04-14T13:50:00.000+0000,898371.818218408,636420.360607656,1129743.2699160902
2025-04-14T14:00:00.000+0000,898056.9727164719,636420.360607656,1127927.895659174
2025-04-14T14:10:00.000+0000,898439.2851116799,636420.360607656,1130449.8462761468
2025-04-14T14:20:00.000+0000,897764.61617896,636420.360607656,1133675.8966758312
2025-04-14T14:30:00.000+0000,897787.1051433841,636420.360607656,1136747.6408664472
2025-04-14T14:40:00.000+0000,891557.661997936,636420.360607656,1143165.3638042049
2025-04-14T14:50:00.000+0000,890927.9709940639,636420.360607656,1143072.0626609772
2025-04-14T15:00:00.000+0000,895673.1424875279,636420.360607656,1129734.8328100946
2025-04-14T15:10:00.000+0000,896595.190028912,636420.360607656,1126754.2755435258
2025-04-14T15:20:00.000+0000,899046.487151128,636420.360607656,1123357.6506233567
2025-04-14T15:30:00.000+0000,901677.6959887359,636420.360607656,1114841.904799611
2025-04-14T15:40:00.000+0000,904488.816541736,636420.360607656,1110012.2698212217
2025-04-14T15:50:00.000+0000,906130.510944688,636420.360607656,1110768.064336726
2025-04-14T16:00:00.000+0000,905838.154407176,636420.360607656,1110613.9646097175
2025-04-14T16:10:00.000+0000,910178.524541008,636420.360607656,1107966.7513905033
2025-04-14T16:20:00.000+0000,907637.271561096,636420.360607656,1111659.7493808053
2025-04-14T16:30:00.000+0000,907907.139134184,636420.360607656,1112892.3845284989
2025-04-14T16:40:00.000+0000,904826.1510080959,636420.360607656,1118256.126626941
2025-04-14T16:50:00.000+0000,905410.8640831199,636420.360607656,1115396.6612218427
2025-04-14T17:00:00.000+0000,905006.0627234878,636420.360607656,1115133.233486504
2025-04-14T17:10:00.000+0000,904308.904826344,636420.360607656,1116936.8576394923
2025-04-14T17:20:00.000+0000,903656.7248580479,636420.360607656,1119869.321124748
2025-04-14T17:30:00.000+0000,905703.2206206319,636420.360607656,1119012.348900389
2025-04-14T17:40:00.000+0000,907322.4260591599,636420.360607656,1119378.8795369072
2025-04-14T17:50:00.000+0000,906332.911624504,636420.360607656,1122011.804709774
2025-04-14T18:00:00.000+0000,902892.100067632,636420.360607656,1125176.5502980012
2025-04-14T18:10:00.000+0000,902734.677316664,636420.360607656,1123547.9973547445
2025-04-14T18:20:00.000+0000,902487.298708,636420.360607656,1123742.3214344499
2025-04-14T18:30:00.000+0000,901340.3615223758,636420.360607656,1121489.1926879892
2025-04-14T18:40:00.000+0000,900485.780874264,636420.360607656,1120289.6563222357
2025-04-14T18:50:00.000+0000,900823.115340624,636420.360607656,1122366.529465597
2025-04-14T19:00:00.000+0000,898214.39546744,636420.360607656,1125635.8335488737
2025-04-14T19:10:00.000+0000,898529.2409693759,636420.360607656,1126065.516203775
2025-04-14T19:20:00.000+0000,899496.266439608,636420.360607656,1125669.6584707438
2025-04-14T19:30:00.000+0000,899451.2885107601,636420.360607656,1124796.0371774319
2025-04-14T19:40:00.000+0000,899271.3767953679,636420.360607656,1126638.8096159801
2025-04-14T19:50:00.000+0000,904466.3275773119,636420.360607656,1122717.803216033
2025-04-14T20:00:00.000+0000,905725.7095850559,636420.360607656,1121256.4377089825
2025-04-14T20:10:00.000+0000,906985.0915928,636420.360607656,1121011.9879736584
2025-04-14T20:20:00.000+0000,908379.407387088,636420.360607656,1117399.887469791
2025-04-14T20:30:00.000+0000,908514.3411736321,636420.360607656,1117875.8686508755
2025-04-14T20:40:00.000+0000,904443.838612888,636420.360607656,1118934.1042269552
2025-04-14T20:50:00.000+0000,901430.3173800721,636420.360607656,1121664.5561824087
2025-04-14T21:00:00.000+0000,901835.118739704,636420.360607656,1119684.5237391214
2025-04-14T21:10:00.000+0000,903072.0117830238,636420.360607656,1119648.5034670657
2025-04-14T21:20:00.000+0000,903341.879356112,636420.360607656,1118714.6469629467
2025-04-14T21:30:00.000+0000,903296.9014272639,636420.360607656,1112261.2203001012
2025-04-14T21:40:00.000+0000,902757.166281088,636420.360607656,1111964.4523324615
2025-04-14T21:50:00.000+0000,900913.07119832,636420.360607656,1114178.6482850544
2025-04-14T22:00:00.000+0000,901632.718059888,636420.360607656,1114969.9880542553
2025-04-14T22:10:00.000+0000,901970.0525262479,636420.360607656,1113714.2709981017
2025-04-14T22:20:00.000+0000,905118.5075456081,636420.360607656,1112356.6944136568
2025-04-14T22:30:00.000+0000,903971.570359984,636420.360607656,1113258.5966981882
2025-04-14T22:40:00.000+0000,905320.9082254239,636420.360607656,1115635.4535776714
2025-04-14T22:50:00.000+0000,905590.7757985119,636420.360607656,1115343.5313393585
2025-04-14T23:00:00.000+0000,904893.617901368,636420.360607656,1115346.7789718644
2025-04-14T23:10:00.000+0000,903971.570359984,636420.360607656,1118137.4368309882
2025-04-14T23:20:00.000+0000,902847.122138784,636420.360607656,1118165.214678198
2025-04-14T23:30:00.000+0000,901677.6959887359,636420.360607656,1118736.9534989535
2025-04-14T23:40:00.000+0000,902554.765601272,636420.360607656,1114536.0412266229
2025-04-14T23:50:00.000+0000,904039.037253256,636420.360607656,1115037.9490270289
2025-04-15T00:00:00.000+0000,904218.948968648,636420.360607656,1113894.9295660977
2025-04-15T00:10:00.000+0000,905545.7978696639,636420.360607656,1109245.5207330089
2025-04-15T00:20:00.000+0000,904218.948968648,636420.360607656,1109792.9672952383
2025-04-15T00:30:00.000+0000,900935.560162744,636420.360607656,1115388.0976246363
2025-04-15T00:40:00.000+0000,899631.200226152,636420.360607656,1118465.0706019246
2025-04-15T00:50:00.000+0000,898281.862360712,636420.360607656,1116498.3414805841
2025-04-15T01:00:00.000+0000,899158.931973248,636420.360607656,1110880.58702653
2025-04-15T01:10:00.000+0000,898619.196827072,636420.360607656,1111691.974804942
2025-04-15T01:20:00.000+0000,897764.61617896,636420.360607656,1114425.874548172
2025-04-15T01:30:00.000+0000,897629.682392416,636420.360607656,1118144.7253026455
2025-04-15T01:40:00.000+0000,896190.38866928,636420.360607656,1119857.8150783442
2025-04-15T01:50:00.000+0000,895470.741807712,636420.360607656,1122070.650393073
2025-04-15T02:00:00.000+0000,894526.205301904,636420.360607656,1121606.4280813588
2025-04-15T02:10:00.000+0000,894391.2715153599,636420.360607656,1121468.5906689137
2025-04-15T02:20:00.000+0000,894728.60598172,636420.360607656,1115641.6889438988
2025-04-15T02:30:00.000+0000,896775.101744304,636420.360607656,1112521.2104820819
2025-04-15T02:40:00.000+0000,896122.9217760081,636420.360607656,1114799.477088515
2025-04-15T02:50:00.000+0000,897044.969317392,636420.360607656,1116863.450150592
2025-04-15T03:00:00.000+0000,895987.987989464,636420.360607656,1119632.946004533
2025-04-15T03:10:00.000+0000,895920.5210961921,636420.360607656,1119469.431725807
2025-04-15T03:20:00.000+0000,894233.848764392,636420.360607656,1120982.40125898
2025-04-15T03:30:00.000+0000,889870.9896661361,636420.360607656,1123784.4649992883
2025-04-15T03:40:00.000+0000,889803.522772864,636420.360607656,1124464.8670170903
2025-04-15T03:50:00.000+0000,891512.684069088,636420.360607656,1125099.227854653
2025-04-15T04:00:00.000+0000,890275.7910257679,636420.360607656,1124850.1462029864
2025-04-15T04:10:00.000+0000,891894.996464296,636420.360607656,1124128.6642703717
2025-04-15T04:20:00.000+0000,892682.110219136,636420.360607656,1122013.8325996525
2025-04-15T04:30:00.000+0000,893266.8232941601,636420.360607656,1122299.8246501465
2025-04-15T04:40:00.000+0000,893581.668796096,636420.360607656,1123589.6157924915
2025-04-15T04:50:00.000+0000,894458.7384086319,636420.360607656,1125109.8892074542
2025-04-15T05:00:00.000+0000,894278.8266932399,636420.360607656,1128957.938042524
2025-04-15T05:10:00.000+0000,892996.9557210719,636420.360607656,1129243.9302731915
2025-04-15T05:20:00.000+0000,892569.665397016,636420.360607656,1130269.8803075324
2025-04-15T05:30:00.000+0000,893266.8232941601,636420.360607656,1129260.2439193025
2025-04-15T05:40:00.000+0000,893919.003262456,636420.360607656,1132015.9958242902
2025-04-15T05:50:00.000+0000,894278.8266932399,636420.360607656,1129403.2785714436
2025-04-15T06:00:00.000+0000,892524.6874681679,636420.360607656,1127695.400635351
2025-04-15T06:10:00.000+0000,895493.230772136,636420.360607656,1127356.7862778613
2025-04-15T06:20:00.000+0000,893649.135689368,636420.360607656,1127231.3792655882
2025-04-15T06:30:00.000+0000,892479.7095393201,636420.360607656,1129170.0187146496
2025-04-15T06:40:00.000+0000,892906.9998633759,636420.360607656,1128692.5111386534
2025-04-15T06:50:00.000+0000,893963.9811913039,636420.360607656,1126828.960443403
2025-04-15T07:00:00.000+0000,891647.6178556319,636420.360607656,1128481.3674657797
2025-04-15T07:10:00.000+0000,891557.661997936,636420.360607656,1130791.0277947313
2025-04-15T07:20:00.000+0000,890163.3462036479,636420.360607656,1132440.4337191784
2025-04-15T07:30:00.000+0000,889376.2324488079,636420.360607656,1131734.2029936938
2025-04-15T07:40:00.000+0000,889533.655199776,636420.360607656,1131721.935649938
2025-04-15T07:50:00.000+0000,889308.7655555359,636420.360607656,1131397.4445170742
2025-04-15T08:00:00.000+0000,889398.7214132319,636420.360607656,1132212.9313707768
2025-04-15T08:10:00.000+0000,888881.4752314801,636420.360607656,1133097.5886100228
2025-04-15T08:20:00.000+0000,888049.383547792,636420.360607656,1132999.4518714412
2025-04-15T08:30:00.000+0000,889016.409018024,636420.360607656,1131517.8753765216
2025-04-15T08:40:00.000+0000,888026.894583368,636420.360607656,1132383.0702205435
2025-04-15T08:50:00.000+0000,887779.5159747041,636420.360607656,1131660.7625143533
2025-04-15T09:00:00.000+0000,886700.045682352,636420.360607656,1131363.4357489634
2025-04-15T09:10:00.000+0000,885103.329208248,636420.360607656,1135757.4053764986
2025-04-15T09:20:00.000+0000,884968.395421704,636420.360607656,1136916.565840543
2025-04-15T09:30:00.000+0000,887981.91665452,636420.360607656,1131806.9251277521
2025-04-15T09:40:00.000+0000,887914.4497612481,636420.360607656,1134128.06764948
2025-04-15T09:50:00.000+0000,887442.181508344,636420.360607656,1137454.5911384078
2025-04-15T10:00:00.000+0000,886902.4463621681,636420.360607656,1138946.0990713965
2025-04-15T10:10:00.000+0000,889646.100021896,636420.360607656,1135286.165097594
2025-04-15T10:20:00.000+0000,891062.904780608,636420.360607656,1132962.524909436
2025-04-15T10:30:00.000+0000,891062.904780608,636420.360607656,1129134.3519811002
2025-04-15T10:40:00.000+0000,893154.3784720399,636420.360607656,1128750.0581310124
2025-04-15T10:50:00.000+0000,893289.312258584,636420.360607656,1130853.0790534227
2025-04-15T11:00:00.000+0000,893356.779151856,636420.360607656,1130246.1055861246
2025-04-15T11:10:00.000+0000,894458.7384086319,636420.360607656,1127621.9434490884
2025-04-15T11:20:00.000+0000,897044.969317392,636420.360607656,1127932.9459625762
2025-04-15T11:30:00.000+0000,896775.101744304,636420.360607656,1129273.967480107
2025-04-15T11:40:00.000+0000,898169.417538592,636420.360607656,1129421.6840913356
2025-04-15T11:50:00.000+0000,897022.480352968,636420.360607656,1128526.5711218093
2025-04-15T12:00:00.000+0000,896190.38866928,636420.360607656,1129999.4736837957
2025-04-15T12:10:00.000+0000,896167.8997048559,636420.360607656,1131882.5368830021
2025-04-15T12:20:00.000+0000,896212.877633704,636420.360607656,1128604.3602719961
2025-04-15T12:30:00.000+0000,899113.9540444,636420.360607656,1127700.6345111388
2025-04-15T12:40:00.000+0000,899181.420937672,636420.360607656,1129232.322999063
2025-04-15T12:50:00.000+0000,895920.5210961921,636420.360607656,1132401.307786848
2025-04-15T13:00:00.000+0000,895268.341127896,636420.360607656,1134391.154973307
2025-04-15T13:10:00.000+0000,894728.60598172,636420.360607656,1134312.2031617742
2025-04-15T13:20:00.000+0000,895965.4990250398,636420.360607656,1131385.6957137196
2025-04-15T13:30:00.000+0000,894278.8266932399,636420.360607656,1132569.8588903686
2025-04-15T13:40:00.000+0000,890500.6806700081,636420.360607656,1138001.9193497202
2025-04-15T13:50:00.000+0000,889803.522772864,636420.360607656,1129887.234232724
2025-04-15T14:00:00.000+0000,900665.692589656,636420.360607656,1124929.0018779868
2025-04-15T14:10:00.000+0000,900125.9574434799,636420.360607656,1120128.3942485233
2025-04-15T14:20:00.000+0000,905140.996510032,636420.360607656,1116249.4890707822
2025-04-15T14:30:00.000+0000,905500.819940816,636420.360607656,1116748.535039958
2025-04-15T14:40:00.000+0000,904533.794470584,636420.360607656,1120210.8480572554
2025-04-15T14:50:00.000+0000,905590.7757985119,636420.360607656,1121794.2274116718
2025-04-15T15:00:00.000+0000,904308.904826344,636420.360607656,1120928.2639256315
2025-04-15T15:10:00.000+0000,901565.251166616,636420.360607656,1123033.0250559384
2025-04-15T15:20:00.000+0000,900036.001585784,636420.360607656,1123786.7407950978
2025-04-15T15:30:00.000+0000,900530.758803112,636420.360607656,1118106.0823536948
2025-04-15T15:40:00.000+0000,903836.6365734399,636420.360607656,1115908.191181325
2025-04-15T15:50:00.000+0000,904713.706185976,636420.360607656,1112819.0086761029
2025-04-15T16:00:00.000+0000,903521.7910715041,636420.360607656,1116415.0825837152
2025-04-15T16:10:00.000+0000,904398.86068404,636420.360607656,1118600.7272916825
2025-04-15T16:20:00.000+0000,903904.1034667119,636420.360607656,1117298.757849362
2025-04-15T16:30:00.000+0000,903701.7027868959,636420.360607656,1119128.3509367162
2025-04-15T16:40:00.000+0000,904353.882755192,636420.360607656,1118506.972116765
2025-04-15T16:50:00.000+0000,903701.7027868959,636420.360607656,1117150.9648920833
2025-04-15T17:00:00.000+0000,904241.437933072,636420.360607656,1116076.0104788505
2025-04-15T17:10:00.000+0000,903589.257964776,636420.360607656,1116848.3069575448
2025-04-15T17:20:00.000+0000,906625.2681620161,636420.360607656,1112831.9786822197
2025-04-15T17:30:00.000+0000,907749.716383216,636420.360607656,1112805.4976650989
2025-04-15T17:40:00.000+0000,907299.9370947359,636420.360607656,1114982.6698448467
2025-04-15T17:50:00.000+0000,908626.7859957519,636420.360607656,1109479.7648445703
2025-04-15T18:00:00.000+0000,909773.723181376,636420.360607656,1109712.839992655
2025-04-15T18:10:00.000+0000,910403.414185248,636420.360607656,1105554.0036749975
2025-04-15T18:20:00.000+0000,913371.957489216,636420.360607656,1104955.1448614788
2025-04-15T18:30:00.000+0000,912562.3547699519,636420.360607656,1106612.5572709606
2025-04-15T18:40:00.000+0000,911842.707908384,636420.360607656,1107257.6820259448
2025-04-15T18:50:00.000+0000,912562.3547699519,636420.360607656,1107099.2210149884
2025-04-15T19:00:00.000+0000,912629.821663224,636420.360607656,1105123.1244172729
2025-04-15T19:10:00.000+0000,914136.582279632,636420.360607656,1106159.4792451519
2025-04-15T19:20:00.000+0000,914069.11538636,636420.360607656,1102590.5392617655
2025-04-15T19:30:00.000+0000,915778.276682584,636420.360607656,1104891.8595505625
2025-04-15T19:40:00.000+0000,916745.302152816,636420.360607656,1102737.0685210638
2025-04-15T19:50:00.000+0000,914159.071244056,636420.360607656,1104457.7101249588
2025-04-15T20:00:00.000+0000,914338.9829594479,636420.360607656,1104873.9025044646
2025-04-15T20:10:00.000+0000,912494.88787668,636420.360607656,1105513.52903561
2025-04-15T20:20:00.000+0000,913349.468524792,636420.360607656,1105816.3411538056
2025-04-15T20:30:00.000+0000,913551.8692046081,636420.360607656,1105279.7817570865
2025-04-15T20:40:00.000+0000,914204.0491729039,636420.360607656,1103080.6948690196
2025-04-15T20:50:00.000+0000,916902.7249037839,636420.360607656,1098448.772037286
2025-04-15T21:00:00.000+0000,915306.0084296799,636420.360607656,1100958.0610814434
2025-04-15T21:10:00.000+0000,915238.541536408,636420.360607656,1100067.1187798306
2025-04-15T21:20:00.000+0000,913911.6926353918,636420.360607656,1101832.4974147212
2025-04-15T21:30:00.000+0000,912584.8437343759,636420.360607656,1105186.5370709514
2025-04-15T21:40:00.000+0000,911595.32929972,636420.360607656,1106001.286649438
2025-04-15T21:50:00.000+0000,911955.152730504,636420.360607656,1104185.6790460264
2025-04-15T22:00:00.000+0000,913416.935418064,636420.360607656,1100931.694982143
2025-04-15T22:10:00.000+0000,914473.9167459919,636420.360607656,1099348.6902090888
2025-04-15T22:20:00.000+0000,916183.0780422159,636420.360607656,1096589.4144262355
2025-04-15T22:30:00.000+0000,917802.2834807441,636420.360607656,1098751.0295952964
2025-04-15T22:40:00.000+0000,917802.2834807441,636420.360607656,1095291.691790117
2025-04-15T22:50:00.000+0000,918094.6400182559,636420.360607656,1093391.9889165955
2025-04-15T23:00:00.000+0000,917172.592476872,636420.360607656,1095100.0549964637
2025-04-15T23:10:00.000+0000,917802.2834807441,636420.360607656,1095935.009331576
2025-04-15T23:20:00.000+0000,918364.507591344,636420.360607656,1097615.4601028177
2025-04-15T23:30:00.000+0000,917127.614548024,636420.360607656,1097490.2710091202
2025-04-15T23:40:00.000+0000,918252.0627692239,636420.360607656,1094565.7079747536
2025-04-15T23:50:00.000+0000,918791.7979154,636420.360607656,1093561.0396286137
2025-04-16T00:00:00.000+0000,919398.9999548481,636420.360607656,1092534.829000306
2025-04-16T00:10:00.000+0000,920793.315749136,636420.360607656,1089224.0416955668
2025-04-16T00:20:00.000+0000,916745.302152816,636420.360607656,1089973.442176608
2025-04-16T00:30:00.000+0000,916520.412508576,636420.360607656,1094705.0954053947
2025-04-16T00:40:00.000+0000,917914.7283028639,636420.360607656,1092755.0657974286
2025-04-16T00:50:00.000+0000,920366.0254250799,636420.360607656,1087595.1374536434
2025-04-16T01:00:00.000+0000,918836.775844248,636420.360607656,1088419.2618621185
2025-04-16T01:10:00.000+0000,918027.173124984,636420.360607656,1091674.252813658
2025-04-16T01:20:00.000+0000,915980.6773624,636420.360607656,1094011.5088744257
2025-04-16T01:30:00.000+0000,916880.23593936,636420.360607656,1091307.4993545222
2025-04-16T01:40:00.000+0000,915328.497394104,636420.360607656,1091827.560029203
2025-04-16T01:50:00.000+0000,915800.7656470081,636420.360607656,1095120.0449338916
2025-04-16T02:00:00.000+0000,914946.184998896,636420.360607656,1096963.513479639
2025-04-16T02:10:00.000+0000,914991.162927744,636420.360607656,1096468.9532101392
2025-04-16T02:20:00.000+0000,914653.8284613839,636420.360607656,1096917.557196261
2025-04-16T02:30:00.000+0000,914181.5602084799,636420.360607656,1096278.74046338
2025-04-16T02:40:00.000+0000,915485.920145072,636420.360607656,1094798.7041284025
2025-04-16T02:50:00.000+0000,914473.9167459919,636420.360607656,1096375.530148954
2025-04-16T03:00:00.000+0000,914091.604350784,636420.360607656,1098723.510115955
2025-04-16T03:10:00.000+0000,913394.44645364,636420.360607656,1100565.9689227995
2025-04-16T03:20:00.000+0000,913664.314026728,636420.360607656,1097888.8602522984
2025-04-16T03:30:00.000+0000,914159.071244056,636420.360607656,1097043.4494317533
2025-04-16T03:40:00.000+0000,914249.027101752,636420.360607656,1095579.7717723039
2025-04-16T03:50:00.000+0000,914653.8284613839,636420.360607656,1095112.2089297734
2025-04-16T04:00:00.000+0000,913731.78092,636420.360607656,1094997.5686792983
2025-04-16T04:10:00.000+0000,913754.2698844239,636420.360607656,1090923.4633525
2025-04-16T04:20:00.000+0000,917240.059370144,636420.360607656,1089375.1780162673
2025-04-16T04:30:00.000+0000,917464.949014384,636420.360607656,1089392.0366901984
2025-04-16T04:40:00.000+0000,918297.0406980719,636420.360607656,1088154.784693736
2025-04-16T04:50:00.000+0000,921827.8081126399,636420.360607656,1090956.7179327877
2025-04-16T05:00:00.000+0000,920478.4702472001,636420.360607656,1093598.9166824068
2025-04-16T05:10:00.000+0000,920253.58060296,636420.360607656,1094578.3755326518
2025-04-16T05:20:00.000+0000,922479.988080936,636420.360607656,1082812.8659884646
2025-04-16T05:30:00.000+0000,924548.9728079438,636420.360607656,1082102.4548627695
2025-04-16T05:40:00.000+0000,924593.9507367918,636420.360607656,1086913.6080283164
2025-04-16T05:50:00.000+0000,922727.3666896,636420.360607656,1086547.369496312
2025-04-16T06:00:00.000+0000,922457.499116512,636420.360607656,1085336.06207442
2025-04-16T06:10:00.000+0000,921018.2053933761,636420.360607656,1085750.9921520639
2025-04-16T06:20:00.000+0000,921355.5398597361,636420.360607656,1088724.78483064
2025-04-16T06:30:00.000+0000,920321.047496232,636420.360607656,1089908.4111630628
2025-04-16T06:40:00.000+0000,920500.9592116239,636420.360607656,1091018.4631664199
2025-04-16T06:50:00.000+0000,920658.381962592,636420.360607656,1091553.2847023974
2025-04-16T07:00:00.000+0000,920298.558531808,636420.360607656,1088509.3997183694
2025-04-16T07:10:00.000+0000,920725.8488558639,636420.360607656,1087554.0107352668
2025-04-16T07:20:00.000+0000,921490.4736462799,636420.360607656,1084468.438989609
2025-04-16T07:30:00.000+0000,922524.966009784,636420.360607656,1083425.1468647528
2025-04-16T07:40:00.000+0000,921872.7860414879,636420.360607656,1084045.11677627
2025-04-16T07:50:00.000+0000,922007.719828032,636420.360607656,1082550.5021334942
2025-04-16T08:00:00.000+0000,925515.998278176,636420.360607656,1080081.3365855734
2025-04-16T08:10:00.000+0000,927517.516111912,636420.360607656,1077447.227655405
2025-04-16T08:20:00.000+0000,923874.3038752238,636420.360607656,1079174.658574305
2025-04-16T08:30:00.000+0000,920950.738500104,636420.360607656,1086455.1768838821
2025-04-16T08:40:00.000+0000,919016.68755964,636420.360607656,1088883.102024332
2025-04-16T08:50:00.000+0000,920770.826784712,636420.360607656,1087351.5391040635
2025-04-16T09:00:00.000+0000,918297.0406980719,636420.360607656,1088687.9764353011
2025-04-16T09:10:00.000+0000,918319.529662496,636420.360607656,1089060.6727731156
2025-04-16T09:20:00.000+0000,918769.3089509759,636420.360607656,1088104.3408538771
2025-04-16T09:30:00.000+0000,919668.8675279359,636420.360607656,1087796.8494909662
2025-04-16T09:40:00.000+0000,919983.7130298719,636420.360607656,1084720.8161653625
2025-04-16T09:50:00.000+0000,921827.8081126399,636420.360607656,1084171.6768082376
2025-04-16T10:00:00.000+0000,921940.2529347601,636420.360607656,1084790.111529842
2025-04-16T10:10:00.000+0000,919781.3123500559,636420.360607656,1087622.1009294414
2025-04-16T10:20:00.000+0000,917937.2172672879,636420.360607656,1090323.0917269555
2025-04-16T10:30:00.000+0000,917419.971085536,636420.360607656,1091186.1655455753
2025-04-16T10:40:00.000+0000,916745.302152816,636420.360607656,1090787.9969509176
2025-04-16T10:50:00.000+0000,916025.655291248,636420.360607656,1093040.7032353522
2025-04-16T11:00:00.000+0000,914473.9167459919,636420.360607656,1092106.469839145
2025-04-16T11:10:00.000+0000,914811.251212352,636420.360607656,1092768.6017472537
2025-04-16T11:20:00.000+0000,916093.12218452,636420.360607656,1089941.6331331213
2025-04-16T11:30:00.000+0000,916880.23593936,636420.360607656,1088882.249536935
2025-04-16T11:40:00.000+0000,913979.1595286638,636420.360607656,1092964.9524782049
2025-04-16T11:50:00.000+0000,914271.5160661759,636420.360607656,1094793.4934683125
2025-04-16T12:00:00.000+0000,914181.5602084799,636420.360607656,1094123.9497785172
2025-04-16T12:10:00.000+0000,914811.251212352,636420.360607656,1093426.6734078035
2025-04-16T12:20:00.000+0000,913484.402311336,636420.360607656,1095339.346328771
2025-04-16T12:30:00.000+0000,912944.66716516,636420.360607656,1093259.3265668498
2025-04-16T12:40:00.000+0000,914361.471923872,636420.360607656,1089989.4778161002
2025-04-16T12:50:00.000+0000,915171.074643136,636420.360607656,1089557.2121735443
2025-04-16T13:00:00.000+0000,916880.23593936,636420.360607656,1088709.096442487
2025-04-16T13:10:00.000+0000,916003.1663268241,636420.360607656,1086756.2549298794
2025-04-16T13:20:00.000+0000,913799.2478132719,636420.360607656,1086574.3004622199
2025-04-16T13:30:00.000+0000,911932.6637660798,636420.360607656,1086322.5349526976
2025-04-16T13:40:00.000+0000,912517.3768411039,636420.360607656,1089781.0056341412
2025-04-16T13:50:00.000+0000,914451.427781568,636420.360607656,1085451.6039995458
2025-04-16T14:00:00.000+0000,913057.1119872801,636420.360607656,1086874.0370730753
2025-04-16T14:10:00.000+0000,912359.9540901359,636420.360607656,1088865.306146317
2025-04-16T14:20:00.000+0000,906737.712984136,636420.360607656,1093135.6506593719
2025-04-16T14:30:00.000+0000,903904.1034667119,636420.360607656,1099532.139323899
2025-04-16T14:40:00.000+0000,900238.4022655999,636420.360607656,1099935.5217745292
2025-04-16T14:50:00.000+0000,899248.887830944,636420.360607656,1102210.6710695396
2025-04-16T15:00:00.000+0000,899113.9540444,636420.360607656,1103325.0701359224
2025-04-16T15:10:00.000+0000,897089.94724624,636420.360607656,1104546.6300107588
2025-04-16T15:20:00.000+0000,895493.230772136,636420.360607656,1107425.1512397376
2025-04-16T15:30:00.000+0000,899721.1560838479,636420.360607656,1109581.6625055175
2025-04-16T15:40:00.000+0000,900733.159482928,636420.360607656,1107188.1427734103
2025-04-16T15:50:00.000+0000,899946.0457280879,636420.360607656,1105772.8373371735
2025-04-16T16:00:00.000+0000,899428.7995463359,636420.360607656,1106833.3984043482
2025-04-16T16:10:00.000+0000,900260.891230024,636420.360607656,1106565.1299165818
2025-04-16T16:20:00.000+0000,903724.19175132,636420.360607656,1103947.6093705096
2025-04-16T16:30:00.000+0000,904556.283435008,636420.360607656,1099610.0167519024
2025-04-16T16:40:00.000+0000,904488.816541736,636420.360607656,1100533.767776866
2025-04-16T16:50:00.000+0000,902644.721458968,636420.360607656,1104634.9893010142
2025-04-16T17:00:00.000+0000,900710.670518504,636420.360607656,1110639.3521460393
2025-04-16T17:10:00.000+0000,898551.7299338001,636420.360607656,1109983.55179869
2025-04-16T17:20:00.000+0000,897832.0830722321,636420.360607656,1116470.9446960299
2025-04-16T17:30:00.000+0000,899631.200226152,636420.360607656,1107673.214688289
2025-04-16T17:40:00.000+0000,905703.2206206319,636420.360607656,1091840.9939420414
2025-04-16T17:50:00.000+0000,912180.0423747438,636420.360607656,1079180.041372291
2025-04-16T18:00:00.000+0000,907727.227418792,636420.360607656,1082768.9827139103
2025-04-16T18:10:00.000+0000,903409.3462493841,636420.360607656,1088984.5355815564
2025-04-16T18:20:00.000+0000,901880.0966685519,636420.360607656,1090672.6716359134
2025-04-16T18:30:00.000+0000,902644.721458968,636420.360607656,1094364.4636534122
2025-04-16T18:40:00.000+0000,906805.1798774078,636420.360607656,1091211.8157973636
2025-04-16T18:50:00.000+0000,905320.9082254239,636420.360607656,1093130.8532723547
2025-04-16T19:00:00.000+0000,906287.9336956559,636420.360607656,1098055.595971431
2025-04-16T19:10:00.000+0000,908874.164604416,636420.360607656,1098154.6879106741
2025-04-16T19:20:00.000+0000,909863.6790390719,636420.360607656,1095574.7511964114
2025-04-16T19:30:00.000+0000,908964.120462112,636420.360607656,1096740.239079196
2025-04-16T19:40:00.000+0000,905905.621300448,636420.360607656,1101984.7155364237
2025-04-16T19:50:00.000+0000,902644.721458968,636420.360607656,1116306.169811568
2025-04-16T20:00:00.000+0000,898371.818218408,636420.360607656,1116345.8740869302
2025-04-16T20:10:00.000+0000,895538.208700984,636420.360607656,1117157.1282006914
2025-04-16T20:20:00.000+0000,894728.60598172,636420.360607656,1117998.331829447
2025-04-16T20:30:00.000+0000,894953.49562596,636420.360607656,1115871.7035406965
2025-04-16T20:40:00.000+0000,898349.329253984,636420.360607656,1112580.6749801305
2025-04-16T20:50:00.000+0000,898866.575435736,636420.360607656,1110086.1690087244
2025-04-16T21:00:00.000+0000,899968.534692512,636420.360607656,1110315.2271251618
2025-04-16T21:10:00.000+0000,897764.61617896,636420.360607656,1114379.0001883414
2025-04-16T21:20:00.000+0000,896617.6789933359,636420.360607656,1117373.7249105014
2025-04-16T21:30:00.000+0000,895718.120416376,636420.360607656,1116688.0657430573
2025-04-16T21:40:00.000+0000,896550.2121000639,636420.360607656,1116968.057807974
2025-04-16T21:50:00.000+0000,894031.448084576,636420.360607656,1118502.0280601196
2025-04-16T22:00:00.000+0000,893761.5805114879,636420.360607656,1117312.5368235
2025-04-16T22:10:00.000+0000,894008.9591201519,636420.360607656,1115576.1184905777
2025-04-16T22:20:00.000+0000,894278.8266932399,636420.360607656,1114846.1267624865
2025-04-16T22:30:00.000+0000,893761.5805114879,636420.360607656,1114352.4497042499
2025-04-16T22:40:00.000+0000,893244.334329736,636420.360607656,1117290.9946073191
2025-04-16T22:50:00.000+0000,892389.753681624,636420.360607656,1116038.8024007855
2025-04-16T23:00:00.000+0000,893986.470155728,636420.360607656,1113393.142032373
2025-04-16T23:10:00.000+0000,896685.1458866079,636420.360607656,1112291.067200043
2025-04-16T23:20:00.000+0000,899248.887830944,636420.360607656,1111241.330788246
2025-04-16T23:30:00.000+0000,902015.030455096,636420.360607656,1108058.7648431219
2025-04-16T23:40:00.000+0000,901655.207024312,636420.360607656,1107979.06645041
2025-04-16T23:50:00.000+0000,902442.320779152,636420.360607656,1109659.266401311
2025-04-17T00:00:00.000+0000,903431.8352138079,636420.360607656,1107985.0687486841
2025-04-17T00:10:00.000+0000,904061.5262176801,636420.360607656,1108737.5470704802
2025-04-17T00:20:00.000+0000,905253.441332152,636420.360607656,1107675.8568688734
2025-04-17T00:30:00.000+0000,900530.758803112,636420.360607656,1109823.387239364
2025-04-17T00:40:00.000+0000,899428.7995463359,636420.360607656,1110288.8892607982
2025-04-17T00:50:00.000+0000,898101.95064532,636420.360607656,1110795.1280780316
2025-04-17T01:00:00.000+0000,896797.5907087281,636420.360607656,1111169.1624159217
2025-04-17T01:10:00.000+0000,894503.7163374801,636420.360607656,1113741.4665540177
2025-04-17T01:20:00.000+0000,894683.628052872,636420.360607656,1113946.1280179867
2025-04-17T01:30:00.000+0000,894076.426013424,636420.360607656,1114660.2674557113
2025-04-17T01:40:00.000+0000,894391.2715153599,636420.360607656,1113250.266540789
2025-04-17T01:50:00.000+0000,895290.83009232,636420.360607656,1112320.5759511567
2025-04-17T02:00:00.000+0000,897854.5720366561,636420.360607656,1113085.018082549
2025-04-17T02:10:00.000+0000,898641.685791496,636420.360607656,1109377.480666397
2025-04-17T02:20:00.000+0000,898596.707862648,636420.360607656,1107895.160687706
2025-04-17T02:30:00.000+0000,898236.8844318639,636420.360607656,1109268.6437108533
2025-04-17T02:40:00.000+0000,900508.269838688,636420.360607656,1110517.1463966602
2025-04-17T02:50:00.000+0000,900553.247767536,636420.360607656,1111000.1421649384
2025-04-17T03:00:00.000+0000,899248.887830944,636420.360607656,1112294.0665228658
2025-04-17T03:10:00.000+0000,898709.152684768,636420.360607656,1109777.8790458918
2025-04-17T03:20:00.000+0000,900125.9574434799,636420.360607656,1103821.9994213833
2025-04-17T03:30:00.000+0000,906197.97783796,636420.360607656,1104015.1648793463
2025-04-17T03:40:00.000+0000,905703.2206206319,636420.360607656,1103725.5895815603
2025-04-17T03:50:00.000+0000,904961.0847946401,636420.360607656,1106116.7221335792
2025-04-17T04:00:00.000+0000,904691.217221552,636420.360607656,1105913.3744831937
2025-04-17T04:10:00.000+0000,904286.41586192,636420.360607656,1105591.2832557366
2025-04-17T04:20:00.000+0000,905028.5516879119,636420.360607656,1106020.071347487
2025-04-17T04:30:00.000+0000,905883.132336024,636420.360607656,1106137.9688534788
2025-04-17T04:40:00.000+0000,905275.9302965759,636420.360607656,1106726.4600383013
2025-04-17T04:50:00.000+0000,901115.4718781359,636420.360607656,1111255.4978441317
2025-04-17T05:00:00.000+0000,898416.7961472559,636420.360607656,1112082.668126922
2025-04-17T05:10:00.000+0000,897157.414139512,636420.360607656,1114112.5849851994
2025-04-17T05:20:00.000+0000,896685.1458866079,636420.360607656,1115984.0950468427
2025-04-17T05:30:00.000+0000,896460.256242368,636420.360607656,1117428.6524927863
2025-04-17T05:40:00.000+0000,895043.451483656,636420.360607656,1121632.0342467795
2025-04-17T05:50:00.000+0000,895088.429412504,636420.360607656,1121129.126444668
2025-04-17T06:00:00.000+0000,894751.0949461439,636420.360607656,1120991.4903345213
2025-04-17T06:10:00.000+0000,893019.4446854959,636420.360607656,1120968.4354224713
2025-04-17T06:20:00.000+0000,892884.510898952,636420.360607656,1122921.7060300242
2025-04-17T06:30:00.000+0000,890927.9709940639,636420.360607656,1125793.1152415746
2025-04-17T06:40:00.000+0000,890680.5923854,636420.360607656,1127344.1346861701
2025-04-17T06:50:00.000+0000,889870.9896661361,636420.360607656,1128091.6172074429
2025-04-17T07:00:00.000+0000,889353.743484384,636420.360607656,1125682.8942168267
2025-04-17T07:10:00.000+0000,891062.904780608,636420.360607656,1125210.870654664
2025-04-17T07:20:00.000+0000,890725.5703142481,636420.360607656,1126994.807744777
2025-04-17T07:30:00.000+0000,886002.887785208,636420.360607656,1130164.0436541333
2025-04-17T07:40:00.000+0000,886452.667073688,636420.360607656,1127144.6827264233
2025-04-17T07:50:00.000+0000,887329.736686224,636420.360607656,1125681.248540572
2025-04-17T08:00:00.000+0000,884833.46163516,636420.360607656,1127015.9026646032
2025-04-17T08:10:00.000+0000,885080.840243824,636420.360607656,1126876.9451410996
2025-04-17T08:20:00.000+0000,885710.5312476961,636420.360607656,1125017.9155450612
2025-04-17T08:30:00.000+0000,885238.2629947918,636420.360607656,1124530.352345611
2025-04-17T08:40:00.000+0000,885373.1967813359,636420.360607656,1123794.9985265434
2025-04-17T08:50:00.000+0000,888769.03040936,636420.360607656,1121165.0453837593
2025-04-17T09:00:00.000+0000,888769.03040936,636420.360607656,1118876.0005130256
2025-04-17T09:10:00.000+0000,889601.122093048,636420.360607656,1118817.0333725612
2025-04-17T09:20:00.000+0000,887914.4497612481,636420.360607656,1119722.7820325503
2025-04-17T09:30:00.000+0000,889421.2103776559,636420.360607656,1119399.842021611
2025-04-17T09:40:00.000+0000,887262.269792952,636420.360607656,1121881.6703011463
2025-04-17T09:50:00.000+0000,887082.35807756,636420.360607656,1121556.0931542167
2025-04-17T10:00:00.000+0000,886182.7995006,636420.360607656,1121512.2589772814
2025-04-17T10:10:00.000+0000,886317.733287144,636420.360607656,1117786.429799143
2025-04-17T10:20:00.000+0000,889331.25451996,636420.360607656,1118904.1946638753
2025-04-17T10:30:00.000+0000,888791.519373784,636420.360607656,1119078.9493906563
2025-04-17T10:40:00.000+0000,888026.894583368,636420.360607656,1118699.708579965
2025-04-17T10:50:00.000+0000,888004.405618944,636420.360607656,1119123.3583702112
2025-04-17T11:00:00.000+0000,886834.9794688959,636420.360607656,1120466.3972694539
2025-04-17T11:10:00.000+0000,887149.8249708319,636420.360607656,1117331.7982127557
2025-04-17T11:20:00.000+0000,885485.641603456,636420.360607656,1118600.1649857452
2025-04-17T11:30:00.000+0000,884293.726488984,636420.360607656,1119295.704360156
2025-04-17T11:40:00.000+0000,881212.7383628959,636420.360607656,1120969.5255105994
2025-04-17T11:50:00.000+0000,881954.874188888,636420.360607656,1120741.923774713
2025-04-17T12:00:00.000+0000,883574.079627416,636420.360607656,1120720.4510619307
2025-04-17T12:10:00.000+0000,884653.549919768,636420.360607656,1122105.69458091
2025-04-17T12:20:00.000+0000,881977.3631533119,636420.360607656,1125034.9768396514
2025-04-17T12:30:00.000+0000,881302.694220592,636420.360607656,1124522.8916435486
2025-04-17T12:40:00.000+0000,881190.249398472,636420.360607656,1125286.1033075445
2025-04-17T12:50:00.000+0000,881415.1390427119,636420.360607656,1125897.9764359035
2025-04-17T13:00:00.000+0000,881685.0066158,636420.360607656,1122761.9837185186
2025-04-17T13:10:00.000+0000,883034.34448124,636420.360607656,1120537.1811728682
2025-04-17T13:20:00.000+0000,884586.083026496,636420.360607656,1121320.3413877029
2025-04-17T13:30:00.000+0000,885728.3191259999,687791.711033328,1118232.8382362644
2025-04-17T13:40:00.000+0000,887314.013484856,688756.404540624,1118634.7074573762
2025-04-17T13:50:00.000+0000,887371.9090213439,789676.5458269919,1118828.9628616923
2025-04-17T14:00:00.000+0000,887414.2812963838,887414.2812963838,1112175.1422284893
2025-04-17T14:10:00.000+0000,887414.2812963838,887414.2812963838,1110232.1078888378
2025-04-17T14:20:00.000+0000,887414.2812963838,887414.2812963838,1108883.4223210216
2025-04-17T14:30:00.000+0000,887414.2812963838,887414.2812963838,1104150.8543162076
2025-04-17T14:40:00.000+0000,887414.2812963838,887414.2812963838,1106572.0250735248
2025-04-17T14:50:00.000+0000,887414.2812963838,887414.2812963838,1107606.2050151548
2025-04-17T15:00:00.000+0000,887414.2812963838,887414.2812963838,1109299.894472558
2025-04-17T15:10:00.000+0000,887414.2812963838,887414.2812963838,1115113.080570261
2025-04-17T15:20:00.000+0000,887414.2812963838,887414.2812963838,1113454.0552494156
2025-04-17T15:30:00.000+0000,887414.2812963838,887414.2812963838,1115412.2325408538
2025-04-17T15:40:00.000+0000,887414.2812963838,887414.2812963838,1117495.617097841
2025-04-17T15:50:00.000+0000,887414.2812963838,887414.2812963838,1118966.7179754926
2025-04-17T16:00:00.000+0000,887414.2812963838,887414.2812963838,1115723.046995194
2025-04-17T16:10:00.000+0000,887414.2812963838,887414.2812963838,1119521.4886028296
2025-04-17T16:20:00.000+0000,887414.2812963838,887414.2812963838,1124522.637141981
2025-04-17T16:30:00.000+0000,887414.2812963838,887414.2812963838,1128556.0567830256
2025-04-17T16:40:00.000+0000,887414.2812963838,887414.2812963838,1125572.4839328036
2025-04-17T16:50:00.000+0000,887414.2812963838,887414.2812963838,1127005.254823801
2025-04-17T17:00:00.000+0000,887414.2812963838,887414.2812963838,1127358.4485386012
2025-04-17T17:10:00.000+0000,887414.2812963838,887414.2812963838,1129798.856167893
2025-04-17T17:20:00.000+0000,887414.2812963838,887414.2812963838,1128532.3779746776
2025-04-17T17:30:00.000+0000,887414.2812963838,887414.2812963838,1132073.681811413
2025-04-17T17:40:00.000+0000,887414.2812963838,887414.2812963838,1130616.839606985
2025-04-17T17:50:00.000+0000,887414.2812963838,887414.2812963838,1133938.904789423
2025-04-17T18:00:00.000+0000,887414.2812963838,887414.2812963838,1132834.1939681303
2025-04-17T18:10:00.000+0000,887414.2812963838,887414.2812963838,1135018.7789308776
2025-04-17T18:20:00.000+0000,887414.2812963838,887414.2812963838,1133632.3026042173
2025-04-17T18:30:00.000+0000,887414.2812963838,887414.2812963838,1133565.1064140322
2025-04-17T18:40:00.000+0000,887414.2812963838,887414.2812963838,1131111.601561818
2025-04-17T18:50:00.000+0000,887414.2812963838,887414.2812963838,1127517.13251592
2025-04-17T19:00:00.000+0000,887414.2812963838,887414.2812963838,1128815.3658229648
2025-04-17T19:10:00.000+0000,887414.2812963838,887414.2812963838,1121158.9785501454
2025-04-17T19:20:00.000+0000,887414.2812963838,887414.2812963838,1117773.7257380865
2025-04-17T19:30:00.000+0000,887414.2812963838,887414.2812963838,1114211.7443229062
2025-04-17T19:40:00.000+0000,887414.2812963838,887414.2812963838,1117081.1194222814
2025-04-17T19:50:00.000+0000,887414.2812963838,887414.2812963838,1116726.3624765463
2025-04-17T20:00:00.000+0000,887414.2812963838,887414.2812963838,1120802.9291969596
2025-04-17T20:10:00.000+0000,887414.2812963838,887414.2812963838,1122410.2870097954
2025-04-17T20:20:00.000+0000,887414.2812963838,887414.2812963838,1124115.743705236
2025-04-17T20:30:00.000+0000,887414.2812963838,887414.2812963838,1122809.0775670428
2025-04-17T20:40:00.000+0000,887414.2812963838,887414.2812963838,1122270.629446805
2025-04-17T20:50:00.000+0000,887414.2812963838,887414.2812963838,1126240.5435092323
2025-04-17T21:00:00.000+0000,887414.2812963838,887414.2812963838,1124156.244020703
2025-04-17T21:10:00.000+0000,887414.2812963838,887414.2812963838,1124159.5984671642
2025-04-17T21:20:00.000+0000,887414.2812963838,887414.2812963838,1122771.0022739002
2025-04-17T21:30:00.000+0000,887414.2812963838,887414.2812963838,1123963.466129322
2025-04-17T21:40:00.000+0000,887414.2812963838,887414.2812963838,1124505.3853111905
2025-04-17T21:50:00.000+0000,887414.2812963838,887414.2812963838,1125986.2707417975
2025-04-17T22:00:00.000+0000,887414.2812963838,887414.2812963838,1124746.2782186847
2025-04-17T22:10:00.000+0000,887414.2812963838,887414.2812963838,1126452.2338314871
2025-04-17T22:20:00.000+0000,887414.2812963838,887414.2812963838,1125214.3813631958
2025-04-17T22:30:00.000+0000,887414.2812963838,887414.2812963838,1123950.6764683924
2025-04-17T22:40:00.000+0000,887414.2812963838,887414.2812963838,1122745.5734977706
2025-04-17T22:50:00.000+0000,887414.2812963838,887414.2812963838,1119560.6914679597
2025-04-17T23:00:00.000+0000,887414.2812963838,887414.2812963838,1121006.2250894634
2025-04-17T23:10:00.000+0000,887414.2812963838,887414.2812963838,1123432.691903883
2025-04-17T23:20:00.000+0000,887414.2812963838,887414.2812963838,1124903.7404644913
2025-04-17T23:30:00.000+0000,887414.2812963838,887414.2812963838,1124581.6422733264
2025-04-17T23:40:00.000+0000,887414.2812963838,887414.2812963838,1123495.3055224651
2025-04-17T23:50:00.000+0000,887414.2812963838,887414.2812963838,1124383.3953263988
2025-04-18T00:00:00.000+0000,887414.2812963838,887414.2812963838,1123524.083161649
2025-04-18T00:10:00.000+0000,887414.2812963838,887414.2812963838,1122313.4694269437
2025-04-18T00:20:00.000+0000,887414.2812963838,887414.2812963838,1121931.1485060998
2025-04-18T00:30:00.000+0000,887414.2812963838,887414.2812963838,1122553.3988497371
2025-04-18T00:40:00.000+0000,887414.2812963838,887414.2812963838,1120982.1986961637
2025-04-18T00:50:00.000+0000,887414.2812963838,887414.2812963838,1120498.580178615
2025-04-18T01:00:00.000+0000,887414.2812963838,887414.2812963838,1121348.5654895855
2025-04-18T01:10:00.000+0000,887414.2812963838,887414.2812963838,1127247.660177063
2025-04-18T01:20:00.000+0000,887414.2812963838,887414.2812963838,1126784.2699843543
2025-04-18T01:30:00.000+0000,887414.2812963838,887414.2812963838,1126728.3061383595
2025-04-18T01:40:00.000+0000,887414.2812963838,887414.2812963838,1124603.1735275246
2025-04-18T01:50:00.000+0000,887414.2812963838,887414.2812963838,1124617.1790195117
2025-04-18T02:00:00.000+0000,887414.2812963838,887414.2812963838,1123448.6820126902
2025-04-18T02:10:00.000+0000,887414.2812963838,887414.2812963838,1123483.1947095217
2025-04-18T02:20:00.000+0000,887414.2812963838,887414.2812963838,1124395.5641175504
2025-04-18T02:30:00.000+0000,887414.2812963838,887414.2812963838,1125275.563369569
2025-04-18T02:40:00.000+0000,887414.2812963838,887414.2812963838,1125882.7454267917
2025-04-18T02:50:00.000+0000,887414.2812963838,887414.2812963838,1127149.5725439307
2025-04-18T03:00:00.000+0000,887414.2812963838,887414.2812963838,1123930.5136851051
2025-04-18T03:10:00.000+0000,887414.2812963838,887414.2812963838,1124270.1432260606
2025-04-18T03:20:00.000+0000,887414.2812963838,887414.2812963838,1122308.8823962738
2025-04-18T03:30:00.000+0000,887414.2812963838,887414.2812963838,1122098.979425215
2025-04-18T03:40:00.000+0000,887414.2812963838,887414.2812963838,1123555.5479431404
2025-04-18T03:50:00.000+0000,887414.2812963838,887414.2812963838,1123901.4946615472
2025-04-18T04:00:00.000+0000,887414.2812963838,887414.2812963838,1120951.4289841303
2025-04-18T04:10:00.000+0000,887414.2812963838,887414.2812963838,1119302.5495188758
2025-04-18T04:20:00.000+0000,887414.2812963838,887414.2812963838,1120666.3124673679
2025-04-18T04:30:00.000+0000,887414.2812963838,887414.2812963838,1120823.4374650572
2025-04-18T04:40:00.000+0000,887414.2812963838,887414.2812963838,1120630.3444641558
2025-04-18T04:50:00.000+0000,887414.2812963838,887414.2812963838,1120363.1873357466
2025-04-18T05:00:00.000+0000,887414.2812963838,887414.2812963838,1119976.5627597328
2025-04-18T05:10:00.000+0000,887414.2812963838,887414.2812963838,1119677.935993989
2025-04-18T05:20:00.000+0000,887414.2812963838,887414.2812963838,1117762.2394810484
2025-04-18T05:30:00.000+0000,887414.2812963838,887414.2812963838,1117462.6819954952
2025-04-18T05:40:00.000+0000,887414.2812963838,887414.2812963838,1119950.2934595018
2025-04-18T05:50:00.000+0000,887414.2812963838,887414.2812963838,1120707.6012113956
2025-04-18T06:00:00.000+0000,887414.2812963838,887414.2812963838,1119931.4890329107
2025-04-18T06:10:00.000+0000,887414.2812963838,887414.2812963838,1121097.6385951135
2025-04-18T06:20:00.000+0000,887414.2812963838,887414.2812963838,1120592.1919221259
2025-04-18T06:30:00.000+0000,887414.2812963838,887414.2812963838,1118455.7385120408
2025-04-18T06:40:00.000+0000,887414.2812963838,887414.2812963838,1118927.38586638
2025-04-18T06:50:00.000+0000,887414.2812963838,887414.2812963838,1119806.9252453705
2025-04-18T07:00:00.000+0000,887414.2812963838,887414.2812963838,1121625.6070880382
2025-04-18T07:10:00.000+0000,887414.2812963838,887414.2812963838,1120822.1290664782
2025-04-18T07:20:00.000+0000,887414.2812963838,887414.2812963838,1118792.811491673
2025-04-18T07:30:00.000+0000,887414.2812963838,887414.2812963838,1121449.3193038674
2025-04-18T07:40:00.000+0000,887414.2812963838,887414.2812963838,1122887.3161647483
2025-04-18T07:50:00.000+0000,887414.2812963838,887414.2812963838,1123631.1559895757
2025-04-18T08:00:00.000+0000,887414.2812963838,887414.2812963838,1125219.1758505036
2025-04-18T08:10:00.000+0000,887414.2812963838,887414.2812963838,1125402.2062346847
2025-04-18T08:20:00.000+0000,887414.2812963838,887414.2812963838,1125842.822952235
2025-04-18T08:30:00.000+0000,887414.2812963838,887414.2812963838,1125489.8777952485
2025-04-18T08:40:00.000+0000,887414.2812963838,887414.2812963838,1126031.6293110189
2025-04-18T08:50:00.000+0000,887414.2812963838,887414.2812963838,1123554.3952060353
2025-04-18T09:00:00.000+0000,887414.2812963838,887414.2812963838,1123557.7319187503
2025-04-18T09:10:00.000+0000,887414.2812963838,887414.2812963838,1122792.8240680916
2025-04-18T09:20:00.000+0000,887414.2812963838,887414.2812963838,1124129.421964845
2025-04-18T09:30:00.000+0000,887414.2812963838,887414.2812963838,1123706.7551996806
2025-04-18T09:40:00.000+0000,887414.2812963838,887414.2812963838,1125922.697554985
2025-04-18T09:50:00.000+0000,887414.2812963838,887414.2812963838,1123889.2654336698
2025-04-18T10:00:00.000+0000,887414.2812963838,887414.2812963838,1123000.3469684848
2025-04-18T10:10:00.000+0000,887414.2812963838,887414.2812963838,1124083.4997853297
2025-04-18T10:20:00.000+0000,887414.2812963838,887414.2812963838,1124153.6833970887
2025-04-18T10:30:00.000+0000,887414.2812963838,887414.2812963838,1121570.3350221494
2025-04-18T10:40:00.000+0000,887414.2812963838,887414.2812963838,1120413.5947177168
2025-04-18T10:50:00.000+0000,887414.2812963838,887414.2812963838,1120273.3538761234
2025-04-18T11:00:00.000+0000,887414.2812963838,887414.2812963838,1119799.6940441146
2025-04-18T11:10:00.000+0000,887414.2812963838,887414.2812963838,1122285.176408412
2025-04-18T11:20:00.000+0000,887414.2812963838,887414.2812963838,1120610.0275651687
2025-04-18T11:30:00.000+0000,887414.2812963838,887414.2812963838,1120739.3030865965
2025-04-18T11:40:00.000+0000,887414.2812963838,887414.2812963838,1121562.2652354015
2025-04-18T11:50:00.000+0000,887414.2812963838,887414.2812963838,1122793.2220079363
2025-04-18T12:00:00.000+0000,887414.2812963838,887414.2812963838,1122916.3607384288
2025-04-18T12:10:00.000+0000,887414.2812963838,887414.2812963838,1122187.9247123862
2025-04-18T12:20:00.000+0000,887414.2812963838,887414.2812963838,1122824.683504976
2025-04-18T12:30:00.000+0000,887414.2812963838,887414.2812963838,1125261.9974688173
2025-04-18T12:40:00.000+0000,887414.2812963838,887414.2812963838,1126989.8472118156
2025-04-18T12:50:00.000+0000,887414.2812963838,887414.2812963838,1126345.3883628969
2025-04-18T13:00:00.000+0000,887414.2812963838,887414.2812963838,1124392.0580964582
2025-04-18T13:10:00.000+0000,887414.2812963838,887414.2812963838,1123128.4703937734
2025-04-18T13:20:00.000+0000,887414.2812963838,887414.2812963838,1124172.280759771
2025-04-18T13:30:00.000+0000,887414.2812963838,887414.2812963838,1124485.2208442958
2025-04-18T13:40:00.000+0000,887414.2812963838,887414.2812963838,1122754.7510147884
2025-04-18T13:50:00.000+0000,887414.2812963838,887414.2812963838,1123969.565805585
2025-04-18T14:00:00.000+0000,887414.2812963838,887414.2812963838,1123632.1335356366
2025-04-18T14:10:00.000+0000,887414.2812963838,887414.2812963838,1121746.6004648616
2025-04-18T14:20:00.000+0000,887414.2812963838,887414.2812963838,1121011.9757758158
2025-04-18T14:30:00.000+0000,887414.2812963838,887414.2812963838,1120656.5342431716
2025-04-18T14:40:00.000+0000,887414.2812963838,887414.2812963838,1119962.4954438487
2025-04-18T14:50:00.000+0000,887414.2812963838,887414.2812963838,1119060.9352997062
2025-04-18T15:00:00.000+0000,887414.2812963838,887414.2812963838,1116606.1957898769
2025-04-18T15:10:00.000+0000,887414.2812963838,887414.2812963838,1116570.1325116411
2025-04-18T15:20:00.000+0000,887414.2812963838,887414.2812963838,1115657.554274398
2025-04-18T15:30:00.000+0000,887414.2812963838,887414.2812963838,1115817.638552193
2025-04-18T15:40:00.000+0000,887414.2812963838,887414.2812963838,1116282.4344053129
2025-04-18T15:50:00.000+0000,887414.2812963838,887414.2812963838,1116761.53953761
2025-04-18T16:00:00.000+0000,887414.2812963838,887414.2812963838,1116651.8015710698
2025-04-18T16:10:00.000+0000,887414.2812963838,887414.2812963838,1117567.1529265512
2025-04-18T16:20:00.000+0000,887414.2812963838,887414.2812963838,1118803.6880870762
2025-04-18T16:30:00.000+0000,887414.2812963838,887414.2812963838,1119173.1266652825
2025-04-18T16:40:00.000+0000,887414.2812963838,887414.2812963838,1118262.8298683425
2025-04-18T16:50:00.000+0000,887414.2812963838,887414.2812963838,1118536.500139255
2025-04-18T17:00:00.000+0000,887414.2812963838,887414.2812963838,1118672.7141824453
2025-04-18T17:10:00.000+0000,887414.2812963838,887414.2812963838,1119917.0970642236
2025-04-18T17:20:00.000+0000,887414.2812963838,887414.2812963838,1119150.3300186854
2025-04-18T17:30:00.000+0000,887414.2812963838,887414.2812963838,1120158.614167276
2025-04-18T17:40:00.000+0000,887414.2812963838,887414.2812963838,1122338.136246114
2025-04-18T17:50:00.000+0000,887414.2812963838,887414.2812963838,1122555.5919098074
2025-04-18T18:00:00.000+0000,887414.2812963838,887414.2812963838,1121299.6727233455
2025-04-18T18:10:00.000+0000,887414.2812963838,887414.2812963838,1122480.9610539866
2025-04-18T18:20:00.000+0000,887414.2812963838,887414.2812963838,1122408.2076722125
2025-04-18T18:30:00.000+0000,887414.2812963838,887414.2812963838,1122946.3661375071
2025-04-18T18:40:00.000+0000,887414.2812963838,887414.2812963838,1123278.7159467363
2025-04-18T18:50:00.000+0000,887414.2812963838,887414.2812963838,1123679.658847989
2025-04-18T19:00:00.000+0000,887414.2812963838,887414.2812963838,1122708.979116201
2025-04-18T19:10:00.000+0000,887414.2812963838,887414.2812963838,1123728.1441577298
2025-04-18T19:20:00.000+0000,887414.2812963838,887414.2812963838,1124214.830712849
2025-04-18T19:30:00.000+0000,887414.2812963838,887414.2812963838,1122502.711307801
2025-04-18T19:40:00.000+0000,887414.2812963838,887414.2812963838,1122112.0107619485
2025-04-18T19:50:00.000+0000,887414.2812963838,887414.2812963838,1122456.5045211297
2025-04-18T20:00:00.000+0000,887414.2812963838,887414.2812963838,1123040.2891655667
2025-04-18T20:10:00.000+0000,887414.2812963838,887414.2812963838,1122021.309163536
2025-04-18T20:20:00.000+0000,887414.2812963838,887414.2812963838,1122414.6015698016
2025-04-18T20:30:00.000+0000,887414.2812963838,887414.2812963838,1121843.847683179
2025-04-18T20:40:00.000+0000,887414.2812963838,887414.2812963838,1121182.109500038
2025-04-18T20:50:00.000+0000,887414.2812963838,887414.2812963838,1123030.0187278152
2025-04-18T21:00:00.000+0000,887414.2812963838,887414.2812963838,1123080.7630202437
2025-04-18T21:10:00.000+0000,887414.2812963838,887414.2812963838,1123415.4842144235
2025-04-18T21:20:00.000+0000,887414.2812963838,887414.2812963838,1123107.8685155124
2025-04-18T21:30:00.000+0000,887414.2812963838,887414.2812963838,1123400.6066946585
2025-04-18T21:40:00.000+0000,887414.2812963838,887414.2812963838,1124789.153392568
2025-04-18T21:50:00.000+0000,887414.2812963838,887414.2812963838,1124327.683470354
2025-04-18T22:00:00.000+0000,887414.2812963838,887414.2812963838,1124320.1366190575
2025-04-18T22:10:00.000+0000,887414.2812963838,887414.2812963838,1123028.7979267286
2025-04-18T22:20:00.000+0000,887414.2812963838,887414.2812963838,1124154.9646939114
2025-04-18T22:30:00.000+0000,887414.2812963838,887414.2812963838,1124118.9015958493
2025-04-18T22:40:00.000+0000,887414.2812963838,887414.2812963838,1123847.1581141644
2025-04-18T22:50:00.000+0000,887414.2812963838,887414.2812963838,1122988.174714679
2025-04-18T23:00:00.000+0000,887414.2812963838,887414.2812963838,1119953.974656831
2025-04-18T23:10:00.000+0000,887414.2812963838,887414.2812963838,1119056.55162413
2025-04-18T23:20:00.000+0000,887414.2812963838,887414.2812963838,1119179.7467359276
2025-04-18T23:30:00.000+0000,887414.2812963838,887414.2812963838,1120944.0241385638
2025-04-18T23:40:00.000+0000,887414.2812963838,887414.2812963838,1122105.6070680458
2025-04-18T23:50:00.000+0000,887414.2812963838,887414.2812963838,1121721.733980665
2025-04-19T00:00:00.000+0000,887414.2812963838,887414.2812963838,1121138.9015054696
2025-04-19T00:10:00.000+0000,887414.2812963838,887414.2812963838,1119894.214368838
2025-04-19T00:20:00.000+0000,887414.2812963838,887414.2812963838,1120075.7761856997
2025-04-19T00:30:00.000+0000,887414.2812963838,887414.2812963838,1121141.9524886585
2025-04-19T00:40:00.000+0000,887414.2812963838,887414.2812963838,1121444.2895816248
2025-04-19T00:50:00.000+0000,887414.2812963838,887414.2812963838,1121944.6520285867
2025-04-19T01:00:00.000+0000,887414.2812963838,887414.2812963838,1122077.239781877
2025-04-19T01:10:00.000+0000,887414.2812963838,887414.2812963838,1123621.7986058441
2025-04-19T01:20:00.000+0000,887414.2812963838,887414.2812963838,1123710.2310944665
2025-04-19T01:30:00.000+0000,887414.2812963838,887414.2812963838,1124016.6437969245
2025-04-19T01:40:00.000+0000,887414.2812963838,887414.2812963838,1123356.993616364
2025-04-19T01:50:00.000+0000,887414.2812963838,887414.2812963838,1123648.1812141053
2025-04-19T02:00:00.000+0000,887414.2812963838,887414.2812963838,1124671.9385575638
2025-04-19T02:10:00.000+0000,887414.2812963838,887414.2812963838,1129112.5430221036
2025-04-19T02:20:00.000+0000,887414.2812963838,887414.2812963838,1132123.381180888
2025-04-19T02:30:00.000+0000,887414.2812963838,887414.2812963838,1133165.8985397983
2025-04-19T02:40:00.000+0000,887414.2812963838,887414.2812963838,1132563.852551111
2025-04-19T02:50:00.000+0000,887414.2812963838,887414.2812963838,1134458.140049759
2025-04-19T03:00:00.000+0000,887414.2812963838,887414.2812963838,1134519.3985774554
2025-04-19T03:10:00.000+0000,887414.2812963838,887414.2812963838,1135867.8589508408
2025-04-19T03:20:00.000+0000,887414.2812963838,887414.2812963838,1138395.5145680716
2025-04-19T03:30:00.000+0000,887414.2812963838,887414.2812963838,1139835.7985008624
2025-04-19T03:40:00.000+0000,887414.2812963838,887414.2812963838,1138850.146154459
2025-04-19T03:50:00.000+0000,887414.2812963838,887414.2812963838,1140486.105535285
2025-04-19T04:00:00.000+0000,887414.2812963838,887414.2812963838,1139504.6981155917
2025-04-19T04:10:00.000+0000,887414.2812963838,887414.2812963838,1141365.658318959
2025-04-19T04:20:00.000+0000,887414.2812963838,887414.2812963838,1140983.0605413478
2025-04-19T04:30:00.000+0000,887414.2812963838,887414.2812963838,1143091.4898749236
2025-04-19T04:40:00.000+0000,887414.2812963838,887414.2812963838,1142575.2946415478
2025-04-19T04:50:00.000+0000,887414.2812963838,887414.2812963838,1140815.5293698197
2025-04-19T05:00:00.000+0000,887414.2812963838,887414.2812963838,1140430.0896184077
2025-04-19T05:10:00.000+0000,887414.2812963838,887414.2812963838,1139123.8984572447
2025-04-19T05:20:00.000+0000,887414.2812963838,887414.2812963838,1141418.6289975871
2025-04-19T05:30:00.000+0000,887414.2812963838,887414.2812963838,1141399.4834387903
2025-04-19T05:40:00.000+0000,887414.2812963838,887414.2812963838,1141219.402339587
2025-04-19T05:50:00.000+0000,887414.2812963838,887414.2812963838,1141086.5686995564
2025-04-19T06:00:00.000+0000,887414.2812963838,887414.2812963838,1139461.3051357418
2025-04-19T06:10:00.000+0000,887414.2812963838,887414.2812963838,1139241.8616849629
2025-04-19T06:20:00.000+0000,887414.2812963838,887414.2812963838,1139558.709172361
2025-04-19T06:30:00.000+0000,887414.2812963838,887414.2812963838,1137398.993394442
2025-04-19T06:40:00.000+0000,887414.2812963838,887414.2812963838,1137754.677422059
2025-04-19T06:50:00.000+0000,887414.2812963838,887414.2812963838,1138433.4016761095
2025-04-19T07:00:00.000+0000,887414.2812963838,887414.2812963838,1139152.4001818576
2025-04-19T07:10:00.000+0000,887414.2812963838,887414.2812963838,1140251.0813136604
2025-04-19T07:20:00.000+0000,887414.2812963838,887414.2812963838,1140372.6374845384
2025-04-19T07:30:00.000+0000,887414.2812963838,887414.2812963838,1141319.9518477381
2025-04-19T07:40:00.000+0000,887414.2812963838,887414.2812963838,1143293.2118866572
2025-04-19T07:50:00.000+0000,887414.2812963838,887414.2812963838,1142432.4998959643
2025-04-19T08:00:00.000+0000,887414.2812963838,887414.2812963838,1141852.6054976035
2025-04-19T08:10:00.000+0000,887414.2812963838,887414.2812963838,1141039.4701281232
2025-04-19T08:20:00.000+0000,887414.2812963838,887414.2812963838,1142443.4613980285
2025-04-19T08:30:00.000+0000,887414.2812963838,887414.2812963838,1142052.9320124574
2025-04-19T08:40:00.000+0000,887414.2812963838,887414.2812963838,1144331.1524011164
2025-04-19T08:50:00.000+0000,887414.2812963838,887414.2812963838,1144035.6952156394
2025-04-19T09:00:00.000+0000,887414.2812963838,887414.2812963838,1144127.9060885953
2025-04-19T09:10:00.000+0000,887414.2812963838,887414.2812963838,1145833.05719021
2025-04-19T09:20:00.000+0000,887414.2812963838,887414.2812963838,1145652.9117860103
2025-04-19T09:30:00.000+0000,887414.2812963838,887414.2812963838,1143968.1487812
2025-04-19T09:40:00.000+0000,887414.2812963838,887414.2812963838,1145568.9641375253
2025-04-19T09:50:00.000+0000,887414.2812963838,887414.2812963838,1144270.6370972905
2025-04-19T10:00:00.000+0000,887414.2812963838,887414.2812963838,1143449.1280878843
2025-04-19T10:10:00.000+0000,887414.2812963838,887414.2812963838,1144845.6219722896
2025-04-19T10:20:00.000+0000,887414.2812963838,887414.2812963838,1144066.974998962
2025-04-19T10:30:00.000+0000,887414.2812963838,887414.2812963838,1141818.8298662563
2025-04-19T10:40:00.000+0000,887414.2812963838,887414.2812963838,1142111.4995501868
2025-04-19T10:50:00.000+0000,887414.2812963838,887414.2812963838,1142089.5583082202
2025-04-19T11:00:00.000+0000,887414.2812963838,887414.2812963838,1142485.0024519842
2025-04-19T11:10:00.000+0000,887414.2812963838,887414.2812963838,1143442.3269533284
2025-04-19T11:20:00.000+0000,887414.2812963838,887414.2812963838,1142484.0906660487
2025-04-19T11:30:00.000+0000,887414.2812963838,887414.2812963838,1140545.6479687197
2025-04-19T11:40:00.000+0000,887414.2812963838,887414.2812963838,1140446.774025809
2025-04-19T11:50:00.000+0000,887414.2812963838,887414.2812963838,1140731.43546627
2025-04-19T12:00:00.000+0000,887414.2812963838,887414.2812963838,1142003.595367248
2025-04-19T12:10:00.000+0000,887414.2812963838,887414.2812963838,1142081.3937141113
2025-04-19T12:20:00.000+0000,887414.2812963838,887414.2812963838,1142070.916103165
2025-04-19T12:30:00.000+0000,887414.2812963838,887414.2812963838,1142496.927360991
2025-04-19T12:40:00.000+0000,887414.2812963838,887414.2812963838,1141092.2196154953
2025-04-19T12:50:00.000+0000,887414.2812963838,887414.2812963838,1141397.36785598
2025-04-19T13:00:00.000+0000,887414.2812963838,887414.2812963838,1140803.5210693565
2025-04-19T13:10:00.000+0000,887414.2812963838,887414.2812963838,1143023.0074178865
2025-04-19T13:20:00.000+0000,887414.2812963838,887414.2812963838,1143697.9426859678
2025-04-19T13:30:00.000+0000,887414.2812963838,887414.2812963838,1144333.087342409
2025-04-19T13:40:00.000+0000,887414.2812963838,887414.2812963838,1144862.097324074
2025-04-19T13:50:00.000+0000,887414.2812963838,887414.2812963838,1145173.2144363648
2025-04-19T14:00:00.000+0000,887414.2812963838,887414.2812963838,1146136.3913312196
2025-04-19T14:10:00.000+0000,887414.2812963838,887414.2812963838,1146138.8028051164
2025-04-19T14:20:00.000+0000,887414.2812963838,887414.2812963838,1146741.7725499053
2025-04-19T14:30:00.000+0000,887414.2812963838,887414.2812963838,1146088.9235107708
2025-04-19T14:40:00.000+0000,887414.2812963838,887414.2812963838,1145832.3040902982
2025-04-19T14:50:00.000+0000,887414.2812963838,887414.2812963838,1146308.0058212997
2025-04-19T15:00:00.000+0000,887414.2812963838,887414.2812963838,1146451.16758293
2025-04-19T15:10:00.000+0000,887414.2812963838,887414.2812963838,1146448.4899267592
2025-04-19T15:20:00.000+0000,887414.2812963838,887414.2812963838,1148717.9129886813
2025-04-19T15:30:00.000+0000,887414.2812963838,887414.2812963838,1144793.8707095468
2025-04-19T15:40:00.000+0000,887414.2812963838,887414.2812963838,1142242.8953005355
2025-04-19T15:50:00.000+0000,887414.2812963838,887414.2812963838,1143456.6955261445
2025-04-19T16:00:00.000+0000,887414.2812963838,887414.2812963838,1144745.8313227305
2025-04-19T16:10:00.000+0000,887414.2812963838,887414.2812963838,1143733.7267622515
2025-04-19T16:20:00.000+0000,887414.2812963838,887414.2812963838,1141915.6893762175
2025-04-19T16:30:00.000+0000,887414.2812963838,887414.2812963838,1140144.789676838
2025-04-19T16:40:00.000+0000,887414.2812963838,887414.2812963838,1137331.0767028034
2025-04-19T16:50:00.000+0000,887414.2812963838,887414.2812963838,1137211.1456596153
2025-04-19T17:00:00.000+0000,887414.2812963838,887414.2812963838,1137994.217154588
2025-04-19T17:10:00.000+0000,887414.2812963838,887414.2812963838,1137873.5155603308
2025-04-19T17:20:00.000+0000,887414.2812963838,887414.2812963838,1140253.6997028212
2025-04-19T17:30:00.000+0000,887414.2812963838,887414.2812963838,1142326.3060388067
2025-04-19T17:40:00.000+0000,887414.2812963838,887414.2812963838,1145614.7041278298
2025-04-19T17:50:00.000+0000,887414.2812963838,887414.2812963838,1143459.310566837
2025-04-19T18:00:00.000+0000,887414.2812963838,887414.2812963838,1146136.4978596559
2025-04-19T18:10:00.000+0000,887414.2812963838,887414.2812963838,1146370.612083339
2025-04-19T18:20:00.000+0000,887414.2812963838,887414.2812963838,1145888.3692712276
2025-04-19T18:30:00.000+0000,887414.2812963838,887414.2812963838,1146244.1766562199
2025-04-19T18:40:00.000+0000,887414.2812963838,887414.2812963838,1144825.6936678253
2025-04-19T18:50:00.000+0000,887414.2812963838,887414.2812963838,1144712.1427867543
2025-04-19T19:00:00.000+0000,887414.2812963838,887414.2812963838,1143569.886961384
2025-04-19T19:10:00.000+0000,887414.2812963838,887414.2812963838,1143870.717847656
2025-04-19T19:20:00.000+0000,887414.2812963838,887414.2812963838,1143784.7048708086
2025-04-19T19:30:00.000+0000,887414.2812963838,887414.2812963838,1144396.9240354158
2025-04-19T19:40:00.000+0000,887414.2812963838,887414.2812963838,1145231.805516691
2025-04-19T19:50:00.000+0000,887414.2812963838,887414.2812963838,1144448.9862538883
2025-04-19T20:00:00.000+0000,887414.2812963838,887414.2812963838,1143193.737042654
2025-04-19T20:10:00.000+0000,887414.2812963838,887414.2812963838,1143286.164278611
2025-04-19T20:20:00.000+0000,887414.2812963838,887414.2812963838,1143605.8613031553
2025-04-19T20:30:00.000+0000,887414.2812963838,887414.2812963838,1144928.2141961697
2025-04-19T20:40:00.000+0000,887414.2812963838,887414.2812963838,1146581.1993765046
2025-04-19T20:50:00.000+0000,887414.2812963838,887414.2812963838,1145434.5189517315
2025-04-19T21:00:00.000+0000,887414.2812963838,887414.2812963838,1145332.6523159877
2025-04-19T21:10:00.000+0000,887414.2812963838,887414.2812963838,1146888.7597751515
2025-04-19T21:20:00.000+0000,887414.2812963838,887414.2812963838,1147202.4170195318
2025-04-19T21:30:00.000+0000,887414.2812963838,887414.2812963838,1146234.0591409113
2025-04-19T21:40:00.000+0000,887414.2812963838,887414.2812963838,1147227.7489719342
2025-04-19T21:50:00.000+0000,887414.2812963838,887414.2812963838,1148128.9171859731
2025-04-19T22:00:00.000+0000,887414.2812963838,887414.2812963838,1146993.8688449992
2025-04-19T22:10:00.000+0000,887414.2812963838,887414.2812963838,1146972.094080774
2025-04-19T22:20:00.000+0000,887414.2812963838,887414.2812963838,1146456.241425892
2025-04-19T22:30:00.000+0000,887414.2812963838,887414.2812963838,1146785.2056453298
2025-04-19T22:40:00.000+0000,887414.2812963838,887414.2812963838,1147929.698830653
2025-04-19T22:50:00.000+0000,887414.2812963838,887414.2812963838,1148046.2494342525
2025-04-19T23:00:00.000+0000,887414.2812963838,887414.2812963838,1148439.7147001182
2025-04-19T23:10:00.000+0000,887414.2812963838,887414.2812963838,1147079.1335964184
2025-04-19T23:20:00.000+0000,887414.2812963838,887414.2812963838,1146311.214454741
2025-04-19T23:30:00.000+0000,887414.2812963838,887414.2812963838,1146487.892008904
2025-04-19T23:40:00.000+0000,887414.2812963838,887414.2812963838,1147536.6917935663
2025-04-19T23:50:00.000+0000,887414.2812963838,887414.2812963838,1147754.953414735
2025-04-20T00:00:00.000+0000,887414.2812963838,887414.2812963838,1146305.91840941
2025-04-20T00:10:00.000+0000,887414.2812963838,887414.2812963838,1149527.7649135264
2025-04-20T00:20:00.000+0000,887414.2812963838,887414.2812963838,1150100.838060001
2025-04-20T00:30:00.000+0000,887414.2812963838,887414.2812963838,1149537.7185197512
2025-04-20T00:40:00.000+0000,887414.2812963838,887414.2812963838,1149567.6717573018
2025-04-20T00:50:00.000+0000,887414.2812963838,887414.2812963838,1149123.0346527658
2025-04-20T01:00:00.000+0000,887414.2812963838,887414.2812963838,1148818.9833519007
2025-04-20T01:10:00.000+0000,887414.2812963838,887414.2812963838,1152337.6221903234
2025-04-20T01:20:00.000+0000,887414.2812963838,887414.2812963838,1153064.5647005315
2025-04-20T01:30:00.000+0000,887414.2812963838,887414.2812963838,1152197.9549265644
2025-04-20T01:40:00.000+0000,887414.2812963838,887414.2812963838,1154330.30648787
2025-04-20T01:50:00.000+0000,887414.2812963838,887414.2812963838,1155640.8641746824
2025-04-20T02:00:00.000+0000,887414.2812963838,887414.2812963838,1154427.3455661382
2025-04-20T02:10:00.000+0000,887414.2812963838,887414.2812963838,1154072.9899155858
2025-04-20T02:20:00.000+0000,887414.2812963838,887414.2812963838,1153090.845147819
2025-04-20T02:30:00.000+0000,887414.2812963838,887414.2812963838,1153709.9582793051
2025-04-20T02:40:00.000+0000,887414.2812963838,887414.2812963838,1154713.488444951
2025-04-20T02:50:00.000+0000,887414.2812963838,887414.2812963838,1153924.02550196
2025-04-20T03:00:00.000+0000,887414.2812963838,887414.2812963838,1152329.2795204245
2025-04-20T03:10:00.000+0000,887414.2812963838,887414.2812963838,1151866.19578598
2025-04-20T03:20:00.000+0000,887414.2812963838,887414.2812963838,1151210.9145442105
2025-04-20T03:30:00.000+0000,887414.2812963838,887414.2812963838,1150044.4742460242
2025-04-20T03:40:00.000+0000,887414.2812963838,887414.2812963838,1150127.909565593
2025-04-20T03:50:00.000+0000,887414.2812963838,887414.2812963838,1150849.0889358027
2025-04-20T04:00:00.000+0000,887414.2812963838,887414.2812963838,1150398.8824597802
2025-04-20T04:10:00.000+0000,887414.2812963838,887414.2812963838,1150799.0273754487
2025-04-20T04:20:00.000+0000,887414.2812963838,887414.2812963838,1151672.4584790603
2025-04-20T04:30:00.000+0000,887414.2812963838,887414.2812963838,1152551.1574068072
2025-04-20T04:40:00.000+0000,887414.2812963838,887414.2812963838,1153617.2067440213
2025-04-20T04:50:00.000+0000,887414.2812963838,887414.2812963838,1152838.3880698918
2025-04-20T05:00:00.000+0000,887414.2812963838,887414.2812963838,1151535.7875460624
2025-04-20T05:10:00.000+0000,887414.2812963838,887414.2812963838,1151361.7222571326
2025-04-20T05:20:00.000+0000,887414.2812963838,887414.2812963838,1151996.6472661209
2025-04-20T05:30:00.000+0000,887414.2812963838,887414.2812963838,1151197.8677470684
2025-04-20T05:40:00.000+0000,887414.2812963838,887414.2812963838,1151313.7280848068
2025-04-20T05:50:00.000+0000,887414.2812963838,887414.2812963838,1150162.370317499
2025-04-20T06:00:00.000+0000,887414.2812963838,887414.2812963838,1149806.401899328
2025-04-20T06:10:00.000+0000,887414.2812963838,887414.2812963838,1150427.3280856777
2025-04-20T06:20:00.000+0000,887414.2812963838,887414.2812963838,1149180.0331201921
2025-04-20T06:30:00.000+0000,887414.2812963838,887414.2812963838,1149107.5547225634
2025-04-20T06:40:00.000+0000,887414.2812963838,887414.2812963838,1145060.4915233334
2025-04-20T06:50:00.000+0000,887414.2812963838,887414.2812963838,1145870.981604758
2025-04-20T07:00:00.000+0000,887414.2812963838,887414.2812963838,1142992.3497683802
2025-04-20T07:10:00.000+0000,887414.2812963838,887414.2812963838,1140200.873338679
2025-04-20T07:20:00.000+0000,887414.2812963838,887414.2812963838,1139525.3526663424
2025-04-20T07:30:00.000+0000,887414.2812963838,887414.2812963838,1139734.2900634764
2025-04-20T07:40:00.000+0000,887414.2812963838,887414.2812963838,1140284.5457204292
2025-04-20T07:50:00.000+0000,887414.2812963838,887414.2812963838,1141514.6339229401
2025-04-20T08:00:00.000+0000,887414.2812963838,887414.2812963838,1140056.4386144346
2025-04-20T08:10:00.000+0000,887414.2812963838,887414.2812963838,1140619.9036868408
2025-04-20T08:20:00.000+0000,887414.2812963838,887414.2812963838,1140618.0073271196
2025-04-20T08:30:00.000+0000,887414.2812963838,887414.2812963838,1140373.1638668273
2025-04-20T08:40:00.000+0000,887414.2812963838,887414.2812963838,1139722.7881205871
2025-04-20T08:50:00.000+0000,887414.2812963838,887414.2812963838,1136846.3436674038
2025-04-20T09:00:00.000+0000,887414.2812963838,887414.2812963838,1137465.0163520568
2025-04-20T09:10:00.000+0000,887414.2812963838,887414.2812963838,1138680.3707674395
2025-04-20T09:20:00.000+0000,887414.2812963838,887414.2812963838,1139238.2416271595
2025-04-20T09:30:00.000+0000,887414.2812963838,887414.2812963838,1138452.442649873
2025-04-20T09:40:00.000+0000,887414.2812963838,887414.2812963838,1137432.0163943933
2025-04-20T09:50:00.000+0000,887414.2812963838,887414.2812963838,1137225.1185126682
2025-04-20T10:00:00.000+0000,887414.2812963838,887414.2812963838,1137761.4328870852
2025-04-20T10:10:00.000+0000,887414.2812963838,887414.2812963838,1138408.5573628927
2025-04-20T10:20:00.000+0000,887414.2812963838,887414.2812963838,1138376.7424395625
2025-04-20T10:30:00.000+0000,887414.2812963838,887414.2812963838,1137849.9391717413
2025-04-20T10:40:00.000+0000,887414.2812963838,887414.2812963838,1132017.8070040348
2025-04-20T10:50:00.000+0000,887414.2812963838,887414.2812963838,1128656.673057252
2025-04-20T11:00:00.000+0000,887414.2812963838,887414.2812963838,1129728.99263345
2025-04-20T11:10:00.000+0000,887414.2812963838,887414.2812963838,1129874.4522005997
2025-04-20T11:20:00.000+0000,887414.2812963838,887414.2812963838,1125754.4641649541
2025-04-20T11:30:00.000+0000,887414.2812963838,887414.2812963838,1123986.6495821849
2025-04-20T11:40:00.000+0000,887414.2812963838,887414.2812963838,1121140.0173414177
2025-04-20T11:50:00.000+0000,887414.2812963838,887414.2812963838,1121821.7976215442
2025-04-20T12:00:00.000+0000,887414.2812963838,887414.2812963838,1123499.1785899093
2025-04-20T12:10:00.000+0000,887414.2812963838,887414.2812963838,1126227.0584468334
2025-04-20T12:20:00.000+0000,887414.2812963838,887414.2812963838,1127171.184049732
2025-04-20T12:30:00.000+0000,887414.2812963838,887414.2812963838,1127921.7982657356
2025-04-20T12:40:00.000+0000,887414.2812963838,887414.2812963838,1127981.0735933413
2025-04-20T12:50:00.000+0000,887414.2812963838,887414.2812963838,1127444.9162902567
2025-04-20T13:00:00.000+0000,887414.2812963838,887414.2812963838,1126653.859939855
2025-04-20T13:10:00.000+0000,887414.2812963838,887414.2812963838,1124540.4782746988
2025-04-20T13:20:00.000+0000,887414.2812963838,887414.2812963838,1126036.1241766966
2025-04-20T13:30:00.000+0000,887414.2812963838,887414.2812963838,1127205.6574560688
2025-04-20T13:40:00.000+0000,887414.2812963838,887414.2812963838,1128445.4315929431
2025-04-20T13:50:00.000+0000,887414.2812963838,887414.2812963838,1128232.5555767482
2025-04-20T14:00:00.000+0000,887414.2812963838,887414.2812963838,1127673.6117541695
2025-04-20T14:10:00.000+0000,887414.2812963838,887414.2812963838,1130478.4751394936
2025-04-20T14:20:00.000+0000,887414.2812963838,887414.2812963838,1129285.4368053703
2025-04-20T14:30:00.000+0000,887414.2812963838,887414.2812963838,1131115.3744098272
2025-04-20T14:40:00.000+0000,887414.2812963838,887414.2812963838,1130276.7316714576
2025-04-20T14:50:00.000+0000,887414.2812963838,887414.2812963838,1130816.1045924088
2025-04-20T15:00:00.000+0000,887414.2812963838,887414.2812963838,1128818.930886371
2025-04-20T15:10:00.000+0000,887414.2812963838,887414.2812963838,1128157.261198446
2025-04-20T15:20:00.000+0000,887414.2812963838,887414.2812963838,1125964.7404788486
2025-04-20T15:30:00.000+0000,887414.2812963838,887414.2812963838,1126522.239776856
2025-04-20T15:40:00.000+0000,887414.2812963838,887414.2812963838,1125974.5859636741
2025-04-20T15:50:00.000+0000,887414.2812963838,887414.2812963838,1122840.6397913932
2025-04-20T16:00:00.000+0000,887414.2812963838,887414.2812963838,1123202.3756057685
2025-04-20T16:10:00.000+0000,887414.2812963838,887414.2812963838,1125766.9978525166
2025-04-20T16:20:00.000+0000,887414.2812963838,887414.2812963838,1127140.5031462354
2025-04-20T16:30:00.000+0000,887414.2812963838,887414.2812963838,1126017.0911816952
2025-04-20T16:40:00.000+0000,887414.2812963838,887414.2812963838,1127680.5479219065
2025-04-20T16:50:00.000+0000,887414.2812963838,887414.2812963838,1128899.4544343804
2025-04-20T17:00:00.000+0000,887414.2812963838,887414.2812963838,1127502.146602821
2025-04-20T17:10:00.000+0000,887414.2812963838,887414.2812963838,1126763.948900902
2025-04-20T17:20:00.000+0000,887414.2812963838,887414.2812963838,1126668.4690966234
2025-04-20T17:30:00.000+0000,887414.2812963838,887414.2812963838,1125917.1368858838
2025-04-20T17:40:00.000+0000,887414.2812963838,887414.2812963838,1126878.5867382349
2025-04-20T17:50:00.000+0000,887414.2812963838,887414.2812963838,1127674.9906161309
2025-04-20T18:00:00.000+0000,887414.2812963838,887414.2812963838,1127032.9799314174
2025-04-20T18:10:00.000+0000,887414.2812963838,887414.2812963838,1128341.4652237433
2025-04-20T18:20:00.000+0000,887414.2812963838,887414.2812963838,1128353.5029731179
2025-04-20T18:30:00.000+0000,887414.2812963838,887414.2812963838,1126816.2297517736
2025-04-20T18:40:00.000+0000,887414.2812963838,887414.2812963838,1126526.5341575914
2025-04-20T18:50:00.000+0000,887414.2812963838,887414.2812963838,1127941.5743833084
2025-04-20T19:00:00.000+0000,887414.2812963838,887414.2812963838,1127675.1335138874
2025-04-20T19:10:00.000+0000,887414.2812963838,887414.2812963838,1127443.1311553589
2025-04-20T19:20:00.000+0000,887414.2812963838,887414.2812963838,1128639.2122181905
2025-04-20T19:30:00.000+0000,887414.2812963838,887414.2812963838,1128999.5557404095
2025-04-20T19:40:00.000+0000,887414.2812963838,887414.2812963838,1129744.758910603
2025-04-20T19:50:00.000+0000,887414.2812963838,887414.2812963838,1131093.884060814
2025-04-20T20:00:00.000+0000,887414.2812963838,887414.2812963838,1131175.7328224937
2025-04-20T20:10:00.000+0000,887414.2812963838,887414.2812963838,1135086.7913482685
2025-04-20T20:20:00.000+0000,887414.2812963838,887414.2812963838,1137675.4853712097
2025-04-20T20:30:00.000+0000,887414.2812963838,887414.2812963838,1135390.2509654353
2025-04-20T20:40:00.000+0000,887414.2812963838,887414.2812963838,1135892.517239918
2025-04-20T20:50:00.000+0000,887414.2812963838,887414.2812963838,1133585.8640895244
2025-04-20T21:00:00.000+0000,887414.2812963838,887414.2812963838,1132463.73223148
2025-04-20T21:10:00.000+0000,887414.2812963838,887414.2812963838,1131870.8729358758
2025-04-20T21:20:00.000+0000,887414.2812963838,887414.2812963838,1131802.1517675084
2025-04-20T21:30:00.000+0000,887414.2812963838,887414.2812963838,1133439.8113332721
2025-04-20T21:40:00.000+0000,887414.2812963838,887414.2812963838,1134308.6852105714
2025-04-20T21:50:00.000+0000,887414.2812963838,887414.2812963838,1134688.0913106478
2025-04-20T22:00:00.000+0000,887414.2812963838,887414.2812963838,1130590.166259653
2025-04-20T22:10:00.000+0000,887414.2812963838,887414.2812963838,1130212.7850819454
2025-04-20T22:20:00.000+0000,887414.2812963838,887414.2812963838,1127216.8458972583
2025-04-20T22:30:00.000+0000,887414.2812963838,887414.2812963838,1128770.6224207645
2025-04-20T22:40:00.000+0000,887414.2812963838,887414.2812963838,1129956.3331838262
2025-04-20T22:50:00.000+0000,887414.2812963838,887414.2812963838,1129654.741693414
2025-04-20T23:00:00.000+0000,887414.2812963838,887414.2812963838,1131932.9559168168
2025-04-20T23:10:00.000+0000,887414.2812963838,887414.2812963838,1133606.2997430747
2025-04-20T23:20:00.000+0000,887414.2812963838,887414.2812963838,1133940.2730948613
2025-04-20T23:30:00.000+0000,887414.2812963838,887414.2812963838,1133539.7231683242
2025-04-20T23:40:00.000+0000,887414.2812963838,887414.2812963838,1133286.4812633358
2025-04-20T23:50:00.000+0000,887414.2812963838,887414.2812963838,1135199.7596330317
2025-04-21T00:00:00.000+0000,887414.2812963838,887414.2812963838,1135885.4040932492
2025-04-21T00:10:00.000+0000,887414.2812963838,887414.2812963838,1141910.8587902514
2025-04-21T00:20:00.000+0000,887414.2812963838,887414.2812963838,1143710.7182806372
2025-04-21T00:30:00.000+0000,887414.2812963838,887414.2812963838,1156829.6503950213
2025-04-21T00:40:00.000+0000,887414.2812963838,887414.2812963838,1159351.642937133
2025-04-21T00:50:00.000+0000,887414.2812963838,887414.2812963838,1158176.2935460124
2025-04-21T01:00:00.000+0000,887414.2812963838,887414.2812963838,1160823.5442471162
2025-04-21T01:10:00.000+0000,887414.2812963838,887414.2812963838,1157909.629990848
2025-04-21T01:20:00.000+0000,887414.2812963838,887414.2812963838,1158297.2858989416
2025-04-21T01:30:00.000+0000,887414.2812963838,887414.2812963838,1160813.8484249404
2025-04-21T01:40:00.000+0000,887414.2812963838,887414.2812963838,1163606.4515326323
2025-04-21T01:50:00.000+0000,887414.2812963838,887414.2812963838,1164852.9368318273
2025-04-21T02:00:00.000+0000,887414.2812963838,887414.2812963838,1164300.7840167019
2025-04-21T02:10:00.000+0000,887414.2812963838,887414.2812963838,1164908.6017188865
2025-04-21T02:20:00.000+0000,887414.2812963838,887414.2812963838,1166358.1478923587
2025-04-21T02:30:00.000+0000,887414.2812963838,887414.2812963838,1162028.4012247985
2025-04-21T02:40:00.000+0000,887414.2812963838,887414.2812963838,1159780.7048711644
2025-04-21T02:50:00.000+0000,887414.2812963838,887414.2812963838,1162756.2660497206
2025-04-21T03:00:00.000+0000,887414.2812963838,887414.2812963838,1163530.6777489076
2025-04-21T03:10:00.000+0000,887414.2812963838,887414.2812963838,1162396.967546854
2025-04-21T03:20:00.000+0000,887414.2812963838,887414.2812963838,1160729.509317102
2025-04-21T03:30:00.000+0000,887414.2812963838,887414.2812963838,1161373.5148914536
2025-04-21T03:40:00.000+0000,887414.2812963838,887414.2812963838,1161439.1020297052
2025-04-21T03:50:00.000+0000,887414.2812963838,887414.2812963838,1159933.332951234
2025-04-21T04:00:00.000+0000,887414.2812963838,887414.2812963838,1161538.5993697227
2025-04-21T04:10:00.000+0000,887414.2812963838,887414.2812963838,1160060.661278614
2025-04-21T04:20:00.000+0000,887414.2812963838,887414.2812963838,1160771.9454884701
2025-04-21T04:30:00.000+0000,887414.2812963838,887414.2812963838,1159694.0517736173
2025-04-21T04:40:00.000+0000,887414.2812963838,887414.2812963838,1162453.474703562
2025-04-21T04:50:00.000+0000,887414.2812963838,887414.2812963838,1165361.2098834093
2025-04-21T05:00:00.000+0000,887414.2812963838,887414.2812963838,1166173.8681088777
2025-04-21T05:10:00.000+0000,887414.2812963838,887414.2812963838,1166200.8628647737
2025-04-21T05:20:00.000+0000,887414.2812963838,887414.2812963838,1167535.4962600667
2025-04-21T05:30:00.000+0000,887414.2812963838,887414.2812963838,1167120.5579279424
2025-04-21T05:40:00.000+0000,887414.2812963838,887414.2812963838,1167890.8475537032
2025-04-21T05:50:00.000+0000,887414.2812963838,887414.2812963838,1169394.1210500684
2025-04-21T06:00:00.000+0000,887414.2812963838,887414.2812963838,1169361.562072888
2025-04-21T06:10:00.000+0000,887414.2812963838,887414.2812963838,1169698.6849377803
2025-04-21T06:20:00.000+0000,887414.2812963838,887414.2812963838,1169998.5605938323
2025-04-21T06:30:00.000+0000,887414.2812963838,887414.2812963838,1168528.3764612281
2025-04-21T06:40:00.000+0000,887414.2812963838,887414.2812963838,1167979.924236128
2025-04-21T06:50:00.000+0000,887414.2812963838,887414.2812963838,1169194.452216358
2025-04-21T07:00:00.000+0000,887414.2812963838,887414.2812963838,1169745.0637127429
2025-04-21T07:10:00.000+0000,887414.2812963838,887414.2812963838,1166884.347471857
2025-04-21T07:20:00.000+0000,887414.2812963838,887414.2812963838,1165951.3134706034
2025-04-21T07:30:00.000+0000,887414.2812963838,887414.2812963838,1166757.9381107227
2025-04-21T07:40:00.000+0000,887414.2812963838,887414.2812963838,1168054.8192874147
2025-04-21T07:50:00.000+0000,887414.2812963838,887414.2812963838,1166485.0940101617
2025-04-21T08:00:00.000+0000,887414.2812963838,887414.2812963838,1166922.1418272997
2025-04-21T08:10:00.000+0000,887414.2812963838,887414.2812963838,1165698.0891123177
2025-04-21T08:20:00.000+0000,887414.2812963838,887414.2812963838,1166930.4885368021
2025-04-21T08:30:00.000+0000,887414.2812963838,887414.2812963838,1167664.0913366051
2025-04-21T08:40:00.000+0000,887414.2812963838,887414.2812963838,1166981.7178309474
2025-04-21T08:50:00.000+0000,887414.2812963838,887414.2812963838,1168527.6984343813
2025-04-21T09:00:00.000+0000,887414.2812963838,887414.2812963838,1169893.9600574868
2025-04-21T09:10:00.000+0000,887414.2812963838,887414.2812963838,1165470.3182758156
2025-04-21T09:20:00.000+0000,887414.2812963838,887414.2812963838,1165359.6506822775
2025-04-21T09:30:00.000+0000,887414.2812963838,887414.2812963838,1163229.4622881156
2025-04-21T09:40:00.000+0000,887414.2812963838,887414.2812963838,1164375.837089505
2025-04-21T09:50:00.000+0000,887414.2812963838,887414.2812963838,1165406.3953873455
2025-04-21T10:00:00.000+0000,887414.2812963838,887414.2812963838,1163800.1140797513
2025-04-21T10:10:00.000+0000,887414.2812963838,887414.2812963838,1163739.9625823484
2025-04-21T10:20:00.000+0000,887414.2812963838,887414.2812963838,1161166.732304567
2025-04-21T10:30:00.000+0000,887414.2812963838,887414.2812963838,1159759.6120405623
2025-04-21T10:40:00.000+0000,887414.2812963838,887414.2812963838,1160606.5417586612
2025-04-21T10:50:00.000+0000,887414.2812963838,887414.2812963838,1162104.9566664367
2025-04-21T11:00:00.000+0000,887414.2812963838,887414.2812963838,1161649.8330190792
2025-04-21T11:10:00.000+0000,887414.2812963838,887414.2812963838,1155504.9788360386
2025-04-21T11:20:00.000+0000,887414.2812963838,887414.2812963838,1152190.5912227556
2025-04-21T11:30:00.000+0000,887414.2812963838,887414.2812963838,1154202.7829331723
2025-04-21T11:40:00.000+0000,887414.2812963838,887414.2812963838,1155827.2282571984
2025-04-21T11:50:00.000+0000,887414.2812963838,887414.2812963838,1155582.3063478912
2025-04-21T12:00:00.000+0000,887414.2812963838,887414.2812963838,1156517.9745974597
2025-04-21T12:10:00.000+0000,887414.2812963838,887414.2812963838,1158687.649701885
2025-04-21T12:20:00.000+0000,887414.2812963838,887414.2812963838,1157808.8552047545
2025-04-21T12:30:00.000+0000,887414.2812963838,887414.2812963838,1157016.0219561479
2025-04-21T12:40:00.000+0000,887414.2812963838,887414.2812963838,1155566.3568548092
2025-04-21T12:50:00.000+0000,887414.2812963838,887414.2812963838,1153945.4814098205
2025-04-21T13:00:00.000+0000,887414.2812963838,887414.2812963838,1150599.7622966627
2025-04-21T13:10:00.000+0000,887414.2812963838,887414.2812963838,1150540.5846276646
2025-04-21T13:20:00.000+0000,887414.2812963838,887414.2812963838,1151324.3033163315
2025-04-21T13:30:00.000+0000,887414.2812963838,887414.2812963838,1151211.2033991013
2025-04-21T13:40:00.000+0000,887414.2812963838,887414.2812963838,1153331.8615410912
2025-04-21T13:50:00.000+0000,887414.2812963838,887414.2812963838,1147812.689256222
2025-04-21T14:00:00.000+0000,887414.2812963838,887414.2812963838,1145747.205947847
2025-04-21T14:10:00.000+0000,887414.2812963838,887414.2812963838,1152015.9717114056
2025-04-21T14:20:00.000+0000,887414.2812963838,887414.2812963838,1159424.3289828596
2025-04-21T14:30:00.000+0000,887414.2812963838,887414.2812963838,1163485.2605034723
2025-04-21T14:40:00.000+0000,887414.2812963838,887414.2812963838,1159332.904677613
2025-04-21T14:50:00.000+0000,887414.2812963838,887414.2812963838,1159359.7382565853
2025-04-21T15:00:00.000+0000,887414.2812963838,887414.2812963838,1158914.040512833
2025-04-21T15:10:00.000+0000,887414.2812963838,887414.2812963838,1157226.9742166116
2025-04-21T15:20:00.000+0000,887414.2812963838,887414.2812963838,1160660.5698650186
2025-04-21T15:30:00.000+0000,887414.2812963838,887414.2812963838,1159989.147620136
2025-04-21T15:40:00.000+0000,887414.2812963838,887414.2812963838,1156517.0023789513
2025-04-21T15:50:00.000+0000,887414.2812963838,887414.2812963838,1156627.8553063474
2025-04-21T16:00:00.000+0000,887414.2812963838,887414.2812963838,1155260.161993275
2025-04-21T16:10:00.000+0000,887414.2812963838,887414.2812963838,1156761.156545137
2025-04-21T16:20:00.000+0000,887414.2812963838,887414.2812963838,1151076.1888238282
2025-04-21T16:30:00.000+0000,887414.2812963838,887414.2812963838,1151338.4889734387
2025-04-21T16:40:00.000+0000,887414.2812963838,887414.2812963838,1146251.8907348688
2025-04-21T16:50:00.000+0000,887414.2812963838,887414.2812963838,1137865.3689868166
2025-04-21T17:00:00.000+0000,887414.2812963838,887414.2812963838,1127361.758321105
2025-04-21T17:10:00.000+0000,887414.2812963838,887414.2812963838,1131041.7437550025
2025-04-21T17:20:00.000+0000,887414.2812963838,887414.2812963838,1132199.353991119
2025-04-21T17:30:00.000+0000,887414.2812963838,887414.2812963838,1133682.2473970288
2025-04-21T17:40:00.000+0000,887414.2812963838,887414.2812963838,1132842.859920544
2025-04-21T17:50:00.000+0000,887414.2812963838,887414.2812963838,1130341.6130917454
2025-04-21T18:00:00.000+0000,887414.2812963838,887414.2812963838,1130316.1821122053
2025-04-21T18:10:00.000+0000,887414.2812963838,887414.2812963838,1131871.7022580632
2025-04-21T18:20:00.000+0000,887414.2812963838,887414.2812963838,1130244.8764665963
2025-04-21T18:30:00.000+0000,887414.2812963838,887414.2812963838,1130759.3489432328
2025-04-21T18:40:00.000+0000,887414.2812963838,887414.2812963838,1132145.1086505577
2025-04-21T18:50:00.000+0000,887414.2812963838,887414.2812963838,1130998.4959638778
2025-04-21T19:00:00.000+0000,887414.2812963838,887414.2812963838,1130674.3702638987
2025-04-21T19:10:00.000+0000,887414.2812963838,887414.2812963838,1135273.2462930763
2025-04-21T19:20:00.000+0000,887414.2812963838,887414.2812963838,1137760.6423953944
2025-04-21T19:30:00.000+0000,887414.2812963838,887414.2812963838,1139026.2325923913
2025-04-21T19:40:00.000+0000,887414.2812963838,887414.2812963838,1137956.1099199827
2025-04-21T19:50:00.000+0000,887414.2812963838,887414.2812963838,1138754.2503974058
2025-04-21T20:00:00.000+0000,887414.2812963838,887414.2812963838,1138108.022573974
2025-04-21T20:10:00.000+0000,887414.2812963838,887414.2812963838,1138091.3188112646
2025-04-21T20:20:00.000+0000,887414.2812963838,887414.2812963838,1137569.1553539196
2025-04-21T20:30:00.000+0000,887414.2812963838,887414.2812963838,1137807.7592508947
2025-04-21T20:40:00.000+0000,887414.2812963838,887414.2812963838,1138798.3619420703
2025-04-21T20:50:00.000+0000,887414.2812963838,887414.2812963838,1139947.366927513
2025-04-21T21:00:00.000+0000,887414.2812963838,887414.2812963838,1138315.3654117691
2025-04-21T21:10:00.000+0000,887414.2812963838,887414.2812963838,1138321.270404912
2025-04-21T21:20:00.000+0000,887414.2812963838,887414.2812963838,1137258.9079222514
2025-04-21T21:30:00.000+0000,887414.2812963838,887414.2812963838,1136301.7478527238
2025-04-21T21:40:00.000+0000,887414.2812963838,887414.2812963838,1138603.65314213
2025-04-21T21:50:00.000+0000,887414.2812963838,887414.2812963838,1140215.382991165
2025-04-21T22:00:00.000+0000,887414.2812963838,887414.2812963838,1136253.2661149239
2025-04-21T22:10:00.000+0000,887414.2812963838,887414.2812963838,1135257.6720960333
2025-04-21T22:20:00.000+0000,887414.2812963838,887414.2812963838,1135823.1916076767
2025-04-21T22:30:00.000+0000,887414.2812963838,887414.2812963838,1136354.9971651956
2025-04-21T22:40:00.000+0000,887414.2812963838,887414.2812963838,1137453.8787644168
2025-04-21T22:50:00.000+0000,887414.2812963838,887414.2812963838,1136914.7664374323
2025-04-21T23:00:00.000+0000,887414.2812963838,887414.2812963838,1134357.9718605937
2025-04-21T23:10:00.000+0000,887414.2812963838,887414.2812963838,1135379.2260930592
2025-04-21T23:20:00.000+0000,887414.2812963838,887414.2812963838,1136824.9978509145
2025-04-21T23:30:00.000+0000,887414.2812963838,887414.2812963838,1136096.6509050808
2025-04-21T23:40:00.000+0000,887414.2812963838,887414.2812963838,1136249.2506910972
2025-04-21T23:50:00.000+0000,887414.2812963838,887414.2812963838,1140234.8597214976
2025-04-22T00:00:00.000+0000,887414.2812963838,887414.2812963838,1140166.8049859751
2025-04-22T00:10:00.000+0000,887414.2812963838,887414.2812963838,1138256.029403354
2025-04-22T00:20:00.000+0000,887414.2812963838,887414.2812963838,1140008.58679391
2025-04-22T00:30:00.000+0000,887414.2812963838,887414.2812963838,1126750.805729373
2025-04-22T00:40:00.000+0000,887414.2812963838,887414.2812963838,1131582.3080980056
2025-04-22T00:50:00.000+0000,887414.2812963838,887414.2812963838,1135516.6428412728
2025-04-22T01:00:00.000+0000,887414.2812963838,887414.2812963838,1138714.6024580789
2025-04-22T01:10:00.000+0000,887414.2812963838,887414.2812963838,1142766.0861146925
2025-04-22T01:20:00.000+0000,887414.2812963838,887414.2812963838,1149606.9351019221
2025-04-22T01:30:00.000+0000,887414.2812963838,887414.2812963838,1150397.9450543765
2025-04-22T01:40:00.000+0000,887414.2812963838,887414.2812963838,1151454.8395762723
2025-04-22T01:50:00.000+0000,887414.2812963838,887414.2812963838,1154173.1517719924
2025-04-22T02:00:00.000+0000,887414.2812963838,887414.2812963838,1155090.5892869907
2025-04-22T02:10:00.000+0000,887414.2812963838,887414.2812963838,1149450.308164027
2025-04-22T02:20:00.000+0000,887414.2812963838,887414.2812963838,1147793.9812398609
2025-04-22T02:30:00.000+0000,887414.2812963838,887414.2812963838,1146959.6700224103
2025-04-22T02:40:00.000+0000,887414.2812963838,887414.2812963838,1147483.7402678095
2025-04-22T02:50:00.000+0000,887414.2812963838,887414.2812963838,1149459.8233102267
2025-04-22T03:00:00.000+0000,887414.2812963838,887414.2812963838,1148990.7730875602
2025-04-22T03:10:00.000+0000,887414.2812963838,887414.2812963838,1147425.3397896707
2025-04-22T03:20:00.000+0000,887414.2812963838,887414.2812963838,1151188.043095792
2025-04-22T03:30:00.000+0000,887414.2812963838,887414.2812963838,1151169.1880928057
2025-04-22T03:40:00.000+0000,887414.2812963838,887414.2812963838,1151953.7495021136
2025-04-22T03:50:00.000+0000,887414.2812963838,887414.2812963838,1151473.3959973406
2025-04-22T04:00:00.000+0000,887414.2812963838,887414.2812963838,1152473.8880075316
2025-04-22T04:10:00.000+0000,887414.2812963838,887414.2812963838,1151582.0837707848
2025-04-22T04:20:00.000+0000,887414.2812963838,887414.2812963838,1151791.3864501885
2025-04-22T04:30:00.000+0000,887414.2812963838,887414.2812963838,1152070.7980513205
2025-04-22T04:40:00.000+0000,887414.2812963838,887414.2812963838,1151661.7491042456
2025-04-22T04:50:00.000+0000,887414.2812963838,887414.2812963838,1149460.0140473181
2025-04-22T05:00:00.000+0000,887414.2812963838,887414.2812963838,1148838.4839313854
2025-04-22T05:10:00.000+0000,887414.2812963838,887414.2812963838,1147952.3729757918
2025-04-22T05:20:00.000+0000,887414.2812963838,887414.2812963838,1149574.6345112515
2025-04-22T05:30:00.000+0000,887414.2812963838,887414.2812963838,1150652.6913120784
2025-04-22T05:40:00.000+0000,887414.2812963838,887414.2812963838,1152624.8903101047
2025-04-22T05:50:00.000+0000,887414.2812963838,887414.2812963838,1152964.4842644804
2025-04-22T06:00:00.000+0000,887414.2812963838,887414.2812963838,1153512.506284036
2025-04-22T06:10:00.000+0000,887414.2812963838,887414.2812963838,1151173.2461438244
2025-04-22T06:20:00.000+0000,887414.2812963838,887414.2812963838,1150105.5074034815
2025-04-22T06:30:00.000+0000,887414.2812963838,887414.2812963838,1147962.5117239296
2025-04-22T06:40:00.000+0000,887414.2812963838,887414.2812963838,1148389.3036303695
2025-04-22T06:50:00.000+0000,887414.2812963838,887414.2812963838,1150885.1916162146
2025-04-22T07:00:00.000+0000,887414.2812963838,887414.2812963838,1152780.9610573067
2025-04-22T07:10:00.000+0000,887414.2812963838,887414.2812963838,1152060.1496768685
2025-04-22T07:20:00.000+0000,887414.2812963838,887414.2812963838,1154732.8489957135
2025-04-22T07:30:00.000+0000,887414.2812963838,887414.2812963838,1157985.9862284649
2025-04-22T07:40:00.000+0000,887414.2812963838,887414.2812963838,1162517.0033886968
2025-04-22T07:50:00.000+0000,887414.2812963838,887414.2812963838,1163349.3675145155
2025-04-22T08:00:00.000+0000,887414.2812963838,887414.2812963838,1165217.1102197955
2025-04-22T08:10:00.000+0000,887414.2812963838,887414.2812963838,1165920.6531138076
2025-04-22T08:20:00.000+0000,887414.2812963838,887414.2812963838,1162403.1672723913
2025-04-22T08:30:00.000+0000,887414.2812963838,887414.2812963838,1162394.2191901929
2025-04-22T08:40:00.000+0000,887414.2812963838,887414.2812963838,1162625.7395370961
2025-04-22T08:50:00.000+0000,887414.2812963838,887414.2812963838,1163229.243347722
2025-04-22T09:00:00.000+0000,887414.2812963838,887414.2812963838,1163468.7099369545
2025-04-22T09:10:00.000+0000,887414.2812963838,887414.2812963838,1161603.0326988813
2025-04-22T09:20:00.000+0000,887414.2812963838,887414.2812963838,1162990.49132993
2025-04-22T09:30:00.000+0000,887414.2812963838,887414.2812963838,1163231.8804108552
2025-04-22T09:40:00.000+0000,887414.2812963838,887414.2812963838,1164934.4214506475
2025-04-22T09:50:00.000+0000,887414.2812963838,887414.2812963838,1163832.5534311656
2025-04-22T10:00:00.000+0000,887414.2812963838,887414.2812963838,1164485.4750779765
2025-04-22T10:10:00.000+0000,887414.2812963838,887414.2812963838,1164761.9639937659
2025-04-22T10:20:00.000+0000,887414.2812963838,887414.2812963838,1160543.7035798498
2025-04-22T10:30:00.000+0000,887414.2812963838,887414.2812963838,1162282.257754687
2025-04-22T10:40:00.000+0000,887414.2812963838,887414.2812963838,1165454.7510584043
2025-04-22T10:50:00.000+0000,887414.2812963838,887414.2812963838,1165275.9538473692
2025-04-22T11:00:00.000+0000,887414.2812963838,887414.2812963838,1165683.1114047524
2025-04-22T11:10:00.000+0000,887414.2812963838,887414.2812963838,1166061.401421603
2025-04-22T11:20:00.000+0000,887414.2812963838,887414.2812963838,1167946.5548563586
2025-04-22T11:30:00.000+0000,887414.2812963838,887414.2812963838,1167798.4847892816
2025-04-22T11:40:00.000+0000,887414.2812963838,887414.2812963838,1167069.9978993544
2025-04-22T11:50:00.000+0000,887414.2812963838,887414.2812963838,1168409.3092485901
2025-04-22T12:00:00.000+0000,887414.2812963838,887414.2812963838,1167287.3417013055
2025-04-22T12:10:00.000+0000,887414.2812963838,887414.2812963838,1168351.2816889232
2025-04-22T12:20:00.000+0000,887414.2812963838,887414.2812963838,1168252.0085764825
2025-04-22T12:30:00.000+0000,887414.2812963838,887414.2812963838,1169995.6698002073
2025-04-22T12:40:00.000+0000,887414.2812963838,887414.2812963838,1167347.01292086
2025-04-22T12:50:00.000+0000,887414.2812963838,887414.2812963838,1172740.279809744
2025-04-22T13:00:00.000+0000,887414.2812963838,887414.2812963838,1174278.1053327932
2025-04-22T13:10:00.000+0000,887414.2812963838,887414.2812963838,1178986.63002973
2025-04-22T13:20:00.000+0000,887414.2812963838,887414.2812963838,1178283.4310345426
2025-04-22T13:30:00.000+0000,887414.2812963838,887414.2812963838,1177396.6965380968
2025-04-22T13:40:00.000+0000,887414.2812963838,887414.2812963838,1182440.0094436824
2025-04-22T13:50:00.000+0000,887414.2812963838,887414.2812963838,1181573.3158903243
2025-04-22T14:00:00.000+0000,887414.2812963838,887414.2812963838,1183404.4494615386
2025-04-22T14:10:00.000+0000,887414.2812963838,887414.2812963838,1189155.7955231487
2025-04-22T14:20:00.000+0000,887414.2812963838,887414.2812963838,1187289.3971633741
2025-04-22T14:30:00.000+0000,887414.2812963838,887414.2812963838,1187982.5377616186
2025-04-22T14:40:00.000+0000,887414.2812963838,887414.2812963838,1192063.9362110854
2025-04-22T14:50:00.000+0000,887414.2812963838,887414.2812963838,1195311.8425994692
2025-04-22T15:00:00.000+0000,887414.2812963838,887414.2812963838,1203840.512585646
2025-04-22T15:10:00.000+0000,887414.2812963838,887414.2812963838,1211261.617156756
2025-04-22T15:20:00.000+0000,887414.2812963838,887414.2812963838,1209868.3119144188
2025-04-22T15:30:00.000+0000,887414.2812963838,887414.2812963838,1203747.396705389
2025-04-22T15:40:00.000+0000,887414.2812963838,887414.2812963838,1200032.313387007
2025-04-22T15:50:00.000+0000,887414.2812963838,887414.2812963838,1204037.1437108468
2025-04-22T16:00:00.000+0000,887414.2812963838,887414.2812963838,1209289.719736493
2025-04-22T16:10:00.000+0000,887414.2812963838,887414.2812963838,1203275.317200026
2025-04-22T16:20:00.000+0000,887414.2812963838,887414.2812963838,1205367.0989424656
2025-04-22T16:30:00.000+0000,887414.2812963838,887414.2812963838,1205780.1730614817
2025-04-22T16:40:00.000+0000,887414.2812963838,887414.2812963838,1203181.4615152539
2025-04-22T16:50:00.000+0000,887414.2812963838,887414.2812963838,1202391.2021353827
2025-04-22T17:00:00.000+0000,887414.2812963838,887414.2812963838,1205765.5831005652
2025-04-22T17:10:00.000+0000,887414.2812963838,887414.2812963838,1201804.909156893
2025-04-22T17:20:00.000+0000,887414.2812963838,887414.2812963838,1202438.2516426954
2025-04-22T17:30:00.000+0000,887414.2812963838,887414.2812963838,1204394.4761084795
2025-04-22T17:40:00.000+0000,887414.2812963838,887414.2812963838,1205092.7485417412
2025-04-22T17:50:00.000+0000,887414.2812963838,887414.2812963838,1206725.5744212014
2025-04-22T18:00:00.000+0000,887414.2812963838,887414.2812963838,1208801.5385816747
2025-04-22T18:10:00.000+0000,887414.2812963838,887414.2812963838,1207885.3394695353
2025-04-22T18:20:00.000+0000,887414.2812963838,887414.2812963838,1207295.6172059088
2025-04-22T18:30:00.000+0000,887414.2812963838,887414.2812963838,1207423.5211639183
2025-04-22T18:40:00.000+0000,887414.2812963838,887414.2812963838,1208025.9771699323
2025-04-22T18:50:00.000+0000,887414.2812963838,887414.2812963838,1209387.9228369135
2025-04-22T19:00:00.000+0000,887414.2812963838,887414.2812963838,1210265.0523980272
2025-04-22T19:10:00.000+0000,887414.2812963838,887414.2812963838,1209804.9444822075
2025-04-22T19:20:00.000+0000,887414.2812963838,887414.2812963838,1207980.7005852377
2025-04-22T19:30:00.000+0000,887414.2812963838,887414.2812963838,1201615.1445887145
2025-04-22T19:40:00.000+0000,887414.2812963838,887414.2812963838,1201952.2322982615
2025-04-22T19:50:00.000+0000,887414.2812963838,887414.2812963838,1204635.1018757923
2025-04-22T20:00:00.000+0000,887414.2812963838,887414.2812963838,1205432.0907198389
2025-04-22T20:10:00.000+0000,887414.2812963838,887414.2812963838,1203988.6677387035
2025-04-22T20:20:00.000+0000,887414.2812963838,887414.2812963838,1203941.5831557736
2025-04-22T20:30:00.000+0000,887414.2812963838,887414.2812963838,1205318.2800383526
2025-04-22T20:40:00.000+0000,887414.2812963838,887414.2812963838,1205826.9498334352
2025-04-22T20:50:00.000+0000,887414.2812963838,887414.2812963838,1205614.5671216368
2025-04-22T21:00:00.000+0000,887414.2812963838,887414.2812963838,1205310.0049992306
2025-04-22T21:10:00.000+0000,887414.2812963838,887414.2812963838,1207184.1179128285
2025-04-22T21:20:00.000+0000,887414.2812963838,887414.2812963838,1211886.4721589824
2025-04-22T21:30:00.000+0000,887414.2812963838,887414.2812963838,1212792.1047807508
2025-04-22T21:40:00.000+0000,887414.2812963838,887414.2812963838,1215931.7454176417
2025-04-22T21:50:00.000+0000,887414.2812963838,887414.2812963838,1233117.779586236
2025-04-22T22:00:00.000+0000,887414.2812963838,887414.2812963838,1233069.5898436639
2025-04-22T22:10:00.000+0000,887414.2812963838,887414.2812963838,1231049.8843776304
2025-04-22T22:20:00.000+0000,887414.2812963838,887414.2812963838,1235738.5087253803
2025-04-22T22:30:00.000+0000,887414.2812963838,887414.2812963838,1230041.6722528967
2025-04-22T22:40:00.000+0000,887414.2812963838,887414.2812963838,1229937.0692738509
2025-04-22T22:50:00.000+0000,887414.2812963838,887414.2812963838,1232493.0939474567
2025-04-22T23:00:00.000+0000,887414.2812963838,887414.2812963838,1238942.1195297977
2025-04-22T23:10:00.000+0000,887414.2812963838,887414.2812963838,1238802.5654116832
2025-04-22T23:20:00.000+0000,887414.2812963838,887414.2812963838,1237093.7083827963
2025-04-22T23:30:00.000+0000,887414.2812963838,887414.2812963838,1241656.3007469508
2025-04-22T23:40:00.000+0000,887414.2812963838,887414.2812963838,1242574.6140418414
2025-04-22T23:50:00.000+0000,887414.2812963838,887414.2812963838,1242299.0928374003
2025-04-23T00:00:00.000+0000,887414.2812963838,887414.2812963838,1240580.1891946923
2025-04-23T00:10:00.000+0000,887414.2812963838,887414.2812963838,1240777.6019333904
2025-04-23T00:20:00.000+0000,887414.2812963838,887414.2812963838,1240599.1632397315
2025-04-23T00:30:00.000+0000,887414.2812963838,887414.2812963838,1238744.3970366134
2025-04-23T00:40:00.000+0000,887414.2812963838,887414.2812963838,1235441.6678970328
2025-04-23T00:50:00.000+0000,887414.2812963838,887414.2812963838,1235530.2546057412
2025-04-23T01:00:00.000+0000,887414.2812963838,887414.2812963838,1235014.255697764
2025-04-23T01:10:00.000+0000,887414.2812963838,887414.2812963838,1244275.5604602483
2025-04-23T01:20:00.000+0000,887414.2812963838,887414.2812963838,1241783.6649523405
2025-04-23T01:30:00.000+0000,887414.2812963838,887414.2812963838,1242939.9798066262
2025-04-23T01:40:00.000+0000,887414.2812963838,887414.2812963838,1240691.866011165
2025-04-23T01:50:00.000+0000,887414.2812963838,887414.2812963838,1236397.4728933559
2025-04-23T02:00:00.000+0000,887414.2812963838,887414.2812963838,1236682.9609058434
2025-04-23T02:10:00.000+0000,887414.2812963838,887414.2812963838,1239755.3859992116
2025-04-23T02:20:00.000+0000,887414.2812963838,887414.2812963838,1245640.8706072182
2025-04-23T02:30:00.000+0000,887414.2812963838,887414.2812963838,1245997.9283967637
2025-04-23T02:40:00.000+0000,887414.2812963838,887414.2812963838,1248203.0015418069
2025-04-23T02:50:00.000+0000,887414.2812963838,887414.2812963838,1247450.0280843212
2025-04-23T03:00:00.000+0000,887414.2812963838,887414.2812963838,1244988.4465938671
2025-04-23T03:10:00.000+0000,887414.2812963838,887414.2812963838,1243537.970095391
2025-04-23T03:20:00.000+0000,887414.2812963838,887414.2812963838,1244921.2407806711
2025-04-23T03:30:00.000+0000,887414.2812963838,887414.2812963838,1245595.6464557236
2025-04-23T03:40:00.000+0000,887414.2812963838,887414.2812963838,1249042.6311213893
2025-04-23T03:50:00.000+0000,887414.2812963838,887414.2812963838,1249895.729277845
2025-04-23T04:00:00.000+0000,887414.2812963838,887414.2812963838,1250304.2918842314
2025-04-23T04:10:00.000+0000,887414.2812963838,887414.2812963838,1248086.9848927879
2025-04-23T04:20:00.000+0000,887414.2812963838,887414.2812963838,1246349.868609603
2025-04-23T04:30:00.000+0000,887414.2812963838,887414.2812963838,1247850.3446623925
2025-04-23T04:40:00.000+0000,887414.2812963838,887414.2812963838,1252140.87198542
2025-04-23T04:50:00.000+0000,887414.2812963838,887414.2812963838,1257554.2431692742
2025-04-23T05:00:00.000+0000,887414.2812963838,887414.2812963838,1258120.6921297126
2025-04-23T05:10:00.000+0000,887414.2812963838,887414.2812963838,1256428.429930797
2025-04-23T05:20:00.000+0000,887414.2812963838,887414.2812963838,1257714.8872845317
2025-04-23T05:30:00.000+0000,887414.2812963838,887414.2812963838,1258069.6876381226
2025-04-23T05:40:00.000+0000,887414.2812963838,887414.2812963838,1259699.2340279238
2025-04-23T05:50:00.000+0000,887414.2812963838,887414.2812963838,1257470.1704227666
2025-04-23T06:00:00.000+0000,887414.2812963838,887414.2812963838,1255937.0424944868
2025-04-23T06:10:00.000+0000,887414.2812963838,887414.2812963838,1259893.6540216482
2025-04-23T06:20:00.000+0000,887414.2812963838,887414.2812963838,1259687.0113375266
2025-04-23T06:30:00.000+0000,887414.2812963838,887414.2812963838,1259592.4555059515
2025-04-23T06:40:00.000+0000,887414.2812963838,887414.2812963838,1258665.334319117
2025-04-23T06:50:00.000+0000,887414.2812963838,887414.2812963838,1256451.0336417926
2025-04-23T07:00:00.000+0000,887414.2812963838,887414.2812963838,1253538.0389631777
2025-04-23T07:10:00.000+0000,887414.2812963838,887414.2812963838,1253020.435366789
2025-04-23T07:20:00.000+0000,887414.2812963838,887414.2812963838,1253580.8566658746
2025-04-23T07:30:00.000+0000,887414.2812963838,887414.2812963838,1255983.091060827
2025-04-23T07:40:00.000+0000,887414.2812963838,887414.2812963838,1255825.2342551723
2025-04-23T07:50:00.000+0000,887414.2812963838,887414.2812963838,1257109.5073162494
2025-04-23T08:00:00.000+0000,887414.2812963838,887414.2812963838,1258999.1089963794
2025-04-23T08:10:00.000+0000,887414.2812963838,887414.2812963838,1260869.6629929228
2025-04-23T08:20:00.000+0000,887414.2812963838,887414.2812963838,1263705.8758038126
2025-04-23T08:30:00.000+0000,887414.2812963838,887414.2812963838,1262159.0256517301
2025-04-23T08:40:00.000+0000,887414.2812963838,887414.2812963838,1263129.3725057929
2025-04-23T08:50:00.000+0000,887414.2812963838,887414.2812963838,1264202.7366867797
2025-04-23T09:00:00.000+0000,887414.2812963838,887414.2812963838,1265285.5521895199
2025-04-23T09:10:00.000+0000,887414.2812963838,887414.2812963838,1266998.6344383026
2025-04-23T09:20:00.000+0000,887414.2812963838,887414.2812963838,1265542.3328302156
2025-04-23T09:30:00.000+0000,887414.2812963838,887414.2812963838,1264376.6242258083
2025-04-23T09:40:00.000+0000,887414.2812963838,887414.2812963838,1264159.5830158205
2025-04-23T09:50:00.000+0000,887414.2812963838,887414.2812963838,1260013.8930265347
2025-04-23T10:00:00.000+0000,887414.2812963838,887414.2812963838,1255149.1894776681
2025-04-23T10:10:00.000+0000,887414.2812963838,887414.2812963838,1256628.90176635
2025-04-23T10:20:00.000+0000,887414.2812963838,887414.2812963838,1258877.4480140652
2025-04-23T10:30:00.000+0000,887414.2812963838,887414.2812963838,1261004.2418019322
2025-04-23T10:40:00.000+0000,887414.2812963838,887414.2812963838,1261377.8466185431
2025-04-23T10:50:00.000+0000,887414.2812963838,887414.2812963838,1263719.8256922287
2025-04-23T11:00:00.000+0000,887414.2812963838,887414.2812963838,1264462.186817734
2025-04-23T11:10:00.000+0000,887414.2812963838,887414.2812963838,1265677.3261657883
2025-04-23T11:20:00.000+0000,887414.2812963838,887414.2812963838,1264939.6298672312
2025-04-23T11:30:00.000+0000,887414.2812963838,887414.2812963838,1264275.623078392
2025-04-23T11:40:00.000+0000,887414.2812963838,887414.2812963838,1261958.3471498976
2025-04-23T11:50:00.000+0000,887414.2812963838,887414.2812963838,1259760.3860409243
2025-04-23T12:00:00.000+0000,887414.2812963838,887414.2812963838,1261512.9904723638
2025-04-23T12:10:00.000+0000,887414.2812963838,887414.2812963838,1265717.8763271566
2025-04-23T12:20:00.000+0000,887414.2812963838,887414.2812963838,1264684.4292972207
2025-04-23T12:30:00.000+0000,887414.2812963838,887414.2812963838,1265762.3676811436
2025-04-23T12:40:00.000+0000,887414.2812963838,887414.2812963838,1265098.224586138
2025-04-23T12:50:00.000+0000,887414.2812963838,887414.2812963838,1266868.1307365573
2025-04-23T13:00:00.000+0000,887414.2812963838,887414.2812963838,1266033.7414737379
2025-04-23T13:10:00.000+0000,887414.2812963838,887414.2812963838,1269577.4420042862
2025-04-23T13:20:00.000+0000,887414.2812963838,887414.2812963838,1269579.750302155
2025-04-23T13:30:00.000+0000,887414.2812963838,887414.2812963838,1261032.5394458575
2025-04-23T13:40:00.000+0000,887414.2812963838,887414.2812963838,1259953.382026154
2025-04-23T13:50:00.000+0000,887414.2812963838,887414.2812963838,1251055.1016871524
2025-04-23T14:00:00.000+0000,887414.2812963838,887414.2812963838,1253662.0125358892
2025-04-23T14:10:00.000+0000,887414.2812963838,887414.2812963838,1248264.626743844
2025-04-23T14:20:00.000+0000,887414.2812963838,887414.2812963838,1249562.0620721749
2025-04-23T14:30:00.000+0000,887414.2812963838,887414.2812963838,1254209.8543195438
2025-04-23T14:40:00.000+0000,887414.2812963838,887414.2812963838,1255858.7184415061
2025-04-23T14:50:00.000+0000,887414.2812963838,887414.2812963838,1254047.6268875494
2025-04-23T15:00:00.000+0000,887414.2812963838,887414.2812963838,1251829.7099174233
2025-04-23T15:10:00.000+0000,887414.2812963838,887414.2812963838,1242892.1464556714
2025-04-23T15:20:00.000+0000,887414.2812963838,887414.2812963838,1237826.8319216692
2025-04-23T15:30:00.000+0000,887414.2812963838,887414.2812963838,1242080.947870547
2025-04-23T15:40:00.000+0000,887414.2812963838,887414.2812963838,1249650.8515343696
2025-04-23T15:50:00.000+0000,887414.2812963838,887414.2812963838,1251151.144960804
2025-04-23T16:00:00.000+0000,887414.2812963838,887414.2812963838,1254984.2863802519
2025-04-23T16:10:00.000+0000,887414.2812963838,887414.2812963838,1253578.0281193384
2025-04-23T16:20:00.000+0000,887414.2812963838,887414.2812963838,1249470.036993869
2025-04-23T16:30:00.000+0000,887414.2812963838,887414.2812963838,1255878.779150524
2025-04-23T16:40:00.000+0000,887414.2812963838,887414.2812963838,1258941.9079929225
2025-04-23T16:50:00.000+0000,887414.2812963838,887414.2812963838,1258716.7222332987
2025-04-23T17:00:00.000+0000,887414.2812963838,887414.2812963838,1259793.8155494253
2025-04-23T17:10:00.000+0000,887414.2812963838,887414.2812963838,1262521.1504149581
2025-04-23T17:20:00.000+0000,887414.2812963838,887414.2812963838,1259565.9903479847
2025-04-23T17:30:00.000+0000,887414.2812963838,887414.2812963838,1258373.696578674
2025-04-23T17:40:00.000+0000,887414.2812963838,887414.2812963838,1258074.4785260078
2025-04-23T17:50:00.000+0000,887414.2812963838,887414.2812963838,1258157.7006095413
2025-04-23T18:00:00.000+0000,887414.2812963838,887414.2812963838,1261795.5660152854
2025-04-23T18:10:00.000+0000,887414.2812963838,887414.2812963838,1265746.5091024935
2025-04-23T18:20:00.000+0000,887414.2812963838,887414.2812963838,1263564.6016521724
2025-04-23T18:30:00.000+0000,887414.2812963838,887414.2812963838,1261484.097602358
2025-04-23T18:40:00.000+0000,887414.2812963838,887414.2812963838,1258553.038949503
2025-04-23T18:50:00.000+0000,887414.2812963838,887414.2812963838,1258340.3329780903
2025-04-23T19:00:00.000+0000,887414.2812963838,887414.2812963838,1254680.992158932
2025-04-23T19:10:00.000+0000,887414.2812963838,887414.2812963838,1250005.8954315928
2025-04-23T19:20:00.000+0000,887414.2812963838,887414.2812963838,1245669.674928695
2025-04-23T19:30:00.000+0000,887414.2812963838,887414.2812963838,1247107.5651213352
2025-04-23T19:40:00.000+0000,887414.2812963838,887414.2812963838,1251595.8896680526
2025-04-23T19:50:00.000+0000,887414.2812963838,887414.2812963838,1249597.1124137607
2025-04-23T20:00:00.000+0000,887414.2812963838,887414.2812963838,1253365.0493397089
2025-04-23T20:10:00.000+0000,887414.2812963838,887414.2812963838,1254411.8925170442
2025-04-23T20:20:00.000+0000,887414.2812963838,887414.2812963838,1258196.7063232332
2025-04-23T20:30:00.000+0000,887414.2812963838,887414.2812963838,1259422.7555474439
2025-04-23T20:40:00.000+0000,887414.2812963838,887414.2812963838,1257732.6892461048
2025-04-23T20:50:00.000+0000,887414.2812963838,887414.2812963838,1257678.7880938277
2025-04-23T21:00:00.000+0000,887414.2812963838,887414.2812963838,1259042.654031304
2025-04-23T21:10:00.000+0000,887414.2812963838,887414.2812963838,1259650.387124117
2025-04-23T21:20:00.000+0000,887414.2812963838,887414.2812963838,1258733.5826292366
2025-04-23T21:30:00.000+0000,887414.2812963838,887414.2812963838,1258358.4863495866
2025-04-23T21:40:00.000+0000,887414.2812963838,887414.2812963838,1255562.685045627
2025-04-23T21:50:00.000+0000,887414.2812963838,887414.2812963838,1255055.9801901092
2025-04-23T22:00:00.000+0000,887414.2812963838,887414.2812963838,1255355.8690411125
2025-04-23T22:10:00.000+0000,887414.2812963838,887414.2812963838,1255092.7770711742
2025-04-23T22:20:00.000+0000,887414.2812963838,887414.2812963838,1257173.3911396677
2025-04-23T22:30:00.000+0000,887414.2812963838,887414.2812963838,1258915.335844767
2025-04-23T22:40:00.000+0000,887414.2812963838,887414.2812963838,1260782.4823639824
2025-04-23T22:50:00.000+0000,887414.2812963838,887414.2812963838,1261531.67670957
2025-04-23T23:00:00.000+0000,887414.2812963838,887414.2812963838,1261839.6876161655
2025-04-23T23:10:00.000+0000,887414.2812963838,887414.2812963838,1261746.4446973063
2025-04-23T23:20:00.000+0000,887414.2812963838,887414.2812963838,1261344.7224499835
2025-04-23T23:30:00.000+0000,887414.2812963838,887414.2812963838,1260328.9529156168
2025-04-23T23:40:00.000+0000,887414.2812963838,887414.2812963838,1257589.9399631429
2025-04-23T23:50:00.000+0000,887414.2812963838,887414.2812963838,1257048.9607637473
2025-04-24T00:00:00.000+0000,887414.2812963838,887414.2812963838,1257945.6226222296
2025-04-24T00:10:00.000+0000,887414.2812963838,887414.2812963838,1256566.2377830744
2025-04-24T00:20:00.000+0000,887414.2812963838,887414.2812963838,1253139.3983471228
2025-04-24T00:30:00.000+0000,887414.2812963838,887414.2812963838,1252387.326194994
2025-04-24T00:40:00.000+0000,887414.2812963838,887414.2812963838,1254395.4905960462
2025-04-24T00:50:00.000+0000,887414.2812963838,887414.2812963838,1253924.6614883663
2025-04-24T01:00:00.000+0000,887414.2812963838,887414.2812963838,1253971.5355496337
2025-04-24T01:10:00.000+0000,887414.2812963838,887414.2812963838,1249047.0387786264
2025-04-24T01:20:00.000+0000,887414.2812963838,887414.2812963838,1248790.7173040062
2025-04-24T01:30:00.000+0000,887414.2812963838,887414.2812963838,1252159.7106823067
2025-04-24T01:40:00.000+0000,887414.2812963838,887414.2812963838,1252071.186953364
2025-04-24T01:50:00.000+0000,887414.2812963838,887414.2812963838,1253790.254257025
2025-04-24T02:00:00.000+0000,887414.2812963838,887414.2812963838,1254027.4783725305
2025-04-24T02:10:00.000+0000,887414.2812963838,887414.2812963838,1255565.2208801818
2025-04-24T02:20:00.000+0000,887414.2812963838,887414.2812963838,1255926.679477443
2025-04-24T02:30:00.000+0000,887414.2812963838,887414.2812963838,1253978.0934203232
2025-04-24T02:40:00.000+0000,887414.2812963838,887414.2812963838,1246654.6828184645
2025-04-24T02:50:00.000+0000,887414.2812963838,887414.2812963838,1246285.5105022602
2025-04-24T03:00:00.000+0000,887414.2812963838,887414.2812963838,1245522.7644797731
2025-04-24T03:10:00.000+0000,887414.2812963838,887414.2812963838,1247936.4218418207
2025-04-24T03:20:00.000+0000,887414.2812963838,887414.2812963838,1249440.3524541506
2025-04-24T03:30:00.000+0000,887414.2812963838,887414.2812963838,1244784.067826034
2025-04-24T03:40:00.000+0000,887414.2812963838,887414.2812963838,1242152.7066805838
2025-04-24T03:50:00.000+0000,887414.2812963838,887414.2812963838,1238401.449079792
2025-04-24T04:00:00.000+0000,887414.2812963838,887414.2812963838,1237667.920219767
2025-04-24T04:10:00.000+0000,887414.2812963838,887414.2812963838,1235537.8746938035
2025-04-24T04:20:00.000+0000,887414.2812963838,887414.2812963838,1239338.9291712092
2025-04-24T04:30:00.000+0000,887414.2812963838,887414.2812963838,1237164.9989647726
2025-04-24T04:40:00.000+0000,887414.2812963838,887414.2812963838,1237330.7197771687
2025-04-24T04:50:00.000+0000,887414.2812963838,887414.2812963838,1239789.9495303694
2025-04-24T05:00:00.000+0000,887414.2812963838,887414.2812963838,1243061.0955079836
2025-04-24T05:10:00.000+0000,887414.2812963838,887414.2812963838,1241999.5462950824
2025-04-24T05:20:00.000+0000,887414.2812963838,887414.2812963838,1238134.7293076785
2025-04-24T05:30:00.000+0000,887414.2812963838,887414.2812963838,1239906.8945136433
2025-04-24T05:40:00.000+0000,887414.2812963838,887414.2812963838,1241215.9317906268
2025-04-24T05:50:00.000+0000,887414.2812963838,887414.2812963838,1239694.8074005423
2025-04-24T06:00:00.000+0000,887414.2812963838,887414.2812963838,1240421.6959130296
2025-04-24T06:10:00.000+0000,887414.2812963838,887414.2812963838,1237224.3716339378
2025-04-24T06:20:00.000+0000,887414.2812963838,887414.2812963838,1238745.5979388359
2025-04-24T06:30:00.000+0000,887414.2812963838,887414.2812963838,1241477.4777365965
2025-04-24T06:40:00.000+0000,887414.2812963838,887414.2812963838,1240453.8802015318
2025-04-24T06:50:00.000+0000,887414.2812963838,887414.2812963838,1237768.2247075867
2025-04-24T07:00:00.000+0000,887414.2812963838,887414.2812963838,1237724.8352336907
2025-04-24T07:10:00.000+0000,887414.2812963838,887414.2812963838,1240537.9897043349
2025-04-24T07:20:00.000+0000,887414.2812963838,887414.2812963838,1235135.082437284
2025-04-24T07:30:00.000+0000,887414.2812963838,887414.2812963838,1233916.0333874007
2025-04-24T07:40:00.000+0000,887414.2812963838,887414.2812963838,1231758.8374804957
2025-04-24T07:50:00.000+0000,887414.2812963838,887414.2812963838,1230987.689526
2025-04-24T08:00:00.000+0000,887414.2812963838,887414.2812963838,1230496.3834146094
2025-04-24T08:10:00.000+0000,887414.2812963838,887414.2812963838,1228276.9903660654
2025-04-24T08:20:00.000+0000,887414.2812963838,887414.2812963838,1224416.1772498158
2025-04-24T08:30:00.000+0000,887414.2812963838,887414.2812963838,1220824.5077032181
2025-04-24T08:40:00.000+0000,887414.2812963838,887414.2812963838,1219344.995313846
2025-04-24T08:50:00.000+0000,887414.2812963838,887414.2812963838,1221055.8012656579
2025-04-24T09:00:00.000+0000,887414.2812963838,887414.2812963838,1224466.9148295969
2025-04-24T09:10:00.000+0000,887414.2812963838,887414.2812963838,1227026.2944468851
2025-04-24T09:20:00.000+0000,887414.2812963838,887414.2812963838,1228934.939266907
2025-04-24T09:30:00.000+0000,887414.2812963838,887414.2812963838,1227506.597772038
2025-04-24T09:40:00.000+0000,887414.2812963838,887414.2812963838,1227592.1918952293
2025-04-24T09:50:00.000+0000,887414.2812963838,887414.2812963838,1226626.7141998634
2025-04-24T10:00:00.000+0000,887414.2812963838,887414.2812963838,1228544.154725061
2025-04-24T10:10:00.000+0000,887414.2812963838,887414.2812963838,1228693.0498154613
2025-04-24T10:20:00.000+0000,887414.2812963838,887414.2812963838,1231056.6829257412
2025-04-24T10:30:00.000+0000,887414.2812963838,887414.2812963838,1229275.0646573752
2025-04-24T10:40:00.000+0000,887414.2812963838,887414.2812963838,1230775.535049
2025-04-24T10:50:00.000+0000,887414.2812963838,887414.2812963838,1230359.2164313141
2025-04-24T11:00:00.000+0000,887414.2812963838,887414.2812963838,1229241.844938073
2025-04-24T11:10:00.000+0000,887414.2812963838,887414.2812963838,1228296.5093090266
2025-04-24T11:20:00.000+0000,887414.2812963838,887414.2812963838,1228616.7243649804
2025-04-24T11:30:00.000+0000,887414.2812963838,887414.2812963838,1228433.0237889695
2025-04-24T11:40:00.000+0000,887414.2812963838,887414.2812963838,1228584.634781423
2025-04-24T11:50:00.000+0000,887414.2812963838,887414.2812963838,1232853.8469188935
2025-04-24T12:00:00.000+0000,887414.2812963838,887414.2812963838,1231949.3724945039
2025-04-24T12:10:00.000+0000,887414.2812963838,887414.2812963838,1231719.7486579372
2025-04-24T12:20:00.000+0000,887414.2812963838,887414.2812963838,1235581.6155027952
2025-04-24T12:30:00.000+0000,887414.2812963838,887414.2812963838,1235545.475655037
2025-04-24T12:40:00.000+0000,887414.2812963838,887414.2812963838,1236161.169015111
2025-04-24T12:50:00.000+0000,887414.2812963838,887414.2812963838,1236708.9254933584
2025-04-24T13:00:00.000+0000,887414.2812963838,887414.2812963838,1237369.5266479335
2025-04-24T13:10:00.000+0000,887414.2812963838,887414.2812963838,1237899.3472331853
2025-04-24T13:20:00.000+0000,887414.2812963838,887414.2812963838,1238941.7075571911
2025-04-24T13:30:00.000+0000,887414.2812963838,887414.2812963838,1241281.609410106
2025-04-24T13:40:00.000+0000,887414.2812963838,887414.2812963838,1236227.547864404
2025-04-24T13:50:00.000+0000,887414.2812963838,887414.2812963838,1234721.3428778949
2025-04-24T14:00:00.000+0000,887414.2812963838,887414.2812963838,1240315.2962335257
2025-04-24T14:10:00.000+0000,887414.2812963838,887414.2812963838,1243467.3548809586
2025-04-24T14:20:00.000+0000,887414.2812963838,887414.2812963838,1238737.8433285546
2025-04-24T14:30:00.000+0000,887414.2812963838,887414.2812963838,1241840.084883674
2025-04-24T14:40:00.000+0000,887414.2812963838,887414.2812963838,1244629.2150866715
2025-04-24T14:50:00.000+0000,887414.2812963838,887414.2812963838,1245582.1308064386
2025-04-24T15:00:00.000+0000,887414.2812963838,887414.2812963838,1244795.4393965537
2025-04-24T15:10:00.000+0000,887414.2812963838,887414.2812963838,1250575.19445974
2025-04-24T15:20:00.000+0000,887414.2812963838,887414.2812963838,1247846.027683227
2025-04-24T15:30:00.000+0000,887414.2812963838,887414.2812963838,1246131.011832124
2025-04-24T15:40:00.000+0000,887414.2812963838,887414.2812963838,1247480.683846348
2025-04-24T15:50:00.000+0000,887414.2812963838,887414.2812963838,1245383.0818274526
2025-04-24T16:00:00.000+0000,887414.2812963838,887414.2812963838,1245583.4813398884
2025-04-24T16:10:00.000+0000,887414.2812963838,887414.2812963838,1247238.9485716894
2025-04-24T16:20:00.000+0000,887414.2812963838,887414.2812963838,1249399.6154742378
2025-04-24T16:30:00.000+0000,887414.2812963838,887414.2812963838,1252823.4665808778
2025-04-24T16:40:00.000+0000,887414.2812963838,887414.2812963838,1253804.7831550564
2025-04-24T16:50:00.000+0000,887414.2812963838,887414.2812963838,1252742.3464933275
2025-04-24T17:00:00.000+0000,887414.2812963838,887414.2812963838,1250049.9051125732
2025-04-24T17:10:00.000+0000,887414.2812963838,887414.2812963838,1243352.995807473
2025-04-24T17:20:00.000+0000,887414.2812963838,887414.2812963838,1240408.8676468304
2025-04-24T17:30:00.000+0000,887414.2812963838,887414.2812963838,1244210.7063103316
2025-04-24T17:40:00.000+0000,887414.2812963838,887414.2812963838,1239425.4298010888
2025-04-24T17:50:00.000+0000,887414.2812963838,887414.2812963838,1238883.0080157307
2025-04-24T18:00:00.000+0000,887414.2812963838,887414.2812963838,1247649.8162652045
2025-04-24T18:10:00.000+0000,887414.2812963838,887414.2812963838,1249066.9996795792
2025-04-24T18:20:00.000+0000,887414.2812963838,887414.2812963838,1248775.5809683106
2025-04-24T18:30:00.000+0000,887414.2812963838,887414.2812963838,1251333.2106591463
2025-04-24T18:40:00.000+0000,887414.2812963838,887414.2812963838,1252352.416473886
2025-04-24T18:50:00.000+0000,887414.2812963838,887414.2812963838,1252915.4684906746
2025-04-24T19:00:00.000+0000,887414.2812963838,887414.2812963838,1250925.5891094035
2025-04-24T19:10:00.000+0000,887414.2812963838,887414.2812963838,1249274.150908974
2025-04-24T19:20:00.000+0000,887414.2812963838,887414.2812963838,1250718.5531630768
2025-04-24T19:30:00.000+0000,887414.2812963838,887414.2812963838,1252778.302668148
2025-04-24T19:40:00.000+0000,887414.2812963838,887414.2812963838,1251867.02713189
2025-04-24T19:50:00.000+0000,887414.2812963838,887414.2812963838,1252944.114139015
2025-04-24T20:00:00.000+0000,887414.2812963838,887414.2812963838,1252230.4584486634
2025-04-24T20:10:00.000+0000,887414.2812963838,887414.2812963838,1253244.3171326844
2025-04-24T20:20:00.000+0000,887414.2812963838,887414.2812963838,1252627.927767827
2025-04-24T20:30:00.000+0000,887414.2812963838,887414.2812963838,1252123.2123140853
2025-04-24T20:40:00.000+0000,887414.2812963838,887414.2812963838,1251994.2498060833
2025-04-24T20:50:00.000+0000,887414.2812963838,887414.2812963838,1252099.3483156243
2025-04-24T21:00:00.000+0000,887414.2812963838,887414.2812963838,1251626.1680407696
2025-04-24T21:10:00.000+0000,887414.2812963838,887414.2812963838,1251315.929114643
2025-04-24T21:20:00.000+0000,887414.2812963838,887414.2812963838,1244008.5520974048
2025-04-24T21:30:00.000+0000,887414.2812963838,887414.2812963838,1245585.0059084077
2025-04-24T21:40:00.000+0000,887414.2812963838,887414.2812963838,1247402.2775400984
2025-04-24T21:50:00.000+0000,887414.2812963838,887414.2812963838,1248822.4761413508
2025-04-24T22:00:00.000+0000,887414.2812963838,887414.2812963838,1248282.9676762563
2025-04-24T22:10:00.000+0000,887414.2812963838,887414.2812963838,1251085.5107571166
2025-04-24T22:20:00.000+0000,887414.2812963838,887414.2812963838,1250913.682137004
2025-04-24T22:30:00.000+0000,887414.2812963838,887414.2812963838,1252343.8553262502
2025-04-24T22:40:00.000+0000,887414.2812963838,887414.2812963838,1249225.7707069996
2025-04-24T22:50:00.000+0000,887414.2812963838,887414.2812963838,1248214.525303265
2025-04-24T23:00:00.000+0000,887414.2812963838,887414.2812963838,1249035.5380250532
2025-04-24T23:10:00.000+0000,887414.2812963838,887414.2812963838,1252246.697897065
2025-04-24T23:20:00.000+0000,887414.2812963838,887414.2812963838,1252096.2566616398
2025-04-24T23:30:00.000+0000,887414.2812963838,887414.2812963838,1257215.450406166
2025-04-24T23:40:00.000+0000,887414.2812963838,887414.2812963838,1258129.1818914763
2025-04-24T23:50:00.000+0000,887414.2812963838,887414.2812963838,1257409.9444144964
2025-04-25T00:00:00.000+0000,887414.2812963838,887414.2812963838,1256640.7617894707
2025-04-25T00:10:00.000+0000,887414.2812963838,887414.2812963838,1255248.3539064615
2025-04-25T00:20:00.000+0000,887414.2812963838,887414.2812963838,1257310.712478913
2025-04-25T00:30:00.000+0000,887414.2812963838,887414.2812963838,1257335.854271173
2025-04-25T00:40:00.000+0000,887414.2812963838,887414.2812963838,1258653.409267325
2025-04-25T00:50:00.000+0000,887414.2812963838,887414.2812963838,1258103.6625888497
2025-04-25T01:00:00.000+0000,887414.2812963838,887414.2812963838,1259113.0075863888
2025-04-25T01:10:00.000+0000,887414.2812963838,887414.2812963838,1261443.8830655757
2025-04-25T01:20:00.000+0000,887414.2812963838,887414.2812963838,1257657.0132350172
2025-04-25T01:30:00.000+0000,887414.2812963838,887414.2812963838,1256606.311789816
2025-04-25T01:40:00.000+0000,887414.2812963838,887414.2812963838,1258276.2873632535
2025-04-25T01:50:00.000+0000,887414.2812963838,887414.2812963838,1256870.5535864956
2025-04-25T02:00:00.000+0000,887414.2812963838,887414.2812963838,1256237.2972636684
2025-04-25T02:10:00.000+0000,887414.2812963838,887414.2812963838,1253649.933052309
2025-04-25T02:20:00.000+0000,887414.2812963838,887414.2812963838,1250527.3018812395
2025-04-25T02:30:00.000+0000,887414.2812963838,887414.2812963838,1248632.9915646294
2025-04-25T02:40:00.000+0000,887414.2812963838,887414.2812963838,1248346.490138882
2025-04-25T02:50:00.000+0000,887414.2812963838,887414.2812963838,1242763.7805866455
2025-04-25T03:00:00.000+0000,887414.2812963838,887414.2812963838,1243039.1513368553
2025-04-25T03:10:00.000+0000,887414.2812963838,887414.2812963838,1246703.0494483127
2025-04-25T03:20:00.000+0000,887414.2812963838,887414.2812963838,1246102.6350469314
2025-04-25T03:30:00.000+0000,887414.2812963838,887414.2812963838,1247060.961668764
2025-04-25T03:40:00.000+0000,887414.2812963838,887414.2812963838,1251083.7739960572
2025-04-25T03:50:00.000+0000,887414.2812963838,887414.2812963838,1251218.9321967575
2025-04-25T04:00:00.000+0000,887414.2812963838,887414.2812963838,1250744.5265042637
2025-04-25T04:10:00.000+0000,887414.2812963838,887414.2812963838,1253453.5635449695
2025-04-25T04:20:00.000+0000,887414.2812963838,887414.2812963838,1252019.8371726912
2025-04-25T04:30:00.000+0000,887414.2812963838,887414.2812963838,1249799.29087608
2025-04-25T04:40:00.000+0000,887414.2812963838,887414.2812963838,1251549.4631481837
2025-04-25T04:50:00.000+0000,887414.2812963838,887414.2812963838,1249263.9911101498
2025-04-25T05:00:00.000+0000,887414.2812963838,887414.2812963838,1249302.7070664826
2025-04-25T05:10:00.000+0000,887414.2812963838,887414.2812963838,1252114.404285267
2025-04-25T05:20:00.000+0000,887414.2812963838,887414.2812963838,1252971.230573579
2025-04-25T05:30:00.000+0000,887414.2812963838,887414.2812963838,1252052.711432695
2025-04-25T05:40:00.000+0000,887414.2812963838,887414.2812963838,1251356.0769548572
2025-04-25T05:50:00.000+0000,887414.2812963838,887414.2812963838,1252960.9878942606
2025-04-25T06:00:00.000+0000,887414.2812963838,887414.2812963838,1253510.2500751107
2025-04-25T06:10:00.000+0000,887414.2812963838,887414.2812963838,1255263.6115091913
2025-04-25T06:20:00.000+0000,887414.2812963838,887414.2812963838,1254293.7037334316
2025-04-25T06:30:00.000+0000,887414.2812963838,887414.2812963838,1259334.0793310758
2025-04-25T06:40:00.000+0000,887414.2812963838,887414.2812963838,1259103.7226488017
2025-04-25T06:50:00.000+0000,887414.2812963838,887414.2812963838,1261450.1866719115
2025-04-25T07:00:00.000+0000,887414.2812963838,887414.2812963838,1263174.4591094018
2025-04-25T07:10:00.000+0000,887414.2812963838,887414.2812963838,1261594.1359612346
2025-04-25T07:20:00.000+0000,887414.2812963838,887414.2812963838,1258780.965191361
2025-04-25T07:30:00.000+0000,887414.2812963838,887414.2812963838,1260470.3137627656
2025-04-25T07:40:00.000+0000,887414.2812963838,887414.2812963838,1261420.2293632284
2025-04-25T07:50:00.000+0000,887414.2812963838,887414.2812963838,1262332.2089717067
2025-04-25T08:00:00.000+0000,887414.2812963838,887414.2812963838,1265488.296139549
2025-04-25T08:10:00.000+0000,887414.2812963838,887414.2812963838,1264687.3771770825
2025-04-25T08:20:00.000+0000,887414.2812963838,887414.2812963838,1265844.7027715843
2025-04-25T08:30:00.000+0000,887414.2812963838,887414.2812963838,1264797.2020864084
2025-04-25T08:40:00.000+0000,887414.2812963838,887414.2812963838,1265097.894547732
2025-04-25T08:50:00.000+0000,887414.2812963838,887414.2812963838,1264706.6822499128
2025-04-25T09:00:00.000+0000,887414.2812963838,887414.2812963838,1261062.162922691
2025-04-25T09:10:00.000+0000,887414.2812963838,887414.2812963838,1259830.3053557617
2025-04-25T09:20:00.000+0000,887414.2812963838,887414.2812963838,1261797.2546650749
2025-04-25T09:30:00.000+0000,887414.2812963838,887414.2812963838,1263126.8880105095
2025-04-25T09:40:00.000+0000,887414.2812963838,887414.2812963838,1262455.9480962702
2025-04-25T09:50:00.000+0000,887414.2812963838,887414.2812963838,1264722.4757704902
2025-04-25T10:00:00.000+0000,887414.2812963838,887414.2812963838,1265010.1488258874
2025-04-25T10:10:00.000+0000,887414.2812963838,887414.2812963838,1265320.191246442
2025-04-25T10:20:00.000+0000,887414.2812963838,887414.2812963838,1265341.8378929943
2025-04-25T10:30:00.000+0000,887414.2812963838,887414.2812963838,1260529.133995428
2025-04-25T10:40:00.000+0000,887414.2812963838,887414.2812963838,1259846.889975973
2025-04-25T10:50:00.000+0000,887414.2812963838,887414.2812963838,1259571.3093519362
2025-04-25T11:00:00.000+0000,887414.2812963838,887414.2812963838,1261323.105670689
2025-04-25T11:10:00.000+0000,887414.2812963838,887414.2812963838,1264294.4029591032
2025-04-25T11:20:00.000+0000,887414.2812963838,887414.2812963838,1266089.5433619884
2025-04-25T11:30:00.000+0000,887414.2812963838,887414.2812963838,1266045.3791517043
2025-04-25T11:40:00.000+0000,887414.2812963838,887414.2812963838,1267918.6226308397
2025-04-25T11:50:00.000+0000,887414.2812963838,887414.2812963838,1269215.212314425
2025-04-25T12:00:00.000+0000,887414.2812963838,887414.2812963838,1271240.0173979753
2025-04-25T12:10:00.000+0000,887414.2812963838,887414.2812963838,1272958.9172157114
2025-04-25T12:20:00.000+0000,887414.2812963838,887414.2812963838,1270895.639469253
2025-04-25T12:30:00.000+0000,887414.2812963838,887414.2812963838,1269953.0752591263
2025-04-25T12:40:00.000+0000,887414.2812963838,887414.2812963838,1270586.8800291289
2025-04-25T12:50:00.000+0000,887414.2812963838,887414.2812963838,1265069.8148904454
2025-04-25T13:00:00.000+0000,887414.2812963838,887414.2812963838,1263882.0965124276
2025-04-25T13:10:00.000+0000,887414.2812963838,887414.2812963838,1262855.4188672102
2025-04-25T13:20:00.000+0000,887414.2812963838,887414.2812963838,1260972.2554160801
2025-04-25T13:30:00.000+0000,887414.2812963838,887414.2812963838,1257988.827343107
2025-04-25T13:40:00.000+0000,887414.2812963838,887414.2812963838,1263996.6868343437
2025-04-25T13:50:00.000+0000,887414.2812963838,887414.2812963838,1261863.5708212384
2025-04-25T14:00:00.000+0000,887414.2812963838,887414.2812963838,1265169.0216017952
2025-04-25T14:10:00.000+0000,887414.2812963838,887414.2812963838,1272676.6178886974
2025-04-25T14:20:00.000+0000,887414.2812963838,887414.2812963838,1267566.6504998666
2025-04-25T14:30:00.000+0000,887414.2812963838,887414.2812963838,1267201.2565611254
2025-04-25T14:40:00.000+0000,887414.2812963838,887414.2812963838,1272302.5887374387
2025-04-25T14:50:00.000+0000,887414.2812963838,887414.2812963838,1278797.4284685412
2025-04-25T15:00:00.000+0000,887414.2812963838,887414.2812963838,1277659.9294971202
2025-04-25T15:10:00.000+0000,887414.2812963838,887414.2812963838,1275810.2294919216
2025-04-25T15:20:00.000+0000,887414.2812963838,887414.2812963838,1277669.2662564996
2025-04-25T15:30:00.000+0000,887414.2812963838,887414.2812963838,1271944.9690646632
2025-04-25T15:40:00.000+0000,887414.2812963838,887414.2812963838,1272170.7712576855
2025-04-25T15:50:00.000+0000,887414.2812963838,887414.2812963838,1272386.3483958498
2025-04-25T16:00:00.000+0000,887414.2812963838,887414.2812963838,1269764.883533123
2025-04-25T16:10:00.000+0000,887414.2812963838,887414.2812963838,1264773.8922378796
2025-04-25T16:20:00.000+0000,887414.2812963838,887414.2812963838,1264679.5757014544
2025-04-25T16:30:00.000+0000,887414.2812963838,887414.2812963838,1267364.603781377
2025-04-25T16:40:00.000+0000,887414.2812963838,887414.2812963838,1270786.26752751
2025-04-25T16:50:00.000+0000,887414.2812963838,887414.2812963838,1269671.8174879563
2025-04-25T17:00:00.000+0000,887414.2812963838,887414.2812963838,1271734.0750877904
2025-04-25T17:10:00.000+0000,887414.2812963838,887414.2812963838,1273290.0314242756
2025-04-25T17:20:00.000+0000,887414.2812963838,887414.2812963838,1273660.5884575206
2025-04-25T17:30:00.000+0000,887414.2812963838,887414.2812963838,1265237.3577931128
2025-04-25T17:40:00.000+0000,887414.2812963838,887414.2812963838,1258700.5849342067
2025-04-25T17:50:00.000+0000,887414.2812963838,887414.2812963838,1259205.0109131788
2025-04-25T18:00:00.000+0000,887414.2812963838,887414.2812963838,1260933.506510899
2025-04-25T18:10:00.000+0000,887414.2812963838,887414.2812963838,1262155.913608743
2025-04-25T18:20:00.000+0000,887414.2812963838,887414.2812963838,1264305.788835437
2025-04-25T18:30:00.000+0000,887414.2812963838,887414.2812963838,1265482.8364838036
2025-04-25T18:40:00.000+0000,887414.2812963838,887414.2812963838,1267886.9784879494
2025-04-25T18:50:00.000+0000,887414.2812963838,887414.2812963838,1264998.2268186666
2025-04-25T19:00:00.000+0000,887414.2812963838,887414.2812963838,1265579.5127816193
2025-04-25T19:10:00.000+0000,887414.2812963838,887414.2812963838,1264175.6449832756
2025-04-25T19:20:00.000+0000,887414.2812963838,887414.2812963838,1264144.4899809281
2025-04-25T19:30:00.000+0000,887414.2812963838,887414.2812963838,1263639.517347675
2025-04-25T19:40:00.000+0000,887414.2812963838,887414.2812963838,1264357.5012882357
2025-04-25T19:50:00.000+0000,887414.2812963838,887414.2812963838,1265412.8104632867
2025-04-25T20:00:00.000+0000,887414.2812963838,887414.2812963838,1266467.9854213956
2025-04-25T20:10:00.000+0000,887414.2812963838,887414.2812963838,1265419.6600505551
2025-04-25T20:20:00.000+0000,887414.2812963838,887414.2812963838,1264905.21648428
2025-04-25T20:30:00.000+0000,887414.2812963838,887414.2812963838,1265883.7890080672
2025-04-25T20:40:00.000+0000,887414.2812963838,887414.2812963838,1265200.1550140525
2025-04-25T20:50:00.000+0000,887414.2812963838,887414.2812963838,1267337.0113044535
2025-04-25T21:00:00.000+0000,887414.2812963838,887414.2812963838,1266374.1655584467
2025-04-25T21:10:00.000+0000,887414.2812963838,887414.2812963838,1266749.6934486
2025-04-25T21:20:00.000+0000,887414.2812963838,887414.2812963838,1263487.4679749245
2025-04-25T21:30:00.000+0000,887414.2812963838,887414.2812963838,1263647.6026489418
2025-04-25T21:40:00.000+0000,887414.2812963838,887414.2812963838,1259568.6183849205
2025-04-25T21:50:00.000+0000,887414.2812963838,887414.2812963838,1258123.3646151756
2025-04-25T22:00:00.000+0000,887414.2812963838,887414.2812963838,1260905.6797679716
2025-04-25T22:10:00.000+0000,887414.2812963838,887414.2812963838,1261209.780707936
2025-04-25T22:20:00.000+0000,887414.2812963838,887414.2812963838,1262123.8304366027
2025-04-25T22:30:00.000+0000,887414.2812963838,887414.2812963838,1263293.9413993997
2025-04-25T22:40:00.000+0000,887414.2812963838,887414.2812963838,1265173.8821665389
2025-04-25T22:50:00.000+0000,887414.2812963838,887414.2812963838,1263983.1185738128
2025-04-25T23:00:00.000+0000,887414.2812963838,887414.2812963838,1262923.0597793385
2025-04-25T23:10:00.000+0000,887414.2812963838,887414.2812963838,1263075.1040156272
2025-04-25T23:20:00.000+0000,887414.2812963838,887414.2812963838,1260859.2593189306
2025-04-25T23:30:00.000+0000,887414.2812963838,887414.2812963838,1259730.0420726505
2025-04-25T23:40:00.000+0000,887414.2812963838,887414.2812963838,1260397.9154251653
2025-04-25T23:50:00.000+0000,887414.2812963838,887414.2812963838,1259754.8390947771
2025-04-26T00:00:00.000+0000,887414.2812963838,887414.2812963838,1260916.9120393044
2025-04-26T00:10:00.000+0000,887414.2812963838,887414.2812963838,1262684.7797553558
2025-04-26T00:20:00.000+0000,887414.2812963838,887414.2812963838,1263407.1408891883
2025-04-26T00:30:00.000+0000,887414.2812963838,887414.2812963838,1261848.1646764155
2025-04-26T00:40:00.000+0000,887414.2812963838,887414.2812963838,1262959.6348577403
2025-04-26T00:50:00.000+0000,887414.2812963838,887414.2812963838,1265919.2478526281
2025-04-26T01:00:00.000+0000,887414.2812963838,887414.2812963838,1263406.9139541094
2025-04-26T01:10:00.000+0000,887414.2812963838,887414.2812963838,1265875.9028971868
2025-04-26T01:20:00.000+0000,887414.2812963838,887414.2812963838,1269189.3419860266
2025-04-26T01:30:00.000+0000,887414.2812963838,887414.2812963838,1270626.9064743815
2025-04-26T01:40:00.000+0000,887414.2812963838,887414.2812963838,1271440.8764606374
2025-04-26T01:50:00.000+0000,887414.2812963838,887414.2812963838,1270994.903018916
2025-04-26T02:00:00.000+0000,887414.2812963838,887414.2812963838,1269492.7539282148
2025-04-26T02:10:00.000+0000,887414.2812963838,887414.2812963838,1267822.1514999159
2025-04-26T02:20:00.000+0000,887414.2812963838,887414.2812963838,1268589.656073701
2025-04-26T02:30:00.000+0000,887414.2812963838,887414.2812963838,1268278.3335830795
2025-04-26T02:40:00.000+0000,887414.2812963838,887414.2812963838,1270303.0313141241
2025-04-26T02:50:00.000+0000,887414.2812963838,887414.2812963838,1269444.054440242
2025-04-26T03:00:00.000+0000,887414.2812963838,887414.2812963838,1268359.8394354768
2025-04-26T03:10:00.000+0000,887414.2812963838,887414.2812963838,1267741.6657528142
2025-04-26T03:20:00.000+0000,887414.2812963838,887414.2812963838,1263953.3341975876
2025-04-26T03:30:00.000+0000,887414.2812963838,887414.2812963838,1264554.059559599
2025-04-26T03:40:00.000+0000,887414.2812963838,887414.2812963838,1264715.348238806
2025-04-26T03:50:00.000+0000,887414.2812963838,887414.2812963838,1263739.926277637
2025-04-26T04:00:00.000+0000,887414.2812963838,887414.2812963838,1264416.3293627854
2025-04-26T04:10:00.000+0000,887414.2812963838,887414.2812963838,1265109.0346643995
2025-04-26T04:20:00.000+0000,887414.2812963838,887414.2812963838,1262736.1897323476
2025-04-26T04:30:00.000+0000,887414.2812963838,887414.2812963838,1260668.3427529822
2025-04-26T04:40:00.000+0000,887414.2812963838,887414.2812963838,1261592.2101056257
2025-04-26T04:50:00.000+0000,887414.2812963838,887414.2812963838,1260355.0706915995
2025-04-26T05:00:00.000+0000,887414.2812963838,887414.2812963838,1259122.3942301744
2025-04-26T05:10:00.000+0000,887414.2812963838,887414.2812963838,1258394.1574467644
2025-04-26T05:20:00.000+0000,887414.2812963838,887414.2812963838,1258618.391794269
2025-04-26T05:30:00.000+0000,887414.2812963838,887414.2812963838,1261415.7334934142
2025-04-26T05:40:00.000+0000,887414.2812963838,887414.2812963838,1261736.8837715436
2025-04-26T05:50:00.000+0000,887414.2812963838,887414.2812963838,1262937.074397115
2025-04-26T06:00:00.000+0000,887414.2812963838,887414.2812963838,1262678.018668417
2025-04-26T06:10:00.000+0000,887414.2812963838,887414.2812963838,1263518.942342998
2025-04-26T06:20:00.000+0000,887414.2812963838,887414.2812963838,1263864.9358196987
2025-04-26T06:30:00.000+0000,887414.2812963838,887414.2812963838,1264688.56329762
2025-04-26T06:40:00.000+0000,887414.2812963838,887414.2812963838,1266044.805490359
2025-04-26T06:50:00.000+0000,887414.2812963838,887414.2812963838,1266824.6580898839
2025-04-26T07:00:00.000+0000,887414.2812963838,887414.2812963838,1267147.3046937655
2025-04-26T07:10:00.000+0000,887414.2812963838,887414.2812963838,1268281.578665569
2025-04-26T07:20:00.000+0000,887414.2812963838,887414.2812963838,1268693.855417279
2025-04-26T07:30:00.000+0000,887414.2812963838,887414.2812963838,1267876.6103344439
2025-04-26T07:40:00.000+0000,887414.2812963838,887414.2812963838,1266393.3293255235
2025-04-26T07:50:00.000+0000,887414.2812963838,887414.2812963838,1265136.2011643962
2025-04-26T08:00:00.000+0000,887414.2812963838,887414.2812963838,1264808.0056598347
2025-04-26T08:10:00.000+0000,887414.2812963838,887414.2812963838,1262930.1366393454
2025-04-26T08:20:00.000+0000,887414.2812963838,887414.2812963838,1266157.0588935046
2025-04-26T08:30:00.000+0000,887414.2812963838,887414.2812963838,1270096.9897969072
2025-04-26T08:40:00.000+0000,887414.2812963838,887414.2812963838,1264015.6676562037
2025-04-26T08:50:00.000+0000,887414.2812963838,887414.2812963838,1262551.5280227317
2025-04-26T09:00:00.000+0000,887414.2812963838,887414.2812963838,1260952.737545476
2025-04-26T09:10:00.000+0000,887414.2812963838,887414.2812963838,1262511.9430287122
2025-04-26T09:20:00.000+0000,887414.2812963838,887414.2812963838,1260924.7153484588
2025-04-26T09:30:00.000+0000,887414.2812963838,887414.2812963838,1255930.8241129767
2025-04-26T09:40:00.000+0000,887414.2812963838,887414.2812963838,1255861.8431008947
2025-04-26T09:50:00.000+0000,887414.2812963838,887414.2812963838,1256766.776684489
2025-04-26T10:00:00.000+0000,887414.2812963838,887414.2812963838,1257299.812996894
2025-04-26T10:10:00.000+0000,887414.2812963838,887414.2812963838,1257880.5415670557
2025-04-26T10:20:00.000+0000,887414.2812963838,887414.2812963838,1258745.3288433223
2025-04-26T10:30:00.000+0000,887414.2812963838,887414.2812963838,1259038.727477101
2025-04-26T10:40:00.000+0000,887414.2812963838,887414.2812963838,1259496.4061803767
2025-04-26T10:50:00.000+0000,887414.2812963838,887414.2812963838,1257592.0203464548
2025-04-26T11:00:00.000+0000,887414.2812963838,887414.2812963838,1255950.2303385977
2025-04-26T11:10:00.000+0000,887414.2812963838,887414.2812963838,1255174.4973993567
2025-04-26T11:20:00.000+0000,887414.2812963838,887414.2812963838,1252779.3212091858
2025-04-26T11:30:00.000+0000,887414.2812963838,887414.2812963838,1252126.7260286831
2025-04-26T11:40:00.000+0000,887414.2812963838,887414.2812963838,1249638.8455291851
2025-04-26T11:50:00.000+0000,887414.2812963838,887414.2812963838,1248630.521729753
2025-04-26T12:00:00.000+0000,887414.2812963838,887414.2812963838,1251112.0942416058
2025-04-26T12:10:00.000+0000,887414.2812963838,887414.2812963838,1252991.2439386696
2025-04-26T12:20:00.000+0000,887414.2812963838,887414.2812963838,1252554.9876179409
2025-04-26T12:30:00.000+0000,887414.2812963838,887414.2812963838,1253210.0755244028
2025-04-26T12:40:00.000+0000,887414.2812963838,887414.2812963838,1252259.2420387352
2025-04-26T12:50:00.000+0000,887414.2812963838,887414.2812963838,1251519.254099915
2025-04-26T13:00:00.000+0000,887414.2812963838,887414.2812963838,1252072.817876269
2025-04-26T13:10:00.000+0000,887414.2812963838,887414.2812963838,1251980.467857671
2025-04-26T13:20:00.000+0000,887414.2812963838,887414.2812963838,1250224.9284468044
2025-04-26T13:30:00.000+0000,887414.2812963838,887414.2812963838,1249068.387823109
2025-04-26T13:40:00.000+0000,887414.2812963838,887414.2812963838,1246757.0182267297
2025-04-26T13:50:00.000+0000,887414.2812963838,887414.2812963838,1249997.2541218824
2025-04-26T14:00:00.000+0000,887414.2812963838,887414.2812963838,1249833.339875175
2025-04-26T14:10:00.000+0000,887414.2812963838,887414.2812963838,1249821.4703688477
2025-04-26T14:20:00.000+0000,887414.2812963838,887414.2812963838,1249637.175702867
2025-04-26T14:30:00.000+0000,887414.2812963838,887414.2812963838,1252705.0145867043
2025-04-26T14:40:00.000+0000,887414.2812963838,887414.2812963838,1253206.9633336244
2025-04-26T14:50:00.000+0000,887414.2812963838,887414.2812963838,1253049.872289183
2025-04-26T15:00:00.000+0000,887414.2812963838,887414.2812963838,1253700.6992936241
2025-04-26T15:10:00.000+0000,887414.2812963838,887414.2812963838,1254820.2656102714
2025-04-26T15:20:00.000+0000,887414.2812963838,887414.2812963838,1254885.1781567428
2025-04-26T15:30:00.000+0000,887414.2812963838,887414.2812963838,1256474.8101305827
2025-04-26T15:40:00.000+0000,887414.2812963838,887414.2812963838,1256415.8319985776
2025-04-26T15:50:00.000+0000,887414.2812963838,887414.2812963838,1258087.623040021
2025-04-26T16:00:00.000+0000,887414.2812963838,887414.2812963838,1255554.4619663944
2025-04-26T16:10:00.000+0000,887414.2812963838,887414.2812963838,1255939.2173228422
2025-04-26T16:20:00.000+0000,887414.2812963838,887414.2812963838,1257362.574122915
2025-04-26T16:30:00.000+0000,887414.2812963838,887414.2812963838,1256229.1491876245
2025-04-26T16:40:00.000+0000,887414.2812963838,887414.2812963838,1254042.4097434478
2025-04-26T16:50:00.000+0000,887414.2812963838,887414.2812963838,1256052.6662595412
2025-04-26T17:00:00.000+0000,887414.2812963838,887414.2812963838,1256824.3656946027
2025-04-26T17:10:00.000+0000,887414.2812963838,887414.2812963838,1256252.3280635565
2025-04-26T17:20:00.000+0000,887414.2812963838,887414.2812963838,1256714.978884955
2025-04-26T17:30:00.000+0000,887414.2812963838,887414.2812963838,1258009.4453465976
2025-04-26T17:40:00.000+0000,887414.2812963838,887414.2812963838,1258004.908021014
2025-04-26T17:50:00.000+0000,887414.2812963838,887414.2812963838,1257436.7226363218
2025-04-26T18:00:00.000+0000,887414.2812963838,887414.2812963838,1256543.39871534
2025-04-26T18:10:00.000+0000,887414.2812963838,887414.2812963838,1256139.0457434433
2025-04-26T18:20:00.000+0000,887414.2812963838,887414.2812963838,1256740.3061134883
2025-04-26T18:30:00.000+0000,887414.2812963838,887414.2812963838,1257924.083922066
2025-04-26T18:40:00.000+0000,887414.2812963838,887414.2812963838,1257360.559911468
2025-04-26T18:50:00.000+0000,887414.2812963838,887414.2812963838,1255322.2572629259
2025-04-26T19:00:00.000+0000,887414.2812963838,887414.2812963838,1254631.1995170587
2025-04-26T19:10:00.000+0000,887414.2812963838,887414.2812963838,1254230.5185487447
2025-04-26T19:20:00.000+0000,887414.2812963838,887414.2812963838,1255632.5094135622
2025-04-26T19:30:00.000+0000,887414.2812963838,887414.2812963838,1256186.7675682388
2025-04-26T19:40:00.000+0000,887414.2812963838,887414.2812963838,1257362.4856925125
2025-04-26T19:50:00.000+0000,887414.2812963838,887414.2812963838,1258506.7425363488
2025-04-26T20:00:00.000+0000,887414.2812963838,887414.2812963838,1260439.626157696
2025-04-26T20:10:00.000+0000,887414.2812963838,887414.2812963838,1258747.7570723405
2025-04-26T20:20:00.000+0000,887414.2812963838,887414.2812963838,1257728.0304231436
2025-04-26T20:30:00.000+0000,887414.2812963838,887414.2812963838,1257689.8152636653
2025-04-26T20:40:00.000+0000,887414.2812963838,887414.2812963838,1257847.6393999741
2025-04-26T20:50:00.000+0000,887414.2812963838,887414.2812963838,1255247.04486425
2025-04-26T21:00:00.000+0000,887414.2812963838,887414.2812963838,1255890.1687809422
2025-04-26T21:10:00.000+0000,887414.2812963838,887414.2812963838,1257681.5652341454
2025-04-26T21:20:00.000+0000,887414.2812963838,887414.2812963838,1257574.0409747155
2025-04-26T21:30:00.000+0000,887414.2812963838,887414.2812963838,1258203.805254143
2025-04-26T21:40:00.000+0000,887414.2812963838,887414.2812963838,1258657.9633640046
2025-04-26T21:50:00.000+0000,887414.2812963838,887414.2812963838,1257810.607402207
2025-04-26T22:00:00.000+0000,887414.2812963838,887414.2812963838,1258860.8629195837
2025-04-26T22:10:00.000+0000,887414.2812963838,887414.2812963838,1262194.5228772347
2025-04-26T22:20:00.000+0000,887414.2812963838,887414.2812963838,1263509.594813737
2025-04-26T22:30:00.000+0000,887414.2812963838,887414.2812963838,1263532.222827382
2025-04-26T22:40:00.000+0000,887414.2812963838,887414.2812963838,1264405.0621448793
2025-04-26T22:50:00.000+0000,887414.2812963838,887414.2812963838,1261612.5306298102
2025-04-26T23:00:00.000+0000,887414.2812963838,887414.2812963838,1262235.0684249802
2025-04-26T23:10:00.000+0000,887414.2812963838,887414.2812963838,1260769.4963444185
2025-04-26T23:20:00.000+0000,887414.2812963838,887414.2812963838,1262223.1565967381
2025-04-26T23:30:00.000+0000,887414.2812963838,887414.2812963838,1261352.8816755805
2025-04-26T23:40:00.000+0000,887414.2812963838,887414.2812963838,1261533.4623764108
2025-04-26T23:50:00.000+0000,887414.2812963838,887414.2812963838,1262588.5462861438
2025-04-27T00:00:00.000+0000,887414.2812963838,887414.2812963838,1262638.1658805194
2025-04-27T00:10:00.000+0000,887414.2812963838,887414.2812963838,1267476.6682728643
2025-04-27T00:20:00.000+0000,887414.2812963838,887414.2812963838,1270065.0827748354
2025-04-27T00:30:00.000+0000,887414.2812963838,887414.2812963838,1270987.7510997425
2025-04-27T00:40:00.000+0000,887414.2812963838,887414.2812963838,1270634.675621673
2025-04-27T00:50:00.000+0000,887414.2812963838,887414.2812963838,1270866.8904177854
2025-04-27T01:00:00.000+0000,887414.2812963838,887414.2812963838,1269966.988820931
2025-04-27T01:10:00.000+0000,887414.2812963838,887414.2812963838,1270949.532687341
2025-04-27T01:20:00.000+0000,887414.2812963838,887414.2812963838,1261769.7430763468
2025-04-27T01:30:00.000+0000,887414.2812963838,887414.2812963838,1252109.40118071
2025-04-27T01:40:00.000+0000,887414.2812963838,887414.2812963838,1254621.2750555852
2025-04-27T01:50:00.000+0000,887414.2812963838,887414.2812963838,1247843.6455778172
2025-04-27T02:00:00.000+0000,887414.2812963838,887414.2812963838,1249365.4745875127
2025-04-27T02:10:00.000+0000,887414.2812963838,887414.2812963838,1253919.5352941658
2025-04-27T02:20:00.000+0000,887414.2812963838,887414.2812963838,1256246.5335351843
2025-04-27T02:30:00.000+0000,887414.2812963838,887414.2812963838,1253983.0279042341
2025-04-27T02:40:00.000+0000,887414.2812963838,887414.2812963838,1249691.5415328855
2025-04-27T02:50:00.000+0000,887414.2812963838,887414.2812963838,1250513.544273022
2025-04-27T03:00:00.000+0000,887414.2812963838,887414.2812963838,1253658.010197991
2025-04-27T03:10:00.000+0000,887414.2812963838,887414.2812963838,1253311.951257495
2025-04-27T03:20:00.000+0000,887414.2812963838,887414.2812963838,1250666.5500849606
2025-04-27T03:30:00.000+0000,887414.2812963838,887414.2812963838,1251150.2093392918
2025-04-27T03:40:00.000+0000,887414.2812963838,887414.2812963838,1252593.1894240228
2025-04-27T03:50:00.000+0000,887414.2812963838,887414.2812963838,1251485.3612548783
2025-04-27T04:00:00.000+0000,887414.2812963838,887414.2812963838,1252929.6600159055
2025-04-27T04:10:00.000+0000,887414.2812963838,887414.2812963838,1253733.6290606936
2025-04-27T04:20:00.000+0000,887414.2812963838,887414.2812963838,1253471.2280408817
2025-04-27T04:30:00.000+0000,887414.2812963838,887414.2812963838,1249319.8357952684
2025-04-27T04:40:00.000+0000,887414.2812963838,887414.2812963838,1248979.2972054381
2025-04-27T04:50:00.000+0000,887414.2812963838,887414.2812963838,1247366.3784193406
2025-04-27T05:00:00.000+0000,887414.2812963838,887414.2812963838,1247466.2734166132
2025-04-27T05:10:00.000+0000,887414.2812963838,887414.2812963838,1248194.4543956674
2025-04-27T05:20:00.000+0000,887414.2812963838,887414.2812963838,1241982.3794391737
2025-04-27T05:30:00.000+0000,887414.2812963838,887414.2812963838,1243274.5212741601
2025-04-27T05:40:00.000+0000,887414.2812963838,887414.2812963838,1245694.808537625
2025-04-27T05:50:00.000+0000,887414.2812963838,887414.2812963838,1245369.281967091
2025-04-27T06:00:00.000+0000,887414.2812963838,887414.2812963838,1246739.1140393121
2025-04-27T06:10:00.000+0000,887414.2812963838,887414.2812963838,1248059.619089335
2025-04-27T06:20:00.000+0000,887414.2812963838,887414.2812963838,1248174.419688724
2025-04-27T06:30:00.000+0000,887414.2812963838,887414.2812963838,1248994.1752361653
2025-04-27T06:40:00.000+0000,887414.2812963838,887414.2812963838,1247604.890649662
2025-04-27T06:50:00.000+0000,887414.2812963838,887414.2812963838,1247667.6361744595
2025-04-27T07:00:00.000+0000,887414.2812963838,887414.2812963838,1248926.8109171193
2025-04-27T07:10:00.000+0000,887414.2812963838,887414.2812963838,1247792.9213416325
2025-04-27T07:20:00.000+0000,887414.2812963838,887414.2812963838,1250763.2575220596
2025-04-27T07:30:00.000+0000,887414.2812963838,887414.2812963838,1251020.5853438159
2025-04-27T07:40:00.000+0000,887414.2812963838,887414.2812963838,1251776.8201328504
2025-04-27T07:50:00.000+0000,887414.2812963838,887414.2812963838,1251426.5024524152
2025-04-27T08:00:00.000+0000,887414.2812963838,887414.2812963838,1250961.9820511038
2025-04-27T08:10:00.000+0000,887414.2812963838,887414.2812963838,1251978.0207282775
2025-04-27T08:20:00.000+0000,887414.2812963838,887414.2812963838,1254270.9668366283
2025-04-27T08:30:00.000+0000,887414.2812963838,887414.2812963838,1255724.4668542205
2025-04-27T08:40:00.000+0000,887414.2812963838,887414.2812963838,1256339.5119100013
2025-04-27T08:50:00.000+0000,887414.2812963838,887414.2812963838,1256364.462173589
2025-04-27T09:00:00.000+0000,887414.2812963838,887414.2812963838,1255454.0498769786
2025-04-27T09:10:00.000+0000,887414.2812963838,887414.2812963838,1254696.7429895236
2025-04-27T09:20:00.000+0000,887414.2812963838,887414.2812963838,1255054.5215088953
2025-04-27T09:30:00.000+0000,887414.2812963838,887414.2812963838,1255172.7494794703
2025-04-27T09:40:00.000+0000,887414.2812963838,887414.2812963838,1256605.6748416144
2025-04-27T09:50:00.000+0000,887414.2812963838,887414.2812963838,1256357.5157941212
2025-04-27T10:00:00.000+0000,887414.2812963838,887414.2812963838,1255662.8420656298
2025-04-27T10:10:00.000+0000,887414.2812963838,887414.2812963838,1255622.3968702531
2025-04-27T10:20:00.000+0000,887414.2812963838,887414.2812963838,1254612.9895063264
2025-04-27T10:30:00.000+0000,887414.2812963838,887414.2812963838,1253744.933659084
2025-04-27T10:40:00.000+0000,887414.2812963838,887414.2812963838,1254634.662146006
2025-04-27T10:50:00.000+0000,887414.2812963838,887414.2812963838,1255662.1831301425
2025-04-27T11:00:00.000+0000,887414.2812963838,887414.2812963838,1253920.9939449676
2025-04-27T11:10:00.000+0000,887414.2812963838,887414.2812963838,1253649.8156428917
2025-04-27T11:20:00.000+0000,887414.2812963838,887414.2812963838,1253946.0743858935
2025-04-27T11:30:00.000+0000,887414.2812963838,887414.2812963838,1254479.862897343
2025-04-27T11:40:00.000+0000,887414.2812963838,887414.2812963838,1254120.8243523776
2025-04-27T11:50:00.000+0000,887414.2812963838,887414.2812963838,1253314.4950943529
2025-04-27T12:00:00.000+0000,887414.2812963838,887414.2812963838,1251772.3035428752
2025-04-27T12:10:00.000+0000,887414.2812963838,887414.2812963838,1251215.1148087224
2025-04-27T12:20:00.000+0000,887414.2812963838,887414.2812963838,1250165.2715120825
2025-04-27T12:30:00.000+0000,887414.2812963838,887414.2812963838,1248364.8151513673
2025-04-27T12:40:00.000+0000,887414.2812963838,887414.2812963838,1250241.1541754454
2025-04-27T12:50:00.000+0000,887414.2812963838,887414.2812963838,1249195.1919331052
2025-04-27T13:00:00.000+0000,887414.2812963838,887414.2812963838,1245363.4142351882
2025-04-27T13:10:00.000+0000,887414.2812963838,887414.2812963838,1248603.5718614995
2025-04-27T13:20:00.000+0000,887414.2812963838,887414.2812963838,1248525.5575415401
2025-04-27T13:30:00.000+0000,887414.2812963838,887414.2812963838,1250232.0469375905
2025-04-27T13:40:00.000+0000,887414.2812963838,887414.2812963838,1253251.2484950116
2025-04-27T13:50:00.000+0000,887414.2812963838,887414.2812963838,1252983.6565445052
2025-04-27T14:00:00.000+0000,887414.2812963838,887414.2812963838,1253818.1301272362
2025-04-27T14:10:00.000+0000,887414.2812963838,887414.2812963838,1253140.7922875748
2025-04-27T14:20:00.000+0000,887414.2812963838,887414.2812963838,1256587.4087537373
2025-04-27T14:30:00.000+0000,887414.2812963838,887414.2812963838,1256284.2768867807
2025-04-27T14:40:00.000+0000,887414.2812963838,887414.2812963838,1255136.3242860744
2025-04-27T14:50:00.000+0000,887414.2812963838,887414.2812963838,1254409.185126549
2025-04-27T15:00:00.000+0000,887414.2812963838,887414.2812963838,1251961.5204810775
2025-04-27T15:10:00.000+0000,887414.2812963838,887414.2812963838,1253687.203562749
2025-04-27T15:20:00.000+0000,887414.2812963838,887414.2812963838,1251722.0404507332
2025-04-27T15:30:00.000+0000,887414.2812963838,887414.2812963838,1252333.8187717313
2025-04-27T15:40:00.000+0000,887414.2812963838,887414.2812963838,1252818.7377277385
2025-04-27T15:50:00.000+0000,887414.2812963838,887414.2812963838,1253505.3547915758
2025-04-27T16:00:00.000+0000,887414.2812963838,887414.2812963838,1253772.304783219
2025-04-27T16:10:00.000+0000,887414.2812963838,887414.2812963838,1252479.028519853
2025-04-27T16:20:00.000+0000,887414.2812963838,887414.2812963838,1251872.940989108
2025-04-27T16:30:00.000+0000,887414.2812963838,887414.2812963838,1249929.0496479229
2025-04-27T16:40:00.000+0000,887414.2812963838,887414.2812963838,1251218.3764031027
2025-04-27T16:50:00.000+0000,887414.2812963838,887414.2812963838,1251052.6126209553
2025-04-27T17:00:00.000+0000,887414.2812963838,887414.2812963838,1251562.7237290156
2025-04-27T17:10:00.000+0000,887414.2812963838,887414.2812963838,1253718.5644721768
2025-04-27T17:20:00.000+0000,887414.2812963838,887414.2812963838,1255178.5935278551
2025-04-27T17:30:00.000+0000,887414.2812963838,887414.2812963838,1253683.1237266092
2025-04-27T17:40:00.000+0000,887414.2812963838,887414.2812963838,1254540.0148308803
2025-04-27T17:50:00.000+0000,887414.2812963838,887414.2812963838,1255848.7754312698
2025-04-27T18:00:00.000+0000,887414.2812963838,887414.2812963838,1254946.8596278687
2025-04-27T18:10:00.000+0000,887414.2812963838,887414.2812963838,1257142.977150056
2025-04-27T18:20:00.000+0000,887414.2812963838,887414.2812963838,1258198.6880583947
2025-04-27T18:30:00.000+0000,887414.2812963838,887414.2812963838,1258845.71883744
2025-04-27T18:40:00.000+0000,887414.2812963838,887414.2812963838,1261022.9889268565
2025-04-27T18:50:00.000+0000,887414.2812963838,887414.2812963838,1259983.1144064304
2025-04-27T19:00:00.000+0000,887414.2812963838,887414.2812963838,1259570.9022540771
2025-04-27T19:10:00.000+0000,887414.2812963838,887414.2812963838,1258741.6091145913
2025-04-27T19:20:00.000+0000,887414.2812963838,887414.2812963838,1258596.08811835
2025-04-27T19:30:00.000+0000,887414.2812963838,887414.2812963838,1259812.0034502654
2025-04-27T19:40:00.000+0000,887414.2812963838,887414.2812963838,1260511.5603968436
2025-04-27T19:50:00.000+0000,887414.2812963838,887414.2812963838,1261530.9808821362
2025-04-27T20:00:00.000+0000,887414.2812963838,887414.2812963838,1259012.705870245
2025-04-27T20:10:00.000+0000,887414.2812963838,887414.2812963838,1258696.0038739191
2025-04-27T20:20:00.000+0000,887414.2812963838,887414.2812963838,1256481.2081337627
2025-04-27T20:30:00.000+0000,887414.2812963838,887414.2812963838,1257223.4754600902
2025-04-27T20:40:00.000+0000,887414.2812963838,887414.2812963838,1256834.7368519404
2025-04-27T20:50:00.000+0000,887414.2812963838,887414.2812963838,1256376.5540693293
2025-04-27T21:00:00.000+0000,887414.2812963838,887414.2812963838,1254694.1288496982
2025-04-27T21:10:00.000+0000,887414.2812963838,887414.2812963838,1254850.7852157876
2025-04-27T21:20:00.000+0000,887414.2812963838,887414.2812963838,1257109.0584949953
2025-04-27T21:30:00.000+0000,887414.2812963838,887414.2812963838,1258342.3906143268
2025-04-27T21:40:00.000+0000,887414.2812963838,887414.2812963838,1259656.9453178716
2025-04-27T21:50:00.000+0000,887414.2812963838,887414.2812963838,1258596.0112544675
2025-04-27T22:00:00.000+0000,887414.2812963838,887414.2812963838,1253164.1311156452
2025-04-27T22:10:00.000+0000,887414.2812963838,887414.2812963838,1251300.9758446815
2025-04-27T22:20:00.000+0000,887414.2812963838,887414.2812963838,1250257.1052083904
2025-04-27T22:30:00.000+0000,887414.2812963838,887414.2812963838,1248337.9196490117
2025-04-27T22:40:00.000+0000,887414.2812963838,887414.2812963838,1250691.220422815
2025-04-27T22:50:00.000+0000,887414.2812963838,887414.2812963838,1251731.1482566968
2025-04-27T23:00:00.000+0000,887414.2812963838,887414.2812963838,1249162.3916128802
2025-04-27T23:10:00.000+0000,887414.2812963838,887414.2812963838,1248830.4331154765
2025-04-27T23:20:00.000+0000,887414.2812963838,887414.2812963838,1250364.594031856
2025-04-27T23:30:00.000+0000,887414.2812963838,887414.2812963838,1250623.9689392364
2025-04-27T23:40:00.000+0000,887414.2812963838,887414.2812963838,1249373.3655304313
2025-04-27T23:50:00.000+0000,887414.2812963838,887414.2812963838,1249255.2479024534
2025-04-28T00:00:00.000+0000,887414.2812963838,887414.2812963838,1242201.177640621
2025-04-28T00:10:00.000+0000,887414.2812963838,887414.2812963838,1241607.5489527462
2025-04-28T00:20:00.000+0000,887414.2812963838,887414.2812963838,1242092.4083867418
2025-04-28T00:30:00.000+0000,887414.2812963838,887414.2812963838,1245357.8333660986
2025-04-28T00:40:00.000+0000,887414.2812963838,887414.2812963838,1241788.7920517183
2025-04-28T00:50:00.000+0000,887414.2812963838,887414.2812963838,1241047.0234330208
2025-04-28T01:00:00.000+0000,887414.2812963838,887414.2812963838,1239370.6041062926
2025-04-28T01:10:00.000+0000,887414.2812963838,887414.2812963838,1238854.613783585
2025-04-28T01:20:00.000+0000,887414.2812963838,887414.2812963838,1235187.2383674823
2025-04-28T01:30:00.000+0000,887414.2812963838,887414.2812963838,1227666.7625754485
2025-04-28T01:40:00.000+0000,887414.2812963838,887414.2812963838,1227658.5978011661
2025-04-28T01:50:00.000+0000,887414.2812963838,887414.2812963838,1229678.240332703
2025-04-28T02:00:00.000+0000,887414.2812963838,887414.2812963838,1229514.535275557
2025-04-28T02:10:00.000+0000,887414.2812963838,887414.2812963838,1232318.3584629134
2025-04-28T02:20:00.000+0000,887414.2812963838,887414.2812963838,1234737.1461890324
2025-04-28T02:30:00.000+0000,887414.2812963838,887414.2812963838,1235682.1245668167
2025-04-28T02:40:00.000+0000,887414.2812963838,887414.2812963838,1235694.411955046
2025-04-28T02:50:00.000+0000,887414.2812963838,887414.2812963838,1237533.5583498543
2025-04-28T03:00:00.000+0000,887414.2812963838,887414.2812963838,1236160.8877684567
2025-04-28T03:10:00.000+0000,887414.2812963838,887414.2812963838,1236657.125110572
2025-04-28T03:20:00.000+0000,887414.2812963838,887414.2812963838,1241148.9005011441
2025-04-28T03:30:00.000+0000,887414.2812963838,887414.2812963838,1246694.9981644675
2025-04-28T03:40:00.000+0000,887414.2812963838,887414.2812963838,1247449.6208337196
2025-04-28T03:50:00.000+0000,887414.2812963838,887414.2812963838,1249241.0516782755
2025-04-28T04:00:00.000+0000,887414.2812963838,887414.2812963838,1250651.1591541222
2025-04-28T04:10:00.000+0000,887414.2812963838,887414.2812963838,1251662.8941761265
2025-04-28T04:20:00.000+0000,887414.2812963838,887414.2812963838,1252438.3832814223
2025-04-28T04:30:00.000+0000,887414.2812963838,887414.2812963838,1253680.7837064909
2025-04-28T04:40:00.000+0000,887414.2812963838,887414.2812963838,1252665.089763022
2025-04-28T04:50:00.000+0000,887414.2812963838,887414.2812963838,1251348.3593452186
2025-04-28T05:00:00.000+0000,887414.2812963838,887414.2812963838,1251450.7490188302
2025-04-28T05:10:00.000+0000,887414.2812963838,887414.2812963838,1254197.2748624822
2025-04-28T05:20:00.000+0000,887414.2812963838,887414.2812963838,1254673.699414504
2025-04-28T05:30:00.000+0000,887414.2812963838,887414.2812963838,1254068.1200342267
2025-04-28T05:40:00.000+0000,887414.2812963838,887414.2812963838,1255033.5903395505
2025-04-28T05:50:00.000+0000,887414.2812963838,887414.2812963838,1255535.94933217
2025-04-28T06:00:00.000+0000,887414.2812963838,887414.2812963838,1258620.5261967664
2025-04-28T06:10:00.000+0000,887414.2812963838,887414.2812963838,1258966.4265172258
2025-04-28T06:20:00.000+0000,887414.2812963838,887414.2812963838,1258688.723462828
2025-04-28T06:30:00.000+0000,887414.2812963838,887414.2812963838,1259969.5583413513
2025-04-28T06:40:00.000+0000,887414.2812963838,887414.2812963838,1262910.4234828972
2025-04-28T06:50:00.000+0000,887414.2812963838,887414.2812963838,1262774.778040641
2025-04-28T07:00:00.000+0000,887414.2812963838,887414.2812963838,1263818.1912830332
2025-04-28T07:10:00.000+0000,887414.2812963838,887414.2812963838,1263131.2920616106
2025-04-28T07:20:00.000+0000,887414.2812963838,887414.2812963838,1265007.3396290117
2025-04-28T07:30:00.000+0000,887414.2812963838,887414.2812963838,1265998.218558676
2025-04-28T07:40:00.000+0000,887414.2812963838,887414.2812963838,1265857.3873723568
2025-04-28T07:50:00.000+0000,887414.2812963838,887414.2812963838,1265510.986471645
2025-04-28T08:00:00.000+0000,887414.2812963838,887414.2812963838,1264727.5507685733
2025-04-28T08:10:00.000+0000,887414.2812963838,887414.2812963838,1265912.5789797343
2025-04-28T08:20:00.000+0000,887414.2812963838,887414.2812963838,1265692.5302968293
2025-04-28T08:30:00.000+0000,887414.2812963838,887414.2812963838,1267246.4053433817
2025-04-28T08:40:00.000+0000,887414.2812963838,887414.2812963838,1266568.5054648183
2025-04-28T08:50:00.000+0000,887414.2812963838,887414.2812963838,1265860.3686059865
2025-04-28T09:00:00.000+0000,887414.2812963838,887414.2812963838,1268123.3981011081
2025-04-28T09:10:00.000+0000,887414.2812963838,887414.2812963838,1267076.8394944998
2025-04-28T09:20:00.000+0000,887414.2812963838,887414.2812963838,1267732.4360190926
2025-04-28T09:30:00.000+0000,887414.2812963838,887414.2812963838,1268920.4425397788
2025-04-28T09:40:00.000+0000,887414.2812963838,887414.2812963838,1268795.5703849238
2025-04-28T09:50:00.000+0000,887414.2812963838,887414.2812963838,1267980.975854533
2025-04-28T10:00:00.000+0000,887414.2812963838,887414.2812963838,1260905.4011725266
2025-04-28T10:10:00.000+0000,887414.2812963838,887414.2812963838,1264044.9545840425
2025-04-28T10:20:00.000+0000,887414.2812963838,887414.2812963838,1260436.123383616
2025-04-28T10:30:00.000+0000,887414.2812963838,887414.2812963838,1267292.9975394534
2025-04-28T10:40:00.000+0000,887414.2812963838,887414.2812963838,1275543.9906425625
2025-04-28T10:50:00.000+0000,887414.2812963838,887414.2812963838,1273651.0797915484
2025-04-28T11:00:00.000+0000,887414.2812963838,887414.2812963838,1271477.378091582
2025-04-28T11:10:00.000+0000,887414.2812963838,887414.2812963838,1272786.7599152261
2025-04-28T11:20:00.000+0000,887414.2812963838,887414.2812963838,1274158.3385339037
2025-04-28T11:30:00.000+0000,887414.2812963838,887414.2812963838,1275952.6847397476
2025-04-28T11:40:00.000+0000,887414.2812963838,887414.2812963838,1273876.1736375038
2025-04-28T11:50:00.000+0000,887414.2812963838,887414.2812963838,1271705.086009405
2025-04-28T12:00:00.000+0000,887414.2812963838,887414.2812963838,1268353.821704382
2025-04-28T12:10:00.000+0000,887414.2812963838,887414.2812963838,1268056.4146173554
2025-04-28T12:20:00.000+0000,887414.2812963838,887414.2812963838,1267679.9409033905
2025-04-28T12:30:00.000+0000,887414.2812963838,887414.2812963838,1268698.0341635463
2025-04-28T12:40:00.000+0000,887414.2812963838,887414.2812963838,1269595.8363213048
2025-04-28T12:50:00.000+0000,887414.2812963838,887414.2812963838,1267572.817715671
2025-04-28T13:00:00.000+0000,887414.2812963838,887414.2812963838,1266899.7004793528
2025-04-28T13:10:00.000+0000,887414.2812963838,887414.2812963838,1265153.1524807827
2025-04-28T13:20:00.000+0000,887414.2812963838,887414.2812963838,1261176.4368437245
2025-04-28T13:30:00.000+0000,887414.2812963838,887414.2812963838,1254389.369312012
2025-04-28T13:40:00.000+0000,887414.2812963838,887414.2812963838,1255075.1059271584
2025-04-28T13:50:00.000+0000,887414.2812963838,887414.2812963838,1248779.3745346672
2025-04-28T14:00:00.000+0000,887414.2812963838,887414.2812963838,1248968.7437672338
2025-04-28T14:10:00.000+0000,887414.2812963838,887414.2812963838,1253601.5930419597
2025-04-28T14:20:00.000+0000,887414.2812963838,887414.2812963838,1253288.517869184
2025-04-28T14:30:00.000+0000,887414.2812963838,887414.2812963838,1247924.4709753678
2025-04-28T14:40:00.000+0000,887414.2812963838,887414.2812963838,1249414.8843385798
2025-04-28T14:50:00.000+0000,887414.2812963838,887414.2812963838,1246644.5758991442
2025-04-28T15:00:00.000+0000,887414.2812963838,887414.2812963838,1243071.8357718152
2025-04-28T15:10:00.000+0000,887414.2812963838,887414.2812963838,1241365.8741739297
2025-04-28T15:20:00.000+0000,887414.2812963838,887414.2812963838,1234945.1824521425
2025-04-28T15:30:00.000+0000,887414.2812963838,887414.2812963838,1234049.1785622928
2025-04-28T15:40:00.000+0000,887414.2812963838,887414.2812963838,1234216.157347488
2025-04-28T15:50:00.000+0000,887414.2812963838,887414.2812963838,1234329.5649704556
2025-04-28T16:00:00.000+0000,887414.2812963838,887414.2812963838,1235185.5706009362
2025-04-28T16:10:00.000+0000,887414.2812963838,887414.2812963838,1231961.6261157817
2025-04-28T16:20:00.000+0000,887414.2812963838,887414.2812963838,1232706.0856289007
2025-04-28T16:30:00.000+0000,887414.2812963838,887414.2812963838,1236494.12899816
2025-04-28T16:40:00.000+0000,887414.2812963838,887414.2812963838,1238038.9193255592
2025-04-28T16:50:00.000+0000,887414.2812963838,887414.2812963838,1235305.1563630286
2025-04-28T17:00:00.000+0000,887414.2812963838,887414.2812963838,1236250.113514854
2025-04-28T17:10:00.000+0000,887414.2812963838,887414.2812963838,1234476.7477255785
2025-04-28T17:20:00.000+0000,887414.2812963838,887414.2812963838,1234759.8649664933
2025-04-28T17:30:00.000+0000,887414.2812963838,887414.2812963838,1234012.9378216455
2025-04-28T17:40:00.000+0000,887414.2812963838,887414.2812963838,1238828.4970179682
2025-04-28T17:50:00.000+0000,887414.2812963838,887414.2812963838,1242086.0571143741
2025-04-28T18:00:00.000+0000,887414.2812963838,887414.2812963838,1242161.0681103063
2025-04-28T18:10:00.000+0000,887414.2812963838,887414.2812963838,1238760.492931699
2025-04-28T18:20:00.000+0000,887414.2812963838,887414.2812963838,1240178.1106345206
2025-04-28T18:30:00.000+0000,887414.2812963838,887414.2812963838,1239271.5404867202
2025-04-28T18:40:00.000+0000,887414.2812963838,887414.2812963838,1241356.9733541172
2025-04-28T18:50:00.000+0000,887414.2812963838,887414.2812963838,1243628.0149108097
2025-04-28T19:00:00.000+0000,887414.2812963838,887414.2812963838,1244103.4440363497
2025-04-28T19:10:00.000+0000,887414.2812963838,887414.2812963838,1249302.0528158748
2025-04-28T19:20:00.000+0000,887414.2812963838,887414.2812963838,1253879.3955016304
2025-04-28T19:30:00.000+0000,887414.2812963838,887414.2812963838,1254645.1093757513
2025-04-28T19:40:00.000+0000,887414.2812963838,887414.2812963838,1255495.0855678027
2025-04-28T19:50:00.000+0000,887414.2812963838,887414.2812963838,1256175.4546700981
2025-04-28T20:00:00.000+0000,887414.2812963838,887414.2812963838,1251389.2707266712
2025-04-28T20:10:00.000+0000,887414.2812963838,887414.2812963838,1249811.8277617586
2025-04-28T20:20:00.000+0000,887414.2812963838,887414.2812963838,1249144.5117656062
2025-04-28T20:30:00.000+0000,887414.2812963838,887414.2812963838,1248920.9457737384
2025-04-28T20:40:00.000+0000,887414.2812963838,887414.2812963838,1246957.8734742207
2025-04-28T20:50:00.000+0000,887414.2812963838,887414.2812963838,1246782.1895103469
2025-04-28T21:00:00.000+0000,887414.2812963838,887414.2812963838,1247866.5846918966
2025-04-28T21:10:00.000+0000,887414.2812963838,887414.2812963838,1246516.1934945798
2025-04-28T21:20:00.000+0000,887414.2812963838,887414.2812963838,1246667.715377266
2025-04-28T21:30:00.000+0000,887414.2812963838,887414.2812963838,1247790.3233780097
2025-04-28T21:40:00.000+0000,887414.2812963838,887414.2812963838,1248558.3153370954
2025-04-28T21:50:00.000+0000,887414.2812963838,887414.2812963838,1248819.644684821
2025-04-28T22:00:00.000+0000,887414.2812963838,887414.2812963838,1251190.7225218518
2025-04-28T22:10:00.000+0000,887414.2812963838,887414.2812963838,1251632.721974535
2025-04-28T22:20:00.000+0000,887414.2812963838,887414.2812963838,1250560.8409656775
2025-04-28T22:30:00.000+0000,887414.2812963838,887414.2812963838,1250046.0369434175
2025-04-28T22:40:00.000+0000,887414.2812963838,887414.2812963838,1252248.4612993514
2025-04-28T22:50:00.000+0000,887414.2812963838,887414.2812963838,1255883.3239511473
2025-04-28T23:00:00.000+0000,887414.2812963838,887414.2812963838,1255659.9669322385
2025-04-28T23:10:00.000+0000,887414.2812963838,887414.2812963838,1254158.3162823953
2025-04-28T23:20:00.000+0000,887414.2812963838,887414.2812963838,1254700.1883820517
2025-04-28T23:30:00.000+0000,887414.2812963838,887414.2812963838,1255269.7516687217
2025-04-28T23:40:00.000+0000,887414.2812963838,887414.2812963838,1255237.017245496
2025-04-28T23:50:00.000+0000,887414.2812963838,887414.2812963838,1254931.3184253126
2025-04-29T00:00:00.000+0000,887414.2812963838,887414.2812963838,1253625.0117644793
2025-04-29T00:10:00.000+0000,887414.2812963838,887414.2812963838,1252880.8692335025
2025-04-29T00:20:00.000+0000,887414.2812963838,887414.2812963838,1253616.908168228
2025-04-29T00:30:00.000+0000,887414.2812963838,887414.2812963838,1256539.710487462
2025-04-29T00:40:00.000+0000,887414.2812963838,887414.2812963838,1256138.9989872258
2025-04-29T00:50:00.000+0000,887414.2812963838,887414.2812963838,1255109.7497358
2025-04-29T01:00:00.000+0000,887414.2812963838,887414.2812963838,1257047.6232799035
2025-04-29T01:10:00.000+0000,887414.2812963838,887414.2812963838,1253682.1618882343
2025-04-29T01:20:00.000+0000,887414.2812963838,887414.2812963838,1254768.8200143178
2025-04-29T01:30:00.000+0000,887414.2812963838,887414.2812963838,1256400.9518758026
2025-04-29T01:40:00.000+0000,887414.2812963838,887414.2812963838,1260231.7956107878
2025-04-29T01:50:00.000+0000,887414.2812963838,887414.2812963838,1256088.6375424103
2025-04-29T02:00:00.000+0000,887414.2812963838,887414.2812963838,1252113.6924649975
2025-04-29T02:10:00.000+0000,887414.2812963838,887414.2812963838,1253240.908549067
2025-04-29T02:20:00.000+0000,887414.2812963838,887414.2812963838,1253076.2985555073
2025-04-29T02:30:00.000+0000,887414.2812963838,887414.2812963838,1253768.3661062648
2025-04-29T02:40:00.000+0000,887414.2812963838,887414.2812963838,1250725.8937827842
2025-04-29T02:50:00.000+0000,887414.2812963838,887414.2812963838,1249636.008032239
2025-04-29T03:00:00.000+0000,887414.2812963838,887414.2812963838,1251731.429186673
2025-04-29T03:10:00.000+0000,887414.2812963838,887414.2812963838,1250926.2419341137
2025-04-29T03:20:00.000+0000,887414.2812963838,887414.2812963838,1253088.1538242414
2025-04-29T03:30:00.000+0000,887414.2812963838,887414.2812963838,1253488.6048673852
2025-04-29T03:40:00.000+0000,887414.2812963838,887414.2812963838,1253521.7977655507
2025-04-29T03:50:00.000+0000,887414.2812963838,887414.2812963838,1253922.1102764301
2025-04-29T04:00:00.000+0000,887414.2812963838,887414.2812963838,1252354.384936602
2025-04-29T04:10:00.000+0000,887414.2812963838,887414.2812963838,1254582.8962903298
2025-04-29T04:20:00.000+0000,887414.2812963838,887414.2812963838,1254731.4305279693
2025-04-29T04:30:00.000+0000,887414.2812963838,887414.2812963838,1253754.232533034
2025-04-29T04:40:00.000+0000,887414.2812963838,887414.2812963838,1247522.8152611104
2025-04-29T04:50:00.000+0000,887414.2812963838,887414.2812963838,1246796.7343640884
2025-04-29T05:00:00.000+0000,887414.2812963838,887414.2812963838,1245574.274919643
2025-04-29T05:10:00.000+0000,887414.2812963838,887414.2812963838,1243997.0913603406
2025-04-29T05:20:00.000+0000,887414.2812963838,887414.2812963838,1246115.4105356645
2025-04-29T05:30:00.000+0000,887414.2812963838,887414.2812963838,1247196.5647540565
2025-04-29T05:40:00.000+0000,887414.2812963838,887414.2812963838,1247214.9068167196
2025-04-29T05:50:00.000+0000,887414.2812963838,887414.2812963838,1247757.3151491948
2025-04-29T06:00:00.000+0000,887414.2812963838,887414.2812963838,1248971.6257218115
2025-04-29T06:10:00.000+0000,887414.2812963838,887414.2812963838,1250971.4271210025
2025-04-29T06:20:00.000+0000,887414.2812963838,887414.2812963838,1257370.1157522677
2025-04-29T06:30:00.000+0000,887414.2812963838,887414.2812963838,1257915.077555529
2025-04-29T06:40:00.000+0000,887414.2812963838,887414.2812963838,1257316.0138086546
2025-04-29T06:50:00.000+0000,887414.2812963838,887414.2812963838,1258458.043857745
2025-04-29T07:00:00.000+0000,887414.2812963838,887414.2812963838,1259400.6901479438
2025-04-29T07:10:00.000+0000,887414.2812963838,887414.2812963838,1260498.5181080848
2025-04-29T07:20:00.000+0000,887414.2812963838,887414.2812963838,1261129.5759764488
2025-04-29T07:30:00.000+0000,887414.2812963838,887414.2812963838,1261647.1813794724
2025-04-29T07:40:00.000+0000,887414.2812963838,887414.2812963838,1261125.366407946
2025-04-29T07:50:00.000+0000,887414.2812963838,887414.2812963838,1263274.1354323565
2025-04-29T08:00:00.000+0000,887414.2812963838,887414.2812963838,1263139.04990532
2025-04-29T08:10:00.000+0000,887414.2812963838,887414.2812963838,1265825.2503542276
2025-04-29T08:20:00.000+0000,887414.2812963838,887414.2812963838,1263161.6890611206
2025-04-29T08:30:00.000+0000,887414.2812963838,887414.2812963838,1262590.693429777
2025-04-29T08:40:00.000+0000,887414.2812963838,887414.2812963838,1263085.2104715945
2025-04-29T08:50:00.000+0000,887414.2812963838,887414.2812963838,1263021.8580271224
2025-04-29T09:00:00.000+0000,887414.2812963838,887414.2812963838,1265915.133023686
2025-04-29T09:10:00.000+0000,887414.2812963838,887414.2812963838,1264768.1091973095
2025-04-29T09:20:00.000+0000,887414.2812963838,887414.2812963838,1263635.5382981193
2025-04-29T09:30:00.000+0000,887414.2812963838,887414.2812963838,1265116.1187896077
2025-04-29T09:40:00.000+0000,887414.2812963838,887414.2812963838,1263974.5220503393
2025-04-29T09:50:00.000+0000,887414.2812963838,887414.2812963838,1264598.462559128
2025-04-29T10:00:00.000+0000,887414.2812963838,887414.2812963838,1266584.7110635045
2025-04-29T10:10:00.000+0000,887414.2812963838,887414.2812963838,1266691.1091854642
2025-04-29T10:20:00.000+0000,887414.2812963838,887414.2812963838,1265013.3542058156
2025-04-29T10:30:00.000+0000,887414.2812963838,887414.2812963838,1263950.633824057
2025-04-29T10:40:00.000+0000,887414.2812963838,887414.2812963838,1260076.018889932
2025-04-29T10:50:00.000+0000,887414.2812963838,887414.2812963838,1261650.2044191544
2025-04-29T11:00:00.000+0000,887414.2812963838,887414.2812963838,1262717.6628449755
2025-04-29T11:10:00.000+0000,887414.2812963838,887414.2812963838,1266643.5429424148
2025-04-29T11:20:00.000+0000,887414.2812963838,887414.2812963838,1267405.8717968233
2025-04-29T11:30:00.000+0000,887414.2812963838,887414.2812963838,1265987.4658456144
2025-04-29T11:40:00.000+0000,887414.2812963838,887414.2812963838,1265171.8112529563
2025-04-29T11:50:00.000+0000,887414.2812963838,887414.2812963838,1266386.661155799
2025-04-29T12:00:00.000+0000,887414.2812963838,887414.2812963838,1265474.6504384493
2025-04-29T12:10:00.000+0000,887414.2812963838,887414.2812963838,1265535.6308137057
2025-04-29T12:20:00.000+0000,887414.2812963838,887414.2812963838,1262572.459004179
2025-04-29T12:30:00.000+0000,887414.2812963838,887414.2812963838,1261322.623222339
2025-04-29T12:40:00.000+0000,887414.2812963838,887414.2812963838,1262395.2085564472
2025-04-29T12:50:00.000+0000,887414.2812963838,887414.2812963838,1260122.6153668677
2025-04-29T13:00:00.000+0000,887414.2812963838,887414.2812963838,1259532.4409077445
2025-04-29T13:10:00.000+0000,887414.2812963838,887414.2812963838,1252715.8929878888
2025-04-29T13:20:00.000+0000,887414.2812963838,887414.2812963838,1254216.533711785
2025-04-29T13:30:00.000+0000,887414.2812963838,887414.2812963838,1255073.2703084804
2025-04-29T13:40:00.000+0000,887414.2812963838,887414.2812963838,1255497.8921982546
2025-04-29T13:50:00.000+0000,887414.2812963838,887414.2812963838,1257214.563024705
2025-04-29T14:00:00.000+0000,887414.2812963838,887414.2812963838,1255734.53106012
2025-04-29T14:10:00.000+0000,887414.2812963838,887414.2812963838,1257353.2394056772
2025-04-29T14:20:00.000+0000,887414.2812963838,887414.2812963838,1255246.6960103603
2025-04-29T14:30:00.000+0000,887414.2812963838,887414.2812963838,1255029.0072167735
2025-04-29T14:40:00.000+0000,887414.2812963838,887414.2812963838,1260480.5019525685
2025-04-29T14:50:00.000+0000,887414.2812963838,887414.2812963838,1259995.9588804666
2025-04-29T15:00:00.000+0000,887414.2812963838,887414.2812963838,1260727.8096301346
2025-04-29T15:10:00.000+0000,887414.2812963838,887414.2812963838,1258384.7437852605
2025-04-29T15:20:00.000+0000,887414.2812963838,887414.2812963838,1257917.4756474306
2025-04-29T15:30:00.000+0000,887414.2812963838,887414.2812963838,1257264.547475016
2025-04-29T15:40:00.000+0000,887414.2812963838,887414.2812963838,1259576.1762308448
2025-04-29T15:50:00.000+0000,887414.2812963838,887414.2812963838,1258961.9032452786
2025-04-29T16:00:00.000+0000,887414.2812963838,887414.2812963838,1259422.8001301787
2025-04-29T16:10:00.000+0000,887414.2812963838,887414.2812963838,1260578.3742790823
2025-04-29T16:20:00.000+0000,887414.2812963838,887414.2812963838,1263108.5814876067
2025-04-29T16:30:00.000+0000,887414.2812963838,887414.2812963838,1265221.831426721
2025-04-29T16:40:00.000+0000,887414.2812963838,887414.2812963838,1266487.3177220959
2025-04-29T16:50:00.000+0000,887414.2812963838,887414.2812963838,1260893.9770959492
2025-04-29T17:00:00.000+0000,887414.2812963838,887414.2812963838,1256522.305895655
2025-04-29T17:10:00.000+0000,887414.2812963838,887414.2812963838,1258853.8275052828
2025-04-29T17:20:00.000+0000,887414.2812963838,887414.2812963838,1263961.5311146996
2025-04-29T17:30:00.000+0000,887414.2812963838,887414.2812963838,1262890.038434447
2025-04-29T17:40:00.000+0000,887414.2812963838,887414.2812963838,1263448.382902667
2025-04-29T17:50:00.000+0000,887414.2812963838,887414.2812963838,1265230.5664530573
2025-04-29T18:00:00.000+0000,887414.2812963838,887414.2812963838,1263507.8184649996
2025-04-29T18:10:00.000+0000,887414.2812963838,887414.2812963838,1263803.7013536545
2025-04-29T18:20:00.000+0000,887414.2812963838,887414.2812963838,1265769.2898085013
2025-04-29T18:30:00.000+0000,887414.2812963838,887414.2812963838,1268048.499711417
2025-04-29T18:40:00.000+0000,887414.2812963838,887414.2812963838,1267963.3693639836
2025-04-29T18:50:00.000+0000,887414.2812963838,887414.2812963838,1268313.0941063769
2025-04-29T19:00:00.000+0000,887414.2812963838,887414.2812963838,1269226.5677416513
2025-04-29T19:10:00.000+0000,887414.2812963838,887414.2812963838,1267879.4098595195
2025-04-29T19:20:00.000+0000,887414.2812963838,887414.2812963838,1268447.0957085714
2025-04-29T19:30:00.000+0000,887414.2812963838,887414.2812963838,1266840.8000176689
2025-04-29T19:40:00.000+0000,887414.2812963838,887414.2812963838,1265996.666379515
2025-04-29T19:50:00.000+0000,887414.2812963838,887414.2812963838,1266541.9871196158
2025-04-29T20:00:00.000+0000,887414.2812963838,887414.2812963838,1264480.6995005275
2025-04-29T20:10:00.000+0000,887414.2812963838,887414.2812963838,1262015.8457962696
2025-04-29T20:20:00.000+0000,887414.2812963838,887414.2812963838,1261121.2760892573
2025-04-29T20:30:00.000+0000,887414.2812963838,887414.2812963838,1258763.864521058
2025-04-29T20:40:00.000+0000,887414.2812963838,887414.2812963838,1259371.068057271
2025-04-29T20:50:00.000+0000,887414.2812963838,887414.2812963838,1259438.8161956847
2025-04-29T21:00:00.000+0000,887414.2812963838,887414.2812963838,1258628.9084142374
2025-04-29T21:10:00.000+0000,887414.2812963838,887414.2812963838,1250563.686823567
2025-04-29T21:20:00.000+0000,887414.2812963838,887414.2812963838,1245545.911697736
2025-04-29T21:30:00.000+0000,887414.2812963838,887414.2812963838,1247171.1553608226
2025-04-29T21:40:00.000+0000,887414.2812963838,887414.2812963838,1249639.5728930475
2025-04-29T21:50:00.000+0000,887414.2812963838,887414.2812963838,1249791.7437347337
2025-04-29T22:00:00.000+0000,887414.2812963838,887414.2812963838,1247618.0641457767
2025-04-29T22:10:00.000+0000,887414.2812963838,887414.2812963838,1247502.4217266135
2025-04-29T22:20:00.000+0000,887414.2812963838,887414.2812963838,1245545.4688446312
2025-04-29T22:30:00.000+0000,887414.2812963838,887414.2812963838,1245960.0695091744
2025-04-29T22:40:00.000+0000,887414.2812963838,887414.2812963838,1244701.3403635507
2025-04-29T22:50:00.000+0000,887414.2812963838,887414.2812963838,1245290.8324145176
2025-04-29T23:00:00.000+0000,887414.2812963838,887414.2812963838,1241057.9549015006
2025-04-29T23:10:00.000+0000,887414.2812963838,887414.2812963838,1237946.3165924272
2025-04-29T23:20:00.000+0000,887414.2812963838,887414.2812963838,1238246.1061996906
2025-04-29T23:30:00.000+0000,887414.2812963838,887414.2812963838,1241537.6461154476
2025-04-29T23:40:00.000+0000,887414.2812963838,887414.2812963838,1243342.8681782132
2025-04-29T23:50:00.000+0000,887414.2812963838,887414.2812963838,1247585.0917181736
2025-04-30T00:00:00.000+0000,887414.2812963838,887414.2812963838,1246577.6622603901
2025-04-30T00:10:00.000+0000,887414.2812963838,887414.2812963838,1249298.5243185265
2025-04-30T00:20:00.000+0000,887414.2812963838,887414.2812963838,1249458.8027183102
2025-04-30T00:30:00.000+0000,887414.2812963838,887414.2812963838,1248926.8142469462
2025-04-30T00:40:00.000+0000,887414.2812963838,887414.2812963838,1250959.361722481
2025-04-30T00:50:00.000+0000,887414.2812963838,887414.2812963838,1250081.3859396726
2025-04-30T01:00:00.000+0000,887414.2812963838,887414.2812963838,1249298.0960515912
2025-04-30T01:10:00.000+0000,887414.2812963838,887414.2812963838,1246766.8936676453
2025-04-30T01:20:00.000+0000,887414.2812963838,887414.2812963838,1248524.059574732
2025-04-30T01:30:00.000+0000,887414.2812963838,887414.2812963838,1246565.560216936
2025-04-30T01:40:00.000+0000,887414.2812963838,887414.2812963838,1242490.8226684716
2025-04-30T01:50:00.000+0000,887414.2812963838,887414.2812963838,1242796.2583673592
2025-04-30T02:00:00.000+0000,887414.2812963838,887414.2812963838,1246829.4573872269
2025-04-30T02:10:00.000+0000,887414.2812963838,887414.2812963838,1247708.3854052634
2025-04-30T02:20:00.000+0000,887414.2812963838,887414.2812963838,1248591.6791986977
2025-04-30T02:30:00.000+0000,887414.2812963838,887414.2812963838,1247765.1533361122
2025-04-30T02:40:00.000+0000,887414.2812963838,887414.2812963838,1250192.2662218558
2025-04-30T02:50:00.000+0000,887414.2812963838,887414.2812963838,1252398.1219176922
2025-04-30T03:00:00.000+0000,887414.2812963838,887414.2812963838,1250545.5382714844
2025-04-30T03:10:00.000+0000,887414.2812963838,887414.2812963838,1249169.9707103816
2025-04-30T03:20:00.000+0000,887414.2812963838,887414.2812963838,1253667.5752865968
2025-04-30T03:30:00.000+0000,887414.2812963838,887414.2812963838,1253891.6363481674
2025-04-30T03:40:00.000+0000,887414.2812963838,887414.2812963838,1253856.5164324015
2025-04-30T03:50:00.000+0000,887414.2812963838,887414.2812963838,1255597.4350993684
2025-04-30T04:00:00.000+0000,887414.2812963838,887414.2812963838,1256913.172221243
2025-04-30T04:10:00.000+0000,887414.2812963838,887414.2812963838,1256610.1633877435
2025-04-30T04:20:00.000+0000,887414.2812963838,887414.2812963838,1256967.2003756934
2025-04-30T04:30:00.000+0000,887414.2812963838,887414.2812963838,1256293.7818313139
2025-04-30T04:40:00.000+0000,887414.2812963838,887414.2812963838,1255765.8415713557
2025-04-30T04:50:00.000+0000,887414.2812963838,887414.2812963838,1256799.5053610685
2025-04-30T05:00:00.000+0000,887414.2812963838,887414.2812963838,1255540.4214206245
2025-04-30T05:10:00.000+0000,887414.2812963838,887414.2812963838,1254893.8132404794
2025-04-30T05:20:00.000+0000,887414.2812963838,887414.2812963838,1254699.7157355058
2025-04-30T05:30:00.000+0000,887414.2812963838,887414.2812963838,1255031.4607507132
2025-04-30T05:40:00.000+0000,887414.2812963838,887414.2812963838,1253504.6221341356
2025-04-30T05:50:00.000+0000,887414.2812963838,887414.2812963838,1253997.9273844995
2025-04-30T06:00:00.000+0000,887414.2812963838,887414.2812963838,1253248.432745904
2025-04-30T06:10:00.000+0000,887414.2812963838,887414.2812963838,1253680.7470922333
2025-04-30T06:20:00.000+0000,887414.2812963838,887414.2812963838,1255677.2271110844
2025-04-30T06:30:00.000+0000,887414.2812963838,887414.2812963838,1255088.4241789507
2025-04-30T06:40:00.000+0000,887414.2812963838,887414.2812963838,1253959.1094906651
2025-04-30T06:50:00.000+0000,887414.2812963838,887414.2812963838,1253417.2554122447
2025-04-30T07:00:00.000+0000,887414.2812963838,887414.2812963838,1252335.4789851026
2025-04-30T07:10:00.000+0000,887414.2812963838,887414.2812963838,1253139.6515651578
2025-04-30T07:20:00.000+0000,887414.2812963838,887414.2812963838,1252899.6245566143
2025-04-30T07:30:00.000+0000,887414.2812963838,887414.2812963838,1249861.7117997305
2025-04-30T07:40:00.000+0000,887414.2812963838,887414.2812963838,1247209.7491412668
2025-04-30T07:50:00.000+0000,887414.2812963838,887414.2812963838,1246975.2403941648
2025-04-30T08:00:00.000+0000,887414.2812963838,887414.2812963838,1247430.4476771685
2025-04-30T08:10:00.000+0000,887414.2812963838,887414.2812963838,1249558.008083817
2025-04-30T08:20:00.000+0000,887414.2812963838,887414.2812963838,1249006.4065395258
2025-04-30T08:30:00.000+0000,887414.2812963838,887414.2812963838,1249275.4478113297
2025-04-30T08:40:00.000+0000,887414.2812963838,887414.2812963838,1249924.4691509495
2025-04-30T08:50:00.000+0000,887414.2812963838,887414.2812963838,1249771.6366662742
2025-04-30T09:00:00.000+0000,887414.2812963838,887414.2812963838,1251447.4832363073
2025-04-30T09:10:00.000+0000,887414.2812963838,887414.2812963838,1251548.7672481555
2025-04-30T09:20:00.000+0000,887414.2812963838,887414.2812963838,1252247.559808921
2025-04-30T09:30:00.000+0000,887414.2812963838,887414.2812963838,1254294.0697998214
2025-04-30T09:40:00.000+0000,887414.2812963838,887414.2812963838,1254750.8468738222
2025-04-30T09:50:00.000+0000,887414.2812963838,887414.2812963838,1254735.9964282252
2025-04-30T10:00:00.000+0000,887414.2812963838,887414.2812963838,1253646.3746998429
2025-04-30T10:10:00.000+0000,887414.2812963838,887414.2812963838,1254456.7063118462
2025-04-30T10:20:00.000+0000,887414.2812963838,887414.2812963838,1254615.3047513387
2025-04-30T10:30:00.000+0000,887414.2812963838,887414.2812963838,1254227.754900078
2025-04-30T10:40:00.000+0000,887414.2812963838,887414.2812963838,1256014.7878590524
2025-04-30T10:50:00.000+0000,887414.2812963838,887414.2812963838,1256572.162755073
2025-04-30T11:00:00.000+0000,887414.2812963838,887414.2812963838,1257125.0334143192
2025-04-30T11:10:00.000+0000,887414.2812963838,887414.2812963838,1256913.862523533
2025-04-30T11:20:00.000+0000,887414.2812963838,887414.2812963838,1257463.8892999275
2025-04-30T11:30:00.000+0000,887414.2812963838,887414.2812963838,1258155.0549752493
2025-04-30T11:40:00.000+0000,887414.2812963838,887414.2812963838,1258576.6020921178
2025-04-30T11:50:00.000+0000,887414.2812963838,887414.2812963838,1259393.8858884985
2025-04-30T12:00:00.000+0000,887414.2812963838,887414.2812963838,1258964.6143073062
2025-04-30T12:10:00.000+0000,887414.2812963838,887414.2812963838,1255960.0086870438
2025-04-30T12:20:00.000+0000,887414.2812963838,887414.2812963838,1251754.853648115
2025-04-30T12:30:00.000+0000,887414.2812963838,887414.2812963838,1242388.1536865514
2025-04-30T12:40:00.000+0000,887414.2812963838,887414.2812963838,1236658.425712639
2025-04-30T12:50:00.000+0000,887414.2812963838,887414.2812963838,1238564.3752500596
2025-04-30T13:00:00.000+0000,887414.2812963838,887414.2812963838,1233229.8301732074
2025-04-30T13:10:00.000+0000,887414.2812963838,887414.2812963838,1228265.614088823
2025-04-30T13:20:00.000+0000,887414.2812963838,887414.2812963838,1229026.317270121
2025-04-30T13:30:00.000+0000,887414.2812963838,887414.2812963838,1226710.935331505
2025-04-30T13:40:00.000+0000,887414.2812963838,887414.2812963838,1219050.1507136244
2025-04-30T13:50:00.000+0000,887414.2812963838,887414.2812963838,1212592.8171794792
2025-04-30T14:00:00.000+0000,887414.2812963838,887414.2812963838,1214931.9858627685
2025-04-30T14:10:00.000+0000,887414.2812963838,887414.2812963838,1216043.521795378
2025-04-30T14:20:00.000+0000,887414.2812963838,887414.2812963838,1219306.1946313952
2025-04-30T14:30:00.000+0000,887414.2812963838,887414.2812963838,1224486.3903601717
2025-04-30T14:40:00.000+0000,887414.2812963838,887414.2812963838,1223011.4479519879
2025-04-30T14:50:00.000+0000,887414.2812963838,887414.2812963838,1220243.6274122272
2025-04-30T15:00:00.000+0000,887414.2812963838,887414.2812963838,1225212.819318649
2025-04-30T15:10:00.000+0000,887414.2812963838,887414.2812963838,1226457.003167526
2025-04-30T15:20:00.000+0000,887414.2812963838,887414.2812963838,1224264.0108990944
2025-04-30T15:30:00.000+0000,887414.2812963838,887414.2812963838,1225502.381314167
2025-04-30T15:40:00.000+0000,887414.2812963838,887414.2812963838,1227416.3310936077
2025-04-30T15:50:00.000+0000,887414.2812963838,887414.2812963838,1226572.327812966
2025-04-30T16:00:00.000+0000,887414.2812963838,887414.2812963838,1223311.5756669072
2025-04-30T16:10:00.000+0000,887414.2812963838,887414.2812963838,1221301.6180752912
2025-04-30T16:20:00.000+0000,887414.2812963838,887414.2812963838,1221577.2009322967
2025-04-30T16:30:00.000+0000,887414.2812963838,887414.2812963838,1223952.149979114
2025-04-30T16:40:00.000+0000,887414.2812963838,887414.2812963838,1229124.6628516584
2025-04-30T16:50:00.000+0000,887414.2812963838,887414.2812963838,1228469.1239400266
2025-04-30T17:00:00.000+0000,887414.2812963838,887414.2812963838,1227644.5548285125
2025-04-30T17:10:00.000+0000,887414.2812963838,887414.2812963838,1226775.2949402058
2025-04-30T17:20:00.000+0000,887414.2812963838,887414.2812963838,1227963.1653348992
2025-04-30T17:30:00.000+0000,887414.2812963838,887414.2812963838,1231557.082756487
2025-04-30T17:40:00.000+0000,887414.2812963838,887414.2812963838,1234919.0437134013
2025-04-30T17:50:00.000+0000,887414.2812963838,887414.2812963838,1237087.2207405092
2025-04-30T18:00:00.000+0000,887414.2812963838,887414.2812963838,1236559.4495516082
2025-04-30T18:10:00.000+0000,887414.2812963838,887414.2812963838,1243009.59902178
2025-04-30T18:20:00.000+0000,887414.2812963838,887414.2812963838,1240033.3541029661
2025-04-30T18:30:00.000+0000,887414.2812963838,887414.2812963838,1239371.7041355958
2025-04-30T18:40:00.000+0000,887414.2812963838,887414.2812963838,1238293.646614075
2025-04-30T18:50:00.000+0000,887414.2812963838,887414.2812963838,1240971.5394273724
2025-04-30T19:00:00.000+0000,887414.2812963838,887414.2812963838,1241484.5203040955
2025-04-30T19:10:00.000+0000,887414.2812963838,887414.2812963838,1239817.5165510087
2025-04-30T19:20:00.000+0000,887414.2812963838,887414.2812963838,1235952.5704308785
2025-04-30T19:30:00.000+0000,887414.2812963838,887414.2812963838,1236333.884140148
2025-04-30T19:40:00.000+0000,887414.2812963838,887414.2812963838,1238159.7524441138
2025-04-30T19:50:00.000+0000,887414.2812963838,887414.2812963838,1242548.5522891562
2025-04-30T20:00:00.000+0000,887414.2812963838,887414.2812963838,1242657.6867524476
2025-04-30T20:10:00.000+0000,887414.2812963838,887414.2812963838,1250440.6561318152
2025-04-30T20:20:00.000+0000,887414.2812963838,887414.2812963838,1252481.0967528254
2025-04-30T20:30:00.000+0000,887414.2812963838,887414.2812963838,1251469.3080501482
2025-04-30T20:40:00.000+0000,887414.2812963838,887414.2812963838,1250912.1570213572
2025-04-30T20:50:00.000+0000,887414.2812963838,887414.2812963838,1250092.9653558822
2025-04-30T21:00:00.000+0000,887414.2812963838,887414.2812963838,1250347.9310917803
2025-04-30T21:10:00.000+0000,887414.2812963838,887414.2812963838,1249043.0186685824
2025-04-30T21:20:00.000+0000,887414.2812963838,887414.2812963838,1250459.9113469734
2025-04-30T21:30:00.000+0000,887414.2812963838,887414.2812963838,1249243.656107638
2025-04-30T21:40:00.000+0000,887414.2812963838,887414.2812963838,1249190.3922681133
2025-04-30T21:50:00.000+0000,887414.2812963838,887414.2812963838,1246972.2311992405
2025-04-30T22:00:00.000+0000,887414.2812963838,887414.2812963838,1249693.701406737
2025-04-30T22:10:00.000+0000,887414.2812963838,887414.2812963838,1250757.7509571416
2025-04-30T22:20:00.000+0000,887414.2812963838,887414.2812963838,1249483.3462470523
2025-04-30T22:30:00.000+0000,887414.2812963838,887414.2812963838,1248018.4800108871
2025-04-30T22:40:00.000+0000,887414.2812963838,887414.2812963838,1246212.279799494
2025-04-30T22:50:00.000+0000,887414.2812963838,887414.2812963838,1246618.927046298
2025-04-30T23:00:00.000+0000,887414.2812963838,887414.2812963838,1248061.8361153551
2025-04-30T23:10:00.000+0000,887414.2812963838,887414.2812963838,1251150.8026110525
2025-04-30T23:20:00.000+0000,887414.2812963838,887414.2812963838,1250647.0118920372
2025-04-30T23:30:00.000+0000,887414.2812963838,887414.2812963838,1251632.1759522725
2025-04-30T23:40:00.000+0000,887414.2812963838,887414.2812963838,1250457.9449688448
2025-04-30T23:50:00.000+0000,887414.2812963838,887414.2812963838,1250148.2597266943
2025-05-01T00:00:00.000+0000,887414.2812963838,887414.2812963838,1250402.5012730418
2025-05-01T00:10:00.000+0000,887414.2812963838,887414.2812963838,1251928.9857790647
2025-05-01T00:20:00.000+0000,887414.2812963838,887414.2812963838,1252339.0514947376
2025-05-01T00:30:00.000+0000,887414.2812963838,887414.2812963838,1250850.8005297764
2025-05-01T00:40:00.000+0000,887414.2812963838,887414.2812963838,1252094.5295120834
2025-05-01T00:50:00.000+0000,887414.2812963838,887414.2812963838,1252407.095945672
2025-05-01T01:00:00.000+0000,887414.2812963838,887414.2812963838,1254038.8298259831
2025-05-01T01:10:00.000+0000,887414.2812963838,887414.2812963838,1255492.1602979847
2025-05-01T01:20:00.000+0000,887414.2812963838,887414.2812963838,1256732.6958670095
2025-05-01T01:30:00.000+0000,887414.2812963838,887414.2812963838,1257647.1918178606
2025-05-01T01:40:00.000+0000,887414.2812963838,887414.2812963838,1256743.8078074872
2025-05-01T01:50:00.000+0000,887414.2812963838,887414.2812963838,1257777.3807881137
2025-05-01T02:00:00.000+0000,887414.2812963838,887414.2812963838,1259789.5270014508
2025-05-01T02:10:00.000+0000,887414.2812963838,887414.2812963838,1261189.370024629
2025-05-01T02:20:00.000+0000,887414.2812963838,887414.2812963838,1262494.8062063877
2025-05-01T02:30:00.000+0000,887414.2812963838,887414.2812963838,1263291.4533412794
2025-05-01T02:40:00.000+0000,887414.2812963838,887414.2812963838,1262315.7415449938
2025-05-01T02:50:00.000+0000,887414.2812963838,887414.2812963838,1259970.9502358786
2025-05-01T03:00:00.000+0000,887414.2812963838,887414.2812963838,1260558.9408768774
2025-05-01T03:10:00.000+0000,887414.2812963838,887414.2812963838,1259239.8961465638
2025-05-01T03:20:00.000+0000,887414.2812963838,887414.2812963838,1260088.1660612784
2025-05-01T03:30:00.000+0000,887414.2812963838,887414.2812963838,1259374.6634617725
2025-05-01T03:40:00.000+0000,887414.2812963838,887414.2812963838,1259765.8621383063
2025-05-01T03:50:00.000+0000,887414.2812963838,887414.2812963838,1259359.4905234838
2025-05-01T04:00:00.000+0000,887414.2812963838,887414.2812963838,1258798.3279440373
2025-05-01T04:10:00.000+0000,887414.2812963838,887414.2812963838,1257701.665598905
2025-05-01T04:20:00.000+0000,887414.2812963838,887414.2812963838,1257561.8596158377
2025-05-01T04:30:00.000+0000,887414.2812963838,887414.2812963838,1257434.5950233757
2025-05-01T04:40:00.000+0000,887414.2812963838,887414.2812963838,1258502.5701780631
2025-05-01T04:50:00.000+0000,887414.2812963838,887414.2812963838,1258983.4074666377
2025-05-01T05:00:00.000+0000,887414.2812963838,887414.2812963838,1258342.3521923178
2025-05-01T05:10:00.000+0000,887414.2812963838,887414.2812963838,1259955.7405226533
2025-05-01T05:20:00.000+0000,887414.2812963838,887414.2812963838,1259841.8964146986
2025-05-01T05:30:00.000+0000,887414.2812963838,887414.2812963838,1259948.890606566
2025-05-01T05:40:00.000+0000,887414.2812963838,887414.2812963838,1261936.6769719291
2025-05-01T05:50:00.000+0000,887414.2812963838,887414.2812963838,1262563.2700081996
2025-05-01T06:00:00.000+0000,887414.2812963838,887414.2812963838,1262112.1725045377
2025-05-01T06:10:00.000+0000,887414.2812963838,887414.2812963838,1260651.3647506256
2025-05-01T06:20:00.000+0000,887414.2812963838,887414.2812963838,1260677.9148034828
2025-05-01T06:30:00.000+0000,887414.2812963838,887414.2812963838,1260074.2426424935
2025-05-01T06:40:00.000+0000,887414.2812963838,887414.2812963838,1258306.4574810476
2025-05-01T06:50:00.000+0000,887414.2812963838,887414.2812963838,1259427.5116159355
2025-05-01T07:00:00.000+0000,887414.2812963838,887414.2812963838,1257855.127249168
2025-05-01T07:10:00.000+0000,887414.2812963838,887414.2812963838,1259949.074708768
2025-05-01T07:20:00.000+0000,887414.2812963838,887414.2812963838,1260341.573926176
2025-05-01T07:30:00.000+0000,887414.2812963838,887414.2812963838,1262271.763886483
2025-05-01T07:40:00.000+0000,887414.2812963838,887414.2812963838,1264204.3227821696
2025-05-01T07:50:00.000+0000,887414.2812963838,887414.2812963838,1264680.856025669
2025-05-01T08:00:00.000+0000,887414.2812963838,887414.2812963838,1263737.0985927158
2025-05-01T08:10:00.000+0000,887414.2812963838,887414.2812963838,1264700.5019845446
2025-05-01T08:20:00.000+0000,887414.2812963838,887414.2812963838,1268379.176396989
2025-05-01T08:30:00.000+0000,887414.2812963838,887414.2812963838,1268307.0428836802
2025-05-01T08:40:00.000+0000,887414.2812963838,887414.2812963838,1268086.4591267547
2025-05-01T08:50:00.000+0000,887414.2812963838,887414.2812963838,1268763.0998805915
2025-05-01T09:00:00.000+0000,887414.2812963838,887414.2812963838,1268385.1708602463
2025-05-01T09:10:00.000+0000,887414.2812963838,887414.2812963838,1268069.914907637
2025-05-01T09:20:00.000+0000,887414.2812963838,887414.2812963838,1270196.5919641778
2025-05-01T09:30:00.000+0000,887414.2812963838,887414.2812963838,1270624.6953370455
2025-05-01T09:40:00.000+0000,887414.2812963838,887414.2812963838,1273661.5875849875
2025-05-01T09:50:00.000+0000,887414.2812963838,887414.2812963838,1272669.6391729058
2025-05-01T10:00:00.000+0000,887414.2812963838,887414.2812963838,1273743.4803837182
2025-05-01T10:10:00.000+0000,887414.2812963838,887414.2812963838,1273947.5853193342
2025-05-01T10:20:00.000+0000,887414.2812963838,887414.2812963838,1280461.1998026734
2025-05-01T10:30:00.000+0000,887414.2812963838,887414.2812963838,1280305.734072966
2025-05-01T10:40:00.000+0000,887414.2812963838,887414.2812963838,1279054.9251125273
2025-05-01T10:50:00.000+0000,887414.2812963838,887414.2812963838,1281097.7903177578
2025-05-01T11:00:00.000+0000,887414.2812963838,887414.2812963838,1284302.1560849082
2025-05-01T11:10:00.000+0000,887414.2812963838,887414.2812963838,1283639.850345445
2025-05-01T11:20:00.000+0000,887414.2812963838,887414.2812963838,1280041.1520882472
2025-05-01T11:30:00.000+0000,887414.2812963838,887414.2812963838,1281103.7448131256
2025-05-01T11:40:00.000+0000,887414.2812963838,887414.2812963838,1282795.2057833346
2025-05-01T11:50:00.000+0000,887414.2812963838,887414.2812963838,1283056.8642202425
2025-05-01T12:00:00.000+0000,887414.2812963838,887414.2812963838,1282333.2846620367
2025-05-01T12:10:00.000+0000,887414.2812963838,887414.2812963838,1282853.6924126777
2025-05-01T12:20:00.000+0000,887414.2812963838,887414.2812963838,1282626.6795801297
2025-05-01T12:30:00.000+0000,887414.2812963838,887414.2812963838,1281488.8898116383
2025-05-01T12:40:00.000+0000,887414.2812963838,887414.2812963838,1284854.767794437
2025-05-01T12:50:00.000+0000,887414.2812963838,887414.2812963838,1285558.7024019503
2025-05-01T13:00:00.000+0000,887414.2812963838,887414.2812963838,1285074.1544671352
2025-05-01T13:10:00.000+0000,887414.2812963838,887414.2812963838,1286534.3795174235
2025-05-01T13:20:00.000+0000,887414.2812963838,887414.2812963838,1287016.7131681792
2025-05-01T13:30:00.000+0000,887414.2812963838,887414.2812963838,1279876.8327440727
2025-05-01T13:40:00.000+0000,887414.2812963838,887414.2812963838,1277521.359504033
2025-05-01T13:50:00.000+0000,887414.2812963838,887414.2812963838,1274178.0009940164
2025-05-01T14:00:00.000+0000,887414.2812963838,887414.2812963838,1278004.4601043588
2025-05-01T14:10:00.000+0000,887414.2812963838,887414.2812963838,1279396.3702947912
2025-05-01T14:20:00.000+0000,887414.2812963838,887414.2812963838,1283660.5971969457
2025-05-01T14:30:00.000+0000,887414.2812963838,887414.2812963838,1282418.4172473392
2025-05-01T14:40:00.000+0000,887414.2812963838,887414.2812963838,1284122.1027352975
2025-05-01T14:50:00.000+0000,887414.2812963838,887414.2812963838,1286558.341562427
2025-05-01T15:00:00.000+0000,887414.2812963838,887414.2812963838,1289600.8602769845
2025-05-01T15:10:00.000+0000,887414.2812963838,887414.2812963838,1296030.456212322
2025-05-01T15:20:00.000+0000,887414.2812963838,887414.2812963838,1294367.9650942348
2025-05-01T15:30:00.000+0000,887414.2812963838,887414.2812963838,1292424.3421751629
2025-05-01T15:40:00.000+0000,887414.2812963838,887414.2812963838,1290225.1286039406
2025-05-01T15:50:00.000+0000,887414.2812963838,887414.2812963838,1287313.8914997517
2025-05-01T16:00:00.000+0000,887414.2812963838,887414.2812963838,1289385.1521512596
2025-05-01T16:10:00.000+0000,887414.2812963838,887414.2812963838,1288374.2077612267
2025-05-01T16:20:00.000+0000,887414.2812963838,887414.2812963838,1289447.833683208
2025-05-01T16:30:00.000+0000,887414.2812963838,887414.2812963838,1293500.4006828142
2025-05-01T16:40:00.000+0000,887414.2812963838,887414.2812963838,1293124.1649318978
2025-05-01T16:50:00.000+0000,887414.2812963838,887414.2812963838,1289649.4360847806
2025-05-01T17:00:00.000+0000,887414.2812963838,887414.2812963838,1289138.5106987774
2025-05-01T17:10:00.000+0000,887414.2812963838,887414.2812963838,1291078.8544019386
2025-05-01T17:20:00.000+0000,887414.2812963838,887414.2812963838,1288913.5134186184
2025-05-01T17:30:00.000+0000,887414.2812963838,887414.2812963838,1285597.383004123
2025-05-01T17:40:00.000+0000,887414.2812963838,887414.2812963838,1283044.8869026934
2025-05-01T17:50:00.000+0000,887414.2812963838,887414.2812963838,1285430.5690406498
2025-05-01T18:00:00.000+0000,887414.2812963838,887414.2812963838,1285216.0406719819
2025-05-01T18:10:00.000+0000,887414.2812963838,887414.2812963838,1281305.3218252545
2025-05-01T18:20:00.000+0000,887414.2812963838,887414.2812963838,1280737.885188723
2025-05-01T18:30:00.000+0000,887414.2812963838,887414.2812963838,1281392.8812119283
2025-05-01T18:40:00.000+0000,887414.2812963838,887414.2812963838,1283969.6112815286
2025-05-01T18:50:00.000+0000,887414.2812963838,887414.2812963838,1285830.636408171
2025-05-01T19:00:00.000+0000,887414.2812963838,887414.2812963838,1282854.5033510996
2025-05-01T19:10:00.000+0000,887414.2812963838,887414.2812963838,1280959.4812118802
2025-05-01T19:20:00.000+0000,887414.2812963838,887414.2812963838,1281708.1023104223
2025-05-01T19:30:00.000+0000,887414.2812963838,887414.2812963838,1282500.822538488
2025-05-01T19:40:00.000+0000,887414.2812963838,887414.2812963838,1281144.7231361899
2025-05-01T19:50:00.000+0000,887414.2812963838,887414.2812963838,1279121.9489099216
2025-05-01T20:00:00.000+0000,887414.2812963838,887414.2812963838,1276773.5467821255
2025-05-01T20:10:00.000+0000,887414.2812963838,887414.2812963838,1278881.960327434
2025-05-01T20:20:00.000+0000,887414.2812963838,887414.2812963838,1281448.583369175
2025-05-01T20:30:00.000+0000,887414.2812963838,887414.2812963838,1278197.5150386975
2025-05-01T20:40:00.000+0000,887414.2812963838,887414.2812963838,1277888.7067283671
2025-05-01T20:50:00.000+0000,887414.2812963838,887414.2812963838,1277156.4972653326
2025-05-01T21:00:00.000+0000,887414.2812963838,887414.2812963838,1278355.0021257033
2025-05-01T21:10:00.000+0000,887414.2812963838,887414.2812963838,1281512.273283267
2025-05-01T21:20:00.000+0000,887414.2812963838,887414.2812963838,1280921.0588359076
2025-05-01T21:30:00.000+0000,887414.2812963838,887414.2812963838,1279418.4672022783
2025-05-01T21:40:00.000+0000,887414.2812963838,887414.2812963838,1281184.7359934987
2025-05-01T21:50:00.000+0000,887414.2812963838,887414.2812963838,1280340.3748570583
2025-05-01T22:00:00.000+0000,887414.2812963838,887414.2812963838,1278872.7783286613
2025-05-01T22:10:00.000+0000,887414.2812963838,887414.2812963838,1280664.2401728022
2025-05-01T22:20:00.000+0000,887414.2812963838,887414.2812963838,1279892.3164737355
2025-05-01T22:30:00.000+0000,887414.2812963838,887414.2812963838,1277536.7657997343
2025-05-01T22:40:00.000+0000,887414.2812963838,887414.2812963838,1277516.541112822
2025-05-01T22:50:00.000+0000,887414.2812963838,887414.2812963838,1277542.8441201407
2025-05-01T23:00:00.000+0000,887414.2812963838,887414.2812963838,1276233.6431871043
2025-05-01T23:10:00.000+0000,887414.2812963838,887414.2812963838,1276337.5983659485
2025-05-01T23:20:00.000+0000,887414.2812963838,887414.2812963838,1279106.940072661
2025-05-01T23:30:00.000+0000,887414.2812963838,887414.2812963838,1276453.545039965
2025-05-01T23:40:00.000+0000,887414.2812963838,887414.2812963838,1276925.002918427
2025-05-01T23:50:00.000+0000,887414.2812963838,887414.2812963838,1278968.6940114195
2025-05-02T00:00:00.000+0000,887414.2812963838,887414.2812963838,1279144.6061282873
2025-05-02T00:10:00.000+0000,887414.2812963838,887414.2812963838,1279424.9810339466
2025-05-02T00:20:00.000+0000,887414.2812963838,887414.2812963838,1281389.3823534653
2025-05-02T00:30:00.000+0000,887414.2812963838,887414.2812963838,1282554.3414594599
2025-05-02T00:40:00.000+0000,887414.2812963838,887414.2812963838,1282620.976431882
2025-05-02T00:50:00.000+0000,887414.2812963838,887414.2812963838,1284517.748791914
2025-05-02T01:00:00.000+0000,887414.2812963838,887414.2812963838,1285748.6807528078
2025-05-02T01:10:00.000+0000,887414.2812963838,887414.2812963838,1284114.7669089022
2025-05-02T01:20:00.000+0000,887414.2812963838,887414.2812963838,1284117.5208106777
2025-05-02T01:30:00.000+0000,887414.2812963838,887414.2812963838,1282115.2802155856
2025-05-02T01:40:00.000+0000,887414.2812963838,887414.2812963838,1279865.6151475844
2025-05-02T01:50:00.000+0000,887414.2812963838,887414.2812963838,1280759.6623572495
2025-05-02T02:00:00.000+0000,887414.2812963838,887414.2812963838,1279425.833473144
2025-05-02T02:10:00.000+0000,887414.2812963838,887414.2812963838,1279903.152293957
2025-05-02T02:20:00.000+0000,887414.2812963838,887414.2812963838,1281720.954641047
2025-05-02T02:30:00.000+0000,887414.2812963838,887414.2812963838,1283498.1771426136
2025-05-02T02:40:00.000+0000,887414.2812963838,887414.2812963838,1282658.5333943549
2025-05-02T02:50:00.000+0000,887414.2812963838,887414.2812963838,1283353.6175782774
2025-05-02T03:00:00.000+0000,887414.2812963838,887414.2812963838,1283135.8785982004
2025-05-02T03:10:00.000+0000,887414.2812963838,887414.2812963838,1282134.4308103984
2025-05-02T03:20:00.000+0000,887414.2812963838,887414.2812963838,1281511.139584528
2025-05-02T03:30:00.000+0000,887414.2812963838,887414.2812963838,1283634.2986773993
2025-05-02T03:40:00.000+0000,887414.2812963838,887414.2812963838,1284062.177966435
2025-05-02T03:50:00.000+0000,887414.2812963838,887414.2812963838,1284547.9486595865
2025-05-02T04:00:00.000+0000,887414.2812963838,887414.2812963838,1283853.4212206188
2025-05-02T04:10:00.000+0000,887414.2812963838,887414.2812963838,1283374.2174215307
2025-05-02T04:20:00.000+0000,887414.2812963838,887414.2812963838,1284292.5515593458
2025-05-02T04:30:00.000+0000,887414.2812963838,887414.2812963838,1281918.5662551601
2025-05-02T04:40:00.000+0000,887414.2812963838,887414.2812963838,1280257.7304363383
2025-05-02T04:50:00.000+0000,887414.2812963838,887414.2812963838,1280490.8026967472
2025-05-02T05:00:00.000+0000,887414.2812963838,887414.2812963838,1280677.9141714117
2025-05-02T05:10:00.000+0000,887414.2812963838,887414.2812963838,1277766.9114583302
2025-05-02T05:20:00.000+0000,887414.2812963838,887414.2812963838,1276994.7996587867
2025-05-02T05:30:00.000+0000,887414.2812963838,887414.2812963838,1277388.215536614
2025-05-02T05:40:00.000+0000,887414.2812963838,887414.2812963838,1277957.3566920466
2025-05-02T05:50:00.000+0000,887414.2812963838,887414.2812963838,1275368.8850171897
2025-05-02T06:00:00.000+0000,887414.2812963838,887414.2812963838,1273941.111511848
2025-05-02T06:10:00.000+0000,887414.2812963838,887414.2812963838,1274482.5496834042
2025-05-02T06:20:00.000+0000,887414.2812963838,887414.2812963838,1273486.2282338105
2025-05-02T06:30:00.000+0000,887414.2812963838,887414.2812963838,1274858.6362639915
2025-05-02T06:40:00.000+0000,887414.2812963838,887414.2812963838,1271920.2666632228
2025-05-02T06:50:00.000+0000,887414.2812963838,887414.2812963838,1273187.925719194
2025-05-02T07:00:00.000+0000,887414.2812963838,887414.2812963838,1270512.3766466007
2025-05-02T07:10:00.000+0000,887414.2812963838,887414.2812963838,1269814.0403986932
2025-05-02T07:20:00.000+0000,887414.2812963838,887414.2812963838,1271829.573467936
2025-05-02T07:30:00.000+0000,887414.2812963838,887414.2812963838,1268573.0110329508
2025-05-02T07:40:00.000+0000,887414.2812963838,887414.2812963838,1267810.459426812
2025-05-02T07:50:00.000+0000,887414.2812963838,887414.2812963838,1267794.7782307395
2025-05-02T08:00:00.000+0000,887414.2812963838,887414.2812963838,1267272.4881679968
2025-05-02T08:10:00.000+0000,887414.2812963838,887414.2812963838,1269966.1006447515
2025-05-02T08:20:00.000+0000,887414.2812963838,887414.2812963838,1272065.029845484
2025-05-02T08:30:00.000+0000,887414.2812963838,887414.2812963838,1271429.7471608706
2025-05-02T08:40:00.000+0000,887414.2812963838,887414.2812963838,1273403.476479226
2025-05-02T08:50:00.000+0000,887414.2812963838,887414.2812963838,1272118.1035612957
2025-05-02T09:00:00.000+0000,887414.2812963838,887414.2812963838,1271162.0649417983
2025-05-02T09:10:00.000+0000,887414.2812963838,887414.2812963838,1274342.2112245322
2025-05-02T09:20:00.000+0000,887414.2812963838,887414.2812963838,1272968.7085241291
2025-05-02T09:30:00.000+0000,887414.2812963838,887414.2812963838,1272948.089133624
2025-05-02T09:40:00.000+0000,887414.2812963838,887414.2812963838,1272796.204922331
2025-05-02T09:50:00.000+0000,887414.2812963838,887414.2812963838,1272503.8542004805
2025-05-02T10:00:00.000+0000,887414.2812963838,887414.2812963838,1272743.6713647558
2025-05-02T10:10:00.000+0000,887414.2812963838,887414.2812963838,1274987.5590896236
2025-05-02T10:20:00.000+0000,887414.2812963838,887414.2812963838,1274811.6118174102
2025-05-02T10:30:00.000+0000,887414.2812963838,887414.2812963838,1276168.8691158572
2025-05-02T10:40:00.000+0000,887414.2812963838,887414.2812963838,1276087.0102270748
2025-05-02T10:50:00.000+0000,887414.2812963838,887414.2812963838,1276272.6355395182
2025-05-02T11:00:00.000+0000,887414.2812963838,887414.2812963838,1277878.332991561
2025-05-02T11:10:00.000+0000,887414.2812963838,887414.2812963838,1278203.4879708246
2025-05-02T11:20:00.000+0000,887414.2812963838,887414.2812963838,1280051.8909293322
2025-05-02T11:30:00.000+0000,887414.2812963838,887414.2812963838,1278637.5301581088
2025-05-02T11:40:00.000+0000,887414.2812963838,887414.2812963838,1278941.8343094224
2025-05-02T11:50:00.000+0000,887414.2812963838,887414.2812963838,1280216.5021476778
2025-05-02T12:00:00.000+0000,887414.2812963838,887414.2812963838,1280218.2247242436
2025-05-02T12:10:00.000+0000,887414.2812963838,887414.2812963838,1277637.650475726
2025-05-02T12:20:00.000+0000,887414.2812963838,887414.2812963838,1277292.6342556265
2025-05-02T12:30:00.000+0000,887414.2812963838,887414.2812963838,1273446.840254355
2025-05-02T12:40:00.000+0000,887414.2812963838,887414.2812963838,1277974.9453584678
2025-05-02T12:50:00.000+0000,887414.2812963838,887414.2812963838,1281040.0455882768
2025-05-02T13:00:00.000+0000,887414.2812963838,887414.2812963838,1280575.9899709062
2025-05-02T13:10:00.000+0000,887414.2812963838,887414.2812963838,1278141.305903629
2025-05-02T13:20:00.000+0000,887414.2812963838,887414.2812963838,1279612.322737088
2025-05-02T13:30:00.000+0000,887414.2812963838,887414.2812963838,1277513.2247596576
2025-05-02T13:40:00.000+0000,887414.2812963838,887414.2812963838,1278322.5281369886
2025-05-02T13:50:00.000+0000,887414.2812963838,887414.2812963838,1278559.6316321795
2025-05-02T14:00:00.000+0000,887414.2812963838,887414.2812963838,1281226.1294534171
2025-05-02T14:10:00.000+0000,887414.2812963838,887414.2812963838,1281157.5738570236
2025-05-02T14:20:00.000+0000,887414.2812963838,887414.2812963838,1283543.9552773447
2025-05-02T14:30:00.000+0000,887414.2812963838,887414.2812963838,1284289.8713443177
2025-05-02T14:40:00.000+0000,887414.2812963838,887414.2812963838,1285348.316823782
2025-05-02T14:50:00.000+0000,887414.2812963838,887414.2812963838,1287912.8611620357
2025-05-02T15:00:00.000+0000,887414.2812963838,887414.2812963838,1285825.8058558097
2025-05-02T15:10:00.000+0000,887414.2812963838,887414.2812963838,1284878.9141643676
2025-05-02T15:20:00.000+0000,887414.2812963838,887414.2812963838,1278386.7911652985
2025-05-02T15:30:00.000+0000,887414.2812963838,887414.2812963838,1279808.2600698625
2025-05-02T15:40:00.000+0000,887414.2812963838,887414.2812963838,1282108.0876639644
2025-05-02T15:50:00.000+0000,887414.2812963838,887414.2812963838,1280936.4861025673
2025-05-02T16:00:00.000+0000,887414.2812963838,887414.2812963838,1282279.7021836028
2025-05-02T16:10:00.000+0000,887414.2812963838,887414.2812963838,1290306.2692441023
2025-05-02T16:20:00.000+0000,887414.2812963838,887414.2812963838,1289575.7886528936
2025-05-02T16:30:00.000+0000,887414.2812963838,887414.2812963838,1288911.308141368
2025-05-02T16:40:00.000+0000,887414.2812963838,887414.2812963838,1286967.9946342227
2025-05-02T16:50:00.000+0000,887414.2812963838,887414.2812963838,1284362.536420793
2025-05-02T17:00:00.000+0000,887414.2812963838,887414.2812963838,1279616.1697732692
2025-05-02T17:10:00.000+0000,887414.2812963838,887414.2812963838,1279073.3053858671
2025-05-02T17:20:00.000+0000,887414.2812963838,887414.2812963838,1282181.6424546186
2025-05-02T17:30:00.000+0000,887414.2812963838,887414.2812963838,1283175.079284578
2025-05-02T17:40:00.000+0000,887414.2812963838,887414.2812963838,1281248.6432710513
2025-05-02T17:50:00.000+0000,887414.2812963838,887414.2812963838,1281670.7865306851
2025-05-02T18:00:00.000+0000,887414.2812963838,887414.2812963838,1283694.7737712224
2025-05-02T18:10:00.000+0000,887414.2812963838,887414.2812963838,1284329.4842829609
2025-05-02T18:20:00.000+0000,887414.2812963838,887414.2812963838,1284114.6127657206
2025-05-02T18:30:00.000+0000,887414.2812963838,887414.2812963838,1284334.0042715736
2025-05-02T18:40:00.000+0000,887414.2812963838,887414.2812963838,1284462.0687222416
2025-05-02T18:50:00.000+0000,887414.2812963838,887414.2812963838,1280923.6318442512
2025-05-02T19:00:00.000+0000,887414.2812963838,887414.2812963838,1278877.9634880514
2025-05-02T19:10:00.000+0000,887414.2812963838,887414.2812963838,1276089.4852272747
2025-05-02T19:20:00.000+0000,887414.2812963838,887414.2812963838,1277724.8702022568
2025-05-02T19:30:00.000+0000,887414.2812963838,887414.2812963838,1274626.906416496
2025-05-02T19:40:00.000+0000,887414.2812963838,887414.2812963838,1270973.499542171
2025-05-02T19:50:00.000+0000,887414.2812963838,887414.2812963838,1272417.4543197453
2025-05-02T20:00:00.000+0000,887414.2812963838,887414.2812963838,1271718.0233602866
2025-05-02T20:10:00.000+0000,887414.2812963838,887414.2812963838,1274295.480543542
2025-05-02T20:20:00.000+0000,887414.2812963838,887414.2812963838,1273763.4327736392
2025-05-02T20:30:00.000+0000,887414.2812963838,887414.2812963838,1274911.6014862861
2025-05-02T20:40:00.000+0000,887414.2812963838,887414.2812963838,1275584.194172462
2025-05-02T20:50:00.000+0000,887414.2812963838,887414.2812963838,1275576.9695312683
2025-05-02T21:00:00.000+0000,887414.2812963838,887414.2812963838,1275438.0139463735
2025-05-02T21:10:00.000+0000,887414.2812963838,887414.2812963838,1275270.4928772897
2025-05-02T21:20:00.000+0000,887414.2812963838,887414.2812963838,1274391.6623741158
2025-05-02T21:30:00.000+0000,887414.2812963838,887414.2812963838,1273820.698433493
2025-05-02T21:40:00.000+0000,887414.2812963838,887414.2812963838,1269957.6823141845
2025-05-02T21:50:00.000+0000,887414.2812963838,887414.2812963838,1268788.9151199441
2025-05-02T22:00:00.000+0000,887414.2812963838,887414.2812963838,1269335.2617111332
2025-05-02T22:10:00.000+0000,887414.2812963838,887414.2812963838,1269384.5677879916
2025-05-02T22:20:00.000+0000,887414.2812963838,887414.2812963838,1270195.6644405143
2025-05-02T22:30:00.000+0000,887414.2812963838,887414.2812963838,1270081.790010369
2025-05-02T22:40:00.000+0000,887414.2812963838,887414.2812963838,1269606.16211183
2025-05-02T22:50:00.000+0000,887414.2812963838,887414.2812963838,1269933.7691511575
2025-05-02T23:00:00.000+0000,887414.2812963838,887414.2812963838,1270183.0476323143
2025-05-02T23:10:00.000+0000,887414.2812963838,887414.2812963838,1271574.3215910357
2025-05-02T23:20:00.000+0000,887414.2812963838,887414.2812963838,1271091.6630226756
2025-05-02T23:30:00.000+0000,887414.2812963838,887414.2812963838,1271668.3078430512
2025-05-02T23:40:00.000+0000,887414.2812963838,887414.2812963838,1272856.2039069538
2025-05-02T23:50:00.000+0000,887414.2812963838,887414.2812963838,1272675.6485809726
2025-05-03T00:00:00.000+0000,887414.2812963838,887414.2812963838,1273610.4060232306
2025-05-03T00:10:00.000+0000,887414.2812963838,887414.2812963838,1273870.7387245886
2025-05-03T00:20:00.000+0000,887414.2812963838,887414.2812963838,1272680.130540305
2025-05-03T00:30:00.000+0000,887414.2812963838,887414.2812963838,1273026.3030349917
2025-05-03T00:40:00.000+0000,887414.2812963838,887414.2812963838,1271579.8897081786
2025-05-03T00:50:00.000+0000,887414.2812963838,887414.2812963838,1271075.810666322
2025-05-03T01:00:00.000+0000,887414.2812963838,887414.2812963838,1270366.590062822
2025-05-03T01:10:00.000+0000,887414.2812963838,887414.2812963838,1269360.7517794806
2025-05-03T01:20:00.000+0000,887414.2812963838,887414.2812963838,1269985.6687513187
2025-05-03T01:30:00.000+0000,887414.2812963838,887414.2812963838,1267908.1823792818
2025-05-03T01:40:00.000+0000,887414.2812963838,887414.2812963838,1268365.5788589856
2025-05-03T01:50:00.000+0000,887414.2812963838,887414.2812963838,1268224.6592835928
2025-05-03T02:00:00.000+0000,887414.2812963838,887414.2812963838,1270097.966137299
2025-05-03T02:10:00.000+0000,887414.2812963838,887414.2812963838,1271258.7574266272
2025-05-03T02:20:00.000+0000,887414.2812963838,887414.2812963838,1272471.6154003653
2025-05-03T02:30:00.000+0000,887414.2812963838,887414.2812963838,1272740.8236904312
2025-05-03T02:40:00.000+0000,887414.2812963838,887414.2812963838,1271503.9898997888
2025-05-03T02:50:00.000+0000,887414.2812963838,887414.2812963838,1272090.5310757454
2025-05-03T03:00:00.000+0000,887414.2812963838,887414.2812963838,1273070.1459891403
2025-05-03T03:10:00.000+0000,887414.2812963838,887414.2812963838,1271007.8476593941
2025-05-03T03:20:00.000+0000,887414.2812963838,887414.2812963838,1270561.6488017398
2025-05-03T03:30:00.000+0000,887414.2812963838,887414.2812963838,1269769.4011375615
2025-05-03T03:40:00.000+0000,887414.2812963838,887414.2812963838,1271287.6263149723
2025-05-03T03:50:00.000+0000,887414.2812963838,887414.2812963838,1270853.0115284785
2025-05-03T04:00:00.000+0000,887414.2812963838,887414.2812963838,1270762.049545831
2025-05-03T04:10:00.000+0000,887414.2812963838,887414.2812963838,1271605.8931253958
2025-05-03T04:20:00.000+0000,887414.2812963838,887414.2812963838,1271424.1038033764
2025-05-03T04:30:00.000+0000,887414.2812963838,887414.2812963838,1271855.37484746
2025-05-03T04:40:00.000+0000,887414.2812963838,887414.2812963838,1271700.689435577
2025-05-03T04:50:00.000+0000,887414.2812963838,887414.2812963838,1271953.679534729
2025-05-03T05:00:00.000+0000,887414.2812963838,887414.2812963838,1270588.934900127
2025-05-03T05:10:00.000+0000,887414.2812963838,887414.2812963838,1270281.1811001857
2025-05-03T05:20:00.000+0000,887414.2812963838,887414.2812963838,1270657.4290309998
2025-05-03T05:30:00.000+0000,887414.2812963838,887414.2812963838,1269546.6854228093
2025-05-03T05:40:00.000+0000,887414.2812963838,887414.2812963838,1271012.8928706439
2025-05-03T05:50:00.000+0000,887414.2812963838,887414.2812963838,1269256.2909843675
2025-05-03T06:00:00.000+0000,887414.2812963838,887414.2812963838,1268025.0033573448
2025-05-03T06:10:00.000+0000,887414.2812963838,887414.2812963838,1266014.266773135
2025-05-03T06:20:00.000+0000,887414.2812963838,887414.2812963838,1266066.0841790377
2025-05-03T06:30:00.000+0000,887414.2812963838,887414.2812963838,1266624.4753691228
2025-05-03T06:40:00.000+0000,887414.2812963838,887414.2812963838,1266695.7499422892
2025-05-03T06:50:00.000+0000,887414.2812963838,887414.2812963838,1266097.4727149247
2025-05-03T07:00:00.000+0000,887414.2812963838,887414.2812963838,1266738.7498332374
2025-05-03T07:10:00.000+0000,887414.2812963838,887414.2812963838,1266832.927974272
2025-05-03T07:20:00.000+0000,887414.2812963838,887414.2812963838,1265341.398274804
2025-05-03T07:30:00.000+0000,887414.2812963838,887414.2812963838,1266380.5741607016
2025-05-03T07:40:00.000+0000,887414.2812963838,887414.2812963838,1267595.5047386577
2025-05-03T07:50:00.000+0000,887414.2812963838,887414.2812963838,1267673.494044115
2025-05-03T08:00:00.000+0000,887414.2812963838,887414.2812963838,1265754.5827481877
2025-05-03T08:10:00.000+0000,887414.2812963838,887414.2812963838,1265810.2241379197
2025-05-03T08:20:00.000+0000,887414.2812963838,887414.2812963838,1266833.6842562195
2025-05-03T08:30:00.000+0000,887414.2812963838,887414.2812963838,1268323.3678711315
2025-05-03T08:40:00.000+0000,887414.2812963838,887414.2812963838,1268997.8487471761
2025-05-03T08:50:00.000+0000,887414.2812963838,887414.2812963838,1267390.1904316011
2025-05-03T09:00:00.000+0000,887414.2812963838,887414.2812963838,1265832.6392758756
2025-05-03T09:10:00.000+0000,887414.2812963838,887414.2812963838,1265712.0204163974
2025-05-03T09:20:00.000+0000,887414.2812963838,887414.2812963838,1266883.5326100965
2025-05-03T09:30:00.000+0000,887414.2812963838,887414.2812963838,1265888.5037708145
2025-05-03T09:40:00.000+0000,887414.2812963838,887414.2812963838,1265929.0964805
2025-05-03T09:50:00.000+0000,887414.2812963838,887414.2812963838,1263551.129322701
2025-05-03T10:00:00.000+0000,887414.2812963838,887414.2812963838,1265098.9053565378
2025-05-03T10:10:00.000+0000,887414.2812963838,887414.2812963838,1264146.4274902882
2025-05-03T10:20:00.000+0000,887414.2812963838,887414.2812963838,1265207.021149051
2025-05-03T10:30:00.000+0000,887414.2812963838,887414.2812963838,1263851.9867859199
2025-05-03T10:40:00.000+0000,887414.2812963838,887414.2812963838,1262274.072698507
2025-05-03T10:50:00.000+0000,887414.2812963838,887414.2812963838,1261185.5626169709
2025-05-03T11:00:00.000+0000,887414.2812963838,887414.2812963838,1261434.3454583464
2025-05-03T11:10:00.000+0000,887414.2812963838,887414.2812963838,1261845.0933655738
2025-05-03T11:20:00.000+0000,887414.2812963838,887414.2812963838,1263505.6268385928
2025-05-03T11:30:00.000+0000,887414.2812963838,887414.2812963838,1262363.3703289572
2025-05-03T11:40:00.000+0000,887414.2812963838,887414.2812963838,1262568.0270690573
2025-05-03T11:50:00.000+0000,887414.2812963838,887414.2812963838,1262848.6557260323
2025-05-03T12:00:00.000+0000,887414.2812963838,887414.2812963838,1263832.6073834063
2025-05-03T12:10:00.000+0000,887414.2812963838,887414.2812963838,1263940.638027998
2025-05-03T12:20:00.000+0000,887414.2812963838,887414.2812963838,1266270.8528241795
2025-05-03T12:30:00.000+0000,887414.2812963838,887414.2812963838,1266688.3151397794
2025-05-03T12:40:00.000+0000,887414.2812963838,887414.2812963838,1267255.9665246215
2025-05-03T12:50:00.000+0000,887414.2812963838,887414.2812963838,1267903.7959735156
2025-05-03T13:00:00.000+0000,887414.2812963838,887414.2812963838,1268052.903825418
2025-05-03T13:10:00.000+0000,887414.2812963838,887414.2812963838,1269223.9196950707
2025-05-03T13:20:00.000+0000,887414.2812963838,887414.2812963838,1269771.2035316727
2025-05-03T13:30:00.000+0000,887414.2812963838,887414.2812963838,1269603.1206334184
2025-05-03T13:40:00.000+0000,887414.2812963838,887414.2812963838,1270529.5431857249
2025-05-03T13:50:00.000+0000,887414.2812963838,887414.2812963838,1270681.8573928305
2025-05-03T14:00:00.000+0000,887414.2812963838,887414.2812963838,1270801.4633795696
2025-05-03T14:10:00.000+0000,887414.2812963838,887414.2812963838,1269947.222569812
2025-05-03T14:20:00.000+0000,887414.2812963838,887414.2812963838,1270212.4873299045
2025-05-03T14:30:00.000+0000,887414.2812963838,887414.2812963838,1269607.6121724625
2025-05-03T14:40:00.000+0000,887414.2812963838,887414.2812963838,1270471.7234519897
2025-05-03T14:50:00.000+0000,887414.2812963838,887414.2812963838,1270899.8542229435
2025-05-03T15:00:00.000+0000,887414.2812963838,887414.2812963838,1272227.550321259
2025-05-03T15:10:00.000+0000,887414.2812963838,887414.2812963838,1272841.8023319268
2025-05-03T15:20:00.000+0000,887414.2812963838,887414.2812963838,1272373.3834664878
2025-05-03T15:30:00.000+0000,887414.2812963838,887414.2812963838,1272352.7082351982
2025-05-03T15:40:00.000+0000,887414.2812963838,887414.2812963838,1272321.8659932455
2025-05-03T15:50:00.000+0000,887414.2812963838,887414.2812963838,1271063.0964051993
2025-05-03T16:00:00.000+0000,887414.2812963838,887414.2812963838,1269930.7749282613
2025-05-03T16:10:00.000+0000,887414.2812963838,887414.2812963838,1269234.5646413267
2025-05-03T16:20:00.000+0000,887414.2812963838,887414.2812963838,1268842.7854714503
2025-05-03T16:30:00.000+0000,887414.2812963838,887414.2812963838,1265677.7870327746
2025-05-03T16:40:00.000+0000,887414.2812963838,887414.2812963838,1264541.025168167
2025-05-03T16:50:00.000+0000,887414.2812963838,887414.2812963838,1266014.295252262
2025-05-03T17:00:00.000+0000,887414.2812963838,887414.2812963838,1259449.323799256
2025-05-03T17:10:00.000+0000,887414.2812963838,887414.2812963838,1257050.2537979386
2025-05-03T17:20:00.000+0000,887414.2812963838,887414.2812963838,1257590.658735235
2025-05-03T17:30:00.000+0000,887414.2812963838,887414.2812963838,1258097.3875675134
2025-05-03T17:40:00.000+0000,887414.2812963838,887414.2812963838,1258461.1923846079
2025-05-03T17:50:00.000+0000,887414.2812963838,887414.2812963838,1261373.2420674213
2025-05-03T18:00:00.000+0000,887414.2812963838,887414.2812963838,1262086.272926149
2025-05-03T18:10:00.000+0000,887414.2812963838,887414.2812963838,1263691.588479645
2025-05-03T18:20:00.000+0000,887414.2812963838,887414.2812963838,1264571.5820773696
2025-05-03T18:30:00.000+0000,887414.2812963838,887414.2812963838,1263054.9721171488
2025-05-03T18:40:00.000+0000,887414.2812963838,887414.2812963838,1262272.925998731
2025-05-03T18:50:00.000+0000,887414.2812963838,887414.2812963838,1262080.9030434552
2025-05-03T19:00:00.000+0000,887414.2812963838,887414.2812963838,1262528.2091480053
2025-05-03T19:10:00.000+0000,887414.2812963838,887414.2812963838,1264826.6891258913
2025-05-03T19:20:00.000+0000,887414.2812963838,887414.2812963838,1265178.242063579
2025-05-03T19:30:00.000+0000,887414.2812963838,887414.2812963838,1266649.8600895605
2025-05-03T19:40:00.000+0000,887414.2812963838,887414.2812963838,1267210.5663197204
2025-05-03T19:50:00.000+0000,887414.2812963838,887414.2812963838,1268049.260498924
2025-05-03T20:00:00.000+0000,887414.2812963838,887414.2812963838,1269023.244892359
2025-05-03T20:10:00.000+0000,887414.2812963838,887414.2812963838,1267963.017711093
2025-05-03T20:20:00.000+0000,887414.2812963838,887414.2812963838,1268322.158597206
2025-05-03T20:30:00.000+0000,887414.2812963838,887414.2812963838,1268414.003749788
2025-05-03T20:40:00.000+0000,887414.2812963838,887414.2812963838,1267743.0990617818
2025-05-03T20:50:00.000+0000,887414.2812963838,887414.2812963838,1268866.703275688
2025-05-03T21:00:00.000+0000,887414.2812963838,887414.2812963838,1267012.0540845157
2025-05-03T21:10:00.000+0000,887414.2812963838,887414.2812963838,1267197.7787480147
2025-05-03T21:20:00.000+0000,887414.2812963838,887414.2812963838,1270478.2899759058
2025-05-03T21:30:00.000+0000,887414.2812963838,887414.2812963838,1270658.4752228912
2025-05-03T21:40:00.000+0000,887414.2812963838,887414.2812963838,1269688.0848221283
2025-05-03T21:50:00.000+0000,887414.2812963838,887414.2812963838,1269243.8595119955
2025-05-03T22:00:00.000+0000,887414.2812963838,887414.2812963838,1268163.00781958
2025-05-03T22:10:00.000+0000,887414.2812963838,887414.2812963838,1268215.4145551552
2025-05-03T22:20:00.000+0000,887414.2812963838,887414.2812963838,1268215.8601590616
2025-05-03T22:30:00.000+0000,887414.2812963838,887414.2812963838,1269627.0008760386
2025-05-03T22:40:00.000+0000,887414.2812963838,887414.2812963838,1270024.5250209332
2025-05-03T22:50:00.000+0000,887414.2812963838,887414.2812963838,1269026.566142695
2025-05-03T23:00:00.000+0000,887414.2812963838,887414.2812963838,1267920.6667082577
2025-05-03T23:10:00.000+0000,887414.2812963838,887414.2812963838,1267397.3213799736
2025-05-03T23:20:00.000+0000,887414.2812963838,887414.2812963838,1263776.379252417
2025-05-03T23:30:00.000+0000,887414.2812963838,887414.2812963838,1263239.013154841
2025-05-03T23:40:00.000+0000,887414.2812963838,887414.2812963838,1264395.0464925077
2025-05-03T23:50:00.000+0000,887414.2812963838,887414.2812963838,1263357.524327613
2025-05-04T00:00:00.000+0000,887414.2812963838,887414.2812963838,1263122.9189665155
2025-05-04T00:10:00.000+0000,887414.2812963838,887414.2812963838,1265178.144053465
2025-05-04T00:20:00.000+0000,887414.2812963838,887414.2812963838,1264218.2513081215
2025-05-04T00:30:00.000+0000,887414.2812963838,887414.2812963838,1262005.724144105
2025-05-04T00:40:00.000+0000,887414.2812963838,887414.2812963838,1260739.682141517
2025-05-04T00:50:00.000+0000,887414.2812963838,887414.2812963838,1261347.2010747395
2025-05-04T01:00:00.000+0000,887414.2812963838,887414.2812963838,1262081.4703211288
2025-05-04T01:10:00.000+0000,887414.2812963838,887414.2812963838,1264040.2119277373
2025-05-04T01:20:00.000+0000,887414.2812963838,887414.2812963838,1265416.655448906
2025-05-04T01:30:00.000+0000,887414.2812963838,887414.2812963838,1263913.928451307
2025-05-04T01:40:00.000+0000,887414.2812963838,887414.2812963838,1259042.3492738449
2025-05-04T01:50:00.000+0000,887414.2812963838,887414.2812963838,1261821.1234943937
2025-05-04T02:00:00.000+0000,887414.2812963838,887414.2812963838,1266717.0430503355
2025-05-04T02:10:00.000+0000,887414.2812963838,887414.2812963838,1268360.9491795527
2025-05-04T02:20:00.000+0000,887414.2812963838,887414.2812963838,1267907.6514512214
2025-05-04T02:30:00.000+0000,887414.2812963838,887414.2812963838,1263513.5769256514
2025-05-04T02:40:00.000+0000,887414.2812963838,887414.2812963838,1261600.5479850783
2025-05-04T02:50:00.000+0000,887414.2812963838,887414.2812963838,1261714.2048569953
2025-05-04T03:00:00.000+0000,887414.2812963838,887414.2812963838,1258781.4592505828
2025-05-04T03:10:00.000+0000,887414.2812963838,887414.2812963838,1258652.3475358232
2025-05-04T03:20:00.000+0000,887414.2812963838,887414.2812963838,1259314.0581407044
2025-05-04T03:30:00.000+0000,887414.2812963838,887414.2812963838,1260920.9392358623
2025-05-04T03:40:00.000+0000,887414.2812963838,887414.2812963838,1260282.4025368842
2025-05-04T03:50:00.000+0000,887414.2812963838,887414.2812963838,1260124.3635794073
2025-05-04T04:00:00.000+0000,887414.2812963838,887414.2812963838,1259138.1503755879
2025-05-04T04:10:00.000+0000,887414.2812963838,887414.2812963838,1260728.2996188146
2025-05-04T04:20:00.000+0000,887414.2812963838,887414.2812963838,1260699.7694928322
2025-05-04T04:30:00.000+0000,887414.2812963838,887414.2812963838,1258275.7413337936
2025-05-04T04:40:00.000+0000,887414.2812963838,887414.2812963838,1258208.456214015
2025-05-04T04:50:00.000+0000,887414.2812963838,887414.2812963838,1257973.5311701435
2025-05-04T05:00:00.000+0000,887414.2812963838,887414.2812963838,1259539.8655932157
2025-05-04T05:10:00.000+0000,887414.2812963838,887414.2812963838,1260681.9457146097
2025-05-04T05:20:00.000+0000,887414.2812963838,887414.2812963838,1262049.0315625872
2025-05-04T05:30:00.000+0000,887414.2812963838,887414.2812963838,1264070.7089565517
2025-05-04T05:40:00.000+0000,887414.2812963838,887414.2812963838,1264121.0285539855
2025-05-04T05:50:00.000+0000,887414.2812963838,887414.2812963838,1265872.0804585412
2025-05-04T06:00:00.000+0000,887414.2812963838,887414.2812963838,1264918.1625700863
2025-05-04T06:10:00.000+0000,887414.2812963838,887414.2812963838,1263788.4233305508
2025-05-04T06:20:00.000+0000,887414.2812963838,887414.2812963838,1262440.7818152322
2025-05-04T06:30:00.000+0000,887414.2812963838,887414.2812963838,1262232.0148281273
2025-05-04T06:40:00.000+0000,887414.2812963838,887414.2812963838,1262252.5194396558
2025-05-04T06:50:00.000+0000,887414.2812963838,887414.2812963838,1263072.7280470324
2025-05-04T07:00:00.000+0000,887414.2812963838,887414.2812963838,1261940.4110064737
2025-05-04T07:10:00.000+0000,887414.2812963838,887414.2812963838,1262205.3466773839
2025-05-04T07:20:00.000+0000,887414.2812963838,887414.2812963838,1261713.294062572
2025-05-04T07:30:00.000+0000,887414.2812963838,887414.2812963838,1259833.9576631202
2025-05-04T07:40:00.000+0000,887414.2812963838,887414.2812963838,1259856.3592526482
2025-05-04T07:50:00.000+0000,887414.2812963838,887414.2812963838,1260596.283816897
2025-05-04T08:00:00.000+0000,887414.2812963838,887414.2812963838,1261692.5941042695
2025-05-04T08:10:00.000+0000,887414.2812963838,887414.2812963838,1260752.56707257
2025-05-04T08:20:00.000+0000,887414.2812963838,887414.2812963838,1259179.1431625418
2025-05-04T08:30:00.000+0000,887414.2812963838,887414.2812963838,1258885.775859137
2025-05-04T08:40:00.000+0000,887414.2812963838,887414.2812963838,1256914.0122532863
2025-05-04T08:50:00.000+0000,887414.2812963838,887414.2812963838,1257810.7359671944
2025-05-04T09:00:00.000+0000,887414.2812963838,887414.2812963838,1255799.3304159406
2025-05-04T09:10:00.000+0000,887414.2812963838,887414.2812963838,1255275.8225057737
2025-05-04T09:20:00.000+0000,887414.2812963838,887414.2812963838,1254143.6916270829
2025-05-04T09:30:00.000+0000,887414.2812963838,887414.2812963838,1254097.3227626206
2025-05-04T09:40:00.000+0000,887414.2812963838,887414.2812963838,1255026.238802909
2025-05-04T09:50:00.000+0000,887414.2812963838,887414.2812963838,1255078.2726446707
2025-05-04T10:00:00.000+0000,887414.2812963838,887414.2812963838,1254694.7738924914
2025-05-04T10:10:00.000+0000,887414.2812963838,887414.2812963838,1253165.2100747677
2025-05-04T10:20:00.000+0000,887414.2812963838,887414.2812963838,1253833.5200146856
2025-05-04T10:30:00.000+0000,887414.2812963838,887414.2812963838,1255858.965989799
2025-05-04T10:40:00.000+0000,887414.2812963838,887414.2812963838,1255757.551086789
2025-05-04T10:50:00.000+0000,887414.2812963838,887414.2812963838,1255856.0561754894
2025-05-04T11:00:00.000+0000,887414.2812963838,887414.2812963838,1256038.5497567728
2025-05-04T11:10:00.000+0000,887414.2812963838,887414.2812963838,1258632.3058789126
2025-05-04T11:20:00.000+0000,887414.2812963838,887414.2812963838,1258502.7007937692
2025-05-04T11:30:00.000+0000,887414.2812963838,887414.2812963838,1257501.293959352
2025-05-04T11:40:00.000+0000,887414.2812963838,887414.2812963838,1257379.0184616365
2025-05-04T11:50:00.000+0000,887414.2812963838,887414.2812963838,1255775.3517959886
2025-05-04T12:00:00.000+0000,887414.2812963838,887414.2812963838,1256925.7156904186
2025-05-04T12:10:00.000+0000,887414.2812963838,887414.2812963838,1257614.577324077
2025-05-04T12:20:00.000+0000,887414.2812963838,887414.2812963838,1257554.2581241475
2025-05-04T12:30:00.000+0000,887414.2812963838,887414.2812963838,1257786.4078168115
2025-05-04T12:40:00.000+0000,887414.2812963838,887414.2812963838,1258448.593693083
2025-05-04T12:50:00.000+0000,887414.2812963838,887414.2812963838,1257856.4845801566
2025-05-04T13:00:00.000+0000,887414.2812963838,887414.2812963838,1258314.2031922052
2025-05-04T13:10:00.000+0000,887414.2812963838,887414.2812963838,1255399.5696868568
2025-05-04T13:20:00.000+0000,887414.2812963838,887414.2812963838,1255332.5240788301
2025-05-04T13:30:00.000+0000,887414.2812963838,887414.2812963838,1255297.7768471465
2025-05-04T13:40:00.000+0000,887414.2812963838,887414.2812963838,1253576.028680621
2025-05-04T13:50:00.000+0000,887414.2812963838,887414.2812963838,1255906.0863394826
2025-05-04T14:00:00.000+0000,887414.2812963838,887414.2812963838,1255914.7342428598
2025-05-04T14:10:00.000+0000,887414.2812963838,887414.2812963838,1257534.3028675318
2025-05-04T14:20:00.000+0000,887414.2812963838,887414.2812963838,1259017.5843076862
2025-05-04T14:30:00.000+0000,887414.2812963838,887414.2812963838,1259419.5386767194
2025-05-04T14:40:00.000+0000,887414.2812963838,887414.2812963838,1260214.1894529974
2025-05-04T14:50:00.000+0000,887414.2812963838,887414.2812963838,1261043.5755981093
2025-05-04T15:00:00.000+0000,887414.2812963838,887414.2812963838,1262148.472143165
2025-05-04T15:10:00.000+0000,887414.2812963838,887414.2812963838,1262459.816010361
2025-05-04T15:20:00.000+0000,887414.2812963838,887414.2812963838,1261351.554604252
2025-05-04T15:30:00.000+0000,887414.2812963838,887414.2812963838,1260893.5672097434
2025-05-04T15:40:00.000+0000,887414.2812963838,887414.2812963838,1259370.625688763
2025-05-04T15:50:00.000+0000,887414.2812963838,887414.2812963838,1261565.4953721247
2025-05-04T16:00:00.000+0000,887414.2812963838,887414.2812963838,1262498.435683487
2025-05-04T16:10:00.000+0000,887414.2812963838,887414.2812963838,1260024.6945276712
2025-05-04T16:20:00.000+0000,887414.2812963838,887414.2812963838,1261360.9081718521
2025-05-04T16:30:00.000+0000,887414.2812963838,887414.2812963838,1260291.2501396397
2025-05-04T16:40:00.000+0000,887414.2812963838,887414.2812963838,1258762.418549345
2025-05-04T16:50:00.000+0000,887414.2812963838,887414.2812963838,1258793.3983222493
2025-05-04T17:00:00.000+0000,887414.2812963838,887414.2812963838,1260576.05192097
2025-05-04T17:10:00.000+0000,887414.2812963838,887414.2812963838,1261395.487995369
2025-05-04T17:20:00.000+0000,887414.2812963838,887414.2812963838,1259584.1797249343
2025-05-04T17:30:00.000+0000,887414.2812963838,887414.2812963838,1258119.7128384733
2025-05-04T17:40:00.000+0000,887414.2812963838,887414.2812963838,1259482.8580441526
2025-05-04T17:50:00.000+0000,887414.2812963838,887414.2812963838,1261642.9900824127
2025-05-04T18:00:00.000+0000,887414.2812963838,887414.2812963838,1262080.0277360196
2025-05-04T18:10:00.000+0000,887414.2812963838,887414.2812963838,1261709.1723916752
2025-05-04T18:20:00.000+0000,887414.2812963838,887414.2812963838,1262738.6813726288
2025-05-04T18:30:00.000+0000,887414.2812963838,887414.2812963838,1261558.616406832
2025-05-04T18:40:00.000+0000,887414.2812963838,887414.2812963838,1260580.7184088381
2025-05-04T18:50:00.000+0000,887414.2812963838,887414.2812963838,1259589.9036404253
2025-05-04T19:00:00.000+0000,887414.2812963838,887414.2812963838,1258069.9254273842
2025-05-04T19:10:00.000+0000,887414.2812963838,887414.2812963838,1258020.3539893911
2025-05-04T19:20:00.000+0000,887414.2812963838,887414.2812963838,1258384.8599979007
2025-05-04T19:30:00.000+0000,887414.2812963838,887414.2812963838,1259572.635297744
2025-05-04T19:40:00.000+0000,887414.2812963838,887414.2812963838,1260313.7592500763
2025-05-04T19:50:00.000+0000,887414.2812963838,887414.2812963838,1259296.060542898
2025-05-04T20:00:00.000+0000,887414.2812963838,887414.2812963838,1259982.1358633668
2025-05-04T20:10:00.000+0000,887414.2812963838,887414.2812963838,1260218.247611332
2025-05-04T20:20:00.000+0000,887414.2812963838,887414.2812963838,1261923.6207439834
2025-05-04T20:30:00.000+0000,887414.2812963838,887414.2812963838,1263727.8262183245
2025-05-04T20:40:00.000+0000,887414.2812963838,887414.2812963838,1263860.8523292239
2025-05-04T20:50:00.000+0000,887414.2812963838,887414.2812963838,1264015.1992386454
2025-05-04T21:00:00.000+0000,887414.2812963838,887414.2812963838,1262768.1057851901
2025-05-04T21:10:00.000+0000,887414.2812963838,887414.2812963838,1261624.6245057518
2025-05-04T21:20:00.000+0000,887414.2812963838,887414.2812963838,1262528.4731198924
2025-05-04T21:30:00.000+0000,887414.2812963838,887414.2812963838,1262884.873586671
2025-05-04T21:40:00.000+0000,887414.2812963838,887414.2812963838,1263779.673399027
2025-05-04T21:50:00.000+0000,887414.2812963838,887414.2812963838,1264064.9848066708
2025-05-04T22:00:00.000+0000,887414.2812963838,887414.2812963838,1257598.4591211383
2025-05-04T22:10:00.000+0000,887414.2812963838,887414.2812963838,1257060.1621944667
2025-05-04T22:20:00.000+0000,887414.2812963838,887414.2812963838,1256752.6198899134
2025-05-04T22:30:00.000+0000,887414.2812963838,887414.2812963838,1250719.0233989768
2025-05-04T22:40:00.000+0000,887414.2812963838,887414.2812963838,1249861.903414148
2025-05-04T22:50:00.000+0000,887414.2812963838,887414.2812963838,1250596.3534074004
2025-05-04T23:00:00.000+0000,887414.2812963838,887414.2812963838,1247751.5736694767
2025-05-04T23:10:00.000+0000,887414.2812963838,887414.2812963838,1247242.0369672605
2025-05-04T23:20:00.000+0000,887414.2812963838,887414.2812963838,1243881.6463191754
2025-05-04T23:30:00.000+0000,887414.2812963838,887414.2812963838,1241888.7529462539
2025-05-04T23:40:00.000+0000,887414.2812963838,887414.2812963838,1240901.4910802545
2025-05-04T23:50:00.000+0000,887414.2812963838,887414.2812963838,1242343.742965389
2025-05-05T00:00:00.000+0000,887414.2812963838,887414.2812963838,1241664.7462909506
2025-05-05T00:10:00.000+0000,887414.2812963838,887414.2812963838,1243553.7511076215
2025-05-05T00:20:00.000+0000,887414.2812963838,887414.2812963838,1246406.8804791518
2025-05-05T00:30:00.000+0000,887414.2812963838,887414.2812963838,1249039.6543560368
2025-05-05T00:40:00.000+0000,887414.2812963838,887414.2812963838,1248439.2643213216
2025-05-05T00:50:00.000+0000,887414.2812963838,887414.2812963838,1250095.0397766924
2025-05-05T01:00:00.000+0000,887414.2812963838,887414.2812963838,1246618.4448851743
2025-05-05T01:10:00.000+0000,887414.2812963838,887414.2812963838,1243041.8757193584
2025-05-05T01:20:00.000+0000,887414.2812963838,887414.2812963838,1241882.4749568813
2025-05-05T01:30:00.000+0000,887414.2812963838,887414.2812963838,1233925.3026256585
2025-05-05T01:40:00.000+0000,887414.2812963838,887414.2812963838,1234209.2291971748
2025-05-05T01:50:00.000+0000,887414.2812963838,887414.2812963838,1234300.758268482
2025-05-05T02:00:00.000+0000,887414.2812963838,887414.2812963838,1230749.5835356428
2025-05-05T02:10:00.000+0000,887414.2812963838,887414.2812963838,1233415.937480499
2025-05-05T02:20:00.000+0000,887414.2812963838,887414.2812963838,1241531.8613223024
2025-05-05T02:30:00.000+0000,887414.2812963838,887414.2812963838,1242484.7497877278
2025-05-05T02:40:00.000+0000,887414.2812963838,887414.2812963838,1242822.3210300156
2025-05-05T02:50:00.000+0000,887414.2812963838,887414.2812963838,1243208.6040061605
2025-05-05T03:00:00.000+0000,887414.2812963838,887414.2812963838,1241616.9802469607
2025-05-05T03:10:00.000+0000,887414.2812963838,887414.2812963838,1240145.0238622623
2025-05-05T03:20:00.000+0000,887414.2812963838,887414.2812963838,1240836.368886359
2025-05-05T03:30:00.000+0000,887414.2812963838,887414.2812963838,1241296.4691246469
2025-05-05T03:40:00.000+0000,887414.2812963838,887414.2812963838,1242128.6768387398
2025-05-05T03:50:00.000+0000,887414.2812963838,887414.2812963838,1241917.6959279221
2025-05-05T04:00:00.000+0000,887414.2812963838,887414.2812963838,1242264.8588013044
2025-05-05T04:10:00.000+0000,887414.2812963838,887414.2812963838,1241965.904344467
2025-05-05T04:20:00.000+0000,887414.2812963838,887414.2812963838,1245786.5724126329
2025-05-05T04:30:00.000+0000,887414.2812963838,887414.2812963838,1247510.0304284357
2025-05-05T04:40:00.000+0000,887414.2812963838,887414.2812963838,1248906.3194750303
2025-05-05T04:50:00.000+0000,887414.2812963838,887414.2812963838,1249004.8982455777
2025-05-05T05:00:00.000+0000,887414.2812963838,887414.2812963838,1249597.5465085567
2025-05-05T05:10:00.000+0000,887414.2812963838,887414.2812963838,1248189.8566354346
2025-05-05T05:20:00.000+0000,887414.2812963838,887414.2812963838,1249951.43100018
2025-05-05T05:30:00.000+0000,887414.2812963838,887414.2812963838,1249727.266913197
2025-05-05T05:40:00.000+0000,887414.2812963838,887414.2812963838,1251162.8533812219
2025-05-05T05:50:00.000+0000,887414.2812963838,887414.2812963838,1252538.7320831285
2025-05-05T06:00:00.000+0000,887414.2812963838,887414.2812963838,1254214.2952363328
2025-05-05T06:10:00.000+0000,887414.2812963838,887414.2812963838,1253503.957288393
2025-05-05T06:20:00.000+0000,887414.2812963838,887414.2812963838,1254138.8989500874
2025-05-05T06:30:00.000+0000,887414.2812963838,887414.2812963838,1254636.1157157854
2025-05-05T06:40:00.000+0000,887414.2812963838,887414.2812963838,1255305.2858934887
2025-05-05T06:50:00.000+0000,887414.2812963838,887414.2812963838,1255483.316695474
2025-05-05T07:00:00.000+0000,887414.2812963838,887414.2812963838,1254515.9125347987
2025-05-05T07:10:00.000+0000,887414.2812963838,887414.2812963838,1254768.1121525948
2025-05-05T07:20:00.000+0000,887414.2812963838,887414.2812963838,1255996.2776783393
2025-05-05T07:30:00.000+0000,887414.2812963838,887414.2812963838,1256657.7928586893
2025-05-05T07:40:00.000+0000,887414.2812963838,887414.2812963838,1257226.5410394063
2025-05-05T07:50:00.000+0000,887414.2812963838,887414.2812963838,1257186.8234184773
2025-05-05T08:00:00.000+0000,887414.2812963838,887414.2812963838,1256519.8751610362
2025-05-05T08:10:00.000+0000,887414.2812963838,887414.2812963838,1256076.2014752137
2025-05-05T08:20:00.000+0000,887414.2812963838,887414.2812963838,1255947.3005055897
2025-05-05T08:30:00.000+0000,887414.2812963838,887414.2812963838,1255513.8659704444
2025-05-05T08:40:00.000+0000,887414.2812963838,887414.2812963838,1257225.564432612
2025-05-05T08:50:00.000+0000,887414.2812963838,887414.2812963838,1255982.0288880276
2025-05-05T09:00:00.000+0000,887414.2812963838,887414.2812963838,1255995.1824626965
2025-05-05T09:10:00.000+0000,887414.2812963838,887414.2812963838,1255530.6044917237
2025-05-05T09:20:00.000+0000,887414.2812963838,887414.2812963838,1255815.4941216065
2025-05-05T09:30:00.000+0000,887414.2812963838,887414.2812963838,1256268.054711596
2025-05-05T09:40:00.000+0000,887414.2812963838,887414.2812963838,1255789.5185474511
2025-05-05T09:50:00.000+0000,887414.2812963838,887414.2812963838,1254211.8884833748
2025-05-05T10:00:00.000+0000,887414.2812963838,887414.2812963838,1251803.9117135906
2025-05-05T10:10:00.000+0000,887414.2812963838,887414.2812963838,1249871.5359119223
2025-05-05T10:20:00.000+0000,887414.2812963838,887414.2812963838,1247817.9478450706
2025-05-05T10:30:00.000+0000,887414.2812963838,887414.2812963838,1243587.3903421576
2025-05-05T10:40:00.000+0000,887414.2812963838,887414.2812963838,1240122.6162827513
2025-05-05T10:50:00.000+0000,887414.2812963838,887414.2812963838,1240688.1974765174
2025-05-05T11:00:00.000+0000,887414.2812963838,887414.2812963838,1242331.8899797937
2025-05-05T11:10:00.000+0000,887414.2812963838,887414.2812963838,1243655.0465491153
2025-05-05T11:20:00.000+0000,887414.2812963838,887414.2812963838,1240258.0537602315
2025-05-05T11:30:00.000+0000,887414.2812963838,887414.2812963838,1238285.3641653105
2025-05-05T11:40:00.000+0000,887414.2812963838,887414.2812963838,1238827.6505089407
2025-05-05T11:50:00.000+0000,887414.2812963838,887414.2812963838,1241773.9567241275
2025-05-05T12:00:00.000+0000,887414.2812963838,887414.2812963838,1239849.7652371228
2025-05-05T12:10:00.000+0000,887414.2812963838,887414.2812963838,1243383.8849775027
2025-05-05T12:20:00.000+0000,887414.2812963838,887414.2812963838,1243227.2804539236
2025-05-05T12:30:00.000+0000,887414.2812963838,887414.2812963838,1244398.809017739
2025-05-05T12:40:00.000+0000,887414.2812963838,887414.2812963838,1243429.2373608565
2025-05-05T12:50:00.000+0000,887414.2812963838,887414.2812963838,1242667.5990597983
2025-05-05T13:00:00.000+0000,887414.2812963838,887414.2812963838,1241531.5863696854
2025-05-05T13:10:00.000+0000,887414.2812963838,887414.2812963838,1241434.4249422255
2025-05-05T13:20:00.000+0000,887414.2812963838,887414.2812963838,1240990.9313258717
2025-05-05T13:30:00.000+0000,887414.2812963838,887414.2812963838,1238342.3809778907
2025-05-05T13:40:00.000+0000,887414.2812963838,887414.2812963838,1236722.7318514087
2025-05-05T13:50:00.000+0000,887414.2812963838,887414.2812963838,1238287.1355234075
2025-05-05T14:00:00.000+0000,887414.2812963838,887414.2812963838,1243832.3189917
2025-05-05T14:10:00.000+0000,887414.2812963838,887414.2812963838,1242767.639639642
2025-05-05T14:20:00.000+0000,887414.2812963838,887414.2812963838,1240957.8374685855
2025-05-05T14:30:00.000+0000,887414.2812963838,887414.2812963838,1240064.6410174398
2025-05-05T14:40:00.000+0000,887414.2812963838,887414.2812963838,1243913.7292520257
2025-05-05T14:50:00.000+0000,887414.2812963838,887414.2812963838,1241753.4829093227
2025-05-05T15:00:00.000+0000,887414.2812963838,887414.2812963838,1239871.721092741
2025-05-05T15:10:00.000+0000,887414.2812963838,887414.2812963838,1239722.8489640476
2025-05-05T15:20:00.000+0000,887414.2812963838,887414.2812963838,1241554.0386999648
2025-05-05T15:30:00.000+0000,887414.2812963838,887414.2812963838,1240910.5132301585
2025-05-05T15:40:00.000+0000,887414.2812963838,887414.2812963838,1235422.9304822441
2025-05-05T15:50:00.000+0000,887414.2812963838,887414.2812963838,1236858.7055617077
2025-05-05T16:00:00.000+0000,887414.2812963838,887414.2812963838,1238712.1795808477
2025-05-05T16:10:00.000+0000,887414.2812963838,887414.2812963838,1240778.686140125
2025-05-05T16:20:00.000+0000,887414.2812963838,887414.2812963838,1245725.9317616932
2025-05-05T16:30:00.000+0000,887414.2812963838,887414.2812963838,1245756.480818091
2025-05-05T16:40:00.000+0000,887414.2812963838,887414.2812963838,1246162.1722941548
2025-05-05T16:50:00.000+0000,887414.2812963838,887414.2812963838,1245223.1397831698
2025-05-05T17:00:00.000+0000,887414.2812963838,887414.2812963838,1244827.4443376614
2025-05-05T17:10:00.000+0000,887414.2812963838,887414.2812963838,1243815.4686155487
2025-05-05T17:20:00.000+0000,887414.2812963838,887414.2812963838,1246589.0024100482
2025-05-05T17:30:00.000+0000,887414.2812963838,887414.2812963838,1248556.7348106753
2025-05-05T17:40:00.000+0000,887414.2812963838,887414.2812963838,1250134.027667963
2025-05-05T17:50:00.000+0000,887414.2812963838,887414.2812963838,1250468.0051322104
2025-05-05T18:00:00.000+0000,887414.2812963838,887414.2812963838,1249904.6257118175
2025-05-05T18:10:00.000+0000,887414.2812963838,887414.2812963838,1252222.005240703
2025-05-05T18:20:00.000+0000,887414.2812963838,887414.2812963838,1251628.527488463
2025-05-05T18:30:00.000+0000,887414.2812963838,887414.2812963838,1252524.6435275443
2025-05-05T18:40:00.000+0000,887414.2812963838,887414.2812963838,1257287.0553626372
2025-05-05T18:50:00.000+0000,887414.2812963838,887414.2812963838,1256063.1856047995
2025-05-05T19:00:00.000+0000,887414.2812963838,887414.2812963838,1256368.6547232855
2025-05-05T19:10:00.000+0000,887414.2812963838,887414.2812963838,1257502.5466754856
2025-05-05T19:20:00.000+0000,887414.2812963838,887414.2812963838,1255783.5128691802
2025-05-05T19:30:00.000+0000,887414.2812963838,887414.2812963838,1254073.5957051683
2025-05-05T19:40:00.000+0000,887414.2812963838,887414.2812963838,1253942.9032078707
2025-05-05T19:50:00.000+0000,887414.2812963838,887414.2812963838,1252443.170524666
2025-05-05T20:00:00.000+0000,887414.2812963838,887414.2812963838,1250732.9434515063
2025-05-05T20:10:00.000+0000,887414.2812963838,887414.2812963838,1250780.340363597
2025-05-05T20:20:00.000+0000,887414.2812963838,887414.2812963838,1249824.2205580245
2025-05-05T20:30:00.000+0000,887414.2812963838,887414.2812963838,1243315.548326509
2025-05-05T20:40:00.000+0000,887414.2812963838,887414.2812963838,1244308.5851884868
2025-05-05T20:50:00.000+0000,887414.2812963838,887414.2812963838,1246830.7824906514
2025-05-05T21:00:00.000+0000,887414.2812963838,887414.2812963838,1248222.3239706184
2025-05-05T21:10:00.000+0000,887414.2812963838,887414.2812963838,1251638.228575028
2025-05-05T21:20:00.000+0000,887414.2812963838,887414.2812963838,1253258.845982937
2025-05-05T21:30:00.000+0000,887414.2812963838,887414.2812963838,1250214.7783429949
2025-05-05T21:40:00.000+0000,887414.2812963838,887414.2812963838,1252682.7726147424
2025-05-05T21:50:00.000+0000,887414.2812963838,887414.2812963838,1254785.1388096719
2025-05-05T22:00:00.000+0000,887414.2812963838,887414.2812963838,1255402.3076643443
2025-05-05T22:10:00.000+0000,887414.2812963838,887414.2812963838,1256303.1620005192
2025-05-05T22:20:00.000+0000,887414.2812963838,887414.2812963838,1257197.6909707487
2025-05-05T22:30:00.000+0000,887414.2812963838,887414.2812963838,1258661.587413212
2025-05-05T22:40:00.000+0000,887414.2812963838,887414.2812963838,1260777.20618039
2025-05-05T22:50:00.000+0000,887414.2812963838,887414.2812963838,1260400.606401548
2025-05-05T23:00:00.000+0000,887414.2812963838,887414.2812963838,1260427.0847889248
2025-05-05T23:10:00.000+0000,887414.2812963838,887414.2812963838,1260784.37801222
2025-05-05T23:20:00.000+0000,887414.2812963838,887414.2812963838,1259177.0827163872
2025-05-05T23:30:00.000+0000,887414.2812963838,887414.2812963838,1258325.126378353
2025-05-05T23:40:00.000+0000,887414.2812963838,887414.2812963838,1256825.0816899063
2025-05-05T23:50:00.000+0000,887414.2812963838,887414.2812963838,1255505.5515906585
2025-05-06T00:00:00.000+0000,887414.2812963838,887414.2812963838,1253868.6633626448
2025-05-06T00:10:00.000+0000,887414.2812963838,887414.2812963838,1252176.5581937335
2025-05-06T00:20:00.000+0000,887414.2812963838,887414.2812963838,1251890.762792556
2025-05-06T00:30:00.000+0000,887414.2812963838,887414.2812963838,1251760.2878830452
2025-05-06T00:40:00.000+0000,887414.2812963838,887414.2812963838,1250054.4326659108
2025-05-06T00:50:00.000+0000,887414.2812963838,887414.2812963838,1250358.1711335238
2025-05-06T01:00:00.000+0000,887414.2812963838,887414.2812963838,1249886.657263662
2025-05-06T01:10:00.000+0000,887414.2812963838,887414.2812963838,1251840.566228579
2025-05-06T01:20:00.000+0000,887414.2812963838,887414.2812963838,1253205.2063846104
2025-05-06T01:30:00.000+0000,887414.2812963838,887414.2812963838,1247987.9730313607
2025-05-06T01:40:00.000+0000,887414.2812963838,887414.2812963838,1245265.1876417506
2025-05-06T01:50:00.000+0000,887414.2812963838,887414.2812963838,1244677.2821486727
2025-05-06T02:00:00.000+0000,887414.2812963838,887414.2812963838,1243690.128212128
2025-05-06T02:10:00.000+0000,887414.2812963838,887414.2812963838,1241581.4202447087
2025-05-06T02:20:00.000+0000,887414.2812963838,887414.2812963838,1238711.1472681728
2025-05-06T02:30:00.000+0000,887414.2812963838,887414.2812963838,1238756.653187347
2025-05-06T02:40:00.000+0000,887414.2812963838,887414.2812963838,1240651.0783193628
2025-05-06T02:50:00.000+0000,887414.2812963838,887414.2812963838,1242594.6443825962
2025-05-06T03:00:00.000+0000,887414.2812963838,887414.2812963838,1241996.3205406824
2025-05-06T03:10:00.000+0000,887414.2812963838,887414.2812963838,1241527.779506225
2025-05-06T03:20:00.000+0000,887414.2812963838,887414.2812963838,1241898.2361851307
2025-05-06T03:30:00.000+0000,887414.2812963838,887414.2812963838,1244396.5399306365
2025-05-06T03:40:00.000+0000,887414.2812963838,887414.2812963838,1244374.1611590707
2025-05-06T03:50:00.000+0000,887414.2812963838,887414.2812963838,1245322.084146164
2025-05-06T04:00:00.000+0000,887414.2812963838,887414.2812963838,1243719.8089446626
2025-05-06T04:10:00.000+0000,887414.2812963838,887414.2812963838,1243908.2664572808
2025-05-06T04:20:00.000+0000,887414.2812963838,887414.2812963838,1246181.3730252883
2025-05-06T04:30:00.000+0000,887414.2812963838,887414.2812963838,1246170.9676912301
2025-05-06T04:40:00.000+0000,887414.2812963838,887414.2812963838,1245427.4970445312
2025-05-06T04:50:00.000+0000,887414.2812963838,887414.2812963838,1246736.3611379962
2025-05-06T05:00:00.000+0000,887414.2812963838,887414.2812963838,1245970.7033261617
2025-05-06T05:10:00.000+0000,887414.2812963838,887414.2812963838,1245171.3627399616
2025-05-06T05:20:00.000+0000,887414.2812963838,887414.2812963838,1243727.463659427
2025-05-06T05:30:00.000+0000,887414.2812963838,887414.2812963838,1242914.3231693022
2025-05-06T05:40:00.000+0000,887414.2812963838,887414.2812963838,1243405.6267533642
2025-05-06T05:50:00.000+0000,887414.2812963838,887414.2812963838,1242318.3888477613
2025-05-06T06:00:00.000+0000,887414.2812963838,887414.2812963838,1243365.9085623564
2025-05-06T06:10:00.000+0000,887414.2812963838,887414.2812963838,1244680.9359439753
2025-05-06T06:20:00.000+0000,887414.2812963838,887414.2812963838,1245252.0244736294
2025-05-06T06:30:00.000+0000,887414.2812963838,887414.2812963838,1244345.5802469614
2025-05-06T06:40:00.000+0000,887414.2812963838,887414.2812963838,1245965.9710141516
2025-05-06T06:50:00.000+0000,887414.2812963838,887414.2812963838,1246260.2757431425
2025-05-06T07:00:00.000+0000,887414.2812963838,887414.2812963838,1248005.1086693748
2025-05-06T07:10:00.000+0000,887414.2812963838,887414.2812963838,1246943.1792503758
2025-05-06T07:20:00.000+0000,887414.2812963838,887414.2812963838,1246862.4808559583
2025-05-06T07:30:00.000+0000,887414.2812963838,887414.2812963838,1245519.0006385732
2025-05-06T07:40:00.000+0000,887414.2812963838,887414.2812963838,1245643.4656155778
2025-05-06T07:50:00.000+0000,887414.2812963838,887414.2812963838,1246572.7167665605
2025-05-06T08:00:00.000+0000,887414.2812963838,887414.2812963838,1244392.049981625
2025-05-06T08:10:00.000+0000,887414.2812963838,887414.2812963838,1239605.418525241
2025-05-06T08:20:00.000+0000,887414.2812963838,887414.2812963838,1237751.871214159
2025-05-06T08:30:00.000+0000,887414.2812963838,887414.2812963838,1240062.4049098603
2025-05-06T08:40:00.000+0000,887414.2812963838,887414.2812963838,1240927.3469034343
2025-05-06T08:50:00.000+0000,887414.2812963838,887414.2812963838,1242146.379300612
2025-05-06T09:00:00.000+0000,887414.2812963838,887414.2812963838,1241708.6039385844
2025-05-06T09:10:00.000+0000,887414.2812963838,887414.2812963838,1240258.3044417277
2025-05-06T09:20:00.000+0000,887414.2812963838,887414.2812963838,1239772.9534371127
2025-05-06T09:30:00.000+0000,887414.2812963838,887414.2812963838,1239538.8156334448
2025-05-06T09:40:00.000+0000,887414.2812963838,887414.2812963838,1237949.2086376785
2025-05-06T09:50:00.000+0000,887414.2812963838,887414.2812963838,1239605.4053302896
2025-05-06T10:00:00.000+0000,887414.2812963838,887414.2812963838,1240277.4927901025
2025-05-06T10:10:00.000+0000,887414.2812963838,887414.2812963838,1238701.7515224023
2025-05-06T10:20:00.000+0000,887414.2812963838,887414.2812963838,1239345.2962018016
2025-05-06T10:30:00.000+0000,887414.2812963838,887414.2812963838,1238777.1792050088
2025-05-06T10:40:00.000+0000,887414.2812963838,887414.2812963838,1233187.3679308486
2025-05-06T10:50:00.000+0000,887414.2812963838,887414.2812963838,1232959.2936675027
2025-05-06T11:00:00.000+0000,887414.2812963838,887414.2812963838,1234042.5028292239
2025-05-06T11:10:00.000+0000,887414.2812963838,887414.2812963838,1235150.421951199
2025-05-06T11:20:00.000+0000,887414.2812963838,887414.2812963838,1232202.5951095812
2025-05-06T11:30:00.000+0000,887414.2812963838,887414.2812963838,1229088.0413959208
2025-05-06T11:40:00.000+0000,887414.2812963838,887414.2812963838,1228744.7618826644
2025-05-06T11:50:00.000+0000,887414.2812963838,887414.2812963838,1224352.4538751661
2025-05-06T12:00:00.000+0000,887414.2812963838,887414.2812963838,1227656.7656836477
2025-05-06T12:10:00.000+0000,887414.2812963838,887414.2812963838,1229133.485747159
2025-05-06T12:20:00.000+0000,887414.2812963838,887414.2812963838,1228116.7070144098
2025-05-06T12:30:00.000+0000,887414.2812963838,887414.2812963838,1229098.474739473
2025-05-06T12:40:00.000+0000,887414.2812963838,887414.2812963838,1229608.305238652
2025-05-06T12:50:00.000+0000,887414.2812963838,887414.2812963838,1231058.5911870808
2025-05-06T13:00:00.000+0000,887414.2812963838,887414.2812963838,1225938.7041866023
2025-05-06T13:10:00.000+0000,887414.2812963838,887414.2812963838,1225627.7443189474
2025-05-06T13:20:00.000+0000,887414.2812963838,887414.2812963838,1223972.4315878516
2025-05-06T13:30:00.000+0000,887414.2812963838,887414.2812963838,1224122.3816198749
2025-05-06T13:40:00.000+0000,887414.2812963838,887414.2812963838,1224104.0484299706
2025-05-06T13:50:00.000+0000,887414.2812963838,887414.2812963838,1220463.665650982
2025-05-06T14:00:00.000+0000,887414.2812963838,887414.2812963838,1225354.61810213
2025-05-06T14:10:00.000+0000,887414.2812963838,887414.2812963838,1229751.6382314505
2025-05-06T14:20:00.000+0000,887414.2812963838,887414.2812963838,1233498.9576030867
2025-05-06T14:30:00.000+0000,887414.2812963838,887414.2812963838,1232592.5903062886
2025-05-06T14:40:00.000+0000,887414.2812963838,887414.2812963838,1230954.404995155
2025-05-06T14:50:00.000+0000,887414.2812963838,887414.2812963838,1229136.7768761958
2025-05-06T15:00:00.000+0000,887414.2812963838,887414.2812963838,1226443.298105421
2025-05-06T15:10:00.000+0000,887414.2812963838,887414.2812963838,1227296.1692608108
2025-05-06T15:20:00.000+0000,887414.2812963838,887414.2812963838,1232277.2152751978
2025-05-06T15:30:00.000+0000,887414.2812963838,887414.2812963838,1233950.623880986
2025-05-06T15:40:00.000+0000,887414.2812963838,887414.2812963838,1234263.4621944418
2025-05-06T15:50:00.000+0000,887414.2812963838,887414.2812963838,1232462.2362908404
2025-05-06T16:00:00.000+0000,887414.2812963838,887414.2812963838,1229806.738037376
2025-05-06T16:10:00.000+0000,887414.2812963838,887414.2812963838,1229683.974794013
2025-05-06T16:20:00.000+0000,887414.2812963838,887414.2812963838,1230880.7024322606
2025-05-06T16:30:00.000+0000,887414.2812963838,887414.2812963838,1232931.1850436686
2025-05-06T16:40:00.000+0000,887414.2812963838,887414.2812963838,1231017.4843625622
2025-05-06T16:50:00.000+0000,887414.2812963838,887414.2812963838,1228163.328923341
2025-05-06T17:00:00.000+0000,887414.2812963838,887414.2812963838,1228511.4123116722
2025-05-06T17:10:00.000+0000,887414.2812963838,887414.2812963838,1232635.251615047
2025-05-06T17:20:00.000+0000,887414.2812963838,887414.2812963838,1233961.0085571934
2025-05-06T17:30:00.000+0000,887414.2812963838,887414.2812963838,1236464.8467836422
2025-05-06T17:40:00.000+0000,887414.2812963838,887414.2812963838,1233451.418685266
2025-05-06T17:50:00.000+0000,887414.2812963838,887414.2812963838,1232577.087831872
2025-05-06T18:00:00.000+0000,887414.2812963838,887414.2812963838,1234317.7313778196
2025-05-06T18:10:00.000+0000,887414.2812963838,887414.2812963838,1234818.2861105767
2025-05-06T18:20:00.000+0000,887414.2812963838,887414.2812963838,1238075.6174041822
2025-05-06T18:30:00.000+0000,887414.2812963838,887414.2812963838,1239414.6576238025
2025-05-06T18:40:00.000+0000,887414.2812963838,887414.2812963838,1238622.9483889837
2025-05-06T18:50:00.000+0000,887414.2812963838,887414.2812963838,1239440.4280066714
2025-05-06T19:00:00.000+0000,887414.2812963838,887414.2812963838,1242970.914897089
2025-05-06T19:10:00.000+0000,887414.2812963838,887414.2812963838,1243018.043206893
2025-05-06T19:20:00.000+0000,887414.2812963838,887414.2812963838,1243363.1792192976
2025-05-06T19:30:00.000+0000,887414.2812963838,887414.2812963838,1244546.4159687716
2025-05-06T19:40:00.000+0000,887414.2812963838,887414.2812963838,1245255.2194474922
2025-05-06T19:50:00.000+0000,887414.2812963838,887414.2812963838,1243142.7270446692
2025-05-06T20:00:00.000+0000,887414.2812963838,887414.2812963838,1242537.7223281667
2025-05-06T20:10:00.000+0000,887414.2812963838,887414.2812963838,1243580.0952288462
2025-05-06T20:20:00.000+0000,887414.2812963838,887414.2812963838,1239675.6688443283
2025-05-06T20:30:00.000+0000,887414.2812963838,887414.2812963838,1235479.4609867306
2025-05-06T20:40:00.000+0000,887414.2812963838,887414.2812963838,1235684.1282142797
2025-05-06T20:50:00.000+0000,887414.2812963838,887414.2812963838,1235182.3487481487
2025-05-06T21:00:00.000+0000,887414.2812963838,887414.2812963838,1237752.3419950595
2025-05-06T21:10:00.000+0000,887414.2812963838,887414.2812963838,1237432.8554990492
2025-05-06T21:20:00.000+0000,887414.2812963838,887414.2812963838,1233517.0036565359
2025-05-06T21:30:00.000+0000,887414.2812963838,887414.2812963838,1233509.3742142052
2025-05-06T21:40:00.000+0000,887414.2812963838,887414.2812963838,1237035.7937545115
2025-05-06T21:50:00.000+0000,887414.2812963838,887414.2812963838,1237973.9110877938
2025-05-06T22:00:00.000+0000,887414.2812963838,887414.2812963838,1241909.0110813119
2025-05-06T22:10:00.000+0000,887414.2812963838,887414.2812963838,1246812.8912648612
2025-05-06T22:20:00.000+0000,887414.2812963838,887414.2812963838,1252555.5942493787
2025-05-06T22:30:00.000+0000,887414.2812963838,887414.2812963838,1253355.537065843
2025-05-06T22:40:00.000+0000,887414.2812963838,887414.2812963838,1255788.0951672469
2025-05-06T22:50:00.000+0000,887414.2812963838,887414.2812963838,1257402.3507099932
2025-05-06T23:00:00.000+0000,887414.2812963838,887414.2812963838,1255129.500377331
2025-05-06T23:10:00.000+0000,887414.2812963838,887414.2812963838,1255435.0436817554
2025-05-06T23:20:00.000+0000,887414.2812963838,887414.2812963838,1259116.4030626551
2025-05-06T23:30:00.000+0000,887414.2812963838,887414.2812963838,1259986.247988
2025-05-06T23:40:00.000+0000,887414.2812963838,887414.2812963838,1261526.296740725
2025-05-06T23:50:00.000+0000,887414.2812963838,887414.2812963838,1263897.2364698555
2025-05-07T00:00:00.000+0000,887414.2812963838,887414.2812963838,1264604.8407042376
2025-05-07T00:10:00.000+0000,887414.2812963838,887414.2812963838,1265132.0718717768
2025-05-07T00:20:00.000+0000,887414.2812963838,887414.2812963838,1270623.6881534285
2025-05-07T00:30:00.000+0000,887414.2812963838,887414.2812963838,1274524.4895938889
2025-05-07T00:40:00.000+0000,887414.2812963838,887414.2812963838,1275139.8516318118
2025-05-07T00:50:00.000+0000,887414.2812963838,887414.2812963838,1275976.5434240196
2025-05-07T01:00:00.000+0000,887414.2812963838,887414.2812963838,1279240.6046199054
2025-05-07T01:10:00.000+0000,887414.2812963838,887414.2812963838,1278696.8227076451
2025-05-07T01:20:00.000+0000,887414.2812963838,887414.2812963838,1280271.5508151166
2025-05-07T01:30:00.000+0000,887414.2812963838,887414.2812963838,1279620.1344741322
2025-05-07T01:40:00.000+0000,887414.2812963838,887414.2812963838,1276454.216895908
2025-05-07T01:50:00.000+0000,887414.2812963838,887414.2812963838,1273335.55740118
2025-05-07T02:00:00.000+0000,887414.2812963838,887414.2812963838,1270067.986135758
2025-05-07T02:10:00.000+0000,887414.2812963838,887414.2812963838,1269682.4079229687
2025-05-07T02:20:00.000+0000,887414.2812963838,887414.2812963838,1269929.8312439495
2025-05-07T02:30:00.000+0000,887414.2812963838,887414.2812963838,1269247.6645511398
2025-05-07T02:40:00.000+0000,887414.2812963838,887414.2812963838,1267425.068102601
2025-05-07T02:50:00.000+0000,887414.2812963838,887414.2812963838,1264359.08409145
2025-05-07T03:00:00.000+0000,887414.2812963838,887414.2812963838,1262877.4252220984
2025-05-07T03:10:00.000+0000,887414.2812963838,887414.2812963838,1259698.99267273
2025-05-07T03:20:00.000+0000,887414.2812963838,887414.2812963838,1258285.140195719
2025-05-07T03:30:00.000+0000,887414.2812963838,887414.2812963838,1262491.502444007
2025-05-07T03:40:00.000+0000,887414.2812963838,887414.2812963838,1262393.5399699844
2025-05-07T03:50:00.000+0000,887414.2812963838,887414.2812963838,1262790.758959158
2025-05-07T04:00:00.000+0000,887414.2812963838,887414.2812963838,1264022.9716448258
2025-05-07T04:10:00.000+0000,887414.2812963838,887414.2812963838,1265959.922801358
2025-05-07T04:20:00.000+0000,887414.2812963838,887414.2812963838,1264678.7651426534
2025-05-07T04:30:00.000+0000,887414.2812963838,887414.2812963838,1263135.6988263372
2025-05-07T04:40:00.000+0000,887414.2812963838,887414.2812963838,1262091.0764517942
2025-05-07T04:50:00.000+0000,887414.2812963838,887414.2812963838,1262059.095992919
2025-05-07T05:00:00.000+0000,887414.2812963838,887414.2812963838,1262437.122881604
2025-05-07T05:10:00.000+0000,887414.2812963838,887414.2812963838,1262267.4847194052
2025-05-07T05:20:00.000+0000,887414.2812963838,887414.2812963838,1261900.0365580288
2025-05-07T05:30:00.000+0000,887414.2812963838,887414.2812963838,1261382.6064277478
2025-05-07T05:40:00.000+0000,887414.2812963838,887414.2812963838,1260624.370663547
2025-05-07T05:50:00.000+0000,887414.2812963838,887414.2812963838,1260475.505420804
2025-05-07T06:00:00.000+0000,887414.2812963838,887414.2812963838,1261282.9624742884
2025-05-07T06:10:00.000+0000,887414.2812963838,887414.2812963838,1265199.1243696944
2025-05-07T06:20:00.000+0000,887414.2812963838,887414.2812963838,1262939.1465055982
2025-05-07T06:30:00.000+0000,887414.2812963838,887414.2812963838,1262015.408675586
2025-05-07T06:40:00.000+0000,887414.2812963838,887414.2812963838,1261476.0797689983
2025-05-07T06:50:00.000+0000,887414.2812963838,887414.2812963838,1262888.1961210156
2025-05-07T07:00:00.000+0000,887414.2812963838,887414.2812963838,1264021.3555218684
2025-05-07T07:10:00.000+0000,887414.2812963838,887414.2812963838,1265190.0212394
2025-05-07T07:20:00.000+0000,887414.2812963838,887414.2812963838,1266377.3166877294
2025-05-07T07:30:00.000+0000,887414.2812963838,887414.2812963838,1266627.1834539468
2025-05-07T07:40:00.000+0000,887414.2812963838,887414.2812963838,1267614.906285786
2025-05-07T07:50:00.000+0000,887414.2812963838,887414.2812963838,1269300.653827953
2025-05-07T08:00:00.000+0000,887414.2812963838,887414.2812963838,1270059.5468056346
2025-05-07T08:10:00.000+0000,887414.2812963838,887414.2812963838,1269062.7264682373
2025-05-07T08:20:00.000+0000,887414.2812963838,887414.2812963838,1270042.7709029112
2025-05-07T08:30:00.000+0000,887414.2812963838,887414.2812963838,1270943.6838533597
2025-05-07T08:40:00.000+0000,887414.2812963838,887414.2812963838,1273361.3498419586
2025-05-07T08:50:00.000+0000,887414.2812963838,887414.2812963838,1272721.7743548716
2025-05-07T09:00:00.000+0000,887414.2812963838,887414.2812963838,1273590.6723526763
2025-05-07T09:10:00.000+0000,887414.2812963838,887414.2812963838,1272361.0224004583
2025-05-07T09:20:00.000+0000,887414.2812963838,887414.2812963838,1272652.932962965
2025-05-07T09:30:00.000+0000,887414.2812963838,887414.2812963838,1271987.8686687453
2025-05-07T09:40:00.000+0000,887414.2812963838,887414.2812963838,1273927.673978976
2025-05-07T09:50:00.000+0000,887414.2812963838,887414.2812963838,1274006.3969168211
2025-05-07T10:00:00.000+0000,887414.2812963838,887414.2812963838,1273488.8056096165
2025-05-07T10:10:00.000+0000,887414.2812963838,887414.2812963838,1272912.655491726
2025-05-07T10:20:00.000+0000,887414.2812963838,887414.2812963838,1270936.5960224234
2025-05-07T10:30:00.000+0000,887414.2812963838,887414.2812963838,1269789.1867551182
2025-05-07T10:40:00.000+0000,887414.2812963838,887414.2812963838,1272550.8997037648
2025-05-07T10:50:00.000+0000,887414.2812963838,887414.2812963838,1271876.0704560878
2025-05-07T11:00:00.000+0000,887414.2812963838,887414.2812963838,1270593.3704340304
2025-05-07T11:10:00.000+0000,887414.2812963838,887414.2812963838,1272085.437230756
2025-05-07T11:20:00.000+0000,887414.2812963838,887414.2812963838,1271066.6590351155
2025-05-07T11:30:00.000+0000,887414.2812963838,887414.2812963838,1271182.3794287601
2025-05-07T11:40:00.000+0000,887414.2812963838,887414.2812963838,1272124.2475976744
2025-05-07T11:50:00.000+0000,887414.2812963838,887414.2812963838,1271461.0169068822
2025-05-07T12:00:00.000+0000,887414.2812963838,887414.2812963838,1270132.6041528024
2025-05-07T12:10:00.000+0000,887414.2812963838,887414.2812963838,1269665.2959555846
2025-05-07T12:20:00.000+0000,887414.2812963838,887414.2812963838,1269132.3057536376
2025-05-07T12:30:00.000+0000,887414.2812963838,887414.2812963838,1267585.0514255664
2025-05-07T12:40:00.000+0000,887414.2812963838,887414.2812963838,1267485.5807993703
2025-05-07T12:50:00.000+0000,887414.2812963838,887414.2812963838,1268550.683628508
2025-05-07T13:00:00.000+0000,887414.2812963838,887414.2812963838,1266325.8060620385
2025-05-07T13:10:00.000+0000,887414.2812963838,887414.2812963838,1265361.7155381846
2025-05-07T13:20:00.000+0000,887414.2812963838,887414.2812963838,1264265.0017886474
2025-05-07T13:30:00.000+0000,887414.2812963838,887414.2812963838,1265415.0999980243
2025-05-07T13:40:00.000+0000,887414.2812963838,887414.2812963838,1265714.9005603998
2025-05-07T13:50:00.000+0000,887414.2812963838,887414.2812963838,1265504.5186022653
2025-05-07T14:00:00.000+0000,887414.2812963838,887414.2812963838,1267765.1839587335
2025-05-07T14:10:00.000+0000,887414.2812963838,887414.2812963838,1269197.8734106245
2025-05-07T14:20:00.000+0000,887414.2812963838,887414.2812963838,1269159.8290146515
2025-05-07T14:30:00.000+0000,887414.2812963838,887414.2812963838,1270636.6607164326
2025-05-07T14:40:00.000+0000,887414.2812963838,887414.2812963838,1266483.3253892327
2025-05-07T14:50:00.000+0000,887414.2812963838,887414.2812963838,1262479.2771553942
2025-05-07T15:00:00.000+0000,887414.2812963838,887414.2812963838,1261541.0884460912
2025-05-07T15:10:00.000+0000,887414.2812963838,887414.2812963838,1262400.2100903518
2025-05-07T15:20:00.000+0000,887414.2812963838,887414.2812963838,1263283.2794691653
2025-05-07T15:30:00.000+0000,887414.2812963838,887414.2812963838,1261488.6392015573
2025-05-07T15:40:00.000+0000,887414.2812963838,887414.2812963838,1261120.8492237101
2025-05-07T15:50:00.000+0000,887414.2812963838,887414.2812963838,1260395.0949662994
2025-05-07T16:00:00.000+0000,887414.2812963838,887414.2812963838,1258724.1462851504
2025-05-07T16:10:00.000+0000,887414.2812963838,887414.2812963838,1257922.9436163954
2025-05-07T16:20:00.000+0000,887414.2812963838,887414.2812963838,1255680.2784696904
2025-05-07T16:30:00.000+0000,887414.2812963838,887414.2812963838,1254913.7762743246
2025-05-07T16:40:00.000+0000,887414.2812963838,887414.2812963838,1257220.8589459977
2025-05-07T16:50:00.000+0000,887414.2812963838,887414.2812963838,1261235.1344745336
2025-05-07T17:00:00.000+0000,887414.2812963838,887414.2812963838,1260394.588310319
2025-05-07T17:10:00.000+0000,887414.2812963838,887414.2812963838,1259572.272773359
2025-05-07T17:20:00.000+0000,887414.2812963838,887414.2812963838,1258909.6852002286
2025-05-07T17:30:00.000+0000,887414.2812963838,887414.2812963838,1257020.2068410446
2025-05-07T17:40:00.000+0000,887414.2812963838,887414.2812963838,1256799.5855589306
2025-05-07T17:50:00.000+0000,887414.2812963838,887414.2812963838,1251738.8902572817
2025-05-07T18:00:00.000+0000,887414.2812963838,887414.2812963838,1249688.8819159507
2025-05-07T18:10:00.000+0000,887414.2812963838,887414.2812963838,1250142.2617243542
2025-05-07T18:20:00.000+0000,887414.2812963838,887414.2812963838,1258119.0104430965
2025-05-07T18:30:00.000+0000,887414.2812963838,887414.2812963838,1259013.914366806
2025-05-07T18:40:00.000+0000,887414.2812963838,887414.2812963838,1254654.6683318526
2025-05-07T18:50:00.000+0000,887414.2812963838,887414.2812963838,1252480.3149062674
2025-05-07T19:00:00.000+0000,887414.2812963838,887414.2812963838,1256562.0078142742
2025-05-07T19:10:00.000+0000,887414.2812963838,887414.2812963838,1256537.0274932976
2025-05-07T19:20:00.000+0000,887414.2812963838,887414.2812963838,1251178.6692227528
2025-05-07T19:30:00.000+0000,887414.2812963838,887414.2812963838,1248708.449171313
2025-05-07T19:40:00.000+0000,887414.2812963838,887414.2812963838,1252074.2629082315
2025-05-07T19:50:00.000+0000,887414.2812963838,887414.2812963838,1252971.7938703876
2025-05-07T20:00:00.000+0000,887414.2812963838,887414.2812963838,1252884.951548024
2025-05-07T20:10:00.000+0000,887414.2812963838,887414.2812963838,1254666.1564368545
2025-05-07T20:20:00.000+0000,887414.2812963838,887414.2812963838,1253676.4207305703
2025-05-07T20:30:00.000+0000,887414.2812963838,887414.2812963838,1253578.2740381893
2025-05-07T20:40:00.000+0000,887414.2812963838,887414.2812963838,1251901.4250100085
2025-05-07T20:50:00.000+0000,887414.2812963838,887414.2812963838,1255495.1341655897
2025-05-07T21:00:00.000+0000,887414.2812963838,887414.2812963838,1257526.9356417947
2025-05-07T21:10:00.000+0000,887414.2812963838,887414.2812963838,1259946.491939045
2025-05-07T21:20:00.000+0000,887414.2812963838,887414.2812963838,1261837.0868855459
2025-05-07T21:30:00.000+0000,887414.2812963838,887414.2812963838,1261929.3981108707
2025-05-07T21:40:00.000+0000,887414.2812963838,887414.2812963838,1263476.7050317035
2025-05-07T21:50:00.000+0000,887414.2812963838,887414.2812963838,1262673.4846573183
2025-05-07T22:00:00.000+0000,887414.2812963838,887414.2812963838,1265169.0700443296
2025-05-07T22:10:00.000+0000,887414.2812963838,887414.2812963838,1264899.4797848298
2025-05-07T22:20:00.000+0000,887414.2812963838,887414.2812963838,1264561.8784438241
2025-05-07T22:30:00.000+0000,887414.2812963838,887414.2812963838,1266104.9108433211
2025-05-07T22:40:00.000+0000,887414.2812963838,887414.2812963838,1268805.7167037532
2025-05-07T22:50:00.000+0000,887414.2812963838,887414.2812963838,1268497.250066149
2025-05-07T23:00:00.000+0000,887414.2812963838,887414.2812963838,1268923.0486697892
2025-05-07T23:10:00.000+0000,887414.2812963838,887414.2812963838,1271182.694527469
2025-05-07T23:20:00.000+0000,887414.2812963838,887414.2812963838,1269565.5524373972
2025-05-07T23:30:00.000+0000,887414.2812963838,887414.2812963838,1267122.4256580295
2025-05-07T23:40:00.000+0000,887414.2812963838,887414.2812963838,1264812.366123119
2025-05-07T23:50:00.000+0000,887414.2812963838,887414.2812963838,1265120.9998449718
2025-05-08T00:00:00.000+0000,887414.2812963838,887414.2812963838,1265389.103841805
2025-05-08T00:10:00.000+0000,887414.2812963838,887414.2812963838,1266213.422810373
2025-05-08T00:20:00.000+0000,887414.2812963838,887414.2812963838,1266761.5267298273
2025-05-08T00:30:00.000+0000,887414.2812963838,887414.2812963838,1264568.8538498096
2025-05-08T00:40:00.000+0000,887414.2812963838,887414.2812963838,1264471.3031633198
2025-05-08T00:50:00.000+0000,887414.2812963838,887414.2812963838,1266290.7452015812
2025-05-08T01:00:00.000+0000,887414.2812963838,887414.2812963838,1279671.902727346
2025-05-08T01:10:00.000+0000,887414.2812963838,887414.2812963838,1274354.2908460526
2025-05-08T01:20:00.000+0000,887414.2812963838,887414.2812963838,1277834.5139365215
2025-05-08T01:30:00.000+0000,887414.2812963838,887414.2812963838,1276995.9196853233
2025-05-08T01:40:00.000+0000,887414.2812963838,887414.2812963838,1275215.3487952356
2025-05-08T01:50:00.000+0000,887414.2812963838,887414.2812963838,1272766.9471915956
2025-05-08T02:00:00.000+0000,887414.2812963838,887414.2812963838,1275505.9813336004
2025-05-08T02:10:00.000+0000,887414.2812963838,887414.2812963838,1277653.6803852427
2025-05-08T02:20:00.000+0000,887414.2812963838,887414.2812963838,1279583.7610702529
2025-05-08T02:30:00.000+0000,887414.2812963838,887414.2812963838,1286007.9814646617
2025-05-08T02:40:00.000+0000,887414.2812963838,887414.2812963838,1286415.613105078
2025-05-08T02:50:00.000+0000,887414.2812963838,887414.2812963838,1286620.201854054
2025-05-08T03:00:00.000+0000,887414.2812963838,887414.2812963838,1285762.0760694798
2025-05-08T03:10:00.000+0000,887414.2812963838,887414.2812963838,1290849.5367147876
2025-05-08T03:20:00.000+0000,887414.2812963838,887414.2812963838,1292297.862880725
2025-05-08T03:30:00.000+0000,887414.2812963838,887414.2812963838,1291794.1028738054
2025-05-08T03:40:00.000+0000,887414.2812963838,887414.2812963838,1295344.596683175
2025-05-08T03:50:00.000+0000,887414.2812963838,887414.2812963838,1299214.967112024
2025-05-08T04:00:00.000+0000,887414.2812963838,887414.2812963838,1307065.8887006927
2025-05-08T04:10:00.000+0000,887414.2812963838,887414.2812963838,1307091.4432591102
2025-05-08T04:20:00.000+0000,887414.2812963838,887414.2812963838,1308335.0504987333
2025-05-08T04:30:00.000+0000,887414.2812963838,887414.2812963838,1308916.818012519
2025-05-08T04:40:00.000+0000,887414.2812963838,887414.2812963838,1305600.6241938942
2025-05-08T04:50:00.000+0000,887414.2812963838,887414.2812963838,1303076.9581442373
2025-05-08T05:00:00.000+0000,887414.2812963838,887414.2812963838,1303534.5438054581
2025-05-08T05:10:00.000+0000,887414.2812963838,887414.2812963838,1301233.526836189
2025-05-08T05:20:00.000+0000,887414.2812963838,887414.2812963838,1299868.3097401147
2025-05-08T05:30:00.000+0000,887414.2812963838,887414.2812963838,1301595.1378104724
2025-05-08T05:40:00.000+0000,887414.2812963838,887414.2812963838,1302446.0671090614
2025-05-08T05:50:00.000+0000,887414.2812963838,887414.2812963838,1300910.3651978597
2025-05-08T06:00:00.000+0000,887414.2812963838,887414.2812963838,1301017.7679725364
2025-05-08T06:10:00.000+0000,887414.2812963838,887414.2812963838,1302715.2811262794
2025-05-08T06:20:00.000+0000,887414.2812963838,887414.2812963838,1302980.6339583977
2025-05-08T06:30:00.000+0000,887414.2812963838,887414.2812963838,1302699.1071003438
2025-05-08T06:40:00.000+0000,887414.2812963838,887414.2812963838,1303815.0901263999
2025-05-08T06:50:00.000+0000,887414.2812963838,887414.2812963838,1304752.5900407878
2025-05-08T07:00:00.000+0000,887414.2812963838,887414.2812963838,1306074.0330864755
2025-05-08T07:10:00.000+0000,887414.2812963838,887414.2812963838,1307332.073327898
2025-05-08T07:20:00.000+0000,887414.2812963838,887414.2812963838,1309117.5990355664
2025-05-08T07:30:00.000+0000,887414.2812963838,887414.2812963838,1309890.1622439255
2025-05-08T07:40:00.000+0000,887414.2812963838,887414.2812963838,1314230.896830081
2025-05-08T07:50:00.000+0000,887414.2812963838,887414.2812963838,1313618.3634636917
2025-05-08T08:00:00.000+0000,887414.2812963838,887414.2812963838,1314324.9978679433
2025-05-08T08:10:00.000+0000,887414.2812963838,887414.2812963838,1316579.6376040834
2025-05-08T08:20:00.000+0000,887414.2812963838,887414.2812963838,1317468.1846877295
2025-05-08T08:30:00.000+0000,887414.2812963838,887414.2812963838,1318109.5077727549
2025-05-08T08:40:00.000+0000,887414.2812963838,887414.2812963838,1321848.5245634385
2025-05-08T08:50:00.000+0000,887414.2812963838,887414.2812963838,1321039.8405003115
2025-05-08T09:00:00.000+0000,887414.2812963838,887414.2812963838,1319044.8799972925
2025-05-08T09:10:00.000+0000,887414.2812963838,887414.2812963838,1320434.1572666117
2025-05-08T09:20:00.000+0000,887414.2812963838,887414.2812963838,1321156.9667778397
2025-05-08T09:30:00.000+0000,887414.2812963838,887414.2812963838,1320540.1022853367
2025-05-08T09:40:00.000+0000,887414.2812963838,887414.2812963838,1321366.9558025873
2025-05-08T09:50:00.000+0000,887414.2812963838,887414.2812963838,1323698.9531217096
2025-05-08T10:00:00.000+0000,887414.2812963838,887414.2812963838,1327945.8785332567
2025-05-08T10:10:00.000+0000,887414.2812963838,887414.2812963838,1327801.7436274865
2025-05-08T10:20:00.000+0000,887414.2812963838,887414.2812963838,1330012.3873323733
2025-05-08T10:30:00.000+0000,887414.2812963838,887414.2812963838,1329785.4186234747
2025-05-08T10:40:00.000+0000,887414.2812963838,887414.2812963838,1329737.3734730775
2025-05-08T10:50:00.000+0000,887414.2812963838,887414.2812963838,1331458.9017410898
2025-05-08T11:00:00.000+0000,887414.2812963838,887414.2812963838,1330656.1387970322
2025-05-08T11:10:00.000+0000,887414.2812963838,887414.2812963838,1330028.47560095
2025-05-08T11:20:00.000+0000,887414.2812963838,887414.2812963838,1327179.4322535032
2025-05-08T11:30:00.000+0000,887414.2812963838,887414.2812963838,1325707.6440754237
2025-05-08T11:40:00.000+0000,887414.2812963838,887414.2812963838,1328491.2153943835
2025-05-08T11:50:00.000+0000,887414.2812963838,887414.2812963838,1330170.3727637324
2025-05-08T12:00:00.000+0000,887414.2812963838,887414.2812963838,1330000.9080312129
2025-05-08T12:10:00.000+0000,887414.2812963838,887414.2812963838,1330645.9272334557
2025-05-08T12:20:00.000+0000,887414.2812963838,887414.2812963838,1334034.661277547
2025-05-08T12:30:00.000+0000,887414.2812963838,887414.2812963838,1330678.0067676683
2025-05-08T12:40:00.000+0000,887414.2812963838,887414.2812963838,1330733.7898668
2025-05-08T12:50:00.000+0000,887414.2812963838,887414.2812963838,1330602.6295836994
2025-05-08T13:00:00.000+0000,887414.2812963838,887414.2812963838,1331851.4890098057
2025-05-08T13:10:00.000+0000,887414.2812963838,887414.2812963838,1332876.9438375698
2025-05-08T13:20:00.000+0000,887414.2812963838,887414.2812963838,1333451.0639537764
2025-05-08T13:30:00.000+0000,887414.2812963838,887414.2812963838,1333363.0320465134
2025-05-08T13:40:00.000+0000,887414.2812963838,887414.2812963838,1331234.5138163292
2025-05-08T13:50:00.000+0000,887414.2812963838,887414.2812963838,1332843.5201153376
2025-05-08T14:00:00.000+0000,887414.2812963838,887414.2812963838,1334979.579968858
2025-05-08T14:10:00.000+0000,887414.2812963838,887414.2812963838,1332170.9201415356
2025-05-08T14:20:00.000+0000,887414.2812963838,887414.2812963838,1334294.7568094078
2025-05-08T14:30:00.000+0000,887414.2812963838,887414.2812963838,1340092.627077936
2025-05-08T14:40:00.000+0000,887414.2812963838,887414.2812963838,1342297.3369935048
2025-05-08T14:50:00.000+0000,887414.2812963838,887414.2812963838,1344131.2397279823
2025-05-08T15:00:00.000+0000,887414.2812963838,887414.2812963838,1345663.8094403613
2025-05-08T15:10:00.000+0000,887414.2812963838,887414.2812963838,1351333.7938745318
2025-05-08T15:20:00.000+0000,887414.2812963838,887414.2812963838,1352393.8881049703
2025-05-08T15:30:00.000+0000,887414.2812963838,887414.2812963838,1362754.549439765
2025-05-08T15:40:00.000+0000,887414.2812963838,887414.2812963838,1375365.2409534976
2025-05-08T15:50:00.000+0000,887414.2812963838,887414.2812963838,1371650.4457000264
2025-05-08T16:00:00.000+0000,887414.2812963838,887414.2812963838,1369613.389421334
2025-05-08T16:10:00.000+0000,887414.2812963838,887414.2812963838,1374255.851790327
2025-05-08T16:20:00.000+0000,887414.2812963838,887414.2812963838,1370983.8286209914
2025-05-08T16:30:00.000+0000,887414.2812963838,887414.2812963838,1369501.1775416518
2025-05-08T16:40:00.000+0000,887414.2812963838,887414.2812963838,1373737.9518559065
2025-05-08T16:50:00.000+0000,887414.2812963838,887414.2812963838,1374524.1783312354
2025-05-08T17:00:00.000+0000,887414.2812963838,887414.2812963838,1372152.3764848271
2025-05-08T17:10:00.000+0000,887414.2812963838,887414.2812963838,1373642.0705576302
2025-05-08T17:20:00.000+0000,887414.2812963838,887414.2812963838,1374612.891745787
2025-05-08T17:30:00.000+0000,887414.2812963838,887414.2812963838,1372305.6242443477
2025-05-08T17:40:00.000+0000,887414.2812963838,887414.2812963838,1367234.8509777864
2025-05-08T17:50:00.000+0000,887414.2812963838,887414.2812963838,1369825.197959708
2025-05-08T18:00:00.000+0000,887414.2812963838,887414.2812963838,1370327.2869450818
2025-05-08T18:10:00.000+0000,887414.2812963838,887414.2812963838,1374544.9273172296
2025-05-08T18:20:00.000+0000,887414.2812963838,887414.2812963838,1376257.558768604
2025-05-08T18:30:00.000+0000,887414.2812963838,887414.2812963838,1377461.4005252752
2025-05-08T18:40:00.000+0000,887414.2812963838,887414.2812963838,1378795.946391033
2025-05-08T18:50:00.000+0000,887414.2812963838,887414.2812963838,1378044.7860248399
2025-05-08T19:00:00.000+0000,887414.2812963838,887414.2812963838,1378025.0581729359
2025-05-08T19:10:00.000+0000,887414.2812963838,887414.2812963838,1377529.5026688979
2025-05-08T19:20:00.000+0000,887414.2812963838,887414.2812963838,1380026.0141975647
2025-05-08T19:30:00.000+0000,887414.2812963838,887414.2812963838,1379512.5983845582
2025-05-08T19:40:00.000+0000,887414.2812963838,887414.2812963838,1380331.508864203
2025-05-08T19:50:00.000+0000,887414.2812963838,887414.2812963838,1385582.50325773
2025-05-08T20:00:00.000+0000,887414.2812963838,887414.2812963838,1393702.19218554
2025-05-08T20:10:00.000+0000,887414.2812963838,887414.2812963838,1389908.1348304297
2025-05-08T20:20:00.000+0000,887414.2812963838,887414.2812963838,1391901.3201345624
2025-05-08T20:30:00.000+0000,887414.2812963838,887414.2812963838,1397030.7290776628
2025-05-08T20:40:00.000+0000,887414.2812963838,887414.2812963838,1405821.343659537
2025-05-08T20:50:00.000+0000,887414.2812963838,887414.2812963838,1413268.7099015461
2025-05-08T21:00:00.000+0000,887414.2812963838,887414.2812963838,1407756.8895770921
2025-05-08T21:10:00.000+0000,887414.2812963838,887414.2812963838,1412815.2449334506
2025-05-08T21:20:00.000+0000,887414.2812963838,887414.2812963838,1423449.587621344
2025-05-08T21:30:00.000+0000,887414.2812963838,887414.2812963838,1421132.876500341
2025-05-08T21:40:00.000+0000,887414.2812963838,887414.2812963838,1413001.853015121
2025-05-08T21:50:00.000+0000,887414.2812963838,887414.2812963838,1408891.5151725973
2025-05-08T22:00:00.000+0000,887414.2812963838,887414.2812963838,1409534.8545651643
2025-05-08T22:10:00.000+0000,887414.2812963838,887414.2812963838,1408611.7816261644
2025-05-08T22:20:00.000+0000,887414.2812963838,887414.2812963838,1412995.1269082543
2025-05-08T22:30:00.000+0000,887414.2812963838,887414.2812963838,1411425.0606789691
2025-05-08T22:40:00.000+0000,887414.2812963838,887414.2812963838,1414653.8681211353
2025-05-08T22:50:00.000+0000,887414.2812963838,887414.2812963838,1415630.6800981925
2025-05-08T23:00:00.000+0000,887414.2812963838,887414.2812963838,1412616.1215313124
2025-05-08T23:10:00.000+0000,887414.2812963838,887414.2812963838,1416982.6056672127
2025-05-08T23:20:00.000+0000,887414.2812963838,887414.2812963838,1420039.3028130848
2025-05-08T23:30:00.000+0000,887414.2812963838,887414.2812963838,1420312.1373221641
2025-05-08T23:40:00.000+0000,887414.2812963838,887414.2812963838,1425440.3123105555
2025-05-08T23:50:00.000+0000,887414.2812963838,887414.2812963838,1426252.840395114
2025-05-09T00:00:00.000+0000,887414.2812963838,887414.2812963838,1426205.277010182
2025-05-09T00:10:00.000+0000,887414.2812963838,887414.2812963838,1424532.2944679188
2025-05-09T00:20:00.000+0000,887414.2812963838,887414.2812963838,1422479.8524116778
2025-05-09T00:30:00.000+0000,887414.2812963838,887414.2812963838,1419726.28584396
2025-05-09T00:40:00.000+0000,887414.2812963838,887414.2812963838,1421893.747218587
2025-05-09T00:50:00.000+0000,887414.2812963838,887414.2812963838,1422989.6552568094
2025-05-09T01:00:00.000+0000,887414.2812963838,887414.2812963838,1419966.569623469
2025-05-09T01:10:00.000+0000,887414.2812963838,887414.2812963838,1424823.9563623657
2025-05-09T01:20:00.000+0000,887414.2812963838,887414.2812963838,1422615.7059299664
2025-05-09T01:30:00.000+0000,887414.2812963838,887414.2812963838,1421224.0289403147
2025-05-09T01:40:00.000+0000,887414.2812963838,887414.2812963838,1421489.5816993304
2025-05-09T01:50:00.000+0000,887414.2812963838,887414.2812963838,1424114.559373554
2025-05-09T02:00:00.000+0000,887414.2812963838,887414.2812963838,1425223.8337597183
2025-05-09T02:10:00.000+0000,887414.2812963838,887414.2812963838,1425010.715063477
2025-05-09T02:20:00.000+0000,887414.2812963838,887414.2812963838,1422074.094855511
2025-05-09T02:30:00.000+0000,887414.2812963838,887414.2812963838,1421899.1623355292
2025-05-09T02:40:00.000+0000,887414.2812963838,887414.2812963838,1422688.079135201
2025-05-09T02:50:00.000+0000,887414.2812963838,887414.2812963838,1424237.7602577729
2025-05-09T03:00:00.000+0000,887414.2812963838,887414.2812963838,1424659.2490793858
2025-05-09T03:10:00.000+0000,887414.2812963838,887414.2812963838,1430750.845626557
2025-05-09T03:20:00.000+0000,887414.2812963838,887414.2812963838,1429322.3733842713
2025-05-09T03:30:00.000+0000,887414.2812963838,887414.2812963838,1424781.3074156484
2025-05-09T03:40:00.000+0000,887414.2812963838,887414.2812963838,1423261.1688241353
2025-05-09T03:50:00.000+0000,887414.2812963838,887414.2812963838,1418441.3667450575
2025-05-09T04:00:00.000+0000,887414.2812963838,887414.2812963838,1418260.6876600254
2025-05-09T04:10:00.000+0000,887414.2812963838,887414.2812963838,1421923.0411387323
2025-05-09T04:20:00.000+0000,887414.2812963838,887414.2812963838,1422730.1952350065
2025-05-09T04:30:00.000+0000,887414.2812963838,887414.2812963838,1420718.3906943959
2025-05-09T04:40:00.000+0000,887414.2812963838,887414.2812963838,1421936.2764764258
2025-05-09T04:50:00.000+0000,887414.2812963838,887414.2812963838,1423435.10132867
2025-05-09T05:00:00.000+0000,887414.2812963838,887414.2812963838,1423301.3151590512
2025-05-09T05:10:00.000+0000,887414.2812963838,887414.2812963838,1424885.6111443287
2025-05-09T05:20:00.000+0000,887414.2812963838,887414.2812963838,1423529.4646351598
2025-05-09T05:30:00.000+0000,887414.2812963838,887414.2812963838,1424691.2992494213
2025-05-09T05:40:00.000+0000,887414.2812963838,887414.2812963838,1426350.6734164327
2025-05-09T05:50:00.000+0000,887414.2812963838,887414.2812963838,1425439.1635254957
2025-05-09T06:00:00.000+0000,887414.2812963838,887414.2812963838,1427583.6467013403
2025-05-09T06:10:00.000+0000,887414.2812963838,887414.2812963838,1428636.4715506278
2025-05-09T06:20:00.000+0000,887414.2812963838,887414.2812963838,1434280.9981545624
2025-05-09T06:30:00.000+0000,887414.2812963838,887414.2812963838,1436052.9433182694
2025-05-09T06:40:00.000+0000,887414.2812963838,887414.2812963838,1435337.713934191
2025-05-09T06:50:00.000+0000,887414.2812963838,887414.2812963838,1440244.0763562503
2025-05-09T07:00:00.000+0000,887414.2812963838,887414.2812963838,1445207.3311131154
2025-05-09T07:10:00.000+0000,887414.2812963838,887414.2812963838,1452569.198579815
2025-05-09T07:20:00.000+0000,887414.2812963838,887414.2812963838,1454235.6453713446
2025-05-09T07:30:00.000+0000,887414.2812963838,887414.2812963838,1454838.8863137062
2025-05-09T07:40:00.000+0000,887414.2812963838,887414.2812963838,1458130.258310334
2025-05-09T07:50:00.000+0000,887414.2812963838,887414.2812963838,1471736.9812022343
2025-05-09T08:00:00.000+0000,887414.2812963838,887414.2812963838,1473279.1539408949
2025-05-09T08:10:00.000+0000,887414.2812963838,887414.2812963838,1475765.4159573927
2025-05-09T08:20:00.000+0000,887414.2812963838,887414.2812963838,1479227.6122817628
2025-05-09T08:30:00.000+0000,887414.2812963838,887414.2812963838,1493463.715701523
2025-05-09T08:40:00.000+0000,887414.2812963838,887414.2812963838,1471451.0091665487
2025-05-09T08:50:00.000+0000,887414.2812963838,887414.2812963838,1478694.8930853382
2025-05-09T09:00:00.000+0000,887414.2812963838,887414.2812963838,1473558.6356320693
2025-05-09T09:10:00.000+0000,887414.2812963838,887414.2812963838,1460948.047417498
2025-05-09T09:20:00.000+0000,887414.2812963838,887414.2812963838,1452197.5815521535
2025-05-09T09:30:00.000+0000,887414.2812963838,887414.2812963838,1455389.1472437826
2025-05-09T09:40:00.000+0000,887414.2812963838,887414.2812963838,1463240.6914724354
2025-05-09T09:50:00.000+0000,887414.2812963838,887414.2812963838,1459049.197184918
2025-05-09T10:00:00.000+0000,887414.2812963838,887414.2812963838,1464996.2139411364
2025-05-09T10:10:00.000+0000,887414.2812963838,887414.2812963838,1471548.13420195
2025-05-09T10:20:00.000+0000,887414.2812963838,887414.2812963838,1467665.918195335
2025-05-09T10:30:00.000+0000,887414.2812963838,887414.2812963838,1467917.7511190325
2025-05-09T10:40:00.000+0000,887414.2812963838,887414.2812963838,1473158.2116374245
2025-05-09T10:50:00.000+0000,887414.2812963838,887414.2812963838,1482570.340602034
2025-05-09T11:00:00.000+0000,887414.2812963838,887414.2812963838,1486092.4267161544
2025-05-09T11:10:00.000+0000,887414.2812963838,887414.2812963838,1491930.5779008276
2025-05-09T11:20:00.000+0000,887414.2812963838,887414.2812963838,1482445.7405907316
2025-05-09T11:30:00.000+0000,887414.2812963838,887414.2812963838,1484944.1984903365
2025-05-09T11:40:00.000+0000,887414.2812963838,887414.2812963838,1487425.2722650007
2025-05-09T11:50:00.000+0000,887414.2812963838,887414.2812963838,1486892.5909542176
2025-05-09T12:00:00.000+0000,887414.2812963838,887414.2812963838,1477363.7686202265
2025-05-09T12:10:00.000+0000,887414.2812963838,887414.2812963838,1474818.9462925387
2025-05-09T12:20:00.000+0000,887414.2812963838,887414.2812963838,1481574.2640594393
2025-05-09T12:30:00.000+0000,887414.2812963838,887414.2812963838,1482746.5796832847
2025-05-09T12:40:00.000+0000,887414.2812963838,887414.2812963838,1483166.7535856157
2025-05-09T12:50:00.000+0000,887414.2812963838,887414.2812963838,1483646.6047585711
2025-05-09T13:00:00.000+0000,887414.2812963838,887414.2812963838,1486185.8141198724
2025-05-09T13:10:00.000+0000,887414.2812963838,887414.2812963838,1484066.2916537358
2025-05-09T13:20:00.000+0000,887414.2812963838,887414.2812963838,1482820.3479197063
2025-05-09T13:30:00.000+0000,887414.2812963838,887414.2812963838,1480643.5584369563
2025-05-09T13:40:00.000+0000,887414.2812963838,887414.2812963838,1488495.215710808
2025-05-09T13:50:00.000+0000,887414.2812963838,887414.2812963838,1495979.0832559029
2025-05-09T14:00:00.000+0000,887414.2812963838,887414.2812963838,1485615.46788968
2025-05-09T14:10:00.000+0000,887414.2812963838,887414.2812963838,1487654.2667067533
2025-05-09T14:20:00.000+0000,887414.2812963838,887414.2812963838,1467130.163596176
2025-05-09T14:30:00.000+0000,887414.2812963838,887414.2812963838,1455400.4331110034
2025-05-09T14:40:00.000+0000,887414.2812963838,887414.2812963838,1460579.8161193812
2025-05-09T14:50:00.000+0000,887414.2812963838,887414.2812963838,1465356.601399804
2025-05-09T15:00:00.000+0000,887414.2812963838,887414.2812963838,1467692.4897152546
2025-05-09T15:10:00.000+0000,887414.2812963838,887414.2812963838,1471509.6188468223
2025-05-09T15:20:00.000+0000,887414.2812963838,887414.2812963838,1462814.4284430742
2025-05-09T15:30:00.000+0000,887414.2812963838,887414.2812963838,1461920.4110446377
2025-05-09T15:40:00.000+0000,887414.2812963838,887414.2812963838,1462310.391908206
2025-05-09T15:50:00.000+0000,887414.2812963838,887414.2812963838,1469253.0350287426
2025-05-09T16:00:00.000+0000,887414.2812963838,887414.2812963838,1458481.3813138863
2025-05-09T16:10:00.000+0000,887414.2812963838,887414.2812963838,1461514.697332461
2025-05-09T16:20:00.000+0000,887414.2812963838,887414.2812963838,1469108.111078104
2025-05-09T16:30:00.000+0000,887414.2812963838,887414.2812963838,1470144.1726790993
2025-05-09T16:40:00.000+0000,887414.2812963838,887414.2812963838,1467524.2886786386
2025-05-09T16:50:00.000+0000,887414.2812963838,887414.2812963838,1462656.595988268
2025-05-09T17:00:00.000+0000,887414.2812963838,887414.2812963838,1463104.3650041372
2025-05-09T17:10:00.000+0000,887414.2812963838,887414.2812963838,1473465.7736249873
2025-05-09T17:20:00.000+0000,887414.2812963838,887414.2812963838,1478524.3918564809
2025-05-09T17:30:00.000+0000,887414.2812963838,887414.2812963838,1480721.9724354376
2025-05-09T17:40:00.000+0000,887414.2812963838,887414.2812963838,1482218.7286768386
2025-05-09T17:50:00.000+0000,887414.2812963838,887414.2812963838,1485232.7743033953
2025-05-09T18:00:00.000+0000,887414.2812963838,887414.2812963838,1483686.0633451543
2025-05-09T18:10:00.000+0000,887414.2812963838,887414.2812963838,1483019.9226647795
2025-05-09T18:20:00.000+0000,887414.2812963838,887414.2812963838,1482312.6576171236
2025-05-09T18:30:00.000+0000,887414.2812963838,887414.2812963838,1483738.2549405436
2025-05-09T18:40:00.000+0000,887414.2812963838,887414.2812963838,1484952.8256030353
2025-05-09T18:50:00.000+0000,887414.2812963838,887414.2812963838,1484930.124124146
2025-05-09T19:00:00.000+0000,887414.2812963838,887414.2812963838,1484201.0409457383
2025-05-09T19:10:00.000+0000,887414.2812963838,887414.2812963838,1477944.0497945477
2025-05-09T19:20:00.000+0000,887414.2812963838,887414.2812963838,1474886.9466000656
2025-05-09T19:30:00.000+0000,887414.2812963838,887414.2812963838,1477561.991641523
2025-05-09T19:40:00.000+0000,887414.2812963838,887414.2812963838,1477783.5928080124
2025-05-09T19:50:00.000+0000,887414.2812963838,887414.2812963838,1478842.8454352794
2025-05-09T20:00:00.000+0000,887414.2812963838,887414.2812963838,1481896.9248644854
2025-05-09T20:10:00.000+0000,887414.2812963838,887414.2812963838,1485373.0908481022
2025-05-09T20:20:00.000+0000,887414.2812963838,887414.2812963838,1487965.727465691
2025-05-09T20:30:00.000+0000,887414.2812963838,887414.2812963838,1483452.1140121105
2025-05-09T20:40:00.000+0000,887414.2812963838,887414.2812963838,1483657.0974282506
2025-05-09T20:50:00.000+0000,887414.2812963838,887414.2812963838,1485099.5093088225
2025-05-09T21:00:00.000+0000,887414.2812963838,887414.2812963838,1486433.0023270817
2025-05-09T21:10:00.000+0000,887414.2812963838,887414.2812963838,1481049.1758757262
2025-05-09T21:20:00.000+0000,887414.2812963838,887414.2812963838,1477589.5015066944
2025-05-09T21:30:00.000+0000,887414.2812963838,887414.2812963838,1483327.346985633
2025-05-09T21:40:00.000+0000,887414.2812963838,887414.2812963838,1481068.8870109078
2025-05-09T21:50:00.000+0000,887414.2812963838,887414.2812963838,1483352.6882075695
2025-05-09T22:00:00.000+0000,887414.2812963838,887414.2812963838,1484183.6601534479
2025-05-09T22:10:00.000+0000,887414.2812963838,887414.2812963838,1483065.9477377334
2025-05-09T22:20:00.000+0000,887414.2812963838,887414.2812963838,1485680.337243781
2025-05-09T22:30:00.000+0000,887414.2812963838,887414.2812963838,1486528.0469922156
2025-05-09T22:40:00.000+0000,887414.2812963838,887414.2812963838,1485939.4833916603
2025-05-09T22:50:00.000+0000,887414.2812963838,887414.2812963838,1485199.1368399188
2025-05-09T23:00:00.000+0000,887414.2812963838,887414.2812963838,1484805.6857840584
2025-05-09T23:10:00.000+0000,887414.2812963838,887414.2812963838,1486428.5352806607
2025-05-09T23:20:00.000+0000,887414.2812963838,887414.2812963838,1486916.9809175807
2025-05-09T23:30:00.000+0000,887414.2812963838,887414.2812963838,1484981.367827111
2025-05-09T23:40:00.000+0000,887414.2812963838,887414.2812963838,1484722.7744987695
2025-05-09T23:50:00.000+0000,887414.2812963838,887414.2812963838,1485823.644569341
2025-05-10T00:00:00.000+0000,887414.2812963838,887414.2812963838,1487919.7548012792
2025-05-10T00:10:00.000+0000,887414.2812963838,887414.2812963838,1491834.9967773256
2025-05-10T00:20:00.000+0000,887414.2812963838,887414.2812963838,1492351.002741626
2025-05-10T00:30:00.000+0000,887414.2812963838,887414.2812963838,1484770.1415947317
2025-05-10T00:40:00.000+0000,887414.2812963838,887414.2812963838,1479184.3618291018
2025-05-10T00:50:00.000+0000,887414.2812963838,887414.2812963838,1475749.159462176
2025-05-10T01:00:00.000+0000,887414.2812963838,887414.2812963838,1479808.610344858
2025-05-10T01:10:00.000+0000,887414.2812963838,887414.2812963838,1481171.1794818034
2025-05-10T01:20:00.000+0000,887414.2812963838,887414.2812963838,1484147.982197055
2025-05-10T01:30:00.000+0000,887414.2812963838,887414.2812963838,1485358.9963625048
2025-05-10T01:40:00.000+0000,887414.2812963838,887414.2812963838,1482830.6127740506
2025-05-10T01:50:00.000+0000,887414.2812963838,887414.2812963838,1480184.2261564217
2025-05-10T02:00:00.000+0000,887414.2812963838,887414.2812963838,1482185.2938606495
2025-05-10T02:10:00.000+0000,887414.2812963838,887414.2812963838,1480390.7123874887
2025-05-10T02:20:00.000+0000,887414.2812963838,887414.2812963838,1482223.937893571
2025-05-10T02:30:00.000+0000,887414.2812963838,887414.2812963838,1482668.0633121273
2025-05-10T02:40:00.000+0000,887414.2812963838,887414.2812963838,1486607.1209245673
2025-05-10T02:50:00.000+0000,887414.2812963838,887414.2812963838,1484864.078235236
2025-05-10T03:00:00.000+0000,887414.2812963838,887414.2812963838,1482057.0376942651
2025-05-10T03:10:00.000+0000,887414.2812963838,887414.2812963838,1482791.6830824907
2025-05-10T03:20:00.000+0000,887414.2812963838,887414.2812963838,1481774.916823999
2025-05-10T03:30:00.000+0000,887414.2812963838,887414.2812963838,1482441.5208400567
2025-05-10T03:40:00.000+0000,887414.2812963838,887414.2812963838,1480672.4306235998
2025-05-10T03:50:00.000+0000,887414.2812963838,887414.2812963838,1482782.5076271086
2025-05-10T04:00:00.000+0000,887414.2812963838,887414.2812963838,1477436.5744421773
2025-05-10T04:10:00.000+0000,887414.2812963838,887414.2812963838,1476609.02806575
2025-05-10T04:20:00.000+0000,887414.2812963838,887414.2812963838,1477896.359139711
2025-05-10T04:30:00.000+0000,887414.2812963838,887414.2812963838,1476187.666745502
2025-05-10T04:40:00.000+0000,887414.2812963838,887414.2812963838,1478506.2879912562
2025-05-10T04:50:00.000+0000,887414.2812963838,887414.2812963838,1479264.6130522683
2025-05-10T05:00:00.000+0000,887414.2812963838,887414.2812963838,1480813.2089110266
2025-05-10T05:10:00.000+0000,887414.2812963838,887414.2812963838,1479100.2849947913
2025-05-10T05:20:00.000+0000,887414.2812963838,887414.2812963838,1479766.0598159474
2025-05-10T05:30:00.000+0000,887414.2812963838,887414.2812963838,1479013.8705012582
2025-05-10T05:40:00.000+0000,887414.2812963838,887414.2812963838,1481556.3401908255
2025-05-10T05:50:00.000+0000,887414.2812963838,887414.2812963838,1482870.2518200076
2025-05-10T06:00:00.000+0000,887414.2812963838,887414.2812963838,1487207.2901363606
2025-05-10T06:10:00.000+0000,887414.2812963838,887414.2812963838,1489242.6189481854
2025-05-10T06:20:00.000+0000,887414.2812963838,887414.2812963838,1492226.3722577812
2025-05-10T06:30:00.000+0000,887414.2812963838,887414.2812963838,1492133.9320710627
2025-05-10T06:40:00.000+0000,887414.2812963838,887414.2812963838,1487336.2651777368
2025-05-10T06:50:00.000+0000,887414.2812963838,887414.2812963838,1487743.8964578062
2025-05-10T07:00:00.000+0000,887414.2812963838,887414.2812963838,1492806.3385225136
2025-05-10T07:10:00.000+0000,887414.2812963838,887414.2812963838,1491073.9628540191
2025-05-10T07:20:00.000+0000,887414.2812963838,887414.2812963838,1488175.5640781042
2025-05-10T07:30:00.000+0000,887414.2812963838,887414.2812963838,1490071.1654927512
2025-05-10T07:40:00.000+0000,887414.2812963838,887414.2812963838,1490609.6289335932
2025-05-10T07:50:00.000+0000,887414.2812963838,887414.2812963838,1491498.1103388122
2025-05-10T08:00:00.000+0000,887414.2812963838,887414.2812963838,1503490.9455212117
2025-05-10T08:10:00.000+0000,887414.2812963838,887414.2812963838,1503304.8904295582
2025-05-10T08:20:00.000+0000,887414.2812963838,887414.2812963838,1504295.965253387
2025-05-10T08:30:00.000+0000,887414.2812963838,887414.2812963838,1505899.13390057
2025-05-10T08:40:00.000+0000,887414.2812963838,887414.2812963838,1504606.6760935953
2025-05-10T08:50:00.000+0000,887414.2812963838,887414.2812963838,1492782.7712195015
2025-05-10T09:00:00.000+0000,887414.2812963838,887414.2812963838,1489770.7926521548
2025-05-10T09:10:00.000+0000,887414.2812963838,887414.2812963838,1488586.9136494575
2025-05-10T09:20:00.000+0000,887414.2812963838,887414.2812963838,1493118.8914116148
2025-05-10T09:30:00.000+0000,887414.2812963838,887414.2812963838,1494639.1058834852
2025-05-10T09:40:00.000+0000,887414.2812963838,887414.2812963838,1499859.9725583007
2025-05-10T09:50:00.000+0000,887414.2812963838,887414.2812963838,1502239.9472532985
2025-05-10T10:00:00.000+0000,887414.2812963838,887414.2812963838,1496269.2809574702
2025-05-10T10:10:00.000+0000,887414.2812963838,887414.2812963838,1500767.57266278
2025-05-10T10:20:00.000+0000,887414.2812963838,887414.2812963838,1500365.341293235
2025-05-10T10:30:00.000+0000,887414.2812963838,887414.2812963838,1501709.0294045086
2025-05-10T10:40:00.000+0000,887414.2812963838,887414.2812963838,1500189.529026615
2025-05-10T10:50:00.000+0000,887414.2812963838,887414.2812963838,1494219.4566356828
2025-05-10T11:00:00.000+0000,887414.2812963838,887414.2812963838,1492497.8672624968
2025-05-10T11:10:00.000+0000,887414.2812963838,887414.2812963838,1491771.6761961812
2025-05-10T11:20:00.000+0000,887414.2812963838,887414.2812963838,1491580.224729515
2025-05-10T11:30:00.000+0000,887414.2812963838,887414.2812963838,1488080.6140342979
2025-05-10T11:40:00.000+0000,887414.2812963838,887414.2812963838,1484180.701682868
2025-05-10T11:50:00.000+0000,887414.2812963838,887414.2812963838,1486039.5518592442
2025-05-10T12:00:00.000+0000,887414.2812963838,887414.2812963838,1487604.7856270114
2025-05-10T12:10:00.000+0000,887414.2812963838,887414.2812963838,1492399.9951230271
2025-05-10T12:20:00.000+0000,887414.2812963838,887414.2812963838,1494587.1284792153
2025-05-10T12:30:00.000+0000,887414.2812963838,887414.2812963838,1496894.6597448858
2025-05-10T12:40:00.000+0000,887414.2812963838,887414.2812963838,1495876.3358752946
2025-05-10T12:50:00.000+0000,887414.2812963838,887414.2812963838,1498828.00440983
2025-05-10T13:00:00.000+0000,887414.2812963838,887414.2812963838,1500316.6751953023
2025-05-10T13:10:00.000+0000,887414.2812963838,887414.2812963838,1499601.7542149671
2025-05-10T13:20:00.000+0000,887414.2812963838,887414.2812963838,1500036.9667362291
2025-05-10T13:30:00.000+0000,887414.2812963838,887414.2812963838,1500367.141485906
2025-05-10T13:40:00.000+0000,887414.2812963838,887414.2812963838,1501877.1748877235
2025-05-10T13:50:00.000+0000,887414.2812963838,887414.2812963838,1506441.3972402047
2025-05-10T14:00:00.000+0000,887414.2812963838,887414.2812963838,1502357.0359662792
2025-05-10T14:10:00.000+0000,887414.2812963838,887414.2812963838,1496183.675157513
2025-05-10T14:20:00.000+0000,887414.2812963838,887414.2812963838,1497407.946144547
2025-05-10T14:30:00.000+0000,887414.2812963838,887414.2812963838,1499906.5674540442
2025-05-10T14:40:00.000+0000,887414.2812963838,887414.2812963838,1501802.1144033074
2025-05-10T14:50:00.000+0000,887414.2812963838,887414.2812963838,1504747.3731761994
2025-05-10T15:00:00.000+0000,887414.2812963838,887414.2812963838,1504589.9861727138
2025-05-10T15:10:00.000+0000,887414.2812963838,887414.2812963838,1502485.7386010084
2025-05-10T15:20:00.000+0000,887414.2812963838,887414.2812963838,1503688.5845708505
2025-05-10T15:30:00.000+0000,887414.2812963838,887414.2812963838,1502423.9703032535
2025-05-10T15:40:00.000+0000,887414.2812963838,887414.2812963838,1504748.144671435
2025-05-10T15:50:00.000+0000,887414.2812963838,887414.2812963838,1502923.4936034852
2025-05-10T16:00:00.000+0000,887414.2812963838,887414.2812963838,1502152.5477724276
2025-05-10T16:10:00.000+0000,887414.2812963838,887414.2812963838,1503781.782510462
2025-05-10T16:20:00.000+0000,887414.2812963838,887414.2812963838,1508125.2593521455
2025-05-10T16:30:00.000+0000,887414.2812963838,887414.2812963838,1507206.2979626935
2025-05-10T16:40:00.000+0000,887414.2812963838,887414.2812963838,1512044.7608085829
2025-05-10T16:50:00.000+0000,887414.2812963838,887414.2812963838,1510552.925088955
2025-05-10T17:00:00.000+0000,887414.2812963838,887414.2812963838,1510802.7818649444
2025-05-10T17:10:00.000+0000,887414.2812963838,887414.2812963838,1516709.5778423771
2025-05-10T17:20:00.000+0000,887414.2812963838,887414.2812963838,1518726.7633665088
2025-05-10T17:30:00.000+0000,887414.2812963838,887414.2812963838,1520863.1116570572
2025-05-10T17:40:00.000+0000,887414.2812963838,887414.2812963838,1511790.4815322151
2025-05-10T17:50:00.000+0000,887414.2812963838,887414.2812963838,1511151.9660247378
2025-05-10T18:00:00.000+0000,887414.2812963838,887414.2812963838,1510780.2629828523
2025-05-10T18:10:00.000+0000,887414.2812963838,887414.2812963838,1514649.2888564642
2025-05-10T18:20:00.000+0000,887414.2812963838,887414.2812963838,1512074.4718701784
2025-05-10T18:30:00.000+0000,887414.2812963838,887414.2812963838,1511444.0583442613
2025-05-10T18:40:00.000+0000,887414.2812963838,887414.2812963838,1513903.4065940941
2025-05-10T18:50:00.000+0000,887414.2812963838,887414.2812963838,1517711.0176966866
2025-05-10T19:00:00.000+0000,887414.2812963838,887414.2812963838,1517447.7211173112
2025-05-10T19:10:00.000+0000,887414.2812963838,887414.2812963838,1514553.6706587658
2025-05-10T19:20:00.000+0000,887414.2812963838,887414.2812963838,1516520.3942991146
2025-05-10T19:30:00.000+0000,887414.2812963838,887414.2812963838,1516071.7859543718
2025-05-10T19:40:00.000+0000,887414.2812963838,887414.2812963838,1519649.991572177
2025-05-10T19:50:00.000+0000,887414.2812963838,887414.2812963838,1519616.7369938595
2025-05-10T20:00:00.000+0000,887414.2812963838,887414.2812963838,1514142.4512982497
2025-05-10T20:10:00.000+0000,887414.2812963838,887414.2812963838,1516097.0816427993
2025-05-10T20:20:00.000+0000,887414.2812963838,887414.2812963838,1516625.2752572978
2025-05-10T20:30:00.000+0000,887414.2812963838,887414.2812963838,1519980.050678439
2025-05-10T20:40:00.000+0000,887414.2812963838,887414.2812963838,1521172.4620484149
2025-05-10T20:50:00.000+0000,887414.2812963838,887414.2812963838,1520651.7131970967
2025-05-10T21:00:00.000+0000,887414.2812963838,887414.2812963838,1520385.6466993056
2025-05-10T21:10:00.000+0000,887414.2812963838,887414.2812963838,1523340.4206430553
2025-05-10T21:20:00.000+0000,887414.2812963838,887414.2812963838,1524784.418468139
2025-05-10T21:30:00.000+0000,887414.2812963838,887414.2812963838,1526762.5397007337
2025-05-10T21:40:00.000+0000,887414.2812963838,887414.2812963838,1527241.9208549182
2025-05-10T21:50:00.000+0000,887414.2812963838,887414.2812963838,1529693.1896152638
2025-05-10T22:00:00.000+0000,887414.2812963838,887414.2812963838,1533595.8967440962
2025-05-10T22:10:00.000+0000,887414.2812963838,887414.2812963838,1530694.066304361
2025-05-10T22:20:00.000+0000,887414.2812963838,887414.2812963838,1535683.7597200037
2025-05-10T22:30:00.000+0000,887414.2812963838,887414.2812963838,1537576.7055757483
2025-05-10T22:40:00.000+0000,887414.2812963838,887414.2812963838,1542520.1325162756
2025-05-10T22:50:00.000+0000,887414.2812963838,887414.2812963838,1542935.8616241156
2025-05-10T23:00:00.000+0000,887414.2812963838,887414.2812963838,1547972.7020983626
2025-05-10T23:10:00.000+0000,887414.2812963838,887414.2812963838,1548795.9857828054
2025-05-10T23:20:00.000+0000,887414.2812963838,887414.2812963838,1558775.134813534
2025-05-10T23:30:00.000+0000,887414.2812963838,887414.2812963838,1553853.5681887995
2025-05-10T23:40:00.000+0000,887414.2812963838,887414.2812963838,1558033.0040099747
2025-05-10T23:50:00.000+0000,887414.2812963838,887414.2812963838,1562508.7394704965
2025-05-11T00:00:00.000+0000,887414.2812963838,887414.2812963838,1560519.4236472726
2025-05-11T00:10:00.000+0000,887414.2812963838,887414.2812963838,1552665.7769963027
2025-05-11T00:20:00.000+0000,887414.2812963838,887414.2812963838,1530915.7726544044
2025-05-11T00:30:00.000+0000,887414.2812963838,887414.2812963838,1540314.9254771983
2025-05-11T00:40:00.000+0000,887414.2812963838,887414.2812963838,1542418.0565324738
2025-05-11T00:50:00.000+0000,887414.2812963838,887414.2812963838,1551888.2287061727
2025-05-11T01:00:00.000+0000,887414.2812963838,887414.2812963838,1549376.7189074226
2025-05-11T01:10:00.000+0000,887414.2812963838,887414.2812963838,1555633.6039289222
2025-05-11T01:20:00.000+0000,887414.2812963838,887414.2812963838,1553948.0106777286
2025-05-11T01:30:00.000+0000,887414.2812963838,887414.2812963838,1554343.5252257586
2025-05-11T01:40:00.000+0000,887414.2812963838,887414.2812963838,1550579.7457314436
2025-05-11T01:50:00.000+0000,887414.2812963838,887414.2812963838,1542163.1276197117
2025-05-11T02:00:00.000+0000,887414.2812963838,887414.2812963838,1542631.6860344391
2025-05-11T02:10:00.000+0000,887414.2812963838,887414.2812963838,1549583.140139427
2025-05-11T02:20:00.000+0000,887414.2812963838,887414.2812963838,1552805.9337896565
2025-05-11T02:30:00.000+0000,887414.2812963838,887414.2812963838,1552399.1362914825
2025-05-11T02:40:00.000+0000,887414.2812963838,887414.2812963838,1546472.0137556233
2025-05-11T02:50:00.000+0000,887414.2812963838,887414.2812963838,1537363.425614868
2025-05-11T03:00:00.000+0000,887414.2812963838,887414.2812963838,1539214.6509585958
2025-05-11T03:10:00.000+0000,887414.2812963838,887414.2812963838,1541938.5483918278
2025-05-11T03:20:00.000+0000,887414.2812963838,887414.2812963838,1546366.3080340184
2025-05-11T03:30:00.000+0000,887414.2812963838,887414.2812963838,1542750.825541859
2025-05-11T03:40:00.000+0000,887414.2812963838,887414.2812963838,1545503.0257396607
2025-05-11T03:50:00.000+0000,887414.2812963838,887414.2812963838,1544139.2929972024
2025-05-11T04:00:00.000+0000,887414.2812963838,887414.2812963838,1543658.7625203682
2025-05-11T04:10:00.000+0000,887414.2812963838,887414.2812963838,1548579.6007406756
2025-05-11T04:20:00.000+0000,887414.2812963838,887414.2812963838,1548967.491176751
2025-05-11T04:30:00.000+0000,887414.2812963838,887414.2812963838,1545339.2938643075
2025-05-11T04:40:00.000+0000,887414.2812963838,887414.2812963838,1545581.0558094883
2025-05-11T04:50:00.000+0000,887414.2812963838,887414.2812963838,1547503.4753751876
2025-05-11T05:00:00.000+0000,887414.2812963838,887414.2812963838,1547885.5488605876
2025-05-11T05:10:00.000+0000,887414.2812963838,887414.2812963838,1548258.0704317214
2025-05-11T05:20:00.000+0000,887414.2812963838,887414.2812963838,1547301.5804762656
2025-05-11T05:30:00.000+0000,887414.2812963838,887414.2812963838,1547703.5950811338
2025-05-11T05:40:00.000+0000,887414.2812963838,887414.2812963838,1550808.2848850864
2025-05-11T05:50:00.000+0000,887414.2812963838,887414.2812963838,1548047.685270834
2025-05-11T06:00:00.000+0000,887414.2812963838,887414.2812963838,1538348.2048820106
2025-05-11T06:10:00.000+0000,887414.2812963838,887414.2812963838,1539404.300973347
2025-05-11T06:20:00.000+0000,887414.2812963838,887414.2812963838,1543797.4988910148
2025-05-11T06:30:00.000+0000,887414.2812963838,887414.2812963838,1539836.9351461949
2025-05-11T06:40:00.000+0000,887414.2812963838,887414.2812963838,1531179.7381899068
2025-05-11T06:50:00.000+0000,887414.2812963838,887414.2812963838,1533758.047507082
2025-05-11T07:00:00.000+0000,887414.2812963838,887414.2812963838,1523986.1521316296
2025-05-11T07:10:00.000+0000,887414.2812963838,887414.2812963838,1523750.5537620923
2025-05-11T07:20:00.000+0000,887414.2812963838,887414.2812963838,1524381.488453255
2025-05-11T07:30:00.000+0000,887414.2812963838,887414.2812963838,1523093.674934464
2025-05-11T07:40:00.000+0000,887414.2812963838,887414.2812963838,1512456.5671978453
2025-05-11T07:50:00.000+0000,887414.2812963838,887414.2812963838,1516613.6620552328
2025-05-11T08:00:00.000+0000,887414.2812963838,887414.2812963838,1519694.0079038644
2025-05-11T08:10:00.000+0000,887414.2812963838,887414.2812963838,1525686.994637604
2025-05-11T08:20:00.000+0000,887414.2812963838,887414.2812963838,1524755.602631378
2025-05-11T08:30:00.000+0000,887414.2812963838,887414.2812963838,1519684.103209175
2025-05-11T08:40:00.000+0000,887414.2812963838,887414.2812963838,1522822.616410952
2025-05-11T08:50:00.000+0000,887414.2812963838,887414.2812963838,1522004.968550217
2025-05-11T09:00:00.000+0000,887414.2812963838,887414.2812963838,1521960.0251031492
2025-05-11T09:10:00.000+0000,887414.2812963838,887414.2812963838,1528234.150918629
2025-05-11T09:20:00.000+0000,887414.2812963838,887414.2812963838,1532361.0443045704
2025-05-11T09:30:00.000+0000,887414.2812963838,887414.2812963838,1533814.4864581407
2025-05-11T09:40:00.000+0000,887414.2812963838,887414.2812963838,1532864.6738102331
2025-05-11T09:50:00.000+0000,887414.2812963838,887414.2812963838,1536151.9300079774
2025-05-11T10:00:00.000+0000,887414.2812963838,887414.2812963838,1535699.8258332617
2025-05-11T10:10:00.000+0000,887414.2812963838,887414.2812963838,1528240.781175493
2025-05-11T10:20:00.000+0000,887414.2812963838,887414.2812963838,1531173.6614251812
2025-05-11T10:30:00.000+0000,887414.2812963838,887414.2812963838,1532805.7724919408
2025-05-11T10:40:00.000+0000,887414.2812963838,887414.2812963838,1531037.1835035724
2025-05-11T10:50:00.000+0000,887414.2812963838,887414.2812963838,1533484.5625701337
2025-05-11T11:00:00.000+0000,887414.2812963838,887414.2812963838,1536756.372893339
2025-05-11T11:10:00.000+0000,887414.2812963838,887414.2812963838,1534926.6105616244
2025-05-11T11:20:00.000+0000,887414.2812963838,887414.2812963838,1533909.844266704
2025-05-11T11:30:00.000+0000,887414.2812963838,887414.2812963838,1534784.7564118924
2025-05-11T11:40:00.000+0000,887414.2812963838,887414.2812963838,1535663.101589431
2025-05-11T11:50:00.000+0000,887414.2812963838,887414.2812963838,1538350.0128842928
2025-05-11T12:00:00.000+0000,887414.2812963838,887414.2812963838,1540877.7178462632
2025-05-11T12:10:00.000+0000,887414.2812963838,887414.2812963838,1538758.364816431
2025-05-11T12:20:00.000+0000,887414.2812963838,887414.2812963838,1537433.8002691015
2025-05-11T12:30:00.000+0000,887414.2812963838,887414.2812963838,1536360.554042256
2025-05-11T12:40:00.000+0000,887414.2812963838,887414.2812963838,1534572.0045397533
2025-05-11T12:50:00.000+0000,887414.2812963838,887414.2812963838,1536004.7848007306
2025-05-11T13:00:00.000+0000,887414.2812963838,887414.2812963838,1536218.357578832
2025-05-11T13:10:00.000+0000,887414.2812963838,887414.2812963838,1538069.2667044108
2025-05-11T13:20:00.000+0000,887414.2812963838,887414.2812963838,1528077.4705275798
2025-05-11T13:30:00.000+0000,887414.2812963838,887414.2812963838,1521687.4835443818
2025-05-11T13:40:00.000+0000,887414.2812963838,887414.2812963838,1520631.716681072
2025-05-11T13:50:00.000+0000,887414.2812963838,887414.2812963838,1513798.0004311684
2025-05-11T14:00:00.000+0000,887414.2812963838,887414.2812963838,1515931.0140686673
2025-05-11T14:10:00.000+0000,887414.2812963838,887414.2812963838,1516655.4268337898
2025-05-11T14:20:00.000+0000,887414.2812963838,887414.2812963838,1515397.821701954
2025-05-11T14:30:00.000+0000,887414.2812963838,887414.2812963838,1516719.31882312
2025-05-11T14:40:00.000+0000,887414.2812963838,887414.2812963838,1522164.1977464464
2025-05-11T14:50:00.000+0000,887414.2812963838,887414.2812963838,1520017.7166928428
2025-05-11T15:00:00.000+0000,887414.2812963838,887414.2812963838,1520279.9407838928
2025-05-11T15:10:00.000+0000,887414.2812963838,887414.2812963838,1525353.1528948492
2025-05-11T15:20:00.000+0000,887414.2812963838,887414.2812963838,1520832.7174520171
2025-05-11T15:30:00.000+0000,887414.2812963838,887414.2812963838,1518445.4349842707
2025-05-11T15:40:00.000+0000,887414.2812963838,887414.2812963838,1513242.8828549455
2025-05-11T15:50:00.000+0000,887414.2812963838,887414.2812963838,1506867.1523711188
2025-05-11T16:00:00.000+0000,887414.2812963838,887414.2812963838,1503184.2500134888
2025-05-11T16:10:00.000+0000,887414.2812963838,887414.2812963838,1505209.6351709184
2025-05-11T16:20:00.000+0000,887414.2812963838,887414.2812963838,1511637.3029602685
2025-05-11T16:30:00.000+0000,887414.2812963838,887414.2812963838,1512811.737047729
2025-05-11T16:40:00.000+0000,887414.2812963838,887414.2812963838,1509625.5414622666
2025-05-11T16:50:00.000+0000,887414.2812963838,887414.2812963838,1509777.2050179236
2025-05-11T17:00:00.000+0000,887414.2812963838,887414.2812963838,1511856.2226840146
2025-05-11T17:10:00.000+0000,887414.2812963838,887414.2812963838,1513098.5642141907
2025-05-11T17:20:00.000+0000,887414.2812963838,887414.2812963838,1514287.7371434374
2025-05-11T17:30:00.000+0000,887414.2812963838,887414.2812963838,1516874.3438185053
2025-05-11T17:40:00.000+0000,887414.2812963838,887414.2812963838,1517887.979787225
2025-05-11T17:50:00.000+0000,887414.2812963838,887414.2812963838,1519897.2321182638
2025-05-11T18:00:00.000+0000,887414.2812963838,887414.2812963838,1517830.2212679493
2025-05-11T18:10:00.000+0000,887414.2812963838,887414.2812963838,1516512.9583330122
2025-05-11T18:20:00.000+0000,887414.2812963838,887414.2812963838,1516958.587070587
2025-05-11T18:30:00.000+0000,887414.2812963838,887414.2812963838,1514548.7317752736
2025-05-11T18:40:00.000+0000,887414.2812963838,887414.2812963838,1526063.0591180995
2025-05-11T18:50:00.000+0000,887414.2812963838,887414.2812963838,1529051.0680633564
2025-05-11T19:00:00.000+0000,887414.2812963838,887414.2812963838,1528194.1432519984
2025-05-11T19:10:00.000+0000,887414.2812963838,887414.2812963838,1528959.599227884
2025-05-11T19:20:00.000+0000,887414.2812963838,887414.2812963838,1530274.180832294
2025-05-11T19:30:00.000+0000,887414.2812963838,887414.2812963838,1532903.209673556
2025-05-11T19:40:00.000+0000,887414.2812963838,887414.2812963838,1532524.2681112601
2025-05-11T19:50:00.000+0000,887414.2812963838,887414.2812963838,1529457.6693158597
2025-05-11T20:00:00.000+0000,887414.2812963838,887414.2812963838,1524548.6903723613
2025-05-11T20:10:00.000+0000,887414.2812963838,887414.2812963838,1525793.4924681429
2025-05-11T20:20:00.000+0000,887414.2812963838,887414.2812963838,1527698.115040328
2025-05-11T20:30:00.000+0000,887414.2812963838,887414.2812963838,1526299.8236431659
2025-05-11T20:40:00.000+0000,887414.2812963838,887414.2812963838,1526032.962948334
2025-05-11T20:50:00.000+0000,887414.2812963838,887414.2812963838,1526570.0330159785
2025-05-11T21:00:00.000+0000,887414.2812963838,887414.2812963838,1523806.7434563716
2025-05-11T21:10:00.000+0000,887414.2812963838,887414.2812963838,1522991.5144231464
2025-05-11T21:20:00.000+0000,887414.2812963838,887414.2812963838,1525539.7570558963
2025-05-11T21:30:00.000+0000,887414.2812963838,887414.2812963838,1526161.9346530125
2025-05-11T21:40:00.000+0000,887414.2812963838,887414.2812963838,1525409.3261676193
2025-05-11T21:50:00.000+0000,887414.2812963838,887414.2812963838,1530040.2044358929
2025-05-11T22:00:00.000+0000,887414.2812963838,887414.2812963838,1525097.2828811847
2025-05-11T22:10:00.000+0000,887414.2812963838,887414.2812963838,1525251.5245184838
2025-05-11T22:20:00.000+0000,887414.2812963838,887414.2812963838,1523139.6945935306
2025-05-11T22:30:00.000+0000,887414.2812963838,887414.2812963838,1518532.0714172353
2025-05-11T22:40:00.000+0000,887414.2812963838,887414.2812963838,1516809.1309996375
2025-05-11T22:50:00.000+0000,887414.2812963838,887414.2812963838,1521497.6575470052
2025-05-11T23:00:00.000+0000,887414.2812963838,887414.2812963838,1523852.3563469872
2025-05-11T23:10:00.000+0000,887414.2812963838,887414.2812963838,1526832.9226664882
2025-05-11T23:20:00.000+0000,887414.2812963838,887414.2812963838,1525841.965684584
2025-05-11T23:30:00.000+0000,887414.2812963838,887414.2812963838,1523870.0707543674
2025-05-11T23:40:00.000+0000,887414.2812963838,887414.2812963838,1523302.821426731
2025-05-11T23:50:00.000+0000,887414.2812963838,887414.2812963838,1526843.158135938
2025-05-12T00:00:00.000+0000,887414.2812963838,887414.2812963838,1530996.8491588254
2025-05-12T00:10:00.000+0000,887414.2812963838,887414.2812963838,1531892.029362353
2025-05-12T00:20:00.000+0000,887414.2812963838,887414.2812963838,1535488.0742571885
2025-05-12T00:30:00.000+0000,887414.2812963838,887414.2812963838,1542373.5250413413
2025-05-12T00:40:00.000+0000,887414.2812963838,887414.2812963838,1537653.3599539853
2025-05-12T00:50:00.000+0000,887414.2812963838,887414.2812963838,1538936.1492295545
2025-05-12T01:00:00.000+0000,887414.2812963838,887414.2812963838,1542143.3323390388
2025-05-12T01:10:00.000+0000,887414.2812963838,887414.2812963838,1542852.902922845
2025-05-12T01:20:00.000+0000,887414.2812963838,887414.2812963838,1537023.067197028
2025-05-12T01:30:00.000+0000,887414.2812963838,887414.2812963838,1523341.6901548924
2025-05-12T01:40:00.000+0000,887414.2812963838,887414.2812963838,1525543.0183283288
2025-05-12T01:50:00.000+0000,887414.2812963838,887414.2812963838,1528697.768679552
2025-05-12T02:00:00.000+0000,887414.2812963838,887414.2812963838,1530589.6825651808
2025-05-12T02:10:00.000+0000,887414.2812963838,887414.2812963838,1532754.031028336
2025-05-12T02:20:00.000+0000,887414.2812963838,887414.2812963838,1537049.180033287
2025-05-12T02:30:00.000+0000,887414.2812963838,887414.2812963838,1540442.84679082
2025-05-12T02:40:00.000+0000,887414.2812963838,887414.2812963838,1536409.8968259874
2025-05-12T02:50:00.000+0000,887414.2812963838,887414.2812963838,1531809.3994685796
2025-05-12T03:00:00.000+0000,887414.2812963838,887414.2812963838,1529748.5807754514
2025-05-12T03:10:00.000+0000,887414.2812963838,887414.2812963838,1529262.6714407494
2025-05-12T03:20:00.000+0000,887414.2812963838,887414.2812963838,1533165.5055402264
2025-05-12T03:30:00.000+0000,887414.2812963838,887414.2812963838,1531450.8317635248
2025-05-12T03:40:00.000+0000,887414.2812963838,887414.2812963838,1531323.775106281
2025-05-12T03:50:00.000+0000,887414.2812963838,887414.2812963838,1534863.6229523704
2025-05-12T04:00:00.000+0000,887414.2812963838,887414.2812963838,1535045.8707129008
2025-05-12T04:10:00.000+0000,887414.2812963838,887414.2812963838,1535014.5760539488
2025-05-12T04:20:00.000+0000,887414.2812963838,887414.2812963838,1532658.7524485977
2025-05-12T04:30:00.000+0000,887414.2812963838,887414.2812963838,1533441.8805463775
2025-05-12T04:40:00.000+0000,887414.2812963838,887414.2812963838,1536504.1426026993
2025-05-12T04:50:00.000+0000,887414.2812963838,887414.2812963838,1539859.9640267182
2025-05-12T05:00:00.000+0000,887414.2812963838,887414.2812963838,1537818.4963711633
2025-05-12T05:10:00.000+0000,887414.2812963838,887414.2812963838,1534257.2333455244
2025-05-12T05:20:00.000+0000,887414.2812963838,887414.2812963838,1530337.7385535345
2025-05-12T05:30:00.000+0000,887414.2812963838,887414.2812963838,1527805.2490698267
2025-05-12T05:40:00.000+0000,887414.2812963838,887414.2812963838,1531563.2365069115
2025-05-12T05:50:00.000+0000,887414.2812963838,887414.2812963838,1529472.3442434072
2025-05-12T06:00:00.000+0000,887414.2812963838,887414.2812963838,1528610.9835880743
2025-05-12T06:10:00.000+0000,887414.2812963838,887414.2812963838,1527872.6638195529
2025-05-12T06:20:00.000+0000,887414.2812963838,887414.2812963838,1530578.0425921485
2025-05-12T06:30:00.000+0000,887414.2812963838,887414.2812963838,1535907.6163739876
2025-05-12T06:40:00.000+0000,887414.2812963838,887414.2812963838,1537717.0281340857
2025-05-12T06:50:00.000+0000,887414.2812963838,887414.2812963838,1540011.7469277352
2025-05-12T07:00:00.000+0000,887414.2812963838,887414.2812963838,1552039.975395461
2025-05-12T07:10:00.000+0000,887414.2812963838,887414.2812963838,1562682.7880821684
2025-05-12T07:20:00.000+0000,887414.2812963838,887414.2812963838,1565635.9275311786
2025-05-12T07:30:00.000+0000,887414.2812963838,887414.2812963838,1569166.1231854612
2025-05-12T07:40:00.000+0000,887414.2812963838,887414.2812963838,1546424.4802656947
2025-05-12T07:50:00.000+0000,887414.2812963838,887414.2812963838,1545606.506342297
2025-05-12T08:00:00.000+0000,887414.2812963838,887414.2812963838,1542705.0312379026
2025-05-12T08:10:00.000+0000,887414.2812963838,887414.2812963838,1538809.6326684998
2025-05-12T08:20:00.000+0000,887414.2812963838,887414.2812963838,1539173.310159503
2025-05-12T08:30:00.000+0000,887414.2812963838,887414.2812963838,1544211.8889601843
2025-05-12T08:40:00.000+0000,887414.2812963838,887414.2812963838,1548708.129508738
2025-05-12T08:50:00.000+0000,887414.2812963838,887414.2812963838,1556431.237982942
2025-05-12T09:00:00.000+0000,887414.2812963838,887414.2812963838,1554225.2297663381
2025-05-12T09:10:00.000+0000,887414.2812963838,887414.2812963838,1553033.380519893
2025-05-12T09:20:00.000+0000,887414.2812963838,887414.2812963838,1553229.068268883
2025-05-12T09:30:00.000+0000,887414.2812963838,887414.2812963838,1550532.6692672363
2025-05-12T09:40:00.000+0000,887414.2812963838,887414.2812963838,1547713.0895322005
2025-05-12T09:50:00.000+0000,887414.2812963838,887414.2812963838,1546909.8373942368
2025-05-12T10:00:00.000+0000,887414.2812963838,887414.2812963838,1544343.683061854
2025-05-12T10:10:00.000+0000,887414.2812963838,887414.2812963838,1545054.007707526
2025-05-12T10:20:00.000+0000,887414.2812963838,887414.2812963838,1543057.9562431
2025-05-12T10:30:00.000+0000,887414.2812963838,887414.2812963838,1544759.1278815558
2025-05-12T10:40:00.000+0000,887414.2812963838,887414.2812963838,1547578.7100297338
2025-05-12T10:50:00.000+0000,887414.2812963838,887414.2812963838,1549075.0285002752
2025-05-12T11:00:00.000+0000,887414.2812963838,887414.2812963838,1550175.6248843446
2025-05-12T11:10:00.000+0000,887414.2812963838,887414.2812963838,1548200.5676861452
2025-05-12T11:20:00.000+0000,887414.2812963838,887414.2812963838,1545320.649578015
2025-05-12T11:30:00.000+0000,887414.2812963838,887414.2812963838,1544241.1396013605
2025-05-12T11:40:00.000+0000,887414.2812963838,887414.2812963838,1540293.1485843905
2025-05-12T11:50:00.000+0000,887414.2812963838,887414.2812963838,1534207.104187892
2025-05-12T12:00:00.000+0000,887414.2812963838,887414.2812963838,1536553.3747319493
2025-05-12T12:10:00.000+0000,887414.2812963838,887414.2812963838,1539564.8167789876
2025-05-12T12:20:00.000+0000,887414.2812963838,887414.2812963838,1540165.4223555648
2025-05-12T12:30:00.000+0000,887414.2812963838,887414.2812963838,1542123.3771847326
2025-05-12T12:40:00.000+0000,887414.2812963838,887414.2812963838,1546234.794750962
2025-05-12T12:50:00.000+0000,887414.2812963838,887414.2812963838,1547856.6798393084
2025-05-12T13:00:00.000+0000,887414.2812963838,887414.2812963838,1546216.860491298
2025-05-12T13:10:00.000+0000,887414.2812963838,887414.2812963838,1548985.6935503215
2025-05-12T13:20:00.000+0000,887414.2812963838,887414.2812963838,1552545.5125850388
2025-05-12T13:30:00.000+0000,887414.2812963838,887414.2812963838,1549588.8879194625
2025-05-12T13:40:00.000+0000,887414.2812963838,887414.2812963838,1546816.1436463348
2025-05-12T13:50:00.000+0000,887414.2812963838,887414.2812963838,1558658.1966009075
2025-05-12T14:00:00.000+0000,887414.2812963838,887414.2812963838,1557962.6403620886
2025-05-12T14:10:00.000+0000,887414.2812963838,887414.2812963838,1559961.1201086328
2025-05-12T14:20:00.000+0000,887414.2812963838,887414.2812963838,1534666.7548001946
2025-05-12T14:30:00.000+0000,887414.2812963838,887414.2812963838,1529202.6860939763
2025-05-12T14:40:00.000+0000,887414.2812963838,887414.2812963838,1539471.9498826151
2025-05-12T14:50:00.000+0000,887414.2812963838,887414.2812963838,1532078.1518029417
2025-05-12T15:00:00.000+0000,887414.2812963838,887414.2812963838,1524909.9848701954
2025-05-12T15:10:00.000+0000,887414.2812963838,887414.2812963838,1528270.9411310938
2025-05-12T15:20:00.000+0000,887414.2812963838,887414.2812963838,1532055.0793717771
2025-05-12T15:30:00.000+0000,887414.2812963838,887414.2812963838,1527314.0299728562
2025-05-12T15:40:00.000+0000,887414.2812963838,887414.2812963838,1521588.3221053102
2025-05-12T15:50:00.000+0000,887414.2812963838,887414.2812963838,1521156.1157179943
2025-05-12T16:00:00.000+0000,887414.2812963838,887414.2812963838,1514975.1947852224
2025-05-12T16:10:00.000+0000,887414.2812963838,887414.2812963838,1518844.7672333876
2025-05-12T16:20:00.000+0000,887414.2812963838,887414.2812963838,1529378.058586258
2025-05-12T16:30:00.000+0000,887414.2812963838,887414.2812963838,1526611.7048780685
2025-05-12T16:40:00.000+0000,887414.2812963838,887414.2812963838,1526665.8067921235
2025-05-12T16:50:00.000+0000,887414.2812963838,887414.2812963838,1530550.5683389623
2025-05-12T17:00:00.000+0000,887414.2812963838,887414.2812963838,1530674.2520244173
2025-05-12T17:10:00.000+0000,887414.2812963838,887414.2812963838,1531414.719232902
2025-05-12T17:20:00.000+0000,887414.2812963838,887414.2812963838,1524982.0892496703
2025-05-12T17:30:00.000+0000,887414.2812963838,887414.2812963838,1523106.2598401352
2025-05-12T17:40:00.000+0000,887414.2812963838,887414.2812963838,1511463.8236532903
2025-05-12T17:50:00.000+0000,887414.2812963838,887414.2812963838,1511278.5966823678
2025-05-12T18:00:00.000+0000,887414.2812963838,887414.2812963838,1500941.018407961
2025-05-12T18:10:00.000+0000,887414.2812963838,887414.2812963838,1500446.954576694
2025-05-12T18:20:00.000+0000,887414.2812963838,887414.2812963838,1496144.7578297525
2025-05-12T18:30:00.000+0000,887414.2812963838,887414.2812963838,1492855.629869296
2025-05-12T18:40:00.000+0000,887414.2812963838,887414.2812963838,1481829.1564550342
2025-05-12T18:50:00.000+0000,887414.2812963838,887414.2812963838,1483561.9540814632
2025-05-12T19:00:00.000+0000,887414.2812963838,887414.2812963838,1493815.210162452
2025-05-12T19:10:00.000+0000,887414.2812963838,887414.2812963838,1499243.4670743227
2025-05-12T19:20:00.000+0000,887414.2812963838,887414.2812963838,1496884.3545247044
2025-05-12T19:30:00.000+0000,887414.2812963838,887414.2812963838,1498492.4461501017
2025-05-12T19:40:00.000+0000,887414.2812963838,887414.2812963838,1494686.2846218375
2025-05-12T19:50:00.000+0000,887414.2812963838,887414.2812963838,1501229.9184730004
2025-05-12T20:00:00.000+0000,887414.2812963838,887414.2812963838,1499525.4415181908
2025-05-12T20:10:00.000+0000,887414.2812963838,887414.2812963838,1499810.7896230132
2025-05-12T20:20:00.000+0000,887414.2812963838,887414.2812963838,1504129.1297911105
2025-05-12T20:30:00.000+0000,887414.2812963838,887414.2812963838,1509746.2976821107
2025-05-12T20:40:00.000+0000,887414.2812963838,887414.2812963838,1511330.8612064219
2025-05-12T20:50:00.000+0000,887414.2812963838,887414.2812963838,1513465.1507286697
2025-05-12T21:00:00.000+0000,887414.2812963838,887414.2812963838,1513748.6692283386
2025-05-12T21:10:00.000+0000,887414.2812963838,887414.2812963838,1513273.6796143064
2025-05-12T21:20:00.000+0000,887414.2812963838,887414.2812963838,1510404.0270152274
2025-05-12T21:30:00.000+0000,887414.2812963838,887414.2812963838,1510336.9825955573
2025-05-12T21:40:00.000+0000,887414.2812963838,887414.2812963838,1513542.4627830437
2025-05-12T21:50:00.000+0000,887414.2812963838,887414.2812963838,1513150.6918312188
2025-05-12T22:00:00.000+0000,887414.2812963838,887414.2812963838,1511941.0265864981
2025-05-12T22:10:00.000+0000,887414.2812963838,887414.2812963838,1516035.0805350228
2025-05-12T22:20:00.000+0000,887414.2812963838,887414.2812963838,1517861.9688851677
2025-05-12T22:30:00.000+0000,887414.2812963838,887414.2812963838,1519926.5177629476
2025-05-12T22:40:00.000+0000,887414.2812963838,887414.2812963838,1521832.7536797007
2025-05-12T22:50:00.000+0000,887414.2812963838,887414.2812963838,1520989.1786591236
2025-05-12T23:00:00.000+0000,887414.2812963838,887414.2812963838,1521671.8495701135
2025-05-12T23:10:00.000+0000,887414.2812963838,887414.2812963838,1522973.3777011626
2025-05-12T23:20:00.000+0000,887414.2812963838,887414.2812963838,1525765.3883040166
2025-05-12T23:30:00.000+0000,887414.2812963838,887414.2812963838,1522402.7150617305
2025-05-12T23:40:00.000+0000,887414.2812963838,887414.2812963838,1523897.135906436
2025-05-12T23:50:00.000+0000,887414.2812963838,887414.2812963838,1523404.1342266607
2025-05-13T00:00:00.000+0000,887414.2812963838,887414.2812963838,1519776.448456452
2025-05-13T00:10:00.000+0000,887414.2812963838,887414.2812963838,1516372.119625424
2025-05-13T00:20:00.000+0000,887414.2812963838,887414.2812963838,1513847.3280428338
2025-05-13T00:30:00.000+0000,887414.2812963838,887414.2812963838,1510835.520058819
2025-05-13T00:40:00.000+0000,887414.2812963838,887414.2812963838,1508147.446392071
2025-05-13T00:50:00.000+0000,887414.2812963838,887414.2812963838,1507401.3865806905
2025-05-13T01:00:00.000+0000,887414.2812963838,887414.2812963838,1508217.6509373994
2025-05-13T01:10:00.000+0000,887414.2812963838,887414.2812963838,1504582.0885287062
2025-05-13T01:20:00.000+0000,887414.2812963838,887414.2812963838,1506165.8068532469
2025-05-13T01:30:00.000+0000,887414.2812963838,887414.2812963838,1498770.3289934557
2025-05-13T01:40:00.000+0000,887414.2812963838,887414.2812963838,1496331.3508211619
2025-05-13T01:50:00.000+0000,887414.2812963838,887414.2812963838,1503510.5380553193
2025-05-13T02:00:00.000+0000,887414.2812963838,887414.2812963838,1497909.249521983
2025-05-13T02:10:00.000+0000,887414.2812963838,887414.2812963838,1486828.0937318522
2025-05-13T02:20:00.000+0000,887414.2812963838,887414.2812963838,1486030.8346226288
2025-05-13T02:30:00.000+0000,887414.2812963838,887414.2812963838,1491290.876591185
2025-05-13T02:40:00.000+0000,887414.2812963838,887414.2812963838,1487876.0795575893
2025-05-13T02:50:00.000+0000,887414.2812963838,887414.2812963838,1489034.4479138164
2025-05-13T03:00:00.000+0000,887414.2812963838,887414.2812963838,1488999.3502095055
2025-05-13T03:10:00.000+0000,887414.2812963838,887414.2812963838,1492788.6566790782
2025-05-13T03:20:00.000+0000,887414.2812963838,887414.2812963838,1483805.3667134033
2025-05-13T03:30:00.000+0000,887414.2812963838,887414.2812963838,1482923.2995328358
2025-05-13T03:40:00.000+0000,887414.2812963838,887414.2812963838,1485090.5928012896
2025-05-13T03:50:00.000+0000,887414.2812963838,887414.2812963838,1481192.8804943555
2025-05-13T04:00:00.000+0000,887414.2812963838,887414.2812963838,1480907.214640468
2025-05-13T04:10:00.000+0000,887414.2812963838,887414.2812963838,1483011.866753409
2025-05-13T04:20:00.000+0000,887414.2812963838,887414.2812963838,1490906.0622779045
2025-05-13T04:30:00.000+0000,887414.2812963838,887414.2812963838,1494258.0207446476
2025-05-13T04:40:00.000+0000,887414.2812963838,887414.2812963838,1496570.5897359801
2025-05-13T04:50:00.000+0000,887414.2812963838,887414.2812963838,1498804.5918093186
2025-05-13T05:00:00.000+0000,887414.2812963838,887414.2812963838,1500515.25829157
2025-05-13T05:10:00.000+0000,887414.2812963838,887414.2812963838,1501962.5863352935
2025-05-13T05:20:00.000+0000,887414.2812963838,887414.2812963838,1499579.6474974765
2025-05-13T05:30:00.000+0000,887414.2812963838,887414.2812963838,1493679.3543276833
2025-05-13T05:40:00.000+0000,887414.2812963838,887414.2812963838,1494831.150963562
2025-05-13T05:50:00.000+0000,887414.2812963838,887414.2812963838,1495524.8573114942
2025-05-13T06:00:00.000+0000,887414.2812963838,887414.2812963838,1500567.5498582637
2025-05-13T06:10:00.000+0000,887414.2812963838,887414.2812963838,1503181.8372033373
2025-05-13T06:20:00.000+0000,887414.2812963838,887414.2812963838,1501297.156884761
2025-05-13T06:30:00.000+0000,887414.2812963838,887414.2812963838,1503129.2311591427
2025-05-13T06:40:00.000+0000,887414.2812963838,887414.2812963838,1505140.7641438039
2025-05-13T06:50:00.000+0000,887414.2812963838,887414.2812963838,1503646.7597760411
2025-05-13T07:00:00.000+0000,887414.2812963838,887414.2812963838,1505079.670964609
2025-05-13T07:10:00.000+0000,887414.2812963838,887414.2812963838,1508834.732037094
2025-05-13T07:20:00.000+0000,887414.2812963838,887414.2812963838,1510757.576297788
2025-05-13T07:30:00.000+0000,887414.2812963838,887414.2812963838,1509297.6508129428
2025-05-13T07:40:00.000+0000,887414.2812963838,887414.2812963838,1508776.8592429338
2025-05-13T07:50:00.000+0000,887414.2812963838,887414.2812963838,1507522.9173561083
2025-05-13T08:00:00.000+0000,887414.2812963838,887414.2812963838,1509229.5390482794
2025-05-13T08:10:00.000+0000,887414.2812963838,887414.2812963838,1509721.2149443054
2025-05-13T08:20:00.000+0000,887414.2812963838,887414.2812963838,1505191.5738635992
2025-05-13T08:30:00.000+0000,887414.2812963838,887414.2812963838,1505076.3685772596
2025-05-13T08:40:00.000+0000,887414.2812963838,887414.2812963838,1510208.6090116117
2025-05-13T08:50:00.000+0000,887414.2812963838,887414.2812963838,1509266.2565548043
2025-05-13T09:00:00.000+0000,887414.2812963838,887414.2812963838,1511762.5505301428
2025-05-13T09:10:00.000+0000,887414.2812963838,887414.2812963838,1514544.24480139
2025-05-13T09:20:00.000+0000,887414.2812963838,887414.2812963838,1518548.244837517
2025-05-13T09:30:00.000+0000,887414.2812963838,887414.2812963838,1518533.3985339392
2025-05-13T09:40:00.000+0000,887414.2812963838,887414.2812963838,1520080.036745659
2025-05-13T09:50:00.000+0000,887414.2812963838,887414.2812963838,1522990.8750337944
2025-05-13T10:00:00.000+0000,887414.2812963838,887414.2812963838,1521502.980562972
2025-05-13T10:10:00.000+0000,887414.2812963838,887414.2812963838,1518807.167902877
2025-05-13T10:20:00.000+0000,887414.2812963838,887414.2812963838,1521319.9542548235
2025-05-13T10:30:00.000+0000,887414.2812963838,887414.2812963838,1520370.922428832
2025-05-13T10:40:00.000+0000,887414.2812963838,887414.2812963838,1521583.9673511186
2025-05-13T10:50:00.000+0000,887414.2812963838,887414.2812963838,1524115.8812701842
2025-05-13T11:00:00.000+0000,887414.2812963838,887414.2812963838,1523167.5801297883
2025-05-13T11:10:00.000+0000,887414.2812963838,887414.2812963838,1522882.4991149777
2025-05-13T11:20:00.000+0000,887414.2812963838,887414.2812963838,1526127.1713581965
2025-05-13T11:30:00.000+0000,887414.2812963838,887414.2812963838,1528983.0370749992
2025-05-13T11:40:00.000+0000,887414.2812963838,887414.2812963838,1532615.6550860861
2025-05-13T11:50:00.000+0000,887414.2812963838,887414.2812963838,1529719.3642134797
2025-05-13T12:00:00.000+0000,887414.2812963838,887414.2812963838,1527172.4974299122
2025-05-13T12:10:00.000+0000,887414.2812963838,887414.2812963838,1525281.6781169903
2025-05-13T12:20:00.000+0000,887414.2812963838,887414.2812963838,1523509.3028501547
2025-05-13T12:30:00.000+0000,887414.2812963838,887414.2812963838,1531101.8119055445
2025-05-13T12:40:00.000+0000,887414.2812963838,887414.2812963838,1537032.8138279126
2025-05-13T12:50:00.000+0000,887414.2812963838,887414.2812963838,1534305.9119463132
2025-05-13T13:00:00.000+0000,887414.2812963838,887414.2812963838,1532965.1778871852
2025-05-13T13:10:00.000+0000,887414.2812963838,887414.2812963838,1533597.3417845299
2025-05-13T13:20:00.000+0000,887414.2812963838,887414.2812963838,1539249.3649823838
2025-05-13T13:30:00.000+0000,887414.2812963838,887414.2812963838,1542001.5508333053
2025-05-13T13:40:00.000+0000,887414.2812963838,887414.2812963838,1536007.4958143467
2025-05-13T13:50:00.000+0000,887414.2812963838,887414.2812963838,1538349.780620702
2025-05-13T14:00:00.000+0000,887414.2812963838,887414.2812963838,1534088.8210716085
2025-05-13T14:10:00.000+0000,887414.2812963838,887414.2812963838,1529353.5237896165
2025-05-13T14:20:00.000+0000,887414.2812963838,887414.2812963838,1537185.2018369625
2025-05-13T14:30:00.000+0000,887414.2812963838,887414.2812963838,1533139.0238949202
2025-05-13T14:40:00.000+0000,887414.2812963838,887414.2812963838,1528847.0451318128
2025-05-13T14:50:00.000+0000,887414.2812963838,887414.2812963838,1531668.0550376703
2025-05-13T15:00:00.000+0000,887414.2812963838,887414.2812963838,1532868.2778216258
2025-05-13T15:10:00.000+0000,887414.2812963838,887414.2812963838,1539957.1223164524
2025-05-13T15:20:00.000+0000,887414.2812963838,887414.2812963838,1539505.3802537413
2025-05-13T15:30:00.000+0000,887414.2812963838,887414.2812963838,1541001.9240397704
2025-05-13T15:40:00.000+0000,887414.2812963838,887414.2812963838,1544209.0501565419
2025-05-13T15:50:00.000+0000,887414.2812963838,887414.2812963838,1543616.4311347124
2025-05-13T16:00:00.000+0000,887414.2812963838,887414.2812963838,1546567.5137244724
2025-05-13T16:10:00.000+0000,887414.2812963838,887414.2812963838,1555614.83043204
2025-05-13T16:20:00.000+0000,887414.2812963838,887414.2812963838,1556093.6451405003
2025-05-13T16:30:00.000+0000,887414.2812963838,887414.2812963838,1558141.0716845042
2025-05-13T16:40:00.000+0000,887414.2812963838,887414.2812963838,1557185.3403512808
2025-05-13T16:50:00.000+0000,887414.2812963838,887414.2812963838,1554520.8761745552
2025-05-13T17:00:00.000+0000,887414.2812963838,887414.2812963838,1558461.5199156208
2025-05-13T17:10:00.000+0000,887414.2812963838,887414.2812963838,1559898.5279465101
2025-05-13T17:20:00.000+0000,887414.2812963838,887414.2812963838,1561669.517884897
2025-05-13T17:30:00.000+0000,887414.2812963838,887414.2812963838,1556656.4822858456
2025-05-13T17:40:00.000+0000,887414.2812963838,887414.2812963838,1564709.459345822
2025-05-13T17:50:00.000+0000,887414.2812963838,887414.2812963838,1566410.2996897143
2025-05-13T18:00:00.000+0000,887414.2812963838,887414.2812963838,1567897.269311624
2025-05-13T18:10:00.000+0000,887414.2812963838,887414.2812963838,1569465.9991259663
2025-05-13T18:20:00.000+0000,887414.2812963838,887414.2812963838,1570195.7639258495
2025-05-13T18:30:00.000+0000,887414.2812963838,887414.2812963838,1573418.1586664496
2025-05-13T18:40:00.000+0000,887414.2812963838,887414.2812963838,1571134.3519887966
2025-05-13T18:50:00.000+0000,887414.2812963838,887414.2812963838,1576541.3597429674
2025-05-13T19:00:00.000+0000,887414.2812963838,887414.2812963838,1578709.9834747803
2025-05-13T19:10:00.000+0000,887414.2812963838,887414.2812963838,1581461.5787299152
2025-05-13T19:20:00.000+0000,887414.2812963838,887414.2812963838,1587690.5973349581
2025-05-13T19:30:00.000+0000,887414.2812963838,887414.2812963838,1596941.1182959636
2025-05-13T19:40:00.000+0000,887414.2812963838,887414.2812963838,1600758.8382034916
2025-05-13T19:50:00.000+0000,887414.2812963838,887414.2812963838,1595742.7333154557
2025-05-13T20:00:00.000+0000,887414.2812963838,887414.2812963838,1589897.5856308115
2025-05-13T20:10:00.000+0000,887414.2812963838,887414.2812963838,1589633.317918762
2025-05-13T20:20:00.000+0000,887414.2812963838,887414.2812963838,1589790.2277782357
2025-05-13T20:30:00.000+0000,887414.2812963838,887414.2812963838,1595272.380270747
2025-05-13T20:40:00.000+0000,887414.2812963838,887414.2812963838,1598948.0113795039
2025-05-13T20:50:00.000+0000,887414.2812963838,887414.2812963838,1599998.003198636
2025-05-13T21:00:00.000+0000,887414.2812963838,887414.2812963838,1596937.245602344
2025-05-13T21:10:00.000+0000,887414.2812963838,887414.2812963838,1594849.4453118425
2025-05-13T21:20:00.000+0000,887414.2812963838,887414.2812963838,1595651.7313304604
2025-05-13T21:30:00.000+0000,887414.2812963838,887414.2812963838,1597640.4822546938
2025-05-13T21:40:00.000+0000,887414.2812963838,887414.2812963838,1595677.3833919705
2025-05-13T21:50:00.000+0000,887414.2812963838,887414.2812963838,1599433.324254393
2025-05-13T22:00:00.000+0000,887414.2812963838,887414.2812963838,1596474.399940234
2025-05-13T22:10:00.000+0000,887414.2812963838,887414.2812963838,1597944.6465120835
2025-05-13T22:20:00.000+0000,887414.2812963838,887414.2812963838,1599738.642366357
2025-05-13T22:30:00.000+0000,887414.2812963838,887414.2812963838,1599404.2162667825
2025-05-13T22:40:00.000+0000,887414.2812963838,887414.2812963838,1600040.983318753
2025-05-13T22:50:00.000+0000,887414.2812963838,887414.2812963838,1596421.4269144507
2025-05-13T23:00:00.000+0000,887414.2812963838,887414.2812963838,1591755.1065734085
2025-05-13T23:10:00.000+0000,887414.2812963838,887414.2812963838,1598292.6041465686
2025-05-13T23:20:00.000+0000,887414.2812963838,887414.2812963838,1595362.4364120667
2025-05-13T23:30:00.000+0000,887414.2812963838,887414.2812963838,1596165.213746303
2025-05-13T23:40:00.000+0000,887414.2812963838,887414.2812963838,1600860.5666711018
2025-05-13T23:50:00.000+0000,887414.2812963838,887414.2812963838,1600344.6235261515
2025-05-14T00:00:00.000+0000,887414.2812963838,887414.2812963838,1596114.4177206508
2025-05-14T00:10:00.000+0000,887414.2812963838,887414.2812963838,1598498.5909512814
2025-05-14T00:20:00.000+0000,887414.2812963838,887414.2812963838,1596359.5747004305
2025-05-14T00:30:00.000+0000,887414.2812963838,887414.2812963838,1596038.1078733634
2025-05-14T00:40:00.000+0000,887414.2812963838,887414.2812963838,1595812.0757915995
2025-05-14T00:50:00.000+0000,887414.2812963838,887414.2812963838,1595689.3587246812
2025-05-14T01:00:00.000+0000,887414.2812963838,887414.2812963838,1597388.5440587683
2025-05-14T01:10:00.000+0000,887414.2812963838,887414.2812963838,1602342.4933797575
2025-05-14T01:20:00.000+0000,887414.2812963838,887414.2812963838,1602953.0312933007
2025-05-14T01:30:00.000+0000,887414.2812963838,887414.2812963838,1604713.610699227
2025-05-14T01:40:00.000+0000,887414.2812963838,887414.2812963838,1598441.2043904942
2025-05-14T01:50:00.000+0000,887414.2812963838,887414.2812963838,1593570.7651932905
2025-05-14T02:00:00.000+0000,887414.2812963838,887414.2812963838,1579171.3088656426
2025-05-14T02:10:00.000+0000,887414.2812963838,887414.2812963838,1578241.9496345902
2025-05-14T02:20:00.000+0000,887414.2812963838,887414.2812963838,1575711.7939939734
2025-05-14T02:30:00.000+0000,887414.2812963838,887414.2812963838,1574402.429787919
2025-05-14T02:40:00.000+0000,887414.2812963838,887414.2812963838,1579510.942568375
2025-05-14T02:50:00.000+0000,887414.2812963838,887414.2812963838,1577836.527722767
2025-05-14T03:00:00.000+0000,887414.2812963838,887414.2812963838,1574277.1689923122
2025-05-14T03:10:00.000+0000,887414.2812963838,887414.2812963838,1575527.0920477263
2025-05-14T03:20:00.000+0000,887414.2812963838,887414.2812963838,1573353.5881194468
2025-05-14T03:30:00.000+0000,887414.2812963838,887414.2812963838,1573242.4063126
2025-05-14T03:40:00.000+0000,887414.2812963838,887414.2812963838,1577245.206390565
2025-05-14T03:50:00.000+0000,887414.2812963838,887414.2812963838,1577423.2739674868
2025-05-14T04:00:00.000+0000,887414.2812963838,887414.2812963838,1576370.6035913161
2025-05-14T04:10:00.000+0000,887414.2812963838,887414.2812963838,1576971.581587174
2025-05-14T04:20:00.000+0000,887414.2812963838,887414.2812963838,1579675.8349774512
2025-05-14T04:30:00.000+0000,887414.2812963838,887414.2812963838,1582712.747408711
2025-05-14T04:40:00.000+0000,887414.2812963838,887414.2812963838,1588076.4733605091
2025-05-14T04:50:00.000+0000,887414.2812963838,887414.2812963838,1587116.224235213
2025-05-14T05:00:00.000+0000,887414.2812963838,887414.2812963838,1590288.2394960215
2025-05-14T05:10:00.000+0000,887414.2812963838,887414.2812963838,1588796.0345913947
2025-05-14T05:20:00.000+0000,887414.2812963838,887414.2812963838,1587869.5020499679
2025-05-14T05:30:00.000+0000,887414.2812963838,887414.2812963838,1586771.705240027
2025-05-14T05:40:00.000+0000,887414.2812963838,887414.2812963838,1590758.0892943046
2025-05-14T05:50:00.000+0000,887414.2812963838,887414.2812963838,1594675.7315243343
2025-05-14T06:00:00.000+0000,887414.2812963838,887414.2812963838,1593046.7758100484
2025-05-14T06:10:00.000+0000,887414.2812963838,887414.2812963838,1592125.944726497
2025-05-14T06:20:00.000+0000,887414.2812963838,887414.2812963838,1590709.9561614103
2025-05-14T06:30:00.000+0000,887414.2812963838,887414.2812963838,1592415.7991986468
2025-05-14T06:40:00.000+0000,887414.2812963838,887414.2812963838,1593324.1821138214
2025-05-14T06:50:00.000+0000,887414.2812963838,887414.2812963838,1596761.1943653454
2025-05-14T07:00:00.000+0000,887414.2812963838,887414.2812963838,1592783.9902983743
2025-05-14T07:10:00.000+0000,887414.2812963838,887414.2812963838,1588299.9655089977
2025-05-14T07:20:00.000+0000,887414.2812963838,887414.2812963838,1581560.636409517
2025-05-14T07:30:00.000+0000,887414.2812963838,887414.2812963838,1581468.9544453253
2025-05-14T07:40:00.000+0000,887414.2812963838,887414.2812963838,1584787.2815489778
2025-05-14T07:50:00.000+0000,887414.2812963838,887414.2812963838,1583543.3404146056
2025-05-14T08:00:00.000+0000,887414.2812963838,887414.2812963838,1575229.5480991553
2025-05-14T08:10:00.000+0000,887414.2812963838,887414.2812963838,1573110.2655828753
2025-05-14T08:20:00.000+0000,887414.2812963838,887414.2812963838,1577099.9989629702
2025-05-14T08:30:00.000+0000,887414.2812963838,887414.2812963838,1574457.7056176923
2025-05-14T08:40:00.000+0000,887414.2812963838,887414.2812963838,1575957.695653711
2025-05-14T08:50:00.000+0000,887414.2812963838,887414.2812963838,1561889.4060415386
2025-05-14T09:00:00.000+0000,887414.2812963838,887414.2812963838,1554936.6913773068
2025-05-14T09:10:00.000+0000,887414.2812963838,887414.2812963838,1560884.2610623487
2025-05-14T09:20:00.000+0000,887414.2812963838,887414.2812963838,1560184.2860832536
2025-05-14T09:30:00.000+0000,887414.2812963838,887414.2812963838,1563032.8460141157
2025-05-14T09:40:00.000+0000,887414.2812963838,887414.2812963838,1563774.2492067993
2025-05-14T09:50:00.000+0000,887414.2812963838,887414.2812963838,1566078.5450611906
2025-05-14T10:00:00.000+0000,887414.2812963838,887414.2812963838,1570032.6681136987
2025-05-14T10:10:00.000+0000,887414.2812963838,887414.2812963838,1565758.451739081
2025-05-14T10:20:00.000+0000,887414.2812963838,887414.2812963838,1566039.6332815802
2025-05-14T10:30:00.000+0000,887414.2812963838,887414.2812963838,1570584.0722564508
2025-05-14T10:40:00.000+0000,887414.2812963838,887414.2812963838,1568046.386361057
2025-05-14T10:50:00.000+0000,887414.2812963838,887414.2812963838,1566366.1020675565
2025-05-14T11:00:00.000+0000,887414.2812963838,887414.2812963838,1568234.0267080565
2025-05-14T11:10:00.000+0000,887414.2812963838,887414.2812963838,1572230.556510609
2025-05-14T11:20:00.000+0000,887414.2812963838,887414.2812963838,1572491.0910843438
2025-05-14T11:30:00.000+0000,887414.2812963838,887414.2812963838,1574992.7391492086
2025-05-14T11:40:00.000+0000,887414.2812963838,887414.2812963838,1580203.6233900965
2025-05-14T11:50:00.000+0000,887414.2812963838,887414.2812963838,1577446.1056197737
2025-05-14T12:00:00.000+0000,887414.2812963838,887414.2812963838,1576741.845373962
2025-05-14T12:10:00.000+0000,887414.2812963838,887414.2812963838,1580916.9991262737
2025-05-14T12:20:00.000+0000,887414.2812963838,887414.2812963838,1580602.1728091303
2025-05-14T12:30:00.000+0000,887414.2812963838,887414.2812963838,1575177.788356489
2025-05-14T12:40:00.000+0000,887414.2812963838,887414.2812963838,1575037.4420990292
2025-05-14T12:50:00.000+0000,887414.2812963838,887414.2812963838,1571478.2739619208
2025-05-14T13:00:00.000+0000,887414.2812963838,887414.2812963838,1570362.815054773
2025-05-14T13:10:00.000+0000,887414.2812963838,887414.2812963838,1571675.157132248
2025-05-14T13:20:00.000+0000,887414.2812963838,887414.2812963838,1570752.7253949884
2025-05-14T13:30:00.000+0000,887414.2812963838,887414.2812963838,1571025.8076319012
2025-05-14T13:40:00.000+0000,887414.2812963838,887414.2812963838,1558628.1120882006
2025-05-14T13:50:00.000+0000,887414.2812963838,887414.2812963838,1560971.0454932093
2025-05-14T14:00:00.000+0000,887414.2812963838,887414.2812963838,1562743.180600456
2025-05-14T14:10:00.000+0000,887414.2812963838,887414.2812963838,1550929.9080270282
2025-05-14T14:20:00.000+0000,887414.2812963838,887414.2812963838,1548980.8768769642
2025-05-14T14:30:00.000+0000,887414.2812963838,887414.2812963838,1547902.5553401515
2025-05-14T14:40:00.000+0000,887414.2812963838,887414.2812963838,1552784.8306900715
2025-05-14T14:50:00.000+0000,887414.2812963838,887414.2812963838,1554193.2081648516
2025-05-14T15:00:00.000+0000,887414.2812963838,887414.2812963838,1544701.0185271234
2025-05-14T15:10:00.000+0000,887414.2812963838,887414.2812963838,1551334.2107484178
2025-05-14T15:20:00.000+0000,887414.2812963838,887414.2812963838,1548519.0621019593
2025-05-14T15:30:00.000+0000,887414.2812963838,887414.2812963838,1550034.840939587
2025-05-14T15:40:00.000+0000,887414.2812963838,887414.2812963838,1553945.741328699
2025-05-14T15:50:00.000+0000,887414.2812963838,887414.2812963838,1554846.5316060374
2025-05-14T16:00:00.000+0000,887414.2812963838,887414.2812963838,1557381.2202265037
2025-05-14T16:10:00.000+0000,887414.2812963838,887414.2812963838,1553561.1630083295
2025-05-14T16:20:00.000+0000,887414.2812963838,887414.2812963838,1552206.4097877298
2025-05-14T16:30:00.000+0000,887414.2812963838,887414.2812963838,1553800.7272443986
2025-05-14T16:40:00.000+0000,887414.2812963838,887414.2812963838,1547426.6819163356
2025-05-14T16:50:00.000+0000,887414.2812963838,887414.2812963838,1548166.3026933938
2025-05-14T17:00:00.000+0000,887414.2812963838,887414.2812963838,1548366.66745413
2025-05-14T17:10:00.000+0000,887414.2812963838,887414.2812963838,1540854.8252599228
2025-05-14T17:20:00.000+0000,887414.2812963838,887414.2812963838,1534914.8354922985
2025-05-14T17:30:00.000+0000,887414.2812963838,887414.2812963838,1541859.502047587
2025-05-14T17:40:00.000+0000,887414.2812963838,887414.2812963838,1546222.0304982744
2025-05-14T17:50:00.000+0000,887414.2812963838,887414.2812963838,1547770.5527825013
2025-05-14T18:00:00.000+0000,887414.2812963838,887414.2812963838,1550622.5215227932
2025-05-14T18:10:00.000+0000,887414.2812963838,887414.2812963838,1547267.3887450444
2025-05-14T18:20:00.000+0000,887414.2812963838,887414.2812963838,1552949.9567479903
2025-05-14T18:30:00.000+0000,887414.2812963838,887414.2812963838,1553006.7367514207
2025-05-14T18:40:00.000+0000,887414.2812963838,887414.2812963838,1554719.3389616453
2025-05-14T18:50:00.000+0000,887414.2812963838,887414.2812963838,1554292.1999379168
2025-05-14T19:00:00.000+0000,887414.2812963838,887414.2812963838,1558721.5312801553
2025-05-14T19:10:00.000+0000,887414.2812963838,887414.2812963838,1560634.3631450776
2025-05-14T19:20:00.000+0000,887414.2812963838,887414.2812963838,1559682.5369384596
2025-05-14T19:30:00.000+0000,887414.2812963838,887414.2812963838,1559402.4388531388
2025-05-14T19:40:00.000+0000,887414.2812963838,887414.2812963838,1558971.1299235197
2025-05-14T19:50:00.000+0000,887414.2812963838,887414.2812963838,1559615.7445480984
2025-05-14T20:00:00.000+0000,887414.2812963838,887414.2812963838,1558566.9261239222
2025-05-14T20:10:00.000+0000,887414.2812963838,887414.2812963838,1557900.3380694347
2025-05-14T20:20:00.000+0000,887414.2812963838,887414.2812963838,1559318.6408150578
2025-05-14T20:30:00.000+0000,887414.2812963838,887414.2812963838,1558350.6313858274
2025-05-14T20:40:00.000+0000,887414.2812963838,887414.2812963838,1558789.6164796425
2025-05-14T20:50:00.000+0000,887414.2812963838,887414.2812963838,1559026.6738643753
2025-05-14T21:00:00.000+0000,887414.2812963838,887414.2812963838,1555017.8437365738
2025-05-14T21:10:00.000+0000,887414.2812963838,887414.2812963838,1552695.135198651
2025-05-14T21:20:00.000+0000,887414.2812963838,887414.2812963838,1553464.7616987056
2025-05-14T21:30:00.000+0000,887414.2812963838,887414.2812963838,1555397.6718241423
2025-05-14T21:40:00.000+0000,887414.2812963838,887414.2812963838,1556785.1802331344
2025-05-14T21:50:00.000+0000,887414.2812963838,887414.2812963838,1558825.6048079466
2025-05-14T22:00:00.000+0000,887414.2812963838,887414.2812963838,1560072.2309934315
2025-05-14T22:10:00.000+0000,887414.2812963838,887414.2812963838,1558199.6663140832
2025-05-14T22:20:00.000+0000,887414.2812963838,887414.2812963838,1557829.6788850552
2025-05-14T22:30:00.000+0000,887414.2812963838,887414.2812963838,1554748.3701946593
2025-05-14T22:40:00.000+0000,887414.2812963838,887414.2812963838,1552217.0448845727
2025-05-14T22:50:00.000+0000,887414.2812963838,887414.2812963838,1550895.3032383253
2025-05-14T23:00:00.000+0000,887414.2812963838,887414.2812963838,1553159.714467267
2025-05-14T23:10:00.000+0000,887414.2812963838,887414.2812963838,1552166.715556812
2025-05-14T23:20:00.000+0000,887414.2812963838,887414.2812963838,1550934.7638963452
2025-05-14T23:30:00.000+0000,887414.2812963838,887414.2812963838,1554692.4476190964
2025-05-14T23:40:00.000+0000,887414.2812963838,887414.2812963838,1557501.2929259918
2025-05-14T23:50:00.000+0000,887414.2812963838,887414.2812963838,1559006.3301009522
2025-05-15T00:00:00.000+0000,887414.2812963838,887414.2812963838,1560242.5946792527
2025-05-15T00:10:00.000+0000,887414.2812963838,887414.2812963838,1563560.75322084
2025-05-15T00:20:00.000+0000,887414.2812963838,887414.2812963838,1569375.0475411334
2025-05-15T00:30:00.000+0000,887414.2812963838,887414.2812963838,1567833.6312645937
2025-05-15T00:40:00.000+0000,887414.2812963838,887414.2812963838,1571269.366616316
2025-05-15T00:50:00.000+0000,887414.2812963838,887414.2812963838,1568908.6735992366
2025-05-15T01:00:00.000+0000,887414.2812963838,887414.2812963838,1567105.0244386168
2025-05-15T01:10:00.000+0000,887414.2812963838,887414.2812963838,1563238.0064989792
2025-05-15T01:20:00.000+0000,887414.2812963838,887414.2812963838,1561122.1370847633
2025-05-15T01:30:00.000+0000,887414.2812963838,887414.2812963838,1552657.0391127537
2025-05-15T01:40:00.000+0000,887414.2812963838,887414.2812963838,1547477.8677730665
2025-05-15T01:50:00.000+0000,887414.2812963838,887414.2812963838,1541158.928578571
2025-05-15T02:00:00.000+0000,887414.2812963838,887414.2812963838,1544366.6580184181
2025-05-15T02:10:00.000+0000,887414.2812963838,887414.2812963838,1545075.0999669835
2025-05-15T02:20:00.000+0000,887414.2812963838,887414.2812963838,1549327.4516012005
2025-05-15T02:30:00.000+0000,887414.2812963838,887414.2812963838,1548990.8586305676
2025-05-15T02:40:00.000+0000,887414.2812963838,887414.2812963838,1549051.5759554158
2025-05-15T02:50:00.000+0000,887414.2812963838,887414.2812963838,1551356.9967244621
2025-05-15T03:00:00.000+0000,887414.2812963838,887414.2812963838,1550566.8093821888
2025-05-15T03:10:00.000+0000,887414.2812963838,887414.2812963838,1547697.7798445285
2025-05-15T03:20:00.000+0000,887414.2812963838,887414.2812963838,1546602.4530499007
2025-05-15T03:30:00.000+0000,887414.2812963838,887414.2812963838,1548718.9544829214
2025-05-15T03:40:00.000+0000,887414.2812963838,887414.2812963838,1544342.5579865708
2025-05-15T03:50:00.000+0000,887414.2812963838,887414.2812963838,1540878.6645333413
2025-05-15T04:00:00.000+0000,887414.2812963838,887414.2812963838,1540411.95991223
2025-05-15T04:10:00.000+0000,887414.2812963838,887414.2812963838,1541998.9999183407
2025-05-15T04:20:00.000+0000,887414.2812963838,887414.2812963838,1544983.009613897
2025-05-15T04:30:00.000+0000,887414.2812963838,887414.2812963838,1547161.8103131019
2025-05-15T04:40:00.000+0000,887414.2812963838,887414.2812963838,1545105.400107191
2025-05-15T04:50:00.000+0000,887414.2812963838,887414.2812963838,1545568.4746154007
2025-05-15T05:00:00.000+0000,887414.2812963838,887414.2812963838,1544044.8822992272
2025-05-15T05:10:00.000+0000,887414.2812963838,887414.2812963838,1541021.546048407
2025-05-15T05:20:00.000+0000,887414.2812963838,887414.2812963838,1539848.7469351199
2025-05-15T05:30:00.000+0000,887414.2812963838,887414.2812963838,1537412.2450162526
2025-05-15T05:40:00.000+0000,887414.2812963838,887414.2812963838,1534771.761986808
2025-05-15T05:50:00.000+0000,887414.2812963838,887414.2812963838,1534755.040916686
2025-05-15T06:00:00.000+0000,887414.2812963838,887414.2812963838,1535951.4178361457
2025-05-15T06:10:00.000+0000,887414.2812963838,887414.2812963838,1539351.5169813405
2025-05-15T06:20:00.000+0000,887414.2812963838,887414.2812963838,1540262.3231171048
2025-05-15T06:30:00.000+0000,887414.2812963838,887414.2812963838,1533932.7267895848
2025-05-15T06:40:00.000+0000,887414.2812963838,887414.2812963838,1532047.8414530247
2025-05-15T06:50:00.000+0000,887414.2812963838,887414.2812963838,1534884.6646117852
2025-05-15T07:00:00.000+0000,887414.2812963838,887414.2812963838,1532864.893483142
2025-05-15T07:10:00.000+0000,887414.2812963838,887414.2812963838,1527827.439093024
2025-05-15T07:20:00.000+0000,887414.2812963838,887414.2812963838,1520114.9712428837
2025-05-15T07:30:00.000+0000,887414.2812963838,887414.2812963838,1517434.5449008576
2025-05-15T07:40:00.000+0000,887414.2812963838,887414.2812963838,1512278.725043672
2025-05-15T07:50:00.000+0000,887414.2812963838,887414.2812963838,1511894.9783401864
2025-05-15T08:00:00.000+0000,887414.2812963838,887414.2812963838,1517283.1140369892
2025-05-15T08:10:00.000+0000,887414.2812963838,887414.2812963838,1521035.0276264758
2025-05-15T08:20:00.000+0000,887414.2812963838,887414.2812963838,1520311.6990460968
2025-05-15T08:30:00.000+0000,887414.2812963838,887414.2812963838,1525154.7862065847
2025-05-15T08:40:00.000+0000,887414.2812963838,887414.2812963838,1528898.0148351681
2025-05-15T08:50:00.000+0000,887414.2812963838,887414.2812963838,1529955.888803335
2025-05-15T09:00:00.000+0000,887414.2812963838,887414.2812963838,1527779.8834584807
2025-05-15T09:10:00.000+0000,887414.2812963838,887414.2812963838,1523785.5294775032
2025-05-15T09:20:00.000+0000,887414.2812963838,887414.2812963838,1523008.6518026069
2025-05-15T09:30:00.000+0000,887414.2812963838,887414.2812963838,1518086.442931519
2025-05-15T09:40:00.000+0000,887414.2812963838,887414.2812963838,1511152.5079186663
2025-05-15T09:50:00.000+0000,887414.2812963838,887414.2812963838,1513456.2716891284
2025-05-15T10:00:00.000+0000,887414.2812963838,887414.2812963838,1512818.234411604
2025-05-15T10:10:00.000+0000,887414.2812963838,887414.2812963838,1511259.9638926121
2025-05-15T10:20:00.000+0000,887414.2812963838,887414.2812963838,1516774.1563158405
2025-05-15T10:30:00.000+0000,887414.2812963838,887414.2812963838,1511756.8508002348
2025-05-15T10:40:00.000+0000,887414.2812963838,887414.2812963838,1507593.3802171096
2025-05-15T10:50:00.000+0000,887414.2812963838,887414.2812963838,1513649.3258573976
2025-05-15T11:00:00.000+0000,887414.2812963838,887414.2812963838,1518453.2783516408
2025-05-15T11:10:00.000+0000,887414.2812963838,887414.2812963838,1519797.610581889
2025-05-15T11:20:00.000+0000,887414.2812963838,887414.2812963838,1524113.0619105753
2025-05-15T11:30:00.000+0000,887414.2812963838,887414.2812963838,1523454.5122415747
2025-05-15T11:40:00.000+0000,887414.2812963838,887414.2812963838,1522706.321930426
2025-05-15T11:50:00.000+0000,887414.2812963838,887414.2812963838,1522879.1996872523
2025-05-15T12:00:00.000+0000,887414.2812963838,887414.2812963838,1522966.3667766056
2025-05-15T12:10:00.000+0000,887414.2812963838,887414.2812963838,1522540.587850221
2025-05-15T12:20:00.000+0000,887414.2812963838,887414.2812963838,1524802.6675961139
2025-05-15T12:30:00.000+0000,887414.2812963838,887414.2812963838,1530225.2925170786
2025-05-15T12:40:00.000+0000,887414.2812963838,887414.2812963838,1529403.0350174431
2025-05-15T12:50:00.000+0000,887414.2812963838,887414.2812963838,1524107.2301227755
2025-05-15T13:00:00.000+0000,887414.2812963838,887414.2812963838,1525899.9247450393
2025-05-15T13:10:00.000+0000,887414.2812963838,887414.2812963838,1528956.6793099581
2025-05-15T13:20:00.000+0000,887414.2812963838,887414.2812963838,1528251.7139108856
2025-05-15T13:30:00.000+0000,887414.2812963838,887414.2812963838,1517837.7979126312
2025-05-15T13:40:00.000+0000,887414.2812963838,887414.2812963838,1508276.4434116797
2025-05-15T13:50:00.000+0000,887414.2812963838,887414.2812963838,1503863.4412094597
2025-05-15T14:00:00.000+0000,887414.2812963838,887414.2812963838,1510031.9245981774
2025-05-15T14:10:00.000+0000,887414.2812963838,887414.2812963838,1503813.603468136
2025-05-15T14:20:00.000+0000,887414.2812963838,887414.2812963838,1508572.6442769188
2025-05-15T14:30:00.000+0000,887414.2812963838,887414.2812963838,1498392.9178106561
2025-05-15T14:40:00.000+0000,887414.2812963838,887414.2812963838,1496101.4647258187
2025-05-15T14:50:00.000+0000,887414.2812963838,887414.2812963838,1495969.3829244855
2025-05-15T15:00:00.000+0000,887414.2812963838,887414.2812963838,1507313.2001797503
2025-05-15T15:10:00.000+0000,887414.2812963838,887414.2812963838,1509449.5361762147
2025-05-15T15:20:00.000+0000,887414.2812963838,887414.2812963838,1513913.4003670735
2025-05-15T15:30:00.000+0000,887414.2812963838,887414.2812963838,1521199.9459234397
2025-05-15T15:40:00.000+0000,887414.2812963838,887414.2812963838,1521376.8567030416
2025-05-15T15:50:00.000+0000,887414.2812963838,887414.2812963838,1532884.305764839
2025-05-15T16:00:00.000+0000,887414.2812963838,887414.2812963838,1531011.1943238934
2025-05-15T16:10:00.000+0000,887414.2812963838,887414.2812963838,1531823.94303453
2025-05-15T16:20:00.000+0000,887414.2812963838,887414.2812963838,1530862.2989460034
2025-05-15T16:30:00.000+0000,887414.2812963838,887414.2812963838,1528688.990761273
2025-05-15T16:40:00.000+0000,887414.2812963838,887414.2812963838,1536600.0364521882
2025-05-15T16:50:00.000+0000,887414.2812963838,887414.2812963838,1545235.235958508
2025-05-15T17:00:00.000+0000,887414.2812963838,887414.2812963838,1545054.8950155904
2025-05-15T17:10:00.000+0000,887414.2812963838,887414.2812963838,1542721.6436195278
2025-05-15T17:20:00.000+0000,887414.2812963838,887414.2812963838,1550319.6616235257
2025-05-15T17:30:00.000+0000,887414.2812963838,887414.2812963838,1547319.9498229858
2025-05-15T17:40:00.000+0000,887414.2812963838,887414.2812963838,1547847.6489860592
2025-05-15T17:50:00.000+0000,887414.2812963838,887414.2812963838,1543741.1731842328
2025-05-15T18:00:00.000+0000,887414.2812963838,887414.2812963838,1537598.5051231727
2025-05-15T18:10:00.000+0000,887414.2812963838,887414.2812963838,1537171.4843066167
2025-05-15T18:20:00.000+0000,887414.2812963838,887414.2812963838,1527147.9659610214
2025-05-15T18:30:00.000+0000,887414.2812963838,887414.2812963838,1517506.6906710744
2025-05-15T18:40:00.000+0000,887414.2812963838,887414.2812963838,1516687.268950425
2025-05-15T18:50:00.000+0000,887414.2812963838,887414.2812963838,1515392.3298608777
2025-05-15T19:00:00.000+0000,887414.2812963838,887414.2812963838,1518075.873628513
2025-05-15T19:10:00.000+0000,887414.2812963838,887414.2812963838,1518342.8048664557
2025-05-15T19:20:00.000+0000,887414.2812963838,887414.2812963838,1509156.8547358965
2025-05-15T19:30:00.000+0000,887414.2812963838,887414.2812963838,1513762.402059951
2025-05-15T19:40:00.000+0000,887414.2812963838,887414.2812963838,1517250.6702101554
2025-05-15T19:50:00.000+0000,887414.2812963838,887414.2812963838,1516338.6324550668
2025-05-15T20:00:00.000+0000,887414.2812963838,887414.2812963838,1519497.4148622113
2025-05-15T20:10:00.000+0000,887414.2812963838,887414.2812963838,1515212.0200839778
2025-05-15T20:20:00.000+0000,887414.2812963838,887414.2812963838,1521795.3702899548
2025-05-15T20:30:00.000+0000,887414.2812963838,887414.2812963838,1519221.547283863
2025-05-15T20:40:00.000+0000,887414.2812963838,887414.2812963838,1517636.638646859
2025-05-15T20:50:00.000+0000,887414.2812963838,887414.2812963838,1520603.318972318
2025-05-15T21:00:00.000+0000,887414.2812963838,887414.2812963838,1517504.723607827
2025-05-15T21:10:00.000+0000,887414.2812963838,887414.2812963838,1514344.9121015714
2025-05-15T21:20:00.000+0000,887414.2812963838,887414.2812963838,1506966.3254640002
2025-05-15T21:30:00.000+0000,887414.2812963838,887414.2812963838,1509038.9624392241
2025-05-15T21:40:00.000+0000,887414.2812963838,887414.2812963838,1515191.4749404981
2025-05-15T21:50:00.000+0000,887414.2812963838,887414.2812963838,1517426.8816365055
2025-05-15T22:00:00.000+0000,887414.2812963838,887414.2812963838,1518290.1460829305
2025-05-15T22:10:00.000+0000,887414.2812963838,887414.2812963838,1524322.298446071
2025-05-15T22:20:00.000+0000,887414.2812963838,887414.2812963838,1526541.3521277155
2025-05-15T22:30:00.000+0000,887414.2812963838,887414.2812963838,1526320.3925233134
2025-05-15T22:40:00.000+0000,887414.2812963838,887414.2812963838,1525083.1501862905
2025-05-15T22:50:00.000+0000,887414.2812963838,887414.2812963838,1519099.5486558022
2025-05-15T23:00:00.000+0000,887414.2812963838,887414.2812963838,1513574.5239636817
2025-05-15T23:10:00.000+0000,887414.2812963838,887414.2812963838,1509941.4595866655
2025-05-15T23:20:00.000+0000,887414.2812963838,887414.2812963838,1509639.6612834053
2025-05-15T23:30:00.000+0000,887414.2812963838,887414.2812963838,1516906.0461703667
2025-05-15T23:40:00.000+0000,887414.2812963838,887414.2812963838,1523627.5522467773
2025-05-15T23:50:00.000+0000,887414.2812963838,887414.2812963838,1521466.4579121736
2025-05-16T00:00:00.000+0000,887414.2812963838,887414.2812963838,1523177.607379775
2025-05-16T00:10:00.000+0000,887414.2812963838,887414.2812963838,1525694.6171794408
2025-05-16T00:20:00.000+0000,887414.2812963838,887414.2812963838,1527914.2264225832
2025-05-16T00:30:00.000+0000,887414.2812963838,887414.2812963838,1531610.1174809143
2025-05-16T00:40:00.000+0000,887414.2812963838,887414.2812963838,1530714.8414963011
2025-05-16T00:50:00.000+0000,887414.2812963838,887414.2812963838,1525602.96969613
2025-05-16T01:00:00.000+0000,887414.2812963838,887414.2812963838,1522224.0078586633
2025-05-16T01:10:00.000+0000,887414.2812963838,887414.2812963838,1520899.4668499902
2025-05-16T01:20:00.000+0000,887414.2812963838,887414.2812963838,1522425.1007776666
2025-05-16T01:30:00.000+0000,887414.2812963838,887414.2812963838,1529703.3668172031
2025-05-16T01:40:00.000+0000,887414.2812963838,887414.2812963838,1534532.205119422
2025-05-16T01:50:00.000+0000,887414.2812963838,887414.2812963838,1535751.872489067
2025-05-16T02:00:00.000+0000,887414.2812963838,887414.2812963838,1543361.9576637628
2025-05-16T02:10:00.000+0000,887414.2812963838,887414.2812963838,1536230.1624474544
2025-05-16T02:20:00.000+0000,887414.2812963838,887414.2812963838,1536622.7269849123
2025-05-16T02:30:00.000+0000,887414.2812963838,887414.2812963838,1542926.9031491596
2025-05-16T02:40:00.000+0000,887414.2812963838,887414.2812963838,1540760.492900025
2025-05-16T02:50:00.000+0000,887414.2812963838,887414.2812963838,1541368.080004545
2025-05-16T03:00:00.000+0000,887414.2812963838,887414.2812963838,1540118.9772436847
2025-05-16T03:10:00.000+0000,887414.2812963838,887414.2812963838,1538989.4857339533
2025-05-16T03:20:00.000+0000,887414.2812963838,887414.2812963838,1540511.583886456
2025-05-16T03:30:00.000+0000,887414.2812963838,887414.2812963838,1541094.0790475467
2025-05-16T03:40:00.000+0000,887414.2812963838,887414.2812963838,1541991.4484133155
2025-05-16T03:50:00.000+0000,887414.2812963838,887414.2812963838,1543391.8753216038
2025-05-16T04:00:00.000+0000,887414.2812963838,887414.2812963838,1543665.9628265821
2025-05-16T04:10:00.000+0000,887414.2812963838,887414.2812963838,1541590.654287586
2025-05-16T04:20:00.000+0000,887414.2812963838,887414.2812963838,1539314.7658427684
2025-05-16T04:30:00.000+0000,887414.2812963838,887414.2812963838,1538085.1084276508
2025-05-16T04:40:00.000+0000,887414.2812963838,887414.2812963838,1535466.4213243732
2025-05-16T04:50:00.000+0000,887414.2812963838,887414.2812963838,1537649.8893463272
2025-05-16T05:00:00.000+0000,887414.2812963838,887414.2812963838,1540910.2146008513
2025-05-16T05:10:00.000+0000,887414.2812963838,887414.2812963838,1541773.237596915
2025-05-16T05:20:00.000+0000,887414.2812963838,887414.2812963838,1546529.6901487545
2025-05-16T05:30:00.000+0000,887414.2812963838,887414.2812963838,1544670.6086146608
2025-05-16T05:40:00.000+0000,887414.2812963838,887414.2812963838,1544527.9486216395
2025-05-16T05:50:00.000+0000,887414.2812963838,887414.2812963838,1546016.0226873974
2025-05-16T06:00:00.000+0000,887414.2812963838,887414.2812963838,1543529.6288493122
2025-05-16T06:10:00.000+0000,887414.2812963838,887414.2812963838,1544581.7219024047
2025-05-16T06:20:00.000+0000,887414.2812963838,887414.2812963838,1546132.3664732485
2025-05-16T06:30:00.000+0000,887414.2812963838,887414.2812963838,1545383.3118847108
2025-05-16T06:40:00.000+0000,887414.2812963838,887414.2812963838,1546134.243730693
2025-05-16T06:50:00.000+0000,887414.2812963838,887414.2812963838,1545690.4930441137
2025-05-16T07:00:00.000+0000,887414.2812963838,887414.2812963838,1540840.6227634356
2025-05-16T07:10:00.000+0000,887414.2812963838,887414.2812963838,1541243.073096168
2025-05-16T07:20:00.000+0000,887414.2812963838,887414.2812963838,1548881.6450254188
2025-05-16T07:30:00.000+0000,887414.2812963838,887414.2812963838,1546349.4602002106
2025-05-16T07:40:00.000+0000,887414.2812963838,887414.2812963838,1544764.2444984354
2025-05-16T07:50:00.000+0000,887414.2812963838,887414.2812963838,1545301.1518473234
2025-05-16T08:00:00.000+0000,887414.2812963838,887414.2812963838,1542501.6881559212
2025-05-16T08:10:00.000+0000,887414.2812963838,887414.2812963838,1538155.7812805553
2025-05-16T08:20:00.000+0000,887414.2812963838,887414.2812963838,1529059.4876197702
2025-05-16T08:30:00.000+0000,887414.2812963838,887414.2812963838,1526315.109610887
2025-05-16T08:40:00.000+0000,887414.2812963838,887414.2812963838,1525915.384917405
2025-05-16T08:50:00.000+0000,887414.2812963838,887414.2812963838,1528829.062004176
2025-05-16T09:00:00.000+0000,887414.2812963838,887414.2812963838,1531578.1063867412
2025-05-16T09:10:00.000+0000,887414.2812963838,887414.2812963838,1539984.2841154253
2025-05-16T09:20:00.000+0000,887414.2812963838,887414.2812963838,1543105.5284044426
2025-05-16T09:30:00.000+0000,887414.2812963838,887414.2812963838,1542262.970585668
2025-05-16T09:40:00.000+0000,887414.2812963838,887414.2812963838,1544540.7613093038
2025-05-16T09:50:00.000+0000,887414.2812963838,887414.2812963838,1546330.2901329733
2025-05-16T10:00:00.000+0000,887414.2812963838,887414.2812963838,1546131.1819400769
2025-05-16T10:10:00.000+0000,887414.2812963838,887414.2812963838,1547717.1750060143
2025-05-16T10:20:00.000+0000,887414.2812963838,887414.2812963838,1548403.7028163394
2025-05-16T10:30:00.000+0000,887414.2812963838,887414.2812963838,1550939.636900888
2025-05-16T10:40:00.000+0000,887414.2812963838,887414.2812963838,1551601.1292997045
2025-05-16T10:50:00.000+0000,887414.2812963838,887414.2812963838,1552414.206054911
2025-05-16T11:00:00.000+0000,887414.2812963838,887414.2812963838,1553514.1285796643
2025-05-16T11:10:00.000+0000,887414.2812963838,887414.2812963838,1554360.471848896
2025-05-16T11:20:00.000+0000,887414.2812963838,887414.2812963838,1552730.3580189294
2025-05-16T11:30:00.000+0000,887414.2812963838,887414.2812963838,1551146.1890771543
2025-05-16T11:40:00.000+0000,887414.2812963838,887414.2812963838,1550291.835721389
2025-05-16T11:50:00.000+0000,887414.2812963838,887414.2812963838,1550932.2344664938
2025-05-16T12:00:00.000+0000,887414.2812963838,887414.2812963838,1548802.8345786498
2025-05-16T12:10:00.000+0000,887414.2812963838,887414.2812963838,1547180.8281610655
2025-05-16T12:20:00.000+0000,887414.2812963838,887414.2812963838,1544585.197163095
2025-05-16T12:30:00.000+0000,887414.2812963838,887414.2812963838,1547148.6156218094
2025-05-16T12:40:00.000+0000,887414.2812963838,887414.2812963838,1545921.2559462243
2025-05-16T12:50:00.000+0000,887414.2812963838,887414.2812963838,1543679.2844453773
2025-05-16T13:00:00.000+0000,887414.2812963838,887414.2812963838,1542753.5935799794
2025-05-16T13:10:00.000+0000,887414.2812963838,887414.2812963838,1548515.8136918761
2025-05-16T13:20:00.000+0000,887414.2812963838,887414.2812963838,1545790.676421268
2025-05-16T13:30:00.000+0000,887414.2812963838,887414.2812963838,1544035.0187668004
2025-05-16T13:40:00.000+0000,887414.2812963838,887414.2812963838,1547702.3520411614
2025-05-16T13:50:00.000+0000,887414.2812963838,887414.2812963838,1550670.722782832
2025-05-16T14:00:00.000+0000,887414.2812963838,887414.2812963838,1542748.9950084074
2025-05-16T14:10:00.000+0000,887414.2812963838,887414.2812963838,1541646.1854577484
2025-05-16T14:20:00.000+0000,887414.2812963838,887414.2812963838,1546459.152686342
2025-05-16T14:30:00.000+0000,887414.2812963838,887414.2812963838,1542099.2498691422
2025-05-16T14:40:00.000+0000,887414.2812963838,887414.2812963838,1534347.2177556902
2025-05-16T14:50:00.000+0000,887414.2812963838,887414.2812963838,1537016.2028150256
2025-05-16T15:00:00.000+0000,887414.2812963838,887414.2812963838,1541399.3843701757
2025-05-16T15:10:00.000+0000,887414.2812963838,887414.2812963838,1544174.6779287704
2025-05-16T15:20:00.000+0000,887414.2812963838,887414.2812963838,1542051.842234359
2025-05-16T15:30:00.000+0000,887414.2812963838,887414.2812963838,1542193.4027604314
2025-05-16T15:40:00.000+0000,887414.2812963838,887414.2812963838,1541405.6619194732
2025-05-16T15:50:00.000+0000,887414.2812963838,887414.2812963838,1541945.9935352693
2025-05-16T16:00:00.000+0000,887414.2812963838,887414.2812963838,1545396.3938461451
2025-05-16T16:10:00.000+0000,887414.2812963838,887414.2812963838,1540502.759259148
2025-05-16T16:20:00.000+0000,887414.2812963838,887414.2812963838,1537725.1267132761
2025-05-16T16:30:00.000+0000,887414.2812963838,887414.2812963838,1533151.557320768
2025-05-16T16:40:00.000+0000,887414.2812963838,887414.2812963838,1534634.6859822243
2025-05-16T16:50:00.000+0000,887414.2812963838,887414.2812963838,1536366.4961176335
2025-05-16T17:00:00.000+0000,887414.2812963838,887414.2812963838,1538026.3912697171
2025-05-16T17:10:00.000+0000,887414.2812963838,887414.2812963838,1537923.7574382427
2025-05-16T17:20:00.000+0000,887414.2812963838,887414.2812963838,1543762.1467641674
2025-05-16T17:30:00.000+0000,887414.2812963838,887414.2812963838,1537934.057117144
2025-05-16T17:40:00.000+0000,887414.2812963838,887414.2812963838,1538550.014289649
2025-05-16T17:50:00.000+0000,887414.2812963838,887414.2812963838,1532450.623877171
2025-05-16T18:00:00.000+0000,887414.2812963838,887414.2812963838,1535266.7771714467
2025-05-16T18:10:00.000+0000,887414.2812963838,887414.2812963838,1537344.7800606478
2025-05-16T18:20:00.000+0000,887414.2812963838,887414.2812963838,1534619.322849335
2025-05-16T18:30:00.000+0000,887414.2812963838,887414.2812963838,1534273.411242975
2025-05-16T18:40:00.000+0000,887414.2812963838,887414.2812963838,1534325.0439283976
2025-05-16T18:50:00.000+0000,887414.2812963838,887414.2812963838,1535305.6590601003
2025-05-16T19:00:00.000+0000,887414.2812963838,887414.2812963838,1536642.7718130983
2025-05-16T19:10:00.000+0000,887414.2812963838,887414.2812963838,1532573.4624308127
2025-05-16T19:20:00.000+0000,887414.2812963838,887414.2812963838,1532976.0444895872
2025-05-16T19:30:00.000+0000,887414.2812963838,887414.2812963838,1536886.5765925976
2025-05-16T19:40:00.000+0000,887414.2812963838,887414.2812963838,1536221.2878246405
2025-05-16T19:50:00.000+0000,887414.2812963838,887414.2812963838,1537614.166980765
2025-05-16T20:00:00.000+0000,887414.2812963838,887414.2812963838,1539231.1293981443
2025-05-16T20:10:00.000+0000,887414.2812963838,887414.2812963838,1536996.079693497
2025-05-16T20:20:00.000+0000,887414.2812963838,887414.2812963838,1535606.723543929
2025-05-16T20:30:00.000+0000,887414.2812963838,887414.2812963838,1528490.8675676426
2025-05-16T20:40:00.000+0000,887414.2812963838,887414.2812963838,1526263.0863816785
2025-05-16T20:50:00.000+0000,887414.2812963838,887414.2812963838,1526220.803650586
2025-05-16T21:00:00.000+0000,887414.2812963838,887414.2812963838,1530294.5971158869
2025-05-16T21:10:00.000+0000,887414.2812963838,887414.2812963838,1532096.2163909795
2025-05-16T21:20:00.000+0000,887414.2812963838,887414.2812963838,1528875.5122871334
2025-05-16T21:30:00.000+0000,887414.2812963838,887414.2812963838,1523015.5166891213
2025-05-16T21:40:00.000+0000,887414.2812963838,887414.2812963838,1530653.3519909924
2025-05-16T21:50:00.000+0000,887414.2812963838,887414.2812963838,1526785.7829675646
2025-05-16T22:00:00.000+0000,887414.2812963838,887414.2812963838,1521030.1019912984
2025-05-16T22:10:00.000+0000,887414.2812963838,887414.2812963838,1519052.1276911632
2025-05-16T22:20:00.000+0000,887414.2812963838,887414.2812963838,1517499.700380776
2025-05-16T22:30:00.000+0000,887414.2812963838,887414.2812963838,1518902.3187915904
2025-05-16T22:40:00.000+0000,887414.2812963838,887414.2812963838,1514895.2467058771
2025-05-16T22:50:00.000+0000,887414.2812963838,887414.2812963838,1511860.9274671322
2025-05-16T23:00:00.000+0000,887414.2812963838,887414.2812963838,1518018.659102509
2025-05-16T23:10:00.000+0000,887414.2812963838,887414.2812963838,1519185.070273732
2025-05-16T23:20:00.000+0000,887414.2812963838,887414.2812963838,1519910.877598438
2025-05-16T23:30:00.000+0000,887414.2812963838,887414.2812963838,1521507.3323797386
2025-05-16T23:40:00.000+0000,887414.2812963838,887414.2812963838,1516332.0164615707
2025-05-16T23:50:00.000+0000,887414.2812963838,887414.2812963838,1513419.2206652416
2025-05-17T00:00:00.000+0000,887414.2812963838,887414.2812963838,1512585.0271144425
2025-05-17T00:10:00.000+0000,887414.2812963838,887414.2812963838,1508873.7728965941
2025-05-17T00:20:00.000+0000,887414.2812963838,887414.2812963838,1504501.9318976782
2025-05-17T00:30:00.000+0000,887414.2812963838,887414.2812963838,1499615.914853733
2025-05-17T00:40:00.000+0000,887414.2812963838,887414.2812963838,1500374.075418912
2025-05-17T00:50:00.000+0000,887414.2812963838,887414.2812963838,1504309.3338887221
2025-05-17T01:00:00.000+0000,887414.2812963838,887414.2812963838,1499079.5822138896
2025-05-17T01:10:00.000+0000,887414.2812963838,887414.2812963838,1496623.337115644
2025-05-17T01:20:00.000+0000,887414.2812963838,887414.2812963838,1492277.5670751939
2025-05-17T01:30:00.000+0000,887414.2812963838,887414.2812963838,1493434.4406839309
2025-05-17T01:40:00.000+0000,887414.2812963838,887414.2812963838,1487209.9684574031
2025-05-17T01:50:00.000+0000,887414.2812963838,887414.2812963838,1486328.6223325504
2025-05-17T02:00:00.000+0000,887414.2812963838,887414.2812963838,1488137.5911529455
2025-05-17T02:10:00.000+0000,887414.2812963838,887414.2812963838,1484507.7830232629
2025-05-17T02:20:00.000+0000,887414.2812963838,887414.2812963838,1490580.7980737765
2025-05-17T02:30:00.000+0000,887414.2812963838,887414.2812963838,1498733.3081263371
2025-05-17T02:40:00.000+0000,887414.2812963838,887414.2812963838,1500463.5446457777
2025-05-17T02:50:00.000+0000,887414.2812963838,887414.2812963838,1498652.3055134946
2025-05-17T03:00:00.000+0000,887414.2812963838,887414.2812963838,1499161.7304977132
2025-05-17T03:10:00.000+0000,887414.2812963838,887414.2812963838,1495831.7855793831
2025-05-17T03:20:00.000+0000,887414.2812963838,887414.2812963838,1495011.0065280087
2025-05-17T03:30:00.000+0000,887414.2812963838,887414.2812963838,1499942.8474863542
2025-05-17T03:40:00.000+0000,887414.2812963838,887414.2812963838,1502276.4956388043
2025-05-17T03:50:00.000+0000,887414.2812963838,887414.2812963838,1504136.427217594
2025-05-17T04:00:00.000+0000,887414.2812963838,887414.2812963838,1507440.3925270652
2025-05-17T04:10:00.000+0000,887414.2812963838,887414.2812963838,1507952.468100157
2025-05-17T04:20:00.000+0000,887414.2812963838,887414.2812963838,1512129.5472731662
2025-05-17T04:30:00.000+0000,887414.2812963838,887414.2812963838,1512324.2130620263
2025-05-17T04:40:00.000+0000,887414.2812963838,887414.2812963838,1513052.8843504856
2025-05-17T04:50:00.000+0000,887414.2812963838,887414.2812963838,1512649.9544901573
2025-05-17T05:00:00.000+0000,887414.2812963838,887414.2812963838,1513191.7624945487
2025-05-17T05:10:00.000+0000,887414.2812963838,887414.2812963838,1509752.4160229152
2025-05-17T05:20:00.000+0000,887414.2812963838,887414.2812963838,1506634.0899100043
2025-05-17T05:30:00.000+0000,887414.2812963838,887414.2812963838,1506469.6357925502
2025-05-17T05:40:00.000+0000,887414.2812963838,887414.2812963838,1503813.9526797612
2025-05-17T05:50:00.000+0000,887414.2812963838,887414.2812963838,1501602.158505197
2025-05-17T06:00:00.000+0000,887414.2812963838,887414.2812963838,1504300.5691249743
2025-05-17T06:10:00.000+0000,887414.2812963838,887414.2812963838,1507314.2813746147
2025-05-17T06:20:00.000+0000,887414.2812963838,887414.2812963838,1506281.78651392
2025-05-17T06:30:00.000+0000,887414.2812963838,887414.2812963838,1505544.6843830906
2025-05-17T06:40:00.000+0000,887414.2812963838,887414.2812963838,1508936.7795045925
2025-05-17T06:50:00.000+0000,887414.2812963838,887414.2812963838,1508870.2902034163
2025-05-17T07:00:00.000+0000,887414.2812963838,887414.2812963838,1511247.5649283724
2025-05-17T07:10:00.000+0000,887414.2812963838,887414.2812963838,1512787.5515313116
2025-05-17T07:20:00.000+0000,887414.2812963838,887414.2812963838,1512964.7538886482
