date,total_balance_normal,unlocked_balance_normal,benchmark,total_balance_short_only,unlocked_balance_short_only,total_balance_long_only,unlocked_balance_long_only
2025-04-11T17:50:00.000+0000,1000000.0,1000000.0,999526.7619856554,1000000.0,1000000.0,1000000,1000000
2025-04-11T18:00:00.000+0000,995018.187665408,2769.6038399999597,999162.3608999464,995022.2590103676,3584.5821399997594,1000000,1000000
2025-04-11T18:10:00.000+0000,996539.6523991041,2769.6038399999597,995230.2266125192,996542.4803395835,3584.5821399997594,1000000,1000000
2025-04-11T18:20:00.000+0000,995461.948212736,2769.6038399999597,993985.1818947732,995465.6568980559,3584.5821399997594,1000000,1000000
2025-04-11T18:30:00.000+0000,994637.8214819841,2769.6038399999597,996083.2574649528,994642.2036780639,3584.5821399997594,1000000,1000000
2025-04-11T18:40:00.000+0000,995081.582029312,2769.6038399999597,994545.2192000446,995085.6015657518,3584.5821399997594,1000000,1000000
2025-04-11T18:50:00.000+0000,1001801.3846031361,2769.6038399999597,991136.4937865664,1001799.9124364557,3584.5821399997594,1000000,1000000
2025-04-11T19:00:00.000+0000,1001737.990239232,2769.6038399999597,992052.8265604175,1001736.5698810716,3584.5821399997594,1000000,1000000
2025-04-11T19:10:00.000+0000,1001801.3846031361,2769.6038399999597,995162.2791830429,1001799.9124364557,3584.5821399997594,1000000,1000000
2025-04-11T19:20:00.000+0000,1003513.032428544,2769.6038399999597,994719.1939640853,1003510.1614318236,3584.5821399997594,1000000,1000000
2025-04-11T19:30:00.000+0000,1006682.750623744,2769.6038399999597,993191.6404456295,1006677.2892010239,3584.5821399997594,1000000,1000000
2025-04-11T19:40:00.000+0000,1000279.91986944,2769.6038399999597,994025.1467038182,1000279.6911072397,3584.5821399997594,1000000,1000000
2025-04-11T19:50:00.000+0000,993940.4834790401,2769.6038399999597,994256.6686466374,993945.4355688395,3584.5821399997594,1000000,1000000
2025-04-11T20:00:00.000+0000,992165.4412897282,2769.6038399999597,994183.3258001062,992171.8440180877,3584.5821399997594,1000000,1000000
2025-04-11T20:10:00.000+0000,986142.9767188481,2769.6038399999597,994472.1700490897,986154.301256608,3584.5821399997594,1000000,1000000
2025-04-11T20:20:00.000+0000,984811.695076864,2769.6038399999597,995682.8738805389,984824.1075935441,3584.5821399997594,1000000,1000000
2025-04-11T20:30:00.000+0000,981325.0050621441,2769.6038399999597,997516.5006113049,981340.2670474238,3584.5821399997594,1000000,1000000
2025-04-11T20:40:00.000+0000,981071.4276065279,2769.6038399999597,998131.4819529878,981086.8968258876,3584.5821399997594,1000000,1000000
2025-04-11T20:50:00.000+0000,981008.033242624,2769.6038399999597,997564.3401223535,981023.5542705037,3584.5821399997594,1000000,1000000
2025-04-11T21:00:00.000+0000,985255.455624192,2769.6038399999597,999421.3046386014,985267.5054812318,3584.5821399997594,1000000,1000000
2025-04-11T21:10:00.000+0000,981388.3994260479,2769.6038399999597,1001328.8509786589,981403.6096028076,3584.5821399997594,1000000,1000000
2025-04-11T21:20:00.000+0000,983987.568346112,2769.6038399999597,1000312.2401447764,984000.6543735516,3584.5821399997594,1000000,1000000
2025-04-11T21:30:00.000+0000,994891.3989376001,2769.6038399999597,995741.550676666,994895.5738995998,3584.5821399997594,1000000,1000000
2025-04-11T21:40:00.000+0000,1005858.6238929923,2769.6038399999597,995877.5918391042,1005853.8359810322,3584.5821399997594,1000000,1000000
2025-04-11T21:50:00.000+0000,991721.6807424,2769.6038399999597,996774.6107484757,991728.4461303997,3584.5821399997594,1000000,1000000
2025-04-11T22:00:00.000+0000,991277.9201950721,2769.6038399999597,995506.0430331454,991285.0482427115,3584.5821399997594,1000000,1000000
2025-04-11T22:10:00.000+0000,998314.6945884161,2769.6038399999597,994100.3016720507,998316.0718903354,3584.5821399997594,1000000,1000000
2025-04-11T22:20:00.000+0000,992545.8074731521,2769.6038399999597,994860.2898405718,992551.8993503916,3584.5821399997594,1000000,1000000
2025-04-11T22:30:00.000+0000,993306.5398400002,2769.6038399999597,994123.219308645,993312.0100150001,3584.5821399997594,1000000,1000000
2025-04-11T22:40:00.000+0000,982402.709248512,2769.6038399999597,993780.8327442047,982417.090488952,3584.5821399997594,1000000,1000000
2025-04-11T22:50:00.000+0000,984558.1176212482,2769.6038399999597,994050.8757894291,984570.7373720078,3584.5821399997594,1000000,1000000
2025-04-11T23:00:00.000+0000,986903.709085696,2769.6038399999597,992333.7642065638,986914.4119212158,3584.5821399997594,1000000,1000000
2025-04-11T23:10:00.000+0000,989946.6385530881,2769.6038399999597,989728.737339919,989954.8545796478,3584.5821399997594,1000000,1000000
2025-04-11T23:20:00.000+0000,993306.5398400002,2769.6038399999597,988989.8631081319,993312.0100150001,3584.5821399997594,1000000,1000000
2025-04-11T23:30:00.000+0000,991594.8920145921,2769.6038399999597,990642.8595112007,991601.7610196318,3584.5821399997594,1000000,1000000
2025-04-11T23:40:00.000+0000,994511.0327541761,2769.6038399999597,993535.974917277,994515.518567296,3584.5821399997594,1000000,1000000
2025-04-11T23:50:00.000+0000,994764.610209792,2769.6038399999597,994730.104683398,994768.8887888317,3584.5821399997594,1000000,1000000
2025-04-12T00:00:00.000+0000,1002054.9620587521,2769.6038399999597,993518.668600259,1002053.2826579916,3584.5821399997594,1000000,1000000
2025-04-12T00:10:00.000+0000,1003703.215520256,2769.6038399999597,992131.5419283883,1003700.1890979755,3584.5821399997594,1000000,1000000
2025-04-12T00:20:00.000+0000,1007126.5111710718,2769.6038399999597,992677.6280113854,1007120.6870887119,3584.5821399997594,1000000,1000000
2025-04-12T00:30:00.000+0000,1008394.3984491521,2769.6038399999597,994404.3548859512,1008387.5381963921,3584.5821399997594,1000000,1000000
2025-04-12T00:40:00.000+0000,1012895.398286336,2769.6038399999597,995392.9580916788,1012884.8596286558,3584.5821399997594,1000000,1000000
2025-04-12T00:50:00.000+0000,1015177.5953868802,2769.6038399999597,993254.216592521,1015165.19162248,3584.5821399997594,1000000,1000000
2025-04-12T01:00:00.000+0000,1014797.229203456,2769.6038399999597,992247.029496877,1014785.1362901758,3584.5821399997594,1000000,1000000
2025-04-12T01:10:00.000+0000,1016889.243212288,2769.6038399999597,991234.9560090827,1016875.4406178481,3584.5821399997594,1000000,1000000
2025-04-12T01:20:00.000+0000,1025447.4823393283,2769.6038399999597,990148.832390954,1025426.685594688,3584.5821399997594,1000000,1000000
2025-04-12T01:30:00.000+0000,1026335.0034339841,2769.6038399999597,991169.3792651958,1026313.4813700641,3584.5821399997594,1000000,1000000
2025-04-12T01:40:00.000+0000,1021770.6092328958,2769.6038399999597,991520.6529194342,1021752.8173824156,3584.5821399997594,1000000,1000000
2025-04-12T01:50:00.000+0000,1020375.933227008,2769.6038399999597,990073.3510709186,1020359.2811639677,3584.5821399997594,1000000,1000000
2025-04-12T02:00:00.000+0000,1018791.0741294082,2769.6038399999597,990257.4605825485,1018775.717279368,3584.5821399997594,1000000,1000000
2025-04-12T02:10:00.000+0000,1018474.1023098881,2769.6038399999597,988003.3956902835,1018459.0045024479,3584.5821399997594,1000000,1000000
2025-04-12T02:20:00.000+0000,1011817.694099968,2769.6038399999597,989334.3635305581,1011808.0361871277,3584.5821399997594,1000000,1000000
2025-04-12T02:30:00.000+0000,1013022.1870141441,2769.6038399999597,989003.2346283562,1013011.5447394241,3584.5821399997594,1000000,1000000
2025-04-12T02:40:00.000+0000,1012641.82083072,2769.6038399999597,986770.6282098173,1012631.4894071196,3584.5821399997594,1000000,1000000
2025-04-12T02:50:00.000+0000,1021200.05995776,2769.6038399999597,983896.6461770409,1021182.7343839596,3584.5821399997594,1000000,1000000
2025-04-12T03:00:00.000+0000,1025130.510519808,2769.6038399999597,984766.7833637418,1025109.9728177676,3584.5821399997594,1000000,1000000
2025-04-12T03:10:00.000+0000,1015748.1446620158,2769.6038399999597,985637.7565846022,1015735.2746209354,3584.5821399997594,1000000,1000000
2025-04-12T03:20:00.000+0000,1014290.0742922241,2769.6038399999597,985939.0501546499,1014278.3958471039,3584.5821399997594,1000000,1000000
2025-04-12T03:30:00.000+0000,1013592.7362892801,2769.6038399999597,985816.374336857,1013581.6277378795,3584.5821399997594,1000000,1000000
2025-04-12T03:40:00.000+0000,1011120.3560970242,2769.6038399999597,987835.8260426039,1011111.2680779042,3584.5821399997594,1000000,1000000
2025-04-12T03:50:00.000+0000,1014797.229203456,2769.6038399999597,987380.6872189133,1014785.1362901758,3584.5821399997594,1000000,1000000
2025-04-12T04:00:00.000+0000,1022784.9190553601,2769.6038399999597,985492.9034994245,1022766.2982685599,3584.5821399997594,1000000,1000000
2025-04-12T04:10:00.000+0000,1022721.5246914561,2769.6038399999597,985767.0138669177,1022702.9557131758,3584.5821399997594,1000000,1000000
2025-04-12T04:20:00.000+0000,1018664.2854016001,2769.6038399999597,987517.8398252199,1018649.0321686,3584.5821399997594,1000000,1000000
2025-04-12T04:30:00.000+0000,1015811.5390259202,2769.6038399999597,990713.4868151713,1015798.6171763198,3584.5821399997594,1000000,1000000
2025-04-12T04:40:00.000+0000,1013782.919380992,2769.6038399999597,993286.579551114,1013771.6554040319,3584.5821399997594,1000000,1000000
2025-04-12T04:50:00.000+0000,1011437.327916544,2769.6038399999597,995009.5653264076,1011427.980854824,3584.5821399997594,1000000,1000000
2025-04-12T05:00:00.000+0000,1009218.525179904,2769.6038399999597,996500.1191551571,1009210.9914163838,3584.5821399997594,1000000,1000000
2025-04-12T05:10:00.000+0000,1009598.8913633282,2769.6038399999597,996764.9916532042,1009591.0467486877,3584.5821399997594,1000000,1000000
2025-04-12T05:20:00.000+0000,1008331.004085248,2769.6038399999597,998063.5919442943,1008324.1956410077,3584.5821399997594,1000000,1000000
2025-04-12T05:30:00.000+0000,1015431.1728424961,2769.6038399999597,998518.1323063403,1015418.5618440157,3584.5821399997594,1000000,1000000
2025-04-12T05:40:00.000+0000,1015431.1728424961,2769.6038399999597,997377.1076074683,1015418.5618440157,3584.5821399997594,1000000,1000000
2025-04-12T05:50:00.000+0000,1017333.0037596159,2769.6038399999597,997457.6935129852,1017318.8385055357,3584.5821399997594,1000000,1000000
2025-04-12T06:00:00.000+0000,1005224.6802539519,2769.6038399999597,998690.330340103,1005220.4104271916,3584.5821399997594,1000000,1000000
2025-04-12T06:10:00.000+0000,1002054.9620587521,2769.6038399999597,1000686.8885210704,1002053.2826579916,3584.5821399997594,1000000,1000000
2025-04-12T06:20:00.000+0000,995778.920032256,2769.6038399999597,1001230.841488257,995782.3696749756,3584.5821399997594,1000000,1000000
2025-04-12T06:30:00.000+0000,989312.6949140481,2769.6038399999597,1001506.9376980925,989321.4290258078,3584.5821399997594,1000000,1000000
2025-04-12T06:40:00.000+0000,989122.5118223361,2769.6038399999597,1001761.5822039784,989131.4013596559,3584.5821399997594,1000000,1000000
2025-04-12T06:50:00.000+0000,989693.0610974721,2769.6038399999597,1001084.7870180053,989701.4843581119,3584.5821399997594,1000000,1000000
2025-04-12T07:00:00.000+0000,987601.04708864,2769.6038399999597,1000515.1446237452,987611.1800304399,3584.5821399997594,1000000,1000000
2025-04-12T07:10:00.000+0000,989756.455461376,2769.6038399999597,1001634.8978987568,989764.8269134958,3584.5821399997594,1000000,1000000
2025-04-12T07:20:00.000+0000,993433.328567808,2769.6038399999597,1002205.5392906191,993438.6951257678,3584.5821399997594,1000000,1000000
2025-04-12T07:30:00.000+0000,990390.3991004161,2769.6038399999597,1003639.5894273026,990398.2524673358,3584.5821399997594,1000000,1000000
2025-04-12T07:40:00.000+0000,986206.371082752,2769.6038399999597,1004853.6492556394,986217.6438119916,3584.5821399997594,1000000,1000000
2025-04-12T07:50:00.000+0000,990263.6103726081,2769.6038399999597,1006654.8962671771,990271.5673565676,3584.5821399997594,1000000,1000000
2025-04-12T08:00:00.000+0000,984114.3570739202,2769.6038399999597,1006813.8435727736,984127.3394843199,3584.5821399997594,1000000,1000000
2025-04-12T08:10:00.000+0000,982149.1317928962,2769.6038399999597,1012339.5842485036,982163.7202674161,3584.5821399997594,1000000,1000000
2025-04-12T08:20:00.000+0000,989693.0610974721,2769.6038399999597,1009568.6058134388,989701.4843581119,3584.5821399997594,1000000,1000000
2025-04-12T08:30:00.000+0000,988805.540002816,2769.6038399999597,1008672.9604716294,988814.688582736,3584.5821399997594,1000000,1000000
2025-04-12T08:40:00.000+0000,989819.84982528,2769.6038399999597,1008428.4582467126,989828.1694688795,3584.5821399997594,1000000,1000000
2025-04-12T08:50:00.000+0000,989629.666733568,2769.6038399999597,1008812.7507232649,989638.1418027278,3584.5821399997594,1000000,1000000
2025-04-12T09:00:00.000+0000,989185.90618624,2769.6038399999597,1009631.6745418417,989194.74391504,3584.5821399997594,1000000,1000000
2025-04-12T09:10:00.000+0000,994447.6383902722,2769.6038399999597,1007502.5318917539,994452.1760119118,3584.5821399997594,1000000,1000000
2025-04-12T09:20:00.000+0000,999329.0044108802,2769.6038399999597,1009170.9333955834,999329.5527764797,3584.5821399997594,1000000,1000000
2025-04-12T09:30:00.000+0000,998441.4833162241,2769.6038399999597,1009150.455828263,998442.7570011037,3584.5821399997594,1000000,1000000
2025-04-12T09:40:00.000+0000,994257.4552985601,2769.6038399999597,1009905.1729615313,994262.1483457596,3584.5821399997594,1000000,1000000
2025-04-12T09:50:00.000+0000,995715.5256683521,2769.6038399999597,1010910.3067279051,995719.0271195917,3584.5821399997594,1000000,1000000
2025-04-12T10:00:00.000+0000,996729.835490816,2769.6038399999597,1010011.1915253855,996732.5080057357,3584.5821399997594,1000000,1000000
2025-04-12T10:10:00.000+0000,995715.5256683521,2769.6038399999597,1008672.054394359,995719.0271195917,3584.5821399997594,1000000,1000000
2025-04-12T10:20:00.000+0000,996476.2580352001,2769.6038399999597,1008553.4794435231,996479.1377841993,3584.5821399997594,1000000,1000000
2025-04-12T10:30:00.000+0000,996983.4129464321,2769.6038399999597,1008753.736611756,996985.8782272716,3584.5821399997594,1000000,1000000
2025-04-12T10:40:00.000+0000,1004337.1591592961,2769.6038399999597,1007223.5882904903,1004333.6146518157,3584.5821399997594,1000000,1000000
2025-04-12T10:50:00.000+0000,1002752.3000616959,2769.6038399999597,1007762.8812797924,1002750.0507672154,3584.5821399997594,1000000,1000000
2025-04-12T11:00:00.000+0000,1003576.4267924482,2769.6038399999597,1009769.3971047942,1003573.5039872079,3584.5821399997594,1000000,1000000
2025-04-12T11:10:00.000+0000,1005731.8351651841,2769.6038399999597,1011177.3362362516,1005727.1508702639,3584.5821399997594,1000000,1000000
2025-04-12T11:20:00.000+0000,1008521.1871769599,2769.6038399999597,1012253.885880729,1008514.22330716,3584.5821399997594,1000000,1000000
2025-04-12T11:30:00.000+0000,1006746.1449876481,2769.6038399999597,1010004.8554176856,1006740.6317564081,3584.5821399997594,1000000,1000000
2025-04-12T11:40:00.000+0000,1005414.8633456641,2769.6038399999597,1009406.057143185,1005410.4380933443,3584.5821399997594,1000000,1000000
2025-04-12T11:50:00.000+0000,1009028.3420881922,2769.6038399999597,1010001.8461588682,1009020.9637502318,3584.5821399997594,1000000,1000000
2025-04-12T12:00:00.000+0000,1010613.201185792,2769.6038399999597,1009246.2904688589,1010604.5276348318,3584.5821399997594,1000000,1000000
2025-04-12T12:10:00.000+0000,1016825.8488483842,2769.6038399999597,1011184.3646136266,1016812.0980624642,3584.5821399997594,1000000,1000000
2025-04-12T12:20:00.000+0000,1013085.581378048,2769.6038399999597,1012089.0928740199,1013074.8872948077,3584.5821399997594,1000000,1000000
2025-04-12T12:30:00.000+0000,1011944.4828277761,2769.6038399999597,1012457.6866701208,1011934.7212978959,3584.5821399997594,1000000,1000000
2025-04-12T12:40:00.000+0000,1014290.0742922241,2769.6038399999597,1015464.0580931525,1014278.3958471039,3584.5821399997594,1000000,1000000
2025-04-12T12:50:00.000+0000,1016508.8770288639,2769.6038399999597,1015342.5857690431,1016495.3852855437,3584.5821399997594,1000000,1000000
2025-04-12T13:00:00.000+0000,1010739.9899136,2769.6038399999597,1018123.7678534448,1010731.2127456001,3584.5821399997594,1000000,1000000
2025-04-12T13:10:00.000+0000,1005097.8915261442,2769.6038399999597,1022437.386548585,1005093.7253164236,3584.5821399997594,1000000,1000000
2025-04-12T13:20:00.000+0000,1006999.7224432639,2769.6038399999597,1018293.5795006976,1006994.0019779437,3584.5821399997594,1000000,1000000
2025-04-12T13:30:00.000+0000,1004210.3704314883,2769.6038399999597,1020350.8600391748,1004206.9295410478,3584.5821399997594,1000000,1000000
2025-04-12T13:40:00.000+0000,988488.568183296,2769.6038399999597,1022357.0262710755,988497.9758058155,3584.5821399997594,1000000,1000000
2025-04-12T13:50:00.000+0000,980310.6952396801,2769.6038399999597,1029883.1659589646,980326.7861612801,3584.5821399997594,1000000,1000000
2025-04-12T14:00:00.000+0000,975682.9066746882,2769.6038399999597,1032953.3222690902,975702.779618248,3584.5821399997594,1000000,1000000
2025-04-12T14:10:00.000+0000,968329.1604618242,2769.6038399999597,1035563.3213178623,968355.0431937036,3584.5821399997594,1000000,1000000
2025-04-12T14:20:00.000+0000,959770.9213347839,2769.6038399999597,1037151.5354875372,959803.7982168634,3584.5821399997594,1000000,1000000
2025-04-12T14:30:00.000+0000,961292.3860684801,2769.6038399999597,1043664.5775157636,961324.0195460797,3584.5821399997594,1000000,1000000
2025-04-12T14:40:00.000+0000,972069.4279321601,2769.6038399999597,1041347.83775998,972092.2539613598,3584.5821399997594,1000000,1000000
2025-04-12T14:50:00.000+0000,975556.1179468799,2769.6038399999597,1042369.5492192882,975576.0945074796,3584.5821399997594,1000000,1000000
2025-04-12T15:00:00.000+0000,983987.568346112,2769.6038399999597,1041272.6093500657,984000.6543735516,3584.5821399997594,1000000,1000000
2025-04-12T15:10:00.000+0000,995652.1313044482,2769.6038399999597,1041149.1344222163,995655.6845642078,3584.5821399997594,1000000,1000000
2025-04-12T15:20:00.000+0000,991468.103286784,2769.6038399999597,1047760.2344750315,991475.0759088638,3584.5821399997594,1000000,1000000
2025-04-12T15:30:00.000+0000,982085.7374289922,2769.6038399999597,1047866.6254241872,982100.377712032,3584.5821399997594,1000000,1000000
2025-04-12T15:40:00.000+0000,975999.8784942082,2769.6038399999597,1046483.0352431207,976019.4923951676,3584.5821399997594,1000000,1000000
2025-04-12T15:50:00.000+0000,980944.63887872,2769.6038399999597,1045379.98687872,980960.2117151198,3584.5821399997594,1000000,1000000
2025-04-12T16:00:00.000+0000,973337.3152102401,2769.6038399999597,1044817.8104405178,973359.1050690399,3584.5821399997594,1000000,1000000
2025-04-12T16:10:00.000+0000,987030.497813504,2769.6038399999597,1042948.6336286819,987041.0970319839,3584.5821399997594,1000000,1000000
2025-04-12T16:20:00.000+0000,975048.9630356481,2769.6038399999597,1046176.4727210379,975069.3540644078,3584.5821399997594,1000000,1000000
2025-04-12T16:30:00.000+0000,973020.34339072,2769.6038399999597,1043901.3791548953,973042.3922921199,3584.5821399997594,1000000,1000000
2025-04-12T16:40:00.000+0000,981958.948701184,2769.6038399999597,1037726.5332126599,981973.6926012636,3584.5821399997594,1000000,1000000
2025-04-12T16:50:00.000+0000,988742.145638912,2769.6038399999597,1038254.9978994466,988751.3460273519,3584.5821399997594,1000000,1000000
2025-04-12T17:00:00.000+0000,989249.3005501442,2769.6038399999597,1034013.8080932926,989258.086470424,3584.5821399997594,1000000,1000000
2025-04-12T17:10:00.000+0000,976950.7939527682,2769.6038399999597,1031305.7931893416,976969.630725928,3584.5821399997594,1000000,1000000
2025-04-12T17:20:00.000+0000,971372.0899292161,2769.6038399999597,1033119.5256824433,971395.4858521359,3584.5821399997594,1000000,1000000
2025-04-12T17:30:00.000+0000,961355.780432384,2769.6038399999597,1036488.9644191754,961387.3621014637,3584.5821399997594,1000000,1000000
2025-04-12T17:40:00.000+0000,960531.6537016322,2769.6038399999597,1034922.9794687998,960563.9088814718,3584.5821399997594,1000000,1000000
2025-04-12T17:50:00.000+0000,962179.907163136,2769.6038399999597,1035411.0238034944,962210.8153214554,3584.5821399997594,1000000,1000000
2025-04-12T18:00:00.000+0000,959834.315698688,2769.6038399999597,1037330.6234213081,959867.1407722477,3584.5821399997594,1000000,1000000
2025-04-12T18:10:00.000+0000,958693.2171484162,2769.6038399999597,1037596.669371099,958726.9747753358,3584.5821399997594,1000000,1000000
2025-04-12T18:20:00.000+0000,958376.2453288962,2769.6038399999597,1039403.7785291163,958410.261998416,3584.5821399997594,1000000,1000000
2025-04-12T18:30:00.000+0000,959770.9213347839,2769.6038399999597,1040643.5727130004,959803.7982168634,3584.5821399997594,1000000,1000000
2025-04-12T18:40:00.000+0000,955206.5271336961,2769.6038399999597,1042317.2511732354,955243.134229216,3584.5821399997594,1000000,1000000
2025-04-12T18:50:00.000+0000,956664.5975034881,2769.6038399999597,1045187.8843285323,956700.0130030477,3584.5821399997594,1000000,1000000
2025-04-12T19:00:00.000+0000,957552.118598144,2769.6038399999597,1043647.3401395679,957586.8087784238,3584.5821399997594,1000000,1000000
2025-04-12T19:10:00.000+0000,956664.5975034881,2769.6038399999597,1044566.029707087,956700.0130030477,3584.5821399997594,1000000,1000000
2025-04-12T19:20:00.000+0000,957044.9636869122,2769.6038399999597,1041655.9380476607,957080.0683353519,3584.5821399997594,1000000,1000000
2025-04-12T19:30:00.000+0000,960721.8367933441,2769.6038399999597,1040084.1681921096,960753.9365476237,3584.5821399997594,1000000,1000000
2025-04-12T19:40:00.000+0000,954192.217311232,2769.6038399999597,1041154.2982140622,954229.6533430716,3584.5821399997594,1000000,1000000
2025-04-12T19:50:00.000+0000,947662.5978291202,2769.6038399999597,1041728.404311822,947705.37013852,3584.5821399997594,1000000,1000000
2025-04-12T20:00:00.000+0000,945570.5838202881,2769.6038399999597,1042860.5681124297,945615.0658108478,3584.5821399997594,1000000,1000000
2025-04-12T20:10:00.000+0000,947282.2316456961,2769.6038399999597,1043273.1203746011,947325.3148062157,3584.5821399997594,1000000,1000000
2025-04-12T20:20:00.000+0000,948042.9640125441,2769.6038399999597,1044595.0943073512,948085.425470824,3584.5821399997594,1000000,1000000
2025-04-12T20:30:00.000+0000,939421.3305216,2769.6038399999597,1048069.1537174698,939470.8379385999,3584.5821399997594,1000000,1000000
2025-04-12T20:40:00.000+0000,942274.07689728,2769.6038399999597,1052809.0316562043,942321.2529308801,3584.5821399997594,1000000,1000000
2025-04-12T20:50:00.000+0000,948486.7245598721,2769.6038399999597,1050896.4778365889,948528.8233585118,3584.5821399997594,1000000,1000000
2025-04-12T21:00:00.000+0000,949247.45692672,2769.6038399999597,1046666.4812327923,949288.9340231199,3584.5821399997594,1000000,1000000
2025-04-12T21:10:00.000+0000,948550.1189237761,2769.6038399999597,1048379.136127389,948592.1659138958,3584.5821399997594,1000000,1000000
2025-04-12T21:20:00.000+0000,949057.2738350081,2769.6038399999597,1049002.0093855197,949098.9063569676,3584.5821399997594,1000000,1000000
2025-04-12T21:30:00.000+0000,938216.837607424,2769.6038399999597,1048913.0357992738,938267.3293863038,3584.5821399997594,1000000,1000000
2025-04-12T21:40:00.000+0000,930609.513938944,2769.6038399999597,1050388.2919119468,930666.2227402235,3584.5821399997594,1000000,1000000
2025-04-12T21:50:00.000+0000,928644.2886579201,2769.6038399999597,1050195.8627898933,928702.6035233198,3584.5821399997594,1000000,1000000
2025-04-12T22:00:00.000+0000,928010.3450188801,2769.6038399999597,1050643.762060845,928069.1779694797,3584.5821399997594,1000000,1000000
2025-04-12T22:10:00.000+0000,932004.1899448322,2769.6038399999597,1052335.9645959893,932059.7589586717,3584.5821399997594,1000000,1000000
2025-04-12T22:20:00.000+0000,934983.7250483199,2769.6038399999597,1052545.7234059277,935036.8590617197,3584.5821399997594,1000000,1000000
2025-04-12T22:30:00.000+0000,945063.4289090561,2769.6038399999597,1051451.676860191,945108.3253677756,3584.5821399997594,1000000,1000000
2025-04-12T22:40:00.000+0000,945633.9781841922,2769.6038399999597,1050819.1411835453,945678.4083662318,3584.5821399997594,1000000,1000000
2025-04-12T22:50:00.000+0000,949310.8512906241,2769.6038399999597,1049420.3336110099,949352.276578504,3584.5821399997594,1000000,1000000
2025-04-12T23:00:00.000+0000,950198.3723852801,2769.6038399999597,1049199.87734034,950239.0723538798,3584.5821399997594,1000000,1000000
2025-04-12T23:10:00.000+0000,952987.7243970562,2769.6038399999597,1047562.8722227192,953026.1447907758,3584.5821399997594,1000000,1000000
2025-04-12T23:20:00.000+0000,956791.386231296,2769.6038399999597,1048738.1551834987,956826.6981138155,3584.5821399997594,1000000,1000000
2025-04-12T23:30:00.000+0000,957361.935506432,2769.6038399999597,1047644.9584850579,957396.7811122716,3584.5821399997594,1000000,1000000
2025-04-12T23:40:00.000+0000,954635.9778585602,2769.6038399999597,1048636.0234589435,954673.05123076,3584.5821399997594,1000000,1000000
2025-04-12T23:50:00.000+0000,956601.2031395839,2769.6038399999597,1048630.4134843731,956636.6704476638,3584.5821399997594,1000000,1000000
2025-04-13T00:00:00.000+0000,950198.3723852801,2769.6038399999597,1048509.7519920287,950239.0723538798,3584.5821399997594,1000000,1000000
2025-04-13T00:10:00.000+0000,947155.442917888,2769.6038399999597,1050792.2069736295,947198.6296954477,3584.5821399997594,1000000,1000000
2025-04-13T00:20:00.000+0000,945253.6120007682,2769.6038399999597,1046724.209816603,945298.3530339279,3584.5821399997594,1000000,1000000
2025-04-13T00:30:00.000+0000,938280.231971328,2769.6038399999597,1044672.8732826554,938330.6719416879,3584.5821399997594,1000000,1000000
2025-04-13T00:40:00.000+0000,940689.2177996803,2769.6038399999597,1048115.1873818623,940737.6890462799,3584.5821399997594,1000000,1000000
2025-04-13T00:50:00.000+0000,935047.119412224,2769.6038399999597,1051369.1279443689,935100.2016171039,3584.5821399997594,1000000,1000000
2025-04-13T01:00:00.000+0000,932891.7110394881,2769.6038399999597,1049271.8194866828,932946.5547340477,3584.5821399997594,1000000,1000000
2025-04-13T01:10:00.000+0000,927883.556291072,2769.6038399999597,1050561.5084891645,927942.4928587117,3584.5821399997594,1000000,1000000
2025-04-13T01:20:00.000+0000,926679.0633768962,2769.6038399999597,1050991.1981049732,926738.9843064158,3584.5821399997594,1000000,1000000
2025-04-13T01:30:00.000+0000,926679.0633768962,2769.6038399999597,1047977.0010514297,926738.9843064158,3584.5821399997594,1000000,1000000
2025-04-13T01:40:00.000+0000,926552.2746490879,2769.6038399999597,1044482.0037031071,926612.2991956476,3584.5821399997594,1000000,1000000
2025-04-13T01:50:00.000+0000,937202.52778496,2769.6038399999597,1039563.9328230608,937253.8485001598,3584.5821399997594,1000000,1000000
2025-04-13T02:00:00.000+0000,937899.8657879042,2769.6038399999597,1040252.1058881632,937950.616609384,3584.5821399997594,1000000,1000000
2025-04-13T02:10:00.000+0000,947472.414737408,2769.6038399999597,1036977.7197641091,947515.3424723678,3584.5821399997594,1000000,1000000
2025-04-13T02:20:00.000+0000,960595.0480655358,2769.6038399999597,1036453.5152890874,960627.2514368555,3584.5821399997594,1000000,1000000
2025-04-13T02:30:00.000+0000,963954.9493524479,2769.6038399999597,1039175.4182914658,963984.4068722074,3584.5821399997594,1000000,1000000
2025-04-13T02:40:00.000+0000,965603.202813952,2769.6038399999597,1042152.8852281179,965631.3133121913,3584.5821399997594,1000000,1000000
2025-04-13T02:50:00.000+0000,957932.484781568,2769.6038399999597,1044009.8134796888,957966.8641107279,3584.5821399997594,1000000,1000000
2025-04-13T03:00:00.000+0000,954699.3722224638,2769.6038399999597,1046062.4389722949,954736.3937861437,3584.5821399997594,1000000,1000000
2025-04-13T03:10:00.000+0000,957995.8791454722,2769.6038399999597,1044512.5992573816,958030.2066661122,3584.5821399997594,1000000,1000000
2025-04-13T03:20:00.000+0000,959897.7100625918,2769.6038399999597,1043577.2928916656,959930.4833276314,3584.5821399997594,1000000,1000000
2025-04-13T03:30:00.000+0000,963637.9775329281,2769.6038399999597,1043986.3454884321,963667.6940952876,3584.5821399997594,1000000,1000000
2025-04-13T03:40:00.000+0000,968329.1604618242,2769.6038399999597,1044482.4577408407,968355.0431937036,3584.5821399997594,1000000,1000000
2025-04-13T03:50:00.000+0000,963828.16062464,2769.6038399999597,1043190.7538748436,963857.7217614395,3584.5821399997594,1000000,1000000
2025-04-13T04:00:00.000+0000,967251.456275456,2769.6038399999597,1040749.5763623181,967278.2197521758,3584.5821399997594,1000000,1000000
2025-04-13T04:10:00.000+0000,970738.146290176,2769.6038399999597,1038015.6515498888,970762.0602982959,3584.5821399997594,1000000,1000000
2025-04-13T04:20:00.000+0000,967441.639367168,2769.6038399999597,1039947.8654113319,967468.2474183273,3584.5821399997594,1000000,1000000
2025-04-13T04:30:00.000+0000,972386.3997516801,2769.6038399999597,1036989.6655283747,972408.9667382798,3584.5821399997594,1000000,1000000
2025-04-13T04:40:00.000+0000,971815.8504765441,2769.6038399999597,1037445.3617129867,971838.8837398242,3584.5821399997594,1000000,1000000
2025-04-13T04:50:00.000+0000,971308.695565312,2769.6038399999597,1031553.8496365692,971332.1432967518,3584.5821399997594,1000000,1000000
2025-04-13T05:00:00.000+0000,970104.2026511361,2769.6038399999597,1031483.9677668889,970128.6347444557,3584.5821399997594,1000000,1000000
2025-04-13T05:10:00.000+0000,965856.7802695681,2769.6038399999597,1028629.7874825986,965884.6835337278,3584.5821399997594,1000000,1000000
2025-04-13T05:20:00.000+0000,961989.7240714241,2769.6038399999597,1031308.0781845457,962020.787655304,3584.5821399997594,1000000,1000000
2025-04-13T05:30:00.000+0000,957552.118598144,2769.6038399999597,1032069.8270773408,957586.8087784238,3584.5821399997594,1000000,1000000
2025-04-13T05:40:00.000+0000,967061.2731837438,2769.6038399999597,1030726.1121534563,967088.1920860234,3584.5821399997594,1000000,1000000
2025-04-13T05:50:00.000+0000,964208.526808064,2769.6038399999597,1030235.1395357684,964237.7770937439,3584.5821399997594,1000000,1000000
2025-04-13T06:00:00.000+0000,961102.2029767681,2769.6038399999597,1030872.9581777294,961133.9918799278,3584.5821399997594,1000000,1000000
2025-04-13T06:10:00.000+0000,963321.0057134081,2769.6038399999597,1030303.6556104857,963350.981318368,3584.5821399997594,1000000,1000000
2025-04-13T06:20:00.000+0000,955206.5271336961,2769.6038399999597,1031064.5719781048,955243.134229216,3584.5821399997594,1000000,1000000
2025-04-13T06:30:00.000+0000,950705.5272965119,2769.6038399999597,1032259.2818774295,950745.8127969519,3584.5821399997594,1000000,1000000
2025-04-13T06:40:00.000+0000,951466.2596633601,2769.6038399999597,1033019.3759054028,951505.9234615597,3584.5821399997594,1000000,1000000
2025-04-13T06:50:00.000+0000,955396.7102254081,2769.6038399999597,1031249.1640749148,955433.1618953677,3584.5821399997594,1000000,1000000
2025-04-13T07:00:00.000+0000,955840.4707727359,2769.6038399999597,1031957.9612308859,955876.5597830556,3584.5821399997594,1000000,1000000
2025-04-13T07:10:00.000+0000,958566.4284206079,2769.6038399999597,1032034.8661030654,958600.2896645674,3584.5821399997594,1000000,1000000
2025-04-13T07:20:00.000+0000,963004.033893888,2769.6038399999597,1030591.9190235038,963034.2685414477,3584.5821399997594,1000000,1000000
2025-04-13T07:30:00.000+0000,969089.892828672,2769.6038399999597,1028209.0066998939,969115.1538583115,3584.5821399997594,1000000,1000000
2025-04-13T07:40:00.000+0000,975175.7517634559,2769.6038399999597,1027642.3815688214,975196.0391751757,3584.5821399997594,1000000,1000000
2025-04-13T07:50:00.000+0000,976697.216497152,2769.6038399999597,1028420.5333679593,976716.2605043919,3584.5821399997594,1000000,1000000
2025-04-13T08:00:00.000+0000,977140.9770444802,2769.6038399999597,1026735.747810612,977159.65839208,3584.5821399997594,1000000,1000000
2025-04-13T08:10:00.000+0000,976697.216497152,2769.6038399999597,1026290.8332527725,976716.2605043919,3584.5821399997594,1000000,1000000
2025-04-13T08:20:00.000+0000,976063.2728581122,2769.6038399999597,1029294.6127307615,976082.834950552,3584.5821399997594,1000000,1000000
2025-04-13T08:30:00.000+0000,981008.033242624,2769.6038399999597,1031009.3905439307,981023.5542705037,3584.5821399997594,1000000,1000000
2025-04-13T08:40:00.000+0000,972449.794115584,2769.6038399999597,1032213.7196922749,972472.3092936638,3584.5821399997594,1000000,1000000
2025-04-13T08:50:00.000+0000,968455.9491896321,2769.6038399999597,1032953.0592269588,968481.7283044718,3584.5821399997594,1000000,1000000
2025-04-13T09:00:00.000+0000,969026.498464768,2769.6038399999597,1033421.678913918,969051.8113029277,3584.5821399997594,1000000,1000000
2025-04-13T09:10:00.000+0000,970484.56883456,2769.6038399999597,1032641.1968540678,970508.69007676,3584.5821399997594,1000000,1000000
2025-04-13T09:20:00.000+0000,966173.752089088,2769.6038399999597,1033603.7802303687,966201.3963106474,3584.5821399997594,1000000,1000000
2025-04-13T09:30:00.000+0000,967758.6111866881,2769.6038399999597,1035919.5493756887,967784.9601952478,3584.5821399997594,1000000,1000000
2025-04-13T09:40:00.000+0000,970484.56883456,2769.6038399999597,1037574.5339181449,970508.69007676,3584.5821399997594,1000000,1000000
2025-04-13T09:50:00.000+0000,968646.132281344,2769.6038399999597,1039163.3222355307,968671.7559706238,3584.5821399997594,1000000,1000000
2025-04-13T10:00:00.000+0000,966237.1464529921,2769.6038399999597,1038227.3296371779,966264.7388660316,3584.5821399997594,1000000,1000000
2025-04-13T10:10:00.000+0000,967061.2731837438,2769.6038399999597,1036599.5038674567,967088.1920860234,3584.5821399997594,1000000,1000000
2025-04-13T10:20:00.000+0000,969723.8364677121,2769.6038399999597,1034345.7655532928,969748.5794121516,3584.5821399997594,1000000,1000000
2025-04-13T10:30:00.000+0000,972956.949026816,2769.6038399999597,1033701.7351744873,972979.0497367358,3584.5821399997594,1000000,1000000
2025-04-13T10:40:00.000+0000,976126.6672220161,2769.6038399999597,1035084.9585671651,976146.1775059359,3584.5821399997594,1000000,1000000
2025-04-13T10:50:00.000+0000,962053.1184353282,2769.6038399999597,1036398.6982221613,962084.1302106875,3584.5821399997594,1000000,1000000
2025-04-13T11:00:00.000+0000,960595.0480655358,2769.6038399999597,1034730.918944896,960627.2514368555,3584.5821399997594,1000000,1000000
2025-04-13T11:10:00.000+0000,967441.639367168,2769.6038399999597,1028119.5489868163,967468.2474183273,3584.5821399997594,1000000,1000000
2025-04-13T11:20:00.000+0000,963130.822621696,2769.6038399999597,1025909.5809928041,963160.9536522159,3584.5821399997594,1000000,1000000
2025-04-13T11:30:00.000+0000,957552.118598144,2769.6038399999597,1027433.5866257239,957586.8087784238,3584.5821399997594,1000000,1000000
2025-04-13T11:40:00.000+0000,956157.4425922562,2769.6038399999597,1025923.4358789934,956193.2725599761,3584.5821399997594,1000000,1000000
2025-04-13T11:50:00.000+0000,952797.5413053441,2769.6038399999597,1025848.9129911676,952836.1171246239,3584.5821399997594,1000000,1000000
2025-04-13T12:00:00.000+0000,952670.7525775359,2769.6038399999597,1028026.1581582238,952709.4320138557,3584.5821399997594,1000000,1000000
2025-04-13T12:10:00.000+0000,951656.4427550721,2769.6038399999597,1031190.3075945463,951695.9511277118,3584.5821399997594,1000000,1000000
2025-04-13T12:20:00.000+0000,959834.315698688,2769.6038399999597,1028125.1183144723,959867.1407722477,3584.5821399997594,1000000,1000000
2025-04-13T12:30:00.000+0000,969533.653376,2769.6038399999597,1028286.8191020257,969558.5517459997,3584.5821399997594,1000000,1000000
2025-04-13T12:40:00.000+0000,974034.6532131842,2769.6038399999597,1028266.8536374404,974055.8731782641,3584.5821399997594,1000000,1000000
2025-04-13T12:50:00.000+0000,979549.9628728321,2769.6038399999597,1029152.4312168593,979566.6754966717,3584.5821399997594,1000000,1000000
2025-04-13T13:00:00.000+0000,975429.3292190721,2769.6038399999597,1028197.9042538905,975449.4093967121,3584.5821399997594,1000000,1000000
2025-04-13T13:10:00.000+0000,971372.0899292161,2769.6038399999597,1028895.8927120661,971395.4858521359,3584.5821399997594,1000000,1000000
2025-04-13T13:20:00.000+0000,980627.6670592,2769.6038399999597,1023436.7839659888,980643.4989381997,3584.5821399997594,1000000,1000000
2025-04-13T13:30:00.000+0000,988425.1738193921,2769.6038399999597,1023995.4697240855,988434.6332504315,3584.5821399997594,1000000,1000000
2025-04-13T13:40:00.000+0000,995715.5256683521,2769.6038399999597,1018157.6223756202,995719.0271195917,3584.5821399997594,1000000,1000000
2025-04-13T13:50:00.000+0000,1000787.0747806721,2769.6038399999597,1010619.0556290096,1000786.4315503119,3584.5821399997594,1000000,1000000
2025-04-13T14:00:00.000+0000,993052.962384384,2769.6038399999597,1014284.1572405279,993058.6397934637,3584.5821399997594,1000000,1000000
2025-04-13T14:10:00.000+0000,998631.6664079359,2769.6038399999597,1015356.7160377009,998632.7846672558,3584.5821399997594,1000000,1000000
2025-04-13T14:20:00.000+0000,1005668.44080128,2769.6038399999597,1016007.1331455593,1005663.8083148799,3584.5821399997594,1000000,1000000
2025-04-13T14:30:00.000+0000,998124.5114967041,2769.6038399999597,1017068.2304528109,998126.0442241838,3584.5821399997594,1000000,1000000
2025-04-13T14:40:00.000+0000,1001674.595875328,2769.6038399999597,1019838.801328477,1001673.2273256878,3584.5821399997594,1000000,1000000
2025-04-13T14:50:00.000+0000,1005288.0746178561,2769.6038399999597,1020264.515122056,1005283.7529825763,3584.5821399997594,1000000,1000000
2025-04-13T15:00:00.000+0000,1009281.9195438081,2769.6038399999597,1017453.2192351429,1009274.333971768,3584.5821399997594,1000000,1000000
2025-04-13T15:10:00.000+0000,1017966.9473986559,2769.6038399999597,1018910.1806526158,1017952.2640593755,3584.5821399997594,1000000,1000000
2025-04-13T15:20:00.000+0000,1018093.7361264641,2769.6038399999597,1019184.9385759002,1018078.9491701437,3584.5821399997594,1000000,1000000
2025-04-13T15:30:00.000+0000,1013465.9475614721,2769.6038399999597,1018622.644770365,1013454.9426271117,3584.5821399997594,1000000,1000000
2025-04-13T15:40:00.000+0000,1011056.96173312,2769.6038399999597,1017984.4975774973,1011047.9255225199,3584.5821399997594,1000000,1000000
2025-04-13T15:50:00.000+0000,1006872.933715456,2769.6038399999597,1020652.6954106267,1006867.3168671756,3584.5821399997594,1000000,1000000
2025-04-13T16:00:00.000+0000,1006112.2013486079,2769.6038399999597,1022793.998404389,1006107.2062025679,3584.5821399997594,1000000,1000000
2025-04-13T16:10:00.000+0000,997173.5960381441,2769.6038399999597,1022933.6745865843,997175.9058934238,3584.5821399997594,1000000,1000000
2025-04-13T16:20:00.000+0000,997236.9904020481,2769.6038399999597,1026179.5001018252,997239.2484488077,3584.5821399997594,1000000,1000000
2025-04-13T16:30:00.000+0000,1000153.131141632,2769.6038399999597,1026853.9231592611,1000153.0059964714,3584.5821399997594,1000000,1000000
2025-04-13T16:40:00.000+0000,1005351.46898176,2769.6038399999597,1024998.5186092248,1005347.0955379601,3584.5821399997594,1000000,1000000
2025-04-13T16:50:00.000+0000,1005351.46898176,2769.6038399999597,1025381.3650793554,1005347.0955379601,3584.5821399997594,1000000,1000000
2025-04-13T17:00:00.000+0000,995969.1031239682,2769.6038399999597,1026726.1847479073,995972.397341128,3584.5821399997594,1000000,1000000
2025-04-13T17:10:00.000+0000,992355.6243814401,2769.6038399999597,1029823.0537069105,992361.87168424,3584.5821399997594,1000000,1000000
2025-04-13T17:20:00.000+0000,984621.5119851519,2769.6038399999597,1036736.0383086951,984634.0799273916,3584.5821399997594,1000000,1000000
2025-04-13T17:30:00.000+0000,994384.244026368,2769.6038399999597,1035064.4778404923,994388.8334565276,3584.5821399997594,1000000,1000000
2025-04-13T17:40:00.000+0000,980754.455787008,2769.6038399999597,1038271.2255545692,980770.184048968,3584.5821399997594,1000000,1000000
2025-04-13T17:50:00.000+0000,977648.1319557121,2769.6038399999597,1043301.5673685451,977666.398835152,3584.5821399997594,1000000,1000000
2025-04-13T18:00:00.000+0000,963828.16062464,2769.6038399999597,1041921.2188893904,963857.7217614395,3584.5821399997594,1000000,1000000
2025-04-13T18:10:00.000+0000,963067.428257792,2769.6038399999597,1040581.8775954945,963097.6110968316,3584.5821399997594,1000000,1000000
2025-04-13T18:20:00.000+0000,972259.6110238722,2769.6038399999597,1039186.223852438,972282.2816275121,3584.5821399997594,1000000,1000000
2025-04-13T18:30:00.000+0000,964081.7380802562,2769.6038399999597,1041071.6377630898,964111.091982976,3584.5821399997594,1000000,1000000
2025-04-13T18:40:00.000+0000,964271.9211719681,2769.6038399999597,1041877.7569711227,964301.1196491276,3584.5821399997594,1000000,1000000
2025-04-13T18:50:00.000+0000,965539.8084500481,2769.6038399999597,1041129.731550302,965567.9707568078,3584.5821399997594,1000000,1000000
2025-04-13T19:00:00.000+0000,970928.329381888,2769.6038399999597,1034838.6599763857,970952.0879644479,3584.5821399997594,1000000,1000000
2025-04-13T19:10:00.000+0000,978282.0755947521,2769.6038399999597,1036089.0145275891,978299.8243889917,3584.5821399997594,1000000,1000000
2025-04-13T19:20:00.000+0000,980120.5121479682,2769.6038399999597,1034379.4440760501,980136.7584951279,3584.5821399997594,1000000,1000000
2025-04-13T19:30:00.000+0000,981515.188153856,2769.6038399999597,1018915.7610144257,981530.2947135759,3584.5821399997594,1000000,1000000
2025-04-13T19:40:00.000+0000,999075.4269552641,2769.6038399999597,1011505.921381591,999076.1825549438,3584.5821399997594,1000000,1000000
2025-04-13T19:50:00.000+0000,998124.5114967041,2769.6038399999597,1018742.2577198887,998126.0442241838,3584.5821399997594,1000000,1000000
2025-04-13T20:00:00.000+0000,1006809.539351552,2769.6038399999597,1017141.059536333,1006803.9743117917,3584.5821399997594,1000000,1000000
2025-04-13T20:10:00.000+0000,999772.7649582082,2769.6038399999597,1026269.6351671789,999772.9506641676,3584.5821399997594,1000000,1000000
2025-04-13T20:20:00.000+0000,1004337.1591592961,2769.6038399999597,1026924.8352089579,1004333.6146518157,3584.5821399997594,1000000,1000000
2025-04-13T20:30:00.000+0000,1014480.257383936,2769.6038399999597,1015492.2998363841,1014468.4235132557,3584.5821399997594,1000000,1000000
2025-04-13T20:40:00.000+0000,1020375.933227008,2769.6038399999597,1011772.805402687,1020359.2811639677,3584.5821399997594,1000000,1000000
2025-04-13T20:50:00.000+0000,1024813.5387002883,2769.6038399999597,1013424.620129579,1024793.2600408479,3584.5821399997594,1000000,1000000
2025-04-13T21:00:00.000+0000,1035780.7636556801,2769.6038399999597,1006401.11006829,1035751.52212228,3584.5821399997594,1000000,1000000
2025-04-13T21:10:00.000+0000,1034069.1158302722,2769.6038399999597,1009367.2551193052,1034041.2731269116,3584.5821399997594,1000000,1000000
2025-04-13T21:20:00.000+0000,1029758.2990848001,2769.6038399999597,1014541.8098466867,1029733.9793607997,3584.5821399997594,1000000,1000000
2025-04-13T21:30:00.000+0000,1025257.299247616,2769.6038399999597,1007765.783206233,1025236.6579285357,3584.5821399997594,1000000,1000000
2025-04-13T21:40:00.000+0000,1040408.552220672,2769.6038399999597,1009312.8875132042,1040375.5286653118,3584.5821399997594,1000000,1000000
2025-04-13T21:50:00.000+0000,1030519.031451648,2769.6038399999597,1014513.073571793,1030494.0900254076,3584.5821399997594,1000000,1000000
2025-04-13T22:00:00.000+0000,1029251.1441735682,2769.6038399999597,1014800.2552812975,1029227.2389177277,3584.5821399997594,1000000,1000000
2025-04-13T22:10:00.000+0000,1033244.9890995204,2769.6038399999597,1014335.2290650374,1033217.8199069197,3584.5821399997594,1000000,1000000
2025-04-13T22:20:00.000+0000,1028236.8343511042,2769.6038399999597,1015727.9208988906,1028213.7580315834,3584.5821399997594,1000000,1000000
2025-04-13T22:30:00.000+0000,1033181.594735616,2769.6038399999597,1013249.429615578,1033154.4773515355,3584.5821399997594,1000000,1000000
2025-04-13T22:40:00.000+0000,1037238.834025472,2769.6038399999597,1013356.3148018084,1037208.4008961114,3584.5821399997594,1000000,1000000
2025-04-13T22:50:00.000+0000,1038379.9325757442,2769.6038399999597,1014183.1451080993,1038348.566893024,3584.5821399997594,1000000,1000000
2025-04-13T23:00:00.000+0000,1036985.2565698558,2769.6038399999597,1013120.65857144,1036955.0306745756,3584.5821399997594,1000000,1000000
2025-04-13T23:10:00.000+0000,1029377.932901376,2769.6038399999597,1018784.8022675947,1029353.9240284957,3584.5821399997594,1000000,1000000
2025-04-13T23:20:00.000+0000,1025701.059794944,2769.6038399999597,1018354.6706908653,1025680.0558162235,3584.5821399997594,1000000,1000000
2025-04-13T23:30:00.000+0000,1020756.2994104321,2769.6038399999597,1016798.8717379937,1020739.3364962715,3584.5821399997594,1000000,1000000
2025-04-13T23:40:00.000+0000,1021200.05995776,2769.6038399999597,1015558.1765302117,1021182.7343839596,3584.5821399997594,1000000,1000000
2025-04-13T23:50:00.000+0000,1014607.0461117442,2769.6038399999597,1020169.894560962,1014595.1086240241,3584.5821399997594,1000000,1000000
2025-04-14T00:00:00.000+0000,1009472.10263552,2769.6038399999597,1021113.7696510991,1009464.3616379197,3584.5821399997594,1000000,1000000
2025-04-14T00:10:00.000+0000,1002562.1169699843,2769.6038399999597,1025203.8568515574,1002560.0231010639,3584.5821399997594,1000000,1000000
2025-04-14T00:20:00.000+0000,998695.0607718398,2769.6038399999597,1035203.2284304295,998696.1272226397,3584.5821399997594,1000000,1000000
2025-04-14T00:30:00.000+0000,1000406.7085972481,2769.6038399999597,1034312.2778991798,1000406.3762180078,3584.5821399997594,1000000,1000000
2025-04-14T00:40:00.000+0000,1003576.4267924482,2769.6038399999597,1035236.7742709029,1003573.5039872079,3584.5821399997594,1000000,1000000
2025-04-14T00:50:00.000+0000,1003576.4267924482,2769.6038399999597,1032055.1659480038,1003573.5039872079,3584.5821399997594,1000000,1000000
2025-04-14T01:00:00.000+0000,1006809.539351552,2769.6038399999597,1032953.3267598916,1006803.9743117917,3584.5821399997594,1000000,1000000
2025-04-14T01:10:00.000+0000,1009789.0744550398,2769.6038399999597,1034459.5857380466,1009781.0744148397,3584.5821399997594,1000000,1000000
2025-04-14T01:20:00.000+0000,1015748.1446620158,2769.6038399999597,1035820.7202992311,1015735.2746209354,3584.5821399997594,1000000,1000000
2025-04-14T01:30:00.000+0000,1018157.130490368,2769.6038399999597,1035366.409840516,1018142.2917255277,3584.5821399997594,1000000,1000000
2025-04-14T01:40:00.000+0000,1018537.496673792,2769.6038399999597,1033702.9318530838,1018522.3470578318,3584.5821399997594,1000000,1000000
2025-04-14T01:50:00.000+0000,1018410.7079459842,2769.6038399999597,1031631.6582389529,1018395.6619470638,3584.5821399997594,1000000,1000000
2025-04-14T02:00:00.000+0000,1014924.0179312641,2769.6038399999597,1032482.0783847749,1014911.8214009437,3584.5821399997594,1000000,1000000
2025-04-14T02:10:00.000+0000,1005985.4126208001,2769.6038399999597,1035705.0716331915,1005980.5210917997,3584.5821399997594,1000000,1000000
2025-04-14T02:20:00.000+0000,981008.033242624,2769.6038399999597,1037911.7803975546,981023.5542705037,3584.5821399997594,1000000,1000000
2025-04-14T02:30:00.000+0000,971118.5124735999,2769.6038399999597,1051130.74978477,971142.1156305998,3584.5821399997594,1000000,1000000
2025-04-14T02:40:00.000+0000,979613.357236736,2769.6038399999597,1051006.8255682378,979630.0180520557,3584.5821399997594,1000000,1000000
2025-04-14T02:50:00.000+0000,984177.7514378239,2769.6038399999597,1049520.4268546423,984190.6820397038,3584.5821399997594,1000000,1000000
2025-04-14T03:00:00.000+0000,994447.6383902722,2769.6038399999597,1046160.2459245259,994452.1760119118,3584.5821399997594,1000000,1000000
2025-04-14T03:10:00.000+0000,1004590.7366149119,2769.6038399999597,1043219.08870495,1004586.9848733514,3584.5821399997594,1000000,1000000
2025-04-14T03:20:00.000+0000,1009725.680091136,2769.6038399999597,1043885.9913408044,1009717.7318594558,3584.5821399997594,1000000,1000000
2025-04-14T03:30:00.000+0000,1010930.1730053121,2769.6038399999597,1042612.3169657469,1010921.2404117517,3584.5821399997594,1000000,1000000
2025-04-14T03:40:00.000+0000,1005161.2858900481,2769.6038399999597,1041508.9917850276,1005157.0678718075,3584.5821399997594,1000000,1000000
2025-04-14T03:50:00.000+0000,1007887.24353792,2769.6038399999597,1039289.8484846937,1007880.7977533198,3584.5821399997594,1000000,1000000
2025-04-14T04:00:00.000+0000,997617.356585472,2769.6038399999597,1041834.4321181389,997619.3037811117,3584.5821399997594,1000000,1000000
2025-04-14T04:10:00.000+0000,996603.046763008,2769.6038399999597,1041467.7375889069,996605.8228949674,3584.5821399997594,1000000,1000000
2025-04-14T04:20:00.000+0000,992292.230017536,2769.6038399999597,1044674.9590585863,992298.5291288559,3584.5821399997594,1000000,1000000
2025-04-14T04:30:00.000+0000,982719.6810680322,2769.6038399999597,1046574.09854085,982733.8032658717,3584.5821399997594,1000000,1000000
2025-04-14T04:40:00.000+0000,974858.7799439362,2769.6038399999597,1049532.012952664,974879.326398256,3584.5821399997594,1000000,1000000
2025-04-14T04:50:00.000+0000,977077.582680576,2769.6038399999597,1049397.657336495,977096.315836696,3584.5821399997594,1000000,1000000
2025-04-14T05:00:00.000+0000,977965.103775232,2769.6038399999597,1047999.8909590994,977983.1116120719,3584.5821399997594,1000000,1000000
2025-04-14T05:10:00.000+0000,988361.7794554881,2769.6038399999597,1048936.9285858162,988371.2906950479,3584.5821399997594,1000000,1000000
2025-04-14T05:20:00.000+0000,989502.8780057599,2769.6038399999597,1048278.4270071995,989511.4566919596,3584.5821399997594,1000000,1000000
2025-04-14T05:30:00.000+0000,987157.2865413121,2769.6038399999597,1041981.5640853078,987167.7821427517,3584.5821399997594,1000000,1000000
2025-04-14T05:40:00.000+0000,989502.8780057599,2769.6038399999597,1040469.4481100123,989511.4566919596,3584.5821399997594,1000000,1000000
2025-04-14T05:50:00.000+0000,985952.7936271362,2769.6038399999597,1041401.2739893626,985964.2735904556,3584.5821399997594,1000000,1000000
2025-04-14T06:00:00.000+0000,989756.455461376,2769.6038399999597,1038616.6896607473,989764.8269134958,3584.5821399997594,1000000,1000000
2025-04-14T06:10:00.000+0000,985699.2161715202,2769.6038399999597,1040665.1085455669,985710.9033689201,3584.5821399997594,1000000,1000000
2025-04-14T06:20:00.000+0000,986586.7372661761,2769.6038399999597,1038860.1211956237,986597.699144296,3584.5821399997594,1000000,1000000
2025-04-14T06:30:00.000+0000,988995.7230945281,2769.6038399999597,1038938.0703208555,989004.7162488876,3584.5821399997594,1000000,1000000
2025-04-14T06:40:00.000+0000,987918.01890816,2769.6038399999597,1042273.8891441345,987927.8928073598,3584.5821399997594,1000000,1000000
2025-04-14T06:50:00.000+0000,989693.0610974721,2769.6038399999597,1039887.6781414545,989701.4843581119,3584.5821399997594,1000000,1000000
2025-04-14T07:00:00.000+0000,978852.624869888,2769.6038399999597,1038643.4005307287,978869.9073874479,3584.5821399997594,1000000,1000000
2025-04-14T07:10:00.000+0000,973020.34339072,2769.6038399999597,1036225.2746813255,973042.3922921199,3584.5821399997594,1000000,1000000
2025-04-14T07:20:00.000+0000,979740.1459645443,2769.6038399999597,1038904.0180822357,979756.703162824,3584.5821399997594,1000000,1000000
2025-04-14T07:30:00.000+0000,978218.6812308482,2769.6038399999597,1040017.3362894407,978236.4818336078,3584.5821399997594,1000000,1000000
2025-04-14T07:40:00.000+0000,983607.202162688,2769.6038399999597,1041141.120728958,983620.5990412477,3584.5821399997594,1000000,1000000
2025-04-14T07:50:00.000+0000,980754.455787008,2769.6038399999597,1040904.2890568587,980770.184048968,3584.5821399997594,1000000,1000000
2025-04-14T08:00:00.000+0000,979676.75160064,2769.6038399999597,1044436.2102738763,979693.3606074399,3584.5821399997594,1000000,1000000
2025-04-14T08:10:00.000+0000,984684.906349056,2769.6038399999597,1041446.8188215327,984697.4224827759,3584.5821399997594,1000000,1000000
2025-04-14T08:20:00.000+0000,986396.554174464,2769.6038399999597,1042087.8950527871,986407.6714781437,3584.5821399997594,1000000,1000000
2025-04-14T08:30:00.000+0000,985509.0330798081,2769.6038399999597,1044873.5913723101,985520.875702768,3584.5821399997594,1000000,1000000
2025-04-14T08:40:00.000+0000,983797.3852544001,2769.6038399999597,1047866.2407463968,983810.6267074001,3584.5821399997594,1000000,1000000
2025-04-14T08:50:00.000+0000,989502.8780057599,2769.6038399999597,1046629.2684335416,989511.4566919596,3584.5821399997594,1000000,1000000
2025-04-14T09:00:00.000+0000,989946.6385530881,2769.6038399999597,1046980.467120866,989954.8545796478,3584.5821399997594,1000000,1000000
2025-04-14T09:10:00.000+0000,987854.6245442561,2769.6038399999597,1049185.5789839681,987864.550251976,3584.5821399997594,1000000,1000000
2025-04-14T09:20:00.000+0000,991785.0751063041,2769.6038399999597,1044561.750038877,991791.7886857837,3584.5821399997594,1000000,1000000
2025-04-14T09:30:00.000+0000,1000977.257872384,2769.6038399999597,1042707.6356539644,1000976.4592164635,3584.5821399997594,1000000,1000000
2025-04-14T09:40:00.000+0000,1003830.0042480641,2769.6038399999597,1041024.7360739722,1003826.8742087438,3584.5821399997594,1000000,1000000
2025-04-14T09:50:00.000+0000,1004210.3704314883,2769.6038399999597,1040903.4992418968,1004206.9295410478,3584.5821399997594,1000000,1000000
2025-04-14T10:00:00.000+0000,1004083.58170368,2769.6038399999597,1043926.7896141435,1004080.2444302795,3584.5821399997594,1000000,1000000
2025-04-14T10:10:00.000+0000,1002815.6944255998,2769.6038399999597,1046874.1522970431,1002813.3933225994,3584.5821399997594,1000000,1000000
2025-04-14T10:20:00.000+0000,995588.7369405441,2769.6038399999597,1049862.6353578896,995592.3420088236,3584.5821399997594,1000000,1000000
2025-04-14T10:30:00.000+0000,995461.948212736,2769.6038399999597,1052010.9132245143,995465.6568980559,3584.5821399997594,1000000,1000000
2025-04-14T10:40:00.000+0000,996032.497487872,2769.6038399999597,1054592.2953268224,996035.7398965114,3584.5821399997594,1000000,1000000
2025-04-14T10:50:00.000+0000,994511.0327541761,2769.6038399999597,1057703.625725787,994515.518567296,3584.5821399997594,1000000,1000000
2025-04-14T11:00:00.000+0000,992038.6525619202,2769.6038399999597,1055065.665282503,992045.1589073197,3584.5821399997594,1000000,1000000
2025-04-14T11:10:00.000+0000,989693.0610974721,2769.6038399999597,1057194.2011251547,989701.4843581119,3584.5821399997594,1000000,1000000
2025-04-14T11:20:00.000+0000,988932.328730624,2769.6038399999597,1055122.7563512763,988941.3736935037,3584.5821399997594,1000000,1000000
2025-04-14T11:30:00.000+0000,986142.9767188481,2769.6038399999597,1055613.2360624503,986154.301256608,3584.5821399997594,1000000,1000000
2025-04-14T11:40:00.000+0000,984177.7514378239,2769.6038399999597,1055092.395247265,984190.6820397038,3584.5821399997594,1000000,1000000
2025-04-14T11:50:00.000+0000,983417.0190709761,2769.6038399999597,1056118.0450494506,983430.5713750958,3584.5821399997594,1000000,1000000
2025-04-14T12:00:00.000+0000,983860.779618304,2769.6038399999597,1054283.2839893852,983873.9692627839,3584.5821399997594,1000000,1000000
2025-04-14T12:10:00.000+0000,989756.455461376,2769.6038399999597,1052221.6430815428,989764.8269134958,3584.5821399997594,1000000,1000000
2025-04-14T12:20:00.000+0000,988171.5963637761,2769.6038399999597,1054504.82111297,988181.263028896,3584.5821399997594,1000000,1000000
2025-04-14T12:30:00.000+0000,983543.807798784,2769.6038399999597,1056385.9025930597,983557.2564858635,3584.5821399997594,1000000,1000000
2025-04-14T12:40:00.000+0000,977711.5263196161,2769.6038399999597,1057601.079567117,977729.7413905357,3584.5821399997594,1000000,1000000
2025-04-14T12:50:00.000+0000,975936.484130304,2769.6038399999597,1057211.3020393625,975956.1498397836,3584.5821399997594,1000000,1000000
2025-04-14T13:00:00.000+0000,968075.5830062082,2769.6038399999597,1058553.900485925,968101.6729721677,3584.5821399997594,1000000,1000000
2025-04-14T13:10:00.000+0000,965920.1746334721,2769.6038399999597,1058368.6844823582,965948.0260891119,3584.5821399997594,1000000,1000000
2025-04-14T13:20:00.000+0000,967631.8224588801,2769.6038399999597,1056228.9584437152,967658.2750844797,3584.5821399997594,1000000,1000000
2025-04-14T13:30:00.000+0000,972259.6110238722,2769.6038399999597,1049465.598863849,972282.2816275121,3584.5821399997594,1000000,1000000
2025-04-14T13:40:00.000+0000,983733.9908904961,2769.6038399999597,1042800.1875254014,983747.2841520159,3584.5821399997594,1000000,1000000
2025-04-14T13:50:00.000+0000,979930.3290562562,2769.6038399999597,1046211.4831788026,979946.7308289763,3584.5821399997594,1000000,1000000
2025-04-14T14:00:00.000+0000,979042.8079616,2769.6038399999597,1044550.3317320081,979059.9350535996,3584.5821399997594,1000000,1000000
2025-04-14T14:10:00.000+0000,980120.5121479682,2769.6038399999597,1046884.345055352,980136.7584951279,3584.5821399997594,1000000,1000000
2025-04-14T14:20:00.000+0000,978218.6812308482,2769.6038399999597,1049883.2530531166,978236.4818336078,3584.5821399997594,1000000,1000000
2025-04-14T14:30:00.000+0000,978282.0755947521,2769.6038399999597,1052706.776674664,978299.8243889917,3584.5821399997594,1000000,1000000
2025-04-14T14:40:00.000+0000,960721.8367933441,2769.6038399999597,1058575.464060211,960753.9365476237,3584.5821399997594,1000000,1000000
2025-04-14T14:50:00.000+0000,958946.7946040318,2769.6038399999597,1058501.4429737048,958980.3449968713,3584.5821399997594,1000000,1000000
2025-04-14T15:00:00.000+0000,972323.005387776,2769.6038399999597,1046279.2131922338,972345.6241828956,3584.5821399997594,1000000,1000000
2025-04-14T15:10:00.000+0000,974922.1743078402,2769.6038399999597,1043547.0668573517,974942.6689536399,3584.5821399997594,1000000,1000000
2025-04-14T15:20:00.000+0000,981832.1599733761,2769.6038399999597,1040444.2151092978,981847.0074904956,3584.5821399997594,1000000,1000000
2025-04-14T15:30:00.000+0000,989249.3005501442,2769.6038399999597,1032508.6220830668,989258.086470424,3584.5821399997594,1000000,1000000
2025-04-14T15:40:00.000+0000,997173.5960381441,2769.6038399999597,1028031.7299068947,997175.9058934238,3584.5821399997594,1000000,1000000
2025-04-14T15:50:00.000+0000,1001801.3846031361,2769.6038399999597,1028728.2987784551,1001799.9124364557,3584.5821399997594,1000000,1000000
2025-04-14T16:00:00.000+0000,1000977.257872384,2769.6038399999597,1028586.7853798396,1000976.4592164635,3584.5821399997594,1000000,1000000
2025-04-14T16:10:00.000+0000,1013212.370105856,2769.6038399999597,1026129.1889748856,1013201.5724055758,3584.5821399997594,1000000,1000000
2025-04-14T16:20:00.000+0000,1006048.8069847042,2769.6038399999597,1029550.1771866832,1006043.863647184,3584.5821399997594,1000000,1000000
2025-04-14T16:30:00.000+0000,1006809.539351552,2769.6038399999597,1030671.7426052889,1006803.9743117917,3584.5821399997594,1000000,1000000
2025-04-14T16:40:00.000+0000,998124.5114967041,2769.6038399999597,1035616.8574359731,998126.0442241838,3584.5821399997594,1000000,1000000
2025-04-14T16:50:00.000+0000,999772.7649582082,2769.6038399999597,1032990.4863823684,999772.9506641676,3584.5821399997594,1000000,1000000
2025-04-14T17:00:00.000+0000,998631.6664079359,2769.6038399999597,1032750.300804809,998632.7846672558,3584.5821399997594,1000000,1000000
2025-04-14T17:10:00.000+0000,996666.441126912,2769.6038399999597,1034394.4571379807,996669.1654503517,3584.5821399997594,1000000,1000000
2025-04-14T17:20:00.000+0000,994828.004573696,2769.6038399999597,1037110.0552549104,994832.2313442156,3584.5821399997594,1000000,1000000
2025-04-14T17:30:00.000+0000,1000596.8916889599,2769.6038399999597,1036379.9448127272,1000596.4038841593,3584.5821399997594,1000000,1000000
2025-04-14T17:40:00.000+0000,1005161.2858900481,2769.6038399999597,1036723.0925685086,1005157.0678718075,3584.5821399997594,1000000,1000000
2025-04-14T17:50:00.000+0000,1002371.9338782722,2769.6038399999597,1039159.9845689321,1002369.9954349117,3584.5821399997594,1000000,1000000
2025-04-14T18:00:00.000+0000,992672.59620096,2769.6038399999597,1042076.3506407142,992678.5844611598,3584.5821399997594,1000000,1000000
2025-04-14T18:10:00.000+0000,992228.8356536321,2769.6038399999597,1040541.0552465526,992235.1865734719,3584.5821399997594,1000000,1000000
2025-04-14T18:20:00.000+0000,991531.497650688,2769.6038399999597,1040716.346925237,991538.4184642478,3584.5821399997594,1000000,1000000
2025-04-14T18:30:00.000+0000,988298.3850915841,2769.6038399999597,1038660.3928275069,988307.948139664,3584.5821399997594,1000000,1000000
2025-04-14T18:40:00.000+0000,985889.3992632321,2769.6038399999597,1037551.3500428409,985900.9310350717,3584.5821399997594,1000000,1000000
2025-04-14T18:50:00.000+0000,986840.3147217919,2769.6038399999597,1039461.4769441555,986851.0693658318,3584.5821399997594,1000000,1000000
2025-04-14T19:00:00.000+0000,979486.5685089282,2769.6038399999597,1042442.4562769788,979503.3329412877,3584.5821399997594,1000000,1000000
2025-04-14T19:10:00.000+0000,980374.0896035839,2769.6038399999597,1042800.6993449454,980390.1287166636,3584.5821399997594,1000000,1000000
2025-04-14T19:20:00.000+0000,983100.0472514561,2769.6038399999597,1042420.8568773791,983113.8585981758,3584.5821399997594,1000000,1000000
2025-04-14T19:30:00.000+0000,982973.258523648,2769.6038399999597,1041592.6885155464,982987.173487408,3584.5821399997594,1000000,1000000
2025-04-14T19:40:00.000+0000,982466.1036124162,2769.6038399999597,1043259.3998735435,982480.4330443362,3584.5821399997594,1000000,1000000
2025-04-14T19:50:00.000+0000,997110.2016742401,2769.6038399999597,1039659.2186794106,997112.5633380397,3584.5821399997594,1000000,1000000
2025-04-14T20:00:00.000+0000,1000660.2860528639,2769.6038399999597,1038336.628433039,1000659.7464395436,3584.5821399997594,1000000,1000000
2025-04-14T20:10:00.000+0000,1004210.3704314883,2769.6038399999597,1038120.4747710547,1004206.9295410478,3584.5821399997594,1000000,1000000
2025-04-14T20:20:00.000+0000,1008140.8209935363,2769.6038399999597,1034800.2295979456,1008134.1679748559,3584.5821399997594,1000000,1000000
2025-04-14T20:30:00.000+0000,1008521.1871769599,2769.6038399999597,1035250.8206590086,1008514.22330716,3584.5821399997594,1000000,1000000
2025-04-14T20:40:00.000+0000,997046.807310336,2769.6038399999597,1036210.7926856917,997049.2207826556,3584.5821399997594,1000000,1000000
2025-04-14T20:50:00.000+0000,988551.9625472001,2769.6038399999597,1038780.5711595044,988561.3183611997,3584.5821399997594,1000000,1000000
2025-04-14T21:00:00.000+0000,989693.0610974721,2769.6038399999597,1036938.5927926234,989701.4843581119,3584.5821399997594,1000000,1000000
2025-04-14T21:10:00.000+0000,993179.751112192,2769.6038399999597,1036905.3036112364,993185.3249042317,3584.5821399997594,1000000,1000000
2025-04-14T21:20:00.000+0000,993940.4834790401,2769.6038399999597,1036051.132076435,993945.4355688395,3584.5821399997594,1000000,1000000
2025-04-14T21:30:00.000+0000,993813.6947512319,2769.6038399999597,1030058.247846366,993818.7504580715,3584.5821399997594,1000000,1000000
2025-04-14T21:40:00.000+0000,992292.230017536,2769.6038399999597,1029764.5703718221,992298.5291288559,3584.5821399997594,1000000,1000000
2025-04-14T21:50:00.000+0000,987093.892177408,2769.6038399999597,1031807.3703900023,987104.4395873676,3584.5821399997594,1000000,1000000
2025-04-14T22:00:00.000+0000,989122.5118223361,2769.6038399999597,1032552.8946864748,989131.4013596559,3584.5821399997594,1000000,1000000
2025-04-14T22:10:00.000+0000,990073.4272808961,2769.6038399999597,1031402.9368814881,990081.539690416,3584.5821399997594,1000000,1000000
2025-04-14T22:20:00.000+0000,998948.6382274561,2769.6038399999597,1030128.082158078,998949.4974441758,3584.5821399997594,1000000,1000000
2025-04-14T22:30:00.000+0000,995715.5256683521,2769.6038399999597,1030964.0351566134,995719.0271195917,3584.5821399997594,1000000,1000000
2025-04-14T22:40:00.000+0000,999519.1875025921,2769.6038399999597,1033152.079475443,999519.5804426319,3584.5821399997594,1000000,1000000
2025-04-14T22:50:00.000+0000,1000279.91986944,2769.6038399999597,1032868.0407332797,1000279.6911072397,3584.5821399997594,1000000,1000000
2025-04-14T23:00:00.000+0000,998314.6945884161,2769.6038399999597,1032858.6297203342,998316.0718903354,3584.5821399997594,1000000,1000000
2025-04-14T23:10:00.000+0000,995715.5256683521,2769.6038399999597,1035447.7313736395,995719.0271195917,3584.5821399997594,1000000,1000000
2025-04-14T23:20:00.000+0000,992545.8074731521,2769.6038399999597,1035472.9802600855,992551.8993503916,3584.5821399997594,1000000,1000000
2025-04-14T23:30:00.000+0000,989249.3005501442,2769.6038399999597,1035992.9672851013,989258.086470424,3584.5821399997594,1000000,1000000
2025-04-14T23:40:00.000+0000,991721.6807424,2769.6038399999597,1032135.0185693561,991728.4461303997,3584.5821399997594,1000000,1000000
2025-04-14T23:50:00.000+0000,995905.7087600641,2769.6038399999597,1032611.6757016985,995909.0547857438,3584.5821399997594,1000000,1000000
2025-04-15T00:00:00.000+0000,996412.863671296,2769.6038399999597,1031613.4534724874,996415.7952288159,3584.5821399997594,1000000,1000000
2025-04-15T00:10:00.000+0000,1000153.131141632,2769.6038399999597,1027364.7695404629,1000153.0059964714,3584.5821399997594,1000000,1000000
2025-04-15T00:20:00.000+0000,996412.863671296,2769.6038399999597,1027857.2813131768,996415.7952288159,3584.5821399997594,1000000,1000000
2025-04-15T00:30:00.000+0000,987157.2865413121,2769.6038399999597,1033022.7405180405,987167.7821427517,3584.5821399997594,1000000,1000000
2025-04-15T00:40:00.000+0000,983480.4134348801,2769.6038399999597,1035854.783550562,983493.9139304799,3584.5821399997594,1000000,1000000
2025-04-15T00:50:00.000+0000,979676.75160064,2769.6038399999597,1034046.7744592264,979693.3606074399,3584.5821399997594,1000000,1000000
2025-04-15T01:00:00.000+0000,982149.1317928962,2769.6038399999597,1028872.2275216258,982163.7202674161,3584.5821399997594,1000000,1000000
2025-04-15T01:10:00.000+0000,980627.6670592,2769.6038399999597,1029630.1415297729,980643.4989381997,3584.5821399997594,1000000,1000000
2025-04-15T01:20:00.000+0000,978218.6812308482,2769.6038399999597,1032121.8557155975,978236.4818336078,3584.5821399997594,1000000,1000000
2025-04-15T01:30:00.000+0000,977838.3150474239,2769.6038399999597,1035542.6769114279,977856.4265013038,3584.5821399997594,1000000,1000000
2025-04-15T01:40:00.000+0000,973781.075757568,2769.6038399999597,1037125.3478380672,973802.5029567279,3584.5821399997594,1000000,1000000
2025-04-15T01:50:00.000+0000,971752.45611264,2769.6038399999597,1039148.6943874831,971775.54118444,3584.5821399997594,1000000,1000000
2025-04-15T02:00:00.000+0000,969089.892828672,2769.6038399999597,1038716.2659733705,969115.1538583115,3584.5821399997594,1000000,1000000
2025-04-15T02:10:00.000+0000,968709.5266452479,2769.6038399999597,1038600.411083899,968735.0985260071,3584.5821399997594,1000000,1000000
2025-04-15T02:20:00.000+0000,969660.4421038079,2769.6038399999597,1033241.1738303299,969685.2368567674,3584.5821399997594,1000000,1000000
2025-04-15T02:30:00.000+0000,975429.3292190721,2769.6038399999597,1030364.5857069253,975449.4093967121,3584.5821399997594,1000000,1000000
2025-04-15T02:40:00.000+0000,973590.892665856,2769.6038399999597,1032447.1713508766,973612.475290576,3584.5821399997594,1000000,1000000
2025-04-15T02:50:00.000+0000,976190.0615859202,2769.6038399999597,1034389.3948925269,976209.52006132,3584.5821399997594,1000000,1000000
2025-04-15T03:00:00.000+0000,973210.5264824321,2769.6038399999597,1036936.2572831055,973232.4199582717,3584.5821399997594,1000000,1000000
2025-04-15T03:10:00.000+0000,973020.34339072,2769.6038399999597,1036774.1012740078,973042.3922921199,3584.5821399997594,1000000,1000000
2025-04-15T03:20:00.000+0000,968265.76609792,2769.6038399999597,1038180.727109456,968291.7006383198,3584.5821399997594,1000000,1000000
2025-04-15T03:30:00.000+0000,955967.259500544,2769.6038399999597,1040745.9769072125,956003.2448938238,3584.5821399997594,1000000,1000000
2025-04-15T03:40:00.000+0000,955777.0764088322,2769.6038399999597,1041379.8319984281,955813.2172276715,3584.5821399997594,1000000,1000000
2025-04-15T03:50:00.000+0000,960595.0480655358,2769.6038399999597,1041950.8146465713,960627.2514368555,3584.5821399997594,1000000,1000000
2025-04-15T04:00:00.000+0000,957108.358050816,2769.6038399999597,1041718.3568272602,957143.4108907353,3584.5821399997594,1000000,1000000
2025-04-15T04:10:00.000+0000,961672.7522519042,2769.6038399999597,1041063.098043872,961704.0748783838,3584.5821399997594,1000000,1000000
2025-04-15T04:20:00.000+0000,963891.5549885441,2769.6038399999597,1039130.4947032803,963921.0643168236,3584.5821399997594,1000000,1000000
2025-04-15T04:30:00.000+0000,965539.8084500481,2769.6038399999597,1039379.1064417687,965567.9707568078,3584.5821399997594,1000000,1000000
2025-04-15T04:40:00.000+0000,966427.3295447039,2769.6038399999597,1040551.5212896669,966454.7665321839,3584.5821399997594,1000000,1000000
2025-04-15T04:50:00.000+0000,968899.7097369601,2769.6038399999597,1041943.382455264,968925.1261921595,3584.5821399997594,1000000,1000000
2025-04-15T05:00:00.000+0000,968392.554825728,2769.6038399999597,1045497.8883749694,968418.3857490876,3584.5821399997594,1000000,1000000
2025-04-15T05:10:00.000+0000,964779.0760832002,2769.6038399999597,1045750.3895795149,964807.8600921996,3584.5821399997594,1000000,1000000
2025-04-15T05:20:00.000+0000,963574.5831690241,2769.6038399999597,1046683.0578515661,963604.3515399037,3584.5821399997594,1000000,1000000
2025-04-15T05:30:00.000+0000,965539.8084500481,2769.6038399999597,1045753.984589129,965567.9707568078,3584.5821399997594,1000000,1000000
2025-04-15T05:40:00.000+0000,967378.245003264,2769.6038399999597,1048263.3055998978,967404.9048629437,3584.5821399997594,1000000,1000000
2025-04-15T05:50:00.000+0000,968392.554825728,2769.6038399999597,1045875.7087499618,968418.3857490876,3584.5821399997594,1000000,1000000
2025-04-15T06:00:00.000+0000,963447.794441216,2769.6038399999597,1044314.9705934552,963477.6664291355,3584.5821399997594,1000000,1000000
2025-04-15T06:10:00.000+0000,971815.8504765441,2769.6038399999597,1043994.3491374376,971838.8837398242,3584.5821399997594,1000000,1000000
2025-04-15T06:20:00.000+0000,966617.512636416,2769.6038399999597,1043869.3714460712,966644.7941983356,3584.5821399997594,1000000,1000000
2025-04-15T06:30:00.000+0000,963321.0057134081,2769.6038399999597,1045639.8903314627,963350.981318368,3584.5821399997594,1000000,1000000
2025-04-15T06:40:00.000+0000,964525.498627584,2769.6038399999597,1045208.6725214696,964554.4898706636,3584.5821399997594,1000000,1000000
2025-04-15T06:50:00.000+0000,967505.0337310721,2769.6038399999597,1043488.9040010867,967531.5899737113,3584.5821399997594,1000000,1000000
2025-04-15T07:00:00.000+0000,960975.41424896,2769.6038399999597,1045003.7668887065,961007.3067691596,3584.5821399997594,1000000,1000000
2025-04-15T07:10:00.000+0000,960721.8367933441,2769.6038399999597,1047135.9015941147,960753.9365476237,3584.5821399997594,1000000,1000000
2025-04-15T07:20:00.000+0000,956791.386231296,2769.6038399999597,1048675.226416459,956826.6981138155,3584.5821399997594,1000000,1000000
2025-04-15T07:30:00.000+0000,954572.5834946559,2769.6038399999597,1048049.0707950571,954609.7086753757,3584.5821399997594,1000000,1000000
2025-04-15T07:40:00.000+0000,955016.3440419841,2769.6038399999597,1048030.4765955153,955053.1065630636,3584.5821399997594,1000000,1000000
2025-04-15T07:50:00.000+0000,954382.4004029441,2769.6038399999597,1047734.0501199558,954419.6810092239,3584.5821399997594,1000000,1000000
2025-04-15T08:00:00.000+0000,954635.9778585602,2769.6038399999597,1048486.0171671021,954673.05123076,3584.5821399997594,1000000,1000000
2025-04-15T08:10:00.000+0000,953177.907488768,2769.6038399999597,1049261.7325300453,953216.1724569277,3584.5821399997594,1000000,1000000
2025-04-15T08:20:00.000+0000,950832.31602432,2769.6038399999597,1049181.019502819,950872.4979077196,3584.5821399997594,1000000,1000000
2025-04-15T08:30:00.000+0000,953558.2736721921,2769.6038399999597,1047823.0530996616,953596.2277892317,3584.5821399997594,1000000,1000000
2025-04-15T08:40:00.000+0000,950768.9216604161,2769.6038399999597,1048617.6820981847,950809.1553523359,3584.5821399997594,1000000,1000000
2025-04-15T08:50:00.000+0000,950071.5836574722,2769.6038399999597,1047942.6334093777,950112.3872431117,3584.5821399997594,1000000,1000000
2025-04-15T09:00:00.000+0000,947028.65419008,2769.6038399999597,1047664.5882079906,947071.9445846798,3584.5821399997594,1000000,1000000
2025-04-15T09:10:00.000+0000,942527.6543528963,2769.6038399999597,1051681.3558956843,942574.623152416,3584.5821399997594,1000000,1000000
2025-04-15T09:20:00.000+0000,942147.2881694721,2769.6038399999597,1052709.0235350388,942194.567820112,3584.5821399997594,1000000,1000000
2025-04-15T09:30:00.000+0000,950642.1329326079,2769.6038399999597,1047992.522321268,950682.4702415676,3584.5821399997594,1000000,1000000
2025-04-15T09:40:00.000+0000,950451.9498408963,2769.6038399999597,1050141.5661056298,950492.4425754158,3584.5821399997594,1000000,1000000
2025-04-15T09:50:00.000+0000,949120.6681989122,2769.6038399999597,1053182.3940514415,949162.2489123517,3584.5821399997594,1000000,1000000
2025-04-15T10:00:00.000+0000,947599.203465216,2769.6038399999597,1054544.2350114672,947642.027583136,3584.5821399997594,1000000,1000000
2025-04-15T10:10:00.000+0000,955333.315861504,2769.6038399999597,1051168.4052641226,955369.8193399836,3584.5821399997594,1000000,1000000
2025-04-15T10:20:00.000+0000,959327.1607874561,2769.6038399999597,1049004.8016267323,959360.400329176,3584.5821399997594,1000000,1000000
2025-04-15T10:30:00.000+0000,959327.1607874561,2769.6038399999597,1045500.2042174018,959360.400329176,3584.5821399997594,1000000,1000000
2025-04-15T10:40:00.000+0000,965222.836630528,2769.6038399999597,1045119.9676765963,965251.2579798875,3584.5821399997594,1000000,1000000
2025-04-15T10:50:00.000+0000,965603.202813952,2769.6038399999597,1047055.3916790145,965631.3133121913,3584.5821399997594,1000000,1000000
2025-04-15T11:00:00.000+0000,965793.385905664,2769.6038399999597,1046475.5443138286,965821.3409783436,3584.5821399997594,1000000,1000000
2025-04-15T11:10:00.000+0000,968899.7097369601,2769.6038399999597,1044059.2480198715,968925.1261921595,3584.5821399997594,1000000,1000000
2025-04-15T11:20:00.000+0000,976190.0615859202,2769.6038399999597,1044359.608013209,976209.52006132,3584.5821399997594,1000000,1000000
2025-04-15T11:30:00.000+0000,975429.3292190721,2769.6038399999597,1045615.154906441,975449.4093967121,3584.5821399997594,1000000,1000000
2025-04-15T11:40:00.000+0000,979359.7797811202,2769.6038399999597,1045748.0887294438,979376.64783052,3584.5821399997594,1000000,1000000
2025-04-15T11:50:00.000+0000,976126.6672220161,2769.6038399999597,1044928.8575235135,976146.1775059359,3584.5821399997594,1000000,1000000
2025-04-15T12:00:00.000+0000,973781.075757568,2769.6038399999597,1046294.7462003259,973802.5029567279,3584.5821399997594,1000000,1000000
2025-04-15T12:10:00.000+0000,973717.681393664,2769.6038399999597,1048030.4312675153,973739.1604013437,3584.5821399997594,1000000,1000000
2025-04-15T12:20:00.000+0000,973844.470121472,2769.6038399999597,1045041.0680836879,973865.845512112,3584.5821399997594,1000000,1000000
2025-04-15T12:30:00.000+0000,982022.343065088,2769.6038399999597,1044217.5317464911,982037.0351566479,3584.5821399997594,1000000,1000000
2025-04-15T12:40:00.000+0000,982212.5261567999,2769.6038399999597,1045634.4121995245,982227.0628227995,3584.5821399997594,1000000,1000000
2025-04-15T12:50:00.000+0000,973020.34339072,2769.6038399999597,1048536.9986790076,973042.3922921199,3584.5821399997594,1000000,1000000
2025-04-15T13:00:00.000+0000,971181.906837504,2769.6038399999597,1050378.3882344433,971205.4581859838,3584.5821399997594,1000000,1000000
2025-04-15T13:10:00.000+0000,969660.4421038079,2769.6038399999597,1050302.0653785404,969685.2368567674,3584.5821399997594,1000000,1000000
2025-04-15T13:20:00.000+0000,973147.1321185279,2769.6038399999597,1047609.4578778688,973169.0774028879,3584.5821399997594,1000000,1000000
2025-04-15T13:30:00.000+0000,968392.554825728,2769.6038399999597,1048671.1183575438,968418.3857490876,3584.5821399997594,1000000,1000000
2025-04-15T13:40:00.000+0000,957742.3016898561,2769.6038399999597,1053690.2207355197,957776.8364445758,3584.5821399997594,1000000,1000000
2025-04-15T13:50:00.000+0000,955777.0764088322,2769.6038399999597,1046170.0942103083,955813.2172276715,3584.5821399997594,1000000,1000000
2025-04-15T14:00:00.000+0000,986396.554174464,2769.6038399999597,1041625.060734234,986407.6714781437,3584.5821399997594,1000000,1000000
2025-04-15T14:10:00.000+0000,984875.089440768,2769.6038399999597,1037134.2329243209,984887.4501489276,3584.5821399997594,1000000,1000000
2025-04-15T14:20:00.000+0000,999012.03259136,2769.6038399999597,1033594.8822387218,999012.8399995597,3584.5821399997594,1000000,1000000
2025-04-15T14:30:00.000+0000,1000026.3424138239,2769.6038399999597,1034072.801371849,1000026.3208857038,3584.5821399997594,1000000,1000000
2025-04-15T14:40:00.000+0000,997300.3847659521,2769.6038399999597,1037252.6993662916,997302.591004192,3584.5821399997594,1000000,1000000
2025-04-15T14:50:00.000+0000,1000279.91986944,2769.6038399999597,1038750.3185924867,1000279.6911072397,3584.5821399997594,1000000,1000000
2025-04-15T15:00:00.000+0000,996666.441126912,2769.6038399999597,1037983.5156286499,996669.1654503517,3584.5821399997594,1000000,1000000
2025-04-15T15:10:00.000+0000,988932.328730624,2769.6038399999597,1039892.9009550518,988941.3736935037,3584.5821399997594,1000000,1000000
2025-04-15T15:20:00.000+0000,984621.5119851519,2769.6038399999597,1040585.6680328436,984634.0799273916,3584.5821399997594,1000000,1000000
2025-04-15T15:30:00.000+0000,986016.1879910401,2769.6038399999597,1035355.6443368457,986027.6161458397,3584.5821399997594,1000000,1000000
2025-04-15T15:40:00.000+0000,995335.159484928,2769.6038399999597,1033330.1305916002,995338.9717872877,3584.5821399997594,1000000,1000000
2025-04-15T15:50:00.000+0000,997807.5396771841,2769.6038399999597,1030527.9989288081,997809.3314472634,3584.5821399997594,1000000,1000000
2025-04-15T16:00:00.000+0000,994447.6383902722,2769.6038399999597,1033903.2518029797,994452.1760119118,3584.5821399997594,1000000,1000000
2025-04-15T16:10:00.000+0000,996920.0185825282,2769.6038399999597,1035887.6180910456,996922.535671888,3584.5821399997594,1000000,1000000
2025-04-15T16:20:00.000+0000,995525.3425766401,2769.6038399999597,1034674.6141387654,995528.9994534398,3584.5821399997594,1000000,1000000
2025-04-15T16:30:00.000+0000,994954.7933015041,2769.6038399999597,1036357.831283431,994958.9164549838,3584.5821399997594,1000000,1000000
2025-04-15T16:40:00.000+0000,996793.22985472,2769.6038399999597,1035781.2629863598,996795.8505611198,3584.5821399997594,1000000,1000000
2025-04-15T16:50:00.000+0000,994954.7933015041,2769.6038399999597,1034555.7028554517,994958.9164549838,3584.5821399997594,1000000,1000000
2025-04-15T17:00:00.000+0000,996476.2580352001,2769.6038399999597,1033577.9939283805,996479.1377841993,3584.5821399997594,1000000,1000000
2025-04-15T17:10:00.000+0000,994637.8214819841,2769.6038399999597,1034302.2959115591,994642.2036780639,3584.5821399997594,1000000,1000000
2025-04-15T17:20:00.000+0000,1003196.0606090241,2769.6038399999597,1030600.726983451,1003193.4486549036,3584.5821399997594,1000000,1000000
2025-04-15T17:30:00.000+0000,1006365.7788042241,2769.6038399999597,1030563.4852148967,1006360.5764241037,3584.5821399997594,1000000,1000000
2025-04-15T17:40:00.000+0000,1005097.8915261442,2769.6038399999597,1032604.9748880656,1005093.7253164236,3584.5821399997594,1000000,1000000
2025-04-15T17:50:00.000+0000,1008838.1589964798,2769.6038399999597,1027535.5394506461,1008830.9360840798,3584.5821399997594,1000000,1000000
2025-04-15T18:00:00.000+0000,1012071.271555584,2769.6038399999597,1027744.9691716104,1012061.406408664,3584.5821399997594,1000000,1000000
2025-04-15T18:10:00.000+0000,1013846.3137448961,2769.6038399999597,1023906.5840683775,1013834.9979594159,3584.5821399997594,1000000,1000000
2025-04-15T18:20:00.000+0000,1022214.3697802239,2769.6038399999597,1023373.2911894838,1022196.2152701037,3584.5821399997594,1000000,1000000
2025-04-15T18:30:00.000+0000,1019932.17267968,2769.6038399999597,1024901.4723121163,1019915.8832762799,3584.5821399997594,1000000,1000000
2025-04-15T18:40:00.000+0000,1017903.5530347521,2769.6038399999597,1025505.2062757944,1017888.9215039922,3584.5821399997594,1000000,1000000
2025-04-15T18:50:00.000+0000,1019932.17267968,2769.6038399999597,1025304.6004138675,1019915.8832762799,3584.5821399997594,1000000,1000000
2025-04-15T19:00:00.000+0000,1020122.3557713919,2769.6038399999597,1023469.9144139469,1020105.9109424318,3584.5821399997594,1000000,1000000
2025-04-15T19:10:00.000+0000,1024369.7781529601,2769.6038399999597,1024421.157486438,1024349.8621531597,3584.5821399997594,1000000,1000000
2025-04-15T19:20:00.000+0000,1024179.595061248,2769.6038399999597,1021120.8171930681,1024159.8344870078,3584.5821399997594,1000000,1000000
2025-04-15T19:30:00.000+0000,1028997.5667179519,2769.6038399999597,1023248.4520262672,1028973.8686961917,3584.5821399997594,1000000,1000000
2025-04-15T19:40:00.000+0000,1031723.524365824,2769.6038399999597,1021274.7084575543,1031697.5985777039,3584.5821399997594,1000000,1000000
2025-04-15T19:50:00.000+0000,1024433.1725168639,2769.6038399999597,1022863.5249220976,1024413.2047085436,3584.5821399997594,1000000,1000000
2025-04-15T20:00:00.000+0000,1024940.3274280962,2769.6038399999597,1023245.4797875201,1024919.945151616,3584.5821399997594,1000000,1000000
2025-04-15T20:10:00.000+0000,1019741.989587968,2769.6038399999597,1023870.7842310655,1019725.8556101276,3584.5821399997594,1000000,1000000
2025-04-15T20:20:00.000+0000,1022150.9754163201,2769.6038399999597,1024120.7536442605,1022132.87271472,3584.5821399997594,1000000,1000000
2025-04-15T20:30:00.000+0000,1022721.5246914561,2769.6038399999597,1023626.4586758133,1022702.9557131758,3584.5821399997594,1000000,1000000
2025-04-15T20:40:00.000+0000,1024559.9612446721,2769.6038399999597,1021563.1420892273,1024539.8898193119,3584.5821399997594,1000000,1000000
2025-04-15T20:50:00.000+0000,1032167.284913152,2769.6038399999597,1017258.5850593857,1032140.9964653917,3584.5821399997594,1000000,1000000
2025-04-15T21:00:00.000+0000,1027666.285075968,2769.6038399999597,1019552.9199442348,1027643.675033128,3584.5821399997594,1000000,1000000
2025-04-15T21:10:00.000+0000,1027476.1019842561,2769.6038399999597,1018722.1600685131,1027453.6473669756,3584.5821399997594,1000000,1000000
2025-04-15T21:20:00.000+0000,1023735.83451392,2769.6038399999597,1020335.7501366932,1023716.43659932,3584.5821399997594,1000000,1000000
2025-04-15T21:30:00.000+0000,1019995.5670435842,2769.6038399999597,1023439.0840669016,1019979.225831664,3584.5821399997594,1000000,1000000
2025-04-15T21:40:00.000+0000,1017206.2150318081,2769.6038399999597,1024217.63782229,1017192.1533947677,3584.5821399997594,1000000,1000000
2025-04-15T21:50:00.000+0000,1018220.5248542721,2769.6038399999597,1022551.6396665121,1018205.6342809119,3584.5821399997594,1000000,1000000
2025-04-15T22:00:00.000+0000,1022341.158508032,2769.6038399999597,1019586.5432425764,1022322.9003808718,3584.5821399997594,1000000,1000000
2025-04-15T22:10:00.000+0000,1025320.6936115201,2769.6038399999597,1018134.5313328907,1025300.0004839197,3584.5821399997594,1000000,1000000
2025-04-15T22:20:00.000+0000,1030138.6652682242,2769.6038399999597,1015601.0314600545,1030114.0346931037,3584.5821399997594,1000000,1000000
2025-04-15T22:30:00.000+0000,1034703.0594693121,2769.6038399999597,1017609.373875821,1034674.6986807517,3584.5821399997594,1000000,1000000
2025-04-15T22:40:00.000+0000,1034703.0594693121,2769.6038399999597,1014402.782099009,1034674.6986807517,3584.5821399997594,1000000,1000000
2025-04-15T22:50:00.000+0000,1035527.186200064,2769.6038399999597,1012657.6443711121,1035498.1519007436,3584.5821399997594,1000000,1000000
2025-04-15T23:00:00.000+0000,1032928.0172799999,2769.6038399999597,1014228.0429561468,1032901.1071299997,3584.5821399997594,1000000,1000000
2025-04-15T23:10:00.000+0000,1034703.0594693121,2769.6038399999597,1015004.629735701,1034674.6986807517,3584.5821399997594,1000000,1000000
2025-04-15T23:20:00.000+0000,1036287.9185669122,2769.6038399999597,1016546.2386845811,1036258.262565352,3584.5821399997594,1000000,1000000
2025-04-15T23:30:00.000+0000,1032801.2285521922,2769.6038399999597,1016419.9333432652,1032774.4220192317,3584.5821399997594,1000000,1000000
2025-04-15T23:40:00.000+0000,1035970.9467473921,2769.6038399999597,1013724.5197629794,1035941.5497884314,3584.5821399997594,1000000,1000000
2025-04-15T23:50:00.000+0000,1037492.411481088,2769.6038399999597,1012805.8868655604,1037461.7711176479,3584.5821399997594,1000000,1000000
2025-04-16T00:00:00.000+0000,1039204.059306496,2769.6038399999597,1011853.7725711295,1039172.0201130158,3584.5821399997594,1000000,1000000
2025-04-16T00:10:00.000+0000,1043134.5098685441,2769.6038399999597,1008745.3989527095,1043099.2585468238,3584.5821399997594,1000000,1000000
2025-04-16T00:20:00.000+0000,1031723.524365824,2769.6038399999597,1009444.4106244794,1031697.5985777039,3584.5821399997594,1000000,1000000
2025-04-16T00:30:00.000+0000,1031089.580726784,2769.6038399999597,1013791.4184529891,1031064.1730238636,3584.5821399997594,1000000,1000000
2025-04-16T00:40:00.000+0000,1035020.031288832,2769.6038399999597,1012018.7800366501,1034991.4114576714,3584.5821399997594,1000000,1000000
2025-04-16T00:50:00.000+0000,1041930.016954368,2769.6038399999597,1007312.4706373588,1041895.7499945278,3584.5821399997594,1000000,1000000
2025-04-16T01:00:00.000+0000,1037619.2002088961,2769.6038399999597,1008113.0095486846,1037588.4562284156,3584.5821399997594,1000000,1000000
2025-04-16T01:10:00.000+0000,1035337.0031083522,2769.6038399999597,1011105.3587562665,1035308.124234592,3584.5821399997594,1000000,1000000
2025-04-16T01:20:00.000+0000,1029568.1159930879,2769.6038399999597,1013250.690936256,1029543.9516946474,3584.5821399997594,1000000,1000000
2025-04-16T01:30:00.000+0000,1032103.8905492481,2769.6038399999597,1010793.3464577573,1032077.6539100076,3584.5821399997594,1000000,1000000
2025-04-16T01:40:00.000+0000,1027729.6794398719,2769.6038399999597,1011260.4669943603,1027707.0175885119,3584.5821399997594,1000000,1000000
2025-04-16T01:50:00.000+0000,1029060.961081856,2769.6038399999597,1014308.1927882944,1029037.2112515758,3584.5821399997594,1000000,1000000
2025-04-16T02:00:00.000+0000,1026651.9752535041,2769.6038399999597,1015998.5841717203,1026630.1941469837,3584.5821399997594,1000000,1000000
2025-04-16T02:10:00.000+0000,1026778.7639813122,2769.6038399999597,1015576.7198422654,1026756.8792577519,3584.5821399997594,1000000,1000000
2025-04-16T02:20:00.000+0000,1025827.848522752,2769.6038399999597,1015973.750730421,1025806.7409269917,3584.5821399997594,1000000,1000000
2025-04-16T02:30:00.000+0000,1024496.5668807679,2769.6038399999597,1015360.9816426095,1024476.5472639276,3584.5821399997594,1000000,1000000
2025-04-16T02:40:00.000+0000,1028173.4399872002,2769.6038399999597,1014020.182834411,1028150.4154761998,3584.5821399997594,1000000,1000000
2025-04-16T02:50:00.000+0000,1025320.6936115201,2769.6038399999597,1015454.892581044,1025300.0004839197,3584.5821399997594,1000000,1000000
2025-04-16T03:00:00.000+0000,1024242.9894251522,2769.6038399999597,1017586.42445078,1024223.1770423916,3584.5821399997594,1000000,1000000
2025-04-16T03:10:00.000+0000,1022277.7641441283,2769.6038399999597,1019282.0397453806,1022259.557825488,3584.5821399997594,1000000,1000000
2025-04-16T03:20:00.000+0000,1023038.496510976,2769.6038399999597,1016826.7707433718,1023019.6684900956,3584.5821399997594,1000000,1000000
2025-04-16T03:30:00.000+0000,1024433.1725168639,2769.6038399999597,1016045.8937307935,1024413.2047085436,3584.5821399997594,1000000,1000000
2025-04-16T03:40:00.000+0000,1024686.7499724801,2769.6038399999597,1014689.3985391889,1024666.5749300796,3584.5821399997594,1000000,1000000
2025-04-16T03:50:00.000+0000,1025827.848522752,2769.6038399999597,1014246.8124947924,1025806.7409269917,3584.5821399997594,1000000,1000000
2025-04-16T04:00:00.000+0000,1023228.6796026882,2769.6038399999597,1014132.6976315586,1023209.6961562481,3584.5821399997594,1000000,1000000
2025-04-16T04:10:00.000+0000,1023292.0739665921,2769.6038399999597,1010370.1339208317,1023273.038711632,3584.5821399997594,1000000,1000000
2025-04-16T04:20:00.000+0000,1033118.2003717122,2769.6038399999597,1008943.2075029956,1033091.1347961521,3584.5821399997594,1000000,1000000
2025-04-16T04:30:00.000+0000,1033752.144010752,2769.6038399999597,1008974.6693100964,1033724.5603499915,3584.5821399997594,1000000,1000000
2025-04-16T04:40:00.000+0000,1036097.7354752,2769.6038399999597,1007835.1951609823,1036068.2348991995,3584.5821399997594,1000000,1000000
2025-04-16T04:50:00.000+0000,1046050.6506081282,2769.6038399999597,1010424.8124260064,1046013.0160944883,3584.5821399997594,1000000,1000000
2025-04-16T05:00:00.000+0000,1042246.9887738881,2769.6038399999597,1012864.224158149,1042212.462771448,3584.5821399997594,1000000,1000000
2025-04-16T05:10:00.000+0000,1041613.0451348481,2769.6038399999597,1013757.7271904938,1041579.0372176082,3584.5821399997594,1000000,1000000
2025-04-16T05:20:00.000+0000,1047889.0871613441,2769.6038399999597,1002843.223850684,1047849.9502006242,3584.5821399997594,1000000,1000000
2025-04-16T05:30:00.000+0000,1053721.3686405118,2769.6038399999597,1002168.0573579168,1053677.465295951,3584.5821399997594,1000000,1000000
2025-04-16T05:40:00.000+0000,1053848.15736832,2769.6038399999597,1006630.592288595,1053804.1504067197,3584.5821399997594,1000000,1000000
2025-04-16T05:50:00.000+0000,1048586.425164288,2769.6038399999597,1006289.7002804205,1048546.7183098476,3584.5821399997594,1000000,1000000
2025-04-16T06:00:00.000+0000,1047825.69279744,2769.6038399999597,1005162.0513489681,1047786.60764524,3584.5821399997594,1000000,1000000
2025-04-16T06:10:00.000+0000,1043768.4535075839,2769.6038399999597,1005536.5701871229,1043732.684100664,3584.5821399997594,1000000,1000000
2025-04-16T06:20:00.000+0000,1044719.368966144,2769.6038399999597,1008281.5932272505,1044682.8224314239,3584.5821399997594,1000000,1000000
2025-04-16T06:30:00.000+0000,1041803.2282265602,2769.6038399999597,1009370.2577262062,1041769.0648837597,3584.5821399997594,1000000,1000000
2025-04-16T06:40:00.000+0000,1042310.383137792,2769.6038399999597,1010401.7406310433,1042275.8053268319,3584.5821399997594,1000000,1000000
2025-04-16T06:50:00.000+0000,1042754.1436851202,2769.6038399999597,1010892.5974175766,1042719.20321452,3584.5821399997594,1000000,1000000
2025-04-16T07:00:00.000+0000,1041739.8338626559,2769.6038399999597,1008094.4970406493,1041705.7223283757,3584.5821399997594,1000000,1000000
2025-04-16T07:10:00.000+0000,1042944.3267768319,2769.6038399999597,1007227.2684108629,1042909.2308806719,3584.5821399997594,1000000,1000000
2025-04-16T07:20:00.000+0000,1045099.7351495682,2769.6038399999597,1004380.6471126131,1045062.8777637279,3584.5821399997594,1000000,1000000
2025-04-16T07:30:00.000+0000,1048015.875889152,2769.6038399999597,1003428.2064683534,1047976.6353113916,3584.5821399997594,1000000,1000000
2025-04-16T07:40:00.000+0000,1046177.4393359359,2769.6038399999597,1004004.054009907,1046139.7012052556,3584.5821399997594,1000000,1000000
2025-04-16T07:50:00.000+0000,1046557.8055193602,2769.6038399999597,1002608.645849209,1046519.7565375603,3584.5821399997594,1000000,1000000
2025-04-16T08:00:00.000+0000,1056447.3262883844,2769.6038399999597,1000351.0709873866,1056401.1951774638,3584.5821399997594,1000000,1000000
2025-04-16T08:10:00.000+0000,1062089.4246758402,2769.6038399999597,997954.0622477529,1062038.68260664,3584.5821399997594,1000000,1000000
2025-04-16T08:20:00.000+0000,1051819.537723392,2769.6038399999597,999559.600504901,1051777.188634432,3584.5821399997594,1000000,1000000
2025-04-16T08:30:00.000+0000,1043578.270415872,2769.6038399999597,1006300.6049556975,1043542.6564345116,3584.5821399997594,1000000,1000000
2025-04-16T08:40:00.000+0000,1038126.3551201279,2769.6038399999597,1008553.5739699728,1038095.1966714875,3584.5821399997594,1000000,1000000
2025-04-16T08:50:00.000+0000,1043071.1155046402,2769.6038399999597,1007116.8774145135,1043035.9159914398,3584.5821399997594,1000000,1000000
2025-04-16T09:00:00.000+0000,1036097.7354752,2769.6038399999597,1008325.7190390008,1036068.2348991995,3584.5821399997594,1000000,1000000
2025-04-16T09:10:00.000+0000,1036161.1298391041,2769.6038399999597,1008675.7741834533,1036131.5774545838,3584.5821399997594,1000000,1000000
2025-04-16T09:20:00.000+0000,1037429.0171171842,2769.6038399999597,1007801.960351888,1037398.4285622638,3584.5821399997594,1000000,1000000
2025-04-16T09:30:00.000+0000,1039964.7916733441,2769.6038399999597,1007508.4951432877,1039932.1307776236,3584.5821399997594,1000000,1000000
2025-04-16T09:40:00.000+0000,1040852.3127680001,2769.6038399999597,1004678.3986051279,1040818.9265529998,3584.5821399997594,1000000,1000000
2025-04-16T09:50:00.000+0000,1046050.6506081282,2769.6038399999597,1004177.8254925419,1046013.0160944883,3584.5821399997594,1000000,1000000
2025-04-16T10:00:00.000+0000,1046367.622427648,2769.6038399999597,1004746.6223093568,1046329.7288714079,3584.5821399997594,1000000,1000000
2025-04-16T10:10:00.000+0000,1040281.7634928639,2769.6038399999597,1007335.6720279295,1040248.8435545438,3584.5821399997594,1000000,1000000
2025-04-16T10:20:00.000+0000,1035083.4256527361,2769.6038399999597,1009819.4139637266,1035054.7540130557,3584.5821399997594,1000000,1000000
2025-04-16T10:30:00.000+0000,1033625.3552829439,2769.6038399999597,1010637.17110581,1033597.8752392234,3584.5821399997594,1000000,1000000
2025-04-16T10:40:00.000+0000,1031723.524365824,2769.6038399999597,1010275.906397891,1031697.5985777039,3584.5821399997594,1000000,1000000
2025-04-16T10:50:00.000+0000,1029694.904720896,2769.6038399999597,1012338.0212669536,1029670.6368054155,3584.5821399997594,1000000,1000000
2025-04-16T11:00:00.000+0000,1025320.6936115201,2769.6038399999597,1011482.3875086361,1025300.0004839197,3584.5821399997594,1000000,1000000
2025-04-16T11:10:00.000+0000,1026271.60907008,2769.6038399999597,1012109.6474291065,1026250.1388146799,3584.5821399997594,1000000,1000000
2025-04-16T11:20:00.000+0000,1029885.0878126079,2769.6038399999597,1009514.8338619978,1029860.6644715677,3584.5821399997594,1000000,1000000
2025-04-16T11:30:00.000+0000,1032103.8905492481,2769.6038399999597,1008541.4413567479,1032077.6539100076,3584.5821399997594,1000000,1000000
2025-04-16T11:40:00.000+0000,1023926.0176056322,2769.6038399999597,1012265.9100667364,1023906.4642654719,3584.5821399997594,1000000,1000000
2025-04-16T11:50:00.000+0000,1024750.144336384,2769.6038399999597,1013937.2763547187,1024729.9174854634,3584.5821399997594,1000000,1000000
2025-04-16T12:00:00.000+0000,1024496.5668807679,2769.6038399999597,1013346.7417115949,1024476.5472639276,3584.5821399997594,1000000,1000000
2025-04-16T12:10:00.000+0000,1026271.60907008,2769.6038399999597,1012711.4762274182,1026250.1388146799,3584.5821399997594,1000000,1000000
2025-04-16T12:20:00.000+0000,1022531.3415997439,2769.6038399999597,1014463.9703283475,1022512.9280470235,3584.5821399997594,1000000,1000000
2025-04-16T12:30:00.000+0000,1021009.876866048,2769.6038399999597,1012528.3175131778,1020992.706717808,3584.5821399997594,1000000,1000000
2025-04-16T12:40:00.000+0000,1025003.721792,2769.6038399999597,1009527.2503149821,1024983.2877069999,3584.5821399997594,1000000,1000000
2025-04-16T12:50:00.000+0000,1027285.918892544,2769.6038399999597,1009138.1564918101,1027263.6197008238,3584.5821399997594,1000000,1000000
2025-04-16T13:00:00.000+0000,1032103.8905492481,2769.6038399999597,1008358.6624659838,1032077.6539100076,3584.5821399997594,1000000,1000000
2025-04-16T13:10:00.000+0000,1029631.5103569921,2769.6038399999597,1006548.7750575051,1029607.2942500316,3584.5821399997594,1000000,1000000
2025-04-16T13:20:00.000+0000,1023418.8626943999,2769.6038399999597,1006394.9551213803,1023399.7238223995,3584.5821399997594,1000000,1000000
2025-04-16T13:30:00.000+0000,1018157.130490368,2769.6038399999597,1006155.8047046596,1018142.2917255277,3584.5821399997594,1000000,1000000
2025-04-16T13:40:00.000+0000,1019805.383951872,2769.6038399999597,1009319.532134413,1019789.1981655117,3584.5821399997594,1000000,1000000
2025-04-16T13:50:00.000+0000,1025257.299247616,2769.6038399999597,1005335.4462997844,1025236.6579285357,3584.5821399997594,1000000,1000000
2025-04-16T14:00:00.000+0000,1021326.848685568,2769.6038399999597,1006652.6613987205,1021309.4194947275,3584.5821399997594,1000000,1000000
2025-04-16T14:10:00.000+0000,1019361.6234045441,2769.6038399999597,1008475.8300139314,1019345.8002778237,3584.5821399997594,1000000,1000000
2025-04-16T14:20:00.000+0000,1003513.032428544,2769.6038399999597,1012404.1993302524,1003510.1614318236,3584.5821399997594,1000000,1000000
2025-04-16T14:30:00.000+0000,995525.3425766401,2769.6038399999597,1018294.2030345317,995528.9994534398,3584.5821399997594,1000000,1000000
2025-04-16T14:40:00.000+0000,985192.0612602881,2769.6038399999597,1018665.4011650194,985204.1629258479,3584.5821399997594,1000000,1000000
2025-04-16T14:50:00.000+0000,982402.709248512,2769.6038399999597,1020729.1408885913,982417.090488952,3584.5821399997594,1000000,1000000
2025-04-16T15:00:00.000+0000,982022.343065088,2769.6038399999597,1021710.2153585725,982037.0351566479,3584.5821399997594,1000000,1000000
2025-04-16T15:10:00.000+0000,976316.850313728,2769.6038399999597,1022838.5717794455,976336.205172088,3584.5821399997594,1000000,1000000
2025-04-16T15:20:00.000+0000,971815.8504765441,2769.6038399999597,1025520.736172455,971838.8837398242,3584.5821399997594,1000000,1000000
2025-04-16T15:30:00.000+0000,983733.9908904961,2769.6038399999597,1027499.8534456554,983747.2841520159,3584.5821399997594,1000000,1000000
2025-04-16T15:40:00.000+0000,986586.7372661761,2769.6038399999597,1025278.4266926572,986597.699144296,3584.5821399997594,1000000,1000000
2025-04-16T15:50:00.000+0000,984367.934529536,2769.6038399999597,1023963.9597125112,984380.7097058559,3584.5821399997594,1000000,1000000
2025-04-16T16:00:00.000+0000,982909.864159744,2769.6038399999597,1024946.6739207988,982923.8309320238,3584.5821399997594,1000000,1000000
2025-04-16T16:10:00.000+0000,985255.455624192,2769.6038399999597,1024696.3782736604,985267.5054812318,3584.5821399997594,1000000,1000000
2025-04-16T16:20:00.000+0000,995018.187665408,2769.6038399999597,1022265.5140126538,995022.2590103676,3584.5821399997594,1000000,1000000
2025-04-16T16:30:00.000+0000,997363.7791298561,2769.6038399999597,1018295.3290887406,997365.9335595757,3584.5821399997594,1000000,1000000
2025-04-16T16:40:00.000+0000,997173.5960381441,2769.6038399999597,1019144.4407663895,997175.9058934238,3584.5821399997594,1000000,1000000
2025-04-16T16:50:00.000+0000,991975.2581980161,2769.6038399999597,1022929.2596678868,991981.816351936,3584.5821399997594,1000000,1000000
2025-04-16T17:00:00.000+0000,986523.3429022721,2769.6038399999597,1028423.099551985,986534.356588912,3584.5821399997594,1000000,1000000
2025-04-16T17:10:00.000+0000,980437.4839674882,2769.6038399999597,1027818.5132129567,980453.471272048,3584.5821399997594,1000000,1000000
2025-04-16T17:20:00.000+0000,978408.8643225601,2769.6038399999597,1033779.8552044036,978426.50949976,3584.5821399997594,1000000,1000000
2025-04-16T17:30:00.000+0000,983480.4134348801,2769.6038399999597,1025714.516416765,983493.9139304799,3584.5821399997594,1000000,1000000
2025-04-16T17:40:00.000+0000,1000596.8916889599,2769.6038399999597,1011126.8947949007,1000596.4038841593,3584.5821399997594,1000000,1000000
2025-04-16T17:50:00.000+0000,1018854.4684933122,2769.6038399999597,999331.2613765218,1018839.0598347516,3584.5821399997594,1000000,1000000
2025-04-16T18:00:00.000+0000,1006302.3844403201,2769.6038399999597,1002628.2775800729,1006297.2338687201,3584.5821399997594,1000000,1000000
2025-04-16T18:10:00.000+0000,994130.6665707522,2769.6038399999597,1008385.4708512754,994135.463234992,3584.5821399997594,1000000,1000000
2025-04-16T18:20:00.000+0000,989819.84982528,2769.6038399999597,1009930.9740885756,989828.1694688795,3584.5821399997594,1000000,1000000
2025-04-16T18:30:00.000+0000,991975.2581980161,2769.6038399999597,1013290.2268141208,991981.816351936,3584.5821399997594,1000000,1000000
2025-04-16T18:40:00.000+0000,1003703.215520256,2769.6038399999597,1010389.7181136456,1003700.1890979755,3584.5821399997594,1000000,1000000
2025-04-16T18:50:00.000+0000,999519.1875025921,2769.6038399999597,1012118.6117474139,999519.5804426319,3584.5821399997594,1000000,1000000
2025-04-16T19:00:00.000+0000,1002245.145150464,2769.6038399999597,1016594.5618188838,1002243.3103241439,3584.5821399997594,1000000,1000000
2025-04-16T19:10:00.000+0000,1009535.4969994241,2769.6038399999597,1016636.7722804998,1009527.7041933038,3584.5821399997594,1000000,1000000
2025-04-16T19:20:00.000+0000,1012324.8490112002,2769.6038399999597,1014218.8123537472,1012314.7766302,3584.5821399997594,1000000,1000000
2025-04-16T19:30:00.000+0000,1009789.0744550398,2769.6038399999597,1015249.1475644845,1009781.0744148397,3584.5821399997594,1000000,1000000
2025-04-16T19:40:00.000+0000,1001167.4409640963,2769.6038399999597,1020069.0407617991,1001166.486882616,3584.5821399997594,1000000,1000000
2025-04-16T19:50:00.000+0000,991975.2581980161,2769.6038399999597,1033240.4030365122,991981.816351936,3584.5821399997594,1000000,1000000
2025-04-16T20:00:00.000+0000,979930.3290562562,2769.6038399999597,1033283.8825106455,979946.7308289763,3584.5821399997594,1000000,1000000
2025-04-16T20:10:00.000+0000,971942.6392043522,2769.6038399999597,1034014.9018597382,971965.5688505919,3584.5821399997594,1000000,1000000
2025-04-16T20:20:00.000+0000,969660.4421038079,2769.6038399999597,1034805.1287396936,969685.2368567674,3584.5821399997594,1000000,1000000
2025-04-16T20:30:00.000+0000,970294.385742848,2769.6038399999597,1032839.6259223996,970318.6624106078,3584.5821399997594,1000000,1000000
2025-04-16T20:40:00.000+0000,979866.9346923521,2769.6038399999597,1029794.3655179942,979883.3882735919,3584.5821399997594,1000000,1000000
2025-04-16T20:50:00.000+0000,981325.0050621441,2769.6038399999597,1027488.3246487079,981340.2670474238,3584.5821399997594,1000000,1000000
2025-04-16T21:00:00.000+0000,984431.32889344,2769.6038399999597,1027704.7653180136,984444.0522612395,3584.5821399997594,1000000,1000000
2025-04-16T21:10:00.000+0000,978218.6812308482,2769.6038399999597,1031477.288084858,978236.4818336078,3584.5821399997594,1000000,1000000
2025-04-16T21:20:00.000+0000,974985.5686717439,2769.6038399999597,1034249.4835894976,975006.0115090235,3584.5821399997594,1000000,1000000
2025-04-16T21:30:00.000+0000,972449.794115584,2769.6038399999597,1033623.956451761,972472.3092936638,3584.5821399997594,1000000,1000000
2025-04-16T21:40:00.000+0000,974795.385580032,2769.6038399999597,1033892.2057633542,974815.9838428717,3584.5821399997594,1000000,1000000
2025-04-16T21:50:00.000+0000,967695.2168227839,2769.6038399999597,1035312.9743718023,967721.6176398639,3584.5821399997594,1000000,1000000
2025-04-16T22:00:00.000+0000,966934.4844559361,2769.6038399999597,1034196.6614743092,966961.506975256,3584.5821399997594,1000000,1000000
2025-04-16T22:10:00.000+0000,967631.8224588801,2769.6038399999597,1032606.5824509957,967658.2750844797,3584.5821399997594,1000000,1000000
2025-04-16T22:20:00.000+0000,968392.554825728,2769.6038399999597,1031954.865736168,968418.3857490876,3584.5821399997594,1000000,1000000
2025-04-16T22:30:00.000+0000,966934.4844559361,2769.6038399999597,1031477.6333827169,966961.506975256,3584.5821399997594,1000000,1000000
2025-04-16T22:40:00.000+0000,965476.414086144,2769.6038399999597,1034203.1047548403,965504.6282014238,3584.5821399997594,1000000,1000000
2025-04-16T22:50:00.000+0000,963067.428257792,2769.6038399999597,1033056.6579030768,963097.6110968316,3584.5821399997594,1000000,1000000
2025-04-16T23:00:00.000+0000,967568.4280949762,2769.6038399999597,1030618.8449353499,967594.9325290956,3584.5821399997594,1000000,1000000
2025-04-16T23:10:00.000+0000,975175.7517634559,2769.6038399999597,1029580.1265447435,975196.0391751757,3584.5821399997594,1000000,1000000
2025-04-16T23:20:00.000+0000,982402.709248512,2769.6038399999597,1028606.0772873119,982417.090488952,3584.5821399997594,1000000,1000000
2025-04-16T23:30:00.000+0000,990200.2160087039,2769.6038399999597,1025695.6346144916,990208.2248011833,3584.5821399997594,1000000,1000000
2025-04-16T23:40:00.000+0000,989185.90618624,2769.6038399999597,1025633.0625353318,989194.74391504,3584.5821399997594,1000000,1000000
2025-04-16T23:50:00.000+0000,991404.70892288,2769.6038399999597,1027150.3933213784,991411.7333534796,3584.5821399997594,1000000,1000000
2025-04-17T00:00:00.000+0000,994194.0609346561,2769.6038399999597,1025638.7315784879,994198.8057903759,3584.5821399997594,1000000,1000000
2025-04-17T00:10:00.000+0000,995969.1031239682,2769.6038399999597,1026321.7059430201,995972.397341128,3584.5821399997594,1000000,1000000
2025-04-17T00:20:00.000+0000,999329.0044108802,2769.6038399999597,1025350.8619959913,999329.5527764797,3584.5821399997594,1000000,1000000
2025-04-17T00:30:00.000+0000,986016.1879910401,2769.6038399999597,1027361.2240976362,986027.6161458397,3584.5821399997594,1000000,1000000
2025-04-17T00:40:00.000+0000,982909.864159744,2769.6038399999597,1027780.5953153234,982923.8309320238,3584.5821399997594,1000000,1000000
2025-04-17T00:50:00.000+0000,979169.5966894081,2769.6038399999597,1028239.7047022539,979186.6201643678,3584.5821399997594,1000000,1000000
2025-04-17T01:00:00.000+0000,975492.7235829761,2769.6038399999597,1028596.9519401806,975512.7519520958,3584.5821399997594,1000000,1000000
2025-04-17T01:10:00.000+0000,969026.498464768,2769.6038399999597,1030980.1451298969,969051.8113029277,3584.5821399997594,1000000,1000000
2025-04-17T01:20:00.000+0000,969533.653376,2769.6038399999597,1031134.2276462604,969558.5517459997,3584.5821399997594,1000000,1000000
2025-04-17T01:30:00.000+0000,967822.005550592,2769.6038399999597,1031784.7351745246,967848.3027506314,3584.5821399997594,1000000,1000000
2025-04-17T01:40:00.000+0000,968709.5266452479,2769.6038399999597,1030493.2119066212,968735.0985260071,3584.5821399997594,1000000,1000000
2025-04-17T01:50:00.000+0000,971245.3012014081,2769.6038399999597,1029635.9525329275,971268.8007413681,3584.5821399997594,1000000,1000000
2025-04-17T02:00:00.000+0000,978472.258686464,2769.6038399999597,1030354.7035902033,978489.852055144,3584.5821399997594,1000000,1000000
2025-04-17T02:10:00.000+0000,980691.0614231039,2769.6038399999597,1026978.2807443812,980706.8414935839,3584.5821399997594,1000000,1000000
2025-04-17T02:20:00.000+0000,980564.2726952961,2769.6038399999597,1025645.4025667456,980580.1563828157,3584.5821399997594,1000000,1000000
2025-04-17T02:30:00.000+0000,979549.9628728321,2769.6038399999597,1026921.7097565593,979566.6754966717,3584.5821399997594,1000000,1000000
2025-04-17T02:40:00.000+0000,985952.7936271362,2769.6038399999597,1028046.769254604,985964.2735904556,3584.5821399997594,1000000,1000000
2025-04-17T02:50:00.000+0000,986079.582354944,2769.6038399999597,1028508.0627056754,986090.9587012238,3584.5821399997594,1000000,1000000
2025-04-17T03:00:00.000+0000,982402.709248512,2769.6038399999597,1029691.5180178552,982417.090488952,3584.5821399997594,1000000,1000000
2025-04-17T03:10:00.000+0000,980881.244514816,2769.6038399999597,1027379.2757131404,980896.8691597356,3584.5821399997594,1000000,1000000
2025-04-17T03:20:00.000+0000,984875.089440768,2769.6038399999597,1021916.8408817836,984887.4501489276,3584.5821399997594,1000000,1000000
2025-04-17T03:30:00.000+0000,1001991.567694848,2769.6038399999597,1022093.4333621939,1001989.9401026076,3584.5821399997594,1000000,1000000
2025-04-17T03:40:00.000+0000,1000596.8916889599,2769.6038399999597,1021846.5083846499,1000596.4038841593,3584.5821399997594,1000000,1000000
2025-04-17T03:50:00.000+0000,998504.8776801282,2769.6038399999597,1024056.3401702122,998506.0995564879,3584.5821399997594,1000000,1000000
2025-04-17T04:00:00.000+0000,997744.1453132802,2769.6038399999597,1023891.5196476439,997745.9888918799,3584.5821399997594,1000000,1000000
2025-04-17T04:10:00.000+0000,996603.046763008,2769.6038399999597,1023554.5205075964,996605.8228949674,3584.5821399997594,1000000,1000000
2025-04-17T04:20:00.000+0000,998695.0607718398,2769.6038399999597,1023942.0385731426,998696.1272226397,3584.5821399997594,1000000,1000000
2025-04-17T04:30:00.000+0000,1001104.046600192,2769.6038399999597,1024063.2772594013,1001103.1443272316,3584.5821399997594,1000000,1000000
2025-04-17T04:40:00.000+0000,999392.3987747842,2769.6038399999597,1024576.9837417922,999392.8953318638,3584.5821399997594,1000000,1000000
2025-04-17T04:50:00.000+0000,987664.441452544,2769.6038399999597,1028773.170915819,987674.5225858237,3584.5821399997594,1000000,1000000
2025-04-17T05:00:00.000+0000,980057.1177840641,2769.6038399999597,1029496.7305632182,980073.4159397439,3584.5821399997594,1000000,1000000
2025-04-17T05:10:00.000+0000,976507.03340544,2769.6038399999597,1031367.7475588922,976526.2328382398,3584.5821399997594,1000000,1000000
2025-04-17T05:20:00.000+0000,975175.7517634559,2769.6038399999597,1033078.3266500228,975196.0391751757,3584.5821399997594,1000000,1000000
2025-04-17T05:30:00.000+0000,974541.808124416,2769.6038399999597,1034401.2854347893,974562.6136213361,3584.5821399997594,1000000,1000000
2025-04-17T05:40:00.000+0000,970547.963198464,2769.6038399999597,1038225.0791248195,970572.0326321436,3584.5821399997594,1000000,1000000
2025-04-17T05:50:00.000+0000,970674.7519262722,2769.6038399999597,1037734.1455281356,970698.7177429119,3584.5821399997594,1000000,1000000
2025-04-17T06:00:00.000+0000,969723.8364677121,2769.6038399999597,1037612.8988375067,969748.5794121516,3584.5821399997594,1000000,1000000
2025-04-17T06:10:00.000+0000,964842.4704471041,2769.6038399999597,1037635.3315375941,964871.2026475834,3584.5821399997594,1000000,1000000
2025-04-17T06:20:00.000+0000,964462.1042636802,2769.6038399999597,1039418.808557864,964491.1473152798,3584.5821399997594,1000000,1000000
2025-04-17T06:30:00.000+0000,958946.7946040318,2769.6038399999597,1042017.660532982,958980.3449968713,3584.5821399997594,1000000,1000000
2025-04-17T06:40:00.000+0000,958249.456601088,2769.6038399999597,1043405.8792523555,958283.5768876476,3584.5821399997594,1000000,1000000
2025-04-17T06:50:00.000+0000,955967.259500544,2769.6038399999597,1044077.4019827829,956003.2448938238,3584.5821399997594,1000000,1000000
2025-04-17T07:00:00.000+0000,954509.1891307523,2769.6038399999597,1041884.4803667536,954546.366119992,3584.5821399997594,1000000,1000000
2025-04-17T07:10:00.000+0000,959327.1607874561,2769.6038399999597,1041448.6639527171,959360.400329176,3584.5821399997594,1000000,1000000
2025-04-17T07:20:00.000+0000,958376.2453288962,2769.6038399999597,1043099.8946905268,958410.261998416,3584.5821399997594,1000000,1000000
2025-04-17T07:30:00.000+0000,945063.4289090561,2769.6038399999597,1045984.0253799956,945108.3253677756,3584.5821399997594,1000000,1000000
2025-04-17T07:40:00.000+0000,946331.3161871361,2769.6038399999597,1043212.5782399639,946375.1764754559,3584.5821399997594,1000000,1000000
2025-04-17T07:50:00.000+0000,948803.6963793921,2769.6038399999597,1041874.4647564217,948845.5361354318,3584.5821399997594,1000000,1000000
2025-04-17T08:00:00.000+0000,941766.9219860481,2769.6038399999597,1043095.4606875447,941814.5124878081,3584.5821399997594,1000000,1000000
2025-04-17T08:10:00.000+0000,942464.2599889921,2769.6038399999597,1042945.8296121687,942511.2805970317,3584.5821399997594,1000000,1000000
2025-04-17T08:20:00.000+0000,944239.302178304,2769.6038399999597,1041256.8778738864,944284.8721477835,3584.5821399997594,1000000,1000000
2025-04-17T08:30:00.000+0000,942908.0205363199,2769.6038399999597,1040822.2044529456,942954.6784847195,3584.5821399997594,1000000,1000000
2025-04-17T08:40:00.000+0000,943288.386719744,2769.6038399999597,1040142.8526002042,943334.7338170237,3584.5821399997594,1000000,1000000
2025-04-17T08:50:00.000+0000,952860.9356692481,2769.6038399999597,1037729.2210225989,952899.4596800078,3584.5821399997594,1000000,1000000
2025-04-17T09:00:00.000+0000,952860.9356692481,2769.6038399999597,1035631.0465005224,952899.4596800078,3584.5821399997594,1000000,1000000
2025-04-17T09:10:00.000+0000,955206.5271336961,2769.6038399999597,1035587.450642722,955243.134229216,3584.5821399997594,1000000,1000000
2025-04-17T09:20:00.000+0000,950451.9498408963,2769.6038399999597,1036404.9873034006,950492.4425754158,3584.5821399997594,1000000,1000000
2025-04-17T09:30:00.000+0000,954699.3722224638,2769.6038399999597,1036118.7860746218,954736.3937861437,3584.5821399997594,1000000,1000000
2025-04-17T09:40:00.000+0000,948613.5132876801,2769.6038399999597,1038388.6727247332,948655.5084692797,3584.5821399997594,1000000,1000000
2025-04-17T09:50:00.000+0000,948106.358376448,2769.6038399999597,1038071.3774609086,948148.7680262079,3584.5821399997594,1000000,1000000
2025-04-17T10:00:00.000+0000,945570.5838202881,2769.6038399999597,1038046.7526723917,945615.0658108478,3584.5821399997594,1000000,1000000
2025-04-17T10:10:00.000+0000,945950.9500037122,2769.6038399999597,1034609.6289568532,945995.1211431518,3584.5821399997594,1000000,1000000
2025-04-17T10:20:00.000+0000,954445.7947668481,2769.6038399999597,1035642.1279531401,954483.0235646075,3584.5821399997594,1000000,1000000
2025-04-17T10:30:00.000+0000,952924.3300331521,2769.6038399999597,1035812.3695235748,952962.8022353918,3584.5821399997594,1000000,1000000
2025-04-17T10:40:00.000+0000,950768.9216604161,2769.6038399999597,1035465.7535529123,950809.1553523359,3584.5821399997594,1000000,1000000
2025-04-17T10:50:00.000+0000,950705.5272965119,2769.6038399999597,1035853.873031101,950745.8127969519,3584.5821399997594,1000000,1000000
2025-04-17T11:00:00.000+0000,947409.020373504,2769.6038399999597,1037092.2231868419,947451.9999169837,3584.5821399997594,1000000,1000000
2025-04-17T11:10:00.000+0000,948296.54146816,2769.6038399999597,1034220.445603711,948338.7956923596,3584.5821399997594,1000000,1000000
2025-04-17T11:20:00.000+0000,943605.3585392642,2769.6038399999597,1035386.9886576667,943651.4465939441,3584.5821399997594,1000000,1000000
2025-04-17T11:30:00.000+0000,940245.457252352,2769.6038399999597,1036023.5950551529,940294.2911585916,3584.5821399997594,1000000,1000000
2025-04-17T11:40:00.000+0000,931560.429397504,2769.6038399999597,1037566.8299491222,931616.3610709838,3584.5821399997594,1000000,1000000
2025-04-17T11:50:00.000+0000,933652.4434063361,2769.6038399999597,1037367.522904407,933706.6653986557,3584.5821399997594,1000000,1000000
2025-04-17T12:00:00.000+0000,938216.837607424,2769.6038399999597,1037351.0473535869,938267.3293863038,3584.5821399997594,1000000,1000000
2025-04-17T12:10:00.000+0000,941259.767074816,2769.6038399999597,1038600.4824681929,941307.7720447358,3584.5821399997594,1000000,1000000
2025-04-17T12:20:00.000+0000,933715.8377702399,2769.6038399999597,1041291.2353179376,933770.0079540396,3584.5821399997594,1000000,1000000
2025-04-17T12:30:00.000+0000,931814.00685312,2769.6038399999597,1040821.9893401812,931869.7312925196,3584.5821399997594,1000000,1000000
2025-04-17T12:40:00.000+0000,931497.0350335999,2769.6038399999597,1041514.3969717917,931553.0185155998,3584.5821399997594,1000000,1000000
2025-04-17T12:50:00.000+0000,932130.9786726399,2769.6038399999597,1042085.5686480794,932186.4440694397,3584.5821399997594,1000000,1000000
2025-04-17T13:00:00.000+0000,932891.7110394881,2769.6038399999597,1039215.3552023065,932946.5547340477,3584.5821399997594,1000000,1000000
2025-04-17T13:10:00.000+0000,936695.3728737279,2769.6038399999597,1037151.7838143161,936747.1080570879,3584.5821399997594,1000000,1000000
2025-04-17T13:20:00.000+0000,941069.5839831039,2769.6038399999597,1037886.5986013727,941117.7443785836,3584.5821399997594,1000000,1000000
2025-04-17T13:30:00.000+0000,943478.569811456,2769.6038399999597,1035049.0981294755,943524.7614831758,3584.5821399997594,1000000,1000000
2025-04-17T13:40:00.000+0000,949057.2738350081,2769.6038399999597,1035413.7993789525,949098.9063569676,3584.5821399997594,1000000,1000000
2025-04-17T13:50:00.000+0000,946331.3161871361,2769.6038399999597,1035602.350444126,946375.1764754559,3584.5821399997594,1000000,1000000
2025-04-17T14:00:00.000+0000,947472.414737408,2769.6038399999597,1029534.3236893248,947515.3424723678,3584.5821399997594,1000000,1000000
2025-04-17T14:10:00.000+0000,959644.1326069761,2769.6038399999597,1027709.9815209296,959677.1131060958,3584.5821399997594,1000000,1000000
2025-04-17T14:20:00.000+0000,960468.259337728,2769.6038399999597,1026446.3542211727,960500.5663260877,3584.5821399997594,1000000,1000000
2025-04-17T14:30:00.000+0000,969026.498464768,2769.6038399999597,1022036.1797104743,969051.8113029277,3584.5821399997594,1000000,1000000
2025-04-17T14:40:00.000+0000,961989.7240714241,2769.6038399999597,1024264.8569825259,962020.787655304,3584.5821399997594,1000000,1000000
2025-04-17T14:50:00.000+0000,965920.1746334721,2769.6038399999597,1025217.4273807264,965948.0260891119,3584.5821399997594,1000000,1000000
2025-04-17T15:00:00.000+0000,960404.8649738242,2769.6038399999597,1026771.4483941181,960437.2237707037,3584.5821399997594,1000000,1000000
2025-04-17T15:10:00.000+0000,951973.4145745921,2769.6038399999597,1032141.6685850346,952012.6639046317,3584.5821399997594,1000000,1000000
2025-04-17T15:20:00.000+0000,954445.7947668481,2769.6038399999597,1030629.2682264392,954483.0235646075,3584.5821399997594,1000000,1000000
2025-04-17T15:30:00.000+0000,946458.104914944,2769.6038399999597,1032416.8553155297,946501.8615862237,3584.5821399997594,1000000,1000000
2025-04-17T15:40:00.000+0000,947409.020373504,2769.6038399999597,1034329.8924141144,947451.9999169837,3584.5821399997594,1000000,1000000
2025-04-17T15:50:00.000+0000,946775.0767344639,2769.6038399999597,1035614.4637008221,946818.5743631435,3584.5821399997594,1000000,1000000
2025-04-17T16:00:00.000+0000,938914.1756103679,2769.6038399999597,1032646.2632263724,938964.0974955276,3584.5821399997594,1000000,1000000
2025-04-17T16:10:00.000+0000,937709.6826961921,2769.6038399999597,1036159.3960409726,937760.588943232,3584.5821399997594,1000000,1000000
2025-04-17T16:20:00.000+0000,937519.4996044801,2769.6038399999597,1040770.6253027542,937570.56127708,3584.5821399997594,1000000,1000000
2025-04-17T16:30:00.000+0000,936505.189782016,2769.6038399999597,1044532.8695602613,936557.0803909359,3584.5821399997594,1000000,1000000
2025-04-17T16:40:00.000+0000,943795.5416309761,2769.6038399999597,1041773.0864498462,943841.4742600957,3584.5821399997594,1000000,1000000
2025-04-17T16:50:00.000+0000,943224.9923558402,2769.6038399999597,1043106.2077887,943271.3912616401,3584.5821399997594,1000000,1000000
2025-04-17T17:00:00.000+0000,935807.8517790722,2769.6038399999597,1043410.0672418249,935860.3122817118,3584.5821399997594,1000000,1000000
2025-04-17T17:10:00.000+0000,934032.8095897601,2769.6038399999597,1045662.076053966,934086.7207309598,3584.5821399997594,1000000,1000000
2025-04-17T17:20:00.000+0000,938026.6545157123,2769.6038399999597,1044487.0054777523,938077.3017201519,3584.5821399997594,1000000,1000000
2025-04-17T17:30:00.000+0000,937519.4996044801,2769.6038399999597,1047715.7377109951,937570.56127708,3584.5821399997594,1000000,1000000
2025-04-17T17:40:00.000+0000,933842.6264980482,2769.6038399999597,1046405.2661577987,933896.6930648079,3584.5821399997594,1000000,1000000
2025-04-17T17:50:00.000+0000,931306.851941888,2769.6038399999597,1049463.311553583,931362.9908494473,3584.5821399997594,1000000,1000000
2025-04-17T18:00:00.000+0000,931623.8237614081,2769.6038399999597,1048456.7606018165,931679.703626368,3584.5821399997594,1000000,1000000
2025-04-17T18:10:00.000+0000,923002.1902704639,2769.6038399999597,1050466.1135312761,923065.1160941436,3584.5821399997594,1000000,1000000
2025-04-17T18:20:00.000+0000,921417.3311728641,2769.6038399999597,1049209.2236415166,921481.5522095435,3584.5821399997594,1000000,1000000
2025-04-17T18:30:00.000+0000,922685.218450944,2769.6038399999597,1049161.0929602096,922748.4033172235,3584.5821399997594,1000000,1000000
2025-04-17T18:40:00.000+0000,917740.458066432,2769.6038399999597,1046865.3622681105,917807.6839972717,3584.5821399997594,1000000,1000000
2025-04-17T18:50:00.000+0000,926615.6690129921,2769.6038399999597,1043568.7588774747,926675.6417510316,3584.5821399997594,1000000,1000000
2025-04-17T19:00:00.000+0000,927820.1619271679,2769.6038399999597,1044759.329909605,927879.1503033276,3584.5821399997594,1000000,1000000
2025-04-17T19:10:00.000+0000,936695.3728737279,2769.6038399999597,1037687.1359717606,936747.1080570879,3584.5821399997594,1000000,1000000
2025-04-17T19:20:00.000+0000,947092.048553984,2769.6038399999597,1034540.6356675708,947135.2871400638,3584.5821399997594,1000000,1000000
2025-04-17T19:30:00.000+0000,947599.203465216,2769.6038399999597,1031321.4267721805,947642.027583136,3584.5821399997594,1000000,1000000
2025-04-17T19:40:00.000+0000,948106.358376448,2769.6038399999597,1033969.4465450677,948148.7680262079,3584.5821399997594,1000000,1000000
2025-04-17T19:50:00.000+0000,944619.6683617281,2769.6038399999597,1033599.0427194554,944664.9274800876,3584.5821399997594,1000000,1000000
2025-04-17T20:00:00.000+0000,938914.1756103679,2769.6038399999597,1037337.7617077247,938964.0974955276,3584.5821399997594,1000000,1000000
2025-04-17T20:10:00.000+0000,937202.52778496,2769.6038399999597,1038797.2425326766,937253.8485001598,3584.5821399997594,1000000,1000000
2025-04-17T20:20:00.000+0000,936822.1616015359,2769.6038399999597,1040348.1465591704,936873.7931678559,3584.5821399997594,1000000,1000000
2025-04-17T20:30:00.000+0000,935110.5137761282,2769.6038399999597,1039108.0600075345,935163.544172488,3584.5821399997594,1000000,1000000
2025-04-17T20:40:00.000+0000,928454.1055662081,2769.6038399999597,1038633.0713303504,928512.575857168,3584.5821399997594,1000000,1000000
2025-04-17T20:50:00.000+0000,923128.9789982721,2769.6038399999597,1042231.8292232668,923191.8012049118,3584.5821399997594,1000000,1000000
2025-04-17T21:00:00.000+0000,926488.880285184,2769.6038399999597,1040357.0323355892,926548.9566402638,3584.5821399997594,1000000,1000000
2025-04-17T21:10:00.000+0000,924587.049368064,2769.6038399999597,1040382.3638354784,924648.6799787438,3584.5821399997594,1000000,1000000
2025-04-17T21:20:00.000+0000,924143.288820736,2769.6038399999597,1039121.2354390735,924205.2820910554,3584.5821399997594,1000000,1000000
2025-04-17T21:30:00.000+0000,922304.8522675199,2769.6038399999597,1040196.5172685272,922368.3479849197,3584.5821399997594,1000000,1000000
2025-04-17T21:40:00.000+0000,916789.542607872,2769.6038399999597,1040682.5525512084,916857.5456665119,3584.5821399997594,1000000,1000000
2025-04-17T21:50:00.000+0000,912098.3596789761,2769.6038399999597,1042056.2922692817,912170.1965680957,3584.5821399997594,1000000,1000000
2025-04-17T22:00:00.000+0000,913049.2751375359,2769.6038399999597,1040924.8814273716,913120.3348988557,3584.5821399997594,1000000,1000000
2025-04-17T22:10:00.000+0000,912542.120226304,2769.6038399999597,1042499.6068480299,912613.5944557837,3584.5821399997594,1000000,1000000
2025-04-17T22:20:00.000+0000,913429.6413209599,2769.6038399999597,1041359.5798333809,913500.3902311596,3584.5821399997594,1000000,1000000
2025-04-17T22:30:00.000+0000,912098.3596789761,2769.6038399999597,1040191.654116913,912170.1965680957,3584.5821399997594,1000000,1000000
2025-04-17T22:40:00.000+0000,911844.78222336,2769.6038399999597,1039085.0657581973,911916.8263465599,3584.5821399997594,1000000,1000000
2025-04-17T22:50:00.000+0000,918120.824249856,2769.6038399999597,1036149.8580386231,918187.7393295758,3584.5821399997594,1000000,1000000
2025-04-17T23:00:00.000+0000,910069.740034048,2769.6038399999597,1037476.9421201658,910143.2347958079,3584.5821399997594,1000000,1000000
2025-04-17T23:10:00.000+0000,904237.4585548799,2769.6038399999597,1039684.6616182844,904315.7197004796,3584.5821399997594,1000000,1000000
2025-04-17T23:20:00.000+0000,902779.388185088,2769.6038399999597,1041033.1407282033,902858.8409266479,3584.5821399997594,1000000,1000000
2025-04-17T23:30:00.000+0000,903603.5149158402,2769.6038399999597,1040733.8687153992,903682.2941466399,3584.5821399997594,1000000,1000000
2025-04-17T23:40:00.000+0000,910640.2893091841,2769.6038399999597,1039731.6804327795,910713.317794264,3584.5821399997594,1000000,1000000
2025-04-17T23:50:00.000+0000,908167.9091169281,2769.6038399999597,1040532.3429740123,908242.958134288,3584.5821399997594,1000000,1000000
2025-04-18T00:00:00.000+0000,904934.7965578241,2769.6038399999597,1039742.0598750289,905012.4878097039,3584.5821399997594,1000000,1000000
2025-04-18T00:10:00.000+0000,903730.303643648,2769.6038399999597,1038633.0591774883,903808.979257408,3584.5821399997594,1000000,1000000
2025-04-18T00:20:00.000+0000,906646.444383232,2769.6038399999597,1038281.2539254456,906722.7368050719,3584.5821399997594,1000000,1000000
2025-04-18T00:30:00.000+0000,913683.218776576,2769.6038399999597,1038873.8785991435,913753.7604526957,3584.5821399997594,1000000,1000000
2025-04-18T00:40:00.000+0000,917550.2749747202,2769.6038399999597,1037436.2958076159,917617.6563311198,3584.5821399997594,1000000,1000000
2025-04-18T00:50:00.000+0000,917677.0637025279,2769.6038399999597,1036969.9670478342,917744.3414418877,3584.5821399997594,1000000,1000000
2025-04-18T01:00:00.000+0000,913746.6131404801,2769.6038399999597,1037751.6780230629,913817.1030080797,3584.5821399997594,1000000,1000000
2025-04-18T01:10:00.000+0000,909309.0076672,2769.6038399999597,1043149.8296831998,909383.1241312,3584.5821399997594,1000000,1000000
2025-04-18T01:20:00.000+0000,906329.4725637122,2769.6038399999597,1042738.4990956399,906406.024028152,3584.5821399997594,1000000,1000000
2025-04-18T01:30:00.000+0000,905695.528924672,2769.6038399999597,1042662.3314216087,905772.5984743116,3584.5821399997594,1000000,1000000
2025-04-18T01:40:00.000+0000,909499.1907589121,2769.6038399999597,1040734.3677830466,909573.1517973518,3584.5821399997594,1000000,1000000
2025-04-18T01:50:00.000+0000,910133.1343979519,2769.6038399999597,1040734.8426264924,910206.5773511918,3584.5821399997594,1000000,1000000
2025-04-18T02:00:00.000+0000,910323.3174896641,2769.6038399999597,1039642.14334987,910396.6050173438,3584.5821399997594,1000000,1000000
2025-04-18T02:10:00.000+0000,910640.2893091841,2769.6038399999597,1039680.1718446098,910713.317794264,3584.5821399997594,1000000,1000000
2025-04-18T02:20:00.000+0000,902906.1769128962,2769.6038399999597,1040520.3620309386,902985.5260374158,3584.5821399997594,1000000,1000000
2025-04-18T02:30:00.000+0000,901448.1065431039,2769.6038399999597,1041353.6918395254,901528.6472635836,3584.5821399997594,1000000,1000000
2025-04-18T02:40:00.000+0000,896376.5574307841,2769.6038399999597,1041883.5309733632,896461.2428328636,3584.5821399997594,1000000,1000000
2025-04-18T02:50:00.000+0000,890924.6421350401,2769.6038399999597,1043029.9065954691,891013.7830698399,3584.5821399997594,1000000,1000000
2025-04-18T03:00:00.000+0000,897517.655981056,2769.6038399999597,1040097.6205693376,897601.4088297756,3584.5821399997594,1000000,1000000
2025-04-18T03:10:00.000+0000,898278.3883479042,2769.6038399999597,1040394.8787050289,898361.5194943837,3584.5821399997594,1000000,1000000
2025-04-18T03:20:00.000+0000,897327.4728893441,2769.6038399999597,1038608.2423961462,897411.3811636236,3584.5821399997594,1000000,1000000
2025-04-18T03:30:00.000+0000,910069.740034048,2769.6038399999597,1038417.76818406,910143.2347958079,3584.5821399997594,1000000,1000000
2025-04-18T03:40:00.000+0000,911591.204767744,2769.6038399999597,1039763.7706221052,911663.4561250238,3584.5821399997594,1000000,1000000
2025-04-18T03:50:00.000+0000,908675.06402816,2769.6038399999597,1040086.1965415864,908749.6985773599,3584.5821399997594,1000000,1000000
2025-04-18T04:00:00.000+0000,907914.331661312,2769.6038399999597,1037419.0083172695,907989.5879127518,3584.5821399997594,1000000,1000000
2025-04-18T04:10:00.000+0000,917803.8524303362,2769.6038399999597,1035885.9584570567,917871.026552656,3584.5821399997594,1000000,1000000
2025-04-18T04:20:00.000+0000,913366.2469570561,2769.6038399999597,1037126.6096103813,913437.0476757758,3584.5821399997594,1000000,1000000
2025-04-18T04:30:00.000+0000,911464.416039936,2769.6038399999597,1037282.767588789,911536.7710142559,3584.5821399997594,1000000,1000000
2025-04-18T04:40:00.000+0000,914634.1342351361,2769.6038399999597,1037105.3724948117,914703.898783456,3584.5821399997594,1000000,1000000
2025-04-18T04:50:00.000+0000,917994.0355220481,2769.6038399999597,1036866.5090854126,918061.0542188078,3584.5821399997594,1000000,1000000
2025-04-18T05:00:00.000+0000,920656.598806016,2769.6038399999597,1036510.8156806917,920721.4415449357,3584.5821399997594,1000000,1000000
2025-04-18T05:10:00.000+0000,925030.8099153918,2769.6038399999597,1036204.0894425098,925092.0778664314,3584.5821399997594,1000000,1000000
2025-04-18T05:20:00.000+0000,928897.866113536,2769.6038399999597,1034453.0171320101,928955.9737448557,3584.5821399997594,1000000,1000000
2025-04-18T05:30:00.000+0000,927629.978835456,2769.6038399999597,1034170.5778136887,927689.1226371756,3584.5821399997594,1000000,1000000
2025-04-18T05:40:00.000+0000,921734.302992384,2769.6038399999597,1036460.159572049,921798.2649864637,3584.5821399997594,1000000,1000000
2025-04-18T05:50:00.000+0000,917360.091883008,2769.6038399999597,1037152.4074222245,917427.6286649676,3584.5821399997594,1000000,1000000
2025-04-18T06:00:00.000+0000,916916.3313356801,2769.6038399999597,1036454.9810287112,916984.2307772799,3584.5821399997594,1000000,1000000
2025-04-18T06:10:00.000+0000,908738.4583920641,2769.6038399999597,1037513.5663776048,908813.0411327438,3584.5821399997594,1000000,1000000
2025-04-18T06:20:00.000+0000,912098.3596789761,2769.6038399999597,1037043.6714265009,912170.1965680957,3584.5821399997594,1000000,1000000
2025-04-18T06:30:00.000+0000,916852.9369717762,2769.6038399999597,1035101.4481946453,916920.8882218959,3584.5821399997594,1000000,1000000
2025-04-18T06:40:00.000+0000,916345.7820605442,2769.6038399999597,1035536.6920143315,916414.147778824,3584.5821399997594,1000000,1000000
2025-04-18T06:50:00.000+0000,908738.4583920641,2769.6038399999597,1036333.3800467137,908813.0411327438,3584.5821399997594,1000000,1000000
2025-04-18T07:00:00.000+0000,906139.2894720001,2769.6038399999597,1037975.0032833661,906215.9963619998,3584.5821399997594,1000000,1000000
2025-04-18T07:10:00.000+0000,909055.4302115841,2769.6038399999597,1037250.1097433616,909129.7539096638,3584.5821399997594,1000000,1000000
2025-04-18T07:20:00.000+0000,913936.7962321921,2769.6038399999597,1035381.7558209477,914007.1306742318,3584.5821399997594,1000000,1000000
2025-04-18T07:30:00.000+0000,916535.9651522562,2769.6038399999597,1037819.1281383964,916604.1754449757,3584.5821399997594,1000000,1000000
2025-04-18T07:40:00.000+0000,919325.317164032,2769.6038399999597,1039138.4621088537,919391.2478818718,3584.5821399997594,1000000,1000000
2025-04-18T07:50:00.000+0000,918184.2186137601,2769.6038399999597,1039818.7889605316,918251.0818849597,3584.5821399997594,1000000,1000000
2025-04-18T08:00:00.000+0000,915014.5004185601,2769.6038399999597,1041249.9504946519,915083.95411576,3584.5821399997594,1000000,1000000
2025-04-18T08:10:00.000+0000,915077.8947824639,2769.6038399999597,1041436.3606624438,915147.2966711436,3584.5821399997594,1000000,1000000
2025-04-18T08:20:00.000+0000,911717.9934955521,2769.6038399999597,1041852.3484797706,911790.141235792,3584.5821399997594,1000000,1000000
2025-04-18T08:30:00.000+0000,918057.429885952,2769.6038399999597,1041540.9523934425,918124.3967741919,3584.5821399997594,1000000,1000000
2025-04-18T08:40:00.000+0000,919198.5284362241,2769.6038399999597,1042052.3667394542,919264.5627711037,3584.5821399997594,1000000,1000000
2025-04-18T08:50:00.000+0000,921227.1480811521,2769.6038399999597,1039773.4592094992,921291.5245433918,3584.5821399997594,1000000,1000000
2025-04-18T09:00:00.000+0000,920276.2326225919,2769.6038399999597,1039756.7215267757,920341.3862126317,3584.5821399997594,1000000,1000000
2025-04-18T09:10:00.000+0000,919578.8946196481,2769.6038399999597,1039077.0608519429,919644.6181034078,3584.5821399997594,1000000,1000000
2025-04-18T09:20:00.000+0000,919198.5284362241,2769.6038399999597,1040298.4411019289,919264.5627711037,3584.5821399997594,1000000,1000000
2025-04-18T09:30:00.000+0000,919452.1058918401,2769.6038399999597,1039912.7550047596,919517.9329926398,3584.5821399997594,1000000,1000000
2025-04-18T09:40:00.000+0000,917867.24679424,2769.6038399999597,1041952.1912444809,917934.3691080397,3584.5821399997594,1000000,1000000
2025-04-18T09:50:00.000+0000,919071.7397084162,2769.6038399999597,1040079.5298964914,919137.8776603359,3584.5821399997594,1000000,1000000
2025-04-18T10:00:00.000+0000,920276.2326225919,2769.6038399999597,1039276.885909599,920341.3862126317,3584.5821399997594,1000000,1000000
2025-04-18T10:10:00.000+0000,927566.584471552,2769.6038399999597,1040275.9268508499,927625.7800817918,3584.5821399997594,1000000,1000000
2025-04-18T10:20:00.000+0000,924650.4437319682,2769.6038399999597,1040338.8240788463,924712.0225341279,3584.5821399997594,1000000,1000000
2025-04-18T10:30:00.000+0000,929912.175936,2769.6038399999597,1037978.6600753199,929969.4546309997,3584.5821399997594,1000000,1000000
2025-04-18T10:40:00.000+0000,935110.5137761282,2769.6038399999597,1036937.4897696356,935163.544172488,3584.5821399997594,1000000,1000000
2025-04-18T10:50:00.000+0000,937139.1334210561,2769.6038399999597,1036803.1664862158,937190.5059447758,3584.5821399997594,1000000,1000000
2025-04-18T11:00:00.000+0000,934476.5701370881,2769.6038399999597,1036355.3115966981,934530.1186186475,3584.5821399997594,1000000,1000000
2025-04-18T11:10:00.000+0000,933081.8941312,2769.6038399999597,1038657.1553870377,933136.5824001995,3584.5821399997594,1000000,1000000
2025-04-18T11:20:00.000+0000,933145.288495104,2769.6038399999597,1037124.1528647307,933199.9249555834,3584.5821399997594,1000000,1000000
2025-04-18T11:30:00.000+0000,946838.471098368,2769.6038399999597,1037245.9754304208,946881.9169185276,3584.5821399997594,1000000,1000000
2025-04-18T11:40:00.000+0000,943605.3585392642,2769.6038399999597,1038024.809296522,943651.4465939441,3584.5821399997594,1000000,1000000
2025-04-18T11:50:00.000+0000,940942.7952552959,2769.6038399999597,1039150.48740797,940991.059267816,3584.5821399997594,1000000,1000000
2025-04-18T12:00:00.000+0000,938280.231971328,2769.6038399999597,1039249.6354112889,938330.6719416879,3584.5821399997594,1000000,1000000
2025-04-18T12:10:00.000+0000,941449.9501665279,2769.6038399999597,1038585.2254388673,941497.7997108875,3584.5821399997594,1000000,1000000
2025-04-18T12:20:00.000+0000,939167.7530659842,2769.6038399999597,1039167.5594476291,939217.4677170641,3584.5821399997594,1000000,1000000
2025-04-18T12:30:00.000+0000,931687.218125312,2769.6038399999597,1041406.984040899,931743.0461817518,3584.5821399997594,1000000,1000000
2025-04-18T12:40:00.000+0000,929151.443569152,2769.6038399999597,1042983.3556797644,929209.3439663916,3584.5821399997594,1000000,1000000
2025-04-18T12:50:00.000+0000,933145.288495104,2769.6038399999597,1042366.5862103347,933199.9249555834,3584.5821399997594,1000000,1000000
2025-04-18T13:00:00.000+0000,936061.4292346883,2769.6038399999597,1040561.0806418329,936113.682503248,3584.5821399997594,1000000,1000000
2025-04-18T13:10:00.000+0000,933145.288495104,2769.6038399999597,1039405.2066642062,933199.9249555834,3584.5821399997594,1000000,1000000
2025-04-18T13:20:00.000+0000,930038.964663808,2769.6038399999597,1040363.834928022,930096.1397417678,3584.5821399997594,1000000,1000000
2025-04-18T13:30:00.000+0000,932130.9786726399,2769.6038399999597,1040652.4925500832,932186.4440694397,3584.5821399997594,1000000,1000000
2025-04-18T13:40:00.000+0000,932955.105403392,2769.6038399999597,1039086.2064296186,933009.8972894314,3584.5821399997594,1000000,1000000
2025-04-18T13:50:00.000+0000,930989.880122368,2769.6038399999597,1040213.6952471861,931046.2780725277,3584.5821399997594,1000000,1000000
2025-04-18T14:00:00.000+0000,930482.7252111362,2769.6038399999597,1039894.1452248937,930539.5376294558,3584.5821399997594,1000000,1000000
2025-04-18T14:10:00.000+0000,930609.513938944,2769.6038399999597,1038159.5798088243,930666.2227402235,3584.5821399997594,1000000,1000000
2025-04-18T14:20:00.000+0000,929658.5984803841,2769.6038399999597,1037482.8903753896,929716.0844094638,3584.5821399997594,1000000,1000000
2025-04-18T14:30:00.000+0000,929151.443569152,2769.6038399999597,1037209.4171409128,929209.3439663916,3584.5821399997594,1000000,1000000
2025-04-18T14:40:00.000+0000,928644.2886579201,2769.6038399999597,1036591.130322255,928702.6035233198,3584.5821399997594,1000000,1000000
2025-04-18T14:50:00.000+0000,930102.3590277121,2769.6038399999597,1035768.0989629118,930159.4822971518,3584.5821399997594,1000000,1000000
2025-04-18T15:00:00.000+0000,933145.288495104,2769.6038399999597,1033501.9787241175,933199.9249555834,3584.5821399997594,1000000,1000000
2025-04-18T15:10:00.000+0000,942527.6543528963,2769.6038399999597,1033465.3933807686,942574.623152416,3584.5821399997594,1000000,1000000
2025-04-18T15:20:00.000+0000,944683.0627256321,2769.6038399999597,1032620.8090747688,944728.2700354718,3584.5821399997594,1000000,1000000
2025-04-18T15:30:00.000+0000,943858.9359948799,2769.6038399999597,1032747.0987487657,943904.8168154797,3584.5821399997594,1000000,1000000
2025-04-18T15:40:00.000+0000,948486.7245598721,2769.6038399999597,1033169.1796194881,948528.8233585118,3584.5821399997594,1000000,1000000
2025-04-18T15:50:00.000+0000,948930.4851072001,2769.6038399999597,1033607.7787766359,948972.2212461999,3584.5821399997594,1000000,1000000
2025-04-18T16:00:00.000+0000,953558.2736721921,2769.6038399999597,1033524.5819526543,953596.2277892317,3584.5821399997594,1000000,1000000
2025-04-18T16:10:00.000+0000,948106.358376448,2769.6038399999597,1034372.4216523427,948148.7680262079,3584.5821399997594,1000000,1000000
2025-04-18T16:20:00.000+0000,945760.766912,2769.6038399999597,1035489.4020572416,945805.0934769999,3584.5821399997594,1000000,1000000
2025-04-18T16:30:00.000+0000,943478.569811456,2769.6038399999597,1035835.3332155604,943524.7614831758,3584.5821399997594,1000000,1000000
2025-04-18T16:40:00.000+0000,943668.752903168,2769.6038399999597,1035001.5263679232,943714.7891493278,3584.5821399997594,1000000,1000000
2025-04-18T16:50:00.000+0000,946077.73873152,2769.6038399999597,1035252.8581650394,946121.8062539197,3584.5821399997594,1000000,1000000
2025-04-18T17:00:00.000+0000,943098.203628032,2769.6038399999597,1035388.4363298357,943144.7061508719,3584.5821399997594,1000000,1000000
2025-04-18T17:10:00.000+0000,939484.724885504,2769.6038399999597,1036520.6290700948,939534.1804939839,3584.5821399997594,1000000,1000000
2025-04-18T17:20:00.000+0000,937963.260151808,2769.6038399999597,1035805.4724644476,938013.9591647678,3584.5821399997594,1000000,1000000
2025-04-18T17:30:00.000+0000,930546.1195750401,2769.6038399999597,1036719.0690667534,930602.8801848397,3584.5821399997594,1000000,1000000
2025-04-18T17:40:00.000+0000,922812.0071787521,2769.6038399999597,1038739.7488056531,922875.0884279915,3584.5821399997594,1000000,1000000
2025-04-18T17:50:00.000+0000,924143.288820736,2769.6038399999597,1038941.1476508663,924205.2820910554,3584.5821399997594,1000000,1000000
2025-04-18T18:00:00.000+0000,921036.9649894399,2769.6038399999597,1037806.4707868756,921101.4968772397,3584.5821399997594,1000000,1000000
2025-04-18T18:10:00.000+0000,917613.6693386241,2769.6038399999597,1038873.6667280155,917680.9988865037,3584.5821399997594,1000000,1000000
2025-04-18T18:20:00.000+0000,916789.542607872,2769.6038399999597,1038815.3794000905,916857.5456665119,3584.5821399997594,1000000,1000000
2025-04-18T18:30:00.000+0000,919135.13407232,2769.6038399999597,1039308.0562050196,919201.2202157194,3584.5821399997594,1000000,1000000
2025-04-18T18:40:00.000+0000,921417.3311728641,2769.6038399999597,1039623.3408751793,921481.5522095435,3584.5821399997594,1000000,1000000
2025-04-18T18:50:00.000+0000,917867.24679424,2769.6038399999597,1039985.7507690621,917934.3691080397,3584.5821399997594,1000000,1000000
2025-04-18T19:00:00.000+0000,919959.260803072,2769.6038399999597,1039094.6509888018,920024.6734357119,3584.5821399997594,1000000,1000000
2025-04-18T19:10:00.000+0000,916472.570788352,2769.6038399999597,1040034.4929443647,916540.8328895917,3584.5821399997594,1000000,1000000
2025-04-18T19:20:00.000+0000,919388.7115279362,2769.6038399999597,1040464.360094882,919454.5904372558,3584.5821399997594,1000000,1000000
2025-04-18T19:30:00.000+0000,920973.5706255358,2769.6038399999597,1038896.1749420563,921038.1543218554,3584.5821399997594,1000000,1000000
2025-04-18T19:40:00.000+0000,928707.6830218242,2769.6038399999597,1038541.0218016731,928765.9460787039,3584.5821399997594,1000000,1000000
2025-04-18T19:50:00.000+0000,928707.6830218242,2769.6038399999597,1038850.7622423944,928765.9460787039,3584.5821399997594,1000000,1000000
2025-04-18T20:00:00.000+0000,926679.0633768962,2769.6038399999597,1039382.3335050133,926738.9843064158,3584.5821399997594,1000000,1000000
2025-04-18T20:10:00.000+0000,920846.7818977281,2769.6038399999597,1038451.4027366185,920911.4692110878,3584.5821399997594,1000000,1000000
2025-04-18T20:20:00.000+0000,922114.6691758081,2769.6038399999597,1038813.1271614674,922178.3203187677,3584.5821399997594,1000000,1000000
2025-04-18T20:30:00.000+0000,920656.598806016,2769.6038399999597,1038309.021173975,920721.4415449357,3584.5821399997594,1000000,1000000
2025-04-18T20:40:00.000+0000,921924.486084096,2769.6038399999597,1037705.845329348,921988.2926526157,3584.5821399997594,1000000,1000000
2025-04-18T20:50:00.000+0000,923382.5564538878,2769.6038399999597,1039380.9547853752,923445.1714264476,3584.5821399997594,1000000,1000000
2025-04-18T21:00:00.000+0000,924777.2324597762,2769.6038399999597,1039432.1025098076,924838.707644896,3584.5821399997594,1000000,1000000
2025-04-18T21:10:00.000+0000,925030.8099153918,2769.6038399999597,1039755.617063775,925092.0778664314,3584.5821399997594,1000000,1000000
2025-04-18T21:20:00.000+0000,923382.5564538878,2769.6038399999597,1039483.9377775192,923445.1714264476,3584.5821399997594,1000000,1000000
2025-04-18T21:30:00.000+0000,908611.6696642562,2769.6038399999597,1039742.0856805935,908686.3560219759,3584.5821399997594,1000000,1000000
2025-04-18T21:40:00.000+0000,908738.4583920641,2769.6038399999597,1041009.3887629076,908813.0411327438,3584.5821399997594,1000000,1000000
2025-04-18T21:50:00.000+0000,908294.6978447359,2769.6038399999597,1040581.4020236974,908369.6432450557,3584.5821399997594,1000000,1000000
2025-04-18T22:00:00.000+0000,908611.6696642562,2769.6038399999597,1040574.785148595,908686.3560219759,3584.5821399997594,1000000,1000000
2025-04-18T22:10:00.000+0000,910069.740034048,2769.6038399999597,1039375.2262233233,910143.2347958079,3584.5821399997594,1000000,1000000
2025-04-18T22:20:00.000+0000,909118.8245754881,2769.6038399999597,1040415.5555511261,909193.0964650479,3584.5821399997594,1000000,1000000
2025-04-18T22:30:00.000+0000,905568.7401968641,2769.6038399999597,1040382.8596738339,905645.9133635437,3584.5821399997594,1000000,1000000
2025-04-18T22:40:00.000+0000,903349.9374602239,2769.6038399999597,1040130.6573196775,903428.9239251037,3584.5821399997594,1000000,1000000
2025-04-18T22:50:00.000+0000,904174.0641909762,2769.6038399999597,1039349.7903884522,904252.3771450961,3584.5821399997594,1000000,1000000
2025-04-18T23:00:00.000+0000,904998.190921728,2769.6038399999597,1036576.3582965133,905075.8303650877,3584.5821399997594,1000000,1000000
2025-04-18T23:10:00.000+0000,906012.5007441922,2769.6038399999597,1035740.5592679109,906089.3112512322,3584.5821399997594,1000000,1000000
2025-04-18T23:20:00.000+0000,912985.8807736321,2769.6038399999597,1035846.5089046258,913056.9923434716,3584.5821399997594,1000000,1000000
2025-04-18T23:30:00.000+0000,912922.4864097281,2769.6038399999597,1037462.2017341459,912993.6497880877,3584.5821399997594,1000000,1000000
2025-04-18T23:40:00.000+0000,912795.6976819201,2769.6038399999597,1038512.2615308503,912866.96467732,3584.5821399997594,1000000,1000000
2025-04-18T23:50:00.000+0000,911971.5709511681,2769.6038399999597,1038141.5624707466,912043.5114573278,3584.5821399997594,1000000,1000000
2025-04-19T00:00:00.000+0000,911717.9934955521,2769.6038399999597,1037600.0758712818,911790.141235792,3584.5821399997594,1000000,1000000
2025-04-19T00:10:00.000+0000,918057.429885952,2769.6038399999597,1036469.507759996,918124.3967741919,3584.5821399997594,1000000,1000000
2025-04-19T00:20:00.000+0000,923192.3733621759,2769.6038399999597,1036633.1686240382,923255.1437602957,3584.5821399997594,1000000,1000000
2025-04-19T00:30:00.000+0000,926235.3028295679,2769.6038399999597,1037602.4746252431,926295.5864187276,3584.5821399997594,1000000,1000000
2025-04-19T00:40:00.000+0000,925474.5704627201,2769.6038399999597,1037878.6984893822,925535.4757541196,3584.5821399997594,1000000,1000000
2025-04-19T00:50:00.000+0000,924967.4155514879,2769.6038399999597,1038320.1016628449,925028.7353110476,3584.5821399997594,1000000,1000000
2025-04-19T01:00:00.000+0000,920276.2326225919,2769.6038399999597,1038439.4021915613,920341.3862126317,3584.5821399997594,1000000,1000000
2025-04-19T01:10:00.000+0000,920910.176261632,2769.6038399999597,1039860.4305252171,920974.8117664717,3584.5821399997594,1000000,1000000
2025-04-19T01:20:00.000+0000,921417.3311728641,2769.6038399999597,1039934.109042063,921481.5522095435,3584.5821399997594,1000000,1000000
2025-04-19T01:30:00.000+0000,921163.753717248,2769.6038399999597,1040202.0137097503,921228.181988008,3584.5821399997594,1000000,1000000
2025-04-19T01:40:00.000+0000,920910.176261632,2769.6038399999597,1039596.7273276857,920974.8117664717,3584.5821399997594,1000000,1000000
2025-04-19T01:50:00.000+0000,920529.810078208,2769.6038399999597,1039856.3183821507,920594.7564341674,3584.5821399997594,1000000,1000000
2025-04-19T02:00:00.000+0000,920022.6551669762,2769.6038399999597,1040788.3600364283,920088.0159910958,3584.5821399997594,1000000,1000000
2025-04-19T02:10:00.000+0000,913936.7962321921,2769.6038399999597,1044815.4614742948,914007.1306742318,3584.5821399997594,1000000,1000000
2025-04-19T02:20:00.000+0000,909309.0076672,2769.6038399999597,1047529.3524619569,909383.1241312,3584.5821399997594,1000000,1000000
2025-04-19T02:30:00.000+0000,908484.880936448,2769.6038399999597,1048446.829004216,908559.6709112076,3584.5821399997594,1000000,1000000
2025-04-19T02:40:00.000+0000,909118.8245754881,2769.6038399999597,1047909.83010418,909193.0964650479,3584.5821399997594,1000000,1000000
2025-04-19T02:50:00.000+0000,905568.7401968641,2769.6038399999597,1049631.8685095457,905645.9133635437,3584.5821399997594,1000000,1000000
2025-04-19T03:00:00.000+0000,905758.9232885761,2769.6038399999597,1049695.8873587304,905835.9410296959,3584.5821399997594,1000000,1000000
2025-04-19T03:10:00.000+0000,893206.8392355841,2769.6038399999597,1050914.830614536,893294.1150636638,3584.5821399997594,1000000,1000000
2025-04-19T03:20:00.000+0000,889339.78303744,2769.6038399999597,1053228.9986901851,889430.2191852399,3584.5821399997594,1000000,1000000
2025-04-19T03:30:00.000+0000,888198.6844871679,2769.6038399999597,1054534.2719684918,888290.0531883275,3584.5821399997594,1000000,1000000
2025-04-19T03:40:00.000+0000,884775.388836352,2769.6038399999597,1053618.1820433277,884869.5551975917,3584.5821399997594,1000000,1000000
2025-04-19T03:50:00.000+0000,883317.3184665601,2769.6038399999597,1055120.0327726458,883412.6764237597,3584.5821399997594,1000000,1000000
2025-04-19T04:00:00.000+0000,872793.8540584962,2769.6038399999597,1054230.5062246937,872897.8122300158,3584.5821399997594,1000000,1000000
2025-04-19T04:10:00.000+0000,872159.9104194561,2769.6038399999597,1055945.4827189432,872264.3866761759,3584.5821399997594,1000000,1000000
2025-04-19T04:20:00.000+0000,874125.1357004802,2769.6038399999597,1055588.5344328457,874228.0058930798,3584.5821399997594,1000000,1000000
2025-04-19T04:30:00.000+0000,868546.4316769281,2769.6038399999597,1057584.7848850382,868653.8610192881,3584.5821399997594,1000000,1000000
2025-04-19T04:40:00.000+0000,872350.093511168,2769.6038399999597,1057128.428216461,872454.414342328,3584.5821399997594,1000000,1000000
2025-04-19T04:50:00.000+0000,871969.727327744,2769.6038399999597,1055502.650519757,872074.3590100241,3584.5821399997594,1000000,1000000
2025-04-19T05:00:00.000+0000,872159.9104194561,2769.6038399999597,1055151.587065426,872264.3866761759,3584.5821399997594,1000000,1000000
2025-04-19T05:10:00.000+0000,874188.530064384,2769.6038399999597,1053961.2059518755,874291.3484484637,3584.5821399997594,1000000,1000000
2025-04-19T05:20:00.000+0000,868673.2204047359,2769.6038399999597,1056067.7572082845,868780.5461300557,3584.5821399997594,1000000,1000000
2025-04-19T05:30:00.000+0000,867722.3049461759,2769.6038399999597,1056043.6573519725,867830.4077992957,3584.5821399997594,1000000,1000000
2025-04-19T05:40:00.000+0000,856691.6856268799,2769.6038399999597,1055893.6932357764,856808.8031624797,3584.5821399997594,1000000,1000000
2025-04-19T05:50:00.000+0000,850986.1928755201,2769.6038399999597,1055745.563179385,851107.9731779197,3584.5821399997594,1000000,1000000
2025-04-19T06:00:00.000+0000,846802.164857856,2769.6038399999597,1054246.378381094,846927.3645225756,3584.5821399997594,1000000,1000000
2025-04-19T06:10:00.000+0000,851366.5590589439,2769.6038399999597,1054047.2987288376,851488.0285102238,3584.5821399997594,1000000,1000000
2025-04-19T06:20:00.000+0000,860178.3756416,2769.6038399999597,1054341.3478196065,860292.6437085995,3584.5821399997594,1000000,1000000
2025-04-19T06:30:00.000+0000,861192.685464064,2769.6038399999597,1052338.9025098274,861306.1245947437,3584.5821399997594,1000000,1000000
2025-04-19T06:40:00.000+0000,859227.4601830401,2769.6038399999597,1052662.013568629,859342.5053778399,3584.5821399997594,1000000,1000000
2025-04-19T06:50:00.000+0000,862777.5445616641,2769.6038399999597,1053271.5345117287,862889.6884793438,3584.5821399997594,1000000,1000000
2025-04-19T07:00:00.000+0000,849211.1506862079,2769.6038399999597,1053920.5180087455,849334.3816271675,3584.5821399997594,1000000,1000000
2025-04-19T07:10:00.000+0000,843125.2917514241,2769.6038399999597,1054917.5793729648,843253.4963103039,3584.5821399997594,1000000,1000000
2025-04-19T07:20:00.000+0000,838497.5031864321,2769.6038399999597,1055047.8566950771,838629.4897672716,3584.5821399997594,1000000,1000000
2025-04-19T07:30:00.000+0000,840399.3341035522,2769.6038399999597,1055950.927114259,840529.7664287919,3584.5821399997594,1000000,1000000
2025-04-19T07:40:00.000+0000,844393.1790295041,2769.6038399999597,1057748.1020943136,844520.3474179838,3584.5821399997594,1000000,1000000
2025-04-19T07:50:00.000+0000,841540.4326538242,2769.6038399999597,1056961.9646776114,841669.9324257039,3584.5821399997594,1000000,1000000
2025-04-19T08:00:00.000+0000,842364.559384576,2769.6038399999597,1056420.0523343207,842493.3856456958,3584.5821399997594,1000000,1000000
2025-04-19T08:10:00.000+0000,843695.84102656,2769.6038399999597,1055667.612312357,843823.5793087597,3584.5821399997594,1000000,1000000
2025-04-19T08:20:00.000+0000,846865.55922176,2769.6038399999597,1056947.5700823334,846990.7070779598,3584.5821399997594,1000000,1000000
2025-04-19T08:30:00.000+0000,848070.052135936,2769.6038399999597,1056600.8224945748,848194.2156302556,3584.5821399997594,1000000,1000000
2025-04-19T08:40:00.000+0000,846802.164857856,2769.6038399999597,1058704.8097392712,846927.3645225756,3584.5821399997594,1000000,1000000
2025-04-19T08:50:00.000+0000,847499.5028608,2769.6038399999597,1058428.9814872865,847624.1326317997,3584.5821399997594,1000000,1000000
2025-04-19T09:00:00.000+0000,847372.7141329921,2769.6038399999597,1058498.1629869542,847497.4475210321,3584.5821399997594,1000000,1000000
2025-04-19T09:10:00.000+0000,845027.1226685442,2769.6038399999597,1060074.1688265698,845153.7729718237,3584.5821399997594,1000000,1000000
2025-04-19T09:20:00.000+0000,840462.7284674558,2769.6038399999597,1059885.1699889733,840593.1089841755,3584.5821399997594,1000000,1000000
2025-04-19T09:30:00.000+0000,842237.7706567681,2769.6038399999597,1058331.8066127258,842366.7005349281,3584.5821399997594,1000000,1000000
2025-04-19T09:40:00.000+0000,840589.5171952641,2769.6038399999597,1059782.7272639037,840719.7940949439,3584.5821399997594,1000000,1000000
2025-04-19T09:50:00.000+0000,840779.700286976,2769.6038399999597,1058593.0649358022,840909.8217610957,3584.5821399997594,1000000,1000000
2025-04-19T10:00:00.000+0000,842301.165020672,2769.6038399999597,1057830.806014518,842430.0430903116,3584.5821399997594,1000000,1000000
2025-04-19T10:10:00.000+0000,842808.3199319041,2769.6038399999597,1059072.715781002,842936.7835333839,3584.5821399997594,1000000,1000000
2025-04-19T10:20:00.000+0000,848703.9957749761,2769.6038399999597,1058376.4093655848,848827.641184096,3584.5821399997594,1000000,1000000
2025-04-19T10:30:00.000+0000,846611.981766144,2769.6038399999597,1056326.291222801,846737.3368564236,3584.5821399997594,1000000,1000000
2025-04-19T10:40:00.000+0000,847372.7141329921,2769.6038399999597,1056601.3582834445,847497.4475210321,3584.5821399997594,1000000,1000000
2025-04-19T10:50:00.000+0000,851937.1083340801,2769.6038399999597,1056591.0781282783,852058.1115086797,3584.5821399997594,1000000,1000000
2025-04-19T11:00:00.000+0000,848577.2070471678,2769.6038399999597,1056952.801896438,848700.9560733277,3584.5821399997594,1000000,1000000
2025-04-19T11:10:00.000+0000,850288.8548725761,2769.6038399999597,1057805.6592674495,850411.2050686959,3584.5821399997594,1000000,1000000
2025-04-19T11:20:00.000+0000,843759.235390464,2769.6038399999597,1056926.4196670952,843886.9218641436,3584.5821399997594,1000000,1000000
2025-04-19T11:30:00.000+0000,842808.3199319041,2769.6038399999597,1055198.6839274021,842936.7835333839,3584.5821399997594,1000000,1000000
2025-04-19T11:40:00.000+0000,853838.9392512001,2769.6038399999597,1055104.4423692883,853958.3881701997,3584.5821399997594,1000000,1000000
2025-04-19T11:50:00.000+0000,856311.3194434561,2769.6038399999597,1055355.8384967167,856428.7478301759,3584.5821399997594,1000000,1000000
2025-04-19T12:00:00.000+0000,852824.629428736,2769.6038399999597,1056523.169263261,852944.9072840556,3584.5821399997594,1000000,1000000
2025-04-19T12:10:00.000+0000,851239.7703311361,2769.6038399999597,1056604.211049748,851361.3433994557,3584.5821399997594,1000000,1000000
2025-04-19T12:20:00.000+0000,853331.7843399681,2769.6038399999597,1056578.6599307614,853451.6477271277,3584.5821399997594,1000000,1000000
2025-04-19T12:30:00.000+0000,852444.2632453119,2769.6038399999597,1056990.6202022168,852564.8519517517,3584.5821399997594,1000000,1000000
2025-04-19T12:40:00.000+0000,855677.375804416,2769.6038399999597,1055695.9476201392,855795.3222763354,3584.5821399997594,1000000,1000000
2025-04-19T12:50:00.000+0000,857832.7841771521,2769.6038399999597,1055979.1943771273,857948.9691593918,3584.5821399997594,1000000,1000000
2025-04-19T13:00:00.000+0000,857452.4179937281,2769.6038399999597,1055428.3819089513,857568.9138270877,3584.5821399997594,1000000,1000000
2025-04-19T13:10:00.000+0000,857262.2349020159,2769.6038399999597,1057449.8058612307,857378.8861609355,3584.5821399997594,1000000,1000000
2025-04-19T13:20:00.000+0000,859354.2489108482,2769.6038399999597,1058078.5451018014,859469.1904886079,3584.5821399997594,1000000,1000000
2025-04-19T13:30:00.000+0000,855106.82652928,2769.6038399999597,1058664.1018472633,855225.2392778797,3584.5821399997594,1000000,1000000
2025-04-19T13:40:00.000+0000,850035.27741696,2769.6038399999597,1059162.6990974192,850157.8348471598,3584.5821399997594,1000000,1000000
2025-04-19T13:50:00.000+0000,845344.0944880641,2769.6038399999597,1059460.7735439283,845470.4857487438,3584.5821399997594,1000000,1000000
2025-04-19T14:00:00.000+0000,844519.9677573119,2769.6038399999597,1060342.5529372664,844647.0325287516,3584.5821399997594,1000000,1000000
2025-04-19T14:10:00.000+0000,848513.8126832643,2769.6038399999597,1060346.6310003141,848637.6135179441,3584.5821399997594,1000000,1000000
2025-04-19T14:20:00.000+0000,840906.4890147841,2769.6038399999597,1060897.0701077324,841036.5068718641,3584.5821399997594,1000000,1000000
2025-04-19T14:30:00.000+0000,840589.5171952641,2769.6038399999597,1060306.3422653177,840719.7940949439,3584.5821399997594,1000000,1000000
2025-04-19T14:40:00.000+0000,844266.3903016963,2769.6038399999597,1060072.134008703,844393.6623072161,3584.5821399997594,1000000,1000000
2025-04-19T14:50:00.000+0000,846104.8268549121,2769.6038399999597,1060503.2447500422,846230.5964133517,3584.5821399997594,1000000,1000000
2025-04-19T15:00:00.000+0000,845724.4606714882,2769.6038399999597,1060621.409740257,845850.5410810478,3584.5821399997594,1000000,1000000
2025-04-19T15:10:00.000+0000,848006.6577720318,2769.6038399999597,1060626.8038329864,848130.8730748717,3584.5821399997594,1000000,1000000
2025-04-19T15:20:00.000+0000,844012.8128460799,2769.6038399999597,1062714.5749223577,844140.29208568,3584.5821399997594,1000000,1000000
2025-04-19T15:30:00.000+0000,842808.3199319041,2769.6038399999597,1059125.0586361438,842936.7835333839,3584.5821399997594,1000000,1000000
2025-04-19T15:40:00.000+0000,853395.178703872,2769.6038399999597,1056804.6499971484,853514.9902825118,3584.5821399997594,1000000,1000000
2025-04-19T15:50:00.000+0000,852063.897061888,2769.6038399999597,1057916.467086665,852184.7966194478,3584.5821399997594,1000000,1000000
2025-04-19T16:00:00.000+0000,847562.897224704,2769.6038399999597,1059152.567841632,847687.4751871837,3584.5821399997594,1000000,1000000
2025-04-19T16:10:00.000+0000,848260.235227648,2769.6038399999597,1058208.9159782801,848384.2432964076,3584.5821399997594,1000000,1000000
2025-04-19T16:20:00.000+0000,845978.0381271039,2769.6038399999597,1056539.885652862,846103.9113025838,3584.5821399997594,1000000,1000000
2025-04-19T16:30:00.000+0000,854916.6434375681,2769.6038399999597,1054895.8705733023,855035.2116117278,3584.5821399997594,1000000,1000000
2025-04-19T16:40:00.000+0000,861953.417830912,2769.6038399999597,1052289.4675041274,862066.2352593514,3584.5821399997594,1000000,1000000
2025-04-19T16:50:00.000+0000,863411.4882007042,2769.6038399999597,1052174.2815396183,863523.1140331838,3584.5821399997594,1000000,1000000
2025-04-19T17:00:00.000+0000,863284.6994728962,2769.6038399999597,1052924.2019285667,863396.4289224156,3584.5821399997594,1000000,1000000
2025-04-19T17:10:00.000+0000,859861.40382208,2769.6038399999597,1052823.3943422404,859975.9309316797,3584.5821399997594,1000000,1000000
2025-04-19T17:20:00.000+0000,857642.60108544,2769.6038399999597,1054992.6438158522,857758.9414932398,3584.5821399997594,1000000,1000000
2025-04-19T17:30:00.000+0000,855233.615257088,2769.6038399999597,1056894.1720639553,855351.9243886474,3584.5821399997594,1000000,1000000
2025-04-19T17:40:00.000+0000,860748.924916736,2769.6038399999597,1059982.7969681735,860862.7267070556,3584.5821399997594,1000000,1000000
2025-04-19T17:50:00.000+0000,865566.8965734402,2769.6038399999597,1058016.419853846,865676.7609162397,3584.5821399997594,1000000,1000000
2025-04-19T18:00:00.000+0000,865757.079665152,2769.6038399999597,1060468.3046973646,865866.7885823918,3584.5821399997594,1000000,1000000
2025-04-19T18:10:00.000+0000,871779.544236032,2769.6038399999597,1060704.446943111,871884.3313438717,3584.5821399997594,1000000,1000000
2025-04-19T18:20:00.000+0000,870828.6287774721,2769.6038399999597,1060255.9670789116,870934.1930131121,3584.5821399997594,1000000,1000000
2025-04-19T18:30:00.000+0000,865503.502209536,2769.6038399999597,1060588.5483316318,865613.418360856,3584.5821399997594,1000000,1000000
2025-04-19T18:40:00.000+0000,863982.0374758401,2769.6038399999597,1059286.910166313,864093.1970316396,3584.5821399997594,1000000,1000000
2025-04-19T18:50:00.000+0000,862840.9389255681,2769.6038399999597,1059158.1875596321,862953.0310347276,3584.5821399997594,1000000,1000000
2025-04-19T19:00:00.000+0000,861002.5023723522,2769.6038399999597,1058107.354190452,861116.0969285917,3584.5821399997594,1000000,1000000
2025-04-19T19:10:00.000+0000,856438.1081712641,2769.6038399999597,1058390.0966262762,856555.4329409437,3584.5821399997594,1000000,1000000
2025-04-19T19:20:00.000+0000,855804.164532224,2769.6038399999597,1058316.6940489965,855922.0073871036,3584.5821399997594,1000000,1000000
2025-04-19T19:30:00.000+0000,855487.1927127042,2769.6038399999597,1058876.9792309352,855605.2946101838,3584.5821399997594,1000000,1000000
2025-04-19T19:40:00.000+0000,855233.615257088,2769.6038399999597,1059631.9214568804,855351.9243886474,3584.5821399997594,1000000,1000000
2025-04-19T19:50:00.000+0000,860748.924916736,2769.6038399999597,1058912.1385167409,860862.7267070556,3584.5821399997594,1000000,1000000
2025-04-19T20:00:00.000+0000,861573.0516474883,2769.6038399999597,1057755.095686934,861686.1799270478,3584.5821399997594,1000000,1000000
2025-04-19T20:10:00.000+0000,862016.812194816,2769.6038399999597,1057827.8690196814,862129.5778147354,3584.5821399997594,1000000,1000000
2025-04-19T20:20:00.000+0000,855043.4321653761,2769.6038399999597,1058140.4874345742,855161.8967224956,3584.5821399997594,1000000,1000000
2025-04-19T20:30:00.000+0000,851049.5872394241,2769.6038399999597,1059359.1276770541,851171.3157333038,3584.5821399997594,1000000,1000000
2025-04-19T20:40:00.000+0000,853458.5730677762,2769.6038399999597,1060855.3927519713,853578.3328378955,3584.5821399997594,1000000,1000000
2025-04-19T20:50:00.000+0000,851176.3759672319,2769.6038399999597,1059801.6488558077,851298.0008440719,3584.5821399997594,1000000,1000000
2025-04-19T21:00:00.000+0000,849211.1506862079,2769.6038399999597,1059725.2578336324,849334.3816271675,3584.5821399997594,1000000,1000000
2025-04-19T21:10:00.000+0000,849337.939414016,2769.6038399999597,1061143.6072011734,849461.0667379358,3584.5821399997594,1000000,1000000
2025-04-19T21:20:00.000+0000,848450.4183193601,2769.6038399999597,1061447.8692645018,848574.2709625597,3584.5821399997594,1000000,1000000
2025-04-19T21:30:00.000+0000,848957.573230592,2769.6038399999597,1060556.5058188965,849081.0114056314,3584.5821399997594,1000000,1000000
2025-04-19T21:40:00.000+0000,852634.4463370241,2769.6038399999597,1061463.0219932087,852754.8796179038,3584.5821399997594,1000000,1000000
2025-04-19T21:50:00.000+0000,854219.3054346241,2769.6038399999597,1062311.4521446982,854338.4435025037,3584.5821399997594,1000000,1000000
2025-04-19T22:00:00.000+0000,850669.2210560001,2769.6038399999597,1061272.540763155,850791.2604009997,3584.5821399997594,1000000,1000000
2025-04-19T22:10:00.000+0000,852317.4745175041,2769.6038399999597,1061238.991752383,852438.1668409838,3584.5821399997594,1000000,1000000
2025-04-19T22:20:00.000+0000,849020.9675944961,2769.6038399999597,1060752.632208564,849144.3539610157,3584.5821399997594,1000000,1000000
2025-04-19T22:30:00.000+0000,847245.9254051842,2769.6038399999597,1061051.7941989796,847370.7624102639,3584.5821399997594,1000000,1000000
2025-04-19T22:40:00.000+0000,846992.3479495681,2769.6038399999597,1062076.1838607988,847117.3921887279,3584.5821399997594,1000000,1000000
2025-04-19T22:50:00.000+0000,846675.3761300482,2769.6038399999597,1062189.2534818414,846800.6794118078,3584.5821399997594,1000000,1000000
2025-04-19T23:00:00.000+0000,851937.1083340801,2769.6038399999597,1062543.6852072808,852058.1115086797,3584.5821399997594,1000000,1000000
2025-04-19T23:10:00.000+0000,853395.178703872,2769.6038399999597,1061288.8442727644,853514.9902825118,3584.5821399997594,1000000,1000000
2025-04-19T23:20:00.000+0000,851049.5872394241,2769.6038399999597,1060580.185856034,851171.3157333038,3584.5821399997594,1000000,1000000
2025-04-19T23:30:00.000+0000,851429.9534228481,2769.6038399999597,1060733.4403254264,851551.371065608,3584.5821399997594,1000000,1000000
2025-04-19T23:40:00.000+0000,850035.27741696,2769.6038399999597,1061687.5440671507,850157.8348471598,3584.5821399997594,1000000,1000000
2025-04-19T23:50:00.000+0000,847499.5028608,2769.6038399999597,1061838.7383051906,847624.1326317997,3584.5821399997594,1000000,1000000
2025-04-20T00:00:00.000+0000,848006.6577720318,2769.6038399999597,1060510.5155058757,848130.8730748717,3584.5821399997594,1000000,1000000
2025-04-20T00:10:00.000+0000,844012.8128460799,2769.6038399999597,1063432.7839543433,844140.29208568,3584.5821399997594,1000000,1000000
2025-04-20T00:20:00.000+0000,841096.6721064962,2769.6038399999597,1063922.2889908208,841226.5345380161,3584.5821399997594,1000000,1000000
2025-04-20T00:30:00.000+0000,841540.4326538242,2769.6038399999597,1063397.1362492007,841669.9324257039,3584.5821399997594,1000000,1000000
2025-04-20T00:40:00.000+0000,844836.9395768321,2769.6038399999597,1063418.0579730463,844963.745305672,3584.5821399997594,1000000,1000000
2025-04-20T00:50:00.000+0000,847182.5310412799,2769.6038399999597,1063044.557635773,847307.4198548796,3584.5821399997594,1000000,1000000
2025-04-20T01:00:00.000+0000,848006.6577720318,2769.6038399999597,1062760.5690838094,848130.8730748717,3584.5821399997594,1000000,1000000
2025-04-20T01:10:00.000+0000,844012.8128460799,2769.6038399999597,1065998.3345725574,844140.29208568,3584.5821399997594,1000000,1000000
2025-04-20T01:20:00.000+0000,840145.7566479361,2769.6038399999597,1066671.8789589321,840276.3962072558,3584.5821399997594,1000000,1000000
2025-04-20T01:30:00.000+0000,841730.6157455359,2769.6038399999597,1065868.331980809,841859.9600918557,3584.5821399997594,1000000,1000000
2025-04-20T01:40:00.000+0000,842935.1086597121,2769.6038399999597,1067798.2754219389,843063.4686441517,3584.5821399997594,1000000,1000000
2025-04-20T01:50:00.000+0000,828417.7993256961,2769.6038399999597,1068989.8754736923,828558.0234612154,3584.5821399997594,1000000,1000000
2025-04-20T02:00:00.000+0000,826706.1515002883,2769.6038399999597,1067864.1723799123,826847.7744658476,3584.5821399997594,1000000,1000000
2025-04-20T02:10:00.000+0000,833425.9540741122,2769.6038399999597,1067531.7185786148,833562.085336552,3584.5821399997594,1000000,1000000
2025-04-20T02:20:00.000+0000,830256.2358789121,2769.6038399999597,1066639.4422687807,830394.9575673521,3584.5821399997594,1000000,1000000
2025-04-20T02:30:00.000+0000,826389.1796807682,2769.6038399999597,1067204.5181634743,826531.0616889279,3584.5821399997594,1000000,1000000
2025-04-20T02:40:00.000+0000,825057.8980387842,2769.6038399999597,1068144.8231194152,825200.8680258638,3584.5821399997594,1000000,1000000
2025-04-20T02:50:00.000+0000,825121.2924026881,2769.6038399999597,1067422.2710237643,825264.2105812477,3584.5821399997594,1000000,1000000
2025-04-20T03:00:00.000+0000,825121.2924026881,2769.6038399999597,1065964.8291796162,825264.2105812477,3584.5821399997594,1000000,1000000
2025-04-20T03:10:00.000+0000,824423.9543997439,2769.6038399999597,1065533.1758741576,824567.4424720234,3584.5821399997594,1000000,1000000
2025-04-20T03:20:00.000+0000,823409.6445772802,2769.6038399999597,1064939.5562499086,823553.9615858798,3584.5821399997594,1000000,1000000
2025-04-20T03:30:00.000+0000,823663.2220328961,2769.6038399999597,1063875.3222324173,823807.3318074159,3584.5821399997594,1000000,1000000
2025-04-20T03:40:00.000+0000,823790.0107607042,2769.6038399999597,1063935.7698568262,823934.0169181838,3584.5821399997594,1000000,1000000
2025-04-20T03:50:00.000+0000,823156.067121664,2769.6038399999597,1064587.5432245722,823300.5913643435,3584.5821399997594,1000000,1000000
2025-04-20T04:00:00.000+0000,822585.5178465281,2769.6038399999597,1064187.6823541033,822730.5083658875,3584.5821399997594,1000000,1000000
2025-04-20T04:10:00.000+0000,822775.70093824,2769.6038399999597,1064556.5700541348,822920.5360320398,3584.5821399997594,1000000,1000000
2025-04-20T04:20:00.000+0000,823536.433305088,2769.6038399999597,1065361.820892522,823680.6466966476,3584.5821399997594,1000000,1000000
2025-04-20T04:30:00.000+0000,828164.2218700799,2769.6038399999597,1066173.358967262,828304.6532396796,3584.5821399997594,1000000,1000000
2025-04-20T04:40:00.000+0000,826832.9402280959,2769.6038399999597,1067135.4453700797,826974.4595766154,3584.5821399997594,1000000,1000000
2025-04-20T04:50:00.000+0000,827213.3064115199,2769.6038399999597,1066419.0650038666,827354.5149089197,3584.5821399997594,1000000,1000000
2025-04-20T05:00:00.000+0000,827783.855686656,2769.6038399999597,1065236.973611786,827924.5979073754,3584.5821399997594,1000000,1000000
2025-04-20T05:10:00.000+0000,829178.5316925442,2769.6038399999597,1065095.9934485941,829318.1341258237,3584.5821399997594,1000000,1000000
2025-04-20T05:20:00.000+0000,834884.024443904,2769.6038399999597,1065672.6985148373,835018.964110384,3584.5821399997594,1000000,1000000
2025-04-20T05:30:00.000+0000,836659.0666332161,2769.6038399999597,1064934.363456808,836792.555661136,3584.5821399997594,1000000,1000000
2025-04-20T05:40:00.000+0000,837546.587727872,2769.6038399999597,1065028.0608104465,837679.3514365118,3584.5821399997594,1000000,1000000
2025-04-20T05:50:00.000+0000,837356.4046361599,2769.6038399999597,1063954.8569828002,837489.3237703596,3584.5821399997594,1000000,1000000
2025-04-20T06:00:00.000+0000,841160.0664704001,2769.6038399999597,1063627.4051765348,841289.8770933998,3584.5821399997594,1000000,1000000
2025-04-20T06:10:00.000+0000,843378.86920704,2769.6038399999597,1064198.67515624,843506.8665318402,3584.5821399997594,1000000,1000000
2025-04-20T06:20:00.000+0000,842427.9537484801,2769.6038399999597,1063043.693003384,842556.7282010799,3584.5821399997594,1000000,1000000
2025-04-20T06:30:00.000+0000,841794.0101094401,2769.6038399999597,1062991.769288072,841923.30264724,3584.5821399997594,1000000,1000000
2025-04-20T06:40:00.000+0000,845344.0944880641,2769.6038399999597,1059276.121689004,845470.4857487438,3584.5821399997594,1000000,1000000
2025-04-20T06:50:00.000+0000,847436.1084968961,2769.6038399999597,1060037.3050108894,847560.7900764158,3584.5821399997594,1000000,1000000
2025-04-20T07:00:00.000+0000,849845.094325248,2769.6038399999597,1057398.7991511915,849967.8071810078,3584.5821399997594,1000000,1000000
2025-04-20T07:10:00.000+0000,856438.1081712641,2769.6038399999597,1054806.5828162434,856555.4329409437,3584.5821399997594,1000000,1000000
2025-04-20T07:20:00.000+0000,867849.093673984,2769.6038399999597,1054175.6861369559,867957.0929100639,3584.5821399997594,1000000,1000000
2025-04-20T07:30:00.000+0000,864869.558570496,2769.6038399999597,1054339.8689712586,864979.9928070158,3584.5821399997594,1000000,1000000
2025-04-20T07:40:00.000+0000,865693.6853012479,2769.6038399999597,1054844.1795500377,865803.4460270079,3584.5821399997594,1000000,1000000
2025-04-20T07:50:00.000+0000,864806.164206592,2769.6038399999597,1055975.917502643,864916.650251632,3584.5821399997594,1000000,1000000
2025-04-20T08:00:00.000+0000,868102.6711295999,2769.6038399999597,1054645.1901940915,868210.4631315998,3584.5821399997594,1000000,1000000
2025-04-20T08:10:00.000+0000,869497.3471354882,2769.6038399999597,1055162.4562782538,869603.999350048,3584.5821399997594,1000000,1000000
2025-04-20T08:20:00.000+0000,868229.4598574082,2769.6038399999597,1055127.9719435025,868337.1482423679,3584.5821399997594,1000000,1000000
2025-04-20T08:30:00.000+0000,865186.530390016,2769.6038399999597,1054887.7342056744,865296.705583936,3584.5821399997594,1000000,1000000
2025-04-20T08:40:00.000+0000,862777.5445616641,2769.6038399999597,1054300.334857971,862889.6884793438,3584.5821399997594,1000000,1000000
2025-04-20T08:50:00.000+0000,862080.2065587201,2769.6038399999597,1051680.404463612,862192.9203701195,3584.5821399997594,1000000,1000000
2025-04-20T09:00:00.000+0000,862460.572742144,2769.6038399999597,1052245.797720098,862572.9757024236,3584.5821399997594,1000000,1000000
2025-04-20T09:10:00.000+0000,862587.3614699519,2769.6038399999597,1053353.921062693,862699.6608131917,3584.5821399997594,1000000,1000000
2025-04-20T09:20:00.000+0000,862016.812194816,2769.6038399999597,1053851.2633272954,862129.5778147354,3584.5821399997594,1000000,1000000
2025-04-20T09:30:00.000+0000,862397.17837824,2769.6038399999597,1053130.389227352,862509.6331470396,3584.5821399997594,1000000,1000000
2025-04-20T09:40:00.000+0000,863791.8543841281,2769.6038399999597,1052195.8598334452,863903.1693654875,3584.5821399997594,1000000,1000000
2025-04-20T09:50:00.000+0000,863601.671292416,2769.6038399999597,1052022.2966731177,863717.9413065757,25314.00398455978,1000000,1000000
2025-04-20T10:00:00.000+0000,863568.5140394559,2769.6038399999597,1052492.5412091129,863671.3171757435,25314.00398455978,1000000,1000000
2025-04-20T10:10:00.000+0000,863071.1552450559,413359.333348576,1053066.3457228118,862971.9552132636,230608.8687388477,1000000,1000000
2025-04-20T10:20:00.000+0000,863004.840739136,413359.333348576,1053050.1836950872,862878.7069515996,230608.8687388477,1000000,1000000
2025-04-20T10:30:00.000+0000,862408.0101858559,413359.333348576,1052541.939928243,862039.4725966236,230608.8687388477,1000000,1000000
2025-04-20T10:40:00.000+0000,862408.0101858559,413359.333348576,1047193.961543378,862092.2839936796,272690.2325341757,1000000,1000000
2025-04-20T10:50:00.000+0000,870067.3356196161,413359.333348576,1044059.9725853095,870620.197690488,364918.18584837584,1000000,1000000
2025-04-20T11:00:00.000+0000,874311.4639984961,413359.333348576,1045053.0705084337,875319.621061752,364918.18584837584,1000000,1000000
2025-04-20T11:10:00.000+0000,874311.4639984961,413359.333348576,1045222.3028812916,875319.621061752,364918.18584837584,1000000,1000000
2025-04-20T11:20:00.000+0000,869702.6058370561,413359.333348576,1041472.1081471026,870216.3409945199,364918.18584837584,1000000,1000000
2025-04-20T11:30:00.000+0000,867149.4973591361,413359.333348576,1039858.0674542056,867389.3441227439,364918.18584837584,1000000,1000000
2025-04-20T11:40:00.000+0000,867912.114177216,413359.333348576,1037247.444084705,868233.7717597678,364918.18584837584,1000000,1000000
2025-04-20T11:50:00.000+0000,871327.311232096,413359.333348576,1037898.8171221106,872015.339003832,364918.18584837584,1000000,1000000
2025-04-20T12:00:00.000+0000,869006.303524896,413359.333348576,1039452.6612547467,869445.3418476719,364918.18584837584,1000000,1000000
2025-04-20T12:10:00.000+0000,867514.227141696,413359.333348576,1041955.3101550511,867793.2008187119,364918.18584837584,1000000,1000000
2025-04-20T12:20:00.000+0000,869138.9325367359,413359.333348576,1042834.3375936389,869592.1988280239,364918.18584837584,1000000,1000000
2025-04-20T12:30:00.000+0000,866453.195046976,413359.333348576,1043522.2120420983,866618.3449758957,364918.18584837584,1000000,1000000
2025-04-20T12:40:00.000+0000,865690.578228896,413359.333348576,1043555.0433724464,865773.9173388719,364918.18584837584,1000000,1000000
2025-04-20T12:50:00.000+0000,865425.320205216,413359.333348576,1043063.5528459945,865480.2033781678,364918.18584837584,1000000,1000000
2025-04-20T13:00:00.000+0000,865955.836252576,413359.333348576,1042343.0372058296,866067.6312995758,364918.18584837584,1000000,1000000
2025-04-20T13:10:00.000+0000,867978.428683136,413359.333348576,1040401.0031262138,868307.2002499439,364918.18584837584,1000000,1000000
2025-04-20T13:20:00.000+0000,871194.682220256,413359.333348576,1041765.4437196222,871868.4820234799,364918.18584837584,1000000,1000000
2025-04-20T13:30:00.000+0000,872156.242556096,413359.333348576,1042841.3723268188,872933.1951310319,364918.18584837584,1000000,1000000
2025-04-20T13:40:00.000+0000,872255.714314976,413359.333348576,1043991.778890631,873043.3378662958,364918.18584837584,1000000,1000000
2025-04-20T13:50:00.000+0000,873117.8028919359,413359.333348576,1043794.6321369268,873997.9082385838,364918.18584837584,1000000,1000000
2025-04-20T14:00:00.000+0000,872852.544868256,413359.333348576,1043286.8158584412,873704.1942778799,364918.18584837584,1000000,1000000
2025-04-20T14:10:00.000+0000,871194.682220256,413359.333348576,1045854.3624990542,871868.4820234799,364918.18584837584,1000000,1000000
2025-04-20T14:20:00.000+0000,875372.4960932161,413359.333348576,1044755.312647643,876494.4769045678,364918.18584837584,1000000,1000000
2025-04-20T14:30:00.000+0000,880346.0840372161,413359.333348576,1046447.2310160514,882001.613667768,364918.18584837584,1000000,1000000
2025-04-20T14:40:00.000+0000,880777.1283256961,413359.333348576,1045687.2619141827,882478.898853912,364918.18584837584,1000000,1000000
2025-04-20T14:50:00.000+0000,878323.491606656,413359.333348576,1046184.3593600297,879762.0447173999,364918.18584837584,1000000,1000000
2025-04-20T15:00:00.000+0000,878422.963365536,413359.333348576,1044345.4730991552,879872.1874526639,364918.18584837584,1000000,1000000
2025-04-20T15:10:00.000+0000,882899.192515136,413359.333348576,1043725.3780969591,884828.6105395439,364918.18584837584,1000000,1000000
2025-04-20T15:20:00.000+0000,883761.281092096,413359.333348576,1041716.8080631981,885783.1809118319,364918.18584837584,1000000,1000000
2025-04-20T15:30:00.000+0000,882335.5192148159,413359.333348576,1042230.5839066184,884204.4683730478,364918.18584837584,1000000,1000000
2025-04-20T15:40:00.000+0000,881771.845914496,413359.333348576,1041764.6031811042,883580.3262065519,364918.18584837584,1000000,1000000
2025-04-20T15:50:00.000+0000,881672.3741556159,413359.333348576,1038894.651760321,883470.1834712878,364918.18584837584,1000000,1000000
2025-04-20T16:00:00.000+0000,879749.253483936,413359.333348576,1039227.8453837882,881340.7572561838,364918.18584837584,1000000,1000000
2025-04-20T16:10:00.000+0000,877361.931270816,413359.333348576,1041586.3359884346,878697.331609848,364918.18584837584,1000000,1000000
2025-04-20T16:20:00.000+0000,876101.9556583359,413359.333348576,1042877.7138288429,877302.1902965037,364918.18584837584,1000000,1000000
2025-04-20T16:30:00.000+0000,877560.874788576,413359.333348576,1041852.2739955555,878917.6170803758,364918.18584837584,1000000,1000000
2025-04-20T16:40:00.000+0000,875306.181587296,413359.333348576,1043340.6365228964,876421.0484143919,364918.18584837584,1000000,1000000
2025-04-20T16:50:00.000+0000,874510.407516256,413359.333348576,1044466.8701321108,875539.9065322799,364918.18584837584,1000000,1000000
2025-04-20T17:00:00.000+0000,873946.7342159359,413359.333348576,1043203.0072072526,874915.7643657838,364918.18584837584,1000000,1000000
2025-04-20T17:10:00.000+0000,875107.2380695359,413359.333348576,1042516.092529774,876200.7629438639,364918.18584837584,1000000,1000000
2025-04-20T17:20:00.000+0000,878389.806112576,413359.333348576,1042420.5834836131,879835.473207576,364918.18584837584,1000000,1000000
2025-04-20T17:30:00.000+0000,878986.636665856,413359.333348576,1041737.5819411444,880496.3296191599,364918.18584837584,1000000,1000000
2025-04-20T17:40:00.000+0000,878920.322159936,413359.333348576,1042619.759573395,880422.9011289838,364918.18584837584,1000000,1000000
2025-04-20T17:50:00.000+0000,880312.926784256,413359.333348576,1043366.5150877645,881964.8994226798,364918.18584837584,1000000,1000000
2025-04-20T18:00:00.000+0000,879285.051942496,413359.333348576,1042781.0683646918,880826.7578249519,364918.18584837584,1000000,1000000
2025-04-20T18:10:00.000+0000,877295.6167648961,413359.333348576,1043984.8427788727,878623.9031196719,364918.18584837584,1000000,1000000
2025-04-20T18:20:00.000+0000,877361.931270816,413359.333348576,1043985.5609048954,878697.331609848,364918.18584837584,1000000,1000000
2025-04-20T18:30:00.000+0000,877096.6732471361,413359.333348576,1042576.0702372771,878403.6176491439,364918.18584837584,1000000,1000000
2025-04-20T18:40:00.000+0000,874278.3067455359,413359.333348576,1042316.344279532,875282.9068166638,364918.18584837584,1000000,1000000
2025-04-20T18:50:00.000+0000,873648.3189392961,413359.333348576,1043619.6155066113,874585.3361599918,364918.18584837584,1000000,1000000
2025-04-20T19:00:00.000+0000,873681.476192256,413359.333348576,1043376.9092081937,874622.0504050797,364918.18584837584,1000000,1000000
2025-04-20T19:10:00.000+0000,872056.7707972161,413359.333348576,1043163.4758276367,872823.0523957679,364918.18584837584,1000000,1000000
2025-04-20T19:20:00.000+0000,872156.242556096,413359.333348576,1044250.1688553718,872933.1951310319,364918.18584837584,1000000,1000000
2025-04-20T19:30:00.000+0000,870133.650125536,413359.333348576,1044586.7058745294,870693.6261806639,364918.18584837584,1000000,1000000
2025-04-20T19:40:00.000+0000,869172.089789696,413359.333348576,1045264.7882691552,869628.9130731118,364918.18584837584,1000000,1000000
2025-04-20T19:50:00.000+0000,868011.5859360959,413359.333348576,1046523.3191118964,868343.9144950318,364918.18584837584,1000000,1000000
2025-04-20T20:00:00.000+0000,867248.969118016,413359.333348576,1046584.111276034,867499.4868580077,364918.18584837584,1000000,1000000
2025-04-20T20:10:00.000+0000,867912.114177216,413359.333348576,1050180.2432281482,868233.7717597678,364918.18584837584,1000000,1000000
2025-04-20T20:20:00.000+0000,869569.976825216,413359.333348576,1052578.4558918565,870069.4840141679,364918.18584837584,1000000,1000000
2025-04-20T20:30:00.000+0000,869669.448584096,413359.333348576,1050500.6910978043,870179.6267494318,364918.18584837584,1000000,1000000
2025-04-20T20:40:00.000+0000,864861.646904896,413359.333348576,1050935.8516418848,864856.0612116719,364918.18584837584,1000000,1000000
2025-04-20T20:50:00.000+0000,864629.546134176,413359.333348576,1048837.9651107956,864599.0614960559,364918.18584837584,1000000,1000000
2025-04-20T21:00:00.000+0000,867812.642418336,413359.333348576,1047821.9152482594,868123.6290245038,364918.18584837584,1000000,1000000
2025-04-20T21:10:00.000+0000,867215.8118650559,413359.333348576,1047286.6528682136,867462.7726129198,364918.18584837584,1000000,1000000
2025-04-20T21:20:00.000+0000,867912.114177216,413359.333348576,1047183.7148072799,868233.7717597678,364918.18584837584,1000000,1000000
2025-04-20T21:30:00.000+0000,865259.5339404161,413359.333348576,1048703.6033588846,865296.6321527279,364918.18584837584,1000000,1000000
2025-04-20T21:40:00.000+0000,867116.340106176,413359.333348576,1049498.3057799335,867352.6298776558,364918.18584837584,1000000,1000000
2025-04-20T21:50:00.000+0000,868906.831766016,413359.333348576,1049823.763102715,869335.1991124079,364918.18584837584,1000000,1000000
2025-04-20T22:00:00.000+0000,871658.8837616959,413359.333348576,1046047.7253156782,872382.4814547119,364918.18584837584,1000000,1000000
2025-04-20T22:10:00.000+0000,876566.157199776,413359.333348576,1045693.6807613957,877816.1897277359,364918.18584837584,1000000,1000000
2025-04-20T22:20:00.000+0000,879285.051942496,413359.333348576,1042927.652823257,880826.7578249519,364918.18584837584,1000000,1000000
2025-04-20T22:30:00.000+0000,879119.2656776961,413359.333348576,1044341.399418345,880643.1865995119,364918.18584837584,1000000,1000000
2025-04-20T22:40:00.000+0000,878588.749630336,413359.333348576,1045444.8722104554,880055.7586781039,364918.18584837584,1000000,1000000
2025-04-20T22:50:00.000+0000,878522.4351244159,413359.333348576,1045186.1536858361,879982.3301879279,364918.18584837584,1000000,1000000
2025-04-20T23:00:00.000+0000,876499.842693856,413359.333348576,1047292.7224754558,877742.7612375598,364918.18584837584,1000000,1000000
2025-04-20T23:10:00.000+0000,873780.947951136,413359.333348576,1048815.72878927,874732.1931403439,364918.18584837584,1000000,1000000
2025-04-20T23:20:00.000+0000,874410.935757376,413359.333348576,1049125.767857581,875429.7637970159,364918.18584837584,1000000,1000000
2025-04-20T23:30:00.000+0000,874178.834986656,413359.333348576,1048745.1043610112,875172.7640813999,364918.18584837584,1000000,1000000
2025-04-20T23:40:00.000+0000,873913.576962976,413359.333348576,1048517.6760443817,874879.050120696,364918.18584837584,1000000,1000000
2025-04-20T23:50:00.000+0000,871062.053208416,413359.333348576,1050270.2516736477,871721.6250431278,364918.18584837584,1000000,1000000
2025-04-21T00:00:00.000+0000,868973.146271936,413359.333348576,1050905.1623166797,869408.627602584,364918.18584837584,1000000,1000000
2025-04-21T00:10:00.000+0000,868243.6867068161,413359.333348576,1056408.4871914983,868600.9142106478,364918.18584837584,1000000,1000000
2025-04-21T00:20:00.000+0000,863502.1995335361,413359.333348576,1058089.6013602342,863350.777163064,364918.18584837584,1000000,1000000
2025-04-21T00:30:00.000+0000,854383.9549695359,413359.333348576,1070090.2771443361,853254.3597638637,364918.18584837584,1000000,1000000
2025-04-21T00:40:00.000+0000,855975.503111616,413359.333348576,1072404.2498332993,855016.6435280879,364918.18584837584,1000000,1000000
2025-04-21T00:50:00.000+0000,855080.257281696,413359.333348576,1071394.824844,854025.3589107117,364918.18584837584,1000000,1000000
2025-04-21T01:00:00.000+0000,850902.443408736,413359.333348576,1073855.1085573616,849399.3640296239,364918.18584837584,1000000,1000000
2025-04-21T01:10:00.000+0000,845663.597441056,413359.333348576,1071183.0634412684,843598.5133057198,364918.18584837584,1000000,1000000
2025-04-21T01:20:00.000+0000,843707.3195164159,413359.333348576,1071537.125748824,841432.3728455278,364918.18584837584,1000000,1000000
2025-04-21T01:30:00.000+0000,844602.565346336,413359.333348576,1073877.307298095,842423.657462904,364918.18584837584,1000000,1000000
2025-04-21T01:40:00.000+0000,851001.9151676161,413359.333348576,1076443.125524528,849509.5067648881,364918.18584837584,1000000,1000000
2025-04-21T01:50:00.000+0000,851035.072420576,413359.333348576,1077665.4216767363,849546.2210099759,364918.18584837584,1000000,1000000
2025-04-21T02:00:00.000+0000,851665.060226816,413359.333348576,1077169.2171462402,850243.7916666479,364918.18584837584,1000000,1000000
2025-04-21T02:10:00.000+0000,851234.015938336,413359.333348576,1077815.5790792187,849766.5064805037,364918.18584837584,1000000,1000000
2025-04-21T02:20:00.000+0000,851665.060226816,413359.333348576,1079144.0260971945,850243.7916666479,364918.18584837584,1000000,1000000
2025-04-21T02:30:00.000+0000,850670.342638016,413359.333348576,1075244.8669998054,849142.3643140078,364918.18584837584,1000000,1000000
2025-04-21T02:40:00.000+0000,854748.6847520962,413359.333348576,1073158.4836263184,853658.2164598319,364918.18584837584,1000000,1000000
2025-04-21T02:50:00.000+0000,855279.2007994559,413359.333348576,1075900.7358651059,854245.6443812398,364918.18584837584,1000000,1000000
2025-04-21T03:00:00.000+0000,854218.168704736,413359.333348576,1076612.2701817618,853070.7885384238,364918.18584837584,1000000,1000000
2025-04-21T03:10:00.000+0000,853654.495404416,413359.333348576,1075649.8120413602,852446.6463719278,364918.18584837584,1000000,1000000
2025-04-21T03:20:00.000+0000,853090.8221040961,413359.333348576,1074138.5996098076,851822.504205432,364918.18584837584,1000000,1000000
2025-04-21T03:30:00.000+0000,859987.5307197759,413359.333348576,1074753.2611603478,859459.0671837358,364918.18584837584,1000000,1000000
2025-04-21T03:40:00.000+0000,859092.284889856,413359.333348576,1074778.696237089,858467.78256636,364918.18584837584,1000000,1000000
2025-04-21T03:50:00.000+0000,861744.865126656,413359.333348576,1073381.7948389777,861404.9221734,364918.18584837584,1000000,1000000
2025-04-21T04:00:00.000+0000,859722.272696096,413359.333348576,1074864.1944980174,859165.3532230319,364918.18584837584,1000000,1000000
2025-04-21T04:10:00.000+0000,862872.211727296,413359.333348576,1073498.7849399743,862653.2065063919,364918.18584837584,1000000,1000000
2025-04-21T04:20:00.000+0000,858561.768842496,413359.333348576,1074105.0484096662,857880.3546449518,364918.18584837584,1000000,1000000
2025-04-21T04:30:00.000+0000,858064.410048096,413359.333348576,1073115.2071990832,857329.6409686318,364918.18584837584,1000000,1000000
2025-04-21T04:40:00.000+0000,857301.793230016,413359.333348576,1075653.6601983404,856485.2133316079,364918.18584837584,1000000,1000000
2025-04-21T04:50:00.000+0000,855146.571787616,413359.333348576,1078315.2924543289,854098.7874008878,364918.18584837584,1000000,1000000
2025-04-21T05:00:00.000+0000,852626.6205626561,413359.333348576,1079051.3933621948,851308.5047742,364918.18584837584,1000000,1000000
2025-04-21T05:10:00.000+0000,851897.160997536,413359.333348576,1079067.0378081317,850500.7913822639,364918.18584837584,1000000,1000000
2025-04-21T05:20:00.000+0000,851366.644950176,413359.333348576,1080289.2200204686,849913.3634608559,364918.18584837584,1000000,1000000
2025-04-21T05:30:00.000+0000,851333.487697216,413359.333348576,1079899.945604676,849876.6492157679,364918.18584837584,1000000,1000000
2025-04-21T05:40:00.000+0000,847653.032618656,413359.333348576,1080597.3865749286,845801.3680109999,364918.18584837584,1000000,1000000
2025-04-21T05:50:00.000+0000,846691.472282816,413359.333348576,1082077.1051592445,844736.6549034477,364918.18584837584,1000000,1000000
2025-04-21T06:00:00.000+0000,848515.121195616,413359.333348576,1082049.1065163894,846755.9383832878,364918.18584837584,1000000,1000000
2025-04-21T06:10:00.000+0000,849244.580760736,413359.333348576,1082356.2748313774,847563.6517752239,364918.18584837584,1000000,1000000
2025-04-21T06:20:00.000+0000,849410.367025536,413359.333348576,1082652.263390331,847747.2230006639,364918.18584837584,1000000,1000000
2025-04-21T06:30:00.000+0000,851134.544179456,413359.333348576,1081277.7184291957,849656.3637452399,364918.18584837584,1000000,1000000
2025-04-21T06:40:00.000+0000,852460.8342978561,413359.333348576,1080770.5119001726,851124.9335487599,364918.18584837584,1000000,1000000
2025-04-21T06:50:00.000+0000,849940.883072896,413359.333348576,1081893.8003580824,848334.6509220719,364918.18584837584,1000000,1000000
2025-04-21T07:00:00.000+0000,846824.101294656,413359.333348576,1082400.2039438253,844883.5118837999,364918.18584837584,1000000,1000000
2025-04-21T07:10:00.000+0000,845265.710405536,413359.333348576,1079756.454677883,843157.9423646638,364918.18584837584,1000000,1000000
2025-04-21T07:20:00.000+0000,845332.024911456,413359.333348576,1078896.2579262462,843231.3708548399,364918.18584837584,1000000,1000000
2025-04-21T07:30:00.000+0000,845928.855464736,413359.333348576,1079646.6773801057,843892.2272664239,364918.18584837584,1000000,1000000
2025-04-21T07:40:00.000+0000,846061.4844765761,413359.333348576,1080865.7764572906,844039.084246776,364918.18584837584,1000000,1000000
2025-04-21T07:50:00.000+0000,846724.629535776,413359.333348576,1079437.582655585,844773.3691485359,364918.18584837584,1000000,1000000
2025-04-21T08:00:00.000+0000,845630.440188096,413359.333348576,1079838.0947964462,843561.7990606318,364918.18584837584,1000000,1000000
2025-04-21T08:10:00.000+0000,846558.843270976,413359.333348576,1078716.0741617694,844589.7979230959,364918.18584837584,1000000,1000000
2025-04-21T08:20:00.000+0000,845365.182164416,413359.333348576,1079837.0132868413,843268.0850999278,364918.18584837584,1000000,1000000
2025-04-21T08:30:00.000+0000,844270.992816736,413359.333348576,1080527.979187354,842056.5150120239,364918.18584837584,1000000,1000000
2025-04-21T08:40:00.000+0000,844072.049298976,413359.333348576,1079896.8085358327,841836.2295414957,364918.18584837584,1000000,1000000
2025-04-21T08:50:00.000+0000,843044.1744572159,413359.333348576,1081325.0629333311,840698.0879437679,364918.18584837584,1000000,1000000
2025-04-21T09:00:00.000+0000,842812.0736864959,413359.333348576,1082574.2742659026,840441.0882281518,364918.18584837584,1000000,1000000
2025-04-21T09:10:00.000+0000,845895.6982117761,413359.333348576,1078500.4422445097,843855.5130213359,364918.18584837584,1000000,1000000
2025-04-21T09:20:00.000+0000,850935.6006616959,413359.333348576,1078374.2410126403,849436.0782747117,364918.18584837584,1000000,1000000
2025-04-21T09:30:00.000+0000,851764.531985696,413359.333348576,1076419.6864946894,850353.9344019119,364918.18584837584,1000000,1000000
2025-04-21T09:40:00.000+0000,851598.7457208959,413359.333348576,1077473.275761494,850170.3631764718,364918.18584837584,1000000,1000000
2025-04-21T09:50:00.000+0000,852361.3625389759,413359.333348576,1078426.5746967827,851014.7908134959,364918.18584837584,1000000,1000000
2025-04-21T10:00:00.000+0000,852958.193092256,413359.333348576,1076935.3926126403,851675.6472250798,364918.18584837584,1000000,1000000
2025-04-21T10:10:00.000+0000,854284.4832106559,413359.333348576,1076869.498732497,853144.2170285998,364918.18584837584,1000000,1000000
2025-04-21T10:20:00.000+0000,854185.011451776,413359.333348576,1074487.6739582666,853034.0742933359,364918.18584837584,1000000,1000000
2025-04-21T10:30:00.000+0000,857202.321471136,413359.333348576,1073180.2547518609,856375.0705963437,364918.18584837584,1000000,1000000
2025-04-21T10:40:00.000+0000,856970.220700416,413359.333348576,1073957.229035022,856118.0708807278,364918.18584837584,1000000,1000000
2025-04-21T10:50:00.000+0000,859092.284889856,413359.333348576,1075330.175454541,858467.78256636,364918.18584837584,1000000,1000000
2025-04-21T11:00:00.000+0000,860252.788743456,413359.333348576,1074904.8905840586,859752.7811444399,364918.18584837584,1000000,1000000
2025-04-21T11:10:00.000+0000,861910.6513914559,413359.333348576,1069245.559950759,861588.4933988398,364918.18584837584,1000000,1000000
2025-04-21T11:20:00.000+0000,861645.3933677761,413359.333348576,1066188.3216639282,861294.7794381359,364918.18584837584,1000000,1000000
2025-04-21T11:30:00.000+0000,862839.0544743361,413359.333348576,1068040.6856088003,862616.492261304,364918.18584837584,1000000,1000000
2025-04-21T11:40:00.000+0000,861512.764355936,413359.333348576,1069519.278215082,861147.9224577838,364918.18584837584,1000000,1000000
2025-04-21T11:50:00.000+0000,861512.764355936,413359.333348576,1069296.9023092203,861147.9224577838,364918.18584837584,1000000,1000000
2025-04-21T12:00:00.000+0000,859589.6436842559,413359.333348576,1070206.0015556624,859018.4962426798,364918.18584837584,1000000,1000000
2025-04-21T12:10:00.000+0000,858793.869613216,413359.333348576,1072223.7303372284,858137.3543605679,364918.18584837584,1000000,1000000
2025-04-21T12:20:00.000+0000,858992.813130976,413359.333348576,1071428.9897801375,858357.6398310959,364918.18584837584,1000000,1000000
2025-04-21T12:30:00.000+0000,861579.078861856,413359.333348576,1070707.26813268,861221.3509479598,364918.18584837584,1000000,1000000
2025-04-21T12:40:00.000+0000,862971.683486176,413359.333348576,1069368.1135698836,862763.3492416558,364918.18584837584,1000000,1000000
2025-04-21T12:50:00.000+0000,863900.0865690559,413359.333348576,1067873.740523805,863791.34810412,364918.18584837584,1000000,1000000
2025-04-21T13:00:00.000+0000,865955.836252576,413359.333348576,1064778.062566938,866067.6312995758,364918.18584837584,1000000,1000000
2025-04-21T13:10:00.000+0000,863999.5583279361,413359.333348576,1064745.7708415017,863901.4908393839,364918.18584837584,1000000,1000000
2025-04-21T13:20:00.000+0000,860087.0024786559,413359.333348576,1065471.8426583493,859569.2099189998,364918.18584837584,1000000,1000000
2025-04-21T13:30:00.000+0000,857998.095542176,413359.333348576,1065389.3730635503,857256.2124784559,364918.18584837584,1000000,1000000
2025-04-21T13:40:00.000+0000,856605.4909178559,413359.333348576,1067333.9983437618,855714.2141847599,364918.18584837584,1000000,1000000
2025-04-21T13:50:00.000+0000,857699.6802655361,413359.333348576,1062228.787526978,856925.7842726639,364918.18584837584,1000000,1000000
2025-04-21T14:00:00.000+0000,857434.4222418561,413359.333348576,1060327.6694595586,856632.07031196,364918.18584837584,1000000,1000000
2025-04-21T14:10:00.000+0000,858230.196312896,413359.333348576,1066118.2527490929,857513.2121940718,364918.18584837584,1000000,1000000
2025-04-21T14:20:00.000+0000,851764.531985696,413359.333348576,1072953.9007369084,850353.9344019119,364918.18584837584,1000000,1000000
2025-04-21T14:30:00.000+0000,851234.015938336,413359.333348576,1076699.9720285041,849766.5064805037,364918.18584837584,1000000,1000000
2025-04-21T14:40:00.000+0000,850836.128902816,413359.333348576,1072812.223727133,849325.9355394479,364918.18584837584,1000000,1000000
2025-04-21T14:50:00.000+0000,849443.524278496,413359.333348576,1072843.7763885292,847783.937245752,364918.18584837584,1000000,1000000
2025-04-21T15:00:00.000+0000,849045.6372429761,413359.333348576,1072465.2271549453,847343.366304696,364918.18584837584,1000000,1000000
2025-04-21T15:10:00.000+0000,851300.330444256,413359.333348576,1070944.3074868168,849839.9349706798,364918.18584837584,1000000,1000000
2025-04-21T15:20:00.000+0000,853753.967163296,413359.333348576,1074107.4077462836,852556.7891071918,364918.18584837584,1000000,1000000
2025-04-21T15:30:00.000+0000,852460.8342978561,413359.333348576,1073484.3427118915,851124.9335487599,364918.18584837584,1000000,1000000
2025-04-21T15:40:00.000+0000,852195.5762741759,413359.333348576,1070296.190282463,850831.2195880559,364918.18584837584,1000000,1000000
2025-04-21T15:50:00.000+0000,852328.205286016,413359.333348576,1070399.1569560715,850978.0765684079,364918.18584837584,1000000,1000000
2025-04-21T16:00:00.000+0000,856307.0756412159,413359.333348576,1069147.7422616975,855383.7859789678,364918.18584837584,1000000,1000000
2025-04-21T16:10:00.000+0000,857666.523012576,413359.333348576,1070496.3878440429,856889.0700275758,364918.18584837584,1000000,1000000
2025-04-21T16:20:00.000+0000,861280.663585216,413359.333348576,1065276.7259384613,860890.9227421678,364918.18584837584,1000000,1000000
2025-04-21T16:30:00.000+0000,861711.707873696,413359.333348576,1065534.450501669,861368.2079283118,364918.18584837584,1000000,1000000
2025-04-21T16:40:00.000+0000,866519.509552896,413359.333348576,1060826.1266817243,866691.7734660719,364918.18584837584,1000000,1000000
2025-04-21T16:50:00.000+0000,869603.134078176,413359.333348576,1053070.4549321996,870106.1982592558,364918.18584837584,1000000,1000000
2025-04-21T17:00:00.000+0000,876168.2701642559,413359.333348576,1043378.7442759811,877375.6187866798,364918.18584837584,1000000,1000000
2025-04-21T17:10:00.000+0000,871758.355520576,413359.333348576,1046796.6683233122,872492.6241899759,364918.18584837584,1000000,1000000
2025-04-21T17:20:00.000+0000,869503.662319296,413359.333348576,1047844.1462535901,869996.0555239918,364918.18584837584,1000000,1000000
2025-04-21T17:30:00.000+0000,868939.989018976,413359.333348576,1049202.7120993217,869371.9133574958,364918.18584837584,1000000,1000000
2025-04-21T17:40:00.000+0000,871459.940243936,413359.333348576,1048430.0167531564,872162.1959841838,364918.18584837584,1000000,1000000
2025-04-21T17:50:00.000+0000,870398.9081492161,413359.333348576,1046081.8226366569,870987.3401413679,364918.18584837584,1000000,1000000
2025-04-21T18:00:00.000+0000,871028.895955456,413359.333348576,1046064.3510447061,871684.9107980399,364918.18584837584,1000000,1000000
2025-04-21T18:10:00.000+0000,870863.109690656,413359.333348576,1047467.0953170271,871501.3395725997,364918.18584837584,1000000,1000000
2025-04-21T18:20:00.000+0000,869901.5493548159,413359.333348576,1045975.4063891394,870436.6264650478,364918.18584837584,1000000,1000000
2025-04-21T18:30:00.000+0000,866022.150758496,413359.333348576,1046441.3885376831,866141.0597897519,364918.18584837584,1000000,1000000
2025-04-21T18:40:00.000+0000,867348.440876896,413359.333348576,1047694.3423843464,867609.629593272,364918.18584837584,1000000,1000000
2025-04-21T18:50:00.000+0000,868044.7431890559,413359.333348576,1046593.453231323,868380.6287401199,364918.18584837584,1000000,1000000
2025-04-21T19:00:00.000+0000,865524.791964096,413359.333348576,1046297.842956931,865590.3461134318,364918.18584837584,1000000,1000000
2025-04-21T19:10:00.000+0000,864961.1186637761,413359.333348576,1050554.035247407,864966.203946936,364918.18584837584,1000000,1000000
2025-04-21T19:20:00.000+0000,864297.9736045761,413359.333348576,1052844.6137063242,864231.9190451761,364918.18584837584,1000000,1000000
2025-04-21T19:30:00.000+0000,861313.8208381761,413359.333348576,1053988.7849856983,860927.636987256,364918.18584837584,1000000,1000000
2025-04-21T19:40:00.000+0000,861446.449850016,413359.333348576,1052976.2044512779,861074.4939676079,364918.18584837584,1000000,1000000
2025-04-21T19:50:00.000+0000,859888.058960896,413359.333348576,1053699.1718851617,859348.9244484717,364918.18584837584,1000000,1000000
2025-04-21T20:00:00.000+0000,861645.3933677761,413359.333348576,1053113.429496444,861294.7794381359,364918.18584837584,1000000,1000000
2025-04-21T20:10:00.000+0000,860949.0910556159,413359.333348576,1053083.4998154554,860523.7802912877,364918.18584837584,1000000,1000000
2025-04-21T20:20:00.000+0000,858793.869613216,413359.333348576,1052598.5368514615,858137.3543605679,364918.18584837584,1000000,1000000
2025-04-21T20:30:00.000+0000,857069.692459296,413359.333348576,1052816.222320791,856228.2136159919,364918.18584837584,1000000,1000000
2025-04-21T20:40:00.000+0000,856340.2328941759,413359.333348576,1053715.3516634232,855420.5002240557,364918.18584837584,1000000,1000000
2025-04-21T20:50:00.000+0000,857799.152024416,413359.333348576,1054747.1339684252,857035.9270079278,364918.18584837584,1000000,1000000
2025-04-21T21:00:00.000+0000,858628.0833484159,413359.333348576,1053303.8720297338,857953.7831351277,364918.18584837584,1000000,1000000
2025-04-21T21:10:00.000+0000,859523.3291783361,413359.333348576,1053327.3686075115,858945.0677525038,364918.18584837584,1000000,1000000
2025-04-21T21:20:00.000+0000,860783.304790816,413359.333348576,1052342.995802619,860340.2090658478,364918.18584837584,1000000,1000000
2025-04-21T21:30:00.000+0000,856307.0756412159,413359.333348576,1051453.6124810842,855383.7859789678,364918.18584837584,1000000,1000000
2025-04-21T21:40:00.000+0000,855743.402340896,413359.333348576,1053571.5457932423,854759.6438124718,364918.18584837584,1000000,1000000
2025-04-21T21:50:00.000+0000,852759.249574496,413359.333348576,1055054.0308247886,851455.3617545518,364918.18584837584,1000000,1000000
2025-04-21T22:00:00.000+0000,852593.463309696,413359.333348576,1051387.9514751886,851271.7905291119,364918.18584837584,1000000,1000000
2025-04-21T22:10:00.000+0000,856008.660364576,413359.333348576,1050479.8989981443,855053.3577731759,364918.18584837584,1000000,1000000
2025-04-21T22:20:00.000+0000,857268.6359770561,413359.333348576,1051004.4037528196,856448.4990865199,364918.18584837584,1000000,1000000
2025-04-21T22:30:00.000+0000,852626.6205626561,413359.333348576,1051514.6283058973,851308.5047742,364918.18584837584,1000000,1000000
2025-04-21T22:40:00.000+0000,852659.777815616,413359.333348576,1052526.7752162174,851345.2190192878,364918.18584837584,1000000,1000000
2025-04-21T22:50:00.000+0000,850405.084614336,413359.333348576,1052049.12379275,848848.6503533039,364918.18584837584,1000000,1000000
2025-04-21T23:00:00.000+0000,851134.544179456,413359.333348576,1049718.5096412627,849656.3637452399,364918.18584837584,1000000,1000000
2025-04-21T23:10:00.000+0000,854582.898487296,413359.333348576,1050654.1308516627,853474.6452343918,364918.18584837584,1000000,1000000
2025-04-21T23:20:00.000+0000,852394.519791936,413359.333348576,1051992.2890463523,851051.5050585838,364918.18584837584,1000000,1000000
2025-04-21T23:30:00.000+0000,852759.249574496,413359.333348576,1051320.5524041522,851455.3617545518,364918.18584837584,1000000,1000000
2025-04-21T23:40:00.000+0000,852560.306056736,413359.333348576,1051451.1440328814,851235.0762840239,364918.18584837584,1000000,1000000
2025-04-21T23:50:00.000+0000,850968.7579146561,413359.333348576,1055108.5828758897,849472.7925197999,364918.18584837584,1000000,1000000
2025-04-22T00:00:00.000+0000,850802.9716498561,413359.333348576,1055025.4541222136,849289.22129436,364918.18584837584,1000000,1000000
2025-04-22T00:10:00.000+0000,852991.350345216,413359.333348576,1053276.1882397733,851712.3614701679,364918.18584837584,1000000,1000000
2025-04-22T00:20:00.000+0000,856605.4909178559,413359.333348576,1054867.596781664,855714.2141847599,364918.18584837584,1000000,1000000
2025-04-22T00:30:00.000+0000,858594.926095456,413359.333348576,1042567.9037327684,857917.0688900398,364918.18584837584,1000000,1000000
2025-04-22T00:40:00.000+0000,856638.648170816,413359.333348576,1047044.5345324308,855750.9284298478,364918.18584837584,1000000,1000000
2025-04-22T00:50:00.000+0000,853753.967163296,413359.333348576,1050676.1377545304,852556.7891071918,364918.18584837584,1000000,1000000
2025-04-22T01:00:00.000+0000,852096.1045152959,413359.333348576,1053588.9623075277,850721.0768527917,364918.18584837584,1000000,1000000
2025-04-22T01:10:00.000+0000,847122.516571296,413359.333348576,1057287.5144235198,845213.9400895918,364918.18584837584,1000000,1000000
2025-04-22T01:20:00.000+0000,845796.226452896,413359.333348576,1063642.8211732986,843745.3702860719,364918.18584837584,1000000,1000000
2025-04-22T01:30:00.000+0000,847255.145583136,413359.333348576,1064380.8489481518,845360.7970699437,364918.18584837584,1000000,1000000
2025-04-22T01:40:00.000+0000,846426.214259136,413359.333348576,1065326.3714602245,844442.9409427438,364918.18584837584,1000000,1000000
2025-04-22T01:50:00.000+0000,843972.5775400959,413359.333348576,1067845.7402845058,841726.0868062319,364918.18584837584,1000000,1000000
2025-04-22T02:00:00.000+0000,841353.154556256,413359.333348576,1068717.946467796,838825.6614442798,364918.18584837584,1000000,1000000
2025-04-22T02:10:00.000+0000,845962.0127176961,413359.333348576,1063495.117286413,843928.9415115119,364918.18584837584,1000000,1000000
2025-04-22T02:20:00.000+0000,845895.6982117761,413359.333348576,1061885.5084297834,843855.5130213359,364918.18584837584,1000000,1000000
2025-04-22T02:30:00.000+0000,845796.226452896,413359.333348576,1061104.9917456121,843745.3702860719,364918.18584837584,1000000,1000000
2025-04-22T02:40:00.000+0000,847586.718112736,413359.333348576,1061595.2400905886,845727.939520824,364918.18584837584,1000000,1000000
2025-04-22T02:50:00.000+0000,849542.9960373761,413359.333348576,1063422.5311530181,847894.079981016,364918.18584837584,1000000,1000000
2025-04-22T03:00:00.000+0000,845000.452381856,413359.333348576,1062961.2415351707,842864.2284039599,364918.18584837584,1000000,1000000
2025-04-22T03:10:00.000+0000,841618.412579936,413359.333348576,1061517.7321626742,839119.3754049839,364918.18584837584,1000000,1000000
2025-04-22T03:20:00.000+0000,836744.2963948159,413359.333348576,1065002.056931157,833722.3813770479,364918.18584837584,1000000,1000000
2025-04-22T03:30:00.000+0000,835119.5909997759,413359.333348576,1064979.7162773858,831923.3833677359,364918.18584837584,1000000,1000000
2025-04-22T03:40:00.000+0000,835749.578806016,413359.333348576,1065712.1646404935,832620.9540244078,364918.18584837584,1000000,1000000
2025-04-22T03:50:00.000+0000,836611.667382976,413359.333348576,1065260.1269108457,833575.5243966959,364918.18584837584,1000000,1000000
2025-04-22T04:00:00.000+0000,837937.9575013759,413359.333348576,1066200.4583935072,835044.0942002158,364918.18584837584,1000000,1000000
2025-04-22T04:10:00.000+0000,837341.1269480961,413359.333348576,1065424.96045132,834383.2377886318,364918.18584837584,1000000,1000000
2025-04-22T04:20:00.000+0000,836810.6109007361,413359.333348576,1065618.7712639282,833795.809867224,364918.18584837584,1000000,1000000
2025-04-22T04:30:00.000+0000,835318.5345175359,413359.333348576,1065869.7235645442,832143.668838264,364918.18584837584,1000000,1000000
2025-04-22T04:40:00.000+0000,835252.2200116161,413359.333348576,1065493.8819015399,832070.240348088,364918.18584837584,1000000,1000000
2025-04-22T04:50:00.000+0000,838667.4170664959,413359.333348576,1063446.5288672158,835851.8075921517,364918.18584837584,1000000,1000000
2025-04-22T05:00:00.000+0000,842049.4568684159,413359.333348576,1062855.589641083,839596.6605911278,364918.18584837584,1000000,1000000
2025-04-22T05:10:00.000+0000,843541.5332516159,413359.333348576,1062036.9627000894,841248.8016200878,364918.18584837584,1000000,1000000
2025-04-22T05:20:00.000+0000,844834.666117056,413359.333348576,1063511.7936214493,842680.65717852,364918.18584837584,1000000,1000000
2025-04-22T05:30:00.000+0000,840690.009497056,413359.333348576,1064503.2863119657,838091.3765425199,364918.18584837584,1000000,1000000
2025-04-22T05:40:00.000+0000,840756.3240029761,413359.333348576,1066353.0051452059,838164.8050326959,364918.18584837584,1000000,1000000
2025-04-22T05:50:00.000+0000,840225.8079556159,413359.333348576,1066682.2000438306,837577.3771112878,364918.18584837584,1000000,1000000
2025-04-22T06:00:00.000+0000,840988.4247736959,413359.333348576,1067167.2237222393,838421.8047483119,364918.18584837584,1000000,1000000
2025-04-22T06:10:00.000+0000,849377.209772576,413359.333348576,1065013.2572810508,847710.5087555759,364918.18584837584,1000000,1000000
2025-04-22T06:20:00.000+0000,850604.028132096,413359.333348576,1064022.301241711,849068.9358238319,364918.18584837584,1000000,1000000
2025-04-22T06:30:00.000+0000,850040.354831776,413359.333348576,1062064.8190947198,848444.7936573359,364918.18584837584,1000000,1000000
2025-04-22T06:40:00.000+0000,850471.399120256,413359.333348576,1062450.6795445904,848922.0788434799,364918.18584837584,1000000,1000000
2025-04-22T06:50:00.000+0000,849576.153290336,413359.333348576,1064761.208995531,847930.7942261038,364918.18584837584,1000000,1000000
2025-04-22T07:00:00.000+0000,849045.6372429761,413359.333348576,1066509.5021760806,847343.366304696,364918.18584837584,1000000,1000000
2025-04-22T07:10:00.000+0000,849410.367025536,413359.333348576,1065858.2140601093,847747.2230006639,364918.18584837584,1000000,1000000
2025-04-22T07:20:00.000+0000,848780.379219296,413359.333348576,1068312.8574280106,847049.6523439919,364918.18584837584,1000000,1000000
2025-04-22T07:30:00.000+0000,848448.8066896959,413359.333348576,1071346.2794473616,846682.5098931119,364918.18584837584,1000000,1000000
2025-04-22T07:40:00.000+0000,848548.278448576,413359.333348576,1075590.9540939906,846792.6526283757,364918.18584837584,1000000,1000000
2025-04-22T07:50:00.000+0000,848581.435701536,413359.333348576,1076421.2312260733,846829.3668734638,364918.18584837584,1000000,1000000
2025-04-22T08:00:00.000+0000,848647.7502074561,413359.333348576,1078169.2896637467,846902.7953636398,364918.18584837584,1000000,1000000
2025-04-22T08:10:00.000+0000,848515.121195616,413359.333348576,1078863.2642678278,846755.9383832878,364918.18584837584,1000000,1000000
2025-04-22T08:20:00.000+0000,851234.015938336,413359.333348576,1075638.4479204486,849766.5064805037,364918.18584837584,1000000,1000000
2025-04-22T08:30:00.000+0000,848481.9639426561,413359.333348576,1075619.529234233,846719.2241381999,364918.18584837584,1000000,1000000
2025-04-22T08:40:00.000+0000,848647.7502074561,413359.333348576,1075861.099543077,846902.7953636398,364918.18584837584,1000000,1000000
2025-04-22T08:50:00.000+0000,848647.7502074561,413359.333348576,1076446.3477961605,846902.7953636398,364918.18584837584,1000000,1000000
2025-04-22T09:00:00.000+0000,849576.153290336,413359.333348576,1076638.9974312459,847930.7942261038,364918.18584837584,1000000,1000000
2025-04-22T09:10:00.000+0000,852261.890780096,413359.333348576,1074931.1599934497,850904.6480782318,364918.18584837584,1000000,1000000
2025-04-22T09:20:00.000+0000,848448.8066896959,413359.333348576,1076174.9254,846682.5098931119,364918.18584837584,1000000,1000000
2025-04-22T09:30:00.000+0000,848382.4921837761,413359.333348576,1076448.1053610821,846609.081402936,364918.18584837584,1000000,1000000
2025-04-22T09:40:00.000+0000,848714.064713376,413359.333348576,1077993.1388055722,846976.2238538158,364918.18584837584,1000000,1000000
2025-04-22T09:50:00.000+0000,849310.8952666561,413359.333348576,1076970.8138822003,847637.0802653998,364918.18584837584,1000000,1000000
2025-04-22T10:00:00.000+0000,849841.411314016,413359.333348576,1077539.3721346238,848224.508186808,364918.18584837584,1000000,1000000
2025-04-22T10:10:00.000+0000,849841.411314016,413359.333348576,1077782.2563029362,848224.508186808,364918.18584837584,1000000,1000000
2025-04-22T10:20:00.000+0000,850139.826590656,413359.333348576,1073871.08154842,848554.9363925998,364918.18584837584,1000000,1000000
2025-04-22T10:30:00.000+0000,851101.3869264959,413359.333348576,1075472.6536280643,849619.6495001519,364918.18584837584,1000000,1000000
2025-04-22T10:40:00.000+0000,848614.5929544959,413359.333348576,1078433.1692882252,846866.0811185518,364918.18584837584,1000000,1000000
2025-04-22T10:50:00.000+0000,848913.008231136,413359.333348576,1078304.8222207252,847196.5093243439,364918.18584837584,1000000,1000000
2025-04-22T11:00:00.000+0000,848614.5929544959,413359.333348576,1078656.2964191986,846866.0811185518,364918.18584837584,1000000,1000000
2025-04-22T11:10:00.000+0000,848647.7502074561,413359.333348576,1079004.018777621,846902.7953636398,364918.18584837584,1000000,1000000
2025-04-22T11:20:00.000+0000,849045.6372429761,413359.333348576,1080744.151660928,847343.366304696,364918.18584837584,1000000,1000000
2025-04-22T11:30:00.000+0000,845033.609634816,413359.333348576,1080586.8714073785,842900.9426490478,364918.18584837584,1000000,1000000
2025-04-22T11:40:00.000+0000,842513.658409856,413359.333348576,1079926.8568625336,840110.6600223599,364918.18584837584,1000000,1000000
2025-04-22T11:50:00.000+0000,841386.3118092159,413359.333348576,1081140.052165395,838862.3756893678,364918.18584837584,1000000,1000000
2025-04-22T12:00:00.000+0000,839662.134655296,413359.333348576,1080134.09977124,836953.2349447918,364918.18584837584,1000000,1000000
2025-04-22T12:10:00.000+0000,839794.763667136,413359.333348576,1081138.5180410862,837100.091925144,364918.18584837584,1000000,1000000
2025-04-22T12:20:00.000+0000,839131.618607936,413359.333348576,1081038.3318162803,836365.8070233839,364918.18584837584,1000000,1000000
2025-04-22T12:30:00.000+0000,838070.5865132159,413359.333348576,1082604.5065982402,835190.9511805678,364918.18584837584,1000000,1000000
2025-04-22T12:40:00.000+0000,837374.2842010561,413359.333348576,1080157.6488534445,834419.95203372,364918.18584837584,1000000,1000000
2025-04-22T12:50:00.000+0000,836943.239912576,413359.333348576,1085136.3171902874,833942.6668475759,364918.18584837584,1000000,1000000
2025-04-22T13:00:00.000+0000,837739.0139836159,413359.333348576,1086550.234640039,834823.8087296879,364918.18584837584,1000000,1000000
2025-04-22T13:10:00.000+0000,837208.497936256,413359.333348576,1090808.9410139017,834236.3808082798,364918.18584837584,1000000,1000000
2025-04-22T13:20:00.000+0000,839430.033884576,413359.333348576,1090162.70268194,836696.2352291759,364918.18584837584,1000000,1000000
2025-04-22T13:30:00.000+0000,834323.8169287359,413359.333348576,1089363.5978071368,831042.2414856239,364918.18584837584,1000000,1000000
2025-04-22T13:40:00.000+0000,832201.7527392961,413359.333348576,1094032.6072398047,828692.529799992,364918.18584837584,1000000,1000000
2025-04-22T13:50:00.000+0000,833528.0428576961,413359.333348576,1093229.0262913138,830161.0996035119,364918.18584837584,1000000,1000000
2025-04-22T14:00:00.000+0000,831074.406138656,413359.333348576,1094922.5217279904,827444.245467,364918.18584837584,1000000,1000000
2025-04-22T14:10:00.000+0000,829184.4427199359,413359.333348576,1100202.7574974648,825351.5334969838,364918.18584837584,1000000,1000000
2025-04-22T14:20:00.000+0000,832566.4825218561,413359.333348576,1098463.1990743997,829096.38649596,364918.18584837584,1000000,1000000
2025-04-22T14:30:00.000+0000,831008.091632736,413359.333348576,1099087.7550436868,827370.8169768238,364918.18584837584,1000000,1000000
2025-04-22T14:40:00.000+0000,830676.5191031359,413359.333348576,1102882.230548698,827003.6745259438,364918.18584837584,1000000,1000000
2025-04-22T14:50:00.000+0000,830477.575585376,413359.333348576,1105984.504186249,826783.3890554158,364918.18584837584,1000000,1000000
2025-04-22T15:00:00.000+0000,830344.9465735359,413359.333348576,1114000.8293851444,826636.5320750639,364918.18584837584,1000000,1000000
2025-04-22T15:10:00.000+0000,830742.833609056,413359.333348576,1120973.7573826425,827077.1030161199,364918.18584837584,1000000,1000000
2025-04-22T15:20:00.000+0000,832898.055051456,413359.333348576,1119654.8648268287,829463.5289468399,364918.18584837584,1000000,1000000
2025-04-22T15:30:00.000+0000,834854.3329760961,413359.333348576,1113943.6889795065,831629.6694070318,364918.18584837584,1000000,1000000
2025-04-22T15:40:00.000+0000,834754.861217216,413359.333348576,1110504.1366998386,831519.5266717678,364918.18584837584,1000000,1000000
2025-04-22T15:50:00.000+0000,838501.630801696,413359.333348576,1114200.0997004276,835668.2363667118,364918.18584837584,1000000,1000000
2025-04-22T16:00:00.000+0000,837009.5544184961,413359.333348576,1118952.267390644,834016.0953377518,364918.18584837584,1000000,1000000
2025-04-22T16:10:00.000+0000,839562.6628964159,413359.333348576,1113458.14641764,836843.0922095277,364918.18584837584,1000000,1000000
2025-04-22T16:20:00.000+0000,842082.614121376,413359.333348576,1115402.1229137017,839633.3748362157,364918.18584837584,1000000,1000000
2025-04-22T16:30:00.000+0000,842016.299615456,413359.333348576,1115821.7444174886,839559.9463460399,364918.18584837584,1000000,1000000
2025-04-22T16:40:00.000+0000,841021.582026656,413359.333348576,1113383.7284028637,838458.5189933998,364918.18584837584,1000000,1000000
2025-04-22T16:50:00.000+0000,839363.719378656,413359.333348576,1112673.3228377507,836622.8067389998,364918.18584837584,1000000,1000000
2025-04-22T17:00:00.000+0000,836346.4093592961,413359.333348576,1115783.7759914203,833281.810435992,364918.18584837584,1000000,1000000
2025-04-22T17:10:00.000+0000,836512.1956240961,413359.333348576,1112101.9883248527,833465.3816614319,364918.18584837584,1000000,1000000
2025-04-22T17:20:00.000+0000,834423.2886876161,413359.333348576,1112725.1120836725,831152.3842208879,364918.18584837584,1000000,1000000
2025-04-22T17:30:00.000+0000,832201.7527392961,413359.333348576,1114532.7048585825,828692.529799992,364918.18584837584,1000000,1000000
2025-04-22T17:40:00.000+0000,833395.413845856,413359.333348576,1115201.974912998,830014.2426231599,364918.18584837584,1000000,1000000
2025-04-22T17:50:00.000+0000,832168.595486336,413359.333348576,1116728.6191803862,828655.8155549038,364918.18584837584,1000000,1000000
2025-04-22T18:00:00.000+0000,832135.438233376,413359.333348576,1118655.8470465657,828619.1013098159,364918.18584837584,1000000,1000000
2025-04-22T18:10:00.000+0000,835782.7360589759,413359.333348576,1117751.5892528538,832657.6682694957,364918.18584837584,1000000,1000000
2025-04-22T18:20:00.000+0000,838567.9453076161,413359.333348576,1117239.9861857558,835741.6648568879,364918.18584837584,1000000,1000000
2025-04-22T18:30:00.000+0000,836810.6109007361,413359.333348576,1117363.9658659229,833795.809867224,364918.18584837584,1000000,1000000
2025-04-22T18:40:00.000+0000,832599.6397748159,413359.333348576,1117936.0022959583,829133.1007410478,364918.18584837584,1000000,1000000
2025-04-22T18:50:00.000+0000,831240.1924034561,413359.333348576,1119211.745008179,827627.81669244,364918.18584837584,1000000,1000000
2025-04-22T19:00:00.000+0000,830610.204597216,413359.333348576,1119984.5766978357,826930.2460357677,364918.18584837584,1000000,1000000
2025-04-22T19:10:00.000+0000,830278.6320676161,413359.333348576,1119577.822685722,826563.1035848879,364918.18584837584,1000000,1000000
2025-04-22T19:20:00.000+0000,830709.6763560959,413359.333348576,1117890.4789281646,827040.3887710318,364918.18584837584,1000000,1000000
2025-04-22T19:30:00.000+0000,830245.4748146561,413359.333348576,1112004.9045094433,826526.3893397999,364918.18584837584,1000000,1000000
2025-04-22T19:40:00.000+0000,830941.777126816,413359.333348576,1112311.6732803495,827297.3884866479,364918.18584837584,1000000,1000000
2025-04-22T19:50:00.000+0000,830610.204597216,413359.333348576,1114782.1549474318,826930.2460357677,364918.18584837584,1000000,1000000
2025-04-22T20:00:00.000+0000,830212.317561696,413359.333348576,1115573.9924149518,826489.6750947118,364918.18584837584,1000000,1000000
2025-04-22T20:10:00.000+0000,831107.5633916161,413359.333348576,1114257.059171261,827480.9597120879,364918.18584837584,1000000,1000000
2025-04-22T20:20:00.000+0000,829250.757225856,413359.333348576,1114223.618643963,825424.9619871597,364918.18584837584,1000000,1000000
2025-04-22T20:30:00.000+0000,829018.6564551359,413359.333348576,1115470.7181202443,825167.9622715438,364918.18584837584,1000000,1000000
2025-04-22T20:40:00.000+0000,829317.071731776,413359.333348576,1115920.1612616715,825498.3904773359,364918.18584837584,1000000,1000000
2025-04-22T20:50:00.000+0000,835650.107047136,413359.333348576,1115670.4577211346,832510.8112891439,364918.18584837584,1000000,1000000
2025-04-22T21:00:00.000+0000,834522.760446496,413359.333348576,1115415.5144745102,831262.5269561519,364918.18584837584,1000000,1000000
2025-04-22T21:10:00.000+0000,834555.917699456,413359.333348576,1117150.9789444094,831299.2412012399,364918.18584837584,1000000,1000000
2025-04-22T21:20:00.000+0000,829880.745032096,413359.333348576,1121550.1221790072,826122.5326438319,364918.18584837584,1000000,1000000
2025-04-22T21:30:00.000+0000,828886.027443296,413359.333348576,1122408.280367311,825021.105291192,364918.18584837584,1000000,1000000
2025-04-22T21:40:00.000+0000,824111.383017056,413359.333348576,1125313.0324982358,819734.2539985199,364918.18584837584,1000000,1000000
2025-04-22T21:50:00.000+0000,823647.1814756158,413359.333348576,1141294.095292493,819220.2545672877,364918.18584837584,1000000,1000000
2025-04-22T22:00:00.000+0000,823083.508175296,413359.333348576,1141191.857508341,818596.1124007918,364918.18584837584,1000000,1000000
2025-04-22T22:10:00.000+0000,823348.766198976,413359.333348576,1139341.1955523686,818889.8263614958,364918.18584837584,1000000,1000000
2025-04-22T22:20:00.000+0000,823415.0807048961,413359.333348576,1143648.329005922,818963.2548516719,364918.18584837584,1000000,1000000
2025-04-22T22:30:00.000+0000,823216.1371871361,413359.333348576,1138389.6809342576,818742.9693811439,364918.18584837584,1000000,1000000
2025-04-22T22:40:00.000+0000,828852.8701903359,413359.333348576,1138275.9875477352,824984.3910461038,364918.18584837584,1000000,1000000
2025-04-22T22:50:00.000+0000,829250.757225856,413359.333348576,1140607.2014715096,825424.9619871597,364918.18584837584,1000000,1000000
2025-04-22T23:00:00.000+0000,821724.0608039359,413359.333348576,1146443.5476043448,817090.8283521838,364918.18584837584,1000000,1000000
2025-04-22T23:10:00.000+0000,819403.0530967358,413359.333348576,1146370.7718614028,814520.8311960238,364918.18584837584,1000000,1000000
2025-04-22T23:20:00.000+0000,819403.0530967358,413359.333348576,1144798.4604253983,814520.8311960238,364918.18584837584,1000000,1000000
2025-04-22T23:30:00.000+0000,818109.920231296,413359.333348576,1149095.4952993095,813088.9756375919,364918.18584837584,1000000,1000000
2025-04-22T23:40:00.000+0000,816717.3156069759,413359.333348576,1149967.7286578,811546.9773438959,364918.18584837584,1000000,1000000
2025-04-22T23:50:00.000+0000,815855.227030016,413359.333348576,1149685.0683000884,810592.4069716078,364918.18584837584,1000000,1000000
2025-04-23T00:00:00.000+0000,817082.0453895358,413359.333348576,1148084.8312208108,811950.8340398638,364918.18584837584,1000000,1000000
2025-04-23T00:10:00.000+0000,819635.153867456,413359.333348576,1148247.922013084,814777.8309116398,364918.18584837584,1000000,1000000
2025-04-23T00:20:00.000+0000,821094.072997696,413359.333348576,1148082.1583849648,816393.2576955119,364918.18584837584,1000000,1000000
2025-04-23T00:30:00.000+0000,825437.673135456,413359.333348576,1146386.7689466444,821202.82380204,364918.18584837584,1000000,1000000
2025-04-23T00:40:00.000+0000,828886.027443296,413359.333348576,1143343.5951851879,825021.105291192,364918.18584837584,1000000,1000000
2025-04-23T00:50:00.000+0000,835219.062758656,413359.333348576,1143428.5044063984,832033.5261029998,364918.18584837584,1000000,1000000
2025-04-23T01:00:00.000+0000,830013.3740439359,413359.333348576,1142967.2272738628,826269.3896241838,364918.18584837584,1000000,1000000
2025-04-23T01:10:00.000+0000,827957.6243604161,413359.333348576,1151630.555741527,823993.106428728,364918.18584837584,1000000,1000000
2025-04-23T01:20:00.000+0000,823779.8104874559,413359.333348576,1149297.8945178702,819367.1115476398,364918.18584837584,1000000,1000000
2025-04-23T01:30:00.000+0000,824641.899064416,413359.333348576,1150377.8928512947,820321.6819199277,364918.18584837584,1000000,1000000
2025-04-23T01:40:00.000+0000,827692.3663367359,413359.333348576,1148301.2789395852,823699.3924680238,364918.18584837584,1000000,1000000
2025-04-23T01:50:00.000+0000,828952.3419492159,413359.333348576,1144367.705545082,825094.5337813678,364918.18584837584,1000000,1000000
2025-04-23T02:00:00.000+0000,824840.842582176,413359.333348576,1144603.745995609,820541.9673904558,364918.18584837584,1000000,1000000
2025-04-23T02:10:00.000+0000,824641.899064416,413359.333348576,1147452.7447773537,820321.6819199277,364918.18584837584,1000000,1000000
2025-04-23T02:20:00.000+0000,824774.5280762562,413359.333348576,1152949.4355419455,820468.5389002799,364918.18584837584,1000000,1000000
2025-04-23T02:30:00.000+0000,829217.599972896,413359.333348576,1153331.7313140174,825388.2477420719,364918.18584837584,1000000,1000000
2025-04-23T02:40:00.000+0000,828322.354142976,413359.333348576,1155353.5377165317,824396.9631246959,364918.18584837584,1000000,1000000
2025-04-23T02:50:00.000+0000,828587.6121666561,413359.333348576,1154658.96903578,824690.6770853999,364918.18584837584,1000000,1000000
2025-04-23T03:00:00.000+0000,829549.172502496,413359.333348576,1152341.6277713869,825755.3901929518,364918.18584837584,1000000,1000000
2025-04-23T03:10:00.000+0000,832069.123727456,413359.333348576,1150990.7773082424,828545.6728196398,364918.18584837584,1000000,1000000
2025-04-23T03:20:00.000+0000,828222.882384096,413359.333348576,1152276.9622541096,824286.8203894319,364918.18584837584,1000000,1000000
2025-04-23T03:30:00.000+0000,823348.766198976,413359.333348576,1152873.420848708,818889.8263614958,364918.18584837584,1000000,1000000
2025-04-23T03:40:00.000+0000,822950.879163456,413359.333348576,1156073.383803173,818449.2554204399,364918.18584837584,1000000,1000000
2025-04-23T03:50:00.000+0000,822552.9921279361,413359.333348576,1156860.82399167,818008.684479384,364918.18584837584,1000000,1000000
2025-04-23T04:00:00.000+0000,821293.016515456,413359.333348576,1157251.495314264,816613.5431660397,364918.18584837584,1000000,1000000
2025-04-23T04:10:00.000+0000,821359.331021376,413359.333348576,1155161.820826714,816686.9716562158,364918.18584837584,1000000,1000000
2025-04-23T04:20:00.000+0000,822486.677622016,413359.333348576,1153574.5387990111,817935.2559892079,364918.18584837584,1000000,1000000
2025-04-23T04:30:00.000+0000,822420.363116096,413359.333348576,1154963.8107422914,817861.8274990319,364918.18584837584,1000000,1000000
2025-04-23T04:40:00.000+0000,821790.3753098561,413359.333348576,1158868.2531292357,817164.2568423599,364918.18584837584,1000000,1000000
2025-04-23T04:50:00.000+0000,819071.4805671361,413359.333348576,1163800.9316911253,814153.6887451438,364918.18584837584,1000000,1000000
2025-04-23T05:00:00.000+0000,819137.795073056,413359.333348576,1164434.0030968855,814227.1172353199,364918.18584837584,1000000,1000000
2025-04-23T05:10:00.000+0000,817347.303413216,413359.333348576,1162814.2852639933,812244.5480005678,364918.18584837584,1000000,1000000
2025-04-23T05:20:00.000+0000,819734.6256263361,413359.333348576,1164000.297569918,814887.9736469039,364918.18584837584,1000000,1000000
2025-04-23T05:30:00.000+0000,821491.960033216,413359.333348576,1164316.4048079965,816833.8286365679,364918.18584837584,1000000,1000000
2025-04-23T05:40:00.000+0000,821724.0608039359,413359.333348576,1165835.5228368274,817090.8283521838,364918.18584837584,1000000,1000000
2025-04-23T05:50:00.000+0000,823348.766198976,413359.333348576,1163770.0887057823,818889.8263614958,364918.18584837584,1000000,1000000
2025-04-23T06:00:00.000+0000,824608.741811456,413359.333348576,1162333.249476418,820284.9676748399,364918.18584837584,1000000,1000000
2025-04-23T06:10:00.000+0000,825006.628846976,413359.333348576,1165953.5206355606,820725.5386158959,364918.18584837584,1000000,1000000
2025-04-23T06:20:00.000+0000,824973.4715940161,413359.333348576,1165741.5830177348,820688.824370808,364918.18584837584,1000000,1000000
2025-04-23T06:30:00.000+0000,825570.302147296,413359.333348576,1165678.0718800756,821349.6807823918,364918.18584837584,1000000,1000000
2025-04-23T06:40:00.000+0000,825338.201376576,413359.333348576,1164819.0118816153,821092.6810667759,364918.18584837584,1000000,1000000
2025-04-23T06:50:00.000+0000,822586.149380896,413359.333348576,1162758.8064731616,818045.3987244718,364918.18584837584,1000000,1000000
2025-04-23T07:00:00.000+0000,822552.9921279361,413359.333348576,1160065.5273193286,818008.684479384,364918.18584837584,1000000,1000000
2025-04-23T07:10:00.000+0000,827626.051830816,413359.333348576,1159540.078376733,823625.9639778478,364918.18584837584,1000000,1000000
2025-04-23T07:20:00.000+0000,829681.8015143359,413359.333348576,1160061.0327232913,825902.247173304,364918.18584837584,1000000,1000000
2025-04-23T07:30:00.000+0000,829350.2289847359,413359.333348576,1162267.1949833971,825535.1047224238,364918.18584837584,1000000,1000000
2025-04-23T07:40:00.000+0000,831604.9221860161,413359.333348576,1162155.3289539795,828031.6733884078,364918.18584837584,1000000,1000000
2025-04-23T07:50:00.000+0000,827029.221277536,413359.333348576,1163344.691450763,822965.1075662638,364918.18584837584,1000000,1000000
2025-04-23T08:00:00.000+0000,828753.398431456,413359.333348576,1165093.9965625615,824874.2483108399,364918.18584837584,1000000,1000000
2025-04-23T08:10:00.000+0000,825702.9311591359,413359.333348576,1166838.299124079,821496.5377627439,364918.18584837584,1000000,1000000
2025-04-23T08:20:00.000+0000,825072.943352896,413359.333348576,1169399.6159593062,820798.967106072,364918.18584837584,1000000,1000000
2025-04-23T08:30:00.000+0000,825371.3586295359,413359.333348576,1168008.6775192278,821129.3953118637,364918.18584837584,1000000,1000000
2025-04-23T08:40:00.000+0000,822718.7783927361,413359.333348576,1168895.611564152,818192.2557048239,364918.18584837584,1000000,1000000
2025-04-23T08:50:00.000+0000,822619.3066338559,413359.333348576,1169835.9909489397,818082.1129695599,364918.18584837584,1000000,1000000
2025-04-23T09:00:00.000+0000,821989.318827616,413359.333348576,1170843.0058902241,817384.5423128878,364918.18584837584,1000000,1000000
2025-04-23T09:10:00.000+0000,821558.274539136,413359.333348576,1172415.8908960354,816907.2571267439,364918.18584837584,1000000,1000000
2025-04-23T09:20:00.000+0000,822984.036416416,413359.333348576,1171065.3859590227,818485.9696655279,364918.18584837584,1000000,1000000
2025-04-23T09:30:00.000+0000,824708.2135703359,413359.333348576,1169992.8952040267,820395.1104101038,364918.18584837584,1000000,1000000
2025-04-23T09:40:00.000+0000,822785.0928986559,413359.333348576,1169814.3941534434,818265.6841949997,364918.18584837584,1000000,1000000
2025-04-23T09:50:00.000+0000,823846.124993376,413359.333348576,1165980.520869664,819440.5400378157,364918.18584837584,1000000,1000000
2025-04-23T10:00:00.000+0000,827261.3220482559,413359.333348576,1161478.0922472114,823222.1072818799,364918.18584837584,1000000,1000000
2025-04-23T10:10:00.000+0000,829449.7007436159,413359.333348576,1162855.8175309445,825645.2474576879,364918.18584837584,1000000,1000000
2025-04-23T10:20:00.000+0000,827659.209083776,413359.333348576,1164939.9962319864,823662.6782229359,364918.18584837584,1000000,1000000
2025-04-23T10:30:00.000+0000,827526.580071936,413359.333348576,1166913.4863099374,823515.8212425839,364918.18584837584,1000000,1000000
2025-04-23T10:40:00.000+0000,827791.8380956159,413359.333348576,1167249.4403264157,823809.5352032878,364918.18584837584,1000000,1000000
2025-04-23T10:50:00.000+0000,827725.523589696,413359.333348576,1169391.75064639,823736.1067131119,364918.18584837584,1000000,1000000
2025-04-23T11:00:00.000+0000,827725.523589696,413359.333348576,1170115.8331119118,823736.1067131119,364918.18584837584,1000000,1000000
2025-04-23T11:10:00.000+0000,828222.882384096,413359.333348576,1171192.8074096348,824286.8203894319,364918.18584837584,1000000,1000000
2025-04-23T11:20:00.000+0000,826962.9067716161,413359.333348576,1170569.4984160578,822891.6790760879,364918.18584837584,1000000,1000000
2025-04-23T11:30:00.000+0000,829018.6564551359,413359.333348576,1169947.3821863313,825167.9622715438,364918.18584837584,1000000,1000000
2025-04-23T11:40:00.000+0000,829151.285466976,413359.333348576,1167792.323827209,825314.8192518959,364918.18584837584,1000000,1000000
2025-04-23T11:50:00.000+0000,830610.204597216,413359.333348576,1165752.6135110764,826930.2460357677,364918.18584837584,1000000,1000000
2025-04-23T12:00:00.000+0000,827990.781613376,413359.333348576,1167392.7712290557,824029.8206738158,364918.18584837584,1000000,1000000
2025-04-23T12:10:00.000+0000,822420.363116096,413359.333348576,1171363.3772656037,817861.8274990319,364918.18584837584,1000000,1000000
2025-04-23T12:20:00.000+0000,822155.105092416,413359.333348576,1170425.6963646552,817568.1135383279,364918.18584837584,1000000,1000000
2025-04-23T12:30:00.000+0000,823713.4959815361,413359.333348576,1171388.4672501036,819293.6830574638,364918.18584837584,1000000,1000000
2025-04-23T12:40:00.000+0000,824177.697522976,413359.333348576,1170801.078964682,819807.682488696,364918.18584837584,1000000,1000000
2025-04-23T12:50:00.000+0000,822420.363116096,413359.333348576,1172406.678496967,817861.8274990319,364918.18584837584,1000000,1000000
2025-04-23T13:00:00.000+0000,822519.834874976,413359.333348576,1171655.8826045196,817971.9702342958,364918.18584837584,1000000,1000000
2025-04-23T13:10:00.000+0000,822320.8913572159,413359.333348576,1174868.7399359816,817751.6847637678,364918.18584837584,1000000,1000000
2025-04-23T13:20:00.000+0000,824244.012028896,413359.333348576,1174861.081333145,819881.1109788718,364918.18584837584,1000000,1000000
2025-04-23T13:30:00.000+0000,823746.653234496,413359.333348576,1166940.0033329101,819330.3973025519,364918.18584837584,1000000,1000000
2025-04-23T13:40:00.000+0000,829714.958767296,413359.333348576,1165995.7303109188,825938.9614183919,364918.18584837584,1000000,1000000
2025-04-23T13:50:00.000+0000,833130.155822176,413359.333348576,1157803.006867964,829720.5286624559,364918.18584837584,1000000,1000000
2025-04-23T14:00:00.000+0000,836313.252106336,413359.333348576,1160212.3505178003,833245.0961909039,364918.18584837584,1000000,1000000
2025-04-23T14:10:00.000+0000,839363.719378656,413359.333348576,1155260.2627534573,836622.8067389998,364918.18584837584,1000000,1000000
2025-04-23T14:20:00.000+0000,835749.578806016,413359.333348576,1156446.7233843172,832620.9540244078,364918.18584837584,1000000,1000000
2025-04-23T14:30:00.000+0000,836843.768153696,413359.333348576,1160673.5139983667,833832.5241123119,364918.18584837584,1000000,1000000
2025-04-23T14:40:00.000+0000,833859.615387296,413359.333348576,1162139.0978456798,830528.2420543918,364918.18584837584,1000000,1000000
2025-04-23T14:50:00.000+0000,835119.5909997759,413359.333348576,1160475.0513390766,831923.3833677359,364918.18584837584,1000000,1000000
2025-04-23T15:00:00.000+0000,838369.001789856,413359.333348576,1158401.7056477894,835521.37938636,364918.18584837584,1000000,1000000
2025-04-23T15:10:00.000+0000,840391.594220416,413359.333348576,1150208.0755859986,837760.9483367279,364918.18584837584,1000000,1000000
2025-04-23T15:20:00.000+0000,846028.327223616,413359.333348576,1145501.7877931227,844002.3700016879,364918.18584837584,1000000,1000000
2025-04-23T15:30:00.000+0000,845630.440188096,413359.333348576,1149388.4506509872,843561.7990606318,364918.18584837584,1000000,1000000
2025-04-23T15:40:00.000+0000,843939.420287136,413359.333348576,1156397.2766994825,841689.372561144,364918.18584837584,1000000,1000000
2025-04-23T15:50:00.000+0000,841286.840050336,413359.333348576,1157788.0852752076,838752.2329541037,364918.18584837584,1000000,1000000
2025-04-23T16:00:00.000+0000,840690.009497056,413359.333348576,1161386.6713091135,838091.3765425199,364918.18584837584,1000000,1000000
2025-04-23T16:10:00.000+0000,843276.275227936,413359.333348576,1160133.36655597,840955.0876593839,364918.18584837584,1000000,1000000
2025-04-23T16:20:00.000+0000,850376.3185656001,413359.333348576,1156347.2274618545,848289.123852888,364918.18584837584,1000000,1000000
2025-04-23T16:30:00.000+0000,849821.8006151359,815281.905214688,1162211.1244643596,847657.4695309282,628335.9487157359,1000000,1000000
2025-04-23T16:40:00.000+0000,849776.73501648,815553.3892136,1165030.6739040331,847634.9367316001,830523.2638301601,1000000,1000000
2025-04-23T16:50:00.000+0000,849702.509324576,815553.3892136,1164863.2298645396,847597.8238856482,830523.2638301601,1000000,1000000
2025-04-23T17:00:00.000+0000,849379.0973812799,815553.3892136,1165849.1010616585,847436.1179140002,830523.2638301601,1000000,1000000
2025-04-23T17:10:00.000+0000,849413.559309664,815553.3892136,1168338.5513995383,847453.3488781921,830523.2638301601,1000000,1000000
2025-04-23T17:20:00.000+0000,849392.35196912,815553.3892136,1165614.6681634388,847442.7452079201,830523.2638301601,1000000,1000000
2025-04-23T17:30:00.000+0000,849543.4542704959,815553.3892136,1164513.8668828483,847518.2963586082,830523.2638301601,1000000,1000000
2025-04-23T17:40:00.000+0000,849729.018500256,815553.3892136,1164266.0471295353,847611.0784734881,830523.2638301601,1000000,1000000
2025-04-23T17:50:00.000+0000,849577.91619888,815553.3892136,1164359.496812124,847535.5273228001,830523.2638301601,1000000,1000000
2025-04-23T18:00:00.000+0000,849182.929481248,815553.3892136,1167710.0478738009,847338.0339639841,830523.2638301601,1000000,1000000
2025-04-23T18:10:00.000+0000,849055.685437984,815553.3892136,1171367.0113181146,847274.4119423522,830523.2638301601,1000000,1000000
2025-04-23T18:20:00.000+0000,849257.155173152,815553.3892136,1169363.0430649312,847375.1468099362,830523.2638301601,1000000,1000000
2025-04-23T18:30:00.000+0000,849432.11573264,815553.3892136,1167444.8887968494,847462.6270896802,830523.2638301601,1000000,1000000
2025-04-23T18:40:00.000+0000,849339.33361776,815553.3892136,1164749.930102921,847416.2360322401,830523.2638301601,1000000,1000000
2025-04-23T18:50:00.000+0000,849429.464815072,815553.3892136,1164592.6355796903,847461.3016308962,830523.2638301601,1000000,1000000
2025-04-23T19:00:00.000+0000,849668.047396192,815553.3892136,1161236.718685591,847580.5929214561,830523.2638301601,1000000,1000000
2025-04-23T19:10:00.000+0000,849697.20748944,815553.3892136,1156908.751304576,847595.1729680802,830523.2638301601,1000000,1000000
2025-04-23T19:20:00.000+0000,850108.09971248,815553.3892136,1152857.4495402663,847800.6190796001,830523.2638301601,1000000,1000000
2025-04-23T19:30:00.000+0000,850057.732278688,815553.3892136,1154200.7139381375,847775.4353627041,830523.2638301601,1000000,1000000
2025-04-23T19:40:00.000+0000,850267.15476656,815553.3892136,1158319.419939243,847880.1466066402,830523.2638301601,1000000,1000000
2025-04-23T19:50:00.000+0000,849991.459339488,815553.3892136,1156490.2115496132,847742.2988931042,830523.2638301601,1000000,1000000
2025-04-23T20:00:00.000+0000,849890.724471904,815553.3892136,1159993.3631608763,847691.9314593121,830523.2638301601,1000000,1000000
2025-04-23T20:10:00.000+0000,850214.1364152,815553.3892136,1160955.2455104748,847853.6374309602,830523.2638301601,1000000,1000000
2025-04-23T20:20:00.000+0000,850158.467146272,815553.3892136,1164434.220122826,847825.8027964962,830523.2638301601,1000000,1000000
2025-04-23T20:30:00.000+0000,850070.9868665279,815553.3892136,1165551.0090702302,847782.0626566241,830523.2638301601,1000000,1000000
2025-04-23T20:40:00.000+0000,849999.412092192,815553.3892136,1163987.2600090774,847746.2752694561,830523.2638301601,1000000,1000000
2025-04-23T20:50:00.000+0000,849848.3097908159,815553.3892136,1163933.0865831967,847670.7241187681,830523.2638301601,1000000,1000000
2025-04-23T21:00:00.000+0000,849508.992342112,815553.3892136,1165192.173143767,847501.0653944161,830523.2638301601,1000000,1000000
2025-04-23T21:10:00.000+0000,849919.884565152,815553.3892136,1165779.252714011,847706.5115059362,830523.2638301601,1000000,1000000
2025-04-23T21:20:00.000+0000,849665.396478624,815553.3892136,1164914.8380695053,847579.2674626722,830523.2638301601,1000000,1000000
2025-04-23T21:30:00.000+0000,849622.981797536,815553.3892136,1164590.6873544788,847558.0601221281,830523.2638301601,1000000,1000000
2025-04-23T21:40:00.000+0000,849763.48042864,815553.3892136,1161977.59257012,847628.3094376802,830523.2638301601,1000000,1000000
2025-04-23T21:50:00.000+0000,849755.527675936,815553.3892136,1161484.4229519079,847624.3330613282,830523.2638301601,1000000,1000000
2025-04-23T22:00:00.000+0000,850007.364844896,815553.3892136,1161780.0275162382,847750.2516458081,830523.2638301601,1000000,1000000
2025-04-23T22:10:00.000+0000,850031.223103008,815553.3892136,1161526.199214256,847762.1807748642,830523.2638301601,1000000,1000000
2025-04-23T22:20:00.000+0000,849956.9974111039,815553.3892136,1163464.986439884,847725.0679289121,830523.2638301601,1000000,1000000
2025-04-23T22:30:00.000+0000,849853.611625952,815553.3892136,1165067.541627012,847673.3750363361,830523.2638301601,1000000,1000000
2025-04-23T22:40:00.000+0000,849652.141890784,815553.3892136,1166824.2744402047,847572.6401687522,830523.2638301601,1000000,1000000
2025-04-23T22:50:00.000+0000,849620.330879968,815553.3892136,1167518.370481325,847556.7346633441,830523.2638301601,1000000,1000000
2025-04-23T23:00:00.000+0000,849469.228578592,815553.3892136,1167779.8778902707,847481.1835126561,830523.2638301601,1000000,1000000
2025-04-23T23:10:00.000+0000,849336.682700192,815553.3892136,1167686.1814161213,847414.9105734562,830523.2638301601,1000000,1000000
2025-04-23T23:20:00.000+0000,849355.2391231679,815553.3892136,1167311.7259246125,847424.1887849441,830523.2638301601,1000000,1000000
2025-04-23T23:30:00.000+0000,849628.2836326719,815553.3892136,1166372.395739335,847560.7110396961,830523.2638301601,1000000,1000000
2025-04-23T23:40:00.000+0000,849792.6405218879,815553.3892136,1163838.6204794454,847642.8894843041,830523.2638301601,1000000,1000000
2025-04-23T23:50:00.000+0000,849832.404285408,815553.3892136,1163337.0541807597,847662.7713660642,830523.2638301601,1000000,1000000
2025-04-24T00:00:00.000+0000,849734.3203353919,815553.3892136,1164159.9522799146,847613.7293910561,830523.2638301601,1000000,1000000
2025-04-24T00:10:00.000+0000,850047.128608416,815553.3892136,1162890.2342238077,847770.1335275682,830523.2638301601,1000000,1000000
2025-04-24T00:20:00.000+0000,850354.635046304,815553.3892136,1159746.1251003623,847923.8867465121,830523.2638301601,1000000,1000000
2025-04-24T00:30:00.000+0000,850312.220365216,815553.3892136,1159046.0365103418,847902.6794059682,830523.2638301601,1000000,1000000
2025-04-24T00:40:00.000+0000,850373.1914692799,815553.3892136,1160913.2433809,847933.1649580002,830523.2638301601,1000000,1000000
2025-04-24T00:50:00.000+0000,850696.603412576,815553.3892136,1160488.0035458046,848094.8709296482,830523.2638301601,1000000,1000000
2025-04-24T01:00:00.000+0000,850317.5222003519,815553.3892136,1160522.1599980476,847905.3303235362,830523.2638301601,1000000,1000000
2025-04-24T01:10:00.000+0000,850304.267612512,815553.3892136,1156009.6677726428,847898.7030296162,830523.2638301601,1000000,1000000
2025-04-24T01:20:00.000+0000,850177.0235692479,815553.3892136,1155787.195200983,847835.0810079841,830523.2638301601,1000000,1000000
2025-04-24T01:30:00.000+0000,850002.06300976,815553.3892136,1158900.8167436887,847747.6007282401,830523.2638301601,1000000,1000000
2025-04-24T01:40:00.000+0000,849935.79007056,815553.3892136,1158857.2430131894,847714.4642586402,830523.2638301601,1000000,1000000
2025-04-24T01:50:00.000+0000,849771.433181344,815553.3892136,1160411.904457491,847632.2858140322,830523.2638301601,1000000,1000000
2025-04-24T02:00:00.000+0000,849800.593274592,815553.3892136,1160631.6596987217,847646.8658606561,830523.2638301601,1000000,1000000
2025-04-24T02:10:00.000+0000,849694.556571872,815553.3892136,1162065.1810699764,847593.8475092961,830523.2638301601,1000000,1000000
2025-04-24T02:20:00.000+0000,849477.181331296,815553.3892136,1162385.4527272754,847485.1598890082,830523.2638301601,1000000,1000000
2025-04-24T02:30:00.000+0000,849524.89784752,815553.3892136,1160558.070945592,847509.0181471201,830523.2638301601,1000000,1000000
2025-04-24T02:40:00.000+0000,849959.6483286719,815553.3892136,1153800.9465541963,847726.3933876961,830523.2638301601,1000000,1000000
2025-04-24T02:50:00.000+0000,850293.66394224,815553.3892136,1153464.2915028061,847893.4011944801,830523.2638301601,1000000,1000000
2025-04-24T03:00:00.000+0000,850187.62723952,815553.3892136,1152783.4969353005,847840.3828431201,830523.2638301601,1000000,1000000
2025-04-24T03:10:00.000+0000,850235.3437557439,815553.3892136,1155021.6551283663,847864.2411012321,830523.2638301601,1000000,1000000
2025-04-24T03:20:00.000+0000,850105.448794912,815553.3892136,1156381.8743144495,847799.2936208162,830523.2638301601,1000000,1000000
2025-04-24T03:30:00.000+0000,850145.212558432,815553.3892136,1152127.5443378491,847819.1755025762,830523.2638301601,1000000,1000000
2025-04-24T03:40:00.000+0000,850739.018093664,815553.3892136,1149652.599418339,848116.0782701921,830523.2638301601,1000000,1000000
2025-04-24T03:50:00.000+0000,850892.7713126079,815553.3892136,1146197.6731614575,848192.9548796641,830523.2638301601,1000000,1000000
2025-04-24T04:00:00.000+0000,850839.7529612479,815553.3892136,1145471.6486942237,848166.4457039841,830523.2638301601,1000000,1000000
2025-04-24T04:10:00.000+0000,850744.3199288,815553.3892136,1143502.2318542213,848118.7291877602,830523.2638301601,1000000,1000000
2025-04-24T04:20:00.000+0000,850683.348824736,815553.3892136,1147009.7803414823,848088.2436357281,830523.2638301601,1000000,1000000
2025-04-24T04:30:00.000+0000,850813.2437855679,815553.3892136,1145027.913072654,848153.1911161442,830523.2638301601,1000000,1000000
2025-04-24T04:40:00.000+0000,850757.5745166399,815553.3892136,1145176.5330990064,848125.3564816802,830523.2638301601,1000000,1000000
2025-04-24T04:50:00.000+0000,850739.018093664,815553.3892136,1147461.1214020357,848116.0782701921,830523.2638301601,1000000,1000000
2025-04-24T05:00:00.000+0000,850670.0942368959,815553.3892136,1150472.6428852994,848081.6163418081,830523.2638301601,1000000,1000000
2025-04-24T05:10:00.000+0000,850648.8868963519,815553.3892136,1149498.745402196,848071.0126715362,830523.2638301601,1000000,1000000
2025-04-24T05:20:00.000+0000,850670.0942368959,815553.3892136,1145936.566734068,848081.6163418081,830523.2638301601,1000000,1000000
2025-04-24T05:30:00.000+0000,850463.322666592,815553.3892136,1147573.9082856071,847978.2305566561,830523.2638301601,1000000,1000000
2025-04-24T05:40:00.000+0000,850487.180924704,815553.3892136,1148778.4105774506,847990.1596857122,830523.2638301601,1000000,1000000
2025-04-24T05:50:00.000+0000,850426.2098206399,815553.3892136,1147365.4172879558,847959.6741336802,830523.2638301601,1000000,1000000
2025-04-24T06:00:00.000+0000,850394.398809824,815553.3892136,1148017.3514180663,847943.7686282721,830523.2638301601,1000000,1000000
2025-04-24T06:10:00.000+0000,850431.511655776,815553.3892136,1145057.5851034427,847962.3250512482,830523.2638301601,1000000,1000000
2025-04-24T06:20:00.000+0000,850291.0130246719,815553.3892136,1146455.0887964221,847892.0757356961,830523.2638301601,1000000,1000000
2025-04-24T06:30:00.000+0000,850463.322666592,815553.3892136,1148974.918876549,847978.2305566561,830523.2638301601,1000000,1000000
2025-04-24T06:40:00.000+0000,850556.104781472,815553.3892136,1148025.1897484795,848024.6216140961,830523.2638301601,1000000,1000000
2025-04-24T06:50:00.000+0000,850646.2359787839,815553.3892136,1145574.283849508,848069.6872127522,830523.2638301601,1000000,1000000
2025-04-24T07:00:00.000+0000,850768.178186912,815553.3892136,1145533.3124977723,848130.6583168161,830523.2638301601,1000000,1000000
2025-04-24T07:10:00.000+0000,850598.51946256,815553.3892136,1148123.2020946746,848045.8289546402,830523.2638301601,1000000,1000000
2025-04-24T07:20:00.000+0000,850773.480022048,815553.3892136,1143139.4185666132,848133.3092343841,830523.2638301601,1000000,1000000
2025-04-24T07:30:00.000+0000,850776.130939616,815553.3892136,1142010.5697690838,848134.6346931681,830523.2638301601,1000000,1000000
2025-04-24T07:40:00.000+0000,850988.204345056,815553.3892136,1139997.830285385,848240.6713958881,830523.2638301601,1000000,1000000
2025-04-24T07:50:00.000+0000,851237.390596448,815553.3892136,1139283.9489438827,848365.2645215841,830523.2638301601,1000000,1000000
2025-04-24T08:00:00.000+0000,851070.382789664,815553.3892136,1138857.870988673,848281.7606181921,830523.2638301601,1000000,1000000
2025-04-24T08:10:00.000+0000,851237.390596448,815553.3892136,1136798.4229301265,848365.2645215841,830523.2638301601,1000000,1000000
2025-04-24T08:20:00.000+0000,851330.1727113279,815553.3892136,1133174.833834089,848411.6555790241,830523.2638301601,1000000,1000000
2025-04-24T08:30:00.000+0000,851473.3222599999,815553.3892136,1129821.8543460611,848483.2303533602,830523.2638301601,1000000,1000000
2025-04-24T08:40:00.000+0000,851616.471808672,815553.3892136,1128491.74147703,848554.8051276961,830523.2638301601,1000000,1000000
2025-04-24T08:50:00.000+0000,851510.435105952,815553.3892136,1130078.4435681752,848501.7867763361,830523.2638301601,1000000,1000000
2025-04-24T09:00:00.000+0000,851134.004811296,815553.3892136,1133227.482912692,848313.5716290082,830523.2638301601,1000000,1000000
2025-04-24T09:10:00.000+0000,851149.910316704,815553.3892136,1135591.6167068835,848321.5243817122,830523.2638301601,1000000,1000000
2025-04-24T09:20:00.000+0000,851022.66627344,815553.3892136,1137383.5111084,848257.9023600802,830523.2638301601,1000000,1000000
2025-04-24T09:30:00.000+0000,850587.915792288,815553.3892136,1136048.939493274,848040.5271195042,830523.2638301601,1000000,1000000
2025-04-24T09:40:00.000+0000,850556.104781472,815553.3892136,1136126.2522463556,848024.6216140961,830523.2638301601,1000000,1000000
2025-04-24T09:50:00.000+0000,850526.944688224,815553.3892136,1135236.6609342012,848010.0415674722,830523.2638301601,1000000,1000000
2025-04-24T10:00:00.000+0000,850516.341017952,815553.3892136,1137009.7662965292,848004.7397323361,830523.2638301601,1000000,1000000
2025-04-24T10:10:00.000+0000,850781.4327747519,815553.3892136,1137146.0221487882,848137.2856107361,830523.2638301601,1000000,1000000
2025-04-24T10:20:00.000+0000,850906.025900448,815553.3892136,1139341.4168063486,848199.5821735841,830523.2638301601,1000000,1000000
2025-04-24T10:30:00.000+0000,851163.164904544,815553.3892136,1137718.5096319579,848328.1516756321,830523.2638301601,1000000,1000000
2025-04-24T10:40:00.000+0000,851078.335542368,815553.3892136,1139107.36328327,848285.7369945442,830523.2638301601,1000000,1000000
2025-04-24T10:50:00.000+0000,850988.204345056,815553.3892136,1138723.1584762698,848240.6713958881,830523.2638301601,1000000,1000000
2025-04-24T11:00:00.000+0000,850988.204345056,815553.3892136,1137696.3764162937,848240.6713958881,830523.2638301601,1000000,1000000
2025-04-24T11:10:00.000+0000,851311.616288352,815553.3892136,1136811.3768088373,848402.3773675362,830523.2638301601,1000000,1000000
2025-04-24T11:20:00.000+0000,851218.834173472,815553.3892136,1137101.036934748,848355.9863100961,830523.2638301601,1000000,1000000
2025-04-24T11:30:00.000+0000,851240.041514016,815553.3892136,1136918.4350316534,848366.5899803682,830523.2638301601,1000000,1000000
2025-04-24T11:40:00.000+0000,851483.925930272,815553.3892136,1137071.6219914625,848488.5321884961,830523.2638301601,1000000,1000000
2025-04-24T11:50:00.000+0000,851481.275012704,815553.3892136,1141011.3028892684,848487.2067297122,830523.2638301601,1000000,1000000
2025-04-24T12:00:00.000+0000,851523.689693792,815553.3892136,1140173.5919988349,848508.4140702562,830523.2638301601,1000000,1000000
2025-04-24T12:10:00.000+0000,851367.28555728,815553.3892136,1139945.1390483186,848430.2120020002,830523.2638301601,1000000,1000000
2025-04-24T12:20:00.000+0000,851266.550689696,815553.3892136,1143455.5043622083,848379.8445682081,830523.2638301601,1000000,1000000
2025-04-24T12:30:00.000+0000,851587.311715424,815553.3892136,1143424.972064848,848540.2250810722,830523.2638301601,1000000,1000000
2025-04-24T12:40:00.000+0000,851473.3222599999,815553.3892136,1144022.309536125,848483.2303533602,830523.2638301601,1000000,1000000
2025-04-24T12:50:00.000+0000,851324.870876192,815553.3892136,1144513.6149718333,848409.0046614561,830523.2638301601,1000000,1000000
2025-04-24T13:00:00.000+0000,851388.4928978239,815553.3892136,1145121.6844321955,848440.8156722721,830523.2638301601,1000000,1000000
2025-04-24T13:10:00.000+0000,851232.088761312,815553.3892136,1145587.0832483466,848362.6136040161,830523.2638301601,1000000,1000000
2025-04-24T13:20:00.000+0000,851232.088761312,815553.3892136,1146540.4740161244,848362.6136040161,830523.2638301601,1000000,1000000
2025-04-24T13:30:00.000+0000,851083.6373775039,815553.3892136,1148674.0630593009,848288.3879121122,830523.2638301601,1000000,1000000
2025-04-24T13:40:00.000+0000,851194.97591536,815553.3892136,1143999.8436464544,848344.0571810402,830523.2638301601,1000000,1000000
2025-04-24T13:50:00.000+0000,851189.674080224,815553.3892136,1142645.7127873711,848341.4062634722,830523.2638301601,1000000,1000000
2025-04-24T14:00:00.000+0000,850749.621763936,815553.3892136,1147809.4386597245,848121.3801053282,830523.2638301601,1000000,1000000
2025-04-24T14:10:00.000+0000,850627.679555808,815553.3892136,1150659.7181936386,848060.4090012641,830523.2638301601,1000000,1000000
2025-04-24T14:20:00.000+0000,850982.90250992,815553.3892136,1146339.0993869032,848238.0204783202,830523.2638301601,1000000,1000000
2025-04-24T14:30:00.000+0000,850709.858000416,815553.3892136,1149191.9641994978,848101.4982235682,830523.2638301601,1000000,1000000
2025-04-24T14:40:00.000+0000,850603.821297696,815553.3892136,1151773.2128414735,848048.4798722081,830523.2638301601,1000000,1000000
2025-04-24T14:50:00.000+0000,850590.5667098559,815553.3892136,1152662.3694190294,848041.8525782882,830523.2638301601,1000000,1000000
2025-04-24T15:00:00.000+0000,850513.690100384,815553.3892136,1151922.7357576157,848003.4142735521,830523.2638301601,1000000,1000000
2025-04-24T15:10:00.000+0000,850450.068078752,815553.3892136,1157226.6443234603,847971.6032627361,830523.2638301601,1000000,1000000
2025-04-24T15:20:00.000+0000,850709.858000416,815553.3892136,1154730.9656032242,848101.4982235682,830523.2638301601,1000000,1000000
2025-04-24T15:30:00.000+0000,850548.152028768,815553.3892136,1153175.3113052724,848020.6452377441,830523.2638301601,1000000,1000000
2025-04-24T15:40:00.000+0000,850444.766243616,815553.3892136,1154445.8201318795,847968.9523451681,830523.2638301601,1000000,1000000
2025-04-24T15:50:00.000+0000,850407.653397664,815553.3892136,1152512.496593756,847950.3959221921,830523.2638301601,1000000,1000000
2025-04-24T16:00:00.000+0000,850542.850193632,815553.3892136,1152704.132538614,848017.9943201762,830523.2638301601,1000000,1000000
2025-04-24T16:10:00.000+0000,850405.002480096,815553.3892136,1154215.4818489891,847949.0704634081,830523.2638301601,1000000,1000000
2025-04-24T16:20:00.000+0000,850407.653397664,815553.3892136,1156199.343260642,847950.3959221921,830523.2638301601,1000000,1000000
2025-04-24T16:30:00.000+0000,850489.831842272,815553.3892136,1159319.8267145315,847991.4851444962,830523.2638301601,1000000,1000000
2025-04-24T16:40:00.000+0000,850593.2176274239,815553.3892136,1160192.4535067528,848043.1780370722,830523.2638301601,1000000,1000000
2025-04-24T16:50:00.000+0000,850471.275419296,815553.3892136,1159188.736917562,847982.2069330082,830523.2638301601,1000000,1000000
2025-04-24T17:00:00.000+0000,850540.1992760639,815553.3892136,1156714.9691643976,848016.6688613922,830523.2638301601,1000000,1000000
2025-04-24T17:10:00.000+0000,850823.84745584,815553.3892136,1150505.1901313215,848158.4929512801,830523.2638301601,1000000,1000000
2025-04-24T17:20:00.000+0000,850951.0914991039,815553.3892136,1147763.4407988787,848222.1149729121,830523.2638301601,1000000,1000000
2025-04-24T17:30:00.000+0000,850741.669011232,815553.3892136,1151282.7541081535,848117.4037289761,830523.2638301601,1000000,1000000
2025-04-24T17:40:00.000+0000,850956.39333424,815553.3892136,1146870.128006617,848224.7658904801,830523.2638301601,1000000,1000000
2025-04-24T17:50:00.000+0000,850752.272681504,815553.3892136,1146413.2253718502,848122.7055641122,830523.2638301601,1000000,1000000
2025-04-24T18:00:00.000+0000,850585.26487472,815553.3892136,1154406.0914333714,848039.2016607202,830523.2638301601,1000000,1000000
2025-04-24T18:10:00.000+0000,850492.48275984,815553.3892136,1155726.7521715527,847992.8106032801,830523.2638301601,1000000,1000000
2025-04-24T18:20:00.000+0000,850177.0235692479,815553.3892136,1155468.8727616598,847835.0810079841,830523.2638301601,1000000,1000000
2025-04-24T18:30:00.000+0000,849893.375389472,815553.3892136,1157777.3292758737,847693.2569180961,830523.2638301601,1000000,1000000
2025-04-24T18:40:00.000+0000,849445.37032048,815553.3892136,1158713.9090398427,847469.2543836001,830523.2638301601,1000000,1000000
2025-04-24T18:50:00.000+0000,849159.0712231359,815553.3892136,1159235.3130301884,847326.1048349282,830523.2638301601,1000000,1000000
2025-04-24T19:00:00.000+0000,849167.02397584,815553.3892136,1157405.051941036,847330.0812112802,830523.2638301601,1000000,1000000
2025-04-24T19:10:00.000+0000,849482.483166432,815553.3892136,1155899.0061028404,847487.8108065762,830523.2638301601,1000000,1000000
2025-04-24T19:20:00.000+0000,849307.522606944,815553.3892136,1157231.4020920862,847400.3305268321,830523.2638301601,1000000,1000000
2025-04-24T19:30:00.000+0000,849047.73268528,815553.3892136,1159142.685576833,847270.4355660002,830523.2638301601,1000000,1000000
2025-04-24T19:40:00.000+0000,848424.7670568,815553.3892136,1158315.6725892308,846958.9527517601,830523.2638301601,1000000,1000000
2025-04-24T19:50:00.000+0000,848392.9560459839,815553.3892136,1159314.904100278,846943.0472463522,830523.2638301601,1000000,1000000
2025-04-24T20:00:00.000+0000,848536.105594656,815553.3892136,1158635.2296267543,847014.6220206881,830523.2638301601,1000000,1000000
2025-04-24T20:10:00.000+0000,848612.9822041279,815553.3892136,1159568.0166836951,847053.0603254242,830523.2638301601,1000000,1000000
2025-04-24T20:20:00.000+0000,848891.328548768,815553.3892136,1159001.5920995947,847192.2334977442,830523.2638301601,1000000,1000000
2025-04-24T20:30:00.000+0000,849076.8927785279,815553.3892136,1158551.696690358,847285.0156126241,830523.2638301601,1000000,1000000
2025-04-24T20:40:00.000+0000,848835.65927984,815553.3892136,1158440.005236441,847164.3988632802,830523.2638301601,1000000,1000000
2025-04-24T20:50:00.000+0000,848663.3496379199,815553.3892136,1158518.2883971052,847078.2440423202,830523.2638301601,1000000,1000000
2025-04-24T21:00:00.000+0000,848671.302390624,815553.3892136,1158097.220441298,847082.2204186722,830523.2638301601,1000000,1000000
2025-04-24T21:10:00.000+0000,848954.9505704,815553.3892136,1157820.2091970204,847224.0445085601,830523.2638301601,1000000,1000000
2025-04-24T21:20:00.000+0000,849023.8744271679,815553.3892136,1151075.646336473,847258.5064369441,830523.2638301601,1000000,1000000
2025-04-24T21:30:00.000+0000,849506.341424544,815553.3892136,1152540.56826782,847499.7399356321,830523.2638301601,1000000,1000000
2025-04-24T21:40:00.000+0000,849673.349231328,815553.3892136,1154219.6161681653,847583.2438390241,830523.2638301601,1000000,1000000
2025-04-24T21:50:00.000+0000,849479.832248864,815553.3892136,1155541.6844442766,847486.4853477922,830523.2638301601,1000000,1000000
2025-04-24T22:00:00.000+0000,849405.6065569599,815553.3892136,1155033.2831957792,847449.3725018401,830523.2638301601,1000000,1000000
2025-04-24T22:10:00.000+0000,849334.031782624,815553.3892136,1157606.762226127,847413.5851146721,830523.2638301601,1000000,1000000
2025-04-24T22:20:00.000+0000,849286.3152664,815553.3892136,1157449.0369338267,847389.7268565601,830523.2638301601,1000000,1000000
2025-04-24T22:30:00.000+0000,849222.693244768,815553.3892136,1158771.2792301895,847357.9158457442,830523.2638301601,1000000,1000000
2025-04-24T22:40:00.000+0000,849421.512062368,815553.3892136,1155911.2928998256,847457.3252545442,830523.2638301601,1000000,1000000
2025-04-24T22:50:00.000+0000,849508.992342112,815553.3892136,1154974.1922678843,847501.0653944161,830523.2638301601,1000000,1000000
2025-04-24T23:00:00.000+0000,849405.6065569599,815553.3892136,1155741.635315736,847449.3725018401,830523.2638301601,1000000,1000000
2025-04-24T23:10:00.000+0000,849294.268019104,815553.3892136,1158715.3751972613,847393.7032329121,830523.2638301601,1000000,1000000
2025-04-24T23:20:00.000+0000,849169.674893408,815553.3892136,1158573.7447473425,847331.4066700642,830523.2638301601,1000000,1000000
2025-04-24T23:30:00.000+0000,848893.979466336,815553.3892136,1163232.2060958843,847193.5589565281,830523.2638301601,1000000,1000000
2025-04-24T23:40:00.000+0000,848726.971659552,815553.3892136,1164053.51377018,847110.0550531362,830523.2638301601,1000000,1000000
2025-04-24T23:50:00.000+0000,848790.593681184,815553.3892136,1163413.9335072744,847141.8660639521,830523.2638301601,1000000,1000000
2025-04-25T00:00:00.000+0000,848461.879902752,815553.3892136,1162689.3610635824,846977.5091747361,830523.2638301601,1000000,1000000
2025-04-25T00:10:00.000+0000,848567.916605472,815553.3892136,1161395.2649118153,847030.5275260961,830523.2638301601,1000000,1000000
2025-04-25T00:20:00.000+0000,848493.690913568,815553.3892136,1163322.3440506323,846993.4146801442,830523.2638301601,1000000,1000000
2025-04-25T00:30:00.000+0000,848451.27623248,815553.3892136,1163339.835698375,846972.2073396002,830523.2638301601,1000000,1000000
2025-04-25T00:40:00.000+0000,848445.9743973439,815553.3892136,1164573.029009662,846969.5564220322,830523.2638301601,1000000,1000000
2025-04-25T00:50:00.000+0000,848400.908798688,815553.3892136,1164073.5949472978,846947.0236227041,830523.2638301601,1000000,1000000
2025-04-25T01:00:00.000+0000,848257.759250016,815553.3892136,1165021.3863544522,846875.4488483681,830523.2638301601,1000000,1000000
2025-04-25T01:10:00.000+0000,848249.8064973119,815553.3892136,1167121.9633595368,846871.4724720161,830523.2638301601,1000000,1000000
2025-04-25T01:20:00.000+0000,848339.937694624,815553.3892136,1163615.4131172209,846916.5380706722,830523.2638301601,1000000,1000000
2025-04-25T01:30:00.000+0000,848520.200089248,815553.3892136,1162634.1856808914,847006.6692679841,830523.2638301601,1000000,1000000
2025-04-25T01:40:00.000+0000,848554.6620176319,815553.3892136,1164160.6913303977,847023.9002321762,830523.2638301601,1000000,1000000
2025-04-25T01:50:00.000+0000,848612.9822041279,815553.3892136,1162860.289205339,847053.0603254242,830523.2638301601,1000000,1000000
2025-04-25T02:00:00.000+0000,848719.0189068479,815553.3892136,1162222.3907940192,847106.0786767842,830523.2638301601,1000000,1000000
2025-04-25T02:10:00.000+0000,848642.142297376,815553.3892136,1159856.5393236906,847067.6403720481,830523.2638301601,1000000,1000000
2025-04-25T02:20:00.000+0000,848822.404692,815553.3892136,1157000.6197658195,847157.7715693602,830523.2638301601,1000000,1000000
2025-04-25T02:30:00.000+0000,848843.612032544,815553.3892136,1155262.4305191068,847168.3752396321,830523.2638301601,1000000,1000000
2025-04-25T02:40:00.000+0000,849116.656542048,815553.3892136,1154993.939897742,847304.8974943841,830523.2638301601,1000000,1000000
2025-04-25T02:50:00.000+0000,849249.202420448,815553.3892136,1149802.8230550135,847371.1704335841,830523.2638301601,1000000,1000000
2025-04-25T03:00:00.000+0000,849615.029044832,815553.3892136,1150040.046928987,847554.0837457761,830523.2638301601,1000000,1000000
2025-04-25T03:10:00.000+0000,849607.076292128,815553.3892136,1153446.436917968,847550.1073694242,830523.2638301601,1000000,1000000
2025-04-25T03:20:00.000+0000,849583.218034016,815553.3892136,1152889.8020851826,847538.1782403681,830523.2638301601,1000000,1000000
2025-04-25T03:30:00.000+0000,849742.273088096,815553.3892136,1153799.5294855773,847617.7057674081,830523.2638301601,1000000,1000000
2025-04-25T03:40:00.000+0000,849440.068485344,815553.3892136,1157525.4445090457,847466.6034660322,830523.2638301601,1000000,1000000
2025-04-25T03:50:00.000+0000,849368.493711008,815553.3892136,1157651.6129742758,847430.8160788642,830523.2638301601,1000000,1000000
2025-04-25T04:00:00.000+0000,849143.165717728,815553.3892136,1157233.0667257293,847318.1520822241,830523.2638301601,1000000,1000000
2025-04-25T04:10:00.000+0000,849068.940025824,815553.3892136,1159718.9906514212,847281.0392362721,830523.2638301601,1000000,1000000
2025-04-25T04:20:00.000+0000,849159.0712231359,815553.3892136,1158435.341208769,847326.1048349282,830523.2638301601,1000000,1000000
2025-04-25T04:30:00.000+0000,849304.871689376,815553.3892136,1156399.1697819263,847399.0050680481,830523.2638301601,1000000,1000000
2025-04-25T04:40:00.000+0000,849180.27856368,815553.3892136,1158040.5157457148,847336.7085052001,830523.2638301601,1000000,1000000
2025-04-25T04:50:00.000+0000,849220.0423272,815553.3892136,1155948.6770016253,847356.5903869602,830523.2638301601,1000000,1000000
2025-04-25T05:00:00.000+0000,849326.0790299199,815553.3892136,1155986.4955274668,847409.6087383202,830523.2638301601,1000000,1000000
2025-04-25T05:10:00.000+0000,849246.55150288,815553.3892136,1158565.060611974,847369.8449748001,830523.2638301601,1000000,1000000
2025-04-25T05:20:00.000+0000,849249.202420448,815553.3892136,1159323.9523699111,847371.1704335841,830523.2638301601,1000000,1000000
2025-04-25T05:30:00.000+0000,849262.457008288,815553.3892136,1158494.697552015,847377.7977275042,830523.2638301601,1000000,1000000
2025-04-25T05:40:00.000+0000,849159.0712231359,815553.3892136,1157842.9441358838,847326.1048349282,830523.2638301601,1000000,1000000
2025-04-25T05:50:00.000+0000,849174.976728544,815553.3892136,1159323.5849193595,847334.0575876321,830523.2638301601,1000000,1000000
2025-04-25T06:00:00.000+0000,849241.2496677439,815553.3892136,1159811.3716202737,847367.1940572321,830523.2638301601,1000000,1000000
2025-04-25T06:10:00.000+0000,849339.33361776,815553.3892136,1161419.1678151602,847416.2360322401,830523.2638301601,1000000,1000000
2025-04-25T06:20:00.000+0000,849432.11573264,815553.3892136,1160530.1371501116,847462.6270896802,830523.2638301601,1000000,1000000
2025-04-25T06:30:00.000+0000,849193.53315152,815553.3892136,1165139.1703018046,847343.3357991201,830523.2638301601,1000000,1000000
2025-04-25T06:40:00.000+0000,849145.816635296,815553.3892136,1164935.7525315795,847319.4775410081,830523.2638301601,1000000,1000000
2025-04-25T06:50:00.000+0000,849055.685437984,815553.3892136,1167093.3033485168,847274.4119423522,830523.2638301601,1000000,1000000
2025-04-25T07:00:00.000+0000,848973.506993376,815553.3892136,1168660.8107097028,847233.3227200481,830523.2638301601,1000000,1000000
2025-04-25T07:10:00.000+0000,848968.2051582399,815553.3892136,1167208.9330438708,847230.6718024801,830523.2638301601,1000000,1000000
2025-04-25T07:20:00.000+0000,849235.947832608,815553.3892136,1164618.6782002314,847364.5431396641,830523.2638301601,1000000,1000000
2025-04-25T07:30:00.000+0000,849026.525344736,815553.3892136,1166129.8979794648,847259.8318957281,830523.2638301601,1000000,1000000
2025-04-25T07:40:00.000+0000,848968.2051582399,815553.3892136,1166993.3649243293,847230.6718024801,830523.2638301601,1000000,1000000
2025-04-25T07:50:00.000+0000,848851.564785248,815553.3892136,1167829.8147949076,847172.3516159841,830523.2638301601,1000000,1000000
2025-04-25T08:00:00.000+0000,848552.0111000639,815553.3892136,1170698.9858453101,847022.5747733922,830523.2638301601,1000000,1000000
2025-04-25T08:10:00.000+0000,848347.890447328,815553.3892136,1169940.198980341,846920.5144470241,830523.2638301601,1000000,1000000
2025-04-25T08:20:00.000+0000,848244.504662176,815553.3892136,1171019.5619362276,846868.8215544481,830523.2638301601,1000000,1000000
2025-04-25T08:30:00.000+0000,848241.853744608,815553.3892136,1170074.6919010128,846867.4960956641,830523.2638301601,1000000,1000000
2025-04-25T08:40:00.000+0000,848522.8510068159,815553.3892136,1170349.5687161002,847007.9947267681,830523.2638301601,1000000,1000000
2025-04-25T08:50:00.000+0000,848536.105594656,815553.3892136,1169978.7571082897,847014.6220206881,830523.2638301601,1000000,1000000
2025-04-25T09:00:00.000+0000,848451.27623248,815553.3892136,1166647.9371035087,846972.2073396002,830523.2638301601,1000000,1000000
2025-04-25T09:10:00.000+0000,848414.1633865279,815553.3892136,1165514.1908570202,846953.6509166241,830523.2638301601,1000000,1000000
2025-04-25T09:20:00.000+0000,848448.625314912,815553.3892136,1167342.0988870244,846970.8818808162,830523.2638301601,1000000,1000000
2025-04-25T09:30:00.000+0000,848647.444132512,815553.3892136,1168558.2704592645,847070.2912896161,830523.2638301601,1000000,1000000
2025-04-25T09:40:00.000+0000,848679.255143328,815553.3892136,1167980.2191103096,847086.1967950241,830523.2638301601,1000000,1000000
2025-04-25T09:50:00.000+0000,848581.1711933119,815553.3892136,1170068.0132009978,847037.1548200161,830523.2638301601,1000000,1000000
2025-04-25T10:00:00.000+0000,848729.62257712,815553.3892136,1170341.5177673756,847111.3805119202,830523.2638301601,1000000,1000000
2025-04-25T10:10:00.000+0000,848833.0083622719,815553.3892136,1170619.5600095545,847163.0734044962,830523.2638301601,1000000,1000000
2025-04-25T10:20:00.000+0000,848909.8849717439,815553.3892136,1170662.6678647264,847201.5117092321,830523.2638301601,1000000,1000000
2025-04-25T10:30:00.000+0000,848817.102856864,815553.3892136,1166222.9430618628,847155.1206517922,830523.2638301601,1000000,1000000
2025-04-25T10:40:00.000+0000,848835.65927984,815553.3892136,1165583.9928242746,847164.3988632802,830523.2638301601,1000000,1000000
2025-04-25T10:50:00.000+0000,848840.961114976,815553.3892136,1165333.7062693494,847167.0497808481,830523.2638301601,1000000,1000000
2025-04-25T11:00:00.000+0000,848721.6698244159,815553.3892136,1166966.8067943985,847107.4041355682,830523.2638301601,1000000,1000000
2025-04-25T11:10:00.000+0000,848536.105594656,815553.3892136,1169707.908362696,847014.6220206881,830523.2638301601,1000000,1000000
2025-04-25T11:20:00.000+0000,848464.53082032,815553.3892136,1171393.4927003868,846978.8346335201,830523.2638301601,1000000,1000000
2025-04-25T11:30:00.000+0000,848371.74870544,815553.3892136,1171342.8136891313,846932.4435760801,830523.2638301601,1000000,1000000
2025-04-25T11:40:00.000+0000,848432.719809504,815553.3892136,1173079.5589049642,846962.9291281122,830523.2638301601,1000000,1000000
2025-04-25T11:50:00.000+0000,848329.334024352,815553.3892136,1174262.7832142613,846911.2362355362,830523.2638301601,1000000,1000000
2025-04-25T12:00:00.000+0000,848289.570260832,815553.3892136,1176133.4430717453,846891.3543537761,830523.2638301601,1000000,1000000
2025-04-25T12:10:00.000+0000,847958.205564832,815553.3892136,1177717.3730454345,846725.6720057762,830523.2638301601,1000000,1000000
2025-04-25T12:20:00.000+0000,848029.7803391679,815553.3892136,1175823.3869041142,846761.4593929441,830523.2638301601,1000000,1000000
2025-04-25T12:30:00.000+0000,848268.362920288,815553.3892136,1174957.3409423807,846880.7506835042,830523.2638301601,1000000,1000000
2025-04-25T12:40:00.000+0000,848334.6358594879,815553.3892136,1175558.1025877642,846913.8871531042,830523.2638301601,1000000,1000000
2025-04-25T12:50:00.000+0000,848652.745967648,815553.3892136,1170429.2579928774,847072.9422071842,830523.2638301601,1000000,1000000
2025-04-25T13:00:00.000+0000,848946.997817696,815553.3892136,1169348.7380052228,847220.0681322082,830523.2638301601,1000000,1000000
2025-04-25T13:10:00.000+0000,848970.8560758079,815553.3892136,1168393.8195957732,847231.9972612641,830523.2638301601,1000000,1000000
2025-04-25T13:20:00.000+0000,848886.0267136319,815553.3892136,1166643.2576380025,847189.5825801762,830523.2638301601,1000000,1000000
2025-04-25T13:30:00.000+0000,849023.8744271679,815553.3892136,1163882.0598620393,847258.5064369441,830523.2638301601,1000000,1000000
2025-04-25T13:40:00.000+0000,849066.289108256,815553.3892136,1169431.9121521274,847279.7137774881,830523.2638301601,1000000,1000000
2025-04-25T13:50:00.000+0000,849121.958377184,815553.3892136,1167473.8408667145,847307.5484119521,830523.2638301601,1000000,1000000
2025-04-25T14:00:00.000+0000,849193.53315152,815553.3892136,1170483.660581141,847343.3357991201,830523.2638301601,1000000,1000000
2025-04-25T14:10:00.000+0000,849286.3152663999,849286.3152663999,1177406.5873961232,847389.7268565601,847389.7268565601,1000000,1000000
2025-04-25T14:20:00.000+0000,849286.3152663999,849286.3152663999,1172698.0071371554,847389.7268565601,847389.7268565601,1000000,1000000
2025-04-25T14:30:00.000+0000,849286.3152663999,849286.3152663999,1172367.4432760053,847389.7268565601,847389.7268565601,1000000,1000000
2025-04-25T14:40:00.000+0000,849286.3152663999,849286.3152663999,1177078.0147295361,847389.7268565601,847389.7268565601,1000000,1000000
2025-04-25T14:50:00.000+0000,849286.3152663999,849286.3152663999,1183165.5389731955,847389.7268565601,847389.7268565601,1000000,1000000
2025-04-25T15:00:00.000+0000,849286.3152663999,849286.3152663999,1182240.8568313844,847389.7268565601,847389.7268565601,1000000,1000000
2025-04-25T15:10:00.000+0000,849286.3152663999,849286.3152663999,1180564.0357335215,847389.7268565601,847389.7268565601,1000000,1000000
2025-04-25T15:20:00.000+0000,849286.3152663999,849286.3152663999,1182324.4461697715,847389.7268565601,847389.7268565601,1000000,1000000
2025-04-25T15:30:00.000+0000,849286.3152663999,849286.3152663999,1177114.881600266,847389.7268565601,847389.7268565601,1000000,1000000
2025-04-25T15:40:00.000+0000,849286.3152663999,849286.3152663999,1177311.3094698177,847389.7268565601,847389.7268565601,1000000,1000000
2025-04-25T15:50:00.000+0000,849286.3152663999,849286.3152663999,1177505.4343662434,847389.7268565601,847389.7268565601,1000000,1000000
2025-04-25T16:00:00.000+0000,849286.3152663999,849286.3152663999,1175033.9644595198,847389.7268565601,847389.7268565601,1000000,1000000
2025-04-25T16:10:00.000+0000,849286.3152663999,849286.3152663999,1170442.8469575993,847389.7268565601,847389.7268565601,1000000,1000000
2025-04-25T16:20:00.000+0000,849286.3152663999,849286.3152663999,1170363.043282881,847389.7268565601,847389.7268565601,1000000,1000000
2025-04-25T16:30:00.000+0000,849286.3152663999,849286.3152663999,1172893.1240314837,847389.7268565601,847389.7268565601,1000000,1000000
2025-04-25T16:40:00.000+0000,849286.3152663999,849286.3152663999,1176030.876669934,847389.7268565601,847389.7268565601,1000000,1000000
2025-04-25T16:50:00.000+0000,849286.3152663999,849286.3152663999,1175010.1929223433,847389.7268565601,847389.7268565601,1000000,1000000
2025-04-25T17:00:00.000+0000,849286.3152663999,849286.3152663999,1176906.8373063507,847389.7268565601,847389.7268565601,1000000,1000000
2025-04-25T17:10:00.000+0000,849286.3152663999,849286.3152663999,1178325.293418306,847389.7268565601,847389.7268565601,1000000,1000000
2025-04-25T17:20:00.000+0000,849286.3152663999,849286.3152663999,1178724.7790422067,847389.7268565601,847389.7268565601,1000000,1000000
2025-04-25T17:30:00.000+0000,849286.3152663999,849286.3152663999,1170951.4510384048,847389.7268565601,847389.7268565601,1000000,1000000
2025-04-25T17:40:00.000+0000,849286.3152663999,849286.3152663999,1164894.872541792,847389.7268565601,847389.7268565601,1000000,1000000
2025-04-25T17:50:00.000+0000,849286.3152663999,849286.3152663999,1165366.3455448304,847389.7268565601,847389.7268565601,1000000,1000000
2025-04-25T18:00:00.000+0000,849286.3152663999,849286.3152663999,1166942.3457957432,847389.7268565601,847389.7268565601,1000000,1000000
2025-04-25T18:10:00.000+0000,849286.3152663999,849286.3152663999,1168104.8637050497,847389.7268565601,847389.7268565601,1000000,1000000
2025-04-25T18:20:00.000+0000,849286.3152663999,849286.3152663999,1170054.9625320812,847389.7268565601,847389.7268565601,1000000,1000000
2025-04-25T18:30:00.000+0000,849286.3152663999,849286.3152663999,1171170.1940186732,847389.7268565601,847389.7268565601,1000000,1000000
2025-04-25T18:40:00.000+0000,849286.3152663999,849286.3152663999,1173382.340727342,847389.7268565601,847389.7268565601,1000000,1000000
2025-04-25T18:50:00.000+0000,849286.3152663999,849286.3152663999,1170766.5256553206,847389.7268565601,847389.7268565601,1000000,1000000
2025-04-25T19:00:00.000+0000,849286.3152663999,849286.3152663999,1171300.1249461113,847389.7268565601,847389.7268565601,1000000,1000000
2025-04-25T19:10:00.000+0000,849286.3152663999,849286.3152663999,1169993.602158567,847389.7268565601,847389.7268565601,1000000,1000000
2025-04-25T19:20:00.000+0000,849286.3152663999,849286.3152663999,1169970.8756360712,847389.7268565601,847389.7268565601,1000000,1000000
2025-04-25T19:30:00.000+0000,849286.3152663999,849286.3152663999,1169516.5705577051,847389.7268565601,847389.7268565601,1000000,1000000
2025-04-25T19:40:00.000+0000,849286.3152663999,849286.3152663999,1170149.882326671,847389.7268565601,847389.7268565601,1000000,1000000
2025-04-25T19:50:00.000+0000,849286.3152663999,849286.3152663999,1171129.483820648,847389.7268565601,847389.7268565601,1000000,1000000
2025-04-25T20:00:00.000+0000,849286.3152663999,849286.3152663999,1172161.1503814906,847389.7268565601,847389.7268565601,1000000,1000000
2025-04-25T20:10:00.000+0000,849286.3152663999,849286.3152663999,1171209.2390297807,847389.7268565601,847389.7268565601,1000000,1000000
2025-04-25T20:20:00.000+0000,849286.3152663999,849286.3152663999,1170727.4897075363,847389.7268565601,847389.7268565601,1000000,1000000
2025-04-25T20:30:00.000+0000,849286.3152663999,849286.3152663999,1171549.138748526,847389.7268565601,847389.7268565601,1000000,1000000
2025-04-25T20:40:00.000+0000,849286.3152663999,849286.3152663999,1170858.7986062164,847389.7268565601,847389.7268565601,1000000,1000000
2025-04-25T20:50:00.000+0000,849286.3152663999,849286.3152663999,1172859.3088218386,847389.7268565601,847389.7268565601,1000000,1000000
2025-04-25T21:00:00.000+0000,849286.3152663999,849286.3152663999,1171972.1369733904,847389.7268565601,847389.7268565601,1000000,1000000
2025-04-25T21:10:00.000+0000,849286.3152663999,849286.3152663999,1172334.9180324262,847389.7268565601,847389.7268565601,1000000,1000000
2025-04-25T21:20:00.000+0000,849286.3152663999,849286.3152663999,1169345.1934323488,847389.7268565601,847389.7268565601,1000000,1000000
2025-04-25T21:30:00.000+0000,849286.3152663999,849286.3152663999,1169484.755750722,847389.7268565601,847389.7268565601,1000000,1000000
2025-04-25T21:40:00.000+0000,849286.3152663999,849286.3152663999,1165809.7213643522,847389.7268565601,847389.7268565601,1000000,1000000
2025-04-25T21:50:00.000+0000,849286.3152663999,849286.3152663999,1164444.5248530377,847389.7268565601,847389.7268565601,1000000,1000000
2025-04-25T22:00:00.000+0000,849286.3152663999,849286.3152663999,1166985.4528783394,847389.7268565601,847389.7268565601,1000000,1000000
2025-04-25T22:10:00.000+0000,849286.3152663999,849286.3152663999,1167252.487975389,847389.7268565601,847389.7268565601,1000000,1000000
2025-04-25T22:20:00.000+0000,849286.3152663999,849286.3152663999,1168116.6813604415,847389.7268565601,847389.7268565601,1000000,1000000
2025-04-25T22:30:00.000+0000,849286.3152663999,849286.3152663999,1169202.2684343066,847389.7268565601,847389.7268565601,1000000,1000000
2025-04-25T22:40:00.000+0000,849286.3152663999,849286.3152663999,1170930.35768732,847389.7268565601,847389.7268565601,1000000,1000000
2025-04-25T22:50:00.000+0000,849286.3152663999,849286.3152663999,1169822.4102336047,847389.7268565601,847389.7268565601,1000000,1000000
2025-04-25T23:00:00.000+0000,849286.3152663999,849286.3152663999,1168828.0408877693,847389.7268565601,847389.7268565601,1000000,1000000
2025-04-25T23:10:00.000+0000,849286.3152663999,849286.3152663999,1168964.2352620102,847389.7268565601,847389.7268565601,1000000,1000000
2025-04-25T23:20:00.000+0000,849286.3152663999,849286.3152663999,1166925.3386272003,847389.7268565601,847389.7268565601,1000000,1000000
2025-04-25T23:30:00.000+0000,849286.3152663999,849286.3152663999,1165879.6107085452,847389.7268565601,847389.7268565601,1000000,1000000
2025-04-25T23:40:00.000+0000,849286.3152663999,849286.3152663999,1166470.4559210297,847389.7268565601,847389.7268565601,1000000,1000000
2025-04-25T23:50:00.000+0000,849286.3152663999,849286.3152663999,1165855.1751963638,847389.7268565601,847389.7268565601,1000000,1000000
2025-04-26T00:00:00.000+0000,849286.3152663999,849286.3152663999,1166928.0794154913,847389.7268565601,847389.7268565601,1000000,1000000
2025-04-26T00:10:00.000+0000,849286.3152663999,849286.3152663999,1168558.9512694292,847389.7268565601,847389.7268565601,1000000,1000000
2025-04-26T00:20:00.000+0000,849286.3152663999,849286.3152663999,1169218.6853738483,847389.7268565601,847389.7268565601,1000000,1000000
2025-04-26T00:30:00.000+0000,849286.3152663999,849286.3152663999,1167773.9534527247,847389.7268565601,847389.7268565601,1000000,1000000
2025-04-26T00:40:00.000+0000,849286.3152663999,849286.3152663999,1168804.3248095163,847389.7268565601,847389.7268565601,1000000,1000000
2025-04-26T00:50:00.000+0000,849286.3152663999,849286.3152663999,1171569.0546823377,847389.7268565601,847389.7268565601,1000000,1000000
2025-04-26T01:00:00.000+0000,849286.3152663999,849286.3152663999,1169255.071263542,847389.7268565601,847389.7268565601,1000000,1000000
2025-04-26T01:10:00.000+0000,849286.3152663999,849286.3152663999,1171522.3799818913,847389.7268565601,847389.7268565601,1000000,1000000
2025-04-26T01:20:00.000+0000,849286.3152663999,849286.3152663999,1174601.9512450993,847389.7268565601,847389.7268565601,1000000,1000000
2025-04-26T01:30:00.000+0000,849286.3152663999,849286.3152663999,1175932.4686889297,847389.7268565601,847389.7268565601,1000000,1000000
2025-04-26T01:40:00.000+0000,849286.3152663999,849286.3152663999,1176655.162703092,847389.7268565601,847389.7268565601,1000000,1000000
2025-04-26T01:50:00.000+0000,849286.3152663999,849286.3152663999,1176244.1037852475,847389.7268565601,847389.7268565601,1000000,1000000
2025-04-26T02:00:00.000+0000,849286.3152663999,849286.3152663999,1174866.2521297256,847389.7268565601,847389.7268565601,1000000,1000000
2025-04-26T02:10:00.000+0000,849286.3152663999,849286.3152663999,1173329.3733965114,847389.7268565601,847389.7268565601,1000000,1000000
2025-04-26T02:20:00.000+0000,849286.3152663999,849286.3152663999,1174051.1692300981,847389.7268565601,847389.7268565601,1000000,1000000
2025-04-26T02:30:00.000+0000,849286.3152663999,849286.3152663999,1173778.4052522301,847389.7268565601,847389.7268565601,1000000,1000000
2025-04-26T02:40:00.000+0000,849286.3152663999,849286.3152663999,1175672.105907962,847389.7268565601,847389.7268565601,1000000,1000000
2025-04-26T02:50:00.000+0000,849286.3152663999,849286.3152663999,1174896.4363639276,847389.7268565601,847389.7268565601,1000000,1000000
2025-04-26T03:00:00.000+0000,849286.3152663999,849286.3152663999,1173886.6778019767,847389.7268565601,847389.7268565601,1000000,1000000
2025-04-26T03:10:00.000+0000,849286.3152663999,849286.3152663999,1173283.8142856883,847389.7268565601,847389.7268565601,1000000,1000000
2025-04-26T03:20:00.000+0000,849286.3152663999,849286.3152663999,1169763.4110312848,847389.7268565601,847389.7268565601,1000000,1000000
2025-04-26T03:30:00.000+0000,849286.3152663999,849286.3152663999,1170327.5080883452,847389.7268565601,847389.7268565601,1000000,1000000
2025-04-26T03:40:00.000+0000,849286.3152663999,849286.3152663999,1170474.019874305,847389.7268565601,847389.7268565601,1000000,1000000
2025-04-26T03:50:00.000+0000,849286.3152663999,849286.3152663999,1169578.1287246004,847389.7268565601,847389.7268565601,1000000,1000000
2025-04-26T04:00:00.000+0000,849286.3152663999,849286.3152663999,1170188.8029622117,847389.7268565601,847389.7268565601,1000000,1000000
2025-04-26T04:10:00.000+0000,849286.3152663999,849286.3152663999,1170827.6826295687,847389.7268565601,847389.7268565601,1000000,1000000
2025-04-26T04:20:00.000+0000,849286.3152663999,849286.3152663999,1168658.5457036635,847389.7268565601,847389.7268565601,1000000,1000000
2025-04-26T04:30:00.000+0000,849286.3152663999,849286.3152663999,1166752.284931903,847389.7268565601,847389.7268565601,1000000,1000000
2025-04-26T04:40:00.000+0000,849286.3152663999,849286.3152663999,1167608.6692531696,847389.7268565601,847389.7268565601,1000000,1000000
2025-04-26T04:50:00.000+0000,849286.3152663999,849286.3152663999,1166478.9089047909,847389.7268565601,847389.7268565601,1000000,1000000
2025-04-26T05:00:00.000+0000,849286.3152663999,849286.3152663999,1165348.9372796074,847389.7268565601,847389.7268565601,1000000,1000000
2025-04-26T05:10:00.000+0000,849286.3152663999,849286.3152663999,1164687.0548259486,847389.7268565601,847389.7268565601,1000000,1000000
2025-04-26T05:20:00.000+0000,849286.3152663999,849286.3152663999,1164894.6403015787,847389.7268565601,847389.7268565601,1000000,1000000
2025-04-26T05:30:00.000+0000,849286.3152663999,849286.3152663999,1167442.244050506,847389.7268565601,847389.7268565601,1000000,1000000
2025-04-26T05:40:00.000+0000,849286.3152663999,849286.3152663999,1167735.4021987296,847389.7268565601,847389.7268565601,1000000,1000000
2025-04-26T05:50:00.000+0000,849286.3152663999,849286.3152663999,1168837.4621966567,847389.7268565601,847389.7268565601,1000000,1000000
2025-04-26T06:00:00.000+0000,849286.3152663999,849286.3152663999,1168595.024383211,847389.7268565601,847389.7268565601,1000000,1000000
2025-04-26T06:10:00.000+0000,849286.3152663999,849286.3152663999,1169368.770780333,847389.7268565601,847389.7268565601,1000000,1000000
2025-04-26T06:20:00.000+0000,849286.3152663999,849286.3152663999,1169681.4634972403,847389.7268565601,847389.7268565601,1000000,1000000
2025-04-26T06:30:00.000+0000,849286.3152663999,849286.3152663999,1170420.9252243568,847389.7268565601,847389.7268565601,1000000,1000000
2025-04-26T06:40:00.000+0000,849286.3152663999,849286.3152663999,1171686.3372587622,847389.7268565601,847389.7268565601,1000000,1000000
2025-04-26T06:50:00.000+0000,849286.3152663999,849286.3152663999,1172415.42381348,847389.7268565601,847389.7268565601,1000000,1000000
2025-04-26T07:00:00.000+0000,849286.3152663999,849286.3152663999,1172732.3425345395,847389.7268565601,847389.7268565601,1000000,1000000
2025-04-26T07:10:00.000+0000,849286.3152663999,849286.3152663999,1173758.7369812583,847389.7268565601,847389.7268565601,1000000,1000000
2025-04-26T07:20:00.000+0000,849286.3152663999,849286.3152663999,1174145.8012428167,847389.7268565601,847389.7268565601,1000000,1000000
2025-04-26T07:30:00.000+0000,849286.3152663999,849286.3152663999,1173399.3612270844,847389.7268565601,847389.7268565601,1000000,1000000
2025-04-26T07:40:00.000+0000,849286.3152663999,849286.3152663999,1172010.049732943,847389.7268565601,847389.7268565601,1000000,1000000
2025-04-26T07:50:00.000+0000,849286.3152663999,849286.3152663999,1170867.4810539451,847389.7268565601,847389.7268565601,1000000,1000000
2025-04-26T08:00:00.000+0000,849286.3152663999,849286.3152663999,1170569.8294989674,847389.7268565601,847389.7268565601,1000000,1000000
2025-04-26T08:10:00.000+0000,849286.3152663999,849286.3152663999,1168843.3444894226,847389.7268565601,847389.7268565601,1000000,1000000
2025-04-26T08:20:00.000+0000,849286.3152663999,849286.3152663999,1171840.831353447,847389.7268565601,847389.7268565601,1000000,1000000
2025-04-26T08:30:00.000+0000,849286.3152663999,849286.3152663999,1175589.9259959261,847389.7268565601,847389.7268565601,1000000,1000000
2025-04-26T08:40:00.000+0000,849286.3152663999,849286.3152663999,1169903.7068729158,847389.7268565601,847389.7268565601,1000000,1000000
2025-04-26T08:50:00.000+0000,849286.3152663999,849286.3152663999,1168583.8609066373,847389.7268565601,847389.7268565601,1000000,1000000
2025-04-26T09:00:00.000+0000,849286.3152663999,849286.3152663999,1167100.272996315,847389.7268565601,847389.7268565601,1000000,1000000
2025-04-26T09:10:00.000+0000,849286.3152663999,849286.3152663999,1168569.7702939059,847389.7268565601,847389.7268565601,1000000,1000000
2025-04-26T09:20:00.000+0000,849286.3152663999,849286.3152663999,1167142.4914306744,847389.7268565601,847389.7268565601,1000000,1000000
2025-04-26T09:30:00.000+0000,849286.3152663999,849286.3152663999,1162530.1201676726,847389.7268565601,847389.7268565601,1000000,1000000
2025-04-26T09:40:00.000+0000,849286.3152663999,849286.3152663999,1162448.5503910684,847389.7268565601,847389.7268565601,1000000,1000000
2025-04-26T09:50:00.000+0000,849286.3152663999,849286.3152663999,1163296.7569860595,847389.7268565601,847389.7268565601,1000000,1000000
2025-04-26T10:00:00.000+0000,849286.3152663999,849286.3152663999,1163811.767426792,847389.7268565601,847389.7268565601,1000000,1000000
2025-04-26T10:10:00.000+0000,849286.3152663999,849286.3152663999,1164377.446484134,847389.7268565601,847389.7268565601,1000000,1000000
2025-04-26T10:20:00.000+0000,849286.3152663999,849286.3152663999,1165162.1540073324,847389.7268565601,847389.7268565601,1000000,1000000
2025-04-26T10:30:00.000+0000,849286.3152663999,849286.3152663999,1165435.994021226,847389.7268565601,847389.7268565601,1000000,1000000
2025-04-26T10:40:00.000+0000,849286.3152663999,849286.3152663999,1165876.6407043517,847389.7268565601,847389.7268565601,1000000,1000000
2025-04-26T10:50:00.000+0000,849286.3152663999,849286.3152663999,1164115.7047806475,847389.7268565601,847389.7268565601,1000000,1000000
2025-04-26T11:00:00.000+0000,849286.3152663999,849286.3152663999,1162603.002516488,847389.7268565601,847389.7268565601,1000000,1000000
2025-04-26T11:10:00.000+0000,849286.3152663999,849286.3152663999,1161877.5614885609,847389.7268565601,847389.7268565601,1000000,1000000
2025-04-26T11:20:00.000+0000,849286.3152663999,849286.3152663999,1159656.9509394665,847389.7268565601,847389.7268565601,1000000,1000000
2025-04-26T11:30:00.000+0000,849286.3152663999,849286.3152663999,1159051.3258237022,847389.7268565601,847389.7268565601,1000000,1000000
2025-04-26T11:40:00.000+0000,849286.3152663999,849286.3152663999,1156734.2412066865,847389.7268565601,847389.7268565601,1000000,1000000
2025-04-26T11:50:00.000+0000,849286.3152663999,849286.3152663999,1155781.8719107066,847389.7268565601,847389.7268565601,1000000,1000000
2025-04-26T12:00:00.000+0000,849286.3152663999,849286.3152663999,1158053.208177664,847389.7268565601,847389.7268565601,1000000,1000000
2025-04-26T12:10:00.000+0000,849286.3152663999,849286.3152663999,1159826.007998612,847389.7268565601,847389.7268565601,1000000,1000000
2025-04-26T12:20:00.000+0000,849286.3152663999,849286.3152663999,1159428.488899473,847389.7268565601,847389.7268565601,1000000,1000000
2025-04-26T12:30:00.000+0000,849286.3152663999,849286.3152663999,1160063.8134405273,847389.7268565601,847389.7268565601,1000000,1000000
2025-04-26T12:40:00.000+0000,849286.3152663999,849286.3152663999,1159197.575037633,847389.7268565601,847389.7268565601,1000000,1000000
2025-04-26T12:50:00.000+0000,849286.3152663999,849286.3152663999,1158520.61711649,847389.7268565601,847389.7268565601,1000000,1000000
2025-04-26T13:00:00.000+0000,849286.3152663999,849286.3152663999,1159020.2112900023,847389.7268565601,847389.7268565601,1000000,1000000
2025-04-26T13:10:00.000+0000,849286.3152663999,849286.3152663999,1158927.6063053696,847389.7268565601,847389.7268565601,1000000,1000000
2025-04-26T13:20:00.000+0000,849286.3152663999,849286.3152663999,1157299.211779995,847389.7268565601,847389.7268565601,1000000,1000000
2025-04-26T13:30:00.000+0000,849286.3152663999,849286.3152663999,1156217.6444786398,847389.7268565601,847389.7268565601,1000000,1000000
2025-04-26T13:40:00.000+0000,849286.3152663999,849286.3152663999,1154062.6055131466,847389.7268565601,847389.7268565601,1000000,1000000
2025-04-26T13:50:00.000+0000,849286.3152663999,849286.3152663999,1157020.857993761,847389.7268565601,847389.7268565601,1000000,1000000
2025-04-26T14:00:00.000+0000,849286.3152663999,849286.3152663999,1156887.9029002911,847389.7268565601,847389.7268565601,1000000,1000000
2025-04-26T14:10:00.000+0000,849286.3152663999,849286.3152663999,1156888.1423441712,847389.7268565601,847389.7268565601,1000000,1000000
2025-04-26T14:20:00.000+0000,849286.3152663999,849286.3152663999,1156720.9637317373,847389.7268565601,847389.7268565601,1000000,1000000
2025-04-26T14:30:00.000+0000,849286.3152663999,849286.3152663999,1159545.8447997195,847389.7268565601,847389.7268565601,1000000,1000000
2025-04-26T14:40:00.000+0000,849286.3152663999,849286.3152663999,1160033.7174139442,847389.7268565601,847389.7268565601,1000000,1000000
2025-04-26T14:50:00.000+0000,849286.3152663999,849286.3152663999,1159901.2456021802,847389.7268565601,847389.7268565601,1000000,1000000
2025-04-26T15:00:00.000+0000,849286.3152663999,849286.3152663999,1160502.7522163372,847389.7268565601,847389.7268565601,1000000,1000000
2025-04-26T15:10:00.000+0000,849286.3152663999,849286.3152663999,1161551.578044291,847389.7268565601,847389.7268565601,1000000,1000000
2025-04-26T15:20:00.000+0000,849286.3152663999,849286.3152663999,1161607.6293561608,847389.7268565601,847389.7268565601,1000000,1000000
2025-04-26T15:30:00.000+0000,849286.3152663999,849286.3152663999,1163058.1557085637,847389.7268565601,847389.7268565601,1000000,1000000
2025-04-26T15:40:00.000+0000,849286.3152663999,849286.3152663999,1162996.2457564613,847389.7268565601,847389.7268565601,1000000,1000000
2025-04-26T15:50:00.000+0000,849286.3152663999,849286.3152663999,1164539.3933105916,847389.7268565601,847389.7268565601,1000000,1000000
2025-04-26T16:00:00.000+0000,849286.3152663999,849286.3152663999,1162204.8640485525,847389.7268565601,847389.7268565601,1000000,1000000
2025-04-26T16:10:00.000+0000,849286.3152663999,849286.3152663999,1162566.119435985,847389.7268565601,847389.7268565601,1000000,1000000
2025-04-26T16:20:00.000+0000,849286.3152663999,849286.3152663999,1163871.3691522526,847389.7268565601,847389.7268565601,1000000,1000000
2025-04-26T16:30:00.000+0000,849286.3152663999,849286.3152663999,1162827.551878017,847389.7268565601,847389.7268565601,1000000,1000000
2025-04-26T16:40:00.000+0000,849286.3152663999,849286.3152663999,1160825.2292960011,847389.7268565601,847389.7268565601,1000000,1000000
2025-04-26T16:50:00.000+0000,849286.3152663999,849286.3152663999,1162685.0751967002,847389.7268565601,847389.7268565601,1000000,1000000
2025-04-26T17:00:00.000+0000,849286.3152663999,849286.3152663999,1163402.6842527557,847389.7268565601,847389.7268565601,1000000,1000000
2025-04-26T17:10:00.000+0000,849286.3152663999,849286.3152663999,1162866.182447562,847389.7268565601,847389.7268565601,1000000,1000000
2025-04-26T17:20:00.000+0000,849286.3152663999,849286.3152663999,1163297.350828222,847389.7268565601,847389.7268565601,1000000,1000000
2025-04-26T17:30:00.000+0000,849286.3152663999,849286.3152663999,1164511.8131625853,847389.7268565601,847389.7268565601,1000000,1000000
2025-04-26T17:40:00.000+0000,849286.3152663999,849286.3152663999,1164509.967603872,847389.7268565601,847389.7268565601,1000000,1000000
2025-04-26T17:50:00.000+0000,849286.3152663999,849286.3152663999,1163984.6136613272,847389.7268565601,847389.7268565601,1000000,1000000
2025-04-26T18:00:00.000+0000,849286.3152663999,849286.3152663999,1163157.5359067859,847389.7268565601,847389.7268565601,1000000,1000000
2025-04-26T18:10:00.000+0000,849286.3152663999,849286.3152663999,1162793.2189789084,847389.7268565601,847389.7268565601,1000000,1000000
2025-04-26T18:20:00.000+0000,849286.3152663999,849286.3152663999,1163346.2008303087,847389.7268565601,847389.7268565601,1000000,1000000
2025-04-26T18:30:00.000+0000,849286.3152663999,849286.3152663999,1164453.125724383,847389.7268565601,847389.7268565601,1000000,1000000
2025-04-26T18:40:00.000+0000,849286.3152663999,849286.3152663999,1163929.388956217,847389.7268565601,847389.7268565601,1000000,1000000
2025-04-26T18:50:00.000+0000,849286.3152663999,849286.3152663999,1162057.605617126,847389.7268565601,847389.7268565601,1000000,1000000
2025-04-26T19:00:00.000+0000,849286.3152663999,849286.3152663999,1161416.9327741233,847389.7268565601,847389.7268565601,1000000,1000000
2025-04-26T19:10:00.000+0000,849286.3152663999,849286.3152663999,1161050.4917184715,847389.7268565601,847389.7268565601,1000000,1000000
2025-04-26T19:20:00.000+0000,849286.3152663999,849286.3152663999,1162359.4893092616,847389.7268565601,847389.7268565601,1000000,1000000
2025-04-26T19:30:00.000+0000,849286.3152663999,849286.3152663999,1162873.205317756,847389.7268565601,847389.7268565601,1000000,1000000
2025-04-26T19:40:00.000+0000,849286.3152663999,849286.3152663999,1163934.5180729583,847389.7268565601,847389.7268565601,1000000,1000000
2025-04-26T19:50:00.000+0000,849286.3152663999,849286.3152663999,1164994.4621871389,847389.7268565601,847389.7268565601,1000000,1000000
2025-04-26T20:00:00.000+0000,849286.3152663999,849286.3152663999,1166806.744285346,847389.7268565601,847389.7268565601,1000000,1000000
2025-04-26T20:10:00.000+0000,849286.3152663999,849286.3152663999,1165239.5573692557,847389.7268565601,847389.7268565601,1000000,1000000
2025-04-26T20:20:00.000+0000,849286.3152663999,849286.3152663999,1164282.4527000606,847389.7268565601,847389.7268565601,1000000,1000000
2025-04-26T20:30:00.000+0000,849286.3152663999,849286.3152663999,1164256.6467824064,847389.7268565601,847389.7268565601,1000000,1000000
2025-04-26T20:40:00.000+0000,849286.3152663999,849286.3152663999,1164407.897557479,847389.7268565601,847389.7268565601,1000000,1000000
2025-04-26T20:50:00.000+0000,849286.3152663999,849286.3152663999,1162018.9425962092,847389.7268565601,847389.7268565601,1000000,1000000
2025-04-26T21:00:00.000+0000,849286.3152663999,849286.3152663999,1162614.6009784625,847389.7268565601,847389.7268565601,1000000,1000000
2025-04-26T21:10:00.000+0000,849286.3152663999,849286.3152663999,1164289.5240131854,847389.7268565601,847389.7268565601,1000000,1000000
2025-04-26T21:20:00.000+0000,849286.3152663999,849286.3152663999,1164184.2099877538,847389.7268565601,847389.7268565601,1000000,1000000
2025-04-26T21:30:00.000+0000,849286.3152663999,849286.3152663999,1164779.022138609,847389.7268565601,847389.7268565601,1000000,1000000
2025-04-26T21:40:00.000+0000,849286.3152663999,849286.3152663999,1165200.1286670847,847389.7268565601,847389.7268565601,1000000,1000000
2025-04-26T21:50:00.000+0000,849286.3152663999,849286.3152663999,1164417.0880773112,847389.7268565601,847389.7268565601,1000000,1000000
2025-04-26T22:00:00.000+0000,849286.3152663999,849286.3152663999,1165402.1040495222,847389.7268565601,847389.7268565601,1000000,1000000
2025-04-26T22:10:00.000+0000,849286.3152663999,849286.3152663999,1168486.7723249951,847389.7268565601,847389.7268565601,1000000,1000000
2025-04-26T22:20:00.000+0000,849286.3152663999,849286.3152663999,1169710.881074606,847389.7268565601,847389.7268565601,1000000,1000000
2025-04-26T22:30:00.000+0000,849286.3152663999,849286.3152663999,1169706.748881221,847389.7268565601,847389.7268565601,1000000,1000000
2025-04-26T22:40:00.000+0000,849286.3152663999,849286.3152663999,1170493.8661246959,847389.7268565601,847389.7268565601,1000000,1000000
2025-04-26T22:50:00.000+0000,849286.3152663999,849286.3152663999,1167922.466189472,847389.7268565601,847389.7268565601,1000000,1000000
2025-04-26T23:00:00.000+0000,849286.3152663999,849286.3152663999,1168516.1008243505,847389.7268565601,847389.7268565601,1000000,1000000
2025-04-26T23:10:00.000+0000,849286.3152663999,849286.3152663999,1167163.8253969788,847389.7268565601,847389.7268565601,1000000,1000000
2025-04-26T23:20:00.000+0000,849286.3152663999,849286.3152663999,1168513.933735435,847389.7268565601,847389.7268565601,1000000,1000000
2025-04-26T23:30:00.000+0000,849286.3152663999,849286.3152663999,1167700.2307619108,847389.7268565601,847389.7268565601,1000000,1000000
2025-04-26T23:40:00.000+0000,849286.3152663999,849286.3152663999,1167874.9059014372,847389.7268565601,847389.7268565601,1000000,1000000
2025-04-26T23:50:00.000+0000,849286.3152663999,849286.3152663999,1168849.9385905927,847389.7268565601,847389.7268565601,1000000,1000000
2025-04-27T00:00:00.000+0000,849286.3152663999,849286.3152663999,1168900.8168409138,847389.7268565601,847389.7268565601,1000000,1000000
2025-04-27T00:10:00.000+0000,849286.3152663999,849286.3152663999,1173386.754766875,847389.7268565601,847389.7268565601,1000000,1000000
2025-04-27T00:20:00.000+0000,849286.3152663999,849286.3152663999,1175805.6023499882,847389.7268565601,847389.7268565601,1000000,1000000
2025-04-27T00:30:00.000+0000,849286.3152663999,849286.3152663999,1176663.7403892698,847389.7268565601,847389.7268565601,1000000,1000000
2025-04-27T00:40:00.000+0000,849286.3152663999,849286.3152663999,1176380.6012362665,847389.7268565601,847389.7268565601,1000000,1000000
2025-04-27T00:50:00.000+0000,849286.3152663999,849286.3152663999,1176596.1781409634,847389.7268565601,847389.7268565601,1000000,1000000
2025-04-27T01:00:00.000+0000,849286.3152663999,849286.3152663999,1175772.5298085725,847389.7268565601,847389.7268565601,1000000,1000000
2025-04-27T01:10:00.000+0000,849286.3152663999,849286.3152663999,1176728.003915933,847389.7268565601,847389.7268565601,1000000,1000000
2025-04-27T01:20:00.000+0000,849286.3152663999,849286.3152663999,1168196.372136933,847389.7268565601,847389.7268565601,1000000,1000000
2025-04-27T01:30:00.000+0000,849286.3152663999,849286.3152663999,1159272.5469542418,847389.7268565601,847389.7268565601,1000000,1000000
2025-04-27T01:40:00.000+0000,849286.3152663999,849286.3152663999,1161571.2555732569,847389.7268565601,847389.7268565601,1000000,1000000
2025-04-27T01:50:00.000+0000,849286.3152663999,849286.3152663999,1155357.1856332857,847389.7268565601,847389.7268565601,1000000,1000000
2025-04-27T02:00:00.000+0000,849286.3152663999,849286.3152663999,1156761.8005453558,847389.7268565601,847389.7268565601,1000000,1000000
2025-04-27T02:10:00.000+0000,849286.3152663999,849286.3152663999,1160979.1258803185,847389.7268565601,847389.7268565601,1000000,1000000
2025-04-27T02:20:00.000+0000,849286.3152663999,849286.3152663999,1163096.3587128134,847389.7268565601,847389.7268565601,1000000,1000000
2025-04-27T02:30:00.000+0000,849286.3152663999,849286.3152663999,1161001.4741073065,847389.7268565601,847389.7268565601,1000000,1000000
2025-04-27T02:40:00.000+0000,849286.3152663999,849286.3152663999,1157083.382530484,847389.7268565601,847389.7268565601,1000000,1000000
2025-04-27T02:50:00.000+0000,849286.3152663999,849286.3152663999,1157840.7882745932,847389.7268565601,847389.7268565601,1000000,1000000
2025-04-27T03:00:00.000+0000,849286.3152663999,849286.3152663999,1160734.8078811015,847389.7268565601,847389.7268565601,1000000,1000000
2025-04-27T03:10:00.000+0000,849286.3152663999,849286.3152663999,1160410.4470929995,847389.7268565601,847389.7268565601,1000000,1000000
2025-04-27T03:20:00.000+0000,849286.3152663999,849286.3152663999,1157965.044446839,847389.7268565601,847389.7268565601,1000000,1000000
2025-04-27T03:30:00.000+0000,849286.3152663999,849286.3152663999,1158413.4427799648,847389.7268565601,847389.7268565601,1000000,1000000
2025-04-27T03:40:00.000+0000,849286.3152663999,849286.3152663999,1159705.577330773,847389.7268565601,847389.7268565601,1000000,1000000
2025-04-27T03:50:00.000+0000,849286.3152663999,849286.3152663999,1158665.512223565,847389.7268565601,847389.7268565601,1000000,1000000
2025-04-27T04:00:00.000+0000,849286.3152663999,849286.3152663999,1159982.4726424553,847389.7268565601,847389.7268565601,1000000,1000000
2025-04-27T04:10:00.000+0000,849286.3152663999,849286.3152663999,1160724.2109311006,847389.7268565601,847389.7268565601,1000000,1000000
2025-04-27T04:20:00.000+0000,849286.3152663999,849286.3152663999,1160490.6445256888,847389.7268565601,847389.7268565601,1000000,1000000
2025-04-27T04:30:00.000+0000,849286.3152663999,849286.3152663999,1156669.58679885,847389.7268565601,847389.7268565601,1000000,1000000
2025-04-27T04:40:00.000+0000,849286.3152663999,849286.3152663999,1156349.5049504805,847389.7268565601,847389.7268565601,1000000,1000000
2025-04-27T04:50:00.000+0000,849286.3152663999,849286.3152663999,1154867.6404009657,847389.7268565601,847389.7268565601,1000000,1000000
2025-04-27T05:00:00.000+0000,849286.3152663999,849286.3152663999,1154968.0828392592,847389.7268565601,847389.7268565601,1000000,1000000
2025-04-27T05:10:00.000+0000,849286.3152663999,849286.3152663999,1155649.5002927552,847389.7268565601,847389.7268565601,1000000,1000000
2025-04-27T05:20:00.000+0000,849286.3152663999,849286.3152663999,1149901.6617112928,847389.7268565601,847389.7268565601,1000000,1000000
2025-04-27T05:30:00.000+0000,849286.3152663999,849286.3152663999,1151098.1609592745,847389.7268565601,847389.7268565601,1000000,1000000
2025-04-27T05:40:00.000+0000,849286.3152663999,849286.3152663999,1153323.7238766598,847389.7268565601,847389.7268565601,1000000,1000000
2025-04-27T05:50:00.000+0000,849286.3152663999,849286.3152663999,1153023.5907232687,847389.7268565601,847389.7268565601,1000000,1000000
2025-04-27T06:00:00.000+0000,849286.3152663999,849286.3152663999,1154293.946456695,847389.7268565601,847389.7268565601,1000000,1000000
2025-04-27T06:10:00.000+0000,849286.3152663999,849286.3152663999,1155503.1837947771,847389.7268565601,847389.7268565601,1000000,1000000
2025-04-27T06:20:00.000+0000,849286.3152663999,849286.3152663999,1155611.2795823906,847389.7268565601,847389.7268565601,1000000,1000000
2025-04-27T06:30:00.000+0000,849286.3152663999,849286.3152663999,1156349.4482893522,847389.7268565601,847389.7268565601,1000000,1000000
2025-04-27T06:40:00.000+0000,849286.3152663999,849286.3152663999,1155067.7270469847,847389.7268565601,847389.7268565601,1000000,1000000
2025-04-27T06:50:00.000+0000,849286.3152663999,849286.3152663999,1155106.8258876065,847389.7268565601,847389.7268565601,1000000,1000000
2025-04-27T07:00:00.000+0000,849286.3152663999,849286.3152663999,1156264.3248266564,847389.7268565601,847389.7268565601,1000000,1000000
2025-04-27T07:10:00.000+0000,849286.3152663999,849286.3152663999,1155213.3338743823,847389.7268565601,847389.7268565601,1000000,1000000
2025-04-27T07:20:00.000+0000,849286.3152663999,849286.3152663999,1157948.705572722,847389.7268565601,847389.7268565601,1000000,1000000
2025-04-27T07:30:00.000+0000,849286.3152663999,849286.3152663999,1158186.7625298572,847389.7268565601,847389.7268565601,1000000,1000000
2025-04-27T07:40:00.000+0000,849286.3152663999,849286.3152663999,1158868.5363661496,847389.7268565601,847389.7268565601,1000000,1000000
2025-04-27T07:50:00.000+0000,849286.3152663999,849286.3152663999,1158557.031243835,847389.7268565601,847389.7268565601,1000000,1000000
2025-04-27T08:00:00.000+0000,849286.3152663999,849286.3152663999,1158123.6459137725,847389.7268565601,847389.7268565601,1000000,1000000
2025-04-27T08:10:00.000+0000,849286.3152663999,849286.3152663999,1159065.0319536382,847389.7268565601,847389.7268565601,1000000,1000000
2025-04-27T08:20:00.000+0000,849286.3152663999,849286.3152663999,1161171.1794893453,847389.7268565601,847389.7268565601,1000000,1000000
2025-04-27T08:30:00.000+0000,849286.3152663999,849286.3152663999,1162491.2716919356,847389.7268565601,847389.7268565601,1000000,1000000
2025-04-27T08:40:00.000+0000,849286.3152663999,849286.3152663999,1163063.8644964902,847389.7268565601,847389.7268565601,1000000,1000000
2025-04-27T08:50:00.000+0000,849286.3152663999,849286.3152663999,1163081.9158049363,847389.7268565601,847389.7268565601,1000000,1000000
2025-04-27T09:00:00.000+0000,849286.3152663999,849286.3152663999,1162230.9471738422,847389.7268565601,847389.7268565601,1000000,1000000
2025-04-27T09:10:00.000+0000,849286.3152663999,849286.3152663999,1161543.47841889,847389.7268565601,847389.7268565601,1000000,1000000
2025-04-27T09:20:00.000+0000,849286.3152663999,849286.3152663999,1161855.0080923825,847389.7268565601,847389.7268565601,1000000,1000000
2025-04-27T09:30:00.000+0000,849286.3152663999,849286.3152663999,1161969.9646943647,847389.7268565601,847389.7268565601,1000000,1000000
2025-04-27T09:40:00.000+0000,849286.3152663999,849286.3152663999,1163278.0909645108,847389.7268565601,847389.7268565601,1000000,1000000
2025-04-27T09:50:00.000+0000,849286.3152663999,849286.3152663999,1163075.8517953688,847389.7268565601,847389.7268565601,1000000,1000000
2025-04-27T10:00:00.000+0000,849286.3152663999,849286.3152663999,1162436.3257814227,847389.7268565601,847389.7268565601,1000000,1000000
2025-04-27T10:10:00.000+0000,849286.3152663999,849286.3152663999,1162407.0153760002,847389.7268565601,847389.7268565601,1000000,1000000
2025-04-27T10:20:00.000+0000,849286.3152663999,849286.3152663999,1161458.8933464303,847389.7268565601,847389.7268565601,1000000,1000000
2025-04-27T10:30:00.000+0000,849286.3152663999,849286.3152663999,1160655.6372088527,847389.7268565601,847389.7268565601,1000000,1000000
2025-04-27T10:40:00.000+0000,849286.3152663999,849286.3152663999,1161478.7860451792,847389.7268565601,847389.7268565601,1000000,1000000
2025-04-27T10:50:00.000+0000,849286.3152663999,849286.3152663999,1162401.045952512,847389.7268565601,847389.7268565601,1000000,1000000
2025-04-27T11:00:00.000+0000,849286.3152663999,849286.3152663999,1160800.385195445,847389.7268565601,847389.7268565601,1000000,1000000
2025-04-27T11:10:00.000+0000,849286.3152663999,849286.3152663999,1160548.5267243278,847389.7268565601,847389.7268565601,1000000,1000000
2025-04-27T11:20:00.000+0000,849286.3152663999,849286.3152663999,1160800.9583395713,847389.7268565601,847389.7268565601,1000000,1000000
2025-04-27T11:30:00.000+0000,849286.3152663999,849286.3152663999,1161298.556267885,847389.7268565601,847389.7268565601,1000000,1000000
2025-04-27T11:40:00.000+0000,849286.3152663999,849286.3152663999,1160990.2289483238,847389.7268565601,847389.7268565601,1000000,1000000
2025-04-27T11:50:00.000+0000,849286.3152663999,849286.3152663999,1160262.46433623,847389.7268565601,847389.7268565601,1000000,1000000
2025-04-27T12:00:00.000+0000,849286.3152663999,849286.3152663999,1158854.9163188036,847389.7268565601,847389.7268565601,1000000,1000000
2025-04-27T12:10:00.000+0000,849286.3152663999,849286.3152663999,1158326.1555324816,847389.7268565601,847389.7268565601,1000000,1000000
2025-04-27T12:20:00.000+0000,849286.3152663999,849286.3152663999,1157357.4790013449,847389.7268565601,847389.7268565601,1000000,1000000
2025-04-27T12:30:00.000+0000,849286.3152663999,849286.3152663999,1155684.1495789618,847389.7268565601,847389.7268565601,1000000,1000000
2025-04-27T12:40:00.000+0000,849286.3152663999,849286.3152663999,1157421.6702276887,847389.7268565601,847389.7268565601,1000000,1000000
2025-04-27T12:50:00.000+0000,849286.3152663999,849286.3152663999,1156393.781472895,847389.7268565601,847389.7268565601,1000000,1000000
2025-04-27T13:00:00.000+0000,849286.3152663999,849286.3152663999,1152847.1627713698,847389.7268565601,847389.7268565601,1000000,1000000
2025-04-27T13:10:00.000+0000,849286.3152663999,849286.3152663999,1155827.1665500079,847389.7268565601,847389.7268565601,1000000,1000000
2025-04-27T13:20:00.000+0000,849286.3152663999,849286.3152663999,1155775.5683050356,847389.7268565601,847389.7268565601,1000000,1000000
2025-04-27T13:30:00.000+0000,849286.3152663999,849286.3152663999,1157326.6204926968,847389.7268565601,847389.7268565601,1000000,1000000
2025-04-27T13:40:00.000+0000,849286.3152663999,849286.3152663999,1160072.8305920865,847389.7268565601,847389.7268565601,1000000,1000000
2025-04-27T13:50:00.000+0000,849286.3152663999,849286.3152663999,1159820.0346013852,847389.7268565601,847389.7268565601,1000000,1000000
2025-04-27T14:00:00.000+0000,849286.3152663999,849286.3152663999,1160582.5328623722,847389.7268565601,847389.7268565601,1000000,1000000
2025-04-27T14:10:00.000+0000,849286.3152663999,849286.3152663999,1159950.6925304953,847389.7268565601,847389.7268565601,1000000,1000000
2025-04-27T14:20:00.000+0000,849286.3152663999,849286.3152663999,1163133.7906777912,847389.7268565601,847389.7268565601,1000000,1000000
