date,total_balance_normal,unlocked_balance_normal,benchmark,total_balance_short_only,unlocked_balance_short_only,total_balance_long_only,unlocked_balance_long_only
2025-02-07T19:50:00.000+0000,1000000.0,1000000.0,999999.9999999999,1000000.0,1000000.0,1000000.0,1000000.0
2025-02-07T20:00:00.000+0000,999994.16639032,992707.9879000001,999999.9999999999,999997.07377536,996342.2192,1000000.0,1000000.0
2025-02-07T20:10:00.000+0000,999994.16639032,992707.9879000001,999999.9999999999,999997.07377536,996342.2192,1000000.0,1000000.0
2025-02-07T20:20:00.000+0000,999994.16639032,992707.9879000001,999999.9999999999,999997.07377536,996342.2192,1000000.0,1000000.0
2025-02-07T20:30:00.000+0000,999994.16639032,992707.9879000001,999999.9999999999,999997.07377536,996342.2192,1000000.0,1000000.0
2025-02-07T20:40:00.000+0000,999994.16639032,992707.9879000001,999999.9999999999,999997.07377536,996342.2192,1000000.0,1000000.0
2025-02-07T20:50:00.000+0000,999994.16639032,992707.9879000001,999999.9999999999,999997.07377536,996342.2192,1000000.0,1000000.0
2025-02-07T21:00:00.000+0000,999994.16639032,992707.9879000001,999999.9999999999,999997.07377536,996342.2192,1000000.0,1000000.0
2025-02-07T21:10:00.000+0000,999994.16639032,992707.9879000001,999999.9999999999,999997.07377536,996342.2192,1000000.0,1000000.0
2025-02-07T21:20:00.000+0000,999994.16639032,992707.9879000001,999999.9999999999,999997.07377536,996342.2192,1000000.0,1000000.0
2025-02-07T21:30:00.000+0000,999994.16639032,992707.9879000001,999999.9999999999,999997.07377536,996342.2192,1000000.0,1000000.0
2025-02-07T21:40:00.000+0000,999994.16639032,992707.9879000001,999999.9999999999,999997.07377536,996342.2192,1000000.0,1000000.0
2025-02-07T21:50:00.000+0000,999994.16639032,992707.9879000001,999999.9999999999,999997.07377536,996342.2192,1000000.0,1000000.0
2025-02-07T22:00:00.000+0000,999994.16639032,992707.9879000001,999999.9999999999,999997.07377536,996342.2192,1000000.0,1000000.0
2025-02-07T22:10:00.000+0000,999994.16639032,992707.9879000001,999999.9999999999,999997.07377536,996342.2192,1000000.0,1000000.0
2025-02-07T22:20:00.000+0000,999994.16639032,992707.9879000001,999999.9999999999,999997.07377536,996342.2192,1000000.0,1000000.0
2025-02-07T22:30:00.000+0000,999994.16639032,992707.9879000001,999999.9999999999,999997.07377536,996342.2192,1000000.0,1000000.0
2025-02-07T22:40:00.000+0000,999994.16639032,992707.9879000001,999999.9999999999,999997.07377536,996342.2192,1000000.0,1000000.0
2025-02-07T22:50:00.000+0000,999994.16639032,992707.9879000001,999999.9999999999,999997.07377536,996342.2192,1000000.0,1000000.0
2025-02-07T23:00:00.000+0000,999994.16639032,992707.9879000001,999999.9999999999,999997.07377536,996342.2192,1000000.0,1000000.0
2025-02-07T23:10:00.000+0000,999994.16639032,992707.9879000001,999999.9999999999,999997.07377536,996342.2192,1000000.0,1000000.0
2025-02-07T23:20:00.000+0000,999994.16639032,992707.9879000001,999999.9999999999,999997.07377536,996342.2192,1000000.0,1000000.0
2025-02-07T23:30:00.000+0000,999994.16639032,992707.9879000001,999999.9999999999,999997.07377536,996342.2192,1000000.0,1000000.0
2025-02-07T23:40:00.000+0000,999994.16639032,992707.9879000001,999999.9999999999,999997.07377536,996342.2192,1000000.0,1000000.0
2025-02-07T23:50:00.000+0000,999994.16639032,992707.9879000001,999999.9999999999,999997.07377536,996342.2192,1000000.0,1000000.0
2025-02-08T00:00:00.000+0000,999994.16639032,992707.9879000001,999999.9999999999,999997.07377536,996342.2192,1000000.0,1000000.0
2025-02-08T00:10:00.000+0000,999994.16639032,992707.9879000001,999999.9999999999,999997.07377536,996342.2192,1000000.0,1000000.0
2025-02-08T00:20:00.000+0000,999994.16639032,992707.9879000001,999999.9999999999,999997.07377536,996342.2192,1000000.0,1000000.0
2025-02-08T00:30:00.000+0000,999994.16639032,992707.9879000001,999999.9999999999,999997.07377536,996342.2192,1000000.0,1000000.0
2025-02-08T00:40:00.000+0000,999994.16639032,992707.9879000001,999999.9999999999,999997.07377536,996342.2192,1000000.0,1000000.0
2025-02-08T00:50:00.000+0000,999994.16639032,992707.9879000001,999999.9999999999,999997.07377536,996342.2192,1000000.0,1000000.0
2025-02-08T01:00:00.000+0000,999994.16639032,992707.9879000001,999999.9999999999,999997.07377536,996342.2192,1000000.0,1000000.0
2025-02-08T01:10:00.000+0000,999994.16639032,992707.9879000001,999999.9999999999,999997.07377536,996342.2192,1000000.0,1000000.0
2025-02-08T01:20:00.000+0000,999994.16639032,992707.9879000001,999999.9999999999,999997.07377536,996342.2192,1000000.0,1000000.0
2025-02-08T01:30:00.000+0000,999994.16639032,992707.9879000001,999999.9999999999,999997.07377536,996342.2192,1000000.0,1000000.0
2025-02-08T01:40:00.000+0000,999994.16639032,992707.9879000001,999999.9999999999,999997.07377536,996342.2192,1000000.0,1000000.0
2025-02-08T01:50:00.000+0000,999994.16639032,992707.9879000001,999999.9999999999,999997.07377536,996342.2192,1000000.0,1000000.0
2025-02-08T02:00:00.000+0000,999994.16639032,992707.9879000001,999999.9999999999,999997.07377536,996342.2192,1000000.0,1000000.0
2025-02-08T02:10:00.000+0000,999994.16639032,992707.9879000001,999999.9999999999,999997.07377536,996342.2192,1000000.0,1000000.0
2025-02-08T02:20:00.000+0000,999994.16639032,992707.9879000001,999999.9999999999,999997.07377536,996342.2192,1000000.0,1000000.0
2025-02-08T02:30:00.000+0000,999994.16639032,992707.9879000001,999999.9999999999,999997.07377536,996342.2192,1000000.0,1000000.0
2025-02-08T02:40:00.000+0000,999994.16639032,992707.9879000001,999999.9999999999,999997.07377536,996342.2192,1000000.0,1000000.0
2025-02-08T02:50:00.000+0000,999994.16639032,992707.9879000001,999999.9999999999,999997.07377536,996342.2192,1000000.0,1000000.0
2025-02-08T03:00:00.000+0000,999994.16639032,992707.9879000001,999999.9999999999,999997.07377536,996342.2192,1000000.0,1000000.0
2025-02-08T03:10:00.000+0000,999994.16639032,992707.9879000001,999999.9999999999,999997.07377536,996342.2192,1000000.0,1000000.0
2025-02-08T03:20:00.000+0000,999994.16639032,992707.9879000001,999999.9999999999,999997.07377536,996342.2192,1000000.0,1000000.0
2025-02-08T03:30:00.000+0000,999994.16639032,992707.9879000001,999999.9999999999,999997.07377536,996342.2192,1000000.0,1000000.0
2025-02-08T03:40:00.000+0000,999994.16639032,992707.9879000001,999999.9999999999,999997.07377536,996342.2192,1000000.0,1000000.0
2025-02-08T03:50:00.000+0000,999994.16639032,992707.9879000001,999999.9999999999,999997.07377536,996342.2192,1000000.0,1000000.0
2025-02-08T04:00:00.000+0000,999994.16639032,992707.9879000001,999999.9999999999,999997.07377536,996342.2192,1000000.0,1000000.0
2025-02-08T04:10:00.000+0000,999994.16639032,992707.9879000001,999999.9999999999,999997.07377536,996342.2192,1000000.0,1000000.0
2025-02-08T04:20:00.000+0000,999994.16639032,992707.9879000001,999999.9999999999,999997.07377536,996342.2192,1000000.0,1000000.0
2025-02-08T04:30:00.000+0000,999994.16639032,992707.9879000001,999999.9999999999,999997.07377536,996342.2192,1000000.0,1000000.0
2025-02-08T04:40:00.000+0000,999994.16639032,992707.9879000001,999999.9999999999,999997.07377536,996342.2192,1000000.0,1000000.0
2025-02-08T04:50:00.000+0000,999994.16639032,992707.9879000001,999999.9999999999,999997.07377536,996342.2192,1000000.0,1000000.0
2025-02-08T05:00:00.000+0000,999994.16639032,992707.9879000001,999999.9999999999,999997.07377536,996342.2192,1000000.0,1000000.0
2025-02-08T05:10:00.000+0000,999994.16639032,992707.9879000001,999999.9999999999,999997.07377536,996342.2192,1000000.0,1000000.0
2025-02-08T05:20:00.000+0000,999994.16639032,992707.9879000001,999999.9999999999,999997.07377536,996342.2192,1000000.0,1000000.0
2025-02-08T05:30:00.000+0000,999994.16639032,992707.9879000001,999999.9999999999,999997.07377536,996342.2192,1000000.0,1000000.0
2025-02-08T05:40:00.000+0000,999994.16639032,992707.9879000001,999999.9999999999,999997.07377536,996342.2192,1000000.0,1000000.0
2025-02-08T05:50:00.000+0000,999994.16639032,992707.9879000001,999999.9999999999,999997.07377536,996342.2192,1000000.0,1000000.0
2025-02-08T06:00:00.000+0000,999994.16639032,992707.9879000001,999999.9999999999,999997.07377536,996342.2192,1000000.0,1000000.0
2025-02-08T06:10:00.000+0000,999994.16639032,992707.9879000001,999999.9999999999,999997.07377536,996342.2192,1000000.0,1000000.0
2025-02-08T06:20:00.000+0000,999994.16639032,992707.9879000001,999999.9999999999,999997.07377536,996342.2192,1000000.0,1000000.0
2025-02-08T06:30:00.000+0000,999994.16639032,992707.9879000001,999999.9999999999,999997.07377536,996342.2192,1000000.0,1000000.0
2025-02-08T06:40:00.000+0000,999994.16639032,992707.9879000001,999999.9999999999,999997.07377536,996342.2192,1000000.0,1000000.0
2025-02-08T06:50:00.000+0000,999994.16639032,992707.9879000001,999999.9999999999,999997.07377536,996342.2192,1000000.0,1000000.0
2025-02-08T07:00:00.000+0000,999994.16639032,992707.9879000001,999999.9999999999,999997.07377536,996342.2192,1000000.0,1000000.0
2025-02-08T07:10:00.000+0000,999994.16639032,992707.9879000001,999999.9999999999,999997.07377536,996342.2192,1000000.0,1000000.0
2025-02-08T07:20:00.000+0000,999994.16639032,992707.9879000001,999999.9999999999,999997.07377536,996342.2192,1000000.0,1000000.0
2025-02-08T07:30:00.000+0000,999994.16639032,992707.9879000001,999999.9999999999,999997.07377536,996342.2192,1000000.0,1000000.0
2025-02-08T07:40:00.000+0000,999994.16639032,992707.9879000001,999999.9999999999,999997.07377536,996342.2192,1000000.0,1000000.0
2025-02-08T07:50:00.000+0000,999994.16639032,992707.9879000001,999999.9999999999,999997.07377536,996342.2192,1000000.0,1000000.0
2025-02-08T08:00:00.000+0000,999994.16639032,992707.9879000001,999999.9999999999,999997.07377536,996342.2192,1000000.0,1000000.0
2025-02-08T08:10:00.000+0000,999994.16639032,992707.9879000001,999999.9999999999,999997.07377536,996342.2192,1000000.0,1000000.0
2025-02-08T08:20:00.000+0000,999994.16639032,992707.9879000001,999999.9999999999,999997.07377536,996342.2192,1000000.0,1000000.0
2025-02-08T08:30:00.000+0000,999994.16639032,992707.9879000001,999999.9999999999,999997.07377536,996342.2192,1000000.0,1000000.0
2025-02-08T08:40:00.000+0000,999994.16639032,992707.9879000001,999999.9999999999,999997.07377536,996342.2192,1000000.0,1000000.0
2025-02-08T08:50:00.000+0000,999994.16639032,992707.9879000001,999999.9999999999,999997.07377536,996342.2192,1000000.0,1000000.0
2025-02-08T09:00:00.000+0000,999994.16639032,992707.9879000001,999999.9999999999,999997.07377536,996342.2192,1000000.0,1000000.0
2025-02-08T09:10:00.000+0000,999994.16639032,992707.9879000001,999999.9999999999,999997.07377536,996342.2192,1000000.0,1000000.0
2025-02-08T09:20:00.000+0000,999994.16639032,992707.9879000001,999999.9999999999,999997.07377536,996342.2192,1000000.0,1000000.0
2025-02-08T09:30:00.000+0000,999994.16639032,992707.9879000001,999999.9999999999,999997.07377536,996342.2192,1000000.0,1000000.0
2025-02-08T09:40:00.000+0000,999994.16639032,999994.16639032,999999.9999999999,999997.07377536,999997.07377536,1000000.0,1000000.0
2025-02-08T09:50:00.000+0000,999994.16639032,999994.16639032,999999.9999999999,999997.07377536,999997.07377536,1000000.0,1000000.0
2025-02-08T10:00:00.000+0000,999994.16639032,999994.16639032,999999.9999999999,999997.07377536,999997.07377536,1000000.0,1000000.0
2025-02-08T10:10:00.000+0000,999994.16639032,999994.16639032,999999.9999999999,999997.07377536,999997.07377536,1000000.0,1000000.0
2025-02-08T10:20:00.000+0000,999994.16639032,999994.16639032,999999.9999999999,999997.07377536,999997.07377536,1000000.0,1000000.0
2025-02-08T10:30:00.000+0000,999994.16639032,999994.16639032,999999.9999999999,999997.07377536,999997.07377536,1000000.0,1000000.0
2025-02-08T10:40:00.000+0000,999994.16639032,999994.16639032,999999.9999999999,999997.07377536,999997.07377536,1000000.0,1000000.0
2025-02-08T10:50:00.000+0000,999994.16639032,999994.16639032,999999.9999999999,999997.07377536,999997.07377536,1000000.0,1000000.0
2025-02-08T11:00:00.000+0000,999994.16639032,999994.16639032,999999.9999999999,999997.07377536,999997.07377536,1000000.0,1000000.0
2025-02-08T11:10:00.000+0000,999994.16639032,999994.16639032,999999.9999999999,999997.07377536,999997.07377536,1000000.0,1000000.0
2025-02-08T11:20:00.000+0000,999994.16639032,999994.16639032,999999.9999999999,999997.07377536,999997.07377536,1000000.0,1000000.0
2025-02-08T11:30:00.000+0000,999994.16639032,999994.16639032,999999.9999999999,999997.07377536,999997.07377536,1000000.0,1000000.0
2025-02-08T11:40:00.000+0000,999994.16639032,999994.16639032,999999.9999999999,999997.07377536,999997.07377536,1000000.0,1000000.0
2025-02-08T11:50:00.000+0000,999994.16639032,999994.16639032,999999.9999999999,999997.07377536,999997.07377536,1000000.0,1000000.0
2025-02-08T12:00:00.000+0000,999994.16639032,999994.16639032,999999.9999999999,999997.07377536,999997.07377536,1000000.0,1000000.0
2025-02-08T12:10:00.000+0000,999994.16639032,999994.16639032,999999.9999999999,999997.07377536,999997.07377536,1000000.0,1000000.0
2025-02-08T12:20:00.000+0000,999994.16639032,999994.16639032,999999.9999999999,999997.07377536,999997.07377536,1000000.0,1000000.0
2025-02-08T12:30:00.000+0000,999994.16639032,999994.16639032,999999.9999999999,999997.07377536,999997.07377536,1000000.0,1000000.0
2025-02-08T12:40:00.000+0000,999994.16639032,999994.16639032,999999.9999999999,999997.07377536,999997.07377536,1000000.0,1000000.0
2025-02-08T12:50:00.000+0000,999994.16639032,999994.16639032,999999.9999999999,999997.07377536,999997.07377536,1000000.0,1000000.0
2025-02-08T13:00:00.000+0000,999994.16639032,999994.16639032,999999.9999999999,999997.07377536,999997.07377536,1000000.0,1000000.0
2025-02-08T13:10:00.000+0000,999994.16639032,999994.16639032,999999.9999999999,999997.07377536,999997.07377536,1000000.0,1000000.0
2025-02-08T13:20:00.000+0000,999994.16639032,999994.16639032,999999.9999999999,999997.07377536,999997.07377536,1000000.0,1000000.0
2025-02-08T13:30:00.000+0000,999994.16639032,999994.16639032,999999.9999999999,999997.07377536,999997.07377536,1000000.0,1000000.0
2025-02-08T13:40:00.000+0000,999994.16639032,999994.16639032,999999.9999999999,999997.07377536,999997.07377536,1000000.0,1000000.0
2025-02-08T13:50:00.000+0000,999994.16639032,999994.16639032,999999.9999999999,999997.07377536,999997.07377536,1000000.0,1000000.0
2025-02-08T14:00:00.000+0000,999994.16639032,999994.16639032,999999.9999999999,999997.07377536,999997.07377536,1000000.0,1000000.0
2025-02-08T14:10:00.000+0000,999994.16639032,999994.16639032,999999.9999999999,999997.07377536,999997.07377536,1000000.0,1000000.0
2025-02-08T14:20:00.000+0000,999994.16639032,999994.16639032,999999.9999999999,999997.07377536,999997.07377536,1000000.0,1000000.0
2025-02-08T14:30:00.000+0000,999994.16639032,999994.16639032,999999.9999999999,999997.07377536,999997.07377536,1000000.0,1000000.0
2025-02-08T14:40:00.000+0000,999994.16639032,999994.16639032,999999.9999999999,999997.07377536,999997.07377536,1000000.0,1000000.0
2025-02-08T14:50:00.000+0000,999994.16639032,999994.16639032,999999.9999999999,999997.07377536,999997.07377536,1000000.0,1000000.0
2025-02-08T15:00:00.000+0000,999994.16639032,999994.16639032,999999.9999999999,999997.07377536,999997.07377536,1000000.0,1000000.0
2025-02-08T15:10:00.000+0000,999994.16639032,999994.16639032,999999.9999999999,999997.07377536,999997.07377536,1000000.0,1000000.0
2025-02-08T15:20:00.000+0000,999994.16639032,999994.16639032,999999.9999999999,999997.07377536,999997.07377536,1000000.0,1000000.0
2025-02-08T15:30:00.000+0000,999994.16639032,999994.16639032,999999.9999999999,999997.07377536,999997.07377536,1000000.0,1000000.0
2025-02-08T15:40:00.000+0000,999994.16639032,999994.16639032,999999.9999999999,999997.07377536,999997.07377536,1000000.0,1000000.0
2025-02-08T15:50:00.000+0000,999994.16639032,999994.16639032,999999.9999999999,999997.07377536,999997.07377536,1000000.0,1000000.0
2025-02-08T16:00:00.000+0000,999994.16639032,999994.16639032,999999.9999999999,999997.07377536,999997.07377536,1000000.0,1000000.0
2025-02-08T16:10:00.000+0000,999994.16639032,999994.16639032,999999.9999999999,999997.07377536,999997.07377536,1000000.0,1000000.0
2025-02-08T16:20:00.000+0000,999994.16639032,999994.16639032,999999.9999999999,999997.07377536,999997.07377536,1000000.0,1000000.0
2025-02-08T16:30:00.000+0000,999994.16639032,999994.16639032,999999.9999999999,999997.07377536,999997.07377536,1000000.0,1000000.0
2025-02-08T16:40:00.000+0000,999994.16639032,999994.16639032,999999.9999999999,999997.07377536,999997.07377536,1000000.0,1000000.0
2025-02-08T16:50:00.000+0000,999994.16639032,999994.16639032,999999.9999999999,999997.07377536,999997.07377536,1000000.0,1000000.0
2025-02-08T17:00:00.000+0000,999994.16639032,999994.16639032,999999.9999999999,999997.07377536,999997.07377536,1000000.0,1000000.0
2025-02-08T17:10:00.000+0000,999994.16639032,999994.16639032,999999.9999999999,999997.07377536,999997.07377536,1000000.0,1000000.0
2025-02-08T17:20:00.000+0000,999994.16639032,999994.16639032,999999.9999999999,999997.07377536,999997.07377536,1000000.0,1000000.0
2025-02-08T17:30:00.000+0000,999994.16639032,999994.16639032,999999.9999999999,999997.07377536,999997.07377536,1000000.0,1000000.0
2025-02-08T17:40:00.000+0000,999994.16639032,999994.16639032,999999.9999999999,999997.07377536,999997.07377536,1000000.0,1000000.0
2025-02-08T17:50:00.000+0000,999994.16639032,999994.16639032,999999.9999999999,999997.07377536,999997.07377536,1000000.0,1000000.0
2025-02-08T18:00:00.000+0000,999994.16639032,999994.16639032,999999.9999999999,999997.07377536,999997.07377536,1000000.0,1000000.0
2025-02-08T18:10:00.000+0000,999994.16639032,999994.16639032,999999.9999999999,999997.07377536,999997.07377536,1000000.0,1000000.0
2025-02-08T18:20:00.000+0000,999994.16639032,999994.16639032,999999.9999999999,999997.07377536,999997.07377536,1000000.0,1000000.0
2025-02-08T18:30:00.000+0000,999994.16639032,999994.16639032,999999.9999999999,999997.07377536,999997.07377536,1000000.0,1000000.0
2025-02-08T18:40:00.000+0000,999994.16639032,999994.16639032,999999.9999999999,999997.07377536,999997.07377536,1000000.0,1000000.0
2025-02-08T18:50:00.000+0000,999994.16639032,999994.16639032,999999.9999999999,999997.07377536,999997.07377536,1000000.0,1000000.0
2025-02-08T19:00:00.000+0000,999994.16639032,999994.16639032,999999.9999999999,999997.07377536,999997.07377536,1000000.0,1000000.0
2025-02-08T19:10:00.000+0000,999994.16639032,999994.16639032,999999.9999999999,999997.07377536,999997.07377536,1000000.0,1000000.0
2025-02-08T19:20:00.000+0000,999994.16639032,999994.16639032,999999.9999999999,999997.07377536,999997.07377536,1000000.0,1000000.0
2025-02-08T19:30:00.000+0000,999994.16639032,999994.16639032,999999.9999999999,999997.07377536,999997.07377536,1000000.0,1000000.0
2025-02-08T19:40:00.000+0000,999994.16639032,999994.16639032,999999.9999999999,999997.07377536,999997.07377536,1000000.0,1000000.0
2025-02-08T19:50:00.000+0000,999994.16639032,999994.16639032,999999.9999999999,999997.07377536,999997.07377536,1000000.0,1000000.0
2025-02-08T20:00:00.000+0000,999994.16639032,999994.16639032,999999.9999999999,999997.07377536,999997.07377536,1000000.0,1000000.0
2025-02-08T20:10:00.000+0000,999994.16639032,999994.16639032,999999.9999999999,999997.07377536,999997.07377536,1000000.0,1000000.0
2025-02-08T20:20:00.000+0000,999994.16639032,999994.16639032,999999.9999999999,999997.07377536,999997.07377536,1000000.0,1000000.0
2025-02-08T20:30:00.000+0000,999994.16639032,999994.16639032,999999.9999999999,999997.07377536,999997.07377536,1000000.0,1000000.0
2025-02-08T20:40:00.000+0000,999994.16639032,999994.16639032,999999.9999999999,999997.07377536,999997.07377536,1000000.0,1000000.0
2025-02-08T20:50:00.000+0000,999994.16639032,999994.16639032,999999.9999999999,999997.07377536,999997.07377536,1000000.0,1000000.0
2025-02-08T21:00:00.000+0000,999994.16639032,999994.16639032,999999.9999999999,999997.07377536,999997.07377536,1000000.0,1000000.0
2025-02-08T21:10:00.000+0000,999994.16639032,999994.16639032,999999.9999999999,999997.07377536,999997.07377536,1000000.0,1000000.0
2025-02-08T21:20:00.000+0000,999994.16639032,999994.16639032,999999.9999999999,999997.07377536,999997.07377536,1000000.0,1000000.0
2025-02-08T21:30:00.000+0000,999994.16639032,999994.16639032,999999.9999999999,999997.07377536,999997.07377536,1000000.0,1000000.0
2025-02-08T21:40:00.000+0000,999994.16639032,999994.16639032,999999.9999999999,999997.07377536,999997.07377536,1000000.0,1000000.0
2025-02-08T21:50:00.000+0000,999994.16639032,999994.16639032,999999.9999999999,999997.07377536,999997.07377536,1000000.0,1000000.0
2025-02-08T22:00:00.000+0000,999994.16639032,999994.16639032,999999.9999999999,999997.07377536,999997.07377536,1000000.0,1000000.0
2025-02-08T22:10:00.000+0000,999994.16639032,999994.16639032,999999.9999999999,999997.07377536,999997.07377536,1000000.0,1000000.0
2025-02-08T22:20:00.000+0000,999994.16639032,999994.16639032,999999.9999999999,999997.07377536,999997.07377536,1000000.0,1000000.0
2025-02-08T22:30:00.000+0000,999994.16639032,999994.16639032,999999.9999999999,999997.07377536,999997.07377536,1000000.0,1000000.0
2025-02-08T22:40:00.000+0000,999994.16639032,999994.16639032,999999.9999999999,999997.07377536,999997.07377536,1000000.0,1000000.0
2025-02-08T22:50:00.000+0000,999994.16639032,999994.16639032,999999.9999999999,999997.07377536,999997.07377536,1000000.0,1000000.0
2025-02-08T23:00:00.000+0000,999994.16639032,999994.16639032,999999.9999999999,999997.07377536,999997.07377536,1000000.0,1000000.0
2025-02-08T23:10:00.000+0000,999994.16639032,999994.16639032,999999.9999999999,999997.07377536,999997.07377536,1000000.0,1000000.0
2025-02-08T23:20:00.000+0000,999994.16639032,999994.16639032,999999.9999999999,999997.07377536,999997.07377536,1000000.0,1000000.0
2025-02-08T23:30:00.000+0000,999994.16639032,999994.16639032,999999.9999999999,999997.07377536,999997.07377536,1000000.0,1000000.0
2025-02-08T23:40:00.000+0000,999994.16639032,999994.16639032,999999.9999999999,999997.07377536,999997.07377536,1000000.0,1000000.0
2025-02-08T23:50:00.000+0000,999994.16639032,999994.16639032,999999.9999999999,999997.07377536,999997.07377536,1000000.0,1000000.0
2025-02-09T00:00:00.000+0000,999994.16639032,999994.16639032,999999.9999999999,999997.07377536,999997.07377536,1000000.0,1000000.0
2025-02-09T00:10:00.000+0000,999994.16639032,999994.16639032,999999.9999999999,999997.07377536,999997.07377536,1000000.0,1000000.0
2025-02-09T00:20:00.000+0000,999994.16639032,999994.16639032,999999.9999999999,999997.07377536,999997.07377536,1000000.0,1000000.0
2025-02-09T00:30:00.000+0000,999994.16639032,999994.16639032,999999.9999999999,999997.07377536,999997.07377536,1000000.0,1000000.0
2025-02-09T00:40:00.000+0000,999994.16639032,999994.16639032,999999.9999999999,999997.07377536,999997.07377536,1000000.0,1000000.0
2025-02-09T00:50:00.000+0000,999994.16639032,999994.16639032,999999.9999999999,999997.07377536,999997.07377536,1000000.0,1000000.0
2025-02-09T01:00:00.000+0000,999994.16639032,999994.16639032,999999.9999999999,999997.07377536,999997.07377536,1000000.0,1000000.0
2025-02-09T01:10:00.000+0000,999994.16639032,999994.16639032,999999.9999999999,999997.07377536,999997.07377536,1000000.0,1000000.0
2025-02-09T01:20:00.000+0000,999994.16639032,999994.16639032,999999.9999999999,999997.07377536,999997.07377536,1000000.0,1000000.0
2025-02-09T01:30:00.000+0000,999994.16639032,999994.16639032,999999.9999999999,999997.07377536,999997.07377536,1000000.0,1000000.0
2025-02-09T01:40:00.000+0000,999994.16639032,999994.16639032,999999.9999999999,999997.07377536,999997.07377536,1000000.0,1000000.0
2025-02-09T01:50:00.000+0000,999994.16639032,999994.16639032,999999.9999999999,999997.07377536,999997.07377536,1000000.0,1000000.0
2025-02-09T02:00:00.000+0000,999994.16639032,999994.16639032,999999.9999999999,999997.07377536,999997.07377536,1000000.0,1000000.0
2025-02-09T02:10:00.000+0000,999994.16639032,999994.16639032,999999.9999999999,999997.07377536,999997.07377536,1000000.0,1000000.0
2025-02-09T02:20:00.000+0000,999994.16639032,999994.16639032,999999.9999999999,999997.07377536,999997.07377536,1000000.0,1000000.0
2025-02-09T02:30:00.000+0000,999994.16639032,999994.16639032,999999.9999999999,999997.07377536,999997.07377536,1000000.0,1000000.0
2025-02-09T02:40:00.000+0000,999994.16639032,999994.16639032,999999.9999999999,999997.07377536,999997.07377536,1000000.0,1000000.0
2025-02-09T02:50:00.000+0000,999994.16639032,999994.16639032,999999.9999999999,999997.07377536,999997.07377536,1000000.0,1000000.0
2025-02-09T03:00:00.000+0000,999994.16639032,999994.16639032,999999.9999999999,999997.07377536,999997.07377536,1000000.0,1000000.0
2025-02-09T03:10:00.000+0000,999994.16639032,999994.16639032,999999.9999999999,999997.07377536,999997.07377536,1000000.0,1000000.0
2025-02-09T03:20:00.000+0000,999994.16639032,999994.16639032,999999.9999999999,999997.07377536,999997.07377536,1000000.0,1000000.0
2025-02-09T03:30:00.000+0000,999994.16639032,999994.16639032,999999.9999999999,999997.07377536,999997.07377536,1000000.0,1000000.0
2025-02-09T03:40:00.000+0000,999994.16639032,999994.16639032,999999.9999999999,999997.07377536,999997.07377536,1000000.0,1000000.0
2025-02-09T03:50:00.000+0000,999994.16639032,999994.16639032,999999.9999999999,999997.07377536,999997.07377536,1000000.0,1000000.0
2025-02-09T04:00:00.000+0000,999994.16639032,999994.16639032,999999.9999999999,999997.07377536,999997.07377536,1000000.0,1000000.0
2025-02-09T04:10:00.000+0000,999994.16639032,999994.16639032,999999.9999999999,999997.07377536,999997.07377536,1000000.0,1000000.0
2025-02-09T04:20:00.000+0000,999994.16639032,999994.16639032,999999.9999999999,999997.07377536,999997.07377536,1000000.0,1000000.0
2025-02-09T04:30:00.000+0000,999994.16639032,999994.16639032,999999.9999999999,999997.07377536,999997.07377536,1000000.0,1000000.0
2025-02-09T04:40:00.000+0000,999994.16639032,999994.16639032,999999.9999999999,999997.07377536,999997.07377536,1000000.0,1000000.0
2025-02-09T04:50:00.000+0000,999994.16639032,999994.16639032,999999.9999999999,999997.07377536,999997.07377536,1000000.0,1000000.0
2025-02-09T05:00:00.000+0000,999994.16639032,999994.16639032,999999.9999999999,999997.07377536,999997.07377536,1000000.0,1000000.0
2025-02-09T05:10:00.000+0000,999994.16639032,999994.16639032,999999.9999999999,999997.07377536,999997.07377536,1000000.0,1000000.0
2025-02-09T05:20:00.000+0000,999994.16639032,999994.16639032,999999.9999999999,999997.07377536,999997.07377536,1000000.0,1000000.0
2025-02-09T05:30:00.000+0000,999994.16639032,999994.16639032,999999.9999999999,999997.07377536,999997.07377536,1000000.0,1000000.0
2025-02-09T05:40:00.000+0000,999994.16639032,999994.16639032,999999.9999999999,999997.07377536,999997.07377536,1000000.0,1000000.0
2025-02-09T05:50:00.000+0000,999994.16639032,999994.16639032,999999.9999999999,999997.07377536,999997.07377536,1000000.0,1000000.0
2025-02-09T06:00:00.000+0000,999994.16639032,999994.16639032,999999.9999999999,999997.07377536,999997.07377536,1000000.0,1000000.0
2025-02-09T06:10:00.000+0000,999994.16639032,999994.16639032,999999.9999999999,999997.07377536,999997.07377536,1000000.0,1000000.0
2025-02-09T06:20:00.000+0000,999994.16639032,999994.16639032,999999.9999999999,999997.07377536,999997.07377536,1000000.0,1000000.0
2025-02-09T06:30:00.000+0000,999994.16639032,999994.16639032,999999.9999999999,999997.07377536,999997.07377536,1000000.0,1000000.0
2025-02-09T06:40:00.000+0000,999994.16639032,999994.16639032,999999.9999999999,999997.07377536,999997.07377536,1000000.0,1000000.0
2025-02-09T06:50:00.000+0000,999994.16639032,999994.16639032,999999.9999999999,999997.07377536,999997.07377536,1000000.0,1000000.0
2025-02-09T07:00:00.000+0000,999994.16639032,999994.16639032,999999.9999999999,999997.07377536,999997.07377536,1000000.0,1000000.0
2025-02-09T07:10:00.000+0000,999994.16639032,999994.16639032,999999.9999999999,999997.07377536,999997.07377536,1000000.0,1000000.0
2025-02-09T07:20:00.000+0000,999994.16639032,999994.16639032,999999.9999999999,999997.07377536,999997.07377536,1000000.0,1000000.0
2025-02-09T07:30:00.000+0000,999994.16639032,999994.16639032,999999.9999999999,999997.07377536,999997.07377536,1000000.0,1000000.0
2025-02-09T07:40:00.000+0000,999994.16639032,999994.16639032,999999.9999999999,999997.07377536,999997.07377536,1000000.0,1000000.0
2025-02-09T07:50:00.000+0000,999994.16639032,999994.16639032,999999.9999999999,999997.07377536,999997.07377536,1000000.0,1000000.0
2025-02-09T08:00:00.000+0000,999994.16639032,999994.16639032,999999.9999999999,999997.07377536,999997.07377536,1000000.0,1000000.0
2025-02-09T08:10:00.000+0000,999994.16639032,999994.16639032,999999.9999999999,999997.07377536,999997.07377536,1000000.0,1000000.0
2025-02-09T08:20:00.000+0000,999994.16639032,999994.16639032,999999.9999999999,999997.07377536,999997.07377536,1000000.0,1000000.0
2025-02-09T08:30:00.000+0000,999994.16639032,999994.16639032,999999.9999999999,999997.07377536,999997.07377536,1000000.0,1000000.0
2025-02-09T08:40:00.000+0000,999994.16639032,999994.16639032,999999.9999999999,999997.07377536,999997.07377536,1000000.0,1000000.0
2025-02-09T08:50:00.000+0000,999994.16639032,999994.16639032,999999.9999999999,999997.07377536,999997.07377536,1000000.0,1000000.0
2025-02-09T09:00:00.000+0000,999994.16639032,999994.16639032,999999.9999999999,999997.07377536,999997.07377536,1000000.0,1000000.0
2025-02-09T09:10:00.000+0000,999994.16639032,999994.16639032,999999.9999999999,999997.07377536,999997.07377536,1000000.0,1000000.0
2025-02-09T09:20:00.000+0000,999994.16639032,999994.16639032,999999.9999999999,999997.07377536,999997.07377536,1000000.0,1000000.0
2025-02-09T09:30:00.000+0000,999994.16639032,999994.16639032,999999.9999999999,999997.07377536,999997.07377536,1000000.0,1000000.0
2025-02-09T09:40:00.000+0000,999994.16639032,999994.16639032,999999.9999999999,999997.07377536,999997.07377536,1000000.0,1000000.0
2025-02-09T09:50:00.000+0000,999994.16639032,999994.16639032,999999.9999999999,999997.07377536,999997.07377536,1000000.0,1000000.0
2025-02-09T10:00:00.000+0000,999994.16639032,999994.16639032,999999.9999999999,999997.07377536,999997.07377536,1000000.0,1000000.0
2025-02-09T10:10:00.000+0000,999994.16639032,999994.16639032,999999.9999999999,999997.07377536,999997.07377536,1000000.0,1000000.0
2025-02-09T10:20:00.000+0000,999994.16639032,999994.16639032,999999.9999999999,999997.07377536,999997.07377536,1000000.0,1000000.0
2025-02-09T10:30:00.000+0000,999994.16639032,999994.16639032,999999.9999999999,999997.07377536,999997.07377536,1000000.0,1000000.0
2025-02-09T10:40:00.000+0000,999994.16639032,999994.16639032,999999.9999999999,999997.07377536,999997.07377536,1000000.0,1000000.0
2025-02-09T10:50:00.000+0000,999994.16639032,999994.16639032,999999.9999999999,999997.07377536,999997.07377536,1000000.0,1000000.0
2025-02-09T11:00:00.000+0000,999994.16639032,999994.16639032,999999.9999999999,999997.07377536,999997.07377536,1000000.0,1000000.0
2025-02-09T11:10:00.000+0000,999994.16639032,999994.16639032,999999.9999999999,999997.07377536,999997.07377536,1000000.0,1000000.0
2025-02-09T11:20:00.000+0000,999994.16639032,999994.16639032,999999.9999999999,999997.07377536,999997.07377536,1000000.0,1000000.0
2025-02-09T11:30:00.000+0000,999994.16639032,999994.16639032,999999.9999999999,999997.07377536,999997.07377536,1000000.0,1000000.0
2025-02-09T11:40:00.000+0000,999994.16639032,999994.16639032,999999.9999999999,999997.07377536,999997.07377536,1000000.0,1000000.0
2025-02-09T11:50:00.000+0000,999994.16639032,999994.16639032,999999.9999999999,999997.07377536,999997.07377536,1000000.0,1000000.0
2025-02-09T12:00:00.000+0000,999994.16639032,999994.16639032,999999.9999999999,999997.07377536,999997.07377536,1000000.0,1000000.0
2025-02-09T12:10:00.000+0000,999994.16639032,999994.16639032,999999.9999999999,999997.07377536,999997.07377536,1000000.0,1000000.0
2025-02-09T12:20:00.000+0000,999994.16639032,999994.16639032,999999.9999999999,999997.07377536,999997.07377536,1000000.0,1000000.0
2025-02-09T12:30:00.000+0000,999994.16639032,999994.16639032,999999.9999999999,999997.07377536,999997.07377536,1000000.0,1000000.0
2025-02-09T12:40:00.000+0000,999994.16639032,999994.16639032,999999.9999999999,999997.07377536,999997.07377536,1000000.0,1000000.0
2025-02-09T12:50:00.000+0000,999994.16639032,999994.16639032,999999.9999999999,999997.07377536,999997.07377536,1000000.0,1000000.0
2025-02-09T13:00:00.000+0000,999994.16639032,999994.16639032,999999.9999999999,999997.07377536,999997.07377536,1000000.0,1000000.0
2025-02-09T13:10:00.000+0000,999994.16639032,999994.16639032,999999.9999999999,999997.07377536,999997.07377536,1000000.0,1000000.0
2025-02-09T13:20:00.000+0000,999994.16639032,999994.16639032,999999.9999999999,999997.07377536,999997.07377536,1000000.0,1000000.0
2025-02-09T13:30:00.000+0000,999994.16639032,999994.16639032,999999.9999999999,999997.07377536,999997.07377536,1000000.0,1000000.0
2025-02-09T13:40:00.000+0000,999994.16639032,999994.16639032,999999.9999999999,999997.07377536,999997.07377536,1000000.0,1000000.0
2025-02-09T13:50:00.000+0000,999994.16639032,999994.16639032,999999.9999999999,999997.07377536,999997.07377536,1000000.0,1000000.0
2025-02-09T14:00:00.000+0000,999994.16639032,999994.16639032,999999.9999999999,999997.07377536,999997.07377536,1000000.0,1000000.0
2025-02-09T14:10:00.000+0000,999994.16639032,999994.16639032,999999.9999999999,999997.07377536,999997.07377536,1000000.0,1000000.0
2025-02-09T14:20:00.000+0000,999994.16639032,999994.16639032,999999.9999999999,999997.07377536,999997.07377536,1000000.0,1000000.0
2025-02-09T14:30:00.000+0000,999994.16639032,999994.16639032,999999.9999999999,999997.07377536,999997.07377536,1000000.0,1000000.0
2025-02-09T14:40:00.000+0000,999994.16639032,999994.16639032,999999.9999999999,999997.07377536,999997.07377536,1000000.0,1000000.0
2025-02-09T14:50:00.000+0000,999994.16639032,999994.16639032,999999.9999999999,999997.07377536,999997.07377536,1000000.0,1000000.0
2025-02-09T15:00:00.000+0000,999994.16639032,999994.16639032,999999.9999999999,999997.07377536,999997.07377536,1000000.0,1000000.0
2025-02-09T15:10:00.000+0000,999994.16639032,999994.16639032,999999.9999999999,999997.07377536,999997.07377536,1000000.0,1000000.0
2025-02-09T15:20:00.000+0000,999994.16639032,999994.16639032,999999.9999999999,999997.07377536,999997.07377536,1000000.0,1000000.0
2025-02-09T15:30:00.000+0000,999994.16639032,999994.16639032,999999.9999999999,999997.07377536,999997.07377536,1000000.0,1000000.0
2025-02-09T15:40:00.000+0000,999994.16639032,999994.16639032,999999.9999999999,999997.07377536,999997.07377536,1000000.0,1000000.0
2025-02-09T15:50:00.000+0000,999994.16639032,999994.16639032,999999.9999999999,999997.07377536,999997.07377536,1000000.0,1000000.0
2025-02-09T16:00:00.000+0000,999994.16639032,999994.16639032,999999.9999999999,999997.07377536,999997.07377536,1000000.0,1000000.0
2025-02-09T16:10:00.000+0000,999994.16639032,999994.16639032,999999.9999999999,999997.07377536,999997.07377536,1000000.0,1000000.0
2025-02-09T16:20:00.000+0000,999994.16639032,999994.16639032,999999.9999999999,999997.07377536,999997.07377536,1000000.0,1000000.0
2025-02-09T16:30:00.000+0000,999994.16639032,999994.16639032,999999.9999999999,999997.07377536,999997.07377536,1000000.0,1000000.0
2025-02-09T16:40:00.000+0000,999994.16639032,999994.16639032,999999.9999999999,999997.07377536,999997.07377536,1000000.0,1000000.0
2025-02-09T16:50:00.000+0000,999994.16639032,999994.16639032,999999.9999999999,999997.07377536,999997.07377536,1000000.0,1000000.0
2025-02-09T17:00:00.000+0000,999994.16639032,999994.16639032,999999.9999999999,999997.07377536,999997.07377536,1000000.0,1000000.0
2025-02-09T17:10:00.000+0000,999994.16639032,999994.16639032,999999.9999999999,999997.07377536,999997.07377536,1000000.0,1000000.0
2025-02-09T17:20:00.000+0000,999994.16639032,999994.16639032,999999.9999999999,999997.07377536,999997.07377536,1000000.0,1000000.0
2025-02-09T17:30:00.000+0000,999994.16639032,999994.16639032,999999.9999999999,999997.07377536,999997.07377536,1000000.0,1000000.0
2025-02-09T17:40:00.000+0000,999994.16639032,999994.16639032,999999.9999999999,999997.07377536,999997.07377536,1000000.0,1000000.0
2025-02-09T17:50:00.000+0000,999994.16639032,999994.16639032,999999.9999999999,999997.07377536,999997.07377536,1000000.0,1000000.0
2025-02-09T18:00:00.000+0000,999994.16639032,999994.16639032,999999.9999999999,999997.07377536,999997.07377536,1000000.0,1000000.0
2025-02-09T18:10:00.000+0000,999994.16639032,999994.16639032,999999.9999999999,999997.07377536,999997.07377536,1000000.0,1000000.0
2025-02-09T18:20:00.000+0000,999994.16639032,999994.16639032,999999.9999999999,999997.07377536,999997.07377536,1000000.0,1000000.0
2025-02-09T18:30:00.000+0000,999994.16639032,999994.16639032,999999.9999999999,999997.07377536,999997.07377536,1000000.0,1000000.0
2025-02-09T18:40:00.000+0000,999994.16639032,999994.16639032,999999.9999999999,999997.07377536,999997.07377536,1000000.0,1000000.0
2025-02-09T18:50:00.000+0000,999994.16639032,999994.16639032,999999.9999999999,999997.07377536,999997.07377536,1000000.0,1000000.0
2025-02-09T19:00:00.000+0000,999994.16639032,999994.16639032,999999.9999999999,999997.07377536,999997.07377536,1000000.0,1000000.0
2025-02-09T19:10:00.000+0000,999994.16639032,999994.16639032,999999.9999999999,999997.07377536,999997.07377536,1000000.0,1000000.0
2025-02-09T19:20:00.000+0000,999994.16639032,999994.16639032,999999.9999999999,999997.07377536,999997.07377536,1000000.0,1000000.0
2025-02-09T19:30:00.000+0000,999994.16639032,999994.16639032,999999.9999999999,999997.07377536,999997.07377536,1000000.0,1000000.0
2025-02-09T19:40:00.000+0000,999994.16639032,999994.16639032,999999.9999999999,999997.07377536,999997.07377536,1000000.0,1000000.0
2025-02-09T19:50:00.000+0000,999994.16639032,999994.16639032,999999.9999999999,999997.07377536,999997.07377536,1000000.0,1000000.0
2025-02-09T20:00:00.000+0000,999994.16639032,999994.16639032,999999.9999999999,999997.07377536,999997.07377536,1000000.0,1000000.0
2025-02-09T20:10:00.000+0000,999994.16639032,999994.16639032,999999.9999999999,999997.07377536,999997.07377536,1000000.0,1000000.0
2025-02-09T20:20:00.000+0000,999994.16639032,999994.16639032,999999.9999999999,999997.07377536,999997.07377536,1000000.0,1000000.0
2025-02-09T20:30:00.000+0000,999994.16639032,999994.16639032,999999.9999999999,999997.07377536,999997.07377536,1000000.0,1000000.0
2025-02-09T20:40:00.000+0000,999994.16639032,999994.16639032,999999.9999999999,999997.07377536,999997.07377536,1000000.0,1000000.0
2025-02-09T20:50:00.000+0000,999994.16639032,999994.16639032,999999.9999999999,999997.07377536,999997.07377536,1000000.0,1000000.0
2025-02-09T21:00:00.000+0000,999994.16639032,999994.16639032,999999.9999999999,999997.07377536,999997.07377536,1000000.0,1000000.0
2025-02-09T21:10:00.000+0000,999994.16639032,999994.16639032,999999.9999999999,999997.07377536,999997.07377536,1000000.0,1000000.0
2025-02-09T21:20:00.000+0000,999994.16639032,999994.16639032,999999.9999999999,999997.07377536,999997.07377536,1000000.0,1000000.0
2025-02-09T21:30:00.000+0000,999994.16639032,999994.16639032,999999.9999999999,999997.07377536,999997.07377536,1000000.0,1000000.0
2025-02-09T21:40:00.000+0000,999994.16639032,999994.16639032,999999.9999999999,999997.07377536,999997.07377536,1000000.0,1000000.0
2025-02-09T21:50:00.000+0000,999994.16639032,999994.16639032,999999.9999999999,999997.07377536,999997.07377536,1000000.0,1000000.0
2025-02-09T22:00:00.000+0000,999994.16639032,999994.16639032,999999.9999999999,999997.07377536,999997.07377536,1000000.0,1000000.0
2025-02-09T22:10:00.000+0000,999994.16639032,999994.16639032,999999.9999999999,999997.07377536,999997.07377536,1000000.0,1000000.0
2025-02-09T22:20:00.000+0000,999994.16639032,999994.16639032,999999.9999999999,999997.07377536,999997.07377536,1000000.0,1000000.0
2025-02-09T22:30:00.000+0000,999994.16639032,999994.16639032,999999.9999999999,999997.07377536,999997.07377536,1000000.0,1000000.0
2025-02-09T22:40:00.000+0000,999994.16639032,999994.16639032,999999.9999999999,999997.07377536,999997.07377536,1000000.0,1000000.0
2025-02-09T22:50:00.000+0000,999994.16639032,999994.16639032,999999.9999999999,999997.07377536,999997.07377536,1000000.0,1000000.0
2025-02-09T23:00:00.000+0000,999994.16639032,999994.16639032,999999.9999999999,999997.07377536,999997.07377536,1000000.0,1000000.0
2025-02-09T23:10:00.000+0000,999994.16639032,999994.16639032,999999.9999999999,999997.07377536,999997.07377536,1000000.0,1000000.0
2025-02-09T23:20:00.000+0000,999994.16639032,999994.16639032,999999.9999999999,999997.07377536,999997.07377536,1000000.0,1000000.0
2025-02-09T23:30:00.000+0000,999194.1914694408,25.51529032021674,999999.9999999999,999528.2004768796,413905.45067536016,1000000.0,1000000.0
2025-02-09T23:40:00.000+0000,999194.1914694408,25.51529032021674,999999.9999999999,999528.2004768796,413905.45067536016,1000000.0,1000000.0
2025-02-09T23:50:00.000+0000,999194.1914694408,25.51529032021674,999999.9999999999,999528.2004768796,413905.45067536016,1000000.0,1000000.0
2025-02-10T00:00:00.000+0000,999194.1914694408,25.51529032021674,999999.9999999999,999528.2004768796,413905.45067536016,1000000.0,1000000.0
2025-02-10T00:10:00.000+0000,999194.1914694408,25.51529032021674,999999.9999999999,999528.2004768796,413905.45067536016,1000000.0,1000000.0
2025-02-10T00:20:00.000+0000,999194.1914694408,25.51529032021674,999999.9999999999,999528.2004768796,413905.45067536016,1000000.0,1000000.0
2025-02-10T00:30:00.000+0000,999194.1914694408,25.51529032021674,999999.9999999999,999528.2004768796,413905.45067536016,1000000.0,1000000.0
2025-02-10T00:40:00.000+0000,999194.1914694408,25.51529032021674,999999.9999999999,999528.2004768796,413905.45067536016,1000000.0,1000000.0
2025-02-10T00:50:00.000+0000,999194.1914694408,25.51529032021674,999999.9999999999,999528.2004768796,413905.45067536016,1000000.0,1000000.0
2025-02-10T01:00:00.000+0000,999194.1914694408,25.51529032021674,999999.9999999999,999528.2004768796,413905.45067536016,1000000.0,1000000.0
2025-02-10T01:10:00.000+0000,999194.1914694408,25.51529032021674,999999.9999999999,999528.2004768796,413905.45067536016,1000000.0,1000000.0
2025-02-10T01:20:00.000+0000,999194.1914694408,25.51529032021674,999999.9999999999,999528.2004768796,413905.45067536016,1000000.0,1000000.0
2025-02-10T01:30:00.000+0000,999194.1914694408,25.51529032021674,999999.9999999999,999528.2004768796,413905.45067536016,1000000.0,1000000.0
2025-02-10T01:40:00.000+0000,999194.1914694408,25.51529032021674,999999.9999999999,999528.2004768796,413905.45067536016,1000000.0,1000000.0
2025-02-10T01:50:00.000+0000,999194.1914694408,25.51529032021674,999999.9999999999,999528.2004768796,413905.45067536016,1000000.0,1000000.0
2025-02-10T02:00:00.000+0000,999194.1914694408,25.51529032021674,999999.9999999999,999528.2004768796,413905.45067536016,1000000.0,1000000.0
2025-02-10T02:10:00.000+0000,999194.1914694408,25.51529032021674,999999.9999999999,999528.2004768796,413905.45067536016,1000000.0,1000000.0
2025-02-10T02:20:00.000+0000,999194.1914694408,25.51529032021674,999999.9999999999,999528.2004768796,413905.45067536016,1000000.0,1000000.0
2025-02-10T02:30:00.000+0000,999194.1914694408,25.51529032021674,999999.9999999999,999528.2004768796,413905.45067536016,1000000.0,1000000.0
2025-02-10T02:40:00.000+0000,999194.1914694408,25.51529032021674,999999.9999999999,999528.2004768796,413905.45067536016,1000000.0,1000000.0
2025-02-10T02:50:00.000+0000,999194.1914694408,25.51529032021674,999999.9999999999,999528.2004768796,413905.45067536016,1000000.0,1000000.0
2025-02-10T03:00:00.000+0000,999194.1914694408,25.51529032021674,999999.9999999999,999528.2004768796,413905.45067536016,1000000.0,1000000.0
2025-02-10T03:10:00.000+0000,999194.1914694408,25.51529032021674,999999.9999999999,999528.2004768796,413905.45067536016,1000000.0,1000000.0
2025-02-10T03:20:00.000+0000,999194.1914694408,25.51529032021674,999999.9999999999,999528.2004768796,413905.45067536016,1000000.0,1000000.0
2025-02-10T03:30:00.000+0000,999194.1914694408,25.51529032021674,999999.9999999999,999528.2004768796,413905.45067536016,1000000.0,1000000.0
2025-02-10T03:40:00.000+0000,999194.1914694408,25.51529032021674,999999.9999999999,999528.2004768796,413905.45067536016,1000000.0,1000000.0
2025-02-10T03:50:00.000+0000,999194.1914694408,25.51529032021674,999999.9999999999,999528.2004768796,413905.45067536016,1000000.0,1000000.0
2025-02-10T04:00:00.000+0000,999194.1914694408,25.51529032021674,999999.9999999999,999528.2004768796,413905.45067536016,1000000.0,1000000.0
2025-02-10T04:10:00.000+0000,999194.1914694408,25.51529032021674,999999.9999999999,999528.2004768796,413905.45067536016,1000000.0,1000000.0
2025-02-10T04:20:00.000+0000,999194.1914694408,25.51529032021674,999999.9999999999,999528.2004768796,413905.45067536016,1000000.0,1000000.0
2025-02-10T04:30:00.000+0000,999194.1914694408,25.51529032021674,999999.9999999999,999528.2004768796,413905.45067536016,1000000.0,1000000.0
2025-02-10T04:40:00.000+0000,999194.1914694408,25.51529032021674,999999.9999999999,999528.2004768796,413905.45067536016,1000000.0,1000000.0
2025-02-10T04:50:00.000+0000,999194.1914694408,25.51529032021674,999999.9999999999,999528.2004768796,413905.45067536016,1000000.0,1000000.0
2025-02-10T05:00:00.000+0000,999194.1914694408,25.51529032021674,999999.9999999999,999528.2004768796,413905.45067536016,1000000.0,1000000.0
2025-02-10T05:10:00.000+0000,999194.1914694408,25.51529032021674,999999.9999999999,999528.2004768796,413905.45067536016,1000000.0,1000000.0
2025-02-10T05:20:00.000+0000,999194.1914694408,25.51529032021674,999999.9999999999,999528.2004768796,413905.45067536016,1000000.0,1000000.0
2025-02-10T05:30:00.000+0000,999194.1914694408,25.51529032021674,999999.9999999999,999528.2004768796,413905.45067536016,1000000.0,1000000.0
2025-02-10T05:40:00.000+0000,999194.1914694408,25.51529032021674,999999.9999999999,999528.2004768796,413905.45067536016,1000000.0,1000000.0
2025-02-10T05:50:00.000+0000,999194.1914694408,25.51529032021674,999999.9999999999,999528.2004768796,413905.45067536016,1000000.0,1000000.0
2025-02-10T06:00:00.000+0000,999194.1914694408,25.51529032021674,999999.9999999999,999528.2004768796,413905.45067536016,1000000.0,1000000.0
2025-02-10T06:10:00.000+0000,999194.1914694408,25.51529032021674,999999.9999999999,999528.2004768796,413905.45067536016,1000000.0,1000000.0
2025-02-10T06:20:00.000+0000,999194.1914694408,25.51529032021674,999999.9999999999,999528.2004768796,413905.45067536016,1000000.0,1000000.0
2025-02-10T06:30:00.000+0000,999194.1914694408,25.51529032021674,999999.9999999999,999528.2004768796,413905.45067536016,1000000.0,1000000.0
2025-02-10T06:40:00.000+0000,999194.1914694408,25.51529032021674,999999.9999999999,999528.2004768796,413905.45067536016,1000000.0,1000000.0
2025-02-10T06:50:00.000+0000,999194.1914694408,25.51529032021674,999999.9999999999,999528.2004768796,413905.45067536016,1000000.0,1000000.0
2025-02-10T07:00:00.000+0000,999194.1914694408,25.51529032021674,999999.9999999999,999528.2004768796,413905.45067536016,1000000.0,1000000.0
2025-02-10T07:10:00.000+0000,999194.1914694408,25.51529032021674,999999.9999999999,999528.2004768796,413905.45067536016,1000000.0,1000000.0
2025-02-10T07:20:00.000+0000,999194.1914694408,25.51529032021674,999999.9999999999,999528.2004768796,413905.45067536016,1000000.0,1000000.0
2025-02-10T07:30:00.000+0000,999194.1914694408,25.51529032021674,999999.9999999999,999528.2004768796,413905.45067536016,1000000.0,1000000.0
2025-02-10T07:40:00.000+0000,999194.1914694408,25.51529032021674,999999.9999999999,999528.2004768796,413905.45067536016,1000000.0,1000000.0
2025-02-10T07:50:00.000+0000,999194.1914694408,25.51529032021674,999999.9999999999,999528.2004768796,413905.45067536016,1000000.0,1000000.0
2025-02-10T08:00:00.000+0000,999194.1914694408,25.51529032021674,999999.9999999999,999528.2004768796,413905.45067536016,1000000.0,1000000.0
2025-02-10T08:10:00.000+0000,999194.1914694408,25.51529032021674,999999.9999999999,999528.2004768796,413905.45067536016,1000000.0,1000000.0
2025-02-10T08:20:00.000+0000,999194.1914694408,25.51529032021674,999999.9999999999,999528.2004768796,413905.45067536016,1000000.0,1000000.0
2025-02-10T08:30:00.000+0000,999194.1914694408,25.51529032021674,999999.9999999999,999528.2004768796,413905.45067536016,1000000.0,1000000.0
2025-02-10T08:40:00.000+0000,999194.1914694408,25.51529032021674,999999.9999999999,999528.2004768796,413905.45067536016,1000000.0,1000000.0
2025-02-10T08:50:00.000+0000,999194.1914694408,25.51529032021674,999999.9999999999,999528.2004768796,413905.45067536016,1000000.0,1000000.0
2025-02-10T09:00:00.000+0000,999194.1914694408,25.51529032021674,999999.9999999999,999528.2004768796,413905.45067536016,1000000.0,1000000.0
2025-02-10T09:10:00.000+0000,999194.1914694408,25.51529032021674,999999.9999999999,999528.2004768796,413905.45067536016,1000000.0,1000000.0
2025-02-10T09:20:00.000+0000,999194.1914694408,25.51529032021674,999999.9999999999,999528.2004768796,413905.45067536016,1000000.0,1000000.0
2025-02-10T09:30:00.000+0000,999194.1914694408,25.51529032021674,999999.9999999999,999528.2004768796,413905.45067536016,1000000.0,1000000.0
2025-02-10T09:40:00.000+0000,999194.1914694408,25.51529032021674,999999.9999999999,999528.2004768796,413905.45067536016,1000000.0,1000000.0
2025-02-10T09:50:00.000+0000,999194.1914694408,25.51529032021674,999999.9999999999,999528.2004768796,413905.45067536016,1000000.0,1000000.0
2025-02-10T10:00:00.000+0000,999194.1914694408,25.51529032021674,999999.9999999999,999528.2004768796,413905.45067536016,1000000.0,1000000.0
2025-02-10T10:10:00.000+0000,999194.1914694408,25.51529032021674,999999.9999999999,999528.2004768796,413905.45067536016,1000000.0,1000000.0
2025-02-10T10:20:00.000+0000,999194.1914694408,25.51529032021674,999999.9999999999,999528.2004768796,413905.45067536016,1000000.0,1000000.0
2025-02-10T10:30:00.000+0000,999194.1914694408,25.51529032021674,999999.9999999999,999528.2004768796,413905.45067536016,1000000.0,1000000.0
2025-02-10T10:40:00.000+0000,999194.1914694408,25.51529032021674,999999.9999999999,999528.2004768796,413905.45067536016,1000000.0,1000000.0
2025-02-10T10:50:00.000+0000,999194.1914694408,25.51529032021674,999999.9999999999,999528.2004768796,413905.45067536016,1000000.0,1000000.0
2025-02-10T11:00:00.000+0000,999194.1914694408,25.51529032021674,999999.9999999999,999528.2004768796,413905.45067536016,1000000.0,1000000.0
2025-02-10T11:10:00.000+0000,999194.1914694408,25.51529032021674,999999.9999999999,999528.2004768796,413905.45067536016,1000000.0,1000000.0
2025-02-10T11:20:00.000+0000,999194.1914694408,25.51529032021674,999999.9999999999,999528.2004768796,413905.45067536016,1000000.0,1000000.0
2025-02-10T11:30:00.000+0000,999194.1914694408,25.51529032021674,999999.9999999999,999528.2004768796,413905.45067536016,1000000.0,1000000.0
2025-02-10T11:40:00.000+0000,999194.1914694408,25.51529032021674,999999.9999999999,999528.2004768796,413905.45067536016,1000000.0,1000000.0
2025-02-10T11:50:00.000+0000,999194.1914694408,25.51529032021674,999999.9999999999,999528.2004768796,413905.45067536016,1000000.0,1000000.0
2025-02-10T12:00:00.000+0000,999194.1914694408,25.51529032021674,999999.9999999999,999528.2004768796,413905.45067536016,1000000.0,1000000.0
2025-02-10T12:10:00.000+0000,999194.1914694408,25.51529032021674,999999.9999999999,999528.2004768796,413905.45067536016,1000000.0,1000000.0
2025-02-10T12:20:00.000+0000,999194.1914694408,25.51529032021674,999999.9999999999,999528.2004768796,413905.45067536016,1000000.0,1000000.0
2025-02-10T12:30:00.000+0000,999194.1914694408,25.51529032021674,999999.9999999999,999528.2004768796,413905.45067536016,1000000.0,1000000.0
2025-02-10T12:40:00.000+0000,999194.1914694408,25.51529032021674,999999.9999999999,999528.2004768796,413905.45067536016,1000000.0,1000000.0
2025-02-10T12:50:00.000+0000,999194.1914694408,25.51529032021674,999999.9999999999,999528.2004768796,413905.45067536016,1000000.0,1000000.0
2025-02-10T13:00:00.000+0000,999194.1914694408,25.51529032021674,999999.9999999999,999528.2004768796,413905.45067536016,1000000.0,1000000.0
2025-02-10T13:10:00.000+0000,999194.1914694408,25.51529032021674,999999.9999999999,999528.2004768796,413905.45067536016,1000000.0,1000000.0
2025-02-10T13:20:00.000+0000,999194.1914694408,25.51529032021674,999999.9999999999,999528.2004768796,413905.45067536016,1000000.0,1000000.0
2025-02-10T13:30:00.000+0000,999194.1914694408,25.51529032021674,999999.9999999999,999528.2004768796,413905.45067536016,1000000.0,1000000.0
2025-02-10T13:40:00.000+0000,999194.1914694408,25.51529032021674,999999.9999999999,999528.2004768796,413905.45067536016,1000000.0,1000000.0
2025-02-10T13:50:00.000+0000,999194.1914694408,25.51529032021674,999999.9999999999,999528.2004768796,413905.45067536016,1000000.0,1000000.0
2025-02-10T14:00:00.000+0000,999194.1914694408,25.51529032021674,999999.9999999999,999528.2004768796,413905.45067536016,1000000.0,1000000.0
2025-02-10T14:10:00.000+0000,999194.1914694408,25.51529032021674,999999.9999999999,999528.2004768796,413905.45067536016,1000000.0,1000000.0
2025-02-10T14:20:00.000+0000,999194.1914694408,25.51529032021674,999999.9999999999,999528.2004768796,413905.45067536016,1000000.0,1000000.0
2025-02-10T14:30:00.000+0000,999194.1914694408,25.51529032021674,999999.9999999999,999528.2004768796,413905.45067536016,1000000.0,1000000.0
2025-02-10T14:40:00.000+0000,999194.1914694408,25.51529032021674,999999.9999999999,999528.2004768796,413905.45067536016,1000000.0,1000000.0
2025-02-10T14:50:00.000+0000,999194.1914694408,25.51529032021674,999999.9999999999,999528.2004768796,413905.45067536016,1000000.0,1000000.0
2025-02-10T15:00:00.000+0000,999194.1914694408,25.51529032021674,999999.9999999999,999528.2004768796,413905.45067536016,1000000.0,1000000.0
2025-02-10T15:10:00.000+0000,999194.1914694408,25.51529032021674,999999.9999999999,999528.2004768796,413905.45067536016,1000000.0,1000000.0
2025-02-10T15:20:00.000+0000,999194.1914694408,25.51529032021674,999999.9999999999,999528.2004768796,413905.45067536016,1000000.0,1000000.0
2025-02-10T15:30:00.000+0000,999194.1914694408,25.51529032021674,999999.9999999999,999528.2004768796,413905.45067536016,1000000.0,1000000.0
2025-02-10T15:40:00.000+0000,999194.1914694408,25.51529032021674,999999.9999999999,999528.2004768796,413905.45067536016,1000000.0,1000000.0
2025-02-10T15:50:00.000+0000,999194.1914694408,25.51529032021674,999999.9999999999,999528.2004768796,413905.45067536016,1000000.0,1000000.0
2025-02-10T16:00:00.000+0000,999194.1914694408,25.51529032021674,999999.9999999999,999528.2004768796,413905.45067536016,1000000.0,1000000.0
2025-02-10T16:10:00.000+0000,999194.1914694408,25.51529032021674,999999.9999999999,999528.2004768796,413905.45067536016,1000000.0,1000000.0
2025-02-10T16:20:00.000+0000,999194.1914694408,25.51529032021674,999999.9999999999,999528.2004768796,413905.45067536016,1000000.0,1000000.0
2025-02-10T16:30:00.000+0000,999194.1914694408,25.51529032021674,999999.9999999999,999528.2004768796,413905.45067536016,1000000.0,1000000.0
2025-02-10T16:40:00.000+0000,999194.1914694408,25.51529032021674,999999.9999999999,999528.2004768796,413905.45067536016,1000000.0,1000000.0
2025-02-10T16:50:00.000+0000,999194.1914694408,25.51529032021674,999999.9999999999,999528.2004768796,413905.45067536016,1000000.0,1000000.0
2025-02-10T17:00:00.000+0000,999194.1914694408,25.51529032021674,999999.9999999999,999528.2004768796,413905.45067536016,1000000.0,1000000.0
2025-02-10T17:10:00.000+0000,999194.1914694408,25.51529032021674,999999.9999999999,999528.2004768796,413905.45067536016,1000000.0,1000000.0
2025-02-10T17:20:00.000+0000,999194.1914694408,25.51529032021674,999999.9999999999,999528.2004768796,413905.45067536016,1000000.0,1000000.0
2025-02-10T17:30:00.000+0000,999194.1914694408,25.51529032021674,999999.9999999999,999528.2004768796,413905.45067536016,1000000.0,1000000.0
2025-02-10T17:40:00.000+0000,999194.1914694408,25.51529032021674,999999.9999999999,999528.2004768796,413905.45067536016,1000000.0,1000000.0
2025-02-10T17:50:00.000+0000,999194.1914694408,25.51529032021674,999999.9999999999,999528.2004768796,413905.45067536016,1000000.0,1000000.0
2025-02-10T18:00:00.000+0000,999194.1914694408,25.51529032021674,999999.9999999999,999528.2004768796,413905.45067536016,1000000.0,1000000.0
2025-02-10T18:10:00.000+0000,999194.1914694408,25.51529032021674,999999.9999999999,999528.2004768796,413905.45067536016,1000000.0,1000000.0
2025-02-10T18:20:00.000+0000,999194.1914694408,25.51529032021674,999999.9999999999,999528.2004768796,413905.45067536016,1000000.0,1000000.0
2025-02-10T18:30:00.000+0000,999194.1914694408,25.51529032021674,999999.9999999999,999528.2004768796,413905.45067536016,1000000.0,1000000.0
2025-02-10T18:40:00.000+0000,999194.1914694408,25.51529032021674,999999.9999999999,999528.2004768796,413905.45067536016,1000000.0,1000000.0
2025-02-10T18:50:00.000+0000,999194.1914694408,25.51529032021674,999999.9999999999,999528.2004768796,413905.45067536016,1000000.0,1000000.0
2025-02-10T19:00:00.000+0000,999194.1914694408,25.51529032021674,999999.9999999999,999528.2004768796,413905.45067536016,1000000.0,1000000.0
2025-02-10T19:10:00.000+0000,999194.1914694408,25.51529032021674,999999.9999999999,999528.2004768796,413905.45067536016,1000000.0,1000000.0
2025-02-10T19:20:00.000+0000,999194.1914694408,25.51529032021674,999999.9999999999,999528.2004768796,413905.45067536016,1000000.0,1000000.0
2025-02-10T19:30:00.000+0000,999194.1914694408,25.51529032021674,999999.9999999999,999528.2004768796,413905.45067536016,1000000.0,1000000.0
2025-02-10T19:40:00.000+0000,999194.1914694408,25.51529032021674,999999.9999999999,999528.2004768796,413905.45067536016,1000000.0,1000000.0
2025-02-10T19:50:00.000+0000,999194.1914694408,25.51529032021674,999999.9999999999,999528.2004768796,413905.45067536016,1000000.0,1000000.0
2025-02-10T20:00:00.000+0000,999194.1914694408,25.51529032021674,999999.9999999999,999528.2004768796,413905.45067536016,1000000.0,1000000.0
2025-02-10T20:10:00.000+0000,999194.1914694408,25.51529032021674,999999.9999999999,999528.2004768796,413905.45067536016,1000000.0,1000000.0
2025-02-10T20:20:00.000+0000,999194.1914694408,25.51529032021674,999999.9999999999,999528.2004768796,413905.45067536016,1000000.0,1000000.0
2025-02-10T20:30:00.000+0000,999194.1914694408,25.51529032021674,999999.9999999999,999528.2004768796,413905.45067536016,1000000.0,1000000.0
2025-02-10T20:40:00.000+0000,999194.1914694408,25.51529032021674,999999.9999999999,999528.2004768796,413905.45067536016,1000000.0,1000000.0
2025-02-10T20:50:00.000+0000,999194.1914694408,25.51529032021674,999999.9999999999,999528.2004768796,413905.45067536016,1000000.0,1000000.0
2025-02-10T21:00:00.000+0000,999194.1914694408,25.51529032021674,999999.9999999999,999528.2004768796,413905.45067536016,1000000.0,1000000.0
2025-02-10T21:10:00.000+0000,999194.1914694408,25.51529032021674,999999.9999999999,999528.2004768796,413905.45067536016,1000000.0,1000000.0
2025-02-10T21:20:00.000+0000,999194.1914694408,25.51529032021674,999999.9999999999,999528.2004768796,413905.45067536016,1000000.0,1000000.0
2025-02-10T21:30:00.000+0000,999194.1914694408,25.51529032021674,999999.9999999999,999528.2004768796,413905.45067536016,1000000.0,1000000.0
2025-02-10T21:40:00.000+0000,999194.1914694408,25.51529032021674,999999.9999999999,999528.2004768796,413905.45067536016,1000000.0,1000000.0
2025-02-10T21:50:00.000+0000,999194.1914694408,25.51529032021674,999999.9999999999,999528.2004768796,413905.45067536016,1000000.0,1000000.0
2025-02-10T22:00:00.000+0000,999194.1914694408,25.51529032021674,999999.9999999999,999528.2004768796,413905.45067536016,1000000.0,1000000.0
2025-02-10T22:10:00.000+0000,999194.1914694408,25.51529032021674,999999.9999999999,999528.2004768796,413905.45067536016,1000000.0,1000000.0
2025-02-10T22:20:00.000+0000,999194.1914694408,25.51529032021674,999999.9999999999,999528.2004768796,413905.45067536016,1000000.0,1000000.0
2025-02-10T22:30:00.000+0000,999194.1914694408,25.51529032021674,999999.9999999999,999528.2004768796,413905.45067536016,1000000.0,1000000.0
2025-02-10T22:40:00.000+0000,999194.1914694408,25.51529032021674,999999.9999999999,999528.2004768796,413905.45067536016,1000000.0,1000000.0
2025-02-10T22:50:00.000+0000,999194.1914694408,25.51529032021674,999999.9999999999,999528.2004768796,413905.45067536016,1000000.0,1000000.0
2025-02-10T23:00:00.000+0000,999194.1914694408,25.51529032021674,999999.9999999999,999528.2004768796,413905.45067536016,1000000.0,1000000.0
2025-02-10T23:10:00.000+0000,999194.1914694408,25.51529032021674,999999.9999999999,999528.2004768796,413905.45067536016,1000000.0,1000000.0
2025-02-10T23:20:00.000+0000,999194.1914694408,25.51529032021674,999999.9999999999,999528.2004768796,413905.45067536016,1000000.0,1000000.0
2025-02-10T23:30:00.000+0000,999194.1914694408,25.51529032021674,999999.9999999999,999528.2004768796,413905.45067536016,1000000.0,1000000.0
2025-02-10T23:40:00.000+0000,999194.1914694408,25.51529032021674,999999.9999999999,999528.2004768796,413905.45067536016,1000000.0,1000000.0
2025-02-10T23:50:00.000+0000,999194.1914694408,25.51529032021674,999999.9999999999,999528.2004768796,413905.45067536016,1000000.0,1000000.0
2025-02-11T00:00:00.000+0000,999194.1914694408,25.51529032021674,999999.9999999999,999528.2004768796,413905.45067536016,1000000.0,1000000.0
2025-02-11T00:10:00.000+0000,999194.1914694408,25.51529032021674,999999.9999999999,999528.2004768796,413905.45067536016,1000000.0,1000000.0
2025-02-11T00:20:00.000+0000,999194.1914694408,25.51529032021674,999999.9999999999,999528.2004768796,413905.45067536016,1000000.0,1000000.0
2025-02-11T00:30:00.000+0000,999194.1914694408,25.51529032021674,999999.9999999999,999528.2004768796,413905.45067536016,1000000.0,1000000.0
2025-02-11T00:40:00.000+0000,999194.1914694408,25.51529032021674,999999.9999999999,999528.2004768796,413905.45067536016,1000000.0,1000000.0
2025-02-11T00:50:00.000+0000,999194.1914694408,25.51529032021674,999999.9999999999,999528.2004768796,413905.45067536016,1000000.0,1000000.0
2025-02-11T01:00:00.000+0000,999194.1914694408,25.51529032021674,999999.9999999999,999528.2004768796,413905.45067536016,1000000.0,1000000.0
2025-02-11T01:10:00.000+0000,999194.1914694408,25.51529032021674,999999.9999999999,999528.2004768796,413905.45067536016,1000000.0,1000000.0
2025-02-11T01:20:00.000+0000,999194.1914694408,25.51529032021674,999999.9999999999,999528.2004768796,413905.45067536016,1000000.0,1000000.0
2025-02-11T01:30:00.000+0000,999194.1914694408,25.51529032021674,999999.9999999999,999528.2004768796,413905.45067536016,1000000.0,1000000.0
2025-02-11T01:40:00.000+0000,999194.1914694408,25.51529032021674,999999.9999999999,999528.2004768796,413905.45067536016,1000000.0,1000000.0
2025-02-11T01:50:00.000+0000,999194.1914694408,25.51529032021674,999999.9999999999,999528.2004768796,413905.45067536016,1000000.0,1000000.0
2025-02-11T02:00:00.000+0000,999194.1914694408,25.51529032021674,999999.9999999999,999528.2004768796,413905.45067536016,1000000.0,1000000.0
2025-02-11T02:10:00.000+0000,999194.1914694408,25.51529032021674,999999.9999999999,999528.2004768796,413905.45067536016,1000000.0,1000000.0
2025-02-11T02:20:00.000+0000,999194.1914694408,25.51529032021674,999999.9999999999,999528.2004768796,413905.45067536016,1000000.0,1000000.0
2025-02-11T02:30:00.000+0000,999194.1914694408,25.51529032021674,999999.9999999999,999528.2004768796,413905.45067536016,1000000.0,1000000.0
2025-02-11T02:40:00.000+0000,999194.1914694408,25.51529032021674,999999.9999999999,999528.2004768796,413905.45067536016,1000000.0,1000000.0
2025-02-11T02:50:00.000+0000,999194.1914694408,25.51529032021674,999999.9999999999,999528.2004768796,413905.45067536016,1000000.0,1000000.0
2025-02-11T03:00:00.000+0000,999194.1914694408,25.51529032021674,999999.9999999999,999528.2004768796,413905.45067536016,1000000.0,1000000.0
2025-02-11T03:10:00.000+0000,999194.1914694408,25.51529032021674,999999.9999999999,999528.2004768796,413905.45067536016,1000000.0,1000000.0
2025-02-11T03:20:00.000+0000,999194.1914694408,25.51529032021674,999999.9999999999,999528.2004768796,413905.45067536016,1000000.0,1000000.0
2025-02-11T03:30:00.000+0000,999194.1914694408,25.51529032021674,999999.9999999999,999528.2004768796,413905.45067536016,1000000.0,1000000.0
2025-02-11T03:40:00.000+0000,999194.1914694408,25.51529032021674,999999.9999999999,999528.2004768796,413905.45067536016,1000000.0,1000000.0
2025-02-11T03:50:00.000+0000,999194.1914694408,25.51529032021674,999999.9999999999,999528.2004768796,413905.45067536016,1000000.0,1000000.0
2025-02-11T04:00:00.000+0000,999194.1914694408,25.51529032021674,999999.9999999999,999528.2004768796,413905.45067536016,1000000.0,1000000.0
2025-02-11T04:10:00.000+0000,999194.1914694408,25.51529032021674,999999.9999999999,999528.2004768796,413905.45067536016,1000000.0,1000000.0
2025-02-11T04:20:00.000+0000,999194.1914694408,25.51529032021674,999999.9999999999,999528.2004768796,413905.45067536016,1000000.0,1000000.0
2025-02-11T04:30:00.000+0000,999194.1914694408,25.51529032021674,999999.9999999999,999528.2004768796,413905.45067536016,1000000.0,1000000.0
2025-02-11T04:40:00.000+0000,999194.1914694408,25.51529032021674,999999.9999999999,999528.2004768796,413905.45067536016,1000000.0,1000000.0
2025-02-11T04:50:00.000+0000,999194.1914694408,25.51529032021674,999999.9999999999,999528.2004768796,413905.45067536016,1000000.0,1000000.0
2025-02-11T05:00:00.000+0000,999194.1914694408,25.51529032021674,999999.9999999999,999528.2004768796,413905.45067536016,1000000.0,1000000.0
2025-02-11T05:10:00.000+0000,999194.1914694408,25.51529032021674,999999.9999999999,999528.2004768796,413905.45067536016,1000000.0,1000000.0
2025-02-11T05:20:00.000+0000,999194.1914694408,25.51529032021674,999999.9999999999,999528.2004768796,413905.45067536016,1000000.0,1000000.0
2025-02-11T05:30:00.000+0000,999194.1914694408,25.51529032021674,999999.9999999999,999528.2004768796,413905.45067536016,1000000.0,1000000.0
2025-02-11T05:40:00.000+0000,999194.1914694408,25.51529032021674,999999.9999999999,999528.2004768796,413905.45067536016,1000000.0,1000000.0
2025-02-11T05:50:00.000+0000,999194.1914694408,25.51529032021674,999999.9999999999,999528.2004768796,413905.45067536016,1000000.0,1000000.0
2025-02-11T06:00:00.000+0000,999194.1914694408,25.51529032021674,999999.9999999999,999528.2004768796,413905.45067536016,1000000.0,1000000.0
2025-02-11T06:10:00.000+0000,999194.1914694408,25.51529032021674,999999.9999999999,999528.2004768796,413905.45067536016,1000000.0,1000000.0
2025-02-11T06:20:00.000+0000,999194.1914694408,25.51529032021674,999999.9999999999,999528.2004768796,413905.45067536016,1000000.0,1000000.0
2025-02-11T06:30:00.000+0000,999194.1914694408,25.51529032021674,999999.9999999999,999528.2004768796,413905.45067536016,1000000.0,1000000.0
2025-02-11T06:40:00.000+0000,999194.1914694408,25.51529032021674,999999.9999999999,999528.2004768796,413905.45067536016,1000000.0,1000000.0
2025-02-11T06:50:00.000+0000,999194.1914694408,25.51529032021674,999999.9999999999,999528.2004768796,413905.45067536016,1000000.0,1000000.0
2025-02-11T07:00:00.000+0000,999194.1914694408,25.51529032021674,999999.9999999999,999528.2004768796,413905.45067536016,1000000.0,1000000.0
2025-02-11T07:10:00.000+0000,999194.1914694408,25.51529032021674,999999.9999999999,999528.2004768796,413905.45067536016,1000000.0,1000000.0
2025-02-11T07:20:00.000+0000,999194.1914694408,25.51529032021674,999999.9999999999,999528.2004768796,413905.45067536016,1000000.0,1000000.0
2025-02-11T07:30:00.000+0000,999194.1914694408,25.51529032021674,999999.9999999999,999528.2004768796,413905.45067536016,1000000.0,1000000.0
2025-02-11T07:40:00.000+0000,999194.1914694408,25.51529032021674,999999.9999999999,999528.2004768796,413905.45067536016,1000000.0,1000000.0
2025-02-11T07:50:00.000+0000,999194.1914694408,25.51529032021674,999999.9999999999,999528.2004768796,413905.45067536016,1000000.0,1000000.0
2025-02-11T08:00:00.000+0000,999194.1914694408,25.51529032021674,999999.9999999999,999528.2004768796,413905.45067536016,1000000.0,1000000.0
2025-02-11T08:10:00.000+0000,999194.1914694408,25.51529032021674,999999.9999999999,999528.2004768796,413905.45067536016,1000000.0,1000000.0
2025-02-11T08:20:00.000+0000,999194.1914694408,25.51529032021674,999999.9999999999,999528.2004768796,413905.45067536016,1000000.0,1000000.0
2025-02-11T08:30:00.000+0000,999194.1914694408,25.51529032021674,999999.9999999999,999528.2004768796,413905.45067536016,1000000.0,1000000.0
2025-02-11T08:40:00.000+0000,999194.1914694408,25.51529032021674,999999.9999999999,999528.2004768796,413905.45067536016,1000000.0,1000000.0
2025-02-11T08:50:00.000+0000,999194.1914694408,25.51529032021674,999999.9999999999,999528.2004768796,413905.45067536016,1000000.0,1000000.0
2025-02-11T09:00:00.000+0000,999194.1914694408,25.51529032021674,999999.9999999999,999528.2004768796,413905.45067536016,1000000.0,1000000.0
2025-02-11T09:10:00.000+0000,999194.1914694408,25.51529032021674,999999.9999999999,999528.2004768796,413905.45067536016,1000000.0,1000000.0
2025-02-11T09:20:00.000+0000,999194.1914694408,25.51529032021674,999999.9999999999,999528.2004768796,413905.45067536016,1000000.0,1000000.0
2025-02-11T09:30:00.000+0000,999194.1914694408,25.51529032021674,999999.9999999999,999528.2004768796,413905.45067536016,1000000.0,1000000.0
2025-02-11T09:40:00.000+0000,999194.1914694408,25.51529032021674,999999.9999999999,999528.2004768796,413905.45067536016,1000000.0,1000000.0
2025-02-11T09:50:00.000+0000,999194.1914694408,25.51529032021674,999999.9999999999,999528.2004768796,413905.45067536016,1000000.0,1000000.0
2025-02-11T10:00:00.000+0000,999194.1914694408,25.51529032021674,999999.9999999999,999528.2004768796,413905.45067536016,1000000.0,1000000.0
2025-02-11T10:10:00.000+0000,999194.1914694408,25.51529032021674,999999.9999999999,999528.2004768796,413905.45067536016,1000000.0,1000000.0
2025-02-11T10:20:00.000+0000,999194.1914694408,25.51529032021674,999999.9999999999,999528.2004768796,413905.45067536016,1000000.0,1000000.0
2025-02-11T10:30:00.000+0000,999194.1914694408,25.51529032021674,999999.9999999999,999528.2004768796,413905.45067536016,1000000.0,1000000.0
2025-02-11T10:40:00.000+0000,999194.1914694408,25.51529032021674,999999.9999999999,999528.2004768796,413905.45067536016,1000000.0,1000000.0
2025-02-11T10:50:00.000+0000,999194.1914694408,25.51529032021674,999999.9999999999,999528.2004768796,413905.45067536016,1000000.0,1000000.0
2025-02-11T11:00:00.000+0000,999194.1914694408,25.51529032021674,999999.9999999999,999528.2004768796,413905.45067536016,1000000.0,1000000.0
2025-02-11T11:10:00.000+0000,999194.1914694408,25.51529032021674,999999.9999999999,999528.2004768796,413905.45067536016,1000000.0,1000000.0
2025-02-11T11:20:00.000+0000,999194.1914694408,25.51529032021674,999999.9999999999,999528.2004768796,413905.45067536016,1000000.0,1000000.0
2025-02-11T11:30:00.000+0000,999194.1914694408,25.51529032021674,999999.9999999999,999528.2004768796,413905.45067536016,1000000.0,1000000.0
2025-02-11T11:40:00.000+0000,999194.1914694408,25.51529032021674,999999.9999999999,999528.2004768796,413905.45067536016,1000000.0,1000000.0
2025-02-11T11:50:00.000+0000,999194.1914694408,25.51529032021674,999999.9999999999,999528.2004768796,413905.45067536016,1000000.0,1000000.0
2025-02-11T12:00:00.000+0000,999194.1914694408,25.51529032021674,999999.9999999999,999528.2004768796,413905.45067536016,1000000.0,1000000.0
2025-02-11T12:10:00.000+0000,999194.1914694408,25.51529032021674,999999.9999999999,999528.2004768796,413905.45067536016,1000000.0,1000000.0
2025-02-11T12:20:00.000+0000,999194.1914694408,25.51529032021674,999999.9999999999,999528.2004768796,413905.45067536016,1000000.0,1000000.0
2025-02-11T12:30:00.000+0000,999194.1914694408,25.51529032021674,999999.9999999999,999528.2004768796,413905.45067536016,1000000.0,1000000.0
2025-02-11T12:40:00.000+0000,999194.1914694408,25.51529032021674,999999.9999999999,999528.2004768796,413905.45067536016,1000000.0,1000000.0
2025-02-11T12:50:00.000+0000,999194.1914694408,25.51529032021674,999999.9999999999,999528.2004768796,413905.45067536016,1000000.0,1000000.0
2025-02-11T13:00:00.000+0000,999194.1914694408,25.51529032021674,999999.9999999999,999528.2004768796,413905.45067536016,1000000.0,1000000.0
2025-02-11T13:10:00.000+0000,999194.1914694408,25.51529032021674,999999.9999999999,999528.2004768796,413905.45067536016,1000000.0,1000000.0
2025-02-11T13:20:00.000+0000,999194.1914694408,25.51529032021674,999999.9999999999,999528.2004768796,413905.45067536016,1000000.0,1000000.0
2025-02-11T13:30:00.000+0000,999194.1914694408,25.51529032021674,999999.9999999999,999528.2004768796,413905.45067536016,1000000.0,1000000.0
2025-02-11T13:40:00.000+0000,999194.1914694408,25.51529032021674,999999.9999999999,999528.2004768796,413905.45067536016,1000000.0,1000000.0
2025-02-11T13:50:00.000+0000,999194.1914694408,25.51529032021674,999999.9999999999,999528.2004768796,413905.45067536016,1000000.0,1000000.0
2025-02-11T14:00:00.000+0000,999194.1914694408,25.51529032021674,999999.9999999999,999528.2004768796,413905.45067536016,1000000.0,1000000.0
2025-02-11T14:10:00.000+0000,999194.1914694408,25.51529032021674,999999.9999999999,999528.2004768796,413905.45067536016,1000000.0,1000000.0
2025-02-11T14:20:00.000+0000,999194.1914694408,25.51529032021674,999999.9999999999,999528.2004768796,413905.45067536016,1000000.0,1000000.0
2025-02-11T14:30:00.000+0000,999194.1914694408,25.51529032021674,999999.9999999999,999528.2004768796,413905.45067536016,1000000.0,1000000.0
2025-02-11T14:40:00.000+0000,999194.1914694408,25.51529032021674,999999.9999999999,999528.2004768796,413905.45067536016,1000000.0,1000000.0
2025-02-11T14:50:00.000+0000,999194.1914694408,25.51529032021674,999999.9999999999,999528.2004768796,413905.45067536016,1000000.0,1000000.0
2025-02-11T15:00:00.000+0000,999194.1914694408,25.51529032021674,999999.9999999999,999528.2004768796,413905.45067536016,1000000.0,1000000.0
2025-02-11T15:10:00.000+0000,999194.1914694408,25.51529032021674,999999.9999999999,999528.2004768796,413905.45067536016,1000000.0,1000000.0
2025-02-11T15:20:00.000+0000,999194.1914694408,25.51529032021674,999999.9999999999,999528.2004768796,413905.45067536016,1000000.0,1000000.0
2025-02-11T15:30:00.000+0000,999194.1914694408,25.51529032021674,999999.9999999999,999528.2004768796,413905.45067536016,1000000.0,1000000.0
2025-02-11T15:40:00.000+0000,999194.1914694408,25.51529032021674,999999.9999999999,999528.2004768796,413905.45067536016,1000000.0,1000000.0
2025-02-11T15:50:00.000+0000,999194.1914694408,25.51529032021674,999999.9999999999,999528.2004768796,413905.45067536016,1000000.0,1000000.0
2025-02-11T16:00:00.000+0000,999194.1914694408,25.51529032021674,999999.9999999999,999528.2004768796,413905.45067536016,1000000.0,1000000.0
2025-02-11T16:10:00.000+0000,999194.1914694408,25.51529032021674,999999.9999999999,999528.2004768796,413905.45067536016,1000000.0,1000000.0
2025-02-11T16:20:00.000+0000,999194.1914694408,25.51529032021674,999999.9999999999,999528.2004768796,413905.45067536016,1000000.0,1000000.0
2025-02-11T16:30:00.000+0000,999194.1914694408,25.51529032021674,999999.9999999999,999528.2004768796,413905.45067536016,1000000.0,1000000.0
2025-02-11T16:40:00.000+0000,999194.1914694408,25.51529032021674,999999.9999999999,999528.2004768796,413905.45067536016,1000000.0,1000000.0
2025-02-11T16:50:00.000+0000,999194.1914694408,25.51529032021674,999999.9999999999,999528.2004768796,413905.45067536016,1000000.0,1000000.0
2025-02-11T17:00:00.000+0000,999194.1914694408,25.51529032021674,999999.9999999999,999528.2004768796,413905.45067536016,1000000.0,1000000.0
2025-02-11T17:10:00.000+0000,999194.1914694408,25.51529032021674,999999.9999999999,999528.2004768796,413905.45067536016,1000000.0,1000000.0
2025-02-11T17:20:00.000+0000,999194.1914694408,25.51529032021674,999999.9999999999,999528.2004768796,413905.45067536016,1000000.0,1000000.0
2025-02-11T17:30:00.000+0000,999194.1914694408,25.51529032021674,999999.9999999999,999528.2004768796,413905.45067536016,1000000.0,1000000.0
2025-02-11T17:40:00.000+0000,999194.1914694408,25.51529032021674,999999.9999999999,999528.2004768796,413905.45067536016,1000000.0,1000000.0
2025-02-11T17:50:00.000+0000,999194.1914694408,25.51529032021674,999999.9999999999,999528.2004768796,413905.45067536016,1000000.0,1000000.0
2025-02-11T18:00:00.000+0000,999194.1914694408,25.51529032021674,999999.9999999999,999528.2004768796,413905.45067536016,1000000.0,1000000.0
2025-02-11T18:10:00.000+0000,999194.1914694408,25.51529032021674,999999.9999999999,999528.2004768796,413905.45067536016,1000000.0,1000000.0
2025-02-11T18:20:00.000+0000,999194.1914694408,25.51529032021674,999999.9999999999,999528.2004768796,413905.45067536016,1000000.0,1000000.0
2025-02-11T18:30:00.000+0000,999194.1914694408,25.51529032021674,999999.9999999999,999528.2004768796,413905.45067536016,1000000.0,1000000.0
2025-02-11T18:40:00.000+0000,999194.1914694408,25.51529032021674,999999.9999999999,999528.2004768796,413905.45067536016,1000000.0,1000000.0
2025-02-11T18:50:00.000+0000,999194.1914694408,25.51529032021674,999999.9999999999,999528.2004768796,413905.45067536016,1000000.0,1000000.0
2025-02-11T19:00:00.000+0000,999194.1914694408,25.51529032021674,999999.9999999999,999528.2004768796,413905.45067536016,1000000.0,1000000.0
2025-02-11T19:10:00.000+0000,999194.1914694408,25.51529032021674,999999.9999999999,999528.2004768796,413905.45067536016,1000000.0,1000000.0
2025-02-11T19:20:00.000+0000,999194.1914694408,25.51529032021674,999999.9999999999,999528.2004768796,413905.45067536016,1000000.0,1000000.0
2025-02-11T19:30:00.000+0000,999194.1914694408,25.51529032021674,999999.9999999999,999528.2004768796,413905.45067536016,1000000.0,1000000.0
2025-02-11T19:40:00.000+0000,999194.1914694408,25.51529032021674,999999.9999999999,999528.2004768796,413905.45067536016,1000000.0,1000000.0
2025-02-11T19:50:00.000+0000,999194.1914694408,25.51529032021674,999999.9999999999,999528.2004768796,413905.45067536016,1000000.0,1000000.0
2025-02-11T20:00:00.000+0000,999194.1914694408,25.51529032021674,999999.9999999999,999528.2004768796,413905.45067536016,1000000.0,1000000.0
2025-02-11T20:10:00.000+0000,999194.1914694408,25.51529032021674,999999.9999999999,999528.2004768796,413905.45067536016,1000000.0,1000000.0
2025-02-11T20:20:00.000+0000,999194.1914694408,25.51529032021674,999999.9999999999,999528.2004768796,413905.45067536016,1000000.0,1000000.0
2025-02-11T20:30:00.000+0000,999194.1914694408,25.51529032021674,999999.9999999999,999528.2004768796,413905.45067536016,1000000.0,1000000.0
2025-02-11T20:40:00.000+0000,999194.1914694408,25.51529032021674,999999.9999999999,999528.2004768796,413905.45067536016,1000000.0,1000000.0
2025-02-11T20:50:00.000+0000,999194.1914694408,25.51529032021674,999999.9999999999,999528.2004768796,413905.45067536016,1000000.0,1000000.0
2025-02-11T21:00:00.000+0000,999194.1914694408,25.51529032021674,999999.9999999999,999528.2004768796,413905.45067536016,1000000.0,1000000.0
2025-02-11T21:10:00.000+0000,999194.1914694408,25.51529032021674,999999.9999999999,999528.2004768796,413905.45067536016,1000000.0,1000000.0
2025-02-11T21:20:00.000+0000,999194.1914694408,25.51529032021674,999999.9999999999,999528.2004768796,413905.45067536016,1000000.0,1000000.0
2025-02-11T21:30:00.000+0000,999194.1914694408,25.51529032021674,999999.9999999999,999528.2004768796,413905.45067536016,1000000.0,1000000.0
2025-02-11T21:40:00.000+0000,999194.19146944,25.51529032021674,999999.9999999999,999528.2004768795,413905.45067536016,1000000.0,1000000.0
2025-02-11T21:50:00.000+0000,999194.1914694399,359887.8690110396,999999.9999999999,999528.2004768797,631948.1521551204,1000000.0,1000000.0
2025-02-11T22:00:00.000+0000,999194.1914694399,434763.51643431955,999999.9999999999,999528.2004768805,671519.4827447209,1000000.0,1000000.0
2025-02-11T22:10:00.000+0000,999194.1914694399,434763.51643431955,999999.9999999999,999528.2004768805,671519.4827447209,1000000.0,1000000.0
2025-02-11T22:20:00.000+0000,999194.1914694399,434763.51643431955,999999.9999999999,999528.2004768805,671519.4827447209,1000000.0,1000000.0
2025-02-11T22:30:00.000+0000,999194.1914694399,434763.51643431955,999999.9999999999,999528.2004768805,671519.4827447209,1000000.0,1000000.0
2025-02-11T22:40:00.000+0000,999194.1914694399,434763.51643431955,999999.9999999999,999528.2004768805,671519.4827447209,1000000.0,1000000.0
2025-02-11T22:50:00.000+0000,999194.1914694399,434763.51643431955,999999.9999999999,999528.2004768805,671519.4827447209,1000000.0,1000000.0
2025-02-11T23:00:00.000+0000,999194.1914694399,434763.51643431955,999999.9999999999,999528.2004768805,671519.4827447209,1000000.0,1000000.0
2025-02-11T23:10:00.000+0000,999194.1914694399,434763.51643431955,999999.9999999999,999528.2004768805,671519.4827447209,1000000.0,1000000.0
2025-02-11T23:20:00.000+0000,999194.1914694399,434763.51643431955,999999.9999999999,999528.2004768805,671519.4827447209,1000000.0,1000000.0
2025-02-11T23:30:00.000+0000,999194.1914694399,434763.51643431955,999999.9999999999,999528.2004768805,671519.4827447209,1000000.0,1000000.0
2025-02-11T23:40:00.000+0000,999194.1914694399,434763.51643431955,999999.9999999999,999528.2004768805,671519.4827447209,1000000.0,1000000.0
2025-02-11T23:50:00.000+0000,999194.1914694399,434763.51643431955,999999.9999999999,999528.2004768805,671519.4827447209,1000000.0,1000000.0
2025-02-12T00:00:00.000+0000,999194.1914694399,434763.51643431955,999999.9999999999,999528.2004768805,671519.4827447209,1000000.0,1000000.0
2025-02-12T00:10:00.000+0000,999194.1914694399,434763.51643431955,999999.9999999999,999528.2004768805,671519.4827447209,1000000.0,1000000.0
2025-02-12T00:20:00.000+0000,999194.1914694399,434763.51643431955,999999.9999999999,999528.2004768805,671519.4827447209,1000000.0,1000000.0
2025-02-12T00:30:00.000+0000,999194.1914694399,434763.51643431955,999999.9999999999,999528.2004768805,671519.4827447209,1000000.0,1000000.0
2025-02-12T00:40:00.000+0000,999194.1914694399,434763.51643431955,999999.9999999999,999528.2004768805,671519.4827447209,1000000.0,1000000.0
2025-02-12T00:50:00.000+0000,999194.1914694399,434763.51643431955,999999.9999999999,999528.2004768805,671519.4827447209,1000000.0,1000000.0
2025-02-12T01:00:00.000+0000,999194.1914694399,434763.51643431955,999999.9999999999,999528.2004768805,671519.4827447209,1000000.0,1000000.0
2025-02-12T01:10:00.000+0000,999194.1914694399,434763.51643431955,999999.9999999999,999528.2004768805,671519.4827447209,1000000.0,1000000.0
2025-02-12T01:20:00.000+0000,999194.1914694399,434763.51643431955,999999.9999999999,999528.2004768805,671519.4827447209,1000000.0,1000000.0
2025-02-12T01:30:00.000+0000,999194.1914694399,434763.51643431955,999999.9999999999,999528.2004768805,671519.4827447209,1000000.0,1000000.0
2025-02-12T01:40:00.000+0000,999194.1914694399,434763.51643431955,999999.9999999999,999528.2004768805,671519.4827447209,1000000.0,1000000.0
2025-02-12T01:50:00.000+0000,999194.1914694399,434763.51643431955,999999.9999999999,999528.2004768805,671519.4827447209,1000000.0,1000000.0
2025-02-12T02:00:00.000+0000,999194.1914694399,434763.51643431955,999999.9999999999,999528.2004768805,671519.4827447209,1000000.0,1000000.0
2025-02-12T02:10:00.000+0000,999194.1914694399,434763.51643431955,999999.9999999999,999528.2004768805,671519.4827447209,1000000.0,1000000.0
2025-02-12T02:20:00.000+0000,999194.1914694399,434763.51643431955,999999.9999999999,999528.2004768805,671519.4827447209,1000000.0,1000000.0
2025-02-12T02:30:00.000+0000,999194.1914694399,434763.51643431955,999999.9999999999,999528.2004768805,671519.4827447209,1000000.0,1000000.0
2025-02-12T02:40:00.000+0000,999194.1914694399,434763.51643431955,999999.9999999999,999528.2004768805,671519.4827447209,1000000.0,1000000.0
2025-02-12T02:50:00.000+0000,999194.1914694399,434763.51643431955,999999.9999999999,999528.2004768805,671519.4827447209,1000000.0,1000000.0
2025-02-12T03:00:00.000+0000,999194.1914694399,434763.51643431955,999999.9999999999,999528.2004768805,671519.4827447209,1000000.0,1000000.0
2025-02-12T03:10:00.000+0000,999194.1914694399,434763.51643431955,999999.9999999999,999528.2004768805,671519.4827447209,1000000.0,1000000.0
2025-02-12T03:20:00.000+0000,999194.1914694399,434763.51643431955,999999.9999999999,999528.2004768805,671519.4827447209,1000000.0,1000000.0
2025-02-12T03:30:00.000+0000,999194.1914694399,434763.51643431955,999999.9999999999,999528.2004768805,671519.4827447209,1000000.0,1000000.0
2025-02-12T03:40:00.000+0000,999194.1914694399,434763.51643431955,999999.9999999999,999528.2004768805,671519.4827447209,1000000.0,1000000.0
2025-02-12T03:50:00.000+0000,999194.1914694399,434763.51643431955,999999.9999999999,999528.2004768805,671519.4827447209,1000000.0,1000000.0
2025-02-12T04:00:00.000+0000,999194.1914694399,434763.51643431955,999999.9999999999,999528.2004768805,671519.4827447209,1000000.0,1000000.0
2025-02-12T04:10:00.000+0000,999194.1914694399,434763.51643431955,999999.9999999999,999528.2004768805,671519.4827447209,1000000.0,1000000.0
2025-02-12T04:20:00.000+0000,999194.1914694399,434763.51643431955,999999.9999999999,999528.2004768805,671519.4827447209,1000000.0,1000000.0
2025-02-12T04:30:00.000+0000,999194.1914694399,434763.51643431955,999999.9999999999,999528.2004768805,671519.4827447209,1000000.0,1000000.0
2025-02-12T04:40:00.000+0000,999194.1914694399,434763.51643431955,999999.9999999999,999528.2004768805,671519.4827447209,1000000.0,1000000.0
2025-02-12T04:50:00.000+0000,999194.1914694399,434763.51643431955,999999.9999999999,999528.2004768805,671519.4827447209,1000000.0,1000000.0
2025-02-12T05:00:00.000+0000,999194.1914694399,434763.51643431955,999999.9999999999,999528.2004768805,671519.4827447209,1000000.0,1000000.0
2025-02-12T05:10:00.000+0000,999194.1914694399,434763.51643431955,999999.9999999999,999528.2004768805,671519.4827447209,1000000.0,1000000.0
2025-02-12T05:20:00.000+0000,999194.1914694399,434763.51643431955,999999.9999999999,999528.2004768805,671519.4827447209,1000000.0,1000000.0
2025-02-12T05:30:00.000+0000,999194.1914694399,434763.51643431955,999999.9999999999,999528.2004768805,671519.4827447209,1000000.0,1000000.0
2025-02-12T05:40:00.000+0000,999194.1914694399,434763.51643431955,999999.9999999999,999528.2004768805,671519.4827447209,1000000.0,1000000.0
2025-02-12T05:50:00.000+0000,999194.1914694399,434763.51643431955,999999.9999999999,999528.2004768805,671519.4827447209,1000000.0,1000000.0
2025-02-12T06:00:00.000+0000,999194.1914694399,434763.51643431955,999999.9999999999,999528.2004768805,671519.4827447209,1000000.0,1000000.0
2025-02-12T06:10:00.000+0000,999194.1914694399,434763.51643431955,999999.9999999999,999528.2004768805,671519.4827447209,1000000.0,1000000.0
2025-02-12T06:20:00.000+0000,999194.1914694399,434763.51643431955,999999.9999999999,999528.2004768805,671519.4827447209,1000000.0,1000000.0
2025-02-12T06:30:00.000+0000,999194.1914694399,434763.51643431955,999999.9999999999,999528.2004768805,671519.4827447209,1000000.0,1000000.0
2025-02-12T06:40:00.000+0000,999194.1914694399,434763.51643431955,999999.9999999999,999528.2004768805,671519.4827447209,1000000.0,1000000.0
2025-02-12T06:50:00.000+0000,999194.1914694399,434763.51643431955,999999.9999999999,999528.2004768805,671519.4827447209,1000000.0,1000000.0
2025-02-12T07:00:00.000+0000,999194.1914694399,434763.51643431955,999999.9999999999,999528.2004768805,671519.4827447209,1000000.0,1000000.0
2025-02-12T07:10:00.000+0000,999194.1914694399,434763.51643431955,999999.9999999999,999528.2004768805,671519.4827447209,1000000.0,1000000.0
2025-02-12T07:20:00.000+0000,999194.1914694399,434763.51643431955,999999.9999999999,999528.2004768805,671519.4827447209,1000000.0,1000000.0
2025-02-12T07:30:00.000+0000,999194.1914694399,434763.51643431955,999999.9999999999,999528.2004768805,671519.4827447209,1000000.0,1000000.0
2025-02-12T07:40:00.000+0000,999194.1914694399,434763.51643431955,999999.9999999999,999528.2004768805,671519.4827447209,1000000.0,1000000.0
2025-02-12T07:50:00.000+0000,999194.1914694399,434763.51643431955,999999.9999999999,999528.2004768805,671519.4827447209,1000000.0,1000000.0
2025-02-12T08:00:00.000+0000,999194.1914694399,434763.51643431955,999999.9999999999,999528.2004768805,671519.4827447209,1000000.0,1000000.0
2025-02-12T08:10:00.000+0000,999194.1914694399,434763.51643431955,999999.9999999999,999528.2004768805,671519.4827447209,1000000.0,1000000.0
2025-02-12T08:20:00.000+0000,999194.1914694399,434763.51643431955,999999.9999999999,999528.2004768805,671519.4827447209,1000000.0,1000000.0
2025-02-12T08:30:00.000+0000,999194.1914694399,434763.51643431955,999999.9999999999,999528.2004768805,671519.4827447209,1000000.0,1000000.0
2025-02-12T08:40:00.000+0000,999194.1914694399,434763.51643431955,999999.9999999999,999528.2004768805,671519.4827447209,1000000.0,1000000.0
2025-02-12T08:50:00.000+0000,999194.1914694399,434763.51643431955,999999.9999999999,999528.2004768805,671519.4827447209,1000000.0,1000000.0
2025-02-12T09:00:00.000+0000,999194.1914694399,434763.51643431955,999999.9999999999,999528.2004768805,671519.4827447209,1000000.0,1000000.0
2025-02-12T09:10:00.000+0000,999194.1914694399,434763.51643431955,999999.9999999999,999528.2004768805,671519.4827447209,1000000.0,1000000.0
2025-02-12T09:20:00.000+0000,999194.1914694399,434763.51643431955,999999.9999999999,999528.2004768805,671519.4827447209,1000000.0,1000000.0
2025-02-12T09:30:00.000+0000,999194.1914694399,434763.51643431955,999999.9999999999,999528.2004768805,671519.4827447209,1000000.0,1000000.0
2025-02-12T09:40:00.000+0000,999194.1914694399,434763.51643431955,999999.9999999999,999528.2004768805,671519.4827447209,1000000.0,1000000.0
2025-02-12T09:50:00.000+0000,999194.1914694399,434763.51643431955,999999.9999999999,999528.2004768805,671519.4827447209,1000000.0,1000000.0
2025-02-12T10:00:00.000+0000,999194.1914694399,434763.51643431955,999999.9999999999,999528.2004768805,671519.4827447209,1000000.0,1000000.0
2025-02-12T10:10:00.000+0000,999194.1914694399,434763.51643431955,999999.9999999999,999528.2004768805,671519.4827447209,1000000.0,1000000.0
2025-02-12T10:20:00.000+0000,999194.1914694399,434763.51643431955,999999.9999999999,999528.2004768805,671519.4827447209,1000000.0,1000000.0
2025-02-12T10:30:00.000+0000,999194.1914694399,434763.51643431955,999999.9999999999,999528.2004768805,671519.4827447209,1000000.0,1000000.0
2025-02-12T10:40:00.000+0000,999194.1914694399,434763.51643431955,999999.9999999999,999528.2004768805,671519.4827447209,1000000.0,1000000.0
2025-02-12T10:50:00.000+0000,999194.1914694399,434763.51643431955,999999.9999999999,999528.2004768805,671519.4827447209,1000000.0,1000000.0
2025-02-12T11:00:00.000+0000,999194.1914694399,434763.51643431955,999999.9999999999,999528.2004768805,671519.4827447209,1000000.0,1000000.0
2025-02-12T11:10:00.000+0000,999194.1914694399,434763.51643431955,999999.9999999999,999528.2004768805,671519.4827447209,1000000.0,1000000.0
2025-02-12T11:20:00.000+0000,999194.1914694399,434763.51643431955,999999.9999999999,999528.2004768805,671519.4827447209,1000000.0,1000000.0
2025-02-12T11:30:00.000+0000,999194.1914694399,434763.51643431955,999999.9999999999,999528.2004768805,671519.4827447209,1000000.0,1000000.0
2025-02-12T11:40:00.000+0000,999194.1914694399,434763.51643431955,999999.9999999999,999528.2004768805,671519.4827447209,1000000.0,1000000.0
2025-02-12T11:50:00.000+0000,999194.1914694399,434763.51643431955,999999.9999999999,999528.2004768805,671519.4827447209,1000000.0,1000000.0
2025-02-12T12:00:00.000+0000,999194.1914694399,434763.51643431955,999999.9999999999,999528.2004768805,671519.4827447209,1000000.0,1000000.0
2025-02-12T12:10:00.000+0000,999194.1914694399,434763.51643431955,999999.9999999999,999528.2004768805,671519.4827447209,1000000.0,1000000.0
2025-02-12T12:20:00.000+0000,999194.1914694399,434763.51643431955,999999.9999999999,999528.2004768805,671519.4827447209,1000000.0,1000000.0
2025-02-12T12:30:00.000+0000,999194.1914694399,434763.51643431955,999999.9999999999,999528.2004768805,671519.4827447209,1000000.0,1000000.0
2025-02-12T12:40:00.000+0000,999194.1914694399,434763.51643431955,999999.9999999999,999528.2004768805,671519.4827447209,1000000.0,1000000.0
2025-02-12T12:50:00.000+0000,999194.1914694399,434763.51643431955,999999.9999999999,999528.2004768805,671519.4827447209,1000000.0,1000000.0
2025-02-12T13:00:00.000+0000,999191.2437669599,431078.8883343195,999999.9999999999,999526.7240469605,669673.9453447209,1000000.0,1000000.0
2025-02-12T13:10:00.000+0000,999179.4617933998,427924.0933343195,999999.9999999999,999520.8106178165,668087.5983447209,1000000.0,1000000.0
2025-02-12T13:20:00.000+0000,999169.6861201997,427924.0933343195,999999.9999999999,999515.9066441365,668087.5983447209,1000000.0,1000000.0
2025-02-12T13:30:00.000+0000,999203.6134565998,427924.0933343195,999999.9999999999,999532.9263174966,668087.5983447209,1000000.0,1000000.0
2025-02-12T13:40:00.000+0000,999204.3610080797,427924.0933343195,999999.9999999999,999533.3013272486,668087.5983447209,1000000.0,1000000.0
2025-02-12T13:50:00.000+0000,999205.8561110398,427924.0933343195,999999.9999999999,999534.0513467526,668087.5983447209,1000000.0,1000000.0
2025-02-12T14:00:00.000+0000,999209.7663803197,427924.0933343195,999999.9999999999,999536.0129362246,668087.5983447209,1000000.0,1000000.0
2025-02-12T14:10:00.000+0000,999212.2390505997,427924.0933343195,999999.9999999999,999537.2533530965,668087.5983447209,1000000.0,1000000.0
2025-02-12T14:20:00.000+0000,999219.9445812397,427924.0933343195,999999.9999999999,999541.1188382326,668087.5983447209,1000000.0,1000000.0
2025-02-12T14:30:00.000+0000,999212.3540585197,427924.0933343195,999999.9999999999,999537.3110469045,668087.5983447209,1000000.0,1000000.0
2025-02-12T14:40:00.000+0000,999205.1085595598,427924.0933343195,999999.9999999999,999533.6763370006,668087.5983447209,1000000.0,1000000.0
2025-02-12T14:50:00.000+0000,999204.9360476797,427924.0933343195,999999.9999999999,999533.5897962885,668087.5983447209,1000000.0,1000000.0
2025-02-12T15:00:00.000+0000,999207.6387337998,427924.0933343195,999999.9999999999,999534.9456007766,668087.5983447209,1000000.0,1000000.0
2025-02-12T15:10:00.000+0000,999208.5587971597,427924.0933343195,999999.9999999999,999535.4071512405,668087.5983447209,1000000.0,1000000.0
2025-02-12T15:20:00.000+0000,999198.0930764398,427924.0933343195,999999.9999999999,999530.1570147126,668087.5983447209,1000000.0,1000000.0
2025-02-12T15:30:00.000+0000,999194.6428388398,427924.0933343195,999999.9999999999,999528.4262004725,668087.5983447209,1000000.0,1000000.0
2025-02-12T15:40:00.000+0000,999197.1730130798,427924.0933343195,999999.9999999999,999529.6954642485,668087.5983447209,1000000.0,1000000.0
2025-02-12T15:50:00.000+0000,999196.7129813997,427924.0933343195,999999.9999999999,999529.4646890166,668087.5983447209,1000000.0,1000000.0
2025-02-12T16:00:00.000+0000,999202.0608496798,427924.0933343195,999999.9999999999,999532.1474510885,668087.5983447209,1000000.0,1000000.0
2025-02-12T16:10:00.000+0000,999207.2937100398,427924.0933343195,999999.9999999999,999534.7725193525,668087.5983447209,1000000.0,1000000.0
2025-02-12T16:20:00.000+0000,999208.3862852798,427924.0933343195,999999.9999999999,999535.3206105286,668087.5983447209,1000000.0,1000000.0
2025-02-12T16:30:00.000+0000,999206.8911823197,427924.0933343195,999999.9999999999,999534.5705910246,668087.5983447209,1000000.0,1000000.0
2025-02-12T16:40:00.000+0000,999193.2052398397,427924.0933343195,999999.9999999999,999527.7050278726,668087.5983447209,1000000.0,1000000.0
2025-02-12T16:50:00.000+0000,999175.2640043198,427924.0933343195,999999.9999999999,999518.7047938246,668087.5983447209,1000000.0,1000000.0
2025-02-12T17:00:00.000+0000,999168.0185053598,427924.0933343195,999999.9999999999,999515.0700839206,668087.5983447209,1000000.0,1000000.0
2025-02-12T17:10:00.000+0000,999170.0886479197,427924.0933343195,999999.9999999999,999516.1085724646,668087.5983447209,1000000.0,1000000.0
2025-02-12T17:20:00.000+0000,999164.7407796398,427924.0933343195,999999.9999999999,999513.4258103926,668087.5983447209,1000000.0,1000000.0
2025-02-12T17:30:00.000+0000,999163.6482043997,427924.0933343195,999999.9999999999,999512.8777192165,668087.5983447209,1000000.0,1000000.0
2025-02-12T17:40:00.000+0000,999160.7730063997,427924.0933343195,999999.9999999999,999511.4353740165,668087.5983447209,1000000.0,1000000.0
2025-02-12T17:50:00.000+0000,999160.7730063997,427924.0933343195,999999.9999999999,999511.4353740165,668087.5983447209,1000000.0,1000000.0
2025-02-12T18:00:00.000+0000,999162.7856449997,427924.0933343195,999999.9999999999,999512.4450156565,668087.5983447209,1000000.0,1000000.0
2025-02-12T18:10:00.000+0000,999167.2709538798,427924.0933343195,999999.9999999999,999514.6950741685,668087.5983447209,1000000.0,1000000.0
2025-02-12T18:20:00.000+0000,999172.4463102798,427924.0933343195,999999.9999999999,999517.2912955285,668087.5983447209,1000000.0,1000000.0
2025-02-12T18:30:00.000+0000,999173.3663736398,427924.0933343195,999999.9999999999,999517.7528459926,668087.5983447209,1000000.0,1000000.0
2025-02-12T18:40:00.000+0000,999171.6412548397,427924.0933343195,999999.9999999999,999516.8874388726,668087.5983447209,1000000.0,1000000.0
2025-02-12T18:50:00.000+0000,999168.9385687198,427924.0933343195,999999.9999999999,999515.5316343845,668087.5983447209,1000000.0,1000000.0
2025-02-12T19:00:00.000+0000,999168.0185053598,427924.0933343195,999999.9999999999,999515.0700839206,668087.5983447209,1000000.0,1000000.0
2025-02-12T19:10:00.000+0000,999173.3663736398,427924.0933343195,999999.9999999999,999517.7528459926,668087.5983447209,1000000.0,1000000.0
2025-02-12T19:20:00.000+0000,999168.1335132797,427924.0933343195,999999.9999999999,999515.1277777286,668087.5983447209,1000000.0,1000000.0
2025-02-12T19:30:00.000+0000,999162.4981251998,427924.0933343195,999999.9999999999,999512.3007811366,668087.5983447209,1000000.0,1000000.0
2025-02-12T19:40:00.000+0000,999156.9777450397,427924.0933343195,999999.9999999999,999509.5314783526,668087.5983447209,1000000.0,1000000.0
2025-02-12T19:50:00.000+0000,999155.1376183197,427924.0933343195,999999.9999999999,999508.6083774245,668087.5983447209,1000000.0,1000000.0
2025-02-12T20:00:00.000+0000,999157.7252965198,427924.0933343195,999999.9999999999,999509.9064881046,668087.5983447209,1000000.0,1000000.0
2025-02-12T20:10:00.000+0000,999143.2918025597,427924.0933343195,999999.9999999999,999502.6659152006,668087.5983447209,1000000.0,1000000.0
2025-02-12T20:20:00.000+0000,999144.6718975997,427924.0933343195,999999.9999999999,999503.3582408966,668087.5983447209,1000000.0,1000000.0
2025-02-12T20:30:00.000+0000,999147.8346153997,427924.0933343195,999999.9999999999,999504.9448206165,668087.5983447209,1000000.0,1000000.0
2025-02-12T20:40:00.000+0000,999150.3647896397,427924.0933343195,999999.9999999999,999506.2140843925,668087.5983447209,1000000.0,1000000.0
2025-02-12T20:50:00.000+0000,999147.3745837198,427924.0933343195,999999.9999999999,999504.7140453845,668087.5983447209,1000000.0,1000000.0
2025-02-12T21:00:00.000+0000,999148.0646312397,427924.0933343195,999999.9999999999,999505.0602082326,668087.5983447209,1000000.0,1000000.0
2025-02-12T21:10:00.000+0000,999141.3366679198,427924.0933343195,999999.9999999999,999501.6851204645,668087.5983447209,1000000.0,1000000.0
2025-02-12T21:20:00.000+0000,999146.3395124398,427924.0933343195,999999.9999999999,999504.1948011125,668087.5983447209,1000000.0,1000000.0
2025-02-12T21:30:00.000+0000,999148.1796391597,427924.0933343195,999999.9999999999,999505.1179020406,668087.5983447209,1000000.0,1000000.0
2025-02-12T21:40:00.000+0000,999144.1543619598,427924.0933343195,999999.9999999999,999503.0986187606,668087.5983447209,1000000.0,1000000.0
2025-02-12T21:50:00.000+0000,999147.7196074798,427924.0933343195,999999.9999999999,999504.8871268085,668087.5983447209,1000000.0,1000000.0
2025-02-12T22:00:00.000+0000,999145.9369847197,427924.0933343195,999999.9999999999,999503.9928727845,668087.5983447209,1000000.0,1000000.0
2025-02-12T22:10:00.000+0000,999143.0617867197,427924.0933343195,999999.9999999999,999502.5505275845,668087.5983447209,1000000.0,1000000.0
2025-02-12T22:20:00.000+0000,999124.9480393197,427924.0933343195,999999.9999999999,999493.4637528246,668087.5983447209,1000000.0,1000000.0
2025-02-12T22:30:00.000+0000,999125.4080709998,427924.0933343195,999999.9999999999,999493.6945280565,668087.5983447209,1000000.0,1000000.0
2025-02-12T22:40:00.000+0000,999127.1906937597,427924.0933343195,999999.9999999999,999494.5887820806,668087.5983447209,1000000.0,1000000.0
2025-02-12T22:50:00.000+0000,999134.2061768797,427924.0933343195,999999.9999999999,999498.1081043686,668087.5983447209,1000000.0,1000000.0
2025-02-12T23:00:00.000+0000,999136.7363511197,427924.0933343195,999999.9999999999,999499.3773681446,668087.5983447209,1000000.0,1000000.0
2025-02-12T23:10:00.000+0000,999144.0968579998,427924.0933343195,999999.9999999999,999503.0697718565,668087.5983447209,1000000.0,1000000.0
2025-02-12T23:20:00.000+0000,999146.8570480797,427924.0933343195,999999.9999999999,999504.4544232485,668087.5983447209,1000000.0,1000000.0
2025-02-12T23:30:00.000+0000,999145.4194490798,427924.0933343195,999999.9999999999,999503.7332506486,668087.5983447209,1000000.0,1000000.0
2025-02-12T23:40:00.000+0000,999144.7294015598,427924.0933343195,999999.9999999999,999503.3870878005,668087.5983447209,1000000.0,1000000.0
2025-02-12T23:50:00.000+0000,999141.9692114798,427924.0933343195,999999.9999999999,999502.0024364085,668087.5983447209,1000000.0,1000000.0
2025-02-13T00:00:00.000+0000,999143.4643144398,427924.0933343195,999999.9999999999,999502.7524559125,668087.5983447209,1000000.0,1000000.0
2025-02-13T00:10:00.000+0000,999149.2722143998,427924.0933343195,999999.9999999999,999505.6659932166,668087.5983447209,1000000.0,1000000.0
2025-02-13T00:20:00.000+0000,999148.8121827197,427924.0933343195,999999.9999999999,999505.4352179846,668087.5983447209,1000000.0,1000000.0
2025-02-13T00:30:00.000+0000,999145.3044411597,427924.0933343195,999999.9999999999,999503.6755568406,668087.5983447209,1000000.0,1000000.0
2025-02-13T00:40:00.000+0000,999146.0519926398,427924.0933343195,999999.9999999999,999504.0505665926,668087.5983447209,1000000.0,1000000.0
2025-02-13T00:50:00.000+0000,999142.8317708798,427924.0933343195,999999.9999999999,999502.4351399685,668087.5983447209,1000000.0,1000000.0
2025-02-13T01:00:00.000+0000,999141.2216599998,427924.0933343195,999999.9999999999,999501.6274266565,668087.5983447209,1000000.0,1000000.0
2025-02-13T01:10:00.000+0000,999138.2889580397,427924.0933343195,999999.9999999999,999500.1562345525,668087.5983447209,1000000.0,1000000.0
2025-02-13T01:20:00.000+0000,999135.5287679598,427924.0933343195,999999.9999999999,999498.7715831605,668087.5983447209,1000000.0,1000000.0
2025-02-13T01:30:00.000+0000,999134.4361927197,427924.0933343195,999999.9999999999,999498.2234919845,668087.5983447209,1000000.0,1000000.0
2025-02-13T01:40:00.000+0000,999126.5006462397,427924.0933343195,999999.9999999999,999494.2426192325,668087.5983447209,1000000.0,1000000.0
2025-02-13T01:50:00.000+0000,999126.3281343598,427924.0933343195,999999.9999999999,999494.1560785206,668087.5983447209,1000000.0,1000000.0
2025-02-13T02:00:00.000+0000,999133.8611531197,427924.0933343195,999999.9999999999,999497.9350229446,668087.5983447209,1000000.0,1000000.0
2025-02-13T02:10:00.000+0000,999140.4166045598,427924.0933343195,999999.9999999999,999501.2235700005,668087.5983447209,1000000.0,1000000.0
2025-02-13T02:20:00.000+0000,999141.0491481198,427924.0933343195,999999.9999999999,999501.5408859445,668087.5983447209,1000000.0,1000000.0
2025-02-13T02:30:00.000+0000,999142.3142352398,427924.0933343195,999999.9999999999,999502.1755178325,668087.5983447209,1000000.0,1000000.0
2025-02-13T02:40:00.000+0000,999143.4068104797,427924.0933343195,999999.9999999999,999502.7236090086,668087.5983447209,1000000.0,1000000.0
2025-02-13T02:50:00.000+0000,999145.3044411597,427924.0933343195,999999.9999999999,999503.6755568406,668087.5983447209,1000000.0,1000000.0
2025-02-13T03:00:00.000+0000,999144.6143936397,427924.0933343195,999999.9999999999,999503.3293939925,668087.5983447209,1000000.0,1000000.0
2025-02-13T03:10:00.000+0000,999145.3044411597,427924.0933343195,999999.9999999999,999503.6755568406,668087.5983447209,1000000.0,1000000.0
2025-02-13T03:20:00.000+0000,999142.4867471198,427924.0933343195,999999.9999999999,999502.2620585446,668087.5983447209,1000000.0,1000000.0
2025-02-13T03:30:00.000+0000,999144.8444094798,427924.0933343195,999999.9999999999,999503.4447816085,668087.5983447209,1000000.0,1000000.0
2025-02-13T03:40:00.000+0000,999143.0617867197,427924.0933343195,999999.9999999999,999502.5505275845,668087.5983447209,1000000.0,1000000.0
2025-02-13T03:50:00.000+0000,999136.0463035997,427924.0933343195,999999.9999999999,999499.0312052965,668087.5983447209,1000000.0,1000000.0
2025-02-13T04:00:00.000+0000,999136.4488313198,427924.0933343195,999999.9999999999,999499.2331336245,668087.5983447209,1000000.0,1000000.0
2025-02-13T04:10:00.000+0000,999137.8864303197,427924.0933343195,999999.9999999999,999499.9543062246,668087.5983447209,1000000.0,1000000.0
2025-02-13T04:20:00.000+0000,999140.4166045598,427924.0933343195,999999.9999999999,999501.2235700005,668087.5983447209,1000000.0,1000000.0
2025-02-13T04:30:00.000+0000,999144.6143936397,427924.0933343195,999999.9999999999,999503.3293939925,668087.5983447209,1000000.0,1000000.0
2025-02-13T04:40:00.000+0000,999144.9019134397,427924.0933343195,999999.9999999999,999503.4736285126,668087.5983447209,1000000.0,1000000.0
2025-02-13T04:50:00.000+0000,999148.9271906398,427924.0933343195,999999.9999999999,999505.4929117926,668087.5983447209,1000000.0,1000000.0
2025-02-13T05:00:00.000+0000,999155.9426737598,427924.0933343195,999999.9999999999,999509.0122340806,668087.5983447209,1000000.0,1000000.0
2025-02-13T05:10:00.000+0000,999156.9202410798,427924.0933343195,999999.9999999999,999509.5026314486,668087.5983447209,1000000.0,1000000.0
2025-02-13T05:20:00.000+0000,999153.9875391198,427924.0933343195,999999.9999999999,999508.0314393445,668087.5983447209,1000000.0,1000000.0
2025-02-13T05:30:00.000+0000,999150.9398292397,427924.0933343195,999999.9999999999,999506.5025534326,668087.5983447209,1000000.0,1000000.0
2025-02-13T05:40:00.000+0000,999150.4797975598,427924.0933343195,999999.9999999999,999506.2717782005,668087.5983447209,1000000.0,1000000.0
2025-02-13T05:50:00.000+0000,999152.8949638797,427924.0933343195,999999.9999999999,999507.4833481685,668087.5983447209,1000000.0,1000000.0
2025-02-13T06:00:00.000+0000,999153.3549955598,427924.0933343195,999999.9999999999,999507.7141234005,668087.5983447209,1000000.0,1000000.0
2025-02-13T06:10:00.000+0000,999157.1502569198,427924.0933343195,999999.9999999999,999509.6180190645,668087.5983447209,1000000.0,1000000.0
2025-02-13T06:20:00.000+0000,999158.9903836397,427924.0933343195,999999.9999999999,999510.5411199925,668087.5983447209,1000000.0,1000000.0
2025-02-13T06:30:00.000+0000,999163.4181885597,427924.0933343195,999999.9999999999,999512.7623316005,668087.5983447209,1000000.0,1000000.0
2025-02-13T06:40:00.000+0000,999169.3410964397,427924.0933343195,999999.9999999999,999515.7335627126,668087.5983447209,1000000.0,1000000.0
2025-02-13T06:50:00.000+0000,999176.6440993597,427924.0933343195,999999.9999999999,999519.3971195206,668087.5983447209,1000000.0,1000000.0
2025-02-13T07:00:00.000+0000,999170.2611597998,427924.0933343195,999999.9999999999,999516.1951131766,668087.5983447209,1000000.0,1000000.0
2025-02-13T07:10:00.000+0000,999172.0437825598,427924.0933343195,999999.9999999999,999517.0893672005,668087.5983447209,1000000.0,1000000.0
2025-02-13T07:20:00.000+0000,999173.2513657197,427924.0933343195,999999.9999999999,999517.6951521846,668087.5983447209,1000000.0,1000000.0
2025-02-13T07:30:00.000+0000,999172.5613181997,427924.0933343195,999999.9999999999,999517.3489893365,668087.5983447209,1000000.0,1000000.0
2025-02-13T07:40:00.000+0000,999170.3761677197,427924.0933343195,999999.9999999999,999516.2528069846,668087.5983447209,1000000.0,1000000.0
2025-02-13T07:50:00.000+0000,999171.9862785997,427924.0933343195,999999.9999999999,999517.0605202966,668087.5983447209,1000000.0,1000000.0
2025-02-13T08:00:00.000+0000,999171.5837508797,427924.0933343195,999999.9999999999,999516.8585919685,668087.5983447209,1000000.0,1000000.0
2025-02-13T08:10:00.000+0000,999174.0564211598,427924.0933343195,999999.9999999999,999518.0990088405,668087.5983447209,1000000.0,1000000.0
2025-02-13T08:20:00.000+0000,999174.8614765997,427924.0933343195,999999.9999999999,999518.5028654966,668087.5983447209,1000000.0,1000000.0
2025-02-13T08:30:00.000+0000,999174.9189805598,427924.0933343195,999999.9999999999,999518.5317124006,668087.5983447209,1000000.0,1000000.0
2025-02-13T08:40:00.000+0000,999179.3467854798,427924.0933343195,999999.9999999999,999520.7529240085,668087.5983447209,1000000.0,1000000.0
2025-02-13T08:50:00.000+0000,999180.6693765598,427924.0933343195,999999.9999999999,999521.4164028006,668087.5983447209,1000000.0,1000000.0
2025-02-13T09:00:00.000+0000,999178.2542102397,427924.0933343195,999999.9999999999,999520.2048328326,668087.5983447209,1000000.0,1000000.0
2025-02-13T09:10:00.000+0000,999176.0115557997,427924.0933343195,999999.9999999999,999519.0798035766,668087.5983447209,1000000.0,1000000.0
2025-02-13T09:20:00.000+0000,999176.3565795597,427924.0933343195,999999.9999999999,999519.2528850005,668087.5983447209,1000000.0,1000000.0
2025-02-13T09:30:00.000+0000,999172.1012865198,427924.0933343195,999999.9999999999,999517.1182141046,668087.5983447209,1000000.0,1000000.0
2025-02-13T09:40:00.000+0000,999172.1587904798,427924.0933343195,999999.9999999999,999517.1470610086,668087.5983447209,1000000.0,1000000.0
2025-02-13T09:50:00.000+0000,999171.9287746397,427924.0933343195,999999.9999999999,999517.0316733925,668087.5983447209,1000000.0,1000000.0
2025-02-13T10:00:00.000+0000,999171.8712706798,427924.0933343195,999999.9999999999,999517.0028264886,668087.5983447209,1000000.0,1000000.0
2025-02-13T10:10:00.000+0000,999170.3761677197,427924.0933343195,999999.9999999999,999516.2528069846,668087.5983447209,1000000.0,1000000.0
2025-02-13T10:20:00.000+0000,999171.2387271198,427924.0933343195,999999.9999999999,999516.6855105446,668087.5983447209,1000000.0,1000000.0
2025-02-13T10:30:00.000+0000,999171.9862785997,427924.0933343195,999999.9999999999,999517.0605202966,668087.5983447209,1000000.0,1000000.0
2025-02-13T10:40:00.000+0000,999170.6061835598,427924.0933343195,999999.9999999999,999516.3681946006,668087.5983447209,1000000.0,1000000.0
2025-02-13T10:50:00.000+0000,999174.1714290797,427924.0933343195,999999.9999999999,999518.1567026485,668087.5983447209,1000000.0,1000000.0
2025-02-13T11:00:00.000+0000,999174.1714290797,427924.0933343195,999999.9999999999,999518.1567026485,668087.5983447209,1000000.0,1000000.0
2025-02-13T11:10:00.000+0000,999120.3135725998,353916.9373843195,999999.9999999999,999491.1348457205,630956.8245947208,1000000.0,1000000.0
2025-02-13T11:20:00.000+0000,999117.6108864798,353916.9373843195,999999.9999999999,999489.7790412324,630956.8245947208,1000000.0,1000000.0
2025-02-13T11:30:00.000+0000,999123.5337943598,353916.9373843195,999999.9999999999,999492.7502723444,630956.8245947208,1000000.0,1000000.0
2025-02-13T11:40:00.000+0000,999119.3360052798,353916.9373843195,999999.9999999999,999490.6444483525,630956.8245947208,1000000.0,1000000.0
2025-02-13T11:50:00.000+0000,999121.8086755598,353916.9373843195,999999.9999999999,999491.8848652245,630956.8245947208,1000000.0,1000000.0
2025-02-13T12:00:00.000+0000,999120.1410607198,353916.9373843195,999999.9999999999,999491.0483050084,630956.8245947208,1000000.0,1000000.0
2025-02-13T12:10:00.000+0000,999122.6137309998,353916.9373843195,999999.9999999999,999492.2887218806,630956.8245947208,1000000.0,1000000.0
2025-02-13T12:20:00.000+0000,999124.7988814798,353955.31390851946,999999.9999999999,999493.3849042326,630975.7871125609,1000000.0,1000000.0
2025-02-13T12:30:00.000+0000,999122.4412191198,353955.31390851946,999999.9999999999,999492.2021811686,630975.7871125609,1000000.0,1000000.0
2025-02-13T12:40:00.000+0000,999121.6936676397,353955.31390851946,999999.9999999999,999491.8271714166,630975.7871125609,1000000.0,1000000.0
2025-02-13T12:50:00.000+0000,999127.0990398797,353955.31390851946,999999.9999999999,999494.5387803926,630975.7871125609,1000000.0,1000000.0
2025-02-13T13:00:00.000+0000,999127.0415359198,353955.31390851946,999999.9999999999,999494.5099334886,630975.7871125609,1000000.0,1000000.0
2025-02-13T13:10:00.000+0000,999126.8115200798,353955.31390851946,999999.9999999999,999494.3945458726,630975.7871125609,1000000.0,1000000.0
2025-02-13T13:20:00.000+0000,999125.2589131598,353955.31390851946,999999.9999999999,999493.6156794645,630975.7871125609,1000000.0,1000000.0
2025-02-13T13:30:00.000+0000,999116.2882953997,353955.31390851946,999999.9999999999,999489.1155624406,630975.7871125609,1000000.0,1000000.0
2025-02-13T13:40:00.000+0000,999119.8535409198,353955.31390851946,999999.9999999999,999490.9040704886,630975.7871125609,1000000.0,1000000.0
2025-02-13T13:50:00.000+0000,999121.1761319998,353955.31390851946,999999.9999999999,999491.5675492806,630975.7871125609,1000000.0,1000000.0
2025-02-13T14:00:00.000+0000,999124.9138893998,353955.31390851946,999999.9999999999,999493.4425980406,630975.7871125609,1000000.0,1000000.0
2025-02-13T14:10:00.000+0000,999137.3922487198,353955.31390851946,999999.9999999999,999499.7023762086,630975.7871125609,1000000.0,1000000.0
2025-02-13T14:20:00.000+0000,999133.7694992397,353955.31390851946,999999.9999999999,999497.8850212566,630975.7871125609,1000000.0,1000000.0
2025-02-13T14:30:00.000+0000,999128.0766071999,353955.31390851946,999999.9999999999,999495.0291777606,630975.7871125609,1000000.0,1000000.0
2025-02-13T14:40:00.000+0000,999128.1341111598,353955.31390851946,999999.9999999999,999495.0580246646,630975.7871125609,1000000.0,1000000.0
2025-02-13T14:50:00.000+0000,999131.8143645998,353955.31390851946,999999.9999999999,999496.9042265206,630975.7871125609,1000000.0,1000000.0
2025-02-13T15:00:00.000+0000,999131.5843487598,353955.31390851946,999999.9999999999,999496.7888389046,630975.7871125609,1000000.0,1000000.0
2025-02-13T15:10:00.000+0000,999124.3388497998,353955.31390851946,999999.9999999999,999493.1541290006,630975.7871125609,1000000.0,1000000.0
2025-02-13T15:20:00.000+0000,999119.1059894398,353955.31390851946,999999.9999999999,999490.5290607365,630975.7871125609,1000000.0,1000000.0
2025-02-13T15:30:00.000+0000,999124.6263695998,353955.31390851946,999999.9999999999,999493.2983635205,630975.7871125609,1000000.0,1000000.0
2025-02-13T15:40:00.000+0000,999118.9909815198,353955.31390851946,999999.9999999999,999490.4713669285,630975.7871125609,1000000.0,1000000.0
2025-02-13T15:50:00.000+0000,999119.6810290398,353955.31390851946,999999.9999999999,999490.8175297766,630975.7871125609,1000000.0,1000000.0
2025-02-13T16:00:00.000+0000,999125.6039369198,353955.31390851946,999999.9999999999,999493.7887608886,630975.7871125609,1000000.0,1000000.0
2025-02-13T16:10:00.000+0000,999126.0639685998,353955.31390851946,999999.9999999999,999494.0195361206,630975.7871125609,1000000.0,1000000.0
2025-02-13T16:20:00.000+0000,999134.5745546798,353955.31390851946,999999.9999999999,999498.2888779126,630975.7871125609,1000000.0,1000000.0
2025-02-13T16:30:00.000+0000,999131.1818210398,353955.31390851946,999999.9999999999,999496.5869105766,630975.7871125609,1000000.0,1000000.0
2025-02-13T16:40:00.000+0000,999130.2617576797,353955.31390851946,999999.9999999999,999496.1253601126,630975.7871125609,1000000.0,1000000.0
2025-02-13T16:50:00.000+0000,999132.4469081598,353955.31390851946,999999.9999999999,999497.2215424646,630975.7871125609,1000000.0,1000000.0
2025-02-13T17:00:00.000+0000,999128.4791349198,353955.31390851946,999999.9999999999,999495.2311060886,630975.7871125609,1000000.0,1000000.0
2025-02-13T17:10:00.000+0000,999128.3066230398,353955.31390851946,999999.9999999999,999495.1445653766,630975.7871125609,1000000.0,1000000.0
2025-02-13T17:20:00.000+0000,999125.8914567198,353955.31390851946,999999.9999999999,999493.9329954085,630975.7871125609,1000000.0,1000000.0
2025-02-13T17:30:00.000+0000,999124.3388497998,353955.31390851946,999999.9999999999,999493.1541290006,630975.7871125609,1000000.0,1000000.0
2025-02-13T17:40:00.000+0000,999123.9363220799,353955.31390851946,999999.9999999999,999492.9522006726,630975.7871125609,1000000.0,1000000.0
2025-02-13T17:50:00.000+0000,999125.7764487998,353955.31390851946,999999.9999999999,999493.8753016006,630975.7871125609,1000000.0,1000000.0
2025-02-13T18:00:00.000+0000,999129.0541745198,353955.31390851946,999999.9999999999,999495.5195751286,630975.7871125609,1000000.0,1000000.0
2025-02-13T18:10:00.000+0000,999132.7919319198,353955.31390851946,999999.9999999999,999497.3946238885,630975.7871125609,1000000.0,1000000.0
2025-02-13T18:20:00.000+0000,999130.2617576797,353955.31390851946,999999.9999999999,999496.1253601126,630975.7871125609,1000000.0,1000000.0
2025-02-13T18:30:00.000+0000,999127.5015675998,353955.31390851946,999999.9999999999,999494.7407087206,630975.7871125609,1000000.0,1000000.0
2025-02-13T18:40:00.000+0000,999126.0639685998,353955.31390851946,999999.9999999999,999494.0195361206,630975.7871125609,1000000.0,1000000.0
2025-02-13T18:50:00.000+0000,999123.7638101998,353955.31390851946,999999.9999999999,999492.8656599605,630975.7871125609,1000000.0,1000000.0
2025-02-13T19:00:00.000+0000,999114.1606488798,353955.31390851946,999999.9999999999,999488.0482269926,630975.7871125609,1000000.0,1000000.0
2025-02-13T19:10:00.000+0000,999112.6655459198,353955.31390851946,999999.9999999999,999487.2982074886,630975.7871125609,1000000.0,1000000.0
2025-02-13T19:20:00.000+0000,999117.2658627199,353955.31390851946,999999.9999999999,999489.6059598086,630975.7871125609,1000000.0,1000000.0
2025-02-13T19:30:00.000+0000,999124.5688656399,353955.31390851946,999999.9999999999,999493.2695166166,630975.7871125609,1000000.0,1000000.0
2025-02-13T19:40:00.000+0000,999124.9713933598,353955.31390851946,999999.9999999999,999493.4714449446,630975.7871125609,1000000.0,1000000.0
2025-02-13T19:50:00.000+0000,999126.5240002798,353955.31390851946,999999.9999999999,999494.2503113525,630975.7871125609,1000000.0,1000000.0
2025-02-13T20:00:00.000+0000,999122.6137309998,353955.31390851946,999999.9999999999,999492.2887218806,630975.7871125609,1000000.0,1000000.0
2025-02-13T20:10:00.000+0000,999118.3009339998,353955.31390851946,999999.9999999999,999490.1252040806,630975.7871125609,1000000.0,1000000.0
2025-02-13T20:20:00.000+0000,999118.5884537998,353955.31390851946,999999.9999999999,999490.2694386006,630975.7871125609,1000000.0,1000000.0
2025-02-13T20:30:00.000+0000,999116.0582795598,353955.31390851946,999999.9999999999,999489.0001748246,630975.7871125609,1000000.0,1000000.0
2025-02-13T20:40:00.000+0000,999116.9783429198,353955.31390851946,999999.9999999999,999489.4617252885,630975.7871125609,1000000.0,1000000.0
2025-02-13T20:50:00.000+0000,999119.5085171598,353955.31390851946,999999.9999999999,999490.7309890646,630975.7871125609,1000000.0,1000000.0
2025-02-13T21:00:00.000+0000,999112.4355300798,353955.31390851946,999999.9999999999,999487.1828198726,630975.7871125609,1000000.0,1000000.0
2025-02-13T21:10:00.000+0000,999112.3205221598,353955.7653970395,999999.9999999999,999487.1251260646,630975.7871125609,1000000.0,1000000.0
2025-02-13T21:20:00.000+0000,999115.1382161998,353955.7653970395,999999.9999999999,999488.5386243606,630975.7871125609,1000000.0,1000000.0
2025-02-13T21:30:00.000+0000,999109.7903479198,353955.7653970395,999999.9999999999,999485.8558622886,630975.7871125609,1000000.0,1000000.0
2025-02-13T21:40:00.000+0000,999100.2446905598,353955.7653970395,999999.9999999999,999481.0672762246,630975.7871125609,1000000.0,1000000.0
2025-02-13T21:50:00.000+0000,999095.7593816798,353955.7653970395,999999.9999999999,999478.8172177126,630975.7871125609,1000000.0,1000000.0
2025-02-13T22:00:00.000+0000,999088.6863945998,353955.7653970395,999999.9999999999,999475.2690485206,630975.7871125609,1000000.0,1000000.0
2025-02-13T22:10:00.000+0000,999084.2010857197,353955.7653970395,999999.9999999999,999473.0189900086,630975.7871125609,1000000.0,1000000.0
2025-02-13T22:20:00.000+0000,999083.2235183998,353955.7653970395,999999.9999999999,999472.5285926405,630975.7871125609,1000000.0,1000000.0
2025-02-13T22:30:00.000+0000,999088.3413708397,353955.7653970395,999999.9999999999,999475.0959670966,630975.7871125609,1000000.0,1000000.0
2025-02-13T22:40:00.000+0000,999091.2740727998,353955.7653970395,999999.9999999999,999476.5671592006,630975.7871125609,1000000.0,1000000.0
2025-02-13T22:50:00.000+0000,999095.2993499998,353955.7653970395,999999.9999999999,999478.5864424806,630975.7871125609,1000000.0,1000000.0
2025-02-13T23:00:00.000+0000,999095.7593816798,353955.7653970395,999999.9999999999,999478.8172177126,630975.7871125609,1000000.0,1000000.0
2025-02-13T23:10:00.000+0000,999101.3372657998,353955.7653970395,999999.9999999999,999481.6153674006,630975.7871125609,1000000.0,1000000.0
2025-02-13T23:20:00.000+0000,999099.3246271998,353955.7653970395,999999.9999999999,999480.6057257606,630975.7871125609,1000000.0,1000000.0
2025-02-13T23:30:00.000+0000,999095.0693341598,353955.7653970395,999999.9999999999,999478.4710548646,630975.7871125609,1000000.0,1000000.0
2025-02-13T23:40:00.000+0000,999092.4816559599,353955.7653970395,999999.9999999999,999477.1729441846,630975.7871125609,1000000.0,1000000.0
2025-02-13T23:50:00.000+0000,999092.3091440798,353955.7653970395,999999.9999999999,999477.0864034726,630975.7871125609,1000000.0,1000000.0
2025-02-14T00:00:00.000+0000,999092.1366321997,353955.7653970395,999999.9999999999,999476.9998627605,630975.7871125609,1000000.0,1000000.0
2025-02-14T00:10:00.000+0000,999096.5069331598,353955.7653970395,999999.9999999999,999479.1922274646,630975.7871125609,1000000.0,1000000.0
2025-02-14T00:20:00.000+0000,999085.0636451198,353955.7653970395,999999.9999999999,999473.4516935686,630975.7871125609,1000000.0,1000000.0
2025-02-14T00:30:00.000+0000,999080.0608005997,353955.7653970395,999999.9999999999,999470.9420129206,630975.7871125609,1000000.0,1000000.0
2025-02-14T00:40:00.000+0000,999078.8532174398,353955.7653970395,999999.9999999999,999470.3362279366,630975.7871125609,1000000.0,1000000.0
2025-02-14T00:50:00.000+0000,999077.2431065599,353955.7653970395,999999.9999999999,999469.5285146246,630975.7871125609,1000000.0,1000000.0
2025-02-14T01:00:00.000+0000,999077.9331540798,353955.7653970395,999999.9999999999,999469.8746774726,630975.7871125609,1000000.0,1000000.0
2025-02-14T01:10:00.000+0000,999086.6162520398,353955.7653970395,999999.9999999999,999474.2305599765,630975.7871125609,1000000.0,1000000.0
2025-02-14T01:20:00.000+0000,999092.1941361598,353955.7653970395,999999.9999999999,999477.0287096646,630975.7871125609,1000000.0,1000000.0
2025-02-14T01:30:00.000+0000,999095.1843420798,353955.7653970395,999999.9999999999,999478.5287486726,630975.7871125609,1000000.0,1000000.0
2025-02-14T01:40:00.000+0000,999096.3919252398,353955.7653970395,999999.9999999999,999479.1345336565,630975.7871125609,1000000.0,1000000.0
2025-02-14T01:50:00.000+0000,999092.3666480398,353955.7653970395,999999.9999999999,999477.1152503766,630975.7871125609,1000000.0,1000000.0
2025-02-14T02:00:00.000+0000,999085.9262045198,353955.7653970395,999999.9999999999,999473.8843971286,630975.7871125609,1000000.0,1000000.0
2025-02-14T02:10:00.000+0000,999083.1085104798,353955.7653970395,999999.9999999999,999472.4708988325,630975.7871125609,1000000.0,1000000.0
2025-02-14T02:20:00.000+0000,999085.8111965999,353955.7653970395,999999.9999999999,999473.8267033206,630975.7871125609,1000000.0,1000000.0
2025-02-14T02:30:00.000+0000,999089.1464262798,353955.7653970395,999999.9999999999,999475.4998237526,630975.7871125609,1000000.0,1000000.0
2025-02-14T02:40:00.000+0000,999087.8238351998,353955.7653970395,999999.9999999999,999474.8363449606,630975.7871125609,1000000.0,1000000.0
2025-02-14T02:50:00.000+0000,999092.0216242798,353955.7653970395,999999.9999999999,999476.9421689525,630975.7871125609,1000000.0,1000000.0
2025-02-14T03:00:00.000+0000,999091.3890807198,353955.7653970395,999999.9999999999,999476.6248530085,630975.7871125609,1000000.0,1000000.0
2025-02-14T03:10:00.000+0000,999092.4241519998,353955.7653970395,999999.9999999999,999477.1440972806,630975.7871125609,1000000.0,1000000.0
2025-02-14T03:20:00.000+0000,999095.9318935598,353955.7653970395,999999.9999999999,999478.9037584246,630975.7871125609,1000000.0,1000000.0
2025-02-14T03:30:00.000+0000,999093.9767589198,353955.7653970395,999999.9999999999,999477.9229636886,630975.7871125609,1000000.0,1000000.0
2025-02-14T03:40:00.000+0000,999083.6260461198,353955.7653970395,999999.9999999999,999472.7305209686,630975.7871125609,1000000.0,1000000.0
2025-02-14T03:50:00.000+0000,999083.1085104798,353955.7653970395,999999.9999999999,999472.4708988325,630975.7871125609,1000000.0,1000000.0
2025-02-14T04:00:00.000+0000,999083.8560619598,353955.7653970395,999999.9999999999,999472.8459085845,630975.7871125609,1000000.0,1000000.0
2025-02-14T04:10:00.000+0000,999089.3764421198,353955.7653970395,999999.9999999999,999475.6152113685,630975.7871125609,1000000.0,1000000.0
2025-02-14T04:20:00.000+0000,999089.8364737998,353955.7653970395,999999.9999999999,999475.8459866006,630975.7871125609,1000000.0,1000000.0
2025-02-14T04:30:00.000+0000,999090.4690173598,353955.7653970395,999999.9999999999,999476.1633025446,630975.7871125609,1000000.0,1000000.0
2025-02-14T04:40:00.000+0000,999091.9066163598,353955.7653970395,999999.9999999999,999476.8844751446,630975.7871125609,1000000.0,1000000.0
2025-02-14T04:50:00.000+0000,999093.5742311998,353955.7653970395,999999.9999999999,999477.7210353606,630975.7871125609,1000000.0,1000000.0
2025-02-14T05:00:00.000+0000,999092.7691757597,353955.7653970395,999999.9999999999,999477.3171787045,630975.7871125609,1000000.0,1000000.0
2025-02-14T05:10:00.000+0000,999091.3890807198,353955.7653970395,999999.9999999999,999476.6248530085,630975.7871125609,1000000.0,1000000.0
2025-02-14T05:20:00.000+0000,999089.7214658798,353955.7653970395,999999.9999999999,999475.7882927926,630975.7871125609,1000000.0,1000000.0
2025-02-14T05:30:00.000+0000,999095.3568539598,353955.7653970395,999999.9999999999,999478.6152893846,630975.7871125609,1000000.0,1000000.0
2025-02-14T05:40:00.000+0000,999099.0946113598,353955.7653970395,999999.9999999999,999480.4903381446,630975.7871125609,1000000.0,1000000.0
2025-02-14T05:50:00.000+0000,999097.2544846399,353955.7653970395,999999.9999999999,999479.5672372166,630975.7871125609,1000000.0,1000000.0
2025-02-14T06:00:00.000+0000,999094.5517985198,353955.7653970395,999999.9999999999,999478.2114327286,630975.7871125609,1000000.0,1000000.0
2025-02-14T06:10:00.000+0000,999095.3568539598,353955.7653970395,999999.9999999999,999478.6152893846,630975.7871125609,1000000.0,1000000.0
2025-02-14T06:20:00.000+0000,999094.0342628798,353955.7653970395,999999.9999999999,999477.9518105926,630975.7871125609,1000000.0,1000000.0
2025-02-14T06:30:00.000+0000,999095.3568539598,353955.7653970395,999999.9999999999,999478.6152893846,630975.7871125609,1000000.0,1000000.0
2025-02-14T06:40:00.000+0000,999095.7593816798,353955.7653970395,999999.9999999999,999478.8172177126,630975.7871125609,1000000.0,1000000.0
2025-02-14T06:50:00.000+0000,999092.1366321997,353955.7653970395,999999.9999999999,999476.9998627605,630975.7871125609,1000000.0,1000000.0
2025-02-14T07:00:00.000+0000,999089.4914500398,353955.7653970395,999999.9999999999,999475.6729051765,630975.7871125609,1000000.0,1000000.0
2025-02-14T07:10:00.000+0000,999087.8813391598,353955.7653970395,999999.9999999999,999474.8651918645,630975.7871125609,1000000.0,1000000.0
2025-02-14T07:20:00.000+0000,999085.2361569998,353955.7653970395,999999.9999999999,999473.5382342805,630975.7871125609,1000000.0,1000000.0
2025-02-14T07:30:00.000+0000,999085.2936609598,353955.7653970395,999999.9999999999,999473.5670811846,630975.7871125609,1000000.0,1000000.0
2025-02-14T07:40:00.000+0000,999085.1786530399,353955.7653970395,999999.9999999999,999473.5093873766,630975.7871125609,1000000.0,1000000.0
2025-02-14T07:50:00.000+0000,999082.6484787998,353955.7653970395,999999.9999999999,999472.2401236006,630975.7871125609,1000000.0,1000000.0
2025-02-14T08:00:00.000+0000,999071.2051907599,353955.7653970395,999999.9999999999,999466.4995897046,630975.7871125609,1000000.0,1000000.0
2025-02-14T08:10:00.000+0000,999070.7451590798,353955.7653970395,999999.9999999999,999466.2688144726,630975.7871125609,1000000.0,1000000.0
2025-02-14T08:20:00.000+0000,999061.3720135998,353955.7653970395,999999.9999999999,999461.5667691206,630975.7871125609,1000000.0,1000000.0
2025-02-14T08:30:00.000+0000,999060.4519502398,353955.7653970395,999999.9999999999,999461.1052186566,630975.7871125609,1000000.0,1000000.0
2025-02-14T08:40:00.000+0000,999064.1322036798,353955.7653970395,999999.9999999999,999462.9514205126,630975.7871125609,1000000.0,1000000.0
2025-02-14T08:50:00.000+0000,999071.1476867998,353955.7653970395,999999.9999999999,999466.4707428006,630975.7871125609,1000000.0,1000000.0
2025-02-14T09:00:00.000+0000,999062.6946046798,353955.7653970395,999999.9999999999,999462.2302479126,630975.7871125609,1000000.0,1000000.0
2025-02-14T09:10:00.000+0000,999053.7814908798,353955.7653970395,999999.9999999999,999457.7589777926,630975.7871125609,1000000.0,1000000.0
2025-02-14T09:20:00.000+0000,999058.8993433198,353955.7653970395,999999.9999999999,999460.3263522486,630975.7871125609,1000000.0,1000000.0
2025-02-14T09:30:00.000+0000,999054.8740661198,353955.7653970395,999999.9999999999,999458.3070689685,630975.7871125609,1000000.0,1000000.0
2025-02-14T09:40:00.000+0000,999041.0156117599,353955.7653970395,999999.9999999999,999451.3549651046,630975.7871125609,1000000.0,1000000.0
2025-02-14T09:50:00.000+0000,999034.8051840798,353955.7653970395,999999.9999999999,999448.2394994725,630975.7871125609,1000000.0,1000000.0
2025-02-14T10:00:00.000+0000,999023.3043920798,353955.7653970395,999999.9999999999,999442.4701186726,630975.7871125609,1000000.0,1000000.0
2025-02-14T10:10:00.000+0000,999023.5344079199,353955.7653970395,999999.9999999999,999442.5855062886,630975.7871125609,1000000.0,1000000.0
2025-02-14T10:20:00.000+0000,999026.5821177998,353955.7653970395,999999.9999999999,999444.1143922006,630975.7871125609,1000000.0,1000000.0
2025-02-14T10:30:00.000+0000,999036.1852791198,353955.7653970395,999999.9999999999,999448.9318251685,630975.7871125609,1000000.0,1000000.0
2025-02-14T10:40:00.000+0000,999038.3129256398,353955.7653970395,999999.9999999999,999449.9991606165,630975.7871125609,1000000.0,1000000.0
2025-02-14T10:50:00.000+0000,999036.8178226798,353955.7653970395,999999.9999999999,999449.2491411126,630975.7871125609,1000000.0,1000000.0
2025-02-14T11:00:00.000+0000,999032.9075533998,353955.7653970395,999999.9999999999,999447.2875516405,630975.7871125609,1000000.0,1000000.0
2025-02-14T11:10:00.000+0000,999024.1669514799,353955.7653970395,999999.9999999999,999442.9028222326,630975.7871125609,1000000.0,1000000.0
2025-02-14T11:20:00.000+0000,999026.2945979998,353955.7653970395,999999.9999999999,999443.9701576806,630975.7871125609,1000000.0,1000000.0
2025-02-14T11:30:00.000+0000,999027.2146613598,353955.7653970395,999999.9999999999,999444.4317081446,630975.7871125609,1000000.0,1000000.0
2025-02-14T11:40:00.000+0000,999035.6102395199,353955.7653970395,999999.9999999999,999448.6433561286,630975.7871125609,1000000.0,1000000.0
2025-02-14T11:50:00.000+0000,999040.3830681999,353955.7653970395,999999.9999999999,999451.0376491606,630975.7871125609,1000000.0,1000000.0
2025-02-14T12:00:00.000+0000,999042.3382028398,353955.7653970395,999999.9999999999,999452.0184438966,630975.7871125609,1000000.0,1000000.0
2025-02-14T12:10:00.000+0000,999050.0437334798,353955.7653970395,999999.9999999999,999455.8839290326,630975.7871125609,1000000.0,1000000.0
2025-02-14T12:20:00.000+0000,999054.5290423598,353955.7653970395,999999.9999999999,999458.1339875446,630975.7871125609,1000000.0,1000000.0
2025-02-14T12:30:00.000+0000,999052.4013958398,353955.7653970395,999999.9999999999,999457.0666520966,630975.7871125609,1000000.0,1000000.0
2025-02-14T12:40:00.000+0000,999054.5290423598,353955.7653970395,999999.9999999999,999458.1339875446,630975.7871125609,1000000.0,1000000.0
2025-02-14T12:50:00.000+0000,999059.7043987598,353955.7653970395,999999.9999999999,999460.7302089046,630975.7871125609,1000000.0,1000000.0
2025-02-14T13:00:00.000+0000,999061.3720135998,353955.7653970395,999999.9999999999,999461.5667691206,630975.7871125609,1000000.0,1000000.0
2025-02-14T13:10:00.000+0000,999061.6020294398,353955.7653970395,999999.9999999999,999461.6821567366,630975.7871125609,1000000.0,1000000.0
2025-02-14T13:20:00.000+0000,999063.9596917998,353955.7653970395,999999.9999999999,999462.8648798006,630975.7871125609,1000000.0,1000000.0
2025-02-14T13:30:00.000+0000,999052.7464195997,353955.7653970395,999999.9999999999,999457.2397335205,630975.7871125609,1000000.0,1000000.0
2025-02-14T13:40:00.000+0000,999044.2358335198,353955.7653970395,999999.9999999999,999452.9703917286,630975.7871125609,1000000.0,1000000.0
2025-02-14T13:50:00.000+0000,999045.5584245998,353955.7653970395,999999.9999999999,999453.6338705206,630975.7871125609,1000000.0,1000000.0
2025-02-14T14:00:00.000+0000,999039.7505246399,353955.7653970395,999999.9999999999,999450.7203332166,630975.7871125609,1000000.0,1000000.0
2025-02-14T14:10:00.000+0000,999042.4532107598,353955.7653970395,999999.9999999999,999452.0761377045,630975.7871125609,1000000.0,1000000.0
2025-02-14T14:20:00.000+0000,999043.2007622398,353955.7653970395,999999.9999999999,999452.4511474565,630975.7871125609,1000000.0,1000000.0
2025-02-14T14:30:00.000+0000,999037.5653741598,353955.7653970395,999999.9999999999,999449.6241508645,630975.7871125609,1000000.0,1000000.0
2025-02-14T14:40:00.000+0000,999026.9846455198,353955.7653970395,999999.9999999999,999444.3163205286,630975.7871125609,1000000.0,1000000.0
2025-02-14T14:50:00.000+0000,999017.6690039998,353955.7653970395,999999.9999999999,999439.6431220806,630975.7871125609,1000000.0,1000000.0
2025-02-14T15:00:00.000+0000,999033.1950731998,353955.7653970395,999999.9999999999,999447.4317861606,630975.7871125609,1000000.0,1000000.0
2025-02-14T15:10:00.000+0000,999036.7028147598,353955.7653970395,999999.9999999999,999449.1914473046,630975.7871125609,1000000.0,1000000.0
2025-02-14T15:20:00.000+0000,999050.0437334798,353955.7653970395,999999.9999999999,999455.8839290326,630975.7871125609,1000000.0,1000000.0
2025-02-14T15:30:00.000+0000,999042.6257226398,353955.7653970395,999999.9999999999,999452.1626784166,630975.7871125609,1000000.0,1000000.0
2025-02-14T15:40:00.000+0000,999041.8781711598,353955.7653970395,999999.9999999999,999451.7876686646,630975.7871125609,1000000.0,1000000.0
2025-02-14T15:50:00.000+0000,999031.2399385598,353955.7653970395,999999.9999999999,999446.4509914246,630975.7871125609,1000000.0,1000000.0
2025-02-14T16:00:00.000+0000,999029.7448355998,353955.7653970395,999999.9999999999,999445.7009719206,630975.7871125609,1000000.0,1000000.0
2025-02-14T16:10:00.000+0000,999039.1179810798,353955.7653970395,999999.9999999999,999450.4030172726,630975.7871125609,1000000.0,1000000.0
2025-02-14T16:20:00.000+0000,999040.9581077998,353955.7653970395,999999.9999999999,999451.3261182006,630975.7871125609,1000000.0,1000000.0
2025-02-14T16:30:00.000+0000,999042.9707463998,353955.7653970395,999999.9999999999,999452.3357598406,630975.7871125609,1000000.0,1000000.0
2025-02-14T16:40:00.000+0000,999040.8430998798,353955.7653970395,999999.9999999999,999451.2684243926,630975.7871125609,1000000.0,1000000.0
2025-02-14T16:50:00.000+0000,999021.9242970397,353955.7653970395,999999.9999999999,999441.7777929766,630975.7871125609,1000000.0,1000000.0
2025-02-14T17:00:00.000+0000,999009.6759535598,353955.7653970395,999999.9999999999,999435.6334024246,630975.7871125609,1000000.0,1000000.0
2025-02-14T17:10:00.000+0000,999020.4291940798,353955.7653970395,999999.9999999999,999441.0277734726,630975.7871125609,1000000.0,1000000.0
2025-02-14T17:20:00.000+0000,999017.7840119197,353955.7653970395,999999.9999999999,999439.7008158886,630975.7871125609,1000000.0,1000000.0
2025-02-14T17:30:00.000+0000,999005.7081803198,353955.7653970395,999999.9999999999,999433.6429660486,630975.7871125609,1000000.0,1000000.0
2025-02-14T17:40:00.000+0000,998955.5072232398,353955.7653970395,999999.9999999999,999408.4596188565,630975.7871125609,1000000.0,1000000.0
2025-02-14T17:50:00.000+0000,998962.3501944798,353955.7653970395,999999.9999999999,999411.8924004326,630975.7871125609,1000000.0,1000000.0
2025-02-14T18:00:00.000+0000,998977.9912715998,353955.7653970395,999999.9999999999,999419.7387583206,630975.7871125609,1000000.0,1000000.0
2025-02-14T18:10:00.000+0000,998981.6715250398,353955.7653970395,999999.9999999999,999421.5849601766,630975.7871125609,1000000.0,1000000.0
2025-02-14T18:20:00.000+0000,998989.2620477598,353955.7653970395,999999.9999999999,999425.3927515046,630975.7871125609,1000000.0,1000000.0
2025-02-14T18:30:00.000+0000,998988.1694725198,353955.7653970395,999999.9999999999,999424.8446603286,630975.7871125609,1000000.0,1000000.0
2025-02-14T18:40:00.000+0000,998997.8876417598,353955.7653970395,999999.9999999999,999429.7197871046,630975.7871125609,1000000.0,1000000.0
2025-02-14T18:50:00.000+0000,998996.9100744398,353955.7653970395,999999.9999999999,999429.2293897365,630975.7871125609,1000000.0,1000000.0
2025-02-14T19:00:00.000+0000,998995.5299793998,353955.7653970395,999999.9999999999,999428.5370640405,630975.7871125609,1000000.0,1000000.0
2025-02-14T19:10:00.000+0000,998995.5874833599,353955.7653970395,999999.9999999999,999428.5659109446,630975.7871125609,1000000.0,1000000.0
2025-02-14T19:20:00.000+0000,998999.6702645198,353955.7653970395,999999.9999999999,999430.6140411285,630975.7871125609,1000000.0,1000000.0
2025-02-14T19:30:00.000+0000,999006.9732674398,353955.7653970395,999999.9999999999,999434.2775979366,630975.7871125609,1000000.0,1000000.0
2025-02-14T19:40:00.000+0000,999005.5356684398,353955.7653970395,999999.9999999999,999433.5564253366,630975.7871125609,1000000.0,1000000.0
2025-02-14T19:50:00.000+0000,999010.7110248398,353955.7653970395,999999.9999999999,999436.1526466965,630975.7871125609,1000000.0,1000000.0
2025-02-14T20:00:00.000+0000,999011.8611040398,353955.7653970395,999999.9999999999,999436.7295847766,630975.7871125609,1000000.0,1000000.0
2025-02-14T20:10:00.000+0000,999010.1934891999,353955.7653970395,999999.9999999999,999435.8930245605,630975.7871125609,1000000.0,1000000.0
2025-02-14T20:20:00.000+0000,999015.1388297598,353955.7653970395,999999.9999999999,999438.3738583046,630975.7871125609,1000000.0,1000000.0
2025-02-14T20:30:00.000+0000,999013.2987030398,353955.7653970395,999999.9999999999,999437.4507573766,630975.7871125609,1000000.0,1000000.0
2025-02-14T20:40:00.000+0000,999017.8415158798,353955.7653970395,999999.9999999999,999439.7296627926,630975.7871125609,1000000.0,1000000.0
2025-02-14T20:50:00.000+0000,999023.4193999998,353955.7653970395,999999.9999999999,999442.5278124806,630975.7871125609,1000000.0,1000000.0
2025-02-14T21:00:00.000+0000,999026.1220861198,353955.7653970395,999999.9999999999,999443.8836169686,630975.7871125609,1000000.0,1000000.0
2025-02-14T21:10:00.000+0000,999036.4727989198,353955.7653970395,999999.9999999999,999449.0760596886,630975.7871125609,1000000.0,1000000.0
2025-02-14T21:20:00.000+0000,999030.6073949998,353955.7653970395,999999.9999999999,999446.1336754806,630975.7871125609,1000000.0,1000000.0
2025-02-14T21:30:00.000+0000,999025.4320385997,353955.7653970395,999999.9999999999,999443.5374541206,630975.7871125609,1000000.0,1000000.0
2025-02-14T21:40:00.000+0000,999023.7644237598,353955.7653970395,999999.9999999999,999442.7008939045,630975.7871125609,1000000.0,1000000.0
2025-02-14T21:50:00.000+0000,999021.8092891198,353955.7653970395,999999.9999999999,999441.7200991686,630975.7871125609,1000000.0,1000000.0
2025-02-14T22:00:00.000+0000,999022.2693207999,353955.7653970395,999999.9999999999,999441.9508744006,630975.7871125609,1000000.0,1000000.0
2025-02-14T22:10:00.000+0000,999021.6367772399,353955.7653970395,999999.9999999999,999441.6335584566,630975.7871125609,1000000.0,1000000.0
2025-02-14T22:20:00.000+0000,999027.5596851198,353955.7653970395,999999.9999999999,999444.6047895686,630975.7871125609,1000000.0,1000000.0
2025-02-14T22:30:00.000+0000,999030.6073949998,353955.7653970395,999999.9999999999,999446.1336754806,630975.7871125609,1000000.0,1000000.0
2025-02-14T22:40:00.000+0000,999046.3059760798,353955.7653970395,999999.9999999999,999454.0088802726,630975.7871125609,1000000.0,1000000.0
2025-02-14T22:50:00.000+0000,999051.3088205998,353955.7653970395,999999.9999999999,999456.5185609206,630975.7871125609,1000000.0,1000000.0
2025-02-14T23:00:00.000+0000,999049.7562136798,353955.7653970395,999999.9999999999,999455.7396945126,630975.7871125609,1000000.0,1000000.0
2025-02-14T23:10:00.000+0000,999045.4434166797,353955.7653970395,999999.9999999999,999453.5761767126,630975.7871125609,1000000.0,1000000.0
2025-02-14T23:20:00.000+0000,999043.2007622398,353955.7653970395,999999.9999999999,999452.4511474565,630975.7871125609,1000000.0,1000000.0
2025-02-14T23:30:00.000+0000,999040.7855959198,353955.7653970395,999999.9999999999,999451.2395774886,630975.7871125609,1000000.0,1000000.0
2025-02-14T23:40:00.000+0000,999039.0604771198,353955.7653970395,999999.9999999999,999450.3741703685,630975.7871125609,1000000.0,1000000.0
2025-02-14T23:50:00.000+0000,999038.4279335598,353955.7653970395,999999.9999999999,999450.0568544245,630975.7871125609,1000000.0,1000000.0
2025-02-15T00:00:00.000+0000,999037.2778543598,353955.7653970395,999999.9999999999,999449.4799163446,630975.7871125609,1000000.0,1000000.0
2025-02-15T00:10:00.000+0000,999035.5527355598,353955.7653970395,999999.9999999999,999448.6145092245,630975.7871125609,1000000.0,1000000.0
2025-02-15T00:20:00.000+0000,999039.2904929598,353955.7653970395,999999.9999999999,999450.4895579846,630975.7871125609,1000000.0,1000000.0
2025-02-15T00:30:00.000+0000,999041.7056592798,353955.7653970395,999999.9999999999,999451.7011279525,630975.7871125609,1000000.0,1000000.0
2025-02-15T00:40:00.000+0000,999040.9006038398,353955.7653970395,999999.9999999999,999451.2972712966,630975.7871125609,1000000.0,1000000.0
2025-02-15T00:50:00.000+0000,999036.5303028797,353955.7653970395,999999.9999999999,999449.1049065926,630975.7871125609,1000000.0,1000000.0
2025-02-15T01:00:00.000+0000,999028.8247722398,353955.7653970395,999999.9999999999,999445.2394214566,630975.7871125609,1000000.0,1000000.0
2025-02-15T01:10:00.000+0000,999026.8696375998,353955.7653970395,999999.9999999999,999444.2586267206,630975.7871125609,1000000.0,1000000.0
2025-02-15T01:20:00.000+0000,999021.4067613998,353955.7653970395,999999.9999999999,999441.5181708406,630975.7871125609,1000000.0,1000000.0
2025-02-15T01:30:00.000+0000,999002.2004387598,353955.7653970395,999999.9999999999,999431.8833049046,630975.7871125609,1000000.0,1000000.0
2025-02-15T01:40:00.000+0000,999009.6184495998,353955.7653970395,999999.9999999999,999435.6045555206,630975.7871125609,1000000.0,1000000.0
2025-02-15T01:50:00.000+0000,999008.6983862398,353955.7653970395,999999.9999999999,999435.1430050565,630975.7871125609,1000000.0,1000000.0
2025-02-15T02:00:00.000+0000,999007.4332991198,353955.7653970395,999999.9999999999,999434.5083731685,630975.7871125609,1000000.0,1000000.0
2025-02-15T02:10:00.000+0000,999003.0054941998,353955.7653970395,999999.9999999999,999432.2871615606,630975.7871125609,1000000.0,1000000.0
2025-02-15T02:20:00.000+0000,999010.3084971198,353955.7653970395,999999.9999999999,999435.9507183686,630975.7871125609,1000000.0,1000000.0
2025-02-15T02:30:00.000+0000,999005.7081803198,353955.7653970395,999999.9999999999,999433.6429660486,630975.7871125609,1000000.0,1000000.0
2025-02-15T02:40:00.000+0000,998988.7445121198,353955.7653970395,999999.9999999999,999425.1331293685,630975.7871125609,1000000.0,1000000.0
2025-02-15T02:50:00.000+0000,998975.2885854798,353955.7653970395,999999.9999999999,999418.3829538326,630975.7871125609,1000000.0,1000000.0
2025-02-15T03:00:00.000+0000,998977.0712082398,353955.7653970395,999999.9999999999,999419.2772078565,630975.7871125609,1000000.0,1000000.0
2025-02-15T03:10:00.000+0000,998979.4863745598,353955.7653970395,999999.9999999999,999420.4887778246,630975.7871125609,1000000.0,1000000.0
2025-02-15T03:20:00.000+0000,998984.0291873998,353955.7653970395,999999.9999999999,999422.7676832406,630975.7871125609,1000000.0,1000000.0
2025-02-15T03:30:00.000+0000,998990.6996467598,353955.7653970395,999999.9999999999,999426.1139241046,630975.7871125609,1000000.0,1000000.0
2025-02-15T03:40:00.000+0000,998992.0222378398,353955.7653970395,999999.9999999999,999426.7774028966,630975.7871125609,1000000.0,1000000.0
2025-02-15T03:50:00.000+0000,998993.2298209998,353955.7653970395,999999.9999999999,999427.3831878806,630975.7871125609,1000000.0,1000000.0
2025-02-15T04:00:00.000+0000,998992.7122853599,353955.7653970395,999999.9999999999,999427.1235657446,630975.7871125609,1000000.0,1000000.0
2025-02-15T04:10:00.000+0000,998991.2746863598,353955.7653970395,999999.9999999999,999426.4023931446,630975.7871125609,1000000.0,1000000.0
2025-02-15T04:20:00.000+0000,998990.5846388398,353955.7653970395,999999.9999999999,999426.0562302966,630975.7871125609,1000000.0,1000000.0
2025-02-15T04:30:00.000+0000,998987.4219210398,353955.7653970395,999999.9999999999,999424.4696505766,630975.7871125609,1000000.0,1000000.0
2025-02-15T04:40:00.000+0000,998994.2648922798,353955.7653970395,999999.9999999999,999427.9024321525,630975.7871125609,1000000.0,1000000.0
2025-02-15T04:50:00.000+0000,998998.7502011599,353955.7653970395,999999.9999999999,999430.1524906646,630975.7871125609,1000000.0,1000000.0
2025-02-15T05:00:00.000+0000,998998.8077051198,353955.7653970395,999999.9999999999,999430.1813375686,630975.7871125609,1000000.0,1000000.0
2025-02-15T05:10:00.000+0000,998996.4500427598,353955.7653970395,999999.9999999999,999428.9986145046,630975.7871125609,1000000.0,1000000.0
2025-02-15T05:20:00.000+0000,998994.5524120798,353955.7653970395,999999.9999999999,999428.0466666726,630975.7871125609,1000000.0,1000000.0
2025-02-15T05:30:00.000+0000,998992.8272932798,353955.7653970395,999999.9999999999,999427.1812595526,630975.7871125609,1000000.0,1000000.0
2025-02-15T05:40:00.000+0000,998996.2200269199,353955.7653970395,999999.9999999999,999428.8832268886,630975.7871125609,1000000.0,1000000.0
2025-02-15T05:50:00.000+0000,998998.1176575999,353955.7653970395,999999.9999999999,999429.8351747206,630975.7871125609,1000000.0,1000000.0
2025-02-15T06:00:00.000+0000,999001.4528872798,353955.7653970395,999999.9999999999,999431.5082951526,630975.7871125609,1000000.0,1000000.0
2025-02-15T06:10:00.000+0000,999004.1555733999,353955.7653970395,999999.9999999999,999432.8640996406,630975.7871125609,1000000.0,1000000.0
2025-02-15T06:20:00.000+0000,999000.1878001598,353955.7653970395,999999.9999999999,999430.8736632646,630975.7871125609,1000000.0,1000000.0
2025-02-15T06:30:00.000+0000,999004.2705813198,353955.7653970395,999999.9999999999,999432.9217934486,630975.7871125609,1000000.0,1000000.0
2025-02-15T06:40:00.000+0000,999003.6380377598,353955.7653970395,999999.9999999999,999432.6044775046,630975.7871125609,1000000.0,1000000.0
2025-02-15T06:50:00.000+0000,999010.0209773198,353955.7653970395,999999.9999999999,999435.8064838486,630975.7871125609,1000000.0,1000000.0
2025-02-15T07:00:00.000+0000,999011.4585763197,353955.7653970395,999999.9999999999,999436.5276564485,630975.7871125609,1000000.0,1000000.0
2025-02-15T07:10:00.000+0000,999018.9915950798,353955.7653970395,999999.9999999999,999440.3066008725,630975.7871125609,1000000.0,1000000.0
2025-02-15T07:20:00.000+0000,999019.9691623998,353955.7653970395,999999.9999999999,999440.7969982406,630975.7871125609,1000000.0,1000000.0
2025-02-15T07:30:00.000+0000,999015.2538376797,353955.7653970395,999999.9999999999,999438.4315521126,630975.7871125609,1000000.0,1000000.0
2025-02-15T07:40:00.000+0000,999011.9186079998,353955.7653970395,999999.9999999999,999436.7584316806,630975.7871125609,1000000.0,1000000.0
2025-02-15T07:50:00.000+0000,999012.7236634397,353955.7653970395,999999.9999999999,999437.1622883365,630975.7871125609,1000000.0,1000000.0
2025-02-15T08:00:00.000+0000,999013.5287188798,353955.7653970395,999999.9999999999,999437.5661449926,630975.7871125609,1000000.0,1000000.0
2025-02-15T08:10:00.000+0000,999008.4683703998,353955.7653970395,999999.9999999999,999435.0276174406,630975.7871125609,1000000.0,1000000.0
2025-02-15T08:20:00.000+0000,999004.6731090398,353955.7653970395,999999.9999999999,999433.1237217765,630975.7871125609,1000000.0,1000000.0
2025-02-15T08:30:00.000+0000,999003.2355100398,353955.7653970395,999999.9999999999,999432.4025491766,630975.7871125609,1000000.0,1000000.0
2025-02-15T08:40:00.000+0000,999002.6604704398,353955.7653970395,999999.9999999999,999432.1140801366,630975.7871125609,1000000.0,1000000.0
2025-02-15T08:50:00.000+0000,999004.6731090398,353955.7653970395,999999.9999999999,999433.1237217765,630975.7871125609,1000000.0,1000000.0
2025-02-15T09:00:00.000+0000,998999.3827447197,353955.7653970395,999999.9999999999,999430.4698066086,630975.7871125609,1000000.0,1000000.0
2025-02-15T09:10:00.000+0000,998998.9802169998,353955.7653970395,999999.9999999999,999430.2678782806,630975.7871125609,1000000.0,1000000.0
2025-02-15T09:20:00.000+0000,999003.8680535998,353955.7653970395,999999.9999999999,999432.7198651206,630975.7871125609,1000000.0,1000000.0
2025-02-15T09:30:00.000+0000,998997.0825863198,353955.7653970395,999999.9999999999,999429.3159304486,630975.7871125609,1000000.0,1000000.0
2025-02-15T09:40:00.000+0000,998997.8301377998,353955.7653970395,999999.9999999999,999429.6909402006,630975.7871125609,1000000.0,1000000.0
2025-02-15T09:50:00.000+0000,999000.4178159998,353955.7653970395,999999.9999999999,999430.9890508805,630975.7871125609,1000000.0,1000000.0
2025-02-15T10:00:00.000+0000,998996.9675783998,353955.7653970395,999999.9999999999,999429.2582366406,630975.7871125609,1000000.0,1000000.0
2025-02-15T10:10:00.000+0000,998999.0377209598,353955.7653970395,999999.9999999999,999430.2967251845,630975.7871125609,1000000.0,1000000.0
2025-02-15T10:20:00.000+0000,998994.6674199998,353955.7653970395,999999.9999999999,999428.1043604806,630975.7871125609,1000000.0,1000000.0
2025-02-15T10:30:00.000+0000,998996.9100744398,353955.7653970395,999999.9999999999,999429.2293897365,630975.7871125609,1000000.0,1000000.0
2025-02-15T10:40:00.000+0000,998995.4149714798,353955.7653970395,999999.9999999999,999428.4793702326,630975.7871125609,1000000.0,1000000.0
2025-02-15T10:50:00.000+0000,998993.4598368398,353955.7653970395,999999.9999999999,999427.4985754966,630975.7871125609,1000000.0,1000000.0
2025-02-15T11:00:00.000+0000,998988.1119685598,353955.7653970395,999999.9999999999,999424.8158134245,630975.7871125609,1000000.0,1000000.0
2025-02-15T11:10:00.000+0000,998986.9618893598,353955.7653970395,999999.9999999999,999424.2388753446,630975.7871125609,1000000.0,1000000.0
2025-02-15T11:20:00.000+0000,999003.5805337998,353955.7653970395,999999.9999999999,999432.5756306006,630975.7871125609,1000000.0,1000000.0
2025-02-15T11:30:00.000+0000,999003.9255575598,353955.7653970395,999999.9999999999,999432.7487120245,630975.7871125609,1000000.0,1000000.0
2025-02-15T11:40:00.000+0000,999006.1107080398,353955.7653970395,999999.9999999999,999433.8448943766,630975.7871125609,1000000.0,1000000.0
2025-02-15T11:50:00.000+0000,999002.5454625197,353955.7653970395,999999.9999999999,999432.0563863285,630975.7871125609,1000000.0,1000000.0
2025-02-15T12:00:00.000+0000,999004.9031248798,353955.7653970395,999999.9999999999,999433.2391093926,630975.7871125609,1000000.0,1000000.0
2025-02-15T12:10:00.000+0000,999007.9508347597,353955.7653970395,999999.9999999999,999434.7679953045,630975.7871125609,1000000.0,1000000.0
2025-02-15T12:20:00.000+0000,999005.4206605197,353955.7653970395,999999.9999999999,999433.4987315286,630975.7871125609,1000000.0,1000000.0
2025-02-15T12:30:00.000+0000,999000.7053357998,353955.7653970395,999999.9999999999,999431.1332854006,630975.7871125609,1000000.0,1000000.0
2025-02-15T12:40:00.000+0000,999000.3603120398,353955.7653970395,999999.9999999999,999430.9602039766,630975.7871125609,1000000.0,1000000.0
2025-02-15T12:50:00.000+0000,998993.2873249598,353955.7653970395,999999.9999999999,999427.4120347846,630975.7871125609,1000000.0,1000000.0
2025-02-15T13:00:00.000+0000,998997.5426179998,353955.7653970395,999999.9999999999,999429.5467056806,630975.7871125609,1000000.0,1000000.0
2025-02-15T13:10:00.000+0000,999000.4753199598,353955.7653970395,999999.9999999999,999431.0178977846,630975.7871125609,1000000.0,1000000.0
2025-02-15T13:20:00.000+0000,998997.7726338397,353955.7653970395,999999.9999999999,999429.6620932965,630975.7871125609,1000000.0,1000000.0
2025-02-15T13:30:00.000+0000,998994.6099160397,353955.7653970395,999999.9999999999,999428.0755135766,630975.7871125609,1000000.0,1000000.0
2025-02-15T13:40:00.000+0000,998993.1723170398,353955.7653970395,999999.9999999999,999427.3543409766,630975.7871125609,1000000.0,1000000.0
2025-02-15T13:50:00.000+0000,998993.8623645598,353955.7653970395,999999.9999999999,999427.7005038246,630975.7871125609,1000000.0,1000000.0
2025-02-15T14:00:00.000+0000,999002.9479902398,353955.7653970395,999999.9999999999,999432.2583146566,630975.7871125609,1000000.0,1000000.0
2025-02-15T14:10:00.000+0000,999010.4810089997,353955.7653970395,999999.9999999999,999436.0372590806,630975.7871125609,1000000.0,1000000.0
2025-02-15T14:20:00.000+0000,999019.7966505198,353955.7653970395,999999.9999999999,999440.7104575286,630975.7871125609,1000000.0,1000000.0
2025-02-15T14:30:00.000+0000,999024.5119752398,353955.7653970395,999999.9999999999,999443.0759036565,630975.7871125609,1000000.0,1000000.0
2025-02-15T14:40:00.000+0000,999024.7994950397,353955.7653970395,999999.9999999999,999443.2201381766,630975.7871125609,1000000.0,1000000.0
2025-02-15T14:50:00.000+0000,999024.7419910798,353955.7653970395,999999.9999999999,999443.1912912726,630975.7871125609,1000000.0,1000000.0
2025-02-15T15:00:00.000+0000,999016.2889089598,353955.7653970395,999999.9999999999,999438.9507963846,630975.7871125609,1000000.0,1000000.0
2025-02-15T15:10:00.000+0000,999013.0111832398,353955.7653970395,999999.9999999999,999437.3065228566,630975.7871125609,1000000.0,1000000.0
2025-02-15T15:20:00.000+0000,999012.4361436398,353955.7653970395,999999.9999999999,999437.0180538166,630975.7871125609,1000000.0,1000000.0
2025-02-15T15:30:00.000+0000,999008.5833783197,353955.7653970395,999999.9999999999,999435.0853112485,630975.7871125609,1000000.0,1000000.0
2025-02-15T15:40:00.000+0000,999008.5833783197,353955.7653970395,999999.9999999999,999435.0853112485,630975.7871125609,1000000.0,1000000.0
2025-02-15T15:50:00.000+0000,999016.4614208398,353955.7653970395,999999.9999999999,999439.0373370966,630975.7871125609,1000000.0,1000000.0
2025-02-15T16:00:00.000+0000,999014.9088139198,353955.7653970395,999999.9999999999,999438.2584706886,630975.7871125609,1000000.0,1000000.0
2025-02-15T16:10:00.000+0000,999017.5539960798,353955.7653970395,999999.9999999999,999439.5854282726,630975.7871125609,1000000.0,1000000.0
2025-02-15T16:20:00.000+0000,999019.3366188398,353955.7653970395,999999.9999999999,999440.4796822966,630975.7871125609,1000000.0,1000000.0
2025-02-15T16:30:00.000+0000,999021.2342495198,353955.7653970395,999999.9999999999,999441.4316301285,630975.7871125609,1000000.0,1000000.0
2025-02-15T16:40:00.000+0000,999026.5246138398,353955.7653970395,999999.9999999999,999444.0855452965,630975.7871125609,1000000.0,1000000.0
2025-02-15T16:50:00.000+0000,999031.9874900398,353955.7653970395,999999.9999999999,999446.8260011766,630975.7871125609,1000000.0,1000000.0
2025-02-15T17:00:00.000+0000,999027.9047088798,353955.7653970395,999999.9999999999,999444.7778709925,630975.7871125609,1000000.0,1000000.0
2025-02-15T17:10:00.000+0000,999028.9397801599,353955.7653970395,999999.9999999999,999445.2971152646,630975.7871125609,1000000.0,1000000.0
2025-02-15T17:20:00.000+0000,999037.8528939598,353955.7653970395,999999.9999999999,999449.7683853846,630975.7871125609,1000000.0,1000000.0
2025-02-15T17:30:00.000+0000,999037.1628464398,353955.7653970395,999999.9999999999,999449.4222225366,630975.7871125609,1000000.0,1000000.0
2025-02-15T17:40:00.000+0000,999037.8528939598,353955.7653970395,999999.9999999999,999449.7683853846,630975.7871125609,1000000.0,1000000.0
2025-02-15T17:50:00.000+0000,999037.2778543598,353955.7653970395,999999.9999999999,999449.4799163446,630975.7871125609,1000000.0,1000000.0
2025-02-15T18:00:00.000+0000,999031.1249306398,353955.7653970395,999999.9999999999,999446.3932976166,630975.7871125609,1000000.0,1000000.0
2025-02-15T18:10:00.000+0000,999031.6424662798,353955.7653970395,999999.9999999999,999446.6529197526,630975.7871125609,1000000.0,1000000.0
2025-02-15T18:20:00.000+0000,999029.5723237199,353955.7653970395,999999.9999999999,999445.6144312086,630975.7871125609,1000000.0,1000000.0
2025-02-15T18:30:00.000+0000,999023.9944395998,353955.7653970395,999999.9999999999,999442.8162815205,630975.7871125609,1000000.0,1000000.0
2025-02-15T18:40:00.000+0000,999022.2118168398,353955.7653970395,999999.9999999999,999441.9220274966,630975.7871125609,1000000.0,1000000.0
2025-02-15T18:50:00.000+0000,999021.4067613998,353955.7653970395,999999.9999999999,999441.5181708406,630975.7871125609,1000000.0,1000000.0
2025-02-15T19:00:00.000+0000,999019.5091307198,353955.7653970395,999999.9999999999,999440.5662230086,630975.7871125609,1000000.0,1000000.0
2025-02-15T19:10:00.000+0000,999021.1767455598,353955.7653970395,999999.9999999999,999441.4027832246,630975.7871125609,1000000.0,1000000.0
2025-02-15T19:20:00.000+0000,999022.9593683198,353955.7653970395,999999.9999999999,999442.2970372486,630975.7871125609,1000000.0,1000000.0
2025-02-15T19:30:00.000+0000,999025.4895425598,353955.7653970395,999999.9999999999,999443.5663010246,630975.7871125609,1000000.0,1000000.0
2025-02-15T19:40:00.000+0000,999041.7056592798,353955.7653970395,999999.9999999999,999451.7011279525,630975.7871125609,1000000.0,1000000.0
2025-02-15T19:50:00.000+0000,999043.3157701598,353955.7653970395,999999.9999999999,999452.5088412646,630975.7871125609,1000000.0,1000000.0
2025-02-15T20:00:00.000+0000,999042.1081869998,353955.7653970395,999999.9999999999,999451.9030562806,630975.7871125609,1000000.0,1000000.0
2025-02-15T20:10:00.000+0000,999042.0506830398,353955.7653970395,999999.9999999999,999451.8742093766,630975.7871125609,1000000.0,1000000.0
2025-02-15T20:20:00.000+0000,999045.5584245998,353955.7653970395,999999.9999999999,999453.6338705206,630975.7871125609,1000000.0,1000000.0
2025-02-15T20:30:00.000+0000,999050.3312532798,353955.7653970395,999999.9999999999,999456.0281635526,630975.7871125609,1000000.0,1000000.0
2025-02-15T20:40:00.000+0000,999053.7239869199,353955.7653970395,999999.9999999999,999457.7301308886,630975.7871125609,1000000.0,1000000.0
2025-02-15T20:50:00.000+0000,999048.7211423998,353955.7653970395,999999.9999999999,999455.2204502405,630975.7871125609,1000000.0,1000000.0
2025-02-15T21:00:00.000+0000,999044.2933374798,353955.7653970395,999999.9999999999,999452.9992386326,630975.7871125609,1000000.0,1000000.0
2025-02-15T21:10:00.000+0000,999044.6958651998,353955.7653970395,999999.9999999999,999453.2011669606,630975.7871125609,1000000.0,1000000.0
2025-02-15T21:20:00.000+0000,999042.6832265998,353955.7653970395,999999.9999999999,999452.1915253206,630975.7871125609,1000000.0,1000000.0
2025-02-15T21:30:00.000+0000,999043.2582661998,353955.7653970395,999999.9999999999,999452.4799943606,630975.7871125609,1000000.0,1000000.0
2025-02-15T21:40:00.000+0000,999038.8304612798,353955.7653970395,999999.9999999999,999450.2587827526,630975.7871125609,1000000.0,1000000.0
2025-02-15T21:50:00.000+0000,999038.3704295998,353955.7653970395,999999.9999999999,999450.0280075206,630975.7871125609,1000000.0,1000000.0
2025-02-15T22:00:00.000+0000,999036.4152949598,353955.7653970395,999999.9999999999,999449.0472127846,630975.7871125609,1000000.0,1000000.0
2025-02-15T22:10:00.000+0000,999035.9552632798,353955.7653970395,999999.9999999999,999448.8164375526,630975.7871125609,1000000.0,1000000.0
2025-02-15T22:20:00.000+0000,999041.4756434398,353955.7653970395,999999.9999999999,999451.5857403366,630975.7871125609,1000000.0,1000000.0
2025-02-15T22:30:00.000+0000,999046.7660077598,353955.7653970395,999999.9999999999,999454.2396555046,630975.7871125609,1000000.0,1000000.0
2025-02-15T22:40:00.000+0000,999045.4434166797,353955.7653970395,999999.9999999999,999453.5761767126,630975.7871125609,1000000.0,1000000.0
2025-02-15T22:50:00.000+0000,999042.0506830398,353955.7653970395,999999.9999999999,999451.8742093766,630975.7871125609,1000000.0,1000000.0
2025-02-15T23:00:00.000+0000,999041.2456275998,353955.7653970395,999999.9999999999,999451.4703527206,630975.7871125609,1000000.0,1000000.0
2025-02-15T23:10:00.000+0000,999039.2329889998,353955.7653970395,999999.9999999999,999450.4607110806,630975.7871125609,1000000.0,1000000.0
2025-02-15T23:20:00.000+0000,999036.0702711998,353955.7653970395,999999.9999999999,999448.8741313606,630975.7871125609,1000000.0,1000000.0
2025-02-15T23:30:00.000+0000,999035.3227197198,353955.7653970395,999999.9999999999,999448.4991216086,630975.7871125609,1000000.0,1000000.0
2025-02-15T23:40:00.000+0000,999037.6228781198,353955.7653970395,999999.9999999999,999449.6529977686,630975.7871125609,1000000.0,1000000.0
2025-02-15T23:50:00.000+0000,999039.8080285998,353955.7653970395,999999.9999999999,999450.7491801205,630975.7871125609,1000000.0,1000000.0
2025-02-16T00:00:00.000+0000,999039.5780127598,353955.7653970395,999999.9999999999,999450.6337925046,630975.7871125609,1000000.0,1000000.0
2025-02-16T00:10:00.000+0000,999033.5400969598,353955.7653970395,999999.9999999999,999447.6048675845,630975.7871125609,1000000.0,1000000.0
2025-02-16T00:20:00.000+0000,999035.5527355598,353955.7653970395,999999.9999999999,999448.6145092245,630975.7871125609,1000000.0,1000000.0
2025-02-16T00:30:00.000+0000,999026.5246138398,353955.7653970395,999999.9999999999,999444.0855452965,630975.7871125609,1000000.0,1000000.0
2025-02-16T00:40:00.000+0000,999029.5723237199,353955.7653970395,999999.9999999999,999445.6144312086,630975.7871125609,1000000.0,1000000.0
2025-02-16T00:50:00.000+0000,999031.3549464798,353955.7653970395,999999.9999999999,999446.5086852326,630975.7871125609,1000000.0,1000000.0
2025-02-16T01:00:00.000+0000,999032.4475217198,353955.7653970395,999999.9999999999,999447.0567764086,630975.7871125609,1000000.0,1000000.0
2025-02-16T01:10:00.000+0000,999036.0127672398,353955.7653970395,999999.9999999999,999448.8452844566,630975.7871125609,1000000.0,1000000.0
2025-02-16T01:20:00.000+0000,999035.8402553598,353955.7653970395,999999.9999999999,999448.7587437446,630975.7871125609,1000000.0,1000000.0
2025-02-16T01:30:00.000+0000,999036.1852791198,353955.7653970395,999999.9999999999,999448.9318251685,630975.7871125609,1000000.0,1000000.0
2025-02-16T01:40:00.000+0000,999036.4727989198,353955.7653970395,999999.9999999999,999449.0760596886,630975.7871125609,1000000.0,1000000.0
2025-02-16T01:50:00.000+0000,999032.8500494398,353955.7653970395,999999.9999999999,999447.2587047366,630975.7871125609,1000000.0,1000000.0
2025-02-16T02:00:00.000+0000,999031.9874900398,353955.7653970395,999999.9999999999,999446.8260011766,630975.7871125609,1000000.0,1000000.0
2025-02-16T02:10:00.000+0000,999039.5780127598,353955.7653970395,999999.9999999999,999450.6337925046,630975.7871125609,1000000.0,1000000.0
2025-02-16T02:20:00.000+0000,999039.5205087998,353955.7653970395,999999.9999999999,999450.6049456006,630975.7871125609,1000000.0,1000000.0
2025-02-16T02:30:00.000+0000,999037.5653741598,353955.7653970395,999999.9999999999,999449.6241508645,630975.7871125609,1000000.0,1000000.0
2025-02-16T02:40:00.000+0000,999040.6705879997,353955.7653970395,999999.9999999999,999451.1818836806,630975.7871125609,1000000.0,1000000.0
2025-02-16T02:50:00.000+0000,999046.0184562798,353955.7653970395,999999.9999999999,999453.8646457526,630975.7871125609,1000000.0,1000000.0
2025-02-16T03:00:00.000+0000,999046.0184562798,353955.7653970395,999999.9999999999,999453.8646457526,630975.7871125609,1000000.0,1000000.0
2025-02-16T03:10:00.000+0000,999047.6860711199,353955.7653970395,999999.9999999999,999454.7012059686,630975.7871125609,1000000.0,1000000.0
2025-02-16T03:20:00.000+0000,999051.4238285198,353955.7653970395,999999.9999999999,999456.5762547286,630975.7871125609,1000000.0,1000000.0
2025-02-16T03:30:00.000+0000,999052.0563720798,353955.7653970395,999999.9999999999,999456.8935706726,630975.7871125609,1000000.0,1000000.0
2025-02-16T03:40:00.000+0000,999046.2484721198,353955.7653970395,999999.9999999999,999453.9800333686,630975.7871125609,1000000.0,1000000.0
2025-02-16T03:50:00.000+0000,999042.2806988799,353955.7653970395,999999.9999999999,999451.9895969926,630975.7871125609,1000000.0,1000000.0
2025-02-16T04:00:00.000+0000,999038.3704295998,353955.7653970395,999999.9999999999,999450.0280075206,630975.7871125609,1000000.0,1000000.0
2025-02-16T04:10:00.000+0000,999040.1530523598,353955.7653970395,999999.9999999999,999450.9222615446,630975.7871125609,1000000.0,1000000.0
2025-02-16T04:20:00.000+0000,999045.3284087598,353955.7653970395,999999.9999999999,999453.5184829045,630975.7871125609,1000000.0,1000000.0
2025-02-16T04:30:00.000+0000,999043.8333057998,353955.7653970395,999999.9999999999,999452.7684634005,630975.7871125609,1000000.0,1000000.0
2025-02-16T04:40:00.000+0000,999042.7982345198,353955.7653970395,999999.9999999999,999452.2492191286,630975.7871125609,1000000.0,1000000.0
2025-02-16T04:50:00.000+0000,999041.9356751197,353955.7653970395,999999.9999999999,999451.8165155686,630975.7871125609,1000000.0,1000000.0
2025-02-16T05:00:00.000+0000,999041.9931790798,353955.7653970395,999999.9999999999,999451.8453624726,630975.7871125609,1000000.0,1000000.0
2025-02-16T05:10:00.000+0000,999046.1334641998,353955.7653970395,999999.9999999999,999453.9223395606,630975.7871125609,1000000.0,1000000.0
2025-02-16T05:20:00.000+0000,999043.7758018398,353955.7653970395,999999.9999999999,999452.7396164966,630975.7871125609,1000000.0,1000000.0
2025-02-16T05:30:00.000+0000,999043.2582661998,353955.7653970395,999999.9999999999,999452.4799943606,630975.7871125609,1000000.0,1000000.0
2025-02-16T05:40:00.000+0000,999032.4475217198,353955.7653970395,999999.9999999999,999447.0567764086,630975.7871125609,1000000.0,1000000.0
2025-02-16T05:50:00.000+0000,999033.8851207198,353955.7653970395,999999.9999999999,999447.7779490086,630975.7871125609,1000000.0,1000000.0
2025-02-16T06:00:00.000+0000,999038.6579493998,353955.7653970395,999999.9999999999,999450.1722420406,630975.7871125609,1000000.0,1000000.0
2025-02-16T06:10:00.000+0000,999035.3802236798,353955.7653970395,999999.9999999999,999448.5279685126,630975.7871125609,1000000.0,1000000.0
2025-02-16T06:20:00.000+0000,999034.2876484398,353955.7653970395,999999.9999999999,999447.9798773365,630975.7871125609,1000000.0,1000000.0
2025-02-16T06:30:00.000+0000,999032.7350415197,353955.7653970395,999999.9999999999,999447.2010109286,630975.7871125609,1000000.0,1000000.0
2025-02-16T06:40:00.000+0000,999037.6228781198,353955.7653970395,999999.9999999999,999449.6529977686,630975.7871125609,1000000.0,1000000.0
2025-02-16T06:50:00.000+0000,999041.7056592798,353955.7653970395,999999.9999999999,999451.7011279525,630975.7871125609,1000000.0,1000000.0
2025-02-16T07:00:00.000+0000,999046.1909681598,353955.7653970395,999999.9999999999,999453.9511864646,630975.7871125609,1000000.0,1000000.0
2025-02-16T07:10:00.000+0000,999046.0184562798,353955.7653970395,999999.9999999999,999453.8646457526,630975.7871125609,1000000.0,1000000.0
2025-02-16T07:20:00.000+0000,999050.1587413998,353955.7653970395,999999.9999999999,999455.9416228406,630975.7871125609,1000000.0,1000000.0
2025-02-16T07:30:00.000+0000,999046.9385196398,353955.7653970395,999999.9999999999,999454.3261962166,630975.7871125609,1000000.0,1000000.0
2025-02-16T07:40:00.000+0000,999047.0535275599,353955.7653970395,999999.9999999999,999454.3838900246,630975.7871125609,1000000.0,1000000.0
2025-02-16T07:50:00.000+0000,999051.8263562398,353955.7653970395,999999.9999999999,999456.7781830566,630975.7871125609,1000000.0,1000000.0
2025-02-16T08:00:00.000+0000,999049.6987097198,353955.7653970395,999999.9999999999,999455.7108476086,630975.7871125609,1000000.0,1000000.0
2025-02-16T08:10:00.000+0000,999048.6061344797,353955.7653970395,999999.9999999999,999455.1627564325,630975.7871125609,1000000.0,1000000.0
2025-02-16T08:20:00.000+0000,999045.9609523198,353955.7653970395,999999.9999999999,999453.8357988485,630975.7871125609,1000000.0,1000000.0
2025-02-16T08:30:00.000+0000,999044.6958651998,353955.7653970395,999999.9999999999,999453.2011669606,630975.7871125609,1000000.0,1000000.0
2025-02-16T08:40:00.000+0000,999051.8838601998,353955.7653970395,999999.9999999999,999456.8070299606,630975.7871125609,1000000.0,1000000.0
2025-02-16T08:50:00.000+0000,999051.3663245598,353955.7653970395,999999.9999999999,999456.5474078245,630975.7871125609,1000000.0,1000000.0
2025-02-16T09:00:00.000+0000,999049.7562136798,353955.7653970395,999999.9999999999,999455.7396945126,630975.7871125609,1000000.0,1000000.0
2025-02-16T09:10:00.000+0000,999054.1265146398,353955.7653970395,999999.9999999999,999457.9320592165,630975.7871125609,1000000.0,1000000.0
2025-02-16T09:20:00.000+0000,999051.7688522798,353955.7653970395,999999.9999999999,999456.7493361526,630975.7871125609,1000000.0,1000000.0
2025-02-16T09:30:00.000+0000,999049.3536859598,353955.7653970395,999999.9999999999,999455.5377661845,630975.7871125609,1000000.0,1000000.0
2025-02-16T09:40:00.000+0000,999045.6159285598,353955.7653970395,999999.9999999999,999453.6627174246,630975.7871125609,1000000.0,1000000.0
2025-02-16T09:50:00.000+0000,999041.7631632398,353955.7653970395,999999.9999999999,999451.7299748566,630975.7871125609,1000000.0,1000000.0
2025-02-16T10:00:00.000+0000,999042.3382028398,353955.7653970395,999999.9999999999,999452.0184438966,630975.7871125609,1000000.0,1000000.0
2025-02-16T10:10:00.000+0000,999044.9258810398,353955.7653970395,999999.9999999999,999453.3165545766,630975.7871125609,1000000.0,1000000.0
2025-02-16T10:20:00.000+0000,999046.3059760798,353955.7653970395,999999.9999999999,999454.0088802726,630975.7871125609,1000000.0,1000000.0
2025-02-16T10:30:00.000+0000,999045.6159285598,353955.7653970395,999999.9999999999,999453.6627174246,630975.7871125609,1000000.0,1000000.0
2025-02-16T10:40:00.000+0000,999046.5359919198,353955.7653970395,999999.9999999999,999454.1242678886,630975.7871125609,1000000.0,1000000.0
2025-02-16T10:50:00.000+0000,999045.5009206398,353955.7653970395,999999.9999999999,999453.6050236166,630975.7871125609,1000000.0,1000000.0
2025-02-16T11:00:00.000+0000,999050.0437334798,353955.7653970395,999999.9999999999,999455.8839290326,630975.7871125609,1000000.0,1000000.0
2025-02-16T11:10:00.000+0000,999047.9160869598,353955.7653970395,999999.9999999999,999454.8165935846,630975.7871125609,1000000.0,1000000.0
2025-02-16T11:20:00.000+0000,999045.8459443998,353955.7653970395,999999.9999999999,999453.7781050405,630975.7871125609,1000000.0,1000000.0
2025-02-16T11:30:00.000+0000,999045.3859127198,353955.7653970395,999999.9999999999,999453.5473298086,630975.7871125609,1000000.0,1000000.0
2025-02-16T11:40:00.000+0000,999044.5808572798,353955.7653970395,999999.9999999999,999453.1434731525,630975.7871125609,1000000.0,1000000.0
2025-02-16T11:50:00.000+0000,999043.7182978798,353955.7653970395,999999.9999999999,999452.7107695926,630975.7871125609,1000000.0,1000000.0
2025-02-16T12:00:00.000+0000,999045.6734325198,353955.7653970395,999999.9999999999,999453.6915643286,630975.7871125609,1000000.0,1000000.0
2025-02-16T12:10:00.000+0000,999045.0408889598,353955.7653970395,999999.9999999999,999453.3742483846,630975.7871125609,1000000.0,1000000.0
2025-02-16T12:20:00.000+0000,999045.5584245998,353955.7653970395,999999.9999999999,999453.6338705206,630975.7871125609,1000000.0,1000000.0
2025-02-16T12:30:00.000+0000,999048.5486305198,353955.7653970395,999999.9999999999,999455.1339095286,630975.7871125609,1000000.0,1000000.0
2025-02-16T12:40:00.000+0000,999049.4686938798,353955.7653970395,999999.9999999999,999455.5954599925,630975.7871125609,1000000.0,1000000.0
2025-02-16T12:50:00.000+0000,999050.4462611998,353955.7653970395,999999.9999999999,999456.0858573606,630975.7871125609,1000000.0,1000000.0
2025-02-16T13:00:00.000+0000,999052.7464195997,353955.7653970395,999999.9999999999,999457.2397335205,630975.7871125609,1000000.0,1000000.0
2025-02-16T13:10:00.000+0000,999053.8389948398,353955.7653970395,999999.9999999999,999457.7878246966,630975.7871125609,1000000.0,1000000.0
2025-02-16T13:20:00.000+0000,999054.4715383998,353955.7653970395,999999.9999999999,999458.1051406406,630975.7871125609,1000000.0,1000000.0
2025-02-16T13:30:00.000+0000,999054.8740661198,353955.7653970395,999999.9999999999,999458.3070689685,630975.7871125609,1000000.0,1000000.0
2025-02-16T13:40:00.000+0000,999062.8671165598,353955.7653970395,999999.9999999999,999462.3167886246,630975.7871125609,1000000.0,1000000.0
2025-02-16T13:50:00.000+0000,999070.0551115598,353955.7653970395,999999.9999999999,999465.9226516245,630975.7871125609,1000000.0,1000000.0
2025-02-16T14:00:00.000+0000,999071.0326788798,353955.7653970395,999999.9999999999,999466.4130489926,630975.7871125609,1000000.0,1000000.0
2025-02-16T14:10:00.000+0000,999070.2851273998,353955.7653970395,999999.9999999999,999466.0380392406,630975.7871125609,1000000.0,1000000.0
2025-02-16T14:20:00.000+0000,999071.8377343199,353955.7653970395,999999.9999999999,999466.8169056486,630975.7871125609,1000000.0,1000000.0
2025-02-16T14:30:00.000+0000,999066.1448422798,353955.7653970395,999999.9999999999,999463.9610621526,630975.7871125609,1000000.0,1000000.0
2025-02-16T14:40:00.000+0000,999060.1644304398,353955.7653970395,999999.9999999999,999460.9609841366,630975.7871125609,1000000.0,1000000.0
2025-02-16T14:50:00.000+0000,999060.7394700398,353955.7653970395,999999.9999999999,999461.2494531766,630975.7871125609,1000000.0,1000000.0
2025-02-16T15:00:00.000+0000,999057.5767522398,353955.7653970395,999999.9999999999,999459.6628734566,630975.7871125609,1000000.0,1000000.0
2025-02-16T15:10:00.000+0000,999059.5893908398,353955.7653970395,999999.9999999999,999460.6725150966,630975.7871125609,1000000.0,1000000.0
2025-02-16T15:20:00.000+0000,999057.7492641198,353955.7653970395,999999.9999999999,999459.7494141685,630975.7871125609,1000000.0,1000000.0
2025-02-16T15:30:00.000+0000,999059.9344145998,353955.7653970395,999999.9999999999,999460.8455965206,630975.7871125609,1000000.0,1000000.0
2025-02-16T15:40:00.000+0000,999058.9568472798,353955.7653970395,999999.9999999999,999460.3551991526,630975.7871125609,1000000.0,1000000.0
2025-02-16T15:50:00.000+0000,999059.7619027199,353955.7653970395,999999.9999999999,999460.7590558085,630975.7871125609,1000000.0,1000000.0
2025-02-16T16:00:00.000+0000,999063.9596917998,353955.7653970395,999999.9999999999,999462.8648798006,630975.7871125609,1000000.0,1000000.0
2025-02-16T16:10:00.000+0000,999061.0844937998,353955.7653970395,999999.9999999999,999461.4225346006,630975.7871125609,1000000.0,1000000.0
2025-02-16T16:20:00.000+0000,999063.6146680398,353955.7653970395,999999.9999999999,999462.6917983766,630975.7871125609,1000000.0,1000000.0
2025-02-16T16:30:00.000+0000,999060.5094541998,353955.7653970395,999999.9999999999,999461.1340655605,630975.7871125609,1000000.0,1000000.0
2025-02-16T16:40:00.000+0000,999066.2598501998,353955.7653970395,999999.9999999999,999464.0187559606,630975.7871125609,1000000.0,1000000.0
2025-02-16T16:50:00.000+0000,999064.5347313998,353955.7653970395,999999.9999999999,999463.1533488405,630975.7871125609,1000000.0,1000000.0
2025-02-16T17:00:00.000+0000,999065.5122987198,353955.7653970395,999999.9999999999,999463.6437462086,630975.7871125609,1000000.0,1000000.0
2025-02-16T17:10:00.000+0000,999061.6020294398,353955.7653970395,999999.9999999999,999461.6821567366,630975.7871125609,1000000.0,1000000.0
2025-02-16T17:20:00.000+0000,999065.4547947597,353955.7653970395,999999.9999999999,999463.6148993046,630975.7871125609,1000000.0,1000000.0
2025-02-16T17:30:00.000+0000,999068.3299927597,353955.7653970395,999999.9999999999,999465.0572445046,630975.7871125609,1000000.0,1000000.0
2025-02-16T17:40:00.000+0000,999068.1574808798,353955.7653970395,999999.9999999999,999464.9707037926,630975.7871125609,1000000.0,1000000.0
2025-02-16T17:50:00.000+0000,999072.9303095598,353955.7653970395,999999.9999999999,999467.3649968245,630975.7871125609,1000000.0,1000000.0
2025-02-16T18:00:00.000+0000,999074.8854441998,353955.7653970395,999999.9999999999,999468.3457915606,630975.7871125609,1000000.0,1000000.0
2025-02-16T18:10:00.000+0000,999076.5530590398,353955.7653970395,999999.9999999999,999469.1823517766,630975.7871125609,1000000.0,1000000.0
2025-02-16T18:20:00.000+0000,999079.6007689198,353955.7653970395,999999.9999999999,999470.7112376885,630975.7871125609,1000000.0,1000000.0
2025-02-16T18:30:00.000+0000,999080.2908164398,353955.7653970395,999999.9999999999,999471.0574005366,630975.7871125609,1000000.0,1000000.0
2025-02-16T18:40:00.000+0000,999074.0803887598,353955.7653970395,999999.9999999999,999467.9419349045,630975.7871125609,1000000.0,1000000.0
2025-02-16T18:50:00.000+0000,999071.8952382798,353955.7653970395,999999.9999999999,999466.8457525526,630975.7871125609,1000000.0,1000000.0
2025-02-16T19:00:00.000+0000,999073.2753333198,353955.7653970395,999999.9999999999,999467.5380782486,630975.7871125609,1000000.0,1000000.0
2025-02-16T19:10:00.000+0000,999072.8728055998,353955.7653970395,999999.9999999999,999467.3361499206,630975.7871125609,1000000.0,1000000.0
2025-02-16T19:20:00.000+0000,999075.5179877598,353955.7653970395,999999.9999999999,999468.6631075046,630975.7871125609,1000000.0,1000000.0
2025-02-16T19:30:00.000+0000,999070.6301511598,353955.7653970395,999999.9999999999,999466.2111206646,630975.7871125609,1000000.0,1000000.0
2025-02-16T19:40:00.000+0000,999067.4099293998,353955.7653970395,999999.9999999999,999464.5956940405,630975.7871125609,1000000.0,1000000.0
2025-02-16T19:50:00.000+0000,999068.9050323598,353955.7653970395,999999.9999999999,999465.3457135446,630975.7871125609,1000000.0,1000000.0
2025-02-16T20:00:00.000+0000,999070.9751749198,353955.7653970395,999999.9999999999,999466.3842020886,630975.7871125609,1000000.0,1000000.0
2025-02-16T20:10:00.000+0000,999069.2500561198,353955.7653970395,999999.9999999999,999465.5187949686,630975.7871125609,1000000.0,1000000.0
2025-02-16T20:20:00.000+0000,999068.0424729598,353955.7653970395,999999.9999999999,999464.9130099845,630975.7871125609,1000000.0,1000000.0
2025-02-16T20:30:00.000+0000,999071.9527422398,353955.7653970395,999999.9999999999,999466.8745994566,630975.7871125609,1000000.0,1000000.0
2025-02-16T20:40:00.000+0000,999074.0228847997,353955.7653970395,999999.9999999999,999467.9130880006,630975.7871125609,1000000.0,1000000.0
2025-02-16T20:50:00.000+0000,999076.3230431998,353955.7653970395,999999.9999999999,999469.0669641605,630975.7871125609,1000000.0,1000000.0
2025-02-16T21:00:00.000+0000,999073.6778610398,353955.7653970395,999999.9999999999,999467.7400065766,630975.7871125609,1000000.0,1000000.0
2025-02-16T21:10:00.000+0000,999074.5979243998,353955.7653970395,999999.9999999999,999468.2015570406,630975.7871125609,1000000.0,1000000.0
2025-02-16T21:20:00.000+0000,999073.5628531198,353955.7653970395,999999.9999999999,999467.6823127685,630975.7871125609,1000000.0,1000000.0
2025-02-16T21:30:00.000+0000,999062.9821244798,353955.7653970395,999999.9999999999,999462.3744824326,630975.7871125609,1000000.0,1000000.0
2025-02-16T21:40:00.000+0000,999062.8671165598,353955.7653970395,999999.9999999999,999462.3167886246,630975.7871125609,1000000.0,1000000.0
2025-02-16T21:50:00.000+0000,999063.4421561598,353955.7653970395,999999.9999999999,999462.6052576646,630975.7871125609,1000000.0,1000000.0
2025-02-16T22:00:00.000+0000,999063.4996601198,353955.7653970395,999999.9999999999,999462.6341045686,630975.7871125609,1000000.0,1000000.0
2025-02-16T22:10:00.000+0000,999065.5122987198,353955.7653970395,999999.9999999999,999463.6437462086,630975.7871125609,1000000.0,1000000.0
2025-02-16T22:20:00.000+0000,999066.0873383197,353955.7653970395,999999.9999999999,999463.9322152486,630975.7871125609,1000000.0,1000000.0
2025-02-16T22:30:00.000+0000,999069.8250957198,353955.7653970395,999999.9999999999,999465.8072640086,630975.7871125609,1000000.0,1000000.0
2025-02-16T22:40:00.000+0000,999070.0551115598,353955.7653970395,999999.9999999999,999465.9226516245,630975.7871125609,1000000.0,1000000.0
2025-02-16T22:50:00.000+0000,999064.4772274398,353955.7653970395,999999.9999999999,999463.1245019366,630975.7871125609,1000000.0,1000000.0
2025-02-16T23:00:00.000+0000,999068.0424729598,353955.7653970395,999999.9999999999,999464.9130099845,630975.7871125609,1000000.0,1000000.0
2025-02-16T23:10:00.000+0000,999074.6554283598,353955.7653970395,999999.9999999999,999468.2304039446,630975.7871125609,1000000.0,1000000.0
2025-02-16T23:20:00.000+0000,999070.7451590798,353955.7653970395,999999.9999999999,999466.2688144726,630975.7871125609,1000000.0,1000000.0
2025-02-16T23:30:00.000+0000,999067.7549531598,353955.7653970395,999999.9999999999,999464.7687754646,630975.7871125609,1000000.0,1000000.0
2025-02-16T23:40:00.000+0000,999069.7675917598,353955.7653970395,999999.9999999999,999465.7784171046,630975.7871125609,1000000.0,1000000.0
2025-02-16T23:50:00.000+0000,999073.9078768798,353955.7653970395,999999.9999999999,999467.8553941926,630975.7871125609,1000000.0,1000000.0
2025-02-17T00:00:00.000+0000,999070.4001353198,353955.7653970395,999999.9999999999,999466.0957330486,630975.7871125609,1000000.0,1000000.0
2025-02-17T00:10:00.000+0000,999071.9527422398,353955.7653970395,999999.9999999999,999466.8745994566,630975.7871125609,1000000.0,1000000.0
2025-02-17T00:20:00.000+0000,999070.1701194798,353955.7653970395,999999.9999999999,999465.9803454325,630975.7871125609,1000000.0,1000000.0
2025-02-17T00:30:00.000+0000,999068.4450006798,353955.7653970395,999999.9999999999,999465.1149383126,630975.7871125609,1000000.0,1000000.0
2025-02-17T00:40:00.000+0000,999070.0551115598,353955.7653970395,999999.9999999999,999465.9226516245,630975.7871125609,1000000.0,1000000.0
2025-02-17T00:50:00.000+0000,999069.8250957198,353955.7653970395,999999.9999999999,999465.8072640086,630975.7871125609,1000000.0,1000000.0
2025-02-17T01:00:00.000+0000,999068.1574808798,353955.7653970395,999999.9999999999,999464.9707037926,630975.7871125609,1000000.0,1000000.0
2025-02-17T01:10:00.000+0000,999065.5698026798,353955.7653970395,999999.9999999999,999463.6725931126,630975.7871125609,1000000.0,1000000.0
2025-02-17T01:20:00.000+0000,999069.4800719598,353955.7653970395,999999.9999999999,999465.6341825846,630975.7871125609,1000000.0,1000000.0
2025-02-17T01:30:00.000+0000,999062.1770690398,353955.7653970395,999999.9999999999,999461.9706257766,630975.7871125609,1000000.0,1000000.0
2025-02-17T01:40:00.000+0000,999061.4295175598,353955.7653970395,999999.9999999999,999461.5956160246,630975.7871125609,1000000.0,1000000.0
2025-02-17T01:50:00.000+0000,999058.3818076798,353955.7653970395,999999.9999999999,999460.0667301125,630975.7871125609,1000000.0,1000000.0
2025-02-17T02:00:00.000+0000,999059.0143512398,353955.7653970395,999999.9999999999,999460.3840460565,630975.7871125609,1000000.0,1000000.0
2025-02-17T02:10:00.000+0000,999059.3593749998,353955.7653970395,999999.9999999999,999460.5571274806,630975.7871125609,1000000.0,1000000.0
2025-02-17T02:20:00.000+0000,999058.7268314398,353955.7653970395,999999.9999999999,999460.2398115366,630975.7871125609,1000000.0,1000000.0
2025-02-17T02:30:00.000+0000,999060.1069264798,353955.7653970395,999999.9999999999,999460.9321372326,630975.7871125609,1000000.0,1000000.0
2025-02-17T02:40:00.000+0000,999063.7871799198,353955.7653970395,999999.9999999999,999462.7783390885,630975.7871125609,1000000.0,1000000.0
2025-02-17T02:50:00.000+0000,999067.6974491999,353955.7653970395,999999.9999999999,999464.7399285606,630975.7871125609,1000000.0,1000000.0
2025-02-17T03:00:00.000+0000,999072.7002937198,353955.7653970395,999999.9999999999,999467.2496092085,630975.7871125609,1000000.0,1000000.0
2025-02-17T03:10:00.000+0000,999076.7830748798,353955.7653970395,999999.9999999999,999469.2977393926,630975.7871125609,1000000.0,1000000.0
2025-02-17T03:20:00.000+0000,999074.2529006398,353955.7653970395,999999.9999999999,999468.0284756166,630975.7871125609,1000000.0,1000000.0
2025-02-17T03:30:00.000+0000,999073.1028214399,353955.7653970395,999999.9999999999,999467.4515375366,630975.7871125609,1000000.0,1000000.0
2025-02-17T03:40:00.000+0000,999074.4829164798,353955.7653970395,999999.9999999999,999468.1438632326,630975.7871125609,1000000.0,1000000.0
2025-02-17T03:50:00.000+0000,999072.8153016398,353955.7653970395,999999.9999999999,999467.3073030165,630975.7871125609,1000000.0,1000000.0
2025-02-17T04:00:00.000+0000,999074.2529006398,353955.7653970395,999999.9999999999,999468.0284756166,630975.7871125609,1000000.0,1000000.0
2025-02-17T04:10:00.000+0000,999080.6933441598,353955.7653970395,999999.9999999999,999471.2593288646,630975.7871125609,1000000.0,1000000.0
2025-02-17T04:20:00.000+0000,999087.0187797598,353955.7653970395,999999.9999999999,999474.4324883046,630975.7871125609,1000000.0,1000000.0
2025-02-17T04:30:00.000+0000,999085.5811807598,353955.7653970395,999999.9999999999,999473.7113157046,630975.7871125609,1000000.0,1000000.0
2025-02-17T04:40:00.000+0000,999088.5138827198,353955.7653970395,999999.9999999999,999475.1825078086,630975.7871125609,1000000.0,1000000.0
2025-02-17T04:50:00.000+0000,999087.9963470798,353955.7653970395,999999.9999999999,999474.9228856725,630975.7871125609,1000000.0,1000000.0
2025-02-17T05:00:00.000+0000,999094.7243103998,353955.7653970395,999999.9999999999,999478.2979734406,630975.7871125609,1000000.0,1000000.0
2025-02-17T05:10:00.000+0000,999088.0538510398,353955.7653970395,999999.9999999999,999474.9517325766,630975.7871125609,1000000.0,1000000.0
2025-02-17T05:20:00.000+0000,999100.8197301598,353955.7653970395,999999.9999999999,999481.3557452646,630975.7871125609,1000000.0,1000000.0
2025-02-17T05:30:00.000+0000,999097.0244687998,353955.7653970395,999999.9999999999,999479.4518496005,630975.7871125609,1000000.0,1000000.0
2025-02-17T05:40:00.000+0000,999094.6668064398,353955.7653970395,999999.9999999999,999478.2691265366,630975.7871125609,1000000.0,1000000.0
2025-02-17T05:50:00.000+0000,999089.4914500398,353955.7653970395,999999.9999999999,999475.6729051765,630975.7871125609,1000000.0,1000000.0
2025-02-17T06:00:00.000+0000,999083.3960302798,353955.7653970395,999999.9999999999,999472.6151333526,630975.7871125609,1000000.0,1000000.0
2025-02-17T06:10:00.000+0000,999084.4886055198,353955.7653970395,999999.9999999999,999473.1632245285,630975.7871125609,1000000.0,1000000.0
2025-02-17T06:20:00.000+0000,999087.7663312398,353955.7653970395,999999.9999999999,999474.8074980566,630975.7871125609,1000000.0,1000000.0
2025-02-17T06:30:00.000+0000,999086.5012441198,353955.7653970395,999999.9999999999,999474.1728661685,630975.7871125609,1000000.0,1000000.0
2025-02-17T06:40:00.000+0000,999086.3862361998,353955.7653970395,999999.9999999999,999474.1151723606,630975.7871125609,1000000.0,1000000.0
2025-02-17T06:50:00.000+0000,999088.8014025198,353955.7653970395,999999.9999999999,999475.3267423286,630975.7871125609,1000000.0,1000000.0
2025-02-17T07:00:00.000+0000,999086.0412124398,353955.7653970395,999999.9999999999,999473.9420909366,630975.7871125609,1000000.0,1000000.0
2025-02-17T07:10:00.000+0000,999089.0889223198,353955.7653970395,999999.9999999999,999475.4709768486,630975.7871125609,1000000.0,1000000.0
2025-02-17T07:20:00.000+0000,999096.9094608797,353955.7653970395,999999.9999999999,999479.3941557925,630975.7871125609,1000000.0,1000000.0
2025-02-17T07:30:00.000+0000,999101.7397935198,353955.7653970395,999999.9999999999,999481.8172957286,630975.7871125609,1000000.0,1000000.0
2025-02-17T07:40:00.000+0000,999106.6851340798,353955.7653970395,999999.9999999999,999484.2981294725,630975.7871125609,1000000.0,1000000.0
2025-02-17T07:50:00.000+0000,999106.1675984398,353955.7653970395,999999.9999999999,999484.0385073366,630975.7871125609,1000000.0,1000000.0
2025-02-17T08:00:00.000+0000,999106.1100944798,353955.7653970395,999999.9999999999,999484.0096604326,630975.7871125609,1000000.0,1000000.0
2025-02-17T08:10:00.000+0000,999101.3372657998,353955.7653970395,999999.9999999999,999481.6153674006,630975.7871125609,1000000.0,1000000.0
2025-02-17T08:20:00.000+0000,999107.6051974398,353955.7653970395,999999.9999999999,999484.7596799366,630975.7871125609,1000000.0,1000000.0
2025-02-17T08:30:00.000+0000,999105.4200469598,353955.7653970395,999999.9999999999,999483.6634975846,630975.7871125609,1000000.0,1000000.0
2025-02-17T08:40:00.000+0000,999093.5742311998,353955.7653970395,999999.9999999999,999477.7210353606,630975.7871125609,1000000.0,1000000.0
2025-02-17T08:50:00.000+0000,999094.6668064398,353955.7653970395,999999.9999999999,999478.2691265366,630975.7871125609,1000000.0,1000000.0
2025-02-17T09:00:00.000+0000,999090.1239935998,353955.7653970395,999999.9999999999,999475.9902211205,630975.7871125609,1000000.0,1000000.0
2025-02-17T09:10:00.000+0000,999088.2838668798,353955.7653970395,999999.9999999999,999475.0671201926,630975.7871125609,1000000.0,1000000.0
2025-02-17T09:20:00.000+0000,999086.3287322398,353955.7653970395,999999.9999999999,999474.0863254566,630975.7871125609,1000000.0,1000000.0
2025-02-17T09:30:00.000+0000,999084.1435817598,353955.7653970395,999999.9999999999,999472.9901431046,630975.7871125609,1000000.0,1000000.0
2025-02-17T09:40:00.000+0000,999081.4408956398,353955.7653970395,999999.9999999999,999471.6343386166,630975.7871125609,1000000.0,1000000.0
2025-02-17T09:50:00.000+0000,999085.0061411598,353955.7653970395,999999.9999999999,999473.4228466646,630975.7871125609,1000000.0,1000000.0
2025-02-17T10:00:00.000+0000,999077.3006105198,353955.7653970395,999999.9999999999,999469.5573615286,630975.7871125609,1000000.0,1000000.0
2025-02-17T10:10:00.000+0000,999076.0930273598,353955.7653970395,999999.9999999999,999468.9515765446,630975.7871125609,1000000.0,1000000.0
2025-02-17T10:20:00.000+0000,999076.7255709198,353955.7653970395,999999.9999999999,999469.2688924886,630975.7871125609,1000000.0,1000000.0
2025-02-17T10:30:00.000+0000,999082.8784946398,353955.7653970395,999999.9999999999,999472.3555112166,630975.7871125609,1000000.0,1000000.0
2025-02-17T10:40:00.000+0000,999086.6737559998,353955.7653970395,999999.9999999999,999474.2594068806,630975.7871125609,1000000.0,1000000.0
2025-02-17T10:50:00.000+0000,999090.4115133998,353955.7653970395,999999.9999999999,999476.1344556406,630975.7871125609,1000000.0,1000000.0
2025-02-17T11:00:00.000+0000,999085.0636451198,353955.7653970395,999999.9999999999,999473.4516935686,630975.7871125609,1000000.0,1000000.0
2025-02-17T11:10:00.000+0000,999085.1211490798,353955.7653970395,999999.9999999999,999473.4805404725,630975.7871125609,1000000.0,1000000.0
2025-02-17T11:20:00.000+0000,999087.0762837199,353955.7653970395,999999.9999999999,999474.4613352086,630975.7871125609,1000000.0,1000000.0
2025-02-17T11:30:00.000+0000,999088.5138827198,353955.7653970395,999999.9999999999,999475.1825078086,630975.7871125609,1000000.0,1000000.0
2025-02-17T11:40:00.000+0000,999088.1688589598,353955.7653970395,999999.9999999999,999475.0094263846,630975.7871125609,1000000.0,1000000.0
2025-02-17T11:50:00.000+0000,999085.5811807598,353955.7653970395,999999.9999999999,999473.7113157046,630975.7871125609,1000000.0,1000000.0
2025-02-17T12:00:00.000+0000,999082.4184629598,353955.7653970395,999999.9999999999,999472.1247359846,630975.7871125609,1000000.0,1000000.0
2025-02-17T12:10:00.000+0000,999079.8307847598,353955.7653970395,999999.9999999999,999470.8266253045,630975.7871125609,1000000.0,1000000.0
2025-02-17T12:20:00.000+0000,999077.1280986398,353955.7653970395,999999.9999999999,999469.4708208166,630975.7871125609,1000000.0,1000000.0
2025-02-17T12:30:00.000+0000,999079.4282570397,353955.7653970395,999999.9999999999,999470.6246969766,630975.7871125609,1000000.0,1000000.0
2025-02-17T12:40:00.000+0000,999074.6554283598,353955.7653970395,999999.9999999999,999468.2304039446,630975.7871125609,1000000.0,1000000.0
2025-02-17T12:50:00.000+0000,999074.4254125198,353955.7653970395,999999.9999999999,999468.1150163286,630975.7871125609,1000000.0,1000000.0
2025-02-17T13:00:00.000+0000,999078.2781778398,353955.7653970395,999999.9999999999,999470.0477588966,630975.7871125609,1000000.0,1000000.0
2025-02-17T13:10:00.000+0000,999078.4506897198,353955.7653970395,999999.9999999999,999470.1342996085,630975.7871125609,1000000.0,1000000.0
2025-02-17T13:20:00.000+0000,999075.7480035998,353955.7653970395,999999.9999999999,999468.7784951206,630975.7871125609,1000000.0,1000000.0
2025-02-17T13:30:00.000+0000,999078.1056659598,353955.7653970395,999999.9999999999,999469.9612181846,630975.7871125609,1000000.0,1000000.0
2025-02-17T13:40:00.000+0000,999077.6456342798,353955.7653970395,999999.9999999999,999469.7304429526,630975.7871125609,1000000.0,1000000.0
2025-02-17T13:50:00.000+0000,999077.7031382398,353955.7653970395,999999.9999999999,999469.7592898565,630975.7871125609,1000000.0,1000000.0
2025-02-17T14:00:00.000+0000,999067.5249373198,353955.7653970395,999999.9999999999,999464.6533878486,630975.7871125609,1000000.0,1000000.0
2025-02-17T14:10:00.000+0000,999057.6342561998,353955.7653970395,999999.9999999999,999459.6917203605,630975.7871125609,1000000.0,1000000.0
2025-02-17T14:20:00.000+0000,999060.8544779598,353955.7653970395,999999.9999999999,999461.3071469846,630975.7871125609,1000000.0,1000000.0
2025-02-17T14:30:00.000+0000,999061.6595333999,353955.7653970395,999999.9999999999,999461.7110036406,630975.7871125609,1000000.0,1000000.0
2025-02-17T14:40:00.000+0000,999064.2472115998,353955.7653970395,999999.9999999999,999463.0091143206,630975.7871125609,1000000.0,1000000.0
2025-02-17T14:50:00.000+0000,999062.8096125998,353955.7653970395,999999.9999999999,999462.2879417206,630975.7871125609,1000000.0,1000000.0
2025-02-17T15:00:00.000+0000,999060.6819660797,353955.7653970395,999999.9999999999,999461.2206062726,630975.7871125609,1000000.0,1000000.0
2025-02-17T15:10:00.000+0000,999070.5726471998,353955.7653970395,999999.9999999999,999466.1822737606,630975.7871125609,1000000.0,1000000.0
2025-02-17T15:20:00.000+0000,999067.6399452398,353955.7653970395,999999.9999999999,999464.7110816566,630975.7871125609,1000000.0,1000000.0
2025-02-17T15:30:00.000+0000,999075.9780194398,353955.7653970395,999999.9999999999,999468.8938827366,630975.7871125609,1000000.0,1000000.0
2025-02-17T15:40:00.000+0000,999086.9037718398,353955.7653970395,999999.9999999999,999474.3747944966,630975.7871125609,1000000.0,1000000.0
2025-02-17T15:50:00.000+0000,999096.3919252398,353955.7653970395,999999.9999999999,999479.1345336565,630975.7871125609,1000000.0,1000000.0
2025-02-17T16:00:00.000+0000,999098.6345796798,353955.7653970395,999999.9999999999,999480.2595629126,630975.7871125609,1000000.0,1000000.0
2025-02-17T16:10:00.000+0000,999106.2251023998,353955.7653970395,999999.9999999999,999484.0673542406,630975.7871125609,1000000.0,1000000.0
2025-02-17T16:20:00.000+0000,999108.2377409998,353955.7653970395,999999.9999999999,999485.0769958806,630975.7871125609,1000000.0,1000000.0
2025-02-17T16:30:00.000+0000,999114.4481686798,353955.7653970395,999999.9999999999,999488.1924615126,630975.7871125609,1000000.0,1000000.0
2025-02-17T16:40:00.000+0000,999120.6010923998,353955.7653970395,999999.9999999999,999491.2790802406,630975.7871125609,1000000.0,1000000.0
2025-02-17T16:50:00.000+0000,999118.8759735998,353955.7653970395,999999.9999999999,999490.4136731206,630975.7871125609,1000000.0,1000000.0
2025-02-17T17:00:00.000+0000,999117.5533825197,353955.7653970395,999999.9999999999,999489.7501943286,630975.7871125609,1000000.0,1000000.0
2025-02-17T17:10:00.000+0000,999110.7104112798,353955.7653970395,999999.9999999999,999486.3174127525,630975.7871125609,1000000.0,1000000.0
2025-02-17T17:20:00.000+0000,999114.5056726398,353955.7653970395,999999.9999999999,999488.2213084166,630975.7871125609,1000000.0,1000000.0
2025-02-17T17:30:00.000+0000,999113.3555934398,353955.7653970395,999999.9999999999,999487.6443703366,630975.7871125609,1000000.0,1000000.0
2025-02-17T17:40:00.000+0000,999111.6304746398,353955.7653970395,999999.9999999999,999486.7789632166,630975.7871125609,1000000.0,1000000.0
2025-02-17T17:50:00.000+0000,999111.9754983998,353955.7653970395,999999.9999999999,999486.9520446406,630975.7871125609,1000000.0,1000000.0
2025-02-17T18:00:00.000+0000,999124.8563854398,353955.7653970395,999999.9999999999,999493.4137511366,630975.7871125609,1000000.0,1000000.0
2025-02-17T18:10:00.000+0000,999122.4987230798,353955.7653970395,999999.9999999999,999492.2310280725,630975.7871125609,1000000.0,1000000.0
2025-02-17T18:20:00.000+0000,999124.1088339598,353955.7653970395,999999.9999999999,999493.0387413846,630975.7871125609,1000000.0,1000000.0
2025-02-17T18:30:00.000+0000,999132.6769239998,353955.7653970395,999999.9999999999,999497.3369300805,630975.7871125609,1000000.0,1000000.0
2025-02-17T18:40:00.000+0000,999133.8845071598,353955.7653970395,999999.9999999999,999497.9427150646,630975.7871125609,1000000.0,1000000.0
2025-02-17T18:50:00.000+0000,999134.3445388398,353955.7653970395,999999.9999999999,999498.1734902966,630975.7871125609,1000000.0,1000000.0
2025-02-17T19:00:00.000+0000,999131.1818210398,353955.7653970395,999999.9999999999,999496.5869105766,630975.7871125609,1000000.0,1000000.0
2025-02-17T19:10:00.000+0000,999131.4693408398,353955.7653970395,999999.9999999999,999496.7311450966,630975.7871125609,1000000.0,1000000.0
2025-02-17T19:20:00.000+0000,999128.0766071999,353955.7653970395,999999.9999999999,999495.0291777606,630975.7871125609,1000000.0,1000000.0
2025-02-17T19:30:00.000+0000,999125.3164171198,353955.7653970395,999999.9999999999,999493.6445263686,630975.7871125609,1000000.0,1000000.0
2025-02-17T19:40:00.000+0000,999124.4538577198,353955.7653970395,999999.9999999999,999493.2118228086,630975.7871125609,1000000.0,1000000.0
2025-02-17T19:50:00.000+0000,999124.0513299998,353955.7653970395,999999.9999999999,999493.0098944806,630975.7871125609,1000000.0,1000000.0
2025-02-17T20:00:00.000+0000,999119.9110448798,353955.7653970395,999999.9999999999,999490.9329173926,630975.7871125609,1000000.0,1000000.0
2025-02-17T20:10:00.000+0000,999119.2785013198,353955.7653970395,999999.9999999999,999490.6156014486,630975.7871125609,1000000.0,1000000.0
2025-02-17T20:20:00.000+0000,999116.6333191599,353955.7653970395,999999.9999999999,999489.2886438646,630975.7871125609,1000000.0,1000000.0
2025-02-17T20:30:00.000+0000,999119.5660211198,353955.7653970395,999999.9999999999,999490.7598359686,630975.7871125609,1000000.0,1000000.0
2025-02-17T20:40:00.000+0000,999117.0358468798,353955.7653970395,999999.9999999999,999489.4905721926,630975.7871125609,1000000.0,1000000.0
2025-02-17T20:50:00.000+0000,999119.7385329998,353955.7653970395,999999.9999999999,999490.8463766805,630975.7871125609,1000000.0,1000000.0
2025-02-17T21:00:00.000+0000,999119.6810290398,353955.7653970395,999999.9999999999,999490.8175297766,630975.7871125609,1000000.0,1000000.0
2025-02-17T21:10:00.000+0000,999118.7034617198,353955.7653970395,999999.9999999999,999490.3271324086,630975.7871125609,1000000.0,1000000.0
2025-02-17T21:20:00.000+0000,999109.6178360397,353955.7653970395,999999.9999999999,999485.7693215766,630975.7871125609,1000000.0,1000000.0
2025-02-17T21:30:00.000+0000,999108.1227330798,353955.7653970395,999999.9999999999,999485.0193020726,630975.7871125609,1000000.0,1000000.0
2025-02-17T21:40:00.000+0000,999109.5028281198,353955.7653970395,999999.9999999999,999485.7116277686,630975.7871125609,1000000.0,1000000.0
2025-02-17T21:50:00.000+0000,999100.5897143198,353955.7653970395,999999.9999999999,999481.2403576486,630975.7871125609,1000000.0,1000000.0
2025-02-17T22:00:00.000+0000,999102.0273133198,353955.7653970395,999999.9999999999,999481.9615302486,630975.7871125609,1000000.0,1000000.0
2025-02-17T22:10:00.000+0000,999102.4298410398,353955.7653970395,999999.9999999999,999482.1634585765,630975.7871125609,1000000.0,1000000.0
2025-02-17T22:20:00.000+0000,999102.3148331197,353955.7653970395,999999.9999999999,999482.1057647686,630975.7871125609,1000000.0,1000000.0
2025-02-17T22:30:00.000+0000,999105.6500627998,353955.7653970395,999999.9999999999,999483.7788852006,630975.7871125609,1000000.0,1000000.0
2025-02-17T22:40:00.000+0000,999109.5603320798,353955.7653970395,999999.9999999999,999485.7404746726,630975.7871125609,1000000.0,1000000.0
2025-02-17T22:50:00.000+0000,999114.9082003598,353955.7653970395,999999.9999999999,999488.4232367446,630975.7871125609,1000000.0,1000000.0
2025-02-17T23:00:00.000+0000,999111.8029865198,353955.7653970395,999999.9999999999,999486.8655039286,630975.7871125609,1000000.0,1000000.0
2025-02-17T23:10:00.000+0000,999112.6080419598,353955.7653970395,999999.9999999999,999487.2693605846,630975.7871125609,1000000.0,1000000.0
2025-02-17T23:20:00.000+0000,999115.7707597598,353955.7653970395,999999.9999999999,999488.8559403046,630975.7871125609,1000000.0,1000000.0
2025-02-17T23:30:00.000+0000,999116.8633349998,353955.7653970395,999999.9999999999,999489.4040314805,630975.7871125609,1000000.0,1000000.0
2025-02-17T23:40:00.000+0000,999118.6459577598,353955.7653970395,999999.9999999999,999490.2982855046,630975.7871125609,1000000.0,1000000.0
2025-02-17T23:50:00.000+0000,999116.7483270798,353955.7653970395,999999.9999999999,999489.3463376726,630975.7871125609,1000000.0,1000000.0
2025-02-18T00:00:00.000+0000,999111.6879785998,353955.7653970395,999999.9999999999,999486.8078101206,630975.7871125609,1000000.0,1000000.0
2025-02-18T00:10:00.000+0000,999115.0232082797,353955.7653970395,999999.9999999999,999488.4809305526,630975.7871125609,1000000.0,1000000.0
2025-02-18T00:20:00.000+0000,999121.5786597198,353955.7653970395,999999.9999999999,999491.7694776086,630975.7871125609,1000000.0,1000000.0
2025-02-18T00:30:00.000+0000,999123.4187864398,353955.7653970395,999999.9999999999,999492.6925785366,630975.7871125609,1000000.0,1000000.0
2025-02-18T00:40:00.000+0000,999120.0260527998,353955.7653970395,999999.9999999999,999490.9906112006,630975.7871125609,1000000.0,1000000.0
2025-02-18T00:50:00.000+0000,999121.2911399198,353955.7653970395,999999.9999999999,999491.6252430886,630975.7871125609,1000000.0,1000000.0
2025-02-18T01:00:00.000+0000,999120.8886121998,353955.7653970395,999999.9999999999,999491.4233147606,630975.7871125609,1000000.0,1000000.0
2025-02-18T01:10:00.000+0000,999118.6459577598,353955.7653970395,999999.9999999999,999490.2982855046,630975.7871125609,1000000.0,1000000.0
2025-02-18T01:20:00.000+0000,999118.1284221198,353955.7653970395,999999.9999999999,999490.0386633686,630975.7871125609,1000000.0,1000000.0
2025-02-18T01:30:00.000+0000,999116.6333191599,353955.7653970395,999999.9999999999,999489.2886438646,630975.7871125609,1000000.0,1000000.0
2025-02-18T01:40:00.000+0000,999115.4257359998,353955.7653970395,999999.9999999999,999488.6828588806,630975.7871125609,1000000.0,1000000.0
2025-02-18T01:50:00.000+0000,999111.1129389998,353955.7653970395,999999.9999999999,999486.5193410806,630975.7871125609,1000000.0,1000000.0
2025-02-18T02:00:00.000+0000,999109.0427964398,353955.7653970395,999999.9999999999,999485.4808525366,630975.7871125609,1000000.0,1000000.0
2025-02-18T02:10:00.000+0000,999116.5758151998,353955.7653970395,999999.9999999999,999489.2597969606,630975.7871125609,1000000.0,1000000.0
2025-02-18T02:20:00.000+0000,999115.7132557998,353955.7653970395,999999.9999999999,999488.8270934006,630975.7871125609,1000000.0,1000000.0
2025-02-18T02:30:00.000+0000,999115.9432716398,353955.7653970395,999999.9999999999,999488.9424810166,630975.7871125609,1000000.0,1000000.0
2025-02-18T02:40:00.000+0000,999117.4383745998,353955.7653970395,999999.9999999999,999489.6925005206,630975.7871125609,1000000.0,1000000.0
2025-02-18T02:50:00.000+0000,999118.0134141998,353955.7653970395,999999.9999999999,999489.9809695606,630975.7871125609,1000000.0,1000000.0
2025-02-18T03:00:00.000+0000,999118.3584379598,353955.7653970395,999999.9999999999,999490.1540509845,630975.7871125609,1000000.0,1000000.0
2025-02-18T03:10:00.000+0000,999118.1284221198,353955.7653970395,999999.9999999999,999490.0386633686,630975.7871125609,1000000.0,1000000.0
2025-02-18T03:20:00.000+0000,999121.2911399198,353955.7653970395,999999.9999999999,999491.6252430886,630975.7871125609,1000000.0,1000000.0
2025-02-18T03:30:00.000+0000,999115.8857676798,353955.7653970395,999999.9999999999,999488.9136341126,630975.7871125609,1000000.0,1000000.0
2025-02-18T03:40:00.000+0000,999118.8759735998,353955.7653970395,999999.9999999999,999490.4136731206,630975.7871125609,1000000.0,1000000.0
2025-02-18T03:50:00.000+0000,999119.6810290398,353955.7653970395,999999.9999999999,999490.8175297766,630975.7871125609,1000000.0,1000000.0
2025-02-18T04:00:00.000+0000,999118.9909815198,353955.7653970395,999999.9999999999,999490.4713669285,630975.7871125609,1000000.0,1000000.0
2025-02-18T04:10:00.000+0000,999121.1761319998,353955.7653970395,999999.9999999999,999491.5675492806,630975.7871125609,1000000.0,1000000.0
2025-02-18T04:20:00.000+0000,999126.4664963197,353955.7653970395,999999.9999999999,999494.2214644486,630975.7871125609,1000000.0,1000000.0
2025-02-18T04:30:00.000+0000,999125.7764487998,353955.7653970395,999999.9999999999,999493.8753016006,630975.7871125609,1000000.0,1000000.0
2025-02-18T04:40:00.000+0000,999123.5912983197,353955.7653970395,999999.9999999999,999492.7791192486,630975.7871125609,1000000.0,1000000.0
2025-02-18T04:50:00.000+0000,999128.7666547198,353955.7653970395,999999.9999999999,999495.3753406085,630975.7871125609,1000000.0,1000000.0
2025-02-18T05:00:00.000+0000,999129.2841903598,353955.7653970395,999999.9999999999,999495.6349627445,630975.7871125609,1000000.0,1000000.0
2025-02-18T05:10:00.000+0000,999132.3319002398,353955.7653970395,999999.9999999999,999497.1638486566,630975.7871125609,1000000.0,1000000.0
2025-02-18T05:20:00.000+0000,999141.3025179998,353955.7653970395,999999.9999999999,999501.6639656806,630975.7871125609,1000000.0,1000000.0
2025-02-18T05:30:00.000+0000,999142.0500694799,353955.7653970395,999999.9999999999,999502.0389754326,630975.7871125609,1000000.0,1000000.0
2025-02-18T05:40:00.000+0000,999142.2800853198,353955.7653970395,999999.9999999999,999502.1543630486,630975.7871125609,1000000.0,1000000.0
2025-02-18T05:50:00.000+0000,999145.2702912398,353955.7653970395,999999.9999999999,999503.6544020566,630975.7871125609,1000000.0,1000000.0
2025-02-18T06:00:00.000+0000,999149.8706080398,353955.7653970395,999999.9999999999,999505.9621543766,630975.7871125609,1000000.0,1000000.0
2025-02-18T06:10:00.000+0000,999159.3587614398,353955.7653970395,999999.9999999999,999510.7218935366,630975.7871125609,1000000.0,1000000.0
2025-02-18T06:20:00.000+0000,999157.1736109598,353955.7653970395,999999.9999999999,999509.6257111846,630975.7871125609,1000000.0,1000000.0
2025-02-18T06:30:00.000+0000,999162.5214792398,353955.7653970395,999999.9999999999,999512.3084732565,630975.7871125609,1000000.0,1000000.0
2025-02-18T06:40:00.000+0000,999163.6140544798,353955.7653970395,999999.9999999999,999512.8565644326,630975.7871125609,1000000.0,1000000.0
2025-02-18T06:50:00.000+0000,999170.7445455198,353955.7653970395,999999.9999999999,999516.4335805286,630975.7871125609,1000000.0,1000000.0
2025-02-18T07:00:00.000+0000,999169.1919385998,353955.7653970395,999999.9999999999,999515.6547141206,630975.7871125609,1000000.0,1000000.0
2025-02-18T07:10:00.000+0000,999165.2241653597,353955.7653970395,999999.9999999999,999513.6642777446,630975.7871125609,1000000.0,1000000.0
2025-02-18T07:20:00.000+0000,999159.0712416398,353955.7653970395,999999.9999999999,999510.5776590166,630975.7871125609,1000000.0,1000000.0
2025-02-18T07:30:00.000+0000,999154.8734525598,353955.7653970395,999999.9999999999,999508.4718350245,630975.7871125609,1000000.0,1000000.0
2025-02-18T07:40:00.000+0000,999155.7360119598,353955.7653970395,999999.9999999999,999508.9045385846,630975.7871125609,1000000.0,1000000.0
2025-02-18T07:50:00.000+0000,999160.3938327198,353955.7653970395,999999.9999999999,999511.2411378085,630975.7871125609,1000000.0,1000000.0
2025-02-18T08:00:00.000+0000,999160.1638168799,353955.7653970395,999999.9999999999,999511.1257501926,630975.7871125609,1000000.0,1000000.0
2025-02-18T08:10:00.000+0000,999163.2690307198,353955.7653970395,999999.9999999999,999512.6834830085,630975.7871125609,1000000.0,1000000.0
2025-02-18T08:20:00.000+0000,999157.5186347198,353955.7653970395,999999.9999999999,999509.7987926085,630975.7871125609,1000000.0,1000000.0
2025-02-18T08:30:00.000+0000,999156.7710832398,353955.7653970395,999999.9999999999,999509.4237828566,630975.7871125609,1000000.0,1000000.0
2025-02-18T08:40:00.000+0000,999163.7865663598,353955.7653970395,999999.9999999999,999512.9431051445,630975.7871125609,1000000.0,1000000.0
2025-02-18T08:50:00.000+0000,999167.3518118798,353955.7653970395,999999.9999999999,999514.7316131926,630975.7871125609,1000000.0,1000000.0
2025-02-18T09:00:00.000+0000,999165.4541811998,353955.7653970395,999999.9999999999,999513.7796653606,630975.7871125609,1000000.0,1000000.0
2025-02-18T09:10:00.000+0000,999156.8860911598,353955.7653970395,999999.9999999999,999509.4814766645,630975.7871125609,1000000.0,1000000.0
2025-02-18T09:20:00.000+0000,999150.2156317998,353955.7653970395,999999.9999999999,999506.1352358006,630975.7871125609,1000000.0,1000000.0
2025-02-18T09:30:00.000+0000,999150.2731357598,353955.7653970395,999999.9999999999,999506.1640827046,630975.7871125609,1000000.0,1000000.0
2025-02-18T09:40:00.000+0000,999152.9183179198,353955.7653970395,999999.9999999999,999507.4910402886,630975.7871125609,1000000.0,1000000.0
2025-02-18T09:50:00.000+0000,999146.5353783598,353955.7653970395,999999.9999999999,999504.2890339446,630975.7871125609,1000000.0,1000000.0
2025-02-18T10:00:00.000+0000,999144.6952516398,353955.7653970395,999999.9999999999,999503.3659330166,630975.7871125609,1000000.0,1000000.0
2025-02-18T10:10:00.000+0000,999149.7556001198,353955.7653970395,999999.9999999999,999505.9044605686,630975.7871125609,1000000.0,1000000.0
2025-02-18T10:20:00.000+0000,999149.4680803198,353955.7653970395,999999.9999999999,999505.7602260485,630975.7871125609,1000000.0,1000000.0
2025-02-18T10:30:00.000+0000,999148.5480169598,353955.7653970395,999999.9999999999,999505.2986755846,630975.7871125609,1000000.0,1000000.0
2025-02-18T10:40:00.000+0000,999145.8453308397,353955.7653970395,999999.9999999999,999503.9428710965,630975.7871125609,1000000.0,1000000.0
2025-02-18T10:50:00.000+0000,999151.0206872398,353955.7653970395,999999.9999999999,999506.5390924566,630975.7871125609,1000000.0,1000000.0
2025-02-18T11:00:00.000+0000,999153.6083654398,353955.7653970395,999999.9999999999,999507.8372031365,630975.7871125609,1000000.0,1000000.0
2025-02-18T11:10:00.000+0000,999153.6083654398,353955.7653970395,999999.9999999999,999507.8372031365,630975.7871125609,1000000.0,1000000.0
2025-02-18T11:20:00.000+0000,999156.3110515598,353955.7653970395,999999.9999999999,999509.1930076246,630975.7871125609,1000000.0,1000000.0
2025-02-18T11:30:00.000+0000,999154.1834050398,353955.7653970395,999999.9999999999,999508.1256721766,630975.7871125609,1000000.0,1000000.0
2025-02-18T11:40:00.000+0000,999156.5985713598,353955.7653970395,999999.9999999999,999509.3372421446,630975.7871125609,1000000.0,1000000.0
2025-02-18T11:50:00.000+0000,999156.5410673998,353955.7653970395,999999.9999999999,999509.3083952406,630975.7871125609,1000000.0,1000000.0
2025-02-18T12:00:00.000+0000,999153.0333258398,353955.7653970395,999999.9999999999,999507.5487340966,630975.7871125609,1000000.0,1000000.0
2025-02-18T12:10:00.000+0000,999150.8481753598,353955.7653970395,999999.9999999999,999506.4525517445,630975.7871125609,1000000.0,1000000.0
2025-02-18T12:20:00.000+0000,999148.4905129998,353955.7653970395,999999.9999999999,999505.2698286806,630975.7871125609,1000000.0,1000000.0
2025-02-18T12:30:00.000+0000,999139.1748714797,353955.7653970395,999999.9999999999,999500.5966302326,630975.7871125609,1000000.0,1000000.0
2025-02-18T12:40:00.000+0000,999139.2323754398,353955.7653970395,999999.9999999999,999500.6254771366,630975.7871125609,1000000.0,1000000.0
2025-02-18T12:50:00.000+0000,999143.1426447198,353955.7653970395,999999.9999999999,999502.5870666086,630975.7871125609,1000000.0,1000000.0
2025-02-18T13:00:00.000+0000,999142.7976209598,353955.7653970395,999999.9999999999,999502.4139851846,630975.7871125609,1000000.0,1000000.0
2025-02-18T13:10:00.000+0000,999144.3502278798,353955.7653970395,999999.9999999999,999503.1928515926,630975.7871125609,1000000.0,1000000.0
2025-02-18T13:20:00.000+0000,999145.2702912398,353955.7653970395,999999.9999999999,999503.6544020566,630975.7871125609,1000000.0,1000000.0
2025-02-18T13:30:00.000+0000,999143.9477001597,353955.7653970395,999999.9999999999,999502.9909232645,630975.7871125609,1000000.0,1000000.0
2025-02-18T13:40:00.000+0000,999141.0725021597,353955.7653970395,999999.9999999999,999501.5485780645,630975.7871125609,1000000.0,1000000.0
2025-02-18T13:50:00.000+0000,999141.8775575998,353955.7653970395,999999.9999999999,999501.9524347206,630975.7871125609,1000000.0,1000000.0
2025-02-18T14:00:00.000+0000,999138.7148397998,353955.7653970395,999999.9999999999,999500.3658550006,630975.7871125609,1000000.0,1000000.0
2025-02-18T14:10:00.000+0000,999137.1622328798,353955.7653970395,999999.9999999999,999499.5869885926,630975.7871125609,1000000.0,1000000.0
2025-02-18T14:20:00.000+0000,999132.2743962798,353955.7653970395,999999.9999999999,999497.1350017526,630975.7871125609,1000000.0,1000000.0
2025-02-18T14:30:00.000+0000,999137.3347447598,353955.7653970395,999999.9999999999,999499.6735293046,630975.7871125609,1000000.0,1000000.0
2025-02-18T14:40:00.000+0000,999149.7556001198,353955.7653970395,999999.9999999999,999505.9044605686,630975.7871125609,1000000.0,1000000.0
2025-02-18T14:50:00.000+0000,999156.4260594798,353955.7653970395,999999.9999999999,999509.2507014326,630975.7871125609,1000000.0,1000000.0
2025-02-18T15:00:00.000+0000,999159.7037851998,353955.7653970395,999999.9999999999,999510.8949749606,630975.7871125609,1000000.0,1000000.0
2025-02-18T15:10:00.000+0000,999160.9688723198,353955.7653970395,999999.9999999999,999511.5296068486,630975.7871125609,1000000.0,1000000.0
2025-02-18T15:20:00.000+0000,999169.5944663198,353955.7653970395,999999.9999999999,999515.8566424486,630975.7871125609,1000000.0,1000000.0
2025-02-18T15:30:00.000+0000,999170.2270098798,353955.7653970395,999999.9999999999,999516.1739583926,630975.7871125609,1000000.0,1000000.0
2025-02-18T15:40:00.000+0000,999167.8118435598,353955.7653970395,999999.9999999999,999514.9623884246,630975.7871125609,1000000.0,1000000.0
2025-02-18T15:50:00.000+0000,999179.7726672398,353955.7653970395,999999.9999999999,999520.9625444566,630975.7871125609,1000000.0,1000000.0
2025-02-18T16:00:00.000+0000,999177.7025246798,353955.7653970395,999999.9999999999,999519.9240559125,630975.7871125609,1000000.0,1000000.0
2025-02-18T16:10:00.000+0000,999173.3322237198,353955.7653970395,999999.9999999999,999517.7316912086,630975.7871125609,1000000.0,1000000.0
2025-02-18T16:20:00.000+0000,999179.0251157598,353955.7653970395,999999.9999999999,999520.5875347046,630975.7871125609,1000000.0,1000000.0
2025-02-18T16:30:00.000+0000,999186.4431265998,353955.7653970395,999999.9999999999,999524.3087853206,630975.7871125609,1000000.0,1000000.0
2025-02-18T16:40:00.000+0000,999196.8513433598,353955.7653970395,999999.9999999999,999529.5300749446,630975.7871125609,1000000.0,1000000.0
2025-02-18T16:50:00.000+0000,999192.8260661598,353955.7653970395,999999.9999999999,999527.5107916646,630975.7871125609,1000000.0,1000000.0
2025-02-18T17:00:00.000+0000,999194.4361770398,353955.7653970395,999999.9999999999,999528.3185049766,630975.7871125609,1000000.0,1000000.0
2025-02-18T17:10:00.000+0000,999193.1710899197,353955.7653970395,999999.9999999999,999527.6838730886,630975.7871125609,1000000.0,1000000.0
2025-02-18T17:20:00.000+0000,999195.0112166398,353955.7653970395,999999.9999999999,999528.6069740166,630975.7871125609,1000000.0,1000000.0
2025-02-18T17:30:00.000+0000,999200.5891007598,353955.7653970395,999999.9999999999,999531.4051237046,630975.7871125609,1000000.0,1000000.0
2025-02-18T17:40:00.000+0000,999195.1837285198,353955.7653970395,999999.9999999999,999528.6935147286,630975.7871125609,1000000.0,1000000.0
2025-02-18T17:50:00.000+0000,999189.6058443998,353955.7653970395,999999.9999999999,999525.8953650406,630975.7871125609,1000000.0,1000000.0
2025-02-18T18:00:00.000+0000,999184.0854642398,353955.7653970395,999999.9999999999,999523.1260622566,630975.7871125609,1000000.0,1000000.0
2025-02-18T18:10:00.000+0000,999182.0153216798,353955.7653970395,999999.9999999999,999522.0875737126,630975.7871125609,1000000.0,1000000.0
2025-02-18T18:20:00.000+0000,999177.1274850798,353955.7653970395,999999.9999999999,999519.6355868726,630975.7871125609,1000000.0,1000000.0
2025-02-18T18:30:00.000+0000,999180.0601870398,353955.7653970395,999999.9999999999,999521.1067789766,630975.7871125609,1000000.0,1000000.0
2025-02-18T18:40:00.000+0000,999176.9549731998,353955.7653970395,999999.9999999999,999519.5490461605,630975.7871125609,1000000.0,1000000.0
2025-02-18T18:50:00.000+0000,999172.8146880798,353955.7653970395,999999.9999999999,999517.4720690725,630975.7871125609,1000000.0,1000000.0
2025-02-18T19:00:00.000+0000,999180.5202187198,353955.7653970395,999999.9999999999,999521.3375542086,630975.7871125609,1000000.0,1000000.0
2025-02-18T19:10:00.000+0000,999177.5300127998,353955.7653970395,999999.9999999999,999519.8375152006,630975.7871125609,1000000.0,1000000.0
2025-02-18T19:20:00.000+0000,999181.2677701998,353955.7653970395,999999.9999999999,999521.7125639606,630975.7871125609,1000000.0,1000000.0
2025-02-18T19:30:00.000+0000,999183.7979444398,353955.7653970395,999999.9999999999,999522.9818277366,630975.7871125609,1000000.0,1000000.0
2025-02-18T19:40:00.000+0000,999174.4247989597,353955.7653970395,999999.9999999999,999518.2797823846,630975.7871125609,1000000.0,1000000.0
2025-02-18T19:50:00.000+0000,999174.1372791599,353955.7653970395,999999.9999999999,999518.1355478646,630975.7871125609,1000000.0,1000000.0
2025-02-18T20:00:00.000+0000,999180.2326989198,353955.7653970395,999999.9999999999,999521.1933196886,630975.7871125609,1000000.0,1000000.0
2025-02-18T20:10:00.000+0000,999176.3224296398,353955.7653970395,999999.9999999999,999519.2317302165,630975.7871125609,1000000.0,1000000.0
2025-02-18T20:20:00.000+0000,999177.6450207199,353955.7653970395,999999.9999999999,999519.8952090086,630975.7871125609,1000000.0,1000000.0
2025-02-18T20:30:00.000+0000,999180.8077385197,353955.7653970395,999999.9999999999,999521.4817887286,630975.7871125609,1000000.0,1000000.0
2025-02-18T20:40:00.000+0000,999185.2930473998,353955.7653970395,999999.9999999999,999523.7318472406,630975.7871125609,1000000.0,1000000.0
2025-02-18T20:50:00.000+0000,999181.2677701998,353955.7653970395,999999.9999999999,999521.7125639606,630975.7871125609,1000000.0,1000000.0
2025-02-18T21:00:00.000+0000,999170.3995217598,353955.7653970395,999999.9999999999,999516.2604991046,630975.7871125609,1000000.0,1000000.0
2025-02-18T21:10:00.000+0000,999171.2045771998,353955.7653970395,999999.9999999999,999516.6643557606,630975.7871125609,1000000.0,1000000.0
2025-02-18T21:20:00.000+0000,999165.7417009998,353955.7653970395,999999.9999999999,999513.9238998806,630975.7871125609,1000000.0,1000000.0
2025-02-18T21:30:00.000+0000,999166.3167405998,353955.7653970395,999999.9999999999,999514.2123689206,630975.7871125609,1000000.0,1000000.0
2025-02-18T21:40:00.000+0000,999171.8946247197,353955.7653970395,999999.9999999999,999517.0105186086,630975.7871125609,1000000.0,1000000.0
2025-02-18T21:50:00.000+0000,999172.6421761998,353955.7653970395,999999.9999999999,999517.3855283606,630975.7871125609,1000000.0,1000000.0
2025-02-18T22:00:00.000+0000,999171.5496009598,353955.7653970395,999999.9999999999,999516.8374371846,630975.7871125609,1000000.0,1000000.0
2025-02-18T22:10:00.000+0000,999170.6870415598,353955.7653970395,999999.9999999999,999516.4047336245,630975.7871125609,1000000.0,1000000.0
2025-02-18T22:20:00.000+0000,999164.3041019998,353955.7653970395,999999.9999999999,999513.2027272806,630975.7871125609,1000000.0,1000000.0
2025-02-18T22:30:00.000+0000,999161.8314317198,353955.7653970395,999999.9999999999,999511.9623104086,630975.7871125609,1000000.0,1000000.0
2025-02-18T22:40:00.000+0000,999167.6968356398,353955.7653970395,999999.9999999999,999514.9046946166,630975.7871125609,1000000.0,1000000.0
2025-02-18T22:50:00.000+0000,999168.8469148398,353955.7653970395,999999.9999999999,999515.4816326966,630975.7871125609,1000000.0,1000000.0
2025-02-18T23:00:00.000+0000,999166.0292207998,353955.7653970395,999999.9999999999,999514.0681344005,630975.7871125609,1000000.0,1000000.0
2025-02-18T23:10:00.000+0000,999162.6364871598,353955.7653970395,999999.9999999999,999512.3661670646,630975.7871125609,1000000.0,1000000.0
2025-02-18T23:20:00.000+0000,999159.8762970798,353955.7653970395,999999.9999999999,999510.9815156726,630975.7871125609,1000000.0,1000000.0
2025-02-18T23:30:00.000+0000,999158.4962020398,353955.7653970395,999999.9999999999,999510.2891899766,630975.7871125609,1000000.0,1000000.0
2025-02-18T23:40:00.000+0000,999160.9113683598,353955.7653970395,999999.9999999999,999511.5007599446,630975.7871125609,1000000.0,1000000.0
2025-02-18T23:50:00.000+0000,999157.1161069998,353955.7653970395,999999.9999999999,999509.5968642806,630975.7871125609,1000000.0,1000000.0
2025-02-19T00:00:00.000+0000,999153.3783495998,353955.7653970395,999999.9999999999,999507.7218155205,630975.7871125609,1000000.0,1000000.0
2025-02-19T00:10:00.000+0000,999154.3559169198,353955.7653970395,999999.9999999999,999508.2122128886,630975.7871125609,1000000.0,1000000.0
2025-02-19T00:20:00.000+0000,999153.9533891998,353955.7653970395,999999.9999999999,999508.0102845606,630975.7871125609,1000000.0,1000000.0
2025-02-19T00:30:00.000+0000,999153.8958852398,353955.7653970395,999999.9999999999,999507.9814376566,630975.7871125609,1000000.0,1000000.0
2025-02-19T00:40:00.000+0000,999156.2535475998,353955.7653970395,999999.9999999999,999509.1641607205,630975.7871125609,1000000.0,1000000.0
2025-02-19T00:50:00.000+0000,999156.1385396798,353955.7653970395,999999.9999999999,999509.1064669125,630975.7871125609,1000000.0,1000000.0
2025-02-19T01:00:00.000+0000,999162.1189515198,353955.7653970395,999999.9999999999,999512.1065449286,630975.7871125609,1000000.0,1000000.0
2025-02-19T01:10:00.000+0000,999163.0965188398,353955.7653970395,999999.9999999999,999512.5969422966,630975.7871125609,1000000.0,1000000.0
2025-02-19T01:20:00.000+0000,999164.5916217997,353955.7653970395,999999.9999999999,999513.3469618006,630975.7871125609,1000000.0,1000000.0
2025-02-19T01:30:00.000+0000,999164.1315901198,353955.7653970395,999999.9999999999,999513.1161865686,630975.7871125609,1000000.0,1000000.0
2025-02-19T01:40:00.000+0000,999161.1413841998,353955.7653970395,999999.9999999999,999511.6161475605,630975.7871125609,1000000.0,1000000.0
2025-02-19T01:50:00.000+0000,999160.8538643998,353955.7653970395,999999.9999999999,999511.4719130406,630975.7871125609,1000000.0,1000000.0
2025-02-19T02:00:00.000+0000,999148.8930407198,353955.7653970395,999999.9999999999,999505.4717570086,630975.7871125609,1000000.0,1000000.0
2025-02-19T02:10:00.000+0000,999147.9154733998,353955.7653970395,999999.9999999999,999504.9813596406,630975.7871125609,1000000.0,1000000.0
2025-02-19T02:20:00.000+0000,999149.5830882398,353955.7653970395,999999.9999999999,999505.8179198566,630975.7871125609,1000000.0,1000000.0
2025-02-19T02:30:00.000+0000,999149.7556001198,353955.7653970395,999999.9999999999,999505.9044605686,630975.7871125609,1000000.0,1000000.0
2025-02-19T02:40:00.000+0000,999147.4554417199,353955.7653970395,999999.9999999999,999504.7505844086,630975.7871125609,1000000.0,1000000.0
2025-02-19T02:50:00.000+0000,999145.5578110398,353955.7653970395,999999.9999999999,999503.7986365766,630975.7871125609,1000000.0,1000000.0
2025-02-19T03:00:00.000+0000,999150.2731357598,353955.7653970395,999999.9999999999,999506.1640827046,630975.7871125609,1000000.0,1000000.0
2025-02-19T03:10:00.000+0000,999153.3208456398,353955.7653970395,999999.9999999999,999507.6929686166,630975.7871125609,1000000.0,1000000.0
2025-02-19T03:20:00.000+0000,999149.9856159597,353955.7653970395,999999.9999999999,999506.0198481845,630975.7871125609,1000000.0,1000000.0
2025-02-19T03:30:00.000+0000,999150.3306397198,353955.7653970395,999999.9999999999,999506.1929296086,630975.7871125609,1000000.0,1000000.0
2025-02-19T03:40:00.000+0000,999147.9729773598,353955.7653970395,999999.9999999999,999505.0102065445,630975.7871125609,1000000.0,1000000.0
2025-02-19T03:50:00.000+0000,999146.4203704398,353955.7653970395,999999.9999999999,999504.2313401366,630975.7871125609,1000000.0,1000000.0
2025-02-19T04:00:00.000+0000,999147.3404337998,353955.7653970395,999999.9999999999,999504.6928906005,630975.7871125609,1000000.0,1000000.0
2025-02-19T04:10:00.000+0000,999152.5157901997,353955.7653970395,999999.9999999999,999507.2891119606,630975.7871125609,1000000.0,1000000.0
2025-02-19T04:20:00.000+0000,999154.2409089998,353955.7653970395,999999.9999999999,999508.1545190805,630975.7871125609,1000000.0,1000000.0
2025-02-19T04:30:00.000+0000,999157.2311149198,353955.7653970395,999999.9999999999,999509.6545580886,630975.7871125609,1000000.0,1000000.0
2025-02-19T04:40:00.000+0000,999160.6238485598,353955.7653970395,999999.9999999999,999511.3565254246,630975.7871125609,1000000.0,1000000.0
2025-02-19T04:50:00.000+0000,999160.3363287598,353955.7653970395,999999.9999999999,999511.2122909046,630975.7871125609,1000000.0,1000000.0
2025-02-19T05:00:00.000+0000,999163.0965188398,353955.7653970395,999999.9999999999,999512.5969422966,630975.7871125609,1000000.0,1000000.0
2025-02-19T05:10:00.000+0000,999159.5887772798,353955.7653970395,999999.9999999999,999510.8372811526,630975.7871125609,1000000.0,1000000.0
2025-02-19T05:20:00.000+0000,999163.3840386398,353955.7653970395,999999.9999999999,999512.7411768166,630975.7871125609,1000000.0,1000000.0
2025-02-19T05:30:00.000+0000,999157.8061545198,353955.7653970395,999999.9999999999,999509.9430271286,630975.7871125609,1000000.0,1000000.0
2025-02-19T05:40:00.000+0000,999156.4260594798,353955.7653970395,999999.9999999999,999509.2507014326,630975.7871125609,1000000.0,1000000.0
2025-02-19T05:50:00.000+0000,999156.8285871998,353955.7653970395,999999.9999999999,999509.4526297606,630975.7871125609,1000000.0,1000000.0
2025-02-19T06:00:00.000+0000,999156.0235317599,353955.7653970395,999999.9999999999,999509.0487731046,630975.7871125609,1000000.0,1000000.0
2025-02-19T06:10:00.000+0000,999154.3559169198,353955.7653970395,999999.9999999999,999508.2122128886,630975.7871125609,1000000.0,1000000.0
2025-02-19T06:20:00.000+0000,999155.9085238398,353955.7653970395,999999.9999999999,999508.9910792966,630975.7871125609,1000000.0,1000000.0
2025-02-19T06:30:00.000+0000,999156.0235317599,353955.7653970395,999999.9999999999,999509.0487731046,630975.7871125609,1000000.0,1000000.0
2025-02-19T06:40:00.000+0000,999151.7107347598,353955.7653970395,999999.9999999999,999506.8852553046,630975.7871125609,1000000.0,1000000.0
2025-02-19T06:50:00.000+0000,999148.4905129998,353955.7653970395,999999.9999999999,999505.2698286806,630975.7871125609,1000000.0,1000000.0
2025-02-19T07:00:00.000+0000,999142.4525971998,353955.7653970395,999999.9999999999,999502.2409037605,630975.7871125609,1000000.0,1000000.0
2025-02-19T07:10:00.000+0000,999143.5451724398,353955.7653970395,999999.9999999999,999502.7889949366,630975.7871125609,1000000.0,1000000.0
2025-02-19T07:20:00.000+0000,999145.8453308397,353955.7653970395,999999.9999999999,999503.9428710965,630975.7871125609,1000000.0,1000000.0
2025-02-19T07:30:00.000+0000,999146.9379060798,353955.7653970395,999999.9999999999,999504.4909622726,630975.7871125609,1000000.0,1000000.0
2025-02-19T07:40:00.000+0000,999141.5325338398,353955.7653970395,999999.9999999999,999501.7793532966,630975.7871125609,1000000.0,1000000.0
2025-02-19T07:50:00.000+0000,999138.3698160398,353955.7653970395,999999.9999999999,999500.1927735766,630975.7871125609,1000000.0,1000000.0
2025-02-19T08:00:00.000+0000,999139.0023595998,353955.7653970395,999999.9999999999,999500.5100895206,630975.7871125609,1000000.0,1000000.0
2025-02-19T08:10:00.000+0000,999141.0149981998,353955.7653970395,999999.9999999999,999501.5197311606,630975.7871125609,1000000.0,1000000.0
2025-02-19T08:20:00.000+0000,999141.7625496798,353955.7653970395,999999.9999999999,999501.8947409126,630975.7871125609,1000000.0,1000000.0
2025-02-19T08:30:00.000+0000,999141.1300061198,353955.7653970395,999999.9999999999,999501.5774249686,630975.7871125609,1000000.0,1000000.0
2025-02-19T08:40:00.000+0000,999143.8901961998,353955.7653970395,999999.9999999999,999502.9620763606,630975.7871125609,1000000.0,1000000.0
2025-02-19T08:50:00.000+0000,999148.3180011198,353955.7653970395,999999.9999999999,999505.1832879686,630975.7871125609,1000000.0,1000000.0
2025-02-19T09:00:00.000+0000,999149.5255842798,353955.7653970395,999999.9999999999,999505.7890729526,630975.7871125609,1000000.0,1000000.0
2025-02-19T09:10:00.000+0000,999147.7429615197,353955.7653970395,999999.9999999999,999504.8948189286,630975.7871125609,1000000.0,1000000.0
2025-02-19T09:20:00.000+0000,999148.6630248798,353955.7653970395,999999.9999999999,999505.3563693926,630975.7871125609,1000000.0,1000000.0
2025-02-19T09:30:00.000+0000,999148.9505446798,353955.7653970395,999999.9999999999,999505.5006039126,630975.7871125609,1000000.0,1000000.0
2025-02-19T09:40:00.000+0000,999145.6728189598,353955.7653970395,999999.9999999999,999503.8563303846,630975.7871125609,1000000.0,1000000.0
2025-02-19T09:50:00.000+0000,999143.3726605598,353955.7653970395,999999.9999999999,999502.7024542246,630975.7871125609,1000000.0,1000000.0
2025-02-19T10:00:00.000+0000,999138.5423279197,353955.7653970395,999999.9999999999,999500.2793142886,630975.7871125609,1000000.0,1000000.0
2025-02-19T10:10:00.000+0000,999137.4497526798,353955.7653970395,999999.9999999999,999499.7312231126,630975.7871125609,1000000.0,1000000.0
2025-02-19T10:20:00.000+0000,999138.0247922798,353955.7653970395,999999.9999999999,999500.0196921526,630975.7871125609,1000000.0,1000000.0
2025-02-19T10:30:00.000+0000,999144.1777159998,353955.7653970395,999999.9999999999,999503.1063108806,630975.7871125609,1000000.0,1000000.0
2025-02-19T10:40:00.000+0000,999143.4876684798,353955.7653970395,999999.9999999999,999502.7601480326,630975.7871125609,1000000.0,1000000.0
2025-02-19T10:50:00.000+0000,999140.6699744398,353955.7653970395,999999.9999999999,999501.3466497366,630975.7871125609,1000000.0,1000000.0
2025-02-19T11:00:00.000+0000,999139.9224229598,353955.7653970395,999999.9999999999,999500.9716399846,630975.7871125609,1000000.0,1000000.0
2025-02-19T11:10:00.000+0000,999137.7947764398,353955.7653970395,999999.9999999999,999499.9043045366,630975.7871125609,1000000.0,1000000.0
2025-02-19T11:20:00.000+0000,999138.8873516798,353955.7653970395,999999.9999999999,999500.4523957126,630975.7871125609,1000000.0,1000000.0
2025-02-19T11:30:00.000+0000,999140.4974625598,353955.7653970395,999999.9999999999,999501.2601090246,630975.7871125609,1000000.0,1000000.0
2025-02-19T11:40:00.000+0000,999137.3922487198,353955.7653970395,999999.9999999999,999499.7023762086,630975.7871125609,1000000.0,1000000.0
2025-02-19T11:50:00.000+0000,999134.5170507198,353955.7653970395,999999.9999999999,999498.2600310086,630975.7871125609,1000000.0,1000000.0
2025-02-19T12:00:00.000+0000,999133.8270031998,353955.7653970395,999999.9999999999,999497.9138681606,630975.7871125609,1000000.0,1000000.0
2025-02-19T12:10:00.000+0000,999137.1622328798,353955.7653970395,999999.9999999999,999499.5869885926,630975.7871125609,1000000.0,1000000.0
2025-02-19T12:20:00.000+0000,999134.1720269598,353955.7653970395,999999.9999999999,999498.0869495845,630975.7871125609,1000000.0,1000000.0
2025-02-19T12:30:00.000+0000,999135.6671299197,353955.7653970395,999999.9999999999,999498.8369690885,630975.7871125609,1000000.0,1000000.0
2025-02-19T12:40:00.000+0000,999136.3571774398,353955.7653970395,999999.9999999999,999499.1831319366,630975.7871125609,1000000.0,1000000.0
2025-02-19T12:50:00.000+0000,999139.6924071198,353955.7653970395,999999.9999999999,999500.8562523685,630975.7871125609,1000000.0,1000000.0
2025-02-19T13:00:00.000+0000,999141.5325338398,353955.7653970395,999999.9999999999,999501.7793532966,630975.7871125609,1000000.0,1000000.0
2025-02-19T13:10:00.000+0000,999142.2225813598,353955.7653970395,999999.9999999999,999502.1255161446,630975.7871125609,1000000.0,1000000.0
2025-02-19T13:20:00.000+0000,999140.7274783998,353955.7653970395,999999.9999999999,999501.3754966406,630975.7871125609,1000000.0,1000000.0
2025-02-19T13:30:00.000+0000,999136.4721853598,353955.7653970395,999999.9999999999,999499.2408257446,630975.7871125609,1000000.0,1000000.0
2025-02-19T13:40:00.000+0000,999138.5998318798,353955.7653970395,999999.9999999999,999500.3081611926,630975.7871125609,1000000.0,1000000.0
2025-02-19T13:50:00.000+0000,999138.9448556398,353955.7653970395,999999.9999999999,999500.4812426165,630975.7871125609,1000000.0,1000000.0
2025-02-19T14:00:00.000+0000,999140.7274783998,353955.7653970395,999999.9999999999,999501.3754966406,630975.7871125609,1000000.0,1000000.0
2025-02-19T14:10:00.000+0000,999143.5451724398,353955.7653970395,999999.9999999999,999502.7889949366,630975.7871125609,1000000.0,1000000.0
2025-02-19T14:20:00.000+0000,999141.9925655198,353955.7653970395,999999.9999999999,999502.0101285286,630975.7871125609,1000000.0,1000000.0
2025-02-19T14:30:00.000+0000,999134.9770823998,353955.7653970395,999999.9999999999,999498.4908062406,630975.7871125609,1000000.0,1000000.0
2025-02-19T14:40:00.000+0000,999143.9477001597,353955.7653970395,999999.9999999999,999502.9909232645,630975.7871125609,1000000.0,1000000.0
2025-02-19T14:50:00.000+0000,999150.7331674398,353955.7653970395,999999.9999999999,999506.3948579365,630975.7871125609,1000000.0,1000000.0
2025-02-19T15:00:00.000+0000,999156.8860911598,353955.7653970395,999999.9999999999,999509.4814766645,630975.7871125609,1000000.0,1000000.0
2025-02-19T15:10:00.000+0000,999154.2984129598,353955.7653970395,999999.9999999999,999508.1833659846,630975.7871125609,1000000.0,1000000.0
2025-02-19T15:20:00.000+0000,999151.9982545598,353955.7653970395,999999.9999999999,999507.0294898245,630975.7871125609,1000000.0,1000000.0
2025-02-19T15:30:00.000+0000,999144.3502278798,353955.7653970395,999999.9999999999,999503.1928515926,630975.7871125609,1000000.0,1000000.0
2025-02-19T15:40:00.000+0000,999146.1903545999,353955.7653970395,999999.9999999999,999504.1159525206,630975.7871125609,1000000.0,1000000.0
2025-02-19T15:50:00.000+0000,999146.2478585598,353955.7653970395,999999.9999999999,999504.1447994246,630975.7871125609,1000000.0,1000000.0
2025-02-19T16:00:00.000+0000,999139.9799269198,353955.7653970395,999999.9999999999,999501.0004868886,630975.7871125609,1000000.0,1000000.0
2025-02-19T16:10:00.000+0000,999137.3347447598,353955.7653970395,999999.9999999999,999499.6735293046,630975.7871125609,1000000.0,1000000.0
2025-02-19T16:20:00.000+0000,999138.8298477198,353955.7653970395,999999.9999999999,999500.4235488086,630975.7871125609,1000000.0,1000000.0
2025-02-19T16:30:00.000+0000,999139.9224229598,353955.7653970395,999999.9999999999,999500.9716399846,630975.7871125609,1000000.0,1000000.0
2025-02-19T16:40:00.000+0000,999140.9574942398,353955.7653970395,999999.9999999999,999501.4908842565,630975.7871125609,1000000.0,1000000.0
2025-02-19T16:50:00.000+0000,999141.1300061198,353955.7653970395,999999.9999999999,999501.5774249686,630975.7871125609,1000000.0,1000000.0
2025-02-19T17:00:00.000+0000,999137.2772407997,353955.7653970395,999999.9999999999,999499.6446824006,630975.7871125609,1000000.0,1000000.0
2025-02-19T17:10:00.000+0000,999141.7050457197,353955.7653970395,999999.9999999999,999501.8658940085,630975.7871125609,1000000.0,1000000.0
2025-02-19T17:20:00.000+0000,999142.2225813598,353955.7653970395,999999.9999999999,999502.1255161446,630975.7871125609,1000000.0,1000000.0
2025-02-19T17:30:00.000+0000,999146.5353783598,353955.7653970395,999999.9999999999,999504.2890339446,630975.7871125609,1000000.0,1000000.0
2025-02-19T17:40:00.000+0000,999143.0276367998,353955.7653970395,999999.9999999999,999502.5293728006,630975.7871125609,1000000.0,1000000.0
2025-02-19T17:50:00.000+0000,999141.7050457197,353955.7653970395,999999.9999999999,999501.8658940085,630975.7871125609,1000000.0,1000000.0
2025-02-19T18:00:00.000+0000,999146.6503862798,353955.7653970395,999999.9999999999,999504.3467277526,630975.7871125609,1000000.0,1000000.0
2025-02-19T18:10:00.000+0000,999149.0655525998,353955.7653970395,999999.9999999999,999505.5582977206,630975.7871125609,1000000.0,1000000.0
2025-02-19T18:20:00.000+0000,999148.9505446798,353955.7653970395,999999.9999999999,999505.5006039126,630975.7871125609,1000000.0,1000000.0
2025-02-19T18:30:00.000+0000,999150.1006238798,353955.7653970395,999999.9999999999,999506.0775419925,630975.7871125609,1000000.0,1000000.0
2025-02-19T18:40:00.000+0000,999151.3657109998,353955.7653970395,999999.9999999999,999506.7121738805,630975.7871125609,1000000.0,1000000.0
2025-02-19T18:50:00.000+0000,999155.4484921598,353955.7653970395,999999.9999999999,999508.7603040646,630975.7871125609,1000000.0,1000000.0
2025-02-19T19:00:00.000+0000,999155.4484921598,353955.7653970395,999999.9999999999,999508.7603040646,630975.7871125609,1000000.0,1000000.0
2025-02-19T19:10:00.000+0000,999151.5382228798,353955.7653970395,999999.9999999999,999506.7987145926,630975.7871125609,1000000.0,1000000.0
2025-02-19T19:20:00.000+0000,999147.8004654798,353955.7653970395,999999.9999999999,999504.9236658326,630975.7871125609,1000000.0,1000000.0
2025-02-19T19:30:00.000+0000,999152.9758218798,353955.7653970395,999999.9999999999,999507.5198871926,630975.7871125609,1000000.0,1000000.0
2025-02-19T19:40:00.000+0000,999153.2633416798,353955.7653970395,999999.9999999999,999507.6641217126,630975.7871125609,1000000.0,1000000.0
2025-02-19T19:50:00.000+0000,999153.7233733598,353955.7653970395,999999.9999999999,999507.8948969446,630975.7871125609,1000000.0,1000000.0
2025-02-19T20:00:00.000+0000,999149.6405921998,353955.7653970395,999999.9999999999,999505.8467667606,630975.7871125609,1000000.0,1000000.0
2025-02-19T20:10:00.000+0000,999147.3979377598,353955.7653970395,999999.9999999999,999504.7217375046,630975.7871125609,1000000.0,1000000.0
2025-02-19T20:20:00.000+0000,999147.5704496398,353955.7653970395,999999.9999999999,999504.8082782166,630975.7871125609,1000000.0,1000000.0
2025-02-19T20:30:00.000+0000,999146.9379060798,353955.7653970395,999999.9999999999,999504.4909622726,630975.7871125609,1000000.0,1000000.0
2025-02-19T20:40:00.000+0000,999149.3530723997,353955.7653970395,999999.9999999999,999505.7025322405,630975.7871125609,1000000.0,1000000.0
2025-02-19T20:50:00.000+0000,999149.8131040798,353955.7653970395,999999.9999999999,999505.9333074726,630975.7871125609,1000000.0,1000000.0
2025-02-19T21:00:00.000+0000,999154.8159485998,353955.7653970395,999999.9999999999,999508.4429881206,630975.7871125609,1000000.0,1000000.0
2025-02-19T21:10:00.000+0000,999150.3306397198,353955.7653970395,999999.9999999999,999506.1929296086,630975.7871125609,1000000.0,1000000.0
2025-02-19T21:20:00.000+0000,999148.4330090398,353955.7653970395,999999.9999999999,999505.2409817766,630975.7871125609,1000000.0,1000000.0
2025-02-19T21:30:00.000+0000,999147.6854575598,353955.7653970395,999999.9999999999,999504.8659720246,630975.7871125609,1000000.0,1000000.0
2025-02-19T21:40:00.000+0000,999146.1328506398,353955.7653970395,999999.9999999999,999504.0871056166,630975.7871125609,1000000.0,1000000.0
2025-02-19T21:50:00.000+0000,999152.1132624798,353955.7653970395,999999.9999999999,999507.0871836325,630975.7871125609,1000000.0,1000000.0
2025-02-19T22:00:00.000+0000,999152.6307981198,353955.7653970395,999999.9999999999,999507.3468057686,630975.7871125609,1000000.0,1000000.0
2025-02-19T22:10:00.000+0000,999151.5382228798,353955.7653970395,999999.9999999999,999506.7987145926,630975.7871125609,1000000.0,1000000.0
2025-02-19T22:20:00.000+0000,999151.1931991198,353955.7653970395,999999.9999999999,999506.6256331686,630975.7871125609,1000000.0,1000000.0
2025-02-19T22:30:00.000+0000,999153.6083654398,353955.7653970395,999999.9999999999,999507.8372031365,630975.7871125609,1000000.0,1000000.0
2025-02-19T22:40:00.000+0000,999150.2156317998,353955.7653970395,999999.9999999999,999506.1352358006,630975.7871125609,1000000.0,1000000.0
2025-02-19T22:50:00.000+0000,999138.1973041598,353955.7653970395,999999.9999999999,999500.1062328645,630975.7871125609,1000000.0,1000000.0
2025-02-19T23:00:00.000+0000,999138.1398001998,353955.7653970395,999999.9999999999,999500.0773859606,630975.7871125609,1000000.0,1000000.0
2025-02-19T23:10:00.000+0000,999138.3698160398,353955.7653970395,999999.9999999999,999500.1927735766,630975.7871125609,1000000.0,1000000.0
2025-02-19T23:20:00.000+0000,999135.1495942798,353955.7653970395,999999.9999999999,999498.5773469526,630975.7871125609,1000000.0,1000000.0
2025-02-19T23:30:00.000+0000,999136.3571774398,353955.7653970395,999999.9999999999,999499.1831319366,630975.7871125609,1000000.0,1000000.0
2025-02-19T23:40:00.000+0000,999136.9897209998,353955.7653970395,999999.9999999999,999499.5004478806,630975.7871125609,1000000.0,1000000.0
2025-02-19T23:50:00.000+0000,999135.9546497198,353955.7653970395,999999.9999999999,999498.9812036086,630975.7871125609,1000000.0,1000000.0
2025-02-20T00:00:00.000+0000,999133.9995150798,353955.7653970395,999999.9999999999,999498.0004088726,630975.7871125609,1000000.0,1000000.0
2025-02-20T00:10:00.000+0000,999132.6769239998,353955.7653970395,999999.9999999999,999497.3369300805,630975.7871125609,1000000.0,1000000.0
2025-02-20T00:20:00.000+0000,999137.0472249598,353955.7653970395,999999.9999999999,999499.5292947845,630975.7871125609,1000000.0,1000000.0
2025-02-20T00:30:00.000+0000,999137.9097843597,353955.7653970395,999999.9999999999,999499.9619983446,630975.7871125609,1000000.0,1000000.0
2025-02-20T00:40:00.000+0000,999131.0668131198,353955.7653970395,999999.9999999999,999496.5292167686,630975.7871125609,1000000.0,1000000.0
2025-02-20T00:50:00.000+0000,999124.1088339598,353955.7653970395,999999.9999999999,999493.0387413846,630975.7871125609,1000000.0,1000000.0
2025-02-20T01:00:00.000+0000,999125.1439052398,353955.7653970395,999999.9999999999,999493.5579856565,630975.7871125609,1000000.0,1000000.0
2025-02-20T01:10:00.000+0000,999132.3894041998,353955.7653970395,999999.9999999999,999497.1926955606,630975.7871125609,1000000.0,1000000.0
2025-02-20T01:20:00.000+0000,999133.9995150798,353955.7653970395,999999.9999999999,999498.0004088726,630975.7871125609,1000000.0,1000000.0
2025-02-20T01:30:00.000+0000,999136.2996734797,353955.7653970395,999999.9999999999,999499.1542850325,630975.7871125609,1000000.0,1000000.0
2025-02-20T01:40:00.000+0000,999138.4273199998,353955.7653970395,999999.9999999999,999500.2216204805,630975.7871125609,1000000.0,1000000.0
2025-02-20T01:50:00.000+0000,999136.1846655598,353955.7653970395,999999.9999999999,999499.0965912245,630975.7871125609,1000000.0,1000000.0
2025-02-20T02:00:00.000+0000,999132.9069398398,353955.7653970395,999999.9999999999,999497.4523176965,630975.7871125609,1000000.0,1000000.0
2025-02-20T02:10:00.000+0000,999131.1243170798,353955.7653970395,999999.9999999999,999496.5580636726,630975.7871125609,1000000.0,1000000.0
2025-02-20T02:20:00.000+0000,999131.6993566798,353955.7653970395,999999.9999999999,999496.8465327126,630975.7871125609,1000000.0,1000000.0
2025-02-20T02:30:00.000+0000,999135.3796101199,353955.7653970395,999999.9999999999,999498.6927345686,630975.7871125609,1000000.0,1000000.0
2025-02-20T02:40:00.000+0000,999131.5268447998,353955.7653970395,999999.9999999999,999496.7599920005,630975.7871125609,1000000.0,1000000.0
2025-02-20T02:50:00.000+0000,999128.3066230398,353955.7653970395,999999.9999999999,999495.1445653766,630975.7871125609,1000000.0,1000000.0
2025-02-20T03:00:00.000+0000,999126.5240002798,353955.7653970395,999999.9999999999,999494.2503113525,630975.7871125609,1000000.0,1000000.0
2025-02-20T03:10:00.000+0000,999129.5142061998,353955.7653970395,999999.9999999999,999495.7503503606,630975.7871125609,1000000.0,1000000.0
2025-02-20T03:20:00.000+0000,999133.4819794398,353955.7653970395,999999.9999999999,999497.7407867366,630975.7871125609,1000000.0,1000000.0
2025-02-20T03:30:00.000+0000,999131.0668131198,353955.7653970395,999999.9999999999,999496.5292167686,630975.7871125609,1000000.0,1000000.0
2025-02-20T03:40:00.000+0000,999129.8017259998,353955.7653970395,999999.9999999999,999495.8945848806,630975.7871125609,1000000.0,1000000.0
2025-02-20T03:50:00.000+0000,999128.5366388798,353955.7653970395,999999.9999999999,999495.2599529926,630975.7871125609,1000000.0,1000000.0
2025-02-20T04:00:00.000+0000,999130.3767655998,353955.7653970395,999999.9999999999,999496.1830539206,630975.7871125609,1000000.0,1000000.0
2025-02-20T04:10:00.000+0000,999127.8465913598,353955.7653970395,999999.9999999999,999494.9137901446,630975.7871125609,1000000.0,1000000.0
2025-02-20T04:20:00.000+0000,999124.9713933598,353955.7653970395,999999.9999999999,999493.4714449446,630975.7871125609,1000000.0,1000000.0
2025-02-20T04:30:00.000+0000,999128.1916151198,353955.7653970395,999999.9999999999,999495.0868715686,630975.7871125609,1000000.0,1000000.0
2025-02-20T04:40:00.000+0000,999129.4567022398,353955.7653970395,999999.9999999999,999495.7215034566,630975.7871125609,1000000.0,1000000.0
2025-02-20T04:50:00.000+0000,999131.8718685597,353955.7653970395,999999.9999999999,999496.9330734246,630975.7871125609,1000000.0,1000000.0
2025-02-20T05:00:00.000+0000,999128.5941428398,353955.7653970395,999999.9999999999,999495.2887998966,630975.7871125609,1000000.0,1000000.0
2025-02-20T05:10:00.000+0000,999125.0864012798,353955.7653970395,999999.9999999999,999493.5291387526,630975.7871125609,1000000.0,1000000.0
2025-02-20T05:20:00.000+0000,999125.2589131598,353955.7653970395,999999.9999999999,999493.6156794645,630975.7871125609,1000000.0,1000000.0
2025-02-20T05:30:00.000+0000,999126.8690240398,353955.7653970395,999999.9999999999,999494.4233927766,630975.7871125609,1000000.0,1000000.0
2025-02-20T05:40:00.000+0000,999127.0990398797,353955.7653970395,999999.9999999999,999494.5387803926,630975.7871125609,1000000.0,1000000.0
2025-02-20T05:50:00.000+0000,999130.2042537198,353955.7653970395,999999.9999999999,999496.0965132086,630975.7871125609,1000000.0,1000000.0
2025-02-20T06:00:00.000+0000,999130.7217893598,353955.7653970395,999999.9999999999,999496.3561353446,630975.7871125609,1000000.0,1000000.0
2025-02-20T06:10:00.000+0000,999135.4946180398,353955.7653970395,999999.9999999999,999498.7504283766,630975.7871125609,1000000.0,1000000.0
2025-02-20T06:20:00.000+0000,999134.1720269598,353955.7653970395,999999.9999999999,999498.0869495845,630975.7871125609,1000000.0,1000000.0
2025-02-20T06:30:00.000+0000,999133.4819794398,353955.7653970395,999999.9999999999,999497.7407867366,630975.7871125609,1000000.0,1000000.0
2025-02-20T06:40:00.000+0000,999137.7947764398,353955.7653970395,999999.9999999999,999499.9043045366,630975.7871125609,1000000.0,1000000.0
2025-02-20T06:50:00.000+0000,999137.3922487198,353955.7653970395,999999.9999999999,999499.7023762086,630975.7871125609,1000000.0,1000000.0
2025-02-20T07:00:00.000+0000,999137.7947764398,353955.7653970395,999999.9999999999,999499.9043045366,630975.7871125609,1000000.0,1000000.0
2025-02-20T07:10:00.000+0000,999141.5900377998,353955.7653970395,999999.9999999999,999501.8082002006,630975.7871125609,1000000.0,1000000.0
2025-02-20T07:20:00.000+0000,999139.6349031598,353955.7653970395,999999.9999999999,999500.8274054646,630975.7871125609,1000000.0,1000000.0
2025-02-20T07:30:00.000+0000,999135.3796101199,353955.7653970395,999999.9999999999,999498.6927345686,630975.7871125609,1000000.0,1000000.0
2025-02-20T07:40:00.000+0000,999136.6446972399,353955.7653970395,999999.9999999999,999499.3273664566,630975.7871125609,1000000.0,1000000.0
2025-02-20T07:50:00.000+0000,999135.4371140798,353955.7653970395,999999.9999999999,999498.7215814725,630975.7871125609,1000000.0,1000000.0
2025-02-20T08:00:00.000+0000,999137.1047289198,353955.7653970395,999999.9999999999,999499.5581416886,630975.7871125609,1000000.0,1000000.0
2025-02-20T08:10:00.000+0000,999137.9097843597,353955.7653970395,999999.9999999999,999499.9619983446,630975.7871125609,1000000.0,1000000.0
2025-02-20T08:20:00.000+0000,999137.7947764398,353955.7653970395,999999.9999999999,999499.9043045366,630975.7871125609,1000000.0,1000000.0
2025-02-20T08:30:00.000+0000,999136.6446972399,353955.7653970395,999999.9999999999,999499.3273664566,630975.7871125609,1000000.0,1000000.0
2025-02-20T08:40:00.000+0000,999139.1173675198,353955.7653970395,999999.9999999999,999500.5677833286,630975.7871125609,1000000.0,1000000.0
2025-02-20T08:50:00.000+0000,999138.1398001998,353955.7653970395,999999.9999999999,999500.0773859606,630975.7871125609,1000000.0,1000000.0
2025-02-20T09:00:00.000+0000,999139.4048873198,353955.7653970395,999999.9999999999,999500.7120178486,630975.7871125609,1000000.0,1000000.0
2025-02-20T09:10:00.000+0000,999143.9477001597,353955.7653970395,999999.9999999999,999502.9909232645,630975.7871125609,1000000.0,1000000.0
2025-02-20T09:20:00.000+0000,999145.0977793598,353955.7653970395,999999.9999999999,999503.5678613445,630975.7871125609,1000000.0,1000000.0
2025-02-20T09:30:00.000+0000,999143.8326922398,353955.7653970395,999999.9999999999,999502.9332294565,630975.7871125609,1000000.0,1000000.0
2025-02-20T09:40:00.000+0000,999143.0851407598,353955.7653970395,999999.9999999999,999502.5582197045,630975.7871125609,1000000.0,1000000.0
2025-02-20T09:50:00.000+0000,999144.8677635198,353955.7653970395,999999.9999999999,999503.4524737286,630975.7871125609,1000000.0,1000000.0
2025-02-20T10:00:00.000+0000,999146.8804021198,353955.7653970395,999999.9999999999,999504.4621153686,630975.7871125609,1000000.0,1000000.0
2025-02-20T10:10:00.000+0000,999145.5578110398,353955.7653970395,999999.9999999999,999503.7986365766,630975.7871125609,1000000.0,1000000.0
2025-02-20T10:20:00.000+0000,999143.2576526398,353955.7653970395,999999.9999999999,999502.6447604166,630975.7871125609,1000000.0,1000000.0
2025-02-20T10:30:00.000+0000,999139.8649189998,353955.7653970395,999999.9999999999,999500.9427930806,630975.7871125609,1000000.0,1000000.0
2025-02-20T10:40:00.000+0000,999137.9097843597,353955.7653970395,999999.9999999999,999499.9619983446,630975.7871125609,1000000.0,1000000.0
2025-02-20T10:50:00.000+0000,999135.4946180398,353955.7653970395,999999.9999999999,999498.7504283766,630975.7871125609,1000000.0,1000000.0
2025-02-20T11:00:00.000+0000,999133.4819794398,353955.7653970395,999999.9999999999,999497.7407867366,630975.7871125609,1000000.0,1000000.0
2025-02-20T11:10:00.000+0000,999133.3669715198,353955.7653970395,999999.9999999999,999497.6830929286,630975.7871125609,1000000.0,1000000.0
2025-02-20T11:20:00.000+0000,999132.8494358798,353955.7653970395,999999.9999999999,999497.4234707926,630975.7871125609,1000000.0,1000000.0
2025-02-20T11:30:00.000+0000,999134.7470665599,353955.7653970395,999999.9999999999,999498.3754186246,630975.7871125609,1000000.0,1000000.0
2025-02-20T11:40:00.000+0000,999136.1271615998,353955.7653970395,999999.9999999999,999499.0677443206,630975.7871125609,1000000.0,1000000.0
2025-02-20T11:50:00.000+0000,999134.2870348798,353955.7653970395,999999.9999999999,999498.1446433925,630975.7871125609,1000000.0,1000000.0
2025-02-20T12:00:00.000+0000,999132.8494358798,353955.7653970395,999999.9999999999,999497.4234707926,630975.7871125609,1000000.0,1000000.0
2025-02-20T12:10:00.000+0000,999134.3445388398,353955.7653970395,999999.9999999999,999498.1734902966,630975.7871125609,1000000.0,1000000.0
2025-02-20T12:20:00.000+0000,999134.2295309198,353955.7653970395,999999.9999999999,999498.1157964886,630975.7871125609,1000000.0,1000000.0
2025-02-20T12:30:00.000+0000,999135.0920903198,353955.7653970395,999999.9999999999,999498.5485000486,630975.7871125609,1000000.0,1000000.0
2025-02-20T12:40:00.000+0000,999132.9644437998,353955.7653970395,999999.9999999999,999497.4811646006,630975.7871125609,1000000.0,1000000.0
2025-02-20T12:50:00.000+0000,999137.5647605998,353955.7653970395,999999.9999999999,999499.7889169205,630975.7871125609,1000000.0,1000000.0
2025-02-20T13:00:00.000+0000,999138.0822962398,353955.7653970395,999999.9999999999,999500.0485390566,630975.7871125609,1000000.0,1000000.0
2025-02-20T13:10:00.000+0000,999140.2674467198,353955.7653970395,999999.9999999999,999501.1447214086,630975.7871125609,1000000.0,1000000.0
2025-02-20T13:20:00.000+0000,999139.4048873198,353955.7653970395,999999.9999999999,999500.7120178486,630975.7871125609,1000000.0,1000000.0
2025-02-20T13:30:00.000+0000,999136.4146813998,353955.7653970395,999999.9999999999,999499.2119788406,630975.7871125609,1000000.0,1000000.0
2025-02-20T13:40:00.000+0000,999140.6699744398,353955.7653970395,999999.9999999999,999501.3466497366,630975.7871125609,1000000.0,1000000.0
2025-02-20T13:50:00.000+0000,999138.1398001998,353955.7653970395,999999.9999999999,999500.0773859606,630975.7871125609,1000000.0,1000000.0
2025-02-20T14:00:00.000+0000,999126.9840319598,353955.7653970395,999999.9999999999,999494.4810865846,630975.7871125609,1000000.0,1000000.0
2025-02-20T14:10:00.000+0000,999127.7890873998,353955.7653970395,999999.9999999999,999494.8849432406,630975.7871125609,1000000.0,1000000.0
2025-02-20T14:20:00.000+0000,999127.3865596798,353955.7653970395,999999.9999999999,999494.6830149125,630975.7871125609,1000000.0,1000000.0
2025-02-20T14:30:00.000+0000,999122.2687072398,353955.7653970395,999999.9999999999,999492.1156404566,630975.7871125609,1000000.0,1000000.0
2025-02-20T14:40:00.000+0000,999124.9138893998,353955.7653970395,999999.9999999999,999493.4425980406,630975.7871125609,1000000.0,1000000.0
2025-02-20T14:50:00.000+0000,999139.6349031598,353955.7653970395,999999.9999999999,999500.8274054646,630975.7871125609,1000000.0,1000000.0
2025-02-20T15:00:00.000+0000,999146.4778743997,353955.7653970395,999999.9999999999,999504.2601870405,630975.7871125609,1000000.0,1000000.0
2025-02-20T15:10:00.000+0000,999146.7078902398,353955.7653970395,999999.9999999999,999504.3755746565,630975.7871125609,1000000.0,1000000.0
2025-02-20T15:20:00.000+0000,999146.3053625198,353955.7653970395,999999.9999999999,999504.1736463286,630975.7871125609,1000000.0,1000000.0
2025-02-20T15:30:00.000+0000,999147.2254258798,353955.7653970395,999999.9999999999,999504.6351967925,630975.7871125609,1000000.0,1000000.0
2025-02-20T15:40:00.000+0000,999150.5031515998,353955.7653970395,999999.9999999999,999506.2794703206,630975.7871125609,1000000.0,1000000.0
2025-02-20T15:50:00.000+0000,999156.7135792798,353955.7653970395,999999.9999999999,999509.3949359526,630975.7871125609,1000000.0,1000000.0
2025-02-20T16:00:00.000+0000,999156.8860911598,353955.7653970395,999999.9999999999,999509.4814766645,630975.7871125609,1000000.0,1000000.0
2025-02-20T16:10:00.000+0000,999149.2955684398,353955.7653970395,999999.9999999999,999505.6736853366,630975.7871125609,1000000.0,1000000.0
2025-02-20T16:20:00.000+0000,999147.1104179597,353955.7653970395,999999.9999999999,999504.5775029846,630975.7871125609,1000000.0,1000000.0
2025-02-20T16:30:00.000+0000,999148.8930407198,353955.7653970395,999999.9999999999,999505.4717570086,630975.7871125609,1000000.0,1000000.0
2025-02-20T16:40:00.000+0000,999148.4330090398,353955.7653970395,999999.9999999999,999505.2409817766,630975.7871125609,1000000.0,1000000.0
2025-02-20T16:50:00.000+0000,999153.0333258398,353955.7653970395,999999.9999999999,999507.5487340966,630975.7871125609,1000000.0,1000000.0
2025-02-20T17:00:00.000+0000,999153.0908297998,353955.7653970395,999999.9999999999,999507.5775810006,630975.7871125609,1000000.0,1000000.0
2025-02-20T17:10:00.000+0000,999149.0655525998,353955.7653970395,999999.9999999999,999505.5582977206,630975.7871125609,1000000.0,1000000.0
2025-02-20T17:20:00.000+0000,999148.7780327998,353955.7653970395,999999.9999999999,999505.4140632006,630975.7871125609,1000000.0,1000000.0
2025-02-20T17:30:00.000+0000,999150.9631832798,353955.7653970395,999999.9999999999,999506.5102455526,630975.7871125609,1000000.0,1000000.0
2025-02-20T17:40:00.000+0000,999154.5284287998,353955.7653970395,999999.9999999999,999508.2987536006,630975.7871125609,1000000.0,1000000.0
2025-02-20T17:50:00.000+0000,999151.1356951598,353955.7653970395,999999.9999999999,999506.5967862646,630975.7871125609,1000000.0,1000000.0
2025-02-20T18:00:00.000+0000,999145.1552833198,353955.7653970395,999999.9999999999,999503.5967082486,630975.7871125609,1000000.0,1000000.0
2025-02-20T18:10:00.000+0000,999141.1875100798,353955.7653970395,999999.9999999999,999501.6062718725,630975.7871125609,1000000.0,1000000.0
2025-02-20T18:20:00.000+0000,999136.6446972399,353955.7653970395,999999.9999999999,999499.3273664566,630975.7871125609,1000000.0,1000000.0
2025-02-20T18:30:00.000+0000,999138.1398001998,353955.7653970395,999999.9999999999,999500.0773859606,630975.7871125609,1000000.0,1000000.0
2025-02-20T18:40:00.000+0000,999143.4301645198,353955.7653970395,999999.9999999999,999502.7313011286,630975.7871125609,1000000.0,1000000.0
2025-02-20T18:50:00.000+0000,999143.8326922398,353955.7653970395,999999.9999999999,999502.9332294565,630975.7871125609,1000000.0,1000000.0
2025-02-20T19:00:00.000+0000,999143.6026763998,353955.7653970395,999999.9999999999,999502.8178418406,630975.7871125609,1000000.0,1000000.0
2025-02-20T19:10:00.000+0000,999139.9799269198,353955.7653970395,999999.9999999999,999501.0004868886,630975.7871125609,1000000.0,1000000.0
2025-02-20T19:20:00.000+0000,999136.9322170397,353955.7653970395,999999.9999999999,999499.4716009765,630975.7871125609,1000000.0,1000000.0
2025-02-20T19:30:00.000+0000,999137.4497526798,353955.7653970395,999999.9999999999,999499.7312231126,630975.7871125609,1000000.0,1000000.0
2025-02-20T19:40:00.000+0000,999138.8298477198,353955.7653970395,999999.9999999999,999500.4235488086,630975.7871125609,1000000.0,1000000.0
2025-02-20T19:50:00.000+0000,999138.1398001998,353955.7653970395,999999.9999999999,999500.0773859606,630975.7871125609,1000000.0,1000000.0
2025-02-20T20:00:00.000+0000,999139.3473833598,353955.7653970395,999999.9999999999,999500.6831709446,630975.7871125609,1000000.0,1000000.0
2025-02-20T20:10:00.000+0000,999139.5198952398,353955.7653970395,999999.9999999999,999500.7697116566,630975.7871125609,1000000.0,1000000.0
2025-02-20T20:20:00.000+0000,999132.1018843998,353955.7653970395,999999.9999999999,999497.0484610406,630975.7871125609,1000000.0,1000000.0
2025-02-20T20:30:00.000+0000,999136.4146813998,353955.7653970395,999999.9999999999,999499.2119788406,630975.7871125609,1000000.0,1000000.0
2025-02-20T20:40:00.000+0000,999138.0247922798,353955.7653970395,999999.9999999999,999500.0196921526,630975.7871125609,1000000.0,1000000.0
2025-02-20T20:50:00.000+0000,999139.5773991998,353955.7653970395,999999.9999999999,999500.7985585605,630975.7871125609,1000000.0,1000000.0
2025-02-20T21:00:00.000+0000,999142.5101011598,353955.7653970395,999999.9999999999,999502.2697506646,630975.7871125609,1000000.0,1000000.0
2025-02-20T21:10:00.000+0000,999146.8228981599,353955.7653970395,999999.9999999999,999504.4332684646,630975.7871125609,1000000.0,1000000.0
2025-02-20T21:20:00.000+0000,999146.8804021198,353955.7653970395,999999.9999999999,999504.4621153686,630975.7871125609,1000000.0,1000000.0
2025-02-20T21:30:00.000+0000,999147.4554417199,353955.7653970395,999999.9999999999,999504.7505844086,630975.7871125609,1000000.0,1000000.0
2025-02-20T21:40:00.000+0000,999150.7906713998,353955.7653970395,999999.9999999999,999506.4237048406,630975.7871125609,1000000.0,1000000.0
2025-02-20T21:50:00.000+0000,999154.1834050398,353955.7653970395,999999.9999999999,999508.1256721766,630975.7871125609,1000000.0,1000000.0
2025-02-20T22:00:00.000+0000,999151.5957268398,353955.7653970395,999999.9999999999,999506.8275614966,630975.7871125609,1000000.0,1000000.0
2025-02-20T22:10:00.000+0000,999150.1581278398,353955.7653970395,999999.9999999999,999506.1063888966,630975.7871125609,1000000.0,1000000.0
2025-02-20T22:20:00.000+0000,999151.5382228798,353955.7653970395,999999.9999999999,999506.7987145926,630975.7871125609,1000000.0,1000000.0
2025-02-20T22:30:00.000+0000,999147.5704496398,353955.7653970395,999999.9999999999,999504.8082782166,630975.7871125609,1000000.0,1000000.0
2025-02-20T22:40:00.000+0000,999145.8453308397,353955.7653970395,999999.9999999999,999503.9428710965,630975.7871125609,1000000.0,1000000.0
2025-02-20T22:50:00.000+0000,999148.6630248798,353955.7653970395,999999.9999999999,999505.3563693926,630975.7871125609,1000000.0,1000000.0
2025-02-20T23:00:00.000+0000,999146.3628664798,353955.7653970395,999999.9999999999,999504.2024932326,630975.7871125609,1000000.0,1000000.0
2025-02-20T23:10:00.000+0000,999141.6475417598,353955.7653970395,999999.9999999999,999501.8370471046,630975.7871125609,1000000.0,1000000.0
2025-02-20T23:20:00.000+0000,999138.2548081198,353955.7653970395,999999.9999999999,999500.1350797686,630975.7871125609,1000000.0,1000000.0
2025-02-20T23:30:00.000+0000,999132.6194200398,353955.7653970395,999999.9999999999,999497.3080831766,630975.7871125609,1000000.0,1000000.0
2025-02-20T23:40:00.000+0000,999134.8620744798,353955.7653970395,999999.9999999999,999498.4331124326,630975.7871125609,1000000.0,1000000.0
2025-02-20T23:50:00.000+0000,999136.1846655598,353955.7653970395,999999.9999999999,999499.0965912245,630975.7871125609,1000000.0,1000000.0
2025-02-21T00:00:00.000+0000,999135.9546497198,353955.7653970395,999999.9999999999,999498.9812036086,630975.7871125609,1000000.0,1000000.0
2025-02-21T00:10:00.000+0000,999134.9770823998,353955.7653970395,999999.9999999999,999498.4908062406,630975.7871125609,1000000.0,1000000.0
2025-02-21T00:20:00.000+0000,999136.0121536799,353955.7653970395,999999.9999999999,999499.0100505126,630975.7871125609,1000000.0,1000000.0
2025-02-21T00:30:00.000+0000,999139.9224229598,353955.7653970395,999999.9999999999,999500.9716399846,630975.7871125609,1000000.0,1000000.0
2025-02-21T00:40:00.000+0000,999140.7274783998,353955.7653970395,999999.9999999999,999501.3754966406,630975.7871125609,1000000.0,1000000.0
2025-02-21T00:50:00.000+0000,999141.2450140398,353955.7653970395,999999.9999999999,999501.6351187766,630975.7871125609,1000000.0,1000000.0
2025-02-21T01:00:00.000+0000,999142.1650773998,353955.7653970395,999999.9999999999,999502.0966692406,630975.7871125609,1000000.0,1000000.0
2025-02-21T01:10:00.000+0000,999145.0977793598,353955.7653970395,999999.9999999999,999503.5678613445,630975.7871125609,1000000.0,1000000.0
2025-02-21T01:20:00.000+0000,999148.7205288399,353955.7653970395,999999.9999999999,999505.3852162965,630975.7871125609,1000000.0,1000000.0
2025-02-21T01:30:00.000+0000,999146.7078902398,353955.7653970395,999999.9999999999,999504.3755746565,630975.7871125609,1000000.0,1000000.0
2025-02-21T01:40:00.000+0000,999142.3375892797,353955.7653970395,999999.9999999999,999502.1832099525,630975.7871125609,1000000.0,1000000.0
2025-02-21T01:50:00.000+0000,999142.7976209598,353955.7653970395,999999.9999999999,999502.4139851846,630975.7871125609,1000000.0,1000000.0
2025-02-21T02:00:00.000+0000,999142.6251090798,353955.7653970395,999999.9999999999,999502.3274444726,630975.7871125609,1000000.0,1000000.0
2025-02-21T02:10:00.000+0000,999140.7849823599,353955.7653970395,999999.9999999999,999501.4043435446,630975.7871125609,1000000.0,1000000.0
2025-02-21T02:20:00.000+0000,999141.8775575998,353955.7653970395,999999.9999999999,999501.9524347206,630975.7871125609,1000000.0,1000000.0
2025-02-21T02:30:00.000+0000,999145.7303229198,353955.7653970395,999999.9999999999,999503.8851772886,630975.7871125609,1000000.0,1000000.0
2025-02-21T02:40:00.000+0000,999148.0879852799,353955.7653970395,999999.9999999999,999505.0679003525,630975.7871125609,1000000.0,1000000.0
2025-02-21T02:50:00.000+0000,999149.4105763598,353955.7653970395,999999.9999999999,999505.7313791446,630975.7871125609,1000000.0,1000000.0
2025-02-21T03:00:00.000+0000,999149.4105763598,353955.7653970395,999999.9999999999,999505.7313791446,630975.7871125609,1000000.0,1000000.0
2025-02-21T03:10:00.000+0000,999148.5480169598,353955.7653970395,999999.9999999999,999505.2986755846,630975.7871125609,1000000.0,1000000.0
2025-02-21T03:20:00.000+0000,999146.0753466798,353955.7653970395,999999.9999999999,999504.0582587126,630975.7871125609,1000000.0,1000000.0
2025-02-21T03:30:00.000+0000,999148.7205288399,353955.7653970395,999999.9999999999,999505.3852162965,630975.7871125609,1000000.0,1000000.0
2025-02-21T03:40:00.000+0000,999149.9281119998,353955.7653970395,999999.9999999999,999505.9910012806,630975.7871125609,1000000.0,1000000.0
2025-02-21T03:50:00.000+0000,999152.6307981198,353955.7653970395,999999.9999999999,999507.3468057686,630975.7871125609,1000000.0,1000000.0
2025-02-21T04:00:00.000+0000,999148.3180011198,353955.7653970395,999999.9999999999,999505.1832879686,630975.7871125609,1000000.0,1000000.0
2025-02-21T04:10:00.000+0000,999144.9827714398,353955.7653970395,999999.9999999999,999503.5101675366,630975.7871125609,1000000.0,1000000.0
2025-02-21T04:20:00.000+0000,999146.2478585598,353955.7653970395,999999.9999999999,999504.1447994246,630975.7871125609,1000000.0,1000000.0
2025-02-21T04:30:00.000+0000,999146.1328506398,353955.7653970395,999999.9999999999,999504.0871056166,630975.7871125609,1000000.0,1000000.0
2025-02-21T04:40:00.000+0000,999143.6601803598,353955.7653970395,999999.9999999999,999502.8466887446,630975.7871125609,1000000.0,1000000.0
2025-02-21T04:50:00.000+0000,999143.2001486798,353955.7653970395,999999.9999999999,999502.6159135125,630975.7871125609,1000000.0,1000000.0
2025-02-21T05:00:00.000+0000,999143.7751882798,353955.7653970395,999999.9999999999,999502.9043825526,630975.7871125609,1000000.0,1000000.0
2025-02-21T05:10:00.000+0000,999144.2927239198,353955.7653970395,999999.9999999999,999503.1640046886,630975.7871125609,1000000.0,1000000.0
2025-02-21T05:20:00.000+0000,999147.0529139998,353955.7653970395,999999.9999999999,999504.5486560806,630975.7871125609,1000000.0,1000000.0
2025-02-21T05:30:00.000+0000,999141.8775575998,353955.7653970395,999999.9999999999,999501.9524347206,630975.7871125609,1000000.0,1000000.0
2025-02-21T05:40:00.000+0000,999139.5773991998,353955.7653970395,999999.9999999999,999500.7985585605,630975.7871125609,1000000.0,1000000.0
2025-02-21T05:50:00.000+0000,999141.4750298798,353955.7653970395,999999.9999999999,999501.7505063926,630975.7871125609,1000000.0,1000000.0
2025-02-21T06:00:00.000+0000,999143.9477001597,353955.7653970395,999999.9999999999,999502.9909232645,630975.7871125609,1000000.0,1000000.0
2025-02-21T06:10:00.000+0000,999146.2478585598,353955.7653970395,999999.9999999999,999504.1447994246,630975.7871125609,1000000.0,1000000.0
2025-02-21T06:20:00.000+0000,999146.9954100398,353955.7653970395,999999.9999999999,999504.5198091766,630975.7871125609,1000000.0,1000000.0
2025-02-21T06:30:00.000+0000,999146.8228981599,353955.7653970395,999999.9999999999,999504.4332684646,630975.7871125609,1000000.0,1000000.0
2025-02-21T06:40:00.000+0000,999145.7878268798,353955.7653970395,999999.9999999999,999503.9140241926,630975.7871125609,1000000.0,1000000.0
2025-02-21T06:50:00.000+0000,999143.3726605598,353955.7653970395,999999.9999999999,999502.7024542246,630975.7871125609,1000000.0,1000000.0
2025-02-21T07:00:00.000+0000,999141.0725021597,353955.7653970395,999999.9999999999,999501.5485780645,630975.7871125609,1000000.0,1000000.0
2025-02-21T07:10:00.000+0000,999141.1875100798,353955.7653970395,999999.9999999999,999501.6062718725,630975.7871125609,1000000.0,1000000.0
2025-02-21T07:20:00.000+0000,999137.6797685198,353955.7653970395,999999.9999999999,999499.8466107285,630975.7871125609,1000000.0,1000000.0
2025-02-21T07:30:00.000+0000,999139.5773991998,353955.7653970395,999999.9999999999,999500.7985585605,630975.7871125609,1000000.0,1000000.0
2025-02-21T07:40:00.000+0000,999142.5676051198,353955.7653970395,999999.9999999999,999502.2985975685,630975.7871125609,1000000.0,1000000.0
2025-02-21T07:50:00.000+0000,999144.3502278798,353955.7653970395,999999.9999999999,999503.1928515926,630975.7871125609,1000000.0,1000000.0
2025-02-21T08:00:00.000+0000,999142.9126288798,353955.7653970395,999999.9999999999,999502.4716789926,630975.7871125609,1000000.0,1000000.0
2025-02-21T08:10:00.000+0000,999141.9925655198,353955.7653970395,999999.9999999999,999502.0101285286,630975.7871125609,1000000.0,1000000.0
2025-02-21T08:20:00.000+0000,999143.0276367998,353955.7653970395,999999.9999999999,999502.5293728006,630975.7871125609,1000000.0,1000000.0
2025-02-21T08:30:00.000+0000,999139.3473833598,353955.7653970395,999999.9999999999,999500.6831709446,630975.7871125609,1000000.0,1000000.0
2025-02-21T08:40:00.000+0000,999136.7022011998,353955.7653970395,999999.9999999999,999499.3562133606,630975.7871125609,1000000.0,1000000.0
2025-02-21T08:50:00.000+0000,999139.0598635598,353955.7653970395,999999.9999999999,999500.5389364245,630975.7871125609,1000000.0,1000000.0
2025-02-21T09:00:00.000+0000,999136.9897209998,353955.7653970395,999999.9999999999,999499.5004478806,630975.7871125609,1000000.0,1000000.0
2025-02-21T09:10:00.000+0000,999119.3360052798,353955.7653970395,999999.9999999999,999490.6444483526,630975.7871125609,1000000.0,1000000.0
2025-02-21T09:20:00.000+0000,999119.3360052798,353955.7653970395,999999.9999999999,999490.6444483526,630975.7871125609,1000000.0,1000000.0
2025-02-21T09:30:00.000+0000,999126.0639685998,353955.7653970395,999999.9999999999,999494.0195361206,630975.7871125609,1000000.0,1000000.0
2025-02-21T09:40:00.000+0000,999133.9420111198,353955.7653970395,999999.9999999999,999497.9715619686,630975.7871125609,1000000.0,1000000.0
2025-02-21T09:50:00.000+0000,999131.0093091598,353955.7653970395,999999.9999999999,999496.5003698646,630975.7871125609,1000000.0,1000000.0
2025-02-21T10:00:00.000+0000,999130.7792933198,353955.7653970395,999999.9999999999,999496.3849822485,630975.7871125609,1000000.0,1000000.0
2025-02-21T10:10:00.000+0000,999127.9040953198,353955.7653970395,999999.9999999999,999494.9426370485,630975.7871125609,1000000.0,1000000.0
2025-02-21T10:20:00.000+0000,999129.5142061998,353955.7653970395,999999.9999999999,999495.7503503606,630975.7871125609,1000000.0,1000000.0
2025-02-21T10:30:00.000+0000,999124.1663379198,353955.7653970395,999999.9999999999,999493.0675882886,630975.7871125609,1000000.0,1000000.0
2025-02-21T10:40:00.000+0000,999125.3164171198,353955.7653970395,999999.9999999999,999493.6445263686,630975.7871125609,1000000.0,1000000.0
2025-02-21T10:50:00.000+0000,999126.4664963197,353955.7653970395,999999.9999999999,999494.2214644486,630975.7871125609,1000000.0,1000000.0
2025-02-21T11:00:00.000+0000,999128.4791349198,353955.7653970395,999999.9999999999,999495.2311060886,630975.7871125609,1000000.0,1000000.0
2025-02-21T11:10:00.000+0000,999131.8718685597,353955.7653970395,999999.9999999999,999496.9330734246,630975.7871125609,1000000.0,1000000.0
2025-02-21T11:20:00.000+0000,999128.9391665998,353955.7653970395,999999.9999999999,999495.4618813206,630975.7871125609,1000000.0,1000000.0
2025-02-21T11:30:00.000+0000,999129.3416943199,353955.7653970395,999999.9999999999,999495.6638096486,630975.7871125609,1000000.0,1000000.0
2025-02-21T11:40:00.000+0000,999130.2042537198,353955.7653970395,999999.9999999999,999496.0965132086,630975.7871125609,1000000.0,1000000.0
2025-02-21T11:50:00.000+0000,999133.0219477598,353955.7653970395,999999.9999999999,999497.5100115046,630975.7871125609,1000000.0,1000000.0
2025-02-21T12:00:00.000+0000,999131.8718685597,353955.7653970395,999999.9999999999,999496.9330734246,630975.7871125609,1000000.0,1000000.0
2025-02-21T12:10:00.000+0000,999129.9167339198,353955.7653970395,999999.9999999999,999495.9522786885,630975.7871125609,1000000.0,1000000.0
2025-02-21T12:20:00.000+0000,999126.0064646398,353955.7653970395,999999.9999999999,999493.9906892165,630975.7871125609,1000000.0,1000000.0
2025-02-21T12:30:00.000+0000,999124.4538577198,353955.7653970395,999999.9999999999,999493.2118228086,630975.7871125609,1000000.0,1000000.0
2025-02-21T12:40:00.000+0000,999127.1565438397,355635.9351850394,999999.9999999999,999494.5676272964,631822.384292561,1000000.0,1000000.0
2025-02-21T12:50:00.000+0000,999127.1565438398,360787.3592961995,999999.9999999999,999494.5676272961,634403.7432819769,1000000.0,1000000.0
2025-02-21T13:00:00.000+0000,999105.6224510495,819772.8124239615,999999.9999999999,999494.5676272961,910822.0311023761,999642.6334635678,553291.8294599998
2025-02-21T13:10:00.000+0000,999196.4767594093,846759.7486295294,999999.9999999999,999494.5676272957,910822.0311023761,1001150.3955881279,1001150.3955881279
2025-02-21T13:20:00.000+0000,999196.4767594095,925287.3545468895,999999.9999999999,999494.5676272957,962412.4610141357,1001150.3955881279,1001150.3955881279
2025-02-21T13:30:00.000+0000,999196.4767594095,925287.3545468895,999999.9999999999,999494.5676272957,962412.4610141357,1001150.3955881279,1001150.3955881279
2025-02-21T13:40:00.000+0000,999196.4767594095,925287.3545468895,999999.9999999999,999494.5676272957,962412.4610141357,1001150.3955881279,1001150.3955881279
2025-02-21T13:50:00.000+0000,999196.4767594095,925287.3545468895,999999.9999999999,999494.5676272957,962412.4610141357,1001150.3955881279,1001150.3955881279
2025-02-21T14:00:00.000+0000,999196.4767594095,925287.3545468895,999999.9999999999,999494.5676272957,962412.4610141357,1001150.3955881279,1001150.3955881279
2025-02-21T14:10:00.000+0000,999196.4767594095,925287.3545468895,999999.9999999999,999494.5676272957,962412.4610141357,1001150.3955881279,1001150.3955881279
2025-02-21T14:20:00.000+0000,999196.4767594095,925287.3545468895,999999.9999999999,999494.5676272957,962412.4610141357,1001150.3955881279,1001150.3955881279
2025-02-21T14:30:00.000+0000,999196.4767594095,925287.3545468895,999999.9999999999,999494.5676272957,962412.4610141357,1001150.3955881279,1001150.3955881279
2025-02-21T14:40:00.000+0000,999196.4767594095,925287.3545468895,999999.9999999999,999494.5676272957,962412.4610141357,1001150.3955881279,1001150.3955881279
2025-02-21T14:50:00.000+0000,999196.4767594095,925287.3545468895,999999.9999999999,999494.5676272957,962412.4610141357,1001150.3955881279,1001150.3955881279
2025-02-21T15:00:00.000+0000,999196.4767594095,925287.3545468895,999999.9999999999,999494.5676272957,962412.4610141357,1001150.3955881279,1001150.3955881279
2025-02-21T15:10:00.000+0000,999196.4767594095,925287.3545468895,999999.9999999999,999494.5676272957,962412.4610141357,1001150.3955881279,1001150.3955881279
2025-02-21T15:20:00.000+0000,999196.4767594095,925287.3545468895,999999.9999999999,999494.5676272957,962412.4610141357,1001150.3955881279,1001150.3955881279
2025-02-21T15:30:00.000+0000,999196.4767594095,925287.3545468895,999999.9999999999,999494.5676272957,962412.4610141357,1001150.3955881279,1001150.3955881279
2025-02-21T15:40:00.000+0000,999196.4767594095,925287.3545468895,999999.9999999999,999494.5676272957,962412.4610141357,1001150.3955881279,1001150.3955881279
2025-02-21T15:50:00.000+0000,999196.4767594095,925287.3545468895,999999.9999999999,999494.5676272957,962412.4610141357,1001150.3955881279,1001150.3955881279
2025-02-21T16:00:00.000+0000,999196.4767594095,925287.3545468895,999999.9999999999,999494.5676272957,962412.4610141357,1001150.3955881279,1001150.3955881279
2025-02-21T16:10:00.000+0000,999196.4767594095,925287.3545468895,999999.9999999999,999494.5676272957,962412.4610141357,1001150.3955881279,1001150.3955881279
2025-02-21T16:20:00.000+0000,999196.4767594095,925287.3545468895,999999.9999999999,999494.5676272957,962412.4610141357,1001150.3955881279,1001150.3955881279
2025-02-21T16:30:00.000+0000,999196.4767594095,925287.3545468895,999999.9999999999,999494.5676272957,962412.4610141357,1001150.3955881279,1001150.3955881279
2025-02-21T16:40:00.000+0000,999196.4767594095,925287.3545468895,999999.9999999999,999494.5676272957,962412.4610141357,1001150.3955881279,1001150.3955881279
2025-02-21T16:50:00.000+0000,999196.4767594095,925287.3545468895,999999.9999999999,999494.5676272957,962412.4610141357,1001150.3955881279,1001150.3955881279
2025-02-21T17:00:00.000+0000,999196.4767594095,925287.3545468895,999999.9999999999,999494.5676272957,962412.4610141357,1001150.3955881279,1001150.3955881279
2025-02-21T17:10:00.000+0000,999196.4767594095,925287.3545468895,999999.9999999999,999494.5676272957,962412.4610141357,1001150.3955881279,1001150.3955881279
2025-02-21T17:20:00.000+0000,999196.4767594095,925287.3545468895,999999.9999999999,999494.5676272957,962412.4610141357,1001150.3955881279,1001150.3955881279
2025-02-21T17:30:00.000+0000,999196.4767594095,925287.3545468895,999999.9999999999,999494.5676272957,962412.4610141357,1001150.3955881279,1001150.3955881279
2025-02-21T17:40:00.000+0000,999196.4767594095,925287.3545468895,999999.9999999999,999494.5676272957,962412.4610141357,1001150.3955881279,1001150.3955881279
2025-02-21T17:50:00.000+0000,999196.4767594095,925287.3545468895,999999.9999999999,999494.5676272957,962412.4610141357,1001150.3955881279,1001150.3955881279
2025-02-21T18:00:00.000+0000,999196.4767594095,925287.3545468895,999999.9999999999,999494.5676272957,962412.4610141357,1001150.3955881279,1001150.3955881279
2025-02-21T18:10:00.000+0000,999196.4767594095,925287.3545468895,999999.9999999999,999494.5676272957,962412.4610141357,1001150.3955881279,1001150.3955881279
2025-02-21T18:20:00.000+0000,999196.4767594095,925287.3545468895,999999.9999999999,999494.5676272957,962412.4610141357,1001150.3955881279,1001150.3955881279
2025-02-21T18:30:00.000+0000,999196.4767594095,925287.3545468895,999999.9999999999,999494.5676272957,962412.4610141357,1001150.3955881279,1001150.3955881279
2025-02-21T18:40:00.000+0000,999196.4767594095,925287.3545468895,999999.9999999999,999494.5676272957,962412.4610141357,1001150.3955881279,1001150.3955881279
2025-02-21T18:50:00.000+0000,999196.4767594095,925287.3545468895,999999.9999999999,999494.5676272957,962412.4610141357,1001150.3955881279,1001150.3955881279
2025-02-21T19:00:00.000+0000,999196.4767594095,925287.3545468895,999999.9999999999,999494.5676272957,962412.4610141357,1001150.3955881279,1001150.3955881279
2025-02-21T19:10:00.000+0000,999196.4767594095,925287.3545468895,999999.9999999999,999494.5676272957,962412.4610141357,1001150.3955881279,1001150.3955881279
2025-02-21T19:20:00.000+0000,999196.4767594095,925287.3545468895,999999.9999999999,999494.5676272957,962412.4610141357,1001150.3955881279,1001150.3955881279
2025-02-21T19:30:00.000+0000,999196.4767594095,925287.3545468895,999999.9999999999,999494.5676272957,962412.4610141357,1001150.3955881279,1001150.3955881279
2025-02-21T19:40:00.000+0000,999196.4767594095,925287.3545468895,999999.9999999999,999494.5676272957,962412.4610141357,1001150.3955881279,1001150.3955881279
2025-02-21T19:50:00.000+0000,999196.4767594095,925287.3545468895,999999.9999999999,999494.5676272957,962412.4610141357,1001150.3955881279,1001150.3955881279
2025-02-21T20:00:00.000+0000,999196.4767594095,925287.3545468895,999999.9999999999,999494.5676272957,962412.4610141357,1001150.3955881279,1001150.3955881279
2025-02-21T20:10:00.000+0000,999196.4767594095,925287.3545468895,999999.9999999999,999494.5676272957,962412.4610141357,1001150.3955881279,1001150.3955881279
2025-02-21T20:20:00.000+0000,999196.4767594095,925287.3545468895,999999.9999999999,999494.5676272957,962412.4610141357,1001150.3955881279,1001150.3955881279
2025-02-21T20:30:00.000+0000,999196.4767594095,925287.3545468895,999999.9999999999,999494.5676272957,962412.4610141357,1001150.3955881279,1001150.3955881279
2025-02-21T20:40:00.000+0000,999196.4767594095,925287.3545468895,999999.9999999999,999494.5676272957,962412.4610141357,1001150.3955881279,1001150.3955881279
2025-02-21T20:50:00.000+0000,999196.4767594095,925287.3545468895,999999.9999999999,999494.5676272957,962412.4610141357,1001150.3955881279,1001150.3955881279
2025-02-21T21:00:00.000+0000,999196.4767594095,925287.3545468895,999999.9999999999,999494.5676272957,962412.4610141357,1001150.3955881279,1001150.3955881279
2025-02-21T21:10:00.000+0000,999196.4767594095,925287.3545468895,999999.9999999999,999494.5676272957,962412.4610141357,1001150.3955881279,1001150.3955881279
2025-02-21T21:20:00.000+0000,999196.4767594095,925287.3545468895,999999.9999999999,999494.5676272957,962412.4610141357,1001150.3955881279,1001150.3955881279
2025-02-21T21:30:00.000+0000,999196.4767594095,925287.3545468895,999999.9999999999,999494.5676272957,962412.4610141357,1001150.3955881279,1001150.3955881279
2025-02-21T21:40:00.000+0000,999196.4767594095,925287.3545468895,999999.9999999999,999494.5676272957,962412.4610141357,1001150.3955881279,1001150.3955881279
2025-02-21T21:50:00.000+0000,999196.4767594095,925287.3545468895,999999.9999999999,999494.5676272957,962412.4610141357,1001150.3955881279,1001150.3955881279
2025-02-21T22:00:00.000+0000,999196.4767594095,925287.3545468895,999999.9999999999,999494.5676272957,962412.4610141357,1001150.3955881279,1001150.3955881279
2025-02-21T22:10:00.000+0000,999196.4767594095,925287.3545468895,999999.9999999999,999494.5676272957,962412.4610141357,1001150.3955881279,1001150.3955881279
2025-02-21T22:20:00.000+0000,999196.4767594095,925287.3545468895,999999.9999999999,999494.5676272957,962412.4610141357,1001150.3955881279,1001150.3955881279
2025-02-21T22:30:00.000+0000,999196.4767594095,925287.3545468895,999999.9999999999,999494.5676272957,962412.4610141357,1001150.3955881279,1001150.3955881279
2025-02-21T22:40:00.000+0000,999196.4767594095,925287.3545468895,999999.9999999999,999494.5676272957,962412.4610141357,1001150.3955881279,1001150.3955881279
2025-02-21T22:50:00.000+0000,999196.4767594095,925287.3545468895,999999.9999999999,999494.5676272957,962412.4610141357,1001150.3955881279,1001150.3955881279
2025-02-21T23:00:00.000+0000,999196.4767594095,925287.3545468895,999999.9999999999,999494.5676272957,962412.4610141357,1001150.3955881279,1001150.3955881279
2025-02-21T23:10:00.000+0000,999196.4767594095,925287.3545468895,999999.9999999999,999494.5676272957,962412.4610141357,1001150.3955881279,1001150.3955881279
2025-02-21T23:20:00.000+0000,999196.4767594095,925287.3545468895,999999.9999999999,999494.5676272957,962412.4610141357,1001150.3955881279,1001150.3955881279
2025-02-21T23:30:00.000+0000,999196.4767594095,925287.3545468895,999999.9999999999,999494.5676272957,962412.4610141357,1001150.3955881279,1001150.3955881279
2025-02-21T23:40:00.000+0000,999196.4767594095,925287.3545468895,999999.9999999999,999494.5676272957,962412.4610141357,1001150.3955881279,1001150.3955881279
2025-02-21T23:50:00.000+0000,999196.4767594095,925287.3545468895,999999.9999999999,999494.5676272957,962412.4610141357,1001150.3955881279,1001150.3955881279
2025-02-22T00:00:00.000+0000,999196.4767594095,925287.3545468895,999999.9999999999,999494.5676272957,962412.4610141357,1001150.3955881279,1001150.3955881279
2025-02-22T00:10:00.000+0000,999196.4767594095,925287.3545468895,999999.9999999999,999494.5676272957,962412.4610141357,1001150.3955881279,1001150.3955881279
2025-02-22T00:20:00.000+0000,999196.4767594095,925287.3545468895,999999.9999999999,999494.5676272957,962412.4610141357,1001150.3955881279,1001150.3955881279
2025-02-22T00:30:00.000+0000,999196.4767594095,925287.3545468895,999999.9999999999,999494.5676272957,962412.4610141357,1001150.3955881279,1001150.3955881279
2025-02-22T00:40:00.000+0000,999196.4767594095,925287.3545468895,999999.9999999999,999494.5676272957,962412.4610141357,1001150.3955881279,1001150.3955881279
2025-02-22T00:50:00.000+0000,999196.4767594095,925287.3545468895,999999.9999999999,999494.5676272957,962412.4610141357,1001150.3955881279,1001150.3955881279
2025-02-22T01:00:00.000+0000,999196.4767594095,925287.3545468895,999999.9999999999,999494.5676272957,962412.4610141357,1001150.3955881279,1001150.3955881279
2025-02-22T01:10:00.000+0000,999196.4767594095,925287.3545468895,999999.9999999999,999494.5676272957,962412.4610141357,1001150.3955881279,1001150.3955881279
2025-02-22T01:20:00.000+0000,999196.4767594095,925287.3545468895,999999.9999999999,999494.5676272957,962412.4610141357,1001150.3955881279,1001150.3955881279
2025-02-22T01:30:00.000+0000,999196.4767594095,925287.3545468895,999999.9999999999,999494.5676272957,962412.4610141357,1001150.3955881279,1001150.3955881279
2025-02-22T01:40:00.000+0000,999196.4767594095,925287.3545468895,999999.9999999999,999494.5676272957,962412.4610141357,1001150.3955881279,1001150.3955881279
2025-02-22T01:50:00.000+0000,999196.4767594095,925287.3545468895,999999.9999999999,999494.5676272957,962412.4610141357,1001150.3955881279,1001150.3955881279
2025-02-22T02:00:00.000+0000,999196.4767594095,925287.3545468895,999999.9999999999,999494.5676272957,962412.4610141357,1001150.3955881279,1001150.3955881279
2025-02-22T02:10:00.000+0000,999196.4767594095,925287.3545468895,999999.9999999999,999494.5676272957,962412.4610141357,1001150.3955881279,1001150.3955881279
2025-02-22T02:20:00.000+0000,999196.4767594095,925287.3545468895,999999.9999999999,999494.5676272957,962412.4610141357,1001150.3955881279,1001150.3955881279
2025-02-22T02:30:00.000+0000,999196.4767594095,925287.3545468895,999999.9999999999,999494.5676272957,962412.4610141357,1001150.3955881279,1001150.3955881279
2025-02-22T02:40:00.000+0000,999196.4767594095,925287.3545468895,999999.9999999999,999494.5676272957,962412.4610141357,1001150.3955881279,1001150.3955881279
2025-02-22T02:50:00.000+0000,999196.4767594095,925287.3545468895,999999.9999999999,999494.5676272957,962412.4610141357,1001150.3955881279,1001150.3955881279
2025-02-22T03:00:00.000+0000,999196.4767594095,925287.3545468895,999999.9999999999,999494.5676272957,962412.4610141357,1001150.3955881279,1001150.3955881279
2025-02-22T03:10:00.000+0000,999196.4767594095,925287.3545468895,999999.9999999999,999494.5676272957,962412.4610141357,1001150.3955881279,1001150.3955881279
2025-02-22T03:20:00.000+0000,999196.4767594095,925287.3545468895,999999.9999999999,999494.5676272957,962412.4610141357,1001150.3955881279,1001150.3955881279
2025-02-22T03:30:00.000+0000,999196.4767594095,925287.3545468895,999999.9999999999,999494.5676272957,962412.4610141357,1001150.3955881279,1001150.3955881279
2025-02-22T03:40:00.000+0000,999196.4767594095,925287.3545468895,999999.9999999999,999494.5676272957,962412.4610141357,1001150.3955881279,1001150.3955881279
2025-02-22T03:50:00.000+0000,999196.4767594095,925287.3545468895,999999.9999999999,999494.5676272957,962412.4610141357,1001150.3955881279,1001150.3955881279
2025-02-22T04:00:00.000+0000,999196.4767594095,925287.3545468895,999999.9999999999,999494.5676272957,962412.4610141357,1001150.3955881279,1001150.3955881279
2025-02-22T04:10:00.000+0000,999196.4767594095,925287.3545468895,999999.9999999999,999494.5676272957,962412.4610141357,1001150.3955881279,1001150.3955881279
2025-02-22T04:20:00.000+0000,999196.4767594095,925287.3545468895,999999.9999999999,999494.5676272957,962412.4610141357,1001150.3955881279,1001150.3955881279
2025-02-22T04:30:00.000+0000,999196.4767594095,925287.3545468895,999999.9999999999,999494.5676272957,962412.4610141357,1001150.3955881279,1001150.3955881279
2025-02-22T04:40:00.000+0000,999196.4767594095,925287.3545468895,999999.9999999999,999494.5676272957,962412.4610141357,1001150.3955881279,1001150.3955881279
2025-02-22T04:50:00.000+0000,999196.4767594095,925287.3545468895,999999.9999999999,999494.5676272957,962412.4610141357,1001150.3955881279,1001150.3955881279
2025-02-22T05:00:00.000+0000,999196.4767594095,925287.3545468895,999999.9999999999,999494.5676272957,962412.4610141357,1001150.3955881279,1001150.3955881279
2025-02-22T05:10:00.000+0000,999196.4767594095,925287.3545468895,999999.9999999999,999494.5676272957,962412.4610141357,1001150.3955881279,1001150.3955881279
2025-02-22T05:20:00.000+0000,999196.4767594095,925287.3545468895,999999.9999999999,999494.5676272957,962412.4610141357,1001150.3955881279,1001150.3955881279
2025-02-22T05:30:00.000+0000,999196.4767594095,925287.3545468895,999999.9999999999,999494.5676272957,962412.4610141357,1001150.3955881279,1001150.3955881279
2025-02-22T05:40:00.000+0000,999196.4767594095,925287.3545468895,999999.9999999999,999494.5676272957,962412.4610141357,1001150.3955881279,1001150.3955881279
2025-02-22T05:50:00.000+0000,999196.4767594095,925287.3545468895,999999.9999999999,999494.5676272957,962412.4610141357,1001150.3955881279,1001150.3955881279
2025-02-22T06:00:00.000+0000,999196.4767594095,925287.3545468895,999999.9999999999,999494.5676272957,962412.4610141357,1001150.3955881279,1001150.3955881279
2025-02-22T06:10:00.000+0000,999196.4767594095,925287.3545468895,999999.9999999999,999494.5676272957,962412.4610141357,1001150.3955881279,1001150.3955881279
2025-02-22T06:20:00.000+0000,999196.4767594095,925287.3545468895,999999.9999999999,999494.5676272957,962412.4610141357,1001150.3955881279,1001150.3955881279
2025-02-22T06:30:00.000+0000,999196.4767594095,925287.3545468895,999999.9999999999,999494.5676272957,962412.4610141357,1001150.3955881279,1001150.3955881279
2025-02-22T06:40:00.000+0000,999196.4767594095,925287.3545468895,999999.9999999999,999494.5676272957,962412.4610141357,1001150.3955881279,1001150.3955881279
2025-02-22T06:50:00.000+0000,999196.4767594095,925287.3545468895,999999.9999999999,999494.5676272957,962412.4610141357,1001150.3955881279,1001150.3955881279
2025-02-22T07:00:00.000+0000,999196.4767594095,925287.3545468895,999999.9999999999,999494.5676272957,962412.4610141357,1001150.3955881279,1001150.3955881279
2025-02-22T07:10:00.000+0000,999196.4767594095,925287.3545468895,999999.9999999999,999494.5676272957,962412.4610141357,1001150.3955881279,1001150.3955881279
2025-02-22T07:20:00.000+0000,999196.4767594095,925287.3545468895,999999.9999999999,999494.5676272957,962412.4610141357,1001150.3955881279,1001150.3955881279
2025-02-22T07:30:00.000+0000,999196.4767594095,925287.3545468895,999999.9999999999,999494.5676272957,962412.4610141357,1001150.3955881279,1001150.3955881279
2025-02-22T07:40:00.000+0000,999196.4767594095,925287.3545468895,999999.9999999999,999494.5676272957,962412.4610141357,1001150.3955881279,1001150.3955881279
2025-02-22T07:50:00.000+0000,999196.4767594095,925287.3545468895,999999.9999999999,999494.5676272957,962412.4610141357,1001150.3955881279,1001150.3955881279
2025-02-22T08:00:00.000+0000,999196.4767594095,925287.3545468895,999999.9999999999,999494.5676272957,962412.4610141357,1001150.3955881279,1001150.3955881279
2025-02-22T08:10:00.000+0000,999196.4767594095,925287.3545468895,999999.9999999999,999494.5676272957,962412.4610141357,1001150.3955881279,1001150.3955881279
2025-02-22T08:20:00.000+0000,999196.4767594095,925287.3545468895,999999.9999999999,999494.5676272957,962412.4610141357,1001150.3955881279,1001150.3955881279
2025-02-22T08:30:00.000+0000,999196.4767594095,925287.3545468895,999999.9999999999,999494.5676272957,962412.4610141357,1001150.3955881279,1001150.3955881279
2025-02-22T08:40:00.000+0000,999196.4767594095,925287.3545468895,999999.9999999999,999494.5676272957,962412.4610141357,1001150.3955881279,1001150.3955881279
2025-02-22T08:50:00.000+0000,999196.4767594095,925287.3545468895,999999.9999999999,999494.5676272957,962412.4610141357,1001150.3955881279,1001150.3955881279
2025-02-22T09:00:00.000+0000,999196.4767594095,925287.3545468895,999999.9999999999,999494.5676272957,962412.4610141357,1001150.3955881279,1001150.3955881279
2025-02-22T09:10:00.000+0000,999196.4767594095,925287.3545468895,999999.9999999999,999494.5676272957,962412.4610141357,1001150.3955881279,1001150.3955881279
2025-02-22T09:20:00.000+0000,999196.4767594095,925287.3545468895,999999.9999999999,999494.5676272957,962412.4610141357,1001150.3955881279,1001150.3955881279
2025-02-22T09:30:00.000+0000,999196.4767594095,925287.3545468895,999999.9999999999,999494.5676272957,962412.4610141357,1001150.3955881279,1001150.3955881279
2025-02-22T09:40:00.000+0000,999196.4767594095,925287.3545468895,999999.9999999999,999494.5676272957,962412.4610141357,1001150.3955881279,1001150.3955881279
2025-02-22T09:50:00.000+0000,999196.4767594095,925287.3545468895,999999.9999999999,999494.5676272957,962412.4610141357,1001150.3955881279,1001150.3955881279
2025-02-22T10:00:00.000+0000,999196.4767594095,925287.3545468895,999999.9999999999,999494.5676272957,962412.4610141357,1001150.3955881279,1001150.3955881279
2025-02-22T10:10:00.000+0000,999196.4767594095,925287.3545468895,999999.9999999999,999494.5676272957,962412.4610141357,1001150.3955881279,1001150.3955881279
2025-02-22T10:20:00.000+0000,999196.4767594095,925287.3545468895,999999.9999999999,999494.5676272957,962412.4610141357,1001150.3955881279,1001150.3955881279
2025-02-22T10:30:00.000+0000,999196.4767594095,925287.3545468895,999999.9999999999,999494.5676272957,962412.4610141357,1001150.3955881279,1001150.3955881279
2025-02-22T10:40:00.000+0000,999196.4767594095,925287.3545468895,999999.9999999999,999494.5676272957,962412.4610141357,1001150.3955881279,1001150.3955881279
2025-02-22T10:50:00.000+0000,999196.4767594095,925287.3545468895,999999.9999999999,999494.5676272957,962412.4610141357,1001150.3955881279,1001150.3955881279
2025-02-22T11:00:00.000+0000,999196.4767594095,925287.3545468895,999999.9999999999,999494.5676272957,962412.4610141357,1001150.3955881279,1001150.3955881279
2025-02-22T11:10:00.000+0000,999196.4767594095,925287.3545468895,999999.9999999999,999494.5676272957,962412.4610141357,1001150.3955881279,1001150.3955881279
2025-02-22T11:20:00.000+0000,999196.4767594095,925287.3545468895,999999.9999999999,999494.5676272957,962412.4610141357,1001150.3955881279,1001150.3955881279
2025-02-22T11:30:00.000+0000,999196.4767594095,925287.3545468895,999999.9999999999,999494.5676272957,962412.4610141357,1001150.3955881279,1001150.3955881279
2025-02-22T11:40:00.000+0000,999196.4767594095,925287.3545468895,999999.9999999999,999494.5676272957,962412.4610141357,1001150.3955881279,1001150.3955881279
2025-02-22T11:50:00.000+0000,999196.4767594095,925287.3545468895,999999.9999999999,999494.5676272957,962412.4610141357,1001150.3955881279,1001150.3955881279
2025-02-22T12:00:00.000+0000,999196.4767594095,925287.3545468895,999999.9999999999,999494.5676272957,962412.4610141357,1001150.3955881279,1001150.3955881279
2025-02-22T12:10:00.000+0000,999196.4767594095,925287.3545468895,999999.9999999999,999494.5676272957,962412.4610141357,1001150.3955881279,1001150.3955881279
2025-02-22T12:20:00.000+0000,999196.4767594095,925287.3545468895,999999.9999999999,999494.5676272957,962412.4610141357,1001150.3955881279,1001150.3955881279
2025-02-22T12:30:00.000+0000,999196.4767594095,925287.3545468895,999999.9999999999,999494.5676272957,962412.4610141357,1001150.3955881279,1001150.3955881279
2025-02-22T12:40:00.000+0000,999196.4767594095,925287.3545468895,999999.9999999999,999494.5676272957,962412.4610141357,1001150.3955881279,1001150.3955881279
2025-02-22T12:50:00.000+0000,999196.4767594095,925287.3545468895,999999.9999999999,999494.5676272957,962412.4610141357,1001150.3955881279,1001150.3955881279
2025-02-22T13:00:00.000+0000,999196.4767594095,925287.3545468895,999999.9999999999,999494.5676272957,962412.4610141357,1001150.3955881279,1001150.3955881279
2025-02-22T13:10:00.000+0000,999196.4767594095,925287.3545468895,999999.9999999999,999494.5676272957,962412.4610141357,1001150.3955881279,1001150.3955881279
2025-02-22T13:20:00.000+0000,999196.4767594095,925287.3545468895,999999.9999999999,999494.5676272957,962412.4610141357,1001150.3955881279,1001150.3955881279
2025-02-22T13:30:00.000+0000,999196.4767594095,925287.3545468895,999999.9999999999,999494.5676272957,962412.4610141357,1001150.3955881279,1001150.3955881279
2025-02-22T13:40:00.000+0000,999196.4767594095,925287.3545468895,999999.9999999999,999494.5676272957,962412.4610141357,1001150.3955881279,1001150.3955881279
2025-02-22T13:50:00.000+0000,999196.4767594095,925287.3545468895,999999.9999999999,999494.5676272957,962412.4610141357,1001150.3955881279,1001150.3955881279
2025-02-22T14:00:00.000+0000,999196.4767594095,925287.3545468895,999999.9999999999,999494.5676272957,962412.4610141357,1001150.3955881279,1001150.3955881279
2025-02-22T14:10:00.000+0000,999196.4767594095,925287.3545468895,999999.9999999999,999494.5676272957,962412.4610141357,1001150.3955881279,1001150.3955881279
2025-02-22T14:20:00.000+0000,999196.4767594095,925287.3545468895,999999.9999999999,999494.5676272957,962412.4610141357,1001150.3955881279,1001150.3955881279
2025-02-22T14:30:00.000+0000,999196.4767594095,925287.3545468895,999999.9999999999,999494.5676272957,962412.4610141357,1001150.3955881279,1001150.3955881279
2025-02-22T14:40:00.000+0000,999196.4767594095,925287.3545468895,999999.9999999999,999494.5676272957,962412.4610141357,1001150.3955881279,1001150.3955881279
2025-02-22T14:50:00.000+0000,999196.4767594095,925287.3545468895,999999.9999999999,999494.5676272957,962412.4610141357,1001150.3955881279,1001150.3955881279
2025-02-22T15:00:00.000+0000,999196.4767594095,925287.3545468895,999999.9999999999,999494.5676272957,962412.4610141357,1001150.3955881279,1001150.3955881279
2025-02-22T15:10:00.000+0000,999196.4767594095,925287.3545468895,999999.9999999999,999494.5676272957,962412.4610141357,1001150.3955881279,1001150.3955881279
2025-02-22T15:20:00.000+0000,999196.4767594095,925287.3545468895,999999.9999999999,999494.5676272957,962412.4610141357,1001150.3955881279,1001150.3955881279
2025-02-22T15:30:00.000+0000,999196.4767594095,925287.3545468895,999999.9999999999,999494.5676272957,962412.4610141357,1001150.3955881279,1001150.3955881279
2025-02-22T15:40:00.000+0000,999196.4767594095,925287.3545468895,999999.9999999999,999494.5676272957,962412.4610141357,1001150.3955881279,1001150.3955881279
2025-02-22T15:50:00.000+0000,999196.4767594095,925287.3545468895,999999.9999999999,999494.5676272957,962412.4610141357,1001150.3955881279,1001150.3955881279
2025-02-22T16:00:00.000+0000,999196.4767594095,925287.3545468895,999999.9999999999,999494.5676272957,962412.4610141357,1001150.3955881279,1001150.3955881279
2025-02-22T16:10:00.000+0000,999196.4767594095,925287.3545468895,999999.9999999999,999494.5676272957,962412.4610141357,1001150.3955881279,1001150.3955881279
2025-02-22T16:20:00.000+0000,999196.4767594095,925287.3545468895,999999.9999999999,999494.5676272957,962412.4610141357,1001150.3955881279,1001150.3955881279
2025-02-22T16:30:00.000+0000,999196.4767594095,925287.3545468895,999999.9999999999,999494.5676272957,962412.4610141357,1001150.3955881279,1001150.3955881279
2025-02-22T16:40:00.000+0000,999196.4767594095,925287.3545468895,999999.9999999999,999494.5676272957,962412.4610141357,1001150.3955881279,1001150.3955881279
2025-02-22T16:50:00.000+0000,999196.4767594095,925287.3545468895,999999.9999999999,999494.5676272957,962412.4610141357,1001150.3955881279,1001150.3955881279
2025-02-22T17:00:00.000+0000,999196.4767594095,925287.3545468895,999999.9999999999,999494.5676272957,962412.4610141357,1001150.3955881279,1001150.3955881279
2025-02-22T17:10:00.000+0000,999196.4767594095,925287.3545468895,999999.9999999999,999494.5676272957,962412.4610141357,1001150.3955881279,1001150.3955881279
2025-02-22T17:20:00.000+0000,999196.4767594095,925287.3545468895,999999.9999999999,999494.5676272957,962412.4610141357,1001150.3955881279,1001150.3955881279
2025-02-22T17:30:00.000+0000,999196.4767594095,925287.3545468895,999999.9999999999,999494.5676272957,962412.4610141357,1001150.3955881279,1001150.3955881279
2025-02-22T17:40:00.000+0000,999196.4767594095,925287.3545468895,999999.9999999999,999494.5676272957,962412.4610141357,1001150.3955881279,1001150.3955881279
2025-02-22T17:50:00.000+0000,999196.4767594095,925287.3545468895,999999.9999999999,999494.5676272957,962412.4610141357,1001150.3955881279,1001150.3955881279
2025-02-22T18:00:00.000+0000,999196.4767594095,925287.3545468895,999999.9999999999,999494.5676272957,962412.4610141357,1001150.3955881279,1001150.3955881279
2025-02-22T18:10:00.000+0000,999196.4767594095,925287.3545468895,999999.9999999999,999494.5676272957,962412.4610141357,1001150.3955881279,1001150.3955881279
2025-02-22T18:20:00.000+0000,999196.4767594095,925287.3545468895,999999.9999999999,999494.5676272957,962412.4610141357,1001150.3955881279,1001150.3955881279
2025-02-22T18:30:00.000+0000,999196.4767594095,925287.3545468895,999999.9999999999,999494.5676272957,962412.4610141357,1001150.3955881279,1001150.3955881279
2025-02-22T18:40:00.000+0000,999196.4767594095,925287.3545468895,999999.9999999999,999494.5676272957,962412.4610141357,1001150.3955881279,1001150.3955881279
2025-02-22T18:50:00.000+0000,999196.4767594095,925287.3545468895,999999.9999999999,999494.5676272957,962412.4610141357,1001150.3955881279,1001150.3955881279
2025-02-22T19:00:00.000+0000,998951.9555621292,619635.8579468891,999999.9999999999,999058.6769614557,417549.1287141357,1001150.3955881279,1001150.3955881279
2025-02-22T19:10:00.000+0000,998951.9555621292,619635.8579468891,999999.9999999999,999058.6769614557,417549.1287141357,1001150.3955881279,1001150.3955881279
2025-02-22T19:20:00.000+0000,998951.9555621292,619635.8579468891,999999.9999999999,999058.6769614557,417549.1287141357,1001150.3955881279,1001150.3955881279
2025-02-22T19:30:00.000+0000,998951.9555621292,619635.8579468891,999999.9999999999,999058.6769614557,417549.1287141357,1001150.3955881279,1001150.3955881279
2025-02-22T19:40:00.000+0000,998951.9555621292,619635.8579468891,999999.9999999999,999058.6769614557,417549.1287141357,1001150.3955881279,1001150.3955881279
2025-02-22T19:50:00.000+0000,998951.9555621292,619635.8579468891,999999.9999999999,999058.6769614557,417549.1287141357,1001150.3955881279,1001150.3955881279
2025-02-22T20:00:00.000+0000,998951.9555621292,619635.8579468891,999999.9999999999,999058.6769614557,417549.1287141357,1001150.3955881279,1001150.3955881279
2025-02-22T20:10:00.000+0000,998951.9555621292,619635.8579468891,999999.9999999999,999058.6769614557,417549.1287141357,1001150.3955881279,1001150.3955881279
2025-02-22T20:20:00.000+0000,998951.9555621292,619635.8579468891,999999.9999999999,999058.6769614557,417549.1287141357,1001150.3955881279,1001150.3955881279
2025-02-22T20:30:00.000+0000,998951.9555621292,619635.8579468891,999999.9999999999,999058.6769614557,417549.1287141357,1001150.3955881279,1001150.3955881279
2025-02-22T20:40:00.000+0000,998951.9555621292,619635.8579468891,999999.9999999999,999058.6769614557,417549.1287141357,1001150.3955881279,1001150.3955881279
2025-02-22T20:50:00.000+0000,998951.9555621292,619635.8579468891,999999.9999999999,999058.6769614557,417549.1287141357,1001150.3955881279,1001150.3955881279
2025-02-22T21:00:00.000+0000,998951.9555621292,619635.8579468891,999999.9999999999,999058.6769614557,417549.1287141357,1001150.3955881279,1001150.3955881279
2025-02-22T21:10:00.000+0000,998951.9555621292,619635.8579468891,999999.9999999999,999058.6769614557,417549.1287141357,1001150.3955881279,1001150.3955881279
2025-02-22T21:20:00.000+0000,998951.9555621292,619635.8579468891,999999.9999999999,999058.6769614557,417549.1287141357,1001150.3955881279,1001150.3955881279
2025-02-22T21:30:00.000+0000,998951.9555621292,619635.8579468891,999999.9999999999,999058.6769614557,417549.1287141357,1001150.3955881279,1001150.3955881279
2025-02-22T21:40:00.000+0000,998951.9555621292,619635.8579468891,999999.9999999999,999058.6769614557,417549.1287141357,1001150.3955881279,1001150.3955881279
2025-02-22T21:50:00.000+0000,998951.9555621292,619635.8579468891,999999.9999999999,999058.6769614557,417549.1287141357,1001150.3955881279,1001150.3955881279
2025-02-22T22:00:00.000+0000,998951.9555621292,619635.8579468891,999999.9999999999,999058.6769614557,417549.1287141357,1001150.3955881279,1001150.3955881279
2025-02-22T22:10:00.000+0000,998951.9555621292,619635.8579468891,999999.9999999999,999058.6769614557,417549.1287141357,1001150.3955881279,1001150.3955881279
2025-02-22T22:20:00.000+0000,998951.9555621292,619635.8579468891,999999.9999999999,999058.6769614557,417549.1287141357,1001150.3955881279,1001150.3955881279
2025-02-22T22:30:00.000+0000,998951.9555621292,619635.8579468891,999999.9999999999,999058.6769614557,417549.1287141357,1001150.3955881279,1001150.3955881279
2025-02-22T22:40:00.000+0000,998951.9555621292,619635.8579468891,999999.9999999999,999058.6769614557,417549.1287141357,1001150.3955881279,1001150.3955881279
2025-02-22T22:50:00.000+0000,998951.9555621292,619635.8579468891,999999.9999999999,999058.6769614557,417549.1287141357,1001150.3955881279,1001150.3955881279
2025-02-22T23:00:00.000+0000,998951.9555621292,619635.8579468891,999999.9999999999,999058.6769614557,417549.1287141357,1001150.3955881279,1001150.3955881279
2025-02-22T23:10:00.000+0000,998951.9555621292,619635.8579468891,999999.9999999999,999058.6769614557,417549.1287141357,1001150.3955881279,1001150.3955881279
2025-02-22T23:20:00.000+0000,998951.9555621292,619635.8579468891,999999.9999999999,999058.6769614557,417549.1287141357,1001150.3955881279,1001150.3955881279
2025-02-22T23:30:00.000+0000,998951.9555621292,619635.8579468891,999999.9999999999,999058.6769614557,417549.1287141357,1001150.3955881279,1001150.3955881279
2025-02-22T23:40:00.000+0000,998951.9555621292,619635.8579468891,999999.9999999999,999058.6769614557,417549.1287141357,1001150.3955881279,1001150.3955881279
2025-02-22T23:50:00.000+0000,998951.9555621292,619635.8579468891,999999.9999999999,999058.6769614557,417549.1287141357,1001150.3955881279,1001150.3955881279
2025-02-23T00:00:00.000+0000,998951.9555621292,619635.8579468891,999999.9999999999,999058.6769614557,417549.1287141357,1001150.3955881279,1001150.3955881279
2025-02-23T00:10:00.000+0000,998951.9555621292,619635.8579468891,999999.9999999999,999058.6769614557,417549.1287141357,1001150.3955881279,1001150.3955881279
2025-02-23T00:20:00.000+0000,998951.9555621292,619635.8579468891,999999.9999999999,999058.6769614557,417549.1287141357,1001150.3955881279,1001150.3955881279
2025-02-23T00:30:00.000+0000,998951.9555621292,619635.8579468891,999999.9999999999,999058.6769614557,417549.1287141357,1001150.3955881279,1001150.3955881279
2025-02-23T00:40:00.000+0000,998951.9555621292,619635.8579468891,999999.9999999999,999058.6769614557,417549.1287141357,1001150.3955881279,1001150.3955881279
2025-02-23T00:50:00.000+0000,998951.9555621292,619635.8579468891,999999.9999999999,999058.6769614557,417549.1287141357,1001150.3955881279,1001150.3955881279
2025-02-23T01:00:00.000+0000,998951.9555621292,619635.8579468891,999999.9999999999,999058.6769614557,417549.1287141357,1001150.3955881279,1001150.3955881279
2025-02-23T01:10:00.000+0000,998951.9555621292,619635.8579468891,999999.9999999999,999058.6769614557,417549.1287141357,1001150.3955881279,1001150.3955881279
2025-02-23T01:20:00.000+0000,998951.9555621292,619635.8579468891,999999.9999999999,999058.6769614557,417549.1287141357,1001150.3955881279,1001150.3955881279
2025-02-23T01:30:00.000+0000,998951.9555621292,619635.8579468891,999999.9999999999,999058.6769614557,417549.1287141357,1001150.3955881279,1001150.3955881279
2025-02-23T01:40:00.000+0000,998951.9555621292,619635.8579468891,999999.9999999999,999058.6769614557,417549.1287141357,1001150.3955881279,1001150.3955881279
2025-02-23T01:50:00.000+0000,998951.9555621292,619635.8579468891,999999.9999999999,999058.6769614557,417549.1287141357,1001150.3955881279,1001150.3955881279
2025-02-23T02:00:00.000+0000,998951.9555621292,619635.8579468891,999999.9999999999,999058.6769614557,417549.1287141357,1001150.3955881279,1001150.3955881279
2025-02-23T02:10:00.000+0000,998951.9555621292,619635.8579468891,999999.9999999999,999058.6769614557,417549.1287141357,1001150.3955881279,1001150.3955881279
2025-02-23T02:20:00.000+0000,998951.9555621292,619635.8579468891,999999.9999999999,999058.6769614557,417549.1287141357,1001150.3955881279,1001150.3955881279
2025-02-23T02:30:00.000+0000,998951.9555621292,619635.8579468891,999999.9999999999,999058.6769614557,417549.1287141357,1001150.3955881279,1001150.3955881279
2025-02-23T02:40:00.000+0000,998951.9555621292,619635.8579468891,999999.9999999999,999058.6769614557,417549.1287141357,1001150.3955881279,1001150.3955881279
2025-02-23T02:50:00.000+0000,998951.9555621292,619635.8579468891,999999.9999999999,999058.6769614557,417549.1287141357,1001150.3955881279,1001150.3955881279
2025-02-23T03:00:00.000+0000,998951.9555621292,619635.8579468891,999999.9999999999,999058.6769614557,417549.1287141357,1001150.3955881279,1001150.3955881279
2025-02-23T03:10:00.000+0000,998951.9555621292,619635.8579468891,999999.9999999999,999058.6769614557,417549.1287141357,1001150.3955881279,1001150.3955881279
2025-02-23T03:20:00.000+0000,998951.9555621292,619635.8579468891,999999.9999999999,999058.6769614557,417549.1287141357,1001150.3955881279,1001150.3955881279
2025-02-23T03:30:00.000+0000,998951.9555621292,619635.8579468891,999999.9999999999,999058.6769614557,417549.1287141357,1001150.3955881279,1001150.3955881279
2025-02-23T03:40:00.000+0000,998951.9555621292,619635.8579468891,999999.9999999999,999058.6769614557,417549.1287141357,1001150.3955881279,1001150.3955881279
2025-02-23T03:50:00.000+0000,998951.9555621292,619635.8579468891,999999.9999999999,999058.6769614557,417549.1287141357,1001150.3955881279,1001150.3955881279
2025-02-23T04:00:00.000+0000,998951.9555621292,619635.8579468891,999999.9999999999,999058.6769614557,417549.1287141357,1001150.3955881279,1001150.3955881279
2025-02-23T04:10:00.000+0000,998951.9555621292,619635.8579468891,999999.9999999999,999058.6769614557,417549.1287141357,1001150.3955881279,1001150.3955881279
2025-02-23T04:20:00.000+0000,998951.9555621292,619635.8579468891,999999.9999999999,999058.6769614557,417549.1287141357,1001150.3955881279,1001150.3955881279
2025-02-23T04:30:00.000+0000,998951.9555621292,619635.8579468891,999999.9999999999,999058.6769614557,417549.1287141357,1001150.3955881279,1001150.3955881279
2025-02-23T04:40:00.000+0000,998951.9555621292,619635.8579468891,999999.9999999999,999058.6769614557,417549.1287141357,1001150.3955881279,1001150.3955881279
2025-02-23T04:50:00.000+0000,998951.9555621292,619635.8579468891,999999.9999999999,999058.6769614557,417549.1287141357,1001150.3955881279,1001150.3955881279
2025-02-23T05:00:00.000+0000,998951.9555621292,619635.8579468891,999999.9999999999,999058.6769614557,417549.1287141357,1001150.3955881279,1001150.3955881279
2025-02-23T05:10:00.000+0000,998951.9555621292,619635.8579468891,999999.9999999999,999058.6769614557,417549.1287141357,1001150.3955881279,1001150.3955881279
2025-02-23T05:20:00.000+0000,998951.9555621292,619635.8579468891,999999.9999999999,999058.6769614557,417549.1287141357,1001150.3955881279,1001150.3955881279
2025-02-23T05:30:00.000+0000,998951.9555621292,619635.8579468891,999999.9999999999,999058.6769614557,417549.1287141357,1001150.3955881279,1001150.3955881279
2025-02-23T05:40:00.000+0000,998951.9555621292,619635.8579468891,999999.9999999999,999058.6769614557,417549.1287141357,1001150.3955881279,1001150.3955881279
2025-02-23T05:50:00.000+0000,998951.9555621292,619635.8579468891,999999.9999999999,999058.6769614557,417549.1287141357,1001150.3955881279,1001150.3955881279
2025-02-23T06:00:00.000+0000,998951.9555621292,619635.8579468891,999999.9999999999,999058.6769614557,417549.1287141357,1001150.3955881279,1001150.3955881279
2025-02-23T06:10:00.000+0000,998951.9555621292,619635.8579468891,999999.9999999999,999058.6769614557,417549.1287141357,1001150.3955881279,1001150.3955881279
2025-02-23T06:20:00.000+0000,998951.9555621292,619635.8579468891,999999.9999999999,999058.6769614557,417549.1287141357,1001150.3955881279,1001150.3955881279
2025-02-23T06:30:00.000+0000,998951.9555621292,619635.8579468891,999999.9999999999,999058.6769614557,417549.1287141357,1001150.3955881279,1001150.3955881279
2025-02-23T06:40:00.000+0000,998951.9555621292,619635.8579468891,999999.9999999999,999058.6769614557,417549.1287141357,1001150.3955881279,1001150.3955881279
2025-02-23T06:50:00.000+0000,998951.9555621292,619635.8579468891,999999.9999999999,999058.6769614557,417549.1287141357,1001150.3955881279,1001150.3955881279
2025-02-23T07:00:00.000+0000,998951.9555621292,619635.8579468891,999999.9999999999,999058.6769614557,417549.1287141357,1001150.3955881279,1001150.3955881279
2025-02-23T07:10:00.000+0000,998951.9555621292,619635.8579468891,999999.9999999999,999058.6769614557,417549.1287141357,1001150.3955881279,1001150.3955881279
2025-02-23T07:20:00.000+0000,998951.9555621292,619635.8579468891,999999.9999999999,999058.6769614557,417549.1287141357,1001150.3955881279,1001150.3955881279
2025-02-23T07:30:00.000+0000,998951.9555621292,619635.8579468891,999999.9999999999,999058.6769614557,417549.1287141357,1001150.3955881279,1001150.3955881279
2025-02-23T07:40:00.000+0000,998951.9555621292,619635.8579468891,999999.9999999999,999058.6769614557,417549.1287141357,1001150.3955881279,1001150.3955881279
2025-02-23T07:50:00.000+0000,998951.9555621292,619635.8579468891,999999.9999999999,999058.6769614557,417549.1287141357,1001150.3955881279,1001150.3955881279
2025-02-23T08:00:00.000+0000,998951.9555621292,619635.8579468891,999999.9999999999,999058.6769614557,417549.1287141357,1001150.3955881279,1001150.3955881279
2025-02-23T08:10:00.000+0000,998951.9555621292,619635.8579468891,999999.9999999999,999058.6769614557,417549.1287141357,1001150.3955881279,1001150.3955881279
2025-02-23T08:20:00.000+0000,998951.9555621292,619635.8579468891,999999.9999999999,999058.6769614557,417549.1287141357,1001150.3955881279,1001150.3955881279
2025-02-23T08:30:00.000+0000,998951.9555621292,619635.8579468891,999999.9999999999,999058.6769614557,417549.1287141357,1001150.3955881279,1001150.3955881279
2025-02-23T08:40:00.000+0000,998951.9555621292,619635.8579468891,999999.9999999999,999058.6769614557,417549.1287141357,1001150.3955881279,1001150.3955881279
2025-02-23T08:50:00.000+0000,998951.9555621292,619635.8579468891,999999.9999999999,999058.6769614557,417549.1287141357,1001150.3955881279,1001150.3955881279
2025-02-23T09:00:00.000+0000,998951.9555621292,619635.8579468891,999999.9999999999,999058.6769614557,417549.1287141357,1001150.3955881279,1001150.3955881279
2025-02-23T09:10:00.000+0000,998951.9555621292,619635.8579468891,999999.9999999999,999058.6769614557,417549.1287141357,1001150.3955881279,1001150.3955881279
2025-02-23T09:20:00.000+0000,998951.9555621292,619635.8579468891,999999.9999999999,999058.6769614557,417549.1287141357,1001150.3955881279,1001150.3955881279
2025-02-23T09:30:00.000+0000,998951.9555621292,619635.8579468891,999999.9999999999,999058.6769614557,417549.1287141357,1001150.3955881279,1001150.3955881279
2025-02-23T09:40:00.000+0000,998951.9555621292,619635.8579468891,999999.9999999999,999058.6769614557,417549.1287141357,1001150.3955881279,1001150.3955881279
2025-02-23T09:50:00.000+0000,998951.9555621292,619635.8579468891,999999.9999999999,999058.6769614557,417549.1287141357,1001150.3955881279,1001150.3955881279
2025-02-23T10:00:00.000+0000,998951.9555621292,619635.8579468891,999999.9999999999,999058.6769614557,417549.1287141357,1001150.3955881279,1001150.3955881279
2025-02-23T10:10:00.000+0000,998951.9555621292,619635.8579468891,999999.9999999999,999058.6769614557,417549.1287141357,1001150.3955881279,1001150.3955881279
2025-02-23T10:20:00.000+0000,998951.9555621292,619635.8579468891,999999.9999999999,999058.6769614557,417549.1287141357,1001150.3955881279,1001150.3955881279
2025-02-23T10:30:00.000+0000,998951.9555621292,619635.8579468891,999999.9999999999,999058.6769614557,417549.1287141357,1001150.3955881279,1001150.3955881279
2025-02-23T10:40:00.000+0000,998951.9555621292,619635.8579468891,999999.9999999999,999058.6769614557,417549.1287141357,1001150.3955881279,1001150.3955881279
2025-02-23T10:50:00.000+0000,998951.9555621292,619635.8579468891,999999.9999999999,999058.6769614557,417549.1287141357,1001150.3955881279,1001150.3955881279
2025-02-23T11:00:00.000+0000,998951.9555621292,619635.8579468891,999999.9999999999,999058.6769614557,417549.1287141357,1001150.3955881279,1001150.3955881279
2025-02-23T11:10:00.000+0000,998951.9555621292,619635.8579468891,999999.9999999999,999058.6769614557,417549.1287141357,1001150.3955881279,1001150.3955881279
2025-02-23T11:20:00.000+0000,998951.9555621292,619635.8579468891,999999.9999999999,999058.6769614557,417549.1287141357,1001150.3955881279,1001150.3955881279
2025-02-23T11:30:00.000+0000,998951.9555621292,619635.8579468891,999999.9999999999,999058.6769614557,417549.1287141357,1001150.3955881279,1001150.3955881279
2025-02-23T11:40:00.000+0000,998951.9555621292,619635.8579468891,999999.9999999999,999058.6769614557,417549.1287141357,1001150.3955881279,1001150.3955881279
2025-02-23T11:50:00.000+0000,998951.9555621292,619635.8579468891,999999.9999999999,999058.6769614557,417549.1287141357,1001150.3955881279,1001150.3955881279
2025-02-23T12:00:00.000+0000,998951.9555621292,619635.8579468891,999999.9999999999,999058.6769614557,417549.1287141357,1001150.3955881279,1001150.3955881279
2025-02-23T12:10:00.000+0000,998951.9555621292,619635.8579468891,999999.9999999999,999058.6769614557,417549.1287141357,1001150.3955881279,1001150.3955881279
2025-02-23T12:20:00.000+0000,998951.9555621292,619635.8579468891,999999.9999999999,999058.6769614557,417549.1287141357,1001150.3955881279,1001150.3955881279
2025-02-23T12:30:00.000+0000,998951.9555621292,619635.8579468891,999999.9999999999,999058.6769614557,417549.1287141357,1001150.3955881279,1001150.3955881279
2025-02-23T12:40:00.000+0000,998951.9555621292,619635.8579468891,999999.9999999999,999058.6769614557,417549.1287141357,1001150.3955881279,1001150.3955881279
2025-02-23T12:50:00.000+0000,998951.9555621292,619635.8579468891,999999.9999999999,999058.6769614557,417549.1287141357,1001150.3955881279,1001150.3955881279
2025-02-23T13:00:00.000+0000,998951.9555621292,619635.8579468891,999999.9999999999,999058.6769614557,417549.1287141357,1001150.3955881279,1001150.3955881279
2025-02-23T13:10:00.000+0000,998951.9555621292,619635.8579468891,999999.9999999999,999058.6769614557,417549.1287141357,1001150.3955881279,1001150.3955881279
2025-02-23T13:20:00.000+0000,998951.9555621292,619635.8579468891,999999.9999999999,999058.6769614557,417549.1287141357,1001150.3955881279,1001150.3955881279
2025-02-23T13:30:00.000+0000,998951.9555621292,619635.8579468891,999999.9999999999,999058.6769614557,417549.1287141357,1001150.3955881279,1001150.3955881279
2025-02-23T13:40:00.000+0000,998951.9555621292,619635.8579468891,999999.9999999999,999058.6769614557,417549.1287141357,1001150.3955881279,1001150.3955881279
2025-02-23T13:50:00.000+0000,998951.9555621292,619635.8579468891,999999.9999999999,999058.6769614557,417549.1287141357,1001150.3955881279,1001150.3955881279
2025-02-23T14:00:00.000+0000,998951.9555621292,619635.8579468891,999999.9999999999,999058.6769614557,417549.1287141357,1001150.3955881279,1001150.3955881279
2025-02-23T14:10:00.000+0000,998951.9555621292,619635.8579468891,999999.9999999999,999058.6769614557,417549.1287141357,1001150.3955881279,1001150.3955881279
2025-02-23T14:20:00.000+0000,998951.9555621292,619635.8579468891,999999.9999999999,999058.6769614557,417549.1287141357,1001150.3955881279,1001150.3955881279
2025-02-23T14:30:00.000+0000,998951.9555621292,619635.8579468891,999999.9999999999,999058.6769614557,417549.1287141357,1001150.3955881279,1001150.3955881279
2025-02-23T14:40:00.000+0000,998951.9555621292,619635.8579468891,999999.9999999999,999058.6769614557,417549.1287141357,1001150.3955881279,1001150.3955881279
2025-02-23T14:50:00.000+0000,998951.9555621292,619635.8579468891,999999.9999999999,999058.6769614557,417549.1287141357,1001150.3955881279,1001150.3955881279
2025-02-23T15:00:00.000+0000,998951.9555621292,619635.8579468891,999999.9999999999,999058.6769614557,417549.1287141357,1001150.3955881279,1001150.3955881279
2025-02-23T15:10:00.000+0000,998951.9555621292,619635.8579468891,999999.9999999999,999058.6769614557,417549.1287141357,1001150.3955881279,1001150.3955881279
2025-02-23T15:20:00.000+0000,998951.9555621292,619635.8579468891,999999.9999999999,999058.6769614557,417549.1287141357,1001150.3955881279,1001150.3955881279
2025-02-23T15:30:00.000+0000,998951.9555621292,619635.8579468891,999999.9999999999,999058.6769614557,417549.1287141357,1001150.3955881279,1001150.3955881279
2025-02-23T15:40:00.000+0000,998951.9555621292,619635.8579468891,999999.9999999999,999058.6769614557,417549.1287141357,1001150.3955881279,1001150.3955881279
2025-02-23T15:50:00.000+0000,998951.9555621292,619635.8579468891,999999.9999999999,999058.6769614557,417549.1287141357,1001150.3955881279,1001150.3955881279
2025-02-23T16:00:00.000+0000,998951.9555621292,619635.8579468891,999999.9999999999,999058.6769614557,417549.1287141357,1001150.3955881279,1001150.3955881279
2025-02-23T16:10:00.000+0000,998951.9555621292,619635.8579468891,999999.9999999999,999058.6769614557,417549.1287141357,1001150.3955881279,1001150.3955881279
2025-02-23T16:20:00.000+0000,998951.9555621292,619635.8579468891,999999.9999999999,999058.6769614557,417549.1287141357,1001150.3955881279,1001150.3955881279
2025-02-23T16:30:00.000+0000,998951.9555621292,619635.8579468891,999999.9999999999,999058.6769614557,417549.1287141357,1001150.3955881279,1001150.3955881279
2025-02-23T16:40:00.000+0000,998951.9555621292,619635.8579468891,999999.9999999999,999058.6769614557,417549.1287141357,1001150.3955881279,1001150.3955881279
2025-02-23T16:50:00.000+0000,998951.9555621292,619635.8579468891,999999.9999999999,999058.6769614557,417549.1287141357,1001150.3955881279,1001150.3955881279
2025-02-23T17:00:00.000+0000,998951.9555621292,619635.8579468891,999999.9999999999,999058.6769614557,417549.1287141357,1001150.3955881279,1001150.3955881279
2025-02-23T17:10:00.000+0000,998951.9555621292,619635.8579468891,999999.9999999999,999058.6769614557,417549.1287141357,1001150.3955881279,1001150.3955881279
2025-02-23T17:20:00.000+0000,998951.9555621292,619635.8579468891,999999.9999999999,999058.6769614557,417549.1287141357,1001150.3955881279,1001150.3955881279
2025-02-23T17:30:00.000+0000,998951.9555621292,619635.8579468891,999999.9999999999,999058.6769614557,417549.1287141357,1001150.3955881279,1001150.3955881279
2025-02-23T17:40:00.000+0000,998951.9555621292,619635.8579468891,999999.9999999999,999058.6769614557,417549.1287141357,1001150.3955881279,1001150.3955881279
2025-02-23T17:50:00.000+0000,998951.9555621292,619635.8579468891,999999.9999999999,999058.6769614557,417549.1287141357,1001150.3955881279,1001150.3955881279
2025-02-23T18:00:00.000+0000,998951.9555621292,619635.8579468891,999999.9999999999,999058.6769614557,417549.1287141357,1001150.3955881279,1001150.3955881279
2025-02-23T18:10:00.000+0000,998951.9555621292,619635.8579468891,999999.9999999999,999058.6769614557,417549.1287141357,1001150.3955881279,1001150.3955881279
2025-02-23T18:20:00.000+0000,998951.9555621292,619635.8579468891,999999.9999999999,999058.6769614557,417549.1287141357,1001150.3955881279,1001150.3955881279
2025-02-23T18:30:00.000+0000,998951.9555621292,619635.8579468891,999999.9999999999,999058.6769614557,417549.1287141357,1001150.3955881279,1001150.3955881279
2025-02-23T18:40:00.000+0000,998951.9555621292,619635.8579468891,999999.9999999999,999058.6769614557,417549.1287141357,1001150.3955881279,1001150.3955881279
2025-02-23T18:50:00.000+0000,998951.9555621292,619635.8579468891,999999.9999999999,999058.6769614557,417549.1287141357,1001150.3955881279,1001150.3955881279
2025-02-23T19:00:00.000+0000,998951.9555621292,619635.8579468891,999999.9999999999,999058.6769614557,417549.1287141357,1001150.3955881279,1001150.3955881279
2025-02-23T19:10:00.000+0000,998951.9555621292,619635.8579468891,999999.9999999999,999058.6769614557,417549.1287141357,1001150.3955881279,1001150.3955881279
2025-02-23T19:20:00.000+0000,998951.9555621292,619635.8579468891,999999.9999999999,999058.6769614557,417549.1287141357,1001150.3955881279,1001150.3955881279
2025-02-23T19:30:00.000+0000,998951.9555621292,619635.8579468891,999999.9999999999,999058.6769614557,417549.1287141357,1001150.3955881279,1001150.3955881279
2025-02-23T19:40:00.000+0000,998951.9555621292,619635.8579468891,999999.9999999999,999058.6769614557,417549.1287141357,1001150.3955881279,1001150.3955881279
2025-02-23T19:50:00.000+0000,998951.9555621292,619635.8579468891,999999.9999999999,999058.6769614557,417549.1287141357,1001150.3955881279,1001150.3955881279
2025-02-23T20:00:00.000+0000,998951.9555621292,619635.8579468891,999999.9999999999,999058.6769614557,417549.1287141357,1001150.3955881279,1001150.3955881279
2025-02-23T20:10:00.000+0000,998951.9555621292,619635.8579468891,999999.9999999999,999058.6769614557,417549.1287141357,1001150.3955881279,1001150.3955881279
2025-02-23T20:20:00.000+0000,998951.9555621292,619635.8579468891,999999.9999999999,999058.6769614557,417549.1287141357,1001150.3955881279,1001150.3955881279
2025-02-23T20:30:00.000+0000,998951.9555621292,619635.8579468891,999999.9999999999,999058.6769614557,417549.1287141357,1001150.3955881279,1001150.3955881279
2025-02-23T20:40:00.000+0000,998951.9555621292,619635.8579468891,999999.9999999999,999058.6769614557,417549.1287141357,1001150.3955881279,1001150.3955881279
2025-02-23T20:50:00.000+0000,998951.9555621292,619635.8579468891,999999.9999999999,999058.6769614557,417549.1287141357,1001150.3955881279,1001150.3955881279
2025-02-23T21:00:00.000+0000,998951.9555621292,619635.8579468891,999999.9999999999,999058.6769614557,417549.1287141357,1001150.3955881279,1001150.3955881279
2025-02-23T21:10:00.000+0000,998951.9555621292,619635.8579468891,999999.9999999999,999058.6769614557,417549.1287141357,1001150.3955881279,1001150.3955881279
2025-02-23T21:20:00.000+0000,998951.9555621292,619635.8579468891,999999.9999999999,999058.6769614557,417549.1287141357,1001150.3955881279,1001150.3955881279
2025-02-23T21:30:00.000+0000,998951.9555621292,619635.8579468891,999999.9999999999,999058.6769614557,417549.1287141357,1001150.3955881279,1001150.3955881279
2025-02-23T21:40:00.000+0000,998951.9555621292,619635.8579468891,999999.9999999999,999058.6769614557,417549.1287141357,1001150.3955881279,1001150.3955881279
2025-02-23T21:50:00.000+0000,998951.9555621292,619635.8579468891,999999.9999999999,999058.6769614557,417549.1287141357,1001150.3955881279,1001150.3955881279
2025-02-23T22:00:00.000+0000,998951.9555621292,619635.8579468891,999999.9999999999,999058.6769614557,417549.1287141357,1001150.3955881279,1001150.3955881279
2025-02-23T22:10:00.000+0000,998951.9555621292,619635.8579468891,999999.9999999999,999058.6769614557,417549.1287141357,1001150.3955881279,1001150.3955881279
2025-02-23T22:20:00.000+0000,998951.9555621292,619635.8579468891,999999.9999999999,999058.6769614557,417549.1287141357,1001150.3955881279,1001150.3955881279
2025-02-23T22:30:00.000+0000,998951.9555621292,619635.8579468891,999999.9999999999,999058.6769614557,417549.1287141357,1001150.3955881279,1001150.3955881279
2025-02-23T22:40:00.000+0000,998951.9555621292,619635.8579468891,999999.9999999999,999058.6769614557,417549.1287141357,1001150.3955881279,1001150.3955881279
2025-02-23T22:50:00.000+0000,998951.9555621292,619635.8579468891,999999.9999999999,999058.6769614557,417549.1287141357,1001150.3955881279,1001150.3955881279
2025-02-23T23:00:00.000+0000,998951.9555621292,619635.8579468891,999999.9999999999,999058.6769614557,417549.1287141357,1001150.3955881279,1001150.3955881279
2025-02-23T23:10:00.000+0000,998951.9555621292,619635.8579468891,999999.9999999999,999058.6769614557,417549.1287141357,1001150.3955881279,1001150.3955881279
2025-02-23T23:20:00.000+0000,998951.9555621292,619635.8579468891,999999.9999999999,999058.6769614557,417549.1287141357,1001150.3955881279,1001150.3955881279
2025-02-23T23:30:00.000+0000,998951.9555621292,619635.8579468891,999999.9999999999,999058.6769614557,417549.1287141357,1001150.3955881279,1001150.3955881279
2025-02-23T23:40:00.000+0000,998951.9555621292,619635.8579468891,999999.9999999999,999058.6769614557,417549.1287141357,1001150.3955881279,1001150.3955881279
2025-02-23T23:50:00.000+0000,998951.9555621292,619635.8579468891,999999.9999999999,999058.6769614557,417549.1287141357,1001150.3955881279,1001150.3955881279
2025-02-24T00:00:00.000+0000,998951.9555621292,619635.8579468891,999999.9999999999,999058.6769614557,417549.1287141357,1001150.3955881279,1001150.3955881279
2025-02-24T00:10:00.000+0000,998951.9555621292,619635.8579468891,999999.9999999999,999058.6769614557,417549.1287141357,1001150.3955881279,1001150.3955881279
2025-02-24T00:20:00.000+0000,998951.9555621292,619635.8579468891,999999.9999999999,999058.6769614557,417549.1287141357,1001150.3955881279,1001150.3955881279
2025-02-24T00:30:00.000+0000,998951.9555621292,619635.8579468891,999999.9999999999,999058.6769614557,417549.1287141357,1001150.3955881279,1001150.3955881279
2025-02-24T00:40:00.000+0000,998951.9555621292,619635.8579468891,999999.9999999999,999058.6769614557,417549.1287141357,1001150.3955881279,1001150.3955881279
2025-02-24T00:50:00.000+0000,998951.9555621292,619635.8579468891,999999.9999999999,999058.6769614557,417549.1287141357,1001150.3955881279,1001150.3955881279
2025-02-24T01:00:00.000+0000,998951.9555621292,619635.8579468891,999999.9999999999,999058.6769614557,417549.1287141357,1001150.3955881279,1001150.3955881279
2025-02-24T01:10:00.000+0000,998951.9555621292,619635.8579468891,999999.9999999999,999058.6769614557,417549.1287141357,1001150.3955881279,1001150.3955881279
2025-02-24T01:20:00.000+0000,998951.9555621292,619635.8579468891,999999.9999999999,999058.6769614557,417549.1287141357,1001150.3955881279,1001150.3955881279
2025-02-24T01:30:00.000+0000,998951.9555621292,619635.8579468891,999999.9999999999,999058.6769614557,417549.1287141357,1001150.3955881279,1001150.3955881279
2025-02-24T01:40:00.000+0000,998951.9555621292,619635.8579468891,999999.9999999999,999058.6769614557,417549.1287141357,1001150.3955881279,1001150.3955881279
2025-02-24T01:50:00.000+0000,998951.9555621292,619635.8579468891,999999.9999999999,999058.6769614557,417549.1287141357,1001150.3955881279,1001150.3955881279
2025-02-24T02:00:00.000+0000,998951.9555621292,619635.8579468891,999999.9999999999,999058.6769614557,417549.1287141357,1001150.3955881279,1001150.3955881279
2025-02-24T02:10:00.000+0000,998951.9555621292,619635.8579468891,999999.9999999999,999058.6769614557,417549.1287141357,1001150.3955881279,1001150.3955881279
2025-02-24T02:20:00.000+0000,998951.9555621292,619635.8579468891,999999.9999999999,999058.6769614557,417549.1287141357,1001150.3955881279,1001150.3955881279
2025-02-24T02:30:00.000+0000,998951.9555621292,619635.8579468891,999999.9999999999,999058.6769614557,417549.1287141357,1001150.3955881279,1001150.3955881279
2025-02-24T02:40:00.000+0000,998951.9555621292,619635.8579468891,999999.9999999999,999058.6769614557,417549.1287141357,1001150.3955881279,1001150.3955881279
2025-02-24T02:50:00.000+0000,998951.9555621292,619635.8579468891,999999.9999999999,999058.6769614557,417549.1287141357,1001150.3955881279,1001150.3955881279
2025-02-24T03:00:00.000+0000,998951.9555621292,619635.8579468891,999999.9999999999,999058.6769614557,417549.1287141357,1001150.3955881279,1001150.3955881279
2025-02-24T03:10:00.000+0000,998951.9555621292,619635.8579468891,999999.9999999999,999058.6769614557,417549.1287141357,1001150.3955881279,1001150.3955881279
2025-02-24T03:20:00.000+0000,998951.9555621292,619635.8579468891,999999.9999999999,999058.6769614557,417549.1287141357,1001150.3955881279,1001150.3955881279
2025-02-24T03:30:00.000+0000,998951.9555621292,619635.8579468891,999999.9999999999,999058.6769614557,417549.1287141357,1001150.3955881279,1001150.3955881279
2025-02-24T03:40:00.000+0000,998951.9555621292,619635.8579468891,999999.9999999999,999058.6769614557,417549.1287141357,1001150.3955881279,1001150.3955881279
2025-02-24T03:50:00.000+0000,998951.9555621292,619635.8579468891,999999.9999999999,999058.6769614557,417549.1287141357,1001150.3955881279,1001150.3955881279
2025-02-24T04:00:00.000+0000,998951.9555621292,619635.8579468891,999999.9999999999,999058.6769614557,417549.1287141357,1001150.3955881279,1001150.3955881279
2025-02-24T04:10:00.000+0000,998951.9555621292,619635.8579468891,999999.9999999999,999058.6769614557,417549.1287141357,1001150.3955881279,1001150.3955881279
2025-02-24T04:20:00.000+0000,998951.9555621292,619635.8579468891,999999.9999999999,999058.6769614557,417549.1287141357,1001150.3955881279,1001150.3955881279
2025-02-24T04:30:00.000+0000,998951.9555621292,619635.8579468891,999999.9999999999,999058.6769614557,417549.1287141357,1001150.3955881279,1001150.3955881279
2025-02-24T04:40:00.000+0000,998951.9555621292,619635.8579468891,999999.9999999999,999058.6769614557,417549.1287141357,1001150.3955881279,1001150.3955881279
2025-02-24T04:50:00.000+0000,998951.9555621292,619635.8579468891,999999.9999999999,999058.6769614557,417549.1287141357,1001150.3955881279,1001150.3955881279
2025-02-24T05:00:00.000+0000,998951.9555621292,619635.8579468891,999999.9999999999,999058.6769614557,417549.1287141357,1001150.3955881279,1001150.3955881279
2025-02-24T05:10:00.000+0000,998951.9555621292,619635.8579468891,999999.9999999999,999058.6769614557,417549.1287141357,1001150.3955881279,1001150.3955881279
2025-02-24T05:20:00.000+0000,998951.9555621292,619635.8579468891,999999.9999999999,999058.6769614557,417549.1287141357,1001150.3955881279,1001150.3955881279
2025-02-24T05:30:00.000+0000,998951.9555621292,619635.8579468891,999999.9999999999,999058.6769614557,417549.1287141357,1001150.3955881279,1001150.3955881279
2025-02-24T05:40:00.000+0000,998951.9555621292,619635.8579468891,999999.9999999999,999058.6769614557,417549.1287141357,1001150.3955881279,1001150.3955881279
2025-02-24T05:50:00.000+0000,998951.9555621292,619635.8579468891,999999.9999999999,999058.6769614557,417549.1287141357,1001150.3955881279,1001150.3955881279
2025-02-24T06:00:00.000+0000,998951.9555621292,619635.8579468891,999999.9999999999,999058.6769614557,417549.1287141357,1001150.3955881279,1001150.3955881279
2025-02-24T06:10:00.000+0000,998951.9555621292,619635.8579468891,999999.9999999999,999058.6769614557,417549.1287141357,1001150.3955881279,1001150.3955881279
2025-02-24T06:20:00.000+0000,998951.9555621292,619635.8579468891,999999.9999999999,999058.6769614557,417549.1287141357,1001150.3955881279,1001150.3955881279
2025-02-24T06:30:00.000+0000,998951.9555621292,619635.8579468891,999999.9999999999,999058.6769614557,417549.1287141357,1001150.3955881279,1001150.3955881279
2025-02-24T06:40:00.000+0000,998951.9555621292,619635.8579468891,999999.9999999999,999058.6769614557,417549.1287141357,1001150.3955881279,1001150.3955881279
2025-02-24T06:50:00.000+0000,998951.9555621292,619635.8579468891,999999.9999999999,999058.6769614557,417549.1287141357,1001150.3955881279,1001150.3955881279
2025-02-24T07:00:00.000+0000,998951.9555621292,619635.8579468891,999999.9999999999,999058.6769614557,417549.1287141357,1001150.3955881279,1001150.3955881279
2025-02-24T07:10:00.000+0000,998951.9555621292,619635.8579468891,999999.9999999999,999058.6769614557,417549.1287141357,1001150.3955881279,1001150.3955881279
2025-02-24T07:20:00.000+0000,998951.9555621292,619635.8579468891,999999.9999999999,999058.6769614557,417549.1287141357,1001150.3955881279,1001150.3955881279
2025-02-24T07:30:00.000+0000,998951.9555621292,619635.8579468891,999999.9999999999,999058.6769614557,417549.1287141357,1001150.3955881279,1001150.3955881279
2025-02-24T07:40:00.000+0000,998951.9555621292,619635.8579468891,999999.9999999999,999058.6769614557,417549.1287141357,1001150.3955881279,1001150.3955881279
2025-02-24T07:50:00.000+0000,998951.9555621292,619635.8579468891,999999.9999999999,999058.6769614557,417549.1287141357,1001150.3955881279,1001150.3955881279
2025-02-24T08:00:00.000+0000,998951.9555621292,619635.8579468891,999999.9999999999,999058.6769614557,417549.1287141357,1001150.3955881279,1001150.3955881279
2025-02-24T08:10:00.000+0000,998951.9555621292,619635.8579468891,999999.9999999999,999058.6769614557,417549.1287141357,1001150.3955881279,1001150.3955881279
2025-02-24T08:20:00.000+0000,998951.9555621292,619635.8579468891,999999.9999999999,999058.6769614557,417549.1287141357,1001150.3955881279,1001150.3955881279
2025-02-24T08:30:00.000+0000,998951.9555621292,619635.8579468891,999999.9999999999,999058.6769614557,417549.1287141357,1001150.3955881279,1001150.3955881279
2025-02-24T08:40:00.000+0000,998951.9555621292,619635.8579468891,999999.9999999999,999058.6769614557,417549.1287141357,1001150.3955881279,1001150.3955881279
2025-02-24T08:50:00.000+0000,998951.9555621292,619635.8579468891,999999.9999999999,999058.6769614557,417549.1287141357,1001150.3955881279,1001150.3955881279
2025-02-24T09:00:00.000+0000,998951.9555621292,619635.8579468891,999999.9999999999,999058.6769614557,417549.1287141357,1001150.3955881279,1001150.3955881279
2025-02-24T09:10:00.000+0000,998951.9555621292,619635.8579468891,999999.9999999999,999058.6769614557,417549.1287141357,1001150.3955881279,1001150.3955881279
2025-02-24T09:20:00.000+0000,998951.9555621292,619635.8579468891,999999.9999999999,999058.6769614557,417549.1287141357,1001150.3955881279,1001150.3955881279
2025-02-24T09:30:00.000+0000,998951.9555621292,619635.8579468891,999999.9999999999,999058.6769614557,417549.1287141357,1001150.3955881279,1001150.3955881279
2025-02-24T09:40:00.000+0000,998951.9555621292,619635.8579468891,999999.9999999999,999058.6769614557,417549.1287141357,1001150.3955881279,1001150.3955881279
2025-02-24T09:50:00.000+0000,998951.9555621292,619635.8579468891,999999.9999999999,999058.6769614557,417549.1287141357,1001150.3955881279,1001150.3955881279
2025-02-24T10:00:00.000+0000,998951.9555621292,619635.8579468891,999999.9999999999,999058.6769614557,417549.1287141357,1001150.3955881279,1001150.3955881279
2025-02-24T10:10:00.000+0000,998951.9555621292,619635.8579468891,999999.9999999999,999058.6769614557,417549.1287141357,1001150.3955881279,1001150.3955881279
2025-02-24T10:20:00.000+0000,998951.9555621292,619635.8579468891,999999.9999999999,999058.6769614557,417549.1287141357,1001150.3955881279,1001150.3955881279
2025-02-24T10:30:00.000+0000,998951.9555621292,619635.8579468891,999999.9999999999,999058.6769614557,417549.1287141357,1001150.3955881279,1001150.3955881279
2025-02-24T10:40:00.000+0000,998951.9555621292,619635.8579468891,999999.9999999999,999058.6769614557,417549.1287141357,1001150.3955881279,1001150.3955881279
2025-02-24T10:50:00.000+0000,998951.9555621292,619635.8579468891,999999.9999999999,999058.6769614557,417549.1287141357,1001150.3955881279,1001150.3955881279
2025-02-24T11:00:00.000+0000,998951.9555621292,619635.8579468891,999999.9999999999,999058.6769614557,417549.1287141357,1001150.3955881279,1001150.3955881279
2025-02-24T11:10:00.000+0000,998951.9555621292,619635.8579468891,999999.9999999999,999058.6769614557,417549.1287141357,1001150.3955881279,1001150.3955881279
2025-02-24T11:20:00.000+0000,998951.9555621292,619635.8579468891,999999.9999999999,999058.6769614557,417549.1287141357,1001150.3955881279,1001150.3955881279
2025-02-24T11:30:00.000+0000,998951.9555621292,619635.8579468891,999999.9999999999,999058.6769614557,417549.1287141357,1001150.3955881279,1001150.3955881279
2025-02-24T11:40:00.000+0000,998951.9555621292,619635.8579468891,999999.9999999999,999058.6769614557,417549.1287141357,1001150.3955881279,1001150.3955881279
2025-02-24T11:50:00.000+0000,998951.9555621292,619635.8579468891,999999.9999999999,999058.6769614557,417549.1287141357,1001150.3955881279,1001150.3955881279
2025-02-24T12:00:00.000+0000,998951.9555621292,619635.8579468891,999999.9999999999,999058.6769614557,417549.1287141357,1001150.3955881279,1001150.3955881279
2025-02-24T12:10:00.000+0000,998951.9555621292,619635.8579468891,999999.9999999999,999058.6769614557,417549.1287141357,1001150.3955881279,1001150.3955881279
2025-02-24T12:20:00.000+0000,998951.9555621292,619635.8579468891,999999.9999999999,999058.6769614557,417549.1287141357,1001150.3955881279,1001150.3955881279
2025-02-24T12:30:00.000+0000,998951.9555621292,619635.8579468891,999999.9999999999,999058.6769614557,417549.1287141357,1001150.3955881279,1001150.3955881279
2025-02-24T12:40:00.000+0000,998951.9555621292,619635.8579468891,999999.9999999999,999058.6769614557,417549.1287141357,1001150.3955881279,1001150.3955881279
2025-02-24T12:50:00.000+0000,998951.9555621292,619635.8579468891,999999.9999999999,999058.6769614557,417549.1287141357,1001150.3955881279,1001150.3955881279
2025-02-24T13:00:00.000+0000,998951.9555621292,619635.8579468891,999999.9999999999,999058.6769614557,417549.1287141357,1001150.3955881279,1001150.3955881279
2025-02-24T13:10:00.000+0000,998951.9555621292,619635.8579468891,999999.9999999999,999058.6769614557,417549.1287141357,1001150.3955881279,1001150.3955881279
2025-02-24T13:20:00.000+0000,998951.9555621292,619635.8579468891,999999.9999999999,999058.6769614557,417549.1287141357,1001150.3955881279,1001150.3955881279
2025-02-24T13:30:00.000+0000,998951.9555621292,619635.8579468891,999999.9999999999,999058.6769614557,417549.1287141357,1001150.3955881279,1001150.3955881279
2025-02-24T13:40:00.000+0000,998951.9555621292,619635.8579468891,999999.9999999999,999058.6769614557,417549.1287141357,1001150.3955881279,1001150.3955881279
2025-02-24T13:50:00.000+0000,998951.9555621292,619635.8579468891,999999.9999999999,999058.6769614557,417549.1287141357,1001150.3955881279,1001150.3955881279
2025-02-24T14:00:00.000+0000,998951.9555621292,619635.8579468891,999999.9999999999,999058.6769614557,417549.1287141357,1001150.3955881279,1001150.3955881279
2025-02-24T14:10:00.000+0000,998951.9555621292,619635.8579468891,999999.9999999999,999058.6769614557,417549.1287141357,1001150.3955881279,1001150.3955881279
2025-02-24T14:20:00.000+0000,998951.9555621292,619635.8579468891,999999.9999999999,999058.6769614557,417549.1287141357,1001150.3955881279,1001150.3955881279
2025-02-24T14:30:00.000+0000,998951.9555621292,619635.8579468891,999999.9999999999,999058.6769614557,417549.1287141357,1001150.3955881279,1001150.3955881279
2025-02-24T14:40:00.000+0000,998951.9555621292,619635.8579468891,999999.9999999999,999058.6769614557,417549.1287141357,1001150.3955881279,1001150.3955881279
2025-02-24T14:50:00.000+0000,998951.9555621292,619635.8579468891,999999.9999999999,999058.6769614557,417549.1287141357,1001150.3955881279,1001150.3955881279
2025-02-24T15:00:00.000+0000,998951.9555621292,619635.8579468891,999999.9999999999,999058.6769614557,417549.1287141357,1001150.3955881279,1001150.3955881279
2025-02-24T15:10:00.000+0000,998951.9555621292,619635.8579468891,999999.9999999999,999058.6769614557,417549.1287141357,1001150.3955881279,1001150.3955881279
2025-02-24T15:20:00.000+0000,998951.9555621292,619635.8579468891,999999.9999999999,999058.6769614557,417549.1287141357,1001150.3955881279,1001150.3955881279
2025-02-24T15:30:00.000+0000,998951.9555621292,619635.8579468891,999999.9999999999,999058.6769614557,417549.1287141357,1001150.3955881279,1001150.3955881279
2025-02-24T15:40:00.000+0000,998951.9555621292,619635.8579468891,999999.9999999999,999058.6769614557,417549.1287141357,1001150.3955881279,1001150.3955881279
2025-02-24T15:50:00.000+0000,998951.9555621292,619635.8579468891,999999.9999999999,999058.6769614557,417549.1287141357,1001150.3955881279,1001150.3955881279
2025-02-24T16:00:00.000+0000,998951.9555621292,619635.8579468891,999999.9999999999,999058.6769614557,417549.1287141357,1001150.3955881279,1001150.3955881279
2025-02-24T16:10:00.000+0000,998951.9555621292,619635.8579468891,999999.9999999999,999058.6769614557,417549.1287141357,1001150.3955881279,1001150.3955881279
2025-02-24T16:20:00.000+0000,998951.9555621292,619635.8579468891,999999.9999999999,999058.6769614557,417549.1287141357,1001150.3955881279,1001150.3955881279
2025-02-24T16:30:00.000+0000,998951.9555621292,619635.8579468891,999999.9999999999,999058.6769614557,417549.1287141357,1001150.3955881279,1001150.3955881279
2025-02-24T16:40:00.000+0000,998951.9555621292,619635.8579468891,999999.9999999999,999058.6769614557,417549.1287141357,1001150.3955881279,1001150.3955881279
2025-02-24T16:50:00.000+0000,998951.9555621292,619635.8579468891,999999.9999999999,999058.6769614557,417549.1287141357,1001150.3955881279,1001150.3955881279
2025-02-24T17:00:00.000+0000,998951.9555621292,619635.8579468891,999999.9999999999,999058.6769614557,417549.1287141357,1001150.3955881279,1001150.3955881279
2025-02-24T17:10:00.000+0000,998951.9555621292,619635.8579468891,999999.9999999999,999058.6769614557,417549.1287141357,1001150.3955881279,1001150.3955881279
2025-02-24T17:20:00.000+0000,998951.9555621292,619635.8579468891,999999.9999999999,999058.6769614557,417549.1287141357,1001150.3955881279,1001150.3955881279
2025-02-24T17:30:00.000+0000,998951.9555621292,619635.8579468891,999999.9999999999,999058.6769614557,417549.1287141357,1001150.3955881279,1001150.3955881279
2025-02-24T17:40:00.000+0000,998951.9555621292,619635.8579468891,999999.9999999999,999058.6769614557,417549.1287141357,1001150.3955881279,1001150.3955881279
2025-02-24T17:50:00.000+0000,998951.9555621292,619635.8579468891,999999.9999999999,999058.6769614557,417549.1287141357,1001150.3955881279,1001150.3955881279
2025-02-24T18:00:00.000+0000,998951.9555621292,619635.8579468891,999999.9999999999,999058.6769614557,417549.1287141357,1001150.3955881279,1001150.3955881279
2025-02-24T18:10:00.000+0000,998951.9555621292,619635.8579468891,999999.9999999999,999058.6769614557,417549.1287141357,1001150.3955881279,1001150.3955881279
2025-02-24T18:20:00.000+0000,998951.9555621292,619635.8579468891,999999.9999999999,999058.6769614557,417549.1287141357,1001150.3955881279,1001150.3955881279
2025-02-24T18:30:00.000+0000,998951.9555621292,619635.8579468891,999999.9999999999,999058.6769614557,417549.1287141357,1001150.3955881279,1001150.3955881279
2025-02-24T18:40:00.000+0000,998951.9555621292,619635.8579468891,999999.9999999999,999058.6769614557,417549.1287141357,1001150.3955881279,1001150.3955881279
2025-02-24T18:50:00.000+0000,998951.9555621292,619635.8579468891,999999.9999999999,999058.6769614557,417549.1287141357,1001150.3955881279,1001150.3955881279
2025-02-24T19:00:00.000+0000,998951.9555621292,619635.8579468891,999999.9999999999,999058.6769614557,417549.1287141357,1001150.3955881279,1001150.3955881279
2025-02-24T19:10:00.000+0000,998951.9555621292,619635.8579468891,999999.9999999999,999058.6769614557,417549.1287141357,1001150.3955881279,1001150.3955881279
2025-02-24T19:20:00.000+0000,998951.9555621292,619635.8579468891,999999.9999999999,999058.6769614557,417549.1287141357,1001150.3955881279,1001150.3955881279
2025-02-24T19:30:00.000+0000,998951.9555621292,619635.8579468891,999999.9999999999,999058.6769614557,417549.1287141357,1001150.3955881279,1001150.3955881279
2025-02-24T19:40:00.000+0000,998951.9555621292,619635.8579468891,999999.9999999999,999058.6769614557,417549.1287141357,1001150.3955881279,1001150.3955881279
2025-02-24T19:50:00.000+0000,998951.9555621292,619635.8579468891,999999.9999999999,999058.6769614557,417549.1287141357,1001150.3955881279,1001150.3955881279
2025-02-24T20:00:00.000+0000,998951.9555621292,619635.8579468891,999999.9999999999,999058.6769614557,417549.1287141357,1001150.3955881279,1001150.3955881279
2025-02-24T20:10:00.000+0000,998951.9555621292,619635.8579468891,999999.9999999999,999058.6769614557,417549.1287141357,1001150.3955881279,1001150.3955881279
2025-02-24T20:20:00.000+0000,998951.9555621292,619635.8579468891,999999.9999999999,999058.6769614557,417549.1287141357,1001150.3955881279,1001150.3955881279
2025-02-24T20:30:00.000+0000,998951.9555621292,619635.8579468891,999999.9999999999,999058.6769614557,417549.1287141357,1001150.3955881279,1001150.3955881279
2025-02-24T20:40:00.000+0000,998951.9555621292,619635.8579468891,999999.9999999999,999058.6769614557,417549.1287141357,1001150.3955881279,1001150.3955881279
2025-02-24T20:50:00.000+0000,998951.9555621292,619635.8579468891,999999.9999999999,999058.6769614557,417549.1287141357,1001150.3955881279,1001150.3955881279
2025-02-24T21:00:00.000+0000,998951.9555621292,619635.8579468891,999999.9999999999,999058.6769614557,417549.1287141357,1001150.3955881279,1001150.3955881279
2025-02-24T21:10:00.000+0000,998951.9555621292,619635.8579468891,999999.9999999999,999058.6769614557,417549.1287141357,1001150.3955881279,1001150.3955881279
2025-02-24T21:20:00.000+0000,998951.9555621292,619635.8579468891,999999.9999999999,999058.6769614557,417549.1287141357,1001150.3955881279,1001150.3955881279
2025-02-24T21:30:00.000+0000,998951.9555621292,619635.8579468891,999999.9999999999,999058.6769614557,417549.1287141357,1001150.3955881279,1001150.3955881279
2025-02-24T21:40:00.000+0000,998951.9555621292,619635.8579468891,999999.9999999999,999058.6769614557,417549.1287141357,1001150.3955881279,1001150.3955881279
2025-02-24T21:50:00.000+0000,998951.9555621292,619635.8579468891,999999.9999999999,999058.6769614557,417549.1287141357,1001150.3955881279,1001150.3955881279
2025-02-24T22:00:00.000+0000,998951.9555621292,619635.8579468891,999999.9999999999,999058.6769614557,417549.1287141357,1001150.3955881279,1001150.3955881279
2025-02-24T22:10:00.000+0000,998951.9555621292,619635.8579468891,999999.9999999999,999058.6769614557,417549.1287141357,1001150.3955881279,1001150.3955881279
2025-02-24T22:20:00.000+0000,998951.9555621292,619635.8579468891,999999.9999999999,999058.6769614557,417549.1287141357,1001150.3955881279,1001150.3955881279
2025-02-24T22:30:00.000+0000,998951.9555621292,619635.8579468891,999999.9999999999,999058.6769614557,417549.1287141357,1001150.3955881279,1001150.3955881279
2025-02-24T22:40:00.000+0000,998951.9555621292,619635.8579468891,999999.9999999999,999058.6769614557,417549.1287141357,1001150.3955881279,1001150.3955881279
2025-02-24T22:50:00.000+0000,998951.9555621292,619635.8579468891,999999.9999999999,999058.6769614557,417549.1287141357,1001150.3955881279,1001150.3955881279
2025-02-24T23:00:00.000+0000,998951.9555621292,619635.8579468891,999999.9999999999,999058.6769614557,417549.1287141357,1001150.3955881279,1001150.3955881279
2025-02-24T23:10:00.000+0000,998951.9555621292,619635.8579468891,999999.9999999999,999058.6769614557,417549.1287141357,1001150.3955881279,1001150.3955881279
2025-02-24T23:20:00.000+0000,998951.9555621292,619635.8579468891,999999.9999999999,999058.6769614557,417549.1287141357,1001150.3955881279,1001150.3955881279
2025-02-24T23:30:00.000+0000,998951.9555621292,619635.8579468891,999999.9999999999,999058.6769614557,417549.1287141357,1001150.3955881279,1001150.3955881279
2025-02-24T23:40:00.000+0000,998951.9555621292,619635.8579468891,999999.9999999999,999058.6769614557,417549.1287141357,1001150.3955881279,1001150.3955881279
2025-02-24T23:50:00.000+0000,998951.9555621292,619635.8579468891,999999.9999999999,999058.6769614557,417549.1287141357,1001150.3955881279,1001150.3955881279
2025-02-25T00:00:00.000+0000,998951.9555621292,619635.8579468891,999999.9999999999,999058.6769614557,417549.1287141357,1001150.3955881279,1001150.3955881279
2025-02-25T00:10:00.000+0000,998951.9555621292,619635.8579468891,999999.9999999999,999058.6769614557,417549.1287141357,1001150.3955881279,1001150.3955881279
2025-02-25T00:20:00.000+0000,998951.9555621292,619635.8579468891,999999.9999999999,999058.6769614557,417549.1287141357,1001150.3955881279,1001150.3955881279
2025-02-25T00:30:00.000+0000,998951.9555621292,619635.8579468891,999999.9999999999,999058.6769614557,417549.1287141357,1001150.3955881279,1001150.3955881279
2025-02-25T00:40:00.000+0000,998951.9555621292,619635.8579468891,999999.9999999999,999058.6769614557,417549.1287141357,1001150.3955881279,1001150.3955881279
2025-02-25T00:50:00.000+0000,998951.9555621292,619635.8579468891,999999.9999999999,999058.6769614557,417549.1287141357,1001150.3955881279,1001150.3955881279
2025-02-25T01:00:00.000+0000,998951.9555621292,619635.8579468891,999999.9999999999,999058.6769614557,417549.1287141357,1001150.3955881279,1001150.3955881279
2025-02-25T01:10:00.000+0000,998951.9555621292,619635.8579468891,999999.9999999999,999058.6769614557,417549.1287141357,1001150.3955881279,1001150.3955881279
2025-02-25T01:20:00.000+0000,998951.9555621292,619635.8579468891,999999.9999999999,999058.6769614557,417549.1287141357,1001150.3955881279,1001150.3955881279
2025-02-25T01:30:00.000+0000,998951.9555621292,619635.8579468891,999999.9999999999,999058.6769614557,417549.1287141357,1001150.3955881279,1001150.3955881279
2025-02-25T01:40:00.000+0000,998951.9555621292,619635.8579468891,999999.9999999999,999058.6769614557,417549.1287141357,1001150.3955881279,1001150.3955881279
2025-02-25T01:50:00.000+0000,998951.9555621292,619635.8579468891,999999.9999999999,999058.6769614557,417549.1287141357,1001150.3955881279,1001150.3955881279
2025-02-25T02:00:00.000+0000,998951.9555621292,619635.8579468891,999999.9999999999,999058.6769614557,417549.1287141357,1001150.3955881279,1001150.3955881279
2025-02-25T02:10:00.000+0000,998951.9555621292,619635.8579468891,999999.9999999999,999058.6769614557,417549.1287141357,1001150.3955881279,1001150.3955881279
2025-02-25T02:20:00.000+0000,998951.9555621292,619635.8579468891,999999.9999999999,999058.6769614557,417549.1287141357,1001150.3955881279,1001150.3955881279
2025-02-25T02:30:00.000+0000,998951.9555621292,619635.8579468891,999999.9999999999,999058.6769614557,417549.1287141357,1001150.3955881279,1001150.3955881279
2025-02-25T02:40:00.000+0000,998951.9555621292,619635.8579468891,999999.9999999999,999058.6769614557,417549.1287141357,1001150.3955881279,1001150.3955881279
2025-02-25T02:50:00.000+0000,998951.9555621292,619635.8579468891,999999.9999999999,999058.6769614557,417549.1287141357,1001150.3955881279,1001150.3955881279
2025-02-25T03:00:00.000+0000,998951.9555621292,619635.8579468891,999999.9999999999,999058.6769614557,417549.1287141357,1001150.3955881279,1001150.3955881279
2025-02-25T03:10:00.000+0000,998951.9555621292,619635.8579468891,999999.9999999999,999058.6769614557,417549.1287141357,1001150.3955881279,1001150.3955881279
2025-02-25T03:20:00.000+0000,998951.9555621292,619635.8579468891,999999.9999999999,999058.6769614557,417549.1287141357,1001150.3955881279,1001150.3955881279
2025-02-25T03:30:00.000+0000,998951.9555621292,619635.8579468891,999999.9999999999,999058.6769614557,417549.1287141357,1001150.3955881279,1001150.3955881279
2025-02-25T03:40:00.000+0000,998951.9555621292,619635.8579468891,999999.9999999999,999058.6769614557,417549.1287141357,1001150.3955881279,1001150.3955881279
2025-02-25T03:50:00.000+0000,998951.9555621292,619635.8579468891,999999.9999999999,999058.6769614557,417549.1287141357,1001150.3955881279,1001150.3955881279
2025-02-25T04:00:00.000+0000,998951.9555621292,619635.8579468891,999999.9999999999,999058.6769614557,417549.1287141357,1001150.3955881279,1001150.3955881279
2025-02-25T04:10:00.000+0000,998951.9555621292,619635.8579468891,999999.9999999999,999058.6769614557,417549.1287141357,1001150.3955881279,1001150.3955881279
2025-02-25T04:20:00.000+0000,998951.9555621292,619635.8579468891,999999.9999999999,999058.6769614557,417549.1287141357,1001150.3955881279,1001150.3955881279
2025-02-25T04:30:00.000+0000,998951.9555621292,619635.8579468891,999999.9999999999,999058.6769614557,417549.1287141357,1001150.3955881279,1001150.3955881279
2025-02-25T04:40:00.000+0000,998951.9555621292,619635.8579468891,999999.9999999999,999058.6769614557,417549.1287141357,1001150.3955881279,1001150.3955881279
2025-02-25T04:50:00.000+0000,998951.9555621292,619635.8579468891,999999.9999999999,999058.6769614557,417549.1287141357,1001150.3955881279,1001150.3955881279
2025-02-25T05:00:00.000+0000,998951.9555621292,619635.8579468891,999999.9999999999,999058.6769614557,417549.1287141357,1001150.3955881279,1001150.3955881279
2025-02-25T05:10:00.000+0000,998951.9555621292,619635.8579468891,999999.9999999999,999058.6769614557,417549.1287141357,1001150.3955881279,1001150.3955881279
2025-02-25T05:20:00.000+0000,998951.9555621292,619635.8579468891,999999.9999999999,999058.6769614557,417549.1287141357,1001150.3955881279,1001150.3955881279
2025-02-25T05:30:00.000+0000,998951.9555621292,619635.8579468891,999999.9999999999,999058.6769614557,417549.1287141357,1001150.3955881279,1001150.3955881279
2025-02-25T05:40:00.000+0000,998951.9555621292,619635.8579468891,999999.9999999999,999058.6769614557,417549.1287141357,1001150.3955881279,1001150.3955881279
2025-02-25T05:50:00.000+0000,998951.9555621292,619635.8579468891,999999.9999999999,999058.6769614557,417549.1287141357,1001150.3955881279,1001150.3955881279
2025-02-25T06:00:00.000+0000,998951.9555621292,619635.8579468891,999999.9999999999,999058.6769614557,417549.1287141357,1001150.3955881279,1001150.3955881279
2025-02-25T06:10:00.000+0000,998951.9555621292,619635.8579468891,999999.9999999999,999058.6769614557,417549.1287141357,1001150.3955881279,1001150.3955881279
2025-02-25T06:20:00.000+0000,998951.9555621292,619635.8579468891,999999.9999999999,999058.6769614557,417549.1287141357,1001150.3955881279,1001150.3955881279
2025-02-25T06:30:00.000+0000,998951.9555621292,619635.8579468891,999999.9999999999,999058.6769614557,417549.1287141357,1001150.3955881279,1001150.3955881279
2025-02-25T06:40:00.000+0000,998951.9555621292,619635.8579468891,999999.9999999999,999058.6769614557,417549.1287141357,1001150.3955881279,1001150.3955881279
2025-02-25T06:50:00.000+0000,998951.9555621292,619635.8579468891,999999.9999999999,999058.6769614557,417549.1287141357,1001150.3955881279,1001150.3955881279
2025-02-25T07:00:00.000+0000,998951.9555621292,619635.8579468891,999999.9999999999,999058.6769614557,417549.1287141357,1001150.3955881279,1001150.3955881279
2025-02-25T07:10:00.000+0000,998951.9555621292,619635.8579468891,999999.9999999999,999058.6769614557,417549.1287141357,1001150.3955881279,1001150.3955881279
2025-02-25T07:20:00.000+0000,998951.9555621292,619635.8579468891,999999.9999999999,999058.6769614557,417549.1287141357,1001150.3955881279,1001150.3955881279
2025-02-25T07:30:00.000+0000,998951.9555621292,619635.8579468891,999999.9999999999,999058.6769614557,417549.1287141357,1001150.3955881279,1001150.3955881279
2025-02-25T07:40:00.000+0000,998951.9555621292,619635.8579468891,999999.9999999999,999058.6769614557,417549.1287141357,1001150.3955881279,1001150.3955881279
2025-02-25T07:50:00.000+0000,998951.9555621292,619635.8579468891,999999.9999999999,999058.6769614557,417549.1287141357,1001150.3955881279,1001150.3955881279
2025-02-25T08:00:00.000+0000,998951.9555621292,619635.8579468891,999999.9999999999,999058.6769614557,417549.1287141357,1001150.3955881279,1001150.3955881279
2025-02-25T08:10:00.000+0000,998951.9555621292,619635.8579468891,999999.9999999999,999058.6769614557,417549.1287141357,1001150.3955881279,1001150.3955881279
2025-02-25T08:20:00.000+0000,998951.9555621292,619635.8579468891,999999.9999999999,999058.6769614557,417549.1287141357,1001150.3955881279,1001150.3955881279
2025-02-25T08:30:00.000+0000,998951.9555621292,619635.8579468891,999999.9999999999,999058.6769614557,417549.1287141357,1001150.3955881279,1001150.3955881279
2025-02-25T08:40:00.000+0000,998951.9555621292,619635.8579468891,999999.9999999999,999058.6769614557,417549.1287141357,1001150.3955881279,1001150.3955881279
2025-02-25T08:50:00.000+0000,998951.9555621292,619635.8579468891,999999.9999999999,999058.6769614557,417549.1287141357,1001150.3955881279,1001150.3955881279
2025-02-25T09:00:00.000+0000,998951.9555621292,619635.8579468891,999999.9999999999,999058.6769614557,417549.1287141357,1001150.3955881279,1001150.3955881279
2025-02-25T09:10:00.000+0000,998951.9555621292,619635.8579468891,999999.9999999999,999058.6769614557,417549.1287141357,1001150.3955881279,1001150.3955881279
2025-02-25T09:20:00.000+0000,998951.9555621292,619635.8579468891,999999.9999999999,999058.6769614557,417549.1287141357,1001150.3955881279,1001150.3955881279
2025-02-25T09:30:00.000+0000,998951.9555621292,619635.8579468891,999999.9999999999,999058.6769614557,417549.1287141357,1001150.3955881279,1001150.3955881279
2025-02-25T09:40:00.000+0000,998951.9555621292,619635.8579468891,999999.9999999999,999058.6769614557,417549.1287141357,1001150.3955881279,1001150.3955881279
2025-02-25T09:50:00.000+0000,998951.9555621292,619635.8579468891,999999.9999999999,999058.6769614557,417549.1287141357,1001150.3955881279,1001150.3955881279
2025-02-25T10:00:00.000+0000,998951.9555621292,619635.8579468891,999999.9999999999,999058.6769614557,417549.1287141357,1001150.3955881279,1001150.3955881279
2025-02-25T10:10:00.000+0000,998951.9555621292,619635.8579468891,999999.9999999999,999058.6769614557,417549.1287141357,1001150.3955881279,1001150.3955881279
2025-02-25T10:20:00.000+0000,998951.9555621292,619635.8579468891,999999.9999999999,999058.6769614557,417549.1287141357,1001150.3955881279,1001150.3955881279
2025-02-25T10:30:00.000+0000,998951.9555621292,619635.8579468891,999999.9999999999,999058.6769614557,417549.1287141357,1001150.3955881279,1001150.3955881279
2025-02-25T10:40:00.000+0000,998951.9555621292,619635.8579468891,999999.9999999999,999058.6769614557,417549.1287141357,1001150.3955881279,1001150.3955881279
2025-02-25T10:50:00.000+0000,998951.9555621292,619635.8579468891,999999.9999999999,999058.6769614557,417549.1287141357,1001150.3955881279,1001150.3955881279
2025-02-25T11:00:00.000+0000,998951.9555621292,619635.8579468891,999999.9999999999,999058.6769614557,417549.1287141357,1001150.3955881279,1001150.3955881279
2025-02-25T11:10:00.000+0000,998951.9555621292,619635.8579468891,999999.9999999999,999058.6769614557,417549.1287141357,1001150.3955881279,1001150.3955881279
2025-02-25T11:20:00.000+0000,998951.9555621292,619635.8579468891,999999.9999999999,999058.6769614557,417549.1287141357,1001150.3955881279,1001150.3955881279
2025-02-25T11:30:00.000+0000,998951.9555621292,619635.8579468891,999999.9999999999,999058.6769614557,417549.1287141357,1001150.3955881279,1001150.3955881279
2025-02-25T11:40:00.000+0000,998951.9555621292,619635.8579468891,999999.9999999999,999058.6769614557,417549.1287141357,1001150.3955881279,1001150.3955881279
2025-02-25T11:50:00.000+0000,998951.9555621292,619635.8579468891,999999.9999999999,999058.6769614557,417549.1287141357,1001150.3955881279,1001150.3955881279
2025-02-25T12:00:00.000+0000,998951.9555621292,619635.8579468891,999999.9999999999,999058.6769614557,417549.1287141357,1001150.3955881279,1001150.3955881279
2025-02-25T12:10:00.000+0000,998951.9555621292,619635.8579468891,999999.9999999999,999058.6769614557,417549.1287141357,1001150.3955881279,1001150.3955881279
2025-02-25T12:20:00.000+0000,998951.9555621292,619635.8579468891,999999.9999999999,999058.6769614557,417549.1287141357,1001150.3955881279,1001150.3955881279
2025-02-25T12:30:00.000+0000,998951.9555621292,619635.8579468891,999999.9999999999,999058.6769614557,417549.1287141357,1001150.3955881279,1001150.3955881279
2025-02-25T12:40:00.000+0000,998951.9555621292,619635.8579468891,999999.9999999999,999058.6769614557,417549.1287141357,1001150.3955881279,1001150.3955881279
2025-02-25T12:50:00.000+0000,998951.9555621292,619635.8579468891,999999.9999999999,999058.6769614557,417549.1287141357,1001150.3955881279,1001150.3955881279
2025-02-25T13:00:00.000+0000,998951.9555621292,619635.8579468891,999999.9999999999,999058.6769614557,417549.1287141357,1001150.3955881279,1001150.3955881279
2025-02-25T13:10:00.000+0000,998951.9555621292,619635.8579468891,999999.9999999999,999058.6769614557,417549.1287141357,1001150.3955881279,1001150.3955881279
2025-02-25T13:20:00.000+0000,998951.9555621292,619635.8579468891,999999.9999999999,999058.6769614557,417549.1287141357,1001150.3955881279,1001150.3955881279
2025-02-25T13:30:00.000+0000,998951.9555621292,619635.8579468891,999999.9999999999,999058.6769614557,417549.1287141357,1001150.3955881279,1001150.3955881279
2025-02-25T13:40:00.000+0000,998951.9555621292,619635.8579468891,999999.9999999999,999058.6769614557,417549.1287141357,1001150.3955881279,1001150.3955881279
2025-02-25T13:50:00.000+0000,998951.9555621292,619635.8579468891,999999.9999999999,999058.6769614557,417549.1287141357,1001150.3955881279,1001150.3955881279
2025-02-25T14:00:00.000+0000,998951.9555621292,619635.8579468891,999999.9999999999,999058.6769614557,417549.1287141357,1001150.3955881279,1001150.3955881279
2025-02-25T14:10:00.000+0000,998951.9555621292,619635.8579468891,999999.9999999999,999058.6769614557,417549.1287141357,1001150.3955881279,1001150.3955881279
2025-02-25T14:20:00.000+0000,998951.9555621292,619635.8579468891,999999.9999999999,999058.6769614557,417549.1287141357,1001150.3955881279,1001150.3955881279
2025-02-25T14:30:00.000+0000,998951.9555621292,619635.8579468891,999999.9999999999,999058.6769614557,417549.1287141357,1001150.3955881279,1001150.3955881279
2025-02-25T14:40:00.000+0000,998951.9555621292,619635.8579468891,999999.9999999999,999058.6769614557,417549.1287141357,1001150.3955881279,1001150.3955881279
2025-02-25T14:50:00.000+0000,998951.9555621292,619635.8579468891,999999.9999999999,999058.6769614557,417549.1287141357,1001150.3955881279,1001150.3955881279
2025-02-25T15:00:00.000+0000,998951.9555621292,619635.8579468891,999999.9999999999,999058.6769614557,417549.1287141357,1001150.3955881279,1001150.3955881279
2025-02-25T15:10:00.000+0000,998951.9555621292,619635.8579468891,999999.9999999999,999058.6769614557,417549.1287141357,1001150.3955881279,1001150.3955881279
2025-02-25T15:20:00.000+0000,998951.9555621292,619635.8579468891,999999.9999999999,999058.6769614557,417549.1287141357,1001150.3955881279,1001150.3955881279
2025-02-25T15:30:00.000+0000,998951.9555621292,619635.8579468891,999999.9999999999,999058.6769614557,417549.1287141357,1001150.3955881279,1001150.3955881279
2025-02-25T15:40:00.000+0000,998951.9555621292,619635.8579468891,999999.9999999999,999058.6769614557,417549.1287141357,1001150.3955881279,1001150.3955881279
2025-02-25T15:50:00.000+0000,998951.9555621292,619635.8579468891,999999.9999999999,999058.6769614557,417549.1287141357,1001150.3955881279,1001150.3955881279
2025-02-25T16:00:00.000+0000,998951.9555621292,619635.8579468891,999999.9999999999,999058.6769614557,417549.1287141357,1001150.3955881279,1001150.3955881279
2025-02-25T16:10:00.000+0000,998951.9555621292,619635.8579468891,999999.9999999999,999058.6769614557,417549.1287141357,1001150.3955881279,1001150.3955881279
2025-02-25T16:20:00.000+0000,998951.9555621292,619635.8579468891,999999.9999999999,999058.6769614557,417549.1287141357,1001150.3955881279,1001150.3955881279
2025-02-25T16:30:00.000+0000,998951.9555621292,619635.8579468891,999999.9999999999,999058.6769614557,417549.1287141357,1001150.3955881279,1001150.3955881279
2025-02-25T16:40:00.000+0000,998951.9555621292,619635.8579468891,999999.9999999999,999058.6769614557,417549.1287141357,1001150.3955881279,1001150.3955881279
2025-02-25T16:50:00.000+0000,998951.9555621292,619635.8579468891,999999.9999999999,999058.6769614557,417549.1287141357,1001150.3955881279,1001150.3955881279
2025-02-25T17:00:00.000+0000,998951.9555621292,619635.8579468891,999999.9999999999,999058.6769614557,417549.1287141357,1001150.3955881279,1001150.3955881279
2025-02-25T17:10:00.000+0000,998951.9555621292,619635.8579468891,999999.9999999999,999058.6769614557,417549.1287141357,1001150.3955881279,1001150.3955881279
2025-02-25T17:20:00.000+0000,998951.9555621292,619635.8579468891,999999.9999999999,999058.6769614557,417549.1287141357,1001150.3955881279,1001150.3955881279
2025-02-25T17:30:00.000+0000,998951.9555621292,619635.8579468891,999999.9999999999,999058.6769614557,417549.1287141357,1001150.3955881279,1001150.3955881279
2025-02-25T17:40:00.000+0000,998951.9555621292,619635.8579468891,999999.9999999999,999058.6769614557,417549.1287141357,1001150.3955881279,1001150.3955881279
2025-02-25T17:50:00.000+0000,998951.9555621292,619635.8579468891,999999.9999999999,999058.6769614557,417549.1287141357,1001150.3955881279,1001150.3955881279
2025-02-25T18:00:00.000+0000,998951.9555621292,619635.8579468891,999999.9999999999,999058.6769614557,417549.1287141357,1001150.3955881279,1001150.3955881279
2025-02-25T18:10:00.000+0000,998951.9555621292,619635.8579468891,999999.9999999999,999058.6769614557,417549.1287141357,1001150.3955881279,1001150.3955881279
2025-02-25T18:20:00.000+0000,998951.9555621292,619635.8579468891,999999.9999999999,999058.6769614557,417549.1287141357,1001150.3955881279,1001150.3955881279
2025-02-25T18:30:00.000+0000,998951.9555621292,619635.8579468891,999999.9999999999,999058.6769614557,417549.1287141357,1001150.3955881279,1001150.3955881279
2025-02-25T18:40:00.000+0000,998951.9555621292,619635.8579468891,999999.9999999999,999058.6769614557,417549.1287141357,1001150.3955881279,1001150.3955881279
2025-02-25T18:50:00.000+0000,998951.9555621292,619635.8579468891,999999.9999999999,999058.6769614557,417549.1287141357,1001150.3955881279,1001150.3955881279
2025-02-25T19:00:00.000+0000,998951.9555621292,619635.8579468891,999999.9999999999,999058.6769614557,417549.1287141357,1001150.3955881279,1001150.3955881279
2025-02-25T19:10:00.000+0000,998951.9555621292,619635.8579468891,999999.9999999999,999058.6769614557,417549.1287141357,1001150.3955881279,1001150.3955881279
2025-02-25T19:20:00.000+0000,998951.9555621292,619635.8579468891,999999.9999999999,999058.6769614557,417549.1287141357,1001150.3955881279,1001150.3955881279
2025-02-25T19:30:00.000+0000,998951.9555621292,619635.8579468891,999999.9999999999,999058.6769614557,417549.1287141357,1001150.3955881279,1001150.3955881279
2025-02-25T19:40:00.000+0000,998951.9555621292,619635.8579468891,999999.9999999999,999058.6769614557,417549.1287141357,1001150.3955881279,1001150.3955881279
2025-02-25T19:50:00.000+0000,998951.9555621292,619635.8579468891,999999.9999999999,999058.6769614557,417549.1287141357,1001150.3955881279,1001150.3955881279
2025-02-25T20:00:00.000+0000,998951.9555621292,619635.8579468891,999999.9999999999,999058.6769614557,417549.1287141357,1001150.3955881279,1001150.3955881279
2025-02-25T20:10:00.000+0000,998951.9555621292,619635.8579468891,999999.9999999999,999058.6769614557,417549.1287141357,1001150.3955881279,1001150.3955881279
2025-02-25T20:20:00.000+0000,998951.9555621292,619635.8579468891,999999.9999999999,999058.6769614557,417549.1287141357,1001150.3955881279,1001150.3955881279
2025-02-25T20:30:00.000+0000,998951.9555621292,619635.8579468891,999999.9999999999,999058.6769614557,417549.1287141357,1001150.3955881279,1001150.3955881279
2025-02-25T20:40:00.000+0000,998951.9555621292,619635.8579468891,999999.9999999999,999058.6769614557,417549.1287141357,1001150.3955881279,1001150.3955881279
2025-02-25T20:50:00.000+0000,998951.9555621292,619635.8579468891,999999.9999999999,999058.6769614557,417549.1287141357,1001150.3955881279,1001150.3955881279
2025-02-25T21:00:00.000+0000,998951.9555621292,619635.8579468891,999999.9999999999,999058.6769614557,417549.1287141357,1001150.3955881279,1001150.3955881279
2025-02-25T21:10:00.000+0000,998951.9555621288,619635.8579468891,999999.9999999999,999058.6769614555,417549.1287141357,1001150.3955881279,1001150.3955881279
2025-02-25T21:20:00.000+0000,998951.9555621287,696042.8083469686,999999.9999999999,999058.6769614555,455885.6426479756,1001150.3955881279,1001150.3955881279
2025-02-25T21:30:00.000+0000,998951.9555621288,810650.1568607291,999999.9999999999,999058.6769614554,513387.69847253605,1001150.3955881279,1001150.3955881279
2025-02-25T21:40:00.000+0000,998951.955562129,917618.3669781691,999999.9999999999,999058.6769614554,567059.6868042954,1001150.3955881279,1001150.3955881279
2025-02-25T21:50:00.000+0000,998951.955562129,917618.3669781691,999999.9999999999,999058.6769614554,567059.6868042954,1001150.3955881279,1001150.3955881279
2025-02-25T22:00:00.000+0000,998951.955562129,917618.3669781691,999999.9999999999,999058.6769614554,567059.6868042954,1001150.3955881279,1001150.3955881279
2025-02-25T22:10:00.000+0000,998951.955562129,917618.3669781691,999999.9999999999,999058.6769614554,567059.6868042954,1001150.3955881279,1001150.3955881279
2025-02-25T22:20:00.000+0000,998951.955562129,917618.3669781691,999999.9999999999,999058.6769614554,567059.6868042954,1001150.3955881279,1001150.3955881279
2025-02-25T22:30:00.000+0000,998951.955562129,917618.3669781691,999999.9999999999,999058.6769614554,567059.6868042954,1001150.3955881279,1001150.3955881279
2025-02-25T22:40:00.000+0000,998951.955562129,917618.3669781691,999999.9999999999,999058.6769614554,567059.6868042954,1001150.3955881279,1001150.3955881279
2025-02-25T22:50:00.000+0000,998951.955562129,917618.3669781691,999999.9999999999,999058.6769614554,567059.6868042954,1001150.3955881279,1001150.3955881279
2025-02-25T23:00:00.000+0000,998951.955562129,917618.3669781691,999999.9999999999,999058.6769614554,567059.6868042954,1001150.3955881279,1001150.3955881279
2025-02-25T23:10:00.000+0000,998951.955562129,917618.3669781691,999999.9999999999,999058.6769614554,567059.6868042954,1001150.3955881279,1001150.3955881279
2025-02-25T23:20:00.000+0000,998951.955562129,917618.3669781691,999999.9999999999,999058.6769614554,567059.6868042954,1001150.3955881279,1001150.3955881279
2025-02-25T23:30:00.000+0000,998951.955562129,917618.3669781691,999999.9999999999,999058.6769614554,567059.6868042954,1001150.3955881279,1001150.3955881279
2025-02-25T23:40:00.000+0000,998951.955562129,917618.3669781691,999999.9999999999,999058.6769614554,567059.6868042954,1001150.3955881279,1001150.3955881279
2025-02-25T23:50:00.000+0000,998951.955562129,917618.3669781691,999999.9999999999,999058.6769614554,567059.6868042954,1001150.3955881279,1001150.3955881279
2025-02-26T00:00:00.000+0000,998951.955562129,917618.3669781691,999999.9999999999,999058.6769614554,567059.6868042954,1001150.3955881279,1001150.3955881279
2025-02-26T00:10:00.000+0000,998951.955562129,917618.3669781691,999999.9999999999,999058.6769614554,567059.6868042954,1001150.3955881279,1001150.3955881279
2025-02-26T00:20:00.000+0000,998951.955562129,917618.3669781691,999999.9999999999,999058.6769614554,567059.6868042954,1001150.3955881279,1001150.3955881279
2025-02-26T00:30:00.000+0000,998951.955562129,917618.3669781691,999999.9999999999,999058.6769614554,567059.6868042954,1001150.3955881279,1001150.3955881279
2025-02-26T00:40:00.000+0000,998951.955562129,917618.3669781691,999999.9999999999,999058.6769614554,567059.6868042954,1001150.3955881279,1001150.3955881279
2025-02-26T00:50:00.000+0000,998951.955562129,917618.3669781691,999999.9999999999,999058.6769614554,567059.6868042954,1001150.3955881279,1001150.3955881279
2025-02-26T01:00:00.000+0000,998951.955562129,917618.3669781691,999999.9999999999,999058.6769614554,567059.6868042954,1001150.3955881279,1001150.3955881279
2025-02-26T01:10:00.000+0000,998951.955562129,917618.3669781691,999999.9999999999,999058.6769614554,567059.6868042954,1001150.3955881279,1001150.3955881279
2025-02-26T01:20:00.000+0000,998951.955562129,917618.3669781691,999999.9999999999,999058.6769614554,567059.6868042954,1001150.3955881279,1001150.3955881279
2025-02-26T01:30:00.000+0000,998951.955562129,917618.3669781691,999999.9999999999,999058.6769614554,567059.6868042954,1001150.3955881279,1001150.3955881279
2025-02-26T01:40:00.000+0000,998951.955562129,917618.3669781691,999999.9999999999,999058.6769614554,567059.6868042954,1001150.3955881279,1001150.3955881279
2025-02-26T01:50:00.000+0000,998951.955562129,917618.3669781691,999999.9999999999,999058.6769614554,567059.6868042954,1001150.3955881279,1001150.3955881279
2025-02-26T02:00:00.000+0000,998951.955562129,917618.3669781691,999999.9999999999,999058.6769614554,567059.6868042954,1001150.3955881279,1001150.3955881279
2025-02-26T02:10:00.000+0000,998951.955562129,917618.3669781691,999999.9999999999,999058.6769614554,567059.6868042954,1001150.3955881279,1001150.3955881279
2025-02-26T02:20:00.000+0000,998951.955562129,917618.3669781691,999999.9999999999,999058.6769614554,567059.6868042954,1001150.3955881279,1001150.3955881279
2025-02-26T02:30:00.000+0000,998951.955562129,917618.3669781691,999999.9999999999,999058.6769614554,567059.6868042954,1001150.3955881279,1001150.3955881279
2025-02-26T02:40:00.000+0000,998951.955562129,917618.3669781691,999999.9999999999,999058.6769614554,567059.6868042954,1001150.3955881279,1001150.3955881279
2025-02-26T02:50:00.000+0000,998951.955562129,917618.3669781691,999999.9999999999,999058.6769614554,567059.6868042954,1001150.3955881279,1001150.3955881279
2025-02-26T03:00:00.000+0000,998951.955562129,917618.3669781691,999999.9999999999,999058.6769614554,567059.6868042954,1001150.3955881279,1001150.3955881279
2025-02-26T03:10:00.000+0000,998951.955562129,917618.3669781691,999999.9999999999,999058.6769614554,567059.6868042954,1001150.3955881279,1001150.3955881279
2025-02-26T03:20:00.000+0000,998951.955562129,917618.3669781691,999999.9999999999,999058.6769614554,567059.6868042954,1001150.3955881279,1001150.3955881279
2025-02-26T03:30:00.000+0000,998951.955562129,917618.3669781691,999999.9999999999,999058.6769614554,567059.6868042954,1001150.3955881279,1001150.3955881279
2025-02-26T03:40:00.000+0000,998951.955562129,917618.3669781691,999999.9999999999,999058.6769614554,567059.6868042954,1001150.3955881279,1001150.3955881279
2025-02-26T03:50:00.000+0000,998951.955562129,917618.3669781691,999999.9999999999,999058.6769614554,567059.6868042954,1001150.3955881279,1001150.3955881279
2025-02-26T04:00:00.000+0000,998951.955562129,917618.3669781691,999999.9999999999,999058.6769614554,567059.6868042954,1001150.3955881279,1001150.3955881279
2025-02-26T04:10:00.000+0000,998951.955562129,917618.3669781691,999999.9999999999,999058.6769614554,567059.6868042954,1001150.3955881279,1001150.3955881279
2025-02-26T04:20:00.000+0000,998951.955562129,917618.3669781691,999999.9999999999,999058.6769614554,567059.6868042954,1001150.3955881279,1001150.3955881279
2025-02-26T04:30:00.000+0000,998951.955562129,917618.3669781691,999999.9999999999,999058.6769614554,567059.6868042954,1001150.3955881279,1001150.3955881279
2025-02-26T04:40:00.000+0000,998951.955562129,917618.3669781691,999999.9999999999,999058.6769614554,567059.6868042954,1001150.3955881279,1001150.3955881279
2025-02-26T04:50:00.000+0000,998951.955562129,917618.3669781691,999999.9999999999,999058.6769614554,567059.6868042954,1001150.3955881279,1001150.3955881279
2025-02-26T05:00:00.000+0000,998951.955562129,917618.3669781691,999999.9999999999,999058.6769614554,567059.6868042954,1001150.3955881279,1001150.3955881279
2025-02-26T05:10:00.000+0000,998951.955562129,917618.3669781691,999999.9999999999,999058.6769614554,567059.6868042954,1001150.3955881279,1001150.3955881279
2025-02-26T05:20:00.000+0000,998951.955562129,917618.3669781691,999999.9999999999,999058.6769614554,567059.6868042954,1001150.3955881279,1001150.3955881279
2025-02-26T05:30:00.000+0000,998951.955562129,917618.3669781691,999999.9999999999,999058.6769614554,567059.6868042954,1001150.3955881279,1001150.3955881279
2025-02-26T05:40:00.000+0000,998951.955562129,917618.3669781691,999999.9999999999,999058.6769614554,567059.6868042954,1001150.3955881279,1001150.3955881279
2025-02-26T05:50:00.000+0000,998951.955562129,917618.3669781691,999999.9999999999,999058.6769614554,567059.6868042954,1001150.3955881279,1001150.3955881279
2025-02-26T06:00:00.000+0000,998951.955562129,917618.3669781691,999999.9999999999,999058.6769614554,567059.6868042954,1001150.3955881279,1001150.3955881279
2025-02-26T06:10:00.000+0000,998951.955562129,917618.3669781691,999999.9999999999,999058.6769614554,567059.6868042954,1001150.3955881279,1001150.3955881279
2025-02-26T06:20:00.000+0000,998951.955562129,917618.3669781691,999999.9999999999,999058.6769614554,567059.6868042954,1001150.3955881279,1001150.3955881279
2025-02-26T06:30:00.000+0000,998951.955562129,917618.3669781691,999999.9999999999,999058.6769614554,567059.6868042954,1001150.3955881279,1001150.3955881279
2025-02-26T06:40:00.000+0000,998951.955562129,917618.3669781691,999999.9999999999,999058.6769614554,567059.6868042954,1001150.3955881279,1001150.3955881279
2025-02-26T06:50:00.000+0000,998951.955562129,917618.3669781691,999999.9999999999,999058.6769614554,567059.6868042954,1001150.3955881279,1001150.3955881279
2025-02-26T07:00:00.000+0000,998951.955562129,917618.3669781691,999999.9999999999,999058.6769614554,567059.6868042954,1001150.3955881279,1001150.3955881279
2025-02-26T07:10:00.000+0000,998951.955562129,917618.3669781691,999999.9999999999,999058.6769614554,567059.6868042954,1001150.3955881279,1001150.3955881279
2025-02-26T07:20:00.000+0000,998951.955562129,917618.3669781691,999999.9999999999,999058.6769614554,567059.6868042954,1001150.3955881279,1001150.3955881279
2025-02-26T07:30:00.000+0000,998951.955562129,917618.3669781691,999999.9999999999,999058.6769614554,567059.6868042954,1001150.3955881279,1001150.3955881279
2025-02-26T07:40:00.000+0000,998951.955562129,917618.3669781691,999999.9999999999,999058.6769614554,567059.6868042954,1001150.3955881279,1001150.3955881279
2025-02-26T07:50:00.000+0000,998951.955562129,917618.3669781691,999999.9999999999,999058.6769614554,567059.6868042954,1001150.3955881279,1001150.3955881279
2025-02-26T08:00:00.000+0000,998951.955562129,917618.3669781691,999999.9999999999,999058.6769614554,567059.6868042954,1001150.3955881279,1001150.3955881279
2025-02-26T08:10:00.000+0000,998951.955562129,917618.3669781691,999999.9999999999,999058.6769614554,567059.6868042954,1001150.3955881279,1001150.3955881279
2025-02-26T08:20:00.000+0000,998951.955562129,917618.3669781691,999999.9999999999,999058.6769614554,567059.6868042954,1001150.3955881279,1001150.3955881279
2025-02-26T08:30:00.000+0000,998951.955562129,917618.3669781691,999999.9999999999,999058.6769614554,567059.6868042954,1001150.3955881279,1001150.3955881279
2025-02-26T08:40:00.000+0000,998951.955562129,917618.3669781691,999999.9999999999,999058.6769614554,567059.6868042954,1001150.3955881279,1001150.3955881279
2025-02-26T08:50:00.000+0000,998951.955562129,917618.3669781691,999999.9999999999,999058.6769614554,567059.6868042954,1001150.3955881279,1001150.3955881279
2025-02-26T09:00:00.000+0000,998951.955562129,917618.3669781691,999999.9999999999,999058.6769614554,567059.6868042954,1001150.3955881279,1001150.3955881279
2025-02-26T09:10:00.000+0000,998951.955562129,917618.3669781691,999999.9999999999,999058.6769614554,567059.6868042954,1001150.3955881279,1001150.3955881279
2025-02-26T09:20:00.000+0000,998951.955562129,917618.3669781691,999999.9999999999,999058.6769614554,567059.6868042954,1001150.3955881279,1001150.3955881279
2025-02-26T09:30:00.000+0000,998951.955562129,917618.3669781691,999999.9999999999,999058.6769614554,567059.6868042954,1001150.3955881279,1001150.3955881279
2025-02-26T09:40:00.000+0000,998951.955562129,917618.3669781691,999999.9999999999,999058.6769614554,567059.6868042954,1001150.3955881279,1001150.3955881279
2025-02-26T09:50:00.000+0000,998951.955562129,917618.3669781691,999999.9999999999,999058.6769614554,567059.6868042954,1001150.3955881279,1001150.3955881279
2025-02-26T10:00:00.000+0000,998951.955562129,917618.3669781691,999999.9999999999,999058.6769614554,567059.6868042954,1001150.3955881279,1001150.3955881279
2025-02-26T10:10:00.000+0000,998951.955562129,917618.3669781691,999999.9999999999,999058.6769614554,567059.6868042954,1001150.3955881279,1001150.3955881279
2025-02-26T10:20:00.000+0000,998951.955562129,917618.3669781691,999999.9999999999,999058.6769614554,567059.6868042954,1001150.3955881279,1001150.3955881279
2025-02-26T10:30:00.000+0000,998951.955562129,917618.3669781691,999999.9999999999,999058.6769614554,567059.6868042954,1001150.3955881279,1001150.3955881279
2025-02-26T10:40:00.000+0000,998951.955562129,917618.3669781691,999999.9999999999,999058.6769614554,567059.6868042954,1001150.3955881279,1001150.3955881279
2025-02-26T10:50:00.000+0000,998951.955562129,917618.3669781691,999999.9999999999,999058.6769614554,567059.6868042954,1001150.3955881279,1001150.3955881279
2025-02-26T11:00:00.000+0000,998951.955562129,917618.3669781691,999999.9999999999,999058.6769614554,567059.6868042954,1001150.3955881279,1001150.3955881279
2025-02-26T11:10:00.000+0000,998951.955562129,917618.3669781691,999999.9999999999,999058.6769614554,567059.6868042954,1001150.3955881279,1001150.3955881279
2025-02-26T11:20:00.000+0000,998951.955562129,917618.3669781691,999999.9999999999,999058.6769614554,567059.6868042954,1001150.3955881279,1001150.3955881279
2025-02-26T11:30:00.000+0000,998951.955562129,917618.3669781691,999999.9999999999,999058.6769614554,567059.6868042954,1001150.3955881279,1001150.3955881279
2025-02-26T11:40:00.000+0000,998951.955562129,917618.3669781691,999999.9999999999,999058.6769614554,567059.6868042954,1001150.3955881279,1001150.3955881279
2025-02-26T11:50:00.000+0000,998951.955562129,917618.3669781691,999999.9999999999,999058.6769614554,567059.6868042954,1001150.3955881279,1001150.3955881279
2025-02-26T12:00:00.000+0000,998951.955562129,917618.3669781691,999999.9999999999,999058.6769614554,567059.6868042954,1001150.3955881279,1001150.3955881279
2025-02-26T12:10:00.000+0000,998951.955562129,917618.3669781691,999999.9999999999,999058.6769614554,567059.6868042954,1001150.3955881279,1001150.3955881279
2025-02-26T12:20:00.000+0000,998951.955562129,917618.3669781691,999999.9999999999,999058.6769614554,567059.6868042954,1001150.3955881279,1001150.3955881279
2025-02-26T12:30:00.000+0000,998951.955562129,917618.3669781691,999999.9999999999,999058.6769614554,567059.6868042954,1001150.3955881279,1001150.3955881279
2025-02-26T12:40:00.000+0000,998951.955562129,917618.3669781691,999999.9999999999,999058.6769614554,567059.6868042954,1001150.3955881279,1001150.3955881279
2025-02-26T12:50:00.000+0000,998951.955562129,917618.3669781691,999999.9999999999,999058.6769614554,567059.6868042954,1001150.3955881279,1001150.3955881279
2025-02-26T13:00:00.000+0000,998951.955562129,917618.3669781691,999999.9999999999,999058.6769614554,567059.6868042954,1001150.3955881279,1001150.3955881279
2025-02-26T13:10:00.000+0000,998951.955562129,917618.3669781691,999999.9999999999,999058.6769614554,567059.6868042954,1001150.3955881279,1001150.3955881279
2025-02-26T13:20:00.000+0000,998951.955562129,917618.3669781691,999999.9999999999,999058.6769614554,567059.6868042954,1001150.3955881279,1001150.3955881279
2025-02-26T13:30:00.000+0000,998951.955562129,917618.3669781691,999999.9999999999,999058.6769614554,567059.6868042954,1001150.3955881279,1001150.3955881279
2025-02-26T13:40:00.000+0000,998951.955562129,917618.3669781691,999999.9999999999,999058.6769614554,567059.6868042954,1001150.3955881279,1001150.3955881279
2025-02-26T13:50:00.000+0000,998951.955562129,917618.3669781691,999999.9999999999,999058.6769614554,567059.6868042954,1001150.3955881279,1001150.3955881279
2025-02-26T14:00:00.000+0000,998951.955562129,917618.3669781691,999999.9999999999,999058.6769614554,567059.6868042954,1001150.3955881279,1001150.3955881279
2025-02-26T14:10:00.000+0000,998951.955562129,917618.3669781691,999999.9999999999,999058.6769614554,567059.6868042954,1001150.3955881279,1001150.3955881279
2025-02-26T14:20:00.000+0000,998951.955562129,917618.3669781691,999999.9999999999,999058.6769614554,567059.6868042954,1001150.3955881279,1001150.3955881279
2025-02-26T14:30:00.000+0000,998951.955562129,917618.3669781691,999999.9999999999,999058.6769614554,567059.6868042954,1001150.3955881279,1001150.3955881279
2025-02-26T14:40:00.000+0000,998951.955562129,917618.3669781691,999999.9999999999,999058.6769614554,567059.6868042954,1001150.3955881279,1001150.3955881279
2025-02-26T14:50:00.000+0000,998951.955562129,917618.3669781691,999999.9999999999,999058.6769614554,567059.6868042954,1001150.3955881279,1001150.3955881279
2025-02-26T15:00:00.000+0000,998951.955562129,917618.3669781691,999999.9999999999,999058.6769614554,567059.6868042954,1001150.3955881279,1001150.3955881279
2025-02-26T15:10:00.000+0000,998951.955562129,917618.3669781691,999999.9999999999,999058.6769614554,567059.6868042954,1001150.3955881279,1001150.3955881279
2025-02-26T15:20:00.000+0000,998951.955562129,917618.3669781691,999999.9999999999,999058.6769614554,567059.6868042954,1001150.3955881279,1001150.3955881279
2025-02-26T15:30:00.000+0000,998951.955562129,917618.3669781691,999999.9999999999,999058.6769614554,567059.6868042954,1001150.3955881279,1001150.3955881279
2025-02-26T15:40:00.000+0000,998951.955562129,917618.3669781691,999999.9999999999,999058.6769614554,567059.6868042954,1001150.3955881279,1001150.3955881279
2025-02-26T15:50:00.000+0000,998951.955562129,917618.3669781691,999999.9999999999,999058.6769614554,567059.6868042954,1001150.3955881279,1001150.3955881279
2025-02-26T16:00:00.000+0000,998951.955562129,917618.3669781691,999999.9999999999,999058.6769614554,567059.6868042954,1001150.3955881279,1001150.3955881279
2025-02-26T16:10:00.000+0000,998951.955562129,917618.3669781691,999999.9999999999,999058.6769614554,567059.6868042954,1001150.3955881279,1001150.3955881279
2025-02-26T16:20:00.000+0000,998951.955562129,917618.3669781691,999999.9999999999,999058.6769614554,567059.6868042954,1001150.3955881279,1001150.3955881279
2025-02-26T16:30:00.000+0000,998951.955562129,917618.3669781691,999999.9999999999,999058.6769614554,567059.6868042954,1001150.3955881279,1001150.3955881279
2025-02-26T16:40:00.000+0000,998951.955562129,917618.3669781691,999999.9999999999,999058.6769614554,567059.6868042954,1001150.3955881279,1001150.3955881279
2025-02-26T16:50:00.000+0000,998951.955562129,917618.3669781691,999999.9999999999,999058.6769614554,567059.6868042954,1001150.3955881279,1001150.3955881279
2025-02-26T17:00:00.000+0000,998951.955562129,917618.3669781691,999999.9999999999,999058.6769614554,567059.6868042954,1001150.3955881279,1001150.3955881279
2025-02-26T17:10:00.000+0000,998951.955562129,917618.3669781691,999999.9999999999,999058.6769614554,567059.6868042954,1001150.3955881279,1001150.3955881279
2025-02-26T17:20:00.000+0000,998951.955562129,917618.3669781691,999999.9999999999,999058.6769614554,567059.6868042954,1001150.3955881279,1001150.3955881279
2025-02-26T17:30:00.000+0000,998951.955562129,917618.3669781691,999999.9999999999,999058.6769614554,567059.6868042954,1001150.3955881279,1001150.3955881279
2025-02-26T17:40:00.000+0000,998951.955562129,917618.3669781691,999999.9999999999,999058.6769614554,567059.6868042954,1001150.3955881279,1001150.3955881279
2025-02-26T17:50:00.000+0000,998951.955562129,917618.3669781691,999999.9999999999,999058.6769614554,567059.6868042954,1001150.3955881279,1001150.3955881279
2025-02-26T18:00:00.000+0000,998951.955562129,917618.3669781691,999999.9999999999,999058.6769614554,567059.6868042954,1001150.3955881279,1001150.3955881279
2025-02-26T18:10:00.000+0000,998951.955562129,917618.3669781691,999999.9999999999,999058.6769614554,567059.6868042954,1001150.3955881279,1001150.3955881279
2025-02-26T18:20:00.000+0000,998951.955562129,917618.3669781691,999999.9999999999,999058.6769614554,567059.6868042954,1001150.3955881279,1001150.3955881279
2025-02-26T18:30:00.000+0000,998951.955562129,917618.3669781691,999999.9999999999,999058.6769614554,567059.6868042954,1001150.3955881279,1001150.3955881279
2025-02-26T18:40:00.000+0000,998951.955562129,917618.3669781691,999999.9999999999,999058.6769614554,567059.6868042954,1001150.3955881279,1001150.3955881279
2025-02-26T18:50:00.000+0000,998951.955562129,917618.3669781691,999999.9999999999,999058.6769614554,567059.6868042954,1001150.3955881279,1001150.3955881279
2025-02-26T19:00:00.000+0000,998951.955562129,917618.3669781691,999999.9999999999,999058.6769614554,567059.6868042954,1001150.3955881279,1001150.3955881279
2025-02-26T19:10:00.000+0000,998951.955562129,917618.3669781691,999999.9999999999,999058.6769614554,567059.6868042954,1001150.3955881279,1001150.3955881279
2025-02-26T19:20:00.000+0000,998951.955562129,917618.3669781691,999999.9999999999,999058.6769614554,567059.6868042954,1001150.3955881279,1001150.3955881279
2025-02-26T19:30:00.000+0000,998951.955562129,917618.3669781691,999999.9999999999,999058.6769614554,567059.6868042954,1001150.3955881279,1001150.3955881279
2025-02-26T19:40:00.000+0000,998951.955562129,917618.3669781691,999999.9999999999,999058.6769614554,567059.6868042954,1001150.3955881279,1001150.3955881279
2025-02-26T19:50:00.000+0000,998951.955562129,917618.3669781691,999999.9999999999,999058.6769614554,567059.6868042954,1001150.3955881279,1001150.3955881279
2025-02-26T20:00:00.000+0000,998951.955562129,917618.3669781691,999999.9999999999,999058.6769614554,567059.6868042954,1001150.3955881279,1001150.3955881279
2025-02-26T20:10:00.000+0000,998951.955562129,917618.3669781691,999999.9999999999,999058.6769614554,567059.6868042954,1001150.3955881279,1001150.3955881279
2025-02-26T20:20:00.000+0000,998951.955562129,917618.3669781691,999999.9999999999,999058.6769614554,567059.6868042954,1001150.3955881279,1001150.3955881279
2025-02-26T20:30:00.000+0000,998951.955562129,917618.3669781691,999999.9999999999,999058.6769614554,567059.6868042954,1001150.3955881279,1001150.3955881279
2025-02-26T20:40:00.000+0000,998951.955562129,917618.3669781691,999999.9999999999,999058.6769614554,567059.6868042954,1001150.3955881279,1001150.3955881279
2025-02-26T20:50:00.000+0000,998951.955562129,917618.3669781691,999999.9999999999,999058.6769614554,567059.6868042954,1001150.3955881279,1001150.3955881279
2025-02-26T21:00:00.000+0000,998951.955562129,917618.3669781691,999999.9999999999,999058.6769614554,567059.6868042954,1001150.3955881279,1001150.3955881279
2025-02-26T21:10:00.000+0000,998951.955562129,917618.3669781691,999999.9999999999,999058.6769614554,567059.6868042954,1001150.3955881279,1001150.3955881279
2025-02-26T21:20:00.000+0000,998951.955562129,917618.3669781691,999999.9999999999,999058.6769614554,567059.6868042954,1001150.3955881279,1001150.3955881279
2025-02-26T21:30:00.000+0000,998951.955562129,917618.3669781691,999999.9999999999,999058.6769614554,567059.6868042954,1001150.3955881279,1001150.3955881279
2025-02-26T21:40:00.000+0000,998951.955562129,917618.3669781691,999999.9999999999,999058.6769614554,567059.6868042954,1001150.3955881279,1001150.3955881279
2025-02-26T21:50:00.000+0000,998951.955562129,917618.3669781691,999999.9999999999,999058.6769614554,567059.6868042954,1001150.3955881279,1001150.3955881279
2025-02-26T22:00:00.000+0000,998951.955562129,917618.3669781691,999999.9999999999,999058.6769614554,567059.6868042954,1001150.3955881279,1001150.3955881279
2025-02-26T22:10:00.000+0000,998951.955562129,917618.3669781691,999999.9999999999,999058.6769614554,567059.6868042954,1001150.3955881279,1001150.3955881279
2025-02-26T22:20:00.000+0000,998951.955562129,917618.3669781691,999999.9999999999,999058.6769614554,567059.6868042954,1001150.3955881279,1001150.3955881279
2025-02-26T22:30:00.000+0000,998951.955562129,917618.3669781691,999999.9999999999,999058.6769614554,567059.6868042954,1001150.3955881279,1001150.3955881279
2025-02-26T22:40:00.000+0000,998951.955562129,917618.3669781691,999999.9999999999,999058.6769614554,567059.6868042954,1001150.3955881279,1001150.3955881279
2025-02-26T22:50:00.000+0000,998951.955562129,917618.3669781691,999999.9999999999,999058.6769614554,567059.6868042954,1001150.3955881279,1001150.3955881279
2025-02-26T23:00:00.000+0000,998951.955562129,917618.3669781691,999999.9999999999,999058.6769614554,567059.6868042954,1001150.3955881279,1001150.3955881279
2025-02-26T23:10:00.000+0000,998951.955562129,917618.3669781691,999999.9999999999,999058.6769614554,567059.6868042954,1001150.3955881279,1001150.3955881279
2025-02-26T23:20:00.000+0000,998951.955562129,917618.3669781691,999999.9999999999,999058.6769614554,567059.6868042954,1001150.3955881279,1001150.3955881279
2025-02-26T23:30:00.000+0000,998951.955562129,917618.3669781691,999999.9999999999,999058.6769614554,567059.6868042954,1001150.3955881279,1001150.3955881279
2025-02-26T23:40:00.000+0000,998951.955562129,917618.3669781691,999999.9999999999,999058.6769614554,567059.6868042954,1001150.3955881279,1001150.3955881279
2025-02-26T23:50:00.000+0000,998951.955562129,917618.3669781691,999999.9999999999,999058.6769614554,567059.6868042954,1001150.3955881279,1001150.3955881279
2025-02-27T00:00:00.000+0000,998951.955562129,917618.3669781691,999999.9999999999,999058.6769614554,567059.6868042954,1001150.3955881279,1001150.3955881279
2025-02-27T00:10:00.000+0000,998951.955562129,917618.3669781691,999999.9999999999,999058.6769614554,567059.6868042954,1001150.3955881279,1001150.3955881279
2025-02-27T00:20:00.000+0000,998951.955562129,917618.3669781691,999999.9999999999,999058.6769614554,567059.6868042954,1001150.3955881279,1001150.3955881279
2025-02-27T00:30:00.000+0000,998951.955562129,917618.3669781691,999999.9999999999,999058.6769614554,567059.6868042954,1001150.3955881279,1001150.3955881279
2025-02-27T00:40:00.000+0000,998951.955562129,917618.3669781691,999999.9999999999,999058.6769614554,567059.6868042954,1001150.3955881279,1001150.3955881279
2025-02-27T00:50:00.000+0000,998951.955562129,917618.3669781691,999999.9999999999,999058.6769614554,567059.6868042954,1001150.3955881279,1001150.3955881279
2025-02-27T01:00:00.000+0000,998951.955562129,917618.3669781691,999999.9999999999,999058.6769614554,567059.6868042954,1001150.3955881279,1001150.3955881279
2025-02-27T01:10:00.000+0000,998951.955562129,917618.3669781691,999999.9999999999,999058.6769614554,567059.6868042954,1001150.3955881279,1001150.3955881279
2025-02-27T01:20:00.000+0000,998951.955562129,917618.3669781691,999999.9999999999,999058.6769614554,567059.6868042954,1001150.3955881279,1001150.3955881279
2025-02-27T01:30:00.000+0000,998951.955562129,917618.3669781691,999999.9999999999,999058.6769614554,567059.6868042954,1001150.3955881279,1001150.3955881279
2025-02-27T01:40:00.000+0000,998951.955562129,917618.3669781691,999999.9999999999,999058.6769614554,567059.6868042954,1001150.3955881279,1001150.3955881279
2025-02-27T01:50:00.000+0000,998951.955562129,917618.3669781691,999999.9999999999,999058.6769614554,567059.6868042954,1001150.3955881279,1001150.3955881279
2025-02-27T02:00:00.000+0000,998951.955562129,917618.3669781691,999999.9999999999,999058.6769614554,567059.6868042954,1001150.3955881279,1001150.3955881279
2025-02-27T02:10:00.000+0000,998951.955562129,917618.3669781691,999999.9999999999,999058.6769614554,567059.6868042954,1001150.3955881279,1001150.3955881279
2025-02-27T02:20:00.000+0000,998951.955562129,917618.3669781691,999999.9999999999,999058.6769614554,567059.6868042954,1001150.3955881279,1001150.3955881279
2025-02-27T02:30:00.000+0000,998951.955562129,917618.3669781691,999999.9999999999,999058.6769614554,567059.6868042954,1001150.3955881279,1001150.3955881279
2025-02-27T02:40:00.000+0000,998951.955562129,917618.3669781691,999999.9999999999,999058.6769614554,567059.6868042954,1001150.3955881279,1001150.3955881279
2025-02-27T02:50:00.000+0000,998951.955562129,917618.3669781691,999999.9999999999,999058.6769614554,567059.6868042954,1001150.3955881279,1001150.3955881279
2025-02-27T03:00:00.000+0000,998951.955562129,917618.3669781691,999999.9999999999,999058.6769614554,567059.6868042954,1001150.3955881279,1001150.3955881279
2025-02-27T03:10:00.000+0000,998951.955562129,917618.3669781691,999999.9999999999,999058.6769614554,567059.6868042954,1001150.3955881279,1001150.3955881279
2025-02-27T03:20:00.000+0000,998951.955562129,917618.3669781691,999999.9999999999,999058.6769614554,567059.6868042954,1001150.3955881279,1001150.3955881279
2025-02-27T03:30:00.000+0000,998951.955562129,917618.3669781691,999999.9999999999,999058.6769614554,567059.6868042954,1001150.3955881279,1001150.3955881279
2025-02-27T03:40:00.000+0000,998951.955562129,917618.3669781691,999999.9999999999,999058.6769614554,567059.6868042954,1001150.3955881279,1001150.3955881279
2025-02-27T03:50:00.000+0000,998951.955562129,917618.3669781691,999999.9999999999,999058.6769614554,567059.6868042954,1001150.3955881279,1001150.3955881279
2025-02-27T04:00:00.000+0000,998951.955562129,917618.3669781691,999999.9999999999,999058.6769614554,567059.6868042954,1001150.3955881279,1001150.3955881279
2025-02-27T04:10:00.000+0000,998951.955562129,917618.3669781691,999999.9999999999,999058.6769614554,567059.6868042954,1001150.3955881279,1001150.3955881279
2025-02-27T04:20:00.000+0000,998951.955562129,917618.3669781691,999999.9999999999,999058.6769614554,567059.6868042954,1001150.3955881279,1001150.3955881279
2025-02-27T04:30:00.000+0000,998951.955562129,917618.3669781691,999999.9999999999,999058.6769614554,567059.6868042954,1001150.3955881279,1001150.3955881279
2025-02-27T04:40:00.000+0000,998951.955562129,917618.3669781691,999999.9999999999,999058.6769614554,567059.6868042954,1001150.3955881279,1001150.3955881279
2025-02-27T04:50:00.000+0000,998951.955562129,917618.3669781691,999999.9999999999,999058.6769614554,567059.6868042954,1001150.3955881279,1001150.3955881279
2025-02-27T05:00:00.000+0000,998951.955562129,917618.3669781691,999999.9999999999,999058.6769614554,567059.6868042954,1001150.3955881279,1001150.3955881279
2025-02-27T05:10:00.000+0000,998951.955562129,917618.3669781691,999999.9999999999,999058.6769614554,567059.6868042954,1001150.3955881279,1001150.3955881279
2025-02-27T05:20:00.000+0000,998951.955562129,917618.3669781691,999999.9999999999,999058.6769614554,567059.6868042954,1001150.3955881279,1001150.3955881279
2025-02-27T05:30:00.000+0000,998951.955562129,917618.3669781691,999999.9999999999,999058.6769614554,567059.6868042954,1001150.3955881279,1001150.3955881279
2025-02-27T05:40:00.000+0000,998951.955562129,917618.3669781691,999999.9999999999,999058.6769614554,567059.6868042954,1001150.3955881279,1001150.3955881279
2025-02-27T05:50:00.000+0000,998951.955562129,917618.3669781691,999999.9999999999,999058.6769614554,567059.6868042954,1001150.3955881279,1001150.3955881279
2025-02-27T06:00:00.000+0000,998951.955562129,917618.3669781691,999999.9999999999,999058.6769614554,567059.6868042954,1001150.3955881279,1001150.3955881279
2025-02-27T06:10:00.000+0000,998951.955562129,917618.3669781691,999999.9999999999,999058.6769614554,567059.6868042954,1001150.3955881279,1001150.3955881279
2025-02-27T06:20:00.000+0000,998951.955562129,917618.3669781691,999999.9999999999,999058.6769614554,567059.6868042954,1001150.3955881279,1001150.3955881279
2025-02-27T06:30:00.000+0000,998951.955562129,917618.3669781691,999999.9999999999,999058.6769614554,567059.6868042954,1001150.3955881279,1001150.3955881279
2025-02-27T06:40:00.000+0000,998951.955562129,917618.3669781691,999999.9999999999,999058.6769614554,567059.6868042954,1001150.3955881279,1001150.3955881279
2025-02-27T06:50:00.000+0000,998951.955562129,917618.3669781691,999999.9999999999,999058.6769614554,567059.6868042954,1001150.3955881279,1001150.3955881279
2025-02-27T07:00:00.000+0000,998951.955562129,917618.3669781691,999999.9999999999,999058.6769614554,567059.6868042954,1001150.3955881279,1001150.3955881279
2025-02-27T07:10:00.000+0000,998951.955562129,917618.3669781691,999999.9999999999,999058.6769614554,567059.6868042954,1001150.3955881279,1001150.3955881279
2025-02-27T07:20:00.000+0000,998951.955562129,917618.3669781691,999999.9999999999,999058.6769614554,567059.6868042954,1001150.3955881279,1001150.3955881279
2025-02-27T07:30:00.000+0000,998951.955562129,917618.3669781691,999999.9999999999,999058.6769614554,567059.6868042954,1001150.3955881279,1001150.3955881279
2025-02-27T07:40:00.000+0000,998951.955562129,917618.3669781691,999999.9999999999,999058.6769614554,567059.6868042954,1001150.3955881279,1001150.3955881279
2025-02-27T07:50:00.000+0000,998951.955562129,917618.3669781691,999999.9999999999,999058.6769614554,567059.6868042954,1001150.3955881279,1001150.3955881279
2025-02-27T08:00:00.000+0000,998951.955562129,917618.3669781691,999999.9999999999,999058.6769614554,567059.6868042954,1001150.3955881279,1001150.3955881279
2025-02-27T08:10:00.000+0000,998951.955562129,917618.3669781691,999999.9999999999,999058.6769614554,567059.6868042954,1001150.3955881279,1001150.3955881279
2025-02-27T08:20:00.000+0000,998951.955562129,917618.3669781691,999999.9999999999,999058.6769614554,567059.6868042954,1001150.3955881279,1001150.3955881279
2025-02-27T08:30:00.000+0000,998951.955562129,917618.3669781691,999999.9999999999,999058.6769614554,567059.6868042954,1001150.3955881279,1001150.3955881279
2025-02-27T08:40:00.000+0000,998951.955562129,917618.3669781691,999999.9999999999,999058.6769614554,567059.6868042954,1001150.3955881279,1001150.3955881279
2025-02-27T08:50:00.000+0000,998951.955562129,917618.3669781691,999999.9999999999,999058.6769614554,567059.6868042954,1001150.3955881279,1001150.3955881279
2025-02-27T09:00:00.000+0000,998951.955562129,917618.3669781691,999999.9999999999,999058.6769614554,567059.6868042954,1001150.3955881279,1001150.3955881279
2025-02-27T09:10:00.000+0000,998951.955562129,917618.3669781691,999999.9999999999,999058.6769614554,567059.6868042954,1001150.3955881279,1001150.3955881279
2025-02-27T09:20:00.000+0000,998951.955562129,917618.3669781691,999999.9999999999,999058.6769614554,567059.6868042954,1001150.3955881279,1001150.3955881279
2025-02-27T09:30:00.000+0000,998951.955562129,917618.3669781691,999999.9999999999,999058.6769614554,567059.6868042954,1001150.3955881279,1001150.3955881279
2025-02-27T09:40:00.000+0000,998951.955562129,917618.3669781691,999999.9999999999,999058.6769614554,567059.6868042954,1001150.3955881279,1001150.3955881279
2025-02-27T09:50:00.000+0000,998951.955562129,917618.3669781691,999999.9999999999,999058.6769614554,567059.6868042954,1001150.3955881279,1001150.3955881279
2025-02-27T10:00:00.000+0000,998951.955562129,917618.3669781691,999999.9999999999,999058.6769614554,567059.6868042954,1001150.3955881279,1001150.3955881279
2025-02-27T10:10:00.000+0000,998951.955562129,917618.3669781691,999999.9999999999,999058.6769614554,567059.6868042954,1001150.3955881279,1001150.3955881279
2025-02-27T10:20:00.000+0000,998951.955562129,917618.3669781691,999999.9999999999,999058.6769614554,567059.6868042954,1001150.3955881279,1001150.3955881279
2025-02-27T10:30:00.000+0000,998951.955562129,917618.3669781691,999999.9999999999,999058.6769614554,567059.6868042954,1001150.3955881279,1001150.3955881279
2025-02-27T10:40:00.000+0000,998951.955562129,917618.3669781691,999999.9999999999,999058.6769614554,567059.6868042954,1001150.3955881279,1001150.3955881279
2025-02-27T10:50:00.000+0000,998951.955562129,917618.3669781691,999999.9999999999,999058.6769614554,567059.6868042954,1001150.3955881279,1001150.3955881279
2025-02-27T11:00:00.000+0000,998951.955562129,917618.3669781691,999999.9999999999,999058.6769614554,567059.6868042954,1001150.3955881279,1001150.3955881279
2025-02-27T11:10:00.000+0000,998951.955562129,917618.3669781691,999999.9999999999,999058.6769614554,567059.6868042954,1001150.3955881279,1001150.3955881279
2025-02-27T11:20:00.000+0000,998951.955562129,917618.3669781691,999999.9999999999,999058.6769614554,567059.6868042954,1001150.3955881279,1001150.3955881279
2025-02-27T11:30:00.000+0000,998951.955562129,917618.3669781691,999999.9999999999,999058.6769614554,567059.6868042954,1001150.3955881279,1001150.3955881279
2025-02-27T11:40:00.000+0000,998951.955562129,917618.3669781691,999999.9999999999,999058.6769614554,567059.6868042954,1001150.3955881279,1001150.3955881279
2025-02-27T11:50:00.000+0000,998951.955562129,917618.3669781691,999999.9999999999,999058.6769614554,567059.6868042954,1001150.3955881279,1001150.3955881279
2025-02-27T12:00:00.000+0000,998951.955562129,917618.3669781691,999999.9999999999,999058.6769614554,567059.6868042954,1001150.3955881279,1001150.3955881279
2025-02-27T12:10:00.000+0000,998951.955562129,917618.3669781691,999999.9999999999,999058.6769614554,567059.6868042954,1001150.3955881279,1001150.3955881279
2025-02-27T12:20:00.000+0000,998951.955562129,917618.3669781691,999999.9999999999,999058.6769614554,567059.6868042954,1001150.3955881279,1001150.3955881279
2025-02-27T12:30:00.000+0000,998951.955562129,917618.3669781691,999999.9999999999,999058.6769614554,567059.6868042954,1001150.3955881279,1001150.3955881279
2025-02-27T12:40:00.000+0000,998951.955562129,917618.3669781691,999999.9999999999,999058.6769614554,567059.6868042954,1001150.3955881279,1001150.3955881279
2025-02-27T12:50:00.000+0000,998951.955562129,917618.3669781691,999999.9999999999,999058.6769614554,567059.6868042954,1001150.3955881279,1001150.3955881279
2025-02-27T13:00:00.000+0000,998951.955562129,917618.3669781691,999999.9999999999,999058.6769614554,567059.6868042954,1001150.3955881279,1001150.3955881279
2025-02-27T13:10:00.000+0000,998951.955562129,917618.3669781691,999999.9999999999,999058.6769614554,567059.6868042954,1001150.3955881279,1001150.3955881279
2025-02-27T13:20:00.000+0000,998951.955562129,917618.3669781691,999999.9999999999,999058.6769614554,567059.6868042954,1001150.3955881279,1001150.3955881279
2025-02-27T13:30:00.000+0000,998951.955562129,917618.3669781691,999999.9999999999,999058.6769614554,567059.6868042954,1001150.3955881279,1001150.3955881279
2025-02-27T13:40:00.000+0000,998951.955562129,917618.3669781691,999999.9999999999,999058.6769614554,567059.6868042954,1001150.3955881279,1001150.3955881279
2025-02-27T13:50:00.000+0000,998951.955562129,917618.3669781691,999999.9999999999,999058.6769614554,567059.6868042954,1001150.3955881279,1001150.3955881279
2025-02-27T14:00:00.000+0000,998951.955562129,917618.3669781691,999999.9999999999,999058.6769614554,567059.6868042954,1001150.3955881279,1001150.3955881279
2025-02-27T14:10:00.000+0000,998951.955562129,917618.3669781691,999999.9999999999,999058.6769614554,567059.6868042954,1001150.3955881279,1001150.3955881279
2025-02-27T14:20:00.000+0000,998951.955562129,917618.3669781691,999999.9999999999,999058.6769614554,567059.6868042954,1001150.3955881279,1001150.3955881279
2025-02-27T14:30:00.000+0000,998951.955562129,917618.3669781691,999999.9999999999,999058.6769614554,567059.6868042954,1001150.3955881279,1001150.3955881279
2025-02-27T14:40:00.000+0000,998951.955562129,917618.3669781691,999999.9999999999,999058.6769614554,567059.6868042954,1001150.3955881279,1001150.3955881279
2025-02-27T14:50:00.000+0000,998951.955562129,917618.3669781691,999999.9999999999,999058.6769614554,567059.6868042954,1001150.3955881279,1001150.3955881279
2025-02-27T15:00:00.000+0000,998951.955562129,917618.3669781691,999999.9999999999,999058.6769614554,567059.6868042954,1001150.3955881279,1001150.3955881279
2025-02-27T15:10:00.000+0000,998951.955562129,917618.3669781691,999999.9999999999,999058.6769614554,567059.6868042954,1001150.3955881279,1001150.3955881279
2025-02-27T15:20:00.000+0000,998951.955562129,917618.3669781691,999999.9999999999,999058.6769614554,567059.6868042954,1001150.3955881279,1001150.3955881279
2025-02-27T15:30:00.000+0000,998951.955562129,917618.3669781691,999999.9999999999,999058.6769614554,567059.6868042954,1001150.3955881279,1001150.3955881279
2025-02-27T15:40:00.000+0000,998951.955562129,917618.3669781691,999999.9999999999,999058.6769614554,567059.6868042954,1001150.3955881279,1001150.3955881279
2025-02-27T15:50:00.000+0000,998951.955562129,917618.3669781691,999999.9999999999,999058.6769614554,567059.6868042954,1001150.3955881279,1001150.3955881279
2025-02-27T16:00:00.000+0000,998951.955562129,917618.3669781691,999999.9999999999,999058.6769614554,567059.6868042954,1001150.3955881279,1001150.3955881279
2025-02-27T16:10:00.000+0000,998951.955562129,917618.3669781691,999999.9999999999,999058.6769614554,567059.6868042954,1001150.3955881279,1001150.3955881279
2025-02-27T16:20:00.000+0000,998951.955562129,917618.3669781691,999999.9999999999,999058.6769614554,567059.6868042954,1001150.3955881279,1001150.3955881279
2025-02-27T16:30:00.000+0000,998951.955562129,917618.3669781691,999999.9999999999,999058.6769614554,567059.6868042954,1001150.3955881279,1001150.3955881279
2025-02-27T16:40:00.000+0000,998951.955562129,917618.3669781691,999999.9999999999,999058.6769614554,567059.6868042954,1001150.3955881279,1001150.3955881279
2025-02-27T16:50:00.000+0000,998951.955562129,917618.3669781691,999999.9999999999,999058.6769614554,567059.6868042954,1001150.3955881279,1001150.3955881279
2025-02-27T17:00:00.000+0000,998951.955562129,917618.3669781691,999999.9999999999,999058.6769614554,567059.6868042954,1001150.3955881279,1001150.3955881279
2025-02-27T17:10:00.000+0000,998951.955562129,917618.3669781691,999999.9999999999,999058.6769614554,567059.6868042954,1001150.3955881279,1001150.3955881279
2025-02-27T17:20:00.000+0000,998951.955562129,917618.3669781691,999999.9999999999,999058.6769614554,567059.6868042954,1001150.3955881279,1001150.3955881279
2025-02-27T17:30:00.000+0000,998951.955562129,917618.3669781691,999999.9999999999,999058.6769614554,567059.6868042954,1001150.3955881279,1001150.3955881279
2025-02-27T17:40:00.000+0000,998951.955562129,917618.3669781691,999999.9999999999,999058.6769614554,567059.6868042954,1001150.3955881279,1001150.3955881279
2025-02-27T17:50:00.000+0000,998951.955562129,917618.3669781691,999999.9999999999,999058.6769614554,567059.6868042954,1001150.3955881279,1001150.3955881279
2025-02-27T18:00:00.000+0000,998951.955562129,917618.3669781691,999999.9999999999,999058.6769614554,567059.6868042954,1001150.3955881279,1001150.3955881279
2025-02-27T18:10:00.000+0000,998951.955562129,917618.3669781691,999999.9999999999,999058.6769614554,567059.6868042954,1001150.3955881279,1001150.3955881279
2025-02-27T18:20:00.000+0000,998951.955562129,917618.3669781691,999999.9999999999,999058.6769614554,567059.6868042954,1001150.3955881279,1001150.3955881279
2025-02-27T18:30:00.000+0000,998951.955562129,917618.3669781691,999999.9999999999,999058.6769614554,567059.6868042954,1001150.3955881279,1001150.3955881279
2025-02-27T18:40:00.000+0000,998951.955562129,917618.3669781691,999999.9999999999,999058.6769614554,567059.6868042954,1001150.3955881279,1001150.3955881279
2025-02-27T18:50:00.000+0000,998951.955562129,917618.3669781691,999999.9999999999,999058.6769614554,567059.6868042954,1001150.3955881279,1001150.3955881279
2025-02-27T19:00:00.000+0000,998951.955562129,917618.3669781691,999999.9999999999,999058.6769614554,567059.6868042954,1001150.3955881279,1001150.3955881279
2025-02-27T19:10:00.000+0000,998951.955562129,917618.3669781691,999999.9999999999,999058.6769614554,567059.6868042954,1001150.3955881279,1001150.3955881279
2025-02-27T19:20:00.000+0000,998951.955562129,917618.3669781691,999999.9999999999,999058.6769614554,567059.6868042954,1001150.3955881279,1001150.3955881279
2025-02-27T19:30:00.000+0000,998951.955562129,917618.3669781691,999999.9999999999,999058.6769614554,567059.6868042954,1001150.3955881279,1001150.3955881279
2025-02-27T19:40:00.000+0000,998951.955562129,917618.3669781691,999999.9999999999,999058.6769614554,567059.6868042954,1001150.3955881279,1001150.3955881279
2025-02-27T19:50:00.000+0000,998951.955562129,917618.3669781691,999999.9999999999,999058.6769614554,567059.6868042954,1001150.3955881279,1001150.3955881279
2025-02-27T20:00:00.000+0000,998951.955562129,917618.3669781691,999999.9999999999,999058.6769614554,567059.6868042954,1001150.3955881279,1001150.3955881279
2025-02-27T20:10:00.000+0000,998951.955562129,917618.3669781691,999999.9999999999,999058.6769614554,567059.6868042954,1001150.3955881279,1001150.3955881279
2025-02-27T20:20:00.000+0000,998951.955562129,917618.3669781691,999999.9999999999,999058.6769614554,567059.6868042954,1001150.3955881279,1001150.3955881279
2025-02-27T20:30:00.000+0000,998951.955562129,917618.3669781691,999999.9999999999,999058.6769614554,567059.6868042954,1001150.3955881279,1001150.3955881279
2025-02-27T20:40:00.000+0000,998951.955562129,917618.3669781691,999999.9999999999,999058.6769614554,567059.6868042954,1001150.3955881279,1001150.3955881279
2025-02-27T20:50:00.000+0000,998951.955562129,917618.3669781691,999999.9999999999,999058.6769614554,567059.6868042954,1001150.3955881279,1001150.3955881279
2025-02-27T21:00:00.000+0000,998951.955562129,917618.3669781691,999999.9999999999,999058.6769614554,567059.6868042954,1001150.3955881279,1001150.3955881279
2025-02-27T21:10:00.000+0000,998951.955562129,917618.3669781691,999999.9999999999,999058.6769614554,567059.6868042954,1001150.3955881279,1001150.3955881279
2025-02-27T21:20:00.000+0000,998951.955562129,917618.3669781691,999999.9999999999,999058.6769614554,567059.6868042954,1001150.3955881279,1001150.3955881279
2025-02-27T21:30:00.000+0000,998951.955562129,917618.3669781691,999999.9999999999,999058.6769614554,567059.6868042954,1001150.3955881279,1001150.3955881279
2025-02-27T21:40:00.000+0000,998951.955562129,917618.3669781691,999999.9999999999,999058.6769614554,567059.6868042954,1001150.3955881279,1001150.3955881279
2025-02-27T21:50:00.000+0000,998951.955562129,917618.3669781691,999999.9999999999,999058.6769614554,567059.6868042954,1001150.3955881279,1001150.3955881279
2025-02-27T22:00:00.000+0000,998951.955562129,917618.3669781691,999999.9999999999,999058.6769614554,567059.6868042954,1001150.3955881279,1001150.3955881279
2025-02-27T22:10:00.000+0000,998951.955562129,917618.3669781691,999999.9999999999,999058.6769614554,567059.6868042954,1001150.3955881279,1001150.3955881279
2025-02-27T22:20:00.000+0000,998951.955562129,917618.3669781691,999999.9999999999,999058.6769614554,567059.6868042954,1001150.3955881279,1001150.3955881279
2025-02-27T22:30:00.000+0000,998951.955562129,917618.3669781691,999999.9999999999,999058.6769614554,567059.6868042954,1001150.3955881279,1001150.3955881279
2025-02-27T22:40:00.000+0000,998951.955562129,917618.3669781691,999999.9999999999,999058.6769614554,567059.6868042954,1001150.3955881279,1001150.3955881279
2025-02-27T22:50:00.000+0000,998951.955562129,917618.3669781691,999999.9999999999,999058.6769614554,567059.6868042954,1001150.3955881279,1001150.3955881279
2025-02-27T23:00:00.000+0000,998951.955562129,917618.3669781691,999999.9999999999,999058.6769614554,567059.6868042954,1001150.3955881279,1001150.3955881279
2025-02-27T23:10:00.000+0000,998951.955562129,917618.3669781691,999999.9999999999,999058.6769614554,567059.6868042954,1001150.3955881279,1001150.3955881279
2025-02-27T23:20:00.000+0000,998951.955562129,917618.3669781691,999999.9999999999,999058.6769614554,567059.6868042954,1001150.3955881279,1001150.3955881279
2025-02-27T23:30:00.000+0000,998951.955562129,917618.3669781691,999999.9999999999,999058.6769614554,567059.6868042954,1001150.3955881279,1001150.3955881279
2025-02-27T23:40:00.000+0000,998951.955562129,917618.3669781691,999999.9999999999,999058.6769614554,567059.6868042954,1001150.3955881279,1001150.3955881279
2025-02-27T23:50:00.000+0000,998951.955562129,917618.3669781691,999999.9999999999,999058.6769614554,567059.6868042954,1001150.3955881279,1001150.3955881279
2025-02-28T00:00:00.000+0000,998951.955562129,917618.3669781691,999999.9999999999,999058.6769614554,567059.6868042954,1001150.3955881279,1001150.3955881279
2025-02-28T00:10:00.000+0000,998951.955562129,917618.3669781691,999999.9999999999,999058.6769614554,567059.6868042954,1001150.3955881279,1001150.3955881279
2025-02-28T00:20:00.000+0000,998951.955562129,917618.3669781691,999999.9999999999,999058.6769614554,567059.6868042954,1001150.3955881279,1001150.3955881279
2025-02-28T00:30:00.000+0000,998951.955562129,917618.3669781691,999999.9999999999,999058.6769614554,567059.6868042954,1001150.3955881279,1001150.3955881279
2025-02-28T00:40:00.000+0000,998951.955562129,917618.3669781691,999999.9999999999,999058.6769614554,567059.6868042954,1001150.3955881279,1001150.3955881279
2025-02-28T00:50:00.000+0000,998951.955562129,917618.3669781691,999999.9999999999,999058.6769614554,567059.6868042954,1001150.3955881279,1001150.3955881279
2025-02-28T01:00:00.000+0000,998951.955562129,917618.3669781691,999999.9999999999,999058.6769614554,567059.6868042954,1001150.3955881279,1001150.3955881279
2025-02-28T01:10:00.000+0000,998951.955562129,917618.3669781691,999999.9999999999,999058.6769614554,567059.6868042954,1001150.3955881279,1001150.3955881279
2025-02-28T01:20:00.000+0000,998951.955562129,917618.3669781691,999999.9999999999,999058.6769614554,567059.6868042954,1001150.3955881279,1001150.3955881279
2025-02-28T01:30:00.000+0000,998951.955562129,917618.3669781691,999999.9999999999,999058.6769614554,567059.6868042954,1001150.3955881279,1001150.3955881279
2025-02-28T01:40:00.000+0000,998951.955562129,917618.3669781691,999999.9999999999,999058.6769614554,567059.6868042954,1001150.3955881279,1001150.3955881279
2025-02-28T01:50:00.000+0000,998951.955562129,917618.3669781691,999999.9999999999,999058.6769614554,567059.6868042954,1001150.3955881279,1001150.3955881279
2025-02-28T02:00:00.000+0000,998951.955562129,917618.3669781691,999999.9999999999,999058.6769614554,567059.6868042954,1001150.3955881279,1001150.3955881279
2025-02-28T02:10:00.000+0000,998951.955562129,917618.3669781691,999999.9999999999,999058.6769614554,567059.6868042954,1001150.3955881279,1001150.3955881279
2025-02-28T02:20:00.000+0000,998951.955562129,917618.3669781691,999999.9999999999,999058.6769614554,567059.6868042954,1001150.3955881279,1001150.3955881279
2025-02-28T02:30:00.000+0000,998951.955562129,917618.3669781691,999999.9999999999,999058.6769614554,567059.6868042954,1001150.3955881279,1001150.3955881279
2025-02-28T02:40:00.000+0000,998951.955562129,917618.3669781691,999999.9999999999,999058.6769614554,567059.6868042954,1001150.3955881279,1001150.3955881279
2025-02-28T02:50:00.000+0000,998951.955562129,917618.3669781691,999999.9999999999,999058.6769614554,567059.6868042954,1001150.3955881279,1001150.3955881279
2025-02-28T03:00:00.000+0000,998951.955562129,917618.3669781691,999999.9999999999,999058.6769614554,567059.6868042954,1001150.3955881279,1001150.3955881279
2025-02-28T03:10:00.000+0000,998951.955562129,917618.3669781691,999999.9999999999,999058.6769614554,567059.6868042954,1001150.3955881279,1001150.3955881279
2025-02-28T03:20:00.000+0000,998951.955562129,917618.3669781691,999999.9999999999,999058.6769614554,567059.6868042954,1001150.3955881279,1001150.3955881279
2025-02-28T03:30:00.000+0000,998951.955562129,917618.3669781691,999999.9999999999,999058.6769614554,567059.6868042954,1001150.3955881279,1001150.3955881279
2025-02-28T03:40:00.000+0000,998951.955562129,917618.3669781691,999999.9999999999,999058.6769614554,567059.6868042954,1001150.3955881279,1001150.3955881279
2025-02-28T03:50:00.000+0000,998951.955562129,917618.3669781691,999999.9999999999,999058.6769614554,567059.6868042954,1001150.3955881279,1001150.3955881279
2025-02-28T04:00:00.000+0000,998951.955562129,917618.3669781691,999999.9999999999,999058.6769614554,567059.6868042954,1001150.3955881279,1001150.3955881279
2025-02-28T04:10:00.000+0000,998951.955562129,917618.3669781691,999999.9999999999,999058.6769614554,567059.6868042954,1001150.3955881279,1001150.3955881279
2025-02-28T04:20:00.000+0000,998951.955562129,917618.3669781691,999999.9999999999,999058.6769614554,567059.6868042954,1001150.3955881279,1001150.3955881279
2025-02-28T04:30:00.000+0000,998951.955562129,917618.3669781691,999999.9999999999,999058.6769614554,567059.6868042954,1001150.3955881279,1001150.3955881279
2025-02-28T04:40:00.000+0000,998951.955562129,917618.3669781691,999999.9999999999,999058.6769614554,567059.6868042954,1001150.3955881279,1001150.3955881279
2025-02-28T04:50:00.000+0000,998951.955562129,917618.3669781691,999999.9999999999,999058.6769614554,567059.6868042954,1001150.3955881279,1001150.3955881279
2025-02-28T05:00:00.000+0000,998951.955562129,917618.3669781691,999999.9999999999,999058.6769614554,567059.6868042954,1001150.3955881279,1001150.3955881279
2025-02-28T05:10:00.000+0000,998951.955562129,917618.3669781691,999999.9999999999,999058.6769614554,567059.6868042954,1001150.3955881279,1001150.3955881279
2025-02-28T05:20:00.000+0000,998951.955562129,917618.3669781691,999999.9999999999,999058.6769614554,567059.6868042954,1001150.3955881279,1001150.3955881279
2025-02-28T05:30:00.000+0000,998951.955562129,917618.3669781691,999999.9999999999,999058.6769614554,567059.6868042954,1001150.3955881279,1001150.3955881279
2025-02-28T05:40:00.000+0000,998951.955562129,917618.3669781691,999999.9999999999,999058.6769614554,567059.6868042954,1001150.3955881279,1001150.3955881279
2025-02-28T05:50:00.000+0000,998951.955562129,917618.3669781691,999999.9999999999,999058.6769614554,567059.6868042954,1001150.3955881279,1001150.3955881279
2025-02-28T06:00:00.000+0000,998951.955562129,917618.3669781691,999999.9999999999,999058.6769614554,567059.6868042954,1001150.3955881279,1001150.3955881279
2025-02-28T06:10:00.000+0000,998951.955562129,917618.3669781691,999999.9999999999,999058.6769614554,567059.6868042954,1001150.3955881279,1001150.3955881279
2025-02-28T06:20:00.000+0000,998951.955562129,917618.3669781691,999999.9999999999,999058.6769614554,567059.6868042954,1001150.3955881279,1001150.3955881279
2025-02-28T06:30:00.000+0000,998951.955562129,917618.3669781691,999999.9999999999,999058.6769614554,567059.6868042954,1001150.3955881279,1001150.3955881279
2025-02-28T06:40:00.000+0000,998951.955562129,917618.3669781691,999999.9999999999,999058.6769614554,567059.6868042954,1001150.3955881279,1001150.3955881279
2025-02-28T06:50:00.000+0000,998951.955562129,917618.3669781691,999999.9999999999,999058.6769614554,567059.6868042954,1001150.3955881279,1001150.3955881279
2025-02-28T07:00:00.000+0000,998951.955562129,917618.3669781691,999999.9999999999,999058.6769614554,567059.6868042954,1001150.3955881279,1001150.3955881279
2025-02-28T07:10:00.000+0000,998951.955562129,917618.3669781691,999999.9999999999,999058.6769614554,567059.6868042954,1001150.3955881279,1001150.3955881279
2025-02-28T07:20:00.000+0000,998951.955562129,917618.3669781691,999999.9999999999,999058.6769614554,567059.6868042954,1001150.3955881279,1001150.3955881279
2025-02-28T07:30:00.000+0000,998951.955562129,917618.3669781691,999999.9999999999,999058.6769614554,567059.6868042954,1001150.3955881279,1001150.3955881279
2025-02-28T07:40:00.000+0000,998951.955562129,917618.3669781691,999999.9999999999,999058.6769614554,567059.6868042954,1001150.3955881279,1001150.3955881279
2025-02-28T07:50:00.000+0000,998951.955562129,917618.3669781691,999999.9999999999,999058.6769614554,567059.6868042954,1001150.3955881279,1001150.3955881279
2025-02-28T08:00:00.000+0000,998951.955562129,917618.3669781691,999999.9999999999,999058.6769614554,567059.6868042954,1001150.3955881279,1001150.3955881279
2025-02-28T08:10:00.000+0000,998951.955562129,917618.3669781691,999999.9999999999,999058.6769614554,567059.6868042954,1001150.3955881279,1001150.3955881279
2025-02-28T08:20:00.000+0000,998951.955562129,917618.3669781691,999999.9999999999,999058.6769614554,567059.6868042954,1001150.3955881279,1001150.3955881279
2025-02-28T08:30:00.000+0000,998951.955562129,917618.3669781691,999999.9999999999,999058.6769614554,567059.6868042954,1001150.3955881279,1001150.3955881279
2025-02-28T08:40:00.000+0000,998951.955562129,917618.3669781691,999999.9999999999,999058.6769614554,567059.6868042954,1001150.3955881279,1001150.3955881279
2025-02-28T08:50:00.000+0000,998951.955562129,917618.3669781691,999999.9999999999,999058.6769614554,567059.6868042954,1001150.3955881279,1001150.3955881279
2025-02-28T09:00:00.000+0000,998951.955562129,917618.3669781691,999999.9999999999,999058.6769614554,567059.6868042954,1001150.3955881279,1001150.3955881279
2025-02-28T09:10:00.000+0000,998951.955562129,917618.3669781691,999999.9999999999,999058.6769614554,567059.6868042954,1001150.3955881279,1001150.3955881279
2025-02-28T09:20:00.000+0000,998951.955562129,917618.3669781691,999999.9999999999,999058.6769614554,567059.6868042954,1001150.3955881279,1001150.3955881279
2025-02-28T09:30:00.000+0000,998951.955562129,917618.3669781691,999999.9999999999,999058.6769614554,567059.6868042954,1001150.3955881279,1001150.3955881279
2025-02-28T09:40:00.000+0000,998951.955562129,917618.3669781691,999999.9999999999,999058.6769614554,567059.6868042954,1001150.3955881279,1001150.3955881279
2025-02-28T09:50:00.000+0000,998951.955562129,917618.3669781691,999999.9999999999,999058.6769614554,567059.6868042954,1001150.3955881279,1001150.3955881279
2025-02-28T10:00:00.000+0000,998951.955562129,917618.3669781691,999999.9999999999,999058.6769614554,567059.6868042954,1001150.3955881279,1001150.3955881279
2025-02-28T10:10:00.000+0000,998951.955562129,917618.3669781691,999999.9999999999,999058.6769614554,567059.6868042954,1001150.3955881279,1001150.3955881279
2025-02-28T10:20:00.000+0000,998951.955562129,917618.3669781691,999999.9999999999,999058.6769614554,567059.6868042954,1001150.3955881279,1001150.3955881279
2025-02-28T10:30:00.000+0000,998951.955562129,917618.3669781691,999999.9999999999,999058.6769614554,567059.6868042954,1001150.3955881279,1001150.3955881279
2025-02-28T10:40:00.000+0000,998951.955562129,917618.3669781691,999999.9999999999,999058.6769614554,567059.6868042954,1001150.3955881279,1001150.3955881279
2025-02-28T10:50:00.000+0000,998951.955562129,917618.3669781691,999999.9999999999,999058.6769614554,567059.6868042954,1001150.3955881279,1001150.3955881279
2025-02-28T11:00:00.000+0000,998951.955562129,917618.3669781691,999999.9999999999,999058.6769614554,567059.6868042954,1001150.3955881279,1001150.3955881279
2025-02-28T11:10:00.000+0000,998951.955562129,917618.3669781691,999999.9999999999,999058.6769614554,567059.6868042954,1001150.3955881279,1001150.3955881279
2025-02-28T11:20:00.000+0000,998951.955562129,917618.3669781691,999999.9999999999,999058.6769614554,567059.6868042954,1001150.3955881279,1001150.3955881279
2025-02-28T11:30:00.000+0000,998951.955562129,917618.3669781691,999999.9999999999,999058.6769614554,567059.6868042954,1001150.3955881279,1001150.3955881279
2025-02-28T11:40:00.000+0000,998951.955562129,917618.3669781691,999999.9999999999,999058.6769614554,567059.6868042954,1001150.3955881279,1001150.3955881279
2025-02-28T11:50:00.000+0000,998951.955562129,917618.3669781691,999999.9999999999,999058.6769614554,567059.6868042954,1001150.3955881279,1001150.3955881279
2025-02-28T12:00:00.000+0000,998951.955562129,917618.3669781691,999999.9999999999,999058.6769614554,567059.6868042954,1001150.3955881279,1001150.3955881279
2025-02-28T12:10:00.000+0000,998951.955562129,917618.3669781691,999999.9999999999,999058.6769614554,567059.6868042954,1001150.3955881279,1001150.3955881279
2025-02-28T12:20:00.000+0000,998951.955562129,917618.3669781691,999999.9999999999,999058.6769614554,567059.6868042954,1001150.3955881279,1001150.3955881279
2025-02-28T12:30:00.000+0000,998951.955562129,917618.3669781691,999999.9999999999,999058.6769614554,567059.6868042954,1001150.3955881279,1001150.3955881279
2025-02-28T12:40:00.000+0000,998951.955562129,917618.3669781691,999999.9999999999,999058.6769614554,567059.6868042954,1001150.3955881279,1001150.3955881279
2025-02-28T12:50:00.000+0000,998951.955562129,917618.3669781691,999999.9999999999,999058.6769614554,567059.6868042954,1001150.3955881279,1001150.3955881279
2025-02-28T13:00:00.000+0000,998951.955562129,917618.3669781691,999999.9999999999,999058.6769614554,567059.6868042954,1001150.3955881279,1001150.3955881279
2025-02-28T13:10:00.000+0000,998951.955562129,917618.3669781691,999999.9999999999,999058.6769614554,567059.6868042954,1001150.3955881279,1001150.3955881279
2025-02-28T13:20:00.000+0000,998951.955562129,917618.3669781691,999999.9999999999,999058.6769614554,567059.6868042954,1001150.3955881279,1001150.3955881279
2025-02-28T13:30:00.000+0000,998951.955562129,917618.3669781691,999999.9999999999,999058.6769614554,567059.6868042954,1001150.3955881279,1001150.3955881279
2025-02-28T13:40:00.000+0000,998951.955562129,917618.3669781691,999999.9999999999,999058.6769614554,567059.6868042954,1001150.3955881279,1001150.3955881279
2025-02-28T13:50:00.000+0000,998951.955562129,917618.3669781691,999999.9999999999,999058.6769614554,567059.6868042954,1001150.3955881279,1001150.3955881279
2025-02-28T14:00:00.000+0000,998951.955562129,917618.3669781691,999999.9999999999,999058.6769614554,567059.6868042954,1001150.3955881279,1001150.3955881279
2025-02-28T14:10:00.000+0000,998951.955562129,917618.3669781691,999999.9999999999,999058.6769614554,567059.6868042954,1001150.3955881279,1001150.3955881279
2025-02-28T14:20:00.000+0000,998951.955562129,917618.3669781691,999999.9999999999,999058.6769614554,567059.6868042954,1001150.3955881279,1001150.3955881279
2025-02-28T14:30:00.000+0000,998951.955562129,917618.3669781691,999999.9999999999,999058.6769614554,567059.6868042954,1001150.3955881279,1001150.3955881279
2025-02-28T14:40:00.000+0000,998951.955562129,917618.3669781691,999999.9999999999,999058.6769614554,567059.6868042954,1001150.3955881279,1001150.3955881279
2025-02-28T14:50:00.000+0000,998951.955562129,917618.3669781691,999999.9999999999,999058.6769614554,567059.6868042954,1001150.3955881279,1001150.3955881279
2025-02-28T15:00:00.000+0000,998951.955562129,917618.3669781691,999999.9999999999,999058.6769614554,567059.6868042954,1001150.3955881279,1001150.3955881279
2025-02-28T15:10:00.000+0000,998951.955562129,917618.3669781691,999999.9999999999,999058.6769614554,567059.6868042954,1001150.3955881279,1001150.3955881279
2025-02-28T15:20:00.000+0000,998951.955562129,917618.3669781691,999999.9999999999,999058.6769614554,567059.6868042954,1001150.3955881279,1001150.3955881279
2025-02-28T15:30:00.000+0000,998951.955562129,917618.3669781691,999999.9999999999,999058.6769614554,567059.6868042954,1001150.3955881279,1001150.3955881279
2025-02-28T15:40:00.000+0000,998951.955562129,917618.3669781691,999999.9999999999,999058.6769614554,567059.6868042954,1001150.3955881279,1001150.3955881279
2025-02-28T15:50:00.000+0000,998951.955562129,917618.3669781691,999999.9999999999,999058.6769614554,567059.6868042954,1001150.3955881279,1001150.3955881279
2025-02-28T16:00:00.000+0000,998951.955562129,917618.3669781691,999999.9999999999,999058.6769614554,567059.6868042954,1001150.3955881279,1001150.3955881279
2025-02-28T16:10:00.000+0000,998951.955562129,917618.3669781691,999999.9999999999,999058.6769614554,567059.6868042954,1001150.3955881279,1001150.3955881279
2025-02-28T16:20:00.000+0000,998951.955562129,917618.3669781691,999999.9999999999,999058.6769614554,567059.6868042954,1001150.3955881279,1001150.3955881279
2025-02-28T16:30:00.000+0000,998951.955562129,917618.3669781691,999999.9999999999,999058.6769614554,567059.6868042954,1001150.3955881279,1001150.3955881279
2025-02-28T16:40:00.000+0000,998951.955562129,917618.3669781691,999999.9999999999,999058.6769614554,567059.6868042954,1001150.3955881279,1001150.3955881279
2025-02-28T16:50:00.000+0000,998951.955562129,917618.3669781691,999999.9999999999,999058.6769614554,567059.6868042954,1001150.3955881279,1001150.3955881279
2025-02-28T17:00:00.000+0000,998951.955562129,917618.3669781691,999999.9999999999,999058.6769614554,567059.6868042954,1001150.3955881279,1001150.3955881279
2025-02-28T17:10:00.000+0000,998951.955562129,917618.3669781691,999999.9999999999,999058.6769614554,567059.6868042954,1001150.3955881279,1001150.3955881279
2025-02-28T17:20:00.000+0000,998951.955562129,917618.3669781691,999999.9999999999,999058.6769614554,567059.6868042954,1001150.3955881279,1001150.3955881279
2025-02-28T17:30:00.000+0000,998951.955562129,917618.3669781691,999999.9999999999,999058.6769614554,567059.6868042954,1001150.3955881279,1001150.3955881279
2025-02-28T17:40:00.000+0000,998951.955562129,917618.3669781691,999999.9999999999,999058.6769614554,567059.6868042954,1001150.3955881279,1001150.3955881279
2025-02-28T17:50:00.000+0000,998951.955562129,917618.3669781691,999999.9999999999,999058.6769614554,567059.6868042954,1001150.3955881279,1001150.3955881279
2025-02-28T18:00:00.000+0000,998951.955562129,917618.3669781691,999999.9999999999,999058.6769614554,567059.6868042954,1001150.3955881279,1001150.3955881279
2025-02-28T18:10:00.000+0000,998951.955562129,917618.3669781691,999999.9999999999,999058.6769614554,567059.6868042954,1001150.3955881279,1001150.3955881279
2025-02-28T18:20:00.000+0000,998951.955562129,917618.3669781691,999999.9999999999,999058.6769614554,567059.6868042954,1001150.3955881279,1001150.3955881279
2025-02-28T18:30:00.000+0000,998951.955562129,917618.3669781691,999999.9999999999,999058.6769614554,567059.6868042954,1001150.3955881279,1001150.3955881279
2025-02-28T18:40:00.000+0000,998951.955562129,917618.3669781691,999999.9999999999,999058.6769614554,567059.6868042954,1001150.3955881279,1001150.3955881279
2025-02-28T18:50:00.000+0000,998951.955562129,917618.3669781691,999999.9999999999,999058.6769614554,567059.6868042954,1001150.3955881279,1001150.3955881279
2025-02-28T19:00:00.000+0000,998951.955562129,917618.3669781691,999999.9999999999,999058.6769614554,567059.6868042954,1001150.3955881279,1001150.3955881279
2025-02-28T19:10:00.000+0000,998951.955562129,917618.3669781691,999999.9999999999,999058.6769614554,567059.6868042954,1001150.3955881279,1001150.3955881279
2025-02-28T19:20:00.000+0000,998951.955562129,917618.3669781691,999999.9999999999,999058.6769614554,567059.6868042954,1001150.3955881279,1001150.3955881279
2025-02-28T19:30:00.000+0000,998951.955562129,917618.3669781691,999999.9999999999,999058.6769614554,567059.6868042954,1001150.3955881279,1001150.3955881279
2025-02-28T19:40:00.000+0000,998951.955562129,917618.3669781691,999999.9999999999,999058.6769614554,567059.6868042954,1001150.3955881279,1001150.3955881279
2025-02-28T19:50:00.000+0000,998951.955562129,917618.3669781691,999999.9999999999,999058.6769614554,567059.6868042954,1001150.3955881279,1001150.3955881279
2025-02-28T20:00:00.000+0000,998951.955562129,917618.3669781691,999999.9999999999,999058.6769614554,567059.6868042954,1001150.3955881279,1001150.3955881279
2025-02-28T20:10:00.000+0000,998951.955562129,917618.3669781691,999999.9999999999,999058.6769614554,567059.6868042954,1001150.3955881279,1001150.3955881279
2025-02-28T20:20:00.000+0000,998951.955562129,917618.3669781691,999999.9999999999,999058.6769614554,567059.6868042954,1001150.3955881279,1001150.3955881279
2025-02-28T20:30:00.000+0000,998951.955562129,917618.3669781691,999999.9999999999,999058.6769614554,567059.6868042954,1001150.3955881279,1001150.3955881279
2025-02-28T20:40:00.000+0000,998951.955562129,917618.3669781691,999999.9999999999,999058.6769614554,567059.6868042954,1001150.3955881279,1001150.3955881279
2025-02-28T20:50:00.000+0000,998951.955562129,917618.3669781691,999999.9999999999,999058.6769614554,567059.6868042954,1001150.3955881279,1001150.3955881279
2025-02-28T21:00:00.000+0000,998951.955562129,917618.3669781691,999999.9999999999,999058.6769614554,567059.6868042954,1001150.3955881279,1001150.3955881279
2025-02-28T21:10:00.000+0000,998951.955562129,917618.3669781691,999999.9999999999,999058.6769614554,567059.6868042954,1001150.3955881279,1001150.3955881279
2025-02-28T21:20:00.000+0000,998951.955562129,917618.3669781691,999999.9999999999,999058.6769614554,567059.6868042954,1001150.3955881279,1001150.3955881279
2025-02-28T21:30:00.000+0000,998951.955562129,917618.3669781691,999999.9999999999,999058.6769614554,567059.6868042954,1001150.3955881279,1001150.3955881279
2025-02-28T21:40:00.000+0000,998951.955562129,917618.3669781691,999999.9999999999,999058.6769614554,567059.6868042954,1001150.3955881279,1001150.3955881279
2025-02-28T21:50:00.000+0000,998951.955562129,917618.3669781691,999999.9999999999,999058.6769614554,567059.6868042954,1001150.3955881279,1001150.3955881279
2025-02-28T22:00:00.000+0000,998951.955562129,917618.3669781691,999999.9999999999,999058.6769614554,567059.6868042954,1001150.3955881279,1001150.3955881279
2025-02-28T22:10:00.000+0000,998951.955562129,917618.3669781691,999999.9999999999,999058.6769614554,567059.6868042954,1001150.3955881279,1001150.3955881279
2025-02-28T22:20:00.000+0000,998951.955562129,917618.3669781691,999999.9999999999,999058.6769614554,567059.6868042954,1001150.3955881279,1001150.3955881279
2025-02-28T22:30:00.000+0000,998951.955562129,917618.3669781691,999999.9999999999,999058.6769614554,567059.6868042954,1001150.3955881279,1001150.3955881279
2025-02-28T22:40:00.000+0000,998951.955562129,917618.3669781691,999999.9999999999,999058.6769614554,567059.6868042954,1001150.3955881279,1001150.3955881279
2025-02-28T22:50:00.000+0000,998951.955562129,917618.3669781691,999999.9999999999,999058.6769614554,567059.6868042954,1001150.3955881279,1001150.3955881279
2025-02-28T23:00:00.000+0000,998951.955562129,917618.3669781691,999999.9999999999,999058.6769614554,567059.6868042954,1001150.3955881279,1001150.3955881279
2025-02-28T23:10:00.000+0000,998951.955562129,917618.3669781691,999999.9999999999,999058.6769614554,567059.6868042954,1001150.3955881279,1001150.3955881279
2025-02-28T23:20:00.000+0000,998951.955562129,917618.3669781691,999999.9999999999,999058.6769614554,567059.6868042954,1001150.3955881279,1001150.3955881279
2025-02-28T23:30:00.000+0000,998951.955562129,917618.3669781691,999999.9999999999,999058.6769614554,567059.6868042954,1001150.3955881279,1001150.3955881279
2025-02-28T23:40:00.000+0000,998951.955562129,917618.3669781691,999999.9999999999,999058.6769614554,567059.6868042954,1001150.3955881279,1001150.3955881279
2025-02-28T23:50:00.000+0000,998951.955562129,917618.3669781691,999999.9999999999,999058.6769614554,567059.6868042954,1001150.3955881279,1001150.3955881279
2025-03-01T00:00:00.000+0000,998951.955562129,917618.3669781691,999999.9999999999,999058.6769614554,567059.6868042954,1001150.3955881279,1001150.3955881279
2025-03-01T00:10:00.000+0000,998951.955562129,917618.3669781691,999999.9999999999,999058.6769614554,567059.6868042954,1001150.3955881279,1001150.3955881279
2025-03-01T00:20:00.000+0000,998951.955562129,917618.3669781691,999999.9999999999,999058.6769614554,567059.6868042954,1001150.3955881279,1001150.3955881279
2025-03-01T00:30:00.000+0000,998951.955562129,917618.3669781691,999999.9999999999,999058.6769614554,567059.6868042954,1001150.3955881279,1001150.3955881279
2025-03-01T00:40:00.000+0000,998951.955562129,917618.3669781691,999999.9999999999,999058.6769614554,567059.6868042954,1001150.3955881279,1001150.3955881279
2025-03-01T00:50:00.000+0000,998951.955562129,917618.3669781691,999999.9999999999,999058.6769614554,567059.6868042954,1001150.3955881279,1001150.3955881279
2025-03-01T01:00:00.000+0000,998951.955562129,917618.3669781691,999999.9999999999,999058.6769614554,567059.6868042954,1001150.3955881279,1001150.3955881279
2025-03-01T01:10:00.000+0000,998951.955562129,917618.3669781691,999999.9999999999,999058.6769614554,567059.6868042954,1001150.3955881279,1001150.3955881279
2025-03-01T01:20:00.000+0000,998951.955562129,917618.3669781691,999999.9999999999,999058.6769614554,567059.6868042954,1001150.3955881279,1001150.3955881279
2025-03-01T01:30:00.000+0000,998951.955562129,917618.3669781691,999999.9999999999,999058.6769614554,567059.6868042954,1001150.3955881279,1001150.3955881279
2025-03-01T01:40:00.000+0000,998951.955562129,917618.3669781691,999999.9999999999,999058.6769614554,567059.6868042954,1001150.3955881279,1001150.3955881279
2025-03-01T01:50:00.000+0000,998951.955562129,917618.3669781691,999999.9999999999,999058.6769614554,567059.6868042954,1001150.3955881279,1001150.3955881279
2025-03-01T02:00:00.000+0000,998951.955562129,917618.3669781691,999999.9999999999,999058.6769614554,567059.6868042954,1001150.3955881279,1001150.3955881279
2025-03-01T02:10:00.000+0000,998951.955562129,917618.3669781691,999999.9999999999,999058.6769614554,567059.6868042954,1001150.3955881279,1001150.3955881279
2025-03-01T02:20:00.000+0000,998951.955562129,917618.3669781691,999999.9999999999,999058.6769614554,567059.6868042954,1001150.3955881279,1001150.3955881279
2025-03-01T02:30:00.000+0000,998951.955562129,917618.3669781691,999999.9999999999,999058.6769614554,567059.6868042954,1001150.3955881279,1001150.3955881279
2025-03-01T02:40:00.000+0000,998951.955562129,917618.3669781691,999999.9999999999,999058.6769614554,567059.6868042954,1001150.3955881279,1001150.3955881279
2025-03-01T02:50:00.000+0000,998951.955562129,917618.3669781691,999999.9999999999,999058.6769614554,567059.6868042954,1001150.3955881279,1001150.3955881279
2025-03-01T03:00:00.000+0000,998951.955562129,917618.3669781691,999999.9999999999,999058.6769614554,567059.6868042954,1001150.3955881279,1001150.3955881279
2025-03-01T03:10:00.000+0000,998951.955562129,917618.3669781691,999999.9999999999,999058.6769614554,567059.6868042954,1001150.3955881279,1001150.3955881279
2025-03-01T03:20:00.000+0000,998951.955562129,917618.3669781691,999999.9999999999,999058.6769614554,567059.6868042954,1001150.3955881279,1001150.3955881279
2025-03-01T03:30:00.000+0000,998951.955562129,917618.3669781691,999999.9999999999,999058.6769614554,567059.6868042954,1001150.3955881279,1001150.3955881279
2025-03-01T03:40:00.000+0000,998951.955562129,917618.3669781691,999999.9999999999,999058.6769614554,567059.6868042954,1001150.3955881279,1001150.3955881279
2025-03-01T03:50:00.000+0000,998951.955562129,917618.3669781691,999999.9999999999,999058.6769614554,567059.6868042954,1001150.3955881279,1001150.3955881279
2025-03-01T04:00:00.000+0000,998951.955562129,917618.3669781691,999999.9999999999,999058.6769614554,567059.6868042954,1001150.3955881279,1001150.3955881279
2025-03-01T04:10:00.000+0000,998951.955562129,917618.3669781691,999999.9999999999,999058.6769614554,567059.6868042954,1001150.3955881279,1001150.3955881279
2025-03-01T04:20:00.000+0000,998951.955562129,917618.3669781691,999999.9999999999,999058.6769614554,567059.6868042954,1001150.3955881279,1001150.3955881279
2025-03-01T04:30:00.000+0000,998951.955562129,917618.3669781691,999999.9999999999,999058.6769614554,567059.6868042954,1001150.3955881279,1001150.3955881279
2025-03-01T04:40:00.000+0000,998951.955562129,917618.3669781691,999999.9999999999,999058.6769614554,567059.6868042954,1001150.3955881279,1001150.3955881279
2025-03-01T04:50:00.000+0000,998951.955562129,917618.3669781691,999999.9999999999,999058.6769614554,567059.6868042954,1001150.3955881279,1001150.3955881279
2025-03-01T05:00:00.000+0000,998951.955562129,917618.3669781691,999999.9999999999,999058.6769614554,567059.6868042954,1001150.3955881279,1001150.3955881279
2025-03-01T05:10:00.000+0000,998951.955562129,917618.3669781691,999999.9999999999,999058.6769614554,567059.6868042954,1001150.3955881279,1001150.3955881279
2025-03-01T05:20:00.000+0000,998951.955562129,917618.3669781691,999999.9999999999,999058.6769614554,567059.6868042954,1001150.3955881279,1001150.3955881279
2025-03-01T05:30:00.000+0000,998951.955562129,917618.3669781691,999999.9999999999,999058.6769614554,567059.6868042954,1001150.3955881279,1001150.3955881279
2025-03-01T05:40:00.000+0000,998951.955562129,917618.3669781691,999999.9999999999,999058.6769614554,567059.6868042954,1001150.3955881279,1001150.3955881279
2025-03-01T05:50:00.000+0000,998951.955562129,917618.3669781691,999999.9999999999,999058.6769614554,567059.6868042954,1001150.3955881279,1001150.3955881279
2025-03-01T06:00:00.000+0000,998951.955562129,917618.3669781691,999999.9999999999,999058.6769614554,567059.6868042954,1001150.3955881279,1001150.3955881279
2025-03-01T06:10:00.000+0000,998951.955562129,917618.3669781691,999999.9999999999,999058.6769614554,567059.6868042954,1001150.3955881279,1001150.3955881279
2025-03-01T06:20:00.000+0000,998951.955562129,917618.3669781691,999999.9999999999,999058.6769614554,567059.6868042954,1001150.3955881279,1001150.3955881279
2025-03-01T06:30:00.000+0000,998951.955562129,917618.3669781691,999999.9999999999,999058.6769614554,567059.6868042954,1001150.3955881279,1001150.3955881279
2025-03-01T06:40:00.000+0000,998951.955562129,917618.3669781691,999999.9999999999,999058.6769614554,567059.6868042954,1001150.3955881279,1001150.3955881279
2025-03-01T06:50:00.000+0000,998951.955562129,917618.3669781691,999999.9999999999,999058.6769614554,567059.6868042954,1001150.3955881279,1001150.3955881279
2025-03-01T07:00:00.000+0000,998951.955562129,917618.3669781691,999999.9999999999,999058.6769614554,567059.6868042954,1001150.3955881279,1001150.3955881279
2025-03-01T07:10:00.000+0000,998951.955562129,917618.3669781691,999999.9999999999,999058.6769614554,567059.6868042954,1001150.3955881279,1001150.3955881279
2025-03-01T07:20:00.000+0000,998951.955562129,917618.3669781691,999999.9999999999,999058.6769614554,567059.6868042954,1001150.3955881279,1001150.3955881279
2025-03-01T07:30:00.000+0000,998951.955562129,917618.3669781691,999999.9999999999,999058.6769614554,567059.6868042954,1001150.3955881279,1001150.3955881279
2025-03-01T07:40:00.000+0000,998951.955562129,917618.3669781691,999999.9999999999,999058.6769614554,567059.6868042954,1001150.3955881279,1001150.3955881279
2025-03-01T07:50:00.000+0000,998951.955562129,917618.3669781691,999999.9999999999,999058.6769614554,567059.6868042954,1001150.3955881279,1001150.3955881279
2025-03-01T08:00:00.000+0000,998951.955562129,917618.3669781691,999999.9999999999,999058.6769614554,567059.6868042954,1001150.3955881279,1001150.3955881279
2025-03-01T08:10:00.000+0000,998951.955562129,917618.3669781691,999999.9999999999,999058.6769614554,567059.6868042954,1001150.3955881279,1001150.3955881279
2025-03-01T08:20:00.000+0000,998951.955562129,917618.3669781691,999999.9999999999,999058.6769614554,567059.6868042954,1001150.3955881279,1001150.3955881279
2025-03-01T08:30:00.000+0000,998951.955562129,917618.3669781691,999999.9999999999,999058.6769614554,567059.6868042954,1001150.3955881279,1001150.3955881279
2025-03-01T08:40:00.000+0000,998951.955562129,917618.3669781691,999999.9999999999,999058.6769614554,567059.6868042954,1001150.3955881279,1001150.3955881279
2025-03-01T08:50:00.000+0000,998951.955562129,917618.3669781691,999999.9999999999,999058.6769614554,567059.6868042954,1001150.3955881279,1001150.3955881279
2025-03-01T09:00:00.000+0000,998951.955562129,917618.3669781691,999999.9999999999,999058.6769614554,567059.6868042954,1001150.3955881279,1001150.3955881279
2025-03-01T09:10:00.000+0000,998951.955562129,917618.3669781691,999999.9999999999,999058.6769614554,567059.6868042954,1001150.3955881279,1001150.3955881279
2025-03-01T09:20:00.000+0000,998951.955562129,917618.3669781691,999999.9999999999,999058.6769614554,567059.6868042954,1001150.3955881279,1001150.3955881279
2025-03-01T09:30:00.000+0000,998951.955562129,917618.3669781691,999999.9999999999,999058.6769614554,567059.6868042954,1001150.3955881279,1001150.3955881279
2025-03-01T09:40:00.000+0000,998951.955562129,917618.3669781691,999999.9999999999,999058.6769614554,567059.6868042954,1001150.3955881279,1001150.3955881279
2025-03-01T09:50:00.000+0000,998951.955562129,917618.3669781691,999999.9999999999,999058.6769614554,567059.6868042954,1001150.3955881279,1001150.3955881279
2025-03-01T10:00:00.000+0000,998951.955562129,917618.3669781691,999999.9999999999,999058.6769614554,567059.6868042954,1001150.3955881279,1001150.3955881279
2025-03-01T10:10:00.000+0000,998951.955562129,917618.3669781691,999999.9999999999,999058.6769614554,567059.6868042954,1001150.3955881279,1001150.3955881279
2025-03-01T10:20:00.000+0000,998951.955562129,917618.3669781691,999999.9999999999,999058.6769614554,567059.6868042954,1001150.3955881279,1001150.3955881279
2025-03-01T10:30:00.000+0000,998951.955562129,917618.3669781691,999999.9999999999,999058.6769614554,567059.6868042954,1001150.3955881279,1001150.3955881279
2025-03-01T10:40:00.000+0000,998951.955562129,917618.3669781691,999999.9999999999,999058.6769614554,567059.6868042954,1001150.3955881279,1001150.3955881279
2025-03-01T10:50:00.000+0000,998951.955562129,917618.3669781691,999999.9999999999,999058.6769614554,567059.6868042954,1001150.3955881279,1001150.3955881279
2025-03-01T11:00:00.000+0000,998951.955562129,917618.3669781691,999999.9999999999,999058.6769614554,567059.6868042954,1001150.3955881279,1001150.3955881279
2025-03-01T11:10:00.000+0000,998951.955562129,917618.3669781691,999999.9999999999,999058.6769614554,567059.6868042954,1001150.3955881279,1001150.3955881279
2025-03-01T11:20:00.000+0000,998951.955562129,917618.3669781691,999999.9999999999,999058.6769614554,567059.6868042954,1001150.3955881279,1001150.3955881279
2025-03-01T11:30:00.000+0000,998951.955562129,917618.3669781691,999999.9999999999,999058.6769614554,567059.6868042954,1001150.3955881279,1001150.3955881279
2025-03-01T11:40:00.000+0000,998951.955562129,917618.3669781691,999999.9999999999,999058.6769614554,567059.6868042954,1001150.3955881279,1001150.3955881279
2025-03-01T11:50:00.000+0000,998951.955562129,917618.3669781691,999999.9999999999,999058.6769614554,567059.6868042954,1001150.3955881279,1001150.3955881279
2025-03-01T12:00:00.000+0000,998951.955562129,917618.3669781691,999999.9999999999,999058.6769614554,567059.6868042954,1001150.3955881279,1001150.3955881279
2025-03-01T12:10:00.000+0000,998951.955562129,917618.3669781691,999999.9999999999,999058.6769614554,567059.6868042954,1001150.3955881279,1001150.3955881279
2025-03-01T12:20:00.000+0000,998951.955562129,917618.3669781691,999999.9999999999,999058.6769614554,567059.6868042954,1001150.3955881279,1001150.3955881279
2025-03-01T12:30:00.000+0000,998951.955562129,917618.3669781691,999999.9999999999,999058.6769614554,567059.6868042954,1001150.3955881279,1001150.3955881279
2025-03-01T12:40:00.000+0000,998951.955562129,917618.3669781691,999999.9999999999,999058.6769614554,567059.6868042954,1001150.3955881279,1001150.3955881279
2025-03-01T12:50:00.000+0000,998951.955562129,917618.3669781691,999999.9999999999,999058.6769614554,567059.6868042954,1001150.3955881279,1001150.3955881279
2025-03-01T13:00:00.000+0000,998951.955562129,917618.3669781691,999999.9999999999,999058.6769614554,567059.6868042954,1001150.3955881279,1001150.3955881279
2025-03-01T13:10:00.000+0000,998951.955562129,917618.3669781691,999999.9999999999,999058.6769614554,567059.6868042954,1001150.3955881279,1001150.3955881279
2025-03-01T13:20:00.000+0000,998951.955562129,917618.3669781691,999999.9999999999,999058.6769614554,567059.6868042954,1001150.3955881279,1001150.3955881279
2025-03-01T13:30:00.000+0000,998951.955562129,917618.3669781691,999999.9999999999,999058.6769614554,567059.6868042954,1001150.3955881279,1001150.3955881279
2025-03-01T13:40:00.000+0000,998951.955562129,917618.3669781691,999999.9999999999,999058.6769614554,567059.6868042954,1001150.3955881279,1001150.3955881279
2025-03-01T13:50:00.000+0000,998951.955562129,917618.3669781691,999999.9999999999,999058.6769614554,567059.6868042954,1001150.3955881279,1001150.3955881279
2025-03-01T14:00:00.000+0000,998951.955562129,917618.3669781691,999999.9999999999,999058.6769614554,567059.6868042954,1001150.3955881279,1001150.3955881279
2025-03-01T14:10:00.000+0000,998951.955562129,917618.3669781691,999999.9999999999,999058.6769614554,567059.6868042954,1001150.3955881279,1001150.3955881279
2025-03-01T14:20:00.000+0000,998951.955562129,917618.3669781691,999999.9999999999,999058.6769614554,567059.6868042954,1001150.3955881279,1001150.3955881279
2025-03-01T14:30:00.000+0000,998951.955562129,917618.3669781691,999999.9999999999,999058.6769614554,567059.6868042954,1001150.3955881279,1001150.3955881279
2025-03-01T14:40:00.000+0000,998951.955562129,917618.3669781691,999999.9999999999,999058.6769614554,567059.6868042954,1001150.3955881279,1001150.3955881279
2025-03-01T14:50:00.000+0000,998951.955562129,917618.3669781691,999999.9999999999,999058.6769614554,567059.6868042954,1001150.3955881279,1001150.3955881279
2025-03-01T15:00:00.000+0000,998951.955562129,917618.3669781691,999999.9999999999,999058.6769614554,567059.6868042954,1001150.3955881279,1001150.3955881279
2025-03-01T15:10:00.000+0000,998951.955562129,917618.3669781691,999999.9999999999,999058.6769614554,567059.6868042954,1001150.3955881279,1001150.3955881279
2025-03-01T15:20:00.000+0000,998951.955562129,917618.3669781691,999999.9999999999,999058.6769614554,567059.6868042954,1001150.3955881279,1001150.3955881279
2025-03-01T15:30:00.000+0000,998951.955562129,917618.3669781691,999999.9999999999,999058.6769614554,567059.6868042954,1001150.3955881279,1001150.3955881279
2025-03-01T15:40:00.000+0000,998951.955562129,917618.3669781691,999999.9999999999,999058.6769614554,567059.6868042954,1001150.3955881279,1001150.3955881279
2025-03-01T15:50:00.000+0000,998951.955562129,917618.3669781691,999999.9999999999,999058.6769614554,567059.6868042954,1001150.3955881279,1001150.3955881279
2025-03-01T16:00:00.000+0000,998951.955562129,917618.3669781691,999999.9999999999,999058.6769614554,567059.6868042954,1001150.3955881279,1001150.3955881279
2025-03-01T16:10:00.000+0000,998951.955562129,917618.3669781691,999999.9999999999,999058.6769614554,567059.6868042954,1001150.3955881279,1001150.3955881279
2025-03-01T16:20:00.000+0000,998951.955562129,917618.3669781691,999999.9999999999,999058.6769614554,567059.6868042954,1001150.3955881279,1001150.3955881279
2025-03-01T16:30:00.000+0000,998951.955562129,917618.3669781691,999999.9999999999,999058.6769614554,567059.6868042954,1001150.3955881279,1001150.3955881279
2025-03-01T16:40:00.000+0000,998951.955562129,917618.3669781691,999999.9999999999,999058.6769614554,567059.6868042954,1001150.3955881279,1001150.3955881279
2025-03-01T16:50:00.000+0000,998951.955562129,917618.3669781691,999999.9999999999,999058.6769614554,567059.6868042954,1001150.3955881279,1001150.3955881279
2025-03-01T17:00:00.000+0000,998951.955562129,917618.3669781691,999999.9999999999,999058.6769614554,567059.6868042954,1001150.3955881279,1001150.3955881279
2025-03-01T17:10:00.000+0000,998951.955562129,917618.3669781691,999999.9999999999,999058.6769614554,567059.6868042954,1001150.3955881279,1001150.3955881279
2025-03-01T17:20:00.000+0000,998951.955562129,917618.3669781691,999999.9999999999,999058.6769614554,567059.6868042954,1001150.3955881279,1001150.3955881279
2025-03-01T17:30:00.000+0000,998951.955562129,917618.3669781691,999999.9999999999,999058.6769614554,567059.6868042954,1001150.3955881279,1001150.3955881279
2025-03-01T17:40:00.000+0000,998951.955562129,917618.3669781691,999999.9999999999,999058.6769614554,567059.6868042954,1001150.3955881279,1001150.3955881279
2025-03-01T17:50:00.000+0000,998951.955562129,917618.3669781691,999999.9999999999,999058.6769614554,567059.6868042954,1001150.3955881279,1001150.3955881279
2025-03-01T18:00:00.000+0000,998951.955562129,917618.3669781691,999999.9999999999,999058.6769614554,567059.6868042954,1001150.3955881279,1001150.3955881279
2025-03-01T18:10:00.000+0000,998951.955562129,917618.3669781691,999999.9999999999,999058.6769614554,567059.6868042954,1001150.3955881279,1001150.3955881279
2025-03-01T18:20:00.000+0000,998951.955562129,917618.3669781691,999999.9999999999,999058.6769614554,567059.6868042954,1001150.3955881279,1001150.3955881279
2025-03-01T18:30:00.000+0000,998951.955562129,917618.3669781691,999999.9999999999,999058.6769614554,567059.6868042954,1001150.3955881279,1001150.3955881279
2025-03-01T18:40:00.000+0000,998951.955562129,917618.3669781691,999999.9999999999,999058.6769614554,567059.6868042954,1001150.3955881279,1001150.3955881279
2025-03-01T18:50:00.000+0000,998951.955562129,917618.3669781691,999999.9999999999,999058.6769614554,567059.6868042954,1001150.3955881279,1001150.3955881279
2025-03-01T19:00:00.000+0000,998951.955562129,917618.3669781691,999999.9999999999,999058.6769614554,567059.6868042954,1001150.3955881279,1001150.3955881279
2025-03-01T19:10:00.000+0000,998951.955562129,917618.3669781691,999999.9999999999,999058.6769614554,567059.6868042954,1001150.3955881279,1001150.3955881279
2025-03-01T19:20:00.000+0000,998951.955562129,917618.3669781691,999999.9999999999,999058.6769614554,567059.6868042954,1001150.3955881279,1001150.3955881279
2025-03-01T19:30:00.000+0000,998951.955562129,917618.3669781691,999999.9999999999,999058.6769614554,567059.6868042954,1001150.3955881279,1001150.3955881279
2025-03-01T19:40:00.000+0000,998951.955562129,917618.3669781691,999999.9999999999,999058.6769614554,567059.6868042954,1001150.3955881279,1001150.3955881279
2025-03-01T19:50:00.000+0000,998951.955562129,917618.3669781691,999999.9999999999,999058.6769614554,567059.6868042954,1001150.3955881279,1001150.3955881279
2025-03-01T20:00:00.000+0000,998951.955562129,917618.3669781691,999999.9999999999,999058.6769614554,567059.6868042954,1001150.3955881279,1001150.3955881279
2025-03-01T20:10:00.000+0000,998951.955562129,917618.3669781691,999999.9999999999,999058.6769614554,567059.6868042954,1001150.3955881279,1001150.3955881279
2025-03-01T20:20:00.000+0000,998951.955562129,917618.3669781691,999999.9999999999,999058.6769614554,567059.6868042954,1001150.3955881279,1001150.3955881279
2025-03-01T20:30:00.000+0000,998951.955562129,917618.3669781691,999999.9999999999,999058.6769614554,567059.6868042954,1001150.3955881279,1001150.3955881279
2025-03-01T20:40:00.000+0000,998951.955562129,917618.3669781691,999999.9999999999,999058.6769614554,567059.6868042954,1001150.3955881279,1001150.3955881279
2025-03-01T20:50:00.000+0000,998951.955562129,917618.3669781691,999999.9999999999,999058.6769614554,567059.6868042954,1001150.3955881279,1001150.3955881279
2025-03-01T21:00:00.000+0000,998951.955562129,917618.3669781691,999999.9999999999,999058.6769614554,567059.6868042954,1001150.3955881279,1001150.3955881279
2025-03-01T21:10:00.000+0000,998951.955562129,917618.3669781691,999999.9999999999,999058.6769614554,567059.6868042954,1001150.3955881279,1001150.3955881279
2025-03-01T21:20:00.000+0000,998951.955562129,917618.3669781691,999999.9999999999,999058.6769614554,567059.6868042954,1001150.3955881279,1001150.3955881279
2025-03-01T21:30:00.000+0000,998951.955562129,917618.3669781691,999999.9999999999,999058.6769614554,567059.6868042954,1001150.3955881279,1001150.3955881279
2025-03-01T21:40:00.000+0000,998951.955562129,917618.3669781691,999999.9999999999,999058.6769614554,567059.6868042954,1001150.3955881279,1001150.3955881279
2025-03-01T21:50:00.000+0000,998951.955562129,917618.3669781691,999999.9999999999,999058.6769614554,567059.6868042954,1001150.3955881279,1001150.3955881279
2025-03-01T22:00:00.000+0000,998951.955562129,917618.3669781691,999999.9999999999,999058.6769614554,567059.6868042954,1001150.3955881279,1001150.3955881279
2025-03-01T22:10:00.000+0000,998951.955562129,917618.3669781691,999999.9999999999,999058.6769614554,567059.6868042954,1001150.3955881279,1001150.3955881279
2025-03-01T22:20:00.000+0000,998951.955562129,917618.3669781691,999999.9999999999,999058.6769614554,567059.6868042954,1001150.3955881279,1001150.3955881279
2025-03-01T22:30:00.000+0000,998951.955562129,917618.3669781691,999999.9999999999,999058.6769614554,567059.6868042954,1001150.3955881279,1001150.3955881279
2025-03-01T22:40:00.000+0000,998951.955562129,917618.3669781691,999999.9999999999,999058.6769614554,567059.6868042954,1001150.3955881279,1001150.3955881279
2025-03-01T22:50:00.000+0000,998951.955562129,917618.3669781691,999999.9999999999,999058.6769614554,567059.6868042954,1001150.3955881279,1001150.3955881279
2025-03-01T23:00:00.000+0000,998951.955562129,917618.3669781691,999999.9999999999,999058.6769614554,567059.6868042954,1001150.3955881279,1001150.3955881279
2025-03-01T23:10:00.000+0000,998951.955562129,917618.3669781691,999999.9999999999,999058.6769614554,567059.6868042954,1001150.3955881279,1001150.3955881279
2025-03-01T23:20:00.000+0000,998951.955562129,917618.3669781691,999999.9999999999,999058.6769614554,567059.6868042954,1001150.3955881279,1001150.3955881279
2025-03-01T23:30:00.000+0000,998951.955562129,917618.3669781691,999999.9999999999,999058.6769614554,567059.6868042954,1001150.3955881279,1001150.3955881279
2025-03-01T23:40:00.000+0000,998951.955562129,917618.3669781691,999999.9999999999,999058.6769614554,567059.6868042954,1001150.3955881279,1001150.3955881279
2025-03-01T23:50:00.000+0000,998951.955562129,917618.3669781691,999999.9999999999,999058.6769614554,567059.6868042954,1001150.3955881279,1001150.3955881279
2025-03-02T00:00:00.000+0000,998951.955562129,917618.3669781691,999999.9999999999,999058.6769614554,567059.6868042954,1001150.3955881279,1001150.3955881279
2025-03-02T00:10:00.000+0000,998951.955562129,917618.3669781691,999999.9999999999,999058.6769614554,567059.6868042954,1001150.3955881279,1001150.3955881279
2025-03-02T00:20:00.000+0000,998951.955562129,917618.3669781691,999999.9999999999,999058.6769614554,567059.6868042954,1001150.3955881279,1001150.3955881279
2025-03-02T00:30:00.000+0000,998951.955562129,917618.3669781691,999999.9999999999,999058.6769614554,567059.6868042954,1001150.3955881279,1001150.3955881279
2025-03-02T00:40:00.000+0000,998951.955562129,917618.3669781691,999999.9999999999,999058.6769614554,567059.6868042954,1001150.3955881279,1001150.3955881279
2025-03-02T00:50:00.000+0000,998951.955562129,917618.3669781691,999999.9999999999,999058.6769614554,567059.6868042954,1001150.3955881279,1001150.3955881279
2025-03-02T01:00:00.000+0000,998951.955562129,917618.3669781691,999999.9999999999,999058.6769614554,567059.6868042954,1001150.3955881279,1001150.3955881279
2025-03-02T01:10:00.000+0000,998951.955562129,917618.3669781691,999999.9999999999,999058.6769614554,567059.6868042954,1001150.3955881279,1001150.3955881279
2025-03-02T01:20:00.000+0000,998951.955562129,917618.3669781691,999999.9999999999,999058.6769614554,567059.6868042954,1001150.3955881279,1001150.3955881279
2025-03-02T01:30:00.000+0000,998951.955562129,917618.3669781691,999999.9999999999,999058.6769614554,567059.6868042954,1001150.3955881279,1001150.3955881279
2025-03-02T01:40:00.000+0000,998951.955562129,917618.3669781691,999999.9999999999,999058.6769614554,567059.6868042954,1001150.3955881279,1001150.3955881279
2025-03-02T01:50:00.000+0000,998951.955562129,917618.3669781691,999999.9999999999,999058.6769614554,567059.6868042954,1001150.3955881279,1001150.3955881279
2025-03-02T02:00:00.000+0000,998951.955562129,917618.3669781691,999999.9999999999,999058.6769614554,567059.6868042954,1001150.3955881279,1001150.3955881279
2025-03-02T02:10:00.000+0000,998951.955562129,917618.3669781691,999999.9999999999,999058.6769614554,567059.6868042954,1001150.3955881279,1001150.3955881279
2025-03-02T02:20:00.000+0000,998951.955562129,917618.3669781691,999999.9999999999,999058.6769614554,567059.6868042954,1001150.3955881279,1001150.3955881279
2025-03-02T02:30:00.000+0000,998951.955562129,917618.3669781691,999999.9999999999,999058.6769614554,567059.6868042954,1001150.3955881279,1001150.3955881279
2025-03-02T02:40:00.000+0000,998951.955562129,917618.3669781691,999999.9999999999,999058.6769614554,567059.6868042954,1001150.3955881279,1001150.3955881279
2025-03-02T02:50:00.000+0000,998951.955562129,917618.3669781691,999999.9999999999,999058.6769614554,567059.6868042954,1001150.3955881279,1001150.3955881279
2025-03-02T03:00:00.000+0000,998951.955562129,917618.3669781691,999999.9999999999,999058.6769614554,567059.6868042954,1001150.3955881279,1001150.3955881279
2025-03-02T03:10:00.000+0000,998951.955562129,917618.3669781691,999999.9999999999,999058.6769614554,567059.6868042954,1001150.3955881279,1001150.3955881279
2025-03-02T03:20:00.000+0000,998951.955562129,917618.3669781691,999999.9999999999,999058.6769614554,567059.6868042954,1001150.3955881279,1001150.3955881279
2025-03-02T03:30:00.000+0000,998951.955562129,917618.3669781691,999999.9999999999,999058.6769614554,567059.6868042954,1001150.3955881279,1001150.3955881279
2025-03-02T03:40:00.000+0000,998951.955562129,917618.3669781691,999999.9999999999,999058.6769614554,567059.6868042954,1001150.3955881279,1001150.3955881279
2025-03-02T03:50:00.000+0000,998951.955562129,917618.3669781691,999999.9999999999,999058.6769614554,567059.6868042954,1001150.3955881279,1001150.3955881279
2025-03-02T04:00:00.000+0000,998951.955562129,917618.3669781691,999999.9999999999,999058.6769614554,567059.6868042954,1001150.3955881279,1001150.3955881279
2025-03-02T04:10:00.000+0000,998951.955562129,917618.3669781691,999999.9999999999,999058.6769614554,567059.6868042954,1001150.3955881279,1001150.3955881279
2025-03-02T04:20:00.000+0000,998951.955562129,917618.3669781691,999999.9999999999,999058.6769614554,567059.6868042954,1001150.3955881279,1001150.3955881279
2025-03-02T04:30:00.000+0000,998951.955562129,917618.3669781691,999999.9999999999,999058.6769614554,567059.6868042954,1001150.3955881279,1001150.3955881279
2025-03-02T04:40:00.000+0000,998951.955562129,917618.3669781691,999999.9999999999,999058.6769614554,567059.6868042954,1001150.3955881279,1001150.3955881279
2025-03-02T04:50:00.000+0000,998951.955562129,917618.3669781691,999999.9999999999,999058.6769614554,567059.6868042954,1001150.3955881279,1001150.3955881279
2025-03-02T05:00:00.000+0000,998951.955562129,917618.3669781691,999999.9999999999,999058.6769614554,567059.6868042954,1001150.3955881279,1001150.3955881279
2025-03-02T05:10:00.000+0000,998951.955562129,917618.3669781691,999999.9999999999,999058.6769614554,567059.6868042954,1001150.3955881279,1001150.3955881279
2025-03-02T05:20:00.000+0000,998951.955562129,917618.3669781691,999999.9999999999,999058.6769614554,567059.6868042954,1001150.3955881279,1001150.3955881279
2025-03-02T05:30:00.000+0000,998951.955562129,917618.3669781691,999999.9999999999,999058.6769614554,567059.6868042954,1001150.3955881279,1001150.3955881279
2025-03-02T05:40:00.000+0000,998951.955562129,917618.3669781691,999999.9999999999,999058.6769614554,567059.6868042954,1001150.3955881279,1001150.3955881279
2025-03-02T05:50:00.000+0000,998951.955562129,917618.3669781691,999999.9999999999,999058.6769614554,567059.6868042954,1001150.3955881279,1001150.3955881279
2025-03-02T06:00:00.000+0000,998951.955562129,917618.3669781691,999999.9999999999,999058.6769614554,567059.6868042954,1001150.3955881279,1001150.3955881279
2025-03-02T06:10:00.000+0000,998951.955562129,917618.3669781691,999999.9999999999,999058.6769614554,567059.6868042954,1001150.3955881279,1001150.3955881279
2025-03-02T06:20:00.000+0000,998951.955562129,917618.3669781691,999999.9999999999,999058.6769614554,567059.6868042954,1001150.3955881279,1001150.3955881279
2025-03-02T06:30:00.000+0000,998951.955562129,917618.3669781691,999999.9999999999,999058.6769614554,567059.6868042954,1001150.3955881279,1001150.3955881279
2025-03-02T06:40:00.000+0000,998951.955562129,917618.3669781691,999999.9999999999,999058.6769614554,567059.6868042954,1001150.3955881279,1001150.3955881279
2025-03-02T06:50:00.000+0000,998951.955562129,917618.3669781691,999999.9999999999,999058.6769614554,567059.6868042954,1001150.3955881279,1001150.3955881279
2025-03-02T07:00:00.000+0000,998951.955562129,917618.3669781691,999999.9999999999,999058.6769614554,567059.6868042954,1001150.3955881279,1001150.3955881279
2025-03-02T07:10:00.000+0000,998951.955562129,917618.3669781691,999999.9999999999,999058.6769614554,567059.6868042954,1001150.3955881279,1001150.3955881279
2025-03-02T07:20:00.000+0000,998951.955562129,917618.3669781691,999999.9999999999,999058.6769614554,567059.6868042954,1001150.3955881279,1001150.3955881279
2025-03-02T07:30:00.000+0000,998951.955562129,917618.3669781691,999999.9999999999,999058.6769614554,567059.6868042954,1001150.3955881279,1001150.3955881279
2025-03-02T07:40:00.000+0000,998951.955562129,917618.3669781691,999999.9999999999,999058.6769614554,567059.6868042954,1001150.3955881279,1001150.3955881279
2025-03-02T07:50:00.000+0000,998951.955562129,917618.3669781691,999999.9999999999,999058.6769614554,567059.6868042954,1001150.3955881279,1001150.3955881279
2025-03-02T08:00:00.000+0000,998951.955562129,917618.3669781691,999999.9999999999,999058.6769614554,567059.6868042954,1001150.3955881279,1001150.3955881279
2025-03-02T08:10:00.000+0000,998951.955562129,917618.3669781691,999999.9999999999,999058.6769614554,567059.6868042954,1001150.3955881279,1001150.3955881279
2025-03-02T08:20:00.000+0000,998951.955562129,917618.3669781691,999999.9999999999,999058.6769614554,567059.6868042954,1001150.3955881279,1001150.3955881279
2025-03-02T08:30:00.000+0000,998951.955562129,917618.3669781691,999999.9999999999,999058.6769614554,567059.6868042954,1001150.3955881279,1001150.3955881279
2025-03-02T08:40:00.000+0000,998951.955562129,917618.3669781691,999999.9999999999,999058.6769614554,567059.6868042954,1001150.3955881279,1001150.3955881279
2025-03-02T08:50:00.000+0000,998951.955562129,917618.3669781691,999999.9999999999,999058.6769614554,567059.6868042954,1001150.3955881279,1001150.3955881279
2025-03-02T09:00:00.000+0000,998951.955562129,917618.3669781691,999999.9999999999,999058.6769614554,567059.6868042954,1001150.3955881279,1001150.3955881279
2025-03-02T09:10:00.000+0000,998951.955562129,917618.3669781691,999999.9999999999,999058.6769614554,567059.6868042954,1001150.3955881279,1001150.3955881279
2025-03-02T09:20:00.000+0000,998951.955562129,917618.3669781691,999999.9999999999,999058.6769614554,567059.6868042954,1001150.3955881279,1001150.3955881279
2025-03-02T09:30:00.000+0000,998951.955562129,917618.3669781691,999999.9999999999,999058.6769614554,567059.6868042954,1001150.3955881279,1001150.3955881279
2025-03-02T09:40:00.000+0000,998951.955562129,917618.3669781691,999999.9999999999,999058.6769614554,567059.6868042954,1001150.3955881279,1001150.3955881279
2025-03-02T09:50:00.000+0000,998951.955562129,917618.3669781691,999999.9999999999,999058.6769614554,567059.6868042954,1001150.3955881279,1001150.3955881279
2025-03-02T10:00:00.000+0000,998951.955562129,917618.3669781691,999999.9999999999,999058.6769614554,567059.6868042954,1001150.3955881279,1001150.3955881279
2025-03-02T10:10:00.000+0000,998951.955562129,917618.3669781691,999999.9999999999,999058.6769614554,567059.6868042954,1001150.3955881279,1001150.3955881279
2025-03-02T10:20:00.000+0000,998951.955562129,917618.3669781691,999999.9999999999,999058.6769614554,567059.6868042954,1001150.3955881279,1001150.3955881279
2025-03-02T10:30:00.000+0000,998951.955562129,917618.3669781691,999999.9999999999,999058.6769614554,567059.6868042954,1001150.3955881279,1001150.3955881279
2025-03-02T10:40:00.000+0000,998951.955562129,917618.3669781691,999999.9999999999,999058.6769614554,567059.6868042954,1001150.3955881279,1001150.3955881279
2025-03-02T10:50:00.000+0000,998951.955562129,917618.3669781691,999999.9999999999,999058.6769614554,567059.6868042954,1001150.3955881279,1001150.3955881279
2025-03-02T11:00:00.000+0000,998951.955562129,917618.3669781691,999999.9999999999,999058.6769614554,567059.6868042954,1001150.3955881279,1001150.3955881279
2025-03-02T11:10:00.000+0000,998951.955562129,917618.3669781691,999999.9999999999,999058.6769614554,567059.6868042954,1001150.3955881279,1001150.3955881279
2025-03-02T11:20:00.000+0000,998951.955562129,917618.3669781691,999999.9999999999,999058.6769614554,567059.6868042954,1001150.3955881279,1001150.3955881279
2025-03-02T11:30:00.000+0000,998951.955562129,917618.3669781691,999999.9999999999,999058.6769614554,567059.6868042954,1001150.3955881279,1001150.3955881279
2025-03-02T11:40:00.000+0000,998951.955562129,917618.3669781691,999999.9999999999,999058.6769614554,567059.6868042954,1001150.3955881279,1001150.3955881279
2025-03-02T11:50:00.000+0000,998951.955562129,917618.3669781691,999999.9999999999,999058.6769614554,567059.6868042954,1001150.3955881279,1001150.3955881279
2025-03-02T12:00:00.000+0000,998951.955562129,917618.3669781691,999999.9999999999,999058.6769614554,567059.6868042954,1001150.3955881279,1001150.3955881279
2025-03-02T12:10:00.000+0000,998951.955562129,917618.3669781691,999999.9999999999,999058.6769614554,567059.6868042954,1001150.3955881279,1001150.3955881279
2025-03-02T12:20:00.000+0000,998951.955562129,917618.3669781691,999999.9999999999,999058.6769614554,567059.6868042954,1001150.3955881279,1001150.3955881279
2025-03-02T12:30:00.000+0000,998951.955562129,917618.3669781691,999999.9999999999,999058.6769614554,567059.6868042954,1001150.3955881279,1001150.3955881279
2025-03-02T12:40:00.000+0000,998951.955562129,917618.3669781691,999999.9999999999,999058.6769614554,567059.6868042954,1001150.3955881279,1001150.3955881279
2025-03-02T12:50:00.000+0000,998951.955562129,917618.3669781691,999999.9999999999,999058.6769614554,567059.6868042954,1001150.3955881279,1001150.3955881279
2025-03-02T13:00:00.000+0000,998951.955562129,917618.3669781691,999999.9999999999,999058.6769614554,567059.6868042954,1001150.3955881279,1001150.3955881279
2025-03-02T13:10:00.000+0000,998951.955562129,917618.3669781691,999999.9999999999,999058.6769614554,567059.6868042954,1001150.3955881279,1001150.3955881279
2025-03-02T13:20:00.000+0000,998951.955562129,917618.3669781691,999999.9999999999,999058.6769614554,567059.6868042954,1001150.3955881279,1001150.3955881279
2025-03-02T13:30:00.000+0000,998951.955562129,917618.3669781691,999999.9999999999,999058.6769614554,567059.6868042954,1001150.3955881279,1001150.3955881279
2025-03-02T13:40:00.000+0000,998951.955562129,917618.3669781691,999999.9999999999,999058.6769614554,567059.6868042954,1001150.3955881279,1001150.3955881279
2025-03-02T13:50:00.000+0000,998951.955562129,917618.3669781691,999999.9999999999,999058.6769614554,567059.6868042954,1001150.3955881279,1001150.3955881279
2025-03-02T14:00:00.000+0000,998951.955562129,917618.3669781691,999999.9999999999,999058.6769614554,567059.6868042954,1001150.3955881279,1001150.3955881279
2025-03-02T14:10:00.000+0000,998951.955562129,917618.3669781691,999999.9999999999,999058.6769614554,567059.6868042954,1001150.3955881279,1001150.3955881279
2025-03-02T14:20:00.000+0000,998951.955562129,917618.3669781691,999999.9999999999,999058.6769614554,567059.6868042954,1001150.3955881279,1001150.3955881279
2025-03-02T14:30:00.000+0000,998951.955562129,917618.3669781691,999999.9999999999,999058.6769614554,567059.6868042954,1001150.3955881279,1001150.3955881279
2025-03-02T14:40:00.000+0000,998951.955562129,917618.3669781691,999999.9999999999,999058.6769614554,567059.6868042954,1001150.3955881279,1001150.3955881279
2025-03-02T14:50:00.000+0000,998951.955562129,917618.3669781691,999999.9999999999,999058.6769614554,567059.6868042954,1001150.3955881279,1001150.3955881279
2025-03-02T15:00:00.000+0000,998951.955562129,917618.3669781691,999999.9999999999,999058.6769614554,567059.6868042954,1001150.3955881279,1001150.3955881279
2025-03-02T15:10:00.000+0000,998951.955562129,917618.3669781691,999999.9999999999,999058.6769614554,567059.6868042954,1001150.3955881279,1001150.3955881279
2025-03-02T15:20:00.000+0000,998951.955562129,917618.3669781691,999999.9999999999,999058.6769614554,567059.6868042954,1001150.3955881279,1001150.3955881279
2025-03-02T15:30:00.000+0000,998951.955562129,917618.3669781691,999999.9999999999,999058.6769614554,567059.6868042954,1001150.3955881279,1001150.3955881279
2025-03-02T15:40:00.000+0000,998951.955562129,917618.3669781691,999999.9999999999,999058.6769614554,567059.6868042954,1001150.3955881279,1001150.3955881279
2025-03-02T15:50:00.000+0000,998951.955562129,917618.3669781691,999999.9999999999,999058.6769614554,567059.6868042954,1001150.3955881279,1001150.3955881279
2025-03-02T16:00:00.000+0000,998951.955562129,917618.3669781691,999999.9999999999,999058.6769614554,567059.6868042954,1001150.3955881279,1001150.3955881279
2025-03-02T16:10:00.000+0000,998951.955562129,917618.3669781691,999999.9999999999,999058.6769614554,567059.6868042954,1001150.3955881279,1001150.3955881279
2025-03-02T16:20:00.000+0000,998951.955562129,917618.3669781691,999999.9999999999,999058.6769614554,567059.6868042954,1001150.3955881279,1001150.3955881279
2025-03-02T16:30:00.000+0000,998951.955562129,917618.3669781691,999999.9999999999,999058.6769614554,567059.6868042954,1001150.3955881279,1001150.3955881279
2025-03-02T16:40:00.000+0000,998951.955562129,917618.3669781691,999999.9999999999,999058.6769614554,567059.6868042954,1001150.3955881279,1001150.3955881279
2025-03-02T16:50:00.000+0000,998951.955562129,917618.3669781691,999999.9999999999,999058.6769614554,567059.6868042954,1001150.3955881279,1001150.3955881279
2025-03-02T17:00:00.000+0000,998951.955562129,917618.3669781691,999999.9999999999,999058.6769614554,567059.6868042954,1001150.3955881279,1001150.3955881279
2025-03-02T17:10:00.000+0000,998951.955562129,917618.3669781691,999999.9999999999,999058.6769614554,567059.6868042954,1001150.3955881279,1001150.3955881279
2025-03-02T17:20:00.000+0000,998951.955562129,917618.3669781691,999999.9999999999,999058.6769614554,567059.6868042954,1001150.3955881279,1001150.3955881279
2025-03-02T17:30:00.000+0000,998951.955562129,917618.3669781691,999999.9999999999,999058.6769614554,567059.6868042954,1001150.3955881279,1001150.3955881279
2025-03-02T17:40:00.000+0000,998951.955562129,917618.3669781691,999999.9999999999,999058.6769614554,567059.6868042954,1001150.3955881279,1001150.3955881279
2025-03-02T17:50:00.000+0000,998951.955562129,917618.3669781691,999999.9999999999,999058.6769614554,567059.6868042954,1001150.3955881279,1001150.3955881279
2025-03-02T18:00:00.000+0000,998951.955562129,917618.3669781691,999999.9999999999,999058.6769614554,567059.6868042954,1001150.3955881279,1001150.3955881279
2025-03-02T18:10:00.000+0000,998951.955562129,917618.3669781691,999999.9999999999,999058.6769614554,567059.6868042954,1001150.3955881279,1001150.3955881279
2025-03-02T18:20:00.000+0000,998951.955562129,917618.3669781691,999999.9999999999,999058.6769614554,567059.6868042954,1001150.3955881279,1001150.3955881279
2025-03-02T18:30:00.000+0000,998951.955562129,917618.3669781691,999999.9999999999,999058.6769614554,567059.6868042954,1001150.3955881279,1001150.3955881279
2025-03-02T18:40:00.000+0000,998951.955562129,917618.3669781691,999999.9999999999,999058.6769614554,567059.6868042954,1001150.3955881279,1001150.3955881279
2025-03-02T18:50:00.000+0000,998951.955562129,917618.3669781691,999999.9999999999,999058.6769614554,567059.6868042954,1001150.3955881279,1001150.3955881279
2025-03-02T19:00:00.000+0000,998951.955562129,917618.3669781691,999999.9999999999,999058.6769614554,567059.6868042954,1001150.3955881279,1001150.3955881279
2025-03-02T19:10:00.000+0000,998951.955562129,917618.3669781691,999999.9999999999,999058.6769614554,567059.6868042954,1001150.3955881279,1001150.3955881279
2025-03-02T19:20:00.000+0000,998951.955562129,917618.3669781691,999999.9999999999,999058.6769614554,567059.6868042954,1001150.3955881279,1001150.3955881279
2025-03-02T19:30:00.000+0000,998951.955562129,917618.3669781691,999999.9999999999,999058.6769614554,567059.6868042954,1001150.3955881279,1001150.3955881279
2025-03-02T19:40:00.000+0000,998951.955562129,917618.3669781691,999999.9999999999,999058.6769614554,567059.6868042954,1001150.3955881279,1001150.3955881279
2025-03-02T19:50:00.000+0000,998951.955562129,917618.3669781691,999999.9999999999,999058.6769614554,567059.6868042954,1001150.3955881279,1001150.3955881279
2025-03-02T20:00:00.000+0000,998951.955562129,917618.3669781691,999999.9999999999,999058.6769614554,567059.6868042954,1001150.3955881279,1001150.3955881279
2025-03-02T20:10:00.000+0000,998951.955562129,917618.3669781691,999999.9999999999,999058.6769614554,567059.6868042954,1001150.3955881279,1001150.3955881279
2025-03-02T20:20:00.000+0000,998951.955562129,917618.3669781691,999999.9999999999,999058.6769614554,567059.6868042954,1001150.3955881279,1001150.3955881279
2025-03-02T20:30:00.000+0000,998951.955562129,917618.3669781691,999999.9999999999,999058.6769614554,567059.6868042954,1001150.3955881279,1001150.3955881279
2025-03-02T20:40:00.000+0000,998951.955562129,917618.3669781691,999999.9999999999,999058.6769614554,567059.6868042954,1001150.3955881279,1001150.3955881279
2025-03-02T20:50:00.000+0000,998951.955562129,917618.3669781691,999999.9999999999,999058.6769614554,567059.6868042954,1001150.3955881279,1001150.3955881279
2025-03-02T21:00:00.000+0000,998951.955562129,917618.3669781691,999999.9999999999,999058.6769614554,567059.6868042954,1001150.3955881279,1001150.3955881279
2025-03-02T21:10:00.000+0000,998951.955562129,917618.3669781691,999999.9999999999,999058.6769614554,567059.6868042954,1001150.3955881279,1001150.3955881279
2025-03-02T21:20:00.000+0000,998951.955562129,917618.3669781691,999999.9999999999,999058.6769614554,567059.6868042954,1001150.3955881279,1001150.3955881279
2025-03-02T21:30:00.000+0000,998951.955562129,917618.3669781691,999999.9999999999,999058.6769614554,567059.6868042954,1001150.3955881279,1001150.3955881279
2025-03-02T21:40:00.000+0000,998951.955562129,917618.3669781691,999999.9999999999,999058.6769614554,567059.6868042954,1001150.3955881279,1001150.3955881279
2025-03-02T21:50:00.000+0000,998951.955562129,917618.3669781691,999999.9999999999,999058.6769614554,567059.6868042954,1001150.3955881279,1001150.3955881279
2025-03-02T22:00:00.000+0000,998951.955562129,917618.3669781691,999999.9999999999,999058.6769614554,567059.6868042954,1001150.3955881279,1001150.3955881279
2025-03-02T22:10:00.000+0000,998951.955562129,917618.3669781691,999999.9999999999,999058.6769614554,567059.6868042954,1001150.3955881279,1001150.3955881279
2025-03-02T22:20:00.000+0000,998951.955562129,917618.3669781691,999999.9999999999,999058.6769614554,567059.6868042954,1001150.3955881279,1001150.3955881279
2025-03-02T22:30:00.000+0000,998951.955562129,917618.3669781691,999999.9999999999,999058.6769614554,567059.6868042954,1001150.3955881279,1001150.3955881279
2025-03-02T22:40:00.000+0000,998951.955562129,917618.3669781691,999999.9999999999,999058.6769614554,567059.6868042954,1001150.3955881279,1001150.3955881279
2025-03-02T22:50:00.000+0000,998951.955562129,917618.3669781691,999999.9999999999,999058.6769614554,567059.6868042954,1001150.3955881279,1001150.3955881279
2025-03-02T23:00:00.000+0000,998951.955562129,917618.3669781691,999999.9999999999,999058.6769614554,567059.6868042954,1001150.3955881279,1001150.3955881279
2025-03-02T23:10:00.000+0000,998951.955562129,917618.3669781691,999999.9999999999,999058.6769614554,567059.6868042954,1001150.3955881279,1001150.3955881279
2025-03-02T23:20:00.000+0000,998951.955562129,917618.3669781691,999999.9999999999,999058.6769614554,567059.6868042954,1001150.3955881279,1001150.3955881279
2025-03-02T23:30:00.000+0000,998951.955562129,917618.3669781691,999999.9999999999,999058.6769614554,567059.6868042954,1001150.3955881279,1001150.3955881279
2025-03-02T23:40:00.000+0000,998951.955562129,917618.3669781691,999999.9999999999,999058.6769614554,567059.6868042954,1001150.3955881279,1001150.3955881279
2025-03-02T23:50:00.000+0000,998951.955562129,917618.3669781691,999999.9999999999,999058.6769614554,567059.6868042954,1001150.3955881279,1001150.3955881279
2025-03-03T00:00:00.000+0000,998951.955562129,917618.3669781691,999999.9999999999,999058.6769614554,567059.6868042954,1001150.3955881279,1001150.3955881279
2025-03-03T00:10:00.000+0000,998951.955562129,917618.3669781691,999999.9999999999,999058.6769614554,567059.6868042954,1001150.3955881279,1001150.3955881279
2025-03-03T00:20:00.000+0000,998951.955562129,917618.3669781691,999999.9999999999,999058.6769614554,567059.6868042954,1001150.3955881279,1001150.3955881279
2025-03-03T00:30:00.000+0000,998951.955562129,917618.3669781691,999999.9999999999,999058.6769614554,567059.6868042954,1001150.3955881279,1001150.3955881279
2025-03-03T00:40:00.000+0000,998951.955562129,917618.3669781691,999999.9999999999,999058.6769614554,567059.6868042954,1001150.3955881279,1001150.3955881279
2025-03-03T00:50:00.000+0000,998951.955562129,917618.3669781691,999999.9999999999,999058.6769614554,567059.6868042954,1001150.3955881279,1001150.3955881279
2025-03-03T01:00:00.000+0000,998951.955562129,917618.3669781691,999999.9999999999,999058.6769614554,567059.6868042954,1001150.3955881279,1001150.3955881279
2025-03-03T01:10:00.000+0000,998951.955562129,917618.3669781691,999999.9999999999,999058.6769614554,567059.6868042954,1001150.3955881279,1001150.3955881279
2025-03-03T01:20:00.000+0000,998951.955562129,917618.3669781691,999999.9999999999,999058.6769614554,567059.6868042954,1001150.3955881279,1001150.3955881279
2025-03-03T01:30:00.000+0000,998951.955562129,917618.3669781691,999999.9999999999,999058.6769614554,567059.6868042954,1001150.3955881279,1001150.3955881279
2025-03-03T01:40:00.000+0000,998951.955562129,917618.3669781691,999999.9999999999,999058.6769614554,567059.6868042954,1001150.3955881279,1001150.3955881279
2025-03-03T01:50:00.000+0000,998951.955562129,917618.3669781691,999999.9999999999,999058.6769614554,567059.6868042954,1001150.3955881279,1001150.3955881279
2025-03-03T02:00:00.000+0000,998951.955562129,917618.3669781691,999999.9999999999,999058.6769614554,567059.6868042954,1001150.3955881279,1001150.3955881279
2025-03-03T02:10:00.000+0000,998951.955562129,917618.3669781691,999999.9999999999,999058.6769614554,567059.6868042954,1001150.3955881279,1001150.3955881279
2025-03-03T02:20:00.000+0000,998951.955562129,917618.3669781691,999999.9999999999,999058.6769614554,567059.6868042954,1001150.3955881279,1001150.3955881279
2025-03-03T02:30:00.000+0000,998951.955562129,917618.3669781691,999999.9999999999,999058.6769614554,567059.6868042954,1001150.3955881279,1001150.3955881279
2025-03-03T02:40:00.000+0000,998951.955562129,917618.3669781691,999999.9999999999,999058.6769614554,567059.6868042954,1001150.3955881279,1001150.3955881279
2025-03-03T02:50:00.000+0000,998951.955562129,917618.3669781691,999999.9999999999,999058.6769614554,567059.6868042954,1001150.3955881279,1001150.3955881279
2025-03-03T03:00:00.000+0000,998951.955562129,917618.3669781691,999999.9999999999,999058.6769614554,567059.6868042954,1001150.3955881279,1001150.3955881279
2025-03-03T03:10:00.000+0000,998951.955562129,917618.3669781691,999999.9999999999,999058.6769614554,567059.6868042954,1001150.3955881279,1001150.3955881279
2025-03-03T03:20:00.000+0000,998951.955562129,917618.3669781691,999999.9999999999,999058.6769614554,567059.6868042954,1001150.3955881279,1001150.3955881279
2025-03-03T03:30:00.000+0000,998951.955562129,917618.3669781691,999999.9999999999,999058.6769614554,567059.6868042954,1001150.3955881279,1001150.3955881279
2025-03-03T03:40:00.000+0000,998951.955562129,917618.3669781691,999999.9999999999,999058.6769614554,567059.6868042954,1001150.3955881279,1001150.3955881279
2025-03-03T03:50:00.000+0000,998951.955562129,917618.3669781691,999999.9999999999,999058.6769614554,567059.6868042954,1001150.3955881279,1001150.3955881279
2025-03-03T04:00:00.000+0000,998951.955562129,917618.3669781691,999999.9999999999,999058.6769614554,567059.6868042954,1001150.3955881279,1001150.3955881279
2025-03-03T04:10:00.000+0000,998951.955562129,917618.3669781691,999999.9999999999,999058.6769614554,567059.6868042954,1001150.3955881279,1001150.3955881279
2025-03-03T04:20:00.000+0000,998951.955562129,917618.3669781691,999999.9999999999,999058.6769614554,567059.6868042954,1001150.3955881279,1001150.3955881279
2025-03-03T04:30:00.000+0000,998951.955562129,917618.3669781691,999999.9999999999,999058.6769614554,567059.6868042954,1001150.3955881279,1001150.3955881279
2025-03-03T04:40:00.000+0000,998951.955562129,917618.3669781691,999999.9999999999,999058.6769614554,567059.6868042954,1001150.3955881279,1001150.3955881279
2025-03-03T04:50:00.000+0000,998951.955562129,917618.3669781691,999999.9999999999,999058.6769614554,567059.6868042954,1001150.3955881279,1001150.3955881279
2025-03-03T05:00:00.000+0000,998951.955562129,917618.3669781691,999999.9999999999,999058.6769614554,567059.6868042954,1001150.3955881279,1001150.3955881279
2025-03-03T05:10:00.000+0000,998951.955562129,917618.3669781691,999999.9999999999,999058.6769614554,567059.6868042954,1001150.3955881279,1001150.3955881279
2025-03-03T05:20:00.000+0000,998951.955562129,917618.3669781691,999999.9999999999,999058.6769614554,567059.6868042954,1001150.3955881279,1001150.3955881279
2025-03-03T05:30:00.000+0000,998951.955562129,917618.3669781691,999999.9999999999,999058.6769614554,567059.6868042954,1001150.3955881279,1001150.3955881279
2025-03-03T05:40:00.000+0000,998951.955562129,917618.3669781691,999999.9999999999,999058.6769614554,567059.6868042954,1001150.3955881279,1001150.3955881279
2025-03-03T05:50:00.000+0000,998951.955562129,917618.3669781691,999999.9999999999,999058.6769614554,567059.6868042954,1001150.3955881279,1001150.3955881279
2025-03-03T06:00:00.000+0000,998951.955562129,917618.3669781691,999999.9999999999,999058.6769614554,567059.6868042954,1001150.3955881279,1001150.3955881279
2025-03-03T06:10:00.000+0000,998951.955562129,917618.3669781691,999999.9999999999,999058.6769614554,567059.6868042954,1001150.3955881279,1001150.3955881279
2025-03-03T06:20:00.000+0000,998951.955562129,917618.3669781691,999999.9999999999,999058.6769614554,567059.6868042954,1001150.3955881279,1001150.3955881279
2025-03-03T06:30:00.000+0000,998951.955562129,917618.3669781691,999999.9999999999,999058.6769614554,567059.6868042954,1001150.3955881279,1001150.3955881279
2025-03-03T06:40:00.000+0000,998951.955562129,917618.3669781691,999999.9999999999,999058.6769614554,567059.6868042954,1001150.3955881279,1001150.3955881279
2025-03-03T06:50:00.000+0000,998951.955562129,917618.3669781691,999999.9999999999,999058.6769614554,567059.6868042954,1001150.3955881279,1001150.3955881279
2025-03-03T07:00:00.000+0000,998951.955562129,917618.3669781691,999999.9999999999,999058.6769614554,567059.6868042954,1001150.3955881279,1001150.3955881279
2025-03-03T07:10:00.000+0000,998951.955562129,917618.3669781691,999999.9999999999,999058.6769614554,567059.6868042954,1001150.3955881279,1001150.3955881279
2025-03-03T07:20:00.000+0000,998951.955562129,917618.3669781691,999999.9999999999,999058.6769614554,567059.6868042954,1001150.3955881279,1001150.3955881279
2025-03-03T07:30:00.000+0000,998951.955562129,917618.3669781691,999999.9999999999,999058.6769614554,567059.6868042954,1001150.3955881279,1001150.3955881279
2025-03-03T07:40:00.000+0000,998951.955562129,917618.3669781691,999999.9999999999,999058.6769614554,567059.6868042954,1001150.3955881279,1001150.3955881279
2025-03-03T07:50:00.000+0000,998951.955562129,917618.3669781691,999999.9999999999,999058.6769614554,567059.6868042954,1001150.3955881279,1001150.3955881279
2025-03-03T08:00:00.000+0000,998951.955562129,917618.3669781691,999999.9999999999,999058.6769614554,567059.6868042954,1001150.3955881279,1001150.3955881279
2025-03-03T08:10:00.000+0000,998951.955562129,917618.3669781691,999999.9999999999,999058.6769614554,567059.6868042954,1001150.3955881279,1001150.3955881279
2025-03-03T08:20:00.000+0000,998951.955562129,917618.3669781691,999999.9999999999,999058.6769614554,567059.6868042954,1001150.3955881279,1001150.3955881279
2025-03-03T08:30:00.000+0000,998951.955562129,917618.3669781691,999999.9999999999,999058.6769614554,567059.6868042954,1001150.3955881279,1001150.3955881279
2025-03-03T08:40:00.000+0000,998951.955562129,917618.3669781691,999999.9999999999,999058.6769614554,567059.6868042954,1001150.3955881279,1001150.3955881279
2025-03-03T08:50:00.000+0000,998951.955562129,917618.3669781691,999999.9999999999,999058.6769614554,567059.6868042954,1001150.3955881279,1001150.3955881279
2025-03-03T09:00:00.000+0000,998951.955562129,917618.3669781691,999999.9999999999,999058.6769614554,567059.6868042954,1001150.3955881279,1001150.3955881279
2025-03-03T09:10:00.000+0000,998951.955562129,917618.3669781691,999999.9999999999,999058.6769614554,567059.6868042954,1001150.3955881279,1001150.3955881279
2025-03-03T09:20:00.000+0000,998951.955562129,917618.3669781691,999999.9999999999,999058.6769614554,567059.6868042954,1001150.3955881279,1001150.3955881279
2025-03-03T09:30:00.000+0000,998951.955562129,917618.3669781691,999999.9999999999,999058.6769614554,567059.6868042954,1001150.3955881279,1001150.3955881279
2025-03-03T09:40:00.000+0000,998951.955562129,917618.3669781691,999999.9999999999,999058.6769614554,567059.6868042954,1001150.3955881279,1001150.3955881279
2025-03-03T09:50:00.000+0000,998951.955562129,917618.3669781691,999999.9999999999,999058.6769614554,567059.6868042954,1001150.3955881279,1001150.3955881279
2025-03-03T10:00:00.000+0000,998951.955562129,917618.3669781691,999999.9999999999,999058.6769614554,567059.6868042954,1001150.3955881279,1001150.3955881279
2025-03-03T10:10:00.000+0000,998951.955562129,917618.3669781691,999999.9999999999,999058.6769614554,567059.6868042954,1001150.3955881279,1001150.3955881279
2025-03-03T10:20:00.000+0000,998951.955562129,917618.3669781691,999999.9999999999,999058.6769614554,567059.6868042954,1001150.3955881279,1001150.3955881279
2025-03-03T10:30:00.000+0000,998951.955562129,917618.3669781691,999999.9999999999,999058.6769614554,567059.6868042954,1001150.3955881279,1001150.3955881279
2025-03-03T10:40:00.000+0000,998951.955562129,917618.3669781691,999999.9999999999,999058.6769614554,567059.6868042954,1001150.3955881279,1001150.3955881279
2025-03-03T10:50:00.000+0000,998951.955562129,917618.3669781691,999999.9999999999,999058.6769614554,567059.6868042954,1001150.3955881279,1001150.3955881279
2025-03-03T11:00:00.000+0000,998951.955562129,917618.3669781691,999999.9999999999,999058.6769614554,567059.6868042954,1001150.3955881279,1001150.3955881279
2025-03-03T11:10:00.000+0000,998951.955562129,917618.3669781691,999999.9999999999,999058.6769614554,567059.6868042954,1001150.3955881279,1001150.3955881279
2025-03-03T11:20:00.000+0000,998951.955562129,917618.3669781691,999999.9999999999,999058.6769614554,567059.6868042954,1001150.3955881279,1001150.3955881279
2025-03-03T11:30:00.000+0000,998951.955562129,917618.3669781691,999999.9999999999,999058.6769614554,567059.6868042954,1001150.3955881279,1001150.3955881279
2025-03-03T11:40:00.000+0000,998951.955562129,917618.3669781691,999999.9999999999,999058.6769614554,567059.6868042954,1001150.3955881279,1001150.3955881279
2025-03-03T11:50:00.000+0000,998951.955562129,917618.3669781691,999999.9999999999,999058.6769614554,567059.6868042954,1001150.3955881279,1001150.3955881279
2025-03-03T12:00:00.000+0000,998951.955562129,917618.3669781691,999999.9999999999,999058.6769614554,567059.6868042954,1001150.3955881279,1001150.3955881279
2025-03-03T12:10:00.000+0000,998951.955562129,917618.3669781691,999999.9999999999,999058.6769614554,567059.6868042954,1001150.3955881279,1001150.3955881279
2025-03-03T12:20:00.000+0000,998951.955562129,917618.3669781691,999999.9999999999,999058.6769614554,567059.6868042954,1001150.3955881279,1001150.3955881279
2025-03-03T12:30:00.000+0000,998951.955562129,917618.3669781691,999999.9999999999,999058.6769614554,567059.6868042954,1001150.3955881279,1001150.3955881279
2025-03-03T12:40:00.000+0000,998951.955562129,917618.3669781691,999999.9999999999,999058.6769614554,567059.6868042954,1001150.3955881279,1001150.3955881279
2025-03-03T12:50:00.000+0000,998951.955562129,917618.3669781691,999999.9999999999,999058.6769614554,567059.6868042954,1001150.3955881279,1001150.3955881279
2025-03-03T13:00:00.000+0000,998951.955562129,917618.3669781691,999999.9999999999,999058.6769614554,567059.6868042954,1001150.3955881279,1001150.3955881279
2025-03-03T13:10:00.000+0000,998951.955562129,917618.3669781691,999999.9999999999,999058.6769614554,567059.6868042954,1001150.3955881279,1001150.3955881279
2025-03-03T13:20:00.000+0000,998951.955562129,917618.3669781691,999999.9999999999,999058.6769614554,567059.6868042954,1001150.3955881279,1001150.3955881279
2025-03-03T13:30:00.000+0000,998951.955562129,917618.3669781691,999999.9999999999,999058.6769614554,567059.6868042954,1001150.3955881279,1001150.3955881279
2025-03-03T13:40:00.000+0000,998951.955562129,917618.3669781691,999999.9999999999,999058.6769614554,567059.6868042954,1001150.3955881279,1001150.3955881279
2025-03-03T13:50:00.000+0000,998951.955562129,917618.3669781691,999999.9999999999,999058.6769614554,567059.6868042954,1001150.3955881279,1001150.3955881279
2025-03-03T14:00:00.000+0000,998951.955562129,917618.3669781691,999999.9999999999,999058.6769614554,567059.6868042954,1001150.3955881279,1001150.3955881279
2025-03-03T14:10:00.000+0000,998951.955562129,917618.3669781691,999999.9999999999,999058.6769614554,567059.6868042954,1001150.3955881279,1001150.3955881279
2025-03-03T14:20:00.000+0000,998951.955562129,917618.3669781691,999999.9999999999,999058.6769614554,567059.6868042954,1001150.3955881279,1001150.3955881279
2025-03-03T14:30:00.000+0000,998951.955562129,917618.3669781691,999999.9999999999,999058.6769614554,567059.6868042954,1001150.3955881279,1001150.3955881279
2025-03-03T14:40:00.000+0000,998951.955562129,917618.3669781691,999999.9999999999,999058.6769614554,567059.6868042954,1001150.3955881279,1001150.3955881279
2025-03-03T14:50:00.000+0000,998951.955562129,917618.3669781691,999999.9999999999,999058.6769614554,567059.6868042954,1001150.3955881279,1001150.3955881279
2025-03-03T15:00:00.000+0000,998951.955562129,917618.3669781691,999999.9999999999,999058.6769614554,567059.6868042954,1001150.3955881279,1001150.3955881279
2025-03-03T15:10:00.000+0000,998951.955562129,917618.3669781691,999999.9999999999,999058.6769614554,567059.6868042954,1001150.3955881279,1001150.3955881279
2025-03-03T15:20:00.000+0000,998951.955562129,917618.3669781691,999999.9999999999,999058.6769614554,567059.6868042954,1001150.3955881279,1001150.3955881279
2025-03-03T15:30:00.000+0000,998951.955562129,917618.3669781691,999999.9999999999,999058.6769614554,567059.6868042954,1001150.3955881279,1001150.3955881279
2025-03-03T15:40:00.000+0000,998951.955562129,917618.3669781691,999999.9999999999,999058.6769614554,567059.6868042954,1001150.3955881279,1001150.3955881279
2025-03-03T15:50:00.000+0000,998951.955562129,917618.3669781691,999999.9999999999,999058.6769614554,567059.6868042954,1001150.3955881279,1001150.3955881279
2025-03-03T16:00:00.000+0000,998951.955562129,917618.3669781691,999999.9999999999,999058.6769614554,567059.6868042954,1001150.3955881279,1001150.3955881279
2025-03-03T16:10:00.000+0000,998951.955562129,917618.3669781691,999999.9999999999,999058.6769614554,567059.6868042954,1001150.3955881279,1001150.3955881279
2025-03-03T16:20:00.000+0000,998951.955562129,917618.3669781691,999999.9999999999,999058.6769614554,567059.6868042954,1001150.3955881279,1001150.3955881279
2025-03-03T16:30:00.000+0000,998951.955562129,917618.3669781691,999999.9999999999,999058.6769614554,567059.6868042954,1001150.3955881279,1001150.3955881279
2025-03-03T16:40:00.000+0000,998951.955562129,917618.3669781691,999999.9999999999,999058.6769614554,567059.6868042954,1001150.3955881279,1001150.3955881279
2025-03-03T16:50:00.000+0000,998951.955562129,917618.3669781691,999999.9999999999,999058.6769614554,567059.6868042954,1001150.3955881279,1001150.3955881279
2025-03-03T17:00:00.000+0000,998951.955562129,917618.3669781691,999999.9999999999,999058.6769614554,567059.6868042954,1001150.3955881279,1001150.3955881279
2025-03-03T17:10:00.000+0000,998951.955562129,917618.3669781691,999999.9999999999,999058.6769614554,567059.6868042954,1001150.3955881279,1001150.3955881279
2025-03-03T17:20:00.000+0000,998951.955562129,917618.3669781691,999999.9999999999,999058.6769614554,567059.6868042954,1001150.3955881279,1001150.3955881279
2025-03-03T17:30:00.000+0000,998951.955562129,917618.3669781691,999999.9999999999,999058.6769614554,567059.6868042954,1001150.3955881279,1001150.3955881279
2025-03-03T17:40:00.000+0000,998951.955562129,917618.3669781691,999999.9999999999,999058.6769614554,567059.6868042954,1001150.3955881279,1001150.3955881279
2025-03-03T17:50:00.000+0000,998951.955562129,917618.3669781691,999999.9999999999,999058.6769614554,567059.6868042954,1001150.3955881279,1001150.3955881279
2025-03-03T18:00:00.000+0000,998951.955562129,917618.3669781691,999999.9999999999,999058.6769614554,567059.6868042954,1001150.3955881279,1001150.3955881279
2025-03-03T18:10:00.000+0000,998951.955562129,917618.3669781691,999999.9999999999,999058.6769614554,567059.6868042954,1001150.3955881279,1001150.3955881279
2025-03-03T18:20:00.000+0000,998951.955562129,917618.3669781691,999999.9999999999,999058.6769614554,567059.6868042954,1001150.3955881279,1001150.3955881279
2025-03-03T18:30:00.000+0000,998951.955562129,917618.3669781691,999999.9999999999,999058.6769614554,567059.6868042954,1001150.3955881279,1001150.3955881279
2025-03-03T18:40:00.000+0000,998951.955562129,917618.3669781691,999999.9999999999,999058.6769614554,567059.6868042954,1001150.3955881279,1001150.3955881279
2025-03-03T18:50:00.000+0000,998951.955562129,917618.3669781691,999999.9999999999,999058.6769614554,567059.6868042954,1001150.3955881279,1001150.3955881279
2025-03-03T19:00:00.000+0000,998951.955562129,917618.3669781691,999999.9999999999,999058.6769614554,567059.6868042954,1001150.3955881279,1001150.3955881279
2025-03-03T19:10:00.000+0000,998951.955562129,917618.3669781691,999999.9999999999,999058.6769614554,567059.6868042954,1001150.3955881279,1001150.3955881279
2025-03-03T19:20:00.000+0000,998951.955562129,917618.3669781691,999999.9999999999,999058.6769614554,567059.6868042954,1001150.3955881279,1001150.3955881279
2025-03-03T19:30:00.000+0000,998951.955562129,917618.3669781691,999999.9999999999,999058.6769614554,567059.6868042954,1001150.3955881279,1001150.3955881279
2025-03-03T19:40:00.000+0000,998951.955562129,917618.3669781691,999999.9999999999,999058.6769614554,567059.6868042954,1001150.3955881279,1001150.3955881279
2025-03-03T19:50:00.000+0000,998951.955562129,917618.3669781691,999999.9999999999,999058.6769614554,567059.6868042954,1001150.3955881279,1001150.3955881279
2025-03-03T20:00:00.000+0000,998951.955562129,917618.3669781691,999999.9999999999,999058.6769614554,567059.6868042954,1001150.3955881279,1001150.3955881279
2025-03-03T20:10:00.000+0000,998951.955562129,917618.3669781691,999999.9999999999,999058.6769614554,567059.6868042954,1001150.3955881279,1001150.3955881279
2025-03-03T20:20:00.000+0000,998951.955562129,917618.3669781691,999999.9999999999,999058.6769614554,567059.6868042954,1001150.3955881279,1001150.3955881279
2025-03-03T20:30:00.000+0000,998951.955562129,917618.3669781691,999999.9999999999,999058.6769614554,567059.6868042954,1001150.3955881279,1001150.3955881279
2025-03-03T20:40:00.000+0000,998951.955562129,917618.3669781691,999999.9999999999,999058.6769614554,567059.6868042954,1001150.3955881279,1001150.3955881279
2025-03-03T20:50:00.000+0000,998951.955562129,917618.3669781691,999999.9999999999,999058.6769614554,567059.6868042954,1001150.3955881279,1001150.3955881279
2025-03-03T21:00:00.000+0000,998951.955562129,917618.3669781691,999999.9999999999,999058.6769614554,567059.6868042954,1001150.3955881279,1001150.3955881279
2025-03-03T21:10:00.000+0000,998951.955562129,917618.3669781691,999999.9999999999,999058.6769614554,567059.6868042954,1001150.3955881279,1001150.3955881279
2025-03-03T21:20:00.000+0000,998951.955562129,917618.3669781691,999999.9999999999,999058.6769614554,567059.6868042954,1001150.3955881279,1001150.3955881279
2025-03-03T21:30:00.000+0000,998951.955562129,917618.3669781691,999999.9999999999,999058.6769614554,567059.6868042954,1001150.3955881279,1001150.3955881279
2025-03-03T21:40:00.000+0000,998951.955562129,917618.3669781691,999999.9999999999,999058.6769614554,567059.6868042954,1001150.3955881279,1001150.3955881279
2025-03-03T21:50:00.000+0000,998951.955562129,917618.3669781691,999999.9999999999,999058.6769614554,567059.6868042954,1001150.3955881279,1001150.3955881279
2025-03-03T22:00:00.000+0000,998951.955562129,917618.3669781691,999999.9999999999,999058.6769614554,567059.6868042954,1001150.3955881279,1001150.3955881279
2025-03-03T22:10:00.000+0000,998951.955562129,917618.3669781691,999999.9999999999,999058.6769614554,567059.6868042954,1001150.3955881279,1001150.3955881279
2025-03-03T22:20:00.000+0000,998951.955562129,917618.3669781691,999999.9999999999,999058.6769614554,567059.6868042954,1001150.3955881279,1001150.3955881279
2025-03-03T22:30:00.000+0000,998951.955562129,917618.3669781691,999999.9999999999,999058.6769614554,567059.6868042954,1001150.3955881279,1001150.3955881279
2025-03-03T22:40:00.000+0000,998951.955562129,917618.3669781691,999999.9999999999,999058.6769614554,567059.6868042954,1001150.3955881279,1001150.3955881279
2025-03-03T22:50:00.000+0000,998951.955562129,917618.3669781691,999999.9999999999,999058.6769614554,567059.6868042954,1001150.3955881279,1001150.3955881279
2025-03-03T23:00:00.000+0000,998951.955562129,917618.3669781691,999999.9999999999,999058.6769614554,567059.6868042954,1001150.3955881279,1001150.3955881279
2025-03-03T23:10:00.000+0000,998951.955562129,917618.3669781691,999999.9999999999,999058.6769614554,567059.6868042954,1001150.3955881279,1001150.3955881279
2025-03-03T23:20:00.000+0000,998951.955562129,917618.3669781691,999999.9999999999,999058.6769614554,567059.6868042954,1001150.3955881279,1001150.3955881279
2025-03-03T23:30:00.000+0000,998951.955562129,917618.3669781691,999999.9999999999,999058.6769614554,567059.6868042954,1001150.3955881279,1001150.3955881279
2025-03-03T23:40:00.000+0000,998951.955562129,917618.3669781691,999999.9999999999,999058.6769614554,567059.6868042954,1001150.3955881279,1001150.3955881279
2025-03-03T23:50:00.000+0000,998951.955562129,917618.3669781691,999999.9999999999,999058.6769614554,567059.6868042954,1001150.3955881279,1001150.3955881279
2025-03-04T00:00:00.000+0000,998951.955562129,917618.3669781691,999999.9999999999,999058.6769614554,567059.6868042954,1001150.3955881279,1001150.3955881279
2025-03-04T00:10:00.000+0000,998951.955562129,917618.3669781691,999999.9999999999,999058.6769614554,567059.6868042954,1001150.3955881279,1001150.3955881279
2025-03-04T00:20:00.000+0000,998951.955562129,917618.3669781691,999999.9999999999,999058.6769614554,567059.6868042954,1001150.3955881279,1001150.3955881279
2025-03-04T00:30:00.000+0000,998951.955562129,917618.3669781691,999999.9999999999,999058.6769614554,567059.6868042954,1001150.3955881279,1001150.3955881279
2025-03-04T00:40:00.000+0000,998951.955562129,917618.3669781691,999999.9999999999,999058.6769614554,567059.6868042954,1001150.3955881279,1001150.3955881279
2025-03-04T00:50:00.000+0000,998951.955562129,917618.3669781691,999999.9999999999,999058.6769614554,567059.6868042954,1001150.3955881279,1001150.3955881279
2025-03-04T01:00:00.000+0000,998951.955562129,917618.3669781691,999999.9999999999,999058.6769614554,567059.6868042954,1001150.3955881279,1001150.3955881279
2025-03-04T01:10:00.000+0000,998951.955562129,917618.3669781691,999999.9999999999,999058.6769614554,567059.6868042954,1001150.3955881279,1001150.3955881279
2025-03-04T01:20:00.000+0000,998951.955562129,917618.3669781691,999999.9999999999,999058.6769614554,567059.6868042954,1001150.3955881279,1001150.3955881279
2025-03-04T01:30:00.000+0000,998951.955562129,917618.3669781691,999999.9999999999,999058.6769614554,567059.6868042954,1001150.3955881279,1001150.3955881279
2025-03-04T01:40:00.000+0000,998951.955562129,917618.3669781691,999999.9999999999,999058.6769614554,567059.6868042954,1001150.3955881279,1001150.3955881279
2025-03-04T01:50:00.000+0000,998951.955562129,917618.3669781691,999999.9999999999,999058.6769614554,567059.6868042954,1001150.3955881279,1001150.3955881279
2025-03-04T02:00:00.000+0000,998951.955562129,917618.3669781691,999999.9999999999,999058.6769614554,567059.6868042954,1001150.3955881279,1001150.3955881279
2025-03-04T02:10:00.000+0000,998951.955562129,917618.3669781691,999999.9999999999,999058.6769614554,567059.6868042954,1001150.3955881279,1001150.3955881279
2025-03-04T02:20:00.000+0000,998951.955562129,917618.3669781691,999999.9999999999,999058.6769614554,567059.6868042954,1001150.3955881279,1001150.3955881279
2025-03-04T02:30:00.000+0000,998951.955562129,917618.3669781691,999999.9999999999,999058.6769614554,567059.6868042954,1001150.3955881279,1001150.3955881279
2025-03-04T02:40:00.000+0000,998951.955562129,917618.3669781691,999999.9999999999,999058.6769614554,567059.6868042954,1001150.3955881279,1001150.3955881279
2025-03-04T02:50:00.000+0000,998951.955562129,917618.3669781691,999999.9999999999,999058.6769614554,567059.6868042954,1001150.3955881279,1001150.3955881279
2025-03-04T03:00:00.000+0000,998951.955562129,917618.3669781691,999999.9999999999,999058.6769614554,567059.6868042954,1001150.3955881279,1001150.3955881279
2025-03-04T03:10:00.000+0000,998951.955562129,917618.3669781691,999999.9999999999,999058.6769614554,567059.6868042954,1001150.3955881279,1001150.3955881279
2025-03-04T03:20:00.000+0000,998951.955562129,917618.3669781691,999999.9999999999,999058.6769614554,567059.6868042954,1001150.3955881279,1001150.3955881279
2025-03-04T03:30:00.000+0000,998951.955562129,917618.3669781691,999999.9999999999,999058.6769614554,567059.6868042954,1001150.3955881279,1001150.3955881279
2025-03-04T03:40:00.000+0000,998951.955562129,917618.3669781691,999999.9999999999,999058.6769614554,567059.6868042954,1001150.3955881279,1001150.3955881279
2025-03-04T03:50:00.000+0000,998951.955562129,917618.3669781691,999999.9999999999,999058.6769614554,567059.6868042954,1001150.3955881279,1001150.3955881279
2025-03-04T04:00:00.000+0000,998951.955562129,917618.3669781691,999999.9999999999,999058.6769614554,567059.6868042954,1001150.3955881279,1001150.3955881279
2025-03-04T04:10:00.000+0000,998951.955562129,917618.3669781691,999999.9999999999,999058.6769614554,567059.6868042954,1001150.3955881279,1001150.3955881279
2025-03-04T04:20:00.000+0000,998951.955562129,917618.3669781691,999999.9999999999,999058.6769614554,567059.6868042954,1001150.3955881279,1001150.3955881279
2025-03-04T04:30:00.000+0000,998951.955562129,917618.3669781691,999999.9999999999,999058.6769614554,567059.6868042954,1001150.3955881279,1001150.3955881279
2025-03-04T04:40:00.000+0000,998951.955562129,917618.3669781691,999999.9999999999,999058.6769614554,567059.6868042954,1001150.3955881279,1001150.3955881279
2025-03-04T04:50:00.000+0000,998951.955562129,917618.3669781691,999999.9999999999,999058.6769614554,567059.6868042954,1001150.3955881279,1001150.3955881279
2025-03-04T05:00:00.000+0000,998951.955562129,917618.3669781691,999999.9999999999,999058.6769614554,567059.6868042954,1001150.3955881279,1001150.3955881279
2025-03-04T05:10:00.000+0000,998951.955562129,917618.3669781691,999999.9999999999,999058.6769614554,567059.6868042954,1001150.3955881279,1001150.3955881279
2025-03-04T05:20:00.000+0000,998951.955562129,917618.3669781691,999999.9999999999,999058.6769614554,567059.6868042954,1001150.3955881279,1001150.3955881279
2025-03-04T05:30:00.000+0000,998951.955562129,917618.3669781691,999999.9999999999,999058.6769614554,567059.6868042954,1001150.3955881279,1001150.3955881279
2025-03-04T05:40:00.000+0000,998951.955562129,917618.3669781691,999999.9999999999,999058.6769614554,567059.6868042954,1001150.3955881279,1001150.3955881279
2025-03-04T05:50:00.000+0000,998951.955562129,917618.3669781691,999999.9999999999,999058.6769614554,567059.6868042954,1001150.3955881279,1001150.3955881279
2025-03-04T06:00:00.000+0000,998951.955562129,917618.3669781691,999999.9999999999,999058.6769614554,567059.6868042954,1001150.3955881279,1001150.3955881279
2025-03-04T06:10:00.000+0000,998951.955562129,917618.3669781691,999999.9999999999,999058.6769614554,567059.6868042954,1001150.3955881279,1001150.3955881279
2025-03-04T06:20:00.000+0000,998951.955562129,917618.3669781691,999999.9999999999,999058.6769614554,567059.6868042954,1001150.3955881279,1001150.3955881279
2025-03-04T06:30:00.000+0000,998951.955562129,917618.3669781691,999999.9999999999,999058.6769614554,567059.6868042954,1001150.3955881279,1001150.3955881279
2025-03-04T06:40:00.000+0000,998951.955562129,917618.3669781691,999999.9999999999,999058.6769614554,567059.6868042954,1001150.3955881279,1001150.3955881279
2025-03-04T06:50:00.000+0000,998951.955562129,917618.3669781691,999999.9999999999,999058.6769614554,567059.6868042954,1001150.3955881279,1001150.3955881279
2025-03-04T07:00:00.000+0000,998951.955562129,917618.3669781691,999999.9999999999,999058.6769614554,567059.6868042954,1001150.3955881279,1001150.3955881279
2025-03-04T07:10:00.000+0000,998951.955562129,917618.3669781691,999999.9999999999,999058.6769614554,567059.6868042954,1001150.3955881279,1001150.3955881279
2025-03-04T07:20:00.000+0000,998951.955562129,917618.3669781691,999999.9999999999,999058.6769614554,567059.6868042954,1001150.3955881279,1001150.3955881279
2025-03-04T07:30:00.000+0000,998951.955562129,917618.3669781691,999999.9999999999,999058.6769614554,567059.6868042954,1001150.3955881279,1001150.3955881279
2025-03-04T07:40:00.000+0000,998951.955562129,917618.3669781691,999999.9999999999,999058.6769614554,567059.6868042954,1001150.3955881279,1001150.3955881279
2025-03-04T07:50:00.000+0000,998951.955562129,917618.3669781691,999999.9999999999,999058.6769614554,567059.6868042954,1001150.3955881279,1001150.3955881279
2025-03-04T08:00:00.000+0000,998951.955562129,917618.3669781691,999999.9999999999,999058.6769614554,567059.6868042954,1001150.3955881279,1001150.3955881279
2025-03-04T08:10:00.000+0000,998951.955562129,917618.3669781691,999999.9999999999,999058.6769614554,567059.6868042954,1001150.3955881279,1001150.3955881279
2025-03-04T08:20:00.000+0000,998951.955562129,917618.3669781691,999999.9999999999,999058.6769614554,567059.6868042954,1001150.3955881279,1001150.3955881279
2025-03-04T08:30:00.000+0000,998951.955562129,917618.3669781691,999999.9999999999,999058.6769614554,567059.6868042954,1001150.3955881279,1001150.3955881279
2025-03-04T08:40:00.000+0000,998951.955562129,917618.3669781691,999999.9999999999,999058.6769614554,567059.6868042954,1001150.3955881279,1001150.3955881279
2025-03-04T08:50:00.000+0000,998951.955562129,917618.3669781691,999999.9999999999,999058.6769614554,567059.6868042954,1001150.3955881279,1001150.3955881279
2025-03-04T09:00:00.000+0000,998951.955562129,917618.3669781691,999999.9999999999,999058.6769614554,567059.6868042954,1001150.3955881279,1001150.3955881279
2025-03-04T09:10:00.000+0000,998951.955562129,917618.3669781691,999999.9999999999,999058.6769614554,567059.6868042954,1001150.3955881279,1001150.3955881279
2025-03-04T09:20:00.000+0000,998951.955562129,917618.3669781691,999999.9999999999,999058.6769614554,567059.6868042954,1001150.3955881279,1001150.3955881279
2025-03-04T09:30:00.000+0000,998951.955562129,917618.3669781691,999999.9999999999,999058.6769614554,567059.6868042954,1001150.3955881279,1001150.3955881279
2025-03-04T09:40:00.000+0000,998951.955562129,917618.3669781691,999999.9999999999,999058.6769614554,567059.6868042954,1001150.3955881279,1001150.3955881279
2025-03-04T09:50:00.000+0000,998951.955562129,917618.3669781691,999999.9999999999,999058.6769614554,567059.6868042954,1001150.3955881279,1001150.3955881279
2025-03-04T10:00:00.000+0000,998951.955562129,917618.3669781691,999999.9999999999,999058.6769614554,567059.6868042954,1001150.3955881279,1001150.3955881279
2025-03-04T10:10:00.000+0000,998951.955562129,917618.3669781691,999999.9999999999,999058.6769614554,567059.6868042954,1001150.3955881279,1001150.3955881279
2025-03-04T10:20:00.000+0000,998951.955562129,917618.3669781691,999999.9999999999,999058.6769614554,567059.6868042954,1001150.3955881279,1001150.3955881279
2025-03-04T10:30:00.000+0000,998951.955562129,917618.3669781691,999999.9999999999,999058.6769614554,567059.6868042954,1001150.3955881279,1001150.3955881279
2025-03-04T10:40:00.000+0000,998951.955562129,917618.3669781691,999999.9999999999,999058.6769614554,567059.6868042954,1001150.3955881279,1001150.3955881279
2025-03-04T10:50:00.000+0000,998951.955562129,917618.3669781691,999999.9999999999,999058.6769614554,567059.6868042954,1001150.3955881279,1001150.3955881279
2025-03-04T11:00:00.000+0000,998951.955562129,917618.3669781691,999999.9999999999,999058.6769614554,567059.6868042954,1001150.3955881279,1001150.3955881279
2025-03-04T11:10:00.000+0000,998951.955562129,917618.3669781691,999999.9999999999,999058.6769614554,567059.6868042954,1001150.3955881279,1001150.3955881279
2025-03-04T11:20:00.000+0000,998951.955562129,917618.3669781691,999999.9999999999,999058.6769614554,567059.6868042954,1001150.3955881279,1001150.3955881279
2025-03-04T11:30:00.000+0000,998951.955562129,917618.3669781691,999999.9999999999,999058.6769614554,567059.6868042954,1001150.3955881279,1001150.3955881279
2025-03-04T11:40:00.000+0000,998951.955562129,917618.3669781691,999999.9999999999,999058.6769614554,567059.6868042954,1001150.3955881279,1001150.3955881279
2025-03-04T11:50:00.000+0000,998951.955562129,917618.3669781691,999999.9999999999,999058.6769614554,567059.6868042954,1001150.3955881279,1001150.3955881279
2025-03-04T12:00:00.000+0000,998951.955562129,917618.3669781691,999999.9999999999,999058.6769614554,567059.6868042954,1001150.3955881279,1001150.3955881279
2025-03-04T12:10:00.000+0000,998951.955562129,917618.3669781691,999999.9999999999,999058.6769614554,567059.6868042954,1001150.3955881279,1001150.3955881279
2025-03-04T12:20:00.000+0000,998951.955562129,917618.3669781691,999999.9999999999,999058.6769614554,567059.6868042954,1001150.3955881279,1001150.3955881279
2025-03-04T12:30:00.000+0000,998951.955562129,917618.3669781691,999999.9999999999,999058.6769614554,567059.6868042954,1001150.3955881279,1001150.3955881279
2025-03-04T12:40:00.000+0000,998927.8560843691,887494.0197781691,999999.9999999999,999058.6769614554,567059.6868042954,1000749.9359948479,500575.9039881279
2025-03-04T12:50:00.000+0000,998927.856084369,887494.0197781691,999999.9999999999,999058.6769614554,567059.6868042954,1000749.9359948479,500575.9039881279
2025-03-04T13:00:00.000+0000,998927.856084369,917594.267500409,999999.9999999999,999058.6769614554,567059.6868042954,1000749.9359948479,1000749.9359948479
2025-03-04T13:10:00.000+0000,998927.856084369,917594.267500409,999999.9999999999,999058.6769614554,567059.6868042954,1000749.9359948479,1000749.9359948479
2025-03-04T13:20:00.000+0000,998927.856084369,917594.267500409,999999.9999999999,999058.6769614554,567059.6868042954,1000749.9359948479,1000749.9359948479
2025-03-04T13:30:00.000+0000,998927.856084369,917594.267500409,999999.9999999999,999058.6769614554,567059.6868042954,1000749.9359948479,1000749.9359948479
2025-03-04T13:40:00.000+0000,998927.856084369,917594.267500409,999999.9999999999,999058.6769614554,567059.6868042954,1000749.9359948479,1000749.9359948479
2025-03-04T13:50:00.000+0000,998927.856084369,917594.267500409,999999.9999999999,999058.6769614554,567059.6868042954,1000749.9359948479,1000749.9359948479
2025-03-04T14:00:00.000+0000,998927.856084369,917594.267500409,999999.9999999999,999058.6769614554,567059.6868042954,1000749.9359948479,1000749.9359948479
2025-03-04T14:10:00.000+0000,998927.856084369,917594.267500409,999999.9999999999,999058.6769614554,567059.6868042954,1000749.9359948479,1000749.9359948479
2025-03-04T14:20:00.000+0000,998927.856084369,917594.267500409,999999.9999999999,999058.6769614554,567059.6868042954,1000749.9359948479,1000749.9359948479
2025-03-04T14:30:00.000+0000,998927.856084369,917594.267500409,999999.9999999999,999058.6769614554,567059.6868042954,1000749.9359948479,1000749.9359948479
2025-03-04T14:40:00.000+0000,998927.856084369,917594.267500409,999999.9999999999,999058.6769614554,567059.6868042954,1000749.9359948479,1000749.9359948479
2025-03-04T14:50:00.000+0000,998927.856084369,917594.267500409,999999.9999999999,999058.6769614554,567059.6868042954,1000749.9359948479,1000749.9359948479
2025-03-04T15:00:00.000+0000,998927.856084369,917594.267500409,999999.9999999999,999058.6769614554,567059.6868042954,1000749.9359948479,1000749.9359948479
2025-03-04T15:10:00.000+0000,998927.856084369,917594.267500409,999999.9999999999,999058.6769614554,567059.6868042954,1000749.9359948479,1000749.9359948479
2025-03-04T15:20:00.000+0000,998927.856084369,917594.267500409,999999.9999999999,999058.6769614554,567059.6868042954,1000749.9359948479,1000749.9359948479
2025-03-04T15:30:00.000+0000,998927.856084369,917594.267500409,999999.9999999999,999058.6769614554,567059.6868042954,1000749.9359948479,1000749.9359948479
2025-03-04T15:40:00.000+0000,998927.856084369,917594.267500409,999999.9999999999,999058.6769614554,567059.6868042954,1000749.9359948479,1000749.9359948479
2025-03-04T15:50:00.000+0000,998927.856084369,917594.267500409,999999.9999999999,999058.6769614554,567059.6868042954,1000749.9359948479,1000749.9359948479
2025-03-04T16:00:00.000+0000,998927.856084369,917594.267500409,999999.9999999999,999058.6769614554,567059.6868042954,1000749.9359948479,1000749.9359948479
2025-03-04T16:10:00.000+0000,998927.856084369,917594.267500409,999999.9999999999,999058.6769614554,567059.6868042954,1000749.9359948479,1000749.9359948479
2025-03-04T16:20:00.000+0000,998927.856084369,917594.267500409,999999.9999999999,999058.6769614554,567059.6868042954,1000749.9359948479,1000749.9359948479
2025-03-04T16:30:00.000+0000,998927.856084369,917594.267500409,999999.9999999999,999058.6769614554,567059.6868042954,1000749.9359948479,1000749.9359948479
2025-03-04T16:40:00.000+0000,998927.856084369,917594.267500409,999999.9999999999,999058.6769614554,567059.6868042954,1000749.9359948479,1000749.9359948479
2025-03-04T16:50:00.000+0000,998927.856084369,917594.267500409,999999.9999999999,999058.6769614554,567059.6868042954,1000749.9359948479,1000749.9359948479
2025-03-04T17:00:00.000+0000,998927.856084369,917594.267500409,999999.9999999999,999058.6769614554,567059.6868042954,1000749.9359948479,1000749.9359948479
2025-03-04T17:10:00.000+0000,998927.856084369,917594.267500409,999999.9999999999,999058.6769614554,567059.6868042954,1000749.9359948479,1000749.9359948479
2025-03-04T17:20:00.000+0000,998927.856084369,917594.267500409,999999.9999999999,999058.6769614554,567059.6868042954,1000749.9359948479,1000749.9359948479
2025-03-04T17:30:00.000+0000,998927.856084369,917594.267500409,999999.9999999999,999058.6769614554,567059.6868042954,1000749.9359948479,1000749.9359948479
2025-03-04T17:40:00.000+0000,998927.856084369,917594.267500409,999999.9999999999,999058.6769614554,567059.6868042954,1000749.9359948479,1000749.9359948479
2025-03-04T17:50:00.000+0000,998927.856084369,917594.267500409,999999.9999999999,999058.6769614554,567059.6868042954,1000749.9359948479,1000749.9359948479
2025-03-04T18:00:00.000+0000,998927.856084369,917594.267500409,999999.9999999999,999058.6769614554,567059.6868042954,1000749.9359948479,1000749.9359948479
2025-03-04T18:10:00.000+0000,998927.856084369,917594.267500409,999999.9999999999,999058.6769614554,567059.6868042954,1000749.9359948479,1000749.9359948479
2025-03-04T18:20:00.000+0000,998927.856084369,917594.267500409,999999.9999999999,999058.6769614554,567059.6868042954,1000749.9359948479,1000749.9359948479
2025-03-04T18:30:00.000+0000,998927.856084369,917594.267500409,999999.9999999999,999058.6769614554,567059.6868042954,1000749.9359948479,1000749.9359948479
2025-03-04T18:40:00.000+0000,998927.856084369,917594.267500409,999999.9999999999,999058.6769614554,567059.6868042954,1000749.9359948479,1000749.9359948479
2025-03-04T18:50:00.000+0000,998927.856084369,917594.267500409,999999.9999999999,999058.6769614554,567059.6868042954,1000749.9359948479,1000749.9359948479
2025-03-04T19:00:00.000+0000,998927.856084369,917594.267500409,999999.9999999999,999058.6769614554,567059.6868042954,1000749.9359948479,1000749.9359948479
2025-03-04T19:10:00.000+0000,998927.856084369,917594.267500409,999999.9999999999,999058.6769614554,567059.6868042954,1000749.9359948479,1000749.9359948479
2025-03-04T19:20:00.000+0000,998927.856084369,917594.267500409,999999.9999999999,999058.6769614554,567059.6868042954,1000749.9359948479,1000749.9359948479
2025-03-04T19:30:00.000+0000,998927.856084369,917594.267500409,999999.9999999999,999058.6769614554,567059.6868042954,1000749.9359948479,1000749.9359948479
2025-03-04T19:40:00.000+0000,998927.856084369,917594.267500409,999999.9999999999,999058.6769614554,567059.6868042954,1000749.9359948479,1000749.9359948479
2025-03-04T19:50:00.000+0000,998927.856084369,917594.267500409,999999.9999999999,999058.6769614554,567059.6868042954,1000749.9359948479,1000749.9359948479
2025-03-04T20:00:00.000+0000,998927.856084369,917594.267500409,999999.9999999999,999058.6769614554,567059.6868042954,1000749.9359948479,1000749.9359948479
2025-03-04T20:10:00.000+0000,998927.856084369,917594.267500409,999999.9999999999,999058.6769614554,567059.6868042954,1000749.9359948479,1000749.9359948479
2025-03-04T20:20:00.000+0000,998927.856084369,917594.267500409,999999.9999999999,999058.6769614554,567059.6868042954,1000749.9359948479,1000749.9359948479
2025-03-04T20:30:00.000+0000,998927.856084369,917594.267500409,999999.9999999999,999058.6769614554,567059.6868042954,1000749.9359948479,1000749.9359948479
2025-03-04T20:40:00.000+0000,998927.856084369,917594.267500409,999999.9999999999,999058.6769614554,567059.6868042954,1000749.9359948479,1000749.9359948479
2025-03-04T20:50:00.000+0000,998927.856084369,917594.267500409,999999.9999999999,999058.6769614554,567059.6868042954,1000749.9359948479,1000749.9359948479
2025-03-04T21:00:00.000+0000,998927.856084369,917594.267500409,999999.9999999999,999058.6769614554,567059.6868042954,1000749.9359948479,1000749.9359948479
2025-03-04T21:10:00.000+0000,998927.856084369,917594.267500409,999999.9999999999,999058.6769614554,567059.6868042954,1000749.9359948479,1000749.9359948479
2025-03-04T21:20:00.000+0000,998927.856084369,917594.267500409,999999.9999999999,999058.6769614554,567059.6868042954,1000749.9359948479,1000749.9359948479
2025-03-04T21:30:00.000+0000,998927.856084369,917594.267500409,999999.9999999999,999058.6769614554,567059.6868042954,1000749.9359948479,1000749.9359948479
2025-03-04T21:40:00.000+0000,998927.856084369,917594.267500409,999999.9999999999,999058.6769614554,567059.6868042954,1000749.9359948479,1000749.9359948479
2025-03-04T21:50:00.000+0000,998927.856084369,917594.267500409,999999.9999999999,999058.6769614554,567059.6868042954,1000749.9359948479,1000749.9359948479
2025-03-04T22:00:00.000+0000,998927.856084369,917594.267500409,999999.9999999999,999058.6769614554,567059.6868042954,1000749.9359948479,1000749.9359948479
2025-03-04T22:10:00.000+0000,998927.856084369,917594.267500409,999999.9999999999,999058.6769614554,567059.6868042954,1000749.9359948479,1000749.9359948479
2025-03-04T22:20:00.000+0000,998927.856084369,917594.267500409,999999.9999999999,999058.6769614554,567059.6868042954,1000749.9359948479,1000749.9359948479
2025-03-04T22:30:00.000+0000,998927.856084369,917594.267500409,999999.9999999999,999058.6769614554,567059.6868042954,1000749.9359948479,1000749.9359948479
2025-03-04T22:40:00.000+0000,998927.856084369,917594.267500409,999999.9999999999,999058.6769614554,567059.6868042954,1000749.9359948479,1000749.9359948479
2025-03-04T22:50:00.000+0000,998927.856084369,917594.267500409,999999.9999999999,999058.6769614554,567059.6868042954,1000749.9359948479,1000749.9359948479
2025-03-04T23:00:00.000+0000,998927.856084369,917594.267500409,999999.9999999999,999058.6769614554,567059.6868042954,1000749.9359948479,1000749.9359948479
2025-03-04T23:10:00.000+0000,998927.856084369,917594.267500409,999999.9999999999,999058.6769614554,567059.6868042954,1000749.9359948479,1000749.9359948479
2025-03-04T23:20:00.000+0000,998927.856084369,917594.267500409,999999.9999999999,999058.6769614554,567059.6868042954,1000749.9359948479,1000749.9359948479
2025-03-04T23:30:00.000+0000,998927.856084369,917594.267500409,999999.9999999999,999058.6769614554,567059.6868042954,1000749.9359948479,1000749.9359948479
2025-03-04T23:40:00.000+0000,998927.856084369,917594.267500409,999999.9999999999,999058.6769614554,567059.6868042954,1000749.9359948479,1000749.9359948479
2025-03-04T23:50:00.000+0000,998927.856084369,917594.267500409,999999.9999999999,999058.6769614554,567059.6868042954,1000749.9359948479,1000749.9359948479
2025-03-05T00:00:00.000+0000,998927.856084369,917594.267500409,999999.9999999999,999058.6769614554,567059.6868042954,1000749.9359948479,1000749.9359948479
2025-03-05T00:10:00.000+0000,998927.856084369,917594.267500409,999999.9999999999,999058.6769614554,567059.6868042954,1000749.9359948479,1000749.9359948479
2025-03-05T00:20:00.000+0000,998927.856084369,917594.267500409,999999.9999999999,999058.6769614554,567059.6868042954,1000749.9359948479,1000749.9359948479
2025-03-05T00:30:00.000+0000,998927.856084369,917594.267500409,999999.9999999999,999058.6769614554,567059.6868042954,1000749.9359948479,1000749.9359948479
2025-03-05T00:40:00.000+0000,998927.856084369,917594.267500409,999999.9999999999,999058.6769614554,567059.6868042954,1000749.9359948479,1000749.9359948479
2025-03-05T00:50:00.000+0000,998927.856084369,917594.267500409,999999.9999999999,999058.6769614554,567059.6868042954,1000749.9359948479,1000749.9359948479
2025-03-05T01:00:00.000+0000,998927.856084369,917594.267500409,999999.9999999999,999058.6769614554,567059.6868042954,1000749.9359948479,1000749.9359948479
2025-03-05T01:10:00.000+0000,998927.856084369,917594.267500409,999999.9999999999,999058.6769614554,567059.6868042954,1000749.9359948479,1000749.9359948479
2025-03-05T01:20:00.000+0000,998927.856084369,917594.267500409,999999.9999999999,999058.6769614554,567059.6868042954,1000749.9359948479,1000749.9359948479
2025-03-05T01:30:00.000+0000,998927.856084369,917594.267500409,999999.9999999999,999058.6769614554,567059.6868042954,1000749.9359948479,1000749.9359948479
2025-03-05T01:40:00.000+0000,998927.856084369,917594.267500409,999999.9999999999,999058.6769614554,567059.6868042954,1000749.9359948479,1000749.9359948479
2025-03-05T01:50:00.000+0000,998927.856084369,917594.267500409,999999.9999999999,999058.6769614554,567059.6868042954,1000749.9359948479,1000749.9359948479
2025-03-05T02:00:00.000+0000,998927.856084369,917594.267500409,999999.9999999999,999058.6769614554,567059.6868042954,1000749.9359948479,1000749.9359948479
2025-03-05T02:10:00.000+0000,998927.856084369,917594.267500409,999999.9999999999,999058.6769614554,567059.6868042954,1000749.9359948479,1000749.9359948479
2025-03-05T02:20:00.000+0000,998927.856084369,917594.267500409,999999.9999999999,999058.6769614554,567059.6868042954,1000749.9359948479,1000749.9359948479
2025-03-05T02:30:00.000+0000,998927.856084369,917594.267500409,999999.9999999999,999058.6769614554,567059.6868042954,1000749.9359948479,1000749.9359948479
2025-03-05T02:40:00.000+0000,998927.856084369,917594.267500409,999999.9999999999,999058.6769614554,567059.6868042954,1000749.9359948479,1000749.9359948479
2025-03-05T02:50:00.000+0000,998927.856084369,917594.267500409,999999.9999999999,999058.6769614554,567059.6868042954,1000749.9359948479,1000749.9359948479
2025-03-05T03:00:00.000+0000,998927.856084369,917594.267500409,999999.9999999999,999058.6769614554,567059.6868042954,1000749.9359948479,1000749.9359948479
2025-03-05T03:10:00.000+0000,998927.856084369,917594.267500409,999999.9999999999,999058.6769614554,567059.6868042954,1000749.9359948479,1000749.9359948479
2025-03-05T03:20:00.000+0000,998927.856084369,917594.267500409,999999.9999999999,999058.6769614554,567059.6868042954,1000749.9359948479,1000749.9359948479
2025-03-05T03:30:00.000+0000,998927.856084369,917594.267500409,999999.9999999999,999058.6769614554,567059.6868042954,1000749.9359948479,1000749.9359948479
2025-03-05T03:40:00.000+0000,998927.856084369,917594.267500409,999999.9999999999,999058.6769614554,567059.6868042954,1000749.9359948479,1000749.9359948479
2025-03-05T03:50:00.000+0000,998927.856084369,917594.267500409,999999.9999999999,999058.6769614554,567059.6868042954,1000749.9359948479,1000749.9359948479
2025-03-05T04:00:00.000+0000,998927.856084369,917594.267500409,999999.9999999999,999058.6769614554,567059.6868042954,1000749.9359948479,1000749.9359948479
2025-03-05T04:10:00.000+0000,998927.856084369,917594.267500409,999999.9999999999,999058.6769614554,567059.6868042954,1000749.9359948479,1000749.9359948479
2025-03-05T04:20:00.000+0000,998927.856084369,917594.267500409,999999.9999999999,999058.6769614554,567059.6868042954,1000749.9359948479,1000749.9359948479
2025-03-05T04:30:00.000+0000,998927.856084369,917594.267500409,999999.9999999999,999058.6769614554,567059.6868042954,1000749.9359948479,1000749.9359948479
2025-03-05T04:40:00.000+0000,998927.856084369,917594.267500409,999999.9999999999,999058.6769614554,567059.6868042954,1000749.9359948479,1000749.9359948479
2025-03-05T04:50:00.000+0000,998927.856084369,917594.267500409,999999.9999999999,999058.6769614554,567059.6868042954,1000749.9359948479,1000749.9359948479
2025-03-05T05:00:00.000+0000,998927.856084369,917594.267500409,999999.9999999999,999058.6769614554,567059.6868042954,1000749.9359948479,1000749.9359948479
2025-03-05T05:10:00.000+0000,998927.856084369,917594.267500409,999999.9999999999,999058.6769614554,567059.6868042954,1000749.9359948479,1000749.9359948479
2025-03-05T05:20:00.000+0000,998927.856084369,917594.267500409,999999.9999999999,999058.6769614554,567059.6868042954,1000749.9359948479,1000749.9359948479
2025-03-05T05:30:00.000+0000,998927.856084369,917594.267500409,999999.9999999999,999058.6769614554,567059.6868042954,1000749.9359948479,1000749.9359948479
2025-03-05T05:40:00.000+0000,998927.856084369,917594.267500409,999999.9999999999,999058.6769614554,567059.6868042954,1000749.9359948479,1000749.9359948479
2025-03-05T05:50:00.000+0000,998927.856084369,917594.267500409,999999.9999999999,999058.6769614554,567059.6868042954,1000749.9359948479,1000749.9359948479
2025-03-05T06:00:00.000+0000,998927.856084369,917594.267500409,999999.9999999999,999058.6769614554,567059.6868042954,1000749.9359948479,1000749.9359948479
2025-03-05T06:10:00.000+0000,998927.856084369,917594.267500409,999999.9999999999,999058.6769614554,567059.6868042954,1000749.9359948479,1000749.9359948479
2025-03-05T06:20:00.000+0000,998927.856084369,917594.267500409,999999.9999999999,999058.6769614554,567059.6868042954,1000749.9359948479,1000749.9359948479
2025-03-05T06:30:00.000+0000,998927.856084369,917594.267500409,999999.9999999999,999058.6769614554,567059.6868042954,1000749.9359948479,1000749.9359948479
2025-03-05T06:40:00.000+0000,998927.856084369,917594.267500409,999999.9999999999,999058.6769614554,567059.6868042954,1000749.9359948479,1000749.9359948479
2025-03-05T06:50:00.000+0000,998927.856084369,917594.267500409,999999.9999999999,999058.6769614554,567059.6868042954,1000749.9359948479,1000749.9359948479
2025-03-05T07:00:00.000+0000,998927.856084369,917594.267500409,999999.9999999999,999058.6769614554,567059.6868042954,1000749.9359948479,1000749.9359948479
2025-03-05T07:10:00.000+0000,998927.856084369,917594.267500409,999999.9999999999,999058.6769614554,567059.6868042954,1000749.9359948479,1000749.9359948479
2025-03-05T07:20:00.000+0000,998927.856084369,917594.267500409,999999.9999999999,999058.6769614554,567059.6868042954,1000749.9359948479,1000749.9359948479
2025-03-05T07:30:00.000+0000,998927.856084369,917594.267500409,999999.9999999999,999058.6769614554,567059.6868042954,1000749.9359948479,1000749.9359948479
2025-03-05T07:40:00.000+0000,998927.856084369,917594.267500409,999999.9999999999,999058.6769614554,567059.6868042954,1000749.9359948479,1000749.9359948479
2025-03-05T07:50:00.000+0000,998927.856084369,917594.267500409,999999.9999999999,999058.6769614554,567059.6868042954,1000749.9359948479,1000749.9359948479
2025-03-05T08:00:00.000+0000,998927.856084369,917594.267500409,999999.9999999999,999058.6769614554,567059.6868042954,1000749.9359948479,1000749.9359948479
2025-03-05T08:10:00.000+0000,998927.856084369,917594.267500409,999999.9999999999,999058.6769614554,567059.6868042954,1000749.9359948479,1000749.9359948479
2025-03-05T08:20:00.000+0000,998927.856084369,917594.267500409,999999.9999999999,999058.6769614554,567059.6868042954,1000749.9359948479,1000749.9359948479
2025-03-05T08:30:00.000+0000,998927.856084369,917594.267500409,999999.9999999999,999058.6769614554,567059.6868042954,1000749.9359948479,1000749.9359948479
2025-03-05T08:40:00.000+0000,998927.856084369,917594.267500409,999999.9999999999,999058.6769614554,567059.6868042954,1000749.9359948479,1000749.9359948479
2025-03-05T08:50:00.000+0000,998927.856084369,917594.267500409,999999.9999999999,999058.6769614554,567059.6868042954,1000749.9359948479,1000749.9359948479
2025-03-05T09:00:00.000+0000,998927.856084369,917594.267500409,999999.9999999999,999058.6769614554,567059.6868042954,1000749.9359948479,1000749.9359948479
2025-03-05T09:10:00.000+0000,998927.856084369,917594.267500409,999999.9999999999,999058.6769614554,567059.6868042954,1000749.9359948479,1000749.9359948479
2025-03-05T09:20:00.000+0000,998927.856084369,917594.267500409,999999.9999999999,999058.6769614554,567059.6868042954,1000749.9359948479,1000749.9359948479
2025-03-05T09:30:00.000+0000,998927.856084369,917594.267500409,999999.9999999999,999058.6769614554,567059.6868042954,1000749.9359948479,1000749.9359948479
2025-03-05T09:40:00.000+0000,998927.856084369,917594.267500409,999999.9999999999,999058.6769614554,567059.6868042954,1000749.9359948479,1000749.9359948479
2025-03-05T09:50:00.000+0000,998927.856084369,917594.267500409,999999.9999999999,999058.6769614554,567059.6868042954,1000749.9359948479,1000749.9359948479
2025-03-05T10:00:00.000+0000,998927.856084369,917594.267500409,999999.9999999999,999058.6769614554,567059.6868042954,1000749.9359948479,1000749.9359948479
2025-03-05T10:10:00.000+0000,998927.856084369,917594.267500409,999999.9999999999,999058.6769614554,567059.6868042954,1000749.9359948479,1000749.9359948479
2025-03-05T10:20:00.000+0000,998690.8918597291,621388.9867004091,999999.9999999999,999058.6769614554,567059.6868042954,1000749.9359948479,1000749.9359948479
2025-03-05T10:30:00.000+0000,998690.8918597291,621388.9867004091,999999.9999999999,999058.6769614554,567059.6868042954,1000749.9359948479,1000749.9359948479
2025-03-05T10:40:00.000+0000,998690.8918597291,621388.9867004091,999999.9999999999,999058.6769614554,567059.6868042954,1000749.9359948479,1000749.9359948479
2025-03-05T10:50:00.000+0000,998690.8918597291,621388.9867004091,999999.9999999999,999058.6769614554,567059.6868042954,1000749.9359948479,1000749.9359948479
2025-03-05T11:00:00.000+0000,998690.8918597291,621388.9867004091,999999.9999999999,999058.6769614554,567059.6868042954,1000749.9359948479,1000749.9359948479
2025-03-05T11:10:00.000+0000,998690.8918597291,621388.9867004091,999999.9999999999,999058.6769614554,567059.6868042954,1000749.9359948479,1000749.9359948479
2025-03-05T11:20:00.000+0000,998690.8918597291,621388.9867004091,999999.9999999999,999058.6769614554,567059.6868042954,1000749.9359948479,1000749.9359948479
2025-03-05T11:30:00.000+0000,998690.8918597291,621388.9867004091,999999.9999999999,999058.6769614554,567059.6868042954,1000749.9359948479,1000749.9359948479
2025-03-05T11:40:00.000+0000,998690.8918597291,621388.9867004091,999999.9999999999,999058.6769614554,567059.6868042954,1000749.9359948479,1000749.9359948479
2025-03-05T11:50:00.000+0000,998690.8918597291,621388.9867004091,999999.9999999999,999058.6769614554,567059.6868042954,1000749.9359948479,1000749.9359948479
2025-03-05T12:00:00.000+0000,998690.8918597291,621388.9867004091,999999.9999999999,999058.6769614554,567059.6868042954,1000749.9359948479,1000749.9359948479
2025-03-05T12:10:00.000+0000,998690.8918597291,621388.9867004091,999999.9999999999,999058.6769614554,567059.6868042954,1000749.9359948479,1000749.9359948479
2025-03-05T12:20:00.000+0000,998690.8918597291,621388.9867004091,999999.9999999999,999058.6769614554,567059.6868042954,1000749.9359948479,1000749.9359948479
2025-03-05T12:30:00.000+0000,998690.8918597291,621388.9867004091,999999.9999999999,999058.6769614554,567059.6868042954,1000749.9359948479,1000749.9359948479
2025-03-05T12:40:00.000+0000,998690.891859729,621388.9867004091,999999.9999999999,999058.6769614554,567059.6868042954,1000749.9359948479,1000749.9359948479
2025-03-05T12:50:00.000+0000,998690.891859729,917357.303275769,999999.9999999999,999058.6769614554,567059.6868042954,1000749.9359948479,1000749.9359948479
2025-03-05T13:00:00.000+0000,998690.891859729,917357.303275769,999999.9999999999,999058.6769614554,567059.6868042954,1000749.9359948479,1000749.9359948479
2025-03-05T13:10:00.000+0000,998690.891859729,917357.303275769,999999.9999999999,999058.6769614554,567059.6868042954,1000749.9359948479,1000749.9359948479
2025-03-05T13:20:00.000+0000,998690.891859729,917357.303275769,999999.9999999999,999058.6769614554,567059.6868042954,1000749.9359948479,1000749.9359948479
2025-03-05T13:30:00.000+0000,998690.891859729,917357.303275769,999999.9999999999,999058.6769614554,567059.6868042954,1000749.9359948479,1000749.9359948479
2025-03-05T13:40:00.000+0000,998690.891859729,917357.303275769,999999.9999999999,999058.6769614554,567059.6868042954,1000749.9359948479,1000749.9359948479
2025-03-05T13:50:00.000+0000,998690.891859729,917357.303275769,999999.9999999999,999058.6769614554,567059.6868042954,1000749.9359948479,1000749.9359948479
2025-03-05T14:00:00.000+0000,998690.891859729,917357.303275769,999999.9999999999,999058.6769614554,567059.6868042954,1000749.9359948479,1000749.9359948479
2025-03-05T14:10:00.000+0000,998690.891859729,917357.303275769,999999.9999999999,999058.6769614554,567059.6868042954,1000749.9359948479,1000749.9359948479
2025-03-05T14:20:00.000+0000,998690.891859729,917357.303275769,999999.9999999999,999058.6769614554,567059.6868042954,1000749.9359948479,1000749.9359948479
2025-03-05T14:30:00.000+0000,998690.891859729,917357.303275769,999999.9999999999,999058.6769614554,567059.6868042954,1000749.9359948479,1000749.9359948479
2025-03-05T14:40:00.000+0000,998690.891859729,917357.303275769,999999.9999999999,999058.6769614554,567059.6868042954,1000749.9359948479,1000749.9359948479
2025-03-05T14:50:00.000+0000,998690.891859729,917357.303275769,999999.9999999999,999058.6769614554,567059.6868042954,1000749.9359948479,1000749.9359948479
2025-03-05T15:00:00.000+0000,998690.891859729,917357.303275769,999999.9999999999,999058.6769614554,567059.6868042954,1000749.9359948479,1000749.9359948479
2025-03-05T15:10:00.000+0000,998690.891859729,917357.303275769,999999.9999999999,999058.6769614554,567059.6868042954,1000749.9359948479,1000749.9359948479
2025-03-05T15:20:00.000+0000,998690.891859729,917357.303275769,999999.9999999999,999058.6769614554,567059.6868042954,1000749.9359948479,1000749.9359948479
2025-03-05T15:30:00.000+0000,998690.891859729,917357.303275769,999999.9999999999,999058.6769614554,567059.6868042954,1000749.9359948479,1000749.9359948479
2025-03-05T15:40:00.000+0000,998690.891859729,917357.303275769,999999.9999999999,999058.6769614554,567059.6868042954,1000749.9359948479,1000749.9359948479
2025-03-05T15:50:00.000+0000,998690.891859729,917357.303275769,999999.9999999999,999058.6769614554,567059.6868042954,1000749.9359948479,1000749.9359948479
2025-03-05T16:00:00.000+0000,998690.891859729,917357.303275769,999999.9999999999,999058.6769614554,567059.6868042954,1000749.9359948479,1000749.9359948479
2025-03-05T16:10:00.000+0000,998690.891859729,917357.303275769,999999.9999999999,999058.6769614554,567059.6868042954,1000749.9359948479,1000749.9359948479
2025-03-05T16:20:00.000+0000,998690.891859729,917357.303275769,999999.9999999999,999058.6769614554,567059.6868042954,1000749.9359948479,1000749.9359948479
2025-03-05T16:30:00.000+0000,998690.891859729,917357.303275769,999999.9999999999,999058.6769614554,567059.6868042954,1000749.9359948479,1000749.9359948479
2025-03-05T16:40:00.000+0000,998690.891859729,917357.303275769,999999.9999999999,999058.6769614554,567059.6868042954,1000749.9359948479,1000749.9359948479
2025-03-05T16:50:00.000+0000,998690.891859729,917357.303275769,999999.9999999999,999058.6769614554,567059.6868042954,1000749.9359948479,1000749.9359948479
2025-03-05T17:00:00.000+0000,998690.891859729,917357.303275769,999999.9999999999,999058.6769614554,567059.6868042954,1000749.9359948479,1000749.9359948479
2025-03-05T17:10:00.000+0000,998690.891859729,917357.303275769,999999.9999999999,999058.6769614554,567059.6868042954,1000749.9359948479,1000749.9359948479
2025-03-05T17:20:00.000+0000,998690.891859729,917357.303275769,999999.9999999999,999058.6769614554,567059.6868042954,1000749.9359948479,1000749.9359948479
2025-03-05T17:30:00.000+0000,998690.891859729,917357.303275769,999999.9999999999,999058.6769614554,567059.6868042954,1000749.9359948479,1000749.9359948479
2025-03-05T17:40:00.000+0000,998690.891859729,917357.303275769,999999.9999999999,999058.6769614554,567059.6868042954,1000749.9359948479,1000749.9359948479
2025-03-05T17:50:00.000+0000,998690.891859729,917357.303275769,999999.9999999999,999058.6769614554,567059.6868042954,1000749.9359948479,1000749.9359948479
2025-03-05T18:00:00.000+0000,998690.891859729,917357.303275769,999999.9999999999,999058.6769614554,567059.6868042954,1000749.9359948479,1000749.9359948479
2025-03-05T18:10:00.000+0000,998690.891859729,917357.303275769,999999.9999999999,999058.6769614554,567059.6868042954,1000749.9359948479,1000749.9359948479
2025-03-05T18:20:00.000+0000,998690.891859729,917357.303275769,999999.9999999999,999058.6769614554,567059.6868042954,1000749.9359948479,1000749.9359948479
2025-03-05T18:30:00.000+0000,998690.891859729,917357.303275769,999999.9999999999,999058.6769614554,567059.6868042954,1000749.9359948479,1000749.9359948479
2025-03-05T18:40:00.000+0000,998690.891859729,917357.303275769,999999.9999999999,999058.6769614554,567059.6868042954,1000749.9359948479,1000749.9359948479
2025-03-05T18:50:00.000+0000,998690.891859729,917357.303275769,999999.9999999999,999058.6769614554,567059.6868042954,1000749.9359948479,1000749.9359948479
2025-03-05T19:00:00.000+0000,998690.891859729,917357.303275769,999999.9999999999,999058.6769614554,567059.6868042954,1000749.9359948479,1000749.9359948479
2025-03-05T19:10:00.000+0000,998690.891859729,917357.303275769,999999.9999999999,999058.6769614554,567059.6868042954,1000749.9359948479,1000749.9359948479
2025-03-05T19:20:00.000+0000,998690.891859729,917357.303275769,999999.9999999999,999058.6769614554,567059.6868042954,1000749.9359948479,1000749.9359948479
2025-03-05T19:30:00.000+0000,998690.891859729,917357.303275769,999999.9999999999,999058.6769614554,567059.6868042954,1000749.9359948479,1000749.9359948479
2025-03-05T19:40:00.000+0000,998690.891859729,917357.303275769,999999.9999999999,999058.6769614554,567059.6868042954,1000749.9359948479,1000749.9359948479
2025-03-05T19:50:00.000+0000,998690.891859729,917357.303275769,999999.9999999999,999058.6769614554,567059.6868042954,1000749.9359948479,1000749.9359948479
2025-03-05T20:00:00.000+0000,998690.891859729,917357.303275769,999999.9999999999,999058.6769614554,567059.6868042954,1000749.9359948479,1000749.9359948479
2025-03-05T20:10:00.000+0000,998690.891859729,917357.303275769,999999.9999999999,999058.6769614554,567059.6868042954,1000749.9359948479,1000749.9359948479
2025-03-05T20:20:00.000+0000,998690.891859729,917357.303275769,999999.9999999999,999058.6769614554,567059.6868042954,1000749.9359948479,1000749.9359948479
2025-03-05T20:30:00.000+0000,998690.891859729,917357.303275769,999999.9999999999,999058.6769614554,567059.6868042954,1000749.9359948479,1000749.9359948479
2025-03-05T20:40:00.000+0000,998690.891859729,917357.303275769,999999.9999999999,999058.6769614554,567059.6868042954,1000749.9359948479,1000749.9359948479
2025-03-05T20:50:00.000+0000,998690.891859729,917357.303275769,999999.9999999999,999058.6769614554,567059.6868042954,1000749.9359948479,1000749.9359948479
2025-03-05T21:00:00.000+0000,998690.891859729,917357.303275769,999999.9999999999,999058.6769614554,567059.6868042954,1000749.9359948479,1000749.9359948479
2025-03-05T21:10:00.000+0000,998690.891859729,917357.303275769,999999.9999999999,999058.6769614554,567059.6868042954,1000749.9359948479,1000749.9359948479
2025-03-05T21:20:00.000+0000,998690.891859729,917357.303275769,999999.9999999999,999058.6769614554,567059.6868042954,1000749.9359948479,1000749.9359948479
2025-03-05T21:30:00.000+0000,998690.891859729,917357.303275769,999999.9999999999,999058.6769614554,567059.6868042954,1000749.9359948479,1000749.9359948479
2025-03-05T21:40:00.000+0000,998690.891859729,917357.303275769,999999.9999999999,999058.6769614554,567059.6868042954,1000749.9359948479,1000749.9359948479
2025-03-05T21:50:00.000+0000,998690.891859729,917357.303275769,999999.9999999999,999058.6769614554,567059.6868042954,1000749.9359948479,1000749.9359948479
2025-03-05T22:00:00.000+0000,998690.891859729,917357.303275769,999999.9999999999,999058.6769614554,567059.6868042954,1000749.9359948479,1000749.9359948479
2025-03-05T22:10:00.000+0000,998690.891859729,917357.303275769,999999.9999999999,999058.6769614554,567059.6868042954,1000749.9359948479,1000749.9359948479
2025-03-05T22:20:00.000+0000,998690.891859729,917357.303275769,999999.9999999999,999058.6769614554,567059.6868042954,1000749.9359948479,1000749.9359948479
2025-03-05T22:30:00.000+0000,998690.891859729,917357.303275769,999999.9999999999,999058.6769614554,567059.6868042954,1000749.9359948479,1000749.9359948479
2025-03-05T22:40:00.000+0000,998690.891859729,917357.303275769,999999.9999999999,999058.6769614554,567059.6868042954,1000749.9359948479,1000749.9359948479
2025-03-05T22:50:00.000+0000,998690.891859729,917357.303275769,999999.9999999999,999058.6769614554,567059.6868042954,1000749.9359948479,1000749.9359948479
2025-03-05T23:00:00.000+0000,998690.891859729,917357.303275769,999999.9999999999,999058.6769614554,567059.6868042954,1000749.9359948479,1000749.9359948479
2025-03-05T23:10:00.000+0000,998690.891859729,917357.303275769,999999.9999999999,999058.6769614554,567059.6868042954,1000749.9359948479,1000749.9359948479
2025-03-05T23:20:00.000+0000,998690.891859729,917357.303275769,999999.9999999999,999058.6769614554,567059.6868042954,1000749.9359948479,1000749.9359948479
2025-03-05T23:30:00.000+0000,998690.891859729,917357.303275769,999999.9999999999,999058.6769614554,567059.6868042954,1000749.9359948479,1000749.9359948479
2025-03-05T23:40:00.000+0000,998690.891859729,917357.303275769,999999.9999999999,999058.6769614554,567059.6868042954,1000749.9359948479,1000749.9359948479
2025-03-05T23:50:00.000+0000,998690.891859729,917357.303275769,999999.9999999999,999058.6769614554,567059.6868042954,1000749.9359948479,1000749.9359948479
2025-03-06T00:00:00.000+0000,998690.891859729,917357.303275769,999999.9999999999,999058.6769614554,567059.6868042954,1000749.9359948479,1000749.9359948479
2025-03-06T00:10:00.000+0000,998690.891859729,917357.303275769,999999.9999999999,999058.6769614554,567059.6868042954,1000749.9359948479,1000749.9359948479
2025-03-06T00:20:00.000+0000,998690.891859729,917357.303275769,999999.9999999999,999058.6769614554,567059.6868042954,1000749.9359948479,1000749.9359948479
2025-03-06T00:30:00.000+0000,998690.891859729,917357.303275769,999999.9999999999,999058.6769614554,567059.6868042954,1000749.9359948479,1000749.9359948479
2025-03-06T00:40:00.000+0000,998690.891859729,917357.303275769,999999.9999999999,999058.6769614554,567059.6868042954,1000749.9359948479,1000749.9359948479
2025-03-06T00:50:00.000+0000,998690.891859729,917357.303275769,999999.9999999999,999058.6769614554,567059.6868042954,1000749.9359948479,1000749.9359948479
2025-03-06T01:00:00.000+0000,998690.891859729,917357.303275769,999999.9999999999,999058.6769614554,567059.6868042954,1000749.9359948479,1000749.9359948479
2025-03-06T01:10:00.000+0000,998690.891859729,917357.303275769,999999.9999999999,999058.6769614554,567059.6868042954,1000749.9359948479,1000749.9359948479
2025-03-06T01:20:00.000+0000,998690.891859729,917357.303275769,999999.9999999999,999058.6769614554,567059.6868042954,1000749.9359948479,1000749.9359948479
2025-03-06T01:30:00.000+0000,998690.891859729,917357.303275769,999999.9999999999,999058.6769614554,567059.6868042954,1000749.9359948479,1000749.9359948479
2025-03-06T01:40:00.000+0000,998690.891859729,917357.303275769,999999.9999999999,999058.6769614554,567059.6868042954,1000749.9359948479,1000749.9359948479
2025-03-06T01:50:00.000+0000,998690.891859729,917357.303275769,999999.9999999999,999058.6769614554,567059.6868042954,1000749.9359948479,1000749.9359948479
2025-03-06T02:00:00.000+0000,998690.891859729,917357.303275769,999999.9999999999,999058.6769614554,567059.6868042954,1000749.9359948479,1000749.9359948479
2025-03-06T02:10:00.000+0000,998690.891859729,917357.303275769,999999.9999999999,999058.6769614554,567059.6868042954,1000749.9359948479,1000749.9359948479
2025-03-06T02:20:00.000+0000,998690.891859729,917357.303275769,999999.9999999999,999058.6769614554,567059.6868042954,1000749.9359948479,1000749.9359948479
2025-03-06T02:30:00.000+0000,998690.891859729,917357.303275769,999999.9999999999,999058.6769614554,567059.6868042954,1000749.9359948479,1000749.9359948479
2025-03-06T02:40:00.000+0000,998690.891859729,917357.303275769,999999.9999999999,999058.6769614554,567059.6868042954,1000749.9359948479,1000749.9359948479
2025-03-06T02:50:00.000+0000,998690.891859729,917357.303275769,999999.9999999999,999058.6769614554,567059.6868042954,1000749.9359948479,1000749.9359948479
2025-03-06T03:00:00.000+0000,998690.891859729,917357.303275769,999999.9999999999,999058.6769614554,567059.6868042954,1000749.9359948479,1000749.9359948479
2025-03-06T03:10:00.000+0000,998690.891859729,917357.303275769,999999.9999999999,999058.6769614554,567059.6868042954,1000749.9359948479,1000749.9359948479
2025-03-06T03:20:00.000+0000,998690.891859729,917357.303275769,999999.9999999999,999058.6769614554,567059.6868042954,1000749.9359948479,1000749.9359948479
2025-03-06T03:30:00.000+0000,998690.891859729,917357.303275769,999999.9999999999,999058.6769614554,567059.6868042954,1000749.9359948479,1000749.9359948479
2025-03-06T03:40:00.000+0000,998690.891859729,917357.303275769,999999.9999999999,999058.6769614554,567059.6868042954,1000749.9359948479,1000749.9359948479
2025-03-06T03:50:00.000+0000,998690.891859729,917357.303275769,999999.9999999999,999058.6769614554,567059.6868042954,1000749.9359948479,1000749.9359948479
2025-03-06T04:00:00.000+0000,998690.891859729,917357.303275769,999999.9999999999,999058.6769614554,567059.6868042954,1000749.9359948479,1000749.9359948479
2025-03-06T04:10:00.000+0000,998690.891859729,917357.303275769,999999.9999999999,999058.6769614554,567059.6868042954,1000749.9359948479,1000749.9359948479
2025-03-06T04:20:00.000+0000,998690.891859729,917357.303275769,999999.9999999999,999058.6769614554,567059.6868042954,1000749.9359948479,1000749.9359948479
2025-03-06T04:30:00.000+0000,998690.891859729,917357.303275769,999999.9999999999,999058.6769614554,567059.6868042954,1000749.9359948479,1000749.9359948479
2025-03-06T04:40:00.000+0000,998690.891859729,917357.303275769,999999.9999999999,999058.6769614554,567059.6868042954,1000749.9359948479,1000749.9359948479
2025-03-06T04:50:00.000+0000,998690.891859729,917357.303275769,999999.9999999999,999058.6769614554,567059.6868042954,1000749.9359948479,1000749.9359948479
2025-03-06T05:00:00.000+0000,998690.891859729,917357.303275769,999999.9999999999,999058.6769614554,567059.6868042954,1000749.9359948479,1000749.9359948479
2025-03-06T05:10:00.000+0000,998690.891859729,917357.303275769,999999.9999999999,999058.6769614554,567059.6868042954,1000749.9359948479,1000749.9359948479
2025-03-06T05:20:00.000+0000,998690.891859729,917357.303275769,999999.9999999999,999058.6769614554,567059.6868042954,1000749.9359948479,1000749.9359948479
2025-03-06T05:30:00.000+0000,998690.891859729,917357.303275769,999999.9999999999,999058.6769614554,567059.6868042954,1000749.9359948479,1000749.9359948479
2025-03-06T05:40:00.000+0000,998690.891859729,917357.303275769,999999.9999999999,999058.6769614554,567059.6868042954,1000749.9359948479,1000749.9359948479
2025-03-06T05:50:00.000+0000,998690.891859729,917357.303275769,999999.9999999999,999058.6769614554,567059.6868042954,1000749.9359948479,1000749.9359948479
2025-03-06T06:00:00.000+0000,998690.891859729,917357.303275769,999999.9999999999,999058.6769614554,567059.6868042954,1000749.9359948479,1000749.9359948479
2025-03-06T06:10:00.000+0000,998690.891859729,917357.303275769,999999.9999999999,999058.6769614554,567059.6868042954,1000749.9359948479,1000749.9359948479
2025-03-06T06:20:00.000+0000,998690.891859729,917357.303275769,999999.9999999999,999058.6769614554,567059.6868042954,1000749.9359948479,1000749.9359948479
2025-03-06T06:30:00.000+0000,998690.891859729,917357.303275769,999999.9999999999,999058.6769614554,567059.6868042954,1000749.9359948479,1000749.9359948479
2025-03-06T06:40:00.000+0000,998690.891859729,917357.303275769,999999.9999999999,999058.6769614554,567059.6868042954,1000749.9359948479,1000749.9359948479
2025-03-06T06:50:00.000+0000,998690.891859729,917357.303275769,999999.9999999999,999058.6769614554,567059.6868042954,1000749.9359948479,1000749.9359948479
2025-03-06T07:00:00.000+0000,998690.891859729,917357.303275769,999999.9999999999,999058.6769614554,567059.6868042954,1000749.9359948479,1000749.9359948479
2025-03-06T07:10:00.000+0000,998690.891859729,917357.303275769,999999.9999999999,999058.6769614554,567059.6868042954,1000749.9359948479,1000749.9359948479
2025-03-06T07:20:00.000+0000,998690.891859729,917357.303275769,999999.9999999999,999058.6769614554,567059.6868042954,1000749.9359948479,1000749.9359948479
2025-03-06T07:30:00.000+0000,998690.891859729,917357.303275769,999999.9999999999,999058.6769614554,567059.6868042954,1000749.9359948479,1000749.9359948479
2025-03-06T07:40:00.000+0000,998690.891859729,917357.303275769,999999.9999999999,999058.6769614554,567059.6868042954,1000749.9359948479,1000749.9359948479
2025-03-06T07:50:00.000+0000,998690.891859729,917357.303275769,999999.9999999999,999058.6769614554,567059.6868042954,1000749.9359948479,1000749.9359948479
2025-03-06T08:00:00.000+0000,998690.891859729,917357.303275769,999999.9999999999,999058.6769614554,567059.6868042954,1000749.9359948479,1000749.9359948479
2025-03-06T08:10:00.000+0000,998690.891859729,917357.303275769,999999.9999999999,999058.6769614554,567059.6868042954,1000749.9359948479,1000749.9359948479
2025-03-06T08:20:00.000+0000,998690.891859729,917357.303275769,999999.9999999999,999058.6769614554,567059.6868042954,1000749.9359948479,1000749.9359948479
2025-03-06T08:30:00.000+0000,998690.891859729,917357.303275769,999999.9999999999,999058.6769614554,567059.6868042954,1000749.9359948479,1000749.9359948479
2025-03-06T08:40:00.000+0000,998690.891859729,917357.303275769,999999.9999999999,999058.6769614554,567059.6868042954,1000749.9359948479,1000749.9359948479
2025-03-06T08:50:00.000+0000,998690.891859729,917357.303275769,999999.9999999999,999058.6769614554,567059.6868042954,1000749.9359948479,1000749.9359948479
2025-03-06T09:00:00.000+0000,998690.891859729,917357.303275769,999999.9999999999,999058.6769614554,567059.6868042954,1000749.9359948479,1000749.9359948479
2025-03-06T09:10:00.000+0000,998690.891859729,917357.303275769,999999.9999999999,999058.6769614554,567059.6868042954,1000749.9359948479,1000749.9359948479
2025-03-06T09:20:00.000+0000,998690.891859729,917357.303275769,999999.9999999999,999058.6769614554,567059.6868042954,1000749.9359948479,1000749.9359948479
2025-03-06T09:30:00.000+0000,998690.891859729,917357.303275769,999999.9999999999,999058.6769614554,567059.6868042954,1000749.9359948479,1000749.9359948479
2025-03-06T09:40:00.000+0000,998690.891859729,917357.303275769,999999.9999999999,999058.6769614554,567059.6868042954,1000749.9359948479,1000749.9359948479
2025-03-06T09:50:00.000+0000,998690.891859729,917357.303275769,999999.9999999999,999058.6769614554,567059.6868042954,1000749.9359948479,1000749.9359948479
2025-03-06T10:00:00.000+0000,998690.891859729,917357.303275769,999999.9999999999,999058.6769614554,567059.6868042954,1000749.9359948479,1000749.9359948479
2025-03-06T10:10:00.000+0000,998690.891859729,917357.303275769,999999.9999999999,999058.6769614554,567059.6868042954,1000749.9359948479,1000749.9359948479
2025-03-06T10:20:00.000+0000,998690.891859729,917357.303275769,999999.9999999999,999058.6769614554,567059.6868042954,1000749.9359948479,1000749.9359948479
2025-03-06T10:30:00.000+0000,998690.891859729,917357.303275769,999999.9999999999,999058.6769614554,567059.6868042954,1000749.9359948479,1000749.9359948479
2025-03-06T10:40:00.000+0000,998690.891859729,917357.303275769,999999.9999999999,999058.6769614554,567059.6868042954,1000749.9359948479,1000749.9359948479
2025-03-06T10:50:00.000+0000,998690.891859729,917357.303275769,999999.9999999999,999058.6769614554,567059.6868042954,1000749.9359948479,1000749.9359948479
2025-03-06T11:00:00.000+0000,998690.891859729,917357.303275769,999999.9999999999,999058.6769614554,567059.6868042954,1000749.9359948479,1000749.9359948479
2025-03-06T11:10:00.000+0000,998690.891859729,917357.303275769,999999.9999999999,999058.6769614554,567059.6868042954,1000749.9359948479,1000749.9359948479
2025-03-06T11:20:00.000+0000,998690.891859729,917357.303275769,999999.9999999999,999058.6769614554,567059.6868042954,1000749.9359948479,1000749.9359948479
2025-03-06T11:30:00.000+0000,998690.891859729,917357.303275769,999999.9999999999,999058.6769614554,567059.6868042954,1000749.9359948479,1000749.9359948479
2025-03-06T11:40:00.000+0000,998690.891859729,917357.303275769,999999.9999999999,999058.6769614554,567059.6868042954,1000749.9359948479,1000749.9359948479
2025-03-06T11:50:00.000+0000,998690.891859729,917357.303275769,999999.9999999999,999058.6769614554,567059.6868042954,1000749.9359948479,1000749.9359948479
2025-03-06T12:00:00.000+0000,998690.891859729,917357.303275769,999999.9999999999,999058.6769614554,567059.6868042954,1000749.9359948479,1000749.9359948479
2025-03-06T12:10:00.000+0000,998690.891859729,917357.303275769,999999.9999999999,999058.6769614554,567059.6868042954,1000749.9359948479,1000749.9359948479
2025-03-06T12:20:00.000+0000,998690.891859729,917357.303275769,999999.9999999999,999058.6769614554,567059.6868042954,1000749.9359948479,1000749.9359948479
2025-03-06T12:30:00.000+0000,998690.891859729,917357.303275769,999999.9999999999,999058.6769614554,567059.6868042954,1000749.9359948479,1000749.9359948479
2025-03-06T12:40:00.000+0000,998690.891859729,917357.303275769,999999.9999999999,999058.6769614554,567059.6868042954,1000749.9359948479,1000749.9359948479
2025-03-06T12:50:00.000+0000,998690.891859729,917357.303275769,999999.9999999999,999058.6769614554,567059.6868042954,1000749.9359948479,1000749.9359948479
2025-03-06T13:00:00.000+0000,998690.891859729,917357.303275769,999999.9999999999,999058.6769614554,567059.6868042954,1000749.9359948479,1000749.9359948479
2025-03-06T13:10:00.000+0000,998690.891859729,917357.303275769,999999.9999999999,999058.6769614554,567059.6868042954,1000749.9359948479,1000749.9359948479
2025-03-06T13:20:00.000+0000,998690.891859729,917357.303275769,999999.9999999999,999058.6769614554,567059.6868042954,1000749.9359948479,1000749.9359948479
2025-03-06T13:30:00.000+0000,998690.891859729,917357.303275769,999999.9999999999,999058.6769614554,567059.6868042954,1000749.9359948479,1000749.9359948479
2025-03-06T13:40:00.000+0000,998690.891859729,917357.303275769,999999.9999999999,999058.6769614554,567059.6868042954,1000749.9359948479,1000749.9359948479
2025-03-06T13:50:00.000+0000,998690.891859729,917357.303275769,999999.9999999999,999058.6769614554,567059.6868042954,1000749.9359948479,1000749.9359948479
2025-03-06T14:00:00.000+0000,998690.891859729,917357.303275769,999999.9999999999,999058.6769614554,567059.6868042954,1000749.9359948479,1000749.9359948479
2025-03-06T14:10:00.000+0000,998690.891859729,917357.303275769,999999.9999999999,999058.6769614554,567059.6868042954,1000749.9359948479,1000749.9359948479
2025-03-06T14:20:00.000+0000,998690.891859729,917357.303275769,999999.9999999999,999058.6769614554,567059.6868042954,1000749.9359948479,1000749.9359948479
2025-03-06T14:30:00.000+0000,998690.891859729,917357.303275769,999999.9999999999,999058.6769614554,567059.6868042954,1000749.9359948479,1000749.9359948479
2025-03-06T14:40:00.000+0000,998690.891859729,917357.303275769,999999.9999999999,999058.6769614554,567059.6868042954,1000749.9359948479,1000749.9359948479
2025-03-06T14:50:00.000+0000,998690.891859729,917357.303275769,999999.9999999999,999058.6769614554,567059.6868042954,1000749.9359948479,1000749.9359948479
2025-03-06T15:00:00.000+0000,998690.891859729,917357.303275769,999999.9999999999,999058.6769614554,567059.6868042954,1000749.9359948479,1000749.9359948479
2025-03-06T15:10:00.000+0000,998690.891859729,917357.303275769,999999.9999999999,999058.6769614554,567059.6868042954,1000749.9359948479,1000749.9359948479
2025-03-06T15:20:00.000+0000,998690.891859729,917357.303275769,999999.9999999999,999058.6769614554,567059.6868042954,1000749.9359948479,1000749.9359948479
2025-03-06T15:30:00.000+0000,998690.891859729,917357.303275769,999999.9999999999,999058.6769614554,567059.6868042954,1000749.9359948479,1000749.9359948479
2025-03-06T15:40:00.000+0000,998690.891859729,917357.303275769,999999.9999999999,999058.6769614554,567059.6868042954,1000749.9359948479,1000749.9359948479
2025-03-06T15:50:00.000+0000,998690.891859729,917357.303275769,999999.9999999999,999058.6769614554,567059.6868042954,1000749.9359948479,1000749.9359948479
2025-03-06T16:00:00.000+0000,998690.891859729,917357.303275769,999999.9999999999,999058.6769614554,567059.6868042954,1000749.9359948479,1000749.9359948479
2025-03-06T16:10:00.000+0000,998690.891859729,917357.303275769,999999.9999999999,999058.6769614554,567059.6868042954,1000749.9359948479,1000749.9359948479
2025-03-06T16:20:00.000+0000,998690.891859729,917357.303275769,999999.9999999999,999058.6769614554,567059.6868042954,1000749.9359948479,1000749.9359948479
2025-03-06T16:30:00.000+0000,998690.891859729,917357.303275769,999999.9999999999,999058.6769614554,567059.6868042954,1000749.9359948479,1000749.9359948479
2025-03-06T16:40:00.000+0000,998690.891859729,917357.303275769,999999.9999999999,999058.6769614554,567059.6868042954,1000749.9359948479,1000749.9359948479
2025-03-06T16:50:00.000+0000,998690.891859729,917357.303275769,999999.9999999999,999058.6769614554,567059.6868042954,1000749.9359948479,1000749.9359948479
2025-03-06T17:00:00.000+0000,998690.891859729,917357.303275769,999999.9999999999,999058.6769614554,567059.6868042954,1000749.9359948479,1000749.9359948479
2025-03-06T17:10:00.000+0000,998690.891859729,917357.303275769,999999.9999999999,999058.6769614554,567059.6868042954,1000749.9359948479,1000749.9359948479
2025-03-06T17:20:00.000+0000,998690.891859729,917357.303275769,999999.9999999999,999058.6769614554,567059.6868042954,1000749.9359948479,1000749.9359948479
2025-03-06T17:30:00.000+0000,998690.891859729,917357.303275769,999999.9999999999,999058.6769614554,567059.6868042954,1000749.9359948479,1000749.9359948479
2025-03-06T17:40:00.000+0000,998690.891859729,917357.303275769,999999.9999999999,999058.6769614554,567059.6868042954,1000749.9359948479,1000749.9359948479
2025-03-06T17:50:00.000+0000,998690.891859729,917357.303275769,999999.9999999999,999058.6769614554,567059.6868042954,1000749.9359948479,1000749.9359948479
2025-03-06T18:00:00.000+0000,998690.891859729,917357.303275769,999999.9999999999,999058.6769614554,567059.6868042954,1000749.9359948479,1000749.9359948479
2025-03-06T18:10:00.000+0000,998690.891859729,917357.303275769,999999.9999999999,999058.6769614554,567059.6868042954,1000749.9359948479,1000749.9359948479
2025-03-06T18:20:00.000+0000,998690.891859729,917357.303275769,999999.9999999999,999058.6769614554,567059.6868042954,1000749.9359948479,1000749.9359948479
2025-03-06T18:30:00.000+0000,998690.891859729,917357.303275769,999999.9999999999,999058.6769614554,567059.6868042954,1000749.9359948479,1000749.9359948479
2025-03-06T18:40:00.000+0000,998690.891859729,917357.303275769,999999.9999999999,999058.6769614554,567059.6868042954,1000749.9359948479,1000749.9359948479
2025-03-06T18:50:00.000+0000,998690.891859729,917357.303275769,999999.9999999999,999058.6769614554,567059.6868042954,1000749.9359948479,1000749.9359948479
2025-03-06T19:00:00.000+0000,998690.891859729,917357.303275769,999999.9999999999,999058.6769614554,567059.6868042954,1000749.9359948479,1000749.9359948479
2025-03-06T19:10:00.000+0000,998690.891859729,917357.303275769,999999.9999999999,999058.6769614554,567059.6868042954,1000749.9359948479,1000749.9359948479
2025-03-06T19:20:00.000+0000,998690.891859729,917357.303275769,999999.9999999999,999058.6769614554,567059.6868042954,1000749.9359948479,1000749.9359948479
2025-03-06T19:30:00.000+0000,998690.891859729,917357.303275769,999999.9999999999,999058.6769614554,567059.6868042954,1000749.9359948479,1000749.9359948479
2025-03-06T19:40:00.000+0000,998690.891859729,917357.303275769,999999.9999999999,999058.6769614554,567059.6868042954,1000749.9359948479,1000749.9359948479
2025-03-06T19:50:00.000+0000,998690.891859729,917357.303275769,999999.9999999999,999058.6769614554,567059.6868042954,1000749.9359948479,1000749.9359948479
2025-03-06T20:00:00.000+0000,998690.891859729,917357.303275769,999999.9999999999,999058.6769614554,567059.6868042954,1000749.9359948479,1000749.9359948479
2025-03-06T20:10:00.000+0000,998690.891859729,917357.303275769,999999.9999999999,999058.6769614554,567059.6868042954,1000749.9359948479,1000749.9359948479
2025-03-06T20:20:00.000+0000,998690.891859729,917357.303275769,999999.9999999999,999058.6769614554,567059.6868042954,1000749.9359948479,1000749.9359948479
2025-03-06T20:30:00.000+0000,998690.891859729,917357.303275769,999999.9999999999,999058.6769614554,567059.6868042954,1000749.9359948479,1000749.9359948479
2025-03-06T20:40:00.000+0000,998690.891859729,917357.303275769,999999.9999999999,999058.6769614554,567059.6868042954,1000749.9359948479,1000749.9359948479
2025-03-06T20:50:00.000+0000,998690.891859729,917357.303275769,999999.9999999999,999058.6769614554,567059.6868042954,1000749.9359948479,1000749.9359948479
2025-03-06T21:00:00.000+0000,998690.891859729,917357.303275769,999999.9999999999,999058.6769614554,567059.6868042954,1000749.9359948479,1000749.9359948479
2025-03-06T21:10:00.000+0000,998690.891859729,917357.303275769,999999.9999999999,999058.6769614554,567059.6868042954,1000749.9359948479,1000749.9359948479
2025-03-06T21:20:00.000+0000,998690.891859729,917357.303275769,999999.9999999999,999058.6769614554,567059.6868042954,1000749.9359948479,1000749.9359948479
2025-03-06T21:30:00.000+0000,998690.891859729,917357.303275769,999999.9999999999,999058.6769614554,567059.6868042954,1000749.9359948479,1000749.9359948479
2025-03-06T21:40:00.000+0000,998690.891859729,917357.303275769,999999.9999999999,999058.6769614554,567059.6868042954,1000749.9359948479,1000749.9359948479
2025-03-06T21:50:00.000+0000,998690.891859729,917357.303275769,999999.9999999999,999058.6769614554,567059.6868042954,1000749.9359948479,1000749.9359948479
2025-03-06T22:00:00.000+0000,998690.891859729,917357.303275769,999999.9999999999,999058.6769614554,567059.6868042954,1000749.9359948479,1000749.9359948479
2025-03-06T22:10:00.000+0000,998690.891859729,917357.303275769,999999.9999999999,999058.6769614554,567059.6868042954,1000749.9359948479,1000749.9359948479
2025-03-06T22:20:00.000+0000,998690.891859729,917357.303275769,999999.9999999999,999058.6769614554,567059.6868042954,1000749.9359948479,1000749.9359948479
2025-03-06T22:30:00.000+0000,998690.891859729,917357.303275769,999999.9999999999,999058.6769614554,567059.6868042954,1000749.9359948479,1000749.9359948479
2025-03-06T22:40:00.000+0000,998690.891859729,917357.303275769,999999.9999999999,999058.6769614554,567059.6868042954,1000749.9359948479,1000749.9359948479
2025-03-06T22:50:00.000+0000,998690.891859729,917357.303275769,999999.9999999999,999058.6769614554,567059.6868042954,1000749.9359948479,1000749.9359948479
2025-03-06T23:00:00.000+0000,998690.891859729,917357.303275769,999999.9999999999,999058.6769614554,567059.6868042954,1000749.9359948479,1000749.9359948479
2025-03-06T23:10:00.000+0000,998690.891859729,917357.303275769,999999.9999999999,999058.6769614554,567059.6868042954,1000749.9359948479,1000749.9359948479
2025-03-06T23:20:00.000+0000,998690.891859729,917357.303275769,999999.9999999999,999058.6769614554,567059.6868042954,1000749.9359948479,1000749.9359948479
2025-03-06T23:30:00.000+0000,998690.891859729,917357.303275769,999999.9999999999,999058.6769614554,567059.6868042954,1000749.9359948479,1000749.9359948479
2025-03-06T23:40:00.000+0000,998690.891859729,917357.303275769,999999.9999999999,999058.6769614554,567059.6868042954,1000749.9359948479,1000749.9359948479
2025-03-06T23:50:00.000+0000,998690.891859729,917357.303275769,999999.9999999999,999058.6769614554,567059.6868042954,1000749.9359948479,1000749.9359948479
2025-03-07T00:00:00.000+0000,998690.891859729,917357.303275769,999999.9999999999,999058.6769614554,567059.6868042954,1000749.9359948479,1000749.9359948479
2025-03-07T00:10:00.000+0000,998690.891859729,917357.303275769,999999.9999999999,999058.6769614554,567059.6868042954,1000749.9359948479,1000749.9359948479
2025-03-07T00:20:00.000+0000,998690.891859729,917357.303275769,999999.9999999999,999058.6769614554,567059.6868042954,1000749.9359948479,1000749.9359948479
2025-03-07T00:30:00.000+0000,998690.891859729,917357.303275769,999999.9999999999,999058.6769614554,567059.6868042954,1000749.9359948479,1000749.9359948479
2025-03-07T00:40:00.000+0000,998690.891859729,917357.303275769,999999.9999999999,999058.6769614554,567059.6868042954,1000749.9359948479,1000749.9359948479
2025-03-07T00:50:00.000+0000,998690.891859729,917357.303275769,999999.9999999999,999058.6769614554,567059.6868042954,1000749.9359948479,1000749.9359948479
2025-03-07T01:00:00.000+0000,998690.891859729,917357.303275769,999999.9999999999,999058.6769614554,567059.6868042954,1000749.9359948479,1000749.9359948479
2025-03-07T01:10:00.000+0000,998690.891859729,917357.303275769,999999.9999999999,999058.6769614554,567059.6868042954,1000749.9359948479,1000749.9359948479
2025-03-07T01:20:00.000+0000,998690.891859729,917357.303275769,999999.9999999999,999058.6769614554,567059.6868042954,1000749.9359948479,1000749.9359948479
2025-03-07T01:30:00.000+0000,998690.891859729,917357.303275769,999999.9999999999,999058.6769614554,567059.6868042954,1000749.9359948479,1000749.9359948479
2025-03-07T01:40:00.000+0000,998690.891859729,917357.303275769,999999.9999999999,999058.6769614554,567059.6868042954,1000749.9359948479,1000749.9359948479
2025-03-07T01:50:00.000+0000,998690.891859729,917357.303275769,999999.9999999999,999058.6769614554,567059.6868042954,1000749.9359948479,1000749.9359948479
2025-03-07T02:00:00.000+0000,998690.891859729,917357.303275769,999999.9999999999,999058.6769614554,567059.6868042954,1000749.9359948479,1000749.9359948479
2025-03-07T02:10:00.000+0000,998690.891859729,917357.303275769,999999.9999999999,999058.6769614554,567059.6868042954,1000749.9359948479,1000749.9359948479
2025-03-07T02:20:00.000+0000,998690.891859729,917357.303275769,999999.9999999999,999058.6769614554,567059.6868042954,1000749.9359948479,1000749.9359948479
2025-03-07T02:30:00.000+0000,998690.891859729,917357.303275769,999999.9999999999,999058.6769614554,567059.6868042954,1000749.9359948479,1000749.9359948479
2025-03-07T02:40:00.000+0000,998690.891859729,917357.303275769,999999.9999999999,999058.6769614554,567059.6868042954,1000749.9359948479,1000749.9359948479
2025-03-07T02:50:00.000+0000,998690.891859729,917357.303275769,999999.9999999999,999058.6769614554,567059.6868042954,1000749.9359948479,1000749.9359948479
2025-03-07T03:00:00.000+0000,998690.891859729,917357.303275769,999999.9999999999,999058.6769614554,567059.6868042954,1000749.9359948479,1000749.9359948479
2025-03-07T03:10:00.000+0000,998690.891859729,917357.303275769,999999.9999999999,999058.6769614554,567059.6868042954,1000749.9359948479,1000749.9359948479
2025-03-07T03:20:00.000+0000,998690.891859729,917357.303275769,999999.9999999999,999058.6769614554,567059.6868042954,1000749.9359948479,1000749.9359948479
2025-03-07T03:30:00.000+0000,998690.891859729,917357.303275769,999999.9999999999,999058.6769614554,567059.6868042954,1000749.9359948479,1000749.9359948479
2025-03-07T03:40:00.000+0000,998690.891859729,917357.303275769,999999.9999999999,999058.6769614554,567059.6868042954,1000749.9359948479,1000749.9359948479
2025-03-07T03:50:00.000+0000,998690.891859729,917357.303275769,999999.9999999999,999058.6769614554,567059.6868042954,1000749.9359948479,1000749.9359948479
2025-03-07T04:00:00.000+0000,998690.891859729,917357.303275769,999999.9999999999,999058.6769614554,567059.6868042954,1000749.9359948479,1000749.9359948479
2025-03-07T04:10:00.000+0000,998690.891859729,917357.303275769,999999.9999999999,999058.6769614554,567059.6868042954,1000749.9359948479,1000749.9359948479
2025-03-07T04:20:00.000+0000,998690.891859729,917357.303275769,999999.9999999999,999058.6769614554,567059.6868042954,1000749.9359948479,1000749.9359948479
2025-03-07T04:30:00.000+0000,998690.891859729,917357.303275769,999999.9999999999,999058.6769614554,567059.6868042954,1000749.9359948479,1000749.9359948479
2025-03-07T04:40:00.000+0000,998690.891859729,917357.303275769,999999.9999999999,999058.6769614554,567059.6868042954,1000749.9359948479,1000749.9359948479
2025-03-07T04:50:00.000+0000,998690.891859729,917357.303275769,999999.9999999999,999058.6769614554,567059.6868042954,1000749.9359948479,1000749.9359948479
2025-03-07T05:00:00.000+0000,998690.891859729,917357.303275769,999999.9999999999,999058.6769614554,567059.6868042954,1000749.9359948479,1000749.9359948479
2025-03-07T05:10:00.000+0000,998690.891859729,917357.303275769,999999.9999999999,999058.6769614554,567059.6868042954,1000749.9359948479,1000749.9359948479
2025-03-07T05:20:00.000+0000,998690.891859729,917357.303275769,999999.9999999999,999058.6769614554,567059.6868042954,1000749.9359948479,1000749.9359948479
2025-03-07T05:30:00.000+0000,998690.891859729,917357.303275769,999999.9999999999,999058.6769614554,567059.6868042954,1000749.9359948479,1000749.9359948479
2025-03-07T05:40:00.000+0000,998690.891859729,917357.303275769,999999.9999999999,999058.6769614554,567059.6868042954,1000749.9359948479,1000749.9359948479
2025-03-07T05:50:00.000+0000,998690.891859729,917357.303275769,999999.9999999999,999058.6769614554,567059.6868042954,1000749.9359948479,1000749.9359948479
2025-03-07T06:00:00.000+0000,998690.891859729,917357.303275769,999999.9999999999,999058.6769614554,567059.6868042954,1000749.9359948479,1000749.9359948479
2025-03-07T06:10:00.000+0000,998690.891859729,917357.303275769,999999.9999999999,999058.6769614554,567059.6868042954,1000749.9359948479,1000749.9359948479
2025-03-07T06:20:00.000+0000,998690.891859729,917357.303275769,999999.9999999999,999058.6769614554,567059.6868042954,1000749.9359948479,1000749.9359948479
2025-03-07T06:30:00.000+0000,998690.891859729,917357.303275769,999999.9999999999,999058.6769614554,567059.6868042954,1000749.9359948479,1000749.9359948479
2025-03-07T06:40:00.000+0000,998690.891859729,917357.303275769,999999.9999999999,999058.6769614554,567059.6868042954,1000749.9359948479,1000749.9359948479
2025-03-07T06:50:00.000+0000,998690.891859729,917357.303275769,999999.9999999999,999058.6769614554,567059.6868042954,1000749.9359948479,1000749.9359948479
2025-03-07T07:00:00.000+0000,998690.891859729,917357.303275769,999999.9999999999,999058.6769614554,567059.6868042954,1000749.9359948479,1000749.9359948479
2025-03-07T07:10:00.000+0000,998690.891859729,917357.303275769,999999.9999999999,999058.6769614554,567059.6868042954,1000749.9359948479,1000749.9359948479
2025-03-07T07:20:00.000+0000,998690.891859729,917357.303275769,999999.9999999999,999058.6769614554,567059.6868042954,1000749.9359948479,1000749.9359948479
2025-03-07T07:30:00.000+0000,998690.891859729,917357.303275769,999999.9999999999,999058.6769614554,567059.6868042954,1000749.9359948479,1000749.9359948479
2025-03-07T07:40:00.000+0000,998690.891859729,917357.303275769,999999.9999999999,999058.6769614554,567059.6868042954,1000749.9359948479,1000749.9359948479
2025-03-07T07:50:00.000+0000,998690.891859729,917357.303275769,999999.9999999999,999058.6769614554,567059.6868042954,1000749.9359948479,1000749.9359948479
2025-03-07T08:00:00.000+0000,998690.891859729,917357.303275769,999999.9999999999,999058.6769614554,567059.6868042954,1000749.9359948479,1000749.9359948479
2025-03-07T08:10:00.000+0000,998690.891859729,917357.303275769,999999.9999999999,999058.6769614554,567059.6868042954,1000749.9359948479,1000749.9359948479
2025-03-07T08:20:00.000+0000,998690.891859729,917357.303275769,999999.9999999999,999058.6769614554,567059.6868042954,1000749.9359948479,1000749.9359948479
2025-03-07T08:30:00.000+0000,998690.891859729,917357.303275769,999999.9999999999,999058.6769614554,567059.6868042954,1000749.9359948479,1000749.9359948479
2025-03-07T08:40:00.000+0000,998690.891859729,917357.303275769,999999.9999999999,999058.6769614554,567059.6868042954,1000749.9359948479,1000749.9359948479
2025-03-07T08:50:00.000+0000,998690.891859729,917357.303275769,999999.9999999999,999058.6769614554,567059.6868042954,1000749.9359948479,1000749.9359948479
2025-03-07T09:00:00.000+0000,998690.891859729,917357.303275769,999999.9999999999,999058.6769614554,567059.6868042954,1000749.9359948479,1000749.9359948479
2025-03-07T09:10:00.000+0000,998690.891859729,917357.303275769,999999.9999999999,999058.6769614554,567059.6868042954,1000749.9359948479,1000749.9359948479
2025-03-07T09:20:00.000+0000,998690.891859729,917357.303275769,999999.9999999999,999058.6769614554,567059.6868042954,1000749.9359948479,1000749.9359948479
2025-03-07T09:30:00.000+0000,998690.891859729,917357.303275769,999999.9999999999,999058.6769614554,567059.6868042954,1000749.9359948479,1000749.9359948479
2025-03-07T09:40:00.000+0000,998690.891859729,917357.303275769,999999.9999999999,999058.6769614554,567059.6868042954,1000749.9359948479,1000749.9359948479
2025-03-07T09:50:00.000+0000,998690.891859729,917357.303275769,999999.9999999999,999058.6769614554,567059.6868042954,1000749.9359948479,1000749.9359948479
2025-03-07T10:00:00.000+0000,998690.891859729,917357.303275769,999999.9999999999,999058.6769614554,567059.6868042954,1000749.9359948479,1000749.9359948479
2025-03-07T10:10:00.000+0000,998690.891859729,917357.303275769,999999.9999999999,999058.6769614554,567059.6868042954,1000749.9359948479,1000749.9359948479
2025-03-07T10:20:00.000+0000,998690.891859729,917357.303275769,999999.9999999999,999058.6769614554,567059.6868042954,1000749.9359948479,1000749.9359948479
2025-03-07T10:30:00.000+0000,998690.891859729,917357.303275769,999999.9999999999,999058.6769614554,567059.6868042954,1000749.9359948479,1000749.9359948479
2025-03-07T10:40:00.000+0000,998690.891859729,917357.303275769,999999.9999999999,999058.6769614554,567059.6868042954,1000749.9359948479,1000749.9359948479
2025-03-07T10:50:00.000+0000,998690.891859729,917357.303275769,999999.9999999999,999058.6769614554,567059.6868042954,1000749.9359948479,1000749.9359948479
2025-03-07T11:00:00.000+0000,998690.891859729,917357.303275769,999999.9999999999,999058.6769614554,567059.6868042954,1000749.9359948479,1000749.9359948479
2025-03-07T11:10:00.000+0000,998690.891859729,917357.303275769,999999.9999999999,999058.6769614554,567059.6868042954,1000749.9359948479,1000749.9359948479
2025-03-07T11:20:00.000+0000,998690.891859729,917357.303275769,999999.9999999999,999058.6769614554,567059.6868042954,1000749.9359948479,1000749.9359948479
2025-03-07T11:30:00.000+0000,998690.891859729,917357.303275769,999999.9999999999,999058.6769614554,567059.6868042954,1000749.9359948479,1000749.9359948479
2025-03-07T11:40:00.000+0000,998690.891859729,917357.303275769,999999.9999999999,999058.6769614554,567059.6868042954,1000749.9359948479,1000749.9359948479
2025-03-07T11:50:00.000+0000,998690.891859729,917357.303275769,999999.9999999999,999058.6769614554,567059.6868042954,1000749.9359948479,1000749.9359948479
2025-03-07T12:00:00.000+0000,998690.891859729,917357.303275769,999999.9999999999,999058.6769614554,567059.6868042954,1000749.9359948479,1000749.9359948479
2025-03-07T12:10:00.000+0000,998690.891859729,917357.303275769,999999.9999999999,999058.6769614554,567059.6868042954,1000749.9359948479,1000749.9359948479
2025-03-07T12:20:00.000+0000,998690.891859729,917357.303275769,999999.9999999999,999058.6769614554,567059.6868042954,1000749.9359948479,1000749.9359948479
2025-03-07T12:30:00.000+0000,998690.891859729,917357.303275769,999999.9999999999,999058.6769614554,567059.6868042954,1000749.9359948479,1000749.9359948479
2025-03-07T12:40:00.000+0000,998690.891859729,917357.303275769,999999.9999999999,999058.6769614554,567059.6868042954,1000749.9359948479,1000749.9359948479
2025-03-07T12:50:00.000+0000,998690.891859729,917357.303275769,999999.9999999999,999058.6769614554,567059.6868042954,1000749.9359948479,1000749.9359948479
2025-03-07T13:00:00.000+0000,998690.891859729,917357.303275769,999999.9999999999,999058.6769614554,567059.6868042954,1000749.9359948479,1000749.9359948479
2025-03-07T13:10:00.000+0000,998690.891859729,917357.303275769,999999.9999999999,999058.6769614554,567059.6868042954,1000749.9359948479,1000749.9359948479
2025-03-07T13:20:00.000+0000,998690.891859729,917357.303275769,999999.9999999999,999058.6769614554,567059.6868042954,1000749.9359948479,1000749.9359948479
2025-03-07T13:30:00.000+0000,998690.891859729,917357.303275769,999999.9999999999,999058.6769614554,567059.6868042954,1000749.9359948479,1000749.9359948479
2025-03-07T13:40:00.000+0000,998690.891859729,917357.303275769,999999.9999999999,999058.6769614554,567059.6868042954,1000749.9359948479,1000749.9359948479
2025-03-07T13:50:00.000+0000,998690.891859729,917357.303275769,999999.9999999999,999058.6769614554,567059.6868042954,1000749.9359948479,1000749.9359948479
2025-03-07T14:00:00.000+0000,998690.891859729,917357.303275769,999999.9999999999,999058.6769614554,567059.6868042954,1000749.9359948479,1000749.9359948479
2025-03-07T14:10:00.000+0000,998690.891859729,917357.303275769,999999.9999999999,999058.6769614554,567059.6868042954,1000749.9359948479,1000749.9359948479
2025-03-07T14:20:00.000+0000,998690.891859729,917357.303275769,999999.9999999999,999058.6769614554,567059.6868042954,1000749.9359948479,1000749.9359948479
2025-03-07T14:30:00.000+0000,998690.891859729,917357.303275769,999999.9999999999,999058.6769614554,567059.6868042954,1000749.9359948479,1000749.9359948479
2025-03-07T14:40:00.000+0000,998690.891859729,917357.303275769,999999.9999999999,999058.6769614554,567059.6868042954,1000749.9359948479,1000749.9359948479
2025-03-07T14:50:00.000+0000,998690.891859729,917357.303275769,999999.9999999999,999058.6769614554,567059.6868042954,1000749.9359948479,1000749.9359948479
2025-03-07T15:00:00.000+0000,998690.891859729,917357.303275769,999999.9999999999,999058.6769614554,567059.6868042954,1000749.9359948479,1000749.9359948479
2025-03-07T15:10:00.000+0000,998690.891859729,917357.303275769,999999.9999999999,999058.6769614554,567059.6868042954,1000749.9359948479,1000749.9359948479
2025-03-07T15:20:00.000+0000,998690.891859729,917357.303275769,999999.9999999999,999058.6769614554,567059.6868042954,1000749.9359948479,1000749.9359948479
2025-03-07T15:30:00.000+0000,998690.891859729,917357.303275769,999999.9999999999,999058.6769614554,567059.6868042954,1000749.9359948479,1000749.9359948479
2025-03-07T15:40:00.000+0000,998690.891859729,917357.303275769,999999.9999999999,999058.6769614554,567059.6868042954,1000749.9359948479,1000749.9359948479
2025-03-07T15:50:00.000+0000,998690.891859729,917357.303275769,999999.9999999999,999058.6769614554,567059.6868042954,1000749.9359948479,1000749.9359948479
2025-03-07T16:00:00.000+0000,998690.891859729,917357.303275769,999999.9999999999,999058.6769614554,567059.6868042954,1000749.9359948479,1000749.9359948479
2025-03-07T16:10:00.000+0000,998690.891859729,917357.303275769,999999.9999999999,999058.6769614554,567059.6868042954,1000749.9359948479,1000749.9359948479
2025-03-07T16:20:00.000+0000,998690.891859729,917357.303275769,999999.9999999999,999058.6769614554,567059.6868042954,1000749.9359948479,1000749.9359948479
2025-03-07T16:30:00.000+0000,998690.891859729,917357.303275769,999999.9999999999,999058.6769614554,567059.6868042954,1000749.9359948479,1000749.9359948479
2025-03-07T16:40:00.000+0000,998690.891859729,917357.303275769,999999.9999999999,999058.6769614554,567059.6868042954,1000749.9359948479,1000749.9359948479
2025-03-07T16:50:00.000+0000,998690.891859729,917357.303275769,999999.9999999999,999058.6769614554,567059.6868042954,1000749.9359948479,1000749.9359948479
2025-03-07T17:00:00.000+0000,998690.891859729,917357.303275769,999999.9999999999,999058.6769614554,567059.6868042954,1000749.9359948479,1000749.9359948479
2025-03-07T17:10:00.000+0000,998690.891859729,917357.303275769,999999.9999999999,999058.6769614554,567059.6868042954,1000749.9359948479,1000749.9359948479
2025-03-07T17:20:00.000+0000,998690.891859729,917357.303275769,999999.9999999999,999058.6769614554,567059.6868042954,1000749.9359948479,1000749.9359948479
2025-03-07T17:30:00.000+0000,998690.891859729,917357.303275769,999999.9999999999,999058.6769614554,567059.6868042954,1000749.9359948479,1000749.9359948479
2025-03-07T17:40:00.000+0000,998690.891859729,917357.303275769,999999.9999999999,999058.6769614554,567059.6868042954,1000749.9359948479,1000749.9359948479
2025-03-07T17:50:00.000+0000,998690.891859729,917357.303275769,999999.9999999999,999058.6769614554,567059.6868042954,1000749.9359948479,1000749.9359948479
2025-03-07T18:00:00.000+0000,998690.891859729,917357.303275769,999999.9999999999,999058.6769614554,567059.6868042954,1000749.9359948479,1000749.9359948479
2025-03-07T18:10:00.000+0000,998690.891859729,917357.303275769,999999.9999999999,999058.6769614554,567059.6868042954,1000749.9359948479,1000749.9359948479
2025-03-07T18:20:00.000+0000,998690.891859729,917357.303275769,999999.9999999999,999058.6769614554,567059.6868042954,1000749.9359948479,1000749.9359948479
2025-03-07T18:30:00.000+0000,998690.891859729,917357.303275769,999999.9999999999,999058.6769614554,567059.6868042954,1000749.9359948479,1000749.9359948479
2025-03-07T18:40:00.000+0000,998690.891859729,917357.303275769,999999.9999999999,999058.6769614554,567059.6868042954,1000749.9359948479,1000749.9359948479
2025-03-07T18:50:00.000+0000,998690.891859729,917357.303275769,999999.9999999999,999058.6769614554,567059.6868042954,1000749.9359948479,1000749.9359948479
2025-03-07T19:00:00.000+0000,998690.891859729,917357.303275769,999999.9999999999,999058.6769614554,567059.6868042954,1000749.9359948479,1000749.9359948479
2025-03-07T19:10:00.000+0000,998690.891859729,917357.303275769,999999.9999999999,999058.6769614554,567059.6868042954,1000749.9359948479,1000749.9359948479
2025-03-07T19:20:00.000+0000,998690.891859729,917357.303275769,999999.9999999999,999058.6769614554,567059.6868042954,1000749.9359948479,1000749.9359948479
2025-03-07T19:30:00.000+0000,998690.891859729,917357.303275769,999999.9999999999,999058.6769614554,567059.6868042954,1000749.9359948479,1000749.9359948479
2025-03-07T19:40:00.000+0000,998690.891859729,917357.303275769,999999.9999999999,999058.6769614554,567059.6868042954,1000749.9359948479,1000749.9359948479
2025-03-07T19:50:00.000+0000,998690.891859729,917357.303275769,999999.9999999999,999058.6769614554,567059.6868042954,1000749.9359948479,1000749.9359948479
2025-03-07T20:00:00.000+0000,998690.891859729,917357.303275769,999999.9999999999,999058.6769614554,567059.6868042954,1000749.9359948479,1000749.9359948479
2025-03-07T20:10:00.000+0000,998690.891859729,917357.303275769,999999.9999999999,999058.6769614554,567059.6868042954,1000749.9359948479,1000749.9359948479
2025-03-07T20:20:00.000+0000,998690.891859729,917357.303275769,999999.9999999999,999058.6769614554,567059.6868042954,1000749.9359948479,1000749.9359948479
2025-03-07T20:30:00.000+0000,998690.891859729,917357.303275769,999999.9999999999,999058.6769614554,567059.6868042954,1000749.9359948479,1000749.9359948479
2025-03-07T20:40:00.000+0000,998690.891859729,917357.303275769,999999.9999999999,999058.6769614554,567059.6868042954,1000749.9359948479,1000749.9359948479
2025-03-07T20:50:00.000+0000,998690.891859729,917357.303275769,999999.9999999999,999058.6769614554,567059.6868042954,1000749.9359948479,1000749.9359948479
2025-03-07T21:00:00.000+0000,998690.891859729,917357.303275769,999999.9999999999,999058.6769614554,567059.6868042954,1000749.9359948479,1000749.9359948479
2025-03-07T21:10:00.000+0000,998566.4467434249,775640.7146857689,999999.9999999999,998996.2150071673,495929.51917429536,1000749.9359948479,1000749.9359948479
2025-03-07T21:20:00.000+0000,998391.7576266088,775640.7146857689,999999.9999999999,998908.5249553754,495929.51917429536,1000749.9359948479,1000749.9359948479
2025-03-07T21:30:00.000+0000,998426.2033679528,775640.7146857689,999999.9999999999,998925.8159515033,495929.51917429536,1000749.9359948479,1000749.9359948479
2025-03-07T21:40:00.000+0000,998566.4467434249,775640.7146857689,999999.9999999999,998996.2150071673,495929.51917429536,1000749.9359948479,1000749.9359948479
2025-03-07T21:50:00.000+0000,998587.3602292408,775640.7146857689,999999.9999999999,999006.7131119593,495929.51917429536,1000749.9359948479,1000749.9359948479
2025-03-07T22:00:00.000+0000,998696.8484785128,775640.7146857689,999999.9999999999,999061.6737782233,495929.51917429536,1000749.9359948479,1000749.9359948479
2025-03-07T22:10:00.000+0000,998903.5229265769,775640.7146857689,999999.9999999999,999165.4197549913,495929.51917429536,1000749.9359948479,1000749.9359948479
2025-03-07T22:20:00.000+0000,998901.0625164808,775640.7146857689,999999.9999999999,999164.1846838393,495929.51917429536,1000749.9359948479,1000749.9359948479
2025-03-07T22:30:00.000+0000,998787.8836520648,775640.7146857689,999999.9999999999,999107.3714108473,495929.51917429536,1000749.9359948479,1000749.9359948479
2025-03-07T22:40:00.000+0000,998706.6901188968,775640.7146857689,999999.9999999999,999066.6140628313,495929.51917429536,1000749.9359948479,1000749.9359948479
2025-03-07T22:50:00.000+0000,998774.3513965368,775640.7146857689,999999.9999999999,999100.5785195113,495929.51917429536,1000749.9359948479,1000749.9359948479
2025-03-07T23:00:00.000+0000,998905.9833366729,775640.7146857689,999999.9999999999,999166.6548261433,495929.51917429536,1000749.9359948479,1000749.9359948479
2025-03-07T23:10:00.000+0000,999108.9671695929,775640.7146857689,999999.9999999999,999268.5481961833,495929.51917429536,1000749.9359948479,1000749.9359948479
2025-03-07T23:20:00.000+0000,999107.7369645449,775640.7146857689,999999.9999999999,999267.9306606073,495929.51917429536,1000749.9359948479,1000749.9359948479
2025-03-07T23:30:00.000+0000,999124.9598352169,775640.7146857689,999999.9999999999,999276.5761586713,495929.51917429536,1000749.9359948479,1000749.9359948479
2025-03-07T23:40:00.000+0000,999076.9818383448,775640.7146857689,999999.9999999999,999252.4922712073,495929.51917429536,1000749.9359948479,1000749.9359948479
2025-03-07T23:50:00.000+0000,999011.7809708009,775640.7146857689,999999.9999999999,999219.7628856794,495929.51917429536,1000749.9359948479,1000749.9359948479
2025-03-08T00:00:00.000+0000,998973.6446143128,775640.7146857689,999999.9999999999,999200.6192828233,495929.51917429536,1000749.9359948479,1000749.9359948479
2025-03-08T00:10:00.000+0000,998988.4070748888,775640.7146857689,999999.9999999999,999208.0297097353,495929.51917429536,1000749.9359948479,1000749.9359948479
2025-03-08T00:20:00.000+0000,998977.3352294569,775640.7146857689,999999.9999999999,999202.4718895513,495929.51917429536,1000749.9359948479,1000749.9359948479
2025-03-08T00:30:00.000+0000,998935.5082578248,775640.7146857689,999999.9999999999,999181.4756799673,495929.51917429536,1000749.9359948479,1000749.9359948479
2025-03-08T00:40:00.000+0000,998867.8469801848,775640.7146857689,999999.9999999999,999147.5112232873,495929.51917429536,1000749.9359948479,1000749.9359948479
2025-03-08T00:50:00.000+0000,998782.9628318729,775640.7146857689,999999.9999999999,999104.9012685433,495929.51917429536,1000749.9359948479,1000749.9359948479
2025-03-08T01:00:00.000+0000,998712.8411441369,775640.7146857689,999999.9999999999,999069.7017407113,495929.51917429536,1000749.9359948479,1000749.9359948479
2025-03-08T01:10:00.000+0000,998780.5024217769,775640.7146857689,999999.9999999999,999103.6661973913,495929.51917429536,1000749.9359948479,1000749.9359948479
2025-03-08T01:20:00.000+0000,998969.9539991688,775640.7146857689,999999.9999999999,999198.7666760953,495929.51917429536,1000749.9359948479,1000749.9359948479
2025-03-08T01:30:00.000+0000,999132.3410655048,775640.7146857689,999999.9999999999,999280.2813721274,495929.51917429536,1000749.9359948479,1000749.9359948479
2025-03-08T01:40:00.000+0000,999127.4202453129,775640.7146857689,999999.9999999999,999277.8112298233,495929.51917429536,1000749.9359948479,1000749.9359948479
2025-03-08T01:50:00.000+0000,999029.0038414728,775640.7146857689,999999.9999999999,999228.4083837434,495929.51917429536,1000749.9359948479,1000749.9359948479
2025-03-08T02:00:00.000+0000,998962.5727688809,775640.7146857689,999999.9999999999,999195.0614626394,495929.51917429536,1000749.9359948479,1000749.9359948479
2025-03-08T02:10:00.000+0000,998992.0976900328,775640.7146857689,999999.9999999999,999209.8823164633,495929.51917429536,1000749.9359948479,1000749.9359948479
2025-03-08T02:20:00.000+0000,999032.6944566169,775640.7146857689,999999.9999999999,999230.2609904713,495929.51917429536,1000749.9359948479,1000749.9359948479
2025-03-08T02:30:00.000+0000,999069.6006080569,775640.7146857689,999999.9999999999,999248.7870577513,495929.51917429536,1000749.9359948479,1000749.9359948479
2025-03-08T02:40:00.000+0000,999048.6871222409,775640.7146857689,999999.9999999999,999238.2889529594,495929.51917429536,1000749.9359948479,1000749.9359948479
2025-03-08T02:50:00.000+0000,999001.9393304168,775640.7146857689,999999.9999999999,999214.8226010713,495929.51917429536,1000749.9359948479,1000749.9359948479
2025-03-08T03:00:00.000+0000,999043.7663020488,775640.7146857689,999999.9999999999,999235.8188106553,495929.51917429536,1000749.9359948479,1000749.9359948479
2025-03-08T03:10:00.000+0000,999156.9451664649,775640.7146857689,999999.9999999999,999292.6320836473,495929.51917429536,1000749.9359948479,1000749.9359948479
2025-03-08T03:20:00.000+0000,999169.2472169448,775640.7146857689,999999.9999999999,999298.8074394073,495929.51917429536,1000749.9359948479,1000749.9359948479
2025-03-08T03:30:00.000+0000,999147.1035260808,775640.7146857689,999999.9999999999,999287.6917990394,495929.51917429536,1000749.9359948479,1000749.9359948479
2025-03-08T03:40:00.000+0000,999101.5859393049,775640.7146857689,999999.9999999999,999264.8429827273,495929.51917429536,1000749.9359948479,1000749.9359948479
2025-03-08T03:50:00.000+0000,999081.9026585368,775640.7146857689,999999.9999999999,999254.9624135114,495929.51917429536,1000749.9359948479,1000749.9359948479
2025-03-08T04:00:00.000+0000,999144.6431159849,775640.7146857689,999999.9999999999,999286.4567278873,495929.51917429536,1000749.9359948479,1000749.9359948479
2025-03-08T04:10:00.000+0000,999133.5712705528,775640.7146857689,999999.9999999999,999280.8989077033,495929.51917429536,1000749.9359948479,1000749.9359948479
2025-03-08T04:20:00.000+0000,999001.9393304168,775640.7146857689,999999.9999999999,999214.8226010713,495929.51917429536,1000749.9359948479,1000749.9359948479
2025-03-08T04:30:00.000+0000,998898.6021063848,775640.7146857689,999999.9999999999,999162.9496126873,495929.51917429536,1000749.9359948479,1000749.9359948479
2025-03-08T04:40:00.000+0000,998903.5229265769,775640.7146857689,999999.9999999999,999165.4197549913,495929.51917429536,1000749.9359948479,1000749.9359948479
2025-03-08T04:50:00.000+0000,998869.0771852329,775640.7146857689,999999.9999999999,999148.1287588633,495929.51917429536,1000749.9359948479,1000749.9359948479
2025-03-08T05:00:00.000+0000,998917.0551821048,775640.7146857689,999999.9999999999,999172.2126463273,495929.51917429536,1000749.9359948479,1000749.9359948479
2025-03-08T05:10:00.000+0000,998963.8029739289,775640.7146857689,999999.9999999999,999195.6789982154,495929.51917429536,1000749.9359948479,1000749.9359948479
2025-03-08T05:20:00.000+0000,999035.1548667129,775640.7146857689,999999.9999999999,999231.4960616233,495929.51917429536,1000749.9359948479,1000749.9359948479
2025-03-08T05:30:00.000+0000,999113.8879897848,775640.7146857689,999999.9999999999,999271.0183384874,495929.51917429536,1000749.9359948479,1000749.9359948479
2025-03-08T05:40:00.000+0000,999113.8879897848,775640.7146857689,999999.9999999999,999271.0183384874,495929.51917429536,1000749.9359948479,1000749.9359948479
2025-03-08T05:50:00.000+0000,999072.0610181529,775640.7146857689,999999.9999999999,999250.0221289033,495929.51917429536,1000749.9359948479,1000749.9359948479
2025-03-08T06:00:00.000+0000,999040.0756869048,775640.7146857689,999999.9999999999,999233.9662039273,495929.51917429536,1000749.9359948479,1000749.9359948479
2025-03-08T06:10:00.000+0000,999014.2413808969,775640.7146857689,999999.9999999999,999220.9979568314,495929.51917429536,1000749.9359948479,1000749.9359948479
2025-03-08T06:20:00.000+0000,999047.4569171928,775640.7146857689,999999.9999999999,999237.6714173834,495929.51917429536,1000749.9359948479,1000749.9359948479
2025-03-08T06:30:00.000+0000,999060.9891727208,775640.7146857689,999999.9999999999,999244.4643087193,495929.51917429536,1000749.9359948479,1000749.9359948479
2025-03-08T06:40:00.000+0000,999094.2047090168,775640.7146857689,999999.9999999999,999261.1377692713,495929.51917429536,1000749.9359948479,1000749.9359948479
2025-03-08T06:50:00.000+0000,999097.8953241608,775640.7146857689,999999.9999999999,999262.9903759994,495929.51917429536,1000749.9359948479,1000749.9359948479
2025-03-08T07:00:00.000+0000,999054.8381474809,775640.7146857689,999999.9999999999,999241.3766308393,495929.51917429536,1000749.9359948479,1000749.9359948479
2025-03-08T07:10:00.000+0000,999042.5360970008,775640.7146857689,999999.9999999999,999235.2012750793,495929.51917429536,1000749.9359948479,1000749.9359948479
2025-03-08T07:20:00.000+0000,999047.4569171928,775640.7146857689,999999.9999999999,999237.6714173834,495929.51917429536,1000749.9359948479,1000749.9359948479
2025-03-08T07:30:00.000+0000,999144.6431159849,775640.7146857689,999999.9999999999,999286.4567278873,495929.51917429536,1000749.9359948479,1000749.9359948479
2025-03-08T07:40:00.000+0000,999147.1035260808,775640.7146857689,999999.9999999999,999287.6917990394,495929.51917429536,1000749.9359948479,1000749.9359948479
2025-03-08T07:50:00.000+0000,999252.9011602089,775640.7146857689,999999.9999999999,999340.7998585753,495929.51917429536,1000749.9359948479,1000749.9359948479
2025-03-08T08:00:00.000+0000,999206.1533683848,775640.7146857689,999999.9999999999,999317.3335066873,495929.51917429536,1000749.9359948479,1000749.9359948479
2025-03-08T08:10:00.000+0000,999293.4979267928,775640.7146857689,999999.9999999999,999361.1785325833,495929.51917429536,1000749.9359948479,1000749.9359948479
2025-03-08T08:20:00.000+0000,999284.8864914569,775640.7146857689,999999.9999999999,999356.8557835513,495929.51917429536,1000749.9359948479,1000749.9359948479
2025-03-08T08:30:00.000+0000,999262.7428005929,775640.7146857689,999999.9999999999,999345.7401431833,495929.51917429536,1000749.9359948479,1000749.9359948479
2025-03-08T08:40:00.000+0000,999265.2032106889,775640.7146857689,999999.9999999999,999346.9752143354,495929.51917429536,1000749.9359948479,1000749.9359948479
2025-03-08T08:50:00.000+0000,999323.0228479449,775640.7146857689,999999.9999999999,999375.9993864073,495929.51917429536,1000749.9359948479,1000749.9359948479
2025-03-08T09:00:00.000+0000,999302.1093621289,775640.7146857689,999999.9999999999,999365.5012816153,495929.51917429536,1000749.9359948479,1000749.9359948479
2025-03-08T09:10:00.000+0000,999215.9950087689,775640.7146857689,999999.9999999999,999322.2737912954,495929.51917429536,1000749.9359948479,1000749.9359948479
2025-03-08T09:20:00.000+0000,999204.9231633368,775640.7146857689,999999.9999999999,999316.7159711113,495929.51917429536,1000749.9359948479,1000749.9359948479
2025-03-08T09:30:00.000+0000,999179.0888573289,775640.7146857689,999999.9999999999,999303.7477240153,495929.51917429536,1000749.9359948479,1000749.9359948479
2025-03-08T09:40:00.000+0000,999275.0448510728,775640.7146857689,999999.9999999999,999351.9154989433,495929.51917429536,1000749.9359948479,1000749.9359948479
2025-03-08T09:50:00.000+0000,999444.8131476969,775640.7146857689,999999.9999999999,999437.1354084313,495929.51917429536,1000749.9359948479,1000749.9359948479
2025-03-08T10:00:00.000+0000,999409.1372013048,775640.7146857689,999999.9999999999,999419.2268767273,495929.51917429536,1000749.9359948479,1000749.9359948479
2025-03-08T10:10:00.000+0000,999375.9216650089,775640.7146857689,999999.9999999999,999402.5534161753,495929.51917429536,1000749.9359948479,1000749.9359948479
2025-03-08T10:20:00.000+0000,999332.8644883288,775640.7146857689,999999.9999999999,999380.9396710154,495929.51917429536,1000749.9359948479,1000749.9359948479
2025-03-08T10:30:00.000+0000,999323.0228479449,775640.7146857689,999999.9999999999,999375.9993864073,495929.51917429536,1000749.9359948479,1000749.9359948479
2025-03-08T10:40:00.000+0000,999319.3322328008,775640.7146857689,999999.9999999999,999374.1467796793,495929.51917429536,1000749.9359948479,1000749.9359948479
2025-03-08T10:50:00.000+0000,999348.8571539528,775640.7146857689,999999.9999999999,999388.9676335034,495929.51917429536,1000749.9359948479,1000749.9359948479
2025-03-08T11:00:00.000+0000,999433.7413022649,775640.7146857689,999999.9999999999,999431.5775882474,495929.51917429536,1000749.9359948479,1000749.9359948479
2025-03-08T11:10:00.000+0000,999507.5536051448,775640.7146857689,999999.9999999999,999468.6297228073,495929.51917429536,1000749.9359948479,1000749.9359948479
2025-03-08T11:20:00.000+0000,999532.1577061049,775640.7146857689,999999.9999999999,999480.9804343274,495929.51917429536,1000749.9359948479,1000749.9359948479
2025-03-08T11:30:00.000+0000,999511.2442202888,775640.7146857689,999999.9999999999,999470.4823295353,495929.51917429536,1000749.9359948479,1000749.9359948479
2025-03-08T11:40:00.000+0000,999556.7618070649,775640.7146857689,999999.9999999999,999493.3311458473,495929.51917429536,1000749.9359948479,1000749.9359948479
2025-03-08T11:50:00.000+0000,999512.4744253368,775640.7146857689,999999.9999999999,999471.0998651113,495929.51917429536,1000749.9359948479,1000749.9359948479
2025-03-08T12:00:00.000+0000,999455.8849931288,775640.7146857689,999999.9999999999,999442.6932286153,495929.51917429536,1000749.9359948479,1000749.9359948479
2025-03-08T12:10:00.000+0000,999396.8351508249,775640.7146857689,999999.9999999999,999413.0515209673,495929.51917429536,1000749.9359948479,1000749.9359948479
2025-03-08T12:20:00.000+0000,999394.3747407289,775640.7146857689,999999.9999999999,999411.8164498153,495929.51917429536,1000749.9359948479,1000749.9359948479
2025-03-08T12:30:00.000+0000,999386.9935104408,775640.7146857689,999999.9999999999,999408.1112363593,495929.51917429536,1000749.9359948479,1000749.9359948479
2025-03-08T12:40:00.000+0000,999380.8424852008,775640.7146857689,999999.9999999999,999405.0235584793,495929.51917429536,1000749.9359948479,1000749.9359948479
2025-03-08T12:50:00.000+0000,999386.9935104408,775640.7146857689,999999.9999999999,999408.1112363593,495929.51917429536,1000749.9359948479,1000749.9359948479
2025-03-08T13:00:00.000+0000,999393.1445356809,775640.7146857689,999999.9999999999,999411.1989142393,495929.51917429536,1000749.9359948479,1000749.9359948479
2025-03-08T13:10:00.000+0000,999398.0653558729,775640.7146857689,999999.9999999999,999413.6690565434,495929.51917429536,1000749.9359948479,1000749.9359948479
2025-03-08T13:20:00.000+0000,999367.3102296728,775640.7146857689,999999.9999999999,999398.2306671434,495929.51917429536,1000749.9359948479,1000749.9359948479
2025-03-08T13:30:00.000+0000,999320.5624378489,775640.7146857689,999999.9999999999,999374.7643152553,495929.51917429536,1000749.9359948479,1000749.9359948479
2025-03-08T13:40:00.000+0000,999345.1665388088,775640.7146857689,999999.9999999999,999387.1150267753,495929.51917429536,1000749.9359948479,1000749.9359948479
2025-03-08T13:50:00.000+0000,999337.7853085209,775640.7146857689,999999.9999999999,999383.4098133193,495929.51917429536,1000749.9359948479,1000749.9359948479
2025-03-08T14:00:00.000+0000,999277.5052611688,775640.7146857689,999999.9999999999,999353.1505700953,495929.51917429536,1000749.9359948479,1000749.9359948479
2025-03-08T14:10:00.000+0000,999313.1812075608,775640.7146857689,999999.9999999999,999371.0591017993,495929.51917429536,1000749.9359948479,1000749.9359948479
2025-03-08T14:20:00.000+0000,999291.0375166968,775640.7146857689,999999.9999999999,999359.9434614313,495929.51917429536,1000749.9359948479,1000749.9359948479
2025-03-08T14:30:00.000+0000,999259.0521854488,775640.7146857689,999999.9999999999,999343.8875364553,495929.51917429536,1000749.9359948479,1000749.9359948479
2025-03-08T14:40:00.000+0000,999235.6782895369,775640.7146857689,999999.9999999999,999332.1543605113,495929.51917429536,1000749.9359948479,1000749.9359948479
2025-03-08T14:50:00.000+0000,999394.3747407289,775640.7146857689,999999.9999999999,999411.8164498153,495929.51917429536,1000749.9359948479,1000749.9359948479
2025-03-08T15:00:00.000+0000,999462.0360183688,775640.7146857689,999999.9999999999,999445.7809064953,495929.51917429536,1000749.9359948479,1000749.9359948479
2025-03-08T15:10:00.000+0000,999422.6694568328,775640.7146857689,999999.9999999999,999426.0197680633,495929.51917429536,1000749.9359948479,1000749.9359948479
2025-03-08T15:20:00.000+0000,999366.0800246248,775640.7146857689,999999.9999999999,999397.6131315674,495929.51917429536,1000749.9359948479,1000749.9359948479
2025-03-08T15:30:00.000+0000,999318.1020277529,775640.7146857689,999999.9999999999,999373.5292441034,495929.51917429536,1000749.9359948479,1000749.9359948479
2025-03-08T15:40:00.000+0000,999386.9935104408,775640.7146857689,999999.9999999999,999408.1112363593,495929.51917429536,1000749.9359948479,1000749.9359948479
2025-03-08T15:50:00.000+0000,999416.5184315928,775640.7146857689,999999.9999999999,999422.9320901834,495929.51917429536,1000749.9359948479,1000749.9359948479
2025-03-08T16:00:00.000+0000,999432.5110972169,775640.7146857689,999999.9999999999,999430.9600526714,495929.51917429536,1000749.9359948479,1000749.9359948479
2025-03-08T16:10:00.000+0000,999604.7398039368,775640.7146857689,999999.9999999999,999517.4150333114,495929.51917429536,1000749.9359948479,1000749.9359948479
2025-03-08T16:20:00.000+0000,999759.7456399848,775640.7146857689,999999.9999999999,999595.2245158873,495929.51917429536,1000749.9359948479,1000749.9359948479
2025-03-08T16:30:00.000+0000,999737.6019491209,775640.7146857689,999999.9999999999,999584.1088755194,495929.51917429536,1000749.9359948479,1000749.9359948479
2025-03-08T16:40:00.000+0000,999732.6811289289,775640.7146857689,999999.9999999999,999581.6387332153,495929.51917429536,1000749.9359948479,1000749.9359948479
2025-03-08T16:50:00.000+0000,999658.8688260489,775640.7146857689,999999.9999999999,999544.5865986553,495929.51917429536,1000749.9359948479,1000749.9359948479
2025-03-08T17:00:00.000+0000,999744.9831794088,775640.7146857689,999999.9999999999,999587.8140889753,495929.51917429536,1000749.9359948479,1000749.9359948479
2025-03-08T17:10:00.000+0000,999710.5374380648,775640.7146857689,999999.9999999999,999570.5230928473,495929.51917429536,1000749.9359948479,1000749.9359948479
2025-03-08T17:20:00.000+0000,999641.6459553768,775640.7146857689,999999.9999999999,999535.9411005913,495929.51917429536,1000749.9359948479,1000749.9359948479
2025-03-08T17:30:00.000+0000,999522.3160657209,775640.7146857689,999999.9999999999,999476.0401497193,495929.51917429536,1000749.9359948479,1000749.9359948479
2025-03-08T17:40:00.000+0000,999544.4597565848,775640.7146857689,999999.9999999999,999487.1557900873,495929.51917429536,1000749.9359948479,1000749.9359948479
2025-03-08T17:50:00.000+0000,999631.8043149929,775640.7146857689,999999.9999999999,999531.0008159833,495929.51917429536,1000749.9359948479,1000749.9359948479
2025-03-08T18:00:00.000+0000,999601.0491887928,775640.7146857689,999999.9999999999,999515.5624265834,495929.51917429536,1000749.9359948479,1000749.9359948479
2025-03-08T18:10:00.000+0000,999610.8908291769,775640.7146857689,999999.9999999999,999520.5027111913,495929.51917429536,1000749.9359948479,1000749.9359948479
2025-03-08T18:20:00.000+0000,999620.7324695608,775640.7146857689,999999.9999999999,999525.4429957994,495929.51917429536,1000749.9359948479,1000749.9359948479
2025-03-08T18:30:00.000+0000,999598.5887786968,775640.7146857689,999999.9999999999,999514.3273554313,495929.51917429536,1000749.9359948479,1000749.9359948479
2025-03-08T18:40:00.000+0000,999593.6679585049,775640.7146857689,999999.9999999999,999511.8572131273,495929.51917429536,1000749.9359948479,1000749.9359948479
2025-03-08T18:50:00.000+0000,999562.9128323048,775640.7146857689,999999.9999999999,999496.4188237273,495929.51917429536,1000749.9359948479,1000749.9359948479
2025-03-08T19:00:00.000+0000,999593.6679585049,775640.7146857689,999999.9999999999,999511.8572131273,495929.51917429536,1000749.9359948479,1000749.9359948479
2025-03-08T19:10:00.000+0000,999624.4230847049,775640.7146857689,999999.9999999999,999527.2956025273,495929.51917429536,1000749.9359948479,1000749.9359948479
2025-03-08T19:20:00.000+0000,999462.0360183688,775640.7146857689,999999.9999999999,999445.7809064953,495929.51917429536,1000749.9359948479,1000749.9359948479
2025-03-08T19:30:00.000+0000,999431.2808921689,775640.7146857689,999999.9999999999,999430.3425170954,495929.51917429536,1000749.9359948479,1000749.9359948479
2025-03-08T19:40:00.000+0000,999383.3028952968,775640.7146857689,999999.9999999999,999406.2586296314,495929.51917429536,1000749.9359948479,1000749.9359948479
2025-03-08T19:50:00.000+0000,999384.5331003448,775640.7146857689,999999.9999999999,999406.8761652074,495929.51917429536,1000749.9359948479,1000749.9359948479
2025-03-08T20:00:00.000+0000,999431.2808921689,775640.7146857689,999999.9999999999,999430.3425170954,495929.51917429536,1000749.9359948479,1000749.9359948479
2025-03-08T20:10:00.000+0000,999458.3454032248,775640.7146857689,999999.9999999999,999443.9282997673,495929.51917429536,1000749.9359948479,1000749.9359948479
2025-03-08T20:20:00.000+0000,999538.3087313449,775640.7146857689,999999.9999999999,999484.0681122073,495929.51917429536,1000749.9359948479,1000749.9359948479
2025-03-08T20:30:00.000+0000,999508.7838101928,775640.7146857689,999999.9999999999,999469.2472583833,495929.51917429536,1000749.9359948479,1000749.9359948479
2025-03-08T20:40:00.000+0000,999497.7119647609,775640.7146857689,999999.9999999999,999463.6894381993,495929.51917429536,1000749.9359948479,1000749.9359948479
2025-03-08T20:50:00.000+0000,999523.5462707689,775640.7146857689,999999.9999999999,999476.6576852953,495929.51917429536,1000749.9359948479,1000749.9359948479
2025-03-08T21:00:00.000+0000,999502.6327849529,775640.7146857689,999999.9999999999,999466.1595805034,495929.51917429536,1000749.9359948479,1000749.9359948479
2025-03-08T21:10:00.000+0000,999479.2588890409,775640.7146857689,999999.9999999999,999454.4264045593,495929.51917429536,1000749.9359948479,1000749.9359948479
2025-03-08T21:20:00.000+0000,999405.4465861608,775640.7146857689,999999.9999999999,999417.3742699993,495929.51917429536,1000749.9359948479,1000749.9359948479
2025-03-08T21:30:00.000+0000,999405.4465861608,775640.7146857689,999999.9999999999,999417.3742699993,495929.51917429536,1000749.9359948479,1000749.9359948479
2025-03-08T21:40:00.000+0000,999460.8058133209,775640.7146857689,999999.9999999999,999445.1633709193,495929.51917429536,1000749.9359948479,1000749.9359948479
2025-03-08T21:50:00.000+0000,999512.4744253368,775640.7146857689,999999.9999999999,999471.0998651113,495929.51917429536,1000749.9359948479,1000749.9359948479
2025-03-08T22:00:00.000+0000,999524.7764758168,775640.7146857689,999999.9999999999,999477.2752208713,495929.51917429536,1000749.9359948479,1000749.9359948479
2025-03-08T22:10:00.000+0000,999566.6034474488,775640.7146857689,999999.9999999999,999498.2714304554,495929.51917429536,1000749.9359948479,1000749.9359948479
2025-03-08T22:20:00.000+0000,999727.7603087368,775640.7146857689,999999.9999999999,999579.1685909113,495929.51917429536,1000749.9359948479,1000749.9359948479
2025-03-08T22:30:00.000+0000,999636.7251351848,775640.7146857689,999999.9999999999,999533.4709582874,495929.51917429536,1000749.9359948479,1000749.9359948479
2025-03-08T22:40:00.000+0000,999657.6386210008,775640.7146857689,999999.9999999999,999543.9690630793,495929.51917429536,1000749.9359948479,1000749.9359948479
2025-03-08T22:50:00.000+0000,999663.7896462409,775640.7146857689,999999.9999999999,999547.0567409593,495929.51917429536,1000749.9359948479,1000749.9359948479
2025-03-08T23:00:00.000+0000,999669.9406714808,775640.7146857689,999999.9999999999,999550.1444188394,495929.51917429536,1000749.9359948479,1000749.9359948479
2025-03-08T23:10:00.000+0000,999673.6312866248,775640.7146857689,999999.9999999999,999551.9970255673,495929.51917429536,1000749.9359948479,1000749.9359948479
2025-03-08T23:20:00.000+0000,999731.4509238808,775640.7146857689,999999.9999999999,999581.0211976393,495929.51917429536,1000749.9359948479,1000749.9359948479
2025-03-08T23:30:00.000+0000,999741.2925642648,775640.7146857689,999999.9999999999,999585.9614822473,495929.51917429536,1000749.9359948479,1000749.9359948479
2025-03-08T23:40:00.000+0000,999797.8819964728,775640.7146857689,999999.9999999999,999614.3681187433,495929.51917429536,1000749.9359948479,1000749.9359948479
2025-03-08T23:50:00.000+0000,999742.5227693128,775640.7146857689,999999.9999999999,999586.5790178233,495929.51917429536,1000749.9359948479,1000749.9359948479
2025-03-09T00:00:00.000+0000,999737.6019491209,775640.7146857689,999999.9999999999,999584.1088755194,495929.51917429536,1000749.9359948479,1000749.9359948479
2025-03-09T00:10:00.000+0000,999674.8614916728,775640.7146857689,999999.9999999999,999552.6145611433,495929.51917429536,1000749.9359948479,1000749.9359948479
2025-03-09T00:20:00.000+0000,999619.5022645128,775640.7146857689,999999.9999999999,999524.8254602234,495929.51917429536,1000749.9359948479,1000749.9359948479
2025-03-09T00:30:00.000+0000,999573.9846777369,775640.7146857689,999999.9999999999,999501.9766439113,495929.51917429536,1000749.9359948479,1000749.9359948479
2025-03-09T00:40:00.000+0000,999567.8336524968,775640.7146857689,999999.9999999999,999498.8889660314,495929.51917429536,1000749.9359948479,1000749.9359948479
2025-03-09T00:50:00.000+0000,999602.2793938408,775640.7146857689,999999.9999999999,999516.1799621594,495929.51917429536,1000749.9359948479,1000749.9359948479
2025-03-09T01:00:00.000+0000,999526.0066808648,775640.7146857689,999999.9999999999,999477.8927564473,495929.51917429536,1000749.9359948479,1000749.9359948479
2025-03-09T01:10:00.000+0000,999548.1503717288,775640.7146857689,999999.9999999999,999489.0083968153,495929.51917429536,1000749.9359948479,1000749.9359948479
2025-03-09T01:20:00.000+0000,999598.5887786968,775640.7146857689,999999.9999999999,999514.3273554313,495929.51917429536,1000749.9359948479,1000749.9359948479
2025-03-09T01:30:00.000+0000,999662.5594411929,775640.7146857689,999999.9999999999,999546.4392053833,495929.51917429536,1000749.9359948479,1000749.9359948479
2025-03-09T01:40:00.000+0000,999725.2998986408,775640.7146857689,999999.9999999999,999577.9335197593,495929.51917429536,1000749.9359948479,1000749.9359948479
2025-03-09T01:50:00.000+0000,999791.7309712329,775640.7146857689,999999.9999999999,999611.2804408633,495929.51917429536,1000749.9359948479,1000749.9359948479
2025-03-09T02:00:00.000+0000,999805.2632267608,775640.7146857689,999999.9999999999,999618.0733321994,495929.51917429536,1000749.9359948479,1000749.9359948479
2025-03-09T02:10:00.000+0000,999827.4069176249,775640.7146857689,999999.9999999999,999629.1889725673,495929.51917429536,1000749.9359948479,1000749.9359948479
2025-03-09T02:20:00.000+0000,999848.3204034409,775640.7146857689,999999.9999999999,999639.6870773593,495929.51917429536,1000749.9359948479,1000749.9359948479
2025-03-09T02:30:00.000+0000,999845.8599933449,775640.7146857689,999999.9999999999,999638.4520062073,495929.51917429536,1000749.9359948479,1000749.9359948479
2025-03-09T02:40:00.000+0000,999951.6576274729,775640.7146857689,999999.9999999999,999691.5600657433,495929.51917429536,1000749.9359948479,1000749.9359948479
2025-03-09T02:50:00.000+0000,1000032.8511606408,775640.7146857689,999999.9999999999,999732.3174137593,495929.51917429536,1000749.9359948479,1000749.9359948479
2025-03-09T03:00:00.000+0000,1000031.6209555928,775640.7146857689,999999.9999999999,999731.6998781833,495929.51917429536,1000749.9359948479,1000749.9359948479
2025-03-09T03:10:00.000+0000,999967.6502930969,775640.7146857689,999999.9999999999,999699.5880282313,495929.51917429536,1000749.9359948479,1000749.9359948479
2025-03-09T03:20:00.000+0000,999975.0315233849,775640.7146857689,999999.9999999999,999703.2932416874,495929.51917429536,1000749.9359948479,1000749.9359948479
2025-03-09T03:30:00.000+0000,999870.4640943048,775640.7146857689,999999.9999999999,999650.8027177274,495929.51917429536,1000749.9359948479,1000749.9359948479
2025-03-09T03:40:00.000+0000,999893.8379902169,775640.7146857689,999999.9999999999,999662.5358936713,495929.51917429536,1000749.9359948479,1000749.9359948479
2025-03-09T03:50:00.000+0000,999877.8453245929,775640.7146857689,999999.9999999999,999654.5079311833,495929.51917429536,1000749.9359948479,1000749.9359948479
2025-03-09T04:00:00.000+0000,999970.1107031929,775640.7146857689,999999.9999999999,999700.8230993834,495929.51917429536,1000749.9359948479,1000749.9359948479
2025-03-09T04:10:00.000+0000,999977.4919334808,775640.7146857689,999999.9999999999,999704.5283128393,495929.51917429536,1000749.9359948479,1000749.9359948479
2025-03-09T04:20:00.000+0000,999970.1107031929,775640.7146857689,999999.9999999999,999700.8230993834,495929.51917429536,1000749.9359948479,1000749.9359948479
2025-03-09T04:30:00.000+0000,999947.9670123288,775640.7146857689,999999.9999999999,999689.7074590153,495929.51917429536,1000749.9359948479,1000749.9359948479
2025-03-09T04:40:00.000+0000,999960.2690628088,775640.7146857689,999999.9999999999,999695.8828147753,495929.51917429536,1000749.9359948479,1000749.9359948479
2025-03-09T04:50:00.000+0000,999927.0535265128,775640.7146857689,999999.9999999999,999679.2093542233,495929.51917429536,1000749.9359948479,1000749.9359948479
2025-03-09T05:00:00.000+0000,999934.4347568009,775640.7146857689,999999.9999999999,999682.9145676793,495929.51917429536,1000749.9359948479,1000749.9359948479
2025-03-09T05:10:00.000+0000,999946.7368072809,775640.7146857689,999999.9999999999,999689.0899234393,495929.51917429536,1000749.9359948479,1000749.9359948479
2025-03-09T05:20:00.000+0000,999863.0828640169,775640.7146857689,999999.9999999999,999647.0975042713,495929.51917429536,1000749.9359948479,1000749.9359948479
2025-03-09T05:30:00.000+0000,999871.6942993528,775640.7146857689,999999.9999999999,999651.4202533034,495929.51917429536,1000749.9359948479,1000749.9359948479
2025-03-09T05:40:00.000+0000,999931.9743467048,775640.7146857689,999999.9999999999,999681.6794965273,495929.51917429536,1000749.9359948479,1000749.9359948479
2025-03-09T05:50:00.000+0000,999982.4127536728,775640.7146857689,999999.9999999999,999706.9984551433,495929.51917429536,1000749.9359948479,1000749.9359948479
2025-03-09T06:00:00.000+0000,1000013.1678798728,775640.7146857689,999999.9999999999,999722.4368445433,495929.51917429536,1000749.9359948479,1000749.9359948479
2025-03-09T06:10:00.000+0000,1000099.2822332329,775640.7146857689,999999.9999999999,999765.6643348633,495929.51917429536,1000749.9359948479,1000749.9359948479
2025-03-09T06:20:00.000+0000,1000046.3834161689,775640.7146857689,999999.9999999999,999739.1103050953,495929.51917429536,1000749.9359948479,1000749.9359948479
2025-03-09T06:30:00.000+0000,1000010.7074697769,775640.7146857689,999999.9999999999,999721.2017733913,495929.51917429536,1000749.9359948479,1000749.9359948479
2025-03-09T06:40:00.000+0000,999973.8013183369,775640.7146857689,999999.9999999999,999702.6757061114,495929.51917429536,1000749.9359948479,1000749.9359948479
2025-03-09T06:50:00.000+0000,999970.1107031929,775640.7146857689,999999.9999999999,999700.8230993834,495929.51917429536,1000749.9359948479,1000749.9359948479
2025-03-09T07:00:00.000+0000,999934.4347568009,775640.7146857689,999999.9999999999,999682.9145676793,495929.51917429536,1000749.9359948479,1000749.9359948479
2025-03-09T07:10:00.000+0000,999896.2984003129,775640.7146857689,999999.9999999999,999663.7709648233,495929.51917429536,1000749.9359948479,1000749.9359948479
2025-03-09T07:20:00.000+0000,999858.1620438248,775640.7146857689,999999.9999999999,999644.6273619673,495929.51917429536,1000749.9359948479,1000749.9359948479
2025-03-09T07:30:00.000+0000,999807.7236368569,775640.7146857689,999999.9999999999,999619.3084033513,495929.51917429536,1000749.9359948479,1000749.9359948479
2025-03-09T07:40:00.000+0000,999836.0183529608,775640.7146857689,999999.9999999999,999633.5117215994,495929.51917429536,1000749.9359948479,1000749.9359948479
2025-03-09T07:50:00.000+0000,999869.2338892568,775640.7146857689,999999.9999999999,999650.1851821513,495929.51917429536,1000749.9359948479,1000749.9359948479
2025-03-09T08:00:00.000+0000,999886.4567599288,775640.7146857689,999999.9999999999,999658.8306802153,495929.51917429536,1000749.9359948479,1000749.9359948479
2025-03-09T08:10:00.000+0000,999931.9743467048,775640.7146857689,999999.9999999999,999681.6794965273,495929.51917429536,1000749.9359948479,1000749.9359948479
2025-03-09T08:20:00.000+0000,999883.9963498329,775640.7146857689,999999.9999999999,999657.5956090633,495929.51917429536,1000749.9359948479,1000749.9359948479
2025-03-09T08:30:00.000+0000,999922.1327063208,775640.7146857689,999999.9999999999,999676.7392119194,495929.51917429536,1000749.9359948479,1000749.9359948479
2025-03-09T08:40:00.000+0000,1000011.9376748248,775640.7146857689,999999.9999999999,999721.8193089673,495929.51917429536,1000749.9359948479,1000749.9359948479
2025-03-09T08:50:00.000+0000,999995.9450092008,775640.7146857689,999999.9999999999,999713.7913464793,495929.51917429536,1000749.9359948479,1000749.9359948479
2025-03-09T09:00:00.000+0000,1000059.9156716969,775640.7146857689,999999.9999999999,999745.9031964313,495929.51917429536,1000749.9359948479,1000749.9359948479
2025-03-09T09:10:00.000+0000,1000056.2250565528,775640.7146857689,999999.9999999999,999744.0505897034,495929.51917429536,1000749.9359948479,1000749.9359948479
2025-03-09T09:20:00.000+0000,1000070.9875171288,775640.7146857689,999999.9999999999,999751.4610166153,495929.51917429536,1000749.9359948479,1000749.9359948479
2025-03-09T09:30:00.000+0000,1000061.1458767449,775640.7146857689,999999.9999999999,999746.5207320073,495929.51917429536,1000749.9359948479,1000749.9359948479
2025-03-09T09:40:00.000+0000,1000121.4259240968,775640.7146857689,999999.9999999999,999776.7799752313,495929.51917429536,1000749.9359948479,1000749.9359948479
2025-03-09T09:50:00.000+0000,1000227.2235582249,775640.7146857689,999999.9999999999,999829.8880347674,495929.51917429536,1000749.9359948479,1000749.9359948479
2025-03-09T10:00:00.000+0000,1000255.5182743289,775640.7146857689,999999.9999999999,999844.0913530153,495929.51917429536,1000749.9359948479,1000749.9359948479
2025-03-09T10:10:00.000+0000,1000304.7264762488,775640.7146857689,999999.9999999999,999868.7927760553,495929.51917429536,1000749.9359948479,1000749.9359948479
2025-03-09T10:20:00.000+0000,1000403.1428800889,775640.7146857689,999999.9999999999,999918.1956221353,495929.51917429536,1000749.9359948479,1000749.9359948479
2025-03-09T10:30:00.000+0000,1000464.6531324888,775640.7146857689,999999.9999999999,999949.0724009353,495929.51917429536,1000749.9359948479,1000749.9359948479
2025-03-09T10:40:00.000+0000,1000511.4009243129,775640.7146857689,999999.9999999999,999972.5387528234,495929.51917429536,1000749.9359948479,1000749.9359948479
2025-03-09T10:50:00.000+0000,1000655.3349149289,775640.7146857689,999999.9999999999,1000044.7904152153,495929.51917429536,1000749.9359948479,1000749.9359948479
2025-03-09T11:00:00.000+0000,1000603.6663029129,775640.7146857689,999999.9999999999,1000018.8539210233,495929.51917429536,1000749.9359948479,1000749.9359948479
2025-03-09T11:10:00.000+0000,1000563.0695363288,775640.7146857689,999999.9999999999,999998.4752470154,495929.51917429536,1000749.9359948479,1000749.9359948479
2025-03-09T11:20:00.000+0000,1000567.9903565209,775640.7146857689,999999.9999999999,1000000.9453893193,495929.51917429536,1000749.9359948479,1000749.9359948479
2025-03-09T11:30:00.000+0000,1000544.6164606088,775640.7146857689,999999.9999999999,999989.2122133754,495929.51917429536,1000749.9359948479,1000749.9359948479
2025-03-09T11:40:00.000+0000,1000619.6589685369,775640.7146857689,999999.9999999999,1000026.8818835113,495929.51917429536,1000749.9359948479,1000749.9359948479
2025-03-09T11:50:00.000+0000,1000604.8965079609,775640.7146857689,999999.9999999999,1000019.4714565993,495929.51917429536,1000749.9359948479,1000749.9359948479
2025-03-09T12:00:00.000+0000,1000636.8818392089,775640.7146857689,999999.9999999999,1000035.5273815753,495929.51917429536,1000749.9359948479,1000749.9359948479
2025-03-09T12:10:00.000+0000,1000671.3275805528,775640.7146857689,999999.9999999999,1000052.8183777033,495929.51917429536,1000749.9359948479,1000749.9359948479
2025-03-09T12:20:00.000+0000,1000671.3275805528,775640.7146857689,999999.9999999999,1000052.8183777033,495929.51917429536,1000749.9359948479,1000749.9359948479
2025-03-09T12:30:00.000+0000,1000711.9243471369,775640.7146857689,999999.9999999999,1000073.1970517114,495929.51917429536,1000749.9359948479,1000749.9359948479
2025-03-09T12:40:00.000+0000,1000673.7879906489,775640.7146857689,999999.9999999999,1000054.0534488553,495929.51917429536,1000749.9359948479,1000749.9359948479
2025-03-09T12:50:00.000+0000,1000738.9888581928,775640.7146857689,999999.9999999999,1000086.7828343833,495929.51917429536,1000749.9359948479,1000749.9359948479
2025-03-09T13:00:00.000+0000,1000675.0181956969,775640.7146857689,999999.9999999999,1000054.6709844313,495929.51917429536,1000749.9359948479,1000749.9359948479
2025-03-09T13:10:00.000+0000,1000719.3055774248,775640.7146857689,999999.9999999999,1000076.9022651673,495929.51917429536,1000749.9359948479,1000749.9359948479
2025-03-09T13:20:00.000+0000,1000720.5357824728,775640.7146857689,999999.9999999999,1000077.5198007433,495929.51917429536,1000749.9359948479,1000749.9359948479
2025-03-09T13:30:00.000+0000,1000759.9023440089,775640.7146857689,999999.9999999999,1000097.2809391753,495929.51917429536,1000749.9359948479,1000749.9359948479
2025-03-09T13:40:00.000+0000,1000865.6999781368,775640.7146857689,999999.9999999999,1000150.3889987114,495929.51917429536,1000749.9359948479,1000749.9359948479
2025-03-09T13:50:00.000+0000,1001034.2380697129,775640.7146857689,999999.9999999999,1000234.9913726234,495929.51917429536,1000749.9359948479,1000749.9359948479
2025-03-09T14:00:00.000+0000,1001148.6471391768,775640.7146857689,999999.9999999999,1000292.4221811913,495929.51917429536,1000749.9359948479,1000749.9359948479
2025-03-09T14:10:00.000+0000,1001045.3099151448,775640.7146857689,999999.9999999999,1000240.5491928073,495929.51917429536,1000749.9359948479,1000749.9359948479
2025-03-09T14:20:00.000+0000,1001073.6046312489,775640.7146857689,999999.9999999999,1000254.7525110553,495929.51917429536,1000749.9359948479,1000749.9359948479
2025-03-09T14:30:00.000+0000,1001051.4609403849,775640.7146857689,999999.9999999999,1000243.6368706874,495929.51917429536,1000749.9359948479,1000749.9359948479
2025-03-09T14:40:00.000+0000,1001098.2087322088,775640.7146857689,999999.9999999999,1000267.1032225753,495929.51917429536,1000749.9359948479,1000749.9359948479
2025-03-09T14:50:00.000+0000,1001144.9565240329,775640.7146857689,999999.9999999999,1000290.5695744633,495929.51917429536,1000749.9359948479,1000749.9359948479
2025-03-09T15:00:00.000+0000,1001162.1793947049,775640.7146857689,999999.9999999999,1000299.2150725273,495929.51917429536,1000749.9359948479,1000749.9359948479
2025-03-09T15:10:00.000+0000,1001154.7981644168,775640.7146857689,999999.9999999999,1000295.5098590713,495929.51917429536,1000749.9359948479,1000749.9359948479
2025-03-09T15:20:00.000+0000,1001288.8905146489,775640.7146857689,999999.9999999999,1000362.8212368554,495929.51917429536,1000749.9359948479,1000749.9359948479
2025-03-09T15:30:00.000+0000,1001248.2937480649,775640.7146857689,999999.9999999999,1000342.4425628473,495929.51917429536,1000749.9359948479,1000749.9359948479
2025-03-09T15:40:00.000+0000,1001394.6881487769,775640.7146857689,999999.9999999999,1000415.9292963913,495929.51917429536,1000749.9359948479,1000749.9359948479
2025-03-09T15:50:00.000+0000,1001600.1323917928,775640.7146857689,999999.9999999999,1000519.0577375833,495929.51917429536,1000749.9359948479,1000749.9359948479
2025-03-09T16:00:00.000+0000,1001607.5136220809,775640.7146857689,999999.9999999999,1000522.7629510394,495929.51917429536,1000749.9359948479,1000749.9359948479
2025-03-09T16:10:00.000+0000,1001554.6148050169,775640.7146857689,999999.9999999999,1000496.2089212714,495929.51917429536,1000749.9359948479,1000749.9359948479
2025-03-09T16:20:00.000+0000,1001766.2100732728,775640.7146857689,999999.9999999999,1000602.4250403433,495929.51917429536,1000749.9359948479,1000749.9359948479
2025-03-09T16:30:00.000+0000,1001987.6469819129,775640.7146857689,999999.9999999999,1000713.5814440233,495929.51917429536,1000749.9359948479,1000749.9359948479
2025-03-09T16:40:00.000+0000,1002035.6249787848,775640.7146857689,999999.9999999999,1000737.6653314873,495929.51917429536,1000749.9359948479,1000749.9359948479
2025-03-09T16:50:00.000+0000,1002249.6806571368,775640.7146857689,999999.9999999999,1000845.1165217113,495929.51917429536,1000749.9359948479,1000749.9359948479
2025-03-09T17:00:00.000+0000,1002322.2627549688,775640.7146857689,999999.9999999999,1000881.5511206953,495929.51917429536,1000749.9359948479,1000749.9359948479
2025-03-09T17:10:00.000+0000,1002185.7099946409,775640.7146857689,999999.9999999999,1000813.0046717593,495929.51917429536,1000749.9359948479,1000749.9359948479
2025-03-09T17:20:00.000+0000,1002429.2905941448,775640.7146857689,999999.9999999999,1000935.2767158074,495929.51917429536,1000749.9359948479,1000749.9359948479
2025-03-09T17:30:00.000+0000,1002319.8023448728,775640.7146857689,999999.9999999999,1000880.3160495433,495929.51917429536,1000749.9359948479,1000749.9359948479
2025-03-09T17:40:00.000+0000,1002442.8228496729,775640.7146857689,999999.9999999999,1000942.0696071433,495929.51917429536,1000749.9359948479,1000749.9359948479
2025-03-09T17:50:00.000+0000,1002557.2319191368,775640.7146857689,999999.9999999999,1000999.5004157113,495929.51917429536,1000749.9359948479,1000749.9359948479
2025-03-09T18:00:00.000+0000,1002624.8931967769,775640.7146857689,999999.9999999999,1001033.4648723913,495929.51917429536,1000749.9359948479,1000749.9359948479
2025-03-09T18:10:00.000+0000,1002619.9723765849,775640.7146857689,999999.9999999999,1001030.9947300873,495929.51917429536,1000749.9359948479,1000749.9359948479
2025-03-09T18:20:00.000+0000,1002499.4122818809,775640.7146857689,999999.9999999999,1000970.4762436394,495929.51917429536,1000749.9359948479,1000749.9359948479
2025-03-09T18:30:00.000+0000,1002373.9313669848,775640.7146857689,999999.9999999999,1000907.4876148873,495929.51917429536,1000749.9359948479,1000749.9359948479
2025-03-09T18:40:00.000+0000,1002656.8785280249,775640.7146857689,999999.9999999999,1001049.5207973673,495929.51917429536,1000749.9359948479,1000749.9359948479
2025-03-09T18:50:00.000+0000,1002568.3037645689,775640.7146857689,999999.9999999999,1001005.0582358954,495929.51917429536,1000749.9359948479,1000749.9359948479
2025-03-09T19:00:00.000+0000,1002533.8580232249,775640.7146857689,999999.9999999999,1000987.7672397674,495929.51917429536,1000749.9359948479,1000749.9359948479
2025-03-09T19:10:00.000+0000,1002474.8081809208,775640.7146857689,999999.9999999999,1000958.1255321193,495929.51917429536,1000749.9359948479,1000749.9359948479
2025-03-09T19:20:00.000+0000,1002483.4196162568,775640.7146857689,999999.9999999999,1000962.4482811514,495929.51917429536,1000749.9359948479,1000749.9359948479
2025-03-09T19:30:00.000+0000,1002295.1982439128,775640.7146857689,999999.9999999999,1000867.9653380234,495929.51917429536,1000749.9359948479,1000749.9359948479
2025-03-09T19:40:00.000+0000,1002227.5369662729,775640.7146857689,999999.9999999999,1000834.0008813434,495929.51917429536,1000749.9359948479,1000749.9359948479
2025-03-09T19:50:00.000+0000,1002245.9900419929,775640.7146857689,999999.9999999999,1000843.2639149834,495929.51917429536,1000749.9359948479,1000749.9359948479
2025-03-09T20:00:00.000+0000,1002290.2774237208,775640.7146857689,999999.9999999999,1000865.4951957193,495929.51917429536,1000749.9359948479,1000749.9359948479
2025-03-09T20:10:00.000+0000,1002195.5516350248,775640.7146857689,999999.9999999999,1000817.9449563674,495929.51917429536,1000749.9359948479,1000749.9359948479
2025-03-09T20:20:00.000+0000,1002269.3639379048,775640.7146857689,999999.9999999999,1000854.9970909273,495929.51917429536,1000749.9359948479,1000749.9359948479
2025-03-09T20:30:00.000+0000,1002220.1557359849,775640.7146857689,999999.9999999999,1000830.2956678873,495929.51917429536,1000749.9359948479,1000749.9359948479
2025-03-09T20:40:00.000+0000,1002207.8536855049,775640.7146857689,999999.9999999999,1000824.1203121273,495929.51917429536,1000749.9359948479,1000749.9359948479
2025-03-09T20:50:00.000+0000,1002266.9035278088,775640.7146857689,999999.9999999999,1000853.7620197753,495929.51917429536,1000749.9359948479,1000749.9359948479
2025-03-09T21:00:00.000+0000,1002314.8815246809,775640.7146857689,999999.9999999999,1000877.8459072394,495929.51917429536,1000749.9359948479,1000749.9359948479
2025-03-09T21:10:00.000+0000,1002462.5061304409,775640.7146857689,999999.9999999999,1000951.9501763593,495929.51917429536,1000749.9359948479,1000749.9359948479
2025-03-09T21:20:00.000+0000,1002552.3110989449,775640.7146857689,999999.9999999999,1000997.0302734073,495929.51917429536,1000749.9359948479,1000749.9359948479
2025-03-09T21:30:00.000+0000,1002568.3037645689,775640.7146857689,999999.9999999999,1001005.0582358954,495929.51917429536,1000749.9359948479,1000749.9359948479
2025-03-09T21:40:00.000+0000,1002543.6996636088,775640.7146857689,999999.9999999999,1000992.7075243753,495929.51917429536,1000749.9359948479,1000749.9359948479
2025-03-09T21:50:00.000+0000,1002628.5838119208,775640.7146857689,999999.9999999999,1001035.3174791193,495929.51917429536,1000749.9359948479,1000749.9359948479
2025-03-09T22:00:00.000+0000,1002651.9577078328,775640.7146857689,999999.9999999999,1001047.0506550634,495929.51917429536,1000749.9359948479,1000749.9359948479
2025-03-09T22:10:00.000+0000,1002708.5471400409,775640.7146857689,999999.9999999999,1001075.4572915593,495929.51917429536,1000749.9359948479,1000749.9359948479
2025-03-09T22:20:00.000+0000,1002685.1732441288,775640.7146857689,999999.9999999999,1001063.7241156154,495929.51917429536,1000749.9359948479,1000749.9359948479
2025-03-09T22:30:00.000+0000,1002714.6981652809,775640.7146857689,999999.9999999999,1001078.5449694393,495929.51917429536,1000749.9359948479,1000749.9359948479
2025-03-09T22:40:00.000+0000,1002667.9503734568,775640.7146857689,999999.9999999999,1001055.0786175514,495929.51917429536,1000749.9359948479,1000749.9359948479
2025-03-09T22:50:00.000+0000,1002789.7406732088,775640.7146857689,999999.9999999999,1001116.2146395753,495929.51917429536,1000749.9359948479,1000749.9359948479
2025-03-09T23:00:00.000+0000,1002815.5749792168,775640.7146857689,999999.9999999999,1001129.1828866713,495929.51917429536,1000749.9359948479,1000749.9359948479
2025-03-09T23:10:00.000+0000,1002650.7275027848,775640.7146857689,999999.9999999999,1001046.4331194874,495929.51917429536,1000749.9359948479,1000749.9359948479
2025-03-09T23:20:00.000+0000,1002691.3242693688,775640.7146857689,999999.9999999999,1001066.8117934953,495929.51917429536,1000749.9359948479,1000749.9359948479
2025-03-09T23:30:00.000+0000,1002727.0002157609,775640.7146857689,999999.9999999999,1001084.7203251993,495929.51917429536,1000749.9359948479,1000749.9359948479
2025-03-09T23:40:00.000+0000,1002784.8198530169,775640.7146857689,999999.9999999999,1001113.7444972714,495929.51917429536,1000749.9359948479,1000749.9359948479
2025-03-09T23:50:00.000+0000,1002744.2230864328,775640.7146857689,999999.9999999999,1001093.3658232633,495929.51917429536,1000749.9359948479,1000749.9359948479
2025-03-10T00:00:00.000+0000,1002601.5193008648,775640.7146857689,999999.9999999999,1001021.7316964474,495929.51917429536,1000749.9359948479,1000749.9359948479
2025-03-10T00:10:00.000+0000,1002677.7920138409,775640.7146857689,999999.9999999999,1001060.0189021593,495929.51917429536,1000749.9359948479,1000749.9359948479
2025-03-10T00:20:00.000+0000,1002730.6908309049,775640.7146857689,999999.9999999999,1001086.5729319273,495929.51917429536,1000749.9359948479,1000749.9359948479
2025-03-10T00:30:00.000+0000,1002869.7040013289,775640.7146857689,999999.9999999999,1001156.3544520154,495929.51917429536,1000749.9359948479,1000749.9359948479
2025-03-10T00:40:00.000+0000,1002517.8653576009,775640.7146857689,999999.9999999999,1000979.7392772794,495929.51917429536,1000749.9359948479,1000749.9359948479
2025-03-10T00:50:00.000+0000,1002389.9240326089,775640.7146857689,999999.9999999999,1000915.5155773753,495929.51917429536,1000749.9359948479,1000749.9359948479
2025-03-10T01:00:00.000+0000,1002250.9108621848,775640.7146857689,999999.9999999999,1000845.7340572873,495929.51917429536,1000749.9359948479,1000749.9359948479
2025-03-10T01:10:00.000+0000,1002381.3125972728,775640.7146857689,999999.9999999999,1000911.1928283434,495929.51917429536,1000749.9359948479,1000749.9359948479
2025-03-10T01:20:00.000+0000,1002446.5134648168,775640.7146857689,999999.9999999999,1000943.9222138713,495929.51917429536,1000749.9359948479,1000749.9359948479
2025-03-10T01:30:00.000+0000,1002332.1043953529,775640.7146857689,999999.9999999999,1000886.4914053034,495929.51917429536,1000749.9359948479,1000749.9359948479
2025-03-10T01:40:00.000+0000,1002317.3419347769,775640.7146857689,999999.9999999999,1000879.0809783913,495929.51917429536,1000749.9359948479,1000749.9359948479
2025-03-10T01:50:00.000+0000,1002264.4431177129,775640.7146857689,999999.9999999999,1000852.5269486234,495929.51917429536,1000749.9359948479,1000749.9359948479
2025-03-10T02:00:00.000+0000,1002287.8170136248,775640.7146857689,999999.9999999999,1000864.2601245673,495929.51917429536,1000749.9359948479,1000749.9359948479
2025-03-10T02:10:00.000+0000,1002063.9196948889,775640.7146857689,999999.9999999999,1000751.8686497353,495929.51917429536,1000749.9359948479,1000749.9359948479
2025-03-10T02:20:00.000+0000,1002111.8976917609,775640.7146857689,999999.9999999999,1000775.9525371994,495929.51917429536,1000749.9359948479,1000749.9359948479
2025-03-10T02:30:00.000+0000,1002060.2290797448,775640.7146857689,999999.9999999999,1000750.0160430074,495929.51917429536,1000749.9359948479,1000749.9359948479
2025-03-10T02:40:00.000+0000,1002090.9842059448,775640.7146857689,999999.9999999999,1000765.4544324073,495929.51917429536,1000749.9359948479,1000749.9359948479
2025-03-10T02:50:00.000+0000,1002182.0193794968,775640.7146857689,999999.9999999999,1000811.1520650313,495929.51917429536,1000749.9359948479,1000749.9359948479
2025-03-10T03:00:00.000+0000,1002201.7026602649,775640.7146857689,999999.9999999999,1000821.0326342473,495929.51917429536,1000749.9359948479,1000749.9359948479
2025-03-10T03:10:00.000+0000,1002335.7950104969,775640.7146857689,999999.9999999999,1000888.3440120313,495929.51917429536,1000749.9359948479,1000749.9359948479
2025-03-10T03:20:00.000+0000,1002370.2407518409,775640.7146857689,999999.9999999999,1000905.6350081593,495929.51917429536,1000749.9359948479,1000749.9359948479
2025-03-10T03:30:00.000+0000,1002243.5296318969,775640.7146857689,999999.9999999999,1000842.0288438313,495929.51917429536,1000749.9359948479,1000749.9359948479
2025-03-10T03:40:00.000+0000,1002158.6454835848,775640.7146857689,999999.9999999999,1000799.4188890873,495929.51917429536,1000749.9359948479,1000749.9359948479
2025-03-10T03:50:00.000+0000,1002196.7818400728,775640.7146857689,999999.9999999999,1000818.5624919434,495929.51917429536,1000749.9359948479,1000749.9359948479
2025-03-10T04:00:00.000+0000,1002078.6821554648,775640.7146857689,999999.9999999999,1000759.2790766474,495929.51917429536,1000749.9359948479,1000749.9359948479
2025-03-10T04:10:00.000+0000,1001983.9563667688,775640.7146857689,999999.9999999999,1000711.7288372953,495929.51917429536,1000749.9359948479,1000749.9359948479
2025-03-10T04:20:00.000+0000,1001987.6469819129,775640.7146857689,999999.9999999999,1000713.5814440233,495929.51917429536,1000749.9359948479,1000749.9359948479
2025-03-10T04:30:00.000+0000,1002065.1498999369,775640.7146857689,999999.9999999999,1000752.4861853113,495929.51917429536,1000749.9359948479,1000749.9359948479
2025-03-10T04:40:00.000+0000,1001998.7188273448,775640.7146857689,999999.9999999999,1000719.1392642073,495929.51917429536,1000749.9359948479,1000749.9359948479
2025-03-10T04:50:00.000+0000,1001947.0502153288,775640.7146857689,999999.9999999999,1000693.2027700153,495929.51917429536,1000749.9359948479,1000749.9359948479
2025-03-10T05:00:00.000+0000,1001917.5252941769,775640.7146857689,999999.9999999999,1000678.3819161913,495929.51917429536,1000749.9359948479,1000749.9359948479
2025-03-10T05:10:00.000+0000,1001972.8845213369,775640.7146857689,999999.9999999999,1000706.1710171113,495929.51917429536,1000749.9359948479,1000749.9359948479
2025-03-10T05:20:00.000+0000,1001945.8200102808,775640.7146857689,999999.9999999999,1000692.5852344393,495929.51917429536,1000749.9359948479,1000749.9359948479
2025-03-10T05:30:00.000+0000,1002001.1792374408,775640.7146857689,999999.9999999999,1000720.3743353593,495929.51917429536,1000749.9359948479,1000749.9359948479
2025-03-10T05:40:00.000+0000,1002051.6176444088,775640.7146857689,999999.9999999999,1000745.6932939753,495929.51917429536,1000749.9359948479,1000749.9359948479
2025-03-10T05:50:00.000+0000,1002029.4739535449,775640.7146857689,999999.9999999999,1000734.5776536074,495929.51917429536,1000749.9359948479,1000749.9359948479
2025-03-10T06:00:00.000+0000,1002043.0062090729,775640.7146857689,999999.9999999999,1000741.3705449434,495929.51917429536,1000749.9359948479,1000749.9359948479
2025-03-10T06:10:00.000+0000,1002077.4519504169,775640.7146857689,999999.9999999999,1000758.6615410714,495929.51917429536,1000749.9359948479,1000749.9359948479
2025-03-10T06:20:00.000+0000,1002166.0267138728,775640.7146857689,999999.9999999999,1000803.1241025433,495929.51917429536,1000749.9359948479,1000749.9359948479
2025-03-10T06:30:00.000+0000,1002178.3287643528,775640.7146857689,999999.9999999999,1000809.2994583034,495929.51917429536,1000749.9359948479,1000749.9359948479
2025-03-10T06:40:00.000+0000,1002174.6381492089,775640.7146857689,999999.9999999999,1000807.4468515753,495929.51917429536,1000749.9359948479,1000749.9359948479
2025-03-10T06:50:00.000+0000,1002136.5017927209,775640.7146857689,999999.9999999999,1000788.3032487193,495929.51917429536,1000749.9359948479,1000749.9359948479
2025-03-10T07:00:00.000+0000,1001929.8273446568,775640.7146857689,999999.9999999999,1000684.5572719513,495929.51917429536,1000749.9359948479,1000749.9359948479
2025-03-10T07:10:00.000+0000,1002034.3947737368,775640.7146857689,999999.9999999999,1000737.0477959113,495929.51917429536,1000749.9359948479,1000749.9359948479
2025-03-10T07:20:00.000+0000,1002111.8976917609,775640.7146857689,999999.9999999999,1000775.9525371994,495929.51917429536,1000749.9359948479,1000749.9359948479
2025-03-10T07:30:00.000+0000,1002086.0633857528,775640.7146857689,999999.9999999999,1000762.9842901033,495929.51917429536,1000749.9359948479,1000749.9359948479
2025-03-10T07:40:00.000+0000,1002087.2935908008,775640.7146857689,999999.9999999999,1000763.6018256793,495929.51917429536,1000749.9359948479,1000749.9359948479
2025-03-10T07:50:00.000+0000,1002034.3947737368,775640.7146857689,999999.9999999999,1000737.0477959113,495929.51917429536,1000749.9359948479,1000749.9359948479
2025-03-10T08:00:00.000+0000,1002061.4592847929,775640.7146857689,999999.9999999999,1000750.6335785834,495929.51917429536,1000749.9359948479,1000749.9359948479
2025-03-10T08:10:00.000+0000,1002062.6894898409,775640.7146857689,999999.9999999999,1000751.2511141594,495929.51917429536,1000749.9359948479,1000749.9359948479
2025-03-10T08:20:00.000+0000,1002130.3507674809,775640.7146857689,999999.9999999999,1000785.2155708394,495929.51917429536,1000749.9359948479,1000749.9359948479
2025-03-10T08:30:00.000+0000,1002210.3140956009,775640.7146857689,999999.9999999999,1000825.3553832793,495929.51917429536,1000749.9359948479,1000749.9359948479
2025-03-10T08:40:00.000+0000,1002312.4211145849,775640.7146857689,999999.9999999999,1000876.6108360873,495929.51917429536,1000749.9359948479,1000749.9359948479
2025-03-10T08:50:00.000+0000,1002290.2774237208,775640.7146857689,999999.9999999999,1000865.4951957193,495929.51917429536,1000749.9359948479,1000749.9359948479
2025-03-10T09:00:00.000+0000,1002275.5149631449,775640.7146857689,999999.9999999999,1000858.0847688073,495929.51917429536,1000749.9359948479,1000749.9359948479
2025-03-10T09:10:00.000+0000,1001523.8596788169,775640.7146857689,999999.9999999999,1000480.7705318714,495929.51917429536,1000749.9359948479,1000749.9359948479
2025-03-10T09:20:00.000+0000,1001311.0342055128,775640.7146857689,999999.9999999999,1000373.9368772233,495929.51917429536,1000749.9359948479,1000749.9359948479
2025-03-10T09:30:00.000+0000,1001533.7013192009,775640.7146857689,999999.9999999999,1000485.7108164793,495929.51917429536,1000749.9359948479,1000749.9359948479
2025-03-10T09:40:00.000+0000,1001661.6426441928,775640.7146857689,999999.9999999999,1000549.9345163833,495929.51917429536,1000749.9359948479,1000749.9359948479
2025-03-10T09:50:00.000+0000,1001821.5693004328,775640.7146857689,999999.9999999999,1000630.2141412633,495929.51917429536,1000749.9359948479,1000749.9359948479
2025-03-10T10:00:00.000+0000,1001863.3962720649,775640.7146857689,999999.9999999999,1000651.2103508473,495929.51917429536,1000749.9359948479,1000749.9359948479
2025-03-10T10:10:00.000+0000,1001933.5179598008,775640.7146857689,999999.9999999999,1000686.4098786793,495929.51917429536,1000749.9359948479,1000749.9359948479
2025-03-10T10:20:00.000+0000,1002056.5384646008,775640.7146857689,999999.9999999999,1000748.1634362793,495929.51917429536,1000749.9359948479,1000749.9359948479
2025-03-10T10:30:00.000+0000,1002078.6821554648,775640.7146857689,999999.9999999999,1000759.2790766474,495929.51917429536,1000749.9359948479,1000749.9359948479
2025-03-10T10:40:00.000+0000,1002077.4519504169,775640.7146857689,999999.9999999999,1000758.6615410714,495929.51917429536,1000749.9359948479,1000749.9359948479
2025-03-10T10:50:00.000+0000,1001992.5678021049,775640.7146857689,999999.9999999999,1000716.0515863274,495929.51917429536,1000749.9359948479,1000749.9359948479
2025-03-10T11:00:00.000+0000,1001918.7554992249,775640.7146857689,999999.9999999999,1000678.9994517673,495929.51917429536,1000749.9359948479,1000749.9359948479
2025-03-10T11:10:00.000+0000,1001937.2085749449,775640.7146857689,999999.9999999999,1000688.2624854073,495929.51917429536,1000749.9359948479,1000749.9359948479
2025-03-10T11:20:00.000+0000,1001873.2379124488,775640.7146857689,999999.9999999999,1000656.1506354553,495929.51917429536,1000749.9359948479,1000749.9359948479
2025-03-10T11:30:00.000+0000,1001846.1734013929,775640.7146857689,999999.9999999999,1000642.5648527833,495929.51917429536,1000749.9359948479,1000749.9359948479
2025-03-10T11:40:00.000+0000,1001779.7423288008,775640.7146857689,999999.9999999999,1000609.2179316793,495929.51917429536,1000749.9359948479,1000749.9359948479
2025-03-10T11:50:00.000+0000,1001527.5502939608,775640.7146857689,999999.9999999999,1000482.6231385993,495929.51917429536,1000749.9359948479,1000749.9359948479
2025-03-10T12:00:00.000+0000,1001475.8816819448,775640.7146857689,999999.9999999999,1000456.6866444073,495929.51917429536,1000749.9359948479,1000749.9359948479
2025-03-10T12:10:00.000+0000,1001654.2614139048,775640.7146857689,999999.9999999999,1000546.2293029273,495929.51917429536,1000749.9359948479,1000749.9359948479
2025-03-10T12:20:00.000+0000,1001645.6499785688,775640.7146857689,999999.9999999999,1000541.9065538953,495929.51917429536,1000749.9359948479,1000749.9359948479
2025-03-10T12:30:00.000+0000,1001821.5693004328,775640.7146857689,999999.9999999999,1000630.2141412633,495929.51917429536,1000749.9359948479,1000749.9359948479
2025-03-10T12:40:00.000+0000,1001764.9798682248,775640.7146857689,999999.9999999999,1000601.8075047673,495929.51917429536,1000749.9359948479,1000749.9359948479
2025-03-10T12:50:00.000+0000,1001673.9446946728,775640.7146857689,999999.9999999999,1000556.1098721434,495929.51917429536,1000749.9359948479,1000749.9359948479
2025-03-10T13:00:00.000+0000,1001687.4769502009,775640.7146857689,999999.9999999999,1000562.9027634793,495929.51917429536,1000749.9359948479,1000749.9359948479
2025-03-10T13:10:00.000+0000,1001842.4827862489,775640.7146857689,999999.9999999999,1000640.7122460554,495929.51917429536,1000749.9359948479,1000749.9359948479
2025-03-10T13:20:00.000+0000,1001972.8845213369,775640.7146857689,999999.9999999999,1000706.1710171113,495929.51917429536,1000749.9359948479,1000749.9359948479
2025-03-10T13:30:00.000+0000,1001940.8991900889,775640.7146857689,999999.9999999999,1000690.1150921353,495929.51917429536,1000749.9359948479,1000749.9359948479
2025-03-10T13:40:00.000+0000,1002027.0135434489,775640.7146857689,999999.9999999999,1000733.3425824554,495929.51917429536,1000749.9359948479,1000749.9359948479
2025-03-10T13:50:00.000+0000,1002170.9475340649,775640.7146857689,999999.9999999999,1000805.5942448473,495929.51917429536,1000749.9359948479,1000749.9359948479
2025-03-10T14:00:00.000+0000,1002341.9460357368,775640.7146857689,999999.9999999999,1000891.4316899113,495929.51917429536,1000749.9359948479,1000749.9359948479
2025-03-10T14:10:00.000+0000,1002645.8066825928,775640.7146857689,999999.9999999999,1001043.9629771833,495929.51917429536,1000749.9359948479,1000749.9359948479
2025-03-10T14:20:00.000+0000,1002666.7201684088,775640.7146857689,999999.9999999999,1001054.4610819754,495929.51917429536,1000749.9359948479,1000749.9359948479
2025-03-10T14:30:00.000+0000,1002787.2802631129,775640.7146857689,999999.9999999999,1001114.9795684234,495929.51917429536,1000749.9359948479,1000749.9359948479
2025-03-10T14:40:00.000+0000,1002869.7040013289,775640.7146857689,999999.9999999999,1001156.3544520154,495929.51917429536,1000749.9359948479,1000749.9359948479
2025-03-10T14:50:00.000+0000,1003019.7890171849,775640.7146857689,999999.9999999999,1001231.6937922874,495929.51917429536,1000749.9359948479,1000749.9359948479
2025-03-10T15:00:00.000+0000,1002856.1717458009,775640.7146857689,999999.9999999999,1001149.5615606793,495929.51917429536,1000749.9359948479,1000749.9359948479
2025-03-10T15:10:00.000+0000,1002805.7333388329,775640.7146857689,999999.9999999999,1001124.2426020633,495929.51917429536,1000749.9359948479,1000749.9359948479
2025-03-10T15:20:00.000+0000,1002774.9782126328,775640.7146857689,999999.9999999999,1001108.8042126633,495929.51917429536,1000749.9359948479,1000749.9359948479
2025-03-10T15:30:00.000+0000,1002500.6424869288,775640.7146857689,999999.9999999999,1000971.0937792154,495929.51917429536,1000749.9359948479,1000749.9359948479
2025-03-10T15:40:00.000+0000,1002631.0442220168,775640.7146857689,999999.9999999999,1001036.5525502713,495929.51917429536,1000749.9359948479,1000749.9359948479
2025-03-10T15:50:00.000+0000,1002691.3242693688,775640.7146857689,999999.9999999999,1001066.8117934953,495929.51917429536,1000749.9359948479,1000749.9359948479
2025-03-10T16:00:00.000+0000,1002774.9782126328,775640.7146857689,999999.9999999999,1001108.8042126633,495929.51917429536,1000749.9359948479,1000749.9359948479
2025-03-10T16:10:00.000+0000,1002950.8975344968,775640.7146857689,999999.9999999999,1001197.1118000313,495929.51917429536,1000749.9359948479,1000749.9359948479
2025-03-10T16:20:00.000+0000,1003050.5441433848,775640.7146857689,999999.9999999999,1001247.1321816873,495929.51917429536,1000749.9359948479,1000749.9359948479
2025-03-10T16:30:00.000+0000,1003099.7523453048,775640.7146857689,999999.9999999999,1001271.8336047273,495929.51917429536,1000749.9359948479,1000749.9359948479
2025-03-10T16:40:00.000+0000,1003135.4282916968,775640.7146857689,999999.9999999999,1001289.7421364313,495929.51917429536,1000749.9359948479,1000749.9359948479
2025-03-10T16:50:00.000+0000,1003312.5778186088,775640.7146857689,999999.9999999999,1001378.6672593753,495929.51917429536,1000749.9359948479,1000749.9359948479
2025-03-10T17:00:00.000+0000,1003355.6349952888,775640.7146857689,999999.9999999999,1001400.2810045353,495929.51917429536,1000749.9359948479,1000749.9359948479
2025-03-10T17:10:00.000+0000,1003634.8915411849,775640.7146857689,999999.9999999999,1001540.4615802873,495929.51917429536,1000749.9359948479,1000749.9359948479
2025-03-10T17:20:00.000+0000,1003483.5763202808,775640.7146857689,999999.9999999999,1001464.5047044393,495929.51917429536,1000749.9359948479,1000749.9359948479
2025-03-10T17:30:00.000+0000,1003551.2375979208,775640.7146857689,999999.9999999999,1001498.4691611193,495929.51917429536,1000749.9359948479,1000749.9359948479
2025-03-10T17:40:00.000+0000,1003783.7463519928,775640.7146857689,999999.9999999999,1001615.1833849833,495929.51917429536,1000749.9359948479,1000749.9359948479
2025-03-10T17:50:00.000+0000,1003923.9897274649,775640.7146857689,999999.9999999999,1001685.5824406473,495929.51917429536,1000749.9359948479,1000749.9359948479
2025-03-10T18:00:00.000+0000,1003850.1774245849,775640.7146857689,999999.9999999999,1001648.5303060873,495929.51917429536,1000749.9359948479,1000749.9359948479
2025-03-10T18:10:00.000+0000,1003696.4017935848,775640.7146857689,999999.9999999999,1001571.3383590874,495929.51917429536,1000749.9359948479,1000749.9359948479
2025-03-10T18:20:00.000+0000,1003882.1627558328,775640.7146857689,999999.9999999999,1001664.5862310634,495929.51917429536,1000749.9359948479,1000749.9359948479
2025-03-10T18:30:00.000+0000,1003851.4076296329,775640.7146857689,999999.9999999999,1001649.1478416633,495929.51917429536,1000749.9359948479,1000749.9359948479
2025-03-10T18:40:00.000+0000,1003942.4428031849,775640.7146857689,999999.9999999999,1001694.8454742873,495929.51917429536,1000749.9359948479,1000749.9359948479
2025-03-10T18:50:00.000+0000,1004098.6788442808,775640.7146857689,999999.9999999999,1001773.2724924394,495929.51917429536,1000749.9359948479,1000749.9359948479
2025-03-10T19:00:00.000+0000,1004566.1567625208,775640.7146857689,999999.9999999999,1002007.9360113193,495929.51917429536,1000749.9359948479,1000749.9359948479
2025-03-10T19:10:00.000+0000,1004167.5703269688,775640.7146857689,999999.9999999999,1001807.8544846954,495929.51917429536,1000749.9359948479,1000749.9359948479
2025-03-10T19:20:00.000+0000,1004124.5131502888,775640.7146857689,999999.9999999999,1001786.2407395353,495929.51917429536,1000749.9359948479,1000749.9359948479
2025-03-10T19:30:00.000+0000,1003967.0469041448,775640.7146857689,999999.9999999999,1001707.1961858073,495929.51917429536,1000749.9359948479,1000749.9359948479
2025-03-10T19:40:00.000+0000,1004019.9457212088,775640.7146857689,999999.9999999999,1001733.7502155753,495929.51917429536,1000749.9359948479,1000749.9359948479
2025-03-10T19:50:00.000+0000,1004044.5498221689,775640.7146857689,999999.9999999999,1001746.1009270953,495929.51917429536,1000749.9359948479,1000749.9359948479
2025-03-10T20:00:00.000+0000,1004006.4134656808,775640.7146857689,999999.9999999999,1001726.9573242393,495929.51917429536,1000749.9359948479,1000749.9359948479
2025-03-10T20:10:00.000+0000,1004026.0967464489,775640.7146857689,999999.9999999999,1001736.8378934553,495929.51917429536,1000749.9359948479,1000749.9359948479
2025-03-10T20:20:00.000+0000,1003990.4208000568,775640.7146857689,999999.9999999999,1001718.9293617513,495929.51917429536,1000749.9359948479,1000749.9359948479
2025-03-10T20:30:00.000+0000,1004011.3342858729,775640.7146857689,999999.9999999999,1001729.4274665433,495929.51917429536,1000749.9359948479,1000749.9359948479
2025-03-10T20:40:00.000+0000,1004155.2682764889,775640.7146857689,999999.9999999999,1001801.6791289353,495929.51917429536,1000749.9359948479,1000749.9359948479
2025-03-10T20:50:00.000+0000,1003930.1407527048,775640.7146857689,999999.9999999999,1001688.6701185274,495929.51917429536,1000749.9359948479,1000749.9359948479
2025-03-10T21:00:00.000+0000,1004069.1539231288,775640.7146857689,999999.9999999999,1001758.4516386153,495929.51917429536,1000749.9359948479,1000749.9359948479
2025-03-10T21:10:00.000+0000,1003953.5146486168,775640.7146857689,999999.9999999999,1001700.4032944713,495929.51917429536,1000749.9359948479,1000749.9359948479
2025-03-10T21:20:00.000+0000,1004005.1832606329,775640.7146857689,999999.9999999999,1001726.3397886633,495929.51917429536,1000749.9359948479,1000749.9359948479
2025-03-10T21:30:00.000+0000,1003967.0469041448,775640.7146857689,999999.9999999999,1001707.1961858073,495929.51917429536,1000749.9359948479,1000749.9359948479
2025-03-10T21:40:00.000+0000,1003933.8313678489,775640.7146857689,999999.9999999999,1001690.5227252553,495929.51917429536,1000749.9359948479,1000749.9359948479
2025-03-10T21:50:00.000+0000,1004043.3196171208,775640.7146857689,999999.9999999999,1001745.4833915193,495929.51917429536,1000749.9359948479,1000749.9359948479
2025-03-10T22:00:00.000+0000,1004016.2551060648,775640.7146857689,999999.9999999999,1001731.8976088474,495929.51917429536,1000749.9359948479,1000749.9359948479
2025-03-10T22:10:00.000+0000,1004144.1964310568,775640.7146857689,999999.9999999999,1001796.1213087513,495929.51917429536,1000749.9359948479,1000749.9359948479
2025-03-10T22:20:00.000+0000,1004182.3327875448,775640.7146857689,999999.9999999999,1001815.2649116074,495929.51917429536,1000749.9359948479,1000749.9359948479
2025-03-10T22:30:00.000+0000,1004211.8577086969,775640.7146857689,999999.9999999999,1001830.0857654313,495929.51917429536,1000749.9359948479,1000749.9359948479
2025-03-10T22:40:00.000+0000,1004284.4398065289,775640.7146857689,999999.9999999999,1001866.5203644154,495929.51917429536,1000749.9359948479,1000749.9359948479
2025-03-10T22:50:00.000+0000,1004179.8723774488,775640.7146857689,999999.9999999999,1001814.0298404553,495929.51917429536,1000749.9359948479,1000749.9359948479
2025-03-10T23:00:00.000+0000,1004182.3327875448,775640.7146857689,999999.9999999999,1001815.2649116074,495929.51917429536,1000749.9359948479,1000749.9359948479
2025-03-10T23:10:00.000+0000,1004171.2609421129,775640.7146857689,999999.9999999999,1001809.7070914233,495929.51917429536,1000749.9359948479,1000749.9359948479
2025-03-10T23:20:00.000+0000,1004390.2374406569,775640.7146857689,999999.9999999999,1001919.6284239513,495929.51917429536,1000749.9359948479,1000749.9359948479
2025-03-10T23:30:00.000+0000,1004188.4838127848,775640.7146857689,999999.9999999999,1001818.3525894873,495929.51917429536,1000749.9359948479,1000749.9359948479
2025-03-10T23:40:00.000+0000,1004166.3401219208,775640.7146857689,999999.9999999999,1001807.2369491194,495929.51917429536,1000749.9359948479,1000749.9359948479
2025-03-10T23:50:00.000+0000,1004297.9720620569,775640.7146857689,999999.9999999999,1001873.3132557513,495929.51917429536,1000749.9359948479,1000749.9359948479
2025-03-11T00:00:00.000+0000,1004151.5776613448,775640.7146857689,999999.9999999999,1001799.8265222074,495929.51917429536,1000749.9359948479,1000749.9359948479
2025-03-11T00:10:00.000+0000,1004263.5263207129,775640.7146857689,999999.9999999999,1001856.0222596233,495929.51917429536,1000749.9359948479,1000749.9359948479
2025-03-11T00:20:00.000+0000,1004424.6831820009,775640.7146857689,999999.9999999999,1001936.9194200793,495929.51917429536,1000749.9359948479,1000749.9359948479
2025-03-11T00:30:00.000+0000,1004776.5218257288,775640.7146857689,999999.9999999999,1002113.5345948153,495929.51917429536,1000749.9359948479,1000749.9359948479
2025-03-11T00:40:00.000+0000,1005188.6405168088,775640.7146857689,999999.9999999999,1002320.4090127753,495929.51917429536,1000749.9359948479,1000749.9359948479
2025-03-11T00:50:00.000+0000,1005188.6405168088,775640.7146857689,999999.9999999999,1002320.4090127753,495929.51917429536,1000749.9359948479,1000749.9359948479
2025-03-11T01:00:00.000+0000,1005277.2152802648,775640.7146857689,999999.9999999999,1002364.8715742474,495929.51917429536,1000749.9359948479,1000749.9359948479
2025-03-11T01:10:00.000+0000,1005300.5891761768,775640.7146857689,999999.9999999999,1002376.6047501913,495929.51917429536,1000749.9359948479,1000749.9359948479
2025-03-11T01:20:00.000+0000,1005328.8838922809,775640.7146857689,999999.9999999999,1002390.8080684394,495929.51917429536,1000749.9359948479,1000749.9359948479
2025-03-11T01:30:00.000+0000,1004974.5848384568,775640.7146857689,999999.9999999999,1002212.9578225514,495929.51917429536,1000749.9359948479,1000749.9359948479
2025-03-11T01:40:00.000+0000,1004792.5144913528,775640.7146857689,999999.9999999999,1002121.5625573033,495929.51917429536,1000749.9359948479,1000749.9359948479
2025-03-11T01:50:00.000+0000,1004584.6098382408,775640.7146857689,999999.9999999999,1002017.1990449593,495929.51917429536,1000749.9359948479,1000749.9359948479
2025-03-11T02:00:00.000+0000,1004444.3664627689,775640.7146857689,999999.9999999999,1001946.7999892953,495929.51917429536,1000749.9359948479,1000749.9359948479
2025-03-11T02:10:00.000+0000,1004425.9133870489,775640.7146857689,999999.9999999999,1001937.5369556553,495929.51917429536,1000749.9359948479,1000749.9359948479
2025-03-11T02:20:00.000+0000,1004400.0790810408,775640.7146857689,999999.9999999999,1001924.5687085593,495929.51917429536,1000749.9359948479,1000749.9359948479
2025-03-11T02:30:00.000+0000,1004461.5893334409,775640.7146857689,999999.9999999999,1001955.4454873593,495929.51917429536,1000749.9359948479,1000749.9359948479
2025-03-11T02:40:00.000+0000,1004467.7403586808,775640.7146857689,999999.9999999999,1001958.5331652393,495929.51917429536,1000749.9359948479,1000749.9359948479
2025-03-11T02:50:00.000+0000,1004355.7916993129,775640.7146857689,999999.9999999999,1001902.3374278233,495929.51917429536,1000749.9359948479,1000749.9359948479
2025-03-11T03:00:00.000+0000,1004307.8137024408,775640.7146857689,999999.9999999999,1001878.2535403593,495929.51917429536,1000749.9359948479,1000749.9359948479
2025-03-11T03:10:00.000+0000,1004230.3107844169,775640.7146857689,999999.9999999999,1001839.3487990713,495929.51917429536,1000749.9359948479,1000749.9359948479
2025-03-11T03:20:00.000+0000,1004318.8855478729,775640.7146857689,999999.9999999999,1001883.8113605434,495929.51917429536,1000749.9359948479,1000749.9359948479
2025-03-11T03:30:00.000+0000,1004279.5189863369,775640.7146857689,999999.9999999999,1001864.0502221113,495929.51917429536,1000749.9359948479,1000749.9359948479
2025-03-11T03:40:00.000+0000,1004315.1949327288,775640.7146857689,999999.9999999999,1001881.9587538153,495929.51917429536,1000749.9359948479,1000749.9359948479
2025-03-11T03:50:00.000+0000,1004312.7345226328,775640.7146857689,999999.9999999999,1001880.7236826633,495929.51917429536,1000749.9359948479,1000749.9359948479
2025-03-11T04:00:00.000+0000,1004291.8210368168,775640.7146857689,999999.9999999999,1001870.2255778713,495929.51917429536,1000749.9359948479,1000749.9359948479
2025-03-11T04:10:00.000+0000,1004157.7286865849,775640.7146857689,999999.9999999999,1001802.9142000873,495929.51917429536,1000749.9359948479,1000749.9359948479
2025-03-11T04:20:00.000+0000,1004118.3621250489,775640.7146857689,999999.9999999999,1001783.1530616554,495929.51917429536,1000749.9359948479,1000749.9359948479
2025-03-11T04:30:00.000+0000,1004114.6715099048,775640.7146857689,999999.9999999999,1001781.3004549274,495929.51917429536,1000749.9359948479,1000749.9359948479
2025-03-11T04:40:00.000+0000,1004157.7286865849,775640.7146857689,999999.9999999999,1001802.9142000873,495929.51917429536,1000749.9359948479,1000749.9359948479
2025-03-11T04:50:00.000+0000,1004158.9588916329,775640.7146857689,999999.9999999999,1001803.5317356633,495929.51917429536,1000749.9359948479,1000749.9359948479
2025-03-11T05:00:00.000+0000,1004033.4779767368,775640.7146857689,999999.9999999999,1001740.5431069114,495929.51917429536,1000749.9359948479,1000749.9359948479
2025-03-11T05:10:00.000+0000,1003820.6525034328,775640.7146857689,999999.9999999999,1001633.7094522633,495929.51917429536,1000749.9359948479,1000749.9359948479
2025-03-11T05:20:00.000+0000,1003952.2844435689,775640.7146857689,999999.9999999999,1001699.7857588953,495929.51917429536,1000749.9359948479,1000749.9359948479
2025-03-11T05:30:00.000+0000,1003923.9897274649,775640.7146857689,999999.9999999999,1001685.5824406473,495929.51917429536,1000749.9359948479,1000749.9359948479
2025-03-11T05:40:00.000+0000,1003879.7023457368,775640.7146857689,999999.9999999999,1001663.3511599114,495929.51917429536,1000749.9359948479,1000749.9359948479
2025-03-11T05:50:00.000+0000,1003842.7961942968,775640.7146857689,999999.9999999999,1001644.8250926313,495929.51917429536,1000749.9359948479,1000749.9359948479
2025-03-11T06:00:00.000+0000,1003809.5806580009,775640.7146857689,999999.9999999999,1001628.1516320793,495929.51917429536,1000749.9359948479,1000749.9359948479
2025-03-11T06:10:00.000+0000,1003757.9120459849,775640.7146857689,999999.9999999999,1001602.2151378873,495929.51917429536,1000749.9359948479,1000749.9359948479
2025-03-11T06:20:00.000+0000,1003734.5381500728,775640.7146857689,999999.9999999999,1001590.4819619433,495929.51917429536,1000749.9359948479,1000749.9359948479
2025-03-11T06:30:00.000+0000,1003878.4721406889,775640.7146857689,999999.9999999999,1001662.7336243354,495929.51917429536,1000749.9359948479,1000749.9359948479
2025-03-11T06:40:00.000+0000,1003928.9105476568,775640.7146857689,999999.9999999999,1001688.0525829513,495929.51917429536,1000749.9359948479,1000749.9359948479
2025-03-11T06:50:00.000+0000,1003967.0469041448,775640.7146857689,999999.9999999999,1001707.1961858073,495929.51917429536,1000749.9359948479,1000749.9359948479
2025-03-11T07:00:00.000+0000,1003941.2125981369,775640.7146857689,999999.9999999999,1001694.2279387113,495929.51917429536,1000749.9359948479,1000749.9359948479
2025-03-11T07:10:00.000+0000,1003887.0835760249,775640.7146857689,999999.9999999999,1001667.0563733673,495929.51917429536,1000749.9359948479,1000749.9359948479
2025-03-11T07:20:00.000+0000,1003764.0630712248,775640.7146857689,999999.9999999999,1001605.3028157674,495929.51917429536,1000749.9359948479,1000749.9359948479
2025-03-11T07:30:00.000+0000,1003866.1700902089,775640.7146857689,999999.9999999999,1001656.5582685753,495929.51917429536,1000749.9359948479,1000749.9359948479
2025-03-11T07:40:00.000+0000,1003878.4721406889,775640.7146857689,999999.9999999999,1001662.7336243354,495929.51917429536,1000749.9359948479,1000749.9359948479
2025-03-11T07:50:00.000+0000,1003858.7888599208,775640.7146857689,999999.9999999999,1001652.8530551193,495929.51917429536,1000749.9359948479,1000749.9359948479
2025-03-11T08:00:00.000+0000,1003755.4516358888,775640.7146857689,999999.9999999999,1001600.9800667353,495929.51917429536,1000749.9359948479,1000749.9359948479
2025-03-11T08:10:00.000+0000,1003729.6173298808,775640.7146857689,999999.9999999999,1001588.0118196394,495929.51917429536,1000749.9359948479,1000749.9359948479
2025-03-11T08:20:00.000+0000,1003692.7111784408,775640.7146857689,999999.9999999999,1001569.4857523593,495929.51917429536,1000749.9359948479,1000749.9359948479
2025-03-11T08:30:00.000+0000,1003729.6173298808,775640.7146857689,999999.9999999999,1001588.0118196394,495929.51917429536,1000749.9359948479,1000749.9359948479
2025-03-11T08:40:00.000+0000,1003601.6760048888,775640.7146857689,999999.9999999999,1001523.7881197353,495929.51917429536,1000749.9359948479,1000749.9359948479
2025-03-11T08:50:00.000+0000,1003634.8915411849,775640.7146857689,999999.9999999999,1001540.4615802873,495929.51917429536,1000749.9359948479,1000749.9359948479
2025-03-11T09:00:00.000+0000,1003696.4017935848,775640.7146857689,999999.9999999999,1001571.3383590874,495929.51917429536,1000749.9359948479,1000749.9359948479
2025-03-11T09:10:00.000+0000,1003623.8196957528,775640.7146857689,999999.9999999999,1001534.9037601033,495929.51917429536,1000749.9359948479,1000749.9359948479
2025-03-11T09:20:00.000+0000,1003530.3241121048,775640.7146857689,999999.9999999999,1001487.9710563273,495929.51917429536,1000749.9359948479,1000749.9359948479
2025-03-11T09:30:00.000+0000,1003515.5616515288,775640.7146857689,999999.9999999999,1001480.5606294153,495929.51917429536,1000749.9359948479,1000749.9359948479
2025-03-11T09:40:00.000+0000,1003564.7698534488,775640.7146857689,999999.9999999999,1001505.2620524553,495929.51917429536,1000749.9359948479,1000749.9359948479
2025-03-11T09:50:00.000+0000,1003650.8842068089,775640.7146857689,999999.9999999999,1001548.4895427753,495929.51917429536,1000749.9359948479,1000749.9359948479
2025-03-11T10:00:00.000+0000,1003602.9062099368,775640.7146857689,999999.9999999999,1001524.4056553113,495929.51917429536,1000749.9359948479,1000749.9359948479
2025-03-11T10:10:00.000+0000,1003551.2375979208,775640.7146857689,999999.9999999999,1001498.4691611193,495929.51917429536,1000749.9359948479,1000749.9359948479
2025-03-11T10:20:00.000+0000,1003548.7771878248,775640.7146857689,999999.9999999999,1001497.2340899673,495929.51917429536,1000749.9359948479,1000749.9359948479
2025-03-11T10:30:00.000+0000,1003518.0220616248,775640.7146857689,999999.9999999999,1001481.7957005673,495929.51917429536,1000749.9359948479,1000749.9359948479
2025-03-11T10:40:00.000+0000,1003482.3461152329,775640.7146857689,999999.9999999999,1001463.8871688633,495929.51917429536,1000749.9359948479,1000749.9359948479
2025-03-11T10:50:00.000+0000,1003515.5616515288,775640.7146857689,999999.9999999999,1001480.5606294153,495929.51917429536,1000749.9359948479,1000749.9359948479
2025-03-11T11:00:00.000+0000,1003520.4824717208,775640.7146857689,999999.9999999999,1001483.0307717193,495929.51917429536,1000749.9359948479,1000749.9359948479
2025-03-11T11:10:00.000+0000,1003636.1217462328,775640.7146857689,999999.9999999999,1001541.0791158633,495929.51917429536,1000749.9359948479,1000749.9359948479
2025-03-11T11:20:00.000+0000,1003570.9208786888,775640.7146857689,999999.9999999999,1001508.3497303353,495929.51917429536,1000749.9359948479,1000749.9359948479
2025-03-11T11:30:00.000+0000,1003499.5689859048,775640.7146857689,999999.9999999999,1001472.5326669273,495929.51917429536,1000749.9359948479,1000749.9359948479
2025-03-11T11:40:00.000+0000,1003402.3827871128,775640.7146857689,999999.9999999999,1001423.7473564233,495929.51917429536,1000749.9359948479,1000749.9359948479
2025-03-11T11:50:00.000+0000,1003499.5689859048,775640.7146857689,999999.9999999999,1001472.5326669273,495929.51917429536,1000749.9359948479,1000749.9359948479
2025-03-11T12:00:00.000+0000,1003503.2596010489,775640.7146857689,999999.9999999999,1001474.3852736553,495929.51917429536,1000749.9359948479,1000749.9359948479
2025-03-11T12:10:00.000+0000,1003642.2727714728,775640.7146857689,999999.9999999999,1001544.1667937434,495929.51917429536,1000749.9359948479,1000749.9359948479
2025-03-11T12:20:00.000+0000,1003588.1437493608,775640.7146857689,999999.9999999999,1001516.9952283993,495929.51917429536,1000749.9359948479,1000749.9359948479
2025-03-11T12:30:00.000+0000,1003627.5103108969,775640.7146857689,999999.9999999999,1001536.7563668314,495929.51917429536,1000749.9359948479,1000749.9359948479
2025-03-11T12:40:00.000+0000,1003727.1569197848,775640.7146857689,999999.9999999999,1001586.7767484873,495929.51917429536,1000749.9359948479,1000749.9359948479
2025-03-11T12:50:00.000+0000,1003909.2272668888,775640.7146857689,999999.9999999999,1001678.1720137353,495929.51917429536,1000749.9359948479,1000749.9359948479
2025-03-11T13:00:00.000+0000,1003873.5513204968,775640.7146857689,999999.9999999999,1001660.2634820313,495929.51917429536,1000749.9359948479,1000749.9359948479
2025-03-11T13:10:00.000+0000,1003987.9603899608,775640.7146857689,999999.9999999999,1001717.6942905993,495929.51917429536,1000749.9359948479,1000749.9359948479
2025-03-11T13:20:00.000+0000,1003431.9077082649,775640.7146857689,999999.9999999999,1001438.5682102473,495929.51917429536,1000749.9359948479,1000749.9359948479
2025-03-11T13:30:00.000+0000,1003574.6114938329,775640.7146857689,999999.9999999999,1001510.2023370634,495929.51917429536,1000749.9359948479,1000749.9359948479
2025-03-11T13:40:00.000+0000,1003680.4091279608,775640.7146857689,999999.9999999999,1001563.3103965994,495929.51917429536,1000749.9359948479,1000749.9359948479
2025-03-11T13:50:00.000+0000,1003666.8768724329,775640.7146857689,999999.9999999999,1001556.5175052633,495929.51917429536,1000749.9359948479,1000749.9359948479
2025-03-11T14:00:00.000+0000,1003746.8402005528,775640.7146857689,999999.9999999999,1001596.6573177034,495929.51917429536,1000749.9359948479,1000749.9359948479
2025-03-11T14:10:00.000+0000,1003741.9193803609,775640.7146857689,999999.9999999999,1001594.1871753993,495929.51917429536,1000749.9359948479,1000749.9359948479
2025-03-11T14:20:00.000+0000,1003914.1480870808,775640.7146857689,999999.9999999999,1001680.6421560394,495929.51917429536,1000749.9359948479,1000749.9359948479
2025-03-11T14:30:00.000+0000,1004210.6275036489,775640.7146857689,999999.9999999999,1001829.4682298553,495929.51917429536,1000749.9359948479,1000749.9359948479
2025-03-11T14:40:00.000+0000,1004417.3019517128,775640.7146857689,999999.9999999999,1001933.2142066234,495929.51917429536,1000749.9359948479,1000749.9359948479
2025-03-11T14:50:00.000+0000,1004210.6275036489,775640.7146857689,999999.9999999999,1001829.4682298553,495929.51917429536,1000749.9359948479,1000749.9359948479
2025-03-11T15:00:00.000+0000,1003922.7595224169,775640.7146857689,999999.9999999999,1001684.9649050713,495929.51917429536,1000749.9359948479,1000749.9359948479
2025-03-11T15:10:00.000+0000,1003766.5234813208,775640.7146857689,999999.9999999999,1001606.5378869193,495929.51917429536,1000749.9359948479,1000749.9359948479
2025-03-11T15:20:00.000+0000,1003825.5733236249,775640.7146857689,999999.9999999999,1001636.1795945673,495929.51917429536,1000749.9359948479,1000749.9359948479
2025-03-11T15:30:00.000+0000,1003717.3152794009,775640.7146857689,999999.9999999999,1001581.8364638793,495929.51917429536,1000749.9359948479,1000749.9359948479
2025-03-11T15:40:00.000+0000,1003590.6041594569,775640.7146857689,999999.9999999999,1001518.2302995513,495929.51917429536,1000749.9359948479,1000749.9359948479
2025-03-11T15:50:00.000+0000,1003502.0293960008,775640.7146857689,999999.9999999999,1001473.7677380793,495929.51917429536,1000749.9359948479,1000749.9359948479
2025-03-11T16:00:00.000+0000,1003510.6408313368,775640.7146857689,999999.9999999999,1001478.0904871114,495929.51917429536,1000749.9359948479,1000749.9359948479
2025-03-11T16:10:00.000+0000,1003629.9707209929,775640.7146857689,999999.9999999999,1001537.9914379833,495929.51917429536,1000749.9359948479,1000749.9359948479
2025-03-11T16:20:00.000+0000,1003315.0382287048,775640.7146857689,999999.9999999999,1001379.9023305273,495929.51917429536,1000749.9359948479,1000749.9359948479
2025-03-11T16:30:00.000+0000,1003156.3417775128,775640.7146857689,999999.9999999999,1001300.2402412234,495929.51917429536,1000749.9359948479,1000749.9359948479
2025-03-11T16:40:00.000+0000,1003243.6863359208,775640.7146857689,999999.9999999999,1001344.0852671193,495929.51917429536,1000749.9359948479,1000749.9359948479
2025-03-11T16:50:00.000+0000,1003152.6511623688,775640.7146857689,999999.9999999999,1001298.3876344953,495929.51917429536,1000749.9359948479,1000749.9359948479
2025-03-11T17:00:00.000+0000,1003319.9590488968,775640.7146857689,999999.9999999999,1001382.3724728313,495929.51917429536,1000749.9359948479,1000749.9359948479
2025-03-11T17:10:00.000+0000,1003246.1467460168,775640.7146857689,999999.9999999999,1001345.3203382713,495929.51917429536,1000749.9359948479,1000749.9359948479
2025-03-11T17:20:00.000+0000,1003296.5851529848,775640.7146857689,999999.9999999999,1001370.6392968873,495929.51917429536,1000749.9359948479,1000749.9359948479
2025-03-11T17:30:00.000+0000,1003610.2874402248,775640.7146857689,999999.9999999999,1001528.1108687674,495929.51917429536,1000749.9359948479,1000749.9359948479
2025-03-11T17:40:00.000+0000,1003655.8050270008,775640.7146857689,999999.9999999999,1001550.9596850793,495929.51917429536,1000749.9359948479,1000749.9359948479
2025-03-11T17:50:00.000+0000,1003689.0205632969,775640.7146857689,999999.9999999999,1001567.6331456313,495929.51917429536,1000749.9359948479,1000749.9359948479
2025-03-11T18:00:00.000+0000,1003331.0308943288,775640.7146857689,999999.9999999999,1001387.9302930153,495929.51917429536,1000749.9359948479,1000749.9359948479
2025-03-11T18:10:00.000+0000,1003038.2420929049,775640.7146857689,999999.9999999999,1001240.9568259274,495929.51917429536,1000749.9359948479,1000749.9359948479
2025-03-11T18:20:00.000+0000,1002827.8770296968,775640.7146857689,999999.9999999999,1001135.3582424313,495929.51917429536,1000749.9359948479,1000749.9359948479
2025-03-11T18:30:00.000+0000,1003000.1057364169,775640.7146857689,999999.9999999999,1001221.8132230713,495929.51917429536,1000749.9359948479,1000749.9359948479
2025-03-11T18:40:00.000+0000,1002874.6248215209,775640.7146857689,999999.9999999999,1001158.8245943193,495929.51917429536,1000749.9359948479,1000749.9359948479
2025-03-11T18:50:00.000+0000,1002747.9137015769,775640.7146857689,999999.9999999999,1001095.2184299913,495929.51917429536,1000749.9359948479,1000749.9359948479
2025-03-11T19:00:00.000+0000,1002768.8271873929,775640.7146857689,999999.9999999999,1001105.7165347834,495929.51917429536,1000749.9359948479,1000749.9359948479
2025-03-11T19:10:00.000+0000,1002868.4737962808,775640.7146857689,999999.9999999999,1001155.7369164394,495929.51917429536,1000749.9359948479,1000749.9359948479
2025-03-11T19:20:00.000+0000,1002856.1717458009,775640.7146857689,999999.9999999999,1001149.5615606793,495929.51917429536,1000749.9359948479,1000749.9359948479
2025-03-11T19:30:00.000+0000,1002787.2802631129,775640.7146857689,999999.9999999999,1001114.9795684234,495929.51917429536,1000749.9359948479,1000749.9359948479
2025-03-11T19:40:00.000+0000,1002713.4679602329,775640.7146857689,999999.9999999999,1001077.9274338633,495929.51917429536,1000749.9359948479,1000749.9359948479
2025-03-11T19:50:00.000+0000,1002704.8565248968,775640.7146857689,999999.9999999999,1001073.6046848313,495929.51917429536,1000749.9359948479,1000749.9359948479
2025-03-11T20:00:00.000+0000,1002704.8565248968,775640.7146857689,999999.9999999999,1001073.6046848313,495929.51917429536,1000749.9359948479,1000749.9359948479
2025-03-11T20:10:00.000+0000,1002745.4532914809,775640.7146857689,999999.9999999999,1001093.9833588393,495929.51917429536,1000749.9359948479,1000749.9359948479
2025-03-11T20:20:00.000+0000,1002811.8843640728,775640.7146857689,999999.9999999999,1001127.3302799433,495929.51917429536,1000749.9359948479,1000749.9359948479
2025-03-11T20:30:00.000+0000,1002835.2582599849,775640.7146857689,999999.9999999999,1001139.0634558874,495929.51917429536,1000749.9359948479,1000749.9359948479
2025-03-11T20:40:00.000+0000,1002835.2582599849,775640.7146857689,999999.9999999999,1001139.0634558874,495929.51917429536,1000749.9359948479,1000749.9359948479
2025-03-11T20:50:00.000+0000,1002813.1145691208,775640.7146857689,999999.9999999999,1001127.9478155193,495929.51917429536,1000749.9359948479,1000749.9359948479
2025-03-11T21:00:00.000+0000,1002819.2655943609,775640.7146857689,999999.9999999999,1001131.0354933994,495929.51917429536,1000749.9359948479,1000749.9359948479
2025-03-11T21:10:00.000+0000,1002831.5676448408,775640.7146857689,999999.9999999999,1001137.2108491593,495929.51917429536,1000749.9359948479,1000749.9359948479
2025-03-11T21:20:00.000+0000,1002795.8916984488,775640.7146857689,999999.9999999999,1001119.3023174553,495929.51917429536,1000749.9359948479,1000749.9359948479
2025-03-11T21:30:00.000+0000,1002850.0207205608,775640.7146857689,999999.9999999999,1001146.4738827993,495929.51917429536,1000749.9359948479,1000749.9359948479
2025-03-11T21:40:00.000+0000,1002891.8476921929,775640.7146857689,999999.9999999999,1001167.4700923833,495929.51917429536,1000749.9359948479,1000749.9359948479
2025-03-11T21:50:00.000+0000,1002883.2362568568,775640.7146857689,999999.9999999999,1001163.1473433513,495929.51917429536,1000749.9359948479,1000749.9359948479
2025-03-11T22:00:00.000+0000,1002848.7905155128,775640.7146857689,999999.9999999999,1001145.8563472233,495929.51917429536,1000749.9359948479,1000749.9359948479
2025-03-11T22:10:00.000+0000,1002799.5823135928,775640.7146857689,999999.9999999999,1001121.1549241833,495929.51917429536,1000749.9359948479,1000749.9359948479
2025-03-11T22:20:00.000+0000,1002861.0925659928,775640.7146857689,999999.9999999999,1001152.0317029833,495929.51917429536,1000749.9359948479,1000749.9359948479
2025-03-11T22:30:00.000+0000,1002867.2435912328,775640.7146857689,999999.9999999999,1001155.1193808634,495929.51917429536,1000749.9359948479,1000749.9359948479
2025-03-11T22:40:00.000+0000,1002866.0133861848,775640.7146857689,999999.9999999999,1001154.5018452873,495929.51917429536,1000749.9359948479,1000749.9359948479
2025-03-11T22:50:00.000+0000,1002813.1145691208,775640.7146857689,999999.9999999999,1001127.9478155193,495929.51917429536,1000749.9359948479,1000749.9359948479
2025-03-11T23:00:00.000+0000,1002845.0999003688,775640.7146857689,999999.9999999999,1001144.0037404953,495929.51917429536,1000749.9359948479,1000749.9359948479
2025-03-11T23:10:00.000+0000,1002973.0412253608,775640.7146857689,999999.9999999999,1001208.2274403994,495929.51917429536,1000749.9359948479,1000749.9359948479
2025-03-11T23:20:00.000+0000,1003044.3931181448,775640.7146857689,999999.9999999999,1001244.0445038073,495929.51917429536,1000749.9359948479,1000749.9359948479
2025-03-11T23:30:00.000+0000,1003121.8960361688,775640.7146857689,999999.9999999999,1001282.9492450954,495929.51917429536,1000749.9359948479,1000749.9359948479
2025-03-11T23:40:00.000+0000,1003142.8095219849,775640.7146857689,999999.9999999999,1001293.4473498873,495929.51917429536,1000749.9359948479,1000749.9359948479
2025-03-11T23:50:00.000+0000,1003169.8740330408,775640.7146857689,999999.9999999999,1001307.0331325593,495929.51917429536,1000749.9359948479,1000749.9359948479
2025-03-12T00:00:00.000+0000,1003110.8241907369,775640.7146857689,999999.9999999999,1001277.3914249113,495929.51917429536,1000749.9359948479,1000749.9359948479
2025-03-12T00:10:00.000+0000,1003116.9752159768,775640.7146857689,999999.9999999999,1001280.4791027913,495929.51917429536,1000749.9359948479,1000749.9359948479
2025-03-12T00:20:00.000+0000,1003092.3711150169,775640.7146857689,999999.9999999999,1001268.1283912713,495929.51917429536,1000749.9359948479,1000749.9359948479
2025-03-12T00:30:00.000+0000,1003040.7025030009,775640.7146857689,999999.9999999999,1001242.1918970793,495929.51917429536,1000749.9359948479,1000749.9359948479
2025-03-12T00:40:00.000+0000,1003185.8666986648,775640.7146857689,999999.9999999999,1001315.0610950473,495929.51917429536,1000749.9359948479,1000749.9359948479
2025-03-12T00:50:00.000+0000,1003243.6863359208,775640.7146857689,999999.9999999999,1001344.0852671193,495929.51917429536,1000749.9359948479,1000749.9359948479
2025-03-12T01:00:00.000+0000,1003172.3344431368,775640.7146857689,999999.9999999999,1001308.2682037114,495929.51917429536,1000749.9359948479,1000749.9359948479
2025-03-12T01:10:00.000+0000,1003049.3139383369,775640.7146857689,999999.9999999999,1001246.5146461113,495929.51917429536,1000749.9359948479,1000749.9359948479
2025-03-12T01:20:00.000+0000,1003008.7171717528,775640.7146857689,999999.9999999999,1001226.1359721033,495929.51917429536,1000749.9359948479,1000749.9359948479
2025-03-12T01:30:00.000+0000,1003002.5661465129,775640.7146857689,999999.9999999999,1001223.0482942234,495929.51917429536,1000749.9359948479,1000749.9359948479
2025-03-12T01:40:00.000+0000,1002872.1644114249,775640.7146857689,999999.9999999999,1001157.5895231673,495929.51917429536,1000749.9359948479,1000749.9359948479
2025-03-12T01:50:00.000+0000,1002722.0793955688,775640.7146857689,999999.9999999999,1001082.2501828953,495929.51917429536,1000749.9359948479,1000749.9359948479
2025-03-12T02:00:00.000+0000,1002947.2069193529,775640.7146857689,999999.9999999999,1001195.2591933033,495929.51917429536,1000749.9359948479,1000749.9359948479
2025-03-12T02:10:00.000+0000,1002966.8902001209,775640.7146857689,999999.9999999999,1001205.1397625193,495929.51917429536,1000749.9359948479,1000749.9359948479
2025-03-12T02:20:00.000+0000,1003070.2274241529,775640.7146857689,999999.9999999999,1001257.0127509034,495929.51917429536,1000749.9359948479,1000749.9359948479
2025-03-12T02:30:00.000+0000,1003140.3491118888,775640.7146857689,999999.9999999999,1001292.2122787354,495929.51917429536,1000749.9359948479,1000749.9359948479
2025-03-12T02:40:00.000+0000,1003284.2831025049,775640.7146857689,999999.9999999999,1001364.4639411273,495929.51917429536,1000749.9359948479,1000749.9359948479
2025-03-12T02:50:00.000+0000,1003285.5133075528,775640.7146857689,999999.9999999999,1001365.0814767033,495929.51917429536,1000749.9359948479,1000749.9359948479
2025-03-12T03:00:00.000+0000,1003231.3842854409,775640.7146857689,999999.9999999999,1001337.9099113593,495929.51917429536,1000749.9359948479,1000749.9359948479
2025-03-12T03:10:00.000+0000,1003301.5059731768,775640.7146857689,999999.9999999999,1001373.1094391913,495929.51917429536,1000749.9359948479,1000749.9359948479
2025-03-12T03:20:00.000+0000,1003351.9443801448,775640.7146857689,999999.9999999999,1001398.4283978073,495929.51917429536,1000749.9359948479,1000749.9359948479
2025-03-12T03:30:00.000+0000,1003433.1379133129,775640.7146857689,999999.9999999999,1001439.1857458233,495929.51917429536,1000749.9359948479,1000749.9359948479
2025-03-12T03:40:00.000+0000,1003417.1452476889,775640.7146857689,999999.9999999999,1001431.1577833353,495929.51917429536,1000749.9359948479,1000749.9359948479
2025-03-12T03:50:00.000+0000,1003493.4179606648,775640.7146857689,999999.9999999999,1001469.4449890474,495929.51917429536,1000749.9359948479,1000749.9359948479
2025-03-12T04:00:00.000+0000,1003626.2801058488,775640.7146857689,999999.9999999999,1001536.1388312554,495929.51917429536,1000749.9359948479,1000749.9359948479
2025-03-12T04:10:00.000+0000,1003542.6261625849,775640.7146857689,999999.9999999999,1001494.1464120874,495929.51917429536,1000749.9359948479,1000749.9359948479
2025-03-12T04:20:00.000+0000,1003553.6980080168,775640.7146857689,999999.9999999999,1001499.7042322713,495929.51917429536,1000749.9359948479,1000749.9359948479
2025-03-12T04:30:00.000+0000,1003632.4311310889,775640.7146857689,999999.9999999999,1001539.2265091353,495929.51917429536,1000749.9359948479,1000749.9359948479
2025-03-12T04:40:00.000+0000,1003709.9340491128,775640.7146857689,999999.9999999999,1001578.1312504234,495929.51917429536,1000749.9359948479,1000749.9359948479
2025-03-12T04:50:00.000+0000,1003659.4956421448,775640.7146857689,999999.9999999999,1001552.8122918073,495929.51917429536,1000749.9359948479,1000749.9359948479
2025-03-12T05:00:00.000+0000,1003602.9062099368,775640.7146857689,999999.9999999999,1001524.4056553113,495929.51917429536,1000749.9359948479,1000749.9359948479
2025-03-12T05:10:00.000+0000,1003561.0792383049,775640.7146857689,999999.9999999999,1001503.4094457274,495929.51917429536,1000749.9359948479,1000749.9359948479
2025-03-12T05:20:00.000+0000,1003527.8637020088,775640.7146857689,999999.9999999999,1001486.7359851754,495929.51917429536,1000749.9359948479,1000749.9359948479
2025-03-12T05:30:00.000+0000,1003423.2962729288,775640.7146857689,999999.9999999999,1001434.2454612153,495929.51917429536,1000749.9359948479,1000749.9359948479
2025-03-12T05:40:00.000+0000,1003426.9868880728,775640.7146857689,999999.9999999999,1001436.0980679434,495929.51917429536,1000749.9359948479,1000749.9359948479
2025-03-12T05:50:00.000+0000,1003385.1599164408,775640.7146857689,999999.9999999999,1001415.1018583593,495929.51917429536,1000749.9359948479,1000749.9359948479
2025-03-12T06:00:00.000+0000,1003399.9223770169,775640.7146857689,999999.9999999999,1001422.5122852713,495929.51917429536,1000749.9359948479,1000749.9359948479
2025-03-12T06:10:00.000+0000,1003529.0939070568,775640.7146857689,999999.9999999999,1001487.3535207513,495929.51917429536,1000749.9359948479,1000749.9359948479
2025-03-12T06:20:00.000+0000,1003444.2097587448,775640.7146857689,999999.9999999999,1001444.7435660074,495929.51917429536,1000749.9359948479,1000749.9359948479
2025-03-12T06:30:00.000+0000,1003424.5264779768,775640.7146857689,999999.9999999999,1001434.8629967914,495929.51917429536,1000749.9359948479,1000749.9359948479
2025-03-12T06:40:00.000+0000,1003451.5909890329,775640.7146857689,999999.9999999999,1001448.4487794633,495929.51917429536,1000749.9359948479,1000749.9359948479
2025-03-12T06:50:00.000+0000,1003468.8138597049,775640.7146857689,999999.9999999999,1001457.0942775273,495929.51917429536,1000749.9359948479,1000749.9359948479
2025-03-12T07:00:00.000+0000,1003297.8153580328,775640.7146857689,999999.9999999999,1001371.2568324633,495929.51917429536,1000749.9359948479,1000749.9359948479
2025-03-12T07:10:00.000+0000,1003276.9018722168,775640.7146857689,999999.9999999999,1001360.7587276713,495929.51917429536,1000749.9359948479,1000749.9359948479
2025-03-12T07:20:00.000+0000,1003157.5719825609,775640.7146857689,999999.9999999999,1001300.8577767994,495929.51917429536,1000749.9359948479,1000749.9359948479
2025-03-12T07:30:00.000+0000,1003097.2919352088,775640.7146857689,999999.9999999999,1001270.5985335753,495929.51917429536,1000749.9359948479,1000749.9359948479
2025-03-12T07:40:00.000+0000,1003082.5294746328,775640.7146857689,999999.9999999999,1001263.1881066633,495929.51917429536,1000749.9359948479,1000749.9359948479
2025-03-12T07:50:00.000+0000,1003021.0192222329,775640.7146857689,999999.9999999999,1001232.3113278634,495929.51917429536,1000749.9359948479,1000749.9359948479
2025-03-12T08:00:00.000+0000,1002916.4517931528,775640.7146857689,999999.9999999999,1001179.8208039033,495929.51917429536,1000749.9359948479,1000749.9359948479
2025-03-12T08:10:00.000+0000,1002802.0427236889,775640.7146857689,999999.9999999999,1001122.3899953354,495929.51917429536,1000749.9359948479,1000749.9359948479
2025-03-12T08:20:00.000+0000,1002921.3726133448,775640.7146857689,999999.9999999999,1001182.2909462074,495929.51917429536,1000749.9359948479,1000749.9359948479
2025-03-12T08:30:00.000+0000,1002840.1790801769,775640.7146857689,999999.9999999999,1001141.5335981913,495929.51917429536,1000749.9359948479,1000749.9359948479
2025-03-12T08:40:00.000+0000,1002686.4034491768,775640.7146857689,999999.9999999999,1001064.3416511914,495929.51917429536,1000749.9359948479,1000749.9359948479
2025-03-12T08:50:00.000+0000,1002659.3389381209,775640.7146857689,999999.9999999999,1001050.7558685193,495929.51917429536,1000749.9359948479,1000749.9359948479
2025-03-12T09:00:00.000+0000,1002578.1454049528,775640.7146857689,999999.9999999999,1001009.9985205033,495929.51917429536,1000749.9359948479,1000749.9359948479
2025-03-12T09:10:00.000+0000,1002834.0280549368,775640.7146857689,999999.9999999999,1001138.4459203114,495929.51917429536,1000749.9359948479,1000749.9359948479
2025-03-12T09:20:00.000+0000,1003012.4077868969,775640.7146857689,999999.9999999999,1001227.9885788313,495929.51917429536,1000749.9359948479,1000749.9359948479
2025-03-12T09:30:00.000+0000,1002942.2860991608,775640.7146857689,999999.9999999999,1001192.7890509993,495929.51917429536,1000749.9359948479,1000749.9359948479
2025-03-12T09:40:00.000+0000,1002843.8696953208,775640.7146857689,999999.9999999999,1001143.3862049193,495929.51917429536,1000749.9359948479,1000749.9359948479
2025-03-12T09:50:00.000+0000,1002845.0999003688,775640.7146857689,999999.9999999999,1001144.0037404953,495929.51917429536,1000749.9359948479,1000749.9359948479
2025-03-12T10:00:00.000+0000,1002838.9488751289,775640.7146857689,999999.9999999999,1001140.9160626153,495929.51917429536,1000749.9359948479,1000749.9359948479
2025-03-12T10:10:00.000+0000,1002888.1570770489,775640.7146857689,999999.9999999999,1001165.6174856554,495929.51917429536,1000749.9359948479,1000749.9359948479
2025-03-12T10:20:00.000+0000,1002928.7538436329,775640.7146857689,999999.9999999999,1001185.9961596633,495929.51917429536,1000749.9359948479,1000749.9359948479
2025-03-12T10:30:00.000+0000,1002964.4297900249,775640.7146857689,999999.9999999999,1001203.9046913673,495929.51917429536,1000749.9359948479,1000749.9359948479
2025-03-12T10:40:00.000+0000,1002925.0632284889,775640.7146857689,999999.9999999999,1001184.1435529353,495929.51917429536,1000749.9359948479,1000749.9359948479
2025-03-12T10:50:00.000+0000,1002910.3007679129,775640.7146857689,999999.9999999999,1001176.7331260233,495929.51917429536,1000749.9359948479,1000749.9359948479
2025-03-12T11:00:00.000+0000,1002806.9635438808,775640.7146857689,999999.9999999999,1001124.8601376393,495929.51917429536,1000749.9359948479,1000749.9359948479
2025-03-12T11:10:00.000+0000,1002731.9210359529,775640.7146857689,999999.9999999999,1001087.1904675033,495929.51917429536,1000749.9359948479,1000749.9359948479
2025-03-12T11:20:00.000+0000,1002709.7773450888,775640.7146857689,999999.9999999999,1001076.0748271353,495929.51917429536,1000749.9359948479,1000749.9359948479
2025-03-12T11:30:00.000+0000,1002714.6981652809,775640.7146857689,999999.9999999999,1001078.5449694393,495929.51917429536,1000749.9359948479,1000749.9359948479
2025-03-12T11:40:00.000+0000,1002750.3741116729,775640.7146857689,999999.9999999999,1001096.4535011433,495929.51917429536,1000749.9359948479,1000749.9359948479
2025-03-12T11:50:00.000+0000,1002654.4181179288,775640.7146857689,999999.9999999999,1001048.2857262153,495929.51917429536,1000749.9359948479,1000749.9359948479
2025-03-12T12:00:00.000+0000,1002573.2245847608,775640.7146857689,999999.9999999999,1001007.5283781993,495929.51917429536,1000749.9359948479,1000749.9359948479
2025-03-12T12:10:00.000+0000,1002697.4752946089,775640.7146857689,999999.9999999999,1001069.8994713753,495929.51917429536,1000749.9359948479,1000749.9359948479
2025-03-12T12:20:00.000+0000,1002430.5207991928,775640.7146857689,999999.9999999999,1000935.8942513834,495929.51917429536,1000749.9359948479,1000749.9359948479
2025-03-12T12:30:00.000+0000,1002132.8111775769,775640.7146857689,999999.9999999999,1000786.4506419913,495929.51917429536,1000749.9359948479,1000749.9359948479
2025-03-12T12:40:00.000+0000,1002319.8023448728,775640.7146857689,999999.9999999999,1000880.3160495433,495929.51917429536,1000749.9359948479,1000749.9359948479
2025-03-12T12:50:00.000+0000,1002252.1410672328,775640.7146857689,999999.9999999999,1000846.3515928633,495929.51917429536,1000749.9359948479,1000749.9359948479
2025-03-12T13:00:00.000+0000,1002179.5589694008,775640.7146857689,999999.9999999999,1000809.9169938794,495929.51917429536,1000749.9359948479,1000749.9359948479
2025-03-12T13:10:00.000+0000,1002312.4211145849,775640.7146857689,999999.9999999999,1000876.6108360873,495929.51917429536,1000749.9359948479,1000749.9359948479
2025-03-12T13:20:00.000+0000,1002426.8301840489,775640.7146857689,999999.9999999999,1000934.0416446553,495929.51917429536,1000749.9359948479,1000749.9359948479
2025-03-12T13:30:00.000+0000,1002373.9313669848,775640.7146857689,999999.9999999999,1000907.4876148873,495929.51917429536,1000749.9359948479,1000749.9359948479
2025-03-12T13:40:00.000+0000,1002426.8301840489,775640.7146857689,999999.9999999999,1000934.0416446553,495929.51917429536,1000749.9359948479,1000749.9359948479
2025-03-12T13:50:00.000+0000,1002635.9650422088,775640.7146857689,999999.9999999999,1001039.0226925754,495929.51917429536,1000749.9359948479,1000749.9359948479
2025-03-12T14:00:00.000+0000,1002861.0925659928,775640.7146857689,999999.9999999999,1001152.0317029833,495929.51917429536,1000749.9359948479,1000749.9359948479
2025-03-12T14:10:00.000+0000,1002863.5529760888,775640.7146857689,999999.9999999999,1001153.2667741353,495929.51917429536,1000749.9359948479,1000749.9359948479
2025-03-12T14:20:00.000+0000,1002900.4591275288,775640.7146857689,999999.9999999999,1001171.7928414153,495929.51917429536,1000749.9359948479,1000749.9359948479
2025-03-12T14:30:00.000+0000,1002893.0778972409,775640.7146857689,999999.9999999999,1001168.0876279593,495929.51917429536,1000749.9359948479,1000749.9359948479
2025-03-12T14:40:00.000+0000,1003080.0690645368,775640.7146857689,999999.9999999999,1001261.9530355113,495929.51917429536,1000749.9359948479,1000749.9359948479
2025-03-12T14:50:00.000+0000,1003068.9972191048,775640.7146857689,999999.9999999999,1001256.3952153273,495929.51917429536,1000749.9359948479,1000749.9359948479
2025-03-12T15:00:00.000+0000,1003139.1189068409,775640.7146857689,999999.9999999999,1001291.5947431594,495929.51917429536,1000749.9359948479,1000749.9359948479
2025-03-12T15:10:00.000+0000,1003356.8652003368,775640.7146857689,999999.9999999999,1001400.8985401114,495929.51917429536,1000749.9359948479,1000749.9359948479
2025-03-12T15:20:00.000+0000,1003251.0675662089,775640.7146857689,999999.9999999999,1001347.7904805753,495929.51917429536,1000749.9359948479,1000749.9359948479
2025-03-12T15:30:00.000+0000,1003130.5074715049,775640.7146857689,999999.9999999999,1001287.2719941273,495929.51917429536,1000749.9359948479,1000749.9359948479
2025-03-12T15:40:00.000+0000,1003056.6951686249,775640.7146857689,999999.9999999999,1001250.2198595674,495929.51917429536,1000749.9359948479,1000749.9359948479
2025-03-12T15:50:00.000+0000,1003091.1409099689,775640.7146857689,999999.9999999999,1001267.5108556953,495929.51917429536,1000749.9359948479,1000749.9359948479
2025-03-12T16:00:00.000+0000,1002926.2934335368,775640.7146857689,999999.9999999999,1001184.7610885113,495929.51917429536,1000749.9359948479,1000749.9359948479
2025-03-12T16:10:00.000+0000,1002806.9635438808,775640.7146857689,999999.9999999999,1001124.8601376393,495929.51917429536,1000749.9359948479,1000749.9359948479
2025-03-12T16:20:00.000+0000,1002893.0778972409,775640.7146857689,999999.9999999999,1001168.0876279593,495929.51917429536,1000749.9359948479,1000749.9359948479
2025-03-12T16:30:00.000+0000,1002746.6834965289,775640.7146857689,999999.9999999999,1001094.6008944153,495929.51917429536,1000749.9359948479,1000749.9359948479
2025-03-12T16:40:00.000+0000,1002857.4019508489,775640.7146857689,999999.9999999999,1001150.1790962553,495929.51917429536,1000749.9359948479,1000749.9359948479
2025-03-12T16:50:00.000+0000,1002912.7611780089,775640.7146857689,999999.9999999999,1001177.9681971753,495929.51917429536,1000749.9359948479,1000749.9359948479
2025-03-12T17:00:00.000+0000,1002797.1219034968,775640.7146857689,999999.9999999999,1001119.9198530313,495929.51917429536,1000749.9359948479,1000749.9359948479
2025-03-12T17:10:00.000+0000,1002771.2875974888,775640.7146857689,999999.9999999999,1001106.9516059353,495929.51917429536,1000749.9359948479,1000749.9359948479
2025-03-12T17:20:00.000+0000,1002756.5251369128,775640.7146857689,999999.9999999999,1001099.5411790233,495929.51917429536,1000749.9359948479,1000749.9359948479
2025-03-12T17:30:00.000+0000,1002762.6761621528,775640.7146857689,999999.9999999999,1001102.6288569033,495929.51917429536,1000749.9359948479,1000749.9359948479
2025-03-12T17:40:00.000+0000,1002857.4019508489,775640.7146857689,999999.9999999999,1001150.1790962553,495929.51917429536,1000749.9359948479,1000749.9359948479
2025-03-12T17:50:00.000+0000,1002904.1497426728,775640.7146857689,999999.9999999999,1001173.6454481434,495929.51917429536,1000749.9359948479,1000749.9359948479
2025-03-12T18:00:00.000+0000,1002932.4444587769,775640.7146857689,999999.9999999999,1001187.8487663913,495929.51917429536,1000749.9359948479,1000749.9359948479
2025-03-12T18:10:00.000+0000,1002806.9635438808,775640.7146857689,999999.9999999999,1001124.8601376393,495929.51917429536,1000749.9359948479,1000749.9359948479
2025-03-12T18:20:00.000+0000,1002779.8990328249,775640.7146857689,999999.9999999999,1001111.2743549673,495929.51917429536,1000749.9359948479,1000749.9359948479
2025-03-12T18:30:00.000+0000,1002751.6043167209,775640.7146857689,999999.9999999999,1001097.0710367194,495929.51917429536,1000749.9359948479,1000749.9359948479
2025-03-12T18:40:00.000+0000,1002658.1087330729,775640.7146857689,999999.9999999999,1001050.1383329433,495929.51917429536,1000749.9359948479,1000749.9359948479
2025-03-12T18:50:00.000+0000,1002697.4752946089,775640.7146857689,999999.9999999999,1001069.8994713753,495929.51917429536,1000749.9359948479,1000749.9359948479
2025-03-12T19:00:00.000+0000,1002712.2377551849,775640.7146857689,999999.9999999999,1001077.3098982873,495929.51917429536,1000749.9359948479,1000749.9359948479
2025-03-12T19:10:00.000+0000,1002607.6703261049,775640.7146857689,999999.9999999999,1001024.8193743273,495929.51917429536,1000749.9359948479,1000749.9359948479
2025-03-12T19:20:00.000+0000,1002565.8433544729,775640.7146857689,999999.9999999999,1001003.8231647434,495929.51917429536,1000749.9359948479,1000749.9359948479
2025-03-12T19:30:00.000+0000,1002559.6923292328,775640.7146857689,999999.9999999999,1001000.7354868633,495929.51917429536,1000749.9359948479,1000749.9359948479
2025-03-12T19:40:00.000+0000,1002592.9078655288,775640.7146857689,999999.9999999999,1001017.4089474153,495929.51917429536,1000749.9359948479,1000749.9359948479
2025-03-12T19:50:00.000+0000,1002535.0882282729,775640.7146857689,999999.9999999999,1000988.3847753434,495929.51917429536,1000749.9359948479,1000749.9359948479
2025-03-12T20:00:00.000+0000,1002575.6849948568,775640.7146857689,999999.9999999999,1001008.7634493513,495929.51917429536,1000749.9359948479,1000749.9359948479
2025-03-12T20:10:00.000+0000,1002571.9943797129,775640.7146857689,999999.9999999999,1001006.9108426233,495929.51917429536,1000749.9359948479,1000749.9359948479
2025-03-12T20:20:00.000+0000,1002574.4547898088,775640.7146857689,999999.9999999999,1001008.1459137753,495929.51917429536,1000749.9359948479,1000749.9359948479
2025-03-12T20:30:00.000+0000,1002528.9372030329,775640.7146857689,999999.9999999999,1000985.2970974633,495929.51917429536,1000749.9359948479,1000749.9359948479
2025-03-12T20:40:00.000+0000,1002447.7436698648,775640.7146857689,999999.9999999999,1000944.5397494474,495929.51917429536,1000749.9359948479,1000749.9359948479
2025-03-12T20:50:00.000+0000,1002483.4196162568,775640.7146857689,999999.9999999999,1000962.4482811514,495929.51917429536,1000749.9359948479,1000749.9359948479
2025-03-12T21:00:00.000+0000,1002377.6219821288,775640.7146857689,999999.9999999999,1000909.3402216153,495929.51917429536,1000749.9359948479,1000749.9359948479
2025-03-12T21:10:00.000+0000,1002280.4357833369,775640.7146857689,999999.9999999999,1000860.5549111114,495929.51917429536,1000749.9359948479,1000749.9359948479
2025-03-12T21:20:00.000+0000,1002269.3639379048,775640.7146857689,999999.9999999999,1000854.9970909273,495929.51917429536,1000749.9359948479,1000749.9359948479
2025-03-12T21:30:00.000+0000,1002333.3346004009,775640.7146857689,999999.9999999999,1000887.1089408793,495929.51917429536,1000749.9359948479,1000749.9359948479
2025-03-12T21:40:00.000+0000,1002467.4269506328,775640.7146857689,999999.9999999999,1000954.4203186634,495929.51917429536,1000749.9359948479,1000749.9359948479
2025-03-12T21:50:00.000+0000,1002508.0237172169,775640.7146857689,999999.9999999999,1000974.7989926713,495929.51917429536,1000749.9359948479,1000749.9359948479
2025-03-12T22:00:00.000+0000,1002437.9020294808,775640.7146857689,999999.9999999999,1000939.5994648393,495929.51917429536,1000749.9359948479,1000749.9359948479
2025-03-12T22:10:00.000+0000,1002361.6293165048,775640.7146857689,999999.9999999999,1000901.3122591273,495929.51917429536,1000749.9359948479,1000749.9359948479
2025-03-12T22:20:00.000+0000,1002277.9753732409,775640.7146857689,999999.9999999999,1000859.3198399593,495929.51917429536,1000749.9359948479,1000749.9359948479
2025-03-12T22:30:00.000+0000,1002282.8961934329,775640.7146857689,999999.9999999999,1000861.7899822633,495929.51917429536,1000749.9359948479,1000749.9359948479
2025-03-12T22:40:00.000+0000,1002277.9753732409,775640.7146857689,999999.9999999999,1000859.3198399593,495929.51917429536,1000749.9359948479,1000749.9359948479
2025-03-12T22:50:00.000+0000,1002268.1337328568,775640.7146857689,999999.9999999999,1000854.3795553513,495929.51917429536,1000749.9359948479,1000749.9359948479
2025-03-12T23:00:00.000+0000,1002261.9827076169,775640.7146857689,999999.9999999999,1000851.2918774714,495929.51917429536,1000749.9359948479,1000749.9359948479
2025-03-12T23:10:00.000+0000,1002275.5149631449,775640.7146857689,999999.9999999999,1000858.0847688073,495929.51917429536,1000749.9359948479,1000749.9359948479
2025-03-12T23:20:00.000+0000,1002255.8316823768,775640.7146857689,999999.9999999999,1000848.2041995913,495929.51917429536,1000749.9359948479,1000749.9359948479
2025-03-12T23:30:00.000+0000,1002291.5076287689,775640.7146857689,999999.9999999999,1000866.1127312953,495929.51917429536,1000749.9359948479,1000749.9359948479
2025-03-12T23:40:00.000+0000,1002249.6806571368,775640.7146857689,999999.9999999999,1000845.1165217113,495929.51917429536,1000749.9359948479,1000749.9359948479
2025-03-12T23:50:00.000+0000,1002180.7891744488,775640.7146857689,999999.9999999999,1000810.5345294554,495929.51917429536,1000749.9359948479,1000749.9359948479
2025-03-13T00:00:00.000+0000,1002143.8830230088,775640.7146857689,999999.9999999999,1000792.0084621753,495929.51917429536,1000749.9359948479,1000749.9359948479
2025-03-13T00:10:00.000+0000,1002269.3639379048,775640.7146857689,999999.9999999999,1000854.9970909273,495929.51917429536,1000749.9359948479,1000749.9359948479
2025-03-13T00:20:00.000+0000,1002169.7173290169,775640.7146857689,999999.9999999999,1000804.9767092713,495929.51917429536,1000749.9359948479,1000749.9359948479
2025-03-13T00:30:00.000+0000,1002234.9181965608,775640.7146857689,999999.9999999999,1000837.7060947993,495929.51917429536,1000749.9359948479,1000749.9359948479
2025-03-13T00:40:00.000+0000,1002178.3287643528,775640.7146857689,999999.9999999999,1000809.2994583034,495929.51917429536,1000749.9359948479,1000749.9359948479
2025-03-13T00:50:00.000+0000,1002271.8243480008,775640.7146857689,999999.9999999999,1000856.2321620793,495929.51917429536,1000749.9359948479,1000749.9359948479
2025-03-13T01:00:00.000+0000,1002300.1190641049,775640.7146857689,999999.9999999999,1000870.4354803273,495929.51917429536,1000749.9359948479,1000749.9359948479
2025-03-13T01:10:00.000+0000,1002286.5868085768,775640.7146857689,999999.9999999999,1000863.6425889913,495929.51917429536,1000749.9359948479,1000749.9359948479
2025-03-13T01:20:00.000+0000,1002341.9460357368,775640.7146857689,999999.9999999999,1000891.4316899113,495929.51917429536,1000749.9359948479,1000749.9359948479
2025-03-13T01:30:00.000+0000,1002392.3844427048,775640.7146857689,999999.9999999999,1000916.7506485273,495929.51917429536,1000749.9359948479,1000749.9359948479
2025-03-13T01:40:00.000+0000,1002394.8448528008,775640.7146857689,999999.9999999999,1000917.9857196793,495929.51917429536,1000749.9359948479,1000749.9359948479
2025-03-13T01:50:00.000+0000,1002264.4431177129,775640.7146857689,999999.9999999999,1000852.5269486234,495929.51917429536,1000749.9359948479,1000749.9359948479
2025-03-13T02:00:00.000+0000,1002146.3434331048,775640.7146857689,999999.9999999999,1000793.2435333274,495929.51917429536,1000749.9359948479,1000749.9359948479
2025-03-13T02:10:00.000+0000,1002177.0985593048,775640.7146857689,999999.9999999999,1000808.6819227273,495929.51917429536,1000749.9359948479,1000749.9359948479
2025-03-13T02:20:00.000+0000,1002257.0618874249,775640.7146857689,999999.9999999999,1000848.8217351673,495929.51917429536,1000749.9359948479,1000749.9359948479
2025-03-13T02:30:00.000+0000,1002322.2627549688,775640.7146857689,999999.9999999999,1000881.5511206953,495929.51917429536,1000749.9359948479,1000749.9359948479
2025-03-13T02:40:00.000+0000,1002274.2847580968,775640.7146857689,999999.9999999999,1000857.4672332313,495929.51917429536,1000749.9359948479,1000749.9359948479
2025-03-13T02:50:00.000+0000,1002302.5794742008,775640.7146857689,999999.9999999999,1000871.6705514793,495929.51917429536,1000749.9359948479,1000749.9359948479
2025-03-13T03:00:00.000+0000,1002372.7011619369,775640.7146857689,999999.9999999999,1000906.8700793113,495929.51917429536,1000749.9359948479,1000749.9359948479
2025-03-13T03:10:00.000+0000,1002325.9533701128,775640.7146857689,999999.9999999999,1000883.4037274233,495929.51917429536,1000749.9359948479,1000749.9359948479
2025-03-13T03:20:00.000+0000,1002270.5941429528,775640.7146857689,999999.9999999999,1000855.6146265033,495929.51917429536,1000749.9359948479,1000749.9359948479
2025-03-13T03:30:00.000+0000,1002414.5281335688,775640.7146857689,999999.9999999999,1000927.8662888954,495929.51917429536,1000749.9359948479,1000749.9359948479
2025-03-13T03:40:00.000+0000,1002402.2260830889,775640.7146857689,999999.9999999999,1000921.6909331353,495929.51917429536,1000749.9359948479,1000749.9359948479
2025-03-13T03:50:00.000+0000,1002398.5354679448,775640.7146857689,999999.9999999999,1000919.8383264074,495929.51917429536,1000749.9359948479,1000749.9359948479
2025-03-13T04:00:00.000+0000,1002372.7011619369,775640.7146857689,999999.9999999999,1000906.8700793113,495929.51917429536,1000749.9359948479,1000749.9359948479
2025-03-13T04:10:00.000+0000,1002354.2480862169,775640.7146857689,999999.9999999999,1000897.6070456713,495929.51917429536,1000749.9359948479,1000749.9359948479
2025-03-13T04:20:00.000+0000,1002425.5999790009,775640.7146857689,999999.9999999999,1000933.4241090793,495929.51917429536,1000749.9359948479,1000749.9359948479
2025-03-13T04:30:00.000+0000,1002501.8726919768,775640.7146857689,999999.9999999999,1000971.7113147913,495929.51917429536,1000749.9359948479,1000749.9359948479
2025-03-13T04:40:00.000+0000,1002540.0090484648,775640.7146857689,999999.9999999999,1000990.8549176473,495929.51917429536,1000749.9359948479,1000749.9359948479
2025-03-13T04:50:00.000+0000,1002542.4694585608,775640.7146857689,999999.9999999999,1000992.0899887993,495929.51917429536,1000749.9359948479,1000749.9359948479
2025-03-13T05:00:00.000+0000,1002542.4694585608,775640.7146857689,999999.9999999999,1000992.0899887993,495929.51917429536,1000749.9359948479,1000749.9359948479
2025-03-13T05:10:00.000+0000,1002586.7568402889,775640.7146857689,999999.9999999999,1001014.3212695353,495929.51917429536,1000749.9359948479,1000749.9359948479
2025-03-13T05:20:00.000+0000,1002516.6351525529,775640.7146857689,999999.9999999999,1000979.1217417034,495929.51917429536,1000749.9359948479,1000749.9359948479
2025-03-13T05:30:00.000+0000,1002558.4621241848,775640.7146857689,999999.9999999999,1001000.1179512873,495929.51917429536,1000749.9359948479,1000749.9359948479
2025-03-13T05:40:00.000+0000,1002697.4752946089,775640.7146857689,999999.9999999999,1001069.8994713753,495929.51917429536,1000749.9359948479,1000749.9359948479
2025-03-13T05:50:00.000+0000,1002772.5178025368,775640.7146857689,999999.9999999999,1001107.5691415113,495929.51917429536,1000749.9359948479,1000749.9359948479
2025-03-13T06:00:00.000+0000,1002771.2875974888,775640.7146857689,999999.9999999999,1001106.9516059353,495929.51917429536,1000749.9359948479,1000749.9359948479
2025-03-13T06:10:00.000+0000,1002837.7186700809,775640.7146857689,999999.9999999999,1001140.2985270394,495929.51917429536,1000749.9359948479,1000749.9359948479
2025-03-13T06:20:00.000+0000,1002859.8623609449,775640.7146857689,999999.9999999999,1001151.4141674073,495929.51917429536,1000749.9359948479,1000749.9359948479
2025-03-13T06:30:00.000+0000,1002792.2010833048,775640.7146857689,999999.9999999999,1001117.4497107273,495929.51917429536,1000749.9359948479,1000749.9359948479
2025-03-13T06:40:00.000+0000,1002733.1512410009,775640.7146857689,999999.9999999999,1001087.8080030794,495929.51917429536,1000749.9359948479,1000749.9359948479
2025-03-13T06:50:00.000+0000,1002653.1879128809,775640.7146857689,999999.9999999999,1001047.6681906393,495929.51917429536,1000749.9359948479,1000749.9359948479
2025-03-13T07:00:00.000+0000,1002681.4826289848,775640.7146857689,999999.9999999999,1001061.8715088873,495929.51917429536,1000749.9359948479,1000749.9359948479
2025-03-13T07:10:00.000+0000,1002654.4181179288,775640.7146857689,999999.9999999999,1001048.2857262153,495929.51917429536,1000749.9359948479,1000749.9359948479
2025-03-13T07:20:00.000+0000,1002501.8726919768,775640.7146857689,999999.9999999999,1000971.7113147913,495929.51917429536,1000749.9359948479,1000749.9359948479
2025-03-13T07:30:00.000+0000,1002462.5061304409,775640.7146857689,999999.9999999999,1000951.9501763593,495929.51917429536,1000749.9359948479,1000749.9359948479
2025-03-13T07:40:00.000+0000,1002487.1102314008,775640.7146857689,999999.9999999999,1000964.3008878793,495929.51917429536,1000749.9359948479,1000749.9359948479
2025-03-13T07:50:00.000+0000,1002439.1322345289,775640.7146857689,999999.9999999999,1000940.2170004153,495929.51917429536,1000749.9359948479,1000749.9359948479
2025-03-13T08:00:00.000+0000,1002453.8946951048,775640.7146857689,999999.9999999999,1000947.6274273273,495929.51917429536,1000749.9359948479,1000749.9359948479
2025-03-13T08:10:00.000+0000,1002421.9093638569,775640.7146857689,999999.9999999999,1000931.5715023513,495929.51917429536,1000749.9359948479,1000749.9359948479
2025-03-13T08:20:00.000+0000,1002501.8726919768,775640.7146857689,999999.9999999999,1000971.7113147913,495929.51917429536,1000749.9359948479,1000749.9359948479
2025-03-13T08:30:00.000+0000,1002585.5266352409,775640.7146857689,999999.9999999999,1001013.7037339594,495929.51917429536,1000749.9359948479,1000749.9359948479
2025-03-13T08:40:00.000+0000,1002528.9372030329,775640.7146857689,999999.9999999999,1000985.2970974633,495929.51917429536,1000749.9359948479,1000749.9359948479
2025-03-13T08:50:00.000+0000,1002469.8873607288,775640.7146857689,999999.9999999999,1000955.6553898153,495929.51917429536,1000749.9359948479,1000749.9359948479
2025-03-13T09:00:00.000+0000,1002408.3771083289,775640.7146857689,999999.9999999999,1000924.7786110153,495929.51917429536,1000749.9359948479,1000749.9359948479
2025-03-13T09:10:00.000+0000,1002399.7656729928,775640.7146857689,999999.9999999999,1000920.4558619834,495929.51917429536,1000749.9359948479,1000749.9359948479
2025-03-13T09:20:00.000+0000,1002365.3199316489,775640.7146857689,999999.9999999999,1000903.1648658554,495929.51917429536,1000749.9359948479,1000749.9359948479
2025-03-13T09:30:00.000+0000,1002385.0032124168,775640.7146857689,999999.9999999999,1000913.0454350713,495929.51917429536,1000749.9359948479,1000749.9359948479
2025-03-13T09:40:00.000+0000,1002276.7451681928,775640.7146857689,999999.9999999999,1000858.7023043833,495929.51917429536,1000749.9359948479,1000749.9359948479
2025-03-13T09:50:00.000+0000,1002206.6234804569,775640.7146857689,999999.9999999999,1000823.5027765513,495929.51917429536,1000749.9359948479,1000749.9359948479
2025-03-13T10:00:00.000+0000,1002193.0912249289,775640.7146857689,999999.9999999999,1000816.7098852153,495929.51917429536,1000749.9359948479,1000749.9359948479
2025-03-13T10:10:00.000+0000,1002300.1190641049,775640.7146857689,999999.9999999999,1000870.4354803273,495929.51917429536,1000749.9359948479,1000749.9359948479
2025-03-13T10:20:00.000+0000,1002330.8741903049,775640.7146857689,999999.9999999999,1000885.8738697274,495929.51917429536,1000749.9359948479,1000749.9359948479
2025-03-13T10:30:00.000+0000,1002301.3492691529,775640.7146857689,999999.9999999999,1000871.0530159033,495929.51917429536,1000749.9359948479,1000749.9359948479
2025-03-13T10:40:00.000+0000,1002353.0178811689,775640.7146857689,999999.9999999999,1000896.9895100953,495929.51917429536,1000749.9359948479,1000749.9359948479
2025-03-13T10:50:00.000+0000,1002307.5002943928,775640.7146857689,999999.9999999999,1000874.1406937833,495929.51917429536,1000749.9359948479,1000749.9359948479
2025-03-13T11:00:00.000+0000,1002303.8096792488,775640.7146857689,999999.9999999999,1000872.2880870553,495929.51917429536,1000749.9359948479,1000749.9359948479
2025-03-13T11:10:00.000+0000,1002348.0970609768,775640.7146857689,999999.9999999999,1000894.5193677914,495929.51917429536,1000749.9359948479,1000749.9359948479
2025-03-13T11:20:00.000+0000,1002437.9020294808,775640.7146857689,999999.9999999999,1000939.5994648393,495929.51917429536,1000749.9359948479,1000749.9359948479
2025-03-13T11:30:00.000+0000,1002445.2832597689,775640.7146857689,999999.9999999999,1000943.3046782953,495929.51917429536,1000749.9359948479,1000749.9359948479
2025-03-13T11:40:00.000+0000,1002463.7363354889,775640.7146857689,999999.9999999999,1000952.5677119354,495929.51917429536,1000749.9359948479,1000749.9359948479
2025-03-13T11:50:00.000+0000,1002429.2905941448,775640.7146857689,999999.9999999999,1000935.2767158074,495929.51917429536,1000749.9359948479,1000749.9359948479
2025-03-13T12:00:00.000+0000,1002415.7583386168,775640.7146857689,999999.9999999999,1000928.4838244714,495929.51917429536,1000749.9359948479,1000749.9359948479
2025-03-13T12:10:00.000+0000,1002482.1894112088,775640.7146857689,999999.9999999999,1000961.8307455754,495929.51917429536,1000749.9359948479,1000749.9359948479
2025-03-13T12:20:00.000+0000,1002332.1043953529,775640.7146857689,999999.9999999999,1000886.4914053034,495929.51917429536,1000749.9359948479,1000749.9359948479
2025-03-13T12:30:00.000+0000,1002370.2407518409,775640.7146857689,999999.9999999999,1000905.6350081593,495929.51917429536,1000749.9359948479,1000749.9359948479
2025-03-13T12:40:00.000+0000,1002536.3184333208,775640.7146857689,999999.9999999999,1000989.0023109193,495929.51917429536,1000749.9359948479,1000749.9359948479
2025-03-13T12:50:00.000+0000,1002629.8140169688,775640.7146857689,999999.9999999999,1001035.9350146953,495929.51917429536,1000749.9359948479,1000749.9359948479
2025-03-13T13:00:00.000+0000,1002440.3624395769,775640.7146857689,999999.9999999999,1000940.8345359913,495929.51917429536,1000749.9359948479,1000749.9359948479
2025-03-13T13:10:00.000+0000,1002526.4767929369,775640.7146857689,999999.9999999999,1000984.0620263113,495929.51917429536,1000749.9359948479,1000749.9359948479
2025-03-13T13:20:00.000+0000,1002407.1469032809,775640.7146857689,999999.9999999999,1000924.1610754393,495929.51917429536,1000749.9359948479,1000749.9359948479
2025-03-13T13:30:00.000+0000,1002376.3917770808,775640.7146857689,999999.9999999999,1000908.7226860393,495929.51917429536,1000749.9359948479,1000749.9359948479
2025-03-13T13:40:00.000+0000,1002581.8360200969,775640.7146857689,999999.9999999999,1001011.8511272313,495929.51917429536,1000749.9359948479,1000749.9359948479
2025-03-13T13:50:00.000+0000,1002814.3447741688,775640.7146857689,999999.9999999999,1001128.5653510953,495929.51917429536,1000749.9359948479,1000749.9359948479
2025-03-13T14:00:00.000+0000,1002850.0207205608,775640.7146857689,999999.9999999999,1001146.4738827993,495929.51917429536,1000749.9359948479,1000749.9359948479
2025-03-13T14:10:00.000+0000,1002596.5984806728,775640.7146857689,999999.9999999999,1001019.2615541433,495929.51917429536,1000749.9359948479,1000749.9359948479
2025-03-13T14:20:00.000+0000,1002632.2744270648,775640.7146857689,999999.9999999999,1001037.1700858474,495929.51917429536,1000749.9359948479,1000749.9359948479
2025-03-13T14:30:00.000+0000,1002644.5764775448,775640.7146857689,999999.9999999999,1001043.3454416073,495929.51917429536,1000749.9359948479,1000749.9359948479
2025-03-13T14:40:00.000+0000,1002679.0222188889,775640.7146857689,999999.9999999999,1001060.6364377353,495929.51917429536,1000749.9359948479,1000749.9359948479
2025-03-13T14:50:00.000+0000,1002618.7421715369,775640.7146857689,999999.9999999999,1001030.3771945114,495929.51917429536,1000749.9359948479,1000749.9359948479
2025-03-13T15:00:00.000+0000,1002701.1659097528,775640.7146857689,999999.9999999999,1001071.7520781034,495929.51917429536,1000749.9359948479,1000749.9359948479
2025-03-13T15:10:00.000+0000,1002793.4312883528,775640.7146857689,999999.9999999999,1001118.0672463033,495929.51917429536,1000749.9359948479,1000749.9359948479
2025-03-13T15:20:00.000+0000,1002754.0647268168,775640.7146857689,999999.9999999999,1001098.3061078714,495929.51917429536,1000749.9359948479,1000749.9359948479
2025-03-13T15:30:00.000+0000,1002814.3447741688,775640.7146857689,999999.9999999999,1001128.5653510953,495929.51917429536,1000749.9359948479,1000749.9359948479
2025-03-13T15:40:00.000+0000,1002913.9913830569,775640.7146857689,999999.9999999999,1001178.5857327513,495929.51917429536,1000749.9359948479,1000749.9359948479
2025-03-13T15:50:00.000+0000,1002986.5734808889,775640.7146857689,999999.9999999999,1001215.0203317354,495929.51917429536,1000749.9359948479,1000749.9359948479
2025-03-13T16:00:00.000+0000,1002934.9048688728,775640.7146857689,999999.9999999999,1001189.0838375434,495929.51917429536,1000749.9359948479,1000749.9359948479
2025-03-13T16:10:00.000+0000,1002993.9547111768,775640.7146857689,999999.9999999999,1001218.7255451913,495929.51917429536,1000749.9359948479,1000749.9359948479
2025-03-13T16:20:00.000+0000,1002986.5734808889,775640.7146857689,999999.9999999999,1001215.0203317354,495929.51917429536,1000749.9359948479,1000749.9359948479
2025-03-13T16:30:00.000+0000,1002998.8755313689,775640.7146857689,999999.9999999999,1001221.1956874953,495929.51917429536,1000749.9359948479,1000749.9359948479
2025-03-13T16:40:00.000+0000,1003003.7963515609,775640.7146857689,999999.9999999999,1001223.6658297994,495929.51917429536,1000749.9359948479,1000749.9359948479
2025-03-13T16:50:00.000+0000,1003068.9972191048,775640.7146857689,999999.9999999999,1001256.3952153273,495929.51917429536,1000749.9359948479,1000749.9359948479
2025-03-13T17:00:00.000+0000,1003032.0910676648,775640.7146857689,999999.9999999999,1001237.8691480473,495929.51917429536,1000749.9359948479,1000749.9359948479
2025-03-13T17:10:00.000+0000,1003081.2992695848,775640.7146857689,999999.9999999999,1001262.5705710873,495929.51917429536,1000749.9359948479,1000749.9359948479
2025-03-13T17:20:00.000+0000,1003132.9678816008,775640.7146857689,999999.9999999999,1001288.5070652793,495929.51917429536,1000749.9359948479,1000749.9359948479
2025-03-13T17:30:00.000+0000,1003183.4062885689,775640.7146857689,999999.9999999999,1001313.8260238953,495929.51917429536,1000749.9359948479,1000749.9359948479
2025-03-13T17:40:00.000+0000,1003290.4341277449,775640.7146857689,999999.9999999999,1001367.5516190074,495929.51917429536,1000749.9359948479,1000749.9359948479
2025-03-13T17:50:00.000+0000,1003334.7215094728,775640.7146857689,999999.9999999999,1001389.7828997433,495929.51917429536,1000749.9359948479,1000749.9359948479
2025-03-13T18:00:00.000+0000,1003246.1467460168,775640.7146857689,999999.9999999999,1001345.3203382713,495929.51917429536,1000749.9359948479,1000749.9359948479
2025-03-13T18:10:00.000+0000,1003193.2479289528,775640.7146857689,999999.9999999999,1001318.7663085033,495929.51917429536,1000749.9359948479,1000749.9359948479
2025-03-13T18:20:00.000+0000,1003060.3857837688,775640.7146857689,999999.9999999999,1001252.0724662953,495929.51917429536,1000749.9359948479,1000749.9359948479
2025-03-13T18:30:00.000+0000,1003038.2420929049,775640.7146857689,999999.9999999999,1001240.9568259274,495929.51917429536,1000749.9359948479,1000749.9359948479
2025-03-13T18:40:00.000+0000,1003057.9253736729,775640.7146857689,999999.9999999999,1001250.8373951433,495929.51917429536,1000749.9359948479,1000749.9359948479
2025-03-13T18:50:00.000+0000,1003123.1262412169,775640.7146857689,999999.9999999999,1001283.5667806714,495929.51917429536,1000749.9359948479,1000749.9359948479
2025-03-13T19:00:00.000+0000,1003110.8241907369,775640.7146857689,999999.9999999999,1001277.3914249113,495929.51917429536,1000749.9359948479,1000749.9359948479
2025-03-13T19:10:00.000+0000,1003216.6218248649,775640.7146857689,999999.9999999999,1001330.4994844473,495929.51917429536,1000749.9359948479,1000749.9359948479
2025-03-13T19:20:00.000+0000,1003230.1540803928,775640.7146857689,999999.9999999999,1001337.2923757833,495929.51917429536,1000749.9359948479,1000749.9359948479
2025-03-13T19:30:00.000+0000,1003308.8872034649,775640.7146857689,999999.9999999999,1001376.8146526474,495929.51917429536,1000749.9359948479,1000749.9359948479
2025-03-13T19:40:00.000+0000,1003367.9370457688,775640.7146857689,999999.9999999999,1001406.4563602953,495929.51917429536,1000749.9359948479,1000749.9359948479
2025-03-13T19:50:00.000+0000,1003317.4986388008,775640.7146857689,999999.9999999999,1001381.1374016793,495929.51917429536,1000749.9359948479,1000749.9359948479
2025-03-13T20:00:00.000+0000,1003321.1892539449,775640.7146857689,999999.9999999999,1001382.9900084073,495929.51917429536,1000749.9359948479,1000749.9359948479
2025-03-13T20:10:00.000+0000,1003265.8300267848,775640.7146857689,999999.9999999999,1001355.2009074873,495929.51917429536,1000749.9359948479,1000749.9359948479
2025-03-13T20:20:00.000+0000,1003249.8373611609,775640.7146857689,999999.9999999999,1001347.1729449993,495929.51917429536,1000749.9359948479,1000749.9359948479
2025-03-13T20:30:00.000+0000,1003214.1614147688,775640.7146857689,999999.9999999999,1001329.2644132953,495929.51917429536,1000749.9359948479,1000749.9359948479
2025-03-13T20:40:00.000+0000,1003326.1100741369,775640.7146857689,999999.9999999999,1001385.4601507114,495929.51917429536,1000749.9359948479,1000749.9359948479
2025-03-13T20:50:00.000+0000,1003395.0015568249,775640.7146857689,999999.9999999999,1001420.0421429673,495929.51917429536,1000749.9359948479,1000749.9359948479
2025-03-13T21:00:00.000+0000,1003407.3036073048,775640.7146857689,999999.9999999999,1001426.2174987274,495929.51917429536,1000749.9359948479,1000749.9359948479
2025-03-13T21:10:00.000+0000,1003428.2170931208,775640.7146857689,999999.9999999999,1001436.7156035193,495929.51917429536,1000749.9359948479,1000749.9359948479
2025-03-13T21:20:00.000+0000,1003391.3109416808,775640.7146857689,999999.9999999999,1001418.1895362394,495929.51917429536,1000749.9359948479,1000749.9359948479
2025-03-13T21:30:00.000+0000,1003401.1525820649,775640.7146857689,999999.9999999999,1001423.1298208473,495929.51917429536,1000749.9359948479,1000749.9359948479
2025-03-13T21:40:00.000+0000,1003292.8945378409,775640.7146857689,999999.9999999999,1001368.7866901594,495929.51917429536,1000749.9359948479,1000749.9359948479
2025-03-13T21:50:00.000+0000,1003308.8872034649,775640.7146857689,999999.9999999999,1001376.8146526474,495929.51917429536,1000749.9359948479,1000749.9359948479
2025-03-13T22:00:00.000+0000,1003212.9312097209,775640.7146857689,999999.9999999999,1001328.6468777193,495929.51917429536,1000749.9359948479,1000749.9359948479
2025-03-13T22:10:00.000+0000,1003211.7010046728,775640.7146857689,999999.9999999999,1001328.0293421433,495929.51917429536,1000749.9359948479,1000749.9359948479
2025-03-13T22:20:00.000+0000,1003199.3989541929,775640.7146857689,999999.9999999999,1001321.8539863833,495929.51917429536,1000749.9359948479,1000749.9359948479
2025-03-13T22:30:00.000+0000,1003180.9458784729,775640.7146857689,999999.9999999999,1001312.5909527433,495929.51917429536,1000749.9359948479,1000749.9359948479
2025-03-13T22:40:00.000+0000,1003114.5148058808,775640.7146857689,999999.9999999999,1001279.2440316393,495929.51917429536,1000749.9359948479,1000749.9359948479
2025-03-13T22:50:00.000+0000,1003017.3286070889,775640.7146857689,999999.9999999999,1001230.4587211353,495929.51917429536,1000749.9359948479,1000749.9359948479
2025-03-13T23:00:00.000+0000,1002920.1424082968,775640.7146857689,999999.9999999999,1001181.6734106314,495929.51917429536,1000749.9359948479,1000749.9359948479
2025-03-13T23:10:00.000+0000,1002952.1277395448,775640.7146857689,999999.9999999999,1001197.7293356073,495929.51917429536,1000749.9359948479,1000749.9359948479
2025-03-13T23:20:00.000+0000,1003037.0118878569,775640.7146857689,999999.9999999999,1001240.3392903514,495929.51917429536,1000749.9359948479,1000749.9359948479
2025-03-13T23:30:00.000+0000,1003086.2200897769,775640.7146857689,999999.9999999999,1001265.0407133913,495929.51917429536,1000749.9359948479,1000749.9359948479
2025-03-13T23:40:00.000+0000,1003084.9898847288,775640.7146857689,999999.9999999999,1001264.4231778153,495929.51917429536,1000749.9359948479,1000749.9359948479
2025-03-13T23:50:00.000+0000,1003064.0763989128,775640.7146857689,999999.9999999999,1001253.9250730233,495929.51917429536,1000749.9359948479,1000749.9359948479
2025-03-14T00:00:00.000+0000,1003078.8388594888,775640.7146857689,999999.9999999999,1001261.3354999353,495929.51917429536,1000749.9359948479,1000749.9359948479
2025-03-14T00:10:00.000+0000,1003050.5441433848,775640.7146857689,999999.9999999999,1001247.1321816873,495929.51917429536,1000749.9359948479,1000749.9359948479
2025-03-14T00:20:00.000+0000,1003000.1057364169,775640.7146857689,999999.9999999999,1001221.8132230713,495929.51917429536,1000749.9359948479,1000749.9359948479
2025-03-14T00:30:00.000+0000,1002933.6746638248,775640.7146857689,999999.9999999999,1001188.4663019673,495929.51917429536,1000749.9359948479,1000749.9359948479
2025-03-14T00:40:00.000+0000,1002862.3227710408,775640.7146857689,999999.9999999999,1001152.6492385593,495929.51917429536,1000749.9359948479,1000749.9359948479
2025-03-14T00:50:00.000+0000,1002830.3374397928,775640.7146857689,999999.9999999999,1001136.5933135833,495929.51917429536,1000749.9359948479,1000749.9359948479
2025-03-14T01:00:00.000+0000,1002925.0632284889,775640.7146857689,999999.9999999999,1001184.1435529353,495929.51917429536,1000749.9359948479,1000749.9359948479
2025-03-14T01:10:00.000+0000,1002895.5383073369,775640.7146857689,999999.9999999999,1001169.3226991113,495929.51917429536,1000749.9359948479,1000749.9359948479
2025-03-14T01:20:00.000+0000,1002879.5456417128,775640.7146857689,999999.9999999999,1001161.2947366233,495929.51917429536,1000749.9359948479,1000749.9359948479
2025-03-14T01:30:00.000+0000,1002804.5031337849,775640.7146857689,999999.9999999999,1001123.6250664874,495929.51917429536,1000749.9359948479,1000749.9359948479
2025-03-14T01:40:00.000+0000,1002729.4606258569,775640.7146857689,999999.9999999999,1001085.9553963513,495929.51917429536,1000749.9359948479,1000749.9359948479
2025-03-14T01:50:00.000+0000,1002789.7406732088,775640.7146857689,999999.9999999999,1001116.2146395753,495929.51917429536,1000749.9359948479,1000749.9359948479
2025-03-14T02:00:00.000+0000,1002787.2802631129,775640.7146857689,999999.9999999999,1001114.9795684234,495929.51917429536,1000749.9359948479,1000749.9359948479
2025-03-14T02:10:00.000+0000,1002790.9708782568,775640.7146857689,999999.9999999999,1001116.8321751513,495929.51917429536,1000749.9359948479,1000749.9359948479
2025-03-14T02:20:00.000+0000,1002703.6263198488,775640.7146857689,999999.9999999999,1001072.9871492554,495929.51917429536,1000749.9359948479,1000749.9359948479
2025-03-14T02:30:00.000+0000,1002666.7201684088,775640.7146857689,999999.9999999999,1001054.4610819754,495929.51917429536,1000749.9359948479,1000749.9359948479
2025-03-14T02:40:00.000+0000,1002655.6483229769,775640.7146857689,999999.9999999999,1001048.9032617913,495929.51917429536,1000749.9359948479,1000749.9359948479
2025-03-14T02:50:00.000+0000,1002624.8931967769,775640.7146857689,999999.9999999999,1001033.4648723913,495929.51917429536,1000749.9359948479,1000749.9359948479
2025-03-14T03:00:00.000+0000,1002651.9577078328,775640.7146857689,999999.9999999999,1001047.0506550634,495929.51917429536,1000749.9359948479,1000749.9359948479
2025-03-14T03:10:00.000+0000,1002696.2450895609,775640.7146857689,999999.9999999999,1001069.2819357993,495929.51917429536,1000749.9359948479,1000749.9359948479
2025-03-14T03:20:00.000+0000,1002718.3887804248,775640.7146857689,999999.9999999999,1001080.3975761674,495929.51917429536,1000749.9359948479,1000749.9359948479
2025-03-14T03:30:00.000+0000,1002752.8345217688,775640.7146857689,999999.9999999999,1001097.6885722954,495929.51917429536,1000749.9359948479,1000749.9359948479
2025-03-14T03:40:00.000+0000,1002712.2377551849,775640.7146857689,999999.9999999999,1001077.3098982873,495929.51917429536,1000749.9359948479,1000749.9359948479
2025-03-14T03:50:00.000+0000,1002597.8286857208,775640.7146857689,999999.9999999999,1001019.8790897194,495929.51917429536,1000749.9359948479,1000749.9359948479
2025-03-14T04:00:00.000+0000,1002559.6923292328,775640.7146857689,999999.9999999999,1001000.7354868633,495929.51917429536,1000749.9359948479,1000749.9359948479
2025-03-14T04:10:00.000+0000,1002567.0735595209,775640.7146857689,999999.9999999999,1001004.4407003194,495929.51917429536,1000749.9359948479,1000749.9359948479
2025-03-14T04:20:00.000+0000,1002605.2099160089,775640.7146857689,999999.9999999999,1001023.5843031753,495929.51917429536,1000749.9359948479,1000749.9359948479
2025-03-14T04:30:00.000+0000,1002628.5838119208,775640.7146857689,999999.9999999999,1001035.3174791193,495929.51917429536,1000749.9359948479,1000749.9359948479
2025-03-14T04:40:00.000+0000,1002601.5193008648,775640.7146857689,999999.9999999999,1001021.7316964474,495929.51917429536,1000749.9359948479,1000749.9359948479
2025-03-14T04:50:00.000+0000,1002597.8286857208,775640.7146857689,999999.9999999999,1001019.8790897194,495929.51917429536,1000749.9359948479,1000749.9359948479
2025-03-14T05:00:00.000+0000,1002603.9797109609,775640.7146857689,999999.9999999999,1001022.9667675993,495929.51917429536,1000749.9359948479,1000749.9359948479
2025-03-14T05:10:00.000+0000,1002675.3316037449,775640.7146857689,999999.9999999999,1001058.7838310073,495929.51917429536,1000749.9359948479,1000749.9359948479
2025-03-14T05:20:00.000+0000,1002649.4972977368,775640.7146857689,999999.9999999999,1001045.8155839113,495929.51917429536,1000749.9359948479,1000749.9359948479
2025-03-14T05:30:00.000+0000,1002629.8140169688,775640.7146857689,999999.9999999999,1001035.9350146953,495929.51917429536,1000749.9359948479,1000749.9359948479
2025-03-14T05:40:00.000+0000,1002594.1380705768,775640.7146857689,999999.9999999999,1001018.0264829913,495929.51917429536,1000749.9359948479,1000749.9359948479
2025-03-14T05:50:00.000+0000,1002596.5984806728,775640.7146857689,999999.9999999999,1001019.2615541433,495929.51917429536,1000749.9359948479,1000749.9359948479
2025-03-14T06:00:00.000+0000,1002607.6703261049,775640.7146857689,999999.9999999999,1001024.8193743273,495929.51917429536,1000749.9359948479,1000749.9359948479
2025-03-14T06:10:00.000+0000,1002680.2524239369,775640.7146857689,999999.9999999999,1001061.2539733113,495929.51917429536,1000749.9359948479,1000749.9359948479
2025-03-14T06:20:00.000+0000,1002711.0075501369,775640.7146857689,999999.9999999999,1001076.6923627113,495929.51917429536,1000749.9359948479,1000749.9359948479
2025-03-14T06:30:00.000+0000,1002681.4826289848,775640.7146857689,999999.9999999999,1001061.8715088873,495929.51917429536,1000749.9359948479,1000749.9359948479
2025-03-14T06:40:00.000+0000,1002685.1732441288,775640.7146857689,999999.9999999999,1001063.7241156154,495929.51917429536,1000749.9359948479,1000749.9359948479
2025-03-14T06:50:00.000+0000,1002674.1013986969,775640.7146857689,999999.9999999999,1001058.1662954313,495929.51917429536,1000749.9359948479,1000749.9359948479
2025-03-14T07:00:00.000+0000,1002703.6263198488,775640.7146857689,999999.9999999999,1001072.9871492554,495929.51917429536,1000749.9359948479,1000749.9359948479
2025-03-14T07:10:00.000+0000,1002704.8565248968,775640.7146857689,999999.9999999999,1001073.6046848313,495929.51917429536,1000749.9359948479,1000749.9359948479
2025-03-14T07:20:00.000+0000,1002719.6189854728,775640.7146857689,999999.9999999999,1001081.0151117434,495929.51917429536,1000749.9359948479,1000749.9359948479
2025-03-14T07:30:00.000+0000,1002696.2450895609,775640.7146857689,999999.9999999999,1001069.2819357993,495929.51917429536,1000749.9359948479,1000749.9359948479
2025-03-14T07:40:00.000+0000,1002579.3756100008,775640.7146857689,999999.9999999999,1001010.6160560793,495929.51917429536,1000749.9359948479,1000749.9359948479
2025-03-14T07:50:00.000+0000,1002647.0368876408,775640.7146857689,999999.9999999999,1001044.5805127593,495929.51917429536,1000749.9359948479,1000749.9359948479
2025-03-14T08:00:00.000+0000,1002597.8286857208,775640.7146857689,999999.9999999999,1001019.8790897194,495929.51917429536,1000749.9359948479,1000749.9359948479
2025-03-14T08:10:00.000+0000,1002515.4049475049,775640.7146857689,999999.9999999999,1000978.5042061274,495929.51917429536,1000749.9359948479,1000749.9359948479
2025-03-14T08:20:00.000+0000,1002455.1249001529,775640.7146857689,999999.9999999999,1000948.2449629033,495929.51917429536,1000749.9359948479,1000749.9359948479
2025-03-14T08:30:00.000+0000,1002456.3551052008,775640.7146857689,999999.9999999999,1000948.8624984793,495929.51917429536,1000749.9359948479,1000749.9359948479
2025-03-14T08:40:00.000+0000,1002504.3331020728,775640.7146857689,999999.9999999999,1000972.9463859433,495929.51917429536,1000749.9359948479,1000749.9359948479
2025-03-14T08:50:00.000+0000,1002525.2465878888,775640.7146857689,999999.9999999999,1000983.4444907353,495929.51917429536,1000749.9359948479,1000749.9359948479
2025-03-14T09:00:00.000+0000,1002485.8800263528,775640.7146857689,999999.9999999999,1000963.6833523033,495929.51917429536,1000749.9359948479,1000749.9359948479
2025-03-14T09:10:00.000+0000,1002562.1527393288,775640.7146857689,999999.9999999999,1001001.9705580153,495929.51917429536,1000749.9359948479,1000749.9359948479
2025-03-14T09:20:00.000+0000,1002542.4694585608,775640.7146857689,999999.9999999999,1000992.0899887993,495929.51917429536,1000749.9359948479,1000749.9359948479
2025-03-14T09:30:00.000+0000,1002536.3184333208,775640.7146857689,999999.9999999999,1000989.0023109193,495929.51917429536,1000749.9359948479,1000749.9359948479
2025-03-14T09:40:00.000+0000,1002538.7788434168,775640.7146857689,999999.9999999999,1000990.2373820713,495929.51917429536,1000749.9359948479,1000749.9359948479
2025-03-14T09:50:00.000+0000,1002565.8433544729,775640.7146857689,999999.9999999999,1001003.8231647434,495929.51917429536,1000749.9359948479,1000749.9359948479
2025-03-14T10:00:00.000+0000,1002624.8931967769,775640.7146857689,999999.9999999999,1001033.4648723913,495929.51917429536,1000749.9359948479,1000749.9359948479
2025-03-14T10:10:00.000+0000,1002655.6483229769,775640.7146857689,999999.9999999999,1001048.9032617913,495929.51917429536,1000749.9359948479,1000749.9359948479
2025-03-14T10:20:00.000+0000,1002597.8286857208,775640.7146857689,999999.9999999999,1001019.8790897194,495929.51917429536,1000749.9359948479,1000749.9359948479
2025-03-14T10:30:00.000+0000,1002563.3829443769,775640.7146857689,999999.9999999999,1001002.5880935913,495929.51917429536,1000749.9359948479,1000749.9359948479
2025-03-14T10:40:00.000+0000,1002480.9592061609,775640.7146857689,999999.9999999999,1000961.2132099993,495929.51917429536,1000749.9359948479,1000749.9359948479
2025-03-14T10:50:00.000+0000,1002514.1747424569,775640.7146857689,999999.9999999999,1000977.8866705513,495929.51917429536,1000749.9359948479,1000749.9359948479
2025-03-14T11:00:00.000+0000,1002559.6923292328,775640.7146857689,999999.9999999999,1001000.7354868633,495929.51917429536,1000749.9359948479,1000749.9359948479
2025-03-14T11:10:00.000+0000,1002554.7715090408,775640.7146857689,999999.9999999999,1000998.2653445593,495929.51917429536,1000749.9359948479,1000749.9359948479
2025-03-14T11:20:00.000+0000,1002530.1674080809,775640.7146857689,999999.9999999999,1000985.9146330394,495929.51917429536,1000749.9359948479,1000749.9359948479
2025-03-14T11:30:00.000+0000,1002515.4049475049,775640.7146857689,999999.9999999999,1000978.5042061274,495929.51917429536,1000749.9359948479,1000749.9359948479
2025-03-14T11:40:00.000+0000,1002525.2465878888,775640.7146857689,999999.9999999999,1000983.4444907353,495929.51917429536,1000749.9359948479,1000749.9359948479
2025-03-14T11:50:00.000+0000,1002500.6424869288,775640.7146857689,999999.9999999999,1000971.0937792154,495929.51917429536,1000749.9359948479,1000749.9359948479
2025-03-14T12:00:00.000+0000,1002522.7861777928,775640.7146857689,999999.9999999999,1000982.2094195833,495929.51917429536,1000749.9359948479,1000749.9359948479
2025-03-14T12:10:00.000+0000,1002463.7363354889,775640.7146857689,999999.9999999999,1000952.5677119354,495929.51917429536,1000749.9359948479,1000749.9359948479
2025-03-14T12:20:00.000+0000,1002426.8301840489,775640.7146857689,999999.9999999999,1000934.0416446553,495929.51917429536,1000749.9359948479,1000749.9359948479
2025-03-14T12:30:00.000+0000,1002504.3331020728,775640.7146857689,999999.9999999999,1000972.9463859433,495929.51917429536,1000749.9359948479,1000749.9359948479
2025-03-14T12:40:00.000+0000,1002557.2319191368,775640.7146857689,999999.9999999999,1000999.5004157113,495929.51917429536,1000749.9359948479,1000749.9359948479
2025-03-14T12:50:00.000+0000,1002511.7143323608,775640.7146857689,999999.9999999999,1000976.6515993993,495929.51917429536,1000749.9359948479,1000749.9359948479
2025-03-14T13:00:00.000+0000,1002476.0383859689,775640.7146857689,999999.9999999999,1000958.7430676953,495929.51917429536,1000749.9359948479,1000749.9359948479
2025-03-14T13:10:00.000+0000,1002473.5779758729,775640.7146857689,999999.9999999999,1000957.5079965433,495929.51917429536,1000749.9359948479,1000749.9359948479
2025-03-14T13:20:00.000+0000,1002429.2905941448,775640.7146857689,999999.9999999999,1000935.2767158074,495929.51917429536,1000749.9359948479,1000749.9359948479
2025-03-14T13:30:00.000+0000,1002364.0897266008,775640.7146857689,999999.9999999999,1000902.5473302794,495929.51917429536,1000749.9359948479,1000749.9359948479
2025-03-14T13:40:00.000+0000,1002394.8448528008,775640.7146857689,999999.9999999999,1000917.9857196793,495929.51917429536,1000749.9359948479,1000749.9359948479
2025-03-14T13:50:00.000+0000,1002254.6014773288,775640.7146857689,999999.9999999999,1000847.5866640153,495929.51917429536,1000749.9359948479,1000749.9359948479
2025-03-14T14:00:00.000+0000,1002377.6219821288,775640.7146857689,999999.9999999999,1000909.3402216153,495929.51917429536,1000749.9359948479,1000749.9359948479
2025-03-14T14:10:00.000+0000,1002376.3917770808,775640.7146857689,999999.9999999999,1000908.7226860393,495929.51917429536,1000749.9359948479,1000749.9359948479
2025-03-14T14:20:00.000+0000,1002410.8375184248,775640.7146857689,999999.9999999999,1000926.0136821673,495929.51917429536,1000749.9359948479,1000749.9359948479
2025-03-14T14:30:00.000+0000,1002273.0545530488,775640.7146857689,999999.9999999999,1000856.8496976553,495929.51917429536,1000749.9359948479,1000749.9359948479
2025-03-14T14:40:00.000+0000,1002273.0545530488,775640.7146857689,999999.9999999999,1000856.8496976553,495929.51917429536,1000749.9359948479,1000749.9359948479
2025-03-14T14:50:00.000+0000,1002268.1337328568,775640.7146857689,999999.9999999999,1000854.3795553513,495929.51917429536,1000749.9359948479,1000749.9359948479
2025-03-14T15:00:00.000+0000,1002023.3229283048,775640.7146857689,999999.9999999999,1000731.4899757273,495929.51917429536,1000749.9359948479,1000749.9359948479
2025-03-14T15:10:00.000+0000,1001916.2950891289,775640.7146857689,999999.9999999999,1000677.7643806153,495929.51917429536,1000749.9359948479,1000749.9359948479
2025-03-14T15:20:00.000+0000,1001907.6836537928,775640.7146857689,999999.9999999999,1000673.4416315833,495929.51917429536,1000749.9359948479,1000749.9359948479
2025-03-14T15:30:00.000+0000,1001751.4476126968,775640.7146857689,999999.9999999999,1000595.0146134313,495929.51917429536,1000749.9359948479,1000749.9359948479
2025-03-14T15:40:00.000+0000,1001842.4827862489,775640.7146857689,999999.9999999999,1000640.7122460554,495929.51917429536,1000749.9359948479,1000749.9359948479
2025-03-14T15:50:00.000+0000,1001967.9637011448,775640.7146857689,999999.9999999999,1000703.7008748073,495929.51917429536,1000749.9359948479,1000749.9359948479
2025-03-14T16:00:00.000+0000,1002015.9416980168,775640.7146857689,999999.9999999999,1000727.7847622713,495929.51917429536,1000749.9359948479,1000749.9359948479
2025-03-14T16:10:00.000+0000,1002092.2144109928,775640.7146857689,999999.9999999999,1000766.0719679833,495929.51917429536,1000749.9359948479,1000749.9359948479
2025-03-14T16:20:00.000+0000,1002054.0780545048,775640.7146857689,999999.9999999999,1000746.9283651273,495929.51917429536,1000749.9359948479,1000749.9359948479
2025-03-14T16:30:00.000+0000,1002168.4871239688,775640.7146857689,999999.9999999999,1000804.3591736953,495929.51917429536,1000749.9359948479,1000749.9359948479
2025-03-14T16:40:00.000+0000,1002170.9475340649,775640.7146857689,999999.9999999999,1000805.5942448473,495929.51917429536,1000749.9359948479,1000749.9359948479
2025-03-14T16:50:00.000+0000,1002081.1425655609,775640.7146857689,999999.9999999999,1000760.5141477993,495929.51917429536,1000749.9359948479,1000749.9359948479
2025-03-14T17:00:00.000+0000,1002066.3801049849,775640.7146857689,999999.9999999999,1000753.1037208873,495929.51917429536,1000749.9359948479,1000749.9359948479
2025-03-14T17:10:00.000+0000,1002170.9475340649,775640.7146857689,999999.9999999999,1000805.5942448473,495929.51917429536,1000749.9359948479,1000749.9359948479
2025-03-14T17:20:00.000+0000,1002193.0912249289,775640.7146857689,999999.9999999999,1000816.7098852153,495929.51917429536,1000749.9359948479,1000749.9359948479
2025-03-14T17:30:00.000+0000,1002264.4431177129,775640.7146857689,999999.9999999999,1000852.5269486234,495929.51917429536,1000749.9359948479,1000749.9359948479
2025-03-14T17:40:00.000+0000,1002318.5721398249,775640.7146857689,999999.9999999999,1000879.6985139673,495929.51917429536,1000749.9359948479,1000749.9359948479
2025-03-14T17:50:00.000+0000,1002312.4211145849,775640.7146857689,999999.9999999999,1000876.6108360873,495929.51917429536,1000749.9359948479,1000749.9359948479
2025-03-14T18:00:00.000+0000,1002282.8961934329,775640.7146857689,999999.9999999999,1000861.7899822633,495929.51917429536,1000749.9359948479,1000749.9359948479
2025-03-14T18:10:00.000+0000,1002306.2700893448,775640.7146857689,999999.9999999999,1000873.5231582073,495929.51917429536,1000749.9359948479,1000749.9359948479
2025-03-14T18:20:00.000+0000,1002380.0823922248,775640.7146857689,999999.9999999999,1000910.5752927674,495929.51917429536,1000749.9359948479,1000749.9359948479
2025-03-14T18:30:00.000+0000,1002307.5002943928,775640.7146857689,999999.9999999999,1000874.1406937833,495929.51917429536,1000749.9359948479,1000749.9359948479
2025-03-14T18:40:00.000+0000,1002309.9607044889,775640.7146857689,999999.9999999999,1000875.3757649353,495929.51917429536,1000749.9359948479,1000749.9359948479
2025-03-14T18:50:00.000+0000,1002338.2554205928,775640.7146857689,999999.9999999999,1000889.5790831833,495929.51917429536,1000749.9359948479,1000749.9359948479
2025-03-14T19:00:00.000+0000,1002297.6586540089,775640.7146857689,999999.9999999999,1000869.2004091754,495929.51917429536,1000749.9359948479,1000749.9359948479
2025-03-14T19:10:00.000+0000,1002228.7671713209,775640.7146857689,999999.9999999999,1000834.6184169194,495929.51917429536,1000749.9359948479,1000749.9359948479
2025-03-14T19:20:00.000+0000,1002236.1484016088,775640.7146857689,999999.9999999999,1000838.3236303753,495929.51917429536,1000749.9359948479,1000749.9359948479
2025-03-14T19:30:00.000+0000,1002300.1190641049,775640.7146857689,999999.9999999999,1000870.4354803273,495929.51917429536,1000749.9359948479,1000749.9359948479
2025-03-14T19:40:00.000+0000,1002328.4137802089,775640.7146857689,999999.9999999999,1000884.6387985754,495929.51917429536,1000749.9359948479,1000749.9359948479
2025-03-14T19:50:00.000+0000,1002369.0105467929,775640.7146857689,999999.9999999999,1000905.0174725833,495929.51917429536,1000749.9359948479,1000749.9359948479
2025-03-14T20:00:00.000+0000,1002423.1395689049,775640.7146857689,999999.9999999999,1000932.1890379273,495929.51917429536,1000749.9359948479,1000749.9359948479
2025-03-14T20:10:00.000+0000,1002457.5853102489,775640.7146857689,999999.9999999999,1000949.4800340553,495929.51917429536,1000749.9359948479,1000749.9359948479
2025-03-14T20:20:00.000+0000,1002493.2612566408,775640.7146857689,999999.9999999999,1000967.3885657593,495929.51917429536,1000749.9359948479,1000749.9359948479
2025-03-14T20:30:00.000+0000,1002485.8800263528,775640.7146857689,999999.9999999999,1000963.6833523033,495929.51917429536,1000749.9359948479,1000749.9359948479
2025-03-14T20:40:00.000+0000,1002468.6571556808,775640.7146857689,999999.9999999999,1000955.0378542393,495929.51917429536,1000749.9359948479,1000749.9359948479
2025-03-14T20:50:00.000+0000,1002446.5134648168,775640.7146857689,999999.9999999999,1000943.9222138713,495929.51917429536,1000749.9359948479,1000749.9359948479
2025-03-14T21:00:00.000+0000,1002439.1322345289,775640.7146857689,999999.9999999999,1000940.2170004153,495929.51917429536,1000749.9359948479,1000749.9359948479
2025-03-14T21:10:00.000+0000,1002432.9812092888,775640.7146857689,999999.9999999999,1000937.1293225354,495929.51917429536,1000749.9359948479,1000749.9359948479
2025-03-14T21:20:00.000+0000,1002430.5207991928,775640.7146857689,999999.9999999999,1000935.8942513834,495929.51917429536,1000749.9359948479,1000749.9359948479
2025-03-14T21:30:00.000+0000,1002385.0032124168,775640.7146857689,999999.9999999999,1000913.0454350713,495929.51917429536,1000749.9359948479,1000749.9359948479
2025-03-14T21:40:00.000+0000,1002335.7950104969,775640.7146857689,999999.9999999999,1000888.3440120313,495929.51917429536,1000749.9359948479,1000749.9359948479
2025-03-14T21:50:00.000+0000,1002284.1263984808,775640.7146857689,999999.9999999999,1000862.4075178393,495929.51917429536,1000749.9359948479,1000749.9359948479
2025-03-14T22:00:00.000+0000,1002305.0398842968,775640.7146857689,999999.9999999999,1000872.9056226313,495929.51917429536,1000749.9359948479,1000749.9359948479
2025-03-14T22:10:00.000+0000,1002248.4504520888,775640.7146857689,999999.9999999999,1000844.4989861354,495929.51917429536,1000749.9359948479,1000749.9359948479
2025-03-14T22:20:00.000+0000,1002226.3067612249,775640.7146857689,999999.9999999999,1000833.3833457673,495929.51917429536,1000749.9359948479,1000749.9359948479
2025-03-14T22:30:00.000+0000,1002198.0120451208,775640.7146857689,999999.9999999999,1000819.1800275194,495929.51917429536,1000749.9359948479,1000749.9359948479
2025-03-14T22:40:00.000+0000,1002130.3507674809,775640.7146857689,999999.9999999999,1000785.2155708394,495929.51917429536,1000749.9359948479,1000749.9359948479
2025-03-14T22:50:00.000+0000,1002068.8405150808,775640.7146857689,999999.9999999999,1000754.3387920393,495929.51917429536,1000749.9359948479,1000749.9359948479
2025-03-14T23:00:00.000+0000,1002111.8976917609,775640.7146857689,999999.9999999999,1000775.9525371994,495929.51917429536,1000749.9359948479,1000749.9359948479
2025-03-14T23:10:00.000+0000,1002172.1777391129,775640.7146857689,999999.9999999999,1000806.2117804233,495929.51917429536,1000749.9359948479,1000749.9359948479
2025-03-14T23:20:00.000+0000,1002190.6308148329,775640.7146857689,999999.9999999999,1000815.4748140633,495929.51917429536,1000749.9359948479,1000749.9359948479
2025-03-14T23:30:00.000+0000,1002154.9548684409,775640.7146857689,999999.9999999999,1000797.5662823593,495929.51917429536,1000749.9359948479,1000749.9359948479
2025-03-14T23:40:00.000+0000,1002229.9973763688,775640.7146857689,999999.9999999999,1000835.2359524954,495929.51917429536,1000749.9359948479,1000749.9359948479
2025-03-14T23:50:00.000+0000,1002260.7525025689,775640.7146857689,999999.9999999999,1000850.6743418954,495929.51917429536,1000749.9359948479,1000749.9359948479
2025-03-15T00:00:00.000+0000,1002255.8316823768,775640.7146857689,999999.9999999999,1000848.2041995913,495929.51917429536,1000749.9359948479,1000749.9359948479
2025-03-15T00:10:00.000+0000,1002226.3067612249,775640.7146857689,999999.9999999999,1000833.3833457673,495929.51917429536,1000749.9359948479,1000749.9359948479
2025-03-15T00:20:00.000+0000,1002214.0047107448,775640.7146857689,999999.9999999999,1000827.2079900074,495929.51917429536,1000749.9359948479,1000749.9359948479
2025-03-15T00:30:00.000+0000,1002169.7173290169,775640.7146857689,999999.9999999999,1000804.9767092713,495929.51917429536,1000749.9359948479,1000749.9359948479
2025-03-15T00:40:00.000+0000,1002170.9475340649,775640.7146857689,999999.9999999999,1000805.5942448473,495929.51917429536,1000749.9359948479,1000749.9359948479
2025-03-15T00:50:00.000+0000,1002132.8111775769,775640.7146857689,999999.9999999999,1000786.4506419913,495929.51917429536,1000749.9359948479,1000749.9359948479
2025-03-15T01:00:00.000+0000,1002173.4079441609,775640.7146857689,999999.9999999999,1000806.8293159993,495929.51917429536,1000749.9359948479,1000749.9359948479
2025-03-15T01:10:00.000+0000,1002111.8976917609,775640.7146857689,999999.9999999999,1000775.9525371994,495929.51917429536,1000749.9359948479,1000749.9359948479
2025-03-15T01:20:00.000+0000,1002140.1924078648,775640.7146857689,999999.9999999999,1000790.1558554473,495929.51917429536,1000749.9359948479,1000749.9359948479
2025-03-15T01:30:00.000+0000,1002210.3140956009,775640.7146857689,999999.9999999999,1000825.3553832793,495929.51917429536,1000749.9359948479,1000749.9359948479
2025-03-15T01:40:00.000+0000,1002286.5868085768,775640.7146857689,999999.9999999999,1000863.6425889913,495929.51917429536,1000749.9359948479,1000749.9359948479
2025-03-15T01:50:00.000+0000,1002258.2920924728,775640.7146857689,999999.9999999999,1000849.4392707433,495929.51917429536,1000749.9359948479,1000749.9359948479
2025-03-15T02:00:00.000+0000,1002280.4357833369,775640.7146857689,999999.9999999999,1000860.5549111114,495929.51917429536,1000749.9359948479,1000749.9359948479
2025-03-15T02:10:00.000+0000,1002226.3067612249,775640.7146857689,999999.9999999999,1000833.3833457673,495929.51917429536,1000749.9359948479,1000749.9359948479
2025-03-15T02:20:00.000+0000,1002269.3639379048,775640.7146857689,999999.9999999999,1000854.9970909273,495929.51917429536,1000749.9359948479,1000749.9359948479
2025-03-15T02:30:00.000+0000,1002285.3566035288,775640.7146857689,999999.9999999999,1000863.0250534153,495929.51917429536,1000749.9359948479,1000749.9359948479
2025-03-15T02:40:00.000+0000,1002206.6234804569,775640.7146857689,999999.9999999999,1000823.5027765513,495929.51917429536,1000749.9359948479,1000749.9359948479
2025-03-15T02:50:00.000+0000,1002193.0912249289,775640.7146857689,999999.9999999999,1000816.7098852153,495929.51917429536,1000749.9359948479,1000749.9359948479
2025-03-15T03:00:00.000+0000,1002161.1058936808,775640.7146857689,999999.9999999999,1000800.6539602394,495929.51917429536,1000749.9359948479,1000749.9359948479
2025-03-15T03:10:00.000+0000,1002098.3654362329,775640.7146857689,999999.9999999999,1000769.1596458633,495929.51917429536,1000749.9359948479,1000749.9359948479
2025-03-15T03:20:00.000+0000,1002106.9768715688,775640.7146857689,999999.9999999999,1000773.4823948953,495929.51917429536,1000749.9359948479,1000749.9359948479
2025-03-15T03:30:00.000+0000,1002105.7466665208,775640.7146857689,999999.9999999999,1000772.8648593193,495929.51917429536,1000749.9359948479,1000749.9359948479
2025-03-15T03:40:00.000+0000,1002073.7613352728,775640.7146857689,999999.9999999999,1000756.8089343433,495929.51917429536,1000749.9359948479,1000749.9359948479
2025-03-15T03:50:00.000+0000,1002020.8625182088,775640.7146857689,999999.9999999999,1000730.2549045753,495929.51917429536,1000749.9359948479,1000749.9359948479
2025-03-15T04:00:00.000+0000,1002035.6249787848,775640.7146857689,999999.9999999999,1000737.6653314873,495929.51917429536,1000749.9359948479,1000749.9359948479
2025-03-15T04:10:00.000+0000,1002100.8258463289,775640.7146857689,999999.9999999999,1000770.3947170153,495929.51917429536,1000749.9359948479,1000749.9359948479
2025-03-15T04:20:00.000+0000,1002072.5311302248,775640.7146857689,999999.9999999999,1000756.1913987673,495929.51917429536,1000749.9359948479,1000749.9359948479
2025-03-15T04:30:00.000+0000,1001926.1367295128,775640.7146857689,999999.9999999999,1000682.7046652234,495929.51917429536,1000749.9359948479,1000749.9359948479
2025-03-15T04:40:00.000+0000,1001883.0795528329,775640.7146857689,999999.9999999999,1000661.0909200633,495929.51917429536,1000749.9359948479,1000749.9359948479
2025-03-15T04:50:00.000+0000,1001892.9211932168,775640.7146857689,999999.9999999999,1000666.0312046714,495929.51917429536,1000749.9359948479,1000749.9359948479
2025-03-15T05:00:00.000+0000,1001932.2877547529,775640.7146857689,999999.9999999999,1000685.7923431033,495929.51917429536,1000749.9359948479,1000749.9359948479
2025-03-15T05:10:00.000+0000,1001969.1939061929,775640.7146857689,999999.9999999999,1000704.3184103833,495929.51917429536,1000749.9359948479,1000749.9359948479
2025-03-15T05:20:00.000+0000,1001980.2657516248,775640.7146857689,999999.9999999999,1000709.8762305673,495929.51917429536,1000749.9359948479,1000749.9359948479
2025-03-15T05:30:00.000+0000,1001977.8053415288,775640.7146857689,999999.9999999999,1000708.6411594154,495929.51917429536,1000749.9359948479,1000749.9359948479
2025-03-15T05:40:00.000+0000,1002029.4739535449,775640.7146857689,999999.9999999999,1000734.5776536074,495929.51917429536,1000749.9359948479,1000749.9359948479
2025-03-15T05:50:00.000+0000,1002036.8551838328,775640.7146857689,999999.9999999999,1000738.2828670633,495929.51917429536,1000749.9359948479,1000749.9359948479
2025-03-15T06:00:00.000+0000,1002092.2144109928,775640.7146857689,999999.9999999999,1000766.0719679833,495929.51917429536,1000749.9359948479,1000749.9359948479
2025-03-15T06:10:00.000+0000,1001975.3449314329,775640.7146857689,999999.9999999999,1000707.4060882633,495929.51917429536,1000749.9359948479,1000749.9359948479
2025-03-15T06:20:00.000+0000,1001950.7408304729,775640.7146857689,999999.9999999999,1000695.0553767433,495929.51917429536,1000749.9359948479,1000749.9359948479
2025-03-15T06:30:00.000+0000,1001980.2657516248,775640.7146857689,999999.9999999999,1000709.8762305673,495929.51917429536,1000749.9359948479,1000749.9359948479
2025-03-15T06:40:00.000+0000,1001982.7261617208,775640.7146857689,999999.9999999999,1000711.1113017193,495929.51917429536,1000749.9359948479,1000749.9359948479
2025-03-15T06:50:00.000+0000,1002024.5531333529,775640.7146857689,999999.9999999999,1000732.1075113033,495929.51917429536,1000749.9359948479,1000749.9359948479
2025-03-15T07:00:00.000+0000,1002051.6176444088,775640.7146857689,999999.9999999999,1000745.6932939753,495929.51917429536,1000749.9359948479,1000749.9359948479
2025-03-15T07:10:00.000+0000,1002174.6381492089,775640.7146857689,999999.9999999999,1000807.4468515753,495929.51917429536,1000749.9359948479,1000749.9359948479
2025-03-15T07:20:00.000+0000,1002183.2495845449,775640.7146857689,999999.9999999999,1000811.7696006073,495929.51917429536,1000749.9359948479,1000749.9359948479
2025-03-15T07:30:00.000+0000,1002237.3786066568,775640.7146857689,999999.9999999999,1000838.9411659513,495929.51917429536,1000749.9359948479,1000749.9359948479
2025-03-15T07:40:00.000+0000,1002183.2495845449,775640.7146857689,999999.9999999999,1000811.7696006073,495929.51917429536,1000749.9359948479,1000749.9359948479
2025-03-15T07:50:00.000+0000,1002215.2349157928,775640.7146857689,999999.9999999999,1000827.8255255834,495929.51917429536,1000749.9359948479,1000749.9359948479
2025-03-15T08:00:00.000+0000,1002220.1557359849,775640.7146857689,999999.9999999999,1000830.2956678873,495929.51917429536,1000749.9359948479,1000749.9359948479
2025-03-15T08:10:00.000+0000,1002258.2920924728,775640.7146857689,999999.9999999999,1000849.4392707433,495929.51917429536,1000749.9359948479,1000749.9359948479
2025-03-15T08:20:00.000+0000,1002225.0765561769,775640.7146857689,999999.9999999999,1000832.7658101913,495929.51917429536,1000749.9359948479,1000749.9359948479
2025-03-15T08:30:00.000+0000,1002172.1777391129,775640.7146857689,999999.9999999999,1000806.2117804233,495929.51917429536,1000749.9359948479,1000749.9359948479
2025-03-15T08:40:00.000+0000,1002138.9622028169,775640.7146857689,999999.9999999999,1000789.5383198713,495929.51917429536,1000749.9359948479,1000749.9359948479
2025-03-15T08:50:00.000+0000,1002104.5164614728,775640.7146857689,999999.9999999999,1000772.2473237433,495929.51917429536,1000749.9359948479,1000749.9359948479
2025-03-15T09:00:00.000+0000,1002146.3434331048,775640.7146857689,999999.9999999999,1000793.2435333274,495929.51917429536,1000749.9359948479,1000749.9359948479
2025-03-15T09:10:00.000+0000,1002140.1924078648,775640.7146857689,999999.9999999999,1000790.1558554473,495929.51917429536,1000749.9359948479,1000749.9359948479
2025-03-15T09:20:00.000+0000,1002146.3434331048,775640.7146857689,999999.9999999999,1000793.2435333274,495929.51917429536,1000749.9359948479,1000749.9359948479
2025-03-15T09:30:00.000+0000,1002052.8478494568,775640.7146857689,999999.9999999999,1000746.3108295513,495929.51917429536,1000749.9359948479,1000749.9359948479
2025-03-15T09:40:00.000+0000,1002019.6323131608,775640.7146857689,999999.9999999999,1000729.6373689993,495929.51917429536,1000749.9359948479,1000749.9359948479
2025-03-15T09:50:00.000+0000,1001993.7980071529,775640.7146857689,999999.9999999999,1000716.6691219034,495929.51917429536,1000749.9359948479,1000749.9359948479
2025-03-15T10:00:00.000+0000,1002018.4021081128,775640.7146857689,999999.9999999999,1000729.0198334233,495929.51917429536,1000749.9359948479,1000749.9359948479
2025-03-15T10:10:00.000+0000,1002031.9343636408,775640.7146857689,999999.9999999999,1000735.8127247593,495929.51917429536,1000749.9359948479,1000749.9359948479
2025-03-15T10:20:00.000+0000,1002036.8551838328,775640.7146857689,999999.9999999999,1000738.2828670633,495929.51917429536,1000749.9359948479,1000749.9359948479
2025-03-15T10:30:00.000+0000,1001992.5678021049,775640.7146857689,999999.9999999999,1000716.0515863274,495929.51917429536,1000749.9359948479,1000749.9359948479
2025-03-15T10:40:00.000+0000,1001998.7188273448,775640.7146857689,999999.9999999999,1000719.1392642073,495929.51917429536,1000749.9359948479,1000749.9359948479
2025-03-15T10:50:00.000+0000,1001972.8845213369,775640.7146857689,999999.9999999999,1000706.1710171113,495929.51917429536,1000749.9359948479,1000749.9359948479
2025-03-15T11:00:00.000+0000,1001995.0282122009,775640.7146857689,999999.9999999999,1000717.2866574794,495929.51917429536,1000749.9359948479,1000749.9359948479
2025-03-15T11:10:00.000+0000,1002001.1792374408,775640.7146857689,999999.9999999999,1000720.3743353593,495929.51917429536,1000749.9359948479,1000749.9359948479
2025-03-15T11:20:00.000+0000,1001990.1073920089,775640.7146857689,999999.9999999999,1000714.8165151753,495929.51917429536,1000749.9359948479,1000749.9359948479
2025-03-15T11:30:00.000+0000,1001945.8200102808,775640.7146857689,999999.9999999999,1000692.5852344393,495929.51917429536,1000749.9359948479,1000749.9359948479
2025-03-15T11:40:00.000+0000,1001963.0428809528,775640.7146857689,999999.9999999999,1000701.2307325033,495929.51917429536,1000749.9359948479,1000749.9359948479
2025-03-15T11:50:00.000+0000,1001955.6616506649,775640.7146857689,999999.9999999999,1000697.5255190473,495929.51917429536,1000749.9359948479,1000749.9359948479
2025-03-15T12:00:00.000+0000,1001964.2730860008,775640.7146857689,999999.9999999999,1000701.8482680793,495929.51917429536,1000749.9359948479,1000749.9359948479
2025-03-15T12:10:00.000+0000,1001903.9930386489,775640.7146857689,999999.9999999999,1000671.5890248553,495929.51917429536,1000749.9359948479,1000749.9359948479
2025-03-15T12:20:00.000+0000,1001894.1513982648,775640.7146857689,999999.9999999999,1000666.6487402474,495929.51917429536,1000749.9359948479,1000749.9359948479
2025-03-15T12:30:00.000+0000,1001908.9138588408,775640.7146857689,999999.9999999999,1000674.0591671594,495929.51917429536,1000749.9359948479,1000749.9359948479
2025-03-15T12:40:00.000+0000,1001852.3244266328,775640.7146857689,999999.9999999999,1000645.6525306633,495929.51917429536,1000749.9359948479,1000749.9359948479
2025-03-15T12:50:00.000+0000,1001852.3244266328,775640.7146857689,999999.9999999999,1000645.6525306633,495929.51917429536,1000749.9359948479,1000749.9359948479
2025-03-15T13:00:00.000+0000,1001828.9505307209,775640.7146857689,999999.9999999999,1000633.9193547193,495929.51917429536,1000749.9359948479,1000749.9359948479
2025-03-15T13:10:00.000+0000,1001783.4329439448,775640.7146857689,999999.9999999999,1000611.0705384073,495929.51917429536,1000749.9359948479,1000749.9359948479
2025-03-15T13:20:00.000+0000,1001752.6778177449,775640.7146857689,999999.9999999999,1000595.6321490073,495929.51917429536,1000749.9359948479,1000749.9359948479
2025-03-15T13:30:00.000+0000,1001643.1895684728,775640.7146857689,999999.9999999999,1000540.6714827433,495929.51917429536,1000749.9359948479,1000749.9359948479
2025-03-15T13:40:00.000+0000,1001565.6866504488,775640.7146857689,999999.9999999999,1000501.7667414553,495929.51917429536,1000749.9359948479,1000749.9359948479
2025-03-15T13:50:00.000+0000,1001587.8303413128,775640.7146857689,999999.9999999999,1000512.8823818234,495929.51917429536,1000749.9359948479,1000749.9359948479
2025-03-15T14:00:00.000+0000,1001664.1030542889,775640.7146857689,999999.9999999999,1000551.1695875353,495929.51917429536,1000749.9359948479,1000749.9359948479
2025-03-15T14:10:00.000+0000,1001739.1455622169,775640.7146857689,999999.9999999999,1000588.8392576713,495929.51917429536,1000749.9359948479,1000749.9359948479
2025-03-15T14:20:00.000+0000,1001817.8786852888,775640.7146857689,999999.9999999999,1000628.3615345353,495929.51917429536,1000749.9359948479,1000749.9359948479
2025-03-15T14:30:00.000+0000,1001790.8141742328,775640.7146857689,999999.9999999999,1000614.7757518634,495929.51917429536,1000749.9359948479,1000749.9359948479
2025-03-15T14:40:00.000+0000,1001736.6851521209,775640.7146857689,999999.9999999999,1000587.6041865193,495929.51917429536,1000749.9359948479,1000749.9359948479
2025-03-15T14:50:00.000+0000,1001755.1382278409,775640.7146857689,999999.9999999999,1000596.8672201593,495929.51917429536,1000749.9359948479,1000749.9359948479
2025-03-15T15:00:00.000+0000,1001643.1895684728,775640.7146857689,999999.9999999999,1000540.6714827433,495929.51917429536,1000749.9359948479,1000749.9359948479
2025-03-15T15:10:00.000+0000,1001687.4769502009,775640.7146857689,999999.9999999999,1000562.9027634793,495929.51917429536,1000749.9359948479,1000749.9359948479
2025-03-15T15:20:00.000+0000,1001665.3332593369,775640.7146857689,999999.9999999999,1000551.7871231113,495929.51917429536,1000749.9359948479,1000749.9359948479
2025-03-15T15:30:00.000+0000,1001662.8728492409,775640.7146857689,999999.9999999999,1000550.5520519593,495929.51917429536,1000749.9359948479,1000749.9359948479
2025-03-15T15:40:00.000+0000,1001621.0458776088,775640.7146857689,999999.9999999999,1000529.5558423754,495929.51917429536,1000749.9359948479,1000749.9359948479
2025-03-15T15:50:00.000+0000,1001627.1969028488,775640.7146857689,999999.9999999999,1000532.6435202553,495929.51917429536,1000749.9359948479,1000749.9359948479
2025-03-15T16:00:00.000+0000,1001669.0238744809,775640.7146857689,999999.9999999999,1000553.6397298393,495929.51917429536,1000749.9359948479,1000749.9359948479
2025-03-15T16:10:00.000+0000,1001703.4696158249,775640.7146857689,999999.9999999999,1000570.9307259673,495929.51917429536,1000749.9359948479,1000749.9359948479
2025-03-15T16:20:00.000+0000,1001699.7790006809,775640.7146857689,999999.9999999999,1000569.0781192393,495929.51917429536,1000749.9359948479,1000749.9359948479
2025-03-15T16:30:00.000+0000,1001601.3625968408,775640.7146857689,999999.9999999999,1000519.6752731593,495929.51917429536,1000749.9359948479,1000749.9359948479
2025-03-15T16:40:00.000+0000,1001557.0752151129,775640.7146857689,999999.9999999999,1000497.4439924234,495929.51917429536,1000749.9359948479,1000749.9359948479
2025-03-15T16:50:00.000+0000,1001640.7291583768,775640.7146857689,999999.9999999999,1000539.4364115914,495929.51917429536,1000749.9359948479,1000749.9359948479
2025-03-15T17:00:00.000+0000,1001688.7071552488,775640.7146857689,999999.9999999999,1000563.5202990554,495929.51917429536,1000749.9359948479,1000749.9359948479
2025-03-15T17:10:00.000+0000,1001704.6998208729,775640.7146857689,999999.9999999999,1000571.5482615433,495929.51917429536,1000749.9359948479,1000749.9359948479
2025-03-15T17:20:00.000+0000,1001702.2394107769,775640.7146857689,999999.9999999999,1000570.3131903913,495929.51917429536,1000749.9359948479,1000749.9359948479
2025-03-15T17:30:00.000+0000,1001691.1675653448,775640.7146857689,999999.9999999999,1000564.7553702074,495929.51917429536,1000749.9359948479,1000749.9359948479
2025-03-15T17:40:00.000+0000,1001742.8361773608,775640.7146857689,999999.9999999999,1000590.6918643994,495929.51917429536,1000749.9359948479,1000749.9359948479
2025-03-15T17:50:00.000+0000,1001782.2027388968,775640.7146857689,999999.9999999999,1000610.4530028313,495929.51917429536,1000749.9359948479,1000749.9359948479
2025-03-15T18:00:00.000+0000,1001746.5267925048,775640.7146857689,999999.9999999999,1000592.5444711273,495929.51917429536,1000749.9359948479,1000749.9359948479
2025-03-15T18:10:00.000+0000,1001790.8141742328,775640.7146857689,999999.9999999999,1000614.7757518634,495929.51917429536,1000749.9359948479,1000749.9359948479
2025-03-15T18:20:00.000+0000,1001793.2745843289,775640.7146857689,999999.9999999999,1000616.0108230154,495929.51917429536,1000749.9359948479,1000749.9359948479
2025-03-15T18:30:00.000+0000,1001824.0297105289,775640.7146857689,999999.9999999999,1000631.4492124154,495929.51917429536,1000749.9359948479,1000749.9359948479
2025-03-15T18:40:00.000+0000,1001857.2452468248,775640.7146857689,999999.9999999999,1000648.1226729674,495929.51917429536,1000749.9359948479,1000749.9359948479
2025-03-15T18:50:00.000+0000,1001883.0795528329,775640.7146857689,999999.9999999999,1000661.0909200633,495929.51917429536,1000749.9359948479,1000749.9359948479
2025-03-15T19:00:00.000+0000,1001901.5326285529,775640.7146857689,999999.9999999999,1000670.3539537033,495929.51917429536,1000749.9359948479,1000749.9359948479
2025-03-15T19:10:00.000+0000,1001888.0003730248,775640.7146857689,999999.9999999999,1000663.5610623673,495929.51917429536,1000749.9359948479,1000749.9359948479
2025-03-15T19:20:00.000+0000,1001892.9211932168,775640.7146857689,999999.9999999999,1000666.0312046714,495929.51917429536,1000749.9359948479,1000749.9359948479
2025-03-15T19:30:00.000+0000,1001896.6118083608,775640.7146857689,999999.9999999999,1000667.8838113993,495929.51917429536,1000749.9359948479,1000749.9359948479
2025-03-15T19:40:00.000+0000,1001830.1807357689,775640.7146857689,999999.9999999999,1000634.5368902953,495929.51917429536,1000749.9359948479,1000749.9359948479
2025-03-15T19:50:00.000+0000,1001820.3390953848,775640.7146857689,999999.9999999999,1000629.5966056873,495929.51917429536,1000749.9359948479,1000749.9359948479
2025-03-15T20:00:00.000+0000,1001773.5913035609,775640.7146857689,999999.9999999999,1000606.1302537994,495929.51917429536,1000749.9359948479,1000749.9359948479
2025-03-15T20:10:00.000+0000,1001735.4549470728,775640.7146857689,999999.9999999999,1000586.9866509433,495929.51917429536,1000749.9359948479,1000749.9359948479
2025-03-15T20:20:00.000+0000,1001713.3112562088,775640.7146857689,999999.9999999999,1000575.8710105753,495929.51917429536,1000749.9359948479,1000749.9359948479
2025-03-15T20:30:00.000+0000,1001721.9226915449,775640.7146857689,999999.9999999999,1000580.1937596074,495929.51917429536,1000749.9359948479,1000749.9359948479
2025-03-15T20:40:00.000+0000,1001702.2394107769,775640.7146857689,999999.9999999999,1000570.3131903913,495929.51917429536,1000749.9359948479,1000749.9359948479
2025-03-15T20:50:00.000+0000,1001709.6206410648,775640.7146857689,999999.9999999999,1000574.0184038474,495929.51917429536,1000749.9359948479,1000749.9359948479
2025-03-15T21:00:00.000+0000,1001676.4051047688,775640.7146857689,999999.9999999999,1000557.3449432953,495929.51917429536,1000749.9359948479,1000749.9359948479
2025-03-15T21:10:00.000+0000,1001687.4769502009,775640.7146857689,999999.9999999999,1000562.9027634793,495929.51917429536,1000749.9359948479,1000749.9359948479
2025-03-15T21:20:00.000+0000,1001686.2467451529,775640.7146857689,999999.9999999999,1000562.2852279033,495929.51917429536,1000749.9359948479,1000749.9359948479
2025-03-15T21:30:00.000+0000,1001609.9740321769,775640.7146857689,999999.9999999999,1000523.9980221913,495929.51917429536,1000749.9359948479,1000749.9359948479
2025-03-15T21:40:00.000+0000,1001605.0532119848,775640.7146857689,999999.9999999999,1000521.5278798873,495929.51917429536,1000749.9359948479,1000749.9359948479
2025-03-15T21:50:00.000+0000,1001633.3479280889,775640.7146857689,999999.9999999999,1000535.7311981353,495929.51917429536,1000749.9359948479,1000749.9359948479
2025-03-15T22:00:00.000+0000,1001607.5136220809,775640.7146857689,999999.9999999999,1000522.7629510394,495929.51917429536,1000749.9359948479,1000749.9359948479
2025-03-15T22:10:00.000+0000,1001593.9813665529,775640.7146857689,999999.9999999999,1000515.9700597033,495929.51917429536,1000749.9359948479,1000749.9359948479
2025-03-15T22:20:00.000+0000,1001619.8156725608,775640.7146857689,999999.9999999999,1000528.9383067993,495929.51917429536,1000749.9359948479,1000749.9359948479
2025-03-15T22:30:00.000+0000,1001643.1895684728,775640.7146857689,999999.9999999999,1000540.6714827433,495929.51917429536,1000749.9359948479,1000749.9359948479
2025-03-15T22:40:00.000+0000,1001705.9300259209,775640.7146857689,999999.9999999999,1000572.1657971193,495929.51917429536,1000749.9359948479,1000749.9359948479
2025-03-15T22:50:00.000+0000,1001672.7144896248,775640.7146857689,999999.9999999999,1000555.4923365673,495929.51917429536,1000749.9359948479,1000749.9359948479
2025-03-15T23:00:00.000+0000,1001661.6426441928,775640.7146857689,999999.9999999999,1000549.9345163833,495929.51917429536,1000749.9359948479,1000749.9359948479
2025-03-15T23:10:00.000+0000,1001694.8581804888,775640.7146857689,999999.9999999999,1000566.6079769353,495929.51917429536,1000749.9359948479,1000749.9359948479
2025-03-15T23:20:00.000+0000,1001736.6851521209,775640.7146857689,999999.9999999999,1000587.6041865193,495929.51917429536,1000749.9359948479,1000749.9359948479
2025-03-15T23:30:00.000+0000,1001752.6778177449,775640.7146857689,999999.9999999999,1000595.6321490073,495929.51917429536,1000749.9359948479,1000749.9359948479
2025-03-15T23:40:00.000+0000,1001748.9872026008,775640.7146857689,999999.9999999999,1000593.7795422793,495929.51917429536,1000749.9359948479,1000749.9359948479
2025-03-15T23:50:00.000+0000,1001731.7643319288,775640.7146857689,999999.9999999999,1000585.1340442153,495929.51917429536,1000749.9359948479,1000749.9359948479
2025-03-16T00:00:00.000+0000,1001750.2174076488,775640.7146857689,999999.9999999999,1000594.3970778553,495929.51917429536,1000749.9359948479,1000749.9359948479
2025-03-16T00:10:00.000+0000,1001798.1954045208,775640.7146857689,999999.9999999999,1000618.4809653193,495929.51917429536,1000749.9359948479,1000749.9359948479
2025-03-16T00:20:00.000+0000,1001764.9798682248,775640.7146857689,999999.9999999999,1000601.8075047673,495929.51917429536,1000749.9359948479,1000749.9359948479
2025-03-16T00:30:00.000+0000,1001724.3831016409,775640.7146857689,999999.9999999999,1000581.4288307594,495929.51917429536,1000749.9359948479,1000749.9359948479
2025-03-16T00:40:00.000+0000,1001672.7144896248,775640.7146857689,999999.9999999999,1000555.4923365673,495929.51917429536,1000749.9359948479,1000749.9359948479
2025-03-16T00:50:00.000+0000,1001688.7071552488,775640.7146857689,999999.9999999999,1000563.5202990554,495929.51917429536,1000749.9359948479,1000749.9359948479
2025-03-16T01:00:00.000+0000,1001718.2320764009,775640.7146857689,999999.9999999999,1000578.3411528793,495929.51917429536,1000749.9359948479,1000749.9359948479
2025-03-16T01:10:00.000+0000,1001806.8068398568,775640.7146857689,999999.9999999999,1000622.8037143513,495929.51917429536,1000749.9359948479,1000749.9359948479
2025-03-16T01:20:00.000+0000,1001812.9578650969,775640.7146857689,999999.9999999999,1000625.8913922313,495929.51917429536,1000749.9359948479,1000749.9359948479
2025-03-16T01:30:00.000+0000,1001847.4036064409,775640.7146857689,999999.9999999999,1000643.1823883593,495929.51917429536,1000749.9359948479,1000749.9359948479
2025-03-16T01:40:00.000+0000,1001924.9065244648,775640.7146857689,999999.9999999999,1000682.0871296474,495929.51917429536,1000749.9359948479,1000749.9359948479
2025-03-16T01:50:00.000+0000,1001953.2012405689,775640.7146857689,999999.9999999999,1000696.2904478953,495929.51917429536,1000749.9359948479,1000749.9359948479
2025-03-16T02:00:00.000+0000,1002003.6396475369,775640.7146857689,999999.9999999999,1000721.6094065113,495929.51917429536,1000749.9359948479,1000749.9359948479
2025-03-16T02:10:00.000+0000,1002057.7686696488,775640.7146857689,999999.9999999999,1000748.7809718553,495929.51917429536,1000749.9359948479,1000749.9359948479
2025-03-16T02:20:00.000+0000,1002036.8551838328,775640.7146857689,999999.9999999999,1000738.2828670633,495929.51917429536,1000749.9359948479,1000749.9359948479
2025-03-16T02:30:00.000+0000,1001980.2657516248,775640.7146857689,999999.9999999999,1000709.8762305673,495929.51917429536,1000749.9359948479,1000749.9359948479
2025-03-16T02:40:00.000+0000,1001971.6543162889,775640.7146857689,999999.9999999999,1000705.5534815353,495929.51917429536,1000749.9359948479,1000749.9359948479
2025-03-16T02:50:00.000+0000,1002043.0062090729,775640.7146857689,999999.9999999999,1000741.3705449434,495929.51917429536,1000749.9359948479,1000749.9359948479
2025-03-16T03:00:00.000+0000,1002038.0853888808,775640.7146857689,999999.9999999999,1000738.9004026393,495929.51917429536,1000749.9359948479,1000749.9359948479
2025-03-16T03:10:00.000+0000,1001991.3375970569,775640.7146857689,999999.9999999999,1000715.4340507514,495929.51917429536,1000749.9359948479,1000749.9359948479
2025-03-16T03:20:00.000+0000,1001951.9710355208,775640.7146857689,999999.9999999999,1000695.6729123193,495929.51917429536,1000749.9359948479,1000749.9359948479
2025-03-16T03:30:00.000+0000,1001944.5898052328,775640.7146857689,999999.9999999999,1000691.9676988634,495929.51917429536,1000749.9359948479,1000749.9359948479
2025-03-16T03:40:00.000+0000,1001944.5898052328,775640.7146857689,999999.9999999999,1000691.9676988634,495929.51917429536,1000749.9359948479,1000749.9359948479
2025-03-16T03:50:00.000+0000,1001907.6836537928,775640.7146857689,999999.9999999999,1000673.4416315833,495929.51917429536,1000749.9359948479,1000749.9359948479
2025-03-16T04:00:00.000+0000,1001921.2159093209,775640.7146857689,999999.9999999999,1000680.2345229193,495929.51917429536,1000749.9359948479,1000749.9359948479
2025-03-16T04:10:00.000+0000,1001895.3816033129,775640.7146857689,999999.9999999999,1000667.2662758233,495929.51917429536,1000749.9359948479,1000749.9359948479
2025-03-16T04:20:00.000+0000,1001874.4681174968,775640.7146857689,999999.9999999999,1000656.7681710313,495929.51917429536,1000749.9359948479,1000749.9359948479
2025-03-16T04:30:00.000+0000,1001868.3170922569,775640.7146857689,999999.9999999999,1000653.6804931513,495929.51917429536,1000749.9359948479,1000749.9359948479
2025-03-16T04:40:00.000+0000,1001842.4827862489,775640.7146857689,999999.9999999999,1000640.7122460554,495929.51917429536,1000749.9359948479,1000749.9359948479
2025-03-16T04:50:00.000+0000,1001862.1660670169,775640.7146857689,999999.9999999999,1000650.5928152713,495929.51917429536,1000749.9359948479,1000749.9359948479
2025-03-16T05:00:00.000+0000,1001827.7203256729,775640.7146857689,999999.9999999999,1000633.3018191434,495929.51917429536,1000749.9359948479,1000749.9359948479
2025-03-16T05:10:00.000+0000,1001789.5839691849,775640.7146857689,999999.9999999999,1000614.1582162874,495929.51917429536,1000749.9359948479,1000749.9359948479
2025-03-16T05:20:00.000+0000,1001714.5414612568,775640.7146857689,999999.9999999999,1000576.4885461513,495929.51917429536,1000749.9359948479,1000749.9359948479
2025-03-16T05:30:00.000+0000,1001709.6206410648,775640.7146857689,999999.9999999999,1000574.0184038474,495929.51917429536,1000749.9359948479,1000749.9359948479
2025-03-16T05:40:00.000+0000,1001753.9080227928,775640.7146857689,999999.9999999999,1000596.2496845833,495929.51917429536,1000749.9359948479,1000749.9359948479
2025-03-16T05:50:00.000+0000,1001732.9945369768,775640.7146857689,999999.9999999999,1000585.7515797913,495929.51917429536,1000749.9359948479,1000749.9359948479
2025-03-16T06:00:00.000+0000,1001742.8361773608,775640.7146857689,999999.9999999999,1000590.6918643994,495929.51917429536,1000749.9359948479,1000749.9359948479
2025-03-16T06:10:00.000+0000,1001758.8288429849,775640.7146857689,999999.9999999999,1000598.7198268874,495929.51917429536,1000749.9359948479,1000749.9359948479
2025-03-16T06:20:00.000+0000,1001741.6059723129,775640.7146857689,999999.9999999999,1000590.0743288234,495929.51917429536,1000749.9359948479,1000749.9359948479
2025-03-16T06:30:00.000+0000,1001701.0092057289,775640.7146857689,999999.9999999999,1000569.6956548153,495929.51917429536,1000749.9359948479,1000749.9359948479
2025-03-16T06:40:00.000+0000,1001712.0810511608,775640.7146857689,999999.9999999999,1000575.2534749993,495929.51917429536,1000749.9359948479,1000749.9359948479
2025-03-16T06:50:00.000+0000,1001747.7569975528,775640.7146857689,999999.9999999999,1000593.1620067033,495929.51917429536,1000749.9359948479,1000749.9359948479
2025-03-16T07:00:00.000+0000,1001790.8141742328,775640.7146857689,999999.9999999999,1000614.7757518634,495929.51917429536,1000749.9359948479,1000749.9359948479
2025-03-16T07:10:00.000+0000,1001876.9285275928,775640.7146857689,999999.9999999999,1000658.0032421834,495929.51917429536,1000749.9359948479,1000749.9359948479
2025-03-16T07:20:00.000+0000,1001842.4827862489,775640.7146857689,999999.9999999999,1000640.7122460554,495929.51917429536,1000749.9359948479,1000749.9359948479
2025-03-16T07:30:00.000+0000,1001798.1954045208,775640.7146857689,999999.9999999999,1000618.4809653193,495929.51917429536,1000749.9359948479,1000749.9359948479
2025-03-16T07:40:00.000+0000,1001771.1308934649,775640.7146857689,999999.9999999999,1000604.8951826473,495929.51917429536,1000749.9359948479,1000749.9359948479
2025-03-16T07:50:00.000+0000,1001820.3390953848,775640.7146857689,999999.9999999999,1000629.5966056873,495929.51917429536,1000749.9359948479,1000749.9359948479
2025-03-16T08:00:00.000+0000,1001804.3464297608,775640.7146857689,999999.9999999999,1000621.5686431993,495929.51917429536,1000749.9359948479,1000749.9359948479
2025-03-16T08:10:00.000+0000,1001885.5399629289,775640.7146857689,999999.9999999999,1000662.3259912153,495929.51917429536,1000749.9359948479,1000749.9359948479
2025-03-16T08:20:00.000+0000,1001929.8273446568,775640.7146857689,999999.9999999999,1000684.5572719513,495929.51917429536,1000749.9359948479,1000749.9359948479
2025-03-16T08:30:00.000+0000,1001903.9930386489,775640.7146857689,999999.9999999999,1000671.5890248553,495929.51917429536,1000749.9359948479,1000749.9359948479
2025-03-16T08:40:00.000+0000,1001889.2305780728,775640.7146857689,999999.9999999999,1000664.1785979433,495929.51917429536,1000749.9359948479,1000749.9359948479
2025-03-16T08:50:00.000+0000,1001885.5399629289,775640.7146857689,999999.9999999999,1000662.3259912153,495929.51917429536,1000749.9359948479,1000749.9359948479
2025-03-16T09:00:00.000+0000,1001906.4534487448,775640.7146857689,999999.9999999999,1000672.8240960073,495929.51917429536,1000749.9359948479,1000749.9359948479
2025-03-16T09:10:00.000+0000,1001985.1865718169,775640.7146857689,999999.9999999999,1000712.3463728713,495929.51917429536,1000749.9359948479,1000749.9359948479
2025-03-16T09:20:00.000+0000,1002030.7041585929,775640.7146857689,999999.9999999999,1000735.1951891833,495929.51917429536,1000749.9359948479,1000749.9359948479
2025-03-16T09:30:00.000+0000,1002058.9988746969,775640.7146857689,999999.9999999999,1000749.3985074314,495929.51917429536,1000749.9359948479,1000749.9359948479
2025-03-16T09:40:00.000+0000,1002226.3067612249,775640.7146857689,999999.9999999999,1000833.3833457673,495929.51917429536,1000749.9359948479,1000749.9359948479
2025-03-16T09:50:00.000+0000,1002222.6161460809,775640.7146857689,999999.9999999999,1000831.5307390393,495929.51917429536,1000749.9359948479,1000749.9359948479
2025-03-16T10:00:00.000+0000,1002189.4006097849,775640.7146857689,999999.9999999999,1000814.8572784873,495929.51917429536,1000749.9359948479,1000749.9359948479
2025-03-16T10:10:00.000+0000,1002188.1704047369,775640.7146857689,999999.9999999999,1000814.2397429113,495929.51917429536,1000749.9359948479,1000749.9359948479
2025-03-16T10:20:00.000+0000,1002258.2920924728,775640.7146857689,999999.9999999999,1000849.4392707433,495929.51917429536,1000749.9359948479,1000749.9359948479
2025-03-16T10:30:00.000+0000,1002319.8023448728,775640.7146857689,999999.9999999999,1000880.3160495433,495929.51917429536,1000749.9359948479,1000749.9359948479
2025-03-16T10:40:00.000+0000,1002308.7304994408,775640.7146857689,999999.9999999999,1000874.7582293593,495929.51917429536,1000749.9359948479,1000749.9359948479
2025-03-16T10:50:00.000+0000,1002323.4929600168,775640.7146857689,999999.9999999999,1000882.1686562713,495929.51917429536,1000749.9359948479,1000749.9359948479
2025-03-16T11:00:00.000+0000,1002367.7803417449,775640.7146857689,999999.9999999999,1000904.3999370073,495929.51917429536,1000749.9359948479,1000749.9359948479
2025-03-16T11:10:00.000+0000,1002474.8081809208,775640.7146857689,999999.9999999999,1000958.1255321193,495929.51917429536,1000749.9359948479,1000749.9359948479
2025-03-16T11:20:00.000+0000,1002624.8931967769,775640.7146857689,999999.9999999999,1001033.4648723913,495929.51917429536,1000749.9359948479,1000749.9359948479
2025-03-16T11:30:00.000+0000,1002648.2670926888,775640.7146857689,999999.9999999999,1001045.1980483353,495929.51917429536,1000749.9359948479,1000749.9359948479
2025-03-16T11:40:00.000+0000,1002761.4459571049,775640.7146857689,999999.9999999999,1001102.0113213273,495929.51917429536,1000749.9359948479,1000749.9359948479
2025-03-16T11:50:00.000+0000,1002790.9708782568,775640.7146857689,999999.9999999999,1001116.8321751513,495929.51917429536,1000749.9359948479,1000749.9359948479
2025-03-16T12:00:00.000+0000,1002696.2450895609,775640.7146857689,999999.9999999999,1001069.2819357993,495929.51917429536,1000749.9359948479,1000749.9359948479
2025-03-16T12:10:00.000+0000,1002711.0075501369,775640.7146857689,999999.9999999999,1001076.6923627113,495929.51917429536,1000749.9359948479,1000749.9359948479
2025-03-16T12:20:00.000+0000,1002631.0442220168,775640.7146857689,999999.9999999999,1001036.5525502713,495929.51917429536,1000749.9359948479,1000749.9359948479
2025-03-16T12:30:00.000+0000,1002681.4826289848,775640.7146857689,999999.9999999999,1001061.8715088873,495929.51917429536,1000749.9359948479,1000749.9359948479
2025-03-16T12:40:00.000+0000,1002680.2524239369,775640.7146857689,999999.9999999999,1001061.2539733113,495929.51917429536,1000749.9359948479,1000749.9359948479
2025-03-16T12:50:00.000+0000,1002723.3096006168,775640.7146857689,999999.9999999999,1001082.8677184713,495929.51917429536,1000749.9359948479,1000749.9359948479
2025-03-16T13:00:00.000+0000,1002601.5193008648,775640.7146857689,999999.9999999999,1001021.7316964474,495929.51917429536,1000749.9359948479,1000749.9359948479
2025-03-16T13:10:00.000+0000,1002627.3536068728,775640.7146857689,999999.9999999999,1001034.6999435433,495929.51917429536,1000749.9359948479,1000749.9359948479
2025-03-16T13:20:00.000+0000,1002660.5691431689,775640.7146857689,999999.9999999999,1001051.3734040953,495929.51917429536,1000749.9359948479,1000749.9359948479
2025-03-16T13:30:00.000+0000,1002683.9430390808,775640.7146857689,999999.9999999999,1001063.1065800394,495929.51917429536,1000749.9359948479,1000749.9359948479
2025-03-16T13:40:00.000+0000,1002749.1439066249,775640.7146857689,999999.9999999999,1001095.8359655673,495929.51917429536,1000749.9359948479,1000749.9359948479
2025-03-16T13:50:00.000+0000,1002880.7758467608,775640.7146857689,999999.9999999999,1001161.9122721993,495929.51917429536,1000749.9359948479,1000749.9359948479
2025-03-16T14:00:00.000+0000,1002853.7113357049,775640.7146857689,999999.9999999999,1001148.3264895274,495929.51917429536,1000749.9359948479,1000749.9359948479
2025-03-16T14:10:00.000+0000,1002882.0060518088,775640.7146857689,999999.9999999999,1001162.5298077753,495929.51917429536,1000749.9359948479,1000749.9359948479
2025-03-16T14:20:00.000+0000,1002832.7978498889,775640.7146857689,999999.9999999999,1001137.8283847353,495929.51917429536,1000749.9359948479,1000749.9359948479
2025-03-16T14:30:00.000+0000,1002842.6394902728,775640.7146857689,999999.9999999999,1001142.7686693433,495929.51917429536,1000749.9359948479,1000749.9359948479
2025-03-16T14:40:00.000+0000,1002826.6468246488,775640.7146857689,999999.9999999999,1001134.7407068553,495929.51917429536,1000749.9359948479,1000749.9359948479
2025-03-16T14:50:00.000+0000,1002674.1013986969,775640.7146857689,999999.9999999999,1001058.1662954313,495929.51917429536,1000749.9359948479,1000749.9359948479
2025-03-16T15:00:00.000+0000,1002638.4254523049,775640.7146857689,999999.9999999999,1001040.2577637273,495929.51917429536,1000749.9359948479,1000749.9359948479
2025-03-16T15:10:00.000+0000,1002719.6189854728,775640.7146857689,999999.9999999999,1001081.0151117434,495929.51917429536,1000749.9359948479,1000749.9359948479
2025-03-16T15:20:00.000+0000,1002767.5969823449,775640.7146857689,999999.9999999999,1001105.0989992074,495929.51917429536,1000749.9359948479,1000749.9359948479
2025-03-16T15:30:00.000+0000,1002712.2377551849,775640.7146857689,999999.9999999999,1001077.3098982873,495929.51917429536,1000749.9359948479,1000749.9359948479
2025-03-16T15:40:00.000+0000,1002727.0002157609,775640.7146857689,999999.9999999999,1001084.7203251993,495929.51917429536,1000749.9359948479,1000749.9359948479
2025-03-16T15:50:00.000+0000,1002704.8565248968,775640.7146857689,999999.9999999999,1001073.6046848313,495929.51917429536,1000749.9359948479,1000749.9359948479
2025-03-16T16:00:00.000+0000,1002333.3346004009,775640.7146857689,999999.9999999999,1000887.1089408793,495929.51917429536,1000749.9359948479,1000749.9359948479
2025-03-16T16:10:00.000+0000,1002341.9460357368,775640.7146857689,999999.9999999999,1000891.4316899113,495929.51917429536,1000749.9359948479,1000749.9359948479
2025-03-16T16:20:00.000+0000,1002259.5222975209,775640.7146857689,999999.9999999999,1000850.0568063193,495929.51917429536,1000749.9359948479,1000749.9359948479
2025-03-16T16:30:00.000+0000,1002264.4431177129,775640.7146857689,999999.9999999999,1000852.5269486234,495929.51917429536,1000749.9359948479,1000749.9359948479
2025-03-16T16:40:00.000+0000,1002306.2700893448,775640.7146857689,999999.9999999999,1000873.5231582073,495929.51917429536,1000749.9359948479,1000749.9359948479
2025-03-16T16:50:00.000+0000,1002439.1322345289,775640.7146857689,999999.9999999999,1000940.2170004153,495929.51917429536,1000749.9359948479,1000749.9359948479
2025-03-16T17:00:00.000+0000,1002412.0677234728,775640.7146857689,999999.9999999999,1000926.6312177433,495929.51917429536,1000749.9359948479,1000749.9359948479
2025-03-16T17:10:00.000+0000,1002429.2905941448,775640.7146857689,999999.9999999999,1000935.2767158074,495929.51917429536,1000749.9359948479,1000749.9359948479
2025-03-16T17:20:00.000+0000,1002483.4196162568,775640.7146857689,999999.9999999999,1000962.4482811514,495929.51917429536,1000749.9359948479,1000749.9359948479
2025-03-16T17:30:00.000+0000,1002496.9518717849,775640.7146857689,999999.9999999999,1000969.2411724874,495929.51917429536,1000749.9359948479,1000749.9359948479
2025-03-16T17:40:00.000+0000,1002498.1820768329,775640.7146857689,999999.9999999999,1000969.8587080634,495929.51917429536,1000749.9359948479,1000749.9359948479
2025-03-16T17:50:00.000+0000,1002410.8375184248,775640.7146857689,999999.9999999999,1000926.0136821673,495929.51917429536,1000749.9359948479,1000749.9359948479
2025-03-16T18:00:00.000+0000,1002409.6073133769,775640.7146857689,999999.9999999999,1000925.3961465913,495929.51917429536,1000749.9359948479,1000749.9359948479
2025-03-16T18:10:00.000+0000,1002252.1410672328,775640.7146857689,999999.9999999999,1000846.3515928633,495929.51917429536,1000749.9359948479,1000749.9359948479
2025-03-16T18:20:00.000+0000,1002305.0398842968,775640.7146857689,999999.9999999999,1000872.9056226313,495929.51917429536,1000749.9359948479,1000749.9359948479
2025-03-16T18:30:00.000+0000,1002277.9753732409,775640.7146857689,999999.9999999999,1000859.3198399593,495929.51917429536,1000749.9359948479,1000749.9359948479
2025-03-16T18:40:00.000+0000,1002312.4211145849,775640.7146857689,999999.9999999999,1000876.6108360873,495929.51917429536,1000749.9359948479,1000749.9359948479
2025-03-16T18:50:00.000+0000,1002396.0750578488,775640.7146857689,999999.9999999999,1000918.6032552554,495929.51917429536,1000749.9359948479,1000749.9359948479
2025-03-16T19:00:00.000+0000,1002412.0677234728,775640.7146857689,999999.9999999999,1000926.6312177433,495929.51917429536,1000749.9359948479,1000749.9359948479
2025-03-16T19:10:00.000+0000,1002482.1894112088,775640.7146857689,999999.9999999999,1000961.8307455754,495929.51917429536,1000749.9359948479,1000749.9359948479
2025-03-16T19:20:00.000+0000,1002603.9797109609,775640.7146857689,999999.9999999999,1001022.9667675993,495929.51917429536,1000749.9359948479,1000749.9359948479
2025-03-16T19:30:00.000+0000,1002645.8066825928,775640.7146857689,999999.9999999999,1001043.9629771833,495929.51917429536,1000749.9359948479,1000749.9359948479
2025-03-16T19:40:00.000+0000,1002638.4254523049,775640.7146857689,999999.9999999999,1001040.2577637273,495929.51917429536,1000749.9359948479,1000749.9359948479
2025-03-16T19:50:00.000+0000,1002666.7201684088,775640.7146857689,999999.9999999999,1001054.4610819754,495929.51917429536,1000749.9359948479,1000749.9359948479
2025-03-16T20:00:00.000+0000,1002624.8931967769,775640.7146857689,999999.9999999999,1001033.4648723913,495929.51917429536,1000749.9359948479,1000749.9359948479
2025-03-16T20:10:00.000+0000,1002595.3682756248,775640.7146857689,999999.9999999999,1001018.6440185673,495929.51917429536,1000749.9359948479,1000749.9359948479
2025-03-16T20:20:00.000+0000,1002642.1160674489,775640.7146857689,999999.9999999999,1001042.1103704553,495929.51917429536,1000749.9359948479,1000749.9359948479
2025-03-16T20:30:00.000+0000,1002605.2099160089,775640.7146857689,999999.9999999999,1001023.5843031753,495929.51917429536,1000749.9359948479,1000749.9359948479
2025-03-16T20:40:00.000+0000,1002624.8931967769,775640.7146857689,999999.9999999999,1001033.4648723913,495929.51917429536,1000749.9359948479,1000749.9359948479
2025-03-16T20:50:00.000+0000,1002608.9005311528,775640.7146857689,999999.9999999999,1001025.4369099033,495929.51917429536,1000749.9359948479,1000749.9359948479
2025-03-16T21:00:00.000+0000,1002569.5339696169,775640.7146857689,999999.9999999999,1001005.6757714713,495929.51917429536,1000749.9359948479,1000749.9359948479
2025-03-16T21:10:00.000+0000,1002605.2099160089,775640.7146857689,999999.9999999999,1001023.5843031753,495929.51917429536,1000749.9359948479,1000749.9359948479
2025-03-16T21:20:00.000+0000,1002527.7069979848,775640.7146857689,999999.9999999999,1000984.6795618873,495929.51917429536,1000749.9359948479,1000749.9359948479
2025-03-16T21:30:00.000+0000,1002558.4621241848,775640.7146857689,999999.9999999999,1001000.1179512873,495929.51917429536,1000749.9359948479,1000749.9359948479
2025-03-16T21:40:00.000+0000,1002619.9723765849,775640.7146857689,999999.9999999999,1001030.9947300873,495929.51917429536,1000749.9359948479,1000749.9359948479
2025-03-16T21:50:00.000+0000,1002663.0295532648,775640.7146857689,999999.9999999999,1001052.6084752473,495929.51917429536,1000749.9359948479,1000749.9359948479
2025-03-16T22:00:00.000+0000,1002671.6409886009,775640.7146857689,999999.9999999999,1001056.9312242793,495929.51917429536,1000749.9359948479,1000749.9359948479
2025-03-16T22:10:00.000+0000,1002702.3961148008,775640.7146857689,999999.9999999999,1001072.3696136794,495929.51917429536,1000749.9359948479,1000749.9359948479
2025-03-16T22:20:00.000+0000,1002637.1952472569,775640.7146857689,999999.9999999999,1001039.6402281513,495929.51917429536,1000749.9359948479,1000749.9359948479
2025-03-16T22:30:00.000+0000,1002633.5046321128,775640.7146857689,999999.9999999999,1001037.7876214234,495929.51917429536,1000749.9359948479,1000749.9359948479
2025-03-16T22:40:00.000+0000,1002650.7275027848,775640.7146857689,999999.9999999999,1001046.4331194874,495929.51917429536,1000749.9359948479,1000749.9359948479
2025-03-16T22:50:00.000+0000,1002706.0867299448,775640.7146857689,999999.9999999999,1001074.2222204073,495929.51917429536,1000749.9359948479,1000749.9359948479
2025-03-16T23:00:00.000+0000,1002774.9782126328,775640.7146857689,999999.9999999999,1001108.8042126633,495929.51917429536,1000749.9359948479,1000749.9359948479
2025-03-16T23:10:00.000+0000,1002773.7480075848,775640.7146857689,999999.9999999999,1001108.1866770873,495929.51917429536,1000749.9359948479,1000749.9359948479
2025-03-16T23:20:00.000+0000,1002787.2802631129,775640.7146857689,999999.9999999999,1001114.9795684234,495929.51917429536,1000749.9359948479,1000749.9359948479
2025-03-16T23:30:00.000+0000,1002715.9283703289,775640.7146857689,999999.9999999999,1001079.1625050153,495929.51917429536,1000749.9359948479,1000749.9359948479
2025-03-16T23:40:00.000+0000,1002695.0148845129,775640.7146857689,999999.9999999999,1001068.6644002233,495929.51917429536,1000749.9359948479,1000749.9359948479
2025-03-16T23:50:00.000+0000,1002697.4752946089,775640.7146857689,999999.9999999999,1001069.8994713753,495929.51917429536,1000749.9359948479,1000749.9359948479
2025-03-17T00:00:00.000+0000,1002585.5266352409,775640.7146857689,999999.9999999999,1001013.7037339594,495929.51917429536,1000749.9359948479,1000749.9359948479
2025-03-17T00:10:00.000+0000,1002602.7495059129,775640.7146857689,999999.9999999999,1001022.3492320233,495929.51917429536,1000749.9359948479,1000749.9359948479
2025-03-17T00:20:00.000+0000,1002591.6776604808,775640.7146857689,999999.9999999999,1001016.7914118393,495929.51917429536,1000749.9359948479,1000749.9359948479
2025-03-17T00:30:00.000+0000,1002495.7216667369,775640.7146857689,999999.9999999999,1000968.6236369113,495929.51917429536,1000749.9359948479,1000749.9359948479
2025-03-17T00:40:00.000+0000,1002426.8301840489,775640.7146857689,999999.9999999999,1000934.0416446553,495929.51917429536,1000749.9359948479,1000749.9359948479
2025-03-17T00:50:00.000+0000,1002361.6293165048,775640.7146857689,999999.9999999999,1000901.3122591273,495929.51917429536,1000749.9359948479,1000749.9359948479
2025-03-17T01:00:00.000+0000,1002302.5794742008,775640.7146857689,999999.9999999999,1000871.6705514793,495929.51917429536,1000749.9359948479,1000749.9359948479
2025-03-17T01:10:00.000+0000,1002415.7583386168,775640.7146857689,999999.9999999999,1000928.4838244714,495929.51917429536,1000749.9359948479,1000749.9359948479
2025-03-17T01:20:00.000+0000,1002448.9738749128,775640.7146857689,999999.9999999999,1000945.1572850234,495929.51917429536,1000749.9359948479,1000749.9359948479
2025-03-17T01:30:00.000+0000,1002394.8448528008,775640.7146857689,999999.9999999999,1000917.9857196793,495929.51917429536,1000749.9359948479,1000749.9359948479
2025-03-17T01:40:00.000+0000,1002309.9607044889,775640.7146857689,999999.9999999999,1000875.3757649353,495929.51917429536,1000749.9359948479,1000749.9359948479
2025-03-17T01:50:00.000+0000,1002309.9607044889,775640.7146857689,999999.9999999999,1000875.3757649353,495929.51917429536,1000749.9359948479,1000749.9359948479
2025-03-17T02:00:00.000+0000,1002270.5941429528,775640.7146857689,999999.9999999999,1000855.6146265033,495929.51917429536,1000749.9359948479,1000749.9359948479
2025-03-17T02:10:00.000+0000,1002274.2847580968,775640.7146857689,999999.9999999999,1000857.4672332313,495929.51917429536,1000749.9359948479,1000749.9359948479
2025-03-17T02:20:00.000+0000,1002236.1484016088,775640.7146857689,999999.9999999999,1000838.3236303753,495929.51917429536,1000749.9359948479,1000749.9359948479
2025-03-17T02:30:00.000+0000,1002257.0618874249,775640.7146857689,999999.9999999999,1000848.8217351673,495929.51917429536,1000749.9359948479,1000749.9359948479
2025-03-17T02:40:00.000+0000,1002249.6806571368,775640.7146857689,999999.9999999999,1000845.1165217113,495929.51917429536,1000749.9359948479,1000749.9359948479
2025-03-17T02:50:00.000+0000,1002261.9827076169,775640.7146857689,999999.9999999999,1000851.2918774714,495929.51917429536,1000749.9359948479,1000749.9359948479
2025-03-17T03:00:00.000+0000,1002167.2569189209,775640.7146857689,999999.9999999999,1000803.7416381193,495929.51917429536,1000749.9359948479,1000749.9359948479
2025-03-17T03:10:00.000+0000,1002157.4152785368,775640.7146857689,999999.9999999999,1000798.8013535113,495929.51917429536,1000749.9359948479,1000749.9359948479
2025-03-17T03:20:00.000+0000,1002231.2275814168,775640.7146857689,999999.9999999999,1000835.8534880714,495929.51917429536,1000749.9359948479,1000749.9359948479
2025-03-17T03:30:00.000+0000,1002222.6161460809,775640.7146857689,999999.9999999999,1000831.5307390393,495929.51917429536,1000749.9359948479,1000749.9359948479
2025-03-17T03:40:00.000+0000,1002164.7965088248,775640.7146857689,999999.9999999999,1000802.5065669673,495929.51917429536,1000749.9359948479,1000749.9359948479
2025-03-17T03:50:00.000+0000,1002125.4299472888,775640.7146857689,999999.9999999999,1000782.7454285353,495929.51917429536,1000749.9359948479,1000749.9359948479
2025-03-17T04:00:00.000+0000,1002071.3009251768,775640.7146857689,999999.9999999999,1000755.5738631913,495929.51917429536,1000749.9359948479,1000749.9359948479
2025-03-17T04:10:00.000+0000,1002148.8038432009,775640.7146857689,999999.9999999999,1000794.4786044793,495929.51917429536,1000749.9359948479,1000749.9359948479
2025-03-17T04:20:00.000+0000,1002131.5809725288,775640.7146857689,999999.9999999999,1000785.8331064153,495929.51917429536,1000749.9359948479,1000749.9359948479
2025-03-17T04:30:00.000+0000,1002119.2789220489,775640.7146857689,999999.9999999999,1000779.6577506553,495929.51917429536,1000749.9359948479,1000749.9359948479
2025-03-17T04:40:00.000+0000,1002129.1205624328,775640.7146857689,999999.9999999999,1000784.5980352634,495929.51917429536,1000749.9359948479,1000749.9359948479
2025-03-17T04:50:00.000+0000,1002188.1704047369,775640.7146857689,999999.9999999999,1000814.2397429113,495929.51917429536,1000749.9359948479,1000749.9359948479
2025-03-17T05:00:00.000+0000,1002194.3214299768,775640.7146857689,999999.9999999999,1000817.3274207914,495929.51917429536,1000749.9359948479,1000749.9359948479
2025-03-17T05:10:00.000+0000,1002243.5296318969,775640.7146857689,999999.9999999999,1000842.0288438313,495929.51917429536,1000749.9359948479,1000749.9359948479
2025-03-17T05:20:00.000+0000,1002228.7671713209,775640.7146857689,999999.9999999999,1000834.6184169194,495929.51917429536,1000749.9359948479,1000749.9359948479
2025-03-17T05:30:00.000+0000,1002141.4226129128,775640.7146857689,999999.9999999999,1000790.7733910233,495929.51917429536,1000749.9359948479,1000749.9359948479
2025-03-17T05:40:00.000+0000,1002169.7173290169,775640.7146857689,999999.9999999999,1000804.9767092713,495929.51917429536,1000749.9359948479,1000749.9359948479
2025-03-17T05:50:00.000+0000,1002238.6088117049,775640.7146857689,999999.9999999999,1000839.5587015273,495929.51917429536,1000749.9359948479,1000749.9359948479
2025-03-17T06:00:00.000+0000,1002185.7099946409,775640.7146857689,999999.9999999999,1000813.0046717593,495929.51917429536,1000749.9359948479,1000749.9359948479
2025-03-17T06:10:00.000+0000,1002209.0838905529,775640.7146857689,999999.9999999999,1000824.7378477033,495929.51917429536,1000749.9359948479,1000749.9359948479
2025-03-17T06:20:00.000+0000,1002296.4284489609,775640.7146857689,999999.9999999999,1000868.5828735994,495929.51917429536,1000749.9359948479,1000749.9359948479
2025-03-17T06:30:00.000+0000,1002383.7730073689,775640.7146857689,999999.9999999999,1000912.4278994953,495929.51917429536,1000749.9359948479,1000749.9359948479
2025-03-17T06:40:00.000+0000,1002302.5794742008,775640.7146857689,999999.9999999999,1000871.6705514793,495929.51917429536,1000749.9359948479,1000749.9359948479
2025-03-17T06:50:00.000+0000,1002247.2202470409,775640.7146857689,999999.9999999999,1000843.8814505594,495929.51917429536,1000749.9359948479,1000749.9359948479
2025-03-17T07:00:00.000+0000,1002245.9900419929,775640.7146857689,999999.9999999999,1000843.2639149834,495929.51917429536,1000749.9359948479,1000749.9359948479
2025-03-17T07:10:00.000+0000,1002202.9328653128,775640.7146857689,999999.9999999999,1000821.6501698233,495929.51917429536,1000749.9359948479,1000749.9359948479
2025-03-17T07:20:00.000+0000,1002226.3067612249,775640.7146857689,999999.9999999999,1000833.3833457673,495929.51917429536,1000749.9359948479,1000749.9359948479
2025-03-17T07:30:00.000+0000,1002241.0692218009,775640.7146857689,999999.9999999999,1000840.7937726793,495929.51917429536,1000749.9359948479,1000749.9359948479
2025-03-17T07:40:00.000+0000,1002106.9768715688,775640.7146857689,999999.9999999999,1000773.4823948953,495929.51917429536,1000749.9359948479,1000749.9359948479
2025-03-17T07:50:00.000+0000,1002136.5017927209,775640.7146857689,999999.9999999999,1000788.3032487193,495929.51917429536,1000749.9359948479,1000749.9359948479
2025-03-17T08:00:00.000+0000,1002145.1132280568,775640.7146857689,999999.9999999999,1000792.6259977514,495929.51917429536,1000749.9359948479,1000749.9359948479
2025-03-17T08:10:00.000+0000,1002198.0120451208,775640.7146857689,999999.9999999999,1000819.1800275194,495929.51917429536,1000749.9359948479,1000749.9359948479
2025-03-17T08:20:00.000+0000,1002131.5809725288,775640.7146857689,999999.9999999999,1000785.8331064153,495929.51917429536,1000749.9359948479,1000749.9359948479
2025-03-17T08:30:00.000+0000,1002129.1205624328,775640.7146857689,999999.9999999999,1000784.5980352634,495929.51917429536,1000749.9359948479,1000749.9359948479
2025-03-17T08:40:00.000+0000,1002006.1000576329,775640.7146857689,999999.9999999999,1000722.8444776633,495929.51917429536,1000749.9359948479,1000749.9359948479
2025-03-17T08:50:00.000+0000,1001980.2657516248,775640.7146857689,999999.9999999999,1000709.8762305673,495929.51917429536,1000749.9359948479,1000749.9359948479
2025-03-17T09:00:00.000+0000,1001979.0355465768,775640.7146857689,999999.9999999999,1000709.2586949914,495929.51917429536,1000749.9359948479,1000749.9359948479
2025-03-17T09:10:00.000+0000,1001985.1865718169,775640.7146857689,999999.9999999999,1000712.3463728713,495929.51917429536,1000749.9359948479,1000749.9359948479
2025-03-17T09:20:00.000+0000,1001923.6763194168,775640.7146857689,999999.9999999999,1000681.4695940713,495929.51917429536,1000749.9359948479,1000749.9359948479
2025-03-17T09:30:00.000+0000,1001955.6616506649,775640.7146857689,999999.9999999999,1000697.5255190473,495929.51917429536,1000749.9359948479,1000749.9359948479
2025-03-17T09:40:00.000+0000,1001981.4959566728,775640.7146857689,999999.9999999999,1000710.4937661433,495929.51917429536,1000749.9359948479,1000749.9359948479
2025-03-17T09:50:00.000+0000,1002011.0208778249,775640.7146857689,999999.9999999999,1000725.3146199674,495929.51917429536,1000749.9359948479,1000749.9359948479
2025-03-17T10:00:00.000+0000,1002015.9416980168,775640.7146857689,999999.9999999999,1000727.7847622713,495929.51917429536,1000749.9359948479,1000749.9359948479
2025-03-17T10:10:00.000+0000,1002105.7466665208,775640.7146857689,999999.9999999999,1000772.8648593193,495929.51917429536,1000749.9359948479,1000749.9359948479
2025-03-17T10:20:00.000+0000,1002076.2217453688,775640.7146857689,999999.9999999999,1000758.0440054953,495929.51917429536,1000749.9359948479,1000749.9359948479
2025-03-17T10:30:00.000+0000,1002097.1352311849,775640.7146857689,999999.9999999999,1000768.5421102874,495929.51917429536,1000749.9359948479,1000749.9359948479
2025-03-17T10:40:00.000+0000,1002027.0135434489,775640.7146857689,999999.9999999999,1000733.3425824554,495929.51917429536,1000749.9359948479,1000749.9359948479
2025-03-17T10:50:00.000+0000,1002070.0707201288,775640.7146857689,999999.9999999999,1000754.9563276153,495929.51917429536,1000749.9359948479,1000749.9359948479
2025-03-17T11:00:00.000+0000,1002083.6029756569,775640.7146857689,999999.9999999999,1000761.7492189513,495929.51917429536,1000749.9359948479,1000749.9359948479
2025-03-17T11:10:00.000+0000,1002055.3082595528,775640.7146857689,999999.9999999999,1000747.5459007033,495929.51917429536,1000749.9359948479,1000749.9359948479
2025-03-17T11:20:00.000+0000,1002013.4812879208,775640.7146857689,999999.9999999999,1000726.5496911193,495929.51917429536,1000749.9359948479,1000749.9359948479
2025-03-17T11:30:00.000+0000,1002028.2437484969,775640.7146857689,999999.9999999999,1000733.9601180314,495929.51917429536,1000749.9359948479,1000749.9359948479
2025-03-17T11:40:00.000+0000,1002031.9343636408,775640.7146857689,999999.9999999999,1000735.8127247593,495929.51917429536,1000749.9359948479,1000749.9359948479
2025-03-17T11:50:00.000+0000,1002113.1278968088,775640.7146857689,999999.9999999999,1000776.5700727754,495929.51917429536,1000749.9359948479,1000749.9359948479
2025-03-17T12:00:00.000+0000,1002039.3155939288,775640.7146857689,999999.9999999999,1000739.5179382153,495929.51917429536,1000749.9359948479,1000749.9359948479
2025-03-17T12:10:00.000+0000,1002130.3507674809,775640.7146857689,999999.9999999999,1000785.2155708394,495929.51917429536,1000749.9359948479,1000749.9359948479
2025-03-17T12:20:00.000+0000,1002238.6088117049,775640.7146857689,999999.9999999999,1000839.5587015273,495929.51917429536,1000749.9359948479,1000749.9359948479
2025-03-17T12:30:00.000+0000,1002102.0560513769,775640.7146857689,999999.9999999999,1000771.0122525913,495929.51917429536,1000749.9359948479,1000749.9359948479
2025-03-17T12:40:00.000+0000,1002225.0765561769,775640.7146857689,999999.9999999999,1000832.7658101913,495929.51917429536,1000749.9359948479,1000749.9359948479
2025-03-17T12:50:00.000+0000,1002286.5868085768,775640.7146857689,999999.9999999999,1000863.6425889913,495929.51917429536,1000749.9359948479,1000749.9359948479
2025-03-17T13:00:00.000+0000,1002353.0178811689,775640.7146857689,999999.9999999999,1000896.9895100953,495929.51917429536,1000749.9359948479,1000749.9359948479
2025-03-17T13:10:00.000+0000,1002317.3419347769,775640.7146857689,999999.9999999999,1000879.0809783913,495929.51917429536,1000749.9359948479,1000749.9359948479
2025-03-17T13:20:00.000+0000,1002356.7084963128,775640.7146857689,999999.9999999999,1000898.8421168233,495929.51917429536,1000749.9359948479,1000749.9359948479
2025-03-17T13:30:00.000+0000,1002217.6953258888,775640.7146857689,999999.9999999999,1000829.0605967353,495929.51917429536,1000749.9359948479,1000749.9359948479
2025-03-17T13:40:00.000+0000,1002223.8463511289,775640.7146857689,999999.9999999999,1000832.1482746153,495929.51917429536,1000749.9359948479,1000749.9359948479
2025-03-17T13:50:00.000+0000,1002366.5501366968,775640.7146857689,999999.9999999999,1000903.7824014314,495929.51917429536,1000749.9359948479,1000749.9359948479
2025-03-17T14:00:00.000+0000,1002405.9166982329,775640.7146857689,999999.9999999999,1000923.5435398633,495929.51917429536,1000749.9359948479,1000749.9359948479
2025-03-17T14:10:00.000+0000,1002410.8375184248,775640.7146857689,999999.9999999999,1000926.0136821673,495929.51917429536,1000749.9359948479,1000749.9359948479
2025-03-17T14:20:00.000+0000,1002391.1542376569,775640.7146857689,999999.9999999999,1000916.1331129513,495929.51917429536,1000749.9359948479,1000749.9359948479
2025-03-17T14:30:00.000+0000,1002317.3419347769,775640.7146857689,999999.9999999999,1000879.0809783913,495929.51917429536,1000749.9359948479,1000749.9359948479
2025-03-17T14:40:00.000+0000,1002247.2202470409,775640.7146857689,999999.9999999999,1000843.8814505594,495929.51917429536,1000749.9359948479,1000749.9359948479
2025-03-17T14:50:00.000+0000,1002284.1263984808,775640.7146857689,999999.9999999999,1000862.4075178393,495929.51917429536,1000749.9359948479,1000749.9359948479
2025-03-17T15:00:00.000+0000,1002360.3991114568,775640.7146857689,999999.9999999999,1000900.6947235513,495929.51917429536,1000749.9359948479,1000749.9359948479
2025-03-17T15:10:00.000+0000,1002252.1410672328,775640.7146857689,999999.9999999999,1000846.3515928633,495929.51917429536,1000749.9359948479,1000749.9359948479
2025-03-17T15:20:00.000+0000,1002211.5443006488,775640.7146857689,999999.9999999999,1000825.9729188554,495929.51917429536,1000749.9359948479,1000749.9359948479
2025-03-17T15:30:00.000+0000,1002245.9900419929,775640.7146857689,999999.9999999999,1000843.2639149834,495929.51917429536,1000749.9359948479,1000749.9359948479
2025-03-17T15:40:00.000+0000,1002279.2055782889,775640.7146857689,999999.9999999999,1000859.9373755354,495929.51917429536,1000749.9359948479,1000749.9359948479
2025-03-17T15:50:00.000+0000,1002196.7818400728,775640.7146857689,999999.9999999999,1000818.5624919434,495929.51917429536,1000749.9359948479,1000749.9359948479
2025-03-17T16:00:00.000+0000,1002083.6029756569,775640.7146857689,999999.9999999999,1000761.7492189513,495929.51917429536,1000749.9359948479,1000749.9359948479
2025-03-17T16:10:00.000+0000,1002141.4226129128,775640.7146857689,999999.9999999999,1000790.7733910233,495929.51917429536,1000749.9359948479,1000749.9359948479
2025-03-17T16:20:00.000+0000,1002145.1132280568,775640.7146857689,999999.9999999999,1000792.6259977514,495929.51917429536,1000749.9359948479,1000749.9359948479
2025-03-17T16:30:00.000+0000,1002163.5663037768,775640.7146857689,999999.9999999999,1000801.8890313914,495929.51917429536,1000749.9359948479,1000749.9359948479
2025-03-17T16:40:00.000+0000,1002266.9035278088,775640.7146857689,999999.9999999999,1000853.7620197753,495929.51917429536,1000749.9359948479,1000749.9359948479
2025-03-17T16:50:00.000+0000,1002236.1484016088,775640.7146857689,999999.9999999999,1000838.3236303753,495929.51917429536,1000749.9359948479,1000749.9359948479
2025-03-17T17:00:00.000+0000,1002135.2715876729,775640.7146857689,999999.9999999999,1000787.6857131433,495929.51917429536,1000749.9359948479,1000749.9359948479
2025-03-17T17:10:00.000+0000,1002127.8903573848,775640.7146857689,999999.9999999999,1000783.9804996874,495929.51917429536,1000749.9359948479,1000749.9359948479
2025-03-17T17:20:00.000+0000,1002077.4519504169,775640.7146857689,999999.9999999999,1000758.6615410714,495929.51917429536,1000749.9359948479,1000749.9359948479
2025-03-17T17:30:00.000+0000,1002024.5531333529,775640.7146857689,999999.9999999999,1000732.1075113033,495929.51917429536,1000749.9359948479,1000749.9359948479
2025-03-17T17:40:00.000+0000,1001945.8200102808,775640.7146857689,999999.9999999999,1000692.5852344393,495929.51917429536,1000749.9359948479,1000749.9359948479
2025-03-17T17:50:00.000+0000,1001905.2232436968,775640.7146857689,999999.9999999999,1000672.2065604313,495929.51917429536,1000749.9359948479,1000749.9359948479
2025-03-17T18:00:00.000+0000,1001917.5252941769,775640.7146857689,999999.9999999999,1000678.3819161913,495929.51917429536,1000749.9359948479,1000749.9359948479
2025-03-17T18:10:00.000+0000,1001816.6484802408,775640.7146857689,999999.9999999999,1000627.7439989593,495929.51917429536,1000749.9359948479,1000749.9359948479
2025-03-17T18:20:00.000+0000,1001826.4901206249,775640.7146857689,999999.9999999999,1000632.6842835674,495929.51917429536,1000749.9359948479,1000749.9359948479
2025-03-17T18:30:00.000+0000,1001789.5839691849,775640.7146857689,999999.9999999999,1000614.1582162874,495929.51917429536,1000749.9359948479,1000749.9359948479
2025-03-17T18:40:00.000+0000,1001771.1308934649,775640.7146857689,999999.9999999999,1000604.8951826473,495929.51917429536,1000749.9359948479,1000749.9359948479
2025-03-17T18:50:00.000+0000,1001761.2892530808,775640.7146857689,999999.9999999999,1000599.9548980393,495929.51917429536,1000749.9359948479,1000749.9359948479
2025-03-17T19:00:00.000+0000,1001767.4402783208,775640.7146857689,999999.9999999999,1000603.0425759193,495929.51917429536,1000749.9359948479,1000749.9359948479
2025-03-17T19:10:00.000+0000,1001803.1162247128,775640.7146857689,999999.9999999999,1000620.9511076233,495929.51917429536,1000749.9359948479,1000749.9359948479
2025-03-17T19:20:00.000+0000,1001821.5693004328,775640.7146857689,999999.9999999999,1000630.2141412633,495929.51917429536,1000749.9359948479,1000749.9359948479
2025-03-17T19:30:00.000+0000,1001794.5047893769,775640.7146857689,999999.9999999999,1000616.6283585913,495929.51917429536,1000749.9359948479,1000749.9359948479
2025-03-17T19:40:00.000+0000,1001746.5267925048,775640.7146857689,999999.9999999999,1000592.5444711273,495929.51917429536,1000749.9359948479,1000749.9359948479
2025-03-17T19:50:00.000+0000,1001810.4974550009,775640.7146857689,999999.9999999999,1000624.6563210794,495929.51917429536,1000749.9359948479,1000749.9359948479
2025-03-17T20:00:00.000+0000,1001884.3097578809,775640.7146857689,999999.9999999999,1000661.7084556393,495929.51917429536,1000749.9359948479,1000749.9359948479
2025-03-17T20:10:00.000+0000,1001891.6909881688,775640.7146857689,999999.9999999999,1000665.4136690954,495929.51917429536,1000749.9359948479,1000749.9359948479
2025-03-17T20:20:00.000+0000,1001924.9065244648,775640.7146857689,999999.9999999999,1000682.0871296474,495929.51917429536,1000749.9359948479,1000749.9359948479
2025-03-17T20:30:00.000+0000,1001959.3522658088,775640.7146857689,999999.9999999999,1000699.3781257754,495929.51917429536,1000749.9359948479,1000749.9359948479
2025-03-17T20:40:00.000+0000,1001959.3522658088,775640.7146857689,999999.9999999999,1000699.3781257754,495929.51917429536,1000749.9359948479,1000749.9359948479
2025-03-17T20:50:00.000+0000,1001963.0428809528,775640.7146857689,999999.9999999999,1000701.2307325033,495929.51917429536,1000749.9359948479,1000749.9359948479
2025-03-17T21:00:00.000+0000,1002022.0927232569,775640.7146857689,999999.9999999999,1000730.8724401513,495929.51917429536,1000749.9359948479,1000749.9359948479
2025-03-17T21:10:00.000+0000,1001998.7188273448,775640.7146857689,999999.9999999999,1000719.1392642073,495929.51917429536,1000749.9359948479,1000749.9359948479
2025-03-17T21:20:00.000+0000,1001970.4241112408,775640.7146857689,999999.9999999999,1000704.9359459593,495929.51917429536,1000749.9359948479,1000749.9359948479
2025-03-17T21:30:00.000+0000,1001972.8845213369,775640.7146857689,999999.9999999999,1000706.1710171113,495929.51917429536,1000749.9359948479,1000749.9359948479
2025-03-17T21:40:00.000+0000,1001907.6836537928,775640.7146857689,999999.9999999999,1000673.4416315833,495929.51917429536,1000749.9359948479,1000749.9359948479
2025-03-17T21:50:00.000+0000,1001902.7628336009,775640.7146857689,999999.9999999999,1000670.9714892793,495929.51917429536,1000749.9359948479,1000749.9359948479
2025-03-17T22:00:00.000+0000,1001955.6616506649,775640.7146857689,999999.9999999999,1000697.5255190473,495929.51917429536,1000749.9359948479,1000749.9359948479
2025-03-17T22:10:00.000+0000,1001963.0428809528,775640.7146857689,999999.9999999999,1000701.2307325033,495929.51917429536,1000749.9359948479,1000749.9359948479
2025-03-17T22:20:00.000+0000,1001958.1220607609,775640.7146857689,999999.9999999999,1000698.7605901994,495929.51917429536,1000749.9359948479,1000749.9359948479
2025-03-17T22:30:00.000+0000,1001926.1367295128,775640.7146857689,999999.9999999999,1000682.7046652234,495929.51917429536,1000749.9359948479,1000749.9359948479
2025-03-17T22:40:00.000+0000,1001954.4314456169,775640.7146857689,999999.9999999999,1000696.9079834713,495929.51917429536,1000749.9359948479,1000749.9359948479
2025-03-17T22:50:00.000+0000,1001929.8273446568,775640.7146857689,999999.9999999999,1000684.5572719513,495929.51917429536,1000749.9359948479,1000749.9359948479
2025-03-17T23:00:00.000+0000,1001972.8845213369,775640.7146857689,999999.9999999999,1000706.1710171113,495929.51917429536,1000749.9359948479,1000749.9359948479
2025-03-17T23:10:00.000+0000,1002018.4021081128,775640.7146857689,999999.9999999999,1000729.0198334233,495929.51917429536,1000749.9359948479,1000749.9359948479
2025-03-17T23:20:00.000+0000,1002049.1572343129,775640.7146857689,999999.9999999999,1000744.4582228233,495929.51917429536,1000749.9359948479,1000749.9359948479
2025-03-17T23:30:00.000+0000,1002066.3801049849,775640.7146857689,999999.9999999999,1000753.1037208873,495929.51917429536,1000749.9359948479,1000749.9359948479
2025-03-17T23:40:00.000+0000,1002027.0135434489,775640.7146857689,999999.9999999999,1000733.3425824554,495929.51917429536,1000749.9359948479,1000749.9359948479
2025-03-17T23:50:00.000+0000,1002054.0780545048,775640.7146857689,999999.9999999999,1000746.9283651273,495929.51917429536,1000749.9359948479,1000749.9359948479
2025-03-18T00:00:00.000+0000,1002073.7613352728,775640.7146857689,999999.9999999999,1000756.8089343433,495929.51917429536,1000749.9359948479,1000749.9359948479
2025-03-18T00:10:00.000+0000,1002124.1997422408,775640.7146857689,999999.9999999999,1000782.1278929593,495929.51917429536,1000749.9359948479,1000749.9359948479
2025-03-18T00:20:00.000+0000,1002119.2789220489,775640.7146857689,999999.9999999999,1000779.6577506553,495929.51917429536,1000749.9359948479,1000749.9359948479
2025-03-18T00:30:00.000+0000,1002193.0912249289,775640.7146857689,999999.9999999999,1000816.7098852153,495929.51917429536,1000749.9359948479,1000749.9359948479
2025-03-18T00:40:00.000+0000,1002227.5369662729,775640.7146857689,999999.9999999999,1000834.0008813434,495929.51917429536,1000749.9359948479,1000749.9359948479
2025-03-18T00:50:00.000+0000,1002365.3199316489,775640.7146857689,999999.9999999999,1000903.1648658554,495929.51917429536,1000749.9359948479,1000749.9359948479
2025-03-18T01:00:00.000+0000,1002333.3346004009,775640.7146857689,999999.9999999999,1000887.1089408793,495929.51917429536,1000749.9359948479,1000749.9359948479
2025-03-18T01:10:00.000+0000,1002460.0457203449,775640.7146857689,999999.9999999999,1000950.7151052073,495929.51917429536,1000749.9359948479,1000749.9359948479
2025-03-18T01:20:00.000+0000,1002576.9151999048,775640.7146857689,999999.9999999999,1001009.3809849273,495929.51917429536,1000749.9359948479,1000749.9359948479
2025-03-18T01:30:00.000+0000,1002658.1087330729,775640.7146857689,999999.9999999999,1001050.1383329433,495929.51917429536,1000749.9359948479,1000749.9359948479
2025-03-18T01:40:00.000+0000,1002733.1512410009,775640.7146857689,999999.9999999999,1001087.8080030794,495929.51917429536,1000749.9359948479,1000749.9359948479
2025-03-18T01:50:00.000+0000,1002787.2802631129,775640.7146857689,999999.9999999999,1001114.9795684234,495929.51917429536,1000749.9359948479,1000749.9359948479
2025-03-18T02:00:00.000+0000,1002707.3169349928,775640.7146857689,999999.9999999999,1001074.8397559833,495929.51917429536,1000749.9359948479,1000749.9359948479
2025-03-18T02:10:00.000+0000,1002672.8711936488,775640.7146857689,999999.9999999999,1001057.5487598553,495929.51917429536,1000749.9359948479,1000749.9359948479
2025-03-18T02:20:00.000+0000,1002654.4181179288,775640.7146857689,999999.9999999999,1001048.2857262153,495929.51917429536,1000749.9359948479,1000749.9359948479
2025-03-18T02:30:00.000+0000,1002600.2890958169,775640.7146857689,999999.9999999999,1001021.1141608714,495929.51917429536,1000749.9359948479,1000749.9359948479
2025-03-18T02:40:00.000+0000,1002597.8286857208,775640.7146857689,999999.9999999999,1001019.8790897194,495929.51917429536,1000749.9359948479,1000749.9359948479
2025-03-18T02:50:00.000+0000,1002628.5838119208,775640.7146857689,999999.9999999999,1001035.3174791193,495929.51917429536,1000749.9359948479,1000749.9359948479
2025-03-18T03:00:00.000+0000,1002681.4826289848,775640.7146857689,999999.9999999999,1001061.8715088873,495929.51917429536,1000749.9359948479,1000749.9359948479
2025-03-18T03:10:00.000+0000,1002691.3242693688,775640.7146857689,999999.9999999999,1001066.8117934953,495929.51917429536,1000749.9359948479,1000749.9359948479
2025-03-18T03:20:00.000+0000,1002704.8565248968,775640.7146857689,999999.9999999999,1001073.6046848313,495929.51917429536,1000749.9359948479,1000749.9359948479
2025-03-18T03:30:00.000+0000,1002790.9708782568,775640.7146857689,999999.9999999999,1001116.8321751513,495929.51917429536,1000749.9359948479,1000749.9359948479
2025-03-18T03:40:00.000+0000,1002747.9137015769,775640.7146857689,999999.9999999999,1001095.2184299913,495929.51917429536,1000749.9359948479,1000749.9359948479
2025-03-18T03:50:00.000+0000,1002774.9782126328,775640.7146857689,999999.9999999999,1001108.8042126633,495929.51917429536,1000749.9359948479,1000749.9359948479
2025-03-18T04:00:00.000+0000,1002719.6189854728,775640.7146857689,999999.9999999999,1001081.0151117434,495929.51917429536,1000749.9359948479,1000749.9359948479
2025-03-18T04:10:00.000+0000,1002696.2450895609,775640.7146857689,999999.9999999999,1001069.2819357993,495929.51917429536,1000749.9359948479,1000749.9359948479
2025-03-18T04:20:00.000+0000,1002724.5398056649,775640.7146857689,999999.9999999999,1001083.4852540473,495929.51917429536,1000749.9359948479,1000749.9359948479
2025-03-18T04:30:00.000+0000,1002742.9928813849,775640.7146857689,999999.9999999999,1001092.7482876873,495929.51917429536,1000749.9359948479,1000749.9359948479
2025-03-18T04:40:00.000+0000,1002770.0573924409,775640.7146857689,999999.9999999999,1001106.3340703594,495929.51917429536,1000749.9359948479,1000749.9359948479
2025-03-18T04:50:00.000+0000,1002773.7480075848,775640.7146857689,999999.9999999999,1001108.1866770873,495929.51917429536,1000749.9359948479,1000749.9359948479
2025-03-18T05:00:00.000+0000,1002712.2377551849,775640.7146857689,999999.9999999999,1001077.3098982873,495929.51917429536,1000749.9359948479,1000749.9359948479
2025-03-18T05:10:00.000+0000,1002727.0002157609,775640.7146857689,999999.9999999999,1001084.7203251993,495929.51917429536,1000749.9359948479,1000749.9359948479
2025-03-18T05:20:00.000+0000,1002680.2524239369,775640.7146857689,999999.9999999999,1001061.2539733113,495929.51917429536,1000749.9359948479,1000749.9359948479
2025-03-18T05:30:00.000+0000,1002664.2597583128,775640.7146857689,999999.9999999999,1001053.2260108233,495929.51917429536,1000749.9359948479,1000749.9359948479
2025-03-18T05:40:00.000+0000,1002642.1160674489,775640.7146857689,999999.9999999999,1001042.1103704553,495929.51917429536,1000749.9359948479,1000749.9359948479
2025-03-18T05:50:00.000+0000,1002655.6483229769,775640.7146857689,999999.9999999999,1001048.9032617913,495929.51917429536,1000749.9359948479,1000749.9359948479
2025-03-18T06:00:00.000+0000,1002681.4826289848,775640.7146857689,999999.9999999999,1001061.8715088873,495929.51917429536,1000749.9359948479,1000749.9359948479
2025-03-18T06:10:00.000+0000,1002774.9782126328,775640.7146857689,999999.9999999999,1001108.8042126633,495929.51917429536,1000749.9359948479,1000749.9359948479
2025-03-18T06:20:00.000+0000,1002857.4019508489,775640.7146857689,999999.9999999999,1001150.1790962553,495929.51917429536,1000749.9359948479,1000749.9359948479
2025-03-18T06:30:00.000+0000,1002893.0778972409,775640.7146857689,999999.9999999999,1001168.0876279593,495929.51917429536,1000749.9359948479,1000749.9359948479
2025-03-18T06:40:00.000+0000,1002931.2142537289,775640.7146857689,999999.9999999999,1001187.2312308153,495929.51917429536,1000749.9359948479,1000749.9359948479
2025-03-18T06:50:00.000+0000,1002937.3652789688,775640.7146857689,999999.9999999999,1001190.3189086954,495929.51917429536,1000749.9359948479,1000749.9359948479
2025-03-18T07:00:00.000+0000,1002771.2875974888,775640.7146857689,999999.9999999999,1001106.9516059353,495929.51917429536,1000749.9359948479,1000749.9359948479
2025-03-18T07:10:00.000+0000,1002784.8198530169,775640.7146857689,999999.9999999999,1001113.7444972714,495929.51917429536,1000749.9359948479,1000749.9359948479
2025-03-18T07:20:00.000+0000,1002758.9855470088,775640.7146857689,999999.9999999999,1001100.7762501753,495929.51917429536,1000749.9359948479,1000749.9359948479
2025-03-18T07:30:00.000+0000,1002754.0647268168,775640.7146857689,999999.9999999999,1001098.3061078714,495929.51917429536,1000749.9359948479,1000749.9359948479
2025-03-18T07:40:00.000+0000,1002728.2304208088,775640.7146857689,999999.9999999999,1001085.3378607753,495929.51917429536,1000749.9359948479,1000749.9359948479
2025-03-18T07:50:00.000+0000,1002756.5251369128,775640.7146857689,999999.9999999999,1001099.5411790233,495929.51917429536,1000749.9359948479,1000749.9359948479
2025-03-18T08:00:00.000+0000,1002708.5471400409,775640.7146857689,999999.9999999999,1001075.4572915593,495929.51917429536,1000749.9359948479,1000749.9359948479
2025-03-18T08:10:00.000+0000,1002730.6908309049,775640.7146857689,999999.9999999999,1001086.5729319273,495929.51917429536,1000749.9359948479,1000749.9359948479
2025-03-18T08:20:00.000+0000,1002665.4899633608,775640.7146857689,999999.9999999999,1001053.8435463994,495929.51917429536,1000749.9359948479,1000749.9359948479
2025-03-18T08:30:00.000+0000,1002541.2392535128,775640.7146857689,999999.9999999999,1000991.4724532233,495929.51917429536,1000749.9359948479,1000749.9359948479
2025-03-18T08:40:00.000+0000,1002624.8931967769,775640.7146857689,999999.9999999999,1001033.4648723913,495929.51917429536,1000749.9359948479,1000749.9359948479
2025-03-18T08:50:00.000+0000,1002661.7993482169,775640.7146857689,999999.9999999999,1001051.9909396713,495929.51917429536,1000749.9359948479,1000749.9359948479
2025-03-18T09:00:00.000+0000,1002669.1805785048,775640.7146857689,999999.9999999999,1001055.6961531274,495929.51917429536,1000749.9359948479,1000749.9359948479
2025-03-18T09:10:00.000+0000,1002672.8711936488,775640.7146857689,999999.9999999999,1001057.5487598553,495929.51917429536,1000749.9359948479,1000749.9359948479
2025-03-18T09:20:00.000+0000,1002723.3096006168,775640.7146857689,999999.9999999999,1001082.8677184713,495929.51917429536,1000749.9359948479,1000749.9359948479
2025-03-18T09:30:00.000+0000,1002711.0075501369,775640.7146857689,999999.9999999999,1001076.6923627113,495929.51917429536,1000749.9359948479,1000749.9359948479
2025-03-18T09:40:00.000+0000,1002706.0867299448,775640.7146857689,999999.9999999999,1001074.2222204073,495929.51917429536,1000749.9359948479,1000749.9359948479
2025-03-18T09:50:00.000+0000,1002750.3741116729,775640.7146857689,999999.9999999999,1001096.4535011433,495929.51917429536,1000749.9359948479,1000749.9359948479
2025-03-18T10:00:00.000+0000,1002762.6761621528,775640.7146857689,999999.9999999999,1001102.6288569033,495929.51917429536,1000749.9359948479,1000749.9359948479
2025-03-18T10:10:00.000+0000,1002804.5031337849,775640.7146857689,999999.9999999999,1001123.6250664874,495929.51917429536,1000749.9359948479,1000749.9359948479
2025-03-18T10:20:00.000+0000,1002859.8623609449,775640.7146857689,999999.9999999999,1001151.4141674073,495929.51917429536,1000749.9359948479,1000749.9359948479
2025-03-18T10:30:00.000+0000,1002816.8051842649,775640.7146857689,999999.9999999999,1001129.8004222473,495929.51917429536,1000749.9359948479,1000749.9359948479
2025-03-18T10:40:00.000+0000,1002795.8916984488,775640.7146857689,999999.9999999999,1001119.3023174553,495929.51917429536,1000749.9359948479,1000749.9359948479
2025-03-18T10:50:00.000+0000,1002858.6321558969,775640.7146857689,999999.9999999999,1001150.7966318313,495929.51917429536,1000749.9359948479,1000749.9359948479
2025-03-18T11:00:00.000+0000,1002867.2435912328,775640.7146857689,999999.9999999999,1001155.1193808634,495929.51917429536,1000749.9359948479,1000749.9359948479
2025-03-18T11:10:00.000+0000,1002862.3227710408,775640.7146857689,999999.9999999999,1001152.6492385593,495929.51917429536,1000749.9359948479,1000749.9359948479
2025-03-18T11:20:00.000+0000,1002885.6966669528,775640.7146857689,999999.9999999999,1001164.3824145034,495929.51917429536,1000749.9359948479,1000749.9359948479
2025-03-18T11:30:00.000+0000,1002902.9195376248,775640.7146857689,999999.9999999999,1001173.0279125674,495929.51917429536,1000749.9359948479,1000749.9359948479
2025-03-18T11:40:00.000+0000,1002922.6028183929,775640.7146857689,999999.9999999999,1001182.9084817833,495929.51917429536,1000749.9359948479,1000749.9359948479
2025-03-18T11:50:00.000+0000,1002942.2860991608,775640.7146857689,999999.9999999999,1001192.7890509993,495929.51917429536,1000749.9359948479,1000749.9359948479
2025-03-18T12:00:00.000+0000,1002893.0778972409,775640.7146857689,999999.9999999999,1001168.0876279593,495929.51917429536,1000749.9359948479,1000749.9359948479
2025-03-18T12:10:00.000+0000,1002877.0852316169,775640.7146857689,999999.9999999999,1001160.0596654713,495929.51917429536,1000749.9359948479,1000749.9359948479
2025-03-18T12:20:00.000+0000,1002854.9415407529,775640.7146857689,999999.9999999999,1001148.9440251034,495929.51917429536,1000749.9359948479,1000749.9359948479
2025-03-18T12:30:00.000+0000,1002964.4297900249,775640.7146857689,999999.9999999999,1001203.9046913673,495929.51917429536,1000749.9359948479,1000749.9359948479
2025-03-18T12:40:00.000+0000,1002885.6966669528,775640.7146857689,999999.9999999999,1001164.3824145034,495929.51917429536,1000749.9359948479,1000749.9359948479
2025-03-18T12:50:00.000+0000,1002931.2142537289,775640.7146857689,999999.9999999999,1001187.2312308153,495929.51917429536,1000749.9359948479,1000749.9359948479
2025-03-18T13:00:00.000+0000,1002932.4444587769,775640.7146857689,999999.9999999999,1001187.8487663913,495929.51917429536,1000749.9359948479,1000749.9359948479
2025-03-18T13:10:00.000+0000,1002931.2142537289,775640.7146857689,999999.9999999999,1001187.2312308153,495929.51917429536,1000749.9359948479,1000749.9359948479
2025-03-18T13:20:00.000+0000,1002944.7465092568,775640.7146857689,999999.9999999999,1001194.0241221513,495929.51917429536,1000749.9359948479,1000749.9359948479
2025-03-18T13:30:00.000+0000,1002932.4444587769,775640.7146857689,999999.9999999999,1001187.8487663913,495929.51917429536,1000749.9359948479,1000749.9359948479
2025-03-18T13:40:00.000+0000,1003189.5573138088,775640.7146857689,999999.9999999999,1001316.9137017754,495929.51917429536,1000749.9359948479,1000749.9359948479
2025-03-18T13:50:00.000+0000,1003267.0602318328,775640.7146857689,999999.9999999999,1001355.8184430633,495929.51917429536,1000749.9359948479,1000749.9359948479
2025-03-18T14:00:00.000+0000,1003253.5279763049,775640.7146857689,999999.9999999999,1001349.0255517273,495929.51917429536,1000749.9359948479,1000749.9359948479
2025-03-18T14:10:00.000+0000,1003226.4634652488,775640.7146857689,999999.9999999999,1001335.4397690553,495929.51917429536,1000749.9359948479,1000749.9359948479
2025-03-18T14:20:00.000+0000,1003210.4707996248,775640.7146857689,999999.9999999999,1001327.4118065673,495929.51917429536,1000749.9359948479,1000749.9359948479
2025-03-18T14:30:00.000+0000,1003094.8315251129,775640.7146857689,999999.9999999999,1001269.3634624233,495929.51917429536,1000749.9359948479,1000749.9359948479
2025-03-18T14:40:00.000+0000,1003041.9327080488,775640.7146857689,999999.9999999999,1001242.8094326553,495929.51917429536,1000749.9359948479,1000749.9359948479
2025-03-18T14:50:00.000+0000,1003119.4356260728,775640.7146857689,999999.9999999999,1001281.7141739433,495929.51917429536,1000749.9359948479,1000749.9359948479
2025-03-18T15:00:00.000+0000,1003158.8021876088,775640.7146857689,999999.9999999999,1001301.4753123753,495929.51917429536,1000749.9359948479,1000749.9359948479
2025-03-18T15:10:00.000+0000,1003176.0250582809,775640.7146857689,999999.9999999999,1001310.1208104393,495929.51917429536,1000749.9359948479,1000749.9359948479
2025-03-18T15:20:00.000+0000,1003147.7303421769,775640.7146857689,999999.9999999999,1001295.9174921913,495929.51917429536,1000749.9359948479,1000749.9359948479
2025-03-18T15:30:00.000+0000,1003098.5221402568,775640.7146857689,999999.9999999999,1001271.2160691513,495929.51917429536,1000749.9359948479,1000749.9359948479
2025-03-18T15:40:00.000+0000,1003132.9678816008,775640.7146857689,999999.9999999999,1001288.5070652793,495929.51917429536,1000749.9359948479,1000749.9359948479
2025-03-18T15:50:00.000+0000,1003249.8373611609,775640.7146857689,999999.9999999999,1001347.1729449993,495929.51917429536,1000749.9359948479,1000749.9359948479
2025-03-18T16:00:00.000+0000,1003210.4707996248,775640.7146857689,999999.9999999999,1001327.4118065673,495929.51917429536,1000749.9359948479,1000749.9359948479
2025-03-18T16:10:00.000+0000,1003166.1834178969,775640.7146857689,999999.9999999999,1001305.1805258313,495929.51917429536,1000749.9359948479,1000749.9359948479
2025-03-18T16:20:00.000+0000,1003110.8241907369,775640.7146857689,999999.9999999999,1001277.3914249113,495929.51917429536,1000749.9359948479,1000749.9359948479
2025-03-18T16:30:00.000+0000,1003092.3711150169,775640.7146857689,999999.9999999999,1001268.1283912713,495929.51917429536,1000749.9359948479,1000749.9359948479
2025-03-18T16:40:00.000+0000,1003177.2552633288,775640.7146857689,999999.9999999999,1001310.7383460153,495929.51917429536,1000749.9359948479,1000749.9359948479
2025-03-18T16:50:00.000+0000,1003162.4928027529,775640.7146857689,999999.9999999999,1001303.3279191033,495929.51917429536,1000749.9359948479,1000749.9359948479
2025-03-18T17:00:00.000+0000,1003158.8021876088,775640.7146857689,999999.9999999999,1001301.4753123753,495929.51917429536,1000749.9359948479,1000749.9359948479
2025-03-18T17:10:00.000+0000,1003215.3916198169,775640.7146857689,999999.9999999999,1001329.8819488713,495929.51917429536,1000749.9359948479,1000749.9359948479
2025-03-18T17:20:00.000+0000,1003276.9018722168,775640.7146857689,999999.9999999999,1001360.7587276713,495929.51917429536,1000749.9359948479,1000749.9359948479
2025-03-18T17:30:00.000+0000,1003220.3124400089,775640.7146857689,999999.9999999999,1001332.3520911753,495929.51917429536,1000749.9359948479,1000749.9359948479
2025-03-18T17:40:00.000+0000,1003231.3842854409,775640.7146857689,999999.9999999999,1001337.9099113593,495929.51917429536,1000749.9359948479,1000749.9359948479
2025-03-18T17:50:00.000+0000,1003284.2831025049,775640.7146857689,999999.9999999999,1001364.4639411273,495929.51917429536,1000749.9359948479,1000749.9359948479
2025-03-18T18:00:00.000+0000,1003211.7010046728,775640.7146857689,999999.9999999999,1001328.0293421433,495929.51917429536,1000749.9359948479,1000749.9359948479
2025-03-18T18:10:00.000+0000,1003184.6364936169,775640.7146857689,999999.9999999999,1001314.4435594713,495929.51917429536,1000749.9359948479,1000749.9359948479
2025-03-18T18:20:00.000+0000,1003176.0250582809,775640.7146857689,999999.9999999999,1001310.1208104393,495929.51917429536,1000749.9359948479,1000749.9359948479
2025-03-18T18:30:00.000+0000,1003219.0822349609,775640.7146857689,999999.9999999999,1001331.7345555993,495929.51917429536,1000749.9359948479,1000749.9359948479
2025-03-18T18:40:00.000+0000,1003150.1907522728,775640.7146857689,999999.9999999999,1001297.1525633433,495929.51917429536,1000749.9359948479,1000749.9359948479
2025-03-18T18:50:00.000+0000,1003128.0470614089,775640.7146857689,999999.9999999999,1001286.0369229753,495929.51917429536,1000749.9359948479,1000749.9359948479
2025-03-18T19:00:00.000+0000,1003088.6804998729,775640.7146857689,999999.9999999999,1001266.2757845434,495929.51917429536,1000749.9359948479,1000749.9359948479
2025-03-18T19:10:00.000+0000,1003064.0763989128,775640.7146857689,999999.9999999999,1001253.9250730233,495929.51917429536,1000749.9359948479,1000749.9359948479
2025-03-18T19:20:00.000+0000,1003059.1555787208,775640.7146857689,999999.9999999999,1001251.4549307193,495929.51917429536,1000749.9359948479,1000749.9359948479
2025-03-18T19:30:00.000+0000,1003013.6379919448,775640.7146857689,999999.9999999999,1001228.6061144073,495929.51917429536,1000749.9359948479,1000749.9359948479
2025-03-18T19:40:00.000+0000,1003017.3286070889,775640.7146857689,999999.9999999999,1001230.4587211353,495929.51917429536,1000749.9359948479,1000749.9359948479
2025-03-18T19:50:00.000+0000,1002949.6673294489,775640.7146857689,999999.9999999999,1001196.4942644553,495929.51917429536,1000749.9359948479,1000749.9359948479
2025-03-18T20:00:00.000+0000,1002931.2142537289,775640.7146857689,999999.9999999999,1001187.2312308153,495929.51917429536,1000749.9359948479,1000749.9359948479
2025-03-18T20:10:00.000+0000,1002966.8902001209,775640.7146857689,999999.9999999999,1001205.1397625193,495929.51917429536,1000749.9359948479,1000749.9359948479
2025-03-18T20:20:00.000+0000,1003029.6306575688,775640.7146857689,999999.9999999999,1001236.6340768953,495929.51917429536,1000749.9359948479,1000749.9359948479
2025-03-18T20:30:00.000+0000,1003045.6233231928,775640.7146857689,999999.9999999999,1001244.6620393833,495929.51917429536,1000749.9359948479,1000749.9359948479
2025-03-18T20:40:00.000+0000,1003002.5661465129,775640.7146857689,999999.9999999999,1001223.0482942234,495929.51917429536,1000749.9359948479,1000749.9359948479
2025-03-18T20:50:00.000+0000,1002957.0485597368,775640.7146857689,999999.9999999999,1001200.1994779113,495929.51917429536,1000749.9359948479,1000749.9359948479
2025-03-18T21:00:00.000+0000,1002947.2069193529,775640.7146857689,999999.9999999999,1001195.2591933033,495929.51917429536,1000749.9359948479,1000749.9359948479
2025-03-18T21:10:00.000+0000,1002879.5456417128,775640.7146857689,999999.9999999999,1001161.2947366233,495929.51917429536,1000749.9359948479,1000749.9359948479
2025-03-18T21:20:00.000+0000,1002918.9122032488,775640.7146857689,999999.9999999999,1001181.0558750554,495929.51917429536,1000749.9359948479,1000749.9359948479
2025-03-18T21:30:00.000+0000,1002937.3652789688,775640.7146857689,999999.9999999999,1001190.3189086954,495929.51917429536,1000749.9359948479,1000749.9359948479
2025-03-18T21:40:00.000+0000,1002965.6599950729,775640.7146857689,999999.9999999999,1001204.5222269433,495929.51917429536,1000749.9359948479,1000749.9359948479
2025-03-18T21:50:00.000+0000,1002947.2069193529,775640.7146857689,999999.9999999999,1001195.2591933033,495929.51917429536,1000749.9359948479,1000749.9359948479
2025-03-18T22:00:00.000+0000,1002905.3799477208,775640.7146857689,999999.9999999999,1001174.2629837194,495929.51917429536,1000749.9359948479,1000749.9359948479
2025-03-18T22:10:00.000+0000,1002891.8476921929,775640.7146857689,999999.9999999999,1001167.4700923833,495929.51917429536,1000749.9359948479,1000749.9359948479
2025-03-18T22:20:00.000+0000,1002879.5456417128,775640.7146857689,999999.9999999999,1001161.2947366233,495929.51917429536,1000749.9359948479,1000749.9359948479
2025-03-18T22:30:00.000+0000,1002848.7905155128,775640.7146857689,999999.9999999999,1001145.8563472233,495929.51917429536,1000749.9359948479,1000749.9359948479
2025-03-18T22:40:00.000+0000,1002810.6541590248,775640.7146857689,999999.9999999999,1001126.7127443673,495929.51917429536,1000749.9359948479,1000749.9359948479
2025-03-18T22:50:00.000+0000,1002745.4532914809,775640.7146857689,999999.9999999999,1001093.9833588393,495929.51917429536,1000749.9359948479,1000749.9359948479
2025-03-18T23:00:00.000+0000,1002715.9283703289,775640.7146857689,999999.9999999999,1001079.1625050153,495929.51917429536,1000749.9359948479,1000749.9359948479
2025-03-18T23:10:00.000+0000,1002680.2524239369,775640.7146857689,999999.9999999999,1001061.2539733113,495929.51917429536,1000749.9359948479,1000749.9359948479
2025-03-18T23:20:00.000+0000,1002715.9283703289,775640.7146857689,999999.9999999999,1001079.1625050153,495929.51917429536,1000749.9359948479,1000749.9359948479
2025-03-18T23:30:00.000+0000,1002715.9283703289,775640.7146857689,999999.9999999999,1001079.1625050153,495929.51917429536,1000749.9359948479,1000749.9359948479
2025-03-18T23:40:00.000+0000,1002735.6116510968,775640.7146857689,999999.9999999999,1001089.0430742314,495929.51917429536,1000749.9359948479,1000749.9359948479
2025-03-18T23:50:00.000+0000,1002709.7773450888,775640.7146857689,999999.9999999999,1001076.0748271353,495929.51917429536,1000749.9359948479,1000749.9359948479
2025-03-19T00:00:00.000+0000,1002752.8345217688,775640.7146857689,999999.9999999999,1001097.6885722954,495929.51917429536,1000749.9359948479,1000749.9359948479
2025-03-19T00:10:00.000+0000,1002703.6263198488,775640.7146857689,999999.9999999999,1001072.9871492554,495929.51917429536,1000749.9359948479,1000749.9359948479
2025-03-19T00:20:00.000+0000,1002640.8858624009,775640.7146857689,999999.9999999999,1001041.4928348793,495929.51917429536,1000749.9359948479,1000749.9359948479
2025-03-19T00:30:00.000+0000,1002579.3756100008,775640.7146857689,999999.9999999999,1001010.6160560793,495929.51917429536,1000749.9359948479,1000749.9359948479
2025-03-19T00:40:00.000+0000,1002602.7495059129,775640.7146857689,999999.9999999999,1001022.3492320233,495929.51917429536,1000749.9359948479,1000749.9359948479
2025-03-19T00:50:00.000+0000,1002608.9005311528,775640.7146857689,999999.9999999999,1001025.4369099033,495929.51917429536,1000749.9359948479,1000749.9359948479
2025-03-19T01:00:00.000+0000,1002649.4972977368,775640.7146857689,999999.9999999999,1001045.8155839113,495929.51917429536,1000749.9359948479,1000749.9359948479
2025-03-19T01:10:00.000+0000,1002691.3242693688,775640.7146857689,999999.9999999999,1001066.8117934953,495929.51917429536,1000749.9359948479,1000749.9359948479
2025-03-19T01:20:00.000+0000,1002745.4532914809,775640.7146857689,999999.9999999999,1001093.9833588393,495929.51917429536,1000749.9359948479,1000749.9359948479
2025-03-19T01:30:00.000+0000,1002758.9855470088,775640.7146857689,999999.9999999999,1001100.7762501753,495929.51917429536,1000749.9359948479,1000749.9359948479
2025-03-19T01:40:00.000+0000,1002742.9928813849,775640.7146857689,999999.9999999999,1001092.7482876873,495929.51917429536,1000749.9359948479,1000749.9359948479
2025-03-19T01:50:00.000+0000,1002755.2949318648,775640.7146857689,999999.9999999999,1001098.9236434473,495929.51917429536,1000749.9359948479,1000749.9359948479
2025-03-19T02:00:00.000+0000,1002834.0280549368,775640.7146857689,999999.9999999999,1001138.4459203114,495929.51917429536,1000749.9359948479,1000749.9359948479
2025-03-19T02:10:00.000+0000,1002805.7333388329,775640.7146857689,999999.9999999999,1001124.2426020633,495929.51917429536,1000749.9359948479,1000749.9359948479
2025-03-19T02:20:00.000+0000,1002789.7406732088,775640.7146857689,999999.9999999999,1001116.2146395753,495929.51917429536,1000749.9359948479,1000749.9359948479
2025-03-19T02:30:00.000+0000,1002787.2802631129,775640.7146857689,999999.9999999999,1001114.9795684234,495929.51917429536,1000749.9359948479,1000749.9359948479
2025-03-19T02:40:00.000+0000,1002783.5896479689,775640.7146857689,999999.9999999999,1001113.1269616953,495929.51917429536,1000749.9359948479,1000749.9359948479
2025-03-19T02:50:00.000+0000,1002752.8345217688,775640.7146857689,999999.9999999999,1001097.6885722954,495929.51917429536,1000749.9359948479,1000749.9359948479
2025-03-19T03:00:00.000+0000,1002675.3316037449,775640.7146857689,999999.9999999999,1001058.7838310073,495929.51917429536,1000749.9359948479,1000749.9359948479
2025-03-19T03:10:00.000+0000,1002643.3462724969,775640.7146857689,999999.9999999999,1001042.7279060313,495929.51917429536,1000749.9359948479,1000749.9359948479
2025-03-19T03:20:00.000+0000,1002696.2450895609,775640.7146857689,999999.9999999999,1001069.2819357993,495929.51917429536,1000749.9359948479,1000749.9359948479
2025-03-19T03:30:00.000+0000,1002677.7920138409,775640.7146857689,999999.9999999999,1001060.0189021593,495929.51917429536,1000749.9359948479,1000749.9359948479
2025-03-19T03:40:00.000+0000,1002667.9503734568,775640.7146857689,999999.9999999999,1001055.0786175514,495929.51917429536,1000749.9359948479,1000749.9359948479
2025-03-19T03:50:00.000+0000,1002639.6556573529,775640.7146857689,999999.9999999999,1001040.8752993033,495929.51917429536,1000749.9359948479,1000749.9359948479
2025-03-19T04:00:00.000+0000,1002643.3462724969,775640.7146857689,999999.9999999999,1001042.7279060313,495929.51917429536,1000749.9359948479,1000749.9359948479
2025-03-19T04:10:00.000+0000,1002704.8565248968,775640.7146857689,999999.9999999999,1001073.6046848313,495929.51917429536,1000749.9359948479,1000749.9359948479
2025-03-19T04:20:00.000+0000,1002704.8565248968,775640.7146857689,999999.9999999999,1001073.6046848313,495929.51917429536,1000749.9359948479,1000749.9359948479
2025-03-19T04:30:00.000+0000,1002719.6189854728,775640.7146857689,999999.9999999999,1001081.0151117434,495929.51917429536,1000749.9359948479,1000749.9359948479
2025-03-19T04:40:00.000+0000,1002697.4752946089,775640.7146857689,999999.9999999999,1001069.8994713753,495929.51917429536,1000749.9359948479,1000749.9359948479
2025-03-19T04:50:00.000+0000,1002717.1585753768,775640.7146857689,999999.9999999999,1001079.7800405914,495929.51917429536,1000749.9359948479,1000749.9359948479
2025-03-19T05:00:00.000+0000,1002730.6908309049,775640.7146857689,999999.9999999999,1001086.5729319273,495929.51917429536,1000749.9359948479,1000749.9359948479
2025-03-19T05:10:00.000+0000,1002729.4606258569,775640.7146857689,999999.9999999999,1001085.9553963513,495929.51917429536,1000749.9359948479,1000749.9359948479
2025-03-19T05:20:00.000+0000,1002711.0075501369,775640.7146857689,999999.9999999999,1001076.6923627113,495929.51917429536,1000749.9359948479,1000749.9359948479
2025-03-19T05:30:00.000+0000,1002687.6336542248,775640.7146857689,999999.9999999999,1001064.9591867673,495929.51917429536,1000749.9359948479,1000749.9359948479
2025-03-19T05:40:00.000+0000,1002677.7920138409,775640.7146857689,999999.9999999999,1001060.0189021593,495929.51917429536,1000749.9359948479,1000749.9359948479
2025-03-19T05:50:00.000+0000,1002664.2597583128,775640.7146857689,999999.9999999999,1001053.2260108233,495929.51917429536,1000749.9359948479,1000749.9359948479
2025-03-19T06:00:00.000+0000,1002674.1013986969,775640.7146857689,999999.9999999999,1001058.1662954313,495929.51917429536,1000749.9359948479,1000749.9359948479
2025-03-19T06:10:00.000+0000,1002647.0368876408,775640.7146857689,999999.9999999999,1001044.5805127593,495929.51917429536,1000749.9359948479,1000749.9359948479
2025-03-19T06:20:00.000+0000,1002672.8711936488,775640.7146857689,999999.9999999999,1001057.5487598553,495929.51917429536,1000749.9359948479,1000749.9359948479
2025-03-19T06:30:00.000+0000,1002712.2377551849,775640.7146857689,999999.9999999999,1001077.3098982873,495929.51917429536,1000749.9359948479,1000749.9359948479
2025-03-19T06:40:00.000+0000,1002742.9928813849,775640.7146857689,999999.9999999999,1001092.7482876873,495929.51917429536,1000749.9359948479,1000749.9359948479
2025-03-19T06:50:00.000+0000,1002723.3096006168,775640.7146857689,999999.9999999999,1001082.8677184713,495929.51917429536,1000749.9359948479,1000749.9359948479
2025-03-19T07:00:00.000+0000,1002734.3814460489,775640.7146857689,999999.9999999999,1001088.4255386554,495929.51917429536,1000749.9359948479,1000749.9359948479
2025-03-19T07:10:00.000+0000,1002774.9782126328,775640.7146857689,999999.9999999999,1001108.8042126633,495929.51917429536,1000749.9359948479,1000749.9359948479
2025-03-19T07:20:00.000+0000,1002711.0075501369,775640.7146857689,999999.9999999999,1001076.6923627113,495929.51917429536,1000749.9359948479,1000749.9359948479
2025-03-19T07:30:00.000+0000,1002703.6263198488,775640.7146857689,999999.9999999999,1001072.9871492554,495929.51917429536,1000749.9359948479,1000749.9359948479
2025-03-19T07:40:00.000+0000,1002783.5896479689,775640.7146857689,999999.9999999999,1001113.1269616953,495929.51917429536,1000749.9359948479,1000749.9359948479
2025-03-19T07:50:00.000+0000,1002809.4239539768,775640.7146857689,999999.9999999999,1001126.0952087913,495929.51917429536,1000749.9359948479,1000749.9359948479
2025-03-19T08:00:00.000+0000,1002763.9063672009,775640.7146857689,999999.9999999999,1001103.2463924793,495929.51917429536,1000749.9359948479,1000749.9359948479
2025-03-19T08:10:00.000+0000,1002745.4532914809,775640.7146857689,999999.9999999999,1001093.9833588393,495929.51917429536,1000749.9359948479,1000749.9359948479
2025-03-19T08:20:00.000+0000,1002738.0720611928,775640.7146857689,999999.9999999999,1001090.2781453833,495929.51917429536,1000749.9359948479,1000749.9359948479
2025-03-19T08:30:00.000+0000,1002731.9210359529,775640.7146857689,999999.9999999999,1001087.1904675033,495929.51917429536,1000749.9359948479,1000749.9359948479
2025-03-19T08:40:00.000+0000,1002752.8345217688,775640.7146857689,999999.9999999999,1001097.6885722954,495929.51917429536,1000749.9359948479,1000749.9359948479
2025-03-19T08:50:00.000+0000,1002755.2949318648,775640.7146857689,999999.9999999999,1001098.9236434473,495929.51917429536,1000749.9359948479,1000749.9359948479
2025-03-19T09:00:00.000+0000,1002758.9855470088,775640.7146857689,999999.9999999999,1001100.7762501753,495929.51917429536,1000749.9359948479,1000749.9359948479
2025-03-19T09:10:00.000+0000,1002756.5251369128,775640.7146857689,999999.9999999999,1001099.5411790233,495929.51917429536,1000749.9359948479,1000749.9359948479
2025-03-19T09:20:00.000+0000,1002713.4679602329,775640.7146857689,999999.9999999999,1001077.9274338633,495929.51917429536,1000749.9359948479,1000749.9359948479
2025-03-19T09:30:00.000+0000,1002687.6336542248,775640.7146857689,999999.9999999999,1001064.9591867673,495929.51917429536,1000749.9359948479,1000749.9359948479
2025-03-19T09:40:00.000+0000,1002747.9137015769,775640.7146857689,999999.9999999999,1001095.2184299913,495929.51917429536,1000749.9359948479,1000749.9359948479
2025-03-19T09:50:00.000+0000,1002738.0720611928,775640.7146857689,999999.9999999999,1001090.2781453833,495929.51917429536,1000749.9359948479,1000749.9359948479
2025-03-19T10:00:00.000+0000,1002693.7846794649,775640.7146857689,999999.9999999999,1001068.0468646473,495929.51917429536,1000749.9359948479,1000749.9359948479
2025-03-19T10:10:00.000+0000,1002707.3169349928,775640.7146857689,999999.9999999999,1001074.8397559833,495929.51917429536,1000749.9359948479,1000749.9359948479
2025-03-19T10:20:00.000+0000,1002713.4679602329,775640.7146857689,999999.9999999999,1001077.9274338633,495929.51917429536,1000749.9359948479,1000749.9359948479
2025-03-19T10:30:00.000+0000,1002553.5413039929,775640.7146857689,999999.9999999999,1000997.6478089833,495929.51917429536,1000749.9359948479,1000749.9359948479
2025-03-19T10:40:00.000+0000,1002626.1234018249,775640.7146857689,999999.9999999999,1001034.0824079673,495929.51917429536,1000749.9359948479,1000749.9359948479
2025-03-19T10:50:00.000+0000,1002628.5838119208,775640.7146857689,999999.9999999999,1001035.3174791193,495929.51917429536,1000749.9359948479,1000749.9359948479
2025-03-19T11:00:00.000+0000,1002699.9357047048,775640.7146857689,999999.9999999999,1001071.1345425274,495929.51917429536,1000749.9359948479,1000749.9359948479
2025-03-19T11:10:00.000+0000,1002527.7069979848,775640.7146857689,999999.9999999999,1000984.6795618873,495929.51917429536,1000749.9359948479,1000749.9359948479
2025-03-19T11:20:00.000+0000,1002441.5926446249,775640.7146857689,999999.9999999999,1000941.4520715673,495929.51917429536,1000749.9359948479,1000749.9359948479
2025-03-19T11:30:00.000+0000,1002375.1615720328,775640.7146857689,999999.9999999999,1000908.1051504633,495929.51917429536,1000749.9359948479,1000749.9359948479
2025-03-19T11:40:00.000+0000,1002306.2700893448,775640.7146857689,999999.9999999999,1000873.5231582073,495929.51917429536,1000749.9359948479,1000749.9359948479
2025-03-19T11:50:00.000+0000,1002369.0105467929,775640.7146857689,999999.9999999999,1000905.0174725833,495929.51917429536,1000749.9359948479,1000749.9359948479
2025-03-19T12:00:00.000+0000,1002365.3199316489,775640.7146857689,999999.9999999999,1000903.1648658554,495929.51917429536,1000749.9359948479,1000749.9359948479
2025-03-19T12:10:00.000+0000,1002399.7656729928,775640.7146857689,999999.9999999999,1000920.4558619834,495929.51917429536,1000749.9359948479,1000749.9359948479
2025-03-19T12:20:00.000+0000,1002492.0310515929,775640.7146857689,999999.9999999999,1000966.7710301833,495929.51917429536,1000749.9359948479,1000749.9359948479
2025-03-19T12:30:00.000+0000,1002458.8155152969,775640.7146857689,999999.9999999999,1000950.0975696313,495929.51917429536,1000749.9359948479,1000749.9359948479
2025-03-19T12:40:00.000+0000,1002551.0808938969,775640.7146857689,999999.9999999999,1000996.4127378314,495929.51917429536,1000749.9359948479,1000749.9359948479
2025-03-19T12:50:00.000+0000,1002517.8653576009,775640.7146857689,999999.9999999999,1000979.7392772794,495929.51917429536,1000749.9359948479,1000749.9359948479
2025-03-19T13:00:00.000+0000,1002421.9093638569,775640.7146857689,999999.9999999999,1000931.5715023513,495929.51917429536,1000749.9359948479,1000749.9359948479
2025-03-19T13:10:00.000+0000,1002056.5384646008,775640.7146857689,999999.9999999999,1000748.1634362793,495929.51917429536,1000749.9359948479,1000749.9359948479
2025-03-19T13:20:00.000+0000,1002145.1132280568,783065.1810572089,999999.9999999999,1000792.6259977514,499654.96573085536,1000749.9359948479,1000749.9359948479
2025-03-19T13:30:00.000+0000,1002344.4064458328,783065.1810572089,999999.9999999999,1000892.6667610633,499654.96573085536,1000749.9359948479,1000749.9359948479
2025-03-19T13:40:00.000+0000,1002194.3214299768,783065.1810572089,999999.9999999999,1000817.3274207914,499654.96573085536,1000749.9359948479,1000749.9359948479
2025-03-19T13:50:00.000+0000,1002199.2422501688,783065.1810572089,999999.9999999999,1000819.7975630953,499654.96573085536,1000749.9359948479,1000749.9359948479
2025-03-19T14:00:00.000+0000,1002109.4372816648,783065.1810572089,999999.9999999999,1000774.7174660473,499654.96573085536,1000749.9359948479,1000749.9359948479
2025-03-19T14:10:00.000+0000,1002129.1205624328,783065.1810572089,999999.9999999999,1000784.5980352634,499654.96573085536,1000749.9359948479,1000749.9359948479
2025-03-19T14:20:00.000+0000,1002122.9695371928,783065.1810572089,999999.9999999999,1000781.5103573833,499654.96573085536,1000749.9359948479,1000749.9359948479
2025-03-19T14:30:00.000+0000,1002196.7818400728,783065.1810572089,999999.9999999999,1000818.5624919434,499654.96573085536,1000749.9359948479,1000749.9359948479
2025-03-19T14:40:00.000+0000,1002190.6308148329,783065.1810572089,999999.9999999999,1000815.4748140633,499654.96573085536,1000749.9359948479,1000749.9359948479
2025-03-19T14:50:00.000+0000,1002148.8038432009,783065.1810572089,999999.9999999999,1000794.4786044793,499654.96573085536,1000749.9359948479,1000749.9359948479
2025-03-19T15:00:00.000+0000,1002114.3581018569,783065.1810572089,999999.9999999999,1000777.1876083513,499654.96573085536,1000749.9359948479,1000749.9359948479
2025-03-19T15:10:00.000+0000,1002137.7319977689,783065.1810572089,999999.9999999999,1000788.9207842953,499654.96573085536,1000749.9359948479,1000749.9359948479
2025-03-19T15:20:00.000+0000,1002180.7891744488,783065.1810572089,999999.9999999999,1000810.5345294554,499654.96573085536,1000749.9359948479,1000749.9359948479
2025-03-19T15:30:00.000+0000,1002147.5736381528,783065.1810572089,999999.9999999999,1000793.8610689034,499654.96573085536,1000749.9359948479,1000749.9359948479
2025-03-19T15:40:00.000+0000,1002092.2144109928,783065.1810572089,999999.9999999999,1000766.0719679833,499654.96573085536,1000749.9359948479,1000749.9359948479
2025-03-19T15:50:00.000+0000,1002020.8625182088,783065.1810572089,999999.9999999999,1000730.2549045753,499654.96573085536,1000749.9359948479,1000749.9359948479
2025-03-19T16:00:00.000+0000,1002129.1205624328,783065.1810572089,999999.9999999999,1000784.5980352634,499654.96573085536,1000749.9359948479,1000749.9359948479
2025-03-19T16:10:00.000+0000,1002161.1058936808,783065.1810572089,999999.9999999999,1000800.6539602394,499654.96573085536,1000749.9359948479,1000749.9359948479
2025-03-19T16:20:00.000+0000,1002154.9548684409,783065.1810572089,999999.9999999999,1000797.5662823593,499654.96573085536,1000749.9359948479,1000749.9359948479
2025-03-19T16:30:00.000+0000,1002204.1630703609,783065.1810572089,999999.9999999999,1000822.2677053993,499654.96573085536,1000749.9359948479,1000749.9359948479
2025-03-19T16:40:00.000+0000,1002273.0545530488,783065.1810572089,999999.9999999999,1000856.8496976553,499654.96573085536,1000749.9359948479,1000749.9359948479
2025-03-19T16:50:00.000+0000,1002312.4211145849,783065.1810572089,999999.9999999999,1000876.6108360873,499654.96573085536,1000749.9359948479,1000749.9359948479
2025-03-19T17:00:00.000+0000,1002329.6439852568,783065.1810572089,999999.9999999999,1000885.2563341514,499654.96573085536,1000749.9359948479,1000749.9359948479
2025-03-19T17:10:00.000+0000,1002346.8668559289,783065.1810572089,999999.9999999999,1000893.9018322154,499654.96573085536,1000749.9359948479,1000749.9359948479
2025-03-19T17:20:00.000+0000,1002346.8668559289,783065.1810572089,999999.9999999999,1000893.9018322154,499654.96573085536,1000749.9359948479,1000749.9359948479
2025-03-19T17:30:00.000+0000,1002421.9093638569,783065.1810572089,999999.9999999999,1000931.5715023513,499654.96573085536,1000749.9359948479,1000749.9359948479
2025-03-19T17:40:00.000+0000,1002544.9298686569,783065.1810572089,999999.9999999999,1000993.3250599513,499654.96573085536,1000749.9359948479,1000749.9359948479
2025-03-19T17:50:00.000+0000,1002483.4196162568,783065.1810572089,999999.9999999999,1000962.4482811514,499654.96573085536,1000749.9359948479,1000749.9359948479
2025-03-19T18:00:00.000+0000,1002339.4856256408,783065.1810572089,999999.9999999999,1000890.1966187593,499654.96573085536,1000749.9359948479,1000749.9359948479
2025-03-19T18:10:00.000+0000,1002323.4929600168,783065.1810572089,999999.9999999999,1000882.1686562713,499654.96573085536,1000749.9359948479,1000749.9359948479
2025-03-19T18:20:00.000+0000,1002409.6073133769,783065.1810572089,999999.9999999999,1000925.3961465913,499654.96573085536,1000749.9359948479,1000749.9359948479
2025-03-19T18:30:00.000+0000,1002356.7084963128,783065.1810572089,999999.9999999999,1000898.8421168233,499654.96573085536,1000749.9359948479,1000749.9359948479
2025-03-19T18:40:00.000+0000,1002356.7084963128,783065.1810572089,999999.9999999999,1000898.8421168233,499654.96573085536,1000749.9359948479,1000749.9359948479
2025-03-19T18:50:00.000+0000,1002004.8698525848,783065.1810572089,999999.9999999999,1000722.2269420873,499654.96573085536,1000749.9359948479,1000749.9359948479
2025-03-19T19:00:00.000+0000,1001805.5766348089,783065.1810572089,999999.9999999999,1000622.1861787753,499654.96573085536,1000749.9359948479,1000749.9359948479
2025-03-19T19:10:00.000+0000,1001830.1807357689,783065.1810572089,999999.9999999999,1000634.5368902953,499654.96573085536,1000749.9359948479,1000749.9359948479
2025-03-19T19:20:00.000+0000,1001876.9285275928,783065.1810572089,999999.9999999999,1000658.0032421834,499654.96573085536,1000749.9359948479,1000749.9359948479
2025-03-19T19:30:00.000+0000,1002029.4739535449,783065.1810572089,999999.9999999999,1000734.5776536074,499654.96573085536,1000749.9359948479,1000749.9359948479
2025-03-19T19:40:00.000+0000,1001965.5032910488,783065.1810572089,999999.9999999999,1000702.4658036553,499654.96573085536,1000749.9359948479,1000749.9359948479
2025-03-19T19:50:00.000+0000,1001983.9563667688,783065.1810572089,999999.9999999999,1000711.7288372953,499654.96573085536,1000749.9359948479,1000749.9359948479
2025-03-19T20:00:00.000+0000,1001853.5546316808,783065.1810572089,999999.9999999999,1000646.2700662393,499654.96573085536,1000749.9359948479,1000749.9359948479
2025-03-19T20:10:00.000+0000,1001873.2379124488,783065.1810572089,999999.9999999999,1000656.1506354553,499654.96573085536,1000749.9359948479,1000749.9359948479
2025-03-19T20:20:00.000+0000,1001892.9211932168,783065.1810572089,999999.9999999999,1000666.0312046714,499654.96573085536,1000749.9359948479,1000749.9359948479
2025-03-19T20:30:00.000+0000,1001924.9065244648,783065.1810572089,999999.9999999999,1000682.0871296474,499654.96573085536,1000749.9359948479,1000749.9359948479
2025-03-19T20:40:00.000+0000,1001958.1220607609,783065.1810572089,999999.9999999999,1000698.7605901994,499654.96573085536,1000749.9359948479,1000749.9359948479
2025-03-19T20:50:00.000+0000,1002013.4812879208,783065.1810572089,999999.9999999999,1000726.5496911193,499654.96573085536,1000749.9359948479,1000749.9359948479
2025-03-19T21:00:00.000+0000,1001889.2305780728,783065.1810572089,999999.9999999999,1000664.1785979433,499654.96573085536,1000749.9359948479,1000749.9359948479
2025-03-19T21:10:00.000+0000,1001832.6411458649,783065.1810572089,999999.9999999999,1000635.7719614473,499654.96573085536,1000749.9359948479,1000749.9359948479
2025-03-19T21:20:00.000+0000,1001809.2672499529,783065.1810572089,999999.9999999999,1000624.0387855034,499654.96573085536,1000749.9359948479,1000749.9359948479
2025-03-19T21:30:00.000+0000,1001800.6558146168,783065.1810572089,999999.9999999999,1000619.7160364713,499654.96573085536,1000749.9359948479,1000749.9359948479
2025-03-19T21:40:00.000+0000,1001832.6411458649,783065.1810572089,999999.9999999999,1000635.7719614473,499654.96573085536,1000749.9359948479,1000749.9359948479
2025-03-19T21:50:00.000+0000,1001868.3170922569,783065.1810572089,999999.9999999999,1000653.6804931513,499654.96573085536,1000749.9359948479,1000749.9359948479
2025-03-19T22:00:00.000+0000,1001816.6484802408,783065.1810572089,999999.9999999999,1000627.7439989593,499654.96573085536,1000749.9359948479,1000749.9359948479
2025-03-19T22:10:00.000+0000,1001787.1235590889,783065.1810572089,999999.9999999999,1000612.9231451353,499654.96573085536,1000749.9359948479,1000749.9359948479
2025-03-19T22:20:00.000+0000,1001805.5766348089,783065.1810572089,999999.9999999999,1000622.1861787753,499654.96573085536,1000749.9359948479,1000749.9359948479
2025-03-19T22:30:00.000+0000,1001756.3684328889,783065.1810572089,999999.9999999999,1000597.4847557354,499654.96573085536,1000749.9359948479,1000749.9359948479
2025-03-19T22:40:00.000+0000,1001600.1323917928,783065.1810572089,999999.9999999999,1000519.0577375833,499654.96573085536,1000749.9359948479,1000749.9359948479
2025-03-19T22:50:00.000+0000,1001656.7218240008,783065.1810572089,999999.9999999999,1000547.4643740794,499654.96573085536,1000749.9359948479,1000749.9359948479
2025-03-19T23:00:00.000+0000,1001649.3405937129,783065.1810572089,999999.9999999999,1000543.7591606233,499654.96573085536,1000749.9359948479,1000749.9359948479
2025-03-19T23:10:00.000+0000,1001656.7218240008,783065.1810572089,999999.9999999999,1000547.4643740794,499654.96573085536,1000749.9359948479,1000749.9359948479
2025-03-19T23:20:00.000+0000,1001622.2760826568,783065.1810572089,999999.9999999999,1000530.1733779514,499654.96573085536,1000749.9359948479,1000749.9359948479
2025-03-19T23:30:00.000+0000,1001546.0033696808,783065.1810572089,999999.9999999999,1000491.8861722393,499654.96573085536,1000749.9359948479,1000749.9359948479
2025-03-19T23:40:00.000+0000,1001453.7379910809,783065.1810572089,999999.9999999999,1000445.5710040394,499654.96573085536,1000749.9359948479,1000749.9359948479
2025-03-19T23:50:00.000+0000,1001461.1192213688,783065.1810572089,999999.9999999999,1000449.2762174953,499654.96573085536,1000749.9359948479,1000749.9359948479
2025-03-20T00:00:00.000+0000,1001426.6734800248,783065.1810572089,999999.9999999999,1000431.9852213673,499654.96573085536,1000749.9359948479,1000749.9359948479
2025-03-20T00:10:00.000+0000,1001402.0693790648,783065.1810572089,999999.9999999999,1000419.6345098473,499654.96573085536,1000749.9359948479,1000749.9359948479
2025-03-20T00:20:00.000+0000,1001521.3992687209,783065.1810572089,999999.9999999999,1000479.5354607194,499654.96573085536,1000749.9359948479,1000749.9359948479
2025-03-20T00:30:00.000+0000,1001553.3845999688,783065.1810572089,999999.9999999999,1000495.5913856954,499654.96573085536,1000749.9359948479,1000749.9359948479
2025-03-20T00:40:00.000+0000,1001640.7291583768,783065.1810572089,999999.9999999999,1000539.4364115914,499654.96573085536,1000749.9359948479,1000749.9359948479
2025-03-20T00:50:00.000+0000,1001689.9373602968,783065.1810572089,999999.9999999999,1000564.1378346314,499654.96573085536,1000749.9359948479,1000749.9359948479
2025-03-20T01:00:00.000+0000,1001568.1470605448,783065.1810572089,999999.9999999999,1000503.0018126073,499654.96573085536,1000749.9359948479,1000749.9359948479
2025-03-20T01:10:00.000+0000,1001521.3992687209,783065.1810572089,999999.9999999999,1000479.5354607194,499654.96573085536,1000749.9359948479,1000749.9359948479
2025-03-20T01:20:00.000+0000,1001534.9315242488,783065.1810572089,999999.9999999999,1000486.3283520553,499654.96573085536,1000749.9359948479,1000749.9359948479
2025-03-20T01:30:00.000+0000,1001582.9095211208,783065.1810572089,999999.9999999999,1000510.4122395193,499654.96573085536,1000749.9359948479,1000749.9359948479
2025-03-20T01:40:00.000+0000,1001649.3405937129,783065.1810572089,999999.9999999999,1000543.7591606233,499654.96573085536,1000749.9359948479,1000749.9359948479
2025-03-20T01:50:00.000+0000,1001611.2042372249,783065.1810572089,999999.9999999999,1000524.6155577673,499654.96573085536,1000749.9359948479,1000749.9359948479
2025-03-20T02:00:00.000+0000,1001622.2760826568,783065.1810572089,999999.9999999999,1000530.1733779514,499654.96573085536,1000749.9359948479,1000749.9359948479
2025-03-20T02:10:00.000+0000,1001677.6353098168,783065.1810572089,999999.9999999999,1000557.9624788713,499654.96573085536,1000749.9359948479,1000749.9359948479
2025-03-20T02:20:00.000+0000,1001753.9080227928,783065.1810572089,999999.9999999999,1000596.2496845833,499654.96573085536,1000749.9359948479,1000749.9359948479
2025-03-20T02:30:00.000+0000,1001740.3757672649,783065.1810572089,999999.9999999999,1000589.4567932474,499654.96573085536,1000749.9359948479,1000749.9359948479
2025-03-20T02:40:00.000+0000,1001691.1675653448,783065.1810572089,999999.9999999999,1000564.7553702074,499654.96573085536,1000749.9359948479,1000749.9359948479
2025-03-20T02:50:00.000+0000,1001648.1103886649,783065.1810572089,999999.9999999999,1000543.1416250473,499654.96573085536,1000749.9359948479,1000749.9359948479
2025-03-20T03:00:00.000+0000,1001655.4916189528,783065.1810572089,999999.9999999999,1000546.8468385034,499654.96573085536,1000749.9359948479,1000749.9359948479
2025-03-20T03:10:00.000+0000,1001728.0737167848,783065.1810572089,999999.9999999999,1000583.2814374873,499654.96573085536,1000749.9359948479,1000749.9359948479
2025-03-20T03:20:00.000+0000,1001757.5986379369,783065.1810572089,999999.9999999999,1000598.1022913114,499654.96573085536,1000749.9359948479,1000749.9359948479
2025-03-20T03:30:00.000+0000,1001772.3610985129,783065.1810572089,999999.9999999999,1000605.5127182233,499654.96573085536,1000749.9359948479,1000749.9359948479
2025-03-20T03:40:00.000+0000,1001724.3831016409,783065.1810572089,999999.9999999999,1000581.4288307594,499654.96573085536,1000749.9359948479,1000749.9359948479
2025-03-20T03:50:00.000+0000,1001795.7349944249,783065.1810572089,999999.9999999999,1000617.2458941673,499654.96573085536,1000749.9359948479,1000749.9359948479
2025-03-20T04:00:00.000+0000,1001785.8933540408,783065.1810572089,999999.9999999999,1000612.3056095593,499654.96573085536,1000749.9359948479,1000749.9359948479
2025-03-20T04:10:00.000+0000,1001868.3170922569,783065.1810572089,999999.9999999999,1000653.6804931513,499654.96573085536,1000749.9359948479,1000749.9359948479
2025-03-20T04:20:00.000+0000,1001864.6264771129,783065.1810572089,999999.9999999999,1000651.8278864233,499654.96573085536,1000749.9359948479,1000749.9359948479
2025-03-20T04:30:00.000+0000,1001881.8493477849,783065.1810572089,999999.9999999999,1000660.4733844873,499654.96573085536,1000749.9359948479,1000749.9359948479
2025-03-20T04:40:00.000+0000,1001926.1367295128,783065.1810572089,999999.9999999999,1000682.7046652234,499654.96573085536,1000749.9359948479,1000749.9359948479
2025-03-20T04:50:00.000+0000,1001943.3596001848,783065.1810572089,999999.9999999999,1000691.3501632874,499654.96573085536,1000749.9359948479,1000749.9359948479
2025-03-20T05:00:00.000+0000,1001919.9857042729,783065.1810572089,999999.9999999999,1000679.6169873433,499654.96573085536,1000749.9359948479,1000749.9359948479
2025-03-20T05:10:00.000+0000,1001927.3669345608,783065.1810572089,999999.9999999999,1000683.3222007994,499654.96573085536,1000749.9359948479,1000749.9359948479
2025-03-20T05:20:00.000+0000,1001975.3449314329,783065.1810572089,999999.9999999999,1000707.4060882633,499654.96573085536,1000749.9359948479,1000749.9359948479
2025-03-20T05:30:00.000+0000,1001993.7980071529,783065.1810572089,999999.9999999999,1000716.6691219034,499654.96573085536,1000749.9359948479,1000749.9359948479
2025-03-20T05:40:00.000+0000,1001988.8771869608,783065.1810572089,999999.9999999999,1000714.1989795993,499654.96573085536,1000749.9359948479,1000749.9359948479
2025-03-20T05:50:00.000+0000,1001950.7408304729,783065.1810572089,999999.9999999999,1000695.0553767433,499654.96573085536,1000749.9359948479,1000749.9359948479
2025-03-20T06:00:00.000+0000,1001931.0575497048,783065.1810572089,999999.9999999999,1000685.1748075273,499654.96573085536,1000749.9359948479,1000749.9359948479
2025-03-20T06:10:00.000+0000,1001903.9930386489,783065.1810572089,999999.9999999999,1000671.5890248553,499654.96573085536,1000749.9359948479,1000749.9359948479
2025-03-20T06:20:00.000+0000,1001865.8566821609,783065.1810572089,999999.9999999999,1000652.4454219993,499654.96573085536,1000749.9359948479,1000749.9359948479
2025-03-20T06:30:00.000+0000,1001892.9211932168,783065.1810572089,999999.9999999999,1000666.0312046714,499654.96573085536,1000749.9359948479,1000749.9359948479
2025-03-20T06:40:00.000+0000,1001951.9710355208,783065.1810572089,999999.9999999999,1000695.6729123193,499654.96573085536,1000749.9359948479,1000749.9359948479
2025-03-20T06:50:00.000+0000,1001921.2159093209,783065.1810572089,999999.9999999999,1000680.2345229193,499654.96573085536,1000749.9359948479,1000749.9359948479
2025-03-20T07:00:00.000+0000,1001924.9065244648,783065.1810572089,999999.9999999999,1000682.0871296474,499654.96573085536,1000749.9359948479,1000749.9359948479
2025-03-20T07:10:00.000+0000,1001892.9211932168,783065.1810572089,999999.9999999999,1000666.0312046714,499654.96573085536,1000749.9359948479,1000749.9359948479
2025-03-20T07:20:00.000+0000,1001950.7408304729,783065.1810572089,999999.9999999999,1000695.0553767433,499654.96573085536,1000749.9359948479,1000749.9359948479
2025-03-20T07:30:00.000+0000,1001982.7261617208,783065.1810572089,999999.9999999999,1000711.1113017193,499654.96573085536,1000749.9359948479,1000749.9359948479
2025-03-20T07:40:00.000+0000,1001947.0502153288,783065.1810572089,999999.9999999999,1000693.2027700153,499654.96573085536,1000749.9359948479,1000749.9359948479
2025-03-20T07:50:00.000+0000,1001926.1367295128,783065.1810572089,999999.9999999999,1000682.7046652234,499654.96573085536,1000749.9359948479,1000749.9359948479
2025-03-20T08:00:00.000+0000,1001969.1939061929,783065.1810572089,999999.9999999999,1000704.3184103833,499654.96573085536,1000749.9359948479,1000749.9359948479
2025-03-20T08:10:00.000+0000,1001940.8991900889,783065.1810572089,999999.9999999999,1000690.1150921353,499654.96573085536,1000749.9359948479,1000749.9359948479
2025-03-20T08:20:00.000+0000,1001906.4534487448,783065.1810572089,999999.9999999999,1000672.8240960073,499654.96573085536,1000749.9359948479,1000749.9359948479
2025-03-20T08:30:00.000+0000,1001876.9285275928,783065.1810572089,999999.9999999999,1000658.0032421834,499654.96573085536,1000749.9359948479,1000749.9359948479
2025-03-20T08:40:00.000+0000,1001800.6558146168,783065.1810572089,999999.9999999999,1000619.7160364713,499654.96573085536,1000749.9359948479,1000749.9359948479
2025-03-20T08:50:00.000+0000,1001753.9080227928,783065.1810572089,999999.9999999999,1000596.2496845833,499654.96573085536,1000749.9359948479,1000749.9359948479
2025-03-20T09:00:00.000+0000,1001766.2100732728,783065.1810572089,999999.9999999999,1000602.4250403433,499654.96573085536,1000749.9359948479,1000749.9359948479
2025-03-20T09:10:00.000+0000,1001842.4827862489,783065.1810572089,999999.9999999999,1000640.7122460554,499654.96573085536,1000749.9359948479,1000749.9359948479
2025-03-20T09:20:00.000+0000,1001896.6118083608,783065.1810572089,999999.9999999999,1000667.8838113993,499654.96573085536,1000749.9359948479,1000749.9359948479
2025-03-20T09:30:00.000+0000,1001912.6044739848,783065.1810572089,999999.9999999999,1000675.9117738873,499654.96573085536,1000749.9359948479,1000749.9359948479
2025-03-20T09:40:00.000+0000,1001900.3024235049,783065.1810572089,999999.9999999999,1000669.7364181273,499654.96573085536,1000749.9359948479,1000749.9359948479
2025-03-20T09:50:00.000+0000,1001929.8273446568,783065.1810572089,999999.9999999999,1000684.5572719513,499654.96573085536,1000749.9359948479,1000749.9359948479
2025-03-20T10:00:00.000+0000,1001972.8845213369,783065.1810572089,999999.9999999999,1000706.1710171113,499654.96573085536,1000749.9359948479,1000749.9359948479
2025-03-20T10:10:00.000+0000,1002140.1924078648,783065.1810572089,999999.9999999999,1000790.1558554473,499654.96573085536,1000749.9359948479,1000749.9359948479
2025-03-20T10:20:00.000+0000,1002293.9680388649,783065.1810572089,999999.9999999999,1000867.3478024473,499654.96573085536,1000749.9359948479,1000749.9359948479
2025-03-20T10:30:00.000+0000,1002271.8243480008,783065.1810572089,999999.9999999999,1000856.2321620793,499654.96573085536,1000749.9359948479,1000749.9359948479
2025-03-20T10:40:00.000+0000,1002270.5941429528,783065.1810572089,999999.9999999999,1000855.6146265033,499654.96573085536,1000749.9359948479,1000749.9359948479
2025-03-20T10:50:00.000+0000,1002302.5794742008,783065.1810572089,999999.9999999999,1000871.6705514793,499654.96573085536,1000749.9359948479,1000749.9359948479
2025-03-20T11:00:00.000+0000,1002277.9753732409,783065.1810572089,999999.9999999999,1000859.3198399593,499654.96573085536,1000749.9359948479,1000749.9359948479
2025-03-20T11:10:00.000+0000,1002270.5941429528,783065.1810572089,999999.9999999999,1000855.6146265033,499654.96573085536,1000749.9359948479,1000749.9359948479
2025-03-20T11:20:00.000+0000,1002266.9035278088,783065.1810572089,999999.9999999999,1000853.7620197753,499654.96573085536,1000749.9359948479,1000749.9359948479
2025-03-20T11:30:00.000+0000,1002222.6161460809,783065.1810572089,999999.9999999999,1000831.5307390393,499654.96573085536,1000749.9359948479,1000749.9359948479
2025-03-20T11:40:00.000+0000,1002196.7818400728,783065.1810572089,999999.9999999999,1000818.5624919434,499654.96573085536,1000749.9359948479,1000749.9359948479
2025-03-20T11:50:00.000+0000,1002249.6806571368,783065.1810572089,999999.9999999999,1000845.1165217113,499654.96573085536,1000749.9359948479,1000749.9359948479
2025-03-20T12:00:00.000+0000,1002271.8243480008,783065.1810572089,999999.9999999999,1000856.2321620793,499654.96573085536,1000749.9359948479,1000749.9359948479
2025-03-20T12:10:00.000+0000,1002221.3859410328,783065.1810572089,999999.9999999999,1000830.9132034633,499654.96573085536,1000749.9359948479,1000749.9359948479
2025-03-20T12:20:00.000+0000,1002216.4651208408,783065.1810572089,999999.9999999999,1000828.4430611593,499654.96573085536,1000749.9359948479,1000749.9359948479
2025-03-20T12:30:00.000+0000,1002212.7745056968,783065.1810572089,999999.9999999999,1000826.5904544314,499654.96573085536,1000749.9359948479,1000749.9359948479
2025-03-20T12:40:00.000+0000,1002222.6161460809,783065.1810572089,999999.9999999999,1000831.5307390393,499654.96573085536,1000749.9359948479,1000749.9359948479
2025-03-20T12:50:00.000+0000,1002163.5663037768,783065.1810572089,999999.9999999999,1000801.8890313914,499654.96573085536,1000749.9359948479,1000749.9359948479
2025-03-20T13:00:00.000+0000,1002196.7818400728,783065.1810572089,999999.9999999999,1000818.5624919434,499654.96573085536,1000749.9359948479,1000749.9359948479
2025-03-20T13:10:00.000+0000,1002244.7598369449,783065.1810572089,999999.9999999999,1000842.6463794073,499654.96573085536,1000749.9359948479,1000749.9359948479
2025-03-20T13:20:00.000+0000,1002290.2774237208,783065.1810572089,999999.9999999999,1000865.4951957193,499654.96573085536,1000749.9359948479,1000749.9359948479
2025-03-20T13:30:00.000+0000,1002194.3214299768,783065.1810572089,999999.9999999999,1000817.3274207914,499654.96573085536,1000749.9359948479,1000749.9359948479
2025-03-20T13:40:00.000+0000,1002147.5736381528,783065.1810572089,999999.9999999999,1000793.8610689034,499654.96573085536,1000749.9359948479,1000749.9359948479
2025-03-20T13:50:00.000+0000,1002223.8463511289,783065.1810572089,999999.9999999999,1000832.1482746153,499654.96573085536,1000749.9359948479,1000749.9359948479
2025-03-20T14:00:00.000+0000,1002084.8331807049,783065.1810572089,999999.9999999999,1000762.3667545273,499654.96573085536,1000749.9359948479,1000749.9359948479
2025-03-20T14:10:00.000+0000,1002008.5604677289,783065.1810572089,999999.9999999999,1000724.0795488153,499654.96573085536,1000749.9359948479,1000749.9359948479
2025-03-20T14:20:00.000+0000,1001991.3375970569,783065.1810572089,999999.9999999999,1000715.4340507514,499654.96573085536,1000749.9359948479,1000749.9359948479
2025-03-20T14:30:00.000+0000,1002076.2217453688,783065.1810572089,999999.9999999999,1000758.0440054953,499654.96573085536,1000749.9359948479,1000749.9359948479
2025-03-20T14:40:00.000+0000,1002046.6968242169,783065.1810572089,999999.9999999999,1000743.2231516714,499654.96573085536,1000749.9359948479,1000749.9359948479
2025-03-20T14:50:00.000+0000,1002074.9915403208,783065.1810572089,999999.9999999999,1000757.4264699193,499654.96573085536,1000749.9359948479,1000749.9359948479
2025-03-20T15:00:00.000+0000,1002142.6528179608,783065.1810572089,999999.9999999999,1000791.3909265993,499654.96573085536,1000749.9359948479,1000749.9359948479
2025-03-20T15:10:00.000+0000,1002177.0985593048,783065.1810572089,999999.9999999999,1000808.6819227273,499654.96573085536,1000749.9359948479,1000749.9359948479
2025-03-20T15:20:00.000+0000,1002269.3639379048,783065.1810572089,999999.9999999999,1000854.9970909273,499654.96573085536,1000749.9359948479,1000749.9359948479
2025-03-20T15:30:00.000+0000,1002344.4064458328,783065.1810572089,999999.9999999999,1000892.6667610633,499654.96573085536,1000749.9359948479,1000749.9359948479
2025-03-20T15:40:00.000+0000,1002426.8301840489,783065.1810572089,999999.9999999999,1000934.0416446553,499654.96573085536,1000749.9359948479,1000749.9359948479
2025-03-20T15:50:00.000+0000,1002460.0457203449,783065.1810572089,999999.9999999999,1000950.7151052073,499654.96573085536,1000749.9359948479,1000749.9359948479
2025-03-20T16:00:00.000+0000,1002488.3404364488,783065.1810572089,999999.9999999999,1000964.9184234553,499654.96573085536,1000749.9359948479,1000749.9359948479
2025-03-20T16:10:00.000+0000,1002559.6923292328,783065.1810572089,999999.9999999999,1001000.7354868633,499654.96573085536,1000749.9359948479,1000749.9359948479
2025-03-20T16:20:00.000+0000,1002590.4474554328,783065.1810572089,999999.9999999999,1001016.1738762633,499654.96573085536,1000749.9359948479,1000749.9359948479
2025-03-20T16:30:00.000+0000,1002665.4899633608,783065.1810572089,999999.9999999999,1001053.8435463994,499654.96573085536,1000749.9359948479,1000749.9359948479
2025-03-20T16:40:00.000+0000,1002756.5251369128,783065.1810572089,999999.9999999999,1001099.5411790233,499654.96573085536,1000749.9359948479,1000749.9359948479
2025-03-20T16:50:00.000+0000,1002829.1072347448,783065.1810572089,999999.9999999999,1001135.9757780073,499654.96573085536,1000749.9359948479,1000749.9359948479
2025-03-20T17:00:00.000+0000,1002738.0720611928,783065.1810572089,999999.9999999999,1001090.2781453833,499654.96573085536,1000749.9359948479,1000749.9359948479
2025-03-20T17:10:00.000+0000,1002722.0793955688,783065.1810572089,999999.9999999999,1001082.2501828953,499654.96573085536,1000749.9359948479,1000749.9359948479
2025-03-20T17:20:00.000+0000,1002741.7626763368,783065.1810572089,999999.9999999999,1001092.1307521113,499654.96573085536,1000749.9359948479,1000749.9359948479
2025-03-20T17:30:00.000+0000,1002695.0148845129,783065.1810572089,999999.9999999999,1001068.6644002233,499654.96573085536,1000749.9359948479,1000749.9359948479
2025-03-20T17:40:00.000+0000,1002661.7993482169,783065.1810572089,999999.9999999999,1001051.9909396713,499654.96573085536,1000749.9359948479,1000749.9359948479
2025-03-20T17:50:00.000+0000,1002686.4034491768,783065.1810572089,999999.9999999999,1001064.3416511914,499654.96573085536,1000749.9359948479,1000749.9359948479
2025-03-20T18:00:00.000+0000,1002656.8785280249,783065.1810572089,999999.9999999999,1001049.5207973673,499654.96573085536,1000749.9359948479,1000749.9359948479
2025-03-20T18:10:00.000+0000,1002578.1454049528,783065.1810572089,999999.9999999999,1001009.9985205033,499654.96573085536,1000749.9359948479,1000749.9359948479
2025-03-20T18:20:00.000+0000,1002585.5266352409,783065.1810572089,999999.9999999999,1001013.7037339594,499654.96573085536,1000749.9359948479,1000749.9359948479
2025-03-20T18:30:00.000+0000,1002551.0808938969,783065.1810572089,999999.9999999999,1000996.4127378314,499654.96573085536,1000749.9359948479,1000749.9359948479
2025-03-20T18:40:00.000+0000,1002580.6058150488,783065.1810572089,999999.9999999999,1001011.2335916553,499654.96573085536,1000749.9359948479,1000749.9359948479
2025-03-20T18:50:00.000+0000,1002580.6058150488,783065.1810572089,999999.9999999999,1001011.2335916553,499654.96573085536,1000749.9359948479,1000749.9359948479
2025-03-20T19:00:00.000+0000,1002619.9723765849,783065.1810572089,999999.9999999999,1001030.9947300873,499654.96573085536,1000749.9359948479,1000749.9359948479
2025-03-20T19:10:00.000+0000,1002635.9650422088,783065.1810572089,999999.9999999999,1001039.0226925754,499654.96573085536,1000749.9359948479,1000749.9359948479
2025-03-20T19:20:00.000+0000,1002608.9005311528,783065.1810572089,999999.9999999999,1001025.4369099033,499654.96573085536,1000749.9359948479,1000749.9359948479
2025-03-20T19:30:00.000+0000,1002612.5911462968,783065.1810572089,999999.9999999999,1001027.2895166313,499654.96573085536,1000749.9359948479,1000749.9359948479
2025-03-20T19:40:00.000+0000,1002557.2319191368,783065.1810572089,999999.9999999999,1000999.5004157113,499654.96573085536,1000749.9359948479,1000749.9359948479
2025-03-20T19:50:00.000+0000,1002576.9151999048,783065.1810572089,999999.9999999999,1001009.3809849273,499654.96573085536,1000749.9359948479,1000749.9359948479
2025-03-20T20:00:00.000+0000,1002564.6131494248,783065.1810572089,999999.9999999999,1001003.2056291674,499654.96573085536,1000749.9359948479,1000749.9359948479
2025-03-20T20:10:00.000+0000,1002542.4694585608,783065.1810572089,999999.9999999999,1000992.0899887993,499654.96573085536,1000749.9359948479,1000749.9359948479
2025-03-20T20:20:00.000+0000,1002508.0237172169,783065.1810572089,999999.9999999999,1000974.7989926713,499654.96573085536,1000749.9359948479,1000749.9359948479
2025-03-20T20:30:00.000+0000,1002514.1747424569,783065.1810572089,999999.9999999999,1000977.8866705513,499654.96573085536,1000749.9359948479,1000749.9359948479
2025-03-20T20:40:00.000+0000,1002489.5706414968,783065.1810572089,999999.9999999999,1000965.5359590313,499654.96573085536,1000749.9359948479,1000749.9359948479
2025-03-20T20:50:00.000+0000,1002531.3976131289,783065.1810572089,999999.9999999999,1000986.5321686154,499654.96573085536,1000749.9359948479,1000749.9359948479
2025-03-20T21:00:00.000+0000,1002538.7788434168,783065.1810572089,999999.9999999999,1000990.2373820713,499654.96573085536,1000749.9359948479,1000749.9359948479
2025-03-20T21:10:00.000+0000,1002586.7568402889,783065.1810572089,999999.9999999999,1001014.3212695353,499654.96573085536,1000749.9359948479,1000749.9359948479
2025-03-20T21:20:00.000+0000,1002575.6849948568,783065.1810572089,999999.9999999999,1001008.7634493513,499654.96573085536,1000749.9359948479,1000749.9359948479
2025-03-20T21:30:00.000+0000,1002538.7788434168,783065.1810572089,999999.9999999999,1000990.2373820713,499654.96573085536,1000749.9359948479,1000749.9359948479
2025-03-20T21:40:00.000+0000,1002554.7715090408,783065.1810572089,999999.9999999999,1000998.2653445593,499654.96573085536,1000749.9359948479,1000749.9359948479
2025-03-20T21:50:00.000+0000,1002587.9870453369,783065.1810572089,999999.9999999999,1001014.9388051113,499654.96573085536,1000749.9359948479,1000749.9359948479
2025-03-20T22:00:00.000+0000,1002597.8286857208,783065.1810572089,999999.9999999999,1001019.8790897194,499654.96573085536,1000749.9359948479,1000749.9359948479
2025-03-20T22:10:00.000+0000,1002616.2817614409,783065.1810572089,999999.9999999999,1001029.1421233594,499654.96573085536,1000749.9359948479,1000749.9359948479
2025-03-20T22:20:00.000+0000,1002650.7275027848,783065.1810572089,999999.9999999999,1001046.4331194874,499654.96573085536,1000749.9359948479,1000749.9359948479
2025-03-20T22:30:00.000+0000,1002637.1952472569,783065.1810572089,999999.9999999999,1001039.6402281513,499654.96573085536,1000749.9359948479,1000749.9359948479
2025-03-20T22:40:00.000+0000,1002608.9005311528,783065.1810572089,999999.9999999999,1001025.4369099033,499654.96573085536,1000749.9359948479,1000749.9359948479
2025-03-20T22:50:00.000+0000,1002634.7348371609,783065.1810572089,999999.9999999999,1001038.4051569994,499654.96573085536,1000749.9359948479,1000749.9359948479
2025-03-20T23:00:00.000+0000,1002624.8931967769,783065.1810572089,999999.9999999999,1001033.4648723913,499654.96573085536,1000749.9359948479,1000749.9359948479
2025-03-20T23:10:00.000+0000,1002611.3609412488,783065.1810572089,999999.9999999999,1001026.6719810553,499654.96573085536,1000749.9359948479,1000749.9359948479
2025-03-20T23:20:00.000+0000,1002607.6703261049,783065.1810572089,999999.9999999999,1001024.8193743273,499654.96573085536,1000749.9359948479,1000749.9359948479
2025-03-20T23:30:00.000+0000,1002570.7641746649,783065.1810572089,999999.9999999999,1001006.2933070473,499654.96573085536,1000749.9359948479,1000749.9359948479
2025-03-20T23:40:00.000+0000,1002557.2319191368,783065.1810572089,999999.9999999999,1000999.5004157113,499654.96573085536,1000749.9359948479,1000749.9359948479
2025-03-20T23:50:00.000+0000,1002554.7715090408,783065.1810572089,999999.9999999999,1000998.2653445593,499654.96573085536,1000749.9359948479,1000749.9359948479
2025-03-21T00:00:00.000+0000,1002503.1028970248,783065.1810572089,999999.9999999999,1000972.3288503673,499654.96573085536,1000749.9359948479,1000749.9359948479
2025-03-21T00:10:00.000+0000,1002469.8873607288,783065.1810572089,999999.9999999999,1000955.6553898153,499654.96573085536,1000749.9359948479,1000749.9359948479
2025-03-21T00:20:00.000+0000,1002530.1674080809,783065.1810572089,999999.9999999999,1000985.9146330394,499654.96573085536,1000749.9359948479,1000749.9359948479
2025-03-21T00:30:00.000+0000,1002516.6351525529,783065.1810572089,999999.9999999999,1000979.1217417034,499654.96573085536,1000749.9359948479,1000749.9359948479
2025-03-21T00:40:00.000+0000,1002473.5779758729,783065.1810572089,999999.9999999999,1000957.5079965433,499654.96573085536,1000749.9359948479,1000749.9359948479
2025-03-21T00:50:00.000+0000,1002437.9020294808,783065.1810572089,999999.9999999999,1000939.5994648393,499654.96573085536,1000749.9359948479,1000749.9359948479
2025-03-21T01:00:00.000+0000,1002388.6938275609,783065.1810572089,999999.9999999999,1000914.8980417993,499654.96573085536,1000749.9359948479,1000749.9359948479
2025-03-21T01:10:00.000+0000,1002394.8448528008,783065.1810572089,999999.9999999999,1000917.9857196793,499654.96573085536,1000749.9359948479,1000749.9359948479
2025-03-21T01:20:00.000+0000,1002425.5999790009,783065.1810572089,999999.9999999999,1000933.4241090793,499654.96573085536,1000749.9359948479,1000749.9359948479
2025-03-21T01:30:00.000+0000,1002415.7583386168,783065.1810572089,999999.9999999999,1000928.4838244714,499654.96573085536,1000749.9359948479,1000749.9359948479
2025-03-21T01:40:00.000+0000,1002376.3917770808,783065.1810572089,999999.9999999999,1000908.7226860393,499654.96573085536,1000749.9359948479,1000749.9359948479
2025-03-21T01:50:00.000+0000,1002311.1909095368,783065.1810572089,999999.9999999999,1000875.9933005113,499654.96573085536,1000749.9359948479,1000749.9359948479
2025-03-21T02:00:00.000+0000,1002321.0325499208,783065.1810572089,999999.9999999999,1000880.9335851193,499654.96573085536,1000749.9359948479,1000749.9359948479
2025-03-21T02:10:00.000+0000,1002353.0178811689,783065.1810572089,999999.9999999999,1000896.9895100953,499654.96573085536,1000749.9359948479,1000749.9359948479
2025-03-21T02:20:00.000+0000,1002418.2187487129,783065.1810572089,999999.9999999999,1000929.7188956233,499654.96573085536,1000749.9359948479,1000749.9359948479
2025-03-21T02:30:00.000+0000,1002416.9885436648,783065.1810572089,999999.9999999999,1000929.1013600474,499654.96573085536,1000749.9359948479,1000749.9359948479
2025-03-21T02:40:00.000+0000,1002412.0677234728,783065.1810572089,999999.9999999999,1000926.6312177433,499654.96573085536,1000749.9359948479,1000749.9359948479
2025-03-21T02:50:00.000+0000,1002414.5281335688,783065.1810572089,999999.9999999999,1000927.8662888954,499654.96573085536,1000749.9359948479,1000749.9359948479
2025-03-21T03:00:00.000+0000,1002456.3551052008,783065.1810572089,999999.9999999999,1000948.8624984793,499654.96573085536,1000749.9359948479,1000749.9359948479
2025-03-21T03:10:00.000+0000,1002560.9225342808,783065.1810572089,999999.9999999999,1001001.3530224393,499654.96573085536,1000749.9359948479,1000749.9359948479
2025-03-21T03:20:00.000+0000,1002557.2319191368,783065.1810572089,999999.9999999999,1000999.5004157113,499654.96573085536,1000749.9359948479,1000749.9359948479
2025-03-21T03:30:00.000+0000,1002552.3110989449,783065.1810572089,999999.9999999999,1000997.0302734073,499654.96573085536,1000749.9359948479,1000749.9359948479
2025-03-21T03:40:00.000+0000,1002543.6996636088,783065.1810572089,999999.9999999999,1000992.7075243753,499654.96573085536,1000749.9359948479,1000749.9359948479
2025-03-21T03:50:00.000+0000,1002547.3902787529,783065.1810572089,999999.9999999999,1000994.5601311033,499654.96573085536,1000749.9359948479,1000749.9359948479
2025-03-21T04:00:00.000+0000,1002512.9445374089,783065.1810572089,999999.9999999999,1000977.2691349753,499654.96573085536,1000749.9359948479,1000749.9359948479
2025-03-21T04:10:00.000+0000,1002509.2539222648,783065.1810572089,999999.9999999999,1000975.4165282473,499654.96573085536,1000749.9359948479,1000749.9359948479
2025-03-21T04:20:00.000+0000,1002460.0457203449,783065.1810572089,999999.9999999999,1000950.7151052073,499654.96573085536,1000749.9359948479,1000749.9359948479
2025-03-21T04:30:00.000+0000,1002413.2979285208,783065.1810572089,999999.9999999999,1000927.2487533193,499654.96573085536,1000749.9359948479,1000749.9359948479
2025-03-21T04:40:00.000+0000,1002418.2187487129,783065.1810572089,999999.9999999999,1000929.7188956233,499654.96573085536,1000749.9359948479,1000749.9359948479
2025-03-21T04:50:00.000+0000,1002429.2905941448,783065.1810572089,999999.9999999999,1000935.2767158074,499654.96573085536,1000749.9359948479,1000749.9359948479
2025-03-21T05:00:00.000+0000,1002468.6571556808,783065.1810572089,999999.9999999999,1000955.0378542393,499654.96573085536,1000749.9359948479,1000749.9359948479
2025-03-21T05:10:00.000+0000,1002511.7143323608,783065.1810572089,999999.9999999999,1000976.6515993993,499654.96573085536,1000749.9359948479,1000749.9359948479
2025-03-21T05:20:00.000+0000,1002554.7715090408,783065.1810572089,999999.9999999999,1000998.2653445593,499654.96573085536,1000749.9359948479,1000749.9359948479
2025-03-21T05:30:00.000+0000,1002560.9225342808,783065.1810572089,999999.9999999999,1001001.3530224393,499654.96573085536,1000749.9359948479,1000749.9359948479
2025-03-21T05:40:00.000+0000,1002563.3829443769,783065.1810572089,999999.9999999999,1001002.5880935913,499654.96573085536,1000749.9359948479,1000749.9359948479
2025-03-21T05:50:00.000+0000,1002560.9225342808,783065.1810572089,999999.9999999999,1001001.3530224393,499654.96573085536,1000749.9359948479,1000749.9359948479
2025-03-21T06:00:00.000+0000,1002568.3037645689,783065.1810572089,999999.9999999999,1001005.0582358954,499654.96573085536,1000749.9359948479,1000749.9359948479
2025-03-21T06:10:00.000+0000,1002623.6629917289,783065.1810572089,999999.9999999999,1001032.8473368153,499654.96573085536,1000749.9359948479,1000749.9359948479
2025-03-21T06:20:00.000+0000,1002583.0662251448,783065.1810572089,999999.9999999999,1001012.4686628074,499654.96573085536,1000749.9359948479,1000749.9359948479
2025-03-21T06:30:00.000+0000,1002560.9225342808,783065.1810572089,999999.9999999999,1001001.3530224393,499654.96573085536,1000749.9359948479,1000749.9359948479
2025-03-21T06:40:00.000+0000,1002573.2245847608,783065.1810572089,999999.9999999999,1001007.5283781993,499654.96573085536,1000749.9359948479,1000749.9359948479
2025-03-21T06:50:00.000+0000,1002643.3462724969,783065.1810572089,999999.9999999999,1001042.7279060313,499654.96573085536,1000749.9359948479,1000749.9359948479
2025-03-21T07:00:00.000+0000,1002659.3389381209,783065.1810572089,999999.9999999999,1001050.7558685193,499654.96573085536,1000749.9359948479,1000749.9359948479
2025-03-21T07:10:00.000+0000,1002687.6336542248,783065.1810572089,999999.9999999999,1001064.9591867673,499654.96573085536,1000749.9359948479,1000749.9359948479
2025-03-21T07:20:00.000+0000,1002718.3887804248,783065.1810572089,999999.9999999999,1001080.3975761674,499654.96573085536,1000749.9359948479,1000749.9359948479
2025-03-21T07:30:00.000+0000,1002756.5251369128,783065.1810572089,999999.9999999999,1001099.5411790233,499654.96573085536,1000749.9359948479,1000749.9359948479
2025-03-21T07:40:00.000+0000,1002723.3096006168,783065.1810572089,999999.9999999999,1001082.8677184713,499654.96573085536,1000749.9359948479,1000749.9359948479
2025-03-21T07:50:00.000+0000,1002688.8638592728,783065.1810572089,999999.9999999999,1001065.5767223433,499654.96573085536,1000749.9359948479,1000749.9359948479
2025-03-21T08:00:00.000+0000,1002602.7495059129,783065.1810572089,999999.9999999999,1001022.3492320233,499654.96573085536,1000749.9359948479,1000749.9359948479
2025-03-21T08:10:00.000+0000,1002654.4181179288,783065.1810572089,999999.9999999999,1001048.2857262153,499654.96573085536,1000749.9359948479,1000749.9359948479
2025-03-21T08:20:00.000+0000,1002724.5398056649,783065.1810572089,999999.9999999999,1001083.4852540473,499654.96573085536,1000749.9359948479,1000749.9359948479
2025-03-21T08:30:00.000+0000,1002772.5178025368,783065.1810572089,999999.9999999999,1001107.5691415113,499654.96573085536,1000749.9359948479,1000749.9359948479
2025-03-21T08:40:00.000+0000,1002752.8345217688,783065.1810572089,999999.9999999999,1001097.6885722954,499654.96573085536,1000749.9359948479,1000749.9359948479
2025-03-21T08:50:00.000+0000,1002740.5324712888,783065.1810572089,999999.9999999999,1001091.5132165353,499654.96573085536,1000749.9359948479,1000749.9359948479
2025-03-21T09:00:00.000+0000,1002763.9063672009,783065.1810572089,999999.9999999999,1001103.2463924793,499654.96573085536,1000749.9359948479,1000749.9359948479
2025-03-21T09:10:00.000+0000,1002720.8491905208,783065.1810572089,999999.9999999999,1001081.6326473193,499654.96573085536,1000749.9359948479,1000749.9359948479
2025-03-21T09:20:00.000+0000,1002679.0222188889,783065.1810572089,999999.9999999999,1001060.6364377353,499654.96573085536,1000749.9359948479,1000749.9359948479
2025-03-21T09:30:00.000+0000,1002671.6409886009,783065.1810572089,999999.9999999999,1001056.9312242793,499654.96573085536,1000749.9359948479,1000749.9359948479
2025-03-21T09:40:00.000+0000,1002711.0075501369,783065.1810572089,999999.9999999999,1001076.6923627113,499654.96573085536,1000749.9359948479,1000749.9359948479
2025-03-21T09:50:00.000+0000,1002773.7480075848,783065.1810572089,999999.9999999999,1001108.1866770873,499654.96573085536,1000749.9359948479,1000749.9359948479
2025-03-21T10:00:00.000+0000,1002767.5969823449,783065.1810572089,999999.9999999999,1001105.0989992074,499654.96573085536,1000749.9359948479,1000749.9359948479
2025-03-21T10:10:00.000+0000,1002774.9782126328,783065.1810572089,999999.9999999999,1001108.8042126633,499654.96573085536,1000749.9359948479,1000749.9359948479
2025-03-21T10:20:00.000+0000,1002904.1497426728,783065.1810572089,999999.9999999999,1001173.6454481434,499654.96573085536,1000749.9359948479,1000749.9359948479
2025-03-21T10:30:00.000+0000,1002916.4517931528,783065.1810572089,999999.9999999999,1001179.8208039033,499654.96573085536,1000749.9359948479,1000749.9359948479
2025-03-21T10:40:00.000+0000,1002861.0925659928,783065.1810572089,999999.9999999999,1001152.0317029833,499654.96573085536,1000749.9359948479,1000749.9359948479
2025-03-21T10:50:00.000+0000,1002831.5676448408,783065.1810572089,999999.9999999999,1001137.2108491593,499654.96573085536,1000749.9359948479,1000749.9359948479
2025-03-21T11:00:00.000+0000,1002848.7905155128,783065.1810572089,999999.9999999999,1001145.8563472233,499654.96573085536,1000749.9359948479,1000749.9359948479
2025-03-21T11:10:00.000+0000,1002843.8696953208,783065.1810572089,999999.9999999999,1001143.3862049193,499654.96573085536,1000749.9359948479,1000749.9359948479
2025-03-21T11:20:00.000+0000,1002842.6394902728,783065.1810572089,999999.9999999999,1001142.7686693433,499654.96573085536,1000749.9359948479,1000749.9359948479
2025-03-21T11:30:00.000+0000,1002820.4957994089,783065.1810572089,999999.9999999999,1001131.6530289754,499654.96573085536,1000749.9359948479,1000749.9359948479
2025-03-21T11:40:00.000+0000,1002792.2010833048,783065.1810572089,999999.9999999999,1001117.4497107273,499654.96573085536,1000749.9359948479,1000749.9359948479
2025-03-21T11:50:00.000+0000,1002795.8916984488,783065.1810572089,999999.9999999999,1001119.3023174553,499654.96573085536,1000749.9359948479,1000749.9359948479
2025-03-21T12:00:00.000+0000,1002756.5251369128,783065.1810572089,999999.9999999999,1001099.5411790233,499654.96573085536,1000749.9359948479,1000749.9359948479
2025-03-21T12:10:00.000+0000,1002730.6908309049,783065.1810572089,999999.9999999999,1001086.5729319273,499654.96573085536,1000749.9359948479,1000749.9359948479
2025-03-21T12:20:00.000+0000,1002742.9928813849,783065.1810572089,999999.9999999999,1001092.7482876873,499654.96573085536,1000749.9359948479,1000749.9359948479
2025-03-21T12:30:00.000+0000,1002776.2084176808,783065.1810572089,999999.9999999999,1001109.4217482393,499654.96573085536,1000749.9359948479,1000749.9359948479
2025-03-21T12:40:00.000+0000,1002869.7040013289,783065.1810572089,999999.9999999999,1001156.3544520154,499654.96573085536,1000749.9359948479,1000749.9359948479
2025-03-21T12:50:00.000+0000,1002869.7040013289,783065.1810572089,999999.9999999999,1001156.3544520154,499654.96573085536,1000749.9359948479,1000749.9359948479
2025-03-21T13:00:00.000+0000,1002936.1350739208,783065.1810572089,999999.9999999999,1001189.7013731194,499654.96573085536,1000749.9359948479,1000749.9359948479
2025-03-21T13:10:00.000+0000,1002909.0705628649,783065.1810572089,999999.9999999999,1001176.1155904473,499654.96573085536,1000749.9359948479,1000749.9359948479
2025-03-21T13:20:00.000+0000,1002934.9048688728,783065.1810572089,999999.9999999999,1001189.0838375434,499654.96573085536,1000749.9359948479,1000749.9359948479
2025-03-21T13:30:00.000+0000,1002947.2069193529,783065.1810572089,999999.9999999999,1001195.2591933033,499654.96573085536,1000749.9359948479,1000749.9359948479
2025-03-21T13:40:00.000+0000,1002921.3726133448,783065.1810572089,999999.9999999999,1001182.2909462074,499654.96573085536,1000749.9359948479,1000749.9359948479
2025-03-21T13:50:00.000+0000,1002884.4664619048,783065.1810572089,999999.9999999999,1001163.7648789273,499654.96573085536,1000749.9359948479,1000749.9359948479
2025-03-21T14:00:00.000+0000,1002948.4371244009,783065.1810572089,999999.9999999999,1001195.8767288793,499654.96573085536,1000749.9359948479,1000749.9359948479
2025-03-21T14:10:00.000+0000,1002992.7245061288,783065.1810572089,999999.9999999999,1001218.1080096153,499654.96573085536,1000749.9359948479,1000749.9359948479
2025-03-21T14:20:00.000+0000,1002891.8476921929,783065.1810572089,999999.9999999999,1001167.4700923833,499654.96573085536,1000749.9359948479,1000749.9359948479
2025-03-21T14:30:00.000+0000,1002889.3872820968,783065.1810572089,999999.9999999999,1001166.2350212313,499654.96573085536,1000749.9359948479,1000749.9359948479
2025-03-21T14:40:00.000+0000,1002979.1922506008,783065.1810572089,999999.9999999999,1001211.3151182793,499654.96573085536,1000749.9359948479,1000749.9359948479
2025-03-21T14:50:00.000+0000,1002904.1497426728,783065.1810572089,999999.9999999999,1001173.6454481434,499654.96573085536,1000749.9359948479,1000749.9359948479
2025-03-21T15:00:00.000+0000,1002916.4517931528,783065.1810572089,999999.9999999999,1001179.8208039033,499654.96573085536,1000749.9359948479,1000749.9359948479
2025-03-21T15:10:00.000+0000,1002966.8902001209,783065.1810572089,999999.9999999999,1001205.1397625193,499654.96573085536,1000749.9359948479,1000749.9359948479
2025-03-21T15:20:00.000+0000,1002997.6453263208,783065.1810572089,999999.9999999999,1001220.5781519193,499654.96573085536,1000749.9359948479,1000749.9359948479
2025-03-21T15:30:00.000+0000,1002947.2069193529,783065.1810572089,999999.9999999999,1001195.2591933033,499654.96573085536,1000749.9359948479,1000749.9359948479
2025-03-21T15:40:00.000+0000,1003049.3139383369,783065.1810572089,999999.9999999999,1001246.5146461113,499654.96573085536,1000749.9359948479,1000749.9359948479
2025-03-21T15:50:00.000+0000,1003035.7816828089,783065.1810572089,999999.9999999999,1001239.7217547754,499654.96573085536,1000749.9359948479,1000749.9359948479
2025-03-21T16:00:00.000+0000,1003027.1702474728,783065.1810572089,999999.9999999999,1001235.3990057433,499654.96573085536,1000749.9359948479,1000749.9359948479
2025-03-21T16:10:00.000+0000,1002970.5808152648,783065.1810572089,999999.9999999999,1001206.9923692474,499654.96573085536,1000749.9359948479,1000749.9359948479
2025-03-21T16:20:00.000+0000,1002937.3652789688,783065.1810572089,999999.9999999999,1001190.3189086954,499654.96573085536,1000749.9359948479,1000749.9359948479
2025-03-21T16:30:00.000+0000,1002897.9987174328,783065.1810572089,999999.9999999999,1001170.5577702633,499654.96573085536,1000749.9359948479,1000749.9359948479
2025-03-21T16:40:00.000+0000,1002850.0207205608,783065.1810572089,999999.9999999999,1001146.4738827993,499654.96573085536,1000749.9359948479,1000749.9359948479
2025-03-21T16:50:00.000+0000,1002815.5749792168,783065.1810572089,999999.9999999999,1001129.1828866713,499654.96573085536,1000749.9359948479,1000749.9359948479
2025-03-21T17:00:00.000+0000,1002853.7113357049,783065.1810572089,999999.9999999999,1001148.3264895274,499654.96573085536,1000749.9359948479,1000749.9359948479
2025-03-21T17:10:00.000+0000,1002836.4884650329,783065.1810572089,999999.9999999999,1001139.6809914634,499654.96573085536,1000749.9359948479,1000749.9359948479
2025-03-21T17:20:00.000+0000,1002862.3227710408,783065.1810572089,999999.9999999999,1001152.6492385593,499654.96573085536,1000749.9359948479,1000749.9359948479
2025-03-21T17:30:00.000+0000,1002826.6468246488,783065.1810572089,999999.9999999999,1001134.7407068553,499654.96573085536,1000749.9359948479,1000749.9359948479
2025-03-21T17:40:00.000+0000,1002707.3169349928,783065.1810572089,999999.9999999999,1001074.8397559833,499654.96573085536,1000749.9359948479,1000749.9359948479
2025-03-21T17:50:00.000+0000,1002728.2304208088,783065.1810572089,999999.9999999999,1001085.3378607753,499654.96573085536,1000749.9359948479,1000749.9359948479
2025-03-21T18:00:00.000+0000,1002767.5969823449,783065.1810572089,999999.9999999999,1001105.0989992074,499654.96573085536,1000749.9359948479,1000749.9359948479
2025-03-21T18:10:00.000+0000,1002734.3814460489,783065.1810572089,999999.9999999999,1001088.4255386554,499654.96573085536,1000749.9359948479,1000749.9359948479
2025-03-21T18:20:00.000+0000,1002749.1439066249,783065.1810572089,999999.9999999999,1001095.8359655673,499654.96573085536,1000749.9359948479,1000749.9359948479
2025-03-21T18:30:00.000+0000,1002638.4254523049,783065.1810572089,999999.9999999999,1001040.2577637273,499654.96573085536,1000749.9359948479,1000749.9359948479
2025-03-21T18:40:00.000+0000,1002649.4972977368,783065.1810572089,999999.9999999999,1001045.8155839113,499654.96573085536,1000749.9359948479,1000749.9359948479
2025-03-21T18:50:00.000+0000,1002690.0940643209,783065.1810572089,999999.9999999999,1001066.1942579193,499654.96573085536,1000749.9359948479,1000749.9359948479
2025-03-21T19:00:00.000+0000,1002724.5398056649,783065.1810572089,999999.9999999999,1001083.4852540473,499654.96573085536,1000749.9359948479,1000749.9359948479
2025-03-21T19:10:00.000+0000,1002691.3242693688,783065.1810572089,999999.9999999999,1001066.8117934953,499654.96573085536,1000749.9359948479,1000749.9359948479
2025-03-21T19:20:00.000+0000,1002676.5618087929,783065.1810572089,999999.9999999999,1001059.4013665833,499654.96573085536,1000749.9359948479,1000749.9359948479
2025-03-21T19:30:00.000+0000,1002706.0867299448,783065.1810572089,999999.9999999999,1001074.2222204073,499654.96573085536,1000749.9359948479,1000749.9359948479
2025-03-21T19:40:00.000+0000,1002733.1512410009,783065.1810572089,999999.9999999999,1001087.8080030794,499654.96573085536,1000749.9359948479,1000749.9359948479
2025-03-21T19:50:00.000+0000,1002697.4752946089,783065.1810572089,999999.9999999999,1001069.8994713753,499654.96573085536,1000749.9359948479,1000749.9359948479
2025-03-21T20:00:00.000+0000,1002699.9357047048,783065.1810572089,999999.9999999999,1001071.1345425274,499654.96573085536,1000749.9359948479,1000749.9359948479
2025-03-21T20:10:00.000+0000,1002702.3961148008,783065.1810572089,999999.9999999999,1001072.3696136794,499654.96573085536,1000749.9359948479,1000749.9359948479
2025-03-21T20:20:00.000+0000,1002683.9430390808,783065.1810572089,999999.9999999999,1001063.1065800394,499654.96573085536,1000749.9359948479,1000749.9359948479
2025-03-21T20:30:00.000+0000,1002647.0368876408,783065.1810572089,999999.9999999999,1001044.5805127593,499654.96573085536,1000749.9359948479,1000749.9359948479
2025-03-21T20:40:00.000+0000,1002643.3462724969,783065.1810572089,999999.9999999999,1001042.7279060313,499654.96573085536,1000749.9359948479,1000749.9359948479
2025-03-21T20:50:00.000+0000,1002613.8213513448,783065.1810572089,999999.9999999999,1001027.9070522073,499654.96573085536,1000749.9359948479,1000749.9359948479
2025-03-21T21:00:00.000+0000,1002596.5984806728,783065.1810572089,999999.9999999999,1001019.2615541433,499654.96573085536,1000749.9359948479,1000749.9359948479
2025-03-21T21:10:00.000+0000,1002547.3902787529,783065.1810572089,999999.9999999999,1000994.5601311033,499654.96573085536,1000749.9359948479,1000749.9359948479
2025-03-21T21:20:00.000+0000,1002591.6776604808,783065.1810572089,999999.9999999999,1001016.7914118393,499654.96573085536,1000749.9359948479,1000749.9359948479
2025-03-21T21:30:00.000+0000,1002531.3976131289,783065.1810572089,999999.9999999999,1000986.5321686154,499654.96573085536,1000749.9359948479,1000749.9359948479
2025-03-21T21:40:00.000+0000,1002557.2319191368,783065.1810572089,999999.9999999999,1000999.5004157113,499654.96573085536,1000749.9359948479,1000749.9359948479
2025-03-21T21:50:00.000+0000,1002610.1307362008,783065.1810572089,999999.9999999999,1001026.0544454793,499654.96573085536,1000749.9359948479,1000749.9359948479
2025-03-21T22:00:00.000+0000,1002659.3389381209,783065.1810572089,999999.9999999999,1001050.7558685193,499654.96573085536,1000749.9359948479,1000749.9359948479
2025-03-21T22:10:00.000+0000,1002699.9357047048,783065.1810572089,999999.9999999999,1001071.1345425274,499654.96573085536,1000749.9359948479,1000749.9359948479
2025-03-21T22:20:00.000+0000,1002688.8638592728,783065.1810572089,999999.9999999999,1001065.5767223433,499654.96573085536,1000749.9359948479,1000749.9359948479
2025-03-21T22:30:00.000+0000,1002719.6189854728,783065.1810572089,999999.9999999999,1001081.0151117434,499654.96573085536,1000749.9359948479,1000749.9359948479
2025-03-21T22:40:00.000+0000,1002774.9782126328,783065.1810572089,999999.9999999999,1001108.8042126633,499654.96573085536,1000749.9359948479,1000749.9359948479
2025-03-21T22:50:00.000+0000,1002763.9063672009,783065.1810572089,999999.9999999999,1001103.2463924793,499654.96573085536,1000749.9359948479,1000749.9359948479
2025-03-21T23:00:00.000+0000,1002781.1292378728,783065.1810572089,999999.9999999999,1001111.8918905433,499654.96573085536,1000749.9359948479,1000749.9359948479
2025-03-21T23:10:00.000+0000,1002772.5178025368,783065.1810572089,999999.9999999999,1001107.5691415113,499654.96573085536,1000749.9359948479,1000749.9359948479
2025-03-21T23:20:00.000+0000,1002765.1365722489,783065.1810572089,999999.9999999999,1001103.8639280553,499654.96573085536,1000749.9359948479,1000749.9359948479
2025-03-21T23:30:00.000+0000,1002806.9635438808,783065.1810572089,999999.9999999999,1001124.8601376393,499654.96573085536,1000749.9359948479,1000749.9359948479
2025-03-21T23:40:00.000+0000,1002827.8770296968,783065.1810572089,999999.9999999999,1001135.3582424313,499654.96573085536,1000749.9359948479,1000749.9359948479
2025-03-21T23:50:00.000+0000,1002838.9488751289,783065.1810572089,999999.9999999999,1001140.9160626153,499654.96573085536,1000749.9359948479,1000749.9359948479
2025-03-22T00:00:00.000+0000,1002804.5031337849,783065.1810572089,999999.9999999999,1001123.6250664874,499654.96573085536,1000749.9359948479,1000749.9359948479
2025-03-22T00:10:00.000+0000,1002757.7553419608,783065.1810572089,999999.9999999999,1001100.1587145993,499654.96573085536,1000749.9359948479,1000749.9359948479
2025-03-22T00:20:00.000+0000,1002728.2304208088,783065.1810572089,999999.9999999999,1001085.3378607753,499654.96573085536,1000749.9359948479,1000749.9359948479
2025-03-22T00:30:00.000+0000,1002677.7920138409,783065.1810572089,999999.9999999999,1001060.0189021593,499654.96573085536,1000749.9359948479,1000749.9359948479
2025-03-22T00:40:00.000+0000,1002691.3242693688,783065.1810572089,999999.9999999999,1001066.8117934953,499654.96573085536,1000749.9359948479,1000749.9359948479
2025-03-22T00:50:00.000+0000,1002666.7201684088,783065.1810572089,999999.9999999999,1001054.4610819754,499654.96573085536,1000749.9359948479,1000749.9359948479
2025-03-22T01:00:00.000+0000,1002624.8931967769,783065.1810572089,999999.9999999999,1001033.4648723913,499654.96573085536,1000749.9359948479,1000749.9359948479
2025-03-22T01:10:00.000+0000,1002629.8140169688,783065.1810572089,999999.9999999999,1001035.9350146953,499654.96573085536,1000749.9359948479,1000749.9359948479
2025-03-22T01:20:00.000+0000,1002665.4899633608,783065.1810572089,999999.9999999999,1001053.8435463994,499654.96573085536,1000749.9359948479,1000749.9359948479
2025-03-22T01:30:00.000+0000,1002724.5398056649,783065.1810572089,999999.9999999999,1001083.4852540473,499654.96573085536,1000749.9359948479,1000749.9359948479
2025-03-22T01:40:00.000+0000,1002774.9782126328,783065.1810572089,999999.9999999999,1001108.8042126633,499654.96573085536,1000749.9359948479,1000749.9359948479
2025-03-22T01:50:00.000+0000,1002778.6688277768,783065.1810572089,999999.9999999999,1001110.6568193913,499654.96573085536,1000749.9359948479,1000749.9359948479
2025-03-22T02:00:00.000+0000,1002733.1512410009,783065.1810572089,999999.9999999999,1001087.8080030794,499654.96573085536,1000749.9359948479,1000749.9359948479
2025-03-22T02:10:00.000+0000,1002722.0793955688,783065.1810572089,999999.9999999999,1001082.2501828953,499654.96573085536,1000749.9359948479,1000749.9359948479
2025-03-22T02:20:00.000+0000,1002709.7773450888,783065.1810572089,999999.9999999999,1001076.0748271353,499654.96573085536,1000749.9359948479,1000749.9359948479
2025-03-22T02:30:00.000+0000,1002675.3316037449,783065.1810572089,999999.9999999999,1001058.7838310073,499654.96573085536,1000749.9359948479,1000749.9359948479
2025-03-22T02:40:00.000+0000,1002671.6409886009,783065.1810572089,999999.9999999999,1001056.9312242793,499654.96573085536,1000749.9359948479,1000749.9359948479
2025-03-22T02:50:00.000+0000,1002708.5471400409,783065.1810572089,999999.9999999999,1001075.4572915593,499654.96573085536,1000749.9359948479,1000749.9359948479
2025-03-22T03:00:00.000+0000,1002731.9210359529,783065.1810572089,999999.9999999999,1001087.1904675033,499654.96573085536,1000749.9359948479,1000749.9359948479
2025-03-22T03:10:00.000+0000,1002685.1732441288,783065.1810572089,999999.9999999999,1001063.7241156154,499654.96573085536,1000749.9359948479,1000749.9359948479
2025-03-22T03:20:00.000+0000,1002680.2524239369,783065.1810572089,999999.9999999999,1001061.2539733113,499654.96573085536,1000749.9359948479,1000749.9359948479
2025-03-22T03:30:00.000+0000,1002655.6483229769,783065.1810572089,999999.9999999999,1001048.9032617913,499654.96573085536,1000749.9359948479,1000749.9359948479
2025-03-22T03:40:00.000+0000,1002633.5046321128,783065.1810572089,999999.9999999999,1001037.7876214234,499654.96573085536,1000749.9359948479,1000749.9359948479
2025-03-22T03:50:00.000+0000,1002631.0442220168,783065.1810572089,999999.9999999999,1001036.5525502713,499654.96573085536,1000749.9359948479,1000749.9359948479
2025-03-22T04:00:00.000+0000,1002637.1952472569,783065.1810572089,999999.9999999999,1001039.6402281513,499654.96573085536,1000749.9359948479,1000749.9359948479
2025-03-22T04:10:00.000+0000,1002603.9797109609,783065.1810572089,999999.9999999999,1001022.9667675993,499654.96573085536,1000749.9359948479,1000749.9359948479
2025-03-22T04:20:00.000+0000,1002613.8213513448,783065.1810572089,999999.9999999999,1001027.9070522073,499654.96573085536,1000749.9359948479,1000749.9359948479
2025-03-22T04:30:00.000+0000,1002635.9650422088,783065.1810572089,999999.9999999999,1001039.0226925754,499654.96573085536,1000749.9359948479,1000749.9359948479
2025-03-22T04:40:00.000+0000,1002608.9005311528,783065.1810572089,999999.9999999999,1001025.4369099033,499654.96573085536,1000749.9359948479,1000749.9359948479
2025-03-22T04:50:00.000+0000,1002595.3682756248,783065.1810572089,999999.9999999999,1001018.6440185673,499654.96573085536,1000749.9359948479,1000749.9359948479
2025-03-22T05:00:00.000+0000,1002595.3682756248,783065.1810572089,999999.9999999999,1001018.6440185673,499654.96573085536,1000749.9359948479,1000749.9359948479
2025-03-22T05:10:00.000+0000,1002611.3609412488,783065.1810572089,999999.9999999999,1001026.6719810553,499654.96573085536,1000749.9359948479,1000749.9359948479
2025-03-22T05:20:00.000+0000,1002622.4327866809,783065.1810572089,999999.9999999999,1001032.2298012393,499654.96573085536,1000749.9359948479,1000749.9359948479
2025-03-22T05:30:00.000+0000,1002639.6556573529,783065.1810572089,999999.9999999999,1001040.8752993033,499654.96573085536,1000749.9359948479,1000749.9359948479
2025-03-22T05:40:00.000+0000,1002638.4254523049,783065.1810572089,999999.9999999999,1001040.2577637273,499654.96573085536,1000749.9359948479,1000749.9359948479
2025-03-22T05:50:00.000+0000,1002633.5046321128,783065.1810572089,999999.9999999999,1001037.7876214234,499654.96573085536,1000749.9359948479,1000749.9359948479
2025-03-22T06:00:00.000+0000,1002590.4474554328,783065.1810572089,999999.9999999999,1001016.1738762633,499654.96573085536,1000749.9359948479,1000749.9359948479
2025-03-22T06:10:00.000+0000,1002585.5266352409,783065.1810572089,999999.9999999999,1001013.7037339594,499654.96573085536,1000749.9359948479,1000749.9359948479
2025-03-22T06:20:00.000+0000,1002575.6849948568,783065.1810572089,999999.9999999999,1001008.7634493513,499654.96573085536,1000749.9359948479,1000749.9359948479
2025-03-22T06:30:00.000+0000,1002622.4327866809,783065.1810572089,999999.9999999999,1001032.2298012393,499654.96573085536,1000749.9359948479,1000749.9359948479
2025-03-22T06:40:00.000+0000,1002602.7495059129,783065.1810572089,999999.9999999999,1001022.3492320233,499654.96573085536,1000749.9359948479,1000749.9359948479
2025-03-22T06:50:00.000+0000,1002585.5266352409,783065.1810572089,999999.9999999999,1001013.7037339594,499654.96573085536,1000749.9359948479,1000749.9359948479
2025-03-22T07:00:00.000+0000,1002583.0662251448,783065.1810572089,999999.9999999999,1001012.4686628074,499654.96573085536,1000749.9359948479,1000749.9359948479
2025-03-22T07:10:00.000+0000,1002610.1307362008,783065.1810572089,999999.9999999999,1001026.0544454793,499654.96573085536,1000749.9359948479,1000749.9359948479
2025-03-22T07:20:00.000+0000,1002601.5193008648,783065.1810572089,999999.9999999999,1001021.7316964474,499654.96573085536,1000749.9359948479,1000749.9359948479
2025-03-22T07:30:00.000+0000,1002551.0808938969,783065.1810572089,999999.9999999999,1000996.4127378314,499654.96573085536,1000749.9359948479,1000749.9359948479
2025-03-22T07:40:00.000+0000,1002599.0588907688,783065.1810572089,999999.9999999999,1001020.4966252954,499654.96573085536,1000749.9359948479,1000749.9359948479
2025-03-22T07:50:00.000+0000,1002632.2744270648,783065.1810572089,999999.9999999999,1001037.1700858474,499654.96573085536,1000749.9359948479,1000749.9359948479
2025-03-22T08:00:00.000+0000,1002639.6556573529,783065.1810572089,999999.9999999999,1001040.8752993033,499654.96573085536,1000749.9359948479,1000749.9359948479
2025-03-22T08:10:00.000+0000,1002649.4972977368,783065.1810572089,999999.9999999999,1001045.8155839113,499654.96573085536,1000749.9359948479,1000749.9359948479
2025-03-22T08:20:00.000+0000,1002661.7993482169,783065.1810572089,999999.9999999999,1001051.9909396713,499654.96573085536,1000749.9359948479,1000749.9359948479
2025-03-22T08:30:00.000+0000,1002675.3316037449,783065.1810572089,999999.9999999999,1001058.7838310073,499654.96573085536,1000749.9359948479,1000749.9359948479
2025-03-22T08:40:00.000+0000,1002656.8785280249,783065.1810572089,999999.9999999999,1001049.5207973673,499654.96573085536,1000749.9359948479,1000749.9359948479
2025-03-22T08:50:00.000+0000,1002658.1087330729,783065.1810572089,999999.9999999999,1001050.1383329433,499654.96573085536,1000749.9359948479,1000749.9359948479
2025-03-22T09:00:00.000+0000,1002613.8213513448,783065.1810572089,999999.9999999999,1001027.9070522073,499654.96573085536,1000749.9359948479,1000749.9359948479
2025-03-22T09:10:00.000+0000,1002602.7495059129,783065.1810572089,999999.9999999999,1001022.3492320233,499654.96573085536,1000749.9359948479,1000749.9359948479
2025-03-22T09:20:00.000+0000,1002553.5413039929,783065.1810572089,999999.9999999999,1000997.6478089833,499654.96573085536,1000749.9359948479,1000749.9359948479
2025-03-22T09:30:00.000+0000,1002557.2319191368,783065.1810572089,999999.9999999999,1000999.5004157113,499654.96573085536,1000749.9359948479,1000749.9359948479
2025-03-22T09:40:00.000+0000,1002533.8580232249,783065.1810572089,999999.9999999999,1000987.7672397674,499654.96573085536,1000749.9359948479,1000749.9359948479
2025-03-22T09:50:00.000+0000,1002580.6058150488,783065.1810572089,999999.9999999999,1001011.2335916553,499654.96573085536,1000749.9359948479,1000749.9359948479
2025-03-22T10:00:00.000+0000,1002605.2099160089,783065.1810572089,999999.9999999999,1001023.5843031753,499654.96573085536,1000749.9359948479,1000749.9359948479
2025-03-22T10:10:00.000+0000,1002568.3037645689,783065.1810572089,999999.9999999999,1001005.0582358954,499654.96573085536,1000749.9359948479,1000749.9359948479
2025-03-22T10:20:00.000+0000,1002569.5339696169,783065.1810572089,999999.9999999999,1001005.6757714713,499654.96573085536,1000749.9359948479,1000749.9359948479
2025-03-22T10:30:00.000+0000,1002557.2319191368,783065.1810572089,999999.9999999999,1000999.5004157113,499654.96573085536,1000749.9359948479,1000749.9359948479
2025-03-22T10:40:00.000+0000,1002552.3110989449,783065.1810572089,999999.9999999999,1000997.0302734073,499654.96573085536,1000749.9359948479,1000749.9359948479
2025-03-22T10:50:00.000+0000,1002589.2172503849,783065.1810572089,999999.9999999999,1001015.5563406873,499654.96573085536,1000749.9359948479,1000749.9359948479
2025-03-22T11:00:00.000+0000,1002612.5911462968,783065.1810572089,999999.9999999999,1001027.2895166313,499654.96573085536,1000749.9359948479,1000749.9359948479
2025-03-22T11:10:00.000+0000,1002650.7275027848,783065.1810572089,999999.9999999999,1001046.4331194874,499654.96573085536,1000749.9359948479,1000749.9359948479
2025-03-22T11:20:00.000+0000,1002615.0515563928,783065.1810572089,999999.9999999999,1001028.5245877833,499654.96573085536,1000749.9359948479,1000749.9359948479
2025-03-22T11:30:00.000+0000,1002611.3609412488,783065.1810572089,999999.9999999999,1001026.6719810553,499654.96573085536,1000749.9359948479,1000749.9359948479
2025-03-22T11:40:00.000+0000,1002649.4972977368,783065.1810572089,999999.9999999999,1001045.8155839113,499654.96573085536,1000749.9359948479,1000749.9359948479
2025-03-22T11:50:00.000+0000,1002649.4972977368,783065.1810572089,999999.9999999999,1001045.8155839113,499654.96573085536,1000749.9359948479,1000749.9359948479
2025-03-22T12:00:00.000+0000,1002624.8931967769,783065.1810572089,999999.9999999999,1001033.4648723913,499654.96573085536,1000749.9359948479,1000749.9359948479
2025-03-22T12:10:00.000+0000,1002623.6629917289,783065.1810572089,999999.9999999999,1001032.8473368153,499654.96573085536,1000749.9359948479,1000749.9359948479
2025-03-22T12:20:00.000+0000,1002632.2744270648,783065.1810572089,999999.9999999999,1001037.1700858474,499654.96573085536,1000749.9359948479,1000749.9359948479
2025-03-22T12:30:00.000+0000,1002661.7993482169,783065.1810572089,999999.9999999999,1001051.9909396713,499654.96573085536,1000749.9359948479,1000749.9359948479
2025-03-22T12:40:00.000+0000,1002664.2597583128,783065.1810572089,999999.9999999999,1001053.2260108233,499654.96573085536,1000749.9359948479,1000749.9359948479
2025-03-22T12:50:00.000+0000,1002654.4181179288,783065.1810572089,999999.9999999999,1001048.2857262153,499654.96573085536,1000749.9359948479,1000749.9359948479
2025-03-22T13:00:00.000+0000,1002643.3462724969,783065.1810572089,999999.9999999999,1001042.7279060313,499654.96573085536,1000749.9359948479,1000749.9359948479
2025-03-22T13:10:00.000+0000,1002672.8711936488,783065.1810572089,999999.9999999999,1001057.5487598553,499654.96573085536,1000749.9359948479,1000749.9359948479
2025-03-22T13:20:00.000+0000,1002688.8638592728,783065.1810572089,999999.9999999999,1001065.5767223433,499654.96573085536,1000749.9359948479,1000749.9359948479
2025-03-22T13:30:00.000+0000,1002747.9137015769,783065.1810572089,999999.9999999999,1001095.2184299913,499654.96573085536,1000749.9359948479,1000749.9359948479
2025-03-22T13:40:00.000+0000,1002740.5324712888,783065.1810572089,999999.9999999999,1001091.5132165353,499654.96573085536,1000749.9359948479,1000749.9359948479
2025-03-22T13:50:00.000+0000,1002724.5398056649,783065.1810572089,999999.9999999999,1001083.4852540473,499654.96573085536,1000749.9359948479,1000749.9359948479
2025-03-22T14:00:00.000+0000,1002729.4606258569,783065.1810572089,999999.9999999999,1001085.9553963513,499654.96573085536,1000749.9359948479,1000749.9359948479
2025-03-22T14:10:00.000+0000,1002712.2377551849,783065.1810572089,999999.9999999999,1001077.3098982873,499654.96573085536,1000749.9359948479,1000749.9359948479
2025-03-22T14:20:00.000+0000,1002722.0793955688,783065.1810572089,999999.9999999999,1001082.2501828953,499654.96573085536,1000749.9359948479,1000749.9359948479
2025-03-22T14:30:00.000+0000,1002757.7553419608,783065.1810572089,999999.9999999999,1001100.1587145993,499654.96573085536,1000749.9359948479,1000749.9359948479
2025-03-22T14:40:00.000+0000,1002772.5178025368,783065.1810572089,999999.9999999999,1001107.5691415113,499654.96573085536,1000749.9359948479,1000749.9359948479
2025-03-22T14:50:00.000+0000,1002798.3521085449,783065.1810572089,999999.9999999999,1001120.5373886073,499654.96573085536,1000749.9359948479,1000749.9359948479
2025-03-22T15:00:00.000+0000,1002774.9782126328,783065.1810572089,999999.9999999999,1001108.8042126633,499654.96573085536,1000749.9359948479,1000749.9359948479
2025-03-22T15:10:00.000+0000,1002762.6761621528,783065.1810572089,999999.9999999999,1001102.6288569033,499654.96573085536,1000749.9359948479,1000749.9359948479
2025-03-22T15:20:00.000+0000,1002783.5896479689,783065.1810572089,999999.9999999999,1001113.1269616953,499654.96573085536,1000749.9359948479,1000749.9359948479
2025-03-22T15:30:00.000+0000,1002774.9782126328,783065.1810572089,999999.9999999999,1001108.8042126633,499654.96573085536,1000749.9359948479,1000749.9359948479
2025-03-22T15:40:00.000+0000,1002740.5324712888,783065.1810572089,999999.9999999999,1001091.5132165353,499654.96573085536,1000749.9359948479,1000749.9359948479
2025-03-22T15:50:00.000+0000,1002729.4606258569,783065.1810572089,999999.9999999999,1001085.9553963513,499654.96573085536,1000749.9359948479,1000749.9359948479
2025-03-22T16:00:00.000+0000,1002760.2157520568,783065.1810572089,999999.9999999999,1001101.3937857513,499654.96573085536,1000749.9359948479,1000749.9359948479
2025-03-22T16:10:00.000+0000,1002725.7700107128,783065.1810572089,999999.9999999999,1001084.1027896233,499654.96573085536,1000749.9359948479,1000749.9359948479
2025-03-22T16:20:00.000+0000,1002686.4034491768,783065.1810572089,999999.9999999999,1001064.3416511914,499654.96573085536,1000749.9359948479,1000749.9359948479
2025-03-22T16:30:00.000+0000,1002701.1659097528,783065.1810572089,999999.9999999999,1001071.7520781034,499654.96573085536,1000749.9359948479,1000749.9359948479
2025-03-22T16:40:00.000+0000,1002727.0002157609,783065.1810572089,999999.9999999999,1001084.7203251993,499654.96573085536,1000749.9359948479,1000749.9359948479
2025-03-22T16:50:00.000+0000,1002714.6981652809,783065.1810572089,999999.9999999999,1001078.5449694393,499654.96573085536,1000749.9359948479,1000749.9359948479
2025-03-22T17:00:00.000+0000,1002698.7054996568,783065.1810572089,999999.9999999999,1001070.5170069514,499654.96573085536,1000749.9359948479,1000749.9359948479
2025-03-22T17:10:00.000+0000,1002697.4752946089,783065.1810572089,999999.9999999999,1001069.8994713753,499654.96573085536,1000749.9359948479,1000749.9359948479
2025-03-22T17:20:00.000+0000,1002681.4826289848,783065.1810572089,999999.9999999999,1001061.8715088873,499654.96573085536,1000749.9359948479,1000749.9359948479
2025-03-22T17:30:00.000+0000,1002660.5691431689,783065.1810572089,999999.9999999999,1001051.3734040953,499654.96573085536,1000749.9359948479,1000749.9359948479
2025-03-22T17:40:00.000+0000,1002629.8140169688,783065.1810572089,999999.9999999999,1001035.9350146953,499654.96573085536,1000749.9359948479,1000749.9359948479
2025-03-22T17:50:00.000+0000,1002629.8140169688,783065.1810572089,999999.9999999999,1001035.9350146953,499654.96573085536,1000749.9359948479,1000749.9359948479
2025-03-22T18:00:00.000+0000,1002631.0442220168,783065.1810572089,999999.9999999999,1001036.5525502713,499654.96573085536,1000749.9359948479,1000749.9359948479
2025-03-22T18:10:00.000+0000,1002602.7495059129,783065.1810572089,999999.9999999999,1001022.3492320233,499654.96573085536,1000749.9359948479,1000749.9359948479
2025-03-22T18:20:00.000+0000,1002611.3609412488,783065.1810572089,999999.9999999999,1001026.6719810553,499654.96573085536,1000749.9359948479,1000749.9359948479
2025-03-22T18:30:00.000+0000,1002640.8858624009,783065.1810572089,999999.9999999999,1001041.4928348793,499654.96573085536,1000749.9359948479,1000749.9359948479
2025-03-22T18:40:00.000+0000,1002592.9078655288,783065.1810572089,999999.9999999999,1001017.4089474153,499654.96573085536,1000749.9359948479,1000749.9359948479
2025-03-22T18:50:00.000+0000,1002583.0662251448,783065.1810572089,999999.9999999999,1001012.4686628074,499654.96573085536,1000749.9359948479,1000749.9359948479
2025-03-22T19:00:00.000+0000,1002607.6703261049,783065.1810572089,999999.9999999999,1001024.8193743273,499654.96573085536,1000749.9359948479,1000749.9359948479
2025-03-22T19:10:00.000+0000,1002596.5984806728,783065.1810572089,999999.9999999999,1001019.2615541433,499654.96573085536,1000749.9359948479,1000749.9359948479
2025-03-22T19:20:00.000+0000,1002599.0588907688,783065.1810572089,999999.9999999999,1001020.4966252954,499654.96573085536,1000749.9359948479,1000749.9359948479
2025-03-22T19:30:00.000+0000,1002552.3110989449,783065.1810572089,999999.9999999999,1000997.0302734073,499654.96573085536,1000749.9359948479,1000749.9359948479
2025-03-22T19:40:00.000+0000,1002590.4474554328,783065.1810572089,999999.9999999999,1001016.1738762633,499654.96573085536,1000749.9359948479,1000749.9359948479
2025-03-22T19:50:00.000+0000,1002626.1234018249,783065.1810572089,999999.9999999999,1001034.0824079673,499654.96573085536,1000749.9359948479,1000749.9359948479
2025-03-22T20:00:00.000+0000,1002589.2172503849,783065.1810572089,999999.9999999999,1001015.5563406873,499654.96573085536,1000749.9359948479,1000749.9359948479
2025-03-22T20:10:00.000+0000,1002587.9870453369,783065.1810572089,999999.9999999999,1001014.9388051113,499654.96573085536,1000749.9359948479,1000749.9359948479
2025-03-22T20:20:00.000+0000,1002622.4327866809,783065.1810572089,999999.9999999999,1001032.2298012393,499654.96573085536,1000749.9359948479,1000749.9359948479
2025-03-22T20:30:00.000+0000,1002602.7495059129,783065.1810572089,999999.9999999999,1001022.3492320233,499654.96573085536,1000749.9359948479,1000749.9359948479
2025-03-22T20:40:00.000+0000,1002633.5046321128,783065.1810572089,999999.9999999999,1001037.7876214234,499654.96573085536,1000749.9359948479,1000749.9359948479
2025-03-22T20:50:00.000+0000,1002658.1087330729,783065.1810572089,999999.9999999999,1001050.1383329433,499654.96573085536,1000749.9359948479,1000749.9359948479
2025-03-22T21:00:00.000+0000,1002729.4606258569,783065.1810572089,999999.9999999999,1001085.9553963513,499654.96573085536,1000749.9359948479,1000749.9359948479
2025-03-22T21:10:00.000+0000,1002692.5544744169,783065.1810572089,999999.9999999999,1001067.4293290713,499654.96573085536,1000749.9359948479,1000749.9359948479
2025-03-22T21:20:00.000+0000,1002744.2230864328,783065.1810572089,999999.9999999999,1001093.3658232633,499654.96573085536,1000749.9359948479,1000749.9359948479
2025-03-22T21:30:00.000+0000,1002735.6116510968,783065.1810572089,999999.9999999999,1001089.0430742314,499654.96573085536,1000749.9359948479,1000749.9359948479
2025-03-22T21:40:00.000+0000,1002776.2084176808,783065.1810572089,999999.9999999999,1001109.4217482393,499654.96573085536,1000749.9359948479,1000749.9359948479
2025-03-22T21:50:00.000+0000,1002771.2875974888,783065.1810572089,999999.9999999999,1001106.9516059353,499654.96573085536,1000749.9359948479,1000749.9359948479
2025-03-22T22:00:00.000+0000,1002752.8345217688,783065.1810572089,999999.9999999999,1001097.6885722954,499654.96573085536,1000749.9359948479,1000749.9359948479
2025-03-22T22:10:00.000+0000,1002728.2304208088,783065.1810572089,999999.9999999999,1001085.3378607753,499654.96573085536,1000749.9359948479,1000749.9359948479
2025-03-22T22:20:00.000+0000,1002715.9283703289,783065.1810572089,999999.9999999999,1001079.1625050153,499654.96573085536,1000749.9359948479,1000749.9359948479
2025-03-22T22:30:00.000+0000,1002733.1512410009,783065.1810572089,999999.9999999999,1001087.8080030794,499654.96573085536,1000749.9359948479,1000749.9359948479
2025-03-22T22:40:00.000+0000,1002754.0647268168,783065.1810572089,999999.9999999999,1001098.3061078714,499654.96573085536,1000749.9359948479,1000749.9359948479
2025-03-22T22:50:00.000+0000,1002788.5104681608,783065.1810572089,999999.9999999999,1001115.5971039993,499654.96573085536,1000749.9359948479,1000749.9359948479
2025-03-22T23:00:00.000+0000,1002803.2729287369,783065.1810572089,999999.9999999999,1001123.0075309114,499654.96573085536,1000749.9359948479,1000749.9359948479
2025-03-22T23:10:00.000+0000,1002875.8550265689,783065.1810572089,999999.9999999999,1001159.4421298953,499654.96573085536,1000749.9359948479,1000749.9359948479
2025-03-22T23:20:00.000+0000,1002868.4737962808,783065.1810572089,999999.9999999999,1001155.7369164394,499654.96573085536,1000749.9359948479,1000749.9359948479
2025-03-22T23:30:00.000+0000,1002863.5529760888,783065.1810572089,999999.9999999999,1001153.2667741353,499654.96573085536,1000749.9359948479,1000749.9359948479
2025-03-22T23:40:00.000+0000,1002863.5529760888,783065.1810572089,999999.9999999999,1001153.2667741353,499654.96573085536,1000749.9359948479,1000749.9359948479
2025-03-22T23:50:00.000+0000,1002822.9562095049,783065.1810572089,999999.9999999999,1001132.8881001273,499654.96573085536,1000749.9359948479,1000749.9359948479
2025-03-23T00:00:00.000+0000,1002816.8051842649,783065.1810572089,999999.9999999999,1001129.8004222473,499654.96573085536,1000749.9359948479,1000749.9359948479
2025-03-23T00:10:00.000+0000,1002824.1864145529,783065.1810572089,999999.9999999999,1001133.5056357033,499654.96573085536,1000749.9359948479,1000749.9359948479
2025-03-23T00:20:00.000+0000,1002783.5896479689,783065.1810572089,999999.9999999999,1001113.1269616953,499654.96573085536,1000749.9359948479,1000749.9359948479
2025-03-23T00:30:00.000+0000,1002771.2875974888,783065.1810572089,999999.9999999999,1001106.9516059353,499654.96573085536,1000749.9359948479,1000749.9359948479
2025-03-23T00:40:00.000+0000,1002773.7480075848,783065.1810572089,999999.9999999999,1001108.1866770873,499654.96573085536,1000749.9359948479,1000749.9359948479
2025-03-23T00:50:00.000+0000,1002799.5823135928,783065.1810572089,999999.9999999999,1001121.1549241833,499654.96573085536,1000749.9359948479,1000749.9359948479
2025-03-23T01:00:00.000+0000,1002800.8125186409,783065.1810572089,999999.9999999999,1001121.7724597594,499654.96573085536,1000749.9359948479,1000749.9359948479
2025-03-23T01:10:00.000+0000,1002786.0500580649,783065.1810572089,999999.9999999999,1001114.3620328474,499654.96573085536,1000749.9359948479,1000749.9359948479
2025-03-23T01:20:00.000+0000,1002715.9283703289,783065.1810572089,999999.9999999999,1001079.1625050153,499654.96573085536,1000749.9359948479,1000749.9359948479
2025-03-23T01:30:00.000+0000,1002742.9928813849,783065.1810572089,999999.9999999999,1001092.7482876873,499654.96573085536,1000749.9359948479,1000749.9359948479
2025-03-23T01:40:00.000+0000,1002729.4606258569,783065.1810572089,999999.9999999999,1001085.9553963513,499654.96573085536,1000749.9359948479,1000749.9359948479
2025-03-23T01:50:00.000+0000,1002728.2304208088,783065.1810572089,999999.9999999999,1001085.3378607753,499654.96573085536,1000749.9359948479,1000749.9359948479
2025-03-23T02:00:00.000+0000,1002736.8418561448,783065.1810572089,999999.9999999999,1001089.6606098074,499654.96573085536,1000749.9359948479,1000749.9359948479
2025-03-23T02:10:00.000+0000,1002733.1512410009,783065.1810572089,999999.9999999999,1001087.8080030794,499654.96573085536,1000749.9359948479,1000749.9359948479
2025-03-23T02:20:00.000+0000,1002703.6263198488,783065.1810572089,999999.9999999999,1001072.9871492554,499654.96573085536,1000749.9359948479,1000749.9359948479
2025-03-23T02:30:00.000+0000,1002658.1087330729,783065.1810572089,999999.9999999999,1001050.1383329433,499654.96573085536,1000749.9359948479,1000749.9359948479
2025-03-23T02:40:00.000+0000,1002645.8066825928,783065.1810572089,999999.9999999999,1001043.9629771833,499654.96573085536,1000749.9359948479,1000749.9359948479
2025-03-23T02:50:00.000+0000,1002642.1160674489,783065.1810572089,999999.9999999999,1001042.1103704553,499654.96573085536,1000749.9359948479,1000749.9359948479
2025-03-23T03:00:00.000+0000,1002638.4254523049,783065.1810572089,999999.9999999999,1001040.2577637273,499654.96573085536,1000749.9359948479,1000749.9359948479
2025-03-23T03:10:00.000+0000,1002667.9503734568,783065.1810572089,999999.9999999999,1001055.0786175514,499654.96573085536,1000749.9359948479,1000749.9359948479
2025-03-23T03:20:00.000+0000,1002664.2597583128,783065.1810572089,999999.9999999999,1001053.2260108233,499654.96573085536,1000749.9359948479,1000749.9359948479
2025-03-23T03:30:00.000+0000,1002664.2597583128,783065.1810572089,999999.9999999999,1001053.2260108233,499654.96573085536,1000749.9359948479,1000749.9359948479
2025-03-23T03:40:00.000+0000,1002638.4254523049,783065.1810572089,999999.9999999999,1001040.2577637273,499654.96573085536,1000749.9359948479,1000749.9359948479
2025-03-23T03:50:00.000+0000,1002659.3389381209,783065.1810572089,999999.9999999999,1001050.7558685193,499654.96573085536,1000749.9359948479,1000749.9359948479
2025-03-23T04:00:00.000+0000,1002653.1879128809,783065.1810572089,999999.9999999999,1001047.6681906393,499654.96573085536,1000749.9359948479,1000749.9359948479
2025-03-23T04:10:00.000+0000,1002703.6263198488,783065.1810572089,999999.9999999999,1001072.9871492554,499654.96573085536,1000749.9359948479,1000749.9359948479
2025-03-23T04:20:00.000+0000,1002715.9283703289,783065.1810572089,999999.9999999999,1001079.1625050153,499654.96573085536,1000749.9359948479,1000749.9359948479
2025-03-23T04:30:00.000+0000,1002707.3169349928,783065.1810572089,999999.9999999999,1001074.8397559833,499654.96573085536,1000749.9359948479,1000749.9359948479
2025-03-23T04:40:00.000+0000,1002707.3169349928,783065.1810572089,999999.9999999999,1001074.8397559833,499654.96573085536,1000749.9359948479,1000749.9359948479
2025-03-23T04:50:00.000+0000,1002754.0647268168,783065.1810572089,999999.9999999999,1001098.3061078714,499654.96573085536,1000749.9359948479,1000749.9359948479
2025-03-23T05:00:00.000+0000,1002734.3814460489,783065.1810572089,999999.9999999999,1001088.4255386554,499654.96573085536,1000749.9359948479,1000749.9359948479
2025-03-23T05:10:00.000+0000,1002757.7553419608,783065.1810572089,999999.9999999999,1001100.1587145993,499654.96573085536,1000749.9359948479,1000749.9359948479
2025-03-23T05:20:00.000+0000,1002776.2084176808,783065.1810572089,999999.9999999999,1001109.4217482393,499654.96573085536,1000749.9359948479,1000749.9359948479
2025-03-23T05:30:00.000+0000,1002755.2949318648,783065.1810572089,999999.9999999999,1001098.9236434473,499654.96573085536,1000749.9359948479,1000749.9359948479
2025-03-23T05:40:00.000+0000,1002707.3169349928,783065.1810572089,999999.9999999999,1001074.8397559833,499654.96573085536,1000749.9359948479,1000749.9359948479
2025-03-23T05:50:00.000+0000,1002688.8638592728,783065.1810572089,999999.9999999999,1001065.5767223433,499654.96573085536,1000749.9359948479,1000749.9359948479
2025-03-23T06:00:00.000+0000,1002682.7128340328,783065.1810572089,999999.9999999999,1001062.4890444633,499654.96573085536,1000749.9359948479,1000749.9359948479
2025-03-23T06:10:00.000+0000,1002702.3961148008,783065.1810572089,999999.9999999999,1001072.3696136794,499654.96573085536,1000749.9359948479,1000749.9359948479
2025-03-23T06:20:00.000+0000,1002707.3169349928,783065.1810572089,999999.9999999999,1001074.8397559833,499654.96573085536,1000749.9359948479,1000749.9359948479
2025-03-23T06:30:00.000+0000,1002618.7421715369,783065.1810572089,999999.9999999999,1001030.3771945114,499654.96573085536,1000749.9359948479,1000749.9359948479
2025-03-23T06:40:00.000+0000,1002607.6703261049,783065.1810572089,999999.9999999999,1001024.8193743273,499654.96573085536,1000749.9359948479,1000749.9359948479
2025-03-23T06:50:00.000+0000,1002527.7069979848,783065.1810572089,999999.9999999999,1000984.6795618873,499654.96573085536,1000749.9359948479,1000749.9359948479
2025-03-23T07:00:00.000+0000,1002466.1967455848,783065.1810572089,999999.9999999999,1000953.8027830874,499654.96573085536,1000749.9359948479,1000749.9359948479
2025-03-23T07:10:00.000+0000,1002517.8653576009,783065.1810572089,999999.9999999999,1000979.7392772794,499654.96573085536,1000749.9359948479,1000749.9359948479
2025-03-23T07:20:00.000+0000,1002473.5779758729,783065.1810572089,999999.9999999999,1000957.5079965433,499654.96573085536,1000749.9359948479,1000749.9359948479
2025-03-23T07:30:00.000+0000,1002501.8726919768,783065.1810572089,999999.9999999999,1000971.7113147913,499654.96573085536,1000749.9359948479,1000749.9359948479
2025-03-23T07:40:00.000+0000,1002553.5413039929,783065.1810572089,999999.9999999999,1000997.6478089833,499654.96573085536,1000749.9359948479,1000749.9359948479
2025-03-23T07:50:00.000+0000,1002483.4196162568,783065.1810572089,999999.9999999999,1000962.4482811514,499654.96573085536,1000749.9359948479,1000749.9359948479
2025-03-23T08:00:00.000+0000,1002501.8726919768,783065.1810572089,999999.9999999999,1000971.7113147913,499654.96573085536,1000749.9359948479,1000749.9359948479
2025-03-23T08:10:00.000+0000,1002487.1102314008,783065.1810572089,999999.9999999999,1000964.3008878793,499654.96573085536,1000749.9359948479,1000749.9359948479
2025-03-23T08:20:00.000+0000,1002484.6498213048,783065.1810572089,999999.9999999999,1000963.0658167274,499654.96573085536,1000749.9359948479,1000749.9359948479
2025-03-23T08:30:00.000+0000,1002495.7216667369,783065.1810572089,999999.9999999999,1000968.6236369113,499654.96573085536,1000749.9359948479,1000749.9359948479
2025-03-23T08:40:00.000+0000,1002505.5633071208,783065.1810572089,999999.9999999999,1000973.5639215193,499654.96573085536,1000749.9359948479,1000749.9359948479
2025-03-23T08:50:00.000+0000,1002511.7143323608,783065.1810572089,999999.9999999999,1000976.6515993993,499654.96573085536,1000749.9359948479,1000749.9359948479
2025-03-23T09:00:00.000+0000,1002490.8008465448,783065.1810572089,999999.9999999999,1000966.1534946073,499654.96573085536,1000749.9359948479,1000749.9359948479
2025-03-23T09:10:00.000+0000,1002501.8726919768,783065.1810572089,999999.9999999999,1000971.7113147913,499654.96573085536,1000749.9359948479,1000749.9359948479
2025-03-23T09:20:00.000+0000,1002445.2832597689,783065.1810572089,999999.9999999999,1000943.3046782953,499654.96573085536,1000749.9359948479,1000749.9359948479
2025-03-23T09:30:00.000+0000,1002450.2040799608,783065.1810572089,999999.9999999999,1000945.7748205994,499654.96573085536,1000749.9359948479,1000749.9359948479
2025-03-23T09:40:00.000+0000,1002380.0823922248,783065.1810572089,999999.9999999999,1000910.5752927674,499654.96573085536,1000749.9359948479,1000749.9359948479
2025-03-23T09:50:00.000+0000,1002396.0750578488,783065.1810572089,999999.9999999999,1000918.6032552554,499654.96573085536,1000749.9359948479,1000749.9359948479
2025-03-23T10:00:00.000+0000,1002385.0032124168,783065.1810572089,999999.9999999999,1000913.0454350713,499654.96573085536,1000749.9359948479,1000749.9359948479
2025-03-23T10:10:00.000+0000,1002369.0105467929,783065.1810572089,999999.9999999999,1000905.0174725833,499654.96573085536,1000749.9359948479,1000749.9359948479
2025-03-23T10:20:00.000+0000,1002382.5428023208,783065.1810572089,999999.9999999999,1000911.8103639194,499654.96573085536,1000749.9359948479,1000749.9359948479
2025-03-23T10:30:00.000+0000,1002386.2334174649,783065.1810572089,999999.9999999999,1000913.6629706473,499654.96573085536,1000749.9359948479,1000749.9359948479
2025-03-23T10:40:00.000+0000,1002366.5501366968,783065.1810572089,999999.9999999999,1000903.7824014314,499654.96573085536,1000749.9359948479,1000749.9359948479
2025-03-23T10:50:00.000+0000,1002378.8521871768,783065.1810572089,999999.9999999999,1000909.9577571913,499654.96573085536,1000749.9359948479,1000749.9359948479
2025-03-23T11:00:00.000+0000,1002306.2700893448,783065.1810572089,999999.9999999999,1000873.5231582073,499654.96573085536,1000749.9359948479,1000749.9359948479
2025-03-23T11:10:00.000+0000,1002309.9607044889,783065.1810572089,999999.9999999999,1000875.3757649353,499654.96573085536,1000749.9359948479,1000749.9359948479
2025-03-23T11:20:00.000+0000,1002233.6879915128,783065.1810572089,999999.9999999999,1000837.0885592233,499654.96573085536,1000749.9359948479,1000749.9359948479
2025-03-23T11:30:00.000+0000,1002296.4284489609,783065.1810572089,999999.9999999999,1000868.5828735994,499654.96573085536,1000749.9359948479,1000749.9359948479
2025-03-23T11:40:00.000+0000,1002322.2627549688,783065.1810572089,999999.9999999999,1000881.5511206953,499654.96573085536,1000749.9359948479,1000749.9359948479
2025-03-23T11:50:00.000+0000,1002334.5648054489,783065.1810572089,999999.9999999999,1000887.7264764553,499654.96573085536,1000749.9359948479,1000749.9359948479
2025-03-23T12:00:00.000+0000,1002314.8815246809,783065.1810572089,999999.9999999999,1000877.8459072394,499654.96573085536,1000749.9359948479,1000749.9359948479
2025-03-23T12:10:00.000+0000,1002340.7158306888,783065.1810572089,999999.9999999999,1000890.8141543353,499654.96573085536,1000749.9359948479,1000749.9359948479
2025-03-23T12:20:00.000+0000,1002373.9313669848,783065.1810572089,999999.9999999999,1000907.4876148873,499654.96573085536,1000749.9359948479,1000749.9359948479
2025-03-23T12:30:00.000+0000,1002349.3272660249,783065.1810572089,999999.9999999999,1000895.1369033674,499654.96573085536,1000749.9359948479,1000749.9359948479
2025-03-23T12:40:00.000+0000,1002357.9387013608,783065.1810572089,999999.9999999999,1000899.4596523993,499654.96573085536,1000749.9359948479,1000749.9359948479
2025-03-23T12:50:00.000+0000,1002378.8521871768,783065.1810572089,999999.9999999999,1000909.9577571913,499654.96573085536,1000749.9359948479,1000749.9359948479
2025-03-23T13:00:00.000+0000,1002391.1542376569,783065.1810572089,999999.9999999999,1000916.1331129513,499654.96573085536,1000749.9359948479,1000749.9359948479
2025-03-23T13:10:00.000+0000,1002387.4636225129,783065.1810572089,999999.9999999999,1000914.2805062233,499654.96573085536,1000749.9359948479,1000749.9359948479
2025-03-23T13:20:00.000+0000,1002327.1835751608,783065.1810572089,999999.9999999999,1000884.0212629993,499654.96573085536,1000749.9359948479,1000749.9359948479
2025-03-23T13:30:00.000+0000,1002280.4357833369,783065.1810572089,999999.9999999999,1000860.5549111114,499654.96573085536,1000749.9359948479,1000749.9359948479
2025-03-23T13:40:00.000+0000,1002297.6586540089,783065.1810572089,999999.9999999999,1000869.2004091754,499654.96573085536,1000749.9359948479,1000749.9359948479
2025-03-23T13:50:00.000+0000,1002287.8170136248,783065.1810572089,999999.9999999999,1000864.2601245673,499654.96573085536,1000749.9359948479,1000749.9359948479
2025-03-23T14:00:00.000+0000,1002249.6806571368,783065.1810572089,999999.9999999999,1000845.1165217113,499654.96573085536,1000749.9359948479,1000749.9359948479
2025-03-23T14:10:00.000+0000,1002284.1263984808,783065.1810572089,999999.9999999999,1000862.4075178393,499654.96573085536,1000749.9359948479,1000749.9359948479
2025-03-23T14:20:00.000+0000,1002323.4929600168,783065.1810572089,999999.9999999999,1000882.1686562713,499654.96573085536,1000749.9359948479,1000749.9359948479
2025-03-23T14:30:00.000+0000,1002298.8888590569,783065.1810572089,999999.9999999999,1000869.8179447514,499654.96573085536,1000749.9359948479,1000749.9359948479
2025-03-23T14:40:00.000+0000,1002284.1263984808,783065.1810572089,999999.9999999999,1000862.4075178393,499654.96573085536,1000749.9359948479,1000749.9359948479
2025-03-23T14:50:00.000+0000,1002345.6366508808,783065.1810572089,999999.9999999999,1000893.2842966393,499654.96573085536,1000749.9359948479,1000749.9359948479
2025-03-23T15:00:00.000+0000,1002325.9533701128,783065.1810572089,999999.9999999999,1000883.4037274233,499654.96573085536,1000749.9359948479,1000749.9359948479
2025-03-23T15:10:00.000+0000,1002292.7378338168,783065.1810572089,999999.9999999999,1000866.7302668713,499654.96573085536,1000749.9359948479,1000749.9359948479
2025-03-23T15:20:00.000+0000,1002281.6659883849,783065.1810572089,999999.9999999999,1000861.1724466874,499654.96573085536,1000749.9359948479,1000749.9359948479
2025-03-23T15:30:00.000+0000,1002226.3067612249,783065.1810572089,999999.9999999999,1000833.3833457673,499654.96573085536,1000749.9359948479,1000749.9359948479
2025-03-23T15:40:00.000+0000,1002228.7671713209,783065.1810572089,999999.9999999999,1000834.6184169194,499654.96573085536,1000749.9359948479,1000749.9359948479
2025-03-23T15:50:00.000+0000,1002244.7598369449,783065.1810572089,999999.9999999999,1000842.6463794073,499654.96573085536,1000749.9359948479,1000749.9359948479
2025-03-23T16:00:00.000+0000,1002253.3712722808,783065.1810572089,999999.9999999999,1000846.9691284393,499654.96573085536,1000749.9359948479,1000749.9359948479
2025-03-23T16:10:00.000+0000,1002265.6733227608,783065.1810572089,999999.9999999999,1000853.1444841994,499654.96573085536,1000749.9359948479,1000749.9359948479
2025-03-23T16:20:00.000+0000,1002287.8170136248,783065.1810572089,999999.9999999999,1000864.2601245673,499654.96573085536,1000749.9359948479,1000749.9359948479
2025-03-23T16:30:00.000+0000,1002314.8815246809,783065.1810572089,999999.9999999999,1000877.8459072394,499654.96573085536,1000749.9359948479,1000749.9359948479
2025-03-23T16:40:00.000+0000,1002312.4211145849,783065.1810572089,999999.9999999999,1000876.6108360873,499654.96573085536,1000749.9359948479,1000749.9359948479
2025-03-23T16:50:00.000+0000,1002361.6293165048,783065.1810572089,999999.9999999999,1000901.3122591273,499654.96573085536,1000749.9359948479,1000749.9359948479
2025-03-23T17:00:00.000+0000,1002371.4709568889,783065.1810572089,999999.9999999999,1000906.2525437353,499654.96573085536,1000749.9359948479,1000749.9359948479
2025-03-23T17:10:00.000+0000,1002344.4064458328,783065.1810572089,999999.9999999999,1000892.6667610633,499654.96573085536,1000749.9359948479,1000749.9359948479
2025-03-23T17:20:00.000+0000,1002334.5648054489,783065.1810572089,999999.9999999999,1000887.7264764553,499654.96573085536,1000749.9359948479,1000749.9359948479
2025-03-23T17:30:00.000+0000,1002392.3844427048,783065.1810572089,999999.9999999999,1000916.7506485273,499654.96573085536,1000749.9359948479,1000749.9359948479
2025-03-23T17:40:00.000+0000,1002466.1967455848,783065.1810572089,999999.9999999999,1000953.8027830874,499654.96573085536,1000749.9359948479,1000749.9359948479
2025-03-23T17:50:00.000+0000,1002451.4342850088,783065.1810572089,999999.9999999999,1000946.3923561753,499654.96573085536,1000749.9359948479,1000749.9359948479
2025-03-23T18:00:00.000+0000,1002468.6571556808,783065.1810572089,999999.9999999999,1000955.0378542393,499654.96573085536,1000749.9359948479,1000749.9359948479
2025-03-23T18:10:00.000+0000,1002494.4914616889,783065.1810572089,999999.9999999999,1000968.0061013353,499654.96573085536,1000749.9359948479,1000749.9359948479
2025-03-23T18:20:00.000+0000,1002519.0955626488,783065.1810572089,999999.9999999999,1000980.3568128553,499654.96573085536,1000749.9359948479,1000749.9359948479
2025-03-23T18:30:00.000+0000,1002498.1820768329,783065.1810572089,999999.9999999999,1000969.8587080634,499654.96573085536,1000749.9359948479,1000749.9359948479
2025-03-23T18:40:00.000+0000,1002453.8946951048,783065.1810572089,999999.9999999999,1000947.6274273273,499654.96573085536,1000749.9359948479,1000749.9359948479
2025-03-23T18:50:00.000+0000,1002416.9885436648,783065.1810572089,999999.9999999999,1000929.1013600474,499654.96573085536,1000749.9359948479,1000749.9359948479
2025-03-23T19:00:00.000+0000,1002423.1395689049,783065.1810572089,999999.9999999999,1000932.1890379273,499654.96573085536,1000749.9359948479,1000749.9359948479
2025-03-23T19:10:00.000+0000,1002386.2334174649,783065.1810572089,999999.9999999999,1000913.6629706473,499654.96573085536,1000749.9359948479,1000749.9359948479
2025-03-23T19:20:00.000+0000,1002383.7730073689,783065.1810572089,999999.9999999999,1000912.4278994953,499654.96573085536,1000749.9359948479,1000749.9359948479
2025-03-23T19:30:00.000+0000,1002398.5354679448,783065.1810572089,999999.9999999999,1000919.8383264074,499654.96573085536,1000749.9359948479,1000749.9359948479
2025-03-23T19:40:00.000+0000,1002341.9460357368,783065.1810572089,999999.9999999999,1000891.4316899113,499654.96573085536,1000749.9359948479,1000749.9359948479
2025-03-23T19:50:00.000+0000,1002334.5648054489,783065.1810572089,999999.9999999999,1000887.7264764553,499654.96573085536,1000749.9359948479,1000749.9359948479
2025-03-23T20:00:00.000+0000,1002322.2627549688,783065.1810572089,999999.9999999999,1000881.5511206953,499654.96573085536,1000749.9359948479,1000749.9359948479
2025-03-23T20:10:00.000+0000,1002344.4064458328,783065.1810572089,999999.9999999999,1000892.6667610633,499654.96573085536,1000749.9359948479,1000749.9359948479
2025-03-23T20:20:00.000+0000,1002364.0897266008,783065.1810572089,999999.9999999999,1000902.5473302794,499654.96573085536,1000749.9359948479,1000749.9359948479
2025-03-23T20:30:00.000+0000,1002350.5574710729,783065.1810572089,999999.9999999999,1000895.7544389433,499654.96573085536,1000749.9359948479,1000749.9359948479
2025-03-23T20:40:00.000+0000,1002356.7084963128,783065.1810572089,999999.9999999999,1000898.8421168233,499654.96573085536,1000749.9359948479,1000749.9359948479
2025-03-23T20:50:00.000+0000,1002386.2334174649,783065.1810572089,999999.9999999999,1000913.6629706473,499654.96573085536,1000749.9359948479,1000749.9359948479
2025-03-23T21:00:00.000+0000,1002389.9240326089,783065.1810572089,999999.9999999999,1000915.5155773753,499654.96573085536,1000749.9359948479,1000749.9359948479
2025-03-23T21:10:00.000+0000,1002402.2260830889,783065.1810572089,999999.9999999999,1000921.6909331353,499654.96573085536,1000749.9359948479,1000749.9359948479
2025-03-23T21:20:00.000+0000,1002452.6644900568,783065.1810572089,999999.9999999999,1000947.0098917513,499654.96573085536,1000749.9359948479,1000749.9359948479
2025-03-23T21:30:00.000+0000,1002407.1469032809,783065.1810572089,999999.9999999999,1000924.1610754393,499654.96573085536,1000749.9359948479,1000749.9359948479
2025-03-23T21:40:00.000+0000,1002405.9166982329,783065.1810572089,999999.9999999999,1000923.5435398633,499654.96573085536,1000749.9359948479,1000749.9359948479
2025-03-23T21:50:00.000+0000,1002350.5574710729,783065.1810572089,999999.9999999999,1000895.7544389433,499654.96573085536,1000749.9359948479,1000749.9359948479
2025-03-23T22:00:00.000+0000,1002263.2129126649,783065.1810572089,999999.9999999999,1000851.9094130474,499654.96573085536,1000749.9359948479,1000749.9359948479
2025-03-23T22:10:00.000+0000,1002209.0838905529,783065.1810572089,999999.9999999999,1000824.7378477033,499654.96573085536,1000749.9359948479,1000749.9359948479
2025-03-23T22:20:00.000+0000,1002229.9973763688,783065.1810572089,999999.9999999999,1000835.2359524954,499654.96573085536,1000749.9359948479,1000749.9359948479
2025-03-23T22:30:00.000+0000,1002275.5149631449,783065.1810572089,999999.9999999999,1000858.0847688073,499654.96573085536,1000749.9359948479,1000749.9359948479
2025-03-23T22:40:00.000+0000,1002355.4782912649,783065.1810572089,999999.9999999999,1000898.2245812473,499654.96573085536,1000749.9359948479,1000749.9359948479
2025-03-23T22:50:00.000+0000,1002361.6293165048,783065.1810572089,999999.9999999999,1000901.3122591273,499654.96573085536,1000749.9359948479,1000749.9359948479
2025-03-23T23:00:00.000+0000,1002321.0325499208,783065.1810572089,999999.9999999999,1000880.9335851193,499654.96573085536,1000749.9359948479,1000749.9359948479
2025-03-23T23:10:00.000+0000,1002292.7378338168,783065.1810572089,999999.9999999999,1000866.7302668713,499654.96573085536,1000749.9359948479,1000749.9359948479
2025-03-23T23:20:00.000+0000,1002260.7525025689,783065.1810572089,999999.9999999999,1000850.6743418954,499654.96573085536,1000749.9359948479,1000749.9359948479
2025-03-23T23:30:00.000+0000,1002237.3786066568,783065.1810572089,999999.9999999999,1000838.9411659513,499654.96573085536,1000749.9359948479,1000749.9359948479
2025-03-23T23:40:00.000+0000,1002255.8316823768,783065.1810572089,999999.9999999999,1000848.2041995913,499654.96573085536,1000749.9359948479,1000749.9359948479
2025-03-23T23:50:00.000+0000,1002178.3287643528,783065.1810572089,999999.9999999999,1000809.2994583034,499654.96573085536,1000749.9359948479,1000749.9359948479
2025-03-24T00:00:00.000+0000,1002170.9475340649,783065.1810572089,999999.9999999999,1000805.5942448473,499654.96573085536,1000749.9359948479,1000749.9359948479
2025-03-24T00:10:00.000+0000,1002168.4871239688,783065.1810572089,999999.9999999999,1000804.3591736953,499654.96573085536,1000749.9359948479,1000749.9359948479
2025-03-24T00:20:00.000+0000,1002050.3874393608,783065.1810572089,999999.9999999999,1000745.0757583993,499654.96573085536,1000749.9359948479,1000749.9359948479
2025-03-24T00:30:00.000+0000,1001944.5898052328,783065.1810572089,999999.9999999999,1000691.9676988634,499654.96573085536,1000749.9359948479,1000749.9359948479
2025-03-24T00:40:00.000+0000,1002012.2510828729,783065.1810572089,999999.9999999999,1000725.9321555434,499654.96573085536,1000749.9359948479,1000749.9359948479
2025-03-24T00:50:00.000+0000,1002113.1278968088,783065.1810572089,999999.9999999999,1000776.5700727754,499654.96573085536,1000749.9359948479,1000749.9359948479
2025-03-24T01:00:00.000+0000,1002209.0838905529,783065.1810572089,999999.9999999999,1000824.7378477033,499654.96573085536,1000749.9359948479,1000749.9359948479
2025-03-24T01:10:00.000+0000,1002270.5941429528,783065.1810572089,999999.9999999999,1000855.6146265033,499654.96573085536,1000749.9359948479,1000749.9359948479
2025-03-24T01:20:00.000+0000,1002269.3639379048,783065.1810572089,999999.9999999999,1000854.9970909273,499654.96573085536,1000749.9359948479,1000749.9359948479
2025-03-24T01:30:00.000+0000,1002321.0325499208,783065.1810572089,999999.9999999999,1000880.9335851193,499654.96573085536,1000749.9359948479,1000749.9359948479
2025-03-24T01:40:00.000+0000,1002332.1043953529,783065.1810572089,999999.9999999999,1000886.4914053034,499654.96573085536,1000749.9359948479,1000749.9359948479
2025-03-24T01:50:00.000+0000,1002341.9460357368,783065.1810572089,999999.9999999999,1000891.4316899113,499654.96573085536,1000749.9359948479,1000749.9359948479
2025-03-24T02:00:00.000+0000,1002300.1190641049,783065.1810572089,999999.9999999999,1000870.4354803273,499654.96573085536,1000749.9359948479,1000749.9359948479
2025-03-24T02:10:00.000+0000,1002286.5868085768,783065.1810572089,999999.9999999999,1000863.6425889913,499654.96573085536,1000749.9359948479,1000749.9359948479
2025-03-24T02:20:00.000+0000,1002280.4357833369,783065.1810572089,999999.9999999999,1000860.5549111114,499654.96573085536,1000749.9359948479,1000749.9359948479
2025-03-24T02:30:00.000+0000,1002274.2847580968,783065.1810572089,999999.9999999999,1000857.4672332313,499654.96573085536,1000749.9359948479,1000749.9359948479
2025-03-24T02:40:00.000+0000,1002265.6733227608,783065.1810572089,999999.9999999999,1000853.1444841994,499654.96573085536,1000749.9359948479,1000749.9359948479
2025-03-24T02:50:00.000+0000,1002207.8536855049,783065.1810572089,999999.9999999999,1000824.1203121273,499654.96573085536,1000749.9359948479,1000749.9359948479
2025-03-24T03:00:00.000+0000,1002127.8903573848,783065.1810572089,999999.9999999999,1000783.9804996874,499654.96573085536,1000749.9359948479,1000749.9359948479
2025-03-24T03:10:00.000+0000,1001954.4314456169,783065.1810572089,999999.9999999999,1000696.9079834713,499654.96573085536,1000749.9359948479,1000749.9359948479
2025-03-24T03:20:00.000+0000,1001935.9783698969,783065.1810572089,999999.9999999999,1000687.6449498313,499654.96573085536,1000749.9359948479,1000749.9359948479
2025-03-24T03:30:00.000+0000,1002006.1000576329,783065.1810572089,999999.9999999999,1000722.8444776633,499654.96573085536,1000749.9359948479,1000749.9359948479
2025-03-24T03:40:00.000+0000,1002036.8551838328,783065.1810572089,999999.9999999999,1000738.2828670633,499654.96573085536,1000749.9359948479,1000749.9359948479
2025-03-24T03:50:00.000+0000,1002041.7760040248,783065.1810572089,999999.9999999999,1000740.7530093673,499654.96573085536,1000749.9359948479,1000749.9359948479
2025-03-24T04:00:00.000+0000,1001917.5252941769,783065.1810572089,999999.9999999999,1000678.3819161913,499654.96573085536,1000749.9359948479,1000749.9359948479
2025-03-24T04:10:00.000+0000,1001922.4461143689,783065.1810572089,999999.9999999999,1000680.8520584953,499654.96573085536,1000749.9359948479,1000749.9359948479
2025-03-24T04:20:00.000+0000,1001869.5472973048,783065.1810572089,999999.9999999999,1000654.2980287273,499654.96573085536,1000749.9359948479,1000749.9359948479
2025-03-24T04:30:00.000+0000,1001892.9211932168,783065.1810572089,999999.9999999999,1000666.0312046714,499654.96573085536,1000749.9359948479,1000749.9359948479
2025-03-24T04:40:00.000+0000,1001833.8713509128,783065.1810572089,999999.9999999999,1000636.3894970233,499654.96573085536,1000749.9359948479,1000749.9359948479
2025-03-24T04:50:00.000+0000,1001858.4754518729,783065.1810572089,999999.9999999999,1000648.7402085434,499654.96573085536,1000749.9359948479,1000749.9359948479
2025-03-24T05:00:00.000+0000,1001842.4827862489,783065.1810572089,999999.9999999999,1000640.7122460554,499654.96573085536,1000749.9359948479,1000749.9359948479
2025-03-24T05:10:00.000+0000,1001880.6191427369,783065.1810572089,999999.9999999999,1000659.8558489113,499654.96573085536,1000749.9359948479,1000749.9359948479
2025-03-24T05:20:00.000+0000,1001888.0003730248,783065.1810572089,999999.9999999999,1000663.5610623673,499654.96573085536,1000749.9359948479,1000749.9359948479
2025-03-24T05:30:00.000+0000,1001900.3024235049,783065.1810572089,999999.9999999999,1000669.7364181273,499654.96573085536,1000749.9359948479,1000749.9359948479
2025-03-24T05:40:00.000+0000,1001885.5399629289,783065.1810572089,999999.9999999999,1000662.3259912153,499654.96573085536,1000749.9359948479,1000749.9359948479
2025-03-24T05:50:00.000+0000,1001892.9211932168,783065.1810572089,999999.9999999999,1000666.0312046714,499654.96573085536,1000749.9359948479,1000749.9359948479
2025-03-24T06:00:00.000+0000,1001824.0297105289,783065.1810572089,999999.9999999999,1000631.4492124154,499654.96573085536,1000749.9359948479,1000749.9359948479
2025-03-24T06:10:00.000+0000,1001777.2819187049,783065.1810572089,999999.9999999999,1000607.9828605274,499654.96573085536,1000749.9359948479,1000749.9359948479
2025-03-24T06:20:00.000+0000,1001814.1880701449,783065.1810572089,999999.9999999999,1000626.5089278073,499654.96573085536,1000749.9359948479,1000749.9359948479
2025-03-24T06:30:00.000+0000,1001838.7921711048,783065.1810572089,999999.9999999999,1000638.8596393273,499654.96573085536,1000749.9359948479,1000749.9359948479
2025-03-24T06:40:00.000+0000,1001809.2672499529,783065.1810572089,999999.9999999999,1000624.0387855034,499654.96573085536,1000749.9359948479,1000749.9359948479
2025-03-24T06:50:00.000+0000,1001795.7349944249,783065.1810572089,999999.9999999999,1000617.2458941673,499654.96573085536,1000749.9359948479,1000749.9359948479
2025-03-24T07:00:00.000+0000,1001782.2027388968,783065.1810572089,999999.9999999999,1000610.4530028313,499654.96573085536,1000749.9359948479,1000749.9359948479
2025-03-24T07:10:00.000+0000,1001820.3390953848,783065.1810572089,999999.9999999999,1000629.5966056873,499654.96573085536,1000749.9359948479,1000749.9359948479
2025-03-24T07:20:00.000+0000,1001843.7129912968,783065.1810572089,999999.9999999999,1000641.3297816314,499654.96573085536,1000749.9359948479,1000749.9359948479
2025-03-24T07:30:00.000+0000,1001890.4607831208,783065.1810572089,999999.9999999999,1000664.7961335194,499654.96573085536,1000749.9359948479,1000749.9359948479
2025-03-24T07:40:00.000+0000,1001881.8493477849,783065.1810572089,999999.9999999999,1000660.4733844873,499654.96573085536,1000749.9359948479,1000749.9359948479
2025-03-24T07:50:00.000+0000,1001869.5472973048,783065.1810572089,999999.9999999999,1000654.2980287273,499654.96573085536,1000749.9359948479,1000749.9359948479
2025-03-24T08:00:00.000+0000,1001805.5766348089,783065.1810572089,999999.9999999999,1000622.1861787753,499654.96573085536,1000749.9359948479,1000749.9359948479
2025-03-24T08:10:00.000+0000,1001755.1382278409,783065.1810572089,999999.9999999999,1000596.8672201593,499654.96573085536,1000749.9359948479,1000749.9359948479
2025-03-24T08:20:00.000+0000,1001755.1382278409,783065.1810572089,999999.9999999999,1000596.8672201593,499654.96573085536,1000749.9359948479,1000749.9359948479
2025-03-24T08:30:00.000+0000,1001758.8288429849,783065.1810572089,999999.9999999999,1000598.7198268874,499654.96573085536,1000749.9359948479,1000749.9359948479
2025-03-24T08:40:00.000+0000,1001675.1748997208,783065.1810572089,999999.9999999999,1000556.7274077194,499654.96573085536,1000749.9359948479,1000749.9359948479
2025-03-24T08:50:00.000+0000,1001680.0957199128,783065.1810572089,999999.9999999999,1000559.1975500233,499654.96573085536,1000749.9359948479,1000749.9359948479
2025-03-24T09:00:00.000+0000,1001702.2394107769,783065.1810572089,999999.9999999999,1000570.3131903913,499654.96573085536,1000749.9359948479,1000749.9359948479
2025-03-24T09:10:00.000+0000,1001689.9373602968,783065.1810572089,999999.9999999999,1000564.1378346314,499654.96573085536,1000749.9359948479,1000749.9359948479
2025-03-24T09:20:00.000+0000,1001752.6778177449,783065.1810572089,999999.9999999999,1000595.6321490073,499654.96573085536,1000749.9359948479,1000749.9359948479
2025-03-24T09:30:00.000+0000,1001730.5341268808,783065.1810572089,999999.9999999999,1000584.5165086393,499654.96573085536,1000749.9359948479,1000749.9359948479
2025-03-24T09:40:00.000+0000,1001728.0737167848,783065.1810572089,999999.9999999999,1000583.2814374873,499654.96573085536,1000749.9359948479,1000749.9359948479
2025-03-24T09:50:00.000+0000,1001740.3757672649,783065.1810572089,999999.9999999999,1000589.4567932474,499654.96573085536,1000749.9359948479,1000749.9359948479
2025-03-24T10:00:00.000+0000,1001726.8435117368,783065.1810572089,999999.9999999999,1000582.6639019113,499654.96573085536,1000749.9359948479,1000749.9359948479
2025-03-24T10:10:00.000+0000,1001729.3039218328,783065.1810572089,999999.9999999999,1000583.8989730633,499654.96573085536,1000749.9359948479,1000749.9359948479
2025-03-24T10:20:00.000+0000,1001729.3039218328,783065.1810572089,999999.9999999999,1000583.8989730633,499654.96573085536,1000749.9359948479,1000749.9359948479
2025-03-24T10:30:00.000+0000,1001675.1748997208,783065.1810572089,999999.9999999999,1000556.7274077194,499654.96573085536,1000749.9359948479,1000749.9359948479
2025-03-24T10:40:00.000+0000,1001664.1030542889,783065.1810572089,999999.9999999999,1000551.1695875353,499654.96573085536,1000749.9359948479,1000749.9359948479
2025-03-24T10:50:00.000+0000,1001653.0312088568,783065.1810572089,999999.9999999999,1000545.6117673513,499654.96573085536,1000749.9359948479,1000749.9359948479
2025-03-24T11:00:00.000+0000,1001643.1895684728,783065.1810572089,999999.9999999999,1000540.6714827433,499654.96573085536,1000749.9359948479,1000749.9359948479
2025-03-24T11:10:00.000+0000,1001648.1103886649,783065.1810572089,999999.9999999999,1000543.1416250473,499654.96573085536,1000749.9359948479,1000749.9359948479
2025-03-24T11:20:00.000+0000,1001704.6998208729,783065.1810572089,999999.9999999999,1000571.5482615433,499654.96573085536,1000749.9359948479,1000749.9359948479
2025-03-24T11:30:00.000+0000,1001664.1030542889,783065.1810572089,999999.9999999999,1000551.1695875353,499654.96573085536,1000749.9359948479,1000749.9359948479
2025-03-24T11:40:00.000+0000,1001641.9593634248,783065.1810572089,999999.9999999999,1000540.0539471674,499654.96573085536,1000749.9359948479,1000749.9359948479
2025-03-24T11:50:00.000+0000,1001638.2687482808,783065.1810572089,999999.9999999999,1000538.2013404393,499654.96573085536,1000749.9359948479,1000749.9359948479
2025-03-24T12:00:00.000+0000,1001630.8875179929,783065.1810572089,999999.9999999999,1000534.4961269833,499654.96573085536,1000749.9359948479,1000749.9359948479
2025-03-24T12:10:00.000+0000,1001581.6793160728,783065.1810572089,999999.9999999999,1000509.7947039433,499654.96573085536,1000749.9359948479,1000749.9359948479
2025-03-24T12:20:00.000+0000,1001662.8728492409,783065.1810572089,999999.9999999999,1000550.5520519593,499654.96573085536,1000749.9359948479,1000749.9359948479
2025-03-24T12:30:00.000+0000,1001687.4769502009,783065.1810572089,999999.9999999999,1000562.9027634793,499654.96573085536,1000749.9359948479,1000749.9359948479
2025-03-24T12:40:00.000+0000,1001685.0165401049,783065.1810572089,999999.9999999999,1000561.6676923273,499654.96573085536,1000749.9359948479,1000749.9359948479
2025-03-24T12:50:00.000+0000,1001676.4051047688,783065.1810572089,999999.9999999999,1000557.3449432953,499654.96573085536,1000749.9359948479,1000749.9359948479
2025-03-24T13:00:00.000+0000,1001699.7790006809,783065.1810572089,999999.9999999999,1000569.0781192393,499654.96573085536,1000749.9359948479,1000749.9359948479
2025-03-24T13:10:00.000+0000,1001761.2892530808,783065.1810572089,999999.9999999999,1000599.9548980393,499654.96573085536,1000749.9359948479,1000749.9359948479
2025-03-24T13:20:00.000+0000,1001772.3610985129,783065.1810572089,999999.9999999999,1000605.5127182233,499654.96573085536,1000749.9359948479,1000749.9359948479
2025-03-24T13:30:00.000+0000,1001681.3259249609,783065.1810572089,999999.9999999999,1000559.8150855993,499654.96573085536,1000749.9359948479,1000749.9359948479
2025-03-24T13:40:00.000+0000,1001667.7936694329,783065.1810572089,999999.9999999999,1000553.0221942633,499654.96573085536,1000749.9359948479,1000749.9359948479
2025-03-24T13:50:00.000+0000,1001646.8801836169,783065.1810572089,999999.9999999999,1000542.5240894713,499654.96573085536,1000749.9359948479,1000749.9359948479
2025-03-24T14:00:00.000+0000,1001393.4579437289,783065.1810572089,999999.9999999999,1000415.3117608153,499654.96573085536,1000749.9359948479,1000749.9359948479
2025-03-24T14:10:00.000+0000,1000688.5504512249,783065.1810572089,999999.9999999999,1000061.4638757673,499654.96573085536,1000749.9359948479,1000749.9359948479
2025-03-24T14:20:00.000+0000,1000862.0093629928,783065.1810572089,999999.9999999999,1000148.5363919833,499654.96573085536,1000749.9359948479,1000749.9359948479
2025-03-24T14:30:00.000+0000,1001200.3157511929,783065.1810572089,999999.9999999999,1000318.3586753833,499654.96573085536,1000749.9359948479,1000749.9359948479
2025-03-24T14:40:00.000+0000,1000981.3392526489,783065.1810572089,999999.9999999999,1000208.4373428554,499654.96573085536,1000749.9359948479,1000749.9359948479
2025-03-24T14:50:00.000+0000,1001002.2527384649,783065.1810572089,999999.9999999999,1000218.9354476474,499654.96573085536,1000749.9359948479,1000749.9359948479
2025-03-24T15:00:00.000+0000,1000891.5342841449,783065.1810572089,999999.9999999999,1000163.3572458073,499654.96573085536,1000749.9359948479,1000749.9359948479
2025-03-24T15:10:00.000+0000,1000812.8011610729,783065.1810572089,999999.9999999999,1000123.8349689434,499654.96573085536,1000749.9359948479,1000749.9359948479
2025-03-24T15:20:00.000+0000,1000812.8011610729,783065.1810572089,999999.9999999999,1000123.8349689434,499654.96573085536,1000749.9359948479,1000749.9359948479
2025-03-24T15:30:00.000+0000,1000953.0445365448,783065.1810572089,999999.9999999999,1000194.2340246073,499654.96573085536,1000749.9359948479,1000749.9359948479
2025-03-24T15:40:00.000+0000,1000811.5709560248,783065.1810572089,999999.9999999999,1000123.2174333673,499654.96573085536,1000749.9359948479,1000749.9359948479
2025-03-24T15:50:00.000+0000,1000850.9375175608,783065.1810572089,999999.9999999999,1000142.9785717994,499654.96573085536,1000749.9359948479,1000749.9359948479
2025-03-24T16:00:00.000+0000,1000714.3847572329,783065.1810572089,999999.9999999999,1000074.4321228634,499654.96573085536,1000749.9359948479,1000749.9359948479
2025-03-24T16:10:00.000+0000,1000756.2117288648,783065.1810572089,999999.9999999999,1000095.4283324473,499654.96573085536,1000749.9359948479,1000749.9359948479
2025-03-24T16:20:00.000+0000,1000914.9081800568,783065.1810572089,999999.9999999999,1000175.0904217514,499654.96573085536,1000749.9359948479,1000749.9359948479
2025-03-24T16:30:00.000+0000,1001088.3670918249,783065.1810572089,999999.9999999999,1000262.1629379673,499654.96573085536,1000749.9359948479,1000749.9359948479
2025-03-24T16:40:00.000+0000,1001073.6046312489,783065.1810572089,999999.9999999999,1000254.7525110553,499654.96573085536,1000749.9359948479,1000749.9359948479
2025-03-24T16:50:00.000+0000,1001069.9140161049,783065.1810572089,999999.9999999999,1000252.8999043274,499654.96573085536,1000749.9359948479,1000749.9359948479
2025-03-24T17:00:00.000+0000,1000981.3392526489,783065.1810572089,999999.9999999999,1000208.4373428554,499654.96573085536,1000749.9359948479,1000749.9359948479
2025-03-24T17:10:00.000+0000,1000935.8216658728,783065.1810572089,999999.9999999999,1000185.5885265433,499654.96573085536,1000749.9359948479,1000749.9359948479
2025-03-24T17:20:00.000+0000,1000887.8436690008,783065.1810572089,999999.9999999999,1000161.5046390793,499654.96573085536,1000749.9359948479,1000749.9359948479
2025-03-24T17:30:00.000+0000,1000886.6134639529,783065.1810572089,999999.9999999999,1000160.8871035033,499654.96573085536,1000749.9359948479,1000749.9359948479
2025-03-24T17:40:00.000+0000,1000923.5196153929,783065.1810572089,999999.9999999999,1000179.4131707833,499654.96573085536,1000749.9359948479,1000749.9359948479
2025-03-24T17:50:00.000+0000,1000892.7644891929,783065.1810572089,999999.9999999999,1000163.9747813833,499654.96573085536,1000749.9359948479,1000749.9359948479
2025-03-24T18:00:00.000+0000,1000898.9155144328,783065.1810572089,999999.9999999999,1000167.0624592634,499654.96573085536,1000749.9359948479,1000749.9359948479
2025-03-24T18:10:00.000+0000,1000857.0885428009,783065.1810572089,999999.9999999999,1000146.0662496793,499654.96573085536,1000749.9359948479,1000749.9359948479
2025-03-24T18:20:00.000+0000,1000827.5636216488,783065.1810572089,999999.9999999999,1000131.2453958553,499654.96573085536,1000749.9359948479,1000749.9359948479
2025-03-24T18:30:00.000+0000,1000774.6648045848,783065.1810572089,999999.9999999999,1000104.6913660873,499654.96573085536,1000749.9359948479,1000749.9359948479
2025-03-24T18:40:00.000+0000,1000691.0108613209,783065.1810572089,999999.9999999999,1000062.6989469193,499654.96573085536,1000749.9359948479,1000749.9359948479
2025-03-24T18:50:00.000+0000,1000355.1648832168,783065.1810572089,999999.9999999999,999894.1117346713,499654.96573085536,1000749.9359948479,1000749.9359948479
2025-03-24T19:00:00.000+0000,1000271.5109399528,783065.1810572089,999999.9999999999,999852.1193155033,499654.96573085536,1000749.9359948479,1000749.9359948479
2025-03-24T19:10:00.000+0000,1000239.5256087049,783065.1810572089,999999.9999999999,999836.0633905273,499654.96573085536,1000749.9359948479,1000749.9359948479
2025-03-24T19:20:00.000+0000,1000241.9860188009,783065.1810572089,999999.9999999999,999837.2984616794,499654.96573085536,1000749.9359948479,1000749.9359948479
2025-03-24T19:30:00.000+0000,1000384.6898043689,783065.1810572089,999999.9999999999,999908.9325884953,499654.96573085536,1000749.9359948479,1000749.9359948479
2025-03-24T19:40:00.000+0000,1000468.3437476328,783065.1810572089,999999.9999999999,999950.9250076633,499654.96573085536,1000749.9359948479,1000749.9359948479
2025-03-24T19:50:00.000+0000,1000444.9698517208,783065.1810572089,999999.9999999999,999939.1918317194,499654.96573085536,1000749.9359948479,1000749.9359948479
2025-03-24T20:00:00.000+0000,1000264.1297096648,783065.1810572089,999999.9999999999,999848.4141020473,499654.96573085536,1000749.9359948479,1000749.9359948479
2025-03-24T20:10:00.000+0000,1000166.9435108728,783065.1810572089,999999.9999999999,999799.6287915433,499654.96573085536,1000749.9359948479,1000749.9359948479
2025-03-24T20:20:00.000+0000,1000292.4244257689,783065.1810572089,999999.9999999999,999862.6174202954,499654.96573085536,1000749.9359948479,1000749.9359948479
2025-03-24T20:30:00.000+0000,1000360.0857034088,783065.1810572089,999999.9999999999,999896.5818769754,499654.96573085536,1000749.9359948479,1000749.9359948479
2025-03-24T20:40:00.000+0000,1000478.1853880169,783065.1810572089,999999.9999999999,999955.8652922714,499654.96573085536,1000749.9359948479,1000749.9359948479
2025-03-24T20:50:00.000+0000,1000558.1487161368,783065.1810572089,999999.9999999999,999996.0051047113,499654.96573085536,1000749.9359948479,1000749.9359948479
2025-03-24T21:00:00.000+0000,1000547.0768707049,783065.1810572089,999999.9999999999,999990.4472845274,499654.96573085536,1000749.9359948479,1000749.9359948479
2025-03-24T21:10:00.000+0000,1000582.7528170969,783065.1810572089,999999.9999999999,1000008.3558162313,499654.96573085536,1000749.9359948479,1000749.9359948479
2025-03-24T21:20:00.000+0000,1000510.1707192648,783065.1810572089,999999.9999999999,999971.9212172474,499654.96573085536,1000749.9359948479,1000749.9359948479
2025-03-24T21:30:00.000+0000,1000515.0915394569,783065.1810572089,999999.9999999999,999974.3913595513,499654.96573085536,1000749.9359948479,1000749.9359948479
2025-03-24T21:40:00.000+0000,1000548.3070757529,783065.1810572089,999999.9999999999,999991.0648201033,499654.96573085536,1000749.9359948479,1000749.9359948479
2025-03-24T21:50:00.000+0000,1000556.9185110888,783065.1810572089,999999.9999999999,999995.3875691353,499654.96573085536,1000749.9359948479,1000749.9359948479
2025-03-24T22:00:00.000+0000,1000532.3144101289,783065.1810572089,999999.9999999999,999983.0368576153,499654.96573085536,1000749.9359948479,1000749.9359948479
2025-03-24T22:10:00.000+0000,1000638.1120442569,783065.1810572089,999999.9999999999,1000036.1449171513,499654.96573085536,1000749.9359948479,1000749.9359948479
2025-03-24T22:20:00.000+0000,1000694.7014764649,783065.1810572089,999999.9999999999,1000064.5515536473,499654.96573085536,1000749.9359948479,1000749.9359948479
2025-03-24T22:30:00.000+0000,1000751.2909086728,783065.1810572089,999999.9999999999,1000092.9581901433,499654.96573085536,1000749.9359948479,1000749.9359948479
2025-03-24T22:40:00.000+0000,1000732.8378329528,783065.1810572089,999999.9999999999,1000083.6951565034,499654.96573085536,1000749.9359948479,1000749.9359948479
2025-03-24T22:50:00.000+0000,1000826.3334166008,783065.1810572089,999999.9999999999,1000130.6278602793,499654.96573085536,1000749.9359948479,1000749.9359948479
2025-03-24T23:00:00.000+0000,1000805.4199307848,783065.1810572089,999999.9999999999,1000120.1297554873,499654.96573085536,1000749.9359948479,1000749.9359948479
2025-03-24T23:10:00.000+0000,1000875.5416185209,783065.1810572089,999999.9999999999,1000155.3292833193,499654.96573085536,1000749.9359948479,1000749.9359948479
2025-03-24T23:20:00.000+0000,1000927.2102305369,783065.1810572089,999999.9999999999,1000181.2657775113,499654.96573085536,1000749.9359948479,1000749.9359948479
2025-03-24T23:30:00.000+0000,1000961.6559718809,783065.1810572089,999999.9999999999,1000198.5567736393,499654.96573085536,1000749.9359948479,1000749.9359948479
2025-03-24T23:40:00.000+0000,1000959.1955617848,783065.1810572089,999999.9999999999,1000197.3217024873,499654.96573085536,1000749.9359948479,1000749.9359948479
2025-03-24T23:50:00.000+0000,1000893.9946942409,783065.1810572089,999999.9999999999,1000164.5923169593,499654.96573085536,1000749.9359948479,1000749.9359948479
2025-03-25T00:00:00.000+0000,1000905.0665396729,783065.1810572089,999999.9999999999,1000170.1501371433,499654.96573085536,1000749.9359948479,1000749.9359948479
2025-03-25T00:10:00.000+0000,1000784.5064449689,783065.1810572089,999999.9999999999,1000109.6316506953,499654.96573085536,1000749.9359948479,1000749.9359948479
2025-03-25T00:20:00.000+0000,1000748.8304985769,783065.1810572089,999999.9999999999,1000091.7231189914,499654.96573085536,1000749.9359948479,1000749.9359948479
2025-03-25T00:30:00.000+0000,1000598.7454827209,783065.1810572089,999999.9999999999,1000016.3837787193,499654.96573085536,1000749.9359948479,1000749.9359948479
2025-03-25T00:40:00.000+0000,1000459.7323122969,783065.1810572089,999999.9999999999,999946.6022586313,499654.96573085536,1000749.9359948479,1000749.9359948479
2025-03-25T00:50:00.000+0000,1000447.4302618168,783065.1810572089,999999.9999999999,999940.4269028713,499654.96573085536,1000749.9359948479,1000749.9359948479
2025-03-25T01:00:00.000+0000,1000540.9258454648,783065.1810572089,999999.9999999999,999987.3596066473,499654.96573085536,1000749.9359948479,1000749.9359948479
2025-03-25T01:10:00.000+0000,1000538.4654353688,783065.1810572089,999999.9999999999,999986.1245354953,499654.96573085536,1000749.9359948479,1000749.9359948479
2025-03-25T01:20:00.000+0000,1000590.1340473848,783065.1810572089,999999.9999999999,1000012.0610296873,499654.96573085536,1000749.9359948479,1000749.9359948479
2025-03-25T01:30:00.000+0000,1000721.7659875208,783065.1810572089,999999.9999999999,1000078.1373363193,499654.96573085536,1000749.9359948479,1000749.9359948479
2025-03-25T01:40:00.000+0000,1000639.3422493049,783065.1810572089,999999.9999999999,1000036.7624527273,499654.96573085536,1000749.9359948479,1000749.9359948479
2025-03-25T01:50:00.000+0000,1000586.4434322409,783065.1810572089,999999.9999999999,1000010.2084229593,499654.96573085536,1000749.9359948479,1000749.9359948479
2025-03-25T02:00:00.000+0000,1000570.4507666169,783065.1810572089,999999.9999999999,1000002.1804604713,499654.96573085536,1000749.9359948479,1000749.9359948479
2025-03-25T02:10:00.000+0000,1000576.6017918568,783065.1810572089,999999.9999999999,1000005.2681383514,499654.96573085536,1000749.9359948479,1000749.9359948479
2025-03-25T02:20:00.000+0000,1000547.0768707049,783065.1810572089,999999.9999999999,999990.4472845274,499654.96573085536,1000749.9359948479,1000749.9359948479
2025-03-25T02:30:00.000+0000,1000406.8334952329,783065.1810572089,999999.9999999999,999920.0482288633,499654.96573085536,1000749.9359948479,1000749.9359948479
2025-03-25T02:40:00.000+0000,1000436.3584163848,783065.1810572089,999999.9999999999,999934.8690826873,499654.96573085536,1000749.9359948479,1000749.9359948479
2025-03-25T02:50:00.000+0000,1000478.1853880169,783065.1810572089,999999.9999999999,999955.8652922714,499654.96573085536,1000749.9359948479,1000749.9359948479
2025-03-25T03:00:00.000+0000,1000579.0622019528,783065.1810572089,999999.9999999999,1000006.5032095034,499654.96573085536,1000749.9359948479,1000749.9359948479
2025-03-25T03:10:00.000+0000,1000581.5226120489,783065.1810572089,999999.9999999999,1000007.7382806554,499654.96573085536,1000749.9359948479,1000749.9359948479
2025-03-25T03:20:00.000+0000,1000735.2982430488,783065.1810572089,999999.9999999999,1000084.9302276553,499654.96573085536,1000749.9359948479,1000749.9359948479
2025-03-25T03:30:00.000+0000,1000722.9961925689,783065.1810572089,999999.9999999999,1000078.7548718953,499654.96573085536,1000749.9359948479,1000749.9359948479
2025-03-25T03:40:00.000+0000,1000986.2600728408,783065.1810572089,999999.9999999999,1000210.9074851593,499654.96573085536,1000749.9359948479,1000749.9359948479
2025-03-25T03:50:00.000+0000,1001025.6266343768,783065.1810572089,999999.9999999999,1000230.6686235913,499654.96573085536,1000749.9359948479,1000749.9359948479
2025-03-25T04:00:00.000+0000,1000976.4184324569,783065.1810572089,999999.9999999999,1000205.9672005513,499654.96573085536,1000749.9359948479,1000749.9359948479
2025-03-25T04:10:00.000+0000,1000934.5914608248,783065.1810572089,999999.9999999999,1000184.9709909674,499654.96573085536,1000749.9359948479,1000749.9359948479
2025-03-25T04:20:00.000+0000,1000905.0665396729,783065.1810572089,999999.9999999999,1000170.1501371433,499654.96573085536,1000749.9359948479,1000749.9359948479
2025-03-25T04:30:00.000+0000,1000938.2820759688,783065.1810572089,999999.9999999999,1000186.8235976953,499654.96573085536,1000749.9359948479,1000749.9359948479
2025-03-25T04:40:00.000+0000,1000893.9946942409,783065.1810572089,999999.9999999999,1000164.5923169593,499654.96573085536,1000749.9359948479,1000749.9359948479
2025-03-25T04:50:00.000+0000,1000908.7571548169,783065.1810572089,999999.9999999999,1000172.0027438713,499654.96573085536,1000749.9359948479,1000749.9359948479
2025-03-25T05:00:00.000+0000,1000898.9155144328,783065.1810572089,999999.9999999999,1000167.0624592634,499654.96573085536,1000749.9359948479,1000749.9359948479
2025-03-25T05:10:00.000+0000,1000935.8216658728,783065.1810572089,999999.9999999999,1000185.5885265433,499654.96573085536,1000749.9359948479,1000749.9359948479
2025-03-25T05:20:00.000+0000,1000826.3334166008,783065.1810572089,999999.9999999999,1000130.6278602793,499654.96573085536,1000749.9359948479,1000749.9359948479
2025-03-25T05:30:00.000+0000,1000724.2263976168,783065.1810572089,999999.9999999999,1000079.3724074713,499654.96573085536,1000749.9359948479,1000749.9359948479
2025-03-25T05:40:00.000+0000,1000686.0900411288,783065.1810572089,999999.9999999999,1000060.2288046153,499654.96573085536,1000749.9359948479,1000749.9359948479
2025-03-25T05:50:00.000+0000,1000654.1047098809,783065.1810572089,999999.9999999999,1000044.1728796393,499654.96573085536,1000749.9359948479,1000749.9359948479
2025-03-25T06:00:00.000+0000,1000654.1047098809,783065.1810572089,999999.9999999999,1000044.1728796393,499654.96573085536,1000749.9359948479,1000749.9359948479
2025-03-25T06:10:00.000+0000,1000641.8026594009,783065.1810572089,999999.9999999999,1000037.9975238793,499654.96573085536,1000749.9359948479,1000749.9359948479
2025-03-25T06:20:00.000+0000,1000751.2909086728,783065.1810572089,999999.9999999999,1000092.9581901433,499654.96573085536,1000749.9359948479,1000749.9359948479
2025-03-25T06:30:00.000+0000,1000731.6076279049,783065.1810572089,999999.9999999999,1000083.0776209274,499654.96573085536,1000749.9359948479,1000749.9359948479
2025-03-25T06:40:00.000+0000,1000735.2982430488,783065.1810572089,999999.9999999999,1000084.9302276553,499654.96573085536,1000749.9359948479,1000749.9359948479
2025-03-25T06:50:00.000+0000,1000859.5489528968,783065.1810572089,999999.9999999999,1000147.3013208313,499654.96573085536,1000749.9359948479,1000749.9359948479
2025-03-25T07:00:00.000+0000,1000780.8158298249,783065.1810572089,999999.9999999999,1000107.7790439674,499654.96573085536,1000749.9359948479,1000749.9359948479
2025-03-25T07:10:00.000+0000,1000785.7366500169,783065.1810572089,999999.9999999999,1000110.2491862713,499654.96573085536,1000749.9359948479,1000749.9359948479
2025-03-25T07:20:00.000+0000,1000790.6574702088,783065.1810572089,999999.9999999999,1000112.7193285753,499654.96573085536,1000749.9359948479,1000749.9359948479
2025-03-25T07:30:00.000+0000,1000831.2542367929,783065.1810572089,999999.9999999999,1000133.0980025834,499654.96573085536,1000749.9359948479,1000749.9359948479
2025-03-25T07:40:00.000+0000,1000938.2820759688,783065.1810572089,999999.9999999999,1000186.8235976953,499654.96573085536,1000749.9359948479,1000749.9359948479
2025-03-25T07:50:00.000+0000,1000903.8363346248,783065.1810572089,999999.9999999999,1000169.5326015673,499654.96573085536,1000749.9359948479,1000749.9359948479
2025-03-25T08:00:00.000+0000,1000832.4844418408,783065.1810572089,999999.9999999999,1000133.7155381594,499654.96573085536,1000749.9359948479,1000749.9359948479
2025-03-25T08:10:00.000+0000,1000846.0166973688,783065.1810572089,999999.9999999999,1000140.5084294954,499654.96573085536,1000749.9359948479,1000749.9359948479
2025-03-25T08:20:00.000+0000,1000782.0460348729,783065.1810572089,999999.9999999999,1000108.3965795434,499654.96573085536,1000749.9359948479,1000749.9359948479
2025-03-25T08:30:00.000+0000,1000746.3700884809,783065.1810572089,999999.9999999999,1000090.4880478394,499654.96573085536,1000749.9359948479,1000749.9359948479
2025-03-25T08:40:00.000+0000,1000732.8378329528,783065.1810572089,999999.9999999999,1000083.6951565034,499654.96573085536,1000749.9359948479,1000749.9359948479
2025-03-25T08:50:00.000+0000,1000718.0753723768,783065.1810572089,999999.9999999999,1000076.2847295913,499654.96573085536,1000749.9359948479,1000749.9359948479
2025-03-25T09:00:00.000+0000,1000742.6794733368,783065.1810572089,999999.9999999999,1000088.6354411113,499654.96573085536,1000749.9359948479,1000749.9359948479
2025-03-25T09:10:00.000+0000,1000775.8950096328,783065.1810572089,999999.9999999999,1000105.3089016633,499654.96573085536,1000749.9359948479,1000749.9359948479
2025-03-25T09:20:00.000+0000,1000691.0108613209,783065.1810572089,999999.9999999999,1000062.6989469193,499654.96573085536,1000749.9359948479,1000749.9359948479
2025-03-25T09:30:00.000+0000,1000613.5079432968,783065.1810572089,999999.9999999999,1000023.7942056314,499654.96573085536,1000749.9359948479,1000749.9359948479
2025-03-25T09:40:00.000+0000,1000537.2352303208,783065.1810572089,999999.9999999999,999985.5069999193,499654.96573085536,1000749.9359948479,1000749.9359948479
2025-03-25T09:50:00.000+0000,1000500.3290788808,783065.1810572089,999999.9999999999,999966.9809326393,499654.96573085536,1000749.9359948479,1000749.9359948479
2025-03-25T10:00:00.000+0000,1000576.6017918568,783065.1810572089,999999.9999999999,1000005.2681383514,499654.96573085536,1000749.9359948479,1000749.9359948479
2025-03-25T10:10:00.000+0000,1000641.8026594009,783065.1810572089,999999.9999999999,1000037.9975238793,499654.96573085536,1000749.9359948479,1000749.9359948479
2025-03-25T10:20:00.000+0000,1000549.5372808009,783065.1810572089,999999.9999999999,999991.6823556793,499654.96573085536,1000749.9359948479,1000749.9359948479
2025-03-25T10:30:00.000+0000,1000523.7029747928,783065.1810572089,999999.9999999999,999978.7141085833,499654.96573085536,1000749.9359948479,1000749.9359948479
2025-03-25T10:40:00.000+0000,1000437.5886214329,783065.1810572089,999999.9999999999,999935.4866182633,499654.96573085536,1000749.9359948479,1000749.9359948479
2025-03-25T10:50:00.000+0000,1000495.4082586889,783065.1810572089,999999.9999999999,999964.5107903354,499654.96573085536,1000749.9359948479,1000749.9359948479
2025-03-25T11:00:00.000+0000,1000469.5739526808,783065.1810572089,999999.9999999999,999951.5425432393,499654.96573085536,1000749.9359948479,1000749.9359948479
2025-03-25T11:10:00.000+0000,1000486.7968233528,783065.1810572089,999999.9999999999,999960.1880413033,499654.96573085536,1000749.9359948479,1000749.9359948479
2025-03-25T11:20:00.000+0000,1000480.6457981128,783065.1810572089,999999.9999999999,999957.1003634233,499654.96573085536,1000749.9359948479,1000749.9359948479
2025-03-25T11:30:00.000+0000,1000419.1355457129,783065.1810572089,999999.9999999999,999926.2235846233,499654.96573085536,1000749.9359948479,1000749.9359948479
2025-03-25T11:40:00.000+0000,1000467.1135425848,783065.1810572089,999999.9999999999,999950.3074720873,499654.96573085536,1000749.9359948479,1000749.9359948479
2025-03-25T11:50:00.000+0000,1000443.7396466729,783065.1810572089,999999.9999999999,999938.5742961434,499654.96573085536,1000749.9359948479,1000749.9359948479
2025-03-25T12:00:00.000+0000,1000515.0915394569,783065.1810572089,999999.9999999999,999974.3913595513,499654.96573085536,1000749.9359948479,1000749.9359948479
2025-03-25T12:10:00.000+0000,1000520.0123596488,783065.1810572089,999999.9999999999,999976.8615018553,499654.96573085536,1000749.9359948479,1000749.9359948479
2025-03-25T12:20:00.000+0000,1000488.0270284008,783065.1810572089,999999.9999999999,999960.8055768793,499654.96573085536,1000749.9359948479,1000749.9359948479
2025-03-25T12:30:00.000+0000,1000447.4302618168,783065.1810572089,999999.9999999999,999940.4269028713,499654.96573085536,1000749.9359948479,1000749.9359948479
2025-03-25T12:40:00.000+0000,1000582.7528170969,783065.1810572089,999999.9999999999,1000008.3558162313,499654.96573085536,1000749.9359948479,1000749.9359948479
2025-03-25T12:50:00.000+0000,1000617.1985584409,783065.1810572089,999999.9999999999,1000025.6468123593,499654.96573085536,1000749.9359948479,1000749.9359948479
2025-03-25T13:00:00.000+0000,1000609.8173281528,783065.1810572089,999999.9999999999,1000021.9415989033,499654.96573085536,1000749.9359948479,1000749.9359948479
2025-03-25T13:10:00.000+0000,1000374.8481639848,783065.1810572089,999999.9999999999,999903.9923038874,499654.96573085536,1000749.9359948479,1000749.9359948479
2025-03-25T13:20:00.000+0000,1000282.5827853848,783065.1810572089,999999.9999999999,999857.6771356873,499654.96573085536,1000749.9359948479,1000749.9359948479
2025-03-25T13:30:00.000+0000,1000169.4039209689,783065.1810572089,999999.9999999999,999800.8638626953,499654.96573085536,1000749.9359948479,1000749.9359948479
2025-03-25T13:40:00.000+0000,1000329.3305772089,783065.1810572089,999999.9999999999,999881.1434875753,499654.96573085536,1000749.9359948479,1000749.9359948479
2025-03-25T13:50:00.000+0000,1000357.6252933128,783065.1810572089,999999.9999999999,999895.3468058233,499654.96573085536,1000749.9359948479,1000749.9359948479
2025-03-25T14:00:00.000+0000,1000276.4317601449,783065.1810572089,999999.9999999999,999854.5894578074,499654.96573085536,1000749.9359948479,1000749.9359948479
2025-03-25T14:10:00.000+0000,1000205.0798673609,783065.1810572089,999999.9999999999,999818.7723943993,499654.96573085536,1000749.9359948479,1000749.9359948479
2025-03-25T14:20:00.000+0000,1000184.1663815449,783065.1810572089,999999.9999999999,999808.2742896073,499654.96573085536,1000749.9359948479,1000749.9359948479
2025-03-25T14:30:00.000+0000,1000134.9581796249,783065.1810572089,999999.9999999999,999783.5728665673,499654.96573085536,1000749.9359948479,1000749.9359948479
2025-03-25T14:40:00.000+0000,999881.5359397369,783065.1810572089,999999.9999999999,999656.3605379113,499654.96573085536,1000749.9359948479,1000749.9359948479
2025-03-25T14:50:00.000+0000,999815.1048671448,783065.1810572089,999999.9999999999,999623.0136168073,499654.96573085536,1000749.9359948479,1000749.9359948479
2025-03-25T15:00:00.000+0000,999615.8116493688,783065.1810572089,999999.9999999999,999522.9728534953,499654.96573085536,1000749.9359948479,1000749.9359948479
2025-03-25T15:10:00.000+0000,999693.3145673928,783065.1810572089,999999.9999999999,999561.8775947833,499654.96573085536,1000749.9359948479,1000749.9359948479
2025-03-25T15:20:00.000+0000,999864.3130690649,783065.1810572089,999999.9999999999,999647.7150398473,499654.96573085536,1000749.9359948479,1000749.9359948479
2025-03-25T15:30:00.000+0000,999859.3922488729,783065.1810572089,999999.9999999999,999645.2448975433,499654.96573085536,1000749.9359948479,1000749.9359948479
2025-03-25T15:40:00.000+0000,999784.3497409448,783065.1810572089,999999.9999999999,999607.5752274073,499654.96573085536,1000749.9359948479,1000749.9359948479
2025-03-25T15:50:00.000+0000,999872.9245044008,783065.1810572089,999999.9999999999,999652.0377888794,499654.96573085536,1000749.9359948479,1000749.9359948479
2025-03-25T16:00:00.000+0000,999866.7734791609,783065.1810572089,999999.9999999999,999648.9501109993,499654.96573085536,1000749.9359948479,1000749.9359948479
2025-03-25T16:10:00.000+0000,999810.1840469529,783065.1810572089,999999.9999999999,999620.5434745033,499654.96573085536,1000749.9359948479,1000749.9359948479
2025-03-25T16:20:00.000+0000,999931.9743467048,783065.1810572089,999999.9999999999,999681.6794965273,499654.96573085536,1000749.9359948479,1000749.9359948479
2025-03-25T16:30:00.000+0000,1000091.9010029449,783065.1810572089,999999.9999999999,999761.9591214074,499654.96573085536,1000749.9359948479,1000749.9359948479
2025-03-25T16:40:00.000+0000,1000093.1312079928,783065.1810572089,999999.9999999999,999762.5766569834,499654.96573085536,1000749.9359948479,1000749.9359948479
2025-03-25T16:50:00.000+0000,1000041.4625959769,783065.1810572089,999999.9999999999,999736.6401627914,499654.96573085536,1000749.9359948479,1000749.9359948479
2025-03-25T17:00:00.000+0000,999866.7734791609,783065.1810572089,999999.9999999999,999648.9501109993,499654.96573085536,1000749.9359948479,1000749.9359948479
2025-03-25T17:10:00.000+0000,999824.9465075289,783065.1810572089,999999.9999999999,999627.9539014153,499654.96573085536,1000749.9359948479,1000749.9359948479
2025-03-25T17:20:00.000+0000,999834.7881479128,783065.1810572089,999999.9999999999,999632.8941860233,499654.96573085536,1000749.9359948479,1000749.9359948479
2025-03-25T17:30:00.000+0000,999768.3570753208,783065.1810572089,999999.9999999999,999599.5472649194,499654.96573085536,1000749.9359948479,1000749.9359948479
2025-03-25T17:40:00.000+0000,999652.7178008088,783065.1810572089,999999.9999999999,999541.4989207754,499654.96573085536,1000749.9359948479,1000749.9359948479
2025-03-25T17:50:00.000+0000,999746.2133844568,783065.1810572089,999999.9999999999,999588.4316245513,499654.96573085536,1000749.9359948479,1000749.9359948479
2025-03-25T18:00:00.000+0000,999649.0271856649,783065.1810572089,999999.9999999999,999539.6463140473,499654.96573085536,1000749.9359948479,1000749.9359948479
2025-03-25T18:10:00.000+0000,999674.8614916728,783065.1810572089,999999.9999999999,999552.6145611433,499654.96573085536,1000749.9359948479,1000749.9359948479
2025-03-25T18:20:00.000+0000,999698.2353875849,783065.1810572089,999999.9999999999,999564.3477370873,499654.96573085536,1000749.9359948479,1000749.9359948479
2025-03-25T18:30:00.000+0000,999682.2427219609,783065.1810572089,999999.9999999999,999556.3197745993,499654.96573085536,1000749.9359948479,1000749.9359948479
2025-03-25T18:40:00.000+0000,999800.3424065688,783065.1810572089,999999.9999999999,999615.6031898953,499654.96573085536,1000749.9359948479,1000749.9359948479
2025-03-25T18:50:00.000+0000,999746.2133844568,783065.1810572089,999999.9999999999,999588.4316245513,499654.96573085536,1000749.9359948479,1000749.9359948479
2025-03-25T19:00:00.000+0000,999684.7031320569,783065.1810572089,999999.9999999999,999557.5548457513,499654.96573085536,1000749.9359948479,1000749.9359948479
2025-03-25T19:10:00.000+0000,999727.7603087368,783065.1810572089,999999.9999999999,999579.1685909113,499654.96573085536,1000749.9359948479,1000749.9359948479
2025-03-25T19:20:00.000+0000,999765.8966652248,783065.1810572089,999999.9999999999,999598.3121937673,499654.96573085536,1000749.9359948479,1000749.9359948479
2025-03-25T19:30:00.000+0000,999925.8233214648,783065.1810572089,999999.9999999999,999678.5918186473,499654.96573085536,1000749.9359948479,1000749.9359948479
2025-03-25T19:40:00.000+0000,999885.2265548809,783065.1810572089,999999.9999999999,999658.2131446393,499654.96573085536,1000749.9359948479,1000749.9359948479
2025-03-25T19:50:00.000+0000,999863.0828640169,783065.1810572089,999999.9999999999,999647.0975042713,499654.96573085536,1000749.9359948479,1000749.9359948479
2025-03-25T20:00:00.000+0000,999860.6224539209,783065.1810572089,999999.9999999999,999645.8624331193,499654.96573085536,1000749.9359948479,1000749.9359948479
2025-03-25T20:10:00.000+0000,999880.3057346889,783065.1810572089,999999.9999999999,999655.7430023353,499654.96573085536,1000749.9359948479,1000749.9359948479
2025-03-25T20:20:00.000+0000,999848.3204034409,783065.1810572089,999999.9999999999,999639.6870773593,499654.96573085536,1000749.9359948479,1000749.9359948479
2025-03-25T20:30:00.000+0000,999957.8086527128,783065.1810572089,999999.9999999999,999694.6477436234,499654.96573085536,1000749.9359948479,1000749.9359948479
2025-03-25T20:40:00.000+0000,1000016.8584950168,783065.1810572089,999999.9999999999,999724.2894512713,499654.96573085536,1000749.9359948479,1000749.9359948479
2025-03-25T20:50:00.000+0000,1000040.2323909288,783065.1810572089,999999.9999999999,999736.0226272154,499654.96573085536,1000749.9359948479,1000749.9359948479
2025-03-25T21:00:00.000+0000,999858.1620438248,783065.1810572089,999999.9999999999,999644.6273619673,499654.96573085536,1000749.9359948479,1000749.9359948479
2025-03-25T21:10:00.000+0000,999791.7309712329,783065.1810572089,999999.9999999999,999611.2804408633,499654.96573085536,1000749.9359948479,1000749.9359948479
2025-03-25T21:20:00.000+0000,999728.9905137848,783065.1810572089,999999.9999999999,999579.7861264873,499654.96573085536,1000749.9359948479,1000749.9359948479
2025-03-25T21:30:00.000+0000,999804.0330217129,783065.1810572089,999999.9999999999,999617.4557966234,499654.96573085536,1000749.9359948479,1000749.9359948479
2025-03-25T21:40:00.000+0000,999843.3995832489,783065.1810572089,999999.9999999999,999637.2169350553,499654.96573085536,1000749.9359948479,1000749.9359948479
2025-03-25T21:50:00.000+0000,999840.9391731529,783065.1810572089,999999.9999999999,999635.9818639033,499654.96573085536,1000749.9359948479,1000749.9359948479
2025-03-25T22:00:00.000+0000,999886.4567599288,783065.1810572089,999999.9999999999,999658.8306802153,499654.96573085536,1000749.9359948479,1000749.9359948479
2025-03-25T22:10:00.000+0000,999840.9391731529,783065.1810572089,999999.9999999999,999635.9818639033,499654.96573085536,1000749.9359948479,1000749.9359948479
2025-03-25T22:20:00.000+0000,999968.8804981448,783065.1810572089,999999.9999999999,999700.2055638073,499654.96573085536,1000749.9359948479,1000749.9359948479
2025-03-25T22:30:00.000+0000,1000058.6854666488,783065.1810572089,999999.9999999999,999745.2856608554,499654.96573085536,1000749.9359948479,1000749.9359948479
2025-03-25T22:40:00.000+0000,1000031.6209555928,783065.1810572089,999999.9999999999,999731.6998781833,499654.96573085536,1000749.9359948479,1000749.9359948479
2025-03-25T22:50:00.000+0000,1000046.3834161689,783065.1810572089,999999.9999999999,999739.1103050953,499654.96573085536,1000749.9359948479,1000749.9359948479
2025-03-25T23:00:00.000+0000,1000080.8291575129,783065.1810572089,999999.9999999999,999756.4013012233,499654.96573085536,1000749.9359948479,1000749.9359948479
2025-03-25T23:10:00.000+0000,1000104.2030534248,783065.1810572089,999999.9999999999,999768.1344771673,499654.96573085536,1000749.9359948479,1000749.9359948479
2025-03-25T23:20:00.000+0000,1000015.6282899688,783065.1810572089,999999.9999999999,999723.6719156953,499654.96573085536,1000749.9359948479,1000749.9359948479
2025-03-25T23:30:00.000+0000,999978.7221385288,783065.1810572089,999999.9999999999,999705.1458484153,499654.96573085536,1000749.9359948479,1000749.9359948479
2025-03-25T23:40:00.000+0000,999943.0461921368,783065.1810572089,999999.9999999999,999687.2373167113,499654.96573085536,1000749.9359948479,1000749.9359948479
2025-03-25T23:50:00.000+0000,999915.9816810809,783065.1810572089,999999.9999999999,999673.6515340393,499654.96573085536,1000749.9359948479,1000749.9359948479
2025-03-26T00:00:00.000+0000,999972.5711132889,783065.1810572089,999999.9999999999,999702.0581705354,499654.96573085536,1000749.9359948479,1000749.9359948479
2025-03-26T00:10:00.000+0000,999852.0110185848,783065.1810572089,999999.9999999999,999641.5396840873,499654.96573085536,1000749.9359948479,1000749.9359948479
2025-03-26T00:20:00.000+0000,999704.3864128249,783065.1810572089,999999.9999999999,999567.4354149674,499654.96573085536,1000749.9359948479,1000749.9359948479
2025-03-26T00:30:00.000+0000,999693.3145673928,783065.1810572089,999999.9999999999,999561.8775947833,499654.96573085536,1000749.9359948479,1000749.9359948479
2025-03-26T00:40:00.000+0000,999537.0785262969,783065.1810572089,999999.9999999999,999483.4505766314,499654.96573085536,1000749.9359948479,1000749.9359948479
2025-03-26T00:50:00.000+0000,999550.6107818249,783065.1810572089,999999.9999999999,999490.2434679674,499654.96573085536,1000749.9359948479,1000749.9359948479
2025-03-26T01:00:00.000+0000,999631.8043149929,783065.1810572089,999999.9999999999,999531.0008159833,499654.96573085536,1000749.9359948479,1000749.9359948479
2025-03-26T01:10:00.000+0000,999501.4025799049,783065.1810572089,999999.9999999999,999465.5420449274,499654.96573085536,1000749.9359948479,1000749.9359948479
2025-03-26T01:20:00.000+0000,999422.6694568328,783065.1810572089,999999.9999999999,999426.0197680633,499654.96573085536,1000749.9359948479,1000749.9359948479
2025-03-26T01:30:00.000+0000,999337.7853085209,783065.1810572089,999999.9999999999,999383.4098133193,499654.96573085536,1000749.9359948479,1000749.9359948479
2025-03-26T01:40:00.000+0000,999415.2882265449,783065.1810572089,999999.9999999999,999422.3145546073,499654.96573085536,1000749.9359948479,1000749.9359948479
2025-03-26T01:50:00.000+0000,999380.8424852008,783065.1810572089,999999.9999999999,999405.0235584793,499654.96573085536,1000749.9359948479,1000749.9359948479
2025-03-26T02:00:00.000+0000,999441.1225325528,783065.1810572089,999999.9999999999,999435.2828017033,499654.96573085536,1000749.9359948479,1000749.9359948479
2025-03-26T02:10:00.000+0000,999565.3732424008,783065.1810572089,999999.9999999999,999497.6538948793,499654.96573085536,1000749.9359948479,1000749.9359948479
2025-03-26T02:20:00.000+0000,999583.8263181208,783065.1810572089,999999.9999999999,999506.9169285193,499654.96573085536,1000749.9359948479,1000749.9359948479
2025-03-26T02:30:00.000+0000,999592.4377534569,783065.1810572089,999999.9999999999,999511.2396775513,499654.96573085536,1000749.9359948479,1000749.9359948479
2025-03-26T02:40:00.000+0000,999647.7969806169,783065.1810572089,999999.9999999999,999539.0287784713,499654.96573085536,1000749.9359948479,1000749.9359948479
2025-03-26T02:50:00.000+0000,999687.1635421528,783065.1810572089,999999.9999999999,999558.7899169034,499654.96573085536,1000749.9359948479,1000749.9359948479
2025-03-26T03:00:00.000+0000,999615.8116493688,783065.1810572089,999999.9999999999,999522.9728534953,499654.96573085536,1000749.9359948479,1000749.9359948479
2025-03-26T03:10:00.000+0000,999678.5521068168,783065.1810572089,999999.9999999999,999554.4671678713,499654.96573085536,1000749.9359948479,1000749.9359948479
2025-03-26T03:20:00.000+0000,999697.0051825368,783065.1810572089,999999.9999999999,999563.7302015113,499654.96573085536,1000749.9359948479,1000749.9359948479
2025-03-26T03:30:00.000+0000,999758.5154349369,783065.1810572089,999999.9999999999,999594.6069803113,499654.96573085536,1000749.9359948479,1000749.9359948479
2025-03-26T03:40:00.000+0000,999908.6004507928,783065.1810572089,999999.9999999999,999669.9463205833,499654.96573085536,1000749.9359948479,1000749.9359948479
2025-03-26T03:50:00.000+0000,1000007.0168546329,783065.1810572089,999999.9999999999,999719.3491666634,499654.96573085536,1000749.9359948479,1000749.9359948479
2025-03-26T04:00:00.000+0000,999939.3555769928,783065.1810572089,999999.9999999999,999685.3847099834,499654.96573085536,1000749.9359948479,1000749.9359948479
2025-03-26T04:10:00.000+0000,999875.3849144968,783065.1810572089,999999.9999999999,999653.2728600313,499654.96573085536,1000749.9359948479,1000749.9359948479
2025-03-26T04:20:00.000+0000,999930.7441416569,783065.1810572089,999999.9999999999,999681.0619609513,499654.96573085536,1000749.9359948479,1000749.9359948479
2025-03-26T04:30:00.000+0000,999850.7808135368,783065.1810572089,999999.9999999999,999640.9221485113,499654.96573085536,1000749.9359948479,1000749.9359948479
2025-03-26T04:40:00.000+0000,999844.6297882969,783065.1810572089,999999.9999999999,999637.8344706313,499654.96573085536,1000749.9359948479,1000749.9359948479
2025-03-26T04:50:00.000+0000,999891.3775801208,783065.1810572089,999999.9999999999,999661.3008225193,499654.96573085536,1000749.9359948479,1000749.9359948479
2025-03-26T05:00:00.000+0000,999892.6077851688,783065.1810572089,999999.9999999999,999661.9183580953,499654.96573085536,1000749.9359948479,1000749.9359948479
2025-03-26T05:10:00.000+0000,999903.6796306008,783065.1810572089,999999.9999999999,999667.4761782794,499654.96573085536,1000749.9359948479,1000749.9359948479
2025-03-26T05:20:00.000+0000,999847.0901983929,783065.1810572089,999999.9999999999,999639.0695417833,499654.96573085536,1000749.9359948479,1000749.9359948479
2025-03-26T05:30:00.000+0000,999746.2133844568,783065.1810572089,999999.9999999999,999588.4316245513,499654.96573085536,1000749.9359948479,1000749.9359948479
2025-03-26T05:40:00.000+0000,999709.3072330168,783065.1810572089,999999.9999999999,999569.9055572713,499654.96573085536,1000749.9359948479,1000749.9359948479
2025-03-26T05:50:00.000+0000,999689.6239522488,783065.1810572089,999999.9999999999,999560.0249880553,499654.96573085536,1000749.9359948479,1000749.9359948479
2025-03-26T06:00:00.000+0000,999681.0125169129,783065.1810572089,999999.9999999999,999555.7022390233,499654.96573085536,1000749.9359948479,1000749.9359948479
2025-03-26T06:10:00.000+0000,999647.7969806169,783065.1810572089,999999.9999999999,999539.0287784713,499654.96573085536,1000749.9359948479,1000749.9359948479
2025-03-26T06:20:00.000+0000,999610.8908291769,783065.1810572089,999999.9999999999,999520.5027111913,499654.96573085536,1000749.9359948479,1000749.9359948479
2025-03-26T06:30:00.000+0000,999614.5814443209,783065.1810572089,999999.9999999999,999522.3553179193,499654.96573085536,1000749.9359948479,1000749.9359948479
2025-03-26T06:40:00.000+0000,999457.1151981768,783065.1810572089,999999.9999999999,999443.3107641913,499654.96573085536,1000749.9359948479,1000749.9359948479
2025-03-26T06:50:00.000+0000,999443.5829426488,783065.1810572089,999999.9999999999,999436.5178728553,499654.96573085536,1000749.9359948479,1000749.9359948479
2025-03-26T07:00:00.000+0000,999478.0286839928,783065.1810572089,999999.9999999999,999453.8088689833,499654.96573085536,1000749.9359948479,1000749.9359948479
2025-03-26T07:10:00.000+0000,999468.1870436089,783065.1810572089,999999.9999999999,999448.8685843754,499654.96573085536,1000749.9359948479,1000749.9359948479
2025-03-26T07:20:00.000+0000,999102.8161443528,783065.1810572089,999999.9999999999,999265.4605183033,499654.96573085536,1000749.9359948479,1000749.9359948479
2025-03-26T07:30:00.000+0000,998786.6534470168,783065.1810572089,999999.9999999999,999106.7538752713,499654.96573085536,1000749.9359948479,1000749.9359948479
2025-03-26T07:40:00.000+0000,998584.8998191449,783065.1810572089,999999.9999999999,999005.4780408073,499654.96573085536,1000749.9359948479,1000749.9359948479
2025-03-26T07:50:00.000+0000,998655.0215068809,783065.1810572089,999999.9999999999,999040.6775686393,499654.96573085536,1000749.9359948479,1000749.9359948479
2025-03-26T08:00:00.000+0000,998607.0435100088,783065.1810572089,999999.9999999999,999016.5936811753,499654.96573085536,1000749.9359948479,1000749.9359948479
2025-03-26T08:10:00.000+0000,998391.7576266088,783065.1810572089,999999.9999999999,998908.5249553754,499654.96573085536,1000749.9359948479,1000749.9359948479
2025-03-26T08:20:00.000+0000,998241.6726107529,783065.1810572089,999999.9999999999,998833.1856151033,499654.96573085536,1000749.9359948479,1000749.9359948479
2025-03-26T08:30:00.000+0000,998321.6359388728,783065.1810572089,999999.9999999999,998873.3254275434,499654.96573085536,1000749.9359948479,1000749.9359948479
2025-03-26T08:40:00.000+0000,998354.8514751688,783065.1810572089,999999.9999999999,998889.9988880954,499654.96573085536,1000749.9359948479,1000749.9359948479
2025-03-26T08:50:00.000+0000,998525.8499768409,783065.1810572089,999999.9999999999,998975.8363331594,499654.96573085536,1000749.9359948479,1000749.9359948479
2025-03-26T09:00:00.000+0000,998396.6784468009,783065.1810572089,999999.9999999999,998910.9950976793,499654.96573085536,1000749.9359948479,1000749.9359948479
2025-03-26T09:10:00.000+0000,998352.3910650729,783065.1810572089,999999.9999999999,998888.7638169433,499654.96573085536,1000749.9359948479,1000749.9359948479
2025-03-26T09:20:00.000+0000,998253.9746612329,783065.1810572089,999999.9999999999,998839.3609708634,499654.96573085536,1000749.9359948479,1000749.9359948479
2025-03-26T09:30:00.000+0000,998204.7664593129,783065.1810572089,999999.9999999999,998814.6595478234,499654.96573085536,1000749.9359948479,1000749.9359948479
2025-03-26T09:40:00.000+0000,998272.4277369529,783065.1810572089,999999.9999999999,998848.6240045034,499654.96573085536,1000749.9359948479,1000749.9359948479
2025-03-26T09:50:00.000+0000,998345.0098347848,783065.1810572089,999999.9999999999,998885.0586034873,499654.96573085536,1000749.9359948479,1000749.9359948479
2025-03-26T10:00:00.000+0000,998162.9394876808,783065.1810572089,999999.9999999999,998793.6633382393,499654.96573085536,1000749.9359948479,1000749.9359948479
2025-03-26T10:10:00.000+0000,998129.7239513849,783065.1810572089,999999.9999999999,998776.9898776873,499654.96573085536,1000749.9359948479,1000749.9359948479
2025-03-26T10:20:00.000+0000,998182.6227684489,783065.1810572089,999999.9999999999,998803.5439074553,499654.96573085536,1000749.9359948479,1000749.9359948479
2025-03-26T10:30:00.000+0000,998190.0039987369,783065.1810572089,999999.9999999999,998807.2491209114,499654.96573085536,1000749.9359948479,1000749.9359948479
2025-03-26T10:40:00.000+0000,998213.3778946488,783065.1810572089,999999.9999999999,998818.9822968553,499654.96573085536,1000749.9359948479,1000749.9359948479
2025-03-26T10:50:00.000+0000,998198.6154340729,783065.1810572089,999999.9999999999,998811.5718699433,499654.96573085536,1000749.9359948479,1000749.9359948479
2025-03-26T11:00:00.000+0000,998186.3133835929,783065.1810572089,999999.9999999999,998805.3965141834,499654.96573085536,1000749.9359948479,1000749.9359948479
2025-03-26T11:10:00.000+0000,998174.0113331128,783065.1810572089,999999.9999999999,998799.2211584233,499654.96573085536,1000749.9359948479,1000749.9359948479
2025-03-26T11:20:00.000+0000,998194.9248189288,783065.1810572089,999999.9999999999,998809.7192632153,499654.96573085536,1000749.9359948479,1000749.9359948479
2025-03-26T11:30:00.000+0000,998201.0758441689,783065.1810572089,999999.9999999999,998812.8069410953,499654.96573085536,1000749.9359948479,1000749.9359948479
2025-03-26T11:40:00.000+0000,998276.1183520969,783065.1810572089,999999.9999999999,998850.4766112313,499654.96573085536,1000749.9359948479,1000749.9359948479
2025-03-26T11:50:00.000+0000,998332.7077843049,783065.1810572089,999999.9999999999,998878.8832477273,499654.96573085536,1000749.9359948479,1000749.9359948479
2025-03-26T12:00:00.000+0000,998365.9233206009,783065.1810572089,999999.9999999999,998895.5567082793,499654.96573085536,1000749.9359948479,1000749.9359948479
2025-03-26T12:10:00.000+0000,998422.5127528089,783065.1810572089,999999.9999999999,998923.9633447754,499654.96573085536,1000749.9359948479,1000749.9359948479
2025-03-26T12:20:00.000+0000,998506.1666960728,783065.1810572089,999999.9999999999,998965.9557639434,499654.96573085536,1000749.9359948479,1000749.9359948479
2025-03-26T12:30:00.000+0000,998545.5332576089,783065.1810572089,999999.9999999999,998985.7169023753,499654.96573085536,1000749.9359948479,1000749.9359948479
2025-03-26T12:40:00.000+0000,998429.8939830968,783065.1810572089,999999.9999999999,998927.6685582313,499654.96573085536,1000749.9359948479,1000749.9359948479
2025-03-26T12:50:00.000+0000,998372.0743458408,783065.1810572089,999999.9999999999,998898.6443861594,499654.96573085536,1000749.9359948479,1000749.9359948479
2025-03-26T13:00:00.000+0000,998354.8514751688,783065.1810572089,999999.9999999999,998889.9988880954,499654.96573085536,1000749.9359948479,1000749.9359948479
2025-03-26T13:10:00.000+0000,998455.7282891049,783065.1810572089,999999.9999999999,998940.6368053274,499654.96573085536,1000749.9359948479,1000749.9359948479
2025-03-26T13:20:00.000+0000,998461.8793143448,783065.1810572089,999999.9999999999,998943.7244832073,499654.96573085536,1000749.9359948479,1000749.9359948479
2025-03-26T13:30:00.000+0000,998502.4760809288,783065.1810572089,999999.9999999999,998964.1031572153,499654.96573085536,1000749.9359948479,1000749.9359948479
2025-03-26T13:40:00.000+0000,998603.3528948649,783065.1810572089,999999.9999999999,999014.7410744473,499654.96573085536,1000749.9359948479,1000749.9359948479
2025-03-26T13:50:00.000+0000,998855.5449297049,783065.1810572089,999999.9999999999,999141.3358675273,499654.96573085536,1000749.9359948479,1000749.9359948479
2025-03-26T14:00:00.000+0000,998946.5801032569,783065.1810572089,999999.9999999999,999187.0335001514,499654.96573085536,1000749.9359948479,1000749.9359948479
2025-03-26T14:10:00.000+0000,998926.8968224889,783065.1810572089,999999.9999999999,999177.1529309354,499654.96573085536,1000749.9359948479,1000749.9359948479
2025-03-26T14:20:00.000+0000,999198.7721380969,783065.1810572089,999999.9999999999,999313.6282932314,499654.96573085536,1000749.9359948479,1000749.9359948479
2025-03-26T14:30:00.000+0000,999160.6357816089,783065.1810572089,999999.9999999999,999294.4846903753,499654.96573085536,1000749.9359948479,1000749.9359948479
2025-03-26T14:40:00.000+0000,999185.2398825688,783065.1810572089,999999.9999999999,999306.8354018953,499654.96573085536,1000749.9359948479,1000749.9359948479
2025-03-26T14:50:00.000+0000,999159.4055765609,783065.1810572089,999999.9999999999,999293.8671547993,499654.96573085536,1000749.9359948479,1000749.9359948479
2025-03-26T15:00:00.000+0000,999163.0961917049,783065.1810572089,999999.9999999999,999295.7197615274,499654.96573085536,1000749.9359948479,1000749.9359948479
2025-03-26T15:10:00.000+0000,999230.7574693449,783065.1810572089,999999.9999999999,999329.6842182074,499654.96573085536,1000749.9359948479,1000749.9359948479
2025-03-26T15:20:00.000+0000,999307.0301823209,783065.1810572089,999999.9999999999,999367.9714239193,499654.96573085536,1000749.9359948479,1000749.9359948479
2025-03-26T15:30:00.000+0000,999282.4260813608,783065.1810572089,999999.9999999999,999355.6207123994,499654.96573085536,1000749.9359948479,1000749.9359948479
2025-03-26T15:40:00.000+0000,999169.2472169448,783065.1810572089,999999.9999999999,999298.8074394073,499654.96573085536,1000749.9359948479,1000749.9359948479
2025-03-26T15:50:00.000+0000,999197.5419330489,783065.1810572089,999999.9999999999,999313.0107576554,499654.96573085536,1000749.9359948479,1000749.9359948479
2025-03-26T16:00:00.000+0000,999245.5199299208,783065.1810572089,999999.9999999999,999337.0946451193,499654.96573085536,1000749.9359948479,1000749.9359948479
2025-03-26T16:10:00.000+0000,999215.9950087689,783065.1810572089,999999.9999999999,999322.2737912954,499654.96573085536,1000749.9359948479,1000749.9359948479
2025-03-26T16:20:00.000+0000,999177.8586522809,783065.1810572089,999999.9999999999,999303.1301884393,499654.96573085536,1000749.9359948479,1000749.9359948479
2025-03-26T16:30:00.000+0000,999158.1753715129,783065.1810572089,999999.9999999999,999293.2496192233,499654.96573085536,1000749.9359948479,1000749.9359948479
2025-03-26T16:40:00.000+0000,999186.4700876168,783065.1810572089,999999.9999999999,999307.4529374713,499654.96573085536,1000749.9359948479,1000749.9359948479
2025-03-26T16:50:00.000+0000,999204.9231633368,783065.1810572089,999999.9999999999,999316.7159711113,499654.96573085536,1000749.9359948479,1000749.9359948479
2025-03-26T17:00:00.000+0000,999219.6856239128,783065.1810572089,999999.9999999999,999324.1263980233,499654.96573085536,1000749.9359948479,1000749.9359948479
2025-03-26T17:10:00.000+0000,999282.4260813608,783065.1810572089,999999.9999999999,999355.6207123994,499654.96573085536,1000749.9359948479,1000749.9359948479
2025-03-26T17:20:00.000+0000,999379.6122801529,783065.1810572089,999999.9999999999,999404.4060229033,499654.96573085536,1000749.9359948479,1000749.9359948479
2025-03-26T17:30:00.000+0000,999431.2808921689,783065.1810572089,999999.9999999999,999430.3425170954,499654.96573085536,1000749.9359948479,1000749.9359948479
2025-03-26T17:40:00.000+0000,999390.6841255848,783065.1810572089,999999.9999999999,999409.9638430873,499654.96573085536,1000749.9359948479,1000749.9359948479
2025-03-26T17:50:00.000+0000,999428.8204820729,783065.1810572089,999999.9999999999,999429.1074459433,499654.96573085536,1000749.9359948479,1000749.9359948479
2025-03-26T18:00:00.000+0000,999479.2588890409,783065.1810572089,999999.9999999999,999454.4264045593,499654.96573085536,1000749.9359948479,1000749.9359948479
2025-03-26T18:10:00.000+0000,999415.2882265449,783065.1810572089,999999.9999999999,999422.3145546073,499654.96573085536,1000749.9359948479,1000749.9359948479
2025-03-26T18:20:00.000+0000,999373.4612549129,783065.1810572089,999999.9999999999,999401.3183450233,499654.96573085536,1000749.9359948479,1000749.9359948479
2025-03-26T18:30:00.000+0000,999340.2457186169,783065.1810572089,999999.9999999999,999384.6448844713,499654.96573085536,1000749.9359948479,1000749.9359948479
2025-03-26T18:40:00.000+0000,999473.1078638008,783065.1810572089,999999.9999999999,999451.3387266793,499654.96573085536,1000749.9359948479,1000749.9359948479
2025-03-26T18:50:00.000+0000,999459.5756082728,783065.1810572089,999999.9999999999,999444.5458353433,499654.96573085536,1000749.9359948479,1000749.9359948479
2025-03-26T19:00:00.000+0000,999524.7764758168,783065.1810572089,999999.9999999999,999477.2752208713,499654.96573085536,1000749.9359948479,1000749.9359948479
2025-03-26T19:10:00.000+0000,999679.7823118649,783065.1810572089,999999.9999999999,999555.0847034473,499654.96573085536,1000749.9359948479,1000749.9359948479
2025-03-26T19:20:00.000+0000,999605.9700089849,783065.1810572089,999999.9999999999,999518.0325688873,499654.96573085536,1000749.9359948479,1000749.9359948479
2025-03-26T19:30:00.000+0000,999633.0345200408,783065.1810572089,999999.9999999999,999531.6183515593,499654.96573085536,1000749.9359948479,1000749.9359948479
2025-03-26T19:40:00.000+0000,999475.5682738968,783065.1810572089,999999.9999999999,999452.5737978313,499654.96573085536,1000749.9359948479,1000749.9359948479
2025-03-26T19:50:00.000+0000,999502.6327849529,783065.1810572089,999999.9999999999,999466.1595805034,499654.96573085536,1000749.9359948479,1000749.9359948479
2025-03-26T20:00:00.000+0000,999418.9788416888,783065.1810572089,999999.9999999999,999424.1671613354,499654.96573085536,1000749.9359948479,1000749.9359948479
2025-03-26T20:10:00.000+0000,999420.2090467368,783065.1810572089,999999.9999999999,999424.7846969113,499654.96573085536,1000749.9359948479,1000749.9359948479
2025-03-26T20:20:00.000+0000,999357.4685892889,783065.1810572089,999999.9999999999,999393.2903825353,499654.96573085536,1000749.9359948479,1000749.9359948479
2025-03-26T20:30:00.000+0000,999236.9084945848,783065.1810572089,999999.9999999999,999332.7718960873,499654.96573085536,1000749.9359948479,1000749.9359948479
2025-03-26T20:40:00.000+0000,999198.7721380969,783065.1810572089,999999.9999999999,999313.6282932314,499654.96573085536,1000749.9359948479,1000749.9359948479
2025-03-26T20:50:00.000+0000,999177.8586522809,783065.1810572089,999999.9999999999,999303.1301884393,499654.96573085536,1000749.9359948479,1000749.9359948479
2025-03-26T21:00:00.000+0000,999152.0243462728,783065.1810572089,999999.9999999999,999290.1619413433,499654.96573085536,1000749.9359948479,1000749.9359948479
2025-03-26T21:10:00.000+0000,999084.3630686328,783065.1810572089,999999.9999999999,999256.1974846633,499654.96573085536,1000749.9359948479,1000749.9359948479
2025-03-26T21:20:00.000+0000,999163.0961917049,783065.1810572089,999999.9999999999,999295.7197615274,499654.96573085536,1000749.9359948479,1000749.9359948479
2025-03-26T21:30:00.000+0000,999335.3248984248,783065.1810572089,999999.9999999999,999382.1747421673,499654.96573085536,1000749.9359948479,1000749.9359948479
2025-03-26T21:40:00.000+0000,999414.0580214969,783065.1810572089,999999.9999999999,999421.6970190313,499654.96573085536,1000749.9359948479,1000749.9359948479
2025-03-26T21:50:00.000+0000,999311.9510025128,783065.1810572089,999999.9999999999,999370.4415662233,499654.96573085536,1000749.9359948479,1000749.9359948479
2025-03-26T22:00:00.000+0000,999391.9143306329,783065.1810572089,999999.9999999999,999410.5813786633,499654.96573085536,1000749.9359948479,1000749.9359948479
2025-03-26T22:10:00.000+0000,999541.9993464889,783065.1810572089,999999.9999999999,999485.9207189353,499654.96573085536,1000749.9359948479,1000749.9359948479
2025-03-26T22:20:00.000+0000,999650.2573907129,783065.1810572089,999999.9999999999,999540.2638496233,499654.96573085536,1000749.9359948479,1000749.9359948479
2025-03-26T22:30:00.000+0000,999482.9495041849,783065.1810572089,999999.9999999999,999456.2790112873,499654.96573085536,1000749.9359948479,1000749.9359948479
2025-03-26T22:40:00.000+0000,999390.6841255848,783065.1810572089,999999.9999999999,999409.9638430873,499654.96573085536,1000749.9359948479,1000749.9359948479
2025-03-26T22:50:00.000+0000,999356.2383842409,783065.1810572089,999999.9999999999,999392.6728469593,499654.96573085536,1000749.9359948479,1000749.9359948479
2025-03-26T23:00:00.000+0000,999444.8131476969,783065.1810572089,999999.9999999999,999437.1354084313,499654.96573085536,1000749.9359948479,1000749.9359948479
2025-03-26T23:10:00.000+0000,999372.2310498648,783065.1810572089,999999.9999999999,999400.7008094473,499654.96573085536,1000749.9359948479,1000749.9359948479
2025-03-26T23:20:00.000+0000,999502.6327849529,783065.1810572089,999999.9999999999,999466.1595805034,499654.96573085536,1000749.9359948479,1000749.9359948479
2025-03-26T23:30:00.000+0000,999434.9715073128,783065.1810572089,999999.9999999999,999432.1951238234,499654.96573085536,1000749.9359948479,1000749.9359948479
2025-03-26T23:40:00.000+0000,999470.6474537048,783065.1810572089,999999.9999999999,999450.1036555273,499654.96573085536,1000749.9359948479,1000749.9359948479
2025-03-26T23:50:00.000+0000,999438.6621224568,783065.1810572089,999999.9999999999,999434.0477305513,499654.96573085536,1000749.9359948479,1000749.9359948479
2025-03-27T00:00:00.000+0000,999353.7779741448,783065.1810572089,999999.9999999999,999391.4377758073,499654.96573085536,1000749.9359948479,1000749.9359948479
2025-03-27T00:10:00.000+0000,999386.9935104408,783065.1810572089,999999.9999999999,999408.1112363593,499654.96573085536,1000749.9359948479,1000749.9359948479
2025-03-27T00:20:00.000+0000,999368.5404347208,783065.1810572089,999999.9999999999,999398.8482027194,499654.96573085536,1000749.9359948479,1000749.9359948479
2025-03-27T00:30:00.000+0000,999224.6064441048,783065.1810572089,999999.9999999999,999326.5965403273,499654.96573085536,1000749.9359948479,1000749.9359948479
2025-03-27T00:40:00.000+0000,999279.9656712648,783065.1810572089,999999.9999999999,999354.3856412473,499654.96573085536,1000749.9359948479,1000749.9359948479
2025-03-27T00:50:00.000+0000,999251.6709551609,783065.1810572089,999999.9999999999,999340.1823229993,499654.96573085536,1000749.9359948479,1000749.9359948479
2025-03-27T01:00:00.000+0000,999211.0741885768,783065.1810572089,999999.9999999999,999319.8036489913,499654.96573085536,1000749.9359948479,1000749.9359948479
2025-03-27T01:10:00.000+0000,999278.7354662168,783065.1810572089,999999.9999999999,999353.7681056713,499654.96573085536,1000749.9359948479,1000749.9359948479
2025-03-27T01:20:00.000+0000,999353.7779741448,783065.1810572089,999999.9999999999,999391.4377758073,499654.96573085536,1000749.9359948479,1000749.9359948479
2025-03-27T01:30:00.000+0000,999369.7706397688,783065.1810572089,999999.9999999999,999399.4657382953,499654.96573085536,1000749.9359948479,1000749.9359948479
2025-03-27T01:40:00.000+0000,999318.1020277529,783065.1810572089,999999.9999999999,999373.5292441034,499654.96573085536,1000749.9359948479,1000749.9359948479
2025-03-27T01:50:00.000+0000,999260.2823904968,783065.1810572089,999999.9999999999,999344.5050720313,499654.96573085536,1000749.9359948479,1000749.9359948479
2025-03-27T02:00:00.000+0000,999212.3043936249,783065.1810572089,999999.9999999999,999320.4211845673,499654.96573085536,1000749.9359948479,1000749.9359948479
2025-03-27T02:10:00.000+0000,999200.0023431448,783065.1810572089,999999.9999999999,999314.2458288074,499654.96573085536,1000749.9359948479,1000749.9359948479
2025-03-27T02:20:00.000+0000,999131.1108604568,783065.1810572089,999999.9999999999,999279.6638365514,499654.96573085536,1000749.9359948479,1000749.9359948479
2025-03-27T02:30:00.000+0000,999059.7589676728,783065.1810572089,999999.9999999999,999243.8467731433,499654.96573085536,1000749.9359948479,1000749.9359948479
2025-03-27T02:40:00.000+0000,998854.3147246569,783065.1810572089,999999.9999999999,999140.7183319513,499654.96573085536,1000749.9359948479,1000749.9359948479
2025-03-27T02:50:00.000+0000,998776.8118066329,783065.1810572089,999999.9999999999,999101.8135906634,499654.96573085536,1000749.9359948479,1000749.9359948479
2025-03-27T03:00:00.000+0000,998855.5449297049,783065.1810572089,999999.9999999999,999141.3358675273,499654.96573085536,1000749.9359948479,1000749.9359948479
2025-03-27T03:10:00.000+0000,998939.1988729688,783065.1810572089,999999.9999999999,999183.3282866953,499654.96573085536,1000749.9359948479,1000749.9359948479
2025-03-27T03:20:00.000+0000,998934.2780527768,783065.1810572089,999999.9999999999,999180.8581443913,499654.96573085536,1000749.9359948479,1000749.9359948479
2025-03-27T03:30:00.000+0000,998838.3220590329,783065.1810572089,999999.9999999999,999132.6903694633,499654.96573085536,1000749.9359948479,1000749.9359948479
2025-03-27T03:40:00.000+0000,998865.3865700888,783065.1810572089,999999.9999999999,999146.2761521353,499654.96573085536,1000749.9359948479,1000749.9359948479
2025-03-27T03:50:00.000+0000,998871.5375953289,783065.1810572089,999999.9999999999,999149.3638300153,499654.96573085536,1000749.9359948479,1000749.9359948479
2025-03-27T04:00:00.000+0000,998926.8968224889,783065.1810572089,999999.9999999999,999177.1529309354,499654.96573085536,1000749.9359948479,1000749.9359948479
2025-03-27T04:10:00.000+0000,999027.7736364249,783065.1810572089,999999.9999999999,999227.7908481674,499654.96573085536,1000749.9359948479,1000749.9359948479
2025-03-27T04:20:00.000+0000,998989.6372799368,783065.1810572089,999999.9999999999,999208.6472453113,499654.96573085536,1000749.9359948479,1000749.9359948479
2025-03-27T04:30:00.000+0000,998989.6372799368,783065.1810572089,999999.9999999999,999208.6472453113,499654.96573085536,1000749.9359948479,1000749.9359948479
2025-03-27T04:40:00.000+0000,999032.6944566169,783065.1810572089,999999.9999999999,999230.2609904713,499654.96573085536,1000749.9359948479,1000749.9359948479
2025-03-27T04:50:00.000+0000,998982.2560496489,783065.1810572089,999999.9999999999,999204.9420318553,499654.96573085536,1000749.9359948479,1000749.9359948479
2025-03-27T05:00:00.000+0000,998967.4935890728,783065.1810572089,999999.9999999999,999197.5316049433,499654.96573085536,1000749.9359948479,1000749.9359948479
2025-03-27T05:10:00.000+0000,999051.1475323369,783065.1810572089,999999.9999999999,999239.5240241113,499654.96573085536,1000749.9359948479,1000749.9359948479
2025-03-27T05:20:00.000+0000,999111.4275796888,783065.1810572089,999999.9999999999,999269.7832673353,499654.96573085536,1000749.9359948479,1000749.9359948479
2025-03-27T05:30:00.000+0000,999166.7868068488,783065.1810572089,999999.9999999999,999297.5723682554,499654.96573085536,1000749.9359948479,1000749.9359948479
2025-03-27T05:40:00.000+0000,999171.7076270408,783065.1810572089,999999.9999999999,999300.0425105593,499654.96573085536,1000749.9359948479,1000749.9359948479
2025-03-27T05:50:00.000+0000,999281.1958763129,783065.1810572089,999999.9999999999,999355.0031768234,499654.96573085536,1000749.9359948479,1000749.9359948479
2025-03-27T06:00:00.000+0000,999200.0023431448,783065.1810572089,999999.9999999999,999314.2458288074,499654.96573085536,1000749.9359948479,1000749.9359948479
2025-03-27T06:10:00.000+0000,999075.7516332968,783065.1810572089,999999.9999999999,999251.8747356313,499654.96573085536,1000749.9359948479,1000749.9359948479
2025-03-27T06:20:00.000+0000,999053.6079424329,783065.1810572089,999999.9999999999,999240.7590952633,499654.96573085536,1000749.9359948479,1000749.9359948479
2025-03-27T06:30:00.000+0000,999101.5859393049,783065.1810572089,999999.9999999999,999264.8429827273,499654.96573085536,1000749.9359948479,1000749.9359948479
2025-03-27T06:40:00.000+0000,999154.4847563689,783065.1810572089,999999.9999999999,999291.3970124953,499654.96573085536,1000749.9359948479,1000749.9359948479
2025-03-27T06:50:00.000+0000,999187.7002926648,783065.1810572089,999999.9999999999,999308.0704730473,499654.96573085536,1000749.9359948479,1000749.9359948479
2025-03-27T07:00:00.000+0000,999174.1680371368,783065.1810572089,999999.9999999999,999301.2775817113,499654.96573085536,1000749.9359948479,1000749.9359948479
2025-03-27T07:10:00.000+0000,999095.4349140648,783065.1810572089,999999.9999999999,999261.7553048474,499654.96573085536,1000749.9359948479,1000749.9359948479
2025-03-27T07:20:00.000+0000,999149.5639361768,783065.1810572089,999999.9999999999,999288.9268701914,499654.96573085536,1000749.9359948479,1000749.9359948479
2025-03-27T07:30:00.000+0000,999181.5492674249,783065.1810572089,999999.9999999999,999304.9827951674,499654.96573085536,1000749.9359948479,1000749.9359948479
2025-03-27T07:40:00.000+0000,999314.4114126088,783065.1810572089,999999.9999999999,999371.6766373753,499654.96573085536,1000749.9359948479,1000749.9359948479
2025-03-27T07:50:00.000+0000,999282.4260813608,783065.1810572089,999999.9999999999,999355.6207123994,499654.96573085536,1000749.9359948479,1000749.9359948479
2025-03-27T08:00:00.000+0000,999193.8513179049,783065.1810572089,999999.9999999999,999311.1581509273,499654.96573085536,1000749.9359948479,1000749.9359948479
2025-03-27T08:10:00.000+0000,999246.7501349689,783065.1810572089,999999.9999999999,999337.7121806953,499654.96573085536,1000749.9359948479,1000749.9359948479
2025-03-27T08:20:00.000+0000,999209.8439835289,783065.1810572089,999999.9999999999,999319.1861134153,499654.96573085536,1000749.9359948479,1000749.9359948479
2025-03-27T08:30:00.000+0000,999136.0316806489,783065.1810572089,999999.9999999999,999282.1339788553,499654.96573085536,1000749.9359948479,1000749.9359948479
2025-03-27T08:40:00.000+0000,999196.3117280009,783065.1810572089,999999.9999999999,999312.3932220794,499654.96573085536,1000749.9359948479,1000749.9359948479
2025-03-27T08:50:00.000+0000,999254.1313652568,783065.1810572089,999999.9999999999,999341.4173941513,499654.96573085536,1000749.9359948479,1000749.9359948479
2025-03-27T09:00:00.000+0000,999222.1460340088,783065.1810572089,999999.9999999999,999325.3614691753,499654.96573085536,1000749.9359948479,1000749.9359948479
2025-03-27T09:10:00.000+0000,999229.5272642968,783065.1810572089,999999.9999999999,999329.0666826314,499654.96573085536,1000749.9359948479,1000749.9359948479
2025-03-27T09:20:00.000+0000,999295.9583368888,783065.1810572089,999999.9999999999,999362.4136037353,499654.96573085536,1000749.9359948479,1000749.9359948479
2025-03-27T09:30:00.000+0000,999256.5917753528,783065.1810572089,999999.9999999999,999342.6524653033,499654.96573085536,1000749.9359948479,1000749.9359948479
2025-03-27T09:40:00.000+0000,999265.2032106889,783065.1810572089,999999.9999999999,999346.9752143354,499654.96573085536,1000749.9359948479,1000749.9359948479
2025-03-27T09:50:00.000+0000,999219.6856239128,783065.1810572089,999999.9999999999,999324.1263980233,499654.96573085536,1000749.9359948479,1000749.9359948479
2025-03-27T10:00:00.000+0000,999101.5859393049,783065.1810572089,999999.9999999999,999264.8429827273,499654.96573085536,1000749.9359948479,1000749.9359948479
2025-03-27T10:10:00.000+0000,999134.8014756008,783065.1810572089,999999.9999999999,999281.5164432793,499654.96573085536,1000749.9359948479,1000749.9359948479
2025-03-27T10:20:00.000+0000,999111.4275796888,783065.1810572089,999999.9999999999,999269.7832673353,499654.96573085536,1000749.9359948479,1000749.9359948479
2025-03-27T10:30:00.000+0000,999129.8806554088,783065.1810572089,999999.9999999999,999279.0463009754,499654.96573085536,1000749.9359948479,1000749.9359948479
2025-03-27T10:40:00.000+0000,999204.9231633368,783065.1810572089,999999.9999999999,999316.7159711113,499654.96573085536,1000749.9359948479,1000749.9359948479
2025-03-27T10:50:00.000+0000,999364.8498195768,783065.1810572089,999999.9999999999,999396.9955959914,499654.96573085536,1000749.9359948479,1000749.9359948479
2025-03-27T11:00:00.000+0000,999318.1020277529,783065.1810572089,999999.9999999999,999373.5292441034,499654.96573085536,1000749.9359948479,1000749.9359948479
2025-03-27T11:10:00.000+0000,999390.6841255848,783065.1810572089,999999.9999999999,999409.9638430873,499654.96573085536,1000749.9359948479,1000749.9359948479
2025-03-27T11:20:00.000+0000,999447.2735577929,783065.1810572089,999999.9999999999,999438.3704795833,499654.96573085536,1000749.9359948479,1000749.9359948479
2025-03-27T11:30:00.000+0000,999530.9275010568,783065.1810572089,999999.9999999999,999480.3628987513,499654.96573085536,1000749.9359948479,1000749.9359948479
2025-03-27T11:40:00.000+0000,999580.1357029768,783065.1810572089,999999.9999999999,999505.0643217913,499654.96573085536,1000749.9359948479,1000749.9359948479
2025-03-27T11:50:00.000+0000,999621.9626746088,783065.1810572089,999999.9999999999,999526.0605313753,499654.96573085536,1000749.9359948479,1000749.9359948479
2025-03-27T12:00:00.000+0000,999576.4450878329,783065.1810572089,999999.9999999999,999503.2117150633,499654.96573085536,1000749.9359948479,1000749.9359948479
2025-03-27T12:10:00.000+0000,999502.6327849529,783065.1810572089,999999.9999999999,999466.1595805034,499654.96573085536,1000749.9359948479,1000749.9359948479
2025-03-27T12:20:00.000+0000,999516.1650404809,783065.1810572089,999999.9999999999,999472.9524718393,499654.96573085536,1000749.9359948479,1000749.9359948479
2025-03-27T12:30:00.000+0000,999448.5037628409,783065.1810572089,999999.9999999999,999438.9880151593,499654.96573085536,1000749.9359948479,1000749.9359948479
2025-03-27T12:40:00.000+0000,999478.0286839928,783065.1810572089,999999.9999999999,999453.8088689833,499654.96573085536,1000749.9359948479,1000749.9359948479
2025-03-27T12:50:00.000+0000,999476.7984789448,783065.1810572089,999999.9999999999,999453.1913334073,499654.96573085536,1000749.9359948479,1000749.9359948479
2025-03-27T13:00:00.000+0000,999494.0213496168,783065.1810572089,999999.9999999999,999461.8368314713,499654.96573085536,1000749.9359948479,1000749.9359948479
2025-03-27T13:10:00.000+0000,999526.0066808648,783065.1810572089,999999.9999999999,999477.8927564473,499654.96573085536,1000749.9359948479,1000749.9359948479
2025-03-27T13:20:00.000+0000,999557.9920121129,783065.1810572089,999999.9999999999,999493.9486814233,499654.96573085536,1000749.9359948479,1000749.9359948479
2025-03-27T13:30:00.000+0000,999748.6737945529,783065.1810572089,999999.9999999999,999589.6666957033,499654.96573085536,1000749.9359948479,1000749.9359948479
2025-03-27T13:40:00.000+0000,1000002.0960344409,783065.1810572089,999999.9999999999,999716.8790243593,499654.96573085536,1000749.9359948479,1000749.9359948479
2025-03-27T13:50:00.000+0000,999870.4640943048,783065.1810572089,999999.9999999999,999650.8027177274,499654.96573085536,1000749.9359948479,1000749.9359948479
2025-03-27T14:00:00.000+0000,999802.8028166648,783065.1810572089,999999.9999999999,999616.8382610474,499654.96573085536,1000749.9359948479,1000749.9359948479
2025-03-27T14:10:00.000+0000,999796.6517914248,783065.1810572089,999999.9999999999,999613.7505831673,499654.96573085536,1000749.9359948479,1000749.9359948479
2025-03-27T14:20:00.000+0000,999768.3570753208,783065.1810572089,999999.9999999999,999599.5472649194,499654.96573085536,1000749.9359948479,1000749.9359948479
2025-03-27T14:30:00.000+0000,999554.3013969689,783065.1810572089,999999.9999999999,999492.0960746953,499654.96573085536,1000749.9359948479,1000749.9359948479
2025-03-27T14:40:00.000+0000,999421.4392517848,783065.1810572089,999999.9999999999,999425.4022324873,499654.96573085536,1000749.9359948479,1000749.9359948479
2025-03-27T14:50:00.000+0000,999490.3307344728,783065.1810572089,999999.9999999999,999459.9842247433,499654.96573085536,1000749.9359948479,1000749.9359948479
2025-03-27T15:00:00.000+0000,999513.7046303848,783065.1810572089,999999.9999999999,999471.7174006873,499654.96573085536,1000749.9359948479,1000749.9359948479
2025-03-27T15:10:00.000+0000,999500.1723748569,783065.1810572089,999999.9999999999,999464.9245093514,499654.96573085536,1000749.9359948479,1000749.9359948479
2025-03-27T15:20:00.000+0000,999527.2368859128,783065.1810572089,999999.9999999999,999478.5102920233,499654.96573085536,1000749.9359948479,1000749.9359948479
2025-03-27T15:30:00.000+0000,999668.7104664329,783065.1810572089,999999.9999999999,999549.5268832634,499654.96573085536,1000749.9359948479,1000749.9359948479
2025-03-27T15:40:00.000+0000,999760.9758450328,783065.1810572089,999999.9999999999,999595.8420514633,499654.96573085536,1000749.9359948479,1000749.9359948479
2025-03-27T15:50:00.000+0000,999731.4509238808,783065.1810572089,999999.9999999999,999581.0211976393,499654.96573085536,1000749.9359948479,1000749.9359948479
2025-03-27T16:00:00.000+0000,999700.6957976809,783065.1810572089,999999.9999999999,999565.5828082394,499654.96573085536,1000749.9359948479,1000749.9359948479
2025-03-27T16:10:00.000+0000,999689.6239522488,783065.1810572089,999999.9999999999,999560.0249880553,499654.96573085536,1000749.9359948479,1000749.9359948479
2025-03-27T16:20:00.000+0000,999673.6312866248,783065.1810572089,999999.9999999999,999551.9970255673,499654.96573085536,1000749.9359948479,1000749.9359948479
2025-03-27T16:30:00.000+0000,999837.2485580088,783065.1810572089,999999.9999999999,999634.1292571754,499654.96573085536,1000749.9359948479,1000749.9359948479
2025-03-27T16:40:00.000+0000,999818.7954822888,783065.1810572089,999999.9999999999,999624.8662235353,499654.96573085536,1000749.9359948479,1000749.9359948479
2025-03-27T16:50:00.000+0000,999933.2045517529,783065.1810572089,999999.9999999999,999682.2970321033,499654.96573085536,1000749.9359948479,1000749.9359948479
2025-03-27T17:00:00.000+0000,999952.8878325209,783065.1810572089,999999.9999999999,999692.1776013193,499654.96573085536,1000749.9359948479,1000749.9359948479
2025-03-27T17:10:00.000+0000,999947.9670123288,783065.1810572089,999999.9999999999,999689.7074590153,499654.96573085536,1000749.9359948479,1000749.9359948479
2025-03-27T17:20:00.000+0000,999995.9450092008,783065.1810572089,999999.9999999999,999713.7913464793,499654.96573085536,1000749.9359948479,1000749.9359948479
2025-03-27T17:30:00.000+0000,1000094.3614130409,783065.1810572089,999999.9999999999,999763.1941925593,499654.96573085536,1000749.9359948479,1000749.9359948479
2025-03-27T17:40:00.000+0000,1000070.9875171288,783065.1810572089,999999.9999999999,999751.4610166153,499654.96573085536,1000749.9359948479,1000749.9359948479
2025-03-27T17:50:00.000+0000,1000110.3540786649,783065.1810572089,999999.9999999999,999771.2221550473,499654.96573085536,1000749.9359948479,1000749.9359948479
2025-03-27T18:00:00.000+0000,1000088.2103878008,783065.1810572089,999999.9999999999,999760.1065146793,499654.96573085536,1000749.9359948479,1000749.9359948479
2025-03-27T18:10:00.000+0000,1000069.7573120808,783065.1810572089,999999.9999999999,999750.8434810393,499654.96573085536,1000749.9359948479,1000749.9359948479
2025-03-27T18:20:00.000+0000,1000072.2177221768,783065.1810572089,999999.9999999999,999752.0785521914,499654.96573085536,1000749.9359948479,1000749.9359948479
2025-03-27T18:30:00.000+0000,1000011.9376748248,783065.1810572089,999999.9999999999,999721.8193089673,499654.96573085536,1000749.9359948479,1000749.9359948479
2025-03-27T18:40:00.000+0000,999893.8379902169,783065.1810572089,999999.9999999999,999662.5358936713,499654.96573085536,1000749.9359948479,1000749.9359948479
2025-03-27T18:50:00.000+0000,999899.9890154569,783065.1810572089,999999.9999999999,999665.6235715513,499654.96573085536,1000749.9359948479,1000749.9359948479
2025-03-27T19:00:00.000+0000,999874.1547094488,783065.1810572089,999999.9999999999,999652.6553244554,499654.96573085536,1000749.9359948479,1000749.9359948479
2025-03-27T19:10:00.000+0000,999811.4142520009,783065.1810572089,999999.9999999999,999621.1610100793,499654.96573085536,1000749.9359948479,1000749.9359948479
2025-03-27T19:20:00.000+0000,999767.1268702729,783065.1810572089,999999.9999999999,999598.9297293433,499654.96573085536,1000749.9359948479,1000749.9359948479
2025-03-27T19:30:00.000+0000,999754.8248197929,783065.1810572089,999999.9999999999,999592.7543735834,499654.96573085536,1000749.9359948479,1000749.9359948479
2025-03-27T19:40:00.000+0000,999760.9758450328,783065.1810572089,999999.9999999999,999595.8420514633,499654.96573085536,1000749.9359948479,1000749.9359948479
2025-03-27T19:50:00.000+0000,999823.7163024808,783065.1810572089,999999.9999999999,999627.3363658394,499654.96573085536,1000749.9359948479,1000749.9359948479
2025-03-27T20:00:00.000+0000,999918.4420911769,783065.1810572089,999999.9999999999,999674.8866051913,499654.96573085536,1000749.9359948479,1000749.9359948479
2025-03-27T20:10:00.000+0000,999911.0608608888,783065.1810572089,999999.9999999999,999671.1813917353,499654.96573085536,1000749.9359948479,1000749.9359948479
2025-03-27T20:20:00.000+0000,999874.1547094488,783065.1810572089,999999.9999999999,999652.6553244554,499654.96573085536,1000749.9359948479,1000749.9359948479
2025-03-27T20:30:00.000+0000,999866.7734791609,783065.1810572089,999999.9999999999,999648.9501109993,499654.96573085536,1000749.9359948479,1000749.9359948479
2025-03-27T20:40:00.000+0000,999821.2558923848,783065.1810572089,999999.9999999999,999626.1012946874,499654.96573085536,1000749.9359948479,1000749.9359948479
2025-03-27T20:50:00.000+0000,999879.0755296409,783065.1810572089,999999.9999999999,999655.1254667593,499654.96573085536,1000749.9359948479,1000749.9359948479
2025-03-27T21:00:00.000+0000,999869.2338892568,783065.1810572089,999999.9999999999,999650.1851821513,499654.96573085536,1000749.9359948479,1000749.9359948479
2025-03-27T21:10:00.000+0000,999879.0755296409,783065.1810572089,999999.9999999999,999655.1254667593,499654.96573085536,1000749.9359948479,1000749.9359948479
2025-03-27T21:20:00.000+0000,999774.5081005609,783065.1810572089,999999.9999999999,999602.6349427993,499654.96573085536,1000749.9359948479,1000749.9359948479
2025-03-27T21:30:00.000+0000,999657.6386210008,783065.1810572089,999999.9999999999,999543.9690630793,499654.96573085536,1000749.9359948479,1000749.9359948479
2025-03-27T21:40:00.000+0000,999689.6239522488,783065.1810572089,999999.9999999999,999560.0249880553,499654.96573085536,1000749.9359948479,1000749.9359948479
2025-03-27T21:50:00.000+0000,999710.5374380648,783065.1810572089,999999.9999999999,999570.5230928473,499654.96573085536,1000749.9359948479,1000749.9359948479
2025-03-27T22:00:00.000+0000,999714.2280532089,783065.1810572089,999999.9999999999,999572.3756995753,499654.96573085536,1000749.9359948479,1000749.9359948479
2025-03-27T22:10:00.000+0000,999746.2133844568,783065.1810572089,999999.9999999999,999588.4316245513,499654.96573085536,1000749.9359948479,1000749.9359948479
2025-03-27T22:20:00.000+0000,999768.3570753208,783065.1810572089,999999.9999999999,999599.5472649194,499654.96573085536,1000749.9359948479,1000749.9359948479
2025-03-27T22:30:00.000+0000,999776.9685106569,783065.1810572089,999999.9999999999,999603.8700139513,499654.96573085536,1000749.9359948479,1000749.9359948479
2025-03-27T22:40:00.000+0000,999775.7383056089,783065.1810572089,999999.9999999999,999603.2524783753,499654.96573085536,1000749.9359948479,1000749.9359948479
2025-03-27T22:50:00.000+0000,999763.4362551288,783065.1810572089,999999.9999999999,999597.0771226153,499654.96573085536,1000749.9359948479,1000749.9359948479
2025-03-27T23:00:00.000+0000,999852.0110185848,783065.1810572089,999999.9999999999,999641.5396840873,499654.96573085536,1000749.9359948479,1000749.9359948479
2025-03-27T23:10:00.000+0000,999903.6796306008,783065.1810572089,999999.9999999999,999667.4761782794,499654.96573085536,1000749.9359948479,1000749.9359948479
2025-03-27T23:20:00.000+0000,999865.5432741129,783065.1810572089,999999.9999999999,999648.3325754233,499654.96573085536,1000749.9359948479,1000749.9359948479
2025-03-27T23:30:00.000+0000,999844.6297882969,783065.1810572089,999999.9999999999,999637.8344706313,499654.96573085536,1000749.9359948479,1000749.9359948479
2025-03-27T23:40:00.000+0000,999929.5139366088,783065.1810572089,999999.9999999999,999680.4444253753,499654.96573085536,1000749.9359948479,1000749.9359948479
2025-03-27T23:50:00.000+0000,999944.2763971848,783065.1810572089,999999.9999999999,999687.8548522873,499654.96573085536,1000749.9359948479,1000749.9359948479
2025-03-28T00:00:00.000+0000,999991.0241890089,783065.1810572089,999999.9999999999,999711.3212041754,499654.96573085536,1000749.9359948479,1000749.9359948479
2025-03-28T00:10:00.000+0000,1000118.9655140009,783065.1810572089,999999.9999999999,999775.5449040793,499654.96573085536,1000749.9359948479,1000749.9359948479
2025-03-28T00:20:00.000+0000,1000165.7133058249,783065.1810572089,999999.9999999999,999799.0112559673,499654.96573085536,1000749.9359948479,1000749.9359948479
2025-03-28T00:30:00.000+0000,1000176.7851512568,783065.1810572089,999999.9999999999,999804.5690761514,499654.96573085536,1000749.9359948479,1000749.9359948479
2025-03-28T00:40:00.000+0000,1000066.0666969368,783065.1810572089,999999.9999999999,999748.9908743113,499654.96573085536,1000749.9359948479,1000749.9359948479
2025-03-28T00:50:00.000+0000,999999.6356243448,783065.1810572089,999999.9999999999,999715.6439532073,499654.96573085536,1000749.9359948479,1000749.9359948479
2025-03-28T01:00:00.000+0000,999976.2617284328,783065.1810572089,999999.9999999999,999703.9107772633,499654.96573085536,1000749.9359948479,1000749.9359948479
2025-03-28T01:10:00.000+0000,1000080.8291575129,783065.1810572089,999999.9999999999,999756.4013012233,499654.96573085536,1000749.9359948479,1000749.9359948479
2025-03-28T01:20:00.000+0000,999966.4200880488,783065.1810572089,999999.9999999999,999698.9704926553,499654.96573085536,1000749.9359948479,1000749.9359948479
2025-03-28T01:30:00.000+0000,999728.9905137848,783065.1810572089,999999.9999999999,999579.7861264873,499654.96573085536,1000749.9359948479,1000749.9359948479
2025-03-28T01:40:00.000+0000,999711.7676431128,783065.1810572089,999999.9999999999,999571.1406284233,499654.96573085536,1000749.9359948479,1000749.9359948479
2025-03-28T01:50:00.000+0000,999784.3497409448,783065.1810572089,999999.9999999999,999607.5752274073,499654.96573085536,1000749.9359948479,1000749.9359948479
2025-03-28T02:00:00.000+0000,999765.8966652248,783065.1810572089,999999.9999999999,999598.3121937673,499654.96573085536,1000749.9359948479,1000749.9359948479
2025-03-28T02:10:00.000+0000,999699.4655926329,783065.1810572089,999999.9999999999,999564.9652726633,499654.96573085536,1000749.9359948479,1000749.9359948479
2025-03-28T02:20:00.000+0000,999732.6811289289,783065.1810572089,999999.9999999999,999581.6387332153,499654.96573085536,1000749.9359948479,1000749.9359948479
2025-03-28T02:30:00.000+0000,999823.7163024808,783065.1810572089,999999.9999999999,999627.3363658394,499654.96573085536,1000749.9359948479,1000749.9359948479
2025-03-28T02:40:00.000+0000,999882.7661447849,783065.1810572089,999999.9999999999,999656.9780734873,499654.96573085536,1000749.9359948479,1000749.9359948479
2025-03-28T02:50:00.000+0000,999907.3702457448,783065.1810572089,999999.9999999999,999669.3287850074,499654.96573085536,1000749.9359948479,1000749.9359948479
2025-03-28T03:00:00.000+0000,999955.3482426169,783065.1810572089,999999.9999999999,999693.4126724714,499654.96573085536,1000749.9359948479,1000749.9359948479
2025-03-28T03:10:00.000+0000,1000070.9875171288,783065.1810572089,999999.9999999999,999751.4610166153,499654.96573085536,1000749.9359948479,1000749.9359948479
2025-03-28T03:20:00.000+0000,1000127.5769493368,783065.1810572089,999999.9999999999,999779.8676531113,499654.96573085536,1000749.9359948479,1000749.9359948479
2025-03-28T03:30:00.000+0000,1000137.4185897209,783065.1810572089,999999.9999999999,999784.8079377193,499654.96573085536,1000749.9359948479,1000749.9359948479
2025-03-28T03:40:00.000+0000,1000164.4831007768,783065.1810572089,999999.9999999999,999798.3937203913,499654.96573085536,1000749.9359948479,1000749.9359948479
2025-03-28T03:50:00.000+0000,1000094.3614130409,783065.1810572089,999999.9999999999,999763.1941925593,499654.96573085536,1000749.9359948479,1000749.9359948479
2025-03-28T04:00:00.000+0000,1000069.7573120808,783065.1810572089,999999.9999999999,999750.8434810393,499654.96573085536,1000749.9359948479,1000749.9359948479
2025-03-28T04:10:00.000+0000,1000083.2895676089,783065.1810572089,999999.9999999999,999757.6363723753,499654.96573085536,1000749.9359948479,1000749.9359948479
2025-03-28T04:20:00.000+0000,1000153.4112553449,783065.1810572089,999999.9999999999,999792.8359002073,499654.96573085536,1000749.9359948479,1000749.9359948479
2025-03-28T04:30:00.000+0000,1000298.5754510089,783065.1810572089,999999.9999999999,999865.7050981753,499654.96573085536,1000749.9359948479,1000749.9359948479
2025-03-28T04:40:00.000+0000,1000663.9463502648,783065.1810572089,999999.9999999999,1000049.1131642474,499654.96573085536,1000749.9359948479,1000749.9359948479
2025-03-28T04:50:00.000+0000,1000619.6589685369,783065.1810572089,999999.9999999999,1000026.8818835113,499654.96573085536,1000749.9359948479,1000749.9359948479
2025-03-28T05:00:00.000+0000,1000657.7953250249,783065.1810572089,999999.9999999999,1000046.0254863673,499654.96573085536,1000749.9359948479,1000749.9359948479
2025-03-28T05:10:00.000+0000,1000731.6076279049,783065.1810572089,999999.9999999999,1000083.0776209274,499654.96573085536,1000749.9359948479,1000749.9359948479
2025-03-28T05:20:00.000+0000,1000673.7879906489,783065.1810572089,999999.9999999999,1000054.0534488553,499654.96573085536,1000749.9359948479,1000749.9359948479
2025-03-28T05:30:00.000+0000,1000730.3774228569,783065.1810572089,999999.9999999999,1000082.4600853514,499654.96573085536,1000749.9359948479,1000749.9359948479
2025-03-28T05:40:00.000+0000,1000721.7659875208,783065.1810572089,999999.9999999999,1000078.1373363193,499654.96573085536,1000749.9359948479,1000749.9359948479
2025-03-28T05:50:00.000+0000,1000746.3700884809,783065.1810572089,999999.9999999999,1000090.4880478394,499654.96573085536,1000749.9359948479,1000749.9359948479
2025-03-28T06:00:00.000+0000,1000681.1692209368,783065.1810572089,999999.9999999999,1000057.7586623114,499654.96573085536,1000749.9359948479,1000749.9359948479
2025-03-28T06:10:00.000+0000,1000678.7088108408,783065.1810572089,999999.9999999999,1000056.5235911594,499654.96573085536,1000749.9359948479,1000749.9359948479
2025-03-28T06:20:00.000+0000,1000704.5431168488,783065.1810572089,999999.9999999999,1000069.4918382553,499654.96573085536,1000749.9359948479,1000749.9359948479
2025-03-28T06:30:00.000+0000,1000719.3055774248,783065.1810572089,999999.9999999999,1000076.9022651673,499654.96573085536,1000749.9359948479,1000749.9359948479
2025-03-28T06:40:00.000+0000,1000794.3480853528,783065.1810572089,999999.9999999999,1000114.5719353033,499654.96573085536,1000749.9359948479,1000749.9359948479
2025-03-28T06:50:00.000+0000,1000933.3612557768,783065.1810572089,999999.9999999999,1000184.3534553914,499654.96573085536,1000749.9359948479,1000749.9359948479
2025-03-28T07:00:00.000+0000,1000820.1823913609,783065.1810572089,999999.9999999999,1000127.5401823993,499654.96573085536,1000749.9359948479,1000749.9359948479
2025-03-28T07:10:00.000+0000,1000841.0958771768,783065.1810572089,999999.9999999999,1000138.0382871913,499654.96573085536,1000749.9359948479,1000749.9359948479
2025-03-28T07:20:00.000+0000,1000828.7938266968,783065.1810572089,999999.9999999999,1000131.8629314313,499654.96573085536,1000749.9359948479,1000749.9359948479
2025-03-28T07:30:00.000+0000,1000858.3187478489,783065.1810572089,999999.9999999999,1000146.6837852553,499654.96573085536,1000749.9359948479,1000749.9359948479
2025-03-28T07:40:00.000+0000,1000898.9155144328,783065.1810572089,999999.9999999999,1000167.0624592634,499654.96573085536,1000749.9359948479,1000749.9359948479
2025-03-28T07:50:00.000+0000,1000977.6486375048,783065.1810572089,999999.9999999999,1000206.5847361273,499654.96573085536,1000749.9359948479,1000749.9359948479
2025-03-28T08:00:00.000+0000,1000933.3612557768,783065.1810572089,999999.9999999999,1000184.3534553914,499654.96573085536,1000749.9359948479,1000749.9359948479
2025-03-28T08:10:00.000+0000,1000948.1237163529,783065.1810572089,999999.9999999999,1000191.7638823034,499654.96573085536,1000749.9359948479,1000749.9359948479
2025-03-28T08:20:00.000+0000,1000992.4110980808,783065.1810572089,999999.9999999999,1000213.9951630393,499654.96573085536,1000749.9359948479,1000749.9359948479
2025-03-28T08:30:00.000+0000,1001041.6193000008,783065.1810572089,999999.9999999999,1000238.6965860793,499654.96573085536,1000749.9359948479,1000749.9359948479
2025-03-28T08:40:00.000+0000,1000972.7278173128,783065.1810572089,999999.9999999999,1000204.1145938233,499654.96573085536,1000749.9359948479,1000749.9359948479
2025-03-28T08:50:00.000+0000,1000977.6486375048,783065.1810572089,999999.9999999999,1000206.5847361273,499654.96573085536,1000749.9359948479,1000749.9359948479
2025-03-28T09:00:00.000+0000,1000992.4110980808,783065.1810572089,999999.9999999999,1000213.9951630393,499654.96573085536,1000749.9359948479,1000749.9359948479
2025-03-28T09:10:00.000+0000,1001098.2087322088,783065.1810572089,999999.9999999999,1000267.1032225753,499654.96573085536,1000749.9359948479,1000749.9359948479
2025-03-28T09:20:00.000+0000,1001047.7703252409,783065.1810572089,999999.9999999999,1000241.7842639593,499654.96573085536,1000749.9359948479,1000749.9359948479
2025-03-28T09:30:00.000+0000,1000982.5694576969,783065.1810572089,999999.9999999999,1000209.0548784314,499654.96573085536,1000749.9359948479,1000749.9359948479
2025-03-28T09:40:00.000+0000,1001105.5899624969,783065.1810572089,999999.9999999999,1000270.8084360313,499654.96573085536,1000749.9359948479,1000749.9359948479
2025-03-28T09:50:00.000+0000,1001106.8201675449,783065.1810572089,999999.9999999999,1000271.4259716073,499654.96573085536,1000749.9359948479,1000749.9359948479
2025-03-28T10:00:00.000+0000,1001062.5327858168,783065.1810572089,999999.9999999999,1000249.1946908713,499654.96573085536,1000749.9359948479,1000749.9359948479
2025-03-28T10:10:00.000+0000,1001047.7703252409,783065.1810572089,999999.9999999999,1000241.7842639593,499654.96573085536,1000749.9359948479,1000749.9359948479
2025-03-28T10:20:00.000+0000,1001057.6119656248,783065.1810572089,999999.9999999999,1000246.7245485673,499654.96573085536,1000749.9359948479,1000749.9359948479
2025-03-28T10:30:00.000+0000,1001058.8421706728,783065.1810572089,999999.9999999999,1000247.3420841433,499654.96573085536,1000749.9359948479,1000749.9359948479
2025-03-28T10:40:00.000+0000,1001124.0430382169,783065.1810572089,999999.9999999999,1000280.0714696713,499654.96573085536,1000749.9359948479,1000749.9359948479
2025-03-28T10:50:00.000+0000,1001147.4169341289,783065.1810572089,999999.9999999999,1000291.8046456153,499654.96573085536,1000749.9359948479,1000749.9359948479
2025-03-28T11:00:00.000+0000,1001212.6178016728,783065.1810572089,999999.9999999999,1000324.5340311433,499654.96573085536,1000749.9359948479,1000749.9359948479
2025-03-28T11:10:00.000+0000,1001256.9051834008,783065.1810572089,999999.9999999999,1000346.7653118793,499654.96573085536,1000749.9359948479,1000749.9359948479
2025-03-28T11:20:00.000+0000,1001130.1940634568,783065.1810572089,999999.9999999999,1000283.1591475513,499654.96573085536,1000749.9359948479,1000749.9359948479
2025-03-28T11:30:00.000+0000,1001143.7263189849,783065.1810572089,999999.9999999999,1000289.9520388873,499654.96573085536,1000749.9359948479,1000749.9359948479
2025-03-28T11:40:00.000+0000,1001074.8348362969,783065.1810572089,999999.9999999999,1000255.3700466313,499654.96573085536,1000749.9359948479,1000749.9359948479
2025-03-28T11:50:00.000+0000,1001050.2307353369,783065.1810572089,999999.9999999999,1000243.0193351114,499654.96573085536,1000749.9359948479,1000749.9359948479
2025-03-28T12:00:00.000+0000,1001044.0797100968,783065.1810572089,999999.9999999999,1000239.9316572313,499654.96573085536,1000749.9359948479,1000749.9359948479
2025-03-28T12:10:00.000+0000,1001112.9711927848,783065.1810572089,999999.9999999999,1000274.5136494873,499654.96573085536,1000749.9359948479,1000749.9359948479
2025-03-28T12:20:00.000+0000,1001003.4829435128,783065.1810572089,999999.9999999999,1000219.5529832233,499654.96573085536,1000749.9359948479,1000749.9359948479
2025-03-28T12:30:00.000+0000,1001090.8275019209,783065.1810572089,999999.9999999999,1000263.3980091193,499654.96573085536,1000749.9359948479,1000749.9359948479
2025-03-28T12:40:00.000+0000,1001133.8846786008,783065.1810572089,999999.9999999999,1000285.0117542794,499654.96573085536,1000749.9359948479,1000749.9359948479
2025-03-28T12:50:00.000+0000,1001140.0357038409,783065.1810572089,999999.9999999999,1000288.0994321593,499654.96573085536,1000749.9359948479,1000749.9359948479
2025-03-28T13:00:00.000+0000,1001147.4169341289,783065.1810572089,999999.9999999999,1000291.8046456153,499654.96573085536,1000749.9359948479,1000749.9359948479
2025-03-28T13:10:00.000+0000,1001019.4756091369,783065.1810572089,999999.9999999999,1000227.5809457114,499654.96573085536,1000749.9359948479,1000749.9359948479
2025-03-28T13:20:00.000+0000,1001020.7058141849,783065.1810572089,999999.9999999999,1000228.1984812873,499654.96573085536,1000749.9359948479,1000749.9359948479
2025-03-28T13:30:00.000+0000,1001085.9066817288,783065.1810572089,999999.9999999999,1000260.9278668154,499654.96573085536,1000749.9359948479,1000749.9359948479
2025-03-28T13:40:00.000+0000,1001109.2805776409,783065.1810572089,999999.9999999999,1000272.6610427593,499654.96573085536,1000749.9359948479,1000749.9359948479
2025-03-28T13:50:00.000+0000,1001215.0782117689,783065.1810572089,999999.9999999999,1000325.7691022953,499654.96573085536,1000749.9359948479,1000749.9359948479
2025-03-28T14:00:00.000+0000,1001265.5166187368,783065.1810572089,999999.9999999999,1000351.0880609113,499654.96573085536,1000749.9359948479,1000749.9359948479
2025-03-28T14:10:00.000+0000,1001373.7746629608,783065.1810572089,999999.9999999999,1000405.4311915993,499654.96573085536,1000749.9359948479,1000749.9359948479
2025-03-28T14:20:00.000+0000,1001280.2790793128,783065.1810572089,999999.9999999999,1000358.4984878233,499654.96573085536,1000749.9359948479,1000749.9359948479
2025-03-28T14:30:00.000+0000,1001147.4169341289,783065.1810572089,999999.9999999999,1000291.8046456153,499654.96573085536,1000749.9359948479,1000749.9359948479
2025-03-28T14:40:00.000+0000,1001135.1148836488,783065.1810572089,999999.9999999999,1000285.6292898554,499654.96573085536,1000749.9359948479,1000749.9359948479
2025-03-28T14:50:00.000+0000,1001184.3230855688,783065.1810572089,999999.9999999999,1000310.3307128954,499654.96573085536,1000749.9359948479,1000749.9359948479
2025-03-28T15:00:00.000+0000,1001199.0855461449,783065.1810572089,999999.9999999999,1000317.7411398073,499654.96573085536,1000749.9359948479,1000749.9359948479
2025-03-28T15:10:00.000+0000,1001167.1002148968,783065.1810572089,999999.9999999999,1000301.6852148313,499654.96573085536,1000749.9359948479,1000749.9359948479
2025-03-28T15:20:00.000+0000,1001176.9418552809,783065.1810572089,999999.9999999999,1000306.6254994393,499654.96573085536,1000749.9359948479,1000749.9359948479
2025-03-28T15:30:00.000+0000,1001132.6544735528,783065.1810572089,999999.9999999999,1000284.3942187033,499654.96573085536,1000749.9359948479,1000749.9359948479
2025-03-28T15:40:00.000+0000,1001156.0283694649,783065.1810572089,999999.9999999999,1000296.1273946473,499654.96573085536,1000749.9359948479,1000749.9359948479
2025-03-28T15:50:00.000+0000,1001298.7321550328,783065.1810572089,999999.9999999999,1000367.7615214633,499654.96573085536,1000749.9359948479,1000749.9359948479
2025-03-28T16:00:00.000+0000,1001221.2292370088,783065.1810572089,999999.9999999999,1000328.8567801754,499654.96573085536,1000749.9359948479,1000749.9359948479
2025-03-28T16:10:00.000+0000,1001232.3010824409,783065.1810572089,999999.9999999999,1000334.4146003593,499654.96573085536,1000749.9359948479,1000749.9359948479
2025-03-28T16:20:00.000+0000,1001232.3010824409,783065.1810572089,999999.9999999999,1000334.4146003593,499654.96573085536,1000749.9359948479,1000749.9359948479
2025-03-28T16:30:00.000+0000,1001237.2219026329,783065.1810572089,999999.9999999999,1000336.8847426634,499654.96573085536,1000749.9359948479,1000749.9359948479
2025-03-28T16:40:00.000+0000,1001255.6749783529,783065.1810572089,999999.9999999999,1000346.1477763033,499654.96573085536,1000749.9359948479,1000749.9359948479
2025-03-28T16:50:00.000+0000,1001296.2717449368,783065.1810572089,999999.9999999999,1000366.5264503113,499654.96573085536,1000749.9359948479,1000749.9359948479
2025-03-28T17:00:00.000+0000,1001243.3729278728,783065.1810572089,999999.9999999999,1000339.9724205433,499654.96573085536,1000749.9359948479,1000749.9359948479
2025-03-28T17:10:00.000+0000,1001154.7981644168,783065.1810572089,999999.9999999999,1000295.5098590713,499654.96573085536,1000749.9359948479,1000749.9359948479
2025-03-28T17:20:00.000+0000,1001146.1867290809,783065.1810572089,999999.9999999999,1000291.1871100393,499654.96573085536,1000749.9359948479,1000749.9359948479
2025-03-28T17:30:00.000+0000,1001196.6251360489,783065.1810572089,999999.9999999999,1000316.5060686553,499654.96573085536,1000749.9359948479,1000749.9359948479
2025-03-28T17:40:00.000+0000,1001199.0855461449,783065.1810572089,999999.9999999999,1000317.7411398073,499654.96573085536,1000749.9359948479,1000749.9359948479
2025-03-28T17:50:00.000+0000,1001141.2659088889,783065.1810572089,999999.9999999999,1000288.7169677353,499654.96573085536,1000749.9359948479,1000749.9359948479
2025-03-28T18:00:00.000+0000,1001121.5826281209,783065.1810572089,999999.9999999999,1000278.8363985193,499654.96573085536,1000749.9359948479,1000749.9359948479
2025-03-28T18:10:00.000+0000,1001160.9491896569,783065.1810572089,999999.9999999999,1000298.5975369513,499654.96573085536,1000749.9359948479,1000749.9359948479
2025-03-28T18:20:00.000+0000,1001218.7688269129,783065.1810572089,999999.9999999999,1000327.6217090234,499654.96573085536,1000749.9359948479,1000749.9359948479
2025-03-28T18:30:00.000+0000,1001168.3304199448,783065.1810572089,999999.9999999999,1000302.3027504074,499654.96573085536,1000749.9359948479,1000749.9359948479
2025-03-28T18:40:00.000+0000,1001194.1647259528,783065.1810572089,999999.9999999999,1000315.2709975033,499654.96573085536,1000749.9359948479,1000749.9359948479
2025-03-28T18:50:00.000+0000,1001174.4814451849,783065.1810572089,999999.9999999999,1000305.3904282873,499654.96573085536,1000749.9359948479,1000749.9359948479
2025-03-28T19:00:00.000+0000,1001159.7189846089,783065.1810572089,999999.9999999999,1000297.9800013753,499654.96573085536,1000749.9359948479,1000749.9359948479
2025-03-28T19:10:00.000+0000,1001192.9345209049,783065.1810572089,999999.9999999999,1000314.6534619273,499654.96573085536,1000749.9359948479,1000749.9359948479
2025-03-28T19:20:00.000+0000,1001263.0562086408,783065.1810572089,999999.9999999999,1000349.8529897593,499654.96573085536,1000749.9359948479,1000749.9359948479
2025-03-28T19:30:00.000+0000,1001266.7468237849,783065.1810572089,999999.9999999999,1000351.7055964873,499654.96573085536,1000749.9359948479,1000749.9359948479
2025-03-28T19:40:00.000+0000,1001359.0122023849,783065.1810572089,999999.9999999999,1000398.0207646873,499654.96573085536,1000749.9359948479,1000749.9359948479
2025-03-28T19:50:00.000+0000,1001403.2995841128,783065.1810572089,999999.9999999999,1000420.2520454234,499654.96573085536,1000749.9359948479,1000749.9359948479
2025-03-28T20:00:00.000+0000,1001267.9770288329,783065.1810572089,999999.9999999999,1000352.3231320633,499654.96573085536,1000749.9359948479,1000749.9359948479
2025-03-28T20:10:00.000+0000,1001242.1427228248,783065.1810572089,999999.9999999999,1000339.3548849673,499654.96573085536,1000749.9359948479,1000749.9359948479
2025-03-28T20:20:00.000+0000,1001223.6896471048,783065.1810572089,999999.9999999999,1000330.0918513273,499654.96573085536,1000749.9359948479,1000749.9359948479
2025-03-28T20:30:00.000+0000,1001256.9051834008,783065.1810572089,999999.9999999999,1000346.7653118793,499654.96573085536,1000749.9359948479,1000749.9359948479
2025-03-28T20:40:00.000+0000,1001281.5092843608,783065.1810572089,999999.9999999999,1000359.1160233993,499654.96573085536,1000749.9359948479,1000749.9359948479
2025-03-28T20:50:00.000+0000,1001464.8098365129,783065.1810572089,999999.9999999999,1000451.1288242233,499654.96573085536,1000749.9359948479,1000749.9359948479
2025-03-28T21:00:00.000+0000,1001473.4212718488,783065.1810572089,999999.9999999999,1000455.4515732554,499654.96573085536,1000749.9359948479,1000749.9359948479
2025-03-28T21:10:00.000+0000,1001404.5297891608,783065.1810572089,999999.9999999999,1000420.8695809994,499654.96573085536,1000749.9359948479,1000749.9359948479
2025-03-28T21:20:00.000+0000,1001327.0268711369,783065.1810572089,999999.9999999999,1000381.9648397113,499654.96573085536,1000749.9359948479,1000749.9359948479
2025-03-28T21:30:00.000+0000,1001291.3509247449,783065.1810572089,999999.9999999999,1000364.0563080073,499654.96573085536,1000749.9359948479,1000749.9359948479
2025-03-28T21:40:00.000+0000,1001351.6309720968,783065.1810572089,999999.9999999999,1000394.3155512313,499654.96573085536,1000749.9359948479,1000749.9359948479
2025-03-28T21:50:00.000+0000,1001328.2570761848,783065.1810572089,999999.9999999999,1000382.5823752873,499654.96573085536,1000749.9359948479,1000749.9359948479
2025-03-28T22:00:00.000+0000,1001219.9990319608,783065.1810572089,999999.9999999999,1000328.2392445994,499654.96573085536,1000749.9359948479,1000749.9359948479
2025-03-28T22:10:00.000+0000,1001218.7688269129,783065.1810572089,999999.9999999999,1000327.6217090234,499654.96573085536,1000749.9359948479,1000749.9359948479
2025-03-28T22:20:00.000+0000,1001275.3582591208,783065.1810572089,999999.9999999999,1000356.0283455193,499654.96573085536,1000749.9359948479,1000749.9359948479
2025-03-28T22:30:00.000+0000,1001229.8406723449,783065.1810572089,999999.9999999999,1000333.1795292073,499654.96573085536,1000749.9359948479,1000749.9359948479
2025-03-28T22:40:00.000+0000,1001174.4814451849,783065.1810572089,999999.9999999999,1000305.3904282873,499654.96573085536,1000749.9359948479,1000749.9359948479
2025-03-28T22:50:00.000+0000,1001117.8920129768,783065.1810572089,999999.9999999999,1000276.9837917914,499654.96573085536,1000749.9359948479,1000749.9359948479
2025-03-28T23:00:00.000+0000,1001093.2879120169,783065.1810572089,999999.9999999999,1000264.6330802713,499654.96573085536,1000749.9359948479,1000749.9359948479
2025-03-28T23:10:00.000+0000,1001152.3377543208,783065.1810572089,999999.9999999999,1000294.2747879194,499654.96573085536,1000749.9359948479,1000749.9359948479
2025-03-28T23:20:00.000+0000,1001222.4594420568,783065.1810572089,999999.9999999999,1000329.4743157513,499654.96573085536,1000749.9359948479,1000749.9359948479
2025-03-28T23:30:00.000+0000,1001205.2365713848,783065.1810572089,999999.9999999999,1000320.8288176873,499654.96573085536,1000749.9359948479,1000749.9359948479
2025-03-28T23:40:00.000+0000,1001183.0928805209,783065.1810572089,999999.9999999999,1000309.7131773194,499654.96573085536,1000749.9359948479,1000749.9359948479
2025-03-28T23:50:00.000+0000,1001245.8333379689,783065.1810572089,999999.9999999999,1000341.2074916953,499654.96573085536,1000749.9359948479,1000749.9359948479
2025-03-29T00:00:00.000+0000,1001138.8054987928,783065.1810572089,999999.9999999999,1000287.4818965833,499654.96573085536,1000749.9359948479,1000749.9359948479
2025-03-29T00:10:00.000+0000,1001013.3245838969,783065.1810572089,999999.9999999999,1000224.4932678313,499654.96573085536,1000749.9359948479,1000749.9359948479
2025-03-29T00:20:00.000+0000,1001042.8495050488,783065.1810572089,999999.9999999999,1000239.3141216553,499654.96573085536,1000749.9359948479,1000749.9359948479
2025-03-29T00:30:00.000+0000,1000969.0372021688,783065.1810572089,999999.9999999999,1000202.2619870953,499654.96573085536,1000749.9359948479,1000749.9359948479
2025-03-29T00:40:00.000+0000,1000992.4110980808,783065.1810572089,999999.9999999999,1000213.9951630393,499654.96573085536,1000749.9359948479,1000749.9359948479
2025-03-29T00:50:00.000+0000,1001096.9785271608,783065.1810572089,999999.9999999999,1000266.4856869993,499654.96573085536,1000749.9359948479,1000749.9359948479
2025-03-29T01:00:00.000+0000,1001084.6764766809,783065.1810572089,999999.9999999999,1000260.3103312394,499654.96573085536,1000749.9359948479,1000749.9359948479
2025-03-29T01:10:00.000+0000,1001073.6046312489,783065.1810572089,999999.9999999999,1000254.7525110553,499654.96573085536,1000749.9359948479,1000749.9359948479
2025-03-29T01:20:00.000+0000,1001185.5532906168,783065.1810572089,999999.9999999999,1000310.9482484714,499654.96573085536,1000749.9359948479,1000749.9359948479
2025-03-29T01:30:00.000+0000,1001164.6398048009,783065.1810572089,999999.9999999999,1000300.4501436793,499654.96573085536,1000749.9359948479,1000749.9359948479
2025-03-29T01:40:00.000+0000,1001237.2219026329,783065.1810572089,999999.9999999999,1000336.8847426634,499654.96573085536,1000749.9359948479,1000749.9359948479
2025-03-29T01:50:00.000+0000,1001226.1500572008,783065.1810572089,999999.9999999999,1000331.3269224793,499654.96573085536,1000749.9359948479,1000749.9359948479
2025-03-29T02:00:00.000+0000,1001199.0855461449,783065.1810572089,999999.9999999999,1000317.7411398073,499654.96573085536,1000749.9359948479,1000749.9359948479
2025-03-29T02:10:00.000+0000,1001216.3084168169,783065.1810572089,999999.9999999999,1000326.3866378713,499654.96573085536,1000749.9359948479,1000749.9359948479
2025-03-29T02:20:00.000+0000,1001293.8113348408,783065.1810572089,999999.9999999999,1000365.2913791593,499654.96573085536,1000749.9359948479,1000749.9359948479
2025-03-29T02:30:00.000+0000,1001336.8685115208,783065.1810572089,999999.9999999999,1000386.9051243194,499654.96573085536,1000749.9359948479,1000749.9359948479
2025-03-29T02:40:00.000+0000,1001408.2204043048,783065.1810572089,999999.9999999999,1000422.7221877273,499654.96573085536,1000749.9359948479,1000749.9359948479
2025-03-29T02:50:00.000+0000,1001435.2849153609,783065.1810572089,999999.9999999999,1000436.3079703993,499654.96573085536,1000749.9359948479,1000749.9359948479
2025-03-29T03:00:00.000+0000,1001555.8450100648,783065.1810572089,999999.9999999999,1000496.8264568474,499654.96573085536,1000749.9359948479,1000749.9359948479
2025-03-29T03:10:00.000+0000,1001685.0165401049,783065.1810572089,999999.9999999999,1000561.6676923273,499654.96573085536,1000749.9359948479,1000749.9359948479
2025-03-29T03:20:00.000+0000,1001665.3332593369,783065.1810572089,999999.9999999999,1000551.7871231113,499654.96573085536,1000749.9359948479,1000749.9359948479
2025-03-29T03:30:00.000+0000,1001498.0253728088,783065.1810572089,999999.9999999999,1000467.8022847753,499654.96573085536,1000749.9359948479,1000749.9359948479
2025-03-29T03:40:00.000+0000,1001381.1558932489,783065.1810572089,999999.9999999999,1000409.1364050553,499654.96573085536,1000749.9359948479,1000749.9359948479
2025-03-29T03:50:00.000+0000,1001403.2995841128,783065.1810572089,999999.9999999999,1000420.2520454234,499654.96573085536,1000749.9359948479,1000749.9359948479
2025-03-29T04:00:00.000+0000,1001323.3362559929,783065.1810572089,999999.9999999999,1000380.1122329833,499654.96573085536,1000749.9359948479,1000749.9359948479
2025-03-29T04:10:00.000+0000,1001362.7028175289,783065.1810572089,999999.9999999999,1000399.8733714153,499654.96573085536,1000749.9359948479,1000749.9359948479
2025-03-29T04:20:00.000+0000,1001479.5722970888,783065.1810572089,999999.9999999999,1000458.5392511353,499654.96573085536,1000749.9359948479,1000749.9359948479
2025-03-29T04:30:00.000+0000,1001470.9608617529,783065.1810572089,999999.9999999999,1000454.2165021034,499654.96573085536,1000749.9359948479,1000749.9359948479
2025-03-29T04:40:00.000+0000,1001468.5004516569,783065.1810572089,999999.9999999999,1000452.9814309513,499654.96573085536,1000749.9359948479,1000749.9359948479
2025-03-29T04:50:00.000+0000,1001479.5722970888,783065.1810572089,999999.9999999999,1000458.5392511353,499654.96573085536,1000749.9359948479,1000749.9359948479
2025-03-29T05:00:00.000+0000,1001483.2629122329,783065.1810572089,999999.9999999999,1000460.3918578633,499654.96573085536,1000749.9359948479,1000749.9359948479
2025-03-29T05:10:00.000+0000,1001522.6294737689,783065.1810572089,999999.9999999999,1000480.1529962954,499654.96573085536,1000749.9359948479,1000749.9359948479
2025-03-29T05:20:00.000+0000,1001608.7438271288,783065.1810572089,999999.9999999999,1000523.3804866154,499654.96573085536,1000749.9359948479,1000749.9359948479
2025-03-29T05:30:00.000+0000,1001596.4417766489,783065.1810572089,999999.9999999999,1000517.2051308553,499654.96573085536,1000749.9359948479,1000749.9359948479
2025-03-29T05:40:00.000+0000,1001574.2980857849,783065.1810572089,999999.9999999999,1000506.0894904874,499654.96573085536,1000749.9359948479,1000749.9359948479
2025-03-29T05:50:00.000+0000,1001550.9241898728,783065.1810572089,999999.9999999999,1000494.3563145433,499654.96573085536,1000749.9359948479,1000749.9359948479
2025-03-29T06:00:00.000+0000,1001584.1397261688,783065.1810572089,999999.9999999999,1000511.0297750953,499654.96573085536,1000749.9359948479,1000749.9359948479
2025-03-29T06:10:00.000+0000,1001703.4696158249,783065.1810572089,999999.9999999999,1000570.9307259673,499654.96573085536,1000749.9359948479,1000749.9359948479
2025-03-29T06:20:00.000+0000,1001709.6206410648,783065.1810572089,999999.9999999999,1000574.0184038474,499654.96573085536,1000749.9359948479,1000749.9359948479
2025-03-29T06:30:00.000+0000,1001682.5561300089,783065.1810572089,999999.9999999999,1000560.4326211753,499654.96573085536,1000749.9359948479,1000749.9359948479
2025-03-29T06:40:00.000+0000,1001645.6499785688,783065.1810572089,999999.9999999999,1000541.9065538953,499654.96573085536,1000749.9359948479,1000749.9359948479
2025-03-29T06:50:00.000+0000,1001701.0092057289,783065.1810572089,999999.9999999999,1000569.6956548153,499654.96573085536,1000749.9359948479,1000749.9359948479
2025-03-29T07:00:00.000+0000,1001768.6704833689,783065.1810572089,999999.9999999999,1000603.6601114953,499654.96573085536,1000749.9359948479,1000749.9359948479
2025-03-29T07:10:00.000+0000,1001777.2819187049,783065.1810572089,999999.9999999999,1000607.9828605274,499654.96573085536,1000749.9359948479,1000749.9359948479
2025-03-29T07:20:00.000+0000,1001735.4549470728,783065.1810572089,999999.9999999999,1000586.9866509433,499654.96573085536,1000749.9359948479,1000749.9359948479
2025-03-29T07:30:00.000+0000,1001730.5341268808,783065.1810572089,999999.9999999999,1000584.5165086393,499654.96573085536,1000749.9359948479,1000749.9359948479
2025-03-29T07:40:00.000+0000,1001814.1880701449,783065.1810572089,999999.9999999999,1000626.5089278073,499654.96573085536,1000749.9359948479,1000749.9359948479
2025-03-29T07:50:00.000+0000,1001899.0722184569,783065.1810572089,999999.9999999999,1000669.1188825513,499654.96573085536,1000749.9359948479,1000749.9359948479
2025-03-29T08:00:00.000+0000,1001910.1440638888,783065.1810572089,999999.9999999999,1000674.6767027354,499654.96573085536,1000749.9359948479,1000749.9359948479
2025-03-29T08:10:00.000+0000,1001821.5693004328,783065.1810572089,999999.9999999999,1000630.2141412633,499654.96573085536,1000749.9359948479,1000749.9359948479
2025-03-29T08:20:00.000+0000,1001857.2452468248,783065.1810572089,999999.9999999999,1000648.1226729674,499654.96573085536,1000749.9359948479,1000749.9359948479
2025-03-29T08:30:00.000+0000,1001830.1807357689,783065.1810572089,999999.9999999999,1000634.5368902953,499654.96573085536,1000749.9359948479,1000749.9359948479
2025-03-29T08:40:00.000+0000,1001854.7848367288,783065.1810572089,999999.9999999999,1000646.8876018153,499654.96573085536,1000749.9359948479,1000749.9359948479
2025-03-29T08:50:00.000+0000,1001906.4534487448,783065.1810572089,999999.9999999999,1000672.8240960073,499654.96573085536,1000749.9359948479,1000749.9359948479
2025-03-29T09:00:00.000+0000,1001901.5326285529,783065.1810572089,999999.9999999999,1000670.3539537033,499654.96573085536,1000749.9359948479,1000749.9359948479
2025-03-29T09:10:00.000+0000,1001988.8771869608,783065.1810572089,999999.9999999999,1000714.1989795993,499654.96573085536,1000749.9359948479,1000749.9359948479
2025-03-29T09:20:00.000+0000,1002013.4812879208,783065.1810572089,999999.9999999999,1000726.5496911193,499654.96573085536,1000749.9359948479,1000749.9359948479
2025-03-29T09:30:00.000+0000,1002046.6968242169,783065.1810572089,999999.9999999999,1000743.2231516714,499654.96573085536,1000749.9359948479,1000749.9359948479
2025-03-29T09:40:00.000+0000,1002143.8830230088,783065.1810572089,999999.9999999999,1000792.0084621753,499654.96573085536,1000749.9359948479,1000749.9359948479
2025-03-29T09:50:00.000+0000,1002109.4372816648,783065.1810572089,999999.9999999999,1000774.7174660473,499654.96573085536,1000749.9359948479,1000749.9359948479
2025-03-29T10:00:00.000+0000,1002119.2789220489,783065.1810572089,999999.9999999999,1000779.6577506553,499654.96573085536,1000749.9359948479,1000749.9359948479
2025-03-29T10:10:00.000+0000,1002105.7466665208,783065.1810572089,999999.9999999999,1000772.8648593193,499654.96573085536,1000749.9359948479,1000749.9359948479
2025-03-29T10:20:00.000+0000,1002118.0487170009,783065.1810572089,999999.9999999999,1000779.0402150793,499654.96573085536,1000749.9359948479,1000749.9359948479
2025-03-29T10:30:00.000+0000,1002191.8610198809,783065.1810572089,999999.9999999999,1000816.0923496393,499654.96573085536,1000749.9359948479,1000749.9359948479
2025-03-29T10:40:00.000+0000,1002211.5443006488,783065.1810572089,999999.9999999999,1000825.9729188554,499654.96573085536,1000749.9359948479,1000749.9359948479
2025-03-29T10:50:00.000+0000,1002302.5794742008,783065.1810572089,999999.9999999999,1000871.6705514793,499654.96573085536,1000749.9359948479,1000749.9359948479
2025-03-29T11:00:00.000+0000,1002321.0325499208,783065.1810572089,999999.9999999999,1000880.9335851193,499654.96573085536,1000749.9359948479,1000749.9359948479
2025-03-29T11:10:00.000+0000,1002287.8170136248,783065.1810572089,999999.9999999999,1000864.2601245673,499654.96573085536,1000749.9359948479,1000749.9359948479
2025-03-29T11:20:00.000+0000,1002405.9166982329,783065.1810572089,999999.9999999999,1000923.5435398633,499654.96573085536,1000749.9359948479,1000749.9359948479
2025-03-29T11:30:00.000+0000,1002526.4767929369,783065.1810572089,999999.9999999999,1000984.0620263113,499654.96573085536,1000749.9359948479,1000749.9359948479
2025-03-29T11:40:00.000+0000,1002606.4401210569,783065.1810572089,999999.9999999999,1001024.2018387513,499654.96573085536,1000749.9359948479,1000749.9359948479
2025-03-29T11:50:00.000+0000,1002512.9445374089,783065.1810572089,999999.9999999999,1000977.2691349753,499654.96573085536,1000749.9359948479,1000749.9359948479
2025-03-29T12:00:00.000+0000,1002436.6718244329,783065.1810572089,999999.9999999999,1000938.9819292633,499654.96573085536,1000749.9359948479,1000749.9359948479
2025-03-29T12:10:00.000+0000,1002351.7876761209,783065.1810572089,999999.9999999999,1000896.3719745193,499654.96573085536,1000749.9359948479,1000749.9359948479
2025-03-29T12:20:00.000+0000,1002307.5002943928,783065.1810572089,999999.9999999999,1000874.1406937833,499654.96573085536,1000749.9359948479,1000749.9359948479
2025-03-29T12:30:00.000+0000,1002357.9387013608,783065.1810572089,999999.9999999999,1000899.4596523993,499654.96573085536,1000749.9359948479,1000749.9359948479
2025-03-29T12:40:00.000+0000,1002421.9093638569,783065.1810572089,999999.9999999999,1000931.5715023513,499654.96573085536,1000749.9359948479,1000749.9359948479
2025-03-29T12:50:00.000+0000,1002444.0530547209,783065.1810572089,999999.9999999999,1000942.6871427193,499654.96573085536,1000749.9359948479,1000749.9359948479
2025-03-29T13:00:00.000+0000,1002323.4929600168,783065.1810572089,999999.9999999999,1000882.1686562713,499654.96573085536,1000749.9359948479,1000749.9359948479
2025-03-29T13:10:00.000+0000,1002244.7598369449,783065.1810572089,999999.9999999999,1000842.6463794073,499654.96573085536,1000749.9359948479,1000749.9359948479
2025-03-29T13:20:00.000+0000,1002207.8536855049,783065.1810572089,999999.9999999999,1000824.1203121273,499654.96573085536,1000749.9359948479,1000749.9359948479
2025-03-29T13:30:00.000+0000,1002260.7525025689,783065.1810572089,999999.9999999999,1000850.6743418954,499654.96573085536,1000749.9359948479,1000749.9359948479
2025-03-29T13:40:00.000+0000,1002229.9973763688,783065.1810572089,999999.9999999999,1000835.2359524954,499654.96573085536,1000749.9359948479,1000749.9359948479
2025-03-29T13:50:00.000+0000,1002182.0193794968,783065.1810572089,999999.9999999999,1000811.1520650313,499654.96573085536,1000749.9359948479,1000749.9359948479
2025-03-29T14:00:00.000+0000,1002180.7891744488,783065.1810572089,999999.9999999999,1000810.5345294554,499654.96573085536,1000749.9359948479,1000749.9359948479
2025-03-29T14:10:00.000+0000,1002306.2700893448,783065.1810572089,999999.9999999999,1000873.5231582073,499654.96573085536,1000749.9359948479,1000749.9359948479
2025-03-29T14:20:00.000+0000,1002337.0252155449,783065.1810572089,999999.9999999999,1000888.9615476073,499654.96573085536,1000749.9359948479,1000749.9359948479
2025-03-29T14:30:00.000+0000,1002318.5721398249,783065.1810572089,999999.9999999999,1000879.6985139673,499654.96573085536,1000749.9359948479,1000749.9359948479
2025-03-29T14:40:00.000+0000,1002281.6659883849,783065.1810572089,999999.9999999999,1000861.1724466874,499654.96573085536,1000749.9359948479,1000749.9359948479
2025-03-29T14:50:00.000+0000,1002343.1762407848,783065.1810572089,999999.9999999999,1000892.0492254873,499654.96573085536,1000749.9359948479,1000749.9359948479
2025-03-29T15:00:00.000+0000,1002335.7950104969,783065.1810572089,999999.9999999999,1000888.3440120313,499654.96573085536,1000749.9359948479,1000749.9359948479
2025-03-29T15:10:00.000+0000,1002327.1835751608,783065.1810572089,999999.9999999999,1000884.0212629993,499654.96573085536,1000749.9359948479,1000749.9359948479
2025-03-29T15:20:00.000+0000,1002332.1043953529,783065.1810572089,999999.9999999999,1000886.4914053034,499654.96573085536,1000749.9359948479,1000749.9359948479
2025-03-29T15:30:00.000+0000,1002428.0603890968,783065.1810572089,999999.9999999999,1000934.6591802313,499654.96573085536,1000749.9359948479,1000749.9359948479
2025-03-29T15:40:00.000+0000,1002456.3551052008,783065.1810572089,999999.9999999999,1000948.8624984793,499654.96573085536,1000749.9359948479,1000749.9359948479
2025-03-29T15:50:00.000+0000,1002458.8155152969,783065.1810572089,999999.9999999999,1000950.0975696313,499654.96573085536,1000749.9359948479,1000749.9359948479
2025-03-29T16:00:00.000+0000,1002457.5853102489,783065.1810572089,999999.9999999999,1000949.4800340553,499654.96573085536,1000749.9359948479,1000749.9359948479
2025-03-29T16:10:00.000+0000,1002447.7436698648,783065.1810572089,999999.9999999999,1000944.5397494474,499654.96573085536,1000749.9359948479,1000749.9359948479
2025-03-29T16:20:00.000+0000,1002567.0735595209,783065.1810572089,999999.9999999999,1001004.4407003194,499654.96573085536,1000749.9359948479,1000749.9359948479
2025-03-29T16:30:00.000+0000,1002506.7935121688,783065.1810572089,999999.9999999999,1000974.1814570953,499654.96573085536,1000749.9359948479,1000749.9359948479
2025-03-29T16:40:00.000+0000,1002557.2319191368,783065.1810572089,999999.9999999999,1000999.5004157113,499654.96573085536,1000749.9359948479,1000749.9359948479
2025-03-29T16:50:00.000+0000,1002660.5691431689,783065.1810572089,999999.9999999999,1001051.3734040953,499654.96573085536,1000749.9359948479,1000749.9359948479
2025-03-29T17:00:00.000+0000,1002681.4826289848,783065.1810572089,999999.9999999999,1001061.8715088873,499654.96573085536,1000749.9359948479,1000749.9359948479
2025-03-29T17:10:00.000+0000,1002745.4532914809,783065.1810572089,999999.9999999999,1001093.9833588393,499654.96573085536,1000749.9359948479,1000749.9359948479
2025-03-29T17:20:00.000+0000,1002725.7700107128,783065.1810572089,999999.9999999999,1001084.1027896233,499654.96573085536,1000749.9359948479,1000749.9359948479
2025-03-29T17:30:00.000+0000,1002536.3184333208,783065.1810572089,999999.9999999999,1000989.0023109193,499654.96573085536,1000749.9359948479,1000749.9359948479
2025-03-29T17:40:00.000+0000,1002677.7920138409,783065.1810572089,999999.9999999999,1001060.0189021593,499654.96573085536,1000749.9359948479,1000749.9359948479
2025-03-29T17:50:00.000+0000,1002735.6116510968,783065.1810572089,999999.9999999999,1001089.0430742314,499654.96573085536,1000749.9359948479,1000749.9359948479
2025-03-29T18:00:00.000+0000,1002626.1234018249,783065.1810572089,999999.9999999999,1001034.0824079673,499654.96573085536,1000749.9359948479,1000749.9359948479
2025-03-29T18:10:00.000+0000,1002650.7275027848,783065.1810572089,999999.9999999999,1001046.4331194874,499654.96573085536,1000749.9359948479,1000749.9359948479
2025-03-29T18:20:00.000+0000,1002650.7275027848,783065.1810572089,999999.9999999999,1001046.4331194874,499654.96573085536,1000749.9359948479,1000749.9359948479
2025-03-29T18:30:00.000+0000,1002583.0662251448,783065.1810572089,999999.9999999999,1001012.4686628074,499654.96573085536,1000749.9359948479,1000749.9359948479
2025-03-29T18:40:00.000+0000,1002581.8360200969,783065.1810572089,999999.9999999999,1001011.8511272313,499654.96573085536,1000749.9359948479,1000749.9359948479
2025-03-29T18:50:00.000+0000,1002589.2172503849,783065.1810572089,999999.9999999999,1001015.5563406873,499654.96573085536,1000749.9359948479,1000749.9359948479
2025-03-29T19:00:00.000+0000,1002648.2670926888,783065.1810572089,999999.9999999999,1001045.1980483353,499654.96573085536,1000749.9359948479,1000749.9359948479
2025-03-29T19:10:00.000+0000,1002669.1805785048,783065.1810572089,999999.9999999999,1001055.6961531274,499654.96573085536,1000749.9359948479,1000749.9359948479
2025-03-29T19:20:00.000+0000,1002683.9430390808,783065.1810572089,999999.9999999999,1001063.1065800394,499654.96573085536,1000749.9359948479,1000749.9359948479
2025-03-29T19:30:00.000+0000,1002735.6116510968,783065.1810572089,999999.9999999999,1001089.0430742314,499654.96573085536,1000749.9359948479,1000749.9359948479
2025-03-29T19:40:00.000+0000,1002647.0368876408,783065.1810572089,999999.9999999999,1001044.5805127593,499654.96573085536,1000749.9359948479,1000749.9359948479
2025-03-29T19:50:00.000+0000,1002574.4547898088,783065.1810572089,999999.9999999999,1001008.1459137753,499654.96573085536,1000749.9359948479,1000749.9359948479
2025-03-29T20:00:00.000+0000,1002616.2817614409,783065.1810572089,999999.9999999999,1001029.1421233594,499654.96573085536,1000749.9359948479,1000749.9359948479
2025-03-29T20:10:00.000+0000,1002683.9430390808,783065.1810572089,999999.9999999999,1001063.1065800394,499654.96573085536,1000749.9359948479,1000749.9359948479
2025-03-29T20:20:00.000+0000,1002648.2670926888,783065.1810572089,999999.9999999999,1001045.1980483353,499654.96573085536,1000749.9359948479,1000749.9359948479
2025-03-29T20:30:00.000+0000,1002607.6703261049,783065.1810572089,999999.9999999999,1001024.8193743273,499654.96573085536,1000749.9359948479,1000749.9359948479
2025-03-29T20:40:00.000+0000,1002674.1013986969,783065.1810572089,999999.9999999999,1001058.1662954313,499654.96573085536,1000749.9359948479,1000749.9359948479
2025-03-29T20:50:00.000+0000,1002773.7480075848,783065.1810572089,999999.9999999999,1001108.1866770873,499654.96573085536,1000749.9359948479,1000749.9359948479
2025-03-29T21:00:00.000+0000,1002731.9210359529,783065.1810572089,999999.9999999999,1001087.1904675033,499654.96573085536,1000749.9359948479,1000749.9359948479
2025-03-29T21:10:00.000+0000,1002666.7201684088,783065.1810572089,999999.9999999999,1001054.4610819754,499654.96573085536,1000749.9359948479,1000749.9359948479
2025-03-29T21:20:00.000+0000,1002647.0368876408,783065.1810572089,999999.9999999999,1001044.5805127593,499654.96573085536,1000749.9359948479,1000749.9359948479
2025-03-29T21:30:00.000+0000,1002789.7406732088,783065.1810572089,999999.9999999999,1001116.2146395753,499654.96573085536,1000749.9359948479,1000749.9359948479
2025-03-29T21:40:00.000+0000,1002792.2010833048,783065.1810572089,999999.9999999999,1001117.4497107273,499654.96573085536,1000749.9359948479,1000749.9359948479
2025-03-29T21:50:00.000+0000,1002698.7054996568,783065.1810572089,999999.9999999999,1001070.5170069514,499654.96573085536,1000749.9359948479,1000749.9359948479
2025-03-29T22:00:00.000+0000,1002745.4532914809,783065.1810572089,999999.9999999999,1001093.9833588393,499654.96573085536,1000749.9359948479,1000749.9359948479
2025-03-29T22:10:00.000+0000,1002712.2377551849,783065.1810572089,999999.9999999999,1001077.3098982873,499654.96573085536,1000749.9359948479,1000749.9359948479
2025-03-29T22:20:00.000+0000,1002695.0148845129,783065.1810572089,999999.9999999999,1001068.6644002233,499654.96573085536,1000749.9359948479,1000749.9359948479
2025-03-29T22:30:00.000+0000,1002682.7128340328,783065.1810572089,999999.9999999999,1001062.4890444633,499654.96573085536,1000749.9359948479,1000749.9359948479
2025-03-29T22:40:00.000+0000,1002739.3022662408,783065.1810572089,999999.9999999999,1001090.8956809593,499654.96573085536,1000749.9359948479,1000749.9359948479
2025-03-29T22:50:00.000+0000,1002727.0002157609,783065.1810572089,999999.9999999999,1001084.7203251993,499654.96573085536,1000749.9359948479,1000749.9359948479
2025-03-29T23:00:00.000+0000,1002681.4826289848,783065.1810572089,999999.9999999999,1001061.8715088873,499654.96573085536,1000749.9359948479,1000749.9359948479
2025-03-29T23:10:00.000+0000,1002681.4826289848,783065.1810572089,999999.9999999999,1001061.8715088873,499654.96573085536,1000749.9359948479,1000749.9359948479
2025-03-29T23:20:00.000+0000,1002658.1087330729,783065.1810572089,999999.9999999999,1001050.1383329433,499654.96573085536,1000749.9359948479,1000749.9359948479
2025-03-29T23:30:00.000+0000,1002653.1879128809,783065.1810572089,999999.9999999999,1001047.6681906393,499654.96573085536,1000749.9359948479,1000749.9359948479
2025-03-29T23:40:00.000+0000,1002584.2964301929,783065.1810572089,999999.9999999999,1001013.0861983834,499654.96573085536,1000749.9359948479,1000749.9359948479
2025-03-29T23:50:00.000+0000,1002530.1674080809,783065.1810572089,999999.9999999999,1000985.9146330394,499654.96573085536,1000749.9359948479,1000749.9359948479
2025-03-30T00:00:00.000+0000,1002525.2465878888,783065.1810572089,999999.9999999999,1000983.4444907353,499654.96573085536,1000749.9359948479,1000749.9359948479
2025-03-30T00:10:00.000+0000,1002479.7290011129,783065.1810572089,999999.9999999999,1000960.5956744233,499654.96573085536,1000749.9359948479,1000749.9359948479
2025-03-30T00:20:00.000+0000,1002494.4914616889,783065.1810572089,999999.9999999999,1000968.0061013353,499654.96573085536,1000749.9359948479,1000749.9359948479
2025-03-30T00:30:00.000+0000,1002639.6556573529,783065.1810572089,999999.9999999999,1001040.8752993033,499654.96573085536,1000749.9359948479,1000749.9359948479
2025-03-30T00:40:00.000+0000,1002549.8506888489,783065.1810572089,999999.9999999999,1000995.7952022554,499654.96573085536,1000749.9359948479,1000749.9359948479
2025-03-30T00:50:00.000+0000,1002512.9445374089,783065.1810572089,999999.9999999999,1000977.2691349753,499654.96573085536,1000749.9359948479,1000749.9359948479
2025-03-30T01:00:00.000+0000,1002402.2260830889,783065.1810572089,999999.9999999999,1000921.6909331353,499654.96573085536,1000749.9359948479,1000749.9359948479
2025-03-30T01:10:00.000+0000,1002405.9166982329,783065.1810572089,999999.9999999999,1000923.5435398633,499654.96573085536,1000749.9359948479,1000749.9359948479
2025-03-30T01:20:00.000+0000,1002432.9812092888,783065.1810572089,999999.9999999999,1000937.1293225354,499654.96573085536,1000749.9359948479,1000749.9359948479
2025-03-30T01:30:00.000+0000,1002316.1117297289,783065.1810572089,999999.9999999999,1000878.4634428154,499654.96573085536,1000749.9359948479,1000749.9359948479
2025-03-30T01:40:00.000+0000,1002372.7011619369,783065.1810572089,999999.9999999999,1000906.8700793113,499654.96573085536,1000749.9359948479,1000749.9359948479
2025-03-30T01:50:00.000+0000,1002448.9738749128,783065.1810572089,999999.9999999999,1000945.1572850234,499654.96573085536,1000749.9359948479,1000749.9359948479
2025-03-30T02:00:00.000+0000,1002318.5721398249,783065.1810572089,999999.9999999999,1000879.6985139673,499654.96573085536,1000749.9359948479,1000749.9359948479
2025-03-30T02:10:00.000+0000,1002350.5574710729,783065.1810572089,999999.9999999999,1000895.7544389433,499654.96573085536,1000749.9359948479,1000749.9359948479
2025-03-30T02:20:00.000+0000,1002345.6366508808,783065.1810572089,999999.9999999999,1000893.2842966393,499654.96573085536,1000749.9359948479,1000749.9359948479
2025-03-30T02:30:00.000+0000,1002309.9607044889,783065.1810572089,999999.9999999999,1000875.3757649353,499654.96573085536,1000749.9359948479,1000749.9359948479
2025-03-30T02:40:00.000+0000,1002263.2129126649,783065.1810572089,999999.9999999999,1000851.9094130474,499654.96573085536,1000749.9359948479,1000749.9359948479
2025-03-30T02:50:00.000+0000,1002293.9680388649,783065.1810572089,999999.9999999999,1000867.3478024473,499654.96573085536,1000749.9359948479,1000749.9359948479
2025-03-30T03:00:00.000+0000,1002236.1484016088,783065.1810572089,999999.9999999999,1000838.3236303753,499654.96573085536,1000749.9359948479,1000749.9359948479
2025-03-30T03:10:00.000+0000,1002234.9181965608,783065.1810572089,999999.9999999999,1000837.7060947993,499654.96573085536,1000749.9359948479,1000749.9359948479
2025-03-30T03:20:00.000+0000,1002217.6953258888,783065.1810572089,999999.9999999999,1000829.0605967353,499654.96573085536,1000749.9359948479,1000749.9359948479
2025-03-30T03:30:00.000+0000,1002281.6659883849,783065.1810572089,999999.9999999999,1000861.1724466874,499654.96573085536,1000749.9359948479,1000749.9359948479
2025-03-30T03:40:00.000+0000,1002328.4137802089,783065.1810572089,999999.9999999999,1000884.6387985754,499654.96573085536,1000749.9359948479,1000749.9359948479
2025-03-30T03:50:00.000+0000,1002327.1835751608,783065.1810572089,999999.9999999999,1000884.0212629993,499654.96573085536,1000749.9359948479,1000749.9359948479
2025-03-30T04:00:00.000+0000,1002333.3346004009,783065.1810572089,999999.9999999999,1000887.1089408793,499654.96573085536,1000749.9359948479,1000749.9359948479
2025-03-30T04:10:00.000+0000,1002298.8888590569,783065.1810572089,999999.9999999999,1000869.8179447514,499654.96573085536,1000749.9359948479,1000749.9359948479
2025-03-30T04:20:00.000+0000,1002330.8741903049,783065.1810572089,999999.9999999999,1000885.8738697274,499654.96573085536,1000749.9359948479,1000749.9359948479
2025-03-30T04:30:00.000+0000,1002333.3346004009,783065.1810572089,999999.9999999999,1000887.1089408793,499654.96573085536,1000749.9359948479,1000749.9359948479
2025-03-30T04:40:00.000+0000,1002293.9680388649,783065.1810572089,999999.9999999999,1000867.3478024473,499654.96573085536,1000749.9359948479,1000749.9359948479
2025-03-30T04:50:00.000+0000,1002275.5149631449,783065.1810572089,999999.9999999999,1000858.0847688073,499654.96573085536,1000749.9359948479,1000749.9359948479
2025-03-30T05:00:00.000+0000,1002306.2700893448,783065.1810572089,999999.9999999999,1000873.5231582073,499654.96573085536,1000749.9359948479,1000749.9359948479
2025-03-30T05:10:00.000+0000,1002268.1337328568,783065.1810572089,999999.9999999999,1000854.3795553513,499654.96573085536,1000749.9359948479,1000749.9359948479
2025-03-30T05:20:00.000+0000,1002248.4504520888,783065.1810572089,999999.9999999999,1000844.4989861354,499654.96573085536,1000749.9359948479,1000749.9359948479
2025-03-30T05:30:00.000+0000,1002249.6806571368,783065.1810572089,999999.9999999999,1000845.1165217113,499654.96573085536,1000749.9359948479,1000749.9359948479
2025-03-30T05:40:00.000+0000,1002264.4431177129,783065.1810572089,999999.9999999999,1000852.5269486234,499654.96573085536,1000749.9359948479,1000749.9359948479
2025-03-30T05:50:00.000+0000,1002344.4064458328,783065.1810572089,999999.9999999999,1000892.6667610633,499654.96573085536,1000749.9359948479,1000749.9359948479
2025-03-30T06:00:00.000+0000,1002360.3991114568,783065.1810572089,999999.9999999999,1000900.6947235513,499654.96573085536,1000749.9359948479,1000749.9359948479
2025-03-30T06:10:00.000+0000,1002382.5428023208,783065.1810572089,999999.9999999999,1000911.8103639194,499654.96573085536,1000749.9359948479,1000749.9359948479
2025-03-30T06:20:00.000+0000,1002476.0383859689,783065.1810572089,999999.9999999999,1000958.7430676953,499654.96573085536,1000749.9359948479,1000749.9359948479
2025-03-30T06:30:00.000+0000,1002440.3624395769,783065.1810572089,999999.9999999999,1000940.8345359913,499654.96573085536,1000749.9359948479,1000749.9359948479
2025-03-30T06:40:00.000+0000,1002314.8815246809,783065.1810572089,999999.9999999999,1000877.8459072394,499654.96573085536,1000749.9359948479,1000749.9359948479
2025-03-30T06:50:00.000+0000,1002385.0032124168,783065.1810572089,999999.9999999999,1000913.0454350713,499654.96573085536,1000749.9359948479,1000749.9359948479
2025-03-30T07:00:00.000+0000,1002357.9387013608,783065.1810572089,999999.9999999999,1000899.4596523993,499654.96573085536,1000749.9359948479,1000749.9359948479
2025-03-30T07:10:00.000+0000,1002327.1835751608,783065.1810572089,999999.9999999999,1000884.0212629993,499654.96573085536,1000749.9359948479,1000749.9359948479
2025-03-30T07:20:00.000+0000,1002356.7084963128,783065.1810572089,999999.9999999999,1000898.8421168233,499654.96573085536,1000749.9359948479,1000749.9359948479
2025-03-30T07:30:00.000+0000,1002388.6938275609,783065.1810572089,999999.9999999999,1000914.8980417993,499654.96573085536,1000749.9359948479,1000749.9359948479
2025-03-30T07:40:00.000+0000,1002429.2905941448,783065.1810572089,999999.9999999999,1000935.2767158074,499654.96573085536,1000749.9359948479,1000749.9359948479
2025-03-30T07:50:00.000+0000,1002434.2114143368,783065.1810572089,999999.9999999999,1000937.7468581113,499654.96573085536,1000749.9359948479,1000749.9359948479
2025-03-30T08:00:00.000+0000,1002405.9166982329,783065.1810572089,999999.9999999999,1000923.5435398633,499654.96573085536,1000749.9359948479,1000749.9359948479
2025-03-30T08:10:00.000+0000,1002380.0823922248,783065.1810572089,999999.9999999999,1000910.5752927674,499654.96573085536,1000749.9359948479,1000749.9359948479
2025-03-30T08:20:00.000+0000,1002381.3125972728,783065.1810572089,999999.9999999999,1000911.1928283434,499654.96573085536,1000749.9359948479,1000749.9359948479
2025-03-30T08:30:00.000+0000,1002340.7158306888,783065.1810572089,999999.9999999999,1000890.8141543353,499654.96573085536,1000749.9359948479,1000749.9359948479
2025-03-30T08:40:00.000+0000,1002337.0252155449,783065.1810572089,999999.9999999999,1000888.9615476073,499654.96573085536,1000749.9359948479,1000749.9359948479
2025-03-30T08:50:00.000+0000,1002271.8243480008,783065.1810572089,999999.9999999999,1000856.2321620793,499654.96573085536,1000749.9359948479,1000749.9359948479
2025-03-30T09:00:00.000+0000,1002273.0545530488,783065.1810572089,999999.9999999999,1000856.8496976553,499654.96573085536,1000749.9359948479,1000749.9359948479
2025-03-30T09:10:00.000+0000,1002305.0398842968,783065.1810572089,999999.9999999999,1000872.9056226313,499654.96573085536,1000749.9359948479,1000749.9359948479
2025-03-30T09:20:00.000+0000,1002274.2847580968,783065.1810572089,999999.9999999999,1000857.4672332313,499654.96573085536,1000749.9359948479,1000749.9359948479
2025-03-30T09:30:00.000+0000,1002242.2994268489,783065.1810572089,999999.9999999999,1000841.4113082553,499654.96573085536,1000749.9359948479,1000749.9359948479
2025-03-30T09:40:00.000+0000,1002287.8170136248,783065.1810572089,999999.9999999999,1000864.2601245673,499654.96573085536,1000749.9359948479,1000749.9359948479
2025-03-30T09:50:00.000+0000,1002329.6439852568,783065.1810572089,999999.9999999999,1000885.2563341514,499654.96573085536,1000749.9359948479,1000749.9359948479
2025-03-30T10:00:00.000+0000,1002292.7378338168,783065.1810572089,999999.9999999999,1000866.7302668713,499654.96573085536,1000749.9359948479,1000749.9359948479
2025-03-30T10:10:00.000+0000,1002291.5076287689,783065.1810572089,999999.9999999999,1000866.1127312953,499654.96573085536,1000749.9359948479,1000749.9359948479
2025-03-30T10:20:00.000+0000,1002387.4636225129,783065.1810572089,999999.9999999999,1000914.2805062233,499654.96573085536,1000749.9359948479,1000749.9359948479
2025-03-30T10:30:00.000+0000,1002457.5853102489,783065.1810572089,999999.9999999999,1000949.4800340553,499654.96573085536,1000749.9359948479,1000749.9359948479
2025-03-30T10:40:00.000+0000,1002528.9372030329,783065.1810572089,999999.9999999999,1000985.2970974633,499654.96573085536,1000749.9359948479,1000749.9359948479
2025-03-30T10:50:00.000+0000,1002537.5486383688,783065.1810572089,999999.9999999999,1000989.6198464953,499654.96573085536,1000749.9359948479,1000749.9359948479
2025-03-30T11:00:00.000+0000,1002517.8653576009,783065.1810572089,999999.9999999999,1000979.7392772794,499654.96573085536,1000749.9359948479,1000749.9359948479
2025-03-30T11:10:00.000+0000,1002432.9812092888,783065.1810572089,999999.9999999999,1000937.1293225354,499654.96573085536,1000749.9359948479,1000749.9359948479
2025-03-30T11:20:00.000+0000,1002478.4987960649,783065.1810572089,999999.9999999999,1000959.9781388473,499654.96573085536,1000749.9359948479,1000749.9359948479
2025-03-30T11:30:00.000+0000,1002520.3257676968,783065.1810572089,999999.9999999999,1000980.9743484313,499654.96573085536,1000749.9359948479,1000749.9359948479
2025-03-30T11:40:00.000+0000,1002540.0090484648,783065.1810572089,999999.9999999999,1000990.8549176473,499654.96573085536,1000749.9359948479,1000749.9359948479
2025-03-30T11:50:00.000+0000,1002516.6351525529,783065.1810572089,999999.9999999999,1000979.1217417034,499654.96573085536,1000749.9359948479,1000749.9359948479
2025-03-30T12:00:00.000+0000,1002522.7861777928,783065.1810572089,999999.9999999999,1000982.2094195833,499654.96573085536,1000749.9359948479,1000749.9359948479
2025-03-30T12:10:00.000+0000,1002528.9372030329,783065.1810572089,999999.9999999999,1000985.2970974633,499654.96573085536,1000749.9359948479,1000749.9359948479
2025-03-30T12:20:00.000+0000,1002453.8946951048,783065.1810572089,999999.9999999999,1000947.6274273273,499654.96573085536,1000749.9359948479,1000749.9359948479
2025-03-30T12:30:00.000+0000,1002440.3624395769,783065.1810572089,999999.9999999999,1000940.8345359913,499654.96573085536,1000749.9359948479,1000749.9359948479
2025-03-30T12:40:00.000+0000,1002477.2685910169,783065.1810572089,999999.9999999999,1000959.3606032713,499654.96573085536,1000749.9359948479,1000749.9359948479
2025-03-30T12:50:00.000+0000,1002466.1967455848,783065.1810572089,999999.9999999999,1000953.8027830874,499654.96573085536,1000749.9359948479,1000749.9359948479
2025-03-30T13:00:00.000+0000,1002476.0383859689,783065.1810572089,999999.9999999999,1000958.7430676953,499654.96573085536,1000749.9359948479,1000749.9359948479
2025-03-30T13:10:00.000+0000,1002391.1542376569,783065.1810572089,999999.9999999999,1000916.1331129513,499654.96573085536,1000749.9359948479,1000749.9359948479
2025-03-30T13:20:00.000+0000,1002407.1469032809,783065.1810572089,999999.9999999999,1000924.1610754393,499654.96573085536,1000749.9359948479,1000749.9359948479
2025-03-30T13:30:00.000+0000,1002576.9151999048,783065.1810572089,999999.9999999999,1001009.3809849273,499654.96573085536,1000749.9359948479,1000749.9359948479
2025-03-30T13:40:00.000+0000,1002522.7861777928,783065.1810572089,999999.9999999999,1000982.2094195833,499654.96573085536,1000749.9359948479,1000749.9359948479
2025-03-30T13:50:00.000+0000,1002623.6629917289,783065.1810572089,999999.9999999999,1001032.8473368153,499654.96573085536,1000749.9359948479,1000749.9359948479
2025-03-30T14:00:00.000+0000,1002675.3316037449,783065.1810572089,999999.9999999999,1001058.7838310073,499654.96573085536,1000749.9359948479,1000749.9359948479
2025-03-30T14:10:00.000+0000,1002650.7275027848,783065.1810572089,999999.9999999999,1001046.4331194874,499654.96573085536,1000749.9359948479,1000749.9359948479
2025-03-30T14:20:00.000+0000,1002615.0515563928,783065.1810572089,999999.9999999999,1001028.5245877833,499654.96573085536,1000749.9359948479,1000749.9359948479
2025-03-30T14:30:00.000+0000,1002648.2670926888,783065.1810572089,999999.9999999999,1001045.1980483353,499654.96573085536,1000749.9359948479,1000749.9359948479
2025-03-30T14:40:00.000+0000,1002571.9943797129,783065.1810572089,999999.9999999999,1001006.9108426233,499654.96573085536,1000749.9359948479,1000749.9359948479
2025-03-30T14:50:00.000+0000,1002585.5266352409,783065.1810572089,999999.9999999999,1001013.7037339594,499654.96573085536,1000749.9359948479,1000749.9359948479
2025-03-30T15:00:00.000+0000,1002605.2099160089,783065.1810572089,999999.9999999999,1001023.5843031753,499654.96573085536,1000749.9359948479,1000749.9359948479
2025-03-30T15:10:00.000+0000,1002521.5559727448,783065.1810572089,999999.9999999999,1000981.5918840073,499654.96573085536,1000749.9359948479,1000749.9359948479
2025-03-30T15:20:00.000+0000,1002551.0808938969,783065.1810572089,999999.9999999999,1000996.4127378314,499654.96573085536,1000749.9359948479,1000749.9359948479
2025-03-30T15:30:00.000+0000,1002595.3682756248,783065.1810572089,999999.9999999999,1001018.6440185673,499654.96573085536,1000749.9359948479,1000749.9359948479
2025-03-30T15:40:00.000+0000,1002626.1234018249,783065.1810572089,999999.9999999999,1001034.0824079673,499654.96573085536,1000749.9359948479,1000749.9359948479
2025-03-30T15:50:00.000+0000,1002632.2744270648,783065.1810572089,999999.9999999999,1001037.1700858474,499654.96573085536,1000749.9359948479,1000749.9359948479
2025-03-30T16:00:00.000+0000,1002654.4181179288,783065.1810572089,999999.9999999999,1001048.2857262153,499654.96573085536,1000749.9359948479,1000749.9359948479
2025-03-30T16:10:00.000+0000,1002624.8931967769,783065.1810572089,999999.9999999999,1001033.4648723913,499654.96573085536,1000749.9359948479,1000749.9359948479
2025-03-30T16:20:00.000+0000,1002627.3536068728,783065.1810572089,999999.9999999999,1001034.6999435433,499654.96573085536,1000749.9359948479,1000749.9359948479
2025-03-30T16:30:00.000+0000,1002713.4679602329,783065.1810572089,999999.9999999999,1001077.9274338633,499654.96573085536,1000749.9359948479,1000749.9359948479
2025-03-30T16:40:00.000+0000,1002754.0647268168,783065.1810572089,999999.9999999999,1001098.3061078714,499654.96573085536,1000749.9359948479,1000749.9359948479
2025-03-30T16:50:00.000+0000,1002878.3154366649,783065.1810572089,999999.9999999999,1001160.6772010473,499654.96573085536,1000749.9359948479,1000749.9359948479
2025-03-30T17:00:00.000+0000,1002866.0133861848,783065.1810572089,999999.9999999999,1001154.5018452873,499654.96573085536,1000749.9359948479,1000749.9359948479
2025-03-30T17:10:00.000+0000,1002794.6614934008,783065.1810572089,999999.9999999999,1001118.6847818793,499654.96573085536,1000749.9359948479,1000749.9359948479
2025-03-30T17:20:00.000+0000,1002755.2949318648,783065.1810572089,999999.9999999999,1001098.9236434473,499654.96573085536,1000749.9359948479,1000749.9359948479
2025-03-30T17:30:00.000+0000,1002693.7846794649,783065.1810572089,999999.9999999999,1001068.0468646473,499654.96573085536,1000749.9359948479,1000749.9359948479
2025-03-30T17:40:00.000+0000,1002715.9283703289,783065.1810572089,999999.9999999999,1001079.1625050153,499654.96573085536,1000749.9359948479,1000749.9359948479
2025-03-30T17:50:00.000+0000,1002727.0002157609,783065.1810572089,999999.9999999999,1001084.7203251993,499654.96573085536,1000749.9359948479,1000749.9359948479
2025-03-30T18:00:00.000+0000,1002569.5339696169,783065.1810572089,999999.9999999999,1001005.6757714713,499654.96573085536,1000749.9359948479,1000749.9359948479
2025-03-30T18:10:00.000+0000,1002564.6131494248,783065.1810572089,999999.9999999999,1001003.2056291674,499654.96573085536,1000749.9359948479,1000749.9359948479
2025-03-30T18:20:00.000+0000,1002460.0457203449,783065.1810572089,999999.9999999999,1000950.7151052073,499654.96573085536,1000749.9359948479,1000749.9359948479
2025-03-30T18:30:00.000+0000,1002498.1820768329,783065.1810572089,999999.9999999999,1000969.8587080634,499654.96573085536,1000749.9359948479,1000749.9359948479
2025-03-30T18:40:00.000+0000,1002446.5134648168,783065.1810572089,999999.9999999999,1000943.9222138713,499654.96573085536,1000749.9359948479,1000749.9359948479
2025-03-30T18:50:00.000+0000,1002421.9093638569,783065.1810572089,999999.9999999999,1000931.5715023513,499654.96573085536,1000749.9359948479,1000749.9359948479
2025-03-30T19:00:00.000+0000,1002359.1689064088,783065.1810572089,999999.9999999999,1000900.0771879753,499654.96573085536,1000749.9359948479,1000749.9359948479
2025-03-30T19:10:00.000+0000,1002471.1175657768,783065.1810572089,999999.9999999999,1000956.2729253913,499654.96573085536,1000749.9359948479,1000749.9359948479
2025-03-30T19:20:00.000+0000,1002480.9592061609,783065.1810572089,999999.9999999999,1000961.2132099993,499654.96573085536,1000749.9359948479,1000749.9359948479
2025-03-30T19:30:00.000+0000,1002490.8008465448,783065.1810572089,999999.9999999999,1000966.1534946073,499654.96573085536,1000749.9359948479,1000749.9359948479
2025-03-30T19:40:00.000+0000,1002498.1820768329,783065.1810572089,999999.9999999999,1000969.8587080634,499654.96573085536,1000749.9359948479,1000749.9359948479
2025-03-30T19:50:00.000+0000,1002557.2319191368,783065.1810572089,999999.9999999999,1000999.5004157113,499654.96573085536,1000749.9359948479,1000749.9359948479
2025-03-30T20:00:00.000+0000,1002584.2964301929,783065.1810572089,999999.9999999999,1001013.0861983834,499654.96573085536,1000749.9359948479,1000749.9359948479
2025-03-30T20:10:00.000+0000,1002557.2319191368,783065.1810572089,999999.9999999999,1000999.5004157113,499654.96573085536,1000749.9359948479,1000749.9359948479
2025-03-30T20:20:00.000+0000,1002569.5339696169,783065.1810572089,999999.9999999999,1001005.6757714713,499654.96573085536,1000749.9359948479,1000749.9359948479
2025-03-30T20:30:00.000+0000,1002575.6849948568,783065.1810572089,999999.9999999999,1001008.7634493513,499654.96573085536,1000749.9359948479,1000749.9359948479
2025-03-30T20:40:00.000+0000,1002619.9723765849,783065.1810572089,999999.9999999999,1001030.9947300873,499654.96573085536,1000749.9359948479,1000749.9359948479
2025-03-30T20:50:00.000+0000,1002624.8931967769,783065.1810572089,999999.9999999999,1001033.4648723913,499654.96573085536,1000749.9359948479,1000749.9359948479
2025-03-30T21:00:00.000+0000,1002617.5119664888,783065.1810572089,999999.9999999999,1001029.7596589354,499654.96573085536,1000749.9359948479,1000749.9359948479
2025-03-30T21:10:00.000+0000,1002568.3037645689,783065.1810572089,999999.9999999999,1001005.0582358954,499654.96573085536,1000749.9359948479,1000749.9359948479
2025-03-30T21:20:00.000+0000,1002590.4474554328,783065.1810572089,999999.9999999999,1001016.1738762633,499654.96573085536,1000749.9359948479,1000749.9359948479
2025-03-30T21:30:00.000+0000,1002599.0588907688,783065.1810572089,999999.9999999999,1001020.4966252954,499654.96573085536,1000749.9359948479,1000749.9359948479
2025-03-30T21:40:00.000+0000,1002728.2304208088,783065.1810572089,999999.9999999999,1001085.3378607753,499654.96573085536,1000749.9359948479,1000749.9359948479
2025-03-30T21:50:00.000+0000,1002814.3447741688,783065.1810572089,999999.9999999999,1001128.5653510953,499654.96573085536,1000749.9359948479,1000749.9359948479
2025-03-30T22:00:00.000+0000,1002897.9987174328,783065.1810572089,999999.9999999999,1001170.5577702633,499654.96573085536,1000749.9359948479,1000749.9359948479
2025-03-30T22:10:00.000+0000,1003044.3931181448,783065.1810572089,999999.9999999999,1001244.0445038073,499654.96573085536,1000749.9359948479,1000749.9359948479
2025-03-30T22:20:00.000+0000,1002985.3432758409,783065.1810572089,999999.9999999999,1001214.4027961593,499654.96573085536,1000749.9359948479,1000749.9359948479
2025-03-30T22:30:00.000+0000,1002714.6981652809,783065.1810572089,999999.9999999999,1001078.5449694393,499654.96573085536,1000749.9359948479,1000749.9359948479
2025-03-30T22:40:00.000+0000,1002712.2377551849,783065.1810572089,999999.9999999999,1001077.3098982873,499654.96573085536,1000749.9359948479,1000749.9359948479
2025-03-30T22:50:00.000+0000,1002730.6908309049,783065.1810572089,999999.9999999999,1001086.5729319273,499654.96573085536,1000749.9359948479,1000749.9359948479
2025-03-30T23:00:00.000+0000,1002832.7978498889,783065.1810572089,999999.9999999999,1001137.8283847353,499654.96573085536,1000749.9359948479,1000749.9359948479
2025-03-30T23:10:00.000+0000,1002847.5603104648,783065.1810572089,999999.9999999999,1001145.2388116473,499654.96573085536,1000749.9359948479,1000749.9359948479
2025-03-30T23:20:00.000+0000,1002932.4444587769,783065.1810572089,999999.9999999999,1001187.8487663913,499654.96573085536,1000749.9359948479,1000749.9359948479
2025-03-30T23:30:00.000+0000,1002957.0485597368,783065.1810572089,999999.9999999999,1001200.1994779113,499654.96573085536,1000749.9359948479,1000749.9359948479
2025-03-30T23:40:00.000+0000,1002923.8330234408,783065.1810572089,999999.9999999999,1001183.5260173593,499654.96573085536,1000749.9359948479,1000749.9359948479
2025-03-30T23:50:00.000+0000,1002933.6746638248,783065.1810572089,999999.9999999999,1001188.4663019673,499654.96573085536,1000749.9359948479,1000749.9359948479
2025-03-31T00:00:00.000+0000,1002864.7831811368,783065.1810572089,999999.9999999999,1001153.8843097113,499654.96573085536,1000749.9359948479,1000749.9359948479
2025-03-31T00:10:00.000+0000,1002829.1072347448,783065.1810572089,999999.9999999999,1001135.9757780073,499654.96573085536,1000749.9359948479,1000749.9359948479
2025-03-31T00:20:00.000+0000,1002945.9767143049,783065.1810572089,999999.9999999999,1001194.6416577273,499654.96573085536,1000749.9359948479,1000749.9359948479
2025-03-31T00:30:00.000+0000,1003024.7098373768,783065.1810572089,999999.9999999999,1001234.1639345913,499654.96573085536,1000749.9359948479,1000749.9359948479
2025-03-31T00:40:00.000+0000,1003281.8226924088,783065.1810572089,999999.9999999999,1001363.2288699753,499654.96573085536,1000749.9359948479,1000749.9359948479
2025-03-31T00:50:00.000+0000,1003198.1687491449,783065.1810572089,999999.9999999999,1001321.2364508073,499654.96573085536,1000749.9359948479,1000749.9359948479
2025-03-31T01:00:00.000+0000,1003014.8681969929,783065.1810572089,999999.9999999999,1001229.2236499833,499654.96573085536,1000749.9359948479,1000749.9359948479
2025-03-31T01:10:00.000+0000,1002993.9547111768,783065.1810572089,999999.9999999999,1001218.7255451913,499654.96573085536,1000749.9359948479,1000749.9359948479
2025-03-31T01:20:00.000+0000,1002799.5823135928,783065.1810572089,999999.9999999999,1001121.1549241833,499654.96573085536,1000749.9359948479,1000749.9359948479
2025-03-31T01:30:00.000+0000,1002846.3301054168,783065.1810572089,999999.9999999999,1001144.6212760713,499654.96573085536,1000749.9359948479,1000749.9359948479
2025-03-31T01:40:00.000+0000,1002878.3154366649,783065.1810572089,999999.9999999999,1001160.6772010473,499654.96573085536,1000749.9359948479,1000749.9359948479
2025-03-31T01:50:00.000+0000,1002872.1644114249,783065.1810572089,999999.9999999999,1001157.5895231673,499654.96573085536,1000749.9359948479,1000749.9359948479
2025-03-31T02:00:00.000+0000,1002890.6174871449,783065.1810572089,999999.9999999999,1001166.8525568073,499654.96573085536,1000749.9359948479,1000749.9359948479
2025-03-31T02:10:00.000+0000,1002911.5309729609,783065.1810572089,999999.9999999999,1001177.3506615993,499654.96573085536,1000749.9359948479,1000749.9359948479
2025-03-31T02:20:00.000+0000,1002936.1350739208,783065.1810572089,999999.9999999999,1001189.7013731194,499654.96573085536,1000749.9359948479,1000749.9359948479
2025-03-31T02:30:00.000+0000,1002933.6746638248,783065.1810572089,999999.9999999999,1001188.4663019673,499654.96573085536,1000749.9359948479,1000749.9359948479
2025-03-31T02:40:00.000+0000,1002803.2729287369,783065.1810572089,999999.9999999999,1001123.0075309114,499654.96573085536,1000749.9359948479,1000749.9359948479
2025-03-31T02:50:00.000+0000,1002760.2157520568,783065.1810572089,999999.9999999999,1001101.3937857513,499654.96573085536,1000749.9359948479,1000749.9359948479
2025-03-31T03:00:00.000+0000,1002806.9635438808,783065.1810572089,999999.9999999999,1001124.8601376393,499654.96573085536,1000749.9359948479,1000749.9359948479
2025-03-31T03:10:00.000+0000,1002949.6673294489,783065.1810572089,999999.9999999999,1001196.4942644553,499654.96573085536,1000749.9359948479,1000749.9359948479
2025-03-31T03:20:00.000+0000,1002929.9840486809,783065.1810572089,999999.9999999999,1001186.6136952393,499654.96573085536,1000749.9359948479,1000749.9359948479
2025-03-31T03:30:00.000+0000,1002910.3007679129,783065.1810572089,999999.9999999999,1001176.7331260233,499654.96573085536,1000749.9359948479,1000749.9359948479
2025-03-31T03:40:00.000+0000,1003025.9400424248,783065.1810572089,999999.9999999999,1001234.7814701673,499654.96573085536,1000749.9359948479,1000749.9359948479
2025-03-31T03:50:00.000+0000,1003126.8168563609,783065.1810572089,999999.9999999999,1001285.4193873993,499654.96573085536,1000749.9359948479,1000749.9359948479
2025-03-31T04:00:00.000+0000,1003049.3139383369,783065.1810572089,999999.9999999999,1001246.5146461113,499654.96573085536,1000749.9359948479,1000749.9359948479
2025-03-31T04:10:00.000+0000,1003055.4649635769,783065.1810572089,999999.9999999999,1001249.6023239914,499654.96573085536,1000749.9359948479,1000749.9359948479
2025-03-31T04:20:00.000+0000,1003180.9458784729,783065.1810572089,999999.9999999999,1001312.5909527433,499654.96573085536,1000749.9359948479,1000749.9359948479
2025-03-31T04:30:00.000+0000,1003091.1409099689,783065.1810572089,999999.9999999999,1001267.5108556953,499654.96573085536,1000749.9359948479,1000749.9359948479
2025-03-31T04:40:00.000+0000,1003001.3359414649,783065.1810572089,999999.9999999999,1001222.4307586473,499654.96573085536,1000749.9359948479,1000749.9359948479
2025-03-31T04:50:00.000+0000,1003038.2420929049,783065.1810572089,999999.9999999999,1001240.9568259274,499654.96573085536,1000749.9359948479,1000749.9359948479
2025-03-31T05:00:00.000+0000,1002915.2215881048,783065.1810572089,999999.9999999999,1001179.2032683273,499654.96573085536,1000749.9359948479,1000749.9359948479
2025-03-31T05:10:00.000+0000,1002888.1570770489,783065.1810572089,999999.9999999999,1001165.6174856554,499654.96573085536,1000749.9359948479,1000749.9359948479
2025-03-31T05:20:00.000+0000,1002832.7978498889,783065.1810572089,999999.9999999999,1001137.8283847353,499654.96573085536,1000749.9359948479,1000749.9359948479
2025-03-31T05:30:00.000+0000,1002900.4591275288,783065.1810572089,999999.9999999999,1001171.7928414153,499654.96573085536,1000749.9359948479,1000749.9359948479
2025-03-31T05:40:00.000+0000,1002909.0705628649,783065.1810572089,999999.9999999999,1001176.1155904473,499654.96573085536,1000749.9359948479,1000749.9359948479
2025-03-31T05:50:00.000+0000,1002942.2860991608,783065.1810572089,999999.9999999999,1001192.7890509993,499654.96573085536,1000749.9359948479,1000749.9359948479
2025-03-31T06:00:00.000+0000,1002936.1350739208,783065.1810572089,999999.9999999999,1001189.7013731194,499654.96573085536,1000749.9359948479,1000749.9359948479
2025-03-31T06:10:00.000+0000,1002959.5089698329,783065.1810572089,999999.9999999999,1001201.4345490633,499654.96573085536,1000749.9359948479,1000749.9359948479
2025-03-31T06:20:00.000+0000,1002993.9547111768,783065.1810572089,999999.9999999999,1001218.7255451913,499654.96573085536,1000749.9359948479,1000749.9359948479
2025-03-31T06:30:00.000+0000,1003097.2919352088,783065.1810572089,999999.9999999999,1001270.5985335753,499654.96573085536,1000749.9359948479,1000749.9359948479
2025-03-31T06:40:00.000+0000,1003066.5368090088,783065.1810572089,999999.9999999999,1001255.1601441753,499654.96573085536,1000749.9359948479,1000749.9359948479
2025-03-31T06:50:00.000+0000,1003115.7450109288,783065.1810572089,999999.9999999999,1001279.8615672153,499654.96573085536,1000749.9359948479,1000749.9359948479
2025-03-31T07:00:00.000+0000,1003019.7890171849,783065.1810572089,999999.9999999999,1001231.6937922874,499654.96573085536,1000749.9359948479,1000749.9359948479
2025-03-31T07:10:00.000+0000,1003196.9385440969,783065.1810572089,999999.9999999999,1001320.6189152313,499654.96573085536,1000749.9359948479,1000749.9359948479
2025-03-31T07:20:00.000+0000,1003251.0675662089,783065.1810572089,999999.9999999999,1001347.7904805753,499654.96573085536,1000749.9359948479,1000749.9359948479
2025-03-31T07:30:00.000+0000,1003251.0675662089,783065.1810572089,999999.9999999999,1001347.7904805753,499654.96573085536,1000749.9359948479,1000749.9359948479
2025-03-31T07:40:00.000+0000,1003327.3402791849,783065.1810572089,999999.9999999999,1001386.0776862873,499654.96573085536,1000749.9359948479,1000749.9359948479
2025-03-31T07:50:00.000+0000,1003310.1174085129,783065.1810572089,999999.9999999999,1001377.4321882233,499654.96573085536,1000749.9359948479,1000749.9359948479
2025-03-31T08:00:00.000+0000,1003146.5001371289,783065.1810572089,999999.9999999999,1001295.2999566153,499654.96573085536,1000749.9359948479,1000749.9359948479
2025-03-31T08:10:00.000+0000,1003158.8021876088,783065.1810572089,999999.9999999999,1001301.4753123753,499654.96573085536,1000749.9359948479,1000749.9359948479
2025-03-31T08:20:00.000+0000,1003172.3344431368,783065.1810572089,999999.9999999999,1001308.2682037114,499654.96573085536,1000749.9359948479,1000749.9359948479
2025-03-31T08:30:00.000+0000,1003152.6511623688,783065.1810572089,999999.9999999999,1001298.3876344953,499654.96573085536,1000749.9359948479,1000749.9359948479
2025-03-31T08:40:00.000+0000,1003198.1687491449,783065.1810572089,999999.9999999999,1001321.2364508073,499654.96573085536,1000749.9359948479,1000749.9359948479
2025-03-31T08:50:00.000+0000,1003208.0103895288,783065.1810572089,999999.9999999999,1001326.1767354154,499654.96573085536,1000749.9359948479,1000749.9359948479
2025-03-31T09:00:00.000+0000,1003379.0088912009,783065.1810572089,999999.9999999999,1001412.0141804793,499654.96573085536,1000749.9359948479,1000749.9359948479
2025-03-31T09:10:00.000+0000,1003417.1452476889,783065.1810572089,999999.9999999999,1001431.1577833353,499654.96573085536,1000749.9359948479,1000749.9359948479
2025-03-31T09:20:00.000+0000,1003420.8358628328,783065.1810572089,999999.9999999999,1001433.0103900633,499654.96573085536,1000749.9359948479,1000749.9359948479
2025-03-31T09:30:00.000+0000,1003431.9077082649,783065.1810572089,999999.9999999999,1001438.5682102473,499654.96573085536,1000749.9359948479,1000749.9359948479
2025-03-31T09:40:00.000+0000,1003531.5543171528,783065.1810572089,999999.9999999999,1001488.5885919033,499654.96573085536,1000749.9359948479,1000749.9359948479
2025-03-31T09:50:00.000+0000,1003542.6261625849,783065.1810572089,999999.9999999999,1001494.1464120874,499654.96573085536,1000749.9359948479,1000749.9359948479
2025-03-31T10:00:00.000+0000,1003520.4824717208,783065.1810572089,999999.9999999999,1001483.0307717193,499654.96573085536,1000749.9359948479,1000749.9359948479
2025-03-31T10:10:00.000+0000,1003612.7478503209,783065.1810572089,999999.9999999999,1001529.3459399194,499654.96573085536,1000749.9359948479,1000749.9359948479
2025-03-31T10:20:00.000+0000,1003477.4252950408,783065.1810572089,999999.9999999999,1001461.4170265594,499654.96573085536,1000749.9359948479,1000749.9359948479
2025-03-31T10:30:00.000+0000,1003414.6848375929,783065.1810572089,999999.9999999999,1001429.9227121833,499654.96573085536,1000749.9359948479,1000749.9359948479
2025-03-31T10:40:00.000+0000,1003264.5998217368,783065.1810572089,999999.9999999999,1001354.5833719113,499654.96573085536,1000749.9359948479,1000749.9359948479
2025-03-31T10:50:00.000+0000,1003252.2977712569,783065.1810572089,999999.9999999999,1001348.4080161513,499654.96573085536,1000749.9359948479,1000749.9359948479
2025-03-31T11:00:00.000+0000,1003289.2039226969,783065.1810572089,999999.9999999999,1001366.9340834313,499654.96573085536,1000749.9359948479,1000749.9359948479
2025-03-31T11:10:00.000+0000,1003317.4986388008,783065.1810572089,999999.9999999999,1001381.1374016793,499654.96573085536,1000749.9359948479,1000749.9359948479
2025-03-31T11:20:00.000+0000,1003348.2537650008,783065.1810572089,999999.9999999999,1001396.5757910793,499654.96573085536,1000749.9359948479,1000749.9359948479
2025-03-31T11:30:00.000+0000,1003402.3827871128,783065.1810572089,999999.9999999999,1001423.7473564233,499654.96573085536,1000749.9359948479,1000749.9359948479
2025-03-31T11:40:00.000+0000,1003279.3622823128,783065.1810572089,999999.9999999999,1001361.9937988233,499654.96573085536,1000749.9359948479,1000749.9359948479
2025-03-31T11:50:00.000+0000,1003204.3197743848,705263.7492372092,999999.9999999999,1001324.3241286874,499654.96573085536,999957.0999520237,9704.882464847886
2025-03-31T12:00:00.000+0000,1001941.4942953851,705263.7492372092,999999.9999999999,1001365.0814767033,499654.96573085536,983049.8327850717,9704.882464847886
2025-03-31T12:10:00.000+0000,1002111.1582455531,705263.7492372092,999999.9999999999,1001397.1933266553,499654.96573085536,984975.9771458639,9704.882464847886
2025-03-31T12:20:00.000+0000,1001375.9825769772,705263.7492372092,999999.9999999999,1001368.1691545834,499654.96573085536,975559.2713819919,9704.882464847886
2025-03-31T12:30:00.000+0000,1001474.3294165131,705263.7492372092,999999.9999999999,1001355.2009074873,499654.96573085536,977271.3997026959,9704.882464847886
2025-03-31T12:40:00.000+0000,1002661.8031569291,705263.7492372092,999999.9999999999,1001292.8298143113,499654.96573085536,993964.65082956,9704.882464847886
2025-03-31T12:50:00.000+0000,1003007.4950519932,705263.7492372092,999999.9999999999,1001197.7293356073,499654.96573085536,1001455.21223264,9704.882464847886
2025-03-31T13:00:00.000+0000,1002713.3674224891,705263.7492372092,999999.9999999999,1001244.6620393833,499654.96573085536,995890.7951903519,9704.882464847886
2025-03-31T13:10:00.000+0000,1002408.0983832491,705263.7492372092,999999.9999999999,1001269.3634624233,499654.96573085536,991610.474388592,9704.882464847886
2025-03-31T13:20:00.000+0000,1003315.8200744891,705263.7492372092,999999.9999999999,1001307.0331325593,499654.96573085536,1002311.2763929919,9704.882464847886
2025-03-31T13:30:00.000+0000,1003176.6634988812,705263.7492372092,999999.9999999999,1001343.4677315434,499654.96573085536,997388.907470968,9704.882464847886
2025-03-31T13:40:00.000+0000,1003033.7119616731,705263.7492372092,999999.9999999999,1001420.0421429673,499654.96573085536,994392.6829097361,9704.882464847886
2025-03-31T13:50:00.000+0000,1003362.3201146731,705263.7492372092,999999.9999999999,1001368.1691545834,499654.96573085536,999315.0518317597,9704.882464847886
2025-03-31T14:00:00.000+0000,1005281.6657887691,705263.7492372092,999999.9999999999,1001266.8933201194,499654.96573085536,1025425.0087224959,9704.882464847886
2025-03-31T14:10:00.000+0000,1004984.4126117051,705263.7492372092,999999.9999999999,1001242.1918970793,499654.96573085536,1024568.9445621439,9704.882464847886
2025-03-31T14:20:00.000+0000,1005714.7022422411,705263.7492372092,999999.9999999999,1001316.9137017754,499654.96573085536,1032273.5220053117,9704.882464847886
2025-03-31T14:30:00.000+0000,1006253.571111993,705263.7492372092,999999.9999999999,1001208.8449759753,499654.96573085536,1039764.0834083919,9704.882464847886
2025-03-31T14:40:00.000+0000,1007425.4390670332,705263.7492372092,999999.9999999999,1001225.5184365273,499654.96573085536,1056885.3666154318,9704.882464847886
2025-03-31T14:50:00.000+0000,1006328.4049270093,705263.7492372092,999999.9999999999,1001171.7928414153,499654.96573085536,1043616.3721299759,9704.882464847886
2025-03-31T15:00:00.000+0000,1006521.7948711851,705263.7492372092,999999.9999999999,1001141.5335981913,499654.96573085536,1046612.5966912081,9704.882464847886
2025-03-31T15:10:00.000+0000,1004906.8401293771,705263.7492372092,999999.9999999999,1001177.9681971753,499654.96573085536,1025853.0408026719,9704.882464847886
2025-03-31T15:20:00.000+0000,1002861.1354334331,705263.7492372092,999999.9999999999,1001119.9198530313,499654.96573085536,1000813.1641123759,9704.882464847886
2025-03-31T15:30:00.000+0000,1004306.0741269772,705263.7492372092,999999.9999999999,1001112.5094261193,499654.96573085536,1018576.4954396798,9704.882464847886
2025-03-31T15:40:00.000+0000,1005033.3425564091,705263.7492372092,999999.9999999999,1001082.8677184713,499654.96573085536,1029705.3295242559,9704.882464847886
2025-03-31T15:50:00.000+0000,1007293.7027804411,705263.7492372092,999999.9999999999,1001084.1027896233,499654.96573085536,1057955.446815872,9704.882464847886
2025-03-31T16:00:00.000+0000,1006533.1492504092,705263.7492372092,999999.9999999999,1001095.2184299913,499654.96573085536,1048966.773132176,9704.882464847886
2025-03-31T16:10:00.000+0000,1005142.0570451851,705263.7492372092,999999.9999999999,1001151.4141674073,499654.96573085536,1028849.265363904,9704.882464847886
2025-03-31T16:20:00.000+0000,1004732.1857947131,705263.7492372092,999999.9999999999,1001096.4535011433,499654.96573085536,1025210.9926824082,9704.882464847886
2025-03-31T16:30:00.000+0000,1005484.1626715611,705263.7492372092,999999.9999999999,1001106.3340703594,499654.96573085536,1034413.6824061918,9704.882464847886
2025-03-31T16:40:00.000+0000,1004236.3741016411,705263.7492372092,999999.9999999999,1001129.1828866713,499654.96573085536,1018362.4793995917,9704.882464847886
2025-03-31T16:50:00.000+0000,1004406.8465944572,705263.7492372092,999999.9999999999,1001114.9795684234,499654.96573085536,1020502.6398004721,9704.882464847886
2025-03-31T17:00:00.000+0000,1004144.5999497451,705263.7492372092,999999.9999999999,1001123.0075309114,499654.96573085536,1016864.3671189758,9704.882464847886
2025-03-31T17:10:00.000+0000,1004615.4554437611,705263.7492372092,999999.9999999999,1001100.1587145993,499654.96573085536,1022642.8002013518,9704.882464847886
2025-03-31T17:20:00.000+0000,1004240.9080415851,705263.7492372092,999999.9999999999,1001158.2070587433,499654.96573085536,1017934.4473194159,9704.882464847886
2025-03-31T17:30:00.000+0000,1004201.6458265051,705263.7492372092,999999.9999999999,1001168.0876279593,499654.96573085536,1016008.3029586241,9704.882464847886
2025-03-31T17:40:00.000+0000,1004681.5344182571,705263.7492372092,999999.9999999999,1001245.2795749593,499654.96573085536,1021572.7200009122,9704.882464847886
2025-03-31T17:50:00.000+0000,1004996.2582176331,705263.7492372092,999999.9999999999,1001200.8170134873,499654.96573085536,1025425.0087224959,9704.882464847886
2025-03-31T18:00:00.000+0000,1004350.852735409,705263.7492372092,999999.9999999999,1001208.2274403994,499654.96573085536,1017078.3831590638,9704.882464847886
2025-03-31T18:10:00.000+0000,1005400.2261945051,705263.7492372092,999999.9999999999,1001179.2032683273,499654.96573085536,1032059.505965224,9704.882464847886
2025-03-31T18:20:00.000+0000,1004801.5337219532,705263.7492372092,999999.9999999999,1001186.6136952393,499654.96573085536,1024354.928522056,9704.882464847886
2025-03-31T18:30:00.000+0000,1005016.6456945932,705263.7492372092,999999.9999999999,1001142.7686693433,499654.96573085536,1027565.1691233757,9704.882464847886
2025-03-31T18:40:00.000+0000,1006402.9214260811,705263.7492372092,999999.9999999999,1001116.8321751513,499654.96573085536,1045756.5325308559,9704.882464847886
2025-03-31T18:50:00.000+0000,1006056.2470776092,705263.7492372092,999999.9999999999,1001121.1549241833,499654.96573085536,1041262.1956890078,9704.882464847886
2025-03-31T19:00:00.000+0000,1006193.5040341291,705263.7492372092,999999.9999999999,1001113.7444972714,499654.96573085536,1043402.3560898879,9704.882464847886
2025-03-31T19:10:00.000+0000,1006119.7265134011,705263.7492372092,999999.9999999999,1001101.3937857513,499654.96573085536,1042760.3079696238,9704.882464847886
2025-03-31T19:20:00.000+0000,1005201.0373231851,705263.7492372092,999999.9999999999,1001120.5373886073,499654.96573085536,1030133.3616044319,9704.882464847886
2025-03-31T19:30:00.000+0000,1005069.8966097531,705263.7492372092,999999.9999999999,1001145.2388116473,499654.96573085536,1028635.2493238159,9704.882464847886
2025-03-31T19:40:00.000+0000,1004682.6950590012,705263.7492372092,999999.9999999999,1001168.7051635353,499654.96573085536,1022856.8162414399,9704.882464847886
2025-03-31T19:50:00.000+0000,1004275.0364669852,705263.7492372092,999999.9999999999,1001206.9923692474,499654.96573085536,1016222.3189987122,9704.882464847886
2025-03-31T20:00:00.000+0000,1003093.083396497,705263.7492372092,999999.9999999999,1001156.3544520154,499654.96573085536,1003595.37263352,9704.882464847886
2025-03-31T20:10:00.000+0000,1003129.989547937,783288.560452377,999999.9999999999,1001174.8805192953,499654.96573085536,1003595.37263352,1003595.37263352
2025-03-31T20:20:00.000+0000,1003115.2270873609,783288.560452377,999999.9999999999,1001167.4700923833,499654.96573085536,1003595.37263352,1003595.37263352
2025-03-31T20:30:00.000+0000,1003143.5218034649,783288.560452377,999999.9999999999,1001181.6734106314,499654.96573085536,1003595.37263352,1003595.37263352
2025-03-31T20:40:00.000+0000,1003155.8238539449,783288.560452377,999999.9999999999,1001187.8487663913,499654.96573085536,1003595.37263352,1003595.37263352
2025-03-31T20:50:00.000+0000,1003239.4777972088,783288.560452377,999999.9999999999,1001229.8411855593,499654.96573085536,1003595.37263352,1003595.37263352
2025-03-31T21:00:00.000+0000,1003180.4279549049,783288.560452377,999999.9999999999,1001200.1994779113,499654.96573085536,1003595.37263352,1003595.37263352
2025-03-31T21:10:00.000+0000,1003152.1332388009,783288.560452377,999999.9999999999,1001185.9961596633,499654.96573085536,1003595.37263352,1003595.37263352
2025-03-31T21:20:00.000+0000,1003171.8165195689,783288.560452377,999999.9999999999,1001195.8767288793,499654.96573085536,1003595.37263352,1003595.37263352
2025-03-31T21:30:00.000+0000,1003182.888365001,783288.560452377,999999.9999999999,1001201.4345490633,499654.96573085536,1003595.37263352,1003595.37263352
2025-03-31T21:40:00.000+0000,1003179.1977498569,783288.560452377,999999.9999999999,1001199.5819423354,499654.96573085536,1003595.37263352,1003595.37263352
2025-03-31T21:50:00.000+0000,1003192.7300053849,783288.560452377,999999.9999999999,1001206.3748336714,499654.96573085536,1003595.37263352,1003595.37263352
2025-03-31T22:00:00.000+0000,1003275.1537436009,783288.560452377,999999.9999999999,1001247.7497172633,499654.96573085536,1003595.37263352,1003595.37263352
2025-03-31T22:10:00.000+0000,1003287.4557940809,783288.560452377,999999.9999999999,1001253.9250730233,499654.96573085536,1003595.37263352,1003595.37263352
2025-03-31T22:20:00.000+0000,1003383.4117878249,783288.560452377,999999.9999999999,1001302.0928479513,499654.96573085536,1003595.37263352,1003595.37263352
2025-03-31T22:30:00.000+0000,1003350.1962515289,783288.560452377,999999.9999999999,1001285.4193873993,499654.96573085536,1003595.37263352,1003595.37263352
2025-03-31T22:40:00.000+0000,1003303.4484597049,783288.560452377,999999.9999999999,1001261.9530355113,499654.96573085536,1003595.37263352,1003595.37263352
2025-03-31T22:50:00.000+0000,1003271.4631284568,783288.560452377,999999.9999999999,1001245.8971105353,499654.96573085536,1003595.37263352,1003595.37263352
2025-03-31T23:00:00.000+0000,1003189.0393902409,783288.560452377,999999.9999999999,1001204.5222269433,499654.96573085536,1003595.37263352,1003595.37263352
2025-03-31T23:10:00.000+0000,1003158.2842640409,783288.560452377,999999.9999999999,1001189.0838375434,499654.96573085536,1003595.37263352,1003595.37263352
2025-03-31T23:20:00.000+0000,1003186.5789801449,783288.560452377,999999.9999999999,1001203.2871557913,499654.96573085536,1003595.37263352,1003595.37263352
2025-03-31T23:30:00.000+0000,1003169.3561094729,783288.560452377,999999.9999999999,1001194.6416577273,499654.96573085536,1003595.37263352,1003595.37263352
2025-03-31T23:40:00.000+0000,1003141.0613933689,783288.560452377,999999.9999999999,1001180.4383394793,499654.96573085536,1003595.37263352,1003595.37263352
2025-03-31T23:50:00.000+0000,1003116.4572924089,783288.560452377,999999.9999999999,1001168.0876279593,499654.96573085536,1003595.37263352,1003595.37263352
2025-04-01T00:00:00.000+0000,1002982.3649421768,783288.560452377,999999.9999999999,1001100.7762501753,499654.96573085536,1003595.37263352,1003595.37263352
2025-04-01T00:10:00.000+0000,1003027.8825289529,783288.560452377,999999.9999999999,1001123.6250664874,499654.96573085536,1003595.37263352,1003595.37263352
2025-04-01T00:20:00.000+0000,1002970.0628916969,783288.560452377,999999.9999999999,1001094.6008944153,499654.96573085536,1003595.37263352,1003595.37263352
2025-04-01T00:30:00.000+0000,1003029.1127340009,783288.560452377,999999.9999999999,1001124.2426020633,499654.96573085536,1003595.37263352,1003595.37263352
2025-04-01T00:40:00.000+0000,1003066.0188854409,783288.560452377,999999.9999999999,1001142.7686693433,499654.96573085536,1003595.37263352,1003595.37263352
2025-04-01T00:50:00.000+0000,1003074.630320777,783288.560452377,999999.9999999999,1001147.0914183754,499654.96573085536,1003595.37263352,1003595.37263352
2025-04-01T01:00:00.000+0000,1003082.0115510649,783288.560452377,999999.9999999999,1001150.7966318313,499654.96573085536,1003595.37263352,1003595.37263352
2025-04-01T01:10:00.000+0000,1003098.0042166889,783288.560452377,999999.9999999999,1001158.8245943193,499654.96573085536,1003595.37263352,1003595.37263352
2025-04-01T01:20:00.000+0000,1003053.7168349609,783288.560452377,999999.9999999999,1001136.5933135833,499654.96573085536,1003595.37263352,1003595.37263352
2025-04-01T01:30:00.000+0000,1003059.8678602009,783288.560452377,999999.9999999999,1001139.6809914634,499654.96573085536,1003595.37263352,1003595.37263352
2025-04-01T01:40:00.000+0000,1003094.3136015448,783288.560452377,999999.9999999999,1001156.9719875914,499654.96573085536,1003595.37263352,1003595.37263352
2025-04-01T01:50:00.000+0000,1003110.3062671688,783288.560452377,999999.9999999999,1001164.9999500794,499654.96573085536,1003595.37263352,1003595.37263352
2025-04-01T02:00:00.000+0000,1003083.2417561129,783288.560452377,999999.9999999999,1001151.4141674073,499654.96573085536,1003595.37263352,1003595.37263352
2025-04-01T02:10:00.000+0000,1002978.6743270329,783288.560452377,999999.9999999999,1001098.9236434473,499654.96573085536,1003595.37263352,1003595.37263352
2025-04-01T02:20:00.000+0000,1002990.9763775129,783288.560452377,999999.9999999999,1001105.0989992074,499654.96573085536,1003595.37263352,1003595.37263352
2025-04-01T02:30:00.000+0000,1003029.1127340009,783288.560452377,999999.9999999999,1001124.2426020633,499654.96573085536,1003595.37263352,1003595.37263352
2025-04-01T02:40:00.000+0000,1002941.7681755929,783288.560452377,999999.9999999999,1001080.3975761674,499654.96573085536,1003595.37263352,1003595.37263352
2025-04-01T02:50:00.000+0000,1002874.1068979528,783288.560452377,999999.9999999999,1001046.4331194874,499654.96573085536,1003595.37263352,1003595.37263352
2025-04-01T03:00:00.000+0000,1002801.5248001209,783288.560452377,999999.9999999999,1001009.9985205033,499654.96573085536,1003595.37263352,1003595.37263352
2025-04-01T03:10:00.000+0000,1002765.8488537289,783288.560452377,999999.9999999999,1000992.0899887993,499654.96573085536,1003595.37263352,1003595.37263352
2025-04-01T03:20:00.000+0000,1002835.9705414649,783288.560452377,999999.9999999999,1001027.2895166313,499654.96573085536,1003595.37263352,1003595.37263352
2025-04-01T03:30:00.000+0000,1002865.4954626169,783288.560452377,999999.9999999999,1001042.1103704553,499654.96573085536,1003595.37263352,1003595.37263352
2025-04-01T03:40:00.000+0000,1002888.8693585289,783288.560452377,999999.9999999999,1001053.8435463994,499654.96573085536,1003595.37263352,1003595.37263352
2025-04-01T03:50:00.000+0000,1002899.9412039609,783288.560452377,999999.9999999999,1001059.4013665833,499654.96573085536,1003595.37263352,1003595.37263352
2025-04-01T04:00:00.000+0000,1002874.1068979528,783288.560452377,999999.9999999999,1001046.4331194874,499654.96573085536,1003595.37263352,1003595.37263352
2025-04-01T04:10:00.000+0000,1002918.3942796809,783288.560452377,999999.9999999999,1001068.6644002233,499654.96573085536,1003595.37263352,1003595.37263352
2025-04-01T04:20:00.000+0000,1002936.8473554009,783288.560452377,999999.9999999999,1001077.9274338633,499654.96573085536,1003595.37263352,1003595.37263352
2025-04-01T04:30:00.000+0000,1002895.020383769,783288.560452377,999999.9999999999,1001056.9312242793,499654.96573085536,1003595.37263352,1003595.37263352
2025-04-01T04:40:00.000+0000,1002833.5101313689,783288.560452377,999999.9999999999,1001026.0544454793,499654.96573085536,1003595.37263352,1003595.37263352
2025-04-01T04:50:00.000+0000,1002835.9705414649,783288.560452377,999999.9999999999,1001027.2895166313,499654.96573085536,1003595.37263352,1003595.37263352
2025-04-01T05:00:00.000+0000,1002801.5248001209,783288.560452377,999999.9999999999,1001009.9985205033,499654.96573085536,1003595.37263352,1003595.37263352
2025-04-01T05:10:00.000+0000,1002706.7990114249,783288.560452377,999999.9999999999,1000962.4482811514,499654.96573085536,1003595.37263352,1003595.37263352
2025-04-01T05:20:00.000+0000,1002666.2022448409,783288.560452377,999999.9999999999,1000942.0696071433,499654.96573085536,1003595.37263352,1003595.37263352
2025-04-01T05:30:00.000+0000,1002626.8356833048,783288.560452377,999999.9999999999,1000922.3084687113,499654.96573085536,1003595.37263352,1003595.37263352
2025-04-01T05:40:00.000+0000,1002731.403112385,783288.560452377,999999.9999999999,1000974.7989926713,499654.96573085536,1003595.37263352,1003595.37263352
2025-04-01T05:50:00.000+0000,1002785.5321344968,783288.560452377,999999.9999999999,1001001.9705580153,499654.96573085536,1003595.37263352,1003595.37263352
2025-04-01T06:00:00.000+0000,1002832.2799263209,783288.560452377,999999.9999999999,1001025.4369099033,499654.96573085536,1003595.37263352,1003595.37263352
2025-04-01T06:10:00.000+0000,1002794.1435698329,783288.560452377,999999.9999999999,1001006.2933070473,499654.96573085536,1003595.37263352,1003595.37263352
2025-04-01T06:20:00.000+0000,1002757.2374183929,783288.560452377,999999.9999999999,1000987.7672397674,499654.96573085536,1003595.37263352,1003595.37263352
2025-04-01T06:30:00.000+0000,1002684.6553205609,783288.560452377,999999.9999999999,1000951.3326407833,499654.96573085536,1003595.37263352,1003595.37263352
2025-04-01T06:40:00.000+0000,1002655.1303994089,783288.560452377,999999.9999999999,1000936.5117869594,499654.96573085536,1003595.37263352,1003595.37263352
2025-04-01T06:50:00.000+0000,1002656.3606044569,783288.560452377,999999.9999999999,1000937.1293225354,499654.96573085536,1003595.37263352,1003595.37263352
2025-04-01T07:00:00.000+0000,1002644.0585539769,783288.560452377,999999.9999999999,1000930.9539667753,499654.96573085536,1003595.37263352,1003595.37263352
2025-04-01T07:10:00.000+0000,1002653.9001943609,783288.560452377,999999.9999999999,1000935.8942513834,499654.96573085536,1003595.37263352,1003595.37263352
2025-04-01T07:20:00.000+0000,1002721.5614720009,783288.560452377,999999.9999999999,1000969.8587080634,499654.96573085536,1003595.37263352,1003595.37263352
2025-04-01T07:30:00.000+0000,1002714.1802417128,783288.560452377,999999.9999999999,1000966.1534946073,499654.96573085536,1003595.37263352,1003595.37263352
2025-04-01T07:40:00.000+0000,1002690.8063458009,783288.560452377,999999.9999999999,1000954.4203186634,499654.96573085536,1003595.37263352,1003595.37263352
2025-04-01T07:50:00.000+0000,1002740.0145477209,783288.560452377,999999.9999999999,1000979.1217417034,499654.96573085536,1003595.37263352,1003595.37263352
2025-04-01T08:00:00.000+0000,1002658.8210145528,783288.560452377,999999.9999999999,1000938.3643936873,499654.96573085536,1003595.37263352,1003595.37263352
2025-04-01T08:10:00.000+0000,1002473.0600523049,783288.560452377,999999.9999999999,1000845.1165217113,499654.96573085536,1003595.37263352,1003595.37263352
2025-04-01T08:20:00.000+0000,1002306.9823708249,783288.560452377,999999.9999999999,1000761.7492189513,499654.96573085536,1003595.37263352,1003595.37263352
2025-04-01T08:30:00.000+0000,1002249.1627335689,783288.560452377,999999.9999999999,1000732.7250468794,499654.96573085536,1003595.37263352,1003595.37263352
2025-04-01T08:40:00.000+0000,1002259.0043739529,783288.560452377,999999.9999999999,1000737.6653314873,499654.96573085536,1003595.37263352,1003595.37263352
2025-04-01T08:50:00.000+0000,1002191.3430963128,783288.560452377,999999.9999999999,1000703.7008748073,499654.96573085536,1003595.37263352,1003595.37263352
2025-04-01T09:00:00.000+0000,1002097.8475126649,783288.560452377,999999.9999999999,1000656.7681710313,499654.96573085536,1003595.37263352,1003595.37263352
2025-04-01T09:10:00.000+0000,1002211.0263770809,783288.560452377,999999.9999999999,1000713.5814440233,499654.96573085536,1003595.37263352,1003595.37263352
2025-04-01T09:20:00.000+0000,1002204.8753518409,783288.560452377,999999.9999999999,1000710.4937661433,499654.96573085536,1003595.37263352,1003595.37263352
2025-04-01T09:30:00.000+0000,1002233.1700679449,783288.560452377,999999.9999999999,1000724.6970843914,499654.96573085536,1003595.37263352,1003595.37263352
2025-04-01T09:40:00.000+0000,1002276.2272446249,783288.560452377,999999.9999999999,1000746.3108295513,499654.96573085536,1003595.37263352,1003595.37263352
2025-04-01T09:50:00.000+0000,1002261.4647840488,783288.560452377,999999.9999999999,1000738.9004026393,499654.96573085536,1003595.37263352,1003595.37263352
2025-04-01T10:00:00.000+0000,1002308.2125758729,783288.560452377,999999.9999999999,1000762.3667545273,499654.96573085536,1003595.37263352,1003595.37263352
2025-04-01T10:10:00.000+0000,1002341.4281121689,783288.560452377,999999.9999999999,1000779.0402150793,499654.96573085536,1003595.37263352,1003595.37263352
2025-04-01T10:20:00.000+0000,1002329.1260616889,783288.560452377,999999.9999999999,1000772.8648593193,499654.96573085536,1003595.37263352,1003595.37263352
2025-04-01T10:30:00.000+0000,1002379.5644686569,783288.560452377,999999.9999999999,1000798.1838179353,499654.96573085536,1003595.37263352,1003595.37263352
2025-04-01T10:40:00.000+0000,1002458.2975917289,783288.560452377,999999.9999999999,1000837.7060947993,499654.96573085536,1003595.37263352,1003595.37263352
2025-04-01T10:50:00.000+0000,1002490.2829229769,783288.560452377,999999.9999999999,1000853.7620197753,499654.96573085536,1003595.37263352,1003595.37263352
2025-04-01T11:00:00.000+0000,1002571.4764561448,783288.560452377,999999.9999999999,1000894.5193677914,499654.96573085536,1003595.37263352,1003595.37263352
2025-04-01T11:10:00.000+0000,1002539.4911248969,783288.560452377,999999.9999999999,1000878.4634428154,499654.96573085536,1003595.37263352,1003595.37263352
2025-04-01T11:20:00.000+0000,1002572.7066611929,783288.560452377,999999.9999999999,1000895.1369033674,499654.96573085536,1003595.37263352,1003595.37263352
2025-04-01T11:30:00.000+0000,1002616.9940429209,783288.560452377,999999.9999999999,1000917.3681841033,499654.96573085536,1003595.37263352,1003595.37263352
2025-04-01T11:40:00.000+0000,1002668.6626549369,783288.560452377,999999.9999999999,1000943.3046782953,499654.96573085536,1003595.37263352,1003595.37263352
2025-04-01T11:50:00.000+0000,1002662.5116296969,783288.560452377,999999.9999999999,1000940.2170004153,499654.96573085536,1003595.37263352,1003595.37263352
2025-04-01T12:00:00.000+0000,1002544.4119450889,783288.560452377,999999.9999999999,1000880.9335851193,499654.96573085536,1003595.37263352,1003595.37263352
2025-04-01T12:10:00.000+0000,1002513.6568188888,783288.560452377,999999.9999999999,1000865.4951957193,499654.96573085536,1003595.37263352,1003595.37263352
2025-04-01T12:20:00.000+0000,1002583.7785066249,783288.560452377,999999.9999999999,1000900.6947235513,499654.96573085536,1003595.37263352,1003595.37263352
2025-04-01T12:30:00.000+0000,1002589.9295318648,783288.560452377,999999.9999999999,1000903.7824014314,499654.96573085536,1003595.37263352,1003595.37263352
2025-04-01T12:40:00.000+0000,1002645.2887590249,783288.560452377,999999.9999999999,1000931.5715023513,499654.96573085536,1003595.37263352,1003595.37263352
2025-04-01T12:50:00.000+0000,1002597.3107621529,783288.560452377,999999.9999999999,1000907.4876148873,499654.96573085536,1003595.37263352,1003595.37263352
2025-04-01T13:00:00.000+0000,1002603.4617873929,783288.560452377,999999.9999999999,1000910.5752927674,499654.96573085536,1003595.37263352,1003595.37263352
2025-04-01T13:10:00.000+0000,1002564.0952258569,783288.560452377,999999.9999999999,1000890.8141543353,499654.96573085536,1003595.37263352,1003595.37263352
2025-04-01T13:20:00.000+0000,1002557.9442006169,783288.560452377,999999.9999999999,1000887.7264764553,499654.96573085536,1003595.37263352,1003595.37263352
2025-04-01T13:30:00.000+0000,1002566.5556359529,783288.560452377,999999.9999999999,1000892.0492254873,499654.96573085536,1003595.37263352,1003595.37263352
2025-04-01T13:40:00.000+0000,1002465.6788220169,783288.560452377,999999.9999999999,1000841.4113082553,499654.96573085536,1003595.37263352,1003595.37263352
2025-04-01T13:50:00.000+0000,1002490.2829229769,783288.560452377,999999.9999999999,1000853.7620197753,499654.96573085536,1003595.37263352,1003595.37263352
2025-04-01T14:00:00.000+0000,1002645.2887590249,783288.560452377,999999.9999999999,1000931.5715023513,499654.96573085536,1003595.37263352,1003595.37263352
2025-04-01T14:10:00.000+0000,1002880.2579231929,783288.560452377,999999.9999999999,1001049.5207973673,499654.96573085536,1003595.37263352,1003595.37263352
2025-04-01T14:20:00.000+0000,1002822.4382859368,783288.560452377,999999.9999999999,1001020.4966252954,499654.96573085536,1003595.37263352,1003595.37263352
2025-04-01T14:30:00.000+0000,1002699.4177811369,783288.560452377,999999.9999999999,1000958.7430676953,499654.96573085536,1003595.37263352,1003595.37263352
2025-04-01T14:40:00.000+0000,1002687.1157306569,783288.560452377,999999.9999999999,1000952.5677119354,499654.96573085536,1003595.37263352,1003595.37263352
2025-04-01T14:50:00.000+0000,1002527.1890744169,783288.560452377,999999.9999999999,1000872.2880870553,499654.96573085536,1003595.37263352,1003595.37263352
2025-04-01T15:00:00.000+0000,1002422.6216453369,783288.560452377,999999.9999999999,1000819.7975630953,499654.96573085536,1003595.37263352,1003595.37263352
2025-04-01T15:10:00.000+0000,1002222.0982225129,783288.560452377,999999.9999999999,1000719.1392642073,499654.96573085536,1003595.37263352,1003595.37263352
2025-04-01T15:20:00.000+0000,1002273.7668345289,783288.560452377,999999.9999999999,1000745.0757583993,499654.96573085536,1003595.37263352,1003595.37263352
2025-04-01T15:30:00.000+0000,1002207.3357619368,783288.560452377,999999.9999999999,1000711.7288372953,499654.96573085536,1003595.37263352,1003595.37263352
2025-04-01T15:40:00.000+0000,1002121.2214085769,783288.560452377,999999.9999999999,1000668.5013469753,499654.96573085536,1003595.37263352,1003595.37263352
2025-04-01T15:50:00.000+0000,1002080.6246419929,783288.560452377,999999.9999999999,1000648.1226729674,499654.96573085536,1003595.37263352,1003595.37263352
2025-04-01T16:00:00.000+0000,1002037.5674653129,783288.560452377,999999.9999999999,1000626.5089278073,499654.96573085536,1003595.37263352,1003595.37263352
2025-04-01T16:10:00.000+0000,1002174.120225641,783288.560452377,999999.9999999999,1000695.0553767433,499654.96573085536,1003595.37263352,1003595.37263352
2025-04-01T16:20:00.000+0000,1002215.9471972729,783288.560452377,999999.9999999999,1000716.0515863274,499654.96573085536,1003595.37263352,1003595.37263352
2025-04-01T16:30:00.000+0000,1002259.0043739529,783288.560452377,999999.9999999999,1000737.6653314873,499654.96573085536,1003595.37263352,1003595.37263352
2025-04-01T16:40:00.000+0000,1002282.378269865,783288.560452377,999999.9999999999,1000749.3985074314,499654.96573085536,1003595.37263352,1003595.37263352
2025-04-01T16:50:00.000+0000,1002240.5512982329,783288.560452377,999999.9999999999,1000728.4022978473,499654.96573085536,1003595.37263352,1003595.37263352
2025-04-01T17:00:00.000+0000,1002278.6876547209,783288.560452377,999999.9999999999,1000747.5459007033,499654.96573085536,1003595.37263352,1003595.37263352
2025-04-01T17:10:00.000+0000,1002293.4501152969,783288.560452377,999999.9999999999,1000754.9563276153,499654.96573085536,1003595.37263352,1003595.37263352
2025-04-01T17:20:00.000+0000,1002372.183238369,783288.560452377,999999.9999999999,1000794.4786044793,499654.96573085536,1003595.37263352,1003595.37263352
2025-04-01T17:30:00.000+0000,1002343.8885222649,783288.560452377,999999.9999999999,1000780.2752862313,499654.96573085536,1003595.37263352,1003595.37263352
2025-04-01T17:40:00.000+0000,1002334.0468818808,783288.560452377,999999.9999999999,1000775.3350016234,499654.96573085536,1003595.37263352,1003595.37263352
2025-04-01T17:50:00.000+0000,1002335.277086929,783288.560452377,999999.9999999999,1000775.9525371994,499654.96573085536,1003595.37263352,1003595.37263352
2025-04-01T18:00:00.000+0000,1002416.4706200969,783288.560452377,999999.9999999999,1000816.7098852153,499654.96573085536,1003595.37263352,1003595.37263352
2025-04-01T18:10:00.000+0000,1002501.3547684089,783288.560452377,999999.9999999999,1000859.3198399593,499654.96573085536,1003595.37263352,1003595.37263352
2025-04-01T18:20:00.000+0000,1002523.4984592729,783288.560452377,999999.9999999999,1000870.4354803273,499654.96573085536,1003595.37263352,1003595.37263352
2025-04-01T18:30:00.000+0000,1002469.3694371609,783288.560452377,999999.9999999999,1000843.2639149834,499654.96573085536,1003595.37263352,1003595.37263352
2025-04-01T18:40:00.000+0000,1002461.988206873,783288.560452377,999999.9999999999,1000839.5587015273,499654.96573085536,1003595.37263352,1003595.37263352
2025-04-01T18:50:00.000+0000,1002493.9735381209,783288.560452377,999999.9999999999,1000855.6146265033,499654.96573085536,1003595.37263352,1003595.37263352
2025-04-01T19:00:00.000+0000,1002465.6788220169,783288.560452377,999999.9999999999,1000841.4113082553,499654.96573085536,1003595.37263352,1003595.37263352
2025-04-01T19:10:00.000+0000,1002434.9236958169,783288.560452377,999999.9999999999,1000825.9729188554,499654.96573085536,1003595.37263352,1003595.37263352
2025-04-01T19:20:00.000+0000,1002463.2184119208,783288.560452377,999999.9999999999,1000840.1762371033,499654.96573085536,1003595.37263352,1003595.37263352
2025-04-01T19:30:00.000+0000,1002469.3694371609,783288.560452377,999999.9999999999,1000843.2639149834,499654.96573085536,1003595.37263352,1003595.37263352
2025-04-01T19:40:00.000+0000,1002442.3049261048,783288.560452377,999999.9999999999,1000829.6781323113,499654.96573085536,1003595.37263352,1003595.37263352
2025-04-01T19:50:00.000+0000,1002452.1465664889,783288.560452377,999999.9999999999,1000834.6184169194,499654.96573085536,1003595.37263352,1003595.37263352
2025-04-01T20:00:00.000+0000,1002463.2184119208,783288.560452377,999999.9999999999,1000840.1762371033,499654.96573085536,1003595.37263352,1003595.37263352
2025-04-01T20:10:00.000+0000,1002420.1612352409,783288.560452377,999999.9999999999,1000818.5624919434,499654.96573085536,1003595.37263352,1003595.37263352
2025-04-01T20:20:00.000+0000,1002491.5131280249,783288.560452377,999999.9999999999,1000854.3795553513,499654.96573085536,1003595.37263352,1003595.37263352
2025-04-01T20:30:00.000+0000,1002513.6568188888,783288.560452377,999999.9999999999,1000865.4951957193,499654.96573085536,1003595.37263352,1003595.37263352
2025-04-01T20:40:00.000+0000,1002463.2184119208,783288.560452377,999999.9999999999,1000840.1762371033,499654.96573085536,1003595.37263352,1003595.37263352
2025-04-01T20:50:00.000+0000,1002379.5644686569,783288.560452377,999999.9999999999,1000798.1838179353,499654.96573085536,1003595.37263352,1003595.37263352
2025-04-01T21:00:00.000+0000,1002308.2125758729,783288.560452377,999999.9999999999,1000762.3667545273,499654.96573085536,1003595.37263352,1003595.37263352
2025-04-01T21:10:00.000+0000,1002297.1407304408,783288.560452377,999999.9999999999,1000756.8089343433,499654.96573085536,1003595.37263352,1003595.37263352
2025-04-01T21:20:00.000+0000,1002316.824011209,783288.560452377,999999.9999999999,1000766.6895035594,499654.96573085536,1003595.37263352,1003595.37263352
2025-04-01T21:30:00.000+0000,1002265.1553991928,783288.560452377,999999.9999999999,1000740.7530093673,499654.96573085536,1003595.37263352,1003595.37263352
2025-04-01T21:40:00.000+0000,1002300.831345585,783288.560452377,999999.9999999999,1000758.6615410714,499654.96573085536,1003595.37263352,1003595.37263352
2025-04-01T21:50:00.000+0000,1002300.831345585,783288.560452377,999999.9999999999,1000758.6615410714,499654.96573085536,1003595.37263352,1003595.37263352
2025-04-01T22:00:00.000+0000,1002256.5439638569,783288.560452377,999999.9999999999,1000736.4302603353,499654.96573085536,1003595.37263352,1003595.37263352
2025-04-01T22:10:00.000+0000,1002245.472118425,783288.560452377,999999.9999999999,1000730.8724401513,499654.96573085536,1003595.37263352,1003595.37263352
2025-04-01T22:20:00.000+0000,1002225.7888376568,783288.560452377,999999.9999999999,1000720.9918709353,499654.96573085536,1003595.37263352,1003595.37263352
2025-04-01T22:30:00.000+0000,1002181.5014559289,783288.560452377,999999.9999999999,1000698.7605901994,499654.96573085536,1003595.37263352,1003595.37263352
2025-04-01T22:40:00.000+0000,1002138.4442792488,783288.560452377,999999.9999999999,1000677.1468450393,499654.96573085536,1003595.37263352,1003595.37263352
2025-04-01T22:50:00.000+0000,1002137.214074201,783288.560452377,999999.9999999999,1000676.5293094633,499654.96573085536,1003595.37263352,1003595.37263352
2025-04-01T23:00:00.000+0000,1002234.4002729929,783288.560452377,999999.9999999999,1000725.3146199674,499654.96573085536,1003595.37263352,1003595.37263352
2025-04-01T23:10:00.000+0000,1002245.472118425,783288.560452377,999999.9999999999,1000730.8724401513,499654.96573085536,1003595.37263352,1003595.37263352
2025-04-01T23:20:00.000+0000,1002161.8181751609,783288.560452377,999999.9999999999,1000688.8800209833,499654.96573085536,1003595.37263352,1003595.37263352
2025-04-01T23:30:00.000+0000,1002110.1495631449,783288.560452377,999999.9999999999,1000662.9435267913,499654.96573085536,1003595.37263352,1003595.37263352
2025-04-01T23:40:00.000+0000,1002182.7316609769,783288.560452377,999999.9999999999,1000699.3781257754,499654.96573085536,1003595.37263352,1003595.37263352
2025-04-01T23:50:00.000+0000,1002201.1847366969,783288.560452377,999999.9999999999,1000708.6411594154,499654.96573085536,1003595.37263352,1003595.37263352
2025-04-02T00:00:00.000+0000,1002241.7815032809,783288.560452377,999999.9999999999,1000729.0198334233,499654.96573085536,1003595.37263352,1003595.37263352
2025-04-02T00:10:00.000+0000,1002263.925194145,783288.560452377,999999.9999999999,1000740.1354737913,499654.96573085536,1003595.37263352,1003595.37263352
2025-04-02T00:20:00.000+0000,1002283.6084749128,783288.560452377,999999.9999999999,1000750.0160430074,499654.96573085536,1003595.37263352,1003595.37263352
2025-04-02T00:30:00.000+0000,1002277.4574496729,783288.560452377,999999.9999999999,1000746.9283651273,499654.96573085536,1003595.37263352,1003595.37263352
2025-04-02T00:40:00.000+0000,1002350.0395475049,783288.560452377,999999.9999999999,1000783.3629641114,499654.96573085536,1003595.37263352,1003595.37263352
2025-04-02T00:50:00.000+0000,1002409.0893898089,783288.560452377,999999.9999999999,1000813.0046717593,499654.96573085536,1003595.37263352,1003595.37263352
2025-04-02T01:00:00.000+0000,1002448.4559513449,783288.560452377,999999.9999999999,1000832.7658101913,499654.96573085536,1003595.37263352,1003595.37263352
2025-04-02T01:10:00.000+0000,1002521.0380491769,783288.560452377,999999.9999999999,1000869.2004091754,499654.96573085536,1003595.37263352,1003595.37263352
2025-04-02T01:20:00.000+0000,1002481.6714876408,783288.560452377,999999.9999999999,1000849.4392707433,499654.96573085536,1003595.37263352,1003595.37263352
2025-04-02T01:30:00.000+0000,1002394.3269292329,783288.560452377,999999.9999999999,1000805.5942448473,499654.96573085536,1003595.37263352,1003595.37263352
2025-04-02T01:40:00.000+0000,1002352.4999576008,783288.560452377,999999.9999999999,1000784.5980352634,499654.96573085536,1003595.37263352,1003595.37263352
2025-04-02T01:50:00.000+0000,1002434.9236958169,783288.560452377,999999.9999999999,1000825.9729188554,499654.96573085536,1003595.37263352,1003595.37263352
2025-04-02T02:00:00.000+0000,1002453.3767715369,783288.560452377,999999.9999999999,1000835.2359524954,499654.96573085536,1003595.37263352,1003595.37263352
2025-04-02T02:10:00.000+0000,1002629.2960934009,783288.560452377,999999.9999999999,1000923.5435398633,499654.96573085536,1003595.37263352,1003595.37263352
2025-04-02T02:20:00.000+0000,1002631.7565034969,783288.560452377,999999.9999999999,1000924.7786110153,499654.96573085536,1003595.37263352,1003595.37263352
2025-04-02T02:30:00.000+0000,1002587.4691217688,783288.560452377,999999.9999999999,1000902.5473302794,499654.96573085536,1003595.37263352,1003595.37263352
2025-04-02T02:40:00.000+0000,1002637.9075287369,783288.560452377,999999.9999999999,1000927.8662888954,499654.96573085536,1003595.37263352,1003595.37263352
2025-04-02T02:50:00.000+0000,1002561.6348157609,783288.560452377,999999.9999999999,1000889.5790831833,499654.96573085536,1003595.37263352,1003595.37263352
2025-04-02T03:00:00.000+0000,1002514.887023937,783288.560452377,999999.9999999999,1000866.1127312953,499654.96573085536,1003595.37263352,1003595.37263352
2025-04-02T03:10:00.000+0000,1002430.0028756249,783288.560452377,999999.9999999999,1000823.5027765513,499654.96573085536,1003595.37263352,1003595.37263352
2025-04-02T03:20:00.000+0000,1002500.1245633608,783288.560452377,999999.9999999999,1000858.7023043833,499654.96573085536,1003595.37263352,1003595.37263352
2025-04-02T03:30:00.000+0000,1002502.5849734569,783288.560452377,999999.9999999999,1000859.9373755354,499654.96573085536,1003595.37263352,1003595.37263352
2025-04-02T03:40:00.000+0000,1002512.4266138409,783288.560452377,999999.9999999999,1000864.8776601433,499654.96573085536,1003595.37263352,1003595.37263352
2025-04-02T03:50:00.000+0000,1002532.1098946088,783288.560452377,999999.9999999999,1000874.7582293593,499654.96573085536,1003595.37263352,1003595.37263352
2025-04-02T04:00:00.000+0000,1002532.1098946088,783288.560452377,999999.9999999999,1000874.7582293593,499654.96573085536,1003595.37263352,1003595.37263352
2025-04-02T04:10:00.000+0000,1002482.9016926889,783288.560452377,999999.9999999999,1000850.0568063193,499654.96573085536,1003595.37263352,1003595.37263352
2025-04-02T04:20:00.000+0000,1002463.2184119208,783288.560452377,999999.9999999999,1000840.1762371033,499654.96573085536,1003595.37263352,1003595.37263352
2025-04-02T04:30:00.000+0000,1002511.1964087929,783288.560452377,999999.9999999999,1000864.2601245673,499654.96573085536,1003595.37263352,1003595.37263352
2025-04-02T04:40:00.000+0000,1002559.1744056649,783288.560452377,999999.9999999999,1000888.3440120313,499654.96573085536,1003595.37263352,1003595.37263352
2025-04-02T04:50:00.000+0000,1002528.4192794649,783288.560452377,999999.9999999999,1000872.9056226313,499654.96573085536,1003595.37263352,1003595.37263352
2025-04-02T05:00:00.000+0000,1002549.3327652809,783288.560452377,999999.9999999999,1000883.4037274233,499654.96573085536,1003595.37263352,1003595.37263352
2025-04-02T05:10:00.000+0000,1002672.3532700809,783288.560452377,999999.9999999999,1000945.1572850234,499654.96573085536,1003595.37263352,1003595.37263352
2025-04-02T05:20:00.000+0000,1002802.7550051688,783288.560452377,999999.9999999999,1001010.6160560793,499654.96573085536,1003595.37263352,1003595.37263352
2025-04-02T05:30:00.000+0000,1002792.9133647849,783288.560452377,999999.9999999999,1001005.6757714713,499654.96573085536,1003595.37263352,1003595.37263352
2025-04-02T05:40:00.000+0000,1002828.5893111769,783288.560452377,999999.9999999999,1001023.5843031753,499654.96573085536,1003595.37263352,1003595.37263352
2025-04-02T05:50:00.000+0000,1002844.5819768009,783288.560452377,999999.9999999999,1001031.6122656633,499654.96573085536,1003595.37263352,1003595.37263352
2025-04-02T06:00:00.000+0000,1002882.7183332889,783288.560452377,999999.9999999999,1001050.7558685193,499654.96573085536,1003595.37263352,1003595.37263352
2025-04-02T06:10:00.000+0000,1002886.4089484329,783288.560452377,999999.9999999999,1001052.6084752473,499654.96573085536,1003595.37263352,1003595.37263352
2025-04-02T06:20:00.000+0000,1002891.3297686249,783288.560452377,999999.9999999999,1001055.0786175514,499654.96573085536,1003595.37263352,1003595.37263352
2025-04-02T06:30:00.000+0000,1002839.661156609,783288.560452377,999999.9999999999,1001029.1421233594,499654.96573085536,1003595.37263352,1003595.37263352
2025-04-02T06:40:00.000+0000,1002811.3664405049,783288.560452377,999999.9999999999,1001014.9388051113,499654.96573085536,1003595.37263352,1003595.37263352
2025-04-02T06:50:00.000+0000,1002876.567308049,783288.560452377,999999.9999999999,1001047.6681906393,499654.96573085536,1003595.37263352,1003595.37263352
2025-04-02T07:00:00.000+0000,1002923.3150998729,783288.560452377,999999.9999999999,1001071.1345425274,499654.96573085536,1003595.37263352,1003595.37263352
2025-04-02T07:10:00.000+0000,1002892.5599736728,783288.560452377,999999.9999999999,1001055.6961531274,499654.96573085536,1003595.37263352,1003595.37263352
2025-04-02T07:20:00.000+0000,1002871.6464878569,783288.560452377,999999.9999999999,1001045.1980483353,499654.96573085536,1003595.37263352,1003595.37263352
2025-04-02T07:30:00.000+0000,1002705.5688063769,783288.560452377,999999.9999999999,1000961.8307455754,499654.96573085536,1003595.37263352,1003595.37263352
2025-04-02T07:40:00.000+0000,1002763.3884436329,783288.560452377,999999.9999999999,1000990.8549176473,499654.96573085536,1003595.37263352,1003595.37263352
2025-04-02T07:50:00.000+0000,1002747.3957780089,783288.560452377,999999.9999999999,1000982.8269551593,499654.96573085536,1003595.37263352,1003595.37263352
2025-04-02T08:00:00.000+0000,1002744.9353679129,783288.560452377,999999.9999999999,1000981.5918840073,499654.96573085536,1003595.37263352,1003595.37263352
2025-04-02T08:10:00.000+0000,1002771.9998789689,783288.560452377,999999.9999999999,1000995.1776666794,499654.96573085536,1003595.37263352,1003595.37263352
2025-04-02T08:20:00.000+0000,1002694.4969609448,783288.560452377,999999.9999999999,1000956.2729253913,499654.96573085536,1003595.37263352,1003595.37263352
2025-04-02T08:30:00.000+0000,1002619.4544530169,783288.560452377,999999.9999999999,1000918.6032552554,499654.96573085536,1003595.37263352,1003595.37263352
2025-04-02T08:40:00.000+0000,1002640.3679388328,783288.560452377,999999.9999999999,1000929.1013600474,499654.96573085536,1003595.37263352,1003595.37263352
2025-04-02T08:50:00.000+0000,1002673.5834751289,783288.560452377,999999.9999999999,1000945.7748205994,499654.96573085536,1003595.37263352,1003595.37263352
2025-04-02T09:00:00.000+0000,1002486.5923078329,783288.560452377,999999.9999999999,1000851.9094130474,499654.96573085536,1003595.37263352,1003595.37263352
2025-04-02T09:10:00.000+0000,1002374.6436484649,783288.560452377,999999.9999999999,1000795.7136756313,499654.96573085536,1003595.37263352,1003595.37263352
2025-04-02T09:20:00.000+0000,1002460.7580018248,783288.560452377,999999.9999999999,1000838.9411659513,499654.96573085536,1003595.37263352,1003595.37263352
2025-04-02T09:30:00.000+0000,1002449.6861563929,783288.560452377,999999.9999999999,1000833.3833457673,499654.96573085536,1003595.37263352,1003595.37263352
2025-04-02T09:40:00.000+0000,1002491.5131280249,783288.560452377,999999.9999999999,1000854.3795553513,499654.96573085536,1003595.37263352,1003595.37263352
2025-04-02T09:50:00.000+0000,1002497.6641532648,783288.560452377,999999.9999999999,1000857.4672332313,499654.96573085536,1003595.37263352,1003595.37263352
2025-04-02T10:00:00.000+0000,1002427.5424655289,783288.560452377,999999.9999999999,1000822.2677053993,499654.96573085536,1003595.37263352,1003595.37263352
2025-04-02T10:10:00.000+0000,1002356.1905727449,783288.560452377,999999.9999999999,1000786.4506419913,499654.96573085536,1003595.37263352,1003595.37263352
2025-04-02T10:20:00.000+0000,1002294.6803203449,783288.560452377,999999.9999999999,1000755.5738631913,499654.96573085536,1003595.37263352,1003595.37263352
2025-04-02T10:30:00.000+0000,1002384.4852888489,783288.560452377,999999.9999999999,1000800.6539602394,499654.96573085536,1003595.37263352,1003595.37263352
2025-04-02T10:40:00.000+0000,1002412.7800049529,783288.560452377,999999.9999999999,1000814.8572784873,499654.96573085536,1003595.37263352,1003595.37263352
2025-04-02T10:50:00.000+0000,1002445.9955412489,783288.560452377,999999.9999999999,1000831.5307390393,499654.96573085536,1003595.37263352,1003595.37263352
2025-04-02T11:00:00.000+0000,1002390.636314089,783288.560452377,999999.9999999999,1000803.7416381193,499654.96573085536,1003595.37263352,1003595.37263352
2025-04-02T11:10:00.000+0000,1002380.7946737049,783288.560452377,999999.9999999999,1000798.8013535113,499654.96573085536,1003595.37263352,1003595.37263352
2025-04-02T11:20:00.000+0000,1002402.9383645689,783288.560452377,999999.9999999999,1000809.9169938794,499654.96573085536,1003595.37263352,1003595.37263352
2025-04-02T11:30:00.000+0000,1002436.1539008649,783288.560452377,999999.9999999999,1000826.5904544314,499654.96573085536,1003595.37263352,1003595.37263352
2025-04-02T11:40:00.000+0000,1002502.5849734569,783288.560452377,999999.9999999999,1000859.9373755354,499654.96573085536,1003595.37263352,1003595.37263352
2025-04-02T11:50:00.000+0000,1002555.4837905209,783288.560452377,999999.9999999999,1000886.4914053034,499654.96573085536,1003595.37263352,1003595.37263352
2025-04-02T12:00:00.000+0000,1002522.2682542249,783288.560452377,999999.9999999999,1000869.8179447514,499654.96573085536,1003595.37263352,1003595.37263352
2025-04-02T12:10:00.000+0000,1002523.4984592729,783288.560452377,999999.9999999999,1000870.4354803273,499654.96573085536,1003595.37263352,1003595.37263352
2025-04-02T12:20:00.000+0000,1002549.3327652809,783288.560452377,999999.9999999999,1000883.4037274233,499654.96573085536,1003595.37263352,1003595.37263352
2025-04-02T12:30:00.000+0000,1002572.7066611929,783288.560452377,999999.9999999999,1000895.1369033674,499654.96573085536,1003595.37263352,1003595.37263352
2025-04-02T12:40:00.000+0000,1002512.4266138409,783288.560452377,999999.9999999999,1000864.8776601433,499654.96573085536,1003595.37263352,1003595.37263352
2025-04-02T12:50:00.000+0000,1002437.3841059129,783288.560452377,999999.9999999999,1000827.2079900074,499654.96573085536,1003595.37263352,1003595.37263352
2025-04-02T13:00:00.000+0000,1002436.1539008649,783288.560452377,999999.9999999999,1000826.5904544314,499654.96573085536,1003595.37263352,1003595.37263352
2025-04-02T13:10:00.000+0000,1002550.5629703288,783288.560452377,999999.9999999999,1000884.0212629993,499654.96573085536,1003595.37263352,1003595.37263352
2025-04-02T13:20:00.000+0000,1002603.4617873929,783288.560452377,999999.9999999999,1000910.5752927674,499654.96573085536,1003595.37263352,1003595.37263352
2025-04-02T13:30:00.000+0000,1002434.9236958169,783288.560452377,999999.9999999999,1000825.9729188554,499654.96573085536,1003595.37263352,1003595.37263352
2025-04-02T13:40:00.000+0000,1002191.3430963128,783288.560452377,999999.9999999999,1000703.7008748073,499654.96573085536,1003595.37263352,1003595.37263352
2025-04-02T13:50:00.000+0000,1002177.8108407849,783288.560452377,999999.9999999999,1000696.9079834713,499654.96573085536,1003595.37263352,1003595.37263352
2025-04-02T14:00:00.000+0000,1002372.183238369,783288.560452377,999999.9999999999,1000794.4786044793,499654.96573085536,1003595.37263352,1003595.37263352
2025-04-02T14:10:00.000+0000,1002507.5057936489,783288.560452377,999999.9999999999,1000862.4075178393,499654.96573085536,1003595.37263352,1003595.37263352
2025-04-02T14:20:00.000+0000,1002475.5204624009,783288.560452377,999999.9999999999,1000846.3515928633,499654.96573085536,1003595.37263352,1003595.37263352
2025-04-02T14:30:00.000+0000,1002455.8371816329,783288.560452377,999999.9999999999,1000836.4710236473,499654.96573085536,1003595.37263352,1003595.37263352
2025-04-02T14:40:00.000+0000,1002444.7653362008,783288.560452377,999999.9999999999,1000830.9132034633,499654.96573085536,1003595.37263352,1003595.37263352
2025-04-02T14:50:00.000+0000,1002412.7800049529,783288.560452377,999999.9999999999,1000814.8572784873,499654.96573085536,1003595.37263352,1003595.37263352
2025-04-02T15:00:00.000+0000,1002135.9838691528,783288.560452377,999999.9999999999,1000675.9117738873,499654.96573085536,1003595.37263352,1003595.37263352
2025-04-02T15:10:00.000+0000,1002197.4941215529,783288.560452377,999999.9999999999,1000706.7885526873,499654.96573085536,1003595.37263352,1003595.37263352
2025-04-02T15:20:00.000+0000,1002223.3284275609,783288.560452377,999999.9999999999,1000719.7567997833,499654.96573085536,1003595.37263352,1003595.37263352
2025-04-02T15:30:00.000+0000,1001786.6056355209,783288.560452377,999999.9999999999,1000500.5316703033,499654.96573085536,1003595.37263352,1003595.37263352
2025-04-02T15:40:00.000+0000,1001787.8358405689,783288.560452377,999999.9999999999,1000501.1492058793,499654.96573085536,1003595.37263352,1003595.37263352
2025-04-02T15:50:00.000+0000,1001937.9208564248,783288.560452377,999999.9999999999,1000576.4885461513,499654.96573085536,1003595.37263352,1003595.37263352
2025-04-02T16:00:00.000+0000,1001971.1363927209,783288.560452377,999999.9999999999,1000593.1620067033,499654.96573085536,1003595.37263352,1003595.37263352
2025-04-02T16:10:00.000+0000,1001985.8988532969,783288.560452377,999999.9999999999,1000600.5724336153,499654.96573085536,1003595.37263352,1003595.37263352
2025-04-02T16:20:00.000+0000,1001974.8270078648,783288.560452377,999999.9999999999,1000595.0146134313,499654.96573085536,1003595.37263352,1003595.37263352
2025-04-02T16:30:00.000+0000,1001985.8988532969,783288.560452377,999999.9999999999,1000600.5724336153,499654.96573085536,1003595.37263352,1003595.37263352
2025-04-02T16:40:00.000+0000,1002132.2932540089,783288.560452377,999999.9999999999,1000674.0591671594,499654.96573085536,1003595.37263352,1003595.37263352
2025-04-02T16:50:00.000+0000,1002149.5161246809,783288.560452377,999999.9999999999,1000682.7046652234,499654.96573085536,1003595.37263352,1003595.37263352
2025-04-02T17:00:00.000+0000,1002181.5014559289,783288.560452377,999999.9999999999,1000698.7605901994,499654.96573085536,1003595.37263352,1003595.37263352
2025-04-02T17:10:00.000+0000,1002166.7389953529,783288.560452377,999999.9999999999,1000691.3501632874,499654.96573085536,1003595.37263352,1003595.37263352
2025-04-02T17:20:00.000+0000,1002297.1407304408,783288.560452377,999999.9999999999,1000756.8089343433,499654.96573085536,1003595.37263352,1003595.37263352
2025-04-02T17:30:00.000+0000,1002448.4559513449,783288.560452377,999999.9999999999,1000832.7658101913,499654.96573085536,1003595.37263352,1003595.37263352
2025-04-02T17:40:00.000+0000,1002567.7858410008,783288.560452377,999999.9999999999,1000892.6667610633,499654.96573085536,1003595.37263352,1003595.37263352
2025-04-02T17:50:00.000+0000,1002455.8371816329,783288.560452377,999999.9999999999,1000836.4710236473,499654.96573085536,1003595.37263352,1003595.37263352
2025-04-02T18:00:00.000+0000,1002430.0028756249,783288.560452377,999999.9999999999,1000823.5027765513,499654.96573085536,1003595.37263352,1003595.37263352
2025-04-02T18:10:00.000+0000,1002421.3914402889,783288.560452377,999999.9999999999,1000819.1800275194,499654.96573085536,1003595.37263352,1003595.37263352
2025-04-02T18:20:00.000+0000,1002393.0967241849,783288.560452377,999999.9999999999,1000804.9767092713,499654.96573085536,1003595.37263352,1003595.37263352
2025-04-02T18:30:00.000+0000,1002281.1480648168,783288.560452377,999999.9999999999,1000748.7809718553,499654.96573085536,1003595.37263352,1003595.37263352
2025-04-02T18:40:00.000+0000,1002259.0043739529,783288.560452377,999999.9999999999,1000737.6653314873,499654.96573085536,1003595.37263352,1003595.37263352
2025-04-02T18:50:00.000+0000,1002272.5366294809,783288.560452377,999999.9999999999,1000744.4582228233,499654.96573085536,1003595.37263352,1003595.37263352
2025-04-02T19:00:00.000+0000,1002270.0762193849,783288.560452377,999999.9999999999,1000743.2231516714,499654.96573085536,1003595.37263352,1003595.37263352
2025-04-02T19:10:00.000+0000,1002279.9178597688,783288.560452377,999999.9999999999,1000748.1634362793,499654.96573085536,1003595.37263352,1003595.37263352
2025-04-02T19:20:00.000+0000,1002290.9897052009,783288.560452377,999999.9999999999,1000753.7212564633,499654.96573085536,1003595.37263352,1003595.37263352
2025-04-02T19:30:00.000+0000,1002270.0762193849,783288.560452377,999999.9999999999,1000743.2231516714,499654.96573085536,1003595.37263352,1003595.37263352
2025-04-02T19:40:00.000+0000,1002080.5876915769,783288.560452377,999999.9999999999,1000648.1212141353,499654.96573085536,1003595.37263352,1003595.37263352
2025-04-02T19:50:00.000+0000,1001265.523844713,783288.560452377,1001463.2053029134,996911.5057398634,499654.96573085536,1003595.37263352,1003595.37263352
2025-04-02T20:00:00.000+0000,1001649.647879449,783288.560452377,1000958.7793212394,995924.2253765193,499654.96573085536,1003595.37263352,1003595.37263352
2025-04-02T20:10:00.000+0000,995580.315532809,783288.560452377,993353.4788388573,975035.6591289033,499654.96573085536,1003595.37263352,1003595.37263352
2025-04-02T20:20:00.000+0000,998191.5999027529,783288.560452377,993872.5162567087,976993.5631616153,499654.96573085536,1003595.37263352,1003595.37263352
2025-04-02T20:30:00.000+0000,1003029.8133330729,783288.560452377,984967.5449864719,991622.7501218714,499654.96573085536,1003595.37263352,1003595.37263352
2025-04-02T20:40:00.000+0000,1003611.8874409609,783288.560452377,981511.091497816,994398.3450281433,499654.96573085536,1003595.37263352,1003595.37263352
2025-04-02T20:50:00.000+0000,1003293.4566395609,783288.560452377,986253.8179126799,995799.5751765193,499654.96573085536,1003595.37263352,1003595.37263352
2025-04-02T21:00:00.000+0000,1003191.993025441,783288.560452377,973386.3322957599,996131.1716169755,499654.96573085536,1003595.37263352,1003595.37263352
2025-04-02T21:10:00.000+0000,1006141.106915385,783288.560452377,970312.7145460143,1004737.4683371595,499654.96573085536,1003595.37263352,1003595.37263352
2025-04-02T21:20:00.000+0000,1006738.9067526169,783288.560452377,970597.3332766711,1008642.7413873433,499654.96573085536,1003595.37263352,1003595.37263352
2025-04-02T21:30:00.000+0000,1005378.2876693769,783288.560452377,971617.6570077213,1008781.6962744313,499654.96573085536,1003595.37263352,1003595.37263352
2025-04-02T21:40:00.000+0000,1005533.3494606249,783288.560452377,972084.3753174548,1010047.2150488314,499654.96573085536,1003595.37263352,1003595.37263352
2025-04-02T21:50:00.000+0000,1005762.283846481,783288.560452377,971211.8749612357,1008557.2547813834,499654.96573085536,1003595.37263352,1003595.37263352
2025-04-02T22:00:00.000+0000,1006638.591039441,783288.560452377,963377.4803449803,1011249.6369011835,499654.96573085536,1003595.37263352,1003595.37263352
2025-04-02T22:10:00.000+0000,1008978.7680988809,783288.560452377,951625.2547867014,1017871.1355411193,499654.96573085536,1003595.37263352,1003595.37263352
2025-04-02T22:20:00.000+0000,1010396.0528233129,783288.560452377,950040.5750163066,1022313.2843967833,499654.96573085536,1003595.37263352,1003595.37263352
2025-04-02T22:30:00.000+0000,1011143.2751568409,783288.560452377,944669.6351687831,1025063.7308279434,499654.96573085536,1003595.37263352,1003595.37263352
2025-04-02T22:40:00.000+0000,1012555.222844321,783288.560452377,937923.1171490375,1028903.5755826713,499654.96573085536,1003595.37263352,1003595.37263352
2025-04-02T22:50:00.000+0000,1012188.6914841769,783288.560452377,936726.5769144958,1029583.4183729914,499654.96573085536,1003595.37263352,1003595.37263352
2025-04-02T23:00:00.000+0000,1012901.791427473,783288.560452377,933103.1571837286,1032748.6234615672,499654.96573085536,1003595.37263352,1003595.37263352
2025-04-02T23:10:00.000+0000,1012795.176387793,783288.560452377,932498.0932778644,1033018.9730287514,499654.96573085536,1003595.37263352,1003595.37263352
2025-04-02T23:20:00.000+0000,1012258.5996428728,783288.560452377,933348.5387049417,1033613.4894448232,499654.96573085536,1003595.37263352,1003595.37263352
2025-04-02T23:30:00.000+0000,1012502.789944225,783288.560452377,937188.5469894563,1033523.1614350874,499654.96573085536,1003595.37263352,1003595.37263352
2025-04-02T23:40:00.000+0000,1012708.397966113,783288.560452377,936001.556363288,1033738.7779637593,499654.96573085536,1003595.37263352,1003595.37263352
2025-04-02T23:50:00.000+0000,1013150.3347935849,783288.560452377,932480.3521445044,1035464.5593732474,499654.96573085536,1003595.37263352,1003595.37263352
2025-04-03T00:00:00.000+0000,1012726.8975246169,783288.560452377,928203.5536536102,1037951.4838107913,499654.96573085536,1003595.37263352,1003595.37263352
2025-04-03T00:10:00.000+0000,1012111.9966491689,783288.560452377,935684.8305289027,1029652.7205068953,499654.96573085536,1003595.37263352,1003595.37263352
2025-04-03T00:20:00.000+0000,1011185.041217241,783288.560452377,941031.0799726079,1028733.1365031032,499654.96573085536,1003595.37263352,1003595.37263352
2025-04-03T00:30:00.000+0000,1010574.751829649,783288.560452377,942645.652968953,1025210.1427346393,499654.96573085536,1003595.37263352,1003595.37263352
2025-04-03T00:40:00.000+0000,1010223.336047361,783288.560452377,943084.8460262935,1024925.8513498392,499654.96573085536,1003595.37263352,1003595.37263352
2025-04-03T00:50:00.000+0000,1010146.003632825,783288.560452377,942224.5990682694,1026938.5593442792,499654.96573085536,1003595.37263352,1003595.37263352
2025-04-03T01:00:00.000+0000,1009621.6352434009,783288.560452377,944439.3043697766,1027915.6746461834,499654.96573085536,1003595.37263352,1003595.37263352
2025-04-03T01:10:00.000+0000,1008846.659110689,783288.560452377,945167.9973739617,1028332.2335322633,499654.96573085536,1003595.37263352,1003595.37263352
2025-04-03T01:20:00.000+0000,1008961.120318409,783288.560452377,944300.9252466105,1028883.1380557835,499654.96573085536,1003595.37263352,1003595.37263352
2025-04-03T01:30:00.000+0000,1008585.943340297,783288.560452377,946376.9056731126,1029179.0460198794,499654.96573085536,1003595.37263352,1003595.37263352
2025-04-03T01:40:00.000+0000,1008292.298814001,783288.560452377,946649.6167752726,1030651.3108949754,499654.96573085536,1003595.37263352,1003595.37263352
2025-04-03T01:50:00.000+0000,1008375.4025377929,783288.560452377,948112.4235004545,1031572.7416501835,499654.96573085536,1003595.37263352,1003595.37263352
2025-04-03T02:00:00.000+0000,1009046.5942545129,783288.560452377,947675.118404485,1030226.1926218875,499654.96573085536,1003595.37263352,1003595.37263352
2025-04-03T02:10:00.000+0000,1009453.9570533528,783288.560452377,945134.4054385556,1029637.3341758153,499654.96573085536,1003595.37263352,1003595.37263352
2025-04-03T02:20:00.000+0000,1008950.745045273,783288.560452377,944974.6663687371,1031413.6687703753,499654.96573085536,1003595.37263352,1003595.37263352
2025-04-03T02:30:00.000+0000,1008169.874991473,783288.560452377,946212.2808708625,1028653.1642920953,499654.96573085536,1003595.37263352,1003595.37263352
2025-04-03T02:40:00.000+0000,1008476.799365385,783288.560452377,948642.674673182,1028152.4439790634,499654.96573085536,1003595.37263352,1003595.37263352
2025-04-03T02:50:00.000+0000,1008493.328111801,783288.560452377,949832.6681946653,1027773.7823209274,499654.96573085536,1003595.37263352,1003595.37263352
2025-04-03T03:00:00.000+0000,1008878.9043838169,783288.560452377,948965.2803458408,1028246.2410613194,499654.96573085536,1003595.37263352,1003595.37263352
2025-04-03T03:10:00.000+0000,1009558.114101001,783288.560452377,948451.2589768169,1031096.1066834473,499654.96573085536,1003595.37263352,1003595.37263352
2025-04-03T03:20:00.000+0000,1009222.2181229289,783288.560452377,950261.9404491072,1030481.3556780072,499654.96573085536,1003595.37263352,1003595.37263352
2025-04-03T03:30:00.000+0000,1009345.0607801209,783288.560452377,948492.93119603,1030732.5548977355,499654.96573085536,1003595.37263352,1003595.37263352
2025-04-03T03:40:00.000+0000,1009487.521330433,783288.560452377,947368.4677995713,1033626.5133273754,499654.96573085536,1003595.37263352,1003595.37263352
2025-04-03T03:50:00.000+0000,1008912.5070101928,783288.560452377,947565.950143232,1031610.3667559993,499654.96573085536,1003595.37263352,1003595.37263352
2025-04-03T04:00:00.000+0000,1009014.3437056089,783288.560452377,946994.1090888327,1031561.6947048153,499654.96573085536,1003595.37263352,1003595.37263352
2025-04-03T04:10:00.000+0000,1008820.371117921,783288.560452377,947703.2255648207,1031132.1863466073,499654.96573085536,1003595.37263352,1003595.37263352
2025-04-03T04:20:00.000+0000,1009246.4270003211,783288.560452377,946797.8298832697,1032749.6601915194,499654.96573085536,1003595.37263352,1003595.37263352
2025-04-03T04:30:00.000+0000,1008862.6140265369,783288.560452377,946381.8954476025,1032129.2787240555,499654.96573085536,1003595.37263352,1003595.37263352
2025-04-03T04:40:00.000+0000,1008037.911266977,783288.560452377,949358.5139218825,1030091.6572763353,499654.96573085536,1003595.37263352,1003595.37263352
2025-04-03T04:50:00.000+0000,1008390.406844737,783288.560452377,951422.6239850922,1031679.8463678072,499654.96573085536,1003595.37263352,1003595.37263352
2025-04-03T05:00:00.000+0000,1008177.7859476409,783288.560452377,951283.7557279575,1031782.4227909673,499654.96573085536,1003595.37263352,1003595.37263352
2025-04-03T05:10:00.000+0000,1008291.474623881,783288.560452377,950358.4508856803,1032556.8551190714,499654.96573085536,1003595.37263352,1003595.37263352
2025-04-03T05:20:00.000+0000,1008283.133032497,783288.560452377,948773.6478279468,1032769.0987382312,499654.96573085536,1003595.37263352,1003595.37263352
2025-04-03T05:30:00.000+0000,1009131.278852593,783288.560452377,947242.227909044,1034981.8386090474,499654.96573085536,1003595.37263352,1003595.37263352
2025-04-03T05:40:00.000+0000,1008696.9482252889,783288.560452377,946976.8316288964,1034671.3379884233,499654.96573085536,1003595.37263352,1003595.37263352
2025-04-03T05:50:00.000+0000,1009303.2331989771,783288.560452377,944646.960252702,1037119.2727027193,499654.96573085536,1003595.37263352,1003595.37263352
2025-04-03T06:00:00.000+0000,1009476.754410865,783288.560452377,944745.5706429962,1037043.0622698794,499654.96573085536,1003595.37263352,1003595.37263352
2025-04-03T06:10:00.000+0000,1009718.1937047848,783288.560452377,943428.900350616,1037845.2238368314,499654.96573085536,1003595.37263352,1003595.37263352
2025-04-03T06:20:00.000+0000,1009967.986060905,783288.560452377,944042.700683563,1037905.2817820073,499654.96573085536,1003595.37263352,1003595.37263352
2025-04-03T06:30:00.000+0000,1010414.102272193,783288.560452377,942883.1693824444,1039166.1629194873,499654.96573085536,1003595.37263352,1003595.37263352
2025-04-03T06:40:00.000+0000,1011315.6980480889,783288.560452377,943076.2687835272,1040888.9299723913,499654.96573085536,1003595.37263352,1003595.37263352
2025-04-03T06:50:00.000+0000,1011409.4066611769,783288.560452377,939845.6457484326,1043461.7768669353,499654.96573085536,1003595.37263352,1003595.37263352
2025-04-03T07:00:00.000+0000,1011492.763242521,783288.560452377,941201.9764925995,1047832.0685943273,499654.96573085536,1003595.37263352,1003595.37263352
2025-04-03T07:10:00.000+0000,1011937.913966817,783288.560452377,939242.9205816938,1049546.1195057274,499654.96573085536,1003595.37263352,1003595.37263352
2025-04-03T07:20:00.000+0000,1011359.5299444969,783288.560452377,938927.6736945154,1047630.7161952154,499654.96573085536,1003595.37263352,1003595.37263352
2025-04-03T07:30:00.000+0000,1011539.609275689,783288.560452377,940916.0658473982,1048348.5553940715,499654.96573085536,1003595.37263352,1003595.37263352
2025-04-03T07:40:00.000+0000,1012220.4709602409,783288.560452377,940016.4535276953,1051733.8766787034,499654.96573085536,1003595.37263352,1003595.37263352
2025-04-03T07:50:00.000+0000,1011396.2417115689,783288.560452377,940363.9959016326,1050057.1521822633,499654.96573085536,1003595.37263352,1003595.37263352
2025-04-03T08:00:00.000+0000,1010979.7471439929,783288.560452377,943870.0169533708,1048195.9633054794,499654.96573085536,1003595.37263352,1003595.37263352
2025-04-03T08:10:00.000+0000,1011735.931162433,783288.560452377,943881.3855999601,1048119.1552411272,499654.96573085536,1003595.37263352,1003595.37263352
2025-04-03T08:20:00.000+0000,1011836.6849348808,783288.560452377,943632.590559541,1047750.1868321834,499654.96573085536,1003595.37263352,1003595.37263352
2025-04-03T08:30:00.000+0000,1011787.8642127288,783288.560452377,943685.817992866,1047629.6799948394,499654.96573085536,1003595.37263352,1003595.37263352
2025-04-03T08:40:00.000+0000,1011805.2281704409,783288.560452377,945250.8094573086,1047530.4179880234,499654.96573085536,1003595.37263352,1003595.37263352
2025-04-03T08:50:00.000+0000,1011766.199438425,783288.560452377,944416.0497099134,1047238.9106106395,499654.96573085536,1003595.37263352,1003595.37263352
2025-04-03T09:00:00.000+0000,1011735.6021158809,783288.560452377,944194.6694945002,1048575.1958565353,499654.96573085536,1003595.37263352,1003595.37263352
2025-04-03T09:10:00.000+0000,1012092.5837119529,783288.560452377,943370.2371406493,1049303.7211696552,499654.96573085536,1003595.37263352,1003595.37263352
2025-04-03T09:20:00.000+0000,1012101.442719073,783288.560452377,942844.5123462052,1049082.7374681593,499654.96573085536,1003595.37263352,1003595.37263352
2025-04-03T09:30:00.000+0000,1011708.605260657,783288.560452377,943786.5762800185,1048993.5541119673,499654.96573085536,1003595.37263352,1003595.37263352
2025-04-03T09:40:00.000+0000,1011748.3145577849,783288.560452377,942410.6582761459,1048810.8126521835,499654.96573085536,1003595.37263352,1003595.37263352
2025-04-03T09:50:00.000+0000,1011961.575612345,783288.560452377,939918.9843456827,1052524.4745140474,499654.96573085536,1003595.37263352,1003595.37263352
2025-04-03T10:00:00.000+0000,1012404.444463601,783288.560452377,940321.3547599057,1052515.8472713674,499654.96573085536,1003595.37263352,1003595.37263352
2025-04-03T10:10:00.000+0000,1012462.222164433,783288.560452377,941012.2744420241,1051792.3242931752,499654.96573085536,1003595.37263352,1003595.37263352
2025-04-03T10:20:00.000+0000,1013421.2983791608,783288.560452377,935275.7444696531,1053871.9261696632,499654.96573085536,1003595.37263352,1003595.37263352
2025-04-03T10:30:00.000+0000,1014373.196031337,783288.560452377,932768.122187567,1056968.0511965354,499654.96573085536,1003595.37263352,1003595.37263352
2025-04-03T10:40:00.000+0000,1014517.1103676888,783288.560452377,930521.4092367103,1060120.6546544873,499654.96573085536,1003595.37263352,1003595.37263352
2025-04-03T10:50:00.000+0000,1014628.960875641,783288.560452377,930881.8249422061,1060824.6535444553,499654.96573085536,1003595.37263352,1003595.37263352
2025-04-03T11:00:00.000+0000,1015641.4683211609,783288.560452377,929015.1382886532,1065915.3748867114,499654.96573085536,1003595.37263352,1003595.37263352
2025-04-03T11:10:00.000+0000,1014841.353835233,783288.560452377,932107.1804031652,1064386.3910031514,499654.96573085536,1003595.37263352,1003595.37263352
2025-04-03T11:20:00.000+0000,1015435.8859487369,783288.560452377,930868.3719025833,1066251.9962440154,499654.96573085536,1003595.37263352,1003595.37263352
2025-04-03T11:30:00.000+0000,1015564.0609966009,783288.560452377,930766.9306791007,1065612.8375303755,499654.96573085536,1003595.37263352,1003595.37263352
2025-04-03T11:40:00.000+0000,1015314.324485769,783288.560452377,930393.8512287363,1064839.6551914793,499654.96573085536,1003595.37263352,1003595.37263352
2025-04-03T11:50:00.000+0000,1015634.635871497,783288.560452377,929905.9999888127,1067291.1094778634,499654.96573085536,1003595.37263352,1003595.37263352
2025-04-03T12:00:00.000+0000,1015255.6737838971,783288.560452377,928741.7461549654,1064702.2625935595,499654.96573085536,1003595.37263352,1003595.37263352
2025-04-03T12:10:00.000+0000,1014897.5743927768,783288.560452377,929466.3132634006,1064414.5847201196,499654.96573085536,1003595.37263352,1003595.37263352
2025-04-03T12:20:00.000+0000,1015476.980946417,783288.560452377,925003.9095082604,1065804.7233687993,499654.96573085536,1003595.37263352,1003595.37263352
2025-04-03T12:30:00.000+0000,1016346.3566789851,783288.560452377,923710.5509049452,1067301.1712020393,499654.96573085536,1003595.37263352,1003595.37263352
2025-04-03T12:40:00.000+0000,1016788.204907393,783288.560452377,911107.7429585059,1068818.6805325914,499654.96573085536,1003595.37263352,1003595.37263352
2025-04-03T12:50:00.000+0000,1017784.476621897,783288.560452377,913364.9427822994,1073637.7274583913,499654.96573085536,1003595.37263352,1003595.37263352
2025-04-03T13:00:00.000+0000,1018458.0303974568,783288.560452377,912343.014670402,1073651.8154090072,499654.96573085536,1003595.37263352,1003595.37263352
2025-04-03T13:10:00.000+0000,1018032.949374545,783288.560452377,914541.9220136141,1072002.4615585194,499654.96573085536,1003595.37263352,1003595.37263352
2025-04-03T13:20:00.000+0000,1018617.4366003929,783288.560452377,913836.3471912085,1071018.4931934553,499654.96573085536,1003595.37263352,1003595.37263352
2025-04-03T13:30:00.000+0000,1016480.860889465,783288.560452377,919711.6542921839,1066073.0366762953,499654.96573085536,1003595.37263352,1003595.37263352
2025-04-03T13:40:00.000+0000,1017348.837532201,783288.560452377,920917.1976054177,1069088.2745946632,499654.96573085536,1003595.37263352,1003595.37263352
2025-04-03T13:50:00.000+0000,1017099.035004225,783288.560452377,922874.9150090104,1066754.1756888074,499654.96573085536,1003595.37263352,1003595.37263352
2025-04-03T14:00:00.000+0000,1017431.1897276969,783288.560452377,915727.1367333832,1068377.4874296633,499654.96573085536,1003595.37263352,1003595.37263352
2025-04-03T14:10:00.000+0000,1019075.320220217,783288.560452377,913613.9704821522,1071802.0135653033,499654.96573085536,1003595.37263352,1003595.37263352
2025-04-03T14:20:00.000+0000,1018470.6840864009,783288.560452377,915238.3576100371,1071187.4384290553,499654.96573085536,1003595.37263352,1003595.37263352
2025-04-03T14:30:00.000+0000,1018458.594475833,783288.560452377,914049.9177898106,1070634.7568383275,499654.96573085536,1003595.37263352,1003595.37263352
2025-04-03T14:40:00.000+0000,1019960.372721329,783288.560452377,911319.6022991197,1074189.6899248795,499654.96573085536,1003595.37263352,1003595.37263352
2025-04-03T14:50:00.000+0000,1021484.0791602251,783288.560452377,908474.1258222787,1074547.8805529515,499654.96573085536,1003595.37263352,1003595.37263352
2025-04-03T15:00:00.000+0000,1021059.9781826489,783288.560452377,910314.5129155633,1073561.6279367513,499654.96573085536,1003595.37263352,1003595.37263352
2025-04-03T15:10:00.000+0000,1019764.348406337,783288.560452377,911701.02231743,1071029.9240814233,499654.96573085536,1003595.37263352,1003595.37263352
2025-04-03T15:20:00.000+0000,1019465.948697233,783288.560452377,915061.1031086706,1070810.2329150713,499654.96573085536,1003595.37263352,1003595.37263352
2025-04-03T15:30:00.000+0000,1018804.3013888729,783288.560452377,917946.977096312,1069173.2221322234,499654.96573085536,1003595.37263352,1003595.37263352
2025-04-03T15:40:00.000+0000,1018258.1453135529,783288.560452377,917977.861172934,1067720.7255598234,499654.96573085536,1003595.37263352,1003595.37263352
2025-04-03T15:50:00.000+0000,1018585.733872881,783288.560452377,916374.258039665,1069504.7041742713,499654.96573085536,1003595.37263352,1003595.37263352
2025-04-03T16:00:00.000+0000,1018051.8680574809,783288.560452377,920828.1756984277,1067833.1092908555,499654.96573085536,1003595.37263352,1003595.37263352
2025-04-03T16:10:00.000+0000,1018407.2211773769,783288.560452377,920100.4076354298,1067039.6263554392,499654.96573085536,1003595.37263352,1003595.37263352
2025-04-03T16:20:00.000+0000,1018205.1670700809,783288.560452377,921586.0237963982,1065426.5877395032,499654.96573085536,1003595.37263352,1003595.37263352
2025-04-03T16:30:00.000+0000,1018571.384251769,783288.560452377,919183.5291238743,1065934.2672007594,499654.96573085536,1003595.37263352,1003595.37263352
2025-04-03T16:40:00.000+0000,1018343.492331273,783288.560452377,917912.2080199287,1066359.8254415914,499654.96573085536,1003595.37263352,1003595.37263352
2025-04-03T16:50:00.000+0000,1019091.3691607849,783288.560452377,915577.967911476,1069164.2558809672,499654.96573085536,1003595.37263352,1003595.37263352
2025-04-03T17:00:00.000+0000,1018173.9433990171,783288.560452377,916862.8047807944,1067570.4547627112,499654.96573085536,1003595.37263352,1003595.37263352
2025-04-03T17:10:00.000+0000,1018190.6691876729,783288.560452377,916413.7675794072,1068658.5940543113,499654.96573085536,1003595.37263352,1003595.37263352
2025-04-03T17:20:00.000+0000,1018733.1991162329,783288.560452377,915069.271578772,1069306.5264533833,499654.96573085536,1003595.37263352,1003595.37263352
2025-04-03T17:30:00.000+0000,1018296.173506641,783288.560452377,914910.6946615363,1067307.8273028955,499654.96573085536,1003595.37263352,1003595.37263352
2025-04-03T17:40:00.000+0000,1018109.1035524249,783288.560452377,919169.3408764633,1066998.0047893513,499654.96573085536,1003595.37263352,1003595.37263352
2025-04-03T17:50:00.000+0000,1018409.637732585,783288.560452377,918705.7171628682,1068123.3345047913,499654.96573085536,1003595.37263352,1003595.37263352
2025-04-03T18:00:00.000+0000,1018411.6333947771,783288.560452377,917662.1935026493,1067983.6649498953,499654.96573085536,1003595.37263352,1003595.37263352
2025-04-03T18:10:00.000+0000,1018575.0120771851,783288.560452377,916755.8080435775,1069380.6888759434,499654.96573085536,1003595.37263352,1003595.37263352
2025-04-03T18:20:00.000+0000,1018388.266523241,783288.560452377,916794.3087663004,1068009.8234163672,499654.96573085536,1003595.37263352,1003595.37263352
2025-04-03T18:30:00.000+0000,1017341.872438737,783288.560452377,918514.3443746794,1065235.5867126633,499654.96573085536,1003595.37263352,1003595.37263352
2025-04-03T18:40:00.000+0000,1015845.354611537,783288.560452377,923958.2479046171,1061096.0405110552,499654.96573085536,1003595.37263352,1003595.37263352
2025-04-03T18:50:00.000+0000,1015633.934153321,783288.560452377,923038.805765917,1060357.1576406152,499654.96573085536,1003595.37263352,1003595.37263352
2025-04-03T19:00:00.000+0000,1015294.256253209,783288.560452377,923827.1300173549,1061980.9740574076,499654.96573085536,1003595.37263352,1003595.37263352
2025-04-03T19:10:00.000+0000,1015419.4428037849,783288.560452377,922379.4091332825,1063830.5493425033,499654.96573085536,1003595.37263352,1003595.37263352
2025-04-03T19:20:00.000+0000,1016037.448223609,783288.560452377,922683.0244247138,1065925.6174960635,499654.96573085536,1003595.37263352,1003595.37263352
2025-04-03T19:30:00.000+0000,1016259.2550760569,783288.560452377,922084.1081176009,1066143.9315150152,499654.96573085536,1003595.37263352,1003595.37263352
2025-04-03T19:40:00.000+0000,1016015.5828399209,783288.560452377,923962.6067370179,1066271.3038455674,499654.96573085536,1003595.37263352,1003595.37263352
2025-04-03T19:50:00.000+0000,1016309.7983290809,783288.560452377,923868.3350843333,1066202.9903101514,499654.96573085536,1003595.37263352,1003595.37263352
2025-04-03T20:00:00.000+0000,1015813.2861068809,783288.560452377,922830.1447862829,1066277.7771427834,499654.96573085536,1003595.37263352,1003595.37263352
2025-04-03T20:10:00.000+0000,1015809.050687929,783288.560452377,923491.2977849599,1066763.7824372554,499654.96573085536,1003595.37263352,1003595.37263352
2025-04-03T20:20:00.000+0000,1015975.4170982409,783288.560452377,922134.2669697667,1066412.3732896554,499654.96573085536,1003595.37263352,1003595.37263352
2025-04-03T20:30:00.000+0000,1016350.081296905,783288.560452377,922058.1532181622,1067712.6140342392,499654.96573085536,1003595.37263352,1003595.37263352
2025-04-03T20:40:00.000+0000,1014882.459844097,783288.560452377,923909.8987631027,1061815.6583158874,499654.96573085536,1003595.37263352,1003595.37263352
2025-04-03T20:50:00.000+0000,1014772.715779641,783288.560452377,928252.7896930317,1059709.0145901993,499654.96573085536,1003595.37263352,1003595.37263352
2025-04-03T21:00:00.000+0000,1012815.7248158889,783288.560452377,929176.0208380666,1057863.2731155993,499654.96573085536,1003595.37263352,1003595.37263352
2025-04-03T21:10:00.000+0000,1013637.041836209,783288.560452377,929638.7284550399,1059571.1105517594,499654.96573085536,1003595.37263352,1003595.37263352
2025-04-03T21:20:00.000+0000,1013818.234895705,783288.560452377,931201.5733372746,1059711.5307156874,499654.96573085536,1003595.37263352,1003595.37263352
2025-04-03T21:30:00.000+0000,1014404.638976841,783288.560452377,929708.8564929457,1059056.0186651913,499654.96573085536,1003595.37263352,1003595.37263352
2025-04-03T21:40:00.000+0000,1014452.300317241,783288.560452377,929527.4824811583,1057712.6507000073,499654.96573085536,1003595.37263352,1003595.37263352
2025-04-03T21:50:00.000+0000,1013648.314670721,783288.560452377,932858.3888976153,1054609.7589508472,499654.96573085536,1003595.37263352,1003595.37263352
2025-04-03T22:00:00.000+0000,1013945.060663857,783288.560452377,933715.0636708336,1055190.5918125273,499654.96573085536,1003595.37263352,1003595.37263352
2025-04-03T22:10:00.000+0000,1014255.101602521,783288.560452377,934163.373730923,1057186.9331207995,499654.96573085536,1003595.37263352,1003595.37263352
2025-04-03T22:20:00.000+0000,1014693.9455063129,783288.560452377,933402.1970627299,1059237.5170702154,499654.96573085536,1003595.37263352,1003595.37263352
2025-04-03T22:30:00.000+0000,1013892.165044233,783288.560452377,935237.2976995498,1059590.9835306474,499654.96573085536,1003595.37263352,1003595.37263352
2025-04-03T22:40:00.000+0000,1014112.762654849,783288.560452377,935137.7066356583,1059269.8014320475,499654.96573085536,1003595.37263352,1003595.37263352
2025-04-03T22:50:00.000+0000,1014183.2441245291,783288.560452377,934581.1269633066,1059089.2168753594,499654.96573085536,1003595.37263352,1003595.37263352
2025-04-03T23:00:00.000+0000,1014378.902012897,783288.560452377,932096.9493159822,1060807.0250885114,499654.96573085536,1003595.37263352,1003595.37263352
2025-04-03T23:10:00.000+0000,1015344.014674601,783288.560452377,931120.8895568533,1062405.9217170954,499654.96573085536,1003595.37263352,1003595.37263352
2025-04-03T23:20:00.000+0000,1014859.344341305,783288.560452377,932300.2941038616,1061156.0978966795,499654.96573085536,1003595.37263352,1003595.37263352
2025-04-03T23:30:00.000+0000,1014418.1104310489,783288.560452377,935762.7239072167,1060138.3109881114,499654.96573085536,1003595.37263352,1003595.37263352
2025-04-03T23:40:00.000+0000,1013906.151775889,783288.560452377,936008.5058395283,1058194.2923681755,499654.96573085536,1003595.37263352,1003595.37263352
2025-04-03T23:50:00.000+0000,1014138.2415753929,783288.560452377,937960.9809916237,1058310.7575814072,499654.96573085536,1003595.37263352,1003595.37263352
2025-04-04T00:00:00.000+0000,1013753.547926713,783288.560452377,937004.2126061595,1056837.1453550556,499654.96573085536,1003595.37263352,1003595.37263352
2025-04-04T00:10:00.000+0000,1014285.3933896889,783288.560452377,936721.4748256755,1056549.0253456074,499654.96573085536,1003595.37263352,1003595.37263352
2025-04-04T00:20:00.000+0000,1013609.2905650008,783288.560452377,937695.842813596,1055453.9295236873,499654.96573085536,1003595.37263352,1003595.37263352
2025-04-04T00:30:00.000+0000,1013383.354148849,783288.560452377,938405.9316551914,1055480.0245509516,499654.96573085536,1003595.37263352,1003595.37263352
2025-04-04T00:40:00.000+0000,1014308.729615761,783288.560452377,935533.0218682801,1057532.4853177115,499654.96573085536,1003595.37263352,1003595.37263352
2025-04-04T00:50:00.000+0000,1015181.780216081,783288.560452377,933517.1540337261,1060014.5380057753,499654.96573085536,1003595.37263352,1003595.37263352
2025-04-04T01:00:00.000+0000,1015198.3195839929,783288.560452377,933148.6212979357,1058851.1816659912,499654.96573085536,1003595.37263352,1003595.37263352
2025-04-04T01:10:00.000+0000,1015373.239466049,783288.560452377,934287.4015770394,1058940.0141531033,499654.96573085536,1003595.37263352,1003595.37263352
2025-04-04T01:20:00.000+0000,1015117.840249009,783288.560452377,934141.0697500088,1058046.4168632955,499654.96573085536,1003595.37263352,1003595.37263352
2025-04-04T01:30:00.000+0000,1015589.7319134249,783288.560452377,932235.2755775384,1060601.2508696874,499654.96573085536,1003595.37263352,1003595.37263352
2025-04-04T01:40:00.000+0000,1015755.4394212809,783288.560452377,932109.805441409,1059919.5293635433,499654.96573085536,1003595.37263352,1003595.37263352
2025-04-04T01:50:00.000+0000,1015989.4366336329,783288.560452377,922991.1697254453,1061399.1749093751,499654.96573085536,1003595.37263352,1003595.37263352
2025-04-04T02:00:00.000+0000,1015505.773234145,783288.560452377,927330.3255302238,1060184.6557226393,499654.96573085536,1003595.37263352,1003595.37263352
2025-04-04T02:10:00.000+0000,1014486.6182609049,783288.560452377,931302.3455218122,1058593.4454000874,499654.96573085536,1003595.37263352,1003595.37263352
2025-04-04T02:20:00.000+0000,1014703.0214197689,783288.560452377,929655.1720308843,1059074.1944529195,499654.96573085536,1003595.37263352,1003595.37263352
2025-04-04T02:30:00.000+0000,1015613.645797001,783288.560452377,929669.41656514,1060133.7127196714,499654.96573085536,1003595.37263352,1003595.37263352
2025-04-04T02:40:00.000+0000,1014448.944394129,783288.560452377,928951.1434155385,1057493.4550669114,499654.96573085536,1003595.37263352,1003595.37263352
2025-04-04T02:50:00.000+0000,1014906.9408336249,783288.560452377,927231.6591303023,1058372.5187828874,499654.96573085536,1003595.37263352,1003595.37263352
2025-04-04T03:00:00.000+0000,1014653.2856302569,783288.560452377,926458.515050098,1059972.8486039992,499654.96573085536,1003595.37263352,1003595.37263352
2025-04-04T03:10:00.000+0000,1014768.820278537,783288.560452377,926430.4315169404,1059766.9135439512,499654.96573085536,1003595.37263352,1003595.37263352
2025-04-04T03:20:00.000+0000,1014382.3188872089,783288.560452377,929415.2533208667,1059427.7358133835,499654.96573085536,1003595.37263352,1003595.37263352
2025-04-04T03:30:00.000+0000,1014686.5595598011,783288.560452377,926247.4311604303,1060853.4158361994,499654.96573085536,1003595.37263352,1003595.37263352
2025-04-04T03:40:00.000+0000,1015106.723919193,783288.560452377,926908.0119273813,1060416.3488097673,499654.96573085536,1003595.37263352,1003595.37263352
2025-04-04T03:50:00.000+0000,1014685.018263825,783288.560452377,927487.1664891427,1059208.5080460154,499654.96573085536,1003595.37263352,1003595.37263352
2025-04-04T04:00:00.000+0000,1014631.9322766169,783288.560452377,926338.6824880269,1060236.5360551432,499654.96573085536,1003595.37263352,1003595.37263352
2025-04-04T04:10:00.000+0000,1015223.973854145,783288.560452377,924962.7746612288,1061986.8495732315,499654.96573085536,1003595.37263352,1003595.37263352
2025-04-04T04:20:00.000+0000,1015000.046789225,783288.560452377,924499.4170805265,1059958.6529795914,499654.96573085536,1003595.37263352,1003595.37263352
2025-04-04T04:30:00.000+0000,1014685.016235449,783288.560452377,927232.8617318245,1058909.0233555913,499654.96573085536,1003595.37263352,1003595.37263352
2025-04-04T04:40:00.000+0000,1014874.2776151211,783288.560452377,926555.3749945383,1060668.2552033034,499654.96573085536,1003595.37263352,1003595.37263352
2025-04-04T04:50:00.000+0000,1015092.387847233,783288.560452377,925551.0183595339,1061254.4867225995,499654.96573085536,1003595.37263352,1003595.37263352
2025-04-04T05:00:00.000+0000,1015046.258859969,783288.560452377,924777.8678582831,1060863.0870330473,499654.96573085536,1003595.37263352,1003595.37263352
2025-04-04T05:10:00.000+0000,1014276.623870921,783288.560452377,927671.6039756932,1060647.6651885035,499654.96573085536,1003595.37263352,1003595.37263352
2025-04-04T05:20:00.000+0000,1013271.8030311931,783288.560452377,929156.7698597652,1057768.0008244552,499654.96573085536,1003595.37263352,1003595.37263352
2025-04-04T05:30:00.000+0000,1012894.2753651369,783288.560452377,931536.0552398383,1055232.4035463594,499654.96573085536,1003595.37263352,1003595.37263352
2025-04-04T05:40:00.000+0000,1012969.4133865929,783288.560452377,933590.1018960944,1054592.9208920794,499654.96573085536,1003595.37263352,1003595.37263352
2025-04-04T05:50:00.000+0000,1013380.251423017,783288.560452377,933465.2382968015,1056850.5355443272,499654.96573085536,1003595.37263352,1003595.37263352
2025-04-04T06:00:00.000+0000,1013196.9836246409,783288.560452377,934372.528342911,1056002.7324598234,499654.96573085536,1003595.37263352,1003595.37263352
2025-04-04T06:10:00.000+0000,1013683.305445689,783288.560452377,934082.564445426,1057218.5098691755,499654.96573085536,1003595.37263352,1003595.37263352
2025-04-04T06:20:00.000+0000,1014009.955436473,783288.560452377,934976.9541075648,1056626.6072304074,499654.96573085536,1003595.37263352,1003595.37263352
2025-04-04T06:30:00.000+0000,1013962.068146977,783288.560452377,933386.1468332093,1057034.4730864794,499654.96573085536,1003595.37263352,1003595.37263352
2025-04-04T06:40:00.000+0000,1014504.345837489,783288.560452377,932801.8886086191,1056782.1457199913,499654.96573085536,1003595.37263352,1003595.37263352
2025-04-04T06:50:00.000+0000,1015026.0640587449,783288.560452377,932460.6131053853,1057896.1581265274,499654.96573085536,1003595.37263352,1003595.37263352
2025-04-04T07:00:00.000+0000,1014505.111184721,783288.560452377,932463.8532120961,1054823.5095534553,499654.96573085536,1003595.37263352,1003595.37263352
2025-04-04T07:10:00.000+0000,1014113.548006065,783288.560452377,937169.5028971088,1053694.9821582073,499654.96573085536,1003595.37263352,1003595.37263352
2025-04-04T07:20:00.000+0000,1013722.927502665,783288.560452377,938863.7125006416,1052919.3193153033,499654.96573085536,1003595.37263352,1003595.37263352
2025-04-04T07:30:00.000+0000,1013491.883705689,783288.560452377,938999.573015423,1053171.6368596554,499654.96573085536,1003595.37263352,1003595.37263352
2025-04-04T07:40:00.000+0000,1013246.0703837929,783288.560452377,940731.6207952152,1052581.5533743994,499654.96573085536,1003595.37263352,1003595.37263352
2025-04-04T07:50:00.000+0000,1013050.686396129,783288.560452377,944151.8924469823,1053214.7292281594,499654.96573085536,1003595.37263352,1003595.37263352
2025-04-04T08:00:00.000+0000,1012409.578493089,783288.560452377,944331.5610316761,1052092.1444949755,499654.96573085536,1003595.37263352,1003595.37263352
2025-04-04T08:10:00.000+0000,1012624.137758249,783288.560452377,946955.6047622875,1051254.1296336234,499654.96573085536,1003595.37263352,1003595.37263352
2025-04-04T08:20:00.000+0000,1012364.1805904888,783288.560452377,948840.829910445,1050185.8565962953,499654.96573085536,1003595.37263352,1003595.37263352
2025-04-04T08:30:00.000+0000,1013067.5333777529,783288.560452377,948065.4794823776,1050804.6376451193,499654.96573085536,1003595.37263352,1003595.37263352
2025-04-04T08:40:00.000+0000,1013088.0725432648,783288.560452377,949434.7685249449,1052216.7916374234,499654.96573085536,1003595.37263352,1003595.37263352
2025-04-04T08:50:00.000+0000,1013397.7521612169,783288.560452377,949589.3144131303,1053425.1178425113,499654.96573085536,1003595.37263352,1003595.37263352
2025-04-04T09:00:00.000+0000,1013590.4194339929,783288.560452377,947681.0753667509,1054472.3345683753,499654.96573085536,1003595.37263352,1003595.37263352
2025-04-04T09:10:00.000+0000,1013617.828219409,783288.560452377,948959.4832030961,1056007.2184781353,499654.96573085536,1003595.37263352,1003595.37263352
2025-04-04T09:20:00.000+0000,1013520.9242146809,783288.560452377,948766.2144049043,1056175.9476267432,499654.96573085536,1003595.37263352,1003595.37263352
2025-04-04T09:30:00.000+0000,1013634.0083749209,783288.560452377,948344.8589752082,1056666.6574046153,499654.96573085536,1003595.37263352,1003595.37263352
2025-04-04T09:40:00.000+0000,1013399.390349617,783288.560452377,951672.8597687094,1056751.9116166395,499654.96573085536,1003595.37263352,1003595.37263352
2025-04-04T09:50:00.000+0000,1013452.7772059371,783288.560452377,952602.4304279138,1056390.0886267833,499654.96573085536,1003595.37263352,1003595.37263352
2025-04-04T10:00:00.000+0000,1013442.7356156409,783288.560452377,944457.9046691856,1057373.5971600073,499654.96573085536,1003595.37263352,1003595.37263352
2025-04-04T10:10:00.000+0000,1014521.1365441689,783288.560452377,939087.1460055717,1063469.4361443592,499654.96573085536,1003595.37263352,1003595.37263352
2025-04-04T10:20:00.000+0000,1015964.9019670809,783288.560452377,930905.8986499724,1069376.7420759115,499654.96573085536,1003595.37263352,1003595.37263352
2025-04-04T10:30:00.000+0000,1016599.966888377,783288.560452377,931325.3846390793,1070339.1950870394,499654.96573085536,1003595.37263352,1003595.37263352
2025-04-04T10:40:00.000+0000,1017463.139907089,783288.560452377,927401.964674145,1071100.2773337592,499654.96573085536,1003595.37263352,1003595.37263352
2025-04-04T10:50:00.000+0000,1018971.4864637288,783288.560452377,923731.4924741515,1073800.7674119994,499654.96573085536,1003595.37263352,1003595.37263352
2025-04-04T11:00:00.000+0000,1019135.210709465,783288.560452377,922712.3107830344,1074422.7740382953,499654.96573085536,1003595.37263352,1003595.37263352
2025-04-04T11:10:00.000+0000,1019876.793997841,783288.560452377,921829.5832835839,1076765.3562920394,499654.96573085536,1003595.37263352,1003595.37263352
2025-04-04T11:20:00.000+0000,1020288.203176985,783288.560452377,915187.5528452463,1078348.6386520392,499654.96573085536,1003595.37263352,1003595.37263352
2025-04-04T11:30:00.000+0000,1020644.124871657,783288.560452377,915493.7387214443,1080686.8065201193,499654.96573085536,1003595.37263352,1003595.37263352
2025-04-04T11:40:00.000+0000,1021071.763676705,783288.560452377,916238.560447369,1083924.6578751514,499654.96573085536,1003595.37263352,1003595.37263352
2025-04-04T11:50:00.000+0000,1020118.516465041,783288.560452377,920713.0045173445,1082244.6885266711,499654.96573085536,1003595.37263352,1003595.37263352
2025-04-04T12:00:00.000+0000,1020167.615654241,783288.560452377,921878.6788652528,1082722.6566260473,499654.96573085536,1003595.37263352,1003595.37263352
2025-04-04T12:10:00.000+0000,1020179.208822281,783288.560452377,921500.8645587834,1083050.5539181915,499654.96573085536,1003595.37263352,1003595.37263352
2025-04-04T12:20:00.000+0000,1020546.032418449,783288.560452377,919500.3101183767,1083685.0752547034,499654.96573085536,1003595.37263352,1003595.37263352
2025-04-04T12:30:00.000+0000,1018916.572869777,783288.560452377,920549.3426638437,1078657.4637741353,499654.96573085536,1003595.37263352,1003595.37263352
2025-04-04T12:40:00.000+0000,1018808.681951617,783288.560452377,922229.112893326,1078891.9414617994,499654.96573085536,1003595.37263352,1003595.37263352
2025-04-04T12:50:00.000+0000,1017567.961662545,783288.560452377,924398.191605422,1076569.6416291273,499654.96573085536,1003595.37263352,1003595.37263352
2025-04-04T13:00:00.000+0000,1016223.4867636169,783288.560452377,927556.010142419,1074143.6124863434,499654.96573085536,1003595.37263352,1003595.37263352
2025-04-04T13:10:00.000+0000,1017979.120402201,783288.560452377,926221.7032417362,1078537.2841647994,499654.96573085536,1003595.37263352,1003595.37263352
2025-04-04T13:20:00.000+0000,1018386.129344353,783288.560452377,924178.6586073645,1079289.6089331112,499654.96573085536,1003595.37263352,1003595.37263352
2025-04-04T13:30:00.000+0000,1018892.9720755288,783288.560452377,920709.4658238565,1080283.4542402953,499654.96573085536,1003595.37263352,1003595.37263352
2025-04-04T13:40:00.000+0000,1018632.568475201,783288.560452377,919389.538012852,1078629.3937980954,499654.96573085536,1003595.37263352,1003595.37263352
2025-04-04T13:50:00.000+0000,1015696.353587793,783288.560452377,925682.0416394549,1074527.2204043032,499654.96573085536,1003595.37263352,1003595.37263352
2025-04-04T14:00:00.000+0000,1015309.5183637451,783288.560452377,928444.3205566688,1073150.6426881913,499654.96573085536,1003595.37263352,1003595.37263352
2025-04-04T14:10:00.000+0000,1016554.0906087849,783288.560452377,928120.3024185807,1077338.3701839035,499654.96573085536,1003595.37263352,1003595.37263352
2025-04-04T14:20:00.000+0000,1016117.610462473,783288.560452377,930259.4726391146,1075607.6775165673,499654.96573085536,1003595.37263352,1003595.37263352
2025-04-04T14:30:00.000+0000,1016186.288136345,783288.560452377,927779.921083811,1078125.5826597034,499654.96573085536,1003595.37263352,1003595.37263352
2025-04-04T14:40:00.000+0000,1016587.237510033,783288.560452377,922826.2952005002,1079082.6047990075,499654.96573085536,1003595.37263352,1003595.37263352
2025-04-04T14:50:00.000+0000,1015110.8356271929,783288.560452377,921900.5797521913,1074346.6215290795,499654.96573085536,1003595.37263352,1003595.37263352
2025-04-04T15:00:00.000+0000,1012833.742320345,783288.560452377,935066.8552124827,1069748.6875812712,499654.96573085536,1003595.37263352,1003595.37263352
2025-04-04T15:10:00.000+0000,1011462.5259816969,783288.560452377,942758.13316659,1063229.9983179835,499654.96573085536,1003595.37263352,1003595.37263352
2025-04-04T15:20:00.000+0000,1011902.429966745,783288.560452377,941624.6189540843,1064228.5219295274,499654.96573085536,1003595.37263352,1003595.37263352
2025-04-04T15:30:00.000+0000,1012124.669013161,783288.560452377,934756.8912850996,1063631.3794459912,499654.96573085536,1003595.37263352,1003595.37263352
2025-04-04T15:40:00.000+0000,1012828.1022660009,783288.560452377,934334.0853288358,1064834.2558444154,499654.96573085536,1003595.37263352,1003595.37263352
2025-04-04T15:50:00.000+0000,1012958.9242046571,783288.560452377,937231.5096835515,1064497.8148726872,499654.96573085536,1003595.37263352,1003595.37263352
2025-04-04T16:00:00.000+0000,1013133.088271849,783288.560452377,937757.7844507704,1065779.8161904954,499654.96573085536,1003595.37263352,1003595.37263352
2025-04-04T16:10:00.000+0000,1013125.6881267049,783288.560452377,939214.734929139,1065252.4147694393,499654.96573085536,1003595.37263352,1003595.37263352
2025-04-04T16:20:00.000+0000,1014289.9701853209,783288.560452377,934192.8552598319,1068104.1728663754,499654.96573085536,1003595.37263352,1003595.37263352
2025-04-04T16:30:00.000+0000,1013906.002115713,783288.560452377,935794.6650569297,1066939.7841331672,499654.96573085536,1003595.37263352,1003595.37263352
2025-04-04T16:40:00.000+0000,1013824.897891041,783288.560452377,938729.8359227988,1066575.1315088314,499654.96573085536,1003595.37263352,1003595.37263352
2025-04-04T16:50:00.000+0000,1012320.261733705,783288.560452377,943547.0816618535,1062580.8268409674,499654.96573085536,1003595.37263352,1003595.37263352
2025-04-04T17:00:00.000+0000,1012875.921619889,783288.560452377,943552.0349313549,1062859.6742344473,499654.96573085536,1003595.37263352,1003595.37263352
2025-04-04T17:10:00.000+0000,1013749.321690409,783288.560452377,940497.9518926397,1065537.5536257194,499654.96573085536,1003595.37263352,1003595.37263352
2025-04-04T17:20:00.000+0000,1012126.616324065,783288.560452377,944038.6213984409,1062807.5971694554,499654.96573085536,1003595.37263352,1003595.37263352
2025-04-04T17:30:00.000+0000,1010495.5389007289,783288.560452377,947105.0897257556,1059464.2161057834,499654.96573085536,1003595.37263352,1003595.37263352
2025-04-04T17:40:00.000+0000,1009545.6925861689,783288.560452377,954457.3126990942,1055681.8048774472,499654.96573085536,1003595.37263352,1003595.37263352
2025-04-04T17:50:00.000+0000,1009395.1622168809,783288.560452377,958212.966100578,1054756.7402716475,499654.96573085536,1003595.37263352,1003595.37263352
2025-04-04T18:00:00.000+0000,1009334.703162849,783288.560452377,954706.5100375549,1055702.0900063512,499654.96573085536,1003595.37263352,1003595.37263352
2025-04-04T18:10:00.000+0000,1010871.7945152409,783288.560452377,952171.6801472104,1058614.7341754313,499654.96573085536,1003595.37263352,1003595.37263352
2025-04-04T18:20:00.000+0000,1011023.1409311689,783288.560452377,951656.3334080423,1061174.0982948313,499654.96573085536,1003595.37263352,1003595.37263352
2025-04-04T18:30:00.000+0000,1011095.5044240251,783288.560452377,950584.4670215363,1061445.3376895834,499654.96573085536,1003595.37263352,1003595.37263352
2025-04-04T18:40:00.000+0000,1010997.9838829209,783288.560452377,951268.1128850161,1061485.4198681673,499654.96573085536,1003595.37263352,1003595.37263352
2025-04-04T18:50:00.000+0000,1011318.4957581289,783288.560452377,951187.1307950346,1061322.3374285754,499654.96573085536,1003595.37263352,1003595.37263352
2025-04-04T19:00:00.000+0000,1011745.8336441049,783288.560452377,949653.4769214219,1063372.3472376713,499654.96573085536,1003595.37263352,1003595.37263352
2025-04-04T19:10:00.000+0000,1011039.6197675449,783288.560452377,953845.759994601,1060534.5071274312,499654.96573085536,1003595.37263352,1003595.37263352
2025-04-04T19:20:00.000+0000,1011383.880068801,783288.560452377,955068.7169150616,1060361.2968465993,499654.96573085536,1003595.37263352,1003595.37263352
2025-04-04T19:30:00.000+0000,1011233.944853009,783288.560452377,955741.453253414,1060456.0675293515,499654.96573085536,1003595.37263352,1003595.37263352
2025-04-04T19:40:00.000+0000,1011456.7458694889,783288.560452377,955103.8076152483,1060203.9426807193,499654.96573085536,1003595.37263352,1003595.37263352
2025-04-04T19:50:00.000+0000,1012001.968132457,783288.560452377,953480.1176340133,1060585.5186255593,499654.96573085536,1003595.37263352,1003595.37263352
2025-04-04T20:00:00.000+0000,1011851.7492537769,783288.560452377,954267.7715675731,1060402.1615386712,499654.96573085536,1003595.37263352,1003595.37263352
2025-04-04T20:10:00.000+0000,1012058.2371711849,783288.560452377,950335.9505088213,1061239.6283887832,499654.96573085536,1003595.37263352,1003595.37263352
2025-04-04T20:20:00.000+0000,1012445.336663649,783288.560452377,952005.543165794,1062535.6637703513,499654.96573085536,1003595.37263352,1003595.37263352
2025-04-04T20:30:00.000+0000,1011985.906222273,783288.560452377,954871.5605235255,1059086.9211234313,499654.96573085536,1003595.37263352,1003595.37263352
2025-04-04T20:40:00.000+0000,1011824.3433960169,783288.560452377,957585.364051792,1057365.0632026393,499654.96573085536,1003595.37263352,1003595.37263352
2025-04-04T20:50:00.000+0000,1011893.065614225,783288.560452377,958800.4223732129,1056239.4982455433,499654.96573085536,1003595.37263352,1003595.37263352
2025-04-04T21:00:00.000+0000,1011331.701205313,783288.560452377,957611.2819632433,1056150.6757304473,499654.96573085536,1003595.37263352,1003595.37263352
2025-04-04T21:10:00.000+0000,1011232.057114409,783288.560452377,958435.8499278091,1055448.1771492714,499654.96573085536,1003595.37263352,1003595.37263352
2025-04-04T21:20:00.000+0000,1011423.0098998729,783288.560452377,957566.5945074799,1057487.5957381274,499654.96573085536,1003595.37263352,1003595.37263352
2025-04-04T21:30:00.000+0000,1011417.284933513,783288.560452377,955962.9500936198,1056960.2176683755,499654.96573085536,1003595.37263352,1003595.37263352
2025-04-04T21:40:00.000+0000,1010768.752015241,783288.560452377,959668.2484349161,1054243.8611934155,499654.96573085536,1003595.37263352,1003595.37263352
2025-04-04T21:50:00.000+0000,1011241.1533715769,783288.560452377,958059.4287879122,1054264.9944133032,499654.96573085536,1003595.37263352,1003595.37263352
2025-04-04T22:00:00.000+0000,1011455.7056323449,783288.560452377,957042.7999924312,1054840.4081937193,499654.96573085536,1003595.37263352,1003595.37263352
2025-04-04T22:10:00.000+0000,1011694.560585393,783288.560452377,958595.8508557754,1053658.1527253434,499654.96573085536,1003595.37263352,1003595.37263352
2025-04-04T22:20:00.000+0000,1011429.817439481,783288.560452377,959817.0072230846,1051875.2912664553,499654.96573085536,1003595.37263352,1003595.37263352
2025-04-04T22:30:00.000+0000,1011819.424804041,783288.560452377,958862.187619939,1052331.7601989354,499654.96573085536,1003595.37263352,1003595.37263352
2025-04-04T22:40:00.000+0000,1011938.4882370329,783288.560452377,958430.9159393059,1053859.1137378153,499654.96573085536,1003595.37263352,1003595.37263352
2025-04-04T22:50:00.000+0000,1011925.3183014169,783288.560452377,958093.336444792,1053348.1050620633,499654.96573085536,1003595.37263352,1003595.37263352
2025-04-04T23:00:00.000+0000,1011896.059896881,783288.560452377,955418.4965167381,1053513.9067145435,499654.96573085536,1003595.37263352,1003595.37263352
2025-04-04T23:10:00.000+0000,1012488.9257044969,783288.560452377,954500.7185245405,1054643.2834197993,499654.96573085536,1003595.37263352,1003595.37263352
2025-04-04T23:20:00.000+0000,1012810.9968113209,783288.560452377,952641.3895833173,1056201.4136476154,499654.96573085536,1003595.37263352,1003595.37263352
2025-04-04T23:30:00.000+0000,1012929.8878423448,783288.560452377,952152.2663178584,1055436.3965013353,499654.96573085536,1003595.37263352,1003595.37263352
2025-04-04T23:40:00.000+0000,1012984.730752889,783288.560452377,952660.5421089557,1054646.8808695353,499654.96573085536,1003595.37263352,1003595.37263352
2025-04-04T23:50:00.000+0000,1012734.9207109289,783288.560452377,955175.1889521255,1053651.2891206234,499654.96573085536,1003595.37263352,1003595.37263352
2025-04-05T00:00:00.000+0000,1012757.8078465611,783288.560452377,952937.6592264371,1052550.5851787913,499654.96573085536,1003595.37263352,1003595.37263352
2025-04-05T00:10:00.000+0000,1011979.671084377,783288.560452377,953446.183219797,1050208.7110181195,499654.96573085536,1003595.37263352,1003595.37263352
2025-04-05T00:20:00.000+0000,1012266.9121675289,783288.560452377,953491.0950091453,1050123.2440963993,499654.96573085536,1003595.37263352,1003595.37263352
2025-04-05T00:30:00.000+0000,1012164.5980443609,783288.560452377,952655.6770078901,1050037.5001964392,499654.96573085536,1003595.37263352,1003595.37263352
2025-04-05T00:40:00.000+0000,1011954.571040489,783288.560452377,951424.3487110429,1048468.5794979113,499654.96573085536,1003595.37263352,1003595.37263352
2025-04-05T00:50:00.000+0000,1010716.407754177,783288.560452377,953317.2727714074,1045689.8770496632,499654.96573085536,1003595.37263352,1003595.37263352
2025-04-05T01:00:00.000+0000,1010431.0940079209,783288.560452377,955177.3888789422,1047539.5439813833,499654.96573085536,1003595.37263352,1003595.37263352
2025-04-05T01:10:00.000+0000,1010780.1991502009,783288.560452377,955167.3927318417,1048658.3357813433,499654.96573085536,1003595.37263352,1003595.37263352
2025-04-05T01:20:00.000+0000,1010756.617880321,783288.560452377,955858.5557870435,1044981.9418612553,499654.96573085536,1003595.37263352,1003595.37263352
2025-04-05T01:30:00.000+0000,1010396.288454657,783288.560452377,956445.7279425795,1043431.9582109593,499654.96573085536,1003595.37263352,1003595.37263352
2025-04-05T01:40:00.000+0000,1010957.0110574249,783288.560452377,954129.7044277112,1043849.5832334473,499654.96573085536,1003595.37263352,1003595.37263352
2025-04-05T01:50:00.000+0000,1011299.0251670729,783288.560452377,953980.1742932773,1044576.4600564154,499654.96573085536,1003595.37263352,1003595.37263352
2025-04-05T02:00:00.000+0000,1011441.8457291449,783288.560452377,952494.6722978652,1045567.1639187674,499654.96573085536,1003595.37263352,1003595.37263352
2025-04-05T02:10:00.000+0000,1012097.682779433,783288.560452377,952207.693883782,1048031.5990321754,499654.96573085536,1003595.37263352,1003595.37263352
2025-04-05T02:20:00.000+0000,1012176.399495641,783288.560452377,950334.8279913858,1048318.7310926153,499654.96573085536,1003595.37263352,1003595.37263352
2025-04-05T02:30:00.000+0000,1012386.663909433,783288.560452377,950005.13073929,1046985.8924672154,499654.96573085536,1003595.37263352,1003595.37263352
2025-04-05T02:40:00.000+0000,1012100.9277413851,783288.560452377,952177.7875206629,1047252.4266391593,499654.96573085536,1003595.37263352,1003595.37263352
2025-04-05T02:50:00.000+0000,1012266.716933841,783288.560452377,950895.6858040409,1049285.1734497114,499654.96573085536,1003595.37263352,1003595.37263352
2025-04-05T03:00:00.000+0000,1012358.336339633,783288.560452377,949883.8537944807,1049730.5146614953,499654.96573085536,1003595.37263352,1003595.37263352
2025-04-05T03:10:00.000+0000,1012585.461723849,783288.560452377,949828.6738406679,1048503.6582624313,499654.96573085536,1003595.37263352,1003595.37263352
2025-04-05T03:20:00.000+0000,1012743.300092057,783288.560452377,948630.1443748679,1047676.6563836393,499654.96573085536,1003595.37263352,1003595.37263352
2025-04-05T03:30:00.000+0000,1013047.211798033,783288.560452377,948938.7121755845,1047505.2249685753,499654.96573085536,1003595.37263352,1003595.37263352
2025-04-05T03:40:00.000+0000,1012953.669731601,783288.560452377,949468.142100531,1046636.3240058873,499654.96573085536,1003595.37263352,1003595.37263352
2025-04-05T03:50:00.000+0000,1013203.032261857,783288.560452377,948357.0770844361,1046154.0304096793,499654.96573085536,1003595.37263352,1003595.37263352
2025-04-05T04:00:00.000+0000,1013334.3615443129,783288.560452377,948750.05120799,1046569.5858491593,499654.96573085536,1003595.37263352,1003595.37263352
2025-04-05T04:10:00.000+0000,1013169.7975209369,783288.560452377,950043.9981224353,1047567.4929642953,499654.96573085536,1003595.37263352,1003595.37263352
2025-04-05T04:20:00.000+0000,1013069.818328329,783288.560452377,950053.9242910886,1046652.7237056233,499654.96573085536,1003595.37263352,1003595.37263352
2025-04-05T04:30:00.000+0000,1013049.2546824169,783288.560452377,950266.2550229637,1046858.3966855034,499654.96573085536,1003595.37263352,1003595.37263352
2025-04-05T04:40:00.000+0000,1012837.8658288969,783288.560452377,948780.7913659071,1046056.6229480394,499654.96573085536,1003595.37263352,1003595.37263352
2025-04-05T04:50:00.000+0000,1013236.6450001369,783288.560452377,947012.7928167926,1046272.4720105353,499654.96573085536,1003595.37263352,1003595.37263352
2025-04-05T05:00:00.000+0000,1012857.5774269929,783288.560452377,947157.7086995833,1046415.9626261353,499654.96573085536,1003595.37263352,1003595.37263352
2025-04-05T05:10:00.000+0000,1012643.3538930329,783288.560452377,948285.4164953562,1046330.8132601673,499654.96573085536,1003595.37263352,1003595.37263352
2025-04-05T05:20:00.000+0000,1012429.992468833,783288.560452377,949906.5294707783,1044827.7419799274,499654.96573085536,1003595.37263352,1003595.37263352
2025-04-05T05:30:00.000+0000,1012350.0297502249,783288.560452377,949547.2917200519,1044489.6677658393,499654.96573085536,1003595.37263352,1003595.37263352
2025-04-05T05:40:00.000+0000,1012593.0369088489,783288.560452377,949070.0876283913,1046305.5504565912,499654.96573085536,1003595.37263352,1003595.37263352
2025-04-05T05:50:00.000+0000,1012766.194531841,783288.560452377,948300.5739067807,1048167.9719365033,499654.96573085536,1003595.37263352,1003595.37263352
2025-04-05T06:00:00.000+0000,1013024.158335569,783288.560452377,948239.4304803615,1048414.8633152633,499654.96573085536,1003595.37263352,1003595.37263352
2025-04-05T06:10:00.000+0000,1012827.207112697,783288.560452377,949315.7647762874,1049561.6215941273,499654.96573085536,1003595.37263352,1003595.37263352
2025-04-05T06:20:00.000+0000,1013000.944931161,783288.560452377,948817.852016354,1050256.6438811275,499654.96573085536,1003595.37263352,1003595.37263352
2025-04-05T06:30:00.000+0000,1013370.708513457,783288.560452377,947842.7472287777,1050258.9260839033,499654.96573085536,1003595.37263352,1003595.37263352
2025-04-05T06:40:00.000+0000,1014044.517564633,783288.560452377,944798.8572875422,1051352.8776919274,499654.96573085536,1003595.37263352,1003595.37263352
2025-04-05T06:50:00.000+0000,1013956.038624457,783288.560452377,945500.7840800824,1052064.2990591594,499654.96573085536,1003595.37263352,1003595.37263352
2025-04-05T07:00:00.000+0000,1013731.157233609,783288.560452377,946170.7659668815,1051951.4462936556,499654.96573085536,1003595.37263352,1003595.37263352
2025-04-05T07:10:00.000+0000,1013781.3817118569,783288.560452377,945578.6640975869,1052600.3663219912,499654.96573085536,1003595.37263352,1003595.37263352
2025-04-05T07:20:00.000+0000,1012668.2264090889,783288.560452377,946610.3830267809,1050014.4282787514,499654.96573085536,1003595.37263352,1003595.37263352
2025-04-05T07:30:00.000+0000,1012406.333720985,783288.560452377,946928.7185899094,1049235.1770888234,499654.96573085536,1003595.37263352,1003595.37263352
2025-04-05T07:40:00.000+0000,1011988.126634521,783288.560452377,947235.5327253193,1049691.2835515114,499654.96573085536,1003595.37263352,1003595.37263352
2025-04-05T07:50:00.000+0000,1011841.739408065,783288.560452377,948880.538725456,1049167.8568381434,499654.96573085536,1003595.37263352,1003595.37263352
2025-04-05T08:00:00.000+0000,1010975.1284918729,783288.560452377,949727.9292451185,1047792.1346070954,499654.96573085536,1003595.37263352,1003595.37263352
2025-04-05T08:10:00.000+0000,1011379.1031334089,783288.560452377,948110.4316041779,1049098.8995081754,499654.96573085536,1003595.37263352,1003595.37263352
2025-04-05T08:20:00.000+0000,1011417.2655690169,783288.560452377,947432.7950458571,1048377.6186048874,499654.96573085536,1003595.37263352,1003595.37263352
2025-04-05T08:30:00.000+0000,1011157.693502929,783288.560452377,948004.6602282922,1046321.6210098554,499654.96573085536,1003595.37263352,1003595.37263352
2025-04-05T08:40:00.000+0000,1010823.9271597851,783288.560452377,949652.4488234044,1045910.1071245433,499654.96573085536,1003595.37263352,1003595.37263352
2025-04-05T08:50:00.000+0000,1011207.6371560169,783288.560452377,949591.6819751238,1046219.1858236153,499654.96573085536,1003595.37263352,1003595.37263352
2025-04-05T09:00:00.000+0000,1010700.6798765529,783288.560452377,949893.1627483653,1044060.3639538633,499654.96573085536,1003595.37263352,1003595.37263352
2025-04-05T09:10:00.000+0000,1009006.9933206249,783288.560452377,951736.8893670221,1041501.0324383592,499654.96573085536,1003595.37263352,1003595.37263352
2025-04-05T09:20:00.000+0000,1009067.927194497,783288.560452377,951600.0240327487,1042958.9487315112,499654.96573085536,1003595.37263352,1003595.37263352
2025-04-05T09:30:00.000+0000,1009583.2980077451,783288.560452377,951126.4580532373,1041850.0169871913,499654.96573085536,1003595.37263352,1003595.37263352
2025-04-05T09:40:00.000+0000,1009513.483993673,783288.560452377,951849.1985756829,1039794.0412246793,499654.96573085536,1003595.37263352,1003595.37263352
2025-04-05T09:50:00.000+0000,1009347.2800632729,783288.560452377,952888.9495683296,1038457.8328472394,499654.96573085536,1003595.37263352,1003595.37263352
2025-04-05T10:00:00.000+0000,1009607.0743314569,783288.560452377,952806.3403198329,1038700.3380177753,499654.96573085536,1003595.37263352,1003595.37263352
2025-04-05T10:10:00.000+0000,1009343.821412409,783288.560452377,951836.0639225519,1037047.4397550874,499654.96573085536,1003595.37263352,1003595.37263352
2025-04-05T10:20:00.000+0000,1009209.424286193,783288.560452377,951169.7764526054,1037373.4462410873,499654.96573085536,1003595.37263352,1003595.37263352
2025-04-05T10:30:00.000+0000,1008966.203768393,783288.560452377,950571.0231036956,1036583.6378037194,499654.96573085536,1003595.37263352,1003595.37263352
2025-04-05T10:40:00.000+0000,1009393.6978992729,783288.560452377,949499.7203815674,1039312.2508855433,499654.96573085536,1003595.37263352,1003595.37263352
2025-04-05T10:50:00.000+0000,1009045.243615889,783288.560452377,950220.414831476,1037631.2512219753,499654.96573085536,1003595.37263352,1003595.37263352
2025-04-05T11:00:00.000+0000,1009341.880096705,783288.560452377,949285.052225217,1038219.0226683434,499654.96573085536,1003595.37263352,1003595.37263352
2025-04-05T11:10:00.000+0000,1009557.1000029289,783288.560452377,946426.2464969498,1038843.6322705913,499654.96573085536,1003595.37263352,1003595.37263352
2025-04-05T11:20:00.000+0000,1010134.033826337,783288.560452377,947187.3690067416,1038726.5585245753,499654.96573085536,1003595.37263352,1003595.37263352
2025-04-05T11:30:00.000+0000,1009781.357203529,783288.560452377,945317.3974870758,1039409.2528818152,499654.96573085536,1003595.37263352,1003595.37263352
2025-04-05T11:40:00.000+0000,1009701.148731681,783288.560452377,945588.946454512,1041831.1976247354,499654.96573085536,1003595.37263352,1003595.37263352
2025-04-05T11:50:00.000+0000,1009611.2829118969,783288.560452377,946036.1678192774,1042865.8148982314,499654.96573085536,1003595.37263352,1003595.37263352
2025-04-05T12:00:00.000+0000,1009509.418288841,783288.560452377,945055.6374678515,1041626.9730851754,499654.96573085536,1003595.37263352,1003595.37263352
2025-04-05T12:10:00.000+0000,1009461.381738849,783288.560452377,945181.2300775272,1042148.9736603674,499654.96573085536,1003595.37263352,1003595.37263352
2025-04-05T12:20:00.000+0000,1010024.398025201,783288.560452377,943747.6738315469,1041561.4346678873,499654.96573085536,1003595.37263352,1003595.37263352
2025-04-05T12:30:00.000+0000,1010368.6142517449,783288.560452377,942108.9714307429,1041645.7476335113,499654.96573085536,1003595.37263352,1003595.37263352
2025-04-05T12:40:00.000+0000,1011148.475313385,783288.560452377,939109.515654471,1046768.4120808234,499654.96573085536,1003595.37263352,1003595.37263352
2025-04-05T12:50:00.000+0000,1010748.539628097,783288.560452377,939172.9018801653,1047282.8437959513,499654.96573085536,1003595.37263352,1003595.37263352
2025-04-05T13:00:00.000+0000,1010666.975771425,783288.560452377,938613.1729524159,1047822.5949692954,499654.96573085536,1003595.37263352,1003595.37263352
2025-04-05T13:10:00.000+0000,1011565.1222489689,783288.560452377,935936.5083431746,1051404.5331145031,499654.96573085536,1003595.37263352,1003595.37263352
2025-04-05T13:20:00.000+0000,1011915.3704061051,783288.560452377,934461.8440789343,1053435.2435154873,499654.96573085536,1003595.37263352,1003595.37263352
2025-04-05T13:30:00.000+0000,1011988.6979471049,783288.560452377,934352.5578782383,1052076.5303562873,499654.96573085536,1003595.37263352,1003595.37263352
2025-04-05T13:40:00.000+0000,1012368.128459665,783288.560452377,931390.7754509377,1051524.2175802712,499654.96573085536,1003595.37263352,1003595.37263352
2025-04-05T13:50:00.000+0000,1012260.721973649,783288.560452377,931911.0264433194,1052185.6158779995,499654.96573085536,1003595.37263352,1003595.37263352
2025-04-05T14:00:00.000+0000,1011441.4374560249,783288.560452377,933138.2159487475,1049722.9141267913,499654.96573085536,1003595.37263352,1003595.37263352
2025-04-05T14:10:00.000+0000,1011643.6467990329,783288.560452377,932394.5534153109,1050040.3674008392,499654.96573085536,1003595.37263352,1003595.37263352
2025-04-05T14:20:00.000+0000,1011429.088912769,783288.560452377,933260.6386716593,1049299.7572233514,499654.96573085536,1003595.37263352,1003595.37263352
2025-04-05T14:30:00.000+0000,1011730.984083265,783288.560452377,933492.0723584506,1050768.2787055594,499654.96573085536,1003595.37263352,1003595.37263352
2025-04-05T14:40:00.000+0000,1011515.463218001,783288.560452377,935018.4081905985,1050039.8622652711,499654.96573085536,1003595.37263352,1003595.37263352
2025-04-05T14:50:00.000+0000,1011276.244166465,783288.560452377,935516.0639215629,1048452.2785591034,499654.96573085536,1003595.37263352,1003595.37263352
2025-04-05T15:00:00.000+0000,1012002.7694608809,783288.560452377,933283.3920799596,1049980.0594758075,499654.96573085536,1003595.37263352,1003595.37263352
2025-04-05T15:10:00.000+0000,1012443.0305999769,783288.560452377,932467.0845278181,1053495.5151795512,499654.96573085536,1003595.37263352,1003595.37263352
2025-04-05T15:20:00.000+0000,1012603.1259411611,783288.560452377,931591.1374204337,1054121.5235019273,499654.96573085536,1003595.37263352,1003595.37263352
2025-04-05T15:30:00.000+0000,1012696.033565553,783288.560452377,931312.1926795295,1054995.4113619034,499654.96573085536,1003595.37263352,1003595.37263352
2025-04-05T15:40:00.000+0000,1013530.663686865,783288.560452377,929251.7314778368,1056278.0177752473,499654.96573085536,1003595.37263352,1003595.37263352
2025-04-05T15:50:00.000+0000,1013451.3028763449,783288.560452377,930418.5199816141,1055529.4251588234,499654.96573085536,1003595.37263352,1003595.37263352
2025-04-05T16:00:00.000+0000,1013077.3958214809,783288.560452377,931405.2925391324,1054860.6995276555,499654.96573085536,1003595.37263352,1003595.37263352
2025-04-05T16:10:00.000+0000,1012806.105847225,783288.560452377,932809.5672023947,1053970.8595495913,499654.96573085536,1003595.37263352,1003595.37263352
2025-04-05T16:20:00.000+0000,1013410.6655822089,783288.560452377,931901.3280870621,1053887.2339236552,499654.96573085536,1003595.37263352,1003595.37263352
2025-04-05T16:30:00.000+0000,1012857.6468514091,783288.560452377,933372.0883656187,1053698.7796078152,499654.96573085536,1003595.37263352,1003595.37263352
2025-04-05T16:40:00.000+0000,1012702.187848185,783288.560452377,933062.4653608956,1053719.1540851835,499654.96573085536,1003595.37263352,1003595.37263352
2025-04-05T16:50:00.000+0000,1013066.2511443611,783288.560452377,931960.9003645934,1053282.7700119514,499654.96573085536,1003595.37263352,1003595.37263352
2025-04-05T17:00:00.000+0000,1013272.133196849,783288.560452377,932007.0654171957,1054096.7689913914,499654.96573085536,1003595.37263352,1003595.37263352
2025-04-05T17:10:00.000+0000,1013325.891335905,783288.560452377,932142.2435500814,1054257.6370439113,499654.96573085536,1003595.37263352,1003595.37263352
2025-04-05T17:20:00.000+0000,1012854.9359518649,783288.560452377,933714.6388366234,1053168.0527792154,499654.96573085536,1003595.37263352,1003595.37263352
2025-04-05T17:30:00.000+0000,1012715.2670764249,783288.560452377,934691.2927913535,1053277.3993419274,499654.96573085536,1003595.37263352,1003595.37263352
2025-04-05T17:40:00.000+0000,1012879.886675305,783288.560452377,934761.0911568243,1052820.1204779113,499654.96573085536,1003595.37263352,1003595.37263352
2025-04-05T17:50:00.000+0000,1013208.0414113291,783288.560452377,934217.171473313,1053603.3424586633,499654.96573085536,1003595.37263352,1003595.37263352
2025-04-05T18:00:00.000+0000,1013299.374086689,783288.560452377,934729.9301979422,1053249.5235903834,499654.96573085536,1003595.37263352,1003595.37263352
2025-04-05T18:10:00.000+0000,1012893.8777135129,783288.560452377,935910.3615283177,1052340.3617421915,499654.96573085536,1003595.37263352,1003595.37263352
2025-04-05T18:20:00.000+0000,1013293.514138401,783288.560452377,936156.1166675752,1053094.9484794794,499654.96573085536,1003595.37263352,1003595.37263352
2025-04-05T18:30:00.000+0000,1013209.5465062889,783288.560452377,936051.8735502602,1053434.7478123673,499654.96573085536,1003595.37263352,1003595.37263352
2025-04-05T18:40:00.000+0000,1013075.9609702809,783288.560452377,936356.1787356434,1053026.4311971914,499654.96573085536,1003595.37263352,1003595.37263352
2025-04-05T18:50:00.000+0000,1012972.589883361,783288.560452377,937568.8723208187,1052465.4305770153,499654.96573085536,1003595.37263352,1003595.37263352
2025-04-05T19:00:00.000+0000,1013171.9153852889,783288.560452377,938763.7526836023,1052426.7208296072,499654.96573085536,1003595.37263352,1003595.37263352
2025-04-05T19:10:00.000+0000,1013365.0129235769,783288.560452377,938736.03553365,1052930.7000034635,499654.96573085536,1003595.37263352,1003595.37263352
2025-04-05T19:20:00.000+0000,1013296.731092777,783288.560452377,938860.4199166908,1052600.7408021674,499654.96573085536,1003595.37263352,1003595.37263352
2025-04-05T19:30:00.000+0000,1013350.0056390169,783288.560452377,937536.9657355744,1052943.4629649194,499654.96573085536,1003595.37263352,1003595.37263352
2025-04-05T19:40:00.000+0000,1013862.3481568409,783288.560452377,934714.6843587235,1054500.8470401352,499654.96573085536,1003595.37263352,1003595.37263352
2025-04-05T19:50:00.000+0000,1014198.7342025449,783288.560452377,934203.7586232712,1055002.1870669993,499654.96573085536,1003595.37263352,1003595.37263352
2025-04-05T20:00:00.000+0000,1013943.555708785,783288.560452377,935596.8468791458,1054109.7128480151,499654.96573085536,1003595.37263352,1003595.37263352
2025-04-05T20:10:00.000+0000,1013902.8479710489,783288.560452377,936748.4736967541,1053462.9752623274,499654.96573085536,1003595.37263352,1003595.37263352
2025-04-05T20:20:00.000+0000,1013742.6245723929,783288.560452377,937537.6524100738,1053037.1014741354,499654.96573085536,1003595.37263352,1003595.37263352
2025-04-05T20:30:00.000+0000,1013909.1536424729,783288.560452377,936670.4510930541,1053120.6595741354,499654.96573085536,1003595.37263352,1003595.37263352
2025-04-05T20:40:00.000+0000,1013414.532755993,783288.560452377,932336.339981383,1050712.9567785352,499654.96573085536,1003595.37263352,1003595.37263352
2025-04-05T20:50:00.000+0000,1013777.7786666009,783288.560452377,936092.7545699165,1052412.3892240713,499654.96573085536,1003595.37263352,1003595.37263352
2025-04-05T21:00:00.000+0000,1013804.160644121,783288.560452377,937297.6122818018,1052204.1809640394,499654.96573085536,1003595.37263352,1003595.37263352
2025-04-05T21:10:00.000+0000,1013324.3057154169,783288.560452377,937469.3812121638,1051747.4383706634,499654.96573085536,1003595.37263352,1003595.37263352
2025-04-05T21:20:00.000+0000,1012937.9465801929,783288.560452377,937647.3880738737,1052014.9443545353,499654.96573085536,1003595.37263352,1003595.37263352
2025-04-05T21:30:00.000+0000,1013131.908436473,783288.560452377,938046.314956384,1052300.7051228872,499654.96573085536,1003595.37263352,1003595.37263352
2025-04-05T21:40:00.000+0000,1013489.675833401,783288.560452377,937716.8728641728,1053018.1398955435,499654.96573085536,1003595.37263352,1003595.37263352
2025-04-05T21:50:00.000+0000,1014061.761178697,783288.560452377,937396.1532659417,1055684.1945741593,499654.96573085536,1003595.37263352,1003595.37263352
2025-04-05T22:00:00.000+0000,1013176.4597868569,783288.560452377,937674.8798349489,1053663.9805793273,499654.96573085536,1003595.37263352,1003595.37263352
2025-04-05T22:10:00.000+0000,1013152.8146381209,783288.560452377,939099.4378135572,1053837.1764417032,499654.96573085536,1003595.37263352,1003595.37263352
2025-04-05T22:20:00.000+0000,1013448.8279978329,783288.560452377,938520.3231820192,1054725.2484952393,499654.96573085536,1003595.37263352,1003595.37263352
2025-04-05T22:30:00.000+0000,1013077.066724969,783288.560452377,938902.5737756749,1053897.1039513114,499654.96573085536,1003595.37263352,1003595.37263352
2025-04-05T22:40:00.000+0000,1012704.145590737,783288.560452377,938776.5812557589,1053230.5600133913,499654.96573085536,1003595.37263352,1003595.37263352
2025-04-05T22:50:00.000+0000,1012481.8745099689,783288.560452377,939617.0763861472,1052353.8923190634,499654.96573085536,1003595.37263352,1003595.37263352
2025-04-05T23:00:00.000+0000,1011771.517030945,783288.560452377,940573.4253210144,1052155.9859409274,499654.96573085536,1003595.37263352,1003595.37263352
2025-04-05T23:10:00.000+0000,1012108.3422450329,783288.560452377,941198.2678654273,1053381.9738153673,499654.96573085536,1003595.37263352,1003595.37263352
2025-04-05T23:20:00.000+0000,1011956.692202201,783288.560452377,940896.726512738,1053004.7244564872,499654.96573085536,1003595.37263352,1003595.37263352
2025-04-05T23:30:00.000+0000,1011523.747195513,783288.560452377,941590.5488934354,1051491.7707485196,499654.96573085536,1003595.37263352,1003595.37263352
2025-04-05T23:40:00.000+0000,1011466.7556152809,783288.560452377,942575.1804938584,1051592.9960634315,499654.96573085536,1003595.37263352,1003595.37263352
2025-04-05T23:50:00.000+0000,1010611.5917041529,783288.560452377,943615.567499273,1050170.2546878154,499654.96573085536,1003595.37263352,1003595.37263352
2025-04-06T00:00:00.000+0000,1011019.185697889,783288.560452377,945406.3231948571,1051187.0157177432,499654.96573085536,1003595.37263352,1003595.37263352
2025-04-06T00:10:00.000+0000,1010811.088738745,783288.560452377,944236.2648133615,1052789.3883033353,499654.96573085536,1003595.37263352,1003595.37263352
2025-04-06T00:20:00.000+0000,1010553.056220033,783288.560452377,945950.6320392415,1051944.1900832714,499654.96573085536,1003595.37263352,1003595.37263352
2025-04-06T00:30:00.000+0000,1010160.946169225,783288.560452377,945614.1080259513,1051131.8892841993,499654.96573085536,1003595.37263352,1003595.37263352
2025-04-06T00:40:00.000+0000,1009603.010824865,783288.560452377,946958.7216888124,1051093.5364810075,499654.96573085536,1003595.37263352,1003595.37263352
2025-04-06T00:50:00.000+0000,1010242.9128733609,783288.560452377,946266.6291226028,1052951.9752496392,499654.96573085536,1003595.37263352,1003595.37263352
2025-04-06T01:00:00.000+0000,1010577.460061329,783288.560452377,945952.4701348147,1053678.3222567993,499654.96573085536,1003595.37263352,1003595.37263352
2025-04-06T01:10:00.000+0000,1010569.4499645369,783288.560452377,947220.1833984766,1052986.0080715832,499654.96573085536,1003595.37263352,1003595.37263352
2025-04-06T01:20:00.000+0000,1010603.265400529,783288.560452377,948522.2092820783,1052757.4391131513,499654.96573085536,1003595.37263352,1003595.37263352
2025-04-06T01:30:00.000+0000,1010635.9166686011,783288.560452377,947297.5592579002,1052341.9173267272,499654.96573085536,1003595.37263352,1003595.37263352
2025-04-06T01:40:00.000+0000,1011622.0206538009,783288.560452377,945955.6043839591,1055255.8969665752,499654.96573085536,1003595.37263352,1003595.37263352
2025-04-06T01:50:00.000+0000,1011685.7186845769,783288.560452377,945895.0361315014,1056539.8926675995,499654.96573085536,1003595.37263352,1003595.37263352
2025-04-06T02:00:00.000+0000,1011747.7482412009,783288.560452377,947483.0401795153,1056763.8652260953,499654.96573085536,1003595.37263352,1003595.37263352
2025-04-06T02:10:00.000+0000,1012120.885692241,783288.560452377,945243.099589952,1057190.1646535033,499654.96573085536,1003595.37263352,1003595.37263352
2025-04-06T02:20:00.000+0000,1012155.2205123929,783288.560452377,944686.8477030918,1057099.4289901513,499654.96573085536,1003595.37263352,1003595.37263352
2025-04-06T02:30:00.000+0000,1012327.670841673,783288.560452377,944841.0507995323,1056538.0959361354,499654.96573085536,1003595.37263352,1003595.37263352
2025-04-06T02:40:00.000+0000,1012275.5231931929,783288.560452377,944762.0450987163,1056361.8338586953,499654.96573085536,1003595.37263352,1003595.37263352
2025-04-06T02:50:00.000+0000,1012442.8231560648,783288.560452377,944299.0061995817,1055631.7823275274,499654.96573085536,1003595.37263352,1003595.37263352
2025-04-06T03:00:00.000+0000,1012635.6040278891,783288.560452377,942766.8025753195,1056800.6619051832,499654.96573085536,1003595.37263352,1003595.37263352
2025-04-06T03:10:00.000+0000,1012212.561123177,783288.560452377,944576.0434387582,1055796.5393563753,499654.96573085536,1003595.37263352,1003595.37263352
2025-04-06T03:20:00.000+0000,1012461.2860439289,783288.560452377,942985.1562860982,1056605.2374798954,499654.96573085536,1003595.37263352,1003595.37263352
2025-04-06T03:30:00.000+0000,1012868.262372193,783288.560452377,942142.9439418152,1057457.3074481592,499654.96573085536,1003595.37263352,1003595.37263352
2025-04-06T03:40:00.000+0000,1012803.8196976089,783288.560452377,943325.9608810695,1056807.5368308392,499654.96573085536,1003595.37263352,1003595.37263352
2025-04-06T03:50:00.000+0000,1012653.643574697,783288.560452377,944764.5462773285,1056409.6182605673,499654.96573085536,1003595.37263352,1003595.37263352
2025-04-06T04:00:00.000+0000,1013079.098388337,783288.560452377,943996.7763033082,1056699.2735008474,499654.96573085536,1003595.37263352,1003595.37263352
2025-04-06T04:10:00.000+0000,1013747.5211919609,783288.560452377,943507.5018664467,1058025.5130297511,499654.96573085536,1003595.37263352,1003595.37263352
2025-04-06T04:20:00.000+0000,1013894.9033918009,783288.560452377,943293.9376888913,1057432.5205835274,499654.96573085536,1003595.37263352,1003595.37263352
2025-04-06T04:30:00.000+0000,1013798.653323505,783288.560452377,944891.0809807463,1057623.7759667193,499654.96573085536,1003595.37263352,1003595.37263352
2025-04-06T04:40:00.000+0000,1013485.5108280729,783288.560452377,944139.0516228848,1057141.7040230474,499654.96573085536,1003595.37263352,1003595.37263352
2025-04-06T04:50:00.000+0000,1012962.863021081,783288.560452377,944805.1024358701,1056335.5004123193,499654.96573085536,1003595.37263352,1003595.37263352
2025-04-06T05:00:00.000+0000,1012339.193516153,783288.560452377,944744.2567824356,1055069.6231949034,499654.96573085536,1003595.37263352,1003595.37263352
2025-04-06T05:10:00.000+0000,1012169.9755589049,783288.560452377,944495.4708637989,1053435.7855115433,499654.96573085536,1003595.37263352,1003595.37263352
2025-04-06T05:20:00.000+0000,1011964.8174567929,783288.560452377,945649.1630528008,1053224.8599271113,499654.96573085536,1003595.37263352,1003595.37263352
2025-04-06T05:30:00.000+0000,1012075.3486710249,783288.560452377,944529.8853437778,1053820.9939180873,499654.96573085536,1003595.37263352,1003595.37263352
2025-04-06T05:40:00.000+0000,1012466.7450132569,783288.560452377,944289.9653012508,1055146.6965368635,499654.96573085536,1003595.37263352,1003595.37263352
2025-04-06T05:50:00.000+0000,1012031.4509273369,783288.560452377,946752.4058872089,1053806.0418892873,499654.96573085536,1003595.37263352,1003595.37263352
2025-04-06T06:00:00.000+0000,1012172.953214873,783288.560452377,945376.5680209993,1054377.3530544234,499654.96573085536,1003595.37263352,1003595.37263352
2025-04-06T06:10:00.000+0000,1012099.184137385,783288.560452377,945565.6122649962,1055516.0950614393,499654.96573085536,1003595.37263352,1003595.37263352
2025-04-06T06:20:00.000+0000,1012023.3290000809,783288.560452377,946342.3027922439,1055789.1568471114,499654.96573085536,1003595.37263352,1003595.37263352
2025-04-06T06:30:00.000+0000,1012417.550340505,783288.560452377,943294.9395661474,1056907.2562913992,499654.96573085536,1003595.37263352,1003595.37263352
2025-04-06T06:40:00.000+0000,1013089.086661321,783288.560452377,943088.4265012303,1059041.4631389354,499654.96573085536,1003595.37263352,1003595.37263352
2025-04-06T06:50:00.000+0000,1013153.8221514649,783288.560452377,940846.9139668455,1059328.2392343753,499654.96573085536,1003595.37263352,1003595.37263352
2025-04-06T07:00:00.000+0000,1013365.884046121,783288.560452377,939693.0103042102,1059036.4805581914,499654.96573085536,1003595.37263352,1003595.37263352
2025-04-06T07:10:00.000+0000,1013181.381056689,783288.560452377,940696.5122179746,1058910.2695678233,499654.96573085536,1003595.37263352,1003595.37263352
2025-04-06T07:20:00.000+0000,1013591.701407593,783288.560452377,939620.8305686549,1060843.7769934472,499654.96573085536,1003595.37263352,1003595.37263352
2025-04-06T07:30:00.000+0000,1013910.8989251289,783288.560452377,939011.9771020217,1060680.0136090475,499654.96573085536,1003595.37263352,1003595.37263352
2025-04-06T07:40:00.000+0000,1013941.002892673,783288.560452377,940165.1463885203,1060911.0642905114,499654.96573085536,1003595.37263352,1003595.37263352
2025-04-06T07:50:00.000+0000,1014144.909217009,783288.560452377,939890.4350463762,1061337.3532662876,499654.96573085536,1003595.37263352,1003595.37263352
2025-04-06T08:00:00.000+0000,1014735.0033237609,783288.560452377,938488.8883188297,1062616.6531769512,499654.96573085536,1003595.37263352,1003595.37263352
2025-04-06T08:10:00.000+0000,1015178.8984233609,783288.560452377,937334.0388064242,1064285.0078246314,499654.96573085536,1003595.37263352,1003595.37263352
2025-04-06T08:20:00.000+0000,1014760.660011977,783288.560452377,934700.7410941224,1063388.6023731513,499654.96573085536,1003595.37263352,1003595.37263352
2025-04-06T08:30:00.000+0000,1014416.331345457,783288.560452377,936199.8127360914,1062081.0789393834,499654.96573085536,1003595.37263352,1003595.37263352
2025-04-06T08:40:00.000+0000,1014232.482442337,783288.560452377,938041.4737061372,1060854.7410351913,499654.96573085536,1003595.37263352,1003595.37263352
2025-04-06T08:50:00.000+0000,1013678.8883422009,783288.560452377,938259.2002487134,1060633.0199540711,499654.96573085536,1003595.37263352,1003595.37263352
2025-04-06T09:00:00.000+0000,1013665.128179145,783288.560452377,939121.471038182,1061125.0621651434,499654.96573085536,1003595.37263352,1003595.37263352
2025-04-06T09:10:00.000+0000,1013347.261855801,783288.560452377,938935.7087180625,1060397.2393495752,499654.96573085536,1003595.37263352,1003595.37263352
2025-04-06T09:20:00.000+0000,1013203.312947129,783288.560452377,940948.5476423217,1060016.1700391034,499654.96573085536,1003595.37263352,1003595.37263352
2025-04-06T09:30:00.000+0000,1013128.882159433,783288.560452377,940325.3670981098,1060843.0627353115,499654.96573085536,1003595.37263352,1003595.37263352
2025-04-06T09:40:00.000+0000,1013299.091073281,783288.560452377,940963.8186827272,1061560.7993063352,499654.96573085536,1003595.37263352,1003595.37263352
2025-04-06T09:50:00.000+0000,1013077.002046753,783288.560452377,939606.1033393362,1063506.5922157033,499654.96573085536,1003595.37263352,1003595.37263352
2025-04-06T10:00:00.000+0000,1013033.839364545,783288.560452377,937787.2059546654,1063045.9487954874,499654.96573085536,1003595.37263352,1003595.37263352
2025-04-06T10:10:00.000+0000,1013244.586581785,783288.560452377,936657.8133810237,1062829.2239841514,499654.96573085536,1003595.37263352,1003595.37263352
2025-04-06T10:20:00.000+0000,1013436.332152513,783288.560452377,936208.7582132886,1063359.9709366395,499654.96573085536,1003595.37263352,1003595.37263352
2025-04-06T10:30:00.000+0000,1013491.807386793,783288.560452377,935937.2446241137,1065151.7795520714,499654.96573085536,1003595.37263352,1003595.37263352
2025-04-06T10:40:00.000+0000,1013444.125892529,783288.560452377,936050.2346228028,1065199.0406928873,499654.96573085536,1003595.37263352,1003595.37263352
2025-04-06T10:50:00.000+0000,1013579.538625609,783288.560452377,937502.1613166474,1065391.9374819032,499654.96573085536,1003595.37263352,1003595.37263352
2025-04-06T11:00:00.000+0000,1013564.596728697,783288.560452377,936458.1064280763,1065873.5690381674,499654.96573085536,1003595.37263352,1003595.37263352
2025-04-06T11:10:00.000+0000,1014463.895044033,783288.560452377,933715.6959275731,1067330.2592030074,499654.96573085536,1003595.37263352,1003595.37263352
2025-04-06T11:20:00.000+0000,1014291.6507997531,783288.560452377,934072.1344673443,1067133.7249063274,499654.96573085536,1003595.37263352,1003595.37263352
2025-04-06T11:30:00.000+0000,1014202.0210909289,783288.560452377,934394.0156815823,1066928.4264066233,499654.96573085536,1003595.37263352,1003595.37263352
2025-04-06T11:40:00.000+0000,1013962.935012929,783288.560452377,934964.1842993479,1066752.8203039833,499654.96573085536,1003595.37263352,1003595.37263352
2025-04-06T11:50:00.000+0000,1013880.7623536891,783288.560452377,935191.5094844443,1066395.6746892314,499654.96573085536,1003595.37263352,1003595.37263352
2025-04-06T12:00:00.000+0000,1013891.493661769,783288.560452377,935512.1615456056,1065333.9133084074,499654.96573085536,1003595.37263352,1003595.37263352
2025-04-06T12:10:00.000+0000,1014055.144396361,783288.560452377,935326.5283972959,1065543.5822789352,499654.96573085536,1003595.37263352,1003595.37263352
2025-04-06T12:20:00.000+0000,1014331.361785529,783288.560452377,933671.6811953478,1067045.6480642154,499654.96573085536,1003595.37263352,1003595.37263352
2025-04-06T12:30:00.000+0000,1014600.815180225,783288.560452377,931097.5124591613,1067396.8277855034,499654.96573085536,1003595.37263352,1003595.37263352
2025-04-06T12:40:00.000+0000,1015164.5857126969,783288.560452377,931517.400469093,1068696.9843075194,499654.96573085536,1003595.37263352,1003595.37263352
2025-04-06T12:50:00.000+0000,1015188.7411528729,783288.560452377,928099.2724037217,1068879.6221902315,499654.96573085536,1003595.37263352,1003595.37263352
2025-04-06T13:00:00.000+0000,1015823.620972369,783288.560452377,926623.9688894023,1070227.4938096073,499654.96573085536,1003595.37263352,1003595.37263352
2025-04-06T13:10:00.000+0000,1015947.102418121,783288.560452377,924768.0681964213,1071064.9704518793,499654.96573085536,1003595.37263352,1003595.37263352
2025-04-06T13:20:00.000+0000,1017224.8690763689,783288.560452377,922155.5893025621,1074436.2648070394,499654.96573085536,1003595.37263352,1003595.37263352
2025-04-06T13:30:00.000+0000,1017367.924280577,783288.560452377,921436.8932235527,1075154.6089416232,499654.96573085536,1003595.37263352,1003595.37263352
2025-04-06T13:40:00.000+0000,1018243.848560113,783288.560452377,918897.4377956218,1078510.7937141273,499654.96573085536,1003595.37263352,1003595.37263352
2025-04-06T13:50:00.000+0000,1018979.9903152009,783288.560452377,916670.3190799515,1082983.2281619194,499654.96573085536,1003595.37263352,1003595.37263352
2025-04-06T14:00:00.000+0000,1018596.446755713,783288.560452377,915818.9288762547,1083272.2772175353,499654.96573085536,1003595.37263352,1003595.37263352
2025-04-06T14:10:00.000+0000,1017763.464305209,783288.560452377,919871.5530471767,1082048.8019114314,499654.96573085536,1003595.37263352,1003595.37263352
2025-04-06T14:20:00.000+0000,1018780.3762742889,783288.560452377,917672.2281403111,1084502.6416579194,499654.96573085536,1003595.37263352,1003595.37263352
2025-04-06T14:30:00.000+0000,1018401.1496384969,783288.560452377,918211.5751121283,1083880.4133790873,499654.96573085536,1003595.37263352,1003595.37263352
2025-04-06T14:40:00.000+0000,1017380.4477238009,783288.560452377,918952.8428789534,1080128.9252025033,499654.96573085536,1003595.37263352,1003595.37263352
2025-04-06T14:50:00.000+0000,1016833.4327061849,783288.560452377,921878.9664254453,1078774.6806055913,499654.96573085536,1003595.37263352,1003595.37263352
2025-04-06T15:00:00.000+0000,1016631.0924280089,783288.560452377,922071.3172579305,1077809.3709915753,499654.96573085536,1003595.37263352,1003595.37263352
2025-04-06T15:10:00.000+0000,1017984.769879001,783288.560452377,920609.6798844526,1080764.3578393913,499654.96573085536,1003595.37263352,1003595.37263352
2025-04-06T15:20:00.000+0000,1018388.655192057,783288.560452377,919870.7256734251,1083133.9697820714,499654.96573085536,1003595.37263352,1003595.37263352
2025-04-06T15:30:00.000+0000,1017964.666904257,783288.560452377,920489.8116490445,1083121.4869463353,499654.96573085536,1003595.37263352,1003595.37263352
2025-04-06T15:40:00.000+0000,1017743.0738106649,783288.560452377,921863.3196028352,1081847.7708750232,499654.96573085536,1003595.37263352,1003595.37263352
2025-04-06T15:50:00.000+0000,1017990.538730225,783288.560452377,920443.6849169388,1083063.0617239354,499654.96573085536,1003595.37263352,1003595.37263352
2025-04-06T16:00:00.000+0000,1018636.906961633,783288.560452377,918935.8412102675,1083674.7495418873,499654.96573085536,1003595.37263352,1003595.37263352
2025-04-06T16:10:00.000+0000,1019049.6533701369,783288.560452377,916496.3668387525,1085717.4372933193,499654.96573085536,1003595.37263352,1003595.37263352
2025-04-06T16:20:00.000+0000,1019231.947408145,783288.560452377,916525.5530181957,1086838.7710880553,499654.96573085536,1003595.37263352,1003595.37263352
2025-04-06T16:30:00.000+0000,1020108.0717674891,783288.560452377,917610.8335872525,1088539.6410226794,499654.96573085536,1003595.37263352,1003595.37263352
2025-04-06T16:40:00.000+0000,1021065.9471136811,783288.560452377,914416.6177600647,1090184.2890208634,499654.96573085536,1003595.37263352,1003595.37263352
2025-04-06T16:50:00.000+0000,1021165.2823718489,783288.560452377,911009.0293756637,1091082.6451005912,499654.96573085536,1003595.37263352,1003595.37263352
2025-04-06T17:00:00.000+0000,1021363.731585369,783288.560452377,909514.1552176182,1091413.5612257353,499654.96573085536,1003595.37263352,1003595.37263352
2025-04-06T17:10:00.000+0000,1021700.842190961,783288.560452377,907151.436512805,1093478.2207856474,499654.96573085536,1003595.37263352,1003595.37263352
2025-04-06T17:20:00.000+0000,1021771.363938393,783288.560452377,901118.2817464757,1093777.5653882313,499654.96573085536,1003595.37263352,1003595.37263352
2025-04-06T17:30:00.000+0000,1022679.7020560969,783288.560452377,898535.5510867112,1094504.0966478714,499654.96573085536,1003595.37263352,1003595.37263352
2025-04-06T17:40:00.000+0000,1022613.3718127769,783288.560452377,889551.3586087797,1091608.8865403754,499654.96573085536,1003595.37263352,1003595.37263352
2025-04-06T17:50:00.000+0000,1022739.0129593848,783288.560452377,891303.2089136567,1091671.987199431,499654.96573085536,1003595.37263352,1003595.37263352
2025-04-06T18:00:00.000+0000,1023731.017630257,783288.560452377,883461.6830649584,1092622.4594228633,499654.96573085536,1003595.37263352,1003595.37263352
2025-04-06T18:10:00.000+0000,1023561.245027081,783288.560452377,877679.9917506085,1092948.5153792552,499654.96573085536,1003595.37263352,1003595.37263352
2025-04-06T18:20:00.000+0000,1024544.016860137,783288.560452377,867729.4048793456,1095059.2189444713,499654.96573085536,1003595.37263352,1003595.37263352
2025-04-06T18:30:00.000+0000,1025879.805563585,783288.560452377,867639.0551965514,1097351.3433667992,499654.96573085536,1003595.37263352,1003595.37263352
2025-04-06T18:40:00.000+0000,1025736.283573105,783288.560452377,865032.3999255565,1097063.4637149114,499654.96573085536,1003595.37263352,1003595.37263352
2025-04-06T18:50:00.000+0000,1026398.0908533849,783288.560452377,858747.7919200398,1097071.6307060875,499654.96573085536,1003595.37263352,1003595.37263352
2025-04-06T19:00:00.000+0000,1026969.065318097,783288.560452377,859492.4450269309,1099949.5287543193,499654.96573085536,1003595.37263352,1003595.37263352
2025-04-06T19:10:00.000+0000,1026464.695986617,783288.560452377,860818.8495725463,1097860.8058205193,499654.96573085536,1003595.37263352,1003595.37263352
2025-04-06T19:20:00.000+0000,1027387.453069913,783288.560452377,862892.3612743206,1098107.8803226633,499654.96573085536,1003595.37263352,1003595.37263352
2025-04-06T19:30:00.000+0000,1027440.9608294329,783288.560452377,865663.1750627,1098607.6857881593,499654.96573085536,1003595.37263352,1003595.37263352
2025-04-06T19:40:00.000+0000,1028198.9883918569,783288.560452377,862436.8315361354,1101214.4863779994,499654.96573085536,1003595.37263352,1003595.37263352
2025-04-06T19:50:00.000+0000,1027864.449936897,783288.560452377,862901.3708276355,1099211.0258296796,499654.96573085536,1003595.37263352,1003595.37263352
2025-04-06T20:00:00.000+0000,1027633.0046813448,783288.560452377,866882.7897570526,1099027.1574121832,499654.96573085536,1003595.37263352,1003595.37263352
2025-04-06T20:10:00.000+0000,1028707.697648617,783288.560452377,864372.1536066427,1101906.9309388313,499654.96573085536,1003595.37263352,1003595.37263352
2025-04-06T20:20:00.000+0000,1028790.292529809,783288.560452377,864603.7767853334,1101984.1282915033,499654.96573085536,1003595.37263352,1003595.37263352
2025-04-06T20:30:00.000+0000,1028792.702969913,783288.560452377,846468.4017008226,1103306.6654646632,499654.96573085536,1003595.37263352,1003595.37263352
2025-04-06T20:40:00.000+0000,1028110.151428329,783288.560452377,854610.1132780598,1102249.7733153354,499654.96573085536,1003595.37263352,1003595.37263352
2025-04-06T20:50:00.000+0000,1029753.1848192329,783288.560452377,851429.0251106634,1107825.2085460154,499654.96573085536,1003595.37263352,1003595.37263352
2025-04-06T21:00:00.000+0000,1028723.703074025,783288.560452377,852990.3454903555,1108422.3892989112,499654.96573085536,1003595.37263352,1003595.37263352
2025-04-06T21:10:00.000+0000,1027652.9389111929,783288.560452377,854663.5140881622,1107095.2280080074,499654.96573085536,1003595.37263352,1003595.37263352
2025-04-06T21:20:00.000+0000,1027745.1500132489,783288.560452377,856581.784123328,1108037.3568614793,499654.96573085536,1003595.37263352,1003595.37263352
2025-04-06T21:30:00.000+0000,1028146.036577225,783288.560452377,857250.5915341682,1106694.8477886312,499654.96573085536,1003595.37263352,1003595.37263352
2025-04-06T21:40:00.000+0000,1028426.2681125049,783288.560452377,856932.2047905917,1106511.5802800234,499654.96573085536,1003595.37263352,1003595.37263352
2025-04-06T21:50:00.000+0000,1028609.5898177209,783288.560452377,855198.5019860794,1106927.3991385994,499654.96573085536,1003595.37263352,1003595.37263352
2025-04-06T22:00:00.000+0000,1028613.0349594009,783288.560452377,850715.3201743707,1108332.9057130953,499654.96573085536,1003595.37263352,1003595.37263352
2025-04-06T22:10:00.000+0000,1027098.836458065,783288.560452377,857497.0293861151,1105305.5468492473,499654.96573085536,1003595.37263352,1003595.37263352
2025-04-06T22:20:00.000+0000,1027675.650497377,783288.560452377,855164.0165259372,1103759.5326508472,499654.96573085536,1003595.37263352,1003595.37263352
2025-04-06T22:30:00.000+0000,1028694.8829086169,783288.560452377,854242.040495382,1104810.8979951593,499654.96573085536,1003595.37263352,1003595.37263352
2025-04-06T22:40:00.000+0000,1029013.172523057,783288.560452377,848286.9314412143,1106698.2720170552,499654.96573085536,1003595.37263352,1003595.37263352
2025-04-06T22:50:00.000+0000,1030188.494162937,783288.560452377,845255.7012294608,1107528.8877424554,499654.96573085536,1003595.37263352,1003595.37263352
2025-04-06T23:00:00.000+0000,1030350.289922697,783288.560452377,841393.2764796375,1107165.3943300073,499654.96573085536,1003595.37263352,1003595.37263352
2025-04-06T23:10:00.000+0000,1031062.4839712889,783288.560452377,834803.1872030525,1109022.4259752394,499654.96573085536,1003595.37263352,1003595.37263352
2025-04-06T23:20:00.000+0000,1032093.649778169,783288.560452377,834240.184417916,1109486.8499286072,499654.96573085536,1003595.37263352,1003595.37263352
2025-04-06T23:30:00.000+0000,1029831.314185697,783288.560452377,839102.251855222,1106353.0793123194,499654.96573085536,1003595.37263352,1003595.37263352
2025-04-06T23:40:00.000+0000,1028430.397336481,783288.560452377,847805.5244998757,1103531.5028007834,499654.96573085536,1003595.37263352,1003595.37263352
2025-04-06T23:50:00.000+0000,1029215.1984329289,783288.560452377,846988.988580904,1106814.0506699753,499654.96573085536,1003595.37263352,1003595.37263352
2025-04-07T00:00:00.000+0000,1028618.6270221691,783288.560452377,845349.5033063919,1106824.2698880555,499654.96573085536,1003595.37263352,1003595.37263352
2025-04-07T00:10:00.000+0000,1028533.4150763049,783288.560452377,839740.7645558629,1109265.1054662073,499654.96573085536,1003595.37263352,1003595.37263352
2025-04-07T00:20:00.000+0000,1027385.611234561,783288.560452377,840576.8083570937,1106590.4911907513,499654.96573085536,1003595.37263352,1003595.37263352
2025-04-07T00:30:00.000+0000,1027921.138359849,783288.560452377,841167.1401866013,1107014.3299182954,499654.96573085536,1003595.37263352,1003595.37263352
2025-04-07T00:40:00.000+0000,1028276.018548393,783288.560452377,837491.0263971632,1108660.6203115112,499654.96573085536,1003595.37263352,1003595.37263352
2025-04-07T00:50:00.000+0000,1028031.328157433,783288.560452377,836627.4707222078,1109246.0153405354,499654.96573085536,1003595.37263352,1003595.37263352
2025-04-07T01:00:00.000+0000,1026999.5265595929,783288.560452377,846292.6486649727,1106558.6375940314,499654.96573085536,1003595.37263352,1003595.37263352
2025-04-07T01:10:00.000+0000,1024700.761394113,783288.560452377,851271.5390529123,1101727.1055942872,499654.96573085536,1003595.37263352,1003595.37263352
2025-04-07T01:20:00.000+0000,1023373.690211065,783288.560452377,860424.7645125758,1098765.2002956634,499654.96573085536,1003595.37263352,1003595.37263352
2025-04-07T01:30:00.000+0000,1024656.8043978648,783288.560452377,855925.4381412226,1101273.1520978473,499654.96573085536,1003595.37263352,1003595.37263352
2025-04-07T01:40:00.000+0000,1026212.0633645289,783288.560452377,854404.1780878401,1104820.0788745752,499654.96573085536,1003595.37263352,1003595.37263352
2025-04-07T01:50:00.000+0000,1025287.446420313,783288.560452377,858329.0869176975,1102993.2674637993,499654.96573085536,1003595.37263352,1003595.37263352
2025-04-07T02:00:00.000+0000,1025460.1752066489,783288.560452377,857638.2604746935,1102588.0889761113,499654.96573085536,1003595.37263352,1003595.37263352
2025-04-07T02:10:00.000+0000,1026043.675792441,783288.560452377,856997.353803375,1103308.8549117034,499654.96573085536,1003595.37263352,1003595.37263352
2025-04-07T02:20:00.000+0000,1026752.842734657,783288.560452377,852569.0238649119,1103842.9969759274,499654.96573085536,1003595.37263352,1003595.37263352
2025-04-07T02:30:00.000+0000,1027034.208601745,783288.560452377,847961.7197519513,1105813.4004211032,499654.96573085536,1003595.37263352,1003595.37263352
2025-04-07T02:40:00.000+0000,1027198.289032305,783288.560452377,848272.7310940677,1104924.0253508154,499654.96573085536,1003595.37263352,1003595.37263352
2025-04-07T02:50:00.000+0000,1027249.0430166089,783288.560452377,848655.1207951084,1105453.1310673433,499654.96573085536,1003595.37263352,1003595.37263352
2025-04-07T03:00:00.000+0000,1028129.943551953,783288.560452377,848238.6634747966,1106796.0575060314,499654.96573085536,1003595.37263352,1003595.37263352
2025-04-07T03:10:00.000+0000,1028840.431196761,783288.560452377,845129.0683863147,1109264.6921771034,499654.96573085536,1003595.37263352,1003595.37263352
2025-04-07T03:20:00.000+0000,1029396.2595480649,783288.560452377,844022.4187309643,1111003.0483687115,499654.96573085536,1003595.37263352,1003595.37263352
2025-04-07T03:30:00.000+0000,1029946.2941680651,783288.560452377,835841.5825001134,1111917.8135006872,499654.96573085536,1003595.37263352,1003595.37263352
2025-04-07T03:40:00.000+0000,1032035.7237161208,783288.560452377,828060.6621155012,1119552.9535882152,499654.96573085536,1003595.37263352,1003595.37263352
2025-04-07T03:50:00.000+0000,1033087.404497881,783288.560452377,829661.285685557,1120404.5638545356,499654.96573085536,1003595.37263352,1003595.37263352
2025-04-07T04:00:00.000+0000,1032548.910058345,783288.560452377,831430.8853782073,1118735.6878342873,499654.96573085536,1003595.37263352,1003595.37263352
2025-04-07T04:10:00.000+0000,1033797.942162641,783288.560452377,827206.7884580404,1118061.7284734552,499654.96573085536,1003595.37263352,1003595.37263352
2025-04-07T04:20:00.000+0000,1032506.330389353,783288.560452377,833050.9552672172,1113662.4721363033,499654.96573085536,1003595.37263352,1003595.37263352
2025-04-07T04:30:00.000+0000,1032452.2494887131,783288.560452377,829828.4889511408,1114255.1969068395,499654.96573085536,1003595.37263352,1003595.37263352
2025-04-07T04:40:00.000+0000,1033692.653001409,783288.560452377,826412.0947335025,1117285.2509628073,499654.96573085536,1003595.37263352,1003595.37263352
2025-04-07T04:50:00.000+0000,1033362.947876689,783288.560452377,826276.620973934,1116979.7470715994,499654.96573085536,1003595.37263352,1003595.37263352
2025-04-07T05:00:00.000+0000,1032687.881931833,783288.560452377,825251.2525319176,1115453.2476788554,499654.96573085536,1003595.37263352,1003595.37263352
2025-04-07T05:10:00.000+0000,1032605.5263890169,783288.560452377,828932.531618925,1114726.2818571434,499654.96573085536,1003595.37263352,1003595.37263352
2025-04-07T05:20:00.000+0000,1032397.979949105,783288.560452377,830947.4728847068,1115199.7856208473,499654.96573085536,1003595.37263352,1003595.37263352
2025-04-07T05:30:00.000+0000,1033090.391896049,783288.560452377,826938.3638398912,1117399.3747406874,499654.96573085536,1003595.37263352,1003595.37263352
2025-04-07T05:40:00.000+0000,1034114.9762123369,783288.560452377,824390.3738180118,1118170.1838496872,499654.96573085536,1003595.37263352,1003595.37263352
2025-04-07T05:50:00.000+0000,1034751.6094779529,783288.560452377,824860.9848632037,1112170.0872001434,499654.96573085536,1003595.37263352,1003595.37263352
2025-04-07T06:00:00.000+0000,1033855.250199505,783288.560452377,826291.1337695252,1114485.4591495593,499654.96573085536,1003595.37263352,1003595.37263352
2025-04-07T06:10:00.000+0000,1035102.7992212168,783288.560452377,816255.501378922,1115655.5093899353,499654.96573085536,1003595.37263352,1003595.37263352
2025-04-07T06:20:00.000+0000,1037569.8779380489,783288.560452377,810336.2353317079,1119199.0713906393,499654.96573085536,1003595.37263352,1003595.37263352
2025-04-07T06:30:00.000+0000,1039304.7418157449,783288.560452377,801502.9908372527,1123309.0471775192,499654.96573085536,1003595.37263352,1003595.37263352
2025-04-07T06:40:00.000+0000,1041253.2269795849,783288.560452377,785428.6872294402,1128389.8449649755,499654.96573085536,1003595.37263352,1003595.37263352
2025-04-07T06:50:00.000+0000,1041941.3997705688,783288.560452377,782304.2745611845,1132503.8302516874,499654.96573085536,1003595.37263352,1003595.37263352
2025-04-07T07:00:00.000+0000,1041799.151550257,783288.560452377,789348.3278463976,1120699.8528342154,499654.96573085536,1003595.37263352,1003595.37263352
2025-04-07T07:10:00.000+0000,1039576.3859464489,783288.560452377,792337.9799097036,1117431.7142983275,499654.96573085536,1003595.37263352,1003595.37263352
2025-04-07T07:20:00.000+0000,1039978.8241481209,783288.560452377,792984.985404985,1118634.4958227114,499654.96573085536,1003595.37263352,1003595.37263352
2025-04-07T07:30:00.000+0000,1040638.6807801689,783288.560452377,791108.0592669654,1121203.6449578314,499654.96573085536,1003595.37263352,1003595.37263352
2025-04-07T07:40:00.000+0000,1038654.914533793,783288.560452377,796092.6665706928,1119312.0045317912,499654.96573085536,1003595.37263352,1003595.37263352
2025-04-07T07:50:00.000+0000,1040336.155444209,783288.560452377,792962.5279005845,1124148.1774358393,499654.96573085536,1003595.37263352,1003595.37263352
2025-04-07T08:00:00.000+0000,1039186.765762153,783288.560452377,793198.508561308,1122386.2275143273,499654.96573085536,1003595.37263352,1003595.37263352
2025-04-07T08:10:00.000+0000,1037978.1647470889,783288.560452377,795446.3160919598,1118216.5196613593,499654.96573085536,1003595.37263352,1003595.37263352
2025-04-07T08:20:00.000+0000,1035003.375363985,783288.560452377,809269.8453765649,1113700.3879393754,499654.96573085536,1003595.37263352,1003595.37263352
2025-04-07T08:30:00.000+0000,1034101.8357930889,783288.560452377,809111.6383213452,1115104.8795065274,499654.96573085536,1003595.37263352,1003595.37263352
2025-04-07T08:40:00.000+0000,1033172.2715298969,783288.560452377,815586.1018652059,1113302.7084177113,499654.96573085536,1003595.37263352,1003595.37263352
2025-04-07T08:50:00.000+0000,1034804.8600533849,783288.560452377,812311.0585982502,1114379.4231862475,499654.96573085536,1003595.37263352,1003595.37263352
2025-04-07T09:00:00.000+0000,1034566.539272657,783288.560452377,810172.7779406419,1112833.0880148313,499654.96573085536,1003595.37263352,1003595.37263352
2025-04-07T09:10:00.000+0000,1035616.6185166729,783288.560452377,804569.6003468186,1114115.9317981272,499654.96573085536,1003595.37263352,1003595.37263352
2025-04-07T09:20:00.000+0000,1035731.7299537929,783288.560452377,806060.3965522512,1116128.6149624472,499654.96573085536,1003595.37263352,1003595.37263352
2025-04-07T09:30:00.000+0000,1035539.839748865,783288.560452377,812017.3796525465,1115700.3291753992,499654.96573085536,1003595.37263352,1003595.37263352
2025-04-07T09:40:00.000+0000,1034456.041161921,783288.560452377,814585.8338964642,1113237.4701001514,499654.96573085536,1003595.37263352,1003595.37263352
2025-04-07T09:50:00.000+0000,1034962.6319048489,783288.560452377,810805.0674389713,1115083.2655315513,499654.96573085536,1003595.37263352,1003595.37263352
2025-04-07T10:00:00.000+0000,1035722.1297700889,783288.560452377,810156.6457400912,1114939.7040127194,499654.96573085536,1003595.37263352,1003595.37263352
2025-04-07T10:10:00.000+0000,1033136.955245545,783288.560452377,816446.5779681351,1109740.0515751115,499654.96573085536,1003595.37263352,1003595.37263352
2025-04-07T10:20:00.000+0000,1033520.222446297,783288.560452377,820571.7099016034,1110453.3369699272,499654.96573085536,1003595.37263352,1003595.37263352
2025-04-07T10:30:00.000+0000,1034330.567151497,783288.560452377,817027.0996457718,1111251.6285553433,499654.96573085536,1003595.37263352,1003595.37263352
2025-04-07T10:40:00.000+0000,1035183.258442305,783288.560452377,817566.8105951343,1112710.3651317435,499654.96573085536,1003595.37263352,1003595.37263352
2025-04-07T10:50:00.000+0000,1035909.179660369,783288.560452377,813674.4307252624,1112102.8663598713,499654.96573085536,1003595.37263352,1003595.37263352
2025-04-07T11:00:00.000+0000,1035607.401276369,783288.560452377,814428.0644461125,1109595.8181042713,499654.96573085536,1003595.37263352,1003595.37263352
2025-04-07T11:10:00.000+0000,1035866.7074253609,783288.560452377,813670.9365139592,1110726.9270626153,499654.96573085536,1003595.37263352,1003595.37263352
2025-04-07T11:20:00.000+0000,1036125.4932409528,783288.560452377,813996.6670546215,1111995.4586848072,499654.96573085536,1003595.37263352,1003595.37263352
2025-04-07T11:30:00.000+0000,1037066.9807678971,783288.560452377,807530.3596574862,1113871.6461930794,499654.96573085536,1003595.37263352,1003595.37263352
2025-04-07T11:40:00.000+0000,1038180.456214345,783288.560452377,807869.9329709378,1116374.0159944394,499654.96573085536,1003595.37263352,1003595.37263352
2025-04-07T11:50:00.000+0000,1037654.1601682808,783288.560452377,809633.4011620998,1116872.4265667433,499654.96573085536,1003595.37263352,1003595.37263352
2025-04-07T12:00:00.000+0000,1037409.314391729,783288.560452377,810001.5787649106,1114907.302514671,499654.96573085536,1003595.37263352,1003595.37263352
2025-04-07T12:10:00.000+0000,1036957.8729840089,783288.560452377,809149.8253974612,1114032.9841993353,499654.96573085536,1003595.37263352,1003595.37263352
2025-04-07T12:20:00.000+0000,1034472.8281915451,783288.560452377,811474.4247690099,1105659.4935751595,499654.96573085536,1003595.37263352,1003595.37263352
2025-04-07T12:30:00.000+0000,1033717.0388371209,783288.560452377,821152.7877851382,1104956.3121207193,499654.96573085536,1003595.37263352,1003595.37263352
2025-04-07T12:40:00.000+0000,1035483.9479181289,783288.560452377,816954.4940742906,1107570.6592285114,499654.96573085536,1003595.37263352,1003595.37263352
2025-04-07T12:50:00.000+0000,1033570.145306033,783288.560452377,823290.4375185159,1103530.8977452153,499654.96573085536,1003595.37263352,1003595.37263352
2025-04-07T13:00:00.000+0000,1033194.278240433,783288.560452377,825286.5653479525,1103938.2150105115,499654.96573085536,1003595.37263352,1003595.37263352
2025-04-07T13:10:00.000+0000,1034117.5710348169,783288.560452377,822690.8846799186,1107532.8026779993,499654.96573085536,1003595.37263352,1003595.37263352
2025-04-07T13:20:00.000+0000,1034659.416101705,783288.560452377,820824.6099827654,1108452.5879506473,499654.96573085536,1003595.37263352,1003595.37263352
2025-04-07T13:30:00.000+0000,1034071.513939993,783288.560452377,815296.4336122624,1108373.5483729353,499654.96573085536,1003595.37263352,1003595.37263352
2025-04-07T13:40:00.000+0000,1033999.688826089,783288.560452377,812138.9600490294,1106178.1272959914,499654.96573085536,1003595.37263352,1003595.37263352
2025-04-07T13:50:00.000+0000,1028142.3674248969,783288.560452377,826486.9822742657,1090608.2317851114,499654.96573085536,1003595.37263352,1003595.37263352
2025-04-07T14:00:00.000+0000,1026802.513995833,783288.560452377,839528.2102149012,1088047.7370609194,499654.96573085536,1003595.37263352,1003595.37263352
2025-04-07T14:10:00.000+0000,1017555.1744405129,783288.560452377,852273.2811039644,1069852.0558104794,499654.96573085536,1003595.37263352,1003595.37263352
2025-04-07T14:20:00.000+0000,1022528.1043113929,783288.560452377,842730.6862130137,1079258.0247706713,499654.96573085536,1003595.37263352,1003595.37263352
2025-04-07T14:30:00.000+0000,1023465.3503742251,783288.560452377,841727.8194982244,1080268.3091760473,499654.96573085536,1003595.37263352,1003595.37263352
2025-04-07T14:40:00.000+0000,1025600.999037385,783288.560452377,844061.0711438064,1086306.9786426313,499654.96573085536,1003595.37263352,1003595.37263352
2025-04-07T14:50:00.000+0000,1024760.5712379289,783288.560452377,852926.4282956674,1082753.8553171114,499654.96573085536,1003595.37263352,1003595.37263352
2025-04-07T15:00:00.000+0000,1024272.7987483449,783288.560452377,847235.1551042681,1083255.6650579034,499654.96573085536,1003595.37263352,1003595.37263352
2025-04-07T15:10:00.000+0000,1026361.1948238409,783288.560452377,838040.4356670652,1086904.2738139192,499654.96573085536,1003595.37263352,1003595.37263352
2025-04-07T15:20:00.000+0000,1027022.5981175689,783288.560452377,838906.9304741533,1090043.5194866552,499654.96573085536,1003595.37263352,1003595.37263352
2025-04-07T15:30:00.000+0000,1025674.7905569051,783288.560452377,843107.523011762,1088276.4110052953,499654.96573085536,1003595.37263352,1003595.37263352
2025-04-07T15:40:00.000+0000,1025286.796670529,783288.560452377,849492.0525673975,1087013.0364541435,499654.96573085536,1003595.37263352,1003595.37263352
2025-04-07T15:50:00.000+0000,1026217.5972938408,783288.560452377,846770.5836361004,1088451.8337347512,499654.96573085536,1003595.37263352,1003595.37263352
2025-04-07T16:00:00.000+0000,1026817.6606188329,783288.560452377,843489.6449701835,1091452.7992002235,499654.96573085536,1003595.37263352,1003595.37263352
2025-04-07T16:10:00.000+0000,1027294.947523601,783288.560452377,840993.767930684,1093959.3945584313,499654.96573085536,1003595.37263352,1003595.37263352
2025-04-07T16:20:00.000+0000,1027840.6299081771,783288.560452377,837130.8728091735,1092937.5405361594,499654.96573085536,1003595.37263352,1003595.37263352
2025-04-07T16:30:00.000+0000,1027204.870952553,783288.560452377,842391.455691307,1091538.6858259114,499654.96573085536,1003595.37263352,1003595.37263352
2025-04-07T16:40:00.000+0000,1028595.330694153,783288.560452377,834411.895398131,1095259.7266498792,499654.96573085536,1003595.37263352,1003595.37263352
2025-04-07T16:50:00.000+0000,1029584.872576833,783288.560452377,831275.8431390733,1097579.4856368552,499654.96573085536,1003595.37263352,1003595.37263352
2025-04-07T17:00:00.000+0000,1028633.883896897,783288.560452377,836395.7625588161,1094307.3019296953,499654.96573085536,1003595.37263352,1003595.37263352
2025-04-07T17:10:00.000+0000,1027399.683857449,783288.560452377,838838.3358012142,1091528.4028388874,499654.96573085536,1003595.37263352,1003595.37263352
2025-04-07T17:20:00.000+0000,1027044.874202433,783288.560452377,842650.9045782527,1089946.6633735832,499654.96573085536,1003595.37263352,1003595.37263352
2025-04-07T17:30:00.000+0000,1026160.820841369,783288.560452377,846319.1117378788,1088531.1955444713,499654.96573085536,1003595.37263352,1003595.37263352
2025-04-07T17:40:00.000+0000,1025954.3098024729,783288.560452377,849711.8509202726,1087023.8227681834,499654.96573085536,1003595.37263352,1003595.37263352
2025-04-07T17:50:00.000+0000,1026133.350095561,783288.560452377,850450.420227313,1089070.5667220552,499654.96573085536,1003595.37263352,1003595.37263352
2025-04-07T18:00:00.000+0000,1026439.3265384249,783288.560452377,850090.9975366492,1091154.3320551114,499654.96573085536,1003595.37263352,1003595.37263352
2025-04-07T18:10:00.000+0000,1026229.660395633,783288.560452377,850071.0618422271,1089429.4294120471,499654.96573085536,1003595.37263352,1003595.37263352
2025-04-07T18:20:00.000+0000,1026836.9343574969,783288.560452377,846817.080748939,1089734.1374604392,499654.96573085536,1003595.37263352,1003595.37263352
2025-04-07T18:30:00.000+0000,1027594.2055554969,783288.560452377,845689.697796422,1091529.5138893356,499654.96573085536,1003595.37263352,1003595.37263352
2025-04-07T18:40:00.000+0000,1026938.687020193,783288.560452377,848726.0528568047,1090325.0672081434,499654.96573085536,1003595.37263352,1003595.37263352
2025-04-07T18:50:00.000+0000,1027844.571962009,783288.560452377,843790.1777473531,1091967.4077337834,499654.96573085536,1003595.37263352,1003595.37263352
2025-04-07T19:00:00.000+0000,1027947.872365521,783288.560452377,842599.3085781876,1092160.0691912156,499654.96573085536,1003595.37263352,1003595.37263352
2025-04-07T19:10:00.000+0000,1028440.4006574169,783288.560452377,842339.3740539432,1093130.1923013513,499654.96573085536,1003595.37263352,1003595.37263352
2025-04-07T19:20:00.000+0000,1028708.030412193,783288.560452377,842353.1071952789,1093602.6286496713,499654.96573085536,1003595.37263352,1003595.37263352
2025-04-07T19:30:00.000+0000,1027212.697166569,783288.560452377,845137.2649641207,1091110.4214717033,499654.96573085536,1003595.37263352,1003595.37263352
2025-04-07T19:40:00.000+0000,1027366.318261297,783288.560452377,843485.6801456937,1092051.3842687674,499654.96573085536,1003595.37263352,1003595.37263352
2025-04-07T19:50:00.000+0000,1027492.448246521,783288.560452377,842421.5373360058,1091437.7629988154,499654.96573085536,1003595.37263352,1003595.37263352
2025-04-07T20:00:00.000+0000,1027331.833181449,783288.560452377,843079.3598953753,1090104.7094754714,499654.96573085536,1003595.37263352,1003595.37263352
2025-04-07T20:10:00.000+0000,1026698.912683241,783288.560452377,845707.8503853239,1088607.6342745274,499654.96573085536,1003595.37263352,1003595.37263352
2025-04-07T20:20:00.000+0000,1026556.005710353,783288.560452377,849269.0211011508,1087973.5036252153,499654.96573085536,1003595.37263352,1003595.37263352
2025-04-07T20:30:00.000+0000,1025268.0882392569,783288.560452377,852971.8480169836,1086277.9131136714,499654.96573085536,1003595.37263352,1003595.37263352
2025-04-07T20:40:00.000+0000,1024779.0065578648,783288.560452377,854904.8962025581,1084600.6181839434,499654.96573085536,1003595.37263352,1003595.37263352
2025-04-07T20:50:00.000+0000,1025365.9374372249,783288.560452377,852999.2690036776,1085661.8376686315,499654.96573085536,1003595.37263352,1003595.37263352
2025-04-07T21:00:00.000+0000,1026197.413813553,783288.560452377,849170.2611313214,1087037.7119179673,499654.96573085536,1003595.37263352,1003595.37263352
2025-04-07T21:10:00.000+0000,1026128.589856801,783288.560452377,851951.0219969372,1086571.2875362234,499654.96573085536,1003595.37263352,1003595.37263352
2025-04-07T21:20:00.000+0000,1026635.5295603368,783288.560452377,850509.7491317606,1087797.4713637754,499654.96573085536,1003595.37263352,1003595.37263352
2025-04-07T21:30:00.000+0000,1027575.973512809,783288.560452377,850061.7309423259,1090536.8909634633,499654.96573085536,1003595.37263352,1003595.37263352
2025-04-07T21:40:00.000+0000,1026709.418421921,783288.560452377,850447.4944917078,1087618.5681409433,499654.96573085536,1003595.37263352,1003595.37263352
2025-04-07T21:50:00.000+0000,1025684.593508265,783288.560452377,856535.3571947189,1086445.9546328234,499654.96573085536,1003595.37263352,1003595.37263352
2025-04-07T22:00:00.000+0000,1025779.657646065,783288.560452377,855620.5770092995,1086504.1251891195,499654.96573085536,1003595.37263352,1003595.37263352
2025-04-07T22:10:00.000+0000,1024980.5080076408,783288.560452377,858789.3731629283,1085671.1580263753,499654.96573085536,1003595.37263352,1003595.37263352
2025-04-07T22:20:00.000+0000,1023902.6247546411,783288.560452377,860854.6611630488,1084815.3410980792,499654.96573085536,1003595.37263352,1003595.37263352
2025-04-07T22:30:00.000+0000,1023450.4348062329,783288.560452377,862073.2335312054,1084078.6242834073,499654.96573085536,1003595.37263352,1003595.37263352
2025-04-07T22:40:00.000+0000,1023247.7120542809,783288.560452377,862325.827218458,1083182.1471093514,499654.96573085536,1003595.37263352,1003595.37263352
2025-04-07T22:50:00.000+0000,1023636.7861957611,783288.560452377,862669.0520227273,1083088.0354489593,499654.96573085536,1003595.37263352,1003595.37263352
2025-04-07T23:00:00.000+0000,1024299.045084465,783288.560452377,860510.6933617183,1085005.4008685274,499654.96573085536,1003595.37263352,1003595.37263352
2025-04-07T23:10:00.000+0000,1024332.075059329,783288.560452377,858306.8102128366,1084698.0241267993,499654.96573085536,1003595.37263352,1003595.37263352
2025-04-07T23:20:00.000+0000,1025789.5511749049,783288.560452377,856935.4145182846,1087696.9127850472,499654.96573085536,1003595.37263352,1003595.37263352
2025-04-07T23:30:00.000+0000,1025974.621090433,783288.560452377,852766.2348799899,1087681.8105465113,499654.96573085536,1003595.37263352,1003595.37263352
2025-04-07T23:40:00.000+0000,1027117.0309108489,783288.560452377,851440.9294839903,1089874.6865811194,499654.96573085536,1003595.37263352,1003595.37263352
2025-04-07T23:50:00.000+0000,1027316.3643963849,783288.560452377,850354.190357593,1088566.9699820073,499654.96573085536,1003595.37263352,1003595.37263352
2025-04-08T00:00:00.000+0000,1027056.7350861289,783288.560452377,850116.4048332558,1089628.4202119515,499654.96573085536,1003595.37263352,1003595.37263352
2025-04-08T00:10:00.000+0000,1026507.928063265,783288.560452377,853246.6670322022,1088386.8010725353,499654.96573085536,1003595.37263352,1003595.37263352
2025-04-08T00:20:00.000+0000,1026570.3160629049,783288.560452377,852563.3816495978,1088844.4575542153,499654.96573085536,1003595.37263352,1003595.37263352
2025-04-08T00:30:00.000+0000,1027195.9490457929,783288.560452377,849424.4741520989,1092218.4505087673,499654.96573085536,1003595.37263352,1003595.37263352
2025-04-08T00:40:00.000+0000,1026619.1161116089,783288.560452377,851938.3469482672,1090812.6282370314,499654.96573085536,1003595.37263352,1003595.37263352
2025-04-08T00:50:00.000+0000,1027211.783208321,783288.560452377,849100.4227820511,1092513.7507993914,499654.96573085536,1003595.37263352,1003595.37263352
2025-04-08T01:00:00.000+0000,1027534.3922144809,783288.560452377,847808.7310081162,1091703.8709819834,499654.96573085536,1003595.37263352,1003595.37263352
2025-04-08T01:10:00.000+0000,1027477.593100153,783288.560452377,850112.7897759915,1091243.4397119114,499654.96573085536,1003595.37263352,1003595.37263352
2025-04-08T01:20:00.000+0000,1025668.927960737,783288.560452377,855053.2805053133,1086772.5981987515,499654.96573085536,1003595.37263352,1003595.37263352
2025-04-08T01:30:00.000+0000,1023678.1392967929,783288.560452377,861620.1599171545,1082677.0050465513,499654.96573085536,1003595.37263352,1003595.37263352
2025-04-08T01:40:00.000+0000,1023515.684914353,783288.560452377,868031.6966161409,1081696.9177941114,499654.96573085536,1003595.37263352,1003595.37263352
2025-04-08T01:50:00.000+0000,1023015.345696201,783288.560452377,871637.0868217042,1079286.4025402793,499654.96573085536,1003595.37263352,1003595.37263352
2025-04-08T02:00:00.000+0000,1021895.9672359449,783288.560452377,871949.361899225,1077213.0453140715,499654.96573085536,1003595.37263352,1003595.37263352
2025-04-08T02:10:00.000+0000,1021536.7802456011,783288.560452377,877154.8927204225,1075305.1901302233,499654.96573085536,1003595.37263352,1003595.37263352
2025-04-08T02:20:00.000+0000,1021547.9566273369,783288.560452377,877339.3763167432,1077265.4899647592,499654.96573085536,1003595.37263352,1003595.37263352
2025-04-08T02:30:00.000+0000,1021882.739636497,783288.560452377,874274.3668418447,1078268.9179096953,499654.96573085536,1003595.37263352,1003595.37263352
2025-04-08T02:40:00.000+0000,1022543.871277721,783288.560452377,873296.8286899432,1079805.7000096873,499654.96573085536,1003595.37263352,1003595.37263352
2025-04-08T02:50:00.000+0000,1022779.9948276409,783288.560452377,870895.8172572297,1080069.2564757033,499654.96573085536,1003595.37263352,1003595.37263352
2025-04-08T03:00:00.000+0000,1021874.8217558729,783288.560452377,869429.6666604958,1079470.0225366713,499654.96573085536,1003595.37263352,1003595.37263352
2025-04-08T03:10:00.000+0000,1022323.139194769,783288.560452377,867710.4332425407,1081336.2511884072,499654.96573085536,1003595.37263352,1003595.37263352
2025-04-08T03:20:00.000+0000,1021415.6791340569,783288.560452377,868175.4533600195,1078807.7655764231,499654.96573085536,1003595.37263352,1003595.37263352
2025-04-08T03:30:00.000+0000,1021600.030225105,783288.560452377,870136.4693034692,1079440.1600457912,499654.96573085536,1003595.37263352,1003595.37263352
2025-04-08T03:40:00.000+0000,1022740.2503786569,783288.560452377,868546.5963514415,1081631.9573640632,499654.96573085536,1003595.37263352,1003595.37263352
2025-04-08T03:50:00.000+0000,1022696.3082305209,783288.560452377,867776.3552291747,1082801.8524186872,499654.96573085536,1003595.37263352,1003595.37263352
2025-04-08T04:00:00.000+0000,1022425.5545768649,783288.560452377,869663.3820214935,1082661.7689951514,499654.96573085536,1003595.37263352,1003595.37263352
2025-04-08T04:10:00.000+0000,1022480.1735067369,783288.560452377,871569.7296634084,1081886.6485180075,499654.96573085536,1003595.37263352,1003595.37263352
2025-04-08T04:20:00.000+0000,1022559.6840373849,783288.560452377,873868.5890879626,1081469.4949280713,499654.96573085536,1003595.37263352,1003595.37263352
2025-04-08T04:30:00.000+0000,1022621.772496849,783288.560452377,873071.2595758135,1080924.5465658074,499654.96573085536,1003595.37263352,1003595.37263352
2025-04-08T04:40:00.000+0000,1022632.4913848729,783288.560452377,872824.701986774,1080282.0603562952,499654.96573085536,1003595.37263352,1003595.37263352
2025-04-08T04:50:00.000+0000,1023241.183261497,783288.560452377,874520.4500438108,1079540.2051256471,499654.96573085536,1003595.37263352,1003595.37263352
2025-04-08T05:00:00.000+0000,1023372.582827681,783288.560452377,870391.3076947993,1079208.3281198232,499654.96573085536,1003595.37263352,1003595.37263352
2025-04-08T05:10:00.000+0000,1024827.015340089,783288.560452377,867802.6524195005,1081004.6596040633,499654.96573085536,1003595.37263352,1003595.37263352
2025-04-08T05:20:00.000+0000,1026150.291381681,783288.560452377,866788.1428765976,1081291.4047043193,499654.96573085536,1003595.37263352,1003595.37263352
2025-04-08T05:30:00.000+0000,1025666.023196409,783288.560452377,867032.4032486021,1082479.4288340714,499654.96573085536,1003595.37263352,1003595.37263352
2025-04-08T05:40:00.000+0000,1025745.7452576968,783288.560452377,867282.774767946,1084111.7860527514,499654.96573085536,1003595.37263352,1003595.37263352
2025-04-08T05:50:00.000+0000,1025807.710495817,783288.560452377,867051.9500236508,1082156.0311593513,499654.96573085536,1003595.37263352,1003595.37263352
2025-04-08T06:00:00.000+0000,1026335.333109777,783288.560452377,864262.5127738246,1082895.9623104953,499654.96573085536,1003595.37263352,1003595.37263352
2025-04-08T06:10:00.000+0000,1026451.5884210649,783288.560452377,861841.3664964319,1084034.1456647913,499654.96573085536,1003595.37263352,1003595.37263352
2025-04-08T06:20:00.000+0000,1026904.2687868249,783288.560452377,861351.8564757598,1084378.0418675593,499654.96573085536,1003595.37263352,1003595.37263352
2025-04-08T06:30:00.000+0000,1026695.6634047449,783288.560452377,860616.1035143711,1083940.6484024876,499654.96573085536,1003595.37263352,1003595.37263352
2025-04-08T06:40:00.000+0000,1027451.830067081,783288.560452377,861422.8534273666,1085333.3825730872,499654.96573085536,1003595.37263352,1003595.37263352
2025-04-08T06:50:00.000+0000,1027957.0493280729,783288.560452377,859967.4587965563,1086960.4493974715,499654.96573085536,1003595.37263352,1003595.37263352
2025-04-08T07:00:00.000+0000,1028204.7412259049,783288.560452377,857674.595003417,1087218.9630109994,499654.96573085536,1003595.37263352,1003595.37263352
2025-04-08T07:10:00.000+0000,1028940.6014064329,783288.560452377,858137.5392773516,1086686.7686773434,499654.96573085536,1003595.37263352,1003595.37263352
2025-04-08T07:20:00.000+0000,1028769.098608521,783288.560452377,859772.7351613347,1086060.8030008234,499654.96573085536,1003595.37263352,1003595.37263352
2025-04-08T07:30:00.000+0000,1029113.721729289,783288.560452377,858290.3633996808,1087239.3979399672,499654.96573085536,1003595.37263352,1003595.37263352
2025-04-08T07:40:00.000+0000,1029253.248978121,783288.560452377,856685.3794053568,1085871.7510434794,499654.96573085536,1003595.37263352,1003595.37263352
2025-04-08T07:50:00.000+0000,1028490.4316106089,783288.560452377,855638.4398202719,1085812.9311670554,499654.96573085536,1003595.37263352,1003595.37263352
2025-04-08T08:00:00.000+0000,1028984.052327865,783288.560452377,855916.9970100294,1086384.5246361673,499654.96573085536,1003595.37263352,1003595.37263352
2025-04-08T08:10:00.000+0000,1029757.527102625,783288.560452377,852815.944823486,1088176.3570925114,499654.96573085536,1003595.37263352,1003595.37263352
2025-04-08T08:20:00.000+0000,1030484.9823624729,783288.560452377,851551.8321652693,1089513.1361630312,499654.96573085536,1003595.37263352,1003595.37263352
2025-04-08T08:30:00.000+0000,1030372.4744108969,783288.560452377,853191.6106786628,1088845.2654973434,499654.96573085536,1003595.37263352,1003595.37263352
2025-04-08T08:40:00.000+0000,1029974.7395035769,783288.560452377,854305.4762560809,1087742.8180114632,499654.96573085536,1003595.37263352,1003595.37263352
2025-04-08T08:50:00.000+0000,1029746.778358505,783288.560452377,853915.0159117326,1086794.4703570153,499654.96573085536,1003595.37263352,1003595.37263352
2025-04-08T09:00:00.000+0000,1029000.250019337,783288.560452377,854972.564324584,1086091.7285605671,499654.96573085536,1003595.37263352,1003595.37263352
2025-04-08T09:10:00.000+0000,1029107.2412778009,783288.560452377,855556.7311612857,1085419.0701481435,499654.96573085536,1003595.37263352,1003595.37263352
2025-04-08T09:20:00.000+0000,1029265.232533601,783288.560452377,854262.3851682511,1086988.2457126155,499654.96573085536,1003595.37263352,1003595.37263352
2025-04-08T09:30:00.000+0000,1028319.583738337,783288.560452377,854654.7331967535,1085110.8170280794,499654.96573085536,1003595.37263352,1003595.37263352
2025-04-08T09:40:00.000+0000,1027985.9533463449,783288.560452377,857733.9861327563,1083616.1603008073,499654.96573085536,1003595.37263352,1003595.37263352
2025-04-08T09:50:00.000+0000,1028201.5395393049,783288.560452377,855975.1244396821,1085227.3163839753,499654.96573085536,1003595.37263352,1003595.37263352
2025-04-08T10:00:00.000+0000,1028217.333563969,783288.560452377,855289.470824162,1086863.6240597593,499654.96573085536,1003595.37263352,1003595.37263352
2025-04-08T10:10:00.000+0000,1028408.173929441,783288.560452377,856440.2959879218,1086203.5065965434,499654.96573085536,1003595.37263352,1003595.37263352
2025-04-08T10:20:00.000+0000,1028201.006765865,783288.560452377,857309.419553564,1085420.0298697513,499654.96573085536,1003595.37263352,1003595.37263352
2025-04-08T10:30:00.000+0000,1027929.5431206569,783288.560452377,857583.4104526739,1084451.6304795353,499654.96573085536,1003595.37263352,1003595.37263352
2025-04-08T10:40:00.000+0000,1027547.367426001,783288.560452377,858686.379087699,1083504.0514496954,499654.96573085536,1003595.37263352,1003595.37263352
2025-04-08T10:50:00.000+0000,1028170.075340817,783288.560452377,856957.5373688658,1085004.2370403353,499654.96573085536,1003595.37263352,1003595.37263352
2025-04-08T11:00:00.000+0000,1027405.762920305,783288.560452377,856835.1157012461,1082569.1923757435,499654.96573085536,1003595.37263352,1003595.37263352
2025-04-08T11:10:00.000+0000,1026570.655750937,783288.560452377,858358.3309579939,1080823.9176334073,499654.96573085536,1003595.37263352,1003595.37263352
2025-04-08T11:20:00.000+0000,1026458.5722994888,783288.560452377,860821.0561797678,1079829.7732856474,499654.96573085536,1003595.37263352,1003595.37263352
2025-04-08T11:30:00.000+0000,1024810.576271873,783288.560452377,864648.255432482,1076081.1633945913,499654.96573085536,1003595.37263352,1003595.37263352
2025-04-08T11:40:00.000+0000,1024146.0711615849,783288.560452377,865987.4866811691,1074670.7433939832,499654.96573085536,1003595.37263352,1003595.37263352
2025-04-08T11:50:00.000+0000,1023301.0435549209,783288.560452377,870065.8666191315,1073058.9155786315,499654.96573085536,1003595.37263352,1003595.37263352
2025-04-08T12:00:00.000+0000,1022311.5914403689,783288.560452377,869108.0990392884,1072781.1905565355,499654.96573085536,1003595.37263352,1003595.37263352
2025-04-08T12:10:00.000+0000,1022321.963336209,783288.560452377,868763.586094362,1072243.6903909433,499654.96573085536,1003595.37263352,1003595.37263352
2025-04-08T12:20:00.000+0000,1022636.1019940729,783288.560452377,866051.1301773321,1073579.7210506713,499654.96573085536,1003595.37263352,1003595.37263352
2025-04-08T12:30:00.000+0000,1022412.265906313,783288.560452377,864002.5779545044,1073476.9049993672,499654.96573085536,1003595.37263352,1003595.37263352
2025-04-08T12:40:00.000+0000,1023346.178498057,783288.560452377,862338.5325211347,1074377.4336396554,499654.96573085536,1003595.37263352,1003595.37263352
2025-04-08T12:50:00.000+0000,1023126.1196960489,783288.560452377,861941.7924282723,1074051.0246259354,499654.96573085536,1003595.37263352,1003595.37263352
2025-04-08T13:00:00.000+0000,1022300.736001673,783288.560452377,864633.5072410037,1072665.0602151914,499654.96573085536,1003595.37263352,1003595.37263352
2025-04-08T13:10:00.000+0000,1022062.380878441,783288.560452377,865415.411044675,1071681.5909005674,499654.96573085536,1003595.37263352,1003595.37263352
2025-04-08T13:20:00.000+0000,1021394.382325145,783288.560452377,868887.8854927019,1069402.8529305034,499654.96573085536,1003595.37263352,1003595.37263352
2025-04-08T13:30:00.000+0000,1021177.6462927929,783288.560452377,860316.8612299424,1069510.0284814155,499654.96573085536,1003595.37263352,1003595.37263352
2025-04-08T13:40:00.000+0000,1021726.0329821929,783288.560452377,861342.4837408336,1072916.4644807512,499654.96573085536,1003595.37263352,1003595.37263352
2025-04-08T13:50:00.000+0000,1022293.605850361,783288.560452377,860670.0400869285,1073258.6056786473,499654.96573085536,1003595.37263352,1003595.37263352
2025-04-08T14:00:00.000+0000,1020758.395681817,783288.560452377,862833.3713341546,1070487.3659254634,499654.96573085536,1003595.37263352,1003595.37263352
2025-04-08T14:10:00.000+0000,1021440.0595241289,783288.560452377,865938.4971807073,1071693.2105673912,499654.96573085536,1003595.37263352,1003595.37263352
2025-04-08T14:20:00.000+0000,1021750.7421190569,783288.560452377,859128.601261116,1072803.4643032714,499654.96573085536,1003595.37263352,1003595.37263352
2025-04-08T14:30:00.000+0000,1022570.9742180089,783288.560452377,856696.8665458236,1075810.8758477513,499654.96573085536,1003595.37263352,1003595.37263352
2025-04-08T14:40:00.000+0000,1023091.8101956251,783288.560452377,852973.9181818385,1076691.2051704314,499654.96573085536,1003595.37263352,1003595.37263352
2025-04-08T14:50:00.000+0000,1023931.9957190569,783288.560452377,846490.5295506471,1079439.3156318632,499654.96573085536,1003595.37263352,1003595.37263352
2025-04-08T15:00:00.000+0000,1024357.896955273,783288.560452377,845563.9735914178,1080392.0059893674,499654.96573085536,1003595.37263352,1003595.37263352
2025-04-08T15:10:00.000+0000,1024612.420983025,783288.560452377,842960.0022390946,1082621.751224999,499654.96573085536,1003595.37263352,1003595.37263352
2025-04-08T15:20:00.000+0000,1024391.0405191929,783288.560452377,843267.8085755442,1082892.0808481514,499654.96573085536,1003595.37263352,1003595.37263352
2025-04-08T15:30:00.000+0000,1024224.7538450409,783288.560452377,843996.0207716094,1082808.6031937434,499654.96573085536,1003595.37263352,1003595.37263352
2025-04-08T15:40:00.000+0000,1023752.763899313,783288.560452377,844388.5545181241,1083800.5971631834,499654.96573085536,1003595.37263352,1003595.37263352
2025-04-08T15:50:00.000+0000,1024840.8902512729,783288.560452377,842617.9727836499,1083981.6514337992,499654.96573085536,1003595.37263352,1003595.37263352
2025-04-08T16:00:00.000+0000,1024811.2755619929,783288.560452377,842801.7758671591,1084745.7135147434,499654.96573085536,1003595.37263352,1003595.37263352
2025-04-08T16:10:00.000+0000,1025487.204865609,783288.560452377,837751.7893504512,1086146.3510176153,499654.96573085536,1003595.37263352,1003595.37263352
2025-04-08T16:20:00.000+0000,1025751.2865411208,783288.560452377,835438.0394611575,1088805.4406327433,499654.96573085536,1003595.37263352,1003595.37263352
2025-04-08T16:30:00.000+0000,1025748.8663188489,783288.560452377,829130.7027119517,1089512.1509818074,499654.96573085536,1003595.37263352,1003595.37263352
2025-04-08T16:40:00.000+0000,1027913.975674585,783288.560452377,826523.7284464543,1093514.0253690474,499654.96573085536,1003595.37263352,1003595.37263352
2025-04-08T16:50:00.000+0000,1028535.0492179451,783288.560452377,823632.4661423091,1094473.5689196074,499654.96573085536,1003595.37263352,1003595.37263352
2025-04-08T17:00:00.000+0000,1028698.726441329,783288.560452377,821480.826793061,1094461.2359239035,499654.96573085536,1003595.37263352,1003595.37263352
2025-04-08T17:10:00.000+0000,1029633.620597193,783288.560452377,818250.8620118264,1094593.0429638473,499654.96573085536,1003595.37263352,1003595.37263352
2025-04-08T17:20:00.000+0000,1031600.428910777,783288.560452377,813849.4840208793,1098854.7557639272,499654.96573085536,1003595.37263352,1003595.37263352
2025-04-08T17:30:00.000+0000,1030254.836536545,783288.560452377,816492.7912768092,1097388.2032952474,499654.96573085536,1003595.37263352,1003595.37263352
2025-04-08T17:40:00.000+0000,1028826.131915345,783288.560452377,821864.9913452085,1094687.0780555431,499654.96573085536,1003595.37263352,1003595.37263352
2025-04-08T17:50:00.000+0000,1028318.090653761,783288.560452377,823172.3039446333,1095336.5297482072,499654.96573085536,1003595.37263352,1003595.37263352
2025-04-08T18:00:00.000+0000,1027725.123247489,783288.560452377,823334.5106838874,1095254.9324782873,499654.96573085536,1003595.37263352,1003595.37263352
2025-04-08T18:10:00.000+0000,1028311.674940441,783288.560452377,823452.3604357466,1097680.2713837035,499654.96573085536,1003595.37263352,1003595.37263352
2025-04-08T18:20:00.000+0000,1026449.8524909209,783288.560452377,827499.7308455878,1095154.8635475272,499654.96573085536,1003595.37263352,1003595.37263352
2025-04-08T18:30:00.000+0000,1025949.492279577,783288.560452377,828832.1975222547,1095335.6726844073,499654.96573085536,1003595.37263352,1003595.37263352
2025-04-08T18:40:00.000+0000,1027626.967704793,783288.560452377,826938.5047627841,1098013.0459708874,499654.96573085536,1003595.37263352,1003595.37263352
2025-04-08T18:50:00.000+0000,1027904.3390300729,783288.560452377,825946.2393815638,1099560.0511858393,499654.96573085536,1003595.37263352,1003595.37263352
2025-04-08T19:00:00.000+0000,1027832.423848281,783288.560452377,822610.3298298074,1099298.5118548234,499654.96573085536,1003595.37263352,1003595.37263352
2025-04-08T19:10:00.000+0000,1028465.422014305,783288.560452377,818590.8430247917,1100917.3439422713,499654.96573085536,1003595.37263352,1003595.37263352
2025-04-08T19:20:00.000+0000,1028105.1118332329,783288.560452377,821770.0595695794,1100520.6109627674,499654.96573085536,1003595.37263352,1003595.37263352
2025-04-08T19:30:00.000+0000,1028533.118154033,783288.560452377,816316.9722957568,1101707.1658588476,499654.96573085536,1003595.37263352,1003595.37263352
2025-04-08T19:40:00.000+0000,1029455.1046442969,783288.560452377,814897.454181077,1104761.2601372392,499654.96573085536,1003595.37263352,1003595.37263352
2025-04-08T19:50:00.000+0000,1029356.6591537449,783288.560452377,818996.6164682114,1104064.0043984314,499654.96573085536,1003595.37263352,1003595.37263352
2025-04-08T20:00:00.000+0000,1030074.517557225,783288.560452377,817698.8542730936,1105072.0386353834,499654.96573085536,1003595.37263352,1003595.37263352
2025-04-08T20:10:00.000+0000,1029221.648798505,783288.560452377,818906.043247766,1103996.2193398953,499654.96573085536,1003595.37263352,1003595.37263352
2025-04-08T20:20:00.000+0000,1030118.223684329,783288.560452377,818282.6349090168,1104985.9784386633,499654.96573085536,1003595.37263352,1003595.37263352
2025-04-08T20:30:00.000+0000,1029693.969109729,783288.560452377,820283.1432575122,1103045.4530119353,499654.96573085536,1003595.37263352,1003595.37263352
2025-04-08T20:40:00.000+0000,1028641.451527945,783288.560452377,824849.3602250786,1101329.5820777195,499654.96573085536,1003595.37263352,1003595.37263352
2025-04-08T20:50:00.000+0000,1029213.9451263769,783288.560452377,826214.6694190437,1102495.7777542153,499654.96573085536,1003595.37263352,1003595.37263352
2025-04-08T21:00:00.000+0000,1029332.2555322729,783288.560452377,824814.8634789936,1102886.5893945834,499654.96573085536,1003595.37263352,1003595.37263352
2025-04-08T21:10:00.000+0000,1029923.700497473,783288.560452377,823837.9331964375,1106832.6796448634,499654.96573085536,1003595.37263352,1003595.37263352
2025-04-08T21:20:00.000+0000,1029593.681484065,783288.560452377,823504.046768408,1107790.6487260074,499654.96573085536,1003595.37263352,1003595.37263352
2025-04-08T21:30:00.000+0000,1029473.6982574968,783288.560452377,821819.8247089103,1107577.9379708553,499654.96573085536,1003595.37263352,1003595.37263352
2025-04-08T21:40:00.000+0000,1028842.8637891288,783288.560452377,826231.0889382875,1105749.7276101355,499654.96573085536,1003595.37263352,1003595.37263352
2025-04-08T21:50:00.000+0000,1028783.0635975851,783288.560452377,826281.7245831867,1104963.8889743832,499654.96573085536,1003595.37263352,1003595.37263352
2025-04-08T22:00:00.000+0000,1028702.880045785,783288.560452377,820805.2848762833,1105893.7735910872,499654.96573085536,1003595.37263352,1003595.37263352
2025-04-08T22:10:00.000+0000,1029173.6410054889,783288.560452377,822033.8032485256,1107591.8182977033,499654.96573085536,1003595.37263352,1003595.37263352
2025-04-08T22:20:00.000+0000,1028832.6588496169,783288.560452377,818804.6907650122,1108056.8505540395,499654.96573085536,1003595.37263352,1003595.37263352
2025-04-08T22:30:00.000+0000,1029528.0120616651,783288.560452377,815884.7105603857,1107605.2783710232,499654.96573085536,1003595.37263352,1003595.37263352
2025-04-08T22:40:00.000+0000,1030877.612307033,783288.560452377,816965.3481978016,1109996.7588049031,499654.96573085536,1003595.37263352,1003595.37263352
2025-04-08T22:50:00.000+0000,1029838.519446873,783288.560452377,819630.1107857997,1107979.5073681273,499654.96573085536,1003595.37263352,1003595.37263352
2025-04-08T23:00:00.000+0000,1030004.3538231531,783288.560452377,820338.4810809912,1108384.1425807835,499654.96573085536,1003595.37263352,1003595.37263352
2025-04-08T23:10:00.000+0000,1030803.954270641,783288.560452377,818601.8077993304,1109217.2989620315,499654.96573085536,1003595.37263352,1003595.37263352
2025-04-08T23:20:00.000+0000,1030490.0680706489,783288.560452377,820099.8893865615,1108196.0190501034,499654.96573085536,1003595.37263352,1003595.37263352
2025-04-08T23:30:00.000+0000,1030735.5053436249,783288.560452377,821705.9757499536,1108795.8314060313,499654.96573085536,1003595.37263352,1003595.37263352
2025-04-08T23:40:00.000+0000,1030998.549899497,783288.560452377,821484.6735437608,1109530.8930758794,499654.96573085536,1003595.37263352,1003595.37263352
2025-04-08T23:50:00.000+0000,1031172.655283673,783288.560452377,821784.8479863567,1109513.6304570313,499654.96573085536,1003595.37263352,1003595.37263352
2025-04-09T00:00:00.000+0000,1031139.502956769,783288.560452377,817567.7316816642,1108521.8226485434,499654.96573085536,1003595.37263352,1003595.37263352
2025-04-09T00:10:00.000+0000,1030058.6353331769,783288.560452377,822053.8984580578,1105712.0069108554,499654.96573085536,1003595.37263352,1003595.37263352
2025-04-09T00:20:00.000+0000,1030765.885979657,783288.560452377,824096.7359113996,1105121.7073186236,499654.96573085536,1003595.37263352,1003595.37263352
2025-04-09T00:30:00.000+0000,1030221.634529417,783288.560452377,821575.678001604,1105253.8569242952,499654.96573085536,1003595.37263352,1003595.37263352
2025-04-09T00:40:00.000+0000,1032011.8065951369,783288.560452377,819657.2616063559,1107555.8544218396,499654.96573085536,1003595.37263352,1003595.37263352
2025-04-09T00:50:00.000+0000,1032422.6442118969,783288.560452377,818108.0268553352,1108517.9098912554,499654.96573085536,1003595.37263352,1003595.37263352
2025-04-09T01:00:00.000+0000,1032807.471463609,783288.560452377,811234.022952365,1110826.0351326792,499654.96573085536,1003595.37263352,1003595.37263352
2025-04-09T01:10:00.000+0000,1035089.215776673,783288.560452377,799268.5830016148,1116442.5661204313,499654.96573085536,1003595.37263352,1003595.37263352
2025-04-09T01:20:00.000+0000,1037799.4807287529,783288.560452377,790678.4461255812,1123093.3981948313,499654.96573085536,1003595.37263352,1003595.37263352
2025-04-09T01:30:00.000+0000,1035325.985299401,783288.560452377,793908.8869214742,1118180.9369403273,499654.96573085536,1003595.37263352,1003595.37263352
2025-04-09T01:40:00.000+0000,1032880.902191993,783288.560452377,803057.5289200761,1113066.8817201194,499654.96573085536,1003595.37263352,1003595.37263352
2025-04-09T01:50:00.000+0000,1032748.1859100249,783288.560452377,808918.8286624742,1113000.305283911,499654.96573085536,1003595.37263352,1003595.37263352
2025-04-09T02:00:00.000+0000,1031404.6040760729,783288.560452377,813635.2404750986,1110519.8248070714,499654.96573085536,1003595.37263352,1003595.37263352
2025-04-09T02:10:00.000+0000,1031338.831756057,783288.560452377,814803.0308739909,1110457.4888857354,499654.96573085536,1003595.37263352,1003595.37263352
2025-04-09T02:20:00.000+0000,1031794.131744441,783288.560452377,809871.6276714867,1112629.5568801034,499654.96573085536,1003595.37263352,1003595.37263352
2025-04-09T02:30:00.000+0000,1030864.345269161,783288.560452377,810377.3966767178,1113773.5118134394,499654.96573085536,1003595.37263352,1003595.37263352
2025-04-09T02:40:00.000+0000,1031516.9177432009,783288.560452377,806099.2905048099,1114110.1069617274,499654.96573085536,1003595.37263352,1003595.37263352
2025-04-09T02:50:00.000+0000,1032129.100384977,783288.560452377,804755.0450942387,1114633.2337052634,499654.96573085536,1003595.37263352,1003595.37263352
2025-04-09T03:00:00.000+0000,1032502.0634956011,783288.560452377,802950.3337928184,1114291.9273389673,499654.96573085536,1003595.37263352,1003595.37263352
2025-04-09T03:10:00.000+0000,1032802.038283633,783288.560452377,804565.6374092721,1114002.6488370553,499654.96573085536,1003595.37263352,1003595.37263352
2025-04-09T03:20:00.000+0000,1033487.337015705,783288.560452377,802573.5878275243,1115490.9336659273,499654.96573085536,1003595.37263352,1003595.37263352
2025-04-09T03:30:00.000+0000,1033831.2436501209,783288.560452377,802729.7083434088,1116459.1880622313,499654.96573085536,1003595.37263352,1003595.37263352
2025-04-09T03:40:00.000+0000,1034071.4912381689,783288.560452377,799311.5111669588,1118307.3768673993,499654.96573085536,1003595.37263352,1003595.37263352
2025-04-09T03:50:00.000+0000,1033669.712938153,783288.560452377,801564.1155192491,1117798.5704883994,499654.96573085536,1003595.37263352,1003595.37263352
2025-04-09T04:00:00.000+0000,1031810.4799953691,783288.560452377,801267.0402068949,1114149.5477738155,499654.96573085536,1003595.37263352,1003595.37263352
2025-04-09T04:10:00.000+0000,1031346.9671825051,783288.560452377,805411.3064581542,1112729.1701656713,499654.96573085536,1003595.37263352,1003595.37263352
2025-04-09T04:20:00.000+0000,1032163.096526289,783288.560452377,806034.365306895,1114472.0053312313,499654.96573085536,1003595.37263352,1003595.37263352
2025-04-09T04:30:00.000+0000,1029732.557664169,783288.560452377,808809.3805767256,1109543.5264810636,499654.96573085536,1003595.37263352,1003595.37263352
2025-04-09T04:40:00.000+0000,1029433.698522905,783288.560452377,816044.2164341949,1108097.8442528232,499654.96573085536,1003595.37263352,1003595.37263352
2025-04-09T04:50:00.000+0000,1029967.9716621849,783288.560452377,815259.1518476831,1108473.9431727913,499654.96573085536,1003595.37263352,1003595.37263352
2025-04-09T05:00:00.000+0000,1029819.938623433,783288.560452377,815111.4115706095,1109047.4906474473,499654.96573085536,1003595.37263352,1003595.37263352
2025-04-09T05:10:00.000+0000,1029086.4397023849,783288.560452377,818092.4657955009,1107287.3351492474,499654.96573085536,1003595.37263352,1003595.37263352
2025-04-09T05:20:00.000+0000,1027699.569756649,783288.560452377,819477.1263881444,1103871.0431210473,499654.96573085536,1003595.37263352,1003595.37263352
2025-04-09T05:30:00.000+0000,1028535.1188022331,783288.560452377,819068.552624901,1105017.9990516633,499654.96573085536,1003595.37263352,1003595.37263352
2025-04-09T05:40:00.000+0000,1029290.090481321,783288.560452377,818339.1568668124,1105110.4110328872,499654.96573085536,1003595.37263352,1003595.37263352
2025-04-09T05:50:00.000+0000,1029269.8850286249,783288.560452377,819425.1015742003,1105150.9958590313,499654.96573085536,1003595.37263352,1003595.37263352
2025-04-09T06:00:00.000+0000,1028423.9404161529,783288.560452377,821218.7953109073,1102192.3304863912,499654.96573085536,1003595.37263352,1003595.37263352
2025-04-09T06:10:00.000+0000,1027360.8658067529,783288.560452377,825445.1867830907,1099391.3741954712,499654.96573085536,1003595.37263352,1003595.37263352
2025-04-09T06:20:00.000+0000,1028776.234045601,783288.560452377,823065.548952915,1101404.3467281114,499654.96573085536,1003595.37263352,1003595.37263352
2025-04-09T06:30:00.000+0000,1029356.2821855609,783288.560452377,822824.3769796434,1099539.9936846874,499654.96573085536,1003595.37263352,1003595.37263352
2025-04-09T06:40:00.000+0000,1028820.451843041,783288.560452377,823189.8454268784,1097316.4378335834,499654.96573085536,1003595.37263352,1003595.37263352
2025-04-09T06:50:00.000+0000,1029001.122860505,783288.560452377,822175.7950054372,1098372.5604989913,499654.96573085536,1003595.37263352,1003595.37263352
2025-04-09T07:00:00.000+0000,1026592.9552270729,783288.560452377,822910.4951684797,1092851.4804793273,499654.96573085536,1003595.37263352,1003595.37263352
2025-04-09T07:10:00.000+0000,1026887.134125529,783288.560452377,829692.1167126461,1091257.8783117833,499654.96573085536,1003595.37263352,1003595.37263352
2025-04-09T07:20:00.000+0000,1026643.818823617,783288.560452377,829007.5408015831,1091916.8174184393,499654.96573085536,1003595.37263352,1003595.37263352
2025-04-09T07:30:00.000+0000,1026279.5847941369,783288.560452377,833181.7364529877,1090881.3571199034,499654.96573085536,1003595.37263352,1003595.37263352
2025-04-09T07:40:00.000+0000,1026118.5267936969,783288.560452377,834238.6003376412,1090923.3042952954,499654.96573085536,1003595.37263352,1003595.37263352
2025-04-09T07:50:00.000+0000,1026669.153999249,783288.560452377,833294.7323540066,1090519.5356688153,499654.96573085536,1003595.37263352,1003595.37263352
2025-04-09T08:00:00.000+0000,1026613.173279681,783288.560452377,830709.3340786155,1090702.0326143675,499654.96573085536,1003595.37263352,1003595.37263352
2025-04-09T08:10:00.000+0000,1026914.603642321,783288.560452377,829629.4769271065,1093680.1532503355,499654.96573085536,1003595.37263352,1003595.37263352
2025-04-09T08:20:00.000+0000,1025932.0353263209,783288.560452377,831237.6015916213,1091051.8421426874,499654.96573085536,1003595.37263352,1003595.37263352
2025-04-09T08:30:00.000+0000,1026902.064941313,783288.560452377,828324.8970925765,1092682.6249319194,499654.96573085536,1003595.37263352,1003595.37263352
2025-04-09T08:40:00.000+0000,1027634.2477161209,783288.560452377,828306.6461760232,1093967.3408862792,499654.96573085536,1003595.37263352,1003595.37263352
2025-04-09T08:50:00.000+0000,1027137.3250325529,783288.560452377,829141.0036253764,1092152.7897893994,499654.96573085536,1003595.37263352,1003595.37263352
2025-04-09T09:00:00.000+0000,1026806.542000849,783288.560452377,831402.974756687,1090259.2138330233,499654.96573085536,1003595.37263352,1003595.37263352
2025-04-09T09:10:00.000+0000,1026729.048685137,783288.560452377,829714.5924606114,1089905.9448644712,499654.96573085536,1003595.37263352,1003595.37263352
2025-04-09T09:20:00.000+0000,1027086.9067095049,783288.560452377,828416.3882787284,1092667.4097737912,499654.96573085536,1003595.37263352,1003595.37263352
2025-04-09T09:30:00.000+0000,1027232.1768303609,783288.560452377,827016.1066012369,1094536.4956978792,499654.96573085536,1003595.37263352,1003595.37263352
2025-04-09T09:40:00.000+0000,1027308.601821417,783288.560452377,828540.7769543726,1094290.3177778954,499654.96573085536,1003595.37263352,1003595.37263352
2025-04-09T09:50:00.000+0000,1026955.0783766089,783288.560452377,830021.3990661064,1094181.6321659994,499654.96573085536,1003595.37263352,1003595.37263352
2025-04-09T10:00:00.000+0000,1026980.675852233,783288.560452377,828308.2853806976,1094665.6316264232,499654.96573085536,1003595.37263352,1003595.37263352
2025-04-09T10:10:00.000+0000,1026449.8757123289,783288.560452377,830000.3151700632,1091915.8451568712,499654.96573085536,1003595.37263352,1003595.37263352
2025-04-09T10:20:00.000+0000,1027024.865762001,783288.560452377,829064.2332117795,1093543.9514290313,499654.96573085536,1003595.37263352,1003595.37263352
2025-04-09T10:30:00.000+0000,1027361.363848001,783288.560452377,826188.7201447177,1093884.9330952952,499654.96573085536,1003595.37263352,1003595.37263352
2025-04-09T10:40:00.000+0000,1026997.2127721049,783288.560452377,827564.6089320172,1093810.1535568233,499654.96573085536,1003595.37263352,1003595.37263352
2025-04-09T10:50:00.000+0000,1025844.689179185,783288.560452377,830844.9418748906,1089668.5986434715,499654.96573085536,1003595.37263352,1003595.37263352
2025-04-09T11:00:00.000+0000,1027125.522132433,783288.560452377,815228.5543116792,1093010.7355732473,499654.96573085536,1003595.37263352,1003595.37263352
2025-04-09T11:10:00.000+0000,1028880.5739368569,783288.560452377,816926.8654414264,1097238.6756631273,499654.96573085536,1003595.37263352,1003595.37263352
2025-04-09T11:20:00.000+0000,1029079.292724545,783288.560452377,815947.9976089185,1098783.2499643674,499654.96573085536,1003595.37263352,1003595.37263352
2025-04-09T11:30:00.000+0000,1029074.225051929,783288.560452377,810327.3825570494,1099495.3906057193,499654.96573085536,1003595.37263352,1003595.37263352
2025-04-09T11:40:00.000+0000,1029469.904604849,783288.560452377,808905.7095700307,1100665.8293550392,499654.96573085536,1003595.37263352,1003595.37263352
2025-04-09T11:50:00.000+0000,1029785.957310249,783288.560452377,812477.4178026674,1101040.3738695274,499654.96573085536,1003595.37263352,1003595.37263352
2025-04-09T12:00:00.000+0000,1029765.9270173131,783288.560452377,811408.0853080163,1100450.4865072472,499654.96573085536,1003595.37263352,1003595.37263352
2025-04-09T12:10:00.000+0000,1029272.7113857289,783288.560452377,814104.4419792378,1099764.3928316394,499654.96573085536,1003595.37263352,1003595.37263352
2025-04-09T12:20:00.000+0000,1029809.6808562169,783288.560452377,811062.4919578969,1101160.1831453673,499654.96573085536,1003595.37263352,1003595.37263352
2025-04-09T12:30:00.000+0000,1030958.2290520009,783288.560452377,808438.2734644226,1105083.7849807832,499654.96573085536,1003595.37263352,1003595.37263352
2025-04-09T12:40:00.000+0000,1029323.386393265,783288.560452377,811544.7284192888,1100484.2266535193,499654.96573085536,1003595.37263352,1003595.37263352
2025-04-09T12:50:00.000+0000,1028617.0645131769,783288.560452377,818578.1733597347,1098618.108033687,499654.96573085536,1003595.37263352,1003595.37263352
2025-04-09T13:00:00.000+0000,1027956.654424249,783288.560452377,819032.3391479207,1097962.8191445195,499654.96573085536,1003595.37263352,1003595.37263352
2025-04-09T13:10:00.000+0000,1028276.774852865,783288.560452377,818678.9228201807,1099426.8582954635,499654.96573085536,1003595.37263352,1003595.37263352
2025-04-09T13:20:00.000+0000,1028673.045792297,783288.560452377,816561.0104447606,1100049.9400909354,499654.96573085536,1003595.37263352,1003595.37263352
2025-04-09T13:30:00.000+0000,1026133.2048418568,783288.560452377,819867.1398986897,1093592.5487300633,499654.96573085536,1003595.37263352,1003595.37263352
2025-04-09T13:40:00.000+0000,1024867.9235872889,783288.560452377,825880.2485253508,1091122.0199454953,499654.96573085536,1003595.37263352,1003595.37263352
2025-04-09T13:50:00.000+0000,1025664.923976489,783288.560452377,828846.4835964595,1091414.0060895595,499654.96573085536,1003595.37263352,1003595.37263352
2025-04-09T14:00:00.000+0000,1025142.674240785,783288.560452377,829039.5071346241,1088992.4163623995,499654.96573085536,1003595.37263352,1003595.37263352
2025-04-09T14:10:00.000+0000,1026583.1153053129,783288.560452377,827446.9971339109,1093278.4189351033,499654.96573085536,1003595.37263352,1003595.37263352
2025-04-09T14:20:00.000+0000,1025976.0481978329,783288.560452377,830597.509693461,1092433.8968037353,499654.96573085536,1003595.37263352,1003595.37263352
2025-04-09T14:30:00.000+0000,1024928.790774553,783288.560452377,831489.9752200337,1091403.0186765273,499654.96573085536,1003595.37263352,1003595.37263352
2025-04-09T14:40:00.000+0000,1025427.581482505,783288.560452377,828752.785248652,1093670.3581626795,499654.96573085536,1003595.37263352,1003595.37263352
2025-04-09T14:50:00.000+0000,1026851.049566289,783288.560452377,824918.626047547,1097515.9266747353,499654.96573085536,1003595.37263352,1003595.37263352
2025-04-09T15:00:00.000+0000,1026274.4884644649,783288.560452377,826603.4983301322,1097226.5959646234,499654.96573085536,1003595.37263352,1003595.37263352
2025-04-09T15:10:00.000+0000,1025409.9815037609,783288.560452377,830070.58633074,1096331.5955681994,499654.96573085536,1003595.37263352,1003595.37263352
2025-04-09T15:20:00.000+0000,1025259.6065800169,783288.560452377,831997.6458603803,1095205.6823099672,499654.96573085536,1003595.37263352,1003595.37263352
2025-04-09T15:30:00.000+0000,1025078.115798889,783288.560452377,829003.9123656505,1095006.6323674151,499654.96573085536,1003595.37263352,1003595.37263352
2025-04-09T15:40:00.000+0000,1025093.1093444489,783288.560452377,828494.8625096929,1094906.1912346554,499654.96573085536,1003595.37263352,1003595.37263352
2025-04-09T15:50:00.000+0000,1025050.0214323769,783288.560452377,829514.7190885085,1094452.6925141034,499654.96573085536,1003595.37263352,1003595.37263352
2025-04-09T16:00:00.000+0000,1024223.4878686329,783288.560452377,829646.9556836017,1093830.8177722152,499654.96573085536,1003595.37263352,1003595.37263352
2025-04-09T16:10:00.000+0000,1023498.9612340089,783288.560452377,833530.3769391077,1090600.1821100074,499654.96573085536,1003595.37263352,1003595.37263352
2025-04-09T16:20:00.000+0000,1024536.034091465,783288.560452377,833228.8240589758,1091603.3502329674,499654.96573085536,1003595.37263352,1003595.37263352
2025-04-09T16:30:00.000+0000,1023693.712178513,783288.560452377,833852.8392117784,1089776.9757323833,499654.96573085536,1003595.37263352,1003595.37263352
2025-04-09T16:40:00.000+0000,1024153.202032321,783288.560452377,835995.8858111491,1090115.4636852152,499654.96573085536,1003595.37263352,1003595.37263352
2025-04-09T16:50:00.000+0000,1023680.499716945,783288.560452377,838031.6499286188,1089504.2740783754,499654.96573085536,1003595.37263352,1003595.37263352
2025-04-09T17:00:00.000+0000,1022141.4163994009,783288.560452377,841882.721556823,1086168.5805597433,499654.96573085536,1003595.37263352,1003595.37263352
2025-04-09T17:10:00.000+0000,1022732.8724856969,783288.560452377,836285.0212617317,1082708.1926065274,499654.96573085536,1003595.37263352,1003595.37263352
2025-04-09T17:20:00.000+0000,1015309.3201024809,783288.560452377,853096.1615899254,1066781.5270202234,499654.96573085536,1003595.37263352,1003595.37263352
2025-04-09T17:30:00.000+0000,1011120.611382377,783288.560452377,884824.3456862271,1058524.7623705033,499654.96573085536,1003595.37263352,1003595.37263352
2025-04-09T17:40:00.000+0000,1009952.709072281,783288.560452377,887197.4250701201,1052958.5512046635,499654.96573085536,1003595.37263352,1003595.37263352
2025-04-09T17:50:00.000+0000,1008615.379452553,783288.560452377,894678.4119438424,1047873.8602941993,499654.96573085536,1003595.37263352,1003595.37263352
2025-04-09T18:00:00.000+0000,1009034.701206569,783288.560452377,901107.0936936443,1049520.1149859994,499654.96573085536,1003595.37263352,1003595.37263352
2025-04-09T18:10:00.000+0000,1008318.001085721,783288.560452377,905271.5751866042,1044106.9366858474,499654.96573085536,1003595.37263352,1003595.37263352
2025-04-09T18:20:00.000+0000,1008621.0423286251,783288.560452377,913796.6986962871,1045285.2982118713,499654.96573085536,1003595.37263352,1003595.37263352
2025-04-09T18:30:00.000+0000,1008728.1715266488,783288.560452377,911909.2530078054,1045878.9090130153,499654.96573085536,1003595.37263352,1003595.37263352
2025-04-09T18:40:00.000+0000,1009097.234869585,783288.560452377,903683.7989867041,1048035.6163357594,499654.96573085536,1003595.37263352,1003595.37263352
2025-04-09T18:50:00.000+0000,1009858.989158241,783288.560452377,901461.6587774395,1051670.7441051994,499654.96573085536,1003595.37263352,1003595.37263352
2025-04-09T19:00:00.000+0000,1010440.252755057,783288.560452377,902305.9354199655,1052253.3798534153,499654.96573085536,1003595.37263352,1003595.37263352
2025-04-09T19:10:00.000+0000,1010057.625471961,783288.560452377,905811.4788651774,1050109.2828643275,499654.96573085536,1003595.37263352,1003595.37263352
2025-04-09T19:20:00.000+0000,1010252.8655348569,783288.560452377,909736.3453234341,1048609.4997914152,499654.96573085536,1003595.37263352,1003595.37263352
2025-04-09T19:30:00.000+0000,1010692.0788928489,783288.560452377,908450.1455594087,1049589.8867439034,499654.96573085536,1003595.37263352,1003595.37263352
2025-04-09T19:40:00.000+0000,1010615.102433321,783288.560452377,907276.280759665,1050576.5357827113,499654.96573085536,1003595.37263352,1003595.37263352
2025-04-09T19:50:00.000+0000,1009991.839432929,783288.560452377,907790.0059654305,1049536.4674335674,499654.96573085536,1003595.37263352,1003595.37263352
2025-04-09T20:00:00.000+0000,1009567.4774543209,783288.560452377,909419.4133990287,1048027.7865645913,499654.96573085536,1003595.37263352,1003595.37263352
2025-04-09T20:10:00.000+0000,1009470.660150177,783288.560452377,910054.0572328888,1048303.1488184154,499654.96573085536,1003595.37263352,1003595.37263352
2025-04-09T20:20:00.000+0000,1009462.9187782329,783288.560452377,908287.218412838,1048623.1652103274,499654.96573085536,1003595.37263352,1003595.37263352
2025-04-09T20:30:00.000+0000,1009129.006971553,783288.560452377,908625.6912263058,1048415.1109769753,499654.96573085536,1003595.37263352,1003595.37263352
2025-04-09T20:40:00.000+0000,1009224.479382473,783288.560452377,911436.4953625472,1048758.7255452313,499654.96573085536,1003595.37263352,1003595.37263352
2025-04-09T20:50:00.000+0000,1008065.940675497,783288.560452377,913807.2758482439,1045222.6733019113,499654.96573085536,1003595.37263352,1003595.37263352
2025-04-09T21:00:00.000+0000,1007588.100213929,783288.560452377,916299.9757661404,1043471.2106338794,499654.96573085536,1003595.37263352,1003595.37263352
2025-04-09T21:10:00.000+0000,1007716.6339945769,783288.560452377,918712.5303310892,1044615.4069539513,499654.96573085536,1003595.37263352,1003595.37263352
2025-04-09T21:20:00.000+0000,1008043.861223201,783288.560452377,917781.5621948501,1044995.5383853273,499654.96573085536,1003595.37263352,1003595.37263352
2025-04-09T21:30:00.000+0000,1008487.508141505,783288.560452377,913806.8770290129,1046405.9257520633,499654.96573085536,1003595.37263352,1003595.37263352
2025-04-09T21:40:00.000+0000,1008094.2079435769,783288.560452377,915294.1972667072,1046964.4002647435,499654.96573085536,1003595.37263352,1003595.37263352
2025-04-09T21:50:00.000+0000,1007983.057315273,783288.560452377,917066.9891229314,1046979.2804011034,499654.96573085536,1003595.37263352,1003595.37263352
2025-04-09T22:00:00.000+0000,1008144.7690223289,783288.560452377,918115.95868329,1046881.7684830955,499654.96573085536,1003595.37263352,1003595.37263352
2025-04-09T22:10:00.000+0000,1008550.5967102409,783288.560452377,920103.1016061644,1047517.3170071993,499654.96573085536,1003595.37263352,1003595.37263352
2025-04-09T22:20:00.000+0000,1008612.278355417,783288.560452377,920452.5131613327,1047656.1945861832,499654.96573085536,1003595.37263352,1003595.37263352
2025-04-09T22:30:00.000+0000,1008830.4009076649,783288.560452377,919516.2272414718,1047981.6138723193,499654.96573085536,1003595.37263352,1003595.37263352
2025-04-09T22:40:00.000+0000,1009503.3553930409,783288.560452377,917337.2612356534,1049321.2061804475,499654.96573085536,1003595.37263352,1003595.37263352
2025-04-09T22:50:00.000+0000,1009207.357221169,783288.560452377,916960.2922692834,1049906.8763591754,499654.96573085536,1003595.37263352,1003595.37263352
2025-04-09T23:00:00.000+0000,1008877.6468206729,783288.560452377,916168.2341894868,1049517.0426058716,499654.96573085536,1003595.37263352,1003595.37263352
2025-04-09T23:10:00.000+0000,1009278.1384808249,783288.560452377,913274.0405603413,1052849.3000755433,499654.96573085536,1003595.37263352,1003595.37263352
2025-04-09T23:20:00.000+0000,1009680.236424921,783288.560452377,912268.5770043066,1053980.1430768233,499654.96573085536,1003595.37263352,1003595.37263352
2025-04-09T23:30:00.000+0000,1009813.8965811849,783288.560452377,913385.6451638725,1053999.1757484954,499654.96573085536,1003595.37263352,1003595.37263352
2025-04-09T23:40:00.000+0000,1009860.7559736569,783288.560452377,914300.0281576462,1054894.1422320714,499654.96573085536,1003595.37263352,1003595.37263352
2025-04-09T23:50:00.000+0000,1010263.948351505,783288.560452377,913985.6971077311,1054326.3030471273,499654.96573085536,1003595.37263352,1003595.37263352
2025-04-10T00:00:00.000+0000,1010377.126066841,783288.560452377,912420.6289844364,1054398.5860044633,499654.96573085536,1003595.37263352,1003595.37263352
2025-04-10T00:10:00.000+0000,1011315.3497669369,783288.560452377,910833.0599477073,1057393.2673512553,499654.96573085536,1003595.37263352,1003595.37263352
2025-04-10T00:20:00.000+0000,1011568.4230162409,783288.560452377,909757.5439216094,1057713.5622102155,499654.96573085536,1003595.37263352,1003595.37263352
2025-04-10T00:30:00.000+0000,1012732.0306848009,783288.560452377,905406.9508421621,1061186.7647235754,499654.96573085536,1003595.37263352,1003595.37263352
2025-04-10T00:40:00.000+0000,1013738.6682799609,783288.560452377,902161.3958023788,1064148.0067232633,499654.96573085536,1003595.37263352,1003595.37263352
2025-04-10T00:50:00.000+0000,1013051.9457178649,783288.560452377,902429.7805081639,1061653.4712793992,499654.96573085536,1003595.37263352,1003595.37263352
2025-04-10T01:00:00.000+0000,1012745.9784776329,783288.560452377,906218.4283942822,1061827.9872648313,499654.96573085536,1003595.37263352,1003595.37263352
2025-04-10T01:10:00.000+0000,1013158.9324899209,783288.560452377,905592.6024576774,1062222.7156892633,499654.96573085536,1003595.37263352,1003595.37263352
2025-04-10T01:20:00.000+0000,1013265.8826313049,783288.560452377,903895.8761148448,1062084.7534773992,499654.96573085536,1003595.37263352,1003595.37263352
2025-04-10T01:30:00.000+0000,1013642.0051124089,783288.560452377,900958.3268211267,1062057.6000775113,499654.96573085536,1003595.37263352,1003595.37263352
2025-04-10T01:40:00.000+0000,1013493.805487033,783288.560452377,902940.2178698634,1061040.4390778155,499654.96573085536,1003595.37263352,1003595.37263352
2025-04-10T01:50:00.000+0000,1013504.584516905,783288.560452377,903053.4986839155,1060476.9709732074,499654.96573085536,1003595.37263352,1003595.37263352
2025-04-10T02:00:00.000+0000,1013471.9091381369,783288.560452377,902208.743621071,1061108.4611965516,499654.96573085536,1003595.37263352,1003595.37263352
2025-04-10T02:10:00.000+0000,1013132.3297891209,783288.560452377,905520.0051406097,1059349.0363633514,499654.96573085536,1003595.37263352,1003595.37263352
2025-04-10T02:20:00.000+0000,1012919.508602385,783288.560452377,905983.1437534813,1060076.5885855672,499654.96573085536,1003595.37263352,1003595.37263352
2025-04-10T02:30:00.000+0000,1013040.573383017,783288.560452377,904359.108816341,1060784.0440180874,499654.96573085536,1003595.37263352,1003595.37263352
2025-04-10T02:40:00.000+0000,1013253.746268169,783288.560452377,902692.0259053286,1061946.5381681754,499654.96573085536,1003595.37263352,1003595.37263352
2025-04-10T02:50:00.000+0000,1013730.748091185,783288.560452377,901928.3022438292,1063073.9525145753,499654.96573085536,1003595.37263352,1003595.37263352
2025-04-10T03:00:00.000+0000,1014199.3397377289,783288.560452377,899553.4089459751,1066064.327359327,499654.96573085536,1003595.37263352,1003595.37263352
2025-04-10T03:10:00.000+0000,1014861.0507151131,783288.560452377,890721.113502884,1068176.1370089673,499654.96573085536,1003595.37263352,1003595.37263352
2025-04-10T03:20:00.000+0000,1016519.7460564249,783288.560452377,889731.8432277057,1072247.7694950474,499654.96573085536,1003595.37263352,1003595.37263352
2025-04-10T03:30:00.000+0000,1016176.869337417,783288.560452377,888808.1025766946,1070348.0649554634,499654.96573085536,1003595.37263352,1003595.37263352
2025-04-10T03:40:00.000+0000,1016307.114957497,783288.560452377,891431.7118504555,1070869.3302093835,499654.96573085536,1003595.37263352,1003595.37263352
2025-04-10T03:50:00.000+0000,1015826.602275417,783288.560452377,891534.5741245743,1069740.3564515114,499654.96573085536,1003595.37263352,1003595.37263352
2025-04-10T04:00:00.000+0000,1015743.519474873,783288.560452377,892644.4408138918,1069374.7006703434,499654.96573085536,1003595.37263352,1003595.37263352
2025-04-10T04:10:00.000+0000,1016297.078852809,783288.560452377,892115.5911693029,1070051.2303632633,499654.96573085536,1003595.37263352,1003595.37263352
2025-04-10T04:20:00.000+0000,1016403.1987788971,783288.560452377,891323.1281264459,1069813.7371699354,499654.96573085536,1003595.37263352,1003595.37263352
2025-04-10T04:30:00.000+0000,1017275.6607305129,783288.560452377,890471.7003981862,1071007.3955386872,499654.96573085536,1003595.37263352,1003595.37263352
2025-04-10T04:40:00.000+0000,1016654.563815865,783288.560452377,893624.0451509798,1070047.7777375754,499654.96573085536,1003595.37263352,1003595.37263352
2025-04-10T04:50:00.000+0000,1016582.0625133449,783288.560452377,895064.1009092387,1069232.9066963433,499654.96573085536,1003595.37263352,1003595.37263352
2025-04-10T05:00:00.000+0000,1016029.9044934249,783288.560452377,894736.2851617502,1068734.2538979752,499654.96573085536,1003595.37263352,1003595.37263352
2025-04-10T05:10:00.000+0000,1016115.0230740409,783288.560452377,896018.2493807138,1068481.2537601353,499654.96573085536,1003595.37263352,1003595.37263352
2025-04-10T05:20:00.000+0000,1015790.7910873049,783288.560452377,896568.2534185102,1067676.0125788474,499654.96573085536,1003595.37263352,1003595.37263352
2025-04-10T05:30:00.000+0000,1015693.190860001,783288.560452377,896984.0321308129,1067081.8078432314,499654.96573085536,1003595.37263352,1003595.37263352
2025-04-10T05:40:00.000+0000,1015395.009655953,783288.560452377,896360.3217086168,1068772.5341592473,499654.96573085536,1003595.37263352,1003595.37263352
2025-04-10T05:50:00.000+0000,1015570.7403288571,783288.560452377,895788.2429062466,1067668.2532612714,499654.96573085536,1003595.37263352,1003595.37263352
2025-04-10T06:00:00.000+0000,1015288.338061553,783288.560452377,897127.27448596,1066230.7739954074,499654.96573085536,1003595.37263352,1003595.37263352
2025-04-10T06:10:00.000+0000,1015188.1462192009,783288.560452377,898914.2564408212,1063345.8183577673,499654.96573085536,1003595.37263352,1003595.37263352
2025-04-10T06:20:00.000+0000,1015399.7535577929,783288.560452377,897133.3642059993,1063587.3128574875,499654.96573085536,1003595.37263352,1003595.37263352
2025-04-10T06:30:00.000+0000,1015568.8415291129,783288.560452377,895430.8424551599,1063980.6517943994,499654.96573085536,1003595.37263352,1003595.37263352
2025-04-10T06:40:00.000+0000,1016029.5648753371,783288.560452377,894337.9766207357,1066386.8480262153,499654.96573085536,1003595.37263352,1003595.37263352
2025-04-10T06:50:00.000+0000,1015915.1600724569,783288.560452377,895421.2328217727,1066380.9688932872,499654.96573085536,1003595.37263352,1003595.37263352
2025-04-10T07:00:00.000+0000,1015680.728028249,783288.560452377,895709.6582657539,1066211.7328505195,499654.96573085536,1003595.37263352,1003595.37263352
2025-04-10T07:10:00.000+0000,1015526.738418569,783288.560452377,895061.3231255835,1066155.8780101673,499654.96573085536,1003595.37263352,1003595.37263352
2025-04-10T07:20:00.000+0000,1016034.618818945,783288.560452377,893121.8464614697,1066713.2087386074,499654.96573085536,1003595.37263352,1003595.37263352
2025-04-10T07:30:00.000+0000,1017437.5007148649,783288.560452377,884477.0026861875,1070008.6226367352,499654.96573085536,1003595.37263352,1003595.37263352
2025-04-10T07:40:00.000+0000,1017344.176553969,783288.560452377,885548.7642525606,1070393.6459314874,499654.96573085536,1003595.37263352,1003595.37263352
2025-04-10T07:50:00.000+0000,1017621.3636267689,783288.560452377,887385.9964474759,1071180.5833974713,499654.96573085536,1003595.37263352,1003595.37263352
2025-04-10T08:00:00.000+0000,1017351.169694977,783288.560452377,886141.5307967615,1070613.133940495,499654.96573085536,1003595.37263352,1003595.37263352
2025-04-10T08:10:00.000+0000,1017428.812291169,783288.560452377,887107.5325146915,1073027.4840339993,499654.96573085536,1003595.37263352,1003595.37263352
2025-04-10T08:20:00.000+0000,1017625.0076492169,783288.560452377,886309.4766750371,1073125.9848902232,499654.96573085536,1003595.37263352,1003595.37263352
2025-04-10T08:30:00.000+0000,1017822.537318961,783288.560452377,883825.9479182907,1073549.0433724634,499654.96573085536,1003595.37263352,1003595.37263352
2025-04-10T08:40:00.000+0000,1017705.5141824251,783288.560452377,884408.7564122472,1075001.9318610793,499654.96573085536,1003595.37263352,1003595.37263352
2025-04-10T08:50:00.000+0000,1017946.6962123209,783288.560452377,885585.4274162856,1075770.8121143994,499654.96573085536,1003595.37263352,1003595.37263352
2025-04-10T09:00:00.000+0000,1017807.3300045531,783288.560452377,884053.773782657,1075700.8909860875,499654.96573085536,1003595.37263352,1003595.37263352
2025-04-10T09:10:00.000+0000,1016824.4770764251,783288.560452377,884143.9615982573,1074205.5726785033,499654.96573085536,1003595.37263352,1003595.37263352
2025-04-10T09:20:00.000+0000,1016992.0374508009,783288.560452377,887803.0477040305,1074751.8742773114,499654.96573085536,1003595.37263352,1003595.37263352
2025-04-10T09:30:00.000+0000,1016918.558251225,783288.560452377,888401.2993183783,1074829.4136161753,499654.96573085536,1003595.37263352,1003595.37263352
2025-04-10T09:40:00.000+0000,1017431.8207724569,783288.560452377,887966.1198781747,1075188.4594395433,499654.96573085536,1003595.37263352,1003595.37263352
2025-04-10T09:50:00.000+0000,1017273.597752217,783288.560452377,889726.4069144886,1075875.1530048554,499654.96573085536,1003595.37263352,1003595.37263352
2025-04-10T10:00:00.000+0000,1017326.2976185689,783288.560452377,889657.1585217927,1075672.2758265433,499654.96573085536,1003595.37263352,1003595.37263352
2025-04-10T10:10:00.000+0000,1017304.720064433,783288.560452377,887406.8237975492,1075024.1598844235,499654.96573085536,1003595.37263352,1003595.37263352
2025-04-10T10:20:00.000+0000,1017980.726596217,783288.560452377,885900.0221755744,1077083.5248134313,499654.96573085536,1003595.37263352,1003595.37263352
2025-04-10T10:30:00.000+0000,1018110.242100857,783288.560452377,886155.1189283829,1076608.6268959434,499654.96573085536,1003595.37263352,1003595.37263352
2025-04-10T10:40:00.000+0000,1018258.4696438808,783288.560452377,884133.7212821394,1077222.8855355913,499654.96573085536,1003595.37263352,1003595.37263352
2025-04-10T10:50:00.000+0000,1018058.142453945,783288.560452377,885001.7872202564,1075936.1356596714,499654.96573085536,1003595.37263352,1003595.37263352
2025-04-10T11:00:00.000+0000,1017989.003019777,783288.560452377,885330.2724896893,1076223.8303296634,499654.96573085536,1003595.37263352,1003595.37263352
2025-04-10T11:10:00.000+0000,1018632.8434450489,783288.560452377,881832.6029610466,1079462.2938945352,499654.96573085536,1003595.37263352,1003595.37263352
2025-04-10T11:20:00.000+0000,1019638.484338209,783288.560452377,882963.0635986467,1080236.2076678155,499654.96573085536,1003595.37263352,1003595.37263352
2025-04-10T11:30:00.000+0000,1019444.2298162491,783288.560452377,883157.8783445394,1078826.3726288632,499654.96573085536,1003595.37263352,1003595.37263352
2025-04-10T11:40:00.000+0000,1019363.1391507209,783288.560452377,885748.0554395036,1078856.9204910074,499654.96573085536,1003595.37263352,1003595.37263352
2025-04-10T11:50:00.000+0000,1019189.348824297,783288.560452377,884452.0134005161,1078121.8458315595,499654.96573085536,1003595.37263352,1003595.37263352
2025-04-10T12:00:00.000+0000,1019167.1929431929,783288.560452377,883185.9165817196,1077246.8984898473,499654.96573085536,1003595.37263352,1003595.37263352
2025-04-10T12:10:00.000+0000,1019493.8570127051,783288.560452377,884532.7167570115,1076547.0073810234,499654.96573085536,1003595.37263352,1003595.37263352
2025-04-10T12:20:00.000+0000,1017906.379111825,783288.560452377,886191.3347753058,1072079.1944730394,499654.96573085536,1003595.37263352,1003595.37263352
2025-04-10T12:30:00.000+0000,1016577.1678322249,783288.560452377,890190.7559181557,1068712.8168513435,499654.96573085536,1003595.37263352,1003595.37263352
2025-04-10T12:40:00.000+0000,1018531.0637739771,783288.560452377,883311.4904469727,1073364.4742959433,499654.96573085536,1003595.37263352,1003595.37263352
2025-04-10T12:50:00.000+0000,1019639.5064398729,783288.560452377,880511.5684705115,1075859.9447711834,499654.96573085536,1003595.37263352,1003595.37263352
2025-04-10T13:00:00.000+0000,1019850.5633191849,783288.560452377,880012.8433252209,1075729.7984016393,499654.96573085536,1003595.37263352,1003595.37263352
2025-04-10T13:10:00.000+0000,1019459.040188465,783288.560452377,879829.5237505676,1075233.7730296473,499654.96573085536,1003595.37263352,1003595.37263352
2025-04-10T13:20:00.000+0000,1019281.682718041,783288.560452377,883114.4631736696,1073983.5064737033,499654.96573085536,1003595.37263352,1003595.37263352
2025-04-10T13:30:00.000+0000,1019462.792134505,783288.560452377,872885.2824554553,1074479.8054965993,499654.96573085536,1003595.37263352,1003595.37263352
2025-04-10T13:40:00.000+0000,1020897.341466193,783288.560452377,872247.6097470183,1068333.9101294153,499654.96573085536,1003595.37263352,1003595.37263352
2025-04-10T13:50:00.000+0000,1020304.3810743049,783288.560452377,874906.5654174257,1071872.8742413754,499654.96573085536,1003595.37263352,1003595.37263352
2025-04-10T14:00:00.000+0000,1020549.384964265,783288.560452377,872898.1073073011,1067269.3378291272,499654.96573085536,1003595.37263352,1003595.37263352
2025-04-10T14:10:00.000+0000,1020472.947083529,783288.560452377,872594.6989018237,1068239.6114187834,499654.96573085536,1003595.37263352,1003595.37263352
2025-04-10T14:20:00.000+0000,1019566.3599239369,783288.560452377,876955.3719684868,1060063.2707883355,499654.96573085536,1003595.37263352,1003595.37263352
2025-04-10T14:30:00.000+0000,1018483.0100477369,783288.560452377,880209.2161006918,1057468.1335303592,499654.96573085536,1003595.37263352,1003595.37263352
2025-04-10T14:40:00.000+0000,1018985.588303225,783288.560452377,880717.6738716322,1058555.8900284395,499654.96573085536,1003595.37263352,1003595.37263352
2025-04-10T14:50:00.000+0000,1019324.871419417,783288.560452377,876314.7761894627,1063181.4007571593,499654.96573085536,1003595.37263352,1003595.37263352
2025-04-10T15:00:00.000+0000,1019804.750099105,783288.560452377,872694.758450459,1066553.5079815034,499654.96573085536,1003595.37263352,1003595.37263352
2025-04-10T15:10:00.000+0000,1020284.0578359129,783288.560452377,865348.6013106236,1067225.9437321995,499654.96573085536,1003595.37263352,1003595.37263352
2025-04-10T15:20:00.000+0000,1021964.598277153,783288.560452377,861317.9181626451,1072928.1967674072,499654.96573085536,1003595.37263352,1003595.37263352
2025-04-10T15:30:00.000+0000,1023225.214576673,783288.560452377,849215.821721954,1073992.7406104791,499654.96573085536,1003595.37263352,1003595.37263352
2025-04-10T15:40:00.000+0000,1024452.643147633,783288.560452377,843696.6621217462,1078882.2368117354,499654.96573085536,1003595.37263352,1003595.37263352
2025-04-10T15:50:00.000+0000,1024497.118368969,783288.560452377,845987.76020342,1077654.3963505514,499654.96573085536,1003595.37263352,1003595.37263352
2025-04-10T16:00:00.000+0000,1024348.7651765449,783288.560452377,842378.6587056662,1076874.9770652074,499654.96573085536,1003595.37263352,1003595.37263352
2025-04-10T16:10:00.000+0000,1024458.6777960489,783288.560452377,844051.3646853413,1076987.1993055353,499654.96573085536,1003595.37263352,1003595.37263352
2025-04-10T16:20:00.000+0000,1025236.242146529,783288.560452377,840075.0164104346,1079868.1337626954,499654.96573085536,1003595.37263352,1003595.37263352
2025-04-10T16:30:00.000+0000,1024308.373375857,783288.560452377,846309.3299352117,1077991.5608529912,499654.96573085536,1003595.37263352,1003595.37263352
2025-04-10T16:40:00.000+0000,1024904.9757518249,783288.560452377,846183.5052026778,1079705.8300596152,499654.96573085536,1003595.37263352,1003595.37263352
2025-04-10T16:50:00.000+0000,1024514.257576625,783288.560452377,849066.6600991684,1081981.8628555513,499654.96573085536,1003595.37263352,1003595.37263352
2025-04-10T17:00:00.000+0000,1024493.8645940729,783288.560452377,844702.1152234892,1082079.5852850154,499654.96573085536,1003595.37263352,1003595.37263352
2025-04-10T17:10:00.000+0000,1025467.952779609,783288.560452377,843335.527046367,1085375.7933273192,499654.96573085536,1003595.37263352,1003595.37263352
2025-04-10T17:20:00.000+0000,1025278.5100451369,783288.560452377,843439.6589225023,1084329.7744823834,499654.96573085536,1003595.37263352,1003595.37263352
2025-04-10T17:30:00.000+0000,1025059.1551295689,783288.560452377,847153.3037162158,1082579.2208265595,499654.96573085536,1003595.37263352,1003595.37263352
2025-04-10T17:40:00.000+0000,1024950.556877729,783288.560452377,847968.3303982568,1081660.9370017913,499654.96573085536,1003595.37263352,1003595.37263352
2025-04-10T17:50:00.000+0000,1024977.3214389369,783288.560452377,850587.6315192075,1081690.3268710712,499654.96573085536,1003595.37263352,1003595.37263352
2025-04-10T18:00:00.000+0000,1024510.5871852889,783288.560452377,853018.357399622,1079928.4727728392,499654.96573085536,1003595.37263352,1003595.37263352
2025-04-10T18:10:00.000+0000,1024360.2102531529,783288.560452377,851846.8967476304,1079853.0743298873,499654.96573085536,1003595.37263352,1003595.37263352
2025-04-10T18:20:00.000+0000,1024114.253715921,783288.560452377,855496.054019732,1078347.5382630553,499654.96573085536,1003595.37263352,1003595.37263352
2025-04-10T18:30:00.000+0000,1023891.9274793129,783288.560452377,856038.7442908081,1078106.2943327192,499654.96573085536,1003595.37263352,1003595.37263352
2025-04-10T18:40:00.000+0000,1024197.588035089,783288.560452377,855299.9174003645,1079340.0272761434,499654.96573085536,1003595.37263352,1003595.37263352
2025-04-10T18:50:00.000+0000,1024440.216686761,783288.560452377,854747.4159578427,1077640.2020750633,499654.96573085536,1003595.37263352,1003595.37263352
2025-04-10T19:00:00.000+0000,1024041.562995057,783288.560452377,857233.466265209,1076993.6055364474,499654.96573085536,1003595.37263352,1003595.37263352
2025-04-10T19:10:00.000+0000,1024288.3374674169,783288.560452377,856083.7697269963,1078076.3325913034,499654.96573085536,1003595.37263352,1003595.37263352
2025-04-10T19:20:00.000+0000,1024285.1872396171,783288.560452377,854169.7052243856,1078854.5828825913,499654.96573085536,1003595.37263352,1003595.37263352
2025-04-10T19:30:00.000+0000,1024140.444346641,783288.560452377,855311.8883090455,1080745.2385970314,499654.96573085536,1003595.37263352,1003595.37263352
2025-04-10T19:40:00.000+0000,1024047.0720842569,783288.560452377,854659.63042091,1081400.8682433756,499654.96573085536,1003595.37263352,1003595.37263352
2025-04-10T19:50:00.000+0000,1023263.202741809,783288.560452377,857077.2682766799,1079384.0320141674,499654.96573085536,1003595.37263352,1003595.37263352
2025-04-10T20:00:00.000+0000,1023761.601723393,783288.560452377,858798.7742470589,1079243.8994299911,499654.96573085536,1003595.37263352,1003595.37263352
2025-04-10T20:10:00.000+0000,1023793.378101937,783288.560452377,859437.9101005155,1078629.8501527193,499654.96573085536,1003595.37263352,1003595.37263352
2025-04-10T20:20:00.000+0000,1023889.0824571529,783288.560452377,858014.9433834444,1079994.4120092152,499654.96573085536,1003595.37263352,1003595.37263352
2025-04-10T20:30:00.000+0000,1023623.958476153,783288.560452377,859063.0046364546,1078511.5711616715,499654.96573085536,1003595.37263352,1003595.37263352
2025-04-10T20:40:00.000+0000,1023491.763227025,783288.560452377,862066.366821929,1076405.5302333592,499654.96573085536,1003595.37263352,1003595.37263352
2025-04-10T20:50:00.000+0000,1023225.0295747931,783288.560452377,863697.7042755643,1074856.1220023592,499654.96573085536,1003595.37263352,1003595.37263352
2025-04-10T21:00:00.000+0000,1023258.7655943689,783288.560452377,863694.6809903826,1073901.2593940473,499654.96573085536,1003595.37263352,1003595.37263352
2025-04-10T21:10:00.000+0000,1023184.416111577,783288.560452377,861891.6791314422,1073971.9078000714,499654.96573085536,1003595.37263352,1003595.37263352
2025-04-10T21:20:00.000+0000,1023920.004729529,783288.560452377,859873.1535989781,1076392.6361269034,499654.96573085536,1003595.37263352,1003595.37263352
2025-04-10T21:30:00.000+0000,1023759.4533934329,783288.560452377,861970.5853957382,1075290.2253316473,499654.96573085536,1003595.37263352,1003595.37263352
2025-04-10T21:40:00.000+0000,1023809.0980658969,783288.560452377,861194.8881605398,1075041.2545977035,499654.96573085536,1003595.37263352,1003595.37263352
2025-04-10T21:50:00.000+0000,1024110.982854705,783288.560452377,860967.0596311553,1077787.7887511915,499654.96573085536,1003595.37263352,1003595.37263352
2025-04-10T22:00:00.000+0000,1024145.678316113,783288.560452377,860592.93117419,1077387.1221610953,499654.96573085536,1003595.37263352,1003595.37263352
2025-04-10T22:10:00.000+0000,1023567.927167089,783288.560452377,863038.5049062434,1076215.9488199193,499654.96573085536,1003595.37263352,1003595.37263352
2025-04-10T22:20:00.000+0000,1023634.018711521,783288.560452377,863219.4787662909,1075983.7730892154,499654.96573085536,1003595.37263352,1003595.37263352
2025-04-10T22:30:00.000+0000,1022871.931029793,783288.560452377,864188.2684449507,1075123.1594213834,499654.96573085536,1003595.37263352,1003595.37263352
2025-04-10T22:40:00.000+0000,1022869.9539926889,783288.560452377,863916.4246467653,1075133.5928379674,499654.96573085536,1003595.37263352,1003595.37263352
2025-04-10T22:50:00.000+0000,1023083.613648113,783288.560452377,862495.9489133732,1076728.7998705914,499654.96573085536,1003595.37263352,1003595.37263352
2025-04-10T23:00:00.000+0000,1023104.946358281,783288.560452377,861485.5768115214,1076350.5503225033,499654.96573085536,1003595.37263352,1003595.37263352
2025-04-10T23:10:00.000+0000,1023048.7915381049,783288.560452377,861076.9773283745,1076756.2658801915,499654.96573085536,1003595.37263352,1003595.37263352
2025-04-10T23:20:00.000+0000,1022636.9898732009,783288.560452377,859282.1656619117,1075943.1160808632,499654.96573085536,1003595.37263352,1003595.37263352
2025-04-10T23:30:00.000+0000,1022184.423905849,783288.560452377,859684.1587020624,1074658.0437917993,499654.96573085536,1003595.37263352,1003595.37263352
2025-04-10T23:40:00.000+0000,1021697.912736401,783288.560452377,862327.5811788407,1073010.2128420153,499654.96573085536,1003595.37263352,1003595.37263352
2025-04-10T23:50:00.000+0000,1021775.074737377,783288.560452377,862061.9895223227,1073588.8271799355,499654.96573085536,1003595.37263352,1003595.37263352
2025-04-11T00:00:00.000+0000,1022226.6187829209,783288.560452377,860350.2840275983,1073707.3918422633,499654.96573085536,1003595.37263352,1003595.37263352
2025-04-11T00:10:00.000+0000,1021905.587673433,783288.560452377,861789.708065693,1072358.5598118315,499654.96573085536,1003595.37263352,1003595.37263352
2025-04-11T00:20:00.000+0000,1022942.1362606409,783288.560452377,861689.5198461062,1074528.0014489673,499654.96573085536,1003595.37263352,1003595.37263352
2025-04-11T00:30:00.000+0000,1023369.749965785,783288.560452377,860403.0764496386,1075468.6909148714,499654.96573085536,1003595.37263352,1003595.37263352
2025-04-11T00:40:00.000+0000,1023324.6281521369,783288.560452377,859970.518273792,1076741.7178179594,499654.96573085536,1003595.37263352,1003595.37263352
2025-04-11T00:50:00.000+0000,1023436.037723121,783288.560452377,856133.2550954078,1079467.9474680554,499654.96573085536,1003595.37263352,1003595.37263352
2025-04-11T01:00:00.000+0000,1022796.217758905,783288.560452377,856662.2982472825,1076260.6840131113,499654.96573085536,1003595.37263352,1003595.37263352
2025-04-11T01:10:00.000+0000,1022110.731107289,783288.560452377,859955.3849904033,1074081.0133257674,499654.96573085536,1003595.37263352,1003595.37263352
2025-04-11T01:20:00.000+0000,1022077.8064980649,783288.560452377,862782.7922711757,1073748.3401973513,499654.96573085536,1003595.37263352,1003595.37263352
2025-04-11T01:30:00.000+0000,1021044.521178153,783288.560452377,864690.3031209651,1071602.4337969513,499654.96573085536,1003595.37263352,1003595.37263352
2025-04-11T01:40:00.000+0000,1021969.464181313,783288.560452377,865015.5107412654,1074254.8535022794,499654.96573085536,1003595.37263352,1003595.37263352
2025-04-11T01:50:00.000+0000,1021341.8243152169,783288.560452377,868769.2917242069,1071766.9785757354,499654.96573085536,1003595.37263352,1003595.37263352
2025-04-11T02:00:00.000+0000,1021613.5826744649,783288.560452377,868619.9387225783,1072808.0226736553,499654.96573085536,1003595.37263352,1003595.37263352
2025-04-11T02:10:00.000+0000,1021544.8077184809,783288.560452377,869068.4814242427,1071663.4522131353,499654.96573085536,1003595.37263352,1003595.37263352
2025-04-11T02:20:00.000+0000,1020397.232014081,783288.560452377,870892.3607941302,1066526.6084983193,499654.96573085536,1003595.37263352,1003595.37263352
2025-04-11T02:30:00.000+0000,1020602.653135609,783288.560452377,873430.2003137711,1065501.4695061273,499654.96573085536,1003595.37263352,1003595.37263352
2025-04-11T02:40:00.000+0000,1021228.3425033529,783288.560452377,872458.2257420942,1068249.0069363515,499654.96573085536,1003595.37263352,1003595.37263352
2025-04-11T02:50:00.000+0000,1021350.213638385,783288.560452377,870408.0273391113,1068408.5638885915,499654.96573085536,1003595.37263352,1003595.37263352
2025-04-11T03:00:00.000+0000,1021130.066457137,783288.560452377,871850.4735892373,1067758.2244766713,499654.96573085536,1003595.37263352,1003595.37263352
2025-04-11T03:10:00.000+0000,1021059.7159026411,783288.560452377,873362.7943092517,1066164.2063421672,499654.96573085536,1003595.37263352,1003595.37263352
2025-04-11T03:20:00.000+0000,1021048.1653704649,783288.560452377,874863.3226394766,1062643.6070166153,499654.96573085536,1003595.37263352,1003595.37263352
2025-04-11T03:30:00.000+0000,1021098.3960337609,783288.560452377,874562.5789252489,1063315.3459851835,499654.96573085536,1003595.37263352,1003595.37263352
2025-04-11T03:40:00.000+0000,1020761.834118865,783288.560452377,875847.3707579484,1063600.1234308234,499654.96573085536,1003595.37263352,1003595.37263352
2025-04-11T03:50:00.000+0000,1020982.333288297,783288.560452377,876070.1961341747,1064988.1283878232,499654.96573085536,1003595.37263352,1003595.37263352
2025-04-11T04:00:00.000+0000,1021064.0054382649,783288.560452377,876814.9704178204,1064501.7934073114,499654.96573085536,1003595.37263352,1003595.37263352
2025-04-11T04:10:00.000+0000,1020311.655120409,783288.560452377,878434.996567003,1062920.5064597034,499654.96573085536,1003595.37263352,1003595.37263352
2025-04-11T04:20:00.000+0000,1020585.123000945,783288.560452377,878555.6104287733,1065341.5282815513,499654.96573085536,1003595.37263352,1003595.37263352
2025-04-11T04:30:00.000+0000,1020472.173243097,783288.560452377,877062.1176504993,1065023.550447487,499654.96573085536,1003595.37263352,1003595.37263352
2025-04-11T04:40:00.000+0000,1020436.3172908251,783288.560452377,876899.9907895501,1066455.3181562554,499654.96573085536,1003595.37263352,1003595.37263352
2025-04-11T04:50:00.000+0000,1020595.0321472809,783288.560452377,877035.8826672066,1066147.9034149514,499654.96573085536,1003595.37263352,1003595.37263352
2025-04-11T05:00:00.000+0000,1020615.993474793,783288.560452377,874717.3995315342,1066204.4953251753,499654.96573085536,1003595.37263352,1003595.37263352
2025-04-11T05:10:00.000+0000,1020806.473498769,783288.560452377,875444.7706622446,1065199.2439401592,499654.96573085536,1003595.37263352,1003595.37263352
2025-04-11T05:20:00.000+0000,1020265.3124642171,783288.560452377,875241.7255164344,1064300.9688256073,499654.96573085536,1003595.37263352,1003595.37263352
2025-04-11T05:30:00.000+0000,1019933.441023937,783288.560452377,876991.8722454435,1062193.3285977594,499654.96573085536,1003595.37263352,1003595.37263352
2025-04-11T05:40:00.000+0000,1020198.865704185,783288.560452377,877392.9331095682,1062653.9733868793,499654.96573085536,1003595.37263352,1003595.37263352
2025-04-11T05:50:00.000+0000,1019746.343741601,783288.560452377,877474.7026430783,1061780.1674513114,499654.96573085536,1003595.37263352,1003595.37263352
2025-04-11T06:00:00.000+0000,1018879.026510913,783288.560452377,881074.8023767906,1059209.9835446712,499654.96573085536,1003595.37263352,1003595.37263352
2025-04-11T06:10:00.000+0000,1018684.298607961,783288.560452377,883705.6275904779,1056813.1242573194,499654.96573085536,1003595.37263352,1003595.37263352
2025-04-11T06:20:00.000+0000,1018810.6585990329,783288.560452377,883453.0183603961,1058604.1437345673,499654.96573085536,1003595.37263352,1003595.37263352
2025-04-11T06:30:00.000+0000,1019325.5046923929,783288.560452377,883380.1088006659,1058004.9489541834,499654.96573085536,1003595.37263352,1003595.37263352
2025-04-11T06:40:00.000+0000,1019142.336384361,783288.560452377,884600.479316314,1057588.0174364476,499654.96573085536,1003595.37263352,1003595.37263352
2025-04-11T06:50:00.000+0000,1019237.325462257,783288.560452377,883425.1982772541,1058278.464896239,499654.96573085536,1003595.37263352,1003595.37263352
2025-04-11T07:00:00.000+0000,1019083.2972534809,783288.560452377,881216.6097481988,1058525.0731017194,499654.96573085536,1003595.37263352,1003595.37263352
2025-04-11T07:10:00.000+0000,1019488.528808681,783288.560452377,881779.5919019692,1060857.4298723992,499654.96573085536,1003595.37263352,1003595.37263352
2025-04-11T07:20:00.000+0000,1019486.984714945,783288.560452377,880419.5378194528,1061154.9244661753,499654.96573085536,1003595.37263352,1003595.37263352
2025-04-11T07:30:00.000+0000,1019497.7237668249,783288.560452377,880951.4949022732,1061000.4664615113,499654.96573085536,1003595.37263352,1003595.37263352
2025-04-11T07:40:00.000+0000,1019196.503436025,783288.560452377,884261.7424805376,1060313.1724169673,499654.96573085536,1003595.37263352,1003595.37263352
2025-04-11T07:50:00.000+0000,1019233.261585961,783288.560452377,883317.0562270752,1059498.3322310315,499654.96573085536,1003595.37263352,1003595.37263352
2025-04-11T08:00:00.000+0000,1018562.9015533609,783288.560452377,878573.4670780574,1059775.5196735354,499654.96573085536,1003595.37263352,1003595.37263352
2025-04-11T08:10:00.000+0000,1019097.151351329,783288.560452377,882874.654685257,1061015.3763140794,499654.96573085536,1003595.37263352,1003595.37263352
2025-04-11T08:20:00.000+0000,1020369.933620281,783288.560452377,882429.2078943815,1060695.4252598556,499654.96573085536,1003595.37263352,1003595.37263352
2025-04-11T08:30:00.000+0000,1019778.2439410089,783288.560452377,882720.6402847818,1057578.0404644152,499654.96573085536,1003595.37263352,1003595.37263352
2025-04-11T08:40:00.000+0000,1019901.606142233,783288.560452377,885008.1929389865,1057477.4551071273,499654.96573085536,1003595.37263352,1003595.37263352
2025-04-11T08:50:00.000+0000,1019873.1984865529,783288.560452377,885198.0948643174,1059569.2718139275,499654.96573085536,1003595.37263352,1003595.37263352
2025-04-11T09:00:00.000+0000,1019648.0386386489,783288.560452377,884971.0200099268,1059024.3827541834,499654.96573085536,1003595.37263352,1003595.37263352
2025-04-11T09:10:00.000+0000,1019947.912117793,783288.560452377,884483.232828262,1058850.9432868473,499654.96573085536,1003595.37263352,1003595.37263352
2025-04-11T09:20:00.000+0000,1019125.1212874649,783288.560452377,886466.3422807081,1057142.3307612552,499654.96573085536,1003595.37263352,1003595.37263352
2025-04-11T09:30:00.000+0000,1018659.703979417,783288.560452377,890807.8081267558,1054324.1907782953,499654.96573085536,1003595.37263352,1003595.37263352
2025-04-11T09:40:00.000+0000,1018596.586843553,783288.560452377,891875.6890216884,1053637.8273186875,499654.96573085536,1003595.37263352,1003595.37263352
2025-04-11T09:50:00.000+0000,1018804.849050393,783288.560452377,892342.8634927893,1054626.8687620393,499654.96573085536,1003595.37263352,1003595.37263352
2025-04-11T10:00:00.000+0000,1018954.6861647288,783288.560452377,891607.1182849562,1055303.8195578074,499654.96573085536,1003595.37263352,1003595.37263352
2025-04-11T10:10:00.000+0000,1019815.896464873,783288.560452377,891871.43308676,1056237.4288523833,499654.96573085536,1003595.37263352,1003595.37263352
2025-04-11T10:20:00.000+0000,1018923.2562288089,783288.560452377,895809.9112680983,1053693.7075686953,499654.96573085536,1003595.37263352,1003595.37263352
2025-04-11T10:30:00.000+0000,1017975.5001407289,783288.560452377,896776.6958775949,1050250.3086533675,499654.96573085536,1003595.37263352,1003595.37263352
2025-04-11T10:40:00.000+0000,1019129.301300777,783288.560452377,894838.9608147698,1051853.5153011754,499654.96573085536,1003595.37263352,1003595.37263352
2025-04-11T10:50:00.000+0000,1019498.025725065,783288.560452377,895038.9842851246,1055275.5020799274,499654.96573085536,1003595.37263352,1003595.37263352
2025-04-11T11:00:00.000+0000,1019568.7174364169,783288.560452377,896433.3952282663,1056091.2741097915,499654.96573085536,1003595.37263352,1003595.37263352
2025-04-11T11:10:00.000+0000,1019692.9884500089,783288.560452377,894805.0215535158,1055637.8159667514,499654.96573085536,1003595.37263352,1003595.37263352
2025-04-11T11:20:00.000+0000,1020549.370026225,783288.560452377,893032.6178207314,1059418.5654055835,499654.96573085536,1003595.37263352,1003595.37263352
2025-04-11T11:30:00.000+0000,1020603.712037809,783288.560452377,891356.0802037625,1059395.8313673753,499654.96573085536,1003595.37263352,1003595.37263352
2025-04-11T11:40:00.000+0000,1020598.140998209,783288.560452377,892093.4343265462,1060198.3651463194,499654.96573085536,1003595.37263352,1003595.37263352
2025-04-11T11:50:00.000+0000,1021309.693190697,783288.560452377,890029.5831792491,1061477.6934142793,499654.96573085536,1003595.37263352,1003595.37263352
2025-04-11T12:00:00.000+0000,1021300.309793425,783288.560452377,890393.6997405025,1061494.6616488234,499654.96573085536,1003595.37263352,1003595.37263352
2025-04-11T12:10:00.000+0000,1021577.385535361,783288.560452377,890461.5493236549,1063565.5797079273,499654.96573085536,1003595.37263352,1003595.37263352
2025-04-11T12:20:00.000+0000,1021368.3153754009,783288.560452377,891998.615106747,1062694.8116401194,499654.96573085536,1003595.37263352,1003595.37263352
2025-04-11T12:30:00.000+0000,1020647.847331305,783288.560452377,894610.3821249201,1060821.6235503915,499654.96573085536,1003595.37263352,1003595.37263352
2025-04-11T12:40:00.000+0000,1020978.049158345,783288.560452377,891877.5431966658,1061635.1954517672,499654.96573085536,1003595.37263352,1003595.37263352
2025-04-11T12:50:00.000+0000,1021608.590571345,783288.560452377,889415.8458314098,1063437.0119444872,499654.96573085536,1003595.37263352,1003595.37263352
2025-04-11T13:00:00.000+0000,1021407.328629809,783288.560452377,889849.7055265821,1062385.8804529433,499654.96573085536,1003595.37263352,1003595.37263352
2025-04-11T13:10:00.000+0000,1021587.834589425,783288.560452377,889796.7619688567,1063803.8103108553,499654.96573085536,1003595.37263352,1003595.37263352
2025-04-11T13:20:00.000+0000,1020735.504559377,783288.560452377,891286.3574418518,1061621.5997270553,499654.96573085536,1003595.37263352,1003595.37263352
2025-04-11T13:30:00.000+0000,1018922.3231758489,783288.560452377,892431.3601094745,1055528.7995397195,499654.96573085536,1003595.37263352,1003595.37263352
2025-04-11T13:40:00.000+0000,1019197.7335111771,783288.560452377,901899.2639270421,1054695.2478949355,499654.96573085536,1003595.37263352,1003595.37263352
2025-04-11T13:50:00.000+0000,1019794.941532241,783288.560452377,901036.2322277409,1054778.9971319034,499654.96573085536,1003595.37263352,1003595.37263352
2025-04-11T14:00:00.000+0000,1020271.539018985,783288.560452377,896216.1189804453,1057177.6800791593,499654.96573085536,1003595.37263352,1003595.37263352
2025-04-11T14:10:00.000+0000,1020203.305529481,783288.560452377,896519.3113781862,1057467.3650456392,499654.96573085536,1003595.37263352,1003595.37263352
2025-04-11T14:20:00.000+0000,1020937.7192181291,783288.560452377,887268.3509522697,1061615.0495913592,499654.96573085536,1003595.37263352,1003595.37263352
2025-04-11T14:30:00.000+0000,1021267.8676079529,783288.560452377,891731.5885200667,1061456.7618629273,499654.96573085536,1003595.37263352,1003595.37263352
2025-04-11T14:40:00.000+0000,1020634.4947619129,783288.560452377,893686.675814737,1059195.3717534633,499654.96573085536,1003595.37263352,1003595.37263352
2025-04-11T14:50:00.000+0000,1021073.9748963129,783288.560452377,893962.7915915374,1060958.6195158714,499654.96573085536,1003595.37263352,1003595.37263352
2025-04-11T15:00:00.000+0000,1021122.187185601,783288.560452377,892490.7110492326,1061838.4728296634,499654.96573085536,1003595.37263352,1003595.37263352
2025-04-11T15:10:00.000+0000,1021108.1680898571,783288.560452377,891741.4398810936,1061484.6250345432,499654.96573085536,1003595.37263352,1003595.37263352
2025-04-11T15:20:00.000+0000,1021301.2634299049,783288.560452377,892311.2139543728,1062156.8959572073,499654.96573085536,1003595.37263352,1003595.37263352
2025-04-11T15:30:00.000+0000,1020376.590310665,783288.560452377,896398.0089549732,1058094.1730177833,499654.96573085536,1003595.37263352,1003595.37263352
2025-04-11T15:40:00.000+0000,1020446.6139768809,783288.560452377,898849.7678103407,1057805.4251510233,499654.96573085536,1003595.37263352,1003595.37263352
2025-04-11T15:50:00.000+0000,1019984.316890657,783288.560452377,899024.8891617442,1056817.6578775195,499654.96573085536,1003595.37263352,1003595.37263352
2025-04-11T16:00:00.000+0000,1020574.101085537,783288.560452377,896030.9889349244,1056911.9044698793,499654.96573085536,1003595.37263352,1003595.37263352
2025-04-11T16:10:00.000+0000,1020593.093549401,783288.560452377,894741.9733439637,1058742.8031382314,499654.96573085536,1003595.37263352,1003595.37263352
2025-04-11T16:20:00.000+0000,1020607.4805605769,783288.560452377,893205.8137397771,1059670.2298028714,499654.96573085536,1003595.37263352,1003595.37263352
2025-04-11T16:30:00.000+0000,1019590.6135155291,783288.560452377,897172.4998147627,1055540.3047881515,499654.96573085536,1003595.37263352,1003595.37263352
2025-04-11T16:40:00.000+0000,1019381.2450943689,783288.560452377,900144.8752497835,1054787.3672904153,499654.96573085536,1003595.37263352,1003595.37263352
2025-04-11T16:50:00.000+0000,1019123.1556612249,783288.560452377,900430.1452766787,1055413.7191177674,499654.96573085536,1003595.37263352,1003595.37263352
2025-04-11T17:00:00.000+0000,1019602.5993192089,783288.560452377,899806.3622288757,1057489.8628929514,499654.96573085536,1003595.37263352,1003595.37263352
2025-04-11T17:10:00.000+0000,1018987.334465177,783288.560452377,900809.2005230257,1057662.7883018632,499654.96573085536,1003595.37263352,1003595.37263352
2025-04-11T17:20:00.000+0000,1019118.694752809,783288.560452377,901408.2020384803,1058758.7025285354,499654.96573085536,1003595.37263352,1003595.37263352
2025-04-11T17:30:00.000+0000,1017669.940204393,783288.560452377,901171.8547173345,1054360.5166143596,499654.96573085536,1003595.37263352,1003595.37263352
2025-04-11T17:40:00.000+0000,1017652.054554369,783288.560452377,910026.8129231951,1053163.8075181434,499654.96573085536,1003595.37263352,1003595.37263352
2025-04-11T17:50:00.000+0000,1017928.1377609689,783288.560452377,910468.8670855891,1052476.1898427114,499654.96573085536,1003595.37263352,1003595.37263352
2025-04-11T18:00:00.000+0000,1017454.105370505,783288.560452377,910172.2876054668,1050778.4825459514,499654.96573085536,1003595.37263352,1003595.37263352
2025-04-11T18:10:00.000+0000,1017366.183953953,783288.560452377,906626.1995112969,1054009.7913791914,499654.96573085536,1003595.37263352,1003595.37263352
2025-04-11T18:20:00.000+0000,1016996.689136473,783288.560452377,905518.3928276188,1052510.9083856393,499654.96573085536,1003595.37263352,1003595.37263352
2025-04-11T18:30:00.000+0000,1017095.074754961,783288.560452377,907454.692906705,1053244.1246230155,499654.96573085536,1003595.37263352,1003595.37263352
2025-04-11T18:40:00.000+0000,1017690.207667441,783288.560452377,906084.4974258739,1054062.1936737914,499654.96573085536,1003595.37263352,1003595.37263352
2025-04-11T18:50:00.000+0000,1018107.385577905,783288.560452377,902966.9327224721,1055551.7197588636,499654.96573085536,1003595.37263352,1003595.37263352
2025-04-11T19:00:00.000+0000,1017878.555798297,783288.560452377,903803.6002488119,1055364.2140635194,499654.96573085536,1003595.37263352,1003595.37263352
2025-04-11T19:10:00.000+0000,1018094.591651241,783288.560452377,906617.8219553633,1055285.3927410634,499654.96573085536,1003595.37263352,1003595.37263352
2025-04-11T19:20:00.000+0000,1018157.509616569,783288.560452377,906213.9428586436,1055967.6663951355,499654.96573085536,1003595.37263352,1003595.37263352
2025-04-11T19:30:00.000+0000,1019091.4523841529,783288.560452377,904827.7660714472,1057557.1126500715,499654.96573085536,1003595.37263352,1003595.37263352
2025-04-11T19:40:00.000+0000,1019239.4416979131,783288.560452377,905649.8561716442,1058904.6245874234,499654.96573085536,1003595.37263352,1003595.37263352
2025-04-11T19:50:00.000+0000,1019320.104765793,783288.560452377,905842.1922572345,1058684.0198225353,499654.96573085536,1003595.37263352,1003595.37263352
2025-04-11T20:00:00.000+0000,1019388.732679505,783288.560452377,905798.2279273826,1059109.9722977274,499654.96573085536,1003595.37263352,1003595.37263352
2025-04-11T20:10:00.000+0000,1019385.5388266329,783288.560452377,906049.5890006064,1059749.6230474233,499654.96573085536,1003595.37263352,1003595.37263352
2025-04-11T20:20:00.000+0000,1019028.7647743928,783288.560452377,907154.7465537223,1058605.3654164393,499654.96573085536,1003595.37263352,1003595.37263352
2025-04-11T20:30:00.000+0000,1019011.4873873689,783288.560452377,908793.7743522164,1058284.7838670155,499654.96573085536,1003595.37263352,1003595.37263352
2025-04-11T20:40:00.000+0000,1018691.676650801,783288.560452377,909363.4358696656,1057852.6048770233,499654.96573085536,1003595.37263352,1003595.37263352
2025-04-11T20:50:00.000+0000,1018738.7336850329,783288.560452377,908849.1625602099,1058112.7753340153,499654.96573085536,1003595.37263352,1003595.37263352
2025-04-11T21:00:00.000+0000,1018694.2132798729,783288.560452377,910483.6570406575,1057851.9881607916,499654.96573085536,1003595.37263352,1003595.37263352
2025-04-11T21:10:00.000+0000,1018654.3117266728,783288.560452377,912202.7500187189,1057629.7978653433,499654.96573085536,1003595.37263352,1003595.37263352
2025-04-11T21:20:00.000+0000,1018206.5868833209,783288.560452377,911277.7429494262,1054976.5107445035,499654.96573085536,1003595.37263352,1003595.37263352
2025-04-11T21:30:00.000+0000,1019235.487174065,783288.560452377,907159.7628619081,1057806.1751905114,499654.96573085536,1003595.37263352,1003595.37263352
2025-04-11T21:40:00.000+0000,1019291.981372521,783288.560452377,907221.9526477683,1059709.2450856552,499654.96573085536,1003595.37263352,1003595.37263352
2025-04-11T21:50:00.000+0000,1019432.1598099851,783288.560452377,908023.4329974959,1058375.8894342072,499654.96573085536,1003595.37263352,1003595.37263352
2025-04-11T22:00:00.000+0000,1019266.928201105,783288.560452377,906868.6108325787,1059264.7665631673,499654.96573085536,1003595.37263352,1003595.37263352
2025-04-11T22:10:00.000+0000,1019377.129209713,783288.560452377,905592.2088613305,1060539.3318345754,499654.96573085536,1003595.37263352,1003595.37263352
2025-04-11T22:20:00.000+0000,1018817.787911017,783288.560452377,906285.0307151396,1059795.2544430792,499654.96573085536,1003595.37263352,1003595.37263352
2025-04-11T22:30:00.000+0000,1018874.510716441,783288.560452377,905614.9815684878,1059927.0136812953,499654.96573085536,1003595.37263352,1003595.37263352
2025-04-11T22:40:00.000+0000,1018722.668587401,783288.560452377,905298.1442514234,1059855.5269664554,499654.96573085536,1003595.37263352,1003595.37263352
2025-04-11T22:50:00.000+0000,1018972.3919287769,783288.560452377,905591.324664159,1060304.7741809352,499654.96573085536,1003595.37263352,1003595.37263352
2025-04-11T23:00:00.000+0000,1019612.036123721,783288.560452377,904022.8682228453,1062569.2778475594,499654.96573085536,1003595.37263352,1003595.37263352
2025-04-11T23:10:00.000+0000,1020088.621110473,783288.560452377,901667.7232559569,1063514.422856175,499654.96573085536,1003595.37263352,1003595.37263352
2025-04-11T23:20:00.000+0000,1020458.361851057,783288.560452377,900979.7984205225,1063592.5354860392,499654.96573085536,1003595.37263352,1003595.37263352
2025-04-11T23:30:00.000+0000,1020326.8352865529,783288.560452377,902453.2582141558,1063035.9349829515,499654.96573085536,1003595.37263352,1003595.37263352
2025-04-11T23:40:00.000+0000,1020234.754600081,783288.560452377,905083.344759103,1061802.0042079194,499654.96573085536,1003595.37263352,1003595.37263352
2025-04-11T23:50:00.000+0000,1020053.498161329,783288.560452377,906199.3802329721,1059983.4499761113,499654.96573085536,1003595.37263352,1003595.37263352
2025-04-12T00:00:00.000+0000,1020267.4627725929,783288.560452377,905142.1274646625,1059724.4227038394,499654.96573085536,1003595.37263352,1003595.37263352
2025-04-12T00:10:00.000+0000,1020079.0669399289,783288.560452377,903864.4129832218,1058916.5468719595,499654.96573085536,1003595.37263352,1003595.37263352
2025-04-12T00:20:00.000+0000,1020045.307489113,783288.560452377,904355.7726269094,1059800.2160406234,499654.96573085536,1003595.37263352,1003595.37263352
2025-04-12T00:30:00.000+0000,1019830.116969361,783288.560452377,905951.1823661074,1058028.4205019115,499654.96573085536,1003595.37263352,1003595.37263352
2025-04-12T00:40:00.000+0000,1019952.340022633,783288.560452377,906868.6207681536,1057975.4297284712,499654.96573085536,1003595.37263352,1003595.37263352
2025-04-12T00:50:00.000+0000,1020280.5513933129,783288.560452377,904925.6874172997,1059233.6316910074,499654.96573085536,1003595.37263352,1003595.37263352
2025-04-12T01:00:00.000+0000,1020200.4986567769,783288.560452377,904058.0058108768,1058545.5904147273,499654.96573085536,1003595.37263352,1003595.37263352
2025-04-12T01:10:00.000+0000,1020381.9487005209,783288.560452377,903121.784208633,1059247.8848593433,499654.96573085536,1003595.37263352,1003595.37263352
2025-04-12T01:20:00.000+0000,1020792.7352481689,783288.560452377,902108.8811750205,1059761.7414049753,499654.96573085536,1003595.37263352,1003595.37263352
2025-04-12T01:30:00.000+0000,1021187.802151601,783288.560452377,903026.1124138955,1059200.0366485592,499654.96573085536,1003595.37263352,1003595.37263352
2025-04-12T01:40:00.000+0000,1021122.4806306569,783288.560452377,903404.2933629286,1059172.6464282793,499654.96573085536,1003595.37263352,1003595.37263352
2025-04-12T01:50:00.000+0000,1021354.1477885449,783288.560452377,902121.0512160996,1060100.5423272313,499654.96573085536,1003595.37263352,1003595.37263352
2025-04-12T02:00:00.000+0000,1021083.2793168168,783288.560452377,902360.3376515191,1059744.4290459512,499654.96573085536,1003595.37263352,1003595.37263352
2025-04-12T02:10:00.000+0000,1021373.6372444968,783288.560452377,900303.7445206733,1062165.3517671432,499654.96573085536,1003595.37263352,1003595.37263352
2025-04-12T02:20:00.000+0000,1021501.8717147849,783288.560452377,901455.2424258301,1063099.6108214953,499654.96573085536,1003595.37263352,1003595.37263352
2025-04-12T02:30:00.000+0000,1021565.654857417,783288.560452377,901114.9272420445,1062793.7803617513,499654.96573085536,1003595.37263352,1003595.37263352
2025-04-12T02:40:00.000+0000,1021525.1214401129,783288.560452377,899027.5020288175,1062261.1265959353,499654.96573085536,1003595.37263352,1003595.37263352
2025-04-12T02:50:00.000+0000,1022202.0535208649,783288.560452377,896427.1497670036,1065704.5586247514,499654.96573085536,1003595.37263352,1003595.37263352
2025-04-12T03:00:00.000+0000,1022472.080226545,783288.560452377,897246.3784849299,1068826.6862828636,499654.96573085536,1003595.37263352,1003595.37263352
2025-04-12T03:10:00.000+0000,1022459.8125685289,783288.560452377,898034.7517883733,1066982.9061579274,499654.96573085536,1003595.37263352,1003595.37263352
2025-04-12T03:20:00.000+0000,1022934.4214574249,783288.560452377,898307.0595193405,1068773.0234175273,499654.96573085536,1003595.37263352,1003595.37263352
2025-04-12T03:30:00.000+0000,1022357.1050603209,783288.560452377,898178.6071014032,1068387.3846555431,499654.96573085536,1003595.37263352,1003595.37263352
2025-04-12T03:40:00.000+0000,1021807.233040137,783288.560452377,899990.5721266711,1067233.9752018792,499654.96573085536,1003595.37263352,1003595.37263352
2025-04-12T03:50:00.000+0000,1021906.785854121,783288.560452377,899554.9091954704,1067241.2464202475,499654.96573085536,1003595.37263352,1003595.37263352
2025-04-12T04:00:00.000+0000,1022205.780367001,783288.560452377,897855.0856093396,1068554.0910736315,499654.96573085536,1003595.37263352,1003595.37263352
2025-04-12T04:10:00.000+0000,1022293.6157324489,783288.560452377,898106.5555002242,1070285.3180431833,499654.96573085536,1003595.37263352,1003595.37263352
2025-04-12T04:20:00.000+0000,1021741.6542052089,783288.560452377,899684.2752865106,1069360.4605515592,499654.96573085536,1003595.37263352,1003595.37263352
2025-04-12T04:30:00.000+0000,1020762.827903201,783288.560452377,902597.0615865211,1066493.8224281752,499654.96573085536,1003595.37263352,1003595.37263352
2025-04-12T04:40:00.000+0000,1021263.171208081,783288.560452377,904957.0925809168,1066744.8987862715,499654.96573085536,1003595.37263352,1003595.37263352
2025-04-12T04:50:00.000+0000,1021013.9271130009,783288.560452377,906480.0274944522,1065863.9850514953,499654.96573085536,1003595.37263352,1003595.37263352
2025-04-12T05:00:00.000+0000,1020873.982498329,783288.560452377,907869.8255006007,1065361.8731626153,499654.96573085536,1003595.37263352,1003595.37263352
2025-04-12T05:10:00.000+0000,1020622.043620801,783288.560452377,908110.6868409363,1065065.6980524072,499654.96573085536,1003595.37263352,1003595.37263352
2025-04-12T05:20:00.000+0000,1020395.413879753,783288.560452377,909267.2511437174,1064905.7578070473,499654.96573085536,1003595.37263352,1003595.37263352
2025-04-12T05:30:00.000+0000,1020595.178290273,783288.560452377,909658.8334332082,1065545.8135624793,499654.96573085536,1003595.37263352,1003595.37263352
2025-04-12T05:40:00.000+0000,1020680.090785889,783288.560452377,908614.375191303,1065588.4475879513,499654.96573085536,1003595.37263352,1003595.37263352
2025-04-12T05:50:00.000+0000,1020553.221882273,783288.560452377,908686.8548461447,1066064.6879506232,499654.96573085536,1003595.37263352,1003595.37263352
2025-04-12T06:00:00.000+0000,1019754.407845153,783288.560452377,909824.7680806324,1064162.6891579116,499654.96573085536,1003595.37263352,1003595.37263352
2025-04-12T06:10:00.000+0000,1019810.559827601,783288.560452377,911612.8548280807,1063644.5779487353,499654.96573085536,1003595.37263352,1003595.37263352
2025-04-12T06:20:00.000+0000,1019727.0238998489,783288.560452377,912095.9746907104,1062410.7457747594,499654.96573085536,1003595.37263352,1003595.37263352
2025-04-12T06:30:00.000+0000,1019342.890392697,783288.560452377,912430.7863192852,1062544.8859067352,499654.96573085536,1003595.37263352,1003595.37263352
2025-04-12T06:40:00.000+0000,1019264.4421915051,783288.560452377,912655.4771207145,1062789.2038458954,499654.96573085536,1003595.37263352,1003595.37263352
2025-04-12T06:50:00.000+0000,1019413.752527601,783288.560452377,912024.2814062466,1064305.1019864313,499654.96573085536,1003595.37263352,1003595.37263352
2025-04-12T07:00:00.000+0000,1019602.738767561,783288.560452377,911492.8643784849,1064291.9344588874,499654.96573085536,1003595.37263352,1003595.37263352
2025-04-12T07:10:00.000+0000,1019442.712331209,783288.560452377,912463.4948355949,1064229.1893751433,499654.96573085536,1003595.37263352,1003595.37263352
2025-04-12T07:20:00.000+0000,1019817.803268209,783288.560452377,913007.3362505278,1063236.7522904794,499654.96573085536,1003595.37263352,1003595.37263352
2025-04-12T07:30:00.000+0000,1019525.453455313,783288.560452377,914301.4120952832,1062201.6011743995,499654.96573085536,1003595.37263352,1003595.37263352
2025-04-12T07:40:00.000+0000,1019569.1206635769,783288.560452377,915407.4503667597,1061856.9068506393,499654.96573085536,1003595.37263352,1003595.37263352
2025-04-12T07:50:00.000+0000,1019520.594665457,783288.560452377,917024.9973190641,1061767.2634028152,499654.96573085536,1003595.37263352,1003595.37263352
2025-04-12T08:00:00.000+0000,1018490.5762998889,783288.560452377,917184.2188521334,1057903.1678942232,499654.96573085536,1003595.37263352,1003595.37263352
2025-04-12T08:10:00.000+0000,1018094.998675361,783288.560452377,922024.1386399003,1055955.6105475354,499654.96573085536,1003595.37263352,1003595.37263352
2025-04-12T08:20:00.000+0000,1019376.3941282489,783288.560452377,919486.8182845935,1058347.6838867113,499654.96573085536,1003595.37263352,1003595.37263352
2025-04-12T08:30:00.000+0000,1019546.572426609,783288.560452377,918699.83252261,1059954.2904823832,499654.96573085536,1003595.37263352,1003595.37263352
2025-04-12T08:40:00.000+0000,1019138.3937410009,783288.560452377,918434.0768347378,1059070.7182361193,499654.96573085536,1003595.37263352,1003595.37263352
2025-04-12T08:50:00.000+0000,1019125.660245953,783288.560452377,918791.9913616213,1059764.4035435594,499654.96573085536,1003595.37263352,1003595.37263352
2025-04-12T09:00:00.000+0000,1019017.981378017,783288.560452377,919564.2970593481,1057632.2314669034,499654.96573085536,1003595.37263352,1003595.37263352
2025-04-12T09:10:00.000+0000,1019150.9311130729,783288.560452377,917622.2800823329,1058558.5148169273,499654.96573085536,1003595.37263352,1003595.37263352
2025-04-12T09:20:00.000+0000,1018996.7582601049,783288.560452377,919074.7146902862,1060239.5300380394,499654.96573085536,1003595.37263352,1003595.37263352
2025-04-12T09:30:00.000+0000,1018853.295921865,783288.560452377,919052.5190440337,1059488.8804385194,499654.96573085536,1003595.37263352,1003595.37263352
2025-04-12T09:40:00.000+0000,1018816.112622321,783288.560452377,919734.2048749698,1059686.6019546634,499654.96573085536,1003595.37263352,1003595.37263352
2025-04-12T09:50:00.000+0000,1018833.0874715691,783288.560452377,920629.9268648745,1060398.599300743,499654.96573085536,1003595.37263352,1003595.37263352
2025-04-12T10:00:00.000+0000,1018812.1806004569,783288.560452377,919822.6912967216,1062599.5267890312,499654.96573085536,1003595.37263352,1003595.37263352
2025-04-12T10:10:00.000+0000,1018687.328582041,783288.560452377,918627.0505606805,1063271.2554958155,499654.96573085536,1003595.37263352,1003595.37263352
2025-04-12T10:20:00.000+0000,1018971.153899993,783288.560452377,918524.7275456868,1063774.5091305675,499654.96573085536,1003595.37263352,1003595.37263352
2025-04-12T10:30:00.000+0000,1019292.083051113,783288.560452377,918710.4078590585,1064028.0593479914,499654.96573085536,1003595.37263352,1003595.37263352
2025-04-12T10:40:00.000+0000,1019598.266128537,783288.560452377,917335.9127749067,1066341.1948180234,499654.96573085536,1003595.37263352,1003595.37263352
2025-04-12T10:50:00.000+0000,1019095.935025169,783288.560452377,917798.8945912629,1066020.9771772393,499654.96573085536,1003595.37263352,1003595.37263352
2025-04-12T11:00:00.000+0000,1018779.359698201,783288.560452377,919641.4909567875,1064535.9286072874,499654.96573085536,1003595.37263352,1003595.37263352
2025-04-12T11:10:00.000+0000,1018719.1625444809,783288.560452377,920906.11421199,1062984.6865645114,499654.96573085536,1003595.37263352,1003595.37263352
2025-04-12T11:20:00.000+0000,1018829.4200778329,783288.560452377,921907.0423215353,1063608.5792207753,499654.96573085536,1003595.37263352,1003595.37263352
2025-04-12T11:30:00.000+0000,1018927.477738897,783288.560452377,919833.9342503122,1064384.9246171995,499654.96573085536,1003595.37263352,1003595.37263352
2025-04-12T11:40:00.000+0000,1018834.687550481,783288.560452377,919289.729930985,1064230.4083891513,499654.96573085536,1003595.37263352,1003595.37263352
2025-04-12T11:50:00.000+0000,1018851.034362561,783288.560452377,919857.6267922604,1063806.7229888474,499654.96573085536,1003595.37263352,1003595.37263352
2025-04-12T12:00:00.000+0000,1019028.183929441,783288.560452377,919200.4048673972,1064219.5406902712,499654.96573085536,1003595.37263352,1003595.37263352
2025-04-12T12:10:00.000+0000,1018562.2128247849,783288.560452377,920948.5604603458,1063273.0917356473,499654.96573085536,1003595.37263352,1003595.37263352
2025-04-12T12:20:00.000+0000,1018283.1222160329,783288.560452377,921786.6053332121,1062591.3814205432,499654.96573085536,1003595.37263352,1003595.37263352
2025-04-12T12:30:00.000+0000,1017748.7445504409,783288.560452377,922174.6143647463,1062065.8661793354,499654.96573085536,1003595.37263352,1003595.37263352
2025-04-12T12:40:00.000+0000,1017908.258007505,783288.560452377,924826.2385793028,1062607.1831290554,499654.96573085536,1003595.37263352,1003595.37263352
2025-04-12T12:50:00.000+0000,1016886.058981457,783288.560452377,924719.6789639548,1062064.9498030234,499654.96573085536,1003595.37263352,1003595.37263352
2025-04-12T13:00:00.000+0000,1016452.6694706569,783288.560452377,927199.4774068708,1059579.9803302553,499654.96573085536,1003595.37263352,1003595.37263352
2025-04-12T13:10:00.000+0000,1016275.556434529,783288.560452377,931034.5642856165,1058627.2555203354,499654.96573085536,1003595.37263352,1003595.37263352
2025-04-12T13:20:00.000+0000,1016625.7820696969,783288.560452377,927251.9326801377,1060654.9540427513,499654.96573085536,1003595.37263352,1003595.37263352
2025-04-12T13:30:00.000+0000,1016163.287301745,783288.560452377,929111.0528306048,1060271.8294178473,499654.96573085536,1003595.37263352,1003595.37263352
2025-04-12T13:40:00.000+0000,1013813.309559129,783288.560452377,930894.2034253895,1053612.2229285995,499654.96573085536,1003595.37263352,1003595.37263352
2025-04-12T13:50:00.000+0000,1013758.6739725929,783288.560452377,937663.796182163,1050777.5238135513,499654.96573085536,1003595.37263352,1003595.37263352
2025-04-12T14:00:00.000+0000,1013217.002576657,783288.560452377,940432.4786718051,1049209.9769750554,499654.96573085536,1003595.37263352,1003595.37263352
2025-04-12T14:10:00.000+0000,1013645.803181521,783288.560452377,942740.8459054255,1048152.4244044875,499654.96573085536,1003595.37263352,1003595.37263352
2025-04-12T14:20:00.000+0000,1012047.3562229129,783288.560452377,944144.8361922305,1042792.4169535993,499654.96573085536,1003595.37263352,1003595.37263352
2025-04-12T14:30:00.000+0000,1011497.0928960249,783288.560452377,950156.9884969709,1041004.5789990954,499654.96573085536,1003595.37263352,1003595.37263352
2025-04-12T14:40:00.000+0000,1012526.583624041,783288.560452377,948065.2982627507,1044868.4193319913,499654.96573085536,1003595.37263352,1003595.37263352
2025-04-12T14:50:00.000+0000,1012566.5913722169,783288.560452377,948998.3081789231,1045428.4097010155,499654.96573085536,1003595.37263352,1003595.37263352
2025-04-12T15:00:00.000+0000,1012527.9675260329,783288.560452377,947986.7948330719,1045409.0270495514,499654.96573085536,1003595.37263352,1003595.37263352
2025-04-12T15:10:00.000+0000,1012038.9270016891,783288.560452377,947845.3653723114,1045105.3177115513,499654.96573085536,1003595.37263352,1003595.37263352
2025-04-12T15:20:00.000+0000,1011703.1913852249,783288.560452377,953825.779156407,1042480.9139355354,499654.96573085536,1003595.37263352,1003595.37263352
2025-04-12T15:30:00.000+0000,1011728.727100297,783288.560452377,953979.6211996792,1039236.1464278555,499654.96573085536,1003595.37263352,1003595.37263352
2025-04-12T15:40:00.000+0000,1011843.2890873288,783288.560452377,952728.8382937467,1041165.0806649594,499654.96573085536,1003595.37263352,1003595.37263352
2025-04-12T15:50:00.000+0000,1012340.9032872409,783288.560452377,951710.6332786991,1038053.1919091673,499654.96573085536,1003595.37263352,1003595.37263352
2025-04-12T16:00:00.000+0000,1011954.721180281,783288.560452377,951184.8969746716,1036159.4531431434,499654.96573085536,1003595.37263352,1003595.37263352
2025-04-12T16:10:00.000+0000,1011785.969269897,783288.560452377,949474.8285383198,1037293.0478712793,499654.96573085536,1003595.37263352,1003595.37263352
2025-04-12T16:20:00.000+0000,1011439.0993180331,783288.560452377,952428.4261388974,1034062.5141274714,499654.96573085536,1003595.37263352,1003595.37263352
2025-04-12T16:30:00.000+0000,1011190.7751963849,783288.560452377,950377.565189451,1032645.0718092154,499654.96573085536,1003595.37263352,1003595.37263352
2025-04-12T16:40:00.000+0000,1011345.505443081,783288.560452377,944839.153036933,1032938.6728703114,499654.96573085536,1003595.37263352,1003595.37263352
2025-04-12T16:50:00.000+0000,1010439.6128174169,783288.560452377,945315.70048446,1035700.1946940634,499654.96573085536,1003595.37263352,1003595.37263352
2025-04-12T17:00:00.000+0000,1009836.183607289,783288.560452377,941509.778617216,1034664.8949469834,499654.96573085536,1003595.37263352,1003595.37263352
2025-04-12T17:10:00.000+0000,1010553.511925177,783288.560452377,939088.8684602091,1038709.2143510233,499654.96573085536,1003595.37263352,1003595.37263352
2025-04-12T17:20:00.000+0000,1010054.3595467929,783288.560452377,940693.4825925168,1035962.2299680073,499654.96573085536,1003595.37263352,1003595.37263352
2025-04-12T17:30:00.000+0000,1010542.629777865,783288.560452377,943741.8195345886,1033905.1013085513,499654.96573085536,1003595.37263352,1003595.37263352
2025-04-12T17:40:00.000+0000,1011285.937845313,783288.560452377,942427.2282694877,1034050.5548325675,499654.96573085536,1003595.37263352,1003595.37263352
2025-04-12T17:50:00.000+0000,1010954.385249753,783288.560452377,942844.1428600355,1033679.8241745513,499654.96573085536,1003595.37263352,1003595.37263352
2025-04-12T18:00:00.000+0000,1010484.164727353,783288.560452377,944607.7345978946,1033360.1176945114,499654.96573085536,1003595.37263352,1003595.37263352
2025-04-12T18:10:00.000+0000,1010088.954588601,783288.560452377,944809.4431233353,1033928.0067295433,499654.96573085536,1003595.37263352,1003595.37263352
2025-04-12T18:20:00.000+0000,1009626.168344017,783288.560452377,946434.8404186075,1033833.2193801354,499654.96573085536,1003595.37263352,1003595.37263352
2025-04-12T18:30:00.000+0000,1009464.972234153,783288.560452377,947559.3598425521,1032259.6169100233,499654.96573085536,1003595.37263352,1003595.37263352
2025-04-12T18:40:00.000+0000,1009753.591304033,783288.560452377,949069.7553717087,1030127.5717717352,499654.96573085536,1003595.37263352,1003595.37263352
2025-04-12T18:50:00.000+0000,1009531.603616369,783288.560452377,951641.7952148179,1029136.0244546874,499654.96573085536,1003595.37263352,1003595.37263352
2025-04-12T19:00:00.000+0000,1009284.655632929,783288.560452377,950298.2322040014,1029957.6765767114,499654.96573085536,1003595.37263352,1003595.37263352
2025-04-12T19:10:00.000+0000,1009167.951650865,783288.560452377,951195.3921377393,1029734.5660380474,499654.96573085536,1003595.37263352,1003595.37263352
2025-04-12T19:20:00.000+0000,1009048.4426745928,783288.560452377,948586.3741875063,1029996.8648409994,499654.96573085536,1003595.37263352,1003595.37263352
2025-04-12T19:30:00.000+0000,1009772.5698990009,783288.560452377,947167.5851010678,1034107.7507491993,499654.96573085536,1003595.37263352,1003595.37263352
2025-04-12T19:40:00.000+0000,1009625.492165393,783288.560452377,948103.0795977314,1032291.7220953113,499654.96573085536,1003595.37263352,1003595.37263352
2025-04-12T19:50:00.000+0000,1009857.764808505,783288.560452377,948638.9109309457,1029932.3385833353,499654.96573085536,1003595.37263352,1003595.37263352
2025-04-12T20:00:00.000+0000,1009278.0501415529,783288.560452377,949621.9011803925,1028695.0165934473,499654.96573085536,1003595.37263352,1003595.37263352
2025-04-12T20:10:00.000+0000,1009060.8102725928,783288.560452377,949989.0557380056,1029756.9383258874,499654.96573085536,1003595.37263352,1003595.37263352
2025-04-12T20:20:00.000+0000,1008341.188990545,783288.560452377,951246.1583048163,1029595.7365505593,499654.96573085536,1003595.37263352,1003595.37263352
2025-04-12T20:30:00.000+0000,1007836.0458186329,783288.560452377,954400.4328004299,1029359.5818156073,499654.96573085536,1003595.37263352,1003595.37263352
2025-04-12T20:40:00.000+0000,1007102.172537313,783288.560452377,958846.9911371369,1025312.7699671193,499654.96573085536,1003595.37263352,1003595.37263352
2025-04-12T20:50:00.000+0000,1007488.970321337,783288.560452377,957093.1398320599,1023908.4415793193,499654.96573085536,1003595.37263352,1003595.37263352
2025-04-12T21:00:00.000+0000,1007583.7692814489,783288.560452377,953129.3306643148,1025436.5415006153,499654.96573085536,1003595.37263352,1003595.37263352
2025-04-12T21:10:00.000+0000,1007731.295246185,783288.560452377,954691.660156102,1025085.1566235833,499654.96573085536,1003595.37263352,1003595.37263352
2025-04-12T21:20:00.000+0000,1007955.314507289,783288.560452377,955263.1243730048,1024543.1711091434,499654.96573085536,1003595.37263352,1003595.37263352
2025-04-12T21:30:00.000+0000,1008199.364780753,783288.560452377,955225.6745795435,1025205.5613426875,499654.96573085536,1003595.37263352,1003595.37263352
2025-04-12T21:40:00.000+0000,1008208.7488574809,783288.560452377,956554.8788905483,1025640.7246533113,499654.96573085536,1003595.37263352,1003595.37263352
2025-04-12T21:50:00.000+0000,1007809.619466641,783288.560452377,956448.1573901479,1022094.6395327193,499654.96573085536,1003595.37263352,1003595.37263352
2025-04-12T22:00:00.000+0000,1007890.8320945209,783288.560452377,956844.1496924874,1018686.1588504392,499654.96573085536,1003595.37263352,1003595.37263352
2025-04-12T22:10:00.000+0000,1007841.485813153,783288.560452377,958401.7059898144,1018484.3221990394,499654.96573085536,1003595.37263352,1003595.37263352
2025-04-12T22:20:00.000+0000,1007874.793565617,783288.560452377,958584.7283280586,1017052.4616446072,499654.96573085536,1003595.37263352,1003595.37263352
2025-04-12T22:30:00.000+0000,1008846.098029913,783288.560452377,957590.9660332836,1021422.5452186554,499654.96573085536,1003595.37263352,1003595.37263352
2025-04-12T22:40:00.000+0000,1008715.9432471049,783288.560452377,956974.7401074255,1021268.0950776953,499654.96573085536,1003595.37263352,1003595.37263352
2025-04-12T22:50:00.000+0000,1008778.6379012249,783288.560452377,955656.0885967012,1021740.6040278875,499654.96573085536,1003595.37263352,1003595.37263352
2025-04-12T23:00:00.000+0000,1008674.0413054969,783288.560452377,955467.8848636246,1019724.3589553753,499654.96573085536,1003595.37263352,1003595.37263352
2025-04-12T23:10:00.000+0000,1009148.203791801,783288.560452377,953996.0543748084,1019527.0012579433,499654.96573085536,1003595.37263352,1003595.37263352
2025-04-12T23:20:00.000+0000,1009210.127063521,783288.560452377,955057.0492794665,1019882.2847236072,499654.96573085536,1003595.37263352,1003595.37263352
2025-04-12T23:30:00.000+0000,1009942.777294065,783288.560452377,954057.1980784446,1022841.0433116152,499654.96573085536,1003595.37263352,1003595.37263352
2025-04-12T23:40:00.000+0000,1009497.438050705,783288.560452377,954983.1933333904,1020997.9325207833,499654.96573085536,1003595.37263352,1003595.37263352
2025-04-12T23:50:00.000+0000,1009746.819415881,783288.560452377,955041.456597399,1023083.9561557514,499654.96573085536,1003595.37263352,1003595.37263352
2025-04-13T00:00:00.000+0000,1009432.222654793,783288.560452377,954927.8150431132,1025754.5793666153,499654.96573085536,1003595.37263352,1003595.37263352
2025-04-13T00:10:00.000+0000,1008898.873066081,783288.560452377,957018.4562528739,1025567.8140584874,499654.96573085536,1003595.37263352,1003595.37263352
2025-04-13T00:20:00.000+0000,1009038.449425593,783288.560452377,953375.926868927,1026382.3467905833,499654.96573085536,1003595.37263352,1003595.37263352
2025-04-13T00:30:00.000+0000,1009038.578991857,783288.560452377,951500.1245451341,1026274.4977089274,499654.96573085536,1003595.37263352,1003595.37263352
2025-04-13T00:40:00.000+0000,1007427.383470265,783288.560452377,954653.3615437306,1024062.3424400553,499654.96573085536,1003595.37263352,1003595.37263352
2025-04-13T00:50:00.000+0000,1006756.124547353,783288.560452377,957652.3308331936,1022998.9108065034,499654.96573085536,1003595.37263352,1003595.37263352
2025-04-13T01:00:00.000+0000,1007413.3682913849,783288.560452377,955743.5578577261,1022815.1963257593,499654.96573085536,1003595.37263352,1003595.37263352
2025-04-13T01:10:00.000+0000,1007561.1606728169,783288.560452377,956953.985588741,1019810.4531848473,499654.96573085536,1003595.37263352,1003595.37263352
2025-04-13T01:20:00.000+0000,1007762.794376705,783288.560452377,957352.7259215878,1019486.2820593833,499654.96573085536,1003595.37263352,1003595.37263352
2025-04-13T01:30:00.000+0000,1007533.9633480969,783288.560452377,954633.6554950716,1019580.8707778234,499654.96573085536,1003595.37263352,1003595.37263352
2025-04-13T01:40:00.000+0000,1008739.6981879369,783288.560452377,951488.041027047,1026246.4814498794,499654.96573085536,1003595.37263352,1003595.37263352
2025-04-13T01:50:00.000+0000,1009650.540330817,783288.560452377,947194.6085831812,1029582.3777761353,499654.96573085536,1003595.37263352,1003595.37263352
2025-04-13T02:00:00.000+0000,1009808.7170081609,783288.560452377,947783.6188342904,1029392.2136592314,499654.96573085536,1003595.37263352,1003595.37263352
2025-04-13T02:10:00.000+0000,1009729.690100305,783288.560452377,944806.3555026774,1028888.8585257434,499654.96573085536,1003595.37263352,1003595.37263352
2025-04-13T02:20:00.000+0000,1010295.914977729,783288.560452377,944374.2977288836,1030387.0726348313,499654.96573085536,1003595.37263352,1003595.37263352
2025-04-13T02:30:00.000+0000,1009823.175911777,783288.560452377,946852.1157672477,1029259.7267536153,499654.96573085536,1003595.37263352,1003595.37263352
2025-04-13T02:40:00.000+0000,1009652.985223337,783288.560452377,949502.5770332881,1028019.5735305273,499654.96573085536,1003595.37263352,1003595.37263352
2025-04-13T02:50:00.000+0000,1009490.2262647529,783288.560452377,951196.6700477458,1028120.8110556634,499654.96573085536,1003595.37263352,1003595.37263352
2025-04-13T03:00:00.000+0000,1009749.9729110649,783288.560452377,953050.9079088746,1029132.6640851354,499654.96573085536,1003595.37263352,1003595.37263352
2025-04-13T03:10:00.000+0000,1009847.726125881,783288.560452377,951630.0019933768,1030365.4763856631,499654.96573085536,1003595.37263352,1003595.37263352
2025-04-13T03:20:00.000+0000,1010183.4990324889,783288.560452377,950784.7224004436,1031524.7893227593,499654.96573085536,1003595.37263352,1003595.37263352
2025-04-13T03:30:00.000+0000,1010072.972194753,783288.560452377,951148.0279088495,1031112.5988291674,499654.96573085536,1003595.37263352,1003595.37263352
2025-04-13T03:40:00.000+0000,1009999.276168777,783288.560452377,951600.9002084825,1032371.2844045033,499654.96573085536,1003595.37263352,1003595.37263352
2025-04-13T03:50:00.000+0000,1010040.781807681,783288.560452377,950422.5589141122,1032304.1350070314,499654.96573085536,1003595.37263352,1003595.37263352
2025-04-13T04:00:00.000+0000,1010248.356584905,783288.560452377,948204.9292452263,1034610.8658148954,499654.96573085536,1003595.37263352,1003595.37263352
2025-04-13T04:10:00.000+0000,1010821.832127153,783288.560452377,945770.0691253548,1037466.9957015993,499654.96573085536,1003595.37263352,1003595.37263352
2025-04-13T04:20:00.000+0000,1010765.150778537,783288.560452377,947500.9998070421,1038175.8664709433,499654.96573085536,1003595.37263352,1003595.37263352
2025-04-13T04:30:00.000+0000,1010961.0347558891,783288.560452377,944772.8105265512,1039008.4592034714,499654.96573085536,1003595.37263352,1003595.37263352
2025-04-13T04:40:00.000+0000,1011554.334366185,783288.560452377,945209.383929261,1042914.8857001594,499654.96573085536,1003595.37263352,1003595.37263352
2025-04-13T04:50:00.000+0000,1011861.774557113,783288.560452377,939846.200613298,1044427.2603817194,499654.96573085536,1003595.37263352,1003595.37263352
2025-04-13T05:00:00.000+0000,1012453.596460521,783288.560452377,939792.3773746454,1043860.5829766074,499654.96573085536,1003595.37263352,1003595.37263352
2025-04-13T05:10:00.000+0000,1012894.911665689,783288.560452377,937248.3623721891,1044506.6595515274,499654.96573085536,1003595.37263352,1003595.37263352
2025-04-13T05:20:00.000+0000,1012542.693485833,783288.560452377,939645.0828046476,1043242.6088017675,499654.96573085536,1003595.37263352,1003595.37263352
2025-04-13T05:30:00.000+0000,1011930.643667713,783288.560452377,940278.1404655073,1043058.1890257114,499654.96573085536,1003595.37263352,1003595.37263352
2025-04-13T05:40:00.000+0000,1012076.670272897,783288.560452377,939025.114241583,1043578.2853255435,499654.96573085536,1003595.37263352,1003595.37263352
2025-04-13T05:50:00.000+0000,1012050.0701200569,783288.560452377,938578.5894690335,1043576.6500348233,499654.96573085536,1003595.37263352,1003595.37263352
2025-04-13T06:00:00.000+0000,1010881.415712121,783288.560452377,939134.4543234636,1042777.5959399034,499654.96573085536,1003595.37263352,1003595.37263352
2025-04-13T06:10:00.000+0000,1010819.705979433,783288.560452377,938603.6041438146,1042284.8156697515,499654.96573085536,1003595.37263352,1003595.37263352
2025-04-13T06:20:00.000+0000,1010966.3557257049,783288.560452377,939276.9598789549,1040632.0487818792,499654.96573085536,1003595.37263352,1003595.37263352
2025-04-13T06:30:00.000+0000,1010494.400342305,783288.560452377,940294.1775042827,1040477.6267983754,499654.96573085536,1003595.37263352,1003595.37263352
2025-04-13T06:40:00.000+0000,1010484.8769970809,783288.560452377,940984.4319749193,1038877.5498448075,499654.96573085536,1003595.37263352,1003595.37263352
2025-04-13T06:50:00.000+0000,1010507.8084971928,783288.560452377,939323.57922384,1040182.5154165033,499654.96573085536,1003595.37263352,1003595.37263352
2025-04-13T07:00:00.000+0000,1010786.938404481,783288.560452377,939972.6259624795,1039401.6003687272,499654.96573085536,1003595.37263352,1003595.37263352
2025-04-13T07:10:00.000+0000,1010591.251299505,783288.560452377,940048.2293943153,1039450.9005769833,499654.96573085536,1003595.37263352,1003595.37263352
2025-04-13T07:20:00.000+0000,1010709.615102649,783288.560452377,938744.6902583961,1039217.6364277113,499654.96573085536,1003595.37263352,1003595.37263352
2025-04-13T07:30:00.000+0000,1010773.322865633,783288.560452377,936576.3118945436,1040221.9407809592,499654.96573085536,1003595.37263352,1003595.37263352
2025-04-13T07:40:00.000+0000,1011218.078466281,783288.560452377,936043.1387958153,1042213.2107495513,499654.96573085536,1003595.37263352,1003595.37263352
2025-04-13T07:50:00.000+0000,1011261.728378393,783288.560452377,936736.580582988,1042640.8217668474,499654.96573085536,1003595.37263352,1003595.37263352
2025-04-13T08:00:00.000+0000,1011233.692155329,783288.560452377,935220.1154464416,1043680.2852502714,499654.96573085536,1003595.37263352,1003595.37263352
2025-04-13T08:10:00.000+0000,1011325.9448940491,783288.560452377,934819.3721907338,1043510.6442317434,499654.96573085536,1003595.37263352,1003595.37263352
2025-04-13T08:20:00.000+0000,1011253.0188615851,783288.560452377,937538.1485824345,1043495.6691813754,499654.96573085536,1003595.37263352,1003595.37263352
2025-04-13T08:30:00.000+0000,1010967.193055305,783288.560452377,939088.2729142399,1042857.2381950873,499654.96573085536,1003595.37263352,1003595.37263352
2025-04-13T08:40:00.000+0000,1010754.6620562329,783288.560452377,940188.4927228242,1042021.3053068233,499654.96573085536,1003595.37263352,1003595.37263352
2025-04-13T08:50:00.000+0000,1010581.0279347448,783288.560452377,940860.8176413523,1040762.0510168234,499654.96573085536,1003595.37263352,1003595.37263352
2025-04-13T09:00:00.000+0000,1010745.631916129,783288.560452377,941291.6505725316,1038037.0905006073,499654.96573085536,1003595.37263352,1003595.37263352
2025-04-13T09:10:00.000+0000,1010731.0627907609,783288.560452377,940589.3193356479,1036884.5125312235,499654.96573085536,1003595.37263352,1003595.37263352
2025-04-13T09:20:00.000+0000,1010068.8241558409,783288.560452377,941465.0453288998,1035321.3711755193,499654.96573085536,1003595.37263352,1003595.37263352
2025-04-13T09:30:00.000+0000,1010030.1642785049,783288.560452377,943563.2932491865,1034978.0601542314,499654.96573085536,1003595.37263352,1003595.37263352
2025-04-13T09:40:00.000+0000,1009432.9841351209,783288.560452377,945092.8841942984,1034681.5311873353,499654.96573085536,1003595.37263352,1003595.37263352
2025-04-13T09:50:00.000+0000,1007889.261282177,783288.560452377,946596.1471585028,1033788.9374940075,499654.96573085536,1003595.37263352,1003595.37263352
2025-04-13T10:00:00.000+0000,1007591.5019803371,783288.560452377,945754.2084591689,1034185.9899277433,499654.96573085536,1003595.37263352,1003595.37263352
2025-04-13T10:10:00.000+0000,1007806.375723713,783288.560452377,944282.5221662743,1034413.5920102954,499654.96573085536,1003595.37263352,1003595.37263352
2025-04-13T10:20:00.000+0000,1008835.030071369,783288.560452377,942266.4608244346,1035923.0928127994,499654.96573085536,1003595.37263352,1003595.37263352
2025-04-13T10:30:00.000+0000,1008601.1083385849,783288.560452377,941663.8978199654,1036023.5509919112,499654.96573085536,1003595.37263352,1003595.37263352
2025-04-13T10:40:00.000+0000,1008544.739929417,783288.560452377,942921.5428653536,1035960.2077670633,499654.96573085536,1003595.37263352,1003595.37263352
2025-04-13T10:50:00.000+0000,1007968.4795668089,783288.560452377,944126.0400963634,1033627.6929429275,499654.96573085536,1003595.37263352,1003595.37263352
2025-04-13T11:00:00.000+0000,1007944.476204873,783288.560452377,942623.6573139443,1031034.4766769273,499654.96573085536,1003595.37263352,1003595.37263352
2025-04-13T11:10:00.000+0000,1008297.761820097,783288.560452377,936686.9929072561,1028494.0002252954,499654.96573085536,1003595.37263352,1003595.37263352
2025-04-13T11:20:00.000+0000,1009536.625535617,783288.560452377,934736.208936217,1035006.8598660153,499654.96573085536,1003595.37263352,1003595.37263352
2025-04-13T11:30:00.000+0000,1009329.0887979369,783288.560452377,936102.7982043492,1035705.9640149114,499654.96573085536,1003595.37263352,1003595.37263352
2025-04-13T11:40:00.000+0000,1010015.4781767931,783288.560452377,934753.7578948005,1036806.2904789674,499654.96573085536,1003595.37263352,1003595.37263352
2025-04-13T11:50:00.000+0000,1010182.0598847289,783288.560452377,934671.029114993,1036134.0522001673,499654.96573085536,1003595.37263352,1003595.37263352
2025-04-13T12:00:00.000+0000,1009946.8393817929,783288.560452377,936644.5227902229,1035908.0238775993,499654.96573085536,1003595.37263352,1003595.37263352
2025-04-13T12:10:00.000+0000,1009759.8241038009,783288.560452377,939496.4837730888,1037109.8569113832,499654.96573085536,1003595.37263352,1003595.37263352
2025-04-13T12:20:00.000+0000,1010697.628779385,783288.560452377,936673.3616259592,1037851.6600737195,499654.96573085536,1003595.37263352,1003595.37263352
2025-04-13T12:30:00.000+0000,1010807.3165289289,783288.560452377,936820.8472975825,1038338.3011891273,499654.96573085536,1003595.37263352,1003595.37263352
2025-04-13T12:40:00.000+0000,1010681.2983741689,783288.560452377,936813.5750708118,1039225.1501619114,499654.96573085536,1003595.37263352,1003595.37263352
2025-04-13T12:50:00.000+0000,1011036.804881257,783288.560452377,937637.8423201574,1037966.6460712714,499654.96573085536,1003595.37263352,1003595.37263352
2025-04-13T13:00:00.000+0000,1010968.8248987849,783288.560452377,936804.2176372147,1038148.4572558714,499654.96573085536,1003595.37263352,1003595.37263352
2025-04-13T13:10:00.000+0000,1010291.9205858009,783288.560452377,937409.3863453532,1037609.4539437592,499654.96573085536,1003595.37263352,1003595.37263352
2025-04-13T13:20:00.000+0000,1011223.894499729,783288.560452377,932486.0117274909,1040436.0559316953,499654.96573085536,1003595.37263352,1003595.37263352
2025-04-13T13:30:00.000+0000,1011443.687974169,783288.560452377,932991.6906773427,1041551.3573761755,499654.96573085536,1003595.37263352,1003595.37263352
2025-04-13T13:40:00.000+0000,1012069.737253753,783288.560452377,927694.3824423101,1043559.9309008393,499654.96573085536,1003595.37263352,1003595.37263352
2025-04-13T13:50:00.000+0000,1013490.8654409529,783288.560452377,921015.1018437678,1053914.8847652713,499654.96573085536,1003595.37263352,1003595.37263352
2025-04-13T14:00:00.000+0000,1013540.919735457,783288.560452377,924327.2872492013,1054123.8559045112,499654.96573085536,1003595.37263352,1003595.37263352
2025-04-13T14:10:00.000+0000,1013548.354692729,783288.560452377,925262.9334181255,1053062.2666059113,499654.96573085536,1003595.37263352,1003595.37263352
2025-04-13T14:20:00.000+0000,1014163.7387912889,783288.560452377,925817.0622963796,1055283.5496667034,499654.96573085536,1003595.37263352,1003595.37263352
2025-04-13T14:30:00.000+0000,1013002.7637549369,783288.560452377,926805.7303094664,1053205.8980887274,499654.96573085536,1003595.37263352,1003595.37263352
2025-04-13T14:40:00.000+0000,1013044.501158281,783288.560452377,929314.6256723799,1052448.1001524555,499654.96573085536,1003595.37263352,1003595.37263352
2025-04-13T14:50:00.000+0000,1013445.293008089,783288.560452377,929709.5038188504,1052888.0706142795,499654.96573085536,1003595.37263352,1003595.37263352
2025-04-13T15:00:00.000+0000,1013694.8339055369,783288.560452377,927100.8297692307,1053229.2597744153,499654.96573085536,1003595.37263352,1003595.37263352
2025-04-13T15:10:00.000+0000,1013208.8024819851,783288.560452377,928435.1570419215,1054173.1536347512,499654.96573085536,1003595.37263352,1003595.37263352
2025-04-13T15:20:00.000+0000,1013543.8632987209,783288.560452377,928713.422361024,1054557.2491523193,499654.96573085536,1003595.37263352,1003595.37263352
2025-04-13T15:30:00.000+0000,1013723.404081097,783288.560452377,928200.0702367272,1054164.3418897912,499654.96573085536,1003595.37263352,1003595.37263352
2025-04-13T15:40:00.000+0000,1014164.2078157689,783288.560452377,927597.571290517,1055243.1696765595,499654.96573085536,1003595.37263352,1003595.37263352
2025-04-13T15:50:00.000+0000,1013756.7298691209,783288.560452377,929982.1101544537,1054556.0142410393,499654.96573085536,1003595.37263352,1003595.37263352
2025-04-13T16:00:00.000+0000,1012994.5958844649,783288.560452377,931961.5158267654,1052661.9021639035,499654.96573085536,1003595.37263352,1003595.37263352
2025-04-13T16:10:00.000+0000,1012125.9104092489,783288.560452377,932106.3416541766,1050123.3640103913,499654.96573085536,1003595.37263352,1003595.37263352
2025-04-13T16:20:00.000+0000,1012032.5917639369,783288.560452377,935030.946859814,1049155.8372415195,499654.96573085536,1003595.37263352,1003595.37263352
2025-04-13T16:30:00.000+0000,1011883.3252727368,783288.560452377,935637.9855451173,1049188.9586631674,499654.96573085536,1003595.37263352,1003595.37263352
2025-04-13T16:40:00.000+0000,1012346.288355737,783288.560452377,933959.35359954,1050716.9661085033,499654.96573085536,1003595.37263352,1003595.37263352
2025-04-13T16:50:00.000+0000,1012066.284428225,783288.560452377,934293.2617320863,1049965.4361838074,499654.96573085536,1003595.37263352,1003595.37263352
2025-04-13T17:00:00.000+0000,1011868.264680857,783288.560452377,935520.070125273,1048437.3190163195,499654.96573085536,1003595.37263352,1003595.37263352
2025-04-13T17:10:00.000+0000,1011205.180982529,783288.560452377,938384.4434312922,1045609.3354145592,499654.96573085536,1003595.37263352,1003595.37263352
2025-04-13T17:20:00.000+0000,1010202.7373295289,783288.560452377,944492.166260883,1040900.0174952714,499654.96573085536,1003595.37263352,1003595.37263352
2025-04-13T17:30:00.000+0000,1010392.5838007529,783288.560452377,943003.4257684862,1042239.8678068315,499654.96573085536,1003595.37263352,1003595.37263352
2025-04-13T17:40:00.000+0000,1009310.486082025,783288.560452377,945862.6402158418,1038756.5609534153,499654.96573085536,1003595.37263352,1003595.37263352
2025-04-13T17:50:00.000+0000,1008980.784324609,783288.560452377,950143.6354304433,1035462.4823262152,499654.96573085536,1003595.37263352,1003595.37263352
2025-04-13T18:00:00.000+0000,1008743.8932492009,783288.560452377,948912.7981366492,1036176.1840776794,499654.96573085536,1003595.37263352,1003595.37263352
2025-04-13T18:10:00.000+0000,1008873.060043033,783288.560452377,947697.6224123606,1038047.7335493515,499654.96573085536,1003595.37263352,1003595.37263352
2025-04-13T18:20:00.000+0000,1009584.2504551769,783288.560452377,946492.6550690221,1041751.8372338794,499654.96573085536,1003595.37263352,1003595.37263352
2025-04-13T18:30:00.000+0000,1009168.0134314009,783288.560452377,948267.3471742761,1037676.6667204873,499654.96573085536,1003595.37263352,1003595.37263352
2025-04-13T18:40:00.000+0000,1009544.004717545,783288.560452377,948992.5052410011,1038482.6957310074,499654.96573085536,1003595.37263352,1003595.37263352
2025-04-13T18:50:00.000+0000,1009988.8322805769,783288.560452377,948269.2182245918,1038958.7977244633,499654.96573085536,1003595.37263352,1003595.37263352
2025-04-13T19:00:00.000+0000,1009929.560206201,783288.560452377,942561.6900283019,1041622.0335799434,499654.96573085536,1003595.37263352,1003595.37263352
2025-04-13T19:10:00.000+0000,1010703.935989577,783288.560452377,943709.8175639282,1043386.5619770233,499654.96573085536,1003595.37263352,1003595.37263352
2025-04-13T19:20:00.000+0000,1011418.004937049,783288.560452377,942152.7029761496,1044096.5754015113,499654.96573085536,1003595.37263352,1003595.37263352
2025-04-13T19:30:00.000+0000,1012242.800102625,783288.560452377,928218.2686403231,1044901.9789727833,499654.96573085536,1003595.37263352,1003595.37263352
2025-04-13T19:40:00.000+0000,1015441.243009657,783288.560452377,921677.2503165134,1054353.8927377034,499654.96573085536,1003595.37263352,1003595.37263352
2025-04-13T19:50:00.000+0000,1014987.7344070169,783288.560452377,928251.36842809,1052690.3535945355,499654.96573085536,1003595.37263352,1003595.37263352
2025-04-13T20:00:00.000+0000,1014515.060249097,783288.560452377,926751.5117482526,1050529.3498117113,499654.96573085536,1003595.37263352,1003595.37263352
2025-04-13T20:10:00.000+0000,1014021.559755585,783288.560452377,934868.8666273511,1047670.4637117434,499654.96573085536,1003595.37263352,1003595.37263352
2025-04-13T20:20:00.000+0000,1014164.5036589049,783288.560452377,935441.1732421177,1049037.9298129834,499654.96573085536,1003595.37263352,1003595.37263352
2025-04-13T20:30:00.000+0000,1015070.4699755689,783288.560452377,925004.5491520446,1051544.0446459192,499654.96573085536,1003595.37263352,1003595.37263352
2025-04-13T20:40:00.000+0000,1016708.941219113,783288.560452377,921617.2103323136,1057333.0587566954,499654.96573085536,1003595.37263352,1003595.37263352
2025-04-13T20:50:00.000+0000,1016595.0429506811,783288.560452377,923115.4803025754,1057923.7581987914,499654.96573085536,1003595.37263352,1003595.37263352
2025-04-13T21:00:00.000+0000,1017530.9511446649,783288.560452377,916826.8610855818,1061200.7513852874,499654.96573085536,1003595.37263352,1003595.37263352
2025-04-13T21:10:00.000+0000,1017311.827803689,783288.560452377,919482.3847338605,1062926.3732625034,499654.96573085536,1003595.37263352,1003595.37263352
2025-04-13T21:20:00.000+0000,1016830.4384934731,783288.560452377,924172.2450100672,1061713.0236493594,499654.96573085536,1003595.37263352,1003595.37263352
2025-04-13T21:30:00.000+0000,1017594.810026657,783288.560452377,918073.3939767745,1062852.3324525754,499654.96573085536,1003595.37263352,1003595.37263352
2025-04-13T21:40:00.000+0000,1018169.660068425,783288.560452377,919486.4476623612,1065192.4024877034,499654.96573085536,1003595.37263352,1003595.37263352
2025-04-13T21:50:00.000+0000,1016847.041300593,783288.560452377,924134.5108401485,1062477.1427046873,499654.96573085536,1003595.37263352,1003595.37263352
2025-04-13T22:00:00.000+0000,1016414.8380400331,783288.560452377,924429.0152905192,1062044.3453997434,499654.96573085536,1003595.37263352,1003595.37263352
2025-04-13T22:10:00.000+0000,1017092.503673473,783288.560452377,923991.0420051147,1066163.5374676953,499654.96573085536,1003595.37263352,1003595.37263352
2025-04-13T22:20:00.000+0000,1017294.0288442569,783288.560452377,925250.5144324263,1065616.8240685915,499654.96573085536,1003595.37263352,1003595.37263352
2025-04-13T22:30:00.000+0000,1017147.264709569,783288.560452377,923009.806511984,1064895.3248500952,499654.96573085536,1003595.37263352,1003595.37263352
2025-04-13T22:40:00.000+0000,1018253.262642817,783288.560452377,923146.721953555,1067393.8611007514,499654.96573085536,1003595.37263352,1003595.37263352
2025-04-13T22:50:00.000+0000,1018508.541706057,783288.560452377,923894.4479520675,1068075.2276111194,499654.96573085536,1003595.37263352,1003595.37263352
2025-04-13T23:00:00.000+0000,1018815.6258620409,783288.560452377,922940.3356547875,1068573.7256833673,499654.96573085536,1003595.37263352,1003595.37263352
2025-04-13T23:10:00.000+0000,1018011.018293457,783288.560452377,928059.9063983144,1066603.5944302634,499654.96573085536,1003595.37263352,1003595.37263352
2025-04-13T23:20:00.000+0000,1017448.059301233,783288.560452377,927682.9650387912,1067637.5899815352,499654.96573085536,1003595.37263352,1003595.37263352
2025-04-13T23:30:00.000+0000,1017617.461580905,783288.560452377,926268.7596549137,1067398.6511756233,499654.96573085536,1003595.37263352,1003595.37263352
2025-04-13T23:40:00.000+0000,1017724.206086929,783288.560452377,925138.1151505273,1067884.1262945754,499654.96573085536,1003595.37263352,1003595.37263352
2025-04-13T23:50:00.000+0000,1016541.364307977,783288.560452377,929333.6474521998,1066030.2615138234,499654.96573085536,1003595.37263352,1003595.37263352
2025-04-14T00:00:00.000+0000,1017032.469459297,783288.560452377,930170.2372465364,1065489.9289359753,499654.96573085536,1003595.37263352,1003595.37263352
2025-04-14T00:10:00.000+0000,1015724.699682761,783288.560452377,933891.0931688563,1061805.9010179755,499654.96573085536,1003595.37263352,1003595.37263352
2025-04-14T00:20:00.000+0000,1013156.3982889049,783288.560452377,943042.7519958762,1056291.1120014794,499654.96573085536,1003595.37263352,1003595.37263352
2025-04-14T00:30:00.000+0000,1013882.988011737,783288.560452377,942187.2463328624,1058830.2237857194,499654.96573085536,1003595.37263352,1003595.37263352
2025-04-14T00:40:00.000+0000,1013729.6814152091,783288.560452377,943083.3518763864,1059070.7129603433,499654.96573085536,1003595.37263352,1003595.37263352
2025-04-14T00:50:00.000+0000,1014647.394127233,783288.560452377,940172.0563461013,1060827.3292921432,499654.96573085536,1003595.37263352,1003595.37263352
2025-04-14T01:00:00.000+0000,1014472.194219377,783288.560452377,940998.882393413,1061179.4178657674,499654.96573085536,1003595.37263352,1003595.37263352
2025-04-14T01:10:00.000+0000,1014677.475253065,783288.560452377,942338.6344340194,1061064.4974956715,499654.96573085536,1003595.37263352,1003595.37263352
2025-04-14T01:20:00.000+0000,1014644.2978062729,783288.560452377,943554.6061870437,1059968.0777237592,499654.96573085536,1003595.37263352,1003595.37263352
2025-04-14T01:30:00.000+0000,1014507.263311641,783288.560452377,943115.2303360674,1059359.4080193834,499654.96573085536,1003595.37263352,1003595.37263352
2025-04-14T01:40:00.000+0000,1015101.371844281,783288.560452377,941574.2712630826,1061385.1500482473,499654.96573085536,1003595.37263352,1003595.37263352
2025-04-14T01:50:00.000+0000,1015229.986520161,783288.560452377,939689.5808220882,1062637.415343919,499654.96573085536,1003595.37263352,1003595.37263352
2025-04-14T02:00:00.000+0000,1014895.7052392969,783288.560452377,940421.616347457,1062685.6585984153,499654.96573085536,1003595.37263352,1003595.37263352
2025-04-14T02:10:00.000+0000,1015152.095622769,783288.560452377,943328.9569531097,1063570.1301746394,499654.96573085536,1003595.37263352,1003595.37263352
2025-04-14T02:20:00.000+0000,1012894.2103471928,783288.560452377,945297.6222201855,1056606.3971114473,499654.96573085536,1003595.37263352,1003595.37263352
2025-04-14T02:30:00.000+0000,1010458.969169937,783288.560452377,957375.2322722117,1049877.6558243195,499654.96573085536,1003595.37263352,1003595.37263352
2025-04-14T02:40:00.000+0000,1011810.940796681,783288.560452377,957334.4715976585,1051635.8351846954,499654.96573085536,1003595.37263352,1003595.37263352
2025-04-14T02:50:00.000+0000,1012570.813381905,783288.560452377,956020.3252436996,1053852.7157702872,499654.96573085536,1003595.37263352,1003595.37263352
2025-04-14T03:00:00.000+0000,1013564.574916161,783288.560452377,952953.6341925263,1056786.3958271833,499654.96573085536,1003595.37263352,1003595.37263352
2025-04-14T03:10:00.000+0000,1014611.0806812489,783288.560452377,950218.6519193756,1059725.4596436233,499654.96573085536,1003595.37263352,1003595.37263352
2025-04-14T03:20:00.000+0000,1014400.887820169,783288.560452377,950798.6794280829,1059845.8319686635,499654.96573085536,1003595.37263352,1003595.37263352
2025-04-14T03:30:00.000+0000,1014429.2120126729,783288.560452377,949599.4222844096,1059320.1537379513,499654.96573085536,1003595.37263352,1003595.37263352
2025-04-14T03:40:00.000+0000,1014787.278759929,783288.560452377,948600.9602345738,1061649.4297252314,499654.96573085536,1003595.37263352,1003595.37263352
2025-04-14T03:50:00.000+0000,1015420.481442209,783288.560452377,946574.7237258848,1064136.5696402553,499654.96573085536,1003595.37263352,1003595.37263352
2025-04-14T04:00:00.000+0000,1015091.216934713,783288.560452377,948894.2735930061,1063107.5309203435,499654.96573085536,1003595.37263352,1003595.37263352
2025-04-14T04:10:00.000+0000,1015195.312601505,783288.560452377,948550.0932984677,1062727.8579519033,499654.96573085536,1003595.37263352,1003595.37263352
2025-04-14T04:20:00.000+0000,1014931.810831697,783288.560452377,951462.2505254736,1061627.8992434074,499654.96573085536,1003595.37263352,1003595.37263352
2025-04-14T04:30:00.000+0000,1014440.433248497,783288.560452377,953253.3326561812,1061053.3313057753,499654.96573085536,1003595.37263352,1003595.37263352
2025-04-14T04:40:00.000+0000,1013074.4234013209,783288.560452377,955986.8086703538,1057560.5555135752,499654.96573085536,1003595.37263352,1003595.37263352
2025-04-14T04:50:00.000+0000,1013148.8649004409,783288.560452377,955838.5955980744,1056086.2332557032,499654.96573085536,1003595.37263352,1003595.37263352
2025-04-14T05:00:00.000+0000,1013188.431072161,783288.560452377,954555.5190923262,1055674.1905637754,499654.96573085536,1003595.37263352,1003595.37263352
2025-04-14T05:10:00.000+0000,1013154.0682943929,783288.560452377,955409.1625674487,1056088.9055561512,499654.96573085536,1003595.37263352,1003595.37263352
2025-04-14T05:20:00.000+0000,1013424.482419889,783288.560452377,954816.1097598465,1057952.2286541914,499654.96573085536,1003595.37263352,1003595.37263352
2025-04-14T05:30:00.000+0000,1013513.075059033,783288.560452377,949132.6217264289,1057672.7342587274,499654.96573085536,1003595.37263352,1003595.37263352
2025-04-14T05:40:00.000+0000,1014840.0778168649,783288.560452377,947772.0833034052,1063089.5776844313,499654.96573085536,1003595.37263352,1003595.37263352
2025-04-14T05:50:00.000+0000,1014649.182415457,783288.560452377,948635.7000943841,1062909.3372722075,499654.96573085536,1003595.37263352,1003595.37263352
2025-04-14T06:00:00.000+0000,1014609.0380266809,783288.560452377,946145.3847660245,1063562.9821876073,499654.96573085536,1003595.37263352,1003595.37263352
2025-04-14T06:10:00.000+0000,1015227.981665329,783288.560452377,948014.7837946061,1064687.9149108953,499654.96573085536,1003595.37263352,1003595.37263352
2025-04-14T06:20:00.000+0000,1015519.784855873,783288.560452377,946294.2110734041,1066153.9507332232,499654.96573085536,1003595.37263352,1003595.37263352
2025-04-14T06:30:00.000+0000,1015561.3345395129,783288.560452377,946347.6279807694,1066150.8782132072,499654.96573085536,1003595.37263352,1003595.37263352
2025-04-14T06:40:00.000+0000,1015452.7055722651,783288.560452377,949370.8802874717,1065361.0021399914,499654.96573085536,1003595.37263352,1003595.37263352
2025-04-14T06:50:00.000+0000,1015563.802813313,783288.560452377,947237.2262048831,1066799.9693745272,499654.96573085536,1003595.37263352,1003595.37263352
2025-04-14T07:00:00.000+0000,1015674.104851033,783288.560452377,946119.0929235943,1065775.599276727,499654.96573085536,1003595.37263352,1003595.37263352
2025-04-14T07:10:00.000+0000,1015758.380556489,783288.560452377,943948.2444846462,1065709.9171844714,499654.96573085536,1003595.37263352,1003595.37263352
2025-04-14T07:20:00.000+0000,1016137.901116953,783288.560452377,946320.6537743022,1066398.2709805353,499654.96573085536,1003595.37263352,1003595.37263352
2025-04-14T07:30:00.000+0000,1015895.689941033,783288.560452377,947285.256700547,1064159.2026893194,499654.96573085536,1003595.37263352,1003595.37263352
2025-04-14T07:40:00.000+0000,1015567.7887120409,783288.560452377,948268.6540772149,1064318.6053251112,499654.96573085536,1003595.37263352,1003595.37263352
2025-04-14T07:50:00.000+0000,1015556.5336932649,783288.560452377,948010.2780834062,1064420.8992144794,499654.96573085536,1003595.37263352,1003595.37263352
2025-04-14T08:00:00.000+0000,1014818.9884118969,783288.560452377,951233.8339443171,1062323.1797436713,499654.96573085536,1003595.37263352,1003595.37263352
2025-04-14T08:10:00.000+0000,1015077.7409041689,783288.560452377,948519.1456823035,1063748.7605858953,499654.96573085536,1003595.37263352,1003595.37263352
2025-04-14T08:20:00.000+0000,1015098.7917899769,783288.560452377,949079.5079399433,1061491.8333332874,499654.96573085536,1003595.37263352,1003595.37263352
2025-04-14T08:30:00.000+0000,1014805.6215839209,783288.560452377,951616.6908154507,1060426.2322366952,499654.96573085536,1003595.37263352,1003595.37263352
2025-04-14T08:40:00.000+0000,1014442.234266529,783288.560452377,954364.3574826947,1059218.7986669273,499654.96573085536,1003595.37263352,1003595.37263352
2025-04-14T08:50:00.000+0000,1014914.302889265,783288.560452377,953243.2084282804,1061222.2848047595,499654.96573085536,1003595.37263352,1003595.37263352
2025-04-14T09:00:00.000+0000,1014915.466247833,783288.560452377,953564.2901349722,1060536.0355437193,499654.96573085536,1003595.37263352,1003595.37263352
2025-04-14T09:10:00.000+0000,1014932.150539713,783288.560452377,955538.533469809,1059680.5853817754,499654.96573085536,1003595.37263352,1003595.37263352
2025-04-14T09:20:00.000+0000,1015355.077487265,783288.560452377,951337.4062250374,1060864.5995920312,499654.96573085536,1003595.37263352,1003595.37263352
2025-04-14T09:30:00.000+0000,1016033.405400457,783288.560452377,949632.6671354675,1063688.4229546473,499654.96573085536,1003595.37263352,1003595.37263352
2025-04-14T09:40:00.000+0000,1016414.402159017,783288.560452377,948027.2669099992,1065283.3054870793,499654.96573085536,1003595.37263352,1003595.37263352
2025-04-14T09:50:00.000+0000,1016262.440625577,783288.560452377,947883.3376031356,1064883.0970501674,499654.96573085536,1003595.37263352,1003595.37263352
2025-04-14T10:00:00.000+0000,1015466.8278454009,783288.560452377,950581.2780416972,1062864.2201248233,499654.96573085536,1003595.37263352,1003595.37263352
2025-04-14T10:10:00.000+0000,1015429.4915883209,783288.560452377,953189.9344200452,1061333.8373812472,499654.96573085536,1003595.37263352,1003595.37263352
2025-04-14T10:20:00.000+0000,1014769.7819985449,783288.560452377,955774.0110991789,1058594.5605772312,499654.96573085536,1003595.37263352,1003595.37263352
2025-04-14T10:30:00.000+0000,1014763.6490188569,783288.560452377,957630.7496202032,1057170.5398159432,499654.96573085536,1003595.37263352,1003595.37263352
2025-04-14T10:40:00.000+0000,1013672.004074025,783288.560452377,959851.2565271233,1053757.4831273993,499654.96573085536,1003595.37263352,1003595.37263352
2025-04-14T10:50:00.000+0000,1013941.4961877209,783288.560452377,962649.8890661355,1054150.1468049514,499654.96573085536,1003595.37263352,1003595.37263352
2025-04-14T11:00:00.000+0000,1013562.990564657,783288.560452377,960240.5995140085,1053263.4556657993,499654.96573085536,1003595.37263352,1003595.37263352
2025-04-14T11:10:00.000+0000,1013787.0431390889,783288.560452377,962064.8720601553,1051579.6088018154,499654.96573085536,1003595.37263352,1003595.37263352
2025-04-14T11:20:00.000+0000,1014182.0547268089,783288.560452377,960289.9912410771,1052433.4622521512,499654.96573085536,1003595.37263352,1003595.37263352
2025-04-14T11:30:00.000+0000,1013898.6090349129,783288.560452377,960828.8190485602,1052152.3885611354,499654.96573085536,1003595.37263352,1003595.37263352
2025-04-14T11:40:00.000+0000,1014152.640666897,783288.560452377,960367.8511459322,1053489.1770341273,499654.96573085536,1003595.37263352,1003595.37263352
2025-04-14T11:50:00.000+0000,1013928.538741977,783288.560452377,961307.0705728128,1053130.3088685195,499654.96573085536,1003595.37263352,1003595.37263352
2025-04-14T12:00:00.000+0000,1013803.0730948569,783288.560452377,959703.0675293033,1052959.3380746634,499654.96573085536,1003595.37263352,1003595.37263352
2025-04-14T12:10:00.000+0000,1013920.988856721,783288.560452377,957809.9762181316,1056095.5814711433,499654.96573085536,1003595.37263352,1003595.37263352
2025-04-14T12:20:00.000+0000,1013732.882612201,783288.560452377,959858.5651695887,1058761.6079123674,499654.96573085536,1003595.37263352,1003595.37263352
2025-04-14T12:30:00.000+0000,1013469.336547857,783288.560452377,961571.6619618009,1058935.8858483913,499654.96573085536,1003595.37263352,1003595.37263352
2025-04-14T12:40:00.000+0000,1013223.7546606649,783288.560452377,962752.827668313,1060702.1857771114,499654.96573085536,1003595.37263352,1003595.37263352
2025-04-14T12:50:00.000+0000,1013561.079254929,783288.560452377,962416.1224711132,1057988.6804394152,499654.96573085536,1003595.37263352,1003595.37263352
2025-04-14T13:00:00.000+0000,1013128.9857764728,783288.560452377,963633.0336528614,1054685.5993999112,499654.96573085536,1003595.37263352,1003595.37263352
2025-04-14T13:10:00.000+0000,1013302.5211370329,783288.560452377,963447.4648400275,1054352.1444474552,499654.96573085536,1003595.37263352,1003595.37263352
2025-04-14T13:20:00.000+0000,1014028.4452128089,783288.560452377,961468.1974434492,1057071.2493319274,499654.96573085536,1003595.37263352,1003595.37263352
2025-04-14T13:30:00.000+0000,1014528.1386579929,783288.560452377,955318.6006150873,1057210.2240831114,499654.96573085536,1003595.37263352,1003595.37263352
2025-04-14T13:40:00.000+0000,1016156.1104778011,783288.560452377,949292.4117530549,1063036.2086138714,499654.96573085536,1003595.37263352,1003595.37263352
2025-04-14T13:50:00.000+0000,1016423.285416721,783288.560452377,952332.1961348308,1061218.5688299192,499654.96573085536,1003595.37263352,1003595.37263352
2025-04-14T14:00:00.000+0000,1016588.591406049,783288.560452377,950821.5240006312,1061040.5253387515,499654.96573085536,1003595.37263352,1003595.37263352
2025-04-14T14:10:00.000+0000,1016839.2731700729,783288.560452377,952926.1210755862,1061966.0444406634,499654.96573085536,1003595.37263352,1003595.37263352
2025-04-14T14:20:00.000+0000,1017076.528084177,783288.560452377,955640.2499658256,1061426.4051377515,499654.96573085536,1003595.37263352,1003595.37263352
2025-04-14T14:30:00.000+0000,1015490.7779499769,783288.560452377,958262.4435368457,1055965.5759388395,499654.96573085536,1003595.37263352,1003595.37263352
2025-04-14T14:40:00.000+0000,1015222.4426101211,783288.560452377,963689.3306690613,1055075.0678357035,499654.96573085536,1003595.37263352,1003595.37263352
2025-04-14T14:50:00.000+0000,1014328.541713393,783288.560452377,963626.7994239654,1052790.9513818712,499654.96573085536,1003595.37263352,1003595.37263352
2025-04-14T15:00:00.000+0000,1016357.189385881,783288.560452377,952417.5008294415,1061291.8654057113,499654.96573085536,1003595.37263352,1003595.37263352
2025-04-14T15:10:00.000+0000,1017718.3551514249,783288.560452377,949918.6517030672,1064997.0785619514,499654.96573085536,1003595.37263352,1003595.37263352
2025-04-14T15:20:00.000+0000,1017750.575184761,783288.560452377,947144.7655596416,1066277.4053704394,499654.96573085536,1003595.37263352,1003595.37263352
2025-04-14T15:30:00.000+0000,1019233.980660241,783288.560452377,940115.55962521,1072099.1825397832,499654.96573085536,1003595.37263352,1003595.37263352
2025-04-14T15:40:00.000+0000,1020535.514939169,783288.560452377,936049.9466246641,1076237.5289619833,499654.96573085536,1003595.37263352,1003595.37263352
2025-04-14T15:50:00.000+0000,1022379.128317609,783288.560452377,936685.1846362664,1079142.8662812235,499654.96573085536,1003595.37263352,1003595.37263352
2025-04-14T16:00:00.000+0000,1022735.1358335689,783288.560452377,936622.0752571148,1078656.6167323114,499654.96573085536,1003595.37263352,1003595.37263352
2025-04-14T16:10:00.000+0000,1025465.5602751449,783288.560452377,934426.4246544521,1081593.9691689513,499654.96573085536,1003595.37263352,1003595.37263352
2025-04-14T16:20:00.000+0000,1026584.2295831769,783288.560452377,937543.6489539105,1081507.2698639275,499654.96573085536,1003595.37263352,1003595.37263352
2025-04-14T16:30:00.000+0000,1027924.2911256169,783288.560452377,938577.4514802042,1081639.7632543514,499654.96573085536,1003595.37263352,1003595.37263352
2025-04-14T16:40:00.000+0000,1027012.7950463049,783288.560452377,943073.8003989283,1080088.5563034792,499654.96573085536,1003595.37263352,1003595.37263352
2025-04-14T16:50:00.000+0000,1028148.635516409,783288.560452377,940668.6287296372,1082188.3677293835,499654.96573085536,1003595.37263352,1003595.37263352
2025-04-14T17:00:00.000+0000,1025435.610644033,783288.560452377,940454.1975074654,1080965.4241975194,499654.96573085536,1003595.37263352,1003595.37263352
2025-04-14T17:10:00.000+0000,1023790.348367665,783288.560452377,941889.243172803,1079738.9068669835,499654.96573085536,1003595.37263352,1003595.37263352
2025-04-14T17:20:00.000+0000,1023453.122374457,783288.560452377,944326.5205775956,1077887.0334218873,499654.96573085536,1003595.37263352,1003595.37263352
2025-04-14T17:30:00.000+0000,1022896.088478361,783288.560452377,943629.5744020455,1078327.9577100396,499654.96573085536,1003595.37263352,1003595.37263352
2025-04-14T17:40:00.000+0000,1023655.4116035049,783288.560452377,943938.3761768462,1079545.4386854472,499654.96573085536,1003595.37263352,1003595.37263352
2025-04-14T17:50:00.000+0000,1022962.500386297,783288.560452377,946163.6570563015,1076290.9025589193,499654.96573085536,1003595.37263352,1003595.37263352
2025-04-14T18:00:00.000+0000,1023141.758195233,783288.560452377,948790.6040042085,1075568.8887424313,499654.96573085536,1003595.37263352,1003595.37263352
2025-04-14T18:10:00.000+0000,1023182.095789321,783288.560452377,947511.7019096403,1077635.8065443034,499654.96573085536,1003595.37263352,1003595.37263352
2025-04-14T18:20:00.000+0000,1023049.620624305,783288.560452377,947676.9989345707,1078311.5793731995,499654.96573085536,1003595.37263352,1003595.37263352
2025-04-14T18:30:00.000+0000,1022653.3066493289,783288.560452377,945814.5649607759,1079008.5147784792,499654.96573085536,1003595.37263352,1003595.37263352
2025-04-14T18:40:00.000+0000,1020257.332703137,783288.560452377,944778.1972154698,1076821.1209745754,499654.96573085536,1003595.37263352,1003595.37263352
2025-04-14T18:50:00.000+0000,1019411.8828145689,783288.560452377,946519.8739275059,1077292.0708030635,499654.96573085536,1003595.37263352,1003595.37263352
2025-04-14T19:00:00.000+0000,1017126.664872633,783288.560452377,949283.4125468789,1075142.3089894634,499654.96573085536,1003595.37263352,1003595.37263352
2025-04-14T19:10:00.000+0000,1015744.917585489,783288.560452377,949649.6175165523,1074664.9956958233,499654.96573085536,1003595.37263352,1003595.37263352
2025-04-14T19:20:00.000+0000,1015779.4980389769,783288.560452377,949310.0739741081,1075865.8025811834,499654.96573085536,1003595.37263352,1003595.37263352
2025-04-14T19:30:00.000+0000,1013963.5259398089,783288.560452377,948580.5996880827,1072521.6764740234,499654.96573085536,1003595.37263352,1003595.37263352
2025-04-14T19:40:00.000+0000,1012930.1717150649,783288.560452377,950132.2828275408,1072192.4859472953,499654.96573085536,1003595.37263352,1003595.37263352
2025-04-14T19:50:00.000+0000,1013506.723993953,783288.560452377,946856.3923335423,1074981.7813344072,499654.96573085536,1003595.37263352,1003595.37263352
2025-04-14T20:00:00.000+0000,1014932.309582377,783288.560452377,945626.3489221821,1076500.4406941994,499654.96573085536,1003595.37263352,1003595.37263352
2025-04-14T20:10:00.000+0000,1015282.669280209,783288.560452377,945431.101051948,1074973.0416017913,499654.96573085536,1003595.37263352,1003595.37263352
2025-04-14T20:20:00.000+0000,1015316.428471233,783288.560452377,942419.9292675214,1076625.5015354233,499654.96573085536,1003595.37263352,1003595.37263352
2025-04-14T20:30:00.000+0000,1015123.8752071769,783288.560452377,942815.4080484984,1077962.0378503033,499654.96573085536,1003595.37263352,1003595.37263352
2025-04-14T20:40:00.000+0000,1016013.9362182729,783288.560452377,943702.4978770195,1076631.6644311594,499654.96573085536,1003595.37263352,1003595.37263352
2025-04-14T20:50:00.000+0000,1016382.2129609929,783288.560452377,945973.7503017915,1076137.1790262074,499654.96573085536,1003595.37263352,1003595.37263352
2025-04-14T21:00:00.000+0000,1016542.701417433,783288.560452377,944317.7476633834,1076197.1289478713,499654.96573085536,1003595.37263352,1003595.37263352
2025-04-14T21:10:00.000+0000,1017278.1266661849,783288.560452377,944293.9613100274,1076437.8303126073,499654.96573085536,1003595.37263352,1003595.37263352
2025-04-14T21:20:00.000+0000,1017824.507971177,783288.560452377,943538.5693540503,1078095.1649233752,499654.96573085536,1003595.37263352,1003595.37263352
2025-04-14T21:30:00.000+0000,1017092.5900243369,783288.560452377,938221.5114198249,1078322.4456232393,499654.96573085536,1003595.37263352,1003595.37263352
2025-04-14T21:40:00.000+0000,1017260.333152393,783288.560452377,937997.0468210655,1079317.4218349755,499654.96573085536,1003595.37263352,1003595.37263352
2025-04-14T21:50:00.000+0000,1016542.7191032729,783288.560452377,939832.8065076792,1077173.7391541754,499654.96573085536,1003595.37263352,1003595.37263352
2025-04-14T22:00:00.000+0000,1017005.6486031611,783288.560452377,940456.2687454714,1078124.3326205353,499654.96573085536,1003595.37263352,1003595.37263352
2025-04-14T22:10:00.000+0000,1017152.1602100328,783288.560452377,939415.6287264741,1078491.3445858874,499654.96573085536,1003595.37263352,1003595.37263352
2025-04-14T22:20:00.000+0000,1017433.916974153,783288.560452377,938295.9602289929,1079615.7113423115,499654.96573085536,1003595.37263352,1003595.37263352
2025-04-14T22:30:00.000+0000,1017614.8646700969,783288.560452377,939044.5894641757,1079925.7767413913,499654.96573085536,1003595.37263352,1003595.37263352
2025-04-14T22:40:00.000+0000,1017804.298841425,783288.560452377,940995.4884145636,1080125.4258342395,499654.96573085536,1003595.37263352,1003595.37263352
2025-04-14T22:50:00.000+0000,1018560.342742049,783288.560452377,940737.2611864975,1080826.3672321592,499654.96573085536,1003595.37263352,1003595.37263352
2025-04-14T23:00:00.000+0000,1018358.835107225,783288.560452377,940747.9681004157,1080619.6445127432,499654.96573085536,1003595.37263352,1003595.37263352
2025-04-14T23:10:00.000+0000,1019244.621660625,783288.560452377,943046.0824351835,1080607.6932613994,499654.96573085536,1003595.37263352,1003595.37263352
2025-04-14T23:20:00.000+0000,1019461.046462161,783288.560452377,943101.3937071076,1079452.3957393994,499654.96573085536,1003595.37263352,1003595.37263352
2025-04-14T23:30:00.000+0000,1019104.6864484249,783288.560452377,943576.8438741035,1080131.2562461754,499654.96573085536,1003595.37263352,1003595.37263352
2025-04-14T23:40:00.000+0000,1019297.3405017849,783288.560452377,940075.4649402138,1080707.7867425033,499654.96573085536,1003595.37263352,1003595.37263352
2025-04-14T23:50:00.000+0000,1019276.3599196889,783288.560452377,940481.0963697309,1081080.1482947592,499654.96573085536,1003595.37263352,1003595.37263352
2025-04-15T00:00:00.000+0000,1019288.199150721,783288.560452377,939514.2578790498,1080739.6298975833,499654.96573085536,1003595.37263352,1003595.37263352
2025-04-15T00:10:00.000+0000,1019399.0729007049,783288.560452377,935655.4814184502,1082260.5711004394,499654.96573085536,1003595.37263352,1003595.37263352
2025-04-15T00:20:00.000+0000,1019108.473456393,783288.560452377,936119.8550688697,1082291.4791142314,499654.96573085536,1003595.37263352,1003595.37263352
2025-04-15T00:30:00.000+0000,1018826.105601537,783288.560452377,940749.9450082979,1080256.4707044074,499654.96573085536,1003595.37263352,1003595.37263352
2025-04-15T00:40:00.000+0000,1019105.060778721,783288.560452377,943349.7802520792,1080238.2014615035,499654.96573085536,1003595.37263352,1003595.37263352
2025-04-15T00:50:00.000+0000,1019774.3445530169,783288.560452377,941703.5099978215,1085001.6480931514,499654.96573085536,1003595.37263352,1003595.37263352
2025-04-15T01:00:00.000+0000,1019969.6901114489,783288.560452377,937084.3759526493,1085314.9154885833,499654.96573085536,1003595.37263352,1003595.37263352
2025-04-15T01:10:00.000+0000,1020592.229641081,783288.560452377,937761.5863621095,1086551.2913259994,499654.96573085536,1003595.37263352,1003595.37263352
2025-04-15T01:20:00.000+0000,1019971.0895010411,783288.560452377,940034.1588091302,1082940.1683573434,499654.96573085536,1003595.37263352,1003595.37263352
2025-04-15T01:30:00.000+0000,1019445.434541697,783288.560452377,943101.0197939877,1081699.3412837673,499654.96573085536,1003595.37263352,1003595.37263352
2025-04-15T01:40:00.000+0000,1019019.395076153,783288.560452377,944523.6380942011,1080986.0770020473,499654.96573085536,1003595.37263352,1003595.37263352
2025-04-15T01:50:00.000+0000,1018904.970808857,783288.560452377,946372.1700661266,1080398.3353318393,499654.96573085536,1003595.37263352,1003595.37263352
2025-04-15T02:00:00.000+0000,1018929.1260791689,783288.560452377,945994.8580307949,1081661.5041477114,499654.96573085536,1003595.37263352,1003595.37263352
2025-04-15T02:10:00.000+0000,1019324.6217193368,783288.560452377,945892.8783441212,1082037.9760390634,499654.96573085536,1003595.37263352,1003595.37263352
2025-04-15T02:20:00.000+0000,1020211.905324137,783288.560452377,941073.6653555424,1082089.1437321352,499654.96573085536,1003595.37263352,1003595.37263352
2025-04-15T02:30:00.000+0000,1020452.305300177,783288.560452377,938487.217760616,1085665.0940114711,499654.96573085536,1003595.37263352,1003595.37263352
2025-04-15T02:40:00.000+0000,1020542.776884961,783288.560452377,940398.1281965086,1085874.9511813193,499654.96573085536,1003595.37263352,1003595.37263352
2025-04-15T02:50:00.000+0000,1019974.931634873,783288.560452377,942090.3965297791,1084561.6779410795,499654.96573085536,1003595.37263352,1003595.37263352
2025-04-15T03:00:00.000+0000,1019531.522945833,783288.560452377,944427.256811579,1084123.2403919434,499654.96573085536,1003595.37263352,1003595.37263352
2025-04-15T03:10:00.000+0000,1018544.557820097,783288.560452377,944297.6907743479,1084494.4690412474,499654.96573085536,1003595.37263352,1003595.37263352
2025-04-15T03:20:00.000+0000,1018011.7162846171,783288.560452377,945551.3819682543,1082712.7998078153,499654.96573085536,1003595.37263352,1003595.37263352
2025-04-15T03:30:00.000+0000,1016314.129871073,783288.560452377,947874.1998261503,1080241.4119110873,499654.96573085536,1003595.37263352,1003595.37263352
2025-04-15T03:40:00.000+0000,1016535.2514222008,783288.560452377,948406.43271808,1079768.7176992232,499654.96573085536,1003595.37263352,1003595.37263352
2025-04-15T03:50:00.000+0000,1016505.9953557929,783288.560452377,948959.3024307503,1079607.8641051273,499654.96573085536,1003595.37263352,1003595.37263352
2025-04-15T04:00:00.000+0000,1015969.799565865,783288.560452377,948751.7810675309,1078341.0070222314,499654.96573085536,1003595.37263352,1003595.37263352
2025-04-15T04:10:00.000+0000,1015211.2094038809,783288.560452377,948176.6039308526,1079250.2903631513,499654.96573085536,1003595.37263352,1003595.37263352
2025-04-15T04:20:00.000+0000,1015574.0541856489,783288.560452377,946400.3085179019,1081273.7838722714,499654.96573085536,1003595.37263352,1003595.37263352
2025-04-15T04:30:00.000+0000,1015842.9021950411,783288.560452377,946644.8559492412,1081769.1780795993,499654.96573085536,1003595.37263352,1003595.37263352
2025-04-15T04:40:00.000+0000,1015828.2680217529,783288.560452377,947726.1202182841,1081167.0260768873,499654.96573085536,1003595.37263352,1003595.37263352
2025-04-15T04:50:00.000+0000,1016137.354594521,783288.560452377,949013.8677990955,1079325.6243177354,499654.96573085536,1003595.37263352,1003595.37263352
2025-04-15T05:00:00.000+0000,1015084.3863235769,783288.560452377,952237.1432989351,1076601.0420087115,499654.96573085536,1003595.37263352,1003595.37263352
2025-04-15T05:10:00.000+0000,1015363.245018009,783288.560452377,952476.9936580907,1079110.5462679353,499654.96573085536,1003595.37263352,1003595.37263352
2025-04-15T05:20:00.000+0000,1014815.307848705,783288.560452377,953312.8742774774,1077653.7915647672,499654.96573085536,1003595.37263352,1003595.37263352
2025-04-15T05:30:00.000+0000,1013761.0625901689,783288.560452377,952493.7916245576,1076225.8581760873,499654.96573085536,1003595.37263352,1003595.37263352
2025-04-15T05:40:00.000+0000,1014218.349457777,783288.560452377,954807.5586664063,1077264.6748673595,499654.96573085536,1003595.37263352,1003595.37263352
2025-04-15T05:50:00.000+0000,1013990.1066981769,783288.560452377,952617.3858811925,1077455.8699588233,499654.96573085536,1003595.37263352,1003595.37263352
2025-04-15T06:00:00.000+0000,1013663.8905400488,783288.560452377,951193.9211677288,1078329.5818197113,499654.96573085536,1003595.37263352,1003595.37263352
2025-04-15T06:10:00.000+0000,1014293.0638883769,783288.560452377,950913.0978644531,1079227.4290168714,499654.96573085536,1003595.37263352,1003595.37263352
2025-04-15T06:20:00.000+0000,1013291.534313529,783288.560452377,950794.7380700421,1078142.1779028792,499654.96573085536,1003595.37263352,1003595.37263352
2025-04-15T06:30:00.000+0000,1012825.950968417,783288.560452377,952401.6110810293,1076700.0645772314,499654.96573085536,1003595.37263352,1003595.37263352
2025-04-15T06:40:00.000+0000,1012938.496439953,783288.560452377,951995.5138317867,1076331.0003450073,499654.96573085536,1003595.37263352,1003595.37263352
2025-04-15T06:50:00.000+0000,1013246.7056251931,783288.560452377,950444.5511353628,1077406.0065115194,499654.96573085536,1003595.37263352,1003595.37263352
2025-04-15T07:00:00.000+0000,1012412.937203969,783288.560452377,951821.0746029209,1074936.9223203515,499654.96573085536,1003595.37263352,1003595.37263352
2025-04-15T07:10:00.000+0000,1012212.633025609,783288.560452377,953743.9130571773,1073295.3192942394,499654.96573085536,1003595.37263352,1003595.37263352
2025-04-15T07:20:00.000+0000,1012396.2855359688,783288.560452377,955145.4737178261,1072661.0108872473,499654.96573085536,1003595.37263352,1003595.37263352
2025-04-15T07:30:00.000+0000,1012156.6859091369,783288.560452377,954534.2536280036,1072712.3373032394,499654.96573085536,1003595.37263352,1003595.37263352
2025-04-15T07:40:00.000+0000,1012495.0062961291,783288.560452377,954527.4906478507,1072926.4921322074,499654.96573085536,1003595.37263352,1003595.37263352
2025-04-15T07:50:00.000+0000,1012430.031177841,783288.560452377,954262.813478228,1073312.0289258314,499654.96573085536,1003595.37263352,1003595.37263352
2025-04-15T08:00:00.000+0000,1012591.916885585,783288.560452377,954968.1505705214,1073191.0309117434,499654.96573085536,1003595.37263352,1003595.37263352
2025-04-15T08:10:00.000+0000,1012096.103014257,783288.560452377,955750.3770711471,1072902.8728327753,499654.96573085536,1003595.37263352,1003595.37263352
2025-04-15T08:20:00.000+0000,1011907.642113689,783288.560452377,955675.2469532341,1073271.9748047832,499654.96573085536,1003595.37263352,1003595.37263352
2025-04-15T08:30:00.000+0000,1012089.5831143529,783288.560452377,954427.9346671444,1073802.7997847993,499654.96573085536,1003595.37263352,1003595.37263352
2025-04-15T08:40:00.000+0000,1011969.670161521,783288.560452377,955158.6515027739,1073094.7955216952,499654.96573085536,1003595.37263352,1003595.37263352
2025-04-15T08:50:00.000+0000,1012116.516160665,783288.560452377,954566.3992758691,1072799.8955005994,499654.96573085536,1003595.37263352,1003595.37263352
2025-04-15T09:00:00.000+0000,1011956.398487361,783288.560452377,954318.1625340737,1071238.2126171836,499654.96573085536,1003595.37263352,1003595.37263352
2025-04-15T09:10:00.000+0000,1011437.5801443448,783288.560452377,957939.4592919522,1069690.0094213833,499654.96573085536,1003595.37263352,1003595.37263352
2025-04-15T09:20:00.000+0000,1011825.0562252969,783288.560452377,958923.5302059506,1068981.6230242313,499654.96573085536,1003595.37263352,1003595.37263352
2025-04-15T09:30:00.000+0000,1012599.177092769,783288.560452377,954666.5827019948,1070835.3107567353,499654.96573085536,1003595.37263352,1003595.37263352
2025-04-15T09:40:00.000+0000,1011826.6659964488,783288.560452377,956602.5775138992,1070671.8389888555,499654.96573085536,1003595.37263352,1003595.37263352
2025-04-15T09:50:00.000+0000,1011367.599833417,783288.560452377,959395.5542531471,1069549.1247393673,499654.96573085536,1003595.37263352,1003595.37263352
2025-04-15T10:00:00.000+0000,1011049.1410244409,783288.560452377,960594.8749363626,1067303.3124576635,499654.96573085536,1003595.37263352,1003595.37263352
2025-04-15T10:10:00.000+0000,1012199.4663973448,783288.560452377,957572.2361241187,1069061.0356432712,499654.96573085536,1003595.37263352,1003595.37263352
2025-04-15T10:20:00.000+0000,1012244.4275796011,783288.560452377,955664.4028367333,1071613.0570015833,499654.96573085536,1003595.37263352,1003595.37263352
2025-04-15T10:30:00.000+0000,1012740.461095073,783288.560452377,952481.218748861,1073157.6417244794,499654.96573085536,1003595.37263352,1003595.37263352
2025-04-15T10:40:00.000+0000,1013494.635822233,783288.560452377,952150.7316475766,1074747.9243697673,499654.96573085536,1003595.37263352,1003595.37263352
2025-04-15T10:50:00.000+0000,1012291.079228401,783288.560452377,953922.2621740565,1074881.5301895356,499654.96573085536,1003595.37263352,1003595.37263352
2025-04-15T11:00:00.000+0000,1011823.738220545,783288.560452377,953396.2369416094,1074425.3085390714,499654.96573085536,1003595.37263352,1003595.37263352
2025-04-15T11:10:00.000+0000,1012601.5515017209,783288.560452377,951232.6084401156,1076901.9789464076,499654.96573085536,1003595.37263352,1003595.37263352
2025-04-15T11:20:00.000+0000,1012874.0554340329,783288.560452377,951483.1182709102,1076815.6944192953,499654.96573085536,1003595.37263352,1003595.37263352
2025-04-15T11:30:00.000+0000,1012399.3983737049,783288.560452377,952604.0317236555,1075942.3619446554,499654.96573085536,1003595.37263352,1003595.37263352
2025-04-15T11:40:00.000+0000,1010742.561954065,783288.560452377,952680.8158109966,1075502.5474579511,499654.96573085536,1003595.37263352,1003595.37263352
2025-04-15T11:50:00.000+0000,1011746.6410776409,783288.560452377,951934.0088513412,1075827.3206913432,499654.96573085536,1003595.37263352,1003595.37263352
2025-04-15T12:00:00.000+0000,1010891.720901369,783288.560452377,953187.6102492269,1072877.9390957353,499654.96573085536,1003595.37263352,1003595.37263352
2025-04-15T12:10:00.000+0000,1010757.2031617209,783288.560452377,954737.3030664173,1073218.5002286953,499654.96573085536,1003595.37263352,1003595.37263352
2025-04-15T12:20:00.000+0000,1011459.004351257,783288.560452377,952002.8736904182,1075106.1558151592,499654.96573085536,1003595.37263352,1003595.37263352
2025-04-15T12:30:00.000+0000,1012267.5275348409,783288.560452377,951256.7193595099,1077239.4643219432,499654.96573085536,1003595.37263352,1003595.37263352
2025-04-15T12:40:00.000+0000,1011751.1062126729,783288.560452377,952508.6207139152,1077412.2338856312,499654.96573085536,1003595.37263352,1003595.37263352
2025-04-15T12:50:00.000+0000,1011753.897337985,783288.560452377,955162.4030202633,1075440.7355270872,499654.96573085536,1003595.37263352,1003595.37263352
2025-04-15T13:00:00.000+0000,1011515.2151166409,783288.560452377,956815.0787160341,1074054.5768019194,499654.96573085536,1003595.37263352,1003595.37263352
2025-04-15T13:10:00.000+0000,1011457.438694785,783288.560452377,956736.9210381944,1074375.3227796955,499654.96573085536,1003595.37263352,1003595.37263352
2025-04-15T13:20:00.000+0000,1011870.3486823209,783288.560452377,954308.971036633,1075820.2049085272,499654.96573085536,1003595.37263352,1003595.37263352
2025-04-15T13:30:00.000+0000,1011062.094483377,783288.560452377,955321.977522152,1071775.6157104955,499654.96573085536,1003595.37263352,1003595.37263352
2025-04-15T13:40:00.000+0000,1009712.6261224169,783288.560452377,959854.2136885149,1067287.9763163992,499654.96573085536,1003595.37263352,1003595.37263352
2025-04-15T13:50:00.000+0000,1009858.264798193,783288.560452377,953122.2079635025,1068472.1489797912,499654.96573085536,1003595.37263352,1003595.37263352
2025-04-15T14:00:00.000+0000,1011857.660291161,783288.560452377,949000.1619873896,1075630.1054998152,499654.96573085536,1003595.37263352,1003595.37263352
2025-04-15T14:10:00.000+0000,1010738.1145848089,783288.560452377,945024.502810501,1073771.2483761352,499654.96573085536,1003595.37263352,1003595.37263352
2025-04-15T14:20:00.000+0000,1012726.285854345,783288.560452377,941748.6718227996,1081140.9259936714,499654.96573085536,1003595.37263352,1003595.37263352
2025-04-15T14:30:00.000+0000,1012784.9444199209,783288.560452377,942122.21816604,1081746.8801222474,499654.96573085536,1003595.37263352,1003595.37263352
2025-04-15T14:40:00.000+0000,1011773.9762919609,783288.560452377,945022.4846220282,1079700.9510659352,499654.96573085536,1003595.37263352,1003595.37263352
2025-04-15T14:50:00.000+0000,1012591.336370369,783288.560452377,946323.3834719502,1081289.1543060793,499654.96573085536,1003595.37263352,1003595.37263352
2025-04-15T15:00:00.000+0000,1013024.332016513,783288.560452377,945573.6060351463,1081044.0458498395,499654.96573085536,1003595.37263352,1003595.37263352
2025-04-15T15:10:00.000+0000,1013174.762635665,783288.560452377,947309.7189075996,1080394.1661498551,499654.96573085536,1003595.37263352,1003595.37263352
2025-04-15T15:20:00.000+0000,1013224.144398625,783288.560452377,947969.1474396843,1081174.7501826554,499654.96573085536,1003595.37263352,1003595.37263352
2025-04-15T15:30:00.000+0000,1013792.5666567369,783288.560452377,943218.4935042837,1082863.6721433112,499654.96573085536,1003595.37263352,1003595.37263352
2025-04-15T15:40:00.000+0000,1014424.768290497,783288.560452377,941358.0348643623,1085016.5262211193,499654.96573085536,1003595.37263352,1003595.37263352
2025-04-15T15:50:00.000+0000,1015310.4061829209,783288.560452377,938755.0002400267,1088190.2952530554,499654.96573085536,1003595.37263352,1003595.37263352
2025-04-15T16:00:00.000+0000,1014676.6341065209,783288.560452377,941764.6089063382,1089355.0582765914,499654.96573085536,1003595.37263352,1003595.37263352
2025-04-15T16:10:00.000+0000,1014203.5373569449,783288.560452377,943579.8054709691,1089980.3207261434,499654.96573085536,1003595.37263352,1003595.37263352
2025-04-15T16:20:00.000+0000,1013985.2885757609,783288.560452377,942498.4366768689,1089654.8440359675,499654.96573085536,1003595.37263352,1003595.37263352
2025-04-15T16:30:00.000+0000,1013977.7009307368,783288.560452377,943993.1449344754,1090298.8583320314,499654.96573085536,1003595.37263352,1003595.37263352
2025-04-15T16:40:00.000+0000,1014202.5625274329,783288.560452377,943487.1907299485,1091756.8064197272,499654.96573085536,1003595.37263352,1003595.37263352
2025-04-15T16:50:00.000+0000,1014206.5880344489,783288.560452377,942340.547230066,1092521.4486561755,499654.96573085536,1003595.37263352,1003595.37263352
2025-04-15T17:00:00.000+0000,1014691.256359353,783288.560452377,941441.6548168219,1092341.6410274473,499654.96573085536,1003595.37263352,1003595.37263352
2025-04-15T17:10:00.000+0000,1014586.0186169529,783288.560452377,942097.5918383393,1091081.8679028475,499654.96573085536,1003595.37263352,1003595.37263352
2025-04-15T17:20:00.000+0000,1015308.906623529,783288.560452377,938764.9218388596,1093018.4095191755,499654.96573085536,1003595.37263352,1003595.37263352
2025-04-15T17:30:00.000+0000,1015846.2950985449,783288.560452377,938748.593448146,1094043.8726818233,499654.96573085536,1003595.37263352,1003595.37263352
2025-04-15T17:40:00.000+0000,1015580.945018569,783288.560452377,940520.7806366186,1094030.4465013675,499654.96573085536,1003595.37263352,1003595.37263352
2025-04-15T17:50:00.000+0000,1016247.5865683369,783288.560452377,935914.299899882,1096188.7682715193,499654.96573085536,1003595.37263352,1003595.37263352
2025-04-15T18:00:00.000+0000,1016277.834760409,783288.560452377,936094.2432205341,1096977.2715238712,499654.96573085536,1003595.37263352,1003595.37263352
2025-04-15T18:10:00.000+0000,1016190.3651920889,783288.560452377,932620.8585782154,1096639.6906348073,499654.96573085536,1003595.37263352,1003595.37263352
2025-04-15T18:20:00.000+0000,1016793.3398961129,783288.560452377,932140.146342149,1098914.1907778473,499654.96573085536,1003595.37263352,1003595.37263352
2025-04-15T18:30:00.000+0000,1016315.457298281,783288.560452377,933517.6389737205,1098498.3068313834,499654.96573085536,1003595.37263352,1003595.37263352
2025-04-15T18:40:00.000+0000,1015496.477256881,783288.560452377,934020.4640354991,1096785.5115346874,499654.96573085536,1003595.37263352,1003595.37263352
2025-04-15T18:50:00.000+0000,1016240.4890908649,783288.560452377,933889.1483662064,1098059.3982293913,499654.96573085536,1003595.37263352,1003595.37263352
2025-04-15T19:00:00.000+0000,1016075.046710737,783288.560452377,932234.1336540934,1096858.0481189594,499654.96573085536,1003595.37263352,1003595.37263352
2025-04-15T19:10:00.000+0000,1015834.9265406729,783288.560452377,933062.1848390953,1095102.0204658394,499654.96573085536,1003595.37263352,1003595.37263352
2025-04-15T19:20:00.000+0000,1016108.210758257,783288.560452377,930170.4274986521,1096658.6964479834,499654.96573085536,1003595.37263352,1003595.37263352
2025-04-15T19:30:00.000+0000,1016441.532976985,783288.560452377,932058.2744477422,1098075.9538942554,499654.96573085536,1003595.37263352,1003595.37263352
2025-04-15T19:40:00.000+0000,1016578.3103175049,783288.560452377,930227.4249166718,1098032.1904530392,499654.96573085536,1003595.37263352,1003595.37263352
2025-04-15T19:50:00.000+0000,1016464.9890071369,783288.560452377,931651.6256159986,1097053.7009713594,499654.96573085536,1003595.37263352,1003595.37263352
2025-04-15T20:00:00.000+0000,1016435.8447212329,783288.560452377,931953.2843715558,1096858.3811323354,499654.96573085536,1003595.37263352,1003595.37263352
2025-04-15T20:10:00.000+0000,1016240.917987473,783288.560452377,932495.2169343932,1095952.0414845753,499654.96573085536,1003595.37263352,1003595.37263352
2025-04-15T20:20:00.000+0000,1016224.877550097,783288.560452377,932728.5112350674,1096618.8977024714,499654.96573085536,1003595.37263352,1003595.37263352
2025-04-15T20:30:00.000+0000,1016388.346570177,783288.560452377,932302.6286490128,1096519.7022823433,499654.96573085536,1003595.37263352,1003595.37263352
2025-04-15T20:40:00.000+0000,1016615.760573313,783288.560452377,930508.122526949,1097143.8989551994,499654.96573085536,1003595.37263352,1003595.37263352
2025-04-15T20:50:00.000+0000,1017306.2925854089,783288.560452377,926742.1232289977,1098771.5799278712,499654.96573085536,1003595.37263352,1003595.37263352
2025-04-15T21:00:00.000+0000,1017017.1156321929,783288.560452377,928823.7806410645,1099159.9613239912,499654.96573085536,1003595.37263352,1003595.37263352
2025-04-15T21:10:00.000+0000,1017339.9680534649,783288.560452377,928123.0245505963,1099510.9983295435,499654.96573085536,1003595.37263352,1003595.37263352
2025-04-15T21:20:00.000+0000,1016815.4840965689,783288.560452377,929569.4997013295,1098849.1880816394,499654.96573085536,1003595.37263352,1003595.37263352
2025-04-15T21:30:00.000+0000,1016018.586854785,783288.560452377,932356.5847976443,1096790.1108722712,499654.96573085536,1003595.37263352,1003595.37263352
2025-04-15T21:40:00.000+0000,1016023.154367849,783288.560452377,933003.5854637469,1096180.5903590873,499654.96573085536,1003595.37263352,1003595.37263352
2025-04-15T21:50:00.000+0000,1016555.9565448409,783288.560452377,931502.9263341273,1096559.4746189993,499654.96573085536,1003595.37263352,1003595.37263352
2025-04-15T22:00:00.000+0000,1017200.6888060729,783288.560452377,928778.388821671,1098394.6533605515,499654.96573085536,1003595.37263352,1003595.37263352
2025-04-15T22:10:00.000+0000,1017376.5926303449,783288.560452377,927468.6447270056,1099778.6504564073,499654.96573085536,1003595.37263352,1003595.37263352
2025-04-15T22:20:00.000+0000,1018112.3497234089,783288.560452377,925198.0813645341,1101236.9935078793,499654.96573085536,1003595.37263352,1003595.37263352
2025-04-15T22:30:00.000+0000,1017758.868115105,783288.560452377,926997.5482860142,1101698.097339471,499654.96573085536,1003595.37263352,1003595.37263352
2025-04-15T22:40:00.000+0000,1017597.7493533129,783288.560452377,924100.9344297124,1102481.0748159834,499654.96573085536,1003595.37263352,1003595.37263352
2025-04-15T22:50:00.000+0000,1018204.0698985211,783288.560452377,922539.0871142717,1103865.0861904074,499654.96573085536,1003595.37263352,1003595.37263352
2025-04-15T23:00:00.000+0000,1018004.4557476969,783288.560452377,923916.1710267549,1104283.1410787273,499654.96573085536,1003595.37263352,1003595.37263352
2025-04-15T23:10:00.000+0000,1017796.5972975929,783288.560452377,924579.1733712304,1103867.3493084633,499654.96573085536,1003595.37263352,1003595.37263352
2025-04-15T23:20:00.000+0000,1018044.5443411449,783288.560452377,925977.5145743933,1104071.7315817352,499654.96573085536,1003595.37263352,1003595.37263352
2025-04-15T23:30:00.000+0000,1018269.795136233,783288.560452377,925846.4133209696,1103404.6934694713,499654.96573085536,1003595.37263352,1003595.37263352
2025-04-15T23:40:00.000+0000,1018373.278073601,783288.560452377,923479.2376618863,1103302.1861210074,499654.96573085536,1003595.37263352,1003595.37263352
2025-04-15T23:50:00.000+0000,1018337.9581621529,783288.560452377,922645.7609308935,1104617.2398357275,499654.96573085536,1003595.37263352,1003595.37263352
2025-04-16T00:00:00.000+0000,1018365.6053067289,783288.560452377,921782.5059711582,1103838.2255761034,499654.96573085536,1003595.37263352,1003595.37263352
2025-04-16T00:10:00.000+0000,1019044.343631329,783288.560452377,919009.3949836025,1104826.6779311034,499654.96573085536,1003595.37263352,1003595.37263352
2025-04-16T00:20:00.000+0000,1018346.8034002971,783288.560452377,919600.1634519802,1102209.1262390313,499654.96573085536,1003595.37263352,1003595.37263352
2025-04-16T00:30:00.000+0000,1018093.8511740969,783288.560452377,923520.5542472617,1102116.2010586953,499654.96573085536,1003595.37263352,1003595.37263352
2025-04-16T00:40:00.000+0000,1018690.6637317849,783288.560452377,921876.0079051619,1103245.4948403435,499654.96573085536,1003595.37263352,1003595.37263352
2025-04-16T00:50:00.000+0000,1019110.2734652329,783288.560452377,917584.0702106905,1104246.1471075993,499654.96573085536,1003595.37263352,1003595.37263352
2025-04-16T01:00:00.000+0000,1018696.965935985,783288.560452377,918250.5737062324,1103272.8031462072,499654.96573085536,1003595.37263352,1003595.37263352
2025-04-16T01:10:00.000+0000,1017783.1997542089,783288.560452377,920949.9903912649,1103049.3365326314,499654.96573085536,1003595.37263352,1003595.37263352
2025-04-16T01:20:00.000+0000,1017188.746267753,783288.560452377,922894.8647530229,1101474.5824245673,499654.96573085536,1003595.37263352,1003595.37263352
2025-04-16T01:30:00.000+0000,1017615.701430153,783288.560452377,920626.087491884,1101962.5256774314,499654.96573085536,1003595.37263352,1003595.37263352
2025-04-16T01:40:00.000+0000,1017528.862067265,783288.560452377,921063.7136929402,1101312.8246643834,499654.96573085536,1003595.37263352,1003595.37263352
2025-04-16T01:50:00.000+0000,1017613.199243505,783288.560452377,923840.7265377364,1100941.9301375672,499654.96573085536,1003595.37263352,1003595.37263352
2025-04-16T02:00:00.000+0000,1017512.788046777,783288.560452377,925379.3578446037,1099909.1207066393,499654.96573085536,1003595.37263352,1003595.37263352
2025-04-16T02:10:00.000+0000,1017795.6060612169,783288.560452377,924975.7384418716,1100563.4179297753,499654.96573085536,1003595.37263352,1003595.37263352
2025-04-16T02:20:00.000+0000,1017909.476821673,783288.560452377,925335.6848488313,1101143.3512716473,499654.96573085536,1003595.37263352,1003595.37263352
2025-04-16T02:30:00.000+0000,1017605.970031505,783288.560452377,924877.1690549513,1100935.8355071754,499654.96573085536,1003595.37263352,1003595.37263352
2025-04-16T02:40:00.000+0000,1018194.699990449,783288.560452377,923647.8037328834,1102284.2614927033,499654.96573085536,1003595.37263352,1003595.37263352
2025-04-16T02:50:00.000+0000,1017841.707050897,783288.560452377,924977.0970261166,1101415.7493587034,499654.96573085536,1003595.37263352,1003595.37263352
2025-04-16T03:00:00.000+0000,1017822.0703028729,783288.560452377,926902.6821783707,1101650.4593603674,499654.96573085536,1003595.37263352,1003595.37263352
2025-04-16T03:10:00.000+0000,1017258.409232761,783288.560452377,928455.2390607086,1101059.3919428873,499654.96573085536,1003595.37263352,1003595.37263352
2025-04-16T03:20:00.000+0000,1017675.156268201,783288.560452377,926213.0074336575,1102216.3275433753,499654.96573085536,1003595.37263352,1003595.37263352
2025-04-16T03:30:00.000+0000,1018294.541593217,783288.560452377,925511.5603939452,1103383.7800436073,499654.96573085536,1003595.37263352,1003595.37263352
2025-04-16T03:40:00.000+0000,1018483.483098993,783288.560452377,924285.0789903163,1103877.2787485512,499654.96573085536,1003595.37263352,1003595.37263352
2025-04-16T03:50:00.000+0000,1018563.1044808889,783288.560452377,923920.7249761675,1103797.0514617674,499654.96573085536,1003595.37263352,1003595.37263352
2025-04-16T04:00:00.000+0000,1018266.0051906169,783288.560452377,923818.49469943,1103248.2697586312,499654.96573085536,1003595.37263352,1003595.37263352
2025-04-16T04:10:00.000+0000,1018496.7610181529,783288.560452377,920472.7471295975,1104875.7141007595,499654.96573085536,1003595.37263352,1003595.37263352
2025-04-16T04:20:00.000+0000,1019057.258511153,783288.560452377,919213.4684867887,1106642.9241607913,499654.96573085536,1003595.37263352,1003595.37263352
2025-04-16T04:30:00.000+0000,1018958.771004241,783288.560452377,919184.6990929241,1107159.1155070874,499654.96573085536,1003595.37263352,1003595.37263352
2025-04-16T04:40:00.000+0000,1019322.1965010649,783288.560452377,918150.7456724448,1107557.4368648713,499654.96573085536,1003595.37263352,1003595.37263352
2025-04-16T04:50:00.000+0000,1019544.7352275449,783288.560452377,920473.2260864915,1106813.6440455352,499654.96573085536,1003595.37263352,1003595.37263352
2025-04-16T05:00:00.000+0000,1018999.6721071609,783288.560452377,922655.4450768312,1105822.9807007434,499654.96573085536,1003595.37263352,1003595.37263352
2025-04-16T05:10:00.000+0000,1018344.245238465,783288.560452377,923501.8374752654,1105186.2906006312,499654.96573085536,1003595.37263352,1003595.37263352
2025-04-16T05:20:00.000+0000,1019007.687249913,783288.560452377,913799.4342962649,1107075.6442475594,499654.96573085536,1003595.37263352,1003595.37263352
2025-04-16T05:30:00.000+0000,1019575.5723281129,783288.560452377,913216.8043033406,1106820.7769946074,499654.96573085536,1003595.37263352,1003595.37263352
2025-04-16T05:40:00.000+0000,1019446.3140874971,783288.560452377,917182.5877139494,1106971.9105409675,499654.96573085536,1003595.37263352,1003595.37263352
2025-04-16T05:50:00.000+0000,1019439.888861793,783288.560452377,916881.5247815786,1107400.5992254394,499654.96573085536,1003595.37263352,1003595.37263352
2025-04-16T06:00:00.000+0000,1019565.5196866649,783288.560452377,915856.7044611111,1107031.7738519753,499654.96573085536,1003595.37263352,1003595.37263352
2025-04-16T06:10:00.000+0000,1019232.053083537,783288.560452377,916216.2008505327,1105917.8742651113,499654.96573085536,1003595.37263352,1003595.37263352
2025-04-16T06:20:00.000+0000,1019112.6578362089,783288.560452377,918699.384132657,1104968.9120926715,499654.96573085536,1003595.37263352,1003595.37263352
2025-04-16T06:30:00.000+0000,1018875.111695273,783288.560452377,919676.9158635121,1103771.8232904633,499654.96573085536,1003595.37263352,1003595.37263352
2025-04-16T06:40:00.000+0000,1019051.135163753,783288.560452377,920609.8354470879,1103642.3450260074,499654.96573085536,1003595.37263352,1003595.37263352
2025-04-16T06:50:00.000+0000,1019044.883978705,783288.560452377,921072.084756392,1103168.8119857435,499654.96573085536,1003595.37263352,1003595.37263352
2025-04-16T07:00:00.000+0000,1018807.7805533129,783288.560452377,918541.1382025064,1102656.4393720154,499654.96573085536,1003595.37263352,1003595.37263352
2025-04-16T07:10:00.000+0000,1019799.235544281,783288.560452377,917749.6421773611,1104657.9889903036,499654.96573085536,1003595.37263352,1003595.37263352
2025-04-16T07:20:00.000+0000,1020143.644976137,783288.560452377,915166.4271949483,1105724.1228803191,499654.96573085536,1003595.37263352,1003595.37263352
2025-04-16T07:30:00.000+0000,1020205.7860035129,783288.560452377,914316.840504497,1105517.5110721034,499654.96573085536,1003595.37263352,1003595.37263352
2025-04-16T07:40:00.000+0000,1020139.150964225,783288.560452377,914817.0384174476,1108723.3428033434,499654.96573085536,1003595.37263352,1003595.37263352
2025-04-16T07:50:00.000+0000,1020092.007209425,783288.560452377,913600.2674162351,1109671.4789271513,499654.96573085536,1003595.37263352,1003595.37263352
2025-04-16T08:00:00.000+0000,1019873.8750548649,783288.560452377,911524.501387743,1109198.954529327,499654.96573085536,1003595.37263352,1003595.37263352
2025-04-16T08:10:00.000+0000,1020853.0530752729,783288.560452377,909357.4612361278,1110593.2829834793,499654.96573085536,1003595.37263352,1003595.37263352
2025-04-16T08:20:00.000+0000,1019909.9187668089,783288.560452377,910783.484210982,1107960.3876461512,499654.96573085536,1003595.37263352,1003595.37263352
2025-04-16T08:30:00.000+0000,1018652.1779550569,783288.560452377,916877.6848005773,1106234.0750219752,499654.96573085536,1003595.37263352,1003595.37263352
2025-04-16T08:40:00.000+0000,1018218.4255348169,783288.560452377,918905.5642699688,1104952.0967357273,499654.96573085536,1003595.37263352,1003595.37263352
2025-04-16T08:50:00.000+0000,1018790.4492094889,783288.560452377,917595.5162584893,1106966.7469051834,499654.96573085536,1003595.37263352,1003595.37263352
2025-04-16T09:00:00.000+0000,1019116.993285073,783288.560452377,918736.7760116884,1107886.3552095196,499654.96573085536,1003595.37263352,1003595.37263352
2025-04-16T09:10:00.000+0000,1019185.755271441,783288.560452377,919054.8907200426,1107447.5334879674,499654.96573085536,1003595.37263352,1003595.37263352
2025-04-16T09:20:00.000+0000,1019430.434411409,783288.560452377,918256.400682896,1107503.7791354232,499654.96573085536,1003595.37263352,1003595.37263352
2025-04-16T09:30:00.000+0000,1019941.585742945,783288.560452377,918006.4925597587,1108765.6714233353,499654.96573085536,1003595.37263352,1003595.37263352
2025-04-16T09:40:00.000+0000,1020491.562719097,783288.560452377,915460.5250189557,1109547.8587724555,499654.96573085536,1003595.37263352,1003595.37263352
2025-04-16T09:50:00.000+0000,1021393.661152545,783288.560452377,914994.2666444764,1111320.6827477594,499654.96573085536,1003595.37263352,1003595.37263352
2025-04-16T10:00:00.000+0000,1020783.6297883689,783288.560452377,915510.6642950475,1110892.4074722952,499654.96573085536,1003595.37263352,1003595.37263352
2025-04-16T10:10:00.000+0000,1020048.433925961,783288.560452377,917855.6335763694,1110189.3154962154,499654.96573085536,1003595.37263352,1003595.37263352
2025-04-16T10:20:00.000+0000,1019965.916742561,783288.560452377,920110.431917429,1109118.9534414394,499654.96573085536,1003595.37263352,1003595.37263352
2025-04-16T10:30:00.000+0000,1020299.2576263449,783288.560452377,920822.1334478615,1109451.3982226793,499654.96573085536,1003595.37263352,1003595.37263352
2025-04-16T10:40:00.000+0000,1020056.179634433,783288.560452377,920483.9139251937,1108789.5590479353,499654.96573085536,1003595.37263352,1003595.37263352
2025-04-16T10:50:00.000+0000,1019827.655989721,783288.560452377,922357.9119398067,1108458.9092095913,499654.96573085536,1003595.37263352,1003595.37263352
2025-04-16T11:00:00.000+0000,1020020.2907285449,783288.560452377,921586.0787600689,1108987.4655559673,499654.96573085536,1003595.37263352,1003595.37263352
2025-04-16T11:10:00.000+0000,1020017.754888841,783288.560452377,922145.0727572471,1108554.2746761353,499654.96573085536,1003595.37263352,1003595.37263352
2025-04-16T11:20:00.000+0000,1020263.869019897,783288.560452377,919773.1595770407,1108893.7335915752,499654.96573085536,1003595.37263352,1003595.37263352
2025-04-16T11:30:00.000+0000,1021018.583424969,783288.560452377,918891.9895348748,1111063.5191133833,499654.96573085536,1003595.37263352,1003595.37263352
2025-04-16T11:40:00.000+0000,1020227.541315329,783288.560452377,922297.974075004,1108064.8139881913,499654.96573085536,1003595.37263352,1003595.37263352
2025-04-16T11:50:00.000+0000,1020187.098605401,783288.560452377,923836.414280246,1107991.3561914794,499654.96573085536,1003595.37263352,1003595.37263352
2025-04-16T12:00:00.000+0000,1020327.037284825,783288.560452377,923261.2103505136,1108277.5314679593,499654.96573085536,1003595.37263352,1003595.37263352
2025-04-16T12:10:00.000+0000,1020131.847301833,783288.560452377,922691.400344539,1108719.4797062953,499654.96573085536,1003595.37263352,1003595.37263352
2025-04-16T12:20:00.000+0000,1019870.621879489,783288.560452377,924300.8428671418,1106801.2576026234,499654.96573085536,1003595.37263352,1003595.37263352
2025-04-16T12:30:00.000+0000,1020163.7025072649,783288.560452377,922554.4379972643,1107134.4618757833,499654.96573085536,1003595.37263352,1003595.37263352
2025-04-16T12:40:00.000+0000,1020897.3948834251,783288.560452377,919827.0725938554,1110183.3483837273,499654.96573085536,1003595.37263352,1003595.37263352
2025-04-16T12:50:00.000+0000,1021285.2439357609,783288.560452377,919439.4390673088,1111025.8307182393,499654.96573085536,1003595.37263352,1003595.37263352
2025-04-16T13:00:00.000+0000,1021253.9872611209,783288.560452377,918718.4422924537,1110393.1900759675,499654.96573085536,1003595.37263352,1003595.37263352
2025-04-16T13:10:00.000+0000,1021177.0939750009,783288.560452377,917110.7183162544,1109331.9727195753,499654.96573085536,1003595.37263352,1003595.37263352
2025-04-16T13:20:00.000+0000,1022309.5875847369,783288.560452377,916980.2624388803,1110318.1486871433,499654.96573085536,1003595.37263352,1003595.37263352
2025-04-16T13:30:00.000+0000,1021617.913347153,783288.560452377,916764.9740898083,1107220.5742207512,499654.96573085536,1003595.37263352,1003595.37263352
2025-04-16T13:40:00.000+0000,1021361.1029399689,783288.560452377,919694.8115935092,1106528.8789799833,499654.96573085536,1003595.37263352,1003595.37263352
2025-04-16T13:50:00.000+0000,1021944.278056345,783288.560452377,916108.1520394682,1109736.8663853032,499654.96573085536,1003595.37263352,1003595.37263352
2025-04-16T14:00:00.000+0000,1021361.605487609,783288.560452377,917302.12701928,1107824.8673891593,499654.96573085536,1003595.37263352,1003595.37263352
2025-04-16T14:10:00.000+0000,1021167.491473153,783288.560452377,918980.371673069,1107727.4680610073,499654.96573085536,1003595.37263352,1003595.37263352
2025-04-16T14:20:00.000+0000,1019964.805102585,783288.560452377,922553.1348503537,1104386.3690901992,499654.96573085536,1003595.37263352,1003595.37263352
2025-04-16T14:30:00.000+0000,1018688.626083209,783288.560452377,927823.3257918656,1101970.7234839355,499654.96573085536,1003595.37263352,1003595.37263352
2025-04-16T14:40:00.000+0000,1017974.310603121,783288.560452377,928201.6836322043,1101050.3365629914,499654.96573085536,1003595.37263352,1003595.37263352
2025-04-16T14:50:00.000+0000,1018019.8166491371,783288.560452377,930106.9216702117,1101518.7419786393,499654.96573085536,1003595.37263352,1003595.37263352
2025-04-16T15:00:00.000+0000,1017951.7951299208,783288.560452377,931073.167557159,1102089.9944008074,499654.96573085536,1003595.37263352,1003595.37263352
2025-04-16T15:10:00.000+0000,1016886.468813329,783288.560452377,932090.522420787,1101655.4592272714,499654.96573085536,1003595.37263352,1003595.37263352
2025-04-16T15:20:00.000+0000,1015305.435882345,783288.560452377,934534.0688247263,1098060.0051634554,499654.96573085536,1003595.37263352,1003595.37263352
2025-04-16T15:30:00.000+0000,1016026.9583822009,783288.560452377,936292.1983058245,1100289.1656372712,499654.96573085536,1003595.37263352,1003595.37263352
2025-04-16T15:40:00.000+0000,1016725.375900841,783288.560452377,934349.3895748184,1102259.2644563434,499654.96573085536,1003595.37263352,1003595.37263352
2025-04-16T15:50:00.000+0000,1017904.265274249,783288.560452377,933166.8569582126,1104494.4906836713,499654.96573085536,1003595.37263352,1003595.37263352
2025-04-16T16:00:00.000+0000,1018752.1867040009,783288.560452377,934060.8033010768,1104679.8699914874,499654.96573085536,1003595.37263352,1003595.37263352
2025-04-16T16:10:00.000+0000,1018340.467583009,783288.560452377,933859.3024932414,1104585.5048240633,499654.96573085536,1003595.37263352,1003595.37263352
2025-04-16T16:20:00.000+0000,1019265.660356193,783288.560452377,931686.4221742174,1107802.7214101274,499654.96573085536,1003595.37263352,1003595.37263352
2025-04-16T16:30:00.000+0000,1019471.7937274649,783288.560452377,928113.9436148896,1108064.2713526473,499654.96573085536,1003595.37263352,1003595.37263352
2025-04-16T16:40:00.000+0000,1020471.7952157609,783288.560452377,928876.0218921676,1109969.7453429755,499654.96573085536,1003595.37263352,1003595.37263352
2025-04-16T16:50:00.000+0000,1019232.8833687769,783288.560452377,932318.6379559299,1105501.9910680475,499654.96573085536,1003595.37263352,1003595.37263352
2025-04-16T17:00:00.000+0000,1018537.913569753,783288.560452377,937303.3197722076,1105134.2676123434,499654.96573085536,1003595.37263352,1003595.37263352
2025-04-16T17:10:00.000+0000,1017981.9421729769,783288.560452377,936758.9961809281,1102781.6389721432,499654.96573085536,1003595.37263352,1003595.37263352
2025-04-16T17:20:00.000+0000,1016931.679545785,783288.560452377,942117.2195112673,1100635.0245086474,499654.96573085536,1003595.37263352,1003595.37263352
2025-04-16T17:30:00.000+0000,1018163.312180801,783288.560452377,934742.2983076042,1104492.3160147995,499654.96573085536,1003595.37263352,1003595.37263352
2025-04-16T17:40:00.000+0000,1020228.831732169,783288.560452377,921461.6989289897,1110223.7505461194,499654.96573085536,1003595.37263352,1003595.37263352
2025-04-16T17:50:00.000+0000,1021520.3087133769,783288.560452377,910997.1738043191,1114073.7233019592,499654.96573085536,1003595.37263352,1003595.37263352
2025-04-16T18:00:00.000+0000,1020360.955838257,783288.560452377,913998.8670141117,1112613.6352775833,499654.96573085536,1003595.37263352,1003595.37263352
2025-04-16T18:10:00.000+0000,1019296.022836761,783288.560452377,919172.477540603,1110783.5157554154,499654.96573085536,1003595.37263352,1003595.37263352
2025-04-16T18:20:00.000+0000,1017694.358154393,783288.560452377,920565.9005574498,1108360.1806756554,499654.96573085536,1003595.37263352,1003595.37263352
2025-04-16T18:30:00.000+0000,1018402.552065657,783288.560452377,923610.8617999547,1109039.4803008554,499654.96573085536,1003595.37263352,1003595.37263352
2025-04-16T18:40:00.000+0000,1019499.235076809,783288.560452377,920997.6104688204,1111857.2782176875,499654.96573085536,1003595.37263352,1003595.37263352
2025-04-16T18:50:00.000+0000,1019212.0894372411,783288.560452377,922602.1849302633,1110201.5406082952,499654.96573085536,1003595.37263352,1003595.37263352
2025-04-16T19:00:00.000+0000,1019059.983149697,783288.560452377,926732.0608773367,1109950.6474035592,499654.96573085536,1003595.37263352,1003595.37263352
2025-04-16T19:10:00.000+0000,1018557.0227002089,783288.560452377,926797.8070458155,1109876.1896674393,499654.96573085536,1003595.37263352,1003595.37263352
2025-04-16T19:20:00.000+0000,1019465.8399243209,783288.560452377,924679.3918626825,1112272.465791695,499654.96573085536,1003595.37263352,1003595.37263352
2025-04-16T19:30:00.000+0000,1018911.2736725289,783288.560452377,925669.1759185819,1111886.1943762393,499654.96573085536,1003595.37263352,1003595.37263352
2025-04-16T19:40:00.000+0000,1016594.451154497,783288.560452377,930036.5900015223,1105864.7720508953,499654.96573085536,1003595.37263352,1003595.37263352
2025-04-16T19:50:00.000+0000,1015521.461233697,783288.560452377,941811.4301557929,1102626.8794588794,499654.96573085536,1003595.37263352,1003595.37263352
2025-04-16T20:00:00.000+0000,1016229.721991441,783288.560452377,941861.3282051027,1102995.5136753914,499654.96573085536,1003595.37263352,1003595.37263352
2025-04-16T20:10:00.000+0000,1016267.614752961,783288.560452377,942519.0947548451,1101868.4295945673,499654.96573085536,1003595.37263352,1003595.37263352
2025-04-16T20:20:00.000+0000,1016018.196647201,783288.560452377,943239.2960375403,1100701.6328593034,499654.96573085536,1003595.37263352,1003595.37263352
2025-04-16T20:30:00.000+0000,1016354.723739977,783288.560452377,941518.1810971191,1103476.7927938313,499654.96573085536,1003595.37263352,1003595.37263352
2025-04-16T20:40:00.000+0000,1016998.2870371289,783288.560452377,938795.242599756,1105095.4862422794,499654.96573085536,1003595.37263352,1003595.37263352
2025-04-16T20:50:00.000+0000,1017679.7505698169,783288.560452377,936735.1448211742,1106625.1590442634,499654.96573085536,1003595.37263352,1003595.37263352
2025-04-16T21:00:00.000+0000,1018290.312109513,783288.560452377,936928.4463147498,1107255.4035249993,499654.96573085536,1003595.37263352,1003595.37263352
2025-04-16T21:10:00.000+0000,1017820.0061954809,783288.560452377,940252.1247451212,1106047.5971037513,499654.96573085536,1003595.37263352,1003595.37263352
2025-04-16T21:20:00.000+0000,1016962.871182497,783288.560452377,942758.6580368073,1104129.3651779434,499654.96573085536,1003595.37263352,1003595.37263352
2025-04-16T21:30:00.000+0000,1016914.938069689,783288.560452377,942146.9260353481,1104554.9733388072,499654.96573085536,1003595.37263352,1003595.37263352
2025-04-16T21:40:00.000+0000,1017443.962241505,783288.560452377,942367.877678382,1105668.4324183594,499654.96573085536,1003595.37263352,1003595.37263352
2025-04-16T21:50:00.000+0000,1017087.5498097369,783288.560452377,943645.3436982018,1104276.4112668873,499654.96573085536,1003595.37263352,1003595.37263352
2025-04-16T22:00:00.000+0000,1017288.694035521,783288.560452377,942657.4529515692,1104509.3802324953,499654.96573085536,1003595.37263352,1003595.37263352
2025-04-16T22:10:00.000+0000,1017262.638596561,783288.560452377,941203.2542418765,1105012.1833879193,499654.96573085536,1003595.37263352,1003595.37263352
2025-04-16T22:20:00.000+0000,1017735.500604081,783288.560452377,940583.0406960021,1106113.2440741274,499654.96573085536,1003595.37263352,1003595.37263352
2025-04-16T22:30:00.000+0000,1017690.2811386171,783288.560452377,940185.8447011304,1105442.6940736233,499654.96573085536,1003595.37263352,1003595.37263352
2025-04-16T22:40:00.000+0000,1017134.584631753,783288.560452377,942633.9788408761,1104499.5341356792,499654.96573085536,1003595.37263352,1003595.37263352
2025-04-16T22:50:00.000+0000,1017062.123437121,783288.560452377,941594.9649072434,1105234.7163290314,499654.96573085536,1003595.37263352,1003595.37263352
2025-04-16T23:00:00.000+0000,1017658.671436625,783288.560452377,939397.793280849,1105966.7274412792,499654.96573085536,1003595.37263352,1003595.37263352
2025-04-16T23:10:00.000+0000,1018207.5466249129,783288.560452377,938496.728824852,1107753.8022767673,499654.96573085536,1003595.37263352,1003595.37263352
2025-04-16T23:20:00.000+0000,1018647.9475121209,783288.560452377,937635.8118083082,1108961.1578190073,499654.96573085536,1003595.37263352,1003595.37263352
2025-04-16T23:30:00.000+0000,1019049.5430284808,783288.560452377,934982.1329538666,1110231.3485728314,499654.96573085536,1003595.37263352,1003595.37263352
2025-04-16T23:40:00.000+0000,1019105.3089500249,783288.560452377,934917.1897896039,1109284.0803441512,499654.96573085536,1003595.37263352,1003595.37263352
2025-04-16T23:50:00.000+0000,1019082.9387605049,783288.560452377,936251.1892946619,1108840.9693367751,499654.96573085536,1003595.37263352,1003595.37263352
2025-04-17T00:00:00.000+0000,1018686.405361209,783288.560452377,934849.0821221903,1107886.1489446633,499654.96573085536,1003595.37263352,1003595.37263352
2025-04-17T00:10:00.000+0000,1018484.263614081,783288.560452377,935462.18721329,1107942.2724898793,499654.96573085536,1003595.37263352,1003595.37263352
2025-04-17T00:20:00.000+0000,1018764.938304553,783288.560452377,934580.2972646654,1107601.6657534314,499654.96573085536,1003595.37263352,1003595.37263352
2025-04-17T00:30:00.000+0000,1018685.7042625368,783288.560452377,936350.7988614764,1107912.2854886875,499654.96573085536,1003595.37263352,1003595.37263352
2025-04-17T00:40:00.000+0000,1018622.6468488569,783288.560452377,936738.3238475793,1108610.0181656391,499654.96573085536,1003595.37263352,1003595.37263352
2025-04-17T00:50:00.000+0000,1017883.461440641,783288.560452377,937175.3081335379,1107399.2400036876,499654.96573085536,1003595.37263352,1003595.37263352
2025-04-17T01:00:00.000+0000,1017426.1524307609,783288.560452377,937486.8040576611,1106713.9779122793,499654.96573085536,1003595.37263352,1003595.37263352
2025-04-17T01:10:00.000+0000,1017056.480774865,783288.560452377,939621.92500558,1105124.7755220954,499654.96573085536,1003595.37263352,1003595.37263352
2025-04-17T01:20:00.000+0000,1017092.684009089,783288.560452377,939808.099282099,1104926.9817438072,499654.96573085536,1003595.37263352,1003595.37263352
2025-04-17T01:30:00.000+0000,1016905.929762105,783288.560452377,940421.7152116841,1103729.7884652473,499654.96573085536,1003595.37263352,1003595.37263352
2025-04-17T01:40:00.000+0000,1017781.216891769,783288.560452377,939243.7057181913,1106460.1834104394,499654.96573085536,1003595.37263352,1003595.37263352
2025-04-17T01:50:00.000+0000,1018004.959114681,783288.560452377,938471.1834582943,1106841.0321475114,499654.96573085536,1003595.37263352,1003595.37263352
2025-04-17T02:00:00.000+0000,1018427.0586646809,783288.560452377,939069.9011695842,1107108.1490628873,499654.96573085536,1003595.37263352,1003595.37263352
2025-04-17T02:10:00.000+0000,1018779.022468201,783288.560452377,935980.0034909784,1108364.5500973195,499654.96573085536,1003595.37263352,1003595.37263352
2025-04-17T02:20:00.000+0000,1019070.9194136809,783288.560452377,934758.7080162845,1108225.2316613034,499654.96573085536,1003595.37263352,1003595.37263352
2025-04-17T02:30:00.000+0000,1018982.4631453529,783288.560452377,935859.1851310553,1107926.7417644071,499654.96573085536,1003595.37263352,1003595.37263352
2025-04-17T02:40:00.000+0000,1019014.839313681,783288.560452377,936907.010800255,1107619.0503845913,499654.96573085536,1003595.37263352,1003595.37263352
2025-04-17T02:50:00.000+0000,1018870.1505973289,783288.560452377,937302.3287693304,1107438.4762995194,499654.96573085536,1003595.37263352,1003595.37263352
2025-04-17T03:00:00.000+0000,1018407.988862737,783288.560452377,938370.3029390951,1106473.8106099514,499654.96573085536,1003595.37263352,1003595.37263352
2025-04-17T03:10:00.000+0000,1018573.279374457,783288.560452377,936258.2328952443,1107214.3002339592,499654.96573085536,1003595.37263352,1003595.37263352
2025-04-17T03:20:00.000+0000,1019044.3790229929,783288.560452377,931312.4557094576,1107957.8833911594,499654.96573085536,1003595.37263352,1003595.37263352
2025-04-17T03:30:00.000+0000,1019317.213300817,783288.560452377,931495.450440855,1107447.0308404074,499654.96573085536,1003595.37263352,1003595.37263352
2025-04-17T03:40:00.000+0000,1019015.5521929209,783288.560452377,931222.130932774,1106539.7383755115,499654.96573085536,1003595.37263352,1003595.37263352
2025-04-17T03:50:00.000+0000,1019082.2387309768,783288.560452377,933232.789765649,1106384.4683809595,499654.96573085536,1003595.37263352,1003595.37263352
2025-04-17T04:00:00.000+0000,1018932.162687937,783288.560452377,933039.7490570707,1106321.7917923753,499654.96573085536,1003595.37263352,1003595.37263352
2025-04-17T04:10:00.000+0000,1019044.9244463049,783288.560452377,932780.4063227675,1106179.688655903,499654.96573085536,1003595.37263352,1003595.37263352
2025-04-17T04:20:00.000+0000,1018746.362327233,783288.560452377,933140.1125760961,1105288.5058529591,499654.96573085536,1003595.37263352,1003595.37263352
2025-04-17T04:30:00.000+0000,1018889.028033289,783288.560452377,933251.4209985103,1104818.2402666395,499654.96573085536,1003595.37263352,1003595.37263352
2025-04-17T04:40:00.000+0000,1018572.511359361,783288.560452377,933760.0229832316,1103402.0496062553,499654.96573085536,1003595.37263352,1003595.37263352
2025-04-17T04:50:00.000+0000,1018304.571972489,783288.560452377,937498.2265854347,1102244.9778148073,499654.96573085536,1003595.37263352,1003595.37263352
2025-04-17T05:00:00.000+0000,1017891.0270832811,783288.560452377,938179.1507106042,1101224.4922868633,499654.96573085536,1003595.37263352,1003595.37263352
2025-04-17T05:10:00.000+0000,1017353.396671969,783288.560452377,939878.4500438636,1099551.0214154394,499654.96573085536,1003595.37263352,1003595.37263352
2025-04-17T05:20:00.000+0000,1017475.895554401,783288.560452377,941426.9488268798,1101145.6778588872,499654.96573085536,1003595.37263352,1003595.37263352
2025-04-17T05:30:00.000+0000,1016711.3972127449,783288.560452377,942643.2282706049,1100562.0804206394,499654.96573085536,1003595.37263352,1003595.37263352
2025-04-17T05:40:00.000+0000,1016439.541621345,783288.560452377,946126.8810952469,1099740.2912383513,499654.96573085536,1003595.37263352,1003595.37263352
2025-04-17T05:50:00.000+0000,1016721.4062890729,783288.560452377,945722.5452827255,1100465.6759059995,499654.96573085536,1003595.37263352,1003595.37263352
2025-04-17T06:00:00.000+0000,1016821.646832433,783288.560452377,945589.3003893294,1099577.4632450393,499654.96573085536,1003595.37263352,1003595.37263352
2025-04-17T06:10:00.000+0000,1017130.264270809,783288.560452377,945556.2321880782,1100325.8076901594,499654.96573085536,1003595.37263352,1003595.37263352
2025-04-17T06:20:00.000+0000,1016157.1250055289,783288.560452377,947181.9387837774,1097547.0215888873,499654.96573085536,1003595.37263352,1003595.37263352
2025-04-17T06:30:00.000+0000,1015935.038796745,783288.560452377,949619.1062977584,1097435.5808328714,499654.96573085536,1003595.37263352,1003595.37263352
2025-04-17T06:40:00.000+0000,1016128.867659505,783288.560452377,950970.0026335104,1097640.821898559,499654.96573085536,1003595.37263352,1003595.37263352
2025-04-17T06:50:00.000+0000,1016340.165415961,783288.560452377,951604.8471916362,1098097.3871439274,499654.96573085536,1003595.37263352,1003595.37263352
2025-04-17T07:00:00.000+0000,1016670.0762559769,783288.560452377,949584.6768115261,1098992.164149207,499654.96573085536,1003595.37263352,1003595.37263352
2025-04-17T07:10:00.000+0000,1016694.650630737,783288.560452377,949183.1804174,1098799.5339067834,499654.96573085536,1003595.37263352,1003595.37263352
2025-04-17T07:20:00.000+0000,1016137.703934825,783288.560452377,950677.902330892,1098185.1406649032,499654.96573085536,1003595.37263352,1003595.37263352
2025-04-17T07:30:00.000+0000,1015759.1813553369,783288.560452377,953325.3491563159,1097671.2899346154,499654.96573085536,1003595.37263352,1003595.37263352
2025-04-17T07:40:00.000+0000,1015555.670444417,783288.560452377,950789.0649655168,1098325.0610689593,499654.96573085536,1003595.37263352,1003595.37263352
2025-04-17T07:50:00.000+0000,1016179.8741716249,783288.560452377,949561.1879717966,1099452.7127953032,499654.96573085536,1003595.37263352,1003595.37263352
2025-04-17T08:00:00.000+0000,1015814.6942794409,783288.560452377,950682.8063247472,1098778.9806825274,499654.96573085536,1003595.37263352,1003595.37263352
2025-04-17T08:10:00.000+0000,1015823.4852110649,783288.560452377,950544.0624459609,1098704.7202484396,499654.96573085536,1003595.37263352,1003595.37263352
2025-04-17T08:20:00.000+0000,1016135.596931777,783288.560452377,949005.7203268711,1100209.2143994714,499654.96573085536,1003595.37263352,1003595.37263352
2025-04-17T08:30:00.000+0000,1016183.7420748249,783288.560452377,948606.9017254463,1100583.7534783115,499654.96573085536,1003595.37263352,1003595.37263352
2025-04-17T08:40:00.000+0000,1016717.4652844009,783288.560452377,947980.2085027252,1101132.5498397113,499654.96573085536,1003595.37263352,1003595.37263352
2025-04-17T08:50:00.000+0000,1017339.769392521,783288.560452377,945787.4206327013,1102999.3997540392,499654.96573085536,1003595.37263352,1003595.37263352
2025-04-17T09:00:00.000+0000,1017440.079630081,783288.560452377,943895.6439601653,1103589.6100177914,499654.96573085536,1003595.37263352,1003595.37263352
2025-04-17T09:10:00.000+0000,1017629.8153899449,783288.560452377,943840.5832783048,1105239.2045056152,499654.96573085536,1003595.37263352,1003595.37263352
2025-04-17T09:20:00.000+0000,1017540.8938541291,783288.560452377,944586.632011005,1105486.6043472795,499654.96573085536,1003595.37263352,1003595.37263352
2025-04-17T09:30:00.000+0000,1017649.990716761,783288.560452377,944318.7297409249,1105746.4244347913,499654.96573085536,1003595.37263352,1003595.37263352
2025-04-17T09:40:00.000+0000,1017036.092508537,783288.560452377,946402.5892082512,1104142.6609528074,499654.96573085536,1003595.37263352,1003595.37263352
2025-04-17T09:50:00.000+0000,1017310.0568515849,783288.560452377,946139.0473802981,1104529.1442985833,499654.96573085536,1003595.37263352,1003595.37263352
2025-04-17T10:00:00.000+0000,1017384.5912962889,783288.560452377,946086.2072566203,1104209.6279263354,499654.96573085536,1003595.37263352,1003595.37263352
2025-04-17T10:10:00.000+0000,1017676.3932378329,783288.560452377,942964.096115862,1105003.8082833674,499654.96573085536,1003595.37263352,1003595.37263352
2025-04-17T10:20:00.000+0000,1017999.3253053369,783288.560452377,943889.449196352,1105973.0828229033,499654.96573085536,1003595.37263352,1003595.37263352
2025-04-17T10:30:00.000+0000,1017822.0684943211,783288.560452377,944035.2712580481,1105076.9929487593,499654.96573085536,1003595.37263352,1003595.37263352
2025-04-17T10:40:00.000+0000,1017969.9172106489,783288.560452377,943725.0369051688,1106014.9306778153,499654.96573085536,1003595.37263352,1003595.37263352
2025-04-17T10:50:00.000+0000,1017567.568147609,783288.560452377,944076.1833633622,1105000.5341647593,499654.96573085536,1003595.37263352,1003595.37263352
2025-04-17T11:00:00.000+0000,1017127.5820882729,783288.560452377,945231.9146494204,1104516.8543683994,499654.96573085536,1003595.37263352,1003595.37263352
2025-04-17T11:10:00.000+0000,1017353.248300761,783288.560452377,942607.5396366478,1105057.6343280554,499654.96573085536,1003595.37263352,1003595.37263352
2025-04-17T11:20:00.000+0000,1016816.923763913,783288.560452377,943660.7978273188,1104036.3665064473,499654.96573085536,1003595.37263352,1003595.37263352
2025-04-17T11:30:00.000+0000,1016538.7509103689,783288.560452377,944267.8265949062,1104217.0397121594,499654.96573085536,1003595.37263352,1003595.37263352
2025-04-17T11:40:00.000+0000,1016541.184541905,783288.560452377,945674.7399165803,1103576.9836769514,499654.96573085536,1003595.37263352,1003595.37263352
2025-04-17T11:50:00.000+0000,1016636.740635825,783288.560452377,945511.1753711563,1103726.2899862714,499654.96573085536,1003595.37263352,1003595.37263352
2025-04-17T12:00:00.000+0000,1016513.5368977289,783288.560452377,945513.3155144589,1103042.7875959754,499654.96573085536,1003595.37263352,1003595.37263352
2025-04-17T12:10:00.000+0000,1016559.627895409,783288.560452377,946651.6967328324,1102607.8271129592,499654.96573085536,1003595.37263352,1003595.37263352
2025-04-17T12:20:00.000+0000,1016272.925490969,783288.560452377,949091.0791798835,1101759.5563029354,499654.96573085536,1003595.37263352,1003595.37263352
2025-04-17T12:30:00.000+0000,1016388.7310623369,783288.560452377,948659.266630399,1102114.1771691034,499654.96573085536,1003595.37263352,1003595.37263352
2025-04-17T12:40:00.000+0000,1016557.1191739929,783288.560452377,949311.1297325487,1103038.4404964393,499654.96573085536,1003595.37263352,1003595.37263352
2025-04-17T12:50:00.000+0000,1016629.066589977,783288.560452377,949806.6378081546,1102966.5630844075,499654.96573085536,1003595.37263352,1003595.37263352
2025-04-17T13:00:00.000+0000,1016653.336518489,783288.560452377,947183.9320304219,1102726.1597210793,499654.96573085536,1003595.37263352,1003595.37263352
2025-04-17T13:10:00.000+0000,1017391.3563099449,783288.560452377,945322.0418855728,1104773.0984889753,499654.96573085536,1003595.37263352,1003595.37263352
2025-04-17T13:20:00.000+0000,1017266.9067293209,783288.560452377,945973.0966356108,1103610.5438073513,499654.96573085536,1003595.37263352,1003595.37263352
2025-04-17T13:30:00.000+0000,1017532.945138193,783288.560452377,943379.5614944925,1103636.0631255512,499654.96573085536,1003595.37263352,1003595.37263352
2025-04-17T13:40:00.000+0000,1017888.4082999849,783288.560452377,943703.7929931574,1103493.9737880314,499654.96573085536,1003595.37263352,1003595.37263352
2025-04-17T13:50:00.000+0000,1017899.7290661209,783288.560452377,943872.3097527907,1104036.0172560713,499654.96573085536,1003595.37263352,1003595.37263352
2025-04-17T14:00:00.000+0000,1018330.7869736969,783288.560452377,938312.4652873718,1104684.2444491193,499654.96573085536,1003595.37263352,1003595.37263352
2025-04-17T14:10:00.000+0000,1018892.578430697,783288.560452377,936719.6904684163,1107125.6677167434,499654.96573085536,1003595.37263352,1003595.37263352
2025-04-17T14:20:00.000+0000,1019810.184398185,783288.560452377,935610.7808790943,1109097.7650956875,499654.96573085536,1003595.37263352,1003595.37263352
2025-04-17T14:30:00.000+0000,1020287.501428833,783288.560452377,931704.3301468203,1110417.0798288633,499654.96573085536,1003595.37263352,1003595.37263352
2025-04-17T14:40:00.000+0000,1020157.7031805689,783288.560452377,933738.4973954987,1109596.1184937672,499654.96573085536,1003595.37263352,1003595.37263352
2025-04-17T14:50:00.000+0000,1019932.766903665,783288.560452377,934612.6029284988,1109609.9636187993,499654.96573085536,1003595.37263352,1003595.37263352
2025-04-17T15:00:00.000+0000,1018719.567670121,783288.560452377,936047.2422446908,1106391.0451653195,499654.96573085536,1003595.37263352,1003595.37263352
2025-04-17T15:10:00.000+0000,1018240.5818755531,783288.560452377,940907.5458217572,1105610.7966339034,499654.96573085536,1003595.37263352,1003595.37263352
2025-04-17T15:20:00.000+0000,1018910.246145209,783288.560452377,939509.0282638639,1106116.9512060473,499654.96573085536,1003595.37263352,1003595.37263352
2025-04-17T15:30:00.000+0000,1018119.6355900489,783288.560452377,941155.0117360039,1105766.0929373915,499654.96573085536,1003595.37263352,1003595.37263352
2025-04-17T15:40:00.000+0000,1018271.4183965849,783288.560452377,942902.0424415745,1106058.2060298154,499654.96573085536,1003595.37263352,1003595.37263352
2025-04-17T15:50:00.000+0000,1017996.4066621211,783288.560452377,944103.1663786774,1106568.0561431595,499654.96573085536,1003595.37263352,1003595.37263352
2025-04-17T16:00:00.000+0000,1017436.165803649,783288.560452377,941410.2596602149,1106502.8750397915,499654.96573085536,1003595.37263352,1003595.37263352
2025-04-17T16:10:00.000+0000,1016555.7085633851,783288.560452377,944550.5161193185,1104441.4486712553,499654.96573085536,1003595.37263352,1003595.37263352
2025-04-17T16:20:00.000+0000,1015288.0499222489,783288.560452377,948675.53016692,1101645.8427266313,499654.96573085536,1003595.37263352,1003595.37263352
2025-04-17T16:30:00.000+0000,1014507.319716481,783288.560452377,951994.5101747399,1099202.5870660953,499654.96573085536,1003595.37263352,1003595.37263352
2025-04-17T16:40:00.000+0000,1015129.758906449,783288.560452377,949532.1580344345,1100826.1538127833,499654.96573085536,1003595.37263352,1003595.37263352
2025-04-17T16:50:00.000+0000,1014510.3575742489,783288.560452377,950688.9413229054,1099538.5670469112,499654.96573085536,1003595.37263352,1003595.37263352
2025-04-17T17:00:00.000+0000,1014551.526272921,783288.560452377,951015.3362791161,1098806.9402269835,499654.96573085536,1003595.37263352,1003595.37263352
2025-04-17T17:10:00.000+0000,1014481.4422850009,783288.560452377,953039.3782267426,1098541.7262680235,499654.96573085536,1003595.37263352,1003595.37263352
2025-04-17T17:20:00.000+0000,1015164.233294857,783288.560452377,951991.6629849301,1099772.4266894073,499654.96573085536,1003595.37263352,1003595.37263352
2025-04-17T17:30:00.000+0000,1015135.644044569,783288.560452377,954980.8503195203,1098977.9303053992,499654.96573085536,1003595.37263352,1003595.37263352
2025-04-17T17:40:00.000+0000,1015816.7286606329,783288.560452377,953744.7362276192,1098887.7067820074,499654.96573085536,1003595.37263352,1003595.37263352
2025-04-17T17:50:00.000+0000,1015995.1012583049,783288.560452377,956507.823774162,1098005.4389513752,499654.96573085536,1003595.37263352,1003595.37263352
2025-04-17T18:00:00.000+0000,1016102.056715433,783288.560452377,955589.2414452394,1097087.3278183434,499654.96573085536,1003595.37263352,1003595.37263352
2025-04-17T18:10:00.000+0000,1016174.9854057688,783288.560452377,957453.1098483384,1096772.056797095,499654.96573085536,1003595.37263352,1003595.37263352
2025-04-17T18:20:00.000+0000,1016388.743112689,783288.560452377,956311.9460349898,1095179.6196367994,499654.96573085536,1003595.37263352,1003595.37263352
2025-04-17T18:30:00.000+0000,1016656.060687409,783288.560452377,956274.4913944909,1095826.7345104155,499654.96573085536,1003595.37263352,1003595.37263352
2025-04-17T18:40:00.000+0000,1016602.172512465,783288.560452377,954193.3167132051,1095887.6622791756,499654.96573085536,1003595.37263352,1003595.37263352
2025-04-17T18:50:00.000+0000,1017016.833078417,783288.560452377,951181.3934000863,1098122.5041242552,499654.96573085536,1003595.37263352,1003595.37263352
2025-04-17T19:00:00.000+0000,1017414.718914897,783288.560452377,952303.4242281534,1099442.5452158793,499654.96573085536,1003595.37263352,1003595.37263352
2025-04-17T19:10:00.000+0000,1017414.420733633,783288.560452377,945981.0506719846,1100229.3713809755,499654.96573085536,1003595.37263352,1003595.37263352
2025-04-17T19:20:00.000+0000,1019098.704617721,783288.560452377,943208.9117728192,1105744.0293823674,499654.96573085536,1003595.37263352,1003595.37263352
2025-04-17T19:30:00.000+0000,1019379.8947055449,783288.560452377,940204.4482914275,1105750.6106231592,499654.96573085536,1003595.37263352,1003595.37263352
2025-04-17T19:40:00.000+0000,1019229.651336473,783288.560452377,942599.2754146191,1105783.1829444394,499654.96573085536,1003595.37263352,1003595.37263352
2025-04-17T19:50:00.000+0000,1019170.992880809,783288.560452377,942319.1559383979,1104818.5096109915,499654.96573085536,1003595.37263352,1003595.37263352
2025-04-17T20:00:00.000+0000,1018194.977867969,783288.560452377,945765.1651493583,1102348.6250606233,499654.96573085536,1003595.37263352,1003595.37263352
2025-04-17T20:10:00.000+0000,1017781.2139940889,783288.560452377,947089.7434219187,1102249.0072886473,499654.96573085536,1003595.37263352,1003595.37263352
2025-04-17T20:20:00.000+0000,1017602.7186047289,783288.560452377,948518.8213041879,1101619.5894660554,499654.96573085536,1003595.37263352,1003595.37263352
2025-04-17T20:30:00.000+0000,1017596.695577009,783288.560452377,947432.1044188829,1100968.6756040633,499654.96573085536,1003595.37263352,1003595.37263352
2025-04-17T20:40:00.000+0000,1017483.578243329,783288.560452377,946981.0385568722,1101235.8750333753,499654.96573085536,1003595.37263352,1003595.37263352
2025-04-17T20:50:00.000+0000,1017188.7972169609,783288.560452377,950349.5917707458,1100785.1994724874,499654.96573085536,1003595.37263352,1003595.37263352
2025-04-17T21:00:00.000+0000,1017428.9734421449,783288.560452377,948589.8287100862,1100992.5511283514,499654.96573085536,1003595.37263352,1003595.37263352
2025-04-17T21:10:00.000+0000,1017299.4693183929,783288.560452377,948548.8605951448,1100495.6502373354,499654.96573085536,1003595.37263352,1003595.37263352
2025-04-17T21:20:00.000+0000,1017621.1821720488,783288.560452377,947373.8352525448,1102492.6739492475,499654.96573085536,1003595.37263352,1003595.37263352
2025-04-17T21:30:00.000+0000,1017557.1499588329,783288.560452377,948362.8224837745,1102460.5279666232,499654.96573085536,1003595.37263352,1003595.37263352
2025-04-17T21:40:00.000+0000,1017704.8534714169,783288.560452377,948831.9092857821,1101716.4757349833,499654.96573085536,1003595.37263352,1003595.37263352
2025-04-17T21:50:00.000+0000,1017902.3196819689,783288.560452377,950077.7453075422,1101024.4833121512,499654.96573085536,1003595.37263352,1003595.37263352
2025-04-17T22:00:00.000+0000,1017867.2157476009,783288.560452377,949010.582986559,1100369.1433139034,499654.96573085536,1003595.37263352,1003595.37263352
2025-04-17T22:10:00.000+0000,1018132.154007297,783288.560452377,950436.189989627,1101735.6096455995,499654.96573085536,1003595.37263352,1003595.37263352
2025-04-17T22:20:00.000+0000,1018353.882802241,783288.560452377,949413.8199088229,1102752.3163490233,499654.96573085536,1003595.37263352,1003595.37263352
2025-04-17T22:30:00.000+0000,1018344.0986858009,783288.560452377,948346.7985643093,1102917.4026642314,499654.96573085536,1003595.37263352,1003595.37263352
2025-04-17T22:40:00.000+0000,1018792.787787129,783288.560452377,947333.4152412934,1103383.5812327834,499654.96573085536,1003595.37263352,1003595.37263352
2025-04-17T22:50:00.000+0000,1019249.4606563289,783288.560452377,944700.2855757321,1105253.2734514473,499654.96573085536,1003595.37263352,1003595.37263352
2025-04-17T23:00:00.000+0000,1019452.9336476091,783288.560452377,945905.6276102659,1105331.8764886714,499654.96573085536,1003595.37263352,1003595.37263352
2025-04-17T23:10:00.000+0000,1019001.863053001,783288.560452377,947931.1005262451,1103941.3023686474,499654.96573085536,1003595.37263352,1003595.37263352
2025-04-17T23:20:00.000+0000,1018565.0773013689,783288.560452377,949141.6842578417,1102382.5423650555,499654.96573085536,1003595.37263352,1003595.37263352
2025-04-17T23:30:00.000+0000,1018441.809504561,783288.560452377,948892.8305249179,1102256.6011586874,499654.96573085536,1003595.37263352,1003595.37263352
2025-04-17T23:40:00.000+0000,1018516.788033713,783288.560452377,948001.6067341568,1102589.8711692153,499654.96573085536,1003595.37263352,1003595.37263352
2025-04-17T23:50:00.000+0000,1018645.6674176569,783288.560452377,948746.3582401348,1102366.2178551194,499654.96573085536,1003595.37263352,1003595.37263352
2025-04-18T00:00:00.000+0000,1018439.1502536649,783288.560452377,948029.6779439383,1100867.0465024393,499654.96573085536,1003595.37263352,1003595.37263352
2025-04-18T00:10:00.000+0000,1018398.8184249608,783288.560452377,947039.5315202201,1100306.5037756553,499654.96573085536,1003595.37263352,1003595.37263352
2025-04-18T00:20:00.000+0000,1019050.8866926889,783288.560452377,946719.3476844442,1101450.2625160713,499654.96573085536,1003595.37263352,1003595.37263352
2025-04-18T00:30:00.000+0000,1019111.3644617369,783288.560452377,947209.6746424349,1101630.1080444553,499654.96573085536,1003595.37263352,1003595.37263352
2025-04-18T00:40:00.000+0000,1019602.9580719769,783288.560452377,945885.3949566514,1101431.3838411032,499654.96573085536,1003595.37263352,1003595.37263352
2025-04-18T00:50:00.000+0000,1020318.681714633,783288.560452377,945498.4196839652,1102766.5968254954,499654.96573085536,1003595.37263352,1003595.37263352
2025-04-18T01:00:00.000+0000,1019662.2329640969,783288.560452377,946229.8239900279,1101681.3688729594,499654.96573085536,1003595.37263352,1003595.37263352
2025-04-18T01:10:00.000+0000,1018570.609092393,783288.560452377,951109.581916821,1099298.0346568872,499654.96573085536,1003595.37263352,1003595.37263352
2025-04-18T01:20:00.000+0000,1019075.5651641049,783288.560452377,950739.610977839,1099123.3299725351,499654.96573085536,1003595.37263352,1003595.37263352
2025-04-18T01:30:00.000+0000,1019186.826024153,783288.560452377,950695.8007616252,1099391.2619553353,499654.96573085536,1003595.37263352,1003595.37263352
2025-04-18T01:40:00.000+0000,1019755.352938473,783288.560452377,948937.4767000906,1100774.3007384553,499654.96573085536,1003595.37263352,1003595.37263352
2025-04-18T01:50:00.000+0000,1019936.3812698569,783288.560452377,948947.1536111892,1101612.5533294713,499654.96573085536,1003595.37263352,1003595.37263352
2025-04-18T02:00:00.000+0000,1019857.7106167689,783288.560452377,947973.131357249,1101671.4796506714,499654.96573085536,1003595.37263352,1003595.37263352
2025-04-18T02:10:00.000+0000,1020205.6026403209,783288.560452377,947986.1317321742,1102928.0695638794,499654.96573085536,1003595.37263352,1003595.37263352
2025-04-18T02:20:00.000+0000,1019671.097416857,783288.560452377,948737.0903432004,1101307.2700915993,499654.96573085536,1003595.37263352,1003595.37263352
2025-04-18T02:30:00.000+0000,1019546.224345297,783288.560452377,949478.4192081899,1101673.7020013672,499654.96573085536,1003595.37263352,1003595.37263352
2025-04-18T02:40:00.000+0000,1019206.413561577,783288.560452377,949977.6334874488,1099077.2153137992,499654.96573085536,1003595.37263352,1003595.37263352
2025-04-18T02:50:00.000+0000,1018866.920853193,783288.560452377,951023.1908968285,1097935.0948816873,499654.96573085536,1003595.37263352,1003595.37263352
2025-04-18T03:00:00.000+0000,1019314.607517113,783288.560452377,948341.7541484188,1099347.4759521834,499654.96573085536,1003595.37263352,1003595.37263352
2025-04-18T03:10:00.000+0000,1019728.463537217,783288.560452377,948622.403243266,1101390.7608055512,499654.96573085536,1003595.37263352,1003595.37263352
2025-04-18T03:20:00.000+0000,1020019.2737527769,783288.560452377,946993.7036521088,1102076.5208682634,499654.96573085536,1003595.37263352,1003595.37263352
2025-04-18T03:30:00.000+0000,1019391.845966881,783288.560452377,946818.7141732508,1100273.0399581434,499654.96573085536,1003595.37263352,1003595.37263352
2025-04-18T03:40:00.000+0000,1019005.0844438251,783288.560452377,948018.6424485948,1099809.5868274954,499654.96573085536,1003595.37263352,1003595.37263352
2025-04-18T03:50:00.000+0000,1019308.110239097,783288.560452377,948307.3884610871,1100208.0164086313,499654.96573085536,1003595.37263352,1003595.37263352
2025-04-18T04:00:00.000+0000,1019192.3310566009,783288.560452377,945832.244736613,1100257.9046061193,499654.96573085536,1003595.37263352,1003595.37263352
2025-04-18T04:10:00.000+0000,1019505.0780287049,783288.560452377,944448.9022792747,1100870.1318821593,499654.96573085536,1003595.37263352,1003595.37263352
2025-04-18T04:20:00.000+0000,1018762.806711193,783288.560452377,945568.4190866367,1098530.7500760073,499654.96573085536,1003595.37263352,1003595.37263352
2025-04-18T04:30:00.000+0000,1018770.7604630969,783288.560452377,945716.6967537504,1098329.0354569033,499654.96573085536,1003595.37263352,1003595.37263352
2025-04-18T04:40:00.000+0000,1019027.2443816809,783288.560452377,945552.4782470698,1098879.3456862392,499654.96573085536,1003595.37263352,1003595.37263352
2025-04-18T04:50:00.000+0000,1019021.1193756091,783288.560452377,945335.2435213394,1098558.2465811914,499654.96573085536,1003595.37263352,1003595.37263352
2025-04-18T05:00:00.000+0000,1019717.891991225,783288.560452377,945010.0929838171,1100305.6112102792,499654.96573085536,1003595.37263352,1003595.37263352
2025-04-18T05:10:00.000+0000,1019773.401138353,783288.560452377,944758.7458615549,1100657.4114747355,499654.96573085536,1003595.37263352,1003595.37263352
2025-04-18T05:20:00.000+0000,1020050.4359430649,783288.560452377,943200.1343602214,1101120.3751972234,499654.96573085536,1003595.37263352,1003595.37263352
2025-04-18T05:30:00.000+0000,1020316.6838442091,783288.560452377,942942.7205728046,1101151.0113187034,499654.96573085536,1003595.37263352,1003595.37263352
2025-04-18T05:40:00.000+0000,1020169.2157531369,783288.560452377,945010.3974550655,1100436.1028333993,499654.96573085536,1003595.37263352,1003595.37263352
2025-04-18T05:50:00.000+0000,1019636.8956401851,783288.560452377,945641.138340675,1098886.1666850713,499654.96573085536,1003595.37263352,1003595.37263352
2025-04-18T06:00:00.000+0000,1019639.001504145,783288.560452377,944997.9358026896,1097904.1866480713,499654.96573085536,1003595.37263352,1003595.37263352
2025-04-18T06:10:00.000+0000,1019480.709129433,783288.560452377,945976.8041539144,1097487.2257438633,499654.96573085536,1003595.37263352,1003595.37263352
2025-04-18T06:20:00.000+0000,1019630.048132577,783288.560452377,945553.579006412,1097809.6504575752,499654.96573085536,1003595.37263352,1003595.37263352
2025-04-18T06:30:00.000+0000,1019648.704255729,783288.560452377,943763.555540663,1098219.3621957593,499654.96573085536,1003595.37263352,1003595.37263352
2025-04-18T06:40:00.000+0000,1019358.593000553,783288.560452377,944154.1598215748,1097318.0222150635,499654.96573085536,1003595.37263352,1003595.37263352
2025-04-18T06:50:00.000+0000,1018752.749653281,783288.560452377,944885.3853672469,1096258.2045580153,499654.96573085536,1003595.37263352,1003595.37263352
2025-04-18T07:00:00.000+0000,1018928.2173867049,783288.560452377,946385.3326390393,1096454.2167826875,499654.96573085536,1003595.37263352,1003595.37263352
2025-04-18T07:10:00.000+0000,1019491.505665289,783288.560452377,945706.6730355206,1095912.7637719035,499654.96573085536,1003595.37263352,1003595.37263352
2025-04-18T07:20:00.000+0000,1020082.3884805689,783288.560452377,943979.9950693091,1097573.2099813996,499654.96573085536,1003595.37263352,1003595.37263352
2025-04-18T07:30:00.000+0000,1019339.9739976809,783288.560452377,946168.7039314283,1094501.3226688313,499654.96573085536,1003595.37263352,1003595.37263352
2025-04-18T07:40:00.000+0000,1019570.166945881,783288.560452377,947384.5861656489,1094940.7157429354,499654.96573085536,1003595.37263352,1003595.37263352
2025-04-18T07:50:00.000+0000,1019493.1009080729,783288.560452377,948022.3366060888,1094038.2569879752,499654.96573085536,1003595.37263352,1003595.37263352
2025-04-18T08:00:00.000+0000,1019145.981336065,783288.560452377,949344.7573055746,1093271.0952487432,499654.96573085536,1003595.37263352,1003595.37263352
2025-04-18T08:10:00.000+0000,1018909.1185879769,783288.560452377,949496.1019441212,1091693.6815300714,499654.96573085536,1003595.37263352,1003595.37263352
2025-04-18T08:20:00.000+0000,1018563.111904945,783288.560452377,949846.2173263442,1090548.2872091671,499654.96573085536,1003595.37263352,1003595.37263352
2025-04-18T08:30:00.000+0000,1018538.1049765049,783288.560452377,949541.5722914516,1090486.0933740712,499654.96573085536,1003595.37263352,1003595.37263352
2025-04-18T08:40:00.000+0000,1018282.846207017,783288.560452377,949990.2613353396,1089111.9453926154,499654.96573085536,1003595.37263352,1003595.37263352
2025-04-18T08:50:00.000+0000,1018996.3688518809,783288.560452377,947937.0436625613,1091629.4546527113,499654.96573085536,1003595.37263352,1003595.37263352
2025-04-18T09:00:00.000+0000,1018950.3238573689,783288.560452377,947930.0716322938,1094581.6361466073,499654.96573085536,1003595.37263352,1003595.37263352
2025-04-18T09:10:00.000+0000,1018662.0405786409,783288.560452377,947279.2197706823,1094808.9489707514,499654.96573085536,1003595.37263352,1003595.37263352
2025-04-18T09:20:00.000+0000,1018660.690329705,783288.560452377,948376.7470396707,1094708.6798202954,499654.96573085536,1003595.37263352,1003595.37263352
2025-04-18T09:30:00.000+0000,1018766.4444186969,783288.560452377,948015.1753611391,1094792.7729119596,499654.96573085536,1003595.37263352,1003595.37263352
2025-04-18T09:40:00.000+0000,1018437.431339897,783288.560452377,949841.1219893639,1093508.5061879272,499654.96573085536,1003595.37263352,1003595.37263352
2025-04-18T09:50:00.000+0000,1018891.0008537689,783288.560452377,948162.9052017799,1094731.6635485915,499654.96573085536,1003595.37263352,1003595.37263352
2025-04-18T10:00:00.000+0000,1019061.4079589369,783288.560452377,947414.2207529037,1094469.4593299113,499654.96573085536,1003595.37263352,1003595.37263352
2025-04-18T10:10:00.000+0000,1018974.180666641,783288.560452377,948315.9946610681,1095198.0143592395,499654.96573085536,1003595.37263352,1003595.37263352
2025-04-18T10:20:00.000+0000,1018852.903546017,783288.560452377,948413.0081647122,1095133.6153896633,499654.96573085536,1003595.37263352,1003595.37263352
2025-04-18T10:30:00.000+0000,1018982.467062217,783288.560452377,946262.1993908095,1097025.0309057755,499654.96573085536,1003595.37263352,1003595.37263352
2025-04-18T10:40:00.000+0000,1019432.6762265209,783288.560452377,945300.6977411078,1097812.2776941033,499654.96573085536,1003595.37263352,1003595.37263352
2025-04-18T10:50:00.000+0000,1019578.785005913,783288.560452377,945183.6713476137,1098403.4950615272,499654.96573085536,1003595.37263352,1003595.37263352
2025-04-18T11:00:00.000+0000,1019445.2709226969,783288.560452377,944786.0918169818,1098441.1890022312,499654.96573085536,1003595.37263352,1003595.37263352
2025-04-18T11:10:00.000+0000,1018999.787944417,783288.560452377,946842.7833111967,1097137.8938631194,499654.96573085536,1003595.37263352,1003595.37263352
2025-04-18T11:20:00.000+0000,1019205.062853009,783288.560452377,945446.4091160585,1097132.9324354394,499654.96573085536,1003595.37263352,1003595.37263352
2025-04-18T11:30:00.000+0000,1019460.374510153,783288.560452377,945545.7887241752,1098912.7540781274,499654.96573085536,1003595.37263352,1003595.37263352
2025-04-18T11:40:00.000+0000,1019506.3461533929,783288.560452377,946231.2788449165,1097608.0031745592,499654.96573085536,1003595.37263352,1003595.37263352
2025-04-18T11:50:00.000+0000,1019231.722408289,783288.560452377,947245.432736123,1095147.9620931114,499654.96573085536,1003595.37263352,1003595.37263352
2025-04-18T12:00:00.000+0000,1019206.567498329,783288.560452377,947368.2867142912,1093372.9329033915,499654.96573085536,1003595.37263352,1003595.37263352
2025-04-18T12:10:00.000+0000,1019525.3911651849,783288.560452377,946757.7473966382,1092156.6725706875,499654.96573085536,1003595.37263352,1003595.37263352
2025-04-18T12:20:00.000+0000,1019357.8785026089,783288.560452377,947281.2709317564,1091488.1881763753,499654.96573085536,1003595.37263352,1003595.37263352
2025-04-18T12:30:00.000+0000,1018697.950457737,783288.560452377,949313.9793458774,1089722.513237263,499654.96573085536,1003595.37263352,1003595.37263352
2025-04-18T12:40:00.000+0000,1018673.863862441,783288.560452377,950729.7271986451,1088459.3972590873,499654.96573085536,1003595.37263352,1003595.37263352
2025-04-18T12:50:00.000+0000,1018834.7726623369,783288.560452377,950183.300988626,1092736.0176235673,499654.96573085536,1003595.37263352,1003595.37263352
2025-04-18T13:00:00.000+0000,1019244.757341993,783288.560452377,948563.3279068354,1094093.4643767031,499654.96573085536,1003595.37263352,1003595.37263352
2025-04-18T13:10:00.000+0000,1018768.416040137,783288.560452377,947516.8670014273,1095537.0288505033,499654.96573085536,1003595.37263352,1003595.37263352
2025-04-18T13:20:00.000+0000,1018883.0344819691,783288.560452377,948373.0614852423,1095580.5042323514,499654.96573085536,1003595.37263352,1003595.37263352
2025-04-18T13:30:00.000+0000,1018957.3264907771,783288.560452377,948628.8545530492,1095416.9764892873,499654.96573085536,1003595.37263352,1003595.37263352
2025-04-18T13:40:00.000+0000,1018850.8506696329,783288.560452377,947177.921947188,1095443.4944479354,499654.96573085536,1003595.37263352,1003595.37263352
2025-04-18T13:50:00.000+0000,1018749.295768601,783288.560452377,948184.9925669471,1094739.6554399594,499654.96573085536,1003595.37263352,1003595.37263352
2025-04-18T14:00:00.000+0000,1018157.5323283849,783288.560452377,947905.5074937672,1094344.3112285514,499654.96573085536,1003595.37263352,1003595.37263352
2025-04-18T14:10:00.000+0000,1018893.391159993,783288.560452377,946352.2934128613,1096115.3787101752,499654.96573085536,1003595.37263352,1003595.37263352
2025-04-18T14:20:00.000+0000,1019183.669941041,783288.560452377,945723.6514078219,1096170.391055063,499654.96573085536,1003595.37263352,1003595.37263352
2025-04-18T14:30:00.000+0000,1019370.5160944411,783288.560452377,945444.9299094932,1096395.2121242073,499654.96573085536,1003595.37263352,1003595.37263352
2025-04-18T14:40:00.000+0000,1019262.650176265,783288.560452377,944883.5135209976,1095002.2235173194,499654.96573085536,1003595.37263352,1003595.37263352
2025-04-18T14:50:00.000+0000,1019684.246169433,783288.560452377,944138.5183825777,1097282.0524539114,499654.96573085536,1003595.37263352,1003595.37263352
2025-04-18T15:00:00.000+0000,1019402.1741677049,783288.560452377,942118.8371364363,1097339.6955625033,499654.96573085536,1003595.37263352,1003595.37263352
2025-04-18T15:10:00.000+0000,1020484.978230905,783288.560452377,942094.9706454173,1098854.8170348713,499654.96573085536,1003595.37263352,1003595.37263352
2025-04-18T15:20:00.000+0000,1020436.146517553,783288.560452377,941314.2370251012,1099046.2660630234,499654.96573085536,1003595.37263352,1003595.37263352
2025-04-18T15:30:00.000+0000,1020666.233550553,783288.560452377,941453.192654738,1100090.5016656953,499654.96573085536,1003595.37263352,1003595.37263352
2025-04-18T15:40:00.000+0000,1020516.9279906331,783288.560452377,941851.4561769923,1099410.7143609514,499654.96573085536,1003595.37263352,1003595.37263352
2025-04-18T15:50:00.000+0000,1020637.6313406411,783288.560452377,942227.1750995609,1099609.2641639353,499654.96573085536,1003595.37263352,1003595.37263352
2025-04-18T16:00:00.000+0000,1020113.748302625,783288.560452377,942127.6252984016,1098466.0885066793,499654.96573085536,1003595.37263352,1003595.37263352
2025-04-18T16:10:00.000+0000,1019741.530575217,783288.560452377,942893.7498882004,1097527.4712516796,499654.96573085536,1003595.37263352,1003595.37263352
2025-04-18T16:20:00.000+0000,1019281.114692825,783288.560452377,943943.9156468937,1097278.9694223115,499654.96573085536,1003595.37263352,1003595.37263352
2025-04-18T16:30:00.000+0000,1019592.190353049,783288.560452377,944242.7060268408,1097758.9463133672,499654.96573085536,1003595.37263352,1003595.37263352
2025-04-18T16:40:00.000+0000,1019764.3100670329,783288.560452377,943472.5938170254,1097521.4099545996,499654.96573085536,1003595.37263352,1003595.37263352
2025-04-18T16:50:00.000+0000,1019790.307802193,783288.560452377,943696.8866130162,1097318.4739833593,499654.96573085536,1003595.37263352,1003595.37263352
2025-04-18T17:00:00.000+0000,1019550.9306772171,783288.560452377,943809.2596205777,1096334.5065275673,499654.96573085536,1003595.37263352,1003595.37263352
2025-04-18T17:10:00.000+0000,1019706.570955305,783288.560452377,944832.1191125674,1095997.8846506793,499654.96573085536,1003595.37263352,1003595.37263352
2025-04-18T17:20:00.000+0000,1019641.232048281,783288.560452377,944188.1162711016,1095570.7465447513,499654.96573085536,1003595.37263352,1003595.37263352
2025-04-18T17:30:00.000+0000,1019059.9292928169,783288.560452377,945026.8845470967,1094413.9646412074,499654.96573085536,1003595.37263352,1003595.37263352
2025-04-18T17:40:00.000+0000,1018930.975288617,783288.560452377,946839.1524338864,1094727.7130415277,499654.96573085536,1003595.37263352,1003595.37263352
2025-04-18T17:50:00.000+0000,1018794.465264073,783288.560452377,947016.5763502205,1095221.7250455033,499654.96573085536,1003595.37263352,1003595.37263352
2025-04-18T18:00:00.000+0000,1018376.3468865849,783288.560452377,945982.0121003012,1095529.1262176712,499654.96573085536,1003595.37263352,1003595.37263352
2025-04-18T18:10:00.000+0000,1017916.031144017,783288.560452377,946967.4582323832,1094812.3358191033,499654.96573085536,1003595.37263352,1003595.37263352
2025-04-18T18:20:00.000+0000,1017858.842811313,783288.560452377,946925.4148007857,1094895.9771524633,499654.96573085536,1003595.37263352,1003595.37263352
2025-04-18T18:30:00.000+0000,1017977.436830137,783288.560452377,947351.6576083575,1096084.7703264873,499654.96573085536,1003595.37263352,1003595.37263352
2025-04-18T18:40:00.000+0000,1017768.6083167051,783288.560452377,947622.8353634096,1096519.8766327514,499654.96573085536,1003595.37263352,1003595.37263352
2025-04-18T18:50:00.000+0000,1017102.949650001,783288.560452377,947962.2411488369,1096077.9468596315,499654.96573085536,1003595.37263352,1003595.37263352
2025-04-18T19:00:00.000+0000,1016628.068998689,783288.560452377,947155.1371760126,1095299.8089483674,499654.96573085536,1003595.37263352,1003595.37263352
2025-04-18T19:10:00.000+0000,1016297.212525785,783288.560452377,947993.4557116864,1093996.2598126153,499654.96573085536,1003595.37263352,1003595.37263352
2025-04-18T19:20:00.000+0000,1016619.936559849,783288.560452377,948409.0934475198,1093892.0592797834,499654.96573085536,1003595.37263352,1003595.37263352
2025-04-18T19:30:00.000+0000,1017221.3020922409,783288.560452377,946971.1805154406,1094876.1943713592,499654.96573085536,1003595.37263352,1003595.37263352
2025-04-18T19:40:00.000+0000,1017109.6004251209,783288.560452377,946646.3333760158,1094159.5692005032,499654.96573085536,1003595.37263352,1003595.37263352
2025-04-18T19:50:00.000+0000,1017171.0900240568,783288.560452377,946933.0879930893,1094168.6298261993,499654.96573085536,1003595.37263352,1003595.37263352
2025-04-18T20:00:00.000+0000,1016916.5803947769,783288.560452377,947404.9941187016,1094472.7778329833,499654.96573085536,1003595.37263352,1003595.37263352
2025-04-18T20:10:00.000+0000,1017612.409835537,783288.560452377,946562.4714008407,1095174.2599879513,499654.96573085536,1003595.37263352,1003595.37263352
2025-04-18T20:20:00.000+0000,1017512.4002772409,783288.560452377,946895.2651003008,1094611.3890652154,499654.96573085536,1003595.37263352,1003595.37263352
2025-04-18T20:30:00.000+0000,1017685.259479161,783288.560452377,946406.396717509,1094379.5985760712,499654.96573085536,1003595.37263352,1003595.37263352
2025-04-18T20:40:00.000+0000,1018291.058002321,783288.560452377,945853.3332203359,1095514.6982592794,499654.96573085536,1003595.37263352,1003595.37263352
2025-04-18T20:50:00.000+0000,1018533.772145545,783288.560452377,947382.8376067382,1095392.1917129834,499654.96573085536,1003595.37263352,1003595.37263352
2025-04-18T21:00:00.000+0000,1018422.2804802889,783288.560452377,947426.130008986,1095486.5672021434,499654.96573085536,1003595.37263352,1003595.37263352
2025-04-18T21:10:00.000+0000,1018675.3922687371,783288.560452377,947691.102268716,1095595.3647843914,499654.96573085536,1003595.37263352,1003595.37263352
2025-04-18T21:20:00.000+0000,1018680.637369297,783288.560452377,947435.8197800362,1095357.8902860954,499654.96573085536,1003595.37263352,1003595.37263352
2025-04-18T21:30:00.000+0000,1018505.638320625,783288.560452377,947686.8064214233,1094514.2161457916,499654.96573085536,1003595.37263352,1003595.37263352
2025-04-18T21:40:00.000+0000,1018502.0650615209,783288.560452377,948851.8452931391,1095160.2541815673,499654.96573085536,1003595.37263352,1003595.37263352
2025-04-18T21:50:00.000+0000,1018446.8105305369,783288.560452377,948463.0847329132,1095495.4682456073,499654.96573085536,1003595.37263352,1003595.37263352
2025-04-18T22:00:00.000+0000,1018381.9636395848,783288.560452377,948440.6701188298,1095639.8508370551,499654.96573085536,1003595.37263352,1003595.37263352
2025-04-18T22:10:00.000+0000,1018579.9175596569,783288.560452377,947355.0379134627,1095847.1618854313,499654.96573085536,1003595.37263352,1003595.37263352
2025-04-18T22:20:00.000+0000,1018695.791895969,783288.560452377,948286.8047434557,1096985.0878058395,499654.96573085536,1003595.37263352,1003595.37263352
2025-04-18T22:30:00.000+0000,1018550.5642710889,783288.560452377,948259.7313776852,1096328.2584999914,499654.96573085536,1003595.37263352,1003595.37263352
2025-04-18T22:40:00.000+0000,1018554.4326139368,783288.560452377,948057.1968110022,1096266.2942410875,499654.96573085536,1003595.37263352,1003595.37263352
2025-04-18T22:50:00.000+0000,1018940.396975233,783288.560452377,947358.0694887757,1097215.8160554552,499654.96573085536,1003595.37263352,1003595.37263352
2025-04-18T23:00:00.000+0000,1019156.565721777,783288.560452377,944829.0076589496,1097974.2765612472,499654.96573085536,1003595.37263352,1003595.37263352
2025-04-18T23:10:00.000+0000,1019506.133903329,783288.560452377,944078.0726393837,1098812.6557509033,499654.96573085536,1003595.37263352,1003595.37263352
2025-04-18T23:20:00.000+0000,1019750.9872837929,783288.560452377,944187.0878780084,1098936.8125559355,499654.96573085536,1003595.37263352,1003595.37263352
2025-04-18T23:30:00.000+0000,1019357.4373358248,783288.560452377,945657.9143611253,1098072.9921455514,499654.96573085536,1003595.37263352,1003595.37263352
2025-04-18T23:40:00.000+0000,1018969.249344857,783288.560452377,946627.830000314,1096922.3271845353,499654.96573085536,1003595.37263352,1003595.37263352
2025-04-18T23:50:00.000+0000,1019157.8421797929,783288.560452377,946314.7162988161,1096745.0458431593,499654.96573085536,1003595.37263352,1003595.37263352
2025-04-19T00:00:00.000+0000,1019039.034392121,783288.560452377,945824.2338946781,1096465.7062637433,499654.96573085536,1003595.37263352,1003595.37263352
2025-04-19T00:10:00.000+0000,1018983.981449737,783288.560452377,944801.7064807834,1096761.7300650955,499654.96573085536,1003595.37263352,1003595.37263352
2025-04-19T00:20:00.000+0000,1019108.810686393,783288.560452377,944953.0283416621,1097624.3196809033,499654.96573085536,1003595.37263352,1003595.37263352
2025-04-19T00:30:00.000+0000,1018961.7089719849,783288.560452377,945833.1246947573,1097010.6000197274,499654.96573085536,1003595.37263352,1003595.37263352
2025-04-19T00:40:00.000+0000,1019193.875789825,783288.560452377,946085.8357848779,1097774.9630197433,499654.96573085536,1003595.37263352,1003595.37263352
2025-04-19T00:50:00.000+0000,1019315.1315575449,783288.560452377,946523.3869368082,1098199.6220305352,499654.96573085536,1003595.37263352,1003595.37263352
2025-04-19T01:00:00.000+0000,1019378.785303777,783288.560452377,946631.245129246,1096679.9840442715,499654.96573085536,1003595.37263352,1003595.37263352
2025-04-19T01:10:00.000+0000,1018936.740622657,783288.560452377,947929.5570377803,1096012.0909465433,499654.96573085536,1003595.37263352,1003595.37263352
2025-04-19T01:20:00.000+0000,1018696.0976511689,783288.560452377,947992.7237590684,1095560.7589612154,499654.96573085536,1003595.37263352,1003595.37263352
2025-04-19T01:30:00.000+0000,1018633.483932249,783288.560452377,948254.5255954592,1095010.2640797195,499654.96573085536,1003595.37263352,1003595.37263352
2025-04-19T01:40:00.000+0000,1019131.8681756329,783288.560452377,947709.3743532109,1096124.1581210233,499654.96573085536,1003595.37263352,1003595.37263352
2025-04-19T01:50:00.000+0000,1018743.7297549769,783288.560452377,947949.4948785042,1095173.6163632632,499654.96573085536,1003595.37263352,1003595.37263352
2025-04-19T02:00:00.000+0000,1018827.4035523449,783288.560452377,948797.1108049026,1094812.3070421435,499654.96573085536,1003595.37263352,1003595.37263352
2025-04-19T02:10:00.000+0000,1017759.6097912889,783288.560452377,952478.3277384534,1092736.2224295912,499654.96573085536,1003595.37263352,1003595.37263352
2025-04-19T02:20:00.000+0000,1017629.016289737,783288.560452377,955011.7738612251,1092756.6888433513,499654.96573085536,1003595.37263352,1003595.37263352
2025-04-19T02:30:00.000+0000,1018016.528921425,783288.560452377,955885.0104805245,1092276.5964347834,499654.96573085536,1003595.37263352,1003595.37263352
2025-04-19T02:40:00.000+0000,1018174.500173241,783288.560452377,955382.4057369444,1092048.0846006153,499654.96573085536,1003595.37263352,1003595.37263352
2025-04-19T02:50:00.000+0000,1017862.6925390649,783288.560452377,956964.4144129016,1091600.2286921993,499654.96573085536,1003595.37263352,1003595.37263352
2025-04-19T03:00:00.000+0000,1017758.893564729,783288.560452377,957043.4109919354,1090576.3425169515,499654.96573085536,1003595.37263352,1003595.37263352
2025-04-19T03:10:00.000+0000,1017692.825671361,783288.560452377,958167.6398777345,1090111.2797150712,499654.96573085536,1003595.37263352,1003595.37263352
2025-04-19T03:20:00.000+0000,1017444.687121137,783288.560452377,960246.2571292811,1089372.8471640872,499654.96573085536,1003595.37263352,1003595.37263352
2025-04-19T03:30:00.000+0000,1017391.9531920569,783288.560452377,961426.8361522483,1087908.8027973194,499654.96573085536,1003595.37263352,1003595.37263352
2025-04-19T03:40:00.000+0000,1017752.6275415609,783288.560452377,960602.8136084954,1088089.7819380872,499654.96573085536,1003595.37263352,1003595.37263352
2025-04-19T03:50:00.000+0000,1017591.2947511289,783288.560452377,961983.1309115671,1087859.0548375514,499654.96573085536,1003595.37263352,1003595.37263352
2025-04-19T04:00:00.000+0000,1017523.0175865929,783288.560452377,961176.9647398812,1087470.1992011273,499654.96573085536,1003595.37263352,1003595.37263352
2025-04-19T04:10:00.000+0000,1017206.677651161,783288.560452377,962731.079097363,1086708.8679137994,499654.96573085536,1003595.37263352,1003595.37263352
2025-04-19T04:20:00.000+0000,1016863.758236337,783288.560452377,962410.5819457737,1087211.8257353914,499654.96573085536,1003595.37263352,1003595.37263352
2025-04-19T04:30:00.000+0000,1016874.198957073,783288.560452377,964172.4401131169,1086677.1824924313,499654.96573085536,1003595.37263352,1003595.37263352
2025-04-19T04:40:00.000+0000,1017146.170985249,783288.560452377,963733.6729452786,1087029.6010318715,499654.96573085536,1003595.37263352,1003595.37263352
2025-04-19T04:50:00.000+0000,1017546.7823095929,783288.560452377,962252.0034009526,1090037.9680013992,499654.96573085536,1003595.37263352,1003595.37263352
2025-04-19T05:00:00.000+0000,1017502.466970249,783288.560452377,961950.3875357127,1090816.9759460795,499654.96573085536,1003595.37263352,1003595.37263352
2025-04-19T05:10:00.000+0000,1017786.8427474808,783288.560452377,960861.5591692443,1092749.8282562154,499654.96573085536,1003595.37263352,1003595.37263352
2025-04-19T05:20:00.000+0000,1017558.681422681,783288.560452377,962772.256262419,1092645.3382651354,499654.96573085536,1003595.37263352,1003595.37263352
2025-04-19T05:30:00.000+0000,1017674.909335905,783288.560452377,962776.6528787409,1092848.4522338635,499654.96573085536,1003595.37263352,1003595.37263352
2025-04-19T05:40:00.000+0000,1017761.9303433609,783288.560452377,962619.9770243275,1093996.6693547193,499654.96573085536,1003595.37263352,1003595.37263352
2025-04-19T05:50:00.000+0000,1017759.9275568731,783288.560452377,962506.2612347081,1094571.9074258155,499654.96573085536,1003595.37263352,1003595.37263352
2025-04-19T06:00:00.000+0000,1017934.177964937,783288.560452377,961154.0357727839,1095436.6517964392,499654.96573085536,1003595.37263352,1003595.37263352
2025-04-19T06:10:00.000+0000,1018038.397152833,783288.560452377,960980.1304372887,1095950.3978205593,499654.96573085536,1003595.37263352,1003595.37263352
2025-04-19T06:20:00.000+0000,1018073.761818449,783288.560452377,961238.7077097973,1093325.7546562073,499654.96573085536,1003595.37263352,1003595.37263352
2025-04-19T06:30:00.000+0000,1018097.3468553129,783288.560452377,959458.9502622107,1093921.0976804632,499654.96573085536,1003595.37263352,1003595.37263352
2025-04-19T06:40:00.000+0000,1017938.9880637769,783288.560452377,959746.4253223188,1095758.6184868633,499654.96573085536,1003595.37263352,1003595.37263352
2025-04-19T06:50:00.000+0000,1017823.250657833,783288.560452377,960313.2334882703,1095575.5335420873,499654.96573085536,1003595.37263352,1003595.37263352
2025-04-19T07:00:00.000+0000,1017551.9083554728,783288.560452377,960903.5053106232,1093819.7615143033,499654.96573085536,1003595.37263352,1003595.37263352
2025-04-19T07:10:00.000+0000,1017300.7027308729,783288.560452377,961833.1676349331,1093369.8298977835,499654.96573085536,1003595.37263352,1003595.37263352
2025-04-19T07:20:00.000+0000,1016733.8920624569,783288.560452377,961930.2074129147,1091913.1484359754,499654.96573085536,1003595.37263352,1003595.37263352
2025-04-19T07:30:00.000+0000,1016760.940006777,783288.560452377,962731.2554342349,1092487.0481985752,499654.96573085536,1003595.37263352,1003595.37263352
2025-04-19T07:40:00.000+0000,1016543.334220785,783288.560452377,964388.2612824084,1092459.8108059354,499654.96573085536,1003595.37263352,1003595.37263352
2025-04-19T07:50:00.000+0000,1017098.8034795929,783288.560452377,963678.287142945,1092728.5789492712,499654.96573085536,1003595.37263352,1003595.37263352
2025-04-19T08:00:00.000+0000,1017184.368782545,783288.560452377,963204.7326908761,1092788.6092665673,499654.96573085536,1003595.37263352,1003595.37263352
2025-04-19T08:10:00.000+0000,1017141.093780265,783288.560452377,962521.5400465282,1092370.0190468554,499654.96573085536,1003595.37263352,1003595.37263352
2025-04-19T08:20:00.000+0000,1016822.797141449,783288.560452377,963701.9199192382,1091942.2721783274,499654.96573085536,1003595.37263352,1003595.37263352
2025-04-19T08:30:00.000+0000,1016761.603765345,783288.560452377,963376.5412921029,1092127.5257667995,499654.96573085536,1003595.37263352,1003595.37263352
2025-04-19T08:40:00.000+0000,1016672.1491962969,783288.560452377,965285.5704827467,1091671.9472314315,499654.96573085536,1003595.37263352,1003595.37263352
2025-04-19T08:50:00.000+0000,1016817.970116161,783288.560452377,965047.7412721587,1091939.8437526235,499654.96573085536,1003595.37263352,1003595.37263352
2025-04-19T09:00:00.000+0000,1016803.0296481049,783288.560452377,965113.4517851592,1090876.7245589192,499654.96573085536,1003595.37263352,1003595.37263352
2025-04-19T09:10:00.000+0000,1016560.780792353,783288.560452377,966559.7108924385,1090430.1429002874,499654.96573085536,1003595.37263352,1003595.37263352
2025-04-19T09:20:00.000+0000,1016657.6072891369,783288.560452377,966389.5651052053,1090995.5490532154,499654.96573085536,1003595.37263352,1003595.37263352
2025-04-19T09:30:00.000+0000,1016824.5679236889,783288.560452377,964984.040934717,1092795.3986007513,499654.96573085536,1003595.37263352,1003595.37263352
2025-04-19T09:40:00.000+0000,1016733.8967786811,783288.560452377,966357.4842936734,1093841.1975617355,499654.96573085536,1003595.37263352,1003595.37263352
2025-04-19T09:50:00.000+0000,1016908.9938488731,783288.560452377,965288.9078796759,1094576.9079821673,499654.96573085536,1003595.37263352,1003595.37263352
2025-04-19T10:00:00.000+0000,1016858.077254761,783288.560452377,964600.7120821698,1095523.2065172233,499654.96573085536,1003595.37263352,1003595.37263352
2025-04-19T10:10:00.000+0000,1016609.692341785,783288.560452377,965738.0222943496,1094978.2223036634,499654.96573085536,1003595.37263352,1003595.37263352
2025-04-19T10:20:00.000+0000,1016581.4860348969,783288.560452377,965078.5835673318,1094736.5766549595,499654.96573085536,1003595.37263352,1003595.37263352
2025-04-19T10:30:00.000+0000,1016992.821892745,783288.560452377,963224.1242969946,1095286.0424803593,499654.96573085536,1003595.37263352,1003595.37263352
2025-04-19T10:40:00.000+0000,1016956.6535405929,783288.560452377,963469.9890498467,1094741.5401709673,499654.96573085536,1003595.37263352,1003595.37263352
2025-04-19T10:50:00.000+0000,1016812.9660226409,783288.560452377,963446.4733992041,1095237.8418517355,499654.96573085536,1003595.37263352,1003595.37263352
2025-04-19T11:00:00.000+0000,1016516.070259417,783288.560452377,963784.0989856292,1095351.6106438313,499654.96573085536,1003595.37263352,1003595.37263352
2025-04-19T11:10:00.000+0000,1016594.579241945,783288.560452377,964564.2309161468,1095283.0409235274,499654.96573085536,1003595.37263352,1003595.37263352
2025-04-19T11:20:00.000+0000,1016676.2913599131,783288.560452377,963766.8636200761,1095755.9528710633,499654.96573085536,1003595.37263352,1003595.37263352
2025-04-19T11:30:00.000+0000,1016643.1906416891,783288.560452377,962146.4675910186,1094876.9718888472,499654.96573085536,1003595.37263352,1003595.37263352
2025-04-19T11:40:00.000+0000,1016971.193219537,783288.560452377,962081.3161725752,1095471.9919516793,499654.96573085536,1003595.37263352,1003595.37263352
2025-04-19T11:50:00.000+0000,1016983.525805569,783288.560452377,962318.9033604478,1096343.9747569193,499654.96573085536,1003595.37263352,1003595.37263352
2025-04-19T12:00:00.000+0000,1016852.405535769,783288.560452377,963371.8846867176,1095422.9754762554,499654.96573085536,1003595.37263352,1003595.37263352
2025-04-19T12:10:00.000+0000,1016860.6284421769,783288.560452377,963442.2107838709,1095200.5593316313,499654.96573085536,1003595.37263352,1003595.37263352
2025-04-19T12:20:00.000+0000,1017053.641188353,783288.560452377,963440.6581379061,1096305.5814461594,499654.96573085536,1003595.37263352,1003595.37263352
2025-04-19T12:30:00.000+0000,1016973.438371977,783288.560452377,963802.9261314361,1096120.9746198633,499654.96573085536,1003595.37263352,1003595.37263352
2025-04-19T12:40:00.000+0000,1017298.403241937,783288.560452377,962629.3644525723,1096286.8161604074,499654.96573085536,1003595.37263352,1003595.37263352
2025-04-19T12:50:00.000+0000,1017264.2859776011,783288.560452377,962888.3788648087,1095511.1009594232,499654.96573085536,1003595.37263352,1003595.37263352
2025-04-19T13:00:00.000+0000,1017270.890989361,783288.560452377,962383.2035364623,1095547.6934619832,499654.96573085536,1003595.37263352,1003595.37263352
2025-04-19T13:10:00.000+0000,1017182.2445333049,783288.560452377,964225.5519947999,1094714.1060758154,499654.96573085536,1003595.37263352,1003595.37263352
2025-04-19T13:20:00.000+0000,1017140.0767245609,783288.560452377,964801.5942891508,1094404.8842913033,499654.96573085536,1003595.37263352,1003595.37263352
2025-04-19T13:30:00.000+0000,1017218.5282430969,783288.560452377,965312.6350039518,1094438.7108184153,499654.96573085536,1003595.37263352,1003595.37263352
2025-04-19T13:40:00.000+0000,1017262.646420297,783288.560452377,965744.1883781652,1094322.5246917354,499654.96573085536,1003595.37263352,1003595.37263352
2025-04-19T13:50:00.000+0000,1017058.0178142489,783288.560452377,966012.7025329773,1093736.0303328794,499654.96573085536,1003595.37263352,1003595.37263352
2025-04-19T14:00:00.000+0000,1017186.893141441,783288.560452377,966817.964394842,1092579.7278155193,499654.96573085536,1003595.37263352,1003595.37263352
2025-04-19T14:10:00.000+0000,1017271.2526697849,783288.560452377,966794.3396671807,1092778.8454139032,499654.96573085536,1003595.37263352,1003595.37263352
2025-04-19T14:20:00.000+0000,1017552.805667049,783288.560452377,967313.5000772947,1092438.8097302474,499654.96573085536,1003595.37263352,1003595.37263352
2025-04-19T14:30:00.000+0000,1017626.446896897,783288.560452377,966749.8510844571,1093009.4717451194,499654.96573085536,1003595.37263352,1003595.37263352
2025-04-19T14:40:00.000+0000,1017208.984634097,783288.560452377,966532.3775554637,1092999.9650765434,499654.96573085536,1003595.37263352,1003595.37263352
2025-04-19T14:50:00.000+0000,1017353.091236513,783288.560452377,966924.9869055387,1093093.7772667033,499654.96573085536,1003595.37263352,1003595.37263352
2025-04-19T15:00:00.000+0000,1017218.9878950809,783288.560452377,967051.8145706208,1092681.0380324554,499654.96573085536,1003595.37263352,1003595.37263352
2025-04-19T15:10:00.000+0000,1017238.2136321769,783288.560452377,967014.6732637944,1093986.3768952794,499654.96573085536,1003595.37263352,1003595.37263352
2025-04-19T15:20:00.000+0000,1016706.7840062649,783288.560452377,968938.805448103,1092208.0497460393,499654.96573085536,1003595.37263352,1003595.37263352
2025-04-19T15:30:00.000+0000,1016894.9985840489,783288.560452377,965644.5035028665,1092525.7717149593,499654.96573085536,1003595.37263352,1003595.37263352
2025-04-19T15:40:00.000+0000,1017520.9478337211,783288.560452377,963476.8461186237,1094668.1501100233,499654.96573085536,1003595.37263352,1003595.37263352
2025-04-19T15:50:00.000+0000,1017432.7767670489,783288.560452377,964483.3359393091,1094515.9637166155,499654.96573085536,1003595.37263352,1003595.37263352
2025-04-19T16:00:00.000+0000,1017195.7966029689,783288.560452377,965558.749828151,1092836.1739843274,499654.96573085536,1003595.37263352,1003595.37263352
2025-04-19T16:10:00.000+0000,1017428.5565359369,783288.560452377,964707.2084709103,1093110.1606295193,499654.96573085536,1003595.37263352,1003595.37263352
2025-04-19T16:20:00.000+0000,1017265.8113363369,783288.560452377,963185.6088452355,1092812.5494091194,499654.96573085536,1003595.37263352,1003595.37263352
2025-04-19T16:30:00.000+0000,1017639.474416537,783288.560452377,961703.4713348824,1094295.7887576076,499654.96573085536,1003595.37263352,1003595.37263352
2025-04-19T16:40:00.000+0000,1017982.456561137,783288.560452377,959291.3654371039,1094467.9018668793,499654.96573085536,1003595.37263352,1003595.37263352
2025-04-19T16:50:00.000+0000,1018244.752566329,783288.560452377,959216.2779322912,1095902.2953033834,499654.96573085536,1003595.37263352,1003595.37263352
2025-04-19T17:00:00.000+0000,1018345.133667153,783288.560452377,959875.6174821472,1095424.8539123032,499654.96573085536,1003595.37263352,1003595.37263352
2025-04-19T17:10:00.000+0000,1018168.245061337,783288.560452377,959784.462371618,1095208.9376536075,499654.96573085536,1003595.37263352,1003595.37263352
2025-04-19T17:20:00.000+0000,1018078.438204345,783288.560452377,961780.2999044086,1094516.0111985994,499654.96573085536,1003595.37263352,1003595.37263352
2025-04-19T17:30:00.000+0000,1017528.1071416889,783288.560452377,963467.1480574426,1091115.6111766153,499654.96573085536,1003595.37263352,1003595.37263352
2025-04-19T17:40:00.000+0000,1017568.093696833,783288.560452377,966137.645250359,1089083.7390357675,499654.96573085536,1003595.37263352,1003595.37263352
2025-04-19T17:50:00.000+0000,1017829.465142265,783288.560452377,964354.047857489,1090331.7457210552,499654.96573085536,1003595.37263352,1003595.37263352
2025-04-19T18:00:00.000+0000,1017414.200110273,783288.560452377,966610.0187875638,1089879.6567617913,499654.96573085536,1003595.37263352,1003595.37263352
2025-04-19T18:10:00.000+0000,1017442.821774609,783288.560452377,966805.7338100325,1089446.3409619753,499654.96573085536,1003595.37263352,1003595.37263352
2025-04-19T18:20:00.000+0000,1017508.925309441,783288.560452377,966418.1088508342,1090558.9718945753,499654.96573085536,1003595.37263352,1003595.37263352
2025-04-19T18:30:00.000+0000,1017133.4941848089,783288.560452377,966721.1074283549,1089398.8500850953,499654.96573085536,1003595.37263352,1003595.37263352
2025-04-19T18:40:00.000+0000,1017397.598911865,783288.560452377,965515.0535359939,1089855.2946370952,499654.96573085536,1003595.37263352,1003595.37263352
2025-04-19T18:50:00.000+0000,1017717.906041001,783288.560452377,965433.1293522703,1091203.7566437835,499654.96573085536,1003595.37263352,1003595.37263352
2025-04-19T19:00:00.000+0000,1018073.784949929,783288.560452377,964475.5421604026,1091382.2798308874,499654.96573085536,1003595.37263352,1003595.37263352
2025-04-19T19:10:00.000+0000,1018174.981347993,783288.560452377,964728.5654931859,1091649.0137728874,499654.96573085536,1003595.37263352,1003595.37263352
2025-04-19T19:20:00.000+0000,1018387.144901257,783288.560452377,964658.0815263664,1092295.3544463594,499654.96573085536,1003595.37263352,1003595.37263352
2025-04-19T19:30:00.000+0000,1018384.387718769,783288.560452377,965164.5739168674,1092293.9678864954,499654.96573085536,1003595.37263352,1003595.37263352
2025-04-19T19:40:00.000+0000,1018265.093330689,783288.560452377,965842.5315802749,1091716.1789477274,499654.96573085536,1003595.37263352,1003595.37263352
2025-04-19T19:50:00.000+0000,1018151.5642266889,783288.560452377,965179.315633723,1092255.2067102634,499654.96573085536,1003595.37263352,1003595.37263352
2025-04-19T20:00:00.000+0000,1018290.6695932971,783288.560452377,964158.7822981242,1092854.6089045834,499654.96573085536,1003595.37263352,1003595.37263352
2025-04-19T20:10:00.000+0000,1018393.384465609,783288.560452377,964260.3291198148,1092730.3989321194,499654.96573085536,1003595.37263352,1003595.37263352
2025-04-19T20:20:00.000+0000,1018296.209307977,783288.560452377,964536.7279227048,1092816.4559613755,499654.96573085536,1003595.37263352,1003595.37263352
2025-04-19T20:30:00.000+0000,1018265.4971174009,783288.560452377,965639.6282068677,1093747.3588428153,499654.96573085536,1003595.37263352,1003595.37263352
2025-04-19T20:40:00.000+0000,1018020.1128320011,783288.560452377,967025.6650907454,1093250.4665449194,499654.96573085536,1003595.37263352,1003595.37263352
2025-04-19T20:50:00.000+0000,1018104.7148661849,783288.560452377,966054.8408669916,1092264.0652877274,499654.96573085536,1003595.37263352,1003595.37263352
2025-04-19T21:00:00.000+0000,1018019.968507553,783288.560452377,965966.6610627896,1091958.9208587192,499654.96573085536,1003595.37263352,1003595.37263352
2025-04-19T21:10:00.000+0000,1017843.5811903849,783288.560452377,967266.6038858669,1090726.8568191032,499654.96573085536,1003595.37263352,1003595.37263352
2025-04-19T21:20:00.000+0000,1017844.360066785,783288.560452377,967521.1278703739,1090943.1982274074,499654.96573085536,1003595.37263352,1003595.37263352
2025-04-19T21:30:00.000+0000,1017968.895428729,783288.560452377,966722.1693306249,1090621.9208351034,499654.96573085536,1003595.37263352,1003595.37263352
2025-04-19T21:40:00.000+0000,1018059.947768537,783288.560452377,967547.2210812636,1090976.1481563593,499654.96573085536,1003595.37263352,1003595.37263352
2025-04-19T21:50:00.000+0000,1017981.619980937,783288.560452377,968294.2939144536,1090493.4589968554,499654.96573085536,1003595.37263352,1003595.37263352
2025-04-19T22:00:00.000+0000,1017912.757964657,783288.560452377,967353.3462828113,1090024.7183396153,499654.96573085536,1003595.37263352,1003595.37263352
2025-04-19T22:10:00.000+0000,1017839.8724797289,783288.560452377,967334.4330970114,1090243.9308691835,499654.96573085536,1003595.37263352,1003595.37263352
2025-04-19T22:20:00.000+0000,1017760.649858569,783288.560452377,966903.2420906167,1090596.9263866714,499654.96573085536,1003595.37263352,1003595.37263352
2025-04-19T22:30:00.000+0000,1017623.2858977208,783288.560452377,967170.6503975494,1090105.7364132633,499654.96573085536,1003595.37263352,1003595.37263352
2025-04-19T22:40:00.000+0000,1017735.711115537,783288.560452377,968111.9823787445,1090672.7203629434,499654.96573085536,1003595.37263352,1003595.37263352
2025-04-19T22:50:00.000+0000,1017750.614693129,783288.560452377,968212.7500648964,1090788.1962382793,499654.96573085536,1003595.37263352,1003595.37263352
2025-04-19T23:00:00.000+0000,1017381.732974777,783288.560452377,968516.0748360411,1089847.2736190474,499654.96573085536,1003595.37263352,1003595.37263352
2025-04-19T23:10:00.000+0000,1017621.677945113,783288.560452377,967393.6979789176,1090961.7162511274,499654.96573085536,1003595.37263352,1003595.37263352
2025-04-19T23:20:00.000+0000,1017767.541900521,783288.560452377,966752.9617778588,1090769.3888162633,499654.96573085536,1003595.37263352,1003595.37263352
2025-04-19T23:30:00.000+0000,1017817.126760873,783288.560452377,966906.8877326809,1091852.5801893673,499654.96573085536,1003595.37263352,1003595.37263352
2025-04-19T23:40:00.000+0000,1017474.630087585,783288.560452377,967775.4141426277,1091851.1229660793,499654.96573085536,1003595.37263352,1003595.37263352
2025-04-19T23:50:00.000+0000,1016939.755190097,783288.560452377,967956.6203848915,1091470.9898760312,499654.96573085536,1003595.37263352,1003595.37263352
2025-04-20T00:00:00.000+0000,1017444.9445150569,783288.560452377,966768.6882015567,1091714.6148400153,499654.96573085536,1003595.37263352,1003595.37263352
2025-04-20T00:10:00.000+0000,1017146.337631825,783288.560452377,969461.7297348003,1090737.2022761113,499654.96573085536,1003595.37263352,1003595.37263352
2025-04-20T00:20:00.000+0000,1017119.259101993,783288.560452377,969956.1874355786,1090471.3774162633,499654.96573085536,1003595.37263352,1003595.37263352
2025-04-20T00:30:00.000+0000,1016980.4959813689,783288.560452377,969489.9909730564,1089645.9812618634,499654.96573085536,1003595.37263352,1003595.37263352
2025-04-20T00:40:00.000+0000,1017331.5893218169,783288.560452377,969509.4940797128,1089822.1502937994,499654.96573085536,1003595.37263352,1003595.37263352
2025-04-20T00:50:00.000+0000,1017408.258227585,783288.560452377,969151.2954357299,1091048.3429442875,499654.96573085536,1003595.37263352,1003595.37263352
2025-04-20T01:00:00.000+0000,1016986.212974113,783288.560452377,968894.3110166262,1089648.8370653912,499654.96573085536,1003595.37263352,1003595.37263352
2025-04-20T01:10:00.000+0000,1016664.433543761,783288.560452377,971807.367724274,1089026.6011526713,499654.96573085536,1003595.37263352,1003595.37263352
2025-04-20T01:20:00.000+0000,1016623.6990674329,783288.560452377,972398.751296836,1089160.9203113113,499654.96573085536,1003595.37263352,1003595.37263352
2025-04-20T01:30:00.000+0000,1016428.3030793769,783288.560452377,971686.9554184207,1088986.1491102153,499654.96573085536,1003595.37263352,1003595.37263352
2025-04-20T01:40:00.000+0000,1016450.518922473,783288.560452377,973450.9931584317,1089272.0375363592,499654.96573085536,1003595.37263352,1003595.37263352
2025-04-20T01:50:00.000+0000,1016444.175191521,783288.560452377,974540.8558203236,1088315.4360902314,499654.96573085536,1003595.37263352,1003595.37263352
2025-04-20T02:00:00.000+0000,1016453.912885129,783288.560452377,973542.881571947,1086631.5948217674,499654.96573085536,1003595.37263352,1003595.37263352
2025-04-20T02:10:00.000+0000,1016824.0127781609,783288.560452377,973250.4164958497,1087702.6567761754,499654.96573085536,1003595.37263352,1003595.37263352
2025-04-20T02:20:00.000+0000,1017033.3462173289,783288.560452377,972434.5886965359,1088700.6898304792,499654.96573085536,1003595.37263352,1003595.37263352
2025-04-20T02:30:00.000+0000,1016784.173055457,783288.560452377,972947.5931999087,1088683.6213362073,499654.96573085536,1003595.37263352,1003595.37263352
2025-04-20T02:40:00.000+0000,1016724.4781396249,783288.560452377,973756.3264775502,1087648.8748461674,499654.96573085536,1003595.37263352,1003595.37263352
2025-04-20T02:50:00.000+0000,1016725.205017657,783288.560452377,973110.05241617,1087466.3362739433,499654.96573085536,1003595.37263352,1003595.37263352
2025-04-20T03:00:00.000+0000,1017054.2004306009,783288.560452377,971796.8202897481,1088296.9555764794,499654.96573085536,1003595.37263352,1003595.37263352
2025-04-20T03:10:00.000+0000,1017065.733406833,783288.560452377,971410.5201641188,1088098.0326122632,499654.96573085536,1003595.37263352,1003595.37263352
2025-04-20T03:20:00.000+0000,1016978.248380889,783288.560452377,970873.656404566,1088066.2604803191,499654.96573085536,1003595.37263352,1003595.37263352
2025-04-20T03:30:00.000+0000,1017105.5350400328,783288.560452377,969898.1474320045,1088197.0660121115,499654.96573085536,1003595.37263352,1003595.37263352
2025-04-20T03:40:00.000+0000,1017249.919030361,783288.560452377,969971.9553992257,1089025.3504240552,499654.96573085536,1003595.37263352,1003595.37263352
2025-04-20T03:50:00.000+0000,1017085.0168377369,783288.560452377,970570.8119406835,1089050.5770266154,499654.96573085536,1003595.37263352,1003595.37263352
2025-04-20T04:00:00.000+0000,1017092.547648265,783288.560452377,970182.7597594738,1088649.5889139434,499654.96573085536,1003595.37263352,1003595.37263352
2025-04-20T04:10:00.000+0000,1016865.488990625,783288.560452377,970528.3865830522,1087968.6659784312,499654.96573085536,1003595.37263352,1003595.37263352
2025-04-20T04:20:00.000+0000,1016066.9054189849,783288.560452377,971232.6154218062,1085624.4054583753,499654.96573085536,1003595.37263352,1003595.37263352
2025-04-20T04:30:00.000+0000,1015666.383373161,783288.560452377,971955.890651415,1084775.5947705994,499654.96573085536,1003595.37263352,1003595.37263352
2025-04-20T04:40:00.000+0000,1015589.661679657,783288.560452377,972852.3939231604,1084065.5284384715,499654.96573085536,1003595.37263352,1003595.37263352
2025-04-20T04:50:00.000+0000,1015949.9597304409,783288.560452377,972207.5779004038,1086055.0752566874,499654.96573085536,1003595.37263352,1003595.37263352
2025-04-20T05:00:00.000+0000,1016184.110010241,783288.560452377,971133.9425829793,1085727.5653144151,499654.96573085536,1003595.37263352,1003595.37263352
2025-04-20T05:10:00.000+0000,1016329.6388839289,783288.560452377,970969.8594276552,1085035.6218623754,499654.96573085536,1003595.37263352,1003595.37263352
2025-04-20T05:20:00.000+0000,1016410.344108057,783288.560452377,971491.9375247431,1084937.8818969515,499654.96573085536,1003595.37263352,1003595.37263352
2025-04-20T05:30:00.000+0000,1016766.596927617,783288.560452377,970833.6662982033,1086407.3677770232,499654.96573085536,1003595.37263352,1003595.37263352
2025-04-20T05:40:00.000+0000,1016702.115434113,783288.560452377,970927.5056403391,1088041.0938297594,499654.96573085536,1003595.37263352,1003595.37263352
2025-04-20T05:50:00.000+0000,1016838.0837423769,783288.560452377,969992.0535152759,1088494.7422504553,499654.96573085536,1003595.37263352,1003595.37263352
2025-04-20T06:00:00.000+0000,1016757.5677967049,783288.560452377,969698.2038399547,1089072.0104861194,499654.96573085536,1003595.37263352,1003595.37263352
2025-04-20T06:10:00.000+0000,1016760.508772041,783288.560452377,970215.814286981,1088671.7472530794,499654.96573085536,1003595.37263352,1003595.37263352
2025-04-20T06:20:00.000+0000,1017155.957190017,783288.560452377,969194.008925847,1088546.2778789434,499654.96573085536,1003595.37263352,1003595.37263352
2025-04-20T06:30:00.000+0000,1017081.7686283849,783288.560452377,969130.9344062395,1086970.6932957913,499654.96573085536,1003595.37263352,1003595.37263352
2025-04-20T06:40:00.000+0000,1017227.232683969,783288.560452377,965733.5839144378,1086962.4504953113,499654.96573085536,1003595.37263352,1003595.37263352
2025-04-20T06:50:00.000+0000,1017520.9534492249,783288.560452377,966415.8307090155,1089377.3529365833,499654.96573085536,1003595.37263352,1003595.37263352
2025-04-20T07:00:00.000+0000,1017670.9008252809,783288.560452377,963998.5758345717,1089753.8589805914,499654.96573085536,1003595.37263352,1003595.37263352
2025-04-20T07:10:00.000+0000,1018044.635817905,783288.560452377,961729.4833706757,1091583.6918222874,499654.96573085536,1003595.37263352,1003595.37263352
2025-04-20T07:20:00.000+0000,1018429.0512593291,783288.560452377,961177.1470148005,1093515.6265370874,499654.96573085536,1003595.37263352,1003595.37263352
2025-04-20T07:30:00.000+0000,1018449.893761977,783288.560452377,961351.2959827377,1094168.8743104553,499654.96573085536,1003595.37263352,1003595.37263352
2025-04-20T07:40:00.000+0000,1018271.459823417,783288.560452377,961805.3256236333,1094734.4277954232,499654.96573085536,1003595.37263352,1003595.37263352
2025-04-20T07:50:00.000+0000,1018372.0969692408,783288.560452377,962828.2687320972,1094790.9838743354,499654.96573085536,1003595.37263352,1003595.37263352
2025-04-20T08:00:00.000+0000,1018442.3905393609,783288.560452377,961610.9882249082,1095238.4466575035,499654.96573085536,1003595.37263352,1003595.37263352
2025-04-20T08:10:00.000+0000,1018319.207055049,783288.560452377,962077.9228195951,1095068.6486346794,499654.96573085536,1003595.37263352,1003595.37263352
2025-04-20T08:20:00.000+0000,1018272.028428169,783288.560452377,962064.711525471,1094676.7481460874,499654.96573085536,1003595.37263352,1003595.37263352
2025-04-20T08:30:00.000+0000,1018329.950543377,783288.560452377,961863.5331552315,1095548.6608674394,499654.96573085536,1003595.37263352,1003595.37263352
2025-04-20T08:40:00.000+0000,1018607.828552985,783288.560452377,961331.1509788428,1095542.7809451434,499654.96573085536,1003595.37263352,1003595.37263352
2025-04-20T08:50:00.000+0000,1019340.2611078089,783288.560452377,958963.0286740554,1096660.7598359515,499654.96573085536,1003595.37263352,1003595.37263352
2025-04-20T09:00:00.000+0000,1020156.337084321,783288.560452377,959457.9752494439,1095774.5147596633,499654.96573085536,1003595.37263352,1003595.37263352
2025-04-20T09:10:00.000+0000,1020149.909550465,783288.560452377,960443.4007501598,1096095.2126559354,499654.96573085536,1003595.37263352,1003595.37263352
2025-04-20T09:20:00.000+0000,1019995.0157047529,783288.560452377,960905.3265665759,1095940.1131348952,499654.96573085536,1003595.37263352,1003595.37263352
2025-04-20T09:30:00.000+0000,1020252.554079097,783288.560452377,960238.8949007073,1096686.6067318793,499654.96573085536,1003595.37263352,1003595.37263352
2025-04-20T09:40:00.000+0000,1020651.373418177,783288.560452377,959375.2526491834,1097653.9287546794,499654.96573085536,1003595.37263352,1003595.37263352
2025-04-20T09:50:00.000+0000,1020627.366049449,783288.560452377,959219.5218307476,1097738.5129131754,499654.96573085536,1003595.37263352,1003595.37263352
2025-04-20T10:00:00.000+0000,1020670.798086001,783288.560452377,959640.398857984,1097436.3905545755,499654.96573085536,1003595.37263352,1003595.37263352
2025-04-20T10:10:00.000+0000,1020973.405626145,783288.560452377,960163.3630391867,1097696.1891892634,499654.96573085536,1003595.37263352,1003595.37263352
2025-04-20T10:20:00.000+0000,1021173.986682825,783288.560452377,960130.1195563555,1097904.8003966792,499654.96573085536,1003595.37263352,1003595.37263352
2025-04-20T10:30:00.000+0000,1021293.7417320809,783288.560452377,959702.7985077512,1098504.7604743354,499654.96573085536,1003595.37263352,1003595.37263352
2025-04-20T10:40:00.000+0000,1021681.188266689,783288.560452377,954855.5649711229,1099347.0261822871,499654.96573085536,1003595.37263352,1003595.37263352
2025-04-20T10:50:00.000+0000,1022493.1587802009,783288.560452377,952083.0838167882,1102453.9086363274,499654.96573085536,1003595.37263352,1003595.37263352
2025-04-20T11:00:00.000+0000,1021920.3092667289,783288.560452377,953004.5910496649,1102273.7462915992,499654.96573085536,1003595.37263352,1003595.37263352
2025-04-20T11:10:00.000+0000,1021837.615964337,783288.560452377,953096.9458194808,1101373.6200591272,499654.96573085536,1003595.37263352,1003595.37263352
2025-04-20T11:20:00.000+0000,1021932.062946257,783288.560452377,949673.7816462091,1102816.2674571753,499654.96573085536,1003595.37263352,1003595.37263352
2025-04-20T11:30:00.000+0000,1022352.800946369,783288.560452377,948211.4029211137,1104219.0933679193,499654.96573085536,1003595.37263352,1003595.37263352
2025-04-20T11:40:00.000+0000,1022624.632007409,783288.560452377,945887.5604082935,1104499.2481246714,499654.96573085536,1003595.37263352,1003595.37263352
2025-04-20T11:50:00.000+0000,1022487.1945953689,783288.560452377,946446.0371280813,1103854.6378557675,499654.96573085536,1003595.37263352,1003595.37263352
2025-04-20T12:00:00.000+0000,1021077.082538209,783288.560452377,947838.3491906526,1100987.6111435033,499654.96573085536,1003595.37263352,1003595.37263352
2025-04-20T12:10:00.000+0000,1020634.3093903288,783288.560452377,950115.6757926351,1099774.0928853832,499654.96573085536,1003595.37263352,1003595.37263352
2025-04-20T12:20:00.000+0000,1021012.3861267769,783288.560452377,950912.7675568133,1099759.2984603993,499654.96573085536,1003595.37263352,1003595.37263352
2025-04-20T12:30:00.000+0000,1020776.722668489,783288.560452377,951559.8580010782,1100068.9698649275,499654.96573085536,1003595.37263352,1003595.37263352
2025-04-20T12:40:00.000+0000,1020753.672423449,783288.560452377,951600.2935730171,1100513.6086990633,499654.96573085536,1003595.37263352,1003595.37263352
2025-04-20T12:50:00.000+0000,1020995.0619871849,783288.560452377,951156.6133073999,1100900.2444628074,499654.96573085536,1003595.37263352,1003595.37263352
2025-04-20T13:00:00.000+0000,1020993.761338537,783288.560452377,950494.6959200792,1100449.0252371994,499654.96573085536,1003595.37263352,1003595.37263352
2025-04-20T13:10:00.000+0000,1021388.368140345,783288.560452377,948727.2299318261,1101359.7523821513,499654.96573085536,1003595.37263352,1003595.37263352
2025-04-20T13:20:00.000+0000,1021363.9594429369,783288.560452377,949976.4416888707,1100602.7477407353,499654.96573085536,1003595.37263352,1003595.37263352
2025-04-20T13:30:00.000+0000,1021032.6897009129,783288.560452377,950937.7350843914,1099669.6009758394,499654.96573085536,1003595.37263352,1003595.37263352
2025-04-20T13:40:00.000+0000,1020898.406523465,783288.560452377,951983.0552823757,1099428.1074553353,499654.96573085536,1003595.37263352,1003595.37263352
2025-04-20T13:50:00.000+0000,1021245.357360569,783288.560452377,951810.0593452384,1099668.3263463594,499654.96573085536,1003595.37263352,1003595.37263352
2025-04-20T14:00:00.000+0000,1021431.865014985,783288.560452377,951320.4067383708,1098970.1353563513,499654.96573085536,1003595.37263352,1003595.37263352
2025-04-20T14:10:00.000+0000,1021044.9272430409,783288.560452377,953684.7911994129,1097722.5947179273,499654.96573085536,1003595.37263352,1003595.37263352
2025-04-20T14:20:00.000+0000,1021619.9535736649,783288.560452377,952722.6752414606,1098052.1612136394,499654.96573085536,1003595.37263352,1003595.37263352
2025-04-20T14:30:00.000+0000,1021430.672359873,783288.560452377,954252.6081823835,1096824.8492093515,499654.96573085536,1003595.37263352,1003595.37263352
2025-04-20T14:40:00.000+0000,1021765.974923057,783288.560452377,953545.8977410913,1097122.1569827034,499654.96573085536,1003595.37263352,1003595.37263352
2025-04-20T14:50:00.000+0000,1021480.3891146248,783288.560452377,954009.6742358154,1095803.018028791,499654.96573085536,1003595.37263352,1003595.37263352
2025-04-20T15:00:00.000+0000,1021559.4801411451,783288.560452377,952329.0956542211,1096577.2853490072,499654.96573085536,1003595.37263352,1003595.37263352
2025-04-20T15:10:00.000+0000,1022279.7781913449,783288.560452377,951781.154045583,1097811.9093789912,499654.96573085536,1003595.37263352,1003595.37263352
2025-04-20T15:20:00.000+0000,1022444.638057857,783288.560452377,949958.4258195523,1098581.6424994713,499654.96573085536,1003595.37263352,1003595.37263352
2025-04-20T15:30:00.000+0000,1022671.998653753,783288.560452377,950428.6629694827,1099216.0896054152,499654.96573085536,1003595.37263352,1003595.37263352
2025-04-20T15:40:00.000+0000,1022774.573068521,783288.560452377,949971.5569760134,1098276.1505586954,499654.96573085536,1003595.37263352,1003595.37263352
2025-04-20T15:50:00.000+0000,1023200.562424185,783288.560452377,947363.0844644522,1100001.5957973353,499654.96573085536,1003595.37263352,1003595.37263352
2025-04-20T16:00:00.000+0000,1022717.185695177,783288.560452377,947647.417244643,1098482.1620275674,499654.96573085536,1003595.37263352,1003595.37263352
2025-04-20T16:10:00.000+0000,1022300.8668569049,783288.560452377,949784.5604142798,1096754.3030914313,499654.96573085536,1003595.37263352,1003595.37263352
2025-04-20T16:20:00.000+0000,1021483.5088768171,783288.560452377,950943.2570889492,1094713.0387203833,499654.96573085536,1003595.37263352,1003595.37263352
2025-04-20T16:30:00.000+0000,1021945.0690830168,783288.560452377,950005.8047239021,1094659.2070202234,499654.96573085536,1003595.37263352,1003595.37263352
2025-04-20T16:40:00.000+0000,1021623.296487193,783288.560452377,951387.4299852047,1094335.1133027836,499654.96573085536,1003595.37263352,1003595.37263352
2025-04-20T16:50:00.000+0000,1021758.536468585,783288.560452377,952411.8689162135,1094221.4972983592,499654.96573085536,1003595.37263352,1003595.37263352
2025-04-20T17:00:00.000+0000,1021838.7448904729,783288.560452377,951237.1635876906,1094243.4079957674,499654.96573085536,1003595.37263352,1003595.37263352
2025-04-20T17:10:00.000+0000,1022190.232115561,783288.560452377,950632.3446467774,1095391.5706302475,499654.96573085536,1003595.37263352,1003595.37263352
2025-04-20T17:20:00.000+0000,1022051.9483211689,783288.560452377,950542.5374247017,1095974.9216258072,499654.96573085536,1003595.37263352,1003595.37263352
2025-04-20T17:30:00.000+0000,1022001.820855249,783288.560452377,949926.505542705,1096366.6811372715,499654.96573085536,1003595.37263352,1003595.37263352
2025-04-20T17:40:00.000+0000,1022007.429974361,783288.560452377,950727.3217362424,1095623.7250380234,499654.96573085536,1003595.37263352,1003595.37263352
2025-04-20T17:50:00.000+0000,1021992.3769164489,783288.560452377,951393.8423843395,1095294.5157363273,499654.96573085536,1003595.37263352,1003595.37263352
2025-04-20T18:00:00.000+0000,1022177.0213826089,783288.560452377,950864.2470955296,1095168.9452431514,499654.96573085536,1003595.37263352,1003595.37263352
2025-04-20T18:10:00.000+0000,1022125.955448065,783288.560452377,951944.2288847454,1094294.0733710153,499654.96573085536,1003595.37263352,1003595.37263352
2025-04-20T18:20:00.000+0000,1022086.8226993289,783288.560452377,951948.7147605128,1093844.9946716153,499654.96573085536,1003595.37263352,1003595.37263352
2025-04-20T18:30:00.000+0000,1022156.9618530809,783288.560452377,950670.5355324976,1094334.0357455192,499654.96573085536,1003595.37263352,1003595.37263352
2025-04-20T18:40:00.000+0000,1022105.744719593,783288.560452377,950418.8322041044,1092678.1774027913,499654.96573085536,1003595.37263352,1003595.37263352
2025-04-20T18:50:00.000+0000,1022028.0251949929,783288.560452377,951585.4285509639,1091962.9232542394,499654.96573085536,1003595.37263352,1003595.37263352
2025-04-20T19:00:00.000+0000,1022074.343430737,783288.560452377,951390.4101028522,1091912.8212479353,499654.96573085536,1003595.37263352,1003595.37263352
2025-04-20T19:10:00.000+0000,1021876.9288788249,783288.560452377,951187.9117282229,1091945.4168605674,499654.96573085536,1003595.37263352,1003595.37263352
2025-04-20T19:20:00.000+0000,1021872.9727962249,783288.560452377,952168.9513262666,1092621.3563959913,499654.96573085536,1003595.37263352,1003595.37263352
2025-04-20T19:30:00.000+0000,1021850.5833421289,783288.560452377,952466.0515625905,1091441.9623166714,499654.96573085536,1003595.37263352,1003595.37263352
2025-04-20T19:40:00.000+0000,1021656.057837129,783288.560452377,953082.584642574,1090972.3397655112,499654.96573085536,1003595.37263352,1003595.37263352
2025-04-20T19:50:00.000+0000,1021192.9809152731,783288.560452377,954205.8274711627,1091219.8919651913,499654.96573085536,1003595.37263352,1003595.37263352
2025-04-20T20:00:00.000+0000,1020306.142803793,783288.560452377,954267.3769516516,1089047.2532777432,499654.96573085536,1003595.37263352,1003595.37263352
2025-04-20T20:10:00.000+0000,1019084.3344830329,783288.560452377,957568.0382286313,1087246.4443882953,499654.96573085536,1003595.37263352,1003595.37263352
2025-04-20T20:20:00.000+0000,1019062.7813593369,783288.560452377,959757.0847760992,1087343.6012006153,499654.96573085536,1003595.37263352,1003595.37263352
2025-04-20T20:30:00.000+0000,1019472.563870857,783288.560452377,957864.7666981367,1088398.2284033513,499654.96573085536,1003595.37263352,1003595.37263352
2025-04-20T20:40:00.000+0000,1019496.588525745,783288.560452377,958315.2863255419,1087259.589493791,499654.96573085536,1003595.37263352,1003595.37263352
2025-04-20T20:50:00.000+0000,1019834.5168066729,783288.560452377,956404.0164640656,1087323.9616648233,499654.96573085536,1003595.37263352,1003595.37263352
2025-04-20T21:00:00.000+0000,1020164.587888393,783288.560452377,955443.0455061407,1087595.7643385914,499654.96573085536,1003595.37263352,1003595.37263352
2025-04-20T21:10:00.000+0000,1020465.376354961,783288.560452377,954951.3454763683,1089700.6534890633,499654.96573085536,1003595.37263352,1003595.37263352
2025-04-20T21:20:00.000+0000,1020395.017317257,783288.560452377,954897.0652804145,1090561.4880700232,499654.96573085536,1003595.37263352,1003595.37263352
2025-04-20T21:30:00.000+0000,1020296.539052945,783288.560452377,956265.6882798483,1089474.3614376474,499654.96573085536,1003595.37263352,1003595.37263352
2025-04-20T21:40:00.000+0000,1020500.2497339209,783288.560452377,956988.3701097898,1089485.4271180152,499654.96573085536,1003595.37263352,1003595.37263352
2025-04-20T21:50:00.000+0000,1020627.335833641,783288.560452377,957287.411634235,1089860.2748097673,499654.96573085536,1003595.37263352,1003595.37263352
2025-04-20T22:00:00.000+0000,1020760.036108425,783288.560452377,953890.5813620591,1090786.6852480392,499654.96573085536,1003595.37263352,1003595.37263352
2025-04-20T22:10:00.000+0000,1021234.992569041,783288.560452377,953577.4400537147,1092330.8466598555,499654.96573085536,1003595.37263352,1003595.37263352
2025-04-20T22:20:00.000+0000,1021744.883839433,783288.560452377,951088.3519914886,1094218.5642966393,499654.96573085536,1003595.37263352,1003595.37263352
2025-04-20T22:30:00.000+0000,1021755.3133491449,783288.560452377,952367.6869331812,1095065.3020141192,499654.96573085536,1003595.37263352,1003595.37263352
2025-04-20T22:40:00.000+0000,1021538.441915201,783288.560452377,953360.7239557428,1094956.4499355033,499654.96573085536,1003595.37263352,1003595.37263352
2025-04-20T22:50:00.000+0000,1021600.6752186969,783288.560452377,953104.9475039158,1094997.9228306233,499654.96573085536,1003595.37263352,1003595.37263352
2025-04-20T23:00:00.000+0000,1020870.275696145,783288.560452377,955019.0136162529,1093246.5366613432,499654.96573085536,1003595.37263352,1003595.37263352
2025-04-20T23:10:00.000+0000,1020493.051796881,783288.560452377,956427.0893498678,1091529.9489709914,499654.96573085536,1003595.37263352,1003595.37263352
2025-04-20T23:20:00.000+0000,1020573.9933617848,783288.560452377,956738.1556284606,1091989.0309413674,499654.96573085536,1003595.37263352,1003595.37263352
2025-04-20T23:30:00.000+0000,1020762.828003121,783288.560452377,956385.2490839141,1092741.4966268553,499654.96573085536,1003595.37263352,1003595.37263352
2025-04-20T23:40:00.000+0000,1020948.531381473,783288.560452377,956187.1529507195,1092826.1308652554,499654.96573085536,1003595.37263352,1003595.37263352
2025-04-20T23:50:00.000+0000,1020678.534182169,783288.560452377,957764.1799186771,1092419.9262391354,499654.96573085536,1003595.37263352,1003595.37263352
2025-04-21T00:00:00.000+0000,1020128.4446361449,783288.560452377,958354.3951769685,1091117.5979559193,499654.96573085536,1003595.37263352,1003595.37263352
2025-04-21T00:10:00.000+0000,1019700.7886648409,783288.560452377,963361.8202066134,1088311.5363924874,499654.96573085536,1003595.37263352,1003595.37263352
2025-04-21T00:20:00.000+0000,1017906.809926897,783288.560452377,964880.966891889,1083416.1970295033,499654.96573085536,1003595.37263352,1003595.37263352
2025-04-21T00:30:00.000+0000,1016004.003051169,783288.560452377,975947.1649036687,1078077.6031640314,499654.96573085536,1003595.37263352,1003595.37263352
2025-04-21T00:40:00.000+0000,1016450.513426873,783288.560452377,978080.0245493895,1077192.1262327353,499654.96573085536,1003595.37263352,1003595.37263352
2025-04-21T00:50:00.000+0000,1017195.314708793,783288.560452377,977160.7563240419,1078848.0807584552,499654.96573085536,1003595.37263352,1003595.37263352
2025-04-21T01:00:00.000+0000,1016455.3066392329,783288.560452377,979446.3894125011,1078260.8116399033,499654.96573085536,1003595.37263352,1003595.37263352
2025-04-21T01:10:00.000+0000,1016906.8991060089,783288.560452377,977025.2559950601,1079675.1771715593,499654.96573085536,1003595.37263352,1003595.37263352
2025-04-21T01:20:00.000+0000,1016894.2406708649,783288.560452377,977334.1724898512,1077969.4407532392,499654.96573085536,1003595.37263352,1003595.37263352
2025-04-21T01:30:00.000+0000,1016583.880977409,783288.560452377,979471.9808709701,1076597.6851663352,499654.96573085536,1003595.37263352,1003595.37263352
2025-04-21T01:40:00.000+0000,1016804.816007873,783288.560452377,981801.0800692479,1075955.4595981434,499654.96573085536,1003595.37263352,1003595.37263352
2025-04-21T01:50:00.000+0000,1016585.414079945,783288.560452377,982752.0768975237,1075302.7054695433,499654.96573085536,1003595.37263352,1003595.37263352
2025-04-21T02:00:00.000+0000,1016690.0467068249,783288.560452377,982290.2880421905,1076111.0288331113,499654.96573085536,1003595.37263352,1003595.37263352
2025-04-21T02:10:00.000+0000,1016977.5255696009,783288.560452377,982725.6250748432,1077011.1149576954,499654.96573085536,1003595.37263352,1003595.37263352
2025-04-21T02:20:00.000+0000,1016772.189300137,783288.560452377,984003.6662507657,1076908.0446899273,499654.96573085536,1003595.37263352,1003595.37263352
2025-04-21T02:30:00.000+0000,1016872.811348049,783288.560452377,980364.5037396792,1077498.4399855353,499654.96573085536,1003595.37263352,1003595.37263352
2025-04-21T02:40:00.000+0000,1017643.992758969,783288.560452377,978528.71161704,1079759.1196637994,499654.96573085536,1003595.37263352,1003595.37263352
2025-04-21T02:50:00.000+0000,1017704.548055945,783288.560452377,981010.0195562451,1078779.5988678313,499654.96573085536,1003595.37263352,1003595.37263352
2025-04-21T03:00:00.000+0000,1017663.5670470009,783288.560452377,981680.6146602853,1079017.7919108314,499654.96573085536,1003595.37263352,1003595.37263352
2025-04-21T03:10:00.000+0000,1017905.495499281,783288.560452377,980690.6775638987,1080734.2193095193,499654.96573085536,1003595.37263352,1003595.37263352
2025-04-21T03:20:00.000+0000,1017926.368497513,783288.560452377,979314.1377397191,1081050.3255520551,499654.96573085536,1003595.37263352,1003595.37263352
2025-04-21T03:30:00.000+0000,1018154.6298622169,783288.560452377,979787.3547657977,1082244.6562425194,499654.96573085536,1003595.37263352,1003595.37263352
2025-04-21T03:40:00.000+0000,1018036.2902397129,783288.560452377,979835.4720973885,1081654.6635445752,499654.96573085536,1003595.37263352,1003595.37263352
2025-04-21T03:50:00.000+0000,1017886.704743921,783288.560452377,978602.6053470371,1081873.7026130236,499654.96573085536,1003595.37263352,1003595.37263352
2025-04-21T04:00:00.000+0000,1017394.841259753,783288.560452377,979922.1673292707,1083446.5225496634,499654.96573085536,1003595.37263352,1003595.37263352
2025-04-21T04:10:00.000+0000,1017485.0874749769,783288.560452377,978698.3304863833,1084050.0135603114,499654.96573085536,1003595.37263352,1003595.37263352
2025-04-21T04:20:00.000+0000,1017498.1258759049,783288.560452377,979278.7664726796,1082779.0311103514,499654.96573085536,1003595.37263352,1003595.37263352
2025-04-21T04:30:00.000+0000,1017641.928841425,783288.560452377,978374.182362693,1081906.8548000394,499654.96573085536,1003595.37263352,1003595.37263352
2025-04-21T04:40:00.000+0000,1017268.731828073,783288.560452377,980694.2484340541,1078884.7803153032,499654.96573085536,1003595.37263352,1003595.37263352
2025-04-21T04:50:00.000+0000,1017209.7170876651,783288.560452377,983119.9877951489,1078447.1902576312,499654.96573085536,1003595.37263352,1003595.37263352
2025-04-21T05:00:00.000+0000,1017014.2708998009,783288.560452377,983799.6457792539,1075012.6767882553,499654.96573085536,1003595.37263352,1003595.37263352
2025-04-21T05:10:00.000+0000,1017015.765103481,783288.560452377,983823.0188437006,1073820.4762822795,499654.96573085536,1003595.37263352,1003595.37263352
2025-04-21T05:20:00.000+0000,1017005.747094305,783288.560452377,984947.7977022745,1073462.0319573274,499654.96573085536,1003595.37263352,1003595.37263352
2025-04-21T05:30:00.000+0000,1017037.1160290649,783288.560452377,984601.0283021877,1072351.9270123194,499654.96573085536,1003595.37263352,1003595.37263352
2025-04-21T05:40:00.000+0000,1016652.226497217,783288.560452377,985259.0443688431,1073716.4939047834,499654.96573085536,1003595.37263352,1003595.37263352
2025-04-21T05:50:00.000+0000,1016159.4298601688,783288.560452377,986450.3715684608,1072713.3681978635,499654.96573085536,1003595.37263352,1003595.37263352
2025-04-21T06:00:00.000+0000,1016667.6040353369,783288.560452377,986426.5945962457,1073520.0427515353,499654.96573085536,1003595.37263352,1003595.37263352
2025-04-21T06:10:00.000+0000,1016348.568797873,783288.560452377,986674.2679687394,1073240.0793415834,499654.96573085536,1003595.37263352,1003595.37263352
2025-04-21T06:20:00.000+0000,1016502.4649323929,783288.560452377,986906.0337336258,1073651.9995315913,499654.96573085536,1003595.37263352,1003595.37263352
2025-04-21T06:30:00.000+0000,1016584.376740481,783288.560452377,985677.7035207737,1074438.1654852792,499654.96573085536,1003595.37263352,1003595.37263352
2025-04-21T06:40:00.000+0000,1016737.2216866249,783288.560452377,985229.9085917734,1074533.9428120712,499654.96573085536,1003595.37263352,1003595.37263352
2025-04-21T06:50:00.000+0000,1016962.592185873,783288.560452377,986278.3303256589,1074417.2535682074,499654.96573085536,1003595.37263352,1003595.37263352
2025-04-21T07:00:00.000+0000,1016865.771304593,783288.560452377,986737.0184410245,1073515.6445329275,499654.96573085536,1003595.37263352,1003595.37263352
2025-04-21T07:10:00.000+0000,1017014.933769081,783288.560452377,984378.7585238486,1075164.0494831435,499654.96573085536,1003595.37263352,1003595.37263352
2025-04-21T07:20:00.000+0000,1017099.781516537,783288.560452377,983577.3575158507,1075212.7865622635,499654.96573085536,1003595.37263352,1003595.37263352
2025-04-21T07:30:00.000+0000,1017201.915194177,783288.560452377,984260.7452772106,1074343.9593205513,499654.96573085536,1003595.37263352,1003595.37263352
2025-04-21T07:40:00.000+0000,1017264.366892817,783288.560452377,985329.4495305086,1073915.5793089434,499654.96573085536,1003595.37263352,1003595.37263352
2025-04-21T07:50:00.000+0000,1017332.758375825,783288.560452377,984019.7960277975,1074679.6801388634,499654.96573085536,1003595.37263352,1003595.37263352
2025-04-21T08:00:00.000+0000,1016650.661740025,783288.560452377,984372.050220814,1073726.7823973994,499654.96573085536,1003595.37263352,1003595.37263352
2025-04-21T08:10:00.000+0000,1016658.250594081,783288.560452377,983397.3632562496,1073611.4718496953,499654.96573085536,1003595.37263352,1003595.37263352
2025-04-21T08:20:00.000+0000,1016770.486043833,783288.560452377,984409.5882005696,1073559.8052260873,499654.96573085536,1003595.37263352,1003595.37263352
2025-04-21T08:30:00.000+0000,1016955.0369748808,783288.560452377,985057.5325522819,1073415.7765712633,499654.96573085536,1003595.37263352,1003595.37263352
2025-04-21T08:40:00.000+0000,1016701.151835609,783288.560452377,984477.4198173743,1074172.8629872072,499654.96573085536,1003595.37263352,1003595.37263352
2025-04-21T08:50:00.000+0000,1016357.167033777,783288.560452377,985757.3229575476,1073319.9444883114,499654.96573085536,1003595.37263352,1003595.37263352
2025-04-21T09:00:00.000+0000,1015874.9449603049,783288.560452377,986869.1706058511,1072665.3803988392,499654.96573085536,1003595.37263352,1003595.37263352
2025-04-21T09:10:00.000+0000,1016123.409859241,783288.560452377,983195.9986135636,1073775.0076862795,499654.96573085536,1003595.37263352,1003595.37263352
2025-04-21T09:20:00.000+0000,1016850.098203113,783288.560452377,983069.2318051464,1076838.9987509034,499654.96573085536,1003595.37263352,1003595.37263352
2025-04-21T09:30:00.000+0000,1017086.693135625,783288.560452377,981323.4374696328,1077497.5764868872,499654.96573085536,1003595.37263352,1003595.37263352
2025-04-21T09:40:00.000+0000,1017204.460945945,783288.560452377,982280.8014010661,1076152.9740700554,499654.96573085536,1003595.37263352,1003595.37263352
2025-04-21T09:50:00.000+0000,1017078.348126977,783288.560452377,983169.5955656713,1076515.6898650953,499654.96573085536,1003595.37263352,1003595.37263352
2025-04-21T10:00:00.000+0000,1017101.573841529,783288.560452377,981834.5095294496,1076533.2480473034,499654.96573085536,1003595.37263352,1003595.37263352
2025-04-21T10:10:00.000+0000,1017224.2848241449,783288.560452377,981790.4977573187,1077479.6573436793,499654.96573085536,1003595.37263352,1003595.37263352
2025-04-21T10:20:00.000+0000,1016598.8699566249,783288.560452377,979662.2094729242,1077282.4930513995,499654.96573085536,1003595.37263352,1003595.37263352
2025-04-21T10:30:00.000+0000,1016657.987514713,783288.560452377,978516.1175555431,1077498.5128372074,499654.96573085536,1003595.37263352,1003595.37263352
2025-04-21T10:40:00.000+0000,1016652.3387573371,783288.560452377,979197.7843648392,1077387.6944229193,499654.96573085536,1003595.37263352,1003595.37263352
2025-04-21T10:50:00.000+0000,1016463.347141681,783288.560452377,980454.0713446991,1076028.5964418233,499654.96573085536,1003595.37263352,1003595.37263352
2025-04-21T11:00:00.000+0000,1016214.364217497,783288.560452377,980046.5190169276,1075801.4740152394,499654.96573085536,1003595.37263352,1003595.37263352
2025-04-21T11:10:00.000+0000,1016182.2707428329,783288.560452377,974895.4123639648,1076396.0462666072,499654.96573085536,1003595.37263352,1003595.37263352
2025-04-21T11:20:00.000+0000,1016720.9407817769,783288.560452377,972126.0424038897,1076882.3589849435,499654.96573085536,1003595.37263352,1003595.37263352
2025-04-21T11:30:00.000+0000,1016655.8990768009,783288.560452377,973800.2313640168,1077738.8333568634,499654.96573085536,1003595.37263352,1003595.37263352
2025-04-21T11:40:00.000+0000,1016308.212468785,783288.560452377,975141.4430351146,1077107.1598802395,499654.96573085536,1003595.37263352,1003595.37263352
2025-04-21T11:50:00.000+0000,1016566.5485844249,783288.560452377,974976.8072062797,1076476.1754419433,499654.96573085536,1003595.37263352,1003595.37263352
2025-04-21T12:00:00.000+0000,1015845.1070997049,783288.560452377,975786.9899194792,1076550.4842672872,499654.96573085536,1003595.37263352,1003595.37263352
2025-04-21T12:10:00.000+0000,1015709.584334721,783288.560452377,977641.0085355602,1074167.4403188154,499654.96573085536,1003595.37263352,1003595.37263352
2025-04-21T12:20:00.000+0000,1015607.9047235369,783288.560452377,976925.5059169163,1073948.3826452633,499654.96573085536,1003595.37263352,1003595.37263352
2025-04-21T12:30:00.000+0000,1015690.3022127689,783288.560452377,976258.5505347517,1075177.4477259673,499654.96573085536,1003595.37263352,1003595.37263352
2025-04-21T12:40:00.000+0000,1015914.9482520489,783288.560452377,975013.2237596097,1075830.0416328474,499654.96573085536,1003595.37263352,1003595.37263352
2025-04-21T12:50:00.000+0000,1016521.7764208328,783288.560452377,973659.7241258485,1078294.0285650874,499654.96573085536,1003595.37263352,1003595.37263352
2025-04-21T13:00:00.000+0000,1017005.1366530489,783288.560452377,970844.6072312586,1079184.4447717995,499654.96573085536,1003595.37263352,1003595.37263352
2025-04-21T13:10:00.000+0000,1017345.483907249,783288.560452377,970788.7089807134,1079895.0963653433,499654.96573085536,1003595.37263352,1003595.37263352
2025-04-21T13:20:00.000+0000,1017054.7921568409,783288.560452377,971448.5926188733,1078021.5903601514,499654.96573085536,1003595.37263352,1003595.37263352
2025-04-21T13:30:00.000+0000,1016850.0318862089,783288.560452377,971414.5911505863,1077051.5137927514,499654.96573085536,1003595.37263352,1003595.37263352
2025-04-21T13:40:00.000+0000,1016840.851006793,783288.560452377,973269.0436869422,1077178.7823463914,499654.96573085536,1003595.37263352,1003595.37263352
2025-04-21T13:50:00.000+0000,1017048.9222265449,783288.560452377,968667.2865560851,1077694.6893603355,499654.96573085536,1003595.37263352,1003595.37263352
2025-04-21T14:00:00.000+0000,1017186.980261689,783288.560452377,966948.3399202476,1078627.8330177192,499654.96573085536,1003595.37263352,1003595.37263352
2025-04-21T14:10:00.000+0000,1016595.7147528089,783288.560452377,972256.6225346004,1077051.3121142234,499654.96573085536,1003595.37263352,1003595.37263352
2025-04-21T14:20:00.000+0000,1015666.801478409,783288.560452377,978495.7695560688,1073070.0925898633,499654.96573085536,1003595.37263352,1003595.37263352
2025-04-21T14:30:00.000+0000,1015392.297397497,783288.560452377,981897.2502540828,1071607.1839038234,499654.96573085536,1003595.37263352,1003595.37263352
2025-04-21T14:40:00.000+0000,1015874.235718153,783288.560452377,978417.4585783837,1071154.8344830954,499654.96573085536,1003595.37263352,1003595.37263352
2025-04-21T14:50:00.000+0000,1016706.465111585,783288.560452377,978430.3402179317,1073095.8476593115,499654.96573085536,1003595.37263352,1003595.37263352
2025-04-21T15:00:00.000+0000,1016610.820448577,783288.560452377,978089.3198567238,1072820.0305796394,499654.96573085536,1003595.37263352,1003595.37263352
2025-04-21T15:10:00.000+0000,1016543.635839297,783288.560452377,976666.8436061302,1072798.2297842393,499654.96573085536,1003595.37263352,1003595.37263352
2025-04-21T15:20:00.000+0000,1016612.385445577,783288.560452377,979587.5292475378,1072718.7697431673,499654.96573085536,1003595.37263352,1003595.37263352
2025-04-21T15:30:00.000+0000,1016552.359264969,783288.560452377,979033.4330646675,1072910.6048821833,499654.96573085536,1003595.37263352,1003595.37263352
2025-04-21T15:40:00.000+0000,1016885.517145273,783288.560452377,976117.1177652446,1074265.5271964874,499654.96573085536,1003595.37263352,1003595.37263352
2025-04-21T15:50:00.000+0000,1017313.488893753,783288.560452377,976223.9821290578,1075776.0268292872,499654.96573085536,1003595.37263352,1003595.37263352
2025-04-21T16:00:00.000+0000,1017034.021546633,783288.560452377,975092.8913631614,1075518.1471282234,499654.96573085536,1003595.37263352,1003595.37263352
2025-04-21T16:10:00.000+0000,1016740.070335881,783288.560452377,976356.1975562095,1074732.4862101832,499654.96573085536,1003595.37263352,1003595.37263352
2025-04-21T16:20:00.000+0000,1017311.4304018649,783288.560452377,971591.5226242049,1076700.9117589432,499654.96573085536,1003595.37263352,1003595.37263352
2025-04-21T16:30:00.000+0000,1017917.8699917609,783288.560452377,971824.411389526,1077920.6510562475,499654.96573085536,1003595.37263352,1003595.37263352
2025-04-21T16:40:00.000+0000,1018471.934795033,783288.560452377,967566.6282038287,1079488.6681582313,499654.96573085536,1003595.37263352,1003595.37263352
2025-04-21T16:50:00.000+0000,1019112.1228145689,783288.560452377,960592.1347937582,1082833.2301863756,499654.96573085536,1003595.37263352,1003595.37263352
2025-04-21T17:00:00.000+0000,1020832.123752137,783288.560452377,951775.9932914523,1090282.8901468073,499654.96573085536,1003595.37263352,1003595.37263352
2025-04-21T17:10:00.000+0000,1020995.545619969,783288.560452377,954910.7673454278,1090056.4274320314,499654.96573085536,1003595.37263352,1003595.37263352
2025-04-21T17:20:00.000+0000,1020540.2597702648,783288.560452377,955929.5569155774,1089488.5028254795,499654.96573085536,1003595.37263352,1003595.37263352
2025-04-21T17:30:00.000+0000,1020777.3588591289,783288.560452377,957182.8050674266,1089391.5098819593,499654.96573085536,1003595.37263352,1003595.37263352
2025-04-21T17:40:00.000+0000,1021115.202148105,783288.560452377,956480.012026204,1090856.7942958954,499654.96573085536,1003595.37263352,1003595.37263352
2025-04-21T17:50:00.000+0000,1021145.831405081,783288.560452377,954376.9445601875,1090872.1695658313,499654.96573085536,1003595.37263352,1003595.37263352
2025-04-21T18:00:00.000+0000,1021389.370238025,783288.560452377,954355.215806811,1092615.4204885194,499654.96573085536,1003595.37263352,1003595.37263352
2025-04-21T18:10:00.000+0000,1021454.5607438649,783288.560452377,955681.857563822,1091350.9885039914,499654.96573085536,1003595.37263352,1003595.37263352
2025-04-21T18:20:00.000+0000,1021628.606745585,783288.560452377,954334.3889397369,1092518.1072914074,499654.96573085536,1003595.37263352,1003595.37263352
2025-04-21T18:30:00.000+0000,1021319.917244905,783288.560452377,954797.3080303436,1091175.4723493352,499654.96573085536,1003595.37263352,1003595.37263352
2025-04-21T18:40:00.000+0000,1021552.1460431209,783288.560452377,955925.6497104412,1091940.0946917112,499654.96573085536,1003595.37263352,1003595.37263352
2025-04-21T18:50:00.000+0000,1021638.2258041769,783288.560452377,955003.0730632383,1092125.9925743353,499654.96573085536,1003595.37263352,1003595.37263352
2025-04-21T19:00:00.000+0000,1021464.9706093051,783288.560452377,954710.7840825133,1091788.1223968873,499654.96573085536,1003595.37263352,1003595.37263352
2025-04-21T19:10:00.000+0000,1020966.748845833,783288.560452377,958564.9033832934,1089702.5146589354,499654.96573085536,1003595.37263352,1003595.37263352
2025-04-21T19:20:00.000+0000,1020784.995534897,783288.560452377,960672.215238937,1088563.3266889753,499654.96573085536,1003595.37263352,1003595.37263352
2025-04-21T19:30:00.000+0000,1020767.301841185,783288.560452377,961736.6743066742,1086699.6924100795,499654.96573085536,1003595.37263352,1003595.37263352
2025-04-21T19:40:00.000+0000,1020829.702130985,783288.560452377,960880.7041564442,1086302.6514271752,499654.96573085536,1003595.37263352,1003595.37263352
2025-04-21T19:50:00.000+0000,1020501.6269212889,783288.560452377,961543.7375865774,1087133.4282635835,499654.96573085536,1003595.37263352,1003595.37263352
2025-04-21T20:00:00.000+0000,1020729.9308419209,783288.560452377,961019.5820540779,1087856.1115540634,499654.96573085536,1003595.37263352,1003595.37263352
2025-04-21T20:10:00.000+0000,1020941.0885804809,783288.560452377,960964.9231515425,1088609.9555959834,499654.96573085536,1003595.37263352,1003595.37263352
2025-04-21T20:20:00.000+0000,1020544.6939800569,783288.560452377,960546.5427509567,1088343.8506503834,499654.96573085536,1003595.37263352,1003595.37263352
2025-04-21T20:30:00.000+0000,1020480.472698217,783288.560452377,960732.871141114,1088732.5407893113,499654.96573085536,1003595.37263352,1003595.37263352
2025-04-21T20:40:00.000+0000,1020220.7524707529,783288.560452377,961552.1582921867,1086987.8884186794,499654.96573085536,1003595.37263352,1003595.37263352
2025-04-21T20:50:00.000+0000,1020338.183850433,783288.560452377,962522.6828738714,1087659.5544056795,499654.96573085536,1003595.37263352,1003595.37263352
2025-04-21T21:00:00.000+0000,1020655.2402422408,783288.560452377,961137.9550035165,1088253.2535361033,499654.96573085536,1003595.37263352,1003595.37263352
2025-04-21T21:10:00.000+0000,1020474.1882398089,783288.560452377,961130.8947869544,1088699.5732644473,499654.96573085536,1003595.37263352,1003595.37263352
2025-04-21T21:20:00.000+0000,1020718.502062265,783288.560452377,960271.6984631162,1089796.4868909593,499654.96573085536,1003595.37263352,1003595.37263352
2025-04-21T21:30:00.000+0000,1020778.8741559209,783288.560452377,959424.5427491891,1090175.3685429594,499654.96573085536,1003595.37263352,1003595.37263352
2025-04-21T21:40:00.000+0000,1020878.897723001,783288.560452377,961380.0570065124,1089766.4226516073,499654.96573085536,1003595.37263352,1003595.37263352
2025-04-21T21:50:00.000+0000,1020712.367463873,783288.560452377,962725.7250595873,1089296.8778282152,499654.96573085536,1003595.37263352,1003595.37263352
2025-04-21T22:00:00.000+0000,1020867.598159889,783288.560452377,959385.735149558,1090732.5491415993,499654.96573085536,1003595.37263352,1003595.37263352
2025-04-21T22:10:00.000+0000,1021213.399587257,783288.560452377,958557.1090678116,1092741.6463669674,499654.96573085536,1003595.37263352,1003595.37263352
2025-04-21T22:20:00.000+0000,1021524.289436249,783288.560452377,959034.9440837026,1092641.4010574233,499654.96573085536,1003595.37263352,1003595.37263352
2025-04-21T22:30:00.000+0000,1021570.204714617,783288.560452377,959450.4319985015,1090850.8303208954,499654.96573085536,1003595.37263352,1003595.37263352
2025-04-21T22:40:00.000+0000,1021483.0626141131,783288.560452377,960378.6185950572,1091425.9317214154,499654.96573085536,1003595.37263352,1003595.37263352
2025-04-21T22:50:00.000+0000,1021595.290320065,783288.560452377,959942.2164406818,1091257.7371847755,499654.96573085536,1003595.37263352,1003595.37263352
2025-04-21T23:00:00.000+0000,1021836.7715004489,783288.560452377,957841.4555371234,1091542.7374719994,499654.96573085536,1003595.37263352,1003595.37263352
2025-04-21T23:10:00.000+0000,1021993.785368785,783288.560452377,958703.481620999,1092170.3248800952,499654.96573085536,1003595.37263352,1003595.37263352
2025-04-21T23:20:00.000+0000,1021894.3894092169,783288.560452377,959937.6544247789,1091031.7351411674,499654.96573085536,1003595.37263352,1003595.37263352
2025-04-21T23:30:00.000+0000,1021761.607749593,783288.560452377,959309.4361629402,1090242.7349366955,499654.96573085536,1003595.37263352,1003595.37263352
2025-04-21T23:40:00.000+0000,1022347.2984418969,783288.560452377,959466.7775060527,1092505.0764344393,499654.96573085536,1003595.37263352,1003595.37263352
2025-04-21T23:50:00.000+0000,1021941.531994953,783288.560452377,962801.1135211198,1091379.2403044554,499654.96573085536,1003595.37263352,1003595.37263352
2025-04-22T00:00:00.000+0000,1021900.531012001,783288.560452377,962799.098793599,1091142.6879278712,499654.96573085536,1003595.37263352,1003595.37263352
2025-04-22T00:10:00.000+0000,1022457.314908257,783288.560452377,961192.7184132503,1092644.0788834472,499654.96573085536,1003595.37263352,1003595.37263352
2025-04-22T00:20:00.000+0000,1021602.083131465,783288.560452377,962691.4799409995,1092396.6518635433,499654.96573085536,1003595.37263352,1003595.37263352
2025-04-22T00:30:00.000+0000,1021660.6926862809,783288.560452377,951763.1994716877,1092534.0535541833,499654.96573085536,1003595.37263352,1003595.37263352
2025-04-22T00:40:00.000+0000,1022092.403241321,783288.560452377,955747.9534280912,1096421.8543433675,499654.96573085536,1003595.37263352,1003595.37263352
2025-04-22T00:50:00.000+0000,1021206.975160913,783288.560452377,959004.0344751007,1093818.0458679195,499654.96573085536,1003595.37263352,1003595.37263352
2025-04-22T01:00:00.000+0000,1020454.732986473,783288.560452377,961676.3070378406,1091173.1367792874,499654.96573085536,1003595.37263352,1003595.37263352
2025-04-22T01:10:00.000+0000,1019612.618527425,783288.560452377,965077.9372975309,1087511.2259234714,499654.96573085536,1003595.37263352,1003595.37263352
2025-04-22T01:20:00.000+0000,1019076.5424716331,783288.560452377,970902.2953842173,1084974.704645167,499654.96573085536,1003595.37263352,1003595.37263352
2025-04-22T01:30:00.000+0000,1019602.3555943449,783288.560452377,971572.6291666848,1085362.2142193033,499654.96573085536,1003595.37263352,1003595.37263352
2025-04-22T01:40:00.000+0000,1019974.409033289,783288.560452377,972374.2191657242,1084013.9733755433,499654.96573085536,1003595.37263352,1003595.37263352
2025-04-22T01:50:00.000+0000,1019690.214560897,783288.560452377,974621.54668419,1081422.4402019912,499654.96573085536,1003595.37263352,1003595.37263352
2025-04-22T02:00:00.000+0000,1018993.3351208089,783288.560452377,975404.8806424215,1078130.5801784873,499654.96573085536,1003595.37263352,1003595.37263352
2025-04-22T02:10:00.000+0000,1019655.165692441,783288.560452377,970700.3164511393,1082025.8659748714,499654.96573085536,1003595.37263352,1003595.37263352
2025-04-22T02:20:00.000+0000,1019635.0073320409,783288.560452377,969342.8117854479,1084067.3186251752,499654.96573085536,1003595.37263352,1003595.37263352
2025-04-22T02:30:00.000+0000,1020107.518420521,783288.560452377,968677.7003833276,1086355.9523123272,499654.96573085536,1003595.37263352,1003595.37263352
2025-04-22T02:40:00.000+0000,1020509.431812377,783288.560452377,969047.2323134973,1088082.3482497993,499654.96573085536,1003595.37263352,1003595.37263352
2025-04-22T02:50:00.000+0000,1020582.8732122169,783288.560452377,970719.5606597419,1088861.9615398152,499654.96573085536,1003595.37263352,1003595.37263352
2025-04-22T03:00:00.000+0000,1020711.858831105,783288.560452377,970301.6747767377,1089142.6157666715,499654.96573085536,1003595.37263352,1003595.37263352
2025-04-22T03:10:00.000+0000,1021006.405435161,783288.560452377,968981.9694123745,1091018.0279057354,499654.96573085536,1003595.37263352,1003595.37263352
2025-04-22T03:20:00.000+0000,1020937.411964129,783288.560452377,972152.5398626763,1090335.5516938393,499654.96573085536,1003595.37263352,1003595.37263352
2025-04-22T03:30:00.000+0000,1020757.2736901289,783288.560452377,972158.2741725186,1091444.4469473753,499654.96573085536,1003595.37263352,1003595.37263352
2025-04-22T03:40:00.000+0000,1020682.925116609,783288.560452377,972813.7209869167,1090859.9735604473,499654.96573085536,1003595.37263352,1003595.37263352
2025-04-22T03:50:00.000+0000,1020518.288431409,783288.560452377,972357.8717712297,1091035.6438916633,499654.96573085536,1003595.37263352,1003595.37263352
2025-04-22T04:00:00.000+0000,1020123.478562185,783288.560452377,973215.5596540708,1089819.1034532234,499654.96573085536,1003595.37263352,1003595.37263352
2025-04-22T04:10:00.000+0000,1020229.5653448091,783288.560452377,972436.1495169555,1090228.4203875032,499654.96573085536,1003595.37263352,1003595.37263352
2025-04-22T04:20:00.000+0000,1020297.555189385,783288.560452377,972618.0252633048,1090166.4593959833,499654.96573085536,1003595.37263352,1003595.37263352
2025-04-22T04:30:00.000+0000,1020395.919454969,783288.560452377,972866.1880291256,1089631.9195202633,499654.96573085536,1003595.37263352,1003595.37263352
2025-04-22T04:40:00.000+0000,1020541.798498297,783288.560452377,972514.3270302275,1089637.1730740552,499654.96573085536,1003595.37263352,1003595.37263352
2025-04-22T04:50:00.000+0000,1020617.492544577,783288.560452377,970677.0382891095,1090498.9455740792,499654.96573085536,1003595.37263352,1003595.37263352
2025-04-22T05:00:00.000+0000,1021029.9206079609,783288.560452377,970167.6030283066,1091888.4162175911,499654.96573085536,1003595.37263352,1003595.37263352
2025-04-22T05:10:00.000+0000,1021350.027827153,783288.560452377,969426.5108202784,1094645.5825285434,499654.96573085536,1003595.37263352,1003595.37263352
2025-04-22T05:20:00.000+0000,1021474.223730881,783288.560452377,970790.836103335,1093859.9975497033,499654.96573085536,1003595.37263352,1003595.37263352
2025-04-22T05:30:00.000+0000,1021138.669289361,783288.560452377,971708.6998583081,1093027.8322049913,499654.96573085536,1003595.37263352,1003595.37263352
2025-04-22T05:40:00.000+0000,1020738.004048185,783288.560452377,973354.6045252943,1091963.0028005512,499654.96573085536,1003595.37263352,1003595.37263352
2025-04-22T05:50:00.000+0000,1020846.427460009,783288.560452377,973652.2359721116,1092017.4118984235,499654.96573085536,1003595.37263352,1003595.37263352
2025-04-22T06:00:00.000+0000,1020727.5385572809,783288.560452377,974079.5891973833,1091633.8013625592,499654.96573085536,1003595.37263352,1003595.37263352
2025-04-22T06:10:00.000+0000,1021030.895217649,783288.560452377,972134.6529236678,1093120.0400396634,499654.96573085536,1003595.37263352,1003595.37263352
2025-04-22T06:20:00.000+0000,1021354.8250762809,783288.560452377,971233.3689632647,1093568.2144430794,499654.96573085536,1003595.37263352,1003595.37263352
2025-04-22T06:30:00.000+0000,1021559.241582145,783288.560452377,969432.5345951156,1093995.2302769034,499654.96573085536,1003595.37263352,1003595.37263352
2025-04-22T06:40:00.000+0000,1021506.368754273,783288.560452377,969788.8460915198,1094832.0069096312,499654.96573085536,1003595.37263352,1003595.37263352
2025-04-22T06:50:00.000+0000,1021014.219229121,783288.560452377,971862.8975889944,1093937.1610794554,499654.96573085536,1003595.37263352,1003595.37263352
2025-04-22T07:00:00.000+0000,1020312.1422903609,783288.560452377,973431.0101654126,1093476.8932785033,499654.96573085536,1003595.37263352,1003595.37263352
2025-04-22T07:10:00.000+0000,1020516.599093961,783288.560452377,972831.4353272223,1092607.6877996232,499654.96573085536,1003595.37263352,1003595.37263352
2025-04-22T07:20:00.000+0000,1020111.9489232809,783288.560452377,975067.8554490034,1090677.0384457114,499654.96573085536,1003595.37263352,1003595.37263352
2025-04-22T07:30:00.000+0000,1018642.452601569,783288.560452377,977701.5241143312,1085346.5161977753,499654.96573085536,1003595.37263352,1003595.37263352
2025-04-22T07:40:00.000+0000,1018965.911017657,783288.560452377,981336.6432729911,1084873.9360545834,499654.96573085536,1003595.37263352,1003595.37263352
2025-04-22T07:50:00.000+0000,1019200.930191785,783288.560452377,981980.0669251089,1084096.5419178233,499654.96573085536,1003595.37263352,1003595.37263352
2025-04-22T08:00:00.000+0000,1018493.077277505,783288.560452377,983511.1539699831,1082090.4473184315,499654.96573085536,1003595.37263352,1003595.37263352
2025-04-22T08:10:00.000+0000,1018165.8072531449,783288.560452377,984093.920646773,1080954.3878636553,499654.96573085536,1003595.37263352,1003595.37263352
2025-04-22T08:20:00.000+0000,1018904.6462786889,783288.560452377,981154.1119378001,1083272.2299853512,499654.96573085536,1003595.37263352,1003595.37263352
2025-04-22T08:30:00.000+0000,1019009.516645225,783288.560452377,981151.6426586381,1081269.8376617674,499654.96573085536,1003595.37263352,1003595.37263352
2025-04-22T08:40:00.000+0000,1019107.890063481,783288.560452377,981298.4263901503,1080931.2735998714,499654.96573085536,1003595.37263352,1003595.37263352
2025-04-22T08:50:00.000+0000,1019167.945700505,783288.560452377,981793.1915044123,1081265.0919213993,499654.96573085536,1003595.37263352,1003595.37263352
2025-04-22T09:00:00.000+0000,1018749.031180441,783288.560452377,982015.0482532006,1081700.2803519114,499654.96573085536,1003595.37263352,1003595.37263352
2025-04-22T09:10:00.000+0000,1018853.638397665,783288.560452377,980479.9936831009,1083674.9850932953,499654.96573085536,1003595.37263352,1003595.37263352
2025-04-22T09:20:00.000+0000,1018640.656239809,783288.560452377,981629.5205648463,1083265.0349659754,499654.96573085536,1003595.37263352,1003595.37263352
2025-04-22T09:30:00.000+0000,1018876.034426497,783288.560452377,981837.5058608481,1083250.5048293914,499654.96573085536,1003595.37263352,1003595.37263352
2025-04-22T09:40:00.000+0000,1019026.684729761,783288.560452377,983275.2309107545,1083452.4277517193,499654.96573085536,1003595.37263352,1003595.37263352
2025-04-22T09:50:00.000+0000,1019240.201529561,783288.560452377,982362.9567331263,1085073.9492858874,499654.96573085536,1003595.37263352,1003595.37263352
2025-04-22T10:00:00.000+0000,1018960.3700539769,783288.560452377,982910.0433611661,1083620.5178319912,499654.96573085536,1003595.37263352,1003595.37263352
2025-04-22T10:10:00.000+0000,1018877.3366838569,783288.560452377,983171.0381779541,1083599.0104117033,499654.96573085536,1003595.37263352,1003595.37263352
2025-04-22T10:20:00.000+0000,1019282.2337268809,783288.560452377,979649.98890446,1084951.9314083434,499654.96573085536,1003595.37263352,1003595.37263352
2025-04-22T10:30:00.000+0000,1019229.8666440891,783288.560452377,981071.7074646732,1082947.1182729593,499654.96573085536,1003595.37263352,1003595.37263352
2025-04-22T10:40:00.000+0000,1019021.819994665,783288.560452377,983685.8617552606,1083101.5296949192,499654.96573085536,1003595.37263352,1003595.37263352
2025-04-22T10:50:00.000+0000,1019118.2488498171,783288.560452377,983524.0187163346,1082090.8747562072,499654.96573085536,1003595.37263352,1003595.37263352
2025-04-22T11:00:00.000+0000,1018865.1388499369,783288.560452377,983896.8151227506,1080873.3433811513,499654.96573085536,1003595.37263352,1003595.37263352
2025-04-22T11:10:00.000+0000,1018718.764193417,783288.560452377,984179.0509093143,1080044.0753767113,499654.96573085536,1003595.37263352,1003595.37263352
2025-04-22T11:20:00.000+0000,1018500.6861455371,783288.560452377,985748.6062408857,1079718.6961185273,499654.96573085536,1003595.37263352,1003595.37263352
2025-04-22T11:30:00.000+0000,1018701.963584665,783288.560452377,985643.775349016,1080791.4583915914,499654.96573085536,1003595.37263352,1003595.37263352
2025-04-22T11:40:00.000+0000,1018748.177873633,783288.560452377,985012.1513393857,1078933.3444329035,499654.96573085536,1003595.37263352,1003595.37263352
2025-04-22T11:50:00.000+0000,1018824.032491353,783288.560452377,986155.7820083778,1079125.1474676235,499654.96573085536,1003595.37263352,1003595.37263352
2025-04-22T12:00:00.000+0000,1019144.5411091689,783288.560452377,985193.767373889,1079621.3308431115,499654.96573085536,1003595.37263352,1003595.37263352
2025-04-22T12:10:00.000+0000,1019140.5806300889,783288.560452377,986086.2739038354,1079020.0429885273,499654.96573085536,1003595.37263352,1003595.37263352
2025-04-22T12:20:00.000+0000,1018663.0031779449,783288.560452377,986001.4406183449,1076560.9429336553,499654.96573085536,1003595.37263352,1003595.37263352
2025-04-22T12:30:00.000+0000,1018790.802496633,783288.560452377,987459.9936084764,1076517.0778737993,499654.96573085536,1003595.37263352,1003595.37263352
2025-04-22T12:40:00.000+0000,1018722.6956857049,783288.560452377,985245.7795872395,1075938.3571910232,499654.96573085536,1003595.37263352,1003595.37263352
2025-04-22T12:50:00.000+0000,1018290.513638161,783288.560452377,989773.5355029479,1075618.1839147194,499654.96573085536,1003595.37263352,1003595.37263352
2025-04-22T13:00:00.000+0000,1017774.3529373289,783288.560452377,991120.5594573903,1074171.4199925275,499654.96573085536,1003595.37263352,1003595.37263352
2025-04-22T13:10:00.000+0000,1017064.0918311449,783288.560452377,995237.9318992039,1074462.8444562955,499654.96573085536,1003595.37263352,1003595.37263352
2025-04-22T13:20:00.000+0000,1017723.835473657,783288.560452377,994691.1449132334,1076521.5132226793,499654.96573085536,1003595.37263352,1003595.37263352
2025-04-22T13:30:00.000+0000,1017753.898803737,783288.560452377,993908.8685646685,1075888.7160257513,499654.96573085536,1003595.37263352,1003595.37263352
2025-04-22T13:40:00.000+0000,1016468.650605513,783288.560452377,998179.248199664,1069750.9540166713,499654.96573085536,1003595.37263352,1003595.37263352
2025-04-22T13:50:00.000+0000,1016413.7502409689,783288.560452377,997479.2423053784,1067549.9567342633,499654.96573085536,1003595.37263352,1003595.37263352
2025-04-22T14:00:00.000+0000,1016115.4865629529,783288.560452377,999006.8407819208,1068082.8208516634,499654.96573085536,1003595.37263352,1003595.37263352
2025-04-22T14:10:00.000+0000,1015761.7388377129,783288.560452377,1003798.0578692025,1067938.5507001912,499654.96573085536,1003595.37263352,1003595.37263352
2025-04-22T14:20:00.000+0000,1016064.380180793,783288.560452377,1002271.7641135793,1068264.6730134555,499654.96573085536,1003595.37263352,1003595.37263352
2025-04-22T14:30:00.000+0000,1015885.254336201,783288.560452377,1002827.9707044623,1067311.0598747674,499654.96573085536,1003595.37263352,1003595.37263352
2025-04-22T14:40:00.000+0000,1014690.7861258409,783288.560452377,1006309.8700874384,1063740.0322341672,499654.96573085536,1003595.37263352,1003595.37263352
2025-04-22T14:50:00.000+0000,1015101.523482873,783288.560452377,1008887.2387407544,1064689.4186469433,499654.96573085536,1003595.37263352,1003595.37263352
2025-04-22T15:00:00.000+0000,1013651.1602724169,783288.560452377,1015805.1330511782,1057309.4692334235,499654.96573085536,1003595.37263352,1003595.37263352
2025-04-22T15:10:00.000+0000,1013391.8583100729,783288.560452377,1021911.1094324426,1056832.0414014875,499654.96573085536,1003595.37263352,1003595.37263352
2025-04-22T15:20:00.000+0000,1014161.642389753,783288.560452377,1020655.1894080809,1058756.0752520394,499654.96573085536,1003595.37263352,1003595.37263352
2025-04-22T15:30:00.000+0000,1014785.500693521,783288.560452377,1015654.3842358177,1060686.0377558714,499654.96573085536,1003595.37263352,1003595.37263352
2025-04-22T15:40:00.000+0000,1016086.080836369,783288.560452377,1012501.2812739274,1063606.2064505115,499654.96573085536,1003595.37263352,1003595.37263352
2025-04-22T15:50:00.000+0000,1015722.9777014488,783288.560452377,1015858.1021230248,1062236.2579767595,499654.96573085536,1003595.37263352,1003595.37263352
2025-04-22T16:00:00.000+0000,1014816.349584649,783288.560452377,1020235.0971772135,1060053.727798839,499654.96573085536,1003595.37263352,1003595.37263352
2025-04-22T16:10:00.000+0000,1016030.4563415928,783288.560452377,1015270.668645916,1063470.2711158472,499654.96573085536,1003595.37263352,1003595.37263352
2025-04-22T16:20:00.000+0000,1017060.593831785,783288.560452377,1016938.0847260333,1064527.0558112075,499654.96573085536,1003595.37263352,1003595.37263352
2025-04-22T16:30:00.000+0000,1017214.826756657,783288.560452377,1017274.8617529063,1064215.9054707752,499654.96573085536,1003595.37263352,1003595.37263352
2025-04-22T16:40:00.000+0000,1017100.5261503529,783288.560452377,1015182.321331549,1065391.5823162633,499654.96573085536,1003595.37263352,1003595.37263352
2025-04-22T16:50:00.000+0000,1016930.642286257,783288.560452377,1014548.6694572293,1065433.6764439992,499654.96573085536,1003595.37263352,1003595.37263352
2025-04-22T17:00:00.000+0000,1016245.794822881,783288.560452377,1017358.0579443064,1065053.4623687912,499654.96573085536,1003595.37263352,1003595.37263352
2025-04-22T17:10:00.000+0000,1016696.3134294329,783288.560452377,1014094.7944665473,1065971.6958039033,499654.96573085536,1003595.37263352,1003595.37263352
2025-04-22T17:20:00.000+0000,1017551.9630117129,783288.560452377,1014582.3251558184,1065718.6967851673,499654.96573085536,1003595.37263352,1003595.37263352
2025-04-22T17:30:00.000+0000,1016874.0603780248,783288.560452377,1016270.5787809421,1064217.4531716234,499654.96573085536,1003595.37263352,1003595.37263352
2025-04-22T17:40:00.000+0000,1017005.6532594329,783288.560452377,1016911.0592676824,1064931.3432822793,499654.96573085536,1003595.37263352,1003595.37263352
2025-04-22T17:50:00.000+0000,1016941.9674488731,783288.560452377,1018264.0903988413,1064791.3582999273,499654.96573085536,1003595.37263352,1003595.37263352
2025-04-22T18:00:00.000+0000,1016667.621111665,783288.560452377,1020017.0323055603,1063250.0355353754,499654.96573085536,1003595.37263352,1003595.37263352
2025-04-22T18:10:00.000+0000,1017129.1508822329,783288.560452377,1019214.8937198315,1064021.5483809353,499654.96573085536,1003595.37263352,1003595.37263352
2025-04-22T18:20:00.000+0000,1016990.3629614649,783288.560452377,1018705.2132168605,1063695.0648069114,499654.96573085536,1003595.37263352,1003595.37263352
2025-04-22T18:30:00.000+0000,1016902.973119313,783288.560452377,1018814.1997754877,1063259.527765511,499654.96573085536,1003595.37263352,1003595.37263352
2025-04-22T18:40:00.000+0000,1016583.199572969,783288.560452377,1019326.3155118683,1062451.8588379754,499654.96573085536,1003595.37263352,1003595.37263352
2025-04-22T18:50:00.000+0000,1016759.915337169,783288.560452377,1020473.9118191428,1062658.6415293755,499654.96573085536,1003595.37263352,1003595.37263352
2025-04-22T19:00:00.000+0000,1016738.250892601,783288.560452377,1021279.1409677649,1063069.5381788712,499654.96573085536,1003595.37263352,1003595.37263352
2025-04-22T19:10:00.000+0000,1016784.5379732889,783288.560452377,1020888.7063433197,1062660.8741918155,499654.96573085536,1003595.37263352,1003595.37263352
2025-04-22T19:20:00.000+0000,1017115.3297180169,783288.560452377,1019394.0013051658,1064230.5143643033,499654.96573085536,1003595.37263352,1003595.37263352
2025-04-22T19:30:00.000+0000,1017264.3548424649,783288.560452377,1014054.860852811,1064629.2134896314,499654.96573085536,1003595.37263352,1003595.37263352
2025-04-22T19:40:00.000+0000,1017862.758885945,783288.560452377,1014378.4375585678,1065685.3001938313,499654.96573085536,1003595.37263352,1003595.37263352
2025-04-22T19:50:00.000+0000,1017522.4617116491,783288.560452377,1016601.2459572675,1065298.6056871193,499654.96573085536,1003595.37263352,1003595.37263352
2025-04-22T20:00:00.000+0000,1017627.429040553,783288.560452377,1017240.1186022081,1065278.3454283033,499654.96573085536,1003595.37263352,1003595.37263352
2025-04-22T20:10:00.000+0000,1017961.402567817,783288.560452377,1016036.5353215183,1065745.8524532393,499654.96573085536,1003595.37263352,1003595.37263352
2025-04-22T20:20:00.000+0000,1018192.260513593,783288.560452377,1015975.1292410175,1065318.4175849112,499654.96573085536,1003595.37263352,1003595.37263352
2025-04-22T20:30:00.000+0000,1017945.6077138169,783288.560452377,1017063.3569908384,1064997.8550902314,499654.96573085536,1003595.37263352,1003595.37263352
2025-04-22T20:40:00.000+0000,1017832.3940672489,783288.560452377,1017482.0981495169,1064812.1884824394,499654.96573085536,1003595.37263352,1003595.37263352
2025-04-22T20:50:00.000+0000,1018193.823682057,783288.560452377,1017303.6091293192,1065345.4202255034,499654.96573085536,1003595.37263352,1003595.37263352
2025-04-22T21:00:00.000+0000,1017988.0519412489,783288.560452377,1017057.0794064847,1065532.1538589913,499654.96573085536,1003595.37263352,1003595.37263352
2025-04-22T21:10:00.000+0000,1017479.8596106169,783288.560452377,1018622.9942023879,1063873.4891031913,499654.96573085536,1003595.37263352,1003595.37263352
2025-04-22T21:20:00.000+0000,1016043.7953318568,783288.560452377,1022433.8926890941,1061101.3153478072,499654.96573085536,1003595.37263352,1003595.37263352
2025-04-22T21:30:00.000+0000,1016022.1469344409,783288.560452377,1023082.5237510235,1062153.3939910233,499654.96573085536,1003595.37263352,1003595.37263352
2025-04-22T21:40:00.000+0000,1012840.051299121,783288.560452377,1025683.0984773376,1053986.7634462873,499654.96573085536,1003595.37263352,1003595.37263352
2025-04-22T21:50:00.000+0000,1012225.6449877049,783288.560452377,1040191.1738305632,1054650.1283194951,499654.96573085536,1003595.37263352,1003595.37263352
2025-04-22T22:00:00.000+0000,1012599.468019841,783288.560452377,1040233.1172712061,1053360.6593605832,499654.96573085536,1003595.37263352,1003595.37263352
2025-04-22T22:10:00.000+0000,1013041.482075481,783288.560452377,1038498.9419487049,1052900.1191277513,499654.96573085536,1003595.37263352,1003595.37263352
2025-04-22T22:20:00.000+0000,1012623.1955726009,783288.560452377,1042450.3462696351,1051394.5100593674,499654.96573085536,1003595.37263352,1003595.37263352
2025-04-22T22:30:00.000+0000,1013297.5677129449,783288.560452377,1037737.0188403571,1052748.4320046073,499654.96573085536,1003595.37263352,1003595.37263352
2025-04-22T22:40:00.000+0000,1013187.5445119769,783288.560452377,1037662.2610079792,1054271.0226368632,499654.96573085536,1003595.37263352,1003595.37263352
2025-04-22T22:50:00.000+0000,1011894.793820553,783288.560452377,1039776.8408156489,1052000.9038359434,499654.96573085536,1003595.37263352,1003595.37263352
2025-04-22T23:00:00.000+0000,1011621.0018295129,783288.560452377,1045144.4033538792,1050242.7228668556,499654.96573085536,1003595.37263352,1003595.37263352
2025-04-22T23:10:00.000+0000,1011603.4987731689,783288.560452377,1045072.5398585142,1048851.5160933596,499654.96573085536,1003595.37263352,1003595.37263352
2025-04-22T23:20:00.000+0000,1012169.240817169,783288.560452377,1043642.5131842394,1047927.4523562235,499654.96573085536,1003595.37263352,1003595.37263352
2025-04-22T23:30:00.000+0000,1012077.240766137,783288.560452377,1047550.538490636,1048097.1881888394,499654.96573085536,1003595.37263352,1003595.37263352
2025-04-22T23:40:00.000+0000,1012213.100940977,783288.560452377,1048316.2012760963,1049607.3169485754,499654.96573085536,1003595.37263352,1003595.37263352
2025-04-22T23:50:00.000+0000,1012105.6992611131,783288.560452377,1048031.051594304,1049428.4450106951,499654.96573085536,1003595.37263352,1003595.37263352
2025-04-23T00:00:00.000+0000,1011402.803128233,783288.560452377,1046669.440814719,1047002.9260594313,499654.96573085536,1003595.37263352,1003595.37263352
2025-04-23T00:10:00.000+0000,1011288.895906969,783288.560452377,1046816.2620707941,1044894.1600229514,499654.96573085536,1003595.37263352,1003595.37263352
2025-04-23T00:20:00.000+0000,1010181.2787401449,783288.560452377,1046619.9909138626,1043573.4782942473,499654.96573085536,1003595.37263352,1003595.37263352
2025-04-23T00:30:00.000+0000,1010495.7412786969,783288.560452377,1045053.7528844299,1043991.6607604233,499654.96573085536,1003595.37263352,1003595.37263352
2025-04-23T00:40:00.000+0000,1011205.7007763609,783288.560452377,1042295.8159064197,1046118.0755865673,499654.96573085536,1003595.37263352,1003595.37263352
2025-04-23T00:50:00.000+0000,1011753.4272943209,783288.560452377,1042316.6360930894,1044463.2192915592,499654.96573085536,1003595.37263352,1003595.37263352
2025-04-23T01:00:00.000+0000,1010797.8317228489,783288.560452377,1041875.7839777833,1040220.9291509113,499654.96573085536,1003595.37263352,1003595.37263352
2025-04-23T01:10:00.000+0000,1010642.3276057449,783288.560452377,1049457.8663410076,1039748.7228484073,499654.96573085536,1003595.37263352,1003595.37263352
2025-04-23T01:20:00.000+0000,1010234.633861873,783288.560452377,1047434.582083761,1038858.5644552794,499654.96573085536,1003595.37263352,1003595.37263352
2025-04-23T01:30:00.000+0000,1010476.6892725049,783288.560452377,1048321.833278618,1039843.8186708392,499654.96573085536,1003595.37263352,1003595.37263352
2025-04-23T01:40:00.000+0000,1011406.787048545,783288.560452377,1046397.4566659336,1039834.0825559673,499654.96573085536,1003595.37263352,1003595.37263352
2025-04-23T01:50:00.000+0000,1011818.0241954249,783288.560452377,1042807.5243097977,1041616.4704540073,499654.96573085536,1003595.37263352,1003595.37263352
2025-04-23T02:00:00.000+0000,1012174.054503137,783288.560452377,1043056.7345082103,1038735.9088083592,499654.96573085536,1003595.37263352,1003595.37263352
2025-04-23T02:10:00.000+0000,1011586.0762523449,783288.560452377,1045579.1344041298,1036405.4806835273,499654.96573085536,1003595.37263352,1003595.37263352
2025-04-23T02:20:00.000+0000,1010599.582559161,783288.560452377,1050419.176388226,1032563.2131785515,499654.96573085536,1003595.37263352,1003595.37263352
2025-04-23T02:30:00.000+0000,1010661.013175321,783288.560452377,1050616.3422323382,1033559.3355925913,499654.96573085536,1003595.37263352,1003595.37263352
2025-04-23T02:40:00.000+0000,1009440.0154155929,783288.560452377,1052402.7782476698,1028094.2302473353,499654.96573085536,1003595.37263352,1003595.37263352
2025-04-23T02:50:00.000+0000,1009184.429977649,783288.560452377,1051811.4954441367,1028149.6644544633,499654.96573085536,1003595.37263352,1003595.37263352
2025-04-23T03:00:00.000+0000,1009519.285738561,783288.560452377,1049815.8779523277,1028458.0134377753,499654.96573085536,1003595.37263352,1003595.37263352
2025-04-23T03:10:00.000+0000,1008640.0624003849,783288.560452377,1048608.3389510717,1029313.4946648474,499654.96573085536,1003595.37263352,1003595.37263352
2025-04-23T03:20:00.000+0000,1007079.891866121,783288.560452377,1049780.0520800706,1027234.0944069352,499654.96573085536,1003595.37263352,1003595.37263352
2025-04-23T03:30:00.000+0000,1006644.2625086328,783288.560452377,1050349.4112725733,1026815.0049069674,499654.96573085536,1003595.37263352,1003595.37263352
2025-04-23T03:40:00.000+0000,1006453.655216553,783288.560452377,1053210.0674019312,1022997.8050318314,499654.96573085536,1003595.37263352,1003595.37263352
2025-04-23T03:50:00.000+0000,1006215.693298505,783288.560452377,1053923.243586967,1022649.2169655594,499654.96573085536,1003595.37263352,1003595.37263352
2025-04-23T04:00:00.000+0000,1006073.094748681,783288.560452377,1054270.108667546,1023946.3659655193,499654.96573085536,1003595.37263352,1003595.37263352
2025-04-23T04:10:00.000+0000,1005604.033398201,783288.560452377,1052467.617387733,1023577.5311196394,499654.96573085536,1003595.37263352,1003595.37263352
2025-04-23T04:20:00.000+0000,1007290.3028325769,783288.560452377,1051035.7676241384,1027069.3443525033,499654.96573085536,1003595.37263352,1003595.37263352
2025-04-23T04:30:00.000+0000,1007262.621665241,783288.560452377,1052283.826886958,1025814.0488929034,499654.96573085536,1003595.37263352,1003595.37263352
2025-04-23T04:40:00.000+0000,1006369.3105063449,783288.560452377,1055829.3154376314,1020506.8813862154,499654.96573085536,1003595.37263352,1003595.37263352
2025-04-23T04:50:00.000+0000,1005356.997585081,783288.560452377,1060360.0351500832,1019135.0029476715,499654.96573085536,1003595.37263352,1003595.37263352
2025-04-23T05:00:00.000+0000,1005925.993933553,783288.560452377,1060752.794321193,1020788.0659484633,499654.96573085536,1003595.37263352,1003595.37263352
2025-04-23T05:10:00.000+0000,1006360.5733916329,783288.560452377,1059406.1501286237,1022590.4135259753,499654.96573085536,1003595.37263352,1003595.37263352
2025-04-23T05:20:00.000+0000,1006937.894245169,783288.560452377,1060456.9068813242,1024105.5683316553,499654.96573085536,1003595.37263352,1003595.37263352
2025-04-23T05:30:00.000+0000,1006801.649937881,783288.560452377,1060765.3859591708,1024826.8134535912,499654.96573085536,1003595.37263352,1003595.37263352
2025-04-23T05:40:00.000+0000,1006951.6931272249,783288.560452377,1062026.7819854731,1025010.0760661194,499654.96573085536,1003595.37263352,1003595.37263352
2025-04-23T05:50:00.000+0000,1007494.5192486411,783288.560452377,1060303.6946534142,1026470.2136108475,499654.96573085536,1003595.37263352,1003595.37263352
2025-04-23T06:00:00.000+0000,1007320.737175609,783288.560452377,1059055.523353481,1026167.0774239594,499654.96573085536,1003595.37263352,1003595.37263352
2025-04-23T06:10:00.000+0000,1006649.046128673,783288.560452377,1062401.8600125187,1023562.5728458393,499654.96573085536,1003595.37263352,1003595.37263352
2025-04-23T06:20:00.000+0000,1006188.571473337,783288.560452377,1062242.4468591074,1023051.2624316711,499654.96573085536,1003595.37263352,1003595.37263352
2025-04-23T06:30:00.000+0000,1006542.236215017,783288.560452377,1062140.1608321005,1025492.8696620073,499654.96573085536,1003595.37263352,1003595.37263352
2025-04-23T06:40:00.000+0000,1006385.958227505,783288.560452377,1061377.041561136,1026511.5767838153,499654.96573085536,1003595.37263352,1003595.37263352
2025-04-23T06:50:00.000+0000,1006404.264750561,783288.560452377,1059585.2668357403,1026792.3669917994,499654.96573085536,1003595.37263352,1003595.37263352
2025-04-23T07:00:00.000+0000,1006422.072053313,783288.560452377,1057196.0692201168,1026255.9245193753,499654.96573085536,1003595.37263352,1003595.37263352
2025-04-23T07:10:00.000+0000,1007143.585910089,783288.560452377,1056799.465551762,1028993.5369659433,499654.96573085536,1003595.37263352,1003595.37263352
2025-04-23T07:20:00.000+0000,1007113.9076217288,783288.560452377,1057251.3215401783,1029198.1543409835,499654.96573085536,1003595.37263352,1003595.37263352
2025-04-23T07:30:00.000+0000,1006933.776362113,783288.560452377,1059255.287353489,1029795.3070363434,499654.96573085536,1003595.37263352,1003595.37263352
2025-04-23T07:40:00.000+0000,1006970.0729316089,783288.560452377,1059148.0450611692,1030731.3919588313,499654.96573085536,1003595.37263352,1003595.37263352
2025-04-23T07:50:00.000+0000,1005985.6855420329,783288.560452377,1060217.4504586444,1028844.2712840954,499654.96573085536,1003595.37263352,1003595.37263352
2025-04-23T08:00:00.000+0000,1006349.2369880169,783288.560452377,1061814.5816864816,1029134.6817497114,499654.96573085536,1003595.37263352,1003595.37263352
2025-04-23T08:10:00.000+0000,1005688.241407857,783288.560452377,1063371.6123805693,1028263.0513523194,499654.96573085536,1003595.37263352,1003595.37263352
2025-04-23T08:20:00.000+0000,1005641.844155377,783288.560452377,1065750.0827102666,1027699.8735153113,499654.96573085536,1003595.37263352,1003595.37263352
2025-04-23T08:30:00.000+0000,1006269.6716912169,783288.560452377,1064489.1179392212,1028557.5471370635,499654.96573085536,1003595.37263352,1003595.37263352
2025-04-23T08:40:00.000+0000,1005164.044251337,783288.560452377,1065300.3531914086,1025428.2698232553,499654.96573085536,1003595.37263352,1003595.37263352
2025-04-23T08:50:00.000+0000,1005356.022475793,783288.560452377,1066209.7407855797,1024249.3416808872,499654.96573085536,1003595.37263352,1003595.37263352
2025-04-23T09:00:00.000+0000,1005128.1161568251,783288.560452377,1067122.3869715256,1022610.0334974312,499654.96573085536,1003595.37263352,1003595.37263352
2025-04-23T09:10:00.000+0000,1004702.4039492649,783288.560452377,1068483.9650557267,1020641.9357262395,499654.96573085536,1003595.37263352,1003595.37263352
2025-04-23T09:20:00.000+0000,1004954.155057129,783288.560452377,1067271.035609524,1022054.4035972393,499654.96573085536,1003595.37263352,1003595.37263352
2025-04-23T09:30:00.000+0000,1005086.6773644009,783288.560452377,1066265.4924524017,1022514.8729068552,499654.96573085536,1003595.37263352,1003595.37263352
2025-04-23T09:40:00.000+0000,1005235.924930753,783288.560452377,1066090.8385304497,1021956.5846550473,499654.96573085536,1003595.37263352,1003595.37263352
2025-04-23T09:50:00.000+0000,1005247.1742640809,783288.560452377,1062663.3257197107,1022176.2246323834,499654.96573085536,1003595.37263352,1003595.37263352
2025-04-23T10:00:00.000+0000,1005999.288381049,783288.560452377,1058523.4606545938,1024963.9699405513,499654.96573085536,1003595.37263352,1003595.37263352
2025-04-23T10:10:00.000+0000,1006859.650879977,783288.560452377,1059705.8016508573,1027525.3827197114,499654.96573085536,1003595.37263352,1003595.37263352
2025-04-23T10:20:00.000+0000,1006802.983480193,783288.560452377,1061552.6123935021,1023984.9944579834,499654.96573085536,1003595.37263352,1003595.37263352
2025-04-23T10:30:00.000+0000,1006937.429906937,783288.560452377,1063288.4789506362,1023542.3912340553,499654.96573085536,1003595.37263352,1003595.37263352
2025-04-23T10:40:00.000+0000,1006926.4500678409,783288.560452377,1063585.0822815772,1024213.8338998554,499654.96573085536,1003595.37263352,1003595.37263352
2025-04-23T10:50:00.000+0000,1006494.7825683289,783288.560452377,1065565.5359230563,1022847.1317969274,499654.96573085536,1003595.37263352,1003595.37263352
2025-04-23T11:00:00.000+0000,1006085.564984505,783288.560452377,1066132.6351637288,1021012.2003074152,499654.96573085536,1003595.37263352,1003595.37263352
2025-04-23T11:10:00.000+0000,1005792.6676000169,783288.560452377,1067141.9973754103,1021621.0255472634,499654.96573085536,1003595.37263352,1003595.37263352
2025-04-23T11:20:00.000+0000,1005826.299782729,783288.560452377,1066492.2859440055,1020717.3922626793,499654.96573085536,1003595.37263352,1003595.37263352
2025-04-23T11:30:00.000+0000,1006117.952683601,783288.560452377,1065928.7733756755,1018666.4593826314,499654.96573085536,1003595.37263352,1003595.37263352
2025-04-23T11:40:00.000+0000,1005420.606157481,783288.560452377,1064031.7702895473,1017745.6853815995,499654.96573085536,1003595.37263352,1003595.37263352
2025-04-23T11:50:00.000+0000,1005361.474540649,783288.560452377,1062203.7663385605,1021140.9976370553,499654.96573085536,1003595.37263352,1003595.37263352
2025-04-23T12:00:00.000+0000,1005137.050803385,783288.560452377,1063667.587541592,1016247.1503894232,499654.96573085536,1003595.37263352,1003595.37263352
2025-04-23T12:10:00.000+0000,1004547.8820257769,783288.560452377,1067089.5750926035,1008898.2953804634,499654.96573085536,1003595.37263352,1003595.37263352
2025-04-23T12:20:00.000+0000,1004528.182198257,783288.560452377,1066231.8721856498,1010145.0607196233,499654.96573085536,1003595.37263352,1003595.37263352
2025-04-23T12:30:00.000+0000,1004386.9115252809,783288.560452377,1067131.936391976,1015300.9849278233,499654.96573085536,1003595.37263352,1003595.37263352
2025-04-23T12:40:00.000+0000,1004649.7134454169,783288.560452377,1066563.7291571223,1015929.1573575273,499654.96573085536,1003595.37263352,1003595.37263352
2025-04-23T12:50:00.000+0000,1004557.116222505,783288.560452377,1068081.406016973,1013658.7454213034,499654.96573085536,1003595.37263352,1003595.37263352
2025-04-23T13:00:00.000+0000,1004179.8311722009,783288.560452377,1067364.1266959966,1010446.1548314792,499654.96573085536,1003595.37263352,1003595.37263352
2025-04-23T13:10:00.000+0000,1003530.466210097,783288.560452377,1070356.8473583206,1008682.6289517434,499654.96573085536,1003595.37263352,1003595.37263352
2025-04-23T13:20:00.000+0000,1003564.4982226889,783288.560452377,1070383.6087407866,1010527.7583364074,499654.96573085536,1003595.37263352,1003595.37263352
2025-04-23T13:30:00.000+0000,1002925.437400673,783288.560452377,1063301.8202482215,1009384.7708884635,499654.96573085536,1003595.37263352,1003595.37263352
2025-04-23T13:40:00.000+0000,1004682.8764237929,783288.560452377,1062351.3230260648,1011454.4192841114,499654.96573085536,1003595.37263352,1003595.37263352
2025-04-23T13:50:00.000+0000,1004698.584787041,783288.560452377,1054901.9449824607,1014161.6320598873,499654.96573085536,1003595.37263352,1003595.37263352
2025-04-23T14:00:00.000+0000,1005829.5386895289,783288.560452377,1057090.8714620427,1015269.1223283114,499654.96573085536,1003595.37263352,1003595.37263352
2025-04-23T14:10:00.000+0000,1006092.6510810889,783288.560452377,1052514.6640082058,1016264.9838911993,499654.96573085536,1003595.37263352,1003595.37263352
2025-04-23T14:20:00.000+0000,1006630.478594593,783288.560452377,1053587.9369578115,1014547.8043746873,499654.96573085536,1003595.37263352,1003595.37263352
2025-04-23T14:30:00.000+0000,1007567.4447215529,783288.560452377,1057451.3148101028,1014521.6629845432,499654.96573085536,1003595.37263352,1003595.37263352
2025-04-23T14:40:00.000+0000,1006559.4668494731,783288.560452377,1058790.2861054442,1015581.4648542313,499654.96573085536,1003595.37263352,1003595.37263352
2025-04-23T14:50:00.000+0000,1007469.0983416489,783288.560452377,1057371.7545666916,1017711.5685369275,499654.96573085536,1003595.37263352,1003595.37263352
2025-04-23T15:00:00.000+0000,1008065.8679637129,783288.560452377,1055454.484280339,1018735.1356576233,499654.96573085536,1003595.37263352,1003595.37263352
2025-04-23T15:10:00.000+0000,1008387.5252518569,783288.560452377,1047990.6183293961,1019360.1830093914,499654.96573085536,1003595.37263352,1003595.37263352
2025-04-23T15:20:00.000+0000,1010096.338826481,783288.560452377,1043779.4343937933,1026696.2474190234,499654.96573085536,1003595.37263352,1003595.37263352
2025-04-23T15:30:00.000+0000,1008808.223763585,783288.560452377,1047328.4037235249,1021922.5578283033,499654.96573085536,1003595.37263352,1003595.37263352
2025-04-23T15:40:00.000+0000,1008950.096364633,783288.560452377,1053672.2854197957,1022233.9710682473,499654.96573085536,1003595.37263352,1003595.37263352
2025-04-23T15:50:00.000+0000,1008629.8338797529,783288.560452377,1054931.802052075,1020021.6569765355,499654.96573085536,1003595.37263352,1003595.37263352
2025-04-23T16:00:00.000+0000,1008160.9024452571,783288.560452377,1058183.1224694995,1018058.7803350955,499654.96573085536,1003595.37263352,1003595.37263352
2025-04-23T16:10:00.000+0000,1008475.0704995849,783288.560452377,1057004.998792592,1018972.2760034553,499654.96573085536,1003595.37263352,1003595.37263352
2025-04-23T16:20:00.000+0000,1009149.6953675849,783288.560452377,1053591.8864988307,1023637.6486970714,499654.96573085536,1003595.37263352,1003595.37263352
2025-04-23T16:30:00.000+0000,1007360.693005353,783288.560452377,1059020.144556526,1019816.6137424554,499654.96573085536,1003595.37263352,1003595.37263352
2025-04-23T16:40:00.000+0000,1007819.6396840491,783288.560452377,1061616.0972419237,1020114.3273908473,499654.96573085536,1003595.37263352,1003595.37263352
2025-04-23T16:50:00.000+0000,1007854.6158507129,783288.560452377,1061428.471088469,1016533.3296627033,499654.96573085536,1003595.37263352,1003595.37263352
2025-04-23T17:00:00.000+0000,1007304.8530830569,783288.560452377,1062332.023049334,1014097.9366669992,499654.96573085536,1003595.37263352,1003595.37263352
2025-04-23T17:10:00.000+0000,1007281.352628473,783288.560452377,1064630.5796123669,1015457.8162323275,499654.96573085536,1003595.37263352,1003595.37263352
2025-04-23T17:20:00.000+0000,1007334.9774842409,783288.560452377,1062185.4818771128,1017576.9678436952,499654.96573085536,1003595.37263352,1003595.37263352
2025-04-23T17:30:00.000+0000,1007306.6946885929,783288.560452377,1061169.1666746626,1018720.6799614393,499654.96573085536,1003595.37263352,1003595.37263352
2025-04-23T17:40:00.000+0000,1007706.7188730249,783288.560452377,1060923.832059153,1020790.8647875994,499654.96573085536,1003595.37263352,1003595.37263352
2025-04-23T17:50:00.000+0000,1007383.253622409,783288.560452377,1061005.247532834,1020043.8809431274,499654.96573085536,1003595.37263352,1003595.37263352
2025-04-23T18:00:00.000+0000,1007190.1067236409,783288.560452377,1064030.1717574534,1019193.0928385514,499654.96573085536,1003595.37263352,1003595.37263352
2025-04-23T18:10:00.000+0000,1006424.3506190011,783288.560452377,1067313.3457284481,1019191.6137327834,499654.96573085536,1003595.37263352,1003595.37263352
2025-04-23T18:20:00.000+0000,1006502.0347319529,783288.560452377,1065466.9783050779,1020141.4756348634,499654.96573085536,1003595.37263352,1003595.37263352
2025-04-23T18:30:00.000+0000,1006925.422100873,783288.560452377,1063732.224848521,1022266.4479659273,499654.96573085536,1003595.37263352,1003595.37263352
2025-04-23T18:40:00.000+0000,1007770.7027549369,783288.560452377,1061298.0505893563,1024137.6273938714,499654.96573085536,1003595.37263352,1003595.37263352
2025-04-23T18:50:00.000+0000,1008432.469707505,783288.560452377,1061060.0530726688,1025969.0935079033,499654.96573085536,1003595.37263352,1003595.37263352
2025-04-23T19:00:00.000+0000,1008569.2097878569,783288.560452377,1057990.7351498846,1026120.4553215033,499654.96573085536,1003595.37263352,1003595.37263352
2025-04-23T19:10:00.000+0000,1009312.534981593,783288.560452377,1054119.2402851572,1029973.9397357672,499654.96573085536,1003595.37263352,1003595.37263352
2025-04-23T19:20:00.000+0000,1009941.5704802888,783288.560452377,1050530.095649767,1032621.2430974473,499654.96573085536,1003595.37263352,1003595.37263352
2025-04-23T19:30:00.000+0000,1010161.3278936009,783288.560452377,1051700.3033157217,1036859.6107785753,499654.96573085536,1003595.37263352,1003595.37263352
2025-04-23T19:40:00.000+0000,1009971.5991281369,783288.560452377,1055476.3986802925,1035716.6167259192,499654.96573085536,1003595.37263352,1003595.37263352
2025-04-23T19:50:00.000+0000,1010016.115166793,783288.560452377,1053881.5171914937,1036607.9930938873,499654.96573085536,1003595.37263352,1003595.37263352
2025-04-23T20:00:00.000+0000,1009912.3884945691,783288.560452377,1056989.2567724886,1035997.5798454634,499654.96573085536,1003595.37263352,1003595.37263352
2025-04-23T20:10:00.000+0000,1009273.188803737,783288.560452377,1057881.7019270535,1031249.8527481195,499654.96573085536,1003595.37263352,1003595.37263352
2025-04-23T20:20:00.000+0000,1009078.9159964169,783288.560452377,1061023.2706191328,1029219.5682961033,499654.96573085536,1003595.37263352,1003595.37263352
2025-04-23T20:30:00.000+0000,1008872.3429171928,783288.560452377,1062016.2955955353,1028997.2104248233,499654.96573085536,1003595.37263352,1003595.37263352
2025-04-23T20:40:00.000+0000,1009106.729767585,783288.560452377,1060597.7061959293,1029330.7563644313,499654.96573085536,1003595.37263352,1003595.37263352
2025-04-23T20:50:00.000+0000,1009018.9980791289,783288.560452377,1060552.0694115846,1028928.2998873914,499654.96573085536,1003595.37263352,1003595.37263352
2025-04-23T21:00:00.000+0000,1008853.956438153,783288.560452377,1061680.8760976153,1027555.3367572953,499654.96573085536,1003595.37263352,1003595.37263352
2025-04-23T21:10:00.000+0000,1008908.0028264249,783288.560452377,1062219.8036009767,1027719.4510307594,499654.96573085536,1003595.37263352,1003595.37263352
2025-04-23T21:20:00.000+0000,1008717.482994321,783288.560452377,1061456.3846879425,1027386.8001445354,499654.96573085536,1003595.37263352,1003595.37263352
2025-04-23T21:30:00.000+0000,1008701.710222641,783288.560452377,1061157.2729435507,1028338.5122552635,499654.96573085536,1003595.37263352,1003595.37263352
2025-04-23T21:40:00.000+0000,1009164.643289673,783288.560452377,1058766.1702675768,1030331.6484796553,499654.96573085536,1003595.37263352,1003595.37263352
2025-04-23T21:50:00.000+0000,1008798.065007097,783288.560452377,1058324.1195839937,1029201.0149106954,499654.96573085536,1003595.37263352,1003595.37263352
2025-04-23T22:00:00.000+0000,1008522.2878054971,783288.560452377,1058546.663543857,1029037.6212902474,499654.96573085536,1003595.37263352,1003595.37263352
2025-04-23T22:10:00.000+0000,1008441.4341701929,783288.560452377,1058314.9588949936,1029427.4326215035,499654.96573085536,1003595.37263352,1003595.37263352
2025-04-23T22:20:00.000+0000,1008466.340079513,783288.560452377,1060054.817346889,1030089.3119840713,499654.96573085536,1003595.37263352,1003595.37263352
2025-04-23T22:30:00.000+0000,1007911.5539837369,783288.560452377,1061483.8105395332,1027996.8893523993,499654.96573085536,1003595.37263352,1003595.37263352
2025-04-23T22:40:00.000+0000,1007716.115529681,783288.560452377,1063055.0785151783,1028206.8237803915,499654.96573085536,1003595.37263352,1003595.37263352
2025-04-23T22:50:00.000+0000,1007651.4385826649,783288.560452377,1063717.584732346,1025741.5495388232,499654.96573085536,1003595.37263352,1003595.37263352
2025-04-23T23:00:00.000+0000,1007762.638691353,783288.560452377,1063978.8947518908,1026280.9262120073,499654.96573085536,1003595.37263352,1003595.37263352
2025-04-23T23:10:00.000+0000,1007828.0928161289,783288.560452377,1063893.2276537437,1025989.8434946233,499654.96573085536,1003595.37263352,1003595.37263352
2025-04-23T23:20:00.000+0000,1007523.6114662329,783288.560452377,1063564.5724684855,1026268.9818751274,499654.96573085536,1003595.37263352,1003595.37263352
2025-04-23T23:30:00.000+0000,1007766.0073442729,783288.560452377,1062712.6963502727,1027266.9573055673,499654.96573085536,1003595.37263352,1003595.37263352
2025-04-23T23:40:00.000+0000,1007982.546584185,783288.560452377,1060470.3374026376,1027233.6787197514,499654.96573085536,1003595.37263352,1003595.37263352
2025-04-23T23:50:00.000+0000,1008436.6196948569,783288.560452377,1060015.0826419105,1027604.0855570313,499654.96573085536,1003595.37263352,1003595.37263352
2025-04-24T00:00:00.000+0000,1008069.2772041368,783288.560452377,1060746.7142416523,1025246.5210087195,499654.96573085536,1003595.37263352,1003595.37263352
2025-04-24T00:10:00.000+0000,1008029.8061762409,783288.560452377,1059562.4459260877,1025443.3061745435,499654.96573085536,1003595.37263352,1003595.37263352
2025-04-24T00:20:00.000+0000,1008273.924385313,783288.560452377,1056736.1332251106,1026429.5626776313,499654.96573085536,1003595.37263352,1003595.37263352
2025-04-24T00:30:00.000+0000,1008839.297254889,783288.560452377,1056107.883600397,1028921.5364224954,499654.96573085536,1003595.37263352,1003595.37263352
2025-04-24T00:40:00.000+0000,1008034.7810231771,783288.560452377,1057822.1519084736,1028225.2560527674,499654.96573085536,1003595.37263352,1003595.37263352
2025-04-24T00:50:00.000+0000,1008668.537791833,783288.560452377,1057387.5825017758,1029543.2828371273,499654.96573085536,1003595.37263352,1003595.37263352
2025-04-24T01:00:00.000+0000,1008675.597269729,783288.560452377,1057393.1720969798,1029383.5467782874,499654.96573085536,1003595.37263352,1003595.37263352
2025-04-24T01:10:00.000+0000,1009286.474716497,783288.560452377,1053306.8273554172,1030069.0064714873,499654.96573085536,1003595.37263352,1003595.37263352
2025-04-24T01:20:00.000+0000,1010005.751164633,783288.560452377,1053077.1124922466,1032738.9787135434,499654.96573085536,1003595.37263352,1003595.37263352
2025-04-24T01:30:00.000+0000,1009354.568607769,783288.560452377,1055929.9584682179,1030319.1345388235,499654.96573085536,1003595.37263352,1003595.37263352
2025-04-24T01:40:00.000+0000,1009369.4335762729,783288.560452377,1055823.8456330965,1029829.5242106874,499654.96573085536,1003595.37263352,1003595.37263352
2025-04-24T01:50:00.000+0000,1008909.257162153,783288.560452377,1057271.516150513,1029555.7771936394,499654.96573085536,1003595.37263352,1003595.37263352
2025-04-24T02:00:00.000+0000,1008602.2161416329,783288.560452377,1057455.8410812337,1030805.4028627034,499654.96573085536,1003595.37263352,1003595.37263352
2025-04-24T02:10:00.000+0000,1008404.870964177,783288.560452377,1058716.5504151776,1029842.5403094715,499654.96573085536,1003595.37263352,1003595.37263352
2025-04-24T02:20:00.000+0000,1008508.547326681,783288.560452377,1059009.9640239223,1030991.5360569274,499654.96573085536,1003595.37263352,1003595.37263352
2025-04-24T02:30:00.000+0000,1008525.119548289,783288.560452377,1057456.9932982412,1031306.5397322234,499654.96573085536,1003595.37263352,1003595.37263352
2025-04-24T02:40:00.000+0000,1009139.751539017,783288.560452377,1051375.7705474026,1033882.4743645992,499654.96573085536,1003595.37263352,1003595.37263352
2025-04-24T02:50:00.000+0000,1010209.4598771849,783288.560452377,1051034.0924867685,1037460.1975145033,499654.96573085536,1003595.37263352,1003595.37263352
2025-04-24T03:00:00.000+0000,1009132.740072681,783288.560452377,1050421.027325892,1036902.3483311593,499654.96573085536,1003595.37263352,1003595.37263352
2025-04-24T03:10:00.000+0000,1009264.656145329,783288.560452377,1052385.814067829,1036752.5845281273,499654.96573085536,1003595.37263352,1003595.37263352
2025-04-24T03:20:00.000+0000,1009301.9596586251,783288.560452377,1053622.369332703,1036396.9399415914,499654.96573085536,1003595.37263352,1003595.37263352
2025-04-24T03:30:00.000+0000,1009491.7783620809,783288.560452377,1049727.0267392383,1037190.4155828474,499654.96573085536,1003595.37263352,1003595.37263352
2025-04-24T03:40:00.000+0000,1010969.229734657,783288.560452377,1047567.0082243299,1040052.4572563353,499654.96573085536,1003595.37263352,1003595.37263352
2025-04-24T03:50:00.000+0000,1011182.930597089,783288.560452377,1044450.0618445652,1041386.3544442075,499654.96573085536,1003595.37263352,1003595.37263352
2025-04-24T04:00:00.000+0000,1011571.669057329,783288.560452377,1043820.9907484297,1042092.2450495913,499654.96573085536,1003595.37263352,1003595.37263352
2025-04-24T04:10:00.000+0000,1011239.829291689,783288.560452377,1042041.1226140979,1040659.1202873354,499654.96573085536,1003595.37263352,1003595.37263352
2025-04-24T04:20:00.000+0000,1010894.377754185,783288.560452377,1045280.4246984215,1039589.1458022553,499654.96573085536,1003595.37263352,1003595.37263352
2025-04-24T04:30:00.000+0000,1011280.609651281,783288.560452377,1043417.2376040672,1041327.3954491674,499654.96573085536,1003595.37263352,1003595.37263352
2025-04-24T04:40:00.000+0000,1011254.1983272571,783288.560452377,1043555.7330390915,1041206.2010323274,499654.96573085536,1003595.37263352,1003595.37263352
2025-04-24T04:50:00.000+0000,1010988.530561633,783288.560452377,1045582.5779537014,1040624.1983772314,499654.96573085536,1003595.37263352,1003595.37263352
2025-04-24T05:00:00.000+0000,1010353.7872728249,783288.560452377,1048315.1946946725,1038901.1649575913,499654.96573085536,1003595.37263352,1003595.37263352
2025-04-24T05:10:00.000+0000,1010296.314667721,783288.560452377,1047432.8654600184,1037702.1890262952,499654.96573085536,1003595.37263352,1003595.37263352
2025-04-24T05:20:00.000+0000,1010712.786733313,783288.560452377,1044183.103832388,1039291.6074834873,499654.96573085536,1003595.37263352,1003595.37263352
2025-04-24T05:30:00.000+0000,1010710.453111705,783288.560452377,1045664.1837330742,1038341.9611787914,499654.96573085536,1003595.37263352,1003595.37263352
2025-04-24T05:40:00.000+0000,1010530.4245498651,783288.560452377,1046743.0880771913,1037510.8608413914,499654.96573085536,1003595.37263352,1003595.37263352
2025-04-24T05:50:00.000+0000,1010562.605674353,783288.560452377,1045472.5043094766,1036929.7247225114,499654.96573085536,1003595.37263352,1003595.37263352
2025-04-24T06:00:00.000+0000,1010850.9112552248,783288.560452377,1046054.338291524,1036066.2690501033,499654.96573085536,1003595.37263352,1003595.37263352
2025-04-24T06:10:00.000+0000,1011312.320032665,783288.560452377,1043372.2883258734,1037240.2818079273,499654.96573085536,1003595.37263352,1003595.37263352
2025-04-24T06:20:00.000+0000,1010930.297555337,783288.560452377,1044625.3654887466,1036980.9095218874,499654.96573085536,1003595.37263352,1003595.37263352
2025-04-24T06:30:00.000+0000,1010920.061390825,783288.560452377,1046891.2055046966,1037367.3033093674,499654.96573085536,1003595.37263352,1003595.37263352
2025-04-24T06:40:00.000+0000,1011433.3363820729,783288.560452377,1046042.9827821035,1038673.3343180312,499654.96573085536,1003595.37263352,1003595.37263352
2025-04-24T06:50:00.000+0000,1011550.834618225,783288.560452377,1043810.2736752958,1040275.2601313272,499654.96573085536,1003595.37263352,1003595.37263352
2025-04-24T07:00:00.000+0000,1011631.226213457,783288.560452377,1043773.4475533674,1040712.9237900713,499654.96573085536,1003595.37263352,1003595.37263352
2025-04-24T07:10:00.000+0000,1011189.9889159129,783288.560452377,1046146.0830456929,1038798.4858866154,499654.96573085536,1003595.37263352,1003595.37263352
2025-04-24T07:20:00.000+0000,1012027.7581938889,783288.560452377,1041677.9026091096,1041162.4618217114,499654.96573085536,1003595.37263352,1003595.37263352
2025-04-24T07:30:00.000+0000,1012051.385726729,783288.560452377,1040647.5018152208,1041174.3314084392,499654.96573085536,1003595.37263352,1003595.37263352
2025-04-24T07:40:00.000+0000,1013020.211625465,783288.560452377,1038891.4982849646,1043496.1167730154,499654.96573085536,1003595.37263352,1003595.37263352
2025-04-24T07:50:00.000+0000,1013341.974339201,783288.560452377,1038239.887659822,1043333.6891091834,499654.96573085536,1003595.37263352,1003595.37263352
2025-04-24T08:00:00.000+0000,1012401.804667129,783288.560452377,1037832.5441049476,1040786.9905692072,499654.96573085536,1003595.37263352,1003595.37263352
2025-04-24T08:10:00.000+0000,1012714.375360369,783288.560452377,1035994.8101754703,1041075.1765258552,499654.96573085536,1003595.37263352,1003595.37263352
2025-04-24T08:20:00.000+0000,1012893.7725976729,783288.560452377,1032833.5647048815,1041333.1161389513,499654.96573085536,1003595.37263352,1003595.37263352
2025-04-24T08:30:00.000+0000,1013780.4612488169,783288.560452377,1029960.5575920345,1041059.5661741352,499654.96573085536,1003595.37263352,1003595.37263352
2025-04-24T08:40:00.000+0000,1014391.9399941609,783288.560452377,1028643.2006430137,1040984.2681807594,499654.96573085536,1003595.37263352,1003595.37263352
2025-04-24T08:50:00.000+0000,1014366.1615334409,783288.560452377,1030078.5858627849,1037045.3301041592,499654.96573085536,1003595.37263352,1003595.37263352
2025-04-24T09:00:00.000+0000,1013865.6793197768,783288.560452377,1032950.9641619856,1033576.5407874155,499654.96573085536,1003595.37263352,1003595.37263352
2025-04-24T09:10:00.000+0000,1013506.689601489,783288.560452377,1035089.8009540566,1030588.0705577512,499654.96573085536,1003595.37263352,1003595.37263352
2025-04-24T09:20:00.000+0000,1013228.7385603529,783288.560452377,1036689.7959876831,1030319.9665626712,499654.96573085536,1003595.37263352,1003595.37263352
2025-04-24T09:30:00.000+0000,1013521.291290785,783288.560452377,1035530.1145883128,1034029.8757191034,499654.96573085536,1003595.37263352,1003595.37263352
2025-04-24T09:40:00.000+0000,1013523.2298387049,783288.560452377,1035580.2321598874,1033437.4265379193,499654.96573085536,1003595.37263352,1003595.37263352
2025-04-24T09:50:00.000+0000,1013338.235592593,783288.560452377,1034778.6076142382,1034161.9544615113,499654.96573085536,1003595.37263352,1003595.37263352
2025-04-24T10:00:00.000+0000,1013420.526307313,783288.560452377,1036405.7733038532,1036202.7377077674,499654.96573085536,1003595.37263352,1003595.37263352
2025-04-24T10:10:00.000+0000,1013213.8575147209,783288.560452377,1036515.8260573535,1036358.9439926875,499654.96573085536,1003595.37263352,1003595.37263352
2025-04-24T10:20:00.000+0000,1012930.7220644329,783288.560452377,1038477.888083027,1034057.3378118394,499654.96573085536,1003595.37263352,1003595.37263352
2025-04-24T10:30:00.000+0000,1013027.2802760169,783288.560452377,1036984.813422841,1032384.9860643994,499654.96573085536,1003595.37263352,1003595.37263352
2025-04-24T10:40:00.000+0000,1013055.3075362568,783288.560452377,1038248.1557900843,1032941.3781443593,499654.96573085536,1003595.37263352,1003595.37263352
2025-04-24T10:50:00.000+0000,1012725.229590033,783288.560452377,1037889.1367478303,1034431.9387211753,499654.96573085536,1003595.37263352,1003595.37263352
2025-04-24T11:00:00.000+0000,1013144.300984497,783288.560452377,1036924.1293951005,1034846.7335596234,499654.96573085536,1003595.37263352,1003595.37263352
2025-04-24T11:10:00.000+0000,1013463.980286297,783288.560452377,1036137.7418619634,1036052.5248342792,499654.96573085536,1003595.37263352,1003595.37263352
2025-04-24T11:20:00.000+0000,1013101.196525673,783288.560452377,1036394.8040130702,1034160.9460588794,499654.96573085536,1003595.37263352,1003595.37263352
2025-04-24T11:30:00.000+0000,1013330.0604279609,783288.560452377,1036258.4629316684,1035121.5629201033,499654.96573085536,1003595.37263352,1003595.37263352
2025-04-24T11:40:00.000+0000,1013331.231330489,783288.560452377,1036397.5348731632,1031235.0487008393,499654.96573085536,1003595.37263352,1003595.37263352
2025-04-24T11:50:00.000+0000,1012791.8142296729,783288.560452377,1039949.9118197709,1028813.0418476472,499654.96573085536,1003595.37263352,1003595.37263352
2025-04-24T12:00:00.000+0000,1012749.5962910649,783288.560452377,1039169.6831534693,1029855.6902311114,499654.96573085536,1003595.37263352,1003595.37263352
2025-04-24T12:10:00.000+0000,1012532.992093161,783288.560452377,1039000.7721265667,1031266.3433450795,499654.96573085536,1003595.37263352,1003595.37263352
2025-04-24T12:20:00.000+0000,1012458.8500742649,783288.560452377,1042200.0340150889,1030689.2489901994,499654.96573085536,1003595.37263352,1003595.37263352
2025-04-24T12:30:00.000+0000,1012122.6255992011,783288.560452377,1042179.0755526859,1029872.6874524475,499654.96573085536,1003595.37263352,1003595.37263352
2025-04-24T12:40:00.000+0000,1012347.559517993,783288.560452377,1042692.0537817213,1030585.0604477674,499654.96573085536,1003595.37263352,1003595.37263352
2025-04-24T12:50:00.000+0000,1012380.301973057,783288.560452377,1043143.5063989449,1027410.5296357435,499654.96573085536,1003595.37263352,1003595.37263352
2025-04-24T13:00:00.000+0000,1012111.0119375689,783288.560452377,1043711.9591353252,1027316.2570641836,499654.96573085536,1003595.37263352,1003595.37263352
2025-04-24T13:10:00.000+0000,1012178.5510530169,783288.560452377,1044166.4982821969,1025257.8011273994,499654.96573085536,1003595.37263352,1003595.37263352
2025-04-24T13:20:00.000+0000,1012007.903310513,783288.560452377,1045038.2007405958,1025466.9156318553,499654.96573085536,1003595.37263352,1003595.37263352
2025-04-24T13:30:00.000+0000,1010705.9438120329,783288.560452377,1046994.2671348545,1023324.6989473194,499654.96573085536,1003595.37263352,1003595.37263352
2025-04-24T13:40:00.000+0000,1011275.638221609,783288.560452377,1042811.9991946983,1023273.4775272633,499654.96573085536,1003595.37263352,1003595.37263352
2025-04-24T13:50:00.000+0000,1011923.2544538169,783288.560452377,1041536.300236712,1025885.4539031592,499654.96573085536,1003595.37263352,1003595.37263352
2025-04-24T14:00:00.000+0000,1009663.8014834011,783288.560452377,1046218.838974784,1017625.2828307593,499654.96573085536,1003595.37263352,1003595.37263352
2025-04-24T14:10:00.000+0000,1010237.210508905,783288.560452377,1048751.8244020853,1018452.9114577513,499654.96573085536,1003595.37263352,1003595.37263352
2025-04-24T14:20:00.000+0000,1011156.9687531929,783288.560452377,1044833.9521973296,1021173.3223365913,499654.96573085536,1003595.37263352,1003595.37263352
2025-04-24T14:30:00.000+0000,1010245.168777193,783288.560452377,1047453.5668755935,1018456.8334776233,499654.96573085536,1003595.37263352,1003595.37263352
2025-04-24T14:40:00.000+0000,1010132.682268449,783288.560452377,1049773.9422473817,1017459.5805287352,499654.96573085536,1003595.37263352,1003595.37263352
2025-04-24T14:50:00.000+0000,1009442.972847753,783288.560452377,1050564.812973409,1012934.4274296314,499654.96573085536,1003595.37263352,1003595.37263352
2025-04-24T15:00:00.000+0000,1008094.461820313,783288.560452377,1049921.8661318836,1010369.4128242393,499654.96573085536,1003595.37263352,1003595.37263352
2025-04-24T15:10:00.000+0000,1006549.8380786569,783288.560452377,1054733.1322832098,1003139.9476769193,499654.96573085536,1003595.37263352,1003595.37263352
2025-04-24T15:20:00.000+0000,1006781.123851897,783288.560452377,1052454.4746859702,1003653.3431916714,499654.96573085536,1003595.37263352,1003595.37263352
2025-04-24T15:30:00.000+0000,1007354.2444882969,783288.560452377,1051046.2887843265,1006883.9402447913,499654.96573085536,1003595.37263352,1003595.37263352
2025-04-24T15:40:00.000+0000,1007676.6743878569,783288.560452377,1052172.5187060435,1006478.2075208473,499654.96573085536,1003595.37263352,1003595.37263352
2025-04-24T15:50:00.000+0000,1008074.870975537,783288.560452377,1050452.550098159,1008966.6430785274,499654.96573085536,1003595.37263352,1003595.37263352
2025-04-24T16:00:00.000+0000,1007725.0377162169,783288.560452377,1050629.0437075514,1009201.8753920074,499654.96573085536,1003595.37263352,1003595.37263352
2025-04-24T16:10:00.000+0000,1007183.099673769,783288.560452377,1052043.8666012734,1003747.1022443754,499654.96573085536,1003595.37263352,1003595.37263352
2025-04-24T16:20:00.000+0000,1006867.563484825,783288.560452377,1053811.5869534772,1000133.5541373834,499654.96573085536,1003595.37263352,1003595.37263352
2025-04-24T16:30:00.000+0000,1006354.963583073,783288.560452377,1056656.8050688398,1001104.6787556714,499654.96573085536,1003595.37263352,1003595.37263352
2025-04-24T16:40:00.000+0000,1006059.8433283049,783288.560452377,1057503.2835072668,1000083.1830964793,499654.96573085536,1003595.37263352,1003595.37263352
2025-04-24T16:50:00.000+0000,1005915.4689502809,783288.560452377,1056568.627965374,1000867.3458240313,499654.96573085536,1003595.37263352,1003595.37263352
2025-04-24T17:00:00.000+0000,1005886.627441961,783288.560452377,1054306.8632191594,1003312.4872947114,499654.96573085536,1003595.37263352,1003595.37263352
2025-04-24T17:10:00.000+0000,1006823.069168777,783288.560452377,1048771.1575571988,1008919.7316876872,499654.96573085536,1003595.37263352,1003595.37263352
2025-04-24T17:20:00.000+0000,1008055.9148525769,783288.560452377,1046351.8214913153,1011959.3543326553,499654.96573085536,1003595.37263352,1003595.37263352
2025-04-24T17:30:00.000+0000,1008111.213058593,783288.560452377,1049478.7696254347,1012850.8946893273,499654.96573085536,1003595.37263352,1003595.37263352
2025-04-24T17:40:00.000+0000,1009293.8194160329,783288.560452377,1045484.7207018253,1015171.9132678233,499654.96573085536,1003595.37263352,1003595.37263352
2025-04-24T17:50:00.000+0000,1009009.015201825,783288.560452377,1045037.6990060338,1014057.2401003194,499654.96573085536,1003595.37263352,1003595.37263352
2025-04-24T18:00:00.000+0000,1008413.576044537,783288.560452377,1052344.135704787,1012570.6999745673,499654.96573085536,1003595.37263352,1003595.37263352
2025-04-24T18:10:00.000+0000,1008293.023433841,783288.560452377,1053543.9891903629,1012294.1769600953,499654.96573085536,1003595.37263352,1003595.37263352
2025-04-24T18:20:00.000+0000,1008894.8024851528,783288.560452377,1053325.8319291056,1016254.0452691034,499654.96573085536,1003595.37263352,1003595.37263352
2025-04-24T18:30:00.000+0000,1008363.7329009769,783288.560452377,1055464.7695080645,1016010.6629908154,499654.96573085536,1003595.37263352,1003595.37263352
2025-04-24T18:40:00.000+0000,1008278.9131710889,783288.560452377,1056291.2179219455,1014241.8888930154,499654.96573085536,1003595.37263352,1003595.37263352
2025-04-24T18:50:00.000+0000,1008159.3723003529,783288.560452377,1056797.1222606744,1013090.9449753434,499654.96573085536,1003595.37263352,1003595.37263352
2025-04-24T19:00:00.000+0000,1008306.564252513,783288.560452377,1055158.532952276,1014568.4694693753,499654.96573085536,1003595.37263352,1003595.37263352
2025-04-24T19:10:00.000+0000,1008924.538906969,783288.560452377,1053760.3137039428,1016066.3137245834,499654.96573085536,1003595.37263352,1003595.37263352
2025-04-24T19:20:00.000+0000,1008242.950903937,783288.560452377,1054965.76187326,1014860.4581514073,499654.96573085536,1003595.37263352,1003595.37263352
2025-04-24T19:30:00.000+0000,1008108.208004561,783288.560452377,1056721.8787552803,1013407.4118891115,499654.96573085536,1003595.37263352,1003595.37263352
2025-04-24T19:40:00.000+0000,1008076.515079201,783288.560452377,1055990.7893568985,1013797.1021073355,499654.96573085536,1003595.37263352,1003595.37263352
2025-04-24T19:50:00.000+0000,1007764.771054097,783288.560452377,1056879.737912359,1011782.0953533755,499654.96573085536,1003595.37263352,1003595.37263352
2025-04-24T20:00:00.000+0000,1007267.3292761369,783288.560452377,1056268.5617860043,1012176.6319713753,499654.96573085536,1003595.37263352,1003595.37263352
2025-04-24T20:10:00.000+0000,1007545.1712246169,783288.560452377,1057056.6753954603,1014211.7992240232,499654.96573085536,1003595.37263352,1003595.37263352
2025-04-24T20:20:00.000+0000,1007435.6497319608,783288.560452377,1056538.7157177837,1012036.8271347913,499654.96573085536,1003595.37263352,1003595.37263352
2025-04-24T20:30:00.000+0000,1007279.441838329,783288.560452377,1056105.851720321,1011137.8458955914,499654.96573085536,1003595.37263352,1003595.37263352
2025-04-24T20:40:00.000+0000,1006531.635062729,783288.560452377,1056006.3533768272,1012490.2240268714,499654.96573085536,1003595.37263352,1003595.37263352
2025-04-24T20:50:00.000+0000,1006375.9321847609,783288.560452377,1056142.547302213,1010701.5241124873,499654.96573085536,1003595.37263352,1003595.37263352
2025-04-24T21:00:00.000+0000,1006807.0147525929,783288.560452377,1055755.755619096,1012558.6030398634,499654.96573085536,1003595.37263352,1003595.37263352
2025-04-24T21:10:00.000+0000,1006607.282236537,783288.560452377,1055531.8023953976,1011880.4385458314,499654.96573085536,1003595.37263352,1003595.37263352
2025-04-24T21:20:00.000+0000,1006814.193594921,783288.560452377,1049410.2842710144,1012956.0503674314,499654.96573085536,1003595.37263352,1003595.37263352
2025-04-24T21:30:00.000+0000,1007305.673875897,783288.560452377,1050718.0023879337,1014390.3813039752,499654.96573085536,1003595.37263352,1003595.37263352
2025-04-24T21:40:00.000+0000,1007370.797445329,783288.560452377,1052207.3992651058,1015253.7724580393,499654.96573085536,1003595.37263352,1003595.37263352
2025-04-24T21:50:00.000+0000,1007166.247586233,783288.560452377,1053404.487308262,1014320.3924199113,499654.96573085536,1003595.37263352,1003595.37263352
2025-04-24T22:00:00.000+0000,1006910.8216505849,783288.560452377,1052954.901466609,1013786.1994164714,499654.96573085536,1003595.37263352,1003595.37263352
2025-04-24T22:10:00.000+0000,1006450.150672433,783288.560452377,1055317.5416434852,1012557.4024710874,499654.96573085536,1003595.37263352,1003595.37263352
2025-04-24T22:20:00.000+0000,1006666.743259633,783288.560452377,1055186.6330835547,1009849.8614481194,499654.96573085536,1003595.37263352,1003595.37263352
2025-04-24T22:30:00.000+0000,1006841.6436472969,783288.560452377,1056355.449988597,1009196.4275637594,499654.96573085536,1003595.37263352,1003595.37263352
2025-04-24T22:40:00.000+0000,1006983.519265929,783288.560452377,1053761.3404694512,1010274.0929312073,499654.96573085536,1003595.37263352,1003595.37263352
2025-04-24T22:50:00.000+0000,1007376.508492833,783288.560452377,1052928.5831083418,1013246.4294181992,499654.96573085536,1003595.37263352,1003595.37263352
2025-04-24T23:00:00.000+0000,1007138.948103305,783288.560452377,1053598.4685008563,1013874.8145875753,499654.96573085536,1003595.37263352,1003595.37263352
2025-04-24T23:10:00.000+0000,1006834.5224987769,783288.560452377,1056257.84736003,1011562.5548563913,499654.96573085536,1003595.37263352,1003595.37263352
2025-04-24T23:20:00.000+0000,1006225.868232041,783288.560452377,1056130.1874920172,1008989.6573024074,499654.96573085536,1003595.37263352,1003595.37263352
2025-04-24T23:30:00.000+0000,1005658.983343049,783288.560452377,1060408.9535453704,1007063.7712847755,499654.96573085536,1003595.37263352,1003595.37263352
2025-04-24T23:40:00.000+0000,1005628.602497185,783288.560452377,1061226.553217838,1008654.8327864794,499654.96573085536,1003595.37263352,1003595.37263352
2025-04-24T23:50:00.000+0000,1005770.4395866649,783288.560452377,1060637.240105207,1008889.3079761434,499654.96573085536,1003595.37263352,1003595.37263352
2025-04-25T00:00:00.000+0000,1005958.632581729,783288.560452377,1059983.5673281234,1004379.3511003272,499654.96573085536,1003595.37263352,1003595.37263352
2025-04-25T00:10:00.000+0000,1006212.143170881,783288.560452377,1058817.6254969544,1003152.1571515193,499654.96573085536,1003595.37263352,1003595.37263352
2025-04-25T00:20:00.000+0000,1005900.6003346969,783288.560452377,1060451.8262376627,1002632.6216327033,499654.96573085536,1003595.37263352,1003595.37263352
2025-04-25T00:30:00.000+0000,1005778.205029337,783288.560452377,1060483.3155186116,1001240.6204752234,499654.96573085536,1003595.37263352,1003595.37263352
2025-04-25T00:40:00.000+0000,1005780.6213247529,783288.560452377,1061634.5649442887,1001953.1774032792,499654.96573085536,1003595.37263352,1003595.37263352
2025-04-25T00:50:00.000+0000,1005677.496340793,783288.560452377,1061179.3777206312,1002676.8425376554,499654.96573085536,1003595.37263352,1003595.37263352
2025-04-25T01:00:00.000+0000,1004347.279156561,783288.560452377,1062026.9121589984,998977.0926572953,499654.96573085536,1003595.37263352,1003595.37263352
2025-04-25T01:10:00.000+0000,1004012.340951657,783288.560452377,1063926.734309373,996889.3717112633,499654.96573085536,1003595.37263352,1003595.37263352
2025-04-25T01:20:00.000+0000,1004975.914145921,783288.560452377,1060792.201446462,1000156.4689808314,499654.96573085536,1003595.37263352,1003595.37263352
2025-04-25T01:30:00.000+0000,1004266.236522577,783288.560452377,1059916.3527024467,997915.1561566793,499654.96573085536,1003595.37263352,1003595.37263352
2025-04-25T01:40:00.000+0000,1003894.584162513,783288.560452377,1061320.394446917,998398.0469647354,499654.96573085536,1003595.37263352,1003595.37263352
2025-04-25T01:50:00.000+0000,1004384.619600289,783288.560452377,1060157.1778507284,1000514.0414138555,499654.96573085536,1003595.37263352,1003595.37263352
2025-04-25T02:00:00.000+0000,1003786.3884883529,783288.560452377,1059650.0730389203,1000401.5870993353,499654.96573085536,1003595.37263352,1003595.37263352
2025-04-25T02:10:00.000+0000,1004438.8251711129,783288.560452377,1057473.4388146054,1004653.7366461433,499654.96573085536,1003595.37263352,1003595.37263352
2025-04-25T02:20:00.000+0000,1005295.6667490329,783288.560452377,1054837.3295679719,1009494.8830182313,499654.96573085536,1003595.37263352,1003595.37263352
2025-04-25T02:30:00.000+0000,1005639.1004221209,783288.560452377,1053266.1714652795,1011888.1466444153,499654.96573085536,1003595.37263352,1003595.37263352
2025-04-25T02:40:00.000+0000,1006106.955318537,783288.560452377,1053056.5131603512,1012169.5085846474,499654.96573085536,1003595.37263352,1003595.37263352
2025-04-25T02:50:00.000+0000,1006790.519289529,783288.560452377,1048396.9307190059,1014796.6470511594,499654.96573085536,1003595.37263352,1003595.37263352
2025-04-25T03:00:00.000+0000,1006814.0135790489,783288.560452377,1048608.5721113633,1014810.7094322473,499654.96573085536,1003595.37263352,1003595.37263352
2025-04-25T03:10:00.000+0000,1005831.340267113,783288.560452377,1051665.74116101,1013976.0269428634,499654.96573085536,1003595.37263352,1003595.37263352
2025-04-25T03:20:00.000+0000,1004543.247856081,783288.560452377,1051164.353506489,1014084.3079886715,499654.96573085536,1003595.37263352,1003595.37263352
2025-04-25T03:30:00.000+0000,1004860.4792877451,783288.560452377,1051966.1412697001,1011431.9973260392,499654.96573085536,1003595.37263352,1003595.37263352
2025-04-25T03:40:00.000+0000,1004893.3140888729,783288.560452377,1055277.779108019,1010352.1709387915,499654.96573085536,1003595.37263352,1003595.37263352
2025-04-25T03:50:00.000+0000,1004911.712858073,783288.560452377,1055391.195255569,1009707.7606397832,499654.96573085536,1003595.37263352,1003595.37263352
2025-04-25T04:00:00.000+0000,1004754.825308601,783288.560452377,1054988.0419497793,1008818.6438427115,499654.96573085536,1003595.37263352,1003595.37263352
2025-04-25T04:10:00.000+0000,1004199.0565296011,783288.560452377,1057241.3886911203,1005792.1523843834,499654.96573085536,1003595.37263352,1003595.37263352
2025-04-25T04:20:00.000+0000,1004584.7645361449,783288.560452377,1055999.729781276,1007865.8288250155,499654.96573085536,1003595.37263352,1003595.37263352
2025-04-25T04:30:00.000+0000,1005234.479458057,783288.560452377,1054125.1297996473,1009591.9367830553,499654.96573085536,1003595.37263352,1003595.37263352
2025-04-25T04:40:00.000+0000,1005033.909252689,783288.560452377,1055536.4199200699,1008893.3138288953,499654.96573085536,1003595.37263352,1003595.37263352
2025-04-25T04:50:00.000+0000,1005236.8266088329,783288.560452377,1053625.5172555917,1010869.0534517112,499654.96573085536,1003595.37263352,1003595.37263352
2025-04-25T05:00:00.000+0000,1005230.6817486569,783288.560452377,1053636.750568683,1010489.0602996233,499654.96573085536,1003595.37263352,1003595.37263352
2025-04-25T05:10:00.000+0000,1004724.448989113,783288.560452377,1056033.7759911062,1009964.0757635112,499654.96573085536,1003595.37263352,1003595.37263352
2025-04-25T05:20:00.000+0000,1004364.159891161,783288.560452377,1056782.6351849867,1008595.5398088394,499654.96573085536,1003595.37263352,1003595.37263352
2025-04-25T05:30:00.000+0000,1004228.758239209,783288.560452377,1056011.0008782889,1007379.9497394954,499654.96573085536,1003595.37263352,1003595.37263352
2025-04-25T05:40:00.000+0000,1003942.043594569,783288.560452377,1055447.623920674,1008619.2406529833,499654.96573085536,1003595.37263352,1003595.37263352
2025-04-25T05:50:00.000+0000,1003828.3639011369,783288.560452377,1056753.13328407,1008002.8641789593,499654.96573085536,1003595.37263352,1003595.37263352
2025-04-25T06:00:00.000+0000,1002987.588919649,783288.560452377,1057194.027475901,1004167.1471494073,499654.96573085536,1003595.37263352,1003595.37263352
2025-04-25T06:10:00.000+0000,1002451.342610169,783288.560452377,1058637.5533174274,999933.1201829275,499654.96573085536,1003595.37263352,1003595.37263352
2025-04-25T06:20:00.000+0000,1001496.074196761,783288.560452377,1057833.277772131,996143.0888655432,499654.96573085536,1003595.37263352,1003595.37263352
2025-04-25T06:30:00.000+0000,1001614.2435855609,783288.560452377,1062053.3300073622,993934.8785082153,499654.96573085536,1003595.37263352,1003595.37263352
2025-04-25T06:40:00.000+0000,1001594.805388569,783288.560452377,1061874.3204724623,993479.7170389274,499654.96573085536,1003595.37263352,1003595.37263352
2025-04-25T06:50:00.000+0000,1001431.6455109769,783288.560452377,1063812.8478258536,989524.2052019514,499654.96573085536,1003595.37263352,1003595.37263352
2025-04-25T07:00:00.000+0000,1001429.1756184729,783288.560452377,1065278.8000682641,985696.3894663033,499654.96573085536,1003595.37263352,1003595.37263352
2025-04-25T07:10:00.000+0000,1001603.6609984089,783288.560452377,1063964.8726999946,986425.2933563193,499654.96573085536,1003595.37263352,1003595.37263352
2025-04-25T07:20:00.000+0000,1001987.4315361689,783288.560452377,1061643.6356314856,989803.1293339914,499654.96573085536,1003595.37263352,1003595.37263352
2025-04-25T07:30:00.000+0000,1002114.877237977,783288.560452377,1063046.9438136118,995481.7182056874,499654.96573085536,1003595.37263352,1003595.37263352
2025-04-25T07:40:00.000+0000,1002599.0477114809,783288.560452377,1063852.7025808597,994589.7816562232,499654.96573085536,1003595.37263352,1003595.37263352
2025-04-25T07:50:00.000+0000,1001934.7758944089,783288.560452377,1064635.7224273435,991936.1320056394,499654.96573085536,1003595.37263352,1003595.37263352
2025-04-25T08:00:00.000+0000,1001974.0349320329,783288.560452377,1067230.0442339156,991498.3064764952,499654.96573085536,1003595.37263352,1003595.37263352
2025-04-25T08:10:00.000+0000,1002255.7908967929,783288.560452377,1066581.204676306,990069.2996772315,499654.96573085536,1003595.37263352,1003595.37263352
2025-04-25T08:20:00.000+0000,1002129.950189961,783288.560452377,1067530.0015777657,987504.9498495914,499654.96573085536,1003595.37263352,1003595.37263352
2025-04-25T08:30:00.000+0000,1002203.0552390969,783288.560452377,1066688.070909204,988902.5064791352,499654.96573085536,1003595.37263352,1003595.37263352
2025-04-25T08:40:00.000+0000,1001902.3959690889,783288.560452377,1066913.4481257743,989471.8014984793,499654.96573085536,1003595.37263352,1003595.37263352
2025-04-25T08:50:00.000+0000,1001687.593458681,783288.560452377,1066591.8995262065,988753.3784770555,499654.96573085536,1003595.37263352,1003595.37263352
2025-04-25T09:00:00.000+0000,1001855.257789825,783288.560452377,1063586.3009625035,990492.5393743833,499654.96573085536,1003595.37263352,1003595.37263352
2025-04-25T09:10:00.000+0000,1001863.150070945,783288.560452377,1062564.3811585961,994784.6017853353,499654.96573085536,1003595.37263352,1003595.37263352
2025-04-25T09:20:00.000+0000,1001898.6549343129,783288.560452377,1064185.5228140156,996708.4585077034,499654.96573085536,1003595.37263352,1003595.37263352
2025-04-25T09:30:00.000+0000,1001314.491808977,783288.560452377,1065279.1061492385,998217.5331314234,499654.96573085536,1003595.37263352,1003595.37263352
2025-04-25T09:40:00.000+0000,1001455.0550483529,783288.560452377,1064733.6568567886,999685.6139664312,499654.96573085536,1003595.37263352,1003595.37263352
2025-04-25T09:50:00.000+0000,1000659.2900200731,783288.560452377,1066573.7132044875,993779.5420368874,499654.96573085536,1003595.37263352,1003595.37263352
2025-04-25T10:00:00.000+0000,1000403.5167724969,783288.560452377,1066816.1279867215,993686.4982914794,499654.96573085536,1003595.37263352,1003595.37263352
2025-04-25T10:10:00.000+0000,999604.720631049,783288.560452377,1067055.211274356,996921.6240387434,499654.96573085536,1003595.37263352,1003595.37263352
2025-04-25T10:20:00.000+0000,1000065.9329557769,783288.560452377,1067050.3986862483,997584.7119237193,499654.96573085536,1003595.37263352,1003595.37263352
2025-04-25T10:30:00.000+0000,1000710.112159809,783288.560452377,1063109.0877490607,1000062.7456894954,499654.96573085536,1003595.37263352,1003595.37263352
2025-04-25T10:40:00.000+0000,1001211.1614294649,783288.560452377,1062563.7990091539,999347.4009035114,499654.96573085536,1003595.37263352,1003595.37263352
2025-04-25T10:50:00.000+0000,1001815.2933070089,783288.560452377,1062340.9688037485,1001374.8873357354,499654.96573085536,1003595.37263352,1003595.37263352
2025-04-25T11:00:00.000+0000,1000930.601417177,783288.560452377,1063802.3936304422,996307.5104129913,499654.96573085536,1003595.37263352,1003595.37263352
2025-04-25T11:10:00.000+0000,1000660.1778692249,783288.560452377,1066243.8843392045,995745.3471936393,499654.96573085536,1003595.37263352,1003595.37263352
2025-04-25T11:20:00.000+0000,1001219.4508426251,783288.560452377,1067767.9315216653,996616.1522818073,499654.96573085536,1003595.37263352,1003595.37263352
2025-04-25T11:30:00.000+0000,1001501.224543185,783288.560452377,1067785.396845916,996434.6418364233,499654.96573085536,1003595.37263352,1003595.37263352
2025-04-25T11:40:00.000+0000,1001385.1970894651,783288.560452377,1069359.2488207137,997059.1836629354,499654.96573085536,1003595.37263352,1003595.37263352
2025-04-25T11:50:00.000+0000,1000738.645814609,783288.560452377,1070474.438140691,995546.9903561594,499654.96573085536,1003595.37263352,1003595.37263352
2025-04-25T12:00:00.000+0000,1000779.137435377,783288.560452377,1072221.3533124786,996408.7952702314,499654.96573085536,1003595.37263352,1003595.37263352
2025-04-25T12:10:00.000+0000,999796.959087153,783288.560452377,1073643.9289995919,989239.2214614793,499654.96573085536,1003595.37263352,1003595.37263352
2025-04-25T12:20:00.000+0000,1000655.5894329131,783288.560452377,1071889.0819968055,991186.2392301754,499654.96573085536,1003595.37263352,1003595.37263352
2025-04-25T12:30:00.000+0000,1000860.4200971848,783288.560452377,1071117.022873756,995608.0787063513,499654.96573085536,1003595.37263352,1003595.37263352
2025-04-25T12:40:00.000+0000,1000925.387631545,783288.560452377,1071723.2958021888,996936.3345209354,499654.96573085536,1003595.37263352,1003595.37263352
2025-04-25T12:50:00.000+0000,1001697.447868841,783288.560452377,1067144.2266710056,1000455.0766334473,499654.96573085536,1003595.37263352,1003595.37263352
2025-04-25T13:00:00.000+0000,1001798.306687185,783288.560452377,1066134.3833739872,1000290.0395787994,499654.96573085536,1003595.37263352,1003595.37263352
2025-04-25T13:10:00.000+0000,1001707.001469841,783288.560452377,1065276.2111684976,1000028.0797944155,499654.96573085536,1003595.37263352,1003595.37263352
2025-04-25T13:20:00.000+0000,1002101.208941369,783288.560452377,1063739.4249148252,1001633.1913171033,499654.96573085536,1003595.37263352,1003595.37263352
2025-04-25T13:30:00.000+0000,1001799.5095241449,783288.560452377,1061240.005980244,1000645.2463958312,499654.96573085536,1003595.37263352,1003595.37263352
2025-04-25T13:40:00.000+0000,1001710.4392873849,783288.560452377,1066284.6961227707,1000596.1442489993,499654.96573085536,1003595.37263352,1003595.37263352
2025-04-25T13:50:00.000+0000,1001901.280172441,783288.560452377,1064493.249737301,1000341.5313623913,499654.96573085536,1003595.37263352,1003595.37263352
2025-04-25T14:00:00.000+0000,1000871.1671526569,783288.560452377,1067278.2590079303,997262.2391085194,499654.96573085536,1003595.37263352,1003595.37263352
2025-04-25T14:10:00.000+0000,1000020.302879065,783288.560452377,1073564.3397811067,993890.8926650634,499654.96573085536,1003595.37263352,1003595.37263352
2025-04-25T14:20:00.000+0000,1000351.035511121,783288.560452377,1069282.1492355396,997620.0703043673,499654.96573085536,1003595.37263352,1003595.37263352
2025-04-25T14:30:00.000+0000,1000764.904330977,783288.560452377,1068997.9938832303,997598.6654919272,499654.96573085536,1003595.37263352,1003595.37263352
2025-04-25T14:40:00.000+0000,999453.4234057369,783288.560452377,1073257.9560871609,991770.7563321034,499654.96573085536,1003595.37263352,1003595.37263352
2025-04-25T14:50:00.000+0000,999448.880053329,783288.560452377,1078646.0755499685,990256.8020752154,499654.96573085536,1003595.37263352,1003595.37263352
2025-04-25T15:00:00.000+0000,999933.9642752488,783288.560452377,1077636.3381105163,989178.0143763514,499654.96573085536,1003595.37263352,1003595.37263352
2025-04-25T15:10:00.000+0000,1000200.218081665,783288.560452377,1076105.4684237465,991607.1212649674,499654.96573085536,1003595.37263352,1003595.37263352
2025-04-25T15:20:00.000+0000,1000670.409317513,783288.560452377,1077597.254978993,990977.6227669673,499654.96573085536,1003595.37263352,1003595.37263352
2025-04-25T15:30:00.000+0000,1001265.1368645449,783288.560452377,1072689.8233648578,992787.6996560794,499654.96573085536,1003595.37263352,1003595.37263352
2025-04-25T15:40:00.000+0000,1002425.227968609,783288.560452377,1072909.4823331311,998336.7317561754,499654.96573085536,1003595.37263352,1003595.37263352
2025-04-25T15:50:00.000+0000,1002636.987974969,783288.560452377,1073138.6555136582,999198.8132687913,499654.96573085536,1003595.37263352,1003595.37263352
2025-04-25T16:00:00.000+0000,1002426.9975218329,783288.560452377,1071006.548729139,996965.8149277273,499654.96573085536,1003595.37263352,1003595.37263352
2025-04-25T16:10:00.000+0000,1003118.3667536168,783288.560452377,1066872.4476912953,999872.3455615513,499654.96573085536,1003595.37263352,1003595.37263352
2025-04-25T16:20:00.000+0000,1003273.934060129,783288.560452377,1066784.146209481,1000598.2313679673,499654.96573085536,1003595.37263352,1003595.37263352
2025-04-25T16:30:00.000+0000,1002676.825069777,783288.560452377,1069053.941391563,1000514.5138955673,499654.96573085536,1003595.37263352,1003595.37263352
2025-04-25T16:40:00.000+0000,1002209.4659564169,783288.560452377,1071935.647371212,998012.4767678553,499654.96573085536,1003595.37263352,1003595.37263352
2025-04-25T16:50:00.000+0000,1002135.981011441,783288.560452377,1071021.3289901318,1000508.2474127673,499654.96573085536,1003595.37263352,1003595.37263352
2025-04-25T17:00:00.000+0000,1001739.7369105209,783288.560452377,1072687.2245830926,996946.8853734954,499654.96573085536,1003595.37263352,1003595.37263352
2025-04-25T17:10:00.000+0000,1001680.359560433,783288.560452377,1074033.968194323,995954.6607687114,499654.96573085536,1003595.37263352,1003595.37263352
2025-04-25T17:20:00.000+0000,1001485.7490934569,783288.560452377,1074319.1438910943,994086.5744942633,499654.96573085536,1003595.37263352,1003595.37263352
2025-04-25T17:30:00.000+0000,1002090.682089593,783288.560452377,1067271.6621339982,999178.6835554554,499654.96573085536,1003595.37263352,1003595.37263352
2025-04-25T17:40:00.000+0000,1002851.325387753,783288.560452377,1061783.8009724722,1000926.0606045994,499654.96573085536,1003595.37263352,1003595.37263352
2025-04-25T17:50:00.000+0000,1003885.800954705,783288.560452377,1062178.7316676178,1004576.3997052315,499654.96573085536,1003595.37263352,1003595.37263352
2025-04-25T18:00:00.000+0000,1004024.0485980411,783288.560452377,1063622.9800806213,1005216.9091174472,499654.96573085536,1003595.37263352,1003595.37263352
2025-04-25T18:10:00.000+0000,1004127.590388289,783288.560452377,1064635.4612401181,1004628.8115521835,499654.96573085536,1003595.37263352,1003595.37263352
2025-04-25T18:20:00.000+0000,1004014.8084061131,783288.560452377,1066460.5716321669,1002358.2916024394,499654.96573085536,1003595.37263352,1003595.37263352
2025-04-25T18:30:00.000+0000,1003619.9370860889,783288.560452377,1067419.0853749479,999222.3260734873,499654.96573085536,1003595.37263352,1003595.37263352
2025-04-25T18:40:00.000+0000,1003539.538646337,783288.560452377,1069454.371072099,998895.8347156955,499654.96573085536,1003595.37263352,1003595.37263352
2025-04-25T18:50:00.000+0000,1004050.4439248729,783288.560452377,1067067.8705480332,1001311.6831795434,499654.96573085536,1003595.37263352,1003595.37263352
2025-04-25T19:00:00.000+0000,1004237.0632498809,783288.560452377,1067580.4647047329,1003629.4290383114,499654.96573085536,1003595.37263352,1003595.37263352
2025-04-25T19:10:00.000+0000,1004568.520142065,783288.560452377,1066426.5672037858,1004615.8125497113,499654.96573085536,1003595.37263352,1003595.37263352
2025-04-25T19:20:00.000+0000,1004651.765092785,783288.560452377,1066350.0624222234,1004546.9854654633,499654.96573085536,1003595.37263352,1003595.37263352
2025-04-25T19:30:00.000+0000,1004337.133229801,783288.560452377,1065972.5485537571,1004586.9358995273,499654.96573085536,1003595.37263352,1003595.37263352
2025-04-25T19:40:00.000+0000,1004147.520081769,783288.560452377,1066562.239577036,1003735.9723554153,499654.96573085536,1003595.37263352,1003595.37263352
2025-04-25T19:50:00.000+0000,1004033.3019494329,783288.560452377,1067450.1141662085,1003354.6967001513,499654.96573085536,1003595.37263352,1003595.37263352
2025-04-25T20:00:00.000+0000,1003975.1836512969,783288.560452377,1068325.6040212156,1003217.5528930393,499654.96573085536,1003595.37263352,1003595.37263352
2025-04-25T20:10:00.000+0000,1004032.986791761,783288.560452377,1067383.436912713,1002922.6357756313,499654.96573085536,1003595.37263352,1003595.37263352
2025-04-25T20:20:00.000+0000,1004069.464566177,783288.560452377,1066953.3051257115,1002293.0982288955,499654.96573085536,1003595.37263352,1003595.37263352
2025-04-25T20:30:00.000+0000,1004151.5847274489,783288.560452377,1067756.8623921338,1002118.3733107434,499654.96573085536,1003595.37263352,1003595.37263352
2025-04-25T20:40:00.000+0000,1004155.6487336409,783288.560452377,1067194.648660252,1002228.4014577514,499654.96573085536,1003595.37263352,1003595.37263352
2025-04-25T20:50:00.000+0000,1003970.007405609,783288.560452377,1068954.3902757533,1001297.8079486155,499654.96573085536,1003595.37263352,1003595.37263352
2025-04-25T21:00:00.000+0000,1003835.151526689,783288.560452377,1068143.2930577998,1000447.9183946233,499654.96573085536,1003595.37263352,1003595.37263352
2025-04-25T21:10:00.000+0000,1003756.9473201449,783288.560452377,1068449.6073277323,999652.8474406393,499654.96573085536,1003595.37263352,1003595.37263352
2025-04-25T21:20:00.000+0000,1004350.7068122409,783288.560452377,1065722.1081826931,1002218.3244757913,499654.96573085536,1003595.37263352,1003595.37263352
2025-04-25T21:30:00.000+0000,1004369.502403729,783288.560452377,1065847.5649222955,1001046.9830791673,499654.96573085536,1003595.37263352,1003595.37263352
2025-04-25T21:40:00.000+0000,1004660.7585622489,783288.560452377,1062467.16299607,1001991.5456940713,499654.96573085536,1003595.37263352,1003595.37263352
2025-04-25T21:50:00.000+0000,1005406.4625114568,783288.560452377,1061292.9698564005,1004346.8450160153,499654.96573085536,1003595.37263352,1003595.37263352
2025-04-25T22:00:00.000+0000,1004881.7326014809,783288.560452377,1063604.8741559237,1004104.4546135914,499654.96573085536,1003595.37263352,1003595.37263352
2025-04-25T22:10:00.000+0000,1004758.8784834649,783288.560452377,1063891.4853730092,1001810.6059417673,499654.96573085536,1003595.37263352,1003595.37263352
2025-04-25T22:20:00.000+0000,1004414.130272849,783288.560452377,1064634.7622243837,999982.7026651833,499654.96573085536,1003595.37263352,1003595.37263352
2025-04-25T22:30:00.000+0000,1003927.016675729,783288.560452377,1065625.9643708249,997794.7213316793,499654.96573085536,1003595.37263352,1003595.37263352
2025-04-25T22:40:00.000+0000,1003598.538808417,783288.560452377,1067171.176678002,996766.1035447514,499654.96573085536,1003595.37263352,1003595.37263352
2025-04-25T22:50:00.000+0000,1003234.4395710169,783288.560452377,1066183.8313521824,998148.8616825674,499654.96573085536,1003595.37263352,1003595.37263352
2025-04-25T23:00:00.000+0000,1002382.149119281,783288.560452377,1065307.8555648003,996371.7654478074,499654.96573085536,1003595.37263352,1003595.37263352
2025-04-25T23:10:00.000+0000,1002326.505459849,783288.560452377,1065418.8884731813,996380.3449886794,499654.96573085536,1003595.37263352,1003595.37263352
2025-04-25T23:20:00.000+0000,1003317.5763483449,783288.560452377,1063577.4791663503,998960.0811573913,499654.96573085536,1003595.37263352,1003595.37263352
2025-04-25T23:30:00.000+0000,1003562.790350081,783288.560452377,1062648.2716708987,998715.7907262073,499654.96573085536,1003595.37263352,1003595.37263352
2025-04-25T23:40:00.000+0000,1003701.0906712409,783288.560452377,1063220.1344476736,998545.2262770155,499654.96573085536,1003595.37263352,1003595.37263352
2025-04-25T23:50:00.000+0000,1003570.1365184409,783288.560452377,1062697.9081392775,999622.8733591033,499654.96573085536,1003595.37263352,1003595.37263352
2025-04-26T00:00:00.000+0000,1003158.5106028249,783288.560452377,1063647.1933787717,996291.6113624154,499654.96573085536,1003595.37263352,1003595.37263352
2025-04-26T00:10:00.000+0000,1003097.246813097,783288.560452377,1065118.2696560188,995758.7322370313,499654.96573085536,1003595.37263352,1003595.37263352
2025-04-26T00:20:00.000+0000,1002951.751412609,783288.560452377,1065703.5211726583,994399.5490441594,499654.96573085536,1003595.37263352,1003595.37263352
2025-04-26T00:30:00.000+0000,1003109.8173286329,783288.560452377,1064419.6558730137,995536.4046015433,499654.96573085536,1003595.37263352,1003595.37263352
2025-04-26T00:40:00.000+0000,1002225.4484302009,783288.560452377,1065311.1182076796,991434.0949768233,499654.96573085536,1003595.37263352,1003595.37263352
2025-04-26T00:50:00.000+0000,1001845.2526903129,783288.560452377,1067778.6578866462,991630.9660938313,499654.96573085536,1003595.37263352,1003595.37263352
2025-04-26T01:00:00.000+0000,1001482.321967353,783288.560452377,1065710.104301411,993220.7764072872,499654.96573085536,1003595.37263352,1003595.37263352
2025-04-26T01:10:00.000+0000,1001428.9432345289,783288.560452377,1067772.6504505717,992546.1528682233,499654.96573085536,1003595.37263352,1003595.37263352
2025-04-26T01:20:00.000+0000,1000991.506044465,783288.560452377,1070501.634704506,990618.8505045754,499654.96573085536,1003595.37263352,1003595.37263352
2025-04-26T01:30:00.000+0000,1000294.303533041,783288.560452377,1071691.4290935912,983791.1637871674,499654.96573085536,1003595.37263352,1003595.37263352
2025-04-26T01:40:00.000+0000,1000367.2891577929,783288.560452377,1072347.5733139971,983655.6757743595,499654.96573085536,1003595.37263352,1003595.37263352
2025-04-26T01:50:00.000+0000,1000213.3578114649,783288.560452377,1071991.3934129216,982193.5530990073,499654.96573085536,1003595.37263352,1003595.37263352
2025-04-26T02:00:00.000+0000,1000132.5958227849,783288.560452377,1070693.4591556771,983294.2028841993,499654.96573085536,1003595.37263352,1003595.37263352
2025-04-26T02:10:00.000+0000,1000489.347592865,783288.560452377,1069264.4654443162,987898.7407746232,499654.96573085536,1003595.37263352,1003595.37263352
2025-04-26T02:20:00.000+0000,1000425.1318865609,783288.560452377,1069913.4328412262,986426.6667966873,499654.96573085536,1003595.37263352,1003595.37263352
2025-04-26T02:30:00.000+0000,1000249.3316693369,783288.560452377,1069673.5307471883,985043.7437109353,499654.96573085536,1003595.37263352,1003595.37263352
2025-04-26T02:40:00.000+0000,999877.5195671689,783288.560452377,1071369.2222401632,985424.0602041434,499654.96573085536,1003595.37263352,1003595.37263352
2025-04-26T02:50:00.000+0000,1000260.596869961,783288.560452377,1070633.689060398,987640.7814772874,499654.96573085536,1003595.37263352,1003595.37263352
2025-04-26T03:00:00.000+0000,999701.078572977,783288.560452377,1069764.6670775772,988223.8459422553,499654.96573085536,1003595.37263352,1003595.37263352
2025-04-26T03:10:00.000+0000,999465.7404841849,783288.560452377,1069224.6069154232,988254.0462926313,499654.96573085536,1003595.37263352,1003595.37263352
2025-04-26T03:20:00.000+0000,999776.747669233,783288.560452377,1066145.5423803101,990205.4928754393,499654.96573085536,1003595.37263352,1003595.37263352
2025-04-26T03:30:00.000+0000,1000902.9575799529,783288.560452377,1066630.1639678145,992305.6810796794,499654.96573085536,1003595.37263352,1003595.37263352
2025-04-26T03:40:00.000+0000,1000537.1985914169,783288.560452377,1066749.3610715521,990479.0236256394,499654.96573085536,1003595.37263352,1003595.37263352
2025-04-26T03:50:00.000+0000,1000919.373686553,783288.560452377,1065940.5768728205,991456.4074425594,499654.96573085536,1003595.37263352,1003595.37263352
2025-04-26T04:00:00.000+0000,1001110.570676497,783288.560452377,1066504.7887162433,991522.5250860953,499654.96573085536,1003595.37263352,1003595.37263352
2025-04-26T04:10:00.000+0000,1001025.5476293929,783288.560452377,1067072.3870086006,991479.8685986075,499654.96573085536,1003595.37263352,1003595.37263352
2025-04-26T04:20:00.000+0000,1001369.817073329,783288.560452377,1065084.98437388,993272.2357768314,499654.96573085536,1003595.37263352,1003595.37263352
2025-04-26T04:30:00.000+0000,1002436.4075977451,783288.560452377,1063373.6074605808,997817.2917508875,499654.96573085536,1003595.37263352,1003595.37263352
2025-04-26T04:40:00.000+0000,1002284.963789793,783288.560452377,1064155.3941386016,996970.7457798874,499654.96573085536,1003595.37263352,1003595.37263352
2025-04-26T04:50:00.000+0000,1002607.149844585,783288.560452377,1063098.4603112184,998752.0543420874,499654.96573085536,1003595.37263352,1003595.37263352
2025-04-26T05:00:00.000+0000,1002734.356128081,783288.560452377,1062090.6191232686,999355.7507482873,499654.96573085536,1003595.37263352,1003595.37263352
2025-04-26T05:10:00.000+0000,1002763.5176002249,783288.560452377,1061487.1461838656,999552.4281304072,499654.96573085536,1003595.37263352,1003595.37263352
2025-04-26T05:20:00.000+0000,1002331.7239417209,783288.560452377,1061647.5287785078,998613.8067287273,499654.96573085536,1003595.37263352,1003595.37263352
2025-04-26T05:30:00.000+0000,1002074.081540665,783288.560452377,1063979.597121425,998423.5767845274,499654.96573085536,1003595.37263352,1003595.37263352
2025-04-26T05:40:00.000+0000,1001763.139233673,783288.560452377,1064242.2890573167,997807.4981920074,499654.96573085536,1003595.37263352,1003595.37263352
2025-04-26T05:50:00.000+0000,1001954.537882161,783288.560452377,1065250.678608315,998223.9586968552,499654.96573085536,1003595.37263352,1003595.37263352
2025-04-26T06:00:00.000+0000,1002046.1631132889,783288.560452377,1065026.6956493268,999455.9052605273,499654.96573085536,1003595.37263352,1003595.37263352
2025-04-26T06:10:00.000+0000,1001874.700762993,783288.560452377,1065733.7813183893,998115.5082766553,499654.96573085536,1003595.37263352,1003595.37263352
2025-04-26T06:20:00.000+0000,1001802.093025689,783288.560452377,1066010.3173595797,997701.9585013592,499654.96573085536,1003595.37263352,1003595.37263352
2025-04-26T06:30:00.000+0000,1000893.107196569,783288.560452377,1066690.6349479125,995192.3114564553,499654.96573085536,1003595.37263352,1003595.37263352
2025-04-26T06:40:00.000+0000,1000786.051839425,783288.560452377,1067784.9917935617,993858.7257991594,499654.96573085536,1003595.37263352,1003595.37263352
2025-04-26T06:50:00.000+0000,1000755.3684957529,783288.560452377,1068416.1298886759,993287.6599176393,499654.96573085536,1003595.37263352,1003595.37263352
2025-04-26T07:00:00.000+0000,1000554.258852281,783288.560452377,1068671.4992132825,992583.5227983433,499654.96573085536,1003595.37263352,1003595.37263352
2025-04-26T07:10:00.000+0000,999587.5004282409,783288.560452377,1069602.3652301244,990366.3291633914,499654.96573085536,1003595.37263352,1003595.37263352
2025-04-26T07:20:00.000+0000,999676.5575554969,783288.560452377,1069944.608287645,989171.5241626794,499654.96573085536,1003595.37263352,1003595.37263352
2025-04-26T07:30:00.000+0000,999840.2427524971,783288.560452377,1069269.4042798572,988326.0654511754,499654.96573085536,1003595.37263352,1003595.37263352
2025-04-26T07:40:00.000+0000,999952.2937699129,783288.560452377,1068084.5050222033,989105.5033216394,499654.96573085536,1003595.37263352,1003595.37263352
2025-04-26T07:50:00.000+0000,1000139.169789401,783288.560452377,1067001.8210528921,990171.1238426794,499654.96573085536,1003595.37263352,1003595.37263352
2025-04-26T08:00:00.000+0000,1000590.670939289,783288.560452377,1066704.7985485713,991916.1295604074,499654.96573085536,1003595.37263352,1003595.37263352
2025-04-26T08:10:00.000+0000,1000181.1407557449,783288.560452377,1065139.580604242,990516.1641794074,499654.96573085536,1003595.37263352,1003595.37263352
2025-04-26T08:20:00.000+0000,999656.529181025,783288.560452377,1067798.0465862467,987430.3690020395,499654.96573085536,1003595.37263352,1003595.37263352
2025-04-26T08:30:00.000+0000,1000347.869176217,783288.560452377,1070914.8160925645,989088.1051713033,499654.96573085536,1003595.37263352,1003595.37263352
2025-04-26T08:40:00.000+0000,1000882.220382993,783288.560452377,1065943.008680996,990629.8843604234,499654.96573085536,1003595.37263352,1003595.37263352
2025-04-26T08:50:00.000+0000,1002012.698686265,783288.560452377,1064707.0819346923,993616.9526325513,499654.96573085536,1003595.37263352,1003595.37263352
2025-04-26T09:00:00.000+0000,1002558.9527231529,783288.560452377,1063398.8551077305,994732.6483113912,499654.96573085536,1003595.37263352,1003595.37263352
2025-04-26T09:10:00.000+0000,1002495.755841137,783288.560452377,1064670.0542568467,995132.8315884474,499654.96573085536,1003595.37263352,1003595.37263352
2025-04-26T09:20:00.000+0000,1002240.389477793,783288.560452377,1063337.0552965356,994788.7256735833,499654.96573085536,1003595.37263352,1003595.37263352
2025-04-26T09:30:00.000+0000,1003303.785919521,783288.560452377,1059253.6105349576,999317.4564482555,499654.96573085536,1003595.37263352,1003595.37263352
2025-04-26T09:40:00.000+0000,1003778.8038609129,783288.560452377,1059183.8092272512,1001450.9521051992,499654.96573085536,1003595.37263352,1003595.37263352
2025-04-26T09:50:00.000+0000,1003518.271133969,783288.560452377,1059937.950584993,1000720.7639634074,499654.96573085536,1003595.37263352,1003595.37263352
2025-04-26T10:00:00.000+0000,1002976.2065828089,783288.560452377,1060339.5737631277,996561.6520469033,499654.96573085536,1003595.37263352,1003595.37263352
2025-04-26T10:10:00.000+0000,1003162.317584801,783288.560452377,1060837.1166431862,992660.0251974234,499654.96573085536,1003595.37263352,1003595.37263352
2025-04-26T10:20:00.000+0000,1002847.7149684009,783288.560452377,1061541.2382740057,990646.5571914794,499654.96573085536,1003595.37263352,1003595.37263352
2025-04-26T10:30:00.000+0000,1002872.050354505,783288.560452377,1061789.8513167226,994239.0832895433,499654.96573085536,1003595.37263352,1003595.37263352
2025-04-26T10:40:00.000+0000,1002661.0541666009,783288.560452377,1062175.8957458923,993812.0979912713,499654.96573085536,1003595.37263352,1003595.37263352
2025-04-26T10:50:00.000+0000,1002862.094805321,783288.560452377,1060585.3873176724,996148.0520218393,499654.96573085536,1003595.37263352,1003595.37263352
2025-04-26T11:00:00.000+0000,1002994.0262756409,783288.560452377,1059227.9134604216,996300.4672020713,499654.96573085536,1003595.37263352,1003595.37263352
2025-04-26T11:10:00.000+0000,1003526.3809908889,783288.560452377,1058602.1012154198,998025.4637399594,499654.96573085536,1003595.37263352,1003595.37263352
2025-04-26T11:20:00.000+0000,1003826.978470369,783288.560452377,1056652.2786369799,1000875.6937803193,499654.96573085536,1003595.37263352,1003595.37263352
2025-04-26T11:30:00.000+0000,1004005.556473585,783288.560452377,1056104.4906054046,1001397.2201251995,499654.96573085536,1003595.37263352,1003595.37263352
2025-04-26T11:40:00.000+0000,1004877.313039961,783288.560452377,1054081.8423609254,1005181.9009464075,499654.96573085536,1003595.37263352,1003595.37263352
2025-04-26T11:50:00.000+0000,1005272.3445517289,783288.560452377,1053264.4353819508,1007431.6522343834,499654.96573085536,1003595.37263352,1003595.37263352
2025-04-26T12:00:00.000+0000,1004570.139595465,783288.560452377,1055335.426883473,1004811.8118347434,499654.96573085536,1003595.37263352,1003595.37263352
2025-04-26T12:10:00.000+0000,1004402.9503639368,783288.560452377,1056893.6765357042,1004302.1832440393,499654.96573085536,1003595.37263352,1003595.37263352
2025-04-26T12:20:00.000+0000,1004441.842924977,783288.560452377,1056525.2949713161,1005179.3201227194,499654.96573085536,1003595.37263352,1003595.37263352
2025-04-26T12:30:00.000+0000,1004389.639740961,783288.560452377,1057041.416294061,1006404.2929398555,499654.96573085536,1003595.37263352,1003595.37263352
2025-04-26T12:40:00.000+0000,1004141.9731728489,783288.560452377,1056229.763201003,1006982.2483153675,499654.96573085536,1003595.37263352,1003595.37263352
2025-04-26T12:50:00.000+0000,1004471.721413049,783288.560452377,1055609.4877431716,1006705.9697551753,499654.96573085536,1003595.37263352,1003595.37263352
2025-04-26T13:00:00.000+0000,1004133.2608482889,783288.560452377,1056093.680221721,1005164.8617187033,499654.96573085536,1003595.37263352,1003595.37263352
2025-04-26T13:10:00.000+0000,1004445.516543729,783288.560452377,1056019.1118812424,1007016.7814767193,499654.96573085536,1003595.37263352,1003595.37263352
2025-04-26T13:20:00.000+0000,1004684.399374457,783288.560452377,1054553.859173283,1008432.3394536553,499654.96573085536,1003595.37263352,1003595.37263352
2025-04-26T13:30:00.000+0000,1005065.3969523609,783288.560452377,1053603.3659665124,1010783.0159867913,499654.96573085536,1003595.37263352,1003595.37263352
2025-04-26T13:40:00.000+0000,1005085.2680127849,783288.560452377,1051679.7593675843,1011224.8838195032,499654.96573085536,1003595.37263352,1003595.37263352
2025-04-26T13:50:00.000+0000,1005132.663655913,783288.560452377,1054358.910167043,1012349.9224380074,499654.96573085536,1003595.37263352,1003595.37263352
2025-04-26T14:00:00.000+0000,1005006.113507089,783288.560452377,1054215.1143424516,1011401.1434189272,499654.96573085536,1003595.37263352,1003595.37263352
2025-04-26T14:10:00.000+0000,1004799.3976222009,783288.560452377,1054192.5976089712,1011530.2702647434,499654.96573085536,1003595.37263352,1003595.37263352
2025-04-26T14:20:00.000+0000,1004673.189519521,783288.560452377,1054033.7684740862,1010046.3579550553,499654.96573085536,1003595.37263352,1003595.37263352
2025-04-26T14:30:00.000+0000,1003962.6230078569,783288.560452377,1056590.5088561508,1007962.1862873274,499654.96573085536,1003595.37263352,1003595.37263352
2025-04-26T14:40:00.000+0000,1003831.8079137211,783288.560452377,1057034.5520083038,1007032.7355732232,499654.96573085536,1003595.37263352,1003595.37263352
2025-04-26T14:50:00.000+0000,1004383.3859579929,783288.560452377,1056904.5335478743,1008884.2848278794,499654.96573085536,1003595.37263352,1003595.37263352
2025-04-26T15:00:00.000+0000,1003497.532438209,783288.560452377,1057469.140177283,1006325.1299009913,499654.96573085536,1003595.37263352,1003595.37263352
2025-04-26T15:10:00.000+0000,1003374.209745353,783288.560452377,1058335.4058394656,1005723.3437453674,499654.96573085536,1003595.37263352,1003595.37263352
2025-04-26T15:20:00.000+0000,1003480.403022713,783288.560452377,1058380.9303273384,1004597.0467143992,499654.96573085536,1003595.37263352,1003595.37263352
2025-04-26T15:30:00.000+0000,1003738.931684193,783288.560452377,1059729.8280328326,1006036.0956335354,499654.96573085536,1003595.37263352,1003595.37263352
2025-04-26T15:40:00.000+0000,1003711.0091401129,783288.560452377,1059665.2978981205,1004272.7271977433,499654.96573085536,1003595.37263352,1003595.37263352
2025-04-26T15:50:00.000+0000,1003350.824828265,783288.560452377,1061081.1987735166,1002472.3779602794,499654.96573085536,1003595.37263352,1003595.37263352
2025-04-26T16:00:00.000+0000,1003545.837623121,783288.560452377,1058964.9505445994,1002607.9271041433,499654.96573085536,1003595.37263352,1003595.37263352
2025-04-26T16:10:00.000+0000,1003889.072875073,783288.560452377,1059270.2994065469,1003874.5889433594,499654.96573085536,1003595.37263352,1003595.37263352
2025-04-26T16:20:00.000+0000,1003304.999228097,783288.560452377,1060450.1885355618,1003869.1549740153,499654.96573085536,1003595.37263352,1003595.37263352
2025-04-26T16:30:00.000+0000,1003440.324760993,783288.560452377,1059474.5101837504,1004065.3348544553,499654.96573085536,1003595.37263352,1003595.37263352
2025-04-26T16:40:00.000+0000,1004198.288394601,783288.560452377,1057638.5923681124,1006713.0980779513,499654.96573085536,1003595.37263352,1003595.37263352
2025-04-26T16:50:00.000+0000,1004015.3928182089,783288.560452377,1059339.0886777812,1006354.7833392473,499654.96573085536,1003595.37263352,1003595.37263352
2025-04-26T17:00:00.000+0000,1003859.0328363449,783288.560452377,1059979.3756750943,1005032.2219854472,499654.96573085536,1003595.37263352,1003595.37263352
2025-04-26T17:10:00.000+0000,1004211.927874281,783288.560452377,1059515.314803913,1006591.2340472313,499654.96573085536,1003595.37263352,1003595.37263352
2025-04-26T17:20:00.000+0000,1003787.963537305,783288.560452377,1059889.618300958,1003771.4938954313,499654.96573085536,1003595.37263352,1003595.37263352
2025-04-26T17:30:00.000+0000,1003856.4215570409,783288.560452377,1060949.504657001,1003522.4583733593,499654.96573085536,1003595.37263352,1003595.37263352
2025-04-26T17:40:00.000+0000,1003738.4685749769,783288.560452377,1060939.6077049207,1003638.6791822714,499654.96573085536,1003595.37263352,1003595.37263352
2025-04-26T17:50:00.000+0000,1003815.233883561,783288.560452377,1060483.6276719803,1004360.3352651752,499654.96573085536,1003595.37263352,1003595.37263352
2025-04-26T18:00:00.000+0000,1003696.0900549369,783288.560452377,1059736.4819359663,1004373.2588180555,499654.96573085536,1003595.37263352,1003595.37263352
2025-04-26T18:10:00.000+0000,1003839.7972171609,783288.560452377,1059408.757317008,1004877.2780598311,499654.96573085536,1003595.37263352,1003595.37263352
2025-04-26T18:20:00.000+0000,1003796.772184745,783288.560452377,1059883.171856071,1003991.8692739755,499654.96573085536,1003595.37263352,1003595.37263352
2025-04-26T18:30:00.000+0000,1003936.069177929,783288.560452377,1060859.4875710183,1004169.7557908234,499654.96573085536,1003595.37263352,1003595.37263352
2025-04-26T18:40:00.000+0000,1003854.912035625,783288.560452377,1060379.4982015053,1004490.1304359034,499654.96573085536,1003595.37263352,1003595.37263352
2025-04-26T18:50:00.000+0000,1003931.5380857049,783288.560452377,1058680.57248629,1004383.4396668554,499654.96573085536,1003595.37263352,1003595.37263352
2025-04-26T19:00:00.000+0000,1004426.876457737,783288.560452377,1058102.8285208736,1004659.9500114713,499654.96573085536,1003595.37263352,1003595.37263352
2025-04-26T19:10:00.000+0000,1004483.163771833,783288.560452377,1057771.2537795568,1005092.1551005673,499654.96573085536,1003595.37263352,1003595.37263352
2025-04-26T19:20:00.000+0000,1004335.805692681,783288.560452377,1058925.9454222962,1003307.1437129993,499654.96573085536,1003595.37263352,1003595.37263352
2025-04-26T19:30:00.000+0000,1004210.055523361,783288.560452377,1059395.3819915294,1002147.7563155193,499654.96573085536,1003595.37263352,1003595.37263352
2025-04-26T19:40:00.000+0000,1004108.878789553,783288.560452377,1060380.7640653525,1001773.0785377274,499654.96573085536,1003595.37263352,1003595.37263352
2025-04-26T19:50:00.000+0000,1004055.9530040808,783288.560452377,1061301.273472077,1002394.3607140473,499654.96573085536,1003595.37263352,1003595.37263352
2025-04-26T20:00:00.000+0000,1003744.056920721,783288.560452377,1062888.7042152137,1001381.6028290393,499654.96573085536,1003595.37263352,1003595.37263352
2025-04-26T20:10:00.000+0000,1003883.434769169,783288.560452377,1061493.7666135407,1002739.6788783354,499654.96573085536,1003595.37263352,1003595.37263352
2025-04-26T20:20:00.000+0000,1004458.261319745,783288.560452377,1060658.154291207,1004431.8393061433,499654.96573085536,1003595.37263352,1003595.37263352
2025-04-26T20:30:00.000+0000,1004406.1406596571,783288.560452377,1060609.8155861257,1004513.6556706474,499654.96573085536,1003595.37263352,1003595.37263352
2025-04-26T20:40:00.000+0000,1004392.711321729,783288.560452377,1060751.5396004182,1004614.8898284794,499654.96573085536,1003595.37263352,1003595.37263352
2025-04-26T20:50:00.000+0000,1004539.9561215771,783288.560452377,1058569.8580001188,1005228.6592098473,499654.96573085536,1003595.37263352,1003595.37263352
2025-04-26T21:00:00.000+0000,1004519.461490409,783288.560452377,1059105.063774857,1004138.6245357672,499654.96573085536,1003595.37263352,1003595.37263352
2025-04-26T21:10:00.000+0000,1004023.707910809,783288.560452377,1060566.9640796338,1002810.0973484555,499654.96573085536,1003595.37263352,1003595.37263352
2025-04-26T21:20:00.000+0000,1004032.5793180008,783288.560452377,1060491.799120035,1002353.7960717434,499654.96573085536,1003595.37263352,1003595.37263352
2025-04-26T21:30:00.000+0000,1004177.7132179209,783288.560452377,1061037.415368216,1002028.2427029593,499654.96573085536,1003595.37263352,1003595.37263352
2025-04-26T21:40:00.000+0000,1004287.906172977,783288.560452377,1061419.789785786,1002965.3651847355,499654.96573085536,1003595.37263352,1003595.37263352
2025-04-26T21:50:00.000+0000,1004447.368880673,783288.560452377,1060731.3356089427,1004321.5547244474,499654.96573085536,1003595.37263352,1003595.37263352
2025-04-26T22:00:00.000+0000,1003845.211702105,783288.560452377,1061599.712457213,998725.4615733355,499654.96573085536,1003595.37263352,1003595.37263352
2025-04-26T22:10:00.000+0000,1003467.836563929,783288.560452377,1064352.9759545,997348.3473267914,499654.96573085536,1003595.37263352,1003595.37263352
2025-04-26T22:20:00.000+0000,1003658.831545609,783288.560452377,1065454.9470048724,997988.3130243274,499654.96573085536,1003595.37263352,1003595.37263352
2025-04-26T22:30:00.000+0000,1003513.8557890729,783288.560452377,1065506.320245361,998518.8421711995,499654.96573085536,1003595.37263352,1003595.37263352
2025-04-26T22:40:00.000+0000,1003554.138387193,783288.560452377,1066268.3264157486,998795.3064926632,499654.96573085536,1003595.37263352,1003595.37263352
2025-04-26T22:50:00.000+0000,1003644.5281175129,783288.560452377,1063957.151403825,1000136.3640076873,499654.96573085536,1003595.37263352,1003595.37263352
2025-04-26T23:00:00.000+0000,1003956.8797761209,783288.560452377,1064490.9926741298,1001182.1649071194,499654.96573085536,1003595.37263352,1003595.37263352
2025-04-26T23:10:00.000+0000,1004010.092052217,783288.560452377,1063278.9484982493,1002550.5469150475,499654.96573085536,1003595.37263352,1003595.37263352
2025-04-26T23:20:00.000+0000,1003879.5708327929,783288.560452377,1064473.9449135326,1001010.1740000073,499654.96573085536,1003595.37263352,1003595.37263352
2025-04-26T23:30:00.000+0000,1003790.076845305,783288.560452377,1063711.5324297168,999885.5304352074,499654.96573085536,1003595.37263352,1003595.37263352
2025-04-26T23:40:00.000+0000,1003638.6906512249,783288.560452377,1063870.2865154757,999053.7819467434,499654.96573085536,1003595.37263352,1003595.37263352
2025-04-26T23:50:00.000+0000,1003381.400028521,783288.560452377,1064705.1652754648,997966.0812240074,499654.96573085536,1003595.37263352,1003595.37263352
2025-04-27T00:00:00.000+0000,1003359.356457497,783288.560452377,1064753.7730735333,998199.3710427273,499654.96573085536,1003595.37263352,1003595.37263352
2025-04-27T00:10:00.000+0000,1002233.008047665,783288.560452377,1068736.4898019654,997592.4925642235,499654.96573085536,1003595.37263352,1003595.37263352
2025-04-27T00:20:00.000+0000,1002432.592202505,783288.560452377,1070854.3517928708,995886.4850029914,499654.96573085536,1003595.37263352,1003595.37263352
2025-04-27T00:30:00.000+0000,1003171.399293617,783288.560452377,1071595.188045081,996670.9091112714,499654.96573085536,1003595.37263352,1003595.37263352
2025-04-27T00:40:00.000+0000,1003199.891002001,783288.560452377,1071291.6536872466,995810.1331733593,499654.96573085536,1003595.37263352,1003595.37263352
2025-04-27T00:50:00.000+0000,1003292.520948713,783288.560452377,1071491.9966351027,996514.0066337513,499654.96573085536,1003595.37263352,1003595.37263352
2025-04-27T01:00:00.000+0000,1003562.8659695371,783288.560452377,1070746.3252764752,998857.9951116152,499654.96573085536,1003595.37263352,1003595.37263352
2025-04-27T01:10:00.000+0000,1003391.9237627931,783288.560452377,1071513.5198171756,999145.7567280073,499654.96573085536,1003595.37263352,1003595.37263352
2025-04-27T01:20:00.000+0000,1004993.7703595129,783288.560452377,1064006.0017611845,1005672.2952768393,499654.96573085536,1003595.37263352,1003595.37263352
2025-04-27T01:30:00.000+0000,1005543.927091745,783288.560452377,1056008.140685657,1006812.1665796953,499654.96573085536,1003595.37263352,1003595.37263352
2025-04-27T01:40:00.000+0000,1006168.3514423129,783288.560452377,1058101.9295410893,1009694.6128664233,499654.96573085536,1003595.37263352,1003595.37263352
2025-04-27T01:50:00.000+0000,1006784.041695753,783288.560452377,1052447.570863695,1012617.2802605034,499654.96573085536,1003595.37263352,1003595.37263352
2025-04-27T02:00:00.000+0000,1007398.962645129,783288.560452377,1053701.0149463487,1014266.2174545833,499654.96573085536,1003595.37263352,1003595.37263352
2025-04-27T02:10:00.000+0000,1007100.9468086809,783288.560452377,1057479.0848310003,1013100.1900433673,499654.96573085536,1003595.37263352,1003595.37263352
2025-04-27T02:20:00.000+0000,1006833.9052329849,783288.560452377,1059431.0094916043,1013722.0026749833,499654.96573085536,1003595.37263352,1003595.37263352
2025-04-27T02:30:00.000+0000,1006867.024606273,783288.560452377,1057533.7209737266,1014909.9223983274,499654.96573085536,1003595.37263352,1003595.37263352
2025-04-27T02:40:00.000+0000,1007243.521467633,783288.560452377,1053972.9608460725,1016088.6264201354,499654.96573085536,1003595.37263352,1003595.37263352
2025-04-27T02:50:00.000+0000,1007108.779827249,783288.560452377,1054652.5735342002,1013755.1636949274,499654.96573085536,1003595.37263352,1003595.37263352
2025-04-27T03:00:00.000+0000,1006576.6085051689,783288.560452377,1057261.8267910266,1012405.1925365274,499654.96573085536,1003595.37263352,1003595.37263352
2025-04-27T03:10:00.000+0000,1006629.180603817,783288.560452377,1056986.6670410708,1012604.6319372634,499654.96573085536,1003595.37263352,1003595.37263352
2025-04-27T03:20:00.000+0000,1006989.7010065771,783288.560452377,1054775.1300166012,1012779.1152288713,499654.96573085536,1003595.37263352,1003595.37263352
2025-04-27T03:30:00.000+0000,1006812.440028897,783288.560452377,1055174.5725667758,1011351.6871955835,499654.96573085536,1003595.37263352,1003595.37263352
2025-04-27T03:40:00.000+0000,1006717.8820758249,783288.560452377,1056377.1821314904,1009668.7078370394,499654.96573085536,1003595.37263352,1003595.37263352
2025-04-27T03:50:00.000+0000,1006925.448379833,783288.560452377,1055477.2648039637,1009475.9550127593,499654.96573085536,1003595.37263352,1003595.37263352
2025-04-27T04:00:00.000+0000,1006937.9960136891,783288.560452377,1056663.1769118821,1010193.4900851115,499654.96573085536,1003595.37263352,1003595.37263352
2025-04-27T04:10:00.000+0000,1006735.325859625,783288.560452377,1057341.6984811667,1009169.3216758315,499654.96573085536,1003595.37263352,1003595.37263352
2025-04-27T04:20:00.000+0000,1006942.3364685449,783288.560452377,1057122.4712868668,1010267.2454935433,499654.96573085536,1003595.37263352,1003595.37263352
2025-04-27T04:30:00.000+0000,1007398.495978761,783288.560452377,1053688.1558251102,1012925.5812222633,499654.96573085536,1003595.37263352,1003595.37263352
2025-04-27T04:40:00.000+0000,1007978.768329209,783288.560452377,1053412.4678068964,1015732.3353412075,499654.96573085536,1003595.37263352,1003595.37263352
2025-04-27T04:50:00.000+0000,1008496.993537113,783288.560452377,1052064.949334872,1018659.6349665353,499654.96573085536,1003595.37263352,1003595.37263352
2025-04-27T05:00:00.000+0000,1008162.6264349609,783288.560452377,1052140.5878856105,1017963.0738216073,499654.96573085536,1003595.37263352,1003595.37263352
2025-04-27T05:10:00.000+0000,1008017.6409961771,783288.560452377,1052719.4709487248,1018095.1348981593,499654.96573085536,1003595.37263352,1003595.37263352
2025-04-27T05:20:00.000+0000,1008639.4026985689,783288.560452377,1047564.3935510837,1020998.5433417355,499654.96573085536,1003595.37263352,1003595.37263352
2025-04-27T05:30:00.000+0000,1008837.614102489,783288.560452377,1048618.2754311464,1020522.2097237272,499654.96573085536,1003595.37263352,1003595.37263352
2025-04-27T05:40:00.000+0000,1008384.023105817,783288.560452377,1050668.7496253797,1018818.9051683594,499654.96573085536,1003595.37263352,1003595.37263352
2025-04-27T05:50:00.000+0000,1008463.5972555289,783288.560452377,1050387.0118352084,1019540.0832739514,499654.96573085536,1003595.37263352,1003595.37263352
2025-04-27T06:00:00.000+0000,1008133.8764333769,783288.560452377,1051503.1218216282,1018909.3130341592,499654.96573085536,1003595.37263352,1003595.37263352
2025-04-27T06:10:00.000+0000,1008088.040481497,783288.560452377,1052612.946434421,1018475.8057076873,499654.96573085536,1003595.37263352,1003595.37263352
2025-04-27T06:20:00.000+0000,1007951.604607585,783288.560452377,1052700.4786984127,1017846.0379952311,499654.96573085536,1003595.37263352,1003595.37263352
2025-04-27T06:30:00.000+0000,1008002.737958153,783288.560452377,1053372.0309203072,1018218.6570713033,499654.96573085536,1003595.37263352,1003595.37263352
2025-04-27T06:40:00.000+0000,1007969.881294529,783288.560452377,1052211.4216375144,1018831.1013336154,499654.96573085536,1003595.37263352,1003595.37263352
2025-04-27T06:50:00.000+0000,1007897.6231373369,783288.560452377,1052269.026111087,1018250.8431618153,499654.96573085536,1003595.37263352,1003595.37263352
2025-04-27T07:00:00.000+0000,1007776.4116541609,783288.560452377,1053341.6059472882,1017893.2985365273,499654.96573085536,1003595.37263352,1003595.37263352
2025-04-27T07:10:00.000+0000,1007915.904850257,783288.560452377,1052402.6009362761,1017403.6118095593,499654.96573085536,1003595.37263352,1003595.37263352
2025-04-27T07:20:00.000+0000,1007659.0049347369,783288.560452377,1054869.6396944735,1016295.5610498874,499654.96573085536,1003595.37263352,1003595.37263352
2025-04-27T07:30:00.000+0000,1007555.1158725289,783288.560452377,1055088.3249467716,1016135.4526591513,499654.96573085536,1003595.37263352,1003595.37263352
2025-04-27T07:40:00.000+0000,1007405.9378005369,783288.560452377,1055691.3390419297,1015412.7283115435,499654.96573085536,1003595.37263352,1003595.37263352
2025-04-27T07:50:00.000+0000,1007543.687732361,783288.560452377,1055408.299732433,1015646.5520028233,499654.96573085536,1003595.37263352,1003595.37263352
2025-04-27T08:00:00.000+0000,1007532.1177357689,783288.560452377,1055023.5887041804,1014612.2656743593,499654.96573085536,1003595.37263352,1003595.37263352
2025-04-27T08:10:00.000+0000,1006897.084119409,783288.560452377,1055874.4139109903,1012565.9741682394,499654.96573085536,1003595.37263352,1003595.37263352
2025-04-27T08:20:00.000+0000,1006983.8877908731,783288.560452377,1057774.011709921,1013041.4423391593,499654.96573085536,1003595.37263352,1003595.37263352
2025-04-27T08:30:00.000+0000,1006896.1394657369,783288.560452377,1058972.704947717,1013815.7671633353,499654.96573085536,1003595.37263352,1003595.37263352
2025-04-27T08:40:00.000+0000,1006764.3666683771,783288.560452377,1059482.6800042198,1014226.9538506153,499654.96573085536,1003595.37263352,1003595.37263352
2025-04-27T08:50:00.000+0000,1006710.377824033,783288.560452377,1059508.467134135,1013875.9243690392,499654.96573085536,1003595.37263352,1003595.37263352
2025-04-27T09:00:00.000+0000,1006979.3542206329,783288.560452377,1058743.8359612213,1015762.5589729432,499654.96573085536,1003595.37263352,1003595.37263352
2025-04-27T09:10:00.000+0000,1006809.138452273,783288.560452377,1058113.9471139743,1015113.2200599834,499654.96573085536,1003595.37263352,1003595.37263352
2025-04-27T09:20:00.000+0000,1006977.066792041,783288.560452377,1058419.2407622281,1014873.5622697194,499654.96573085536,1003595.37263352,1003595.37263352
2025-04-27T09:30:00.000+0000,1006932.3988649929,783288.560452377,1058519.1647180072,1015067.0763644953,499654.96573085536,1003595.37263352,1003595.37263352
2025-04-27T09:40:00.000+0000,1006682.7734951769,783288.560452377,1059705.5675696204,1013646.1229273833,499654.96573085536,1003595.37263352,1003595.37263352
2025-04-27T09:50:00.000+0000,1006847.232122937,783288.560452377,1059474.4691803765,1014808.4078949514,499654.96573085536,1003595.37263352,1003595.37263352
2025-04-27T10:00:00.000+0000,1006828.598172033,783288.560452377,1058896.1307421415,1014643.2944314794,499654.96573085536,1003595.37263352,1003595.37263352
2025-04-27T10:10:00.000+0000,1006760.619388601,783288.560452377,1058844.1641019855,1014441.0424825833,499654.96573085536,1003595.37263352,1003595.37263352
2025-04-27T10:20:00.000+0000,1006949.161783921,783288.560452377,1058010.8082526713,1014967.5512883033,499654.96573085536,1003595.37263352,1003595.37263352
2025-04-27T10:30:00.000+0000,1007046.261062305,783288.560452377,1057273.1957684094,1015589.1017398314,499654.96573085536,1003595.37263352,1003595.37263352
2025-04-27T10:40:00.000+0000,1006859.9576943289,783288.560452377,1058021.2835981655,1015354.6949354153,499654.96573085536,1003595.37263352,1003595.37263352
2025-04-27T10:50:00.000+0000,1006790.813673833,783288.560452377,1058874.26397239,1014564.1749777193,499654.96573085536,1003595.37263352,1003595.37263352
2025-04-27T11:00:00.000+0000,1006763.7221444088,783288.560452377,1057424.8783873809,1014550.5830799433,499654.96573085536,1003595.37263352,1003595.37263352
2025-04-27T11:10:00.000+0000,1006875.8163072809,783288.560452377,1057212.044570576,1013344.7564535912,499654.96573085536,1003595.37263352,1003595.37263352
2025-04-27T11:20:00.000+0000,1006982.452569969,783288.560452377,1057436.0597062316,1013256.6739260313,499654.96573085536,1003595.37263352,1003595.37263352
2025-04-27T11:30:00.000+0000,1006785.815905249,783288.560452377,1057888.5015822593,1012527.5998722553,499654.96573085536,1003595.37263352,1003595.37263352
2025-04-27T11:40:00.000+0000,1007023.049416489,783288.560452377,1057573.6795114323,1013535.2299727754,499654.96573085536,1003595.37263352,1003595.37263352
2025-04-27T11:50:00.000+0000,1006788.099896593,783288.560452377,1056906.1358181373,1013201.0006603034,499654.96573085536,1003595.37263352,1003595.37263352
2025-04-27T12:00:00.000+0000,1007022.873597257,783288.560452377,1055623.3026676143,1012440.0398363674,499654.96573085536,1003595.37263352,1003595.37263352
2025-04-27T12:10:00.000+0000,1007012.841549321,783288.560452377,1055170.0309943159,1012683.9586350954,499654.96573085536,1003595.37263352,1003595.37263352
2025-04-27T12:20:00.000+0000,1007014.8255008889,783288.560452377,1054292.4738809713,1012556.2344562474,499654.96573085536,1003595.37263352,1003595.37263352
2025-04-27T12:30:00.000+0000,1007035.791554617,783288.560452377,1052807.9590159205,1016594.8107084874,499654.96573085536,1003595.37263352,1003595.37263352
2025-04-27T12:40:00.000+0000,1005689.1498005609,783288.560452377,1054339.510011435,1014965.9768288793,499654.96573085536,1003595.37263352,1003595.37263352
2025-04-27T12:50:00.000+0000,1005762.640850649,783288.560452377,1053520.8543211685,1015667.6785880232,499654.96573085536,1003595.37263352,1003595.37263352
2025-04-27T13:00:00.000+0000,1006444.0659840809,783288.560452377,1050379.5217494753,1016873.4695729113,499654.96573085536,1003595.37263352,1003595.37263352
2025-04-27T13:10:00.000+0000,1006376.8210830729,783288.560452377,1053090.5180181551,1017163.6194271834,499654.96573085536,1003595.37263352,1003595.37263352
2025-04-27T13:20:00.000+0000,1006492.5194802489,783288.560452377,1053005.6029852754,1016789.7816468553,499654.96573085536,1003595.37263352,1003595.37263352
2025-04-27T13:30:00.000+0000,1005954.454496873,783288.560452377,1054429.5450459067,1015548.0202913033,499654.96573085536,1003595.37263352,1003595.37263352
2025-04-27T13:40:00.000+0000,1004833.809830393,783288.560452377,1056970.378097581,1012740.0227478952,499654.96573085536,1003595.37263352,1003595.37263352
2025-04-27T13:50:00.000+0000,1005499.1843246169,783288.560452377,1056744.139738724,1010362.2317936635,499654.96573085536,1003595.37263352,1003595.37263352
2025-04-27T14:00:00.000+0000,1005541.2123252968,783288.560452377,1057435.53785902,1008842.6661294954,499654.96573085536,1003595.37263352,1003595.37263352
2025-04-27T14:10:00.000+0000,1005072.0296719369,783288.560452377,1056900.279812824,1004631.7268480794,499654.96573085536,1003595.37263352,1003595.37263352
2025-04-27T14:20:00.000+0000,1005330.519884201,783288.560452377,1059730.7154851742,1004292.6446909913,499654.96573085536,1003595.37263352,1003595.37263352
2025-04-27T14:30:00.000+0000,1005137.5596659689,783288.560452377,1059491.0208493832,1005145.9156676794,499654.96573085536,1003595.37263352,1003595.37263352
2025-04-27T14:40:00.000+0000,1005433.088333745,783288.560452377,1058516.0449742582,1006000.5776107034,499654.96573085536,1003595.37263352,1003595.37263352
2025-04-27T14:50:00.000+0000,1005580.716386745,783288.560452377,1057920.1511385345,1008019.2564346553,499654.96573085536,1003595.37263352,1003595.37263352
2025-04-27T15:00:00.000+0000,1005826.643007929,783288.560452377,1055893.8205590798,1011164.8999350313,499654.96573085536,1003595.37263352,1003595.37263352
2025-04-27T15:10:00.000+0000,1006194.270840193,783288.560452377,1057312.2542531802,1010593.6482123033,499654.96573085536,1003595.37263352,1003595.37263352
2025-04-27T15:20:00.000+0000,1006250.573801761,783288.560452377,1055679.578569449,1010548.7791862634,499654.96573085536,1003595.37263352,1003595.37263352
2025-04-27T15:30:00.000+0000,1006512.2228449371,783288.560452377,1056201.7445756143,1014682.6263307674,499654.96573085536,1003595.37263352,1003595.37263352
2025-04-27T15:40:00.000+0000,1006453.6828544249,783288.560452377,1056595.7722934484,1015843.5171545433,499654.96573085536,1003595.37263352,1003595.37263352
2025-04-27T15:50:00.000+0000,1006387.8260620409,783288.560452377,1057182.64317933,1016305.4190072074,499654.96573085536,1003595.37263352,1003595.37263352
2025-04-27T16:00:00.000+0000,1006157.316587265,783288.560452377,1057396.1443717775,1016641.2437123433,499654.96573085536,1003595.37263352,1003595.37263352
2025-04-27T16:10:00.000+0000,1006324.5307688168,783288.560452377,1056305.228929398,1017391.5042633513,499654.96573085536,1003595.37263352,1003595.37263352
2025-04-27T16:20:00.000+0000,1007005.982391041,783288.560452377,1055800.7914559995,1019651.2095517513,499654.96573085536,1003595.37263352,1003595.37263352
2025-04-27T16:30:00.000+0000,1007433.4736242411,783288.560452377,1054187.8466913207,1020316.4737742634,499654.96573085536,1003595.37263352,1003595.37263352
2025-04-27T16:40:00.000+0000,1006829.994244281,783288.560452377,1055252.4124304168,1020366.7159983033,499654.96573085536,1003595.37263352,1003595.37263352
2025-04-27T16:50:00.000+0000,1006849.4671434889,783288.560452377,1055089.4994584478,1020332.1070875995,499654.96573085536,1003595.37263352,1003595.37263352
2025-04-27T17:00:00.000+0000,1006988.7100100089,783288.560452377,1055525.854966478,1020828.4545317274,499654.96573085536,1003595.37263352,1003595.37263352
2025-04-27T17:10:00.000+0000,1006542.9049595929,783288.560452377,1057339.0236664189,1018038.1761116713,499654.96573085536,1003595.37263352,1003595.37263352
2025-04-27T17:20:00.000+0000,1006675.899228993,783288.560452377,1058582.0870109196,1018308.4494199113,499654.96573085536,1003595.37263352,1003595.37263352
2025-04-27T17:30:00.000+0000,1006851.127574081,783288.560452377,1057335.8489504762,1020357.1381467194,499654.96573085536,1003595.37263352,1003595.37263352
2025-04-27T17:40:00.000+0000,1006603.138534153,783288.560452377,1058053.4453432942,1019034.7225462233,499654.96573085536,1003595.37263352,1003595.37263352
2025-04-27T17:50:00.000+0000,1006530.061402665,783288.560452377,1059127.3392994143,1018433.0194441034,499654.96573085536,1003595.37263352,1003595.37263352
2025-04-27T18:00:00.000+0000,1006098.473249625,783288.560452377,1058372.9886143408,1016484.0615987115,499654.96573085536,1003595.37263352,1003595.37263352
2025-04-27T18:10:00.000+0000,1005516.018196737,783288.560452377,1060205.8729677226,1014371.9512198473,499654.96573085536,1003595.37263352,1003595.37263352
2025-04-27T18:20:00.000+0000,1005533.921372729,783288.560452377,1061085.3440216999,1013567.7625159032,499654.96573085536,1003595.37263352,1003595.37263352
2025-04-27T18:30:00.000+0000,1005422.4276391291,783288.560452377,1061637.4252176909,1013683.7087346634,499654.96573085536,1003595.37263352,1003595.37263352
2025-04-27T18:40:00.000+0000,1005006.892023777,783288.560452377,1063457.7677810336,1010332.5628278393,499654.96573085536,1003595.37263352,1003595.37263352
2025-04-27T18:50:00.000+0000,1005150.488624521,783288.560452377,1062602.5612235134,1010069.7240572073,499654.96573085536,1003595.37263352,1003595.37263352
2025-04-27T19:00:00.000+0000,1004798.7707940649,783288.560452377,1062258.0898363953,1010570.4938805994,499654.96573085536,1003595.37263352,1003595.37263352
2025-04-27T19:10:00.000+0000,1004993.599616217,783288.560452377,1061574.479610535,1012150.4310588875,499654.96573085536,1003595.37263352,1003595.37263352
2025-04-27T19:20:00.000+0000,1004636.7934496889,783288.560452377,1061448.4806695725,1014028.7577844154,499654.96573085536,1003595.37263352,1003595.37263352
2025-04-27T19:30:00.000+0000,1004708.712238593,783288.560452377,1062480.6297630135,1013842.9404373113,499654.96573085536,1003595.37263352,1003595.37263352
2025-04-27T19:40:00.000+0000,1004723.518504097,783288.560452377,1063060.2091411261,1012662.6472478553,499654.96573085536,1003595.37263352,1003595.37263352
2025-04-27T19:50:00.000+0000,1004272.466674465,783288.560452377,1063896.45238769,1013407.9870386234,499654.96573085536,1003595.37263352,1003595.37263352
2025-04-27T20:00:00.000+0000,1004272.6988385848,783288.560452377,1061811.053670926,1013726.8545603673,499654.96573085536,1003595.37263352,1003595.37263352
2025-04-27T20:10:00.000+0000,1004540.2145546649,783288.560452377,1061551.6002320186,1015178.6869945034,499654.96573085536,1003595.37263352,1003595.37263352
2025-04-27T20:20:00.000+0000,1004780.2161396729,783288.560452377,1059732.9729956267,1016038.2353852394,499654.96573085536,1003595.37263352,1003595.37263352
2025-04-27T20:30:00.000+0000,1004838.121368401,783288.560452377,1060347.2225323196,1015095.5473494714,499654.96573085536,1003595.37263352,1003595.37263352
2025-04-27T20:40:00.000+0000,1004509.2235373289,783288.560452377,1060023.2092055515,1014282.6023861433,499654.96573085536,1003595.37263352,1003595.37263352
2025-04-27T20:50:00.000+0000,1004516.267777425,783288.560452377,1059604.1539351258,1014610.0662253273,499654.96573085536,1003595.37263352,1003595.37263352
2025-04-27T21:00:00.000+0000,1004886.009846945,783288.560452377,1058219.749834876,1016199.3056958234,499654.96573085536,1003595.37263352,1003595.37263352
2025-04-27T21:10:00.000+0000,1004701.9582760889,783288.560452377,1058360.4049892765,1015567.0935205034,499654.96573085536,1003595.37263352,1003595.37263352
2025-04-27T21:20:00.000+0000,1004501.271204289,783288.560452377,1060232.6659545628,1015040.9025303272,499654.96573085536,1003595.37263352,1003595.37263352
2025-04-27T21:30:00.000+0000,1004237.185002401,783288.560452377,1061254.268686629,1012790.0329776793,499654.96573085536,1003595.37263352,1003595.37263352
2025-04-27T21:40:00.000+0000,1004225.738846657,783288.560452377,1062370.1243090979,1012318.9667024234,499654.96573085536,1003595.37263352,1003595.37263352
2025-04-27T21:50:00.000+0000,1004332.491895841,783288.560452377,1061467.0869606053,1012382.0488363114,499654.96573085536,1003595.37263352,1003595.37263352
2025-04-27T22:00:00.000+0000,1004594.859753505,783288.560452377,1056960.1179638896,1014001.7468904314,499654.96573085536,1003595.37263352,1003595.37263352
2025-04-27T22:10:00.000+0000,1005211.6880557769,783288.560452377,1055386.1483268656,1017341.4404364794,499654.96573085536,1003595.37263352,1003595.37263352
2025-04-27T22:20:00.000+0000,1005515.5194660409,783288.560452377,1054481.4634478502,1017817.2919404873,499654.96573085536,1003595.37263352,1003595.37263352
2025-04-27T22:30:00.000+0000,1005955.850918841,783288.560452377,1052875.209037717,1019767.4193494794,499654.96573085536,1003595.37263352,1003595.37263352
2025-04-27T22:40:00.000+0000,1005342.6029400169,783288.560452377,1054863.876722492,1018238.0860057115,499654.96573085536,1003595.37263352,1003595.37263352
2025-04-27T22:50:00.000+0000,1005670.901131185,783288.560452377,1055723.0837599805,1018752.7339776952,499654.96573085536,1003595.37263352,1003595.37263352
2025-04-27T23:00:00.000+0000,1006172.4606423209,783288.560452377,1053528.4564797326,1020947.9537957752,499654.96573085536,1003595.37263352,1003595.37263352
2025-04-27T23:10:00.000+0000,1006436.829787673,783288.560452377,1053253.0573899385,1022283.6181088153,499654.96573085536,1003595.37263352,1003595.37263352
2025-04-27T23:20:00.000+0000,1006639.5518601689,783288.560452377,1054538.2721699043,1021834.4067656153,499654.96573085536,1003595.37263352,1003595.37263352
2025-04-27T23:30:00.000+0000,1006668.067519377,1006668.067519377,1054757.0994718228,1021952.5077291994,1021952.5077291994,1003595.37263352,1003595.37263352
