date,total_balance_normal,unlocked_balance_normal,benchmark,total_balance_short_only,unlocked_balance_short_only,total_balance_long_only,unlocked_balance_long_only
2025-04-17T10:20:00.000+0000,1000000.0,1000000.0,1000000.0,1000000.0,1000000.0,1000000.0,1000000.0
2025-04-17T10:30:00.000+0000,998056.7099832008,406651.44200000045,999695.0632239727,1000000.0,1000000.0,999029.2494312006,703598.8220000006
2025-04-17T10:40:00.000+0000,997700.6830328004,406651.44200000045,999368.6453583143,1000000.0,1000000.0,998851.3998248009,703598.8220000006
2025-04-17T10:50:00.000+0000,998056.7099832008,406651.44200000045,999736.3719732547,1000000.0,1000000.0,999029.2494312006,703598.8220000006
2025-04-17T11:00:00.000+0000,998813.2672528005,406651.44200000045,1000929.4767109897,1000000.0,1000000.0,999407.1798448006,703598.8220000006
2025-04-17T11:10:00.000+0000,996276.5752312005,406651.44200000045,998203.2096103323,1000000.0,1000000.0,998140.0013992006,703598.8220000006
2025-04-17T11:20:00.000+0000,997211.1459760002,406651.44200000045,999315.2962531286,1000000.0,1000000.0,998606.8566160004,703598.8220000006
2025-04-17T11:30:00.000+0000,997700.6830328004,406651.44200000045,999923.7525337096,1000000.0,1000000.0,998851.3998248009,703598.8220000006
2025-04-17T11:40:00.000+0000,998333.6445672011,1881.4036000005108,1001403.7025118477,1000000.0,1000000.0,999010.3745784005,379986.9628000004
2025-04-17T11:50:00.000+0000,997332.7974859208,1881.4036000005108,1001232.9539645787,1000000.0,1000000.0,998397.0884001607,379986.9628000004
2025-04-17T12:00:00.000+0000,997038.147794401,1881.4036000005108,1001225.8851848274,1000000.0,1000000.0,998214.9134568003,360768.34830000036
2025-04-17T12:10:00.000+0000,999045.0851590403,1881.4036000005108,1002379.9063675099,1000000.0,1000000.0,999268.7201351204,360768.34830000036
2025-04-17T12:20:00.000+0000,1002281.9459971203,1881.4036000005108,1004941.6891541964,1000000.0,1000000.0,1001216.2512628003,360768.34830000036
2025-04-17T12:30:00.000+0000,1001825.5292228812,17052.93166000061,1004495.4622316064,1000000.0,1000000.0,1000945.4991379208,368347.40520000044
2025-04-17T12:40:00.000+0000,1002578.0882936011,17052.93166000061,1005145.74937394,1000000.0,1000000.0,1001338.1300816806,368347.40520000044
2025-04-17T12:50:00.000+0000,1003287.1238110404,1922.0736600006076,1005699.5906454265,999973.0327024,983354.716,1001828.8229131203,368347.40520000044
2025-04-17T13:00:00.000+0000,999944.4187382406,1922.0736600006076,1002979.3962741587,999996.611824,983354.716,999840.4254047205,368347.40520000044
2025-04-17T13:10:00.000+0000,997909.5593291209,1922.0736600006076,1000984.7597810347,1000058.6621440001,983354.716,998484.1739745601,368347.40520000044
2025-04-17T13:20:00.000+0000,998575.5117406403,1922.0736600006076,1001705.8954532633,1000047.4930864,983354.716,998980.2340088006,368347.40520000044
2025-04-17T13:30:00.000+0000,995549.7610190411,1584.2688600006077,998997.8977609731,1000058.6621440001,983354.716,997061.8831297607,349403.74986944045
2025-04-17T13:40:00.000+0000,996104.0428385604,1584.2688600006077,999333.2254702253,1000077.27724,983354.716,997381.7547276004,349403.74986944045
2025-04-17T13:50:00.000+0000,996160.1221392008,1921.6211620806075,999531.8915352372,1000087.2052912,983354.716,997490.2191865605,384657.0654368005
2025-04-17T14:00:00.000+0000,988669.6275773606,1921.6211620806075,993812.9750740252,1000143.0505792,983354.716,993234.3988835205,368421.94924336043
2025-04-17T14:10:00.000+0000,986767.446640481,17176.226651680612,992025.3949528593,1000213.3535208,991999.3050208,991837.6653649607,368421.94924336043
2025-04-17T14:20:00.000+0000,985451.5422068806,17176.226651680612,990790.254127077,1000232.7130208,991999.3050208,990888.7451089602,368421.94924336043
2025-04-17T14:30:00.000+0000,980708.1023969606,17176.226651680612,986509.5744660958,1000243.3295207999,991999.3050208,987633.6874400002,368421.94924336043
2025-04-17T14:40:00.000+0000,983076.1200660806,17260.159451680614,988641.615392061,1000222.7210208,991999.3050208,989078.1777225604,368505.88204336044
2025-04-17T14:50:00.000+0000,984020.8452808002,2413.9574516806115,989554.7965980947,1000230.2150208,991999.3050208,989673.4019619204,374112.5729833604
2025-04-17T15:00:00.000+0000,985627.6715198401,2413.9574516806115,991036.7350418083,1000167.7650207999,991999.3050208,990595.6540534403,355038.0599833604
2025-04-17T15:10:00.000+0000,991460.7455244809,18793.739134880583,996196.342936953,1000138.4135208,991999.3050208,994225.2288409604,371064.88425856025
2025-04-17T15:20:00.000+0000,989742.8979028804,18793.739134880583,994769.2908177294,1000161.5200208,1000161.5200208,993284.7698105605,390138.0255289602
2025-04-17T15:30:00.000+0000,991894.6453267203,18793.739134880583,996458.5629921422,1000161.5200208,1000161.5200208,994477.8769606404,390138.0255289602
2025-04-17T15:40:00.000+0000,994011.5551429606,18793.739134880583,998281.352878272,1000161.5200208,1000161.5200208,995717.2091011201,390138.0255289602
2025-04-17T15:50:00.000+0000,996739.6776975207,18793.739134880583,999405.3561309336,1000161.5200208,1000161.5200208,997036.7267418399,390138.0255289602
2025-04-17T16:00:00.000+0000,993133.2675356008,13841.819348480529,996597.0954904864,1000161.5200208,1000161.5200208,994967.0773869599,401081.83305728005
2025-04-17T16:10:00.000+0000,997086.4442681606,28954.582458080557,999971.0828360452,1000161.5200208,1000161.5200208,997420.35897432,408631.53346127993
2025-04-17T16:20:00.000+0000,1002359.7061810411,91592.38549536055,1004377.7299078464,1000161.5200208,1000161.5200208,1000646.82623392,444404.65974712
2025-04-17T16:30:00.000+0000,1006549.6542388805,91592.38549536055,1008032.4161787191,1000161.5200208,1000161.5200208,1003432.7168370406,444404.65974712
2025-04-17T16:40:00.000+0000,1003813.3680204801,178127.03375024052,1005382.3548503745,1000161.5200208,1000161.5200208,1001763.0118704801,506030.03087840043
2025-04-17T16:50:00.000+0000,1005115.1545574405,178127.03375024052,1006668.2695435027,1000161.5200208,1000161.5200208,1002622.3021878406,506030.03087840043
2025-04-17T17:00:00.000+0000,1005533.1353051204,192823.87386464066,1006935.0334645361,1000161.5200208,1000161.5200208,1002745.0773890403,513365.01619200036
2025-04-17T17:10:00.000+0000,1007839.0984576008,215826.05938304082,1009092.009530874,1000161.5200208,1000161.5200208,1004113.3778722403,524859.3873328002
2025-04-17T17:20:00.000+0000,1006891.3382728009,246511.55932864093,1007958.1228740541,1000161.5200208,1000161.5200208,1003504.9572984002,540202.1373056002
2025-04-17T17:30:00.000+0000,1009671.7797387212,249636.37747264095,1011006.0283011668,1000161.5200208,1000161.5200208,1005071.0863919999,541764.5463776002
2025-04-17T17:40:00.000+0000,1008427.8077131207,249636.37747264095,1009792.8972579034,1000161.5200208,1000161.5200208,1004403.2653765602,541764.5463776002
2025-04-17T17:50:00.000+0000,1011157.3181564809,249636.37747264095,1012712.8485925575,1000161.5200208,1000161.5200208,1006128.5934090402,569187.51064144
2025-04-17T18:00:00.000+0000,1010110.7338942412,249636.37747264095,1011766.3958264467,1000161.5200208,1000161.5200208,1005574.4316933601,582943.5757784
2025-04-17T18:10:00.000+0000,1011668.015071841,237353.94547264095,1013692.1797951784,1000132.6437967999,986668.1440207999,1006399.1282079199,582943.5757784
2025-04-17T18:20:00.000+0000,1010154.7824145611,237353.94547264095,1012521.7861022097,1000112.6917711999,986668.1440207999,1005631.9013807998,596672.7076791999
2025-04-17T18:30:00.000+0000,1009654.139817121,402.49317264092565,1012498.8714189501,1000151.3488208,1000151.3488208,1005323.6754050398,336704.9059792
2025-04-17T18:40:00.000+0000,1007610.1301340805,402.49317264092565,1010246.2390680958,1000151.3488208,1000151.3488208,1003827.5445680001,336704.9059792
2025-04-17T18:50:00.000+0000,1004136.1514421607,402.49317264092565,1007111.1938415949,1000151.3488208,1000151.3488208,1001734.2665311999,336704.9059792
2025-04-17T19:00:00.000+0000,1005326.819844801,402.49317264092565,1008250.192867372,1000151.3488208,1000151.3488208,1002557.9010959996,336704.9059792
2025-04-17T19:10:00.000+0000,998236.4127120005,12157.359550400943,1001472.359869207,1000151.3488208,1000151.3488208,998506.2554076803,361778.63923256006
2025-04-17T19:20:00.000+0000,995257.1517290409,12157.359550400943,998434.0547753836,1000151.3488208,1000151.3488208,996880.2161805602,388963.14521576016
2025-04-17T19:30:00.000+0000,991748.5156852012,88584.15206408095,995435.8476319944,1000151.3488208,1000151.3488208,994965.94342488,446262.08046688023
2025-04-17T19:40:00.000+0000,994254.0742335208,88584.15206408095,997975.370237045,1000151.3488208,1000151.3488208,996389.6592403202,446262.08046688023
2025-04-17T19:50:00.000+0000,994281.7500751212,88584.15206408095,997562.9617846482,1000151.3488208,1000151.3488208,996343.9659242404,446262.08046688023
2025-04-17T20:00:00.000+0000,997907.3290896813,88584.15206408095,1001124.4780279583,1000151.3488208,1000151.3488208,998464.6364295203,446262.08046688023
2025-04-17T20:10:00.000+0000,999587.6247768814,88597.55233528094,1002487.2168592429,1000151.3488208,1000151.3488208,999315.8444179206,446275.48073808034
2025-04-17T20:20:00.000+0000,1001265.1620725616,88597.55233528094,1003943.4428784621,1000151.3488208,1000151.3488208,1000228.6579824006,446275.48073808034
2025-04-17T20:30:00.000+0000,1000547.9801774411,111449.77591928098,1002706.8895868165,1000151.3488208,1000151.3488208,999739.8943063999,457701.5925300801
2025-04-17T20:40:00.000+0000,999865.5541553611,165007.78310896104,1002281.8067952127,1000151.3488208,1000151.3488208,999402.0897664004,484464.7786390401
2025-04-17T20:50:00.000+0000,1003544.169906561,165007.78310896104,1005653.1030189092,1000151.3488208,1000151.3488208,1001496.3323309601,484464.7786390401
2025-04-17T21:00:00.000+0000,1001411.3753083206,165007.78310896104,1003919.4551440752,1000151.3488208,1000151.3488208,1000344.1545112,484464.7786390401
2025-04-17T21:10:00.000+0000,1001300.520063521,165007.78310896104,1003966.1543975901,1000151.3488208,1000151.3488208,1000221.5746536002,484464.7786390401
2025-04-17T21:20:00.000+0000,1000033.5448552008,165007.78310896104,1002782.0270651842,1000151.3488208,1000151.3488208,999502.5883032006,484464.7786390401
2025-04-17T21:30:00.000+0000,1001219.3308668802,172602.67832816098,1003776.6194657772,1000151.3488208,1000151.3488208,1000105.67834488,488262.2262486403
2025-04-17T21:40:00.000+0000,1001768.2449840006,172602.67832816098,1004226.3556359251,1000151.3488208,1000151.3488208,1000428.2412879203,488262.2262486403
2025-04-17T21:50:00.000+0000,1002882.9025440004,172602.67832816098,1005555.7597199737,1000151.3488208,1000151.3488208,1001110.8385728803,488262.2262486403
2025-04-17T22:00:00.000+0000,1001854.8298606406,199461.639555681,1004482.357411203,1000151.3488208,1000151.3488208,1000467.0633054402,501691.70686240017
2025-04-17T22:10:00.000+0000,1003131.6743672015,199461.639555681,1005993.4474133576,1000151.3488208,1000151.3488208,1001212.2025168,501691.70686240017
2025-04-17T22:20:00.000+0000,1002133.219970241,199461.639555681,1004905.5734450526,1000151.3488208,1000151.3488208,1000669.8674322403,501691.70686240017
2025-04-17T22:30:00.000+0000,1001222.3906171211,199461.639555681,1003780.6224409048,1000151.3488208,1000151.3488208,1000105.8325214402,501691.70686240017
2025-04-17T22:40:00.000+0000,1000226.0151556806,199461.639555681,1002725.636587604,1000151.3488208,1000151.3488208,999527.24276384,501691.70686240017
2025-04-17T22:50:00.000+0000,997778.291702241,199461.639555681,999921.3213805137,1000151.3488208,1000151.3488208,998182.2468220801,501691.70686240017
2025-04-17T23:00:00.000+0000,998923.9460449609,207046.8864996809,1001184.0667278259,1000151.3488208,1000151.3488208,998825.9268657602,505484.33033440023
2025-04-17T23:10:00.000+0000,1001054.1218399209,233793.32591672087,1003257.0770197327,1000151.3488208,1000151.3488208,999979.3669748805,518849.6509172804
2025-04-17T23:20:00.000+0000,1002195.6711692811,233793.32591672087,1004534.0860374556,1000151.3488208,1000151.3488208,1000579.2278020002,518849.6509172804
2025-04-17T23:30:00.000+0000,1001991.0036344007,233793.32591672087,1004248.2607334425,1000151.3488208,1000151.3488208,1000503.0925589604,518849.6509172804
2025-04-17T23:40:00.000+0000,1001175.599579921,233793.32591672087,1003290.7302888383,1000151.3488208,1000151.3488208,1000069.2220332806,518849.6509172804
2025-04-17T23:50:00.000+0000,1002015.8181668808,233793.32591672087,1004032.7389442818,1000151.3488208,1000151.3488208,1000516.7891928805,518849.6509172804
2025-04-18T00:00:00.000+0000,1001329.2807365607,233793.32591672087,1003278.7847136734,1000151.3488208,1000151.3488208,1000128.5357443203,518849.6509172804
2025-04-18T00:10:00.000+0000,1000340.0692393607,233793.32591672087,1002230.8460665082,1000151.3488208,1000151.3488208,999626.3651024804,518849.6509172804
2025-04-18T00:20:00.000+0000,1000034.1679563207,233793.32591672087,1001894.6700632571,1000151.3488208,1000151.3488208,999449.8004672804,518849.6509172804
2025-04-18T00:30:00.000+0000,1000308.632209121,233793.32591672087,1002482.9729245632,1000151.3488208,1000151.3488208,999596.0478756804,518849.6509172804
2025-04-18T00:40:00.000+0000,998986.5196460003,233793.32591672087,1001119.1106703256,1000151.3488208,1000151.3488208,998822.0315844802,518849.6509172804
2025-04-18T00:50:00.000+0000,998808.7446798406,233793.32591672087,1000647.1362381921,1000151.3488208,1000151.3488208,998709.6886308006,518849.6509172804
2025-04-18T01:00:00.000+0000,999397.8083516012,233793.32591672087,1001397.4528805465,1000151.3488208,1000151.3488208,999103.4294859205,518849.6509172804
2025-04-18T01:10:00.000+0000,1004278.5603238413,233793.32591672087,1006501.2224836337,1000151.3488208,1000151.3488208,1001705.1389519207,518849.6509172804
2025-04-18T01:20:00.000+0000,1003752.3056646406,233793.32591672087,1006133.0294707287,1000151.3488208,1000151.3488208,1001485.0583573602,518849.6509172804
2025-04-18T01:30:00.000+0000,1004009.7209675208,233793.32591672087,1006026.1357604491,1000151.3488208,1000151.3488208,1001573.2651354403,518849.6509172804
2025-04-18T01:40:00.000+0000,1002088.1232764805,233793.32591672087,1004226.9131794802,1000151.3488208,1000151.3488208,1000583.5067760801,518849.6509172804
2025-04-18T01:50:00.000+0000,1002219.0191759205,233793.32591672087,1004209.4816232435,1000151.3488208,1000151.3488208,1000622.3757560004,518849.6509172804
2025-04-18T02:00:00.000+0000,1001512.6411308005,233793.32591672087,1003141.6580813939,1000151.3488208,1000151.3488208,1000176.6692067201,518849.6509172804
2025-04-18T02:10:00.000+0000,1001456.8426053608,233793.32591672087,1003183.6199508854,1000151.3488208,1000151.3488208,1000123.1800323204,518849.6509172804
2025-04-18T02:20:00.000+0000,1002157.8180760008,233793.32591672087,1003984.7452388979,1000151.3488208,1000151.3488208,1000498.9576695203,518849.6509172804
2025-04-18T02:30:00.000+0000,1002544.1800389608,233793.32591672087,1004815.1059931876,1000151.3488208,1000151.3488208,1000799.7525409606,518849.6509172804
2025-04-18T02:40:00.000+0000,1003363.7777358413,233793.32591672087,1005278.8862083468,1000151.3488208,1000151.3488208,1001172.1095168805,518849.6509172804
2025-04-18T02:50:00.000+0000,1004550.8314325612,233793.32591672087,1006344.0169727239,1000151.3488208,1000151.3488208,1001771.2259400005,518849.6509172804
2025-04-18T03:00:00.000+0000,1001764.3213254411,233793.32591672087,1003577.8489985551,1000151.3488208,1000151.3488208,1000268.4340360804,518849.6509172804
2025-04-18T03:10:00.000+0000,1002171.8093740012,233793.32591672087,1003848.7140471932,1000151.3488208,1000151.3488208,1000456.3237040006,518849.6509172804
2025-04-18T03:20:00.000+0000,1000462.767102481,233793.32591672087,1002169.6842510197,1000151.3488208,1000151.3488208,999547.1895936002,518849.6509172804
2025-04-18T03:30:00.000+0000,1000278.0015332805,233793.32591672087,1001991.5981211828,1000151.3488208,1000151.3488208,999448.6286055204,518849.6509172804
2025-04-18T03:40:00.000+0000,1001355.5558996007,233793.32591672087,1003281.8056721279,1000151.3488208,1000151.3488208,1000038.7712134403,518849.6509172804
2025-04-18T03:50:00.000+0000,1001582.8977804813,233793.32591672087,1003595.47029871,1000151.3488208,1000151.3488208,1000178.8033980004,518849.6509172804
2025-04-18T04:00:00.000+0000,998841.4063296011,233793.32591672087,1001112.5960664214,1000151.3488208,1000151.3488208,998700.2505872801,518849.6509172804
2025-04-18T04:10:00.000+0000,997186.066117441,17.06591672080522,999624.9501171325,1000151.3488208,1000151.3488208,996691.9210949615,1.5089172805602473
2025-04-18T04:20:00.000+0000,999081.6840089607,17.06591672080522,1000785.8594439947,1000151.3488208,1000151.3488208,998783.8588048796,1.5089172805602473
2025-04-18T04:30:00.000+0000,999302.1772731206,17.06591672080522,1000954.733315006,1000151.3488208,1000151.3488208,999288.9929740016,1.5089172805602473
2025-04-18T04:40:00.000+0000,999123.908402401,17.06591672080522,1000785.1162528712,1000151.3488208,1000151.3488208,999125.2290899998,1.5089172805602473
2025-04-18T04:50:00.000+0000,999085.6370440013,17.06591672080522,1000567.9852271264,1000151.3488208,1000151.3488208,999441.4389196003,1.5089172805602473
2025-04-18T05:00:00.000+0000,997974.368570561,17.06591672080522,1000227.920699433,1000151.3488208,1000151.3488208,996682.9617681598,1.5089172805602473
2025-04-18T05:10:00.000+0000,997347.908839601,17.06591672080522,999889.617448042,1000151.3488208,1000151.3488208,995765.6196294395,1.5089172805602473
2025-04-18T05:20:00.000+0000,995730.0574569609,17.06591672080522,998242.0460586417,1000151.3488208,1000151.3488208,994821.8113805596,1.5089172805602473
2025-04-18T05:30:00.000+0000,995461.1008944802,17.06591672080522,997961.276899985,1000151.3488208,1000151.3488208,994562.2678816002,1.5089172805602473
2025-04-18T05:40:00.000+0000,997522.9940592812,17.06591672080522,1000146.7302334616,1000151.3488208,1000151.3488208,995985.7098163199,1.5089172805602473
2025-04-18T05:50:00.000+0000,998473.831979921,17.06591672080522,1000801.0279866353,1000151.3488208,1000151.3488208,997108.6645332796,1.5089172805602473
2025-04-18T06:00:00.000+0000,997339.1999123213,17.06591672080522,1000159.5105672451,1000151.3488208,1000151.3488208,995836.5365504811,1.5089172805602473
2025-04-18T06:10:00.000+0000,998410.4687111208,17.06591672080522,1001151.1304428075,1000151.3488208,1000151.3488208,996499.6633243201,1.5089172805602473
2025-04-18T06:20:00.000+0000,997923.2645864811,17.06591672080522,1000695.3814020186,1000151.3488208,1000151.3488208,995864.8737625605,1.5089172805602473
2025-04-18T06:30:00.000+0000,995716.7160386406,17.06591672080522,998872.6487988147,1000151.3488208,1000151.3488208,993627.1758541599,1.5089172805602473
2025-04-18T06:40:00.000+0000,996376.3359202407,17.06591672080522,999289.4206970015,1000151.3488208,1000151.3488208,994669.06357664,1.5089172805602473
2025-04-18T06:50:00.000+0000,996923.4054142409,17.06591672080522,1000031.8295894698,1000151.3488208,1000151.3488208,994960.5235220012,1.5089172805602473
2025-04-18T07:00:00.000+0000,999346.4617172003,17.06591672080522,1001550.9613994337,1000151.3488208,1000151.3488208,997292.0682927994,1.5089172805602473
2025-04-18T07:10:00.000+0000,997932.3084456009,17.06591672080522,1000877.4542806137,1000151.3488208,1000151.3488208,995463.2218413604,1.5089172805602473
2025-04-18T07:20:00.000+0000,996150.8003931207,17.06591672080522,999085.2073674274,1000151.3488208,1000151.3488208,993884.0435954409,1.5089172805602473
2025-04-18T07:30:00.000+0000,999364.3185203203,17.06591672080522,1001397.0407136673,1000151.3488208,1000151.3488208,997512.5304818412,1.5089172805602473
2025-04-18T07:40:00.000+0000,1001171.8492380003,17.06591672080522,1002654.6277146891,1000151.3488208,1000151.3488208,999629.6705137609,1.5089172805602473
2025-04-18T07:50:00.000+0000,1002141.1884457606,17.06591672080522,1003301.8822622916,1000151.3488208,1000151.3488208,1000816.7863607199,1.5089172805602473
2025-04-18T08:00:00.000+0000,1003672.3597280008,17.06591672080522,1004625.5729889896,1000151.3488208,1000151.3488208,1001588.6748555216,1.5089172805602473
2025-04-18T08:10:00.000+0000,1003734.0970985608,26816.961334720774,1004828.6316806078,1000151.3488208,1000151.3488208,1001886.7973665593,13393.54171328021
2025-04-18T08:20:00.000+0000,1004998.0377364806,80453.96837392058,1005237.1694318631,1000151.3488208,1000151.3488208,1004306.3967372797,40196.20441568011
2025-04-18T08:30:00.000+0000,1004971.6312785603,80453.96837392058,1004956.6125456849,1000151.3488208,1000151.3488208,1005015.0359719999,40196.20441568011
2025-04-18T08:40:00.000+0000,1005353.647820641,80453.96837392058,1005462.4599441629,1000151.3488208,1000151.3488208,1005497.7502913604,40196.20441568011
2025-04-18T08:50:00.000+0000,1002779.9036644805,80453.96837392058,1003289.9523086164,1000151.3488208,1000151.3488208,1002589.9100260811,40196.20441568011
2025-04-18T09:00:00.000+0000,1002535.9050196807,80453.96837392058,1003244.1096222338,1000151.3488208,1000151.3488208,1001514.4744633598,40196.20441568011
2025-04-18T09:10:00.000+0000,1001563.1718292809,80453.96837392058,1002626.6322081593,1000151.3488208,1000151.3488208,1000790.5870369608,40196.20441568011
2025-04-18T09:20:00.000+0000,1002669.5676040007,114737.62009344077,1003777.339599864,1000151.3488208,1000151.3488208,1001566.7761884797,57741.05359864031
2025-04-18T09:30:00.000+0000,1002258.0217043206,114737.62009344077,1003411.8244043092,1000151.3488208,1000151.3488208,1001170.0856949606,57741.05359864031
2025-04-18T09:40:00.000+0000,1004713.0377190409,114737.62009344077,1005355.1564466909,1000151.3488208,1000151.3488208,1003960.7178018398,57741.05359864031
2025-04-18T09:50:00.000+0000,1002831.5950782411,114737.62009344077,1003568.5153472403,1000151.3488208,1000151.3488208,1002156.4602635202,57741.05359864031
2025-04-18T10:00:00.000+0000,1001501.280182241,114737.62009344077,1002822.2451208221,1000151.3488208,1000151.3488208,1000598.6569040011,57741.05359864031
2025-04-18T10:10:00.000+0000,1002448.1243004808,114737.62009344077,1003779.1240615293,1000151.3488208,1000151.3488208,1001567.1358005593,57741.05359864031
2025-04-18T10:20:00.000+0000,1002849.0764819207,114737.62009344077,1003844.5578944259,1000151.3488208,1000151.3488208,1002280.3947365603,57741.05359864031
2025-04-18T10:30:00.000+0000,1000046.245741761,114737.62009344077,1001615.7140186061,1000151.3488208,1000151.3488208,999435.5306500007,57741.05359864031
2025-04-18T10:40:00.000+0000,998713.511382881,117861.61889344073,1000654.9722667492,1000151.3488208,1000151.3488208,998320.0070833605,76653.91119864045
2025-04-18T10:50:00.000+0000,998287.4960680008,117861.61889344073,1000519.2749401779,1000151.3488208,1000151.3488208,997470.248234721,77034.37858104044
2025-04-18T11:00:00.000+0000,998044.1016394412,156055.0017238409,1000074.2422873585,1000151.3488208,1000151.3488208,997016.2639129612,96113.83679384088
2025-04-18T11:10:00.000+0000,1000792.836890641,156055.0017238409,1002289.5766673951,1000151.3488208,1000151.3488208,1000782.1811670403,96113.83679384088
2025-04-18T11:20:00.000+0000,998820.8967058413,156055.0017238409,1000837.8738366705,1000151.3488208,1000151.3488208,998487.6841343208,96113.83679384088
2025-04-18T11:30:00.000+0000,998596.5843993609,156055.0017238409,1000956.5278531231,1000151.3488208,1000151.3488208,997912.9673758419,96113.83679384088
2025-04-18T11:40:00.000+0000,999582.624235921,156055.0017238409,1001730.3566756609,1000151.3488208,1000151.3488208,999763.2635537605,96113.83679384088
2025-04-18T11:50:00.000+0000,1000887.4619300009,156055.0017238409,1002792.7618027385,1000151.3488208,1000151.3488208,1001212.4295927215,96113.83679384088
2025-04-18T12:00:00.000+0000,1001632.8699261604,156055.0017238409,1002871.5446641021,1000151.3488208,1000151.3488208,1002312.6638006405,96113.83679384088
2025-04-18T12:10:00.000+0000,1000553.4922196807,156055.0017238409,1002244.5253421504,1000151.3488208,1000151.3488208,1000889.0783808003,96113.83679384088
2025-04-18T12:20:00.000+0000,1001333.2038509609,156055.0017238409,1002794.2673851354,1000151.3488208,1000151.3488208,1001874.8157595213,96113.83679384088
2025-04-18T12:30:00.000+0000,1003551.1372836006,156055.0017238409,1004927.779632875,1000151.3488208,1000151.3488208,1004224.5282844809,96113.83679384088
2025-04-18T12:40:00.000+0000,1005564.877801361,156055.0017238409,1006408.722735487,1000151.3488208,1000151.3488208,1005763.9080946412,96113.83679384088
2025-04-18T12:50:00.000+0000,1004694.666228001,156055.0017238409,1005784.5735027334,1000151.3488208,1000151.3488208,1004700.5064970397,96113.83679384088
2025-04-18T13:00:00.000+0000,1002872.3346604807,156055.0017238409,1004051.1009207899,1000151.3488208,1000151.3488208,1002514.0627524807,96113.83679384088
2025-04-18T13:10:00.000+0000,1001468.509919441,156055.0017238409,1002958.5998988511,1000151.3488208,1000151.3488208,1000832.6565544006,96113.83679384088
2025-04-18T13:20:00.000+0000,1002741.9925176811,156055.0017238409,1003868.390758992,1000151.3488208,1000151.3488208,1002585.4347092013,96113.83679384088
2025-04-18T13:30:00.000+0000,1002899.7896788807,156055.0017238409,1004143.9371943561,1000151.3488208,1000151.3488208,1002630.7575219204,96794.08815704084
2025-04-18T13:40:00.000+0000,1001078.6718396009,156055.0017238409,1002683.5759978618,1000151.3488208,1000151.3488208,1000985.510473361,96794.08815704084
2025-04-18T13:50:00.000+0000,1002598.2671900005,156055.0017238409,1003772.4638592105,1000151.3488208,1000151.3488208,1003266.3528385597,96794.08815704084
2025-04-18T14:00:00.000+0000,1002197.6393488804,156055.0017238409,1003454.996376013,1000151.3488208,1000151.3488208,1002485.5922471203,96794.08815704084
2025-04-18T14:10:00.000+0000,1000374.2634175207,156055.0017238409,1001803.3636059894,1000151.3488208,1000151.3488208,1000368.8108280803,96794.08815704084
2025-04-18T14:20:00.000+0000,999778.6780672808,156055.0017238409,1001153.0493210561,1000151.3488208,1000151.3488208,999803.2378487207,96794.08815704084
2025-04-18T14:30:00.000+0000,999196.0462459209,156055.0017238409,1000970.986044551,1000151.3488208,1000151.3488208,999863.5943248812,96794.08815704084
2025-04-18T14:40:00.000+0000,998516.6733793612,156055.0017238409,1000412.8126380634,1000151.3488208,1000151.3488208,999818.5952529602,96794.08815704084
2025-04-18T14:50:00.000+0000,997013.2232024809,156055.0017238409,999637.6135481696,1000151.3488208,1000151.3488208,997591.8297916006,96794.08815704084
2025-04-18T15:00:00.000+0000,994396.1302531208,156055.0017238409,997469.1491677731,1000151.3488208,1000151.3488208,994306.1497401614,96794.08815704084
2025-04-18T15:10:00.000+0000,994324.7259223205,156055.0017238409,997430.6788422705,1000151.3488208,1000151.3488208,994143.6092766416,96794.08815704084
2025-04-18T15:20:00.000+0000,993394.273480241,156055.0017238409,996613.4777225945,1000151.3488208,1000151.3488208,992852.6924369605,96794.08815704084
2025-04-18T15:30:00.000+0000,993413.998087921,156055.0017238409,996705.5584640654,1000151.3488208,1000151.3488208,992223.7986547991,96794.08815704084
2025-04-18T15:40:00.000+0000,993933.9346056808,156055.0017238409,997102.7971993296,1000151.3488208,1000151.3488208,992820.289679921,96794.08815704084
2025-04-18T15:50:00.000+0000,994698.8008228012,156055.0017238409,997513.5823187446,1000151.3488208,1000151.3488208,993892.5961479207,96794.08815704084
2025-04-18T16:00:00.000+0000,994790.8482259206,156055.0017238409,997457.5709983171,1000151.3488208,1000151.3488208,994664.335961761,96794.08815704084
2025-04-18T16:10:00.000+0000,995370.570276961,156055.0017238409,998275.4627793427,1000151.3488208,1000151.3488208,995102.7889185597,96794.08815704084
2025-04-18T16:20:00.000+0000,997340.4733927211,156055.0017238409,999316.4014986854,1000151.3488208,1000151.3488208,997724.4252303201,96794.08815704084
2025-04-18T16:30:00.000+0000,997976.1603360008,156055.0017238409,999653.2455628868,1000151.3488208,1000151.3488208,998936.5489549616,96794.08815704084
2025-04-18T16:40:00.000+0000,996477.4307796007,156055.0017238409,998860.312808262,1000151.3488208,1000151.3488208,996652.9669831998,96794.08815704084
2025-04-18T16:50:00.000+0000,996424.1901062408,156055.0017238409,999098.7954843191,1000151.3488208,1000151.3488208,995990.90425744,96794.08815704084
2025-04-18T17:00:00.000+0000,996673.741904961,156055.0017238409,999242.4158561474,1000151.3488208,1000151.3488208,996849.0149192796,96794.08815704084
2025-04-18T17:10:00.000+0000,998674.8617273611,156055.0017238409,1000302.3148561592,1000151.3488208,1000151.3488208,999527.5087086405,96794.08815704084
2025-04-18T17:20:00.000+0000,998360.1757776808,156055.0017238409,999605.0565879282,1000151.3488208,1000151.3488208,999318.9785663206,96794.08815704084
2025-04-18T17:30:00.000+0000,999834.8246140806,156055.0017238409,1000456.9282700031,1000151.3488208,1000151.3488208,1001314.9870810403,96794.08815704084
2025-04-18T17:40:00.000+0000,1001435.1827025613,156055.0017238409,1002406.4969287214,1000151.3488208,1000151.3488208,1002980.3048601598,96794.08815704084
2025-04-18T17:50:00.000+0000,1001915.1290380812,156055.0017238409,1002599.8334315208,1000151.3488208,1000151.3488208,1003812.0365420802,96794.08815704084
2025-04-18T18:00:00.000+0000,1000790.2930273609,156055.0017238409,1001548.5946005975,1000151.3488208,1000151.3488208,1003099.3625377615,96794.08815704084
2025-04-18T18:10:00.000+0000,1001926.3801300012,156055.0017238409,1002539.7256214743,1000151.3488208,1000151.3488208,1003898.7540125609,96794.08815704084
2025-04-18T18:20:00.000+0000,1002111.9256747208,156055.0017238409,1002500.0202284895,1000151.3488208,1000151.3488208,1004545.17226392,96794.08815704084
2025-04-18T18:30:00.000+0000,1002339.577307601,156055.0017238409,1002962.3266178907,1000151.3488208,1000151.3488208,1004366.354033041,96794.08815704084
2025-04-18T18:40:00.000+0000,1002268.071857761,156055.0017238409,1003275.4814057001,1000151.3488208,1000151.3488208,1004164.5461086412,96794.08815704084
2025-04-18T18:50:00.000+0000,1003078.7106275212,156055.0017238409,1003613.328566447,1000151.3488208,1000151.3488208,1005478.4522421604,96794.08815704084
2025-04-18T19:00:00.000+0000,1002317.8522016006,156055.0017238409,1002765.948551126,1000151.3488208,1000151.3488208,1004760.5585169616,96794.08815704084
2025-04-18T19:10:00.000+0000,1003472.1012630407,156055.0017238409,1003663.8225710681,1000151.3488208,1000151.3488208,1006366.08356856,96794.08815704084
2025-04-18T19:20:00.000+0000,1004451.6051325606,156055.0017238409,1004050.9149226216,1000151.3488208,1000151.3488208,1007105.5465245607,96794.08815704084
2025-04-18T19:30:00.000+0000,1002619.0588433611,156055.0017238409,1002561.8250530029,1000151.3488208,1000151.3488208,1005509.3303199206,96794.08815704084
2025-04-18T19:40:00.000+0000,1002322.7112112811,156055.0017238409,1002229.0652526151,1000151.3488208,1000151.3488208,1005215.5565271205,96794.08815704084
2025-04-18T19:50:00.000+0000,1002650.8122203213,156055.0017238409,1002514.4780937985,1000151.3488208,1000151.3488208,1005576.6128508009,96794.08815704084
2025-04-18T20:00:00.000+0000,1002958.967798481,156055.0017238409,1003011.1028155289,1000151.3488208,1000151.3488208,1005433.6029503206,96794.08815704084
2025-04-18T20:10:00.000+0000,1001609.3139860008,156055.0017238409,1002133.1695245092,1000151.3488208,1000151.3488208,1003638.4840952002,96794.08815704084
2025-04-18T20:20:00.000+0000,1002177.5659204811,156055.0017238409,1002479.264650359,1000151.3488208,1000151.3488208,1004556.7905618405,96794.08815704084
2025-04-18T20:30:00.000+0000,1001294.533312161,156055.0017238409,1002025.0517781441,1000151.3488208,1000151.3488208,1003735.8636291996,96794.08815704084
2025-04-18T20:40:00.000+0000,1000673.7317510406,156055.0017238409,1001456.9848950766,1000151.3488208,1000151.3488208,1003175.2652669611,96794.08815704084
2025-04-18T20:50:00.000+0000,1002104.7041565606,156055.0017238409,1003018.4167948597,1000151.3488208,1000151.3488208,1003853.7981060818,96794.08815704084
2025-04-18T21:00:00.000+0000,1001898.4775699207,156055.0017238409,1003073.7213427346,1000151.3488208,1000151.3488208,1003458.2931633599,96794.08815704084
2025-04-18T21:10:00.000+0000,1002453.4982978413,156055.0017238409,1003401.6030814612,1000151.3488208,1000151.3488208,1004330.1489203207,96794.08815704084
2025-04-18T21:20:00.000+0000,1002025.8293069613,156055.0017238409,1003158.487356317,1000151.3488208,1000151.3488208,1004029.195975441,96794.08815704084
2025-04-18T21:30:00.000+0000,1002107.4345704807,156055.0017238409,1003390.5405786069,1000151.3488208,1000151.3488208,1003985.9275179212,96794.08815704084
2025-04-18T21:40:00.000+0000,1003630.150522401,156055.0017238409,1004587.3204936285,1000151.3488208,1000151.3488208,1005695.461995362,96794.08815704084
2025-04-18T21:50:00.000+0000,1002931.5488512006,156055.0017238409,1004173.1706025007,1000151.3488208,1000151.3488208,1004481.1482241611,96794.08815704084
2025-04-18T22:00:00.000+0000,1002980.962488641,156055.0017238409,1004164.066942585,1000151.3488208,1000151.3488208,1004275.5493349615,96794.08815704084
2025-04-18T22:10:00.000+0000,1001650.8772088008,156055.0017238409,1003001.0668101001,1000151.3488208,1000151.3488208,1002656.618116881,96794.08815704084
2025-04-18T22:20:00.000+0000,1002214.8415760808,156055.0017238409,1003998.8890653232,1000151.3488208,1000151.3488208,1003014.9955853608,96794.08815704084
2025-04-18T22:30:00.000+0000,1002233.984349601,156055.0017238409,1003968.6637311432,1000151.3488208,1000151.3488208,1002792.6594966402,96794.08815704084
2025-04-18T22:40:00.000+0000,1001792.2425260007,156055.0017238409,1003729.6858982097,1000151.3488208,1000151.3488208,1002275.5436205612,96794.08815704084
2025-04-18T22:50:00.000+0000,1000746.3066446409,156055.0017238409,1003001.0378835637,1000151.3488208,1000151.3488208,1001100.5451719216,96794.08815704084
2025-04-18T23:00:00.000+0000,997500.6213717612,156055.0017238409,1000379.3987646544,1000151.3488208,1000151.3488208,997480.3295632014,96794.08815704084
2025-04-18T23:10:00.000+0000,996623.0844633613,156055.0017238409,999566.7749077207,1000151.3488208,1000151.3488208,996224.318776321,96794.08815704084
2025-04-18T23:20:00.000+0000,996767.5861694408,156055.0017238409,999658.7609642381,1000151.3488208,1000151.3488208,996265.5998250416,96794.08815704084
2025-04-18T23:30:00.000+0000,998181.5094252012,156055.0017238409,1001190.3932452605,1000151.3488208,1000151.3488208,997143.5027404011,96794.08815704084
2025-04-18T23:40:00.000+0000,999880.6094568812,156055.0017238409,1002166.7478071197,1000151.3488208,1000151.3488208,999655.3389625608,96794.08815704084
2025-04-18T23:50:00.000+0000,999590.9345823212,156055.0017238409,1001789.619309167,1000151.3488208,1000151.3488208,999141.4097351204,96794.08815704084
2025-04-19T00:00:00.000+0000,999500.5143764011,156055.0017238409,1001264.9701349887,1000151.3488208,1000151.3488208,999286.166437041,96794.08815704084
2025-04-19T00:10:00.000+0000,997901.2772904006,156055.0017238409,1000208.8799870461,1000151.3488208,1000151.3488208,997342.7590077613,96794.08815704084
2025-04-19T00:20:00.000+0000,998042.7780991208,156055.0017238409,1000360.3239660258,1000151.3488208,1000151.3488208,997378.2797684001,96794.08815704084
2025-04-19T00:30:00.000+0000,999238.6986966409,156055.0017238409,1001267.4205475487,1000151.3488208,1000151.3488208,998688.3486741611,96794.08815704084
2025-04-19T00:40:00.000+0000,999478.2905696807,156055.0017238409,1001528.4852794681,1000151.3488208,1000151.3488208,998857.4681702425,96794.08815704084
2025-04-19T00:50:00.000+0000,1000265.835928961,156055.0017238409,1001927.2325948561,1000151.3488208,1000151.3488208,999523.8301538401,96794.08815704084
2025-04-19T01:00:00.000+0000,1000298.5871070409,156055.0017238409,1002034.7262627151,1000151.3488208,1000151.3488208,999582.3961635213,96794.08815704084
2025-04-19T01:10:00.000+0000,1002091.4514672012,156055.0017238409,1003395.2973263746,1000151.3488208,1000151.3488208,1002023.2238380017,96794.08815704084
2025-04-19T01:20:00.000+0000,1002681.3549665611,156055.0017238409,1003452.6763143893,1000151.3488208,1000151.3488208,1002936.1074464007,96794.08815704084
2025-04-19T01:30:00.000+0000,1002739.9074870411,156055.0017238409,1003689.9463363576,1000151.3488208,1000151.3488208,1002382.9419331208,96794.08815704084
2025-04-19T01:40:00.000+0000,1001965.7331224007,156055.0017238409,1003115.4290393826,1000151.3488208,1000151.3488208,1001448.9228466412,96794.08815704084
2025-04-19T01:50:00.000+0000,1002012.8040355206,156055.0017238409,1003350.9738056618,1000151.3488208,1000151.3488208,1001069.336059201,96794.08815704084
2025-04-19T02:00:00.000+0000,1003094.0399542408,156055.0017238409,1004225.564570738,1000151.3488208,1000151.3488208,1001970.6413376806,96794.08815704084
2025-04-19T02:10:00.000+0000,1007476.1324734411,156055.0017238409,1007983.0276443013,1000151.3488208,1000151.3488208,1006002.9283253604,96794.08815704084
2025-04-19T02:20:00.000+0000,1010309.2645531208,156055.0017238409,1010499.0453308695,1000151.3488208,1000151.3488208,1007928.8963173616,96794.08815704084
2025-04-19T02:30:00.000+0000,1011504.5627489614,156055.0017238409,1011316.914209323,1000151.3488208,1000151.3488208,1008498.5011686408,96794.08815704084
2025-04-19T02:40:00.000+0000,1010834.9871383209,156055.0017238409,1010828.012673182,1000151.3488208,1000151.3488208,1008010.0522406416,96794.08815704084
2025-04-19T02:50:00.000+0000,1012486.4913771213,156055.0017238409,1012443.0265800864,1000151.3488208,1000151.3488208,1009247.4524279207,96794.08815704084
2025-04-19T03:00:00.000+0000,1012658.6626298409,156055.0017238409,1012520.5474183739,1000151.3488208,1000151.3488208,1009824.9309752004,96794.08815704084
2025-04-19T03:10:00.000+0000,1014165.064143761,156055.0017238409,1013653.5086367512,1000151.3488208,1000151.3488208,1011304.9993724814,96794.08815704084
2025-04-19T03:20:00.000+0000,1016167.2849846412,156055.0017238409,1015840.6454253679,1000151.3488208,1000151.3488208,1012870.941315922,96794.08815704084
2025-04-19T03:30:00.000+0000,1017402.5811564813,156055.0017238409,1017054.5457037315,1000151.3488208,1000151.3488208,1013669.976675842,96794.08815704084
2025-04-19T03:40:00.000+0000,1016091.8284981607,156055.0017238409,1016166.6210424998,1000151.3488208,1000151.3488208,1011513.5986594418,96794.08815704084
2025-04-19T03:50:00.000+0000,1017286.288664961,156055.0017238409,1017598.8434031351,1000151.3488208,1000151.3488208,1012455.5756744804,96794.08815704084
2025-04-19T04:00:00.000+0000,1017514.2587428811,156055.0017238409,1016771.0745349588,1000151.3488208,1000151.3488208,1014166.6832923999,96794.08815704084
2025-04-19T04:10:00.000+0000,1018486.1814821607,156055.0017238409,1018412.5697947203,1000151.3488208,1000151.3488208,1014606.1341502415,96794.08815704084
2025-04-19T04:20:00.000+0000,1018101.3847660009,156055.0017238409,1018064.5822217695,1000151.3488208,1000151.3488208,1014026.7940933609,96794.08815704084
2025-04-19T04:30:00.000+0000,1019481.9792061613,156055.0017238409,1020050.3408149444,1000151.3488208,1000151.3488208,1016363.6085450416,96794.08815704084
2025-04-19T04:40:00.000+0000,1018631.3473564805,156055.0017238409,1019639.1891381934,1000151.3488208,1000151.3488208,1015391.8714571209,96794.08815704084
2025-04-19T04:50:00.000+0000,1017073.0412994407,156055.0017238409,1018074.9353044096,1000151.3488208,1000151.3488208,1013493.4555058402,96794.08815704084
2025-04-19T05:00:00.000+0000,1016581.3428731209,156055.0017238409,1017748.8181418851,1000151.3488208,1000151.3488208,1012934.7670144802,96794.08815704084
2025-04-19T05:10:00.000+0000,1015085.6004251206,156055.0017238409,1016628.605548545,1000151.3488208,1000151.3488208,1011238.3298508006,96794.08815704084
2025-04-19T05:20:00.000+0000,1017110.5366791203,156055.0017238409,1018632.2721443957,1000151.3488208,1000151.3488208,1013274.9910173602,96794.08815704084
2025-04-19T05:30:00.000+0000,1016896.545708961,156055.0017238409,1018604.2337540451,1000151.3488208,1000151.3488208,1012772.6830854395,96794.08815704084
2025-04-19T05:40:00.000+0000,1016616.2702088808,156055.0017238409,1018481.9111213407,1000151.3488208,1000151.3488208,1012673.0017943208,96794.08815704084
2025-04-19T05:50:00.000+0000,1016920.8580435207,156055.0017238409,1018303.4096506787,1000151.3488208,1000151.3488208,1012888.6902054413,96794.08815704084
2025-04-19T06:00:00.000+0000,1015116.7333988012,156055.0017238409,1016867.488015776,1000151.3488208,1000151.3488208,1010457.291182,96794.08815704084
2025-04-19T06:10:00.000+0000,1015391.254206321,156055.0017238409,1016683.2508176975,1000151.3488208,1000151.3488208,1011262.5782365601,96794.08815704084
2025-04-19T06:20:00.000+0000,1015630.1877064812,156055.0017238409,1016966.3787974734,1000151.3488208,1000151.3488208,1011645.3981354418,96794.08815704084
2025-04-19T06:30:00.000+0000,1013740.4260262407,156055.0017238409,1015037.4545706641,1000151.3488208,1000151.3488208,1009297.18391088,96794.08815704084
2025-04-19T06:40:00.000+0000,1014219.3979419206,156055.0017238409,1015338.2276454022,1000151.3488208,1000151.3488208,1009830.8366468819,96794.08815704084
2025-04-19T06:50:00.000+0000,1015529.6965637612,156055.0017238409,1015899.1913010903,1000151.3488208,1000151.3488208,1011764.5212606404,96794.08815704084
2025-04-19T07:00:00.000+0000,1016265.1291466403,156055.0017238409,1016499.1788925456,1000151.3488208,1000151.3488208,1012372.4853000005,96794.08815704084
2025-04-19T07:10:00.000+0000,1017555.1935688008,156055.0017238409,1017434.2651721503,1000151.3488208,1000151.3488208,1013929.1559664016,96794.08815704084
2025-04-19T07:20:00.000+0000,1017503.280832241,156055.0017238409,1017583.7282254817,1000151.3488208,1000151.3488208,1013998.4167134404,96794.08815704084
2025-04-19T07:30:00.000+0000,1018303.5699883213,261637.15057808094,1018492.381792041,1000151.3488208,1000151.3488208,1015259.7139677601,191807.35728455978
2025-04-19T07:40:00.000+0000,1020212.7373316004,288760.4434709609,1020184.451899259,1000151.3488208,1000151.3488208,1017447.0670842403,205353.00788791964
2025-04-19T07:50:00.000+0000,1019304.0929291209,288760.4434709609,1019443.6945855601,1000151.3488208,1000151.3488208,1016399.5680544,205353.00788791964
2025-04-19T08:00:00.000+0000,1018805.7259419209,288760.4434709609,1018916.6053255233,1000151.3488208,1000151.3488208,1015612.0265920004,205353.00788791964
2025-04-19T08:10:00.000+0000,1018062.9520368009,288760.4434709609,1018191.2262556861,1000151.3488208,1000151.3488208,1014552.7848638389,205353.00788791964
2025-04-19T08:20:00.000+0000,1019115.6860752809,288760.4434709609,1019398.3916194319,1000151.3488208,1000151.3488208,1015288.1990614405,205353.00788791964
2025-04-19T08:30:00.000+0000,1018321.183386321,288760.4434709609,1019085.1377675282,1000151.3488208,1000151.3488208,1014352.7343323985,205353.00788791964
2025-04-19T08:40:00.000+0000,1020124.5650259209,288760.4434709609,1021106.5787779291,1000151.3488208,1000151.3488208,1016603.9592105596,205353.00788791964
2025-04-19T08:50:00.000+0000,1019762.7537067209,301221.8093965608,1020839.374968675,1000151.3488208,1000151.3488208,1015930.5027071196,211567.67217591943
2025-04-19T09:00:00.000+0000,1019833.5802001609,301221.8093965608,1020881.1079846881,1000151.3488208,1000151.3488208,1015509.3232204788,211567.67217591943
2025-04-19T09:10:00.000+0000,1021507.7115228008,324334.5943645608,1022400.5615012542,1000151.3488208,1000151.3488208,1017927.9734511187,223116.05607191936
2025-04-19T09:20:00.000+0000,1021090.3546756012,336170.8132082408,1022183.3749046812,1000151.3488208,1000151.3488208,1016427.0031887186,229029.97864591944
2025-04-19T09:30:00.000+0000,1019738.0649735205,336170.8132082408,1020695.7876197328,1000151.3488208,1000151.3488208,1014728.3087323192,229029.97864591944
2025-04-19T09:40:00.000+0000,1021063.9759954407,336170.8132082408,1022057.7180105718,1000151.3488208,1000151.3488208,1015844.4141331206,229029.97864591944
2025-04-19T09:50:00.000+0000,1019951.0980106408,336170.8132082408,1020927.3258475752,1000151.3488208,1000151.3488208,1014439.2056999195,229029.97864591944
2025-04-19T10:00:00.000+0000,1019333.348206161,336170.8132082408,1020194.4388863002,1000151.3488208,1000151.3488208,1013732.9571511203,229029.97864591944
2025-04-19T10:10:00.000+0000,1020862.7770834408,347952.7970746409,1021313.9911980804,1000151.3488208,1000151.3488208,1014582.5729143195,234916.8029159196
2025-04-19T10:20:00.000+0000,1019942.2123248808,347952.7970746409,1020675.5607304596,1000151.3488208,1000151.3488208,1013750.5500655208,234916.8029159196
2025-04-19T10:30:00.000+0000,1018345.1404053611,347952.7970746409,1018748.3847098046,1000151.3488208,1000151.3488208,1012482.9839303205,234916.8029159196
2025-04-19T10:40:00.000+0000,1018799.6618970409,347952.7970746409,1019019.4889865152,1000151.3488208,1000151.3488208,1013002.2571791197,234916.8029159196
2025-04-19T10:50:00.000+0000,1018363.4519444008,347952.7970746409,1019022.578888119,1000151.3488208,1000151.3488208,1012961.4818255208,234916.8029159196
2025-04-19T11:00:00.000+0000,1018788.994038161,347952.7970746409,1019366.4957805285,1000151.3488208,1000151.3488208,1013498.4638959197,234916.8029159196
2025-04-19T11:10:00.000+0000,1019725.4063085605,347952.7970746409,1020137.6212879401,1000151.3488208,1000151.3488208,1013922.9710183198,234916.8029159196
2025-04-19T11:20:00.000+0000,1019337.9896900008,347952.7970746409,1019302.0137088123,1000151.3488208,1000151.3488208,1013925.2999536803,234916.8029159196
2025-04-19T11:30:00.000+0000,1017567.2789927209,347952.7970746409,1017730.4434110958,1000151.3488208,1000151.3488208,1013246.9604597595,254147.5885698398
2025-04-19T11:40:00.000+0000,1017713.6126320809,350563.9065146407,1017632.7873422508,1000151.3488208,1000151.3488208,1013487.423535279,255453.14328983976
2025-04-19T11:50:00.000+0000,1017777.4231428008,352141.6672954409,1017864.5789709673,1000151.3488208,1000151.3488208,1013097.6765824794,256228.18575943986
2025-04-19T12:00:00.000+0000,1018589.7269794407,360163.6585642411,1018972.9184956006,1000151.3488208,1000151.3488208,1013755.4987034394,260232.25394023984
2025-04-19T12:10:00.000+0000,1018417.8965538407,368196.6420322409,1019064.707618338,1000151.3488208,1000151.3488208,1013692.4761618393,264241.80872823985
2025-04-19T12:20:00.000+0000,1018366.156778801,368196.6420322409,1019019.3521463824,1000151.3488208,1000151.3488208,1013152.7305040803,264241.80872823985
2025-04-19T12:30:00.000+0000,1018776.1615124012,392300.58144184103,1019442.2013161588,1000151.3488208,1000151.3488208,1014225.3437264807,276272.95210743987
2025-04-19T12:40:00.000+0000,1017668.4625810412,392314.4443426411,1018202.6849145667,1000151.3488208,1000151.3488208,1012707.9204370398,276272.95210743987
2025-04-19T12:50:00.000+0000,1017820.478071281,400343.3780530411,1018477.5001736606,1000151.3488208,1000151.3488208,1012903.8463707991,280280.48551383987
2025-04-19T13:00:00.000+0000,1017604.8115426411,400343.3780530411,1017943.4343627351,1000151.3488208,1000151.3488208,1012546.1299730402,280280.48551383987
2025-04-19T13:10:00.000+0000,1019037.892160241,426650.00989784114,1019842.3163949191,1000151.3488208,1000151.3488208,1013852.0833738402,293419.9605178398
2025-04-19T13:20:00.000+0000,1019235.0069421611,426650.00989784114,1020456.10254445,1000151.3488208,1000151.3488208,1014061.5011055209,293419.9605178398
2025-04-19T13:30:00.000+0000,1019800.4398336811,426650.00989784114,1021012.9989871207,1000151.3488208,1000151.3488208,1014872.4592195996,293419.9605178398
2025-04-19T13:40:00.000+0000,1019965.320223761,426650.00989784114,1021503.7586139545,1000151.3488208,1000151.3488208,1015149.2112407205,293419.9605178398
2025-04-19T13:50:00.000+0000,1020502.160607601,443230.7776634411,1021806.7894987211,1000151.3488208,1000151.3488208,1016395.91088248,301703.3834738398
2025-04-19T14:00:00.000+0000,1020622.3805546411,35593.31938344103,1022642.7565411085,1000151.3488208,1000151.3488208,1015806.639277199,98521.34799383917
2025-04-19T14:10:00.000+0000,1019467.7453588808,35593.31938344103,1022644.104677862,1000151.3488208,1000151.3488208,1015062.5792527988,98521.34799383917
2025-04-19T14:20:00.000+0000,1019900.128275601,62999.46571240099,1023166.7499280341,1000151.3488208,1000151.3488208,1015564.0580485583,112192.32965207918
2025-04-19T14:30:00.000+0000,1019554.001598641,69332.68907720102,1022612.9543031973,1000151.3488208,1000151.3488208,1015219.3178615189,115358.94133447905
2025-04-19T14:40:00.000+0000,1019443.803927361,77396.91353240087,1022391.3496449514,1000151.3488208,1000151.3488208,1015189.7763136791,119384.08963767882
2025-04-19T14:50:00.000+0000,1019781.7868245611,77396.91353240087,1022792.8230674353,1000151.3488208,1000151.3488208,1015333.6649106396,119384.08963767882
2025-04-19T15:00:00.000+0000,1019443.3030284006,85464.6092084009,1022888.0342254305,1000151.3488208,1000151.3488208,1014592.8346493586,123410.97055367881
2025-04-19T15:10:00.000+0000,1019841.8745159211,93535.19756840078,1022897.2197635605,1000151.3488208,1000151.3488208,1014928.6212050378,127439.29531367884
2025-04-19T15:20:00.000+0000,1021878.8472330408,93535.19756840078,1024896.260356508,1000151.3488208,1000151.3488208,1017330.3522818391,127439.29531367884
2025-04-19T15:30:00.000+0000,1019232.5197900007,109749.8484620005,1021494.6072971493,1000151.3488208,1000151.3488208,1014846.6980959994,135532.6184712788
2025-04-19T15:40:00.000+0000,1017290.5250296805,160447.46389720065,1019308.9260497878,1000151.3488208,1000151.3488208,1012399.12252416,160805.2562735988
2025-04-19T15:50:00.000+0000,1018204.4342169607,160447.46389720065,1020362.1475378391,1000151.3488208,1000151.3488208,1013147.594467199,160805.2562735988
2025-04-19T16:00:00.000+0000,1019624.2032923207,160447.46389720065,1021612.668032225,1000151.3488208,1000151.3488208,1014300.8357355191,160805.2562735988
2025-04-19T16:10:00.000+0000,1018920.538075201,160447.46389720065,1020692.7911887576,1000151.3488208,1000151.3488208,1014104.6090425587,160805.2562735988
2025-04-19T16:20:00.000+0000,1017640.5525834407,160447.46389720065,1019103.5874848128,1000151.3488208,1000151.3488208,1012933.6739406388,160805.2562735988
2025-04-19T16:30:00.000+0000,1015883.0955747206,185702.48850136064,1017512.4416386606,1000151.3488208,1000151.3488208,1010760.4425177572,173400.6375011188
2025-04-19T16:40:00.000+0000,1013730.2903977605,193696.13146696053,1014986.3001972924,1000151.3488208,1000151.3488208,1007979.6847051186,177390.55601071825
2025-04-19T16:50:00.000+0000,1013609.7445116804,193696.13146696053,1014874.5430593549,1000151.3488208,1000151.3488208,1007962.6155713571,196542.28236271828
2025-04-19T17:00:00.000+0000,1014292.3500900008,222161.00053960062,1015633.1742017632,1000151.3488208,1000151.3488208,1008417.7275902373,210774.71689903797
2025-04-19T17:10:00.000+0000,1014291.6925164806,238150.5116892005,1015553.286834806,1000151.3488208,1000151.3488208,1008923.2214713577,218762.57449663774
2025-04-19T17:20:00.000+0000,1016144.5983050404,238150.5116892005,1017597.1713534035,1000151.3488208,1000151.3488208,1011066.9505150375,218762.57449663774
2025-04-19T17:30:00.000+0000,1017462.0565945605,254208.34613640042,1019396.4199783491,1000121.6875664,963074.7808208,1011605.1338236772,226784.56276783775
2025-04-19T17:40:00.000+0000,1021880.3431881603,299943.1173785604,1022419.2706474075,1000090.32068,963074.7808208,1016949.9199713566,266586.77100743743
2025-04-19T17:50:00.000+0000,1020580.4859065607,316014.23019456054,1020568.4800751265,1000045.0129552,963074.7808208,1015610.2262843975,274622.3274154374
2025-04-19T18:00:00.000+0000,1022575.1059329606,316014.23019456054,1022897.8842019876,1000036.25636608,963074.7808208,1018589.6951009568,274622.3274154374
2025-04-19T18:10:00.000+0000,1023760.8459814407,316224.5695883206,1023152.6221269248,1000017.00058304,963074.7808208,1020654.1215375173,274719.4055907174
2025-04-19T18:20:00.000+0000,1023232.6244969605,346902.6165011206,1022720.6825019293,1000026.7156048,963074.7808208,1020161.8200939978,290001.7782040774
2025-04-19T18:30:00.000+0000,1023497.1273252806,346918.7674700006,1023046.7813713565,1000012.46981056,963074.7808208,1020602.2127977563,290017.9291729574
2025-04-19T18:40:00.000+0000,1022268.4483554405,346918.7674700006,1021804.4251885171,1000025.53934656,963074.7808208,1018204.318449117,290017.9291729574
2025-04-19T18:50:00.000+0000,1021781.5846582408,347855.35559960065,1021649.961800121,1000078.60166272,963074.7808208,1017730.6496875166,290470.0751665574
2025-04-19T19:00:00.000+0000,1020904.9500274407,347855.35559960065,1020645.9691807212,1000076.03132064,963074.7808208,1016446.2640187183,290470.0751665574
2025-04-19T19:10:00.000+0000,1021802.9287692807,347855.35559960065,1020924.7061262566,1000076.90262304,963074.7808208,1018223.4952953581,290470.0751665574
2025-04-19T19:20:00.000+0000,1021733.3362878407,347855.35559960065,1020862.9633423866,1000085.70277728,963074.7808208,1018136.9733683183,290470.0751665574
2025-04-19T19:30:00.000+0000,1022577.3931017608,347855.35559960065,1021392.7842112298,1000092.76032672,963074.7808208,1019584.9624495988,290470.0751665574
2025-04-19T19:40:00.000+0000,1022789.9403278409,347855.35559960065,1022091.1873369156,1000100.3406576,963074.7808208,1019290.4088811178,290470.0751665574
2025-04-19T19:50:00.000+0000,1022225.5609928007,347855.35559960065,1021402.6253974992,1000110.1428096,963074.7808208,1018483.3552409563,290470.0751665574
2025-04-19T20:00:00.000+0000,1021389.0310525605,347855.35559960065,1020300.3779221369,1000101.60404608,963074.7808208,1017743.0481607971,290470.0751665574
2025-04-19T20:10:00.000+0000,1021060.8947717607,347855.35559960065,1020357.5007464493,1000088.6216403199,963074.7808208,1017302.7856527983,290470.0751665574
2025-04-19T20:20:00.000+0000,1021294.7219602407,347855.35559960065,1020683.929101869,1000061.87265664,963074.7808208,1017659.7154803184,290470.0751665574
2025-04-19T20:30:00.000+0000,1021965.6581815206,347855.35559960065,1021850.0972638573,1000040.6564432,963074.7808208,1018236.3454070368,290470.0751665574
2025-04-19T20:40:00.000+0000,1022646.5939967206,347855.35559960065,1023245.3476003048,1000036.12567072,963074.7808208,1018982.0953294383,290470.0751665574
2025-04-19T20:50:00.000+0000,1022650.2136986406,347855.35559960065,1022238.2878906527,1000049.63085792,963074.7808208,1019518.950901117,290470.0751665574
2025-04-19T21:00:00.000+0000,1022670.9086294407,347855.35559960065,1022189.1269623127,1000036.16923584,963074.7808208,1019473.2345035179,290470.0751665574
2025-04-19T21:10:00.000+0000,1023439.6126738407,347855.35559960065,1023524.7300782299,999993.99819968,963074.7808208,1020325.0185307164,290470.0751665574
2025-04-19T21:20:00.000+0000,1023860.3393230408,347855.35559960065,1023835.8466335183,1000000.44583744,963074.7808208,1020919.5425307183,290470.0751665574
2025-04-19T21:30:00.000+0000,1023006.1934868009,347855.35559960065,1022986.0852685182,1000005.32513088,963074.7808208,1019517.8549785584,290470.0751665574
2025-04-19T21:40:00.000+0000,1023377.9958068007,347855.35559960065,1023839.8268212411,1000002.79835392,963074.7808208,1019791.696330077,290470.0751665574
2025-04-19T21:50:00.000+0000,1024462.0056046406,347855.35559960065,1024676.0392981065,999990.73081568,963074.7808208,1021179.3315331169,290470.0751665574
2025-04-19T22:00:00.000+0000,1023911.7157889607,347855.35559960065,1023693.0206445007,1000006.15286816,963074.7808208,1021158.5805471969,290470.0751665574
2025-04-19T22:10:00.000+0000,1023837.0931348805,347855.35559960065,1023641.8061449409,1000020.26796704,963074.7808208,1020984.0396916764,290470.0751665574
2025-04-19T22:20:00.000+0000,1023370.3739092008,347855.35559960065,1023160.7777719446,1000032.98898208,963074.7808208,1020061.9573481567,290470.0751665574
2025-04-19T22:30:00.000+0000,1023397.3227328808,347855.35559960065,1023440.0292181849,999996.0021952,963074.7808208,1020133.0308438367,290470.0751665574
2025-04-19T22:40:00.000+0000,1024245.0705916007,347855.35559960065,1024374.9818230079,1000029.329512,963074.7808208,1020974.7956927964,290470.0751665574
2025-04-19T22:50:00.000+0000,1024434.3884160807,347855.35559960065,1024491.8591765668,1000038.78314304,963074.7808208,1021479.7931713567,290470.0751665574
2025-04-19T23:00:00.000+0000,1024384.7778363206,347855.35559960065,1024814.5315882675,1000041.5277456,963074.7808208,1021029.9667206365,290470.0751665574
2025-04-19T23:10:00.000+0000,1023481.4837501606,347855.35559960065,1023614.8556358563,1000067.6668176,963074.7808208,1020061.210146397,290470.0751665574
2025-04-19T23:20:00.000+0000,1022827.2918227208,347855.35559960065,1022935.2981292016,1000075.98775552,963074.7808208,1019103.5231094374,290470.0751665574
2025-04-19T23:30:00.000+0000,1022689.7188692007,347855.35559960065,1023069.824956864,1000081.8254816,963074.7808208,1018689.0065881578,290470.0751665574
2025-04-19T23:40:00.000+0000,1023291.6462417608,347855.35559960065,1023964.1036155706,1000079.2115744,963074.7808208,1019149.1417852769,290470.0751665574
2025-04-19T23:50:00.000+0000,1022992.2238714406,347855.35559960065,1024038.381183579,1000092.2811104,963074.7808208,1018608.5438099187,290470.0751665574
2025-04-20T00:00:00.000+0000,1021684.8863788007,347855.35559960065,1022781.5774860786,1000096.07127584,963074.7808208,1016773.7919865564,290470.0751665574
2025-04-20T00:10:00.000+0000,1023398.7092228008,347855.35559960065,1025513.2703350473,1000055.94780032,963074.7808208,1019090.0774745563,290470.0751665574
2025-04-20T00:20:00.000+0000,1023556.5218716005,347855.35559960065,1025930.7096373816,1000053.55171872,963074.7808208,1019435.4689401573,290470.0751665574
2025-04-20T00:30:00.000+0000,1022764.1545729607,347855.35559960065,1025420.1508988568,1000063.78952192,963074.7808208,1018052.3816958384,290470.0751665574
2025-04-20T00:40:00.000+0000,1022562.5691704005,347855.35559960065,1025429.6714486359,1000082.74034912,963074.7808208,1017602.3526073569,290470.0751665574
2025-04-20T00:50:00.000+0000,1022095.9208879207,347855.35559960065,1025125.7952390863,1000068.53812,963074.7808208,1016850.6868214381,290470.0751665574
2025-04-20T01:00:00.000+0000,1021906.4697701607,347855.35559960065,1024848.0300793077,1000059.6072704,963074.7808208,1016598.9291887966,290470.0751665574
2025-04-20T01:10:00.000+0000,1024444.8250600807,347855.35559960065,1027935.1271512887,1000034.03454496,963074.7808208,1019718.6240347186,290470.0751665574
2025-04-20T01:20:00.000+0000,1024628.2917692007,347855.35559960065,1028581.7503393028,1000019.70162048,963074.7808208,1019441.8987921567,290470.0751665574
2025-04-20T01:30:00.000+0000,1023859.1364860807,347855.35559960065,1027808.1185657119,1000020.44222752,963074.7808208,1018480.6925727966,290470.0751665574
2025-04-20T01:40:00.000+0000,1025072.5787550408,347855.35559960065,1029602.6026640345,1000029.37307712,963074.7808208,1019813.4740939181,290470.0751665574
2025-04-20T01:50:00.000+0000,1025821.5500982408,347855.35559960065,1030718.8963577077,1000018.91744832,963074.7808208,1020510.7788035169,290470.0751665574
2025-04-20T02:00:00.000+0000,1024664.2097118406,347855.35559960065,1029634.7787356441,1000015.99858528,963074.7808208,1019077.4813595172,290470.0751665574
2025-04-20T02:10:00.000+0000,1024240.9840634406,347855.35559960065,1029308.9775955704,1000034.20880544,963074.7808208,1018426.375661118,290470.0751665574
2025-04-20T02:20:00.000+0000,1023850.9598326408,347855.35559960065,1028473.8439064411,1000055.468584,963074.7808208,1018094.014163198,290470.0751665574
2025-04-20T02:30:00.000+0000,1024201.8355073606,347855.35559960065,1029006.2054697104,1000029.28594688,963074.7808208,1018538.2714727975,290470.0751665574
2025-04-20T02:40:00.000+0000,1025701.1067300807,347855.35559960065,1029922.1024561387,1000029.329512,963074.7808208,1020567.6140988775,290470.0751665574
2025-04-20T02:50:00.000+0000,1025211.6035461606,347855.35559960065,1029240.1350039518,1000049.89224864,963074.7808208,1020168.3717484784,290470.0751665574
2025-04-20T03:00:00.000+0000,1023996.8838000009,347855.35559960065,1027866.03734582,1000048.933816,963074.7808208,1018831.0628521575,290470.0751665574
2025-04-20T03:10:00.000+0000,1023976.9359710407,347855.35559960065,1027446.080908969,1000062.96178464,963074.7808208,1018920.7008843165,290470.0751665574
2025-04-20T03:20:00.000+0000,1023582.5857038407,347855.35559960065,1026894.4074723823,1000059.21518432,963074.7808208,1018714.2301931183,290470.0751665574
2025-04-20T03:30:00.000+0000,1023018.5987546407,347855.35559960065,1025890.5412466819,1000065.88064768,963074.7808208,1018274.3843515168,290470.0751665574
2025-04-20T03:40:00.000+0000,1022930.1136993605,347855.35559960065,1025926.1125849609,1000084.26512832,963074.7808208,1017998.0200199974,290470.0751665574
2025-04-20T03:50:00.000+0000,1023462.6675152007,347855.35559960065,1026531.2296680089,1000084.0037375999,963074.7808208,1018740.3954441583,290470.0751665574
2025-04-20T04:00:00.000+0000,1023692.5079956008,347855.35559960065,1026167.1993056624,1000087.96816352,963074.7808208,1019323.1158945567,290470.0751665574
2025-04-20T04:10:00.000+0000,1023884.4435242407,347855.35559960065,1026522.775775946,1000087.96816352,963074.7808208,1019409.9335847986,290470.0751665574
2025-04-20T04:20:00.000+0000,1024497.3166332007,347855.35559960065,1027288.9239227038,1000063.6152614399,963074.7808208,1020148.7888273578,290470.0751665574
2025-04-20T04:30:00.000+0000,1025388.4966184006,347855.35559960065,1028066.054593205,1000051.67841856,963074.7808208,1021509.7272049567,290470.0751665574
2025-04-20T04:40:00.000+0000,1026042.0742376808,347855.35559960065,1028959.5809045483,1000046.62486464,963074.7808208,1022375.6914788788,290470.0751665574
2025-04-20T04:50:00.000+0000,1025402.9785236006,347855.35559960065,1028276.9095144763,1000065.9242128,963074.7808208,1021517.9925873568,290470.0751665574
2025-04-20T05:00:00.000+0000,1024456.5459758407,347855.35559960065,1027174.090701334,1000070.4549852799,963074.7808208,1020323.7895147166,290470.0751665574
2025-04-20T05:10:00.000+0000,1024867.7827230408,347855.35559960065,1027062.6997746972,1000071.97976448,963074.7808208,1020957.5972625574,290470.0751665574
2025-04-20T05:20:00.000+0000,1025555.8250484806,347855.35559960065,1027597.6787309857,1000077.29470912,963074.7808208,1022101.1502876771,290470.0751665574
2025-04-20T05:30:00.000+0000,1024399.2344617607,347855.35559960065,1026893.180371296,1000093.19597792,963074.7808208,1020285.7143991966,290470.0751665574
2025-04-20T05:40:00.000+0000,1024574.4402848808,347855.35559960065,1026963.8930924069,1000100.95056928,963074.7808208,1020524.8113684758,290470.0751665574
2025-04-20T05:50:00.000+0000,1023111.8474959207,347855.35559960065,1025924.8189249774,1000105.87342784,963074.7808208,1018327.9620550383,290470.0751665574
2025-04-20T06:00:00.000+0000,1022837.9171156808,347855.35559960065,1025612.920303904,1000090.7127660799,963074.7808208,1017980.7962100769,290470.0751665574
2025-04-20T06:10:00.000+0000,1023003.5389121608,347855.35559960065,1026158.1930216898,1000085.5285168,963074.7808208,1017955.2202871983,290470.0751665574
2025-04-20T06:20:00.000+0000,1022076.7160640808,347855.35559960065,1025048.9146384005,1000097.7267504,963074.7808208,1016937.3586284777,290470.0751665574
2025-04-20T06:30:00.000+0000,1022426.7128424807,347855.35559960065,1025019.6085602036,1000105.7862976,963074.7808208,1017664.4834628783,290470.0751665574
2025-04-20T06:40:00.000+0000,1019640.3303332005,347855.35559960065,1021479.2240111225,1000125.56486208,963074.7808208,1013651.1271185565,290470.0751665574
2025-04-20T06:50:00.000+0000,1019991.5950964007,364130.07939640066,1022228.9467631897,1000172.1359753599,963074.7808208,1013926.8765423975,298678.80292655743
2025-04-20T07:00:00.000+0000,1018630.8209872809,364130.07939640066,1019720.940437367,1000182.33021344,963074.7808208,1012415.3601236775,298678.80292655743
2025-04-20T07:10:00.000+0000,1016546.3592917607,364130.07939640066,1017224.5790707662,1000247.19867712,963074.7808208,1010265.6188935984,298678.80292655743
2025-04-20T07:20:00.000+0000,1015932.4670885608,23.759157040423418,1016611.3266460362,1000259.3533456,1000259.3533456,1010164.8736852764,72.63245487707536
2025-04-20T07:30:00.000+0000,1015239.6990467202,27366.554907040263,1016711.8237863223,1000259.3533456,1000259.3533456,1009234.8772780761,13704.218454877082
2025-04-20T07:40:00.000+0000,1015956.0114380007,76178.81483424047,1017206.2130829069,1000259.3533456,1000259.3533456,1010442.5397745578,38089.4706340776
2025-04-20T07:50:00.000+0000,1016919.6849819211,92459.30201664043,1018285.9804444958,1000259.3533456,1000259.3533456,1011740.4160422378,46222.75080047741
2025-04-20T08:00:00.000+0000,1016053.3572989604,92459.30201664043,1017030.7565240017,1000259.3533456,1000259.3533456,1010525.9497931167,46222.75080047741
2025-04-20T08:10:00.000+0000,1016369.7622723207,92459.30201664043,1017522.3207691277,1000259.3533456,1000259.3533456,1010952.548041277,46222.75080047741
2025-04-20T08:20:00.000+0000,1015818.2936004805,170268.0042174405,1017440.944122547,1000259.3533456,1000259.3533456,1010557.9048086373,85007.49816047735
2025-04-20T08:30:00.000+0000,1015559.4289579999,170268.0042174405,1017191.1341892761,1000259.3533456,1000259.3533456,1010165.8870739173,89365.73278127736
2025-04-20T08:40:00.000+0000,1015129.7735575199,176118.9597054401,1016647.8816697586,1000259.3533456,1000259.3533456,1009203.4550359977,92291.21052527739
2025-04-20T08:50:00.000+0000,1014178.0827197605,176118.9597054401,1014190.4665568753,1000259.3533456,1000259.3533456,1007692.9953711975,92291.21052527739
2025-04-20T09:00:00.000+0000,1013999.0576544803,231723.77583695998,1014720.5854618091,1000259.3533456,1000259.3533456,1007311.7348238378,120014.31908143744
2025-04-20T09:10:00.000+0000,1013871.8025400802,231723.77583695998,1015758.5598813621,1000259.3533456,1000259.3533456,1007242.0220387173,120014.31908143744
2025-04-20T09:20:00.000+0000,1013527.0084961604,231723.77583695998,1016210.2217324493,1000259.3533456,1000259.3533456,1006571.6597579169,120014.31908143744
2025-04-20T09:30:00.000+0000,1012875.5390889603,231723.77583695998,1015522.7955375758,1000259.3533456,1000259.3533456,1005691.8541659182,120014.31908143744
2025-04-20T09:40:00.000+0000,1012065.4123896798,39347.27583695996,1014634.2212476046,1000002.3347728003,791575.9933456003,1004935.0109252762,120014.31908143744
2025-04-20T09:50:00.000+0000,1012158.8738606402,39347.27583695996,1014495.5785146562,999762.1430800003,791575.9933456003,1005206.1214631973,120014.31908143744
2025-04-20T10:00:00.000+0000,1012457.31801416,39347.27583695996,1014906.4928863846,999566.9873296005,791575.9933456003,1006180.8876259173,120014.31908143744
2025-04-20T10:10:00.000+0000,1011666.2565700001,39347.27583695996,1015420.4813198254,999371.8315792003,791575.9933456003,1005573.3634343978,120014.31908143744
2025-04-20T10:20:00.000+0000,1011750.1224235997,39347.27583695996,1015422.1662715464,999386.8435600004,791575.9933456003,1005745.7184399979,120014.31908143744
2025-04-20T10:30:00.000+0000,1011854.15423152,39347.27583695996,1014906.2325590583,999281.7596944004,791575.9933456003,1005920.754698877,120014.31908143744
2025-04-20T10:40:00.000+0000,1009706.0265096,39347.27583695996,1009829.553566325,999551.9753488004,791575.9933456003,1000535.2325660776,120014.31908143744
2025-04-20T10:50:00.000+0000,1008407.7339751995,72270.76215999952,1006785.4376434227,1001128.2333328002,791575.9933456003,997933.7711015169,136318.41875871742
2025-04-20T11:00:00.000+0000,1008809.4162026392,17512.89165999952,1007748.1062181697,1001248.3291792005,791575.9933456003,998631.7803552783,95576.42375871746
2025-04-20T11:10:00.000+0000,1009039.2007278396,17512.89165999952,1007953.6895169574,1001008.1374864003,791575.9933456003,998785.1185864783,95576.42375871746
2025-04-20T11:20:00.000+0000,1009280.5469962392,17512.89165999952,1004433.2213364085,1002299.1678352003,791575.9933456003,997440.9203060778,95576.42375871746
2025-04-20T11:30:00.000+0000,1009096.9104231196,17512.89165999952,1002912.3730769295,1002929.6710288004,791575.9933456003,996191.734155117,95576.42375871746
2025-04-20T11:40:00.000+0000,1010014.1173700797,17512.89165999952,1000442.2284718851,1003770.3419536004,791575.9933456003,996394.4403603179,95576.42375871746
2025-04-20T11:50:00.000+0000,1010085.7795943995,17512.89165999952,1001095.9428724255,1003935.4737424003,791575.9933456003,996569.776279278,95576.42375871746
2025-04-20T12:00:00.000+0000,1011598.2694337595,17512.89165999952,1002592.8116421398,1003154.8507408004,791575.9933456003,998986.896434958,95576.42375871746
2025-04-20T12:10:00.000+0000,1012704.7072747996,17512.89165999952,1004972.2706619356,1003184.8747024004,791575.9933456003,1001614.8184141571,95576.42375871746
2025-04-20T12:20:00.000+0000,1013442.9443123194,17512.89165999952,1005827.9782668403,1002959.6949904002,791575.9933456003,1002881.0128475982,95576.42375871746
2025-04-20T12:30:00.000+0000,1013820.2469285594,17512.89165999952,1006485.033107215,1002509.3355664003,791575.9933456003,1003561.9641503973,95576.42375871746
2025-04-20T12:40:00.000+0000,1012315.5956133595,17512.89165999952,1006483.9890977908,1002749.5272592005,791575.9933456003,1000990.8103203182,95576.42375871746
2025-04-20T12:50:00.000+0000,1012188.2991320794,17512.89165999952,1006018.0440933516,1002899.6470672003,791575.9933456003,1000384.2168835979,95576.42375871746
2025-04-20T13:00:00.000+0000,1012152.2984556794,17512.89165999952,1005340.0706710052,1003064.7788560004,791575.9933456003,1000190.4832945571,95576.42375871746
2025-04-20T13:10:00.000+0000,1011067.1083028795,17512.89165999952,1003488.5536562247,1003575.1862032003,791575.9933456003,997919.796498397,95576.42375871746
2025-04-20T13:20:00.000+0000,1011709.5831115195,17512.89165999952,1004775.0543690291,1002944.6830096003,791575.9933456003,999515.6462963977,95576.42375871746
2025-04-20T13:30:00.000+0000,1011719.8250114396,17512.89165999952,1005799.1653312496,1002599.4074512003,791575.9933456003,999834.4356607172,95576.42375871746
2025-04-20T13:40:00.000+0000,1012836.9783731995,17512.89165999952,1006913.3773949211,1002494.3235856001,791575.9933456003,1001699.8147626377,95576.42375871746
2025-04-20T13:50:00.000+0000,1012572.7299411999,17512.89165999952,1006724.2769128629,1002644.4433936003,791575.9933456003,1001581.9383392762,95576.42375871746
2025-04-20T14:00:00.000+0000,1012209.8307929595,17512.89165999952,1006243.8491303022,1002419.2636816003,791575.9933456003,1001022.1640172772,95576.42375871746
2025-04-20T14:10:00.000+0000,1013785.1695129598,17512.89165999952,1008681.5095990873,1001863.8203920004,791575.9933456003,1003927.9153550377,95576.42375871746
2025-04-20T14:20:00.000+0000,1013789.9199095996,17512.89165999952,1007637.003500887,1002479.3116048004,791575.9933456003,1003259.873316557,95576.42375871746
2025-04-20T14:30:00.000+0000,1014755.7576207996,17512.89165999952,1009264.5526811085,1002164.0600080003,791575.9933456003,1005044.538241517,95576.42375871746
2025-04-20T14:40:00.000+0000,1014401.4072280796,17512.89165999952,1008553.984800708,1002209.0959504003,791575.9933456003,1004008.7959987166,95576.42375871746
2025-04-20T14:50:00.000+0000,1014842.2151993595,17512.89165999952,1009032.5203710664,1002209.0959504003,791575.9933456003,1004716.5041788764,95576.42375871746
2025-04-20T15:00:00.000+0000,1013378.1707154475,4516.45558599955,1007272.139713444,1002374.2277392002,791575.9933456003,1002009.9121104619,87515.48307871753
2025-04-20T15:10:00.000+0000,1012834.3870007196,25444.6296419996,1006665.0217759558,1002661.3988184005,817837.8280568004,1001185.0613993576,87515.48307871753
2025-04-20T15:20:00.000+0000,1011990.447532848,25444.6296419996,1004760.9920788131,1002963.6987848005,817837.8280568004,999129.4953887822,87515.48307871753
2025-04-20T15:30:00.000+0000,1012347.4207056637,25444.6296419996,1005253.7070092233,1003173.9944136004,817837.8280568004,999846.4638547815,87515.48307871753
2025-04-20T15:40:00.000+0000,1012588.5396360796,25444.6296419996,1004862.1710697098,1003265.9987512005,817837.8280568004,999563.443772126,87515.48307871753
2025-04-20T15:50:00.000+0000,1011945.5698837119,25444.6296419996,1002142.4669345419,1004291.1899416004,817837.8280568004,997413.885555518,87515.48307871753
2025-04-20T16:00:00.000+0000,1011668.3733285032,25444.6296419996,1002457.5743349381,1004080.8943128005,817837.8280568004,997042.6130713096,87515.48307871753
2025-04-20T16:10:00.000+0000,1013067.1452250555,25444.6296419996,1004707.1245875253,1003581.4421944005,817837.8280568004,1000149.9087844767,87515.48307871753
2025-04-20T16:20:00.000+0000,1014237.1442864081,25444.6296419996,1005981.5386210579,1003147.7074600004,817837.8280568004,1002009.5787173908,87515.48307871753
2025-04-20T16:30:00.000+0000,1014365.6565542796,25444.6296419996,1005014.0245810673,1003252.8552744004,817837.8280568004,1001294.3346307809,87515.48307871753
2025-04-20T16:40:00.000+0000,1013866.7973411758,25444.6296419996,1006374.381875667,1003173.9944136004,817837.8280568004,1001590.3300648445,87515.48307871753
2025-04-20T16:50:00.000+0000,1014680.8977893757,25444.6296419996,1007457.8120450594,1003095.1335528004,817837.8280568004,1003182.7016476464,87515.48307871753
2025-04-20T17:00:00.000+0000,1014748.4952680959,25444.6296419996,1006280.0402067094,1003200.2813672004,817837.8280568004,1003196.7004396459,87515.48307871753
2025-04-20T17:10:00.000+0000,1013997.8147533278,25444.6296419996,1005615.5914318394,1003555.1552408005,817837.8280568004,1001652.093854254,87515.48307871753
2025-04-20T17:20:00.000+0000,1013865.0670065517,25444.6296419996,1005511.5741562764,1003489.4378568004,817837.8280568004,1001320.3840345745,87515.48307871753
2025-04-20T17:30:00.000+0000,1014048.2714956158,25444.6296419996,1004873.3419320107,1003555.1552408005,817837.8280568004,1001261.6340322057,87515.48307871753
2025-04-20T17:40:00.000+0000,1014482.4827884637,25444.6296419996,1005711.8828308238,1003226.5683208004,817837.8280568004,1002227.3017994699,87515.48307871753
2025-04-20T17:50:00.000+0000,1015139.4717464874,25444.6296419996,1006444.963867265,1003187.1378904005,817837.8280568004,1003635.4387479817,87515.48307871753
2025-04-20T18:00:00.000+0000,1014391.8321170637,25444.6296419996,1005894.6412823675,1003634.0161016004,817837.8280568004,1001177.5512722699,87515.48307871753
2025-04-20T18:10:00.000+0000,1013555.8460713598,25444.6296419996,1007041.3638483641,1003344.8596120004,817837.8280568004,999505.2112554379,87515.48307871753
2025-04-20T18:20:00.000+0000,1013458.6007399115,37280.29522863957,1007026.3421897667,1003331.7161352005,817837.8280568004,1000010.3590136778,93378.7404173574
2025-04-20T18:30:00.000+0000,1013071.2636676638,37280.29522863957,1005688.4855471766,1003450.0074264004,817837.8280568004,998727.8749823504,93378.7404173574
2025-04-20T18:40:00.000+0000,1012908.1983943277,37280.29522863957,1005448.1046874102,1003778.5943464005,817837.8280568004,998785.7880547973,93378.7404173574
2025-04-20T18:50:00.000+0000,1013478.2117285597,37280.29522863957,1006691.4120265497,1003568.2987176003,817837.8280568004,999753.6429509574,93378.7404173574
2025-04-20T19:00:00.000+0000,1013796.0636434396,37280.29522863957,1006468.6261641169,1003726.0204392005,817837.8280568004,999821.1197263171,93378.7404173574
2025-04-20T19:10:00.000+0000,1013873.9848165917,37280.29522863957,1006263.0946944376,1003344.8596120004,817837.8280568004,1000406.4667537732,93378.7404173574
2025-04-20T19:20:00.000+0000,1013574.6661432474,37280.29522863957,1007277.757263272,1003384.2900424005,817837.8280568004,1000237.0122659014,93378.7404173574
2025-04-20T19:30:00.000+0000,1013670.2923510321,37280.29522863957,1007605.3755572136,1003344.8596120004,817837.8280568004,1000453.7183222529,93378.7404173574
2025-04-20T19:40:00.000+0000,1014197.4472794395,41714.77500447957,1008236.2141297746,1002989.9857384004,817837.8280568004,1001850.5072164773,95578.64668327739
2025-04-20T19:50:00.000+0000,1015443.6900869593,41714.77500447957,1009465.8988799133,1002792.8335864004,817837.8280568004,1004029.2413336777,95578.64668327739
2025-04-20T20:00:00.000+0000,1015110.5724943997,41714.77500447957,1009502.6361509548,1001938.5075944004,817837.8280568004,1003802.8090245582,95578.64668327739
2025-04-20T20:10:00.000+0000,1017787.1888868795,41714.77500447957,1012940.2111338386,1001360.1946152004,817837.8280568004,1008821.4136263981,95578.64668327739
2025-04-20T20:20:00.000+0000,1019611.5926952797,41714.77500447957,1015258.8462950638,1001202.4728936004,817837.8280568004,1011377.7016586371,95578.64668327739
2025-04-20T20:30:00.000+0000,1019166.8269927197,41714.77500447957,1013313.0069072614,1002083.0858392003,817837.8280568004,1009882.6186826376,95578.64668327739
2025-04-20T20:40:00.000+0000,1018969.7237015996,41714.77500447957,1013696.82715322,1001899.0771640004,817837.8280568004,1009220.5025995967,95578.64668327739
2025-04-20T20:50:00.000+0000,1018609.2221337596,41714.77500447957,1011730.974951941,1002240.8075608003,817837.8280568004,1007653.8978867973,95578.64668327739
2025-04-20T21:00:00.000+0000,1018012.6654611995,41714.77500447957,1010779.0394852764,1002871.6944472004,817837.8280568004,1006246.0658541578,95578.64668327739
2025-04-20T21:10:00.000+0000,1017955.4835433597,41714.77500447957,1010282.9895688498,1002871.6944472004,817837.8280568004,1006116.724909758,95578.64668327739
2025-04-20T21:20:00.000+0000,1017448.5785919996,41714.77500447957,1010129.4001683639,1002871.6944472004,817837.8280568004,1005909.1875725577,95578.64668327739
2025-04-20T21:30:00.000+0000,1017841.3105548795,41714.77500447957,1011599.4040683093,1002477.3901432004,817837.8280568004,1006537.1192250368,95578.64668327739
2025-04-20T21:40:00.000+0000,1018671.0972939995,41714.77500447957,1012351.0131329112,1002345.9553752005,817837.8280568004,1008136.6059111967,95578.64668327739
2025-04-20T21:50:00.000+0000,1017828.1870620794,41714.77500447957,1012624.9334245727,1002332.8118984004,817837.8280568004,1007404.7219871175,95578.64668327739
2025-04-20T22:00:00.000+0000,1016258.0613683201,41714.77500447957,1009016.4002889842,1002621.9683880005,817837.8280568004,1004140.877553197,95578.64668327739
2025-04-20T22:10:00.000+0000,1016032.7495620798,41714.77500447957,1008669.119675592,1003108.2770296005,817837.8280568004,1003552.8112828768,95578.64668327739
2025-04-20T22:20:00.000+0000,1014433.7101178394,41714.77500447957,1006017.0187812047,1003436.8639496004,817837.8280568004,1000612.9922211173,95578.64668327739
2025-04-20T22:30:00.000+0000,1014354.2675227995,41714.77500447957,1007341.0061146871,1003200.2813672004,817837.8280568004,1001093.7291236782,95578.64668327739
2025-04-20T22:40:00.000+0000,1015023.6228098398,41714.77500447957,1008412.9196809054,1003173.9944136004,817837.8280568004,1001985.927493518,95578.64668327739
2025-04-20T22:50:00.000+0000,1015466.7259435196,41714.77500447957,1008191.513711865,1003318.5726584005,817837.8280568004,1002475.8683270377,95578.64668327739
2025-04-20T23:00:00.000+0000,1016672.1576260794,41714.77500447957,1010220.078909786,1002464.2466664005,817837.8280568004,1004307.4167151978,95578.64668327739
2025-04-20T23:10:00.000+0000,1017104.9220373596,41714.77500447957,1011653.1586533855,1002083.0858392003,817837.8280568004,1005442.785293118,95578.64668327739
2025-04-20T23:20:00.000+0000,1017479.2326491197,41714.77500447957,1011959.5753178982,1002161.9467000004,817837.8280568004,1005818.2630703978,95578.64668327739
2025-04-20T23:30:00.000+0000,1017049.4751304002,41714.77500447957,1011574.2940095926,1002411.6727592004,817837.8280568004,1005231.1532343179,95578.64668327739
2025-04-20T23:40:00.000+0000,1017199.4163813594,41714.77500447957,1011368.6735676224,1002148.8032232005,817837.8280568004,1005249.645029038,95578.64668327739
2025-04-20T23:50:00.000+0000,1017617.2317614399,41714.77500447957,1013027.0469170336,1001872.7902104005,817837.8280568004,1006783.735174318,95578.64668327739
2025-04-21T00:00:00.000+0000,1018295.2208359198,41714.77500447957,1013642.5944819801,1000032.7034584004,817837.8280568004,1007611.4529699162,95578.64668327739
2025-04-21T00:10:00.000+0000,1018768.0796459997,41714.77500447957,1018835.6392340742,1000019.5599816005,817837.8280568004,1010755.9930237571,95578.64668327739
2025-04-21T00:20:00.000+0000,1020802.1927526398,41714.77500447957,1020479.515723783,997141.1385624005,817837.8280568004,1013537.5080301575,95578.64668327739
2025-04-21T00:30:00.000+0000,1025685.2646674396,41714.77500447957,1031862.9111420654,995393.0561480005,817837.8280568004,1022734.487455837,95578.64668327739
2025-04-21T00:40:00.000+0000,1027420.8981489596,41714.77500447957,1034068.802534641,995393.0561480005,817837.8280568004,1025987.712092397,95578.64668327739
2025-04-21T00:50:00.000+0000,1029750.5957986391,41714.77500447957,1033218.8289598715,996470.8212456005,817837.8280568004,1027529.888363598,95578.64668327739
2025-04-21T01:00:00.000+0000,1032823.9519451992,41714.77500447957,1035617.8804551382,996497.1081992004,817837.8280568004,1031683.7090464786,95578.64668327739
2025-04-21T01:10:00.000+0000,1032504.1445959194,41714.77500447957,1033081.4852209926,997325.1472376004,817837.8280568004,1030724.6469104767,95578.64668327739
2025-04-21T01:20:00.000+0000,1032711.6156861596,41714.77500447957,1033412.9154126225,997364.5776680005,817837.8280568004,1031496.9668598368,95578.64668327739
2025-04-21T01:30:00.000+0000,1034260.4677124792,41714.77500447957,1035689.6881664086,996352.5299544004,817837.8280568004,1033109.9461432764,95578.64668327739
2025-04-21T01:40:00.000+0000,1035242.3746579996,41714.77500447957,1038134.1046730115,996418.2473384005,817837.8280568004,1035204.5438235169,95578.64668327739
2025-04-21T01:50:00.000+0000,1037516.5986221593,41714.77500447957,1039389.3783644809,996339.3864776004,817837.8280568004,1039443.2484448769,95578.64668327739
2025-04-21T02:00:00.000+0000,1037580.452698,41714.77500447957,1038932.0619834429,996825.6951192005,817837.8280568004,1039253.3724672762,95578.64668327739
2025-04-21T02:10:00.000+0000,1037797.2286383992,41714.77500447957,1039654.3249919983,997298.8602840004,817837.8280568004,1038268.1179019967,95578.64668327739
2025-04-21T02:20:00.000+0000,1039753.7847403195,41714.77500447957,1040932.1414820619,996838.8385960003,817837.8280568004,1041112.9935792767,95578.64668327739
2025-04-21T02:30:00.000+0000,1038946.3367159197,41714.77500447957,1037323.2093991077,997522.2993896005,817837.8280568004,1037508.9675085578,95578.64668327739
2025-04-21T02:40:00.000+0000,1038440.3285465598,41714.77500447957,1035313.4363941784,998744.6427320004,817837.8280568004,1036349.0647736765,95578.64668327739
2025-04-21T02:50:00.000+0000,1039104.4808992796,41714.77500447957,1037937.6163705732,998547.4905800004,817837.8280568004,1037988.4019539172,95578.64668327739
2025-04-21T03:00:00.000+0000,1040161.010398959,41714.77500447957,1038620.4799606544,998402.9123352004,817837.8280568004,1039265.2687426375,95578.64668327739
2025-04-21T03:10:00.000+0000,1041603.6066979202,41714.77500447957,1037806.304806865,998836.6470696004,817837.8280568004,1041113.1889228779,95578.64668327739
2025-04-21T03:20:00.000+0000,1041169.9598931202,41714.77500447957,1036398.8320063083,999309.8122344005,817837.8280568004,1038921.6420640771,95578.64668327739
2025-04-21T03:30:00.000+0000,1040676.1139861599,41714.77500447957,1037003.9169387894,999638.3991544005,817837.8280568004,1038606.6792360779,95578.64668327739
2025-04-21T03:40:00.000+0000,1040656.6511688798,41714.77500447957,1036977.701841438,999506.9643864005,817837.8280568004,1039619.557584638,95578.64668327739
2025-04-21T03:50:00.000+0000,1040013.6729632801,41714.77500447957,1035632.6033040707,999533.2513400004,817837.8280568004,1038462.2506714375,95578.64668327739
2025-04-21T04:00:00.000+0000,1040859.2965227999,41714.77500447957,1037051.553948307,999441.2470024003,817837.8280568004,1040116.517798157,95578.64668327739
2025-04-21T04:10:00.000+0000,1040281.3444546396,41714.77500447957,1035741.9519018368,999506.9643864005,817837.8280568004,1039199.6416863179,95578.64668327739
2025-04-21T04:20:00.000+0000,1039630.820590399,41714.77500447957,1036250.2975852813,999191.5209432004,817837.8280568004,1039335.1359041577,95578.64668327739
2025-04-21T04:30:00.000+0000,1039093.9008700796,41714.77500447957,1035306.8940188482,999046.9426984005,817837.8280568004,1038278.3592023961,95578.64668327739
2025-04-21T04:40:00.000+0000,1041007.8176107997,41714.77500447957,1037733.395966304,998363.4819048004,817837.8280568004,1041931.0465129578,95578.64668327739
2025-04-21T04:50:00.000+0000,1041393.5276956798,41714.77500447957,1040255.157505179,997693.1645880004,817837.8280568004,1044177.2484127167,95578.64668327739
2025-04-21T05:00:00.000+0000,1041598.8867768799,41714.77500447957,1040941.9113318005,997706.3080648005,817837.8280568004,1043893.9883022377,95578.64668327739
2025-04-21T05:10:00.000+0000,1041280.1749504798,41714.77500447957,1040944.0713918747,997732.5950184003,817837.8280568004,1043362.594657517,95578.64668327739
2025-04-21T05:20:00.000+0000,1041785.4916734395,41714.77500447957,1042105.0391002861,997404.0080984004,817837.8280568004,1044698.4051535171,95578.64668327739
2025-04-21T05:30:00.000+0000,1041665.3142923198,41714.77500447957,1041722.7119999671,997509.1559128003,817837.8280568004,1044445.763628559,95578.64668327739
2025-04-21T05:40:00.000+0000,1042062.1805451191,41714.77500447957,1042375.7715009262,997180.5689928005,817837.8280568004,1045238.567477677,95578.64668327739
2025-04-21T05:50:00.000+0000,1043430.2478150399,41714.77500447957,1043911.8653796808,996746.8342584005,817837.8280568004,1046837.948948077,95578.64668327739
2025-04-21T06:00:00.000+0000,1044885.3138302399,41714.77500447957,1043888.574724001,997535.4428664005,817837.8280568004,1050057.382738958,95578.64668327739
2025-04-21T06:10:00.000+0000,1044947.7740220798,41714.77500447957,1044170.8275020763,997193.7124696004,817837.8280568004,1050299.8017484783,95578.64668327739
2025-04-21T06:20:00.000+0000,1045328.4571317593,41714.77500447957,1044477.9834723148,997404.0080984004,817837.8280568004,1051319.7186616773,95578.64668327739
2025-04-21T06:30:00.000+0000,1044240.3636035199,41714.77500447957,1043134.5368444009,997496.0124360004,817837.8280568004,1049427.738557599,95578.64668327739
2025-04-21T06:40:00.000+0000,1044543.6929457595,41714.77500447957,1042648.6225391328,997666.8776344004,817837.8280568004,1049857.6937180774,95578.64668327739
2025-04-21T06:50:00.000+0000,1046165.1851134393,41714.77500447957,1043736.3335514892,997745.7384952004,817837.8280568004,1052819.169540559,95578.64668327739
2025-04-21T07:00:00.000+0000,1047300.5889631193,41714.77500447957,1044219.3835999531,997614.3037272003,817837.8280568004,1054819.4808103181,95578.64668327739
2025-04-21T07:10:00.000+0000,1046578.1279946391,41714.77500447957,1041684.6427074051,997824.5993560004,817837.8280568004,1053234.1532877572,95578.64668327739
2025-04-21T07:20:00.000+0000,1045980.1075939996,41714.77500447957,1040856.3296007207,997890.3167400004,817837.8280568004,1052518.621871198,95578.64668327739
2025-04-21T07:30:00.000+0000,1046505.6055590401,41714.77500447957,1041586.5042491248,997982.3210776004,817837.8280568004,1053126.3622895977,95578.64668327739
2025-04-21T07:40:00.000+0000,1046727.1367921599,41714.77500447957,1042784.1571207079,998100.6123688004,817837.8280568004,1052938.014088797,95578.64668327739
2025-04-21T07:50:00.000+0000,1046038.6128523202,41714.77500447957,1041442.1381582429,998494.9166728004,817837.8280568004,1051528.814650958,95578.64668327739
2025-04-21T08:00:00.000+0000,1046467.4353196793,41714.77500447957,1041820.8913272637,998284.6210440004,817837.8280568004,1052223.5675036781,95578.64668327739
2025-04-21T08:10:00.000+0000,1046547.2852885597,41714.77500447957,1040764.9722082373,998560.6340568004,817837.8280568004,1051649.824465598,95578.64668327739
2025-04-21T08:20:00.000+0000,1046532.7051619999,41714.77500447957,1041813.6779325542,998087.4688920004,817837.8280568004,1052025.6407718374,95578.64668327739
2025-04-21T08:30:00.000+0000,1047537.3494031195,41714.77500447957,1042503.1136683105,998376.6253816005,817837.8280568004,1053235.6087224768,95578.64668327739
2025-04-21T08:40:00.000+0000,1047252.2943297595,41714.77500447957,1041893.6507997141,998547.4905800004,817837.8280568004,1052664.9216376767,95578.64668327739
2025-04-21T08:50:00.000+0000,1048669.1704213591,41714.77500447957,1043263.449273892,998179.4732296005,817837.8280568004,1055619.7099144773,95578.64668327739
2025-04-21T09:00:00.000+0000,1049988.9236734395,41714.77500447957,1044439.3849212832,997627.4472040003,817837.8280568004,1059316.381609357,95578.64668327739
2025-04-21T09:10:00.000+0000,1048147.5224738397,41714.77500447957,1040548.2790324967,998232.0471368005,817837.8280568004,1055347.9066311975,95578.64668327739
2025-04-21T09:20:00.000+0000,1047861.33101032,41714.77500447957,1040386.5204755568,998324.0514744004,817837.8280568004,1056356.469035277,95578.64668327739
2025-04-21T09:30:00.000+0000,1047387.9626082391,41714.77500447957,1038534.3848121415,998665.7818712004,817837.8280568004,1054529.9764991978,95578.64668327739
2025-04-21T09:40:00.000+0000,1048133.1403887202,41714.77500447957,1039538.8152097065,998718.3557784004,817837.8280568004,1056139.686699999,95578.64668327739
2025-04-21T09:50:00.000+0000,1048912.01049376,41714.77500447957,1040461.9785818199,998757.7862088004,817837.8280568004,1057196.8640809592,95578.64668327739
2025-04-21T10:00:00.000+0000,1048073.1695038395,41714.77500447957,1039020.6324648533,998718.3557784004,817837.8280568004,1055643.6055826377,95578.64668327739
2025-04-21T10:10:00.000+0000,1047841.2979495999,41714.77500447957,1038944.1070395068,998902.3644536004,817837.8280568004,1055299.3417142378,95578.64668327739
2025-04-21T10:20:00.000+0000,1047111.9043316793,41714.77500447957,1036653.7997727448,999086.3731288004,817837.8280568004,1053968.3103918373,95578.64668327739
2025-04-21T10:30:00.000+0000,1046650.2762298398,41714.77500447957,1035393.2261696763,999336.0991880004,817837.8280568004,1052901.5353951184,95578.64668327739
2025-04-21T10:40:00.000+0000,1047388.9055532798,41714.77500447957,1036126.8038162473,999362.3861416006,817837.8280568004,1055037.5351271979,95578.64668327739
2025-04-21T10:50:00.000+0000,1048024.1125807995,41714.77500447957,1037430.7766241555,998902.3644536004,817837.8280568004,1056404.7024176768,95578.64668327739
2025-04-21T11:00:00.000+0000,1046784.5990855198,41714.77500447957,1037009.9359924239,999112.6600824004,817837.8280568004,1054507.5402625562,95578.64668327739
2025-04-21T11:10:00.000+0000,1043773.1499736798,41714.77500447957,1031594.0757837712,999349.2426648005,817837.8280568004,1049018.4181760775,95578.64668327739
2025-04-21T11:20:00.000+0000,1041844.4549650393,41714.77500447957,1028663.5269628131,1000374.4338552004,817837.8280568004,1045360.4167202374,95578.64668327739
2025-04-21T11:30:00.000+0000,1042358.0390687996,41714.77500447957,1030432.4851912621,1000190.4251800004,817837.8280568004,1046957.5314055164,95578.64668327739
2025-04-21T11:40:00.000+0000,1042635.4990231197,41714.77500447957,1031818.7237420265,999980.1295512004,817837.8280568004,1047646.5796255982,95578.64668327739
2025-04-21T11:50:00.000+0000,1042895.8256950391,41714.77500447957,1031618.5995838832,1000098.4208424005,817837.8280568004,1047395.7434551965,95578.64668327739
2025-04-21T12:00:00.000+0000,1043800.3366069593,41714.77500447957,1032560.3891320692,999953.8425976003,817837.8280568004,1048223.7115503963,95578.64668327739
2025-04-21T12:10:00.000+0000,1047347.9744243994,41714.77500447957,1034525.8092632804,999704.1165384005,817837.8280568004,1053899.5768227177,95578.64668327739
2025-04-21T12:20:00.000+0000,1047811.4425530399,41714.77500447957,1033790.0791684012,999861.8382600005,817837.8280568004,1053711.2999647963,95578.64668327739
2025-04-21T12:30:00.000+0000,1047444.1400303191,41714.77500447957,1033110.8422024513,1000413.8642856004,817837.8280568004,1053094.9974015988,95578.64668327739
2025-04-21T12:40:00.000+0000,1046000.40604224,41714.77500447957,1031817.5665344698,1000519.0121000004,817837.8280568004,1050336.0392352773,95578.64668327739
2025-04-21T12:50:00.000+0000,1045146.66508184,41714.77500447957,1030386.3352794733,1000873.8859736004,817837.8280568004,1048725.175058398,95578.64668327739
2025-04-21T13:00:00.000+0000,1043099.2646136,41714.77500447957,1027401.5997646085,1001163.0424632004,817837.8280568004,1045508.6832120765,95578.64668327739
2025-04-21T13:10:00.000+0000,1042867.2013128798,41714.77500447957,1027400.6613278566,1001544.2032904003,817837.8280568004,1044426.0130416772,95578.64668327739
2025-04-21T13:20:00.000+0000,1043744.8523299197,41714.77500447957,1028102.0969045958,1001333.9076616005,817837.8280568004,1045984.8722558371,95578.64668327739
2025-04-21T13:30:00.000+0000,1045087.8376814399,41714.77500447957,1028065.9291634515,1001057.8946488005,817837.8280568004,1046978.3687223175,95578.64668327739
2025-04-21T13:40:00.000+0000,1046209.1714961596,41714.77500447957,1029930.4391065831,1001110.4685560004,817837.8280568004,1047749.4482647979,95578.64668327739
2025-04-21T13:50:00.000+0000,1043530.1967918396,41714.77500447957,1025018.7544581636,1001228.7598472004,817837.8280568004,1043096.7103352776,95578.64668327739
2025-04-21T14:00:00.000+0000,1042990.4391436793,41714.77500447957,1023203.5820173267,1002227.6640840005,817837.8280568004,1041991.8801071162,95578.64668327739
2025-04-21T14:10:00.000+0000,1046755.86409192,41714.77500447957,1028779.8752465653,1001163.0424632004,817837.8280568004,1047444.6931640769,95578.64668327739
2025-04-21T14:20:00.000+0000,1050748.2881954394,41714.77500447957,1035345.0464398046,999309.8122344005,817837.8280568004,1053841.0140104769,95578.64668327739
2025-04-21T14:30:00.000+0000,1052229.1652452797,41714.77500447957,1038937.856550168,998954.9383608005,817837.8280568004,1056233.433742319,95578.64668327739
2025-04-21T14:40:00.000+0000,1047806.7142387193,41714.77500447957,1035128.3061687262,999060.0861752004,817837.8280568004,1049342.0489641577,95578.64668327739
2025-04-21T14:50:00.000+0000,1048000.9478274395,41714.77500447957,1035166.1823690434,999414.9600488003,817837.8280568004,1049735.0812865589,95578.64668327739
2025-04-21T15:00:00.000+0000,1049325.0689823998,41714.77500447957,1034855.3877792018,999638.3991544005,817837.8280568004,1050990.599168078,95578.64668327739
2025-04-21T15:10:00.000+0000,1049347.8607343996,41714.77500447957,1033444.4269740186,1000505.8686232005,817837.8280568004,1050429.0676529573,95578.64668327739
2025-04-21T15:20:00.000+0000,1051340.8771447195,41714.77500447957,1036481.1120261649,1000164.1382264005,817837.8280568004,1053575.3079455171,95578.64668327739
2025-04-21T15:30:00.000+0000,1051144.7317866394,41714.77500447957,1035880.0126959262,1000111.5643192003,817837.8280568004,1052943.0480583971,95578.64668327739
2025-04-21T15:40:00.000+0000,1050252.9230048798,41714.77500447957,1032841.439432142,1000716.1642520005,817837.8280568004,1051416.267260957,95578.64668327739
2025-04-21T15:50:00.000+0000,1049835.5462735998,41714.77500447957,1032944.011008003,1001215.6163704005,817837.8280568004,1050163.255572877,95578.64668327739
2025-04-21T16:00:00.000+0000,1049887.5739181591,41714.77500447957,1031761.0882241766,1001294.4772312004,817837.8280568004,1049936.185274557,95578.64668327739
2025-04-21T16:10:00.000+0000,1049910.7317770394,41714.77500447957,1033005.2720312637,1000742.4512056005,817837.8280568004,1050728.358228798,95578.64668327739
2025-04-21T16:20:00.000+0000,1047706.7112051995,41714.77500447957,1028033.0169490944,1001478.4859064005,817837.8280568004,1046374.0044008774,95578.64668327739
2025-04-21T16:30:00.000+0000,1047372.52237032,41714.77500447957,1028304.9831030768,1002253.9510376004,817837.8280568004,1045178.3847623976,95578.64668327739
2025-04-21T16:40:00.000+0000,1044011.1954847991,41714.77500447957,1023767.2348740187,1003003.1292152005,817837.8280568004,1038994.0654789563,95578.64668327739
2025-04-21T16:50:00.000+0000,1040467.930466319,41714.77500447957,1016311.7431903298,1003804.8813000005,817837.8280568004,1032649.9541315171,95578.64668327739
2025-04-21T17:00:00.000+0000,1034053.8485401601,41714.77500447957,1007009.3865866328,1005250.6637480005,817837.8280568004,1021315.8378841565,95578.64668327739
2025-04-21T17:10:00.000+0000,1036929.0929030399,41714.77500447957,1010330.6873537047,1005881.5506344005,817837.8280568004,1026343.039502877,95578.64668327739
2025-04-21T17:20:00.000+0000,1038660.2124985595,41714.77500447957,1011316.6009614283,1005158.6594104004,817837.8280568004,1028181.6541335172,95578.64668327739
2025-04-21T17:30:00.000+0000,1039601.2964286393,41714.77500447957,1012608.7004417847,1005066.6550728003,817837.8280568004,1030169.1600557562,95578.64668327739
2025-04-21T17:40:00.000+0000,1038765.5477628793,41714.77500447957,1011869.9378719057,1005408.3854696006,817837.8280568004,1028556.3017754368,95578.64668327739
2025-04-21T17:50:00.000+0000,1037331.0797560797,41714.77500447957,1009558.8071585409,1005368.9550392005,817837.8280568004,1027209.985290958,95578.64668327739
2025-04-21T18:00:00.000+0000,1037220.8120408799,41714.77500447957,1009550.3712528382,1005723.8289128005,817837.8280568004,1027489.4033775183,95578.64668327739
2025-04-21T18:10:00.000+0000,1037949.3243644002,41714.77500447957,1010855.3349554329,1005263.8072248006,817837.8280568004,1028621.4947792783,95578.64668327739
2025-04-21T18:20:00.000+0000,1037983.8312367996,41714.77500447957,1009440.3723216376,1005500.3898072004,817837.8280568004,1028439.3482131977,95578.64668327739
2025-04-21T18:30:00.000+0000,1038340.9902807992,41714.77500447957,1009881.6573386043,1005079.7985496004,817837.8280568004,1028736.1528793566,95578.64668327739
2025-04-21T18:40:00.000+0000,1038182.169239359,41714.77500447957,1011041.2158856164,1005106.0855032005,817837.8280568004,1029595.7434563185,95578.64668327739
2025-04-21T18:50:00.000+0000,1036819.4916542401,41714.77500447957,1009932.3642730415,1005000.9376888004,817837.8280568004,1027505.2677758378,95578.64668327739
2025-04-21T19:00:00.000+0000,1036633.4735878401,41714.77500447957,1009649.411144336,1004422.6247096003,817837.8280568004,1027484.610414957,95578.64668327739
2025-04-21T19:10:00.000+0000,1039367.1841683998,41714.77500447957,1013751.380990902,1004238.6160344005,817837.8280568004,1031927.2348698366,95578.64668327739
2025-04-21T19:20:00.000+0000,1041246.9858230399,41714.77500447957,1015947.488623812,1003739.1639160004,817837.8280568004,1035636.191728717,95578.64668327739
2025-04-21T19:30:00.000+0000,1042036.6655734396,41714.77500447957,1017013.0283116568,1003436.8639496004,817837.8280568004,1037344.7233091181,95578.64668327739
2025-04-21T19:40:00.000+0000,1041224.1578999998,41714.77500447957,1016014.3044800732,1003463.1509032005,817837.8280568004,1036276.2379817566,95578.64668327739
2025-04-21T19:50:00.000+0000,1041304.9966772,41714.77500447957,1016687.9260735251,1003147.7074600004,817837.8280568004,1036873.8480109577,95578.64668327739
2025-04-21T20:00:00.000+0000,1041389.6160275193,41714.77500447957,1016144.1740658828,1003095.1335528004,817837.8280568004,1037085.6676195979,95578.64668327739
2025-04-21T20:10:00.000+0000,1040736.2386479194,41714.77500447957,1016086.8887839296,1003410.5769960004,817837.8280568004,1035723.1238273571,95578.64668327739
2025-04-21T20:20:00.000+0000,1040474.5283837597,41714.77500447957,1015620.9796803719,1003647.1595784004,817837.8280568004,1035283.8963906372,95578.64668327739
2025-04-21T20:30:00.000+0000,1040602.0276027194,41714.77500447957,1015823.6382307505,1003476.2943800006,817837.8280568004,1035608.1958433564,95578.64668327739
2025-04-21T20:40:00.000+0000,1040678.9940802394,41714.77500447957,1016663.28176,1002582.5379576003,817837.8280568004,1036397.1256941565,95578.64668327739
2025-04-21T20:50:00.000+0000,1041257.2742856792,41714.77500447957,1017614.9796388508,1002727.1162024005,817837.8280568004,1038165.4633913557,95578.64668327739
2025-04-21T21:00:00.000+0000,1041131.4956891194,41714.77500447957,1016314.5288892696,1002950.5553080004,817837.8280568004,1036547.7925641579,95578.64668327739
2025-04-21T21:10:00.000+0000,1041503.6418338394,41714.77500447957,1016359.9882263646,1003581.4421944005,817837.8280568004,1037139.5197034383,95578.64668327739
2025-04-21T21:20:00.000+0000,1041461.5626241595,41714.77500447957,1015415.9133184631,1003673.4465320003,817837.8280568004,1036663.9007032777,95578.64668327739
2025-04-21T21:30:00.000+0000,1040301.6185224003,41714.77500447957,1014544.7302374323,1003344.8596120004,817837.8280568004,1035305.405269758,95578.64668327739
2025-04-21T21:40:00.000+0000,1041624.6581432797,41714.77500447957,1016573.8185985542,1003173.9944136004,817837.8280568004,1037496.8613012773,95578.64668327739
2025-04-21T21:50:00.000+0000,1042449.0870720791,41714.77500447957,1017988.7676011841,1002845.4074936005,817837.8280568004,1039187.108520877,95578.64668327739
2025-04-21T22:00:00.000+0000,1039811.8223730396,41714.77500447957,1014452.7198250898,1003279.1422280004,817837.8280568004,1035070.2904122372,95578.64668327739
2025-04-21T22:10:00.000+0000,1039529.62241376,41714.77500447957,1013597.4153591513,1003726.0204392005,817837.8280568004,1034215.0134815963,95578.64668327739
2025-04-21T22:20:00.000+0000,1040019.9638265597,41714.77500447957,1014105.273799658,1004015.1769288005,817837.8280568004,1034972.7175330361,95578.64668327739
2025-04-21T22:30:00.000+0000,1040188.7242101589,41714.77500447957,1014616.181909639,1003896.8856376004,817837.8280568004,1035209.929011917,95578.64668327739
2025-04-21T22:40:00.000+0000,1040885.94079032,41714.77500447957,1015586.3268540832,1003739.1639160004,817837.8280568004,1036309.4266095969,95578.64668327739
2025-04-21T22:50:00.000+0000,1040719.5269279991,41714.77500447957,1015158.8776535409,1004054.6073592005,817837.8280568004,1035247.5489918368,95578.64668327739
2025-04-21T23:00:00.000+0000,1040238.2185829594,41714.77500447957,1012971.0730149262,1004172.8986504006,817837.8280568004,1033462.3619848769,95578.64668327739
2025-04-21T23:10:00.000+0000,1040768.1923644794,41714.77500447957,1013860.6897937941,1004370.0508024003,817837.8280568004,1034029.1877611983,95578.64668327739
2025-04-21T23:20:00.000+0000,1041563.6882582398,41714.77500447957,1015155.0636891249,1004251.7595112005,817837.8280568004,1034731.6982028779,95578.64668327739
2025-04-21T23:30:00.000+0000,1040353.7579774398,41714.77500447957,1014507.3488347969,1004159.7551736005,817837.8280568004,1032604.5589767178,95578.64668327739
2025-04-21T23:40:00.000+0000,1040599.9771443993,41714.77500447957,1014624.2558588855,1003804.8813000005,817837.8280568004,1032665.744988718,95578.64668327739
2025-04-21T23:50:00.000+0000,1042439.1276459993,41714.77500447957,1018104.3553625983,1003450.0074264004,817837.8280568004,1036728.0338556775,95578.64668327739
2025-04-22T00:00:00.000+0000,1042804.4494545592,41714.77500447957,1018007.1305348291,1002963.6987848005,817837.8280568004,1037084.4595867968,95578.64668327739
2025-04-22T00:10:00.000+0000,1041924.643362959,41714.77500447957,1016347.0020721932,1003384.2900424005,817837.8280568004,1035247.7909980763,95578.64668327739
2025-04-22T00:20:00.000+0000,1043074.7689258396,41714.77500447957,1017844.0310743253,1003279.1422280004,817837.8280568004,1037592.9445731171,95578.64668327739
2025-04-22T00:30:00.000+0000,1038352.1859171194,41714.77500447957,1005985.0577205939,1003436.8639496004,817837.8280568004,1028783.6532486374,95578.64668327739
2025-04-22T00:40:00.000+0000,1039975.8912128798,41714.77500447957,1010293.7242256082,1003896.8856376004,817837.8280568004,1031924.8740599963,95578.64668327739
2025-04-22T00:50:00.000+0000,1041606.7169077599,41714.77500447957,1013772.068803102,1002713.9727256005,817837.8280568004,1035143.0220803183,95578.64668327739
2025-04-22T01:00:00.000+0000,1042377.5629372001,41714.77500447957,1016512.2292904663,1002069.9423624005,817837.8280568004,1037744.8193759976,95578.64668327739
2025-04-22T01:10:00.000+0000,1045384.4152294394,41714.77500447957,1020006.6055541198,1000387.5773320004,817837.8280568004,1044583.384843437,95578.64668327739
2025-04-22T01:20:00.000+0000,1050781.6901524798,41714.77500447957,1026185.0221657183,999953.8425976003,817837.8280568004,1051675.424868877,95578.64668327739
2025-04-22T01:30:00.000+0000,1050945.1372900794,41714.77500447957,1026905.0144816376,1000321.8599480004,817837.8280568004,1053834.8719280781,95578.64668327739
2025-04-22T01:40:00.000+0000,1051126.4734050399,41714.77500447957,1027753.6813741676,1000150.9947496004,817837.8280568004,1054125.428996317,95578.64668327739
2025-04-22T01:50:00.000+0000,1052077.5559298396,41714.77500447957,1030179.843671989,999664.6861080005,817837.8280568004,1055758.7327071975,95578.64668327739
2025-04-22T02:00:00.000+0000,1053212.9787643193,41714.77500447957,1031056.5015436653,999677.8295848004,817837.8280568004,1056965.9143886375,95578.64668327739
2025-04-22T02:10:00.000+0000,1050134.7970812798,41714.77500447957,1026023.45227802,1000479.5816696004,817837.8280568004,1051687.1626711176,95578.64668327739
2025-04-22T02:20:00.000+0000,1048283.1940496798,41714.77500447957,1024370.9930184812,1000269.2860408004,817837.8280568004,1050077.1124425575,95578.64668327739
2025-04-22T02:30:00.000+0000,1048027.4234300002,41714.77500447957,1023613.9064482984,1000269.2860408004,817837.8280568004,1049814.0521592775,95578.64668327739
2025-04-22T02:40:00.000+0000,1046797.341983039,41714.77500447957,1024079.6747590515,1000308.7164712003,817837.8280568004,1047836.255963037,95578.64668327739
2025-04-22T02:50:00.000+0000,1048059.0336215992,41714.77500447957,1025842.129737082,1000085.2773656005,817837.8280568004,1049506.011389197,95578.64668327739
2025-04-22T03:00:00.000+0000,1046441.3364155199,41714.77500447957,1025354.2480940032,1000006.4165048004,817837.8280568004,1047611.2087449569,95578.64668327739
2025-04-22T03:10:00.000+0000,1044880.8214270393,41714.77500447957,1023968.859645121,999454.3904792004,817837.8280568004,1045699.1769950376,95578.64668327739
2025-04-22T03:20:00.000+0000,1046455.5404432002,41714.77500447957,1027333.1934143265,999493.8209096004,817837.8280568004,1047718.7599351178,95578.64668327739
2025-04-22T03:30:00.000+0000,1046576.1746585593,41714.77500447957,1027309.156382791,999625.2556776004,817837.8280568004,1047971.532055518,95578.64668327739
2025-04-22T03:40:00.000+0000,1047722.0664111996,41714.77500447957,1028023.5333022659,999809.2643528004,817837.8280568004,1049014.1595856776,95578.64668327739
2025-04-22T03:50:00.000+0000,1046814.5325195997,41714.77500447957,1027566.6777023152,999822.4078296005,817837.8280568004,1048057.2063611986,95578.64668327739
2025-04-22T04:00:00.000+0000,1047999.7688713595,41714.77500447957,1028496.9459181207,999743.5469688005,817837.8280568004,1049562.880357597,95578.64668327739
2025-04-22T04:10:00.000+0000,1048044.65003768,41714.77500447957,1027812.8612896809,999874.9817368004,817837.8280568004,1048878.400779678,95578.64668327739
2025-04-22T04:20:00.000+0000,1048347.549923759,41714.77500447957,1028001.0981823695,999993.2730280004,817837.8280568004,1049337.810457677,95578.64668327739
2025-04-22T04:30:00.000+0000,1048032.8501851198,41714.77500447957,1028235.0873404614,1000137.8512728005,817837.8280568004,1048414.2651854369,95578.64668327739
2025-04-22T04:40:00.000+0000,1048095.6946692794,41714.77500447957,1027874.8566499982,1000216.7121336005,817837.8280568004,1048888.223515198,95578.64668327739
2025-04-22T04:50:00.000+0000,1046539.6876715199,41714.77500447957,1025889.7330709411,1000295.5729944004,817837.8280568004,1046124.4199283171,95578.64668327739
2025-04-22T05:00:00.000+0000,1048056.232664159,41714.77500447957,1025300.5098310822,1000308.7164712003,817837.8280568004,1050031.9179271173,95578.64668327739
2025-04-22T05:10:00.000+0000,1046708.7166400793,41714.77500447957,1024513.8888469138,1000282.4295176005,817837.8280568004,1047420.5755735971,95578.64668327739
2025-04-22T05:20:00.000+0000,1047175.5000144,41714.77500447957,1025896.8237224501,1000164.1382264005,817837.8280568004,1048770.383862397,95578.64668327739
2025-04-22T05:30:00.000+0000,1048423.9635439201,41714.77500447957,1026848.8330769868,999493.8209096004,817837.8280568004,1050926.5710315974,95578.64668327739
2025-04-22T05:40:00.000+0000,1049149.0212333594,41714.77500447957,1028664.3892890157,999717.2600152004,817837.8280568004,1051613.3807439178,95578.64668327739
2025-04-22T05:50:00.000+0000,1050551.6222541598,41714.77500447957,1029005.1397442879,999704.1165384005,817837.8280568004,1053568.917362078,95578.64668327739
2025-04-22T06:00:00.000+0000,1049925.8068073597,41714.77500447957,1029435.1448867347,999322.9557112004,817837.8280568004,1053316.6940023168,95578.64668327739
2025-04-22T06:10:00.000+0000,1049081.2932591194,41714.77500447957,1027377.7200752245,999822.4078296005,817837.8280568004,1051653.6844751164,95578.64668327739
2025-04-22T06:20:00.000+0000,1048164.6940255993,41714.77500447957,1026417.4806940525,1000150.9947496004,817837.8280568004,1050106.5108050366,95578.64668327739
2025-04-22T06:30:00.000+0000,1047024.6662779996,41714.77500447957,1024566.0887155037,1000282.4295176005,817837.8280568004,1047549.096274717,95578.64668327739
2025-04-22T06:40:00.000+0000,1047777.2654166394,41714.77500447957,1024924.9175017035,1000321.8599480004,817837.8280568004,1049392.3813659977,95578.64668327739
2025-04-22T06:50:00.000+0000,1049271.0536292796,41714.77500447957,1027149.0412313025,999927.5556440004,817837.8280568004,1052198.9050494384,95578.64668327739
2025-04-22T07:00:00.000+0000,1049108.09709888,41714.77500447957,1028821.1305405279,999888.1252136005,817837.8280568004,1051853.4744151966,95578.64668327739
2025-04-22T07:10:00.000+0000,1048925.9737142397,143571.1034015198,1028216.4767858788,999981.6023720003,887877.9311128004,1051398.0840191974,116556.28333751742
2025-04-22T07:20:00.000+0000,1050769.5549684004,38.476966480090404,1030555.0316246655,1000028.9774416004,985608.5320344004,1054538.9295310378,12.282878797450422
2025-04-22T07:30:00.000+0000,1053285.9733512802,1.5246025601515214,1033491.6303243638,1000031.0617728004,1000031.0617728004,1058339.686084398,11.2826469574008
2025-04-22T07:40:00.000+0000,1055549.0065257603,1272.8649160001512,1037621.6089232924,1000031.0617728004,1000031.0617728004,1061586.764509198,638.9063459974008
2025-04-22T07:50:00.000+0000,1055847.6863905601,1272.8649160001512,1038494.7686506461,1000031.0617728004,1000031.0617728004,1062168.4985493582,638.9063459974008
2025-04-22T08:00:00.000+0000,1057737.7529267205,1272.8649160001512,1040199.8740369953,1000031.0617728004,1000031.0617728004,1064964.474477757,638.9063459974008
2025-04-22T08:10:00.000+0000,1059753.862148,1272.8649160001512,1040927.296303458,1000031.0617728004,1000031.0617728004,1069640.4165291179,638.9063459974008
2025-04-22T08:20:00.000+0000,1057106.2585267199,1272.8649160001512,1037863.7234265134,1000031.0617728004,1000031.0617728004,1067284.8775690368,638.9063459974008
2025-04-22T08:30:00.000+0000,1057727.4913425604,1272.8649160001512,1037831.6176361395,1000031.0617728004,1000031.0617728004,1068953.9155695965,638.9063459974008
2025-04-22T08:40:00.000+0000,1058103.6885438403,1272.8649160001512,1038093.1238725925,1000031.0617728004,1000031.0617728004,1070377.357304477,638.9063459974008
2025-04-22T08:50:00.000+0000,1057515.9748912,1272.8649160001512,1038692.3325351023,1000031.0617728004,1000031.0617728004,1068675.2499805584,638.9063459974008
2025-04-22T09:00:00.000+0000,1057955.1970321604,1272.8649160001512,1038841.7212547106,1000031.0617728004,1000031.0617728004,1069058.0014342375,638.9063459974008
2025-04-22T09:10:00.000+0000,1055965.8739648005,1272.8649160001512,1037227.8412171924,1000031.0617728004,1000031.0617728004,1066739.120624156,638.9063459974008
2025-04-22T09:20:00.000+0000,1057864.7994081602,1272.8649160001512,1038367.4663642569,1000031.0617728004,1000031.0617728004,1068919.1842768784,638.9063459974008
2025-04-22T09:30:00.000+0000,1057727.9575692802,1272.8649160001512,1038701.5517203799,1000031.0617728004,1000031.0617728004,1068944.3601200774,638.9063459974008
2025-04-22T09:40:00.000+0000,1059373.7045176004,1272.8649160001512,1040149.914764043,1000031.0617728004,1000031.0617728004,1070413.3405947979,638.9063459974008
2025-04-22T09:50:00.000+0000,1058351.9793521606,1272.8649160001512,1039163.2947776946,1000031.0617728004,1000031.0617728004,1069089.592840878,638.9063459974008
2025-04-22T10:00:00.000+0000,1059856.5689168004,1272.8649160001512,1039661.2579143571,1000031.0617728004,1000031.0617728004,1071226.2710297566,638.9063459974008
2025-04-22T10:10:00.000+0000,1060228.0694784,1272.8649160001512,1039883.0442110121,1000031.0617728004,1000031.0617728004,1071061.0202362374,638.9063459974008
2025-04-22T10:20:00.000+0000,1056386.72161712,1272.8649160001512,1036106.3020806301,1000031.0617728004,1000031.0617728004,1066920.924764398,638.9063459974008
2025-04-22T10:30:00.000+0000,1057879.8281755198,1272.8649160001512,1037632.3298335457,1000031.0617728004,1000031.0617728004,1068661.0239704777,638.9063459974008
2025-04-22T10:40:00.000+0000,1058865.7488075201,1272.8649160001512,1040510.7653454421,1000031.0617728004,1000031.0617728004,1068519.9279376785,638.9063459974008
2025-04-22T10:50:00.000+0000,1058329.2913171202,1272.8649160001512,1040436.6066790987,1000031.0617728004,1000031.0617728004,1068007.8734092778,638.9063459974008
2025-04-22T11:00:00.000+0000,1060445.5791313602,1272.8649160001512,1040746.2392888495,1000031.0617728004,1000031.0617728004,1070727.5546223177,638.9063459974008
2025-04-22T11:10:00.000+0000,1059976.3064500801,1272.8649160001512,1041071.02384489,1000031.0617728004,1000031.0617728004,1070464.5196187967,638.9063459974008
2025-04-22T11:20:00.000+0000,1061807.0053184005,1272.8649160001512,1042739.6607436332,1000031.0617728004,1000031.0617728004,1072599.9765854366,638.9063459974008
2025-04-22T11:30:00.000+0000,1061891.92053184,1272.8649160001512,1042563.6305738327,1000031.0617728004,1000031.0617728004,1072689.9077828766,638.9063459974008
2025-04-22T11:40:00.000+0000,1061218.5254792,1272.8649160001512,1041943.1356254995,1000031.0617728004,1000031.0617728004,1072149.5365259973,638.9063459974008
2025-04-22T11:50:00.000+0000,1063953.8550635201,1272.8649160001512,1043079.8151073423,1000031.0617728004,1000031.0617728004,1076064.222170079,638.9063459974008
2025-04-22T12:00:00.000+0000,1062325.8914771206,1272.8649160001512,1042151.2906946035,1000031.0617728004,1000031.0617728004,1074432.2698771982,638.9063459974008
2025-04-22T12:10:00.000+0000,1063943.9719763205,1272.8649160001512,1043147.1363554263,1000031.0617728004,1000031.0617728004,1076191.781740718,638.9063459974008
2025-04-22T12:20:00.000+0000,1065730.6708727998,1272.8649160001512,1043038.6212067036,1000031.0617728004,1000031.0617728004,1081093.1989675164,638.9063459974008
2025-04-22T12:30:00.000+0000,1068055.15419728,1272.8649160001512,1044480.9431385028,1000031.0617728004,1000031.0617728004,1083447.698959438,638.9063459974008
2025-04-22T12:40:00.000+0000,1065745.19984032,1272.8649160001512,1042130.0636825652,1000031.0617728004,1000031.0617728004,1081411.572864477,638.9063459974008
2025-04-22T12:50:00.000+0000,1070394.1031400007,1272.8649160001512,1046912.1188369725,1000031.0617728004,1000031.0617728004,1085783.421085677,638.9063459974008
2025-04-22T13:00:00.000+0000,1073794.8044008,62.889916000151196,1048273.4954978153,997288.3263743999,483158.2117728001,1090703.7988319169,638.9063459974008
2025-04-22T13:10:00.000+0000,1077888.3349993606,62.889916000151196,1052273.9168530714,996961.7978064001,483158.2117728001,1092889.9067453577,638.9063459974008
2025-04-22T13:20:00.000+0000,1075822.7336035203,62.889916000151196,1051666.0464484887,1000143.2925727998,489072.4765727999,1088039.222699517,638.9063459974008
2025-04-22T13:30:00.000+0000,1074654.1763977602,62.889916000151196,1050918.1760983982,1000616.7055392002,489072.4765727999,1087101.8861691167,638.9063459974008
2025-04-22T13:40:00.000+0000,1079718.52167776,62.889916000151196,1055428.9220998653,998421.7908767998,489072.4765727999,1092710.659358077,638.9063459974008
2025-04-22T13:50:00.000+0000,1078326.04295264,62.889916000151196,1054657.7075528884,998464.8284192004,489072.4765727999,1090257.893241998,638.9063459974008
2025-04-22T14:00:00.000+0000,1079399.5297756004,276.226110400151,1056286.7625504052,1000149.2468055999,491190.48980559997,1090789.0331898378,638.9063459974008
2025-04-22T14:10:00.000+0000,1085220.2625611203,19296.294573040166,1061314.5960237747,993163.1181831999,491190.48980559997,1097603.993556476,9935.687266557408
2025-04-22T14:20:00.000+0000,1085893.4038169608,19296.294573040166,1059624.3154819747,994256.0401455997,491190.48980559997,1100017.446448318,9935.687266557408
2025-04-22T14:30:00.000+0000,1085848.98787816,19296.294573040166,1060197.5693071852,993441.7061344001,491190.48980559997,1099486.5755850386,9935.687266557408
2025-04-22T14:40:00.000+0000,1090455.5825518402,19296.294573040166,1063891.0025923394,989520.0449751999,491190.48980559997,1105265.3329777573,9935.687266557408
2025-04-22T14:50:00.000+0000,1091323.56411064,19296.294573040166,1066986.6249203559,989734.3433991998,491190.48980559997,1106660.7987113572,9935.687266557408
2025-04-22T15:00:00.000+0000,1095272.02451328,19296.294573040166,1074838.5852291626,986907.7182987198,470750.3392072,1110734.172203517,9935.687266557408
2025-04-22T15:10:00.000+0000,1099664.3625887204,42363.28036896011,1081682.6839163662,985284.2958764799,470750.3392072,1116789.071505838,33791.291403437404
2025-04-22T15:20:00.000+0000,1097156.7158123201,43684.051106400104,1080352.6503285049,987035.0567464,470750.3392072,1112389.5668275177,34443.100338797405
2025-04-22T15:30:00.000+0000,1092439.9924121608,43684.051106400104,1074809.5026943046,991189.5169172799,470750.3392072,1105374.781948477,49760.8354395174
2025-04-22T15:40:00.000+0000,1089042.1376723198,43895.534784000105,1071484.7796570766,995222.80770128,497943.236472,1101015.2595587166,49760.8354395174
2025-04-22T15:50:00.000+0000,1091701.0172656006,40707.0784577601,1075032.3081833567,995366.4353071997,511688.26184784,1103008.6225915174,41859.7483795174
2025-04-22T16:00:00.000+0000,1096124.412762416,40707.0784577601,1079454.7008528057,992668.9241439201,511688.26184784,1106794.4830278852,41859.7483795174
2025-04-22T16:10:00.000+0000,1092508.1355804321,40707.0784577601,1074275.887611961,993174.82809672,511688.26184784,1105003.0357731343,41859.7483795174
2025-04-22T16:20:00.000+0000,1093332.7022389602,40707.0784577601,1076143.4623175801,994038.0319807201,511688.26184784,1105739.9155173576,41859.7483795174
2025-04-22T16:30:00.000+0000,1093555.5103097921,40707.0784577601,1076598.2203918435,992802.02707632,511688.26184784,1106541.1410037733,41859.7483795174
2025-04-22T16:40:00.000+0000,1093063.7201768963,40707.0784577601,1074219.6280702807,993553.39160344,511688.26184784,1106584.3635580454,41859.7483795174
2025-04-22T16:50:00.000+0000,1092188.158027424,40707.0784577601,1073570.0730831088,994483.40609616,511688.26184784,1105476.46670515,41859.7483795174
2025-04-22T17:00:00.000+0000,1094679.531353008,40707.0784577601,1076546.6120879678,993191.7406558401,511688.26184784,1107726.710728623,41859.7483795174
2025-04-22T17:10:00.000+0000,1092169.7431511201,40707.0784577601,1072989.9290515552,993567.7490083197,511688.26184784,1105490.741216398,41859.7483795174
2025-04-22T17:20:00.000+0000,1091920.1632349119,40707.0784577601,1073630.3613850488,994929.2984966399,511688.26184784,1104637.4428616292,41859.7483795174
2025-04-22T17:30:00.000+0000,1093868.8652451362,40926.58321336011,1075378.2832284842,993106.76668944,511688.26184784,1107034.1616314843,41859.7483795174
2025-04-22T17:40:00.000+0000,1094929.221081297,41694.064736560045,1076066.6657940121,992487.2007390402,511688.26184784,1108580.323511646,42626.606401917576
2025-04-22T17:50:00.000+0000,1096536.4172948957,41694.064736560045,1077556.569907959,990925.7377095995,511688.26184784,1110874.198342526,42626.606401917576
2025-04-22T18:00:00.000+0000,1099268.4901466884,41694.064736560045,1079424.9482398191,988358.1489252,511688.26184784,1114088.5705659022,42626.606401917576
2025-04-22T18:10:00.000+0000,1098940.5725108322,42445.0584605601,1078467.7188575438,987185.9079688,511688.26184784,1115097.546179149,42989.990461917645
2025-04-22T18:20:00.000+0000,1098841.7815868482,42445.0584605601,1078019.3652478312,987581.9023196801,511688.26184784,1115629.1323297415,42989.990461917645
2025-04-22T18:30:00.000+0000,1100276.5438980162,42445.0584605601,1078147.059832826,984483.4203898399,511688.26184784,1118481.598090094,42989.990461917645
2025-04-22T18:40:00.000+0000,1101309.8391200001,44265.95857416006,1078720.0758307595,983734.53068128,511688.26184784,1120251.3760541577,43900.44051871762
2025-04-22T18:50:00.000+0000,1102110.0182441762,56958.22443192007,1079972.2281381825,983063.1637048803,525323.8423496799,1119923.5926308464,43900.44051871762
2025-04-22T19:00:00.000+0000,1103250.9743484962,56958.22443192007,1080676.695274274,984182.3796152797,525323.8423496799,1121712.3592718067,43900.44051871762
2025-04-22T19:10:00.000+0000,1103057.6717543844,56958.22443192007,1080310.3904011683,983502.85566968,525323.8423496799,1122073.1217507492,43900.44051871762
2025-04-22T19:20:00.000+0000,1101966.1858222398,56958.22443192007,1078692.4125405094,983103.1357016799,525323.8423496799,1121122.4682224786,43900.44051871762
2025-04-22T19:30:00.000+0000,1097494.06578272,56958.22443192007,1073027.1184907372,983902.57563768,525323.8423496799,1117474.964761518,43900.44051871762
2025-04-22T19:40:00.000+0000,1097900.4668615516,56958.22443192007,1073323.7677656324,982943.2477144799,525323.8423496799,1117812.2636863347,43900.44051871762
2025-04-22T19:50:00.000+0000,1101330.9661048795,56958.22443192007,1075682.1206174868,981544.2278264798,525323.8423496799,1122533.5345655968,43900.44051871762
2025-04-22T20:00:00.000+0000,1101106.5024395844,56958.22443192007,1076515.3115310178,982183.77977528,525323.8423496799,1121751.4759134373,43900.44051871762
2025-04-22T20:10:00.000+0000,1099181.4673806403,56958.22443192007,1075273.8185829178,982783.3597272797,525323.8423496799,1119807.9177048777,43900.44051871762
2025-04-22T20:20:00.000+0000,1098600.2838796966,56958.22443192007,1075251.352618,983682.7296552802,525323.8423496799,1119342.4716398544,43900.44051871762
2025-04-22T20:30:00.000+0000,1099504.8889162561,56958.22443192007,1076402.2635045198,983402.92567768,525323.8423496799,1119759.1370006856,43900.44051871762
2025-04-22T20:40:00.000+0000,1100239.8861077284,56958.22443192007,1076804.0602784296,982963.2337128799,525323.8423496799,1120545.770769821,43900.44051871762
2025-04-22T20:50:00.000+0000,1100544.714090096,56958.22443192007,1076488.9316636128,982203.7657736798,525323.8423496799,1120572.1491702052,43900.44051871762
2025-04-22T21:00:00.000+0000,1100956.8086305123,56958.22443192007,1076282.65857123,982403.62575768,525323.8423496799,1121813.955170013,43900.44051871762
2025-04-22T21:10:00.000+0000,1101852.8197676959,56958.22443192007,1077955.6924278277,981384.3398392802,525323.8423496799,1122353.766735005,43900.44051871762
2025-04-22T21:20:00.000+0000,1105875.6460100322,56958.22443192007,1082235.2869356377,976387.8402392799,525323.8423496799,1127777.5520727325,43900.44051871762
2025-04-22T21:30:00.000+0000,1107338.301149072,58454.479169760074,1083068.1235461493,972690.5004792799,525323.8423496799,1132164.7499044125,44639.96872247762
2025-04-22T21:40:00.000+0000,1110574.740704448,58476.91520656008,1085860.1398493815,945710.7515592799,525346.27838648,1136588.8517292615,44639.96872247762
2025-04-22T21:50:00.000+0000,1128050.5228323205,118.37320656006105,1101389.1722051697,942475.8466555997,94598.52798647972,1159207.8463258394,44639.96872247762
2025-04-22T22:00:00.000+0000,1135819.5571287195,44126.650396959965,1101226.5636574847,938121.9389704801,94598.52798647972,1172821.4256427176,79443.30016535766
2025-04-22T22:10:00.000+0000,1133784.6495381764,61840.73126617585,1099460.5439522883,945522.7851531999,94598.52798647972,1172360.7572125262,108821.34515236596
2025-04-22T22:20:00.000+0000,1136004.0537932157,62043.92757897587,1103571.1072220393,946329.0076587995,94598.52798647972,1171709.660307087,112558.27921156594
2025-04-22T22:30:00.000+0000,1135913.8120444163,62043.92757897587,1098534.439851081,945607.5474890401,94598.52798647972,1175649.875211407,112558.27921156594
2025-04-22T22:40:00.000+0000,1136767.728364416,62043.92757897587,1098403.8372617364,944674.8620347998,94598.52798647972,1177306.3799466053,112558.27921156594
2025-04-22T22:50:00.000+0000,1139332.4497445757,62948.14762377583,1100596.9698701971,939058.1553976797,94598.52798647972,1180650.9949123666,113010.38923396598
2025-04-22T23:00:00.000+0000,1146497.502113376,65027.80456617588,1106029.4625276346,927380.8455250398,94598.52798647972,1188969.9783971654,120300.11278596576
2025-04-22T23:10:00.000+0000,1143594.2219970562,65109.59108457595,1106047.3030506666,924741.30804568,94598.52798647972,1183520.518255726,120327.37495876578
2025-04-22T23:20:00.000+0000,1141639.991033536,66016.01936137592,1104545.274836039,937267.1933144797,94598.52798647972,1180736.7706368465,124712.35616516587
2025-04-22T23:30:00.000+0000,1145403.4048919359,66016.01936137592,1108807.7364108588,936327.8417973599,94598.52798647972,1186243.5472883661,126785.65220036617
2025-04-22T23:40:00.000+0000,1145720.493218176,66016.01936137592,1109678.8449751914,936742.1652732001,94598.52798647972,1186120.308957966,126785.65220036617
2025-04-22T23:50:00.000+0000,1144879.2661386558,66016.01936137592,1109352.5869765342,937201.2245317595,94598.52798647972,1184514.2272520454,126785.65220036617
2025-04-23T00:00:00.000+0000,1147911.4124794558,66016.01936137592,1107817.2472438964,932188.2944866398,94598.52798647972,1189144.327406286,126785.65220036617
2025-04-23T00:10:00.000+0000,1149653.8711964164,6659.551011375919,1107943.2330390343,915649.2683010399,13923.317686479719,1194789.8765509264,131163.9207811661
2025-04-23T00:20:00.000+0000,1148379.09361176,6659.551011375919,1107773.1937768965,917139.8201031677,13923.317686479719,1194067.2343275659,139094.92889476614
2025-04-23T00:30:00.000+0000,1147332.1580607756,6659.551011375919,1106166.4760575667,928435.4089171519,13923.317686479719,1192676.903682605,139094.92889476614
2025-04-23T00:40:00.000+0000,1145382.43171068,6659.551011375919,1103254.399689376,933996.3144708797,13923.317686479719,1189248.8179469255,139094.92889476614
2025-04-23T00:50:00.000+0000,1142809.6545503037,6659.551011375919,1103331.2444176911,936074.6702950076,13923.317686479719,1185265.2269712468,139094.92889476614
2025-04-23T01:00:00.000+0000,1144292.3779818562,6659.551011375919,1102906.0760300993,931934.7362739039,13923.317686479719,1188370.6868142867,139094.92889476614
2025-04-23T01:10:00.000+0000,1148974.4898434158,6659.551011375919,1111348.2709159027,929543.4638235038,13923.317686479719,1194880.1838472462,139122.02020436618
2025-04-23T01:20:00.000+0000,1148716.3958539197,6659.551011375919,1109076.227901833,923924.1450777438,13923.317686479719,1195092.5907856454,139122.02020436618
2025-04-23T01:30:00.000+0000,1151082.7355464962,6659.551011375919,1110114.39260694,924624.9532223515,13923.317686479719,1199881.9366413269,139122.02020436618
2025-04-23T01:40:00.000+0000,1149320.5149916646,6659.551011375919,1108110.4738132178,928098.3759394077,13923.317686479719,1198715.5750776466,139122.02020436618
2025-04-23T01:50:00.000+0000,1143921.1928776884,7508.550268176081,1104378.3773366197,931006.0482191839,13923.317686479719,1190214.9476243653,139532.8262963663
2025-04-23T02:00:00.000+0000,1145465.337862656,8465.429152176028,1104568.4431870775,931575.743937712,13923.317686479719,1192340.840348527,140440.72339716618
2025-04-23T02:10:00.000+0000,1147787.4109568642,8465.429152176028,1107311.357369988,927698.8031935357,13923.317686479719,1195693.143558765,140440.72339716618
2025-04-23T02:20:00.000+0000,1151662.9927690562,8465.429152176028,1112659.9135963356,919662.1572778397,13923.317686479719,1201288.8685946057,140440.72339716618
2025-04-23T02:30:00.000+0000,1150726.1317579362,8465.429152176028,1113080.346881614,921112.4899427516,13923.317686479719,1201341.8777533267,140440.72339716618
2025-04-23T02:40:00.000+0000,1153289.9770095604,8465.429152176028,1114989.9700122226,915881.3552011517,13923.317686479719,1205375.1895205264,140440.72339716618
2025-04-23T02:50:00.000+0000,1153232.7955713358,8465.429152176028,1114331.7907807904,912023.7294925756,13923.317686479719,1205492.7995571657,140440.72339716618
2025-04-23T03:00:00.000+0000,1149106.4218033443,8465.429152176028,1112057.1467676954,919544.07481944,13923.317686479719,1197061.8257363657,140440.72339716618
2025-04-23T03:10:00.000+0000,1148905.959001984,8465.429152176028,1110746.3788363552,925999.0600967194,13923.317686479719,1196619.547442286,140440.72339716618
2025-04-23T03:20:00.000+0000,1150880.586894896,8465.429152176028,1111995.499978354,921084.7401803357,13923.317686479719,1201048.4085166857,140440.72339716618
2025-04-23T03:30:00.000+0000,1152168.492435544,8465.429152176028,1112532.4312644382,913243.1036122558,13923.317686479719,1202583.8427858064,140440.72339716618
2025-04-23T03:40:00.000+0000,1156126.0895329763,8465.429152176028,1115624.5361635182,908996.375394912,13923.317686479719,1209386.7069371655,140440.72339716618
2025-04-23T03:50:00.000+0000,1159657.2385620081,8465.429152176028,1116380.1631439887,907171.00310192,13923.317686479719,1215483.8073515664,140440.72339716618
2025-04-23T04:00:00.000+0000,1158994.7722393842,8465.429152176028,1116775.1441604448,908339.4675819201,13923.317686479719,1214418.8368101262,140440.72339716618
2025-04-23T04:10:00.000+0000,1157635.559200408,8465.429152176028,1114719.8139966275,911276.7014335038,13923.317686479719,1212096.8480883667,140440.72339716618
2025-04-23T04:20:00.000+0000,1156862.1733944155,8465.429152176028,1113223.4100758391,911428.5737383838,13923.317686479719,1212821.1669693256,140440.72339716618
2025-04-23T04:30:00.000+0000,1158478.745331432,8465.429152176028,1114561.2878655754,906698.2013861276,13923.317686479719,1214965.3698336454,140440.72339716618
2025-04-23T04:40:00.000+0000,1164459.0998773044,26851.696361776027,1118221.2503296433,890768.4503901278,13923.317686479719,1223172.3012318863,153588.2809299662
2025-04-23T04:50:00.000+0000,1174191.3416102962,36047.23004497593,1122865.790749331,880508.7093037595,2053.557686479719,1239771.669305326,177006.99895556638
2025-04-23T05:00:00.000+0000,1169508.9870330642,36047.23004497593,1123609.5685511527,885411.2044875041,2053.557686479719,1231996.0882505262,195955.6279155665
2025-04-23T05:10:00.000+0000,1169972.7120160558,40604.680365615925,1121990.1565358483,889061.3538300637,2053.557686479719,1231401.6379914857,206975.1072739665
2025-04-23T05:20:00.000+0000,1169803.245707648,40784.32353601592,1123121.264910428,894542.5104140477,2053.557686479719,1230137.1691764467,207064.9288591665
2025-04-23T05:30:00.000+0000,1169967.7145672159,40784.32353601592,1123411.0113831935,893282.8065439998,15876.18752903975,1229950.1383209263,207064.9288591665
2025-04-23T05:40:00.000+0000,1172462.4961540075,40784.32353601592,1124869.4727164218,892867.2491960477,15876.18752903975,1234984.652884606,207064.9288591665
2025-04-23T05:50:00.000+0000,1172343.4574212402,40784.32353601592,1122904.6311909133,894272.9658823198,15876.18752903975,1234647.102940766,207064.9288591665
2025-04-23T06:00:00.000+0000,1171118.4519402557,40784.32353601592,1121502.121956785,890567.8582216157,15876.18752903975,1232486.4358583668,207064.9288591665
2025-04-23T06:10:00.000+0000,1177070.0599917362,40784.32353601592,1124939.2559767715,887095.5123823675,15876.18752903975,1240369.595081726,211450.87329436658
2025-04-23T06:20:00.000+0000,1180133.9804528875,40784.32353601592,1124708.8133724795,881569.2809671197,15876.18752903975,1246611.1376498858,211450.87329436658
2025-04-23T06:30:00.000+0000,1179326.7536513684,40784.32353601592,1124676.5456854822,877595.31028904,15876.18752903975,1246222.5639577261,211450.87329436658
2025-04-23T06:40:00.000+0000,1178871.3020643601,40784.32353601592,1123849.9741087495,877358.6752086717,15876.18752903975,1245636.0993050872,211509.42241756647
2025-04-23T06:50:00.000+0000,1178029.015952744,40784.32353601592,1121862.0413978659,880093.8777946718,15876.18752903975,1245360.9358121278,211509.42241756647
2025-04-23T07:00:00.000+0000,1173835.383514768,40784.32353601592,1119280.55361886,878292.4492913119,15876.18752903975,1238043.1763068473,211509.42241756647
2025-04-23T07:10:00.000+0000,1173484.212346632,40784.32353601592,1118716.681349912,890582.2362899517,15876.18752903975,1236662.265120286,215366.6741455666
2025-04-23T07:20:00.000+0000,1174773.7114813838,40784.32353601592,1119218.380059681,888197.4759057281,15876.18752903975,1238744.0883282875,215366.6741455666
2025-04-23T07:30:00.000+0000,1176075.96012836,40784.32353601592,1121318.8524833818,882882.142457024,15876.18752903975,1240083.1060564474,215366.6741455666
2025-04-23T07:40:00.000+0000,1177142.9276309523,40784.32353601592,1121263.9841406872,881560.4184028481,15876.18752903975,1242955.4967041262,219917.13885916665
2025-04-23T07:50:00.000+0000,1178116.1537267123,40784.32353601592,1122409.9635395063,876951.8275473916,15876.18752903975,1244204.8196455678,219917.13885916665
2025-04-23T08:00:00.000+0000,1179358.330999264,40784.32353601592,1124099.3185231325,878595.2178625276,15876.18752903975,1245827.1283594873,219917.13885916665
2025-04-23T08:10:00.000+0000,1179447.792782536,40784.32353601592,1125796.6585447663,875564.51672464,15876.18752903975,1245835.488066367,219917.13885916665
2025-04-23T08:20:00.000+0000,1179941.224251312,40784.32353601592,1128176.541361496,877606.8757292798,15951.552189039749,1244089.4332286064,219917.13885916665
2025-04-23T08:30:00.000+0000,1178671.005060256,40784.32353601592,1126900.0137497524,880427.3877730716,29456.413250159745,1243064.5743721267,219917.13885916665
2025-04-23T08:40:00.000+0000,1178996.8256550878,40784.32353601592,1127738.8689828645,873974.7690610238,43370.569013359775,1244039.9470492478,219917.13885916665
2025-04-23T08:50:00.000+0000,1179340.6201492883,40784.32353601592,1128572.985335373,877159.25611168,43370.569013359775,1243756.2813634858,219917.13885916665
2025-04-23T09:00:00.000+0000,1181185.532477736,40784.32353601592,1129551.391828193,872778.9977239999,43370.569013359775,1246284.724989087,219917.13885916665
2025-04-23T09:10:00.000+0000,1183891.07508072,40784.32353601592,1131034.8024899468,870609.246534704,43370.569013359775,1250603.4122730857,219917.13885916665
2025-04-23T09:20:00.000+0000,1183048.380246344,40784.32353601592,1129730.9453031863,870581.5731711199,43370.569013359775,1249318.4806414074,219917.13885916665
2025-04-23T09:30:00.000+0000,1182062.2036193039,40784.32353601592,1128700.4462504927,873730.804608848,43370.569013359775,1248375.3463529267,219917.13885916665
2025-04-23T09:40:00.000+0000,1180383.151236664,40784.32353601592,1128561.1718751648,874470.812748352,43370.569013359775,1245839.0552103664,219917.13885916665
2025-04-23T09:50:00.000+0000,1177983.920268176,40784.32353601592,1124879.7084645133,875509.8977547997,43370.569013359775,1243140.695226687,219917.13885916665
2025-04-23T10:00:00.000+0000,1171039.1954861835,40784.32353601592,1120527.4376566908,879782.2658438239,45273.283622959774,1232226.4484148475,219917.13885916665
2025-04-23T10:10:00.000+0000,1172013.3678043599,40891.116633135935,1121855.1878016645,887951.9489245759,45303.52740855977,1233408.3485377268,226004.61497916665
2025-04-23T10:20:00.000+0000,1174102.6838033278,40891.116633135935,1123860.7261433203,883832.5034794878,45303.52740855977,1236713.2065345268,226004.61497916665
2025-04-23T10:30:00.000+0000,1174603.866865864,40891.116633135935,1125760.579025698,883940.8804884636,45303.52740855977,1236921.484179007,226004.61497916665
2025-04-23T10:40:00.000+0000,1173440.5383537998,40891.116633135935,1126067.306047892,887413.8494088479,45303.52740855977,1234340.0309950076,226004.61497916665
2025-04-23T10:50:00.000+0000,1176577.3786523761,40891.116633135935,1128100.359679942,884181.7702223839,45303.52740855977,1238538.0448950063,226004.61497916665
2025-04-23T11:00:00.000+0000,1175668.2700915202,40891.116633135935,1128838.9486690282,885547.7479452796,45303.52740855977,1237397.4435066874,226004.61497916665
2025-04-23T11:10:00.000+0000,1176973.1635009923,53539.33655585592,1129808.4496780136,884953.5085773919,86026.00254519972,1238620.8198220474,226004.61497916665
2025-04-23T11:20:00.000+0000,1175619.7389075519,53539.33655585592,1129284.5338813819,883504.6739331037,95456.59702919972,1238179.2767393263,226004.61497916665
2025-04-23T11:30:00.000+0000,1174280.542472472,53568.26939105591,1128672.9243489786,884908.4093856318,95456.59702919972,1235260.1041471667,226004.61497916665
2025-04-23T11:40:00.000+0000,1172942.3115143916,53568.26939105591,1126590.391258124,889061.9311878077,95456.59702919972,1233581.762695327,226004.61497916665
2025-04-23T11:50:00.000+0000,1171357.149619224,53586.21901985589,1124619.6740413862,892064.8785265115,95456.59702919972,1231465.6845132478,226022.56460796666
2025-04-23T12:00:00.000+0000,1172729.0439550397,53586.21901985589,1126224.797699771,886972.7861219839,95456.59702919972,1233779.3181244456,226022.56460796666
2025-04-23T12:10:00.000+0000,1176901.9767060238,53586.21901985589,1130141.6100455748,881576.1249075837,95456.59702919972,1240742.4732403667,226022.56460796666
2025-04-23T12:20:00.000+0000,1175989.084394592,58321.4250220959,1129265.845994815,879456.78541664,95456.59702919972,1239960.4987208475,228362.95429716667
2025-04-23T12:30:00.000+0000,1177128.794966136,59444.16111409591,1130144.3025208747,878628.0991364478,115029.84589319982,1241618.4317125264,228362.95429716667
2025-04-23T12:40:00.000+0000,1176485.455429832,59444.16111409591,1129614.0141793906,876232.9927956157,115029.84589319982,1241573.1787438863,228362.95429716667
2025-04-23T12:50:00.000+0000,1178394.000911,59444.16111409591,1131122.9915434625,876483.4728911037,115029.84589319982,1243886.061556206,228362.95429716667
2025-04-23T13:00:00.000+0000,1177212.0292653837,59444.16111409591,1130425.7456880424,874222.8618678715,115029.84589319982,1242498.8881834073,228362.95429716667
2025-04-23T13:10:00.000+0000,1182023.523488184,59444.16111409591,1133433.339514858,868833.8018876158,115029.84589319982,1248518.7548342864,228362.95429716667
2025-04-23T13:20:00.000+0000,1183356.817469008,59444.16111409591,1133417.2524841735,869071.2406245439,115029.84589319982,1250187.4432147662,228362.95429716667
2025-04-23T13:30:00.000+0000,1179381.3200632879,59444.16111409591,1125784.5045803282,861818.5533198242,115029.84589319982,1245514.101881167,228362.95429716667
2025-04-23T13:40:00.000+0000,1179160.720104552,106218.80184177596,1124941.3870995224,865833.2770493599,124093.10040446381,1247093.3031086868,248003.4903882868
2025-04-23T13:50:00.000+0000,1174196.157354616,106218.80184177596,1117106.5942380733,856872.9511093118,124093.10040446381,1242427.517325807,248003.4903882868
2025-04-23T14:00:00.000+0000,1178057.838885936,106218.80184177596,1119424.841435972,861303.8086052957,124093.10040446381,1247934.554968366,255640.00028908675
2025-04-23T14:10:00.000+0000,1175498.1234378237,106218.80184177596,1114701.8702698238,857779.0887388161,124093.10040446381,1245922.6820553262,262180.4317546867
2025-04-23T14:20:00.000+0000,1177619.3694223515,134467.0211729757,1115822.5026789152,861894.5392623995,124093.10040446381,1249218.4816046865,279032.1316010868
2025-04-23T14:30:00.000+0000,1180839.9546513436,143929.80288657575,1119785.2475715983,866986.6775501918,124093.10040446381,1251817.8372552472,289824.30994588684
2025-04-23T14:40:00.000+0000,1181517.4211442238,143929.80288657575,1121104.546074213,864255.4289984319,124093.10040446381,1252058.802628606,289824.30994588684
2025-04-23T14:50:00.000+0000,1180774.081641944,163062.0248545761,1119537.7127539671,871983.71206192,124093.10040446381,1250221.7653350874,299725.16492028703
2025-04-23T15:00:00.000+0000,1178085.8596014162,165660.93406257604,1117498.742979011,874516.2007488799,124093.10040446381,1245762.4296598872,300931.801338287
2025-04-23T15:10:00.000+0000,1170475.1850957521,196173.3700202159,1109717.0433612182,879501.9229976645,143668.4020249442,1234269.9249247666,315431.9719142871
2025-04-23T15:20:00.000+0000,1166584.0007755605,248954.37550893627,1105161.6887248533,892202.5340739044,157746.77031294408,1227534.4938837278,341171.18195996725
2025-04-23T15:30:00.000+0000,1170362.8316904404,249077.83366333626,1108833.6399460498,881717.9659439048,169727.8138041444,1232843.0719210869,341224.09259756724
2025-04-23T15:40:00.000+0000,1177304.2863806002,249077.83366333626,1115592.6625646972,881898.1246015847,197305.2851633447,1243713.5366866067,341224.09259756724
2025-04-23T15:50:00.000+0000,1178345.0735842003,258462.04528333628,1116936.7468543905,876590.9374506245,208482.81398094457,1245287.9061826067,345863.47811756725
2025-04-23T16:00:00.000+0000,1180274.002865272,286851.73384853615,1120484.2467802525,878409.7743161444,208500.57376174454,1248806.9685786879,359844.10865836724
2025-04-23T16:10:00.000+0000,1178243.9564426802,286869.48863333615,1119343.8396152956,882313.5568896645,233429.36576094443,1245031.905846847,359844.10865836724
2025-04-23T16:20:00.000+0000,1174420.627155,287050.24391333613,1115722.8918155888,885892.7069771045,291982.89543294476,1238587.133792447,359844.10865836724
2025-04-23T16:30:00.000+0000,1178105.847538264,287050.24391333613,1121291.6888421238,879224.7001535048,291982.89543294476,1242789.1211111671,359844.10865836724
2025-04-23T16:40:00.000+0000,1180560.2033615601,287050.24391333613,1123993.4345508674,882169.1750875849,291982.89543294476,1246496.2048697271,359844.10865836724
2025-04-23T16:50:00.000+0000,1180245.438894744,287050.24391333613,1123889.5994986768,883293.9049832649,291982.89543294476,1246332.1856901273,359844.10865836724
2025-04-23T17:00:00.000+0000,1181250.969266392,287050.24391333613,1124824.5851457678,879490.6577171047,291982.89543294476,1247983.659553247,359844.10865836724
2025-04-23T17:10:00.000+0000,1184182.7891326323,303139.16347253625,1127177.9281756342,878460.2134325447,319582.1243721447,1253010.5226430066,364961.70130636723
2025-04-23T17:20:00.000+0000,1183224.8484187764,303139.16347253625,1124574.585137895,878298.3421332649,319582.1243721447,1252001.542773167,364961.70130636723
2025-04-23T17:30:00.000+0000,1182388.8883622643,312474.58915253635,1123513.932811629,878670.6089813448,319582.1243721447,1251138.122062767,369614.5960103671
2025-04-23T17:40:00.000+0000,1181976.2243178163,312474.58915253635,1123316.9110397396,881082.2073579847,319582.1243721447,1250257.4177902872,369614.5960103671
2025-04-23T17:50:00.000+0000,1181808.0862959283,312474.58915253635,1123432.31569011,878768.7340184648,319582.1243721447,1250460.4575284475,369614.5960103671
2025-04-23T18:00:00.000+0000,1184696.1192197683,321868.9706301363,1126633.937313931,876056.0731846247,319582.1243721447,1254739.7560486875,375008.2156599671
2025-04-23T18:10:00.000+0000,1187324.9473934325,321868.9706301363,1130153.3559308883,870674.0990111849,319582.1243721447,1259309.6131359662,375008.2156599671
2025-04-23T18:20:00.000+0000,1189671.030544216,331433.1281781362,1128239.9023159163,868431.2775049447,319582.1243721447,1266338.5938492473,379775.20901196724
2025-04-23T18:30:00.000+0000,1189409.1330299764,331433.1281781362,1126399.2594175395,867808.949765745,319582.1243721447,1266361.3987906873,383784.40308876726
2025-04-23T18:40:00.000+0000,1186480.1180380401,331433.1281781362,1123835.2037364058,871088.3838179847,319582.1243721447,1262046.3722757276,383784.40308876726
2025-04-23T18:50:00.000+0000,1185274.8576183603,331433.1281781362,1123726.9377964218,873417.6675990248,333144.5617353448,1259888.065403647,383784.40308876726
2025-04-23T19:00:00.000+0000,1181746.4442690322,331526.64700317616,1120520.230476447,875623.764808225,333144.5617353448,1254006.1462064467,383784.40308876726
2025-04-23T19:10:00.000+0000,1178095.0852549842,331526.64700317616,1116371.627839478,880010.463439585,333144.5617353448,1247713.7898218874,388304.0344887671
2025-04-23T19:20:00.000+0000,1177190.3690874004,346451.7853327764,1112422.7122831529,881825.0802838248,333144.5617353448,1246741.664944447,395673.3215390072
2025-04-23T19:30:00.000+0000,1177896.1909178484,346451.7853327764,1113727.8063646602,881255.0975351047,333144.5617353448,1247830.2904467674,395673.3215390072
2025-04-23T19:40:00.000+0000,1181138.1626239603,346451.7853327764,1117650.9976885603,879108.8959710249,333144.5617353448,1252653.9620198868,395673.3215390072
2025-04-23T19:50:00.000+0000,1179587.7766058166,346451.7853327764,1115933.0967163846,881308.1453029129,333144.5617353448,1249751.8391770073,395673.3215390072
2025-04-23T20:00:00.000+0000,1181028.4739851286,347218.92113277636,1119321.603493534,880847.4204578887,342392.3375913448,1251509.4992231673,395673.3215390072
2025-04-23T20:10:00.000+0000,1181441.9712624564,347218.92113277636,1120241.9464282282,876134.237103425,342392.3375913448,1251800.905811247,395673.3215390072
2025-04-23T20:20:00.000+0000,1185228.0648825204,347218.92113277636,1123555.4271799685,874988.3794235047,342392.3375913448,1258788.3076142871,395673.3215390072
2025-04-23T20:30:00.000+0000,1186086.3362556885,356611.84777517634,1124599.754143743,872518.0928949766,342392.3375913448,1260072.808390927,400317.01560940716
2025-04-23T20:40:00.000+0000,1184058.9726451284,356611.84777517634,1123092.7558062163,876491.3458876647,342392.3375913448,1255695.5067359677,400317.01560940716
2025-04-23T20:50:00.000+0000,1184413.3423823602,356611.84777517634,1123034.450233243,877965.2150083368,342392.3375913448,1256137.584090927,400317.01560940716
2025-04-23T21:00:00.000+0000,1184299.9528466165,356611.84777517634,1124240.6456624428,877508.0607045928,342392.3375913448,1255899.3853025276,400317.01560940716
2025-04-23T21:10:00.000+0000,1183701.2135015924,359840.7485863763,1124846.8863075566,878839.5358916168,342392.3375913448,1254075.9637077274,401913.52767716715
2025-04-23T21:20:00.000+0000,1182190.0473824083,359840.7485863763,1123992.4977498094,879233.1375381929,342392.3375913448,1251058.029787887,401913.52767716715
2025-04-23T21:30:00.000+0000,1182017.4422170962,359840.7485863763,1123715.3417950706,880730.5777668809,342392.3375913448,1250791.147264847,401913.52767716715
2025-04-23T21:40:00.000+0000,1180039.4154854324,359840.7485863763,1121151.3962858317,883284.8120434408,342392.3375913448,1247058.9418197272,401913.52767716715
2025-04-23T21:50:00.000+0000,1180093.9875927924,369478.4812271764,1120638.6955933245,882851.1102226889,342392.3375913448,1247276.8958169273,406732.39399756724
2025-04-23T22:00:00.000+0000,1180184.0242458005,369478.4812271764,1120943.0672619233,883017.2303801607,342392.3375913448,1247788.0310813275,406732.39399756724
2025-04-23T22:10:00.000+0000,1180303.7457718963,369478.4812271764,1120681.7062299573,882898.6850723367,342392.3375913448,1247780.6315057275,406732.39399756724
2025-04-23T22:20:00.000+0000,1181937.9464446325,369478.4812271764,1122567.958558151,882552.3928479208,342392.3375913448,1249871.7213944464,406732.39399756724
2025-04-23T22:30:00.000+0000,1181766.6393000723,369478.4812271764,1124092.8114090704,880821.7723328169,342392.3375913448,1249565.9629970074,406732.39399756724
2025-04-23T22:40:00.000+0000,1182865.8367580564,369478.4812271764,1125827.382050739,879817.788183201,342392.3375913448,1252017.717423087,406732.39399756724
2025-04-23T22:50:00.000+0000,1183737.9751687124,369478.4812271764,1126504.3232151049,879220.310248241,342392.3375913448,1253796.1912049272,406732.39399756724
2025-04-23T23:00:00.000+0000,1184682.1359353524,369478.4812271764,1126724.036855557,877395.3609965447,342392.3375913448,1255174.5848071678,406732.39399756724
2025-04-23T23:10:00.000+0000,1184250.0087538804,369478.4812271764,1126621.8622840955,878220.0737780809,342392.3375913448,1254205.934048207,406732.39399756724
2025-04-23T23:20:00.000+0000,1183961.1855974004,369478.4812271764,1126258.8559784354,878569.7467956969,342392.3375913448,1254048.9915027674,406732.39399756724
2025-04-23T23:30:00.000+0000,1183051.7115191924,369478.4812271764,1125354.4896961437,879921.129164225,342392.3375913448,1252329.960328767,413850.0902815673
2025-04-23T23:40:00.000+0000,1181809.4174701364,369478.4812271764,1122924.8159449233,882477.229226961,342392.3375913448,1250075.0714841273,413850.0902815673
2025-04-23T23:50:00.000+0000,1181308.6429704884,369478.4812271764,1122439.787805478,882175.1058391847,342392.3375913448,1249130.2036835675,413850.0902815673
2025-04-24T00:00:00.000+0000,1181613.5728712564,369478.4812271764,1123219.1508555056,880262.1538660327,342392.3375913448,1249076.4253406874,413850.0902815673
2025-04-24T00:10:00.000+0000,1180053.9431140246,379026.6855479764,1121999.3783927339,884300.2525806089,342392.3375913448,1246881.6833400468,418609.3198495672
2025-04-24T00:20:00.000+0000,1177623.5484464567,379026.6855479764,1119016.6912215746,884104.9596600328,342392.3375913448,1241921.2744443663,418609.3198495672
2025-04-24T00:30:00.000+0000,1177064.7249631765,388191.6017447765,1118336.7019561548,888710.2755175848,342392.3375913448,1240774.2689834062,423714.47845276626
2025-04-24T00:40:00.000+0000,1178421.2324483285,388191.6017447765,1120154.7050653272,887058.2434413929,342392.3375913448,1242473.0100025262,432561.240376766
2025-04-24T00:50:00.000+0000,1178357.9391435124,388191.6017447765,1119751.5203250572,888162.302626881,342392.3375913448,1242911.9360805259,432561.240376766
2025-04-24T01:00:00.000+0000,1178638.6460581846,388191.6017447765,1119764.7431947228,886076.5472671207,342392.3375913448,1243288.2327022061,432561.240376766
2025-04-24T01:10:00.000+0000,1178540.9199416726,388191.6017447765,1115487.0036208495,885829.552321281,342392.3375913448,1245775.2334086862,432561.240376766
2025-04-24T01:20:00.000+0000,1178260.3434425844,388298.4056332565,1115290.2301899442,886822.8138358729,342392.3375913448,1245109.7471239662,432561.240376766
2025-04-24T01:30:00.000+0000,1180525.7529639443,388298.4056332565,1118290.8972043053,881684.6899660008,342392.3375913448,1248746.128889406,432561.240376766
2025-04-24T01:40:00.000+0000,1180544.9499140885,388298.4056332565,1118296.1432326927,881447.5373599848,342392.3375913448,1250311.6144982062,432561.240376766
2025-04-24T01:50:00.000+0000,1182543.6332872086,388298.4056332565,1119745.0688798006,876213.2675484489,342392.3375913448,1253770.1222767658,438744.49781036604
2025-04-24T02:00:00.000+0000,1183747.0840757524,389383.6207660564,1119954.2349400073,877459.1406919368,342392.3375913448,1257047.6658426062,451587.49918316636
2025-04-24T02:10:00.000+0000,1185092.6803768403,389383.6207660564,1121344.6737497444,873889.0987321608,342392.3375913448,1259812.6469866864,451587.49918316636
2025-04-24T02:20:00.000+0000,1186188.6553348885,389383.6207660564,1121631.4795977962,874199.3503121769,342392.3375913448,1261577.8358050063,464726.0639159662
2025-04-24T02:30:00.000+0000,1184685.2458054647,399173.66545965656,1119852.8614235292,875620.2809775209,342392.3375913448,1258871.3246474867,469666.8341351663
2025-04-24T02:40:00.000+0000,1181873.8675288085,399173.66545965656,1113380.7088383653,878209.4053396648,342392.3375913448,1254650.9576442863,469666.8341351663
2025-04-24T02:50:00.000+0000,1181239.9030664405,399173.66545965656,1113056.7569394826,881813.3645039528,342392.3375913448,1253247.089138286,469666.8341351663
2025-04-24T03:00:00.000+0000,1180954.8985526005,399173.66545965656,1112441.0466055935,880584.088052481,342392.3375913448,1253190.8524636456,469666.8341351663
2025-04-24T03:10:00.000+0000,1181272.7682532405,399173.66545965656,1114592.5160374562,881705.1258442089,342392.3375913448,1253503.9333983667,469666.8341351663
2025-04-24T03:20:00.000+0000,1182460.9032242487,399173.66545965656,1115854.363395663,878558.5652081289,342392.3375913448,1255481.959510526,469666.8341351663
2025-04-24T03:30:00.000+0000,1179169.7333881527,399173.66545965656,1111832.532389314,879844.9263352968,342392.3375913448,1250141.1598710865,469666.8341351663
2025-04-24T03:40:00.000+0000,1178195.0689240086,399173.66545965656,1109400.8758179056,886388.2327990567,342392.3375913448,1247947.8907911666,469666.8341351663
2025-04-24T03:50:00.000+0000,1175871.2295439607,399191.37188317656,1106100.0610211024,889110.4554373291,342392.3375913448,1243667.5059406864,469684.5405586863
2025-04-24T04:00:00.000+0000,1176246.8576608726,399191.37188317656,1105331.4700781154,889622.4778514409,342392.3375913448,1244471.0965534868,469684.5405586863
2025-04-24T04:10:00.000+0000,1175694.8094930004,418169.66908957646,1103437.1399021177,887232.5779221448,342392.3375913448,1243891.2027399668,479144.2197562864
2025-04-24T04:20:00.000+0000,1179300.0722935447,418169.66908957646,1106814.056390578,885298.5427290729,342392.3375913448,1251330.7622272463,479144.2197562864
2025-04-24T04:30:00.000+0000,1177206.4885814805,418169.66908957646,1104937.7646634434,885739.4425268329,342392.3375913448,1247795.7584944458,479144.2197562864
2025-04-24T04:40:00.000+0000,1177200.5057515765,418169.66908957646,1105074.2712223458,885997.8034126409,342392.3375913448,1247640.6882499666,479144.2197562864
2025-04-24T04:50:00.000+0000,1178378.4149897203,418169.66908957646,1107281.2480115856,884153.8541131528,342392.3375913448,1250032.432822367,479144.2197562864
2025-04-24T05:00:00.000+0000,1179900.9966691444,418169.66908957646,1110159.66026628,881735.1515244327,342392.3375913448,1251868.114301407,479144.2197562864
2025-04-24T05:10:00.000+0000,1180242.6722298488,418169.66908957646,1109234.4898766484,881761.1053247688,342392.3375913448,1254164.6779794865,479144.2197562864
2025-04-24T05:20:00.000+0000,1178073.2697213846,418169.66908957646,1105819.710416514,884173.7569980967,342392.3375913448,1250980.2347737262,479144.2197562864
2025-04-24T05:30:00.000+0000,1179758.9184627126,418169.66908957646,1107393.0200902638,881849.3109437767,342392.3375913448,1254474.217249807,479144.2197562864
2025-04-24T05:40:00.000+0000,1180649.0567019763,418169.66908957646,1108540.4376488582,880611.7326590889,342392.3375913448,1255989.5834862061,479144.2197562864
2025-04-24T05:50:00.000+0000,1180816.2288571764,418169.66908957646,1107172.193166555,880091.6346506249,342392.3375913448,1256782.160417006,479144.2197562864
2025-04-24T06:00:00.000+0000,1180557.6456293846,418169.66908957646,1107765.90357886,881468.482910129,342392.3375913448,1255338.307124446,479144.2197562864
2025-04-24T06:10:00.000+0000,1178567.0010001205,418169.66908957646,1104911.9131821885,882989.923123457,342392.3375913448,1251869.0930178065,479144.2197562864
2025-04-24T06:20:00.000+0000,1179876.2429279923,418169.66908957646,1106239.8778926723,881482.2465703847,342392.3375913448,1254420.1204618863,479144.2197562864
2025-04-24T06:30:00.000+0000,1181284.9408273846,418169.66908957646,1108651.769262947,881220.4887842729,342392.3375913448,1256895.516059886,479144.2197562864
2025-04-24T06:40:00.000+0000,1181357.2858650163,418169.66908957646,1107735.0241934718,881321.9953739848,342392.3375913448,1257336.9368405263,479144.2197562864
2025-04-24T06:50:00.000+0000,1179677.7950733844,418169.66908957646,1105425.0158477644,881812.518581233,342392.3375913448,1254324.6287164465,479144.2197562864
2025-04-24T07:00:00.000+0000,1180143.6747912085,418169.66908957646,1105384.2952282142,880570.5106630889,342392.3375913448,1255592.8263460468,479144.2197562864
2025-04-24T07:10:00.000+0000,1183061.0022206805,418169.66908957646,1107864.279955638,874642.9540650409,342392.3375913448,1261448.0724987667,479144.2197562864
2025-04-24T07:20:00.000+0000,1180941.0093728406,418169.66908957646,1103096.2498678307,879665.0589044488,342392.3375913448,1258948.7367682073,485045.8127018866
2025-04-24T07:30:00.000+0000,1179957.3796066805,418169.66908957646,1102005.6473842312,881746.1170649768,342392.3375913448,1257001.3216476466,485045.8127018866
2025-04-24T07:40:00.000+0000,1179167.4802720884,418169.66908957646,1100053.4923604908,885691.5936765608,342392.3375913448,1255211.2018900467,485045.8127018866
2025-04-24T07:50:00.000+0000,1178280.2468670965,418607.93569557637,1099364.128589557,886734.8693677769,342392.3375913448,1253887.3600114863,504049.1263790866
2025-04-24T08:00:00.000+0000,1176557.6046642323,418607.93569557637,1098994.424022748,884987.0152905608,342392.3375913448,1249907.9046246866,504049.1263790866
2025-04-24T08:10:00.000+0000,1175628.6650709042,418607.93569557637,1097006.4782941735,889017.0341142248,342392.3375913448,1248551.0261965268,504049.1263790866
2025-04-24T08:20:00.000+0000,1174122.1609191603,418607.93569557637,1093458.5453347038,888653.9884632807,342392.3375913448,1245705.8352716463,504616.24032468646
2025-04-24T08:30:00.000+0000,1173668.8296345524,418607.93569557637,1090214.1586677576,893427.2901245928,342392.3375913448,1244656.1094246863,504616.24032468646
2025-04-24T08:40:00.000+0000,1172347.5819789525,424225.69706823234,1088971.4348289592,895532.646690833,348386.81920651277,1242843.8129226868,509225.14225108636
2025-04-24T08:50:00.000+0000,1173333.1934085123,424343.7545466323,1090505.6966090745,894042.855398097,348386.81920651277,1244405.7666592465,509284.17099028657
2025-04-24T09:00:00.000+0000,1175294.9898148319,437857.31384359224,1093532.3350223533,891006.4717698409,362891.77435179276,1247563.6752097262,509284.17099028657
2025-04-24T09:10:00.000+0000,1176890.6333779518,474190.8787195919,1095803.2369013063,890433.6747543367,362891.77435179276,1250521.9616857264,522756.8242382866
2025-04-24T09:20:00.000+0000,1176817.439130232,474190.8787195919,1097543.2123311458,890378.398370849,362891.77435179276,1249673.2915654064,522756.8242382866
2025-04-24T09:30:00.000+0000,1176740.623032312,520802.9342195919,1096269.5260017952,889800.4697039528,362891.77435179276,1249801.6160236462,545832.0992382863
2025-04-24T09:40:00.000+0000,1176003.544317392,520802.9342195919,1096337.0198757264,890809.8970155527,362891.77435179276,1248215.1493131663,545832.0992382863
2025-04-24T09:50:00.000+0000,1175669.7982779918,520802.9342195919,1095486.6929574478,891107.4508818728,362891.77435179276,1247815.9415350864,550663.6069374862
2025-04-24T10:00:00.000+0000,1176828.398006112,535182.5149447118,1097197.5875080395,890236.3610716648,362891.77435179276,1249947.5005226063,557761.2205005263
2025-04-24T10:10:00.000+0000,1176666.562678032,597799.4189146319,1097323.7779638902,890111.4885296809,362891.77435179276,1249388.6347731664,588709.0723965261
2025-04-24T10:20:00.000+0000,1177889.428951752,597799.4189146319,1099446.8734042246,888390.9493230728,362891.77435179276,1252083.9000346058,588709.0723965261
2025-04-24T10:30:00.000+0000,1176576.0161232718,597916.9967770319,1097919.0967205435,889061.2177989769,362891.77435179276,1250085.9557697263,588767.8613277262
2025-04-24T10:40:00.000+0000,1176667.7967899519,598009.3635244718,1099259.0727885556,889586.6841293448,362891.77435179276,1249572.0050594863,588860.2280751661
2025-04-24T10:50:00.000+0000,1176033.8155809918,616269.3298556717,1098888.279107309,890096.565117969,362891.77435179276,1248203.1258396464,597954.6027503661
2025-04-24T11:00:00.000+0000,1174824.6117185918,663001.8828804718,1097903.2000233056,892186.3177573448,362891.77435179276,1245241.6029548463,621089.5299903661
2025-04-24T11:10:00.000+0000,1174932.5281663118,663001.8828804718,1097037.306829345,894342.1970530408,362891.77435179276,1245430.941562686,621089.5299903661
2025-04-24T11:20:00.000+0000,1175205.1416009518,663001.8828804718,1097304.8279945715,893640.4162072167,362891.77435179276,1245849.9107190063,621089.5299903661
2025-04-24T11:30:00.000+0000,1175052.5599639919,663001.8828804718,1097114.7720728577,893364.871559425,362891.77435179276,1245190.0484314864,621089.5299903661
2025-04-24T11:40:00.000+0000,1176282.8382533519,663001.8828804718,1097282.8427309373,891180.8820499048,362891.77435179276,1248312.285442046,621089.5299903661
2025-04-24T11:50:00.000+0000,1177481.4545425917,663001.8828804718,1101058.6702672679,889461.0565318889,362891.77435179276,1250226.9920503667,621089.5299903661
2025-04-24T12:00:00.000+0000,1176834.9806357918,663001.8828804718,1100245.9504397518,889242.5430626249,362891.77435179276,1248844.1971719658,690435.3339303659
2025-04-24T12:10:00.000+0000,1177114.4858026318,663001.8828804718,1100008.2090317686,888484.8718249128,362891.77435179276,1249409.731582206,690435.3339303659
2025-04-24T12:20:00.000+0000,1179439.998552912,663001.8828804718,1103294.6924333666,887016.539031633,362891.77435179276,1253234.9387663659,713555.9226503659
2025-04-24T12:30:00.000+0000,1179419.1280127119,663001.8828804718,1103271.2242116812,883186.6636849928,362891.77435179276,1253432.679447166,713555.9226503659
2025-04-24T12:40:00.000+0000,1180012.2697194316,663001.8828804718,1103884.825653237,884620.0916644809,362891.77435179276,1255302.2268118057,713555.9226503659
2025-04-24T12:50:00.000+0000,1180393.087721112,663001.8828804718,1104334.9185956551,883528.2528548648,362891.77435179276,1255153.1421750062,713555.9226503659
2025-04-24T13:00:00.000+0000,1180303.449439152,663001.8828804718,1104919.3141935708,883870.309830193,362891.77435179276,1255379.9681689257,713616.344274366
2025-04-24T13:10:00.000+0000,1180553.2009279917,663001.8828804718,1105335.064352049,884476.6962126887,362891.77435179276,1255409.0203086056,713616.344274366
2025-04-24T13:20:00.000+0000,1181153.6546803918,663001.8828804718,1106231.6158812563,883643.7309584168,362891.77435179276,1256526.1956527664,736772.804274366
2025-04-24T13:30:00.000+0000,1181542.6996452317,681439.5499372717,1108248.2972618646,876639.5761285289,362891.77435179276,1257621.2970702057,745895.066621566
2025-04-24T13:40:00.000+0000,1181377.0017596716,696475.4158139116,1103758.7227842333,878662.1069883849,390924.1239170728,1257936.647787646,750773.3248903658
2025-04-24T13:50:00.000+0000,1180061.4064785517,696492.9135045516,1102506.7078300677,881394.5660109929,390924.1239170728,1255578.8229577262,750790.8225810059
2025-04-24T14:00:00.000+0000,1182251.2608424318,696492.9135045516,1107463.470687487,872392.8769479371,390924.1239170728,1259629.7135506058,750790.8225810059
2025-04-24T14:10:00.000+0000,1184328.726239471,725055.3932261517,1110094.9666666128,874508.2853063047,390924.1239170728,1262165.730812446,764966.6488402059
2025-04-24T14:20:00.000+0000,1183480.109226631,793402.500762951,1106019.1454257749,875605.7281491049,390924.1239170728,1262602.647699086,798965.4480242061
2025-04-24T14:30:00.000+0000,1184611.347111751,793402.500762951,1108747.1287171026,870275.2395342408,390924.1239170728,1266388.4859036466,798965.4480242061
2025-04-24T14:40:00.000+0000,1185707.5141260307,803227.2067053508,1111231.336399684,868291.6450603369,390924.1239170728,1269966.1571750864,805131.8369634063
2025-04-24T14:50:00.000+0000,1186443.520099831,803227.2067053508,1112096.859544839,865047.0654022568,390924.1239170728,1273200.079266046,810436.1810906064
2025-04-24T15:00:00.000+0000,1186190.256323071,803227.2067053508,1111371.1387153114,855358.5850521291,390924.1239170728,1272981.7023074862,814486.6980826063
2025-04-24T15:10:00.000+0000,1188886.3359325114,821983.3637661508,1116413.1050862516,848081.5240419849,417142.198664273,1284434.1540106866,823692.3976266063
2025-04-24T15:20:00.000+0000,1188232.1063851912,844739.0926077511,1114051.7334817837,851951.620505969,456602.29731067293,1282615.0402668468,838118.1597770061
2025-04-24T15:30:00.000+0000,1187444.1603467113,844774.4776770313,1112602.4839655606,851189.9424562729,456602.29731067293,1279592.5202188464,860996.5241316465
2025-04-24T15:40:00.000+0000,1188050.7822606314,867315.3305570314,1113855.9316211184,851297.608374577,456602.29731067293,1284210.2590700467,894659.059542047
2025-04-24T15:50:00.000+0000,1187582.9722083115,867315.3305570314,1112011.4661916145,854412.000506065,456602.29731067293,1281290.1490284472,910333.6718124474
2025-04-24T16:00:00.000+0000,1187741.2749647114,867315.3305570314,1112206.512937524,853009.3519832969,456602.29731067293,1282525.6258556475,921695.3751724475
2025-04-24T16:10:00.000+0000,1188136.6785385914,867315.3305570314,1113639.574411972,850638.4822776329,456602.29731067293,1283782.5365220476,921695.3751724475
2025-04-24T16:20:00.000+0000,1188319.3663713115,878768.6605570315,1115520.7651216104,850057.131330753,456602.29731067293,1285312.807325247,932024.4952604471
2025-04-24T16:30:00.000+0000,1188574.4559362715,878768.6605570315,1118455.8041127417,850449.179361217,456602.29731067293,1284690.675429247,932880.951546847
2025-04-24T16:40:00.000+0000,1188980.5479525516,878768.6605570315,1119251.88943844,849676.343404993,456602.29731067293,1285834.8203804472,933633.8137748471
2025-04-24T16:50:00.000+0000,1189237.2812015114,878768.6605570315,1118247.0111275788,848356.7449289929,456602.29731067293,1289078.2465620472,933633.8137748471
2025-04-24T17:00:00.000+0000,1188852.6539996315,878768.6605570315,1115887.058128106,846438.4959568331,473327.9270938728,1289072.1224652473,933633.8137748471
2025-04-24T17:10:00.000+0000,1188138.1842330715,878782.2766554315,1109901.1005507135,849926.2386287528,490638.33767787274,1284855.6353556488,945594.0259444473
2025-04-24T17:20:00.000+0000,1188018.5621573515,889563.8604826315,1107244.576630549,851754.1789456808,490638.33767787274,1284911.6425140495,1033649.6170708494
2025-04-24T17:30:00.000+0000,1188508.2675293924,968410.1229706308,1110626.7548692364,852107.8406497927,518718.4544987527,1285571.8489260492,1099899.2968932493
2025-04-24T17:40:00.000+0000,1188217.0013289123,1026565.1561950323,1106398.5586180456,853039.5338384807,518718.4544987527,1284412.7359588486,1134485.7006172491
2025-04-24T17:50:00.000+0000,1188157.4134873522,1026565.1561950323,1106022.8475740072,852537.6284636008,477512.91949875274,1284310.076152449,1151936.668665249
2025-04-24T18:00:00.000+0000,1188271.0437628725,1050180.0867774326,1113549.0194980917,849721.6395184329,477512.91949875274,1285949.2047996493,1188661.5372476494
2025-04-24T18:10:00.000+0000,1188102.5933311125,1050180.0867774326,1114836.982371866,848637.0385539049,477512.91949875274,1286918.1490236495,1189094.1039172495
2025-04-24T18:20:00.000+0000,1188265.6535784726,1050180.0867774326,1114610.2448696706,850041.3784824649,477512.91949875274,1286677.432750849,1194953.3807428493
2025-04-24T18:30:00.000+0000,1188033.1977420326,1050180.0867774326,1116752.155107961,849853.5828392648,477512.91949875274,1286601.2427516493,1195019.6916516493
2025-04-24T18:40:00.000+0000,1187987.5751693125,1070254.2795654326,1117639.8693958176,849663.3448115368,493855.8496867527,1286523.4310508494,1195019.6916516493
2025-04-24T18:50:00.000+0000,1187912.9114481127,1070254.2795654326,1118149.666487062,849500.0780495207,493855.8496867527,1286648.8216580495,1195019.6916516493
2025-04-24T19:00:00.000+0000,1188044.4022712326,1070254.2795654326,1116407.4479963644,850396.9187824968,493855.8496867527,1285771.264266049,1195019.6916516493
2025-04-24T19:10:00.000+0000,1188171.0607133526,1070254.2795654326,1114984.3657142157,852265.8084736967,493855.8496867527,1285489.9984588488,1200828.252082849
2025-04-24T19:20:00.000+0000,1187890.4470340325,1070254.2795654326,1116261.3414981002,850878.2387182567,507860.6746565127,1285936.5499316491,1200828.252082849
2025-04-24T19:30:00.000+0000,1187845.9645984725,1070254.2795654326,1118116.41735976,850304.7122268006,507860.6746565127,1286114.329594049,1200828.252082849
2025-04-24T19:40:00.000+0000,1187973.8536553127,1070254.2795654326,1117348.83266954,850686.8905793286,507860.6746565127,1286079.143765249,1200828.252082849
2025-04-24T19:50:00.000+0000,1187852.1970585126,1070254.2795654326,1118312.4583960404,850058.4152221608,507860.6746565127,1286179.315563649,1200828.252082849
2025-04-24T20:00:00.000+0000,1187622.3231548725,1070254.2795654326,1117627.9112595988,850103.0572999046,507860.6746565127,1285776.491081249,1200828.252082849
2025-04-24T20:10:00.000+0000,1187794.7654905526,1070265.4366326325,1118506.7687992174,851198.3536412807,507874.0631371527,1285295.007576449,1200828.252082849
2025-04-24T20:20:00.000+0000,1187811.5654398326,1070265.4366326325,1117966.2345880244,851760.0037214727,507874.0631371527,1285355.053501249,1200828.252082849
2025-04-24T20:30:00.000+0000,1187852.7071501124,1070265.4366326325,1117554.7354389208,852139.0599137287,507874.0631371527,1284919.210454849,1200828.252082849
2025-04-24T20:40:00.000+0000,1187746.5742244325,1070265.4366326325,1117459.5406030808,851387.9426286566,507874.0631371527,1284794.2425092491,1200828.252082849
2025-04-24T20:50:00.000+0000,1187668.5311089123,1070265.4366326325,1117518.113223445,850744.2994754408,507874.0631371527,1285526.044598849,1200828.252082849
2025-04-24T21:00:00.000+0000,1187829.7398386723,1070265.4366326325,1117137.8530427204,851242.9494760488,507874.0631371527,1285569.517792449,1200828.252082849
2025-04-24T21:10:00.000+0000,1187858.4676380325,1070265.4366326325,1116892.2879557468,851166.7914312647,507874.0631371527,1285682.917000449,1200828.252082849
2025-04-24T21:20:00.000+0000,1188063.2195053925,1070265.4366326325,1110418.2315699966,852642.2420657128,507874.0631371527,1284740.8592500489,1200828.252082849
2025-04-24T21:30:00.000+0000,1188185.5669990326,1100694.4069662327,1111835.673351318,853063.3523477606,532645.6879707526,1284904.328370049,1200828.252082849
2025-04-24T21:40:00.000+0000,1188316.0140578325,1100694.4069662327,1113443.184474567,852277.7593853127,532645.6879707526,1285273.871498849,1209362.476237249
2025-04-24T21:50:00.000+0000,1188260.4501445529,1100694.4069662327,1114728.0560653238,852000.6984715046,532645.6879707526,1285668.630438849,1209362.476237249
2025-04-24T22:00:00.000+0000,1188240.8834604328,1100694.4069662327,1114227.311250737,851211.7863065446,532645.6879707526,1285534.504825249,1209362.476237249
2025-04-24T22:10:00.000+0000,1188167.7721962729,1100694.4069662327,1116682.0362246798,850780.8659388486,532645.6879707526,1286070.2239068493,1209362.476237249
2025-04-24T22:20:00.000+0000,1188089.6367047126,1100694.4069662327,1116534.48212761,851287.4343596487,532645.6879707526,1285981.1901908491,1209362.476237249
2025-04-24T22:30:00.000+0000,1188043.5491043127,1100694.4069662327,1117800.9147822289,851310.6180778246,532645.6879707526,1285900.2779724493,1209362.476237249
2025-04-24T22:40:00.000+0000,1188161.7593104325,1100694.4069662327,1115084.4327508118,852048.1152676966,532645.6879707526,1285821.7848172488,1209362.476237249
2025-04-24T22:50:00.000+0000,1188305.3186709927,1100694.4069662327,1114182.5633675081,852172.8462430246,532645.6879707526,1285796.7858324489,1209756.396848449
2025-04-24T23:00:00.000+0000,1188336.2610472727,1100694.4069662327,1114929.1845338026,851248.6526098887,532645.6879707526,1286083.871979649,1209756.396848449
2025-04-24T23:10:00.000+0000,1188235.7926863127,1100694.4069662327,1117776.470630544,850833.9987185927,532645.6879707526,1286489.3923036489,1209756.396848449
2025-04-24T23:20:00.000+0000,1188054.4362875929,1100694.4069662327,1117651.2011188283,849992.9846685127,532645.6879707526,1286326.875421249,1214402.357104449
2025-04-24T23:30:00.000+0000,1187705.0557158326,1119588.0799262326,1122027.6263199428,848568.9289851846,532645.6879707526,1286648.7367260489,1230828.309821249
2025-04-24T23:40:00.000+0000,1187625.7634504326,1119588.0799262326,1122795.5589676641,848804.1431432005,532645.6879707526,1286763.189090849,1231962.1430284488
2025-04-24T23:50:00.000+0000,1187673.0379505525,1119588.0799262326,1122218.3355642234,848964.4950389767,532645.6879707526,1286693.4389356489,1231962.1430284488
2025-04-25T00:00:00.000+0000,1187689.5651182325,1119588.0799262326,1121500.414666771,848864.5010182406,532645.6879707526,1286685.5242724484,1231962.1430284488
2025-04-25T00:10:00.000+0000,1187979.0210680724,1119588.0799262326,1120245.7893224421,849605.5438093606,532645.6879707526,1286630.6062420483,1261385.8981780484
2025-04-25T00:20:00.000+0000,1187839.2380839926,1119588.0799262326,1122109.8156230503,849251.1223335526,532645.6879707526,1286702.5646292483,1261385.8981780484
2025-04-25T00:30:00.000+0000,1187815.2724718326,1122923.9064283925,1122120.688334094,849035.7634585926,546893.8899829926,1286664.7329188485,1261385.8981780484
2025-04-25T00:40:00.000+0000,1187696.9424116726,1122923.9064283925,1123338.0102645739,849020.0865901285,546893.8899829926,1286726.1597380484,1261385.8981780484
2025-04-25T00:50:00.000+0000,1187688.2869915524,1122923.9064283925,1122870.869397998,848750.1145406886,546893.8899829926,1286802.4826308484,1261385.8981780484
2025-04-25T01:00:00.000+0000,1187468.4534491925,1122923.9064283925,1123803.761261121,847045.5208874247,546893.8899829926,1286786.1297236488,1265765.3897796487
2025-04-25T01:10:00.000+0000,1187352.9119064326,1125928.4320834326,1125738.2060169806,845702.4737453767,550117.4956337126,1286919.1851940488,1265765.3897796487
2025-04-25T01:20:00.000+0000,1187972.1482207524,1135631.7182394324,1122363.9870311688,849417.5896131047,550117.4956337126,1286877.5665156485,1275034.0289316485
2025-04-25T01:30:00.000+0000,1187977.7852075526,1135631.7182394324,1121406.9199868022,848574.7723467527,550117.4956337126,1286932.7023716485,1275034.0289316485
2025-04-25T01:40:00.000+0000,1187925.7689538724,1135631.7182394324,1122852.3874628725,848795.8604946246,550117.4956337126,1286907.0908772484,1275034.0289316485
2025-04-25T01:50:00.000+0000,1188157.2262397925,1135631.7182394324,1121602.9171364233,849270.2928448647,550117.4956337126,1286965.4281700484,1275034.0289316485
2025-04-25T02:00:00.000+0000,1188122.5470053924,1135631.7182394324,1120920.3579957606,848469.3840648807,550117.4956337126,1287033.7254884485,1275034.0289316485
2025-04-25T02:10:00.000+0000,1188316.3376987122,1135631.7182394324,1118669.966873935,848929.8020555847,550117.4956337126,1287053.6455396484,1275034.0289316485
2025-04-25T02:20:00.000+0000,1188475.3997971525,1135631.7182394324,1115970.0747570116,849423.4012600646,550117.4956337126,1286897.8422820484,1275034.0289316485
2025-04-25T02:30:00.000+0000,1188732.9847142324,1135631.7182394324,1114319.113045665,852409.7196525766,550117.4956337126,1286799.3091716485,1275034.0289316485
2025-04-25T02:40:00.000+0000,1188721.4769278325,1135631.7182394324,1114061.8131115313,853067.5895352967,550117.4956337126,1286737.4147268485,1275034.0289316485
2025-04-25T02:50:00.000+0000,1188880.6663243524,1135631.7182394324,1109031.4547048733,854511.6676678407,550117.4956337126,1286700.0646308484,1275034.0289316485
2025-04-25T03:00:00.000+0000,1188952.8718636723,1135631.7182394324,1109228.5912102393,854134.0488247846,550117.4956337126,1286697.5746244485,1275034.0289316485
2025-04-25T03:10:00.000+0000,1188782.2084537125,1135631.7182394324,1112530.5538337133,853050.8174836807,550117.4956337126,1286783.6577028485,1275034.0289316485
2025-04-25T03:20:00.000+0000,1188701.3058276323,1135631.7182394324,1111993.1063154452,853131.2539030247,550117.4956337126,1286823.4978052482,1280942.4584036483
2025-04-25T03:30:00.000+0000,1188495.8826477525,1135631.7182394324,1112901.5192725179,852006.1055024166,550117.4956337126,1286817.4506468484,1280942.4584036483
2025-04-25T03:40:00.000+0000,1188420.7001419123,1135631.7182394324,1116484.4034729437,851778.6695768326,550117.4956337126,1286858.1800372484,1280942.4584036483
2025-04-25T03:50:00.000+0000,1188380.2072621526,1135631.7182394324,1116607.5431128042,851526.5365647366,550117.4956337126,1286862.0929044483,1280942.4584036483
2025-04-25T04:00:00.000+0000,1188319.4315716324,1135631.7182394324,1116231.740290319,850056.6615062567,550117.4956337126,1286869.5629236484,1280942.4584036483
2025-04-25T04:10:00.000+0000,1188177.7246779124,1135631.7182394324,1118594.4297954286,849968.0149802567,550117.4956337126,1286883.7915316485,1286883.7915316485
2025-04-25T04:20:00.000+0000,1188270.2623884724,1135690.2597687123,1117409.7267939944,850331.1855312006,550180.5403575526,1286883.7915316485,1286883.7915316485
2025-04-25T04:30:00.000+0000,1188414.8241464724,1188414.8241464724,1116441.040921573,850706.6178848487,850706.6178848487,1286883.7915316485,1286883.7915316485
