date,total_balance_normal,unlocked_balance_normal,benchmark
2025-04-17T10:20:00.000+0000,1000000.0,1000000.0,1000000.0
2025-04-17T10:30:00.000+0000,997445.0005592004,219877.0020000001,999695.0632239727
2025-04-17T10:40:00.000+0000,996976.9033368008,219877.0020000001,999368.6453583143
2025-04-17T10:50:00.000+0000,997445.0005592004,219877.0020000001,999736.3719732547
2025-04-17T11:00:00.000+0000,998439.7071567999,219877.0020000001,1000929.4767109897
2025-04-17T11:10:00.000+0000,995104.5144472013,219877.0020000001,998203.2096103323
2025-04-17T11:20:00.000+0000,996333.2696559998,219877.0020000001,999315.2962531286
2025-04-17T11:30:00.000+0000,996976.9033368008,219877.0020000001,999923.7525337096
2025-04-17T11:40:00.000+0000,998217.7119031994,3247.8291000001,1001403.7025118477
2025-04-17T11:50:00.000+0000,997196.3467495211,3247.8291000001,1001232.9539645787
2025-04-17T12:00:00.000+0000,996899.8755164004,3247.8291000001,1001225.8851848274
2025-04-17T12:10:00.000+0000,999327.0499222407,3247.8291000001,1002379.9063675099
2025-04-17T12:20:00.000+0000,1002794.1059567209,3247.8291000001,1004941.6891541964
2025-04-17T12:30:00.000+0000,1002286.9223284804,23194.833720000002,1004495.4622316064
2025-04-17T12:40:00.000+0000,1003140.8969018394,23194.833720000002,1005145.74937394
2025-04-17T12:50:00.000+0000,1003846.8616778397,3306.2657199999994,1005699.5906454265
2025-04-17T13:00:00.000+0000,1000114.1111758405,3306.2657199999994,1002979.3962741587
2025-04-17T13:10:00.000+0000,998201.7157171196,3306.2657199999994,1000984.7597810347
2025-04-17T13:20:00.000+0000,998689.8644854401,3306.2657199999994,1001705.8954532633
2025-04-17T13:30:00.000+0000,995423.304750239,2884.0097199999996,998997.8977609731
2025-04-17T13:40:00.000+0000,996049.2802688798,2884.0097199999996,999333.2254702253
2025-04-17T13:50:00.000+0000,995980.67189952,3305.7000975999995,999531.8915352372
2025-04-17T14:00:00.000+0000,987345.9222203196,3305.7000975999995,993812.9750740252
2025-04-17T14:10:00.000+0000,985964.0320176005,13463.503339200006,992025.3949528593
2025-04-17T14:20:00.000+0000,984962.0787220005,13463.503339200006,990790.254127077
2025-04-17T14:30:00.000+0000,980935.4495044802,13463.503339200006,986509.5744660958
2025-04-17T14:40:00.000+0000,983426.2683540004,13631.368939200005,988641.615392061
2025-04-17T14:50:00.000+0000,984427.8810223206,9655.816939200005,989554.7965980947
2025-04-17T15:00:00.000+0000,986208.4611297601,9655.816939200005,991036.7350418083
2025-04-17T15:10:00.000+0000,991912.4384943998,16274.070097600015,996196.342936953
2025-04-17T15:20:00.000+0000,989805.5433600005,26029.549465600016,994769.2908177294
2025-04-17T15:30:00.000+0000,992257.6996643201,26029.549465600016,996458.5629921422
2025-04-17T15:40:00.000+0000,994575.3126894397,26029.549465600016,998281.352878272
2025-04-17T15:50:00.000+0000,998373.6599787202,26029.549465600016,999405.3561309336
2025-04-17T16:00:00.000+0000,994432.27880816,19530.825402399983,996597.0954904864
2025-04-17T16:10:00.000+0000,998226.1361872805,39400.56788159987,999971.0828360452
2025-04-17T16:20:00.000+0000,1003756.40293168,40319.3019059199,1004377.7299078464
2025-04-17T16:30:00.000+0000,1007325.1533455194,40319.3019059199,1008032.4161787191
2025-04-17T16:40:00.000+0000,1004211.6559376796,51741.47265327993,1005382.3548503745
2025-04-17T16:50:00.000+0000,1005589.1103918399,51741.47265327993,1006668.2695435027
2025-04-17T17:00:00.000+0000,1006276.1526179996,71073.07199167993,1006935.0334645361
2025-04-17T17:10:00.000+0000,1008962.1449037603,101311.44592447986,1009092.009530874
2025-04-17T17:20:00.000+0000,1007931.8455032004,141650.20507967996,1007958.1228740541
2025-04-17T17:30:00.000+0000,1011278.3745364796,145759.55496767996,1011006.0283011668
2025-04-17T17:40:00.000+0000,1009742.8224616796,145759.55496767996,1009792.8972579034
2025-04-17T17:50:00.000+0000,1012908.2398003204,145759.55496767996,1012712.8485925575
2025-04-17T18:00:00.000+0000,1011630.5427763197,145759.55496767996,1011766.3958264467
2025-04-17T18:10:00.000+0000,1013531.3521113597,129606.42696767996,1013692.1797951784
2025-04-17T18:20:00.000+0000,1011655.9475875205,129606.42696767996,1012521.7861022097
2025-04-17T18:30:00.000+0000,1011069.9937404005,202.92576767994615,1012498.8714189501
2025-04-17T18:40:00.000+0000,1009288.0953004797,202.92576767994615,1010246.2390680958
2025-04-17T18:50:00.000+0000,1005440.3429668804,202.92576767994615,1007111.1938415949
2025-04-17T19:00:00.000+0000,1006673.8919375998,202.92576767994615,1008250.192867372
2025-04-17T19:10:00.000+0000,999248.7435122399,66206.27491239995,1001472.359869207
2025-04-17T19:20:00.000+0000,995913.1503232799,66206.27491239995,998434.0547753836
2025-04-17T19:30:00.000+0000,991880.9919326399,66206.27491239995,995435.8476319944
2025-04-17T19:40:00.000+0000,994578.2820728801,66206.27491239995,997975.370237045
2025-04-17T19:50:00.000+0000,994976.6522216002,66206.27491239995,997562.9617846482
2025-04-17T20:00:00.000+0000,999022.9282091201,66206.27491239995,1001124.4780279583
2025-04-17T20:10:00.000+0000,1001079.1328283998,66233.07545479994,1002487.2168592429
2025-04-17T20:20:00.000+0000,1003086.2500490404,66233.07545479994,1003943.4428784621
2025-04-17T20:30:00.000+0000,1002625.5033415203,96260.14256839968,1002706.8895868165
2025-04-17T20:40:00.000+0000,1001697.8400663198,131494.66618135967,1002281.8067952127
2025-04-17T20:50:00.000+0000,1006103.8170626394,131494.66618135967,1005653.1030189092
2025-04-17T21:00:00.000+0000,1003443.3119708002,131494.66618135967,1003919.4551440752
2025-04-17T21:10:00.000+0000,1003234.6925999194,131494.66618135967,1003966.1543975901
2025-04-17T21:20:00.000+0000,1001716.9641547997,131494.66618135967,1002782.0270651842
2025-04-17T21:30:00.000+0000,1003223.6855126396,141469.65180375963,1003776.6194657772
2025-04-17T21:40:00.000+0000,1003907.1626931201,141469.65180375963,1004226.3556359251
2025-04-17T21:50:00.000+0000,1005015.8680187196,141469.65180375963,1005555.7597199737
2025-04-17T22:00:00.000+0000,1003848.94400536,141469.65180375963,1004482.357411203
2025-04-17T22:10:00.000+0000,1005284.3459643997,141469.65180375963,1005993.4474133576
2025-04-17T22:20:00.000+0000,1004110.0126831997,141469.65180375963,1004905.5734450526
2025-04-17T22:30:00.000+0000,1003123.26641224,141469.65180375963,1003780.6224409048
2025-04-17T22:40:00.000+0000,1001972.6556378392,141469.65180375963,1002725.636587604
2025-04-17T22:50:00.000+0000,999125.5253656796,141469.65180375963,999921.3213805137
2025-04-17T23:00:00.000+0000,1000464.25592376,151431.96557175962,1001184.0667278259
2025-04-17T23:10:00.000+0000,1003069.2207833596,186583.07466975966,1003257.0770197327
2025-04-17T23:20:00.000+0000,1004443.8883687998,186583.07466975966,1004534.0860374556
2025-04-17T23:30:00.000+0000,1004185.1451291197,186583.07466975966,1004248.2607334425
2025-04-17T23:40:00.000+0000,1003229.0891862396,186583.07466975966,1003290.7302888383
2025-04-17T23:50:00.000+0000,1004288.0415460801,186583.07466975966,1004032.7389442818
2025-04-18T00:00:00.000+0000,1003491.6030070393,186583.07466975966,1003278.7847136734
2025-04-18T00:10:00.000+0000,1002278.1393552003,186583.07466975966,1002230.8460665082
2025-04-18T00:20:00.000+0000,1001926.98210592,186583.07466975966,1001894.6700632571
2025-04-18T00:30:00.000+0000,1002138.2797324798,186583.07466975966,1002482.9729245632
2025-04-18T00:40:00.000+0000,1000634.0099118399,186583.07466975966,1001119.1106703256
2025-04-18T00:50:00.000+0000,1000452.5072302397,186583.07466975966,1000647.1362381921
2025-04-18T01:00:00.000+0000,1001142.1536713593,186583.07466975966,1001397.4528805465
2025-04-18T01:10:00.000+0000,1007040.7598083197,186583.07466975966,1006501.2224836337
2025-04-18T01:20:00.000+0000,1006302.7788657598,186583.07466975966,1006133.0294707287
2025-04-18T01:30:00.000+0000,1006753.8189447997,186583.07466975966,1006026.1357604491
2025-04-18T01:40:00.000+0000,1004339.2971088002,186583.07466975966,1004226.9131794802
2025-04-18T01:50:00.000+0000,1004570.2791751997,186583.07466975966,1004209.4816232435
2025-04-18T02:00:00.000+0000,1003866.7140779202,186583.07466975966,1003141.6580813939
2025-04-18T02:10:00.000+0000,1003760.0906449598,186583.07466975966,1003183.6199508854
2025-04-18T02:20:00.000+0000,1004620.7559614398,186583.07466975966,1003984.7452388979
2025-04-18T02:30:00.000+0000,1004894.9262495998,186583.07466975966,1004815.1059931876
2025-04-18T02:40:00.000+0000,1006042.6695198399,186583.07466975966,1005278.8862083468
2025-04-18T02:50:00.000+0000,1007555.5666331195,186583.07466975966,1006344.0169727239
2025-04-18T03:00:00.000+0000,1004154.7826385603,186583.07466975966,1003577.8489985551
2025-04-18T03:10:00.000+0000,1004722.6603726397,186583.07466975966,1003848.7140471932
2025-04-18T03:20:00.000+0000,1002625.2846166397,186583.07466975966,1002169.6842510197
2025-04-18T03:30:00.000+0000,1002396.5049868799,186583.07466975966,1001991.5981211828
2025-04-18T03:40:00.000+0000,1003636.5723387196,186583.07466975966,1003281.8056721279
2025-04-18T03:50:00.000+0000,1003872.8861363197,186583.07466975966,1003595.47029871
2025-04-18T04:00:00.000+0000,1000457.2480345595,186583.07466975966,1001112.5960664214
2025-04-18T04:10:00.000+0000,998891.6086196795,5.54466975958951,999624.9501171325
2025-04-18T04:20:00.000+0000,1000973.0543299201,5.54466975958951,1000785.8594439947
2025-04-18T04:30:00.000+0000,1001055.8502401597,5.54466975958951,1000954.733315006
2025-04-18T04:40:00.000+0000,1000868.5763791997,5.54466975958951,1000785.1162528712
2025-04-18T04:50:00.000+0000,1000710.939989279,5.54466975958951,1000567.9852271264
2025-04-18T05:00:00.000+0000,999727.0413383996,5.54466975958951,1000227.920699433
2025-04-18T05:10:00.000+0000,999479.3580436797,5.54466975958951,999889.617448042
2025-04-18T05:20:00.000+0000,997464.6181260796,5.54466975958951,998242.0460586417
2025-04-18T05:30:00.000+0000,997254.8322891195,5.54466975958951,997961.276899985
2025-04-18T05:40:00.000+0000,999562.9415233596,5.54466975958951,1000146.7302334616
2025-04-18T05:50:00.000+0000,1000574.523609759,5.54466975958951,1000801.0279866353
2025-04-18T06:00:00.000+0000,999307.098961279,5.54466975958951,1000159.5105672451
2025-04-18T06:10:00.000+0000,1000597.7999737596,5.54466975958951,1001151.1304428075
2025-04-18T06:20:00.000+0000,1000149.8953843194,5.54466975958951,1000695.3814020186
2025-04-18T06:30:00.000+0000,997593.2219606398,5.54466975958951,998872.6487988147
2025-04-18T06:40:00.000+0000,998327.2636571196,5.54466975958951,999289.4206970015
2025-04-18T06:50:00.000+0000,999015.2899953593,5.54466975958951,1000031.8295894698
2025-04-18T07:00:00.000+0000,1001816.3375631999,5.54466975958951,1001550.9613994337
2025-04-18T07:10:00.000+0000,1000337.1552564794,5.54466975958951,1000877.4542806137
2025-04-18T07:20:00.000+0000,998478.3616819191,5.54466975958951,999085.2073674274
2025-04-18T07:30:00.000+0000,1001871.2280156799,5.54466975958951,1001397.0407136673
2025-04-18T07:40:00.000+0000,1003716.5531735995,5.54466975958951,1002654.6277146891
2025-04-18T07:50:00.000+0000,1004689.5237739193,5.54466975958951,1003301.8822622916
2025-04-18T08:00:00.000+0000,1006649.2858090396,5.54466975958951,1004625.5729889896
2025-04-18T08:10:00.000+0000,1006560.1631642401,35226.90751975954,1004828.6316806078
2025-04-18T08:20:00.000+0000,1007619.5092088801,105718.54405975952,1005237.1694318631
2025-04-18T08:30:00.000+0000,1007368.2233984794,105718.54405975952,1004956.6125456849
2025-04-18T08:40:00.000+0000,1007676.4000597595,105718.54405975952,1005462.4599441629
2025-04-18T08:50:00.000+0000,1005030.7149024797,105718.54405975952,1003289.9523086164
2025-04-18T09:00:00.000+0000,1005089.1918834392,105718.54405975952,1003244.1096222338
2025-04-18T09:10:00.000+0000,1003888.03058184,105718.54405975952,1002626.6322081593
2025-04-18T09:20:00.000+0000,1005153.3634051192,105718.54405975952,1003777.339599864
2025-04-18T09:30:00.000+0000,1004738.3561767198,105718.54405975952,1003411.8244043092
2025-04-18T09:40:00.000+0000,1007260.0521047997,105718.54405975952,1005355.1564466909
2025-04-18T09:50:00.000+0000,1005271.44806176,105718.54405975952,1003568.5153472403
2025-04-18T10:00:00.000+0000,1003820.2085828801,105718.54405975952,1002822.2451208221
2025-04-18T10:10:00.000+0000,1004816.8501312796,105718.54405975952,1003779.1240615293
2025-04-18T10:20:00.000+0000,1005153.1719583998,105718.54405975952,1003844.5578944259
2025-04-18T10:30:00.000+0000,1002063.5790116793,105718.54405975952,1001615.7140186061
2025-04-18T10:40:00.000+0000,1000499.8989572796,105718.54405975952,1000654.9722667492
2025-04-18T10:50:00.000+0000,1000138.29627104,105718.54405975952,1000519.2749401779
2025-04-18T11:00:00.000+0000,1000020.0252636002,155845.39047575957,1000074.2422873585
2025-04-18T11:10:00.000+0000,1002542.120971599,155845.39047575957,1002289.5766673951
2025-04-18T11:20:00.000+0000,1000576.82256912,155845.39047575957,1000837.8738366705
2025-04-18T11:30:00.000+0000,1000403.4637671998,155845.39047575957,1000956.5278531231
2025-04-18T11:40:00.000+0000,1001152.38944696,155845.39047575957,1001730.3566756609
2025-04-18T11:50:00.000+0000,1002548.8522822403,155845.39047575957,1002792.7618027385
2025-04-18T12:00:00.000+0000,1003321.3121195994,155845.39047575957,1002871.5446641021
2025-04-18T12:10:00.000+0000,1002229.8213113599,155845.39047575957,1002244.5253421504
2025-04-18T12:20:00.000+0000,1003034.8482741592,155845.39047575957,1002794.2673851354
2025-04-18T12:30:00.000+0000,1005379.0504109593,155845.39047575957,1004927.779632875
2025-04-18T12:40:00.000+0000,1007533.95150984,155845.39047575957,1006408.722735487
2025-04-18T12:50:00.000+0000,1006948.0058416792,155845.39047575957,1005784.5735027334
2025-04-18T13:00:00.000+0000,1005126.3959963201,155845.39047575957,1004051.1009207899
2025-04-18T13:10:00.000+0000,1003659.6955960797,155845.39047575957,1002958.5998988511
2025-04-18T13:20:00.000+0000,1004919.3419721598,155845.39047575957,1003868.390758992
2025-04-18T13:30:00.000+0000,1005109.4659511999,155845.39047575957,1004143.9371943561
2025-04-18T13:40:00.000+0000,1003004.3739731202,155845.39047575957,1002683.5759978618
2025-04-18T13:50:00.000+0000,1004401.3151254398,155845.39047575957,1003772.4638592105
2025-04-18T14:00:00.000+0000,1004116.1912071996,155845.39047575957,1003454.996376013
2025-04-18T14:10:00.000+0000,1002234.595389039,155845.39047575957,1001803.3636059894
2025-04-18T14:20:00.000+0000,1001604.2883383995,155845.39047575957,1001153.0493210561
2025-04-18T14:30:00.000+0000,1000496.6615492798,155845.39047575957,1000970.986044551
2025-04-18T14:40:00.000+0000,999593.6153646397,155845.39047575957,1000412.8126380634
2025-04-18T14:50:00.000+0000,998115.75020336,155845.39047575957,999637.6135481696
2025-04-18T15:00:00.000+0000,995496.17753936,155845.39047575957,997469.1491677731
2025-04-18T15:10:00.000+0000,995452.5317839202,155845.39047575957,997430.6788422705
2025-04-18T15:20:00.000+0000,994577.9264283995,155845.39047575957,996613.4777225945
2025-04-18T15:30:00.000+0000,994847.9299526393,155845.39047575957,996705.5584640654
2025-04-18T15:40:00.000+0000,995404.8198839998,155845.39047575957,997102.7971993296
2025-04-18T15:50:00.000+0000,996176.0496062393,155845.39047575957,997513.5823187446
2025-04-18T16:00:00.000+0000,996033.5932625597,155845.39047575957,997457.5709983171
2025-04-18T16:10:00.000+0000,996653.8970222392,155845.39047575957,998275.4627793427
2025-04-18T16:20:00.000+0000,998671.4209108796,155845.39047575957,999316.4014986854
2025-04-18T16:30:00.000+0000,999223.51058552,155845.39047575957,999653.2455628868
2025-04-18T16:40:00.000+0000,997784.7079492001,155845.39047575957,998860.312808262
2025-04-18T16:50:00.000+0000,997876.4867673594,155845.39047575957,999098.7954843191
2025-04-18T17:00:00.000+0000,997948.673072079,155845.39047575957,999242.4158561474
2025-04-18T17:10:00.000+0000,999960.1016408794,155845.39047575957,1000302.3148561592
2025-04-18T17:20:00.000+0000,999675.6110155993,155845.39047575957,999605.0565879282
2025-04-18T17:30:00.000+0000,1001231.2646962391,155845.39047575957,1000456.9282700031
2025-04-18T17:40:00.000+0000,1002841.0443414396,155845.39047575957,1002406.4969287214
2025-04-18T17:50:00.000+0000,1003242.4938247197,155845.39047575957,1002599.8334315208
2025-04-18T18:00:00.000+0000,1001875.3675014391,155845.39047575957,1001548.5946005975
2025-04-18T18:10:00.000+0000,1003243.9177846396,155845.39047575957,1002539.7256214743
2025-04-18T18:20:00.000+0000,1003286.6045079192,155845.39047575957,1002500.0202284895
2025-04-18T18:30:00.000+0000,1003641.0330380801,155845.39047575957,1002962.3266178907
2025-04-18T18:40:00.000+0000,1003566.5302879999,155845.39047575957,1003275.4814057001
2025-04-18T18:50:00.000+0000,1004343.3716173591,155845.39047575957,1003613.328566447
2025-04-18T19:00:00.000+0000,1003513.5622963196,155845.39047575957,1002765.948551126
2025-04-18T19:10:00.000+0000,1004637.9119963992,155845.39047575957,1003663.8225710681
2025-04-18T19:20:00.000+0000,1005809.0192604803,155845.39047575957,1004050.9149226216
2025-04-18T19:30:00.000+0000,1003785.3913589597,155845.39047575957,1002561.8250530029
2025-04-18T19:40:00.000+0000,1003417.676766159,155845.39047575957,1002229.0652526151
2025-04-18T19:50:00.000+0000,1003824.7052826396,155845.39047575957,1002514.4780937985
2025-04-18T20:00:00.000+0000,1004291.8365783991,155845.39047575957,1003011.1028155289
2025-04-18T20:10:00.000+0000,1002912.6812859989,155845.39047575957,1002133.1695245092
2025-04-18T20:20:00.000+0000,1003440.0682386396,155845.39047575957,1002479.264650359
2025-04-18T20:30:00.000+0000,1002379.1800287195,155845.39047575957,1002025.0517781441
2025-04-18T20:40:00.000+0000,1001677.2234435999,155845.39047575957,1001456.9848950766
2025-04-18T20:50:00.000+0000,1003455.3084367199,155845.39047575957,1003018.4167948597
2025-04-18T21:00:00.000+0000,1003293.5636361598,155845.39047575957,1003073.7213427346
2025-04-18T21:10:00.000+0000,1003689.8938181598,155845.39047575957,1003401.6030814612
2025-04-18T21:20:00.000+0000,1003172.5989853591,155845.39047575957,1003158.487356317
2025-04-18T21:30:00.000+0000,1003365.2519395999,155845.39047575957,1003390.5405786069
2025-04-18T21:40:00.000+0000,1004961.4280763202,155845.39047575957,1004587.3204936285
2025-04-18T21:50:00.000+0000,1004387.04295232,155845.39047575957,1004173.1706025007
2025-04-18T22:00:00.000+0000,1004436.52013888,155845.39047575957,1004164.066942585
2025-04-18T22:10:00.000+0000,1003214.2836109593,155845.39047575957,1003001.0668101001
2025-04-18T22:20:00.000+0000,1003801.8263004798,155845.39047575957,1003998.8890653232
2025-04-18T22:30:00.000+0000,1003878.4041891199,155845.39047575957,1003968.6637311432
2025-04-18T22:40:00.000+0000,1003452.3203291196,155845.39047575957,1003729.6858982097
2025-04-18T22:50:00.000+0000,1002311.5561711199,155845.39047575957,1003001.0378835637
2025-04-18T23:00:00.000+0000,998846.9061103201,155845.39047575957,1000379.3987646544
2025-04-18T23:10:00.000+0000,998049.1445305597,155845.39047575957,999566.7749077207
2025-04-18T23:20:00.000+0000,998259.5735525601,155845.39047575957,999658.7609642381
2025-04-18T23:30:00.000+0000,999939.9531725595,155845.39047575957,1001190.3932452605
2025-04-18T23:40:00.000+0000,1001633.4219128799,155845.39047575957,1002166.7478071197
2025-04-18T23:50:00.000+0000,1001425.52686208,155845.39047575957,1001789.619309167
2025-04-19T00:00:00.000+0000,1001341.17239968,155845.39047575957,1001264.9701349887
2025-04-19T00:10:00.000+0000,999638.9859391192,155845.39047575957,1000208.8799870461
2025-04-19T00:20:00.000+0000,999830.9583382396,155845.39047575957,1000360.3239660258
2025-04-19T00:30:00.000+0000,1001137.5595203997,155845.39047575957,1001267.4205475487
2025-04-19T00:40:00.000+0000,1001417.8932738402,155845.39047575957,1001528.4852794681
2025-04-19T00:50:00.000+0000,1002348.67475248,155845.39047575957,1001927.2325948561
2025-04-19T01:00:00.000+0000,1002411.0220347203,155845.39047575957,1002034.7262627151
2025-04-19T01:10:00.000+0000,1004134.2512476004,155845.39047575957,1003395.2973263746
2025-04-19T01:20:00.000+0000,1004777.4423827195,155845.39047575957,1003452.6763143893
2025-04-19T01:30:00.000+0000,1005046.4989651201,155845.39047575957,1003689.9463363576
2025-04-19T01:40:00.000+0000,1004243.0815136796,155845.39047575957,1003115.4290393826
2025-04-19T01:50:00.000+0000,1004428.9499998402,155845.39047575957,1003350.9738056618
2025-04-19T02:00:00.000+0000,1005608.4382537602,155845.39047575957,1004225.564570738
2025-04-19T02:10:00.000+0000,1010708.405713199,155845.39047575957,1007983.0276443013
2025-04-19T02:20:00.000+0000,1014194.95104376,155845.39047575957,1010499.0453308695
2025-04-19T02:30:00.000+0000,1015817.6445496001,155845.39047575957,1011316.914209323
2025-04-19T02:40:00.000+0000,1014981.2652887201,155845.39047575957,1010828.012673182
2025-04-19T02:50:00.000+0000,1016931.6015704799,155845.39047575957,1012443.0265800864
2025-04-19T03:00:00.000+0000,1016972.3539424797,155845.39047575957,1012520.5474183739
2025-04-19T03:10:00.000+0000,1018688.0303024792,155845.39047575957,1013653.5086367512
2025-04-19T03:20:00.000+0000,1020979.8865495196,155845.39047575957,1015840.6454253679
2025-04-19T03:30:00.000+0000,1022496.0697318392,155845.39047575957,1017054.5457037315
2025-04-19T03:40:00.000+0000,1021339.3456519999,155845.39047575957,1016166.6210424998
2025-04-19T03:50:00.000+0000,1022671.770758479,155845.39047575957,1017598.8434031351
2025-04-19T04:00:00.000+0000,1022494.1458721601,155845.39047575957,1016771.0745349588
2025-04-19T04:10:00.000+0000,1023650.738557199,155845.39047575957,1018412.5697947203
2025-04-19T04:20:00.000+0000,1023310.2962291191,155845.39047575957,1018064.5822217695
2025-04-19T04:30:00.000+0000,1024247.9578992003,155845.39047575957,1020050.3408149444
2025-04-19T04:40:00.000+0000,1023302.0642199991,155845.39047575957,1019639.1891381934
2025-04-19T04:50:00.000+0000,1021768.8475753589,155845.39047575957,1018074.9353044096
2025-04-19T05:00:00.000+0000,1021229.8108499998,155845.39047575957,1017748.8181418851
2025-04-19T05:10:00.000+0000,1019624.2385362394,155845.39047575957,1016628.605548545
2025-04-19T05:20:00.000+0000,1021792.3887273591,155845.39047575957,1018632.2721443957
2025-04-19T05:30:00.000+0000,1021651.6795847992,155845.39047575957,1018604.2337540451
2025-04-19T05:40:00.000+0000,1021238.2675791997,155845.39047575957,1018481.9111213407
2025-04-19T05:50:00.000+0000,1021714.5158755195,155845.39047575957,1018303.4096506787
2025-04-19T06:00:00.000+0000,1019940.8702280789,155845.39047575957,1016867.488015776
2025-04-19T06:10:00.000+0000,1020068.5665892,155845.39047575957,1016683.2508176975
2025-04-19T06:20:00.000+0000,1020316.5372538391,155845.39047575957,1016966.3787974734
2025-04-19T06:30:00.000+0000,1018486.6578294401,155845.39047575957,1015037.4545706641
2025-04-19T06:40:00.000+0000,1019009.2292375995,155845.39047575957,1015338.2276454022
2025-04-19T06:50:00.000+0000,1020340.2630579992,155845.39047575957,1015899.1913010903
2025-04-19T07:00:00.000+0000,1021216.2441120795,155845.39047575957,1016499.1788925456
2025-04-19T07:10:00.000+0000,1022518.9312279989,155845.39047575957,1017434.2651721503
2025-04-19T07:20:00.000+0000,1022418.80968936,155845.39047575957,1017583.7282254817
2025-04-19T07:30:00.000+0000,1022943.3978828,199975.24112951962,1018492.381792041
2025-04-19T07:40:00.000+0000,1025123.8777023199,219230.23280311955,1020184.451899259
2025-04-19T07:50:00.000+0000,1024136.4682623198,219230.23280311955,1019443.6945855601
2025-04-19T08:00:00.000+0000,1023675.6304277597,219230.23280311955,1018916.6053255233
2025-04-19T08:10:00.000+0000,1022934.000606639,219230.23280311955,1018191.2262556861
2025-04-19T08:20:00.000+0000,1024230.3866674394,219230.23280311955,1019398.3916194319
2025-04-19T08:30:00.000+0000,1023359.126034,219230.23280311955,1019085.1377675282
2025-04-19T08:40:00.000+0000,1025266.3000731992,219230.23280311955,1021106.5787779291
2025-04-19T08:50:00.000+0000,1024934.3488467991,220191.26636071966,1020839.374968675
2025-04-19T09:00:00.000+0000,1025176.82750856,220191.26636071966,1020881.1079846881
2025-04-19T09:10:00.000+0000,1026874.8781803999,220191.26636071966,1022400.5615012542
2025-04-19T09:20:00.000+0000,1026724.0619299993,235751.6863580796,1022183.3749046812
2025-04-19T09:30:00.000+0000,1025230.3631457592,235751.6863580796,1020695.7876197328
2025-04-19T09:40:00.000+0000,1026872.59770624,235751.6863580796,1022057.7180105718
2025-04-19T09:50:00.000+0000,1025606.0564504797,235751.6863580796,1020927.3258475752
2025-04-19T10:00:00.000+0000,1024951.2095474395,235751.6863580796,1020194.4388863002
2025-04-19T10:10:00.000+0000,1026918.5266336796,251240.80664087954,1021313.9911980804
2025-04-19T10:20:00.000+0000,1025812.5639122394,251240.80664087954,1020675.5607304596
2025-04-19T10:30:00.000+0000,1023788.0264389593,251240.80664087954,1018748.3847098046
2025-04-19T10:40:00.000+0000,1024189.8303384793,251240.80664087954,1019019.4889865152
2025-04-19T10:50:00.000+0000,1023736.50049272,251240.80664087954,1019022.578888119
2025-04-19T11:00:00.000+0000,1024192.4136701592,251240.80664087954,1019366.4957805285
2025-04-19T11:10:00.000+0000,1025440.5823357599,251240.80664087954,1020137.6212879401
2025-04-19T11:20:00.000+0000,1024862.83070712,251240.80664087954,1019302.0137088123
2025-04-19T11:30:00.000+0000,1022470.0148924,251240.80664087954,1017730.4434110958
2025-04-19T11:40:00.000+0000,1022581.04719544,254671.36000087956,1017632.7873422508
2025-04-19T11:50:00.000+0000,1022833.8032287195,256747.35587447934,1017864.5789709673
2025-04-19T12:00:00.000+0000,1023828.6335272794,267304.79516087944,1018972.9184956006
2025-04-19T12:10:00.000+0000,1023602.398660079,277876.70086487936,1019064.707618338
2025-04-19T12:20:00.000+0000,1023687.1809799194,277876.70086487936,1019019.3521463824
2025-04-19T12:30:00.000+0000,1023979.2361487192,309579.9839320792,1019442.2013161588
2025-04-19T12:40:00.000+0000,1022797.4251544792,309593.8468328793,1018202.6849145667
2025-04-19T12:50:00.000+0000,1022967.2379954392,320160.4228040792,1018477.5001736606
2025-04-19T13:00:00.000+0000,1022698.0577120789,320160.4228040792,1017943.4343627351
2025-04-19T13:10:00.000+0000,1024464.2975888796,354760.5595328797,1019842.3163949191
2025-04-19T13:20:00.000+0000,1024705.78964056,354760.5595328797,1020456.10254445
2025-04-19T13:30:00.000+0000,1025287.7790762396,354760.5595328797,1021012.9989871207
2025-04-19T13:40:00.000+0000,1025450.7022333597,354760.5595328797,1021503.7586139545
2025-04-19T13:50:00.000+0000,1025873.2097567193,376561.9724384795,1021806.7894987211
2025-04-19T14:00:00.000+0000,1026203.2443176795,21000.189598479774,1022642.7565411085
2025-04-19T14:10:00.000+0000,1025153.5168639997,21000.189598479774,1022644.104677862
2025-04-19T14:20:00.000+0000,1025634.9660962399,21000.189598479774,1023166.7499280341
2025-04-19T14:30:00.000+0000,1025203.0307211999,29314.288993679686,1022612.9543031973
2025-04-19T14:40:00.000+0000,1025051.9925484799,39927.30977927975,1022391.3496449514
2025-04-19T14:50:00.000+0000,1025463.8640874396,39927.30977927975,1022792.8230674353
2025-04-19T15:00:00.000+0000,1025271.8748018399,50544.89890727971,1022888.0342254305
2025-04-19T15:10:00.000+0000,1025605.8108391201,61166.294987279805,1022897.2197635605
2025-04-19T15:20:00.000+0000,1027705.3374730397,61166.294987279805,1024896.260356508
2025-04-19T15:30:00.000+0000,1024866.2093940004,82505.78372807999,1021494.6072971493
2025-04-19T15:40:00.000+0000,1022801.51087528,149254.13789160037,1019308.9260497878
2025-04-19T15:50:00.000+0000,1023778.0615092802,149254.13789160037,1020362.1475378391
2025-04-19T16:00:00.000+0000,1025156.6405630405,149254.13789160037,1021612.668032225
2025-04-19T16:10:00.000+0000,1024308.6085318406,149254.13789160037,1020692.7911887576
2025-04-19T16:20:00.000+0000,1022963.3133296806,149254.13789160037,1019103.5874848128
2025-04-19T16:30:00.000+0000,1021300.8889340005,182525.86559848036,1017512.4416386606
2025-04-19T16:40:00.000+0000,1019269.8804416804,193045.99675528047,1014986.3001972924
2025-04-19T16:50:00.000+0000,1019126.5761768803,243382.83504328036,1014874.5430593549
2025-04-19T17:00:00.000+0000,1019692.3132248805,243382.83504328036,1015633.1742017632
2025-04-19T17:10:00.000+0000,1019630.2541119205,264407.8695488804,1015553.286834806
2025-04-19T17:20:00.000+0000,1021509.6228132003,264407.8695488804,1017597.1713534035
2025-04-19T17:30:00.000+0000,1022949.1260885603,285522.74812168034,1019396.4199783491
2025-04-19T17:40:00.000+0000,1026838.0978100003,308974.43514072034,1022419.2706474075
2025-04-19T17:50:00.000+0000,1025505.3021002406,330088.55232312053,1020568.4800751265
2025-04-19T18:00:00.000+0000,1027375.3938290405,330088.55232312053,1022897.8842019876
2025-04-19T18:10:00.000+0000,1028277.5117568807,330379.78684896044,1023152.6221269248
2025-04-19T18:20:00.000+0000,1027773.3727909606,334102.34691656055,1022720.6825019293
2025-04-19T18:30:00.000+0000,1028006.0057356006,334134.6488543205,1023046.7813713565
2025-04-19T18:40:00.000+0000,1026907.3961269604,334134.6488543205,1021804.4251885171
2025-04-19T18:50:00.000+0000,1026484.5452784805,335361.9022655204,1021649.961800121
2025-04-19T19:00:00.000+0000,1025648.3217928805,335361.9022655204,1020645.9691807212
2025-04-19T19:10:00.000+0000,1026392.5711167206,335361.9022655204,1020924.7061262566
2025-04-19T19:20:00.000+0000,1026316.7829957607,335361.9022655204,1020862.9633423866
2025-04-19T19:30:00.000+0000,1027081.3668389604,335361.9022655204,1021392.7842112298
2025-04-19T19:40:00.000+0000,1027414.4859303206,335361.9022655204,1022091.1873369156
2025-04-19T19:50:00.000+0000,1026882.2814348002,335361.9022655204,1021402.6253974992
2025-04-19T20:00:00.000+0000,1025999.9094975205,335361.9022655204,1020300.3779221369
2025-04-19T20:10:00.000+0000,1025712.1297056803,335361.9022655204,1020357.5007464493
2025-04-19T20:20:00.000+0000,1025898.1955338405,335361.9022655204,1020683.929101869
2025-04-19T20:30:00.000+0000,1026645.2661988004,335361.9022655204,1021850.0972638573
2025-04-19T20:40:00.000+0000,1027384.5421045606,335361.9022655204,1023245.3476003048
2025-04-19T20:50:00.000+0000,1027254.3933069604,335361.9022655204,1022238.2878906527
2025-04-19T21:00:00.000+0000,1027265.2490154407,335361.9022655204,1022189.1269623127
2025-04-19T21:10:00.000+0000,1028069.2467023204,335361.9022655204,1023524.7300782299
2025-04-19T21:20:00.000+0000,1028443.3361911206,335361.9022655204,1023835.8466335183
2025-04-19T21:30:00.000+0000,1027643.6412592804,335361.9022655204,1022986.0852685182
2025-04-19T21:40:00.000+0000,1028059.4905135205,335361.9022655204,1023839.8268212411
2025-04-19T21:50:00.000+0000,1029112.1249317604,335361.9022655204,1024676.0392981065
2025-04-19T22:00:00.000+0000,1028424.8695762404,335361.9022655204,1023693.0206445007
2025-04-19T22:10:00.000+0000,1028423.8573866404,335361.9022655204,1023641.8061449409
2025-04-19T22:20:00.000+0000,1027956.0215549606,335361.9022655204,1023160.7777719446
2025-04-19T22:30:00.000+0000,1028038.4875293605,335361.9022655204,1023440.0292181849
2025-04-19T22:40:00.000+0000,1028922.7949170404,335361.9022655204,1024374.9818230079
2025-04-19T22:50:00.000+0000,1029074.7324696804,335361.9022655204,1024491.8591765668
2025-04-19T23:00:00.000+0000,1029146.7779871204,335361.9022655204,1024814.5315882675
2025-04-19T23:10:00.000+0000,1028230.2050325606,335361.9022655204,1023614.8556358563
2025-04-19T23:20:00.000+0000,1027602.9588312805,335361.9022655204,1022935.2981292016
2025-04-19T23:30:00.000+0000,1027550.3059872806,335361.9022655204,1023069.824956864
2025-04-19T23:40:00.000+0000,1028160.5525991205,335361.9022655204,1023964.1036155706
2025-04-19T23:50:00.000+0000,1028018.3414591204,335361.9022655204,1024038.381183579
2025-04-20T00:00:00.000+0000,1026821.4763178405,335361.9022655204,1022781.5774860786
2025-04-20T00:10:00.000+0000,1028546.2597863204,335361.9022655204,1025513.2703350473
2025-04-20T00:20:00.000+0000,1028754.0322352804,335361.9022655204,1025930.7096373816
2025-04-20T00:30:00.000+0000,1028049.8448362405,335361.9022655204,1025420.1508988568
2025-04-20T00:40:00.000+0000,1027911.8986815204,335361.9022655204,1025429.6714486359
2025-04-20T00:50:00.000+0000,1027414.9863296804,335361.9022655204,1025125.7952390863
2025-04-20T01:00:00.000+0000,1027236.6922791204,335361.9022655204,1024848.0300793077
2025-04-20T01:10:00.000+0000,1029788.6506778405,335361.9022655204,1027935.1271512887
2025-04-20T01:20:00.000+0000,1030095.7286188004,335361.9022655204,1028581.7503393028
2025-04-20T01:30:00.000+0000,1029284.7866917604,335361.9022655204,1027808.1185657119
2025-04-20T01:40:00.000+0000,1030594.2728640803,335361.9022655204,1029602.6026640345
2025-04-20T01:50:00.000+0000,1031419.0930796005,335361.9022655204,1030718.8963577077
2025-04-20T02:00:00.000+0000,1030284.2310960806,335361.9022655204,1029634.7787356441
2025-04-20T02:10:00.000+0000,1029901.6566007202,335361.9022655204,1029308.9775955704
2025-04-20T02:20:00.000+0000,1029444.1880685607,335361.9022655204,1028473.8439064411
2025-04-20T02:30:00.000+0000,1029816.0995012004,335361.9022655204,1029006.2054697104
2025-04-20T02:40:00.000+0000,1031211.1026052004,335361.9022655204,1029922.1024561387
2025-04-20T02:50:00.000+0000,1030673.7120618406,335361.9022655204,1029240.1350039518
2025-04-20T03:00:00.000+0000,1029438.6323167206,335361.9022655204,1027866.03734582
2025-04-20T03:10:00.000+0000,1029369.7404743205,335361.9022655204,1027446.080908969
2025-04-20T03:20:00.000+0000,1028939.7623322404,335361.9022655204,1026894.4074723823
2025-04-20T03:30:00.000+0000,1028344.6601951206,335361.9022655204,1025890.5412466819
2025-04-20T03:40:00.000+0000,1028284.8414884005,335361.9022655204,1025926.1125849609
2025-04-20T03:50:00.000+0000,1028826.8877042405,335361.9022655204,1026531.2296680089
2025-04-20T04:00:00.000+0000,1028957.4223928805,335361.9022655204,1026167.1993056624
2025-04-20T04:10:00.000+0000,1029136.0963392806,335361.9022655204,1026522.775775946
2025-04-20T04:20:00.000+0000,1029786.9054751205,335361.9022655204,1027288.9239227038
2025-04-20T04:30:00.000+0000,1030628.4239213604,335361.9022655204,1028066.054593205
2025-04-20T04:40:00.000+0000,1031290.4736575205,335361.9022655204,1028959.5809045483
2025-04-20T04:50:00.000+0000,1030671.9644610405,335361.9022655204,1028276.9095144763
2025-04-20T05:00:00.000+0000,1029703.4245133604,335361.9022655204,1027174.090701334
2025-04-20T05:10:00.000+0000,1030027.4612764005,335361.9022655204,1027062.6997746972
2025-04-20T05:20:00.000+0000,1030681.8789231204,335361.9022655204,1027597.6787309857
2025-04-20T05:30:00.000+0000,1029654.0844170405,335361.9022655204,1026893.180371296
2025-04-20T05:40:00.000+0000,1029831.1132805604,335361.9022655204,1026963.8930924069
2025-04-20T05:50:00.000+0000,1028466.9852567206,335361.9022655204,1025924.8189249774
2025-04-20T06:00:00.000+0000,1028196.0829520804,335361.9022655204,1025612.920303904
2025-04-20T06:10:00.000+0000,1028408.6435674404,335361.9022655204,1026158.1930216898
2025-04-20T06:20:00.000+0000,1027477.9023565605,335361.9022655204,1025048.9146384005
2025-04-20T06:30:00.000+0000,1027736.7293292005,335361.9022655204,1025019.6085602036
2025-04-20T06:40:00.000+0000,1025055.6195343205,335361.9022655204,1021479.2240111225
2025-04-20T06:50:00.000+0000,1025424.5885228005,356762.7438847205,1022228.9467631897
2025-04-20T07:00:00.000+0000,1024013.7189221606,356762.7438847205,1019720.940437367
2025-04-20T07:10:00.000+0000,1021905.1339407205,356762.7438847205,1017224.5790707662
2025-04-20T07:20:00.000+0000,1021239.3182041601,33.976172480296015,1016611.3266460362
2025-04-20T07:30:00.000+0000,1020549.4340533599,36071.6854224802,1016711.8237863223
2025-04-20T07:40:00.000+0000,1021229.4834782406,100208.23909928004,1017206.2130829069
2025-04-20T07:50:00.000+0000,1022114.7472002408,121599.88008488013,1018285.9804444958
2025-04-20T08:00:00.000+0000,1021317.3119591998,121599.88008488013,1017030.7565240017
2025-04-20T08:10:00.000+0000,1021615.90978968,121599.88008488013,1017522.3207691277
2025-04-20T08:20:00.000+0000,1021085.7405646406,224143.42976472012,1017440.944122547
2025-04-20T08:30:00.000+0000,1020873.2332066403,224143.42976472012,1017191.1341892761
2025-04-20T08:40:00.000+0000,1020581.8066345606,231833.25697752016,1016647.8816697586
2025-04-20T08:50:00.000+0000,1019820.0675137606,231833.25697752016,1014190.4665568753
2025-04-20T09:00:00.000+0000,1019669.2269828003,233355.80756184013,1014720.5854618091
2025-04-20T09:10:00.000+0000,1019540.7623368008,233355.80756184013,1015758.5598813621
2025-04-20T09:20:00.000+0000,1019248.9704572,233355.80756184013,1016210.2217324493
2025-04-20T09:30:00.000+0000,1018622.6314296005,233355.80756184013,1015522.7955375758
2025-04-20T09:40:00.000+0000,1017784.2382306402,10449.087561840177,1014634.2212476046
2025-04-20T09:50:00.000+0000,1017856.6203785602,10449.087561840177,1014495.5785146562
2025-04-20T10:00:00.000+0000,1017951.2674003205,10449.087561840177,1014906.4928863846
2025-04-20T10:10:00.000+0000,1017210.1559641602,10449.087561840177,1015420.4813198254
2025-04-20T10:20:00.000+0000,1017286.8935249601,10449.087561840177,1015422.1662715464
2025-04-20T10:30:00.000+0000,1017345.2367130404,10449.087561840177,1014906.2325590583
2025-04-20T10:40:00.000+0000,1015640.6617648005,10449.087561840177,1009829.553566325
2025-04-20T10:50:00.000+0000,1014542.8811923997,37340.236718399945,1006785.4376434227
2025-04-20T11:00:00.000+0000,1014929.6419256801,1207.2782183999414,1007748.1062181697
2025-04-20T11:10:00.000+0000,1015190.2332856802,1207.2782183999414,1007953.6895169574
2025-04-20T11:20:00.000+0000,1015654.0649232799,1207.2782183999414,1004433.2213364085
2025-04-20T11:30:00.000+0000,1015670.9327182402,1207.2782183999414,1002912.3730769295
2025-04-20T11:40:00.000+0000,1016769.3758601603,1207.2782183999414,1000442.2284718851
2025-04-20T11:50:00.000+0000,1016806.3229788002,1207.2782183999414,1001095.9428724255
2025-04-20T12:00:00.000+0000,1018154.2683591206,1207.2782183999414,1002592.8116421398
2025-04-20T12:10:00.000+0000,1019008.8160735996,1207.2782183999414,1004972.2706619356
2025-04-20T12:20:00.000+0000,1019663.8833002398,1207.2782183999414,1005827.9782668403
2025-04-20T12:30:00.000+0000,1019905.9169183199,1207.2782183999414,1006485.033107215
2025-04-20T12:40:00.000+0000,1018680.2432423204,1207.2782183999414,1006483.9890977908
2025-04-20T12:50:00.000+0000,1018618.2924426396,1207.2782183999414,1006018.0440933516
2025-04-20T13:00:00.000+0000,1018634.5705097603,1207.2782183999414,1005340.0706710052
2025-04-20T13:10:00.000+0000,1017733.0023417597,1207.2782183999414,1003488.5536562247
2025-04-20T13:20:00.000+0000,1018227.6482082397,1207.2782183999414,1004775.0543690291
2025-04-20T13:30:00.000+0000,1018169.1977060802,1207.2782183999414,1005799.1653312496
2025-04-20T13:40:00.000+0000,1019171.0351943998,1207.2782183999414,1006913.3773949211
2025-04-20T13:50:00.000+0000,1018827.0091356006,1207.2782183999414,1006724.2769128629
2025-04-20T14:00:00.000+0000,1018477.7873367198,1207.2782183999414,1006243.8491303022
2025-04-20T14:10:00.000+0000,1019912.8918339199,1207.2782183999414,1008681.5095990873
2025-04-20T14:20:00.000+0000,1020043.6650316,1207.2782183999414,1007637.003500887
2025-04-20T14:30:00.000+0000,1020900.5899427999,1207.2782183999414,1009264.5526811085
2025-04-20T14:40:00.000+0000,1020649.3558909595,1207.2782183999414,1008553.984800708
2025-04-20T14:50:00.000+0000,1021063.3657179202,1207.2782183999414,1009032.5203710664
2025-04-20T15:00:00.000+0000,1019817.555079904,432.2451367999271,1007272.139713444
2025-04-20T15:10:00.000+0000,1019341.93715888,28130.472813599958,1006665.0217759558
2025-04-20T15:20:00.000+0000,1018724.3745245438,28130.472813599958,1004760.9920788131
2025-04-20T15:30:00.000+0000,1018996.3237309925,28130.472813599958,1005253.7070092233
2025-04-20T15:40:00.000+0000,1019284.8202889601,28130.472813599958,1004862.1710697098
2025-04-20T15:50:00.000+0000,1018859.8926832161,28130.472813599958,1002142.4669345419
2025-04-20T16:00:00.000+0000,1018668.568245312,28130.472813599958,1002457.5743349381
2025-04-20T16:10:00.000+0000,1019723.2304200475,28130.472813599958,1004707.1245875253
2025-04-20T16:20:00.000+0000,1020655.041254544,28130.472813599958,1005981.5386210579
2025-04-20T16:30:00.000+0000,1020888.2780357274,28130.472813599958,1005014.0245810673
2025-04-20T16:40:00.000+0000,1020443.8395711684,28130.472813599958,1006374.381875667
2025-04-20T16:50:00.000+0000,1021105.1560943684,28130.472813599958,1007457.8120450594
2025-04-20T17:00:00.000+0000,1021180.6238718085,28130.472813599958,1006280.0402067094
2025-04-20T17:10:00.000+0000,1020539.1066764636,28130.472813599958,1005615.5914318394
2025-04-20T17:20:00.000+0000,1020465.5217315524,28130.472813599958,1005511.5741562764
2025-04-20T17:30:00.000+0000,1020710.4151399676,28130.472813599958,1004873.3419320107
2025-04-20T17:40:00.000+0000,1021006.1677684311,28130.472813599958,1005711.8828308238
2025-04-20T17:50:00.000+0000,1021535.7232448633,28130.472813599958,1006444.963867265
2025-04-20T18:00:00.000+0000,1021110.4864466726,28130.472813599958,1005894.6412823675
2025-04-20T18:10:00.000+0000,1020408.1673917607,28130.472813599958,1007041.3638483641
2025-04-20T18:20:00.000+0000,1020152.4629990564,29637.991033439957,1007026.3421897667
2025-04-20T18:30:00.000+0000,1019933.7670958559,29637.991033439957,1005688.4855471766
2025-04-20T18:40:00.000+0000,1019694.209435424,29637.991033439957,1005448.1046874102
2025-04-20T18:50:00.000+0000,1020219.5279241602,29637.991033439957,1006691.4120265497
2025-04-20T19:00:00.000+0000,1020608.35751144,29637.991033439957,1006468.6261641169
2025-04-20T19:10:00.000+0000,1020582.544158656,29637.991033439957,1006263.0946944376
2025-04-20T19:20:00.000+0000,1020260.6596124639,29637.991033439957,1007277.757263272
2025-04-20T19:30:00.000+0000,1020340.891335696,29637.991033439957,1007605.3755572136
2025-04-20T19:40:00.000+0000,1020704.0520944804,33223.04629295995,1008236.2141297746
2025-04-20T19:50:00.000+0000,1021690.7283215204,33223.04629295995,1009465.8988799133
2025-04-20T20:00:00.000+0000,1021442.6368535993,33223.04629295995,1009502.6361509548
2025-04-20T20:10:00.000+0000,1023775.798629761,33223.04629295995,1012940.2111338386
2025-04-20T20:20:00.000+0000,1025497.4993663996,33223.04629295995,1015258.8462950638
2025-04-20T20:30:00.000+0000,1025257.1395082405,33223.04629295995,1013313.0069072614
2025-04-20T20:40:00.000+0000,1025187.2837376007,33223.04629295995,1013696.82715322
2025-04-20T20:50:00.000+0000,1025018.7059078405,33223.04629295995,1011730.974951941
2025-04-20T21:00:00.000+0000,1024523.3168364,33223.04629295995,1010779.0394852764
2025-04-20T21:10:00.000+0000,1024447.9196024803,33223.04629295995,1010282.9895688498
2025-04-20T21:20:00.000+0000,1023937.5433304001,33223.04629295995,1010129.4001683639
2025-04-20T21:30:00.000+0000,1024296.7145633606,33223.04629295995,1011599.4040683093
2025-04-20T21:40:00.000+0000,1024998.7376951999,33223.04629295995,1012351.0131329112
2025-04-20T21:50:00.000+0000,1024128.7120729599,33223.04629295995,1012624.9334245727
2025-04-20T22:00:00.000+0000,1022839.4866790402,33223.04629295995,1009016.4002889842
2025-04-20T22:10:00.000+0000,1022667.6633477603,33223.04629295995,1008669.119675592
2025-04-20T22:20:00.000+0000,1021276.96140008,33223.04629295995,1006017.0187812047
2025-04-20T22:30:00.000+0000,1021142.2933208,33223.04629295995,1007341.0061146871
2025-04-20T22:40:00.000+0000,1021778.6157552794,33223.04629295995,1008412.9196809054
2025-04-20T22:50:00.000+0000,1022208.3794690398,33223.04629295995,1008191.513711865
2025-04-20T23:00:00.000+0000,1023319.7537577602,33223.04629295995,1010220.078909786
2025-04-20T23:10:00.000+0000,1023664.2007795197,33223.04629295995,1011653.1586533855
2025-04-20T23:20:00.000+0000,1024074.2675634404,33223.04629295995,1011959.5753178982
2025-04-20T23:30:00.000+0000,1023628.2959263996,33223.04629295995,1011574.2940095926
2025-04-20T23:40:00.000+0000,1023810.3493670395,33223.04629295995,1011368.6735676224
2025-04-20T23:50:00.000+0000,1024047.3328284799,33223.04629295995,1013027.0469170336
2025-04-21T00:00:00.000+0000,1024513.3945805597,33223.04629295995,1013642.5944819801
2025-04-21T00:10:00.000+0000,1024758.0179251995,33223.04629295995,1018835.6392340742
2025-04-21T00:20:00.000+0000,1026700.5830288802,33223.04629295995,1020479.515723783
2025-04-21T00:30:00.000+0000,1031092.8658892806,33223.04629295995,1031862.9111420654
2025-04-21T00:40:00.000+0000,1032620.5999235201,33223.04629295995,1034068.802534641
2025-04-21T00:50:00.000+0000,1035117.9997040799,33223.04629295995,1033218.8289598715
2025-04-21T01:00:00.000+0000,1038090.0581536794,33223.04629295995,1035617.8804551382
2025-04-21T01:10:00.000+0000,1037874.3886274397,33223.04629295995,1033081.4852209926
2025-04-21T01:20:00.000+0000,1037980.9102419197,33223.04629295995,1033412.9154126225
2025-04-21T01:30:00.000+0000,1039564.6744161597,33223.04629295995,1035689.6881664086
2025-04-21T01:40:00.000+0000,1040372.5917648004,33223.04629295995,1038134.1046730115
2025-04-21T01:50:00.000+0000,1042184.5671239201,33223.04629295995,1039389.3783644809
2025-04-21T02:00:00.000+0000,1042282.1993556004,33223.04629295995,1038932.0619834429
2025-04-21T02:10:00.000+0000,1042583.0140111996,33223.04629295995,1039654.3249919983
2025-04-21T02:20:00.000+0000,1044459.6991610393,33223.04629295995,1040932.1414820619
2025-04-21T02:30:00.000+0000,1044055.0073736801,33223.04629295995,1037323.2093991077
2025-04-21T02:40:00.000+0000,1043702.9489459196,33223.04629295995,1035313.4363941784
2025-04-21T02:50:00.000+0000,1044148.6448037596,33223.04629295995,1037937.6163705732
2025-04-21T03:00:00.000+0000,1045265.1716671194,33223.04629295995,1038620.4799606544
2025-04-21T03:10:00.000+0000,1046539.5154758409,33223.04629295995,1037806.304806865
2025-04-21T03:20:00.000+0000,1046371.6700596802,33223.04629295995,1036398.8320063083
2025-04-21T03:30:00.000+0000,1045683.0281143206,33223.04629295995,1037003.9169387894
2025-04-21T03:40:00.000+0000,1045647.4123297601,33223.04629295995,1036977.701841438
2025-04-21T03:50:00.000+0000,1045081.3380517602,33223.04629295995,1035632.6033040707
2025-04-21T04:00:00.000+0000,1045778.8837684003,33223.04629295995,1037051.553948307
2025-04-21T04:10:00.000+0000,1045268.67116528,33223.04629295995,1035741.9519018368
2025-04-21T04:20:00.000+0000,1044490.2614915994,33223.04629295995,1036250.2975852813
2025-04-21T04:30:00.000+0000,1044028.9995965604,33223.04629295995,1035306.8940188482
2025-04-21T04:40:00.000+0000,1045683.4886456003,33223.04629295995,1037733.395966304
2025-04-21T04:50:00.000+0000,1045780.9963769605,33223.04629295995,1040255.157505179
2025-04-21T05:00:00.000+0000,1046040.1548841606,33223.04629295995,1040941.9113318005
2025-04-21T05:10:00.000+0000,1045791.33559896,33223.04629295995,1040944.0713918747
2025-04-21T05:20:00.000+0000,1046178.1160268798,33223.04629295995,1042105.0391002861
2025-04-21T05:30:00.000+0000,1046099.1630398402,33223.04629295995,1041722.7119999671
2025-04-21T05:40:00.000+0000,1046433.5673022394,33223.04629295995,1042375.7715009262
2025-04-21T05:50:00.000+0000,1047618.6585701603,33223.04629295995,1043911.8653796808
2025-04-21T06:00:00.000+0000,1048747.0847064806,33223.04629295995,1043888.574724001
2025-04-21T06:10:00.000+0000,1048776.2217781602,33223.04629295995,1044170.8275020763
2025-04-21T06:20:00.000+0000,1049021.4690232803,33223.04629295995,1044477.9834723148
2025-04-21T06:30:00.000+0000,1048114.3820738402,33223.04629295995,1043134.5368444009
2025-04-21T06:40:00.000+0000,1048406.0179783199,33223.04629295995,1042648.6225391328
2025-04-21T06:50:00.000+0000,1049826.05733728,33223.04629295995,1043736.3335514892
2025-04-21T07:00:00.000+0000,1050833.6039546398,33223.04629295995,1044219.3835999531
2025-04-21T07:10:00.000+0000,1050281.5571456796,33223.04629295995,1041684.6427074051
2025-04-21T07:20:00.000+0000,1049672.921544,33223.04629295995,1040856.3296007207
2025-04-21T07:30:00.000+0000,1050196.9119160806,33223.04629295995,1041586.5042491248
2025-04-21T07:40:00.000+0000,1050467.00087192,33223.04629295995,1042784.1571207079
2025-04-21T07:50:00.000+0000,1049891.28691184,33223.04629295995,1041442.1381582429
2025-04-21T08:00:00.000+0000,1050257.9584397592,33223.04629295995,1041820.8913272637
2025-04-21T08:10:00.000+0000,1050418.8624135202,33223.04629295995,1040764.9722082373
2025-04-21T08:20:00.000+0000,1050407.1746712003,33223.04629295995,1041813.6779325542
2025-04-21T08:30:00.000+0000,1051368.4247554396,33223.04629295995,1042503.1136683105
2025-04-21T08:40:00.000+0000,1051125.82579,33223.04629295995,1041893.6507997141
2025-04-21T08:50:00.000+0000,1052152.3175391199,33223.04629295995,1043263.449273892
2025-04-21T09:00:00.000+0000,1053210.5405828801,33223.04629295995,1044439.3849212832
2025-04-21T09:10:00.000+0000,1051729.3334972798,33223.04629295995,1040548.2790324967
2025-04-21T09:20:00.000+0000,1051174.7698034407,33223.04629295995,1040386.5204755568
2025-04-21T09:30:00.000+0000,1050973.79840928,33223.04629295995,1038534.3848121415
2025-04-21T09:40:00.000+0000,1051574.9275209596,33223.04629295995,1039538.8152097065
2025-04-21T09:50:00.000+0000,1052360.8775575205,33223.04629295995,1040461.9785818199
2025-04-21T10:00:00.000+0000,1051648.76100688,33223.04629295995,1039020.6324648533
2025-04-21T10:10:00.000+0000,1051432.8529716004,33223.04629295995,1038944.1070395068
2025-04-21T10:20:00.000+0000,1050820.73086136,33223.04629295995,1036653.7997727448
2025-04-21T10:30:00.000+0000,1050492.67611528,33223.04629295995,1035393.2261696763
2025-04-21T10:40:00.000+0000,1050958.8292941598,33223.04629295995,1036126.8038162473
2025-04-21T10:50:00.000+0000,1051499.7239320003,33223.04629295995,1037430.7766241555
2025-04-21T11:00:00.000+0000,1050339.4121246403,33223.04629295995,1037009.9359924239
2025-04-21T11:10:00.000+0000,1047691.0995709596,33223.04629295995,1031594.0757837712
2025-04-21T11:20:00.000+0000,1046037.1613808793,33223.04629295995,1028663.5269628131
2025-04-21T11:30:00.000+0000,1046349.2795863996,33223.04629295995,1030432.4851912621
2025-04-21T11:40:00.000+0000,1046564.4495126398,33223.04629295995,1031818.7237420265
2025-04-21T11:50:00.000+0000,1046968.2399216796,33223.04629295995,1031618.5995838832
2025-04-21T12:00:00.000+0000,1047864.2882091203,33223.04629295995,1032560.3891320692
2025-04-21T12:10:00.000+0000,1051144.8500584,33223.04629295995,1034525.8092632804
2025-04-21T12:20:00.000+0000,1051721.0910964801,33223.04629295995,1033790.0791684012
2025-04-21T12:30:00.000+0000,1051333.59164424,33223.04629295995,1033110.8422024513
2025-04-21T12:40:00.000+0000,1050121.2170204807,33223.04629295995,1031817.5665344698
2025-04-21T12:50:00.000+0000,1049384.92152848,33223.04629295995,1030386.3352794733
2025-04-21T13:00:00.000+0000,1047501.4930775999,33223.04629295995,1027401.5997646085
2025-04-21T13:10:00.000+0000,1047350.77954496,33223.04629295995,1027400.6613278566
2025-04-21T13:20:00.000+0000,1048166.7181714401,33223.04629295995,1028102.0969045958
2025-04-21T13:30:00.000+0000,1049629.22393008,33223.04629295995,1028065.9291634515
2025-04-21T13:40:00.000+0000,1050921.9186463202,33223.04629295995,1029930.4391065831
2025-04-21T13:50:00.000+0000,1048520.9435642397,33223.04629295995,1025018.7544581636
2025-04-21T14:00:00.000+0000,1048116.44352336,33223.04629295995,1023203.5820173267
2025-04-21T14:10:00.000+0000,1051707.9978794404,33223.04629295995,1028779.8752465653
2025-04-21T14:20:00.000+0000,1055389.2607112795,33223.04629295995,1035345.0464398046
2025-04-21T14:30:00.000+0000,1056701.55993136,33223.04629295995,1038937.856550168
2025-04-21T14:40:00.000+0000,1052732.7304370396,33223.04629295995,1035128.3061687262
2025-04-21T14:50:00.000+0000,1052879.4636564797,33223.04629295995,1035166.1823690434
2025-04-21T15:00:00.000+0000,1054235.3516776005,33223.04629295995,1034855.3877792018
2025-04-21T15:10:00.000+0000,1054317.7741867993,33223.04629295995,1033444.4269740186
2025-04-21T15:20:00.000+0000,1056126.20048744,33223.04629295995,1036481.1120261649
2025-04-21T15:30:00.000+0000,1056079.69741968,33223.04629295995,1035880.0126959262
2025-04-21T15:40:00.000+0000,1055253.1286041604,33223.04629295995,1032841.439432142
2025-04-21T15:50:00.000+0000,1054993.6745336002,33223.04629295995,1032944.011008003
2025-04-21T16:00:00.000+0000,1055094.9840211198,33223.04629295995,1031761.0882241766
2025-04-21T16:10:00.000+0000,1055022.3409820802,33223.04629295995,1033005.2720312637
2025-04-21T16:20:00.000+0000,1053124.4016492001,33223.04629295995,1028033.0169490944
2025-04-21T16:30:00.000+0000,1052967.2671574398,33223.04629295995,1028304.9831030768
2025-04-21T16:40:00.000+0000,1050033.2090831997,33223.04629295995,1023767.2348740187
2025-04-21T16:50:00.000+0000,1046966.4146830398,33223.04629295995,1016311.7431903298
2025-04-21T17:00:00.000+0000,1041283.4276127198,33223.04629295995,1007009.3865866328
2025-04-21T17:10:00.000+0000,1043786.8810464803,33223.04629295995,1010330.6873537047
2025-04-21T17:20:00.000+0000,1045662.1393387195,33223.04629295995,1011316.6009614283
2025-04-21T17:30:00.000+0000,1046409.9733924798,33223.04629295995,1012608.7004417847
2025-04-21T17:40:00.000+0000,1045737.5541585598,33223.04629295995,1011869.9378719057
2025-04-21T17:50:00.000+0000,1044283.8055885605,33223.04629295995,1009558.8071585409
2025-04-21T18:00:00.000+0000,1044084.3782581601,33223.04629295995,1009550.3712528382
2025-04-21T18:10:00.000+0000,1044818.2418972007,33223.04629295995,1010855.3349554329
2025-04-21T18:20:00.000+0000,1044798.52288504,33223.04629295995,1009440.3723216376
2025-04-21T18:30:00.000+0000,1045303.1516587997,33223.04629295995,1009881.6573386043
2025-04-21T18:40:00.000+0000,1044956.0991231196,33223.04629295995,1011041.2158856164
2025-04-21T18:50:00.000+0000,1043770.5221440804,33223.04629295995,1009932.3642730415
2025-04-21T19:00:00.000+0000,1043528.4104884802,33223.04629295995,1009649.411144336
2025-04-21T19:10:00.000+0000,1046017.8289592003,33223.04629295995,1013751.380990902
2025-04-21T19:20:00.000+0000,1047601.50340528,33223.04629295995,1015947.488623812
2025-04-21T19:30:00.000+0000,1048283.4319256805,33223.04629295995,1017013.0283116568
2025-04-21T19:40:00.000+0000,1047557.5656835999,33223.04629295995,1016014.3044800732
2025-04-21T19:50:00.000+0000,1047579.3062772006,33223.04629295995,1016687.9260735251
2025-04-21T20:00:00.000+0000,1047571.7820014398,33223.04629295995,1016144.1740658828
2025-04-21T20:10:00.000+0000,1047030.1901218395,33223.04629295995,1016086.8887839296
2025-04-21T20:20:00.000+0000,1046813.2741935194,33223.04629295995,1015620.9796803719
2025-04-21T20:30:00.000+0000,1046897.29352424,33223.04629295995,1015823.6382307505
2025-04-21T20:40:00.000+0000,1046893.0701056798,33223.04629295995,1016663.28176
2025-04-21T20:50:00.000+0000,1047297.44025056,33223.04629295995,1017614.9796388508
2025-04-21T21:00:00.000+0000,1047363.4562954394,33223.04629295995,1016314.5288892696
2025-04-21T21:10:00.000+0000,1047675.0849928802,33223.04629295995,1016359.9882263646
2025-04-21T21:20:00.000+0000,1047737.49672352,33223.04629295995,1015415.9133184631
2025-04-21T21:30:00.000+0000,1046550.9233422396,33223.04629295995,1014544.7302374323
2025-04-21T21:40:00.000+0000,1047781.8214353598,33223.04629295995,1016573.8185985542
2025-04-21T21:50:00.000+0000,1048469.0617029598,33223.04629295995,1017988.7676011841
2025-04-21T22:00:00.000+0000,1046031.6737744804,33223.04629295995,1014452.7198250898
2025-04-21T22:10:00.000+0000,1045840.3821303201,33223.04629295995,1013597.4153591513
2025-04-21T22:20:00.000+0000,1046290.7940123194,33223.04629295995,1014105.273799658
2025-04-21T22:30:00.000+0000,1046411.195114319,33223.04629295995,1014616.181909639
2025-04-21T22:40:00.000+0000,1047006.26217952,33223.04629295995,1015586.3268540832
2025-04-21T22:50:00.000+0000,1047046.6147716,33223.04629295995,1015158.8776535409
2025-04-21T23:00:00.000+0000,1046782.2750127199,33223.04629295995,1012971.0730149262
2025-04-21T23:10:00.000+0000,1047357.1344569603,33223.04629295995,1013860.6897937941
2025-04-21T23:20:00.000+0000,1048192.5137184801,33223.04629295995,1015155.0636891249
2025-04-21T23:30:00.000+0000,1047110.6663892799,33223.04629295995,1014507.3488347969
2025-04-21T23:40:00.000+0000,1047336.4095501597,33223.04629295995,1014624.2558588855
2025-04-21T23:50:00.000+0000,1048925.6788167995,33223.04629295995,1018104.3553625983
2025-04-22T00:00:00.000+0000,1049364.9956819199,33223.04629295995,1018007.1305348291
2025-04-22T00:10:00.000+0000,1048619.6134651192,33223.04629295995,1016347.0020721932
2025-04-22T00:20:00.000+0000,1049628.15878288,33223.04629295995,1017844.0310743253
2025-04-22T00:30:00.000+0000,1045731.8136546398,33223.04629295995,1005985.0577205939
2025-04-22T00:40:00.000+0000,1047054.6876081605,33223.04629295995,1010293.7242256082
2025-04-22T00:50:00.000+0000,1048272.0262575196,33223.04629295995,1013772.068803102
2025-04-22T01:00:00.000+0000,1048894.9314344,33223.04629295995,1016512.2292904663
2025-04-22T01:10:00.000+0000,1051311.84275728,33223.04629295995,1020006.6055541198
2025-04-22T01:20:00.000+0000,1056554.13596496,33223.04629295995,1026185.0221657183
2025-04-22T01:30:00.000+0000,1056307.6832849598,33223.04629295995,1026905.0144816376
2025-04-22T01:40:00.000+0000,1056489.26350448,33223.04629295995,1027753.6813741676
2025-04-22T01:50:00.000+0000,1057313.4214502396,33223.04629295995,1030179.843671989
2025-04-22T02:00:00.000+0000,1058442.4030418398,33223.04629295995,1031056.5015436653
2025-04-22T02:10:00.000+0000,1055724.8569193596,33223.04629295995,1026023.45227802
2025-04-22T02:20:00.000+0000,1053890.3067345603,33223.04629295995,1024370.9930184812
2025-04-22T02:30:00.000+0000,1053596.9053435999,33223.04629295995,1023613.9064482984
2025-04-22T02:40:00.000+0000,1052465.2922588803,33223.04629295995,1024079.6747590515
2025-04-22T02:50:00.000+0000,1053711.8857856,33223.04629295995,1025842.129737082
2025-04-22T03:00:00.000+0000,1052124.2076450407,33223.04629295995,1025354.2480940032
2025-04-22T03:10:00.000+0000,1050511.4710672796,33223.04629295995,1023968.859645121
2025-04-22T03:20:00.000+0000,1052050.8783554395,33223.04629295995,1027333.1934143265
2025-04-22T03:30:00.000+0000,1052249.9483719198,33223.04629295995,1027309.156382791
2025-04-22T03:40:00.000+0000,1053378.7325215996,33223.04629295995,1028023.5333022659
2025-04-22T03:50:00.000+0000,1052468.965418,33223.04629295995,1027566.6777023152
2025-04-22T04:00:00.000+0000,1053608.4347127196,33223.04629295995,1028496.9459181207
2025-04-22T04:10:00.000+0000,1053729.9001625602,33223.04629295995,1027812.8612896809
2025-04-22T04:20:00.000+0000,1054015.2989607197,33223.04629295995,1028001.0981823695
2025-04-22T04:30:00.000+0000,1053824.18857144,33223.04629295995,1028235.0873404614
2025-04-22T04:40:00.000+0000,1053803.8464581594,33223.04629295995,1027874.8566499982
2025-04-22T04:50:00.000+0000,1052452.1860522397,33223.04629295995,1025889.7330709411
2025-04-22T05:00:00.000+0000,1053556.2340067192,33223.04629295995,1025300.5098310822
2025-04-22T05:10:00.000+0000,1052440.1877585596,33223.04629295995,1024513.8888469138
2025-04-22T05:20:00.000+0000,1052785.0943124,33223.04629295995,1025896.8237224501
2025-04-22T05:30:00.000+0000,1053906.6945138408,33223.04629295995,1026848.8330769868
2025-04-22T05:40:00.000+0000,1054650.7691775197,33223.04629295995,1028664.3892890157
2025-04-22T05:50:00.000+0000,1055909.9225483197,33223.04629295995,1029005.1397442879
2025-04-22T06:00:00.000+0000,1055241.6316091202,33223.04629295995,1029435.1448867347
2025-04-22T06:10:00.000+0000,1054515.7338922399,33223.04629295995,1027377.7200752245
2025-04-22T06:20:00.000+0000,1053709.0990167991,33223.04629295995,1026417.4806940525
2025-04-22T06:30:00.000+0000,1052776.9353448,33223.04629295995,1024566.0887155037
2025-04-22T06:40:00.000+0000,1053350.6943700798,33223.04629295995,1024924.9175017035
2025-04-22T06:50:00.000+0000,1054606.62771896,33223.04629295995,1027149.0412313025
2025-04-22T07:00:00.000+0000,1054478.12260536,33223.04629295995,1028821.1305405279
2025-04-22T07:10:00.000+0000,1054368.73078888,200023.65167079956,1028216.4767858788
2025-04-22T07:20:00.000+0000,1055798.2415995202,15.38892367983238,1030555.0316246655
2025-04-22T07:30:00.000+0000,1058166.2724580797,11.147939199665245,1033491.6303243638
2025-04-22T07:40:00.000+0000,1060214.3617947998,11.147939199665245,1037621.6089232924
2025-04-22T07:50:00.000+0000,1060331.2218319199,11.147939199665245,1038494.7686506461
2025-04-22T08:00:00.000+0000,1062080.3068436,11.147939199665245,1040199.8740369953
2025-04-22T08:10:00.000+0000,1063491.2267039998,11.147939199665245,1040927.296303458
2025-04-22T08:20:00.000+0000,1060560.8438871992,11.147939199665245,1037863.7234265134
2025-04-22T08:30:00.000+0000,1061125.5120909591,11.147939199665245,1037831.6176361395
2025-04-22T08:40:00.000+0000,1061254.7162448799,11.147939199665245,1038093.1238725925
2025-04-22T08:50:00.000+0000,1060764.5385010403,11.147939199665245,1038692.3325351023
2025-04-22T09:00:00.000+0000,1061192.32949424,11.147939199665245,1038841.7212547106
2025-04-22T09:10:00.000+0000,1059240.2979697597,11.147939199665245,1037227.8412171924
2025-04-22T09:20:00.000+0000,1061248.1578957601,11.147939199665245,1038367.4663642569
2025-04-22T09:30:00.000+0000,1060937.6527987197,11.147939199665245,1038701.5517203799
2025-04-22T09:40:00.000+0000,1062740.4010454395,11.147939199665245,1040149.914764043
2025-04-22T09:50:00.000+0000,1061765.5393591998,11.147939199665245,1039163.2947776946
2025-04-22T10:00:00.000+0000,1063304.8248448796,11.147939199665245,1039661.2579143571
2025-04-22T10:10:00.000+0000,1063759.2177395197,11.147939199665245,1039883.0442110121
2025-04-22T10:20:00.000+0000,1059987.9711523196,11.147939199665245,1036106.3020806301
2025-04-22T10:30:00.000+0000,1061506.7433617597,11.147939199665245,1037632.3298335457
2025-04-22T10:40:00.000+0000,1062511.51230304,11.147939199665245,1040510.7653454421
2025-04-22T10:50:00.000+0000,1061973.79192376,11.147939199665245,1040436.6066790987
2025-04-22T11:00:00.000+0000,1063992.5859954401,11.147939199665245,1040746.2392888495
2025-04-22T11:10:00.000+0000,1063598.5371868797,11.147939199665245,1041071.02384489
2025-04-22T11:20:00.000+0000,1065419.1202543199,11.147939199665245,1042739.6607436332
2025-04-22T11:30:00.000+0000,1065475.3285516794,11.147939199665245,1042563.6305738327
2025-04-22T11:40:00.000+0000,1064822.7426383996,11.147939199665245,1041943.1356254995
2025-04-22T11:50:00.000+0000,1067434.5482210396,11.147939199665245,1043079.8151073423
2025-04-22T12:00:00.000+0000,1065711.6905107202,11.147939199665245,1042151.2906946035
2025-04-22T12:10:00.000+0000,1067295.66641544,11.147939199665245,1043147.1363554263
2025-04-22T12:20:00.000+0000,1068532.8654637598,11.147939199665245,1043038.6212067036
2025-04-22T12:30:00.000+0000,1070962.7067343998,11.147939199665245,1044480.9431385028
2025-04-22T12:40:00.000+0000,1068649.3911685597,11.147939199665245,1042130.0636825652
2025-04-22T12:50:00.000+0000,1073457.9531390395,11.147939199665245,1046912.1188369725
2025-04-22T13:00:00.000+0000,1076555.57066096,11.147939199665245,1048273.4954978153
2025-04-22T13:10:00.000+0000,1081080.4743397592,11.147939199665245,1052273.9168530714
2025-04-22T13:20:00.000+0000,1079646.3445621594,11.147939199665245,1051666.0464484887
2025-04-22T13:30:00.000+0000,1078382.6251471196,11.147939199665245,1050918.1760983982
2025-04-22T13:40:00.000+0000,1083375.0094419993,11.147939199665245,1055428.9220998653
2025-04-22T13:50:00.000+0000,1082138.1434270395,11.147939199665245,1054657.7075528884
2025-04-22T14:00:00.000+0000,1083322.3703869595,11.147939199665245,1056286.7625504052
2025-04-22T14:10:00.000+0000,1089209.7177381602,21422.07918023979,1061314.5960237747
2025-04-22T14:20:00.000+0000,1089701.7436023199,43613.620733039774,1059624.3154819747
2025-04-22T14:30:00.000+0000,1089843.6188112798,43613.620733039774,1060197.5693071852
2025-04-22T14:40:00.000+0000,1094130.83069576,43613.620733039774,1063891.0025923394
2025-04-22T14:50:00.000+0000,1094708.20182904,43613.620733039774,1066986.6249203559
2025-04-22T15:00:00.000+0000,1098368.0619967198,32194.486760879667,1074838.5852291626
2025-04-22T15:10:00.000+0000,1102510.22392064,32194.486760879667,1081682.6839163662
2025-04-22T15:20:00.000+0000,1100488.6832479998,32194.486760879667,1080352.6503285049
2025-04-22T15:30:00.000+0000,1096002.0720107201,32194.486760879667,1074809.5026943046
2025-04-22T15:40:00.000+0000,1092739.7210810403,32194.486760879667,1071484.7796570766
2025-04-22T15:50:00.000+0000,1095613.6883663998,27971.734029839674,1075032.3081833567
2025-04-22T16:00:00.000+0000,1100443.0606773272,27971.734029839674,1079454.7008528057
2025-04-22T16:10:00.000+0000,1096162.6006270556,27971.734029839674,1074275.887611961
2025-04-22T16:20:00.000+0000,1097147.4202605593,27971.734029839674,1076143.4623175801
2025-04-22T16:30:00.000+0000,1097231.555678336,27971.734029839674,1076598.2203918435
2025-04-22T16:40:00.000+0000,1096539.144211008,27971.734029839674,1074219.6280702807
2025-04-22T16:50:00.000+0000,1095610.1553171515,27971.734029839674,1073570.0730831088
2025-04-22T17:00:00.000+0000,1098262.732716224,27971.734029839674,1076546.6120879678
2025-04-22T17:10:00.000+0000,1095566.5881387999,27971.734029839674,1072989.9290515552
2025-04-22T17:20:00.000+0000,1095337.3446604153,27971.734029839674,1073630.3613850488
2025-04-22T17:30:00.000+0000,1097280.532325647,28043.836301839678,1075378.2832284842
2025-04-22T17:40:00.000+0000,1098162.259679008,29051.155801039655,1076066.6657940121
2025-04-22T17:50:00.000+0000,1099704.4560341276,29051.155801039655,1077556.569907959
2025-04-22T18:00:00.000+0000,1102381.415931584,29051.155801039655,1079424.9482398191
2025-04-22T18:10:00.000+0000,1101855.1216640952,30068.631169039523,1078467.7188575438
2025-04-22T18:20:00.000+0000,1101718.4056644638,53201.93370983956,1078019.3652478312
2025-04-22T18:30:00.000+0000,1102876.1194718876,53201.93370983956,1078147.059832826
2025-04-22T18:40:00.000+0000,1103783.4369967193,61487.02922671949,1078720.0758307595
2025-04-22T18:50:00.000+0000,1104557.3357020637,78307.6582496795,1079972.2281381825
2025-04-22T19:00:00.000+0000,1105790.167766768,78307.6582496795,1080676.695274274
2025-04-22T19:10:00.000+0000,1105434.5192333919,78307.6582496795,1080310.3904011683
2025-04-22T19:20:00.000+0000,1104274.717857359,78307.6582496795,1078692.4125405094
2025-04-22T19:30:00.000+0000,1099681.1862248797,78307.6582496795,1073027.1184907372
2025-04-22T19:40:00.000+0000,1100101.7164113757,78307.6582496795,1073323.7677656324
2025-04-22T19:50:00.000+0000,1103314.9093589275,78307.6582496795,1075682.1206174868
2025-04-22T20:00:00.000+0000,1103101.0097356315,78307.6582496795,1076515.3115310178
2025-04-22T20:10:00.000+0000,1101231.3790776792,78307.6582496795,1075273.8185829178
2025-04-22T20:20:00.000+0000,1100691.4993672478,78307.6582496795,1075251.352618
2025-04-22T20:30:00.000+0000,1101748.8537265114,78307.6582496795,1076402.2635045198
2025-04-22T20:40:00.000+0000,1102514.3939639837,78307.6582496795,1076804.0602784296
2025-04-22T20:50:00.000+0000,1102910.3164923675,78379.65560567951,1076488.9316636128
2025-04-22T21:00:00.000+0000,1103170.1760782555,78379.65560567951,1076282.65857123
2025-04-22T21:10:00.000+0000,1104109.5061725278,78379.65560567951,1077955.6924278277
2025-04-22T21:20:00.000+0000,1108052.3677977754,78379.65560567951,1082235.2869356377
2025-04-22T21:30:00.000+0000,1109159.9815972955,78379.65560567951,1083068.1235461493
2025-04-22T21:40:00.000+0000,1112237.2508508633,78379.65560567951,1085860.1398493815
2025-04-22T21:50:00.000+0000,1128793.1808861597,16.276005679483532,1101389.1722051697
2025-04-22T22:00:00.000+0000,1135206.1178290402,181640.69953416046,1101226.5636574847
2025-04-22T22:10:00.000+0000,1133704.3356566885,203619.22827364856,1099460.5439522883
2025-04-22T22:20:00.000+0000,1135534.5698970086,203619.22827364856,1103571.1072220393
2025-04-22T22:30:00.000+0000,1135621.6070115687,203619.22827364856,1098534.439851081
2025-04-22T22:40:00.000+0000,1136285.3184173286,203619.22827364856,1098403.8372617364
2025-04-22T22:50:00.000+0000,1138416.3500270885,203619.22827364856,1100596.9698701971
2025-04-22T23:00:00.000+0000,1144130.3579608481,395040.19289444824,1106029.4625276346
2025-04-22T23:10:00.000+0000,1142221.2898381283,395149.2415856483,1106047.3030506666
2025-04-22T23:20:00.000+0000,1140905.0876429284,395149.2415856483,1104545.274836039
2025-04-22T23:30:00.000+0000,1143898.848117008,396184.3698200483,1108807.7364108588
2025-04-22T23:40:00.000+0000,1143934.9975742884,396184.3698200483,1109678.8449751914
2025-04-22T23:50:00.000+0000,1143294.6382718883,396184.3698200483,1109352.5869765342
2025-04-23T00:00:00.000+0000,1145249.4433757286,396184.3698200483,1107817.2472438964
2025-04-23T00:10:00.000+0000,1147181.0152810086,93952.35877004836,1107943.2330390343
2025-04-23T00:20:00.000+0000,1143999.8550445766,93952.35877004836,1107773.1937768965
2025-04-23T00:30:00.000+0000,1143695.7555389602,93952.35877004836,1106166.4760575667
2025-04-23T00:40:00.000+0000,1145757.0095754727,93952.35877004836,1103254.399689376
2025-04-23T00:50:00.000+0000,1145972.6295413927,93952.35877004836,1103331.2444176911
2025-04-23T01:00:00.000+0000,1147712.1005304486,93952.35877004836,1102906.0760300993
2025-04-23T01:10:00.000+0000,1148064.0873555362,93952.35877004836,1111348.2709159027
2025-04-23T01:20:00.000+0000,1148684.96297736,95622.3604990083,1109076.227901833
2025-04-23T01:30:00.000+0000,1150200.1824712486,95622.3604990083,1110114.39260694
2025-04-23T01:40:00.000+0000,1148000.0006459525,95622.3604990083,1108110.4738132178
2025-04-23T01:50:00.000+0000,1146783.8500853605,96745.2304838083,1104378.3773366197
2025-04-23T02:00:00.000+0000,1148178.5747522884,96745.2304838083,1104568.4431870775
2025-04-23T02:10:00.000+0000,1149120.8209717923,96745.2304838083,1107311.357369988
2025-04-23T02:20:00.000+0000,1151210.0965131521,96745.2304838083,1112659.9135963356
2025-04-23T02:30:00.000+0000,1149291.3721016482,101284.5400286883,1113080.346881614
2025-04-23T02:40:00.000+0000,1150289.1143887523,101284.5400286883,1114989.9700122226
2025-04-23T02:50:00.000+0000,1150564.3852657366,101284.5400286883,1114331.7907807904
2025-04-23T03:00:00.000+0000,1148891.7783525921,101284.5400286883,1112057.1467676954
2025-04-23T03:10:00.000+0000,1148822.167585792,101284.5400286883,1110746.3788363552
2025-04-23T03:20:00.000+0000,1149950.3583605525,101284.5400286883,1111995.499978354
2025-04-23T03:30:00.000+0000,1151215.1660043125,101284.5400286883,1112532.4312644382
2025-04-23T03:40:00.000+0000,1152476.2092919683,101284.5400286883,1115624.5361635182
2025-04-23T03:50:00.000+0000,1153951.7805198638,101284.5400286883,1116380.1631439887
2025-04-23T04:00:00.000+0000,1154837.4149850325,101284.5400286883,1116775.1441604448
2025-04-23T04:10:00.000+0000,1153438.9341854162,101284.5400286883,1114719.8139966275
2025-04-23T04:20:00.000+0000,1152198.3524554085,101284.5400286883,1113223.4100758391
2025-04-23T04:30:00.000+0000,1153241.7184743045,101284.5400286883,1114561.2878655754
2025-04-23T04:40:00.000+0000,1155080.0746918404,223162.63948468847,1118221.2503296433
2025-04-23T04:50:00.000+0000,1160607.3112932167,53428.0994846884,1122865.790749331
2025-04-23T05:00:00.000+0000,1159557.4627245122,89143.21951268819,1123609.5685511527
2025-04-23T05:10:00.000+0000,1160206.462439048,112229.43175588809,1121990.1565358483
2025-04-23T05:20:00.000+0000,1161333.1027351841,116779.40366404805,1123121.264910428
2025-04-23T05:30:00.000+0000,1160846.2130887602,116779.40366404805,1123411.0113831935
2025-04-23T05:40:00.000+0000,1161423.0824537762,116779.40366404805,1124869.4727164218
2025-04-23T05:50:00.000+0000,1162778.8505009522,116779.40366404805,1122904.6311909133
2025-04-23T06:00:00.000+0000,1163865.113524768,116779.40366404805,1121502.121956785
2025-04-23T06:10:00.000+0000,1164783.8072213759,128321.36270404792,1124939.2559767715
2025-04-23T06:20:00.000+0000,1166629.466401864,128321.36270404792,1124708.8133724795
2025-04-23T06:30:00.000+0000,1165990.1107958641,128321.36270404792,1124676.5456854822
2025-04-23T06:40:00.000+0000,1166253.8327393923,128321.36270404792,1123849.9741087495
2025-04-23T06:50:00.000+0000,1167016.34508112,128321.36270404792,1121862.0413978659
2025-04-23T07:00:00.000+0000,1166350.73709384,128321.36270404792,1119280.55361886
2025-04-23T07:10:00.000+0000,1166337.313451352,128321.36270404792,1118716.681349912
2025-04-23T07:20:00.000+0000,1166505.772995816,128321.36270404792,1119218.380059681
2025-04-23T07:30:00.000+0000,1165520.57720348,128321.36270404792,1121318.8524833818
2025-04-23T07:40:00.000+0000,1166675.04259172,128321.36270404792,1121263.9841406872
2025-04-23T07:50:00.000+0000,1166263.614687568,152561.98168244792,1122409.9635395063
2025-04-23T08:00:00.000+0000,1166587.465519472,164624.4679672479,1124099.3185231325
2025-04-23T08:10:00.000+0000,1164521.70474124,164624.4679672479,1125796.6585447663
2025-04-23T08:20:00.000+0000,1163543.8544178237,164729.97849124792,1128176.541361496
2025-04-23T08:30:00.000+0000,1164484.77755664,164729.97849124792,1126900.0137497524
2025-04-23T08:40:00.000+0000,1163140.9047656404,213154.91152804796,1127738.8689828645
2025-04-23T08:50:00.000+0000,1162988.384999144,213154.91152804796,1128572.985335373
2025-04-23T09:00:00.000+0000,1163089.3991930878,213154.91152804796,1129551.391828193
2025-04-23T09:10:00.000+0000,1163660.320710192,213154.91152804796,1131034.8024899468
2025-04-23T09:20:00.000+0000,1164701.754945752,213154.91152804796,1129730.9453031863
2025-04-23T09:30:00.000+0000,1164511.519655832,213154.91152804796,1128700.4462504927
2025-04-23T09:40:00.000+0000,1163268.586158744,213154.91152804796,1128561.1718751648
2025-04-23T09:50:00.000+0000,1163035.016434128,213154.91152804796,1124879.7084645133
2025-04-23T10:00:00.000+0000,1161787.0773547122,215601.25888324794,1120527.4376566908
2025-04-23T10:10:00.000+0000,1161427.10984928,232744.22952644795,1121855.1878016645
2025-04-23T10:20:00.000+0000,1162228.862353744,232744.22952644795,1123860.7261433203
2025-04-23T10:30:00.000+0000,1161891.730445208,232744.22952644795,1125760.579025698
2025-04-23T10:40:00.000+0000,1160619.6869647526,244859.82928644796,1126067.306047892
2025-04-23T10:50:00.000+0000,1161210.1324801517,244859.82928644796,1128100.359679942
2025-04-23T11:00:00.000+0000,1160310.757266384,244859.82928644796,1128838.9486690282
2025-04-23T11:10:00.000+0000,1159187.4793681758,261643.00239812795,1129808.4496780136
2025-04-23T11:20:00.000+0000,1159288.5434921437,290234.64577012794,1129284.5338813819
2025-04-23T11:30:00.000+0000,1159195.940853568,290234.64577012794,1128672.9243489786
2025-04-23T11:40:00.000+0000,1159445.4085396319,290234.64577012794,1126590.391258124
2025-04-23T11:50:00.000+0000,1159260.6292314322,290252.5953989281,1124619.6740413862
2025-04-23T12:00:00.000+0000,1158928.3207810398,290252.5953989281,1126224.797699771
2025-04-23T12:10:00.000+0000,1161422.48575152,290252.5953989281,1130141.6100455748
2025-04-23T12:20:00.000+0000,1161379.4864684881,290252.5953989281,1129265.845994815
2025-04-23T12:30:00.000+0000,1160540.4361062,290252.5953989281,1130144.3025208747
2025-04-23T12:40:00.000+0000,1160014.280457728,290252.5953989281,1129614.0141793906
2025-04-23T12:50:00.000+0000,1159745.936055128,290252.5953989281,1131122.9915434625
2025-04-23T13:00:00.000+0000,1159397.438156664,290252.5953989281,1130425.7456880424
2025-04-23T13:10:00.000+0000,1160854.925173512,290252.5953989281,1133433.339514858
2025-04-23T13:20:00.000+0000,1162625.6476113922,290252.5953989281,1133417.2524841735
2025-04-23T13:30:00.000+0000,1164565.51061848,290252.5953989281,1125784.5045803282
2025-04-23T13:40:00.000+0000,1165749.704934536,301727.71045692806,1124941.3870995224
2025-04-23T13:50:00.000+0000,1166180.4059578483,301727.71045692806,1117106.5942380733
2025-04-23T14:00:00.000+0000,1168833.2928990882,301727.71045692806,1119424.841435972
2025-04-23T14:10:00.000+0000,1170518.9089465921,301727.71045692806,1114701.8702698238
2025-04-23T14:20:00.000+0000,1171024.6201337283,301727.71045692806,1115822.5026789152
2025-04-23T14:30:00.000+0000,1170558.21276836,301727.71045692806,1119785.2475715983
2025-04-23T14:40:00.000+0000,1170014.1307924318,301727.71045692806,1121104.546074213
2025-04-23T14:50:00.000+0000,1170653.442783352,301727.71045692806,1119537.7127539671
2025-04-23T15:00:00.000+0000,1169561.7180024402,301727.71045692806,1117498.742979011
2025-04-23T15:10:00.000+0000,1168606.061459784,302817.7128068881,1109717.0433612182
2025-04-23T15:20:00.000+0000,1167483.2907355123,334422.18828344805,1105161.6887248533
2025-04-23T15:30:00.000+0000,1168915.980865752,334422.18828344805,1108833.6399460498
2025-04-23T15:40:00.000+0000,1171711.633333128,334422.18828344805,1115592.6625646972
2025-04-23T15:50:00.000+0000,1172657.7045102164,334422.18828344805,1116936.7468543905
2025-04-23T16:00:00.000+0000,1172334.8589334642,334422.18828344805,1120484.2467802525
2025-04-23T16:10:00.000+0000,1171920.534298552,334422.18828344805,1119343.8396152956
2025-04-23T16:20:00.000+0000,1170480.66035996,334422.18828344805,1115722.8918155888
2025-04-23T16:30:00.000+0000,1169966.653374776,334422.18828344805,1121291.6888421238
2025-04-23T16:40:00.000+0000,1170633.8257695283,334422.18828344805,1123993.4345508674
2025-04-23T16:50:00.000+0000,1171668.7053430164,334422.18828344805,1123889.5994986768
2025-04-23T17:00:00.000+0000,1170914.89979028,334422.18828344805,1124824.5851457678
2025-04-23T17:10:00.000+0000,1172081.40134188,334422.18828344805,1127177.9281756342
2025-04-23T17:20:00.000+0000,1173039.096612248,334422.18828344805,1124574.585137895
2025-04-23T17:30:00.000+0000,1172277.258710536,334422.18828344805,1123513.932811629
2025-04-23T17:40:00.000+0000,1172295.1007254964,334422.18828344805,1123316.9110397396
2025-04-23T17:50:00.000+0000,1171635.726767,334422.18828344805,1123432.31569011
2025-04-23T18:00:00.000+0000,1172694.4287473042,334422.18828344805,1126633.937313931
2025-04-23T18:10:00.000+0000,1172749.8789915922,334422.18828344805,1130153.3559308883
2025-04-23T18:20:00.000+0000,1174569.949889096,334422.18828344805,1128239.9023159163
2025-04-23T18:30:00.000+0000,1176159.2914578482,334422.18828344805,1126399.2594175395
2025-04-23T18:40:00.000+0000,1175701.820047992,334422.18828344805,1123835.2037364058
2025-04-23T18:50:00.000+0000,1175227.636398632,334422.18828344805,1123726.9377964218
2025-04-23T19:00:00.000+0000,1173520.5460243444,358954.98553208803,1120520.230476447
2025-04-23T19:10:00.000+0000,1171892.5572181363,370916.94330408814,1116371.627839478
2025-04-23T19:20:00.000+0000,1172613.66059356,373062.4319389681,1112422.7122831529
2025-04-23T19:30:00.000+0000,1173095.0753534,373062.4319389681,1113727.8063646602
2025-04-23T19:40:00.000+0000,1173846.7162392563,373062.4319389681,1117650.9976885603
2025-04-23T19:50:00.000+0000,1173640.8501439919,373062.4319389681,1115933.0967163846
2025-04-23T20:00:00.000+0000,1173766.925862664,384771.142470968,1119321.603493534
2025-04-23T20:10:00.000+0000,1173950.3176317841,384771.142470968,1120241.9464282282
2025-04-23T20:20:00.000+0000,1175561.0461672638,384771.142470968,1123555.4271799685
2025-04-23T20:30:00.000+0000,1175879.9930654562,384771.142470968,1124599.754143743
2025-04-23T20:40:00.000+0000,1174125.2021721364,384771.142470968,1123092.7558062163
2025-04-23T20:50:00.000+0000,1174078.358127376,384771.142470968,1123034.450233243
2025-04-23T21:00:00.000+0000,1174000.48334708,384771.142470968,1124240.6456624428
2025-04-23T21:10:00.000+0000,1174036.890707872,389058.4052147279,1124846.8863075566
2025-04-23T21:20:00.000+0000,1172636.3842800558,389058.4052147279,1123992.4977498094
2025-04-23T21:30:00.000+0000,1172905.4798812158,389058.4052147279,1123715.3417950706
2025-04-23T21:40:00.000+0000,1172255.4856729116,389058.4052147279,1121151.3962858317
2025-04-23T21:50:00.000+0000,1172598.072434072,389308.7641672078,1120638.6955933245
2025-04-23T22:00:00.000+0000,1172618.0282066718,389308.7641672078,1120943.0672619233
2025-04-23T22:10:00.000+0000,1173359.454071088,389308.7641672078,1120681.7062299573
2025-04-23T22:20:00.000+0000,1173935.7953988719,389308.7641672078,1122567.958558151
2025-04-23T22:30:00.000+0000,1173632.8271175518,389308.7641672078,1124092.8114090704
2025-04-23T22:40:00.000+0000,1173761.673338048,389308.7641672078,1125827.382050739
2025-04-23T22:50:00.000+0000,1174227.170861872,389308.7641672078,1126504.3232151049
2025-04-23T23:00:00.000+0000,1174779.8800904718,389308.7641672078,1126724.036855557
2025-04-23T23:10:00.000+0000,1174399.4381876723,389308.7641672078,1126621.8622840955
2025-04-23T23:20:00.000+0000,1173564.6269813438,389308.7641672078,1126258.8559784354
2025-04-23T23:30:00.000+0000,1173369.0180837517,389308.7641672078,1125354.4896961437
2025-04-23T23:40:00.000+0000,1173275.549278664,389308.7641672078,1122924.8159449233
2025-04-23T23:50:00.000+0000,1173216.920029616,389308.7641672078,1122439.787805478
2025-04-24T00:00:00.000+0000,1172075.0138459678,389308.7641672078,1123219.1508555056
2025-04-24T00:10:00.000+0000,1171049.061554936,401890.9773376078,1121999.3783927339
2025-04-24T00:20:00.000+0000,1171325.613945888,401890.9773376078,1119016.6912215746
2025-04-24T00:30:00.000+0000,1171339.3403060078,401890.9773376078,1118336.7019561548
2025-04-24T00:40:00.000+0000,1171732.0891453754,413319.25339680753,1120154.7050653272
2025-04-24T00:50:00.000+0000,1172979.7854391756,413319.25339680753,1119751.5203250572
2025-04-24T01:00:00.000+0000,1173344.9529013117,413319.25339680753,1119764.7431947228
2025-04-24T01:10:00.000+0000,1174787.9325933114,413319.25339680753,1115487.0036208495
2025-04-24T01:20:00.000+0000,1176395.5564045594,413319.25339680753,1115290.2301899442
2025-04-24T01:30:00.000+0000,1177336.3489679196,413319.25339680753,1118290.8972043053
2025-04-24T01:40:00.000+0000,1177489.2688940316,413319.25339680753,1118296.1432326927
2025-04-24T01:50:00.000+0000,1178732.5352546154,413319.25339680753,1119745.0688798006
2025-04-24T02:00:00.000+0000,1179652.3295999994,425682.71470880747,1119954.2349400073
2025-04-24T02:10:00.000+0000,1180375.0744511916,425682.71470880747,1121344.6737497444
2025-04-24T02:20:00.000+0000,1180028.1123630956,425682.71470880747,1121631.4795977962
2025-04-24T02:30:00.000+0000,1179318.6272256393,438583.6147256075,1119852.8614235292
2025-04-24T02:40:00.000+0000,1180265.3271992877,438583.6147256075,1113380.7088383653
2025-04-24T02:50:00.000+0000,1181023.9744855356,438583.6147256075,1113056.7569394826
2025-04-24T03:00:00.000+0000,1180642.7213222634,438583.6147256075,1112441.0466055935
2025-04-24T03:10:00.000+0000,1180641.5349721035,438583.6147256075,1114592.5160374562
2025-04-24T03:20:00.000+0000,1180638.8484330554,438583.6147256075,1115854.363395663
2025-04-24T03:30:00.000+0000,1180398.6406831115,438583.6147256075,1111832.532389314
2025-04-24T03:40:00.000+0000,1180069.7480878474,438583.6147256075,1109400.8758179056
2025-04-24T03:50:00.000+0000,1179971.6866697916,438583.6147256075,1106100.0610211024
2025-04-24T04:00:00.000+0000,1180188.5955837278,438583.6147256075,1105331.4700781154
2025-04-24T04:10:00.000+0000,1181184.0198167597,450931.29567200766,1103437.1399021177
2025-04-24T04:20:00.000+0000,1181826.9365515755,450931.29567200766,1106814.056390578
2025-04-24T04:30:00.000+0000,1181718.2814652398,450931.29567200766,1104937.7646634434
2025-04-24T04:40:00.000+0000,1181543.8068766636,450931.29567200766,1105074.2712223458
2025-04-24T04:50:00.000+0000,1181688.2712126635,450931.29567200766,1107281.2480115856
2025-04-24T05:00:00.000+0000,1180980.064621552,450931.29567200766,1110159.66026628
2025-04-24T05:10:00.000+0000,1181569.3641744559,450931.29567200766,1109234.4898766484
2025-04-24T05:20:00.000+0000,1181301.7440119998,450931.29567200766,1105819.710416514
2025-04-24T05:30:00.000+0000,1182009.3465167675,450931.29567200766,1107393.0200902638
2025-04-24T05:40:00.000+0000,1182539.6740650479,450931.29567200766,1108540.4376488582
2025-04-24T05:50:00.000+0000,1182750.974669224,450931.29567200766,1107172.193166555
2025-04-24T06:00:00.000+0000,1182908.9170441595,450931.29567200766,1107765.90357886
2025-04-24T06:10:00.000+0000,1182300.8715400235,450931.29567200766,1104911.9131821885
2025-04-24T06:20:00.000+0000,1182150.7538203518,450931.29567200766,1106239.8778926723
2025-04-24T06:30:00.000+0000,1182491.3670515998,450931.29567200766,1108651.769262947
2025-04-24T06:40:00.000+0000,1183126.5378381354,450931.29567200766,1107735.0241934718
2025-04-24T06:50:00.000+0000,1183800.3633161597,450931.29567200766,1105425.0158477644
2025-04-24T07:00:00.000+0000,1184021.0816101518,450931.29567200766,1105384.2952282142
2025-04-24T07:10:00.000+0000,1184925.1363473036,450931.29567200766,1107864.279955638
2025-04-24T07:20:00.000+0000,1185024.3536299276,450931.29567200766,1103096.2498678307
2025-04-24T07:30:00.000+0000,1184713.175711576,450931.29567200766,1102005.6473842312
2025-04-24T07:40:00.000+0000,1185070.6005227917,450931.29567200766,1100053.4923604908
2025-04-24T07:50:00.000+0000,1184541.21670892,451141.6636428878,1099364.128589557
2025-04-24T08:00:00.000+0000,1183388.648981336,481961.2422396879,1098994.424022748
2025-04-24T08:10:00.000+0000,1183302.4856771678,481961.2422396879,1097006.4782941735
2025-04-24T08:20:00.000+0000,1183274.7059987038,481961.2422396879,1093458.5453347038
2025-04-24T08:30:00.000+0000,1183907.8270963037,481961.2422396879,1090214.1586677576
2025-04-24T08:40:00.000+0000,1183797.890426056,489550.9736732239,1088971.4348289592
2025-04-24T08:50:00.000+0000,1183885.424003128,489550.9736732239,1090505.6966090745
2025-04-24T09:00:00.000+0000,1183964.5928573362,489550.9736732239,1093532.3350223533
2025-04-24T09:10:00.000+0000,1184331.86932092,489550.9736732239,1095803.2369013063
2025-04-24T09:20:00.000+0000,1183518.6075712242,489550.9736732239,1097543.2123311458
2025-04-24T09:30:00.000+0000,1183655.8109306558,489550.9736732239,1096269.5260017952
2025-04-24T09:40:00.000+0000,1182604.170746392,489550.9736732239,1096337.0198757264
2025-04-24T09:50:00.000+0000,1182600.451294336,489550.9736732239,1095486.6929574478
2025-04-24T10:00:00.000+0000,1182902.3255615681,489550.9736732239,1097197.5875080395
2025-04-24T10:10:00.000+0000,1182337.282348056,489550.9736732239,1097323.7779638902
2025-04-24T10:20:00.000+0000,1182179.594379432,489550.9736732239,1099446.8734042246
2025-04-24T10:30:00.000+0000,1181781.5747900396,522509.765629144,1097919.0967205435
2025-04-24T10:40:00.000+0000,1181225.3268246958,522694.4991240239,1099259.0727885556
2025-04-24T10:50:00.000+0000,1180656.1119112158,522694.4991240239,1098888.279107309
2025-04-24T11:00:00.000+0000,1180320.433728768,522694.4991240239,1097903.2000233056
2025-04-24T11:10:00.000+0000,1180816.0205618718,522694.4991240239,1097037.306829345
2025-04-24T11:20:00.000+0000,1181039.22339664,522694.4991240239,1097304.8279945715
2025-04-24T11:30:00.000+0000,1181280.1943455362,522694.4991240239,1097114.7720728577
2025-04-24T11:40:00.000+0000,1182430.9110351359,522694.4991240239,1097282.8427309373
2025-04-24T11:50:00.000+0000,1181835.808538304,522694.4991240239,1101058.6702672679
2025-04-24T12:00:00.000+0000,1181983.04183736,522694.4991240239,1100245.9504397518
2025-04-24T12:10:00.000+0000,1181748.677209176,522694.4991240239,1100008.2090317686
2025-04-24T12:20:00.000+0000,1182226.3048611279,522694.4991240239,1103294.6924333666
2025-04-24T12:30:00.000+0000,1182396.1741968559,522694.4991240239,1103271.2242116812
2025-04-24T12:40:00.000+0000,1182456.3323118319,522694.4991240239,1103884.825653237
2025-04-24T12:50:00.000+0000,1182172.789807448,522694.4991240239,1104334.9185956551
2025-04-24T13:00:00.000+0000,1182537.492351816,522694.4991240239,1104919.3141935708
2025-04-24T13:10:00.000+0000,1182810.8948447038,522694.4991240239,1105335.064352049
2025-04-24T13:20:00.000+0000,1182871.130757392,522694.4991240239,1106231.6158812563
2025-04-24T13:30:00.000+0000,1181117.318130832,522694.4991240239,1108248.2972618646
2025-04-24T13:40:00.000+0000,1182344.942125328,522694.4991240239,1103758.7227842333
2025-04-24T13:50:00.000+0000,1182445.051303864,522694.4991240239,1102506.7078300677
2025-04-24T14:00:00.000+0000,1182639.6811852958,522694.4991240239,1107463.470687487
2025-04-24T14:10:00.000+0000,1181722.8201314,522694.4991240239,1110094.9666666128
2025-04-24T14:20:00.000+0000,1182133.1421809439,522694.4991240239,1106019.1454257749
2025-04-24T14:30:00.000+0000,1182514.802807984,522694.4991240239,1108747.1287171026
2025-04-24T14:40:00.000+0000,1183076.0724327841,535472.533512024,1111231.336399684
2025-04-24T14:50:00.000+0000,1183041.635654264,535472.533512024,1112096.859544839
2025-04-24T15:00:00.000+0000,1184120.262392,535472.533512024,1111371.1387153114
2025-04-24T15:10:00.000+0000,1184327.9173750079,535472.533512024,1116413.1050862516
2025-04-24T15:20:00.000+0000,1183725.846287512,535472.533512024,1114051.7334817837
2025-04-24T15:30:00.000+0000,1183520.697637832,535472.533512024,1112602.4839655606
2025-04-24T15:40:00.000+0000,1185077.280674392,548558.946000024,1113855.9316211184
2025-04-24T15:50:00.000+0000,1184588.2711652159,561960.9618032239,1112011.4661916145
2025-04-24T16:00:00.000+0000,1185508.4009420401,561960.9618032239,1112206.512937524
2025-04-24T16:10:00.000+0000,1184867.8403208242,561960.9618032239,1113639.574411972
2025-04-24T16:20:00.000+0000,1183526.762292224,561960.9618032239,1115520.7651216104
2025-04-24T16:30:00.000+0000,1181993.565351808,561960.9618032239,1118455.8041127417
2025-04-24T16:40:00.000+0000,1182442.799606664,561960.9618032239,1119251.88943844
2025-04-24T16:50:00.000+0000,1183457.06482484,561960.9618032239,1118247.0111275788
2025-04-24T17:00:00.000+0000,1184403.663119896,561960.9618032239,1115887.058128106
2025-04-24T17:10:00.000+0000,1184210.9804394562,561960.9618032239,1109901.1005507135
2025-04-24T17:20:00.000+0000,1185702.3823926323,561960.9618032239,1107244.576630549
2025-04-24T17:30:00.000+0000,1185340.886930544,575310.261812824,1110626.7548692364
2025-04-24T17:40:00.000+0000,1185819.145277536,575310.261812824,1106398.5586180456
2025-04-24T17:50:00.000+0000,1185646.426842912,575310.261812824,1106022.8475740072
2025-04-24T18:00:00.000+0000,1185645.0374353281,575310.261812824,1113549.0194980917
2025-04-24T18:10:00.000+0000,1185697.503608784,575310.261812824,1114836.982371866
2025-04-24T18:20:00.000+0000,1185980.94250612,575310.261812824,1114610.2448696706
2025-04-24T18:30:00.000+0000,1185679.1948475202,575310.261812824,1116752.155107961
2025-04-24T18:40:00.000+0000,1185424.9911333122,575310.261812824,1117639.8693958176
2025-04-24T18:50:00.000+0000,1185080.291383896,575310.261812824,1118149.666487062
2025-04-24T19:00:00.000+0000,1184559.054687112,575310.261812824,1116407.4479963644
2025-04-24T19:10:00.000+0000,1184542.2440663762,575310.261812824,1114984.3657142157
2025-04-24T19:20:00.000+0000,1183589.311412864,575310.261812824,1116261.3414981002
2025-04-24T19:30:00.000+0000,1184244.8442766962,575310.261812824,1118116.41735976
2025-04-24T19:40:00.000+0000,1184682.435633328,575310.261812824,1117348.83266954
2025-04-24T19:50:00.000+0000,1183889.0347622084,575310.261812824,1118312.4583960404
2025-04-24T20:00:00.000+0000,1182353.5196278323,575310.261812824,1117627.9112595988
2025-04-24T20:10:00.000+0000,1182730.972403848,575325.8817069042,1118506.7687992174
2025-04-24T20:20:00.000+0000,1182556.233606808,575325.8817069042,1117966.2345880244
2025-04-24T20:30:00.000+0000,1182245.045906288,575325.8817069042,1117554.7354389208
2025-04-24T20:40:00.000+0000,1181862.3207515525,575325.8817069042,1117459.5406030808
2025-04-24T20:50:00.000+0000,1182458.308439664,575325.8817069042,1117518.113223445
2025-04-24T21:00:00.000+0000,1183021.165933152,575325.8817069042,1117137.8530427204
2025-04-24T21:10:00.000+0000,1183525.117728928,575325.8817069042,1116892.2879557468
2025-04-24T21:20:00.000+0000,1183850.6497248244,575325.8817069042,1110418.2315699966
2025-04-24T21:30:00.000+0000,1183779.632504088,575325.8817069042,1111835.673351318
2025-04-24T21:40:00.000+0000,1184587.771605184,575325.8817069042,1113443.184474567
2025-04-24T21:50:00.000+0000,1184708.9321691282,575325.8817069042,1114728.0560653238
2025-04-24T22:00:00.000+0000,1184639.6720715682,575325.8817069042,1114227.311250737
2025-04-24T22:10:00.000+0000,1184833.5938699204,575325.8817069042,1116682.0362246798
2025-04-24T22:20:00.000+0000,1184021.3600971843,575325.8817069042,1116534.48212761
2025-04-24T22:30:00.000+0000,1183787.657009344,575325.8817069042,1117800.9147822289
2025-04-24T22:40:00.000+0000,1184105.8064959764,575325.8817069042,1115084.4327508118
2025-04-24T22:50:00.000+0000,1185336.1255227202,575325.8817069042,1114182.5633675081
2025-04-24T23:00:00.000+0000,1186173.5016954322,575325.8817069042,1114929.1845338026
2025-04-24T23:10:00.000+0000,1185761.1716235923,575325.8817069042,1117776.470630544
2025-04-24T23:20:00.000+0000,1184438.9183031684,575325.8817069042,1117651.2011188283
2025-04-24T23:30:00.000+0000,1183179.705809704,575325.8817069042,1122027.6263199428
2025-04-24T23:40:00.000+0000,1182672.3079629762,575325.8817069042,1122795.5589676641
2025-04-24T23:50:00.000+0000,1182691.786477688,575325.8817069042,1122218.3355642234
2025-04-25T00:00:00.000+0000,1183038.5890435043,575325.8817069042,1121500.414666771
2025-04-25T00:10:00.000+0000,1183633.3804993683,575325.8817069042,1120245.7893224421
2025-04-25T00:20:00.000+0000,1183261.4164688399,575325.8817069042,1122109.8156230503
2025-04-25T00:30:00.000+0000,1183572.455018776,577278.669625784,1122120.688334094
2025-04-25T00:40:00.000+0000,1182901.9321265682,577278.669625784,1123338.0102645739
2025-04-25T00:50:00.000+0000,1183099.436866272,577278.669625784,1122870.869397998
2025-04-25T01:00:00.000+0000,1182957.8361275601,577278.669625784,1123803.761261121
2025-04-25T01:10:00.000+0000,1182582.3998270722,577278.669625784,1125738.2060169806
2025-04-25T01:20:00.000+0000,1184355.758414344,577477.319578584,1122363.9870311688
2025-04-25T01:30:00.000+0000,1184650.5394507041,577477.319578584,1121406.9199868022
2025-04-25T01:40:00.000+0000,1184586.762253312,577477.319578584,1122852.3874628725
2025-04-25T01:50:00.000+0000,1185592.9238196001,577477.319578584,1121602.9171364233
2025-04-25T02:00:00.000+0000,1186637.153287184,577477.319578584,1120920.3579957606
2025-04-25T02:10:00.000+0000,1187299.22113884,577477.319578584,1118669.966873935
2025-04-25T02:20:00.000+0000,1187483.182711752,577477.319578584,1115970.0747570116
2025-04-25T02:30:00.000+0000,1186793.3401576483,577477.319578584,1114319.113045665
2025-04-25T02:40:00.000+0000,1186474.610485536,577477.319578584,1114061.8131115313
2025-04-25T02:50:00.000+0000,1186937.72421792,577477.319578584,1109031.4547048733
2025-04-25T03:00:00.000+0000,1187162.72052676,577477.319578584,1109228.5912102393
2025-04-25T03:10:00.000+0000,1187227.027330128,577477.319578584,1112530.5538337133
2025-04-25T03:20:00.000+0000,1186633.6839648641,577477.319578584,1111993.1063154452
2025-04-25T03:30:00.000+0000,1186187.586738376,577510.3621233839,1112901.5192725179
2025-04-25T03:40:00.000+0000,1186045.8572727279,577510.3621233839,1116484.4034729437
2025-04-25T03:50:00.000+0000,1185879.740302704,577510.3621233839,1116607.5431128042
2025-04-25T04:00:00.000+0000,1186360.8325008,577510.3621233839,1116231.740290319
2025-04-25T04:10:00.000+0000,1185959.3739248,577510.3621233839,1118594.4297954286
2025-04-25T04:20:00.000+0000,1186293.9166863118,577589.168028184,1117409.7267939944
2025-04-25T04:30:00.000+0000,1187056.23168604,577589.168028184,1115471.0495373749
2025-04-25T04:40:00.000+0000,1186610.157920768,577589.168028184,1117071.960341
2025-04-25T04:50:00.000+0000,1186892.1847386719,577589.168028184,1115089.4664959342
2025-04-25T05:00:00.000+0000,1187114.765711328,577589.168028184,1115124.423007732
2025-04-25T05:10:00.000+0000,1187619.4676365203,577589.168028184,1117584.6923921881
2025-04-25T05:20:00.000+0000,1188096.306480024,577589.168028184,1118274.5851347707
2025-04-25T05:30:00.000+0000,1188709.912242392,577854.9036694639,1117504.1397510553
2025-04-25T05:40:00.000+0000,1189279.7120875518,577854.9036694639,1116870.2847428583
2025-04-25T05:50:00.000+0000,1189885.281274328,577854.9036694639,1118282.7686749783
2025-04-25T06:00:00.000+0000,1189838.836300056,577854.9036694639,1118720.2153130248
2025-04-25T06:10:00.000+0000,1191594.249645016,579447.3371826799,1120243.6675932023
2025-04-25T06:20:00.000+0000,1191455.1251936879,625443.7949751439,1119400.616854269
2025-04-25T06:30:00.000+0000,1191377.0543004079,625443.7949751439,1123763.792512915
2025-04-25T06:40:00.000+0000,1191587.7561239921,625443.7949751439,1123584.2516423035
2025-04-25T06:50:00.000+0000,1191734.4748750161,625443.7949751439,1125638.3100178954
2025-04-25T07:00:00.000+0000,1192027.642513128,625443.7949751439,1127113.655073002
2025-04-25T07:10:00.000+0000,1190954.202942336,625443.7949751439,1125731.4524963056
2025-04-25T07:20:00.000+0000,1190769.778360128,625443.7949751439,1123260.9816857865
2025-04-25T07:30:00.000+0000,1190807.3518572638,625549.487353544,1124641.8181199876
2025-04-25T07:40:00.000+0000,1190958.8295980478,625549.487353544,1125448.7238858002
2025-04-25T07:50:00.000+0000,1191010.460829992,625549.487353544,1126253.3387708054
2025-04-25T08:00:00.000+0000,1191154.393491672,625549.487353544,1128935.9357776968
2025-04-25T08:10:00.000+0000,1191810.188435672,625549.487353544,1128184.59409117
2025-04-25T08:20:00.000+0000,1191454.1998245763,625549.487353544,1129232.174819549
2025-04-25T08:30:00.000+0000,1192043.4897951519,625549.487353544,1128363.172188586
2025-04-25T08:40:00.000+0000,1191324.5600894,625549.487353544,1128617.9553861609
2025-04-25T08:50:00.000+0000,1191413.2669870642,625549.487353544,1128249.605887123
2025-04-25T09:00:00.000+0000,1193382.1895179201,639948.3590335438,1125108.2452550177
2025-04-25T09:10:00.000+0000,1193487.149602624,639948.3590335438,1124026.5283264616
2025-04-25T09:20:00.000+0000,1193353.9245479999,654835.083119144,1125793.239469542
2025-04-25T09:30:00.000+0000,1194356.017162056,654835.083119144,1126941.0390917948
2025-04-25T09:40:00.000+0000,1194902.01503404,654835.083119144,1126447.3494451751
2025-04-25T09:50:00.000+0000,1193393.504168952,654835.083119144,1128433.7476037974
2025-04-25T10:00:00.000+0000,1193202.468649728,654835.083119144,1128707.7792047395
2025-04-25T10:10:00.000+0000,1192823.261078672,654835.083119144,1128959.1160112317
2025-04-25T10:20:00.000+0000,1193693.9491405361,654835.083119144,1129028.3279509908
2025-04-25T10:30:00.000+0000,1193940.3777897758,654835.083119144,1124788.1071004693
2025-04-25T10:40:00.000+0000,1194013.659057824,654835.083119144,1124167.0849558297
2025-04-25T10:50:00.000+0000,1194664.158461648,654835.083119144,1123934.163554077
2025-04-25T11:00:00.000+0000,1194716.738344064,654835.083119144,1125523.3103251609
2025-04-25T11:10:00.000+0000,1193749.944368488,654835.083119144,1128143.493863517
2025-04-25T11:20:00.000+0000,1193827.676622896,654835.083119144,1129805.3283292348
2025-04-25T11:30:00.000+0000,1194568.3752096002,654850.4488167439,1129753.737147995
2025-04-25T11:40:00.000+0000,1195002.310323568,654850.4488167439,1131431.3991568496
2025-04-25T11:50:00.000+0000,1195136.1425720481,654850.4488167439,1132555.3348386465
2025-04-25T12:00:00.000+0000,1194948.436776912,654850.4488167439,1134363.713321949
2025-04-25T12:10:00.000+0000,1194724.140637488,586515.4468167439,1135876.9951887093
2025-04-25T12:20:00.000+0000,1196073.3194792317,599815.5941799439,1134068.216372597
2025-04-25T12:30:00.000+0000,1196653.7398711527,641758.5409575445,1133245.9425026185
2025-04-25T12:40:00.000+0000,1196139.5062174485,641758.5409575445,1133859.914502075
2025-04-25T12:50:00.000+0000,1196846.6003992006,641758.5409575445,1128893.865076054
2025-04-25T13:00:00.000+0000,1197591.7908395445,641758.5409575445,1127875.7460961728
2025-04-25T13:10:00.000+0000,1197391.3404582406,668856.9658607445,1126949.2428891049
2025-04-25T13:20:00.000+0000,1197218.3021996806,668856.9658607445,1125259.6480399852
2025-04-25T13:30:00.000+0000,1197777.3566908725,363906.84986074443,1122598.5653371818
2025-04-25T13:40:00.000+0000,1197781.321656361,364126.6518783447,1127934.825557583
2025-04-25T13:50:00.000+0000,1196903.1621364488,364126.6518783447,1126069.4693500747
2025-04-25T14:00:00.000+0000,1198374.4434490248,364126.6518783447,1128904.1940576837
2025-04-25T14:10:00.000+0000,1199782.6252915931,387072.68035834504,1135539.7941087445
2025-04-25T14:20:00.000+0000,1198267.2689073053,387072.68035834504,1131030.73403789
2025-04-25T14:30:00.000+0000,1198378.459143897,387072.68035834504,1130727.232093227
2025-04-25T14:40:00.000+0000,1198181.9190118893,387072.68035834504,1135249.16144621
2025-04-25T14:50:00.000+0000,1196627.334874929,442336.23012154497,1141212.2979221083
2025-04-25T15:00:00.000+0000,1196495.338796337,522685.4952447449,1140488.9511366964
2025-04-25T15:10:00.000+0000,1196743.202036985,522685.4952447449,1138925.8209128715
2025-04-25T15:20:00.000+0000,1196276.1839505848,522685.4952447449,1140664.944398213
2025-04-25T15:30:00.000+0000,1196176.844475793,522685.4952447449,1135745.3704840406
2025-04-25T15:40:00.000+0000,1196886.255592513,522685.4952447449,1135923.2486008082
2025-04-25T15:50:00.000+0000,1196808.3321411847,522685.4952447449,1136112.5695480446
2025-04-25T16:00:00.000+0000,1196996.6851481372,522685.4952447449,1133680.259856427
2025-04-25T16:10:00.000+0000,1196933.547328833,522685.4952447449,1129304.4400906558
2025-04-25T16:20:00.000+0000,1196649.9140271451,522685.4952447449,1129236.1373150768
2025-04-25T16:30:00.000+0000,1196166.5385771128,522685.4952447449,1131741.6363388065
2025-04-25T16:40:00.000+0000,1195658.411993841,549003.3201279449,1134728.036852654
2025-04-25T16:50:00.000+0000,1195157.6078079608,601732.369115145,1133763.3025002638
2025-04-25T17:00:00.000+0000,1195271.872463049,601732.369115145,1135561.9390615565
2025-04-25T17:10:00.000+0000,1194500.011496209,628183.3743687449,1136907.44274813
2025-04-25T17:20:00.000+0000,1194376.810236129,707497.1815215449,1137366.464244579
2025-04-25T17:30:00.000+0000,1193349.9853235853,435.83876714475883,1129908.2850303133
2025-04-25T17:40:00.000+0000,1197369.317393497,14907.799928744742,1124059.5736721791
2025-04-25T17:50:00.000+0000,1201176.4560240726,14907.799928744742,1124516.5414104029
2025-04-25T18:00:00.000+0000,1199697.0477382806,15002.23012410472,1125999.7075926233
2025-04-25T18:10:00.000+0000,1198455.8852632404,15002.23012410472,1127161.3497314502
2025-04-25T18:20:00.000+0000,1197621.368181425,15002.23012410472,1128990.1126500191
2025-04-25T18:30:00.000+0000,1196753.5982931529,15002.23012410472,1130095.5418293783
2025-04-25T18:40:00.000+0000,1196242.263578441,15002.23012410472,1132213.672576685
2025-04-25T18:50:00.000+0000,1198308.6042324007,15002.23012410472,1129780.297421225
2025-04-25T19:00:00.000+0000,1199834.3568430494,15002.23012410472,1130297.991748648
2025-04-25T19:10:00.000+0000,1201366.106052577,15002.23012410472,1129028.7794782678
2025-04-25T19:20:00.000+0000,1201351.5028744729,22221.076922904736,1129005.2713551365
2025-04-25T19:30:00.000+0000,1201622.1215462002,22221.076922904736,1128594.8771728287
2025-04-25T19:40:00.000+0000,1200843.845465561,22221.076922904736,1129159.1983909865
2025-04-25T19:50:00.000+0000,1200047.9939265447,22221.076922904736,1130108.1001164042
2025-04-25T20:00:00.000+0000,1200386.4519933048,22221.076922904736,1131177.741162187
2025-04-25T20:10:00.000+0000,1200319.839026345,22221.076922904736,1130273.1154921625
2025-04-25T20:20:00.000+0000,1200137.8129438006,22221.076922904736,1129801.132325694
2025-04-25T20:30:00.000+0000,1196337.580124153,22221.076922904736,1130472.1210962073
2025-04-25T20:40:00.000+0000,1195532.0622144253,22221.076922904736,1129728.2825719118
2025-04-25T20:50:00.000+0000,1195532.5634531132,22221.076922904736,1131682.0665261296
2025-04-25T21:00:00.000+0000,1193939.968698993,22221.076922904736,1130831.6961191497
2025-04-25T21:10:00.000+0000,1194023.5151882886,22221.076922904736,1131200.960284078
2025-04-25T21:20:00.000+0000,1199470.1395002087,22221.076922904736,1128362.0292502036
2025-04-25T21:30:00.000+0000,1198460.459061273,22221.076922904736,1128482.682365671
2025-04-25T21:40:00.000+0000,1200177.2322431123,22221.076922904736,1125088.4166752074
2025-04-25T21:50:00.000+0000,1203129.9122278965,22221.076922904736,1123741.4706326937
2025-04-25T22:00:00.000+0000,1201556.980240969,22221.076922904736,1126138.6650532647
2025-04-25T22:10:00.000+0000,1200646.7834513928,22221.076922904736,1126382.2617385376
2025-04-25T22:20:00.000+0000,1200154.2933389284,22221.076922904736,1127236.1029642643
2025-04-25T22:30:00.000+0000,1198135.8130160486,22221.076922904736,1128288.2171599474
2025-04-25T22:40:00.000+0000,1197716.6311700165,22221.076922904736,1129931.1206740555
2025-04-25T22:50:00.000+0000,1198745.4258752966,22221.076922904736,1128857.1762282373
2025-04-25T23:00:00.000+0000,1198313.090590441,22221.076922904736,1127882.725706428
2025-04-25T23:10:00.000+0000,1197400.0946819526,22221.076922904736,1128004.3582194182
2025-04-25T23:20:00.000+0000,1199954.037961496,22221.076922904736,1126059.0437308608
2025-04-25T23:30:00.000+0000,1200632.8906045686,22221.076922904736,1125053.7451538332
2025-04-25T23:40:00.000+0000,1199518.1751509206,22221.076922904736,1125587.4782700874
2025-04-25T23:50:00.000+0000,1199753.9261291365,22221.076922904736,1124969.6978558179
2025-04-26T00:00:00.000+0000,1196886.1026747767,22221.076922904736,1125995.1642598205
2025-04-26T00:10:00.000+0000,1194769.372144993,22221.076922904736,1127557.4612216079
2025-04-26T00:20:00.000+0000,1194532.3075385208,22221.076922904736,1128176.9202420795
2025-04-26T00:30:00.000+0000,1196115.0116414968,22221.076922904736,1126786.4093477887
2025-04-26T00:40:00.000+0000,1192197.0574643365,22221.076922904736,1127773.7953366118
2025-04-26T00:50:00.000+0000,1192941.1193982095,22221.076922904736,1130471.6668088813
2025-04-26T01:00:00.000+0000,1193870.3559937447,22221.076922904736,1128264.563765055
2025-04-26T01:10:00.000+0000,1192983.5647847129,22221.076922904736,1130423.6109670687
2025-04-26T01:20:00.000+0000,1190217.6149562013,22221.076922904736,1133400.1895991773
2025-04-26T01:30:00.000+0000,1184242.1865362728,22221.076922904736,1134679.5828924673
2025-04-26T01:40:00.000+0000,1183096.489317881,22221.076922904736,1135327.997545003
2025-04-26T01:50:00.000+0000,1182676.7969905606,22221.076922904736,1134937.7277488615
2025-04-26T02:00:00.000+0000,1181908.888379304,22257.12506130481,1133619.2406650379
2025-04-26T02:10:00.000+0000,1185980.8123819847,26641.75714722489,1132145.1516375537
2025-04-26T02:20:00.000+0000,1186462.8118237054,26641.75714722489,1132858.0197180605
2025-04-26T02:30:00.000+0000,1186337.7546895132,26641.75714722489,1132620.8652214545
2025-04-26T02:40:00.000+0000,1186015.690357265,26641.75714722489,1134473.5317031643
2025-04-26T02:50:00.000+0000,1188767.103264625,26641.75714722489,1133754.249483643
2025-04-26T03:00:00.000+0000,1188528.6192845611,26641.75714722489,1132775.769007166
2025-04-26T03:10:00.000+0000,1189501.2608882892,26641.75714722489,1132147.28457441
2025-04-26T03:20:00.000+0000,1192836.2960140565,28121.041772024975,1128753.6416967397
2025-04-26T03:30:00.000+0000,1194234.1593680247,28121.041772024975,1129288.4659223207
2025-04-26T03:40:00.000+0000,1192822.2271681451,28121.041772024975,1129439.0166414012
2025-04-26T03:50:00.000+0000,1193437.6629753057,28121.041772024975,1128586.917698214
2025-04-26T04:00:00.000+0000,1192640.1514253612,28121.041772024975,1129153.4817856592
2025-04-26T04:10:00.000+0000,1193071.8770383445,28121.041772024975,1129763.5165097252
2025-04-26T04:20:00.000+0000,1193872.866213961,28121.041772024975,1127710.852992213
2025-04-26T04:30:00.000+0000,1197431.3517562724,28121.041772024975,1125888.512568418
2025-04-26T04:40:00.000+0000,1197347.7904188645,28121.041772024975,1126717.2846483062
2025-04-26T04:50:00.000+0000,1198094.5391615697,42227.09389522515,1125645.666307458
2025-04-26T05:00:00.000+0000,1199178.394263265,42227.09389522515,1124576.904022119
2025-04-26T05:10:00.000+0000,1199288.2200422972,42227.09389522515,1123957.2992641195
2025-04-26T05:20:00.000+0000,1198276.5439511607,42227.09389522515,1124151.8996172599
2025-04-26T05:30:00.000+0000,1197030.272106889,42227.09389522515,1126546.9337668046
2025-04-26T05:40:00.000+0000,1195107.979861937,42227.09389522515,1126822.486197622
2025-04-26T05:50:00.000+0000,1195316.0705560965,42227.09389522515,1127872.9562392957
2025-04-26T06:00:00.000+0000,1195454.7970260656,42227.09389522515,1127634.1592768321
2025-04-26T06:10:00.000+0000,1193734.5864763213,42227.09389522515,1128374.021431528
2025-04-26T06:20:00.000+0000,1193716.411348065,42227.09389522515,1128662.1571471822
2025-04-26T06:30:00.000+0000,1190161.5050001051,42227.09389522515,1129340.9278588458
2025-04-26T06:40:00.000+0000,1189909.596298417,42227.09389522515,1130566.292632514
2025-04-26T06:50:00.000+0000,1189210.7301889367,42227.09389522515,1131274.721906724
2025-04-26T07:00:00.000+0000,1189599.9018823137,42227.09389522515,1131602.7586110565
2025-04-26T07:10:00.000+0000,1187215.8190356253,42227.09389522515,1132555.3007593954
2025-04-26T07:20:00.000+0000,1187705.6833204334,42227.09389522515,1132935.3895326268
2025-04-26T07:30:00.000+0000,1188050.400815641,42227.09389522515,1132231.8148080613
2025-04-26T07:40:00.000+0000,1188970.8111778174,42227.09389522515,1130881.3937307196
2025-04-26T07:50:00.000+0000,1188868.6041888725,42227.09389522515,1129803.582449241
2025-04-26T08:00:00.000+0000,1190823.9384190731,42227.09389522515,1129520.8098603212
2025-04-26T08:10:00.000+0000,1191749.8633360732,42227.09389522515,1127874.6348062004
2025-04-26T08:20:00.000+0000,1187791.6521602976,42227.09389522515,1130769.684915069
2025-04-26T08:30:00.000+0000,1190386.8012987608,42321.54047746497,1134489.4253326748
2025-04-26T08:40:00.000+0000,1191477.3731527529,42321.54047746497,1128953.1341339082
2025-04-26T08:50:00.000+0000,1196701.9946291368,42321.54047746497,1127728.5705389846
2025-04-26T09:00:00.000+0000,1197495.4622568085,42321.54047746497,1126299.6148694246
2025-04-26T09:10:00.000+0000,1198587.5864379453,42321.54047746497,1127745.7630541543
2025-04-26T09:20:00.000+0000,1198684.0931008004,42321.54047746497,1126427.957188085
2025-04-26T09:30:00.000+0000,1204177.966872889,29349.97747746497,1122016.360598895
2025-04-26T09:40:00.000+0000,1205650.3420708096,29349.97747746497,1121910.521603317
2025-04-26T09:50:00.000+0000,1203534.975608897,29349.97747746497,1122742.117401143
2025-04-26T10:00:00.000+0000,1203402.553941049,29349.97747746497,1123259.7407751763
2025-04-26T10:10:00.000+0000,1204972.6786056324,29349.97747746497,1123846.605146024
2025-04-26T10:20:00.000+0000,1203831.858022809,29349.97747746497,1124576.8386503388
2025-04-26T10:30:00.000+0000,1203725.311857985,29368.02972410494,1124844.529697966
2025-04-26T10:40:00.000+0000,1202831.681344777,29368.02972410494,1125293.5998453805
2025-04-26T10:50:00.000+0000,1204982.4169687054,29368.02972410494,1123599.736355156
2025-04-26T11:00:00.000+0000,1205286.7792938969,29368.02972410494,1122155.007125486
2025-04-26T11:10:00.000+0000,1206184.294366969,29368.02972410494,1121450.234711519
2025-04-26T11:20:00.000+0000,1207887.7478630887,29368.02972410494,1119316.1922697464
2025-04-26T11:30:00.000+0000,1208742.5250538406,29368.02972410494,1118730.015418844
2025-04-26T11:40:00.000+0000,1211082.0277931686,29368.02972410494,1116489.0327085247
2025-04-26T11:50:00.000+0000,1209903.2197146725,29368.02972410494,1115549.8962387228
2025-04-26T12:00:00.000+0000,1208793.7760402248,42339.54020730502,1117701.7409622567
2025-04-26T12:10:00.000+0000,1208157.3178144647,42339.54020730502,1119454.0863731052
2025-04-26T12:20:00.000+0000,1208396.2532430813,42339.54020730502,1119079.1303240913
2025-04-26T12:30:00.000+0000,1208731.9283180174,42339.54020730502,1119725.4635575775
2025-04-26T12:40:00.000+0000,1209672.166045601,42339.54020730502,1118906.8650518921
2025-04-26T12:50:00.000+0000,1209619.1660495447,42339.54020730502,1118265.4529269477
2025-04-26T13:00:00.000+0000,1208554.4443588648,42339.54020730502,1118733.2267694243
2025-04-26T13:10:00.000+0000,1209500.8645365292,42339.54020730502,1118634.5600401605
2025-04-26T13:20:00.000+0000,1210379.2889943207,42339.54020730502,1117061.242778591
2025-04-26T13:30:00.000+0000,1210662.227881985,42339.54020730502,1116006.9620336376
2025-04-26T13:40:00.000+0000,1210184.2704540645,42339.54020730502,1113910.4696346
2025-04-26T13:50:00.000+0000,1207862.910528865,42339.54020730502,1116697.4795160936
2025-04-26T14:00:00.000+0000,1207452.484032945,54033.807702984894,1116594.2791997946
2025-04-26T14:10:00.000+0000,1209308.4011405203,56572.569567384664,1116607.6854872413
2025-04-26T14:20:00.000+0000,1208286.527274137,56572.569567384664,1116450.4170240709
2025-04-26T14:30:00.000+0000,1207086.4397128567,56572.569567384664,1119149.9685079032
2025-04-26T14:40:00.000+0000,1206687.4057656005,56572.569567384664,1119657.5154921056
2025-04-26T14:50:00.000+0000,1209129.460717473,56572.569567384664,1119548.2438038848
2025-04-26T15:00:00.000+0000,1206994.2863245932,56572.569567384664,1120130.6642606528
2025-04-26T15:10:00.000+0000,1206857.291268385,56572.569567384664,1121144.7334568899
2025-04-26T15:20:00.000+0000,1206027.5174788965,56572.569567384664,1121191.3343469757
2025-04-26T15:30:00.000+0000,1205744.2719167687,56572.569567384664,1122563.7602820296
2025-04-26T15:40:00.000+0000,1205103.0667615933,56572.569567384664,1122490.7987440703
2025-04-26T15:50:00.000+0000,1205092.951150561,56572.569567384664,1123975.3246035364
2025-04-26T16:00:00.000+0000,1206150.1439192006,56572.569567384664,1121740.550833913
2025-04-26T16:10:00.000+0000,1206943.380182113,56572.569567384664,1122092.5068864708
2025-04-26T16:20:00.000+0000,1205455.8383983294,56572.569567384664,1123326.7192760836
2025-04-26T16:30:00.000+0000,1206197.9552495126,56572.569567384664,1122327.0081131225
2025-04-26T16:40:00.000+0000,1208123.4570547598,56572.569567384664,1120426.6219757409
2025-04-26T16:50:00.000+0000,1207956.7133864965,56572.569567384664,1122221.3932372523
2025-04-26T17:00:00.000+0000,1207754.2843094163,56572.569567384664,1122916.4779100285
2025-04-26T17:10:00.000+0000,1208017.2192730333,56572.569567384664,1122392.5851795631
2025-04-26T17:20:00.000+0000,1206710.407039849,56572.569567384664,1122809.6129347146
2025-04-26T17:30:00.000+0000,1207201.8235518807,56572.569567384664,1123998.067250477
2025-04-26T17:40:00.000+0000,1206851.2032726803,56572.569567384664,1123998.354653129
2025-04-26T17:50:00.000+0000,1206982.0632009208,56572.569567384664,1123496.7943279664
2025-04-26T18:00:00.000+0000,1207765.3546260728,56572.569567384664,1122699.5426476016
2025-04-26T18:10:00.000+0000,1208469.083702065,56572.569567384664,1122364.5338866883
2025-04-26T18:20:00.000+0000,1207675.543872201,56572.569567384664,1122886.6772405372
2025-04-26T18:30:00.000+0000,1208199.3034590564,56572.569567384664,1123966.2101511525
2025-04-26T18:40:00.000+0000,1208684.0886204166,56572.569567384664,1123456.8113738832
2025-04-26T18:50:00.000+0000,1208628.4127667611,56572.569567384664,1121675.2037954428
2025-04-26T19:00:00.000+0000,1209971.5324507286,56572.569567384664,1121056.4759991341
2025-04-26T19:10:00.000+0000,1211082.452333264,56572.569567384664,1120710.2965629252
2025-04-26T19:20:00.000+0000,1210082.2383650884,56572.569567384664,1121983.8413902111
2025-04-26T19:30:00.000+0000,1209106.9654081287,56572.569567384664,1122480.998431382
2025-04-26T19:40:00.000+0000,1208509.9448869445,56572.569567384664,1123466.3680354957
2025-04-26T19:50:00.000+0000,1207866.8666014727,56572.569567384664,1124472.3029168344
2025-04-26T20:00:00.000+0000,1207439.1594611367,56572.569567384664,1126254.356542008
2025-04-26T20:10:00.000+0000,1208319.7861357448,56572.569567384664,1124746.6373549127
2025-04-26T20:20:00.000+0000,1210191.9861665526,56572.569567384664,1123809.3362362909
2025-04-26T20:30:00.000+0000,1209917.8786581287,56572.569567384664,1123794.560036118
2025-04-26T20:40:00.000+0000,1209997.6070643365,56572.569567384664,1123949.4938709354
2025-04-26T20:50:00.000+0000,1210859.1578318886,56572.569567384664,1121671.640943434
2025-04-26T21:00:00.000+0000,1210946.5263411207,56572.569567384664,1122245.5956369645
2025-04-26T21:10:00.000+0000,1209363.3137952248,56572.569567384664,1123875.6996125744
2025-04-26T21:20:00.000+0000,1209932.133674984,56572.569567384664,1123769.0932091612
2025-04-26T21:30:00.000+0000,1210204.5646357203,56572.569567384664,1124362.702538537
2025-04-26T21:40:00.000+0000,1210478.2095145448,56572.569567384664,1124770.0110068114
2025-04-26T21:50:00.000+0000,1211359.8286445527,56572.569567384664,1124021.3545817763
2025-04-26T22:00:00.000+0000,1208876.9141065208,56572.569567384664,1124986.5222374056
2025-04-26T22:10:00.000+0000,1206513.4421579132,56572.569567384664,1127950.4347275714
2025-04-26T22:20:00.000+0000,1207171.3863611289,56572.569567384664,1129139.99733854
2025-04-26T22:30:00.000+0000,1206165.3116852725,56572.569567384664,1129107.4548925704
2025-04-26T22:40:00.000+0000,1206252.7115793766,56572.569567384664,1129843.2550771146
2025-04-26T22:50:00.000+0000,1206508.337404985,56572.569567384664,1127389.153827048
2025-04-26T23:00:00.000+0000,1207828.4893078892,56572.569567384664,1127988.187662434
2025-04-26T23:10:00.000+0000,1209167.030047944,56572.569567384664,1126693.8960825733
2025-04-26T23:20:00.000+0000,1209000.857822161,56572.569567384664,1127997.0705264877
2025-04-26T23:30:00.000+0000,1209494.4180678325,56572.569567384664,1127194.608396528
2025-04-26T23:40:00.000+0000,1209097.8310514647,56572.569567384664,1127375.0140942456
2025-04-26T23:50:00.000+0000,1207803.4800113451,56572.569567384664,1128302.773870572
2025-04-27T00:00:00.000+0000,1206858.8328940966,56572.569567384664,1128360.158758255
2025-04-27T00:10:00.000+0000,1203006.031742785,56572.569567384664,1132680.1615615562
2025-04-27T00:20:00.000+0000,1203200.4550496086,56572.569567384664,1135033.6305911944
2025-04-27T00:30:00.000+0000,1202919.2980752722,56572.569567384664,1135861.2914260428
2025-04-27T00:40:00.000+0000,1203579.6325147687,56572.569567384664,1135646.686551941
2025-04-27T00:50:00.000+0000,1203391.6181067207,56572.569567384664,1135856.5383287745
2025-04-27T01:00:00.000+0000,1205592.7697355521,56572.569567384664,1135062.8651937472
2025-04-27T01:10:00.000+0000,1203433.7007236723,56572.569567384664,1136051.4160839838
2025-04-27T01:20:00.000+0000,1206995.051352081,56572.569567384664,1127816.127990541
2025-04-27T01:30:00.000+0000,1213793.9432837602,56572.569567384664,1119258.7482468565
2025-04-27T01:40:00.000+0000,1216430.7219619288,56572.569567384664,1121435.5112469725
2025-04-27T01:50:00.000+0000,1219393.2474639928,56572.569567384664,1115533.6811097658
2025-04-27T02:00:00.000+0000,1222240.2924444403,56572.569567384664,1116877.642286277
2025-04-27T02:10:00.000+0000,1219026.0392657525,56572.569567384664,1120938.0510899047
2025-04-27T02:20:00.000+0000,1217319.3892389047,56572.569567384664,1122928.0270173303
2025-04-27T02:30:00.000+0000,1218737.8877815043,56572.569567384664,1120908.920611336
2025-04-27T02:40:00.000+0000,1220761.3147439042,56572.569567384664,1117215.030895724
2025-04-27T02:50:00.000+0000,1221983.3750728974,56572.569567384664,1117938.4424840726
2025-04-27T03:00:00.000+0000,1219689.1068469847,56572.569567384664,1120699.780523267
2025-04-27T03:10:00.000+0000,1220541.286317577,56572.569567384664,1120384.4444803444
2025-04-27T03:20:00.000+0000,1222724.2799244567,56572.569567384664,1118032.7767761627
2025-04-27T03:30:00.000+0000,1220719.4547786885,56572.569567384664,1118464.8305929988
2025-04-27T03:40:00.000+0000,1220376.742637913,56572.569567384664,1119648.172770672
2025-04-27T03:50:00.000+0000,1219225.5223515132,56572.569567384664,1118630.8443081202
2025-04-27T04:00:00.000+0000,1218541.5461006085,56572.569567384664,1119867.559898912
2025-04-27T04:10:00.000+0000,1217777.2833303441,56572.569567384664,1120580.1270413864
2025-04-27T04:20:00.000+0000,1219393.1355136246,56572.569567384664,1120368.1497239463
2025-04-27T04:30:00.000+0000,1219747.4812400811,56572.569567384664,1116723.9487618073
2025-04-27T04:40:00.000+0000,1223116.4539340567,56572.569567384664,1116410.536735619
2025-04-27T04:50:00.000+0000,1225093.3028986894,56572.569567384664,1114998.4218015743
2025-04-27T05:00:00.000+0000,1224246.049723905,56572.569567384664,1115104.779935842
2025-04-27T05:10:00.000+0000,1224362.3459624248,56572.569567384664,1115765.677355867
2025-04-27T05:20:00.000+0000,1226231.2781196246,56572.569567384664,1110238.2656294995
2025-04-27T05:30:00.000+0000,1227519.2007665765,56572.569567384664,1111386.4640834166
2025-04-27T05:40:00.000+0000,1225533.395822465,56572.569567384664,1113515.7233987316
2025-04-27T05:50:00.000+0000,1226139.7871010406,56572.569567384664,1113226.2581222127
2025-04-27T06:00:00.000+0000,1224491.2808819055,56572.569567384664,1114447.7928487728
2025-04-27T06:10:00.000+0000,1223860.171983257,56572.569567384664,1115595.8404094877
2025-04-27T06:20:00.000+0000,1223406.8843536964,56572.569567384664,1115700.8597069194
2025-04-27T06:30:00.000+0000,1222541.8132146965,56572.569567384664,1116380.4774030065
2025-04-27T06:40:00.000+0000,1222225.421660593,56572.569567384664,1115151.5976930643
2025-04-27T06:50:00.000+0000,1222344.1186969357,56572.569567384664,1115163.7429887839
2025-04-27T07:00:00.000+0000,1221274.782610729,56572.569567384664,1116271.8053895743
2025-04-27T07:10:00.000+0000,1221021.606573721,56854.413511704886,1115258.9358776277
2025-04-27T07:20:00.000+0000,1219991.445402489,56854.413511704886,1117871.6308444277
2025-04-27T07:30:00.000+0000,1219169.8807304492,56854.413511704886,1118101.5375899165
2025-04-27T07:40:00.000+0000,1218015.704760489,56854.413511704886,1118727.069411617
2025-04-27T07:50:00.000+0000,1219037.3257593294,56854.413511704886,1118446.7604878466
2025-04-27T08:00:00.000+0000,1219299.3021204397,79216.53009522388,1118025.1342749142
2025-04-27T08:10:00.000+0000,1216282.6523024954,79216.53009522388,1118933.7531589465
2025-04-27T08:20:00.000+0000,1216004.1182581359,79216.53009522388,1120936.8422345584
2025-04-27T08:30:00.000+0000,1214388.2140964714,79216.53009522388,1122170.0633075805
2025-04-27T08:40:00.000+0000,1213145.4855752715,79216.53009522388,1122725.533557437
2025-04-27T08:50:00.000+0000,1212703.6666034393,79216.53009522388,1122736.860627645
2025-04-27T09:00:00.000+0000,1212539.9985826872,79216.53009522388,1121904.6451544003
2025-04-27T09:10:00.000+0000,1211920.3840411922,79216.53009522388,1121261.8114746271
2025-04-27T09:20:00.000+0000,1212418.8415858876,79216.53009522388,1121535.7390473704
2025-04-27T09:30:00.000+0000,1212148.0939074468,79216.53009522388,1121654.4501357975
2025-04-27T09:40:00.000+0000,1211555.1407098002,79216.53009522388,1122887.0379022353
2025-04-27T09:50:00.000+0000,1212373.4573323596,79216.53009522388,1122725.8511962004
2025-04-27T10:00:00.000+0000,1212461.5304074879,79216.53009522388,1122115.0072876955
2025-04-27T10:10:00.000+0000,1212618.8474231116,79216.53009522388,1122094.4832779788
2025-04-27T10:20:00.000+0000,1213434.8736694397,79216.53009522388,1121163.7573985446
2025-04-27T10:30:00.000+0000,1212813.299117208,79216.53009522388,1120387.7296173247
2025-04-27T10:40:00.000+0000,1212889.771690168,79216.53009522388,1121181.1498691672
2025-04-27T10:50:00.000+0000,1212355.3265186236,79216.53009522388,1122028.1958084027
2025-04-27T11:00:00.000+0000,1211912.8596455283,79216.53009522388,1120502.6061164434
2025-04-27T11:10:00.000+0000,1213567.3262525355,79216.53009522388,1120261.5389744681
2025-04-27T11:20:00.000+0000,1213102.8241717203,79216.53009522388,1120469.4970664645
2025-04-27T11:30:00.000+0000,1213184.3844312723,79216.53009522388,1120955.1073401882
2025-04-27T11:40:00.000+0000,1214296.9125761671,79216.53009522388,1120688.672670249
2025-04-27T11:50:00.000+0000,1213726.7758707118,79216.53009522388,1120014.7938384179
2025-04-27T12:00:00.000+0000,1215578.414104128,79216.53009522388,1118687.7905630432
2025-04-27T12:10:00.000+0000,1216650.891385368,90926.21436760799,1118162.6267011547
2025-04-27T12:20:00.000+0000,1216257.6020187677,90926.21436760799,1117233.6189354407
2025-04-27T12:30:00.000+0000,1217929.0732212078,90926.21436760799,1115615.9886189732
2025-04-27T12:40:00.000+0000,1211670.974858288,94680.7417408879,1117283.700783969
2025-04-27T12:50:00.000+0000,1211609.1515865037,130381.61545506395,1116220.9486981982
2025-04-27T13:00:00.000+0000,1212243.793966104,144848.78245506447,1112816.413789603
2025-04-27T13:10:00.000+0000,1212461.8049576723,144848.78245506447,1115661.3544375468
2025-04-27T13:20:00.000+0000,1212524.80915396,151925.9398761205,1115636.5222985889
2025-04-27T13:30:00.000+0000,1209630.2296116084,151925.9398761205,1117090.5521459004
2025-04-27T13:40:00.000+0000,1206841.3548577207,151925.9398761205,1119672.1893129337
2025-04-27T13:50:00.000+0000,1207909.7249973048,151925.9398761205,1119420.9564673658
2025-04-27T14:00:00.000+0000,1207464.4257818966,151925.9398761205,1120140.520070139
2025-04-27T14:10:00.000+0000,1205952.7628005212,151925.9398761205,1119531.1379246467
2025-04-27T14:20:00.000+0000,1205198.2821482967,151925.9398761205,1122548.6776945717
2025-04-27T14:30:00.000+0000,1204097.6409862007,151925.9398761205,1122247.3358818223
2025-04-27T14:40:00.000+0000,1205397.7356777205,151925.9398761205,1121270.262441337
2025-04-27T14:50:00.000+0000,1207172.6177552247,151925.9398761205,1120650.9268647307
2025-04-27T15:00:00.000+0000,1207606.9371615131,151925.9398761205,1118455.8685320027
2025-04-27T15:10:00.000+0000,1205877.0662662326,159243.2881106805,1119918.8460228932
2025-04-27T15:20:00.000+0000,1206564.9147668567,159243.2881106805,1118205.4014300653
2025-04-27T15:30:00.000+0000,1208159.089166249,159243.2881106805,1118686.728774716
2025-04-27T15:40:00.000+0000,1208829.017474505,159243.2881106805,1119124.560589315
2025-04-27T15:50:00.000+0000,1208374.6248796247,159243.2881106805,1119787.7410868106
2025-04-27T16:00:00.000+0000,1207267.8830619606,159243.2881106805,1119981.9635444807
2025-04-27T16:10:00.000+0000,1207523.1558602166,159243.2881106805,1118848.3900993909
2025-04-27T16:20:00.000+0000,1210033.4086101684,159243.2881106805,1118355.512754668
2025-04-27T16:30:00.000+0000,1212396.7880528406,159243.2881106805,1116684.9609954306
2025-04-27T16:40:00.000+0000,1210358.1991497045,159243.2881106805,1117844.4353472504
2025-04-27T16:50:00.000+0000,1210158.6045732084,159243.2881106805,1117729.9471660885
2025-04-27T17:00:00.000+0000,1210752.6592689527,159243.2881106805,1118177.4631825155
2025-04-27T17:10:00.000+0000,1209034.3631664244,159243.2881106805,1120113.9640090133
2025-04-27T17:20:00.000+0000,1208971.3865680408,159243.2881106805,1121348.867875808
2025-04-27T17:30:00.000+0000,1210415.9771103284,159243.2881106805,1120046.7948679216
2025-04-27T17:40:00.000+0000,1209470.8112883768,159243.2881106805,1120790.429738907
2025-04-27T17:50:00.000+0000,1209063.3745986964,159243.2881106805,1121934.2807191242
2025-04-27T18:00:00.000+0000,1207799.058461416,159243.2881106805,1121144.3699257919
2025-04-27T18:10:00.000+0000,1206215.2304982482,159243.2881106805,1123058.6692156123
2025-04-27T18:20:00.000+0000,1205904.8669878482,159243.2881106805,1123993.534651463
2025-04-27T18:30:00.000+0000,1205472.0188835764,159243.2881106805,1124550.335915437
2025-04-27T18:40:00.000+0000,1203562.2163888237,159243.2881106805,1126469.67303357
2025-04-27T18:50:00.000+0000,1204946.9341676726,159243.2881106805,1125571.552360795
2025-04-27T19:00:00.000+0000,1204681.0656727606,159243.2881106805,1125207.1998414316
2025-04-27T19:10:00.000+0000,1205761.046076697,159243.2881106805,1124476.6955873035
2025-04-27T19:20:00.000+0000,1204131.7801330169,159243.2881106805,1124344.2641120285
2025-04-27T19:30:00.000+0000,1204271.7975893687,159243.2881106805,1125454.5424744054
2025-04-27T19:40:00.000+0000,1203594.8039379127,159243.2881106805,1126062.5944695044
2025-04-27T19:50:00.000+0000,1202544.162963641,159243.2881106805,1126972.5313020714
2025-04-27T20:00:00.000+0000,1202706.6335830807,159243.2881106805,1124738.0821934494
2025-04-27T20:10:00.000+0000,1204198.507668249,159243.2881106805,1124513.008730727
2025-04-27T20:20:00.000+0000,1206199.860484105,159243.2881106805,1122562.319196367
2025-04-27T20:30:00.000+0000,1206334.8357974011,159243.2881106805,1123218.3424401288
2025-04-27T20:40:00.000+0000,1206325.798093353,159243.2881106805,1122906.7869122666
2025-04-27T20:50:00.000+0000,1206534.4214410484,159243.2881106805,1122576.5805019075
2025-04-27T21:00:00.000+0000,1209558.5728429202,159243.2881106805,1121096.7038939523
2025-04-27T21:10:00.000+0000,1208193.9942598161,159243.2881106805,1121150.3578704605
2025-04-27T21:20:00.000+0000,1207537.5040125046,159243.2881106805,1123166.9102815466
2025-04-27T21:30:00.000+0000,1207032.7388679285,159243.2881106805,1124284.8727438988
2025-04-27T21:40:00.000+0000,1205224.1987184405,159243.2881106805,1125449.1889258143
2025-04-27T21:50:00.000+0000,1205452.7096233524,159243.2881106805,1124438.3939258468
2025-04-27T22:00:00.000+0000,1207243.4966666964,159243.2881106805,1119531.2426056177
2025-04-27T22:10:00.000+0000,1209663.5876638007,159243.2881106805,1117899.2561635736
2025-04-27T22:20:00.000+0000,1209789.4945576403,159243.2881106805,1116994.9534903453
2025-04-27T22:30:00.000+0000,1212671.9749470644,159243.2881106805,1115302.9794494947
2025-04-27T22:40:00.000+0000,1210840.8479015601,159243.2881106805,1117400.7680603918
2025-04-27T22:50:00.000+0000,1210913.3956568888,159243.2881106805,1118348.5824267976
2025-04-27T23:00:00.000+0000,1211532.6060919287,159243.2881106805,1116047.3805339066
2025-04-27T23:10:00.000+0000,1212024.5776195922,159243.2881106805,1115758.046030228
2025-04-27T23:20:00.000+0000,1211977.713840632,159243.2881106805,1117122.8922481353
2025-04-27T23:30:00.000+0000,1210734.4122782329,159243.2881106805,1117378.0242036914
2025-04-27T23:40:00.000+0000,1211319.7720354963,159243.2881106805,1116274.3362321951
2025-04-27T23:50:00.000+0000,1212505.5611047284,159243.2881106805,1116191.9802314192
2025-04-28T00:00:00.000+0000,1214182.7973014798,159243.2881106805,1109872.617699826
2025-04-28T00:10:00.000+0000,1216881.199331497,163570.8366000404,1109340.7739177789
2025-04-28T00:20:00.000+0000,1216375.6536518484,163570.8366000404,1109742.3712692768
2025-04-28T00:30:00.000+0000,1212706.1625950478,163570.8366000404,1112575.5558510756
2025-04-28T00:40:00.000+0000,1214178.708834872,163570.8366000404,1109477.1920374318
2025-04-28T00:50:00.000+0000,1217047.5222266486,163570.8366000404,1108801.930975849
2025-04-28T01:00:00.000+0000,1217510.8927734166,163570.8366000404,1107373.3816778802
2025-04-28T01:10:00.000+0000,1220517.4144703448,163570.8366000404,1106931.1404054256
2025-04-28T01:20:00.000+0000,1224371.714321736,163570.8366000404,1103728.7821754627
2025-04-28T01:30:00.000+0000,1224944.831381,163570.8366000404,1097091.5456647843
2025-04-28T01:40:00.000+0000,1228863.9735170328,163570.8366000404,1097125.429403681
2025-04-28T01:50:00.000+0000,1229249.896451496,163570.8366000404,1098943.5827339024
2025-04-28T02:00:00.000+0000,1226909.0215907446,163570.8366000404,1098872.948231912
2025-04-28T02:10:00.000+0000,1226979.7771209995,163570.8366000404,1101343.2517791805
2025-04-28T02:20:00.000+0000,1225936.6699348716,163570.8366000404,1103478.033211347
2025-04-28T02:30:00.000+0000,1224880.4116580402,163570.8366000404,1104320.8665894005
2025-04-28T02:40:00.000+0000,1225395.757591208,163570.8366000404,1104341.5219135932
2025-04-28T02:50:00.000+0000,1224629.9725697201,163570.8366000404,1105964.8905526812
2025-04-28T03:00:00.000+0000,1224332.8874481043,163570.8366000404,1104772.895654626
2025-04-28T03:10:00.000+0000,1222385.748926088,163570.8366000404,1105210.1812118813
2025-04-28T03:20:00.000+0000,1217963.947079785,163570.8366000404,1109120.3744038627
2025-04-28T03:30:00.000+0000,1209758.1248335124,163570.8366000404,1113783.198006761
2025-04-28T03:40:00.000+0000,1211567.0283320877,163570.8366000404,1114396.0905463274
2025-04-28T03:50:00.000+0000,1210813.10591292,163570.8366000404,1115978.7989662497
2025-04-28T04:00:00.000+0000,1209899.1090958004,163629.85334884046,1117214.1440547868
2025-04-28T04:10:00.000+0000,1208338.7981439605,163661.24091868053,1118118.874414377
2025-04-28T04:20:00.000+0000,1206354.682207561,163661.24091868053,1118764.3556753886
2025-04-28T04:30:00.000+0000,1206884.9280712407,163661.24091868053,1119880.6225286345
2025-04-28T04:40:00.000+0000,1208560.9831536403,163661.24091868053,1119037.1627704487
2025-04-28T04:50:00.000+0000,1209569.4982955605,163661.24091868053,1117906.7406541314
2025-04-28T05:00:00.000+0000,1208266.5694731607,163661.24091868053,1117957.533841359
2025-04-28T05:10:00.000+0000,1207504.0365878805,163661.24091868053,1120372.8049959263
2025-04-28T05:20:00.000+0000,1206003.0196628403,163661.24091868053,1120807.750260059
2025-04-28T05:30:00.000+0000,1207679.9600364405,163661.24091868053,1120326.1222122745
2025-04-28T05:40:00.000+0000,1208083.6423320402,163661.24091868053,1121155.6192620278
2025-04-28T05:50:00.000+0000,1206185.5702054803,163661.24091868053,1121572.5353053762
2025-04-28T06:00:00.000+0000,1204770.0883975606,163661.24091868053,1124243.989734517
2025-04-28T06:10:00.000+0000,1204129.2666654007,163661.24091868053,1124599.673254672
2025-04-28T06:20:00.000+0000,1203400.4034228402,163661.24091868053,1124384.4828027147
2025-04-28T06:30:00.000+0000,1201560.5780615606,163661.24091868053,1125479.8451316236
2025-04-28T06:40:00.000+0000,1197437.7360758802,163661.24091868053,1127999.1938469717
2025-04-28T06:50:00.000+0000,1199523.9401763608,163661.24091868053,1127869.5795764914
2025-04-28T07:00:00.000+0000,1199207.2855029195,163661.24091868053,1128807.695309423
2025-04-28T07:10:00.000+0000,1199379.5861520404,163661.24091868053,1128151.2915031482
2025-04-28T07:20:00.000+0000,1197021.42918804,163661.24091868053,1129773.7773527163
2025-04-28T07:30:00.000+0000,1196747.6048229206,163661.24091868053,1130717.6310622331
2025-04-28T07:40:00.000+0000,1198036.5016798803,163661.24091868053,1130617.545704028
2025-04-28T07:50:00.000+0000,1197931.4955520406,163661.24091868053,1130279.6877467828
2025-04-28T08:00:00.000+0000,1196661.7330753205,163661.24091868053,1129553.1786690108
2025-04-28T08:10:00.000+0000,1195432.3776470805,163661.24091868053,1130586.4865707397
2025-04-28T08:20:00.000+0000,1195882.8808559608,163661.24091868053,1130447.4783790782
2025-04-28T08:30:00.000+0000,1195404.7854385197,163661.24091868053,1131780.9473397853
2025-04-28T08:40:00.000+0000,1194584.747993721,163661.24091868053,1131196.6857712816
2025-04-28T08:50:00.000+0000,1196182.2996291607,163661.24091868053,1130565.2363055295
2025-04-28T09:00:00.000+0000,1194400.6416966808,163661.24091868053,1132535.6656498187
2025-04-28T09:10:00.000+0000,1196105.8409450804,163661.24091868053,1131634.6932527823
2025-04-28T09:20:00.000+0000,1196690.1661106807,163661.24091868053,1132257.4889907502
2025-04-28T09:30:00.000+0000,1194890.2934616404,163661.24091868053,1133253.4621005678
2025-04-28T09:40:00.000+0000,1194580.4296511607,163661.24091868053,1133146.3714086153
2025-04-28T09:50:00.000+0000,1194821.0559959605,163661.24091868053,1132370.103857687
2025-04-28T10:00:00.000+0000,1195747.2115782804,163661.24091868053,1126457.2360386832
2025-04-28T10:10:00.000+0000,1196323.779654521,163661.24091868053,1128993.0619977466
2025-04-28T10:20:00.000+0000,1192618.8551671607,163661.24091868053,1125694.1330915731
2025-04-28T10:30:00.000+0000,1190589.8456743609,163661.24091868053,1131581.2597659333
2025-04-28T10:40:00.000+0000,1188586.3694386003,163661.24091868053,1139033.8957202313
2025-04-28T10:50:00.000+0000,1190674.66056812,163661.24091868053,1137353.2471093303
2025-04-28T11:00:00.000+0000,1191573.5541774805,163661.24091868053,1135505.9477503542
2025-04-28T11:10:00.000+0000,1192308.4043266806,163661.24091868053,1136746.3753696945
2025-04-28T11:20:00.000+0000,1192020.3030922003,163661.24091868053,1137933.9118587803
2025-04-28T11:30:00.000+0000,1191659.5420321198,163661.24091868053,1139609.9651008479
2025-04-28T11:40:00.000+0000,1192559.1088025207,163661.24091868053,1137831.1921086824
2025-04-28T11:50:00.000+0000,1195608.4030140413,163661.24091868053,1135912.8232129975
2025-04-28T12:00:00.000+0000,1197165.3195835608,163661.24091868053,1132946.4154401564
2025-04-28T12:10:00.000+0000,1199450.6314702802,163661.24091868053,1132722.8866933372
2025-04-28T12:20:00.000+0000,1199687.5169102002,163661.24091868053,1132382.767784659
2025-04-28T12:30:00.000+0000,1198554.3195938803,163661.24091868053,1133286.164972183
2025-04-28T12:40:00.000+0000,1198882.8526570008,163661.24091868053,1134122.9065358639
2025-04-28T12:50:00.000+0000,1200240.0331433208,163661.24091868053,1132360.8587452564
2025-04-28T13:00:00.000+0000,1200458.2736111605,163661.24091868053,1131754.6663898886
2025-04-28T13:10:00.000+0000,1202547.6748518804,163661.24091868053,1130207.9265235974
2025-04-28T13:20:00.000+0000,1202464.2727270005,163661.24091868053,1126739.8968786935
2025-04-28T13:30:00.000+0000,1206229.3588465208,163661.24091868053,1120750.5140659595
2025-04-28T13:40:00.000+0000,1209411.4623255609,163661.24091868053,1121272.4697186723
2025-04-28T13:50:00.000+0000,1210134.7623222806,163661.24091868053,1115701.3241543924
2025-04-28T14:00:00.000+0000,1212462.3362722807,163661.24091868053,1115847.1013536695
2025-04-28T14:10:00.000+0000,1212465.5859704402,163661.24091868053,1120086.2874290675
2025-04-28T14:20:00.000+0000,1211608.1898365202,163661.24091868053,1119956.1121668902
2025-04-28T14:30:00.000+0000,1216204.7926101205,163661.24091868053,1115195.5272337766
2025-04-28T14:40:00.000+0000,1214487.1572186006,163661.24091868053,1116507.3248865725
2025-04-28T14:50:00.000+0000,1216118.5840322012,163661.24091868053,1114056.6279442483
2025-04-28T15:00:00.000+0000,1217538.1213930808,163661.24091868053,1110826.7998076659
2025-04-28T15:10:00.000+0000,1220718.0922795604,163661.24091868053,1109331.078984354
2025-04-28T15:20:00.000+0000,1223944.88427916,163661.24091868053,1103538.4178213093
2025-04-28T15:30:00.000+0000,1225103.7246646008,163661.24091868053,1102709.0236013161
2025-04-28T15:40:00.000+0000,1226451.0037783603,180689.84392924042,1102828.3800111806
2025-04-28T15:50:00.000+0000,1224980.3811184398,180689.84392924042,1102942.69112008
2025-04-28T16:00:00.000+0000,1225363.5916046002,180689.84392924042,1103733.408900605
2025-04-28T16:10:00.000+0000,1226226.2878950003,180689.84392924042,1100776.289025857
2025-04-28T16:20:00.000+0000,1225473.4843000562,188268.60310760836,1101433.2452046603
2025-04-28T16:30:00.000+0000,1222490.7680834963,188268.60310760836,1104855.3689954039
2025-04-28T16:40:00.000+0000,1222675.173401128,188268.60310760836,1106287.4201834449
2025-04-28T16:50:00.000+0000,1224894.614266856,188268.60310760836,1103791.36786495
2025-04-28T17:00:00.000+0000,1223399.8911427443,188268.60310760836,1104606.6015510298
2025-04-28T17:10:00.000+0000,1225423.1702435277,188268.60310760836,1103053.5934029832
2025-04-28T17:20:00.000+0000,1224704.312270344,188268.60310760836,1103313.1890429156
2025-04-28T17:30:00.000+0000,1223291.6522032241,188268.60310760836,1102643.5914805175
2025-04-28T17:40:00.000+0000,1222001.5765500567,188268.60310760836,1106909.8335795277
2025-04-28T17:50:00.000+0000,1220806.283110408,188268.60310760836,1109862.667148899
2025-04-28T18:00:00.000+0000,1221271.6198229846,188268.60310760836,1109900.7449209818
2025-04-28T18:10:00.000+0000,1223075.199404104,188268.60310760836,1106908.9478835016
2025-04-28T18:20:00.000+0000,1222554.0279750652,188268.60310760836,1108170.1816769098
2025-04-28T18:30:00.000+0000,1222925.6276373207,188268.60310760836,1107392.4492215647
2025-04-28T18:40:00.000+0000,1221396.9485597205,188268.60310760836,1109268.4183738076
2025-04-28T18:50:00.000+0000,1221121.7087878322,188268.60310760836,1111308.2837102893
2025-04-28T19:00:00.000+0000,1216718.0840482009,188268.60310760836,1111875.095740226
2025-04-28T19:10:00.000+0000,1216506.0277090957,188268.60310760836,1116517.1323971832
2025-04-28T19:20:00.000+0000,1215095.9892829838,188268.60310760836,1120601.0316682656
2025-04-28T19:30:00.000+0000,1211561.473179768,188268.60310760836,1121195.0678401948
2025-04-28T19:40:00.000+0000,1211662.2098459115,188268.60310760836,1121901.6264672228
2025-04-28T19:50:00.000+0000,1212855.663578504,188268.60310760836,1122506.87753179
2025-04-28T20:00:00.000+0000,1213916.9983908564,188268.60310760836,1118337.376385319
2025-04-28T20:10:00.000+0000,1217365.5364315931,188268.60310760836,1116954.6082553437
2025-04-28T20:20:00.000+0000,1217161.5269098806,188268.60310760836,1116321.9442124534
2025-04-28T20:30:00.000+0000,1217554.3190845521,188268.60310760836,1116142.6897177093
2025-04-28T20:40:00.000+0000,1218226.5103210162,188268.60310760836,1114495.1928057098
2025-04-28T20:50:00.000+0000,1219549.728638824,188268.60310760836,1114295.93999238
2025-04-28T21:00:00.000+0000,1218620.8808320088,188268.60310760836,1115212.30585681
2025-04-28T21:10:00.000+0000,1219527.6483971593,188268.60310760836,1113979.4876445276
2025-04-28T21:20:00.000+0000,1219430.219862392,188268.60310760836,1114102.7069807083
2025-04-28T21:30:00.000+0000,1217933.3988179606,188268.60310760836,1115067.2235828561
2025-04-28T21:40:00.000+0000,1217822.8886568728,188268.60310760836,1115765.0504020927
2025-04-28T21:50:00.000+0000,1216492.9378094012,188268.60310760836,1116071.8335367506
2025-04-28T22:00:00.000+0000,1215454.6834778804,188268.60310760836,1118170.210608064
2025-04-28T22:10:00.000+0000,1215661.5207355923,188268.60310760836,1118623.1230523377
2025-04-28T22:20:00.000+0000,1218102.7182339767,188268.60310760836,1117697.3808072368
2025-04-28T22:30:00.000+0000,1216410.324612873,188268.60310760836,1117224.248289005
2025-04-28T22:40:00.000+0000,1215081.1579775282,188268.60310760836,1119118.6938512516
2025-04-28T22:50:00.000+0000,1214369.0039169204,188268.60310760836,1122419.5960713078
2025-04-28T23:00:00.000+0000,1214615.814390456,188268.60310760836,1122239.4583366287
2025-04-28T23:10:00.000+0000,1214878.8583268244,188268.60310760836,1120906.158529681
2025-04-28T23:20:00.000+0000,1215683.3211413042,188268.60310760836,1121394.6945113242
2025-04-28T23:30:00.000+0000,1213419.4855597836,188268.60310760836,1121924.4309979691
2025-04-28T23:40:00.000+0000,1212872.7681239117,188268.60310760836,1121854.074910015
2025-04-28T23:50:00.000+0000,1215244.1508388398,188268.60310760836,1121614.7637056916
2025-04-29T00:00:00.000+0000,1216150.7337118646,188268.60310760836,1120455.2683937314
2025-04-29T00:10:00.000+0000,1216218.9365059447,188268.60310760836,1119826.5058536762
2025-04-29T00:20:00.000+0000,1214153.218063816,188268.60310760836,1120488.792976106
2025-04-29T00:30:00.000+0000,1212362.7541018003,188268.60310760836,1122989.9895205472
2025-04-29T00:40:00.000+0000,1211670.5826622958,188268.60310760836,1122600.3033119375
2025-04-29T00:50:00.000+0000,1213547.446349192,188268.60310760836,1121727.8771730822
2025-04-29T01:00:00.000+0000,1211793.3604414323,188268.60310760836,1123473.4576726644
2025-04-29T01:10:00.000+0000,1210168.4840632882,188268.60310760836,1120429.3181225786
2025-04-29T01:20:00.000+0000,1212795.7586208398,188268.60310760836,1121391.3249146198
2025-04-29T01:30:00.000+0000,1210641.1706112882,188268.60310760836,1122868.3358125177
2025-04-29T01:40:00.000+0000,1208975.6533918483,188268.60310760836,1126181.994970042
2025-04-29T01:50:00.000+0000,1209564.4212004887,188268.60310760836,1122469.9882449764
2025-04-29T02:00:00.000+0000,1213590.575198488,188268.60310760836,1118966.0054136517
2025-04-29T02:10:00.000+0000,1215199.4486092557,188268.60310760836,1119974.9426057173
2025-04-29T02:20:00.000+0000,1215057.6670053522,188268.60310760836,1119835.9209265683
2025-04-29T02:30:00.000+0000,1214570.6634401365,188268.60310760836,1120533.6383310629
2025-04-29T02:40:00.000+0000,1215548.9853959444,188268.60310760836,1117835.0314903879
2025-04-29T02:50:00.000+0000,1217965.3742371444,188268.60310760836,1116861.4116069009
2025-04-29T03:00:00.000+0000,1217332.2512410644,188268.60310760836,1118700.747544812
2025-04-29T03:10:00.000+0000,1217483.5993256567,188268.60310760836,1118005.2226377795
2025-04-29T03:20:00.000+0000,1216259.2397974962,188268.60310760836,1119946.149300776
2025-04-29T03:30:00.000+0000,1215813.2172012562,188268.60310760836,1120299.3291739018
2025-04-29T03:40:00.000+0000,1216645.5251817682,188268.60310760836,1120385.3421500875
2025-04-29T03:50:00.000+0000,1216418.8484883122,188268.60310760836,1120765.8450503545
2025-04-29T04:00:00.000+0000,1217074.6457704406,188268.60310760836,1119393.364758262
2025-04-29T04:10:00.000+0000,1215683.485829448,188268.60310760836,1121361.9363858697
2025-04-29T04:20:00.000+0000,1213718.2496571436,188268.60310760836,1121440.726624101
2025-04-29T04:30:00.000+0000,1214641.1199697843,188268.60310760836,1120559.1392596127
2025-04-29T04:40:00.000+0000,1217623.0754953842,188268.60310760836,1115121.9424805017
2025-04-29T04:50:00.000+0000,1221741.7113486638,188268.60310760836,1114484.4037043604
2025-04-29T05:00:00.000+0000,1222459.729034616,188268.60310760836,1113438.645755321
2025-04-29T05:10:00.000+0000,1223716.7585058962,188268.60310760836,1112108.7708223283
2025-04-29T05:20:00.000+0000,1222012.1396927773,188268.60310760836,1113919.9566820313
2025-04-29T05:30:00.000+0000,1221286.5991099598,205197.13903592827,1114860.3339559245
2025-04-29T05:40:00.000+0000,1221989.5783962638,205197.13903592827,1114850.5881159757
2025-04-29T05:50:00.000+0000,1221449.1747453203,205197.13903592827,1115337.9720548668
2025-04-29T06:00:00.000+0000,1219356.1410129198,205197.13903592827,1116390.5841942008
2025-04-29T06:10:00.000+0000,1216569.3007301523,205197.13903592827,1118189.2186887655
2025-04-29T06:20:00.000+0000,1214300.458816904,205197.13903592827,1123909.917975414
2025-04-29T06:30:00.000+0000,1213877.6125247765,205197.13903592827,1124381.0873912978
2025-04-29T06:40:00.000+0000,1214675.0473061842,205197.13903592827,1123829.8246381688
2025-04-29T06:50:00.000+0000,1213282.2266148569,205197.13903592827,1124853.797143944
2025-04-29T07:00:00.000+0000,1213739.8232444557,205197.13903592827,1125716.582449941
2025-04-29T07:10:00.000+0000,1211760.573491992,205197.13903592827,1126618.2920905398
2025-04-29T07:20:00.000+0000,1211717.8210413363,205197.13903592827,1127181.663907823
2025-04-29T07:30:00.000+0000,1211328.2068022802,205197.13903592827,1127651.3307390364
2025-04-29T07:40:00.000+0000,1211710.2585961358,205197.13903592827,1127217.3093449264
2025-04-29T07:50:00.000+0000,1210566.5359468241,205197.13903592827,1129026.7800407433
2025-04-29T08:00:00.000+0000,1209895.6236863602,205197.13903592827,1128943.4256053537
2025-04-29T08:10:00.000+0000,1207976.0409420722,205197.13903592827,1131249.7890577784
2025-04-29T08:20:00.000+0000,1208561.6269182162,205197.13903592827,1128898.4416115102
2025-04-29T08:30:00.000+0000,1210799.326585208,205197.13903592827,1128424.355715786
2025-04-29T08:40:00.000+0000,1210115.0073189368,222089.71335656822,1128909.4958498261
2025-04-29T08:50:00.000+0000,1209139.9468518489,222089.71335656822,1128772.7569459751
2025-04-29T09:00:00.000+0000,1208498.3633495918,222089.71335656822,1131469.4379706278
2025-04-29T09:10:00.000+0000,1209536.707169464,222089.71335656822,1130373.896416073
2025-04-29T09:20:00.000+0000,1208924.2981889045,222089.71335656822,1129414.4003172447
2025-04-29T09:30:00.000+0000,1210279.409332024,222089.71335656822,1130744.394171284
2025-04-29T09:40:00.000+0000,1209556.1204863766,222089.71335656822,1129769.6012130657
2025-04-29T09:50:00.000+0000,1209539.6888422167,222089.71335656822,1130310.7026417428
2025-04-29T10:00:00.000+0000,1209854.2928974642,222089.71335656822,1132095.3310110131
2025-04-29T10:10:00.000+0000,1209507.4287509527,222089.71335656822,1132257.9595552988
2025-04-29T10:20:00.000+0000,1211146.8067585044,222089.71335656822,1130778.0804194135
2025-04-29T10:30:00.000+0000,1211697.3370216717,222089.71335656822,1129837.487496739
2025-04-29T10:40:00.000+0000,1213140.47312844,222089.71335656822,1126460.693718938
2025-04-29T10:50:00.000+0000,1214170.2281048873,222089.71335656822,1127821.3219503567
2025-04-29T11:00:00.000+0000,1211131.861644168,222089.71335656822,1128723.8934682275
2025-04-29T11:10:00.000+0000,1210443.415681896,222089.71335656822,1132235.3395078806
2025-04-29T11:20:00.000+0000,1209629.0553917368,222089.71335656822,1132886.064121642
2025-04-29T11:30:00.000+0000,1210093.0200428395,222089.71335656822,1131593.9190425286
2025-04-29T11:40:00.000+0000,1211077.3674344409,222089.71335656822,1130865.2289684885
2025-04-29T11:50:00.000+0000,1210123.941865576,222089.71335656822,1131946.0553760277
2025-04-29T12:00:00.000+0000,1209672.099828616,222089.71335656822,1131093.3904097646
2025-04-29T12:10:00.000+0000,1209916.943996456,222089.71335656822,1131212.183280621
2025-04-29T12:20:00.000+0000,1211557.554856936,222089.71335656822,1128663.9965492454
2025-04-29T12:30:00.000+0000,1214342.375077048,222089.71335656822,1127543.4134133563
2025-04-29T12:40:00.000+0000,1213818.8909196716,222089.71335656822,1128524.0000626661
2025-04-29T12:50:00.000+0000,1215202.69093332,222089.71335656822,1126465.220979836
2025-04-29T13:00:00.000+0000,1215332.2796193685,222089.71335656822,1125906.7135930485
2025-04-29T13:10:00.000+0000,1216442.1791088723,222089.71335656822,1119814.4124914454
2025-04-29T13:20:00.000+0000,1218408.6820869206,222089.71335656822,1121192.1913177527
2025-04-29T13:30:00.000+0000,1215664.170314232,222089.71335656822,1121959.3922322164
2025-04-29T13:40:00.000+0000,1218345.7362039445,222290.59082592835,1122379.7776889508
2025-04-29T13:50:00.000+0000,1215880.6427776078,222290.59082592835,1123907.0208108905
2025-04-29T14:00:00.000+0000,1214345.9263337685,222290.59082592835,1122531.865655847
2025-04-29T14:10:00.000+0000,1215978.53296276,222290.59082592835,1124045.7749010124
2025-04-29T14:20:00.000+0000,1217459.3758599448,222290.59082592835,1122186.814467582
2025-04-29T14:30:00.000+0000,1215126.3514138325,222290.59082592835,1122022.3888658443
2025-04-29T14:40:00.000+0000,1214192.2319876887,222290.59082592835,1126763.9364456842
2025-04-29T14:50:00.000+0000,1213659.352112904,222290.59082592835,1126342.371918765
2025-04-29T15:00:00.000+0000,1213685.940944808,222290.59082592835,1126974.196425938
2025-04-29T15:10:00.000+0000,1213745.2827133846,222290.59082592835,1124830.9044236627
2025-04-29T15:20:00.000+0000,1216076.0044031758,245908.006765928,1124413.07076459
2025-04-29T15:30:00.000+0000,1217292.297249848,245908.006765928,1123905.741832803
2025-04-29T15:40:00.000+0000,1214160.9699373518,245908.006765928,1125951.2647448548
2025-04-29T15:50:00.000+0000,1215202.8636350478,245908.006765928,1125312.751070063
2025-04-29T16:00:00.000+0000,1214397.9650894317,245908.006765928,1125742.947194164
2025-04-29T16:10:00.000+0000,1212514.3120183917,245908.006765928,1126712.709935836
2025-04-29T16:20:00.000+0000,1210486.347169208,245908.006765928,1128918.3158727558
2025-04-29T16:30:00.000+0000,1206666.0842664563,245908.006765928,1130799.5858522449
2025-04-29T16:40:00.000+0000,1208287.9505745848,245908.006765928,1131991.365758321
2025-04-29T16:50:00.000+0000,1209574.6299069843,245908.006765928,1126958.9269879085
2025-04-29T17:00:00.000+0000,1213669.019912472,245908.006765928,1123094.0364359366
2025-04-29T17:10:00.000+0000,1211651.8567550154,245908.006765928,1125200.4237648072
2025-04-29T17:20:00.000+0000,1211384.8569059116,245908.006765928,1129718.235644084
2025-04-29T17:30:00.000+0000,1211027.7690049517,245908.006765928,1128707.139610299
2025-04-29T17:40:00.000+0000,1211254.4235361519,253300.47397719207,1129268.7039955356
2025-04-29T17:50:00.000+0000,1210818.435006232,253300.47397719207,1130919.7699460331
2025-04-29T18:00:00.000+0000,1211432.9538975116,253300.47397719207,1129337.6133570035
2025-04-29T18:10:00.000+0000,1209270.768730552,253300.47397719207,1129595.1609707542
2025-04-29T18:20:00.000+0000,1207891.8866194324,253300.47397719207,1131282.4593854342
2025-04-29T18:30:00.000+0000,1207918.038880872,253300.47397719207,1133285.7167271336
2025-04-29T18:40:00.000+0000,1207490.2815607123,253300.47397719207,1133215.2914805135
2025-04-29T18:50:00.000+0000,1205808.7220853525,253300.47397719207,1133496.8201524487
2025-04-29T19:00:00.000+0000,1205679.1346383127,253300.47397719207,1134190.446832444
2025-04-29T19:10:00.000+0000,1206195.8504347124,253300.47397719207,1133033.000242766
2025-04-29T19:20:00.000+0000,1205671.4978526323,253300.47397719207,1133572.095195561
2025-04-29T19:30:00.000+0000,1207721.057592072,253300.47397719207,1132135.3402074005
2025-04-29T19:40:00.000+0000,1208579.739896232,253300.47397719207,1131416.885134732
2025-04-29T19:50:00.000+0000,1208797.3619591922,253300.47397719207,1131931.511297226
2025-04-29T20:00:00.000+0000,1208581.086817832,253300.47397719207,1130089.124897955
2025-04-29T20:10:00.000+0000,1211595.0167434318,253300.47397719207,1127891.2406739898
2025-04-29T20:20:00.000+0000,1212065.0413227119,253300.47397719207,1127118.406659513
2025-04-29T20:30:00.000+0000,1213521.4857343123,253300.47397719207,1124992.9524459522
2025-04-29T20:40:00.000+0000,1213101.2553877519,253300.47397719207,1125552.0991108315
2025-04-29T20:50:00.000+0000,1212763.0767472717,253300.47397719207,1125545.947903477
2025-04-29T21:00:00.000+0000,1212249.9532747117,253300.47397719207,1124802.4210418735
2025-04-29T21:10:00.000+0000,1215413.8125607916,253300.47397719207,1117833.4743657035
2025-04-29T21:20:00.000+0000,1223443.1699319915,253300.47397719207,1113474.8925747457
2025-04-29T21:30:00.000+0000,1219542.3145148717,253300.47397719207,1114895.9877248402
2025-04-29T21:40:00.000+0000,1219990.4875893525,253300.47397719207,1116968.6307307696
2025-04-29T21:50:00.000+0000,1220386.0787630323,253300.47397719207,1117087.3435312943
2025-04-29T22:00:00.000+0000,1221711.8613877522,35389.913977192045,1115170.820159027
2025-04-29T22:10:00.000+0000,1222374.7816045526,35389.913977192045,1115094.084475472
2025-04-29T22:20:00.000+0000,1223493.194158152,60803.054187592366,1113387.9553391743
2025-04-29T22:30:00.000+0000,1223518.896240024,60803.054187592366,1113761.675504874
2025-04-29T22:40:00.000+0000,1224255.8392935605,68371.83783277648,1112694.8793196096
2025-04-29T22:50:00.000+0000,1223958.7627250964,68371.83783277648,1113193.2651500183
2025-04-29T23:00:00.000+0000,1225019.0007755605,68371.83783277648,1109412.2059690538
2025-04-29T23:10:00.000+0000,1227824.7720414172,68371.83783277648,1106683.4370965248
2025-04-29T23:20:00.000+0000,1227747.2513875924,68371.83783277648,1106945.3471726088
2025-04-29T23:30:00.000+0000,1225737.9365664397,68371.83783277648,1109861.7723719678
2025-04-29T23:40:00.000+0000,1223726.0001442486,68371.83783277648,1111457.431693388
2025-04-29T23:50:00.000+0000,1224030.6052450642,68371.83783277648,1115260.0709083462
2025-04-30T00:00:00.000+0000,1223036.743531017,68371.83783277648,1114390.402211322
2025-04-30T00:10:00.000+0000,1223033.1535253203,68371.83783277648,1116812.877460681
2025-04-30T00:20:00.000+0000,1223314.030084169,68371.83783277648,1116938.8960631886
2025-04-30T00:30:00.000+0000,1222203.0084331126,68371.83783277648,1116477.2262369434
2025-04-30T00:40:00.000+0000,1222516.7012779121,68371.83783277648,1118292.6534361222
2025-04-30T00:50:00.000+0000,1223206.765244744,81144.25971437649,1117535.723706703
2025-04-30T01:00:00.000+0000,1223056.0070078964,81144.25971437649,1116853.9982454171
2025-04-30T01:10:00.000+0000,1224928.2057297523,81144.25971437649,1114668.674255474
2025-04-30T01:20:00.000+0000,1224714.8859222322,81144.25971437649,1116286.1355965931
2025-04-30T01:30:00.000+0000,1226113.4568896561,81144.25971437649,1114625.2639188874
2025-04-30T01:40:00.000+0000,1227499.1867781684,81144.25971437649,1110918.3404971294
2025-04-30T01:50:00.000+0000,1225438.9488481202,81144.25971437649,1111167.7908040814
2025-04-30T02:00:00.000+0000,1225623.8978104882,81144.25971437649,1114704.8251675605
2025-04-30T02:10:00.000+0000,1224534.8415530482,81144.25971437649,1115499.0714915788
2025-04-30T02:20:00.000+0000,1222578.6389281203,81144.25971437649,1116251.7309635808
2025-04-30T02:30:00.000+0000,1223964.1994322485,81144.25971437649,1115515.7706577554
2025-04-30T02:40:00.000+0000,1222692.6475282167,81144.25971437649,1117629.0099038056
2025-04-30T02:50:00.000+0000,1221373.237021721,81144.25971437649,1119541.881715183
2025-04-30T03:00:00.000+0000,1222345.5954521683,106746.60943597647,1117914.5024652549
2025-04-30T03:10:00.000+0000,1222153.2585848563,106746.60943597647,1116722.5662554863
2025-04-30T03:20:00.000+0000,1218303.9433425847,132288.66443197647,1120579.3063859222
2025-04-30T03:30:00.000+0000,1218424.1834534795,132288.66443197647,1120685.2217779206
2025-04-30T03:40:00.000+0000,1219648.3950201045,132288.66443197647,1120774.4493612582
2025-04-30T03:50:00.000+0000,1216667.0304213837,132288.66443197647,1122325.4442135426
2025-04-30T04:00:00.000+0000,1217368.976135209,287463.1694367766,1123441.4646055265
2025-04-30T04:10:00.000+0000,1218312.112541992,287664.9754626966,1123178.7194880326
2025-04-30T04:20:00.000+0000,1218810.2043095445,287664.9754626966,1123543.101331891
2025-04-30T04:30:00.000+0000,1219625.7489714483,287664.9754626966,1123027.6959576602
2025-04-30T04:40:00.000+0000,1220623.210183593,287664.9754626966,1122557.8518432323
2025-04-30T04:50:00.000+0000,1220508.616591865,287664.9754626966,1123495.2565681485
2025-04-30T05:00:00.000+0000,1220783.6819034328,287664.9754626966,1122425.212752846
2025-04-30T05:10:00.000+0000,1222855.1061372722,287664.9754626966,1121865.4849086334
2025-04-30T05:20:00.000+0000,1221481.681756473,287664.9754626966,1121598.2899773926
2025-04-30T05:30:00.000+0000,1221272.7381052247,287664.9754626966,1121856.0301697287
2025-04-30T05:40:00.000+0000,1221727.0006642165,287664.9754626966,1120555.7864936232
2025-04-30T05:50:00.000+0000,1222833.7458391932,287664.9754626966,1120978.052008594
2025-04-30T06:00:00.000+0000,1222946.8403711289,287664.9754626966,1120345.7500806542
2025-04-30T06:10:00.000+0000,1221466.1735130008,287664.9754626966,1120745.921013034
2025-04-30T06:20:00.000+0000,1220197.0987057048,287664.9754626966,1122444.0416278183
2025-04-30T06:30:00.000+0000,1219642.6913267132,287664.9754626966,1121846.7327892769
2025-04-30T06:40:00.000+0000,1221554.0499155927,287664.9754626966,1120881.4225329596
2025-04-30T06:50:00.000+0000,1222267.9595106486,287664.9754626966,1120442.396707435
2025-04-30T07:00:00.000+0000,1223296.160990889,287664.9754626966,1119528.7716559437
2025-04-30T07:10:00.000+0000,1222633.116371273,287664.9754626966,1120239.90696478
2025-04-30T07:20:00.000+0000,1223711.128331224,287664.9754626966,1120049.2843193254
2025-04-30T07:30:00.000+0000,1225617.9951963609,287664.9754626966,1117331.8420232614
2025-04-30T07:40:00.000+0000,1227477.3755211444,287664.9754626966,1114939.9075410045
2025-04-30T07:50:00.000+0000,1227159.6320394485,295292.2641064085,1114711.7907828377
2025-04-30T08:00:00.000+0000,1226812.606322296,295292.2641064085,1115151.7300798444
2025-04-30T08:10:00.000+0000,1225100.0480258488,295292.2641064085,1117044.7396163181
2025-04-30T08:20:00.000+0000,1225475.2180495285,295412.9706638486,1116519.0423363661
2025-04-30T08:30:00.000+0000,1225328.4834312089,295412.9706638486,1116744.425682408
2025-04-30T08:40:00.000+0000,1225784.2083393843,295412.9706638486,1117334.764853185
2025-04-30T08:50:00.000+0000,1224029.5767485204,295412.9706638486,1117182.2210544897
2025-04-30T09:00:00.000+0000,1222817.9701498486,295412.9706638486,1118619.8807278743
2025-04-30T09:10:00.000+0000,1222719.8704524408,295412.9706638486,1118676.1166663175
2025-04-30T09:20:00.000+0000,1222160.3289640245,295412.9706638486,1119308.9142448767
2025-04-30T09:30:00.000+0000,1221463.0613447293,295412.9706638486,1121165.0241917816
2025-04-30T09:40:00.000+0000,1221836.5553103287,295412.9706638486,1121649.175273751
2025-04-30T09:50:00.000+0000,1222034.0265468569,295412.9706638486,1121635.7632496955
2025-04-30T10:00:00.000+0000,1222932.4839254809,295412.9706638486,1120693.2292201924
2025-04-30T10:10:00.000+0000,1221668.8007214488,295412.9706638486,1121425.687631381
2025-04-30T10:20:00.000+0000,1222146.8600078172,295412.9706638486,1121515.4802788193
2025-04-30T10:30:00.000+0000,1221557.4046096886,295412.9706638486,1121192.84569105
2025-04-30T10:40:00.000+0000,1221006.8324600568,295412.9706638486,1122760.0016534615
2025-04-30T10:50:00.000+0000,1219963.9747941531,295412.9706638486,1123207.6817244599
2025-04-30T11:00:00.000+0000,1219725.0349590648,295412.9706638486,1123703.7873075001
2025-04-30T11:10:00.000+0000,1219203.204617576,295412.9706638486,1123517.3901211866
2025-04-30T11:20:00.000+0000,1219432.6310694653,295412.9706638486,1124004.1929765292
2025-04-30T11:30:00.000+0000,1218866.4744973523,295412.9706638486,1124633.1286316102
2025-04-30T11:40:00.000+0000,1218748.016359737,295412.9706638486,1125054.9285730433
2025-04-30T11:50:00.000+0000,1218673.679316985,295412.9706638486,1125774.7822455117
2025-04-30T12:00:00.000+0000,1218581.0411268729,295412.9706638486,1125374.5286669778
2025-04-30T12:10:00.000+0000,1220483.7485422327,295412.9706638486,1122724.667126462
2025-04-30T12:20:00.000+0000,1222325.674281865,295412.9706638486,1118950.4966466648
2025-04-30T12:30:00.000+0000,1223915.4244234965,295412.9706638486,1110659.2682033735
2025-04-30T12:40:00.000+0000,1232065.1313579606,295412.9706638486,1105643.371303394
2025-04-30T12:50:00.000+0000,1232856.6516547443,303097.5621485846,1107271.4371815661
2025-04-30T13:00:00.000+0000,1234720.8477838004,310744.88675069663,1102751.5679562737
2025-04-30T13:10:00.000+0000,1239353.555670184,285636.10175069666,1098486.3816420776
2025-04-30T13:20:00.000+0000,1243052.220119097,310731.81410669663,1099251.3207174372
2025-04-30T13:30:00.000+0000,1243555.9171100247,248230.51910669665,1097217.6820012745
2025-04-30T13:40:00.000+0000,1248452.7227290645,337418.0979178966,1090442.6773829786
2025-04-30T13:50:00.000+0000,1249260.6275677206,48195.9200298966,1084499.886735125
2025-04-30T14:00:00.000+0000,1252836.3427445842,48195.9200298966,1086581.9306885027
2025-04-30T14:10:00.000+0000,1252415.2300144967,88700.25137129634,1087553.4852208153
2025-04-30T14:20:00.000+0000,1250373.289554752,101152.91326569632,1090486.371500229
2025-04-30T14:30:00.000+0000,1249278.2589006561,126279.06025449632,1095127.6319824741
2025-04-30T14:40:00.000+0000,1251261.1941423684,151531.2823024963,1093856.7471013449
2025-04-30T14:50:00.000+0000,1251783.6165698075,151531.2823024963,1091413.9120838465
2025-04-30T15:00:00.000+0000,1250865.2193957919,176771.05431849632,1095796.7749833502
2025-04-30T15:10:00.000+0000,1250507.5631498727,176771.05431849632,1096923.6711753246
2025-04-30T15:20:00.000+0000,1249892.7493946727,176771.05431849632,1094883.3002640442
2025-04-30T15:30:00.000+0000,1249947.329175888,176771.05431849632,1096065.496552914
2025-04-30T15:40:00.000+0000,1250332.564161152,176771.05431849632,1097774.9171146883
2025-04-30T15:50:00.000+0000,1251151.3335212322,176771.05431849632,1097020.2709131548
2025-04-30T16:00:00.000+0000,1252242.6620593918,176771.05431849632,1094189.6313570305
2025-04-30T16:10:00.000+0000,1252301.277649376,176771.05431849632,1092343.7826949372
2025-04-30T16:20:00.000+0000,1251946.2028966083,176771.05431849632,1092594.6063342462
2025-04-30T16:30:00.000+0000,1250802.7825252805,176771.05431849632,1094659.1564558456
2025-04-30T16:40:00.000+0000,1249641.1609265925,176771.05431849632,1099257.4108328717
2025-04-30T16:50:00.000+0000,1248762.0332917925,329020.2014832963,1098639.6764198816
2025-04-30T17:00:00.000+0000,1248457.9696774404,329020.2014832963,1097856.1359461788
2025-04-30T17:10:00.000+0000,1249259.5620101446,329055.1775400483,1097054.5533970601
2025-04-30T17:20:00.000+0000,1248684.9598998725,329055.1775400483,1098140.0926891193
2025-04-30T17:30:00.000+0000,1244808.101369872,329055.1775400483,1101284.759332812
2025-04-30T17:40:00.000+0000,1243266.8526560324,329333.21709032037,1104199.248668208
2025-04-30T17:50:00.000+0000,1242363.3877766172,330382.7097240005,1105987.3036434473
2025-04-30T18:00:00.000+0000,1240247.246754848,344752.5084609764,1105497.5473480574
2025-04-30T18:10:00.000+0000,1238864.548219312,348642.6500959838,1111224.8645621135
2025-04-30T18:20:00.000+0000,1240420.114649808,350399.7829642238,1108563.8857483957
2025-04-30T18:30:00.000+0000,1240243.043999744,350399.7829642238,1107963.349304393
2025-04-30T18:40:00.000+0000,1239368.128132831,363399.49486822385,1106991.508774789
2025-04-30T18:50:00.000+0000,1239367.8152033752,363399.49486822385,1109337.8545524708
2025-04-30T19:00:00.000+0000,1239621.3781106393,363399.49486822385,1109794.1306025605
2025-04-30T19:10:00.000+0000,1239742.2157031684,363399.49486822385,1108331.7234226658
2025-04-30T19:20:00.000+0000,1241283.1063836636,376413.4193930238,1104981.0891474418
2025-04-30T19:30:00.000+0000,1241368.9336468796,402449.47187462397,1105272.6677627089
2025-04-30T19:40:00.000+0000,1240625.2169366076,462310.7451641034,1106895.3715734715
2025-04-30T19:50:00.000+0000,1239121.3666700555,462310.7451641034,1110790.0920954826
2025-04-30T20:00:00.000+0000,1237933.0805500634,462310.7451641034,1110914.2605691284
2025-04-30T20:10:00.000+0000,1235934.7077882555,462371.34811292734,1117854.182012748
2025-04-30T20:20:00.000+0000,1235444.3789453914,482843.5976505672,1119545.803875986
2025-04-30T20:30:00.000+0000,1235557.465923375,482863.39425060723,1118610.985766342
2025-04-30T20:40:00.000+0000,1235796.6697870714,482863.39425060723,1118112.152670845
2025-04-30T20:50:00.000+0000,1235871.6238757914,482863.39425060723,1117342.9698432467
2025-04-30T21:00:00.000+0000,1236175.2773784953,482863.39425060723,1117610.1526444675
2025-04-30T21:10:00.000+0000,1236715.5407017912,495790.6681514074,1116499.0804602974
2025-04-30T21:20:00.000+0000,1236788.5302034393,495790.6681514074,1117774.796983934
2025-04-30T21:30:00.000+0000,1236629.3769279995,495790.6681514074,1116651.653953469
2025-04-30T21:40:00.000+0000,1236867.0304329752,512473.5991210073,1116606.309301958
2025-04-30T21:50:00.000+0000,1236386.3001451194,512473.5991210073,1114653.0328934814
2025-04-30T22:00:00.000+0000,1236254.938458607,525428.0432682076,1117051.4004560579
2025-04-30T22:10:00.000+0000,1236388.6042403672,576393.965885807,1117918.9076203736
2025-04-30T22:20:00.000+0000,1236126.3398198867,576393.965885807,1116727.064622924
2025-04-30T22:30:00.000+0000,1236621.718399727,576393.965885807,1115436.4437933168
2025-04-30T22:40:00.000+0000,1237135.9104167672,576393.965885807,1113848.4365410372
2025-04-30T22:50:00.000+0000,1236767.067527327,576393.965885807,1114188.4393827172
2025-04-30T23:00:00.000+0000,1235901.8524535666,576393.965885807,1115435.9621610339
2025-04-30T23:10:00.000+0000,1235133.5195120466,576393.965885807,1118097.0292423475
2025-04-30T23:20:00.000+0000,1235235.4466050868,576393.965885807,1117643.3651793522
2025-04-30T23:30:00.000+0000,1235031.1652610067,576393.965885807,1118505.1061452413
2025-04-30T23:40:00.000+0000,1235226.0454320468,576393.965885807,1117432.8451066704
2025-04-30T23:50:00.000+0000,1235352.8872773265,576393.965885807,1117145.0463496617
2025-05-01T00:00:00.000+0000,1234711.511288927,576393.965885807,1117372.3191450778
2025-05-01T00:10:00.000+0000,1234264.5531417269,576393.965885807,1118672.534273223
2025-05-01T00:20:00.000+0000,1234269.2288981269,602024.564989807,1119020.4767651064
2025-05-01T00:30:00.000+0000,1235292.0969485268,602024.564989807,1117801.037975897
2025-05-01T00:40:00.000+0000,1234527.4026937266,602024.564989807,1118900.5217551305
2025-05-01T00:50:00.000+0000,1234535.2040476468,602024.564989807,1119177.7031403712
2025-05-01T01:00:00.000+0000,1233798.693827567,602024.564989807,1120635.4789114376
2025-05-01T01:10:00.000+0000,1233812.176532767,602024.564989807,1121959.4948841003
2025-05-01T01:20:00.000+0000,1233358.2366754066,602024.564989807,1122998.0791614652
2025-05-01T01:30:00.000+0000,1233015.1627542868,602024.564989807,1123764.6920659281
2025-05-01T01:40:00.000+0000,1233199.4107378868,602024.564989807,1122939.6565426025
2025-05-01T01:50:00.000+0000,1232773.7018776468,602024.564989807,1123875.1386082526
2025-05-01T02:00:00.000+0000,1232025.586249327,602024.564989807,1125727.3406868873
2025-05-01T02:10:00.000+0000,1231648.6968422548,602469.9843690068,1126948.2764393247
2025-05-01T02:20:00.000+0000,1231558.0635269587,602469.9843690068,1128093.9608476723
2025-05-01T02:30:00.000+0000,1231325.320650335,602469.9843690068,1128831.8371798894
2025-05-01T02:40:00.000+0000,1231485.314213007,602469.9843690068,1128008.716843177
2025-05-01T02:50:00.000+0000,1231748.6707790708,602469.9843690068,1125948.53866224
2025-05-01T03:00:00.000+0000,1232034.5453163348,633748.8812170067,1126451.0343545882
2025-05-01T03:10:00.000+0000,1232043.2804426388,633748.8812170067,1125286.211638364
2025-05-01T03:20:00.000+0000,1232514.5035823025,633748.8812170067,1126021.634680026
2025-05-01T03:30:00.000+0000,1232298.6702072467,633748.8812170067,1125490.0737299197
2025-05-01T03:40:00.000+0000,1232391.8624537587,633748.8812170067,1125749.0998553066
2025-05-01T03:50:00.000+0000,1232852.9744288304,633748.8812170067,1125392.9545272803
2025-05-01T04:00:00.000+0000,1232735.301842271,633748.8812170067,1124908.9174216348
2025-05-01T04:10:00.000+0000,1232427.9023587508,646579.2327178068,1123973.451817253
2025-05-01T04:20:00.000+0000,1233346.4743128305,649542.7080394068,1123901.6171937163
2025-05-01T04:30:00.000+0000,1233565.1857236146,649542.7080394068,1123796.5407764178
2025-05-01T04:40:00.000+0000,1233271.1926463826,649542.7080394068,1124729.3846325858
2025-05-01T04:50:00.000+0000,1233154.4135644466,649542.7080394068,1125146.8585695543
2025-05-01T05:00:00.000+0000,1232839.301615839,649542.7080394068,1124576.3619512762
2025-05-01T05:10:00.000+0000,1232534.7098043826,662392.0883050069,1125932.170459255
2025-05-01T05:20:00.000+0000,1232761.355742463,662392.0883050069,1125856.447076378
2025-05-01T05:30:00.000+0000,1232155.7205984946,662392.0883050069,1125957.081335023
2025-05-01T05:40:00.000+0000,1231942.1277695668,662392.0883050069,1127681.3067167695
2025-05-01T05:50:00.000+0000,1232382.8809447188,662392.0883050069,1128276.5061498536
2025-05-01T06:00:00.000+0000,1232399.9191632308,662392.0883050069,1127910.380200221
2025-05-01T06:10:00.000+0000,1232816.6599436786,662392.0883050069,1126623.7753873789
2025-05-01T06:20:00.000+0000,1232800.8809369907,662392.0883050069,1126661.990114761
2025-05-01T06:30:00.000+0000,1232768.766728927,662392.0883050069,1126115.6735985035
2025-05-01T06:40:00.000+0000,1232969.479350271,662392.0883050069,1124523.0053540561
2025-05-01T06:50:00.000+0000,1232860.6829570709,662392.0883050069,1125489.4981241354
2025-05-01T07:00:00.000+0000,1232661.6747511027,662392.0883050069,1124055.3858203827
2025-05-01T07:10:00.000+0000,1232597.3135412948,662392.0883050069,1125906.0362241208
2025-05-01T07:20:00.000+0000,1232349.1238719986,662392.0883050069,1126256.298307831
2025-05-01T07:30:00.000+0000,1231714.716584175,662392.0883050069,1127961.9886631258
2025-05-01T07:40:00.000+0000,1230728.3414160947,662392.0883050069,1129626.4978572468
2025-05-01T07:50:00.000+0000,1230699.628045183,662392.0883050069,1129957.736477694
2025-05-01T08:00:00.000+0000,1230744.1694835029,662392.0883050069,1129110.7371925102
2025-05-01T08:10:00.000+0000,1229631.9012704946,662392.0883050069,1129959.7043138125
2025-05-01T08:20:00.000+0000,1229095.1780128786,662392.0883050069,1133103.477016857
2025-05-01T08:30:00.000+0000,1229249.4642650548,725684.2420426068,1133081.7182463955
2025-05-01T08:40:00.000+0000,1229518.8481054388,738359.0540746067,1132876.1984608853
2025-05-01T08:50:00.000+0000,1229429.7825948945,738359.0540746067,1133509.1778888057
2025-05-01T09:00:00.000+0000,1229565.1290310547,738359.0540746067,1133199.6333790268
2025-05-01T09:10:00.000+0000,1229863.9499029587,738359.0540746067,1132921.7433939683
2025-05-01T09:20:00.000+0000,1229583.1511218387,738359.0540746067,1134790.4554279023
2025-05-01T09:30:00.000+0000,1228846.9990550065,738359.0540746067,1135190.0727500173
2025-05-01T09:40:00.000+0000,1228787.5773304466,738359.0540746067,1137740.323383879
2025-05-01T09:50:00.000+0000,1228613.4684091029,738359.0540746067,1136915.5127721464
2025-05-01T10:00:00.000+0000,1228898.2664482545,738359.0540746067,1137875.627069194
2025-05-01T10:10:00.000+0000,1228828.7521841906,738359.0540746067,1138058.2744224092
2025-05-01T10:20:00.000+0000,1229029.5442019668,739393.4578890068,1144012.6837917455
2025-05-01T10:30:00.000+0000,1229298.7353766067,739393.4578890068,1143913.2670840193
2025-05-01T10:40:00.000+0000,1229436.3787737268,739393.4578890068,1142831.1145831388
2025-05-01T10:50:00.000+0000,1229241.8194058388,739393.4578890068,1144674.5297922485
2025-05-01T11:00:00.000+0000,1228742.1876912306,739393.4578890068,1147496.8199109775
2025-05-01T11:10:00.000+0000,1228822.7293463189,755297.3715714068,1146934.4559912845
2025-05-01T11:20:00.000+0000,1229241.8570357107,755297.3715714068,1143711.3411238662
2025-05-01T11:30:00.000+0000,1229257.0922977428,755297.3715714068,1144671.2406205053
2025-05-01T11:40:00.000+0000,1228943.6099843828,755297.3715714068,1146162.1144101536
2025-05-01T11:50:00.000+0000,1228949.0294653268,755297.3715714068,1146480.9328602073
2025-05-01T12:00:00.000+0000,1229171.6270846548,755297.3715714068,1145840.5102006427
2025-05-01T12:10:00.000+0000,1229014.5314218067,755297.3715714068,1146443.5539940966
2025-05-01T12:20:00.000+0000,1229607.900306639,755297.3715714068,1146171.2335478812
2025-05-01T12:30:00.000+0000,1228803.5497422863,841804.3485810065,1145163.367368726
2025-05-01T12:40:00.000+0000,1228587.6519188306,856825.1223410064,1148117.99678176
2025-05-01T12:50:00.000+0000,1228803.9721640784,856825.1223410064,1148746.3997867168
2025-05-01T13:00:00.000+0000,1228639.7024650543,856825.1223410064,1148242.7799188273
2025-05-01T13:10:00.000+0000,1228607.1442125102,856825.1223410064,1149513.0339015704
2025-05-01T13:20:00.000+0000,1228535.4409010864,856825.1223410064,1150012.7529952656
2025-05-01T13:30:00.000+0000,1229124.0653844785,856825.1223410064,1143597.2358808748
2025-05-01T13:40:00.000+0000,1230097.5210963981,856825.1223410064,1141505.095828421
2025-05-01T13:50:00.000+0000,1230146.0676480622,856825.1223410064,1138564.0187949915
2025-05-01T14:00:00.000+0000,1230203.5521036787,868670.0388210065,1141948.604749424
2025-05-01T14:10:00.000+0000,1228687.7820705748,882010.6200112466,1143176.3201668628
2025-05-01T14:20:00.000+0000,1228586.1505608787,882010.6200112466,1146869.8408125604
2025-05-01T14:30:00.000+0000,1228267.7360963987,882010.6200112466,1145752.1823338596
2025-05-01T14:40:00.000+0000,1228132.3954755827,882010.6200112466,1147270.903340634
2025-05-01T14:50:00.000+0000,1227072.9291272624,882010.6200112466,1149489.4610382116
2025-05-01T15:00:00.000+0000,1227104.9424361107,882010.6200112466,1152182.1449115355
2025-05-01T15:10:00.000+0000,1225877.1693809587,882026.6196812628,1158128.26471082
2025-05-01T15:20:00.000+0000,1226777.9846117906,882026.6196812628,1156628.2100689197
2025-05-01T15:30:00.000+0000,1227072.8126405266,882220.4259121426,1154928.9309461336
2025-05-01T15:40:00.000+0000,1227260.4447346707,882220.4259121426,1153030.8774182696
2025-05-01T15:50:00.000+0000,1228614.8173291024,882220.4259121426,1150490.3225552386
2025-05-01T16:00:00.000+0000,1228222.7763529907,882220.4259121426,1152329.900436158
2025-05-01T16:10:00.000+0000,1228298.2900536626,882220.4259121426,1151420.636326473
2025-05-01T16:20:00.000+0000,1228343.0024750866,882220.4259121426,1152450.9266893782
2025-05-01T16:30:00.000+0000,1227571.2002711988,882220.4259121426,1156075.5418390892
2025-05-01T16:40:00.000+0000,1227345.9701995186,882220.4259121426,1155722.7105608853
2025-05-01T16:50:00.000+0000,1228215.3160060465,882220.4259121426,1152703.0959135648
2025-05-01T17:00:00.000+0000,1228378.0862056306,882220.4259121426,1152246.727197357
2025-05-01T17:10:00.000+0000,1228097.5337872626,882220.4259121426,1153943.7236080896
2025-05-01T17:20:00.000+0000,1227247.4840515186,882220.4259121426,1151930.0810810756
2025-05-01T17:30:00.000+0000,1228363.8075976626,882220.4259121426,1149036.355007415
2025-05-01T17:40:00.000+0000,1229525.9562543668,882220.4259121426,1146747.5585266177
2025-05-01T17:50:00.000+0000,1229316.7280109748,882220.4259121426,1148899.28781601
2025-05-01T18:00:00.000+0000,1229618.0684855827,893918.5479217427,1148732.4427578705
2025-05-01T18:10:00.000+0000,1230604.3614394867,893918.5479217427,1145482.4778457226
2025-05-01T18:20:00.000+0000,1230764.2683915028,893918.5479217427,1144866.9522004267
2025-05-01T18:30:00.000+0000,1230308.6386871028,893918.5479217427,1145415.4955272265
2025-05-01T18:40:00.000+0000,1229650.6385087026,893918.5479217427,1147701.8144049712
2025-05-01T18:50:00.000+0000,1229516.7157526866,893918.5479217427,1149345.7750180336
2025-05-01T19:00:00.000+0000,1229722.3840663026,893918.5479217427,1146669.977638011
2025-05-01T19:10:00.000+0000,1230056.0194043345,893918.5479217427,1144994.6184290317
2025-05-01T19:20:00.000+0000,1229963.5376889426,893918.5479217427,1145613.504025614
2025-05-01T19:30:00.000+0000,1230226.6083439188,893918.5479217427,1146364.1275535615
2025-05-01T19:40:00.000+0000,1230492.1926063988,893918.5479217427,1145224.7974927537
2025-05-01T19:50:00.000+0000,1230840.0297738707,893918.5479217427,1143370.1204781097
2025-05-01T20:00:00.000+0000,1231198.2083615826,770872.8279217426,1141284.6578897233
2025-05-01T20:10:00.000+0000,1231408.3691300466,770872.8279217426,1143238.8085643365
2025-05-01T20:20:00.000+0000,1231337.1523091185,770872.8279217426,1145504.3261454622
2025-05-01T20:30:00.000+0000,1231533.5586982064,770872.8279217426,1142599.345229825
2025-05-01T20:40:00.000+0000,1231670.4335906226,770872.8279217426,1142278.712527845
2025-05-01T20:50:00.000+0000,1231557.3694143826,770872.8279217426,1141596.4749632662
2025-05-01T21:00:00.000+0000,1231079.0834295186,770872.8279217426,1142634.3332200358
2025-05-01T21:10:00.000+0000,1230884.6626306865,770872.8279217426,1145385.2703281296
2025-05-01T21:20:00.000+0000,1230807.9998500145,770872.8279217426,1144926.1984792368
2025-05-01T21:30:00.000+0000,1230858.0388467666,770872.8279217426,1143609.4558751988
2025-05-01T21:40:00.000+0000,1230694.8875922707,770872.8279217426,1145156.3292532125
2025-05-01T21:50:00.000+0000,1230670.9474796944,770872.8279217426,1144398.8299938962
2025-05-01T22:00:00.000+0000,1230788.1741033108,770872.8279217426,1143107.016017088
2025-05-01T22:10:00.000+0000,1230590.0986305587,770872.8279217426,1144704.7985535422
2025-05-01T22:20:00.000+0000,1230772.3231142545,770872.8279217426,1144014.6160394074
2025-05-01T22:30:00.000+0000,1230879.9242644145,770872.8279217426,1141926.0140173705
2025-05-01T22:40:00.000+0000,1231019.3815692465,770872.8279217426,1141876.3338830662
2025-05-01T22:50:00.000+0000,1230989.4070080945,770872.8279217426,1141913.26384786
2025-05-01T23:00:00.000+0000,1230836.8049275028,770872.8279217426,1140679.7975079836
2025-05-01T23:10:00.000+0000,1230722.9034416466,770872.8279217426,1140747.2429963837
2025-05-01T23:20:00.000+0000,1230565.1787024625,770872.8279217426,1143222.3105286397
2025-05-01T23:30:00.000+0000,1230626.1454300305,770872.8279217426,1140820.1698278699
2025-05-01T23:40:00.000+0000,1230646.9712360464,778092.7659868305,1141247.0533314552
2025-05-01T23:50:00.000+0000,1230577.1288746705,778092.7659868305,1143052.0929000156
2025-05-02T00:00:00.000+0000,1230386.0848322706,778092.7659868305,1143227.752172637
2025-05-02T00:10:00.000+0000,1230568.5804788626,805530.4222876305,1143457.3712566295
2025-05-02T00:20:00.000+0000,1230095.9753656622,806117.2924156304,1145229.9536531193
2025-05-02T00:30:00.000+0000,1229809.9389380147,806117.2924156304,1146275.5812512222
2025-05-02T00:40:00.000+0000,1230161.1359354705,809795.5544500306,1146341.415627881
2025-05-02T00:50:00.000+0000,1229966.8762876147,809795.5544500306,1148066.638767522
2025-05-02T01:00:00.000+0000,1229844.9699307824,809795.5544500306,1149215.1524627914
2025-05-02T01:10:00.000+0000,1229852.8949656785,809795.5544500306,1147793.472156745
2025-05-02T01:20:00.000+0000,1229822.9940255824,809795.5544500306,1147782.555415365
2025-05-02T01:30:00.000+0000,1230516.5976184467,809795.5544500306,1146011.4641063819
2025-05-02T01:40:00.000+0000,1230832.9788907827,809795.5544500306,1144043.9137007927
2025-05-02T01:50:00.000+0000,1230634.2385303664,809795.5544500306,1144839.8504303498
2025-05-02T02:00:00.000+0000,1230870.1634193424,809795.5544500306,1143670.5192075267
2025-05-02T02:10:00.000+0000,1230674.7474173107,809795.5544500306,1144115.410478013
2025-05-02T02:20:00.000+0000,1230191.4878145265,809795.5544500306,1145702.3519448962
2025-05-02T02:30:00.000+0000,1229933.4168565907,809795.5544500306,1147313.4969733588
2025-05-02T02:40:00.000+0000,1230138.2994592786,809795.5544500306,1146580.9684006665
2025-05-02T02:50:00.000+0000,1229884.8222833746,809795.5544500306,1147175.283169073
2025-05-02T03:00:00.000+0000,1229956.4230968624,809795.5544500306,1147056.3869940953
2025-05-02T03:10:00.000+0000,1229959.3460166545,809795.5544500306,1146165.898755247
2025-05-02T03:20:00.000+0000,1230307.9141388945,809795.5544500306,1145607.0198903468
2025-05-02T03:30:00.000+0000,1230194.2465657585,809795.5544500306,1147498.1233485541
2025-05-02T03:40:00.000+0000,1230131.6828767825,809795.5544500306,1147910.8878206331
2025-05-02T03:50:00.000+0000,1230165.9547173586,809795.5544500306,1148280.040417436
2025-05-02T04:00:00.000+0000,1230022.6268714385,809795.5544500306,1147643.0974067391
2025-05-02T04:10:00.000+0000,1230329.0625066545,809795.5544500306,1147244.3465519887
2025-05-02T04:20:00.000+0000,1230061.6825019186,823514.2646948308,1148024.6120899944
2025-05-02T04:30:00.000+0000,1230551.9865846066,901879.8740132307,1145855.0482924047
2025-05-02T04:40:00.000+0000,1230793.6973012148,901879.8740132307,1144419.716355654
2025-05-02T04:50:00.000+0000,1231125.8530238867,901879.8740132307,1144654.4083290617
2025-05-02T05:00:00.000+0000,1231183.2797457266,901879.8740132307,1144823.3290411308
2025-05-02T05:10:00.000+0000,1231169.8707814869,901879.8740132307,1142311.5782162957
2025-05-02T05:20:00.000+0000,1231766.4469184626,901879.8740132307,1141601.8495454937
2025-05-02T05:30:00.000+0000,1231541.6202637907,901879.8740132307,1141885.8977647088
2025-05-02T05:40:00.000+0000,1231551.4253734227,901879.8740132307,1142383.7740391358
2025-05-02T05:50:00.000+0000,1232056.3106018547,901879.8740132307,1140065.159507367
2025-05-02T06:00:00.000+0000,1232405.4862776627,901879.8740132307,1138839.0583385094
2025-05-02T06:10:00.000+0000,1232385.6424054706,901879.8740132307,1139370.813383164
2025-05-02T06:20:00.000+0000,1232289.9399887028,901879.8740132307,1138467.7484923531
2025-05-02T06:30:00.000+0000,1232082.8390421106,901879.8740132307,1139758.3833271374
2025-05-02T06:40:00.000+0000,1233238.3390619827,901879.8740132307,1137194.9337381497
2025-05-02T06:50:00.000+0000,1233150.5517280784,901879.8740132307,1138301.9373757811
2025-05-02T07:00:00.000+0000,1232107.828248687,506884.16601323074,1135882.076286816
2025-05-02T07:10:00.000+0000,1232161.8528344145,506884.16601323074,1135165.9957006183
2025-05-02T07:20:00.000+0000,1232556.8017623029,506884.16601323074,1136933.1607091206
2025-05-02T07:30:00.000+0000,1232084.7458893587,506884.16601323074,1134045.7141880752
2025-05-02T07:40:00.000+0000,1231940.707492335,506884.16601323074,1133384.8140052217
2025-05-02T07:50:00.000+0000,1232058.5100947984,506884.16601323074,1133327.7222807459
2025-05-02T08:00:00.000+0000,1231936.1656287352,506884.16601323074,1132864.7328896536
2025-05-02T08:10:00.000+0000,1232527.3705860947,506884.16601323074,1135180.5866557455
2025-05-02T08:20:00.000+0000,1232895.4357182388,506884.16601323074,1137037.9267733025
2025-05-02T08:30:00.000+0000,1232779.9152685907,506884.16601323074,1136503.3274485283
2025-05-02T08:40:00.000+0000,1233065.549478271,506884.16601323074,1138284.0756491153
2025-05-02T08:50:00.000+0000,1232825.9156588148,506884.16601323074,1137119.9248313461
2025-05-02T09:00:00.000+0000,1232732.410822575,506884.16601323074,1136274.906917662
2025-05-02T09:10:00.000+0000,1233272.7970474707,506884.16601323074,1139090.204035021
2025-05-02T09:20:00.000+0000,1233111.7163551985,506884.16601323074,1137850.1822216895
2025-05-02T09:30:00.000+0000,1233147.7538421268,506884.16601323074,1137818.878262833
2025-05-02T09:40:00.000+0000,1233102.272336463,506884.16601323074,1137693.097319978
2025-05-02T09:50:00.000+0000,1233120.1285400628,506884.16601323074,1137400.3221618254
2025-05-02T10:00:00.000+0000,1233134.3710769105,506884.16601323074,1137621.0167203278
2025-05-02T10:10:00.000+0000,1233607.621233663,506884.16601323074,1139559.8971410792
2025-05-02T10:20:00.000+0000,1233663.771817231,507129.0169756307,1139398.6343652771
2025-05-02T10:30:00.000+0000,1233620.8262811666,507129.0169756307,1140684.4004862104
2025-05-02T10:40:00.000+0000,1233550.1077213108,507129.0169756307,1140615.0340266959
2025-05-02T10:50:00.000+0000,1233455.2805238063,507129.0169756307,1140794.9375452995
2025-05-02T11:00:00.000+0000,1233576.1097830066,507129.0169756307,1142251.5005425455
2025-05-02T11:10:00.000+0000,1233655.3208634062,507129.0169756307,1142516.1620889537
2025-05-02T11:20:00.000+0000,1234101.7397623505,507129.0169756307,1144063.6735312692
2025-05-02T11:30:00.000+0000,1233953.078626479,508737.6940036306,1142829.605545662
2025-05-02T11:40:00.000+0000,1234060.1878904628,508737.6940036306,1143085.0412978642
2025-05-02T11:50:00.000+0000,1234247.4326147505,508737.6940036306,1144188.0299934074
2025-05-02T12:00:00.000+0000,1234334.106280302,508737.6940036306,1144192.2709349252
2025-05-02T12:10:00.000+0000,1233757.8145428149,508737.6940036306,1141954.0659019658
2025-05-02T12:20:00.000+0000,1233576.6926363504,508737.6940036306,1141721.5166590747
2025-05-02T12:30:00.000+0000,1232968.787829567,508737.6940036306,1138297.4880278008
2025-05-02T12:40:00.000+0000,1233686.9044563025,508737.6940036306,1142303.3846281474
2025-05-02T12:50:00.000+0000,1234030.2779175984,508737.6940036306,1145020.7257979545
2025-05-02T13:00:00.000+0000,1234126.6849901902,508737.6940036306,1144586.116393844
2025-05-02T13:10:00.000+0000,1233655.5727217586,508737.6940036306,1142442.9034111695
2025-05-02T13:20:00.000+0000,1234000.6311140305,508737.6940036306,1143714.3084098804
2025-05-02T13:30:00.000+0000,1233674.4795441907,508737.6940036306,1141797.7527632844
2025-05-02T13:40:00.000+0000,1233775.1197875342,508737.6940036306,1142568.2118214937
2025-05-02T13:50:00.000+0000,1233855.742937375,508737.6940036306,1142764.9284153231
2025-05-02T14:00:00.000+0000,1234463.6647305589,508737.6940036306,1145099.152620254
2025-05-02T14:10:00.000+0000,1234474.851993583,508737.6940036306,1145026.6892129518
2025-05-02T14:20:00.000+0000,1234755.3420618707,508737.6940036306,1147142.9625742608
2025-05-02T14:30:00.000+0000,1234619.2399707185,508737.6940036306,1147888.6068663972
2025-05-02T14:40:00.000+0000,1234803.271027999,508737.6940036306,1148888.3208594609
2025-05-02T14:50:00.000+0000,1235046.4607804301,508737.6940036306,1151212.2918611432
2025-05-02T15:00:00.000+0000,1234336.2395723022,508737.6940036306,1149494.4835157879
2025-05-02T15:10:00.000+0000,1234215.6479828148,508737.6940036306,1148642.425135414
2025-05-02T15:20:00.000+0000,1233860.7668750067,591472.1584396306,1142843.431476671
2025-05-02T15:30:00.000+0000,1233845.7551340146,591472.1584396306,1144107.288610659
2025-05-02T15:40:00.000+0000,1233959.2585785585,591472.1584396306,1146184.7785738485
2025-05-02T15:50:00.000+0000,1233784.2264963347,591472.1584396306,1145173.699519021
2025-05-02T16:00:00.000+0000,1233760.0781304948,591472.1584396306,1146400.7019096094
2025-05-02T16:10:00.000+0000,1234214.9697458388,605314.1949444306,1153578.7550261656
2025-05-02T16:20:00.000+0000,1234106.8034481585,605314.1949444306,1152901.6909030823
2025-05-02T16:30:00.000+0000,1234127.7878471988,605314.1949444306,1152267.551537853
2025-05-02T16:40:00.000+0000,1234067.9844282388,605314.1949444306,1150567.3911939666
2025-05-02T16:50:00.000+0000,1233882.5128243188,605314.1949444306,1148290.6666820338
2025-05-02T17:00:00.000+0000,1232836.7396179186,386373.86894443055,1144093.358929143
2025-05-02T17:10:00.000+0000,1232813.5766231506,386373.86894443055,1143580.3694046775
2025-05-02T17:20:00.000+0000,1232716.9048025266,386373.86894443055,1146363.4094924242
2025-05-02T17:30:00.000+0000,1232829.7252938705,386373.86894443055,1147297.0922708346
2025-05-02T17:40:00.000+0000,1232518.2138825268,386373.86894443055,1145606.1626419309
2025-05-02T17:50:00.000+0000,1232694.8961235667,386373.86894443055,1146004.8323710545
2025-05-02T18:00:00.000+0000,1232780.2085389907,386373.86894443055,1147809.7786360756
2025-05-02T18:10:00.000+0000,1233068.2332947026,386373.86894443055,1148371.8882672233
2025-05-02T18:20:00.000+0000,1232755.4316163987,386373.86894443055,1148184.3281219276
2025-05-02T18:30:00.000+0000,1232740.4894197264,386373.86894443055,1148325.3097905312
2025-05-02T18:40:00.000+0000,1233306.4759879508,386373.86894443055,1148414.0691532046
2025-05-02T18:50:00.000+0000,1232607.9312911348,386373.86894443055,1145302.5256650185
2025-05-02T19:00:00.000+0000,1231910.1063580466,386373.86894443055,1143586.5424638735
2025-05-02T19:10:00.000+0000,1231225.9983026707,386373.86894443055,1141214.5672579168
2025-05-02T19:20:00.000+0000,1231638.5747372624,386373.86894443055,1142656.397687369
2025-05-02T19:30:00.000+0000,1231135.2609906385,386373.86894443055,1139932.845614518
2025-05-02T19:40:00.000+0000,1230525.7169363026,386373.86894443055,1136608.9064856917
2025-05-02T19:50:00.000+0000,1230774.4528282708,386373.86894443055,1137879.2997253605
2025-05-02T20:00:00.000+0000,1230742.2334044466,386373.86894443055,1137360.7266283636
2025-05-02T20:10:00.000+0000,1231207.1499534226,386373.86894443055,1139661.6795320625
2025-05-02T20:20:00.000+0000,1231331.0073082065,386373.86894443055,1139165.685191029
2025-05-02T20:30:00.000+0000,1231864.7354038705,406421.33952731057,1140230.9411068046
2025-05-02T20:40:00.000+0000,1231827.6716586065,406421.33952731057,1140849.799675954
2025-05-02T20:50:00.000+0000,1231919.4993975984,406421.33952731057,1140791.5588825066
2025-05-02T21:00:00.000+0000,1231859.2245760628,408413.4773410706,1140710.4636864518
2025-05-02T21:10:00.000+0000,1231545.8660036304,408413.4773410706,1140512.010805536
2025-05-02T21:20:00.000+0000,1231332.0161404947,408413.4773410706,1139707.0212816321
2025-05-02T21:30:00.000+0000,1231258.6763992626,408413.4773410706,1139208.7785217082
2025-05-02T21:40:00.000+0000,1230570.0736025588,408413.4773410706,1135799.6426992412
2025-05-02T21:50:00.000+0000,1230147.5603038226,408413.4773410706,1134707.8574909277
2025-05-02T22:00:00.000+0000,1230161.8534601429,408413.4773410706,1135233.058846064
2025-05-02T22:10:00.000+0000,1230162.4602343342,408413.4773410706,1135272.0104623786
2025-05-02T22:20:00.000+0000,1230277.654824879,408413.4773410706,1135917.085562751
2025-05-02T22:30:00.000+0000,1229979.9873894867,408413.4773410706,1135871.9572082295
2025-05-02T22:40:00.000+0000,1229850.2230640624,408413.4773410706,1135442.6053536166
2025-05-02T22:50:00.000+0000,1229987.9520326704,408413.4773410706,1135726.3062395921
2025-05-02T23:00:00.000+0000,1230160.8728052946,408413.4773410706,1135933.7617499516
2025-05-02T23:10:00.000+0000,1230549.4795310064,408413.4773410706,1137197.9861938637
2025-05-02T23:20:00.000+0000,1230659.8920902386,408413.4773410706,1136801.1639698867
2025-05-02T23:30:00.000+0000,1230782.0791023665,408413.4773410706,1137292.156407436
2025-05-02T23:40:00.000+0000,1230892.5799908785,408413.4773410706,1138339.1471309257
2025-05-02T23:50:00.000+0000,1231010.9228607828,408413.4773410706,1138199.3205746398
2025-05-03T00:00:00.000+0000,1231075.4402655347,408413.4773410706,1139000.7194231865
2025-05-03T00:10:00.000+0000,1231223.8150706547,408413.4773410706,1139195.9677648074
2025-05-03T00:20:00.000+0000,1230870.8817633588,408413.4773410706,1138139.682232123
2025-05-03T00:30:00.000+0000,1230870.4786461107,408413.4773410706,1138433.36697233
2025-05-03T00:40:00.000+0000,1230416.1527178546,408413.4773410706,1137164.3294811808
2025-05-03T00:50:00.000+0000,1230272.829787998,408413.4773410706,1136724.5662969267
2025-05-03T01:00:00.000+0000,1230415.6170667184,408413.4773410706,1136093.2824302197
2025-05-03T01:10:00.000+0000,1230216.5578615824,408413.4773410706,1135201.7174657984
2025-05-03T01:20:00.000+0000,1230280.8657940463,408413.4773410706,1135705.9036355244
2025-05-03T01:30:00.000+0000,1229958.2406408142,408413.4773410706,1133785.583724184
2025-05-03T01:40:00.000+0000,1230122.0216710868,408413.4773410706,1134145.8128701737
2025-05-03T01:50:00.000+0000,1230162.4441871822,408413.4773410706,1134033.8561553597
2025-05-03T02:00:00.000+0000,1230726.7940658065,408413.4773410706,1135700.5703708902
2025-05-03T02:10:00.000+0000,1231063.6320396785,408413.4773410706,1136695.7750460883
2025-05-03T02:20:00.000+0000,1231312.4623760306,408413.4773410706,1137736.6253826683
2025-05-03T02:30:00.000+0000,1231990.4764904627,408413.4773410706,1137932.4393015145
2025-05-03T02:40:00.000+0000,1231873.0064817104,408413.4773410706,1136863.450272753
2025-05-03T02:50:00.000+0000,1232017.9006735508,408413.4773410706,1137413.3113565166
2025-05-03T03:00:00.000+0000,1232218.0463687987,408413.4773410706,1138216.4537538502
2025-05-03T03:10:00.000+0000,1231752.3750641104,408413.4773410706,1136421.641881633
2025-05-03T03:20:00.000+0000,1231744.544093903,408413.4773410706,1136067.8419545118
2025-05-03T03:30:00.000+0000,1231669.4299333426,408413.4773410706,1135396.3162550838
2025-05-03T03:40:00.000+0000,1231838.6373190545,408413.4773410706,1136725.6679530365
2025-05-03T03:50:00.000+0000,1231734.1194802707,408413.4773410706,1136327.6271274104
2025-05-03T04:00:00.000+0000,1231695.227598687,408413.4773410706,1136254.7468302445
2025-05-03T04:10:00.000+0000,1232132.0635301427,408413.4773410706,1137000.2705610753
2025-05-03T04:20:00.000+0000,1232064.8757633907,408413.4773410706,1136845.8783216695
2025-05-03T04:30:00.000+0000,1232084.3095239347,408413.4773410706,1137285.4219477978
2025-05-03T04:40:00.000+0000,1232227.7772578548,408413.4773410706,1137168.3174961864
2025-05-03T04:50:00.000+0000,1232205.2912210866,408413.4773410706,1137425.140422863
2025-05-03T05:00:00.000+0000,1231780.877563855,408413.4773410706,1136202.6010313372
2025-05-03T05:10:00.000+0000,1231720.0460080625,408413.4773410706,1135922.2606576653
2025-05-03T05:20:00.000+0000,1231769.8190777265,408413.4773410706,1136318.4553789406
2025-05-03T05:30:00.000+0000,1231502.3867548783,408413.4773410706,1135331.2698153672
2025-05-03T05:40:00.000+0000,1231814.689592575,408413.4773410706,1136577.5882953545
2025-05-03T05:50:00.000+0000,1231566.4822574225,408413.4773410706,1135025.7012817936
2025-05-03T06:00:00.000+0000,1231173.6533321748,408413.4773410706,1133898.5718093077
2025-05-03T06:10:00.000+0000,1230920.7877865746,408413.4773410706,1132080.1499111678
2025-05-03T06:20:00.000+0000,1230973.9652505429,408413.4773410706,1132106.6085724048
2025-05-03T06:30:00.000+0000,1231127.8430497425,408413.4773410706,1132612.8831635015
2025-05-03T06:40:00.000+0000,1231131.6101936144,408413.4773410706,1132654.6403483339
2025-05-03T06:50:00.000+0000,1231078.9309107824,408413.4773410706,1132111.3607341095
2025-05-03T07:00:00.000+0000,1230929.1713143827,408413.4773410706,1132686.903891089
2025-05-03T07:10:00.000+0000,1230767.945118606,408413.4773410706,1132797.1097281412
2025-05-03T07:20:00.000+0000,1230556.7531674388,408413.4773410706,1131468.4095819779
2025-05-03T07:30:00.000+0000,1230819.3476236782,408413.4773410706,1132375.444381702
2025-05-03T07:40:00.000+0000,1230872.1613388786,408413.4773410706,1133460.5831778916
2025-05-03T07:50:00.000+0000,1230840.6541847824,408413.4773410706,1133461.326158063
2025-05-03T08:00:00.000+0000,1230660.7756827986,408413.4773410706,1131746.7714667104
2025-05-03T08:10:00.000+0000,1230516.8435407025,408413.4773410706,1131799.7188816182
2025-05-03T08:20:00.000+0000,1230502.7145329583,408413.4773410706,1132682.4583846435
2025-05-03T08:30:00.000+0000,1231011.4940634547,408413.4773410706,1134081.822885768
2025-05-03T08:40:00.000+0000,1231178.2398799984,408413.4773410706,1134597.3139038791
2025-05-03T08:50:00.000+0000,1230873.801945343,408413.4773410706,1133202.1656053062
2025-05-03T09:00:00.000+0000,1230639.3936421266,408413.4773410706,1131863.499730385
2025-05-03T09:10:00.000+0000,1230529.7125172787,408413.4773410706,1131761.4860720905
2025-05-03T09:20:00.000+0000,1230586.1853828146,408413.4773410706,1132836.6023982319
2025-05-03T09:30:00.000+0000,1230146.5959559188,408413.4773410706,1131979.2086232519
2025-05-03T09:40:00.000+0000,1230262.9580916786,408413.4773410706,1132001.5875868215
2025-05-03T09:50:00.000+0000,1229723.9605349584,408413.4773410706,1129944.7192875175
2025-05-03T10:00:00.000+0000,1229949.2186042224,408413.4773410706,1131324.1696259507
2025-05-03T10:10:00.000+0000,1229806.3715533584,408413.4773410706,1130426.4969189295
2025-05-03T10:20:00.000+0000,1230002.3412520785,408413.4773410706,1131393.3572338312
2025-05-03T10:30:00.000+0000,1229732.2053338382,408413.4773410706,1130168.087686752
2025-05-03T10:40:00.000+0000,1229070.239510495,408413.4773410706,1128783.0350260527
2025-05-03T10:50:00.000+0000,1228772.5079464465,408413.4773410706,1127819.6890664916
2025-05-03T11:00:00.000+0000,1228797.4599088947,408413.4773410706,1128009.8918961955
2025-05-03T11:10:00.000+0000,1229042.0970225106,408413.4773410706,1128379.9500699234
2025-05-03T11:20:00.000+0000,1229445.6052374863,408413.4773410706,1129850.2639968663
2025-05-03T11:30:00.000+0000,1229094.0018454064,408413.4773410706,1128843.0522953884
2025-05-03T11:40:00.000+0000,1228880.3814185746,408413.4773410706,1129018.149649879
2025-05-03T11:50:00.000+0000,1229161.1343563984,408413.4773410706,1129266.6642829075
2025-05-03T12:00:00.000+0000,1229274.3165781265,408413.4773410706,1130121.8333140733
2025-05-03T12:10:00.000+0000,1229554.196434975,408413.4773410706,1130186.999984412
2025-05-03T12:20:00.000+0000,1230100.1362134707,408413.4773410706,1132260.552317581
2025-05-03T12:30:00.000+0000,1230279.3549237105,408413.4773410706,1132602.8671872145
2025-05-03T12:40:00.000+0000,1230316.8815783504,408413.4773410706,1133123.4817926856
2025-05-03T12:50:00.000+0000,1230432.0499898547,408413.4773410706,1133662.8365357358
2025-05-03T13:00:00.000+0000,1230418.3983998708,408413.4773410706,1133783.012691639
2025-05-03T13:10:00.000+0000,1230789.3127308306,408413.4773410706,1134837.6572550463
2025-05-03T13:20:00.000+0000,1230790.6104718065,408413.4773410706,1135314.6903125735
2025-05-03T13:30:00.000+0000,1230607.1350696466,408413.4773410706,1135215.459809403
2025-05-03T13:40:00.000+0000,1230834.5077858383,408413.4773410706,1136050.945513085
2025-05-03T13:50:00.000+0000,1230854.5524372787,408413.4773410706,1136158.533818005
2025-05-03T14:00:00.000+0000,1230955.5013135187,408413.4773410706,1136218.0483665909
2025-05-03T14:10:00.000+0000,1230774.0213737106,408413.4773410706,1135510.6092624562
2025-05-03T14:20:00.000+0000,1231117.2347032148,408413.4773410706,1135753.0508354113
2025-05-03T14:30:00.000+0000,1231355.5535954547,408413.4773410706,1135200.8886159777
2025-05-03T14:40:00.000+0000,1231445.1264797745,408413.4773410706,1135967.7390603619
2025-05-03T14:50:00.000+0000,1231711.9580036465,408413.4773410706,1136351.7359607087
2025-05-03T15:00:00.000+0000,1231957.7380022227,408413.4773410706,1137515.69136979
2025-05-03T15:10:00.000+0000,1231725.838810111,408413.4773410706,1138053.8126856168
2025-05-03T15:20:00.000+0000,1231687.2755254386,408413.4773410706,1137660.1179522765
2025-05-03T15:30:00.000+0000,1231967.8168127188,408413.4773410706,1137640.3457722333
2025-05-03T15:40:00.000+0000,1231709.5325855345,408413.4773410706,1137572.5300719682
2025-05-03T15:50:00.000+0000,1231485.5149631186,408413.4773410706,1136466.5267920005
2025-05-03T16:00:00.000+0000,1231594.6529827986,408413.4773410706,1135504.7018014279
2025-05-03T16:10:00.000+0000,1231397.0280093588,408413.4773410706,1134876.2683254608
2025-05-03T16:20:00.000+0000,1231263.9878267187,408413.4773410706,1134516.8408718756
2025-05-03T16:30:00.000+0000,1230522.7285689106,408413.4773410706,1131751.1479581674
2025-05-03T16:40:00.000+0000,1230252.9018031505,408413.4773410706,1130754.6479587806
2025-05-03T16:50:00.000+0000,1230540.0528983509,408413.4773410706,1132113.9994373345
2025-05-03T17:00:00.000+0000,1228575.8612297745,408413.4773410706,1126347.770978206
2025-05-03T17:10:00.000+0000,1227754.9911116466,408413.4773410706,1124249.613556239
2025-05-03T17:20:00.000+0000,1228118.8297077264,408413.4773410706,1124722.7338726118
2025-05-03T17:30:00.000+0000,1228214.8835831024,408413.4773410706,1125194.452212882
2025-05-03T17:40:00.000+0000,1228185.1112200622,408413.4773410706,1125538.7741912543
2025-05-03T17:50:00.000+0000,1229040.7144894227,408413.4773410706,1128131.110416699
2025-05-03T18:00:00.000+0000,1229099.110675071,408413.4773410706,1128730.8364385269
2025-05-03T18:10:00.000+0000,1229592.3235288789,408413.4773410706,1130120.644517502
2025-05-03T18:20:00.000+0000,1229534.0517835985,408413.4773410706,1130917.0076238455
2025-05-03T18:30:00.000+0000,1229026.1090231508,408413.4773410706,1129629.6615189835
2025-05-03T18:40:00.000+0000,1228674.9638641903,408413.4773410706,1128943.622028788
2025-05-03T18:50:00.000+0000,1228433.1084034706,408413.4773410706,1128781.6495784926
2025-05-03T19:00:00.000+0000,1228373.7358795188,408413.4773410706,1129174.4507930889
2025-05-03T19:10:00.000+0000,1229050.8467771027,408413.4773410706,1131163.4086832278
2025-05-03T19:20:00.000+0000,1229216.7853599507,408413.4773410706,1131515.9982293756
2025-05-03T19:30:00.000+0000,1229480.7017577908,408413.4773410706,1132818.4774218474
2025-05-03T19:40:00.000+0000,1229671.7560120146,408413.4773410706,1133356.036651919
2025-05-03T19:50:00.000+0000,1229878.4589372785,408413.4773410706,1134114.885971039
2025-05-03T20:00:00.000+0000,1229915.1413078865,408413.4773410706,1134924.0901815319
2025-05-03T20:10:00.000+0000,1229609.9037734226,408413.4773410706,1133972.7709227623
2025-05-03T20:20:00.000+0000,1229828.5745767185,408413.4773410706,1134311.0334961733
2025-05-03T20:30:00.000+0000,1229906.0148748788,408413.4773410706,1134399.9663045565
2025-05-03T20:40:00.000+0000,1229585.7165986544,408413.4773410706,1133810.8425028035
2025-05-03T20:50:00.000+0000,1229852.4938859507,408413.4773410706,1134810.8821489194
2025-05-03T21:00:00.000+0000,1229089.5270680946,408413.4773410706,1133228.3694204763
2025-05-03T21:10:00.000+0000,1229142.7632450548,408413.4773410706,1133399.4577564928
2025-05-03T21:20:00.000+0000,1230051.7164003344,408413.4773410706,1136274.9615216888
2025-05-03T21:30:00.000+0000,1230190.8002241903,408413.4773410706,1136374.90662013
2025-05-03T21:40:00.000+0000,1230089.0809247824,408413.4773410706,1135503.573907579
2025-05-03T21:50:00.000+0000,1229991.4959352787,408413.4773410706,1135123.7499126534
2025-05-03T22:00:00.000+0000,1229792.2721219347,408413.4773410706,1134167.9599472706
2025-05-03T22:10:00.000+0000,1229670.0128276786,408413.4773410706,1134204.9543848522
2025-05-03T22:20:00.000+0000,1229759.8590731348,408413.4773410706,1134210.1246741563
2025-05-03T22:30:00.000+0000,1230318.1514016786,408413.4773410706,1135461.6544281654
2025-05-03T22:40:00.000+0000,1230488.6773317102,408413.4773410706,1135834.5937224885
2025-05-03T22:50:00.000+0000,1230384.4624103988,408413.4773410706,1134973.928100758
2025-05-03T23:00:00.000+0000,1230201.7911643984,408413.4773410706,1134017.0385026652
2025-05-03T23:10:00.000+0000,1230123.4873176306,408413.4773410706,1133588.0642367848
2025-05-03T23:20:00.000+0000,1229431.389778959,408413.4773410706,1130269.397693982
2025-05-03T23:30:00.000+0000,1229265.329813294,408413.4773410706,1129785.1252303103
2025-05-03T23:40:00.000+0000,1229571.2304768306,408413.4773410706,1130839.620751726
2025-05-03T23:50:00.000+0000,1229290.4877907985,408413.4773410706,1129916.7686922387
2025-05-04T00:00:00.000+0000,1229312.9622768147,408413.4773410706,1129710.343444971
2025-05-04T00:10:00.000+0000,1229943.4772409906,408413.4773410706,1131605.954191422
2025-05-04T00:20:00.000+0000,1229647.3963753264,408413.4773410706,1130773.287543745
2025-05-04T00:30:00.000+0000,1229258.5502412943,408413.4773410706,1128800.2838492873
2025-05-04T00:40:00.000+0000,1228908.2395941904,408413.4773410706,1127706.9371764462
2025-05-04T00:50:00.000+0000,1228871.059502079,408413.4773410706,1128249.8334413832
2025-05-04T01:00:00.000+0000,1228939.004922223,408413.4773410706,1128923.4418974123
2025-05-04T01:10:00.000+0000,1229610.4698801744,408413.4773410706,1130599.1606893828
2025-05-04T01:20:00.000+0000,1229953.0365873901,408413.4773410706,1131813.5228189458
2025-05-04T01:30:00.000+0000,1230236.0987763347,408413.4773410706,1130465.1225533467
2025-05-04T01:40:00.000+0000,1228848.1931098388,408413.4773410706,1126182.646232871
2025-05-04T01:50:00.000+0000,1229622.7020665905,408413.4773410706,1128623.8960913848
2025-05-04T02:00:00.000+0000,1230804.1705950228,408413.4773410706,1132954.9749482719
2025-05-04T02:10:00.000+0000,1231384.7515583825,408413.4773410706,1134410.6133075561
2025-05-04T02:20:00.000+0000,1231121.5540249906,408413.4773410706,1134046.9527351707
2025-05-04T02:30:00.000+0000,1230221.5936497264,408413.4773410706,1130183.5643414003
2025-05-04T02:40:00.000+0000,1229612.6448388146,408413.4773410706,1128486.7661740228
2025-05-04T02:50:00.000+0000,1229893.9597866707,408413.4773410706,1128554.4074736333
2025-05-04T03:00:00.000+0000,1229009.0412882706,408413.4773410706,1125975.5302763612
2025-05-04T03:10:00.000+0000,1228893.609127935,408413.4773410706,1125885.3132230788
2025-05-04T03:20:00.000+0000,1228955.4467382382,408413.4773410706,1126460.7555365919
2025-05-04T03:30:00.000+0000,1229426.8909209268,408413.4773410706,1127896.9767999516
2025-05-04T03:40:00.000+0000,1229438.5144346706,408413.4773410706,1127356.3329870105
2025-05-04T03:50:00.000+0000,1229599.1059785744,408413.4773410706,1127236.788425594
2025-05-04T04:00:00.000+0000,1229522.918437407,408413.4773410706,1126408.273440407
2025-05-04T04:10:00.000+0000,1229969.6167126708,408413.4773410706,1127835.7066877256
2025-05-04T04:20:00.000+0000,1229858.7512360625,408413.4773410706,1127814.1502330226
2025-05-04T04:30:00.000+0000,1228945.1680677587,408413.4773410706,1125688.8617815666
2025-05-04T04:40:00.000+0000,1228793.8943436304,408413.4773410706,1125629.3407677305
2025-05-04T04:50:00.000+0000,1228641.877154751,408413.4773410706,1125411.6064366144
2025-05-04T05:00:00.000+0000,1229410.218809294,408413.4773410706,1126766.9398601865
2025-05-04T05:10:00.000+0000,1229510.9999798064,408413.4773410706,1127832.755640525
2025-05-04T05:20:00.000+0000,1229747.9002678385,408413.4773410706,1129043.005193212
2025-05-04T05:30:00.000+0000,1230298.4030130384,408413.4773410706,1130849.3553334395
2025-05-04T05:40:00.000+0000,1230343.6900743828,408413.4773410706,1130904.2642583288
2025-05-04T05:50:00.000+0000,1230311.8227686384,408413.4773410706,1132451.945439367
2025-05-04T06:00:00.000+0000,1230049.2409822547,408413.4773410706,1131632.1252385203
2025-05-04T06:10:00.000+0000,1229754.0284813428,408413.4773410706,1130644.9034673283
2025-05-04T06:20:00.000+0000,1229543.8925846543,408413.4773410706,1129469.2267225212
2025-05-04T06:30:00.000+0000,1229550.615442063,408413.4773410706,1129255.1028131135
2025-05-04T06:40:00.000+0000,1229955.4736561745,408413.4773410706,1129280.1040186398
2025-05-04T06:50:00.000+0000,1230240.6881618863,408413.4773410706,1130081.3395652028
2025-05-04T07:00:00.000+0000,1230177.2492536462,408413.4773410706,1129089.4622403092
2025-05-04T07:10:00.000+0000,1230247.1436533586,408413.4773410706,1129319.868497869
2025-05-04T07:20:00.000+0000,1230144.9265325265,408413.4773410706,1128869.2802115688
2025-05-04T07:30:00.000+0000,1229719.1746467345,408413.4773410706,1127169.6836176428
2025-05-04T07:40:00.000+0000,1229769.2610655185,408413.4773410706,1127183.6628591823
2025-05-04T07:50:00.000+0000,1230234.3724784781,465679.8475650702,1127837.2927863044
2025-05-04T08:00:00.000+0000,1230196.3067554382,465679.8475650702,1128782.3870889598
2025-05-04T08:10:00.000+0000,1230032.5967682863,465679.8475650702,1127917.316686657
2025-05-04T08:20:00.000+0000,1229748.2811628783,465868.74232827016,1126453.2097340324
2025-05-04T08:30:00.000+0000,1229534.464473182,465868.74232827016,1126144.8718395603
2025-05-04T08:40:00.000+0000,1229118.343836222,465883.2926786701,1124454.0092307557
2025-05-04T08:50:00.000+0000,1229020.8092663498,466187.98972587,1125272.328132561
2025-05-04T09:00:00.000+0000,1228454.615344142,466187.98972587,1123494.863060371
2025-05-04T09:10:00.000+0000,1228323.168545774,518637.7283402699,1123065.4058873656
2025-05-04T09:20:00.000+0000,1228209.115161534,518637.7283402699,1121996.044771582
2025-05-04T09:30:00.000+0000,1227906.1157751177,551334.9014588299,1121943.1889960081
2025-05-04T09:40:00.000+0000,1227857.264427486,551334.9014588299,1122724.9165798165
2025-05-04T09:50:00.000+0000,1227836.3246327336,551334.9014588299,1122826.2868157772
2025-05-04T10:00:00.000+0000,1227963.2128408938,551334.9014588299,1122450.7424500254
2025-05-04T10:10:00.000+0000,1228110.40507283,551334.9014588299,1121056.6155650418
2025-05-04T10:20:00.000+0000,1228181.924831214,551334.9014588299,1121677.139531132
2025-05-04T10:30:00.000+0000,1228332.2738756777,551334.9014588299,1123420.866601953
2025-05-04T10:40:00.000+0000,1228354.08886971,551334.9014588299,1123339.9908921854
2025-05-04T10:50:00.000+0000,1228185.355084814,551334.9014588299,1123419.1503394437
2025-05-04T11:00:00.000+0000,1227897.0993740137,551334.9014588299,1123532.7692904125
2025-05-04T11:10:00.000+0000,1227823.9340931019,551334.9014588299,1125839.581528453
2025-05-04T11:20:00.000+0000,1228331.275355134,551505.2561459658,1125779.7749152833
2025-05-04T11:30:00.000+0000,1228463.575150558,551505.2561459658,1124887.3719356721
2025-05-04T11:40:00.000+0000,1228399.5911387496,551505.2561459658,1124780.054217506
2025-05-04T11:50:00.000+0000,1228487.4899434058,551505.2561459658,1123358.2303472317
2025-05-04T12:00:00.000+0000,1228508.4316366378,551505.2561459658,1124328.4069331482
2025-05-04T12:10:00.000+0000,1228434.0144180772,551505.2561459658,1124935.1322932702
2025-05-04T12:20:00.000+0000,1228214.8652377897,551505.2561459658,1124884.9572130414
2025-05-04T12:30:00.000+0000,1228259.3749215337,551505.2561459658,1125084.0986452512
2025-05-04T12:40:00.000+0000,1228492.1758117098,551505.2561459658,1125696.753947069
2025-05-04T12:50:00.000+0000,1228516.5266554377,551505.2561459658,1125188.794567311
2025-05-04T13:00:00.000+0000,1228601.5328560297,552802.9331731657,1125616.2409092395
2025-05-04T13:10:00.000+0000,1228107.608371982,552802.9331731657,1123004.8574257237
2025-05-04T13:20:00.000+0000,1228024.8084449577,552802.9331731657,1122947.3071978404
2025-05-04T13:30:00.000+0000,1227806.8874613256,552802.9331731657,1122898.0571820424
2025-05-04T13:40:00.000+0000,1227615.8857850058,552802.9331731657,1121339.6681124717
2025-05-04T13:50:00.000+0000,1227782.7535439176,552802.9331731657,1123372.6333857055
2025-05-04T14:00:00.000+0000,1227797.3173235657,552802.9331731657,1123362.0057111825
2025-05-04T14:10:00.000+0000,1228216.0944935977,552802.9331731657,1124796.497896699
2025-05-04T14:20:00.000+0000,1228362.9819095817,552802.9331731657,1126082.3712983723
2025-05-04T14:30:00.000+0000,1228436.1800042216,552802.9331731657,1126426.5185214598
2025-05-04T14:40:00.000+0000,1228273.4579860617,552802.9331731657,1127118.3751908173
2025-05-04T14:50:00.000+0000,1228380.4372141578,552802.9331731657,1127838.9434585557
2025-05-04T15:00:00.000+0000,1228362.573656446,552802.9331731657,1128808.556035667
2025-05-04T15:10:00.000+0000,1228719.9747466543,709217.1855859661,1129015.6984061354
2025-05-04T15:20:00.000+0000,1228731.17655803,709217.1855859661,1128008.7121624514
2025-05-04T15:30:00.000+0000,1228576.8859493423,709217.1855859661,1127593.5032014267
2025-05-04T15:40:00.000+0000,1228726.6888111022,709217.1855859661,1126258.8898815727
2025-05-04T15:50:00.000+0000,1228767.8110269902,709217.1855859661,1128187.9495910471
2025-05-04T16:00:00.000+0000,1228511.82428035,709217.1855859661,1129022.979602043
2025-05-04T16:10:00.000+0000,1228489.1977360782,709217.1855859661,1126803.9913834366
2025-05-04T16:20:00.000+0000,1228215.961020462,709217.1855859661,1127993.510246859
2025-05-04T16:30:00.000+0000,1227838.9341634382,709217.1855859661,1127003.3191159873
2025-05-04T16:40:00.000+0000,1227967.19663131,709217.1855859661,1125643.3903042
2025-05-04T16:50:00.000+0000,1228018.5450596781,709217.1855859661,1125657.8388695915
2025-05-04T17:00:00.000+0000,1227595.9427522062,709217.1855859661,1127247.5724847785
2025-05-04T17:10:00.000+0000,1227658.1506860142,709217.1855859661,1127989.9828977739
2025-05-04T17:20:00.000+0000,1227823.298761774,709217.1855859661,1126355.1738603618
2025-05-04T17:30:00.000+0000,1227653.7006089261,709217.1855859661,1125090.2263217424
2025-05-04T17:40:00.000+0000,1227343.0997485581,709217.1855859661,1126302.368038739
2025-05-04T17:50:00.000+0000,1226904.494213918,709217.1855859661,1128191.1489552855
2025-05-04T18:00:00.000+0000,1226571.0112538862,709217.1855859661,1128505.3037028005
2025-05-04T18:10:00.000+0000,1226489.975594318,709217.1855859661,1128181.6163473255
2025-05-04T18:20:00.000+0000,1226461.9928184622,709217.1855859661,1129093.6647825963
2025-05-04T18:30:00.000+0000,1226321.0060981421,709217.1855859661,1128088.4191572468
2025-05-04T18:40:00.000+0000,1226628.996428606,709217.1855859661,1127248.9967066504
2025-05-04T18:50:00.000+0000,1227005.7742450223,709217.1855859661,1126421.5228528918
2025-05-04T19:00:00.000+0000,1227398.9537495822,709217.1855859661,1125146.5644805008
2025-05-04T19:10:00.000+0000,1227622.952187358,709217.1855859661,1125135.94565548
2025-05-04T19:20:00.000+0000,1227862.95948779,709217.1855859661,1125466.7183238133
2025-05-04T19:30:00.000+0000,1227866.3403409421,709217.1855859661,1126522.775472816
2025-05-04T19:40:00.000+0000,1227915.825820862,709217.1855859661,1127194.0066276232
2025-05-04T19:50:00.000+0000,1228484.89953739,709217.1855859661,1126329.8450827631
2025-05-04T20:00:00.000+0000,1228153.670073118,709217.1855859661,1126938.6640831751
2025-05-04T20:10:00.000+0000,1228065.4399936942,709217.1855859661,1127135.6621081491
2025-05-04T20:20:00.000+0000,1228143.548177118,709217.1855859661,1128632.3112285174
2025-05-04T20:30:00.000+0000,1227901.772672382,709217.1855859661,1130248.50373984
2025-05-04T20:40:00.000+0000,1227872.8716916782,709217.1855859661,1130320.8813402022
2025-05-04T20:50:00.000+0000,1227925.67657395,709217.1855859661,1130458.2859839955
2025-05-04T21:00:00.000+0000,1228225.665031038,709217.1855859661,1129403.7753302683
2025-05-04T21:10:00.000+0000,1228266.201795662,709217.1855859661,1128374.4791858953
2025-05-04T21:20:00.000+0000,1228154.517414702,709217.1855859661,1129178.2865267207
2025-05-04T21:30:00.000+0000,1228209.2521718382,709217.1855859661,1129481.6497560933
2025-05-04T21:40:00.000+0000,1228288.432516846,709217.1855859661,1130255.7283249756
2025-05-04T21:50:00.000+0000,1228009.1393103022,709217.1855859661,1130466.3923797593
2025-05-04T22:00:00.000+0000,1227263.83816859,709217.1855859661,1124625.387558941
2025-05-04T22:10:00.000+0000,1227502.1671727342,709217.1855859661,1124127.0250968714
2025-05-04T22:20:00.000+0000,1227650.21941611,709217.1855859661,1123956.6745414883
2025-05-04T22:30:00.000+0000,1227754.59235091,709217.1855859661,1118563.0982374405
2025-05-04T22:40:00.000+0000,1228626.877084414,709217.1855859661,1117846.1728680953
2025-05-04T22:50:00.000+0000,1228882.5571166219,709217.1855859661,1118548.2584954784
2025-05-04T23:00:00.000+0000,1228951.6302738541,709217.1855859661,1116068.0921056995
2025-05-04T23:10:00.000+0000,1229255.1678293901,709217.1855859661,1115610.968020456
2025-05-04T23:20:00.000+0000,1229249.5891758862,709217.1855859661,1112669.6462811898
2025-05-04T23:30:00.000+0000,1229954.60293331,749121.7553707659,1110882.232252812
2025-05-04T23:40:00.000+0000,1230129.8963662859,749121.7553707659,1109979.964603426
2025-05-04T23:50:00.000+0000,1230190.633297838,749121.7553707659,1111265.5567849067
2025-05-05T00:00:00.000+0000,1230102.34074843,749121.7553707659,1110662.7292251983
2025-05-05T00:10:00.000+0000,1229760.080296014,749121.7553707659,1112342.234455844
2025-05-05T00:20:00.000+0000,1229232.3070726378,749121.7553707659,1114800.2128443262
2025-05-05T00:30:00.000+0000,1229307.5954337257,749121.7553707659,1117118.3605562262
2025-05-05T00:40:00.000+0000,1229506.7733038538,749121.7553707659,1116631.543997879
2025-05-05T00:50:00.000+0000,1229438.4459694857,749121.7553707659,1118065.5310783938
2025-05-05T01:00:00.000+0000,1229508.076200702,749121.7553707659,1114970.0406823584
2025-05-05T01:10:00.000+0000,1229584.582366766,749121.7553707659,1111836.1747369948
2025-05-05T01:20:00.000+0000,1229426.057028574,749121.7553707659,1110775.770138238
2025-05-05T01:30:00.000+0000,1229565.3932703338,749121.7553707659,1103586.5895175636
2025-05-05T01:40:00.000+0000,1229617.5382409578,755912.4730470858,1103926.2120270643
2025-05-05T01:50:00.000+0000,1229575.5513573578,755912.4730470858,1104028.1761533117
2025-05-05T02:00:00.000+0000,1229642.6472776458,755912.4730470858,1100808.7517106584
2025-05-05T02:10:00.000+0000,1229105.2194041738,755912.4730470858,1103195.2222466609
2025-05-05T02:20:00.000+0000,1228984.0075712777,755912.4730470858,1110208.0141897555
2025-05-05T02:30:00.000+0000,1229402.8989498697,755912.4730470858,1111067.6418647894
2025-05-05T02:40:00.000+0000,1229443.9098748618,755912.4730470858,1111397.7021436933
2025-05-05T02:50:00.000+0000,1229524.1694358059,755912.4730470858,1111731.734739709
2025-05-05T03:00:00.000+0000,1229004.8481654536,755912.4730470858,1110297.8168418065
2025-05-05T03:10:00.000+0000,1229080.4979171976,755912.4730470858,1108997.1561367244
2025-05-05T03:20:00.000+0000,1228608.1970404137,755912.4730470858,1109582.2739895692
2025-05-05T03:30:00.000+0000,1228285.8723466217,755912.4730470858,1109970.7807779287
2025-05-05T03:40:00.000+0000,1228162.2518422059,755912.4730470858,1110659.678059678
2025-05-05T03:50:00.000+0000,1228213.009543534,755912.4730470858,1110458.1433587212
2025-05-05T04:00:00.000+0000,1228056.0457950698,755912.4730470858,1110745.1085036274
2025-05-05T04:10:00.000+0000,1227780.9137968938,755912.4730470858,1110467.064910431
2025-05-05T04:20:00.000+0000,1227692.8876342056,755912.4730470858,1113830.7910909099
2025-05-05T04:30:00.000+0000,1227634.7416882059,755912.4730470858,1115318.799338125
2025-05-05T04:40:00.000+0000,1227576.9927443499,755912.4730470858,1116528.9630120331
2025-05-05T04:50:00.000+0000,1227745.2095431658,755912.4730470858,1116637.855845274
2025-05-05T05:00:00.000+0000,1227616.7870634058,755912.4730470858,1117165.7845019144
2025-05-05T05:10:00.000+0000,1227600.728260734,755912.4730470858,1115901.2566159866
2025-05-05T05:20:00.000+0000,1227636.9450441098,755912.4730470858,1117437.5912199295
2025-05-05T05:30:00.000+0000,1227676.8104062858,755912.4730470858,1117256.6288423815
2025-05-05T05:40:00.000+0000,1227915.7114524299,755912.4730470858,1118562.337654585
2025-05-05T05:50:00.000+0000,1227924.9031731659,755912.4730470858,1119795.2790758344
2025-05-05T06:00:00.000+0000,1228071.2649699817,755912.4730470858,1121322.5599259203
2025-05-05T06:10:00.000+0000,1228163.0151510697,755912.4730470858,1120684.4253843348
2025-05-05T06:20:00.000+0000,1227843.6791044457,755912.4730470858,1121267.4886346105
2025-05-05T06:30:00.000+0000,1227882.5915295817,755912.4730470858,1121680.554260239
2025-05-05T06:40:00.000+0000,1228100.97572235,755912.4730470858,1122368.5556344274
2025-05-05T06:50:00.000+0000,1228086.3944567018,755912.4730470858,1122523.6594474309
2025-05-05T07:00:00.000+0000,1227946.0306176778,755912.4730470858,1121660.5567854615
2025-05-05T07:10:00.000+0000,1227824.6866305897,755912.4730470858,1121865.5320017792
2025-05-05T07:20:00.000+0000,1227739.4666011976,755912.4730470858,1122929.0130864908
2025-05-05T07:30:00.000+0000,1227885.5703646059,755912.4730470858,1123559.6970674573
2025-05-05T07:40:00.000+0000,1228125.4778449577,755912.4730470858,1124098.8776641327
2025-05-05T07:50:00.000+0000,1228283.8067604138,755912.4730470858,1124104.5981873989
2025-05-05T08:00:00.000+0000,1228338.131305982,781626.5033526858,1123545.190139898
2025-05-05T08:10:00.000+0000,1228735.909308798,781626.5033526858,1123149.5711549253
2025-05-05T08:20:00.000+0000,1228814.4848180618,781626.5033526858,1123070.507145208
2025-05-05T08:30:00.000+0000,1228610.40375363,781626.5033526858,1122701.8859847393
2025-05-05T08:40:00.000+0000,1228420.6050941257,781626.5033526858,1124157.3088149736
2025-05-05T08:50:00.000+0000,1228558.3862009898,781626.5033526858,1123088.5438146992
2025-05-05T09:00:00.000+0000,1229258.5718439978,781626.5033526858,1123131.5464849358
2025-05-05T09:10:00.000+0000,1229524.9432162857,781626.5033526858,1122698.5239040158
2025-05-05T09:20:00.000+0000,1229339.1282472778,781626.5033526858,1122929.9136554485
2025-05-05T09:30:00.000+0000,1229355.8286762377,781626.5033526858,1123357.9975873171
2025-05-05T09:40:00.000+0000,1229258.4790383019,781626.5033526858,1122941.6126256734
2025-05-05T09:50:00.000+0000,1229153.0623591659,781626.5033526858,1121565.3424467638
2025-05-05T10:00:00.000+0000,1229183.990976462,781626.5033526858,1119449.654476305
2025-05-05T10:10:00.000+0000,1229324.2434846219,781626.5033526858,1117744.151989771
2025-05-05T10:20:00.000+0000,1229356.912128782,781626.5033526858,1115972.642385564
2025-05-05T10:30:00.000+0000,1229311.7228291659,781626.5033526858,1112253.6464094426
2025-05-05T10:40:00.000+0000,1229509.3181063817,781626.5033526858,1109175.201424987
2025-05-05T10:50:00.000+0000,1229482.8195022377,781626.5033526858,1109677.6747997273
2025-05-05T11:00:00.000+0000,1229572.383533646,781626.5033526858,1111130.7996790241
2025-05-05T11:10:00.000+0000,1229945.695844686,781626.5033526858,1112342.9970626344
2025-05-05T11:20:00.000+0000,1229757.0501620618,781626.5033526858,1109300.2039372043
2025-05-05T11:30:00.000+0000,1229614.9178189738,781626.5033526858,1107557.695376812
2025-05-05T11:40:00.000+0000,1229028.8276065418,781626.5033526858,1108011.42260302
2025-05-05T11:50:00.000+0000,1228785.2972867817,781626.5033526858,1110615.4470021913
2025-05-05T12:00:00.000+0000,1228159.6252451658,781626.5033526858,1108874.3972789238
2025-05-05T12:10:00.000+0000,1228708.4617644139,781626.5033526858,1112027.868328086
2025-05-05T12:20:00.000+0000,1228872.4994292138,781626.5033526858,1111892.0913051947
2025-05-05T12:30:00.000+0000,1228930.7612624299,781626.5033526858,1112876.656056118
2025-05-05T12:40:00.000+0000,1228921.8490379178,781626.5033526858,1112049.9805184607
2025-05-05T12:50:00.000+0000,1228872.638557822,781626.5033526858,1111402.3887533685
2025-05-05T13:00:00.000+0000,1228957.659946254,781626.5033526858,1110404.031109139
2025-05-05T13:10:00.000+0000,1228858.9498175818,781626.5033526858,1110336.477424352
2025-05-05T13:20:00.000+0000,1228828.9213995498,781626.5033526858,1109930.020602433
2025-05-05T13:30:00.000+0000,1228197.7744813417,781626.5033526858,1107517.0540316775
2025-05-05T13:40:00.000+0000,1227968.5587407495,781626.5033526858,1106122.5903750546
2025-05-05T13:50:00.000+0000,1227926.0791716136,807389.2991146855,1107437.5885711457
2025-05-05T14:00:00.000+0000,1227910.613593981,821257.6075850851,1112360.5828125079
2025-05-05T14:10:00.000+0000,1227812.308441069,821257.6075850851,1111377.4759677101
2025-05-05T14:20:00.000+0000,1227875.182941197,821257.6075850851,1109776.2714917837
2025-05-05T14:30:00.000+0000,1227738.803232317,821257.6075850851,1108987.5641723538
2025-05-05T14:40:00.000+0000,1227676.417041229,821257.6075850851,1112454.9344381853
2025-05-05T14:50:00.000+0000,1227795.313348029,821257.6075850851,1110488.9680496305
2025-05-05T15:00:00.000+0000,1227906.030843117,821257.6075850851,1108832.5302706046
2025-05-05T15:10:00.000+0000,1227630.995527533,821257.6075850851,1108720.7717273065
2025-05-05T15:20:00.000+0000,1227541.723921997,821257.6075850851,1110325.0240454425
2025-05-05T15:30:00.000+0000,1227472.585037389,821257.6075850851,1109773.3506328021
2025-05-05T15:40:00.000+0000,1227245.609842925,821257.6075850851,1104962.3077111158
2025-05-05T15:50:00.000+0000,1227433.352168813,859498.1420639651,1106246.44084452
2025-05-05T16:00:00.000+0000,1227362.501374829,859498.1420639651,1107919.59512331
2025-05-05T16:10:00.000+0000,1226888.4766182532,859498.1420639651,1109738.180203702
2025-05-05T16:20:00.000+0000,1226716.719493965,859498.1420639651,1114033.832672517
2025-05-05T16:30:00.000+0000,1226915.880277773,859498.1420639651,1114033.4939105534
2025-05-05T16:40:00.000+0000,1226978.4859131651,859498.1420639651,1114377.1808029693
2025-05-05T16:50:00.000+0000,1226972.202863629,859498.1420639651,1113550.2902539512
2025-05-05T17:00:00.000+0000,1226970.922129037,859498.1420639651,1113247.5618516905
2025-05-05T17:10:00.000+0000,1226823.7585541569,859498.1420639651,1112342.667533314
2025-05-05T17:20:00.000+0000,1226901.182105725,885525.9301623648,1114757.314446316
2025-05-05T17:30:00.000+0000,1226984.7193624128,885525.9301623648,1116552.0092441326
2025-05-05T17:40:00.000+0000,1226796.109451149,885525.9301623648,1117898.5302000532
2025-05-05T17:50:00.000+0000,1226851.6086762208,885525.9301623648,1118184.457470102
2025-05-05T18:00:00.000+0000,1226747.1610811967,885525.9301623648,1117695.5962139831
2025-05-05T18:10:00.000+0000,1226823.275001309,891297.1490906852,1119738.533043804
2025-05-05T18:20:00.000+0000,1226943.892170317,891297.1490906852,1119237.4379221974
2025-05-05T18:30:00.000+0000,1226373.6189341731,891297.1490906852,1120024.7631749348
2025-05-05T18:40:00.000+0000,1226534.4363971972,891297.1490906852,1124209.034713131
2025-05-05T18:50:00.000+0000,1226524.8923385572,891297.1490906852,1123097.5422673593
2025-05-05T19:00:00.000+0000,1226327.7272768945,942772.9834522865,1123345.7638569125
2025-05-05T19:10:00.000+0000,1226453.0429241103,942772.9834522865,1124355.019714526
2025-05-05T19:20:00.000+0000,1226445.2233647665,942772.9834522865,1122787.7317654837
2025-05-05T19:30:00.000+0000,1226120.1852634384,942772.9834522865,1121273.75926132
2025-05-05T19:40:00.000+0000,1226171.5247389744,942772.9834522865,1121094.1601528372
2025-05-05T19:50:00.000+0000,1225991.0596666224,942772.9834522865,1119778.0388884235
2025-05-05T20:00:00.000+0000,1225946.6096551025,968540.3790314865,1118233.877588382
2025-05-05T20:10:00.000+0000,1225981.0697649424,994361.8183410865,1118276.5836518346
2025-05-05T20:20:00.000+0000,1225846.7896550384,994361.8183410865,1117468.375184966
2025-05-05T20:30:00.000+0000,1225400.8126223187,994809.5578626866,1111690.4829364475
2025-05-05T20:40:00.000+0000,1225301.5240367828,1014508.1919382067,1112690.8910344378
2025-05-05T20:50:00.000+0000,1225301.3810512628,1033466.2993094067,1114923.304649421
2025-05-05T21:00:00.000+0000,1225308.9316859187,1033466.2993094067,1116117.5767731713
2025-05-05T21:10:00.000+0000,1225348.4541626226,1033466.2993094067,1119133.0624496224
2025-05-05T21:20:00.000+0000,1225280.4373196627,1033466.2993094067,1120517.8386717923
2025-05-05T21:30:00.000+0000,1224965.6354427985,1033466.2993094067,1117792.052722834
2025-05-05T21:40:00.000+0000,1225067.6895741266,1033466.2993094067,1119966.35596258
2025-05-05T21:50:00.000+0000,1225249.0552254387,1033466.2993094067,1121876.119977214
2025-05-05T22:00:00.000+0000,1225363.3935015828,1046324.9511518066,1122420.2974414306
2025-05-05T22:10:00.000+0000,1225383.6003431666,1046324.9511518066,1123221.5866642832
2025-05-05T22:20:00.000+0000,1225366.8752539507,1046324.9511518066,1124034.3412940574
2025-05-05T22:30:00.000+0000,1225405.4853411505,1046324.9511518066,1125349.727285851
2025-05-05T22:40:00.000+0000,1225435.8150579508,1046324.9511518066,1127241.0928792676
2025-05-05T22:50:00.000+0000,1225407.9496481265,1046324.9511518066,1126928.628657023
2025-05-05T23:00:00.000+0000,1225411.5002054067,1046324.9511518066,1126917.0063614447
2025-05-05T23:10:00.000+0000,1225402.4164582228,1046324.9511518066,1127245.3933249044
2025-05-05T23:20:00.000+0000,1225366.5198784785,1046324.9511518066,1125822.8766918196
2025-05-05T23:30:00.000+0000,1225317.0522642545,1046324.9511518066,1125073.4545710469
2025-05-05T23:40:00.000+0000,1225263.4661874387,1046324.9511518066,1123723.8223075315
2025-05-05T23:50:00.000+0000,1225129.6660532465,1046324.9511518066,1122553.9372155992
2025-05-06T00:00:00.000+0000,1225049.9658044947,1046324.9511518066,1121180.6612026095
2025-05-06T00:10:00.000+0000,1225025.3054485747,1046324.9511518066,1119650.970713729
2025-05-06T00:20:00.000+0000,1225165.6017216945,1046324.9511518066,1119405.5865211715
2025-05-06T00:30:00.000+0000,1225154.8593624628,1046324.9511518066,1119269.3312770333
2025-05-06T00:40:00.000+0000,1225075.7883699024,1046324.9511518066,1117769.1351570147
2025-05-06T00:50:00.000+0000,1225107.1655280786,1046324.9511518066,1118031.6861275032
2025-05-06T01:00:00.000+0000,1225134.8823968307,1046324.9511518066,1117673.9462208427
2025-05-06T01:10:00.000+0000,1225238.1294330708,1072247.9271670068,1119389.2742915377
